START_TIME,STOP_TIME,PREDICTION,SOURCE,LABELSET,VIDEO_START_TIME,VIDEO_END_TIME
2021-11-07 06:44:08,2021-11-07 06:44:38,Located_Indoors,annotator,Behavioral Parameters,2021-11-07 00:00:00,2021-11-07 00:00:30
2021-11-07 06:44:39,2021-11-07 06:45:18,Located_Indoors,annotator,Behavioral Parameters,2021-11-07 00:00:31,2021-11-07 00:01:10
2021-11-07 06:45:19,2021-11-07 06:45:49,Located_Indoors, Holding_Drink,annotator,Behavioral Parameters,2021-11-07 00:01:11,2021-11-07 00:01:41
2021-11-07 06:45:50,2021-11-07 06:46:09,Located_Indoors,annotator,Behavioral Parameters,2021-11-07 00:01:42,2021-11-07 00:02:01
2021-11-07 06:46:10,2021-11-07 06:49:32,Located_Indoors, Texting/Browsing_Phone,annotator,Behavioral Parameters,2021-11-07 00:02:02,2021-11-07 00:05:24
2021-11-07 06:49:38,2021-11-07 06:50:36,Located_Indoors,annotator,Behavioral Parameters,2021-11-07 00:05:30,2021-11-07 00:06:28
2021-11-07 06:50:37,2021-11-07 06:50:46,Located_Indoors,annotator,Behavioral Parameters,2021-11-07 00:06:29,2021-11-07 00:06:38
2021-11-07 06:50:47,2021-11-07 06:51:07,Located_Indoors,annotator,Behavioral Parameters,2021-11-07 00:06:39,2021-11-07 00:06:59
2021-11-07 06:51:09,2021-11-07 06:52:23,Located_Indoors, Texting/Browsing_Phone,annotator,Behavioral Parameters,2021-11-07 00:07:01,2021-11-07 00:08:15
2021-11-07 06:52:24,2021-11-07 06:53:49,Located_Indoors,annotator,Behavioral Parameters,2021-11-07 00:08:16,2021-11-07 00:09:41
2021-11-07 06:53:49,2021-11-07 06:54:01,Located_Indoors,annotator,Behavioral Parameters,2021-11-07 00:09:41,2021-11-07 00:09:53
2021-11-07 06:54:02,2021-11-07 06:54:14,Located_Indoors,annotator,Behavioral Parameters,2021-11-07 00:09:54,2021-11-07 00:10:06
2021-11-07 06:54:15,2021-11-07 07:00:26,Located_Outdoors,annotator,Behavioral Parameters,2021-11-07 00:10:07,2021-11-07 00:16:18
2021-11-07 07:00:27,2021-11-07 07:00:35,Located_Outdoors,annotator,Behavioral Parameters,2021-11-07 00:16:19,2021-11-07 00:16:27
2021-11-07 07:00:36,2021-11-07 07:00:57,Located_Indoors,annotator,Behavioral Parameters,2021-11-07 00:16:28,2021-11-07 00:16:49
2021-11-07 07:00:58,2021-11-07 07:01:41,Located_Indoors,annotator,Behavioral Parameters,2021-11-07 00:16:50,2021-11-07 00:17:33
2021-11-07 07:01:41,2021-11-07 07:01:50,Located_Indoors,annotator,Behavioral Parameters,2021-11-07 00:17:33,2021-11-07 00:17:42
2021-11-07 07:01:58,2021-11-07 07:01:59,Located_Indoors,annotator,Behavioral Parameters,2021-11-07 00:17:50,2021-11-07 00:17:51
2021-11-07 07:01:59,2021-11-07 07:02:08,Located_Indoors,annotator,Behavioral Parameters,2021-11-07 00:17:51,2021-11-07 00:18:00
2021-11-07 07:02:09,2021-11-07 07:02:16,Located_Indoors,annotator,Behavioral Parameters,2021-11-07 00:18:01,2021-11-07 00:18:08
2021-11-07 07:02:17,2021-11-07 07:02:34,Located_Indoors,annotator,Behavioral Parameters,2021-11-07 00:18:09,2021-11-07 00:18:26
2021-11-07 07:02:35,2021-11-07 07:03:43,Located_Indoors,annotator,Behavioral Parameters,2021-11-07 00:18:27,2021-11-07 00:19:35
2021-11-07 07:03:45,2021-11-07 07:12:12,Located_Indoors,annotator,Behavioral Parameters,2021-11-07 00:19:37,2021-11-07 00:28:04
2021-11-07 07:12:14,2021-11-07 07:28:53,Located_Indoors, Holding_Solid_Food, Holding_Drink,annotator,Behavioral Parameters,2021-11-07 00:28:06,2021-11-07 00:44:45
2021-11-07 07:28:54,2021-11-07 07:29:10,Located_Indoors,annotator,Behavioral Parameters,2021-11-07 00:44:46,2021-11-07 00:45:02
2021-11-07 07:29:11,2021-11-07 07:29:15,Located_Indoors, Holding_Other_Object_Light,annotator,Behavioral Parameters,2021-11-07 00:45:03,2021-11-07 00:45:07
2021-11-07 07:29:17,2021-11-07 07:35:37,Located_Indoors, Texting/Browsing_Phone,annotator,Behavioral Parameters,2021-11-07 00:45:09,2021-11-07 00:51:29
2021-11-07 07:35:38,2021-11-07 07:35:58,Located_Indoors,annotator,Behavioral Parameters,2021-11-07 00:51:30,2021-11-07 00:51:50
2021-11-07 07:35:58,2021-11-07 07:40:03,Located_Indoors, Texting/Browsing_Phone,annotator,Behavioral Parameters,2021-11-07 00:51:50,2021-11-07 00:55:55
2021-11-07 07:40:05,2021-11-07 07:51:10,Located_Indoors,annotator,Behavioral Parameters,2021-11-07 00:55:57,2021-11-07 01:07:02
2021-11-07 07:51:11,2021-11-07 07:52:33,Located_Indoors,annotator,Behavioral Parameters,2021-11-07 01:07:03,2021-11-07 01:08:25
2021-11-07 07:52:34,2021-11-07 07:53:17,Located_Indoors,annotator,Behavioral Parameters,2021-11-07 01:08:26,2021-11-07 01:09:09
2021-11-07 07:53:18,2021-11-07 07:53:44,Located_Indoors,annotator,Behavioral Parameters,2021-11-07 01:09:10,2021-11-07 01:09:36
2021-11-07 07:53:46,2021-11-07 07:54:33,Located_Indoors,annotator,Behavioral Parameters,2021-11-07 01:09:38,2021-11-07 01:10:25
2021-11-07 07:54:34,2021-11-07 07:54:38,Located_Indoors,annotator,Behavioral Parameters,2021-11-07 01:10:26,2021-11-07 01:10:30
2021-11-07 07:54:38,2021-11-07 07:58:18,Located_Indoors,annotator,Behavioral Parameters,2021-11-07 01:10:30,2021-11-07 01:14:10
2021-11-07 07:58:19,2021-11-07 07:58:30,Located_Indoors, Holding_Drink,annotator,Behavioral Parameters,2021-11-07 01:14:11,2021-11-07 01:14:22
2021-11-07 07:58:32,2021-11-07 07:59:53,Located_Indoors,annotator,Behavioral Parameters,2021-11-07 01:14:24,2021-11-07 01:15:45
2021-11-07 07:59:54,2021-11-07 07:59:59,Located_Indoors, Holding_Other_Object_Light,annotator,Behavioral Parameters,2021-11-07 01:15:46,2021-11-07 01:15:51
2021-11-07 07:59:59,2021-11-07 08:00:05,Located_Indoors, Holding_Other_Object_Light,annotator,Behavioral Parameters,2021-11-07 01:15:51,2021-11-07 01:15:57
2021-11-07 08:00:06,2021-11-07 08:00:12,Located_Indoors, Holding_Other_Object_Light,annotator,Behavioral Parameters,2021-11-07 01:15:58,2021-11-07 01:16:04
2021-11-07 08:00:13,2021-11-07 08:00:17,Located_Indoors,annotator,Behavioral Parameters,2021-11-07 01:16:05,2021-11-07 01:16:09
2021-11-07 08:00:18,2021-11-07 08:00:25,Located_Indoors,annotator,Behavioral Parameters,2021-11-07 01:16:10,2021-11-07 01:16:17
2021-11-07 08:00:26,2021-11-07 08:00:40,Located_Indoors,annotator,Behavioral Parameters,2021-11-07 01:16:18,2021-11-07 01:16:32
2021-11-07 08:00:40,2021-11-07 08:00:47,Located_Indoors, Holding_Other_Object_Light,annotator,Behavioral Parameters,2021-11-07 01:16:32,2021-11-07 01:16:39
2021-11-07 08:00:48,2021-11-07 08:00:53,Located_Indoors, Holding_Other_Object_Light,annotator,Behavioral Parameters,2021-11-07 01:16:40,2021-11-07 01:16:45
2021-11-07 08:00:54,2021-11-07 08:01:14,Located_Indoors, Holding_Other_Object_Light,annotator,Behavioral Parameters,2021-11-07 01:16:46,2021-11-07 01:17:06
2021-11-07 08:01:14,2021-11-07 08:01:24,Located_Indoors, Holding_Other_Object_Light,annotator,Behavioral Parameters,2021-11-07 01:17:06,2021-11-07 01:17:16
2021-11-07 08:01:24,2021-11-07 08:01:35,Located_Indoors, Holding_Other_Object_Light,annotator,Behavioral Parameters,2021-11-07 01:17:16,2021-11-07 01:17:27
2021-11-07 08:01:36,2021-11-07 08:04:12,Located_Indoors,annotator,Behavioral Parameters,2021-11-07 01:17:28,2021-11-07 01:20:04
2021-11-07 08:04:13,2021-11-07 08:04:40,Located_Indoors, Holding_Drink,annotator,Behavioral Parameters,2021-11-07 01:20:05,2021-11-07 01:20:32
2021-11-07 08:04:45,2021-11-07 08:05:51,Located_Indoors,annotator,Behavioral Parameters,2021-11-07 01:20:37,2021-11-07 01:21:43
2021-11-07 08:05:52,2021-11-07 08:06:45,Located_Indoors,annotator,Behavioral Parameters,2021-11-07 01:21:44,2021-11-07 01:22:37
2021-11-07 08:06:47,2021-11-07 08:06:58,Located_Indoors,annotator,Behavioral Parameters,2021-11-07 01:22:39,2021-11-07 01:22:50
2021-11-07 08:06:58,2021-11-07 08:07:42,Located_Indoors,annotator,Behavioral Parameters,2021-11-07 01:22:50,2021-11-07 01:23:34
2021-11-07 08:07:42,2021-11-07 08:07:49,Located_Indoors,annotator,Behavioral Parameters,2021-11-07 01:23:34,2021-11-07 01:23:41
2021-11-07 08:07:51,2021-11-07 08:08:23,Located_Outdoors,annotator,Behavioral Parameters,2021-11-07 01:23:43,2021-11-07 01:24:15
2021-11-07 08:08:27,2021-11-07 08:15:36,Located_Outdoors,annotator,Behavioral Parameters,2021-11-07 01:24:19,2021-11-07 01:31:28
2021-11-07 08:15:38,2021-11-07 08:23:15,BP_VideoUnavailable/Indecipherable,annotator,Behavioral Parameters,2021-11-07 01:31:30,2021-11-07 01:39:07
2021-11-07 08:23:18,2021-11-07 08:23:29,Located_Indoors,annotator,Behavioral Parameters,2021-11-07 01:39:10,2021-11-07 01:39:21
2021-11-07 08:23:31,2021-11-07 08:33:51,Located_Indoors,annotator,Behavioral Parameters,2021-11-07 01:39:23,2021-11-07 01:49:43
2021-11-07 08:33:54,2021-11-07 08:34:07,Located_Indoors,annotator,Behavioral Parameters,2021-11-07 01:49:46,2021-11-07 01:49:59
2021-11-07 08:34:09,2021-11-07 08:51:43,BP_VideoUnavailable/Indecipherable,annotator,Behavioral Parameters,2021-11-07 01:50:01,2021-11-07 02:07:35
2021-11-07 08:51:45,2021-11-07 08:52:07,BP_Other, Located_Outdoors,annotator,Behavioral Parameters,2021-11-07 02:07:37,2021-11-07 02:07:59
2021-11-07 08:52:10,2021-11-07 08:53:23,Located_Outdoors,annotator,Behavioral Parameters,2021-11-07 02:08:02,2021-11-07 02:09:15
2021-11-07 08:53:24,2021-11-07 08:53:59,Located_Outdoors,annotator,Behavioral Parameters,2021-11-07 02:09:16,2021-11-07 02:09:51
2021-11-07 08:54:03,2021-11-07 08:57:20,Located_Outdoors,annotator,Behavioral Parameters,2021-11-07 02:09:55,2021-11-07 02:13:12
2021-11-07 08:57:21,2021-11-07 08:57:45,Located_Outdoors, Carrying_Grocery_Bags_Light,annotator,Behavioral Parameters,2021-11-07 02:13:13,2021-11-07 02:13:37
2021-11-07 08:57:59,2021-11-07 08:58:14,Located_Indoors,annotator,Behavioral Parameters,2021-11-07 02:13:51,2021-11-07 02:14:06
2021-11-07 08:58:15,2021-11-07 08:58:27,Carrying_Grocery_Bags_Light, Located_Outdoors,annotator,Behavioral Parameters,2021-11-07 02:14:07,2021-11-07 02:14:19
2021-11-07 08:58:27,2021-11-07 08:58:33,Located_Indoors,annotator,Behavioral Parameters,2021-11-07 02:14:19,2021-11-07 02:14:25
2021-11-07 08:58:34,2021-11-07 08:58:43,Located_Outdoors,annotator,Behavioral Parameters,2021-11-07 02:14:26,2021-11-07 02:14:35
2021-11-07 08:58:44,2021-11-07 08:58:55,Located_Outdoors, Carrying_Grocery_Bags_Light, Holding_Other_Object_Light,annotator,Behavioral Parameters,2021-11-07 02:14:36,2021-11-07 02:14:47
2021-11-07 08:58:55,2021-11-07 08:59:02,Located_Indoors, Carrying_Grocery_Bags_Light, Holding_Other_Object_Light,annotator,Behavioral Parameters,2021-11-07 02:14:47,2021-11-07 02:14:54
2021-11-07 08:59:02,2021-11-07 08:59:06,Located_Indoors,annotator,Behavioral Parameters,2021-11-07 02:14:54,2021-11-07 02:14:58
2021-11-07 08:59:07,2021-11-07 08:59:15,Located_Outdoors,annotator,Behavioral Parameters,2021-11-07 02:14:59,2021-11-07 02:15:07
2021-11-07 08:59:16,2021-11-07 08:59:40,Located_Outdoors, Carrying_Grocery_Bags_Light,annotator,Behavioral Parameters,2021-11-07 02:15:08,2021-11-07 02:15:32
2021-11-07 08:59:43,2021-11-07 08:59:49,Carrying_Grocery_Bags_Light, Located_Indoors,annotator,Behavioral Parameters,2021-11-07 02:15:35,2021-11-07 02:15:41
2021-11-07 08:59:50,2021-11-07 08:59:53,Located_Indoors,annotator,Behavioral Parameters,2021-11-07 02:15:42,2021-11-07 02:15:45
2021-11-07 08:59:53,2021-11-07 09:00:24,Located_Outdoors,annotator,Behavioral Parameters,2021-11-07 02:15:45,2021-11-07 02:16:16
2021-11-07 09:00:25,2021-11-07 09:00:57,Located_Outdoors,annotator,Behavioral Parameters,2021-11-07 02:16:17,2021-11-07 02:16:49
2021-11-07 09:00:58,2021-11-07 09:01:57,Located_Outdoors,annotator,Behavioral Parameters,2021-11-07 02:16:50,2021-11-07 02:17:49
2021-11-07 09:01:57,2021-11-07 09:02:05,Located_Indoors,annotator,Behavioral Parameters,2021-11-07 02:17:49,2021-11-07 02:17:57
2021-11-07 09:02:06,2021-11-07 09:02:41,Located_Indoors,annotator,Behavioral Parameters,2021-11-07 02:17:58,2021-11-07 02:18:33
2021-11-07 09:02:42,2021-11-07 09:02:53,Located_Indoors,annotator,Behavioral Parameters,2021-11-07 02:18:34,2021-11-07 02:18:45
2021-11-07 09:02:54,2021-11-07 09:03:05,Located_Indoors, Carrying_Grocery_Bags_Light,annotator,Behavioral Parameters,2021-11-07 02:18:46,2021-11-07 02:18:57
2021-11-07 09:03:06,2021-11-07 09:03:14,Located_Indoors,annotator,Behavioral Parameters,2021-11-07 02:18:58,2021-11-07 02:19:06
2021-11-07 09:03:14,2021-11-07 09:03:27,Located_Indoors,annotator,Behavioral Parameters,2021-11-07 02:19:06,2021-11-07 02:19:19
2021-11-07 09:03:29,2021-11-07 09:03:41,Located_Indoors, Carrying_Grocery_Bags_Light,annotator,Behavioral Parameters,2021-11-07 02:19:21,2021-11-07 02:19:33
2021-11-07 09:03:42,2021-11-07 09:03:52,Located_Indoors,annotator,Behavioral Parameters,2021-11-07 02:19:34,2021-11-07 02:19:44
2021-11-07 09:03:52,2021-11-07 09:04:00,Located_Indoors,annotator,Behavioral Parameters,2021-11-07 02:19:44,2021-11-07 02:19:52
2021-11-07 09:04:02,2021-11-07 09:04:14,Located_Indoors, Carrying_Grocery_Bags_Light,annotator,Behavioral Parameters,2021-11-07 02:19:54,2021-11-07 02:20:06
2021-11-07 09:04:15,2021-11-07 09:04:24,Located_Indoors,annotator,Behavioral Parameters,2021-11-07 02:20:07,2021-11-07 02:20:16
2021-11-07 09:04:25,2021-11-07 09:04:32,Located_Indoors,annotator,Behavioral Parameters,2021-11-07 02:20:17,2021-11-07 02:20:24
2021-11-07 09:04:34,2021-11-07 09:04:47,Located_Indoors, Carrying_Grocery_Bags_Light,annotator,Behavioral Parameters,2021-11-07 02:20:26,2021-11-07 02:20:39
2021-11-07 09:04:48,2021-11-07 09:05:17,Located_Indoors,annotator,Behavioral Parameters,2021-11-07 02:20:40,2021-11-07 02:21:09
2021-11-07 09:05:18,2021-11-07 09:05:21,Located_Indoors,annotator,Behavioral Parameters,2021-11-07 02:21:10,2021-11-07 02:21:13
2021-11-07 09:05:22,2021-11-07 09:05:25,Located_Indoors,annotator,Behavioral Parameters,2021-11-07 02:21:14,2021-11-07 02:21:17
2021-11-07 09:05:26,2021-11-07 09:06:03,Located_Indoors,annotator,Behavioral Parameters,2021-11-07 02:21:18,2021-11-07 02:21:55
2021-11-07 09:06:04,2021-11-07 09:06:59,Located_Indoors,annotator,Behavioral Parameters,2021-11-07 02:21:56,2021-11-07 02:22:51
2021-11-07 09:07:00,2021-11-07 09:07:34,Located_Indoors, Texting/Browsing_Phone,annotator,Behavioral Parameters,2021-11-07 02:22:52,2021-11-07 02:23:26
2021-11-07 09:07:35,2021-11-07 09:09:26,Located_Indoors,annotator,Behavioral Parameters,2021-11-07 02:23:27,2021-11-07 02:25:18
2021-11-07 09:09:27,2021-11-07 09:31:44,Located_Indoors,annotator,Behavioral Parameters,2021-11-07 02:25:19,2021-11-07 02:47:36
2021-11-07 09:31:46,2021-11-07 09:33:11,Located_Indoors,annotator,Behavioral Parameters,2021-11-07 02:47:38,2021-11-07 02:49:03
2021-11-07 09:33:13,2021-11-07 09:33:47,Located_Indoors,annotator,Behavioral Parameters,2021-11-07 02:49:05,2021-11-07 02:49:39
2021-11-07 09:33:47,2021-11-07 09:36:01,Located_Indoors,annotator,Behavioral Parameters,2021-11-07 02:49:39,2021-11-07 02:51:53
2021-11-07 09:36:03,2021-11-07 09:36:21,Located_Indoors,annotator,Behavioral Parameters,2021-11-07 02:51:55,2021-11-07 02:52:13
2021-11-07 09:36:22,2021-11-07 09:38:50,Located_Indoors,annotator,Behavioral Parameters,2021-11-07 02:52:14,2021-11-07 02:54:42
2021-11-07 09:38:51,2021-11-07 09:39:45,Located_Indoors,annotator,Behavioral Parameters,2021-11-07 02:54:43,2021-11-07 02:55:37
2021-11-07 09:39:47,2021-11-07 09:42:32,Located_Indoors,annotator,Behavioral Parameters,2021-11-07 02:55:39,2021-11-07 02:58:24
2021-11-07 09:42:35,2021-11-07 09:54:41,Located_Indoors,annotator,Behavioral Parameters,2021-11-07 02:58:27,2021-11-07 03:10:33
2021-11-07 09:54:43,2021-11-07 09:57:47,Located_Indoors, Texting/Browsing_Phone,annotator,Behavioral Parameters,2021-11-07 03:10:35,2021-11-07 03:13:39
2021-11-07 09:57:47,2021-11-07 09:57:57,Located_Indoors,annotator,Behavioral Parameters,2021-11-07 03:13:39,2021-11-07 03:13:49
2021-11-07 09:57:59,2021-11-07 10:06:40,Located_Indoors,annotator,Behavioral Parameters,2021-11-07 03:13:51,2021-11-07 03:22:32
2021-11-07 10:06:41,2021-11-07 10:07:15,Located_Indoors,annotator,Behavioral Parameters,2021-11-07 03:22:33,2021-11-07 03:23:07
2021-11-07 10:07:17,2021-11-07 10:08:16,Located_Indoors,annotator,Behavioral Parameters,2021-11-07 03:23:09,2021-11-07 03:24:08
2021-11-07 10:08:18,2021-11-07 10:08:28,Holding_Drink, Located_Indoors,annotator,Behavioral Parameters,2021-11-07 03:24:10,2021-11-07 03:24:20
2021-11-07 10:08:30,2021-11-07 10:57:16,Located_Indoors,annotator,Behavioral Parameters,2021-11-07 03:24:22,2021-11-07 04:13:08
2021-11-07 10:57:18,2021-11-07 10:57:41,Located_Indoors, Holding_Drink,annotator,Behavioral Parameters,2021-11-07 04:13:10,2021-11-07 04:13:33
2021-11-07 10:57:43,2021-11-07 10:57:51,Located_Indoors, Holding_Drink,annotator,Behavioral Parameters,2021-11-07 04:13:35,2021-11-07 04:13:43
2021-11-07 10:57:53,2021-11-07 10:59:23,Located_Indoors,annotator,Behavioral Parameters,2021-11-07 04:13:45,2021-11-07 04:15:15
2021-11-07 10:59:25,2021-11-07 11:23:28,Located_Indoors,annotator,Behavioral Parameters,2021-11-07 04:15:17,2021-11-07 04:39:20
2021-11-07 11:23:30,2021-11-07 11:25:34,Located_Indoors,annotator,Behavioral Parameters,2021-11-07 04:39:22,2021-11-07 04:41:26
2021-11-07 11:25:36,2021-11-07 11:36:43,Located_Indoors,annotator,Behavioral Parameters,2021-11-07 04:41:28,2021-11-07 04:52:35
2021-11-07 11:36:44,2021-11-07 11:37:05,Located_Indoors,annotator,Behavioral Parameters,2021-11-07 04:52:36,2021-11-07 04:52:57
2021-11-07 11:37:06,2021-11-07 11:39:48,Located_Indoors,annotator,Behavioral Parameters,2021-11-07 04:52:58,2021-11-07 04:55:40
2021-11-07 11:39:49,2021-11-07 11:40:22,Located_Indoors,annotator,Behavioral Parameters,2021-11-07 04:55:41,2021-11-07 04:56:14
2021-11-07 11:40:23,2021-11-07 11:40:29,Located_Indoors,annotator,Behavioral Parameters,2021-11-07 04:56:15,2021-11-07 04:56:21
2021-11-07 11:40:37,2021-11-07 11:40:46,Located_Indoors,annotator,Behavioral Parameters,2021-11-07 04:56:29,2021-11-07 04:56:38
2021-11-07 11:40:46,2021-11-07 11:40:57,Located_Indoors, Holding_Other_Object_Light,annotator,Behavioral Parameters,2021-11-07 04:56:38,2021-11-07 04:56:49
2021-11-07 11:40:59,2021-11-07 11:41:48,Located_Indoors,annotator,Behavioral Parameters,2021-11-07 04:56:51,2021-11-07 04:57:40
2021-11-07 11:41:49,2021-11-07 11:42:07,Located_Indoors,annotator,Behavioral Parameters,2021-11-07 04:57:41,2021-11-07 04:57:59
2021-11-07 11:42:09,2021-11-07 11:42:18,Located_Indoors,annotator,Behavioral Parameters,2021-11-07 04:58:01,2021-11-07 04:58:10
2021-11-07 11:42:19,2021-11-07 11:44:43,Located_Indoors,annotator,Behavioral Parameters,2021-11-07 04:58:11,2021-11-07 05:00:35
2021-11-07 11:44:44,2021-11-07 11:45:35,Located_Indoors,annotator,Behavioral Parameters,2021-11-07 05:00:36,2021-11-07 05:01:27
2021-11-07 11:45:36,2021-11-07 11:58:41,Located_Indoors, Holding_Solid_Food,annotator,Behavioral Parameters,2021-11-07 05:01:28,2021-11-07 05:14:33
2021-11-07 11:58:43,2021-11-07 11:59:21,Located_Indoors,annotator,Behavioral Parameters,2021-11-07 05:14:35,2021-11-07 05:15:13
2021-11-07 11:59:22,2021-11-07 12:05:40,Located_Indoors,annotator,Behavioral Parameters,2021-11-07 05:15:14,2021-11-07 05:21:32
2021-11-07 12:05:43,2021-11-07 12:09:59,Located_Indoors,annotator,Behavioral Parameters,2021-11-07 05:21:35,2021-11-07 05:25:51
2021-11-07 12:10:00,2021-11-07 12:10:30,Located_Indoors,annotator,Behavioral Parameters,2021-11-07 05:25:52,2021-11-07 05:26:22
2021-11-07 12:10:32,2021-11-07 12:10:51,Located_Indoors,annotator,Behavioral Parameters,2021-11-07 05:26:24,2021-11-07 05:26:43
2021-11-07 12:10:52,2021-11-07 12:31:02,Located_Indoors,annotator,Behavioral Parameters,2021-11-07 05:26:44,2021-11-07 05:46:54
2021-11-07 12:31:05,2021-11-07 12:32:40,Located_Indoors,annotator,Behavioral Parameters,2021-11-07 05:46:57,2021-11-07 05:48:32
2021-11-07 12:32:42,2021-11-07 12:33:18,Located_Indoors,annotator,Behavioral Parameters,2021-11-07 05:48:34,2021-11-07 05:49:10
2021-11-07 12:33:19,2021-11-07 12:33:54,Located_Indoors,annotator,Behavioral Parameters,2021-11-07 05:49:11,2021-11-07 05:49:46
2021-11-07 12:33:55,2021-11-07 12:36:58,Located_Indoors,annotator,Behavioral Parameters,2021-11-07 05:49:47,2021-11-07 05:52:50
2021-11-07 12:36:58,2021-11-07 12:37:17,Located_Indoors, Browsing_Computer, Legs_Uncrossed,annotator,Behavioral Parameters,2021-11-07 05:52:50,2021-11-07 05:53:09
2021-11-07 12:37:17,2021-11-07 12:40:22,BP_VideoUnavailable/Indecipherable, Located_Indoors,annotator,Behavioral Parameters,2021-11-07 05:53:09,2021-11-07 05:56:14
2021-11-07 12:40:24,2021-11-07 13:06:14,Located_Indoors, Browsing_Computer, Legs_Uncrossed,annotator,Behavioral Parameters,2021-11-07 05:56:16,2021-11-07 06:22:06
2021-11-07 13:06:16,2021-11-07 13:10:02,Located_Indoors, BP_VideoUnavailable/Indecipherable,annotator,Behavioral Parameters,2021-11-07 06:22:08,2021-11-07 06:25:54
2021-11-07 13:10:05,2021-11-07 13:10:29,Located_Indoors, Texting/Browsing_Phone,annotator,Behavioral Parameters,2021-11-07 06:25:57,2021-11-07 06:26:21
2021-11-07 13:10:30,2021-11-07 13:13:48,Located_Indoors, Texting/Browsing_Phone,annotator,Behavioral Parameters,2021-11-07 06:26:22,2021-11-07 06:29:40
2021-11-07 13:13:49,2021-11-07 13:13:51,Located_Indoors,annotator,Behavioral Parameters,2021-11-07 06:29:41,2021-11-07 06:29:43
2021-11-07 13:13:52,2021-11-07 13:15:06,Located_Indoors, Browsing_Computer,annotator,Behavioral Parameters,2021-11-07 06:29:44,2021-11-07 06:30:58
2021-11-07 13:15:07,2021-11-07 13:16:12,Located_Indoors, Browsing_Computer, Typing_Computer,annotator,Behavioral Parameters,2021-11-07 06:30:59,2021-11-07 06:32:04
2021-11-07 13:16:13,2021-11-07 13:37:49,Browsing_Computer, Located_Indoors,annotator,Behavioral Parameters,2021-11-07 06:32:05,2021-11-07 06:53:41
2021-11-07 13:37:50,2021-11-07 13:39:24,Browsing_Computer, Located_Indoors, Typing_Computer,annotator,Behavioral Parameters,2021-11-07 06:53:42,2021-11-07 06:55:16
2021-11-07 13:39:26,2021-11-07 14:11:08,Browsing_Computer, Located_Indoors,annotator,Behavioral Parameters,2021-11-07 06:55:18,2021-11-07 07:27:00
2021-11-07 14:11:09,2021-11-07 14:11:35,Browsing_Computer, Located_Indoors, Typing_Computer,annotator,Behavioral Parameters,2021-11-07 07:27:01,2021-11-07 07:27:27
2021-11-07 14:11:36,2021-11-07 14:13:29,Browsing_Computer, Located_Indoors,annotator,Behavioral Parameters,2021-11-07 07:27:28,2021-11-07 07:29:21
2021-11-07 14:13:31,2021-11-07 14:14:27,Browsing_Computer, Located_Indoors, Typing_Computer,annotator,Behavioral Parameters,2021-11-07 07:29:23,2021-11-07 07:30:19
2021-11-07 14:14:29,2021-11-07 14:20:15,Browsing_Computer, Located_Indoors,annotator,Behavioral Parameters,2021-11-07 07:30:21,2021-11-07 07:36:07
2021-11-07 14:20:16,2021-11-07 14:21:28,Browsing_Computer, Located_Indoors, Typing_Computer,annotator,Behavioral Parameters,2021-11-07 07:36:08,2021-11-07 07:37:20
2021-11-07 14:21:31,2021-11-07 14:24:11,Browsing_Computer, Located_Indoors, Typing_Computer,annotator,Behavioral Parameters,2021-11-07 07:37:23,2021-11-07 07:40:03
2021-11-07 14:24:14,2021-11-07 14:25:25,Located_Indoors,annotator,Behavioral Parameters,2021-11-07 07:40:06,2021-11-07 07:41:17
2021-11-07 14:25:27,2021-11-07 14:38:02,Located_Indoors, Browsing_Computer, Legs_Uncrossed,annotator,Behavioral Parameters,2021-11-07 07:41:19,2021-11-07 07:53:54
2021-11-07 14:38:05,2021-11-07 14:38:26,Located_Indoors,annotator,Behavioral Parameters,2021-11-07 07:53:57,2021-11-07 07:54:18
2021-11-07 14:38:27,2021-11-07 14:40:15,Located_Indoors,annotator,Behavioral Parameters,2021-11-07 07:54:19,2021-11-07 07:56:07
2021-11-07 14:40:16,2021-11-07 14:40:33,Located_Indoors,annotator,Behavioral Parameters,2021-11-07 07:56:08,2021-11-07 07:56:25
2021-11-07 14:40:33,2021-11-07 14:42:46,Located_Indoors,annotator,Behavioral Parameters,2021-11-07 07:56:25,2021-11-07 07:58:38
2021-11-07 14:42:48,2021-11-07 14:43:54,Located_Indoors,annotator,Behavioral Parameters,2021-11-07 07:58:40,2021-11-07 07:59:46
2021-11-07 14:43:55,2021-11-07 14:46:58,Located_Indoors, Holding_Solid_Food,annotator,Behavioral Parameters,2021-11-07 07:59:47,2021-11-07 08:02:50
2021-11-07 14:47:00,2021-11-07 14:47:32,Located_Indoors,annotator,Behavioral Parameters,2021-11-07 08:02:52,2021-11-07 08:03:24
2021-11-07 14:47:34,2021-11-07 14:48:12,Located_Indoors, Holding_Solid_Food,annotator,Behavioral Parameters,2021-11-07 08:03:26,2021-11-07 08:04:04
2021-11-07 14:48:13,2021-11-07 14:50:05,Located_Indoors,annotator,Behavioral Parameters,2021-11-07 08:04:05,2021-11-07 08:05:57
2021-11-07 14:50:06,2021-11-07 14:51:04,Located_Indoors,annotator,Behavioral Parameters,2021-11-07 08:05:58,2021-11-07 08:06:56
2021-11-07 14:51:04,2021-11-07 14:51:18,Located_Indoors,annotator,Behavioral Parameters,2021-11-07 08:06:56,2021-11-07 08:07:10
2021-11-07 14:51:18,2021-11-07 14:51:27,Located_Indoors,annotator,Behavioral Parameters,2021-11-07 08:07:10,2021-11-07 08:07:19
2021-11-07 14:51:29,2021-11-07 14:58:39,Located_Indoors, Browsing_Computer, Legs_Uncrossed,annotator,Behavioral Parameters,2021-11-07 08:07:21,2021-11-07 08:14:31
2021-11-07 14:58:40,2021-11-07 14:59:37,Located_Indoors, Browsing_Computer, Legs_Uncrossed, Typing_Computer,annotator,Behavioral Parameters,2021-11-07 08:14:32,2021-11-07 08:15:29
2021-11-07 14:59:38,2021-11-07 15:02:46,Located_Indoors, Browsing_Computer, Legs_Uncrossed,annotator,Behavioral Parameters,2021-11-07 08:15:30,2021-11-07 08:18:38
2021-11-07 15:02:47,2021-11-07 15:03:55,Located_Indoors, Legs_Uncrossed, Texting/Browsing_Phone,annotator,Behavioral Parameters,2021-11-07 08:18:39,2021-11-07 08:19:47
2021-11-07 15:03:57,2021-11-07 15:17:15,Located_Indoors, Legs_Uncrossed, Browsing_Computer,annotator,Behavioral Parameters,2021-11-07 08:19:49,2021-11-07 08:33:07
2021-11-07 15:17:17,2021-11-07 15:18:58,Located_Indoors, Legs_Uncrossed, Browsing_Computer, Typing_Computer,annotator,Behavioral Parameters,2021-11-07 08:33:09,2021-11-07 08:34:50
2021-11-07 15:18:59,2021-11-07 15:34:46,Located_Indoors, Legs_Uncrossed, Browsing_Computer,annotator,Behavioral Parameters,2021-11-07 08:34:51,2021-11-07 08:50:38
2021-11-07 15:34:48,2021-11-07 15:36:18,Located_Indoors, Legs_Uncrossed, Browsing_Computer, Typing_Computer,annotator,Behavioral Parameters,2021-11-07 08:50:40,2021-11-07 08:52:10
2021-11-07 15:36:19,2021-11-07 15:39:09,Located_Indoors, Legs_Uncrossed, Browsing_Computer,annotator,Behavioral Parameters,2021-11-07 08:52:11,2021-11-07 08:55:01
2021-11-07 15:39:10,2021-11-07 15:42:10,Located_Indoors,annotator,Behavioral Parameters,2021-11-07 08:55:02,2021-11-07 08:58:02
2021-11-07 15:42:12,2021-11-07 16:00:42,Located_Indoors, Browsing_Computer, Legs_Uncrossed,annotator,Behavioral Parameters,2021-11-07 08:58:04,2021-11-07 09:16:34
2021-11-07 16:00:44,2021-11-07 16:01:32,Located_Indoors,annotator,Behavioral Parameters,2021-11-07 09:16:36,2021-11-07 09:17:24
2021-11-07 16:01:34,2021-11-07 16:02:17,Located_Indoors, Holding_Other_Object_Light,annotator,Behavioral Parameters,2021-11-07 09:17:26,2021-11-07 09:18:09
2021-11-07 16:02:18,2021-11-07 16:04:06,Located_Indoors,annotator,Behavioral Parameters,2021-11-07 09:18:10,2021-11-07 09:19:58
2021-11-07 16:04:07,2021-11-07 16:10:33,Located_Indoors,annotator,Behavioral Parameters,2021-11-07 09:19:59,2021-11-07 09:26:25
2021-11-07 16:10:33,2021-11-07 16:10:40,Located_Indoors,annotator,Behavioral Parameters,2021-11-07 09:26:25,2021-11-07 09:26:32
2021-11-07 16:10:40,2021-11-07 16:11:09,Located_Indoors,annotator,Behavioral Parameters,2021-11-07 09:26:32,2021-11-07 09:27:01
2021-11-07 16:11:11,2021-11-07 16:11:17,Located_Indoors,annotator,Behavioral Parameters,2021-11-07 09:27:03,2021-11-07 09:27:09
2021-11-07 16:11:18,2021-11-07 16:11:35,Located_Indoors,annotator,Behavioral Parameters,2021-11-07 09:27:10,2021-11-07 09:27:27
2021-11-07 16:11:36,2021-11-07 16:11:41,Located_Indoors,annotator,Behavioral Parameters,2021-11-07 09:27:28,2021-11-07 09:27:33
2021-11-07 16:11:50,2021-11-07 16:11:51,Located_Indoors,annotator,Behavioral Parameters,2021-11-07 09:27:42,2021-11-07 09:27:43
2021-11-07 16:11:52,2021-11-07 16:11:57,Located_Indoors,annotator,Behavioral Parameters,2021-11-07 09:27:44,2021-11-07 09:27:49
2021-11-07 16:12:01,2021-11-07 16:12:37,Located_Indoors,annotator,Behavioral Parameters,2021-11-07 09:27:53,2021-11-07 09:28:29
2021-11-07 16:12:39,2021-11-07 16:12:53,Located_Indoors, Texting/Browsing_Phone,annotator,Behavioral Parameters,2021-11-07 09:28:31,2021-11-07 09:28:45
2021-11-07 16:12:55,2021-11-07 16:13:01,Located_Indoors,annotator,Behavioral Parameters,2021-11-07 09:28:47,2021-11-07 09:28:53
2021-11-07 16:13:03,2021-11-07 16:13:59,Located_Indoors,annotator,Behavioral Parameters,2021-11-07 09:28:55,2021-11-07 09:29:51
2021-11-07 16:14:01,2021-11-07 16:14:53,Located_Indoors,annotator,Behavioral Parameters,2021-11-07 09:29:53,2021-11-07 09:30:45
2021-11-07 16:14:54,2021-11-07 16:15:26,Located_Indoors,annotator,Behavioral Parameters,2021-11-07 09:30:46,2021-11-07 09:31:18
2021-11-07 16:15:26,2021-11-07 16:19:35,Located_Indoors,annotator,Behavioral Parameters,2021-11-07 09:31:18,2021-11-07 09:35:27
2021-11-07 16:19:37,2021-11-07 16:20:13,Located_Indoors, Texting/Browsing_Phone,annotator,Behavioral Parameters,2021-11-07 09:35:29,2021-11-07 09:36:05
2021-11-07 16:20:14,2021-11-07 16:20:47,Located_Indoors,annotator,Behavioral Parameters,2021-11-07 09:36:06,2021-11-07 09:36:39
2021-11-07 16:20:48,2021-11-07 16:20:58,Located_Indoors,annotator,Behavioral Parameters,2021-11-07 09:36:40,2021-11-07 09:36:50
2021-11-07 16:20:59,2021-11-07 16:43:08,Located_Outdoors,annotator,Behavioral Parameters,2021-11-07 09:36:51,2021-11-07 09:59:00
2021-11-07 16:43:09,2021-11-07 16:43:20,Located_Indoors,annotator,Behavioral Parameters,2021-11-07 09:59:01,2021-11-07 09:59:12
2021-11-07 16:43:21,2021-11-07 16:44:37,Located_Indoors,annotator,Behavioral Parameters,2021-11-07 09:59:13,2021-11-07 10:00:29
2021-11-07 16:44:39,2021-11-07 16:45:30,Located_Indoors,annotator,Behavioral Parameters,2021-11-07 10:00:31,2021-11-07 10:01:22
2021-11-07 16:45:32,2021-11-07 16:45:37,Located_Indoors,annotator,Behavioral Parameters,2021-11-07 10:01:24,2021-11-07 10:01:29
2021-11-07 16:45:37,2021-11-07 16:45:47,Located_Indoors,annotator,Behavioral Parameters,2021-11-07 10:01:29,2021-11-07 10:01:39
2021-11-07 16:45:47,2021-11-07 16:46:18,Located_Indoors,annotator,Behavioral Parameters,2021-11-07 10:01:39,2021-11-07 10:02:10
2021-11-07 16:46:18,2021-11-07 16:46:58,Located_Indoors,annotator,Behavioral Parameters,2021-11-07 10:02:10,2021-11-07 10:02:50
2021-11-07 16:46:59,2021-11-07 16:47:19,Located_Indoors,annotator,Behavioral Parameters,2021-11-07 10:02:51,2021-11-07 10:03:11
2021-11-07 16:47:20,2021-11-07 16:48:27,Located_Indoors,annotator,Behavioral Parameters,2021-11-07 10:03:12,2021-11-07 10:04:19
2021-11-07 16:48:28,2021-11-07 16:50:47,Located_Indoors,annotator,Behavioral Parameters,2021-11-07 10:04:20,2021-11-07 10:06:39
2021-11-07 16:50:47,2021-11-07 16:51:10,Located_Indoors,annotator,Behavioral Parameters,2021-11-07 10:06:39,2021-11-07 10:07:02
2021-11-07 16:51:11,2021-11-07 16:51:27,Located_Indoors,annotator,Behavioral Parameters,2021-11-07 10:07:03,2021-11-07 10:07:19
2021-11-07 16:51:28,2021-11-07 16:52:28,Located_Indoors,annotator,Behavioral Parameters,2021-11-07 10:07:20,2021-11-07 10:08:20
2021-11-07 16:52:30,2021-11-07 16:53:53,Located_Indoors,annotator,Behavioral Parameters,2021-11-07 10:08:22,2021-11-07 10:09:45
2021-11-07 16:53:54,2021-11-07 16:55:50,Located_Indoors,annotator,Behavioral Parameters,2021-11-07 10:09:46,2021-11-07 10:11:42
2021-11-07 16:55:52,2021-11-07 16:56:05,Located_Indoors,annotator,Behavioral Parameters,2021-11-07 10:11:44,2021-11-07 10:11:57
2021-11-07 16:56:07,2021-11-07 16:57:36,Located_Indoors, Browsing_Computer, Legs_Uncrossed,annotator,Behavioral Parameters,2021-11-07 10:11:59,2021-11-07 10:13:28
2021-11-07 16:57:37,2021-11-07 16:58:02,Located_Indoors, Browsing_Computer, Legs_Uncrossed, Typing_Computer,annotator,Behavioral Parameters,2021-11-07 10:13:29,2021-11-07 10:13:54
2021-11-07 16:58:03,2021-11-07 17:02:31,Located_Indoors, Browsing_Computer, Legs_Uncrossed,annotator,Behavioral Parameters,2021-11-07 10:13:55,2021-11-07 10:18:23
2021-11-07 17:02:32,2021-11-07 17:35:57,Located_Indoors, Legs_Uncrossed, In_Conversation, Browsing_Computer,annotator,Behavioral Parameters,2021-11-07 10:18:24,2021-11-07 10:51:49
2021-11-07 17:36:00,2021-11-07 17:37:18,Located_Indoors, Legs_Uncrossed, Browsing_Computer,annotator,Behavioral Parameters,2021-11-07 10:51:52,2021-11-07 10:53:10
2021-11-07 17:37:19,2021-11-07 17:38:44,Located_Indoors, Legs_Uncrossed, Texting/Browsing_Phone,annotator,Behavioral Parameters,2021-11-07 10:53:11,2021-11-07 10:54:36
2021-11-07 17:38:46,2021-11-07 17:39:40,Located_Indoors, Legs_Uncrossed, Browsing_Computer,annotator,Behavioral Parameters,2021-11-07 10:54:38,2021-11-07 10:55:32
2021-11-07 17:39:41,2021-11-07 17:40:14,Located_Indoors, Legs_Uncrossed, Browsing_Computer, Typing_Computer,annotator,Behavioral Parameters,2021-11-07 10:55:33,2021-11-07 10:56:06
2021-11-07 17:40:15,2021-11-07 18:01:08,Located_Indoors, Legs_Uncrossed, Browsing_Computer,annotator,Behavioral Parameters,2021-11-07 10:56:07,2021-11-07 11:17:00
2021-11-07 18:01:09,2021-11-07 18:07:56,Located_Indoors,annotator,Behavioral Parameters,2021-11-07 11:17:01,2021-11-07 11:23:48
2021-11-07 18:07:57,2021-11-07 18:15:21,Located_Indoors, Legs_Uncrossed, Browsing_Computer,annotator,Behavioral Parameters,2021-11-07 11:23:49,2021-11-07 11:31:13
2021-11-07 18:15:22,2021-11-07 18:16:07,Located_Indoors, Legs_Uncrossed,annotator,Behavioral Parameters,2021-11-07 11:31:14,2021-11-07 11:31:59
2021-11-07 18:16:08,2021-11-07 18:16:46,Located_Indoors,annotator,Behavioral Parameters,2021-11-07 11:32:00,2021-11-07 11:32:38
2021-11-07 18:16:48,2021-11-07 18:17:46,Located_Indoors,annotator,Behavioral Parameters,2021-11-07 11:32:40,2021-11-07 11:33:38
2021-11-07 18:17:47,2021-11-07 18:18:12,Located_Indoors,annotator,Behavioral Parameters,2021-11-07 11:33:39,2021-11-07 11:34:04
2021-11-07 18:18:13,2021-11-07 18:18:24,Located_Indoors,annotator,Behavioral Parameters,2021-11-07 11:34:05,2021-11-07 11:34:16
2021-11-07 18:18:26,2021-11-07 18:19:02,Located_Indoors,annotator,Behavioral Parameters,2021-11-07 11:34:18,2021-11-07 11:34:54
2021-11-07 18:19:04,2021-11-07 18:20:03,Located_Indoors,annotator,Behavioral Parameters,2021-11-07 11:34:56,2021-11-07 11:35:55
2021-11-07 18:20:04,2021-11-07 18:20:13,Located_Indoors,annotator,Behavioral Parameters,2021-11-07 11:35:56,2021-11-07 11:36:05
2021-11-07 18:20:18,2021-11-07 18:22:50,Located_Indoors,annotator,Behavioral Parameters,2021-11-07 11:36:10,2021-11-07 11:38:42
2021-11-07 18:22:50,2021-11-07 18:23:00,Located_Indoors, Holding_Drink,annotator,Behavioral Parameters,2021-11-07 11:38:42,2021-11-07 11:38:52
2021-11-07 18:23:14,2021-11-07 18:23:18,Located_Indoors,annotator,Behavioral Parameters,2021-11-07 11:39:06,2021-11-07 11:39:10
2021-11-07 18:23:19,2021-11-07 18:23:34,Located_Indoors,annotator,Behavioral Parameters,2021-11-07 11:39:11,2021-11-07 11:39:26
2021-11-07 18:23:35,2021-11-07 18:23:42,Located_Indoors,annotator,Behavioral Parameters,2021-11-07 11:39:27,2021-11-07 11:39:34
2021-11-07 18:23:43,2021-11-07 18:33:41,Located_Indoors, Browsing_Computer,annotator,Behavioral Parameters,2021-11-07 11:39:35,2021-11-07 11:49:33
2021-11-07 18:33:42,2021-11-07 18:34:26,Located_Indoors,annotator,Behavioral Parameters,2021-11-07 11:49:34,2021-11-07 11:50:18
2021-11-07 18:34:28,2021-11-07 18:34:44,Located_Indoors,annotator,Behavioral Parameters,2021-11-07 11:50:20,2021-11-07 11:50:36
2021-11-07 18:34:44,2021-11-07 18:35:06,Located_Indoors,annotator,Behavioral Parameters,2021-11-07 11:50:36,2021-11-07 11:50:58
2021-11-07 18:35:07,2021-11-07 18:35:13,Located_Indoors,annotator,Behavioral Parameters,2021-11-07 11:50:59,2021-11-07 11:51:05
2021-11-07 18:35:13,2021-11-07 18:39:13,Located_Outdoors,annotator,Behavioral Parameters,2021-11-07 11:51:05,2021-11-07 11:55:05
2021-11-07 18:39:14,2021-11-07 18:52:51,BP_VideoUnavailable/Indecipherable,annotator,Behavioral Parameters,2021-11-07 11:55:06,2021-11-07 12:08:43
2021-11-07 18:52:51,2021-11-07 18:52:55,Located_Indoors,annotator,Behavioral Parameters,2021-11-07 12:08:43,2021-11-07 12:08:47
2021-11-07 18:52:55,2021-11-07 18:53:39,Located_Indoors,annotator,Behavioral Parameters,2021-11-07 12:08:47,2021-11-07 12:09:31
2021-11-07 18:53:39,2021-11-07 18:54:50,Located_Indoors,annotator,Behavioral Parameters,2021-11-07 12:09:31,2021-11-07 12:10:42
2021-11-07 18:54:51,2021-11-07 19:15:17,Located_Indoors,annotator,Behavioral Parameters,2021-11-07 12:10:43,2021-11-07 12:31:09
2021-11-07 19:15:43,2021-11-07 19:42:22,Located_Indoors,annotator,Behavioral Parameters,2021-11-07 12:31:35,2021-11-07 12:58:14
2021-11-07 19:42:23,2021-11-07 19:42:33,Located_Indoors,annotator,Behavioral Parameters,2021-11-07 12:58:15,2021-11-07 12:58:25
2021-11-07 19:42:35,2021-11-07 19:45:02,Located_Indoors, In_Conversation, Legs_Crossed,annotator,Behavioral Parameters,2021-11-07 12:58:27,2021-11-07 13:00:54
2021-11-07 19:45:03,2021-11-07 19:47:40,Located_Indoors, Legs_Crossed, Texting/Browsing_Phone,annotator,Behavioral Parameters,2021-11-07 13:00:55,2021-11-07 13:03:32
2021-11-07 19:47:40,2021-11-07 19:54:07,Located_Indoors, Legs_Crossed,annotator,Behavioral Parameters,2021-11-07 13:03:32,2021-11-07 13:09:59
2021-11-07 19:54:08,2021-11-07 19:57:31,Located_Indoors,annotator,Behavioral Parameters,2021-11-07 13:10:00,2021-11-07 13:13:23
2021-11-07 19:57:32,2021-11-07 20:00:50,Located_Indoors, In_Conversation,annotator,Behavioral Parameters,2021-11-07 13:13:24,2021-11-07 13:16:42
2021-11-07 20:00:53,2021-11-07 20:01:18,Located_Indoors,annotator,Behavioral Parameters,2021-11-07 13:16:45,2021-11-07 13:17:10
2021-11-07 20:01:18,2021-11-07 20:02:38,Located_Indoors,annotator,Behavioral Parameters,2021-11-07 13:17:10,2021-11-07 13:18:30
2021-11-07 20:02:38,2021-11-07 20:03:03,Located_Indoors,annotator,Behavioral Parameters,2021-11-07 13:18:30,2021-11-07 13:18:55
2021-11-07 20:03:05,2021-11-07 20:03:14,Located_Indoors,annotator,Behavioral Parameters,2021-11-07 13:18:57,2021-11-07 13:19:06
2021-11-07 20:03:14,2021-11-07 20:04:18,Located_Indoors,annotator,Behavioral Parameters,2021-11-07 13:19:06,2021-11-07 13:20:10
2021-11-07 20:04:18,2021-11-07 20:04:38,Located_Indoors,annotator,Behavioral Parameters,2021-11-07 13:20:10,2021-11-07 13:20:30
2021-11-07 20:04:39,2021-11-07 20:06:54,Located_Indoors,annotator,Behavioral Parameters,2021-11-07 13:20:31,2021-11-07 13:22:46
2021-11-07 20:06:54,2021-11-07 20:07:02,Located_Indoors,annotator,Behavioral Parameters,2021-11-07 13:22:46,2021-11-07 13:22:54
2021-11-07 20:07:02,2021-11-07 20:07:25,Located_Indoors,annotator,Behavioral Parameters,2021-11-07 13:22:54,2021-11-07 13:23:17
2021-11-07 20:07:25,2021-11-07 20:07:34,Located_Indoors,annotator,Behavioral Parameters,2021-11-07 13:23:17,2021-11-07 13:23:26
2021-11-07 20:07:34,2021-11-07 20:13:37,Located_Indoors, In_Conversation,annotator,Behavioral Parameters,2021-11-07 13:23:26,2021-11-07 13:29:29
2021-11-07 20:13:40,2021-11-07 20:21:20,Located_Indoors, In_Conversation, Legs_Crossed, Holding_Drink,annotator,Behavioral Parameters,2021-11-07 13:29:32,2021-11-07 13:37:12
2021-11-07 20:21:22,2021-11-07 20:25:14,Located_Indoors, In_Conversation, Legs_Crossed,annotator,Behavioral Parameters,2021-11-07 13:37:14,2021-11-07 13:41:06
2021-11-07 20:25:14,2021-11-07 20:25:19,Located_Indoors,annotator,Behavioral Parameters,2021-11-07 13:41:06,2021-11-07 13:41:11
2021-11-07 20:25:20,2021-11-07 20:26:00,Located_Indoors,annotator,Behavioral Parameters,2021-11-07 13:41:12,2021-11-07 13:41:52
2021-11-07 20:26:01,2021-11-07 20:28:32,Located_Indoors,annotator,Behavioral Parameters,2021-11-07 13:41:53,2021-11-07 13:44:24
2021-11-07 20:28:33,2021-11-07 20:39:24,Located_Indoors, Browsing_Computer,annotator,Behavioral Parameters,2021-11-07 13:44:25,2021-11-07 13:55:16
2021-11-07 20:39:25,2021-11-07 20:41:07,Located_Indoors, Browsing_Computer, Typing_Computer,annotator,Behavioral Parameters,2021-11-07 13:55:17,2021-11-07 13:56:59
2021-11-07 20:41:08,2021-11-07 20:43:54,Located_Indoors, Browsing_Computer,annotator,Behavioral Parameters,2021-11-07 13:57:00,2021-11-07 13:59:46
2021-11-07 20:43:54,2021-11-07 20:44:16,Located_Indoors, Browsing_Computer, Typing_Computer,annotator,Behavioral Parameters,2021-11-07 13:59:46,2021-11-07 14:00:08
2021-11-07 20:44:18,2021-11-07 20:45:09,Located_Indoors, Browsing_Computer,annotator,Behavioral Parameters,2021-11-07 14:00:10,2021-11-07 14:01:01
2021-11-07 20:45:10,2021-11-07 20:45:49,Located_Indoors, Browsing_Computer, Legs_Crossed, Typing_Computer,annotator,Behavioral Parameters,2021-11-07 14:01:02,2021-11-07 14:01:41
2021-11-07 20:45:49,2021-11-07 20:47:57,Located_Indoors, Browsing_Computer, Legs_Crossed,annotator,Behavioral Parameters,2021-11-07 14:01:41,2021-11-07 14:03:49
2021-11-07 20:47:58,2021-11-07 21:02:21,Located_Indoors, Browsing_Computer,annotator,Behavioral Parameters,2021-11-07 14:03:50,2021-11-07 14:18:13
2021-11-07 21:02:23,2021-11-07 21:02:43,Located_Indoors,annotator,Behavioral Parameters,2021-11-07 14:18:15,2021-11-07 14:18:35
2021-11-07 21:02:44,2021-11-07 21:03:11,Located_Indoors, In_Conversation,annotator,Behavioral Parameters,2021-11-07 14:18:36,2021-11-07 14:19:03
2021-11-07 21:03:12,2021-11-07 21:04:17,Located_Indoors,annotator,Behavioral Parameters,2021-11-07 14:19:04,2021-11-07 14:20:09
2021-11-07 21:04:18,2021-11-07 21:04:30,Located_Indoors,annotator,Behavioral Parameters,2021-11-07 14:20:10,2021-11-07 14:20:22
2021-11-07 21:04:31,2021-11-07 21:04:43,Located_Indoors,annotator,Behavioral Parameters,2021-11-07 14:20:23,2021-11-07 14:20:35
2021-11-07 21:04:44,2021-11-07 21:04:56,Located_Indoors,annotator,Behavioral Parameters,2021-11-07 14:20:36,2021-11-07 14:20:48
2021-11-07 21:05:09,2021-11-07 21:05:33,Located_Indoors, Browsing_Computer,annotator,Behavioral Parameters,2021-11-07 14:21:01,2021-11-07 14:21:25
2021-11-07 21:05:34,2021-11-07 21:07:02,Located_Indoors, Browsing_Computer, Typing_Computer,annotator,Behavioral Parameters,2021-11-07 14:21:26,2021-11-07 14:22:54
2021-11-07 21:07:03,2021-11-07 21:23:22,Located_Indoors, Browsing_Computer, Legs_Uncrossed,annotator,Behavioral Parameters,2021-11-07 14:22:55,2021-11-07 14:39:14
2021-11-07 21:23:23,2021-11-07 21:24:24,Located_Indoors, Browsing_Computer, Legs_Uncrossed, Typing_Computer,annotator,Behavioral Parameters,2021-11-07 14:39:15,2021-11-07 14:40:16
2021-11-07 21:24:25,2021-11-07 21:36:10,Located_Indoors, Browsing_Computer, Legs_Uncrossed,annotator,Behavioral Parameters,2021-11-07 14:40:17,2021-11-07 14:52:02
2021-11-07 21:36:11,2021-11-07 21:37:06,Located_Indoors, Browsing_Computer, Legs_Uncrossed, Typing_Computer,annotator,Behavioral Parameters,2021-11-07 14:52:03,2021-11-07 14:52:58
2021-11-07 21:37:07,2021-11-07 21:43:34,Located_Indoors, Browsing_Computer, Legs_Uncrossed,annotator,Behavioral Parameters,2021-11-07 14:52:59,2021-11-07 14:59:26
2021-11-07 21:43:35,2021-11-07 21:46:32,Located_Indoors, Browsing_Computer, Legs_Uncrossed,annotator,Behavioral Parameters,2021-11-07 14:59:27,2021-11-07 15:02:24
2021-11-07 21:46:33,2021-11-07 21:46:50,Located_Indoors, Browsing_Computer, Legs_Uncrossed, Typing_Computer,annotator,Behavioral Parameters,2021-11-07 15:02:25,2021-11-07 15:02:42
2021-11-07 21:46:51,2021-11-07 21:55:36,Located_Indoors, Browsing_Computer, Legs_Uncrossed,annotator,Behavioral Parameters,2021-11-07 15:02:43,2021-11-07 15:11:28
2021-11-07 21:55:37,2021-11-07 22:00:32,Located_Indoors,annotator,Behavioral Parameters,2021-11-07 15:11:29,2021-11-07 15:16:24
2021-11-07 22:00:34,2021-11-07 22:06:04,Located_Indoors, Browsing_Computer, Legs_Uncrossed,annotator,Behavioral Parameters,2021-11-07 15:16:26,2021-11-07 15:21:56
2021-11-07 22:06:05,2021-11-07 22:07:52,Located_Indoors, Browsing_Computer, Legs_Uncrossed, Typing_Computer,annotator,Behavioral Parameters,2021-11-07 15:21:57,2021-11-07 15:23:44
2021-11-07 22:07:53,2021-11-07 22:20:47,Located_Indoors, Browsing_Computer, Legs_Uncrossed,annotator,Behavioral Parameters,2021-11-07 15:23:45,2021-11-07 15:36:39
2021-11-07 22:20:47,2021-11-07 22:21:11,Located_Indoors, Browsing_Computer, Legs_Uncrossed, Typing_Computer,annotator,Behavioral Parameters,2021-11-07 15:36:39,2021-11-07 15:37:03
2021-11-07 22:21:12,2021-11-07 22:21:44,Located_Indoors, Browsing_Computer, Legs_Uncrossed,annotator,Behavioral Parameters,2021-11-07 15:37:04,2021-11-07 15:37:36
2021-11-07 22:21:45,2021-11-07 22:23:27,Located_Indoors, Browsing_Computer, Legs_Uncrossed, Typing_Computer,annotator,Behavioral Parameters,2021-11-07 15:37:37,2021-11-07 15:39:19
2021-11-07 22:23:29,2021-11-07 22:24:10,Located_Indoors, Browsing_Computer, Legs_Uncrossed,annotator,Behavioral Parameters,2021-11-07 15:39:21,2021-11-07 15:40:02
2021-11-07 22:24:11,2021-11-07 22:25:05,Located_Indoors, Browsing_Computer, Legs_Uncrossed, Typing_Computer,annotator,Behavioral Parameters,2021-11-07 15:40:03,2021-11-07 15:40:57
2021-11-07 22:25:06,2021-11-07 22:27:04,Located_Indoors, Browsing_Computer, Legs_Uncrossed,annotator,Behavioral Parameters,2021-11-07 15:40:58,2021-11-07 15:42:56
2021-11-07 22:27:05,2021-11-07 22:30:05,Located_Indoors, Browsing_Computer, Legs_Uncrossed, Typing_Computer,annotator,Behavioral Parameters,2021-11-07 15:42:57,2021-11-07 15:45:57
2021-11-07 22:30:07,2021-11-07 22:45:33,Located_Indoors, Browsing_Computer, Legs_Uncrossed,annotator,Behavioral Parameters,2021-11-07 15:45:59,2021-11-07 16:01:25
2021-11-07 22:45:34,2021-11-07 22:45:45,Located_Indoors, Browsing_Computer, Typing_Computer,annotator,Behavioral Parameters,2021-11-07 16:01:26,2021-11-07 16:01:37
2021-11-07 22:45:46,2021-11-07 22:49:48,Located_Indoors, Browsing_Computer,annotator,Behavioral Parameters,2021-11-07 16:01:38,2021-11-07 16:05:40
2021-11-07 22:49:49,2021-11-07 22:50:23,Located_Indoors, Browsing_Computer, Typing_Computer,annotator,Behavioral Parameters,2021-11-07 16:05:41,2021-11-07 16:06:15
2021-11-07 22:50:25,2021-11-07 22:50:31,Located_Indoors, Browsing_Computer,annotator,Behavioral Parameters,2021-11-07 16:06:17,2021-11-07 16:06:23
2021-11-07 22:50:39,2021-11-07 22:52:50,Located_Indoors,annotator,Behavioral Parameters,2021-11-07 16:06:31,2021-11-07 16:08:42
2021-11-07 22:52:50,2021-11-07 22:52:58,Located_Indoors,annotator,Behavioral Parameters,2021-11-07 16:08:42,2021-11-07 16:08:50
2021-11-07 22:52:58,2021-11-07 22:53:34,Located_Indoors,annotator,Behavioral Parameters,2021-11-07 16:08:50,2021-11-07 16:09:26
2021-11-07 22:53:34,2021-11-07 22:53:59,Located_Indoors,annotator,Behavioral Parameters,2021-11-07 16:09:26,2021-11-07 16:09:51
2021-11-07 22:53:59,2021-11-07 22:54:07,Located_Indoors,annotator,Behavioral Parameters,2021-11-07 16:09:51,2021-11-07 16:09:59
2021-11-07 22:54:08,2021-11-07 22:54:37,Located_Indoors,annotator,Behavioral Parameters,2021-11-07 16:10:00,2021-11-07 16:10:29
2021-11-07 22:54:38,2021-11-07 23:01:26,Located_Indoors,annotator,Behavioral Parameters,2021-11-07 16:10:30,2021-11-07 16:17:18
2021-11-07 23:01:27,2021-11-07 23:03:56,Located_Indoors,annotator,Behavioral Parameters,2021-11-07 16:17:19,2021-11-07 16:19:48
2021-11-07 23:03:57,2021-11-07 23:06:25,Located_Indoors,annotator,Behavioral Parameters,2021-11-07 16:19:49,2021-11-07 16:22:17
2021-11-07 23:06:26,2021-11-07 23:06:47,Located_Indoors,annotator,Behavioral Parameters,2021-11-07 16:22:18,2021-11-07 16:22:39
2021-11-07 23:06:48,2021-11-07 23:08:00,Located_Indoors,annotator,Behavioral Parameters,2021-11-07 16:22:40,2021-11-07 16:23:52
2021-11-07 23:08:00,2021-11-07 23:08:14,Located_Indoors,annotator,Behavioral Parameters,2021-11-07 16:23:52,2021-11-07 16:24:06
2021-11-07 23:08:14,2021-11-07 23:08:58,Located_Indoors,annotator,Behavioral Parameters,2021-11-07 16:24:06,2021-11-07 16:24:50
2021-11-07 23:08:58,2021-11-07 23:12:05,Located_Indoors,annotator,Behavioral Parameters,2021-11-07 16:24:50,2021-11-07 16:27:57
2021-11-07 23:12:06,2021-11-07 23:16:14,Located_Indoors,annotator,Behavioral Parameters,2021-11-07 16:27:58,2021-11-07 16:32:06
2021-11-07 23:16:14,2021-11-07 23:17:31,Located_Indoors,annotator,Behavioral Parameters,2021-11-07 16:32:06,2021-11-07 16:33:23
2021-11-07 23:17:31,2021-11-07 23:17:49,Located_Indoors,annotator,Behavioral Parameters,2021-11-07 16:33:23,2021-11-07 16:33:41
2021-11-07 23:17:50,2021-11-07 23:20:39,Located_Indoors,annotator,Behavioral Parameters,2021-11-07 16:33:42,2021-11-07 16:36:31
2021-11-07 23:20:41,2021-11-07 23:20:48,Located_Indoors,annotator,Behavioral Parameters,2021-11-07 16:36:33,2021-11-07 16:36:40
2021-11-07 23:20:49,2021-11-07 23:21:11,Located_Indoors,annotator,Behavioral Parameters,2021-11-07 16:36:41,2021-11-07 16:37:03
