START_TIME,STOP_TIME,PREDICTION,SOURCE,LABELSET,VIDEO_START_TIME,VIDEO_END_TIME
2022-05-13 10:09:01,2022-05-13 10:09:42,Free_Living,annotator,Experimental situation,2022-05-13 00:03:00,2022-05-13 00:03:41
2022-05-13 10:09:46,2022-05-13 10:41:10,Free_Living,annotator,Experimental situation,2022-05-13 00:03:45,2022-05-13 00:35:09
2022-05-13 10:41:12,2022-05-13 10:44:13,Free_Living,annotator,Experimental situation,2022-05-13 00:35:11,2022-05-13 00:38:12
2022-05-13 10:44:17,2022-05-13 10:45:15,Free_Living,annotator,Experimental situation,2022-05-13 00:38:16,2022-05-13 00:39:14
2022-05-13 10:45:19,2022-05-13 10:49:48,Free_Living,annotator,Experimental situation,2022-05-13 00:39:18,2022-05-13 00:43:47
2022-05-13 10:49:52,2022-05-13 10:50:38,Free_Living,annotator,Experimental situation,2022-05-13 00:43:51,2022-05-13 00:44:37
2022-05-13 10:50:40,2022-05-13 10:51:07,Free_Living,annotator,Experimental situation,2022-05-13 00:44:39,2022-05-13 00:45:06
2022-05-13 10:51:09,2022-05-13 11:00:47,Free_Living,annotator,Experimental situation,2022-05-13 00:45:08,2022-05-13 00:54:46
2022-05-13 11:00:52,2022-05-13 11:04:39,Free_Living,annotator,Experimental situation,2022-05-13 00:54:51,2022-05-13 00:58:38
2022-05-13 11:04:41,2022-05-13 11:06:16,Free_Living,annotator,Experimental situation,2022-05-13 00:58:40,2022-05-13 01:00:15
2022-05-13 11:06:17,2022-05-13 11:08:51,Free_Living,annotator,Experimental situation,2022-05-13 01:00:16,2022-05-13 01:02:50
2022-05-13 11:08:56,2022-05-13 11:09:21,Free_Living,annotator,Experimental situation,2022-05-13 01:02:55,2022-05-13 01:03:20
2022-05-13 11:09:24,2022-05-13 11:09:46,Free_Living,annotator,Experimental situation,2022-05-13 01:03:23,2022-05-13 01:03:45
2022-05-13 11:09:47,2022-05-13 11:14:01,Free_Living,annotator,Experimental situation,2022-05-13 01:03:46,2022-05-13 01:08:00
2022-05-13 11:14:03,2022-05-13 11:15:32,Free_Living,annotator,Experimental situation,2022-05-13 01:08:02,2022-05-13 01:09:31
2022-05-13 11:15:33,2022-05-13 11:18:47,Free_Living,annotator,Experimental situation,2022-05-13 01:09:32,2022-05-13 01:12:46
2022-05-13 11:18:48,2022-05-13 11:20:13,Free_Living,annotator,Experimental situation,2022-05-13 01:12:47,2022-05-13 01:14:12
2022-05-13 11:20:17,2022-05-13 11:38:10,Free_Living,annotator,Experimental situation,2022-05-13 01:14:16,2022-05-13 01:32:09
2022-05-13 11:38:13,2022-05-13 11:38:49,Free_Living,annotator,Experimental situation,2022-05-13 01:32:12,2022-05-13 01:32:48
2022-05-13 11:38:54,2022-05-13 11:39:43,Free_Living,annotator,Experimental situation,2022-05-13 01:32:53,2022-05-13 01:33:42
2022-05-13 11:39:44,2022-05-13 11:41:05,Free_Living,annotator,Experimental situation,2022-05-13 01:33:43,2022-05-13 01:35:04
2022-05-13 11:41:05,2022-05-13 11:45:34,Free_Living,annotator,Experimental situation,2022-05-13 01:35:04,2022-05-13 01:39:33
2022-05-13 11:45:36,2022-05-13 11:46:15,Free_Living,annotator,Experimental situation,2022-05-13 01:39:35,2022-05-13 01:40:14
2022-05-13 11:46:16,2022-05-13 11:46:35,Free_Living,annotator,Experimental situation,2022-05-13 01:40:15,2022-05-13 01:40:34
2022-05-13 11:46:37,2022-05-13 11:49:45,Free_Living,annotator,Experimental situation,2022-05-13 01:40:36,2022-05-13 01:43:44
2022-05-13 11:49:48,2022-05-13 11:50:04,Free_Living,annotator,Experimental situation,2022-05-13 01:43:47,2022-05-13 01:44:03
2022-05-13 11:50:06,2022-05-13 11:57:23,Free_Living,annotator,Experimental situation,2022-05-13 01:44:05,2022-05-13 01:51:22
2022-05-13 11:57:29,2022-05-13 11:57:46,Free_Living,annotator,Experimental situation,2022-05-13 01:51:28,2022-05-13 01:51:45
2022-05-13 11:57:48,2022-05-13 11:58:08,Free_Living,annotator,Experimental situation,2022-05-13 01:51:47,2022-05-13 01:52:07
2022-05-13 11:58:10,2022-05-13 11:58:56,Free_Living,annotator,Experimental situation,2022-05-13 01:52:09,2022-05-13 01:52:55
2022-05-13 11:59:03,2022-05-13 12:00:03,Free_Living,annotator,Experimental situation,2022-05-13 01:53:02,2022-05-13 01:54:02
2022-05-13 12:00:06,2022-05-13 12:06:37,Free_Living,annotator,Experimental situation,2022-05-13 01:54:05,2022-05-13 02:00:36
2022-05-13 12:06:42,2022-05-13 15:43:11,Free_Living,annotator,Experimental situation,2022-05-13 02:00:41,2022-05-13 05:37:10
