START_TIME,STOP_TIME,PREDICTION,SOURCE,LABELSET,VIDEO_START_TIME,VIDEO_END_TIME
2022-04-13 09:30:35,2022-04-13 09:30:46,HLB_Other,annotator,HIGH LEVEL BEHAVIOR,2022-04-13 00:00:05,2022-04-13 00:00:16
2022-04-13 09:30:46,2022-04-13 09:33:18,Meeting_Virtual, Using_Computer/Screen,annotator,HIGH LEVEL BEHAVIOR,2022-04-13 00:00:16,2022-04-13 00:02:48
2022-04-13 09:33:24,2022-04-13 09:39:50,Meeting_Virtual, Using_Computer/Screen,annotator,HIGH LEVEL BEHAVIOR,2022-04-13 00:02:54,2022-04-13 00:09:20
2022-04-13 09:39:54,2022-04-13 09:40:00,Meeting_Virtual, Using_Computer/Screen,annotator,HIGH LEVEL BEHAVIOR,2022-04-13 00:09:24,2022-04-13 00:09:30
2022-04-13 09:40:04,2022-04-13 09:46:28,Meeting_Virtual, Using_Computer/Screen,annotator,HIGH LEVEL BEHAVIOR,2022-04-13 00:09:34,2022-04-13 00:15:58
2022-04-13 09:46:32,2022-04-13 09:55:32,Using_Computer/Screen,annotator,HIGH LEVEL BEHAVIOR,2022-04-13 00:16:02,2022-04-13 00:25:02
2022-04-13 09:55:36,2022-04-13 09:57:54,HLB_Indecipherable/Video_Insufficient,annotator,HIGH LEVEL BEHAVIOR,2022-04-13 00:25:06,2022-04-13 00:27:24
2022-04-13 09:58:01,2022-04-13 09:58:54,Cleaning,annotator,HIGH LEVEL BEHAVIOR,2022-04-13 00:27:31,2022-04-13 00:28:24
2022-04-13 09:59:02,2022-04-13 10:04:58,HLB_Indecipherable/Video_Insufficient,annotator,HIGH LEVEL BEHAVIOR,2022-04-13 00:28:32,2022-04-13 00:34:28
2022-04-13 10:05:03,2022-04-13 10:08:22,Grooming/Self_Care,annotator,HIGH LEVEL BEHAVIOR,2022-04-13 00:34:33,2022-04-13 00:37:52
2022-04-13 10:08:27,2022-04-13 10:08:45,HLB_Other,annotator,HIGH LEVEL BEHAVIOR,2022-04-13 00:37:57,2022-04-13 00:38:15
2022-04-13 10:08:51,2022-04-13 10:09:24,Cleaning,annotator,HIGH LEVEL BEHAVIOR,2022-04-13 00:38:21,2022-04-13 00:38:54
2022-04-13 10:09:26,2022-04-13 10:10:39,Packing/Unpacking_Something,annotator,HIGH LEVEL BEHAVIOR,2022-04-13 00:38:56,2022-04-13 00:40:09
2022-04-13 10:10:43,2022-04-13 10:10:53,In_Transit_Active,annotator,HIGH LEVEL BEHAVIOR,2022-04-13 00:40:13,2022-04-13 00:40:23
2022-04-13 10:10:56,2022-04-13 10:11:41,In_Transit_Active,annotator,HIGH LEVEL BEHAVIOR,2022-04-13 00:40:26,2022-04-13 00:41:11
2022-04-13 10:11:45,2022-04-13 10:12:27,Grooming/Self_Care,annotator,HIGH LEVEL BEHAVIOR,2022-04-13 00:41:15,2022-04-13 00:41:57
2022-04-13 10:12:33,2022-04-13 10:13:00,Cleaning,annotator,HIGH LEVEL BEHAVIOR,2022-04-13 00:42:03,2022-04-13 00:42:30
2022-04-13 10:13:05,2022-04-13 10:13:53,Packing/Unpacking_Something,annotator,HIGH LEVEL BEHAVIOR,2022-04-13 00:42:35,2022-04-13 00:43:23
2022-04-13 10:13:58,2022-04-13 10:16:47,,annotator,HIGH LEVEL BEHAVIOR,2022-04-13 00:43:28,2022-04-13 00:46:17
2022-04-13 10:16:52,2022-04-13 10:17:46,Dressing/Undressing,annotator,HIGH LEVEL BEHAVIOR,2022-04-13 00:46:22,2022-04-13 00:47:16
2022-04-13 10:17:49,2022-04-13 10:18:02,Dressing/Undressing,annotator,HIGH LEVEL BEHAVIOR,2022-04-13 00:47:19,2022-04-13 00:47:32
2022-04-13 10:18:06,2022-04-13 10:18:56,Packing/Unpacking_Something,annotator,HIGH LEVEL BEHAVIOR,2022-04-13 00:47:36,2022-04-13 00:48:26
2022-04-13 10:19:02,2022-04-13 10:19:45,In_Transit_Active, Meeting _Social_Gathering_In_Person,annotator,HIGH LEVEL BEHAVIOR,2022-04-13 00:48:32,2022-04-13 00:49:15
2022-04-13 10:19:47,2022-04-13 10:20:16,In_Transit_Active, Meeting _Social_Gathering_In_Person,annotator,HIGH LEVEL BEHAVIOR,2022-04-13 00:49:17,2022-04-13 00:49:46
2022-04-13 10:20:17,2022-04-13 10:26:32,In_Transit_Active,annotator,HIGH LEVEL BEHAVIOR,2022-04-13 00:49:47,2022-04-13 00:56:02
2022-04-13 10:26:34,2022-04-13 10:26:39,In_Transit_Active,annotator,HIGH LEVEL BEHAVIOR,2022-04-13 00:56:04,2022-04-13 00:56:09
2022-04-13 10:26:42,2022-04-13 10:27:00,In_Transit_Active,annotator,HIGH LEVEL BEHAVIOR,2022-04-13 00:56:12,2022-04-13 00:56:30
2022-04-13 10:27:03,2022-04-13 10:27:28,Meeting_Formal_Gathering_In_Person, Packing/Unpacking_Something,annotator,HIGH LEVEL BEHAVIOR,2022-04-13 00:56:33,2022-04-13 00:56:58
2022-04-13 10:27:32,2022-04-13 10:27:37,Meeting_Formal_Gathering_In_Person, Packing/Unpacking_Something,annotator,HIGH LEVEL BEHAVIOR,2022-04-13 00:57:02,2022-04-13 00:57:07
2022-04-13 10:27:40,2022-04-13 10:28:34,Meeting_Formal_Gathering_In_Person,annotator,HIGH LEVEL BEHAVIOR,2022-04-13 00:57:10,2022-04-13 00:58:04
2022-04-13 10:28:38,2022-04-13 10:29:42,Meeting_Formal_Gathering_In_Person, Using_Computer/Screen,annotator,HIGH LEVEL BEHAVIOR,2022-04-13 00:58:08,2022-04-13 00:59:12
2022-04-13 10:29:46,2022-04-13 10:30:42,Meeting_Formal_Gathering_In_Person, Using_Computer/Screen,annotator,HIGH LEVEL BEHAVIOR,2022-04-13 00:59:16,2022-04-13 01:00:12
2022-04-13 10:30:48,2022-04-13 10:31:57,Meeting_Formal_Gathering_In_Person, Using_Computer/Screen,annotator,HIGH LEVEL BEHAVIOR,2022-04-13 01:00:18,2022-04-13 01:01:27
2022-04-13 10:32:02,2022-04-13 10:38:02,Meeting_Formal_Gathering_In_Person, Using_Computer/Screen,annotator,HIGH LEVEL BEHAVIOR,2022-04-13 01:01:32,2022-04-13 01:07:32
2022-04-13 10:38:07,2022-04-13 10:40:19,Meeting_Formal_Gathering_In_Person, Using_Computer/Screen,annotator,HIGH LEVEL BEHAVIOR,2022-04-13 01:07:37,2022-04-13 01:09:49
2022-04-13 10:40:25,2022-04-13 10:53:24,Meeting_Formal_Gathering_In_Person, Using_Computer/Screen,annotator,HIGH LEVEL BEHAVIOR,2022-04-13 01:09:55,2022-04-13 01:22:54
2022-04-13 10:53:30,2022-04-13 10:55:22,Meeting_Formal_Gathering_In_Person, Using_Computer/Screen,annotator,HIGH LEVEL BEHAVIOR,2022-04-13 01:23:00,2022-04-13 01:24:52
2022-04-13 10:55:29,2022-04-13 11:13:05,Meeting_Formal_Gathering_In_Person, Using_Computer/Screen,annotator,HIGH LEVEL BEHAVIOR,2022-04-13 01:24:59,2022-04-13 01:42:35
2022-04-13 11:13:11,2022-04-13 11:13:31,Meeting_Formal_Gathering_In_Person, Using_Computer/Screen,annotator,HIGH LEVEL BEHAVIOR,2022-04-13 01:42:41,2022-04-13 01:43:01
2022-04-13 11:13:35,2022-04-13 11:32:38,Meeting_Formal_Gathering_In_Person, Using_Computer/Screen,annotator,HIGH LEVEL BEHAVIOR,2022-04-13 01:43:05,2022-04-13 02:02:08
2022-04-13 11:32:41,2022-04-13 11:33:14,Meeting_Formal_Gathering_In_Person, Packing/Unpacking_Something,annotator,HIGH LEVEL BEHAVIOR,2022-04-13 02:02:11,2022-04-13 02:02:44
2022-04-13 11:33:22,2022-04-13 11:33:34,In_Transit_Active,annotator,HIGH LEVEL BEHAVIOR,2022-04-13 02:02:52,2022-04-13 02:03:04
2022-04-13 11:33:37,2022-04-13 11:40:55,In_Transit_Active,annotator,HIGH LEVEL BEHAVIOR,2022-04-13 02:03:07,2022-04-13 02:10:25
2022-04-13 11:40:58,2022-04-13 11:41:28,In_Transit_Active,annotator,HIGH LEVEL BEHAVIOR,2022-04-13 02:10:28,2022-04-13 02:10:58
2022-04-13 11:41:30,2022-04-13 11:41:59,In_Transit_Active,annotator,HIGH LEVEL BEHAVIOR,2022-04-13 02:11:00,2022-04-13 02:11:29
2022-04-13 11:42:03,2022-04-13 11:43:10,Packing/Unpacking_Something,annotator,HIGH LEVEL BEHAVIOR,2022-04-13 02:11:33,2022-04-13 02:12:40
2022-04-13 11:43:14,2022-04-13 11:45:03,HLB_Indecipherable/Video_Insufficient,annotator,HIGH LEVEL BEHAVIOR,2022-04-13 02:12:44,2022-04-13 02:14:33
2022-04-13 11:45:10,2022-04-13 11:45:21,Packing/Unpacking_Something,annotator,HIGH LEVEL BEHAVIOR,2022-04-13 02:14:40,2022-04-13 02:14:51
2022-04-13 11:45:27,2022-04-13 11:45:40,In_Transit_Active,annotator,HIGH LEVEL BEHAVIOR,2022-04-13 02:14:57,2022-04-13 02:15:10
2022-04-13 11:45:43,2022-04-13 11:45:50,HLB_Other,annotator,HIGH LEVEL BEHAVIOR,2022-04-13 02:15:13,2022-04-13 02:15:20
2022-04-13 11:45:54,2022-04-13 11:46:10,Dressing/Undressing,annotator,HIGH LEVEL BEHAVIOR,2022-04-13 02:15:24,2022-04-13 02:15:40
2022-04-13 11:46:15,2022-04-13 11:49:13,Using_Computer/Screen, Eating/Dining, Meeting_Virtual,annotator,HIGH LEVEL BEHAVIOR,2022-04-13 02:15:45,2022-04-13 02:18:43
2022-04-13 11:49:19,2022-04-13 11:50:21,Using_Computer/Screen, Meeting_Virtual,annotator,HIGH LEVEL BEHAVIOR,2022-04-13 02:18:49,2022-04-13 02:19:51
2022-04-13 11:50:28,2022-04-13 12:03:29,Using_Computer/Screen, Meeting_Virtual,annotator,HIGH LEVEL BEHAVIOR,2022-04-13 02:19:58,2022-04-13 02:32:59
2022-04-13 12:03:33,2022-04-13 12:04:42,Using_Computer/Screen, Meeting_Virtual,annotator,HIGH LEVEL BEHAVIOR,2022-04-13 02:33:03,2022-04-13 02:34:12
2022-04-13 12:04:47,2022-04-13 12:08:00,Using_Computer/Screen, Meeting_Virtual,annotator,HIGH LEVEL BEHAVIOR,2022-04-13 02:34:17,2022-04-13 02:37:30
2022-04-13 12:08:06,2022-04-13 12:08:13,Using_Computer/Screen, Meeting_Virtual,annotator,HIGH LEVEL BEHAVIOR,2022-04-13 02:37:36,2022-04-13 02:37:43
2022-04-13 12:08:18,2022-04-13 12:14:56,Using_Computer/Screen, Meeting_Virtual,annotator,HIGH LEVEL BEHAVIOR,2022-04-13 02:37:48,2022-04-13 02:44:26
2022-04-13 12:15:04,2022-04-13 12:15:40,Using_Computer/Screen, Meeting_Virtual,annotator,HIGH LEVEL BEHAVIOR,2022-04-13 02:44:34,2022-04-13 02:45:10
2022-04-13 12:15:46,2022-04-13 12:26:23,Using_Computer/Screen, Meeting_Virtual, Eating/Dining,annotator,HIGH LEVEL BEHAVIOR,2022-04-13 02:45:16,2022-04-13 02:55:53
2022-04-13 12:26:28,2022-04-13 12:27:00,Cleaning,annotator,HIGH LEVEL BEHAVIOR,2022-04-13 02:55:58,2022-04-13 02:56:30
2022-04-13 12:27:06,2022-04-13 12:37:05,,annotator,HIGH LEVEL BEHAVIOR,2022-04-13 02:56:36,2022-04-13 03:06:35
2022-04-13 12:37:11,2022-04-13 12:37:51,,annotator,HIGH LEVEL BEHAVIOR,2022-04-13 03:06:41,2022-04-13 03:07:21
2022-04-13 12:37:55,2022-04-13 12:38:35,Cleaning,annotator,HIGH LEVEL BEHAVIOR,2022-04-13 03:07:25,2022-04-13 03:08:05
2022-04-13 12:38:41,2022-04-13 12:38:56,Meeting_Virtual, Using_Computer/Screen,annotator,HIGH LEVEL BEHAVIOR,2022-04-13 03:08:11,2022-04-13 03:08:26
2022-04-13 12:39:00,2022-04-13 12:44:20,Meeting_Virtual, Using_Computer/Screen,annotator,HIGH LEVEL BEHAVIOR,2022-04-13 03:08:30,2022-04-13 03:13:50
2022-04-13 12:44:26,2022-04-13 12:50:04,Meeting_Virtual, Using_Computer/Screen,annotator,HIGH LEVEL BEHAVIOR,2022-04-13 03:13:56,2022-04-13 03:19:34
2022-04-13 12:50:08,2022-04-13 12:51:00,Cleaning,annotator,HIGH LEVEL BEHAVIOR,2022-04-13 03:19:38,2022-04-13 03:20:30
2022-04-13 12:51:05,2022-04-13 12:51:52,Meeting_Virtual, Using_Computer/Screen,annotator,HIGH LEVEL BEHAVIOR,2022-04-13 03:20:35,2022-04-13 03:21:22
2022-04-13 12:51:58,2022-04-13 13:04:48,Meeting_Virtual, Using_Computer/Screen,annotator,HIGH LEVEL BEHAVIOR,2022-04-13 03:21:28,2022-04-13 03:34:18
2022-04-13 13:04:53,2022-04-13 13:05:31,Meeting_Virtual, Using_Computer/Screen,annotator,HIGH LEVEL BEHAVIOR,2022-04-13 03:34:23,2022-04-13 03:35:01
2022-04-13 13:05:35,2022-04-13 13:06:55,Meeting_Virtual, Using_Computer/Screen,annotator,HIGH LEVEL BEHAVIOR,2022-04-13 03:35:05,2022-04-13 03:36:25
2022-04-13 13:07:00,2022-04-13 13:08:17,Meeting_Virtual, Using_Computer/Screen,annotator,HIGH LEVEL BEHAVIOR,2022-04-13 03:36:30,2022-04-13 03:37:47
2022-04-13 13:08:21,2022-04-13 13:09:27,Meeting_Virtual, Using_Computer/Screen,annotator,HIGH LEVEL BEHAVIOR,2022-04-13 03:37:51,2022-04-13 03:38:57
2022-04-13 13:09:32,2022-04-13 13:10:12,Meeting_Virtual, Using_Computer/Screen,annotator,HIGH LEVEL BEHAVIOR,2022-04-13 03:39:02,2022-04-13 03:39:42
2022-04-13 13:10:19,2022-04-13 13:12:34,Meeting_Virtual, Using_Computer/Screen,annotator,HIGH LEVEL BEHAVIOR,2022-04-13 03:39:49,2022-04-13 03:42:04
2022-04-13 13:12:39,2022-04-13 13:13:43,Meeting_Virtual, Using_Computer/Screen,annotator,HIGH LEVEL BEHAVIOR,2022-04-13 03:42:09,2022-04-13 03:43:13
2022-04-13 13:13:47,2022-04-13 13:17:18,Meeting_Virtual, Using_Computer/Screen,annotator,HIGH LEVEL BEHAVIOR,2022-04-13 03:43:17,2022-04-13 03:46:48
2022-04-13 13:17:23,2022-04-13 13:26:33,Meeting_Virtual, Using_Computer/Screen,annotator,HIGH LEVEL BEHAVIOR,2022-04-13 03:46:53,2022-04-13 03:56:03
2022-04-13 13:26:39,2022-04-13 13:28:20,Using_Computer/Screen,annotator,HIGH LEVEL BEHAVIOR,2022-04-13 03:56:09,2022-04-13 03:57:50
2022-04-13 13:28:25,2022-04-13 13:28:56,Cleaning,annotator,HIGH LEVEL BEHAVIOR,2022-04-13 03:57:55,2022-04-13 03:58:26
2022-04-13 13:28:59,2022-04-13 13:29:08,HLB_Other,annotator,HIGH LEVEL BEHAVIOR,2022-04-13 03:58:29,2022-04-13 03:58:38
2022-04-13 13:29:12,2022-04-13 13:29:26,HLB_Unlabeled,annotator,HIGH LEVEL BEHAVIOR,2022-04-13 03:58:42,2022-04-13 03:58:56
2022-04-13 13:29:34,2022-04-13 13:30:00,Eating/Dining,annotator,HIGH LEVEL BEHAVIOR,2022-04-13 03:59:04,2022-04-13 03:59:30
2022-04-13 13:30:05,2022-04-13 13:30:40,Eating/Dining,annotator,HIGH LEVEL BEHAVIOR,2022-04-13 03:59:35,2022-04-13 04:00:10
2022-04-13 13:30:43,2022-04-13 13:31:00,In_Transit_Active,annotator,HIGH LEVEL BEHAVIOR,2022-04-13 04:00:13,2022-04-13 04:00:30
2022-04-13 13:31:03,2022-04-13 13:31:16,In_Transit_Active, Cleaning,annotator,HIGH LEVEL BEHAVIOR,2022-04-13 04:00:33,2022-04-13 04:00:46
2022-04-13 13:31:19,2022-04-13 13:31:34,Grooming/Self_Care,annotator,HIGH LEVEL BEHAVIOR,2022-04-13 04:00:49,2022-04-13 04:01:04
2022-04-13 13:31:37,2022-04-13 13:32:20,In_Transit_Active,annotator,HIGH LEVEL BEHAVIOR,2022-04-13 04:01:07,2022-04-13 04:01:50
2022-04-13 13:32:25,2022-04-13 13:36:36,Using_Computer/Screen,annotator,HIGH LEVEL BEHAVIOR,2022-04-13 04:01:55,2022-04-13 04:06:06
2022-04-13 13:36:39,2022-04-13 13:37:33,Dressing/Undressing,annotator,HIGH LEVEL BEHAVIOR,2022-04-13 04:06:09,2022-04-13 04:07:03
2022-04-13 13:37:37,2022-04-13 13:38:41,Eating/Dining,annotator,HIGH LEVEL BEHAVIOR,2022-04-13 04:07:07,2022-04-13 04:08:11
2022-04-13 13:38:48,2022-04-13 13:40:09,Using_Computer/Screen,annotator,HIGH LEVEL BEHAVIOR,2022-04-13 04:08:18,2022-04-13 04:09:39
2022-04-13 13:40:13,2022-04-13 13:41:30,Using_Computer/Screen, Eating/Dining,annotator,HIGH LEVEL BEHAVIOR,2022-04-13 04:09:43,2022-04-13 04:11:00
2022-04-13 13:41:35,2022-04-13 13:43:14,Using_Computer/Screen,annotator,HIGH LEVEL BEHAVIOR,2022-04-13 04:11:05,2022-04-13 04:12:44
2022-04-13 13:43:19,2022-04-13 13:46:18,Packing/Unpacking_Something,annotator,HIGH LEVEL BEHAVIOR,2022-04-13 04:12:49,2022-04-13 04:15:48
2022-04-13 13:46:23,2022-04-13 13:46:34,Dressing/Undressing,annotator,HIGH LEVEL BEHAVIOR,2022-04-13 04:15:53,2022-04-13 04:16:04
2022-04-13 13:46:37,2022-04-13 13:47:04,In_Transit_Active,annotator,HIGH LEVEL BEHAVIOR,2022-04-13 04:16:07,2022-04-13 04:16:34
2022-04-13 13:47:06,2022-04-13 13:47:37,In_Transit_Active,annotator,HIGH LEVEL BEHAVIOR,2022-04-13 04:16:36,2022-04-13 04:17:07
2022-04-13 13:47:43,2022-04-13 13:54:45,In_Transit_Active,annotator,HIGH LEVEL BEHAVIOR,2022-04-13 04:17:13,2022-04-13 04:24:15
2022-04-13 13:54:49,2022-04-13 13:55:06,Using_Computer/Screen,annotator,HIGH LEVEL BEHAVIOR,2022-04-13 04:24:19,2022-04-13 04:24:36
2022-04-13 13:55:12,2022-04-13 13:55:55,Using_Computer/Screen,annotator,HIGH LEVEL BEHAVIOR,2022-04-13 04:24:42,2022-04-13 04:25:25
2022-04-13 13:56:05,2022-04-13 13:57:05,Using_Computer/Screen,annotator,HIGH LEVEL BEHAVIOR,2022-04-13 04:25:35,2022-04-13 04:26:35
2022-04-13 13:57:02,2022-04-13 13:57:02,Using_Computer/Screen,annotator,HIGH LEVEL BEHAVIOR,2022-04-13 04:26:32,2022-04-13 04:26:32
2022-04-13 13:57:08,2022-04-13 13:57:17,Using_Computer/Screen,annotator,HIGH LEVEL BEHAVIOR,2022-04-13 04:26:38,2022-04-13 04:26:47
2022-04-13 13:57:17,2022-04-13 14:00:11,Using_Computer/Screen,annotator,HIGH LEVEL BEHAVIOR,2022-04-13 04:26:47,2022-04-13 04:29:41
2022-04-13 14:00:17,2022-04-13 14:22:22,Using_Computer/Screen, Meeting_Virtual,annotator,HIGH LEVEL BEHAVIOR,2022-04-13 04:29:47,2022-04-13 04:51:52
2022-04-13 14:22:28,2022-04-13 14:26:41,Using_Computer/Screen,annotator,HIGH LEVEL BEHAVIOR,2022-04-13 04:51:58,2022-04-13 04:56:11
2022-04-13 14:26:46,2022-04-13 14:27:34,Using_Computer/Screen,annotator,HIGH LEVEL BEHAVIOR,2022-04-13 04:56:16,2022-04-13 04:57:04
2022-04-13 14:27:40,2022-04-13 14:28:01,Using_Computer/Screen,annotator,HIGH LEVEL BEHAVIOR,2022-04-13 04:57:10,2022-04-13 04:57:31
2022-04-13 14:28:06,2022-04-13 14:31:27,Using_Computer/Screen,annotator,HIGH LEVEL BEHAVIOR,2022-04-13 04:57:36,2022-04-13 05:00:57
2022-04-13 14:31:37,2022-04-13 14:42:15,Using_Computer/Screen, Meeting_Virtual,annotator,HIGH LEVEL BEHAVIOR,2022-04-13 05:01:07,2022-04-13 05:11:45
2022-04-13 14:42:20,2022-04-13 14:43:09,Using_Computer/Screen,annotator,HIGH LEVEL BEHAVIOR,2022-04-13 05:11:50,2022-04-13 05:12:39
2022-04-13 14:43:15,2022-04-13 14:49:58,Using_Computer/Screen,annotator,HIGH LEVEL BEHAVIOR,2022-04-13 05:12:45,2022-04-13 05:19:28
2022-04-13 14:50:06,2022-04-13 14:50:21,Using_Computer/Screen,annotator,HIGH LEVEL BEHAVIOR,2022-04-13 05:19:36,2022-04-13 05:19:51
2022-04-13 14:50:25,2022-04-13 14:51:13,Using_Computer/Screen,annotator,HIGH LEVEL BEHAVIOR,2022-04-13 05:19:55,2022-04-13 05:20:43
2022-04-13 14:51:16,2022-04-13 14:53:38,Using_Computer/Screen,annotator,HIGH LEVEL BEHAVIOR,2022-04-13 05:20:46,2022-04-13 05:23:08
2022-04-13 14:53:46,2022-04-13 14:53:54,Packing/Unpacking_Something,annotator,HIGH LEVEL BEHAVIOR,2022-04-13 05:23:16,2022-04-13 05:23:24
2022-04-13 14:54:00,2022-04-13 14:54:30,In_Transit_Active,annotator,HIGH LEVEL BEHAVIOR,2022-04-13 05:23:30,2022-04-13 05:24:00
2022-04-13 14:54:35,2022-04-13 14:55:16,Packing/Unpacking_Something,annotator,HIGH LEVEL BEHAVIOR,2022-04-13 05:24:05,2022-04-13 05:24:46
2022-04-13 14:55:20,2022-04-13 14:59:20,Using_Computer/Screen,annotator,HIGH LEVEL BEHAVIOR,2022-04-13 05:24:50,2022-04-13 05:28:50
2022-04-13 14:59:26,2022-04-13 15:03:09,Using_Computer/Screen,annotator,HIGH LEVEL BEHAVIOR,2022-04-13 05:28:56,2022-04-13 05:32:39
2022-04-13 15:03:13,2022-04-13 15:20:05,Meeting _Social_Gathering_In_Person,annotator,HIGH LEVEL BEHAVIOR,2022-04-13 05:32:43,2022-04-13 05:49:35
2022-04-13 15:20:12,2022-04-13 15:30:47,Meeting _Social_Gathering_In_Person, Using_Computer/Screen,annotator,HIGH LEVEL BEHAVIOR,2022-04-13 05:49:42,2022-04-13 06:00:17
2022-04-13 15:30:53,2022-04-13 15:38:33,Meeting _Social_Gathering_In_Person, Using_Computer/Screen,annotator,HIGH LEVEL BEHAVIOR,2022-04-13 06:00:23,2022-04-13 06:08:03
2022-04-13 15:38:59,2022-04-13 15:39:50,Packing/Unpacking_Something,annotator,HIGH LEVEL BEHAVIOR,2022-04-13 06:08:29,2022-04-13 06:09:20
2022-04-13 15:39:56,2022-04-13 15:40:22,In_Transit_Active,annotator,HIGH LEVEL BEHAVIOR,2022-04-13 06:09:26,2022-04-13 06:09:52
2022-04-13 15:40:26,2022-04-13 15:48:58,In_Transit_Active,annotator,HIGH LEVEL BEHAVIOR,2022-04-13 06:09:56,2022-04-13 06:18:28
2022-04-13 15:49:01,2022-04-13 15:49:07,In_Transit_Active,annotator,HIGH LEVEL BEHAVIOR,2022-04-13 06:18:31,2022-04-13 06:18:37
2022-04-13 15:49:10,2022-04-13 15:49:40,In_Transit_Active,annotator,HIGH LEVEL BEHAVIOR,2022-04-13 06:18:40,2022-04-13 06:19:10
2022-04-13 15:49:43,2022-04-13 15:50:09,In_Transit_Active,annotator,HIGH LEVEL BEHAVIOR,2022-04-13 06:19:13,2022-04-13 06:19:39
2022-04-13 15:50:15,2022-04-13 15:56:30,HLB_Indecipherable/Video_Insufficient,annotator,HIGH LEVEL BEHAVIOR,2022-04-13 06:19:45,2022-04-13 06:26:00
2022-04-13 15:56:37,2022-04-13 16:02:31,Using_Computer/Screen, WatchingTV/Movies, Eating/Dining,annotator,HIGH LEVEL BEHAVIOR,2022-04-13 06:26:07,2022-04-13 06:32:01
2022-04-13 16:02:37,2022-04-13 16:02:54,In_Transit_Active, Cleaning,annotator,HIGH LEVEL BEHAVIOR,2022-04-13 06:32:07,2022-04-13 06:32:24
2022-04-13 16:02:58,2022-04-13 16:03:16,Grooming/Self_Care,annotator,HIGH LEVEL BEHAVIOR,2022-04-13 06:32:28,2022-04-13 06:32:46
2022-04-13 16:03:20,2022-04-13 16:03:54,In_Transit_Active,annotator,HIGH LEVEL BEHAVIOR,2022-04-13 06:32:50,2022-04-13 06:33:24
2022-04-13 16:03:59,2022-04-13 16:04:12,In_Transit_Active, Cleaning,annotator,HIGH LEVEL BEHAVIOR,2022-04-13 06:33:29,2022-04-13 06:33:42
2022-04-13 16:04:18,2022-04-13 16:08:54,Using_Computer/Screen, WatchingTV/Movies, Eating/Dining,annotator,HIGH LEVEL BEHAVIOR,2022-04-13 06:33:48,2022-04-13 06:38:24
2022-04-13 16:09:01,2022-04-13 16:20:42,Using_Computer/Screen, WatchingTV/Movies, Eating/Dining,annotator,HIGH LEVEL BEHAVIOR,2022-04-13 06:38:31,2022-04-13 06:50:12
2022-04-13 16:20:49,2022-04-13 16:53:29,HLB_Indecipherable/Video_Insufficient,annotator,HIGH LEVEL BEHAVIOR,2022-04-13 06:50:19,2022-04-13 07:22:59
2022-04-13 16:53:35,2022-04-13 16:54:00,,annotator,HIGH LEVEL BEHAVIOR,2022-04-13 07:23:05,2022-04-13 07:23:30
2022-04-13 16:54:00,2022-04-13 17:57:53,HLB_Indecipherable/Video_Insufficient,annotator,HIGH LEVEL BEHAVIOR,2022-04-13 07:23:30,2022-04-13 08:27:23
2022-04-13 17:57:53,2022-04-13 18:00:03,Relaxing_Passive,annotator,HIGH LEVEL BEHAVIOR,2022-04-13 08:27:23,2022-04-13 08:29:33
2022-04-13 18:00:04,2022-04-13 18:00:16,Relaxing_Passive,annotator,HIGH LEVEL BEHAVIOR,2022-04-13 08:29:34,2022-04-13 08:29:46
2022-04-13 18:00:22,2022-04-13 18:00:34,Doing_Common_Housework,annotator,HIGH LEVEL BEHAVIOR,2022-04-13 08:29:52,2022-04-13 08:30:04
2022-04-13 18:00:34,2022-04-13 18:00:51,Doing_Common_Housework,annotator,HIGH LEVEL BEHAVIOR,2022-04-13 08:30:04,2022-04-13 08:30:21
2022-04-13 18:00:51,2022-04-13 18:01:22,Doing_Common_Housework,annotator,HIGH LEVEL BEHAVIOR,2022-04-13 08:30:21,2022-04-13 08:30:52
2022-04-13 18:01:22,2022-04-13 18:01:37,In_Transit_Active,annotator,HIGH LEVEL BEHAVIOR,2022-04-13 08:30:52,2022-04-13 08:31:07
2022-04-13 18:01:37,2022-04-13 18:06:30,HLB_Indecipherable/Video_Insufficient,annotator,HIGH LEVEL BEHAVIOR,2022-04-13 08:31:07,2022-04-13 08:36:00
2022-04-13 18:06:30,2022-04-13 18:06:43,Doing_Common_Housework,annotator,HIGH LEVEL BEHAVIOR,2022-04-13 08:36:00,2022-04-13 08:36:13
2022-04-13 18:06:43,2022-04-13 18:06:56,HLB_Other,annotator,HIGH LEVEL BEHAVIOR,2022-04-13 08:36:13,2022-04-13 08:36:26
2022-04-13 18:06:56,2022-04-13 18:07:38,In_Transit_Active,annotator,HIGH LEVEL BEHAVIOR,2022-04-13 08:36:26,2022-04-13 08:37:08
2022-04-13 18:07:38,2022-04-13 18:08:11,Dressing/Undressing,annotator,HIGH LEVEL BEHAVIOR,2022-04-13 08:37:08,2022-04-13 08:37:41
2022-04-13 18:08:11,2022-04-13 18:08:39,In_Transit_Active,annotator,HIGH LEVEL BEHAVIOR,2022-04-13 08:37:41,2022-04-13 08:38:09
2022-04-13 18:08:39,2022-04-13 18:09:08,In_Transit_Active,annotator,HIGH LEVEL BEHAVIOR,2022-04-13 08:38:09,2022-04-13 08:38:38
2022-04-13 18:09:08,2022-04-13 18:13:11,In_Transit_Active,annotator,HIGH LEVEL BEHAVIOR,2022-04-13 08:38:38,2022-04-13 08:42:41
2022-04-13 18:13:11,2022-04-13 18:13:15,In_Transit_Active,annotator,HIGH LEVEL BEHAVIOR,2022-04-13 08:42:41,2022-04-13 08:42:45
2022-04-13 18:13:15,2022-04-13 18:13:47,In_Transit_Active,annotator,HIGH LEVEL BEHAVIOR,2022-04-13 08:42:45,2022-04-13 08:43:17
2022-04-13 18:13:47,2022-04-13 18:14:26,In_Transit_Active,annotator,HIGH LEVEL BEHAVIOR,2022-04-13 08:43:17,2022-04-13 08:43:56
2022-04-13 18:14:26,2022-04-13 18:14:33,In_Transit_Active,annotator,HIGH LEVEL BEHAVIOR,2022-04-13 08:43:56,2022-04-13 08:44:03
2022-04-13 18:14:33,2022-04-13 18:15:14,In_Transit_Active,annotator,HIGH LEVEL BEHAVIOR,2022-04-13 08:44:03,2022-04-13 08:44:44
2022-04-13 18:15:14,2022-04-13 18:15:25,In_Transit_Active,annotator,HIGH LEVEL BEHAVIOR,2022-04-13 08:44:44,2022-04-13 08:44:55
2022-04-13 18:15:25,2022-04-13 18:15:56,In_Transit_Active,annotator,HIGH LEVEL BEHAVIOR,2022-04-13 08:44:55,2022-04-13 08:45:26
2022-04-13 18:15:56,2022-04-13 18:16:00,In_Transit_Active,annotator,HIGH LEVEL BEHAVIOR,2022-04-13 08:45:26,2022-04-13 08:45:30
2022-04-13 18:16:00,2022-04-13 18:16:08,In_Transit_Active,annotator,HIGH LEVEL BEHAVIOR,2022-04-13 08:45:30,2022-04-13 08:45:38
2022-04-13 18:16:08,2022-04-13 18:16:49,In_Transit_Active,annotator,HIGH LEVEL BEHAVIOR,2022-04-13 08:45:38,2022-04-13 08:46:19
2022-04-13 18:16:49,2022-04-13 18:17:21,Packing/Unpacking_Something,annotator,HIGH LEVEL BEHAVIOR,2022-04-13 08:46:19,2022-04-13 08:46:51
2022-04-13 18:17:23,2022-04-13 18:17:27,Packing/Unpacking_Something,annotator,HIGH LEVEL BEHAVIOR,2022-04-13 08:46:53,2022-04-13 08:46:57
2022-04-13 18:17:27,2022-04-13 18:36:35,Using_Computer/Screen,annotator,HIGH LEVEL BEHAVIOR,2022-04-13 08:46:57,2022-04-13 09:06:05
2022-04-13 18:36:35,2022-04-13 18:39:35,Using_Computer/Screen,annotator,HIGH LEVEL BEHAVIOR,2022-04-13 09:06:05,2022-04-13 09:09:05
2022-04-13 18:39:35,2022-04-13 18:47:08,Using_Computer/Screen,annotator,HIGH LEVEL BEHAVIOR,2022-04-13 09:09:05,2022-04-13 09:16:38
2022-04-13 18:47:08,2022-04-13 18:47:55,Using_Computer/Screen,annotator,HIGH LEVEL BEHAVIOR,2022-04-13 09:16:38,2022-04-13 09:17:25
2022-04-13 18:47:55,2022-04-13 18:49:23,Using_Computer/Screen,annotator,HIGH LEVEL BEHAVIOR,2022-04-13 09:17:25,2022-04-13 09:18:53
2022-04-13 18:49:23,2022-04-13 18:56:41,Using_Computer/Screen,annotator,HIGH LEVEL BEHAVIOR,2022-04-13 09:18:53,2022-04-13 09:26:11
2022-04-13 18:56:41,2022-04-13 18:57:39,Using_Computer/Screen,annotator,HIGH LEVEL BEHAVIOR,2022-04-13 09:26:11,2022-04-13 09:27:09
2022-04-13 18:57:39,2022-04-13 19:00:16,Using_Computer/Screen,annotator,HIGH LEVEL BEHAVIOR,2022-04-13 09:27:09,2022-04-13 09:29:46
2022-04-13 19:00:16,2022-04-13 19:01:37,Using_Computer/Screen,annotator,HIGH LEVEL BEHAVIOR,2022-04-13 09:29:46,2022-04-13 09:31:07
2022-04-13 19:01:37,2022-04-13 19:02:07,Using_Computer/Screen,annotator,HIGH LEVEL BEHAVIOR,2022-04-13 09:31:07,2022-04-13 09:31:37
2022-04-13 19:02:07,2022-04-13 19:03:14,Using_Computer/Screen,annotator,HIGH LEVEL BEHAVIOR,2022-04-13 09:31:37,2022-04-13 09:32:44
2022-04-13 19:03:14,2022-04-13 19:03:56,Using_Computer/Screen,annotator,HIGH LEVEL BEHAVIOR,2022-04-13 09:32:44,2022-04-13 09:33:26
2022-04-13 19:03:56,2022-04-13 19:04:44,Using_Computer/Screen,annotator,HIGH LEVEL BEHAVIOR,2022-04-13 09:33:26,2022-04-13 09:34:14
2022-04-13 19:04:44,2022-04-13 19:05:04,Using_Computer/Screen,annotator,HIGH LEVEL BEHAVIOR,2022-04-13 09:34:14,2022-04-13 09:34:34
2022-04-13 19:05:04,2022-04-13 19:06:12,Using_Computer/Screen,annotator,HIGH LEVEL BEHAVIOR,2022-04-13 09:34:34,2022-04-13 09:35:42
2022-04-13 19:06:12,2022-04-13 19:08:29,Using_Computer/Screen,annotator,HIGH LEVEL BEHAVIOR,2022-04-13 09:35:42,2022-04-13 09:37:59
2022-04-13 19:08:29,2022-04-13 19:10:13,Using_Computer/Screen,annotator,HIGH LEVEL BEHAVIOR,2022-04-13 09:37:59,2022-04-13 09:39:43
2022-04-13 19:10:13,2022-04-13 19:15:10,Using_Computer/Screen,annotator,HIGH LEVEL BEHAVIOR,2022-04-13 09:39:43,2022-04-13 09:44:40
2022-04-13 19:15:11,2022-04-13 19:18:06,Using_Computer/Screen,annotator,HIGH LEVEL BEHAVIOR,2022-04-13 09:44:41,2022-04-13 09:47:36
2022-04-13 19:18:06,2022-04-13 19:18:33,Using_Computer/Screen,annotator,HIGH LEVEL BEHAVIOR,2022-04-13 09:47:36,2022-04-13 09:48:03
2022-04-13 19:18:33,2022-04-13 19:20:53,Using_Computer/Screen,annotator,HIGH LEVEL BEHAVIOR,2022-04-13 09:48:03,2022-04-13 09:50:23
2022-04-13 19:20:53,2022-04-13 19:21:53,Using_Computer/Screen,annotator,HIGH LEVEL BEHAVIOR,2022-04-13 09:50:23,2022-04-13 09:51:23
2022-04-13 19:21:53,2022-04-13 19:22:28,Using_Computer/Screen,annotator,HIGH LEVEL BEHAVIOR,2022-04-13 09:51:23,2022-04-13 09:51:58
2022-04-13 19:22:28,2022-04-13 19:27:00,HLB_Indecipherable/Video_Insufficient,annotator,HIGH LEVEL BEHAVIOR,2022-04-13 09:51:58,2022-04-13 09:56:30
2022-04-13 19:27:00,2022-04-13 19:29:39,Using_Computer/Screen,annotator,HIGH LEVEL BEHAVIOR,2022-04-13 09:56:30,2022-04-13 09:59:09
2022-04-13 19:29:39,2022-04-13 19:32:16,Using_Computer/Screen,annotator,HIGH LEVEL BEHAVIOR,2022-04-13 09:59:09,2022-04-13 10:01:46
2022-04-13 19:32:16,2022-04-13 19:36:17,Using_Computer/Screen,annotator,HIGH LEVEL BEHAVIOR,2022-04-13 10:01:46,2022-04-13 10:05:47
2022-04-13 19:36:17,2022-04-13 19:39:13,Using_Computer/Screen,annotator,HIGH LEVEL BEHAVIOR,2022-04-13 10:05:47,2022-04-13 10:08:43
2022-04-13 19:39:13,2022-04-13 19:40:30,Using_Computer/Screen,annotator,HIGH LEVEL BEHAVIOR,2022-04-13 10:08:43,2022-04-13 10:10:00
2022-04-13 19:40:30,2022-04-13 19:59:33,Using_Computer/Screen,annotator,HIGH LEVEL BEHAVIOR,2022-04-13 10:10:00,2022-04-13 10:29:03
2022-04-13 19:59:33,2022-04-13 20:01:11,Meeting _Social_Gathering_In_Person,annotator,HIGH LEVEL BEHAVIOR,2022-04-13 10:29:03,2022-04-13 10:30:41
2022-04-13 20:01:13,2022-04-13 20:01:51,Meeting _Social_Gathering_In_Person,annotator,HIGH LEVEL BEHAVIOR,2022-04-13 10:30:43,2022-04-13 10:31:21
2022-04-13 20:01:51,2022-04-13 20:02:43,Using_Computer/Screen,annotator,HIGH LEVEL BEHAVIOR,2022-04-13 10:31:21,2022-04-13 10:32:13
2022-04-13 20:02:43,2022-04-13 20:03:06,Using_Computer/Screen, Meeting _Social_Gathering_In_Person,annotator,HIGH LEVEL BEHAVIOR,2022-04-13 10:32:13,2022-04-13 10:32:36
2022-04-13 20:03:06,2022-04-13 20:05:01,Using_Computer/Screen, Meeting _Social_Gathering_In_Person,annotator,HIGH LEVEL BEHAVIOR,2022-04-13 10:32:36,2022-04-13 10:34:31
2022-04-13 20:05:03,2022-04-13 20:05:54,Meeting _Social_Gathering_In_Person,annotator,HIGH LEVEL BEHAVIOR,2022-04-13 10:34:33,2022-04-13 10:35:24
2022-04-13 20:05:54,2022-04-13 20:05:58,Meeting _Social_Gathering_In_Person,annotator,HIGH LEVEL BEHAVIOR,2022-04-13 10:35:24,2022-04-13 10:35:28
2022-04-13 20:06:01,2022-04-13 20:10:59,Meeting _Social_Gathering_In_Person,annotator,HIGH LEVEL BEHAVIOR,2022-04-13 10:35:31,2022-04-13 10:40:29
2022-04-13 20:10:59,2022-04-13 20:21:52,Meeting _Social_Gathering_In_Person, Using_Computer/Screen,annotator,HIGH LEVEL BEHAVIOR,2022-04-13 10:40:29,2022-04-13 10:51:22
2022-04-13 20:21:52,2022-04-13 20:22:20,Meeting _Social_Gathering_In_Person, Using_Computer/Screen,annotator,HIGH LEVEL BEHAVIOR,2022-04-13 10:51:22,2022-04-13 10:51:50
2022-04-13 20:22:20,2022-04-13 20:22:44,Packing/Unpacking_Something,annotator,HIGH LEVEL BEHAVIOR,2022-04-13 10:51:50,2022-04-13 10:52:14
2022-04-13 20:22:45,2022-04-13 20:22:59,Packing/Unpacking_Something,annotator,HIGH LEVEL BEHAVIOR,2022-04-13 10:52:15,2022-04-13 10:52:29
2022-04-13 20:22:59,2022-04-13 20:23:40,In_Transit_Active,annotator,HIGH LEVEL BEHAVIOR,2022-04-13 10:52:29,2022-04-13 10:53:10
2022-04-13 20:23:40,2022-04-13 20:24:07,In_Transit_Active,annotator,HIGH LEVEL BEHAVIOR,2022-04-13 10:53:10,2022-04-13 10:53:37
2022-04-13 20:24:07,2022-04-13 20:24:17,In_Transit_Active,annotator,HIGH LEVEL BEHAVIOR,2022-04-13 10:53:37,2022-04-13 10:53:47
2022-04-13 20:24:17,2022-04-13 20:24:25,In_Transit_Active,annotator,HIGH LEVEL BEHAVIOR,2022-04-13 10:53:47,2022-04-13 10:53:55
2022-04-13 20:24:25,2022-04-13 20:24:43,In_Transit_Active,annotator,HIGH LEVEL BEHAVIOR,2022-04-13 10:53:55,2022-04-13 10:54:13
2022-04-13 20:24:43,2022-04-13 20:24:59,In_Transit_Active,annotator,HIGH LEVEL BEHAVIOR,2022-04-13 10:54:13,2022-04-13 10:54:29
2022-04-13 20:24:59,2022-04-13 20:25:19,In_Transit_Active,annotator,HIGH LEVEL BEHAVIOR,2022-04-13 10:54:29,2022-04-13 10:54:49
2022-04-13 20:25:19,2022-04-13 20:25:29,In_Transit_Active,annotator,HIGH LEVEL BEHAVIOR,2022-04-13 10:54:49,2022-04-13 10:54:59
2022-04-13 20:25:29,2022-04-13 20:28:27,In_Transit_Active,annotator,HIGH LEVEL BEHAVIOR,2022-04-13 10:54:59,2022-04-13 10:57:57
2022-04-13 20:28:27,2022-04-13 20:28:37,In_Transit_Active,annotator,HIGH LEVEL BEHAVIOR,2022-04-13 10:57:57,2022-04-13 10:58:07
2022-04-13 20:28:37,2022-04-13 20:28:57,In_Transit_Active,annotator,HIGH LEVEL BEHAVIOR,2022-04-13 10:58:07,2022-04-13 10:58:27
2022-04-13 20:28:57,2022-04-13 20:29:17,In_Transit_Active, Riding_Elevator_Up,annotator,HIGH LEVEL BEHAVIOR,2022-04-13 10:58:27,2022-04-13 10:58:47
2022-04-13 20:29:17,2022-04-13 20:29:25,In_Transit_Active,annotator,HIGH LEVEL BEHAVIOR,2022-04-13 10:58:47,2022-04-13 10:58:55
2022-04-13 20:29:25,2022-04-13 20:29:36,In_Transit_Active,annotator,HIGH LEVEL BEHAVIOR,2022-04-13 10:58:55,2022-04-13 10:59:06
2022-04-13 20:29:36,2022-04-13 20:29:46,In_Transit_Active, Meeting _Social_Gathering_In_Person,annotator,HIGH LEVEL BEHAVIOR,2022-04-13 10:59:06,2022-04-13 10:59:16
2022-04-13 20:29:46,2022-04-13 20:30:02,Meeting _Social_Gathering_In_Person, Packing/Unpacking_Something,annotator,HIGH LEVEL BEHAVIOR,2022-04-13 10:59:16,2022-04-13 10:59:32
2022-04-13 20:30:02,2022-04-13 20:30:23,Meeting _Social_Gathering_In_Person,annotator,HIGH LEVEL BEHAVIOR,2022-04-13 10:59:32,2022-04-13 10:59:53
2022-04-13 20:30:23,2022-04-13 20:33:15,Dressing/Undressing,annotator,HIGH LEVEL BEHAVIOR,2022-04-13 10:59:53,2022-04-13 11:02:45
2022-04-13 20:33:15,2022-04-13 20:33:26,Meeting _Social_Gathering_In_Person,annotator,HIGH LEVEL BEHAVIOR,2022-04-13 11:02:45,2022-04-13 11:02:56
2022-04-13 20:33:27,2022-04-13 20:33:27,Meeting _Social_Gathering_In_Person,annotator,HIGH LEVEL BEHAVIOR,2022-04-13 11:02:57,2022-04-13 11:02:57
2022-04-13 20:33:27,2022-04-13 20:33:37,Meeting _Social_Gathering_In_Person, Packing/Unpacking_Something,annotator,HIGH LEVEL BEHAVIOR,2022-04-13 11:02:57,2022-04-13 11:03:07
2022-04-13 20:33:37,2022-04-13 20:34:29,Meeting _Social_Gathering_In_Person,annotator,HIGH LEVEL BEHAVIOR,2022-04-13 11:03:07,2022-04-13 11:03:59
2022-04-13 20:34:29,2022-04-13 20:34:33,Meeting _Social_Gathering_In_Person,annotator,HIGH LEVEL BEHAVIOR,2022-04-13 11:03:59,2022-04-13 11:04:03
2022-04-13 20:34:33,2022-04-13 20:35:01,Meeting _Social_Gathering_In_Person,annotator,HIGH LEVEL BEHAVIOR,2022-04-13 11:04:03,2022-04-13 11:04:31
2022-04-13 20:35:02,2022-04-13 20:35:13,Meeting _Social_Gathering_In_Person, Packing/Unpacking_Something,annotator,HIGH LEVEL BEHAVIOR,2022-04-13 11:04:32,2022-04-13 11:04:43
2022-04-13 20:35:13,2022-04-13 20:36:33,Meeting _Social_Gathering_In_Person,annotator,HIGH LEVEL BEHAVIOR,2022-04-13 11:04:43,2022-04-13 11:06:03
2022-04-13 20:36:33,2022-04-13 20:37:15,Meeting _Social_Gathering_In_Person,annotator,HIGH LEVEL BEHAVIOR,2022-04-13 11:06:03,2022-04-13 11:06:45
2022-04-13 20:37:15,2022-04-13 20:38:19,Meeting _Social_Gathering_In_Person,annotator,HIGH LEVEL BEHAVIOR,2022-04-13 11:06:45,2022-04-13 11:07:49
2022-04-13 20:38:19,2022-04-13 20:41:09,Meeting _Social_Gathering_In_Person,annotator,HIGH LEVEL BEHAVIOR,2022-04-13 11:07:49,2022-04-13 11:10:39
2022-04-13 20:41:09,2022-04-13 20:44:21,Meeting _Social_Gathering_In_Person,annotator,HIGH LEVEL BEHAVIOR,2022-04-13 11:10:39,2022-04-13 11:13:51
2022-04-13 20:44:21,2022-04-13 20:52:35,Meeting _Social_Gathering_In_Person, Using_Computer/Screen,annotator,HIGH LEVEL BEHAVIOR,2022-04-13 11:13:51,2022-04-13 11:22:05
2022-04-13 20:52:35,2022-04-13 20:53:53,Meeting _Social_Gathering_In_Person, Using_Computer/Screen,annotator,HIGH LEVEL BEHAVIOR,2022-04-13 11:22:05,2022-04-13 11:23:23
2022-04-13 20:53:53,2022-04-13 20:54:03,Meeting _Social_Gathering_In_Person, HLB_Other,annotator,HIGH LEVEL BEHAVIOR,2022-04-13 11:23:23,2022-04-13 11:23:33
2022-04-13 20:54:03,2022-04-13 20:56:35,Meeting _Social_Gathering_In_Person, HLB_Other,annotator,HIGH LEVEL BEHAVIOR,2022-04-13 11:23:33,2022-04-13 11:26:05
2022-04-13 20:56:35,2022-04-13 20:57:19,Meeting _Social_Gathering_In_Person, HLB_Other,annotator,HIGH LEVEL BEHAVIOR,2022-04-13 11:26:05,2022-04-13 11:26:49
2022-04-13 20:57:19,2022-04-13 21:12:50,Meeting _Social_Gathering_In_Person, Using_Computer/Screen,annotator,HIGH LEVEL BEHAVIOR,2022-04-13 11:26:49,2022-04-13 11:42:20
2022-04-13 21:12:50,2022-04-13 21:15:22,Meeting _Social_Gathering_In_Person, Using_Computer/Screen,annotator,HIGH LEVEL BEHAVIOR,2022-04-13 11:42:20,2022-04-13 11:44:52
2022-04-13 21:15:22,2022-04-13 21:18:46,Meeting _Social_Gathering_In_Person, Using_Computer/Screen,annotator,HIGH LEVEL BEHAVIOR,2022-04-13 11:44:52,2022-04-13 11:48:16
2022-04-13 21:18:46,2022-04-13 21:19:37,Meeting _Social_Gathering_In_Person, Using_Computer/Screen,annotator,HIGH LEVEL BEHAVIOR,2022-04-13 11:48:16,2022-04-13 11:49:07
2022-04-13 21:19:37,2022-04-13 21:22:14,Meeting _Social_Gathering_In_Person, Using_Computer/Screen,annotator,HIGH LEVEL BEHAVIOR,2022-04-13 11:49:07,2022-04-13 11:51:44
2022-04-13 21:22:14,2022-04-13 21:23:46,Meeting _Social_Gathering_In_Person,annotator,HIGH LEVEL BEHAVIOR,2022-04-13 11:51:44,2022-04-13 11:53:16
2022-04-13 21:23:46,2022-04-13 21:25:29,Meeting _Social_Gathering_In_Person, Using_Computer/Screen,annotator,HIGH LEVEL BEHAVIOR,2022-04-13 11:53:16,2022-04-13 11:54:59
2022-04-13 21:25:29,2022-04-13 21:26:14,Meeting _Social_Gathering_In_Person, Using_Computer/Screen,annotator,HIGH LEVEL BEHAVIOR,2022-04-13 11:54:59,2022-04-13 11:55:44
2022-04-13 21:26:14,2022-04-13 21:27:48,Meeting _Social_Gathering_In_Person, Using_Computer/Screen,annotator,HIGH LEVEL BEHAVIOR,2022-04-13 11:55:44,2022-04-13 11:57:18
2022-04-13 21:27:48,2022-04-13 21:27:51,Meeting _Social_Gathering_In_Person,annotator,HIGH LEVEL BEHAVIOR,2022-04-13 11:57:18,2022-04-13 11:57:21
2022-04-13 21:27:53,2022-04-13 21:27:59,Packing/Unpacking_Something, Meeting _Social_Gathering_In_Person,annotator,HIGH LEVEL BEHAVIOR,2022-04-13 11:57:23,2022-04-13 11:57:29
2022-04-13 21:27:59,2022-04-13 21:28:47,Packing/Unpacking_Something, Meeting _Social_Gathering_In_Person,annotator,HIGH LEVEL BEHAVIOR,2022-04-13 11:57:29,2022-04-13 11:58:17
2022-04-13 21:28:47,2022-04-13 21:28:54,Packing/Unpacking_Something, Meeting _Social_Gathering_In_Person,annotator,HIGH LEVEL BEHAVIOR,2022-04-13 11:58:17,2022-04-13 11:58:24
2022-04-13 21:28:54,2022-04-13 21:29:01,Packing/Unpacking_Something, Meeting _Social_Gathering_In_Person,annotator,HIGH LEVEL BEHAVIOR,2022-04-13 11:58:24,2022-04-13 11:58:31
2022-04-13 21:29:01,2022-04-13 21:30:45,Meeting _Social_Gathering_In_Person,annotator,HIGH LEVEL BEHAVIOR,2022-04-13 11:58:31,2022-04-13 12:00:15
2022-04-13 21:30:45,2022-04-13 21:31:57,Meeting _Social_Gathering_In_Person, Packing/Unpacking_Something,annotator,HIGH LEVEL BEHAVIOR,2022-04-13 12:00:15,2022-04-13 12:01:27
2022-04-13 21:31:57,2022-04-13 21:32:20,Meeting _Social_Gathering_In_Person,annotator,HIGH LEVEL BEHAVIOR,2022-04-13 12:01:27,2022-04-13 12:01:50
2022-04-13 21:32:20,2022-04-13 21:32:49,In_Transit_Active,annotator,HIGH LEVEL BEHAVIOR,2022-04-13 12:01:50,2022-04-13 12:02:19
2022-04-13 21:32:49,2022-04-13 21:35:29,Grooming/Self_Care,annotator,HIGH LEVEL BEHAVIOR,2022-04-13 12:02:19,2022-04-13 12:04:59
2022-04-13 21:35:29,2022-04-13 21:36:16,In_Transit_Active,annotator,HIGH LEVEL BEHAVIOR,2022-04-13 12:04:59,2022-04-13 12:05:46
2022-04-13 21:36:16,2022-04-13 21:36:52,In_Transit_Active,annotator,HIGH LEVEL BEHAVIOR,2022-04-13 12:05:46,2022-04-13 12:06:22
2022-04-13 21:36:52,2022-04-13 21:37:38,In_Transit_Active,annotator,HIGH LEVEL BEHAVIOR,2022-04-13 12:06:22,2022-04-13 12:07:08
2022-04-13 21:37:38,2022-04-13 21:42:18,In_Transit_Active,annotator,HIGH LEVEL BEHAVIOR,2022-04-13 12:07:08,2022-04-13 12:11:48
2022-04-13 21:42:18,2022-04-13 21:42:53,In_Transit_Active,annotator,HIGH LEVEL BEHAVIOR,2022-04-13 12:11:48,2022-04-13 12:12:23
2022-04-13 21:42:53,2022-04-13 21:47:51,In_Transit_Active,annotator,HIGH LEVEL BEHAVIOR,2022-04-13 12:12:23,2022-04-13 12:17:21
2022-04-13 21:47:51,2022-04-13 21:48:06,In_Transit_Active,annotator,HIGH LEVEL BEHAVIOR,2022-04-13 12:17:21,2022-04-13 12:17:36
2022-04-13 21:48:06,2022-04-13 21:48:31,In_Transit_Active,annotator,HIGH LEVEL BEHAVIOR,2022-04-13 12:17:36,2022-04-13 12:18:01
2022-04-13 21:48:31,2022-04-13 21:48:56,In_Transit_Active,annotator,HIGH LEVEL BEHAVIOR,2022-04-13 12:18:01,2022-04-13 12:18:26
2022-04-13 21:48:56,2022-04-13 21:49:12,In_Transit_Active, Packing/Unpacking_Something,annotator,HIGH LEVEL BEHAVIOR,2022-04-13 12:18:26,2022-04-13 12:18:42
2022-04-13 21:49:12,2022-04-13 21:49:37,Doing_Common_Housework,annotator,HIGH LEVEL BEHAVIOR,2022-04-13 12:18:42,2022-04-13 12:19:07
2022-04-13 21:49:37,2022-04-13 21:49:50,Doing_Common_Housework,annotator,HIGH LEVEL BEHAVIOR,2022-04-13 12:19:07,2022-04-13 12:19:20
2022-04-13 21:49:50,2022-04-13 21:50:13,Doing_Common_Housework,annotator,HIGH LEVEL BEHAVIOR,2022-04-13 12:19:20,2022-04-13 12:19:43
2022-04-13 21:50:13,2022-04-13 21:50:48,In_Transit_Active,annotator,HIGH LEVEL BEHAVIOR,2022-04-13 12:19:43,2022-04-13 12:20:18
2022-04-13 21:50:48,2022-04-13 21:51:11,Grooming/Self_Care,annotator,HIGH LEVEL BEHAVIOR,2022-04-13 12:20:18,2022-04-13 12:20:41
2022-04-13 21:51:11,2022-04-13 21:51:27,In_Transit_Active,annotator,HIGH LEVEL BEHAVIOR,2022-04-13 12:20:41,2022-04-13 12:20:57
2022-04-13 21:51:27,2022-04-13 21:53:01,HLB_Indecipherable/Video_Insufficient,annotator,HIGH LEVEL BEHAVIOR,2022-04-13 12:20:57,2022-04-13 12:22:31
2022-04-13 21:53:01,2022-04-13 21:54:20,Packing/Unpacking_Something,annotator,HIGH LEVEL BEHAVIOR,2022-04-13 12:22:31,2022-04-13 12:23:50
2022-04-13 21:54:20,2022-04-13 21:54:45,Using_Computer/Screen,annotator,HIGH LEVEL BEHAVIOR,2022-04-13 12:23:50,2022-04-13 12:24:15
2022-04-13 21:54:45,2022-04-13 21:55:08,Using_Computer/Screen,annotator,HIGH LEVEL BEHAVIOR,2022-04-13 12:24:15,2022-04-13 12:24:38
2022-04-13 21:55:08,2022-04-13 21:59:50,Using_Computer/Screen,annotator,HIGH LEVEL BEHAVIOR,2022-04-13 12:24:38,2022-04-13 12:29:20
2022-04-13 21:59:50,2022-04-13 22:01:42,Using_Computer/Screen,annotator,HIGH LEVEL BEHAVIOR,2022-04-13 12:29:20,2022-04-13 12:31:12
2022-04-13 22:01:42,2022-04-13 22:03:18,Using_Computer/Screen,annotator,HIGH LEVEL BEHAVIOR,2022-04-13 12:31:12,2022-04-13 12:32:48
2022-04-13 22:03:18,2022-04-13 22:03:26,Using_Computer/Screen,annotator,HIGH LEVEL BEHAVIOR,2022-04-13 12:32:48,2022-04-13 12:32:56
2022-04-13 22:03:26,2022-04-13 22:05:20,Using_Computer/Screen,annotator,HIGH LEVEL BEHAVIOR,2022-04-13 12:32:56,2022-04-13 12:34:50
2022-04-13 22:05:20,2022-04-13 22:05:50,Using_Computer/Screen,annotator,HIGH LEVEL BEHAVIOR,2022-04-13 12:34:50,2022-04-13 12:35:20
2022-04-13 22:05:50,2022-04-13 22:09:56,Using_Computer/Screen,annotator,HIGH LEVEL BEHAVIOR,2022-04-13 12:35:20,2022-04-13 12:39:26
2022-04-13 22:09:56,2022-04-13 22:10:08,Using_Computer/Screen,annotator,HIGH LEVEL BEHAVIOR,2022-04-13 12:39:26,2022-04-13 12:39:38
2022-04-13 22:10:08,2022-04-13 22:10:43,Using_Computer/Screen,annotator,HIGH LEVEL BEHAVIOR,2022-04-13 12:39:38,2022-04-13 12:40:13
2022-04-13 22:10:43,2022-04-13 22:10:49,Using_Computer/Screen,annotator,HIGH LEVEL BEHAVIOR,2022-04-13 12:40:13,2022-04-13 12:40:19
2022-04-13 22:10:49,2022-04-13 22:11:28,Using_Computer/Screen,annotator,HIGH LEVEL BEHAVIOR,2022-04-13 12:40:19,2022-04-13 12:40:58
2022-04-13 22:11:28,2022-04-13 22:12:10,Using_Computer/Screen,annotator,HIGH LEVEL BEHAVIOR,2022-04-13 12:40:58,2022-04-13 12:41:40
2022-04-13 22:12:10,2022-04-13 22:12:15,Using_Computer/Screen,annotator,HIGH LEVEL BEHAVIOR,2022-04-13 12:41:40,2022-04-13 12:41:45
