START_TIME,STOP_TIME,PREDICTION,SOURCE,LABELSET,VIDEO_START_TIME,VIDEO_END_TIME
2022-05-30 11:17:47,2022-05-30 11:18:08,Free_Living,annotator,Experimental situation,2022-05-30 00:00:02,2022-05-30 00:00:23
2022-05-30 11:18:08,2022-05-30 11:18:11,Free_Living,annotator,Experimental situation,2022-05-30 00:00:23,2022-05-30 00:00:26
2022-05-30 11:18:11,2022-05-30 11:18:40,Free_Living,annotator,Experimental situation,2022-05-30 00:00:26,2022-05-30 00:00:55
2022-05-30 11:18:40,2022-05-30 11:19:03,Free_Living,annotator,Experimental situation,2022-05-30 00:00:55,2022-05-30 00:01:18
2022-05-30 11:19:03,2022-05-30 11:19:29,Free_Living,annotator,Experimental situation,2022-05-30 00:01:18,2022-05-30 00:01:44
2022-05-30 11:19:29,2022-05-30 11:19:40,Free_Living,annotator,Experimental situation,2022-05-30 00:01:44,2022-05-30 00:01:55
2022-05-30 11:19:40,2022-05-30 11:19:50,Free_Living,annotator,Experimental situation,2022-05-30 00:01:55,2022-05-30 00:02:05
2022-05-30 11:19:50,2022-05-30 11:19:57,Free_Living,annotator,Experimental situation,2022-05-30 00:02:05,2022-05-30 00:02:12
2022-05-30 11:19:57,2022-05-30 11:20:04,Free_Living,annotator,Experimental situation,2022-05-30 00:02:12,2022-05-30 00:02:19
2022-05-30 11:20:04,2022-05-30 11:20:13,Free_Living,annotator,Experimental situation,2022-05-30 00:02:19,2022-05-30 00:02:28
2022-05-30 11:20:13,2022-05-30 11:21:56,Free_Living,annotator,Experimental situation,2022-05-30 00:02:28,2022-05-30 00:04:11
2022-05-30 11:21:57,2022-05-30 11:22:51,Free_Living,annotator,Experimental situation,2022-05-30 00:04:12,2022-05-30 00:05:06
2022-05-30 11:22:51,2022-05-30 11:23:05,Free_Living,annotator,Experimental situation,2022-05-30 00:05:06,2022-05-30 00:05:20
2022-05-30 11:23:05,2022-05-30 11:23:09,Free_Living,annotator,Experimental situation,2022-05-30 00:05:20,2022-05-30 00:05:24
2022-05-30 11:23:09,2022-05-30 11:23:59,Free_Living,annotator,Experimental situation,2022-05-30 00:05:24,2022-05-30 00:06:14
2022-05-30 11:23:59,2022-05-30 11:24:08,Free_Living,annotator,Experimental situation,2022-05-30 00:06:14,2022-05-30 00:06:23
2022-05-30 11:24:08,2022-05-30 11:24:13,Free_Living,annotator,Experimental situation,2022-05-30 00:06:23,2022-05-30 00:06:28
2022-05-30 11:24:13,2022-05-30 11:24:39,Free_Living,annotator,Experimental situation,2022-05-30 00:06:28,2022-05-30 00:06:54
2022-05-30 11:24:39,2022-05-30 11:25:06,Free_Living,annotator,Experimental situation,2022-05-30 00:06:54,2022-05-30 00:07:21
2022-05-30 11:25:06,2022-05-30 11:25:14,Free_Living,annotator,Experimental situation,2022-05-30 00:07:21,2022-05-30 00:07:29
2022-05-30 11:25:14,2022-05-30 11:26:22,Free_Living,annotator,Experimental situation,2022-05-30 00:07:29,2022-05-30 00:08:37
2022-05-30 11:26:22,2022-05-30 11:26:35,Free_Living,annotator,Experimental situation,2022-05-30 00:08:37,2022-05-30 00:08:50
2022-05-30 11:26:35,2022-05-30 11:26:45,Free_Living,annotator,Experimental situation,2022-05-30 00:08:50,2022-05-30 00:09:00
2022-05-30 11:26:45,2022-05-30 11:26:58,Free_Living,annotator,Experimental situation,2022-05-30 00:09:00,2022-05-30 00:09:13
2022-05-30 11:26:58,2022-05-30 11:27:00,Free_Living,annotator,Experimental situation,2022-05-30 00:09:13,2022-05-30 00:09:15
2022-05-30 11:27:00,2022-05-30 11:27:14,Free_Living,annotator,Experimental situation,2022-05-30 00:09:15,2022-05-30 00:09:29
2022-05-30 11:27:14,2022-05-30 11:28:25,Free_Living,annotator,Experimental situation,2022-05-30 00:09:29,2022-05-30 00:10:40
2022-05-30 11:28:25,2022-05-30 11:28:41,Free_Living,annotator,Experimental situation,2022-05-30 00:10:40,2022-05-30 00:10:56
2022-05-30 11:28:41,2022-05-30 11:28:58,Free_Living,annotator,Experimental situation,2022-05-30 00:10:56,2022-05-30 00:11:13
2022-05-30 11:28:58,2022-05-30 11:29:31,Free_Living,annotator,Experimental situation,2022-05-30 00:11:13,2022-05-30 00:11:46
2022-05-30 11:29:31,2022-05-30 11:29:48,Free_Living,annotator,Experimental situation,2022-05-30 00:11:46,2022-05-30 00:12:03
2022-05-30 11:29:48,2022-05-30 11:29:58,Free_Living,annotator,Experimental situation,2022-05-30 00:12:03,2022-05-30 00:12:13
2022-05-30 11:29:58,2022-05-30 11:30:04,Free_Living,annotator,Experimental situation,2022-05-30 00:12:13,2022-05-30 00:12:19
2022-05-30 11:30:04,2022-05-30 11:30:10,Free_Living,annotator,Experimental situation,2022-05-30 00:12:19,2022-05-30 00:12:25
2022-05-30 11:30:10,2022-05-30 11:30:31,Free_Living,annotator,Experimental situation,2022-05-30 00:12:25,2022-05-30 00:12:46
2022-05-30 11:30:31,2022-05-30 11:30:35,Free_Living,annotator,Experimental situation,2022-05-30 00:12:46,2022-05-30 00:12:50
2022-05-30 11:30:35,2022-05-30 11:30:48,Free_Living,annotator,Experimental situation,2022-05-30 00:12:50,2022-05-30 00:13:03
2022-05-30 11:30:48,2022-05-30 11:31:17,Free_Living,annotator,Experimental situation,2022-05-30 00:13:03,2022-05-30 00:13:32
2022-05-30 11:31:17,2022-05-30 11:31:32,Free_Living,annotator,Experimental situation,2022-05-30 00:13:32,2022-05-30 00:13:47
2022-05-30 11:31:32,2022-05-30 11:31:50,Free_Living,annotator,Experimental situation,2022-05-30 00:13:47,2022-05-30 00:14:05
2022-05-30 11:31:50,2022-05-30 11:32:48,Free_Living,annotator,Experimental situation,2022-05-30 00:14:05,2022-05-30 00:15:03
2022-05-30 11:32:48,2022-05-30 11:32:57,Free_Living,annotator,Experimental situation,2022-05-30 00:15:03,2022-05-30 00:15:12
2022-05-30 11:32:57,2022-05-30 11:33:11,Free_Living,annotator,Experimental situation,2022-05-30 00:15:12,2022-05-30 00:15:26
2022-05-30 11:33:11,2022-05-30 11:34:25,Free_Living,annotator,Experimental situation,2022-05-30 00:15:26,2022-05-30 00:16:40
2022-05-30 11:34:25,2022-05-30 11:34:33,Free_Living,annotator,Experimental situation,2022-05-30 00:16:40,2022-05-30 00:16:48
2022-05-30 11:34:33,2022-05-30 11:34:43,Free_Living,annotator,Experimental situation,2022-05-30 00:16:48,2022-05-30 00:16:58
2022-05-30 11:34:43,2022-05-30 11:34:54,Free_Living,annotator,Experimental situation,2022-05-30 00:16:58,2022-05-30 00:17:09
2022-05-30 11:34:54,2022-05-30 11:35:13,Free_Living,annotator,Experimental situation,2022-05-30 00:17:09,2022-05-30 00:17:28
2022-05-30 11:35:13,2022-05-30 11:35:32,Free_Living,annotator,Experimental situation,2022-05-30 00:17:28,2022-05-30 00:17:47
2022-05-30 11:35:32,2022-05-30 11:36:41,Free_Living,annotator,Experimental situation,2022-05-30 00:17:47,2022-05-30 00:18:56
2022-05-30 11:36:41,2022-05-30 11:36:52,Free_Living,annotator,Experimental situation,2022-05-30 00:18:56,2022-05-30 00:19:07
2022-05-30 11:36:52,2022-05-30 11:37:05,Free_Living,annotator,Experimental situation,2022-05-30 00:19:07,2022-05-30 00:19:20
2022-05-30 11:37:05,2022-05-30 11:37:56,Free_Living,annotator,Experimental situation,2022-05-30 00:19:20,2022-05-30 00:20:11
2022-05-30 11:37:56,2022-05-30 11:38:03,Free_Living,annotator,Experimental situation,2022-05-30 00:20:11,2022-05-30 00:20:18
2022-05-30 11:38:03,2022-05-30 11:38:08,Free_Living,annotator,Experimental situation,2022-05-30 00:20:18,2022-05-30 00:20:23
2022-05-30 11:38:08,2022-05-30 11:38:30,Free_Living,annotator,Experimental situation,2022-05-30 00:20:23,2022-05-30 00:20:45
2022-05-30 11:38:30,2022-05-30 11:39:24,Free_Living,annotator,Experimental situation,2022-05-30 00:20:45,2022-05-30 00:21:39
2022-05-30 11:39:24,2022-05-30 11:39:33,Free_Living,annotator,Experimental situation,2022-05-30 00:21:39,2022-05-30 00:21:48
2022-05-30 11:39:33,2022-05-30 11:40:06,Free_Living,annotator,Experimental situation,2022-05-30 00:21:48,2022-05-30 00:22:21
2022-05-30 11:40:06,2022-05-30 11:41:02,Free_Living,annotator,Experimental situation,2022-05-30 00:22:21,2022-05-30 00:23:17
2022-05-30 11:41:02,2022-05-30 11:41:06,Free_Living,annotator,Experimental situation,2022-05-30 00:23:17,2022-05-30 00:23:21
2022-05-30 11:41:06,2022-05-30 11:41:46,Free_Living,annotator,Experimental situation,2022-05-30 00:23:21,2022-05-30 00:24:01
2022-05-30 11:41:46,2022-05-30 11:42:29,Free_Living,annotator,Experimental situation,2022-05-30 00:24:01,2022-05-30 00:24:44
2022-05-30 11:42:29,2022-05-30 11:43:38,Free_Living,annotator,Experimental situation,2022-05-30 00:24:44,2022-05-30 00:25:53
2022-05-30 11:43:39,2022-05-30 11:45:34,Free_Living,annotator,Experimental situation,2022-05-30 00:25:54,2022-05-30 00:27:49
2022-05-30 11:45:34,2022-05-30 11:46:48,Free_Living,annotator,Experimental situation,2022-05-30 00:27:49,2022-05-30 00:29:03
2022-05-30 11:46:48,2022-05-30 11:46:58,Free_Living,annotator,Experimental situation,2022-05-30 00:29:03,2022-05-30 00:29:13
2022-05-30 11:46:58,2022-05-30 11:47:08,Free_Living,annotator,Experimental situation,2022-05-30 00:29:13,2022-05-30 00:29:23
2022-05-30 11:47:08,2022-05-30 11:47:17,Free_Living,annotator,Experimental situation,2022-05-30 00:29:23,2022-05-30 00:29:32
2022-05-30 11:47:17,2022-05-30 11:47:45,Free_Living,annotator,Experimental situation,2022-05-30 00:29:32,2022-05-30 00:30:00
2022-05-30 11:47:45,2022-05-30 11:47:56,Free_Living,annotator,Experimental situation,2022-05-30 00:30:00,2022-05-30 00:30:11
2022-05-30 11:47:56,2022-05-30 11:48:25,Free_Living,annotator,Experimental situation,2022-05-30 00:30:11,2022-05-30 00:30:40
2022-05-30 11:48:26,2022-05-30 11:48:38,Free_Living,annotator,Experimental situation,2022-05-30 00:30:41,2022-05-30 00:30:53
2022-05-30 11:48:38,2022-05-30 11:50:50,Free_Living,annotator,Experimental situation,2022-05-30 00:30:53,2022-05-30 00:33:05
2022-05-30 11:50:50,2022-05-30 11:51:05,Free_Living,annotator,Experimental situation,2022-05-30 00:33:05,2022-05-30 00:33:20
2022-05-30 11:51:05,2022-05-30 11:51:14,Free_Living,annotator,Experimental situation,2022-05-30 00:33:20,2022-05-30 00:33:29
2022-05-30 11:51:14,2022-05-30 11:51:33,Free_Living,annotator,Experimental situation,2022-05-30 00:33:29,2022-05-30 00:33:48
2022-05-30 11:51:33,2022-05-30 11:51:51,Free_Living,annotator,Experimental situation,2022-05-30 00:33:48,2022-05-30 00:34:06
2022-05-30 11:51:51,2022-05-30 11:52:03,Free_Living,annotator,Experimental situation,2022-05-30 00:34:06,2022-05-30 00:34:18
2022-05-30 11:52:03,2022-05-30 11:52:13,Free_Living,annotator,Experimental situation,2022-05-30 00:34:18,2022-05-30 00:34:28
2022-05-30 11:52:13,2022-05-30 11:53:07,Free_Living,annotator,Experimental situation,2022-05-30 00:34:28,2022-05-30 00:35:22
2022-05-30 11:53:07,2022-05-30 11:53:11,Free_Living,annotator,Experimental situation,2022-05-30 00:35:22,2022-05-30 00:35:26
2022-05-30 11:53:11,2022-05-30 11:53:18,Free_Living,annotator,Experimental situation,2022-05-30 00:35:26,2022-05-30 00:35:33
2022-05-30 11:53:18,2022-05-30 11:53:50,Free_Living,annotator,Experimental situation,2022-05-30 00:35:33,2022-05-30 00:36:05
2022-05-30 11:53:50,2022-05-30 11:54:39,Free_Living,annotator,Experimental situation,2022-05-30 00:36:05,2022-05-30 00:36:54
2022-05-30 11:54:39,2022-05-30 11:54:57,Free_Living,annotator,Experimental situation,2022-05-30 00:36:54,2022-05-30 00:37:12
2022-05-30 11:54:58,2022-05-30 11:55:54,Free_Living,annotator,Experimental situation,2022-05-30 00:37:13,2022-05-30 00:38:09
2022-05-30 11:55:54,2022-05-30 11:56:07,Free_Living,annotator,Experimental situation,2022-05-30 00:38:09,2022-05-30 00:38:22
2022-05-30 11:56:07,2022-05-30 11:56:18,Free_Living,annotator,Experimental situation,2022-05-30 00:38:22,2022-05-30 00:38:33
2022-05-30 11:56:20,2022-05-30 11:56:34,Free_Living,annotator,Experimental situation,2022-05-30 00:38:35,2022-05-30 00:38:49
2022-05-30 11:56:28,2022-05-30 11:56:52,Free_Living,annotator,Experimental situation,2022-05-30 00:38:43,2022-05-30 00:39:07
2022-05-30 11:56:59,2022-05-30 11:58:16,Free_Living,annotator,Experimental situation,2022-05-30 00:39:14,2022-05-30 00:40:31
2022-05-30 11:58:19,2022-05-30 11:58:23,Free_Living,annotator,Experimental situation,2022-05-30 00:40:34,2022-05-30 00:40:38
2022-05-30 11:58:23,2022-05-30 11:58:50,Free_Living,annotator,Experimental situation,2022-05-30 00:40:38,2022-05-30 00:41:05
2022-05-30 11:58:50,2022-05-30 11:59:04,Free_Living,annotator,Experimental situation,2022-05-30 00:41:05,2022-05-30 00:41:19
2022-05-30 11:59:04,2022-05-30 11:59:15,Free_Living,annotator,Experimental situation,2022-05-30 00:41:19,2022-05-30 00:41:30
2022-05-30 11:59:15,2022-05-30 11:59:47,Free_Living,annotator,Experimental situation,2022-05-30 00:41:30,2022-05-30 00:42:02
2022-05-30 11:59:47,2022-05-30 12:00:00,Free_Living,annotator,Experimental situation,2022-05-30 00:42:02,2022-05-30 00:42:15
2022-05-30 12:00:00,2022-05-30 12:00:24,Free_Living,annotator,Experimental situation,2022-05-30 00:42:15,2022-05-30 00:42:39
2022-05-30 12:00:24,2022-05-30 12:00:48,Free_Living,annotator,Experimental situation,2022-05-30 00:42:39,2022-05-30 00:43:03
2022-05-30 12:00:48,2022-05-30 12:01:02,Free_Living,annotator,Experimental situation,2022-05-30 00:43:03,2022-05-30 00:43:17
2022-05-30 12:01:02,2022-05-30 12:01:18,Free_Living,annotator,Experimental situation,2022-05-30 00:43:17,2022-05-30 00:43:33
2022-05-30 12:01:18,2022-05-30 12:01:32,Free_Living,annotator,Experimental situation,2022-05-30 00:43:33,2022-05-30 00:43:47
2022-05-30 12:01:32,2022-05-30 12:01:51,Free_Living,annotator,Experimental situation,2022-05-30 00:43:47,2022-05-30 00:44:06
2022-05-30 12:01:51,2022-05-30 12:02:15,Free_Living,annotator,Experimental situation,2022-05-30 00:44:06,2022-05-30 00:44:30
2022-05-30 12:02:15,2022-05-30 12:02:25,Free_Living,annotator,Experimental situation,2022-05-30 00:44:30,2022-05-30 00:44:40
2022-05-30 12:02:25,2022-05-30 12:02:37,Free_Living,annotator,Experimental situation,2022-05-30 00:44:40,2022-05-30 00:44:52
2022-05-30 12:02:37,2022-05-30 12:03:01,Free_Living,annotator,Experimental situation,2022-05-30 00:44:52,2022-05-30 00:45:16
2022-05-30 12:03:01,2022-05-30 12:03:18,Free_Living,annotator,Experimental situation,2022-05-30 00:45:16,2022-05-30 00:45:33
2022-05-30 12:03:18,2022-05-30 12:03:27,Free_Living,annotator,Experimental situation,2022-05-30 00:45:33,2022-05-30 00:45:42
2022-05-30 12:03:27,2022-05-30 12:03:50,Free_Living,annotator,Experimental situation,2022-05-30 00:45:42,2022-05-30 00:46:05
2022-05-30 12:03:50,2022-05-30 12:04:18,Free_Living,annotator,Experimental situation,2022-05-30 00:46:05,2022-05-30 00:46:33
2022-05-30 12:04:18,2022-05-30 12:04:32,Free_Living,annotator,Experimental situation,2022-05-30 00:46:33,2022-05-30 00:46:47
2022-05-30 12:04:32,2022-05-30 12:04:34,Free_Living,annotator,Experimental situation,2022-05-30 00:46:47,2022-05-30 00:46:49
2022-05-30 12:04:34,2022-05-30 12:04:45,Free_Living,annotator,Experimental situation,2022-05-30 00:46:49,2022-05-30 00:47:00
2022-05-30 12:04:45,2022-05-30 12:06:12,Free_Living,annotator,Experimental situation,2022-05-30 00:47:00,2022-05-30 00:48:27
2022-05-30 12:06:12,2022-05-30 12:06:34,Free_Living,annotator,Experimental situation,2022-05-30 00:48:27,2022-05-30 00:48:49
2022-05-30 12:06:34,2022-05-30 12:06:57,Free_Living,annotator,Experimental situation,2022-05-30 00:48:49,2022-05-30 00:49:12
2022-05-30 12:06:57,2022-05-30 12:07:35,Free_Living,annotator,Experimental situation,2022-05-30 00:49:12,2022-05-30 00:49:50
2022-05-30 12:07:35,2022-05-30 12:08:12,Free_Living,annotator,Experimental situation,2022-05-30 00:49:50,2022-05-30 00:50:27
2022-05-30 12:08:12,2022-05-30 12:09:22,Free_Living,annotator,Experimental situation,2022-05-30 00:50:27,2022-05-30 00:51:37
2022-05-30 12:09:22,2022-05-30 12:09:41,Free_Living,annotator,Experimental situation,2022-05-30 00:51:37,2022-05-30 00:51:56
2022-05-30 12:09:41,2022-05-30 12:09:56,Free_Living,annotator,Experimental situation,2022-05-30 00:51:56,2022-05-30 00:52:11
2022-05-30 12:09:56,2022-05-30 12:10:12,Free_Living,annotator,Experimental situation,2022-05-30 00:52:11,2022-05-30 00:52:27
2022-05-30 12:10:12,2022-05-30 12:12:56,Free_Living,annotator,Experimental situation,2022-05-30 00:52:27,2022-05-30 00:55:11
2022-05-30 12:12:56,2022-05-30 12:13:21,Free_Living,annotator,Experimental situation,2022-05-30 00:55:11,2022-05-30 00:55:36
2022-05-30 12:13:21,2022-05-30 12:14:48,Free_Living,annotator,Experimental situation,2022-05-30 00:55:36,2022-05-30 00:57:03
2022-05-30 12:14:48,2022-05-30 12:15:01,Free_Living,annotator,Experimental situation,2022-05-30 00:57:03,2022-05-30 00:57:16
2022-05-30 12:15:01,2022-05-30 12:15:14,Free_Living,annotator,Experimental situation,2022-05-30 00:57:16,2022-05-30 00:57:29
2022-05-30 12:15:14,2022-05-30 12:15:25,Free_Living,annotator,Experimental situation,2022-05-30 00:57:29,2022-05-30 00:57:40
2022-05-30 12:15:25,2022-05-30 12:15:32,Free_Living,annotator,Experimental situation,2022-05-30 00:57:40,2022-05-30 00:57:47
2022-05-30 12:15:32,2022-05-30 12:15:36,Free_Living,annotator,Experimental situation,2022-05-30 00:57:47,2022-05-30 00:57:51
2022-05-30 12:15:38,2022-05-30 12:15:38,Free_Living,annotator,Experimental situation,2022-05-30 00:57:53,2022-05-30 00:57:53
2022-05-30 12:15:45,2022-05-30 12:16:00,Free_Living,annotator,Experimental situation,2022-05-30 00:58:00,2022-05-30 00:58:15
2022-05-30 12:16:00,2022-05-30 12:16:16,Free_Living,annotator,Experimental situation,2022-05-30 00:58:15,2022-05-30 00:58:31
2022-05-30 12:16:16,2022-05-30 12:16:47,Free_Living,annotator,Experimental situation,2022-05-30 00:58:31,2022-05-30 00:59:02
2022-05-30 12:16:47,2022-05-30 12:16:59,Free_Living,annotator,Experimental situation,2022-05-30 00:59:02,2022-05-30 00:59:14
2022-05-30 12:16:59,2022-05-30 12:17:03,Free_Living,annotator,Experimental situation,2022-05-30 00:59:14,2022-05-30 00:59:18
2022-05-30 12:17:03,2022-05-30 12:17:22,Free_Living,annotator,Experimental situation,2022-05-30 00:59:18,2022-05-30 00:59:37
2022-05-30 12:17:22,2022-05-30 12:17:27,Free_Living,annotator,Experimental situation,2022-05-30 00:59:37,2022-05-30 00:59:42
2022-05-30 12:17:27,2022-05-30 12:17:39,Free_Living,annotator,Experimental situation,2022-05-30 00:59:42,2022-05-30 00:59:54
2022-05-30 12:17:39,2022-05-30 12:18:39,Free_Living,annotator,Experimental situation,2022-05-30 00:59:54,2022-05-30 01:00:54
2022-05-30 12:18:39,2022-05-30 12:18:48,Free_Living,annotator,Experimental situation,2022-05-30 01:00:54,2022-05-30 01:01:03
2022-05-30 12:18:48,2022-05-30 12:18:59,Free_Living,annotator,Experimental situation,2022-05-30 01:01:03,2022-05-30 01:01:14
2022-05-30 12:18:59,2022-05-30 12:20:43,Free_Living,annotator,Experimental situation,2022-05-30 01:01:14,2022-05-30 01:02:58
2022-05-30 12:20:43,2022-05-30 12:20:53,Free_Living,annotator,Experimental situation,2022-05-30 01:02:58,2022-05-30 01:03:08
2022-05-30 12:20:53,2022-05-30 12:21:01,Free_Living,annotator,Experimental situation,2022-05-30 01:03:08,2022-05-30 01:03:16
2022-05-30 12:21:01,2022-05-30 12:21:41,Free_Living,annotator,Experimental situation,2022-05-30 01:03:16,2022-05-30 01:03:56
2022-05-30 12:21:41,2022-05-30 12:21:58,Free_Living,annotator,Experimental situation,2022-05-30 01:03:56,2022-05-30 01:04:13
2022-05-30 12:21:58,2022-05-30 12:27:57,Free_Living,annotator,Experimental situation,2022-05-30 01:04:13,2022-05-30 01:10:12
2022-05-30 12:27:57,2022-05-30 12:28:21,Free_Living,annotator,Experimental situation,2022-05-30 01:10:12,2022-05-30 01:10:36
2022-05-30 12:28:21,2022-05-30 12:31:09,Free_Living,annotator,Experimental situation,2022-05-30 01:10:36,2022-05-30 01:13:24
2022-05-30 12:31:09,2022-05-30 12:31:32,Free_Living,annotator,Experimental situation,2022-05-30 01:13:24,2022-05-30 01:13:47
2022-05-30 12:31:32,2022-05-30 12:32:02,Free_Living,annotator,Experimental situation,2022-05-30 01:13:47,2022-05-30 01:14:17
2022-05-30 12:32:02,2022-05-30 12:33:20,Free_Living,annotator,Experimental situation,2022-05-30 01:14:17,2022-05-30 01:15:35
2022-05-30 12:33:20,2022-05-30 12:33:27,Free_Living,annotator,Experimental situation,2022-05-30 01:15:35,2022-05-30 01:15:42
2022-05-30 12:33:27,2022-05-30 12:34:03,Free_Living,annotator,Experimental situation,2022-05-30 01:15:42,2022-05-30 01:16:18
2022-05-30 12:34:03,2022-05-30 12:34:25,Free_Living,annotator,Experimental situation,2022-05-30 01:16:18,2022-05-30 01:16:40
2022-05-30 12:34:25,2022-05-30 12:34:34,Free_Living,annotator,Experimental situation,2022-05-30 01:16:40,2022-05-30 01:16:49
2022-05-30 12:34:35,2022-05-30 12:37:44,Free_Living,annotator,Experimental situation,2022-05-30 01:16:50,2022-05-30 01:19:59
2022-05-30 12:37:51,2022-05-30 12:38:22,Free_Living,annotator,Experimental situation,2022-05-30 01:20:06,2022-05-30 01:20:37
2022-05-30 12:38:22,2022-05-30 12:38:45,Free_Living,annotator,Experimental situation,2022-05-30 01:20:37,2022-05-30 01:21:00
2022-05-30 12:38:45,2022-05-30 12:42:09,Free_Living,annotator,Experimental situation,2022-05-30 01:21:00,2022-05-30 01:24:24
2022-05-30 12:42:09,2022-05-30 12:42:25,Free_Living,annotator,Experimental situation,2022-05-30 01:24:24,2022-05-30 01:24:40
2022-05-30 12:42:25,2022-05-30 12:42:34,Free_Living,annotator,Experimental situation,2022-05-30 01:24:40,2022-05-30 01:24:49
2022-05-30 12:42:34,2022-05-30 12:42:54,Free_Living,annotator,Experimental situation,2022-05-30 01:24:49,2022-05-30 01:25:09
2022-05-30 12:42:54,2022-05-30 12:43:03,Free_Living,annotator,Experimental situation,2022-05-30 01:25:09,2022-05-30 01:25:18
2022-05-30 12:43:03,2022-05-30 12:45:40,Free_Living,annotator,Experimental situation,2022-05-30 01:25:18,2022-05-30 01:27:55
2022-05-30 12:45:40,2022-05-30 12:45:52,Free_Living,annotator,Experimental situation,2022-05-30 01:27:55,2022-05-30 01:28:07
2022-05-30 12:45:52,2022-05-30 12:46:17,Free_Living,annotator,Experimental situation,2022-05-30 01:28:07,2022-05-30 01:28:32
2022-05-30 12:46:17,2022-05-30 12:46:30,Free_Living,annotator,Experimental situation,2022-05-30 01:28:32,2022-05-30 01:28:45
2022-05-30 12:46:30,2022-05-30 12:46:50,Free_Living,annotator,Experimental situation,2022-05-30 01:28:45,2022-05-30 01:29:05
2022-05-30 12:46:50,2022-05-30 12:48:01,Free_Living,annotator,Experimental situation,2022-05-30 01:29:05,2022-05-30 01:30:16
2022-05-30 12:48:06,2022-05-30 12:48:17,Free_Living,annotator,Experimental situation,2022-05-30 01:30:21,2022-05-30 01:30:32
2022-05-30 12:48:17,2022-05-30 12:48:17,Free_Living,annotator,Experimental situation,2022-05-30 01:30:32,2022-05-30 01:30:32
2022-05-30 12:48:17,2022-05-30 12:48:46,Free_Living,annotator,Experimental situation,2022-05-30 01:30:32,2022-05-30 01:31:01
2022-05-30 12:48:46,2022-05-30 12:49:05,Free_Living,annotator,Experimental situation,2022-05-30 01:31:01,2022-05-30 01:31:20
2022-05-30 12:49:05,2022-05-30 12:49:14,Free_Living,annotator,Experimental situation,2022-05-30 01:31:20,2022-05-30 01:31:29
2022-05-30 12:49:14,2022-05-30 12:49:19,Free_Living,annotator,Experimental situation,2022-05-30 01:31:29,2022-05-30 01:31:34
2022-05-30 12:49:19,2022-05-30 12:49:37,Free_Living,annotator,Experimental situation,2022-05-30 01:31:34,2022-05-30 01:31:52
2022-05-30 12:49:37,2022-05-30 12:49:51,Free_Living,annotator,Experimental situation,2022-05-30 01:31:52,2022-05-30 01:32:06
2022-05-30 12:49:51,2022-05-30 12:51:05,Free_Living,annotator,Experimental situation,2022-05-30 01:32:06,2022-05-30 01:33:20
2022-05-30 12:51:05,2022-05-30 12:51:18,Free_Living,annotator,Experimental situation,2022-05-30 01:33:20,2022-05-30 01:33:33
2022-05-30 12:51:18,2022-05-30 12:51:28,Free_Living,annotator,Experimental situation,2022-05-30 01:33:33,2022-05-30 01:33:43
2022-05-30 12:51:28,2022-05-30 12:52:09,Free_Living,annotator,Experimental situation,2022-05-30 01:33:43,2022-05-30 01:34:24
2022-05-30 12:52:09,2022-05-30 12:52:29,Free_Living,annotator,Experimental situation,2022-05-30 01:34:24,2022-05-30 01:34:44
2022-05-30 12:52:29,2022-05-30 12:52:40,Free_Living,annotator,Experimental situation,2022-05-30 01:34:44,2022-05-30 01:34:55
2022-05-30 12:52:40,2022-05-30 13:03:14,Free_Living,annotator,Experimental situation,2022-05-30 01:34:55,2022-05-30 01:45:29
2022-05-30 13:03:14,2022-05-30 13:03:24,Free_Living,annotator,Experimental situation,2022-05-30 01:45:29,2022-05-30 01:45:39
2022-05-30 13:03:24,2022-05-30 13:04:29,Free_Living,annotator,Experimental situation,2022-05-30 01:45:39,2022-05-30 01:46:44
2022-05-30 13:04:29,2022-05-30 13:05:42,Free_Living,annotator,Experimental situation,2022-05-30 01:46:44,2022-05-30 01:47:57
2022-05-30 13:05:42,2022-05-30 13:06:07,Free_Living,annotator,Experimental situation,2022-05-30 01:47:57,2022-05-30 01:48:22
2022-05-30 13:06:07,2022-05-30 13:06:17,Free_Living,annotator,Experimental situation,2022-05-30 01:48:22,2022-05-30 01:48:32
2022-05-30 13:06:17,2022-05-30 13:06:39,Free_Living,annotator,Experimental situation,2022-05-30 01:48:32,2022-05-30 01:48:54
2022-05-30 13:06:39,2022-05-30 13:07:02,Free_Living,annotator,Experimental situation,2022-05-30 01:48:54,2022-05-30 01:49:17
2022-05-30 13:07:02,2022-05-30 13:10:25,Free_Living,annotator,Experimental situation,2022-05-30 01:49:17,2022-05-30 01:52:40
2022-05-30 13:10:25,2022-05-30 13:10:32,Free_Living,annotator,Experimental situation,2022-05-30 01:52:40,2022-05-30 01:52:47
2022-05-30 13:10:32,2022-05-30 13:11:42,Free_Living,annotator,Experimental situation,2022-05-30 01:52:47,2022-05-30 01:53:57
2022-05-30 13:11:42,2022-05-30 13:11:48,Free_Living,annotator,Experimental situation,2022-05-30 01:53:57,2022-05-30 01:54:03
2022-05-30 13:11:48,2022-05-30 13:12:06,Free_Living,annotator,Experimental situation,2022-05-30 01:54:03,2022-05-30 01:54:21
2022-05-30 13:12:06,2022-05-30 13:12:12,Free_Living,annotator,Experimental situation,2022-05-30 01:54:21,2022-05-30 01:54:27
2022-05-30 13:12:12,2022-05-30 13:12:26,Free_Living,annotator,Experimental situation,2022-05-30 01:54:27,2022-05-30 01:54:41
2022-05-30 13:12:26,2022-05-30 13:12:33,Free_Living,annotator,Experimental situation,2022-05-30 01:54:41,2022-05-30 01:54:48
2022-05-30 13:12:33,2022-05-30 13:12:46,Free_Living,annotator,Experimental situation,2022-05-30 01:54:48,2022-05-30 01:55:01
2022-05-30 13:12:46,2022-05-30 13:13:20,Free_Living,annotator,Experimental situation,2022-05-30 01:55:01,2022-05-30 01:55:35
2022-05-30 13:13:20,2022-05-30 13:14:23,Free_Living,annotator,Experimental situation,2022-05-30 01:55:35,2022-05-30 01:56:38
2022-05-30 13:14:23,2022-05-30 13:14:40,Free_Living,annotator,Experimental situation,2022-05-30 01:56:38,2022-05-30 01:56:55
2022-05-30 13:14:40,2022-05-30 13:14:50,Free_Living,annotator,Experimental situation,2022-05-30 01:56:55,2022-05-30 01:57:05
2022-05-30 13:14:50,2022-05-30 13:15:43,Free_Living,annotator,Experimental situation,2022-05-30 01:57:05,2022-05-30 01:57:58
2022-05-30 13:15:43,2022-05-30 13:16:23,Free_Living,annotator,Experimental situation,2022-05-30 01:57:58,2022-05-30 01:58:38
2022-05-30 13:16:23,2022-05-30 13:17:46,Free_Living,annotator,Experimental situation,2022-05-30 01:58:38,2022-05-30 02:00:01
2022-05-30 13:17:46,2022-05-30 13:18:03,Free_Living,annotator,Experimental situation,2022-05-30 02:00:01,2022-05-30 02:00:18
2022-05-30 13:18:03,2022-05-30 13:22:03,Free_Living,annotator,Experimental situation,2022-05-30 02:00:18,2022-05-30 02:04:18
2022-05-30 13:22:03,2022-05-30 13:22:52,Free_Living,annotator,Experimental situation,2022-05-30 02:04:18,2022-05-30 02:05:07
2022-05-30 13:22:52,2022-05-30 13:35:04,Free_Living,annotator,Experimental situation,2022-05-30 02:05:07,2022-05-30 02:17:19
2022-05-30 13:35:04,2022-05-30 13:36:02,Free_Living,annotator,Experimental situation,2022-05-30 02:17:19,2022-05-30 02:18:17
2022-05-30 13:36:02,2022-05-30 13:36:25,Free_Living,annotator,Experimental situation,2022-05-30 02:18:17,2022-05-30 02:18:40
2022-05-30 13:36:25,2022-05-30 13:37:20,Free_Living,annotator,Experimental situation,2022-05-30 02:18:40,2022-05-30 02:19:35
2022-05-30 13:37:20,2022-05-30 13:40:48,Free_Living,annotator,Experimental situation,2022-05-30 02:19:35,2022-05-30 02:23:03
2022-05-30 13:40:48,2022-05-30 13:40:58,Free_Living,annotator,Experimental situation,2022-05-30 02:23:03,2022-05-30 02:23:13
2022-05-30 13:40:58,2022-05-30 14:01:56,Free_Living,annotator,Experimental situation,2022-05-30 02:23:13,2022-05-30 02:44:11
2022-05-30 14:01:56,2022-05-30 14:02:51,Free_Living,annotator,Experimental situation,2022-05-30 02:44:11,2022-05-30 02:45:06
2022-05-30 14:02:51,2022-05-30 14:04:55,Free_Living,annotator,Experimental situation,2022-05-30 02:45:06,2022-05-30 02:47:10
2022-05-30 14:04:55,2022-05-30 14:06:00,Free_Living,annotator,Experimental situation,2022-05-30 02:47:10,2022-05-30 02:48:15
2022-05-30 14:06:00,2022-05-30 14:06:51,Free_Living,annotator,Experimental situation,2022-05-30 02:48:15,2022-05-30 02:49:06
2022-05-30 14:06:51,2022-05-30 14:07:23,Free_Living,annotator,Experimental situation,2022-05-30 02:49:06,2022-05-30 02:49:38
2022-05-30 14:07:23,2022-05-30 14:07:31,Free_Living,annotator,Experimental situation,2022-05-30 02:49:38,2022-05-30 02:49:46
2022-05-30 14:07:31,2022-05-30 14:07:53,Free_Living,annotator,Experimental situation,2022-05-30 02:49:46,2022-05-30 02:50:08
2022-05-30 14:07:53,2022-05-30 14:08:32,Free_Living,annotator,Experimental situation,2022-05-30 02:50:08,2022-05-30 02:50:47
2022-05-30 14:08:32,2022-05-30 14:08:46,Free_Living,annotator,Experimental situation,2022-05-30 02:50:47,2022-05-30 02:51:01
2022-05-30 14:08:46,2022-05-30 14:09:25,Free_Living,annotator,Experimental situation,2022-05-30 02:51:01,2022-05-30 02:51:40
2022-05-30 14:09:25,2022-05-30 14:10:20,Free_Living,annotator,Experimental situation,2022-05-30 02:51:40,2022-05-30 02:52:35
2022-05-30 14:10:20,2022-05-30 14:10:35,Free_Living,annotator,Experimental situation,2022-05-30 02:52:35,2022-05-30 02:52:50
2022-05-30 14:10:35,2022-05-30 14:11:17,Free_Living,annotator,Experimental situation,2022-05-30 02:52:50,2022-05-30 02:53:32
2022-05-30 14:11:17,2022-05-30 14:11:29,Free_Living,annotator,Experimental situation,2022-05-30 02:53:32,2022-05-30 02:53:44
2022-05-30 14:11:30,2022-05-30 14:12:35,Free_Living,annotator,Experimental situation,2022-05-30 02:53:45,2022-05-30 02:54:50
2022-05-30 14:12:31,2022-05-30 14:12:33,Free_Living,annotator,Experimental situation,2022-05-30 02:54:46,2022-05-30 02:54:48
2022-05-30 14:12:35,2022-05-30 14:17:02,Free_Living,annotator,Experimental situation,2022-05-30 02:54:50,2022-05-30 02:59:17
2022-05-30 14:17:02,2022-05-30 14:17:17,Free_Living,annotator,Experimental situation,2022-05-30 02:59:17,2022-05-30 02:59:32
2022-05-30 14:17:17,2022-05-30 14:17:30,Free_Living,annotator,Experimental situation,2022-05-30 02:59:32,2022-05-30 02:59:45
2022-05-30 14:17:30,2022-05-30 14:17:48,Free_Living,annotator,Experimental situation,2022-05-30 02:59:45,2022-05-30 03:00:03
2022-05-30 14:17:48,2022-05-30 14:18:17,Free_Living,annotator,Experimental situation,2022-05-30 03:00:03,2022-05-30 03:00:32
2022-05-30 14:18:17,2022-05-30 14:20:42,Free_Living,annotator,Experimental situation,2022-05-30 03:00:32,2022-05-30 03:02:57
2022-05-30 14:20:42,2022-05-30 14:21:17,Free_Living,annotator,Experimental situation,2022-05-30 03:02:57,2022-05-30 03:03:32
2022-05-30 14:21:17,2022-05-30 14:21:24,Free_Living,annotator,Experimental situation,2022-05-30 03:03:32,2022-05-30 03:03:39
2022-05-30 14:21:24,2022-05-30 14:21:50,Free_Living,annotator,Experimental situation,2022-05-30 03:03:39,2022-05-30 03:04:05
2022-05-30 14:21:50,2022-05-30 14:22:24,Free_Living,annotator,Experimental situation,2022-05-30 03:04:05,2022-05-30 03:04:39
2022-05-30 14:22:24,2022-05-30 14:22:41,Free_Living,annotator,Experimental situation,2022-05-30 03:04:39,2022-05-30 03:04:56
2022-05-30 14:22:41,2022-05-30 14:23:07,Free_Living,annotator,Experimental situation,2022-05-30 03:04:56,2022-05-30 03:05:22
2022-05-30 14:23:07,2022-05-30 14:24:04,Free_Living,annotator,Experimental situation,2022-05-30 03:05:22,2022-05-30 03:06:19
2022-05-30 14:24:04,2022-05-30 14:24:36,Free_Living,annotator,Experimental situation,2022-05-30 03:06:19,2022-05-30 03:06:51
2022-05-30 14:24:36,2022-05-30 14:24:55,Free_Living,annotator,Experimental situation,2022-05-30 03:06:51,2022-05-30 03:07:10
2022-05-30 14:24:55,2022-05-30 14:25:05,Free_Living,annotator,Experimental situation,2022-05-30 03:07:10,2022-05-30 03:07:20
2022-05-30 14:25:05,2022-05-30 14:25:12,Free_Living,annotator,Experimental situation,2022-05-30 03:07:20,2022-05-30 03:07:27
2022-05-30 14:25:12,2022-05-30 14:25:37,Free_Living,annotator,Experimental situation,2022-05-30 03:07:27,2022-05-30 03:07:52
2022-05-30 14:25:37,2022-05-30 14:32:36,Free_Living,annotator,Experimental situation,2022-05-30 03:07:52,2022-05-30 03:14:51
2022-05-30 14:32:36,2022-05-30 14:32:56,Free_Living,annotator,Experimental situation,2022-05-30 03:14:51,2022-05-30 03:15:11
2022-05-30 14:32:56,2022-05-30 14:33:14,Free_Living,annotator,Experimental situation,2022-05-30 03:15:11,2022-05-30 03:15:29
2022-05-30 14:33:14,2022-05-30 14:33:43,Free_Living,annotator,Experimental situation,2022-05-30 03:15:29,2022-05-30 03:15:58
2022-05-30 14:33:43,2022-05-30 14:33:51,Free_Living,annotator,Experimental situation,2022-05-30 03:15:58,2022-05-30 03:16:06
2022-05-30 14:33:51,2022-05-30 14:34:19,Free_Living,annotator,Experimental situation,2022-05-30 03:16:06,2022-05-30 03:16:34
2022-05-30 14:34:19,2022-05-30 14:34:36,Free_Living,annotator,Experimental situation,2022-05-30 03:16:34,2022-05-30 03:16:51
2022-05-30 14:34:36,2022-05-30 14:34:56,Free_Living,annotator,Experimental situation,2022-05-30 03:16:51,2022-05-30 03:17:11
2022-05-30 14:34:56,2022-05-30 14:35:15,Free_Living,annotator,Experimental situation,2022-05-30 03:17:11,2022-05-30 03:17:30
2022-05-30 14:35:15,2022-05-30 14:35:33,Free_Living,annotator,Experimental situation,2022-05-30 03:17:30,2022-05-30 03:17:48
2022-05-30 14:35:33,2022-05-30 14:36:06,Free_Living,annotator,Experimental situation,2022-05-30 03:17:48,2022-05-30 03:18:21
2022-05-30 14:36:06,2022-05-30 14:36:32,Free_Living,annotator,Experimental situation,2022-05-30 03:18:21,2022-05-30 03:18:47
2022-05-30 14:36:32,2022-05-30 14:37:04,Free_Living,annotator,Experimental situation,2022-05-30 03:18:47,2022-05-30 03:19:19
2022-05-30 14:37:04,2022-05-30 14:37:48,Free_Living,annotator,Experimental situation,2022-05-30 03:19:19,2022-05-30 03:20:03
2022-05-30 14:37:48,2022-05-30 14:39:29,Free_Living,annotator,Experimental situation,2022-05-30 03:20:03,2022-05-30 03:21:44
2022-05-30 14:39:29,2022-05-30 14:39:48,Free_Living,annotator,Experimental situation,2022-05-30 03:21:44,2022-05-30 03:22:03
2022-05-30 14:39:48,2022-05-30 14:41:01,Free_Living,annotator,Experimental situation,2022-05-30 03:22:03,2022-05-30 03:23:16
2022-05-30 14:41:01,2022-05-30 14:42:22,Free_Living,annotator,Experimental situation,2022-05-30 03:23:16,2022-05-30 03:24:37
2022-05-30 14:42:22,2022-05-30 14:42:50,Free_Living,annotator,Experimental situation,2022-05-30 03:24:37,2022-05-30 03:25:05
2022-05-30 14:42:50,2022-05-30 14:44:13,Free_Living,annotator,Experimental situation,2022-05-30 03:25:05,2022-05-30 03:26:28
2022-05-30 14:44:13,2022-05-30 14:45:05,Free_Living,annotator,Experimental situation,2022-05-30 03:26:28,2022-05-30 03:27:20
2022-05-30 14:45:05,2022-05-30 14:45:47,Free_Living,annotator,Experimental situation,2022-05-30 03:27:20,2022-05-30 03:28:02
2022-05-30 14:45:47,2022-05-30 14:46:01,Free_Living,annotator,Experimental situation,2022-05-30 03:28:02,2022-05-30 03:28:16
2022-05-30 14:46:01,2022-05-30 14:46:43,Free_Living,annotator,Experimental situation,2022-05-30 03:28:16,2022-05-30 03:28:58
2022-05-30 14:46:43,2022-05-30 14:47:41,Free_Living,annotator,Experimental situation,2022-05-30 03:28:58,2022-05-30 03:29:56
2022-05-30 14:47:41,2022-05-30 14:48:01,Free_Living,annotator,Experimental situation,2022-05-30 03:29:56,2022-05-30 03:30:16
2022-05-30 14:48:01,2022-05-30 14:48:15,Free_Living,annotator,Experimental situation,2022-05-30 03:30:16,2022-05-30 03:30:30
2022-05-30 14:48:15,2022-05-30 14:49:51,Free_Living,annotator,Experimental situation,2022-05-30 03:30:30,2022-05-30 03:32:06
2022-05-30 14:49:51,2022-05-30 14:50:49,Free_Living,annotator,Experimental situation,2022-05-30 03:32:06,2022-05-30 03:33:04
2022-05-30 14:50:49,2022-05-30 14:51:14,Free_Living,annotator,Experimental situation,2022-05-30 03:33:04,2022-05-30 03:33:29
2022-05-30 14:51:14,2022-05-30 14:51:28,Free_Living,annotator,Experimental situation,2022-05-30 03:33:29,2022-05-30 03:33:43
2022-05-30 14:51:28,2022-05-30 14:52:00,Free_Living,annotator,Experimental situation,2022-05-30 03:33:43,2022-05-30 03:34:15
2022-05-30 14:52:00,2022-05-30 14:56:59,Free_Living,annotator,Experimental situation,2022-05-30 03:34:15,2022-05-30 03:39:14
2022-05-30 14:56:59,2022-05-30 14:57:12,Free_Living,annotator,Experimental situation,2022-05-30 03:39:14,2022-05-30 03:39:27
2022-05-30 14:57:12,2022-05-30 14:58:50,Free_Living,annotator,Experimental situation,2022-05-30 03:39:27,2022-05-30 03:41:05
2022-05-30 14:58:50,2022-05-30 14:58:56,Free_Living,annotator,Experimental situation,2022-05-30 03:41:05,2022-05-30 03:41:11
2022-05-30 14:58:56,2022-05-30 15:01:10,Free_Living,annotator,Experimental situation,2022-05-30 03:41:11,2022-05-30 03:43:25
2022-05-30 15:01:10,2022-05-30 15:06:19,Free_Living,annotator,Experimental situation,2022-05-30 03:43:25,2022-05-30 03:48:34
2022-05-30 15:06:19,2022-05-30 15:06:54,Free_Living,annotator,Experimental situation,2022-05-30 03:48:34,2022-05-30 03:49:09
2022-05-30 15:06:54,2022-05-30 15:07:20,Free_Living,annotator,Experimental situation,2022-05-30 03:49:09,2022-05-30 03:49:35
2022-05-30 15:07:20,2022-05-30 15:07:30,Free_Living,annotator,Experimental situation,2022-05-30 03:49:35,2022-05-30 03:49:45
2022-05-30 15:07:30,2022-05-30 15:30:19,Free_Living,annotator,Experimental situation,2022-05-30 03:49:45,2022-05-30 04:12:34
2022-05-30 15:30:19,2022-05-30 15:30:22,Free_Living,annotator,Experimental situation,2022-05-30 04:12:34,2022-05-30 04:12:37
2022-05-30 15:30:22,2022-05-30 15:30:28,Free_Living,annotator,Experimental situation,2022-05-30 04:12:37,2022-05-30 04:12:43
2022-05-30 15:30:28,2022-05-30 15:30:32,Free_Living,annotator,Experimental situation,2022-05-30 04:12:43,2022-05-30 04:12:47
2022-05-30 15:30:32,2022-05-30 15:30:47,Free_Living,annotator,Experimental situation,2022-05-30 04:12:47,2022-05-30 04:13:02
2022-05-30 15:30:47,2022-05-30 15:32:05,Free_Living,annotator,Experimental situation,2022-05-30 04:13:02,2022-05-30 04:14:20
2022-05-30 15:32:05,2022-05-30 15:32:16,Free_Living,annotator,Experimental situation,2022-05-30 04:14:20,2022-05-30 04:14:31
2022-05-30 15:32:16,2022-05-30 15:33:28,Free_Living,annotator,Experimental situation,2022-05-30 04:14:31,2022-05-30 04:15:43
2022-05-30 15:33:28,2022-05-30 15:34:25,Free_Living,annotator,Experimental situation,2022-05-30 04:15:43,2022-05-30 04:16:40
2022-05-30 15:34:25,2022-05-30 15:35:17,Free_Living,annotator,Experimental situation,2022-05-30 04:16:40,2022-05-30 04:17:32
2022-05-30 15:35:17,2022-05-30 15:35:26,Free_Living,annotator,Experimental situation,2022-05-30 04:17:32,2022-05-30 04:17:41
2022-05-30 15:35:26,2022-05-30 15:35:42,Free_Living,annotator,Experimental situation,2022-05-30 04:17:41,2022-05-30 04:17:57
2022-05-30 15:35:42,2022-05-30 15:36:16,Free_Living,annotator,Experimental situation,2022-05-30 04:17:57,2022-05-30 04:18:31
2022-05-30 15:36:16,2022-05-30 15:36:26,Free_Living,annotator,Experimental situation,2022-05-30 04:18:31,2022-05-30 04:18:41
2022-05-30 15:36:26,2022-05-30 15:38:33,Free_Living,annotator,Experimental situation,2022-05-30 04:18:41,2022-05-30 04:20:48
2022-05-30 15:38:33,2022-05-30 15:38:53,Free_Living,annotator,Experimental situation,2022-05-30 04:20:48,2022-05-30 04:21:08
2022-05-30 15:38:53,2022-05-30 15:39:36,Free_Living,annotator,Experimental situation,2022-05-30 04:21:08,2022-05-30 04:21:51
2022-05-30 15:39:36,2022-05-30 15:40:29,Free_Living,annotator,Experimental situation,2022-05-30 04:21:51,2022-05-30 04:22:44
2022-05-30 15:40:29,2022-05-30 15:40:41,Free_Living,annotator,Experimental situation,2022-05-30 04:22:44,2022-05-30 04:22:56
2022-05-30 15:40:41,2022-05-30 15:40:56,Free_Living,annotator,Experimental situation,2022-05-30 04:22:56,2022-05-30 04:23:11
2022-05-30 15:40:56,2022-05-30 15:42:23,Free_Living,annotator,Experimental situation,2022-05-30 04:23:11,2022-05-30 04:24:38
2022-05-30 15:42:23,2022-05-30 15:42:48,Free_Living,annotator,Experimental situation,2022-05-30 04:24:38,2022-05-30 04:25:03
2022-05-30 15:42:48,2022-05-30 15:44:10,Free_Living,annotator,Experimental situation,2022-05-30 04:25:03,2022-05-30 04:26:25
2022-05-30 15:44:10,2022-05-30 15:44:18,Free_Living,annotator,Experimental situation,2022-05-30 04:26:25,2022-05-30 04:26:33
2022-05-30 15:44:18,2022-05-30 15:45:08,Free_Living,annotator,Experimental situation,2022-05-30 04:26:33,2022-05-30 04:27:23
2022-05-30 15:45:11,2022-05-30 15:48:20,Free_Living,annotator,Experimental situation,2022-05-30 04:27:26,2022-05-30 04:30:35
2022-05-30 15:48:20,2022-05-30 15:48:20,Free_Living,annotator,Experimental situation,2022-05-30 04:30:35,2022-05-30 04:30:35
2022-05-30 15:48:20,2022-05-30 15:48:20,Free_Living,annotator,Experimental situation,2022-05-30 04:30:35,2022-05-30 04:30:35
2022-05-30 15:48:20,2022-05-30 15:48:37,Free_Living,annotator,Experimental situation,2022-05-30 04:30:35,2022-05-30 04:30:52
2022-05-30 15:48:37,2022-05-30 15:49:16,Free_Living,annotator,Experimental situation,2022-05-30 04:30:52,2022-05-30 04:31:31
2022-05-30 15:49:16,2022-05-30 15:49:23,Free_Living,annotator,Experimental situation,2022-05-30 04:31:31,2022-05-30 04:31:38
2022-05-30 15:49:23,2022-05-30 15:49:46,Free_Living,annotator,Experimental situation,2022-05-30 04:31:38,2022-05-30 04:32:01
2022-05-30 15:49:46,2022-05-30 15:49:58,Free_Living,annotator,Experimental situation,2022-05-30 04:32:01,2022-05-30 04:32:13
2022-05-30 15:49:58,2022-05-30 15:50:20,Free_Living,annotator,Experimental situation,2022-05-30 04:32:13,2022-05-30 04:32:35
2022-05-30 15:50:20,2022-05-30 15:50:38,Free_Living,annotator,Experimental situation,2022-05-30 04:32:35,2022-05-30 04:32:53
2022-05-30 15:50:38,2022-05-30 15:50:45,Free_Living,annotator,Experimental situation,2022-05-30 04:32:53,2022-05-30 04:33:00
2022-05-30 15:50:45,2022-05-30 15:51:17,Free_Living,annotator,Experimental situation,2022-05-30 04:33:00,2022-05-30 04:33:32
2022-05-30 15:51:17,2022-05-30 15:51:49,Free_Living,annotator,Experimental situation,2022-05-30 04:33:32,2022-05-30 04:34:04
2022-05-30 15:51:49,2022-05-30 15:52:55,Free_Living,annotator,Experimental situation,2022-05-30 04:34:04,2022-05-30 04:35:10
2022-05-30 15:52:55,2022-05-30 15:56:15,Free_Living,annotator,Experimental situation,2022-05-30 04:35:10,2022-05-30 04:38:30
2022-05-30 15:56:15,2022-05-30 16:03:34,Free_Living,annotator,Experimental situation,2022-05-30 04:38:30,2022-05-30 04:45:49
2022-05-30 16:03:34,2022-05-30 16:04:00,Free_Living,annotator,Experimental situation,2022-05-30 04:45:49,2022-05-30 04:46:15
2022-05-30 16:04:00,2022-05-30 16:04:33,Free_Living,annotator,Experimental situation,2022-05-30 04:46:15,2022-05-30 04:46:48
2022-05-30 16:04:33,2022-05-30 16:08:22,Free_Living,annotator,Experimental situation,2022-05-30 04:46:48,2022-05-30 04:50:37
2022-05-30 16:08:22,2022-05-30 16:08:35,Free_Living,annotator,Experimental situation,2022-05-30 04:50:37,2022-05-30 04:50:50
2022-05-30 16:08:35,2022-05-30 16:10:00,Free_Living,annotator,Experimental situation,2022-05-30 04:50:50,2022-05-30 04:52:15
2022-05-30 16:10:00,2022-05-30 16:11:59,Free_Living,annotator,Experimental situation,2022-05-30 04:52:15,2022-05-30 04:54:14
2022-05-30 16:11:59,2022-05-30 16:12:21,Free_Living,annotator,Experimental situation,2022-05-30 04:54:14,2022-05-30 04:54:36
2022-05-30 16:12:21,2022-05-30 16:13:01,Free_Living,annotator,Experimental situation,2022-05-30 04:54:36,2022-05-30 04:55:16
2022-05-30 16:13:01,2022-05-30 16:16:54,Free_Living,annotator,Experimental situation,2022-05-30 04:55:16,2022-05-30 04:59:09
2022-05-30 16:16:54,2022-05-30 16:17:12,Free_Living,annotator,Experimental situation,2022-05-30 04:59:09,2022-05-30 04:59:27
2022-05-30 16:17:12,2022-05-30 16:23:09,Free_Living,annotator,Experimental situation,2022-05-30 04:59:27,2022-05-30 05:05:24
