START_TIME,STOP_TIME,PREDICTION,SOURCE,LABELSET,VIDEO_START_TIME,VIDEO_END_TIME
2022-05-23 09:09:02,2022-05-23 09:09:31,Located_Indoors,annotator,Behavioral Parameters,2022-05-23 00:00:03,2022-05-23 00:00:32
2022-05-23 09:09:55,2022-05-23 09:10:52,Located_Indoors,annotator,Behavioral Parameters,2022-05-23 00:00:56,2022-05-23 00:01:53
2022-05-23 09:10:52,2022-05-23 09:11:27,Located_Indoors,annotator,Behavioral Parameters,2022-05-23 00:01:53,2022-05-23 00:02:28
2022-05-23 09:11:40,2022-05-23 09:11:58,Located_Indoors, Texting/Browsing_Phone,annotator,Behavioral Parameters,2022-05-23 00:02:41,2022-05-23 00:02:59
2022-05-23 09:11:58,2022-05-23 09:12:12,Located_Indoors,annotator,Behavioral Parameters,2022-05-23 00:02:59,2022-05-23 00:03:13
2022-05-23 09:12:23,2022-05-23 09:13:07,Located_Indoors,annotator,Behavioral Parameters,2022-05-23 00:03:24,2022-05-23 00:04:08
2022-05-23 09:13:11,2022-05-23 09:14:30,Located_Indoors,annotator,Behavioral Parameters,2022-05-23 00:04:12,2022-05-23 00:05:31
2022-05-23 09:14:30,2022-05-23 09:15:14,Located_Indoors, Browsing_Computer,annotator,Behavioral Parameters,2022-05-23 00:05:31,2022-05-23 00:06:15
2022-05-23 09:15:14,2022-05-23 09:17:29,Located_Indoors,annotator,Behavioral Parameters,2022-05-23 00:06:15,2022-05-23 00:08:30
2022-05-23 09:17:29,2022-05-23 09:20:00,Located_Indoors,annotator,Behavioral Parameters,2022-05-23 00:08:30,2022-05-23 00:11:01
2022-05-23 09:20:34,2022-05-23 09:21:39,Located_Indoors, Texting/Browsing_Phone,annotator,Behavioral Parameters,2022-05-23 00:11:35,2022-05-23 00:12:40
2022-05-23 09:21:39,2022-05-23 09:22:15,Located_Indoors,annotator,Behavioral Parameters,2022-05-23 00:12:40,2022-05-23 00:13:16
2022-05-23 09:22:15,2022-05-23 09:24:17,Located_Indoors, Handwriting, Browsing_Computer,annotator,Behavioral Parameters,2022-05-23 00:13:16,2022-05-23 00:15:18
2022-05-23 09:24:23,2022-05-23 09:31:15,Located_Indoors, Texting/Browsing_Phone,annotator,Behavioral Parameters,2022-05-23 00:15:24,2022-05-23 00:22:16
2022-05-23 09:31:30,2022-05-23 09:33:51,Located_Indoors,annotator,Behavioral Parameters,2022-05-23 00:22:31,2022-05-23 00:24:52
2022-05-23 09:33:51,2022-05-23 09:37:46,Located_Indoors, Texting/Browsing_Phone,annotator,Behavioral Parameters,2022-05-23 00:24:52,2022-05-23 00:28:47
2022-05-23 09:37:52,2022-05-23 09:39:18,Located_Indoors,annotator,Behavioral Parameters,2022-05-23 00:28:53,2022-05-23 00:30:19
2022-05-23 09:39:21,2022-05-23 09:40:02,Located_Indoors,annotator,Behavioral Parameters,2022-05-23 00:30:22,2022-05-23 00:31:03
2022-05-23 09:40:09,2022-05-23 09:40:27,Located_Indoors,annotator,Behavioral Parameters,2022-05-23 00:31:10,2022-05-23 00:31:28
2022-05-23 09:40:34,2022-05-23 09:41:35,Located_Indoors,annotator,Behavioral Parameters,2022-05-23 00:31:35,2022-05-23 00:32:36
2022-05-23 09:41:35,2022-05-23 09:42:11,Located_Indoors,annotator,Behavioral Parameters,2022-05-23 00:32:36,2022-05-23 00:33:12
2022-05-23 09:42:11,2022-05-23 09:42:34,Located_Indoors,annotator,Behavioral Parameters,2022-05-23 00:33:12,2022-05-23 00:33:35
2022-05-23 09:42:35,2022-05-23 09:43:40,Located_Indoors, Carrying_Bag_On_Shoulder/Back_Light, Texting/Browsing_Phone,annotator,Behavioral Parameters,2022-05-23 00:33:36,2022-05-23 00:34:41
2022-05-23 09:43:40,2022-05-23 09:43:52,Located_Indoors, Carrying_Bag_On_Shoulder/Back_Light,annotator,Behavioral Parameters,2022-05-23 00:34:41,2022-05-23 00:34:53
2022-05-23 09:44:01,2022-05-23 09:44:23,Located_Indoors, Carrying_Bag_On_Shoulder/Back_Light,annotator,Behavioral Parameters,2022-05-23 00:35:02,2022-05-23 00:35:24
2022-05-23 09:44:23,2022-05-23 09:44:49,Located_Indoors, Carrying_Bag_On_Shoulder/Back_Light,annotator,Behavioral Parameters,2022-05-23 00:35:24,2022-05-23 00:35:50
2022-05-23 09:44:49,2022-05-23 09:47:37,Carrying_Bag_On_Shoulder/Back_Light, Located_Outdoors,annotator,Behavioral Parameters,2022-05-23 00:35:50,2022-05-23 00:38:38
2022-05-23 09:47:37,2022-05-23 09:47:57,Carrying_Bag_On_Shoulder/Back_Light, Located_Indoors,annotator,Behavioral Parameters,2022-05-23 00:38:38,2022-05-23 00:38:58
2022-05-23 09:47:57,2022-05-23 09:48:32,Carrying_Bag_On_Shoulder/Back_Light, Located_Indoors,annotator,Behavioral Parameters,2022-05-23 00:38:58,2022-05-23 00:39:33
2022-05-23 09:48:32,2022-05-23 09:48:57,Carrying_Bag_On_Shoulder/Back_Light, Located_Indoors,annotator,Behavioral Parameters,2022-05-23 00:39:33,2022-05-23 00:39:58
2022-05-23 09:49:02,2022-05-23 09:49:41,Located_Indoors,annotator,Behavioral Parameters,2022-05-23 00:40:03,2022-05-23 00:40:42
2022-05-23 09:49:41,2022-05-23 09:50:19,Located_Indoors, Legs_Uncrossed,annotator,Behavioral Parameters,2022-05-23 00:40:42,2022-05-23 00:41:20
2022-05-23 09:50:19,2022-05-23 09:51:00,Located_Indoors, Legs_Uncrossed,annotator,Behavioral Parameters,2022-05-23 00:41:20,2022-05-23 00:42:01
2022-05-23 09:51:00,2022-05-23 09:52:16,Located_Indoors,annotator,Behavioral Parameters,2022-05-23 00:42:01,2022-05-23 00:43:17
2022-05-23 09:52:16,2022-05-23 09:53:02,Located_Indoors, Texting/Browsing_Phone, Legs_Uncrossed,annotator,Behavioral Parameters,2022-05-23 00:43:17,2022-05-23 00:44:03
2022-05-23 09:53:02,2022-05-23 09:54:02,Located_Indoors, Legs_Uncrossed,annotator,Behavioral Parameters,2022-05-23 00:44:03,2022-05-23 00:45:03
2022-05-23 09:54:02,2022-05-23 09:54:12,Located_Indoors, Legs_Uncrossed, Texting/Browsing_Phone,annotator,Behavioral Parameters,2022-05-23 00:45:03,2022-05-23 00:45:13
2022-05-23 09:54:12,2022-05-23 09:56:14,Located_Indoors, Legs_Uncrossed,annotator,Behavioral Parameters,2022-05-23 00:45:13,2022-05-23 00:47:15
2022-05-23 09:56:14,2022-05-23 09:58:01,Located_Indoors, Legs_Uncrossed, Handwriting,annotator,Behavioral Parameters,2022-05-23 00:47:15,2022-05-23 00:49:02
2022-05-23 09:58:01,2022-05-23 09:58:39,Located_Indoors, Legs_Uncrossed, Texting/Browsing_Phone,annotator,Behavioral Parameters,2022-05-23 00:49:02,2022-05-23 00:49:40
2022-05-23 09:58:44,2022-05-23 10:00:03,Located_Indoors, Legs_Uncrossed,annotator,Behavioral Parameters,2022-05-23 00:49:45,2022-05-23 00:51:04
2022-05-23 10:00:03,2022-05-23 10:00:20,Located_Indoors, Legs_Uncrossed, Texting/Browsing_Phone,annotator,Behavioral Parameters,2022-05-23 00:51:04,2022-05-23 00:51:21
2022-05-23 10:00:23,2022-05-23 10:00:53,Located_Indoors, Legs_Uncrossed, Handwriting,annotator,Behavioral Parameters,2022-05-23 00:51:24,2022-05-23 00:51:54
2022-05-23 10:00:53,2022-05-23 10:01:55,Located_Indoors, Legs_Uncrossed,annotator,Behavioral Parameters,2022-05-23 00:51:54,2022-05-23 00:52:56
2022-05-23 10:01:55,2022-05-23 10:03:23,Located_Indoors,annotator,Behavioral Parameters,2022-05-23 00:52:56,2022-05-23 00:54:24
2022-05-23 10:03:23,2022-05-23 10:06:19,Located_Indoors, Handwriting,annotator,Behavioral Parameters,2022-05-23 00:54:24,2022-05-23 00:57:20
2022-05-23 10:06:19,2022-05-23 10:08:23,Located_Indoors,annotator,Behavioral Parameters,2022-05-23 00:57:20,2022-05-23 00:59:24
2022-05-23 10:08:23,2022-05-23 10:10:44,Located_Indoors, Handwriting,annotator,Behavioral Parameters,2022-05-23 00:59:24,2022-05-23 01:01:45
2022-05-23 10:10:44,2022-05-23 10:11:03,Located_Indoors,annotator,Behavioral Parameters,2022-05-23 01:01:45,2022-05-23 01:02:04
2022-05-23 10:11:03,2022-05-23 10:11:15,Located_Indoors, Texting/Browsing_Phone,annotator,Behavioral Parameters,2022-05-23 01:02:04,2022-05-23 01:02:16
2022-05-23 10:11:15,2022-05-23 10:14:13,Located_Indoors,annotator,Behavioral Parameters,2022-05-23 01:02:16,2022-05-23 01:05:14
2022-05-23 10:14:13,2022-05-23 10:15:11,Located_Indoors, Texting/Browsing_Phone,annotator,Behavioral Parameters,2022-05-23 01:05:14,2022-05-23 01:06:12
2022-05-23 10:15:11,2022-05-23 10:16:34,Located_Indoors,annotator,Behavioral Parameters,2022-05-23 01:06:12,2022-05-23 01:07:35
2022-05-23 10:16:34,2022-05-23 10:19:10,Located_Indoors,annotator,Behavioral Parameters,2022-05-23 01:07:35,2022-05-23 01:10:11
2022-05-23 10:19:10,2022-05-23 10:19:45,Located_Indoors, Legs_Crossed, Texting/Browsing_Phone,annotator,Behavioral Parameters,2022-05-23 01:10:11,2022-05-23 01:10:46
2022-05-23 10:19:45,2022-05-23 10:21:14,Located_Indoors,annotator,Behavioral Parameters,2022-05-23 01:10:46,2022-05-23 01:12:15
2022-05-23 10:21:14,2022-05-23 10:21:49,Located_Indoors,annotator,Behavioral Parameters,2022-05-23 01:12:15,2022-05-23 01:12:50
2022-05-23 10:21:49,2022-05-23 10:22:33,Located_Indoors,annotator,Behavioral Parameters,2022-05-23 01:12:50,2022-05-23 01:13:34
2022-05-23 10:22:33,2022-05-23 10:22:55,Located_Indoors,annotator,Behavioral Parameters,2022-05-23 01:13:34,2022-05-23 01:13:56
2022-05-23 10:22:55,2022-05-23 10:24:57,Located_Indoors, Texting/Browsing_Phone,annotator,Behavioral Parameters,2022-05-23 01:13:56,2022-05-23 01:15:58
2022-05-23 10:24:57,2022-05-23 10:25:23,Located_Indoors, Texting/Browsing_Phone, Legs_Uncrossed,annotator,Behavioral Parameters,2022-05-23 01:15:58,2022-05-23 01:16:24
2022-05-23 10:25:23,2022-05-23 10:29:07,Located_Indoors, Texting/Browsing_Phone,annotator,Behavioral Parameters,2022-05-23 01:16:24,2022-05-23 01:20:08
2022-05-23 10:29:07,2022-05-23 10:34:06,Located_Indoors, Texting/Browsing_Phone, Legs_Crossed,annotator,Behavioral Parameters,2022-05-23 01:20:08,2022-05-23 01:25:07
2022-05-23 10:34:06,2022-05-23 10:35:20,Located_Indoors, Texting/Browsing_Phone,annotator,Behavioral Parameters,2022-05-23 01:25:07,2022-05-23 01:26:21
2022-05-23 10:35:20,2022-05-23 10:38:02,Located_Indoors,annotator,Behavioral Parameters,2022-05-23 01:26:21,2022-05-23 01:29:03
2022-05-23 10:38:02,2022-05-23 10:39:33,Located_Indoors, Texting/Browsing_Phone,annotator,Behavioral Parameters,2022-05-23 01:29:03,2022-05-23 01:30:34
2022-05-23 10:39:33,2022-05-23 10:39:40,Located_Indoors,annotator,Behavioral Parameters,2022-05-23 01:30:34,2022-05-23 01:30:41
2022-05-23 10:39:40,2022-05-23 10:40:00,Located_Indoors,annotator,Behavioral Parameters,2022-05-23 01:30:41,2022-05-23 01:31:01
2022-05-23 10:40:00,2022-05-23 10:40:30,Located_Indoors,annotator,Behavioral Parameters,2022-05-23 01:31:01,2022-05-23 01:31:31
2022-05-23 10:40:30,2022-05-23 10:42:02,Located_Indoors, Texting/Browsing_Phone,annotator,Behavioral Parameters,2022-05-23 01:31:31,2022-05-23 01:33:03
2022-05-23 10:42:02,2022-05-23 10:42:21,Located_Indoors, Texting/Browsing_Phone, Legs_Uncrossed,annotator,Behavioral Parameters,2022-05-23 01:33:03,2022-05-23 01:33:22
2022-05-23 10:42:21,2022-05-23 10:42:50,Located_Indoors, Texting/Browsing_Phone, Legs_Crossed,annotator,Behavioral Parameters,2022-05-23 01:33:22,2022-05-23 01:33:51
2022-05-23 10:42:50,2022-05-23 10:44:37,Located_Indoors, Legs_Crossed,annotator,Behavioral Parameters,2022-05-23 01:33:51,2022-05-23 01:35:38
2022-05-23 10:44:37,2022-05-23 10:44:44,Located_Indoors, Legs_Crossed, Texting/Browsing_Phone,annotator,Behavioral Parameters,2022-05-23 01:35:38,2022-05-23 01:35:45
2022-05-23 10:44:44,2022-05-23 10:44:57,Located_Indoors, Legs_Crossed,annotator,Behavioral Parameters,2022-05-23 01:35:45,2022-05-23 01:35:58
2022-05-23 10:44:57,2022-05-23 10:45:46,Located_Indoors, Legs_Crossed, Texting/Browsing_Phone,annotator,Behavioral Parameters,2022-05-23 01:35:58,2022-05-23 01:36:47
2022-05-23 10:45:46,2022-05-23 10:46:50,Located_Indoors, Legs_Crossed,annotator,Behavioral Parameters,2022-05-23 01:36:47,2022-05-23 01:37:51
2022-05-23 10:46:50,2022-05-23 10:47:01,Located_Indoors, Legs_Crossed, Texting/Browsing_Phone,annotator,Behavioral Parameters,2022-05-23 01:37:51,2022-05-23 01:38:02
2022-05-23 10:47:02,2022-05-23 10:48:27,Located_Indoors, Legs_Crossed,annotator,Behavioral Parameters,2022-05-23 01:38:03,2022-05-23 01:39:28
2022-05-23 10:48:33,2022-05-23 10:49:57,Located_Indoors, Legs_Crossed,annotator,Behavioral Parameters,2022-05-23 01:39:34,2022-05-23 01:40:58
2022-05-23 10:49:57,2022-05-23 10:52:48,Located_Indoors,annotator,Behavioral Parameters,2022-05-23 01:40:58,2022-05-23 01:43:49
2022-05-23 10:52:48,2022-05-23 10:56:10,Located_Indoors, Legs_Uncrossed,annotator,Behavioral Parameters,2022-05-23 01:43:49,2022-05-23 01:47:11
2022-05-23 10:56:10,2022-05-23 10:57:08,Located_Indoors,annotator,Behavioral Parameters,2022-05-23 01:47:11,2022-05-23 01:48:09
2022-05-23 10:57:08,2022-05-23 10:57:30,Located_Indoors, Handwriting,annotator,Behavioral Parameters,2022-05-23 01:48:09,2022-05-23 01:48:31
2022-05-23 10:57:30,2022-05-23 10:58:15,Located_Indoors,annotator,Behavioral Parameters,2022-05-23 01:48:31,2022-05-23 01:49:16
2022-05-23 10:58:15,2022-05-23 10:58:41,Located_Indoors, Handwriting,annotator,Behavioral Parameters,2022-05-23 01:49:16,2022-05-23 01:49:42
2022-05-23 10:58:42,2022-05-23 10:59:13,Located_Indoors,annotator,Behavioral Parameters,2022-05-23 01:49:43,2022-05-23 01:50:14
2022-05-23 10:59:13,2022-05-23 10:59:50,Located_Indoors, Handwriting,annotator,Behavioral Parameters,2022-05-23 01:50:14,2022-05-23 01:50:51
2022-05-23 10:59:50,2022-05-23 11:06:13,Located_Indoors, Legs_Uncrossed,annotator,Behavioral Parameters,2022-05-23 01:50:51,2022-05-23 01:57:14
2022-05-23 11:06:13,2022-05-23 11:06:34,Located_Indoors,annotator,Behavioral Parameters,2022-05-23 01:57:14,2022-05-23 01:57:35
2022-05-23 11:06:34,2022-05-23 11:09:01,Located_Indoors, Legs_Uncrossed,annotator,Behavioral Parameters,2022-05-23 01:57:35,2022-05-23 02:00:02
2022-05-23 11:09:01,2022-05-23 11:09:50,Located_Indoors, Handwriting,annotator,Behavioral Parameters,2022-05-23 02:00:02,2022-05-23 02:00:51
2022-05-23 11:09:50,2022-05-23 11:13:03,Located_Indoors, Legs_Uncrossed,annotator,Behavioral Parameters,2022-05-23 02:00:51,2022-05-23 02:04:04
2022-05-23 11:13:03,2022-05-23 11:16:29,Located_Indoors, Legs_Crossed,annotator,Behavioral Parameters,2022-05-23 02:04:04,2022-05-23 02:07:30
2022-05-23 11:16:29,2022-05-23 11:19:31,Located_Indoors,annotator,Behavioral Parameters,2022-05-23 02:07:30,2022-05-23 02:10:32
2022-05-23 11:19:31,2022-05-23 11:21:11,Located_Indoors,annotator,Behavioral Parameters,2022-05-23 02:10:32,2022-05-23 02:12:12
2022-05-23 11:21:12,2022-05-23 11:22:44,Located_Indoors, Handwriting,annotator,Behavioral Parameters,2022-05-23 02:12:13,2022-05-23 02:13:45
2022-05-23 11:22:44,2022-05-23 11:30:50,Located_Indoors,annotator,Behavioral Parameters,2022-05-23 02:13:45,2022-05-23 02:21:51
2022-05-23 11:30:50,2022-05-23 11:31:06,Located_Indoors, Handwriting,annotator,Behavioral Parameters,2022-05-23 02:21:51,2022-05-23 02:22:07
2022-05-23 11:31:20,2022-05-23 11:32:25,Located_Indoors,annotator,Behavioral Parameters,2022-05-23 02:22:21,2022-05-23 02:23:26
2022-05-23 11:32:28,2022-05-23 11:32:49,Located_Indoors, Handwriting,annotator,Behavioral Parameters,2022-05-23 02:23:29,2022-05-23 02:23:50
2022-05-23 11:32:53,2022-05-23 11:36:49,Located_Indoors,annotator,Behavioral Parameters,2022-05-23 02:23:54,2022-05-23 02:27:50
2022-05-23 11:37:05,2022-05-23 11:37:29,Located_Indoors, Carrying_Bag_On_Shoulder/Back_Light,annotator,Behavioral Parameters,2022-05-23 02:28:06,2022-05-23 02:28:30
2022-05-23 11:37:30,2022-05-23 11:38:07,Carrying_Bag_On_Shoulder/Back_Light, Located_Indoors, Texting/Browsing_Phone,annotator,Behavioral Parameters,2022-05-23 02:28:31,2022-05-23 02:29:08
2022-05-23 11:38:07,2022-05-23 11:38:19,Carrying_Bag_On_Shoulder/Back_Light, Located_Indoors,annotator,Behavioral Parameters,2022-05-23 02:29:08,2022-05-23 02:29:20
2022-05-23 11:38:19,2022-05-23 11:41:06,Carrying_Bag_On_Shoulder/Back_Light, Located_Outdoors,annotator,Behavioral Parameters,2022-05-23 02:29:20,2022-05-23 02:32:07
2022-05-23 11:41:07,2022-05-23 11:41:23,Carrying_Bag_On_Shoulder/Back_Light, Located_Indoors,annotator,Behavioral Parameters,2022-05-23 02:32:08,2022-05-23 02:32:24
2022-05-23 11:41:23,2022-05-23 11:41:50,Carrying_Bag_On_Shoulder/Back_Light, Located_Indoors, Texting/Browsing_Phone,annotator,Behavioral Parameters,2022-05-23 02:32:24,2022-05-23 02:32:51
2022-05-23 11:41:50,2022-05-23 11:42:10,Carrying_Bag_On_Shoulder/Back_Light, Located_Indoors, Texting/Browsing_Phone,annotator,Behavioral Parameters,2022-05-23 02:32:51,2022-05-23 02:33:11
2022-05-23 11:42:10,2022-05-23 11:42:21,Carrying_Bag_On_Shoulder/Back_Light, Located_Indoors, Texting/Browsing_Phone,annotator,Behavioral Parameters,2022-05-23 02:33:11,2022-05-23 02:33:22
2022-05-23 11:42:21,2022-05-23 11:42:41,Carrying_Bag_On_Shoulder/Back_Light, Located_Indoors,annotator,Behavioral Parameters,2022-05-23 02:33:22,2022-05-23 02:33:42
2022-05-23 11:42:41,2022-05-23 11:42:44,Carrying_Bag_On_Shoulder/Back_Light, Located_Indoors,annotator,Behavioral Parameters,2022-05-23 02:33:42,2022-05-23 02:33:45
2022-05-23 11:42:44,2022-05-23 11:42:45,Carrying_Bag_On_Shoulder/Back_Light, Located_Indoors,annotator,Behavioral Parameters,2022-05-23 02:33:45,2022-05-23 02:33:46
2022-05-23 11:42:45,2022-05-23 11:42:51,Carrying_Bag_On_Shoulder/Back_Light, Located_Indoors,annotator,Behavioral Parameters,2022-05-23 02:33:46,2022-05-23 02:33:52
2022-05-23 11:42:51,2022-05-23 11:43:03,Carrying_Bag_On_Shoulder/Back_Light, Located_Indoors,annotator,Behavioral Parameters,2022-05-23 02:33:52,2022-05-23 02:34:04
2022-05-23 11:43:03,2022-05-23 11:43:18,Carrying_Bag_On_Shoulder/Back_Light, Located_Indoors,annotator,Behavioral Parameters,2022-05-23 02:34:04,2022-05-23 02:34:19
2022-05-23 11:43:18,2022-05-23 11:43:25,Located_Indoors,annotator,Behavioral Parameters,2022-05-23 02:34:19,2022-05-23 02:34:26
2022-05-23 11:43:25,2022-05-23 11:47:20,CP_VideoUnavailable/Indecipherable,annotator,Behavioral Parameters,2022-05-23 02:34:26,2022-05-23 02:38:21
2022-05-23 11:47:30,2022-05-23 11:47:51,Located_Indoors,annotator,Behavioral Parameters,2022-05-23 02:38:31,2022-05-23 02:38:52
2022-05-23 11:47:54,2022-05-23 11:49:17,Located_Indoors,annotator,Behavioral Parameters,2022-05-23 02:38:55,2022-05-23 02:40:18
2022-05-23 11:49:25,2022-05-23 12:05:03,Located_Indoors, Texting/Browsing_Phone,annotator,Behavioral Parameters,2022-05-23 02:40:26,2022-05-23 02:56:04
2022-05-23 12:05:10,2022-05-23 12:15:22,Located_Indoors,annotator,Behavioral Parameters,2022-05-23 02:56:11,2022-05-23 03:06:23
2022-05-23 12:15:27,2022-05-23 12:16:36,Located_Indoors,annotator,Behavioral Parameters,2022-05-23 03:06:28,2022-05-23 03:07:37
2022-05-23 12:16:43,2022-05-23 12:17:00,Located_Indoors,annotator,Behavioral Parameters,2022-05-23 03:07:44,2022-05-23 03:08:01
2022-05-23 12:17:00,2022-05-23 12:17:17,Located_Indoors, Holding_Solid_Food,annotator,Behavioral Parameters,2022-05-23 03:08:01,2022-05-23 03:08:18
2022-05-23 12:17:31,2022-05-23 12:17:51,Located_Indoors, Holding_Solid_Food,annotator,Behavioral Parameters,2022-05-23 03:08:32,2022-05-23 03:08:52
2022-05-23 12:18:01,2022-05-23 12:18:34,Located_Indoors, Holding_Other_Object_Light,annotator,Behavioral Parameters,2022-05-23 03:09:02,2022-05-23 03:09:35
2022-05-23 12:18:34,2022-05-23 12:18:38,Located_Indoors,annotator,Behavioral Parameters,2022-05-23 03:09:35,2022-05-23 03:09:39
2022-05-23 12:18:38,2022-05-23 12:18:49,Located_Indoors, Holding_Other_Object_Light,annotator,Behavioral Parameters,2022-05-23 03:09:39,2022-05-23 03:09:50
2022-05-23 12:18:49,2022-05-23 12:18:56,Located_Indoors,annotator,Behavioral Parameters,2022-05-23 03:09:50,2022-05-23 03:09:57
2022-05-23 12:19:13,2022-05-23 12:19:49,Located_Indoors, Holding_Other_Object_Light,annotator,Behavioral Parameters,2022-05-23 03:10:14,2022-05-23 03:10:50
2022-05-23 12:20:01,2022-05-23 12:20:23,Located_Indoors, Texting/Browsing_Phone,annotator,Behavioral Parameters,2022-05-23 03:11:02,2022-05-23 03:11:24
2022-05-23 12:20:42,2022-05-23 12:31:41,Located_Indoors,annotator,Behavioral Parameters,2022-05-23 03:11:43,2022-05-23 03:22:42
2022-05-23 12:31:44,2022-05-23 12:32:15,Located_Indoors,annotator,Behavioral Parameters,2022-05-23 03:22:45,2022-05-23 03:23:16
2022-05-23 12:32:19,2022-05-23 12:32:28,Located_Indoors,annotator,Behavioral Parameters,2022-05-23 03:23:20,2022-05-23 03:23:29
2022-05-23 12:32:28,2022-05-23 12:32:47,Located_Indoors, Holding_Other_Object_Light,annotator,Behavioral Parameters,2022-05-23 03:23:29,2022-05-23 03:23:48
2022-05-23 12:32:56,2022-05-23 12:33:36,Located_Indoors,annotator,Behavioral Parameters,2022-05-23 03:23:57,2022-05-23 03:24:37
2022-05-23 12:33:41,2022-05-23 12:33:57,Located_Indoors,annotator,Behavioral Parameters,2022-05-23 03:24:42,2022-05-23 03:24:58
2022-05-23 12:33:57,2022-05-23 12:35:13,Located_Indoors,annotator,Behavioral Parameters,2022-05-23 03:24:58,2022-05-23 03:26:14
2022-05-23 12:35:32,2022-05-23 12:36:39,Located_Indoors,annotator,Behavioral Parameters,2022-05-23 03:26:33,2022-05-23 03:27:40
2022-05-23 12:36:51,2022-05-23 12:38:35,Located_Indoors,annotator,Behavioral Parameters,2022-05-23 03:27:52,2022-05-23 03:29:36
2022-05-23 12:38:44,2022-05-23 12:38:47,Located_Indoors,annotator,Behavioral Parameters,2022-05-23 03:29:45,2022-05-23 03:29:48
2022-05-23 12:38:53,2022-05-23 12:39:46,Located_Indoors,annotator,Behavioral Parameters,2022-05-23 03:29:54,2022-05-23 03:30:47
2022-05-23 12:39:55,2022-05-23 12:40:36,Located_Indoors,annotator,Behavioral Parameters,2022-05-23 03:30:56,2022-05-23 03:31:37
2022-05-23 12:40:36,2022-05-23 12:42:22,Located_Indoors, Texting/Browsing_Phone,annotator,Behavioral Parameters,2022-05-23 03:31:37,2022-05-23 03:33:23
2022-05-23 12:42:26,2022-05-23 12:50:32,BP_VideoUnavailable/Indecipherable,annotator,Behavioral Parameters,2022-05-23 03:33:27,2022-05-23 03:41:33
2022-05-23 12:50:34,2022-05-23 12:51:58,Located_Indoors,annotator,Behavioral Parameters,2022-05-23 03:41:35,2022-05-23 03:42:59
2022-05-23 12:52:00,2022-05-23 12:54:06,Located_Indoors, Texting/Browsing_Phone,annotator,Behavioral Parameters,2022-05-23 03:43:01,2022-05-23 03:45:07
2022-05-23 12:54:17,2022-05-23 12:54:42,Located_Indoors,annotator,Behavioral Parameters,2022-05-23 03:45:18,2022-05-23 03:45:43
2022-05-23 12:54:55,2022-05-23 12:55:19,Located_Indoors,annotator,Behavioral Parameters,2022-05-23 03:45:56,2022-05-23 03:46:20
2022-05-23 12:55:20,2022-05-23 12:55:36,Located_Indoors,annotator,Behavioral Parameters,2022-05-23 03:46:21,2022-05-23 03:46:37
2022-05-23 12:55:36,2022-05-23 12:55:59,Located_Indoors, Texting/Browsing_Phone,annotator,Behavioral Parameters,2022-05-23 03:46:37,2022-05-23 03:47:00
2022-05-23 12:55:59,2022-05-23 12:56:13,Located_Indoors, Texting/Browsing_Phone,annotator,Behavioral Parameters,2022-05-23 03:47:00,2022-05-23 03:47:14
2022-05-23 12:56:15,2022-05-23 12:56:39,Located_Indoors,annotator,Behavioral Parameters,2022-05-23 03:47:16,2022-05-23 03:47:40
2022-05-23 12:56:41,2022-05-23 12:57:38,Located_Indoors, Texting/Browsing_Phone,annotator,Behavioral Parameters,2022-05-23 03:47:42,2022-05-23 03:48:39
2022-05-23 12:57:40,2022-05-23 12:57:48,Located_Indoors,annotator,Behavioral Parameters,2022-05-23 03:48:41,2022-05-23 03:48:49
2022-05-23 12:57:50,2022-05-23 12:58:27,Located_Indoors,annotator,Behavioral Parameters,2022-05-23 03:48:51,2022-05-23 03:49:28
2022-05-23 12:58:36,2022-05-23 13:01:41,Located_Indoors, Browsing_Computer,annotator,Behavioral Parameters,2022-05-23 03:49:37,2022-05-23 03:52:42
2022-05-23 13:01:42,2022-05-23 13:08:34,Located_Indoors, Legs_Uncrossed, On_Video_Call/FaceTime, In_Conversation,annotator,Behavioral Parameters,2022-05-23 03:52:43,2022-05-23 03:59:35
2022-05-23 13:08:34,2022-05-23 13:09:07,Located_Indoors, Legs_Uncrossed, On_Video_Call/FaceTime, In_Conversation,annotator,Behavioral Parameters,2022-05-23 03:59:35,2022-05-23 04:00:08
2022-05-23 13:09:53,2022-05-23 13:11:53,Located_Indoors, Legs_Uncrossed, On_Video_Call/FaceTime, In_Conversation,annotator,Behavioral Parameters,2022-05-23 04:00:54,2022-05-23 04:02:54
2022-05-23 13:12:03,2022-05-23 13:12:53,Located_Indoors, Texting/Browsing_Phone,annotator,Behavioral Parameters,2022-05-23 04:03:04,2022-05-23 04:03:54
2022-05-23 13:12:53,2022-05-23 13:13:40,Located_Indoors,annotator,Behavioral Parameters,2022-05-23 04:03:54,2022-05-23 04:04:41
2022-05-23 13:13:40,2022-05-23 13:14:10,Located_Indoors, Holding_Other_Object_Light,annotator,Behavioral Parameters,2022-05-23 04:04:41,2022-05-23 04:05:11
2022-05-23 13:14:24,2022-05-23 13:16:00,Located_Indoors, Texting/Browsing_Phone,annotator,Behavioral Parameters,2022-05-23 04:05:25,2022-05-23 04:07:01
2022-05-23 13:16:01,2022-05-23 13:17:42,Located_Indoors,annotator,Behavioral Parameters,2022-05-23 04:07:02,2022-05-23 04:08:43
2022-05-23 13:17:43,2022-05-23 13:18:13,Located_Indoors, Texting/Browsing_Phone,annotator,Behavioral Parameters,2022-05-23 04:08:44,2022-05-23 04:09:14
2022-05-23 13:18:14,2022-05-23 13:18:31,Located_Indoors,annotator,Behavioral Parameters,2022-05-23 04:09:15,2022-05-23 04:09:32
2022-05-23 13:18:31,2022-05-23 13:20:32,Located_Indoors, Texting/Browsing_Phone,annotator,Behavioral Parameters,2022-05-23 04:09:32,2022-05-23 04:11:33
2022-05-23 13:20:35,2022-05-23 13:23:10,Located_Indoors, Holding_Other_Object_Light,annotator,Behavioral Parameters,2022-05-23 04:11:36,2022-05-23 04:14:11
2022-05-23 13:23:11,2022-05-23 13:24:18,Located_Indoors, Holding_Other_Object_Light,annotator,Behavioral Parameters,2022-05-23 04:14:12,2022-05-23 04:15:19
2022-05-23 13:24:20,2022-05-23 13:24:41,Located_Indoors, Holding_Other_Object_Light,annotator,Behavioral Parameters,2022-05-23 04:15:21,2022-05-23 04:15:42
2022-05-23 13:24:45,2022-05-23 13:25:27,Located_Indoors, Holding_Other_Object_Light, Texting/Browsing_Phone,annotator,Behavioral Parameters,2022-05-23 04:15:46,2022-05-23 04:16:28
2022-05-23 13:25:27,2022-05-23 13:26:24,Located_Indoors, Holding_Other_Object_Light, Texting/Browsing_Phone,annotator,Behavioral Parameters,2022-05-23 04:16:28,2022-05-23 04:17:25
2022-05-23 13:26:25,2022-05-23 13:27:35,Located_Indoors,annotator,Behavioral Parameters,2022-05-23 04:17:26,2022-05-23 04:18:36
2022-05-23 13:27:37,2022-05-23 13:28:33,Located_Indoors, Holding_Other_Object_Light,annotator,Behavioral Parameters,2022-05-23 04:18:38,2022-05-23 04:19:34
2022-05-23 13:28:36,2022-05-23 13:29:44,Located_Indoors, Texting/Browsing_Phone,annotator,Behavioral Parameters,2022-05-23 04:19:37,2022-05-23 04:20:45
2022-05-23 13:29:47,2022-05-23 13:54:32,Located_Indoors, Texting/Browsing_Phone,annotator,Behavioral Parameters,2022-05-23 04:20:48,2022-05-23 04:45:33
2022-05-23 13:54:34,2022-05-23 13:56:35,Located_Indoors, Holding_Other_Object_Light,annotator,Behavioral Parameters,2022-05-23 04:45:35,2022-05-23 04:47:36
2022-05-23 13:56:36,2022-05-23 13:57:06,Located_Indoors, Holding_Other_Object_Light,annotator,Behavioral Parameters,2022-05-23 04:47:37,2022-05-23 04:48:07
2022-05-23 13:57:07,2022-05-23 13:57:28,Located_Indoors, Holding_Other_Object_Light,annotator,Behavioral Parameters,2022-05-23 04:48:08,2022-05-23 04:48:29
2022-05-23 13:57:28,2022-05-23 14:01:24,Located_Indoors, Holding_Other_Object_Light,annotator,Behavioral Parameters,2022-05-23 04:48:29,2022-05-23 04:52:25
2022-05-23 14:01:24,2022-05-23 14:01:45,Located_Indoors, Holding_Other_Object_Light,annotator,Behavioral Parameters,2022-05-23 04:52:25,2022-05-23 04:52:46
2022-05-23 14:01:45,2022-05-23 14:02:19,Located_Indoors, Holding_Other_Object_Light, Texting/Browsing_Phone,annotator,Behavioral Parameters,2022-05-23 04:52:46,2022-05-23 04:53:20
2022-05-23 14:02:34,2022-05-23 14:03:21,Located_Indoors,annotator,Behavioral Parameters,2022-05-23 04:53:35,2022-05-23 04:54:22
2022-05-23 14:03:21,2022-05-23 14:04:22,Located_Indoors,annotator,Behavioral Parameters,2022-05-23 04:54:22,2022-05-23 04:55:23
2022-05-23 14:04:23,2022-05-23 14:05:16,Located_Indoors,annotator,Behavioral Parameters,2022-05-23 04:55:24,2022-05-23 04:56:17
2022-05-23 14:05:18,2022-05-23 14:05:58,Located_Indoors,annotator,Behavioral Parameters,2022-05-23 04:56:19,2022-05-23 04:56:59
2022-05-23 14:06:01,2022-05-23 14:09:17,Located_Indoors, Texting/Browsing_Phone,annotator,Behavioral Parameters,2022-05-23 04:57:02,2022-05-23 05:00:18
2022-05-23 14:09:18,2022-05-23 14:10:02,Located_Indoors,annotator,Behavioral Parameters,2022-05-23 05:00:19,2022-05-23 05:01:03
2022-05-23 14:10:02,2022-05-23 14:42:15,Located_Indoors, Texting/Browsing_Phone,annotator,Behavioral Parameters,2022-05-23 05:01:03,2022-05-23 05:33:16
2022-05-23 14:42:16,2022-05-23 14:44:36,Located_Indoors, Texting/Browsing_Phone,annotator,Behavioral Parameters,2022-05-23 05:33:17,2022-05-23 05:35:37
2022-05-23 14:44:38,2022-05-23 14:46:16,Located_Indoors,annotator,Behavioral Parameters,2022-05-23 05:35:39,2022-05-23 05:37:17
2022-05-23 14:46:19,2022-05-23 14:46:33,Located_Indoors,annotator,Behavioral Parameters,2022-05-23 05:37:20,2022-05-23 05:37:34
2022-05-23 14:46:34,2022-05-23 14:49:01,Located_Indoors,annotator,Behavioral Parameters,2022-05-23 05:37:35,2022-05-23 05:40:02
2022-05-23 14:49:01,2022-05-23 14:49:41,Located_Indoors, Texting/Browsing_Phone,annotator,Behavioral Parameters,2022-05-23 05:40:02,2022-05-23 05:40:42
2022-05-23 14:49:42,2022-05-23 14:50:26,Located_Indoors, Holding_Other_Object_Light,annotator,Behavioral Parameters,2022-05-23 05:40:43,2022-05-23 05:41:27
2022-05-23 14:50:28,2022-05-23 14:50:54,Located_Indoors, Holding_Other_Object_Light, Texting/Browsing_Phone,annotator,Behavioral Parameters,2022-05-23 05:41:29,2022-05-23 05:41:55
2022-05-23 14:50:58,2022-05-23 14:51:31,Located_Indoors, Holding_Other_Object_Light, Texting/Browsing_Phone,annotator,Behavioral Parameters,2022-05-23 05:41:59,2022-05-23 05:42:32
2022-05-23 14:51:32,2022-05-23 14:52:02,Located_Indoors, Holding_Other_Object_Light,annotator,Behavioral Parameters,2022-05-23 05:42:33,2022-05-23 05:43:03
2022-05-23 14:52:04,2022-05-23 14:56:13,Located_Indoors, Holding_Other_Object_Light,annotator,Behavioral Parameters,2022-05-23 05:43:05,2022-05-23 05:47:14
2022-05-23 14:56:14,2022-05-23 14:56:22,Located_Indoors, Holding_Other_Object_Light,annotator,Behavioral Parameters,2022-05-23 05:47:15,2022-05-23 05:47:23
2022-05-23 14:56:23,2022-05-23 15:00:59,Located_Indoors, Texting/Browsing_Phone,annotator,Behavioral Parameters,2022-05-23 05:47:24,2022-05-23 05:52:00
2022-05-23 15:01:01,2022-05-23 15:02:50,Located_Indoors, Holding_Other_Object_Light,annotator,Behavioral Parameters,2022-05-23 05:52:02,2022-05-23 05:53:51
2022-05-23 15:02:52,2022-05-23 15:03:46,Located_Indoors, Holding_Other_Object_Light,annotator,Behavioral Parameters,2022-05-23 05:53:53,2022-05-23 05:54:47
2022-05-23 15:03:49,2022-05-23 15:04:35,Located_Indoors, Holding_Other_Object_Light,annotator,Behavioral Parameters,2022-05-23 05:54:50,2022-05-23 05:55:36
2022-05-23 15:04:37,2022-05-23 15:05:37,Located_Indoors, Holding_Other_Object_Light,annotator,Behavioral Parameters,2022-05-23 05:55:38,2022-05-23 05:56:38
2022-05-23 15:05:39,2022-05-23 15:20:40,Located_Indoors, Holding_Other_Object_Light,annotator,Behavioral Parameters,2022-05-23 05:56:40,2022-05-23 06:11:41
2022-05-23 15:20:41,2022-05-23 15:22:27,Located_Indoors, Texting/Browsing_Phone,annotator,Behavioral Parameters,2022-05-23 06:11:42,2022-05-23 06:13:28
2022-05-23 15:22:28,2022-05-23 15:23:52,Located_Indoors, Texting/Browsing_Phone,annotator,Behavioral Parameters,2022-05-23 06:13:29,2022-05-23 06:14:53
2022-05-23 15:23:53,2022-05-23 15:25:56,Located_Indoors, Texting/Browsing_Phone,annotator,Behavioral Parameters,2022-05-23 06:14:54,2022-05-23 06:16:57
2022-05-23 15:25:57,2022-05-23 15:26:19,Located_Indoors, Texting/Browsing_Phone,annotator,Behavioral Parameters,2022-05-23 06:16:58,2022-05-23 06:17:20
2022-05-23 15:26:20,2022-05-23 15:26:43,Located_Indoors, Texting/Browsing_Phone,annotator,Behavioral Parameters,2022-05-23 06:17:21,2022-05-23 06:17:44
2022-05-23 15:26:43,2022-05-23 15:30:40,Located_Outdoors,annotator,Behavioral Parameters,2022-05-23 06:17:44,2022-05-23 06:21:41
2022-05-23 15:30:41,2022-05-23 15:31:40,Located_Indoors,annotator,Behavioral Parameters,2022-05-23 06:21:42,2022-05-23 06:22:41
2022-05-23 15:31:41,2022-05-23 15:32:13,Located_Indoors, Texting/Browsing_Phone,annotator,Behavioral Parameters,2022-05-23 06:22:42,2022-05-23 06:23:14
2022-05-23 15:32:14,2022-05-23 15:33:21,Located_Indoors, Texting/Browsing_Phone,annotator,Behavioral Parameters,2022-05-23 06:23:15,2022-05-23 06:24:22
2022-05-23 15:33:21,2022-05-23 15:38:27,CP_VideoUnavailable/Indecipherable,annotator,Behavioral Parameters,2022-05-23 06:24:22,2022-05-23 06:29:28
2022-05-23 15:38:40,2022-05-23 15:44:29,Located_Indoors, Browsing_Computer,annotator,Behavioral Parameters,2022-05-23 06:29:41,2022-05-23 06:35:30
2022-05-23 15:44:29,2022-05-23 15:45:15,Located_Indoors,annotator,Behavioral Parameters,2022-05-23 06:35:30,2022-05-23 06:36:16
2022-05-23 15:45:16,2022-05-23 15:46:57,CP_VideoUnavailable/Indecipherable,annotator,Behavioral Parameters,2022-05-23 06:36:17,2022-05-23 06:37:58
2022-05-23 15:46:58,2022-05-23 15:51:06,Located_Indoors,annotator,Behavioral Parameters,2022-05-23 06:37:59,2022-05-23 06:42:07
2022-05-23 15:51:08,2022-05-23 15:51:50,Located_Indoors, Texting/Browsing_Phone,annotator,Behavioral Parameters,2022-05-23 06:42:09,2022-05-23 06:42:51
2022-05-23 15:51:51,2022-05-23 15:52:03,Located_Indoors,annotator,Behavioral Parameters,2022-05-23 06:42:52,2022-05-23 06:43:04
2022-05-23 15:52:03,2022-05-23 15:54:35,Located_Indoors, Texting/Browsing_Phone,annotator,Behavioral Parameters,2022-05-23 06:43:04,2022-05-23 06:45:36
2022-05-23 15:54:37,2022-05-23 15:57:59,Located_Indoors, Holding_Other_Object_Light,annotator,Behavioral Parameters,2022-05-23 06:45:38,2022-05-23 06:49:00
2022-05-23 15:58:01,2022-05-23 15:58:56,Located_Indoors, Holding_Other_Object_Light, Texting/Browsing_Phone,annotator,Behavioral Parameters,2022-05-23 06:49:02,2022-05-23 06:49:57
2022-05-23 15:58:59,2022-05-23 15:59:29,Located_Indoors, Holding_Other_Object_Light, Texting/Browsing_Phone,annotator,Behavioral Parameters,2022-05-23 06:50:00,2022-05-23 06:50:30
2022-05-23 15:59:30,2022-05-23 16:00:42,Located_Indoors, Texting/Browsing_Phone, Holding_Other_Object_Light,annotator,Behavioral Parameters,2022-05-23 06:50:31,2022-05-23 06:51:43
2022-05-23 16:00:43,2022-05-23 16:01:01,Located_Indoors,annotator,Behavioral Parameters,2022-05-23 06:51:44,2022-05-23 06:52:02
2022-05-23 16:01:06,2022-05-23 16:02:01,Located_Indoors,annotator,Behavioral Parameters,2022-05-23 06:52:07,2022-05-23 06:53:02
2022-05-23 16:02:04,2022-05-23 16:03:02,Located_Indoors,annotator,Behavioral Parameters,2022-05-23 06:53:05,2022-05-23 06:54:03
2022-05-23 16:03:05,2022-05-23 16:05:13,Located_Indoors, Texting/Browsing_Phone,annotator,Behavioral Parameters,2022-05-23 06:54:06,2022-05-23 06:56:14
2022-05-23 16:05:16,2022-05-23 16:05:21,Texting/Browsing_Phone,annotator,Behavioral Parameters,2022-05-23 06:56:17,2022-05-23 06:56:22
2022-05-23 16:05:22,2022-05-23 16:05:40,Texting/Browsing_Phone,annotator,Behavioral Parameters,2022-05-23 06:56:23,2022-05-23 06:56:41
2022-05-23 16:05:40,2022-05-23 16:05:52,Located_Indoors,annotator,Behavioral Parameters,2022-05-23 06:56:41,2022-05-23 06:56:53
2022-05-23 16:05:40,2022-05-23 16:05:40,Texting/Browsing_Phone,annotator,Behavioral Parameters,2022-05-23 06:56:41,2022-05-23 06:56:41
2022-05-23 16:05:52,2022-05-23 16:06:05,Located_Indoors, Texting/Browsing_Phone,annotator,Behavioral Parameters,2022-05-23 06:56:53,2022-05-23 06:57:06
2022-05-23 16:06:06,2022-05-23 16:06:30,Located_Outdoors,annotator,Behavioral Parameters,2022-05-23 06:57:07,2022-05-23 06:57:31
2022-05-23 16:06:30,2022-05-23 16:07:14,Located_Outdoors, Texting/Browsing_Phone,annotator,Behavioral Parameters,2022-05-23 06:57:31,2022-05-23 06:58:15
2022-05-23 16:07:14,2022-05-23 16:07:39,Located_Outdoors,annotator,Behavioral Parameters,2022-05-23 06:58:15,2022-05-23 06:58:40
2022-05-23 16:07:39,2022-05-23 16:08:29,Located_Outdoors, Texting/Browsing_Phone,annotator,Behavioral Parameters,2022-05-23 06:58:40,2022-05-23 06:59:30
2022-05-23 16:08:29,2022-05-23 16:09:37,Located_Outdoors,annotator,Behavioral Parameters,2022-05-23 06:59:30,2022-05-23 07:00:38
2022-05-23 16:09:37,2022-05-23 16:10:41,Located_Outdoors, Texting/Browsing_Phone,annotator,Behavioral Parameters,2022-05-23 07:00:38,2022-05-23 07:01:42
2022-05-23 16:10:41,2022-05-23 16:11:21,Located_Outdoors,annotator,Behavioral Parameters,2022-05-23 07:01:42,2022-05-23 07:02:22
2022-05-23 16:11:24,2022-05-23 16:12:57,Located_Outdoors,annotator,Behavioral Parameters,2022-05-23 07:02:25,2022-05-23 07:03:58
2022-05-23 16:12:58,2022-05-23 16:13:15,Located_Outdoors, Texting/Browsing_Phone,annotator,Behavioral Parameters,2022-05-23 07:03:59,2022-05-23 07:04:16
2022-05-23 16:13:15,2022-05-23 16:14:11,Located_Outdoors,annotator,Behavioral Parameters,2022-05-23 07:04:16,2022-05-23 07:05:12
2022-05-23 16:14:11,2022-05-23 16:14:16,Located_Outdoors,annotator,Behavioral Parameters,2022-05-23 07:05:12,2022-05-23 07:05:17
2022-05-23 16:14:16,2022-05-23 16:14:28,Located_Outdoors,annotator,Behavioral Parameters,2022-05-23 07:05:17,2022-05-23 07:05:29
2022-05-23 16:14:28,2022-05-23 16:14:31,Located_Outdoors, Texting/Browsing_Phone,annotator,Behavioral Parameters,2022-05-23 07:05:29,2022-05-23 07:05:32
2022-05-23 16:14:31,2022-05-23 16:14:34,Located_Outdoors,annotator,Behavioral Parameters,2022-05-23 07:05:32,2022-05-23 07:05:35
2022-05-23 16:14:34,2022-05-23 16:14:38,Located_Outdoors, Holding_Other_Object_Light,annotator,Behavioral Parameters,2022-05-23 07:05:35,2022-05-23 07:05:39
2022-05-23 16:14:38,2022-05-23 16:18:48,CP_VideoUnavailable/Indecipherable,annotator,Behavioral Parameters,2022-05-23 07:05:39,2022-05-23 07:09:49
2022-05-23 16:18:48,2022-05-23 16:18:54,Located_Outdoors,annotator,Behavioral Parameters,2022-05-23 07:09:49,2022-05-23 07:09:55
2022-05-23 16:18:54,2022-05-23 16:19:00,Located_Outdoors, Holding_Other_Object_Light,annotator,Behavioral Parameters,2022-05-23 07:09:55,2022-05-23 07:10:01
2022-05-23 16:19:00,2022-05-23 16:19:09,Located_Outdoors,annotator,Behavioral Parameters,2022-05-23 07:10:01,2022-05-23 07:10:10
2022-05-23 16:19:09,2022-05-23 16:19:58,Located_Outdoors, Texting/Browsing_Phone,annotator,Behavioral Parameters,2022-05-23 07:10:10,2022-05-23 07:10:59
2022-05-23 16:19:58,2022-05-23 16:21:06,Located_Outdoors, Holding_Other_Object_Light,annotator,Behavioral Parameters,2022-05-23 07:10:59,2022-05-23 07:12:07
2022-05-23 16:21:06,2022-05-23 16:22:32,Located_Outdoors, Texting/Browsing_Phone,annotator,Behavioral Parameters,2022-05-23 07:12:07,2022-05-23 07:13:33
2022-05-23 16:22:32,2022-05-23 16:22:42,Located_Outdoors, Texting/Browsing_Phone,annotator,Behavioral Parameters,2022-05-23 07:13:33,2022-05-23 07:13:43
2022-05-23 16:22:42,2022-05-23 16:23:42,Located_Outdoors, Texting/Browsing_Phone,annotator,Behavioral Parameters,2022-05-23 07:13:43,2022-05-23 07:14:43
2022-05-23 16:23:42,2022-05-23 16:24:42,Located_Outdoors, Texting/Browsing_Phone, Holding_Other_Object_Light,annotator,Behavioral Parameters,2022-05-23 07:14:43,2022-05-23 07:15:43
2022-05-23 16:23:42,2022-05-23 16:23:42,Located_Outdoors, Texting/Browsing_Phone, Holding_Other_Object_Light,annotator,Behavioral Parameters,2022-05-23 07:14:43,2022-05-23 07:14:43
2022-05-23 16:24:51,2022-05-23 16:25:14,Located_Outdoors, Texting/Browsing_Phone,annotator,Behavioral Parameters,2022-05-23 07:15:52,2022-05-23 07:16:15
2022-05-23 16:25:14,2022-05-23 16:25:25,Located_Outdoors,annotator,Behavioral Parameters,2022-05-23 07:16:15,2022-05-23 07:16:26
2022-05-23 16:25:25,2022-05-23 16:25:29,Located_Outdoors, Texting/Browsing_Phone,annotator,Behavioral Parameters,2022-05-23 07:16:26,2022-05-23 07:16:30
2022-05-23 16:25:29,2022-05-23 16:26:19,Located_Outdoors,annotator,Behavioral Parameters,2022-05-23 07:16:30,2022-05-23 07:17:20
2022-05-23 16:26:19,2022-05-23 16:26:38,Located_Outdoors, Texting/Browsing_Phone,annotator,Behavioral Parameters,2022-05-23 07:17:20,2022-05-23 07:17:39
2022-05-23 16:26:38,2022-05-23 16:27:40,Located_Outdoors,annotator,Behavioral Parameters,2022-05-23 07:17:39,2022-05-23 07:18:41
2022-05-23 16:27:40,2022-05-23 16:27:49,Located_Outdoors, Texting/Browsing_Phone,annotator,Behavioral Parameters,2022-05-23 07:18:41,2022-05-23 07:18:50
2022-05-23 16:27:49,2022-05-23 16:27:54,Located_Outdoors,annotator,Behavioral Parameters,2022-05-23 07:18:50,2022-05-23 07:18:55
2022-05-23 16:27:54,2022-05-23 16:28:08,Located_Outdoors, Texting/Browsing_Phone,annotator,Behavioral Parameters,2022-05-23 07:18:55,2022-05-23 07:19:09
2022-05-23 16:28:08,2022-05-23 16:29:21,Located_Outdoors, Texting/Browsing_Phone,annotator,Behavioral Parameters,2022-05-23 07:19:09,2022-05-23 07:20:22
2022-05-23 16:29:21,2022-05-23 16:30:43,Located_Outdoors,annotator,Behavioral Parameters,2022-05-23 07:20:22,2022-05-23 07:21:44
2022-05-23 16:30:43,2022-05-23 16:30:59,Located_Outdoors, Holding_Other_Object_Light,annotator,Behavioral Parameters,2022-05-23 07:21:44,2022-05-23 07:22:00
2022-05-23 16:30:59,2022-05-23 16:31:05,Located_Outdoors, Texting/Browsing_Phone,annotator,Behavioral Parameters,2022-05-23 07:22:00,2022-05-23 07:22:06
2022-05-23 16:31:05,2022-05-23 16:31:36,Located_Outdoors,annotator,Behavioral Parameters,2022-05-23 07:22:06,2022-05-23 07:22:37
2022-05-23 16:31:36,2022-05-23 16:31:45,Located_Indoors,annotator,Behavioral Parameters,2022-05-23 07:22:37,2022-05-23 07:22:46
2022-05-23 16:31:45,2022-05-23 16:32:15,Located_Outdoors,annotator,Behavioral Parameters,2022-05-23 07:22:46,2022-05-23 07:23:16
2022-05-23 16:32:15,2022-05-23 16:32:44,Located_Outdoors,annotator,Behavioral Parameters,2022-05-23 07:23:16,2022-05-23 07:23:45
2022-05-23 16:32:44,2022-05-23 16:32:49,Located_Outdoors,annotator,Behavioral Parameters,2022-05-23 07:23:45,2022-05-23 07:23:50
2022-05-23 16:32:49,2022-05-23 16:32:56,Located_Outdoors, Texting/Browsing_Phone, Holding_Other_Object_Light,annotator,Behavioral Parameters,2022-05-23 07:23:50,2022-05-23 07:23:57
2022-05-23 16:32:56,2022-05-23 16:34:05,Located_Outdoors, Holding_Other_Object_Light,annotator,Behavioral Parameters,2022-05-23 07:23:57,2022-05-23 07:25:06
2022-05-23 16:34:05,2022-05-23 16:38:33,Located_Outdoors,annotator,Behavioral Parameters,2022-05-23 07:25:06,2022-05-23 07:29:34
2022-05-23 16:38:33,2022-05-23 16:38:57,Located_Outdoors, Legs_Crossed,annotator,Behavioral Parameters,2022-05-23 07:29:34,2022-05-23 07:29:58
2022-05-23 16:38:57,2022-05-23 16:40:03,Located_Outdoors, Legs_Crossed, Texting/Browsing_Phone,annotator,Behavioral Parameters,2022-05-23 07:29:58,2022-05-23 07:31:04
2022-05-23 16:40:03,2022-05-23 16:40:12,Located_Outdoors, Legs_Crossed,annotator,Behavioral Parameters,2022-05-23 07:31:04,2022-05-23 07:31:13
2022-05-23 16:40:12,2022-05-23 16:40:33,Located_Outdoors, In_Conversation,annotator,Behavioral Parameters,2022-05-23 07:31:13,2022-05-23 07:31:34
2022-05-23 16:40:33,2022-05-23 16:42:06,Located_Outdoors, CP_VideoUnavailable/Indecipherable,annotator,Behavioral Parameters,2022-05-23 07:31:34,2022-05-23 07:33:07
2022-05-23 16:42:06,2022-05-23 16:42:22,Located_Outdoors,annotator,Behavioral Parameters,2022-05-23 07:33:07,2022-05-23 07:33:23
2022-05-23 16:42:22,2022-05-23 16:42:36,Located_Outdoors,annotator,Behavioral Parameters,2022-05-23 07:33:23,2022-05-23 07:33:37
2022-05-23 16:42:36,2022-05-23 16:50:36,Located_Outdoors, In_Conversation,annotator,Behavioral Parameters,2022-05-23 07:33:37,2022-05-23 07:41:37
2022-05-23 16:50:36,2022-05-23 16:50:49,Located_Outdoors,annotator,Behavioral Parameters,2022-05-23 07:41:37,2022-05-23 07:41:50
2022-05-23 16:50:49,2022-05-23 16:50:55,Located_Outdoors, Texting/Browsing_Phone,annotator,Behavioral Parameters,2022-05-23 07:41:50,2022-05-23 07:41:56
2022-05-23 16:50:55,2022-05-23 16:51:06,Located_Outdoors,annotator,Behavioral Parameters,2022-05-23 07:41:56,2022-05-23 07:42:07
2022-05-23 16:51:06,2022-05-23 16:51:20,Located_Outdoors,annotator,Behavioral Parameters,2022-05-23 07:42:07,2022-05-23 07:42:21
2022-05-23 16:51:20,2022-05-23 16:52:34,Located_Outdoors, Holding_Other_Object_Light,annotator,Behavioral Parameters,2022-05-23 07:42:21,2022-05-23 07:43:35
2022-05-23 16:52:34,2022-05-23 16:53:12,Located_Outdoors, Holding_Other_Object_Light, In_Conversation,annotator,Behavioral Parameters,2022-05-23 07:43:35,2022-05-23 07:44:13
2022-05-23 16:53:12,2022-05-23 16:53:32,Located_Outdoors, In_Conversation, Texting/Browsing_Phone,annotator,Behavioral Parameters,2022-05-23 07:44:13,2022-05-23 07:44:33
2022-05-23 16:53:32,2022-05-23 16:53:41,Located_Outdoors, In_Conversation, Texting/Browsing_Phone,annotator,Behavioral Parameters,2022-05-23 07:44:33,2022-05-23 07:44:42
2022-05-23 16:53:41,2022-05-23 16:53:46,Located_Outdoors,annotator,Behavioral Parameters,2022-05-23 07:44:42,2022-05-23 07:44:47
2022-05-23 16:53:46,2022-05-23 16:53:59,Located_Outdoors, Legs_Crossed,annotator,Behavioral Parameters,2022-05-23 07:44:47,2022-05-23 07:45:00
2022-05-23 16:53:59,2022-05-23 16:55:05,Located_Outdoors,annotator,Behavioral Parameters,2022-05-23 07:45:00,2022-05-23 07:46:06
2022-05-23 16:55:05,2022-05-23 16:56:15,Located_Outdoors, Texting/Browsing_Phone,annotator,Behavioral Parameters,2022-05-23 07:46:06,2022-05-23 07:47:16
2022-05-23 16:56:15,2022-05-23 16:58:38,Located_Outdoors,annotator,Behavioral Parameters,2022-05-23 07:47:16,2022-05-23 07:49:39
2022-05-23 16:58:38,2022-05-23 16:58:57,Located_Outdoors, In_Conversation,annotator,Behavioral Parameters,2022-05-23 07:49:39,2022-05-23 07:49:58
2022-05-23 16:58:57,2022-05-23 17:01:42,Located_Outdoors, Legs_Crossed,annotator,Behavioral Parameters,2022-05-23 07:49:58,2022-05-23 07:52:43
2022-05-23 17:01:42,2022-05-23 17:01:47,Located_Outdoors,annotator,Behavioral Parameters,2022-05-23 07:52:43,2022-05-23 07:52:48
2022-05-23 17:01:47,2022-05-23 17:02:11,Located_Outdoors, Legs_Crossed, Texting/Browsing_Phone,annotator,Behavioral Parameters,2022-05-23 07:52:48,2022-05-23 07:53:12
2022-05-23 17:02:11,2022-05-23 17:03:23,Located_Outdoors, Legs_Crossed, Texting/Browsing_Phone, In_Conversation,annotator,Behavioral Parameters,2022-05-23 07:53:12,2022-05-23 07:54:24
2022-05-23 17:03:23,2022-05-23 17:03:46,Located_Outdoors, Legs_Crossed,annotator,Behavioral Parameters,2022-05-23 07:54:24,2022-05-23 07:54:47
2022-05-23 17:03:46,2022-05-23 17:04:05,Located_Outdoors, Legs_Crossed, Texting/Browsing_Phone,annotator,Behavioral Parameters,2022-05-23 07:54:47,2022-05-23 07:55:06
2022-05-23 17:04:05,2022-05-23 17:05:49,Located_Outdoors, Legs_Crossed,annotator,Behavioral Parameters,2022-05-23 07:55:06,2022-05-23 07:56:50
2022-05-23 17:05:49,2022-05-23 17:07:06,Located_Outdoors, Legs_Crossed, In_Conversation,annotator,Behavioral Parameters,2022-05-23 07:56:50,2022-05-23 07:58:07
2022-05-23 17:07:06,2022-05-23 17:07:20,Located_Outdoors,annotator,Behavioral Parameters,2022-05-23 07:58:07,2022-05-23 07:58:21
2022-05-23 17:07:20,2022-05-23 17:08:16,Located_Outdoors, CP_VideoUnavailable/Indecipherable,annotator,Behavioral Parameters,2022-05-23 07:58:21,2022-05-23 07:59:17
2022-05-23 17:08:16,2022-05-23 17:08:46,Located_Outdoors, In_Conversation,annotator,Behavioral Parameters,2022-05-23 07:59:17,2022-05-23 07:59:47
2022-05-23 17:08:46,2022-05-23 17:08:46,Located_Outdoors, In_Conversation,annotator,Behavioral Parameters,2022-05-23 07:59:47,2022-05-23 07:59:47
2022-05-23 17:08:46,2022-05-23 17:16:51,Located_Outdoors, CP_VideoUnavailable/Indecipherable,annotator,Behavioral Parameters,2022-05-23 07:59:47,2022-05-23 08:07:52
2022-05-23 17:16:51,2022-05-23 17:20:46,Located_Outdoors, In_Conversation,annotator,Behavioral Parameters,2022-05-23 08:07:52,2022-05-23 08:11:47
