START_TIME,STOP_TIME,PREDICTION,SOURCE,LABELSET,VIDEO_START_TIME,VIDEO_END_TIME
2022-06-13 09:29:48,2022-06-13 09:30:15,Doing_Alternative_Exercise/Therapy/Stretching,annotator,HIGH LEVEL BEHAVIOR,2022-06-13 00:00:00,2022-06-13 00:00:27
2022-06-13 09:30:15,2022-06-13 09:32:10,Packing/Unpacking_Something,annotator,HIGH LEVEL BEHAVIOR,2022-06-13 00:00:27,2022-06-13 00:02:22
2022-06-13 09:32:10,2022-06-13 09:32:23,In_Transit_Active,annotator,HIGH LEVEL BEHAVIOR,2022-06-13 00:02:22,2022-06-13 00:02:35
2022-06-13 09:32:23,2022-06-13 09:32:28,In_Transit_Active,annotator,HIGH LEVEL BEHAVIOR,2022-06-13 00:02:35,2022-06-13 00:02:40
2022-06-13 09:32:28,2022-06-13 09:32:35,In_Transit_Active,annotator,HIGH LEVEL BEHAVIOR,2022-06-13 00:02:40,2022-06-13 00:02:47
2022-06-13 09:32:35,2022-06-13 09:32:53,Eating/Dining,annotator,HIGH LEVEL BEHAVIOR,2022-06-13 00:02:47,2022-06-13 00:03:05
2022-06-13 09:32:53,2022-06-13 09:33:12,Eating/Dining, In_Transit_Active,annotator,HIGH LEVEL BEHAVIOR,2022-06-13 00:03:05,2022-06-13 00:03:24
2022-06-13 09:33:12,2022-06-13 09:33:25,Eating/Dining, In_Transit_Active,annotator,HIGH LEVEL BEHAVIOR,2022-06-13 00:03:24,2022-06-13 00:03:37
2022-06-13 09:33:25,2022-06-13 09:33:39,Eating/Dining,annotator,HIGH LEVEL BEHAVIOR,2022-06-13 00:03:37,2022-06-13 00:03:51
2022-06-13 09:33:39,2022-06-13 09:33:54,Eating/Dining, In_Transit_Active,annotator,HIGH LEVEL BEHAVIOR,2022-06-13 00:03:51,2022-06-13 00:04:06
2022-06-13 09:33:54,2022-06-13 09:34:04,Eating/Dining,annotator,HIGH LEVEL BEHAVIOR,2022-06-13 00:04:06,2022-06-13 00:04:16
2022-06-13 09:34:04,2022-06-13 09:34:19,Eating/Dining, Doing_Common_Housework,annotator,HIGH LEVEL BEHAVIOR,2022-06-13 00:04:16,2022-06-13 00:04:31
2022-06-13 09:34:19,2022-06-13 09:34:49,Eating/Dining, In_Transit_Active,annotator,HIGH LEVEL BEHAVIOR,2022-06-13 00:04:31,2022-06-13 00:05:01
2022-06-13 09:34:49,2022-06-13 09:34:55,Eating/Dining, Doing_Common_Housework,annotator,HIGH LEVEL BEHAVIOR,2022-06-13 00:05:01,2022-06-13 00:05:07
2022-06-13 09:34:55,2022-06-13 09:35:40,Doing_Common_Housework_Light,annotator,HIGH LEVEL BEHAVIOR,2022-06-13 00:05:07,2022-06-13 00:05:52
2022-06-13 09:35:40,2022-06-13 09:36:00,In_Transit_Active,annotator,HIGH LEVEL BEHAVIOR,2022-06-13 00:05:52,2022-06-13 00:06:12
2022-06-13 09:36:00,2022-06-13 09:37:53,Grooming/Self_Care,annotator,HIGH LEVEL BEHAVIOR,2022-06-13 00:06:12,2022-06-13 00:08:05
2022-06-13 09:37:53,2022-06-13 09:38:05,In_Transit_Active,annotator,HIGH LEVEL BEHAVIOR,2022-06-13 00:08:05,2022-06-13 00:08:17
2022-06-13 09:38:05,2022-06-13 09:38:14,In_Transit_Active,annotator,HIGH LEVEL BEHAVIOR,2022-06-13 00:08:17,2022-06-13 00:08:26
2022-06-13 09:38:14,2022-06-13 09:38:28,In_Transit_Active,annotator,HIGH LEVEL BEHAVIOR,2022-06-13 00:08:26,2022-06-13 00:08:40
2022-06-13 09:38:28,2022-06-13 09:38:43,In_Transit_Active, Doing_Common_Housework,annotator,HIGH LEVEL BEHAVIOR,2022-06-13 00:08:40,2022-06-13 00:08:55
2022-06-13 09:38:43,2022-06-13 09:38:57,In_Transit_Active, Doing_Common_Housework,annotator,HIGH LEVEL BEHAVIOR,2022-06-13 00:08:55,2022-06-13 00:09:09
2022-06-13 09:38:57,2022-06-13 09:39:06,In_Transit_Active, Doing_Common_Housework,annotator,HIGH LEVEL BEHAVIOR,2022-06-13 00:09:09,2022-06-13 00:09:18
2022-06-13 09:39:06,2022-06-13 09:39:12,In_Transit_Active, Doing_Common_Housework,annotator,HIGH LEVEL BEHAVIOR,2022-06-13 00:09:18,2022-06-13 00:09:24
2022-06-13 09:39:12,2022-06-13 09:39:18,In_Transit_Active, Doing_Common_Housework,annotator,HIGH LEVEL BEHAVIOR,2022-06-13 00:09:24,2022-06-13 00:09:30
2022-06-13 09:39:18,2022-06-13 09:39:21,In_Transit_Active, Doing_Common_Housework,annotator,HIGH LEVEL BEHAVIOR,2022-06-13 00:09:30,2022-06-13 00:09:33
2022-06-13 09:39:21,2022-06-13 09:39:28,In_Transit_Active, Doing_Common_Housework,annotator,HIGH LEVEL BEHAVIOR,2022-06-13 00:09:33,2022-06-13 00:09:40
2022-06-13 09:39:28,2022-06-13 09:39:41,In_Transit_Active, Doing_Common_Housework,annotator,HIGH LEVEL BEHAVIOR,2022-06-13 00:09:40,2022-06-13 00:09:53
2022-06-13 09:39:41,2022-06-13 09:40:50,In_Transit_Active,annotator,HIGH LEVEL BEHAVIOR,2022-06-13 00:09:53,2022-06-13 00:11:02
2022-06-13 09:40:50,2022-06-13 09:42:24,In_Transit_Active,annotator,HIGH LEVEL BEHAVIOR,2022-06-13 00:11:02,2022-06-13 00:12:36
2022-06-13 09:42:24,2022-06-13 09:46:09,In_Transit_Active,annotator,HIGH LEVEL BEHAVIOR,2022-06-13 00:12:36,2022-06-13 00:16:21
2022-06-13 09:46:09,2022-06-13 09:46:23,In_Transit_Active,annotator,HIGH LEVEL BEHAVIOR,2022-06-13 00:16:21,2022-06-13 00:16:35
2022-06-13 09:46:23,2022-06-13 09:46:48,In_Transit_Active,annotator,HIGH LEVEL BEHAVIOR,2022-06-13 00:16:35,2022-06-13 00:17:00
2022-06-13 09:46:48,2022-06-13 09:47:16,In_Transit_Active,annotator,HIGH LEVEL BEHAVIOR,2022-06-13 00:17:00,2022-06-13 00:17:28
2022-06-13 09:47:16,2022-06-13 09:47:22,In_Transit_Active,annotator,HIGH LEVEL BEHAVIOR,2022-06-13 00:17:28,2022-06-13 00:17:34
2022-06-13 09:47:22,2022-06-13 09:47:30,In_Transit_Active,annotator,HIGH LEVEL BEHAVIOR,2022-06-13 00:17:34,2022-06-13 00:17:42
2022-06-13 09:47:30,2022-06-13 09:48:04,In_Transit_Active,annotator,HIGH LEVEL BEHAVIOR,2022-06-13 00:17:42,2022-06-13 00:18:16
2022-06-13 09:48:04,2022-06-13 09:48:22,In_Transit_Active,annotator,HIGH LEVEL BEHAVIOR,2022-06-13 00:18:16,2022-06-13 00:18:34
2022-06-13 09:48:22,2022-06-13 09:48:31,In_Transit_Active,annotator,HIGH LEVEL BEHAVIOR,2022-06-13 00:18:34,2022-06-13 00:18:43
2022-06-13 09:48:31,2022-06-13 09:49:47,Doing_Common_Housework_Light,annotator,HIGH LEVEL BEHAVIOR,2022-06-13 00:18:43,2022-06-13 00:19:59
2022-06-13 09:49:47,2022-06-13 09:49:57,Doing_Common_Housework_Light,annotator,HIGH LEVEL BEHAVIOR,2022-06-13 00:19:59,2022-06-13 00:20:09
2022-06-13 09:49:57,2022-06-13 09:50:35,Packing/Unpacking_Something,annotator,HIGH LEVEL BEHAVIOR,2022-06-13 00:20:09,2022-06-13 00:20:47
2022-06-13 09:50:35,2022-06-13 09:50:50,Packing/Unpacking_Something,annotator,HIGH LEVEL BEHAVIOR,2022-06-13 00:20:47,2022-06-13 00:21:02
2022-06-13 09:50:50,2022-06-13 09:50:56,Meeting_Virtual,annotator,HIGH LEVEL BEHAVIOR,2022-06-13 00:21:02,2022-06-13 00:21:08
2022-06-13 09:50:56,2022-06-13 09:51:23,Meeting_Virtual,annotator,HIGH LEVEL BEHAVIOR,2022-06-13 00:21:08,2022-06-13 00:21:35
2022-06-13 09:51:23,2022-06-13 09:52:20,Meeting_Virtual,annotator,HIGH LEVEL BEHAVIOR,2022-06-13 00:21:35,2022-06-13 00:22:32
2022-06-13 09:52:20,2022-06-13 09:52:39,Meeting_Virtual,annotator,HIGH LEVEL BEHAVIOR,2022-06-13 00:22:32,2022-06-13 00:22:51
2022-06-13 09:52:39,2022-06-13 09:52:55,Meeting_Virtual,annotator,HIGH LEVEL BEHAVIOR,2022-06-13 00:22:51,2022-06-13 00:23:07
2022-06-13 09:52:55,2022-06-13 09:53:25,Meeting_Virtual,annotator,HIGH LEVEL BEHAVIOR,2022-06-13 00:23:07,2022-06-13 00:23:37
2022-06-13 09:53:25,2022-06-13 09:53:37,Meeting_Virtual, In_Transit_Active,annotator,HIGH LEVEL BEHAVIOR,2022-06-13 00:23:37,2022-06-13 00:23:49
2022-06-13 09:53:37,2022-06-13 09:53:48,Meeting_Virtual, In_Transit_Active,annotator,HIGH LEVEL BEHAVIOR,2022-06-13 00:23:49,2022-06-13 00:24:00
2022-06-13 09:53:48,2022-06-13 09:54:16,Meeting_Virtual,annotator,HIGH LEVEL BEHAVIOR,2022-06-13 00:24:00,2022-06-13 00:24:28
2022-06-13 09:54:16,2022-06-13 09:54:26,Meeting_Virtual,annotator,HIGH LEVEL BEHAVIOR,2022-06-13 00:24:28,2022-06-13 00:24:38
2022-06-13 09:54:26,2022-06-13 09:54:32,Meeting_Virtual, In_Transit_Active,annotator,HIGH LEVEL BEHAVIOR,2022-06-13 00:24:38,2022-06-13 00:24:44
2022-06-13 09:54:32,2022-06-13 09:54:37,Meeting_Virtual,annotator,HIGH LEVEL BEHAVIOR,2022-06-13 00:24:44,2022-06-13 00:24:49
2022-06-13 09:54:37,2022-06-13 09:55:04,Meeting_Virtual, Dressing/Undressing,annotator,HIGH LEVEL BEHAVIOR,2022-06-13 00:24:49,2022-06-13 00:25:16
2022-06-13 09:55:04,2022-06-13 09:55:36,Meeting_Virtual,annotator,HIGH LEVEL BEHAVIOR,2022-06-13 00:25:16,2022-06-13 00:25:48
2022-06-13 09:55:36,2022-06-13 09:56:30,Meeting_Virtual,annotator,HIGH LEVEL BEHAVIOR,2022-06-13 00:25:48,2022-06-13 00:26:42
2022-06-13 09:56:30,2022-06-13 09:57:00,Meeting_Virtual, Using_Computer/Screen,annotator,HIGH LEVEL BEHAVIOR,2022-06-13 00:26:42,2022-06-13 00:27:12
2022-06-13 09:57:00,2022-06-13 09:58:38,Meeting_Virtual, Using_Computer/Screen,annotator,HIGH LEVEL BEHAVIOR,2022-06-13 00:27:12,2022-06-13 00:28:50
2022-06-13 09:58:38,2022-06-13 09:58:58,Meeting_Virtual, Using_Computer/Screen,annotator,HIGH LEVEL BEHAVIOR,2022-06-13 00:28:50,2022-06-13 00:29:10
2022-06-13 09:58:58,2022-06-13 09:59:44,Meeting_Virtual, Using_Computer/Screen,annotator,HIGH LEVEL BEHAVIOR,2022-06-13 00:29:10,2022-06-13 00:29:56
2022-06-13 09:59:44,2022-06-13 10:00:03,Meeting_Virtual, Using_Computer/Screen,annotator,HIGH LEVEL BEHAVIOR,2022-06-13 00:29:56,2022-06-13 00:30:15
2022-06-13 10:00:03,2022-06-13 10:00:17,Meeting_Virtual, Using_Computer/Screen,annotator,HIGH LEVEL BEHAVIOR,2022-06-13 00:30:15,2022-06-13 00:30:29
2022-06-13 10:00:17,2022-06-13 10:00:26,Meeting_Virtual, Using_Computer/Screen,annotator,HIGH LEVEL BEHAVIOR,2022-06-13 00:30:29,2022-06-13 00:30:38
2022-06-13 10:00:26,2022-06-13 10:00:52,Meeting_Virtual, Using_Computer/Screen,annotator,HIGH LEVEL BEHAVIOR,2022-06-13 00:30:38,2022-06-13 00:31:04
2022-06-13 10:00:52,2022-06-13 10:01:05,Meeting_Virtual, Using_Computer/Screen,annotator,HIGH LEVEL BEHAVIOR,2022-06-13 00:31:04,2022-06-13 00:31:17
2022-06-13 10:01:05,2022-06-13 10:02:18,Meeting_Virtual, Using_Computer/Screen,annotator,HIGH LEVEL BEHAVIOR,2022-06-13 00:31:17,2022-06-13 00:32:30
2022-06-13 10:02:18,2022-06-13 10:02:24,Meeting_Virtual, Using_Computer/Screen,annotator,HIGH LEVEL BEHAVIOR,2022-06-13 00:32:30,2022-06-13 00:32:36
2022-06-13 10:02:24,2022-06-13 10:02:52,Meeting_Virtual, Using_Computer/Screen,annotator,HIGH LEVEL BEHAVIOR,2022-06-13 00:32:36,2022-06-13 00:33:04
2022-06-13 10:02:52,2022-06-13 10:02:56,Meeting_Virtual, Using_Computer/Screen,annotator,HIGH LEVEL BEHAVIOR,2022-06-13 00:33:04,2022-06-13 00:33:08
2022-06-13 10:02:56,2022-06-13 10:03:24,Meeting_Virtual, Using_Computer/Screen,annotator,HIGH LEVEL BEHAVIOR,2022-06-13 00:33:08,2022-06-13 00:33:36
2022-06-13 10:03:24,2022-06-13 10:03:31,Meeting_Virtual, Using_Computer/Screen,annotator,HIGH LEVEL BEHAVIOR,2022-06-13 00:33:36,2022-06-13 00:33:43
2022-06-13 10:03:31,2022-06-13 10:03:49,Meeting_Virtual, Using_Computer/Screen,annotator,HIGH LEVEL BEHAVIOR,2022-06-13 00:33:43,2022-06-13 00:34:01
2022-06-13 10:03:49,2022-06-13 10:03:52,Meeting_Virtual, Using_Computer/Screen,annotator,HIGH LEVEL BEHAVIOR,2022-06-13 00:34:01,2022-06-13 00:34:04
2022-06-13 10:03:49,2022-06-13 10:03:49,Meeting_Virtual, Using_Computer/Screen,annotator,HIGH LEVEL BEHAVIOR,2022-06-13 00:34:01,2022-06-13 00:34:01
2022-06-13 10:03:52,2022-06-13 10:04:25,Meeting_Virtual, Using_Computer/Screen,annotator,HIGH LEVEL BEHAVIOR,2022-06-13 00:34:04,2022-06-13 00:34:37
2022-06-13 10:04:25,2022-06-13 10:04:57,Meeting_Virtual, Using_Computer/Screen,annotator,HIGH LEVEL BEHAVIOR,2022-06-13 00:34:37,2022-06-13 00:35:09
2022-06-13 10:04:57,2022-06-13 10:05:23,Meeting_Virtual, Using_Computer/Screen,annotator,HIGH LEVEL BEHAVIOR,2022-06-13 00:35:09,2022-06-13 00:35:35
2022-06-13 10:05:23,2022-06-13 10:06:44,Meeting_Virtual, Using_Computer/Screen,annotator,HIGH LEVEL BEHAVIOR,2022-06-13 00:35:35,2022-06-13 00:36:56
2022-06-13 10:06:44,2022-06-13 10:07:14,Meeting_Virtual, Using_Computer/Screen,annotator,HIGH LEVEL BEHAVIOR,2022-06-13 00:36:56,2022-06-13 00:37:26
2022-06-13 10:07:14,2022-06-13 10:08:07,Meeting_Virtual, Using_Computer/Screen,annotator,HIGH LEVEL BEHAVIOR,2022-06-13 00:37:26,2022-06-13 00:38:19
2022-06-13 10:08:07,2022-06-13 10:08:36,Meeting_Virtual, Using_Computer/Screen,annotator,HIGH LEVEL BEHAVIOR,2022-06-13 00:38:19,2022-06-13 00:38:48
2022-06-13 10:08:36,2022-06-13 10:09:17,Meeting_Virtual, Using_Computer/Screen,annotator,HIGH LEVEL BEHAVIOR,2022-06-13 00:38:48,2022-06-13 00:39:29
2022-06-13 10:09:17,2022-06-13 10:11:18,Meeting_Virtual, Using_Computer/Screen,annotator,HIGH LEVEL BEHAVIOR,2022-06-13 00:39:29,2022-06-13 00:41:30
2022-06-13 10:11:18,2022-06-13 10:11:23,Meeting_Virtual, Using_Computer/Screen,annotator,HIGH LEVEL BEHAVIOR,2022-06-13 00:41:30,2022-06-13 00:41:35
2022-06-13 10:11:23,2022-06-13 10:11:38,Meeting_Virtual, Using_Computer/Screen,annotator,HIGH LEVEL BEHAVIOR,2022-06-13 00:41:35,2022-06-13 00:41:50
2022-06-13 10:11:38,2022-06-13 10:12:05,Meeting_Virtual, Using_Computer/Screen,annotator,HIGH LEVEL BEHAVIOR,2022-06-13 00:41:50,2022-06-13 00:42:17
2022-06-13 10:12:05,2022-06-13 10:14:11,Meeting_Virtual, Using_Computer/Screen,annotator,HIGH LEVEL BEHAVIOR,2022-06-13 00:42:17,2022-06-13 00:44:23
2022-06-13 10:14:11,2022-06-13 10:14:28,Meeting_Virtual, Using_Computer/Screen,annotator,HIGH LEVEL BEHAVIOR,2022-06-13 00:44:23,2022-06-13 00:44:40
2022-06-13 10:14:28,2022-06-13 10:15:03,Meeting_Virtual, Using_Computer/Screen,annotator,HIGH LEVEL BEHAVIOR,2022-06-13 00:44:40,2022-06-13 00:45:15
2022-06-13 10:15:03,2022-06-13 10:15:47,Meeting_Virtual, Using_Computer/Screen,annotator,HIGH LEVEL BEHAVIOR,2022-06-13 00:45:15,2022-06-13 00:45:59
2022-06-13 10:15:47,2022-06-13 10:15:54,Meeting_Virtual, Using_Computer/Screen,annotator,HIGH LEVEL BEHAVIOR,2022-06-13 00:45:59,2022-06-13 00:46:06
2022-06-13 10:15:54,2022-06-13 10:19:28,Meeting_Virtual, Using_Computer/Screen,annotator,HIGH LEVEL BEHAVIOR,2022-06-13 00:46:06,2022-06-13 00:49:40
2022-06-13 10:19:28,2022-06-13 10:21:32,Meeting_Virtual, Using_Computer/Screen,annotator,HIGH LEVEL BEHAVIOR,2022-06-13 00:49:40,2022-06-13 00:51:44
2022-06-13 10:21:32,2022-06-13 10:21:39,Meeting_Virtual, Using_Computer/Screen,annotator,HIGH LEVEL BEHAVIOR,2022-06-13 00:51:44,2022-06-13 00:51:51
2022-06-13 10:21:39,2022-06-13 10:21:48,Meeting_Virtual, Using_Computer/Screen,annotator,HIGH LEVEL BEHAVIOR,2022-06-13 00:51:51,2022-06-13 00:52:00
2022-06-13 10:21:48,2022-06-13 10:23:18,Meeting_Virtual, Using_Computer/Screen,annotator,HIGH LEVEL BEHAVIOR,2022-06-13 00:52:00,2022-06-13 00:53:30
2022-06-13 10:23:18,2022-06-13 10:23:57,Meeting_Virtual, Using_Computer/Screen,annotator,HIGH LEVEL BEHAVIOR,2022-06-13 00:53:30,2022-06-13 00:54:09
2022-06-13 10:23:57,2022-06-13 10:24:28,Meeting_Virtual, Using_Computer/Screen,annotator,HIGH LEVEL BEHAVIOR,2022-06-13 00:54:09,2022-06-13 00:54:40
2022-06-13 10:24:28,2022-06-13 10:24:59,Meeting_Virtual, Using_Computer/Screen,annotator,HIGH LEVEL BEHAVIOR,2022-06-13 00:54:40,2022-06-13 00:55:11
2022-06-13 10:24:59,2022-06-13 10:25:16,Meeting_Virtual, Using_Computer/Screen,annotator,HIGH LEVEL BEHAVIOR,2022-06-13 00:55:11,2022-06-13 00:55:28
2022-06-13 10:25:19,2022-06-13 10:26:06,Meeting_Virtual, Using_Computer/Screen,annotator,HIGH LEVEL BEHAVIOR,2022-06-13 00:55:31,2022-06-13 00:56:18
2022-06-13 10:26:06,2022-06-13 10:31:44,Meeting_Virtual, Using_Computer/Screen,annotator,HIGH LEVEL BEHAVIOR,2022-06-13 00:56:18,2022-06-13 01:01:56
2022-06-13 10:31:44,2022-06-13 10:32:10,Meeting_Virtual, Using_Computer/Screen,annotator,HIGH LEVEL BEHAVIOR,2022-06-13 01:01:56,2022-06-13 01:02:22
2022-06-13 10:32:10,2022-06-13 10:32:21,Meeting_Virtual, Using_Computer/Screen,annotator,HIGH LEVEL BEHAVIOR,2022-06-13 01:02:22,2022-06-13 01:02:33
2022-06-13 10:32:21,2022-06-13 10:33:31,Meeting_Virtual, Using_Computer/Screen,annotator,HIGH LEVEL BEHAVIOR,2022-06-13 01:02:33,2022-06-13 01:03:43
2022-06-13 10:33:31,2022-06-13 10:33:43,Meeting_Virtual, Using_Computer/Screen,annotator,HIGH LEVEL BEHAVIOR,2022-06-13 01:03:43,2022-06-13 01:03:55
2022-06-13 10:33:43,2022-06-13 10:34:17,Meeting_Virtual, Using_Computer/Screen,annotator,HIGH LEVEL BEHAVIOR,2022-06-13 01:03:55,2022-06-13 01:04:29
2022-06-13 10:34:17,2022-06-13 10:34:43,Meeting_Virtual, Using_Computer/Screen,annotator,HIGH LEVEL BEHAVIOR,2022-06-13 01:04:29,2022-06-13 01:04:55
2022-06-13 10:34:43,2022-06-13 10:35:02,Meeting_Virtual, Using_Computer/Screen,annotator,HIGH LEVEL BEHAVIOR,2022-06-13 01:04:55,2022-06-13 01:05:14
2022-06-13 10:35:02,2022-06-13 10:35:29,Meeting_Virtual, Using_Computer/Screen,annotator,HIGH LEVEL BEHAVIOR,2022-06-13 01:05:14,2022-06-13 01:05:41
2022-06-13 10:35:29,2022-06-13 10:36:23,Meeting_Virtual, Using_Computer/Screen,annotator,HIGH LEVEL BEHAVIOR,2022-06-13 01:05:41,2022-06-13 01:06:35
2022-06-13 10:36:23,2022-06-13 10:38:02,Meeting_Virtual, Using_Computer/Screen,annotator,HIGH LEVEL BEHAVIOR,2022-06-13 01:06:35,2022-06-13 01:08:14
2022-06-13 10:38:02,2022-06-13 10:38:10,Meeting_Virtual, Using_Computer/Screen,annotator,HIGH LEVEL BEHAVIOR,2022-06-13 01:08:14,2022-06-13 01:08:22
2022-06-13 10:38:10,2022-06-13 10:42:32,Meeting_Virtual, Using_Computer/Screen,annotator,HIGH LEVEL BEHAVIOR,2022-06-13 01:08:22,2022-06-13 01:12:44
2022-06-13 10:42:32,2022-06-13 10:42:43,Meeting_Virtual, Using_Computer/Screen,annotator,HIGH LEVEL BEHAVIOR,2022-06-13 01:12:44,2022-06-13 01:12:55
2022-06-13 10:42:43,2022-06-13 10:43:11,Meeting_Virtual, Using_Computer/Screen,annotator,HIGH LEVEL BEHAVIOR,2022-06-13 01:12:55,2022-06-13 01:13:23
2022-06-13 10:43:11,2022-06-13 10:43:17,Meeting_Virtual, Using_Computer/Screen,annotator,HIGH LEVEL BEHAVIOR,2022-06-13 01:13:23,2022-06-13 01:13:29
2022-06-13 10:43:17,2022-06-13 10:43:29,Meeting_Virtual, Using_Computer/Screen,annotator,HIGH LEVEL BEHAVIOR,2022-06-13 01:13:29,2022-06-13 01:13:41
2022-06-13 10:43:29,2022-06-13 10:43:48,Meeting_Virtual, Using_Computer/Screen,annotator,HIGH LEVEL BEHAVIOR,2022-06-13 01:13:41,2022-06-13 01:14:00
2022-06-13 10:43:48,2022-06-13 10:43:59,Meeting_Virtual, Using_Computer/Screen,annotator,HIGH LEVEL BEHAVIOR,2022-06-13 01:14:00,2022-06-13 01:14:11
2022-06-13 10:43:59,2022-06-13 10:44:20,Meeting_Virtual, Using_Computer/Screen,annotator,HIGH LEVEL BEHAVIOR,2022-06-13 01:14:11,2022-06-13 01:14:32
2022-06-13 10:44:20,2022-06-13 10:45:00,Meeting_Virtual, Using_Computer/Screen,annotator,HIGH LEVEL BEHAVIOR,2022-06-13 01:14:32,2022-06-13 01:15:12
2022-06-13 10:45:00,2022-06-13 10:46:46,Meeting_Virtual, Using_Computer/Screen,annotator,HIGH LEVEL BEHAVIOR,2022-06-13 01:15:12,2022-06-13 01:16:58
2022-06-13 10:46:46,2022-06-13 10:46:57,Meeting_Virtual, Using_Computer/Screen,annotator,HIGH LEVEL BEHAVIOR,2022-06-13 01:16:58,2022-06-13 01:17:09
2022-06-13 10:46:57,2022-06-13 10:47:41,Meeting_Virtual, Using_Computer/Screen,annotator,HIGH LEVEL BEHAVIOR,2022-06-13 01:17:09,2022-06-13 01:17:53
2022-06-13 10:47:41,2022-06-13 10:48:27,Meeting_Virtual, Using_Computer/Screen,annotator,HIGH LEVEL BEHAVIOR,2022-06-13 01:17:53,2022-06-13 01:18:39
2022-06-13 10:48:27,2022-06-13 10:48:33,Meeting_Virtual, Using_Computer/Screen,annotator,HIGH LEVEL BEHAVIOR,2022-06-13 01:18:39,2022-06-13 01:18:45
2022-06-13 10:48:33,2022-06-13 10:48:39,Meeting_Virtual, Using_Computer/Screen,annotator,HIGH LEVEL BEHAVIOR,2022-06-13 01:18:45,2022-06-13 01:18:51
2022-06-13 10:48:39,2022-06-13 10:49:03,Meeting_Virtual, Using_Computer/Screen,annotator,HIGH LEVEL BEHAVIOR,2022-06-13 01:18:51,2022-06-13 01:19:15
2022-06-13 10:49:03,2022-06-13 10:49:16,Meeting_Virtual, Using_Computer/Screen,annotator,HIGH LEVEL BEHAVIOR,2022-06-13 01:19:15,2022-06-13 01:19:28
2022-06-13 10:49:16,2022-06-13 10:49:23,Meeting_Virtual, Using_Computer/Screen,annotator,HIGH LEVEL BEHAVIOR,2022-06-13 01:19:28,2022-06-13 01:19:35
2022-06-13 10:49:23,2022-06-13 10:49:58,Meeting_Virtual, Using_Computer/Screen,annotator,HIGH LEVEL BEHAVIOR,2022-06-13 01:19:35,2022-06-13 01:20:10
2022-06-13 10:49:58,2022-06-13 10:50:16,Meeting_Virtual, Using_Computer/Screen, Eating/Dining,annotator,HIGH LEVEL BEHAVIOR,2022-06-13 01:20:10,2022-06-13 01:20:28
2022-06-13 10:50:16,2022-06-13 10:50:30,Meeting_Virtual, Using_Computer/Screen,annotator,HIGH LEVEL BEHAVIOR,2022-06-13 01:20:28,2022-06-13 01:20:42
2022-06-13 10:50:30,2022-06-13 10:52:16,Meeting_Virtual, Using_Computer/Screen,annotator,HIGH LEVEL BEHAVIOR,2022-06-13 01:20:42,2022-06-13 01:22:28
2022-06-13 10:52:16,2022-06-13 10:54:18,Meeting_Virtual, Using_Computer/Screen,annotator,HIGH LEVEL BEHAVIOR,2022-06-13 01:22:28,2022-06-13 01:24:30
2022-06-13 10:54:18,2022-06-13 10:55:00,Meeting_Virtual, Using_Computer/Screen,annotator,HIGH LEVEL BEHAVIOR,2022-06-13 01:24:30,2022-06-13 01:25:12
2022-06-13 10:55:00,2022-06-13 10:55:16,Meeting_Virtual, Using_Computer/Screen,annotator,HIGH LEVEL BEHAVIOR,2022-06-13 01:25:12,2022-06-13 01:25:28
2022-06-13 10:55:16,2022-06-13 10:55:48,Meeting_Virtual, Using_Computer/Screen,annotator,HIGH LEVEL BEHAVIOR,2022-06-13 01:25:28,2022-06-13 01:26:00
2022-06-13 10:55:48,2022-06-13 10:56:09,Meeting_Virtual, Using_Computer/Screen,annotator,HIGH LEVEL BEHAVIOR,2022-06-13 01:26:00,2022-06-13 01:26:21
2022-06-13 10:56:09,2022-06-13 10:56:26,Meeting_Virtual, Using_Computer/Screen,annotator,HIGH LEVEL BEHAVIOR,2022-06-13 01:26:21,2022-06-13 01:26:38
2022-06-13 10:56:26,2022-06-13 10:56:42,Meeting_Virtual, Using_Computer/Screen,annotator,HIGH LEVEL BEHAVIOR,2022-06-13 01:26:38,2022-06-13 01:26:54
2022-06-13 10:56:42,2022-06-13 10:57:17,Meeting_Virtual, Using_Computer/Screen,annotator,HIGH LEVEL BEHAVIOR,2022-06-13 01:26:54,2022-06-13 01:27:29
2022-06-13 10:57:17,2022-06-13 10:57:25,Meeting_Virtual, Using_Computer/Screen,annotator,HIGH LEVEL BEHAVIOR,2022-06-13 01:27:29,2022-06-13 01:27:37
2022-06-13 10:57:25,2022-06-13 11:05:34,Meeting_Virtual, Using_Computer/Screen,annotator,HIGH LEVEL BEHAVIOR,2022-06-13 01:27:37,2022-06-13 01:35:46
2022-06-13 11:05:34,2022-06-13 11:05:47,Meeting_Virtual, Using_Computer/Screen,annotator,HIGH LEVEL BEHAVIOR,2022-06-13 01:35:46,2022-06-13 01:35:59
2022-06-13 11:05:47,2022-06-13 11:08:04,Meeting_Virtual, Using_Computer/Screen,annotator,HIGH LEVEL BEHAVIOR,2022-06-13 01:35:59,2022-06-13 01:38:16
2022-06-13 11:08:04,2022-06-13 11:10:03,Relaxing_Passive,annotator,HIGH LEVEL BEHAVIOR,2022-06-13 01:38:16,2022-06-13 01:40:15
2022-06-13 11:10:03,2022-06-13 11:10:12,Using_Computer/Screen,annotator,HIGH LEVEL BEHAVIOR,2022-06-13 01:40:15,2022-06-13 01:40:24
2022-06-13 11:10:12,2022-06-13 11:10:16,Using_Computer/Screen,annotator,HIGH LEVEL BEHAVIOR,2022-06-13 01:40:24,2022-06-13 01:40:28
2022-06-13 11:10:16,2022-06-13 11:10:41,Packing/Unpacking_Something,annotator,HIGH LEVEL BEHAVIOR,2022-06-13 01:40:28,2022-06-13 01:40:53
2022-06-13 11:10:41,2022-06-13 11:10:50,In_Transit_Active,annotator,HIGH LEVEL BEHAVIOR,2022-06-13 01:40:53,2022-06-13 01:41:02
2022-06-13 11:10:50,2022-06-13 11:11:06,In_Transit_Active,annotator,HIGH LEVEL BEHAVIOR,2022-06-13 01:41:02,2022-06-13 01:41:18
2022-06-13 11:11:06,2022-06-13 11:11:28,Eating/Dining,annotator,HIGH LEVEL BEHAVIOR,2022-06-13 01:41:18,2022-06-13 01:41:40
2022-06-13 11:11:28,2022-06-13 11:11:40,In_Transit_Active,annotator,HIGH LEVEL BEHAVIOR,2022-06-13 01:41:40,2022-06-13 01:41:52
2022-06-13 11:11:40,2022-06-13 11:11:59,In_Transit_Active,annotator,HIGH LEVEL BEHAVIOR,2022-06-13 01:41:52,2022-06-13 01:42:11
2022-06-13 11:11:59,2022-06-13 11:12:06,In_Transit_Active,annotator,HIGH LEVEL BEHAVIOR,2022-06-13 01:42:11,2022-06-13 01:42:18
2022-06-13 11:12:06,2022-06-13 11:12:26,In_Transit_Active,annotator,HIGH LEVEL BEHAVIOR,2022-06-13 01:42:18,2022-06-13 01:42:38
2022-06-13 11:12:26,2022-06-13 11:12:38,In_Transit_Active,annotator,HIGH LEVEL BEHAVIOR,2022-06-13 01:42:38,2022-06-13 01:42:50
2022-06-13 11:12:38,2022-06-13 11:12:49,In_Transit_Active,annotator,HIGH LEVEL BEHAVIOR,2022-06-13 01:42:50,2022-06-13 01:43:01
2022-06-13 11:12:49,2022-06-13 11:13:12,In_Transit_Active,annotator,HIGH LEVEL BEHAVIOR,2022-06-13 01:43:01,2022-06-13 01:43:24
2022-06-13 11:13:12,2022-06-13 11:13:17,In_Transit_Active,annotator,HIGH LEVEL BEHAVIOR,2022-06-13 01:43:24,2022-06-13 01:43:29
2022-06-13 11:13:17,2022-06-13 11:16:16,In_Transit_Active,annotator,HIGH LEVEL BEHAVIOR,2022-06-13 01:43:29,2022-06-13 01:46:28
2022-06-13 11:16:16,2022-06-13 11:16:23,In_Transit_Active,annotator,HIGH LEVEL BEHAVIOR,2022-06-13 01:46:28,2022-06-13 01:46:35
2022-06-13 11:16:23,2022-06-13 11:16:35,In_Transit_Active,annotator,HIGH LEVEL BEHAVIOR,2022-06-13 01:46:35,2022-06-13 01:46:47
2022-06-13 11:16:35,2022-06-13 11:16:40,In_Transit_Active,annotator,HIGH LEVEL BEHAVIOR,2022-06-13 01:46:47,2022-06-13 01:46:52
2022-06-13 11:16:40,2022-06-13 11:16:47,In_Transit_Active,annotator,HIGH LEVEL BEHAVIOR,2022-06-13 01:46:52,2022-06-13 01:46:59
2022-06-13 11:16:47,2022-06-13 11:18:10,In_Transit_Active,annotator,HIGH LEVEL BEHAVIOR,2022-06-13 01:46:59,2022-06-13 01:48:22
2022-06-13 11:18:10,2022-06-13 11:18:16,In_Transit_Active,annotator,HIGH LEVEL BEHAVIOR,2022-06-13 01:48:22,2022-06-13 01:48:28
2022-06-13 11:18:16,2022-06-13 11:19:47,In_Transit_Active,annotator,HIGH LEVEL BEHAVIOR,2022-06-13 01:48:28,2022-06-13 01:49:59
2022-06-13 11:19:47,2022-06-13 11:20:21,In_Transit_Active,annotator,HIGH LEVEL BEHAVIOR,2022-06-13 01:49:59,2022-06-13 01:50:33
2022-06-13 11:20:21,2022-06-13 11:22:03,In_Transit_Active,annotator,HIGH LEVEL BEHAVIOR,2022-06-13 01:50:33,2022-06-13 01:52:15
2022-06-13 11:22:03,2022-06-13 11:22:14,In_Transit_Active,annotator,HIGH LEVEL BEHAVIOR,2022-06-13 01:52:15,2022-06-13 01:52:26
2022-06-13 11:22:14,2022-06-13 11:22:38,In_Transit_Active,annotator,HIGH LEVEL BEHAVIOR,2022-06-13 01:52:26,2022-06-13 01:52:50
2022-06-13 11:22:38,2022-06-13 11:22:59,In_Transit_Active,annotator,HIGH LEVEL BEHAVIOR,2022-06-13 01:52:50,2022-06-13 01:53:11
2022-06-13 11:23:00,2022-06-13 11:23:23,Cycling_Regular_Bicycle,annotator,HIGH LEVEL BEHAVIOR,2022-06-13 01:53:12,2022-06-13 01:53:35
2022-06-13 11:23:23,2022-06-13 11:23:29,Cycling_Regular_Bicycle,annotator,HIGH LEVEL BEHAVIOR,2022-06-13 01:53:35,2022-06-13 01:53:41
2022-06-13 11:23:29,2022-06-13 11:24:37,Cycling_Regular_Bicycle,annotator,HIGH LEVEL BEHAVIOR,2022-06-13 01:53:41,2022-06-13 01:54:49
2022-06-13 11:24:37,2022-06-13 11:24:52,Cycling_Regular_Bicycle,annotator,HIGH LEVEL BEHAVIOR,2022-06-13 01:54:49,2022-06-13 01:55:04
2022-06-13 11:24:52,2022-06-13 11:25:17,Cycling_Regular_Bicycle,annotator,HIGH LEVEL BEHAVIOR,2022-06-13 01:55:04,2022-06-13 01:55:29
2022-06-13 11:25:17,2022-06-13 11:25:23,Cycling_Regular_Bicycle,annotator,HIGH LEVEL BEHAVIOR,2022-06-13 01:55:29,2022-06-13 01:55:35
2022-06-13 11:25:23,2022-06-13 11:26:30,Cycling_Regular_Bicycle,annotator,HIGH LEVEL BEHAVIOR,2022-06-13 01:55:35,2022-06-13 01:56:42
2022-06-13 11:26:30,2022-06-13 11:27:03,Cycling_Regular_Bicycle,annotator,HIGH LEVEL BEHAVIOR,2022-06-13 01:56:42,2022-06-13 01:57:15
2022-06-13 11:27:03,2022-06-13 11:28:22,Cycling_Regular_Bicycle,annotator,HIGH LEVEL BEHAVIOR,2022-06-13 01:57:15,2022-06-13 01:58:34
2022-06-13 11:28:22,2022-06-13 11:28:27,Cycling_Regular_Bicycle,annotator,HIGH LEVEL BEHAVIOR,2022-06-13 01:58:34,2022-06-13 01:58:39
2022-06-13 11:28:27,2022-06-13 11:28:55,Cycling_Regular_Bicycle,annotator,HIGH LEVEL BEHAVIOR,2022-06-13 01:58:39,2022-06-13 01:59:07
2022-06-13 11:28:55,2022-06-13 11:29:52,Cycling_Regular_Bicycle,annotator,HIGH LEVEL BEHAVIOR,2022-06-13 01:59:07,2022-06-13 02:00:04
2022-06-13 11:29:52,2022-06-13 11:29:59,Cycling_Regular_Bicycle,annotator,HIGH LEVEL BEHAVIOR,2022-06-13 02:00:04,2022-06-13 02:00:11
2022-06-13 11:29:59,2022-06-13 11:37:42,Cycling_Regular_Bicycle,annotator,HIGH LEVEL BEHAVIOR,2022-06-13 02:00:11,2022-06-13 02:07:54
2022-06-13 11:37:42,2022-06-13 11:38:32,Cycling_Regular_Bicycle,annotator,HIGH LEVEL BEHAVIOR,2022-06-13 02:07:54,2022-06-13 02:08:44
2022-06-13 11:38:32,2022-06-13 11:38:37,Cycling_Regular_Bicycle,annotator,HIGH LEVEL BEHAVIOR,2022-06-13 02:08:44,2022-06-13 02:08:49
2022-06-13 11:38:37,2022-06-13 11:40:34,Cycling_Regular_Bicycle,annotator,HIGH LEVEL BEHAVIOR,2022-06-13 02:08:49,2022-06-13 02:10:46
2022-06-13 11:40:34,2022-06-13 11:41:08,Cycling_Regular_Bicycle,annotator,HIGH LEVEL BEHAVIOR,2022-06-13 02:10:46,2022-06-13 02:11:20
2022-06-13 11:41:08,2022-06-13 11:43:25,Cycling_Regular_Bicycle,annotator,HIGH LEVEL BEHAVIOR,2022-06-13 02:11:20,2022-06-13 02:13:37
2022-06-13 11:43:25,2022-06-13 11:43:31,In_Transit_Active,annotator,HIGH LEVEL BEHAVIOR,2022-06-13 02:13:37,2022-06-13 02:13:43
2022-06-13 11:43:31,2022-06-13 11:44:06,In_Transit_Active,annotator,HIGH LEVEL BEHAVIOR,2022-06-13 02:13:43,2022-06-13 02:14:18
2022-06-13 11:44:06,2022-06-13 11:44:15,In_Transit_Active,annotator,HIGH LEVEL BEHAVIOR,2022-06-13 02:14:18,2022-06-13 02:14:27
2022-06-13 11:44:15,2022-06-13 11:46:05,In_Transit_Active,annotator,HIGH LEVEL BEHAVIOR,2022-06-13 02:14:27,2022-06-13 02:16:17
2022-06-13 11:46:05,2022-06-13 11:46:20,In_Transit_Active,annotator,HIGH LEVEL BEHAVIOR,2022-06-13 02:16:17,2022-06-13 02:16:32
2022-06-13 11:46:20,2022-06-13 11:47:43,In_Transit_Active,annotator,HIGH LEVEL BEHAVIOR,2022-06-13 02:16:32,2022-06-13 02:17:55
2022-06-13 11:47:43,2022-06-13 11:48:10,Loading/Unloading_Vehicle,annotator,HIGH LEVEL BEHAVIOR,2022-06-13 02:17:55,2022-06-13 02:18:22
2022-06-13 11:48:10,2022-06-13 11:48:18,In_Transit_Active,annotator,HIGH LEVEL BEHAVIOR,2022-06-13 02:18:22,2022-06-13 02:18:30
2022-06-13 11:48:18,2022-06-13 11:48:44,In_Transit_Active,annotator,HIGH LEVEL BEHAVIOR,2022-06-13 02:18:30,2022-06-13 02:18:56
2022-06-13 11:48:44,2022-06-13 11:48:58,In_Transit_Active,annotator,HIGH LEVEL BEHAVIOR,2022-06-13 02:18:56,2022-06-13 02:19:10
2022-06-13 11:48:58,2022-06-13 11:49:06,Loading/Unloading_Vehicle,annotator,HIGH LEVEL BEHAVIOR,2022-06-13 02:19:10,2022-06-13 02:19:18
2022-06-13 11:49:06,2022-06-13 11:49:16,Loading/Unloading_Vehicle,annotator,HIGH LEVEL BEHAVIOR,2022-06-13 02:19:18,2022-06-13 02:19:28
2022-06-13 11:49:16,2022-06-13 11:49:35,In_Transit_Active, Loading/Unloading_Vehicle,annotator,HIGH LEVEL BEHAVIOR,2022-06-13 02:19:28,2022-06-13 02:19:47
2022-06-13 11:49:35,2022-06-13 11:49:49,Loading/Unloading_Vehicle,annotator,HIGH LEVEL BEHAVIOR,2022-06-13 02:19:47,2022-06-13 02:20:01
2022-06-13 11:49:49,2022-06-13 11:50:02,In_Transit_Active,annotator,HIGH LEVEL BEHAVIOR,2022-06-13 02:20:01,2022-06-13 02:20:14
2022-06-13 11:50:02,2022-06-13 11:50:11,In_Transit_Active,annotator,HIGH LEVEL BEHAVIOR,2022-06-13 02:20:14,2022-06-13 02:20:23
2022-06-13 11:50:11,2022-06-13 11:50:55,In_Transit_Passive_Car,annotator,HIGH LEVEL BEHAVIOR,2022-06-13 02:20:23,2022-06-13 02:21:07
2022-06-13 11:50:55,2022-06-13 11:57:07,In_Transit_Driving_Car,annotator,HIGH LEVEL BEHAVIOR,2022-06-13 02:21:07,2022-06-13 02:27:19
2022-06-13 11:57:07,2022-06-13 11:57:25,In_Transit_Passive_Car,annotator,HIGH LEVEL BEHAVIOR,2022-06-13 02:27:19,2022-06-13 02:27:37
2022-06-13 11:57:25,2022-06-13 11:57:32,In_Transit_Passive_Car,annotator,HIGH LEVEL BEHAVIOR,2022-06-13 02:27:37,2022-06-13 02:27:44
2022-06-13 11:57:32,2022-06-13 11:57:39,Loading/Unloading_Vehicle,annotator,HIGH LEVEL BEHAVIOR,2022-06-13 02:27:44,2022-06-13 02:27:51
2022-06-13 11:57:39,2022-06-13 11:57:50,Loading/Unloading_Vehicle,annotator,HIGH LEVEL BEHAVIOR,2022-06-13 02:27:51,2022-06-13 02:28:02
2022-06-13 11:57:50,2022-06-13 11:58:03,In_Transit_Active,annotator,HIGH LEVEL BEHAVIOR,2022-06-13 02:28:02,2022-06-13 02:28:15
2022-06-13 11:58:03,2022-06-13 11:58:20,In_Transit_Active,annotator,HIGH LEVEL BEHAVIOR,2022-06-13 02:28:15,2022-06-13 02:28:32
2022-06-13 11:58:20,2022-06-13 11:59:00,In_Transit_Active,annotator,HIGH LEVEL BEHAVIOR,2022-06-13 02:28:32,2022-06-13 02:29:12
2022-06-13 11:59:00,2022-06-13 11:59:41,In_Transit_Active,annotator,HIGH LEVEL BEHAVIOR,2022-06-13 02:29:12,2022-06-13 02:29:53
2022-06-13 11:59:41,2022-06-13 12:01:44,In_Transit_Active,annotator,HIGH LEVEL BEHAVIOR,2022-06-13 02:29:53,2022-06-13 02:31:56
2022-06-13 12:01:44,2022-06-13 12:01:55,In_Transit_Active,annotator,HIGH LEVEL BEHAVIOR,2022-06-13 02:31:56,2022-06-13 02:32:07
2022-06-13 12:01:55,2022-06-13 12:02:03,In_Transit_Active,annotator,HIGH LEVEL BEHAVIOR,2022-06-13 02:32:07,2022-06-13 02:32:15
2022-06-13 12:02:03,2022-06-13 12:02:06,In_Transit_Active,annotator,HIGH LEVEL BEHAVIOR,2022-06-13 02:32:15,2022-06-13 02:32:18
2022-06-13 12:02:06,2022-06-13 12:02:27,In_Transit_Active,annotator,HIGH LEVEL BEHAVIOR,2022-06-13 02:32:18,2022-06-13 02:32:39
2022-06-13 12:02:27,2022-06-13 12:02:41,In_Transit_Active,annotator,HIGH LEVEL BEHAVIOR,2022-06-13 02:32:39,2022-06-13 02:32:53
2022-06-13 12:02:41,2022-06-13 12:02:47,In_Transit_Active,annotator,HIGH LEVEL BEHAVIOR,2022-06-13 02:32:53,2022-06-13 02:32:59
2022-06-13 12:02:47,2022-06-13 12:03:39,Dressing/Undressing,annotator,HIGH LEVEL BEHAVIOR,2022-06-13 02:32:59,2022-06-13 02:33:51
2022-06-13 12:03:39,2022-06-13 12:04:09,Packing/Unpacking_Something,annotator,HIGH LEVEL BEHAVIOR,2022-06-13 02:33:51,2022-06-13 02:34:21
2022-06-13 12:04:09,2022-06-13 12:04:14,In_Transit_Active,annotator,HIGH LEVEL BEHAVIOR,2022-06-13 02:34:21,2022-06-13 02:34:26
2022-06-13 12:04:14,2022-06-13 12:04:59,Relaxing_Passive,annotator,HIGH LEVEL BEHAVIOR,2022-06-13 02:34:26,2022-06-13 02:35:11
2022-06-13 12:04:59,2022-06-13 12:05:08,In_Transit_Active,annotator,HIGH LEVEL BEHAVIOR,2022-06-13 02:35:11,2022-06-13 02:35:20
2022-06-13 12:05:08,2022-06-13 12:05:26,In_Transit_Active,annotator,HIGH LEVEL BEHAVIOR,2022-06-13 02:35:20,2022-06-13 02:35:38
2022-06-13 12:05:26,2022-06-13 12:05:58,In_Transit_Active,annotator,HIGH LEVEL BEHAVIOR,2022-06-13 02:35:38,2022-06-13 02:36:10
2022-06-13 12:05:58,2022-06-13 12:06:02,In_Transit_Active,annotator,HIGH LEVEL BEHAVIOR,2022-06-13 02:36:10,2022-06-13 02:36:14
2022-06-13 12:06:02,2022-06-13 12:06:07,In_Transit_Active,annotator,HIGH LEVEL BEHAVIOR,2022-06-13 02:36:14,2022-06-13 02:36:19
2022-06-13 12:06:07,2022-06-13 12:06:57,In_Transit_Active,annotator,HIGH LEVEL BEHAVIOR,2022-06-13 02:36:19,2022-06-13 02:37:09
2022-06-13 12:07:01,2022-06-13 12:08:50,In_Transit_Active,annotator,HIGH LEVEL BEHAVIOR,2022-06-13 02:37:13,2022-06-13 02:39:02
2022-06-13 12:08:50,2022-06-13 12:09:25,In_Transit_Active,annotator,HIGH LEVEL BEHAVIOR,2022-06-13 02:39:02,2022-06-13 02:39:37
2022-06-13 12:09:25,2022-06-13 12:09:47,In_Transit_Active,annotator,HIGH LEVEL BEHAVIOR,2022-06-13 02:39:37,2022-06-13 02:39:59
2022-06-13 12:09:47,2022-06-13 12:09:57,In_Transit_Active,annotator,HIGH LEVEL BEHAVIOR,2022-06-13 02:39:59,2022-06-13 02:40:09
2022-06-13 12:09:57,2022-06-13 12:10:09,In_Transit_Active,annotator,HIGH LEVEL BEHAVIOR,2022-06-13 02:40:09,2022-06-13 02:40:21
2022-06-13 12:10:09,2022-06-13 12:11:29,In_Transit_Active,annotator,HIGH LEVEL BEHAVIOR,2022-06-13 02:40:21,2022-06-13 02:41:41
2022-06-13 12:11:29,2022-06-13 12:11:46,In_Transit_Active,annotator,HIGH LEVEL BEHAVIOR,2022-06-13 02:41:41,2022-06-13 02:41:58
2022-06-13 12:11:46,2022-06-13 12:12:04,In_Transit_Active,annotator,HIGH LEVEL BEHAVIOR,2022-06-13 02:41:58,2022-06-13 02:42:16
2022-06-13 12:12:04,2022-06-13 12:12:17,In_Transit_Active,annotator,HIGH LEVEL BEHAVIOR,2022-06-13 02:42:16,2022-06-13 02:42:29
2022-06-13 12:12:17,2022-06-13 12:12:34,In_Transit_Active,annotator,HIGH LEVEL BEHAVIOR,2022-06-13 02:42:29,2022-06-13 02:42:46
2022-06-13 12:12:35,2022-06-13 12:12:58,Cycling_Regular_Bicycle,annotator,HIGH LEVEL BEHAVIOR,2022-06-13 02:42:47,2022-06-13 02:43:10
2022-06-13 12:12:58,2022-06-13 12:13:13,Cycling_Regular_Bicycle,annotator,HIGH LEVEL BEHAVIOR,2022-06-13 02:43:10,2022-06-13 02:43:25
2022-06-13 12:13:13,2022-06-13 12:13:33,Cycling_Regular_Bicycle,annotator,HIGH LEVEL BEHAVIOR,2022-06-13 02:43:25,2022-06-13 02:43:45
2022-06-13 12:13:33,2022-06-13 12:13:40,Cycling_Regular_Bicycle,annotator,HIGH LEVEL BEHAVIOR,2022-06-13 02:43:45,2022-06-13 02:43:52
2022-06-13 12:13:40,2022-06-13 12:14:58,Cycling_Regular_Bicycle,annotator,HIGH LEVEL BEHAVIOR,2022-06-13 02:43:52,2022-06-13 02:45:10
2022-06-13 12:14:58,2022-06-13 12:15:22,Cycling_Regular_Bicycle,annotator,HIGH LEVEL BEHAVIOR,2022-06-13 02:45:10,2022-06-13 02:45:34
2022-06-13 12:15:22,2022-06-13 12:17:58,Cycling_Regular_Bicycle,annotator,HIGH LEVEL BEHAVIOR,2022-06-13 02:45:34,2022-06-13 02:48:10
2022-06-13 12:17:58,2022-06-13 12:18:06,Cycling_Regular_Bicycle,annotator,HIGH LEVEL BEHAVIOR,2022-06-13 02:48:10,2022-06-13 02:48:18
2022-06-13 12:18:06,2022-06-13 12:19:24,Cycling_Regular_Bicycle,annotator,HIGH LEVEL BEHAVIOR,2022-06-13 02:48:18,2022-06-13 02:49:36
2022-06-13 12:19:24,2022-06-13 12:19:29,In_Transit_Active,annotator,HIGH LEVEL BEHAVIOR,2022-06-13 02:49:36,2022-06-13 02:49:41
2022-06-13 12:19:29,2022-06-13 12:19:40,In_Transit_Active,annotator,HIGH LEVEL BEHAVIOR,2022-06-13 02:49:41,2022-06-13 02:49:52
2022-06-13 12:19:40,2022-06-13 12:20:59,In_Transit_Active,annotator,HIGH LEVEL BEHAVIOR,2022-06-13 02:49:52,2022-06-13 02:51:11
2022-06-13 12:20:59,2022-06-13 12:23:23,In_Transit_Active,annotator,HIGH LEVEL BEHAVIOR,2022-06-13 02:51:11,2022-06-13 02:53:35
2022-06-13 12:23:23,2022-06-13 12:23:27,In_Transit_Active,annotator,HIGH LEVEL BEHAVIOR,2022-06-13 02:53:35,2022-06-13 02:53:39
2022-06-13 12:23:27,2022-06-13 12:23:41,In_Transit_Active,annotator,HIGH LEVEL BEHAVIOR,2022-06-13 02:53:39,2022-06-13 02:53:53
2022-06-13 12:23:41,2022-06-13 12:23:46,In_Transit_Active,annotator,HIGH LEVEL BEHAVIOR,2022-06-13 02:53:53,2022-06-13 02:53:58
2022-06-13 12:23:46,2022-06-13 12:24:15,In_Transit_Active,annotator,HIGH LEVEL BEHAVIOR,2022-06-13 02:53:58,2022-06-13 02:54:27
2022-06-13 12:24:15,2022-06-13 12:26:29,Administering_Child/Elder/Other_Adult,annotator,HIGH LEVEL BEHAVIOR,2022-06-13 02:54:27,2022-06-13 02:56:41
2022-06-13 12:24:22,2022-06-13 12:24:26,In_Transit_Active,annotator,HIGH LEVEL BEHAVIOR,2022-06-13 02:54:34,2022-06-13 02:54:38
2022-06-13 12:24:26,2022-06-13 12:24:29,In_Transit_Active,annotator,HIGH LEVEL BEHAVIOR,2022-06-13 02:54:38,2022-06-13 02:54:41
2022-06-13 12:24:29,2022-06-13 12:24:36,In_Transit_Active,annotator,HIGH LEVEL BEHAVIOR,2022-06-13 02:54:41,2022-06-13 02:54:48
2022-06-13 12:24:36,2022-06-13 12:26:31,In_Transit_Active,annotator,HIGH LEVEL BEHAVIOR,2022-06-13 02:54:48,2022-06-13 02:56:43
2022-06-13 12:26:31,2022-06-13 12:27:06,HLB_Other,annotator,HIGH LEVEL BEHAVIOR,2022-06-13 02:56:43,2022-06-13 02:57:18
2022-06-13 12:27:06,2022-06-13 12:27:10,In_Transit_Active,annotator,HIGH LEVEL BEHAVIOR,2022-06-13 02:57:18,2022-06-13 02:57:22
2022-06-13 12:27:10,2022-06-13 12:27:47,Riding_Elevator_Up,annotator,HIGH LEVEL BEHAVIOR,2022-06-13 02:57:22,2022-06-13 02:57:59
2022-06-13 12:27:47,2022-06-13 12:28:49,In_Transit_Active,annotator,HIGH LEVEL BEHAVIOR,2022-06-13 02:57:59,2022-06-13 02:59:01
2022-06-13 12:28:48,2022-06-13 12:28:49,In_Transit_Active,annotator,HIGH LEVEL BEHAVIOR,2022-06-13 02:59:00,2022-06-13 02:59:01
2022-06-13 12:28:49,2022-06-13 12:29:27,Packing/Unpacking_Something,annotator,HIGH LEVEL BEHAVIOR,2022-06-13 02:59:01,2022-06-13 02:59:39
2022-06-13 12:29:27,2022-06-13 12:29:40,HLB_Other,annotator,HIGH LEVEL BEHAVIOR,2022-06-13 02:59:39,2022-06-13 02:59:52
2022-06-13 12:29:40,2022-06-13 12:29:49,In_Transit_Active,annotator,HIGH LEVEL BEHAVIOR,2022-06-13 02:59:52,2022-06-13 03:00:01
2022-06-13 12:29:49,2022-06-13 12:29:58,In_Transit_Active,annotator,HIGH LEVEL BEHAVIOR,2022-06-13 03:00:01,2022-06-13 03:00:10
2022-06-13 12:29:58,2022-06-13 12:30:23,Packing/Unpacking_Something,annotator,HIGH LEVEL BEHAVIOR,2022-06-13 03:00:10,2022-06-13 03:00:35
2022-06-13 12:30:23,2022-06-13 12:30:56,In_Transit_Active,annotator,HIGH LEVEL BEHAVIOR,2022-06-13 03:00:35,2022-06-13 03:01:08
2022-06-13 12:30:56,2022-06-13 12:31:00,HLB_Other,annotator,HIGH LEVEL BEHAVIOR,2022-06-13 03:01:08,2022-06-13 03:01:12
2022-06-13 12:31:00,2022-06-13 12:31:02,In_Transit_Active,annotator,HIGH LEVEL BEHAVIOR,2022-06-13 03:01:12,2022-06-13 03:01:14
2022-06-13 12:31:02,2022-06-13 12:31:14,HLB_Other,annotator,HIGH LEVEL BEHAVIOR,2022-06-13 03:01:14,2022-06-13 03:01:26
2022-06-13 12:31:14,2022-06-13 12:41:22,HLB_Indecipherable/Video_Insufficient,annotator,HIGH LEVEL BEHAVIOR,2022-06-13 03:01:26,2022-06-13 03:11:34
2022-06-13 12:41:22,2022-06-13 12:41:27,HLB_Other,annotator,HIGH LEVEL BEHAVIOR,2022-06-13 03:11:34,2022-06-13 03:11:39
2022-06-13 12:41:27,2022-06-13 12:41:36,In_Transit_Active,annotator,HIGH LEVEL BEHAVIOR,2022-06-13 03:11:39,2022-06-13 03:11:48
2022-06-13 12:41:36,2022-06-13 12:41:59,In_Transit_Active,annotator,HIGH LEVEL BEHAVIOR,2022-06-13 03:11:48,2022-06-13 03:12:11
2022-06-13 12:41:36,2022-06-13 12:41:36,Grooming/Self_Care,annotator,HIGH LEVEL BEHAVIOR,2022-06-13 03:11:48,2022-06-13 03:11:48
2022-06-13 12:41:59,2022-06-13 12:42:10,HLB_Other,annotator,HIGH LEVEL BEHAVIOR,2022-06-13 03:12:11,2022-06-13 03:12:22
2022-06-13 12:42:10,2022-06-13 12:42:16,In_Transit_Active,annotator,HIGH LEVEL BEHAVIOR,2022-06-13 03:12:22,2022-06-13 03:12:28
2022-06-13 12:42:16,2022-06-13 12:42:17,In_Transit_Active,annotator,HIGH LEVEL BEHAVIOR,2022-06-13 03:12:28,2022-06-13 03:12:29
2022-06-13 12:42:17,2022-06-13 12:42:25,HLB_Other,annotator,HIGH LEVEL BEHAVIOR,2022-06-13 03:12:29,2022-06-13 03:12:37
2022-06-13 12:42:25,2022-06-13 12:42:29,HLB_Other,annotator,HIGH LEVEL BEHAVIOR,2022-06-13 03:12:37,2022-06-13 03:12:41
2022-06-13 12:42:29,2022-06-13 12:42:43,Meeting_Formal_Gathering_In_Person,annotator,HIGH LEVEL BEHAVIOR,2022-06-13 03:12:41,2022-06-13 03:12:55
2022-06-13 12:42:44,2022-06-13 12:42:53,In_Transit_Active, HLB_Other,annotator,HIGH LEVEL BEHAVIOR,2022-06-13 03:12:56,2022-06-13 03:13:05
2022-06-13 12:42:53,2022-06-13 12:42:57,HLB_Other,annotator,HIGH LEVEL BEHAVIOR,2022-06-13 03:13:05,2022-06-13 03:13:09
2022-06-13 12:42:57,2022-06-13 12:43:17,HLB_Other, In_Transit_Active,annotator,HIGH LEVEL BEHAVIOR,2022-06-13 03:13:09,2022-06-13 03:13:29
2022-06-13 12:43:17,2022-06-13 12:43:33,In_Transit_Active,annotator,HIGH LEVEL BEHAVIOR,2022-06-13 03:13:29,2022-06-13 03:13:45
2022-06-13 12:43:33,2022-06-13 12:43:35,HLB_Other,annotator,HIGH LEVEL BEHAVIOR,2022-06-13 03:13:45,2022-06-13 03:13:47
2022-06-13 12:43:35,2022-06-13 12:43:38,In_Transit_Active,annotator,HIGH LEVEL BEHAVIOR,2022-06-13 03:13:47,2022-06-13 03:13:50
2022-06-13 12:43:38,2022-06-13 12:44:05,Riding_Elevator_Down,annotator,HIGH LEVEL BEHAVIOR,2022-06-13 03:13:50,2022-06-13 03:14:17
2022-06-13 12:44:05,2022-06-13 12:44:10,In_Transit_Active,annotator,HIGH LEVEL BEHAVIOR,2022-06-13 03:14:17,2022-06-13 03:14:22
2022-06-13 12:44:10,2022-06-13 12:44:29,HLB_Other,annotator,HIGH LEVEL BEHAVIOR,2022-06-13 03:14:22,2022-06-13 03:14:41
2022-06-13 12:44:29,2022-06-13 12:44:47,HLB_Other,annotator,HIGH LEVEL BEHAVIOR,2022-06-13 03:14:41,2022-06-13 03:14:59
2022-06-13 12:44:47,2022-06-13 12:44:52,In_Transit_Active,annotator,HIGH LEVEL BEHAVIOR,2022-06-13 03:14:59,2022-06-13 03:15:04
2022-06-13 12:44:52,2022-06-13 12:44:56,HLB_Other,annotator,HIGH LEVEL BEHAVIOR,2022-06-13 03:15:04,2022-06-13 03:15:08
2022-06-13 12:44:56,2022-06-13 12:45:00,In_Transit_Active,annotator,HIGH LEVEL BEHAVIOR,2022-06-13 03:15:08,2022-06-13 03:15:12
2022-06-13 12:45:00,2022-06-13 12:45:05,HLB_Other,annotator,HIGH LEVEL BEHAVIOR,2022-06-13 03:15:12,2022-06-13 03:15:17
2022-06-13 12:45:05,2022-06-13 12:45:11,In_Transit_Active,annotator,HIGH LEVEL BEHAVIOR,2022-06-13 03:15:17,2022-06-13 03:15:23
2022-06-13 12:45:11,2022-06-13 12:45:14,HLB_Other,annotator,HIGH LEVEL BEHAVIOR,2022-06-13 03:15:23,2022-06-13 03:15:26
2022-06-13 12:45:14,2022-06-13 12:45:51,Dressing/Undressing,annotator,HIGH LEVEL BEHAVIOR,2022-06-13 03:15:26,2022-06-13 03:16:03
2022-06-13 12:45:51,2022-06-13 12:45:57,HLB_Other,annotator,HIGH LEVEL BEHAVIOR,2022-06-13 03:16:03,2022-06-13 03:16:09
2022-06-13 12:45:57,2022-06-13 12:46:22,Dressing/Undressing,annotator,HIGH LEVEL BEHAVIOR,2022-06-13 03:16:09,2022-06-13 03:16:34
2022-06-13 12:46:22,2022-06-13 12:46:27,In_Transit_Active,annotator,HIGH LEVEL BEHAVIOR,2022-06-13 03:16:34,2022-06-13 03:16:39
2022-06-13 12:46:27,2022-06-13 12:46:30,HLB_Other,annotator,HIGH LEVEL BEHAVIOR,2022-06-13 03:16:39,2022-06-13 03:16:42
2022-06-13 12:46:30,2022-06-13 12:46:44,In_Transit_Active, HLB_Other,annotator,HIGH LEVEL BEHAVIOR,2022-06-13 03:16:42,2022-06-13 03:16:56
2022-06-13 12:46:44,2022-06-13 12:46:47,HLB_Other,annotator,HIGH LEVEL BEHAVIOR,2022-06-13 03:16:56,2022-06-13 03:16:59
2022-06-13 12:46:47,2022-06-13 12:46:51,In_Transit_Active,annotator,HIGH LEVEL BEHAVIOR,2022-06-13 03:16:59,2022-06-13 03:17:03
2022-06-13 12:46:51,2022-06-13 12:46:54,HLB_Other,annotator,HIGH LEVEL BEHAVIOR,2022-06-13 03:17:03,2022-06-13 03:17:06
2022-06-13 12:46:54,2022-06-13 12:47:13,Packing/Unpacking_Something,annotator,HIGH LEVEL BEHAVIOR,2022-06-13 03:17:06,2022-06-13 03:17:25
2022-06-13 12:47:13,2022-06-13 12:47:24,Packing/Unpacking_Something,annotator,HIGH LEVEL BEHAVIOR,2022-06-13 03:17:25,2022-06-13 03:17:36
2022-06-13 12:47:24,2022-06-13 12:47:32,HLB_Other,annotator,HIGH LEVEL BEHAVIOR,2022-06-13 03:17:36,2022-06-13 03:17:44
2022-06-13 12:47:25,2022-06-13 12:47:25,Packing/Unpacking_Something,annotator,HIGH LEVEL BEHAVIOR,2022-06-13 03:17:37,2022-06-13 03:17:37
2022-06-13 12:47:25,2022-06-13 12:47:25,Packing/Unpacking_Something,annotator,HIGH LEVEL BEHAVIOR,2022-06-13 03:17:37,2022-06-13 03:17:37
2022-06-13 12:47:32,2022-06-13 12:47:57,In_Transit_Active, HLB_Other,annotator,HIGH LEVEL BEHAVIOR,2022-06-13 03:17:44,2022-06-13 03:18:09
2022-06-13 12:47:57,2022-06-13 12:48:09,HLB_Other,annotator,HIGH LEVEL BEHAVIOR,2022-06-13 03:18:09,2022-06-13 03:18:21
2022-06-13 12:48:09,2022-06-13 12:48:13,Working_Other,annotator,HIGH LEVEL BEHAVIOR,2022-06-13 03:18:21,2022-06-13 03:18:25
2022-06-13 12:48:13,2022-06-13 12:48:32,Working_Other,annotator,HIGH LEVEL BEHAVIOR,2022-06-13 03:18:25,2022-06-13 03:18:44
2022-06-13 12:48:32,2022-06-13 12:48:44,Working_Other, HLB_Other,annotator,HIGH LEVEL BEHAVIOR,2022-06-13 03:18:44,2022-06-13 03:18:56
2022-06-13 12:48:44,2022-06-13 12:49:23,Working_Other, In_Transit_Active, HLB_Other,annotator,HIGH LEVEL BEHAVIOR,2022-06-13 03:18:56,2022-06-13 03:19:35
2022-06-13 12:49:23,2022-06-13 12:49:25,Working_Other, HLB_Other,annotator,HIGH LEVEL BEHAVIOR,2022-06-13 03:19:35,2022-06-13 03:19:37
2022-06-13 12:49:25,2022-06-13 12:49:37,Working_Other, HLB_Other, In_Transit_Active,annotator,HIGH LEVEL BEHAVIOR,2022-06-13 03:19:37,2022-06-13 03:19:49
2022-06-13 12:49:37,2022-06-13 12:49:40,Working_Other, HLB_Other,annotator,HIGH LEVEL BEHAVIOR,2022-06-13 03:19:49,2022-06-13 03:19:52
2022-06-13 12:49:40,2022-06-13 12:49:45,Working_Other, HLB_Other, In_Transit_Active,annotator,HIGH LEVEL BEHAVIOR,2022-06-13 03:19:52,2022-06-13 03:19:57
2022-06-13 12:49:45,2022-06-13 12:50:11,Working_Other, HLB_Other, Riding_Elevator_Up,annotator,HIGH LEVEL BEHAVIOR,2022-06-13 03:19:57,2022-06-13 03:20:23
2022-06-13 12:50:11,2022-06-13 12:50:59,Working_Other, HLB_Other, In_Transit_Active,annotator,HIGH LEVEL BEHAVIOR,2022-06-13 03:20:23,2022-06-13 03:21:11
2022-06-13 12:50:59,2022-06-13 12:51:12,Working_Other, HLB_Other, In_Transit_Active, Meeting_Formal_Gathering_In_Person,annotator,HIGH LEVEL BEHAVIOR,2022-06-13 03:21:11,2022-06-13 03:21:24
2022-06-13 12:51:12,2022-06-13 12:51:20,Working_Other, HLB_Other, Meeting_Formal_Gathering_In_Person,annotator,HIGH LEVEL BEHAVIOR,2022-06-13 03:21:24,2022-06-13 03:21:32
2022-06-13 12:51:20,2022-06-13 12:52:31,Working_Other, Meeting_Formal_Gathering_In_Person,annotator,HIGH LEVEL BEHAVIOR,2022-06-13 03:21:32,2022-06-13 03:22:43
2022-06-13 12:52:31,2022-06-13 12:53:05,Working_Other, Meeting_Formal_Gathering_In_Person,annotator,HIGH LEVEL BEHAVIOR,2022-06-13 03:22:43,2022-06-13 03:23:17
2022-06-13 12:53:05,2022-06-13 12:55:06,Working_Other, Meeting_Formal_Gathering_In_Person,annotator,HIGH LEVEL BEHAVIOR,2022-06-13 03:23:17,2022-06-13 03:25:18
2022-06-13 12:55:06,2022-06-13 12:59:33,Working_Other, Meeting_Formal_Gathering_In_Person,annotator,HIGH LEVEL BEHAVIOR,2022-06-13 03:25:18,2022-06-13 03:29:45
2022-06-13 12:59:33,2022-06-13 12:59:49,Working_Other, Meeting_Formal_Gathering_In_Person,annotator,HIGH LEVEL BEHAVIOR,2022-06-13 03:29:45,2022-06-13 03:30:01
2022-06-13 12:59:49,2022-06-13 13:01:28,Working_Other, Meeting_Formal_Gathering_In_Person,annotator,HIGH LEVEL BEHAVIOR,2022-06-13 03:30:01,2022-06-13 03:31:40
2022-06-13 13:01:28,2022-06-13 13:08:26,Working_Other, Meeting_Formal_Gathering_In_Person,annotator,HIGH LEVEL BEHAVIOR,2022-06-13 03:31:40,2022-06-13 03:38:38
2022-06-13 13:08:26,2022-06-13 13:09:18,Working_Other, Meeting_Formal_Gathering_In_Person,annotator,HIGH LEVEL BEHAVIOR,2022-06-13 03:38:38,2022-06-13 03:39:30
2022-06-13 13:09:01,2022-06-13 13:09:18,Working_Other, Meeting_Formal_Gathering_In_Person,annotator,HIGH LEVEL BEHAVIOR,2022-06-13 03:39:13,2022-06-13 03:39:30
2022-06-13 13:09:18,2022-06-13 13:09:41,Working_Other, Meeting_Formal_Gathering_In_Person,annotator,HIGH LEVEL BEHAVIOR,2022-06-13 03:39:30,2022-06-13 03:39:53
2022-06-13 13:09:41,2022-06-13 13:09:52,Working_Other, Meeting_Formal_Gathering_In_Person,annotator,HIGH LEVEL BEHAVIOR,2022-06-13 03:39:53,2022-06-13 03:40:04
2022-06-13 13:09:52,2022-06-13 13:10:16,Working_Other, Meeting_Formal_Gathering_In_Person,annotator,HIGH LEVEL BEHAVIOR,2022-06-13 03:40:04,2022-06-13 03:40:28
2022-06-13 13:10:16,2022-06-13 13:15:52,Working_Other, Meeting_Formal_Gathering_In_Person,annotator,HIGH LEVEL BEHAVIOR,2022-06-13 03:40:28,2022-06-13 03:46:04
2022-06-13 13:15:52,2022-06-13 13:17:28,Working_Other, Meeting_Formal_Gathering_In_Person,annotator,HIGH LEVEL BEHAVIOR,2022-06-13 03:46:04,2022-06-13 03:47:40
2022-06-13 13:17:28,2022-06-13 13:17:44,Working_Other, Meeting_Formal_Gathering_In_Person,annotator,HIGH LEVEL BEHAVIOR,2022-06-13 03:47:40,2022-06-13 03:47:56
2022-06-13 13:17:44,2022-06-13 13:18:02,Working_Other, Meeting_Formal_Gathering_In_Person,annotator,HIGH LEVEL BEHAVIOR,2022-06-13 03:47:56,2022-06-13 03:48:14
2022-06-13 13:18:02,2022-06-13 13:18:11,Working_Other, Meeting_Formal_Gathering_In_Person,annotator,HIGH LEVEL BEHAVIOR,2022-06-13 03:48:14,2022-06-13 03:48:23
2022-06-13 13:18:11,2022-06-13 13:18:17,Working_Other, In_Transit_Active, Meeting_Formal_Gathering_In_Person,annotator,HIGH LEVEL BEHAVIOR,2022-06-13 03:48:23,2022-06-13 03:48:29
2022-06-13 13:18:17,2022-06-13 13:19:56,Working_Other, Meeting_Formal_Gathering_In_Person,annotator,HIGH LEVEL BEHAVIOR,2022-06-13 03:48:29,2022-06-13 03:50:08
2022-06-13 13:19:56,2022-06-13 13:20:00,Working_Other, Meeting_Formal_Gathering_In_Person, In_Transit_Active,annotator,HIGH LEVEL BEHAVIOR,2022-06-13 03:50:08,2022-06-13 03:50:12
2022-06-13 13:20:00,2022-06-13 13:20:20,Working_Other, Meeting_Formal_Gathering_In_Person,annotator,HIGH LEVEL BEHAVIOR,2022-06-13 03:50:12,2022-06-13 03:50:32
2022-06-13 13:20:20,2022-06-13 13:20:27,Working_Other,annotator,HIGH LEVEL BEHAVIOR,2022-06-13 03:50:32,2022-06-13 03:50:39
2022-06-13 13:20:27,2022-06-13 13:20:57,Working_Other,annotator,HIGH LEVEL BEHAVIOR,2022-06-13 03:50:39,2022-06-13 03:51:09
2022-06-13 13:20:27,2022-06-13 13:20:27,Working_Other,annotator,HIGH LEVEL BEHAVIOR,2022-06-13 03:50:39,2022-06-13 03:50:39
2022-06-13 13:20:57,2022-06-13 13:21:05,Working_Other, In_Transit_Active,annotator,HIGH LEVEL BEHAVIOR,2022-06-13 03:51:09,2022-06-13 03:51:17
2022-06-13 13:21:05,2022-06-13 13:21:09,Working_Other,annotator,HIGH LEVEL BEHAVIOR,2022-06-13 03:51:17,2022-06-13 03:51:21
2022-06-13 13:21:09,2022-06-13 13:21:15,Working_Other, In_Transit_Active,annotator,HIGH LEVEL BEHAVIOR,2022-06-13 03:51:21,2022-06-13 03:51:27
2022-06-13 13:21:15,2022-06-13 13:24:21,Working_Other,annotator,HIGH LEVEL BEHAVIOR,2022-06-13 03:51:27,2022-06-13 03:54:33
2022-06-13 13:24:21,2022-06-13 13:24:31,Working_Other, In_Transit_Active,annotator,HIGH LEVEL BEHAVIOR,2022-06-13 03:54:33,2022-06-13 03:54:43
2022-06-13 13:24:31,2022-06-13 13:24:34,Working_Other,annotator,HIGH LEVEL BEHAVIOR,2022-06-13 03:54:43,2022-06-13 03:54:46
2022-06-13 13:24:34,2022-06-13 13:24:51,Working_Other, In_Transit_Active,annotator,HIGH LEVEL BEHAVIOR,2022-06-13 03:54:46,2022-06-13 03:55:03
2022-06-13 13:24:51,2022-06-13 13:25:21,Working_Other,annotator,HIGH LEVEL BEHAVIOR,2022-06-13 03:55:03,2022-06-13 03:55:33
2022-06-13 13:25:21,2022-06-13 13:25:31,Working_Other, In_Transit_Active,annotator,HIGH LEVEL BEHAVIOR,2022-06-13 03:55:33,2022-06-13 03:55:43
2022-06-13 13:25:31,2022-06-13 13:25:58,Working_Other,annotator,HIGH LEVEL BEHAVIOR,2022-06-13 03:55:43,2022-06-13 03:56:10
2022-06-13 13:25:58,2022-06-13 13:26:04,Working_Other, In_Transit_Active,annotator,HIGH LEVEL BEHAVIOR,2022-06-13 03:56:10,2022-06-13 03:56:16
2022-06-13 13:26:04,2022-06-13 13:26:10,Working_Other, In_Transit_Active,annotator,HIGH LEVEL BEHAVIOR,2022-06-13 03:56:16,2022-06-13 03:56:22
2022-06-13 13:26:10,2022-06-13 13:26:12,Working_Other,annotator,HIGH LEVEL BEHAVIOR,2022-06-13 03:56:22,2022-06-13 03:56:24
2022-06-13 13:26:12,2022-06-13 13:26:22,Working_Other, In_Transit_Active,annotator,HIGH LEVEL BEHAVIOR,2022-06-13 03:56:24,2022-06-13 03:56:34
