START_TIME,STOP_TIME,PREDICTION,SOURCE,LABELSET,VIDEO_START_TIME,VIDEO_END_TIME
2022-05-25 08:58:34,2022-05-25 08:59:08,Free_Living,annotator,Experimental situation,2022-05-25 00:00:00,2022-05-25 00:00:34
2022-05-25 08:59:08,2022-05-25 08:59:42,Free_Living,annotator,Experimental situation,2022-05-25 00:00:34,2022-05-25 00:01:08
2022-05-25 08:59:42,2022-05-25 09:00:22,Free_Living,annotator,Experimental situation,2022-05-25 00:01:08,2022-05-25 00:01:48
2022-05-25 09:00:22,2022-05-25 09:01:09,Free_Living,annotator,Experimental situation,2022-05-25 00:01:48,2022-05-25 00:02:35
2022-05-25 09:01:09,2022-05-25 09:01:22,Free_Living,annotator,Experimental situation,2022-05-25 00:02:35,2022-05-25 00:02:48
2022-05-25 09:01:22,2022-05-25 09:01:31,Free_Living,annotator,Experimental situation,2022-05-25 00:02:48,2022-05-25 00:02:57
2022-05-25 09:01:31,2022-05-25 09:01:49,Free_Living,annotator,Experimental situation,2022-05-25 00:02:57,2022-05-25 00:03:15
2022-05-25 09:01:49,2022-05-25 09:02:03,Free_Living,annotator,Experimental situation,2022-05-25 00:03:15,2022-05-25 00:03:29
2022-05-25 09:02:03,2022-05-25 09:02:43,Free_Living,annotator,Experimental situation,2022-05-25 00:03:29,2022-05-25 00:04:09
2022-05-25 09:02:43,2022-05-25 09:02:48,Free_Living,annotator,Experimental situation,2022-05-25 00:04:09,2022-05-25 00:04:14
2022-05-25 09:02:48,2022-05-25 09:03:13,Free_Living,annotator,Experimental situation,2022-05-25 00:04:14,2022-05-25 00:04:39
2022-05-25 09:03:13,2022-05-25 09:03:31,Free_Living,annotator,Experimental situation,2022-05-25 00:04:39,2022-05-25 00:04:57
2022-05-25 09:03:31,2022-05-25 09:04:32,Free_Living,annotator,Experimental situation,2022-05-25 00:04:57,2022-05-25 00:05:58
2022-05-25 09:04:32,2022-05-25 09:05:41,Free_Living,annotator,Experimental situation,2022-05-25 00:05:58,2022-05-25 00:07:07
2022-05-25 09:05:41,2022-05-25 09:05:58,Free_Living,annotator,Experimental situation,2022-05-25 00:07:07,2022-05-25 00:07:24
2022-05-25 09:05:58,2022-05-25 09:06:34,Free_Living,annotator,Experimental situation,2022-05-25 00:07:24,2022-05-25 00:08:00
2022-05-25 09:06:34,2022-05-25 09:07:16,Free_Living,annotator,Experimental situation,2022-05-25 00:08:00,2022-05-25 00:08:42
2022-05-25 09:07:16,2022-05-25 09:07:44,Free_Living,annotator,Experimental situation,2022-05-25 00:08:42,2022-05-25 00:09:10
2022-05-25 09:07:44,2022-05-25 09:09:13,Free_Living,annotator,Experimental situation,2022-05-25 00:09:10,2022-05-25 00:10:39
2022-05-25 09:09:13,2022-05-25 09:11:54,Free_Living,annotator,Experimental situation,2022-05-25 00:10:39,2022-05-25 00:13:20
2022-05-25 09:11:54,2022-05-25 09:12:52,Free_Living,annotator,Experimental situation,2022-05-25 00:13:20,2022-05-25 00:14:18
2022-05-25 09:12:52,2022-05-25 09:13:01,Free_Living,annotator,Experimental situation,2022-05-25 00:14:18,2022-05-25 00:14:27
2022-05-25 09:13:01,2022-05-25 09:13:06,Free_Living,annotator,Experimental situation,2022-05-25 00:14:27,2022-05-25 00:14:32
2022-05-25 09:13:06,2022-05-25 09:13:18,Free_Living,annotator,Experimental situation,2022-05-25 00:14:32,2022-05-25 00:14:44
2022-05-25 09:13:18,2022-05-25 09:13:22,Free_Living,annotator,Experimental situation,2022-05-25 00:14:44,2022-05-25 00:14:48
2022-05-25 09:13:22,2022-05-25 09:13:27,Free_Living,annotator,Experimental situation,2022-05-25 00:14:48,2022-05-25 00:14:53
2022-05-25 09:13:27,2022-05-25 09:17:06,Free_Living,annotator,Experimental situation,2022-05-25 00:14:53,2022-05-25 00:18:32
2022-05-25 09:17:06,2022-05-25 09:21:57,Free_Living,annotator,Experimental situation,2022-05-25 00:18:32,2022-05-25 00:23:23
2022-05-25 09:21:57,2022-05-25 09:22:30,Free_Living,annotator,Experimental situation,2022-05-25 00:23:23,2022-05-25 00:23:56
2022-05-25 09:22:30,2022-05-25 09:22:38,Free_Living,annotator,Experimental situation,2022-05-25 00:23:56,2022-05-25 00:24:04
2022-05-25 09:22:38,2022-05-25 09:22:54,Free_Living,annotator,Experimental situation,2022-05-25 00:24:04,2022-05-25 00:24:20
2022-05-25 09:22:54,2022-05-25 09:23:07,Free_Living,annotator,Experimental situation,2022-05-25 00:24:20,2022-05-25 00:24:33
2022-05-25 09:23:07,2022-05-25 09:23:26,Free_Living,annotator,Experimental situation,2022-05-25 00:24:33,2022-05-25 00:24:52
2022-05-25 09:23:26,2022-05-25 09:23:39,Free_Living,annotator,Experimental situation,2022-05-25 00:24:52,2022-05-25 00:25:05
2022-05-25 09:23:39,2022-05-25 09:23:45,Free_Living,annotator,Experimental situation,2022-05-25 00:25:05,2022-05-25 00:25:11
2022-05-25 09:23:45,2022-05-25 09:24:22,Free_Living,annotator,Experimental situation,2022-05-25 00:25:11,2022-05-25 00:25:48
2022-05-25 09:24:22,2022-05-25 09:24:41,Free_Living,annotator,Experimental situation,2022-05-25 00:25:48,2022-05-25 00:26:07
2022-05-25 09:24:41,2022-05-25 09:24:44,Free_Living,annotator,Experimental situation,2022-05-25 00:26:07,2022-05-25 00:26:10
2022-05-25 09:24:44,2022-05-25 09:24:56,Free_Living,annotator,Experimental situation,2022-05-25 00:26:10,2022-05-25 00:26:22
2022-05-25 09:24:56,2022-05-25 09:29:48,Free_Living,annotator,Experimental situation,2022-05-25 00:26:22,2022-05-25 00:31:14
2022-05-25 09:29:48,2022-05-25 09:30:08,Free_Living,annotator,Experimental situation,2022-05-25 00:31:14,2022-05-25 00:31:34
2022-05-25 09:30:08,2022-05-25 09:41:46,Free_Living,annotator,Experimental situation,2022-05-25 00:31:34,2022-05-25 00:43:12
2022-05-25 09:41:46,2022-05-25 09:42:03,Free_Living,annotator,Experimental situation,2022-05-25 00:43:12,2022-05-25 00:43:29
2022-05-25 09:42:03,2022-05-25 09:42:30,Free_Living,annotator,Experimental situation,2022-05-25 00:43:29,2022-05-25 00:43:56
2022-05-25 09:42:30,2022-05-25 09:44:12,Free_Living,annotator,Experimental situation,2022-05-25 00:43:56,2022-05-25 00:45:38
2022-05-25 09:44:12,2022-05-25 09:44:29,Free_Living,annotator,Experimental situation,2022-05-25 00:45:38,2022-05-25 00:45:55
2022-05-25 09:44:29,2022-05-25 09:44:57,Free_Living,annotator,Experimental situation,2022-05-25 00:45:55,2022-05-25 00:46:23
2022-05-25 09:44:57,2022-05-25 09:45:11,Free_Living,annotator,Experimental situation,2022-05-25 00:46:23,2022-05-25 00:46:37
2022-05-25 09:45:11,2022-05-25 09:46:28,Free_Living,annotator,Experimental situation,2022-05-25 00:46:37,2022-05-25 00:47:54
2022-05-25 09:46:28,2022-05-25 09:46:39,Free_Living,annotator,Experimental situation,2022-05-25 00:47:54,2022-05-25 00:48:05
2022-05-25 09:46:39,2022-05-25 09:47:00,Free_Living,annotator,Experimental situation,2022-05-25 00:48:05,2022-05-25 00:48:26
2022-05-25 09:47:00,2022-05-25 09:47:41,Free_Living,annotator,Experimental situation,2022-05-25 00:48:26,2022-05-25 00:49:07
2022-05-25 09:47:41,2022-05-25 09:48:44,Free_Living,annotator,Experimental situation,2022-05-25 00:49:07,2022-05-25 00:50:10
2022-05-25 09:48:44,2022-05-25 09:49:24,Free_Living,annotator,Experimental situation,2022-05-25 00:50:10,2022-05-25 00:50:50
2022-05-25 09:49:24,2022-05-25 09:49:58,Free_Living,annotator,Experimental situation,2022-05-25 00:50:50,2022-05-25 00:51:24
2022-05-25 09:49:58,2022-05-25 09:55:23,Free_Living,annotator,Experimental situation,2022-05-25 00:51:24,2022-05-25 00:56:49
2022-05-25 09:55:23,2022-05-25 09:55:39,Free_Living,annotator,Experimental situation,2022-05-25 00:56:49,2022-05-25 00:57:05
2022-05-25 09:55:39,2022-05-25 09:56:09,Free_Living,annotator,Experimental situation,2022-05-25 00:57:05,2022-05-25 00:57:35
2022-05-25 09:56:09,2022-05-25 10:00:51,Free_Living,annotator,Experimental situation,2022-05-25 00:57:35,2022-05-25 01:02:17
2022-05-25 10:00:51,2022-05-25 10:01:50,Free_Living,annotator,Experimental situation,2022-05-25 01:02:17,2022-05-25 01:03:16
2022-05-25 10:01:51,2022-05-25 10:02:35,Free_Living,annotator,Experimental situation,2022-05-25 01:03:17,2022-05-25 01:04:01
2022-05-25 10:02:35,2022-05-25 10:02:43,Free_Living,annotator,Experimental situation,2022-05-25 01:04:01,2022-05-25 01:04:09
2022-05-25 10:02:43,2022-05-25 10:03:59,Free_Living,annotator,Experimental situation,2022-05-25 01:04:09,2022-05-25 01:05:25
2022-05-25 10:04:00,2022-05-25 10:05:06,Free_Living,annotator,Experimental situation,2022-05-25 01:05:26,2022-05-25 01:06:32
2022-05-25 10:05:06,2022-05-25 10:06:22,Free_Living,annotator,Experimental situation,2022-05-25 01:06:32,2022-05-25 01:07:48
2022-05-25 10:06:22,2022-05-25 10:11:20,Free_Living,annotator,Experimental situation,2022-05-25 01:07:48,2022-05-25 01:12:46
2022-05-25 10:11:22,2022-05-25 10:12:00,Free_Living,annotator,Experimental situation,2022-05-25 01:12:48,2022-05-25 01:13:26
2022-05-25 10:12:00,2022-05-25 10:13:35,Free_Living,annotator,Experimental situation,2022-05-25 01:13:26,2022-05-25 01:15:01
2022-05-25 10:13:35,2022-05-25 10:13:59,Free_Living,annotator,Experimental situation,2022-05-25 01:15:01,2022-05-25 01:15:25
2022-05-25 10:13:59,2022-05-25 10:14:13,Free_Living,annotator,Experimental situation,2022-05-25 01:15:25,2022-05-25 01:15:39
2022-05-25 10:14:13,2022-05-25 10:15:48,Free_Living,annotator,Experimental situation,2022-05-25 01:15:39,2022-05-25 01:17:14
2022-05-25 10:15:48,2022-05-25 10:15:55,Free_Living,annotator,Experimental situation,2022-05-25 01:17:14,2022-05-25 01:17:21
2022-05-25 10:15:55,2022-05-25 10:17:35,Free_Living,annotator,Experimental situation,2022-05-25 01:17:21,2022-05-25 01:19:01
2022-05-25 10:17:35,2022-05-25 10:18:19,Free_Living,annotator,Experimental situation,2022-05-25 01:19:01,2022-05-25 01:19:45
2022-05-25 10:18:19,2022-05-25 10:18:36,Free_Living,annotator,Experimental situation,2022-05-25 01:19:45,2022-05-25 01:20:02
2022-05-25 10:18:36,2022-05-25 10:22:24,Free_Living,annotator,Experimental situation,2022-05-25 01:20:02,2022-05-25 01:23:50
2022-05-25 10:22:24,2022-05-25 10:23:49,Free_Living,annotator,Experimental situation,2022-05-25 01:23:50,2022-05-25 01:25:15
2022-05-25 10:23:49,2022-05-25 10:24:09,Free_Living,annotator,Experimental situation,2022-05-25 01:25:15,2022-05-25 01:25:35
2022-05-25 10:24:09,2022-05-25 10:24:38,Free_Living,annotator,Experimental situation,2022-05-25 01:25:35,2022-05-25 01:26:04
2022-05-25 10:24:38,2022-05-25 10:26:13,Free_Living,annotator,Experimental situation,2022-05-25 01:26:04,2022-05-25 01:27:39
2022-05-25 10:26:13,2022-05-25 10:27:20,Free_Living,annotator,Experimental situation,2022-05-25 01:27:39,2022-05-25 01:28:46
2022-05-25 10:27:20,2022-05-25 10:27:44,Free_Living,annotator,Experimental situation,2022-05-25 01:28:46,2022-05-25 01:29:10
2022-05-25 10:27:44,2022-05-25 10:31:01,Free_Living,annotator,Experimental situation,2022-05-25 01:29:10,2022-05-25 01:32:27
2022-05-25 10:31:01,2022-05-25 10:31:12,Free_Living,annotator,Experimental situation,2022-05-25 01:32:27,2022-05-25 01:32:38
2022-05-25 10:31:12,2022-05-25 10:32:58,Free_Living,annotator,Experimental situation,2022-05-25 01:32:38,2022-05-25 01:34:24
2022-05-25 10:32:58,2022-05-25 10:33:26,Free_Living,annotator,Experimental situation,2022-05-25 01:34:24,2022-05-25 01:34:52
2022-05-25 10:33:26,2022-05-25 10:34:58,Free_Living,annotator,Experimental situation,2022-05-25 01:34:52,2022-05-25 01:36:24
2022-05-25 10:34:58,2022-05-25 10:36:18,Free_Living,annotator,Experimental situation,2022-05-25 01:36:24,2022-05-25 01:37:44
2022-05-25 10:36:18,2022-05-25 10:38:31,Free_Living,annotator,Experimental situation,2022-05-25 01:37:44,2022-05-25 01:39:57
2022-05-25 10:38:31,2022-05-25 10:38:51,Free_Living,annotator,Experimental situation,2022-05-25 01:39:57,2022-05-25 01:40:17
2022-05-25 10:38:51,2022-05-25 10:39:51,Free_Living,annotator,Experimental situation,2022-05-25 01:40:17,2022-05-25 01:41:17
2022-05-25 10:39:51,2022-05-25 10:40:05,Free_Living,annotator,Experimental situation,2022-05-25 01:41:17,2022-05-25 01:41:31
2022-05-25 10:40:05,2022-05-25 10:40:17,Free_Living,annotator,Experimental situation,2022-05-25 01:41:31,2022-05-25 01:41:43
2022-05-25 10:40:17,2022-05-25 10:40:53,Free_Living,annotator,Experimental situation,2022-05-25 01:41:43,2022-05-25 01:42:19
2022-05-25 10:40:53,2022-05-25 10:41:07,Free_Living,annotator,Experimental situation,2022-05-25 01:42:19,2022-05-25 01:42:33
2022-05-25 10:41:07,2022-05-25 10:41:54,Free_Living,annotator,Experimental situation,2022-05-25 01:42:33,2022-05-25 01:43:20
2022-05-25 10:41:54,2022-05-25 10:42:10,Free_Living,annotator,Experimental situation,2022-05-25 01:43:20,2022-05-25 01:43:36
2022-05-25 10:42:10,2022-05-25 10:42:57,Free_Living,annotator,Experimental situation,2022-05-25 01:43:36,2022-05-25 01:44:23
2022-05-25 10:42:57,2022-05-25 10:43:21,Free_Living,annotator,Experimental situation,2022-05-25 01:44:23,2022-05-25 01:44:47
2022-05-25 10:43:21,2022-05-25 10:44:30,Free_Living,annotator,Experimental situation,2022-05-25 01:44:47,2022-05-25 01:45:56
2022-05-25 10:44:30,2022-05-25 10:44:38,Free_Living,annotator,Experimental situation,2022-05-25 01:45:56,2022-05-25 01:46:04
2022-05-25 10:44:38,2022-05-25 10:45:49,Free_Living,annotator,Experimental situation,2022-05-25 01:46:04,2022-05-25 01:47:15
2022-05-25 10:45:49,2022-05-25 10:45:57,Free_Living,annotator,Experimental situation,2022-05-25 01:47:15,2022-05-25 01:47:23
2022-05-25 10:45:57,2022-05-25 10:46:04,Free_Living,annotator,Experimental situation,2022-05-25 01:47:23,2022-05-25 01:47:30
2022-05-25 10:46:04,2022-05-25 10:46:24,Free_Living,annotator,Experimental situation,2022-05-25 01:47:30,2022-05-25 01:47:50
2022-05-25 10:46:24,2022-05-25 10:46:37,Free_Living,annotator,Experimental situation,2022-05-25 01:47:50,2022-05-25 01:48:03
2022-05-25 10:46:37,2022-05-25 10:48:58,Free_Living,annotator,Experimental situation,2022-05-25 01:48:03,2022-05-25 01:50:24
2022-05-25 10:48:58,2022-05-25 10:49:27,Free_Living,annotator,Experimental situation,2022-05-25 01:50:24,2022-05-25 01:50:53
2022-05-25 10:49:27,2022-05-25 10:49:49,Free_Living,annotator,Experimental situation,2022-05-25 01:50:53,2022-05-25 01:51:15
2022-05-25 10:49:49,2022-05-25 10:50:10,Free_Living,annotator,Experimental situation,2022-05-25 01:51:15,2022-05-25 01:51:36
2022-05-25 10:50:10,2022-05-25 10:51:38,Free_Living,annotator,Experimental situation,2022-05-25 01:51:36,2022-05-25 01:53:04
2022-05-25 10:51:38,2022-05-25 10:51:51,Free_Living,annotator,Experimental situation,2022-05-25 01:53:04,2022-05-25 01:53:17
2022-05-25 10:51:51,2022-05-25 10:52:35,Free_Living,annotator,Experimental situation,2022-05-25 01:53:17,2022-05-25 01:54:01
2022-05-25 10:52:35,2022-05-25 10:53:07,Free_Living,annotator,Experimental situation,2022-05-25 01:54:01,2022-05-25 01:54:33
2022-05-25 10:53:07,2022-05-25 10:53:22,Free_Living,annotator,Experimental situation,2022-05-25 01:54:33,2022-05-25 01:54:48
2022-05-25 10:53:22,2022-05-25 10:53:34,Free_Living,annotator,Experimental situation,2022-05-25 01:54:48,2022-05-25 01:55:00
2022-05-25 10:53:34,2022-05-25 10:53:45,Free_Living,annotator,Experimental situation,2022-05-25 01:55:00,2022-05-25 01:55:11
2022-05-25 10:53:45,2022-05-25 10:54:29,Free_Living,annotator,Experimental situation,2022-05-25 01:55:11,2022-05-25 01:55:55
2022-05-25 10:54:29,2022-05-25 10:54:49,Free_Living,annotator,Experimental situation,2022-05-25 01:55:55,2022-05-25 01:56:15
2022-05-25 10:54:49,2022-05-25 10:55:49,Free_Living,annotator,Experimental situation,2022-05-25 01:56:15,2022-05-25 01:57:15
2022-05-25 10:55:50,2022-05-25 10:56:29,Free_Living,annotator,Experimental situation,2022-05-25 01:57:16,2022-05-25 01:57:55
2022-05-25 10:56:29,2022-05-25 10:57:08,Free_Living,annotator,Experimental situation,2022-05-25 01:57:55,2022-05-25 01:58:34
2022-05-25 10:57:08,2022-05-25 10:57:32,Free_Living,annotator,Experimental situation,2022-05-25 01:58:34,2022-05-25 01:58:58
2022-05-25 10:57:32,2022-05-25 10:57:56,Free_Living,annotator,Experimental situation,2022-05-25 01:58:58,2022-05-25 01:59:22
2022-05-25 10:57:56,2022-05-25 10:58:05,Free_Living,annotator,Experimental situation,2022-05-25 01:59:22,2022-05-25 01:59:31
2022-05-25 10:58:05,2022-05-25 10:58:34,Free_Living,annotator,Experimental situation,2022-05-25 01:59:31,2022-05-25 02:00:00
2022-05-25 10:58:34,2022-05-25 10:58:52,Free_Living,annotator,Experimental situation,2022-05-25 02:00:00,2022-05-25 02:00:18
2022-05-25 10:58:52,2022-05-25 10:59:59,Free_Living,annotator,Experimental situation,2022-05-25 02:00:18,2022-05-25 02:01:25
2022-05-25 10:59:59,2022-05-25 11:00:08,Free_Living,annotator,Experimental situation,2022-05-25 02:01:25,2022-05-25 02:01:34
2022-05-25 11:00:08,2022-05-25 11:00:41,Free_Living,annotator,Experimental situation,2022-05-25 02:01:34,2022-05-25 02:02:07
2022-05-25 11:00:41,2022-05-25 11:01:02,Free_Living,annotator,Experimental situation,2022-05-25 02:02:07,2022-05-25 02:02:28
2022-05-25 11:01:02,2022-05-25 11:01:52,Free_Living,annotator,Experimental situation,2022-05-25 02:02:28,2022-05-25 02:03:18
2022-05-25 11:01:52,2022-05-25 11:04:57,Free_Living,annotator,Experimental situation,2022-05-25 02:03:18,2022-05-25 02:06:23
2022-05-25 11:04:57,2022-05-25 11:06:39,Free_Living,annotator,Experimental situation,2022-05-25 02:06:23,2022-05-25 02:08:05
2022-05-25 11:06:39,2022-05-25 11:07:52,Free_Living,annotator,Experimental situation,2022-05-25 02:08:05,2022-05-25 02:09:18
2022-05-25 11:07:52,2022-05-25 11:08:23,Free_Living,annotator,Experimental situation,2022-05-25 02:09:18,2022-05-25 02:09:49
2022-05-25 11:08:23,2022-05-25 11:10:20,Free_Living,annotator,Experimental situation,2022-05-25 02:09:49,2022-05-25 02:11:46
2022-05-25 11:10:20,2022-05-25 11:10:40,Free_Living,annotator,Experimental situation,2022-05-25 02:11:46,2022-05-25 02:12:06
2022-05-25 11:10:40,2022-05-25 11:11:21,Free_Living,annotator,Experimental situation,2022-05-25 02:12:06,2022-05-25 02:12:47
2022-05-25 11:11:21,2022-05-25 11:11:33,Free_Living,annotator,Experimental situation,2022-05-25 02:12:47,2022-05-25 02:12:59
2022-05-25 11:11:33,2022-05-25 11:13:08,Free_Living,annotator,Experimental situation,2022-05-25 02:12:59,2022-05-25 02:14:34
2022-05-25 11:13:08,2022-05-25 11:13:17,Free_Living,annotator,Experimental situation,2022-05-25 02:14:34,2022-05-25 02:14:43
2022-05-25 11:13:17,2022-05-25 11:13:59,Free_Living,annotator,Experimental situation,2022-05-25 02:14:43,2022-05-25 02:15:25
2022-05-25 11:13:59,2022-05-25 11:15:27,Free_Living,annotator,Experimental situation,2022-05-25 02:15:25,2022-05-25 02:16:53
2022-05-25 11:15:27,2022-05-25 11:17:21,Free_Living,annotator,Experimental situation,2022-05-25 02:16:53,2022-05-25 02:18:47
2022-05-25 11:17:21,2022-05-25 11:20:46,Free_Living,annotator,Experimental situation,2022-05-25 02:18:47,2022-05-25 02:22:12
2022-05-25 11:20:46,2022-05-25 11:21:35,Free_Living,annotator,Experimental situation,2022-05-25 02:22:12,2022-05-25 02:23:01
2022-05-25 11:21:35,2022-05-25 11:22:30,Free_Living,annotator,Experimental situation,2022-05-25 02:23:01,2022-05-25 02:23:56
2022-05-25 11:22:30,2022-05-25 11:22:48,Free_Living,annotator,Experimental situation,2022-05-25 02:23:56,2022-05-25 02:24:14
2022-05-25 11:22:48,2022-05-25 11:22:54,Free_Living,annotator,Experimental situation,2022-05-25 02:24:14,2022-05-25 02:24:20
2022-05-25 11:22:54,2022-05-25 11:24:50,Free_Living,annotator,Experimental situation,2022-05-25 02:24:20,2022-05-25 02:26:16
2022-05-25 11:24:50,2022-05-25 11:26:06,Free_Living,annotator,Experimental situation,2022-05-25 02:26:16,2022-05-25 02:27:32
2022-05-25 11:26:06,2022-05-25 11:26:18,Free_Living,annotator,Experimental situation,2022-05-25 02:27:32,2022-05-25 02:27:44
2022-05-25 11:26:18,2022-05-25 11:26:45,Free_Living,annotator,Experimental situation,2022-05-25 02:27:44,2022-05-25 02:28:11
2022-05-25 11:26:45,2022-05-25 11:27:06,Free_Living,annotator,Experimental situation,2022-05-25 02:28:11,2022-05-25 02:28:32
2022-05-25 11:27:06,2022-05-25 11:27:32,Free_Living,annotator,Experimental situation,2022-05-25 02:28:32,2022-05-25 02:28:58
2022-05-25 11:27:32,2022-05-25 11:27:44,Free_Living,annotator,Experimental situation,2022-05-25 02:28:58,2022-05-25 02:29:10
2022-05-25 11:27:44,2022-05-25 11:27:59,Free_Living,annotator,Experimental situation,2022-05-25 02:29:10,2022-05-25 02:29:25
2022-05-25 11:27:59,2022-05-25 11:28:38,Free_Living,annotator,Experimental situation,2022-05-25 02:29:25,2022-05-25 02:30:04
2022-05-25 11:28:38,2022-05-25 11:29:01,Free_Living,annotator,Experimental situation,2022-05-25 02:30:04,2022-05-25 02:30:27
2022-05-25 11:29:03,2022-05-25 11:35:23,Free_Living,annotator,Experimental situation,2022-05-25 02:30:29,2022-05-25 02:36:49
2022-05-25 11:35:23,2022-05-25 11:35:34,Free_Living,annotator,Experimental situation,2022-05-25 02:36:49,2022-05-25 02:37:00
2022-05-25 11:35:34,2022-05-25 11:35:43,Free_Living,annotator,Experimental situation,2022-05-25 02:37:00,2022-05-25 02:37:09
2022-05-25 11:35:43,2022-05-25 11:35:55,Free_Living,annotator,Experimental situation,2022-05-25 02:37:09,2022-05-25 02:37:21
2022-05-25 11:35:55,2022-05-25 11:36:55,Free_Living,annotator,Experimental situation,2022-05-25 02:37:21,2022-05-25 02:38:21
2022-05-25 11:36:55,2022-05-25 11:37:06,Free_Living,annotator,Experimental situation,2022-05-25 02:38:21,2022-05-25 02:38:32
2022-05-25 11:37:10,2022-05-25 11:37:23,Free_Living,annotator,Experimental situation,2022-05-25 02:38:36,2022-05-25 02:38:49
2022-05-25 11:37:23,2022-05-25 11:37:28,Free_Living,annotator,Experimental situation,2022-05-25 02:38:49,2022-05-25 02:38:54
2022-05-25 11:37:28,2022-05-25 11:41:29,Free_Living,annotator,Experimental situation,2022-05-25 02:38:54,2022-05-25 02:42:55
2022-05-25 11:41:29,2022-05-25 11:41:43,Free_Living,annotator,Experimental situation,2022-05-25 02:42:55,2022-05-25 02:43:09
2022-05-25 11:41:43,2022-05-25 11:41:46,Free_Living,annotator,Experimental situation,2022-05-25 02:43:09,2022-05-25 02:43:12
2022-05-25 11:41:46,2022-05-25 11:42:01,Free_Living,annotator,Experimental situation,2022-05-25 02:43:12,2022-05-25 02:43:27
2022-05-25 11:42:01,2022-05-25 11:45:22,Free_Living,annotator,Experimental situation,2022-05-25 02:43:27,2022-05-25 02:46:48
2022-05-25 11:45:22,2022-05-25 11:45:29,Free_Living,annotator,Experimental situation,2022-05-25 02:46:48,2022-05-25 02:46:55
2022-05-25 11:45:29,2022-05-25 11:45:37,Free_Living,annotator,Experimental situation,2022-05-25 02:46:55,2022-05-25 02:47:03
2022-05-25 11:45:37,2022-05-25 11:45:43,Free_Living,annotator,Experimental situation,2022-05-25 02:47:03,2022-05-25 02:47:09
2022-05-25 11:45:43,2022-05-25 11:46:01,Free_Living,annotator,Experimental situation,2022-05-25 02:47:09,2022-05-25 02:47:27
2022-05-25 11:46:01,2022-05-25 11:46:14,Free_Living,annotator,Experimental situation,2022-05-25 02:47:27,2022-05-25 02:47:40
2022-05-25 11:46:14,2022-05-25 11:46:39,Free_Living,annotator,Experimental situation,2022-05-25 02:47:40,2022-05-25 02:48:05
2022-05-25 11:46:39,2022-05-25 11:47:04,Free_Living,annotator,Experimental situation,2022-05-25 02:48:05,2022-05-25 02:48:30
2022-05-25 11:47:04,2022-05-25 11:49:07,Free_Living,annotator,Experimental situation,2022-05-25 02:48:30,2022-05-25 02:50:33
2022-05-25 11:49:07,2022-05-25 11:49:48,Free_Living,annotator,Experimental situation,2022-05-25 02:50:33,2022-05-25 02:51:14
2022-05-25 11:49:48,2022-05-25 11:50:00,Free_Living,annotator,Experimental situation,2022-05-25 02:51:14,2022-05-25 02:51:26
2022-05-25 11:50:00,2022-05-25 11:50:26,Free_Living,annotator,Experimental situation,2022-05-25 02:51:26,2022-05-25 02:51:52
2022-05-25 11:50:26,2022-05-25 11:50:49,Free_Living,annotator,Experimental situation,2022-05-25 02:51:52,2022-05-25 02:52:15
2022-05-25 11:50:49,2022-05-25 11:51:44,Free_Living,annotator,Experimental situation,2022-05-25 02:52:15,2022-05-25 02:53:10
2022-05-25 11:51:44,2022-05-25 11:51:50,Free_Living,annotator,Experimental situation,2022-05-25 02:53:10,2022-05-25 02:53:16
2022-05-25 11:51:50,2022-05-25 11:52:21,Free_Living,annotator,Experimental situation,2022-05-25 02:53:16,2022-05-25 02:53:47
2022-05-25 11:52:21,2022-05-25 11:52:36,Free_Living,annotator,Experimental situation,2022-05-25 02:53:47,2022-05-25 02:54:02
2022-05-25 11:52:36,2022-05-25 11:55:07,Free_Living,annotator,Experimental situation,2022-05-25 02:54:02,2022-05-25 02:56:33
2022-05-25 11:55:07,2022-05-25 11:57:07,Free_Living,annotator,Experimental situation,2022-05-25 02:56:33,2022-05-25 02:58:33
2022-05-25 11:57:07,2022-05-25 11:58:57,Free_Living,annotator,Experimental situation,2022-05-25 02:58:33,2022-05-25 03:00:23
2022-05-25 11:58:57,2022-05-25 11:59:38,Free_Living,annotator,Experimental situation,2022-05-25 03:00:23,2022-05-25 03:01:04
2022-05-25 11:59:38,2022-05-25 12:00:15,Free_Living,annotator,Experimental situation,2022-05-25 03:01:04,2022-05-25 03:01:41
2022-05-25 12:00:15,2022-05-25 12:00:44,Free_Living,annotator,Experimental situation,2022-05-25 03:01:41,2022-05-25 03:02:10
2022-05-25 12:00:44,2022-05-25 12:03:52,Free_Living,annotator,Experimental situation,2022-05-25 03:02:10,2022-05-25 03:05:18
2022-05-25 12:03:52,2022-05-25 12:04:36,Free_Living,annotator,Experimental situation,2022-05-25 03:05:18,2022-05-25 03:06:02
2022-05-25 12:04:36,2022-05-25 12:06:28,Free_Living,annotator,Experimental situation,2022-05-25 03:06:02,2022-05-25 03:07:54
2022-05-25 12:06:28,2022-05-25 12:07:22,Free_Living,annotator,Experimental situation,2022-05-25 03:07:54,2022-05-25 03:08:48
2022-05-25 12:07:22,2022-05-25 12:08:06,Free_Living,annotator,Experimental situation,2022-05-25 03:08:48,2022-05-25 03:09:32
2022-05-25 12:08:06,2022-05-25 12:08:24,Free_Living,annotator,Experimental situation,2022-05-25 03:09:32,2022-05-25 03:09:50
2022-05-25 12:08:24,2022-05-25 12:10:37,Free_Living,annotator,Experimental situation,2022-05-25 03:09:50,2022-05-25 03:12:03
2022-05-25 12:10:37,2022-05-25 12:10:45,Free_Living,annotator,Experimental situation,2022-05-25 03:12:03,2022-05-25 03:12:11
2022-05-25 12:10:45,2022-05-25 12:11:44,Free_Living,annotator,Experimental situation,2022-05-25 03:12:11,2022-05-25 03:13:10
2022-05-25 12:11:44,2022-05-25 12:11:52,Free_Living,annotator,Experimental situation,2022-05-25 03:13:10,2022-05-25 03:13:18
2022-05-25 12:11:52,2022-05-25 12:12:41,Free_Living,annotator,Experimental situation,2022-05-25 03:13:18,2022-05-25 03:14:07
2022-05-25 12:12:41,2022-05-25 12:13:04,Free_Living,annotator,Experimental situation,2022-05-25 03:14:07,2022-05-25 03:14:30
2022-05-25 12:13:04,2022-05-25 12:13:18,Free_Living,annotator,Experimental situation,2022-05-25 03:14:30,2022-05-25 03:14:44
2022-05-25 12:13:18,2022-05-25 12:15:41,Free_Living,annotator,Experimental situation,2022-05-25 03:14:44,2022-05-25 03:17:07
2022-05-25 12:15:41,2022-05-25 12:15:53,Free_Living,annotator,Experimental situation,2022-05-25 03:17:07,2022-05-25 03:17:19
2022-05-25 12:15:53,2022-05-25 12:17:09,Free_Living,annotator,Experimental situation,2022-05-25 03:17:19,2022-05-25 03:18:35
2022-05-25 12:17:09,2022-05-25 12:17:19,Free_Living,annotator,Experimental situation,2022-05-25 03:18:35,2022-05-25 03:18:45
2022-05-25 12:17:19,2022-05-25 12:19:24,Free_Living,annotator,Experimental situation,2022-05-25 03:18:45,2022-05-25 03:20:50
2022-05-25 12:19:24,2022-05-25 12:21:04,Free_Living,annotator,Experimental situation,2022-05-25 03:20:50,2022-05-25 03:22:30
2022-05-25 12:21:04,2022-05-25 12:22:51,Free_Living,annotator,Experimental situation,2022-05-25 03:22:30,2022-05-25 03:24:17
2022-05-25 12:22:51,2022-05-25 12:24:22,Free_Living,annotator,Experimental situation,2022-05-25 03:24:17,2022-05-25 03:25:48
2022-05-25 12:24:22,2022-05-25 12:24:37,Free_Living,annotator,Experimental situation,2022-05-25 03:25:48,2022-05-25 03:26:03
2022-05-25 12:24:37,2022-05-25 12:25:00,Free_Living,annotator,Experimental situation,2022-05-25 03:26:03,2022-05-25 03:26:26
2022-05-25 12:25:00,2022-05-25 12:25:27,Free_Living,annotator,Experimental situation,2022-05-25 03:26:26,2022-05-25 03:26:53
2022-05-25 12:25:27,2022-05-25 12:25:57,Free_Living,annotator,Experimental situation,2022-05-25 03:26:53,2022-05-25 03:27:23
2022-05-25 12:25:57,2022-05-25 12:26:09,Free_Living,annotator,Experimental situation,2022-05-25 03:27:23,2022-05-25 03:27:35
2022-05-25 12:26:09,2022-05-25 12:27:09,Free_Living,annotator,Experimental situation,2022-05-25 03:27:35,2022-05-25 03:28:35
2022-05-25 12:27:09,2022-05-25 12:27:13,Free_Living,annotator,Experimental situation,2022-05-25 03:28:35,2022-05-25 03:28:39
2022-05-25 12:27:13,2022-05-25 12:27:23,Free_Living,annotator,Experimental situation,2022-05-25 03:28:39,2022-05-25 03:28:49
2022-05-25 12:27:23,2022-05-25 12:27:36,Free_Living,annotator,Experimental situation,2022-05-25 03:28:49,2022-05-25 03:29:02
2022-05-25 12:27:36,2022-05-25 12:27:41,Free_Living,annotator,Experimental situation,2022-05-25 03:29:02,2022-05-25 03:29:07
2022-05-25 12:27:41,2022-05-25 12:28:35,Free_Living,annotator,Experimental situation,2022-05-25 03:29:07,2022-05-25 03:30:01
2022-05-25 12:28:35,2022-05-25 12:29:07,Free_Living,annotator,Experimental situation,2022-05-25 03:30:01,2022-05-25 03:30:33
2022-05-25 12:29:07,2022-05-25 12:29:56,Free_Living,annotator,Experimental situation,2022-05-25 03:30:33,2022-05-25 03:31:22
2022-05-25 12:29:56,2022-05-25 12:30:07,Free_Living,annotator,Experimental situation,2022-05-25 03:31:22,2022-05-25 03:31:33
2022-05-25 12:30:07,2022-05-25 12:32:52,Free_Living,annotator,Experimental situation,2022-05-25 03:31:33,2022-05-25 03:34:18
2022-05-25 12:32:52,2022-05-25 12:33:02,Free_Living,annotator,Experimental situation,2022-05-25 03:34:18,2022-05-25 03:34:28
2022-05-25 12:33:02,2022-05-25 12:33:11,Free_Living,annotator,Experimental situation,2022-05-25 03:34:28,2022-05-25 03:34:37
2022-05-25 12:33:11,2022-05-25 12:33:30,Free_Living,annotator,Experimental situation,2022-05-25 03:34:37,2022-05-25 03:34:56
2022-05-25 12:33:30,2022-05-25 12:33:34,Free_Living,annotator,Experimental situation,2022-05-25 03:34:56,2022-05-25 03:35:00
2022-05-25 12:33:34,2022-05-25 12:38:10,Free_Living,annotator,Experimental situation,2022-05-25 03:35:00,2022-05-25 03:39:36
2022-05-25 12:38:10,2022-05-25 12:41:21,Free_Living,annotator,Experimental situation,2022-05-25 03:39:36,2022-05-25 03:42:47
2022-05-25 12:41:21,2022-05-25 12:43:53,Free_Living,annotator,Experimental situation,2022-05-25 03:42:47,2022-05-25 03:45:19
2022-05-25 12:43:53,2022-05-25 12:44:13,Free_Living,annotator,Experimental situation,2022-05-25 03:45:19,2022-05-25 03:45:39
2022-05-25 12:44:13,2022-05-25 12:44:45,Free_Living,annotator,Experimental situation,2022-05-25 03:45:39,2022-05-25 03:46:11
2022-05-25 12:44:45,2022-05-25 12:45:01,Free_Living,annotator,Experimental situation,2022-05-25 03:46:11,2022-05-25 03:46:27
2022-05-25 12:45:01,2022-05-25 12:51:22,Free_Living,annotator,Experimental situation,2022-05-25 03:46:27,2022-05-25 03:52:48
2022-05-25 12:51:22,2022-05-25 12:51:41,Free_Living,annotator,Experimental situation,2022-05-25 03:52:48,2022-05-25 03:53:07
2022-05-25 12:51:41,2022-05-25 12:52:44,Free_Living,annotator,Experimental situation,2022-05-25 03:53:07,2022-05-25 03:54:10
2022-05-25 12:52:44,2022-05-25 12:54:07,Free_Living,annotator,Experimental situation,2022-05-25 03:54:10,2022-05-25 03:55:33
2022-05-25 12:54:07,2022-05-25 12:54:27,Free_Living,annotator,Experimental situation,2022-05-25 03:55:33,2022-05-25 03:55:53
2022-05-25 12:54:27,2022-05-25 12:55:33,Free_Living,annotator,Experimental situation,2022-05-25 03:55:53,2022-05-25 03:56:59
2022-05-25 12:55:33,2022-05-25 13:00:48,Free_Living,annotator,Experimental situation,2022-05-25 03:56:59,2022-05-25 04:02:14
2022-05-25 13:00:48,2022-05-25 13:04:55,Free_Living,annotator,Experimental situation,2022-05-25 04:02:14,2022-05-25 04:06:21
2022-05-25 13:04:55,2022-05-25 13:05:05,Free_Living,annotator,Experimental situation,2022-05-25 04:06:21,2022-05-25 04:06:31
2022-05-25 13:05:05,2022-05-25 13:05:10,Free_Living,annotator,Experimental situation,2022-05-25 04:06:31,2022-05-25 04:06:36
2022-05-25 13:05:10,2022-05-25 13:06:08,Free_Living,annotator,Experimental situation,2022-05-25 04:06:36,2022-05-25 04:07:34
2022-05-25 13:06:08,2022-05-25 13:07:03,Free_Living,annotator,Experimental situation,2022-05-25 04:07:34,2022-05-25 04:08:29
2022-05-25 13:07:03,2022-05-25 13:07:10,Free_Living,annotator,Experimental situation,2022-05-25 04:08:29,2022-05-25 04:08:36
2022-05-25 13:07:10,2022-05-25 13:08:51,Free_Living,annotator,Experimental situation,2022-05-25 04:08:36,2022-05-25 04:10:17
2022-05-25 13:08:51,2022-05-25 13:08:58,Free_Living,annotator,Experimental situation,2022-05-25 04:10:17,2022-05-25 04:10:24
2022-05-25 13:08:58,2022-05-25 13:09:41,Free_Living,annotator,Experimental situation,2022-05-25 04:10:24,2022-05-25 04:11:07
2022-05-25 13:09:41,2022-05-25 13:10:04,Free_Living,annotator,Experimental situation,2022-05-25 04:11:07,2022-05-25 04:11:30
2022-05-25 13:10:04,2022-05-25 13:10:08,Free_Living,annotator,Experimental situation,2022-05-25 04:11:30,2022-05-25 04:11:34
2022-05-25 13:10:08,2022-05-25 13:10:15,Free_Living,annotator,Experimental situation,2022-05-25 04:11:34,2022-05-25 04:11:41
2022-05-25 13:10:15,2022-05-25 13:10:17,Free_Living,annotator,Experimental situation,2022-05-25 04:11:41,2022-05-25 04:11:43
2022-05-25 13:10:17,2022-05-25 13:10:23,Free_Living,annotator,Experimental situation,2022-05-25 04:11:43,2022-05-25 04:11:49
2022-05-25 13:10:23,2022-05-25 13:10:34,Free_Living,annotator,Experimental situation,2022-05-25 04:11:49,2022-05-25 04:12:00
2022-05-25 13:10:34,2022-05-25 13:10:40,Free_Living,annotator,Experimental situation,2022-05-25 04:12:00,2022-05-25 04:12:06
2022-05-25 13:10:40,2022-05-25 13:10:43,Free_Living,annotator,Experimental situation,2022-05-25 04:12:06,2022-05-25 04:12:09
2022-05-25 13:10:43,2022-05-25 13:11:17,Free_Living,annotator,Experimental situation,2022-05-25 04:12:09,2022-05-25 04:12:43
2022-05-25 13:11:17,2022-05-25 13:11:23,Free_Living,annotator,Experimental situation,2022-05-25 04:12:43,2022-05-25 04:12:49
2022-05-25 13:11:23,2022-05-25 13:11:58,Free_Living,annotator,Experimental situation,2022-05-25 04:12:49,2022-05-25 04:13:24
2022-05-25 13:11:58,2022-05-25 13:12:53,Free_Living,annotator,Experimental situation,2022-05-25 04:13:24,2022-05-25 04:14:19
2022-05-25 13:12:53,2022-05-25 13:13:00,Free_Living,annotator,Experimental situation,2022-05-25 04:14:19,2022-05-25 04:14:26
2022-05-25 13:13:00,2022-05-25 13:13:53,Free_Living,annotator,Experimental situation,2022-05-25 04:14:26,2022-05-25 04:15:19
2022-05-25 13:13:53,2022-05-25 13:14:00,Free_Living,annotator,Experimental situation,2022-05-25 04:15:19,2022-05-25 04:15:26
2022-05-25 13:14:00,2022-05-25 13:14:41,Free_Living,annotator,Experimental situation,2022-05-25 04:15:26,2022-05-25 04:16:07
2022-05-25 13:14:41,2022-05-25 13:14:50,Free_Living,annotator,Experimental situation,2022-05-25 04:16:07,2022-05-25 04:16:16
2022-05-25 13:14:50,2022-05-25 13:15:38,Free_Living,annotator,Experimental situation,2022-05-25 04:16:16,2022-05-25 04:17:04
2022-05-25 13:15:38,2022-05-25 13:16:42,Free_Living,annotator,Experimental situation,2022-05-25 04:17:04,2022-05-25 04:18:08
2022-05-25 13:16:42,2022-05-25 13:16:50,Free_Living,annotator,Experimental situation,2022-05-25 04:18:08,2022-05-25 04:18:16
2022-05-25 13:16:50,2022-05-25 13:20:07,Free_Living,annotator,Experimental situation,2022-05-25 04:18:16,2022-05-25 04:21:33
2022-05-25 13:20:07,2022-05-25 13:20:51,Free_Living,annotator,Experimental situation,2022-05-25 04:21:33,2022-05-25 04:22:17
2022-05-25 13:20:52,2022-05-25 13:22:12,Free_Living,annotator,Experimental situation,2022-05-25 04:22:18,2022-05-25 04:23:38
2022-05-25 13:22:12,2022-05-25 13:25:21,Free_Living,annotator,Experimental situation,2022-05-25 04:23:38,2022-05-25 04:26:47
2022-05-25 13:25:21,2022-05-25 13:25:36,Free_Living,annotator,Experimental situation,2022-05-25 04:26:47,2022-05-25 04:27:02
2022-05-25 13:25:36,2022-05-25 13:26:06,Free_Living,annotator,Experimental situation,2022-05-25 04:27:02,2022-05-25 04:27:32
2022-05-25 13:26:06,2022-05-25 13:28:11,Free_Living,annotator,Experimental situation,2022-05-25 04:27:32,2022-05-25 04:29:37
2022-05-25 13:28:11,2022-05-25 13:28:27,Free_Living,annotator,Experimental situation,2022-05-25 04:29:37,2022-05-25 04:29:53
2022-05-25 13:28:27,2022-05-25 13:29:20,Free_Living,annotator,Experimental situation,2022-05-25 04:29:53,2022-05-25 04:30:46
2022-05-25 13:29:20,2022-05-25 13:30:49,Free_Living,annotator,Experimental situation,2022-05-25 04:30:46,2022-05-25 04:32:15
2022-05-25 13:30:49,2022-05-25 13:31:19,Free_Living,annotator,Experimental situation,2022-05-25 04:32:15,2022-05-25 04:32:45
2022-05-25 13:31:19,2022-05-25 13:34:42,Free_Living,annotator,Experimental situation,2022-05-25 04:32:45,2022-05-25 04:36:08
2022-05-25 13:34:42,2022-05-25 13:36:55,Free_Living,annotator,Experimental situation,2022-05-25 04:36:08,2022-05-25 04:38:21
2022-05-25 13:36:55,2022-05-25 13:37:11,Free_Living,annotator,Experimental situation,2022-05-25 04:38:21,2022-05-25 04:38:37
2022-05-25 13:37:11,2022-05-25 13:39:19,Free_Living,annotator,Experimental situation,2022-05-25 04:38:37,2022-05-25 04:40:45
2022-05-25 13:39:19,2022-05-25 13:39:44,Free_Living,annotator,Experimental situation,2022-05-25 04:40:45,2022-05-25 04:41:10
2022-05-25 13:39:44,2022-05-25 13:44:31,Free_Living,annotator,Experimental situation,2022-05-25 04:41:10,2022-05-25 04:45:57
2022-05-25 13:44:31,2022-05-25 13:48:42,Free_Living,annotator,Experimental situation,2022-05-25 04:45:57,2022-05-25 04:50:08
2022-05-25 13:48:42,2022-05-25 13:48:55,Free_Living,annotator,Experimental situation,2022-05-25 04:50:08,2022-05-25 04:50:21
2022-05-25 13:48:55,2022-05-25 13:49:04,Free_Living,annotator,Experimental situation,2022-05-25 04:50:21,2022-05-25 04:50:30
2022-05-25 13:49:04,2022-05-25 13:49:22,Free_Living,annotator,Experimental situation,2022-05-25 04:50:30,2022-05-25 04:50:48
2022-05-25 13:49:22,2022-05-25 13:50:27,Free_Living,annotator,Experimental situation,2022-05-25 04:50:48,2022-05-25 04:51:53
2022-05-25 13:50:27,2022-05-25 13:51:58,Free_Living,annotator,Experimental situation,2022-05-25 04:51:53,2022-05-25 04:53:24
2022-05-25 13:51:58,2022-05-25 13:54:42,Free_Living,annotator,Experimental situation,2022-05-25 04:53:24,2022-05-25 04:56:08
2022-05-25 13:54:42,2022-05-25 13:55:29,Free_Living,annotator,Experimental situation,2022-05-25 04:56:08,2022-05-25 04:56:55
2022-05-25 13:55:30,2022-05-25 13:56:34,Free_Living,annotator,Experimental situation,2022-05-25 04:56:56,2022-05-25 04:58:00
2022-05-25 13:56:34,2022-05-25 13:57:40,Free_Living,annotator,Experimental situation,2022-05-25 04:58:00,2022-05-25 04:59:06
2022-05-25 13:57:40,2022-05-25 13:57:57,Free_Living,annotator,Experimental situation,2022-05-25 04:59:06,2022-05-25 04:59:23
2022-05-25 13:57:57,2022-05-25 13:59:36,Free_Living,annotator,Experimental situation,2022-05-25 04:59:23,2022-05-25 05:01:02
2022-05-25 13:59:36,2022-05-25 13:59:48,Free_Living,annotator,Experimental situation,2022-05-25 05:01:02,2022-05-25 05:01:14
2022-05-25 13:59:48,2022-05-25 14:00:33,Free_Living,annotator,Experimental situation,2022-05-25 05:01:14,2022-05-25 05:01:59
2022-05-25 14:00:33,2022-05-25 14:00:47,Free_Living,annotator,Experimental situation,2022-05-25 05:01:59,2022-05-25 05:02:13
2022-05-25 14:00:47,2022-05-25 14:01:02,Free_Living,annotator,Experimental situation,2022-05-25 05:02:13,2022-05-25 05:02:28
2022-05-25 14:01:02,2022-05-25 14:03:39,Free_Living,annotator,Experimental situation,2022-05-25 05:02:28,2022-05-25 05:05:05
2022-05-25 14:03:39,2022-05-25 14:04:07,Free_Living,annotator,Experimental situation,2022-05-25 05:05:05,2022-05-25 05:05:33
2022-05-25 14:04:07,2022-05-25 14:04:47,Free_Living,annotator,Experimental situation,2022-05-25 05:05:33,2022-05-25 05:06:13
2022-05-25 14:04:47,2022-05-25 14:05:00,Free_Living,annotator,Experimental situation,2022-05-25 05:06:13,2022-05-25 05:06:26
2022-05-25 14:05:00,2022-05-25 14:06:04,Free_Living,annotator,Experimental situation,2022-05-25 05:06:26,2022-05-25 05:07:30
2022-05-25 14:06:04,2022-05-25 14:07:45,Free_Living,annotator,Experimental situation,2022-05-25 05:07:30,2022-05-25 05:09:11
2022-05-25 14:07:45,2022-05-25 14:08:53,Free_Living,annotator,Experimental situation,2022-05-25 05:09:11,2022-05-25 05:10:19
2022-05-25 14:08:53,2022-05-25 14:12:49,Free_Living,annotator,Experimental situation,2022-05-25 05:10:19,2022-05-25 05:14:15
2022-05-25 14:12:49,2022-05-25 14:13:18,Free_Living,annotator,Experimental situation,2022-05-25 05:14:15,2022-05-25 05:14:44
2022-05-25 14:13:18,2022-05-25 14:13:51,Free_Living,annotator,Experimental situation,2022-05-25 05:14:44,2022-05-25 05:15:17
