START_TIME,STOP_TIME,PREDICTION,SOURCE,LABELSET,VIDEO_START_TIME,VIDEO_END_TIME
2022-03-09 09:04:11,2022-03-09 09:04:59,Located_Indoors,annotator,Behavioral Parameters,2022-03-09 00:01:17,2022-03-09 00:02:05
2022-03-09 09:05:05,2022-03-09 09:05:37,Located_Indoors, Carrying_Bag_On_Shoulder/Back_Light,annotator,Behavioral Parameters,2022-03-09 00:02:11,2022-03-09 00:02:43
2022-03-09 09:05:38,2022-03-09 09:06:02,Located_Indoors, Carrying_Bag_On_Shoulder/Back_Light,annotator,Behavioral Parameters,2022-03-09 00:02:44,2022-03-09 00:03:08
2022-03-09 09:06:04,2022-03-09 09:08:06,Carrying_Bag_On_Shoulder/Back_Light, Located_Outdoors,annotator,Behavioral Parameters,2022-03-09 00:03:10,2022-03-09 00:05:12
2022-03-09 09:08:07,2022-03-09 09:08:13,Carrying_Bag_On_Shoulder/Back_Light, Located_Outdoors,annotator,Behavioral Parameters,2022-03-09 00:05:13,2022-03-09 00:05:19
2022-03-09 09:08:14,2022-03-09 09:08:19,Carrying_Bag_On_Shoulder/Back_Light, Located_Outdoors,annotator,Behavioral Parameters,2022-03-09 00:05:20,2022-03-09 00:05:25
2022-03-09 09:08:20,2022-03-09 09:08:39,Carrying_Bag_On_Shoulder/Back_Light, Located_Indoors,annotator,Behavioral Parameters,2022-03-09 00:05:26,2022-03-09 00:05:45
2022-03-09 09:08:40,2022-03-09 09:09:06,Carrying_Bag_On_Shoulder/Back_Light, Located_Indoors,annotator,Behavioral Parameters,2022-03-09 00:05:46,2022-03-09 00:06:12
2022-03-09 09:09:10,2022-03-09 09:09:50,Carrying_Bag_On_Shoulder/Back_Light, Located_Indoors,annotator,Behavioral Parameters,2022-03-09 00:06:16,2022-03-09 00:06:56
2022-03-09 09:09:51,2022-03-09 09:13:06,Located_Indoors,annotator,Behavioral Parameters,2022-03-09 00:06:57,2022-03-09 00:10:12
2022-03-09 09:13:08,2022-03-09 09:14:31,Located_Indoors, Texting/Browsing_Phone,annotator,Behavioral Parameters,2022-03-09 00:10:14,2022-03-09 00:11:37
2022-03-09 09:14:33,2022-03-09 10:20:49,Located_Indoors, Handwriting,annotator,Behavioral Parameters,2022-03-09 00:11:39,2022-03-09 01:17:55
2022-03-09 10:21:15,2022-03-09 10:22:58,Located_Indoors,annotator,Behavioral Parameters,2022-03-09 01:18:21,2022-03-09 01:20:04
2022-03-09 10:23:00,2022-03-09 10:23:16,Located_Indoors, Texting/Browsing_Phone,annotator,Behavioral Parameters,2022-03-09 01:20:06,2022-03-09 01:20:22
2022-03-09 10:23:17,2022-03-09 10:23:33,Located_Indoors, Texting/Browsing_Phone,annotator,Behavioral Parameters,2022-03-09 01:20:23,2022-03-09 01:20:39
2022-03-09 10:23:34,2022-03-09 10:24:14,Located_Indoors,annotator,Behavioral Parameters,2022-03-09 01:20:40,2022-03-09 01:21:20
2022-03-09 10:24:15,2022-03-09 10:26:48,Located_Indoors,annotator,Behavioral Parameters,2022-03-09 01:21:21,2022-03-09 01:23:54
2022-03-09 10:26:49,2022-03-09 10:27:08,Located_Indoors, Texting/Browsing_Phone,annotator,Behavioral Parameters,2022-03-09 01:23:55,2022-03-09 01:24:14
2022-03-09 10:27:13,2022-03-09 10:31:00,Located_Indoors, Texting/Browsing_Phone,annotator,Behavioral Parameters,2022-03-09 01:24:19,2022-03-09 01:28:06
2022-03-09 10:31:02,2022-03-09 11:19:21,Located_Indoors,annotator,Behavioral Parameters,2022-03-09 01:28:08,2022-03-09 02:16:27
2022-03-09 11:19:32,2022-03-09 11:22:23,Located_Indoors,annotator,Behavioral Parameters,2022-03-09 02:16:38,2022-03-09 02:19:29
2022-03-09 11:22:35,2022-03-09 11:34:54,Located_Indoors,annotator,Behavioral Parameters,2022-03-09 02:19:41,2022-03-09 02:32:00
2022-03-09 11:34:55,2022-03-09 11:35:18,Located_Indoors, Carrying_Bag_On_Shoulder/Back_Light,annotator,Behavioral Parameters,2022-03-09 02:32:01,2022-03-09 02:32:24
2022-03-09 11:35:24,2022-03-09 11:37:59,Carrying_Bag_On_Shoulder/Back_Light, Located_Indoors, Texting/Browsing_Phone,annotator,Behavioral Parameters,2022-03-09 02:32:30,2022-03-09 02:35:05
2022-03-09 11:38:00,2022-03-09 11:38:29,Carrying_Bag_On_Shoulder/Back_Light, Located_Indoors,annotator,Behavioral Parameters,2022-03-09 02:35:06,2022-03-09 02:35:35
2022-03-09 11:38:30,2022-03-09 11:38:35,Carrying_Bag_On_Shoulder/Back_Light, Located_Outdoors,annotator,Behavioral Parameters,2022-03-09 02:35:36,2022-03-09 02:35:41
2022-03-09 11:38:36,2022-03-09 11:38:43,Carrying_Bag_On_Shoulder/Back_Light, Located_Outdoors,annotator,Behavioral Parameters,2022-03-09 02:35:42,2022-03-09 02:35:49
2022-03-09 11:38:43,2022-03-09 11:38:49,Carrying_Bag_On_Shoulder/Back_Light, Located_Outdoors,annotator,Behavioral Parameters,2022-03-09 02:35:49,2022-03-09 02:35:55
2022-03-09 11:38:51,2022-03-09 11:42:26,Carrying_Bag_On_Shoulder/Back_Light, Located_Outdoors,annotator,Behavioral Parameters,2022-03-09 02:35:57,2022-03-09 02:39:32
2022-03-09 11:42:26,2022-03-09 11:42:49,Carrying_Bag_On_Shoulder/Back_Light, Located_Indoors,annotator,Behavioral Parameters,2022-03-09 02:39:32,2022-03-09 02:39:55
2022-03-09 11:42:50,2022-03-09 11:43:27,Carrying_Bag_On_Shoulder/Back_Light, Located_Indoors,annotator,Behavioral Parameters,2022-03-09 02:39:56,2022-03-09 02:40:33
2022-03-09 11:43:28,2022-03-09 11:44:10,Located_Indoors,annotator,Behavioral Parameters,2022-03-09 02:40:34,2022-03-09 02:41:16
2022-03-09 11:44:14,2022-03-09 12:22:21,Located_Indoors,annotator,Behavioral Parameters,2022-03-09 02:41:20,2022-03-09 03:19:27
2022-03-09 12:22:29,2022-03-09 12:23:25,Located_Indoors,annotator,Behavioral Parameters,2022-03-09 03:19:35,2022-03-09 03:20:31
2022-03-09 12:23:26,2022-03-09 12:23:58,Located_Indoors,annotator,Behavioral Parameters,2022-03-09 03:20:32,2022-03-09 03:21:04
2022-03-09 12:23:58,2022-03-09 12:24:20,Located_Indoors, Carrying_Bag_On_Shoulder/Back_Light,annotator,Behavioral Parameters,2022-03-09 03:21:04,2022-03-09 03:21:26
2022-03-09 12:24:23,2022-03-09 12:25:50,Located_Indoors, Carrying_Bag_On_Shoulder/Back_Light, Texting/Browsing_Phone,annotator,Behavioral Parameters,2022-03-09 03:21:29,2022-03-09 03:22:56
2022-03-09 12:25:54,2022-03-09 12:26:13,Located_Indoors, Carrying_Bag_On_Shoulder/Back_Light,annotator,Behavioral Parameters,2022-03-09 03:23:00,2022-03-09 03:23:19
2022-03-09 12:26:13,2022-03-09 12:26:43,Located_Indoors, Carrying_Bag_On_Shoulder/Back_Light,annotator,Behavioral Parameters,2022-03-09 03:23:19,2022-03-09 03:23:49
2022-03-09 12:26:44,2022-03-09 12:27:02,Located_Indoors, Carrying_Bag_On_Shoulder/Back_Light,annotator,Behavioral Parameters,2022-03-09 03:23:50,2022-03-09 03:24:08
2022-03-09 12:27:05,2022-03-09 12:31:20,Carrying_Bag_On_Shoulder/Back_Light, Located_Outdoors,annotator,Behavioral Parameters,2022-03-09 03:24:11,2022-03-09 03:28:26
2022-03-09 12:31:21,2022-03-09 12:31:29,Carrying_Bag_On_Shoulder/Back_Light, Located_Outdoors,annotator,Behavioral Parameters,2022-03-09 03:28:27,2022-03-09 03:28:35
2022-03-09 12:31:30,2022-03-09 12:32:02,Carrying_Bag_On_Shoulder/Back_Light, Located_Indoors,annotator,Behavioral Parameters,2022-03-09 03:28:36,2022-03-09 03:29:08
2022-03-09 12:32:06,2022-03-09 12:33:38,Carrying_Bag_On_Shoulder/Back_Light, Located_Indoors, Texting/Browsing_Phone,annotator,Behavioral Parameters,2022-03-09 03:29:12,2022-03-09 03:30:44
2022-03-09 12:33:41,2022-03-09 12:33:47,Carrying_Bag_On_Shoulder/Back_Light, Located_Indoors,annotator,Behavioral Parameters,2022-03-09 03:30:47,2022-03-09 03:30:53
2022-03-09 12:33:47,2022-03-09 12:34:12,Carrying_Bag_On_Shoulder/Back_Light, Located_Indoors,annotator,Behavioral Parameters,2022-03-09 03:30:53,2022-03-09 03:31:18
2022-03-09 12:34:12,2022-03-09 12:34:46,Carrying_Bag_On_Shoulder/Back_Light, Located_Indoors,annotator,Behavioral Parameters,2022-03-09 03:31:18,2022-03-09 03:31:52
2022-03-09 12:34:48,2022-03-09 12:35:34,Located_Indoors, Texting/Browsing_Phone, Carrying_Bag_On_Shoulder/Back_Light,annotator,Behavioral Parameters,2022-03-09 03:31:54,2022-03-09 03:32:40
2022-03-09 12:35:37,2022-03-09 12:36:10,Located_Indoors, Carrying_Bag_On_Shoulder/Back_Light, In_Conversation,annotator,Behavioral Parameters,2022-03-09 03:32:43,2022-03-09 03:33:16
2022-03-09 12:36:11,2022-03-09 12:37:39,Located_Indoors, Carrying_Bag_On_Shoulder/Back_Light, In_Conversation,annotator,Behavioral Parameters,2022-03-09 03:33:17,2022-03-09 03:34:45
2022-03-09 12:37:42,2022-03-09 12:43:20,Located_Indoors, In_Conversation, Browsing_Computer,annotator,Behavioral Parameters,2022-03-09 03:34:48,2022-03-09 03:40:26
2022-03-09 12:43:20,2022-03-09 12:44:10,Located_Indoors, In_Conversation,annotator,Behavioral Parameters,2022-03-09 03:40:26,2022-03-09 03:41:16
2022-03-09 12:44:17,2022-03-09 12:44:22,Located_Indoors, In_Conversation,annotator,Behavioral Parameters,2022-03-09 03:41:23,2022-03-09 03:41:28
2022-03-09 12:44:33,2022-03-09 12:47:24,Located_Indoors, In_Conversation,annotator,Behavioral Parameters,2022-03-09 03:41:39,2022-03-09 03:44:30
2022-03-09 12:47:26,2022-03-09 12:47:49,Located_Indoors, In_Conversation,annotator,Behavioral Parameters,2022-03-09 03:44:32,2022-03-09 03:44:55
2022-03-09 12:47:54,2022-03-09 12:53:45,Located_Indoors, In_Conversation,annotator,Behavioral Parameters,2022-03-09 03:45:00,2022-03-09 03:50:51
2022-03-09 12:53:47,2022-03-09 12:54:46,Located_Indoors, In_Conversation,annotator,Behavioral Parameters,2022-03-09 03:50:53,2022-03-09 03:51:52
2022-03-09 12:54:47,2022-03-09 12:55:35,Located_Indoors, In_Conversation,annotator,Behavioral Parameters,2022-03-09 03:51:53,2022-03-09 03:52:41
2022-03-09 12:55:37,2022-03-09 12:56:13,Located_Indoors, In_Conversation, Browsing_Computer,annotator,Behavioral Parameters,2022-03-09 03:52:43,2022-03-09 03:53:19
2022-03-09 12:56:14,2022-03-09 13:02:56,Located_Indoors, In_Conversation,annotator,Behavioral Parameters,2022-03-09 03:53:20,2022-03-09 04:00:02
2022-03-09 13:02:58,2022-03-09 13:10:49,Located_Indoors, Browsing_Computer, Typing_Computer,annotator,Behavioral Parameters,2022-03-09 04:00:04,2022-03-09 04:07:55
2022-03-09 13:10:54,2022-03-09 13:11:36,Located_Indoors, In_Conversation, Holding_Other_Object_Light,annotator,Behavioral Parameters,2022-03-09 04:08:00,2022-03-09 04:08:42
2022-03-09 13:11:37,2022-03-09 13:13:18,Located_Indoors, Holding_Other_Object_Light,annotator,Behavioral Parameters,2022-03-09 04:08:43,2022-03-09 04:10:24
2022-03-09 13:13:20,2022-03-09 13:17:02,Located_Indoors, In_Conversation,annotator,Behavioral Parameters,2022-03-09 04:10:26,2022-03-09 04:14:08
2022-03-09 13:17:09,2022-03-09 13:17:30,Located_Indoors, In_Conversation,annotator,Behavioral Parameters,2022-03-09 04:14:15,2022-03-09 04:14:36
2022-03-09 13:17:33,2022-03-09 13:20:03,Located_Indoors, In_Conversation,annotator,Behavioral Parameters,2022-03-09 04:14:39,2022-03-09 04:17:09
2022-03-09 13:20:06,2022-03-09 13:20:46,Located_Indoors, Holding_Other_Object_Light,annotator,Behavioral Parameters,2022-03-09 04:17:12,2022-03-09 04:17:52
2022-03-09 13:20:47,2022-03-09 13:21:24,Located_Indoors, Holding_Other_Object_Light, In_Conversation,annotator,Behavioral Parameters,2022-03-09 04:17:53,2022-03-09 04:18:30
2022-03-09 13:21:29,2022-03-09 13:22:03,Located_Indoors, Holding_Other_Object_Light,annotator,Behavioral Parameters,2022-03-09 04:18:35,2022-03-09 04:19:09
2022-03-09 13:22:05,2022-03-09 13:28:55,Located_Indoors, Browsing_Computer,annotator,Behavioral Parameters,2022-03-09 04:19:11,2022-03-09 04:26:01
2022-03-09 13:28:57,2022-03-09 13:29:39,Located_Indoors,annotator,Behavioral Parameters,2022-03-09 04:26:03,2022-03-09 04:26:45
2022-03-09 13:29:41,2022-03-09 13:36:08,Located_Indoors, Browsing_Computer,annotator,Behavioral Parameters,2022-03-09 04:26:47,2022-03-09 04:33:14
2022-03-09 13:36:13,2022-03-09 13:36:39,Located_Indoors,annotator,Behavioral Parameters,2022-03-09 04:33:19,2022-03-09 04:33:45
2022-03-09 13:36:40,2022-03-09 13:47:41,Located_Indoors, Typing_Computer, Browsing_Computer,annotator,Behavioral Parameters,2022-03-09 04:33:46,2022-03-09 04:44:47
2022-03-09 13:47:45,2022-03-09 13:48:09,Located_Indoors,annotator,Behavioral Parameters,2022-03-09 04:44:51,2022-03-09 04:45:15
2022-03-09 13:48:13,2022-03-09 13:49:18,Located_Indoors, In_Conversation, Browsing_Computer,annotator,Behavioral Parameters,2022-03-09 04:45:19,2022-03-09 04:46:24
2022-03-09 13:49:20,2022-03-09 13:49:37,Located_Indoors,annotator,Behavioral Parameters,2022-03-09 04:46:26,2022-03-09 04:46:43
2022-03-09 13:49:39,2022-03-09 14:00:04,Located_Indoors, Typing_Computer, Browsing_Computer,annotator,Behavioral Parameters,2022-03-09 04:46:45,2022-03-09 04:57:10
2022-03-09 14:00:09,2022-03-09 14:00:24,Located_Indoors, Holding_Other_Object_Light,annotator,Behavioral Parameters,2022-03-09 04:57:15,2022-03-09 04:57:30
2022-03-09 14:00:27,2022-03-09 14:10:14,Located_Indoors, Browsing_Computer, Typing_Computer,annotator,Behavioral Parameters,2022-03-09 04:57:33,2022-03-09 05:07:20
2022-03-09 14:10:16,2022-03-09 14:10:56,Located_Indoors, In_Conversation, Holding_Other_Object_Light,annotator,Behavioral Parameters,2022-03-09 05:07:22,2022-03-09 05:08:02
2022-03-09 14:11:01,2022-03-09 14:15:27,Located_Indoors, Browsing_Computer, Typing_Computer,annotator,Behavioral Parameters,2022-03-09 05:08:07,2022-03-09 05:12:33
2022-03-09 14:15:31,2022-03-09 14:17:45,Located_Indoors, Browsing_Computer,annotator,Behavioral Parameters,2022-03-09 05:12:37,2022-03-09 05:14:51
2022-03-09 14:17:49,2022-03-09 14:18:40,Located_Indoors, Browsing_Computer,annotator,Behavioral Parameters,2022-03-09 05:14:55,2022-03-09 05:15:46
2022-03-09 14:18:44,2022-03-09 14:18:50,Located_Indoors, Texting/Browsing_Phone, Holding_Other_Object_Light,annotator,Behavioral Parameters,2022-03-09 05:15:50,2022-03-09 05:15:56
2022-03-09 14:18:53,2022-03-09 14:25:20,Located_Indoors,annotator,Behavioral Parameters,2022-03-09 05:15:59,2022-03-09 05:22:26
2022-03-09 14:25:25,2022-03-09 14:25:44,Located_Indoors, Browsing_Computer,annotator,Behavioral Parameters,2022-03-09 05:22:31,2022-03-09 05:22:50
2022-03-09 14:25:47,2022-03-09 14:25:58,Located_Indoors, Holding_Other_Object_Light,annotator,Behavioral Parameters,2022-03-09 05:22:53,2022-03-09 05:23:04
2022-03-09 14:26:00,2022-03-09 14:29:03,Located_Indoors, Browsing_Computer, In_Conversation,annotator,Behavioral Parameters,2022-03-09 05:23:06,2022-03-09 05:26:09
2022-03-09 14:29:10,2022-03-09 14:29:22,Located_Indoors, Holding_Other_Object_Light, Texting/Browsing_Phone,annotator,Behavioral Parameters,2022-03-09 05:26:16,2022-03-09 05:26:28
2022-03-09 14:29:26,2022-03-09 14:39:04,Located_Indoors, Browsing_Computer,annotator,Behavioral Parameters,2022-03-09 05:26:32,2022-03-09 05:36:10
2022-03-09 14:39:11,2022-03-09 14:41:42,Located_Indoors, In_Conversation,annotator,Behavioral Parameters,2022-03-09 05:36:17,2022-03-09 05:38:48
2022-03-09 14:41:46,2022-03-09 14:44:43,Located_Indoors, In_Conversation, Holding_Other_Object_Light, Holding_Bag/BriefCase_Hand_Light,annotator,Behavioral Parameters,2022-03-09 05:38:52,2022-03-09 05:41:49
2022-03-09 14:44:51,2022-03-09 14:45:03,Located_Indoors, In_Conversation, Carrying_Bag_On_Shoulder/Back_Light,annotator,Behavioral Parameters,2022-03-09 05:41:57,2022-03-09 05:42:09
2022-03-09 14:45:04,2022-03-09 14:45:32,Located_Indoors, In_Conversation, Carrying_Bag_On_Shoulder/Back_Light,annotator,Behavioral Parameters,2022-03-09 05:42:10,2022-03-09 05:42:38
2022-03-09 14:45:35,2022-03-09 14:45:49,Located_Indoors, In_Conversation, Carrying_Bag_On_Shoulder/Back_Light,annotator,Behavioral Parameters,2022-03-09 05:42:41,2022-03-09 05:42:55
2022-03-09 14:45:50,2022-03-09 14:46:35,In_Conversation, Carrying_Bag_On_Shoulder/Back_Light, Located_Outdoors,annotator,Behavioral Parameters,2022-03-09 05:42:56,2022-03-09 05:43:41
2022-03-09 14:46:36,2022-03-09 14:46:51,Carrying_Bag_On_Shoulder/Back_Light, Located_Outdoors,annotator,Behavioral Parameters,2022-03-09 05:43:42,2022-03-09 05:43:57
2022-03-09 14:46:53,2022-03-09 14:48:12,Carrying_Bag_On_Shoulder/Back_Light, In_Conversation, Located_Indoors,annotator,Behavioral Parameters,2022-03-09 05:43:59,2022-03-09 05:45:18
2022-03-09 14:48:18,2022-03-09 14:48:31,Carrying_Bag_On_Shoulder/Back_Light, In_Conversation, Located_Indoors,annotator,Behavioral Parameters,2022-03-09 05:45:24,2022-03-09 05:45:37
2022-03-09 14:48:34,2022-03-09 14:49:11,Carrying_Bag_On_Shoulder/Back_Light, In_Conversation, Located_Indoors,annotator,Behavioral Parameters,2022-03-09 05:45:40,2022-03-09 05:46:17
2022-03-09 14:49:14,2022-03-09 14:50:14,Carrying_Bag_On_Shoulder/Back_Light, In_Conversation, Located_Indoors,annotator,Behavioral Parameters,2022-03-09 05:46:20,2022-03-09 05:47:20
2022-03-09 14:50:15,2022-03-09 14:50:52,Carrying_Bag_On_Shoulder/Back_Light, Located_Indoors,annotator,Behavioral Parameters,2022-03-09 05:47:21,2022-03-09 05:47:58
2022-03-09 14:50:55,2022-03-09 14:51:07,Carrying_Bag_On_Shoulder/Back_Light, Located_Indoors,annotator,Behavioral Parameters,2022-03-09 05:48:01,2022-03-09 05:48:13
2022-03-09 14:51:09,2022-03-09 14:51:28,Carrying_Bag_On_Shoulder/Back_Light, Located_Indoors, In_Conversation, Holding_Other_Object_Light,annotator,Behavioral Parameters,2022-03-09 05:48:15,2022-03-09 05:48:34
2022-03-09 14:51:29,2022-03-09 14:51:40,Carrying_Bag_On_Shoulder/Back_Light, Located_Indoors, Holding_Other_Object_Light,annotator,Behavioral Parameters,2022-03-09 05:48:35,2022-03-09 05:48:46
2022-03-09 14:51:41,2022-03-09 14:52:15,Carrying_Bag_On_Shoulder/Back_Light, Located_Indoors, Holding_Other_Object_Light,annotator,Behavioral Parameters,2022-03-09 05:48:47,2022-03-09 05:49:21
2022-03-09 14:52:17,2022-03-09 14:53:00,Carrying_Bag_On_Shoulder/Back_Light, Located_Indoors, Holding_Other_Object_Light,annotator,Behavioral Parameters,2022-03-09 05:49:23,2022-03-09 05:50:06
2022-03-09 14:53:03,2022-03-09 14:53:34,Carrying_Bag_On_Shoulder/Back_Light, Located_Indoors, Holding_Other_Object_Light,annotator,Behavioral Parameters,2022-03-09 05:50:09,2022-03-09 05:50:40
2022-03-09 14:53:37,2022-03-09 14:54:20,Carrying_Bag_On_Shoulder/Back_Light, Located_Indoors, Holding_Other_Object_Light,annotator,Behavioral Parameters,2022-03-09 05:50:43,2022-03-09 05:51:26
2022-03-09 14:54:23,2022-03-09 14:55:04,Carrying_Bag_On_Shoulder/Back_Light, Located_Indoors, Holding_Other_Object_Light, In_Conversation,annotator,Behavioral Parameters,2022-03-09 05:51:29,2022-03-09 05:52:10
2022-03-09 14:55:06,2022-03-09 14:56:29,Located_Indoors, Holding_Other_Object_Light, In_Conversation,annotator,Behavioral Parameters,2022-03-09 05:52:12,2022-03-09 05:53:35
2022-03-09 14:56:35,2022-03-09 15:00:53,Located_Indoors, Browsing_Computer,annotator,Behavioral Parameters,2022-03-09 05:53:41,2022-03-09 05:57:59
2022-03-09 15:00:58,2022-03-09 15:09:09,Located_Indoors, Holding_Other_Object_Light,annotator,Behavioral Parameters,2022-03-09 05:58:04,2022-03-09 06:06:15
2022-03-09 15:09:14,2022-03-09 15:13:07,Located_Indoors,annotator,Behavioral Parameters,2022-03-09 06:06:20,2022-03-09 06:10:13
2022-03-09 15:13:10,2022-03-09 15:13:31,Located_Indoors, Holding_Other_Object_Light,annotator,Behavioral Parameters,2022-03-09 06:10:16,2022-03-09 06:10:37
2022-03-09 15:13:34,2022-03-09 15:23:24,Located_Indoors, Browsing_Computer,annotator,Behavioral Parameters,2022-03-09 06:10:40,2022-03-09 06:20:30
2022-03-09 15:23:29,2022-03-09 15:24:55,Located_Indoors,annotator,Behavioral Parameters,2022-03-09 06:20:35,2022-03-09 06:22:01
2022-03-09 15:24:57,2022-03-09 15:25:22,Located_Indoors, In_Conversation,annotator,Behavioral Parameters,2022-03-09 06:22:03,2022-03-09 06:22:28
2022-03-09 15:25:27,2022-03-09 15:26:07,Located_Indoors,annotator,Behavioral Parameters,2022-03-09 06:22:33,2022-03-09 06:23:13
2022-03-09 15:26:12,2022-03-09 15:27:54,Located_Indoors, Browsing_Computer, Typing_Computer,annotator,Behavioral Parameters,2022-03-09 06:23:18,2022-03-09 06:25:00
2022-03-09 15:27:57,2022-03-09 15:28:09,Located_Indoors, Holding_Other_Object_Light, Texting/Browsing_Phone,annotator,Behavioral Parameters,2022-03-09 06:25:03,2022-03-09 06:25:15
2022-03-09 15:28:14,2022-03-09 15:29:56,Located_Indoors, Holding_Other_Object_Light, Browsing_Computer,annotator,Behavioral Parameters,2022-03-09 06:25:20,2022-03-09 06:27:02
2022-03-09 15:30:02,2022-03-09 15:41:10,Located_Indoors, Browsing_Computer,annotator,Behavioral Parameters,2022-03-09 06:27:08,2022-03-09 06:38:16
2022-03-09 15:41:21,2022-03-09 15:45:33,Located_Indoors, In_Conversation, Browsing_Computer,annotator,Behavioral Parameters,2022-03-09 06:38:27,2022-03-09 06:42:39
2022-03-09 15:45:42,2022-03-09 15:51:08,Located_Indoors, In_Conversation,annotator,Behavioral Parameters,2022-03-09 06:42:48,2022-03-09 06:48:14
2022-03-09 15:51:13,2022-03-09 15:54:03,Located_Indoors, In_Conversation, Holding_Other_Object_Light,annotator,Behavioral Parameters,2022-03-09 06:48:19,2022-03-09 06:51:09
2022-03-09 15:54:09,2022-03-09 15:57:08,Located_Indoors, In_Conversation,annotator,Behavioral Parameters,2022-03-09 06:51:15,2022-03-09 06:54:14
2022-03-09 15:57:13,2022-03-09 16:03:39,Located_Indoors, In_Conversation, Holding_Other_Object_Light,annotator,Behavioral Parameters,2022-03-09 06:54:19,2022-03-09 07:00:45
2022-03-09 16:03:43,2022-03-09 16:06:28,Located_Indoors, In_Conversation, Holding_Other_Object_Light,annotator,Behavioral Parameters,2022-03-09 07:00:49,2022-03-09 07:03:34
2022-03-09 16:06:33,2022-03-09 16:07:22,Located_Indoors,annotator,Behavioral Parameters,2022-03-09 07:03:39,2022-03-09 07:04:28
2022-03-09 16:07:26,2022-03-09 16:24:21,Located_Indoors, Holding_Other_Object_Light,annotator,Behavioral Parameters,2022-03-09 07:04:32,2022-03-09 07:21:27
2022-03-09 16:24:26,2022-03-09 16:28:01,Located_Indoors, Holding_Other_Object_Light,annotator,Behavioral Parameters,2022-03-09 07:21:32,2022-03-09 07:25:07
2022-03-09 16:28:08,2022-03-09 16:29:49,Located_Indoors, In_Conversation,annotator,Behavioral Parameters,2022-03-09 07:25:14,2022-03-09 07:26:55
2022-03-09 16:30:02,2022-03-09 16:33:01,Carrying_Bag_On_Shoulder/Back_Light, Located_Outdoors,annotator,Behavioral Parameters,2022-03-09 07:27:08,2022-03-09 07:30:07
2022-03-09 16:33:13,2022-03-09 16:34:29,Carrying_Bag_On_Shoulder/Back_Light, Located_Indoors,annotator,Behavioral Parameters,2022-03-09 07:30:19,2022-03-09 07:31:35
2022-03-09 16:34:32,2022-03-09 16:34:41,Carrying_Bag_On_Shoulder/Back_Light, Located_Indoors,annotator,Behavioral Parameters,2022-03-09 07:31:38,2022-03-09 07:31:47
2022-03-09 16:34:45,2022-03-09 16:35:11,Located_Indoors, Holding_Other_Object_Light,annotator,Behavioral Parameters,2022-03-09 07:31:51,2022-03-09 07:32:17
2022-03-09 16:35:14,2022-03-09 16:36:00,Located_Indoors, Holding_Other_Object_Light, Holding_Solid_Food, Texting/Browsing_Phone,annotator,Behavioral Parameters,2022-03-09 07:32:20,2022-03-09 07:33:06
2022-03-09 16:36:04,2022-03-09 16:39:57,Located_Indoors, Holding_Other_Object_Light, Holding_Solid_Food, Texting/Browsing_Phone,annotator,Behavioral Parameters,2022-03-09 07:33:10,2022-03-09 07:37:03
2022-03-09 16:40:03,2022-03-09 16:44:59,Located_Indoors, Holding_Other_Object_Light,annotator,Behavioral Parameters,2022-03-09 07:37:09,2022-03-09 07:42:05
2022-03-09 16:45:03,2022-03-09 16:46:46,Located_Indoors, Holding_Other_Object_Light, Texting/Browsing_Phone,annotator,Behavioral Parameters,2022-03-09 07:42:09,2022-03-09 07:43:52
2022-03-09 16:46:53,2022-03-09 16:52:30,Located_Indoors, Holding_Other_Object_Light,annotator,Behavioral Parameters,2022-03-09 07:43:59,2022-03-09 07:49:36
2022-03-09 16:52:37,2022-03-09 16:54:50,Located_Indoors, Holding_Other_Object_Light, Texting/Browsing_Phone,annotator,Behavioral Parameters,2022-03-09 07:49:43,2022-03-09 07:51:56
2022-03-09 16:54:58,2022-03-09 16:57:22,Located_Indoors, Holding_Other_Object_Light,annotator,Behavioral Parameters,2022-03-09 07:52:04,2022-03-09 07:54:28
2022-03-09 16:57:26,2022-03-09 16:58:29,Located_Indoors, Holding_Other_Object_Light, Texting/Browsing_Phone,annotator,Behavioral Parameters,2022-03-09 07:54:32,2022-03-09 07:55:35
2022-03-09 16:58:33,2022-03-09 17:04:22,Located_Indoors, Holding_Other_Object_Light,annotator,Behavioral Parameters,2022-03-09 07:55:39,2022-03-09 08:01:28
2022-03-09 17:04:49,2022-03-09 17:05:57,Located_Indoors, Holding_Other_Object_Light, Texting/Browsing_Phone,annotator,Behavioral Parameters,2022-03-09 08:01:55,2022-03-09 08:03:03
2022-03-09 17:06:01,2022-03-09 17:10:30,Located_Indoors, Holding_Other_Object_Light,annotator,Behavioral Parameters,2022-03-09 08:03:07,2022-03-09 08:07:36
2022-03-09 17:10:35,2022-03-09 17:11:50,Located_Indoors, Holding_Other_Object_Light, Texting/Browsing_Phone,annotator,Behavioral Parameters,2022-03-09 08:07:41,2022-03-09 08:08:56
2022-03-09 17:11:55,2022-03-09 17:14:46,Located_Indoors, Holding_Other_Object_Light,annotator,Behavioral Parameters,2022-03-09 08:09:01,2022-03-09 08:11:52
2022-03-09 17:14:50,2022-03-09 17:17:06,Located_Indoors, Holding_Other_Object_Light, Texting/Browsing_Phone,annotator,Behavioral Parameters,2022-03-09 08:11:56,2022-03-09 08:14:12
2022-03-09 17:17:12,2022-03-09 17:22:18,Located_Indoors, Holding_Other_Object_Light,annotator,Behavioral Parameters,2022-03-09 08:14:18,2022-03-09 08:19:24
2022-03-09 17:22:22,2022-03-09 17:26:29,Located_Indoors, Holding_Other_Object_Light, Texting/Browsing_Phone,annotator,Behavioral Parameters,2022-03-09 08:19:28,2022-03-09 08:23:35
2022-03-09 17:26:34,2022-03-09 17:30:03,Located_Indoors, Holding_Other_Object_Light,annotator,Behavioral Parameters,2022-03-09 08:23:40,2022-03-09 08:27:09
2022-03-09 17:30:09,2022-03-09 17:32:38,Located_Indoors, Holding_Other_Object_Light, Texting/Browsing_Phone,annotator,Behavioral Parameters,2022-03-09 08:27:15,2022-03-09 08:29:44
2022-03-09 17:32:42,2022-03-09 17:39:19,Located_Indoors, Holding_Other_Object_Light,annotator,Behavioral Parameters,2022-03-09 08:29:48,2022-03-09 08:36:25
2022-03-09 17:39:25,2022-03-09 17:43:13,Located_Indoors, Holding_Other_Object_Light, Texting/Browsing_Phone,annotator,Behavioral Parameters,2022-03-09 08:36:31,2022-03-09 08:40:19
2022-03-09 17:43:21,2022-03-09 17:44:45,Located_Indoors, Holding_Other_Object_Light,annotator,Behavioral Parameters,2022-03-09 08:40:27,2022-03-09 08:41:51
2022-03-09 17:44:53,2022-03-09 17:44:59,Located_Indoors, Holding_Other_Object_Light,annotator,Behavioral Parameters,2022-03-09 08:41:59,2022-03-09 08:42:05
2022-03-09 17:45:03,2022-03-09 17:46:23,Located_Indoors, Holding_Other_Object_Light, Texting/Browsing_Phone,annotator,Behavioral Parameters,2022-03-09 08:42:09,2022-03-09 08:43:29
2022-03-09 17:46:29,2022-03-09 17:47:05,Located_Indoors, Holding_Other_Object_Light, Texting/Browsing_Phone,annotator,Behavioral Parameters,2022-03-09 08:43:35,2022-03-09 08:44:11
2022-03-09 17:47:07,2022-03-09 17:48:10,Holding_Other_Object_Light, Texting/Browsing_Phone, Located_Outdoors,annotator,Behavioral Parameters,2022-03-09 08:44:13,2022-03-09 08:45:16
2022-03-09 17:48:13,2022-03-09 17:52:01,Located_Outdoors, Carrying_Bag_On_Shoulder/Back_Light, Holding_Other_Object_Light,annotator,Behavioral Parameters,2022-03-09 08:45:19,2022-03-09 08:49:07
2022-03-09 17:52:03,2022-03-09 17:54:54,Carrying_Bag_On_Shoulder/Back_Light, Holding_Other_Object_Light, Located_Indoors, Texting/Browsing_Phone,annotator,Behavioral Parameters,2022-03-09 08:49:09,2022-03-09 08:52:00
2022-03-09 17:54:57,2022-03-09 17:57:25,Carrying_Bag_On_Shoulder/Back_Light, Holding_Other_Object_Light, Texting/Browsing_Phone, Located_Outdoors,annotator,Behavioral Parameters,2022-03-09 08:52:03,2022-03-09 08:54:31
2022-03-09 17:57:30,2022-03-09 17:57:56,Holding_Other_Object_Light, Texting/Browsing_Phone, Carrying_Bag_On_Shoulder/Back_Light, Located_Indoors,annotator,Behavioral Parameters,2022-03-09 08:54:36,2022-03-09 08:55:02
2022-03-09 17:57:58,2022-03-09 17:58:42,Holding_Other_Object_Light, Texting/Browsing_Phone, Carrying_Bag_On_Shoulder/Back_Light, Located_Indoors,annotator,Behavioral Parameters,2022-03-09 08:55:04,2022-03-09 08:55:48
2022-03-09 17:58:46,2022-03-09 18:12:51,Holding_Other_Object_Light, Texting/Browsing_Phone, Located_Indoors,annotator,Behavioral Parameters,2022-03-09 08:55:52,2022-03-09 09:09:57
2022-03-09 18:13:20,2022-03-09 18:15:35,Holding_Other_Object_Light, Texting/Browsing_Phone, Located_Indoors, Holding_Solid_Food,annotator,Behavioral Parameters,2022-03-09 09:10:26,2022-03-09 09:12:41
2022-03-09 18:15:41,2022-03-09 18:19:09,Holding_Other_Object_Light, Texting/Browsing_Phone, Located_Indoors,annotator,Behavioral Parameters,2022-03-09 09:12:47,2022-03-09 09:16:15
2022-03-09 18:19:18,2022-03-09 18:19:49,Located_Indoors, Holding_Other_Object_Light,annotator,Behavioral Parameters,2022-03-09 09:16:24,2022-03-09 09:16:55
2022-03-09 18:19:49,2022-03-09 18:20:50,Located_Indoors, Holding_Other_Object_Light, Texting/Browsing_Phone,annotator,Behavioral Parameters,2022-03-09 09:16:55,2022-03-09 09:17:56
2022-03-09 18:20:50,2022-03-09 18:20:54,Located_Indoors, Holding_Other_Object_Light,annotator,Behavioral Parameters,2022-03-09 09:17:56,2022-03-09 09:18:00
2022-03-09 18:20:54,2022-03-09 18:21:44,Located_Indoors, Holding_Other_Object_Light,annotator,Behavioral Parameters,2022-03-09 09:18:00,2022-03-09 09:18:50
2022-03-09 18:21:44,2022-03-09 18:22:05,Located_Indoors, Holding_Other_Object_Light,annotator,Behavioral Parameters,2022-03-09 09:18:50,2022-03-09 09:19:11
2022-03-09 18:22:05,2022-03-09 18:22:33,Located_Indoors, Holding_Other_Object_Light,annotator,Behavioral Parameters,2022-03-09 09:19:11,2022-03-09 09:19:39
2022-03-09 18:22:34,2022-03-09 18:22:45,Located_Indoors, Holding_Other_Object_Light, Texting/Browsing_Phone,annotator,Behavioral Parameters,2022-03-09 09:19:40,2022-03-09 09:19:51
2022-03-09 18:22:45,2022-03-09 18:23:08,Located_Indoors, Holding_Other_Object_Light, Texting/Browsing_Phone,annotator,Behavioral Parameters,2022-03-09 09:19:51,2022-03-09 09:20:14
2022-03-09 18:23:08,2022-03-09 18:23:19,Located_Indoors, Holding_Other_Object_Light, Texting/Browsing_Phone,annotator,Behavioral Parameters,2022-03-09 09:20:14,2022-03-09 09:20:25
2022-03-09 18:23:19,2022-03-09 18:23:43,Located_Indoors, Holding_Other_Object_Light, Texting/Browsing_Phone,annotator,Behavioral Parameters,2022-03-09 09:20:25,2022-03-09 09:20:49
2022-03-09 18:23:43,2022-03-09 18:24:22,Located_Indoors, Holding_Other_Object_Light, Texting/Browsing_Phone,annotator,Behavioral Parameters,2022-03-09 09:20:49,2022-03-09 09:21:28
2022-03-09 18:24:22,2022-03-09 18:24:59,Located_Indoors, Holding_Other_Object_Light,annotator,Behavioral Parameters,2022-03-09 09:21:28,2022-03-09 09:22:05
2022-03-09 18:24:59,2022-03-09 18:32:27,Located_Indoors, On_Video_Call/FaceTime,annotator,Behavioral Parameters,2022-03-09 09:22:05,2022-03-09 09:29:33
2022-03-09 18:32:27,2022-03-09 18:33:20,Located_Indoors,annotator,Behavioral Parameters,2022-03-09 09:29:33,2022-03-09 09:30:26
2022-03-09 18:33:20,2022-03-09 18:34:51,Located_Indoors,annotator,Behavioral Parameters,2022-03-09 09:30:26,2022-03-09 09:31:57
2022-03-09 18:34:51,2022-03-09 18:43:38,Located_Indoors, Holding_Other_Object_Light, In_Conversation,annotator,Behavioral Parameters,2022-03-09 09:31:57,2022-03-09 09:40:44
2022-03-09 18:43:38,2022-03-09 18:43:47,Located_Indoors, Holding_Other_Object_Light, In_Conversation,annotator,Behavioral Parameters,2022-03-09 09:40:44,2022-03-09 09:40:53
2022-03-09 18:43:47,2022-03-09 18:56:55,Located_Indoors, Holding_Other_Object_Light,annotator,Behavioral Parameters,2022-03-09 09:40:53,2022-03-09 09:54:01
2022-03-09 18:56:55,2022-03-09 18:57:47,Located_Indoors, Holding_Other_Object_Light,annotator,Behavioral Parameters,2022-03-09 09:54:01,2022-03-09 09:54:53
2022-03-09 18:57:47,2022-03-09 18:58:34,Located_Indoors, Holding_Other_Object_Light,annotator,Behavioral Parameters,2022-03-09 09:54:53,2022-03-09 09:55:40
2022-03-09 18:58:34,2022-03-09 19:19:07,Located_Indoors, Holding_Other_Object_Light, Texting/Browsing_Phone,annotator,Behavioral Parameters,2022-03-09 09:55:40,2022-03-09 10:16:13
2022-03-09 19:19:07,2022-03-09 19:20:36,Located_Indoors, Holding_Other_Object_Light, Texting/Browsing_Phone,annotator,Behavioral Parameters,2022-03-09 10:16:13,2022-03-09 10:17:42
2022-03-09 19:20:36,2022-03-09 19:44:23,Located_Indoors, In_Conversation,annotator,Behavioral Parameters,2022-03-09 10:17:42,2022-03-09 10:41:29
2022-03-09 19:44:23,2022-03-09 19:45:39,Located_Indoors, In_Conversation, Holding_Other_Object_Light,annotator,Behavioral Parameters,2022-03-09 10:41:29,2022-03-09 10:42:45
2022-03-09 19:45:39,2022-03-09 19:46:20,Located_Indoors, In_Conversation,annotator,Behavioral Parameters,2022-03-09 10:42:45,2022-03-09 10:43:26
2022-03-09 19:46:20,2022-03-09 19:46:45,Located_Indoors, In_Conversation,annotator,Behavioral Parameters,2022-03-09 10:43:26,2022-03-09 10:43:51
2022-03-09 19:46:45,2022-03-09 19:49:06,In_Conversation, Located_Outdoors,annotator,Behavioral Parameters,2022-03-09 10:43:51,2022-03-09 10:46:12
2022-03-09 19:49:06,2022-03-09 19:50:12,In_Conversation, Located_Indoors,annotator,Behavioral Parameters,2022-03-09 10:46:12,2022-03-09 10:47:18
2022-03-09 19:50:12,2022-03-09 19:56:08,In_Conversation, Located_Indoors, Texting/Browsing_Phone,annotator,Behavioral Parameters,2022-03-09 10:47:18,2022-03-09 10:53:14
2022-03-09 19:56:08,2022-03-09 19:56:54,In_Conversation, Located_Indoors, Holding_Other_Object_Light,annotator,Behavioral Parameters,2022-03-09 10:53:14,2022-03-09 10:54:00
2022-03-09 19:56:54,2022-03-09 19:58:34,Located_Indoors, Holding_Other_Object_Light,annotator,Behavioral Parameters,2022-03-09 10:54:00,2022-03-09 10:55:40
2022-03-09 19:58:35,2022-03-09 20:05:09,Holding_Other_Object_Light, Located_Outdoors,annotator,Behavioral Parameters,2022-03-09 10:55:41,2022-03-09 11:02:15
2022-03-09 20:05:09,2022-03-09 20:05:43,Holding_Other_Object_Light, Located_Indoors,annotator,Behavioral Parameters,2022-03-09 11:02:15,2022-03-09 11:02:49
2022-03-09 20:05:43,2022-03-09 20:06:29,Holding_Other_Object_Light, Located_Indoors, Texting/Browsing_Phone,annotator,Behavioral Parameters,2022-03-09 11:02:49,2022-03-09 11:03:35
2022-03-09 20:06:29,2022-03-09 20:07:35,Holding_Other_Object_Light, Located_Indoors,annotator,Behavioral Parameters,2022-03-09 11:03:35,2022-03-09 11:04:41
2022-03-09 20:07:35,2022-03-09 20:23:34,Located_Indoors, Holding_Drink,annotator,Behavioral Parameters,2022-03-09 11:04:41,2022-03-09 11:20:40
2022-03-09 20:23:35,2022-03-09 20:59:16,Located_Indoors, Texting/Browsing_Phone,annotator,Behavioral Parameters,2022-03-09 11:20:41,2022-03-09 11:56:22
2022-03-09 20:59:16,2022-03-09 21:48:01,Located_Indoors,annotator,Behavioral Parameters,2022-03-09 11:56:22,2022-03-09 12:45:07
2022-03-09 21:48:01,2022-03-09 21:52:45,Located_Indoors, Texting/Browsing_Phone,annotator,Behavioral Parameters,2022-03-09 12:45:07,2022-03-09 12:49:51
2022-03-09 21:52:45,2022-03-09 22:01:26,Located_Indoors, Browsing_Computer, On_Video_Call/FaceTime,annotator,Behavioral Parameters,2022-03-09 12:49:51,2022-03-09 12:58:32
2022-03-09 22:01:27,2022-03-09 22:03:30,Located_Indoors, Browsing_Computer, On_Video_Call/FaceTime, Texting/Browsing_Phone,annotator,Behavioral Parameters,2022-03-09 12:58:33,2022-03-09 13:00:36
2022-03-09 22:03:30,2022-03-09 22:05:31,Located_Indoors, Browsing_Computer, On_Video_Call/FaceTime,annotator,Behavioral Parameters,2022-03-09 13:00:36,2022-03-09 13:02:37
2022-03-09 22:05:32,2022-03-09 22:07:28,Located_Indoors, Browsing_Computer, On_Video_Call/FaceTime,annotator,Behavioral Parameters,2022-03-09 13:02:38,2022-03-09 13:04:34
2022-03-09 22:07:28,2022-03-09 22:14:26,Located_Indoors, Browsing_Computer, On_Video_Call/FaceTime, Holding_Other_Object_Light,annotator,Behavioral Parameters,2022-03-09 13:04:34,2022-03-09 13:11:32
2022-03-09 22:14:26,2022-03-09 22:18:55,,annotator,Behavioral Parameters,2022-03-09 13:11:32,2022-03-09 13:16:01
2022-03-09 22:18:55,2022-03-09 22:20:30,Located_Indoors, On_Video_Call/FaceTime, In_Conversation,annotator,Behavioral Parameters,2022-03-09 13:16:01,2022-03-09 13:17:36
2022-03-09 22:20:30,2022-03-09 22:23:28,Located_Indoors, On_Video_Call/FaceTime, In_Conversation,annotator,Behavioral Parameters,2022-03-09 13:17:36,2022-03-09 13:20:34
2022-03-09 22:23:28,2022-03-09 22:27:59,Located_Indoors, On_Video_Call/FaceTime, In_Conversation,annotator,Behavioral Parameters,2022-03-09 13:20:34,2022-03-09 13:25:05
2022-03-09 22:27:59,2022-03-09 22:28:58,Located_Indoors, On_Video_Call/FaceTime, In_Conversation,annotator,Behavioral Parameters,2022-03-09 13:25:05,2022-03-09 13:26:04
2022-03-09 22:28:58,2022-03-09 22:32:00,Located_Indoors, In_Conversation,annotator,Behavioral Parameters,2022-03-09 13:26:04,2022-03-09 13:29:06
2022-03-09 22:32:00,2022-03-09 22:33:15,Located_Indoors, In_Conversation, Holding_Other_Object_Light,annotator,Behavioral Parameters,2022-03-09 13:29:06,2022-03-09 13:30:21
2022-03-09 22:33:15,2022-03-09 22:39:24,Located_Indoors, In_Conversation, Holding_Other_Object_Light,annotator,Behavioral Parameters,2022-03-09 13:30:21,2022-03-09 13:36:30
2022-03-09 22:39:24,2022-03-09 22:40:00,Located_Indoors, In_Conversation, Holding_Other_Object_Light,annotator,Behavioral Parameters,2022-03-09 13:36:30,2022-03-09 13:37:06
2022-03-09 22:40:00,2022-03-09 22:41:46,Located_Indoors, In_Conversation, Holding_Other_Object_Light,annotator,Behavioral Parameters,2022-03-09 13:37:06,2022-03-09 13:38:52
2022-03-09 22:41:46,2022-03-09 22:50:42,Located_Indoors, Holding_Other_Object_Light,annotator,Behavioral Parameters,2022-03-09 13:38:52,2022-03-09 13:47:48
2022-03-09 22:50:42,2022-03-09 22:52:17,Located_Indoors,annotator,Behavioral Parameters,2022-03-09 13:47:48,2022-03-09 13:49:23
2022-03-09 22:52:17,2022-03-09 22:53:27,Located_Indoors,annotator,Behavioral Parameters,2022-03-09 13:49:23,2022-03-09 13:50:33
2022-03-09 22:53:27,2022-03-09 22:55:43,Located_Indoors,annotator,Behavioral Parameters,2022-03-09 13:50:33,2022-03-09 13:52:49
2022-03-09 22:55:43,2022-03-09 23:03:30,Located_Indoors, Holding_Other_Object_Light,annotator,Behavioral Parameters,2022-03-09 13:52:49,2022-03-09 14:00:36
2022-03-09 23:03:30,2022-03-09 23:05:12,Located_Indoors, Holding_Other_Object_Light,annotator,Behavioral Parameters,2022-03-09 14:00:36,2022-03-09 14:02:18
2022-03-09 23:05:12,2022-03-09 23:06:32,Located_Indoors, Holding_Other_Object_Light,annotator,Behavioral Parameters,2022-03-09 14:02:18,2022-03-09 14:03:38
2022-03-09 23:06:32,2022-03-09 23:08:09,Located_Indoors, Holding_Other_Object_Light,annotator,Behavioral Parameters,2022-03-09 14:03:38,2022-03-09 14:05:15
2022-03-09 23:08:09,2022-03-09 23:08:49,Located_Indoors, Holding_Other_Object_Light,annotator,Behavioral Parameters,2022-03-09 14:05:15,2022-03-09 14:05:55
2022-03-09 23:08:49,2022-03-09 23:09:41,Located_Indoors, Holding_Other_Object_Light,annotator,Behavioral Parameters,2022-03-09 14:05:55,2022-03-09 14:06:47
2022-03-09 23:09:41,2022-03-09 23:11:38,Holding_Other_Object_Light, Located_Outdoors,annotator,Behavioral Parameters,2022-03-09 14:06:47,2022-03-09 14:08:44
2022-03-09 23:11:38,2022-03-09 23:11:51,Holding_Other_Object_Light, Located_Indoors,annotator,Behavioral Parameters,2022-03-09 14:08:44,2022-03-09 14:08:57
2022-03-09 23:11:51,2022-03-09 23:12:08,Holding_Other_Object_Light, Located_Indoors,annotator,Behavioral Parameters,2022-03-09 14:08:57,2022-03-09 14:09:14
2022-03-09 23:12:09,2022-03-09 23:12:36,Holding_Other_Object_Light, Located_Indoors, In_Conversation,annotator,Behavioral Parameters,2022-03-09 14:09:15,2022-03-09 14:09:42
2022-03-09 23:12:36,2022-03-09 23:12:46,Holding_Other_Object_Light, Located_Indoors, In_Conversation,annotator,Behavioral Parameters,2022-03-09 14:09:42,2022-03-09 14:09:52
2022-03-09 23:12:46,2022-03-09 23:13:27,Holding_Other_Object_Light, Located_Indoors, In_Conversation,annotator,Behavioral Parameters,2022-03-09 14:09:52,2022-03-09 14:10:33
2022-03-09 23:13:27,2022-03-09 23:14:10,Holding_Other_Object_Light, Located_Indoors, In_Conversation,annotator,Behavioral Parameters,2022-03-09 14:10:33,2022-03-09 14:11:16
2022-03-09 23:14:10,2022-03-09 23:14:35,Holding_Other_Object_Light, Located_Indoors, In_Conversation,annotator,Behavioral Parameters,2022-03-09 14:11:16,2022-03-09 14:11:41
2022-03-09 23:14:35,2022-03-09 23:15:06,Holding_Other_Object_Light, Located_Indoors, In_Conversation,annotator,Behavioral Parameters,2022-03-09 14:11:41,2022-03-09 14:12:12
2022-03-09 23:15:06,2022-03-09 23:16:58,Holding_Other_Object_Light, Located_Indoors, In_Conversation,annotator,Behavioral Parameters,2022-03-09 14:12:12,2022-03-09 14:14:04
2022-03-09 23:16:58,2022-03-09 23:18:09,Holding_Other_Object_Light, Located_Indoors, In_Conversation,annotator,Behavioral Parameters,2022-03-09 14:14:04,2022-03-09 14:15:15
2022-03-09 23:18:09,2022-03-09 23:19:01,Located_Indoors, In_Conversation, Holding_Drink,annotator,Behavioral Parameters,2022-03-09 14:15:15,2022-03-09 14:16:07
2022-03-09 23:19:01,2022-03-09 23:32:39,Located_Indoors, In_Conversation, Holding_Drink,annotator,Behavioral Parameters,2022-03-09 14:16:07,2022-03-09 14:29:45
2022-03-09 23:32:39,2022-03-09 23:32:44,Located_Indoors, In_Conversation, Holding_Drink,annotator,Behavioral Parameters,2022-03-09 14:29:45,2022-03-09 14:29:50
2022-03-09 23:32:44,2022-03-09 23:32:44,Located_Indoors, In_Conversation, Holding_Drink,annotator,Behavioral Parameters,2022-03-09 14:29:50,2022-03-09 14:29:50
2022-03-09 23:32:52,2022-03-09 23:36:46,Located_Indoors,annotator,Behavioral Parameters,2022-03-09 14:29:58,2022-03-09 14:33:52
2022-03-09 23:36:46,2022-03-09 23:49:10,Located_Indoors,annotator,Behavioral Parameters,2022-03-09 14:33:52,2022-03-09 14:46:16
2022-03-09 23:49:10,2022-03-09 23:54:01,Located_Indoors, Holding_Other_Object_Light,annotator,Behavioral Parameters,2022-03-09 14:46:16,2022-03-09 14:51:07
2022-03-09 23:54:02,2022-03-09 23:54:34,Located_Indoors, Holding_Other_Object_Light,annotator,Behavioral Parameters,2022-03-09 14:51:08,2022-03-09 14:51:40
2022-03-09 23:54:34,2022-03-09 23:54:53,Located_Indoors, Holding_Other_Object_Light,annotator,Behavioral Parameters,2022-03-09 14:51:40,2022-03-09 14:51:59
2022-03-09 23:54:53,2022-03-09 23:55:16,Located_Indoors, Holding_Other_Object_Light,annotator,Behavioral Parameters,2022-03-09 14:51:59,2022-03-09 14:52:22
2022-03-09 23:55:16,2022-03-09 23:55:25,Located_Indoors, Holding_Other_Object_Light,annotator,Behavioral Parameters,2022-03-09 14:52:22,2022-03-09 14:52:31
2022-03-09 23:55:26,2022-03-09 23:57:39,Holding_Other_Object_Light, Located_Outdoors,annotator,Behavioral Parameters,2022-03-09 14:52:32,2022-03-09 14:54:45
2022-03-09 23:57:39,2022-03-09 23:58:20,Holding_Other_Object_Light, Located_Indoors,annotator,Behavioral Parameters,2022-03-09 14:54:45,2022-03-09 14:55:26
2022-03-09 23:58:21,2022-03-09 23:58:57,Holding_Other_Object_Light, Located_Indoors,annotator,Behavioral Parameters,2022-03-09 14:55:27,2022-03-09 14:56:03
2022-03-09 23:58:57,2022-03-09 23:59:23,Holding_Other_Object_Light, Located_Indoors,annotator,Behavioral Parameters,2022-03-09 14:56:03,2022-03-09 14:56:29
2022-03-09 23:59:37,2022-03-10 00:01:48,Holding_Other_Object_Light, Located_Indoors,annotator,Behavioral Parameters,2022-03-09 14:56:43,2022-03-09 14:58:54
2022-03-10 00:01:49,2022-03-10 00:02:27,Located_Indoors,annotator,Behavioral Parameters,2022-03-09 14:58:55,2022-03-09 14:59:33
