START_TIME,STOP_TIME,PREDICTION,SOURCE,LABELSET,VIDEO_START_TIME,VIDEO_END_TIME
2022-06-10 08:51:46,2022-06-10 08:52:39,HLB_Unlabeled,annotator,HIGH LEVEL BEHAVIOR,2022-06-10 00:01:05,2022-06-10 00:01:58
2022-06-10 08:52:40,2022-06-10 08:53:25,HLB_Unlabeled,annotator,HIGH LEVEL BEHAVIOR,2022-06-10 00:01:59,2022-06-10 00:02:44
2022-06-10 08:53:28,2022-06-10 08:54:37,Cooking/Prepping_Food,annotator,HIGH LEVEL BEHAVIOR,2022-06-10 00:02:47,2022-06-10 00:03:56
2022-06-10 08:54:38,2022-06-10 08:59:24,Cooking/Prepping_Food,annotator,HIGH LEVEL BEHAVIOR,2022-06-10 00:03:57,2022-06-10 00:08:43
2022-06-10 08:59:26,2022-06-10 09:02:07,Cooking/Prepping_Food,annotator,HIGH LEVEL BEHAVIOR,2022-06-10 00:08:45,2022-06-10 00:11:26
2022-06-10 09:02:07,2022-06-10 09:06:31,Cooking/Prepping_Food,annotator,HIGH LEVEL BEHAVIOR,2022-06-10 00:11:26,2022-06-10 00:15:50
2022-06-10 09:06:33,2022-06-10 09:18:17,Eating/Dining,annotator,HIGH LEVEL BEHAVIOR,2022-06-10 00:15:52,2022-06-10 00:27:36
2022-06-10 09:18:23,2022-06-10 09:19:05,Eating/Dining,annotator,HIGH LEVEL BEHAVIOR,2022-06-10 00:27:42,2022-06-10 00:28:24
2022-06-10 09:19:08,2022-06-10 09:33:51,Eating/Dining,annotator,HIGH LEVEL BEHAVIOR,2022-06-10 00:28:27,2022-06-10 00:43:10
2022-06-10 09:33:56,2022-06-10 09:34:35,HLB_Unlabeled,annotator,HIGH LEVEL BEHAVIOR,2022-06-10 00:43:15,2022-06-10 00:43:54
2022-06-10 09:34:38,2022-06-10 09:35:20,In_Transit_Active,annotator,HIGH LEVEL BEHAVIOR,2022-06-10 00:43:57,2022-06-10 00:44:39
2022-06-10 09:35:21,2022-06-10 09:36:58,Dressing/Undressing,annotator,HIGH LEVEL BEHAVIOR,2022-06-10 00:44:40,2022-06-10 00:46:17
2022-06-10 09:37:00,2022-06-10 09:38:43,Dressing/Undressing,annotator,HIGH LEVEL BEHAVIOR,2022-06-10 00:46:19,2022-06-10 00:48:02
2022-06-10 09:38:43,2022-06-10 09:40:47,In_Bathroom,annotator,HIGH LEVEL BEHAVIOR,2022-06-10 00:48:02,2022-06-10 00:50:06
2022-06-10 09:40:50,2022-06-10 09:42:10,In_Transit_Active,annotator,HIGH LEVEL BEHAVIOR,2022-06-10 00:50:09,2022-06-10 00:51:29
2022-06-10 09:42:11,2022-06-10 09:42:29,In_Transit_Active,annotator,HIGH LEVEL BEHAVIOR,2022-06-10 00:51:30,2022-06-10 00:51:48
2022-06-10 09:42:31,2022-06-10 09:50:53,In_Transit_Active,annotator,HIGH LEVEL BEHAVIOR,2022-06-10 00:51:50,2022-06-10 01:00:12
2022-06-10 09:50:58,2022-06-10 09:56:25,In_Transit_Active,annotator,HIGH LEVEL BEHAVIOR,2022-06-10 01:00:17,2022-06-10 01:05:44
2022-06-10 09:56:27,2022-06-10 10:01:18,In_Transit_Active,annotator,HIGH LEVEL BEHAVIOR,2022-06-10 01:05:46,2022-06-10 01:10:37
2022-06-10 10:01:19,2022-06-10 10:01:47,In_Transit_Active,annotator,HIGH LEVEL BEHAVIOR,2022-06-10 01:10:38,2022-06-10 01:11:06
2022-06-10 10:01:48,2022-06-10 10:02:30,In_Transit_Active,annotator,HIGH LEVEL BEHAVIOR,2022-06-10 01:11:07,2022-06-10 01:11:49
2022-06-10 10:02:31,2022-06-10 10:03:21,In_Transit_Active,annotator,HIGH LEVEL BEHAVIOR,2022-06-10 01:11:50,2022-06-10 01:12:40
2022-06-10 10:03:22,2022-06-10 10:03:50,Riding_Elevator_Up,annotator,HIGH LEVEL BEHAVIOR,2022-06-10 01:12:41,2022-06-10 01:13:09
2022-06-10 10:03:51,2022-06-10 10:05:08,In_Transit_Active,annotator,HIGH LEVEL BEHAVIOR,2022-06-10 01:13:10,2022-06-10 01:14:27
2022-06-10 10:05:10,2022-06-10 10:12:27,HLB_Unlabeled,annotator,HIGH LEVEL BEHAVIOR,2022-06-10 01:14:29,2022-06-10 01:21:46
2022-06-10 10:15:19,2022-06-10 13:24:53,Using_Computer/Screen,annotator,HIGH LEVEL BEHAVIOR,2022-06-10 01:24:38,2022-06-10 04:34:12
2022-06-10 13:24:55,2022-06-10 13:25:46,In_Transit_Active,annotator,HIGH LEVEL BEHAVIOR,2022-06-10 04:34:14,2022-06-10 04:35:05
2022-06-10 13:25:46,2022-06-10 13:34:12,HLB_Indecipherable/Video_Insufficient,annotator,HIGH LEVEL BEHAVIOR,2022-06-10 04:35:05,2022-06-10 04:43:31
2022-06-10 13:34:14,2022-06-10 13:35:51,In_Transit_Active,annotator,HIGH LEVEL BEHAVIOR,2022-06-10 04:43:33,2022-06-10 04:45:10
2022-06-10 13:35:51,2022-06-10 13:36:26,Riding_Elevator_Down,annotator,HIGH LEVEL BEHAVIOR,2022-06-10 04:45:10,2022-06-10 04:45:45
2022-06-10 13:36:28,2022-06-10 13:44:23,In_Transit_Active,annotator,HIGH LEVEL BEHAVIOR,2022-06-10 04:45:47,2022-06-10 04:53:42
2022-06-10 13:44:26,2022-06-10 13:45:10,Riding_Elevator_Up,annotator,HIGH LEVEL BEHAVIOR,2022-06-10 04:53:45,2022-06-10 04:54:29
2022-06-10 13:45:34,2022-06-10 13:47:03,In_Transit_Active, Meeting _Social_Gathering_In_Person,annotator,HIGH LEVEL BEHAVIOR,2022-06-10 04:54:53,2022-06-10 04:56:22
2022-06-10 13:47:05,2022-06-10 13:47:42,In_Transit_Active,annotator,HIGH LEVEL BEHAVIOR,2022-06-10 04:56:24,2022-06-10 04:57:01
2022-06-10 13:47:43,2022-06-10 13:53:59,In_Transit_Active,annotator,HIGH LEVEL BEHAVIOR,2022-06-10 04:57:02,2022-06-10 05:03:18
2022-06-10 13:54:01,2022-06-10 13:54:31,In_Transit_Active,annotator,HIGH LEVEL BEHAVIOR,2022-06-10 05:03:20,2022-06-10 05:03:50
2022-06-10 13:54:32,2022-06-10 13:55:02,Riding_Elevator_Up,annotator,HIGH LEVEL BEHAVIOR,2022-06-10 05:03:51,2022-06-10 05:04:21
2022-06-10 13:55:04,2022-06-10 13:55:47,In_Transit_Active,annotator,HIGH LEVEL BEHAVIOR,2022-06-10 05:04:23,2022-06-10 05:05:06
2022-06-10 13:55:51,2022-06-10 13:59:36,Meeting _Social_Gathering_In_Person,annotator,HIGH LEVEL BEHAVIOR,2022-06-10 05:05:10,2022-06-10 05:08:55
2022-06-10 13:59:39,2022-06-10 17:18:20,HLB_Indecipherable/Video_Insufficient,annotator,HIGH LEVEL BEHAVIOR,2022-06-10 05:08:58,2022-06-10 08:27:39
