START_TIME,STOP_TIME,PREDICTION,SOURCE,LABELSET,VIDEO_START_TIME,VIDEO_END_TIME
2022-05-21 11:56:09,2022-05-21 12:04:08,BP_VideoUnavailable/Indecipherable,annotator,Behavioral Parameters,2022-05-21 00:00:01,2022-05-21 00:08:00
2022-05-21 12:04:08,2022-05-21 12:07:45,Located_Indoors, Holding_Solid_Food, Holding_Drink,annotator,Behavioral Parameters,2022-05-21 00:08:00,2022-05-21 00:11:37
2022-05-21 12:07:45,2022-05-21 12:08:10,Located_Indoors, Holding_Solid_Food,annotator,Behavioral Parameters,2022-05-21 00:11:37,2022-05-21 00:12:02
2022-05-21 12:08:10,2022-05-21 12:08:39,Located_Indoors,annotator,Behavioral Parameters,2022-05-21 00:12:02,2022-05-21 00:12:31
2022-05-21 12:08:39,2022-05-21 12:09:26,Located_Indoors, Holding_Other_Object_Light, Texting/Browsing_Phone,annotator,Behavioral Parameters,2022-05-21 00:12:31,2022-05-21 00:13:18
2022-05-21 12:09:26,2022-05-21 12:16:52,BP_VideoUnavailable/Indecipherable,annotator,Behavioral Parameters,2022-05-21 00:13:18,2022-05-21 00:20:44
2022-05-21 12:16:58,2022-05-21 12:17:49,Located_Indoors, Holding_Solid_Food,annotator,Behavioral Parameters,2022-05-21 00:20:50,2022-05-21 00:21:41
2022-05-21 12:17:49,2022-05-21 12:18:20,Located_Indoors,annotator,Behavioral Parameters,2022-05-21 00:21:41,2022-05-21 00:22:12
2022-05-21 12:18:20,2022-05-21 12:18:51,Located_Indoors, Holding_Drink, Holding_Solid_Food,annotator,Behavioral Parameters,2022-05-21 00:22:12,2022-05-21 00:22:43
2022-05-21 12:18:51,2022-05-21 12:19:01,Located_Indoors, Holding_Solid_Food,annotator,Behavioral Parameters,2022-05-21 00:22:43,2022-05-21 00:22:53
2022-05-21 12:19:01,2022-05-21 12:33:47,BP_VideoUnavailable/Indecipherable,annotator,Behavioral Parameters,2022-05-21 00:22:53,2022-05-21 00:37:39
2022-05-21 12:33:47,2022-05-21 12:34:23,Located_Indoors,annotator,Behavioral Parameters,2022-05-21 00:37:39,2022-05-21 00:38:15
2022-05-21 12:34:23,2022-05-21 12:38:35,BP_VideoUnavailable/Indecipherable,annotator,Behavioral Parameters,2022-05-21 00:38:15,2022-05-21 00:42:27
2022-05-21 12:38:35,2022-05-21 12:44:28,Located_Indoors,annotator,Behavioral Parameters,2022-05-21 00:42:27,2022-05-21 00:48:20
2022-05-21 12:44:28,2022-05-21 12:44:50,Located_Indoors,annotator,Behavioral Parameters,2022-05-21 00:48:20,2022-05-21 00:48:42
2022-05-21 12:44:50,2022-05-21 12:45:36,BP_VideoUnavailable/Indecipherable,annotator,Behavioral Parameters,2022-05-21 00:48:42,2022-05-21 00:49:28
2022-05-21 12:45:36,2022-05-21 12:46:38,Located_Indoors,annotator,Behavioral Parameters,2022-05-21 00:49:28,2022-05-21 00:50:30
2022-05-21 12:46:38,2022-05-21 13:03:25,BP_VideoUnavailable/Indecipherable,annotator,Behavioral Parameters,2022-05-21 00:50:30,2022-05-21 01:07:17
2022-05-21 13:03:25,2022-05-21 13:03:38,Located_Indoors,annotator,Behavioral Parameters,2022-05-21 01:07:17,2022-05-21 01:07:30
2022-05-21 13:03:38,2022-05-21 13:05:12,Located_Indoors, Holding_Other_Object_Light, Texting/Browsing_Phone,annotator,Behavioral Parameters,2022-05-21 01:07:30,2022-05-21 01:09:04
2022-05-21 13:05:12,2022-05-21 13:05:37,Located_Indoors,annotator,Behavioral Parameters,2022-05-21 01:09:04,2022-05-21 01:09:29
2022-05-21 13:05:37,2022-05-21 13:05:54,Located_Indoors, Holding_Drink,annotator,Behavioral Parameters,2022-05-21 01:09:29,2022-05-21 01:09:46
2022-05-21 13:05:54,2022-05-21 13:06:14,Located_Indoors, Holding_Drink,annotator,Behavioral Parameters,2022-05-21 01:09:46,2022-05-21 01:10:06
2022-05-21 13:06:14,2022-05-21 13:06:54,Located_Indoors,annotator,Behavioral Parameters,2022-05-21 01:10:06,2022-05-21 01:10:46
2022-05-21 13:06:54,2022-05-21 13:08:17,Located_Indoors, Holding_Other_Object_Light, Texting/Browsing_Phone,annotator,Behavioral Parameters,2022-05-21 01:10:46,2022-05-21 01:12:09
2022-05-21 13:08:17,2022-05-21 13:09:23,Located_Indoors, Holding_Other_Object_Light,annotator,Behavioral Parameters,2022-05-21 01:12:09,2022-05-21 01:13:15
2022-05-21 13:09:23,2022-05-21 13:10:03,Located_Indoors, Holding_Other_Object_Light,annotator,Behavioral Parameters,2022-05-21 01:13:15,2022-05-21 01:13:55
2022-05-21 13:10:03,2022-05-21 13:10:45,BP_VideoUnavailable/Indecipherable,annotator,Behavioral Parameters,2022-05-21 01:13:55,2022-05-21 01:14:37
2022-05-21 13:10:45,2022-05-21 13:12:43,BP_VideoUnavailable/Indecipherable,annotator,Behavioral Parameters,2022-05-21 01:14:37,2022-05-21 01:16:35
2022-05-21 13:12:43,2022-05-21 13:13:07,Located_Indoors, Holding_Other_Object_Light, Texting/Browsing_Phone,annotator,Behavioral Parameters,2022-05-21 01:16:35,2022-05-21 01:16:59
2022-05-21 13:13:07,2022-05-21 13:15:17,Located_Indoors,annotator,Behavioral Parameters,2022-05-21 01:16:59,2022-05-21 01:19:09
2022-05-21 13:15:17,2022-05-21 13:16:26,Located_Indoors, Holding_Other_Object_Light,annotator,Behavioral Parameters,2022-05-21 01:19:09,2022-05-21 01:20:18
2022-05-21 13:16:26,2022-05-21 13:18:54,Located_Indoors,annotator,Behavioral Parameters,2022-05-21 01:20:18,2022-05-21 01:22:46
2022-05-21 13:18:54,2022-05-21 13:19:22,Located_Indoors,annotator,Behavioral Parameters,2022-05-21 01:22:46,2022-05-21 01:23:14
2022-05-21 13:19:22,2022-05-21 13:19:48,Located_Indoors,annotator,Behavioral Parameters,2022-05-21 01:23:14,2022-05-21 01:23:40
2022-05-21 13:19:48,2022-05-21 13:21:49,Located_Outdoors,annotator,Behavioral Parameters,2022-05-21 01:23:40,2022-05-21 01:25:41
2022-05-21 13:21:49,2022-05-21 13:21:58,Located_Outdoors,annotator,Behavioral Parameters,2022-05-21 01:25:41,2022-05-21 01:25:50
2022-05-21 13:21:58,2022-05-21 13:22:15,Located_Outdoors,annotator,Behavioral Parameters,2022-05-21 01:25:50,2022-05-21 01:26:07
2022-05-21 13:22:15,2022-05-21 13:22:44,Located_Outdoors, Holding_Other_Object_Light,annotator,Behavioral Parameters,2022-05-21 01:26:07,2022-05-21 01:26:36
2022-05-21 13:22:44,2022-05-21 13:23:04,Located_Outdoors,annotator,Behavioral Parameters,2022-05-21 01:26:36,2022-05-21 01:26:56
2022-05-21 13:23:04,2022-05-21 13:23:15,Located_Outdoors,annotator,Behavioral Parameters,2022-05-21 01:26:56,2022-05-21 01:27:07
2022-05-21 13:23:15,2022-05-21 13:23:40,Located_Outdoors,annotator,Behavioral Parameters,2022-05-21 01:27:07,2022-05-21 01:27:32
2022-05-21 13:23:40,2022-05-21 13:24:25,Located_Outdoors, Holding_Other_Object_Light, Texting/Browsing_Phone,annotator,Behavioral Parameters,2022-05-21 01:27:32,2022-05-21 01:28:17
2022-05-21 13:24:25,2022-05-21 13:24:39,Located_Outdoors,annotator,Behavioral Parameters,2022-05-21 01:28:17,2022-05-21 01:28:31
2022-05-21 13:24:39,2022-05-21 13:28:41,Located_Outdoors, Holding_Other_Object_Light, Texting/Browsing_Phone,annotator,Behavioral Parameters,2022-05-21 01:28:31,2022-05-21 01:32:33
2022-05-21 13:28:41,2022-05-21 13:34:10,Located_Outdoors,annotator,Behavioral Parameters,2022-05-21 01:32:33,2022-05-21 01:38:02
2022-05-21 13:34:10,2022-05-21 13:35:02,Located_Indoors,annotator,Behavioral Parameters,2022-05-21 01:38:02,2022-05-21 01:38:54
2022-05-21 13:35:02,2022-05-21 13:35:21,Located_Indoors,annotator,Behavioral Parameters,2022-05-21 01:38:54,2022-05-21 01:39:13
2022-05-21 13:35:21,2022-05-21 13:36:04,Located_Indoors,annotator,Behavioral Parameters,2022-05-21 01:39:13,2022-05-21 01:39:56
2022-05-21 13:36:04,2022-05-21 13:38:02,Located_Indoors,annotator,Behavioral Parameters,2022-05-21 01:39:56,2022-05-21 01:41:54
2022-05-21 13:38:02,2022-05-21 13:38:30,Located_Indoors,annotator,Behavioral Parameters,2022-05-21 01:41:54,2022-05-21 01:42:22
2022-05-21 13:38:30,2022-05-21 13:42:15,Located_Indoors,annotator,Behavioral Parameters,2022-05-21 01:42:22,2022-05-21 01:46:07
2022-05-21 13:42:15,2022-05-21 13:42:30,Located_Indoors,annotator,Behavioral Parameters,2022-05-21 01:46:07,2022-05-21 01:46:22
2022-05-21 13:42:30,2022-05-21 13:42:43,Located_Indoors,annotator,Behavioral Parameters,2022-05-21 01:46:22,2022-05-21 01:46:35
2022-05-21 13:42:43,2022-05-21 13:43:01,Located_Indoors,annotator,Behavioral Parameters,2022-05-21 01:46:35,2022-05-21 01:46:53
2022-05-21 13:43:01,2022-05-21 13:43:22,Located_Indoors,annotator,Behavioral Parameters,2022-05-21 01:46:53,2022-05-21 01:47:14
2022-05-21 13:43:22,2022-05-21 13:49:34,Located_Outdoors,annotator,Behavioral Parameters,2022-05-21 01:47:14,2022-05-21 01:53:26
2022-05-21 13:49:34,2022-05-21 13:50:48,Located_Indoors,annotator,Behavioral Parameters,2022-05-21 01:53:26,2022-05-21 01:54:40
2022-05-21 13:50:48,2022-05-21 13:53:31,Located_Indoors,annotator,Behavioral Parameters,2022-05-21 01:54:40,2022-05-21 01:57:23
2022-05-21 13:53:31,2022-05-21 13:54:17,Located_Indoors,annotator,Behavioral Parameters,2022-05-21 01:57:23,2022-05-21 01:58:09
2022-05-21 13:54:17,2022-05-21 14:13:36,Located_Indoors,annotator,Behavioral Parameters,2022-05-21 01:58:09,2022-05-21 02:17:28
2022-05-21 14:13:36,2022-05-21 14:14:33,Located_Indoors,annotator,Behavioral Parameters,2022-05-21 02:17:28,2022-05-21 02:18:25
2022-05-21 14:14:33,2022-05-21 14:22:51,Located_Indoors,annotator,Behavioral Parameters,2022-05-21 02:18:25,2022-05-21 02:26:43
2022-05-21 14:22:51,2022-05-21 14:28:26,Located_Indoors,annotator,Behavioral Parameters,2022-05-21 02:26:43,2022-05-21 02:32:18
2022-05-21 14:28:26,2022-05-21 14:31:54,Located_Indoors,annotator,Behavioral Parameters,2022-05-21 02:32:18,2022-05-21 02:35:46
2022-05-21 14:31:54,2022-05-21 14:32:43,Located_Indoors, Holding_Drink,annotator,Behavioral Parameters,2022-05-21 02:35:46,2022-05-21 02:36:35
2022-05-21 14:32:43,2022-05-21 14:33:39,Located_Indoors,annotator,Behavioral Parameters,2022-05-21 02:36:35,2022-05-21 02:37:31
2022-05-21 14:33:39,2022-05-21 14:39:34,Located_Indoors,annotator,Behavioral Parameters,2022-05-21 02:37:31,2022-05-21 02:43:26
2022-05-21 14:39:34,2022-05-21 14:42:22,Located_Indoors,annotator,Behavioral Parameters,2022-05-21 02:43:26,2022-05-21 02:46:14
2022-05-21 14:42:22,2022-05-21 14:42:44,Located_Indoors,annotator,Behavioral Parameters,2022-05-21 02:46:14,2022-05-21 02:46:36
2022-05-21 14:42:44,2022-05-21 14:45:36,Located_Indoors, Holding_Other_Object_Light,annotator,Behavioral Parameters,2022-05-21 02:46:36,2022-05-21 02:49:28
2022-05-21 14:45:36,2022-05-21 14:46:23,Located_Indoors,annotator,Behavioral Parameters,2022-05-21 02:49:28,2022-05-21 02:50:15
2022-05-21 14:46:23,2022-05-21 14:47:06,Located_Indoors,annotator,Behavioral Parameters,2022-05-21 02:50:15,2022-05-21 02:50:58
2022-05-21 14:47:06,2022-05-21 14:47:26,Located_Indoors,annotator,Behavioral Parameters,2022-05-21 02:50:58,2022-05-21 02:51:18
2022-05-21 14:47:26,2022-05-21 14:48:42,BP_VideoUnavailable/Indecipherable,annotator,Behavioral Parameters,2022-05-21 02:51:18,2022-05-21 02:52:34
2022-05-21 14:48:42,2022-05-21 14:48:58,Located_Indoors,annotator,Behavioral Parameters,2022-05-21 02:52:34,2022-05-21 02:52:50
2022-05-21 14:48:58,2022-05-21 14:49:22,Located_Indoors,annotator,Behavioral Parameters,2022-05-21 02:52:50,2022-05-21 02:53:14
2022-05-21 14:49:22,2022-05-21 14:55:23,Located_Outdoors,annotator,Behavioral Parameters,2022-05-21 02:53:14,2022-05-21 02:59:15
2022-05-21 14:55:23,2022-05-21 14:55:37,Located_Outdoors,annotator,Behavioral Parameters,2022-05-21 02:59:15,2022-05-21 02:59:29
2022-05-21 14:55:37,2022-05-21 14:55:54,Located_Indoors,annotator,Behavioral Parameters,2022-05-21 02:59:29,2022-05-21 02:59:46
2022-05-21 14:55:54,2022-05-21 14:56:06,Located_Indoors,annotator,Behavioral Parameters,2022-05-21 02:59:46,2022-05-21 02:59:58
2022-05-21 14:56:06,2022-05-21 14:56:22,Located_Indoors,annotator,Behavioral Parameters,2022-05-21 02:59:58,2022-05-21 03:00:14
2022-05-21 14:56:22,2022-05-21 14:59:12,Located_Indoors, Holding_Other_Object_Light, Texting/Browsing_Phone,annotator,Behavioral Parameters,2022-05-21 03:00:14,2022-05-21 03:03:04
2022-05-21 14:59:12,2022-05-21 15:04:26,Located_Indoors,annotator,Behavioral Parameters,2022-05-21 03:03:04,2022-05-21 03:08:18
2022-05-21 15:04:26,2022-05-21 15:05:19,Located_Indoors,annotator,Behavioral Parameters,2022-05-21 03:08:18,2022-05-21 03:09:11
2022-05-21 15:05:19,2022-05-21 15:05:31,Located_Indoors,annotator,Behavioral Parameters,2022-05-21 03:09:11,2022-05-21 03:09:23
2022-05-21 15:05:31,2022-05-21 15:05:57,Located_Indoors,annotator,Behavioral Parameters,2022-05-21 03:09:23,2022-05-21 03:09:49
2022-05-21 15:05:57,2022-05-21 15:11:28,Located_Indoors,annotator,Behavioral Parameters,2022-05-21 03:09:49,2022-05-21 03:15:20
2022-05-21 15:11:49,2022-05-21 15:25:28,Located_Indoors,annotator,Behavioral Parameters,2022-05-21 03:15:41,2022-05-21 03:29:20
2022-05-21 15:25:28,2022-05-21 15:25:36,Located_Indoors,annotator,Behavioral Parameters,2022-05-21 03:29:20,2022-05-21 03:29:28
2022-05-21 15:25:36,2022-05-21 15:26:06,Located_Indoors,annotator,Behavioral Parameters,2022-05-21 03:29:28,2022-05-21 03:29:58
2022-05-21 15:26:06,2022-05-21 15:26:32,Located_Indoors,annotator,Behavioral Parameters,2022-05-21 03:29:58,2022-05-21 03:30:24
2022-05-21 15:26:32,2022-05-21 15:26:43,Located_Indoors,annotator,Behavioral Parameters,2022-05-21 03:30:24,2022-05-21 03:30:35
2022-05-21 15:26:43,2022-05-21 15:26:48,Located_Indoors,annotator,Behavioral Parameters,2022-05-21 03:30:35,2022-05-21 03:30:40
2022-05-21 15:26:48,2022-05-21 15:28:54,Located_Outdoors,annotator,Behavioral Parameters,2022-05-21 03:30:40,2022-05-21 03:32:46
2022-05-21 15:28:54,2022-05-21 15:29:31,Located_Indoors,annotator,Behavioral Parameters,2022-05-21 03:32:46,2022-05-21 03:33:23
2022-05-21 15:29:31,2022-05-21 15:29:53,Located_Indoors,annotator,Behavioral Parameters,2022-05-21 03:33:23,2022-05-21 03:33:45
2022-05-21 15:29:53,2022-05-21 15:32:19,Located_Indoors,annotator,Behavioral Parameters,2022-05-21 03:33:45,2022-05-21 03:36:11
2022-05-21 15:32:19,2022-05-21 15:34:10,Located_Indoors, Holding_Other_Object_Light,annotator,Behavioral Parameters,2022-05-21 03:36:11,2022-05-21 03:38:02
2022-05-21 15:34:10,2022-05-21 15:35:42,Located_Indoors,annotator,Behavioral Parameters,2022-05-21 03:38:02,2022-05-21 03:39:34
2022-05-21 15:35:42,2022-05-21 15:36:20,Located_Indoors,annotator,Behavioral Parameters,2022-05-21 03:39:34,2022-05-21 03:40:12
2022-05-21 15:36:20,2022-05-21 15:36:49,Located_Indoors,annotator,Behavioral Parameters,2022-05-21 03:40:12,2022-05-21 03:40:41
2022-05-21 15:36:49,2022-05-21 15:41:36,Located_Indoors, Holding_Other_Object_Light, Texting/Browsing_Phone,annotator,Behavioral Parameters,2022-05-21 03:40:41,2022-05-21 03:45:28
2022-05-21 15:41:36,2022-05-21 15:42:08,BP_VideoUnavailable/Indecipherable,annotator,Behavioral Parameters,2022-05-21 03:45:28,2022-05-21 03:46:00
2022-05-21 15:42:08,2022-05-21 15:43:12,Located_Indoors, Holding_Other_Object_Light, Texting/Browsing_Phone,annotator,Behavioral Parameters,2022-05-21 03:46:00,2022-05-21 03:47:04
2022-05-21 15:43:12,2022-05-21 15:43:33,Located_Indoors, Holding_Other_Object_Light, Handwriting,annotator,Behavioral Parameters,2022-05-21 03:47:04,2022-05-21 03:47:25
2022-05-21 15:43:33,2022-05-21 15:44:11,Located_Indoors, Holding_Other_Object_Light, Texting/Browsing_Phone,annotator,Behavioral Parameters,2022-05-21 03:47:25,2022-05-21 03:48:03
2022-05-21 15:44:11,2022-05-21 16:06:34,BP_VideoUnavailable/Indecipherable,annotator,Behavioral Parameters,2022-05-21 03:48:03,2022-05-21 04:10:26
2022-05-21 16:06:34,2022-05-21 16:07:20,Located_Indoors, Holding_Other_Object_Light,annotator,Behavioral Parameters,2022-05-21 04:10:26,2022-05-21 04:11:12
2022-05-21 16:07:20,2022-05-21 16:08:39,Located_Indoors,annotator,Behavioral Parameters,2022-05-21 04:11:12,2022-05-21 04:12:31
2022-05-21 16:08:39,2022-05-21 16:09:00,Located_Indoors,annotator,Behavioral Parameters,2022-05-21 04:12:31,2022-05-21 04:12:52
2022-05-21 16:09:00,2022-05-21 16:09:57,Located_Indoors,annotator,Behavioral Parameters,2022-05-21 04:12:52,2022-05-21 04:13:49
2022-05-21 16:09:57,2022-05-21 16:10:22,Located_Indoors,annotator,Behavioral Parameters,2022-05-21 04:13:49,2022-05-21 04:14:14
2022-05-21 16:10:22,2022-05-21 16:11:09,Located_Indoors,annotator,Behavioral Parameters,2022-05-21 04:14:14,2022-05-21 04:15:01
2022-05-21 16:11:09,2022-05-21 16:11:37,Located_Indoors, Holding_Other_Object_Light, Handwriting,annotator,Behavioral Parameters,2022-05-21 04:15:01,2022-05-21 04:15:29
2022-05-21 16:11:37,2022-05-21 16:13:06,Located_Indoors,annotator,Behavioral Parameters,2022-05-21 04:15:29,2022-05-21 04:16:58
2022-05-21 16:13:06,2022-05-21 16:15:46,Located_Indoors,annotator,Behavioral Parameters,2022-05-21 04:16:58,2022-05-21 04:19:38
2022-05-21 16:15:46,2022-05-21 16:52:25,BP_VideoUnavailable/Indecipherable,annotator,Behavioral Parameters,2022-05-21 04:19:38,2022-05-21 04:56:17
2022-05-21 16:52:25,2022-05-21 16:54:47,Located_Indoors, Holding_Other_Object_Light, Handwriting, Texting/Browsing_Phone,annotator,Behavioral Parameters,2022-05-21 04:56:17,2022-05-21 04:58:39
2022-05-21 16:54:47,2022-05-21 17:00:39,Located_Indoors,annotator,Behavioral Parameters,2022-05-21 04:58:39,2022-05-21 05:04:31
2022-05-21 17:00:39,2022-05-21 17:11:19,Located_Indoors, Holding_Other_Object_Light, Handwriting, On_Video_Call/FaceTime,annotator,Behavioral Parameters,2022-05-21 05:04:31,2022-05-21 05:15:11
2022-05-21 17:11:19,2022-05-21 17:13:31,Located_Indoors, Holding_Book/Reader,annotator,Behavioral Parameters,2022-05-21 05:15:11,2022-05-21 05:17:23
2022-05-21 17:13:31,2022-05-21 17:13:43,Located_Indoors,annotator,Behavioral Parameters,2022-05-21 05:17:23,2022-05-21 05:17:35
2022-05-21 17:13:43,2022-05-21 17:45:18,Located_Indoors, Holding_Solid_Food,annotator,Behavioral Parameters,2022-05-21 05:17:35,2022-05-21 05:49:10
2022-05-21 17:45:18,2022-05-21 17:49:33,Located_Indoors, Holding_Other_Object_Light,annotator,Behavioral Parameters,2022-05-21 05:49:10,2022-05-21 05:53:25
