START_TIME,STOP_TIME,PREDICTION,SOURCE,LABELSET,VIDEO_START_TIME,VIDEO_END_TIME
2022-05-21 11:56:09,2022-05-21 12:04:08,Posture_Indecipherable/Video_Insufficient,annotator,POSTURE,2022-05-21 00:00:01,2022-05-21 00:08:00
2022-05-21 12:04:08,2022-05-21 12:07:45,In_Position_Upright,annotator,POSTURE,2022-05-21 00:08:00,2022-05-21 00:11:37
2022-05-21 12:07:45,2022-05-21 12:08:10,In_Position_Upright,annotator,POSTURE,2022-05-21 00:11:37,2022-05-21 00:12:02
2022-05-21 12:08:10,2022-05-21 12:08:39,Posture_Indecipherable/Video_Insufficient,annotator,POSTURE,2022-05-21 00:12:02,2022-05-21 00:12:31
2022-05-21 12:08:39,2022-05-21 12:09:26,Posture_Indecipherable/Video_Insufficient,annotator,POSTURE,2022-05-21 00:12:31,2022-05-21 00:13:18
2022-05-21 12:09:26,2022-05-21 12:16:52,Posture_Indecipherable/Video_Insufficient,annotator,POSTURE,2022-05-21 00:13:18,2022-05-21 00:20:44
2022-05-21 12:16:58,2022-05-21 12:17:49,In_Position_Upright,annotator,POSTURE,2022-05-21 00:20:50,2022-05-21 00:21:41
2022-05-21 12:17:49,2022-05-21 12:18:20,In_Position_Upright,annotator,POSTURE,2022-05-21 00:21:41,2022-05-21 00:22:12
2022-05-21 12:18:20,2022-05-21 12:18:51,In_Position_Upright,annotator,POSTURE,2022-05-21 00:22:12,2022-05-21 00:22:43
2022-05-21 12:18:51,2022-05-21 12:19:01,In_Position_Upright,annotator,POSTURE,2022-05-21 00:22:43,2022-05-21 00:22:53
2022-05-21 12:19:01,2022-05-21 12:33:47,Posture_Indecipherable/Video_Insufficient,annotator,POSTURE,2022-05-21 00:22:53,2022-05-21 00:37:39
2022-05-21 12:33:47,2022-05-21 12:34:23,In_Position_Sitting,annotator,POSTURE,2022-05-21 00:37:39,2022-05-21 00:38:15
2022-05-21 12:34:23,2022-05-21 12:38:35,Posture_Indecipherable/Video_Insufficient,annotator,POSTURE,2022-05-21 00:38:15,2022-05-21 00:42:27
2022-05-21 12:38:35,2022-05-21 12:44:28,In_Position_Sitting,annotator,POSTURE,2022-05-21 00:42:27,2022-05-21 00:48:20
2022-05-21 12:44:28,2022-05-21 12:44:50,In_Position_Upright,annotator,POSTURE,2022-05-21 00:48:20,2022-05-21 00:48:42
2022-05-21 12:44:50,2022-05-21 12:45:36,Posture_Indecipherable/Video_Insufficient,annotator,POSTURE,2022-05-21 00:48:42,2022-05-21 00:49:28
2022-05-21 12:45:36,2022-05-21 12:46:38,In_Position_Upright,annotator,POSTURE,2022-05-21 00:49:28,2022-05-21 00:50:30
2022-05-21 12:46:38,2022-05-21 13:03:25,Posture_Indecipherable/Video_Insufficient,annotator,POSTURE,2022-05-21 00:50:30,2022-05-21 01:07:17
2022-05-21 13:03:25,2022-05-21 13:03:38,In_Position_Upright,annotator,POSTURE,2022-05-21 01:07:17,2022-05-21 01:07:30
2022-05-21 13:03:38,2022-05-21 13:05:12,In_Position_Sitting,annotator,POSTURE,2022-05-21 01:07:30,2022-05-21 01:09:04
2022-05-21 13:05:12,2022-05-21 13:05:37,In_Position_Upright,annotator,POSTURE,2022-05-21 01:09:04,2022-05-21 01:09:29
2022-05-21 13:05:37,2022-05-21 13:05:54,In_Position_Upright,annotator,POSTURE,2022-05-21 01:09:29,2022-05-21 01:09:46
2022-05-21 13:05:54,2022-05-21 13:06:14,In_Position_Upright,annotator,POSTURE,2022-05-21 01:09:46,2022-05-21 01:10:06
2022-05-21 13:06:14,2022-05-21 13:06:54,In_Position_Upright,annotator,POSTURE,2022-05-21 01:10:06,2022-05-21 01:10:46
2022-05-21 13:06:54,2022-05-21 13:08:17,In_Position_Sitting,annotator,POSTURE,2022-05-21 01:10:46,2022-05-21 01:12:09
2022-05-21 13:08:17,2022-05-21 13:09:23,In_Position_Sitting,annotator,POSTURE,2022-05-21 01:12:09,2022-05-21 01:13:15
2022-05-21 13:09:23,2022-05-21 13:10:03,In_Position_Sitting,annotator,POSTURE,2022-05-21 01:13:15,2022-05-21 01:13:55
2022-05-21 13:10:03,2022-05-21 13:10:45,Posture_Indecipherable/Video_Insufficient,annotator,POSTURE,2022-05-21 01:13:55,2022-05-21 01:14:37
2022-05-21 13:10:45,2022-05-21 13:12:43,Posture_Indecipherable/Video_Insufficient,annotator,POSTURE,2022-05-21 01:14:37,2022-05-21 01:16:35
2022-05-21 13:12:43,2022-05-21 13:13:07,In_Position_Sitting,annotator,POSTURE,2022-05-21 01:16:35,2022-05-21 01:16:59
2022-05-21 13:13:07,2022-05-21 13:15:17,In_Position_Upright,annotator,POSTURE,2022-05-21 01:16:59,2022-05-21 01:19:09
2022-05-21 13:15:17,2022-05-21 13:16:26,In_Position_Upright,annotator,POSTURE,2022-05-21 01:19:09,2022-05-21 01:20:18
2022-05-21 13:16:26,2022-05-21 13:18:54,In_Position_Upright,annotator,POSTURE,2022-05-21 01:20:18,2022-05-21 01:22:46
2022-05-21 13:18:54,2022-05-21 13:19:22,In_Position_Upright,annotator,POSTURE,2022-05-21 01:22:46,2022-05-21 01:23:14
2022-05-21 13:19:22,2022-05-21 13:19:48,In_Position_Upright,annotator,POSTURE,2022-05-21 01:23:14,2022-05-21 01:23:40
2022-05-21 13:19:48,2022-05-21 13:21:49,In_Position_Upright,annotator,POSTURE,2022-05-21 01:23:40,2022-05-21 01:25:41
2022-05-21 13:21:49,2022-05-21 13:21:58,In_Position_Upright,annotator,POSTURE,2022-05-21 01:25:41,2022-05-21 01:25:50
2022-05-21 13:21:58,2022-05-21 13:22:15,In_Position_Upright,annotator,POSTURE,2022-05-21 01:25:50,2022-05-21 01:26:07
2022-05-21 13:22:15,2022-05-21 13:22:44,In_Position_Upright,annotator,POSTURE,2022-05-21 01:26:07,2022-05-21 01:26:36
2022-05-21 13:22:44,2022-05-21 13:23:04,In_Position_Upright,annotator,POSTURE,2022-05-21 01:26:36,2022-05-21 01:26:56
2022-05-21 13:23:04,2022-05-21 13:23:15,In_Position_Upright,annotator,POSTURE,2022-05-21 01:26:56,2022-05-21 01:27:07
2022-05-21 13:23:15,2022-05-21 13:23:40,In_Position_Upright,annotator,POSTURE,2022-05-21 01:27:07,2022-05-21 01:27:32
2022-05-21 13:23:40,2022-05-21 13:24:25,In_Position_Upright,annotator,POSTURE,2022-05-21 01:27:32,2022-05-21 01:28:17
2022-05-21 13:24:25,2022-05-21 13:24:39,In_Position_Upright,annotator,POSTURE,2022-05-21 01:28:17,2022-05-21 01:28:31
2022-05-21 13:24:39,2022-05-21 13:28:41,In_Position_Sitting,annotator,POSTURE,2022-05-21 01:28:31,2022-05-21 01:32:33
2022-05-21 13:28:41,2022-05-21 13:34:10,In_Position_Sitting,annotator,POSTURE,2022-05-21 01:32:33,2022-05-21 01:38:02
2022-05-21 13:34:10,2022-05-21 13:35:02,In_Position_Upright,annotator,POSTURE,2022-05-21 01:38:02,2022-05-21 01:38:54
2022-05-21 13:35:02,2022-05-21 13:35:21,In_Position_Upright,annotator,POSTURE,2022-05-21 01:38:54,2022-05-21 01:39:13
2022-05-21 13:35:21,2022-05-21 13:36:04,In_Position_Upright,annotator,POSTURE,2022-05-21 01:39:13,2022-05-21 01:39:56
2022-05-21 13:36:04,2022-05-21 13:38:02,In_Position_Upright,annotator,POSTURE,2022-05-21 01:39:56,2022-05-21 01:41:54
2022-05-21 13:38:02,2022-05-21 13:38:30,In_Position_Upright,annotator,POSTURE,2022-05-21 01:41:54,2022-05-21 01:42:22
2022-05-21 13:38:30,2022-05-21 13:42:15,In_Position_Upright,annotator,POSTURE,2022-05-21 01:42:22,2022-05-21 01:46:07
2022-05-21 13:42:15,2022-05-21 13:42:30,In_Position_Upright,annotator,POSTURE,2022-05-21 01:46:07,2022-05-21 01:46:22
2022-05-21 13:42:30,2022-05-21 13:42:43,In_Position_Upright,annotator,POSTURE,2022-05-21 01:46:22,2022-05-21 01:46:35
2022-05-21 13:42:43,2022-05-21 13:43:01,In_Position_Upright,annotator,POSTURE,2022-05-21 01:46:35,2022-05-21 01:46:53
2022-05-21 13:43:01,2022-05-21 13:43:22,In_Position_Upright,annotator,POSTURE,2022-05-21 01:46:53,2022-05-21 01:47:14
2022-05-21 13:43:22,2022-05-21 13:49:34,In_Position_Upright,annotator,POSTURE,2022-05-21 01:47:14,2022-05-21 01:53:26
2022-05-21 13:49:34,2022-05-21 13:50:48,In_Position_Upright,annotator,POSTURE,2022-05-21 01:53:26,2022-05-21 01:54:40
2022-05-21 13:50:48,2022-05-21 13:53:31,Posture_Indecipherable/Video_Insufficient,annotator,POSTURE,2022-05-21 01:54:40,2022-05-21 01:57:23
2022-05-21 13:53:31,2022-05-21 13:54:17,In_Position_Upright,annotator,POSTURE,2022-05-21 01:57:23,2022-05-21 01:58:09
2022-05-21 13:54:17,2022-05-21 14:13:36,In_Position_Upright,annotator,POSTURE,2022-05-21 01:58:09,2022-05-21 02:17:28
2022-05-21 14:13:36,2022-05-21 14:14:33,In_Position_Sitting,annotator,POSTURE,2022-05-21 02:17:28,2022-05-21 02:18:25
2022-05-21 14:14:33,2022-05-21 14:22:51,In_Position_Upright,annotator,POSTURE,2022-05-21 02:18:25,2022-05-21 02:26:43
2022-05-21 14:22:51,2022-05-21 14:28:26,In_Position_Sitting,annotator,POSTURE,2022-05-21 02:26:43,2022-05-21 02:32:18
2022-05-21 14:28:26,2022-05-21 14:31:54,In_Position_Upright,annotator,POSTURE,2022-05-21 02:32:18,2022-05-21 02:35:46
2022-05-21 14:31:54,2022-05-21 14:32:43,In_Position_Sitting,annotator,POSTURE,2022-05-21 02:35:46,2022-05-21 02:36:35
2022-05-21 14:32:43,2022-05-21 14:33:39,In_Position_Sitting,annotator,POSTURE,2022-05-21 02:36:35,2022-05-21 02:37:31
2022-05-21 14:33:39,2022-05-21 14:39:34,In_Position_Upright,annotator,POSTURE,2022-05-21 02:37:31,2022-05-21 02:43:26
2022-05-21 14:39:34,2022-05-21 14:42:22,In_Position_Sitting,annotator,POSTURE,2022-05-21 02:43:26,2022-05-21 02:46:14
2022-05-21 14:42:22,2022-05-21 14:42:44,In_Position_Upright,annotator,POSTURE,2022-05-21 02:46:14,2022-05-21 02:46:36
2022-05-21 14:42:44,2022-05-21 14:45:36,In_Position_Sitting,annotator,POSTURE,2022-05-21 02:46:36,2022-05-21 02:49:28
2022-05-21 14:45:36,2022-05-21 14:46:23,In_Position_Upright,annotator,POSTURE,2022-05-21 02:49:28,2022-05-21 02:50:15
2022-05-21 14:46:23,2022-05-21 14:47:06,In_Position_Upright,annotator,POSTURE,2022-05-21 02:50:15,2022-05-21 02:50:58
2022-05-21 14:47:06,2022-05-21 14:47:26,In_Position_Upright,annotator,POSTURE,2022-05-21 02:50:58,2022-05-21 02:51:18
2022-05-21 14:47:26,2022-05-21 14:48:42,Posture_Indecipherable/Video_Insufficient,annotator,POSTURE,2022-05-21 02:51:18,2022-05-21 02:52:34
2022-05-21 14:48:42,2022-05-21 14:48:58,In_Position_Upright,annotator,POSTURE,2022-05-21 02:52:34,2022-05-21 02:52:50
2022-05-21 14:48:58,2022-05-21 14:49:22,In_Position_Upright,annotator,POSTURE,2022-05-21 02:52:50,2022-05-21 02:53:14
2022-05-21 14:49:22,2022-05-21 14:55:23,In_Position_Upright,annotator,POSTURE,2022-05-21 02:53:14,2022-05-21 02:59:15
2022-05-21 14:55:23,2022-05-21 14:55:37,In_Position_Upright,annotator,POSTURE,2022-05-21 02:59:15,2022-05-21 02:59:29
2022-05-21 14:55:37,2022-05-21 14:55:54,In_Position_Upright,annotator,POSTURE,2022-05-21 02:59:29,2022-05-21 02:59:46
2022-05-21 14:55:54,2022-05-21 14:56:06,In_Position_Upright,annotator,POSTURE,2022-05-21 02:59:46,2022-05-21 02:59:58
2022-05-21 14:56:06,2022-05-21 14:56:22,In_Position_Upright,annotator,POSTURE,2022-05-21 02:59:58,2022-05-21 03:00:14
2022-05-21 14:56:22,2022-05-21 14:59:12,In_Position_Upright,annotator,POSTURE,2022-05-21 03:00:14,2022-05-21 03:03:04
2022-05-21 14:59:12,2022-05-21 15:04:26,In_Position_Upright,annotator,POSTURE,2022-05-21 03:03:04,2022-05-21 03:08:18
2022-05-21 15:04:26,2022-05-21 15:05:19,In_Position_Upright,annotator,POSTURE,2022-05-21 03:08:18,2022-05-21 03:09:11
2022-05-21 15:05:19,2022-05-21 15:05:31,In_Position_Upright,annotator,POSTURE,2022-05-21 03:09:11,2022-05-21 03:09:23
2022-05-21 15:05:31,2022-05-21 15:05:57,In_Position_Upright,annotator,POSTURE,2022-05-21 03:09:23,2022-05-21 03:09:49
2022-05-21 15:05:57,2022-05-21 15:11:28,In_Position_Upright,annotator,POSTURE,2022-05-21 03:09:49,2022-05-21 03:15:20
2022-05-21 15:11:49,2022-05-21 15:25:28,In_Position_Upright,annotator,POSTURE,2022-05-21 03:15:41,2022-05-21 03:29:20
2022-05-21 15:25:28,2022-05-21 15:25:36,In_Position_Upright,annotator,POSTURE,2022-05-21 03:29:20,2022-05-21 03:29:28
2022-05-21 15:25:36,2022-05-21 15:26:06,In_Position_Upright,annotator,POSTURE,2022-05-21 03:29:28,2022-05-21 03:29:58
2022-05-21 15:26:06,2022-05-21 15:26:32,In_Position_Upright,annotator,POSTURE,2022-05-21 03:29:58,2022-05-21 03:30:24
2022-05-21 15:26:32,2022-05-21 15:26:43,In_Position_Upright,annotator,POSTURE,2022-05-21 03:30:24,2022-05-21 03:30:35
2022-05-21 15:26:43,2022-05-21 15:26:48,In_Position_Upright,annotator,POSTURE,2022-05-21 03:30:35,2022-05-21 03:30:40
2022-05-21 15:26:48,2022-05-21 15:28:54,In_Position_Upright,annotator,POSTURE,2022-05-21 03:30:40,2022-05-21 03:32:46
2022-05-21 15:28:54,2022-05-21 15:29:31,In_Position_Upright,annotator,POSTURE,2022-05-21 03:32:46,2022-05-21 03:33:23
2022-05-21 15:29:31,2022-05-21 15:29:53,In_Position_Upright,annotator,POSTURE,2022-05-21 03:33:23,2022-05-21 03:33:45
2022-05-21 15:29:53,2022-05-21 15:32:19,In_Position_Upright,annotator,POSTURE,2022-05-21 03:33:45,2022-05-21 03:36:11
2022-05-21 15:32:19,2022-05-21 15:34:10,In_Position_Upright,annotator,POSTURE,2022-05-21 03:36:11,2022-05-21 03:38:02
2022-05-21 15:34:10,2022-05-21 15:35:42,In_Position_Upright,annotator,POSTURE,2022-05-21 03:38:02,2022-05-21 03:39:34
2022-05-21 15:35:42,2022-05-21 15:36:20,In_Position_Upright,annotator,POSTURE,2022-05-21 03:39:34,2022-05-21 03:40:12
2022-05-21 15:36:20,2022-05-21 15:36:49,In_Position_Upright,annotator,POSTURE,2022-05-21 03:40:12,2022-05-21 03:40:41
2022-05-21 15:36:49,2022-05-21 15:41:36,In_Position_Sitting,annotator,POSTURE,2022-05-21 03:40:41,2022-05-21 03:45:28
2022-05-21 15:41:36,2022-05-21 15:42:08,Posture_Indecipherable/Video_Insufficient,annotator,POSTURE,2022-05-21 03:45:28,2022-05-21 03:46:00
2022-05-21 15:42:08,2022-05-21 15:43:12,In_Position_Sitting,annotator,POSTURE,2022-05-21 03:46:00,2022-05-21 03:47:04
2022-05-21 15:43:12,2022-05-21 15:43:33,In_Position_Sitting,annotator,POSTURE,2022-05-21 03:47:04,2022-05-21 03:47:25
2022-05-21 15:43:33,2022-05-21 15:44:11,In_Position_Sitting,annotator,POSTURE,2022-05-21 03:47:25,2022-05-21 03:48:03
2022-05-21 15:44:11,2022-05-21 16:06:34,Posture_Indecipherable/Video_Insufficient,annotator,POSTURE,2022-05-21 03:48:03,2022-05-21 04:10:26
2022-05-21 16:06:34,2022-05-21 16:07:20,In_Position_Upright,annotator,POSTURE,2022-05-21 04:10:26,2022-05-21 04:11:12
2022-05-21 16:07:20,2022-05-21 16:08:39,In_Position_Upright,annotator,POSTURE,2022-05-21 04:11:12,2022-05-21 04:12:31
2022-05-21 16:08:39,2022-05-21 16:09:00,In_Position_Upright,annotator,POSTURE,2022-05-21 04:12:31,2022-05-21 04:12:52
2022-05-21 16:09:00,2022-05-21 16:09:57,In_Position_Upright,annotator,POSTURE,2022-05-21 04:12:52,2022-05-21 04:13:49
2022-05-21 16:09:57,2022-05-21 16:10:22,In_Position_Upright,annotator,POSTURE,2022-05-21 04:13:49,2022-05-21 04:14:14
2022-05-21 16:10:22,2022-05-21 16:11:09,In_Position_Upright,annotator,POSTURE,2022-05-21 04:14:14,2022-05-21 04:15:01
2022-05-21 16:11:09,2022-05-21 16:11:37,In_Position_Sitting,annotator,POSTURE,2022-05-21 04:15:01,2022-05-21 04:15:29
2022-05-21 16:11:37,2022-05-21 16:13:06,In_Position_Upright,annotator,POSTURE,2022-05-21 04:15:29,2022-05-21 04:16:58
2022-05-21 16:13:06,2022-05-21 16:15:46,In_Position_Sitting,annotator,POSTURE,2022-05-21 04:16:58,2022-05-21 04:19:38
2022-05-21 16:15:46,2022-05-21 16:52:25,Posture_Indecipherable/Video_Insufficient,annotator,POSTURE,2022-05-21 04:19:38,2022-05-21 04:56:17
2022-05-21 16:52:25,2022-05-21 16:54:47,In_Position_Sitting,annotator,POSTURE,2022-05-21 04:56:17,2022-05-21 04:58:39
2022-05-21 16:54:47,2022-05-21 17:00:39,In_Position_Sitting,annotator,POSTURE,2022-05-21 04:58:39,2022-05-21 05:04:31
2022-05-21 17:00:39,2022-05-21 17:11:19,In_Position_Sitting,annotator,POSTURE,2022-05-21 05:04:31,2022-05-21 05:15:11
2022-05-21 17:11:19,2022-05-21 17:13:31,In_Position_Sitting,annotator,POSTURE,2022-05-21 05:15:11,2022-05-21 05:17:23
2022-05-21 17:13:31,2022-05-21 17:13:43,In_Position_Sitting,annotator,POSTURE,2022-05-21 05:17:23,2022-05-21 05:17:35
2022-05-21 17:13:43,2022-05-21 17:45:18,In_Position_Upright,annotator,POSTURE,2022-05-21 05:17:35,2022-05-21 05:49:10
2022-05-21 17:45:18,2022-05-21 17:49:33,In_Position_Upright,annotator,POSTURE,2022-05-21 05:49:10,2022-05-21 05:53:25
