START_TIME,STOP_TIME,PREDICTION,SOURCE,LABELSET,VIDEO_START_TIME,VIDEO_END_TIME
2022-05-20 08:42:55,2022-05-20 08:43:20,Free_Living,annotator,Experimental situation,2022-05-20 00:00:00,2022-05-20 00:00:25
2022-05-20 08:43:20,2022-05-20 08:43:42,Free_Living,annotator,Experimental situation,2022-05-20 00:00:25,2022-05-20 00:00:47
2022-05-20 08:43:42,2022-05-20 08:44:14,Free_Living,annotator,Experimental situation,2022-05-20 00:00:47,2022-05-20 00:01:19
2022-05-20 08:44:14,2022-05-20 08:46:35,Free_Living,annotator,Experimental situation,2022-05-20 00:01:19,2022-05-20 00:03:40
2022-05-20 08:46:35,2022-05-20 08:46:39,Free_Living,annotator,Experimental situation,2022-05-20 00:03:40,2022-05-20 00:03:44
2022-05-20 08:46:39,2022-05-20 08:55:48,Free_Living,annotator,Experimental situation,2022-05-20 00:03:44,2022-05-20 00:12:53
2022-05-20 08:55:48,2022-05-20 09:16:30,Free_Living,annotator,Experimental situation,2022-05-20 00:12:53,2022-05-20 00:33:35
2022-05-20 09:16:30,2022-05-20 09:18:18,Free_Living,annotator,Experimental situation,2022-05-20 00:33:35,2022-05-20 00:35:23
2022-05-20 09:18:18,2022-05-20 09:19:12,Free_Living,annotator,Experimental situation,2022-05-20 00:35:23,2022-05-20 00:36:17
2022-05-20 09:19:12,2022-05-20 09:19:17,Free_Living,annotator,Experimental situation,2022-05-20 00:36:17,2022-05-20 00:36:22
2022-05-20 09:19:17,2022-05-20 09:20:09,Free_Living,annotator,Experimental situation,2022-05-20 00:36:22,2022-05-20 00:37:14
2022-05-20 09:20:09,2022-05-20 09:20:32,Free_Living,annotator,Experimental situation,2022-05-20 00:37:14,2022-05-20 00:37:37
2022-05-20 09:20:32,2022-05-20 09:20:51,Free_Living,annotator,Experimental situation,2022-05-20 00:37:37,2022-05-20 00:37:56
2022-05-20 09:20:51,2022-05-20 09:21:03,Free_Living,annotator,Experimental situation,2022-05-20 00:37:56,2022-05-20 00:38:08
2022-05-20 09:21:03,2022-05-20 09:21:16,Free_Living,annotator,Experimental situation,2022-05-20 00:38:08,2022-05-20 00:38:21
2022-05-20 09:21:16,2022-05-20 09:21:51,Free_Living,annotator,Experimental situation,2022-05-20 00:38:21,2022-05-20 00:38:56
2022-05-20 09:21:51,2022-05-20 09:24:51,Free_Living,annotator,Experimental situation,2022-05-20 00:38:56,2022-05-20 00:41:56
2022-05-20 09:24:51,2022-05-20 09:25:02,Free_Living,annotator,Experimental situation,2022-05-20 00:41:56,2022-05-20 00:42:07
2022-05-20 09:25:02,2022-05-20 09:25:19,Free_Living,annotator,Experimental situation,2022-05-20 00:42:07,2022-05-20 00:42:24
2022-05-20 09:25:19,2022-05-20 09:25:44,Free_Living,annotator,Experimental situation,2022-05-20 00:42:24,2022-05-20 00:42:49
2022-05-20 09:25:44,2022-05-20 09:26:00,Free_Living,annotator,Experimental situation,2022-05-20 00:42:49,2022-05-20 00:43:05
2022-05-20 09:26:00,2022-05-20 09:26:44,Free_Living,annotator,Experimental situation,2022-05-20 00:43:05,2022-05-20 00:43:49
2022-05-20 09:26:44,2022-05-20 09:28:41,Free_Living,annotator,Experimental situation,2022-05-20 00:43:49,2022-05-20 00:45:46
2022-05-20 09:28:41,2022-05-20 09:28:49,Free_Living,annotator,Experimental situation,2022-05-20 00:45:46,2022-05-20 00:45:54
2022-05-20 09:28:49,2022-05-20 09:28:56,Free_Living,annotator,Experimental situation,2022-05-20 00:45:54,2022-05-20 00:46:01
2022-05-20 09:28:56,2022-05-20 09:30:23,Free_Living,annotator,Experimental situation,2022-05-20 00:46:01,2022-05-20 00:47:28
2022-05-20 09:30:23,2022-05-20 09:31:21,Free_Living,annotator,Experimental situation,2022-05-20 00:47:28,2022-05-20 00:48:26
2022-05-20 09:31:21,2022-05-20 09:32:42,Free_Living,annotator,Experimental situation,2022-05-20 00:48:26,2022-05-20 00:49:47
2022-05-20 09:32:42,2022-05-20 09:33:28,Free_Living,annotator,Experimental situation,2022-05-20 00:49:47,2022-05-20 00:50:33
2022-05-20 09:33:28,2022-05-20 09:33:45,Free_Living,annotator,Experimental situation,2022-05-20 00:50:33,2022-05-20 00:50:50
2022-05-20 09:33:45,2022-05-20 09:37:20,Free_Living,annotator,Experimental situation,2022-05-20 00:50:50,2022-05-20 00:54:25
2022-05-20 09:37:20,2022-05-20 09:37:58,Free_Living,annotator,Experimental situation,2022-05-20 00:54:25,2022-05-20 00:55:03
2022-05-20 09:37:58,2022-05-20 09:38:18,Free_Living,annotator,Experimental situation,2022-05-20 00:55:03,2022-05-20 00:55:23
2022-05-20 09:38:18,2022-05-20 09:39:17,Free_Living,annotator,Experimental situation,2022-05-20 00:55:23,2022-05-20 00:56:22
2022-05-20 09:39:17,2022-05-20 09:39:28,Free_Living,annotator,Experimental situation,2022-05-20 00:56:22,2022-05-20 00:56:33
2022-05-20 09:39:28,2022-05-20 09:39:49,Free_Living,annotator,Experimental situation,2022-05-20 00:56:33,2022-05-20 00:56:54
2022-05-20 09:39:49,2022-05-20 09:40:01,Free_Living,annotator,Experimental situation,2022-05-20 00:56:54,2022-05-20 00:57:06
2022-05-20 09:40:01,2022-05-20 09:40:17,Free_Living,annotator,Experimental situation,2022-05-20 00:57:06,2022-05-20 00:57:22
2022-05-20 09:40:17,2022-05-20 09:41:41,Free_Living,annotator,Experimental situation,2022-05-20 00:57:22,2022-05-20 00:58:46
2022-05-20 09:41:41,2022-05-20 09:42:01,Free_Living,annotator,Experimental situation,2022-05-20 00:58:46,2022-05-20 00:59:06
2022-05-20 09:42:01,2022-05-20 09:51:38,Free_Living,annotator,Experimental situation,2022-05-20 00:59:06,2022-05-20 01:08:43
2022-05-20 09:51:38,2022-05-20 09:52:06,Free_Living,annotator,Experimental situation,2022-05-20 01:08:43,2022-05-20 01:09:11
2022-05-20 09:52:06,2022-05-20 09:53:45,Free_Living,annotator,Experimental situation,2022-05-20 01:09:11,2022-05-20 01:10:50
2022-05-20 09:53:45,2022-05-20 09:54:45,Free_Living,annotator,Experimental situation,2022-05-20 01:10:50,2022-05-20 01:11:50
2022-05-20 09:54:45,2022-05-20 09:55:08,Free_Living,annotator,Experimental situation,2022-05-20 01:11:50,2022-05-20 01:12:13
2022-05-20 09:55:08,2022-05-20 09:55:22,Free_Living,annotator,Experimental situation,2022-05-20 01:12:13,2022-05-20 01:12:27
2022-05-20 09:55:22,2022-05-20 09:55:36,Free_Living,annotator,Experimental situation,2022-05-20 01:12:27,2022-05-20 01:12:41
2022-05-20 09:55:36,2022-05-20 09:57:23,Free_Living,annotator,Experimental situation,2022-05-20 01:12:41,2022-05-20 01:14:28
2022-05-20 09:57:23,2022-05-20 09:57:39,Free_Living,annotator,Experimental situation,2022-05-20 01:14:28,2022-05-20 01:14:44
2022-05-20 09:57:39,2022-05-20 09:58:07,Free_Living,annotator,Experimental situation,2022-05-20 01:14:44,2022-05-20 01:15:12
2022-05-20 09:58:07,2022-05-20 09:58:20,Free_Living,annotator,Experimental situation,2022-05-20 01:15:12,2022-05-20 01:15:25
2022-05-20 09:58:20,2022-05-20 10:00:03,Free_Living,annotator,Experimental situation,2022-05-20 01:15:25,2022-05-20 01:17:08
2022-05-20 10:00:03,2022-05-20 10:00:23,Free_Living,annotator,Experimental situation,2022-05-20 01:17:08,2022-05-20 01:17:28
2022-05-20 10:00:23,2022-05-20 10:02:22,Free_Living,annotator,Experimental situation,2022-05-20 01:17:28,2022-05-20 01:19:27
2022-05-20 10:02:22,2022-05-20 10:08:35,Free_Living,annotator,Experimental situation,2022-05-20 01:19:27,2022-05-20 01:25:40
2022-05-20 10:08:35,2022-05-20 10:09:02,Free_Living,annotator,Experimental situation,2022-05-20 01:25:40,2022-05-20 01:26:07
2022-05-20 10:09:02,2022-05-20 10:09:11,Free_Living,annotator,Experimental situation,2022-05-20 01:26:07,2022-05-20 01:26:16
2022-05-20 10:09:11,2022-05-20 10:09:30,Free_Living,annotator,Experimental situation,2022-05-20 01:26:16,2022-05-20 01:26:35
2022-05-20 10:09:30,2022-05-20 10:10:06,Free_Living,annotator,Experimental situation,2022-05-20 01:26:35,2022-05-20 01:27:11
2022-05-20 10:10:06,2022-05-20 10:12:04,Free_Living,annotator,Experimental situation,2022-05-20 01:27:11,2022-05-20 01:29:09
2022-05-20 10:12:04,2022-05-20 10:12:20,Free_Living,annotator,Experimental situation,2022-05-20 01:29:09,2022-05-20 01:29:25
2022-05-20 10:12:20,2022-05-20 10:13:14,Free_Living,annotator,Experimental situation,2022-05-20 01:29:25,2022-05-20 01:30:19
2022-05-20 10:13:14,2022-05-20 10:32:09,Free_Living,annotator,Experimental situation,2022-05-20 01:30:19,2022-05-20 01:49:14
2022-05-20 10:32:09,2022-05-20 10:39:55,Free_Living,annotator,Experimental situation,2022-05-20 01:49:14,2022-05-20 01:57:00
2022-05-20 10:39:55,2022-05-20 10:41:24,Free_Living,annotator,Experimental situation,2022-05-20 01:57:00,2022-05-20 01:58:29
2022-05-20 10:41:24,2022-05-20 10:42:46,Free_Living,annotator,Experimental situation,2022-05-20 01:58:29,2022-05-20 01:59:51
2022-05-20 10:42:46,2022-05-20 10:43:54,Free_Living,annotator,Experimental situation,2022-05-20 01:59:51,2022-05-20 02:00:59
2022-05-20 10:43:54,2022-05-20 10:57:24,Free_Living,annotator,Experimental situation,2022-05-20 02:00:59,2022-05-20 02:14:29
2022-05-20 10:57:24,2022-05-20 11:20:19,Free_Living,annotator,Experimental situation,2022-05-20 02:14:29,2022-05-20 02:37:24
2022-05-20 11:20:19,2022-05-20 11:34:08,Free_Living,annotator,Experimental situation,2022-05-20 02:37:24,2022-05-20 02:51:13
2022-05-20 11:34:08,2022-05-20 11:34:29,Free_Living,annotator,Experimental situation,2022-05-20 02:51:13,2022-05-20 02:51:34
2022-05-20 11:34:29,2022-05-20 11:35:17,Free_Living,annotator,Experimental situation,2022-05-20 02:51:34,2022-05-20 02:52:22
2022-05-20 11:35:17,2022-05-20 11:35:25,Free_Living,annotator,Experimental situation,2022-05-20 02:52:22,2022-05-20 02:52:30
2022-05-20 11:35:25,2022-05-20 11:35:45,Free_Living,annotator,Experimental situation,2022-05-20 02:52:30,2022-05-20 02:52:50
2022-05-20 11:35:45,2022-05-20 11:36:08,Free_Living,annotator,Experimental situation,2022-05-20 02:52:50,2022-05-20 02:53:13
2022-05-20 11:36:08,2022-05-20 11:36:45,Free_Living,annotator,Experimental situation,2022-05-20 02:53:13,2022-05-20 02:53:50
2022-05-20 11:36:45,2022-05-20 11:37:05,Free_Living,annotator,Experimental situation,2022-05-20 02:53:50,2022-05-20 02:54:10
2022-05-20 11:37:05,2022-05-20 11:37:49,Free_Living,annotator,Experimental situation,2022-05-20 02:54:10,2022-05-20 02:54:54
2022-05-20 11:37:49,2022-05-20 11:38:34,Free_Living,annotator,Experimental situation,2022-05-20 02:54:54,2022-05-20 02:55:39
2022-05-20 11:38:34,2022-05-20 11:39:23,Free_Living,annotator,Experimental situation,2022-05-20 02:55:39,2022-05-20 02:56:28
2022-05-20 11:39:23,2022-05-20 11:47:57,Free_Living,annotator,Experimental situation,2022-05-20 02:56:28,2022-05-20 03:05:02
2022-05-20 11:47:57,2022-05-20 12:16:18,Free_Living,annotator,Experimental situation,2022-05-20 03:05:02,2022-05-20 03:33:23
2022-05-20 12:16:18,2022-05-20 12:16:42,Free_Living,annotator,Experimental situation,2022-05-20 03:33:23,2022-05-20 03:33:47
2022-05-20 12:16:42,2022-05-20 12:17:19,Free_Living,annotator,Experimental situation,2022-05-20 03:33:47,2022-05-20 03:34:24
2022-05-20 12:17:19,2022-05-20 12:21:02,Free_Living,annotator,Experimental situation,2022-05-20 03:34:24,2022-05-20 03:38:07
2022-05-20 12:21:02,2022-05-20 12:48:40,Free_Living,annotator,Experimental situation,2022-05-20 03:38:07,2022-05-20 04:05:45
2022-05-20 12:48:40,2022-05-20 12:49:34,Free_Living,annotator,Experimental situation,2022-05-20 04:05:45,2022-05-20 04:06:39
2022-05-20 12:49:34,2022-05-20 12:51:10,Free_Living,annotator,Experimental situation,2022-05-20 04:06:39,2022-05-20 04:08:15
2022-05-20 12:51:10,2022-05-20 12:51:30,Free_Living,annotator,Experimental situation,2022-05-20 04:08:15,2022-05-20 04:08:35
2022-05-20 12:51:30,2022-05-20 12:51:46,Free_Living,annotator,Experimental situation,2022-05-20 04:08:35,2022-05-20 04:08:51
2022-05-20 12:51:46,2022-05-20 12:52:06,Free_Living,annotator,Experimental situation,2022-05-20 04:08:51,2022-05-20 04:09:11
2022-05-20 12:52:06,2022-05-20 12:52:38,Free_Living,annotator,Experimental situation,2022-05-20 04:09:11,2022-05-20 04:09:43
2022-05-20 12:52:38,2022-05-20 13:01:44,Free_Living,annotator,Experimental situation,2022-05-20 04:09:43,2022-05-20 04:18:49
2022-05-20 13:01:44,2022-05-20 13:05:40,Free_Living,annotator,Experimental situation,2022-05-20 04:18:49,2022-05-20 04:22:45
2022-05-20 13:05:40,2022-05-20 13:09:39,Free_Living,annotator,Experimental situation,2022-05-20 04:22:45,2022-05-20 04:26:44
2022-05-20 13:09:39,2022-05-20 13:10:04,Free_Living,annotator,Experimental situation,2022-05-20 04:26:44,2022-05-20 04:27:09
2022-05-20 13:10:04,2022-05-20 13:10:40,Free_Living,annotator,Experimental situation,2022-05-20 04:27:09,2022-05-20 04:27:45
2022-05-20 13:10:40,2022-05-20 13:11:31,Free_Living,annotator,Experimental situation,2022-05-20 04:27:45,2022-05-20 04:28:36
2022-05-20 13:11:31,2022-05-20 13:13:48,Free_Living,annotator,Experimental situation,2022-05-20 04:28:36,2022-05-20 04:30:53
2022-05-20 13:13:48,2022-05-20 13:14:29,Free_Living,annotator,Experimental situation,2022-05-20 04:30:53,2022-05-20 04:31:34
2022-05-20 13:14:29,2022-05-20 13:19:38,Free_Living,annotator,Experimental situation,2022-05-20 04:31:34,2022-05-20 04:36:43
2022-05-20 13:19:38,2022-05-20 13:44:26,Free_Living,annotator,Experimental situation,2022-05-20 04:36:43,2022-05-20 05:01:31
2022-05-20 13:44:29,2022-05-20 13:51:38,Free_Living,annotator,Experimental situation,2022-05-20 05:01:34,2022-05-20 05:08:43
2022-05-20 13:51:38,2022-05-20 13:52:25,Free_Living,annotator,Experimental situation,2022-05-20 05:08:43,2022-05-20 05:09:30
2022-05-20 13:52:25,2022-05-20 13:52:35,Free_Living,annotator,Experimental situation,2022-05-20 05:09:30,2022-05-20 05:09:40
2022-05-20 13:52:35,2022-05-20 13:58:26,Free_Living,annotator,Experimental situation,2022-05-20 05:09:40,2022-05-20 05:15:31
2022-05-20 13:58:26,2022-05-20 13:59:12,Free_Living,annotator,Experimental situation,2022-05-20 05:15:31,2022-05-20 05:16:17
2022-05-20 13:59:12,2022-05-20 14:00:12,Free_Living,annotator,Experimental situation,2022-05-20 05:16:17,2022-05-20 05:17:17
2022-05-20 14:00:12,2022-05-20 14:00:38,Free_Living,annotator,Experimental situation,2022-05-20 05:17:17,2022-05-20 05:17:43
2022-05-20 14:00:38,2022-05-20 14:01:02,Free_Living,annotator,Experimental situation,2022-05-20 05:17:43,2022-05-20 05:18:07
2022-05-20 14:01:02,2022-05-20 14:01:47,Free_Living,annotator,Experimental situation,2022-05-20 05:18:07,2022-05-20 05:18:52
2022-05-20 14:01:47,2022-05-20 14:02:15,Free_Living,annotator,Experimental situation,2022-05-20 05:18:52,2022-05-20 05:19:20
2022-05-20 14:02:15,2022-05-20 14:02:27,Free_Living,annotator,Experimental situation,2022-05-20 05:19:20,2022-05-20 05:19:32
2022-05-20 14:02:27,2022-05-20 14:02:42,Free_Living,annotator,Experimental situation,2022-05-20 05:19:32,2022-05-20 05:19:47
2022-05-20 14:02:42,2022-05-20 14:03:26,Free_Living,annotator,Experimental situation,2022-05-20 05:19:47,2022-05-20 05:20:31
2022-05-20 14:03:26,2022-05-20 14:03:57,Free_Living,annotator,Experimental situation,2022-05-20 05:20:31,2022-05-20 05:21:02
2022-05-20 14:03:57,2022-05-20 14:04:19,Free_Living,annotator,Experimental situation,2022-05-20 05:21:02,2022-05-20 05:21:24
2022-05-20 14:04:19,2022-05-20 14:17:19,Free_Living,annotator,Experimental situation,2022-05-20 05:21:24,2022-05-20 05:34:24
2022-05-20 14:17:19,2022-05-20 14:17:46,Free_Living,annotator,Experimental situation,2022-05-20 05:34:24,2022-05-20 05:34:51
2022-05-20 14:17:46,2022-05-20 14:18:22,Free_Living,annotator,Experimental situation,2022-05-20 05:34:51,2022-05-20 05:35:27
2022-05-20 14:18:22,2022-05-20 14:18:39,Free_Living,annotator,Experimental situation,2022-05-20 05:35:27,2022-05-20 05:35:44
2022-05-20 14:18:39,2022-05-20 14:18:53,Free_Living,annotator,Experimental situation,2022-05-20 05:35:44,2022-05-20 05:35:58
2022-05-20 14:18:53,2022-05-20 14:20:11,Free_Living,annotator,Experimental situation,2022-05-20 05:35:58,2022-05-20 05:37:16
2022-05-20 14:20:11,2022-05-20 14:20:41,Free_Living,annotator,Experimental situation,2022-05-20 05:37:16,2022-05-20 05:37:46
2022-05-20 14:20:41,2022-05-20 14:21:06,Free_Living,annotator,Experimental situation,2022-05-20 05:37:46,2022-05-20 05:38:11
2022-05-20 14:21:06,2022-05-20 14:22:13,Free_Living,annotator,Experimental situation,2022-05-20 05:38:11,2022-05-20 05:39:18
2022-05-20 14:22:13,2022-05-20 14:22:23,Free_Living,annotator,Experimental situation,2022-05-20 05:39:18,2022-05-20 05:39:28
2022-05-20 14:22:23,2022-05-20 14:22:34,Free_Living,annotator,Experimental situation,2022-05-20 05:39:28,2022-05-20 05:39:39
2022-05-20 14:22:34,2022-05-20 14:22:40,Free_Living,annotator,Experimental situation,2022-05-20 05:39:39,2022-05-20 05:39:45
2022-05-20 14:22:40,2022-05-20 14:23:02,Free_Living,annotator,Experimental situation,2022-05-20 05:39:45,2022-05-20 05:40:07
2022-05-20 14:23:02,2022-05-20 14:29:31,Free_Living,annotator,Experimental situation,2022-05-20 05:40:07,2022-05-20 05:46:36
2022-05-20 14:29:31,2022-05-20 14:30:23,Free_Living,annotator,Experimental situation,2022-05-20 05:46:36,2022-05-20 05:47:28
2022-05-20 14:30:23,2022-05-20 14:31:53,Free_Living,annotator,Experimental situation,2022-05-20 05:47:28,2022-05-20 05:48:58
2022-05-20 14:31:53,2022-05-20 14:32:07,Free_Living,annotator,Experimental situation,2022-05-20 05:48:58,2022-05-20 05:49:12
2022-05-20 14:32:07,2022-05-20 14:32:33,Free_Living,annotator,Experimental situation,2022-05-20 05:49:12,2022-05-20 05:49:38
2022-05-20 14:32:33,2022-05-20 14:32:49,Free_Living,annotator,Experimental situation,2022-05-20 05:49:38,2022-05-20 05:49:54
2022-05-20 14:32:49,2022-05-20 14:32:58,Free_Living,annotator,Experimental situation,2022-05-20 05:49:54,2022-05-20 05:50:03
2022-05-20 14:32:58,2022-05-20 14:33:06,Free_Living,annotator,Experimental situation,2022-05-20 05:50:03,2022-05-20 05:50:11
2022-05-20 14:33:06,2022-05-20 14:33:21,Free_Living,annotator,Experimental situation,2022-05-20 05:50:11,2022-05-20 05:50:26
2022-05-20 14:33:21,2022-05-20 14:33:38,Free_Living,annotator,Experimental situation,2022-05-20 05:50:26,2022-05-20 05:50:43
2022-05-20 14:33:38,2022-05-20 14:33:48,Free_Living,annotator,Experimental situation,2022-05-20 05:50:43,2022-05-20 05:50:53
2022-05-20 14:33:48,2022-05-20 14:34:00,Free_Living,annotator,Experimental situation,2022-05-20 05:50:53,2022-05-20 05:51:05
2022-05-20 14:34:00,2022-05-20 14:34:17,Free_Living,annotator,Experimental situation,2022-05-20 05:51:05,2022-05-20 05:51:22
2022-05-20 14:34:17,2022-05-20 14:34:35,Free_Living,annotator,Experimental situation,2022-05-20 05:51:22,2022-05-20 05:51:40
2022-05-20 14:34:35,2022-05-20 14:34:54,Free_Living,annotator,Experimental situation,2022-05-20 05:51:40,2022-05-20 05:51:59
2022-05-20 14:36:41,2022-05-20 14:36:49,Free_Living,annotator,Experimental situation,2022-05-20 05:53:46,2022-05-20 05:53:54
2022-05-20 14:36:49,2022-05-20 14:37:36,Free_Living,annotator,Experimental situation,2022-05-20 05:53:54,2022-05-20 05:54:41
2022-05-20 14:37:36,2022-05-20 14:37:51,Free_Living,annotator,Experimental situation,2022-05-20 05:54:41,2022-05-20 05:54:56
2022-05-20 14:37:51,2022-05-20 14:38:13,Free_Living,annotator,Experimental situation,2022-05-20 05:54:56,2022-05-20 05:55:18
2022-05-20 14:38:13,2022-05-20 14:38:57,Free_Living,annotator,Experimental situation,2022-05-20 05:55:18,2022-05-20 05:56:02
2022-05-20 14:38:57,2022-05-20 14:39:33,Free_Living,annotator,Experimental situation,2022-05-20 05:56:02,2022-05-20 05:56:38
2022-05-20 14:39:33,2022-05-20 14:40:32,Free_Living,annotator,Experimental situation,2022-05-20 05:56:38,2022-05-20 05:57:37
2022-05-20 14:40:32,2022-05-20 14:41:00,Free_Living,annotator,Experimental situation,2022-05-20 05:57:37,2022-05-20 05:58:05
2022-05-20 14:41:00,2022-05-20 14:41:38,Free_Living,annotator,Experimental situation,2022-05-20 05:58:05,2022-05-20 05:58:43
2022-05-20 14:41:38,2022-05-20 14:42:02,Free_Living,annotator,Experimental situation,2022-05-20 05:58:43,2022-05-20 05:59:07
2022-05-20 14:42:02,2022-05-20 14:42:25,Free_Living,annotator,Experimental situation,2022-05-20 05:59:07,2022-05-20 05:59:30
2022-05-20 14:42:25,2022-05-20 14:44:43,Free_Living,annotator,Experimental situation,2022-05-20 05:59:30,2022-05-20 06:01:48
2022-05-20 14:44:43,2022-05-20 14:50:10,Free_Living,annotator,Experimental situation,2022-05-20 06:01:48,2022-05-20 06:07:15
2022-05-20 14:50:10,2022-05-20 14:50:55,Free_Living,annotator,Experimental situation,2022-05-20 06:07:15,2022-05-20 06:08:00
2022-05-20 14:50:55,2022-05-20 15:00:03,Free_Living,annotator,Experimental situation,2022-05-20 06:08:00,2022-05-20 06:17:08
2022-05-20 15:00:03,2022-05-20 15:00:16,Free_Living,annotator,Experimental situation,2022-05-20 06:17:08,2022-05-20 06:17:21
2022-05-20 15:00:16,2022-05-20 15:00:41,Free_Living,annotator,Experimental situation,2022-05-20 06:17:21,2022-05-20 06:17:46
2022-05-20 15:00:41,2022-05-20 15:02:13,Free_Living,annotator,Experimental situation,2022-05-20 06:17:46,2022-05-20 06:19:18
2022-05-20 15:02:13,2022-05-20 15:02:45,Free_Living,annotator,Experimental situation,2022-05-20 06:19:18,2022-05-20 06:19:50
2022-05-20 15:02:45,2022-05-20 15:04:14,Free_Living,annotator,Experimental situation,2022-05-20 06:19:50,2022-05-20 06:21:19
2022-05-20 15:04:14,2022-05-20 15:04:24,Free_Living,annotator,Experimental situation,2022-05-20 06:21:19,2022-05-20 06:21:29
2022-05-20 15:04:24,2022-05-20 15:15:35,Free_Living,annotator,Experimental situation,2022-05-20 06:21:29,2022-05-20 06:32:40
2022-05-20 15:15:35,2022-05-20 15:15:55,Free_Living,annotator,Experimental situation,2022-05-20 06:32:40,2022-05-20 06:33:00
2022-05-20 15:15:55,2022-05-20 15:18:24,Free_Living,annotator,Experimental situation,2022-05-20 06:33:00,2022-05-20 06:35:29
2022-05-20 15:18:24,2022-05-20 15:19:17,Free_Living,annotator,Experimental situation,2022-05-20 06:35:29,2022-05-20 06:36:22
2022-05-20 15:19:17,2022-05-20 15:19:52,Free_Living,annotator,Experimental situation,2022-05-20 06:36:22,2022-05-20 06:36:57
2022-05-20 15:19:52,2022-05-20 15:28:12,Free_Living,annotator,Experimental situation,2022-05-20 06:36:57,2022-05-20 06:45:17
2022-05-20 15:28:12,2022-05-20 15:28:41,Free_Living,annotator,Experimental situation,2022-05-20 06:45:17,2022-05-20 06:45:46
2022-05-20 15:28:41,2022-05-20 15:29:11,Free_Living,annotator,Experimental situation,2022-05-20 06:45:46,2022-05-20 06:46:16
2022-05-20 15:29:11,2022-05-20 15:39:12,Free_Living,annotator,Experimental situation,2022-05-20 06:46:16,2022-05-20 06:56:17
2022-05-20 15:39:12,2022-05-20 15:39:50,Free_Living,annotator,Experimental situation,2022-05-20 06:56:17,2022-05-20 06:56:55
2022-05-20 15:39:50,2022-05-20 15:40:39,Free_Living,annotator,Experimental situation,2022-05-20 06:56:55,2022-05-20 06:57:44
2022-05-20 15:40:39,2022-05-20 15:56:34,Free_Living,annotator,Experimental situation,2022-05-20 06:57:44,2022-05-20 07:13:39
2022-05-20 15:56:35,2022-05-20 15:57:10,Free_Living,annotator,Experimental situation,2022-05-20 07:13:40,2022-05-20 07:14:15
2022-05-20 15:57:10,2022-05-20 15:57:45,Free_Living,annotator,Experimental situation,2022-05-20 07:14:15,2022-05-20 07:14:50
2022-05-20 15:57:45,2022-05-20 15:58:30,Free_Living,annotator,Experimental situation,2022-05-20 07:14:50,2022-05-20 07:15:35
2022-05-20 15:58:30,2022-05-20 15:59:25,Free_Living,annotator,Experimental situation,2022-05-20 07:15:35,2022-05-20 07:16:30
2022-05-20 15:59:25,2022-05-20 16:18:39,Free_Living,annotator,Experimental situation,2022-05-20 07:16:30,2022-05-20 07:35:44
2022-05-20 16:18:39,2022-05-20 16:19:15,Free_Living,annotator,Experimental situation,2022-05-20 07:35:44,2022-05-20 07:36:20
2022-05-20 16:19:15,2022-05-20 16:19:35,Free_Living,annotator,Experimental situation,2022-05-20 07:36:20,2022-05-20 07:36:40
2022-05-20 16:19:35,2022-05-20 16:20:48,Free_Living,annotator,Experimental situation,2022-05-20 07:36:40,2022-05-20 07:37:53
2022-05-20 16:20:48,2022-05-20 16:21:02,Free_Living,annotator,Experimental situation,2022-05-20 07:37:53,2022-05-20 07:38:07
2022-05-20 16:21:02,2022-05-20 16:21:12,Free_Living,annotator,Experimental situation,2022-05-20 07:38:07,2022-05-20 07:38:17
2022-05-20 16:21:12,2022-05-20 16:22:04,Free_Living,annotator,Experimental situation,2022-05-20 07:38:17,2022-05-20 07:39:09
2022-05-20 16:22:04,2022-05-20 16:22:17,Free_Living,annotator,Experimental situation,2022-05-20 07:39:09,2022-05-20 07:39:22
2022-05-20 16:22:17,2022-05-20 16:22:48,Free_Living,annotator,Experimental situation,2022-05-20 07:39:22,2022-05-20 07:39:53
2022-05-20 16:22:48,2022-05-20 16:23:10,Free_Living,annotator,Experimental situation,2022-05-20 07:39:53,2022-05-20 07:40:15
2022-05-20 16:23:10,2022-05-20 16:23:33,Free_Living,annotator,Experimental situation,2022-05-20 07:40:15,2022-05-20 07:40:38
2022-05-20 16:23:33,2022-05-20 16:24:28,Free_Living,annotator,Experimental situation,2022-05-20 07:40:38,2022-05-20 07:41:33
2022-05-20 16:24:28,2022-05-20 16:29:17,Free_Living,annotator,Experimental situation,2022-05-20 07:41:33,2022-05-20 07:46:22
2022-05-20 16:29:17,2022-05-20 16:32:19,Free_Living,annotator,Experimental situation,2022-05-20 07:46:22,2022-05-20 07:49:24
2022-05-20 16:32:19,2022-05-20 16:35:30,Free_Living,annotator,Experimental situation,2022-05-20 07:49:24,2022-05-20 07:52:35
2022-05-20 16:35:30,2022-05-20 16:40:13,Free_Living,annotator,Experimental situation,2022-05-20 07:52:35,2022-05-20 07:57:18
2022-05-20 16:40:13,2022-05-20 16:42:13,Free_Living,annotator,Experimental situation,2022-05-20 07:57:18,2022-05-20 07:59:18
2022-05-20 16:42:13,2022-05-20 16:45:42,Free_Living,annotator,Experimental situation,2022-05-20 07:59:18,2022-05-20 08:02:47
2022-05-20 16:45:42,2022-05-20 16:50:50,Free_Living,annotator,Experimental situation,2022-05-20 08:02:47,2022-05-20 08:07:55
2022-05-20 16:50:50,2022-05-20 16:51:20,Free_Living,annotator,Experimental situation,2022-05-20 08:07:55,2022-05-20 08:08:25
2022-05-20 16:51:20,2022-05-20 16:51:44,Free_Living,annotator,Experimental situation,2022-05-20 08:08:25,2022-05-20 08:08:49
2022-05-20 16:51:44,2022-05-20 16:55:05,Free_Living,annotator,Experimental situation,2022-05-20 08:08:49,2022-05-20 08:12:10
2022-05-20 16:55:05,2022-05-20 17:02:34,Free_Living,annotator,Experimental situation,2022-05-20 08:12:10,2022-05-20 08:19:39
2022-05-20 17:02:34,2022-05-20 17:05:41,Free_Living,annotator,Experimental situation,2022-05-20 08:19:39,2022-05-20 08:22:46
2022-05-20 17:05:41,2022-05-20 17:06:20,Free_Living,annotator,Experimental situation,2022-05-20 08:22:46,2022-05-20 08:23:25
2022-05-20 17:06:20,2022-05-20 17:06:32,Free_Living,annotator,Experimental situation,2022-05-20 08:23:25,2022-05-20 08:23:37
2022-05-20 17:06:32,2022-05-20 17:07:05,Free_Living,annotator,Experimental situation,2022-05-20 08:23:37,2022-05-20 08:24:10
2022-05-20 17:07:05,2022-05-20 17:15:12,Free_Living,annotator,Experimental situation,2022-05-20 08:24:10,2022-05-20 08:32:17
2022-05-20 17:15:12,2022-05-20 17:15:35,Free_Living,annotator,Experimental situation,2022-05-20 08:32:17,2022-05-20 08:32:40
2022-05-20 17:15:35,2022-05-20 17:17:01,Free_Living,annotator,Experimental situation,2022-05-20 08:32:40,2022-05-20 08:34:06
2022-05-20 17:17:01,2022-05-20 17:17:28,Free_Living,annotator,Experimental situation,2022-05-20 08:34:06,2022-05-20 08:34:33
2022-05-20 17:17:28,2022-05-20 17:18:27,Free_Living,annotator,Experimental situation,2022-05-20 08:34:33,2022-05-20 08:35:32
2022-05-20 17:18:27,2022-05-20 17:19:20,Free_Living,annotator,Experimental situation,2022-05-20 08:35:32,2022-05-20 08:36:25
2022-05-20 17:19:20,2022-05-20 17:20:48,Free_Living,annotator,Experimental situation,2022-05-20 08:36:25,2022-05-20 08:37:53
2022-05-20 17:20:48,2022-05-20 17:20:58,Free_Living,annotator,Experimental situation,2022-05-20 08:37:53,2022-05-20 08:38:03
2022-05-20 17:20:58,2022-05-20 17:22:24,Free_Living,annotator,Experimental situation,2022-05-20 08:38:03,2022-05-20 08:39:29
2022-05-20 17:22:24,2022-05-20 17:22:52,Free_Living,annotator,Experimental situation,2022-05-20 08:39:29,2022-05-20 08:39:57
2022-05-20 17:22:52,2022-05-20 17:23:12,Free_Living,annotator,Experimental situation,2022-05-20 08:39:57,2022-05-20 08:40:17
2022-05-20 17:23:12,2022-05-20 17:23:22,Free_Living,annotator,Experimental situation,2022-05-20 08:40:17,2022-05-20 08:40:27
2022-05-20 17:23:22,2022-05-20 17:23:39,Free_Living,annotator,Experimental situation,2022-05-20 08:40:27,2022-05-20 08:40:44
2022-05-20 17:23:39,2022-05-20 17:25:41,Free_Living,annotator,Experimental situation,2022-05-20 08:40:44,2022-05-20 08:42:46
2022-05-20 17:25:41,2022-05-20 17:25:57,Free_Living,annotator,Experimental situation,2022-05-20 08:42:46,2022-05-20 08:43:02
2022-05-20 17:25:57,2022-05-20 17:31:44,Free_Living,annotator,Experimental situation,2022-05-20 08:43:02,2022-05-20 08:48:49
2022-05-20 17:31:44,2022-05-20 17:32:18,Free_Living,annotator,Experimental situation,2022-05-20 08:48:49,2022-05-20 08:49:23
2022-05-20 17:32:18,2022-05-20 17:35:27,Free_Living,annotator,Experimental situation,2022-05-20 08:49:23,2022-05-20 08:52:32
2022-05-20 17:35:27,2022-05-20 17:36:20,Free_Living,annotator,Experimental situation,2022-05-20 08:52:32,2022-05-20 08:53:25
2022-05-20 17:36:20,2022-05-20 17:36:47,Free_Living,annotator,Experimental situation,2022-05-20 08:53:25,2022-05-20 08:53:52
2022-05-20 17:36:47,2022-05-20 17:37:11,Free_Living,annotator,Experimental situation,2022-05-20 08:53:52,2022-05-20 08:54:16
2022-05-20 17:37:11,2022-05-20 17:42:47,Free_Living,annotator,Experimental situation,2022-05-20 08:54:16,2022-05-20 08:59:52
2022-05-20 17:42:47,2022-05-20 17:43:49,Free_Living,annotator,Experimental situation,2022-05-20 08:59:52,2022-05-20 09:00:54
2022-05-20 17:43:49,2022-05-20 17:44:35,Free_Living,annotator,Experimental situation,2022-05-20 09:00:54,2022-05-20 09:01:40
2022-05-20 17:44:35,2022-05-20 17:44:49,Free_Living,annotator,Experimental situation,2022-05-20 09:01:40,2022-05-20 09:01:54
2022-05-20 17:44:49,2022-05-20 17:45:23,Free_Living,annotator,Experimental situation,2022-05-20 09:01:54,2022-05-20 09:02:28
2022-05-20 17:45:23,2022-05-20 17:45:29,Free_Living,annotator,Experimental situation,2022-05-20 09:02:28,2022-05-20 09:02:34
2022-05-20 17:45:29,2022-05-20 17:45:38,Free_Living,annotator,Experimental situation,2022-05-20 09:02:34,2022-05-20 09:02:43
2022-05-20 17:45:38,2022-05-20 17:46:03,Free_Living,annotator,Experimental situation,2022-05-20 09:02:43,2022-05-20 09:03:08
2022-05-20 17:46:03,2022-05-20 17:46:43,Free_Living,annotator,Experimental situation,2022-05-20 09:03:08,2022-05-20 09:03:48
2022-05-20 17:46:43,2022-05-20 17:47:19,Free_Living,annotator,Experimental situation,2022-05-20 09:03:48,2022-05-20 09:04:24
2022-05-20 17:47:19,2022-05-20 17:48:08,Free_Living,annotator,Experimental situation,2022-05-20 09:04:24,2022-05-20 09:05:13
2022-05-20 17:48:08,2022-05-20 17:49:54,Free_Living,annotator,Experimental situation,2022-05-20 09:05:13,2022-05-20 09:06:59
2022-05-20 17:49:54,2022-05-20 17:52:23,Free_Living,annotator,Experimental situation,2022-05-20 09:06:59,2022-05-20 09:09:28
2022-05-20 17:52:23,2022-05-20 17:53:06,Free_Living,annotator,Experimental situation,2022-05-20 09:09:28,2022-05-20 09:10:11
2022-05-20 17:53:06,2022-05-20 17:55:47,Free_Living,annotator,Experimental situation,2022-05-20 09:10:11,2022-05-20 09:12:52
2022-05-20 17:55:47,2022-05-20 17:56:44,Free_Living,annotator,Experimental situation,2022-05-20 09:12:52,2022-05-20 09:13:49
2022-05-20 17:56:44,2022-05-20 18:00:18,Free_Living,annotator,Experimental situation,2022-05-20 09:13:49,2022-05-20 09:17:23
2022-05-20 18:00:18,2022-05-20 18:01:44,Free_Living,annotator,Experimental situation,2022-05-20 09:17:23,2022-05-20 09:18:49
2022-05-20 18:01:44,2022-05-20 18:02:40,Free_Living,annotator,Experimental situation,2022-05-20 09:18:49,2022-05-20 09:19:45
2022-05-20 18:02:40,2022-05-20 18:04:44,Free_Living,annotator,Experimental situation,2022-05-20 09:19:45,2022-05-20 09:21:49
2022-05-20 18:04:44,2022-05-20 18:04:57,Free_Living,annotator,Experimental situation,2022-05-20 09:21:49,2022-05-20 09:22:02
2022-05-20 18:04:57,2022-05-20 18:05:14,Free_Living,annotator,Experimental situation,2022-05-20 09:22:02,2022-05-20 09:22:19
2022-05-20 18:05:14,2022-05-20 18:05:59,Free_Living,annotator,Experimental situation,2022-05-20 09:22:19,2022-05-20 09:23:04
2022-05-20 18:05:59,2022-05-20 18:09:31,Free_Living,annotator,Experimental situation,2022-05-20 09:23:04,2022-05-20 09:26:36
2022-05-20 18:09:31,2022-05-20 18:10:33,Free_Living,annotator,Experimental situation,2022-05-20 09:26:36,2022-05-20 09:27:38
2022-05-20 18:10:33,2022-05-20 18:13:31,Free_Living,annotator,Experimental situation,2022-05-20 09:27:38,2022-05-20 09:30:36
2022-05-20 18:13:31,2022-05-20 18:14:16,Free_Living,annotator,Experimental situation,2022-05-20 09:30:36,2022-05-20 09:31:21
2022-05-20 18:14:16,2022-05-20 18:14:25,Free_Living,annotator,Experimental situation,2022-05-20 09:31:21,2022-05-20 09:31:30
2022-05-20 18:14:31,2022-05-20 18:15:14,Free_Living,annotator,Experimental situation,2022-05-20 09:31:36,2022-05-20 09:32:19
2022-05-20 18:14:48,2022-05-20 18:14:48,Free_Living,annotator,Experimental situation,2022-05-20 09:31:53,2022-05-20 09:31:53
2022-05-20 18:15:12,2022-05-20 18:15:12,Free_Living,annotator,Experimental situation,2022-05-20 09:32:17,2022-05-20 09:32:17
2022-05-20 18:15:19,2022-05-20 18:15:52,Free_Living,annotator,Experimental situation,2022-05-20 09:32:24,2022-05-20 09:32:57
2022-05-20 18:15:52,2022-05-20 18:15:52,Free_Living,annotator,Experimental situation,2022-05-20 09:32:57,2022-05-20 09:32:57
2022-05-20 18:15:53,2022-05-20 18:16:25,Free_Living,annotator,Experimental situation,2022-05-20 09:32:58,2022-05-20 09:33:30
2022-05-20 18:16:26,2022-05-20 18:19:01,Free_Living,annotator,Experimental situation,2022-05-20 09:33:31,2022-05-20 09:36:06
2022-05-20 18:16:29,2022-05-20 18:16:29,Free_Living,annotator,Experimental situation,2022-05-20 09:33:34,2022-05-20 09:33:34
2022-05-20 18:19:01,2022-05-20 18:19:25,Free_Living,annotator,Experimental situation,2022-05-20 09:36:06,2022-05-20 09:36:30
2022-05-20 18:19:25,2022-05-20 18:53:49,Free_Living,annotator,Experimental situation,2022-05-20 09:36:30,2022-05-20 10:10:54
2022-05-20 18:53:49,2022-05-20 18:54:12,Free_Living,annotator,Experimental situation,2022-05-20 10:10:54,2022-05-20 10:11:17
2022-05-20 18:54:12,2022-05-20 18:54:22,Free_Living,annotator,Experimental situation,2022-05-20 10:11:17,2022-05-20 10:11:27
2022-05-20 18:54:22,2022-05-20 18:55:28,Free_Living,annotator,Experimental situation,2022-05-20 10:11:27,2022-05-20 10:12:33
2022-05-20 18:55:28,2022-05-20 18:57:33,Free_Living,annotator,Experimental situation,2022-05-20 10:12:33,2022-05-20 10:14:38
2022-05-20 18:57:33,2022-05-20 18:58:26,Free_Living,annotator,Experimental situation,2022-05-20 10:14:38,2022-05-20 10:15:31
2022-05-20 18:58:26,2022-05-20 19:00:51,Free_Living,annotator,Experimental situation,2022-05-20 10:15:31,2022-05-20 10:17:56
2022-05-20 19:00:51,2022-05-20 19:01:54,Free_Living,annotator,Experimental situation,2022-05-20 10:17:56,2022-05-20 10:18:59
2022-05-20 19:01:54,2022-05-20 19:04:50,Free_Living,annotator,Experimental situation,2022-05-20 10:18:59,2022-05-20 10:21:55
2022-05-20 19:04:50,2022-05-20 19:05:26,Free_Living,annotator,Experimental situation,2022-05-20 10:21:55,2022-05-20 10:22:31
2022-05-20 19:05:26,2022-05-20 19:06:08,Free_Living,annotator,Experimental situation,2022-05-20 10:22:31,2022-05-20 10:23:13
2022-05-20 19:06:08,2022-05-20 19:07:13,Free_Living,annotator,Experimental situation,2022-05-20 10:23:13,2022-05-20 10:24:18
2022-05-20 19:07:13,2022-05-20 19:07:23,Free_Living,annotator,Experimental situation,2022-05-20 10:24:18,2022-05-20 10:24:28
2022-05-20 19:07:23,2022-05-20 19:08:09,Free_Living,annotator,Experimental situation,2022-05-20 10:24:28,2022-05-20 10:25:14
2022-05-20 19:08:09,2022-05-20 19:10:41,Free_Living,annotator,Experimental situation,2022-05-20 10:25:14,2022-05-20 10:27:46
2022-05-20 19:10:41,2022-05-20 19:15:26,Free_Living,annotator,Experimental situation,2022-05-20 10:27:46,2022-05-20 10:32:31
2022-05-20 19:15:26,2022-05-20 19:16:29,Free_Living,annotator,Experimental situation,2022-05-20 10:32:31,2022-05-20 10:33:34
2022-05-20 19:16:29,2022-05-20 19:16:51,Free_Living,annotator,Experimental situation,2022-05-20 10:33:34,2022-05-20 10:33:56
2022-05-20 19:16:51,2022-05-20 19:17:49,Free_Living,annotator,Experimental situation,2022-05-20 10:33:56,2022-05-20 10:34:54
2022-05-20 19:17:49,2022-05-20 19:19:25,Free_Living,annotator,Experimental situation,2022-05-20 10:34:54,2022-05-20 10:36:30
2022-05-20 19:19:25,2022-05-20 19:21:43,Free_Living,annotator,Experimental situation,2022-05-20 10:36:30,2022-05-20 10:38:48
2022-05-20 19:21:43,2022-05-20 19:22:22,Free_Living,annotator,Experimental situation,2022-05-20 10:38:48,2022-05-20 10:39:27
