START_TIME,STOP_TIME,PREDICTION,SOURCE,LABELSET,VIDEO_START_TIME,VIDEO_END_TIME
2022-04-21 09:58:09,2022-04-21 09:59:01,Free_Living,annotator,Experimental situation,2022-04-21 00:00:00,2022-04-21 00:00:52
2022-04-21 09:59:01,2022-04-21 09:59:14,Free_Living,annotator,Experimental situation,2022-04-21 00:00:52,2022-04-21 00:01:05
2022-04-21 09:59:14,2022-04-21 10:01:07,Free_Living,annotator,Experimental situation,2022-04-21 00:01:05,2022-04-21 00:02:58
2022-04-21 10:01:07,2022-04-21 10:12:10,Free_Living,annotator,Experimental situation,2022-04-21 00:02:58,2022-04-21 00:14:01
2022-04-21 10:12:10,2022-04-21 10:12:43,Free_Living,annotator,Experimental situation,2022-04-21 00:14:01,2022-04-21 00:14:34
2022-04-21 10:12:43,2022-04-21 10:14:11,Free_Living,annotator,Experimental situation,2022-04-21 00:14:34,2022-04-21 00:16:02
2022-04-21 10:14:11,2022-04-21 10:15:33,Free_Living,annotator,Experimental situation,2022-04-21 00:16:02,2022-04-21 00:17:24
2022-04-21 10:15:33,2022-04-21 10:16:41,Free_Living,annotator,Experimental situation,2022-04-21 00:17:24,2022-04-21 00:18:32
2022-04-21 10:16:41,2022-04-21 10:17:32,Free_Living,annotator,Experimental situation,2022-04-21 00:18:32,2022-04-21 00:19:23
2022-04-21 10:17:32,2022-04-21 10:18:00,Free_Living,annotator,Experimental situation,2022-04-21 00:19:23,2022-04-21 00:19:51
2022-04-21 10:18:03,2022-04-21 10:18:09,Free_Living,annotator,Experimental situation,2022-04-21 00:19:54,2022-04-21 00:20:00
2022-04-21 10:18:09,2022-04-21 10:18:22,Free_Living,annotator,Experimental situation,2022-04-21 00:20:00,2022-04-21 00:20:13
2022-04-21 10:18:22,2022-04-21 10:18:38,Free_Living,annotator,Experimental situation,2022-04-21 00:20:13,2022-04-21 00:20:29
2022-04-21 10:18:38,2022-04-21 10:19:15,Free_Living,annotator,Experimental situation,2022-04-21 00:20:29,2022-04-21 00:21:06
2022-04-21 10:19:15,2022-04-21 10:19:31,Free_Living,annotator,Experimental situation,2022-04-21 00:21:06,2022-04-21 00:21:22
2022-04-21 10:19:31,2022-04-21 10:19:36,Free_Living,annotator,Experimental situation,2022-04-21 00:21:22,2022-04-21 00:21:27
2022-04-21 10:19:36,2022-04-21 10:25:06,Free_Living,annotator,Experimental situation,2022-04-21 00:21:27,2022-04-21 00:26:57
2022-04-21 10:25:06,2022-04-21 10:25:37,Free_Living,annotator,Experimental situation,2022-04-21 00:26:57,2022-04-21 00:27:28
2022-04-21 10:25:37,2022-04-21 10:25:59,Free_Living,annotator,Experimental situation,2022-04-21 00:27:28,2022-04-21 00:27:50
2022-04-21 10:25:59,2022-04-21 10:30:03,Free_Living,annotator,Experimental situation,2022-04-21 00:27:50,2022-04-21 00:31:54
2022-04-21 10:30:03,2022-04-21 10:32:08,Free_Living,annotator,Experimental situation,2022-04-21 00:31:54,2022-04-21 00:33:59
2022-04-21 10:32:12,2022-04-21 10:35:45,Free_Living,annotator,Experimental situation,2022-04-21 00:34:03,2022-04-21 00:37:36
2022-04-21 10:35:45,2022-04-21 10:38:04,Free_Living,annotator,Experimental situation,2022-04-21 00:37:36,2022-04-21 00:39:55
2022-04-21 10:38:04,2022-04-21 10:38:55,Free_Living,annotator,Experimental situation,2022-04-21 00:39:55,2022-04-21 00:40:46
2022-04-21 10:38:55,2022-04-21 10:42:57,Free_Living,annotator,Experimental situation,2022-04-21 00:40:46,2022-04-21 00:44:48
2022-04-21 10:42:57,2022-04-21 10:43:46,Free_Living,annotator,Experimental situation,2022-04-21 00:44:48,2022-04-21 00:45:37
2022-04-21 10:43:46,2022-04-21 10:51:08,Free_Living,annotator,Experimental situation,2022-04-21 00:45:37,2022-04-21 00:52:59
2022-04-21 10:51:08,2022-04-21 10:55:32,Free_Living,annotator,Experimental situation,2022-04-21 00:52:59,2022-04-21 00:57:23
2022-04-21 10:55:32,2022-04-21 10:56:06,Free_Living,annotator,Experimental situation,2022-04-21 00:57:23,2022-04-21 00:57:57
2022-04-21 10:56:09,2022-04-21 10:56:34,Free_Living,annotator,Experimental situation,2022-04-21 00:58:00,2022-04-21 00:58:25
2022-04-21 10:56:34,2022-04-21 11:03:17,Free_Living,annotator,Experimental situation,2022-04-21 00:58:25,2022-04-21 01:05:08
2022-04-21 11:03:17,2022-04-21 11:09:21,Free_Living,annotator,Experimental situation,2022-04-21 01:05:08,2022-04-21 01:11:12
2022-04-21 11:09:21,2022-04-21 11:09:59,Free_Living,annotator,Experimental situation,2022-04-21 01:11:12,2022-04-21 01:11:50
2022-04-21 11:09:59,2022-04-21 11:11:35,Free_Living,annotator,Experimental situation,2022-04-21 01:11:50,2022-04-21 01:13:26
2022-04-21 11:11:35,2022-04-21 11:12:29,Free_Living,annotator,Experimental situation,2022-04-21 01:13:26,2022-04-21 01:14:20
2022-04-21 11:12:29,2022-04-21 11:14:42,Free_Living,annotator,Experimental situation,2022-04-21 01:14:20,2022-04-21 01:16:33
2022-04-21 11:14:42,2022-04-21 11:17:57,Free_Living,annotator,Experimental situation,2022-04-21 01:16:33,2022-04-21 01:19:48
2022-04-21 11:17:57,2022-04-21 11:18:12,Free_Living,annotator,Experimental situation,2022-04-21 01:19:48,2022-04-21 01:20:03
2022-04-21 11:18:12,2022-04-21 11:20:36,Free_Living,annotator,Experimental situation,2022-04-21 01:20:03,2022-04-21 01:22:27
2022-04-21 11:20:36,2022-04-21 11:34:07,Free_Living,annotator,Experimental situation,2022-04-21 01:22:27,2022-04-21 01:35:58
2022-04-21 11:34:07,2022-04-21 11:35:12,Free_Living,annotator,Experimental situation,2022-04-21 01:35:58,2022-04-21 01:37:03
2022-04-21 11:35:12,2022-04-21 11:35:21,Free_Living,annotator,Experimental situation,2022-04-21 01:37:03,2022-04-21 01:37:12
2022-04-21 11:35:21,2022-04-21 11:35:45,Free_Living,annotator,Experimental situation,2022-04-21 01:37:12,2022-04-21 01:37:36
2022-04-21 11:35:45,2022-04-21 11:36:23,Free_Living,annotator,Experimental situation,2022-04-21 01:37:36,2022-04-21 01:38:14
2022-04-21 11:36:23,2022-04-21 11:36:38,Free_Living,annotator,Experimental situation,2022-04-21 01:38:14,2022-04-21 01:38:29
2022-04-21 11:36:38,2022-04-21 11:38:08,Free_Living,annotator,Experimental situation,2022-04-21 01:38:29,2022-04-21 01:39:59
2022-04-21 11:38:08,2022-04-21 11:43:59,Free_Living,annotator,Experimental situation,2022-04-21 01:39:59,2022-04-21 01:45:50
2022-04-21 11:43:59,2022-04-21 11:44:18,Free_Living,annotator,Experimental situation,2022-04-21 01:45:50,2022-04-21 01:46:09
2022-04-21 11:44:18,2022-04-21 11:44:34,Free_Living,annotator,Experimental situation,2022-04-21 01:46:09,2022-04-21 01:46:25
2022-04-21 11:44:34,2022-04-21 11:45:09,Free_Living,annotator,Experimental situation,2022-04-21 01:46:25,2022-04-21 01:47:00
2022-04-21 11:45:09,2022-04-21 11:45:32,Free_Living,annotator,Experimental situation,2022-04-21 01:47:00,2022-04-21 01:47:23
2022-04-21 11:45:32,2022-04-21 11:45:49,Free_Living,annotator,Experimental situation,2022-04-21 01:47:23,2022-04-21 01:47:40
2022-04-21 11:45:49,2022-04-21 11:46:32,Free_Living,annotator,Experimental situation,2022-04-21 01:47:40,2022-04-21 01:48:23
2022-04-21 11:46:32,2022-04-21 11:48:10,Free_Living,annotator,Experimental situation,2022-04-21 01:48:23,2022-04-21 01:50:01
2022-04-21 11:48:10,2022-04-21 11:48:54,Free_Living,annotator,Experimental situation,2022-04-21 01:50:01,2022-04-21 01:50:45
2022-04-21 11:48:54,2022-04-21 11:51:38,Free_Living,annotator,Experimental situation,2022-04-21 01:50:45,2022-04-21 01:53:29
2022-04-21 11:51:38,2022-04-21 11:52:22,Free_Living,annotator,Experimental situation,2022-04-21 01:53:29,2022-04-21 01:54:13
2022-04-21 11:52:22,2022-04-21 11:52:39,Free_Living,annotator,Experimental situation,2022-04-21 01:54:13,2022-04-21 01:54:30
2022-04-21 11:52:39,2022-04-21 11:52:54,Free_Living,annotator,Experimental situation,2022-04-21 01:54:30,2022-04-21 01:54:45
2022-04-21 11:52:54,2022-04-21 11:55:22,Free_Living,annotator,Experimental situation,2022-04-21 01:54:45,2022-04-21 01:57:13
2022-04-21 11:55:22,2022-04-21 11:59:07,Free_Living,annotator,Experimental situation,2022-04-21 01:57:13,2022-04-21 02:00:58
2022-04-21 11:59:07,2022-04-21 12:00:10,Free_Living,annotator,Experimental situation,2022-04-21 02:00:58,2022-04-21 02:02:01
2022-04-21 12:00:10,2022-04-21 12:01:07,Free_Living,annotator,Experimental situation,2022-04-21 02:02:01,2022-04-21 02:02:58
2022-04-21 12:01:07,2022-04-21 12:04:40,Free_Living,annotator,Experimental situation,2022-04-21 02:02:58,2022-04-21 02:06:31
2022-04-21 12:04:40,2022-04-21 12:05:29,Free_Living,annotator,Experimental situation,2022-04-21 02:06:31,2022-04-21 02:07:20
2022-04-21 12:05:29,2022-04-21 12:06:19,Free_Living,annotator,Experimental situation,2022-04-21 02:07:20,2022-04-21 02:08:10
2022-04-21 12:06:19,2022-04-21 12:07:15,Free_Living,annotator,Experimental situation,2022-04-21 02:08:10,2022-04-21 02:09:06
2022-04-21 12:07:15,2022-04-21 12:12:48,Free_Living,annotator,Experimental situation,2022-04-21 02:09:06,2022-04-21 02:14:39
2022-04-21 12:12:48,2022-04-21 12:14:27,Free_Living,annotator,Experimental situation,2022-04-21 02:14:39,2022-04-21 02:16:18
2022-04-21 12:14:27,2022-04-21 12:27:43,Free_Living,annotator,Experimental situation,2022-04-21 02:16:18,2022-04-21 02:29:34
2022-04-21 12:27:43,2022-04-21 12:30:44,Free_Living,annotator,Experimental situation,2022-04-21 02:29:34,2022-04-21 02:32:35
2022-04-21 12:30:44,2022-04-21 12:35:05,Free_Living,annotator,Experimental situation,2022-04-21 02:32:35,2022-04-21 02:36:56
2022-04-21 12:35:05,2022-04-21 12:41:05,Free_Living,annotator,Experimental situation,2022-04-21 02:36:56,2022-04-21 02:42:56
2022-04-21 12:41:05,2022-04-21 12:42:36,Free_Living,annotator,Experimental situation,2022-04-21 02:42:56,2022-04-21 02:44:27
2022-04-21 12:42:36,2022-04-21 12:43:05,Free_Living,annotator,Experimental situation,2022-04-21 02:44:27,2022-04-21 02:44:56
2022-04-21 12:43:05,2022-04-21 12:53:00,Free_Living,annotator,Experimental situation,2022-04-21 02:44:56,2022-04-21 02:54:51
2022-04-21 12:53:05,2022-04-21 12:54:24,Free_Living,annotator,Experimental situation,2022-04-21 02:54:56,2022-04-21 02:56:15
2022-04-21 12:54:24,2022-04-21 12:55:31,Free_Living,annotator,Experimental situation,2022-04-21 02:56:15,2022-04-21 02:57:22
2022-04-21 12:55:31,2022-04-21 12:55:50,Free_Living,annotator,Experimental situation,2022-04-21 02:57:22,2022-04-21 02:57:41
2022-04-21 12:55:50,2022-04-21 12:56:42,Free_Living,annotator,Experimental situation,2022-04-21 02:57:41,2022-04-21 02:58:33
2022-04-21 12:56:42,2022-04-21 12:57:01,Free_Living,annotator,Experimental situation,2022-04-21 02:58:33,2022-04-21 02:58:52
2022-04-21 12:57:01,2022-04-21 12:57:15,Free_Living,annotator,Experimental situation,2022-04-21 02:58:52,2022-04-21 02:59:06
2022-04-21 12:57:15,2022-04-21 12:57:22,Free_Living,annotator,Experimental situation,2022-04-21 02:59:06,2022-04-21 02:59:13
2022-04-21 12:57:22,2022-04-21 12:57:47,Free_Living,annotator,Experimental situation,2022-04-21 02:59:13,2022-04-21 02:59:38
2022-04-21 12:57:47,2022-04-21 12:57:59,Free_Living,annotator,Experimental situation,2022-04-21 02:59:38,2022-04-21 02:59:50
2022-04-21 12:57:59,2022-04-21 12:59:16,Free_Living,annotator,Experimental situation,2022-04-21 02:59:50,2022-04-21 03:01:07
2022-04-21 12:59:16,2022-04-21 12:59:26,Free_Living,annotator,Experimental situation,2022-04-21 03:01:07,2022-04-21 03:01:17
2022-04-21 12:59:26,2022-04-21 13:00:12,Free_Living,annotator,Experimental situation,2022-04-21 03:01:17,2022-04-21 03:02:03
2022-04-21 13:00:12,2022-04-21 13:01:32,Free_Living,annotator,Experimental situation,2022-04-21 03:02:03,2022-04-21 03:03:23
2022-04-21 13:01:32,2022-04-21 13:01:56,Free_Living,annotator,Experimental situation,2022-04-21 03:03:23,2022-04-21 03:03:47
2022-04-21 13:01:56,2022-04-21 13:02:16,Free_Living,annotator,Experimental situation,2022-04-21 03:03:47,2022-04-21 03:04:07
2022-04-21 13:02:16,2022-04-21 13:09:43,Free_Living,annotator,Experimental situation,2022-04-21 03:04:07,2022-04-21 03:11:34
2022-04-21 13:09:43,2022-04-21 13:09:59,Free_Living,annotator,Experimental situation,2022-04-21 03:11:34,2022-04-21 03:11:50
2022-04-21 13:09:59,2022-04-21 13:10:48,Free_Living,annotator,Experimental situation,2022-04-21 03:11:50,2022-04-21 03:12:39
2022-04-21 13:10:48,2022-04-21 13:11:13,Free_Living,annotator,Experimental situation,2022-04-21 03:12:39,2022-04-21 03:13:04
2022-04-21 13:11:13,2022-04-21 13:11:31,Free_Living,annotator,Experimental situation,2022-04-21 03:13:04,2022-04-21 03:13:22
2022-04-21 13:11:31,2022-04-21 13:12:19,Free_Living,annotator,Experimental situation,2022-04-21 03:13:22,2022-04-21 03:14:10
2022-04-21 13:12:19,2022-04-21 13:25:15,Free_Living,annotator,Experimental situation,2022-04-21 03:14:10,2022-04-21 03:27:06
2022-04-21 13:25:15,2022-04-21 13:25:57,Free_Living,annotator,Experimental situation,2022-04-21 03:27:06,2022-04-21 03:27:48
2022-04-21 13:25:57,2022-04-21 13:28:04,Free_Living,annotator,Experimental situation,2022-04-21 03:27:48,2022-04-21 03:29:55
2022-04-21 13:28:04,2022-04-21 13:40:56,Free_Living,annotator,Experimental situation,2022-04-21 03:29:55,2022-04-21 03:42:47
2022-04-21 13:40:56,2022-04-21 13:42:52,Free_Living,annotator,Experimental situation,2022-04-21 03:42:47,2022-04-21 03:44:43
2022-04-21 13:42:52,2022-04-21 13:44:24,Free_Living,annotator,Experimental situation,2022-04-21 03:44:43,2022-04-21 03:46:15
2022-04-21 13:44:24,2022-04-21 13:44:52,Free_Living,annotator,Experimental situation,2022-04-21 03:46:15,2022-04-21 03:46:43
2022-04-21 13:44:52,2022-04-21 13:45:16,Free_Living,annotator,Experimental situation,2022-04-21 03:46:43,2022-04-21 03:47:07
2022-04-21 13:45:16,2022-04-21 13:46:19,Free_Living,annotator,Experimental situation,2022-04-21 03:47:07,2022-04-21 03:48:10
2022-04-21 13:46:19,2022-04-21 13:47:15,Free_Living,annotator,Experimental situation,2022-04-21 03:48:10,2022-04-21 03:49:06
2022-04-21 13:47:15,2022-04-21 13:47:56,Free_Living,annotator,Experimental situation,2022-04-21 03:49:06,2022-04-21 03:49:47
2022-04-21 13:47:56,2022-04-21 14:11:54,Free_Living,annotator,Experimental situation,2022-04-21 03:49:47,2022-04-21 04:13:45
2022-04-21 14:11:54,2022-04-21 14:12:01,Free_Living,annotator,Experimental situation,2022-04-21 04:13:45,2022-04-21 04:13:52
2022-04-21 14:12:01,2022-04-21 14:12:38,Free_Living,annotator,Experimental situation,2022-04-21 04:13:52,2022-04-21 04:14:29
2022-04-21 14:12:38,2022-04-21 14:13:25,Free_Living,annotator,Experimental situation,2022-04-21 04:14:29,2022-04-21 04:15:16
2022-04-21 14:13:25,2022-04-21 14:19:17,Free_Living,annotator,Experimental situation,2022-04-21 04:15:16,2022-04-21 04:21:08
2022-04-21 14:19:17,2022-04-21 14:19:47,Free_Living,annotator,Experimental situation,2022-04-21 04:21:08,2022-04-21 04:21:38
2022-04-21 14:19:47,2022-04-21 14:20:55,Free_Living,annotator,Experimental situation,2022-04-21 04:21:38,2022-04-21 04:22:46
2022-04-21 14:20:55,2022-04-21 14:22:13,Free_Living,annotator,Experimental situation,2022-04-21 04:22:46,2022-04-21 04:24:04
2022-04-21 14:22:13,2022-04-21 14:28:50,Free_Living,annotator,Experimental situation,2022-04-21 04:24:04,2022-04-21 04:30:41
2022-04-21 14:28:50,2022-04-21 14:29:08,Free_Living,annotator,Experimental situation,2022-04-21 04:30:41,2022-04-21 04:30:59
2022-04-21 14:29:08,2022-04-21 14:41:58,ES_VideoUnavailable/Indecipherable,annotator,Experimental situation,2022-04-21 04:30:59,2022-04-21 04:43:49
2022-04-21 14:41:58,2022-04-21 14:42:32,Free_Living,annotator,Experimental situation,2022-04-21 04:43:49,2022-04-21 04:44:23
2022-04-21 14:42:32,2022-04-21 14:42:52,Free_Living,annotator,Experimental situation,2022-04-21 04:44:23,2022-04-21 04:44:43
2022-04-21 14:42:52,2022-04-21 14:52:27,Free_Living,annotator,Experimental situation,2022-04-21 04:44:43,2022-04-21 04:54:18
2022-04-21 14:52:27,2022-04-21 15:11:21,Free_Living,annotator,Experimental situation,2022-04-21 04:54:18,2022-04-21 05:13:12
2022-04-21 15:11:21,2022-04-21 15:14:47,ES_VideoUnavailable/Indecipherable,annotator,Experimental situation,2022-04-21 05:13:12,2022-04-21 05:16:38
2022-04-21 15:14:47,2022-04-21 15:15:39,Free_Living,annotator,Experimental situation,2022-04-21 05:16:38,2022-04-21 05:17:30
2022-04-21 15:15:39,2022-04-21 15:16:38,Free_Living,annotator,Experimental situation,2022-04-21 05:17:30,2022-04-21 05:18:29
2022-04-21 15:16:38,2022-04-21 15:31:51,Free_Living,annotator,Experimental situation,2022-04-21 05:18:29,2022-04-21 05:33:42
2022-04-21 15:31:51,2022-04-21 15:32:21,Free_Living,annotator,Experimental situation,2022-04-21 05:33:42,2022-04-21 05:34:12
2022-04-21 15:32:21,2022-04-21 15:32:59,Free_Living,annotator,Experimental situation,2022-04-21 05:34:12,2022-04-21 05:34:50
2022-04-21 15:32:59,2022-04-21 15:33:45,Free_Living,annotator,Experimental situation,2022-04-21 05:34:50,2022-04-21 05:35:36
2022-04-21 15:33:45,2022-04-21 15:40:47,Free_Living,annotator,Experimental situation,2022-04-21 05:35:36,2022-04-21 05:42:38
2022-04-21 15:40:47,2022-04-21 15:41:17,Free_Living,annotator,Experimental situation,2022-04-21 05:42:38,2022-04-21 05:43:08
2022-04-21 15:41:17,2022-04-21 15:50:21,Free_Living,annotator,Experimental situation,2022-04-21 05:43:08,2022-04-21 05:52:12
2022-04-21 15:50:21,2022-04-21 15:52:00,Free_Living,annotator,Experimental situation,2022-04-21 05:52:12,2022-04-21 05:53:51
2022-04-21 15:52:00,2022-04-21 16:03:07,Free_Living,annotator,Experimental situation,2022-04-21 05:53:51,2022-04-21 06:04:58
2022-04-21 16:03:07,2022-04-21 16:04:22,Free_Living,annotator,Experimental situation,2022-04-21 06:04:58,2022-04-21 06:06:13
2022-04-21 16:04:22,2022-04-21 16:05:56,Free_Living,annotator,Experimental situation,2022-04-21 06:06:13,2022-04-21 06:07:47
2022-04-21 16:05:56,2022-04-21 16:06:09,Free_Living,annotator,Experimental situation,2022-04-21 06:07:47,2022-04-21 06:08:00
2022-04-21 16:06:09,2022-04-21 16:08:36,Free_Living,annotator,Experimental situation,2022-04-21 06:08:00,2022-04-21 06:10:27
2022-04-21 16:08:36,2022-04-21 16:10:25,Free_Living,annotator,Experimental situation,2022-04-21 06:10:27,2022-04-21 06:12:16
2022-04-21 16:10:25,2022-04-21 16:16:06,Free_Living,annotator,Experimental situation,2022-04-21 06:12:16,2022-04-21 06:17:57
2022-04-21 16:16:06,2022-04-21 16:17:10,Free_Living,annotator,Experimental situation,2022-04-21 06:17:57,2022-04-21 06:19:01
2022-04-21 16:17:10,2022-04-21 16:17:29,Free_Living,annotator,Experimental situation,2022-04-21 06:19:01,2022-04-21 06:19:20
2022-04-21 16:17:29,2022-04-21 16:17:50,Free_Living,annotator,Experimental situation,2022-04-21 06:19:20,2022-04-21 06:19:41
2022-04-21 16:17:50,2022-04-21 16:18:00,Free_Living,annotator,Experimental situation,2022-04-21 06:19:41,2022-04-21 06:19:51
2022-04-21 16:18:00,2022-04-21 16:18:17,Free_Living,annotator,Experimental situation,2022-04-21 06:19:51,2022-04-21 06:20:08
2022-04-21 16:18:17,2022-04-21 16:18:35,Free_Living,annotator,Experimental situation,2022-04-21 06:20:08,2022-04-21 06:20:26
2022-04-21 16:18:35,2022-04-21 16:23:35,Free_Living,annotator,Experimental situation,2022-04-21 06:20:26,2022-04-21 06:25:26
2022-04-21 16:23:35,2022-04-21 16:23:48,Free_Living,annotator,Experimental situation,2022-04-21 06:25:26,2022-04-21 06:25:39
2022-04-21 16:23:48,2022-04-21 16:25:43,Free_Living,annotator,Experimental situation,2022-04-21 06:25:39,2022-04-21 06:27:34
2022-04-21 16:25:43,2022-04-21 16:26:11,Free_Living,annotator,Experimental situation,2022-04-21 06:27:34,2022-04-21 06:28:02
2022-04-21 16:26:11,2022-04-21 16:26:25,Free_Living,annotator,Experimental situation,2022-04-21 06:28:02,2022-04-21 06:28:16
2022-04-21 16:26:25,2022-04-21 16:37:45,Free_Living,annotator,Experimental situation,2022-04-21 06:28:16,2022-04-21 06:39:36
2022-04-21 16:37:45,2022-04-21 16:49:10,Free_Living,annotator,Experimental situation,2022-04-21 06:39:36,2022-04-21 06:51:01
2022-04-21 16:49:10,2022-04-21 16:49:24,Free_Living,annotator,Experimental situation,2022-04-21 06:51:01,2022-04-21 06:51:15
2022-04-21 16:49:24,2022-04-21 16:58:23,Free_Living,annotator,Experimental situation,2022-04-21 06:51:15,2022-04-21 07:00:14
2022-04-21 16:58:23,2022-04-21 16:59:02,Free_Living,annotator,Experimental situation,2022-04-21 07:00:14,2022-04-21 07:00:53
2022-04-21 16:59:02,2022-04-21 17:04:10,Free_Living,annotator,Experimental situation,2022-04-21 07:00:53,2022-04-21 07:06:01
2022-04-21 17:04:10,2022-04-21 17:07:55,Free_Living,annotator,Experimental situation,2022-04-21 07:06:01,2022-04-21 07:09:46
2022-04-21 17:07:55,2022-04-21 17:08:10,Free_Living,annotator,Experimental situation,2022-04-21 07:09:46,2022-04-21 07:10:01
2022-04-21 17:08:10,2022-04-21 17:11:08,Free_Living,annotator,Experimental situation,2022-04-21 07:10:01,2022-04-21 07:12:59
2022-04-21 17:11:08,2022-04-21 17:11:46,Free_Living,annotator,Experimental situation,2022-04-21 07:12:59,2022-04-21 07:13:37
2022-04-21 17:11:46,2022-04-21 17:13:46,Free_Living,annotator,Experimental situation,2022-04-21 07:13:37,2022-04-21 07:15:37
2022-04-21 17:13:46,2022-04-21 17:15:28,Free_Living,annotator,Experimental situation,2022-04-21 07:15:37,2022-04-21 07:17:19
2022-04-21 17:15:28,2022-04-21 17:16:54,Free_Living,annotator,Experimental situation,2022-04-21 07:17:19,2022-04-21 07:18:45
2022-04-21 17:16:54,2022-04-21 17:20:26,Free_Living,annotator,Experimental situation,2022-04-21 07:18:45,2022-04-21 07:22:17
2022-04-21 17:20:26,2022-04-21 17:21:18,Free_Living,annotator,Experimental situation,2022-04-21 07:22:17,2022-04-21 07:23:09
2022-04-21 17:21:18,2022-04-21 17:21:32,Free_Living,annotator,Experimental situation,2022-04-21 07:23:09,2022-04-21 07:23:23
2022-04-21 17:21:36,2022-04-21 17:22:16,Free_Living,annotator,Experimental situation,2022-04-21 07:23:27,2022-04-21 07:24:07
2022-04-21 17:22:16,2022-04-21 17:22:26,Free_Living,annotator,Experimental situation,2022-04-21 07:24:07,2022-04-21 07:24:17
2022-04-21 17:22:26,2022-04-21 17:23:59,Free_Living,annotator,Experimental situation,2022-04-21 07:24:17,2022-04-21 07:25:50
2022-04-21 17:23:59,2022-04-21 17:24:16,Free_Living,annotator,Experimental situation,2022-04-21 07:25:50,2022-04-21 07:26:07
2022-04-21 17:24:16,2022-04-21 17:32:11,Free_Living,annotator,Experimental situation,2022-04-21 07:26:07,2022-04-21 07:34:02
2022-04-21 17:32:11,2022-04-21 17:32:31,Free_Living,annotator,Experimental situation,2022-04-21 07:34:02,2022-04-21 07:34:22
2022-04-21 17:32:31,2022-04-21 17:32:43,Free_Living,annotator,Experimental situation,2022-04-21 07:34:22,2022-04-21 07:34:34
2022-04-21 17:32:43,2022-04-21 17:32:58,Free_Living,annotator,Experimental situation,2022-04-21 07:34:34,2022-04-21 07:34:49
2022-04-21 17:32:58,2022-04-21 17:33:23,Free_Living,annotator,Experimental situation,2022-04-21 07:34:49,2022-04-21 07:35:14
2022-04-21 17:33:23,2022-04-21 17:34:19,Free_Living,annotator,Experimental situation,2022-04-21 07:35:14,2022-04-21 07:36:10
2022-04-21 17:34:19,2022-04-21 17:34:51,Free_Living,annotator,Experimental situation,2022-04-21 07:36:10,2022-04-21 07:36:42
2022-04-21 17:34:52,2022-04-21 17:37:20,Free_Living,annotator,Experimental situation,2022-04-21 07:36:43,2022-04-21 07:39:11
2022-04-21 17:37:20,2022-04-21 17:44:32,Free_Living,annotator,Experimental situation,2022-04-21 07:39:11,2022-04-21 07:46:23
2022-04-21 17:44:32,2022-04-21 17:52:41,Free_Living,annotator,Experimental situation,2022-04-21 07:46:23,2022-04-21 07:54:32
2022-04-21 17:52:44,2022-04-21 17:54:30,Free_Living,annotator,Experimental situation,2022-04-21 07:54:35,2022-04-21 07:56:21
2022-04-21 17:54:30,2022-04-21 17:54:37,Free_Living,annotator,Experimental situation,2022-04-21 07:56:21,2022-04-21 07:56:28
2022-04-21 17:54:37,2022-04-21 18:03:05,Free_Living,annotator,Experimental situation,2022-04-21 07:56:28,2022-04-21 08:04:56
2022-04-21 18:03:05,2022-04-21 18:05:02,Free_Living,annotator,Experimental situation,2022-04-21 08:04:56,2022-04-21 08:06:53
2022-04-21 18:05:02,2022-04-21 18:06:32,Free_Living,annotator,Experimental situation,2022-04-21 08:06:53,2022-04-21 08:08:23
2022-04-21 18:06:32,2022-04-21 18:07:07,Free_Living,annotator,Experimental situation,2022-04-21 08:08:23,2022-04-21 08:08:58
2022-04-21 18:07:07,2022-04-21 18:07:33,Free_Living,annotator,Experimental situation,2022-04-21 08:08:58,2022-04-21 08:09:24
2022-04-21 18:07:33,2022-04-21 19:11:07,Free_Living,annotator,Experimental situation,2022-04-21 08:09:24,2022-04-21 09:12:58
2022-04-21 19:11:07,2022-04-21 19:12:20,Free_Living,annotator,Experimental situation,2022-04-21 09:12:58,2022-04-21 09:14:11
2022-04-21 19:12:20,2022-04-21 19:12:36,Free_Living,annotator,Experimental situation,2022-04-21 09:14:11,2022-04-21 09:14:27
2022-04-21 19:12:36,2022-04-21 19:12:50,Free_Living,annotator,Experimental situation,2022-04-21 09:14:27,2022-04-21 09:14:41
2022-04-21 19:12:50,2022-04-21 19:13:24,Free_Living,annotator,Experimental situation,2022-04-21 09:14:41,2022-04-21 09:15:15
2022-04-21 19:13:24,2022-04-21 19:13:39,Free_Living,annotator,Experimental situation,2022-04-21 09:15:15,2022-04-21 09:15:30
2022-04-21 19:13:39,2022-04-21 19:13:43,Free_Living,annotator,Experimental situation,2022-04-21 09:15:30,2022-04-21 09:15:34
2022-04-21 19:13:43,2022-04-21 19:19:35,Free_Living,annotator,Experimental situation,2022-04-21 09:15:34,2022-04-21 09:21:26
2022-04-21 19:19:35,2022-04-21 19:47:44,Free_Living,annotator,Experimental situation,2022-04-21 09:21:26,2022-04-21 09:49:35
2022-04-21 19:47:44,2022-04-21 19:48:45,Free_Living,annotator,Experimental situation,2022-04-21 09:49:35,2022-04-21 09:50:36
2022-04-21 19:48:45,2022-04-21 19:49:03,Free_Living,annotator,Experimental situation,2022-04-21 09:50:36,2022-04-21 09:50:54
2022-04-21 19:49:03,2022-04-21 19:49:23,Free_Living,annotator,Experimental situation,2022-04-21 09:50:54,2022-04-21 09:51:14
2022-04-21 19:49:23,2022-04-21 19:50:02,Free_Living,annotator,Experimental situation,2022-04-21 09:51:14,2022-04-21 09:51:53
2022-04-21 19:50:02,2022-04-21 19:53:23,Free_Living,annotator,Experimental situation,2022-04-21 09:51:53,2022-04-21 09:55:14
2022-04-21 19:53:23,2022-04-21 19:54:10,Free_Living,annotator,Experimental situation,2022-04-21 09:55:14,2022-04-21 09:56:01
2022-04-21 19:54:10,2022-04-21 20:23:26,Free_Living,annotator,Experimental situation,2022-04-21 09:56:01,2022-04-21 10:25:17
2022-04-21 20:23:28,2022-04-21 20:26:16,Free_Living,annotator,Experimental situation,2022-04-21 10:25:19,2022-04-21 10:28:07
2022-04-21 20:26:16,2022-04-21 20:37:31,Free_Living,annotator,Experimental situation,2022-04-21 10:28:07,2022-04-21 10:39:22
2022-04-21 20:37:31,2022-04-21 20:38:35,Free_Living,annotator,Experimental situation,2022-04-21 10:39:22,2022-04-21 10:40:26
2022-04-21 20:38:35,2022-04-21 20:40:04,Free_Living,annotator,Experimental situation,2022-04-21 10:40:26,2022-04-21 10:41:55
2022-04-21 20:40:04,2022-04-21 20:40:57,Free_Living,annotator,Experimental situation,2022-04-21 10:41:55,2022-04-21 10:42:48
2022-04-21 20:40:57,2022-04-21 20:41:29,Free_Living,annotator,Experimental situation,2022-04-21 10:42:48,2022-04-21 10:43:20
2022-04-21 20:41:29,2022-04-21 20:41:56,Free_Living,annotator,Experimental situation,2022-04-21 10:43:20,2022-04-21 10:43:47
2022-04-21 20:41:56,2022-04-21 20:42:16,Free_Living,annotator,Experimental situation,2022-04-21 10:43:47,2022-04-21 10:44:07
2022-04-21 20:42:16,2022-04-21 20:42:28,Free_Living,annotator,Experimental situation,2022-04-21 10:44:07,2022-04-21 10:44:19
2022-04-21 20:42:28,2022-04-21 20:42:32,Free_Living,annotator,Experimental situation,2022-04-21 10:44:19,2022-04-21 10:44:23
2022-04-21 20:42:32,2022-04-21 20:42:46,Free_Living,annotator,Experimental situation,2022-04-21 10:44:23,2022-04-21 10:44:37
2022-04-21 20:42:46,2022-04-21 20:48:08,Free_Living,annotator,Experimental situation,2022-04-21 10:44:37,2022-04-21 10:49:59
2022-04-21 20:48:08,2022-04-21 20:48:19,Free_Living,annotator,Experimental situation,2022-04-21 10:49:59,2022-04-21 10:50:10
2022-04-21 20:48:19,2022-04-21 20:48:43,Free_Living,annotator,Experimental situation,2022-04-21 10:50:10,2022-04-21 10:50:34
2022-04-21 20:48:43,2022-04-21 20:48:46,Free_Living,annotator,Experimental situation,2022-04-21 10:50:34,2022-04-21 10:50:37
2022-04-21 20:48:46,2022-04-21 20:49:18,Free_Living,annotator,Experimental situation,2022-04-21 10:50:37,2022-04-21 10:51:09
2022-04-21 20:49:18,2022-04-21 20:49:30,Free_Living,annotator,Experimental situation,2022-04-21 10:51:09,2022-04-21 10:51:21
2022-04-21 20:49:30,2022-04-21 20:50:25,Free_Living,annotator,Experimental situation,2022-04-21 10:51:21,2022-04-21 10:52:16
2022-04-21 20:50:25,2022-04-21 20:54:28,Free_Living,annotator,Experimental situation,2022-04-21 10:52:16,2022-04-21 10:56:19
2022-04-21 20:54:28,2022-04-21 20:54:55,Free_Living,annotator,Experimental situation,2022-04-21 10:56:19,2022-04-21 10:56:46
2022-04-21 20:54:55,2022-04-21 20:55:10,Free_Living,annotator,Experimental situation,2022-04-21 10:56:46,2022-04-21 10:57:01
2022-04-21 20:55:10,2022-04-21 20:55:34,Free_Living,annotator,Experimental situation,2022-04-21 10:57:01,2022-04-21 10:57:25
2022-04-21 20:55:34,2022-04-21 20:56:02,Free_Living,annotator,Experimental situation,2022-04-21 10:57:25,2022-04-21 10:57:53
2022-04-21 20:56:02,2022-04-21 20:57:19,Free_Living,annotator,Experimental situation,2022-04-21 10:57:53,2022-04-21 10:59:10
2022-04-21 20:57:19,2022-04-21 20:59:18,Free_Living,annotator,Experimental situation,2022-04-21 10:59:10,2022-04-21 11:01:09
2022-04-21 20:59:18,2022-04-21 20:59:54,Free_Living,annotator,Experimental situation,2022-04-21 11:01:09,2022-04-21 11:01:45
2022-04-21 20:59:54,2022-04-21 21:00:25,Free_Living,annotator,Experimental situation,2022-04-21 11:01:45,2022-04-21 11:02:16
2022-04-21 21:00:25,2022-04-21 21:10:41,Free_Living,annotator,Experimental situation,2022-04-21 11:02:16,2022-04-21 11:12:32
2022-04-21 21:10:41,2022-04-21 21:13:53,Free_Living,annotator,Experimental situation,2022-04-21 11:12:32,2022-04-21 11:15:44
2022-04-21 21:13:53,2022-04-21 21:16:57,Free_Living,annotator,Experimental situation,2022-04-21 11:15:44,2022-04-21 11:18:48
2022-04-21 21:16:57,2022-04-21 21:23:10,Free_Living,annotator,Experimental situation,2022-04-21 11:18:48,2022-04-21 11:25:01
2022-04-21 21:23:10,2022-04-21 21:23:34,Free_Living,annotator,Experimental situation,2022-04-21 11:25:01,2022-04-21 11:25:25
2022-04-21 21:23:34,2022-04-21 21:24:34,Free_Living,annotator,Experimental situation,2022-04-21 11:25:25,2022-04-21 11:26:25
2022-04-21 21:24:34,2022-04-21 21:25:20,Free_Living,annotator,Experimental situation,2022-04-21 11:26:25,2022-04-21 11:27:11
2022-04-21 21:25:20,2022-04-21 21:25:57,Free_Living,annotator,Experimental situation,2022-04-21 11:27:11,2022-04-21 11:27:48
2022-04-21 21:25:57,2022-04-21 21:29:53,Free_Living,annotator,Experimental situation,2022-04-21 11:27:48,2022-04-21 11:31:44
2022-04-21 21:29:53,2022-04-21 21:37:36,Free_Living,annotator,Experimental situation,2022-04-21 11:31:44,2022-04-21 11:39:27
2022-04-21 21:37:36,2022-04-21 21:39:37,Free_Living,annotator,Experimental situation,2022-04-21 11:39:27,2022-04-21 11:41:28
2022-04-21 21:39:37,2022-04-21 21:41:09,Free_Living,annotator,Experimental situation,2022-04-21 11:41:28,2022-04-21 11:43:00
2022-04-21 21:41:09,2022-04-21 21:42:10,Free_Living,annotator,Experimental situation,2022-04-21 11:43:00,2022-04-21 11:44:01
2022-04-21 21:42:10,2022-04-21 21:43:16,Free_Living,annotator,Experimental situation,2022-04-21 11:44:01,2022-04-21 11:45:07
2022-04-21 21:43:16,2022-04-21 21:44:00,Free_Living,annotator,Experimental situation,2022-04-21 11:45:07,2022-04-21 11:45:51
2022-04-21 21:44:00,2022-04-21 21:45:03,Free_Living,annotator,Experimental situation,2022-04-21 11:45:51,2022-04-21 11:46:54
2022-04-21 21:45:03,2022-04-21 21:47:00,Free_Living,annotator,Experimental situation,2022-04-21 11:46:54,2022-04-21 11:48:51
2022-04-21 21:47:00,2022-04-21 21:47:55,Free_Living,annotator,Experimental situation,2022-04-21 11:48:51,2022-04-21 11:49:46
2022-04-21 21:47:55,2022-04-21 21:49:33,Free_Living,annotator,Experimental situation,2022-04-21 11:49:46,2022-04-21 11:51:24
2022-04-21 21:49:33,2022-04-21 22:01:00,Free_Living,annotator,Experimental situation,2022-04-21 11:51:24,2022-04-21 12:02:51
2022-04-21 22:01:00,2022-04-21 22:01:14,Free_Living,annotator,Experimental situation,2022-04-21 12:02:51,2022-04-21 12:03:05
2022-04-21 22:01:14,2022-04-21 22:26:47,Free_Living,annotator,Experimental situation,2022-04-21 12:03:05,2022-04-21 12:28:38
2022-04-21 22:26:47,2022-04-21 22:27:13,Free_Living,annotator,Experimental situation,2022-04-21 12:28:38,2022-04-21 12:29:04
2022-04-21 22:27:13,2022-04-21 22:29:04,Free_Living,annotator,Experimental situation,2022-04-21 12:29:04,2022-04-21 12:30:55
2022-04-21 22:29:04,2022-04-21 22:38:15,Free_Living,annotator,Experimental situation,2022-04-21 12:30:55,2022-04-21 12:40:06
2022-04-21 22:38:15,2022-04-21 22:38:46,Free_Living,annotator,Experimental situation,2022-04-21 12:40:06,2022-04-21 12:40:37
2022-04-21 22:38:46,2022-04-21 22:44:28,Free_Living,annotator,Experimental situation,2022-04-21 12:40:37,2022-04-21 12:46:19
2022-04-21 22:44:28,2022-04-21 22:55:50,Free_Living,annotator,Experimental situation,2022-04-21 12:46:19,2022-04-21 12:57:41
2022-04-21 22:55:50,2022-04-21 22:59:14,Free_Living,annotator,Experimental situation,2022-04-21 12:57:41,2022-04-21 13:01:05
2022-04-21 22:59:14,2022-04-21 22:59:44,Free_Living,annotator,Experimental situation,2022-04-21 13:01:05,2022-04-21 13:01:35
2022-04-21 22:59:44,2022-04-21 23:00:15,Free_Living,annotator,Experimental situation,2022-04-21 13:01:35,2022-04-21 13:02:06
2022-04-21 23:00:15,2022-04-21 23:00:48,Free_Living,annotator,Experimental situation,2022-04-21 13:02:06,2022-04-21 13:02:39
2022-04-21 23:00:48,2022-04-21 23:05:51,Free_Living,annotator,Experimental situation,2022-04-21 13:02:39,2022-04-21 13:07:42
2022-04-21 23:05:51,2022-04-21 23:16:12,Free_Living,annotator,Experimental situation,2022-04-21 13:07:42,2022-04-21 13:18:03
2022-04-21 23:16:12,2022-04-21 23:16:28,Free_Living,annotator,Experimental situation,2022-04-21 13:18:03,2022-04-21 13:18:19
2022-04-21 23:16:28,2022-04-21 23:17:48,Free_Living,annotator,Experimental situation,2022-04-21 13:18:19,2022-04-21 13:19:39
2022-04-21 23:17:48,2022-04-21 23:25:02,Free_Living,annotator,Experimental situation,2022-04-21 13:19:39,2022-04-21 13:26:53
2022-04-21 23:25:02,2022-04-21 23:25:30,Free_Living,annotator,Experimental situation,2022-04-21 13:26:53,2022-04-21 13:27:21
2022-04-21 23:25:30,2022-04-21 23:25:51,Free_Living,annotator,Experimental situation,2022-04-21 13:27:21,2022-04-21 13:27:42
