START_TIME,STOP_TIME,PREDICTION,SOURCE,LABELSET,VIDEO_START_TIME,VIDEO_END_TIME
2022-05-16 07:19:58,2022-05-16 07:20:26,Free_Living,annotator,Experimental situation,2022-05-16 00:00:00,2022-05-16 00:00:28
2022-05-16 07:20:26,2022-05-16 07:21:13,Free_Living,annotator,Experimental situation,2022-05-16 00:00:28,2022-05-16 00:01:15
2022-05-16 07:21:13,2022-05-16 07:22:01,Free_Living,annotator,Experimental situation,2022-05-16 00:01:15,2022-05-16 00:02:03
2022-05-16 07:22:01,2022-05-16 07:23:49,Free_Living,annotator,Experimental situation,2022-05-16 00:02:03,2022-05-16 00:03:51
2022-05-16 07:23:49,2022-05-16 07:24:25,Free_Living,annotator,Experimental situation,2022-05-16 00:03:51,2022-05-16 00:04:27
2022-05-16 07:24:25,2022-05-16 07:25:09,Free_Living,annotator,Experimental situation,2022-05-16 00:04:27,2022-05-16 00:05:11
2022-05-16 07:25:09,2022-05-16 07:32:28,Free_Living,annotator,Experimental situation,2022-05-16 00:05:11,2022-05-16 00:12:30
2022-05-16 07:32:28,2022-05-16 07:32:50,Free_Living,annotator,Experimental situation,2022-05-16 00:12:30,2022-05-16 00:12:52
2022-05-16 07:32:50,2022-05-16 07:33:06,Free_Living,annotator,Experimental situation,2022-05-16 00:12:52,2022-05-16 00:13:08
2022-05-16 07:33:06,2022-05-16 07:33:10,Free_Living,annotator,Experimental situation,2022-05-16 00:13:08,2022-05-16 00:13:12
2022-05-16 07:33:10,2022-05-16 07:33:35,Free_Living,annotator,Experimental situation,2022-05-16 00:13:12,2022-05-16 00:13:37
2022-05-16 07:33:35,2022-05-16 07:34:00,Free_Living,annotator,Experimental situation,2022-05-16 00:13:37,2022-05-16 00:14:02
2022-05-16 07:34:00,2022-05-16 07:35:40,Free_Living,annotator,Experimental situation,2022-05-16 00:14:02,2022-05-16 00:15:42
2022-05-16 07:35:40,2022-05-16 07:36:51,Free_Living,annotator,Experimental situation,2022-05-16 00:15:42,2022-05-16 00:16:53
2022-05-16 07:36:51,2022-05-16 07:55:31,Free_Living,annotator,Experimental situation,2022-05-16 00:16:53,2022-05-16 00:35:33
2022-05-16 07:55:31,2022-05-16 07:56:14,Free_Living,annotator,Experimental situation,2022-05-16 00:35:33,2022-05-16 00:36:16
2022-05-16 07:56:14,2022-05-16 07:56:41,Free_Living,annotator,Experimental situation,2022-05-16 00:36:16,2022-05-16 00:36:43
2022-05-16 07:56:41,2022-05-16 07:58:42,Free_Living,annotator,Experimental situation,2022-05-16 00:36:43,2022-05-16 00:38:44
2022-05-16 07:58:42,2022-05-16 07:58:54,Free_Living,annotator,Experimental situation,2022-05-16 00:38:44,2022-05-16 00:38:56
2022-05-16 07:58:54,2022-05-16 08:03:28,Free_Living,annotator,Experimental situation,2022-05-16 00:38:56,2022-05-16 00:43:30
2022-05-16 08:03:28,2022-05-16 08:04:00,Free_Living,annotator,Experimental situation,2022-05-16 00:43:30,2022-05-16 00:44:02
2022-05-16 08:04:00,2022-05-16 08:04:30,Free_Living,annotator,Experimental situation,2022-05-16 00:44:02,2022-05-16 00:44:32
2022-05-16 08:04:31,2022-05-16 08:04:58,Free_Living,annotator,Experimental situation,2022-05-16 00:44:33,2022-05-16 00:45:00
2022-05-16 08:04:58,2022-05-16 08:05:42,Free_Living,annotator,Experimental situation,2022-05-16 00:45:00,2022-05-16 00:45:44
2022-05-16 08:05:42,2022-05-16 08:06:30,Free_Living,annotator,Experimental situation,2022-05-16 00:45:44,2022-05-16 00:46:32
2022-05-16 08:06:30,2022-05-16 08:06:43,Free_Living,annotator,Experimental situation,2022-05-16 00:46:32,2022-05-16 00:46:45
2022-05-16 08:06:43,2022-05-16 08:06:48,Free_Living,annotator,Experimental situation,2022-05-16 00:46:45,2022-05-16 00:46:50
2022-05-16 08:06:48,2022-05-16 08:07:05,Free_Living,annotator,Experimental situation,2022-05-16 00:46:50,2022-05-16 00:47:07
2022-05-16 08:07:05,2022-05-16 08:07:12,Free_Living,annotator,Experimental situation,2022-05-16 00:47:07,2022-05-16 00:47:14
2022-05-16 08:07:12,2022-05-16 08:08:18,Free_Living,annotator,Experimental situation,2022-05-16 00:47:14,2022-05-16 00:48:20
2022-05-16 08:08:18,2022-05-16 08:08:24,Free_Living,annotator,Experimental situation,2022-05-16 00:48:20,2022-05-16 00:48:26
2022-05-16 08:08:24,2022-05-16 08:08:48,Free_Living,annotator,Experimental situation,2022-05-16 00:48:26,2022-05-16 00:48:50
2022-05-16 08:08:48,2022-05-16 09:20:21,Free_Living,annotator,Experimental situation,2022-05-16 00:48:50,2022-05-16 02:00:23
2022-05-16 09:20:21,2022-05-16 10:58:50,Free_Living,annotator,Experimental situation,2022-05-16 02:00:23,2022-05-16 03:38:52
2022-05-16 10:58:50,2022-05-16 11:04:29,Free_Living,annotator,Experimental situation,2022-05-16 03:38:52,2022-05-16 03:44:31
2022-05-16 11:04:29,2022-05-16 11:10:45,Free_Living,annotator,Experimental situation,2022-05-16 03:44:31,2022-05-16 03:50:47
2022-05-16 11:10:45,2022-05-16 11:11:04,Free_Living,annotator,Experimental situation,2022-05-16 03:50:47,2022-05-16 03:51:06
2022-05-16 11:11:04,2022-05-16 11:11:50,Free_Living,annotator,Experimental situation,2022-05-16 03:51:06,2022-05-16 03:51:52
2022-05-16 11:11:50,2022-05-16 11:12:18,Free_Living,annotator,Experimental situation,2022-05-16 03:51:52,2022-05-16 03:52:20
2022-05-16 11:12:18,2022-05-16 11:12:43,Free_Living,annotator,Experimental situation,2022-05-16 03:52:20,2022-05-16 03:52:45
2022-05-16 11:12:43,2022-05-16 11:12:54,Free_Living,annotator,Experimental situation,2022-05-16 03:52:45,2022-05-16 03:52:56
2022-05-16 11:12:54,2022-05-16 11:13:06,Free_Living,annotator,Experimental situation,2022-05-16 03:52:56,2022-05-16 03:53:08
2022-05-16 11:13:06,2022-05-16 11:15:51,Free_Living,annotator,Experimental situation,2022-05-16 03:53:08,2022-05-16 03:55:53
2022-05-16 11:15:51,2022-05-16 11:16:29,Free_Living,annotator,Experimental situation,2022-05-16 03:55:53,2022-05-16 03:56:31
2022-05-16 11:16:29,2022-05-16 11:16:36,Free_Living,annotator,Experimental situation,2022-05-16 03:56:31,2022-05-16 03:56:38
2022-05-16 11:16:36,2022-05-16 11:17:19,Free_Living,annotator,Experimental situation,2022-05-16 03:56:38,2022-05-16 03:57:21
2022-05-16 11:17:19,2022-05-16 11:18:01,Free_Living,annotator,Experimental situation,2022-05-16 03:57:21,2022-05-16 03:58:03
2022-05-16 11:18:01,2022-05-16 11:18:19,Free_Living,annotator,Experimental situation,2022-05-16 03:58:03,2022-05-16 03:58:21
2022-05-16 11:18:19,2022-05-16 11:18:35,Free_Living,annotator,Experimental situation,2022-05-16 03:58:21,2022-05-16 03:58:37
2022-05-16 11:18:35,2022-05-16 11:18:52,Free_Living,annotator,Experimental situation,2022-05-16 03:58:37,2022-05-16 03:58:54
2022-05-16 11:18:52,2022-05-16 11:19:11,Free_Living,annotator,Experimental situation,2022-05-16 03:58:54,2022-05-16 03:59:13
2022-05-16 11:19:11,2022-05-16 11:19:22,Free_Living,annotator,Experimental situation,2022-05-16 03:59:13,2022-05-16 03:59:24
2022-05-16 11:19:22,2022-05-16 11:19:33,Free_Living,annotator,Experimental situation,2022-05-16 03:59:24,2022-05-16 03:59:35
2022-05-16 11:19:33,2022-05-16 11:20:13,Free_Living,annotator,Experimental situation,2022-05-16 03:59:35,2022-05-16 04:00:15
2022-05-16 11:20:15,2022-05-16 11:20:36,Free_Living,annotator,Experimental situation,2022-05-16 04:00:17,2022-05-16 04:00:38
2022-05-16 11:20:36,2022-05-16 11:21:03,Free_Living,annotator,Experimental situation,2022-05-16 04:00:38,2022-05-16 04:01:05
2022-05-16 11:21:03,2022-05-16 11:21:15,Free_Living,annotator,Experimental situation,2022-05-16 04:01:05,2022-05-16 04:01:17
2022-05-16 11:21:15,2022-05-16 11:22:00,Free_Living,annotator,Experimental situation,2022-05-16 04:01:17,2022-05-16 04:02:02
2022-05-16 11:22:00,2022-05-16 11:22:16,Free_Living,annotator,Experimental situation,2022-05-16 04:02:02,2022-05-16 04:02:18
2022-05-16 11:22:16,2022-05-16 11:22:35,Free_Living,annotator,Experimental situation,2022-05-16 04:02:18,2022-05-16 04:02:37
2022-05-16 11:22:35,2022-05-16 11:22:52,Free_Living,annotator,Experimental situation,2022-05-16 04:02:37,2022-05-16 04:02:54
2022-05-16 11:22:52,2022-05-16 11:23:12,Free_Living,annotator,Experimental situation,2022-05-16 04:02:54,2022-05-16 04:03:14
2022-05-16 11:23:12,2022-05-16 11:23:28,Free_Living,annotator,Experimental situation,2022-05-16 04:03:14,2022-05-16 04:03:30
2022-05-16 11:23:28,2022-05-16 11:23:46,Free_Living,annotator,Experimental situation,2022-05-16 04:03:30,2022-05-16 04:03:48
2022-05-16 11:23:46,2022-05-16 11:24:10,Free_Living,annotator,Experimental situation,2022-05-16 04:03:48,2022-05-16 04:04:12
2022-05-16 11:24:10,2022-05-16 11:24:43,Free_Living,annotator,Experimental situation,2022-05-16 04:04:12,2022-05-16 04:04:45
2022-05-16 11:24:43,2022-05-16 11:25:04,Free_Living,annotator,Experimental situation,2022-05-16 04:04:45,2022-05-16 04:05:06
2022-05-16 11:25:04,2022-05-16 11:26:05,Free_Living,annotator,Experimental situation,2022-05-16 04:05:06,2022-05-16 04:06:07
2022-05-16 11:26:05,2022-05-16 11:26:42,Free_Living,annotator,Experimental situation,2022-05-16 04:06:07,2022-05-16 04:06:44
2022-05-16 11:26:42,2022-05-16 11:27:24,Free_Living,annotator,Experimental situation,2022-05-16 04:06:44,2022-05-16 04:07:26
2022-05-16 11:27:24,2022-05-16 11:27:38,Free_Living,annotator,Experimental situation,2022-05-16 04:07:26,2022-05-16 04:07:40
2022-05-16 11:27:38,2022-05-16 11:29:46,Free_Living,annotator,Experimental situation,2022-05-16 04:07:40,2022-05-16 04:09:48
2022-05-16 11:29:46,2022-05-16 11:30:18,Free_Living,annotator,Experimental situation,2022-05-16 04:09:48,2022-05-16 04:10:20
2022-05-16 11:30:18,2022-05-16 11:30:41,Free_Living,annotator,Experimental situation,2022-05-16 04:10:20,2022-05-16 04:10:43
2022-05-16 11:30:41,2022-05-16 11:31:28,Free_Living,annotator,Experimental situation,2022-05-16 04:10:43,2022-05-16 04:11:30
2022-05-16 11:31:28,2022-05-16 11:31:48,Free_Living,annotator,Experimental situation,2022-05-16 04:11:30,2022-05-16 04:11:50
2022-05-16 11:31:48,2022-05-16 11:32:06,Free_Living,annotator,Experimental situation,2022-05-16 04:11:50,2022-05-16 04:12:08
2022-05-16 11:32:06,2022-05-16 11:32:13,Free_Living,annotator,Experimental situation,2022-05-16 04:12:08,2022-05-16 04:12:15
2022-05-16 11:32:13,2022-05-16 11:32:30,Free_Living,annotator,Experimental situation,2022-05-16 04:12:15,2022-05-16 04:12:32
2022-05-16 11:32:30,2022-05-16 11:33:44,Free_Living,annotator,Experimental situation,2022-05-16 04:12:32,2022-05-16 04:13:46
2022-05-16 11:33:44,2022-05-16 11:35:01,Free_Living,annotator,Experimental situation,2022-05-16 04:13:46,2022-05-16 04:15:03
2022-05-16 11:35:01,2022-05-16 11:35:10,Free_Living,annotator,Experimental situation,2022-05-16 04:15:03,2022-05-16 04:15:12
2022-05-16 11:35:10,2022-05-16 11:35:24,Free_Living,annotator,Experimental situation,2022-05-16 04:15:12,2022-05-16 04:15:26
2022-05-16 11:35:24,2022-05-16 11:35:31,Free_Living,annotator,Experimental situation,2022-05-16 04:15:26,2022-05-16 04:15:33
2022-05-16 11:35:31,2022-05-16 11:35:53,Free_Living,annotator,Experimental situation,2022-05-16 04:15:33,2022-05-16 04:15:55
2022-05-16 11:35:53,2022-05-16 11:36:28,Free_Living,annotator,Experimental situation,2022-05-16 04:15:55,2022-05-16 04:16:30
2022-05-16 11:36:28,2022-05-16 11:36:33,Free_Living,annotator,Experimental situation,2022-05-16 04:16:30,2022-05-16 04:16:35
2022-05-16 11:36:33,2022-05-16 11:37:07,Free_Living,annotator,Experimental situation,2022-05-16 04:16:35,2022-05-16 04:17:09
2022-05-16 11:37:07,2022-05-16 11:37:09,Free_Living,annotator,Experimental situation,2022-05-16 04:17:09,2022-05-16 04:17:11
2022-05-16 11:37:09,2022-05-16 11:37:17,Free_Living,annotator,Experimental situation,2022-05-16 04:17:11,2022-05-16 04:17:19
2022-05-16 11:37:17,2022-05-16 11:37:29,Free_Living,annotator,Experimental situation,2022-05-16 04:17:19,2022-05-16 04:17:31
2022-05-16 11:37:29,2022-05-16 11:38:50,Free_Living,annotator,Experimental situation,2022-05-16 04:17:31,2022-05-16 04:18:52
2022-05-16 11:38:50,2022-05-16 11:39:23,Free_Living,annotator,Experimental situation,2022-05-16 04:18:52,2022-05-16 04:19:25
2022-05-16 11:39:23,2022-05-16 11:40:36,Free_Living,annotator,Experimental situation,2022-05-16 04:19:25,2022-05-16 04:20:38
2022-05-16 11:40:36,2022-05-16 11:46:40,Free_Living,annotator,Experimental situation,2022-05-16 04:20:38,2022-05-16 04:26:42
2022-05-16 11:46:40,2022-05-16 11:53:31,Free_Living,annotator,Experimental situation,2022-05-16 04:26:42,2022-05-16 04:33:33
2022-05-16 11:53:31,2022-05-16 11:53:55,Free_Living,annotator,Experimental situation,2022-05-16 04:33:33,2022-05-16 04:33:57
2022-05-16 11:53:55,2022-05-16 11:54:06,Free_Living,annotator,Experimental situation,2022-05-16 04:33:57,2022-05-16 04:34:08
2022-05-16 11:54:06,2022-05-16 11:54:18,Free_Living,annotator,Experimental situation,2022-05-16 04:34:08,2022-05-16 04:34:20
2022-05-16 11:54:18,2022-05-16 11:54:43,Free_Living,annotator,Experimental situation,2022-05-16 04:34:20,2022-05-16 04:34:45
2022-05-16 11:54:43,2022-05-16 11:54:51,Free_Living,annotator,Experimental situation,2022-05-16 04:34:45,2022-05-16 04:34:53
2022-05-16 11:54:51,2022-05-16 11:55:11,Free_Living,annotator,Experimental situation,2022-05-16 04:34:53,2022-05-16 04:35:13
2022-05-16 11:55:11,2022-05-16 11:58:28,Free_Living,annotator,Experimental situation,2022-05-16 04:35:13,2022-05-16 04:38:30
2022-05-16 11:58:28,2022-05-16 12:01:02,Free_Living,annotator,Experimental situation,2022-05-16 04:38:30,2022-05-16 04:41:04
2022-05-16 12:01:02,2022-05-16 12:04:14,Free_Living,annotator,Experimental situation,2022-05-16 04:41:04,2022-05-16 04:44:16
2022-05-16 12:04:14,2022-05-16 12:04:23,Free_Living,annotator,Experimental situation,2022-05-16 04:44:16,2022-05-16 04:44:25
2022-05-16 12:04:23,2022-05-16 12:04:32,Free_Living,annotator,Experimental situation,2022-05-16 04:44:25,2022-05-16 04:44:34
2022-05-16 12:04:32,2022-05-16 12:04:40,Free_Living,annotator,Experimental situation,2022-05-16 04:44:34,2022-05-16 04:44:42
2022-05-16 12:04:40,2022-05-16 12:16:19,Free_Living,annotator,Experimental situation,2022-05-16 04:44:42,2022-05-16 04:56:21
2022-05-16 12:16:19,2022-05-16 12:16:29,Free_Living,annotator,Experimental situation,2022-05-16 04:56:21,2022-05-16 04:56:31
2022-05-16 12:16:29,2022-05-16 12:16:41,Free_Living,annotator,Experimental situation,2022-05-16 04:56:31,2022-05-16 04:56:43
2022-05-16 12:16:41,2022-05-16 12:16:54,Free_Living,annotator,Experimental situation,2022-05-16 04:56:43,2022-05-16 04:56:56
2022-05-16 12:16:54,2022-05-16 12:19:17,Free_Living,annotator,Experimental situation,2022-05-16 04:56:56,2022-05-16 04:59:19
2022-05-16 12:19:17,2022-05-16 12:19:23,Free_Living,annotator,Experimental situation,2022-05-16 04:59:19,2022-05-16 04:59:25
2022-05-16 12:19:23,2022-05-16 12:19:42,Free_Living,annotator,Experimental situation,2022-05-16 04:59:25,2022-05-16 04:59:44
2022-05-16 12:19:42,2022-05-16 12:19:46,Free_Living,annotator,Experimental situation,2022-05-16 04:59:44,2022-05-16 04:59:48
2022-05-16 12:19:46,2022-05-16 12:31:06,Free_Living,annotator,Experimental situation,2022-05-16 04:59:48,2022-05-16 05:11:08
2022-05-16 12:31:06,2022-05-16 12:31:30,Free_Living,annotator,Experimental situation,2022-05-16 05:11:08,2022-05-16 05:11:32
2022-05-16 12:31:30,2022-05-16 12:31:42,Free_Living,annotator,Experimental situation,2022-05-16 05:11:32,2022-05-16 05:11:44
2022-05-16 12:31:42,2022-05-16 12:33:51,Free_Living,annotator,Experimental situation,2022-05-16 05:11:44,2022-05-16 05:13:53
2022-05-16 12:33:51,2022-05-16 12:34:02,Free_Living,annotator,Experimental situation,2022-05-16 05:13:53,2022-05-16 05:14:04
2022-05-16 12:34:02,2022-05-16 12:38:31,Free_Living,annotator,Experimental situation,2022-05-16 05:14:04,2022-05-16 05:18:33
2022-05-16 12:38:31,2022-05-16 12:39:23,Free_Living,annotator,Experimental situation,2022-05-16 05:18:33,2022-05-16 05:19:25
2022-05-16 12:39:23,2022-05-16 12:39:29,Free_Living,annotator,Experimental situation,2022-05-16 05:19:25,2022-05-16 05:19:31
2022-05-16 12:39:29,2022-05-16 12:40:03,Free_Living,annotator,Experimental situation,2022-05-16 05:19:31,2022-05-16 05:20:05
2022-05-16 12:40:03,2022-05-16 12:40:39,Free_Living,annotator,Experimental situation,2022-05-16 05:20:05,2022-05-16 05:20:41
2022-05-16 12:40:39,2022-05-16 12:40:43,Free_Living,annotator,Experimental situation,2022-05-16 05:20:41,2022-05-16 05:20:45
2022-05-16 12:40:43,2022-05-16 12:41:04,Free_Living,annotator,Experimental situation,2022-05-16 05:20:45,2022-05-16 05:21:06
2022-05-16 12:41:04,2022-05-16 12:41:14,Free_Living,annotator,Experimental situation,2022-05-16 05:21:06,2022-05-16 05:21:16
2022-05-16 12:41:14,2022-05-16 12:41:28,Free_Living,annotator,Experimental situation,2022-05-16 05:21:16,2022-05-16 05:21:30
2022-05-16 12:41:28,2022-05-16 12:41:33,Free_Living,annotator,Experimental situation,2022-05-16 05:21:30,2022-05-16 05:21:35
2022-05-16 12:41:33,2022-05-16 12:46:16,Free_Living,annotator,Experimental situation,2022-05-16 05:21:35,2022-05-16 05:26:18
2022-05-16 12:46:16,2022-05-16 12:46:43,Free_Living,annotator,Experimental situation,2022-05-16 05:26:18,2022-05-16 05:26:45
2022-05-16 12:46:43,2022-05-16 12:46:52,Free_Living,annotator,Experimental situation,2022-05-16 05:26:45,2022-05-16 05:26:54
2022-05-16 12:46:52,2022-05-16 12:47:07,Free_Living,annotator,Experimental situation,2022-05-16 05:26:54,2022-05-16 05:27:09
2022-05-16 12:47:07,2022-05-16 13:02:21,Free_Living,annotator,Experimental situation,2022-05-16 05:27:09,2022-05-16 05:42:23
2022-05-16 13:02:21,2022-05-16 13:02:41,Free_Living,annotator,Experimental situation,2022-05-16 05:42:23,2022-05-16 05:42:43
2022-05-16 13:02:41,2022-05-16 13:03:11,Free_Living,annotator,Experimental situation,2022-05-16 05:42:43,2022-05-16 05:43:13
2022-05-16 13:03:11,2022-05-16 13:03:33,Free_Living,annotator,Experimental situation,2022-05-16 05:43:13,2022-05-16 05:43:35
2022-05-16 13:03:33,2022-05-16 13:11:06,Free_Living,annotator,Experimental situation,2022-05-16 05:43:35,2022-05-16 05:51:08
2022-05-16 13:11:06,2022-05-16 13:11:09,Free_Living,annotator,Experimental situation,2022-05-16 05:51:08,2022-05-16 05:51:11
2022-05-16 13:11:09,2022-05-16 13:20:40,Free_Living,annotator,Experimental situation,2022-05-16 05:51:11,2022-05-16 06:00:42
