START_TIME,STOP_TIME,PREDICTION,SOURCE,LABELSET,VIDEO_START_TIME,VIDEO_END_TIME
2022-05-17 17:17:02,2022-05-17 17:18:24,Located_Indoors, In_Conversation,annotator,Behavioral Parameters,2022-05-17 00:00:00,2022-05-17 00:01:22
2022-05-17 17:18:24,2022-05-17 17:19:31,Located_Indoors, In_Conversation,annotator,Behavioral Parameters,2022-05-17 00:01:22,2022-05-17 00:02:29
2022-05-17 17:19:31,2022-05-17 17:20:36,CP_VideoUnavailable/Indecipherable,annotator,Behavioral Parameters,2022-05-17 00:02:29,2022-05-17 00:03:34
2022-05-17 17:20:36,2022-05-17 17:24:56,Located_Indoors, In_Conversation,annotator,Behavioral Parameters,2022-05-17 00:03:34,2022-05-17 00:07:54
2022-05-17 17:24:56,2022-05-17 17:25:13,Located_Indoors, Carrying_Bag_On_Shoulder/Back_Light,annotator,Behavioral Parameters,2022-05-17 00:07:54,2022-05-17 00:08:11
2022-05-17 17:25:13,2022-05-17 17:25:39,Located_Indoors, Carrying_Bag_On_Shoulder/Back_Light, Holding_Other_Object_Light, Texting/Browsing_Phone,annotator,Behavioral Parameters,2022-05-17 00:08:11,2022-05-17 00:08:37
2022-05-17 17:25:39,2022-05-17 17:25:50,Located_Indoors, Carrying_Bag_On_Shoulder/Back_Light,annotator,Behavioral Parameters,2022-05-17 00:08:37,2022-05-17 00:08:48
2022-05-17 17:25:50,2022-05-17 17:26:04,Located_Indoors, Carrying_Bag_On_Shoulder/Back_Light,annotator,Behavioral Parameters,2022-05-17 00:08:48,2022-05-17 00:09:02
2022-05-17 17:26:04,2022-05-17 17:26:38,Carrying_Bag_On_Shoulder/Back_Light, Located_Outdoors,annotator,Behavioral Parameters,2022-05-17 00:09:02,2022-05-17 00:09:36
2022-05-17 17:26:38,2022-05-17 17:27:24,Carrying_Bag_On_Shoulder/Back_Light, Located_Indoors,annotator,Behavioral Parameters,2022-05-17 00:09:36,2022-05-17 00:10:22
2022-05-17 17:27:24,2022-05-17 17:27:46,Carrying_Bag_On_Shoulder/Back_Light, Located_Indoors,annotator,Behavioral Parameters,2022-05-17 00:10:22,2022-05-17 00:10:44
2022-05-17 17:27:46,2022-05-17 17:28:20,Carrying_Bag_On_Shoulder/Back_Light, Located_Indoors,annotator,Behavioral Parameters,2022-05-17 00:10:44,2022-05-17 00:11:18
2022-05-17 17:28:20,2022-05-17 17:28:40,Located_Indoors,annotator,Behavioral Parameters,2022-05-17 00:11:18,2022-05-17 00:11:38
2022-05-17 17:28:40,2022-05-17 17:29:42,Located_Indoors, Holding_Other_Object_Light, Texting/Browsing_Phone,annotator,Behavioral Parameters,2022-05-17 00:11:38,2022-05-17 00:12:40
2022-05-17 17:29:42,2022-05-17 17:30:13,Located_Indoors, Browsing_Computer,annotator,Behavioral Parameters,2022-05-17 00:12:40,2022-05-17 00:13:11
2022-05-17 17:30:13,2022-05-17 17:31:04,Located_Indoors, Holding_Other_Object_Light, Texting/Browsing_Phone,annotator,Behavioral Parameters,2022-05-17 00:13:11,2022-05-17 00:14:02
2022-05-17 17:31:04,2022-05-17 17:32:31,Located_Indoors, Holding_Other_Object_Light,annotator,Behavioral Parameters,2022-05-17 00:14:02,2022-05-17 00:15:29
2022-05-17 17:32:31,2022-05-17 17:33:05,Located_Indoors, Holding_Other_Object_Light, Texting/Browsing_Phone,annotator,Behavioral Parameters,2022-05-17 00:15:29,2022-05-17 00:16:03
2022-05-17 17:33:05,2022-05-17 17:33:37,Located_Indoors, Holding_Other_Object_Light,annotator,Behavioral Parameters,2022-05-17 00:16:03,2022-05-17 00:16:35
2022-05-17 17:33:37,2022-05-17 17:34:45,Located_Indoors, Holding_Other_Object_Light, Texting/Browsing_Phone,annotator,Behavioral Parameters,2022-05-17 00:16:35,2022-05-17 00:17:43
2022-05-17 17:34:45,2022-05-17 17:35:08,Located_Indoors, Holding_Other_Object_Light,annotator,Behavioral Parameters,2022-05-17 00:17:43,2022-05-17 00:18:06
2022-05-17 17:35:08,2022-05-17 17:35:26,Located_Indoors, Holding_Other_Object_Light, Texting/Browsing_Phone,annotator,Behavioral Parameters,2022-05-17 00:18:06,2022-05-17 00:18:24
2022-05-17 17:35:26,2022-05-17 17:37:56,Located_Indoors, Holding_Other_Object_Light,annotator,Behavioral Parameters,2022-05-17 00:18:24,2022-05-17 00:20:54
2022-05-17 17:37:56,2022-05-17 17:38:11,Located_Indoors, Browsing_Computer,annotator,Behavioral Parameters,2022-05-17 00:20:54,2022-05-17 00:21:09
2022-05-17 17:38:11,2022-05-17 17:38:23,Located_Indoors, Holding_Other_Object_Light, Texting/Browsing_Phone,annotator,Behavioral Parameters,2022-05-17 00:21:09,2022-05-17 00:21:21
2022-05-17 17:38:23,2022-05-17 17:54:28,Located_Indoors, Browsing_Computer,annotator,Behavioral Parameters,2022-05-17 00:21:21,2022-05-17 00:37:26
2022-05-17 17:54:28,2022-05-17 17:55:52,Located_Indoors, Holding_Other_Object_Light, Texting/Browsing_Phone,annotator,Behavioral Parameters,2022-05-17 00:37:26,2022-05-17 00:38:50
2022-05-17 17:55:52,2022-05-17 18:01:51,Located_Indoors, Typing_Computer,annotator,Behavioral Parameters,2022-05-17 00:38:50,2022-05-17 00:44:49
2022-05-17 18:01:51,2022-05-17 18:02:40,Located_Indoors, Holding_Other_Object_Light, Texting/Browsing_Phone,annotator,Behavioral Parameters,2022-05-17 00:44:49,2022-05-17 00:45:38
2022-05-17 18:02:40,2022-05-17 18:04:56,Located_Indoors, Typing_Computer,annotator,Behavioral Parameters,2022-05-17 00:45:38,2022-05-17 00:47:54
2022-05-17 18:04:56,2022-05-17 18:07:44,Located_Indoors, Holding_Other_Object_Light, Texting/Browsing_Phone,annotator,Behavioral Parameters,2022-05-17 00:47:54,2022-05-17 00:50:42
2022-05-17 18:07:44,2022-05-17 18:14:34,Located_Indoors, Typing_Computer,annotator,Behavioral Parameters,2022-05-17 00:50:42,2022-05-17 00:57:32
2022-05-17 18:14:34,2022-05-17 18:15:24,Located_Indoors, Holding_Other_Object_Light, Texting/Browsing_Phone,annotator,Behavioral Parameters,2022-05-17 00:57:32,2022-05-17 00:58:22
2022-05-17 18:15:24,2022-05-17 18:35:05,Located_Indoors, Typing_Computer,annotator,Behavioral Parameters,2022-05-17 00:58:22,2022-05-17 01:18:03
2022-05-17 18:35:05,2022-05-17 18:35:49,Located_Indoors, Legs_Crossed,annotator,Behavioral Parameters,2022-05-17 01:18:03,2022-05-17 01:18:47
2022-05-17 18:35:49,2022-05-17 18:36:17,Located_Indoors,annotator,Behavioral Parameters,2022-05-17 01:18:47,2022-05-17 01:19:15
2022-05-17 18:36:17,2022-05-17 18:37:54,Located_Indoors, Browsing_Computer,annotator,Behavioral Parameters,2022-05-17 01:19:15,2022-05-17 01:20:52
2022-05-17 18:37:54,2022-05-17 18:40:21,Located_Indoors, Holding_Other_Object_Light, Texting/Browsing_Phone,annotator,Behavioral Parameters,2022-05-17 01:20:52,2022-05-17 01:23:19
2022-05-17 18:40:21,2022-05-17 18:42:12,Located_Indoors, Typing_Computer,annotator,Behavioral Parameters,2022-05-17 01:23:19,2022-05-17 01:25:10
2022-05-17 18:42:12,2022-05-17 18:42:58,Located_Indoors,annotator,Behavioral Parameters,2022-05-17 01:25:10,2022-05-17 01:25:56
2022-05-17 18:42:58,2022-05-17 18:45:02,Located_Indoors, Typing_Computer,annotator,Behavioral Parameters,2022-05-17 01:25:56,2022-05-17 01:28:00
2022-05-17 18:45:02,2022-05-17 18:46:06,Located_Indoors, Holding_Other_Object_Light, Texting/Browsing_Phone,annotator,Behavioral Parameters,2022-05-17 01:28:00,2022-05-17 01:29:04
2022-05-17 18:46:06,2022-05-17 19:00:49,Located_Indoors, Typing_Computer,annotator,Behavioral Parameters,2022-05-17 01:29:04,2022-05-17 01:43:47
2022-05-17 19:00:49,2022-05-17 19:01:26,Located_Indoors,annotator,Behavioral Parameters,2022-05-17 01:43:47,2022-05-17 01:44:24
2022-05-17 19:01:26,2022-05-17 19:01:28,Located_Indoors,annotator,Behavioral Parameters,2022-05-17 01:44:24,2022-05-17 01:44:26
2022-05-17 19:01:28,2022-05-17 19:01:54,Located_Indoors,annotator,Behavioral Parameters,2022-05-17 01:44:26,2022-05-17 01:44:52
2022-05-17 19:01:54,2022-05-17 19:02:00,Located_Indoors,annotator,Behavioral Parameters,2022-05-17 01:44:52,2022-05-17 01:44:58
2022-05-17 19:02:00,2022-05-17 19:02:05,Located_Indoors, Holding_Other_Object_Light,annotator,Behavioral Parameters,2022-05-17 01:44:58,2022-05-17 01:45:03
2022-05-17 19:02:05,2022-05-17 19:02:09,Located_Indoors,annotator,Behavioral Parameters,2022-05-17 01:45:03,2022-05-17 01:45:07
2022-05-17 19:02:09,2022-05-17 19:02:20,Located_Indoors,annotator,Behavioral Parameters,2022-05-17 01:45:07,2022-05-17 01:45:18
2022-05-17 19:02:20,2022-05-17 19:02:44,Located_Indoors, Holding_Other_Object_Light, Handwriting,annotator,Behavioral Parameters,2022-05-17 01:45:18,2022-05-17 01:45:42
2022-05-17 19:02:44,2022-05-17 19:03:03,Located_Indoors,annotator,Behavioral Parameters,2022-05-17 01:45:42,2022-05-17 01:46:01
2022-05-17 19:03:03,2022-05-17 19:03:22,Located_Indoors,annotator,Behavioral Parameters,2022-05-17 01:46:01,2022-05-17 01:46:20
2022-05-17 19:03:22,2022-05-17 19:03:54,Located_Indoors,annotator,Behavioral Parameters,2022-05-17 01:46:20,2022-05-17 01:46:52
2022-05-17 19:03:54,2022-05-17 19:04:07,Located_Indoors, Holding_Drink,annotator,Behavioral Parameters,2022-05-17 01:46:52,2022-05-17 01:47:05
2022-05-17 19:04:07,2022-05-17 19:04:15,Located_Indoors,annotator,Behavioral Parameters,2022-05-17 01:47:05,2022-05-17 01:47:13
2022-05-17 19:04:15,2022-05-17 19:04:27,Located_Indoors, Holding_Other_Object_Light,annotator,Behavioral Parameters,2022-05-17 01:47:13,2022-05-17 01:47:25
2022-05-17 19:04:27,2022-05-17 19:04:36,Located_Indoors, Holding_Other_Object_Light,annotator,Behavioral Parameters,2022-05-17 01:47:25,2022-05-17 01:47:34
2022-05-17 19:04:36,2022-05-17 19:04:53,Located_Indoors, Holding_Other_Object_Light,annotator,Behavioral Parameters,2022-05-17 01:47:34,2022-05-17 01:47:51
2022-05-17 19:04:53,2022-05-17 19:05:11,Located_Indoors,annotator,Behavioral Parameters,2022-05-17 01:47:51,2022-05-17 01:48:09
2022-05-17 19:05:11,2022-05-17 19:05:34,Located_Indoors,annotator,Behavioral Parameters,2022-05-17 01:48:09,2022-05-17 01:48:32
2022-05-17 19:05:34,2022-05-17 19:06:48,Located_Indoors, Holding_Other_Object_Light, Handwriting,annotator,Behavioral Parameters,2022-05-17 01:48:32,2022-05-17 01:49:46
2022-05-17 19:06:48,2022-05-17 19:24:03,CP_VideoUnavailable/Indecipherable,annotator,Behavioral Parameters,2022-05-17 01:49:46,2022-05-17 02:07:01
2022-05-17 19:24:03,2022-05-17 19:24:33,Located_Indoors,annotator,Behavioral Parameters,2022-05-17 02:07:01,2022-05-17 02:07:31
2022-05-17 19:24:33,2022-05-17 19:24:35,Located_Indoors,annotator,Behavioral Parameters,2022-05-17 02:07:31,2022-05-17 02:07:33
2022-05-17 19:24:35,2022-05-17 19:24:42,Located_Indoors, Holding_Other_Object_Light,annotator,Behavioral Parameters,2022-05-17 02:07:33,2022-05-17 02:07:40
2022-05-17 19:24:42,2022-05-17 19:25:08,Located_Indoors, Holding_Other_Object_Light,annotator,Behavioral Parameters,2022-05-17 02:07:40,2022-05-17 02:08:06
2022-05-17 19:25:08,2022-05-17 19:25:16,Located_Indoors, Holding_Other_Object_Light,annotator,Behavioral Parameters,2022-05-17 02:08:06,2022-05-17 02:08:14
2022-05-17 19:25:16,2022-05-17 19:25:19,Located_Indoors,annotator,Behavioral Parameters,2022-05-17 02:08:14,2022-05-17 02:08:17
2022-05-17 19:25:19,2022-05-17 19:25:41,Located_Indoors,annotator,Behavioral Parameters,2022-05-17 02:08:17,2022-05-17 02:08:39
2022-05-17 19:25:41,2022-05-17 19:25:51,Located_Indoors,annotator,Behavioral Parameters,2022-05-17 02:08:39,2022-05-17 02:08:49
2022-05-17 19:25:51,2022-05-17 19:26:03,Located_Indoors, Browsing_Computer,annotator,Behavioral Parameters,2022-05-17 02:08:49,2022-05-17 02:09:01
2022-05-17 19:26:03,2022-05-17 19:26:32,Located_Indoors, Holding_Other_Object_Light, Texting/Browsing_Phone,annotator,Behavioral Parameters,2022-05-17 02:09:01,2022-05-17 02:09:30
2022-05-17 19:26:32,2022-05-17 19:33:33,Located_Indoors, Typing_Computer,annotator,Behavioral Parameters,2022-05-17 02:09:30,2022-05-17 02:16:31
2022-05-17 19:33:33,2022-05-17 19:33:48,Located_Indoors, Holding_Other_Object_Light, Texting/Browsing_Phone,annotator,Behavioral Parameters,2022-05-17 02:16:31,2022-05-17 02:16:46
2022-05-17 19:33:48,2022-05-17 19:50:07,Located_Indoors, Typing_Computer,annotator,Behavioral Parameters,2022-05-17 02:16:46,2022-05-17 02:33:05
2022-05-17 19:50:07,2022-05-17 19:53:45,Located_Indoors, Holding_Other_Object_Light, Texting/Browsing_Phone,annotator,Behavioral Parameters,2022-05-17 02:33:05,2022-05-17 02:36:43
2022-05-17 19:53:45,2022-05-17 19:55:53,Located_Indoors, Typing_Computer,annotator,Behavioral Parameters,2022-05-17 02:36:43,2022-05-17 02:38:51
2022-05-17 19:55:53,2022-05-17 19:56:04,Located_Indoors, Holding_Other_Object_Light,annotator,Behavioral Parameters,2022-05-17 02:38:51,2022-05-17 02:39:02
2022-05-17 19:56:04,2022-05-17 19:56:15,Located_Indoors,annotator,Behavioral Parameters,2022-05-17 02:39:02,2022-05-17 02:39:13
2022-05-17 19:56:15,2022-05-17 20:01:53,Located_Indoors, Holding_Other_Object_Light, Handwriting,annotator,Behavioral Parameters,2022-05-17 02:39:13,2022-05-17 02:44:51
2022-05-17 20:01:53,2022-05-17 20:07:35,Located_Indoors, Browsing_Computer,annotator,Behavioral Parameters,2022-05-17 02:44:51,2022-05-17 02:50:33
2022-05-17 20:07:35,2022-05-17 20:08:48,Located_Indoors, Typing_Computer,annotator,Behavioral Parameters,2022-05-17 02:50:33,2022-05-17 02:51:46
2022-05-17 20:08:48,2022-05-17 20:14:57,Located_Indoors, Holding_Other_Object_Light, Texting/Browsing_Phone,annotator,Behavioral Parameters,2022-05-17 02:51:46,2022-05-17 02:57:55
2022-05-17 20:14:57,2022-05-17 20:16:50,Located_Indoors, Typing_Computer,annotator,Behavioral Parameters,2022-05-17 02:57:55,2022-05-17 02:59:48
2022-05-17 20:16:50,2022-05-17 20:17:32,Located_Indoors,annotator,Behavioral Parameters,2022-05-17 02:59:48,2022-05-17 03:00:30
2022-05-17 20:17:32,2022-05-17 20:17:43,Located_Indoors, Holding_Other_Object_Light, Texting/Browsing_Phone,annotator,Behavioral Parameters,2022-05-17 03:00:30,2022-05-17 03:00:41
2022-05-17 20:17:43,2022-05-17 20:19:45,Located_Indoors, Browsing_Computer,annotator,Behavioral Parameters,2022-05-17 03:00:41,2022-05-17 03:02:43
2022-05-17 20:19:45,2022-05-17 20:24:47,Located_Indoors, Typing_Computer,annotator,Behavioral Parameters,2022-05-17 03:02:43,2022-05-17 03:07:45
2022-05-17 20:24:47,2022-05-17 20:25:27,Located_Indoors,annotator,Behavioral Parameters,2022-05-17 03:07:45,2022-05-17 03:08:25
2022-05-17 20:25:27,2022-05-17 20:39:02,Located_Indoors, Typing_Computer,annotator,Behavioral Parameters,2022-05-17 03:08:25,2022-05-17 03:22:00
2022-05-17 20:39:02,2022-05-17 20:39:28,Located_Indoors, Holding_Other_Object_Light, Texting/Browsing_Phone,annotator,Behavioral Parameters,2022-05-17 03:22:00,2022-05-17 03:22:26
2022-05-17 20:39:28,2022-05-17 20:39:59,Located_Indoors,annotator,Behavioral Parameters,2022-05-17 03:22:26,2022-05-17 03:22:57
2022-05-17 20:39:59,2022-05-17 20:41:58,Located_Indoors, Typing_Computer,annotator,Behavioral Parameters,2022-05-17 03:22:57,2022-05-17 03:24:56
2022-05-17 20:41:58,2022-05-17 20:42:18,Located_Indoors,annotator,Behavioral Parameters,2022-05-17 03:24:56,2022-05-17 03:25:16
2022-05-17 20:42:18,2022-05-17 20:43:21,Located_Indoors, Holding_Other_Object_Light,annotator,Behavioral Parameters,2022-05-17 03:25:16,2022-05-17 03:26:19
2022-05-17 20:43:21,2022-05-17 20:44:08,Located_Indoors, Typing_Computer,annotator,Behavioral Parameters,2022-05-17 03:26:19,2022-05-17 03:27:06
2022-05-17 20:44:08,2022-05-17 20:44:56,Located_Indoors,annotator,Behavioral Parameters,2022-05-17 03:27:06,2022-05-17 03:27:54
2022-05-17 20:44:56,2022-05-17 20:45:59,CP_VideoUnavailable/Indecipherable,annotator,Behavioral Parameters,2022-05-17 03:27:54,2022-05-17 03:28:57
2022-05-17 20:45:59,2022-05-17 20:46:22,Located_Indoors,annotator,Behavioral Parameters,2022-05-17 03:28:57,2022-05-17 03:29:20
2022-05-17 20:46:22,2022-05-17 20:46:32,Located_Indoors,annotator,Behavioral Parameters,2022-05-17 03:29:20,2022-05-17 03:29:30
2022-05-17 20:46:32,2022-05-17 20:46:51,Located_Indoors,annotator,Behavioral Parameters,2022-05-17 03:29:30,2022-05-17 03:29:49
2022-05-17 20:46:51,2022-05-17 20:47:55,Located_Indoors, Typing_Computer,annotator,Behavioral Parameters,2022-05-17 03:29:49,2022-05-17 03:30:53
2022-05-17 20:47:55,2022-05-17 20:48:58,Located_Indoors,annotator,Behavioral Parameters,2022-05-17 03:30:53,2022-05-17 03:31:56
2022-05-17 20:48:58,2022-05-17 21:05:05,Located_Indoors, Typing_Computer,annotator,Behavioral Parameters,2022-05-17 03:31:56,2022-05-17 03:48:03
2022-05-17 21:05:05,2022-05-17 21:05:08,Located_Indoors,annotator,Behavioral Parameters,2022-05-17 03:48:03,2022-05-17 03:48:06
2022-05-17 21:05:08,2022-05-17 21:05:20,Located_Indoors, Legs_Crossed,annotator,Behavioral Parameters,2022-05-17 03:48:06,2022-05-17 03:48:18
2022-05-17 21:05:20,2022-05-17 21:10:35,Located_Indoors, Legs_Crossed, Holding_Other_Object_Light, Texting/Browsing_Phone,annotator,Behavioral Parameters,2022-05-17 03:48:18,2022-05-17 03:53:33
2022-05-17 21:10:35,2022-05-17 21:11:09,Located_Indoors, Legs_Crossed, In_Conversation,annotator,Behavioral Parameters,2022-05-17 03:53:33,2022-05-17 03:54:07
2022-05-17 21:11:09,2022-05-17 21:12:37,Located_Indoors, Legs_Crossed, In_Conversation, Holding_Other_Object_Light,annotator,Behavioral Parameters,2022-05-17 03:54:07,2022-05-17 03:55:35
2022-05-17 21:12:37,2022-05-17 21:15:34,Located_Indoors, Browsing_Computer,annotator,Behavioral Parameters,2022-05-17 03:55:35,2022-05-17 03:58:32
2022-05-17 21:15:34,2022-05-17 21:16:43,Located_Indoors, Typing_Computer,annotator,Behavioral Parameters,2022-05-17 03:58:32,2022-05-17 03:59:41
2022-05-17 21:16:43,2022-05-17 21:17:06,Located_Indoors, Holding_Other_Object_Light, Texting/Browsing_Phone,annotator,Behavioral Parameters,2022-05-17 03:59:41,2022-05-17 04:00:04
2022-05-17 21:17:06,2022-05-17 21:17:27,Located_Indoors, Browsing_Computer,annotator,Behavioral Parameters,2022-05-17 04:00:04,2022-05-17 04:00:25
2022-05-17 21:17:27,2022-05-17 21:17:52,Located_Indoors,annotator,Behavioral Parameters,2022-05-17 04:00:25,2022-05-17 04:00:50
2022-05-17 21:17:52,2022-05-17 21:18:06,Located_Indoors, Holding_Other_Object_Light, Legs_Uncrossed,annotator,Behavioral Parameters,2022-05-17 04:00:50,2022-05-17 04:01:04
2022-05-17 21:18:06,2022-05-17 21:18:14,Located_Indoors, Holding_Other_Object_Light, Legs_Uncrossed, Browsing_Computer,annotator,Behavioral Parameters,2022-05-17 04:01:04,2022-05-17 04:01:12
2022-05-17 21:18:14,2022-05-17 21:18:59,Located_Indoors, Holding_Other_Object_Light, Legs_Uncrossed,annotator,Behavioral Parameters,2022-05-17 04:01:12,2022-05-17 04:01:57
2022-05-17 21:18:59,2022-05-17 21:19:11,Located_Indoors, Holding_Other_Object_Light, Legs_Uncrossed, Browsing_Computer,annotator,Behavioral Parameters,2022-05-17 04:01:57,2022-05-17 04:02:09
2022-05-17 21:19:11,2022-05-17 21:19:21,Located_Indoors, Holding_Other_Object_Light,annotator,Behavioral Parameters,2022-05-17 04:02:09,2022-05-17 04:02:19
2022-05-17 21:19:21,2022-05-17 21:23:13,Located_Indoors, Texting/Browsing_Phone,annotator,Behavioral Parameters,2022-05-17 04:02:19,2022-05-17 04:06:11
2022-05-17 21:23:13,2022-05-17 21:23:16,Located_Indoors, Holding_Other_Object_Light,annotator,Behavioral Parameters,2022-05-17 04:06:11,2022-05-17 04:06:14
2022-05-17 21:23:16,2022-05-17 21:23:43,Located_Indoors, Typing_Computer,annotator,Behavioral Parameters,2022-05-17 04:06:14,2022-05-17 04:06:41
2022-05-17 21:23:43,2022-05-17 21:24:01,Located_Indoors,annotator,Behavioral Parameters,2022-05-17 04:06:41,2022-05-17 04:06:59
2022-05-17 21:24:01,2022-05-17 21:24:07,Located_Indoors, Typing_Computer,annotator,Behavioral Parameters,2022-05-17 04:06:59,2022-05-17 04:07:05
2022-05-17 21:24:07,2022-05-17 21:24:26,Located_Indoors, Browsing_Computer,annotator,Behavioral Parameters,2022-05-17 04:07:05,2022-05-17 04:07:24
2022-05-17 21:24:26,2022-05-17 21:24:30,Located_Indoors, Typing_Computer,annotator,Behavioral Parameters,2022-05-17 04:07:24,2022-05-17 04:07:28
2022-05-17 21:24:30,2022-05-17 21:25:00,Located_Indoors,annotator,Behavioral Parameters,2022-05-17 04:07:28,2022-05-17 04:07:58
2022-05-17 21:25:00,2022-05-17 21:25:04,Located_Indoors, Holding_Other_Object_Light,annotator,Behavioral Parameters,2022-05-17 04:07:58,2022-05-17 04:08:02
2022-05-17 21:25:04,2022-05-17 21:25:24,Located_Indoors,annotator,Behavioral Parameters,2022-05-17 04:08:02,2022-05-17 04:08:22
2022-05-17 21:25:24,2022-05-17 21:28:35,Located_Indoors, Browsing_Computer,annotator,Behavioral Parameters,2022-05-17 04:08:22,2022-05-17 04:11:33
2022-05-17 21:28:35,2022-05-17 21:28:43,Located_Indoors, Typing_Computer,annotator,Behavioral Parameters,2022-05-17 04:11:33,2022-05-17 04:11:41
2022-05-17 21:28:43,2022-05-17 21:29:24,Located_Indoors, Browsing_Computer,annotator,Behavioral Parameters,2022-05-17 04:11:41,2022-05-17 04:12:22
2022-05-17 21:29:24,2022-05-17 21:29:50,Located_Indoors,annotator,Behavioral Parameters,2022-05-17 04:12:22,2022-05-17 04:12:48
2022-05-17 21:29:50,2022-05-17 21:32:11,Located_Indoors, Browsing_Computer,annotator,Behavioral Parameters,2022-05-17 04:12:48,2022-05-17 04:15:09
2022-05-17 21:32:11,2022-05-17 21:32:16,Located_Indoors, Typing_Computer,annotator,Behavioral Parameters,2022-05-17 04:15:09,2022-05-17 04:15:14
2022-05-17 21:32:16,2022-05-17 21:32:33,Located_Indoors, Browsing_Computer,annotator,Behavioral Parameters,2022-05-17 04:15:14,2022-05-17 04:15:31
2022-05-17 21:32:33,2022-05-17 21:32:45,Located_Indoors,annotator,Behavioral Parameters,2022-05-17 04:15:31,2022-05-17 04:15:43
2022-05-17 21:32:45,2022-05-17 21:34:13,Located_Indoors, Typing_Computer,annotator,Behavioral Parameters,2022-05-17 04:15:43,2022-05-17 04:17:11
2022-05-17 21:34:13,2022-05-17 21:34:27,Located_Indoors,annotator,Behavioral Parameters,2022-05-17 04:17:11,2022-05-17 04:17:25
2022-05-17 21:34:27,2022-05-17 21:35:47,Located_Indoors, Typing_Computer,annotator,Behavioral Parameters,2022-05-17 04:17:25,2022-05-17 04:18:45
2022-05-17 21:35:47,2022-05-17 21:37:06,Located_Indoors, Browsing_Computer,annotator,Behavioral Parameters,2022-05-17 04:18:45,2022-05-17 04:20:04
2022-05-17 21:37:06,2022-05-17 21:37:24,Located_Indoors, Typing_Computer,annotator,Behavioral Parameters,2022-05-17 04:20:04,2022-05-17 04:20:22
2022-05-17 21:37:24,2022-05-17 21:38:13,Located_Indoors, Browsing_Computer,annotator,Behavioral Parameters,2022-05-17 04:20:22,2022-05-17 04:21:11
2022-05-17 21:38:13,2022-05-17 21:38:44,Located_Indoors,annotator,Behavioral Parameters,2022-05-17 04:21:11,2022-05-17 04:21:42
2022-05-17 21:38:44,2022-05-17 21:38:49,Located_Indoors, Browsing_Computer,annotator,Behavioral Parameters,2022-05-17 04:21:42,2022-05-17 04:21:47
2022-05-17 21:38:49,2022-05-17 21:38:57,Located_Indoors, Typing_Computer,annotator,Behavioral Parameters,2022-05-17 04:21:47,2022-05-17 04:21:55
2022-05-17 21:38:57,2022-05-17 21:39:11,Located_Indoors, Browsing_Computer,annotator,Behavioral Parameters,2022-05-17 04:21:55,2022-05-17 04:22:09
2022-05-17 21:39:11,2022-05-17 21:39:21,Located_Indoors, Typing_Computer,annotator,Behavioral Parameters,2022-05-17 04:22:09,2022-05-17 04:22:19
2022-05-17 21:39:21,2022-05-17 21:40:13,Located_Indoors, Holding_Other_Object_Light,annotator,Behavioral Parameters,2022-05-17 04:22:19,2022-05-17 04:23:11
2022-05-17 21:40:13,2022-05-17 21:40:29,Located_Indoors, Typing_Computer,annotator,Behavioral Parameters,2022-05-17 04:23:11,2022-05-17 04:23:27
2022-05-17 21:40:29,2022-05-17 21:40:49,Located_Indoors, Holding_Other_Object_Light,annotator,Behavioral Parameters,2022-05-17 04:23:27,2022-05-17 04:23:47
2022-05-17 21:40:49,2022-05-17 21:41:40,Located_Indoors, Typing_Computer,annotator,Behavioral Parameters,2022-05-17 04:23:47,2022-05-17 04:24:38
2022-05-17 21:41:40,2022-05-17 21:42:08,Located_Indoors, Browsing_Computer,annotator,Behavioral Parameters,2022-05-17 04:24:38,2022-05-17 04:25:06
2022-05-17 21:42:08,2022-05-17 21:42:15,Located_Indoors, Typing_Computer,annotator,Behavioral Parameters,2022-05-17 04:25:06,2022-05-17 04:25:13
2022-05-17 21:42:15,2022-05-17 21:42:27,Located_Indoors, Browsing_Computer,annotator,Behavioral Parameters,2022-05-17 04:25:13,2022-05-17 04:25:25
2022-05-17 21:42:27,2022-05-17 21:42:34,Located_Indoors,annotator,Behavioral Parameters,2022-05-17 04:25:25,2022-05-17 04:25:32
2022-05-17 21:42:34,2022-05-17 21:55:03,Located_Indoors, Texting/Browsing_Phone,annotator,Behavioral Parameters,2022-05-17 04:25:32,2022-05-17 04:38:01
2022-05-17 21:55:03,2022-05-17 21:56:56,Located_Indoors,annotator,Behavioral Parameters,2022-05-17 04:38:01,2022-05-17 04:39:54
2022-05-17 21:56:56,2022-05-17 21:56:58,Located_Indoors, Texting/Browsing_Phone,annotator,Behavioral Parameters,2022-05-17 04:39:54,2022-05-17 04:39:56
2022-05-17 21:56:58,2022-05-17 21:57:38,Located_Indoors, Browsing_Computer,annotator,Behavioral Parameters,2022-05-17 04:39:56,2022-05-17 04:40:36
2022-05-17 21:57:38,2022-05-17 21:58:23,Located_Indoors, Holding_Other_Object_Light, Browsing_Computer,annotator,Behavioral Parameters,2022-05-17 04:40:36,2022-05-17 04:41:21
2022-05-17 21:58:23,2022-05-17 21:58:55,Located_Indoors, Typing_Computer,annotator,Behavioral Parameters,2022-05-17 04:41:21,2022-05-17 04:41:53
2022-05-17 21:58:55,2022-05-17 21:59:10,Located_Indoors, Browsing_Computer,annotator,Behavioral Parameters,2022-05-17 04:41:53,2022-05-17 04:42:08
2022-05-17 21:59:10,2022-05-17 21:59:19,Located_Indoors, Typing_Computer,annotator,Behavioral Parameters,2022-05-17 04:42:08,2022-05-17 04:42:17
2022-05-17 21:59:19,2022-05-17 21:59:26,Located_Indoors, Browsing_Computer,annotator,Behavioral Parameters,2022-05-17 04:42:17,2022-05-17 04:42:24
2022-05-17 21:59:26,2022-05-17 22:00:09,Located_Indoors, Typing_Computer,annotator,Behavioral Parameters,2022-05-17 04:42:24,2022-05-17 04:43:07
2022-05-17 22:00:09,2022-05-17 22:00:51,Located_Indoors, Browsing_Computer,annotator,Behavioral Parameters,2022-05-17 04:43:07,2022-05-17 04:43:49
2022-05-17 22:00:51,2022-05-17 22:01:03,Located_Indoors, Typing_Computer,annotator,Behavioral Parameters,2022-05-17 04:43:49,2022-05-17 04:44:01
2022-05-17 22:01:03,2022-05-17 22:01:49,Located_Indoors, Browsing_Computer,annotator,Behavioral Parameters,2022-05-17 04:44:01,2022-05-17 04:44:47
2022-05-17 22:01:49,2022-05-17 22:02:14,Located_Indoors, Typing_Computer,annotator,Behavioral Parameters,2022-05-17 04:44:47,2022-05-17 04:45:12
2022-05-17 22:02:14,2022-05-17 22:02:47,Located_Indoors, Browsing_Computer,annotator,Behavioral Parameters,2022-05-17 04:45:12,2022-05-17 04:45:45
2022-05-17 22:02:47,2022-05-17 22:03:07,Located_Indoors, Typing_Computer,annotator,Behavioral Parameters,2022-05-17 04:45:45,2022-05-17 04:46:05
2022-05-17 22:03:07,2022-05-17 22:03:55,Located_Indoors, Browsing_Computer,annotator,Behavioral Parameters,2022-05-17 04:46:05,2022-05-17 04:46:53
2022-05-17 22:03:55,2022-05-17 22:04:18,Located_Indoors, Typing_Computer,annotator,Behavioral Parameters,2022-05-17 04:46:53,2022-05-17 04:47:16
2022-05-17 22:04:18,2022-05-17 22:04:58,Located_Indoors, Browsing_Computer,annotator,Behavioral Parameters,2022-05-17 04:47:16,2022-05-17 04:47:56
2022-05-17 22:04:58,2022-05-17 22:06:10,Located_Indoors, Typing_Computer,annotator,Behavioral Parameters,2022-05-17 04:47:56,2022-05-17 04:49:08
2022-05-17 22:06:10,2022-05-17 22:08:39,Located_Indoors, Browsing_Computer,annotator,Behavioral Parameters,2022-05-17 04:49:08,2022-05-17 04:51:37
2022-05-17 22:08:39,2022-05-17 22:08:42,Located_Indoors, Holding_Other_Object_Light,annotator,Behavioral Parameters,2022-05-17 04:51:37,2022-05-17 04:51:40
2022-05-17 22:08:42,2022-05-17 22:08:54,Located_Indoors,annotator,Behavioral Parameters,2022-05-17 04:51:40,2022-05-17 04:51:52
2022-05-17 22:08:54,2022-05-17 22:09:02,Located_Indoors, Typing_Computer,annotator,Behavioral Parameters,2022-05-17 04:51:52,2022-05-17 04:52:00
2022-05-17 22:09:02,2022-05-17 22:11:05,Located_Indoors, Browsing_Computer,annotator,Behavioral Parameters,2022-05-17 04:52:00,2022-05-17 04:54:03
2022-05-17 22:11:05,2022-05-17 22:11:09,Located_Indoors, Typing_Computer,annotator,Behavioral Parameters,2022-05-17 04:54:03,2022-05-17 04:54:07
2022-05-17 22:11:09,2022-05-17 22:13:37,Located_Indoors, Browsing_Computer,annotator,Behavioral Parameters,2022-05-17 04:54:07,2022-05-17 04:56:35
2022-05-17 22:13:37,2022-05-17 22:13:59,Located_Indoors,annotator,Behavioral Parameters,2022-05-17 04:56:35,2022-05-17 04:56:57
2022-05-17 22:13:59,2022-05-17 22:15:08,Located_Indoors, Browsing_Computer,annotator,Behavioral Parameters,2022-05-17 04:56:57,2022-05-17 04:58:06
2022-05-17 22:15:08,2022-05-17 22:15:20,Located_Indoors,annotator,Behavioral Parameters,2022-05-17 04:58:06,2022-05-17 04:58:18
2022-05-17 22:15:20,2022-05-17 22:15:21,Located_Indoors,annotator,Behavioral Parameters,2022-05-17 04:58:18,2022-05-17 04:58:19
2022-05-17 22:15:21,2022-05-17 22:15:28,Located_Indoors, Texting/Browsing_Phone,annotator,Behavioral Parameters,2022-05-17 04:58:19,2022-05-17 04:58:26
2022-05-17 22:15:28,2022-05-17 22:15:39,Located_Indoors,annotator,Behavioral Parameters,2022-05-17 04:58:26,2022-05-17 04:58:37
2022-05-17 22:15:39,2022-05-17 22:16:27,Located_Indoors, In_Conversation,annotator,Behavioral Parameters,2022-05-17 04:58:37,2022-05-17 04:59:25
2022-05-17 22:16:27,2022-05-17 22:16:39,Located_Indoors,annotator,Behavioral Parameters,2022-05-17 04:59:25,2022-05-17 04:59:37
2022-05-17 22:16:39,2022-05-17 22:16:53,Located_Indoors, Texting/Browsing_Phone,annotator,Behavioral Parameters,2022-05-17 04:59:37,2022-05-17 04:59:51
2022-05-17 22:16:53,2022-05-17 22:17:08,Located_Indoors, Texting/Browsing_Phone,annotator,Behavioral Parameters,2022-05-17 04:59:51,2022-05-17 05:00:06
2022-05-17 22:17:08,2022-05-17 22:18:49,Located_Indoors,annotator,Behavioral Parameters,2022-05-17 05:00:06,2022-05-17 05:01:47
2022-05-17 22:18:49,2022-05-17 22:19:00,Located_Indoors, Holding_Drink,annotator,Behavioral Parameters,2022-05-17 05:01:47,2022-05-17 05:01:58
2022-05-17 22:19:00,2022-05-17 22:19:18,Located_Indoors,annotator,Behavioral Parameters,2022-05-17 05:01:58,2022-05-17 05:02:16
2022-05-17 22:19:20,2022-05-17 22:22:06,Located_Indoors, In_Conversation,annotator,Behavioral Parameters,2022-05-17 05:02:18,2022-05-17 05:05:04
2022-05-17 22:22:06,2022-05-17 22:22:48,Located_Indoors, In_Conversation,annotator,Behavioral Parameters,2022-05-17 05:05:04,2022-05-17 05:05:46
2022-05-17 22:22:48,2022-05-17 22:23:26,Located_Indoors,annotator,Behavioral Parameters,2022-05-17 05:05:46,2022-05-17 05:06:24
2022-05-17 22:23:26,2022-05-17 22:24:04,Located_Indoors, Browsing_Computer,annotator,Behavioral Parameters,2022-05-17 05:06:24,2022-05-17 05:07:02
2022-05-17 22:24:04,2022-05-17 22:24:14,Located_Indoors, Typing_Computer,annotator,Behavioral Parameters,2022-05-17 05:07:02,2022-05-17 05:07:12
2022-05-17 22:24:14,2022-05-17 22:26:07,Located_Indoors, Browsing_Computer,annotator,Behavioral Parameters,2022-05-17 05:07:12,2022-05-17 05:09:05
2022-05-17 22:26:07,2022-05-17 22:26:50,Located_Indoors, Typing_Computer,annotator,Behavioral Parameters,2022-05-17 05:09:05,2022-05-17 05:09:48
2022-05-17 22:26:50,2022-05-17 22:27:22,Located_Indoors, Browsing_Computer,annotator,Behavioral Parameters,2022-05-17 05:09:48,2022-05-17 05:10:20
2022-05-17 22:27:22,2022-05-17 22:27:47,Located_Indoors, Typing_Computer,annotator,Behavioral Parameters,2022-05-17 05:10:20,2022-05-17 05:10:45
2022-05-17 22:27:47,2022-05-17 22:31:07,Located_Indoors, Browsing_Computer,annotator,Behavioral Parameters,2022-05-17 05:10:45,2022-05-17 05:14:05
2022-05-17 22:31:07,2022-05-17 22:31:16,Located_Indoors, Typing_Computer,annotator,Behavioral Parameters,2022-05-17 05:14:05,2022-05-17 05:14:14
2022-05-17 22:31:16,2022-05-17 22:31:44,Located_Indoors, Browsing_Computer,annotator,Behavioral Parameters,2022-05-17 05:14:14,2022-05-17 05:14:42
2022-05-17 22:31:44,2022-05-17 22:31:53,Located_Indoors, Holding_Other_Object_Light,annotator,Behavioral Parameters,2022-05-17 05:14:42,2022-05-17 05:14:51
2022-05-17 22:31:53,2022-05-17 22:32:00,Located_Indoors,annotator,Behavioral Parameters,2022-05-17 05:14:51,2022-05-17 05:14:58
2022-05-17 22:32:00,2022-05-17 22:32:14,Located_Indoors,annotator,Behavioral Parameters,2022-05-17 05:14:58,2022-05-17 05:15:12
