START_TIME,STOP_TIME,PREDICTION,SOURCE,LABELSET,VIDEO_START_TIME,VIDEO_END_TIME
2022-05-19 09:06:56,2022-05-19 09:07:50,Located_Indoors,annotator,Behavioral Parameters,2022-05-19 00:00:00,2022-05-19 00:00:54
2022-05-19 09:07:50,2022-05-19 09:08:10,Located_Indoors,annotator,Behavioral Parameters,2022-05-19 00:00:54,2022-05-19 00:01:14
2022-05-19 09:08:10,2022-05-19 09:08:18,Located_Indoors,annotator,Behavioral Parameters,2022-05-19 00:01:14,2022-05-19 00:01:22
2022-05-19 09:08:18,2022-05-19 09:10:00,Located_Indoors,annotator,Behavioral Parameters,2022-05-19 00:01:22,2022-05-19 00:03:04
2022-05-19 09:10:00,2022-05-19 09:10:09,Located_Indoors,annotator,Behavioral Parameters,2022-05-19 00:03:04,2022-05-19 00:03:13
2022-05-19 09:10:09,2022-05-19 09:10:16,Located_Indoors,annotator,Behavioral Parameters,2022-05-19 00:03:13,2022-05-19 00:03:20
2022-05-19 09:10:16,2022-05-19 09:10:44,Located_Indoors, Holding_Other_Object_Light, Texting/Browsing_Phone,annotator,Behavioral Parameters,2022-05-19 00:03:20,2022-05-19 00:03:48
2022-05-19 09:10:44,2022-05-19 09:11:03,Located_Indoors,annotator,Behavioral Parameters,2022-05-19 00:03:48,2022-05-19 00:04:07
2022-05-19 09:11:03,2022-05-19 09:17:05,Located_Indoors, Browsing_Computer,annotator,Behavioral Parameters,2022-05-19 00:04:07,2022-05-19 00:10:09
2022-05-19 09:17:05,2022-05-19 09:18:31,Located_Indoors, Holding_Other_Object_Light, Handwriting,annotator,Behavioral Parameters,2022-05-19 00:10:09,2022-05-19 00:11:35
2022-05-19 09:18:31,2022-05-19 09:19:28,Located_Indoors,annotator,Behavioral Parameters,2022-05-19 00:11:35,2022-05-19 00:12:32
2022-05-19 09:19:28,2022-05-19 09:23:48,Located_Indoors, Holding_Other_Object_Light, Texting/Browsing_Phone,annotator,Behavioral Parameters,2022-05-19 00:12:32,2022-05-19 00:16:52
2022-05-19 09:23:48,2022-05-19 09:24:36,Located_Indoors,annotator,Behavioral Parameters,2022-05-19 00:16:52,2022-05-19 00:17:40
2022-05-19 09:24:36,2022-05-19 09:26:58,Located_Indoors, Holding_Other_Object_Light, Texting/Browsing_Phone,annotator,Behavioral Parameters,2022-05-19 00:17:40,2022-05-19 00:20:02
2022-05-19 09:26:58,2022-05-19 09:31:41,Located_Indoors, Browsing_Computer,annotator,Behavioral Parameters,2022-05-19 00:20:02,2022-05-19 00:24:45
2022-05-19 09:31:41,2022-05-19 09:32:08,Located_Indoors,annotator,Behavioral Parameters,2022-05-19 00:24:45,2022-05-19 00:25:12
2022-05-19 09:32:08,2022-05-19 09:33:55,Located_Indoors, Holding_Other_Object_Light,annotator,Behavioral Parameters,2022-05-19 00:25:12,2022-05-19 00:26:59
2022-05-19 09:33:55,2022-05-19 09:42:31,CP_VideoUnavailable/Indecipherable,annotator,Behavioral Parameters,2022-05-19 00:26:59,2022-05-19 00:35:35
2022-05-19 09:42:31,2022-05-19 09:44:07,Located_Indoors,annotator,Behavioral Parameters,2022-05-19 00:35:35,2022-05-19 00:37:11
2022-05-19 09:44:07,2022-05-19 09:44:21,Located_Indoors,annotator,Behavioral Parameters,2022-05-19 00:37:11,2022-05-19 00:37:25
2022-05-19 09:44:21,2022-05-19 09:44:57,Located_Indoors,annotator,Behavioral Parameters,2022-05-19 00:37:25,2022-05-19 00:38:01
2022-05-19 09:44:57,2022-05-19 09:45:11,Located_Indoors,annotator,Behavioral Parameters,2022-05-19 00:38:01,2022-05-19 00:38:15
2022-05-19 09:45:11,2022-05-19 09:45:53,Located_Indoors, Carrying_Bag_On_Shoulder/Back_Light,annotator,Behavioral Parameters,2022-05-19 00:38:15,2022-05-19 00:38:57
2022-05-19 09:45:53,2022-05-19 09:46:20,Located_Indoors, Carrying_Bag_On_Shoulder/Back_Light,annotator,Behavioral Parameters,2022-05-19 00:38:57,2022-05-19 00:39:24
2022-05-19 09:46:20,2022-05-19 09:46:45,Located_Indoors, Carrying_Bag_On_Shoulder/Back_Light,annotator,Behavioral Parameters,2022-05-19 00:39:24,2022-05-19 00:39:49
2022-05-19 09:46:45,2022-05-19 09:48:55,Carrying_Bag_On_Shoulder/Back_Light, Located_Outdoors,annotator,Behavioral Parameters,2022-05-19 00:39:49,2022-05-19 00:41:59
2022-05-19 09:48:55,2022-05-19 09:49:03,Carrying_Bag_On_Shoulder/Back_Light, Located_Indoors,annotator,Behavioral Parameters,2022-05-19 00:41:59,2022-05-19 00:42:07
2022-05-19 09:49:03,2022-05-19 09:49:34,Carrying_Bag_On_Shoulder/Back_Light, Located_Indoors,annotator,Behavioral Parameters,2022-05-19 00:42:07,2022-05-19 00:42:38
2022-05-19 09:49:34,2022-05-19 09:49:52,Carrying_Bag_On_Shoulder/Back_Light, Located_Indoors,annotator,Behavioral Parameters,2022-05-19 00:42:38,2022-05-19 00:42:56
2022-05-19 09:49:52,2022-05-19 09:50:05,Located_Indoors,annotator,Behavioral Parameters,2022-05-19 00:42:56,2022-05-19 00:43:09
2022-05-19 09:50:05,2022-05-19 09:51:53,Located_Indoors, Browsing_Computer,annotator,Behavioral Parameters,2022-05-19 00:43:09,2022-05-19 00:44:57
2022-05-19 09:51:53,2022-05-19 09:53:10,Located_Indoors, Browsing_Computer, Holding_Other_Object_Light, Texting/Browsing_Phone,annotator,Behavioral Parameters,2022-05-19 00:44:57,2022-05-19 00:46:14
2022-05-19 09:53:10,2022-05-19 09:56:36,Located_Indoors, Browsing_Computer,annotator,Behavioral Parameters,2022-05-19 00:46:14,2022-05-19 00:49:40
2022-05-19 09:56:36,2022-05-19 09:58:04,Located_Indoors,annotator,Behavioral Parameters,2022-05-19 00:49:40,2022-05-19 00:51:08
2022-05-19 09:58:04,2022-05-19 10:01:07,Located_Indoors, Holding_Other_Object_Light, Texting/Browsing_Phone,annotator,Behavioral Parameters,2022-05-19 00:51:08,2022-05-19 00:54:11
2022-05-19 10:01:07,2022-05-19 10:03:06,Located_Indoors,annotator,Behavioral Parameters,2022-05-19 00:54:11,2022-05-19 00:56:10
2022-05-19 10:03:06,2022-05-19 10:23:14,Located_Indoors, Holding_Other_Object_Light, Handwriting,annotator,Behavioral Parameters,2022-05-19 00:56:10,2022-05-19 01:16:18
2022-05-19 10:23:14,2022-05-19 10:27:03,Located_Indoors,annotator,Behavioral Parameters,2022-05-19 01:16:18,2022-05-19 01:20:07
2022-05-19 10:27:03,2022-05-19 11:06:23,Located_Indoors, Holding_Other_Object_Light, Handwriting,annotator,Behavioral Parameters,2022-05-19 01:20:07,2022-05-19 01:59:27
2022-05-19 11:06:23,2022-05-19 11:08:56,Located_Indoors, Browsing_Computer,annotator,Behavioral Parameters,2022-05-19 01:59:27,2022-05-19 02:02:00
2022-05-19 11:08:56,2022-05-19 11:11:41,Located_Indoors,annotator,Behavioral Parameters,2022-05-19 02:02:00,2022-05-19 02:04:45
2022-05-19 11:11:41,2022-05-19 11:14:00,Located_Indoors, Holding_Other_Object_Light, Texting/Browsing_Phone,annotator,Behavioral Parameters,2022-05-19 02:04:45,2022-05-19 02:07:04
2022-05-19 11:14:00,2022-05-19 11:14:00,Located_Indoors,annotator,Behavioral Parameters,2022-05-19 02:07:04,2022-05-19 02:07:04
2022-05-19 11:14:00,2022-05-19 11:21:25,Located_Indoors,annotator,Behavioral Parameters,2022-05-19 02:07:04,2022-05-19 02:14:29
2022-05-19 11:21:25,2022-05-19 11:23:51,Located_Indoors, Holding_Other_Object_Light, Handwriting,annotator,Behavioral Parameters,2022-05-19 02:14:29,2022-05-19 02:16:55
2022-05-19 11:23:51,2022-05-19 11:24:44,Located_Indoors,annotator,Behavioral Parameters,2022-05-19 02:16:55,2022-05-19 02:17:48
2022-05-19 11:24:44,2022-05-19 11:26:11,Located_Indoors, Holding_Other_Object_Light, Texting/Browsing_Phone,annotator,Behavioral Parameters,2022-05-19 02:17:48,2022-05-19 02:19:15
2022-05-19 11:26:11,2022-05-19 11:31:26,Located_Indoors,annotator,Behavioral Parameters,2022-05-19 02:19:15,2022-05-19 02:24:30
2022-05-19 11:31:26,2022-05-19 11:32:07,Located_Indoors, Carrying_Bag_On_Shoulder/Back_Light,annotator,Behavioral Parameters,2022-05-19 02:24:30,2022-05-19 02:25:11
2022-05-19 11:32:07,2022-05-19 11:32:35,Located_Indoors, Carrying_Bag_On_Shoulder/Back_Light,annotator,Behavioral Parameters,2022-05-19 02:25:11,2022-05-19 02:25:39
2022-05-19 11:32:35,2022-05-19 11:32:47,Located_Indoors, Carrying_Bag_On_Shoulder/Back_Light,annotator,Behavioral Parameters,2022-05-19 02:25:39,2022-05-19 02:25:51
2022-05-19 11:32:47,2022-05-19 11:35:22,Carrying_Bag_On_Shoulder/Back_Light, Located_Outdoors,annotator,Behavioral Parameters,2022-05-19 02:25:51,2022-05-19 02:28:26
2022-05-19 11:35:22,2022-05-19 11:36:06,Carrying_Bag_On_Shoulder/Back_Light, Located_Indoors,annotator,Behavioral Parameters,2022-05-19 02:28:26,2022-05-19 02:29:10
2022-05-19 11:36:06,2022-05-19 11:36:42,Carrying_Bag_On_Shoulder/Back_Light, Located_Indoors,annotator,Behavioral Parameters,2022-05-19 02:29:10,2022-05-19 02:29:46
2022-05-19 11:36:42,2022-05-19 11:37:49,Carrying_Bag_On_Shoulder/Back_Light, Located_Indoors,annotator,Behavioral Parameters,2022-05-19 02:29:46,2022-05-19 02:30:53
2022-05-19 11:37:49,2022-05-19 11:39:52,Located_Indoors,annotator,Behavioral Parameters,2022-05-19 02:30:53,2022-05-19 02:32:56
2022-05-19 11:39:52,2022-05-19 11:40:06,Located_Indoors,annotator,Behavioral Parameters,2022-05-19 02:32:56,2022-05-19 02:33:10
2022-05-19 11:40:06,2022-05-19 11:40:14,Located_Indoors,annotator,Behavioral Parameters,2022-05-19 02:33:10,2022-05-19 02:33:18
2022-05-19 11:40:14,2022-05-19 11:44:14,Located_Indoors, Holding_Other_Object_Light, Texting/Browsing_Phone,annotator,Behavioral Parameters,2022-05-19 02:33:18,2022-05-19 02:37:18
2022-05-19 11:44:14,2022-05-19 11:44:44,Located_Indoors,annotator,Behavioral Parameters,2022-05-19 02:37:18,2022-05-19 02:37:48
2022-05-19 11:44:44,2022-05-19 11:45:14,Located_Indoors, In_Conversation,annotator,Behavioral Parameters,2022-05-19 02:37:48,2022-05-19 02:38:18
2022-05-19 11:45:14,2022-05-19 11:52:04,Located_Indoors, In_Conversation,annotator,Behavioral Parameters,2022-05-19 02:38:18,2022-05-19 02:45:08
2022-05-19 11:52:04,2022-05-19 11:52:21,Located_Indoors, In_Conversation,annotator,Behavioral Parameters,2022-05-19 02:45:08,2022-05-19 02:45:25
2022-05-19 11:52:21,2022-05-19 11:54:19,Located_Indoors, In_Conversation, Holding_Other_Object_Light, Texting/Browsing_Phone,annotator,Behavioral Parameters,2022-05-19 02:45:25,2022-05-19 02:47:23
2022-05-19 11:54:19,2022-05-19 12:15:28,Located_Indoors, In_Conversation,annotator,Behavioral Parameters,2022-05-19 02:47:23,2022-05-19 03:08:32
2022-05-19 12:15:28,2022-05-19 12:16:18,Located_Indoors, In_Conversation, Holding_Other_Object_Light, Texting/Browsing_Phone,annotator,Behavioral Parameters,2022-05-19 03:08:32,2022-05-19 03:09:22
2022-05-19 12:16:18,2022-05-19 12:57:25,Located_Indoors, In_Conversation,annotator,Behavioral Parameters,2022-05-19 03:09:22,2022-05-19 03:50:29
2022-05-19 12:57:25,2022-05-19 12:58:53,Located_Indoors, In_Conversation,annotator,Behavioral Parameters,2022-05-19 03:50:29,2022-05-19 03:51:57
2022-05-19 12:58:53,2022-05-19 12:59:36,Located_Indoors,annotator,Behavioral Parameters,2022-05-19 03:51:57,2022-05-19 03:52:40
2022-05-19 12:59:36,2022-05-19 12:59:55,Located_Indoors,annotator,Behavioral Parameters,2022-05-19 03:52:40,2022-05-19 03:52:59
2022-05-19 12:59:55,2022-05-19 13:01:42,Located_Indoors,annotator,Behavioral Parameters,2022-05-19 03:52:59,2022-05-19 03:54:46
2022-05-19 13:01:42,2022-05-19 13:02:02,Located_Indoors,annotator,Behavioral Parameters,2022-05-19 03:54:46,2022-05-19 03:55:06
2022-05-19 13:02:02,2022-05-19 13:02:26,Located_Indoors,annotator,Behavioral Parameters,2022-05-19 03:55:06,2022-05-19 03:55:30
2022-05-19 13:02:26,2022-05-19 13:02:47,Located_Outdoors,annotator,Behavioral Parameters,2022-05-19 03:55:30,2022-05-19 03:55:51
2022-05-19 13:02:47,2022-05-19 13:03:08,Located_Indoors,annotator,Behavioral Parameters,2022-05-19 03:55:51,2022-05-19 03:56:12
2022-05-19 13:03:08,2022-05-19 13:06:09,Located_Indoors,annotator,Behavioral Parameters,2022-05-19 03:56:12,2022-05-19 03:59:13
2022-05-19 13:06:09,2022-05-19 13:07:27,Located_Indoors, Holding_Other_Object_Light, Texting/Browsing_Phone,annotator,Behavioral Parameters,2022-05-19 03:59:13,2022-05-19 04:00:31
2022-05-19 13:07:27,2022-05-19 13:11:42,Located_Indoors,annotator,Behavioral Parameters,2022-05-19 04:00:31,2022-05-19 04:04:46
2022-05-19 13:11:42,2022-05-19 13:11:46,Located_Indoors, Holding_Other_Object_Light,annotator,Behavioral Parameters,2022-05-19 04:04:46,2022-05-19 04:04:50
2022-05-19 13:11:46,2022-05-19 13:12:05,Holding_Other_Object_Light, Located_Outdoors,annotator,Behavioral Parameters,2022-05-19 04:04:50,2022-05-19 04:05:09
2022-05-19 13:12:05,2022-05-19 13:12:45,Holding_Other_Object_Light, Located_Indoors,annotator,Behavioral Parameters,2022-05-19 04:05:09,2022-05-19 04:05:49
2022-05-19 13:12:45,2022-05-19 13:13:07,Holding_Other_Object_Light, Located_Indoors,annotator,Behavioral Parameters,2022-05-19 04:05:49,2022-05-19 04:06:11
2022-05-19 13:13:07,2022-05-19 13:14:39,Holding_Other_Object_Light, Located_Indoors,annotator,Behavioral Parameters,2022-05-19 04:06:11,2022-05-19 04:07:43
2022-05-19 13:14:39,2022-05-19 13:15:59,Located_Indoors, Holding_Solid_Food,annotator,Behavioral Parameters,2022-05-19 04:07:43,2022-05-19 04:09:03
2022-05-19 13:15:59,2022-05-19 13:16:05,Located_Indoors,annotator,Behavioral Parameters,2022-05-19 04:09:03,2022-05-19 04:09:09
2022-05-19 13:16:05,2022-05-19 13:17:01,Located_Indoors,annotator,Behavioral Parameters,2022-05-19 04:09:09,2022-05-19 04:10:05
2022-05-19 13:17:01,2022-05-19 13:17:15,Located_Indoors, Holding_Other_Object_Light,annotator,Behavioral Parameters,2022-05-19 04:10:05,2022-05-19 04:10:19
2022-05-19 13:17:15,2022-05-19 13:17:42,Located_Indoors, Holding_Solid_Food,annotator,Behavioral Parameters,2022-05-19 04:10:19,2022-05-19 04:10:46
2022-05-19 13:17:42,2022-05-19 13:19:09,Located_Indoors, Holding_Solid_Food, Holding_Other_Object_Light, Texting/Browsing_Phone,annotator,Behavioral Parameters,2022-05-19 04:10:46,2022-05-19 04:12:13
2022-05-19 13:19:09,2022-05-19 13:23:17,Located_Indoors, Holding_Solid_Food,annotator,Behavioral Parameters,2022-05-19 04:12:13,2022-05-19 04:16:21
2022-05-19 13:23:17,2022-05-19 13:23:39,Located_Indoors, Holding_Other_Object_Light,annotator,Behavioral Parameters,2022-05-19 04:16:21,2022-05-19 04:16:43
2022-05-19 13:23:39,2022-05-19 13:23:48,Located_Indoors, Holding_Other_Object_Light,annotator,Behavioral Parameters,2022-05-19 04:16:43,2022-05-19 04:16:52
2022-05-19 13:23:48,2022-05-19 13:23:53,Located_Indoors, Holding_Other_Object_Light,annotator,Behavioral Parameters,2022-05-19 04:16:52,2022-05-19 04:16:57
2022-05-19 13:23:53,2022-05-19 13:23:57,Located_Indoors,annotator,Behavioral Parameters,2022-05-19 04:16:57,2022-05-19 04:17:01
2022-05-19 13:23:57,2022-05-19 13:23:58,Located_Indoors,annotator,Behavioral Parameters,2022-05-19 04:17:01,2022-05-19 04:17:02
2022-05-19 13:23:58,2022-05-19 13:24:50,Located_Indoors, Holding_Other_Object_Light,annotator,Behavioral Parameters,2022-05-19 04:17:02,2022-05-19 04:17:54
2022-05-19 13:24:50,2022-05-19 13:25:06,Located_Indoors, Holding_Other_Object_Light,annotator,Behavioral Parameters,2022-05-19 04:17:54,2022-05-19 04:18:10
2022-05-19 13:25:06,2022-05-19 13:25:32,Located_Indoors,annotator,Behavioral Parameters,2022-05-19 04:18:10,2022-05-19 04:18:36
2022-05-19 13:25:32,2022-05-19 13:25:39,Located_Indoors,annotator,Behavioral Parameters,2022-05-19 04:18:36,2022-05-19 04:18:43
2022-05-19 13:25:39,2022-05-19 13:25:52,Located_Indoors,annotator,Behavioral Parameters,2022-05-19 04:18:43,2022-05-19 04:18:56
2022-05-19 13:25:52,2022-05-19 13:26:12,Located_Indoors,annotator,Behavioral Parameters,2022-05-19 04:18:56,2022-05-19 04:19:16
2022-05-19 13:26:12,2022-05-19 13:27:54,Located_Indoors,annotator,Behavioral Parameters,2022-05-19 04:19:16,2022-05-19 04:20:58
2022-05-19 13:27:54,2022-05-19 13:28:17,Located_Indoors,annotator,Behavioral Parameters,2022-05-19 04:20:58,2022-05-19 04:21:21
2022-05-19 13:28:17,2022-05-19 13:29:36,Located_Indoors,annotator,Behavioral Parameters,2022-05-19 04:21:21,2022-05-19 04:22:40
2022-05-19 13:29:36,2022-05-19 13:29:49,Located_Indoors,annotator,Behavioral Parameters,2022-05-19 04:22:40,2022-05-19 04:22:53
2022-05-19 13:29:49,2022-05-19 13:29:55,Located_Indoors, Holding_Other_Object_Light, Texting/Browsing_Phone,annotator,Behavioral Parameters,2022-05-19 04:22:53,2022-05-19 04:22:59
2022-05-19 13:29:55,2022-05-19 13:29:59,Located_Indoors, Holding_Other_Object_Light, Texting/Browsing_Phone,annotator,Behavioral Parameters,2022-05-19 04:22:59,2022-05-19 04:23:03
2022-05-19 13:29:59,2022-05-19 13:30:29,Located_Indoors, Holding_Other_Object_Light, Texting/Browsing_Phone,annotator,Behavioral Parameters,2022-05-19 04:23:03,2022-05-19 04:23:33
2022-05-19 13:30:29,2022-05-19 13:30:33,Located_Indoors, Holding_Other_Object_Light, Texting/Browsing_Phone,annotator,Behavioral Parameters,2022-05-19 04:23:33,2022-05-19 04:23:37
2022-05-19 13:30:33,2022-05-19 13:30:55,Located_Indoors,annotator,Behavioral Parameters,2022-05-19 04:23:37,2022-05-19 04:23:59
2022-05-19 13:30:55,2022-05-19 13:31:11,Located_Outdoors,annotator,Behavioral Parameters,2022-05-19 04:23:59,2022-05-19 04:24:15
2022-05-19 13:31:11,2022-05-19 13:31:27,Located_Indoors,annotator,Behavioral Parameters,2022-05-19 04:24:15,2022-05-19 04:24:31
2022-05-19 13:31:27,2022-05-19 13:33:08,Located_Outdoors,annotator,Behavioral Parameters,2022-05-19 04:24:31,2022-05-19 04:26:12
2022-05-19 13:33:08,2022-05-19 13:33:43,Located_Indoors,annotator,Behavioral Parameters,2022-05-19 04:26:12,2022-05-19 04:26:47
2022-05-19 13:33:43,2022-05-19 13:39:08,Located_Indoors,annotator,Behavioral Parameters,2022-05-19 04:26:47,2022-05-19 04:32:12
2022-05-19 13:39:08,2022-05-19 14:13:59,Located_Indoors, Browsing_Computer,annotator,Behavioral Parameters,2022-05-19 04:32:12,2022-05-19 05:07:03
2022-05-19 14:13:59,2022-05-19 14:15:12,Located_Indoors, In_Conversation,annotator,Behavioral Parameters,2022-05-19 05:07:03,2022-05-19 05:08:16
2022-05-19 14:15:12,2022-05-19 14:15:16,Located_Indoors, In_Conversation,annotator,Behavioral Parameters,2022-05-19 05:08:16,2022-05-19 05:08:20
2022-05-19 14:15:16,2022-05-19 14:30:30,Located_Indoors, In_Conversation,annotator,Behavioral Parameters,2022-05-19 05:08:20,2022-05-19 05:23:34
2022-05-19 14:30:30,2022-05-19 14:30:43,Located_Indoors, In_Conversation, Holding_Other_Object_Light,annotator,Behavioral Parameters,2022-05-19 05:23:34,2022-05-19 05:23:47
2022-05-19 14:30:43,2022-05-19 14:45:18,Located_Indoors, In_Conversation,annotator,Behavioral Parameters,2022-05-19 05:23:47,2022-05-19 05:38:22
2022-05-19 14:45:18,2022-05-19 14:45:40,Located_Indoors, In_Conversation,annotator,Behavioral Parameters,2022-05-19 05:38:22,2022-05-19 05:38:44
2022-05-19 14:45:40,2022-05-19 14:45:42,Located_Indoors, In_Conversation,annotator,Behavioral Parameters,2022-05-19 05:38:44,2022-05-19 05:38:46
2022-05-19 14:45:42,2022-05-19 14:48:02,Located_Indoors, In_Conversation,annotator,Behavioral Parameters,2022-05-19 05:38:46,2022-05-19 05:41:06
2022-05-19 14:48:02,2022-05-19 14:48:06,Located_Indoors, In_Conversation,annotator,Behavioral Parameters,2022-05-19 05:41:06,2022-05-19 05:41:10
2022-05-19 14:48:06,2022-05-19 15:17:52,Located_Indoors, In_Conversation,annotator,Behavioral Parameters,2022-05-19 05:41:10,2022-05-19 06:10:56
