START_TIME,STOP_TIME,PREDICTION,SOURCE,LABELSET,VIDEO_START_TIME,VIDEO_END_TIME
2022-03-11 17:00:59,2022-03-11 17:01:10,Meeting_Virtual,annotator,HIGH LEVEL BEHAVIOR,2022-03-11 00:00:42,2022-03-11 00:00:53
2022-03-11 17:01:10,2022-03-11 17:01:43,Meeting_Virtual,annotator,HIGH LEVEL BEHAVIOR,2022-03-11 00:00:53,2022-03-11 00:01:26
2022-03-11 17:01:43,2022-03-11 17:05:18,Meeting_Virtual,annotator,HIGH LEVEL BEHAVIOR,2022-03-11 00:01:26,2022-03-11 00:05:01
2022-03-11 17:05:18,2022-03-11 17:08:38,Meeting_Virtual,annotator,HIGH LEVEL BEHAVIOR,2022-03-11 00:05:01,2022-03-11 00:08:21
2022-03-11 17:08:38,2022-03-11 17:09:49,Meeting_Virtual,annotator,HIGH LEVEL BEHAVIOR,2022-03-11 00:08:21,2022-03-11 00:09:32
2022-03-11 17:09:49,2022-03-11 17:10:20,Meeting_Virtual,annotator,HIGH LEVEL BEHAVIOR,2022-03-11 00:09:32,2022-03-11 00:10:03
2022-03-11 17:10:20,2022-03-11 17:13:13,,annotator,HIGH LEVEL BEHAVIOR,2022-03-11 00:10:03,2022-03-11 00:12:56
2022-03-11 17:13:13,2022-03-11 17:13:51,,annotator,HIGH LEVEL BEHAVIOR,2022-03-11 00:12:56,2022-03-11 00:13:34
2022-03-11 17:13:51,2022-03-11 17:47:01,WatchingTV/Movies,annotator,HIGH LEVEL BEHAVIOR,2022-03-11 00:13:34,2022-03-11 00:46:44
2022-03-11 17:47:05,2022-03-11 17:47:10,WatchingTV/Movies,annotator,HIGH LEVEL BEHAVIOR,2022-03-11 00:46:48,2022-03-11 00:46:53
2022-03-11 17:47:10,2022-03-11 17:48:22,,annotator,HIGH LEVEL BEHAVIOR,2022-03-11 00:46:53,2022-03-11 00:48:05
2022-03-11 17:48:22,2022-03-11 17:48:29,,annotator,HIGH LEVEL BEHAVIOR,2022-03-11 00:48:05,2022-03-11 00:48:12
2022-03-11 17:48:29,2022-03-11 17:48:49,,annotator,HIGH LEVEL BEHAVIOR,2022-03-11 00:48:12,2022-03-11 00:48:32
2022-03-11 17:48:49,2022-03-11 17:49:53,,annotator,HIGH LEVEL BEHAVIOR,2022-03-11 00:48:32,2022-03-11 00:49:36
2022-03-11 17:49:53,2022-03-11 17:51:10,,annotator,HIGH LEVEL BEHAVIOR,2022-03-11 00:49:36,2022-03-11 00:50:53
2022-03-11 17:51:10,2022-03-11 17:51:55,In_Transit_Active, Meeting _Social_Gathering_In_Person,annotator,HIGH LEVEL BEHAVIOR,2022-03-11 00:50:53,2022-03-11 00:51:38
2022-03-11 17:51:55,2022-03-11 17:52:23,In_Transit_Active, Meeting _Social_Gathering_In_Person, Riding_Escalator_Down,annotator,HIGH LEVEL BEHAVIOR,2022-03-11 00:51:38,2022-03-11 00:52:06
2022-03-11 17:52:23,2022-03-11 17:52:34,In_Transit_Active, Meeting _Social_Gathering_In_Person,annotator,HIGH LEVEL BEHAVIOR,2022-03-11 00:52:06,2022-03-11 00:52:17
2022-03-11 17:52:34,2022-03-11 17:55:53,In_Transit_Active, Meeting _Social_Gathering_In_Person,annotator,HIGH LEVEL BEHAVIOR,2022-03-11 00:52:17,2022-03-11 00:55:36
2022-03-11 17:55:53,2022-03-11 17:56:05,In_Transit_Active, Meeting _Social_Gathering_In_Person,annotator,HIGH LEVEL BEHAVIOR,2022-03-11 00:55:36,2022-03-11 00:55:48
2022-03-11 17:56:05,2022-03-11 17:56:18,In_Transit_Active, Meeting _Social_Gathering_In_Person,annotator,HIGH LEVEL BEHAVIOR,2022-03-11 00:55:48,2022-03-11 00:56:01
2022-03-11 17:56:18,2022-03-11 18:03:08,Meeting _Social_Gathering_In_Person, Shopping_Non-Grocery,annotator,HIGH LEVEL BEHAVIOR,2022-03-11 00:56:01,2022-03-11 01:02:51
2022-03-11 18:03:08,2022-03-11 18:05:15,Meeting _Social_Gathering_In_Person, Shopping_Non-Grocery,annotator,HIGH LEVEL BEHAVIOR,2022-03-11 01:02:51,2022-03-11 01:04:58
2022-03-11 18:05:15,2022-03-11 18:05:29,In_Transit_Active,annotator,HIGH LEVEL BEHAVIOR,2022-03-11 01:04:58,2022-03-11 01:05:12
2022-03-11 18:05:29,2022-03-11 18:09:04,In_Transit_Active,annotator,HIGH LEVEL BEHAVIOR,2022-03-11 01:05:12,2022-03-11 01:08:47
2022-03-11 18:09:04,2022-03-11 18:09:11,In_Transit_Active,annotator,HIGH LEVEL BEHAVIOR,2022-03-11 01:08:47,2022-03-11 01:08:54
2022-03-11 18:09:11,2022-03-11 18:09:55,Meeting _Social_Gathering_In_Person,annotator,HIGH LEVEL BEHAVIOR,2022-03-11 01:08:54,2022-03-11 01:09:38
2022-03-11 18:09:55,2022-03-11 18:10:18,Meeting _Social_Gathering_In_Person, Riding_Elevator_Down,annotator,HIGH LEVEL BEHAVIOR,2022-03-11 01:09:38,2022-03-11 01:10:01
2022-03-11 18:10:18,2022-03-11 18:11:12,Meeting _Social_Gathering_In_Person, Dressing/Undressing,annotator,HIGH LEVEL BEHAVIOR,2022-03-11 01:10:01,2022-03-11 01:10:55
2022-03-11 18:11:12,2022-03-11 18:16:19,Meeting _Social_Gathering_In_Person, Cooking/Prepping_Food,annotator,HIGH LEVEL BEHAVIOR,2022-03-11 01:10:55,2022-03-11 01:16:02
2022-03-11 18:16:19,2022-03-11 18:26:47,Meeting _Social_Gathering_In_Person, Eating/Dining, WatchingTV/Movies,annotator,HIGH LEVEL BEHAVIOR,2022-03-11 01:16:02,2022-03-11 01:26:30
2022-03-11 18:26:47,2022-03-11 18:27:44,Meeting _Social_Gathering_In_Person, Eating/Dining,annotator,HIGH LEVEL BEHAVIOR,2022-03-11 01:26:30,2022-03-11 01:27:27
2022-03-11 18:27:45,2022-03-11 18:28:02,Meeting _Social_Gathering_In_Person, Eating/Dining, WatchingTV/Movies,annotator,HIGH LEVEL BEHAVIOR,2022-03-11 01:27:28,2022-03-11 01:27:45
2022-03-11 18:28:02,2022-03-11 18:28:37,Meeting _Social_Gathering_In_Person, Eating/Dining, WatchingTV/Movies,annotator,HIGH LEVEL BEHAVIOR,2022-03-11 01:27:45,2022-03-11 01:28:20
2022-03-11 18:28:37,2022-03-11 18:29:04,Meeting _Social_Gathering_In_Person, Eating/Dining, WatchingTV/Movies,annotator,HIGH LEVEL BEHAVIOR,2022-03-11 01:28:20,2022-03-11 01:28:47
2022-03-11 18:29:04,2022-03-11 18:30:49,Meeting _Social_Gathering_In_Person, WatchingTV/Movies,annotator,HIGH LEVEL BEHAVIOR,2022-03-11 01:28:47,2022-03-11 01:30:32
2022-03-11 18:30:49,2022-03-11 18:38:52,Meeting _Social_Gathering_In_Person, WatchingTV/Movies, Eating/Dining,annotator,HIGH LEVEL BEHAVIOR,2022-03-11 01:30:32,2022-03-11 01:38:35
2022-03-11 18:38:53,2022-03-11 18:40:16,WatchingTV/Movies,annotator,HIGH LEVEL BEHAVIOR,2022-03-11 01:38:36,2022-03-11 01:39:59
2022-03-11 18:40:16,2022-03-11 18:42:48,WatchingTV/Movies,annotator,HIGH LEVEL BEHAVIOR,2022-03-11 01:39:59,2022-03-11 01:42:31
2022-03-11 18:42:48,2022-03-11 18:46:43,,annotator,HIGH LEVEL BEHAVIOR,2022-03-11 01:42:31,2022-03-11 01:46:26
2022-03-11 18:46:43,2022-03-11 18:49:29,WatchingTV/Movies,annotator,HIGH LEVEL BEHAVIOR,2022-03-11 01:46:26,2022-03-11 01:49:12
2022-03-11 18:49:29,2022-03-11 18:59:58,,annotator,HIGH LEVEL BEHAVIOR,2022-03-11 01:49:12,2022-03-11 01:59:41
2022-03-11 18:59:58,2022-03-11 19:00:16,WatchingTV/Movies,annotator,HIGH LEVEL BEHAVIOR,2022-03-11 01:59:41,2022-03-11 01:59:59
2022-03-11 19:00:16,2022-03-11 19:00:51,,annotator,HIGH LEVEL BEHAVIOR,2022-03-11 01:59:59,2022-03-11 02:00:34
2022-03-11 19:00:51,2022-03-11 19:08:39,WatchingTV/Movies,annotator,HIGH LEVEL BEHAVIOR,2022-03-11 02:00:34,2022-03-11 02:08:22
2022-03-11 19:08:39,2022-03-11 19:12:38,,annotator,HIGH LEVEL BEHAVIOR,2022-03-11 02:08:22,2022-03-11 02:12:21
2022-03-11 19:12:38,2022-03-11 19:12:49,WatchingTV/Movies,annotator,HIGH LEVEL BEHAVIOR,2022-03-11 02:12:21,2022-03-11 02:12:32
2022-03-11 19:12:49,2022-03-11 19:12:53,WatchingTV/Movies,annotator,HIGH LEVEL BEHAVIOR,2022-03-11 02:12:32,2022-03-11 02:12:36
2022-03-11 19:12:53,2022-03-11 19:16:33,WatchingTV/Movies,annotator,HIGH LEVEL BEHAVIOR,2022-03-11 02:12:36,2022-03-11 02:16:16
2022-03-11 19:16:33,2022-03-11 19:18:19,,annotator,HIGH LEVEL BEHAVIOR,2022-03-11 02:16:16,2022-03-11 02:18:02
2022-03-11 19:18:21,2022-03-11 19:19:56,WatchingTV/Movies,annotator,HIGH LEVEL BEHAVIOR,2022-03-11 02:18:04,2022-03-11 02:19:39
2022-03-11 19:19:56,2022-03-11 19:20:15,,annotator,HIGH LEVEL BEHAVIOR,2022-03-11 02:19:39,2022-03-11 02:19:58
2022-03-11 19:20:15,2022-03-11 19:20:32,,annotator,HIGH LEVEL BEHAVIOR,2022-03-11 02:19:58,2022-03-11 02:20:15
