START_TIME,STOP_TIME,PREDICTION,SOURCE,LABELSET,VIDEO_START_TIME,VIDEO_END_TIME
2022-06-07 17:13:52,2022-06-07 17:14:03,Free_Living,annotator,Experimental situation,2022-06-07 00:00:00,2022-06-07 00:00:11
2022-06-07 17:14:03,2022-06-07 17:14:53,Free_Living,annotator,Experimental situation,2022-06-07 00:00:11,2022-06-07 00:01:01
2022-06-07 17:14:53,2022-06-07 17:18:10,Free_Living,annotator,Experimental situation,2022-06-07 00:01:01,2022-06-07 00:04:18
2022-06-07 17:18:10,2022-06-07 17:18:25,Free_Living,annotator,Experimental situation,2022-06-07 00:04:18,2022-06-07 00:04:33
2022-06-07 17:18:25,2022-06-07 17:21:22,Free_Living,annotator,Experimental situation,2022-06-07 00:04:33,2022-06-07 00:07:30
2022-06-07 17:21:22,2022-06-07 17:23:23,Free_Living,annotator,Experimental situation,2022-06-07 00:07:30,2022-06-07 00:09:31
2022-06-07 17:23:23,2022-06-07 17:23:35,Free_Living,annotator,Experimental situation,2022-06-07 00:09:31,2022-06-07 00:09:43
2022-06-07 17:23:35,2022-06-07 17:23:53,Free_Living,annotator,Experimental situation,2022-06-07 00:09:43,2022-06-07 00:10:01
2022-06-07 17:23:53,2022-06-07 17:24:20,Free_Living,annotator,Experimental situation,2022-06-07 00:10:01,2022-06-07 00:10:28
2022-06-07 17:24:20,2022-06-07 17:24:39,Free_Living,annotator,Experimental situation,2022-06-07 00:10:28,2022-06-07 00:10:47
2022-06-07 17:24:39,2022-06-07 17:24:51,Free_Living,annotator,Experimental situation,2022-06-07 00:10:47,2022-06-07 00:10:59
2022-06-07 17:24:51,2022-06-07 17:25:12,Free_Living,annotator,Experimental situation,2022-06-07 00:10:59,2022-06-07 00:11:20
2022-06-07 17:25:12,2022-06-07 17:25:21,Free_Living,annotator,Experimental situation,2022-06-07 00:11:20,2022-06-07 00:11:29
2022-06-07 17:25:21,2022-06-07 17:26:32,Free_Living,annotator,Experimental situation,2022-06-07 00:11:29,2022-06-07 00:12:40
2022-06-07 17:26:32,2022-06-07 17:26:45,Free_Living,annotator,Experimental situation,2022-06-07 00:12:40,2022-06-07 00:12:53
2022-06-07 17:26:45,2022-06-07 17:27:50,Free_Living,annotator,Experimental situation,2022-06-07 00:12:53,2022-06-07 00:13:58
2022-06-07 17:27:50,2022-06-07 17:28:48,Free_Living,annotator,Experimental situation,2022-06-07 00:13:58,2022-06-07 00:14:56
2022-06-07 17:28:48,2022-06-07 17:33:05,Free_Living,annotator,Experimental situation,2022-06-07 00:14:56,2022-06-07 00:19:13
2022-06-07 17:33:05,2022-06-07 17:33:23,Free_Living,annotator,Experimental situation,2022-06-07 00:19:13,2022-06-07 00:19:31
2022-06-07 17:33:23,2022-06-07 17:34:04,Free_Living,annotator,Experimental situation,2022-06-07 00:19:31,2022-06-07 00:20:12
2022-06-07 17:34:04,2022-06-07 17:34:14,Free_Living,annotator,Experimental situation,2022-06-07 00:20:12,2022-06-07 00:20:22
2022-06-07 17:34:14,2022-06-07 17:34:39,Free_Living,annotator,Experimental situation,2022-06-07 00:20:22,2022-06-07 00:20:47
2022-06-07 17:34:39,2022-06-07 17:34:46,Free_Living,annotator,Experimental situation,2022-06-07 00:20:47,2022-06-07 00:20:54
2022-06-07 17:34:46,2022-06-07 17:35:01,Free_Living,annotator,Experimental situation,2022-06-07 00:20:54,2022-06-07 00:21:09
2022-06-07 17:35:01,2022-06-07 17:35:18,Free_Living,annotator,Experimental situation,2022-06-07 00:21:09,2022-06-07 00:21:26
2022-06-07 17:35:18,2022-06-07 17:35:49,Free_Living,annotator,Experimental situation,2022-06-07 00:21:26,2022-06-07 00:21:57
2022-06-07 17:35:49,2022-06-07 17:36:02,Free_Living,annotator,Experimental situation,2022-06-07 00:21:57,2022-06-07 00:22:10
2022-06-07 17:36:02,2022-06-07 17:36:04,Free_Living,annotator,Experimental situation,2022-06-07 00:22:10,2022-06-07 00:22:12
2022-06-07 17:36:04,2022-06-07 17:36:18,Free_Living,annotator,Experimental situation,2022-06-07 00:22:12,2022-06-07 00:22:26
2022-06-07 17:36:18,2022-06-07 17:47:38,Free_Living,annotator,Experimental situation,2022-06-07 00:22:26,2022-06-07 00:33:46
2022-06-07 17:47:38,2022-06-07 17:47:59,Free_Living,annotator,Experimental situation,2022-06-07 00:33:46,2022-06-07 00:34:07
2022-06-07 17:47:59,2022-06-07 17:48:10,Free_Living,annotator,Experimental situation,2022-06-07 00:34:07,2022-06-07 00:34:18
2022-06-07 17:48:10,2022-06-07 17:48:18,Free_Living,annotator,Experimental situation,2022-06-07 00:34:18,2022-06-07 00:34:26
2022-06-07 17:48:18,2022-06-07 17:48:32,Free_Living,annotator,Experimental situation,2022-06-07 00:34:26,2022-06-07 00:34:40
2022-06-07 17:48:32,2022-06-07 17:49:33,Free_Living,annotator,Experimental situation,2022-06-07 00:34:40,2022-06-07 00:35:41
2022-06-07 17:49:33,2022-06-07 17:49:46,Free_Living,annotator,Experimental situation,2022-06-07 00:35:41,2022-06-07 00:35:54
2022-06-07 17:49:46,2022-06-07 18:08:20,Free_Living,annotator,Experimental situation,2022-06-07 00:35:54,2022-06-07 00:54:28
2022-06-07 18:08:20,2022-06-07 18:08:32,Free_Living,annotator,Experimental situation,2022-06-07 00:54:28,2022-06-07 00:54:40
2022-06-07 18:08:38,2022-06-07 18:09:03,Free_Living,annotator,Experimental situation,2022-06-07 00:54:46,2022-06-07 00:55:11
2022-06-07 18:09:03,2022-06-07 18:09:28,Free_Living,annotator,Experimental situation,2022-06-07 00:55:11,2022-06-07 00:55:36
2022-06-07 18:09:28,2022-06-07 18:11:17,Free_Living,annotator,Experimental situation,2022-06-07 00:55:36,2022-06-07 00:57:25
2022-06-07 18:11:17,2022-06-07 18:11:27,Free_Living,annotator,Experimental situation,2022-06-07 00:57:25,2022-06-07 00:57:35
2022-06-07 18:11:27,2022-06-07 18:11:34,Free_Living,annotator,Experimental situation,2022-06-07 00:57:35,2022-06-07 00:57:42
2022-06-07 18:11:34,2022-06-07 18:11:46,Free_Living,annotator,Experimental situation,2022-06-07 00:57:42,2022-06-07 00:57:54
2022-06-07 18:11:46,2022-06-07 18:12:08,Free_Living,annotator,Experimental situation,2022-06-07 00:57:54,2022-06-07 00:58:16
2022-06-07 18:12:08,2022-06-07 18:12:18,Free_Living,annotator,Experimental situation,2022-06-07 00:58:16,2022-06-07 00:58:26
2022-06-07 18:12:18,2022-06-07 18:12:30,Free_Living,annotator,Experimental situation,2022-06-07 00:58:26,2022-06-07 00:58:38
2022-06-07 18:12:30,2022-06-07 18:13:32,Free_Living,annotator,Experimental situation,2022-06-07 00:58:38,2022-06-07 00:59:40
2022-06-07 18:13:32,2022-06-07 18:13:38,Free_Living,annotator,Experimental situation,2022-06-07 00:59:40,2022-06-07 00:59:46
2022-06-07 18:13:38,2022-06-07 18:14:08,Free_Living,annotator,Experimental situation,2022-06-07 00:59:46,2022-06-07 01:00:16
2022-06-07 18:14:08,2022-06-07 18:14:14,Free_Living,annotator,Experimental situation,2022-06-07 01:00:16,2022-06-07 01:00:22
2022-06-07 18:14:14,2022-06-07 18:14:29,Free_Living,annotator,Experimental situation,2022-06-07 01:00:22,2022-06-07 01:00:37
2022-06-07 18:14:29,2022-06-07 18:14:38,Free_Living,annotator,Experimental situation,2022-06-07 01:00:37,2022-06-07 01:00:46
2022-06-07 18:14:38,2022-06-07 18:15:21,Free_Living,annotator,Experimental situation,2022-06-07 01:00:46,2022-06-07 01:01:29
2022-06-07 18:15:21,2022-06-07 18:15:47,Free_Living,annotator,Experimental situation,2022-06-07 01:01:29,2022-06-07 01:01:55
2022-06-07 18:15:47,2022-06-07 18:16:20,Free_Living,annotator,Experimental situation,2022-06-07 01:01:55,2022-06-07 01:02:28
2022-06-07 18:16:20,2022-06-07 18:16:31,Free_Living,annotator,Experimental situation,2022-06-07 01:02:28,2022-06-07 01:02:39
2022-06-07 18:16:31,2022-06-07 18:16:45,Free_Living,annotator,Experimental situation,2022-06-07 01:02:39,2022-06-07 01:02:53
2022-06-07 18:16:45,2022-06-07 18:16:45,Free_Living,annotator,Experimental situation,2022-06-07 01:02:53,2022-06-07 01:02:53
2022-06-07 18:16:45,2022-06-07 18:17:03,Free_Living,annotator,Experimental situation,2022-06-07 01:02:53,2022-06-07 01:03:11
2022-06-07 18:17:03,2022-06-07 18:19:07,Free_Living,annotator,Experimental situation,2022-06-07 01:03:11,2022-06-07 01:05:15
2022-06-07 18:19:07,2022-06-07 18:19:25,Free_Living,annotator,Experimental situation,2022-06-07 01:05:15,2022-06-07 01:05:33
2022-06-07 18:19:25,2022-06-07 18:20:24,Free_Living,annotator,Experimental situation,2022-06-07 01:05:33,2022-06-07 01:06:32
2022-06-07 18:20:24,2022-06-07 18:20:29,Free_Living,annotator,Experimental situation,2022-06-07 01:06:32,2022-06-07 01:06:37
2022-06-07 18:20:29,2022-06-07 18:21:09,Free_Living,annotator,Experimental situation,2022-06-07 01:06:37,2022-06-07 01:07:17
2022-06-07 18:21:09,2022-06-07 18:21:16,Free_Living,annotator,Experimental situation,2022-06-07 01:07:17,2022-06-07 01:07:24
2022-06-07 18:21:16,2022-06-07 18:21:53,Free_Living,annotator,Experimental situation,2022-06-07 01:07:24,2022-06-07 01:08:01
2022-06-07 18:21:53,2022-06-07 18:21:59,Free_Living,annotator,Experimental situation,2022-06-07 01:08:01,2022-06-07 01:08:07
2022-06-07 18:21:59,2022-06-07 18:22:52,Free_Living,annotator,Experimental situation,2022-06-07 01:08:07,2022-06-07 01:09:00
2022-06-07 18:22:52,2022-06-07 18:24:59,Free_Living,annotator,Experimental situation,2022-06-07 01:09:00,2022-06-07 01:11:07
2022-06-07 18:24:59,2022-06-07 18:25:17,Free_Living,annotator,Experimental situation,2022-06-07 01:11:07,2022-06-07 01:11:25
2022-06-07 18:25:17,2022-06-07 18:29:07,Free_Living,annotator,Experimental situation,2022-06-07 01:11:25,2022-06-07 01:15:15
2022-06-07 18:29:07,2022-06-07 18:29:18,Free_Living,annotator,Experimental situation,2022-06-07 01:15:15,2022-06-07 01:15:26
2022-06-07 18:29:18,2022-06-07 18:29:18,Free_Living,annotator,Experimental situation,2022-06-07 01:15:26,2022-06-07 01:15:26
2022-06-07 18:29:18,2022-06-07 18:29:57,Free_Living,annotator,Experimental situation,2022-06-07 01:15:26,2022-06-07 01:16:05
2022-06-07 18:29:57,2022-06-07 18:30:11,Free_Living,annotator,Experimental situation,2022-06-07 01:16:05,2022-06-07 01:16:19
2022-06-07 18:30:11,2022-06-07 18:30:42,Free_Living,annotator,Experimental situation,2022-06-07 01:16:19,2022-06-07 01:16:50
2022-06-07 18:30:42,2022-06-07 18:30:47,Free_Living,annotator,Experimental situation,2022-06-07 01:16:50,2022-06-07 01:16:55
2022-06-07 18:30:42,2022-06-07 18:30:42,Free_Living,annotator,Experimental situation,2022-06-07 01:16:50,2022-06-07 01:16:50
2022-06-07 18:30:47,2022-06-07 18:33:58,Free_Living,annotator,Experimental situation,2022-06-07 01:16:55,2022-06-07 01:20:06
2022-06-07 18:33:58,2022-06-07 18:34:25,Free_Living,annotator,Experimental situation,2022-06-07 01:20:06,2022-06-07 01:20:33
2022-06-07 18:34:25,2022-06-07 18:34:41,Free_Living,annotator,Experimental situation,2022-06-07 01:20:33,2022-06-07 01:20:49
2022-06-07 18:34:41,2022-06-07 18:36:04,Free_Living,annotator,Experimental situation,2022-06-07 01:20:49,2022-06-07 01:22:12
2022-06-07 18:36:04,2022-06-07 18:36:17,Free_Living,annotator,Experimental situation,2022-06-07 01:22:12,2022-06-07 01:22:25
2022-06-07 18:36:17,2022-06-07 18:36:36,Free_Living,annotator,Experimental situation,2022-06-07 01:22:25,2022-06-07 01:22:44
2022-06-07 18:36:36,2022-06-07 18:36:48,Free_Living,annotator,Experimental situation,2022-06-07 01:22:44,2022-06-07 01:22:56
2022-06-07 18:36:48,2022-06-07 18:36:55,Free_Living,annotator,Experimental situation,2022-06-07 01:22:56,2022-06-07 01:23:03
2022-06-07 18:36:55,2022-06-07 18:37:31,Free_Living,annotator,Experimental situation,2022-06-07 01:23:03,2022-06-07 01:23:39
2022-06-07 18:37:31,2022-06-07 18:37:45,Free_Living,annotator,Experimental situation,2022-06-07 01:23:39,2022-06-07 01:23:53
2022-06-07 18:37:45,2022-06-07 18:38:05,Free_Living,annotator,Experimental situation,2022-06-07 01:23:53,2022-06-07 01:24:13
2022-06-07 18:38:05,2022-06-07 18:39:57,Free_Living,annotator,Experimental situation,2022-06-07 01:24:13,2022-06-07 01:26:05
2022-06-07 18:39:57,2022-06-07 18:41:07,Free_Living,annotator,Experimental situation,2022-06-07 01:26:05,2022-06-07 01:27:15
2022-06-07 18:41:07,2022-06-07 18:41:24,Free_Living,annotator,Experimental situation,2022-06-07 01:27:15,2022-06-07 01:27:32
2022-06-07 18:41:24,2022-06-07 18:41:49,Free_Living,annotator,Experimental situation,2022-06-07 01:27:32,2022-06-07 01:27:57
2022-06-07 18:41:49,2022-06-07 18:42:11,Free_Living,annotator,Experimental situation,2022-06-07 01:27:57,2022-06-07 01:28:19
2022-06-07 18:42:11,2022-06-07 18:42:25,Free_Living,annotator,Experimental situation,2022-06-07 01:28:19,2022-06-07 01:28:33
2022-06-07 18:42:25,2022-06-07 18:42:33,Free_Living,annotator,Experimental situation,2022-06-07 01:28:33,2022-06-07 01:28:41
2022-06-07 18:42:33,2022-06-07 18:43:11,Free_Living,annotator,Experimental situation,2022-06-07 01:28:41,2022-06-07 01:29:19
2022-06-07 18:43:11,2022-06-07 18:43:38,Free_Living,annotator,Experimental situation,2022-06-07 01:29:19,2022-06-07 01:29:46
2022-06-07 18:43:38,2022-06-07 18:43:51,Free_Living,annotator,Experimental situation,2022-06-07 01:29:46,2022-06-07 01:29:59
2022-06-07 18:43:51,2022-06-07 18:44:25,Free_Living,annotator,Experimental situation,2022-06-07 01:29:59,2022-06-07 01:30:33
2022-06-07 18:44:25,2022-06-07 18:44:34,Free_Living,annotator,Experimental situation,2022-06-07 01:30:33,2022-06-07 01:30:42
2022-06-07 18:44:34,2022-06-07 18:44:56,Free_Living,annotator,Experimental situation,2022-06-07 01:30:42,2022-06-07 01:31:04
2022-06-07 18:44:56,2022-06-07 18:45:16,Free_Living,annotator,Experimental situation,2022-06-07 01:31:04,2022-06-07 01:31:24
2022-06-07 18:45:16,2022-06-07 18:45:42,Free_Living,annotator,Experimental situation,2022-06-07 01:31:24,2022-06-07 01:31:50
2022-06-07 18:45:42,2022-06-07 18:46:23,Free_Living,annotator,Experimental situation,2022-06-07 01:31:50,2022-06-07 01:32:31
2022-06-07 18:46:23,2022-06-07 18:49:29,Free_Living,annotator,Experimental situation,2022-06-07 01:32:31,2022-06-07 01:35:37
2022-06-07 18:49:29,2022-06-07 18:49:59,Free_Living,annotator,Experimental situation,2022-06-07 01:35:37,2022-06-07 01:36:07
2022-06-07 18:49:59,2022-06-07 18:50:39,Free_Living,annotator,Experimental situation,2022-06-07 01:36:07,2022-06-07 01:36:47
2022-06-07 18:50:39,2022-06-07 18:52:36,Free_Living,annotator,Experimental situation,2022-06-07 01:36:47,2022-06-07 01:38:44
2022-06-07 18:50:39,2022-06-07 18:50:39,Free_Living,annotator,Experimental situation,2022-06-07 01:36:47,2022-06-07 01:36:47
2022-06-07 18:52:36,2022-06-07 18:53:16,Free_Living,annotator,Experimental situation,2022-06-07 01:38:44,2022-06-07 01:39:24
2022-06-07 18:53:16,2022-06-07 18:53:33,Free_Living,annotator,Experimental situation,2022-06-07 01:39:24,2022-06-07 01:39:41
2022-06-07 18:53:33,2022-06-07 18:54:05,Free_Living,annotator,Experimental situation,2022-06-07 01:39:41,2022-06-07 01:40:13
2022-06-07 18:54:05,2022-06-07 18:56:01,Free_Living,annotator,Experimental situation,2022-06-07 01:40:13,2022-06-07 01:42:09
2022-06-07 18:56:01,2022-06-07 18:56:17,Free_Living,annotator,Experimental situation,2022-06-07 01:42:09,2022-06-07 01:42:25
2022-06-07 18:56:17,2022-06-07 18:56:54,Free_Living,annotator,Experimental situation,2022-06-07 01:42:25,2022-06-07 01:43:02
2022-06-07 18:56:54,2022-06-07 18:57:19,Free_Living,annotator,Experimental situation,2022-06-07 01:43:02,2022-06-07 01:43:27
2022-06-07 18:57:19,2022-06-07 18:59:42,Free_Living,annotator,Experimental situation,2022-06-07 01:43:27,2022-06-07 01:45:50
2022-06-07 18:59:42,2022-06-07 19:00:36,Free_Living,annotator,Experimental situation,2022-06-07 01:45:50,2022-06-07 01:46:44
2022-06-07 19:00:36,2022-06-07 19:03:25,Free_Living,annotator,Experimental situation,2022-06-07 01:46:44,2022-06-07 01:49:33
2022-06-07 19:03:25,2022-06-07 19:04:23,Free_Living,annotator,Experimental situation,2022-06-07 01:49:33,2022-06-07 01:50:31
2022-06-07 19:04:23,2022-06-07 19:04:54,Free_Living,annotator,Experimental situation,2022-06-07 01:50:31,2022-06-07 01:51:02
2022-06-07 19:04:54,2022-06-07 19:06:23,Free_Living,annotator,Experimental situation,2022-06-07 01:51:02,2022-06-07 01:52:31
2022-06-07 19:06:23,2022-06-07 19:06:39,Free_Living,annotator,Experimental situation,2022-06-07 01:52:31,2022-06-07 01:52:47
2022-06-07 19:06:39,2022-06-07 19:07:03,Free_Living,annotator,Experimental situation,2022-06-07 01:52:47,2022-06-07 01:53:11
2022-06-07 19:07:03,2022-06-07 19:10:57,Free_Living,annotator,Experimental situation,2022-06-07 01:53:11,2022-06-07 01:57:05
2022-06-07 19:10:57,2022-06-07 19:11:18,Free_Living,annotator,Experimental situation,2022-06-07 01:57:05,2022-06-07 01:57:26
2022-06-07 19:11:18,2022-06-07 19:14:57,Free_Living,annotator,Experimental situation,2022-06-07 01:57:26,2022-06-07 02:01:05
2022-06-07 19:14:57,2022-06-07 19:15:38,Free_Living,annotator,Experimental situation,2022-06-07 02:01:05,2022-06-07 02:01:46
2022-06-07 19:15:38,2022-06-07 19:16:46,Free_Living,annotator,Experimental situation,2022-06-07 02:01:46,2022-06-07 02:02:54
2022-06-07 19:16:46,2022-06-07 19:17:23,Free_Living,annotator,Experimental situation,2022-06-07 02:02:54,2022-06-07 02:03:31
2022-06-07 19:17:23,2022-06-07 19:19:17,Free_Living,annotator,Experimental situation,2022-06-07 02:03:31,2022-06-07 02:05:25
2022-06-07 19:19:17,2022-06-07 19:19:27,Free_Living,annotator,Experimental situation,2022-06-07 02:05:25,2022-06-07 02:05:35
2022-06-07 19:19:27,2022-06-07 19:19:36,Free_Living,annotator,Experimental situation,2022-06-07 02:05:35,2022-06-07 02:05:44
2022-06-07 19:19:36,2022-06-07 19:19:58,Free_Living,annotator,Experimental situation,2022-06-07 02:05:44,2022-06-07 02:06:06
2022-06-07 19:19:58,2022-06-07 19:20:43,Free_Living,annotator,Experimental situation,2022-06-07 02:06:06,2022-06-07 02:06:51
2022-06-07 19:20:43,2022-06-07 19:22:15,Free_Living,annotator,Experimental situation,2022-06-07 02:06:51,2022-06-07 02:08:23
2022-06-07 19:22:15,2022-06-07 19:24:02,Free_Living,annotator,Experimental situation,2022-06-07 02:08:23,2022-06-07 02:10:10
2022-06-07 19:24:02,2022-06-07 19:29:27,Free_Living,annotator,Experimental situation,2022-06-07 02:10:10,2022-06-07 02:15:35
2022-06-07 19:29:27,2022-06-07 19:29:30,Free_Living,annotator,Experimental situation,2022-06-07 02:15:35,2022-06-07 02:15:38
2022-06-07 19:29:30,2022-06-07 19:31:48,Free_Living,annotator,Experimental situation,2022-06-07 02:15:38,2022-06-07 02:17:56
2022-06-07 19:31:48,2022-06-07 19:32:18,Free_Living,annotator,Experimental situation,2022-06-07 02:17:56,2022-06-07 02:18:26
2022-06-07 19:32:18,2022-06-07 19:33:33,Free_Living,annotator,Experimental situation,2022-06-07 02:18:26,2022-06-07 02:19:41
2022-06-07 19:33:33,2022-06-07 19:34:35,Free_Living,annotator,Experimental situation,2022-06-07 02:19:41,2022-06-07 02:20:43
2022-06-07 19:34:35,2022-06-07 19:34:47,Free_Living,annotator,Experimental situation,2022-06-07 02:20:43,2022-06-07 02:20:55
2022-06-07 19:34:47,2022-06-07 19:40:21,Free_Living,annotator,Experimental situation,2022-06-07 02:20:55,2022-06-07 02:26:29
2022-06-07 19:40:21,2022-06-07 19:41:00,Free_Living,annotator,Experimental situation,2022-06-07 02:26:29,2022-06-07 02:27:08
2022-06-07 19:41:00,2022-06-07 19:41:08,Free_Living,annotator,Experimental situation,2022-06-07 02:27:08,2022-06-07 02:27:16
2022-06-07 19:41:08,2022-06-07 19:41:39,Free_Living,annotator,Experimental situation,2022-06-07 02:27:16,2022-06-07 02:27:47
2022-06-07 19:41:39,2022-06-07 19:41:47,Free_Living,annotator,Experimental situation,2022-06-07 02:27:47,2022-06-07 02:27:55
2022-06-07 19:41:47,2022-06-07 19:43:23,Free_Living,annotator,Experimental situation,2022-06-07 02:27:55,2022-06-07 02:29:31
2022-06-07 19:43:23,2022-06-07 19:43:39,Free_Living,annotator,Experimental situation,2022-06-07 02:29:31,2022-06-07 02:29:47
2022-06-07 19:43:39,2022-06-07 19:43:44,Free_Living,annotator,Experimental situation,2022-06-07 02:29:47,2022-06-07 02:29:52
2022-06-07 19:43:44,2022-06-07 19:43:55,Free_Living,annotator,Experimental situation,2022-06-07 02:29:52,2022-06-07 02:30:03
2022-06-07 19:43:55,2022-06-07 19:45:30,Free_Living,annotator,Experimental situation,2022-06-07 02:30:03,2022-06-07 02:31:38
2022-06-07 19:45:30,2022-06-07 19:45:41,Free_Living,annotator,Experimental situation,2022-06-07 02:31:38,2022-06-07 02:31:49
2022-06-07 19:45:41,2022-06-07 19:46:05,Free_Living,annotator,Experimental situation,2022-06-07 02:31:49,2022-06-07 02:32:13
2022-06-07 19:46:05,2022-06-07 19:46:12,Free_Living,annotator,Experimental situation,2022-06-07 02:32:13,2022-06-07 02:32:20
2022-06-07 19:46:12,2022-06-07 19:47:00,Free_Living,annotator,Experimental situation,2022-06-07 02:32:20,2022-06-07 02:33:08
2022-06-07 19:47:00,2022-06-07 19:47:22,Free_Living,annotator,Experimental situation,2022-06-07 02:33:08,2022-06-07 02:33:30
2022-06-07 19:47:22,2022-06-07 19:48:01,Free_Living,annotator,Experimental situation,2022-06-07 02:33:30,2022-06-07 02:34:09
2022-06-07 19:48:01,2022-06-07 19:48:17,Free_Living,annotator,Experimental situation,2022-06-07 02:34:09,2022-06-07 02:34:25
2022-06-07 19:48:17,2022-06-07 19:49:41,Free_Living,annotator,Experimental situation,2022-06-07 02:34:25,2022-06-07 02:35:49
2022-06-07 19:49:41,2022-06-07 19:50:47,Free_Living,annotator,Experimental situation,2022-06-07 02:35:49,2022-06-07 02:36:55
2022-06-07 19:50:47,2022-06-07 19:51:17,Free_Living,annotator,Experimental situation,2022-06-07 02:36:55,2022-06-07 02:37:25
2022-06-07 19:51:17,2022-06-07 19:51:32,Free_Living,annotator,Experimental situation,2022-06-07 02:37:25,2022-06-07 02:37:40
2022-06-07 19:51:32,2022-06-07 19:53:01,Free_Living,annotator,Experimental situation,2022-06-07 02:37:40,2022-06-07 02:39:09
2022-06-07 19:53:01,2022-06-07 19:53:06,Free_Living,annotator,Experimental situation,2022-06-07 02:39:09,2022-06-07 02:39:14
2022-06-07 19:53:06,2022-06-07 19:53:15,Free_Living,annotator,Experimental situation,2022-06-07 02:39:14,2022-06-07 02:39:23
2022-06-07 19:53:15,2022-06-07 19:53:57,Free_Living,annotator,Experimental situation,2022-06-07 02:39:23,2022-06-07 02:40:05
2022-06-07 19:53:57,2022-06-07 19:54:04,Free_Living,annotator,Experimental situation,2022-06-07 02:40:05,2022-06-07 02:40:12
2022-06-07 19:54:04,2022-06-07 19:55:57,Free_Living,annotator,Experimental situation,2022-06-07 02:40:12,2022-06-07 02:42:05
2022-06-07 19:55:57,2022-06-07 19:56:57,Free_Living,annotator,Experimental situation,2022-06-07 02:42:05,2022-06-07 02:43:05
2022-06-07 19:56:57,2022-06-07 19:59:16,Free_Living,annotator,Experimental situation,2022-06-07 02:43:05,2022-06-07 02:45:24
2022-06-07 19:59:16,2022-06-07 20:00:00,Free_Living,annotator,Experimental situation,2022-06-07 02:45:24,2022-06-07 02:46:08
2022-06-07 20:00:00,2022-06-07 20:01:14,Free_Living,annotator,Experimental situation,2022-06-07 02:46:08,2022-06-07 02:47:22
2022-06-07 20:01:14,2022-06-07 20:01:18,Free_Living,annotator,Experimental situation,2022-06-07 02:47:22,2022-06-07 02:47:26
2022-06-07 20:01:18,2022-06-07 20:01:57,Free_Living,annotator,Experimental situation,2022-06-07 02:47:26,2022-06-07 02:48:05
2022-06-07 20:01:57,2022-06-07 20:02:05,Free_Living,annotator,Experimental situation,2022-06-07 02:48:05,2022-06-07 02:48:13
2022-06-07 20:02:05,2022-06-07 20:03:16,Free_Living,annotator,Experimental situation,2022-06-07 02:48:13,2022-06-07 02:49:24
2022-06-07 20:03:18,2022-06-07 20:03:50,Free_Living,annotator,Experimental situation,2022-06-07 02:49:26,2022-06-07 02:49:58
2022-06-07 20:03:50,2022-06-07 20:04:08,Free_Living,annotator,Experimental situation,2022-06-07 02:49:58,2022-06-07 02:50:16
2022-06-07 20:03:53,2022-06-07 20:03:53,Free_Living,annotator,Experimental situation,2022-06-07 02:50:01,2022-06-07 02:50:01
2022-06-07 20:04:08,2022-06-07 20:04:24,Free_Living,annotator,Experimental situation,2022-06-07 02:50:16,2022-06-07 02:50:32
2022-06-07 20:04:24,2022-06-07 20:04:41,Free_Living,annotator,Experimental situation,2022-06-07 02:50:32,2022-06-07 02:50:49
2022-06-07 20:04:41,2022-06-07 20:06:43,Free_Living,annotator,Experimental situation,2022-06-07 02:50:49,2022-06-07 02:52:51
2022-06-07 20:06:43,2022-06-07 20:06:58,Free_Living,annotator,Experimental situation,2022-06-07 02:52:51,2022-06-07 02:53:06
2022-06-07 20:06:58,2022-06-07 20:07:23,Free_Living,annotator,Experimental situation,2022-06-07 02:53:06,2022-06-07 02:53:31
2022-06-07 20:07:23,2022-06-07 20:08:10,Free_Living,annotator,Experimental situation,2022-06-07 02:53:31,2022-06-07 02:54:18
2022-06-07 20:08:10,2022-06-07 20:08:25,Free_Living,annotator,Experimental situation,2022-06-07 02:54:18,2022-06-07 02:54:33
2022-06-07 20:08:25,2022-06-07 20:08:51,Free_Living,annotator,Experimental situation,2022-06-07 02:54:33,2022-06-07 02:54:59
2022-06-07 20:08:51,2022-06-07 20:09:07,Free_Living,annotator,Experimental situation,2022-06-07 02:54:59,2022-06-07 02:55:15
2022-06-07 20:09:07,2022-06-07 20:10:07,Free_Living,annotator,Experimental situation,2022-06-07 02:55:15,2022-06-07 02:56:15
2022-06-07 20:10:07,2022-06-07 20:10:11,Free_Living,annotator,Experimental situation,2022-06-07 02:56:15,2022-06-07 02:56:19
2022-06-07 20:10:11,2022-06-07 20:10:22,Free_Living,annotator,Experimental situation,2022-06-07 02:56:19,2022-06-07 02:56:30
2022-06-07 20:10:22,2022-06-07 20:10:41,Free_Living,annotator,Experimental situation,2022-06-07 02:56:30,2022-06-07 02:56:49
2022-06-07 20:10:41,2022-06-07 20:13:33,Free_Living,annotator,Experimental situation,2022-06-07 02:56:49,2022-06-07 02:59:41
2022-06-07 20:13:33,2022-06-07 20:13:49,Free_Living,annotator,Experimental situation,2022-06-07 02:59:41,2022-06-07 02:59:57
2022-06-07 20:13:49,2022-06-07 20:14:11,Free_Living,annotator,Experimental situation,2022-06-07 02:59:57,2022-06-07 03:00:19
2022-06-07 20:14:11,2022-06-07 20:15:14,Free_Living,annotator,Experimental situation,2022-06-07 03:00:19,2022-06-07 03:01:22
2022-06-07 20:15:14,2022-06-07 20:15:42,Free_Living,annotator,Experimental situation,2022-06-07 03:01:22,2022-06-07 03:01:50
2022-06-07 20:15:42,2022-06-07 20:15:45,Free_Living,annotator,Experimental situation,2022-06-07 03:01:50,2022-06-07 03:01:53
2022-06-07 20:15:45,2022-06-07 20:16:26,Free_Living,annotator,Experimental situation,2022-06-07 03:01:53,2022-06-07 03:02:34
2022-06-07 20:16:26,2022-06-07 20:16:54,Free_Living,annotator,Experimental situation,2022-06-07 03:02:34,2022-06-07 03:03:02
2022-06-07 20:17:00,2022-06-07 20:18:34,Free_Living,annotator,Experimental situation,2022-06-07 03:03:08,2022-06-07 03:04:42
2022-06-07 20:18:34,2022-06-07 20:19:45,Free_Living,annotator,Experimental situation,2022-06-07 03:04:42,2022-06-07 03:05:53
2022-06-07 20:19:45,2022-06-07 20:20:02,Free_Living,annotator,Experimental situation,2022-06-07 03:05:53,2022-06-07 03:06:10
2022-06-07 20:20:02,2022-06-07 20:20:06,Free_Living,annotator,Experimental situation,2022-06-07 03:06:10,2022-06-07 03:06:14
2022-06-07 20:20:06,2022-06-07 20:20:40,Free_Living,annotator,Experimental situation,2022-06-07 03:06:14,2022-06-07 03:06:48
2022-06-07 20:20:40,2022-06-07 20:21:44,Free_Living,annotator,Experimental situation,2022-06-07 03:06:48,2022-06-07 03:07:52
2022-06-07 20:21:44,2022-06-07 20:22:07,Free_Living,annotator,Experimental situation,2022-06-07 03:07:52,2022-06-07 03:08:15
2022-06-07 20:22:07,2022-06-07 20:23:49,Free_Living,annotator,Experimental situation,2022-06-07 03:08:15,2022-06-07 03:09:57
2022-06-07 20:23:49,2022-06-07 20:25:46,Free_Living,annotator,Experimental situation,2022-06-07 03:09:57,2022-06-07 03:11:54
2022-06-07 20:25:46,2022-06-07 20:25:53,Free_Living,annotator,Experimental situation,2022-06-07 03:11:54,2022-06-07 03:12:01
2022-06-07 20:25:53,2022-06-07 20:27:06,Free_Living,annotator,Experimental situation,2022-06-07 03:12:01,2022-06-07 03:13:14
2022-06-07 20:27:06,2022-06-07 20:29:12,Free_Living,annotator,Experimental situation,2022-06-07 03:13:14,2022-06-07 03:15:20
2022-06-07 20:29:12,2022-06-07 20:30:59,Free_Living,annotator,Experimental situation,2022-06-07 03:15:20,2022-06-07 03:17:07
2022-06-07 20:30:59,2022-06-07 20:31:58,Free_Living,annotator,Experimental situation,2022-06-07 03:17:07,2022-06-07 03:18:06
2022-06-07 20:31:58,2022-06-07 20:33:20,Free_Living,annotator,Experimental situation,2022-06-07 03:18:06,2022-06-07 03:19:28
2022-06-07 20:33:20,2022-06-07 20:34:18,Free_Living,annotator,Experimental situation,2022-06-07 03:19:28,2022-06-07 03:20:26
2022-06-07 20:34:18,2022-06-07 20:36:29,Free_Living,annotator,Experimental situation,2022-06-07 03:20:26,2022-06-07 03:22:37
2022-06-07 20:36:29,2022-06-07 20:36:49,Free_Living,annotator,Experimental situation,2022-06-07 03:22:37,2022-06-07 03:22:57
2022-06-07 20:36:49,2022-06-07 20:37:57,Free_Living,annotator,Experimental situation,2022-06-07 03:22:57,2022-06-07 03:24:05
2022-06-07 20:37:57,2022-06-07 20:39:34,Free_Living,annotator,Experimental situation,2022-06-07 03:24:05,2022-06-07 03:25:42
2022-06-07 20:39:34,2022-06-07 20:42:38,Free_Living,annotator,Experimental situation,2022-06-07 03:25:42,2022-06-07 03:28:46
2022-06-07 20:42:38,2022-06-07 20:42:47,Free_Living,annotator,Experimental situation,2022-06-07 03:28:46,2022-06-07 03:28:55
2022-06-07 20:42:47,2022-06-07 20:43:24,Free_Living,annotator,Experimental situation,2022-06-07 03:28:55,2022-06-07 03:29:32
2022-06-07 20:43:24,2022-06-07 20:45:23,Free_Living,annotator,Experimental situation,2022-06-07 03:29:32,2022-06-07 03:31:31
2022-06-07 20:45:23,2022-06-07 20:45:41,Free_Living,annotator,Experimental situation,2022-06-07 03:31:31,2022-06-07 03:31:49
2022-06-07 20:45:41,2022-06-07 20:46:21,Free_Living,annotator,Experimental situation,2022-06-07 03:31:49,2022-06-07 03:32:29
2022-06-07 20:46:21,2022-06-07 20:47:31,Free_Living,annotator,Experimental situation,2022-06-07 03:32:29,2022-06-07 03:33:39
2022-06-07 20:47:31,2022-06-07 20:47:54,Free_Living,annotator,Experimental situation,2022-06-07 03:33:39,2022-06-07 03:34:02
2022-06-07 20:47:54,2022-06-07 20:48:11,Free_Living,annotator,Experimental situation,2022-06-07 03:34:02,2022-06-07 03:34:19
2022-06-07 20:48:11,2022-06-07 20:48:26,Free_Living,annotator,Experimental situation,2022-06-07 03:34:19,2022-06-07 03:34:34
2022-06-07 20:48:26,2022-06-07 20:48:36,Free_Living,annotator,Experimental situation,2022-06-07 03:34:34,2022-06-07 03:34:44
2022-06-07 20:48:36,2022-06-07 20:48:49,Free_Living,annotator,Experimental situation,2022-06-07 03:34:44,2022-06-07 03:34:57
2022-06-07 20:48:49,2022-06-07 20:49:10,Free_Living,annotator,Experimental situation,2022-06-07 03:34:57,2022-06-07 03:35:18
2022-06-07 20:49:10,2022-06-07 20:49:48,Free_Living,annotator,Experimental situation,2022-06-07 03:35:18,2022-06-07 03:35:56
2022-06-07 20:49:48,2022-06-07 20:50:00,Free_Living,annotator,Experimental situation,2022-06-07 03:35:56,2022-06-07 03:36:08
2022-06-07 20:50:00,2022-06-07 20:50:54,Free_Living,annotator,Experimental situation,2022-06-07 03:36:08,2022-06-07 03:37:02
2022-06-07 20:50:54,2022-06-07 20:51:06,Free_Living,annotator,Experimental situation,2022-06-07 03:37:02,2022-06-07 03:37:14
2022-06-07 20:51:06,2022-06-07 20:51:46,Free_Living,annotator,Experimental situation,2022-06-07 03:37:14,2022-06-07 03:37:54
2022-06-07 20:51:46,2022-06-07 20:52:12,Free_Living,annotator,Experimental situation,2022-06-07 03:37:54,2022-06-07 03:38:20
2022-06-07 20:52:12,2022-06-07 20:52:45,Free_Living,annotator,Experimental situation,2022-06-07 03:38:20,2022-06-07 03:38:53
2022-06-07 20:52:45,2022-06-07 20:53:22,Free_Living,annotator,Experimental situation,2022-06-07 03:38:53,2022-06-07 03:39:30
2022-06-07 20:53:22,2022-06-07 20:54:59,Free_Living,annotator,Experimental situation,2022-06-07 03:39:30,2022-06-07 03:41:07
2022-06-07 20:54:59,2022-06-07 20:55:09,Free_Living,annotator,Experimental situation,2022-06-07 03:41:07,2022-06-07 03:41:17
2022-06-07 20:55:09,2022-06-07 20:55:28,Free_Living,annotator,Experimental situation,2022-06-07 03:41:17,2022-06-07 03:41:36
2022-06-07 20:55:28,2022-06-07 20:55:48,Free_Living,annotator,Experimental situation,2022-06-07 03:41:36,2022-06-07 03:41:56
2022-06-07 20:55:48,2022-06-07 20:56:09,Free_Living,annotator,Experimental situation,2022-06-07 03:41:56,2022-06-07 03:42:17
2022-06-07 20:56:09,2022-06-07 20:59:25,Free_Living,annotator,Experimental situation,2022-06-07 03:42:17,2022-06-07 03:45:33
2022-06-07 20:59:25,2022-06-07 20:59:29,Free_Living,annotator,Experimental situation,2022-06-07 03:45:33,2022-06-07 03:45:37
2022-06-07 20:59:29,2022-06-07 21:00:25,Free_Living,annotator,Experimental situation,2022-06-07 03:45:37,2022-06-07 03:46:33
2022-06-07 21:00:25,2022-06-07 21:01:01,Free_Living,annotator,Experimental situation,2022-06-07 03:46:33,2022-06-07 03:47:09
2022-06-07 21:01:01,2022-06-07 21:02:01,Free_Living,annotator,Experimental situation,2022-06-07 03:47:09,2022-06-07 03:48:09
2022-06-07 21:02:01,2022-06-07 21:02:29,Free_Living,annotator,Experimental situation,2022-06-07 03:48:09,2022-06-07 03:48:37
2022-06-07 21:02:29,2022-06-07 21:03:04,Free_Living,annotator,Experimental situation,2022-06-07 03:48:37,2022-06-07 03:49:12
2022-06-07 21:03:04,2022-06-07 21:03:08,Free_Living,annotator,Experimental situation,2022-06-07 03:49:12,2022-06-07 03:49:16
2022-06-07 21:03:08,2022-06-07 21:04:59,Free_Living,annotator,Experimental situation,2022-06-07 03:49:16,2022-06-07 03:51:07
2022-06-07 21:04:59,2022-06-07 21:05:24,Free_Living,annotator,Experimental situation,2022-06-07 03:51:07,2022-06-07 03:51:32
2022-06-07 21:05:24,2022-06-07 21:07:47,Free_Living,annotator,Experimental situation,2022-06-07 03:51:32,2022-06-07 03:53:55
2022-06-07 21:07:47,2022-06-07 21:08:41,Free_Living,annotator,Experimental situation,2022-06-07 03:53:55,2022-06-07 03:54:49
2022-06-07 21:08:41,2022-06-07 21:09:52,Free_Living,annotator,Experimental situation,2022-06-07 03:54:49,2022-06-07 03:56:00
2022-06-07 21:09:52,2022-06-07 21:10:16,Free_Living,annotator,Experimental situation,2022-06-07 03:56:00,2022-06-07 03:56:24
2022-06-07 21:10:16,2022-06-07 21:10:41,Free_Living,annotator,Experimental situation,2022-06-07 03:56:24,2022-06-07 03:56:49
2022-06-07 21:10:41,2022-06-07 21:10:43,Free_Living,annotator,Experimental situation,2022-06-07 03:56:49,2022-06-07 03:56:51
2022-06-07 21:10:43,2022-06-07 21:11:15,Free_Living,annotator,Experimental situation,2022-06-07 03:56:51,2022-06-07 03:57:23
2022-06-07 21:11:15,2022-06-07 21:14:10,Free_Living,annotator,Experimental situation,2022-06-07 03:57:23,2022-06-07 04:00:18
2022-06-07 21:14:10,2022-06-07 21:14:36,Free_Living,annotator,Experimental situation,2022-06-07 04:00:18,2022-06-07 04:00:44
2022-06-07 21:14:36,2022-06-07 21:14:58,Free_Living,annotator,Experimental situation,2022-06-07 04:00:44,2022-06-07 04:01:06
2022-06-07 21:14:58,2022-06-07 21:15:26,Free_Living,annotator,Experimental situation,2022-06-07 04:01:06,2022-06-07 04:01:34
2022-06-07 21:15:26,2022-06-07 21:15:53,Free_Living,annotator,Experimental situation,2022-06-07 04:01:34,2022-06-07 04:02:01
2022-06-07 21:15:53,2022-06-07 21:15:59,Free_Living,annotator,Experimental situation,2022-06-07 04:02:01,2022-06-07 04:02:07
2022-06-07 21:15:59,2022-06-07 21:16:03,Free_Living,annotator,Experimental situation,2022-06-07 04:02:07,2022-06-07 04:02:11
2022-06-07 21:16:03,2022-06-07 21:21:16,Free_Living,annotator,Experimental situation,2022-06-07 04:02:11,2022-06-07 04:07:24
2022-06-07 21:21:16,2022-06-07 21:21:25,Free_Living,annotator,Experimental situation,2022-06-07 04:07:24,2022-06-07 04:07:33
2022-06-07 21:21:25,2022-06-07 21:45:39,Free_Living,annotator,Experimental situation,2022-06-07 04:07:33,2022-06-07 04:31:47
2022-06-07 21:45:39,2022-06-07 21:45:52,Free_Living,annotator,Experimental situation,2022-06-07 04:31:47,2022-06-07 04:32:00
2022-06-07 21:45:52,2022-06-07 21:46:34,Free_Living,annotator,Experimental situation,2022-06-07 04:32:00,2022-06-07 04:32:42
2022-06-07 21:46:34,2022-06-07 21:46:55,Free_Living,annotator,Experimental situation,2022-06-07 04:32:42,2022-06-07 04:33:03
2022-06-07 21:46:55,2022-06-07 21:47:11,Free_Living,annotator,Experimental situation,2022-06-07 04:33:03,2022-06-07 04:33:19
2022-06-07 21:47:11,2022-06-07 21:47:25,Free_Living,annotator,Experimental situation,2022-06-07 04:33:19,2022-06-07 04:33:33
2022-06-07 21:47:25,2022-06-07 21:47:36,Free_Living,annotator,Experimental situation,2022-06-07 04:33:33,2022-06-07 04:33:44
2022-06-07 21:47:36,2022-06-07 21:47:47,Free_Living,annotator,Experimental situation,2022-06-07 04:33:44,2022-06-07 04:33:55
2022-06-07 21:47:47,2022-06-07 21:47:56,Free_Living,annotator,Experimental situation,2022-06-07 04:33:55,2022-06-07 04:34:04
2022-06-07 21:47:56,2022-06-07 21:48:39,Free_Living,annotator,Experimental situation,2022-06-07 04:34:04,2022-06-07 04:34:47
2022-06-07 21:48:39,2022-06-07 21:50:47,Free_Living,annotator,Experimental situation,2022-06-07 04:34:47,2022-06-07 04:36:55
2022-06-07 21:50:47,2022-06-07 21:50:57,Free_Living,annotator,Experimental situation,2022-06-07 04:36:55,2022-06-07 04:37:05
2022-06-07 21:50:57,2022-06-07 21:51:31,Free_Living,annotator,Experimental situation,2022-06-07 04:37:05,2022-06-07 04:37:39
2022-06-07 21:51:31,2022-06-07 21:51:54,Free_Living,annotator,Experimental situation,2022-06-07 04:37:39,2022-06-07 04:38:02
2022-06-07 21:51:54,2022-06-07 21:52:07,Free_Living,annotator,Experimental situation,2022-06-07 04:38:02,2022-06-07 04:38:15
2022-06-07 21:52:07,2022-06-07 21:52:34,Free_Living,annotator,Experimental situation,2022-06-07 04:38:15,2022-06-07 04:38:42
2022-06-07 21:52:34,2022-06-07 21:52:41,Free_Living,annotator,Experimental situation,2022-06-07 04:38:42,2022-06-07 04:38:49
2022-06-07 21:52:41,2022-06-07 21:54:11,Free_Living,annotator,Experimental situation,2022-06-07 04:38:49,2022-06-07 04:40:19
2022-06-07 21:54:11,2022-06-07 21:54:54,Free_Living,annotator,Experimental situation,2022-06-07 04:40:19,2022-06-07 04:41:02
2022-06-07 21:54:54,2022-06-07 21:55:16,Free_Living,annotator,Experimental situation,2022-06-07 04:41:02,2022-06-07 04:41:24
2022-06-07 21:55:16,2022-06-07 21:55:18,Free_Living,annotator,Experimental situation,2022-06-07 04:41:24,2022-06-07 04:41:26
2022-06-07 21:55:18,2022-06-07 21:57:55,Free_Living,annotator,Experimental situation,2022-06-07 04:41:26,2022-06-07 04:44:03
2022-06-07 21:57:55,2022-06-07 21:58:06,Free_Living,annotator,Experimental situation,2022-06-07 04:44:03,2022-06-07 04:44:14
2022-06-07 21:58:06,2022-06-07 22:18:02,Free_Living,annotator,Experimental situation,2022-06-07 04:44:14,2022-06-07 05:04:10
2022-06-07 22:18:02,2022-06-07 22:18:16,Free_Living,annotator,Experimental situation,2022-06-07 05:04:10,2022-06-07 05:04:24
2022-06-07 22:18:16,2022-06-07 22:18:36,Free_Living,annotator,Experimental situation,2022-06-07 05:04:24,2022-06-07 05:04:44
2022-06-07 22:18:36,2022-06-07 22:19:19,Free_Living,annotator,Experimental situation,2022-06-07 05:04:44,2022-06-07 05:05:27
2022-06-07 22:19:19,2022-06-07 22:24:21,Free_Living,annotator,Experimental situation,2022-06-07 05:05:27,2022-06-07 05:10:29
2022-06-07 22:24:21,2022-06-07 22:24:29,Free_Living,annotator,Experimental situation,2022-06-07 05:10:29,2022-06-07 05:10:37
2022-06-07 22:24:29,2022-06-07 22:24:34,Free_Living,annotator,Experimental situation,2022-06-07 05:10:37,2022-06-07 05:10:42
2022-06-07 22:24:34,2022-06-07 22:26:14,Free_Living,annotator,Experimental situation,2022-06-07 05:10:42,2022-06-07 05:12:22
2022-06-07 22:26:14,2022-06-07 22:27:16,Free_Living,annotator,Experimental situation,2022-06-07 05:12:22,2022-06-07 05:13:24
2022-06-07 22:27:16,2022-06-07 22:29:52,Free_Living,annotator,Experimental situation,2022-06-07 05:13:24,2022-06-07 05:16:00
2022-06-07 22:29:52,2022-06-07 22:32:50,Free_Living,annotator,Experimental situation,2022-06-07 05:16:00,2022-06-07 05:18:58
2022-06-07 22:32:50,2022-06-07 22:33:16,Free_Living,annotator,Experimental situation,2022-06-07 05:18:58,2022-06-07 05:19:24
2022-06-07 22:33:16,2022-06-07 22:35:27,Free_Living,annotator,Experimental situation,2022-06-07 05:19:24,2022-06-07 05:21:35
2022-06-07 22:35:27,2022-06-07 22:35:42,Free_Living,annotator,Experimental situation,2022-06-07 05:21:35,2022-06-07 05:21:50
2022-06-07 22:35:42,2022-06-07 22:40:18,Free_Living,annotator,Experimental situation,2022-06-07 05:21:50,2022-06-07 05:26:26
2022-06-07 22:40:18,2022-06-07 22:41:09,Free_Living,annotator,Experimental situation,2022-06-07 05:26:26,2022-06-07 05:27:17
2022-06-07 22:41:09,2022-06-07 22:41:51,Free_Living,annotator,Experimental situation,2022-06-07 05:27:17,2022-06-07 05:27:59
2022-06-07 22:41:51,2022-06-07 22:53:50,Free_Living,annotator,Experimental situation,2022-06-07 05:27:59,2022-06-07 05:39:58
2022-06-07 22:53:50,2022-06-07 22:53:58,Free_Living,annotator,Experimental situation,2022-06-07 05:39:58,2022-06-07 05:40:06
2022-06-07 22:53:58,2022-06-07 22:54:33,Free_Living,annotator,Experimental situation,2022-06-07 05:40:06,2022-06-07 05:40:41
2022-06-07 22:54:33,2022-06-07 22:56:07,Free_Living,annotator,Experimental situation,2022-06-07 05:40:41,2022-06-07 05:42:15
2022-06-07 22:56:07,2022-06-07 23:09:20,Free_Living,annotator,Experimental situation,2022-06-07 05:42:15,2022-06-07 05:55:28
2022-06-07 23:09:20,2022-06-07 23:13:32,Free_Living,annotator,Experimental situation,2022-06-07 05:55:28,2022-06-07 05:59:40
2022-06-07 23:13:32,2022-06-07 23:15:40,Free_Living,annotator,Experimental situation,2022-06-07 05:59:40,2022-06-07 06:01:48
2022-06-07 23:15:40,2022-06-07 23:16:18,Free_Living,annotator,Experimental situation,2022-06-07 06:01:48,2022-06-07 06:02:26
2022-06-07 23:16:18,2022-06-07 23:23:47,Free_Living,annotator,Experimental situation,2022-06-07 06:02:26,2022-06-07 06:09:55
2022-06-07 23:23:47,2022-06-07 23:24:39,Free_Living,annotator,Experimental situation,2022-06-07 06:09:55,2022-06-07 06:10:47
2022-06-07 23:24:39,2022-06-07 23:25:24,Free_Living,annotator,Experimental situation,2022-06-07 06:10:47,2022-06-07 06:11:32
2022-06-07 23:25:24,2022-06-07 23:25:55,Free_Living,annotator,Experimental situation,2022-06-07 06:11:32,2022-06-07 06:12:03
2022-06-07 23:25:55,2022-06-07 23:26:19,Free_Living,annotator,Experimental situation,2022-06-07 06:12:03,2022-06-07 06:12:27
2022-06-07 23:26:19,2022-06-07 23:26:36,Free_Living,annotator,Experimental situation,2022-06-07 06:12:27,2022-06-07 06:12:44
2022-06-07 23:26:36,2022-06-07 23:27:30,Free_Living,annotator,Experimental situation,2022-06-07 06:12:44,2022-06-07 06:13:38
2022-06-07 23:27:30,2022-06-07 23:27:42,Free_Living,annotator,Experimental situation,2022-06-07 06:13:38,2022-06-07 06:13:50
2022-06-07 23:27:42,2022-06-07 23:27:54,Free_Living,annotator,Experimental situation,2022-06-07 06:13:50,2022-06-07 06:14:02
2022-06-07 23:27:54,2022-06-07 23:29:33,Free_Living,annotator,Experimental situation,2022-06-07 06:14:02,2022-06-07 06:15:41
2022-06-07 23:29:33,2022-06-07 23:29:44,Free_Living,annotator,Experimental situation,2022-06-07 06:15:41,2022-06-07 06:15:52
2022-06-07 23:29:44,2022-06-07 23:29:48,Free_Living,annotator,Experimental situation,2022-06-07 06:15:52,2022-06-07 06:15:56
2022-06-07 23:29:48,2022-06-07 23:30:36,Free_Living,annotator,Experimental situation,2022-06-07 06:15:56,2022-06-07 06:16:44
2022-06-07 23:30:36,2022-06-07 23:31:01,Free_Living,annotator,Experimental situation,2022-06-07 06:16:44,2022-06-07 06:17:09
