START_TIME,STOP_TIME,PREDICTION,SOURCE,LABELSET,VIDEO_START_TIME,VIDEO_END_TIME
2022-05-17 06:55:51,2022-05-17 06:57:16,In_Transit_Active,annotator,HIGH LEVEL BEHAVIOR,2022-05-17 00:00:04,2022-05-17 00:01:29
2022-05-17 06:57:19,2022-05-17 06:57:49,In_Transit_Active,annotator,HIGH LEVEL BEHAVIOR,2022-05-17 00:01:32,2022-05-17 00:02:02
2022-05-17 06:57:52,2022-05-17 06:58:14,In_Transit_Active, Packing/Unpacking_Something,annotator,HIGH LEVEL BEHAVIOR,2022-05-17 00:02:05,2022-05-17 00:02:27
2022-05-17 06:58:16,2022-05-17 07:00:18,In_Transit_Active, Doing_Common_Housework,annotator,HIGH LEVEL BEHAVIOR,2022-05-17 00:02:29,2022-05-17 00:04:31
2022-05-17 07:00:22,2022-05-17 07:04:27,Doing_Common_Housework, Cooking/Prepping_Food,annotator,HIGH LEVEL BEHAVIOR,2022-05-17 00:04:35,2022-05-17 00:08:40
2022-05-17 07:04:31,2022-05-17 07:07:55,Doing_Dishes,annotator,HIGH LEVEL BEHAVIOR,2022-05-17 00:08:44,2022-05-17 00:12:08
2022-05-17 07:07:57,2022-05-17 07:11:59,Cooking/Prepping_Food,annotator,HIGH LEVEL BEHAVIOR,2022-05-17 00:12:10,2022-05-17 00:16:12
2022-05-17 07:12:04,2022-05-17 07:12:27,Packing/Unpacking_Something,annotator,HIGH LEVEL BEHAVIOR,2022-05-17 00:16:17,2022-05-17 00:16:40
2022-05-17 07:12:29,2022-05-17 07:14:27,In_Transit_Active,annotator,HIGH LEVEL BEHAVIOR,2022-05-17 00:16:42,2022-05-17 00:18:40
2022-05-17 07:14:29,2022-05-17 07:14:50,In_Transit_Active,annotator,HIGH LEVEL BEHAVIOR,2022-05-17 00:18:42,2022-05-17 00:19:03
2022-05-17 07:14:54,2022-05-17 07:16:07,In_Transit_Active,annotator,HIGH LEVEL BEHAVIOR,2022-05-17 00:19:07,2022-05-17 00:20:20
2022-05-17 07:16:18,2022-05-17 07:30:56,In_Transit_Driving_Car,annotator,HIGH LEVEL BEHAVIOR,2022-05-17 00:20:31,2022-05-17 00:35:09
2022-05-17 07:31:04,2022-05-17 07:31:58,In_Transit_Active,annotator,HIGH LEVEL BEHAVIOR,2022-05-17 00:35:17,2022-05-17 00:36:11
2022-05-17 07:31:59,2022-05-17 07:32:23,Riding_Elevator_Up,annotator,HIGH LEVEL BEHAVIOR,2022-05-17 00:36:12,2022-05-17 00:36:36
2022-05-17 07:32:25,2022-05-17 07:38:59,In_Transit_Active,annotator,HIGH LEVEL BEHAVIOR,2022-05-17 00:36:38,2022-05-17 00:43:12
2022-05-17 07:39:01,2022-05-17 07:40:11,In_Transit_Active,annotator,HIGH LEVEL BEHAVIOR,2022-05-17 00:43:14,2022-05-17 00:44:24
2022-05-17 07:40:12,2022-05-17 07:40:44,Riding_Elevator_Up,annotator,HIGH LEVEL BEHAVIOR,2022-05-17 00:44:25,2022-05-17 00:44:57
2022-05-17 07:40:44,2022-05-17 07:41:38,In_Transit_Active,annotator,HIGH LEVEL BEHAVIOR,2022-05-17 00:44:57,2022-05-17 00:45:51
2022-05-17 07:41:40,2022-05-17 08:02:34,Using_Computer/Screen,annotator,HIGH LEVEL BEHAVIOR,2022-05-17 00:45:53,2022-05-17 01:06:47
2022-05-17 08:02:36,2022-05-17 08:42:43,HLB_Indecipherable/Video_Insufficient,annotator,HIGH LEVEL BEHAVIOR,2022-05-17 01:06:49,2022-05-17 01:46:56
2022-05-17 08:42:45,2022-05-17 08:51:00,Eating/Dining,annotator,HIGH LEVEL BEHAVIOR,2022-05-17 01:46:58,2022-05-17 01:55:13
2022-05-17 08:51:02,2022-05-17 08:52:27,Doing_Dishes,annotator,HIGH LEVEL BEHAVIOR,2022-05-17 01:55:15,2022-05-17 01:56:40
2022-05-17 08:52:46,2022-05-17 08:54:09,Using_Computer/Screen,annotator,HIGH LEVEL BEHAVIOR,2022-05-17 01:56:59,2022-05-17 01:58:22
2022-05-17 08:54:09,2022-05-17 08:55:10,In_Transit_Active,annotator,HIGH LEVEL BEHAVIOR,2022-05-17 01:58:22,2022-05-17 01:59:23
2022-05-17 08:55:10,2022-05-17 08:55:56,In_Transit_Active,annotator,HIGH LEVEL BEHAVIOR,2022-05-17 01:59:23,2022-05-17 02:00:09
2022-05-17 08:55:57,2022-05-17 12:44:51,HLB_Indecipherable/Video_Insufficient,annotator,HIGH LEVEL BEHAVIOR,2022-05-17 02:00:10,2022-05-17 05:49:04
2022-05-17 12:44:55,2022-05-17 12:45:41,In_Transit_Active,annotator,HIGH LEVEL BEHAVIOR,2022-05-17 05:49:08,2022-05-17 05:49:54
2022-05-17 12:45:42,2022-05-17 12:46:08,Riding_Elevator_Up,annotator,HIGH LEVEL BEHAVIOR,2022-05-17 05:49:55,2022-05-17 05:50:21
2022-05-17 12:46:08,2022-05-17 12:46:42,,annotator,HIGH LEVEL BEHAVIOR,2022-05-17 05:50:21,2022-05-17 05:50:55
2022-05-17 12:46:42,2022-05-17 12:47:11,,annotator,HIGH LEVEL BEHAVIOR,2022-05-17 05:50:55,2022-05-17 05:51:24
2022-05-17 12:47:11,2022-05-17 12:47:27,,annotator,HIGH LEVEL BEHAVIOR,2022-05-17 05:51:24,2022-05-17 05:51:40
2022-05-17 12:47:27,2022-05-17 12:47:46,,annotator,HIGH LEVEL BEHAVIOR,2022-05-17 05:51:40,2022-05-17 05:51:59
2022-05-17 12:47:46,2022-05-17 12:47:59,,annotator,HIGH LEVEL BEHAVIOR,2022-05-17 05:51:59,2022-05-17 05:52:12
2022-05-17 12:48:04,2022-05-17 12:48:34,Working_Other, Using_Computer/Screen,annotator,HIGH LEVEL BEHAVIOR,2022-05-17 05:52:17,2022-05-17 05:52:47
2022-05-17 12:48:32,2022-05-17 12:48:32,Using_Computer/Screen, Working_Other,annotator,HIGH LEVEL BEHAVIOR,2022-05-17 05:52:45,2022-05-17 05:52:45
2022-05-17 12:48:34,2022-05-17 12:48:42,Working_Other,annotator,HIGH LEVEL BEHAVIOR,2022-05-17 05:52:47,2022-05-17 05:52:55
2022-05-17 12:48:42,2022-05-17 12:48:55,Working_Other,annotator,HIGH LEVEL BEHAVIOR,2022-05-17 05:52:55,2022-05-17 05:53:08
2022-05-17 12:48:43,2022-05-17 12:48:43,Working_Other,annotator,HIGH LEVEL BEHAVIOR,2022-05-17 05:52:56,2022-05-17 05:52:56
2022-05-17 12:48:55,2022-05-17 12:49:35,,annotator,HIGH LEVEL BEHAVIOR,2022-05-17 05:53:08,2022-05-17 05:53:48
2022-05-17 12:49:35,2022-05-17 12:57:33,Using_Computer/Screen, Working_Other,annotator,HIGH LEVEL BEHAVIOR,2022-05-17 05:53:48,2022-05-17 06:01:46
2022-05-17 12:57:33,2022-05-17 12:58:08,Working_Other,annotator,HIGH LEVEL BEHAVIOR,2022-05-17 06:01:46,2022-05-17 06:02:21
2022-05-17 12:58:08,2022-05-17 12:59:01,Working_Other,annotator,HIGH LEVEL BEHAVIOR,2022-05-17 06:02:21,2022-05-17 06:03:14
2022-05-17 12:59:01,2022-05-17 12:59:05,Cooking/Prepping_Food,annotator,HIGH LEVEL BEHAVIOR,2022-05-17 06:03:14,2022-05-17 06:03:18
2022-05-17 12:59:05,2022-05-17 12:59:12,,annotator,HIGH LEVEL BEHAVIOR,2022-05-17 06:03:18,2022-05-17 06:03:25
2022-05-17 12:59:12,2022-05-17 13:04:36,,annotator,HIGH LEVEL BEHAVIOR,2022-05-17 06:03:25,2022-05-17 06:08:49
2022-05-17 13:04:36,2022-05-17 13:04:41,,annotator,HIGH LEVEL BEHAVIOR,2022-05-17 06:08:49,2022-05-17 06:08:54
2022-05-17 13:04:41,2022-05-17 13:05:10,Cooking/Prepping_Food,annotator,HIGH LEVEL BEHAVIOR,2022-05-17 06:08:54,2022-05-17 06:09:23
2022-05-17 13:05:10,2022-05-17 13:05:18,,annotator,HIGH LEVEL BEHAVIOR,2022-05-17 06:09:23,2022-05-17 06:09:31
2022-05-17 13:05:18,2022-05-17 13:09:37,Eating/Dining,annotator,HIGH LEVEL BEHAVIOR,2022-05-17 06:09:31,2022-05-17 06:13:50
2022-05-17 13:09:37,2022-05-17 13:09:49,,annotator,HIGH LEVEL BEHAVIOR,2022-05-17 06:13:50,2022-05-17 06:14:02
2022-05-17 13:09:49,2022-05-17 13:10:57,Doing_Dishes,annotator,HIGH LEVEL BEHAVIOR,2022-05-17 06:14:02,2022-05-17 06:15:10
2022-05-17 13:10:57,2022-05-17 13:11:00,,annotator,HIGH LEVEL BEHAVIOR,2022-05-17 06:15:10,2022-05-17 06:15:13
2022-05-17 13:11:00,2022-05-17 13:11:08,,annotator,HIGH LEVEL BEHAVIOR,2022-05-17 06:15:13,2022-05-17 06:15:21
2022-05-17 13:11:08,2022-05-17 13:28:26,,annotator,HIGH LEVEL BEHAVIOR,2022-05-17 06:15:21,2022-05-17 06:32:39
2022-05-17 13:28:26,2022-05-17 13:28:45,,annotator,HIGH LEVEL BEHAVIOR,2022-05-17 06:32:39,2022-05-17 06:32:58
2022-05-17 13:28:45,2022-05-17 13:33:01,,annotator,HIGH LEVEL BEHAVIOR,2022-05-17 06:32:58,2022-05-17 06:37:14
2022-05-17 13:33:01,2022-05-17 13:33:32,,annotator,HIGH LEVEL BEHAVIOR,2022-05-17 06:37:14,2022-05-17 06:37:45
2022-05-17 13:33:32,2022-05-17 13:34:09,,annotator,HIGH LEVEL BEHAVIOR,2022-05-17 06:37:45,2022-05-17 06:38:22
2022-05-17 13:34:09,2022-05-17 13:34:48,,annotator,HIGH LEVEL BEHAVIOR,2022-05-17 06:38:22,2022-05-17 06:39:01
2022-05-17 13:34:48,2022-05-17 13:36:14,,annotator,HIGH LEVEL BEHAVIOR,2022-05-17 06:39:01,2022-05-17 06:40:27
2022-05-17 13:36:14,2022-05-17 13:36:18,,annotator,HIGH LEVEL BEHAVIOR,2022-05-17 06:40:27,2022-05-17 06:40:31
2022-05-17 13:36:18,2022-05-17 13:36:44,,annotator,HIGH LEVEL BEHAVIOR,2022-05-17 06:40:31,2022-05-17 06:40:57
2022-05-17 13:36:44,2022-05-17 13:37:20,,annotator,HIGH LEVEL BEHAVIOR,2022-05-17 06:40:57,2022-05-17 06:41:33
2022-05-17 13:37:20,2022-05-17 13:37:27,,annotator,HIGH LEVEL BEHAVIOR,2022-05-17 06:41:33,2022-05-17 06:41:40
2022-05-17 13:37:27,2022-05-17 13:38:07,,annotator,HIGH LEVEL BEHAVIOR,2022-05-17 06:41:40,2022-05-17 06:42:20
2022-05-17 13:38:07,2022-05-17 13:39:46,Using_Computer/Screen,annotator,HIGH LEVEL BEHAVIOR,2022-05-17 06:42:20,2022-05-17 06:43:59
2022-05-17 13:39:46,2022-05-17 13:39:57,,annotator,HIGH LEVEL BEHAVIOR,2022-05-17 06:43:59,2022-05-17 06:44:10
2022-05-17 13:39:57,2022-05-17 13:40:30,Working_Other,annotator,HIGH LEVEL BEHAVIOR,2022-05-17 06:44:10,2022-05-17 06:44:43
2022-05-17 13:40:30,2022-05-17 13:40:38,Working_Other,annotator,HIGH LEVEL BEHAVIOR,2022-05-17 06:44:43,2022-05-17 06:44:51
2022-05-17 13:40:38,2022-05-17 13:40:50,Working_Other,annotator,HIGH LEVEL BEHAVIOR,2022-05-17 06:44:51,2022-05-17 06:45:03
2022-05-17 13:40:50,2022-05-17 13:40:58,Working_Other,annotator,HIGH LEVEL BEHAVIOR,2022-05-17 06:45:03,2022-05-17 06:45:11
2022-05-17 13:40:58,2022-05-17 13:41:04,Working_Other,annotator,HIGH LEVEL BEHAVIOR,2022-05-17 06:45:11,2022-05-17 06:45:17
2022-05-17 13:41:04,2022-05-17 13:41:24,Working_Other,annotator,HIGH LEVEL BEHAVIOR,2022-05-17 06:45:17,2022-05-17 06:45:37
2022-05-17 13:41:24,2022-05-17 13:43:24,Working_Other,annotator,HIGH LEVEL BEHAVIOR,2022-05-17 06:45:37,2022-05-17 06:47:37
2022-05-17 13:43:24,2022-05-17 13:53:33,Working_Other,annotator,HIGH LEVEL BEHAVIOR,2022-05-17 06:47:37,2022-05-17 06:57:46
2022-05-17 13:53:33,2022-05-17 13:53:48,Working_Other,annotator,HIGH LEVEL BEHAVIOR,2022-05-17 06:57:46,2022-05-17 06:58:01
2022-05-17 13:53:48,2022-05-17 13:55:11,Working_Other,annotator,HIGH LEVEL BEHAVIOR,2022-05-17 06:58:01,2022-05-17 06:59:24
2022-05-17 13:55:11,2022-05-17 13:57:24,Working_Other,annotator,HIGH LEVEL BEHAVIOR,2022-05-17 06:59:24,2022-05-17 07:01:37
2022-05-17 13:57:24,2022-05-17 13:57:54,Working_Other,annotator,HIGH LEVEL BEHAVIOR,2022-05-17 07:01:37,2022-05-17 07:02:07
2022-05-17 13:57:54,2022-05-17 13:58:12,Working_Other,annotator,HIGH LEVEL BEHAVIOR,2022-05-17 07:02:07,2022-05-17 07:02:25
2022-05-17 13:58:12,2022-05-17 13:58:56,Working_Other,annotator,HIGH LEVEL BEHAVIOR,2022-05-17 07:02:25,2022-05-17 07:03:09
2022-05-17 13:58:56,2022-05-17 13:59:19,Working_Other,annotator,HIGH LEVEL BEHAVIOR,2022-05-17 07:03:09,2022-05-17 07:03:32
2022-05-17 13:59:19,2022-05-17 14:00:34,Working_Other,annotator,HIGH LEVEL BEHAVIOR,2022-05-17 07:03:32,2022-05-17 07:04:47
2022-05-17 14:00:34,2022-05-17 14:00:54,Working_Other,annotator,HIGH LEVEL BEHAVIOR,2022-05-17 07:04:47,2022-05-17 07:05:07
2022-05-17 14:00:54,2022-05-17 14:01:17,Working_Other,annotator,HIGH LEVEL BEHAVIOR,2022-05-17 07:05:07,2022-05-17 07:05:30
2022-05-17 14:01:19,2022-05-17 14:01:38,Working_Other,annotator,HIGH LEVEL BEHAVIOR,2022-05-17 07:05:32,2022-05-17 07:05:51
2022-05-17 14:01:38,2022-05-17 14:01:57,Working_Other,annotator,HIGH LEVEL BEHAVIOR,2022-05-17 07:05:51,2022-05-17 07:06:10
2022-05-17 14:01:57,2022-05-17 14:02:20,Working_Other,annotator,HIGH LEVEL BEHAVIOR,2022-05-17 07:06:10,2022-05-17 07:06:33
2022-05-17 14:02:20,2022-05-17 14:02:49,Working_Other,annotator,HIGH LEVEL BEHAVIOR,2022-05-17 07:06:33,2022-05-17 07:07:02
2022-05-17 14:02:49,2022-05-17 14:03:07,Working_Other,annotator,HIGH LEVEL BEHAVIOR,2022-05-17 07:07:02,2022-05-17 07:07:20
2022-05-17 14:03:07,2022-05-17 14:10:03,Working_Other, Using_Computer/Screen,annotator,HIGH LEVEL BEHAVIOR,2022-05-17 07:07:20,2022-05-17 07:14:16
2022-05-17 14:10:03,2022-05-17 14:10:23,Working_Other,annotator,HIGH LEVEL BEHAVIOR,2022-05-17 07:14:16,2022-05-17 07:14:36
2022-05-17 14:10:23,2022-05-17 14:11:11,Working_Other,annotator,HIGH LEVEL BEHAVIOR,2022-05-17 07:14:36,2022-05-17 07:15:24
2022-05-17 14:11:11,2022-05-17 14:11:17,Working_Other,annotator,HIGH LEVEL BEHAVIOR,2022-05-17 07:15:24,2022-05-17 07:15:30
2022-05-17 14:11:17,2022-05-17 14:11:23,Working_Other,annotator,HIGH LEVEL BEHAVIOR,2022-05-17 07:15:30,2022-05-17 07:15:36
2022-05-17 14:11:23,2022-05-17 14:11:43,Working_Other,annotator,HIGH LEVEL BEHAVIOR,2022-05-17 07:15:36,2022-05-17 07:15:56
2022-05-17 14:11:43,2022-05-17 14:13:06,Working_Other,annotator,HIGH LEVEL BEHAVIOR,2022-05-17 07:15:56,2022-05-17 07:17:19
2022-05-17 14:13:06,2022-05-17 14:13:49,Working_Other,annotator,HIGH LEVEL BEHAVIOR,2022-05-17 07:17:19,2022-05-17 07:18:02
2022-05-17 14:13:49,2022-05-17 14:16:29,Working_Other,annotator,HIGH LEVEL BEHAVIOR,2022-05-17 07:18:02,2022-05-17 07:20:42
2022-05-17 14:16:29,2022-05-17 14:16:42,Working_Other,annotator,HIGH LEVEL BEHAVIOR,2022-05-17 07:20:42,2022-05-17 07:20:55
2022-05-17 14:16:42,2022-05-17 14:16:51,Working_Other,annotator,HIGH LEVEL BEHAVIOR,2022-05-17 07:20:55,2022-05-17 07:21:04
2022-05-17 14:16:51,2022-05-17 14:18:33,Working_Other,annotator,HIGH LEVEL BEHAVIOR,2022-05-17 07:21:04,2022-05-17 07:22:46
2022-05-17 14:18:33,2022-05-17 14:18:40,Working_Other,annotator,HIGH LEVEL BEHAVIOR,2022-05-17 07:22:46,2022-05-17 07:22:53
2022-05-17 14:18:40,2022-05-17 14:24:02,Working_Other,annotator,HIGH LEVEL BEHAVIOR,2022-05-17 07:22:53,2022-05-17 07:28:15
2022-05-17 14:24:02,2022-05-17 14:25:35,Working_Other,annotator,HIGH LEVEL BEHAVIOR,2022-05-17 07:28:15,2022-05-17 07:29:48
2022-05-17 14:25:35,2022-05-17 14:26:19,Working_Other,annotator,HIGH LEVEL BEHAVIOR,2022-05-17 07:29:48,2022-05-17 07:30:32
2022-05-17 14:26:19,2022-05-17 14:26:31,Working_Other,annotator,HIGH LEVEL BEHAVIOR,2022-05-17 07:30:32,2022-05-17 07:30:44
2022-05-17 14:26:31,2022-05-17 14:27:04,Working_Other,annotator,HIGH LEVEL BEHAVIOR,2022-05-17 07:30:44,2022-05-17 07:31:17
2022-05-17 14:27:04,2022-05-17 14:27:14,Working_Other,annotator,HIGH LEVEL BEHAVIOR,2022-05-17 07:31:17,2022-05-17 07:31:27
2022-05-17 14:27:14,2022-05-17 14:29:10,Working_Other,annotator,HIGH LEVEL BEHAVIOR,2022-05-17 07:31:27,2022-05-17 07:33:23
2022-05-17 14:29:10,2022-05-17 14:29:26,Working_Other,annotator,HIGH LEVEL BEHAVIOR,2022-05-17 07:33:23,2022-05-17 07:33:39
2022-05-17 14:29:26,2022-05-17 14:29:31,Working_Other,annotator,HIGH LEVEL BEHAVIOR,2022-05-17 07:33:39,2022-05-17 07:33:44
2022-05-17 14:29:31,2022-05-17 14:30:26,Working_Other,annotator,HIGH LEVEL BEHAVIOR,2022-05-17 07:33:44,2022-05-17 07:34:39
2022-05-17 14:30:26,2022-05-17 14:32:17,Working_Other,annotator,HIGH LEVEL BEHAVIOR,2022-05-17 07:34:39,2022-05-17 07:36:30
2022-05-17 14:32:17,2022-05-17 14:32:21,Working_Other,annotator,HIGH LEVEL BEHAVIOR,2022-05-17 07:36:30,2022-05-17 07:36:34
2022-05-17 14:32:21,2022-05-17 14:34:12,Working_Other,annotator,HIGH LEVEL BEHAVIOR,2022-05-17 07:36:34,2022-05-17 07:38:25
2022-05-17 14:34:12,2022-05-17 14:34:38,Working_Other,annotator,HIGH LEVEL BEHAVIOR,2022-05-17 07:38:25,2022-05-17 07:38:51
2022-05-17 14:34:38,2022-05-17 14:34:51,Working_Other,annotator,HIGH LEVEL BEHAVIOR,2022-05-17 07:38:51,2022-05-17 07:39:04
2022-05-17 14:34:51,2022-05-17 14:34:59,Working_Other,annotator,HIGH LEVEL BEHAVIOR,2022-05-17 07:39:04,2022-05-17 07:39:12
2022-05-17 14:34:59,2022-05-17 14:40:44,Working_Other, Using_Computer/Screen,annotator,HIGH LEVEL BEHAVIOR,2022-05-17 07:39:12,2022-05-17 07:44:57
2022-05-17 14:40:44,2022-05-17 14:40:53,Working_Other,annotator,HIGH LEVEL BEHAVIOR,2022-05-17 07:44:57,2022-05-17 07:45:06
2022-05-17 14:40:53,2022-05-17 14:41:02,Working_Other,annotator,HIGH LEVEL BEHAVIOR,2022-05-17 07:45:06,2022-05-17 07:45:15
2022-05-17 14:41:02,2022-05-17 14:43:28,Working_Other, Using_Computer/Screen,annotator,HIGH LEVEL BEHAVIOR,2022-05-17 07:45:15,2022-05-17 07:47:41
2022-05-17 14:43:28,2022-05-17 14:43:38,Working_Other,annotator,HIGH LEVEL BEHAVIOR,2022-05-17 07:47:41,2022-05-17 07:47:51
2022-05-17 14:43:38,2022-05-17 14:44:12,Working_Other,annotator,HIGH LEVEL BEHAVIOR,2022-05-17 07:47:51,2022-05-17 07:48:25
2022-05-17 14:44:12,2022-05-17 14:48:44,Working_Other,annotator,HIGH LEVEL BEHAVIOR,2022-05-17 07:48:25,2022-05-17 07:52:57
2022-05-17 14:48:44,2022-05-17 14:49:45,Working_Other,annotator,HIGH LEVEL BEHAVIOR,2022-05-17 07:52:57,2022-05-17 07:53:58
2022-05-17 14:49:45,2022-05-17 14:50:52,Working_Other,annotator,HIGH LEVEL BEHAVIOR,2022-05-17 07:53:58,2022-05-17 07:55:05
2022-05-17 14:50:52,2022-05-17 14:57:19,Working_Other, Using_Computer/Screen,annotator,HIGH LEVEL BEHAVIOR,2022-05-17 07:55:05,2022-05-17 08:01:32
2022-05-17 14:57:19,2022-05-17 14:58:07,Working_Other,annotator,HIGH LEVEL BEHAVIOR,2022-05-17 08:01:32,2022-05-17 08:02:20
2022-05-17 14:58:07,2022-05-17 14:59:35,Working_Other,annotator,HIGH LEVEL BEHAVIOR,2022-05-17 08:02:20,2022-05-17 08:03:48
2022-05-17 14:59:35,2022-05-17 15:03:35,Working_Other, Using_Computer/Screen,annotator,HIGH LEVEL BEHAVIOR,2022-05-17 08:03:48,2022-05-17 08:07:48
2022-05-17 15:03:35,2022-05-17 15:06:31,Working_Other,annotator,HIGH LEVEL BEHAVIOR,2022-05-17 08:07:48,2022-05-17 08:10:44
2022-05-17 15:06:31,2022-05-17 15:29:55,Working_Other, Using_Computer/Screen,annotator,HIGH LEVEL BEHAVIOR,2022-05-17 08:10:44,2022-05-17 08:34:08
2022-05-17 15:29:55,2022-05-17 15:31:24,Working_Other, Packing/Unpacking_Something,annotator,HIGH LEVEL BEHAVIOR,2022-05-17 08:34:08,2022-05-17 08:35:37
2022-05-17 15:31:24,2022-05-17 15:31:56,Working_Other,annotator,HIGH LEVEL BEHAVIOR,2022-05-17 08:35:37,2022-05-17 08:36:09
2022-05-17 15:31:56,2022-05-17 15:32:46,Working_Other,annotator,HIGH LEVEL BEHAVIOR,2022-05-17 08:36:09,2022-05-17 08:36:59
2022-05-17 15:32:46,2022-05-17 15:32:59,,annotator,HIGH LEVEL BEHAVIOR,2022-05-17 08:36:59,2022-05-17 08:37:12
2022-05-17 15:32:59,2022-05-17 15:33:38,,annotator,HIGH LEVEL BEHAVIOR,2022-05-17 08:37:12,2022-05-17 08:37:51
2022-05-17 15:33:38,2022-05-17 15:33:52,,annotator,HIGH LEVEL BEHAVIOR,2022-05-17 08:37:51,2022-05-17 08:38:05
2022-05-17 15:33:52,2022-05-17 15:34:15,,annotator,HIGH LEVEL BEHAVIOR,2022-05-17 08:38:05,2022-05-17 08:38:28
2022-05-17 15:34:15,2022-05-17 15:35:06,,annotator,HIGH LEVEL BEHAVIOR,2022-05-17 08:38:28,2022-05-17 08:39:19
2022-05-17 15:35:06,2022-05-17 15:35:40,,annotator,HIGH LEVEL BEHAVIOR,2022-05-17 08:39:19,2022-05-17 08:39:53
2022-05-17 15:35:40,2022-05-17 15:48:05,,annotator,HIGH LEVEL BEHAVIOR,2022-05-17 08:39:53,2022-05-17 08:52:18
2022-05-17 15:48:05,2022-05-17 15:48:14,,annotator,HIGH LEVEL BEHAVIOR,2022-05-17 08:52:18,2022-05-17 08:52:27
2022-05-17 15:48:14,2022-05-17 15:55:32,,annotator,HIGH LEVEL BEHAVIOR,2022-05-17 08:52:27,2022-05-17 08:59:45
2022-05-17 15:55:32,2022-05-17 15:55:54,Riding_Elevator_Down,annotator,HIGH LEVEL BEHAVIOR,2022-05-17 08:59:45,2022-05-17 09:00:07
2022-05-17 15:55:54,2022-05-17 15:56:51,,annotator,HIGH LEVEL BEHAVIOR,2022-05-17 09:00:07,2022-05-17 09:01:04
2022-05-17 15:56:51,2022-05-17 15:57:03,,annotator,HIGH LEVEL BEHAVIOR,2022-05-17 09:01:04,2022-05-17 09:01:16
2022-05-17 15:57:03,2022-05-17 16:15:47,In_Transit_Driving_Car,annotator,HIGH LEVEL BEHAVIOR,2022-05-17 09:01:16,2022-05-17 09:20:00
2022-05-17 16:15:47,2022-05-17 16:15:59,,annotator,HIGH LEVEL BEHAVIOR,2022-05-17 09:20:00,2022-05-17 09:20:12
2022-05-17 16:15:59,2022-05-17 16:16:10,,annotator,HIGH LEVEL BEHAVIOR,2022-05-17 09:20:12,2022-05-17 09:20:23
2022-05-17 16:16:10,2022-05-17 16:16:31,,annotator,HIGH LEVEL BEHAVIOR,2022-05-17 09:20:23,2022-05-17 09:20:44
2022-05-17 16:16:31,2022-05-17 16:17:00,,annotator,HIGH LEVEL BEHAVIOR,2022-05-17 09:20:44,2022-05-17 09:21:13
2022-05-17 16:17:00,2022-05-17 16:17:18,,annotator,HIGH LEVEL BEHAVIOR,2022-05-17 09:21:13,2022-05-17 09:21:31
2022-05-17 16:17:18,2022-05-17 16:17:32,,annotator,HIGH LEVEL BEHAVIOR,2022-05-17 09:21:31,2022-05-17 09:21:45
2022-05-17 16:17:32,2022-05-17 16:17:40,,annotator,HIGH LEVEL BEHAVIOR,2022-05-17 09:21:45,2022-05-17 09:21:53
2022-05-17 16:17:40,2022-05-17 16:17:54,,annotator,HIGH LEVEL BEHAVIOR,2022-05-17 09:21:53,2022-05-17 09:22:07
2022-05-17 16:17:54,2022-05-17 16:18:06,,annotator,HIGH LEVEL BEHAVIOR,2022-05-17 09:22:07,2022-05-17 09:22:19
2022-05-17 16:18:06,2022-05-17 16:18:37,,annotator,HIGH LEVEL BEHAVIOR,2022-05-17 09:22:19,2022-05-17 09:22:50
2022-05-17 16:18:37,2022-05-17 16:18:44,,annotator,HIGH LEVEL BEHAVIOR,2022-05-17 09:22:50,2022-05-17 09:22:57
2022-05-17 16:18:44,2022-05-17 16:18:58,,annotator,HIGH LEVEL BEHAVIOR,2022-05-17 09:22:57,2022-05-17 09:23:11
2022-05-17 16:18:58,2022-05-17 16:37:39,Eating/Dining,annotator,HIGH LEVEL BEHAVIOR,2022-05-17 09:23:11,2022-05-17 09:41:52
2022-05-17 16:37:39,2022-05-17 16:37:51,,annotator,HIGH LEVEL BEHAVIOR,2022-05-17 09:41:52,2022-05-17 09:42:04
2022-05-17 16:37:51,2022-05-17 16:38:17,,annotator,HIGH LEVEL BEHAVIOR,2022-05-17 09:42:04,2022-05-17 09:42:30
2022-05-17 16:38:17,2022-05-17 16:38:27,,annotator,HIGH LEVEL BEHAVIOR,2022-05-17 09:42:30,2022-05-17 09:42:40
2022-05-17 16:38:27,2022-05-17 17:03:40,,annotator,HIGH LEVEL BEHAVIOR,2022-05-17 09:42:40,2022-05-17 10:07:53
2022-05-17 17:03:40,2022-05-17 17:03:51,,annotator,HIGH LEVEL BEHAVIOR,2022-05-17 10:07:53,2022-05-17 10:08:04
2022-05-17 17:03:51,2022-05-17 17:04:02,,annotator,HIGH LEVEL BEHAVIOR,2022-05-17 10:08:04,2022-05-17 10:08:15
2022-05-17 17:04:02,2022-05-17 17:04:11,,annotator,HIGH LEVEL BEHAVIOR,2022-05-17 10:08:15,2022-05-17 10:08:24
2022-05-17 17:04:11,2022-05-17 17:06:38,,annotator,HIGH LEVEL BEHAVIOR,2022-05-17 10:08:24,2022-05-17 10:10:51
2022-05-17 17:06:38,2022-05-17 17:16:48,,annotator,HIGH LEVEL BEHAVIOR,2022-05-17 10:10:51,2022-05-17 10:21:01
2022-05-17 17:16:48,2022-05-17 17:55:57,,annotator,HIGH LEVEL BEHAVIOR,2022-05-17 10:21:01,2022-05-17 11:00:10
2022-05-17 17:55:57,2022-05-17 17:56:10,,annotator,HIGH LEVEL BEHAVIOR,2022-05-17 11:00:10,2022-05-17 11:00:23
2022-05-17 17:56:10,2022-05-17 17:56:22,,annotator,HIGH LEVEL BEHAVIOR,2022-05-17 11:00:23,2022-05-17 11:00:35
2022-05-17 17:56:22,2022-05-17 17:56:29,,annotator,HIGH LEVEL BEHAVIOR,2022-05-17 11:00:35,2022-05-17 11:00:42
2022-05-17 17:56:29,2022-05-17 17:57:34,,annotator,HIGH LEVEL BEHAVIOR,2022-05-17 11:00:42,2022-05-17 11:01:47
2022-05-17 17:57:34,2022-05-17 17:57:44,,annotator,HIGH LEVEL BEHAVIOR,2022-05-17 11:01:47,2022-05-17 11:01:57
2022-05-17 17:57:44,2022-05-17 17:57:55,,annotator,HIGH LEVEL BEHAVIOR,2022-05-17 11:01:57,2022-05-17 11:02:08
2022-05-17 17:57:55,2022-05-17 17:58:11,,annotator,HIGH LEVEL BEHAVIOR,2022-05-17 11:02:08,2022-05-17 11:02:24
2022-05-17 17:58:11,2022-05-17 17:58:23,,annotator,HIGH LEVEL BEHAVIOR,2022-05-17 11:02:24,2022-05-17 11:02:36
2022-05-17 17:58:23,2022-05-17 17:58:36,,annotator,HIGH LEVEL BEHAVIOR,2022-05-17 11:02:36,2022-05-17 11:02:49
2022-05-17 17:58:36,2022-05-17 17:58:51,,annotator,HIGH LEVEL BEHAVIOR,2022-05-17 11:02:49,2022-05-17 11:03:04
2022-05-17 17:58:51,2022-05-17 17:59:00,,annotator,HIGH LEVEL BEHAVIOR,2022-05-17 11:03:04,2022-05-17 11:03:13
2022-05-17 17:59:00,2022-05-17 17:59:21,,annotator,HIGH LEVEL BEHAVIOR,2022-05-17 11:03:13,2022-05-17 11:03:34
2022-05-17 17:59:21,2022-05-17 17:59:33,Packing/Unpacking_Something,annotator,HIGH LEVEL BEHAVIOR,2022-05-17 11:03:34,2022-05-17 11:03:46
2022-05-17 17:59:33,2022-05-17 17:59:40,Packing/Unpacking_Something,annotator,HIGH LEVEL BEHAVIOR,2022-05-17 11:03:46,2022-05-17 11:03:53
2022-05-17 17:59:40,2022-05-17 18:00:28,,annotator,HIGH LEVEL BEHAVIOR,2022-05-17 11:03:53,2022-05-17 11:04:41
2022-05-17 18:00:28,2022-05-17 18:00:38,,annotator,HIGH LEVEL BEHAVIOR,2022-05-17 11:04:41,2022-05-17 11:04:51
2022-05-17 18:00:38,2022-05-17 18:01:01,,annotator,HIGH LEVEL BEHAVIOR,2022-05-17 11:04:51,2022-05-17 11:05:14
2022-05-17 18:01:01,2022-05-17 18:01:14,,annotator,HIGH LEVEL BEHAVIOR,2022-05-17 11:05:14,2022-05-17 11:05:27
2022-05-17 18:01:14,2022-05-17 18:01:31,,annotator,HIGH LEVEL BEHAVIOR,2022-05-17 11:05:27,2022-05-17 11:05:44
2022-05-17 18:01:31,2022-05-17 18:01:49,,annotator,HIGH LEVEL BEHAVIOR,2022-05-17 11:05:44,2022-05-17 11:06:02
2022-05-17 18:01:49,2022-05-17 18:02:05,,annotator,HIGH LEVEL BEHAVIOR,2022-05-17 11:06:02,2022-05-17 11:06:18
2022-05-17 18:02:05,2022-05-17 18:26:08,In_Transit_Driving_Car,annotator,HIGH LEVEL BEHAVIOR,2022-05-17 11:06:18,2022-05-17 11:30:21
2022-05-17 18:26:08,2022-05-17 18:26:38,,annotator,HIGH LEVEL BEHAVIOR,2022-05-17 11:30:21,2022-05-17 11:30:51
2022-05-17 18:26:38,2022-05-17 18:26:56,,annotator,HIGH LEVEL BEHAVIOR,2022-05-17 11:30:51,2022-05-17 11:31:09
2022-05-17 18:26:56,2022-05-17 18:29:18,,annotator,HIGH LEVEL BEHAVIOR,2022-05-17 11:31:09,2022-05-17 11:33:31
2022-05-17 18:29:18,2022-05-17 18:29:35,,annotator,HIGH LEVEL BEHAVIOR,2022-05-17 11:33:31,2022-05-17 11:33:48
2022-05-17 18:29:35,2022-05-17 18:29:56,Riding_Elevator_Up,annotator,HIGH LEVEL BEHAVIOR,2022-05-17 11:33:48,2022-05-17 11:34:09
2022-05-17 18:29:56,2022-05-17 18:30:07,,annotator,HIGH LEVEL BEHAVIOR,2022-05-17 11:34:09,2022-05-17 11:34:20
2022-05-17 18:30:07,2022-05-17 18:31:37,,annotator,HIGH LEVEL BEHAVIOR,2022-05-17 11:34:20,2022-05-17 11:35:50
