START_TIME,STOP_TIME,PREDICTION,SOURCE,LABELSET,VIDEO_START_TIME,VIDEO_END_TIME
2022-06-09 09:52:28,2022-06-09 09:52:56,,annotator,HIGH LEVEL BEHAVIOR,2022-06-09 00:00:00,2022-06-09 00:00:28
2022-06-09 09:52:56,2022-06-09 09:53:03,,annotator,HIGH LEVEL BEHAVIOR,2022-06-09 00:00:28,2022-06-09 00:00:35
2022-06-09 09:53:03,2022-06-09 09:53:25,,annotator,HIGH LEVEL BEHAVIOR,2022-06-09 00:00:35,2022-06-09 00:00:57
2022-06-09 09:53:25,2022-06-09 09:53:32,,annotator,HIGH LEVEL BEHAVIOR,2022-06-09 00:00:57,2022-06-09 00:01:04
2022-06-09 09:53:32,2022-06-09 09:53:52,,annotator,HIGH LEVEL BEHAVIOR,2022-06-09 00:01:04,2022-06-09 00:01:24
2022-06-09 09:53:52,2022-06-09 09:53:57,,annotator,HIGH LEVEL BEHAVIOR,2022-06-09 00:01:24,2022-06-09 00:01:29
2022-06-09 09:53:57,2022-06-09 09:54:03,Packing/Unpacking_Something,annotator,HIGH LEVEL BEHAVIOR,2022-06-09 00:01:29,2022-06-09 00:01:35
2022-06-09 09:54:03,2022-06-09 09:54:29,Using_Computer/Screen,annotator,HIGH LEVEL BEHAVIOR,2022-06-09 00:01:35,2022-06-09 00:02:01
2022-06-09 09:54:29,2022-06-09 09:54:36,,annotator,HIGH LEVEL BEHAVIOR,2022-06-09 00:02:01,2022-06-09 00:02:08
2022-06-09 09:54:36,2022-06-09 09:55:02,,annotator,HIGH LEVEL BEHAVIOR,2022-06-09 00:02:08,2022-06-09 00:02:34
2022-06-09 09:55:02,2022-06-09 09:55:48,Using_Computer/Screen,annotator,HIGH LEVEL BEHAVIOR,2022-06-09 00:02:34,2022-06-09 00:03:20
2022-06-09 09:55:48,2022-06-09 09:55:57,,annotator,HIGH LEVEL BEHAVIOR,2022-06-09 00:03:20,2022-06-09 00:03:29
2022-06-09 09:55:57,2022-06-09 09:56:04,,annotator,HIGH LEVEL BEHAVIOR,2022-06-09 00:03:29,2022-06-09 00:03:36
2022-06-09 09:56:04,2022-06-09 09:56:33,,annotator,HIGH LEVEL BEHAVIOR,2022-06-09 00:03:36,2022-06-09 00:04:05
2022-06-09 09:56:33,2022-06-09 09:56:48,,annotator,HIGH LEVEL BEHAVIOR,2022-06-09 00:04:05,2022-06-09 00:04:20
2022-06-09 09:56:50,2022-06-09 09:57:14,,annotator,HIGH LEVEL BEHAVIOR,2022-06-09 00:04:22,2022-06-09 00:04:46
2022-06-09 09:57:14,2022-06-09 09:57:28,Using_Computer/Screen,annotator,HIGH LEVEL BEHAVIOR,2022-06-09 00:04:46,2022-06-09 00:05:00
2022-06-09 09:57:28,2022-06-09 09:57:38,Using_Computer/Screen,annotator,HIGH LEVEL BEHAVIOR,2022-06-09 00:05:00,2022-06-09 00:05:10
2022-06-09 09:57:38,2022-06-09 09:58:31,Using_Computer/Screen,annotator,HIGH LEVEL BEHAVIOR,2022-06-09 00:05:10,2022-06-09 00:06:03
2022-06-09 09:58:31,2022-06-09 09:59:08,Using_Computer/Screen,annotator,HIGH LEVEL BEHAVIOR,2022-06-09 00:06:03,2022-06-09 00:06:40
2022-06-09 09:59:08,2022-06-09 10:01:16,Using_Computer/Screen,annotator,HIGH LEVEL BEHAVIOR,2022-06-09 00:06:40,2022-06-09 00:08:48
2022-06-09 10:01:16,2022-06-09 10:03:32,Using_Computer/Screen,annotator,HIGH LEVEL BEHAVIOR,2022-06-09 00:08:48,2022-06-09 00:11:04
2022-06-09 10:03:32,2022-06-09 10:03:40,Using_Computer/Screen,annotator,HIGH LEVEL BEHAVIOR,2022-06-09 00:11:04,2022-06-09 00:11:12
2022-06-09 10:03:40,2022-06-09 10:03:55,Using_Computer/Screen,annotator,HIGH LEVEL BEHAVIOR,2022-06-09 00:11:12,2022-06-09 00:11:27
2022-06-09 10:03:55,2022-06-09 10:05:09,Using_Computer/Screen,annotator,HIGH LEVEL BEHAVIOR,2022-06-09 00:11:27,2022-06-09 00:12:41
2022-06-09 10:05:09,2022-06-09 10:07:02,Using_Computer/Screen,annotator,HIGH LEVEL BEHAVIOR,2022-06-09 00:12:41,2022-06-09 00:14:34
2022-06-09 10:07:02,2022-06-09 10:07:23,Using_Computer/Screen,annotator,HIGH LEVEL BEHAVIOR,2022-06-09 00:14:34,2022-06-09 00:14:55
2022-06-09 10:07:23,2022-06-09 10:08:02,Using_Computer/Screen,annotator,HIGH LEVEL BEHAVIOR,2022-06-09 00:14:55,2022-06-09 00:15:34
2022-06-09 10:08:02,2022-06-09 10:08:09,Using_Computer/Screen,annotator,HIGH LEVEL BEHAVIOR,2022-06-09 00:15:34,2022-06-09 00:15:41
2022-06-09 10:08:09,2022-06-09 10:08:37,Using_Computer/Screen,annotator,HIGH LEVEL BEHAVIOR,2022-06-09 00:15:41,2022-06-09 00:16:09
2022-06-09 10:08:37,2022-06-09 10:08:51,Using_Computer/Screen,annotator,HIGH LEVEL BEHAVIOR,2022-06-09 00:16:09,2022-06-09 00:16:23
2022-06-09 10:08:51,2022-06-09 10:09:01,Using_Computer/Screen,annotator,HIGH LEVEL BEHAVIOR,2022-06-09 00:16:23,2022-06-09 00:16:33
2022-06-09 10:09:01,2022-06-09 10:09:11,Using_Computer/Screen,annotator,HIGH LEVEL BEHAVIOR,2022-06-09 00:16:33,2022-06-09 00:16:43
2022-06-09 10:09:11,2022-06-09 10:09:18,Using_Computer/Screen,annotator,HIGH LEVEL BEHAVIOR,2022-06-09 00:16:43,2022-06-09 00:16:50
2022-06-09 10:09:18,2022-06-09 10:09:41,Using_Computer/Screen,annotator,HIGH LEVEL BEHAVIOR,2022-06-09 00:16:50,2022-06-09 00:17:13
2022-06-09 10:09:41,2022-06-09 10:10:04,Using_Computer/Screen,annotator,HIGH LEVEL BEHAVIOR,2022-06-09 00:17:13,2022-06-09 00:17:36
2022-06-09 10:10:04,2022-06-09 10:10:18,Using_Computer/Screen,annotator,HIGH LEVEL BEHAVIOR,2022-06-09 00:17:36,2022-06-09 00:17:50
2022-06-09 10:10:18,2022-06-09 10:10:27,Using_Computer/Screen,annotator,HIGH LEVEL BEHAVIOR,2022-06-09 00:17:50,2022-06-09 00:17:59
2022-06-09 10:10:27,2022-06-09 10:10:40,Using_Computer/Screen,annotator,HIGH LEVEL BEHAVIOR,2022-06-09 00:17:59,2022-06-09 00:18:12
2022-06-09 10:10:40,2022-06-09 10:11:48,Using_Computer/Screen,annotator,HIGH LEVEL BEHAVIOR,2022-06-09 00:18:12,2022-06-09 00:19:20
2022-06-09 10:11:48,2022-06-09 10:12:34,Using_Computer/Screen,annotator,HIGH LEVEL BEHAVIOR,2022-06-09 00:19:20,2022-06-09 00:20:06
2022-06-09 10:12:34,2022-06-09 10:13:10,Using_Computer/Screen,annotator,HIGH LEVEL BEHAVIOR,2022-06-09 00:20:06,2022-06-09 00:20:42
2022-06-09 10:13:10,2022-06-09 10:14:47,Using_Computer/Screen,annotator,HIGH LEVEL BEHAVIOR,2022-06-09 00:20:42,2022-06-09 00:22:19
2022-06-09 10:14:47,2022-06-09 10:17:10,Using_Computer/Screen,annotator,HIGH LEVEL BEHAVIOR,2022-06-09 00:22:19,2022-06-09 00:24:42
2022-06-09 10:17:10,2022-06-09 10:17:29,Using_Computer/Screen,annotator,HIGH LEVEL BEHAVIOR,2022-06-09 00:24:42,2022-06-09 00:25:01
2022-06-09 10:17:29,2022-06-09 10:17:52,Using_Computer/Screen,annotator,HIGH LEVEL BEHAVIOR,2022-06-09 00:25:01,2022-06-09 00:25:24
2022-06-09 10:17:52,2022-06-09 10:18:12,Using_Computer/Screen,annotator,HIGH LEVEL BEHAVIOR,2022-06-09 00:25:24,2022-06-09 00:25:44
2022-06-09 10:18:12,2022-06-09 10:18:25,Using_Computer/Screen,annotator,HIGH LEVEL BEHAVIOR,2022-06-09 00:25:44,2022-06-09 00:25:57
2022-06-09 10:18:25,2022-06-09 10:19:43,Using_Computer/Screen,annotator,HIGH LEVEL BEHAVIOR,2022-06-09 00:25:57,2022-06-09 00:27:15
2022-06-09 10:19:43,2022-06-09 10:20:41,Using_Computer/Screen,annotator,HIGH LEVEL BEHAVIOR,2022-06-09 00:27:15,2022-06-09 00:28:13
2022-06-09 10:20:41,2022-06-09 10:21:00,Using_Computer/Screen,annotator,HIGH LEVEL BEHAVIOR,2022-06-09 00:28:13,2022-06-09 00:28:32
2022-06-09 10:21:00,2022-06-09 10:22:39,Using_Computer/Screen,annotator,HIGH LEVEL BEHAVIOR,2022-06-09 00:28:32,2022-06-09 00:30:11
2022-06-09 10:22:39,2022-06-09 10:22:57,Using_Computer/Screen,annotator,HIGH LEVEL BEHAVIOR,2022-06-09 00:30:11,2022-06-09 00:30:29
2022-06-09 10:22:57,2022-06-09 10:23:33,Using_Computer/Screen,annotator,HIGH LEVEL BEHAVIOR,2022-06-09 00:30:29,2022-06-09 00:31:05
2022-06-09 10:23:33,2022-06-09 10:24:00,Using_Computer/Screen,annotator,HIGH LEVEL BEHAVIOR,2022-06-09 00:31:05,2022-06-09 00:31:32
2022-06-09 10:24:00,2022-06-09 10:24:05,Using_Computer/Screen,annotator,HIGH LEVEL BEHAVIOR,2022-06-09 00:31:32,2022-06-09 00:31:37
2022-06-09 10:24:05,2022-06-09 10:24:12,,annotator,HIGH LEVEL BEHAVIOR,2022-06-09 00:31:37,2022-06-09 00:31:44
2022-06-09 10:24:12,2022-06-09 10:24:15,,annotator,HIGH LEVEL BEHAVIOR,2022-06-09 00:31:44,2022-06-09 00:31:47
2022-06-09 10:24:15,2022-06-09 10:24:24,,annotator,HIGH LEVEL BEHAVIOR,2022-06-09 00:31:47,2022-06-09 00:31:56
2022-06-09 10:24:24,2022-06-09 10:39:08,HLB_Indecipherable/Video_Insufficient,annotator,HIGH LEVEL BEHAVIOR,2022-06-09 00:31:56,2022-06-09 00:46:40
2022-06-09 10:39:08,2022-06-09 10:39:18,,annotator,HIGH LEVEL BEHAVIOR,2022-06-09 00:46:40,2022-06-09 00:46:50
2022-06-09 10:39:18,2022-06-09 10:39:23,,annotator,HIGH LEVEL BEHAVIOR,2022-06-09 00:46:50,2022-06-09 00:46:55
2022-06-09 10:39:23,2022-06-09 10:39:28,,annotator,HIGH LEVEL BEHAVIOR,2022-06-09 00:46:55,2022-06-09 00:47:00
2022-06-09 10:39:28,2022-06-09 10:39:39,,annotator,HIGH LEVEL BEHAVIOR,2022-06-09 00:47:00,2022-06-09 00:47:11
2022-06-09 10:39:39,2022-06-09 10:39:46,,annotator,HIGH LEVEL BEHAVIOR,2022-06-09 00:47:11,2022-06-09 00:47:18
2022-06-09 10:39:46,2022-06-09 10:40:19,Using_Computer/Screen,annotator,HIGH LEVEL BEHAVIOR,2022-06-09 00:47:18,2022-06-09 00:47:51
2022-06-09 10:40:19,2022-06-09 10:40:29,Using_Computer/Screen,annotator,HIGH LEVEL BEHAVIOR,2022-06-09 00:47:51,2022-06-09 00:48:01
2022-06-09 10:40:29,2022-06-09 10:40:34,Using_Computer/Screen,annotator,HIGH LEVEL BEHAVIOR,2022-06-09 00:48:01,2022-06-09 00:48:06
2022-06-09 10:40:34,2022-06-09 10:40:56,Using_Computer/Screen,annotator,HIGH LEVEL BEHAVIOR,2022-06-09 00:48:06,2022-06-09 00:48:28
2022-06-09 10:40:56,2022-06-09 10:41:00,Using_Computer/Screen,annotator,HIGH LEVEL BEHAVIOR,2022-06-09 00:48:28,2022-06-09 00:48:32
2022-06-09 10:41:00,2022-06-09 10:41:17,Using_Computer/Screen,annotator,HIGH LEVEL BEHAVIOR,2022-06-09 00:48:32,2022-06-09 00:48:49
2022-06-09 10:41:17,2022-06-09 10:43:22,Using_Computer/Screen,annotator,HIGH LEVEL BEHAVIOR,2022-06-09 00:48:49,2022-06-09 00:50:54
2022-06-09 10:43:22,2022-06-09 10:43:27,Using_Computer/Screen,annotator,HIGH LEVEL BEHAVIOR,2022-06-09 00:50:54,2022-06-09 00:50:59
2022-06-09 10:43:27,2022-06-09 10:44:21,Using_Computer/Screen,annotator,HIGH LEVEL BEHAVIOR,2022-06-09 00:50:59,2022-06-09 00:51:53
2022-06-09 10:44:21,2022-06-09 10:45:37,Using_Computer/Screen,annotator,HIGH LEVEL BEHAVIOR,2022-06-09 00:51:53,2022-06-09 00:53:09
2022-06-09 10:45:37,2022-06-09 10:46:02,Using_Computer/Screen,annotator,HIGH LEVEL BEHAVIOR,2022-06-09 00:53:09,2022-06-09 00:53:34
2022-06-09 10:46:02,2022-06-09 10:46:45,Using_Computer/Screen,annotator,HIGH LEVEL BEHAVIOR,2022-06-09 00:53:34,2022-06-09 00:54:17
2022-06-09 10:46:45,2022-06-09 10:47:59,Using_Computer/Screen,annotator,HIGH LEVEL BEHAVIOR,2022-06-09 00:54:17,2022-06-09 00:55:31
2022-06-09 10:47:59,2022-06-09 10:53:40,Using_Computer/Screen,annotator,HIGH LEVEL BEHAVIOR,2022-06-09 00:55:31,2022-06-09 01:01:12
2022-06-09 10:53:40,2022-06-09 10:54:32,Using_Computer/Screen,annotator,HIGH LEVEL BEHAVIOR,2022-06-09 01:01:12,2022-06-09 01:02:04
2022-06-09 10:54:32,2022-06-09 10:55:54,Using_Computer/Screen,annotator,HIGH LEVEL BEHAVIOR,2022-06-09 01:02:04,2022-06-09 01:03:26
2022-06-09 10:55:54,2022-06-09 10:56:50,Using_Computer/Screen,annotator,HIGH LEVEL BEHAVIOR,2022-06-09 01:03:26,2022-06-09 01:04:22
2022-06-09 10:56:50,2022-06-09 10:58:50,Using_Computer/Screen,annotator,HIGH LEVEL BEHAVIOR,2022-06-09 01:04:22,2022-06-09 01:06:22
2022-06-09 10:58:50,2022-06-09 10:59:15,Using_Computer/Screen,annotator,HIGH LEVEL BEHAVIOR,2022-06-09 01:06:22,2022-06-09 01:06:47
2022-06-09 10:59:15,2022-06-09 10:59:51,,annotator,HIGH LEVEL BEHAVIOR,2022-06-09 01:06:47,2022-06-09 01:07:23
2022-06-09 10:59:51,2022-06-09 10:59:55,,annotator,HIGH LEVEL BEHAVIOR,2022-06-09 01:07:23,2022-06-09 01:07:27
2022-06-09 10:59:55,2022-06-09 11:00:15,Packing/Unpacking_Something,annotator,HIGH LEVEL BEHAVIOR,2022-06-09 01:07:27,2022-06-09 01:07:47
2022-06-09 11:00:15,2022-06-09 11:00:24,,annotator,HIGH LEVEL BEHAVIOR,2022-06-09 01:07:47,2022-06-09 01:07:56
2022-06-09 11:00:24,2022-06-09 11:01:04,,annotator,HIGH LEVEL BEHAVIOR,2022-06-09 01:07:56,2022-06-09 01:08:36
2022-06-09 11:01:04,2022-06-09 11:01:10,,annotator,HIGH LEVEL BEHAVIOR,2022-06-09 01:08:36,2022-06-09 01:08:42
2022-06-09 11:01:10,2022-06-09 11:01:44,,annotator,HIGH LEVEL BEHAVIOR,2022-06-09 01:08:42,2022-06-09 01:09:16
2022-06-09 11:01:44,2022-06-09 11:01:50,,annotator,HIGH LEVEL BEHAVIOR,2022-06-09 01:09:16,2022-06-09 01:09:22
2022-06-09 11:01:50,2022-06-09 11:02:05,,annotator,HIGH LEVEL BEHAVIOR,2022-06-09 01:09:22,2022-06-09 01:09:37
2022-06-09 11:02:05,2022-06-09 11:02:38,,annotator,HIGH LEVEL BEHAVIOR,2022-06-09 01:09:37,2022-06-09 01:10:10
2022-06-09 11:02:38,2022-06-09 11:02:48,,annotator,HIGH LEVEL BEHAVIOR,2022-06-09 01:10:10,2022-06-09 01:10:20
2022-06-09 11:02:48,2022-06-09 11:03:16,,annotator,HIGH LEVEL BEHAVIOR,2022-06-09 01:10:20,2022-06-09 01:10:48
2022-06-09 11:03:16,2022-06-09 11:04:05,Grooming/Self_Care,annotator,HIGH LEVEL BEHAVIOR,2022-06-09 01:10:48,2022-06-09 01:11:37
2022-06-09 11:04:05,2022-06-09 11:04:16,,annotator,HIGH LEVEL BEHAVIOR,2022-06-09 01:11:37,2022-06-09 01:11:48
2022-06-09 11:04:16,2022-06-09 11:04:28,,annotator,HIGH LEVEL BEHAVIOR,2022-06-09 01:11:48,2022-06-09 01:12:00
2022-06-09 11:04:28,2022-06-09 11:04:33,,annotator,HIGH LEVEL BEHAVIOR,2022-06-09 01:12:00,2022-06-09 01:12:05
2022-06-09 11:04:33,2022-06-09 11:05:06,,annotator,HIGH LEVEL BEHAVIOR,2022-06-09 01:12:05,2022-06-09 01:12:38
2022-06-09 11:05:06,2022-06-09 11:05:11,,annotator,HIGH LEVEL BEHAVIOR,2022-06-09 01:12:38,2022-06-09 01:12:43
2022-06-09 11:05:11,2022-06-09 11:05:20,,annotator,HIGH LEVEL BEHAVIOR,2022-06-09 01:12:43,2022-06-09 01:12:52
2022-06-09 11:05:20,2022-06-09 11:05:30,Grooming/Self_Care,annotator,HIGH LEVEL BEHAVIOR,2022-06-09 01:12:52,2022-06-09 01:13:02
2022-06-09 11:05:30,2022-06-09 11:05:47,,annotator,HIGH LEVEL BEHAVIOR,2022-06-09 01:13:02,2022-06-09 01:13:19
2022-06-09 11:05:47,2022-06-09 11:06:12,,annotator,HIGH LEVEL BEHAVIOR,2022-06-09 01:13:19,2022-06-09 01:13:44
2022-06-09 11:06:12,2022-06-09 11:08:03,HLB_Indecipherable/Video_Insufficient,annotator,HIGH LEVEL BEHAVIOR,2022-06-09 01:13:44,2022-06-09 01:15:35
2022-06-09 11:08:03,2022-06-09 11:08:13,,annotator,HIGH LEVEL BEHAVIOR,2022-06-09 01:15:35,2022-06-09 01:15:45
2022-06-09 11:08:13,2022-06-09 11:08:34,,annotator,HIGH LEVEL BEHAVIOR,2022-06-09 01:15:45,2022-06-09 01:16:06
2022-06-09 11:08:34,2022-06-09 11:08:45,,annotator,HIGH LEVEL BEHAVIOR,2022-06-09 01:16:06,2022-06-09 01:16:17
2022-06-09 11:08:45,2022-06-09 11:09:30,,annotator,HIGH LEVEL BEHAVIOR,2022-06-09 01:16:17,2022-06-09 01:17:02
2022-06-09 11:09:30,2022-06-09 11:09:34,,annotator,HIGH LEVEL BEHAVIOR,2022-06-09 01:17:02,2022-06-09 01:17:06
2022-06-09 11:09:34,2022-06-09 11:10:30,Dressing/Undressing,annotator,HIGH LEVEL BEHAVIOR,2022-06-09 01:17:06,2022-06-09 01:18:02
2022-06-09 11:10:30,2022-06-09 11:10:35,,annotator,HIGH LEVEL BEHAVIOR,2022-06-09 01:18:02,2022-06-09 01:18:07
2022-06-09 11:10:35,2022-06-09 11:10:47,,annotator,HIGH LEVEL BEHAVIOR,2022-06-09 01:18:07,2022-06-09 01:18:19
2022-06-09 11:10:47,2022-06-09 11:10:56,,annotator,HIGH LEVEL BEHAVIOR,2022-06-09 01:18:19,2022-06-09 01:18:28
2022-06-09 11:10:56,2022-06-09 11:11:03,,annotator,HIGH LEVEL BEHAVIOR,2022-06-09 01:18:28,2022-06-09 01:18:35
2022-06-09 11:11:03,2022-06-09 11:11:06,,annotator,HIGH LEVEL BEHAVIOR,2022-06-09 01:18:35,2022-06-09 01:18:38
2022-06-09 11:11:06,2022-06-09 11:11:33,Packing/Unpacking_Something,annotator,HIGH LEVEL BEHAVIOR,2022-06-09 01:18:38,2022-06-09 01:19:05
2022-06-09 11:11:33,2022-06-09 11:11:36,,annotator,HIGH LEVEL BEHAVIOR,2022-06-09 01:19:05,2022-06-09 01:19:08
2022-06-09 11:11:36,2022-06-09 11:14:24,Cooking/Prepping_Food,annotator,HIGH LEVEL BEHAVIOR,2022-06-09 01:19:08,2022-06-09 01:21:56
2022-06-09 11:14:24,2022-06-09 11:14:52,,annotator,HIGH LEVEL BEHAVIOR,2022-06-09 01:21:56,2022-06-09 01:22:24
2022-06-09 11:14:52,2022-06-09 11:14:57,,annotator,HIGH LEVEL BEHAVIOR,2022-06-09 01:22:24,2022-06-09 01:22:29
2022-06-09 11:14:57,2022-06-09 11:15:14,Packing/Unpacking_Something,annotator,HIGH LEVEL BEHAVIOR,2022-06-09 01:22:29,2022-06-09 01:22:46
2022-06-09 11:15:14,2022-06-09 11:15:23,,annotator,HIGH LEVEL BEHAVIOR,2022-06-09 01:22:46,2022-06-09 01:22:55
2022-06-09 11:15:23,2022-06-09 11:15:29,,annotator,HIGH LEVEL BEHAVIOR,2022-06-09 01:22:55,2022-06-09 01:23:01
2022-06-09 11:15:29,2022-06-09 11:15:59,,annotator,HIGH LEVEL BEHAVIOR,2022-06-09 01:23:01,2022-06-09 01:23:31
2022-06-09 11:15:59,2022-06-09 11:16:21,,annotator,HIGH LEVEL BEHAVIOR,2022-06-09 01:23:31,2022-06-09 01:23:53
2022-06-09 11:16:21,2022-06-09 11:16:29,,annotator,HIGH LEVEL BEHAVIOR,2022-06-09 01:23:53,2022-06-09 01:24:01
2022-06-09 11:16:29,2022-06-09 11:16:55,Riding_Elevator_Down,annotator,HIGH LEVEL BEHAVIOR,2022-06-09 01:24:01,2022-06-09 01:24:27
2022-06-09 11:16:55,2022-06-09 11:17:06,In_Transit_Active,annotator,HIGH LEVEL BEHAVIOR,2022-06-09 01:24:27,2022-06-09 01:24:38
2022-06-09 11:17:06,2022-06-09 11:17:34,In_Transit_Active,annotator,HIGH LEVEL BEHAVIOR,2022-06-09 01:24:38,2022-06-09 01:25:06
2022-06-09 11:17:34,2022-06-09 11:19:06,In_Transit_Active,annotator,HIGH LEVEL BEHAVIOR,2022-06-09 01:25:06,2022-06-09 01:26:38
2022-06-09 11:19:06,2022-06-09 11:19:15,In_Transit_Active,annotator,HIGH LEVEL BEHAVIOR,2022-06-09 01:26:38,2022-06-09 01:26:47
2022-06-09 11:19:15,2022-06-09 11:19:19,,annotator,HIGH LEVEL BEHAVIOR,2022-06-09 01:26:47,2022-06-09 01:26:51
2022-06-09 11:19:19,2022-06-09 11:19:28,,annotator,HIGH LEVEL BEHAVIOR,2022-06-09 01:26:51,2022-06-09 01:27:00
2022-06-09 11:19:28,2022-06-09 11:20:10,,annotator,HIGH LEVEL BEHAVIOR,2022-06-09 01:27:00,2022-06-09 01:27:42
2022-06-09 11:20:10,2022-06-09 11:20:26,,annotator,HIGH LEVEL BEHAVIOR,2022-06-09 01:27:42,2022-06-09 01:27:58
2022-06-09 11:20:26,2022-06-09 11:20:31,,annotator,HIGH LEVEL BEHAVIOR,2022-06-09 01:27:58,2022-06-09 01:28:03
2022-06-09 11:20:31,2022-06-09 11:20:39,,annotator,HIGH LEVEL BEHAVIOR,2022-06-09 01:28:03,2022-06-09 01:28:11
2022-06-09 11:20:39,2022-06-09 11:20:46,,annotator,HIGH LEVEL BEHAVIOR,2022-06-09 01:28:11,2022-06-09 01:28:18
2022-06-09 11:20:46,2022-06-09 11:21:04,,annotator,HIGH LEVEL BEHAVIOR,2022-06-09 01:28:18,2022-06-09 01:28:36
2022-06-09 11:21:04,2022-06-09 11:21:08,,annotator,HIGH LEVEL BEHAVIOR,2022-06-09 01:28:36,2022-06-09 01:28:40
2022-06-09 11:21:08,2022-06-09 11:21:11,,annotator,HIGH LEVEL BEHAVIOR,2022-06-09 01:28:40,2022-06-09 01:28:43
2022-06-09 11:21:11,2022-06-09 11:21:36,,annotator,HIGH LEVEL BEHAVIOR,2022-06-09 01:28:43,2022-06-09 01:29:08
2022-06-09 11:21:36,2022-06-09 11:21:47,,annotator,HIGH LEVEL BEHAVIOR,2022-06-09 01:29:08,2022-06-09 01:29:19
2022-06-09 11:21:47,2022-06-09 11:21:52,,annotator,HIGH LEVEL BEHAVIOR,2022-06-09 01:29:19,2022-06-09 01:29:24
2022-06-09 11:21:52,2022-06-09 11:22:03,,annotator,HIGH LEVEL BEHAVIOR,2022-06-09 01:29:24,2022-06-09 01:29:35
2022-06-09 11:22:03,2022-06-09 11:22:28,,annotator,HIGH LEVEL BEHAVIOR,2022-06-09 01:29:35,2022-06-09 01:30:00
2022-06-09 11:22:28,2022-06-09 11:22:39,,annotator,HIGH LEVEL BEHAVIOR,2022-06-09 01:30:00,2022-06-09 01:30:11
2022-06-09 11:22:39,2022-06-09 11:22:54,,annotator,HIGH LEVEL BEHAVIOR,2022-06-09 01:30:11,2022-06-09 01:30:26
2022-06-09 11:22:54,2022-06-09 11:23:17,,annotator,HIGH LEVEL BEHAVIOR,2022-06-09 01:30:26,2022-06-09 01:30:49
2022-06-09 11:23:17,2022-06-09 11:24:42,HLB_Indecipherable/Video_Insufficient,annotator,HIGH LEVEL BEHAVIOR,2022-06-09 01:30:49,2022-06-09 01:32:14
2022-06-09 11:24:42,2022-06-09 11:25:18,Doing_Resistance_Training,annotator,HIGH LEVEL BEHAVIOR,2022-06-09 01:32:14,2022-06-09 01:32:50
2022-06-09 11:25:18,2022-06-09 11:26:29,Doing_Resistance_Training,annotator,HIGH LEVEL BEHAVIOR,2022-06-09 01:32:50,2022-06-09 01:34:01
2022-06-09 11:26:29,2022-06-09 11:26:33,Doing_Resistance_Training,annotator,HIGH LEVEL BEHAVIOR,2022-06-09 01:34:01,2022-06-09 01:34:05
2022-06-09 11:26:33,2022-06-09 11:26:52,Doing_Resistance_Training,annotator,HIGH LEVEL BEHAVIOR,2022-06-09 01:34:05,2022-06-09 01:34:24
2022-06-09 11:26:52,2022-06-09 11:26:59,Doing_Resistance_Training,annotator,HIGH LEVEL BEHAVIOR,2022-06-09 01:34:24,2022-06-09 01:34:31
2022-06-09 11:26:59,2022-06-09 11:27:03,Doing_Resistance_Training,annotator,HIGH LEVEL BEHAVIOR,2022-06-09 01:34:31,2022-06-09 01:34:35
2022-06-09 11:27:03,2022-06-09 11:27:17,Doing_Resistance_Training,annotator,HIGH LEVEL BEHAVIOR,2022-06-09 01:34:35,2022-06-09 01:34:49
2022-06-09 11:27:17,2022-06-09 11:27:51,Doing_Resistance_Training,annotator,HIGH LEVEL BEHAVIOR,2022-06-09 01:34:49,2022-06-09 01:35:23
2022-06-09 11:27:52,2022-06-09 11:27:56,Doing_Resistance_Training,annotator,HIGH LEVEL BEHAVIOR,2022-06-09 01:35:24,2022-06-09 01:35:28
2022-06-09 11:27:56,2022-06-09 11:28:02,Doing_Resistance_Training,annotator,HIGH LEVEL BEHAVIOR,2022-06-09 01:35:28,2022-06-09 01:35:34
2022-06-09 11:28:02,2022-06-09 11:28:04,Doing_Resistance_Training,annotator,HIGH LEVEL BEHAVIOR,2022-06-09 01:35:34,2022-06-09 01:35:36
2022-06-09 11:28:04,2022-06-09 11:29:27,Doing_Resistance_Training,annotator,HIGH LEVEL BEHAVIOR,2022-06-09 01:35:36,2022-06-09 01:36:59
2022-06-09 11:29:27,2022-06-09 11:29:31,Doing_Resistance_Training,annotator,HIGH LEVEL BEHAVIOR,2022-06-09 01:36:59,2022-06-09 01:37:03
2022-06-09 11:29:31,2022-06-09 11:29:41,Doing_Resistance_Training,annotator,HIGH LEVEL BEHAVIOR,2022-06-09 01:37:03,2022-06-09 01:37:13
2022-06-09 11:29:41,2022-06-09 11:29:56,Doing_Resistance_Training,annotator,HIGH LEVEL BEHAVIOR,2022-06-09 01:37:13,2022-06-09 01:37:28
2022-06-09 11:29:56,2022-06-09 11:30:18,Doing_Resistance_Training,annotator,HIGH LEVEL BEHAVIOR,2022-06-09 01:37:28,2022-06-09 01:37:50
2022-06-09 11:30:18,2022-06-09 11:31:19,Doing_Resistance_Training,annotator,HIGH LEVEL BEHAVIOR,2022-06-09 01:37:50,2022-06-09 01:38:51
2022-06-09 11:31:22,2022-06-09 11:31:55,Doing_Resistance_Training,annotator,HIGH LEVEL BEHAVIOR,2022-06-09 01:38:54,2022-06-09 01:39:27
2022-06-09 11:31:57,2022-06-09 11:32:20,Doing_Resistance_Training,annotator,HIGH LEVEL BEHAVIOR,2022-06-09 01:39:29,2022-06-09 01:39:52
2022-06-09 11:32:20,2022-06-09 11:32:25,Doing_Resistance_Training,annotator,HIGH LEVEL BEHAVIOR,2022-06-09 01:39:52,2022-06-09 01:39:57
2022-06-09 11:32:25,2022-06-09 11:32:30,Doing_Resistance_Training,annotator,HIGH LEVEL BEHAVIOR,2022-06-09 01:39:57,2022-06-09 01:40:02
2022-06-09 11:32:30,2022-06-09 11:32:38,Doing_Resistance_Training,annotator,HIGH LEVEL BEHAVIOR,2022-06-09 01:40:02,2022-06-09 01:40:10
2022-06-09 11:32:38,2022-06-09 11:32:46,Doing_Resistance_Training,annotator,HIGH LEVEL BEHAVIOR,2022-06-09 01:40:10,2022-06-09 01:40:18
2022-06-09 11:32:46,2022-06-09 11:32:49,Doing_Resistance_Training,annotator,HIGH LEVEL BEHAVIOR,2022-06-09 01:40:18,2022-06-09 01:40:21
2022-06-09 11:32:49,2022-06-09 11:33:12,Doing_Resistance_Training,annotator,HIGH LEVEL BEHAVIOR,2022-06-09 01:40:21,2022-06-09 01:40:44
2022-06-09 11:33:12,2022-06-09 11:33:25,Doing_Resistance_Training,annotator,HIGH LEVEL BEHAVIOR,2022-06-09 01:40:44,2022-06-09 01:40:57
2022-06-09 11:33:27,2022-06-09 11:34:33,Doing_Resistance_Training,annotator,HIGH LEVEL BEHAVIOR,2022-06-09 01:40:59,2022-06-09 01:42:05
2022-06-09 11:34:33,2022-06-09 11:35:15,Doing_Resistance_Training,annotator,HIGH LEVEL BEHAVIOR,2022-06-09 01:42:05,2022-06-09 01:42:47
2022-06-09 11:35:15,2022-06-09 11:35:22,Doing_Resistance_Training,annotator,HIGH LEVEL BEHAVIOR,2022-06-09 01:42:47,2022-06-09 01:42:54
2022-06-09 11:35:22,2022-06-09 11:35:36,Doing_Resistance_Training,annotator,HIGH LEVEL BEHAVIOR,2022-06-09 01:42:54,2022-06-09 01:43:08
2022-06-09 11:35:38,2022-06-09 11:35:54,Doing_Resistance_Training,annotator,HIGH LEVEL BEHAVIOR,2022-06-09 01:43:10,2022-06-09 01:43:26
2022-06-09 11:35:55,2022-06-09 11:36:02,Doing_Resistance_Training,annotator,HIGH LEVEL BEHAVIOR,2022-06-09 01:43:27,2022-06-09 01:43:34
2022-06-09 11:36:02,2022-06-09 11:36:06,Doing_Resistance_Training,annotator,HIGH LEVEL BEHAVIOR,2022-06-09 01:43:34,2022-06-09 01:43:38
2022-06-09 11:36:06,2022-06-09 11:36:21,Doing_Resistance_Training,annotator,HIGH LEVEL BEHAVIOR,2022-06-09 01:43:38,2022-06-09 01:43:53
2022-06-09 11:36:21,2022-06-09 11:36:25,Doing_Resistance_Training,annotator,HIGH LEVEL BEHAVIOR,2022-06-09 01:43:53,2022-06-09 01:43:57
2022-06-09 11:36:26,2022-06-09 11:39:53,Doing_Resistance_Training,annotator,HIGH LEVEL BEHAVIOR,2022-06-09 01:43:58,2022-06-09 01:47:25
2022-06-09 11:39:53,2022-06-09 11:40:24,Doing_Resistance_Training,annotator,HIGH LEVEL BEHAVIOR,2022-06-09 01:47:25,2022-06-09 01:47:56
2022-06-09 11:40:24,2022-06-09 11:40:56,Doing_Resistance_Training,annotator,HIGH LEVEL BEHAVIOR,2022-06-09 01:47:56,2022-06-09 01:48:28
2022-06-09 11:40:56,2022-06-09 11:41:05,Doing_Resistance_Training,annotator,HIGH LEVEL BEHAVIOR,2022-06-09 01:48:28,2022-06-09 01:48:37
2022-06-09 11:41:05,2022-06-09 11:41:12,Doing_Resistance_Training,annotator,HIGH LEVEL BEHAVIOR,2022-06-09 01:48:37,2022-06-09 01:48:44
2022-06-09 11:41:12,2022-06-09 11:41:15,Doing_Resistance_Training,annotator,HIGH LEVEL BEHAVIOR,2022-06-09 01:48:44,2022-06-09 01:48:47
2022-06-09 11:41:15,2022-06-09 11:41:21,Doing_Resistance_Training,annotator,HIGH LEVEL BEHAVIOR,2022-06-09 01:48:47,2022-06-09 01:48:53
2022-06-09 11:41:21,2022-06-09 11:41:26,Doing_Resistance_Training,annotator,HIGH LEVEL BEHAVIOR,2022-06-09 01:48:53,2022-06-09 01:48:58
2022-06-09 11:41:26,2022-06-09 11:41:33,Doing_Resistance_Training,annotator,HIGH LEVEL BEHAVIOR,2022-06-09 01:48:58,2022-06-09 01:49:05
2022-06-09 11:41:33,2022-06-09 11:42:16,Doing_Resistance_Training,annotator,HIGH LEVEL BEHAVIOR,2022-06-09 01:49:05,2022-06-09 01:49:48
2022-06-09 11:42:16,2022-06-09 11:42:59,Doing_Resistance_Training,annotator,HIGH LEVEL BEHAVIOR,2022-06-09 01:49:48,2022-06-09 01:50:31
2022-06-09 11:42:59,2022-06-09 11:43:02,Doing_Resistance_Training,annotator,HIGH LEVEL BEHAVIOR,2022-06-09 01:50:31,2022-06-09 01:50:34
2022-06-09 11:43:02,2022-06-09 11:43:08,Doing_Resistance_Training,annotator,HIGH LEVEL BEHAVIOR,2022-06-09 01:50:34,2022-06-09 01:50:40
2022-06-09 11:43:08,2022-06-09 11:43:17,Doing_Resistance_Training,annotator,HIGH LEVEL BEHAVIOR,2022-06-09 01:50:40,2022-06-09 01:50:49
2022-06-09 11:43:17,2022-06-09 11:43:23,Doing_Resistance_Training,annotator,HIGH LEVEL BEHAVIOR,2022-06-09 01:50:49,2022-06-09 01:50:55
2022-06-09 11:43:23,2022-06-09 11:43:34,Doing_Resistance_Training,annotator,HIGH LEVEL BEHAVIOR,2022-06-09 01:50:55,2022-06-09 01:51:06
2022-06-09 11:43:34,2022-06-09 11:43:39,,annotator,HIGH LEVEL BEHAVIOR,2022-06-09 01:51:06,2022-06-09 01:51:11
2022-06-09 11:43:39,2022-06-09 11:44:12,HLB_Indecipherable/Video_Insufficient,annotator,HIGH LEVEL BEHAVIOR,2022-06-09 01:51:11,2022-06-09 01:51:44
2022-06-09 11:44:12,2022-06-09 11:44:24,,annotator,HIGH LEVEL BEHAVIOR,2022-06-09 01:51:44,2022-06-09 01:51:56
2022-06-09 11:44:24,2022-06-09 11:44:43,Doing_Resistance_Training,annotator,HIGH LEVEL BEHAVIOR,2022-06-09 01:51:56,2022-06-09 01:52:15
2022-06-09 11:44:43,2022-06-09 11:44:47,Doing_Resistance_Training,annotator,HIGH LEVEL BEHAVIOR,2022-06-09 01:52:15,2022-06-09 01:52:19
2022-06-09 11:44:47,2022-06-09 11:46:22,Doing_Resistance_Training,annotator,HIGH LEVEL BEHAVIOR,2022-06-09 01:52:19,2022-06-09 01:53:54
2022-06-09 11:46:22,2022-06-09 11:46:28,Doing_Resistance_Training,annotator,HIGH LEVEL BEHAVIOR,2022-06-09 01:53:54,2022-06-09 01:54:00
2022-06-09 11:46:28,2022-06-09 11:46:35,Doing_Resistance_Training,annotator,HIGH LEVEL BEHAVIOR,2022-06-09 01:54:00,2022-06-09 01:54:07
2022-06-09 11:46:35,2022-06-09 11:46:51,Doing_Resistance_Training,annotator,HIGH LEVEL BEHAVIOR,2022-06-09 01:54:07,2022-06-09 01:54:23
2022-06-09 11:46:52,2022-06-09 11:47:12,Doing_Resistance_Training,annotator,HIGH LEVEL BEHAVIOR,2022-06-09 01:54:24,2022-06-09 01:54:44
2022-06-09 11:47:12,2022-06-09 11:47:55,Doing_Resistance_Training,annotator,HIGH LEVEL BEHAVIOR,2022-06-09 01:54:44,2022-06-09 01:55:27
2022-06-09 11:47:57,2022-06-09 11:48:14,Doing_Resistance_Training,annotator,HIGH LEVEL BEHAVIOR,2022-06-09 01:55:29,2022-06-09 01:55:46
2022-06-09 11:48:14,2022-06-09 11:48:34,Doing_Resistance_Training,annotator,HIGH LEVEL BEHAVIOR,2022-06-09 01:55:46,2022-06-09 01:56:06
2022-06-09 11:48:34,2022-06-09 11:48:39,Doing_Resistance_Training,annotator,HIGH LEVEL BEHAVIOR,2022-06-09 01:56:06,2022-06-09 01:56:11
2022-06-09 11:48:39,2022-06-09 11:50:17,Doing_Resistance_Training,annotator,HIGH LEVEL BEHAVIOR,2022-06-09 01:56:11,2022-06-09 01:57:49
2022-06-09 11:50:21,2022-06-09 11:50:47,Doing_Resistance_Training,annotator,HIGH LEVEL BEHAVIOR,2022-06-09 01:57:53,2022-06-09 01:58:19
2022-06-09 11:50:47,2022-06-09 11:51:01,Doing_Resistance_Training,annotator,HIGH LEVEL BEHAVIOR,2022-06-09 01:58:19,2022-06-09 01:58:33
2022-06-09 11:51:01,2022-06-09 11:51:43,Doing_Resistance_Training,annotator,HIGH LEVEL BEHAVIOR,2022-06-09 01:58:33,2022-06-09 01:59:15
2022-06-09 11:51:43,2022-06-09 11:51:48,Doing_Resistance_Training,annotator,HIGH LEVEL BEHAVIOR,2022-06-09 01:59:15,2022-06-09 01:59:20
2022-06-09 11:51:48,2022-06-09 11:51:59,Doing_Resistance_Training,annotator,HIGH LEVEL BEHAVIOR,2022-06-09 01:59:20,2022-06-09 01:59:31
2022-06-09 11:51:59,2022-06-09 11:52:26,Doing_Resistance_Training,annotator,HIGH LEVEL BEHAVIOR,2022-06-09 01:59:31,2022-06-09 01:59:58
2022-06-09 11:52:26,2022-06-09 11:52:27,Doing_Resistance_Training,annotator,HIGH LEVEL BEHAVIOR,2022-06-09 01:59:58,2022-06-09 01:59:59
2022-06-09 11:52:27,2022-06-09 11:52:36,Doing_Resistance_Training,annotator,HIGH LEVEL BEHAVIOR,2022-06-09 01:59:59,2022-06-09 02:00:08
2022-06-09 11:52:36,2022-06-09 11:52:49,Doing_Resistance_Training,annotator,HIGH LEVEL BEHAVIOR,2022-06-09 02:00:08,2022-06-09 02:00:21
2022-06-09 11:52:49,2022-06-09 11:54:58,Doing_Resistance_Training,annotator,HIGH LEVEL BEHAVIOR,2022-06-09 02:00:21,2022-06-09 02:02:30
2022-06-09 11:54:58,2022-06-09 11:55:14,Doing_Resistance_Training,annotator,HIGH LEVEL BEHAVIOR,2022-06-09 02:02:30,2022-06-09 02:02:46
2022-06-09 11:55:14,2022-06-09 11:55:32,Doing_Resistance_Training,annotator,HIGH LEVEL BEHAVIOR,2022-06-09 02:02:46,2022-06-09 02:03:04
2022-06-09 11:55:32,2022-06-09 11:55:50,Doing_Resistance_Training,annotator,HIGH LEVEL BEHAVIOR,2022-06-09 02:03:04,2022-06-09 02:03:22
2022-06-09 11:55:50,2022-06-09 11:56:47,Doing_Resistance_Training,annotator,HIGH LEVEL BEHAVIOR,2022-06-09 02:03:22,2022-06-09 02:04:19
2022-06-09 11:56:47,2022-06-09 11:57:42,Doing_Resistance_Training,annotator,HIGH LEVEL BEHAVIOR,2022-06-09 02:04:19,2022-06-09 02:05:14
2022-06-09 11:57:42,2022-06-09 11:58:13,Doing_Resistance_Training,annotator,HIGH LEVEL BEHAVIOR,2022-06-09 02:05:14,2022-06-09 02:05:45
2022-06-09 11:58:13,2022-06-09 11:58:17,Doing_Resistance_Training,annotator,HIGH LEVEL BEHAVIOR,2022-06-09 02:05:45,2022-06-09 02:05:49
2022-06-09 11:58:17,2022-06-09 12:00:29,Doing_Resistance_Training,annotator,HIGH LEVEL BEHAVIOR,2022-06-09 02:05:49,2022-06-09 02:08:01
2022-06-09 12:00:29,2022-06-09 12:00:35,Doing_Resistance_Training,annotator,HIGH LEVEL BEHAVIOR,2022-06-09 02:08:01,2022-06-09 02:08:07
2022-06-09 12:00:35,2022-06-09 12:01:12,Doing_Resistance_Training,annotator,HIGH LEVEL BEHAVIOR,2022-06-09 02:08:07,2022-06-09 02:08:44
2022-06-09 12:01:12,2022-06-09 12:01:16,Doing_Resistance_Training,annotator,HIGH LEVEL BEHAVIOR,2022-06-09 02:08:44,2022-06-09 02:08:48
2022-06-09 12:01:16,2022-06-09 12:02:20,Doing_Resistance_Training,annotator,HIGH LEVEL BEHAVIOR,2022-06-09 02:08:48,2022-06-09 02:09:52
2022-06-09 12:02:20,2022-06-09 12:02:49,Doing_Resistance_Training,annotator,HIGH LEVEL BEHAVIOR,2022-06-09 02:09:52,2022-06-09 02:10:21
2022-06-09 12:02:49,2022-06-09 12:03:15,Doing_Resistance_Training,annotator,HIGH LEVEL BEHAVIOR,2022-06-09 02:10:21,2022-06-09 02:10:47
2022-06-09 12:03:15,2022-06-09 12:04:44,Doing_Resistance_Training,annotator,HIGH LEVEL BEHAVIOR,2022-06-09 02:10:47,2022-06-09 02:12:16
2022-06-09 12:04:44,2022-06-09 12:04:47,Doing_Resistance_Training,annotator,HIGH LEVEL BEHAVIOR,2022-06-09 02:12:16,2022-06-09 02:12:19
2022-06-09 12:04:47,2022-06-09 12:05:06,Doing_Resistance_Training,annotator,HIGH LEVEL BEHAVIOR,2022-06-09 02:12:19,2022-06-09 02:12:38
2022-06-09 12:05:06,2022-06-09 12:05:15,Doing_Resistance_Training,annotator,HIGH LEVEL BEHAVIOR,2022-06-09 02:12:38,2022-06-09 02:12:47
2022-06-09 12:05:15,2022-06-09 12:05:23,Doing_Resistance_Training,annotator,HIGH LEVEL BEHAVIOR,2022-06-09 02:12:47,2022-06-09 02:12:55
2022-06-09 12:05:23,2022-06-09 12:05:44,Doing_Resistance_Training,annotator,HIGH LEVEL BEHAVIOR,2022-06-09 02:12:55,2022-06-09 02:13:16
2022-06-09 12:05:44,2022-06-09 12:05:52,Doing_Resistance_Training,annotator,HIGH LEVEL BEHAVIOR,2022-06-09 02:13:16,2022-06-09 02:13:24
2022-06-09 12:05:52,2022-06-09 12:06:06,,annotator,HIGH LEVEL BEHAVIOR,2022-06-09 02:13:24,2022-06-09 02:13:38
2022-06-09 12:06:06,2022-06-09 12:06:30,,annotator,HIGH LEVEL BEHAVIOR,2022-06-09 02:13:38,2022-06-09 02:14:02
2022-06-09 12:06:30,2022-06-09 12:06:40,,annotator,HIGH LEVEL BEHAVIOR,2022-06-09 02:14:02,2022-06-09 02:14:12
2022-06-09 12:06:40,2022-06-09 12:06:50,,annotator,HIGH LEVEL BEHAVIOR,2022-06-09 02:14:12,2022-06-09 02:14:22
2022-06-09 12:06:50,2022-06-09 12:07:06,,annotator,HIGH LEVEL BEHAVIOR,2022-06-09 02:14:22,2022-06-09 02:14:38
2022-06-09 12:07:06,2022-06-09 12:07:19,,annotator,HIGH LEVEL BEHAVIOR,2022-06-09 02:14:38,2022-06-09 02:14:51
2022-06-09 12:07:19,2022-06-09 12:07:36,Doing_Resistance_Training,annotator,HIGH LEVEL BEHAVIOR,2022-06-09 02:14:51,2022-06-09 02:15:08
2022-06-09 12:07:36,2022-06-09 12:08:15,Doing_Resistance_Training,annotator,HIGH LEVEL BEHAVIOR,2022-06-09 02:15:08,2022-06-09 02:15:47
2022-06-09 12:08:15,2022-06-09 12:09:01,Doing_Resistance_Training,annotator,HIGH LEVEL BEHAVIOR,2022-06-09 02:15:47,2022-06-09 02:16:33
2022-06-09 12:09:01,2022-06-09 12:09:15,Doing_Resistance_Training,annotator,HIGH LEVEL BEHAVIOR,2022-06-09 02:16:33,2022-06-09 02:16:47
2022-06-09 12:09:15,2022-06-09 12:10:06,Doing_Resistance_Training,annotator,HIGH LEVEL BEHAVIOR,2022-06-09 02:16:47,2022-06-09 02:17:38
2022-06-09 12:10:06,2022-06-09 12:10:28,Doing_Resistance_Training,annotator,HIGH LEVEL BEHAVIOR,2022-06-09 02:17:38,2022-06-09 02:18:00
2022-06-09 12:10:28,2022-06-09 12:10:52,Doing_Resistance_Training,annotator,HIGH LEVEL BEHAVIOR,2022-06-09 02:18:00,2022-06-09 02:18:24
2022-06-09 12:10:52,2022-06-09 12:12:32,Doing_Resistance_Training,annotator,HIGH LEVEL BEHAVIOR,2022-06-09 02:18:24,2022-06-09 02:20:04
2022-06-09 12:12:32,2022-06-09 12:13:20,Doing_Resistance_Training,annotator,HIGH LEVEL BEHAVIOR,2022-06-09 02:20:04,2022-06-09 02:20:52
2022-06-09 12:13:20,2022-06-09 12:13:29,Doing_Resistance_Training,annotator,HIGH LEVEL BEHAVIOR,2022-06-09 02:20:52,2022-06-09 02:21:01
2022-06-09 12:13:29,2022-06-09 12:14:26,Doing_Resistance_Training,annotator,HIGH LEVEL BEHAVIOR,2022-06-09 02:21:01,2022-06-09 02:21:58
2022-06-09 12:14:26,2022-06-09 12:14:40,Doing_Resistance_Training,annotator,HIGH LEVEL BEHAVIOR,2022-06-09 02:21:58,2022-06-09 02:22:12
2022-06-09 12:14:40,2022-06-09 12:14:56,Doing_Resistance_Training,annotator,HIGH LEVEL BEHAVIOR,2022-06-09 02:22:12,2022-06-09 02:22:28
2022-06-09 12:14:56,2022-06-09 12:16:00,Doing_Resistance_Training,annotator,HIGH LEVEL BEHAVIOR,2022-06-09 02:22:28,2022-06-09 02:23:32
2022-06-09 12:16:00,2022-06-09 12:16:39,Doing_Resistance_Training,annotator,HIGH LEVEL BEHAVIOR,2022-06-09 02:23:32,2022-06-09 02:24:11
2022-06-09 12:16:39,2022-06-09 12:16:55,Doing_Resistance_Training,annotator,HIGH LEVEL BEHAVIOR,2022-06-09 02:24:11,2022-06-09 02:24:27
2022-06-09 12:16:55,2022-06-09 12:17:06,Doing_Resistance_Training,annotator,HIGH LEVEL BEHAVIOR,2022-06-09 02:24:27,2022-06-09 02:24:38
2022-06-09 12:17:06,2022-06-09 12:17:12,Doing_Resistance_Training,annotator,HIGH LEVEL BEHAVIOR,2022-06-09 02:24:38,2022-06-09 02:24:44
2022-06-09 12:17:12,2022-06-09 12:17:56,Doing_Resistance_Training,annotator,HIGH LEVEL BEHAVIOR,2022-06-09 02:24:44,2022-06-09 02:25:28
2022-06-09 12:18:00,2022-06-09 12:18:12,Doing_Resistance_Training,annotator,HIGH LEVEL BEHAVIOR,2022-06-09 02:25:32,2022-06-09 02:25:44
2022-06-09 12:18:12,2022-06-09 12:18:26,Doing_Resistance_Training,annotator,HIGH LEVEL BEHAVIOR,2022-06-09 02:25:44,2022-06-09 02:25:58
2022-06-09 12:18:26,2022-06-09 12:18:39,Doing_Resistance_Training,annotator,HIGH LEVEL BEHAVIOR,2022-06-09 02:25:58,2022-06-09 02:26:11
2022-06-09 12:18:39,2022-06-09 12:18:42,Doing_Resistance_Training,annotator,HIGH LEVEL BEHAVIOR,2022-06-09 02:26:11,2022-06-09 02:26:14
2022-06-09 12:18:42,2022-06-09 12:18:46,Doing_Resistance_Training,annotator,HIGH LEVEL BEHAVIOR,2022-06-09 02:26:14,2022-06-09 02:26:18
2022-06-09 12:18:46,2022-06-09 12:19:02,Doing_Resistance_Training,annotator,HIGH LEVEL BEHAVIOR,2022-06-09 02:26:18,2022-06-09 02:26:34
2022-06-09 12:19:02,2022-06-09 12:19:15,Doing_Resistance_Training,annotator,HIGH LEVEL BEHAVIOR,2022-06-09 02:26:34,2022-06-09 02:26:47
2022-06-09 12:19:15,2022-06-09 12:19:31,Doing_Resistance_Training,annotator,HIGH LEVEL BEHAVIOR,2022-06-09 02:26:47,2022-06-09 02:27:03
2022-06-09 12:19:31,2022-06-09 12:19:48,Doing_Resistance_Training,annotator,HIGH LEVEL BEHAVIOR,2022-06-09 02:27:03,2022-06-09 02:27:20
2022-06-09 12:19:57,2022-06-09 12:20:36,Doing_Resistance_Training,annotator,HIGH LEVEL BEHAVIOR,2022-06-09 02:27:29,2022-06-09 02:28:08
2022-06-09 12:20:36,2022-06-09 12:20:43,Doing_Resistance_Training,annotator,HIGH LEVEL BEHAVIOR,2022-06-09 02:28:08,2022-06-09 02:28:15
2022-06-09 12:20:43,2022-06-09 12:20:57,Doing_Resistance_Training,annotator,HIGH LEVEL BEHAVIOR,2022-06-09 02:28:15,2022-06-09 02:28:29
2022-06-09 12:20:59,2022-06-09 12:21:09,Doing_Resistance_Training,annotator,HIGH LEVEL BEHAVIOR,2022-06-09 02:28:31,2022-06-09 02:28:41
2022-06-09 12:21:10,2022-06-09 12:21:59,Doing_Resistance_Training,annotator,HIGH LEVEL BEHAVIOR,2022-06-09 02:28:42,2022-06-09 02:29:31
2022-06-09 12:21:59,2022-06-09 12:22:10,Doing_Resistance_Training,annotator,HIGH LEVEL BEHAVIOR,2022-06-09 02:29:31,2022-06-09 02:29:42
2022-06-09 12:22:10,2022-06-09 12:22:42,Doing_Resistance_Training,annotator,HIGH LEVEL BEHAVIOR,2022-06-09 02:29:42,2022-06-09 02:30:14
2022-06-09 12:22:42,2022-06-09 12:24:19,Doing_Resistance_Training,annotator,HIGH LEVEL BEHAVIOR,2022-06-09 02:30:14,2022-06-09 02:31:51
2022-06-09 12:24:19,2022-06-09 12:24:25,Doing_Resistance_Training,annotator,HIGH LEVEL BEHAVIOR,2022-06-09 02:31:51,2022-06-09 02:31:57
2022-06-09 12:24:25,2022-06-09 12:24:55,Doing_Resistance_Training,annotator,HIGH LEVEL BEHAVIOR,2022-06-09 02:31:57,2022-06-09 02:32:27
2022-06-09 12:24:55,2022-06-09 12:25:03,Doing_Resistance_Training,annotator,HIGH LEVEL BEHAVIOR,2022-06-09 02:32:27,2022-06-09 02:32:35
2022-06-09 12:25:04,2022-06-09 12:25:21,Doing_Resistance_Training,annotator,HIGH LEVEL BEHAVIOR,2022-06-09 02:32:36,2022-06-09 02:32:53
2022-06-09 12:25:22,2022-06-09 12:25:34,Doing_Resistance_Training,annotator,HIGH LEVEL BEHAVIOR,2022-06-09 02:32:54,2022-06-09 02:33:06
2022-06-09 12:25:34,2022-06-09 12:25:37,Doing_Resistance_Training,annotator,HIGH LEVEL BEHAVIOR,2022-06-09 02:33:06,2022-06-09 02:33:09
2022-06-09 12:25:37,2022-06-09 12:25:52,Doing_Resistance_Training,annotator,HIGH LEVEL BEHAVIOR,2022-06-09 02:33:09,2022-06-09 02:33:24
2022-06-09 12:25:52,2022-06-09 12:26:29,Doing_Resistance_Training,annotator,HIGH LEVEL BEHAVIOR,2022-06-09 02:33:24,2022-06-09 02:34:01
2022-06-09 12:26:32,2022-06-09 12:26:34,Doing_Resistance_Training,annotator,HIGH LEVEL BEHAVIOR,2022-06-09 02:34:04,2022-06-09 02:34:06
2022-06-09 12:26:34,2022-06-09 12:27:10,Doing_Resistance_Training,annotator,HIGH LEVEL BEHAVIOR,2022-06-09 02:34:06,2022-06-09 02:34:42
2022-06-09 12:27:11,2022-06-09 12:27:17,Doing_Resistance_Training,annotator,HIGH LEVEL BEHAVIOR,2022-06-09 02:34:43,2022-06-09 02:34:49
2022-06-09 12:27:17,2022-06-09 12:30:31,Doing_Resistance_Training,annotator,HIGH LEVEL BEHAVIOR,2022-06-09 02:34:49,2022-06-09 02:38:03
2022-06-09 12:30:31,2022-06-09 12:31:24,Doing_Resistance_Training,annotator,HIGH LEVEL BEHAVIOR,2022-06-09 02:38:03,2022-06-09 02:38:56
2022-06-09 12:31:24,2022-06-09 12:31:31,Doing_Resistance_Training,annotator,HIGH LEVEL BEHAVIOR,2022-06-09 02:38:56,2022-06-09 02:39:03
2022-06-09 12:31:31,2022-06-09 12:32:07,Doing_Resistance_Training,annotator,HIGH LEVEL BEHAVIOR,2022-06-09 02:39:03,2022-06-09 02:39:39
2022-06-09 12:32:07,2022-06-09 12:32:14,Doing_Resistance_Training,annotator,HIGH LEVEL BEHAVIOR,2022-06-09 02:39:39,2022-06-09 02:39:46
2022-06-09 12:32:14,2022-06-09 12:32:46,Doing_Resistance_Training,annotator,HIGH LEVEL BEHAVIOR,2022-06-09 02:39:46,2022-06-09 02:40:18
2022-06-09 12:32:46,2022-06-09 12:33:44,Doing_Resistance_Training,annotator,HIGH LEVEL BEHAVIOR,2022-06-09 02:40:18,2022-06-09 02:41:16
2022-06-09 12:33:45,2022-06-09 12:33:47,Doing_Resistance_Training,annotator,HIGH LEVEL BEHAVIOR,2022-06-09 02:41:17,2022-06-09 02:41:19
2022-06-09 12:33:49,2022-06-09 12:33:53,Doing_Resistance_Training,annotator,HIGH LEVEL BEHAVIOR,2022-06-09 02:41:21,2022-06-09 02:41:25
2022-06-09 12:33:53,2022-06-09 12:34:31,Doing_Resistance_Training,annotator,HIGH LEVEL BEHAVIOR,2022-06-09 02:41:25,2022-06-09 02:42:03
2022-06-09 12:34:31,2022-06-09 12:34:35,Doing_Resistance_Training,annotator,HIGH LEVEL BEHAVIOR,2022-06-09 02:42:03,2022-06-09 02:42:07
2022-06-09 12:34:35,2022-06-09 12:35:12,Doing_Resistance_Training,annotator,HIGH LEVEL BEHAVIOR,2022-06-09 02:42:07,2022-06-09 02:42:44
2022-06-09 12:35:14,2022-06-09 12:35:35,Doing_Resistance_Training,annotator,HIGH LEVEL BEHAVIOR,2022-06-09 02:42:46,2022-06-09 02:43:07
2022-06-09 12:35:37,2022-06-09 12:35:54,Doing_Resistance_Training,annotator,HIGH LEVEL BEHAVIOR,2022-06-09 02:43:09,2022-06-09 02:43:26
2022-06-09 12:35:54,2022-06-09 12:36:07,Doing_Resistance_Training,annotator,HIGH LEVEL BEHAVIOR,2022-06-09 02:43:26,2022-06-09 02:43:39
2022-06-09 12:36:09,2022-06-09 12:36:22,Doing_Resistance_Training,annotator,HIGH LEVEL BEHAVIOR,2022-06-09 02:43:41,2022-06-09 02:43:54
2022-06-09 12:36:22,2022-06-09 12:36:33,Doing_Resistance_Training,annotator,HIGH LEVEL BEHAVIOR,2022-06-09 02:43:54,2022-06-09 02:44:05
2022-06-09 12:36:34,2022-06-09 12:36:40,Doing_Resistance_Training,annotator,HIGH LEVEL BEHAVIOR,2022-06-09 02:44:06,2022-06-09 02:44:12
2022-06-09 12:36:41,2022-06-09 12:38:07,Doing_Resistance_Training,annotator,HIGH LEVEL BEHAVIOR,2022-06-09 02:44:13,2022-06-09 02:45:39
2022-06-09 12:38:08,2022-06-09 12:38:14,Doing_Resistance_Training,annotator,HIGH LEVEL BEHAVIOR,2022-06-09 02:45:40,2022-06-09 02:45:46
2022-06-09 12:38:15,2022-06-09 12:38:52,Doing_Resistance_Training,annotator,HIGH LEVEL BEHAVIOR,2022-06-09 02:45:47,2022-06-09 02:46:24
2022-06-09 12:38:52,2022-06-09 12:38:58,Doing_Resistance_Training,annotator,HIGH LEVEL BEHAVIOR,2022-06-09 02:46:24,2022-06-09 02:46:30
2022-06-09 12:38:58,2022-06-09 12:39:02,Doing_Resistance_Training,annotator,HIGH LEVEL BEHAVIOR,2022-06-09 02:46:30,2022-06-09 02:46:34
2022-06-09 12:39:02,2022-06-09 12:39:09,Doing_Resistance_Training,annotator,HIGH LEVEL BEHAVIOR,2022-06-09 02:46:34,2022-06-09 02:46:41
2022-06-09 12:39:09,2022-06-09 12:39:39,Doing_Resistance_Training,annotator,HIGH LEVEL BEHAVIOR,2022-06-09 02:46:41,2022-06-09 02:47:11
2022-06-09 12:39:39,2022-06-09 12:39:51,Doing_Resistance_Training,annotator,HIGH LEVEL BEHAVIOR,2022-06-09 02:47:11,2022-06-09 02:47:23
2022-06-09 12:39:51,2022-06-09 12:41:09,Doing_Resistance_Training,annotator,HIGH LEVEL BEHAVIOR,2022-06-09 02:47:23,2022-06-09 02:48:41
2022-06-09 12:41:11,2022-06-09 12:41:14,Doing_Resistance_Training,annotator,HIGH LEVEL BEHAVIOR,2022-06-09 02:48:43,2022-06-09 02:48:46
2022-06-09 12:41:14,2022-06-09 12:41:41,Doing_Resistance_Training,annotator,HIGH LEVEL BEHAVIOR,2022-06-09 02:48:46,2022-06-09 02:49:13
2022-06-09 12:41:41,2022-06-09 12:41:47,Doing_Resistance_Training,annotator,HIGH LEVEL BEHAVIOR,2022-06-09 02:49:13,2022-06-09 02:49:19
2022-06-09 12:41:49,2022-06-09 12:42:17,Doing_Resistance_Training,annotator,HIGH LEVEL BEHAVIOR,2022-06-09 02:49:21,2022-06-09 02:49:49
2022-06-09 12:42:17,2022-06-09 12:42:23,Doing_Resistance_Training,annotator,HIGH LEVEL BEHAVIOR,2022-06-09 02:49:49,2022-06-09 02:49:55
2022-06-09 12:42:23,2022-06-09 12:42:45,Doing_Resistance_Training,annotator,HIGH LEVEL BEHAVIOR,2022-06-09 02:49:55,2022-06-09 02:50:17
2022-06-09 12:42:45,2022-06-09 12:43:03,,annotator,HIGH LEVEL BEHAVIOR,2022-06-09 02:50:17,2022-06-09 02:50:35
2022-06-09 12:43:03,2022-06-09 12:43:18,,annotator,HIGH LEVEL BEHAVIOR,2022-06-09 02:50:35,2022-06-09 02:50:50
2022-06-09 12:43:18,2022-06-09 12:43:43,,annotator,HIGH LEVEL BEHAVIOR,2022-06-09 02:50:50,2022-06-09 02:51:15
2022-06-09 12:43:43,2022-06-09 12:43:49,,annotator,HIGH LEVEL BEHAVIOR,2022-06-09 02:51:15,2022-06-09 02:51:21
2022-06-09 12:43:49,2022-06-09 12:47:53,HLB_Indecipherable/Video_Insufficient,annotator,HIGH LEVEL BEHAVIOR,2022-06-09 02:51:21,2022-06-09 02:55:25
2022-06-09 12:47:53,2022-06-09 12:48:09,,annotator,HIGH LEVEL BEHAVIOR,2022-06-09 02:55:25,2022-06-09 02:55:41
2022-06-09 12:48:09,2022-06-09 12:48:23,,annotator,HIGH LEVEL BEHAVIOR,2022-06-09 02:55:41,2022-06-09 02:55:55
2022-06-09 12:48:23,2022-06-09 12:48:31,,annotator,HIGH LEVEL BEHAVIOR,2022-06-09 02:55:55,2022-06-09 02:56:03
2022-06-09 12:48:31,2022-06-09 12:48:44,,annotator,HIGH LEVEL BEHAVIOR,2022-06-09 02:56:03,2022-06-09 02:56:16
2022-06-09 12:48:44,2022-06-09 12:48:51,,annotator,HIGH LEVEL BEHAVIOR,2022-06-09 02:56:16,2022-06-09 02:56:23
2022-06-09 12:48:51,2022-06-09 12:49:33,,annotator,HIGH LEVEL BEHAVIOR,2022-06-09 02:56:23,2022-06-09 02:57:05
2022-06-09 12:49:33,2022-06-09 12:49:50,,annotator,HIGH LEVEL BEHAVIOR,2022-06-09 02:57:05,2022-06-09 02:57:22
2022-06-09 12:49:50,2022-06-09 12:52:16,In_Transit_Active,annotator,HIGH LEVEL BEHAVIOR,2022-06-09 02:57:22,2022-06-09 02:59:48
2022-06-09 12:52:16,2022-06-09 12:52:30,,annotator,HIGH LEVEL BEHAVIOR,2022-06-09 02:59:48,2022-06-09 03:00:02
2022-06-09 12:52:30,2022-06-09 12:53:23,,annotator,HIGH LEVEL BEHAVIOR,2022-06-09 03:00:02,2022-06-09 03:00:55
2022-06-09 12:53:23,2022-06-09 12:53:29,,annotator,HIGH LEVEL BEHAVIOR,2022-06-09 03:00:55,2022-06-09 03:01:01
2022-06-09 12:53:29,2022-06-09 12:54:02,Riding_Elevator_Up,annotator,HIGH LEVEL BEHAVIOR,2022-06-09 03:01:01,2022-06-09 03:01:34
2022-06-09 12:54:02,2022-06-09 12:54:22,,annotator,HIGH LEVEL BEHAVIOR,2022-06-09 03:01:34,2022-06-09 03:01:54
2022-06-09 12:54:22,2022-06-09 12:54:29,,annotator,HIGH LEVEL BEHAVIOR,2022-06-09 03:01:54,2022-06-09 03:02:01
2022-06-09 12:54:29,2022-06-09 12:54:37,,annotator,HIGH LEVEL BEHAVIOR,2022-06-09 03:02:01,2022-06-09 03:02:09
2022-06-09 12:54:37,2022-06-09 12:54:47,,annotator,HIGH LEVEL BEHAVIOR,2022-06-09 03:02:09,2022-06-09 03:02:19
2022-06-09 12:54:47,2022-06-09 12:54:55,,annotator,HIGH LEVEL BEHAVIOR,2022-06-09 03:02:19,2022-06-09 03:02:27
2022-06-09 12:54:55,2022-06-09 12:54:56,,annotator,HIGH LEVEL BEHAVIOR,2022-06-09 03:02:27,2022-06-09 03:02:28
2022-06-09 12:54:56,2022-06-09 12:55:02,,annotator,HIGH LEVEL BEHAVIOR,2022-06-09 03:02:28,2022-06-09 03:02:34
2022-06-09 12:55:02,2022-06-09 12:55:08,,annotator,HIGH LEVEL BEHAVIOR,2022-06-09 03:02:34,2022-06-09 03:02:40
2022-06-09 12:55:09,2022-06-09 12:55:56,Cooking/Prepping_Food,annotator,HIGH LEVEL BEHAVIOR,2022-06-09 03:02:41,2022-06-09 03:03:28
2022-06-09 12:55:56,2022-06-09 12:56:07,Cooking/Prepping_Food,annotator,HIGH LEVEL BEHAVIOR,2022-06-09 03:03:28,2022-06-09 03:03:39
2022-06-09 12:56:07,2022-06-09 12:56:16,Cooking/Prepping_Food,annotator,HIGH LEVEL BEHAVIOR,2022-06-09 03:03:39,2022-06-09 03:03:48
2022-06-09 12:56:16,2022-06-09 12:56:23,Cooking/Prepping_Food,annotator,HIGH LEVEL BEHAVIOR,2022-06-09 03:03:48,2022-06-09 03:03:55
2022-06-09 12:56:23,2022-06-09 12:57:59,Cooking/Prepping_Food,annotator,HIGH LEVEL BEHAVIOR,2022-06-09 03:03:55,2022-06-09 03:05:31
2022-06-09 12:57:59,2022-06-09 12:58:57,Cooking/Prepping_Food, Doing_Dishes,annotator,HIGH LEVEL BEHAVIOR,2022-06-09 03:05:31,2022-06-09 03:06:29
2022-06-09 12:58:57,2022-06-09 12:59:29,Cooking/Prepping_Food, Doing_Dishes,annotator,HIGH LEVEL BEHAVIOR,2022-06-09 03:06:29,2022-06-09 03:07:01
2022-06-09 12:59:29,2022-06-09 12:59:57,Cooking/Prepping_Food,annotator,HIGH LEVEL BEHAVIOR,2022-06-09 03:07:01,2022-06-09 03:07:29
2022-06-09 12:59:57,2022-06-09 13:00:05,,annotator,HIGH LEVEL BEHAVIOR,2022-06-09 03:07:29,2022-06-09 03:07:37
2022-06-09 13:00:05,2022-06-09 13:00:12,,annotator,HIGH LEVEL BEHAVIOR,2022-06-09 03:07:37,2022-06-09 03:07:44
2022-06-09 13:00:12,2022-06-09 13:00:17,,annotator,HIGH LEVEL BEHAVIOR,2022-06-09 03:07:44,2022-06-09 03:07:49
2022-06-09 13:00:17,2022-06-09 13:00:28,,annotator,HIGH LEVEL BEHAVIOR,2022-06-09 03:07:49,2022-06-09 03:08:00
2022-06-09 13:00:28,2022-06-09 13:00:35,,annotator,HIGH LEVEL BEHAVIOR,2022-06-09 03:08:00,2022-06-09 03:08:07
2022-06-09 13:00:35,2022-06-09 13:00:38,,annotator,HIGH LEVEL BEHAVIOR,2022-06-09 03:08:07,2022-06-09 03:08:10
2022-06-09 13:00:38,2022-06-09 13:00:48,Packing/Unpacking_Something,annotator,HIGH LEVEL BEHAVIOR,2022-06-09 03:08:10,2022-06-09 03:08:20
2022-06-09 13:00:48,2022-06-09 13:00:50,,annotator,HIGH LEVEL BEHAVIOR,2022-06-09 03:08:20,2022-06-09 03:08:22
2022-06-09 13:00:50,2022-06-09 13:01:24,Packing/Unpacking_Something,annotator,HIGH LEVEL BEHAVIOR,2022-06-09 03:08:22,2022-06-09 03:08:56
2022-06-09 13:01:24,2022-06-09 13:01:33,,annotator,HIGH LEVEL BEHAVIOR,2022-06-09 03:08:56,2022-06-09 03:09:05
2022-06-09 13:01:33,2022-06-09 13:01:42,,annotator,HIGH LEVEL BEHAVIOR,2022-06-09 03:09:05,2022-06-09 03:09:14
2022-06-09 13:01:42,2022-06-09 13:01:48,Doing_Common_Housework_Light,annotator,HIGH LEVEL BEHAVIOR,2022-06-09 03:09:14,2022-06-09 03:09:20
2022-06-09 13:01:48,2022-06-09 13:02:07,,annotator,HIGH LEVEL BEHAVIOR,2022-06-09 03:09:20,2022-06-09 03:09:39
2022-06-09 13:02:07,2022-06-09 13:02:47,,annotator,HIGH LEVEL BEHAVIOR,2022-06-09 03:09:39,2022-06-09 03:10:19
2022-06-09 13:02:47,2022-06-09 13:02:56,Doing_Dishes,annotator,HIGH LEVEL BEHAVIOR,2022-06-09 03:10:19,2022-06-09 03:10:28
2022-06-09 13:02:56,2022-06-09 13:03:11,,annotator,HIGH LEVEL BEHAVIOR,2022-06-09 03:10:28,2022-06-09 03:10:43
2022-06-09 13:03:11,2022-06-09 13:05:08,,annotator,HIGH LEVEL BEHAVIOR,2022-06-09 03:10:43,2022-06-09 03:12:40
2022-06-09 13:05:08,2022-06-09 13:05:35,,annotator,HIGH LEVEL BEHAVIOR,2022-06-09 03:12:40,2022-06-09 03:13:07
2022-06-09 13:05:35,2022-06-09 13:06:14,,annotator,HIGH LEVEL BEHAVIOR,2022-06-09 03:13:07,2022-06-09 03:13:46
2022-06-09 13:06:14,2022-06-09 13:06:30,,annotator,HIGH LEVEL BEHAVIOR,2022-06-09 03:13:46,2022-06-09 03:14:02
2022-06-09 13:06:30,2022-06-09 13:06:42,,annotator,HIGH LEVEL BEHAVIOR,2022-06-09 03:14:02,2022-06-09 03:14:14
2022-06-09 13:06:42,2022-06-09 13:06:57,,annotator,HIGH LEVEL BEHAVIOR,2022-06-09 03:14:14,2022-06-09 03:14:29
2022-06-09 13:06:57,2022-06-09 13:07:08,,annotator,HIGH LEVEL BEHAVIOR,2022-06-09 03:14:29,2022-06-09 03:14:40
2022-06-09 13:07:08,2022-06-09 13:07:44,Riding_Elevator_Down,annotator,HIGH LEVEL BEHAVIOR,2022-06-09 03:14:40,2022-06-09 03:15:16
2022-06-09 13:07:44,2022-06-09 13:07:53,,annotator,HIGH LEVEL BEHAVIOR,2022-06-09 03:15:16,2022-06-09 03:15:25
2022-06-09 13:07:53,2022-06-09 13:08:03,,annotator,HIGH LEVEL BEHAVIOR,2022-06-09 03:15:25,2022-06-09 03:15:35
2022-06-09 13:08:03,2022-06-09 13:08:21,Riding_Elevator_Up,annotator,HIGH LEVEL BEHAVIOR,2022-06-09 03:15:35,2022-06-09 03:15:53
2022-06-09 13:08:21,2022-06-09 13:08:36,,annotator,HIGH LEVEL BEHAVIOR,2022-06-09 03:15:53,2022-06-09 03:16:08
2022-06-09 13:08:36,2022-06-09 13:09:42,,annotator,HIGH LEVEL BEHAVIOR,2022-06-09 03:16:08,2022-06-09 03:17:14
2022-06-09 13:09:42,2022-06-09 13:10:19,,annotator,HIGH LEVEL BEHAVIOR,2022-06-09 03:17:14,2022-06-09 03:17:51
2022-06-09 13:10:19,2022-06-09 13:10:35,,annotator,HIGH LEVEL BEHAVIOR,2022-06-09 03:17:51,2022-06-09 03:18:07
2022-06-09 13:10:35,2022-06-09 13:10:46,,annotator,HIGH LEVEL BEHAVIOR,2022-06-09 03:18:07,2022-06-09 03:18:18
2022-06-09 13:10:46,2022-06-09 13:12:19,,annotator,HIGH LEVEL BEHAVIOR,2022-06-09 03:18:18,2022-06-09 03:19:51
2022-06-09 13:12:19,2022-06-09 13:12:37,,annotator,HIGH LEVEL BEHAVIOR,2022-06-09 03:19:51,2022-06-09 03:20:09
2022-06-09 13:12:37,2022-06-09 13:14:22,,annotator,HIGH LEVEL BEHAVIOR,2022-06-09 03:20:09,2022-06-09 03:21:54
2022-06-09 13:14:22,2022-06-09 13:14:42,,annotator,HIGH LEVEL BEHAVIOR,2022-06-09 03:21:54,2022-06-09 03:22:14
2022-06-09 13:14:42,2022-06-09 13:17:44,In_Transit_Active,annotator,HIGH LEVEL BEHAVIOR,2022-06-09 03:22:14,2022-06-09 03:25:16
2022-06-09 13:17:44,2022-06-09 13:18:13,,annotator,HIGH LEVEL BEHAVIOR,2022-06-09 03:25:16,2022-06-09 03:25:45
2022-06-09 13:18:13,2022-06-09 13:18:51,Eating/Dining,annotator,HIGH LEVEL BEHAVIOR,2022-06-09 03:25:45,2022-06-09 03:26:23
2022-06-09 13:18:51,2022-06-09 13:22:02,Eating/Dining, Meeting _Social_Gathering_In_Person,annotator,HIGH LEVEL BEHAVIOR,2022-06-09 03:26:23,2022-06-09 03:29:34
2022-06-09 13:22:02,2022-06-09 13:22:39,Eating/Dining, Meeting _Social_Gathering_In_Person,annotator,HIGH LEVEL BEHAVIOR,2022-06-09 03:29:34,2022-06-09 03:30:11
2022-06-09 13:22:39,2022-06-09 13:22:46,Eating/Dining, Meeting _Social_Gathering_In_Person,annotator,HIGH LEVEL BEHAVIOR,2022-06-09 03:30:11,2022-06-09 03:30:18
2022-06-09 13:22:46,2022-06-09 13:41:20,Eating/Dining, Meeting _Social_Gathering_In_Person,annotator,HIGH LEVEL BEHAVIOR,2022-06-09 03:30:18,2022-06-09 03:48:52
2022-06-09 13:41:20,2022-06-09 13:45:11,Meeting _Social_Gathering_In_Person,annotator,HIGH LEVEL BEHAVIOR,2022-06-09 03:48:52,2022-06-09 03:52:43
2022-06-09 13:45:11,2022-06-09 13:45:37,Meeting _Social_Gathering_In_Person,annotator,HIGH LEVEL BEHAVIOR,2022-06-09 03:52:43,2022-06-09 03:53:09
2022-06-09 13:45:37,2022-06-09 13:47:10,,annotator,HIGH LEVEL BEHAVIOR,2022-06-09 03:53:09,2022-06-09 03:54:42
2022-06-09 13:47:10,2022-06-09 13:47:33,,annotator,HIGH LEVEL BEHAVIOR,2022-06-09 03:54:42,2022-06-09 03:55:05
2022-06-09 13:47:33,2022-06-09 13:48:08,Meeting _Social_Gathering_In_Person,annotator,HIGH LEVEL BEHAVIOR,2022-06-09 03:55:05,2022-06-09 03:55:40
2022-06-09 13:48:08,2022-06-09 13:48:34,,annotator,HIGH LEVEL BEHAVIOR,2022-06-09 03:55:40,2022-06-09 03:56:06
2022-06-09 13:48:34,2022-06-09 13:49:26,,annotator,HIGH LEVEL BEHAVIOR,2022-06-09 03:56:06,2022-06-09 03:56:58
2022-06-09 13:49:26,2022-06-09 13:49:44,,annotator,HIGH LEVEL BEHAVIOR,2022-06-09 03:56:58,2022-06-09 03:57:16
2022-06-09 13:49:44,2022-06-09 13:51:07,Packing/Unpacking_Something,annotator,HIGH LEVEL BEHAVIOR,2022-06-09 03:57:16,2022-06-09 03:58:39
2022-06-09 13:51:07,2022-06-09 13:57:28,Meeting _Social_Gathering_In_Person, Eating/Dining,annotator,HIGH LEVEL BEHAVIOR,2022-06-09 03:58:39,2022-06-09 04:05:00
2022-06-09 13:57:28,2022-06-09 14:09:48,Meeting _Social_Gathering_In_Person,annotator,HIGH LEVEL BEHAVIOR,2022-06-09 04:05:00,2022-06-09 04:17:20
2022-06-09 14:09:48,2022-06-09 14:10:53,Meeting _Social_Gathering_In_Person,annotator,HIGH LEVEL BEHAVIOR,2022-06-09 04:17:20,2022-06-09 04:18:25
2022-06-09 14:10:53,2022-06-09 14:30:03,Meeting _Social_Gathering_In_Person,annotator,HIGH LEVEL BEHAVIOR,2022-06-09 04:18:25,2022-06-09 04:37:35
2022-06-09 14:30:03,2022-06-09 14:30:29,Meeting _Social_Gathering_In_Person,annotator,HIGH LEVEL BEHAVIOR,2022-06-09 04:37:35,2022-06-09 04:38:01
2022-06-09 14:30:03,2022-06-09 14:30:03,Meeting _Social_Gathering_In_Person,annotator,HIGH LEVEL BEHAVIOR,2022-06-09 04:37:35,2022-06-09 04:37:35
2022-06-09 14:30:29,2022-06-09 14:31:38,,annotator,HIGH LEVEL BEHAVIOR,2022-06-09 04:38:01,2022-06-09 04:39:10
2022-06-09 14:31:38,2022-06-09 14:31:55,,annotator,HIGH LEVEL BEHAVIOR,2022-06-09 04:39:10,2022-06-09 04:39:27
2022-06-09 14:31:55,2022-06-09 14:32:22,,annotator,HIGH LEVEL BEHAVIOR,2022-06-09 04:39:27,2022-06-09 04:39:54
2022-06-09 14:32:22,2022-06-09 14:33:00,In_Transit_Active,annotator,HIGH LEVEL BEHAVIOR,2022-06-09 04:39:54,2022-06-09 04:40:32
2022-06-09 14:33:00,2022-06-09 14:33:19,In_Transit_Active, Packing/Unpacking_Something,annotator,HIGH LEVEL BEHAVIOR,2022-06-09 04:40:32,2022-06-09 04:40:51
2022-06-09 14:33:19,2022-06-09 14:39:12,In_Transit_Active,annotator,HIGH LEVEL BEHAVIOR,2022-06-09 04:40:51,2022-06-09 04:46:44
2022-06-09 14:39:12,2022-06-09 14:39:29,In_Transit_Active,annotator,HIGH LEVEL BEHAVIOR,2022-06-09 04:46:44,2022-06-09 04:47:01
2022-06-09 14:39:29,2022-06-09 14:41:04,In_Transit_Active,annotator,HIGH LEVEL BEHAVIOR,2022-06-09 04:47:01,2022-06-09 04:48:36
2022-06-09 14:41:04,2022-06-09 14:41:14,In_Transit_Active,annotator,HIGH LEVEL BEHAVIOR,2022-06-09 04:48:36,2022-06-09 04:48:46
2022-06-09 14:41:14,2022-06-09 14:41:28,In_Transit_Active,annotator,HIGH LEVEL BEHAVIOR,2022-06-09 04:48:46,2022-06-09 04:49:00
2022-06-09 14:41:28,2022-06-09 14:42:15,In_Transit_Active,annotator,HIGH LEVEL BEHAVIOR,2022-06-09 04:49:00,2022-06-09 04:49:47
2022-06-09 14:42:15,2022-06-09 14:43:08,In_Transit_Active,annotator,HIGH LEVEL BEHAVIOR,2022-06-09 04:49:47,2022-06-09 04:50:40
2022-06-09 14:43:08,2022-06-09 14:43:24,In_Transit_Active,annotator,HIGH LEVEL BEHAVIOR,2022-06-09 04:50:40,2022-06-09 04:50:56
2022-06-09 14:43:24,2022-06-09 14:43:45,In_Transit_Active,annotator,HIGH LEVEL BEHAVIOR,2022-06-09 04:50:56,2022-06-09 04:51:17
2022-06-09 14:43:45,2022-06-09 14:44:21,In_Transit_Active, Riding_Elevator_Up,annotator,HIGH LEVEL BEHAVIOR,2022-06-09 04:51:17,2022-06-09 04:51:53
2022-06-09 14:44:21,2022-06-09 14:44:49,In_Transit_Active,annotator,HIGH LEVEL BEHAVIOR,2022-06-09 04:51:53,2022-06-09 04:52:21
2022-06-09 14:44:49,2022-06-09 14:45:24,Packing/Unpacking_Something,annotator,HIGH LEVEL BEHAVIOR,2022-06-09 04:52:21,2022-06-09 04:52:56
2022-06-09 14:45:24,2022-06-09 14:45:45,,annotator,HIGH LEVEL BEHAVIOR,2022-06-09 04:52:56,2022-06-09 04:53:17
2022-06-09 14:45:45,2022-06-09 15:05:28,HLB_Indecipherable/Video_Insufficient,annotator,HIGH LEVEL BEHAVIOR,2022-06-09 04:53:17,2022-06-09 05:13:00
2022-06-09 15:05:28,2022-06-09 15:06:56,,annotator,HIGH LEVEL BEHAVIOR,2022-06-09 05:13:00,2022-06-09 05:14:28
2022-06-09 15:06:56,2022-06-09 15:10:39,HLB_Indecipherable/Video_Insufficient,annotator,HIGH LEVEL BEHAVIOR,2022-06-09 05:14:28,2022-06-09 05:18:11
2022-06-09 15:10:39,2022-06-09 15:14:49,Dressing/Undressing,annotator,HIGH LEVEL BEHAVIOR,2022-06-09 05:18:11,2022-06-09 05:22:21
2022-06-09 15:14:49,2022-06-09 15:14:54,,annotator,HIGH LEVEL BEHAVIOR,2022-06-09 05:22:21,2022-06-09 05:22:26
2022-06-09 15:14:54,2022-06-09 15:15:20,In_Bathroom, Grooming/Self_Care,annotator,HIGH LEVEL BEHAVIOR,2022-06-09 05:22:26,2022-06-09 05:22:52
2022-06-09 15:15:20,2022-06-09 15:15:56,,annotator,HIGH LEVEL BEHAVIOR,2022-06-09 05:22:52,2022-06-09 05:23:28
2022-06-09 15:15:56,2022-06-09 15:16:10,In_Transit_Active,annotator,HIGH LEVEL BEHAVIOR,2022-06-09 05:23:28,2022-06-09 05:23:42
2022-06-09 15:16:10,2022-06-09 15:16:38,In_Transit_Active,annotator,HIGH LEVEL BEHAVIOR,2022-06-09 05:23:42,2022-06-09 05:24:10
2022-06-09 15:16:38,2022-06-09 15:17:10,In_Transit_Active, Riding_Elevator_Down,annotator,HIGH LEVEL BEHAVIOR,2022-06-09 05:24:10,2022-06-09 05:24:42
2022-06-09 15:17:10,2022-06-09 15:17:23,In_Transit_Active,annotator,HIGH LEVEL BEHAVIOR,2022-06-09 05:24:42,2022-06-09 05:24:55
2022-06-09 15:17:23,2022-06-09 15:17:55,In_Transit_Active,annotator,HIGH LEVEL BEHAVIOR,2022-06-09 05:24:55,2022-06-09 05:25:27
2022-06-09 15:17:55,2022-06-09 15:19:36,In_Transit_Active,annotator,HIGH LEVEL BEHAVIOR,2022-06-09 05:25:27,2022-06-09 05:27:08
2022-06-09 15:19:36,2022-06-09 15:20:30,In_Transit_Active,annotator,HIGH LEVEL BEHAVIOR,2022-06-09 05:27:08,2022-06-09 05:28:02
2022-06-09 15:20:30,2022-06-09 15:20:55,In_Transit_Active,annotator,HIGH LEVEL BEHAVIOR,2022-06-09 05:28:02,2022-06-09 05:28:27
2022-06-09 15:20:55,2022-06-09 15:23:05,In_Transit_Active,annotator,HIGH LEVEL BEHAVIOR,2022-06-09 05:28:27,2022-06-09 05:30:37
2022-06-09 15:23:05,2022-06-09 15:23:22,In_Transit_Active,annotator,HIGH LEVEL BEHAVIOR,2022-06-09 05:30:37,2022-06-09 05:30:54
2022-06-09 15:23:22,2022-06-09 15:23:36,In_Transit_Active,annotator,HIGH LEVEL BEHAVIOR,2022-06-09 05:30:54,2022-06-09 05:31:08
2022-06-09 15:23:36,2022-06-09 15:24:20,In_Transit_Active,annotator,HIGH LEVEL BEHAVIOR,2022-06-09 05:31:08,2022-06-09 05:31:52
2022-06-09 15:24:20,2022-06-09 15:29:39,Watching_Lecture,annotator,HIGH LEVEL BEHAVIOR,2022-06-09 05:31:52,2022-06-09 05:37:11
2022-06-09 15:29:39,2022-06-09 15:30:41,Watching_Lecture,annotator,HIGH LEVEL BEHAVIOR,2022-06-09 05:37:11,2022-06-09 05:38:13
2022-06-09 15:30:41,2022-06-09 15:32:04,Watching_Lecture,annotator,HIGH LEVEL BEHAVIOR,2022-06-09 05:38:13,2022-06-09 05:39:36
2022-06-09 15:32:04,2022-06-09 15:34:14,Watching_Lecture,annotator,HIGH LEVEL BEHAVIOR,2022-06-09 05:39:36,2022-06-09 05:41:46
2022-06-09 15:34:14,2022-06-09 15:35:12,Watching_Lecture,annotator,HIGH LEVEL BEHAVIOR,2022-06-09 05:41:46,2022-06-09 05:42:44
2022-06-09 15:35:12,2022-06-09 15:36:49,Watching_Lecture,annotator,HIGH LEVEL BEHAVIOR,2022-06-09 05:42:44,2022-06-09 05:44:21
2022-06-09 15:36:49,2022-06-09 15:41:30,Watching_Lecture,annotator,HIGH LEVEL BEHAVIOR,2022-06-09 05:44:21,2022-06-09 05:49:02
2022-06-09 15:41:30,2022-06-09 15:42:54,Watching_Lecture,annotator,HIGH LEVEL BEHAVIOR,2022-06-09 05:49:02,2022-06-09 05:50:26
2022-06-09 15:42:54,2022-06-09 15:44:01,Watching_Lecture,annotator,HIGH LEVEL BEHAVIOR,2022-06-09 05:50:26,2022-06-09 05:51:33
2022-06-09 15:44:01,2022-06-09 15:44:49,Watching_Lecture,annotator,HIGH LEVEL BEHAVIOR,2022-06-09 05:51:33,2022-06-09 05:52:21
2022-06-09 15:44:49,2022-06-09 15:48:57,Watching_Lecture,annotator,HIGH LEVEL BEHAVIOR,2022-06-09 05:52:21,2022-06-09 05:56:29
2022-06-09 15:48:58,2022-06-09 15:49:45,Watching_Lecture,annotator,HIGH LEVEL BEHAVIOR,2022-06-09 05:56:30,2022-06-09 05:57:17
2022-06-09 15:49:45,2022-06-09 15:55:38,Watching_Lecture,annotator,HIGH LEVEL BEHAVIOR,2022-06-09 05:57:17,2022-06-09 06:03:10
2022-06-09 15:55:38,2022-06-09 15:59:36,Watching_Lecture,annotator,HIGH LEVEL BEHAVIOR,2022-06-09 06:03:10,2022-06-09 06:07:08
2022-06-09 15:59:36,2022-06-09 16:05:33,Watching_Lecture,annotator,HIGH LEVEL BEHAVIOR,2022-06-09 06:07:08,2022-06-09 06:13:05
2022-06-09 16:05:33,2022-06-09 16:12:48,Watching_Lecture,annotator,HIGH LEVEL BEHAVIOR,2022-06-09 06:13:05,2022-06-09 06:20:20
2022-06-09 16:12:48,2022-06-09 16:14:56,,annotator,HIGH LEVEL BEHAVIOR,2022-06-09 06:20:20,2022-06-09 06:22:28
2022-06-09 16:14:56,2022-06-09 16:17:28,Watching_Lecture,annotator,HIGH LEVEL BEHAVIOR,2022-06-09 06:22:28,2022-06-09 06:25:00
2022-06-09 16:17:28,2022-06-09 16:24:15,Watching_Lecture,annotator,HIGH LEVEL BEHAVIOR,2022-06-09 06:25:00,2022-06-09 06:31:47
2022-06-09 16:24:15,2022-06-09 16:39:49,Watching_Lecture,annotator,HIGH LEVEL BEHAVIOR,2022-06-09 06:31:47,2022-06-09 06:47:21
2022-06-09 16:39:49,2022-06-09 16:41:30,Watching_Lecture,annotator,HIGH LEVEL BEHAVIOR,2022-06-09 06:47:21,2022-06-09 06:49:02
2022-06-09 16:41:30,2022-06-09 16:42:18,Packing/Unpacking_Something,annotator,HIGH LEVEL BEHAVIOR,2022-06-09 06:49:02,2022-06-09 06:49:50
2022-06-09 16:42:18,2022-06-09 16:42:44,,annotator,HIGH LEVEL BEHAVIOR,2022-06-09 06:49:50,2022-06-09 06:50:16
2022-06-09 16:42:44,2022-06-09 16:43:17,,annotator,HIGH LEVEL BEHAVIOR,2022-06-09 06:50:16,2022-06-09 06:50:49
2022-06-09 16:43:17,2022-06-09 16:43:32,,annotator,HIGH LEVEL BEHAVIOR,2022-06-09 06:50:49,2022-06-09 06:51:04
2022-06-09 16:43:32,2022-06-09 16:44:08,In_Transit_Active,annotator,HIGH LEVEL BEHAVIOR,2022-06-09 06:51:04,2022-06-09 06:51:40
2022-06-09 16:44:08,2022-06-09 16:44:15,In_Transit_Active,annotator,HIGH LEVEL BEHAVIOR,2022-06-09 06:51:40,2022-06-09 06:51:47
2022-06-09 16:44:15,2022-06-09 16:44:34,In_Transit_Active,annotator,HIGH LEVEL BEHAVIOR,2022-06-09 06:51:47,2022-06-09 06:52:06
2022-06-09 16:44:34,2022-06-09 16:48:43,In_Transit_Active,annotator,HIGH LEVEL BEHAVIOR,2022-06-09 06:52:06,2022-06-09 06:56:15
2022-06-09 16:48:43,2022-06-09 16:49:05,In_Transit_Active,annotator,HIGH LEVEL BEHAVIOR,2022-06-09 06:56:15,2022-06-09 06:56:37
2022-06-09 16:49:05,2022-06-09 16:50:44,In_Transit_Active,annotator,HIGH LEVEL BEHAVIOR,2022-06-09 06:56:37,2022-06-09 06:58:16
2022-06-09 16:50:44,2022-06-09 16:50:54,In_Transit_Active,annotator,HIGH LEVEL BEHAVIOR,2022-06-09 06:58:16,2022-06-09 06:58:26
2022-06-09 16:50:54,2022-06-09 16:51:07,In_Transit_Active,annotator,HIGH LEVEL BEHAVIOR,2022-06-09 06:58:26,2022-06-09 06:58:39
2022-06-09 16:51:07,2022-06-09 16:51:54,In_Transit_Active,annotator,HIGH LEVEL BEHAVIOR,2022-06-09 06:58:39,2022-06-09 06:59:26
2022-06-09 16:51:54,2022-06-09 16:52:57,In_Transit_Active,annotator,HIGH LEVEL BEHAVIOR,2022-06-09 06:59:26,2022-06-09 07:00:29
2022-06-09 16:52:57,2022-06-09 16:53:21,In_Transit_Active,annotator,HIGH LEVEL BEHAVIOR,2022-06-09 07:00:29,2022-06-09 07:00:53
2022-06-09 16:53:21,2022-06-09 16:53:59,In_Transit_Active, Riding_Elevator_Up,annotator,HIGH LEVEL BEHAVIOR,2022-06-09 07:00:53,2022-06-09 07:01:31
2022-06-09 16:53:59,2022-06-09 16:54:24,,annotator,HIGH LEVEL BEHAVIOR,2022-06-09 07:01:31,2022-06-09 07:01:56
2022-06-09 16:54:24,2022-06-09 16:55:54,,annotator,HIGH LEVEL BEHAVIOR,2022-06-09 07:01:56,2022-06-09 07:03:26
2022-06-09 16:55:54,2022-06-09 16:59:19,Eating/Dining,annotator,HIGH LEVEL BEHAVIOR,2022-06-09 07:03:26,2022-06-09 07:06:51
2022-06-09 16:59:19,2022-06-09 17:09:56,Relaxing_Passive,annotator,HIGH LEVEL BEHAVIOR,2022-06-09 07:06:51,2022-06-09 07:17:28
2022-06-09 17:09:56,2022-06-09 17:13:10,HLB_Indecipherable/Video_Insufficient,annotator,HIGH LEVEL BEHAVIOR,2022-06-09 07:17:28,2022-06-09 07:20:42
2022-06-09 17:13:10,2022-06-09 17:32:27,Relaxing_Passive,annotator,HIGH LEVEL BEHAVIOR,2022-06-09 07:20:42,2022-06-09 07:39:59
2022-06-09 17:32:27,2022-06-09 17:34:25,Relaxing_Passive,annotator,HIGH LEVEL BEHAVIOR,2022-06-09 07:39:59,2022-06-09 07:41:57
2022-06-09 17:34:25,2022-06-09 17:34:34,,annotator,HIGH LEVEL BEHAVIOR,2022-06-09 07:41:57,2022-06-09 07:42:06
2022-06-09 17:34:34,2022-06-09 17:35:40,Cooking/Prepping_Food,annotator,HIGH LEVEL BEHAVIOR,2022-06-09 07:42:06,2022-06-09 07:43:12
2022-06-09 17:35:40,2022-06-09 17:35:45,,annotator,HIGH LEVEL BEHAVIOR,2022-06-09 07:43:12,2022-06-09 07:43:17
2022-06-09 17:35:45,2022-06-09 17:36:08,Grooming/Self_Care, In_Bathroom,annotator,HIGH LEVEL BEHAVIOR,2022-06-09 07:43:17,2022-06-09 07:43:40
2022-06-09 17:36:08,2022-06-09 17:36:14,,annotator,HIGH LEVEL BEHAVIOR,2022-06-09 07:43:40,2022-06-09 07:43:46
2022-06-09 17:36:14,2022-06-09 17:38:54,Cooking/Prepping_Food,annotator,HIGH LEVEL BEHAVIOR,2022-06-09 07:43:46,2022-06-09 07:46:26
2022-06-09 17:38:54,2022-06-09 17:39:22,Cooking/Prepping_Food,annotator,HIGH LEVEL BEHAVIOR,2022-06-09 07:46:26,2022-06-09 07:46:54
2022-06-09 17:39:22,2022-06-09 17:41:14,Cooking/Prepping_Food,annotator,HIGH LEVEL BEHAVIOR,2022-06-09 07:46:54,2022-06-09 07:48:46
2022-06-09 17:41:14,2022-06-09 17:41:31,Cooking/Prepping_Food, Eating/Dining,annotator,HIGH LEVEL BEHAVIOR,2022-06-09 07:48:46,2022-06-09 07:49:03
2022-06-09 17:41:31,2022-06-09 17:49:32,Cooking/Prepping_Food,annotator,HIGH LEVEL BEHAVIOR,2022-06-09 07:49:03,2022-06-09 07:57:04
2022-06-09 17:49:32,2022-06-09 17:49:40,,annotator,HIGH LEVEL BEHAVIOR,2022-06-09 07:57:04,2022-06-09 07:57:12
2022-06-09 17:49:40,2022-06-09 17:51:14,Relaxing_Passive,annotator,HIGH LEVEL BEHAVIOR,2022-06-09 07:57:12,2022-06-09 07:58:46
2022-06-09 17:51:14,2022-06-09 17:51:49,Relaxing_Passive,annotator,HIGH LEVEL BEHAVIOR,2022-06-09 07:58:46,2022-06-09 07:59:21
2022-06-09 17:51:49,2022-06-09 17:54:44,Relaxing_Passive,annotator,HIGH LEVEL BEHAVIOR,2022-06-09 07:59:21,2022-06-09 08:02:16
2022-06-09 17:54:44,2022-06-09 18:01:49,Relaxing_Passive, WatchingTV/Movies, Eating/Dining,annotator,HIGH LEVEL BEHAVIOR,2022-06-09 08:02:16,2022-06-09 08:09:21
2022-06-09 18:01:49,2022-06-09 18:02:50,Relaxing_Passive, WatchingTV/Movies,annotator,HIGH LEVEL BEHAVIOR,2022-06-09 08:09:21,2022-06-09 08:10:22
2022-06-09 18:02:50,2022-06-09 18:04:37,Relaxing_Passive, WatchingTV/Movies, Eating/Dining,annotator,HIGH LEVEL BEHAVIOR,2022-06-09 08:10:22,2022-06-09 08:12:09
2022-06-09 18:04:37,2022-06-09 18:05:19,Relaxing_Passive, WatchingTV/Movies, Eating/Dining,annotator,HIGH LEVEL BEHAVIOR,2022-06-09 08:12:09,2022-06-09 08:12:51
2022-06-09 18:05:19,2022-06-09 18:05:42,Relaxing_Passive, WatchingTV/Movies, Eating/Dining,annotator,HIGH LEVEL BEHAVIOR,2022-06-09 08:12:51,2022-06-09 08:13:14
2022-06-09 18:05:42,2022-06-09 18:09:13,Relaxing_Passive, WatchingTV/Movies,annotator,HIGH LEVEL BEHAVIOR,2022-06-09 08:13:14,2022-06-09 08:16:45
2022-06-09 18:09:13,2022-06-09 18:09:58,Relaxing_Passive, WatchingTV/Movies, Eating/Dining,annotator,HIGH LEVEL BEHAVIOR,2022-06-09 08:16:45,2022-06-09 08:17:30
2022-06-09 18:09:58,2022-06-09 18:11:21,Relaxing_Passive, WatchingTV/Movies,annotator,HIGH LEVEL BEHAVIOR,2022-06-09 08:17:30,2022-06-09 08:18:53
2022-06-09 18:11:21,2022-06-09 18:12:45,Relaxing_Passive, WatchingTV/Movies,annotator,HIGH LEVEL BEHAVIOR,2022-06-09 08:18:53,2022-06-09 08:20:17
2022-06-09 18:12:45,2022-06-09 18:14:26,Relaxing_Passive, WatchingTV/Movies,annotator,HIGH LEVEL BEHAVIOR,2022-06-09 08:20:17,2022-06-09 08:21:58
2022-06-09 18:14:26,2022-06-09 18:14:40,Relaxing_Passive, WatchingTV/Movies, Eating/Dining,annotator,HIGH LEVEL BEHAVIOR,2022-06-09 08:21:58,2022-06-09 08:22:12
2022-06-09 18:14:40,2022-06-09 18:19:17,Relaxing_Passive, WatchingTV/Movies,annotator,HIGH LEVEL BEHAVIOR,2022-06-09 08:22:12,2022-06-09 08:26:49
2022-06-09 18:19:17,2022-06-09 18:23:31,Relaxing_Passive, WatchingTV/Movies,annotator,HIGH LEVEL BEHAVIOR,2022-06-09 08:26:49,2022-06-09 08:31:03
2022-06-09 18:23:31,2022-06-09 18:24:25,Relaxing_Passive, WatchingTV/Movies,annotator,HIGH LEVEL BEHAVIOR,2022-06-09 08:31:03,2022-06-09 08:31:57
2022-06-09 18:24:25,2022-06-09 18:24:43,Relaxing_Passive, WatchingTV/Movies,annotator,HIGH LEVEL BEHAVIOR,2022-06-09 08:31:57,2022-06-09 08:32:15
2022-06-09 18:24:43,2022-06-09 18:37:04,Relaxing_Passive, WatchingTV/Movies,annotator,HIGH LEVEL BEHAVIOR,2022-06-09 08:32:15,2022-06-09 08:44:36
2022-06-09 18:37:04,2022-06-09 18:41:25,HLB_Indecipherable/Video_Insufficient,annotator,HIGH LEVEL BEHAVIOR,2022-06-09 08:44:36,2022-06-09 08:48:57
2022-06-09 18:41:25,2022-06-09 18:43:05,,annotator,HIGH LEVEL BEHAVIOR,2022-06-09 08:48:57,2022-06-09 08:50:37
2022-06-09 18:43:05,2022-06-09 18:43:20,Relaxing_Passive,annotator,HIGH LEVEL BEHAVIOR,2022-06-09 08:50:37,2022-06-09 08:50:52
2022-06-09 18:43:20,2022-06-09 18:44:18,Relaxing_Passive,annotator,HIGH LEVEL BEHAVIOR,2022-06-09 08:50:52,2022-06-09 08:51:50
2022-06-09 18:44:18,2022-06-09 18:44:22,Relaxing_Passive,annotator,HIGH LEVEL BEHAVIOR,2022-06-09 08:51:50,2022-06-09 08:51:54
2022-06-09 18:44:22,2022-06-09 19:09:15,Relaxing_Passive,annotator,HIGH LEVEL BEHAVIOR,2022-06-09 08:51:54,2022-06-09 09:16:47
2022-06-09 19:09:15,2022-06-09 19:15:03,Relaxing_Passive,annotator,HIGH LEVEL BEHAVIOR,2022-06-09 09:16:47,2022-06-09 09:22:35
2022-06-09 19:15:03,2022-06-09 19:15:32,Relaxing_Passive,annotator,HIGH LEVEL BEHAVIOR,2022-06-09 09:22:35,2022-06-09 09:23:04
2022-06-09 19:15:32,2022-06-09 19:27:49,Relaxing_Passive,annotator,HIGH LEVEL BEHAVIOR,2022-06-09 09:23:04,2022-06-09 09:35:21
2022-06-09 19:27:49,2022-06-09 19:27:58,,annotator,HIGH LEVEL BEHAVIOR,2022-06-09 09:35:21,2022-06-09 09:35:30
2022-06-09 19:27:58,2022-06-09 19:29:07,HLB_Indecipherable/Video_Insufficient,annotator,HIGH LEVEL BEHAVIOR,2022-06-09 09:35:30,2022-06-09 09:36:39
2022-06-09 19:29:07,2022-06-09 19:29:30,,annotator,HIGH LEVEL BEHAVIOR,2022-06-09 09:36:39,2022-06-09 09:37:02
2022-06-09 19:29:30,2022-06-09 19:30:03,,annotator,HIGH LEVEL BEHAVIOR,2022-06-09 09:37:02,2022-06-09 09:37:35
2022-06-09 19:30:03,2022-06-09 19:30:08,,annotator,HIGH LEVEL BEHAVIOR,2022-06-09 09:37:35,2022-06-09 09:37:40
2022-06-09 19:30:08,2022-06-09 19:30:59,Doing_Dishes,annotator,HIGH LEVEL BEHAVIOR,2022-06-09 09:37:40,2022-06-09 09:38:31
2022-06-09 19:30:59,2022-06-09 19:31:36,,annotator,HIGH LEVEL BEHAVIOR,2022-06-09 09:38:31,2022-06-09 09:39:08
2022-06-09 19:31:36,2022-06-09 19:35:09,In_Bathroom,annotator,HIGH LEVEL BEHAVIOR,2022-06-09 09:39:08,2022-06-09 09:42:41
2022-06-09 19:35:09,2022-06-09 19:35:20,,annotator,HIGH LEVEL BEHAVIOR,2022-06-09 09:42:41,2022-06-09 09:42:52
2022-06-09 19:35:20,2022-06-09 19:36:11,Doing_Common_Housework, Doing_Laundry,annotator,HIGH LEVEL BEHAVIOR,2022-06-09 09:42:52,2022-06-09 09:43:43
2022-06-09 19:36:11,2022-06-09 19:40:11,Doing_Common_Housework, Doing_Laundry,annotator,HIGH LEVEL BEHAVIOR,2022-06-09 09:43:43,2022-06-09 09:47:43
2022-06-09 19:40:11,2022-06-09 19:41:17,Doing_Common_Housework,annotator,HIGH LEVEL BEHAVIOR,2022-06-09 09:47:43,2022-06-09 09:48:49
2022-06-09 19:41:17,2022-06-09 19:41:23,Doing_Common_Housework,annotator,HIGH LEVEL BEHAVIOR,2022-06-09 09:48:49,2022-06-09 09:48:55
2022-06-09 19:41:23,2022-06-09 19:43:26,Doing_Common_Housework,annotator,HIGH LEVEL BEHAVIOR,2022-06-09 09:48:55,2022-06-09 09:50:58
2022-06-09 19:43:26,2022-06-09 19:44:14,Doing_Laundry,annotator,HIGH LEVEL BEHAVIOR,2022-06-09 09:50:58,2022-06-09 09:51:46
2022-06-09 19:44:14,2022-06-09 19:45:06,,annotator,HIGH LEVEL BEHAVIOR,2022-06-09 09:51:46,2022-06-09 09:52:38
2022-06-09 19:45:06,2022-06-09 19:46:03,,annotator,HIGH LEVEL BEHAVIOR,2022-06-09 09:52:38,2022-06-09 09:53:35
2022-06-09 19:46:03,2022-06-09 19:47:24,,annotator,HIGH LEVEL BEHAVIOR,2022-06-09 09:53:35,2022-06-09 09:54:56
2022-06-09 19:47:24,2022-06-09 19:48:22,,annotator,HIGH LEVEL BEHAVIOR,2022-06-09 09:54:56,2022-06-09 09:55:54
2022-06-09 19:48:22,2022-06-09 19:49:53,Grooming/Self_Care,annotator,HIGH LEVEL BEHAVIOR,2022-06-09 09:55:54,2022-06-09 09:57:25
2022-06-09 19:49:53,2022-06-09 19:49:57,,annotator,HIGH LEVEL BEHAVIOR,2022-06-09 09:57:25,2022-06-09 09:57:29
2022-06-09 19:49:57,2022-06-09 19:50:39,Dressing/Undressing,annotator,HIGH LEVEL BEHAVIOR,2022-06-09 09:57:29,2022-06-09 09:58:11
2022-06-09 19:50:39,2022-06-09 19:51:22,In_Transit_Active,annotator,HIGH LEVEL BEHAVIOR,2022-06-09 09:58:11,2022-06-09 09:58:54
2022-06-09 19:51:22,2022-06-09 19:51:46,In_Transit_Active,annotator,HIGH LEVEL BEHAVIOR,2022-06-09 09:58:54,2022-06-09 09:59:18
2022-06-09 19:51:46,2022-06-09 19:51:50,In_Transit_Active,annotator,HIGH LEVEL BEHAVIOR,2022-06-09 09:59:18,2022-06-09 09:59:22
2022-06-09 19:51:50,2022-06-09 19:52:19,In_Transit_Active, Riding_Elevator_Down,annotator,HIGH LEVEL BEHAVIOR,2022-06-09 09:59:22,2022-06-09 09:59:51
2022-06-09 19:52:19,2022-06-09 19:52:31,In_Transit_Active,annotator,HIGH LEVEL BEHAVIOR,2022-06-09 09:59:51,2022-06-09 10:00:03
2022-06-09 19:52:31,2022-06-09 19:55:37,In_Transit_Active,annotator,HIGH LEVEL BEHAVIOR,2022-06-09 10:00:03,2022-06-09 10:03:09
2022-06-09 19:55:37,2022-06-09 19:56:00,In_Transit_Active,annotator,HIGH LEVEL BEHAVIOR,2022-06-09 10:03:09,2022-06-09 10:03:32
2022-06-09 19:56:01,2022-06-09 19:58:19,In_Transit_Active,annotator,HIGH LEVEL BEHAVIOR,2022-06-09 10:03:33,2022-06-09 10:05:51
2022-06-09 19:58:20,2022-06-09 19:58:42,In_Transit_Active,annotator,HIGH LEVEL BEHAVIOR,2022-06-09 10:05:52,2022-06-09 10:06:14
2022-06-09 19:58:42,2022-06-09 19:59:01,In_Transit_Active, Riding_Elevator_Up,annotator,HIGH LEVEL BEHAVIOR,2022-06-09 10:06:14,2022-06-09 10:06:33
2022-06-09 19:59:01,2022-06-09 19:59:28,In_Transit_Active,annotator,HIGH LEVEL BEHAVIOR,2022-06-09 10:06:33,2022-06-09 10:07:00
2022-06-09 19:59:28,2022-06-09 19:59:46,In_Transit_Active, Meeting_Formal_Gathering_In_Person,annotator,HIGH LEVEL BEHAVIOR,2022-06-09 10:07:00,2022-06-09 10:07:18
2022-06-09 19:59:46,2022-06-09 20:03:03,Meeting_Formal_Gathering_In_Person,annotator,HIGH LEVEL BEHAVIOR,2022-06-09 10:07:18,2022-06-09 10:10:35
2022-06-09 20:03:03,2022-06-09 20:07:49,Meeting_Formal_Gathering_In_Person,annotator,HIGH LEVEL BEHAVIOR,2022-06-09 10:10:35,2022-06-09 10:15:21
2022-06-09 20:07:49,2022-06-09 20:08:42,Meeting_Formal_Gathering_In_Person,annotator,HIGH LEVEL BEHAVIOR,2022-06-09 10:15:21,2022-06-09 10:16:14
2022-06-09 20:08:42,2022-06-09 20:18:20,Meeting_Formal_Gathering_In_Person,annotator,HIGH LEVEL BEHAVIOR,2022-06-09 10:16:14,2022-06-09 10:25:52
2022-06-09 20:18:20,2022-06-09 20:39:27,Meeting_Formal_Gathering_In_Person,annotator,HIGH LEVEL BEHAVIOR,2022-06-09 10:25:52,2022-06-09 10:46:59
2022-06-09 20:39:27,2022-06-09 20:41:36,Meeting_Formal_Gathering_In_Person,annotator,HIGH LEVEL BEHAVIOR,2022-06-09 10:46:59,2022-06-09 10:49:08
2022-06-09 20:41:36,2022-06-09 20:42:25,Meeting_Formal_Gathering_In_Person,annotator,HIGH LEVEL BEHAVIOR,2022-06-09 10:49:08,2022-06-09 10:49:57
2022-06-09 20:42:25,2022-06-09 20:43:06,In_Transit_Active,annotator,HIGH LEVEL BEHAVIOR,2022-06-09 10:49:57,2022-06-09 10:50:38
2022-06-09 20:43:06,2022-06-09 20:43:27,In_Transit_Active, Riding_Elevator_Down,annotator,HIGH LEVEL BEHAVIOR,2022-06-09 10:50:38,2022-06-09 10:50:59
2022-06-09 20:43:27,2022-06-09 20:43:47,In_Transit_Active,annotator,HIGH LEVEL BEHAVIOR,2022-06-09 10:50:59,2022-06-09 10:51:19
2022-06-09 20:43:47,2022-06-09 20:47:51,In_Transit_Active,annotator,HIGH LEVEL BEHAVIOR,2022-06-09 10:51:19,2022-06-09 10:55:23
2022-06-09 20:47:51,2022-06-09 20:50:38,In_Transit_Active,annotator,HIGH LEVEL BEHAVIOR,2022-06-09 10:55:23,2022-06-09 10:58:10
2022-06-09 20:50:38,2022-06-09 20:50:59,In_Transit_Active,annotator,HIGH LEVEL BEHAVIOR,2022-06-09 10:58:10,2022-06-09 10:58:31
2022-06-09 20:50:59,2022-06-09 20:51:06,In_Transit_Active,annotator,HIGH LEVEL BEHAVIOR,2022-06-09 10:58:31,2022-06-09 10:58:38
2022-06-09 20:51:06,2022-06-09 20:51:12,In_Transit_Active,annotator,HIGH LEVEL BEHAVIOR,2022-06-09 10:58:38,2022-06-09 10:58:44
2022-06-09 20:51:12,2022-06-09 20:51:44,In_Transit_Active, Riding_Elevator_Up,annotator,HIGH LEVEL BEHAVIOR,2022-06-09 10:58:44,2022-06-09 10:59:16
2022-06-09 20:51:44,2022-06-09 20:52:09,In_Transit_Active,annotator,HIGH LEVEL BEHAVIOR,2022-06-09 10:59:16,2022-06-09 10:59:41
2022-06-09 20:52:09,2022-06-09 20:52:56,,annotator,HIGH LEVEL BEHAVIOR,2022-06-09 10:59:41,2022-06-09 11:00:28
2022-06-09 20:52:56,2022-06-09 20:54:09,,annotator,HIGH LEVEL BEHAVIOR,2022-06-09 11:00:28,2022-06-09 11:01:41
2022-06-09 20:54:09,2022-06-09 20:57:24,Doing_Dishes,annotator,HIGH LEVEL BEHAVIOR,2022-06-09 11:01:41,2022-06-09 11:04:56
2022-06-09 20:57:24,2022-06-09 20:58:26,HLB_Indecipherable/Video_Insufficient,annotator,HIGH LEVEL BEHAVIOR,2022-06-09 11:04:56,2022-06-09 11:05:58
2022-06-09 20:58:26,2022-06-09 20:59:13,,annotator,HIGH LEVEL BEHAVIOR,2022-06-09 11:05:58,2022-06-09 11:06:45
2022-06-09 20:59:13,2022-06-09 20:59:46,,annotator,HIGH LEVEL BEHAVIOR,2022-06-09 11:06:45,2022-06-09 11:07:18
2022-06-09 20:59:46,2022-06-09 21:22:20,Sleeping,annotator,HIGH LEVEL BEHAVIOR,2022-06-09 11:07:18,2022-06-09 11:29:52
2022-06-09 21:22:20,2022-06-09 21:23:29,,annotator,HIGH LEVEL BEHAVIOR,2022-06-09 11:29:52,2022-06-09 11:31:01
2022-06-09 21:23:29,2022-06-09 21:29:53,,annotator,HIGH LEVEL BEHAVIOR,2022-06-09 11:31:01,2022-06-09 11:37:25
2022-06-09 21:29:53,2022-06-09 21:30:09,Eating/Dining,annotator,HIGH LEVEL BEHAVIOR,2022-06-09 11:37:25,2022-06-09 11:37:41
2022-06-09 21:30:09,2022-06-09 22:25:02,Sleeping,annotator,HIGH LEVEL BEHAVIOR,2022-06-09 11:37:41,2022-06-09 12:32:34
2022-06-09 22:25:02,2022-06-09 22:25:26,,annotator,HIGH LEVEL BEHAVIOR,2022-06-09 12:32:34,2022-06-09 12:32:58
2022-06-09 22:25:26,2022-06-09 22:28:58,HLB_Indecipherable/Video_Insufficient,annotator,HIGH LEVEL BEHAVIOR,2022-06-09 12:32:58,2022-06-09 12:36:30
2022-06-09 22:28:58,2022-06-09 22:29:19,,annotator,HIGH LEVEL BEHAVIOR,2022-06-09 12:36:30,2022-06-09 12:36:51
2022-06-09 22:29:19,2022-06-09 22:41:24,Relaxing_Passive,annotator,HIGH LEVEL BEHAVIOR,2022-06-09 12:36:51,2022-06-09 12:48:56
2022-06-09 22:41:24,2022-06-09 23:01:01,Relaxing_Passive,annotator,HIGH LEVEL BEHAVIOR,2022-06-09 12:48:56,2022-06-09 13:08:33
2022-06-09 23:01:01,2022-06-09 23:04:30,Relaxing_Passive,annotator,HIGH LEVEL BEHAVIOR,2022-06-09 13:08:33,2022-06-09 13:12:02
2022-06-09 23:04:30,2022-06-09 23:15:05,Relaxing_Passive,annotator,HIGH LEVEL BEHAVIOR,2022-06-09 13:12:02,2022-06-09 13:22:37
2022-06-09 23:15:05,2022-06-09 23:16:25,Relaxing_Passive,annotator,HIGH LEVEL BEHAVIOR,2022-06-09 13:22:37,2022-06-09 13:23:57
2022-06-09 23:16:25,2022-06-09 23:28:09,Relaxing_Passive,annotator,HIGH LEVEL BEHAVIOR,2022-06-09 13:23:57,2022-06-09 13:35:41
2022-06-09 23:28:09,2022-06-09 23:41:35,Relaxing_Passive,annotator,HIGH LEVEL BEHAVIOR,2022-06-09 13:35:41,2022-06-09 13:49:07
2022-06-09 23:41:35,2022-06-09 23:42:17,,annotator,HIGH LEVEL BEHAVIOR,2022-06-09 13:49:07,2022-06-09 13:49:49
2022-06-09 23:42:17,2022-06-09 23:42:49,,annotator,HIGH LEVEL BEHAVIOR,2022-06-09 13:49:49,2022-06-09 13:50:21
