START_TIME,STOP_TIME,PREDICTION,SOURCE,LABELSET,VIDEO_START_TIME,VIDEO_END_TIME
2022-05-16 07:19:58,2022-05-16 07:20:26,HLB_Unlabeled,annotator,HIGH LEVEL BEHAVIOR,2022-05-16 00:00:00,2022-05-16 00:00:28
2022-05-16 07:20:26,2022-05-16 07:21:13,HLB_Unlabeled,annotator,HIGH LEVEL BEHAVIOR,2022-05-16 00:00:28,2022-05-16 00:01:15
2022-05-16 07:21:13,2022-05-16 07:22:01,Doing_Common_Housework_Light,annotator,HIGH LEVEL BEHAVIOR,2022-05-16 00:01:15,2022-05-16 00:02:03
2022-05-16 07:22:01,2022-05-16 07:23:49,Doing_Dishes,annotator,HIGH LEVEL BEHAVIOR,2022-05-16 00:02:03,2022-05-16 00:03:51
2022-05-16 07:23:49,2022-05-16 07:24:25,Cooking/Prepping_Food,annotator,HIGH LEVEL BEHAVIOR,2022-05-16 00:03:51,2022-05-16 00:04:27
2022-05-16 07:24:25,2022-05-16 07:25:09,Doing_Dishes,annotator,HIGH LEVEL BEHAVIOR,2022-05-16 00:04:27,2022-05-16 00:05:11
2022-05-16 07:25:09,2022-05-16 07:32:28,Doing_Common_Housework_Light,annotator,HIGH LEVEL BEHAVIOR,2022-05-16 00:05:11,2022-05-16 00:12:30
2022-05-16 07:32:28,2022-05-16 07:32:50,In_Transit_Active,annotator,HIGH LEVEL BEHAVIOR,2022-05-16 00:12:30,2022-05-16 00:12:52
2022-05-16 07:32:50,2022-05-16 07:33:06,In_Transit_Active,annotator,HIGH LEVEL BEHAVIOR,2022-05-16 00:12:52,2022-05-16 00:13:08
2022-05-16 07:33:06,2022-05-16 07:33:10,In_Transit_Active,annotator,HIGH LEVEL BEHAVIOR,2022-05-16 00:13:08,2022-05-16 00:13:12
2022-05-16 07:33:10,2022-05-16 07:33:35,In_Transit_Active,annotator,HIGH LEVEL BEHAVIOR,2022-05-16 00:13:12,2022-05-16 00:13:37
2022-05-16 07:33:35,2022-05-16 07:34:00,HLB_Unlabeled,annotator,HIGH LEVEL BEHAVIOR,2022-05-16 00:13:37,2022-05-16 00:14:02
2022-05-16 07:34:00,2022-05-16 07:35:40,In_Transit_Driving_Car,annotator,HIGH LEVEL BEHAVIOR,2022-05-16 00:14:02,2022-05-16 00:15:42
2022-05-16 07:35:40,2022-05-16 07:36:51,In_Transit_Active,annotator,HIGH LEVEL BEHAVIOR,2022-05-16 00:15:42,2022-05-16 00:16:53
2022-05-16 07:36:51,2022-05-16 07:55:31,In_Transit_Driving_Car,annotator,HIGH LEVEL BEHAVIOR,2022-05-16 00:16:53,2022-05-16 00:35:33
2022-05-16 07:55:31,2022-05-16 07:56:14,In_Transit_Active,annotator,HIGH LEVEL BEHAVIOR,2022-05-16 00:35:33,2022-05-16 00:36:16
2022-05-16 07:56:14,2022-05-16 07:56:41,In_Transit_Active, Riding_Escalator_Down,annotator,HIGH LEVEL BEHAVIOR,2022-05-16 00:36:16,2022-05-16 00:36:43
2022-05-16 07:56:41,2022-05-16 07:58:42,In_Transit_Active,annotator,HIGH LEVEL BEHAVIOR,2022-05-16 00:36:43,2022-05-16 00:38:44
2022-05-16 07:58:42,2022-05-16 07:58:54,In_Transit_Active,annotator,HIGH LEVEL BEHAVIOR,2022-05-16 00:38:44,2022-05-16 00:38:56
2022-05-16 07:58:54,2022-05-16 08:03:28,In_Transit_Active,annotator,HIGH LEVEL BEHAVIOR,2022-05-16 00:38:56,2022-05-16 00:43:30
2022-05-16 08:03:28,2022-05-16 08:04:00,In_Transit_Active,annotator,HIGH LEVEL BEHAVIOR,2022-05-16 00:43:30,2022-05-16 00:44:02
2022-05-16 08:04:00,2022-05-16 08:04:30,HLB_Unlabeled,annotator,HIGH LEVEL BEHAVIOR,2022-05-16 00:44:02,2022-05-16 00:44:32
2022-05-16 08:04:31,2022-05-16 08:04:58,In_Transit_Active,annotator,HIGH LEVEL BEHAVIOR,2022-05-16 00:44:33,2022-05-16 00:45:00
2022-05-16 08:04:58,2022-05-16 08:05:42,In_Transit_Active, Riding_Elevator_Up,annotator,HIGH LEVEL BEHAVIOR,2022-05-16 00:45:00,2022-05-16 00:45:44
2022-05-16 08:05:42,2022-05-16 08:06:30,In_Transit_Active,annotator,HIGH LEVEL BEHAVIOR,2022-05-16 00:45:44,2022-05-16 00:46:32
2022-05-16 08:06:30,2022-05-16 08:06:43,Packing/Unpacking_Something,annotator,HIGH LEVEL BEHAVIOR,2022-05-16 00:46:32,2022-05-16 00:46:45
2022-05-16 08:06:43,2022-05-16 08:06:48,Using_Computer/Screen,annotator,HIGH LEVEL BEHAVIOR,2022-05-16 00:46:45,2022-05-16 00:46:50
2022-05-16 08:06:48,2022-05-16 08:07:05,Using_Computer/Screen,annotator,HIGH LEVEL BEHAVIOR,2022-05-16 00:46:50,2022-05-16 00:47:07
2022-05-16 08:07:05,2022-05-16 08:07:12,Using_Computer/Screen,annotator,HIGH LEVEL BEHAVIOR,2022-05-16 00:47:07,2022-05-16 00:47:14
2022-05-16 08:07:12,2022-05-16 08:08:18,Using_Computer/Screen,annotator,HIGH LEVEL BEHAVIOR,2022-05-16 00:47:14,2022-05-16 00:48:20
2022-05-16 08:08:18,2022-05-16 08:08:24,Packing/Unpacking_Something,annotator,HIGH LEVEL BEHAVIOR,2022-05-16 00:48:20,2022-05-16 00:48:26
2022-05-16 08:08:24,2022-05-16 08:08:48,HLB_Unlabeled,annotator,HIGH LEVEL BEHAVIOR,2022-05-16 00:48:26,2022-05-16 00:48:50
2022-05-16 08:08:48,2022-05-16 09:20:21,HLB_Indecipherable/Video_Insufficient,annotator,HIGH LEVEL BEHAVIOR,2022-05-16 00:48:50,2022-05-16 02:00:23
2022-05-16 09:20:21,2022-05-16 10:58:50,HLB_Indecipherable/Video_Insufficient,annotator,HIGH LEVEL BEHAVIOR,2022-05-16 02:00:23,2022-05-16 03:38:52
2022-05-16 10:58:50,2022-05-16 11:04:29,Using_Computer/Screen,annotator,HIGH LEVEL BEHAVIOR,2022-05-16 03:38:52,2022-05-16 03:44:31
2022-05-16 11:04:29,2022-05-16 11:10:45,Using_Computer/Screen,annotator,HIGH LEVEL BEHAVIOR,2022-05-16 03:44:31,2022-05-16 03:50:47
2022-05-16 11:10:45,2022-05-16 11:11:04,Using_Computer/Screen,annotator,HIGH LEVEL BEHAVIOR,2022-05-16 03:50:47,2022-05-16 03:51:06
2022-05-16 11:11:04,2022-05-16 11:11:50,Using_Computer/Screen,annotator,HIGH LEVEL BEHAVIOR,2022-05-16 03:51:06,2022-05-16 03:51:52
2022-05-16 11:11:50,2022-05-16 11:12:18,In_Transit_Active,annotator,HIGH LEVEL BEHAVIOR,2022-05-16 03:51:52,2022-05-16 03:52:20
2022-05-16 11:12:18,2022-05-16 11:12:43,In_Transit_Active,annotator,HIGH LEVEL BEHAVIOR,2022-05-16 03:52:20,2022-05-16 03:52:45
2022-05-16 11:12:43,2022-05-16 11:12:54,In_Transit_Active,annotator,HIGH LEVEL BEHAVIOR,2022-05-16 03:52:45,2022-05-16 03:52:56
2022-05-16 11:12:54,2022-05-16 11:13:06,HLB_Unlabeled,annotator,HIGH LEVEL BEHAVIOR,2022-05-16 03:52:56,2022-05-16 03:53:08
2022-05-16 11:13:06,2022-05-16 11:15:51,HLB_Unlabeled,annotator,HIGH LEVEL BEHAVIOR,2022-05-16 03:53:08,2022-05-16 03:55:53
2022-05-16 11:15:51,2022-05-16 11:16:29,HLB_Unlabeled,annotator,HIGH LEVEL BEHAVIOR,2022-05-16 03:55:53,2022-05-16 03:56:31
2022-05-16 11:16:29,2022-05-16 11:16:36,HLB_Unlabeled,annotator,HIGH LEVEL BEHAVIOR,2022-05-16 03:56:31,2022-05-16 03:56:38
2022-05-16 11:16:36,2022-05-16 11:17:19,HLB_Unlabeled,annotator,HIGH LEVEL BEHAVIOR,2022-05-16 03:56:38,2022-05-16 03:57:21
2022-05-16 11:17:19,2022-05-16 11:18:01,HLB_Unlabeled,annotator,HIGH LEVEL BEHAVIOR,2022-05-16 03:57:21,2022-05-16 03:58:03
2022-05-16 11:18:01,2022-05-16 11:18:19,HLB_Unlabeled,annotator,HIGH LEVEL BEHAVIOR,2022-05-16 03:58:03,2022-05-16 03:58:21
2022-05-16 11:18:19,2022-05-16 11:18:35,HLB_Unlabeled,annotator,HIGH LEVEL BEHAVIOR,2022-05-16 03:58:21,2022-05-16 03:58:37
2022-05-16 11:18:35,2022-05-16 11:18:52,HLB_Unlabeled,annotator,HIGH LEVEL BEHAVIOR,2022-05-16 03:58:37,2022-05-16 03:58:54
2022-05-16 11:18:52,2022-05-16 11:19:11,HLB_Unlabeled,annotator,HIGH LEVEL BEHAVIOR,2022-05-16 03:58:54,2022-05-16 03:59:13
2022-05-16 11:19:11,2022-05-16 11:19:22,HLB_Unlabeled,annotator,HIGH LEVEL BEHAVIOR,2022-05-16 03:59:13,2022-05-16 03:59:24
2022-05-16 11:19:22,2022-05-16 11:19:33,HLB_Unlabeled,annotator,HIGH LEVEL BEHAVIOR,2022-05-16 03:59:24,2022-05-16 03:59:35
2022-05-16 11:19:33,2022-05-16 11:20:13,HLB_Unlabeled,annotator,HIGH LEVEL BEHAVIOR,2022-05-16 03:59:35,2022-05-16 04:00:15
2022-05-16 11:20:15,2022-05-16 11:20:36,Working_Other,annotator,HIGH LEVEL BEHAVIOR,2022-05-16 04:00:17,2022-05-16 04:00:38
2022-05-16 11:20:36,2022-05-16 11:21:03,Working_Other,annotator,HIGH LEVEL BEHAVIOR,2022-05-16 04:00:38,2022-05-16 04:01:05
2022-05-16 11:21:03,2022-05-16 11:21:15,Working_Other,annotator,HIGH LEVEL BEHAVIOR,2022-05-16 04:01:05,2022-05-16 04:01:17
2022-05-16 11:21:15,2022-05-16 11:22:00,Working_Other,annotator,HIGH LEVEL BEHAVIOR,2022-05-16 04:01:17,2022-05-16 04:02:02
2022-05-16 11:22:00,2022-05-16 11:22:16,Working_Other,annotator,HIGH LEVEL BEHAVIOR,2022-05-16 04:02:02,2022-05-16 04:02:18
2022-05-16 11:22:16,2022-05-16 11:22:35,Working_Other,annotator,HIGH LEVEL BEHAVIOR,2022-05-16 04:02:18,2022-05-16 04:02:37
2022-05-16 11:22:35,2022-05-16 11:22:52,Working_Other,annotator,HIGH LEVEL BEHAVIOR,2022-05-16 04:02:37,2022-05-16 04:02:54
2022-05-16 11:22:52,2022-05-16 11:23:12,Working_Other,annotator,HIGH LEVEL BEHAVIOR,2022-05-16 04:02:54,2022-05-16 04:03:14
2022-05-16 11:23:12,2022-05-16 11:23:28,Working_Other,annotator,HIGH LEVEL BEHAVIOR,2022-05-16 04:03:14,2022-05-16 04:03:30
2022-05-16 11:23:28,2022-05-16 11:23:46,Working_Other,annotator,HIGH LEVEL BEHAVIOR,2022-05-16 04:03:30,2022-05-16 04:03:48
2022-05-16 11:23:46,2022-05-16 11:24:10,Working_Other,annotator,HIGH LEVEL BEHAVIOR,2022-05-16 04:03:48,2022-05-16 04:04:12
2022-05-16 11:24:10,2022-05-16 11:24:43,Working_Other,annotator,HIGH LEVEL BEHAVIOR,2022-05-16 04:04:12,2022-05-16 04:04:45
2022-05-16 11:24:43,2022-05-16 11:25:04,Working_Other,annotator,HIGH LEVEL BEHAVIOR,2022-05-16 04:04:45,2022-05-16 04:05:06
2022-05-16 11:25:04,2022-05-16 11:26:05,Working_Other,annotator,HIGH LEVEL BEHAVIOR,2022-05-16 04:05:06,2022-05-16 04:06:07
2022-05-16 11:26:05,2022-05-16 11:26:42,Working_Other,annotator,HIGH LEVEL BEHAVIOR,2022-05-16 04:06:07,2022-05-16 04:06:44
2022-05-16 11:26:42,2022-05-16 11:27:24,Working_Other,annotator,HIGH LEVEL BEHAVIOR,2022-05-16 04:06:44,2022-05-16 04:07:26
2022-05-16 11:27:24,2022-05-16 11:27:38,Working_Other,annotator,HIGH LEVEL BEHAVIOR,2022-05-16 04:07:26,2022-05-16 04:07:40
2022-05-16 11:27:38,2022-05-16 11:29:46,Working_Other,annotator,HIGH LEVEL BEHAVIOR,2022-05-16 04:07:40,2022-05-16 04:09:48
2022-05-16 11:29:46,2022-05-16 11:30:18,Working_Other,annotator,HIGH LEVEL BEHAVIOR,2022-05-16 04:09:48,2022-05-16 04:10:20
2022-05-16 11:30:18,2022-05-16 11:30:41,Working_Other,annotator,HIGH LEVEL BEHAVIOR,2022-05-16 04:10:20,2022-05-16 04:10:43
2022-05-16 11:30:41,2022-05-16 11:31:28,Working_Other,annotator,HIGH LEVEL BEHAVIOR,2022-05-16 04:10:43,2022-05-16 04:11:30
2022-05-16 11:31:28,2022-05-16 11:31:48,In_Transit_Active, Working_Other,annotator,HIGH LEVEL BEHAVIOR,2022-05-16 04:11:30,2022-05-16 04:11:50
2022-05-16 11:31:48,2022-05-16 11:32:06,In_Transit_Active, Working_Other,annotator,HIGH LEVEL BEHAVIOR,2022-05-16 04:11:50,2022-05-16 04:12:08
2022-05-16 11:32:06,2022-05-16 11:32:13,In_Transit_Active, Working_Other,annotator,HIGH LEVEL BEHAVIOR,2022-05-16 04:12:08,2022-05-16 04:12:15
2022-05-16 11:32:13,2022-05-16 11:32:30,In_Transit_Active, Working_Other, Riding_Elevator_Up,annotator,HIGH LEVEL BEHAVIOR,2022-05-16 04:12:15,2022-05-16 04:12:32
2022-05-16 11:32:30,2022-05-16 11:33:44,In_Transit_Active, Working_Other,annotator,HIGH LEVEL BEHAVIOR,2022-05-16 04:12:32,2022-05-16 04:13:46
2022-05-16 11:33:44,2022-05-16 11:35:01,Working_Other, Using_Computer/Screen,annotator,HIGH LEVEL BEHAVIOR,2022-05-16 04:13:46,2022-05-16 04:15:03
2022-05-16 11:35:01,2022-05-16 11:35:10,Working_Other,annotator,HIGH LEVEL BEHAVIOR,2022-05-16 04:15:03,2022-05-16 04:15:12
2022-05-16 11:35:10,2022-05-16 11:35:24,Working_Other,annotator,HIGH LEVEL BEHAVIOR,2022-05-16 04:15:12,2022-05-16 04:15:26
2022-05-16 11:35:24,2022-05-16 11:35:31,Working_Other,annotator,HIGH LEVEL BEHAVIOR,2022-05-16 04:15:26,2022-05-16 04:15:33
2022-05-16 11:35:31,2022-05-16 11:35:53,Working_Other,annotator,HIGH LEVEL BEHAVIOR,2022-05-16 04:15:33,2022-05-16 04:15:55
2022-05-16 11:35:53,2022-05-16 11:36:28,Working_Other, Using_Computer/Screen,annotator,HIGH LEVEL BEHAVIOR,2022-05-16 04:15:55,2022-05-16 04:16:30
2022-05-16 11:36:28,2022-05-16 11:36:33,Working_Other,annotator,HIGH LEVEL BEHAVIOR,2022-05-16 04:16:30,2022-05-16 04:16:35
2022-05-16 11:36:33,2022-05-16 11:37:07,Working_Other,annotator,HIGH LEVEL BEHAVIOR,2022-05-16 04:16:35,2022-05-16 04:17:09
2022-05-16 11:37:07,2022-05-16 11:37:09,Working_Other,annotator,HIGH LEVEL BEHAVIOR,2022-05-16 04:17:09,2022-05-16 04:17:11
2022-05-16 11:37:09,2022-05-16 11:37:17,Working_Other,annotator,HIGH LEVEL BEHAVIOR,2022-05-16 04:17:11,2022-05-16 04:17:19
2022-05-16 11:37:17,2022-05-16 11:37:29,Working_Other,annotator,HIGH LEVEL BEHAVIOR,2022-05-16 04:17:19,2022-05-16 04:17:31
2022-05-16 11:37:29,2022-05-16 11:38:50,Working_Other,annotator,HIGH LEVEL BEHAVIOR,2022-05-16 04:17:31,2022-05-16 04:18:52
2022-05-16 11:38:50,2022-05-16 11:39:23,Working_Other,annotator,HIGH LEVEL BEHAVIOR,2022-05-16 04:18:52,2022-05-16 04:19:25
2022-05-16 11:39:23,2022-05-16 11:40:36,Working_Other,annotator,HIGH LEVEL BEHAVIOR,2022-05-16 04:19:25,2022-05-16 04:20:38
2022-05-16 11:40:36,2022-05-16 11:46:40,Working_Other,annotator,HIGH LEVEL BEHAVIOR,2022-05-16 04:20:38,2022-05-16 04:26:42
2022-05-16 11:46:40,2022-05-16 11:53:31,Working_Other,annotator,HIGH LEVEL BEHAVIOR,2022-05-16 04:26:42,2022-05-16 04:33:33
2022-05-16 11:53:31,2022-05-16 11:53:55,Working_Other,annotator,HIGH LEVEL BEHAVIOR,2022-05-16 04:33:33,2022-05-16 04:33:57
2022-05-16 11:53:55,2022-05-16 11:54:06,Working_Other,annotator,HIGH LEVEL BEHAVIOR,2022-05-16 04:33:57,2022-05-16 04:34:08
2022-05-16 11:54:06,2022-05-16 11:54:18,Working_Other,annotator,HIGH LEVEL BEHAVIOR,2022-05-16 04:34:08,2022-05-16 04:34:20
2022-05-16 11:54:18,2022-05-16 11:54:43,Working_Other,annotator,HIGH LEVEL BEHAVIOR,2022-05-16 04:34:20,2022-05-16 04:34:45
2022-05-16 11:54:43,2022-05-16 11:54:51,Working_Other,annotator,HIGH LEVEL BEHAVIOR,2022-05-16 04:34:45,2022-05-16 04:34:53
2022-05-16 11:54:51,2022-05-16 11:55:11,Working_Other,annotator,HIGH LEVEL BEHAVIOR,2022-05-16 04:34:53,2022-05-16 04:35:13
2022-05-16 11:55:11,2022-05-16 11:58:28,Working_Other,annotator,HIGH LEVEL BEHAVIOR,2022-05-16 04:35:13,2022-05-16 04:38:30
2022-05-16 11:58:28,2022-05-16 12:01:02,Working_Other,annotator,HIGH LEVEL BEHAVIOR,2022-05-16 04:38:30,2022-05-16 04:41:04
2022-05-16 12:01:02,2022-05-16 12:04:14,Working_Other,annotator,HIGH LEVEL BEHAVIOR,2022-05-16 04:41:04,2022-05-16 04:44:16
2022-05-16 12:04:14,2022-05-16 12:04:23,Working_Other,annotator,HIGH LEVEL BEHAVIOR,2022-05-16 04:44:16,2022-05-16 04:44:25
2022-05-16 12:04:23,2022-05-16 12:04:32,Working_Other,annotator,HIGH LEVEL BEHAVIOR,2022-05-16 04:44:25,2022-05-16 04:44:34
2022-05-16 12:04:32,2022-05-16 12:04:40,Working_Other,annotator,HIGH LEVEL BEHAVIOR,2022-05-16 04:44:34,2022-05-16 04:44:42
2022-05-16 12:04:40,2022-05-16 12:16:19,Working_Other,annotator,HIGH LEVEL BEHAVIOR,2022-05-16 04:44:42,2022-05-16 04:56:21
2022-05-16 12:16:19,2022-05-16 12:16:29,Working_Other,annotator,HIGH LEVEL BEHAVIOR,2022-05-16 04:56:21,2022-05-16 04:56:31
2022-05-16 12:16:29,2022-05-16 12:16:41,Working_Other,annotator,HIGH LEVEL BEHAVIOR,2022-05-16 04:56:31,2022-05-16 04:56:43
2022-05-16 12:16:41,2022-05-16 12:16:54,Working_Other,annotator,HIGH LEVEL BEHAVIOR,2022-05-16 04:56:43,2022-05-16 04:56:56
2022-05-16 12:16:54,2022-05-16 12:19:17,Working_Other,annotator,HIGH LEVEL BEHAVIOR,2022-05-16 04:56:56,2022-05-16 04:59:19
2022-05-16 12:19:17,2022-05-16 12:19:23,Working_Other,annotator,HIGH LEVEL BEHAVIOR,2022-05-16 04:59:19,2022-05-16 04:59:25
2022-05-16 12:19:23,2022-05-16 12:19:42,Working_Other,annotator,HIGH LEVEL BEHAVIOR,2022-05-16 04:59:25,2022-05-16 04:59:44
2022-05-16 12:19:42,2022-05-16 12:19:46,Working_Other,annotator,HIGH LEVEL BEHAVIOR,2022-05-16 04:59:44,2022-05-16 04:59:48
2022-05-16 12:19:46,2022-05-16 12:31:06,Working_Other,annotator,HIGH LEVEL BEHAVIOR,2022-05-16 04:59:48,2022-05-16 05:11:08
2022-05-16 12:31:06,2022-05-16 12:31:30,Working_Other,annotator,HIGH LEVEL BEHAVIOR,2022-05-16 05:11:08,2022-05-16 05:11:32
2022-05-16 12:31:30,2022-05-16 12:31:42,Working_Other, Using_Computer/Screen,annotator,HIGH LEVEL BEHAVIOR,2022-05-16 05:11:32,2022-05-16 05:11:44
2022-05-16 12:31:42,2022-05-16 12:33:51,Working_Other, Using_Computer/Screen,annotator,HIGH LEVEL BEHAVIOR,2022-05-16 05:11:44,2022-05-16 05:13:53
2022-05-16 12:33:51,2022-05-16 12:34:02,Working_Other, Using_Computer/Screen,annotator,HIGH LEVEL BEHAVIOR,2022-05-16 05:13:53,2022-05-16 05:14:04
2022-05-16 12:34:02,2022-05-16 12:38:31,Working_Other, Using_Computer/Screen,annotator,HIGH LEVEL BEHAVIOR,2022-05-16 05:14:04,2022-05-16 05:18:33
2022-05-16 12:38:31,2022-05-16 12:39:23,Working_Other, Using_Computer/Screen,annotator,HIGH LEVEL BEHAVIOR,2022-05-16 05:18:33,2022-05-16 05:19:25
2022-05-16 12:39:23,2022-05-16 12:39:29,Working_Other,annotator,HIGH LEVEL BEHAVIOR,2022-05-16 05:19:25,2022-05-16 05:19:31
2022-05-16 12:39:29,2022-05-16 12:40:03,Working_Other,annotator,HIGH LEVEL BEHAVIOR,2022-05-16 05:19:31,2022-05-16 05:20:05
2022-05-16 12:40:03,2022-05-16 12:40:39,Working_Other,annotator,HIGH LEVEL BEHAVIOR,2022-05-16 05:20:05,2022-05-16 05:20:41
2022-05-16 12:40:39,2022-05-16 12:40:43,Working_Other,annotator,HIGH LEVEL BEHAVIOR,2022-05-16 05:20:41,2022-05-16 05:20:45
2022-05-16 12:40:43,2022-05-16 12:41:04,Working_Other,annotator,HIGH LEVEL BEHAVIOR,2022-05-16 05:20:45,2022-05-16 05:21:06
2022-05-16 12:41:04,2022-05-16 12:41:14,Working_Other,annotator,HIGH LEVEL BEHAVIOR,2022-05-16 05:21:06,2022-05-16 05:21:16
2022-05-16 12:41:14,2022-05-16 12:41:28,Working_Other,annotator,HIGH LEVEL BEHAVIOR,2022-05-16 05:21:16,2022-05-16 05:21:30
2022-05-16 12:41:28,2022-05-16 12:41:33,Working_Other,annotator,HIGH LEVEL BEHAVIOR,2022-05-16 05:21:30,2022-05-16 05:21:35
2022-05-16 12:41:33,2022-05-16 12:46:16,Working_Other,annotator,HIGH LEVEL BEHAVIOR,2022-05-16 05:21:35,2022-05-16 05:26:18
2022-05-16 12:46:16,2022-05-16 12:46:43,Working_Other,annotator,HIGH LEVEL BEHAVIOR,2022-05-16 05:26:18,2022-05-16 05:26:45
2022-05-16 12:46:43,2022-05-16 12:46:52,Working_Other,annotator,HIGH LEVEL BEHAVIOR,2022-05-16 05:26:45,2022-05-16 05:26:54
2022-05-16 12:46:52,2022-05-16 12:47:07,Working_Other,annotator,HIGH LEVEL BEHAVIOR,2022-05-16 05:26:54,2022-05-16 05:27:09
2022-05-16 12:47:07,2022-05-16 13:02:21,Working_Other,annotator,HIGH LEVEL BEHAVIOR,2022-05-16 05:27:09,2022-05-16 05:42:23
2022-05-16 13:02:21,2022-05-16 13:02:41,Working_Other,annotator,HIGH LEVEL BEHAVIOR,2022-05-16 05:42:23,2022-05-16 05:42:43
2022-05-16 13:02:41,2022-05-16 13:03:11,Working_Other,annotator,HIGH LEVEL BEHAVIOR,2022-05-16 05:42:43,2022-05-16 05:43:13
2022-05-16 13:03:11,2022-05-16 13:03:33,Working_Other, Using_Computer/Screen,annotator,HIGH LEVEL BEHAVIOR,2022-05-16 05:43:13,2022-05-16 05:43:35
2022-05-16 13:03:33,2022-05-16 13:11:06,Working_Other, Using_Computer/Screen,annotator,HIGH LEVEL BEHAVIOR,2022-05-16 05:43:35,2022-05-16 05:51:08
2022-05-16 13:11:06,2022-05-16 13:11:09,Working_Other,annotator,HIGH LEVEL BEHAVIOR,2022-05-16 05:51:08,2022-05-16 05:51:11
2022-05-16 13:11:09,2022-05-16 13:20:40,Working_Other,annotator,HIGH LEVEL BEHAVIOR,2022-05-16 05:51:11,2022-05-16 06:00:42
2022-05-16 13:20:40,2022-05-16 13:20:49,Working_Other,annotator,HIGH LEVEL BEHAVIOR,2022-05-16 06:00:42,2022-05-16 06:00:51
2022-05-16 13:20:49,2022-05-16 13:21:02,Working_Other,annotator,HIGH LEVEL BEHAVIOR,2022-05-16 06:00:51,2022-05-16 06:01:04
2022-05-16 13:21:02,2022-05-16 13:21:13,Working_Other,annotator,HIGH LEVEL BEHAVIOR,2022-05-16 06:01:04,2022-05-16 06:01:15
2022-05-16 13:21:13,2022-05-16 13:26:22,Working_Other,annotator,HIGH LEVEL BEHAVIOR,2022-05-16 06:01:15,2022-05-16 06:06:24
2022-05-16 13:26:22,2022-05-16 13:26:37,Working_Other,annotator,HIGH LEVEL BEHAVIOR,2022-05-16 06:06:24,2022-05-16 06:06:39
2022-05-16 13:26:37,2022-05-16 13:26:44,Working_Other,annotator,HIGH LEVEL BEHAVIOR,2022-05-16 06:06:39,2022-05-16 06:06:46
2022-05-16 13:26:44,2022-05-16 13:26:54,Working_Other,annotator,HIGH LEVEL BEHAVIOR,2022-05-16 06:06:46,2022-05-16 06:06:56
2022-05-16 13:26:54,2022-05-16 13:26:55,Working_Other,annotator,HIGH LEVEL BEHAVIOR,2022-05-16 06:06:56,2022-05-16 06:06:57
2022-05-16 13:26:55,2022-05-16 13:27:04,Working_Other,annotator,HIGH LEVEL BEHAVIOR,2022-05-16 06:06:57,2022-05-16 06:07:06
2022-05-16 13:27:04,2022-05-16 13:27:10,Working_Other,annotator,HIGH LEVEL BEHAVIOR,2022-05-16 06:07:06,2022-05-16 06:07:12
2022-05-16 13:27:10,2022-05-16 13:27:18,Working_Other,annotator,HIGH LEVEL BEHAVIOR,2022-05-16 06:07:12,2022-05-16 06:07:20
2022-05-16 13:27:18,2022-05-16 13:27:47,Working_Other,annotator,HIGH LEVEL BEHAVIOR,2022-05-16 06:07:20,2022-05-16 06:07:49
2022-05-16 13:27:47,2022-05-16 13:27:51,Working_Other,annotator,HIGH LEVEL BEHAVIOR,2022-05-16 06:07:49,2022-05-16 06:07:53
2022-05-16 13:27:51,2022-05-16 13:28:31,Packing/Unpacking_Something,annotator,HIGH LEVEL BEHAVIOR,2022-05-16 06:07:53,2022-05-16 06:08:33
2022-05-16 13:28:31,2022-05-16 13:29:25,In_Transit_Active,annotator,HIGH LEVEL BEHAVIOR,2022-05-16 06:08:33,2022-05-16 06:09:27
2022-05-16 13:29:25,2022-05-16 13:29:31,In_Transit_Active,annotator,HIGH LEVEL BEHAVIOR,2022-05-16 06:09:27,2022-05-16 06:09:33
2022-05-16 13:29:31,2022-05-16 13:30:49,In_Transit_Active,annotator,HIGH LEVEL BEHAVIOR,2022-05-16 06:09:33,2022-05-16 06:10:51
2022-05-16 13:30:49,2022-05-16 13:31:05,In_Transit_Active,annotator,HIGH LEVEL BEHAVIOR,2022-05-16 06:10:51,2022-05-16 06:11:07
2022-05-16 13:31:05,2022-05-16 13:31:09,In_Transit_Active,annotator,HIGH LEVEL BEHAVIOR,2022-05-16 06:11:07,2022-05-16 06:11:11
2022-05-16 13:31:09,2022-05-16 13:31:35,In_Transit_Active, Riding_Elevator_Down,annotator,HIGH LEVEL BEHAVIOR,2022-05-16 06:11:11,2022-05-16 06:11:37
2022-05-16 13:31:35,2022-05-16 13:32:22,In_Transit_Active,annotator,HIGH LEVEL BEHAVIOR,2022-05-16 06:11:37,2022-05-16 06:12:24
2022-05-16 13:32:22,2022-05-16 13:37:57,In_Transit_Active,annotator,HIGH LEVEL BEHAVIOR,2022-05-16 06:12:24,2022-05-16 06:17:59
2022-05-16 13:37:57,2022-05-16 13:38:24,In_Transit_Active,annotator,HIGH LEVEL BEHAVIOR,2022-05-16 06:17:59,2022-05-16 06:18:26
2022-05-16 13:38:24,2022-05-16 13:38:48,In_Transit_Active, Riding_Elevator_Down,annotator,HIGH LEVEL BEHAVIOR,2022-05-16 06:18:26,2022-05-16 06:18:50
2022-05-16 13:38:48,2022-05-16 13:39:20,In_Transit_Active,annotator,HIGH LEVEL BEHAVIOR,2022-05-16 06:18:50,2022-05-16 06:19:22
2022-05-16 13:39:20,2022-05-16 13:39:38,Loading/Unloading_Vehicle,annotator,HIGH LEVEL BEHAVIOR,2022-05-16 06:19:22,2022-05-16 06:19:40
2022-05-16 13:39:38,2022-05-16 13:46:04,In_Transit_Driving_Car,annotator,HIGH LEVEL BEHAVIOR,2022-05-16 06:19:40,2022-05-16 06:26:06
2022-05-16 13:46:04,2022-05-16 13:55:16,In_Transit_Driving_Car,annotator,HIGH LEVEL BEHAVIOR,2022-05-16 06:26:06,2022-05-16 06:35:18
2022-05-16 13:55:16,2022-05-16 13:57:13,In_Transit_Active,annotator,HIGH LEVEL BEHAVIOR,2022-05-16 06:35:18,2022-05-16 06:37:15
2022-05-16 13:57:13,2022-05-16 13:57:38,Working_Other,annotator,HIGH LEVEL BEHAVIOR,2022-05-16 06:37:15,2022-05-16 06:37:40
2022-05-16 13:57:38,2022-05-16 13:59:24,Working_Other, Using_Computer/Screen,annotator,HIGH LEVEL BEHAVIOR,2022-05-16 06:37:40,2022-05-16 06:39:26
2022-05-16 13:59:24,2022-05-16 13:59:52,Working_Other,annotator,HIGH LEVEL BEHAVIOR,2022-05-16 06:39:26,2022-05-16 06:39:54
2022-05-16 13:59:52,2022-05-16 14:00:14,Working_Other, Using_Computer/Screen,annotator,HIGH LEVEL BEHAVIOR,2022-05-16 06:39:54,2022-05-16 06:40:16
2022-05-16 14:00:14,2022-05-16 14:00:37,Working_Other,annotator,HIGH LEVEL BEHAVIOR,2022-05-16 06:40:16,2022-05-16 06:40:39
2022-05-16 14:00:37,2022-05-16 14:01:18,In_Transit_Active,annotator,HIGH LEVEL BEHAVIOR,2022-05-16 06:40:39,2022-05-16 06:41:20
2022-05-16 14:01:18,2022-05-16 14:01:38,In_Transit_Active,annotator,HIGH LEVEL BEHAVIOR,2022-05-16 06:41:20,2022-05-16 06:41:40
2022-05-16 14:01:38,2022-05-16 14:01:46,In_Transit_Active,annotator,HIGH LEVEL BEHAVIOR,2022-05-16 06:41:40,2022-05-16 06:41:48
2022-05-16 14:01:46,2022-05-16 14:02:07,In_Transit_Active, Riding_Elevator_Down,annotator,HIGH LEVEL BEHAVIOR,2022-05-16 06:41:48,2022-05-16 06:42:09
2022-05-16 14:02:07,2022-05-16 14:03:32,In_Transit_Active,annotator,HIGH LEVEL BEHAVIOR,2022-05-16 06:42:09,2022-05-16 06:43:34
2022-05-16 14:03:32,2022-05-16 14:04:03,HLB_Unlabeled,annotator,HIGH LEVEL BEHAVIOR,2022-05-16 06:43:34,2022-05-16 06:44:05
2022-05-16 14:04:03,2022-05-16 14:14:28,Eating/Dining,annotator,HIGH LEVEL BEHAVIOR,2022-05-16 06:44:05,2022-05-16 06:54:30
2022-05-16 14:14:28,2022-05-16 14:22:05,Eating/Dining,annotator,HIGH LEVEL BEHAVIOR,2022-05-16 06:54:30,2022-05-16 07:02:07
2022-05-16 14:22:05,2022-05-16 14:29:16,HLB_Unlabeled,annotator,HIGH LEVEL BEHAVIOR,2022-05-16 07:02:07,2022-05-16 07:09:18
2022-05-16 14:29:16,2022-05-16 14:44:10,HLB_Unlabeled,annotator,HIGH LEVEL BEHAVIOR,2022-05-16 07:09:18,2022-05-16 07:24:12
2022-05-16 14:44:10,2022-05-16 14:44:24,HLB_Unlabeled,annotator,HIGH LEVEL BEHAVIOR,2022-05-16 07:24:12,2022-05-16 07:24:26
2022-05-16 14:44:24,2022-05-16 14:44:38,Packing/Unpacking_Something,annotator,HIGH LEVEL BEHAVIOR,2022-05-16 07:24:26,2022-05-16 07:24:40
2022-05-16 14:44:38,2022-05-16 14:46:12,In_Transit_Active,annotator,HIGH LEVEL BEHAVIOR,2022-05-16 07:24:40,2022-05-16 07:26:14
2022-05-16 14:46:12,2022-05-16 14:46:29,In_Transit_Active,annotator,HIGH LEVEL BEHAVIOR,2022-05-16 07:26:14,2022-05-16 07:26:31
2022-05-16 14:46:29,2022-05-16 14:46:35,In_Transit_Active,annotator,HIGH LEVEL BEHAVIOR,2022-05-16 07:26:31,2022-05-16 07:26:37
2022-05-16 14:46:35,2022-05-16 14:47:20,In_Transit_Active, Riding_Elevator_Up,annotator,HIGH LEVEL BEHAVIOR,2022-05-16 07:26:37,2022-05-16 07:27:22
2022-05-16 14:47:20,2022-05-16 14:47:38,In_Transit_Active,annotator,HIGH LEVEL BEHAVIOR,2022-05-16 07:27:22,2022-05-16 07:27:40
2022-05-16 14:47:38,2022-05-16 14:49:10,HLB_Indecipherable/Video_Insufficient,annotator,HIGH LEVEL BEHAVIOR,2022-05-16 07:27:40,2022-05-16 07:29:12
2022-05-16 14:49:11,2022-05-16 14:49:39,,annotator,HIGH LEVEL BEHAVIOR,2022-05-16 07:29:13,2022-05-16 07:29:41
2022-05-16 14:49:39,2022-05-16 14:50:30,,annotator,HIGH LEVEL BEHAVIOR,2022-05-16 07:29:41,2022-05-16 07:30:32
2022-05-16 14:50:30,2022-05-16 14:51:08,,annotator,HIGH LEVEL BEHAVIOR,2022-05-16 07:30:32,2022-05-16 07:31:10
2022-05-16 14:51:08,2022-05-16 14:51:29,,annotator,HIGH LEVEL BEHAVIOR,2022-05-16 07:31:10,2022-05-16 07:31:31
2022-05-16 14:51:29,2022-05-16 14:52:56,Packing/Unpacking_Something,annotator,HIGH LEVEL BEHAVIOR,2022-05-16 07:31:31,2022-05-16 07:32:58
2022-05-16 14:52:56,2022-05-16 14:53:07,,annotator,HIGH LEVEL BEHAVIOR,2022-05-16 07:32:58,2022-05-16 07:33:09
2022-05-16 14:53:07,2022-05-16 14:53:36,Using_Computer/Screen,annotator,HIGH LEVEL BEHAVIOR,2022-05-16 07:33:09,2022-05-16 07:33:38
2022-05-16 14:53:36,2022-05-16 14:54:17,,annotator,HIGH LEVEL BEHAVIOR,2022-05-16 07:33:38,2022-05-16 07:34:19
2022-05-16 14:54:17,2022-05-16 14:54:44,Using_Computer/Screen,annotator,HIGH LEVEL BEHAVIOR,2022-05-16 07:34:19,2022-05-16 07:34:46
2022-05-16 14:54:44,2022-05-16 15:54:21,Using_Computer/Screen,annotator,HIGH LEVEL BEHAVIOR,2022-05-16 07:34:46,2022-05-16 08:34:23
2022-05-16 15:54:21,2022-05-16 15:55:14,Using_Computer/Screen,annotator,HIGH LEVEL BEHAVIOR,2022-05-16 08:34:23,2022-05-16 08:35:16
2022-05-16 15:55:14,2022-05-16 16:04:50,Working_Other,annotator,HIGH LEVEL BEHAVIOR,2022-05-16 08:35:16,2022-05-16 08:44:52
2022-05-16 16:04:50,2022-05-16 16:04:53,Working_Other,annotator,HIGH LEVEL BEHAVIOR,2022-05-16 08:44:52,2022-05-16 08:44:55
2022-05-16 16:04:53,2022-05-16 16:06:30,Working_Other, Using_Computer/Screen,annotator,HIGH LEVEL BEHAVIOR,2022-05-16 08:44:55,2022-05-16 08:46:32
2022-05-16 16:06:30,2022-05-16 16:06:33,Working_Other,annotator,HIGH LEVEL BEHAVIOR,2022-05-16 08:46:32,2022-05-16 08:46:35
2022-05-16 16:06:33,2022-05-16 16:08:25,Working_Other, Using_Computer/Screen,annotator,HIGH LEVEL BEHAVIOR,2022-05-16 08:46:35,2022-05-16 08:48:27
2022-05-16 16:08:25,2022-05-16 16:08:29,Working_Other,annotator,HIGH LEVEL BEHAVIOR,2022-05-16 08:48:27,2022-05-16 08:48:31
2022-05-16 16:08:29,2022-05-16 16:08:38,Working_Other, Using_Computer/Screen,annotator,HIGH LEVEL BEHAVIOR,2022-05-16 08:48:31,2022-05-16 08:48:40
2022-05-16 16:08:38,2022-05-16 16:08:44,Working_Other,annotator,HIGH LEVEL BEHAVIOR,2022-05-16 08:48:40,2022-05-16 08:48:46
2022-05-16 16:08:44,2022-05-16 16:09:52,Working_Other, Using_Computer/Screen,annotator,HIGH LEVEL BEHAVIOR,2022-05-16 08:48:46,2022-05-16 08:49:54
2022-05-16 16:09:52,2022-05-16 16:09:56,Working_Other,annotator,HIGH LEVEL BEHAVIOR,2022-05-16 08:49:54,2022-05-16 08:49:58
2022-05-16 16:09:56,2022-05-16 16:10:12,Working_Other, Using_Computer/Screen,annotator,HIGH LEVEL BEHAVIOR,2022-05-16 08:49:58,2022-05-16 08:50:14
2022-05-16 16:10:12,2022-05-16 16:10:17,Working_Other,annotator,HIGH LEVEL BEHAVIOR,2022-05-16 08:50:14,2022-05-16 08:50:19
2022-05-16 16:10:17,2022-05-16 16:10:34,Working_Other,annotator,HIGH LEVEL BEHAVIOR,2022-05-16 08:50:19,2022-05-16 08:50:36
2022-05-16 16:10:34,2022-05-16 16:10:46,Working_Other,annotator,HIGH LEVEL BEHAVIOR,2022-05-16 08:50:36,2022-05-16 08:50:48
2022-05-16 16:10:46,2022-05-16 16:12:11,Working_Other,annotator,HIGH LEVEL BEHAVIOR,2022-05-16 08:50:48,2022-05-16 08:52:13
2022-05-16 16:12:11,2022-05-16 16:12:30,Working_Other,annotator,HIGH LEVEL BEHAVIOR,2022-05-16 08:52:13,2022-05-16 08:52:32
2022-05-16 16:12:30,2022-05-16 16:12:33,Working_Other,annotator,HIGH LEVEL BEHAVIOR,2022-05-16 08:52:32,2022-05-16 08:52:35
2022-05-16 16:12:33,2022-05-16 16:12:48,Working_Other, Using_Computer/Screen,annotator,HIGH LEVEL BEHAVIOR,2022-05-16 08:52:35,2022-05-16 08:52:50
2022-05-16 16:12:48,2022-05-16 16:12:51,Working_Other,annotator,HIGH LEVEL BEHAVIOR,2022-05-16 08:52:50,2022-05-16 08:52:53
2022-05-16 16:12:51,2022-05-16 16:12:55,Working_Other,annotator,HIGH LEVEL BEHAVIOR,2022-05-16 08:52:53,2022-05-16 08:52:57
2022-05-16 16:12:55,2022-05-16 16:13:13,Working_Other,annotator,HIGH LEVEL BEHAVIOR,2022-05-16 08:52:57,2022-05-16 08:53:15
2022-05-16 16:13:13,2022-05-16 16:13:21,Working_Other,annotator,HIGH LEVEL BEHAVIOR,2022-05-16 08:53:15,2022-05-16 08:53:23
2022-05-16 16:13:21,2022-05-16 16:13:29,Working_Other,annotator,HIGH LEVEL BEHAVIOR,2022-05-16 08:53:23,2022-05-16 08:53:31
2022-05-16 16:13:29,2022-05-16 16:13:53,Working_Other,annotator,HIGH LEVEL BEHAVIOR,2022-05-16 08:53:31,2022-05-16 08:53:55
2022-05-16 16:13:53,2022-05-16 16:14:05,Working_Other,annotator,HIGH LEVEL BEHAVIOR,2022-05-16 08:53:55,2022-05-16 08:54:07
2022-05-16 16:14:05,2022-05-16 16:15:49,Working_Other, Using_Computer/Screen,annotator,HIGH LEVEL BEHAVIOR,2022-05-16 08:54:07,2022-05-16 08:55:51
2022-05-16 16:15:49,2022-05-16 16:18:30,Working_Other, Packing/Unpacking_Something,annotator,HIGH LEVEL BEHAVIOR,2022-05-16 08:55:51,2022-05-16 08:58:32
2022-05-16 16:18:30,2022-05-16 16:19:18,,annotator,HIGH LEVEL BEHAVIOR,2022-05-16 08:58:32,2022-05-16 08:59:20
2022-05-16 16:19:18,2022-05-16 16:19:39,,annotator,HIGH LEVEL BEHAVIOR,2022-05-16 08:59:20,2022-05-16 08:59:41
2022-05-16 16:19:39,2022-05-16 16:19:55,Riding_Escalator_Down,annotator,HIGH LEVEL BEHAVIOR,2022-05-16 08:59:41,2022-05-16 08:59:57
2022-05-16 16:19:55,2022-05-16 16:20:18,,annotator,HIGH LEVEL BEHAVIOR,2022-05-16 08:59:57,2022-05-16 09:00:20
2022-05-16 16:20:18,2022-05-16 16:20:33,,annotator,HIGH LEVEL BEHAVIOR,2022-05-16 09:00:20,2022-05-16 09:00:35
2022-05-16 16:20:33,2022-05-16 16:21:14,Using_Computer/Screen,annotator,HIGH LEVEL BEHAVIOR,2022-05-16 09:00:35,2022-05-16 09:01:16
2022-05-16 16:21:14,2022-05-16 16:21:50,,annotator,HIGH LEVEL BEHAVIOR,2022-05-16 09:01:16,2022-05-16 09:01:52
2022-05-16 16:21:50,2022-05-16 16:22:10,Riding_Elevator_Up,annotator,HIGH LEVEL BEHAVIOR,2022-05-16 09:01:52,2022-05-16 09:02:12
2022-05-16 16:22:10,2022-05-16 16:22:53,,annotator,HIGH LEVEL BEHAVIOR,2022-05-16 09:02:12,2022-05-16 09:02:55
2022-05-16 16:22:53,2022-05-16 16:48:28,Using_Computer/Screen,annotator,HIGH LEVEL BEHAVIOR,2022-05-16 09:02:55,2022-05-16 09:28:30
2022-05-16 16:48:29,2022-05-16 16:48:43,Packing/Unpacking_Something,annotator,HIGH LEVEL BEHAVIOR,2022-05-16 09:28:31,2022-05-16 09:28:45
2022-05-16 16:48:43,2022-05-16 16:49:07,,annotator,HIGH LEVEL BEHAVIOR,2022-05-16 09:28:45,2022-05-16 09:29:09
2022-05-16 16:49:08,2022-05-16 16:49:27,Using_Computer/Screen,annotator,HIGH LEVEL BEHAVIOR,2022-05-16 09:29:10,2022-05-16 09:29:29
2022-05-16 16:49:27,2022-05-16 16:50:07,Using_Computer/Screen,annotator,HIGH LEVEL BEHAVIOR,2022-05-16 09:29:29,2022-05-16 09:30:09
2022-05-16 16:50:07,2022-05-16 16:51:02,,annotator,HIGH LEVEL BEHAVIOR,2022-05-16 09:30:09,2022-05-16 09:31:04
2022-05-16 16:51:02,2022-05-16 16:51:47,,annotator,HIGH LEVEL BEHAVIOR,2022-05-16 09:31:04,2022-05-16 09:31:49
2022-05-16 16:51:47,2022-05-16 16:52:19,Riding_Elevator_Down,annotator,HIGH LEVEL BEHAVIOR,2022-05-16 09:31:49,2022-05-16 09:32:21
2022-05-16 16:52:19,2022-05-16 16:53:43,,annotator,HIGH LEVEL BEHAVIOR,2022-05-16 09:32:21,2022-05-16 09:33:45
2022-05-16 16:53:43,2022-05-16 16:53:58,,annotator,HIGH LEVEL BEHAVIOR,2022-05-16 09:33:45,2022-05-16 09:34:00
2022-05-16 16:53:58,2022-05-16 17:02:26,In_Transit_Driving_Car,annotator,HIGH LEVEL BEHAVIOR,2022-05-16 09:34:00,2022-05-16 09:42:28
2022-05-16 17:02:26,2022-05-16 17:02:35,,annotator,HIGH LEVEL BEHAVIOR,2022-05-16 09:42:28,2022-05-16 09:42:37
2022-05-16 17:02:35,2022-05-16 17:03:09,,annotator,HIGH LEVEL BEHAVIOR,2022-05-16 09:42:37,2022-05-16 09:43:11
2022-05-16 17:03:09,2022-05-16 17:05:50,,annotator,HIGH LEVEL BEHAVIOR,2022-05-16 09:43:11,2022-05-16 09:45:52
2022-05-16 17:05:50,2022-05-16 17:08:18,,annotator,HIGH LEVEL BEHAVIOR,2022-05-16 09:45:52,2022-05-16 09:48:20
2022-05-16 17:08:18,2022-05-16 17:12:33,,annotator,HIGH LEVEL BEHAVIOR,2022-05-16 09:48:20,2022-05-16 09:52:35
2022-05-16 17:12:33,2022-05-16 17:14:10,Shopping_Grocery,annotator,HIGH LEVEL BEHAVIOR,2022-05-16 09:52:35,2022-05-16 09:54:12
2022-05-16 17:14:10,2022-05-16 17:14:22,Shopping_Grocery,annotator,HIGH LEVEL BEHAVIOR,2022-05-16 09:54:12,2022-05-16 09:54:24
2022-05-16 17:14:22,2022-05-16 17:14:52,,annotator,HIGH LEVEL BEHAVIOR,2022-05-16 09:54:24,2022-05-16 09:54:54
2022-05-16 17:14:52,2022-05-16 17:25:27,In_Transit_Driving_Car,annotator,HIGH LEVEL BEHAVIOR,2022-05-16 09:54:54,2022-05-16 10:05:29
2022-05-16 17:25:27,2022-05-16 17:26:01,,annotator,HIGH LEVEL BEHAVIOR,2022-05-16 10:05:29,2022-05-16 10:06:03
2022-05-16 17:26:01,2022-05-16 17:26:17,,annotator,HIGH LEVEL BEHAVIOR,2022-05-16 10:06:03,2022-05-16 10:06:19
2022-05-16 17:26:17,2022-05-16 17:26:37,,annotator,HIGH LEVEL BEHAVIOR,2022-05-16 10:06:19,2022-05-16 10:06:39
2022-05-16 17:26:37,2022-05-16 17:27:17,,annotator,HIGH LEVEL BEHAVIOR,2022-05-16 10:06:39,2022-05-16 10:07:19
2022-05-16 17:27:17,2022-05-16 17:27:41,,annotator,HIGH LEVEL BEHAVIOR,2022-05-16 10:07:19,2022-05-16 10:07:43
2022-05-16 17:27:41,2022-05-16 17:29:18,,annotator,HIGH LEVEL BEHAVIOR,2022-05-16 10:07:43,2022-05-16 10:09:20
2022-05-16 17:29:18,2022-05-16 17:30:29,,annotator,HIGH LEVEL BEHAVIOR,2022-05-16 10:09:20,2022-05-16 10:10:31
2022-05-16 17:30:29,2022-05-16 17:35:54,,annotator,HIGH LEVEL BEHAVIOR,2022-05-16 10:10:31,2022-05-16 10:15:56
2022-05-16 17:35:54,2022-05-16 17:36:58,,annotator,HIGH LEVEL BEHAVIOR,2022-05-16 10:15:56,2022-05-16 10:17:00
2022-05-16 17:36:58,2022-05-16 17:38:20,Cooking/Prepping_Food,annotator,HIGH LEVEL BEHAVIOR,2022-05-16 10:17:00,2022-05-16 10:18:22
2022-05-16 17:38:20,2022-05-16 17:39:16,Cooking/Prepping_Food,annotator,HIGH LEVEL BEHAVIOR,2022-05-16 10:18:22,2022-05-16 10:19:18
2022-05-16 17:39:16,2022-05-16 17:39:49,Cooking/Prepping_Food,annotator,HIGH LEVEL BEHAVIOR,2022-05-16 10:19:18,2022-05-16 10:19:51
2022-05-16 17:39:49,2022-05-16 17:41:49,Cooking/Prepping_Food,annotator,HIGH LEVEL BEHAVIOR,2022-05-16 10:19:51,2022-05-16 10:21:51
2022-05-16 17:41:49,2022-05-16 17:43:07,Cooking/Prepping_Food,annotator,HIGH LEVEL BEHAVIOR,2022-05-16 10:21:51,2022-05-16 10:23:09
2022-05-16 17:43:07,2022-05-16 17:43:45,Cooking/Prepping_Food,annotator,HIGH LEVEL BEHAVIOR,2022-05-16 10:23:09,2022-05-16 10:23:47
2022-05-16 17:43:45,2022-05-16 17:43:58,,annotator,HIGH LEVEL BEHAVIOR,2022-05-16 10:23:47,2022-05-16 10:24:00
2022-05-16 17:43:58,2022-05-16 17:45:11,,annotator,HIGH LEVEL BEHAVIOR,2022-05-16 10:24:00,2022-05-16 10:25:13
2022-05-16 17:45:11,2022-05-16 17:46:30,,annotator,HIGH LEVEL BEHAVIOR,2022-05-16 10:25:13,2022-05-16 10:26:32
2022-05-16 17:46:30,2022-05-16 17:46:59,,annotator,HIGH LEVEL BEHAVIOR,2022-05-16 10:26:32,2022-05-16 10:27:01
2022-05-16 17:46:59,2022-05-16 17:48:27,,annotator,HIGH LEVEL BEHAVIOR,2022-05-16 10:27:01,2022-05-16 10:28:29
2022-05-16 17:48:27,2022-05-16 17:48:39,,annotator,HIGH LEVEL BEHAVIOR,2022-05-16 10:28:29,2022-05-16 10:28:41
2022-05-16 17:48:39,2022-05-16 17:49:09,,annotator,HIGH LEVEL BEHAVIOR,2022-05-16 10:28:41,2022-05-16 10:29:11
2022-05-16 17:49:09,2022-05-16 17:49:17,,annotator,HIGH LEVEL BEHAVIOR,2022-05-16 10:29:11,2022-05-16 10:29:19
2022-05-16 17:49:17,2022-05-16 17:49:29,,annotator,HIGH LEVEL BEHAVIOR,2022-05-16 10:29:19,2022-05-16 10:29:31
2022-05-16 17:49:29,2022-05-16 17:49:34,,annotator,HIGH LEVEL BEHAVIOR,2022-05-16 10:29:31,2022-05-16 10:29:36
2022-05-16 17:49:34,2022-05-16 17:50:08,,annotator,HIGH LEVEL BEHAVIOR,2022-05-16 10:29:36,2022-05-16 10:30:10
2022-05-16 17:50:08,2022-05-16 17:50:14,,annotator,HIGH LEVEL BEHAVIOR,2022-05-16 10:30:10,2022-05-16 10:30:16
2022-05-16 17:50:14,2022-05-16 17:50:21,,annotator,HIGH LEVEL BEHAVIOR,2022-05-16 10:30:16,2022-05-16 10:30:23
2022-05-16 17:50:21,2022-05-16 18:06:08,,annotator,HIGH LEVEL BEHAVIOR,2022-05-16 10:30:23,2022-05-16 10:46:10
2022-05-16 18:06:08,2022-05-16 19:57:25,,annotator,HIGH LEVEL BEHAVIOR,2022-05-16 10:46:10,2022-05-16 12:37:27
2022-05-16 19:57:25,2022-05-16 19:57:41,,annotator,HIGH LEVEL BEHAVIOR,2022-05-16 12:37:27,2022-05-16 12:37:43
2022-05-16 19:57:41,2022-05-16 19:57:46,,annotator,HIGH LEVEL BEHAVIOR,2022-05-16 12:37:43,2022-05-16 12:37:48
2022-05-16 19:57:46,2022-05-16 19:58:00,,annotator,HIGH LEVEL BEHAVIOR,2022-05-16 12:37:48,2022-05-16 12:38:02
2022-05-16 19:58:00,2022-05-16 19:58:19,,annotator,HIGH LEVEL BEHAVIOR,2022-05-16 12:38:02,2022-05-16 12:38:21
2022-05-16 19:58:19,2022-05-16 19:58:36,,annotator,HIGH LEVEL BEHAVIOR,2022-05-16 12:38:21,2022-05-16 12:38:38
2022-05-16 19:58:36,2022-05-16 20:00:24,,annotator,HIGH LEVEL BEHAVIOR,2022-05-16 12:38:38,2022-05-16 12:40:26
2022-05-16 20:00:24,2022-05-16 20:15:30,In_Transit_Driving_Car,annotator,HIGH LEVEL BEHAVIOR,2022-05-16 12:40:26,2022-05-16 12:55:32
2022-05-16 20:15:30,2022-05-16 20:15:57,,annotator,HIGH LEVEL BEHAVIOR,2022-05-16 12:55:32,2022-05-16 12:55:59
2022-05-16 20:15:57,2022-05-16 20:18:15,,annotator,HIGH LEVEL BEHAVIOR,2022-05-16 12:55:59,2022-05-16 12:58:17
2022-05-16 20:18:15,2022-05-16 20:18:24,,annotator,HIGH LEVEL BEHAVIOR,2022-05-16 12:58:17,2022-05-16 12:58:26
2022-05-16 20:18:24,2022-05-16 20:18:59,Riding_Elevator_Up,annotator,HIGH LEVEL BEHAVIOR,2022-05-16 12:58:26,2022-05-16 12:59:01
2022-05-16 20:18:59,2022-05-16 20:19:17,,annotator,HIGH LEVEL BEHAVIOR,2022-05-16 12:59:01,2022-05-16 12:59:19
2022-05-16 20:19:17,2022-05-16 20:35:10,,annotator,HIGH LEVEL BEHAVIOR,2022-05-16 12:59:19,2022-05-16 13:15:12
2022-05-16 20:35:10,2022-05-16 20:37:28,,annotator,HIGH LEVEL BEHAVIOR,2022-05-16 13:15:12,2022-05-16 13:17:30
2022-05-16 20:37:28,2022-05-16 21:01:20,,annotator,HIGH LEVEL BEHAVIOR,2022-05-16 13:17:30,2022-05-16 13:41:22
2022-05-16 21:01:20,2022-05-16 21:01:42,,annotator,HIGH LEVEL BEHAVIOR,2022-05-16 13:41:22,2022-05-16 13:41:44
2022-05-16 21:01:42,2022-05-16 21:02:28,,annotator,HIGH LEVEL BEHAVIOR,2022-05-16 13:41:44,2022-05-16 13:42:30
2022-05-16 21:02:28,2022-05-16 21:02:34,,annotator,HIGH LEVEL BEHAVIOR,2022-05-16 13:42:30,2022-05-16 13:42:36
2022-05-16 21:02:34,2022-05-16 21:03:04,,annotator,HIGH LEVEL BEHAVIOR,2022-05-16 13:42:36,2022-05-16 13:43:06
2022-05-16 21:03:04,2022-05-16 21:03:22,,annotator,HIGH LEVEL BEHAVIOR,2022-05-16 13:43:06,2022-05-16 13:43:24
2022-05-16 21:03:22,2022-05-16 21:03:35,,annotator,HIGH LEVEL BEHAVIOR,2022-05-16 13:43:24,2022-05-16 13:43:37
2022-05-16 21:03:35,2022-05-16 21:03:57,Riding_Elevator_Down,annotator,HIGH LEVEL BEHAVIOR,2022-05-16 13:43:37,2022-05-16 13:43:59
2022-05-16 21:03:57,2022-05-16 21:04:12,,annotator,HIGH LEVEL BEHAVIOR,2022-05-16 13:43:59,2022-05-16 13:44:14
2022-05-16 21:04:12,2022-05-16 21:06:50,,annotator,HIGH LEVEL BEHAVIOR,2022-05-16 13:44:14,2022-05-16 13:46:52
2022-05-16 21:06:50,2022-05-16 21:07:35,,annotator,HIGH LEVEL BEHAVIOR,2022-05-16 13:46:52,2022-05-16 13:47:37
2022-05-16 21:07:35,2022-05-16 21:23:05,In_Transit_Driving_Car,annotator,HIGH LEVEL BEHAVIOR,2022-05-16 13:47:37,2022-05-16 14:03:07
2022-05-16 21:23:05,2022-05-16 21:23:38,,annotator,HIGH LEVEL BEHAVIOR,2022-05-16 14:03:07,2022-05-16 14:03:40
2022-05-16 21:23:38,2022-05-16 21:24:49,,annotator,HIGH LEVEL BEHAVIOR,2022-05-16 14:03:40,2022-05-16 14:04:51
2022-05-16 21:24:49,2022-05-16 21:25:01,,annotator,HIGH LEVEL BEHAVIOR,2022-05-16 14:04:51,2022-05-16 14:05:03
2022-05-16 21:25:01,2022-05-16 21:26:56,Cooking/Prepping_Food,annotator,HIGH LEVEL BEHAVIOR,2022-05-16 14:05:03,2022-05-16 14:06:58
2022-05-16 21:26:56,2022-05-16 21:27:03,,annotator,HIGH LEVEL BEHAVIOR,2022-05-16 14:06:58,2022-05-16 14:07:05
2022-05-16 21:27:03,2022-05-16 21:27:42,Eating/Dining,annotator,HIGH LEVEL BEHAVIOR,2022-05-16 14:07:05,2022-05-16 14:07:44
2022-05-16 21:27:42,2022-05-16 21:30:50,Eating/Dining,annotator,HIGH LEVEL BEHAVIOR,2022-05-16 14:07:44,2022-05-16 14:10:52
2022-05-16 21:30:50,2022-05-16 21:30:53,,annotator,HIGH LEVEL BEHAVIOR,2022-05-16 14:10:52,2022-05-16 14:10:55
2022-05-16 21:30:53,2022-05-16 21:31:06,,annotator,HIGH LEVEL BEHAVIOR,2022-05-16 14:10:55,2022-05-16 14:11:08
2022-05-16 21:31:06,2022-05-16 21:31:27,,annotator,HIGH LEVEL BEHAVIOR,2022-05-16 14:11:08,2022-05-16 14:11:29
2022-05-16 21:31:27,2022-05-16 21:31:38,,annotator,HIGH LEVEL BEHAVIOR,2022-05-16 14:11:29,2022-05-16 14:11:40
2022-05-16 21:31:38,2022-05-16 21:31:45,,annotator,HIGH LEVEL BEHAVIOR,2022-05-16 14:11:40,2022-05-16 14:11:47
2022-05-16 21:31:45,2022-05-16 21:55:16,,annotator,HIGH LEVEL BEHAVIOR,2022-05-16 14:11:47,2022-05-16 14:35:18
2022-05-16 21:55:16,2022-05-16 21:56:38,,annotator,HIGH LEVEL BEHAVIOR,2022-05-16 14:35:18,2022-05-16 14:36:40
2022-05-16 21:56:38,2022-05-16 21:56:51,,annotator,HIGH LEVEL BEHAVIOR,2022-05-16 14:36:40,2022-05-16 14:36:53
2022-05-16 21:56:51,2022-05-16 21:57:08,,annotator,HIGH LEVEL BEHAVIOR,2022-05-16 14:36:53,2022-05-16 14:37:10
