START_TIME,STOP_TIME,PREDICTION,SOURCE,LABELSET,VIDEO_START_TIME,VIDEO_END_TIME
2022-05-29 08:33:11,2022-05-29 08:33:38,Free_Living,annotator,Experimental situation,2022-05-29 00:00:00,2022-05-29 00:00:27
2022-05-29 08:33:38,2022-05-29 08:33:43,Free_Living,annotator,Experimental situation,2022-05-29 00:00:27,2022-05-29 00:00:32
2022-05-29 08:33:43,2022-05-29 08:36:16,Free_Living,annotator,Experimental situation,2022-05-29 00:00:32,2022-05-29 00:03:05
2022-05-29 08:36:16,2022-05-29 08:36:31,Free_Living,annotator,Experimental situation,2022-05-29 00:03:05,2022-05-29 00:03:20
2022-05-29 08:36:31,2022-05-29 08:39:17,Free_Living,annotator,Experimental situation,2022-05-29 00:03:20,2022-05-29 00:06:06
2022-05-29 08:39:17,2022-05-29 08:40:17,Free_Living,annotator,Experimental situation,2022-05-29 00:06:06,2022-05-29 00:07:06
2022-05-29 08:40:17,2022-05-29 08:40:25,Free_Living,annotator,Experimental situation,2022-05-29 00:07:06,2022-05-29 00:07:14
2022-05-29 08:40:25,2022-05-29 08:41:34,Free_Living,annotator,Experimental situation,2022-05-29 00:07:14,2022-05-29 00:08:23
2022-05-29 08:41:34,2022-05-29 08:41:48,Free_Living,annotator,Experimental situation,2022-05-29 00:08:23,2022-05-29 00:08:37
2022-05-29 08:41:48,2022-05-29 08:42:13,Free_Living,annotator,Experimental situation,2022-05-29 00:08:37,2022-05-29 00:09:02
2022-05-29 08:42:13,2022-05-29 08:43:07,Free_Living,annotator,Experimental situation,2022-05-29 00:09:02,2022-05-29 00:09:56
2022-05-29 08:43:07,2022-05-29 08:43:43,Free_Living,annotator,Experimental situation,2022-05-29 00:09:56,2022-05-29 00:10:32
2022-05-29 08:43:43,2022-05-29 08:44:38,Free_Living,annotator,Experimental situation,2022-05-29 00:10:32,2022-05-29 00:11:27
2022-05-29 08:44:38,2022-05-29 08:45:30,Free_Living,annotator,Experimental situation,2022-05-29 00:11:27,2022-05-29 00:12:19
2022-05-29 08:45:30,2022-05-29 08:45:48,Free_Living,annotator,Experimental situation,2022-05-29 00:12:19,2022-05-29 00:12:37
2022-05-29 08:45:48,2022-05-29 08:46:19,Free_Living,annotator,Experimental situation,2022-05-29 00:12:37,2022-05-29 00:13:08
2022-05-29 08:46:19,2022-05-29 08:47:06,Free_Living,annotator,Experimental situation,2022-05-29 00:13:08,2022-05-29 00:13:55
2022-05-29 08:47:06,2022-05-29 08:49:24,Free_Living,annotator,Experimental situation,2022-05-29 00:13:55,2022-05-29 00:16:13
2022-05-29 08:49:24,2022-05-29 08:49:31,Free_Living,annotator,Experimental situation,2022-05-29 00:16:13,2022-05-29 00:16:20
2022-05-29 08:49:31,2022-05-29 08:49:51,Free_Living,annotator,Experimental situation,2022-05-29 00:16:20,2022-05-29 00:16:40
2022-05-29 08:49:51,2022-05-29 08:50:50,Free_Living,annotator,Experimental situation,2022-05-29 00:16:40,2022-05-29 00:17:39
2022-05-29 08:50:50,2022-05-29 08:51:05,Free_Living,annotator,Experimental situation,2022-05-29 00:17:39,2022-05-29 00:17:54
2022-05-29 08:51:05,2022-05-29 08:52:18,ES_VideoUnavailable/Indecipherable,annotator,Experimental situation,2022-05-29 00:17:54,2022-05-29 00:19:07
2022-05-29 08:52:18,2022-05-29 08:52:26,Free_Living,annotator,Experimental situation,2022-05-29 00:19:07,2022-05-29 00:19:15
2022-05-29 08:52:26,2022-05-29 08:52:38,Free_Living,annotator,Experimental situation,2022-05-29 00:19:15,2022-05-29 00:19:27
2022-05-29 08:52:38,2022-05-29 08:55:51,Free_Living,annotator,Experimental situation,2022-05-29 00:19:27,2022-05-29 00:22:40
2022-05-29 08:55:51,2022-05-29 08:56:28,Free_Living,annotator,Experimental situation,2022-05-29 00:22:40,2022-05-29 00:23:17
2022-05-29 08:56:28,2022-05-29 08:56:57,Free_Living,annotator,Experimental situation,2022-05-29 00:23:17,2022-05-29 00:23:46
2022-05-29 08:56:57,2022-05-29 08:57:02,Free_Living,annotator,Experimental situation,2022-05-29 00:23:46,2022-05-29 00:23:51
2022-05-29 08:57:02,2022-05-29 08:59:05,Free_Living,annotator,Experimental situation,2022-05-29 00:23:51,2022-05-29 00:25:54
2022-05-29 08:59:05,2022-05-29 08:59:31,Free_Living,annotator,Experimental situation,2022-05-29 00:25:54,2022-05-29 00:26:20
2022-05-29 08:59:31,2022-05-29 09:02:40,Free_Living,annotator,Experimental situation,2022-05-29 00:26:20,2022-05-29 00:29:29
2022-05-29 09:02:40,2022-05-29 09:02:54,Free_Living,annotator,Experimental situation,2022-05-29 00:29:29,2022-05-29 00:29:43
2022-05-29 09:02:54,2022-05-29 09:03:25,Free_Living,annotator,Experimental situation,2022-05-29 00:29:43,2022-05-29 00:30:14
2022-05-29 09:03:25,2022-05-29 09:03:34,Free_Living,annotator,Experimental situation,2022-05-29 00:30:14,2022-05-29 00:30:23
2022-05-29 09:03:34,2022-05-29 09:07:46,Free_Living,annotator,Experimental situation,2022-05-29 00:30:23,2022-05-29 00:34:35
2022-05-29 09:07:46,2022-05-29 09:08:11,Free_Living,annotator,Experimental situation,2022-05-29 00:34:35,2022-05-29 00:35:00
2022-05-29 09:08:11,2022-05-29 09:08:17,Free_Living,annotator,Experimental situation,2022-05-29 00:35:00,2022-05-29 00:35:06
2022-05-29 09:08:17,2022-05-29 09:08:46,Free_Living,annotator,Experimental situation,2022-05-29 00:35:06,2022-05-29 00:35:35
2022-05-29 09:08:46,2022-05-29 09:09:11,Free_Living,annotator,Experimental situation,2022-05-29 00:35:35,2022-05-29 00:36:00
2022-05-29 09:09:11,2022-05-29 09:09:56,Free_Living,annotator,Experimental situation,2022-05-29 00:36:00,2022-05-29 00:36:45
2022-05-29 09:09:56,2022-05-29 09:10:12,Free_Living,annotator,Experimental situation,2022-05-29 00:36:45,2022-05-29 00:37:01
2022-05-29 09:10:12,2022-05-29 09:10:19,Free_Living,annotator,Experimental situation,2022-05-29 00:37:01,2022-05-29 00:37:08
2022-05-29 09:10:19,2022-05-29 09:10:25,Free_Living,annotator,Experimental situation,2022-05-29 00:37:08,2022-05-29 00:37:14
2022-05-29 09:10:25,2022-05-29 09:11:09,Free_Living,annotator,Experimental situation,2022-05-29 00:37:14,2022-05-29 00:37:58
2022-05-29 09:11:09,2022-05-29 09:11:15,Free_Living,annotator,Experimental situation,2022-05-29 00:37:58,2022-05-29 00:38:04
2022-05-29 09:11:15,2022-05-29 09:13:06,Free_Living,annotator,Experimental situation,2022-05-29 00:38:04,2022-05-29 00:39:55
2022-05-29 09:13:06,2022-05-29 09:13:28,Free_Living,annotator,Experimental situation,2022-05-29 00:39:55,2022-05-29 00:40:17
2022-05-29 09:13:28,2022-05-29 09:14:50,Free_Living,annotator,Experimental situation,2022-05-29 00:40:17,2022-05-29 00:41:39
2022-05-29 09:14:50,2022-05-29 09:15:16,Free_Living,annotator,Experimental situation,2022-05-29 00:41:39,2022-05-29 00:42:05
2022-05-29 09:15:16,2022-05-29 09:15:39,Free_Living,annotator,Experimental situation,2022-05-29 00:42:05,2022-05-29 00:42:28
2022-05-29 09:15:39,2022-05-29 09:16:32,Free_Living,annotator,Experimental situation,2022-05-29 00:42:28,2022-05-29 00:43:21
2022-05-29 09:16:32,2022-05-29 09:29:49,Free_Living,annotator,Experimental situation,2022-05-29 00:43:21,2022-05-29 00:56:38
2022-05-29 09:29:49,2022-05-29 09:29:53,Free_Living,annotator,Experimental situation,2022-05-29 00:56:38,2022-05-29 00:56:42
2022-05-29 09:29:53,2022-05-29 09:30:58,Free_Living,annotator,Experimental situation,2022-05-29 00:56:42,2022-05-29 00:57:47
2022-05-29 09:30:58,2022-05-29 09:31:14,Free_Living,annotator,Experimental situation,2022-05-29 00:57:47,2022-05-29 00:58:03
2022-05-29 09:31:14,2022-05-29 09:31:23,Free_Living,annotator,Experimental situation,2022-05-29 00:58:03,2022-05-29 00:58:12
2022-05-29 09:31:23,2022-05-29 09:31:34,Free_Living,annotator,Experimental situation,2022-05-29 00:58:12,2022-05-29 00:58:23
2022-05-29 09:31:34,2022-05-29 09:31:40,Free_Living,annotator,Experimental situation,2022-05-29 00:58:23,2022-05-29 00:58:29
2022-05-29 09:31:40,2022-05-29 09:31:50,Free_Living,annotator,Experimental situation,2022-05-29 00:58:29,2022-05-29 00:58:39
2022-05-29 09:31:50,2022-05-29 09:31:54,Free_Living,annotator,Experimental situation,2022-05-29 00:58:39,2022-05-29 00:58:43
2022-05-29 09:31:54,2022-05-29 09:32:07,Free_Living,annotator,Experimental situation,2022-05-29 00:58:43,2022-05-29 00:58:56
2022-05-29 09:32:07,2022-05-29 09:32:10,Free_Living,annotator,Experimental situation,2022-05-29 00:58:56,2022-05-29 00:58:59
2022-05-29 09:32:10,2022-05-29 09:32:29,Free_Living,annotator,Experimental situation,2022-05-29 00:58:59,2022-05-29 00:59:18
2022-05-29 09:32:29,2022-05-29 09:32:39,Free_Living,annotator,Experimental situation,2022-05-29 00:59:18,2022-05-29 00:59:28
2022-05-29 09:32:39,2022-05-29 09:34:05,Free_Living,annotator,Experimental situation,2022-05-29 00:59:28,2022-05-29 01:00:54
2022-05-29 09:34:05,2022-05-29 09:34:32,Free_Living,annotator,Experimental situation,2022-05-29 01:00:54,2022-05-29 01:01:21
2022-05-29 09:34:32,2022-05-29 09:34:37,Free_Living,annotator,Experimental situation,2022-05-29 01:01:21,2022-05-29 01:01:26
2022-05-29 09:34:37,2022-05-29 09:34:46,Free_Living,annotator,Experimental situation,2022-05-29 01:01:26,2022-05-29 01:01:35
2022-05-29 09:34:46,2022-05-29 09:34:51,Free_Living,annotator,Experimental situation,2022-05-29 01:01:35,2022-05-29 01:01:40
2022-05-29 09:34:51,2022-05-29 09:35:07,Free_Living,annotator,Experimental situation,2022-05-29 01:01:40,2022-05-29 01:01:56
2022-05-29 09:35:07,2022-05-29 09:35:29,Free_Living,annotator,Experimental situation,2022-05-29 01:01:56,2022-05-29 01:02:18
2022-05-29 09:35:29,2022-05-29 09:35:54,Free_Living,annotator,Experimental situation,2022-05-29 01:02:18,2022-05-29 01:02:43
2022-05-29 09:35:54,2022-05-29 09:36:16,Free_Living,annotator,Experimental situation,2022-05-29 01:02:43,2022-05-29 01:03:05
2022-05-29 09:36:16,2022-05-29 09:36:25,Free_Living,annotator,Experimental situation,2022-05-29 01:03:05,2022-05-29 01:03:14
2022-05-29 09:36:25,2022-05-29 09:37:07,Free_Living,annotator,Experimental situation,2022-05-29 01:03:14,2022-05-29 01:03:56
2022-05-29 09:37:07,2022-05-29 09:37:15,Free_Living,annotator,Experimental situation,2022-05-29 01:03:56,2022-05-29 01:04:04
2022-05-29 09:37:15,2022-05-29 09:37:17,Free_Living,annotator,Experimental situation,2022-05-29 01:04:04,2022-05-29 01:04:06
2022-05-29 09:37:17,2022-05-29 09:37:24,Free_Living,annotator,Experimental situation,2022-05-29 01:04:06,2022-05-29 01:04:13
2022-05-29 09:37:24,2022-05-29 09:37:42,Free_Living,annotator,Experimental situation,2022-05-29 01:04:13,2022-05-29 01:04:31
2022-05-29 09:37:45,2022-05-29 09:38:12,Free_Living,annotator,Experimental situation,2022-05-29 01:04:34,2022-05-29 01:05:01
2022-05-29 09:38:12,2022-05-29 09:39:03,Free_Living,annotator,Experimental situation,2022-05-29 01:05:01,2022-05-29 01:05:52
2022-05-29 09:39:05,2022-05-29 09:39:11,Free_Living,annotator,Experimental situation,2022-05-29 01:05:54,2022-05-29 01:06:00
2022-05-29 09:39:11,2022-05-29 09:39:44,Free_Living,annotator,Experimental situation,2022-05-29 01:06:00,2022-05-29 01:06:33
2022-05-29 09:39:44,2022-05-29 09:39:52,Free_Living,annotator,Experimental situation,2022-05-29 01:06:33,2022-05-29 01:06:41
2022-05-29 09:39:52,2022-05-29 09:39:57,Free_Living,annotator,Experimental situation,2022-05-29 01:06:41,2022-05-29 01:06:46
2022-05-29 09:39:57,2022-05-29 09:40:02,Free_Living,annotator,Experimental situation,2022-05-29 01:06:46,2022-05-29 01:06:51
2022-05-29 09:40:02,2022-05-29 09:40:06,Free_Living,annotator,Experimental situation,2022-05-29 01:06:51,2022-05-29 01:06:55
2022-05-29 09:40:06,2022-05-29 09:44:48,Free_Living,annotator,Experimental situation,2022-05-29 01:06:55,2022-05-29 01:11:37
2022-05-29 09:44:48,2022-05-29 09:44:52,Free_Living,annotator,Experimental situation,2022-05-29 01:11:37,2022-05-29 01:11:41
2022-05-29 09:44:52,2022-05-29 09:45:00,Free_Living,annotator,Experimental situation,2022-05-29 01:11:41,2022-05-29 01:11:49
2022-05-29 09:45:00,2022-05-29 09:45:04,Free_Living,annotator,Experimental situation,2022-05-29 01:11:49,2022-05-29 01:11:53
2022-05-29 09:45:04,2022-05-29 09:45:23,Free_Living,annotator,Experimental situation,2022-05-29 01:11:53,2022-05-29 01:12:12
2022-05-29 09:45:23,2022-05-29 09:46:21,Free_Living,annotator,Experimental situation,2022-05-29 01:12:12,2022-05-29 01:13:10
2022-05-29 09:46:21,2022-05-29 10:04:17,Free_Living,annotator,Experimental situation,2022-05-29 01:13:10,2022-05-29 01:31:06
2022-05-29 10:04:17,2022-05-29 10:06:59,Free_Living,annotator,Experimental situation,2022-05-29 01:31:06,2022-05-29 01:33:48
2022-05-29 10:06:59,2022-05-29 10:07:15,Free_Living,annotator,Experimental situation,2022-05-29 01:33:48,2022-05-29 01:34:04
2022-05-29 10:07:15,2022-05-29 10:08:23,Free_Living,annotator,Experimental situation,2022-05-29 01:34:04,2022-05-29 01:35:12
2022-05-29 10:08:23,2022-05-29 10:08:34,Free_Living,annotator,Experimental situation,2022-05-29 01:35:12,2022-05-29 01:35:23
2022-05-29 10:08:34,2022-05-29 10:08:41,Free_Living,annotator,Experimental situation,2022-05-29 01:35:23,2022-05-29 01:35:30
2022-05-29 10:08:41,2022-05-29 10:08:49,Free_Living,annotator,Experimental situation,2022-05-29 01:35:30,2022-05-29 01:35:38
2022-05-29 10:08:49,2022-05-29 10:08:54,Free_Living,annotator,Experimental situation,2022-05-29 01:35:38,2022-05-29 01:35:43
2022-05-29 10:08:54,2022-05-29 10:10:00,Free_Living,annotator,Experimental situation,2022-05-29 01:35:43,2022-05-29 01:36:49
2022-05-29 10:10:00,2022-05-29 10:10:13,Free_Living,annotator,Experimental situation,2022-05-29 01:36:49,2022-05-29 01:37:02
2022-05-29 10:10:13,2022-05-29 10:13:35,Free_Living,annotator,Experimental situation,2022-05-29 01:37:02,2022-05-29 01:40:24
2022-05-29 10:13:35,2022-05-29 10:13:47,Free_Living,annotator,Experimental situation,2022-05-29 01:40:24,2022-05-29 01:40:36
2022-05-29 10:13:47,2022-05-29 10:14:18,Free_Living,annotator,Experimental situation,2022-05-29 01:40:36,2022-05-29 01:41:07
2022-05-29 10:14:18,2022-05-29 10:14:26,Free_Living,annotator,Experimental situation,2022-05-29 01:41:07,2022-05-29 01:41:15
2022-05-29 10:14:26,2022-05-29 10:16:45,Free_Living,annotator,Experimental situation,2022-05-29 01:41:15,2022-05-29 01:43:34
2022-05-29 10:16:45,2022-05-29 10:17:20,Free_Living,annotator,Experimental situation,2022-05-29 01:43:34,2022-05-29 01:44:09
2022-05-29 10:17:20,2022-05-29 10:18:07,Free_Living,annotator,Experimental situation,2022-05-29 01:44:09,2022-05-29 01:44:56
2022-05-29 10:18:07,2022-05-29 10:18:15,Free_Living,annotator,Experimental situation,2022-05-29 01:44:56,2022-05-29 01:45:04
2022-05-29 10:18:15,2022-05-29 10:18:59,Free_Living,annotator,Experimental situation,2022-05-29 01:45:04,2022-05-29 01:45:48
2022-05-29 10:18:59,2022-05-29 10:19:05,Free_Living,annotator,Experimental situation,2022-05-29 01:45:48,2022-05-29 01:45:54
2022-05-29 10:19:05,2022-05-29 10:20:32,Free_Living,annotator,Experimental situation,2022-05-29 01:45:54,2022-05-29 01:47:21
2022-05-29 10:20:32,2022-05-29 10:20:46,Free_Living,annotator,Experimental situation,2022-05-29 01:47:21,2022-05-29 01:47:35
2022-05-29 10:20:46,2022-05-29 10:20:49,Free_Living,annotator,Experimental situation,2022-05-29 01:47:35,2022-05-29 01:47:38
2022-05-29 10:20:49,2022-05-29 10:21:11,Free_Living,annotator,Experimental situation,2022-05-29 01:47:38,2022-05-29 01:48:00
2022-05-29 10:21:11,2022-05-29 10:21:17,Free_Living,annotator,Experimental situation,2022-05-29 01:48:00,2022-05-29 01:48:06
2022-05-29 10:21:17,2022-05-29 10:22:31,Free_Living,annotator,Experimental situation,2022-05-29 01:48:06,2022-05-29 01:49:20
2022-05-29 10:22:31,2022-05-29 10:22:50,Free_Living,annotator,Experimental situation,2022-05-29 01:49:20,2022-05-29 01:49:39
2022-05-29 10:22:50,2022-05-29 10:25:38,Free_Living,annotator,Experimental situation,2022-05-29 01:49:39,2022-05-29 01:52:27
2022-05-29 10:25:38,2022-05-29 10:26:38,Free_Living,annotator,Experimental situation,2022-05-29 01:52:27,2022-05-29 01:53:27
2022-05-29 10:26:38,2022-05-29 10:27:15,Free_Living,annotator,Experimental situation,2022-05-29 01:53:27,2022-05-29 01:54:04
2022-05-29 10:27:15,2022-05-29 10:27:32,Free_Living,annotator,Experimental situation,2022-05-29 01:54:04,2022-05-29 01:54:21
2022-05-29 10:27:32,2022-05-29 10:28:03,Free_Living,annotator,Experimental situation,2022-05-29 01:54:21,2022-05-29 01:54:52
2022-05-29 10:28:03,2022-05-29 10:28:10,Free_Living,annotator,Experimental situation,2022-05-29 01:54:52,2022-05-29 01:54:59
2022-05-29 10:28:10,2022-05-29 10:28:25,Free_Living,annotator,Experimental situation,2022-05-29 01:54:59,2022-05-29 01:55:14
2022-05-29 10:28:25,2022-05-29 10:28:30,Free_Living,annotator,Experimental situation,2022-05-29 01:55:14,2022-05-29 01:55:19
2022-05-29 10:28:30,2022-05-29 10:33:47,Free_Living,annotator,Experimental situation,2022-05-29 01:55:19,2022-05-29 02:00:36
2022-05-29 10:33:47,2022-05-29 10:34:11,Free_Living,annotator,Experimental situation,2022-05-29 02:00:36,2022-05-29 02:01:00
2022-05-29 10:34:11,2022-05-29 10:34:16,Free_Living,annotator,Experimental situation,2022-05-29 02:01:00,2022-05-29 02:01:05
2022-05-29 10:34:16,2022-05-29 10:34:37,Free_Living,annotator,Experimental situation,2022-05-29 02:01:05,2022-05-29 02:01:26
2022-05-29 10:34:37,2022-05-29 10:38:02,Free_Living,annotator,Experimental situation,2022-05-29 02:01:26,2022-05-29 02:04:51
2022-05-29 10:38:02,2022-05-29 10:38:13,Free_Living,annotator,Experimental situation,2022-05-29 02:04:51,2022-05-29 02:05:02
2022-05-29 10:38:13,2022-05-29 10:40:02,Free_Living,annotator,Experimental situation,2022-05-29 02:05:02,2022-05-29 02:06:51
2022-05-29 10:40:02,2022-05-29 10:40:17,Free_Living,annotator,Experimental situation,2022-05-29 02:06:51,2022-05-29 02:07:06
2022-05-29 10:40:17,2022-05-29 10:41:19,Free_Living,annotator,Experimental situation,2022-05-29 02:07:06,2022-05-29 02:08:08
2022-05-29 10:41:19,2022-05-29 10:44:12,Free_Living,annotator,Experimental situation,2022-05-29 02:08:08,2022-05-29 02:11:01
2022-05-29 10:44:12,2022-05-29 10:44:37,Free_Living,annotator,Experimental situation,2022-05-29 02:11:01,2022-05-29 02:11:26
2022-05-29 10:44:37,2022-05-29 10:45:23,Free_Living,annotator,Experimental situation,2022-05-29 02:11:26,2022-05-29 02:12:12
2022-05-29 10:45:23,2022-05-29 10:45:57,Free_Living,annotator,Experimental situation,2022-05-29 02:12:12,2022-05-29 02:12:46
2022-05-29 10:45:57,2022-05-29 10:46:09,Free_Living,annotator,Experimental situation,2022-05-29 02:12:46,2022-05-29 02:12:58
2022-05-29 10:46:09,2022-05-29 10:46:26,Free_Living,annotator,Experimental situation,2022-05-29 02:12:58,2022-05-29 02:13:15
2022-05-29 10:46:26,2022-05-29 10:46:44,Free_Living,annotator,Experimental situation,2022-05-29 02:13:15,2022-05-29 02:13:33
2022-05-29 10:46:44,2022-05-29 10:46:50,Free_Living,annotator,Experimental situation,2022-05-29 02:13:33,2022-05-29 02:13:39
2022-05-29 10:46:50,2022-05-29 10:47:00,Free_Living,annotator,Experimental situation,2022-05-29 02:13:39,2022-05-29 02:13:49
2022-05-29 10:47:00,2022-05-29 10:47:08,Free_Living,annotator,Experimental situation,2022-05-29 02:13:49,2022-05-29 02:13:57
2022-05-29 10:47:08,2022-05-29 10:47:17,Free_Living,annotator,Experimental situation,2022-05-29 02:13:57,2022-05-29 02:14:06
2022-05-29 10:47:17,2022-05-29 10:47:36,Free_Living,annotator,Experimental situation,2022-05-29 02:14:06,2022-05-29 02:14:25
2022-05-29 10:47:36,2022-05-29 10:47:46,Free_Living,annotator,Experimental situation,2022-05-29 02:14:25,2022-05-29 02:14:35
2022-05-29 10:47:46,2022-05-29 10:51:18,Free_Living,annotator,Experimental situation,2022-05-29 02:14:35,2022-05-29 02:18:07
2022-05-29 10:51:18,2022-05-29 10:52:00,Free_Living,annotator,Experimental situation,2022-05-29 02:18:07,2022-05-29 02:18:49
2022-05-29 10:52:00,2022-05-29 10:52:27,Free_Living,annotator,Experimental situation,2022-05-29 02:18:49,2022-05-29 02:19:16
2022-05-29 10:52:27,2022-05-29 10:52:40,Free_Living,annotator,Experimental situation,2022-05-29 02:19:16,2022-05-29 02:19:29
2022-05-29 10:52:40,2022-05-29 10:55:12,Free_Living,annotator,Experimental situation,2022-05-29 02:19:29,2022-05-29 02:22:01
2022-05-29 10:55:12,2022-05-29 10:55:40,Free_Living,annotator,Experimental situation,2022-05-29 02:22:01,2022-05-29 02:22:29
2022-05-29 10:55:40,2022-05-29 10:55:52,Free_Living,annotator,Experimental situation,2022-05-29 02:22:29,2022-05-29 02:22:41
2022-05-29 10:55:52,2022-05-29 10:55:57,Free_Living,annotator,Experimental situation,2022-05-29 02:22:41,2022-05-29 02:22:46
2022-05-29 10:55:57,2022-05-29 10:56:48,Free_Living,annotator,Experimental situation,2022-05-29 02:22:46,2022-05-29 02:23:37
2022-05-29 10:56:48,2022-05-29 10:56:53,Free_Living,annotator,Experimental situation,2022-05-29 02:23:37,2022-05-29 02:23:42
2022-05-29 10:56:53,2022-05-29 11:00:31,Free_Living,annotator,Experimental situation,2022-05-29 02:23:42,2022-05-29 02:27:20
2022-05-29 11:00:31,2022-05-29 11:01:01,Free_Living,annotator,Experimental situation,2022-05-29 02:27:20,2022-05-29 02:27:50
2022-05-29 11:01:01,2022-05-29 11:03:22,Free_Living,annotator,Experimental situation,2022-05-29 02:27:50,2022-05-29 02:30:11
2022-05-29 11:03:22,2022-05-29 11:03:58,Free_Living,annotator,Experimental situation,2022-05-29 02:30:11,2022-05-29 02:30:47
2022-05-29 11:03:58,2022-05-29 11:04:04,Free_Living,annotator,Experimental situation,2022-05-29 02:30:47,2022-05-29 02:30:53
2022-05-29 11:04:04,2022-05-29 11:04:30,Free_Living,annotator,Experimental situation,2022-05-29 02:30:53,2022-05-29 02:31:19
2022-05-29 11:04:30,2022-05-29 11:05:56,Free_Living,annotator,Experimental situation,2022-05-29 02:31:19,2022-05-29 02:32:45
2022-05-29 11:05:56,2022-05-29 11:06:16,Free_Living,annotator,Experimental situation,2022-05-29 02:32:45,2022-05-29 02:33:05
2022-05-29 11:06:16,2022-05-29 11:06:59,Free_Living,annotator,Experimental situation,2022-05-29 02:33:05,2022-05-29 02:33:48
2022-05-29 11:06:59,2022-05-29 11:07:34,Free_Living,annotator,Experimental situation,2022-05-29 02:33:48,2022-05-29 02:34:23
2022-05-29 11:07:34,2022-05-29 11:08:36,Free_Living,annotator,Experimental situation,2022-05-29 02:34:23,2022-05-29 02:35:25
2022-05-29 11:08:36,2022-05-29 11:11:16,Free_Living,annotator,Experimental situation,2022-05-29 02:35:25,2022-05-29 02:38:05
2022-05-29 11:11:16,2022-05-29 11:11:24,Free_Living,annotator,Experimental situation,2022-05-29 02:38:05,2022-05-29 02:38:13
2022-05-29 11:11:24,2022-05-29 11:12:06,Free_Living,annotator,Experimental situation,2022-05-29 02:38:13,2022-05-29 02:38:55
2022-05-29 11:12:06,2022-05-29 11:12:12,Free_Living,annotator,Experimental situation,2022-05-29 02:38:55,2022-05-29 02:39:01
2022-05-29 11:12:12,2022-05-29 11:14:45,Free_Living,annotator,Experimental situation,2022-05-29 02:39:01,2022-05-29 02:41:34
2022-05-29 11:14:45,2022-05-29 11:15:04,Free_Living,annotator,Experimental situation,2022-05-29 02:41:34,2022-05-29 02:41:53
2022-05-29 11:15:04,2022-05-29 11:17:23,Free_Living,annotator,Experimental situation,2022-05-29 02:41:53,2022-05-29 02:44:12
2022-05-29 11:17:23,2022-05-29 11:17:33,Free_Living,annotator,Experimental situation,2022-05-29 02:44:12,2022-05-29 02:44:22
2022-05-29 11:17:33,2022-05-29 11:18:21,Free_Living,annotator,Experimental situation,2022-05-29 02:44:22,2022-05-29 02:45:10
2022-05-29 11:18:21,2022-05-29 11:18:47,Free_Living,annotator,Experimental situation,2022-05-29 02:45:10,2022-05-29 02:45:36
2022-05-29 11:18:47,2022-05-29 11:19:04,Free_Living,annotator,Experimental situation,2022-05-29 02:45:36,2022-05-29 02:45:53
2022-05-29 11:19:04,2022-05-29 11:19:09,Free_Living,annotator,Experimental situation,2022-05-29 02:45:53,2022-05-29 02:45:58
2022-05-29 11:19:09,2022-05-29 11:19:33,Free_Living,annotator,Experimental situation,2022-05-29 02:45:58,2022-05-29 02:46:22
2022-05-29 11:19:34,2022-05-29 11:20:04,Free_Living,annotator,Experimental situation,2022-05-29 02:46:23,2022-05-29 02:46:53
2022-05-29 11:20:04,2022-05-29 11:20:22,Free_Living,annotator,Experimental situation,2022-05-29 02:46:53,2022-05-29 02:47:11
2022-05-29 11:20:22,2022-05-29 11:20:52,Free_Living,annotator,Experimental situation,2022-05-29 02:47:11,2022-05-29 02:47:41
2022-05-29 11:20:52,2022-05-29 11:21:18,Free_Living,annotator,Experimental situation,2022-05-29 02:47:41,2022-05-29 02:48:07
2022-05-29 11:21:18,2022-05-29 11:24:13,Free_Living,annotator,Experimental situation,2022-05-29 02:48:07,2022-05-29 02:51:02
2022-05-29 11:24:13,2022-05-29 11:24:27,Free_Living,annotator,Experimental situation,2022-05-29 02:51:02,2022-05-29 02:51:16
2022-05-29 11:24:27,2022-05-29 11:24:37,Free_Living,annotator,Experimental situation,2022-05-29 02:51:16,2022-05-29 02:51:26
2022-05-29 11:24:37,2022-05-29 11:24:56,Free_Living,annotator,Experimental situation,2022-05-29 02:51:26,2022-05-29 02:51:45
2022-05-29 11:24:56,2022-05-29 11:28:48,Free_Living,annotator,Experimental situation,2022-05-29 02:51:45,2022-05-29 02:55:37
2022-05-29 11:28:48,2022-05-29 11:29:09,Free_Living,annotator,Experimental situation,2022-05-29 02:55:37,2022-05-29 02:55:58
2022-05-29 11:29:09,2022-05-29 11:31:24,Free_Living,annotator,Experimental situation,2022-05-29 02:55:58,2022-05-29 02:58:13
2022-05-29 11:31:24,2022-05-29 11:31:43,Free_Living,annotator,Experimental situation,2022-05-29 02:58:13,2022-05-29 02:58:32
2022-05-29 11:31:43,2022-05-29 11:34:20,Free_Living,annotator,Experimental situation,2022-05-29 02:58:32,2022-05-29 03:01:09
2022-05-29 11:34:20,2022-05-29 11:34:33,Free_Living,annotator,Experimental situation,2022-05-29 03:01:09,2022-05-29 03:01:22
2022-05-29 11:34:33,2022-05-29 11:35:10,Free_Living,annotator,Experimental situation,2022-05-29 03:01:22,2022-05-29 03:01:59
2022-05-29 11:35:10,2022-05-29 11:36:01,Free_Living,annotator,Experimental situation,2022-05-29 03:01:59,2022-05-29 03:02:50
2022-05-29 11:36:01,2022-05-29 11:36:16,Free_Living,annotator,Experimental situation,2022-05-29 03:02:50,2022-05-29 03:03:05
2022-05-29 11:36:16,2022-05-29 11:36:35,Free_Living,annotator,Experimental situation,2022-05-29 03:03:05,2022-05-29 03:03:24
2022-05-29 11:36:35,2022-05-29 11:36:44,Free_Living,annotator,Experimental situation,2022-05-29 03:03:24,2022-05-29 03:03:33
2022-05-29 11:36:44,2022-05-29 11:36:49,Free_Living,annotator,Experimental situation,2022-05-29 03:03:33,2022-05-29 03:03:38
2022-05-29 11:36:49,2022-05-29 11:36:53,Free_Living,annotator,Experimental situation,2022-05-29 03:03:38,2022-05-29 03:03:42
2022-05-29 11:36:53,2022-05-29 11:37:08,Free_Living,annotator,Experimental situation,2022-05-29 03:03:42,2022-05-29 03:03:57
2022-05-29 11:37:08,2022-05-29 11:39:30,Free_Living,annotator,Experimental situation,2022-05-29 03:03:57,2022-05-29 03:06:19
2022-05-29 11:39:30,2022-05-29 11:39:39,Free_Living,annotator,Experimental situation,2022-05-29 03:06:19,2022-05-29 03:06:28
2022-05-29 11:39:39,2022-05-29 11:40:45,Free_Living,annotator,Experimental situation,2022-05-29 03:06:28,2022-05-29 03:07:34
2022-05-29 11:40:45,2022-05-29 11:41:09,Free_Living,annotator,Experimental situation,2022-05-29 03:07:34,2022-05-29 03:07:58
2022-05-29 11:41:09,2022-05-29 11:41:45,Free_Living,annotator,Experimental situation,2022-05-29 03:07:58,2022-05-29 03:08:34
2022-05-29 11:41:45,2022-05-29 11:41:52,Free_Living,annotator,Experimental situation,2022-05-29 03:08:34,2022-05-29 03:08:41
2022-05-29 11:41:52,2022-05-29 11:42:18,Free_Living,annotator,Experimental situation,2022-05-29 03:08:41,2022-05-29 03:09:07
2022-05-29 11:42:18,2022-05-29 11:42:33,Free_Living,annotator,Experimental situation,2022-05-29 03:09:07,2022-05-29 03:09:22
2022-05-29 11:42:33,2022-05-29 11:45:43,Free_Living,annotator,Experimental situation,2022-05-29 03:09:22,2022-05-29 03:12:32
2022-05-29 11:45:43,2022-05-29 11:46:00,Free_Living,annotator,Experimental situation,2022-05-29 03:12:32,2022-05-29 03:12:49
2022-05-29 11:46:00,2022-05-29 11:46:17,Free_Living,annotator,Experimental situation,2022-05-29 03:12:49,2022-05-29 03:13:06
2022-05-29 11:46:17,2022-05-29 11:46:28,Free_Living,annotator,Experimental situation,2022-05-29 03:13:06,2022-05-29 03:13:17
2022-05-29 11:46:28,2022-05-29 11:47:38,Free_Living,annotator,Experimental situation,2022-05-29 03:13:17,2022-05-29 03:14:27
2022-05-29 11:47:38,2022-05-29 11:47:47,Free_Living,annotator,Experimental situation,2022-05-29 03:14:27,2022-05-29 03:14:36
2022-05-29 11:47:47,2022-05-29 11:48:32,Free_Living,annotator,Experimental situation,2022-05-29 03:14:36,2022-05-29 03:15:21
2022-05-29 11:48:32,2022-05-29 11:48:45,Free_Living,annotator,Experimental situation,2022-05-29 03:15:21,2022-05-29 03:15:34
2022-05-29 11:48:45,2022-05-29 11:48:52,Free_Living,annotator,Experimental situation,2022-05-29 03:15:34,2022-05-29 03:15:41
2022-05-29 11:48:52,2022-05-29 11:50:12,Free_Living,annotator,Experimental situation,2022-05-29 03:15:41,2022-05-29 03:17:01
2022-05-29 11:50:12,2022-05-29 11:50:37,Free_Living,annotator,Experimental situation,2022-05-29 03:17:01,2022-05-29 03:17:26
2022-05-29 11:50:37,2022-05-29 11:50:40,Free_Living,annotator,Experimental situation,2022-05-29 03:17:26,2022-05-29 03:17:29
2022-05-29 11:50:40,2022-05-29 11:51:29,Free_Living,annotator,Experimental situation,2022-05-29 03:17:29,2022-05-29 03:18:18
2022-05-29 11:51:29,2022-05-29 11:54:08,Free_Living,annotator,Experimental situation,2022-05-29 03:18:18,2022-05-29 03:20:57
2022-05-29 11:54:08,2022-05-29 11:54:51,Free_Living,annotator,Experimental situation,2022-05-29 03:20:57,2022-05-29 03:21:40
2022-05-29 11:54:51,2022-05-29 11:56:27,Free_Living,annotator,Experimental situation,2022-05-29 03:21:40,2022-05-29 03:23:16
2022-05-29 11:56:27,2022-05-29 11:56:51,Free_Living,annotator,Experimental situation,2022-05-29 03:23:16,2022-05-29 03:23:40
2022-05-29 11:56:51,2022-05-29 11:57:45,Free_Living,annotator,Experimental situation,2022-05-29 03:23:40,2022-05-29 03:24:34
2022-05-29 11:57:45,2022-05-29 11:58:04,Free_Living,annotator,Experimental situation,2022-05-29 03:24:34,2022-05-29 03:24:53
2022-05-29 11:58:04,2022-05-29 12:01:57,Free_Living,annotator,Experimental situation,2022-05-29 03:24:53,2022-05-29 03:28:46
2022-05-29 12:01:57,2022-05-29 12:02:18,Free_Living,annotator,Experimental situation,2022-05-29 03:28:46,2022-05-29 03:29:07
2022-05-29 12:02:18,2022-05-29 12:03:35,Free_Living,annotator,Experimental situation,2022-05-29 03:29:07,2022-05-29 03:30:24
2022-05-29 12:03:35,2022-05-29 12:03:46,Free_Living,annotator,Experimental situation,2022-05-29 03:30:24,2022-05-29 03:30:35
2022-05-29 12:03:46,2022-05-29 12:03:55,Free_Living,annotator,Experimental situation,2022-05-29 03:30:35,2022-05-29 03:30:44
2022-05-29 12:03:55,2022-05-29 12:04:12,Free_Living,annotator,Experimental situation,2022-05-29 03:30:44,2022-05-29 03:31:01
2022-05-29 12:04:12,2022-05-29 12:05:37,Free_Living,annotator,Experimental situation,2022-05-29 03:31:01,2022-05-29 03:32:26
2022-05-29 12:05:37,2022-05-29 12:05:48,Free_Living,annotator,Experimental situation,2022-05-29 03:32:26,2022-05-29 03:32:37
2022-05-29 12:05:48,2022-05-29 12:07:22,Free_Living,annotator,Experimental situation,2022-05-29 03:32:37,2022-05-29 03:34:11
2022-05-29 12:07:22,2022-05-29 12:08:08,Free_Living,annotator,Experimental situation,2022-05-29 03:34:11,2022-05-29 03:34:57
2022-05-29 12:08:08,2022-05-29 12:08:13,Free_Living,annotator,Experimental situation,2022-05-29 03:34:57,2022-05-29 03:35:02
2022-05-29 12:08:13,2022-05-29 12:09:10,Free_Living,annotator,Experimental situation,2022-05-29 03:35:02,2022-05-29 03:35:59
2022-05-29 12:09:10,2022-05-29 12:09:18,Free_Living,annotator,Experimental situation,2022-05-29 03:35:59,2022-05-29 03:36:07
2022-05-29 12:09:18,2022-05-29 12:09:35,Free_Living,annotator,Experimental situation,2022-05-29 03:36:07,2022-05-29 03:36:24
2022-05-29 12:09:35,2022-05-29 12:10:51,Free_Living,annotator,Experimental situation,2022-05-29 03:36:24,2022-05-29 03:37:40
2022-05-29 12:10:51,2022-05-29 12:12:15,Free_Living,annotator,Experimental situation,2022-05-29 03:37:40,2022-05-29 03:39:04
2022-05-29 12:12:15,2022-05-29 12:12:25,Free_Living,annotator,Experimental situation,2022-05-29 03:39:04,2022-05-29 03:39:14
2022-05-29 12:12:25,2022-05-29 12:13:18,Free_Living,annotator,Experimental situation,2022-05-29 03:39:14,2022-05-29 03:40:07
2022-05-29 12:13:18,2022-05-29 12:13:51,Free_Living,annotator,Experimental situation,2022-05-29 03:40:07,2022-05-29 03:40:40
2022-05-29 12:13:51,2022-05-29 12:14:19,Free_Living,annotator,Experimental situation,2022-05-29 03:40:40,2022-05-29 03:41:08
2022-05-29 12:14:19,2022-05-29 12:15:29,Free_Living,annotator,Experimental situation,2022-05-29 03:41:08,2022-05-29 03:42:18
2022-05-29 12:15:29,2022-05-29 12:15:46,Free_Living,annotator,Experimental situation,2022-05-29 03:42:18,2022-05-29 03:42:35
2022-05-29 12:15:46,2022-05-29 12:16:28,Free_Living,annotator,Experimental situation,2022-05-29 03:42:35,2022-05-29 03:43:17
2022-05-29 12:16:28,2022-05-29 12:16:35,Free_Living,annotator,Experimental situation,2022-05-29 03:43:17,2022-05-29 03:43:24
2022-05-29 12:16:35,2022-05-29 12:17:17,Free_Living,annotator,Experimental situation,2022-05-29 03:43:24,2022-05-29 03:44:06
2022-05-29 12:17:17,2022-05-29 12:17:33,Free_Living,annotator,Experimental situation,2022-05-29 03:44:06,2022-05-29 03:44:22
2022-05-29 12:17:33,2022-05-29 12:17:38,Free_Living,annotator,Experimental situation,2022-05-29 03:44:22,2022-05-29 03:44:27
2022-05-29 12:17:38,2022-05-29 12:18:07,Free_Living,annotator,Experimental situation,2022-05-29 03:44:27,2022-05-29 03:44:56
2022-05-29 12:18:07,2022-05-29 12:18:23,Free_Living,annotator,Experimental situation,2022-05-29 03:44:56,2022-05-29 03:45:12
2022-05-29 12:18:23,2022-05-29 12:19:37,Free_Living,annotator,Experimental situation,2022-05-29 03:45:12,2022-05-29 03:46:26
2022-05-29 12:19:37,2022-05-29 12:20:06,Free_Living,annotator,Experimental situation,2022-05-29 03:46:26,2022-05-29 03:46:55
2022-05-29 12:20:06,2022-05-29 12:20:13,Free_Living,annotator,Experimental situation,2022-05-29 03:46:55,2022-05-29 03:47:02
2022-05-29 12:20:13,2022-05-29 12:20:21,Free_Living,annotator,Experimental situation,2022-05-29 03:47:02,2022-05-29 03:47:10
2022-05-29 12:20:21,2022-05-29 12:20:45,Free_Living,annotator,Experimental situation,2022-05-29 03:47:10,2022-05-29 03:47:34
2022-05-29 12:20:45,2022-05-29 12:20:58,Free_Living,annotator,Experimental situation,2022-05-29 03:47:34,2022-05-29 03:47:47
2022-05-29 12:20:58,2022-05-29 12:21:17,Free_Living,annotator,Experimental situation,2022-05-29 03:47:47,2022-05-29 03:48:06
2022-05-29 12:21:17,2022-05-29 12:22:26,Free_Living,annotator,Experimental situation,2022-05-29 03:48:06,2022-05-29 03:49:15
2022-05-29 12:22:27,2022-05-29 12:22:39,Free_Living,annotator,Experimental situation,2022-05-29 03:49:16,2022-05-29 03:49:28
2022-05-29 12:22:39,2022-05-29 12:22:47,Free_Living,annotator,Experimental situation,2022-05-29 03:49:28,2022-05-29 03:49:36
2022-05-29 12:22:47,2022-05-29 12:23:05,Free_Living,annotator,Experimental situation,2022-05-29 03:49:36,2022-05-29 03:49:54
2022-05-29 12:23:05,2022-05-29 12:24:20,Free_Living,annotator,Experimental situation,2022-05-29 03:49:54,2022-05-29 03:51:09
2022-05-29 12:24:20,2022-05-29 12:24:27,Free_Living,annotator,Experimental situation,2022-05-29 03:51:09,2022-05-29 03:51:16
2022-05-29 12:24:27,2022-05-29 12:24:37,Free_Living,annotator,Experimental situation,2022-05-29 03:51:16,2022-05-29 03:51:26
2022-05-29 12:24:37,2022-05-29 12:24:53,Free_Living,annotator,Experimental situation,2022-05-29 03:51:26,2022-05-29 03:51:42
2022-05-29 12:24:53,2022-05-29 12:25:40,Free_Living,annotator,Experimental situation,2022-05-29 03:51:42,2022-05-29 03:52:29
2022-05-29 12:25:42,2022-05-29 12:26:19,Free_Living,annotator,Experimental situation,2022-05-29 03:52:31,2022-05-29 03:53:08
2022-05-29 12:26:19,2022-05-29 12:26:27,Free_Living,annotator,Experimental situation,2022-05-29 03:53:08,2022-05-29 03:53:16
2022-05-29 12:26:27,2022-05-29 12:26:48,Free_Living,annotator,Experimental situation,2022-05-29 03:53:16,2022-05-29 03:53:37
2022-05-29 12:26:48,2022-05-29 12:27:59,Free_Living,annotator,Experimental situation,2022-05-29 03:53:37,2022-05-29 03:54:48
2022-05-29 12:27:59,2022-05-29 12:29:25,Free_Living,annotator,Experimental situation,2022-05-29 03:54:48,2022-05-29 03:56:14
2022-05-29 12:29:25,2022-05-29 12:29:58,Free_Living,annotator,Experimental situation,2022-05-29 03:56:14,2022-05-29 03:56:47
2022-05-29 12:29:58,2022-05-29 12:30:28,Free_Living,annotator,Experimental situation,2022-05-29 03:56:47,2022-05-29 03:57:17
2022-05-29 12:30:28,2022-05-29 12:32:12,Free_Living,annotator,Experimental situation,2022-05-29 03:57:17,2022-05-29 03:59:01
2022-05-29 12:32:12,2022-05-29 12:32:39,Free_Living,annotator,Experimental situation,2022-05-29 03:59:01,2022-05-29 03:59:28
2022-05-29 12:32:39,2022-05-29 12:33:01,Free_Living,annotator,Experimental situation,2022-05-29 03:59:28,2022-05-29 03:59:50
2022-05-29 12:33:01,2022-05-29 12:33:19,Free_Living,annotator,Experimental situation,2022-05-29 03:59:50,2022-05-29 04:00:08
2022-05-29 12:33:19,2022-05-29 12:33:27,Free_Living,annotator,Experimental situation,2022-05-29 04:00:08,2022-05-29 04:00:16
2022-05-29 12:33:27,2022-05-29 12:33:32,Free_Living,annotator,Experimental situation,2022-05-29 04:00:16,2022-05-29 04:00:21
2022-05-29 12:33:32,2022-05-29 12:34:03,Free_Living,annotator,Experimental situation,2022-05-29 04:00:21,2022-05-29 04:00:52
2022-05-29 12:34:03,2022-05-29 12:34:19,Free_Living,annotator,Experimental situation,2022-05-29 04:00:52,2022-05-29 04:01:08
2022-05-29 12:34:19,2022-05-29 12:34:40,Free_Living,annotator,Experimental situation,2022-05-29 04:01:08,2022-05-29 04:01:29
2022-05-29 12:34:40,2022-05-29 12:34:46,Free_Living,annotator,Experimental situation,2022-05-29 04:01:29,2022-05-29 04:01:35
2022-05-29 12:34:46,2022-05-29 12:35:14,Free_Living,annotator,Experimental situation,2022-05-29 04:01:35,2022-05-29 04:02:03
2022-05-29 12:35:14,2022-05-29 12:36:11,Free_Living,annotator,Experimental situation,2022-05-29 04:02:03,2022-05-29 04:03:00
2022-05-29 12:36:11,2022-05-29 12:37:11,Free_Living,annotator,Experimental situation,2022-05-29 04:03:00,2022-05-29 04:04:00
2022-05-29 12:37:11,2022-05-29 12:37:51,Free_Living,annotator,Experimental situation,2022-05-29 04:04:00,2022-05-29 04:04:40
2022-05-29 12:37:51,2022-05-29 12:38:43,Free_Living,annotator,Experimental situation,2022-05-29 04:04:40,2022-05-29 04:05:32
2022-05-29 12:38:43,2022-05-29 12:40:37,Free_Living,annotator,Experimental situation,2022-05-29 04:05:32,2022-05-29 04:07:26
2022-05-29 12:40:37,2022-05-29 12:41:19,Free_Living,annotator,Experimental situation,2022-05-29 04:07:26,2022-05-29 04:08:08
2022-05-29 12:41:19,2022-05-29 12:41:26,Free_Living,annotator,Experimental situation,2022-05-29 04:08:08,2022-05-29 04:08:15
2022-05-29 12:41:26,2022-05-29 12:43:05,Free_Living,annotator,Experimental situation,2022-05-29 04:08:15,2022-05-29 04:09:54
2022-05-29 12:43:05,2022-05-29 12:44:27,Free_Living,annotator,Experimental situation,2022-05-29 04:09:54,2022-05-29 04:11:16
2022-05-29 12:44:27,2022-05-29 12:44:57,Free_Living,annotator,Experimental situation,2022-05-29 04:11:16,2022-05-29 04:11:46
2022-05-29 12:44:57,2022-05-29 12:45:20,Free_Living,annotator,Experimental situation,2022-05-29 04:11:46,2022-05-29 04:12:09
2022-05-29 12:45:20,2022-05-29 12:45:25,Free_Living,annotator,Experimental situation,2022-05-29 04:12:09,2022-05-29 04:12:14
2022-05-29 12:45:25,2022-05-29 12:45:34,Free_Living,annotator,Experimental situation,2022-05-29 04:12:14,2022-05-29 04:12:23
2022-05-29 12:45:34,2022-05-29 12:46:24,Free_Living,annotator,Experimental situation,2022-05-29 04:12:23,2022-05-29 04:13:13
2022-05-29 12:46:24,2022-05-29 12:46:38,Free_Living,annotator,Experimental situation,2022-05-29 04:13:13,2022-05-29 04:13:27
2022-05-29 12:46:38,2022-05-29 12:47:06,Free_Living,annotator,Experimental situation,2022-05-29 04:13:27,2022-05-29 04:13:55
2022-05-29 12:47:06,2022-05-29 12:47:29,Free_Living,annotator,Experimental situation,2022-05-29 04:13:55,2022-05-29 04:14:18
2022-05-29 12:47:29,2022-05-29 12:47:51,Free_Living,annotator,Experimental situation,2022-05-29 04:14:18,2022-05-29 04:14:40
2022-05-29 12:47:51,2022-05-29 12:48:18,Free_Living,annotator,Experimental situation,2022-05-29 04:14:40,2022-05-29 04:15:07
2022-05-29 12:48:18,2022-05-29 12:48:29,Free_Living,annotator,Experimental situation,2022-05-29 04:15:07,2022-05-29 04:15:18
2022-05-29 12:48:29,2022-05-29 12:48:52,Free_Living,annotator,Experimental situation,2022-05-29 04:15:18,2022-05-29 04:15:41
2022-05-29 12:48:52,2022-05-29 12:49:02,Free_Living,annotator,Experimental situation,2022-05-29 04:15:41,2022-05-29 04:15:51
2022-05-29 12:49:02,2022-05-29 12:49:16,Free_Living,annotator,Experimental situation,2022-05-29 04:15:51,2022-05-29 04:16:05
2022-05-29 12:49:16,2022-05-29 12:50:21,Free_Living,annotator,Experimental situation,2022-05-29 04:16:05,2022-05-29 04:17:10
2022-05-29 12:50:21,2022-05-29 12:50:37,Free_Living,annotator,Experimental situation,2022-05-29 04:17:10,2022-05-29 04:17:26
2022-05-29 12:50:37,2022-05-29 12:50:42,Free_Living,annotator,Experimental situation,2022-05-29 04:17:26,2022-05-29 04:17:31
2022-05-29 12:50:42,2022-05-29 12:51:29,Free_Living,annotator,Experimental situation,2022-05-29 04:17:31,2022-05-29 04:18:18
2022-05-29 12:51:29,2022-05-29 12:51:33,Free_Living,annotator,Experimental situation,2022-05-29 04:18:18,2022-05-29 04:18:22
2022-05-29 12:51:33,2022-05-29 12:51:40,Free_Living,annotator,Experimental situation,2022-05-29 04:18:22,2022-05-29 04:18:29
2022-05-29 12:51:40,2022-05-29 12:51:45,Free_Living,annotator,Experimental situation,2022-05-29 04:18:29,2022-05-29 04:18:34
2022-05-29 12:51:45,2022-05-29 12:51:52,Free_Living,annotator,Experimental situation,2022-05-29 04:18:34,2022-05-29 04:18:41
2022-05-29 12:51:52,2022-05-29 12:52:18,Free_Living,annotator,Experimental situation,2022-05-29 04:18:41,2022-05-29 04:19:07
2022-05-29 12:52:18,2022-05-29 12:53:31,Free_Living,annotator,Experimental situation,2022-05-29 04:19:07,2022-05-29 04:20:20
2022-05-29 12:53:31,2022-05-29 12:53:42,Free_Living,annotator,Experimental situation,2022-05-29 04:20:20,2022-05-29 04:20:31
2022-05-29 12:53:42,2022-05-29 12:55:04,Free_Living,annotator,Experimental situation,2022-05-29 04:20:31,2022-05-29 04:21:53
2022-05-29 12:55:04,2022-05-29 12:55:16,Free_Living,annotator,Experimental situation,2022-05-29 04:21:53,2022-05-29 04:22:05
2022-05-29 12:55:16,2022-05-29 12:55:48,Free_Living,annotator,Experimental situation,2022-05-29 04:22:05,2022-05-29 04:22:37
2022-05-29 12:55:48,2022-05-29 12:56:02,Free_Living,annotator,Experimental situation,2022-05-29 04:22:37,2022-05-29 04:22:51
2022-05-29 12:56:02,2022-05-29 12:56:29,Free_Living,annotator,Experimental situation,2022-05-29 04:22:51,2022-05-29 04:23:18
2022-05-29 12:56:29,2022-05-29 12:56:38,Free_Living,annotator,Experimental situation,2022-05-29 04:23:18,2022-05-29 04:23:27
2022-05-29 12:56:38,2022-05-29 12:57:06,Free_Living,annotator,Experimental situation,2022-05-29 04:23:27,2022-05-29 04:23:55
2022-05-29 12:57:06,2022-05-29 12:57:12,Free_Living,annotator,Experimental situation,2022-05-29 04:23:55,2022-05-29 04:24:01
2022-05-29 12:57:12,2022-05-29 12:57:28,Free_Living,annotator,Experimental situation,2022-05-29 04:24:01,2022-05-29 04:24:17
2022-05-29 12:57:28,2022-05-29 12:57:42,Free_Living,annotator,Experimental situation,2022-05-29 04:24:17,2022-05-29 04:24:31
2022-05-29 12:57:42,2022-05-29 12:58:24,Free_Living,annotator,Experimental situation,2022-05-29 04:24:31,2022-05-29 04:25:13
2022-05-29 12:58:24,2022-05-29 12:58:34,Free_Living,annotator,Experimental situation,2022-05-29 04:25:13,2022-05-29 04:25:23
2022-05-29 12:58:34,2022-05-29 12:58:56,Free_Living,annotator,Experimental situation,2022-05-29 04:25:23,2022-05-29 04:25:45
2022-05-29 12:58:56,2022-05-29 13:00:22,Free_Living,annotator,Experimental situation,2022-05-29 04:25:45,2022-05-29 04:27:11
2022-05-29 13:00:22,2022-05-29 13:00:43,Free_Living,annotator,Experimental situation,2022-05-29 04:27:11,2022-05-29 04:27:32
2022-05-29 13:00:43,2022-05-29 13:01:10,Free_Living,annotator,Experimental situation,2022-05-29 04:27:32,2022-05-29 04:27:59
2022-05-29 13:01:10,2022-05-29 13:01:18,Free_Living,annotator,Experimental situation,2022-05-29 04:27:59,2022-05-29 04:28:07
2022-05-29 13:01:18,2022-05-29 13:03:24,Free_Living,annotator,Experimental situation,2022-05-29 04:28:07,2022-05-29 04:30:13
2022-05-29 13:03:24,2022-05-29 13:03:30,Free_Living,annotator,Experimental situation,2022-05-29 04:30:13,2022-05-29 04:30:19
2022-05-29 13:03:30,2022-05-29 13:03:35,Free_Living,annotator,Experimental situation,2022-05-29 04:30:19,2022-05-29 04:30:24
2022-05-29 13:03:35,2022-05-29 13:03:44,Free_Living,annotator,Experimental situation,2022-05-29 04:30:24,2022-05-29 04:30:33
2022-05-29 13:03:44,2022-05-29 13:03:55,Free_Living,annotator,Experimental situation,2022-05-29 04:30:33,2022-05-29 04:30:44
2022-05-29 13:03:55,2022-05-29 13:04:09,Free_Living,annotator,Experimental situation,2022-05-29 04:30:44,2022-05-29 04:30:58
2022-05-29 13:04:09,2022-05-29 13:04:14,Free_Living,annotator,Experimental situation,2022-05-29 04:30:58,2022-05-29 04:31:03
2022-05-29 13:04:14,2022-05-29 13:04:27,Free_Living,annotator,Experimental situation,2022-05-29 04:31:03,2022-05-29 04:31:16
2022-05-29 13:04:27,2022-05-29 13:04:59,Free_Living,annotator,Experimental situation,2022-05-29 04:31:16,2022-05-29 04:31:48
2022-05-29 13:04:59,2022-05-29 13:05:12,Free_Living,annotator,Experimental situation,2022-05-29 04:31:48,2022-05-29 04:32:01
2022-05-29 13:05:12,2022-05-29 13:06:32,Free_Living,annotator,Experimental situation,2022-05-29 04:32:01,2022-05-29 04:33:21
2022-05-29 13:06:32,2022-05-29 13:06:40,Free_Living,annotator,Experimental situation,2022-05-29 04:33:21,2022-05-29 04:33:29
2022-05-29 13:06:40,2022-05-29 13:07:01,Free_Living,annotator,Experimental situation,2022-05-29 04:33:29,2022-05-29 04:33:50
2022-05-29 13:07:01,2022-05-29 13:07:06,Free_Living,annotator,Experimental situation,2022-05-29 04:33:50,2022-05-29 04:33:55
2022-05-29 13:07:06,2022-05-29 13:07:33,Free_Living,annotator,Experimental situation,2022-05-29 04:33:55,2022-05-29 04:34:22
2022-05-29 13:07:33,2022-05-29 13:09:06,Free_Living,annotator,Experimental situation,2022-05-29 04:34:22,2022-05-29 04:35:55
2022-05-29 13:09:06,2022-05-29 13:09:45,Free_Living,annotator,Experimental situation,2022-05-29 04:35:55,2022-05-29 04:36:34
2022-05-29 13:09:45,2022-05-29 13:09:58,Free_Living,annotator,Experimental situation,2022-05-29 04:36:34,2022-05-29 04:36:47
2022-05-29 13:09:58,2022-05-29 13:10:29,Free_Living,annotator,Experimental situation,2022-05-29 04:36:47,2022-05-29 04:37:18
2022-05-29 13:10:29,2022-05-29 13:10:49,Free_Living,annotator,Experimental situation,2022-05-29 04:37:18,2022-05-29 04:37:38
2022-05-29 13:10:49,2022-05-29 13:11:08,Free_Living,annotator,Experimental situation,2022-05-29 04:37:38,2022-05-29 04:37:57
2022-05-29 13:11:08,2022-05-29 13:11:38,Free_Living,annotator,Experimental situation,2022-05-29 04:37:57,2022-05-29 04:38:27
2022-05-29 13:11:38,2022-05-29 13:11:58,Free_Living,annotator,Experimental situation,2022-05-29 04:38:27,2022-05-29 04:38:47
2022-05-29 13:11:58,2022-05-29 13:12:07,Free_Living,annotator,Experimental situation,2022-05-29 04:38:47,2022-05-29 04:38:56
2022-05-29 13:12:07,2022-05-29 13:13:25,Free_Living,annotator,Experimental situation,2022-05-29 04:38:56,2022-05-29 04:40:14
2022-05-29 13:13:25,2022-05-29 13:13:38,Free_Living,annotator,Experimental situation,2022-05-29 04:40:14,2022-05-29 04:40:27
2022-05-29 13:13:38,2022-05-29 13:14:31,Free_Living,annotator,Experimental situation,2022-05-29 04:40:27,2022-05-29 04:41:20
2022-05-29 13:14:31,2022-05-29 13:14:48,Free_Living,annotator,Experimental situation,2022-05-29 04:41:20,2022-05-29 04:41:37
2022-05-29 13:14:48,2022-05-29 13:15:39,Free_Living,annotator,Experimental situation,2022-05-29 04:41:37,2022-05-29 04:42:28
2022-05-29 13:15:39,2022-05-29 13:15:54,Free_Living,annotator,Experimental situation,2022-05-29 04:42:28,2022-05-29 04:42:43
2022-05-29 13:15:54,2022-05-29 13:16:04,Free_Living,annotator,Experimental situation,2022-05-29 04:42:43,2022-05-29 04:42:53
2022-05-29 13:16:04,2022-05-29 13:16:21,Free_Living,annotator,Experimental situation,2022-05-29 04:42:53,2022-05-29 04:43:10
2022-05-29 13:16:21,2022-05-29 13:17:36,Free_Living,annotator,Experimental situation,2022-05-29 04:43:10,2022-05-29 04:44:25
2022-05-29 13:17:36,2022-05-29 13:18:38,Free_Living,annotator,Experimental situation,2022-05-29 04:44:25,2022-05-29 04:45:27
2022-05-29 13:18:38,2022-05-29 13:19:00,Free_Living,annotator,Experimental situation,2022-05-29 04:45:27,2022-05-29 04:45:49
2022-05-29 13:19:00,2022-05-29 13:19:42,Free_Living,annotator,Experimental situation,2022-05-29 04:45:49,2022-05-29 04:46:31
2022-05-29 13:19:42,2022-05-29 13:19:55,Free_Living,annotator,Experimental situation,2022-05-29 04:46:31,2022-05-29 04:46:44
2022-05-29 13:19:55,2022-05-29 13:20:08,Free_Living,annotator,Experimental situation,2022-05-29 04:46:44,2022-05-29 04:46:57
2022-05-29 13:20:08,2022-05-29 13:21:16,Free_Living,annotator,Experimental situation,2022-05-29 04:46:57,2022-05-29 04:48:05
2022-05-29 13:21:16,2022-05-29 13:21:26,Free_Living,annotator,Experimental situation,2022-05-29 04:48:05,2022-05-29 04:48:15
2022-05-29 13:21:26,2022-05-29 13:21:33,Free_Living,annotator,Experimental situation,2022-05-29 04:48:15,2022-05-29 04:48:22
2022-05-29 13:21:33,2022-05-29 13:22:10,Free_Living,annotator,Experimental situation,2022-05-29 04:48:22,2022-05-29 04:48:59
2022-05-29 13:22:10,2022-05-29 13:22:17,Free_Living,annotator,Experimental situation,2022-05-29 04:48:59,2022-05-29 04:49:06
2022-05-29 13:22:17,2022-05-29 13:22:26,Free_Living,annotator,Experimental situation,2022-05-29 04:49:06,2022-05-29 04:49:15
2022-05-29 13:22:26,2022-05-29 13:22:38,Free_Living,annotator,Experimental situation,2022-05-29 04:49:15,2022-05-29 04:49:27
2022-05-29 13:22:38,2022-05-29 13:22:46,Free_Living,annotator,Experimental situation,2022-05-29 04:49:27,2022-05-29 04:49:35
2022-05-29 13:22:46,2022-05-29 13:23:03,Free_Living,annotator,Experimental situation,2022-05-29 04:49:35,2022-05-29 04:49:52
2022-05-29 13:23:03,2022-05-29 13:23:33,Free_Living,annotator,Experimental situation,2022-05-29 04:49:52,2022-05-29 04:50:22
2022-05-29 13:23:33,2022-05-29 13:23:54,Free_Living,annotator,Experimental situation,2022-05-29 04:50:22,2022-05-29 04:50:43
2022-05-29 13:23:54,2022-05-29 13:24:06,Free_Living,annotator,Experimental situation,2022-05-29 04:50:43,2022-05-29 04:50:55
2022-05-29 13:24:06,2022-05-29 13:24:12,Free_Living,annotator,Experimental situation,2022-05-29 04:50:55,2022-05-29 04:51:01
2022-05-29 13:24:12,2022-05-29 13:24:19,Free_Living,annotator,Experimental situation,2022-05-29 04:51:01,2022-05-29 04:51:08
2022-05-29 13:24:19,2022-05-29 13:26:09,Free_Living,annotator,Experimental situation,2022-05-29 04:51:08,2022-05-29 04:52:58
2022-05-29 13:26:09,2022-05-29 13:26:19,Free_Living,annotator,Experimental situation,2022-05-29 04:52:58,2022-05-29 04:53:08
2022-05-29 13:26:19,2022-05-29 13:26:25,Free_Living,annotator,Experimental situation,2022-05-29 04:53:08,2022-05-29 04:53:14
2022-05-29 13:26:25,2022-05-29 13:26:45,Free_Living,annotator,Experimental situation,2022-05-29 04:53:14,2022-05-29 04:53:34
2022-05-29 13:26:45,2022-05-29 13:27:10,Free_Living,annotator,Experimental situation,2022-05-29 04:53:34,2022-05-29 04:53:59
2022-05-29 13:27:10,2022-05-29 13:27:42,Free_Living,annotator,Experimental situation,2022-05-29 04:53:59,2022-05-29 04:54:31
2022-05-29 13:27:42,2022-05-29 13:27:49,Free_Living,annotator,Experimental situation,2022-05-29 04:54:31,2022-05-29 04:54:38
2022-05-29 13:27:49,2022-05-29 13:28:09,Free_Living,annotator,Experimental situation,2022-05-29 04:54:38,2022-05-29 04:54:58
2022-05-29 13:28:09,2022-05-29 13:28:40,Free_Living,annotator,Experimental situation,2022-05-29 04:54:58,2022-05-29 04:55:29
2022-05-29 13:28:40,2022-05-29 13:30:07,Free_Living,annotator,Experimental situation,2022-05-29 04:55:29,2022-05-29 04:56:56
2022-05-29 13:30:07,2022-05-29 13:30:14,Free_Living,annotator,Experimental situation,2022-05-29 04:56:56,2022-05-29 04:57:03
2022-05-29 13:30:14,2022-05-29 13:34:51,Free_Living,annotator,Experimental situation,2022-05-29 04:57:03,2022-05-29 05:01:40
2022-05-29 13:34:51,2022-05-29 13:36:00,Free_Living,annotator,Experimental situation,2022-05-29 05:01:40,2022-05-29 05:02:49
2022-05-29 13:36:01,2022-05-29 13:38:48,Free_Living,annotator,Experimental situation,2022-05-29 05:02:50,2022-05-29 05:05:37
2022-05-29 13:38:48,2022-05-29 13:40:33,Free_Living,annotator,Experimental situation,2022-05-29 05:05:37,2022-05-29 05:07:22
2022-05-29 13:40:33,2022-05-29 13:42:24,Free_Living,annotator,Experimental situation,2022-05-29 05:07:22,2022-05-29 05:09:13
2022-05-29 13:42:24,2022-05-29 13:42:38,Free_Living,annotator,Experimental situation,2022-05-29 05:09:13,2022-05-29 05:09:27
2022-05-29 13:42:38,2022-05-29 13:48:38,Free_Living,annotator,Experimental situation,2022-05-29 05:09:27,2022-05-29 05:15:27
2022-05-29 13:48:38,2022-05-29 13:53:37,Free_Living,annotator,Experimental situation,2022-05-29 05:15:27,2022-05-29 05:20:26
2022-05-29 13:53:37,2022-05-29 13:54:16,Free_Living,annotator,Experimental situation,2022-05-29 05:20:26,2022-05-29 05:21:05
2022-05-29 13:54:16,2022-05-29 13:54:25,Free_Living,annotator,Experimental situation,2022-05-29 05:21:05,2022-05-29 05:21:14
2022-05-29 13:54:25,2022-05-29 13:54:43,Free_Living,annotator,Experimental situation,2022-05-29 05:21:14,2022-05-29 05:21:32
2022-05-29 13:54:43,2022-05-29 13:54:58,Free_Living,annotator,Experimental situation,2022-05-29 05:21:32,2022-05-29 05:21:47
2022-05-29 13:54:58,2022-05-29 13:55:03,Free_Living,annotator,Experimental situation,2022-05-29 05:21:47,2022-05-29 05:21:52
2022-05-29 13:55:03,2022-05-29 13:55:47,Free_Living,annotator,Experimental situation,2022-05-29 05:21:52,2022-05-29 05:22:36
2022-05-29 13:55:47,2022-05-29 13:57:08,Free_Living,annotator,Experimental situation,2022-05-29 05:22:36,2022-05-29 05:23:57
2022-05-29 13:57:08,2022-05-29 13:59:17,Free_Living,annotator,Experimental situation,2022-05-29 05:23:57,2022-05-29 05:26:06
2022-05-29 13:59:17,2022-05-29 14:00:11,Free_Living,annotator,Experimental situation,2022-05-29 05:26:06,2022-05-29 05:27:00
2022-05-29 14:00:11,2022-05-29 14:00:55,Free_Living,annotator,Experimental situation,2022-05-29 05:27:00,2022-05-29 05:27:44
2022-05-29 14:00:55,2022-05-29 14:02:03,Free_Living,annotator,Experimental situation,2022-05-29 05:27:44,2022-05-29 05:28:52
2022-05-29 14:02:03,2022-05-29 14:03:46,Free_Living,annotator,Experimental situation,2022-05-29 05:28:52,2022-05-29 05:30:35
2022-05-29 14:03:46,2022-05-29 14:04:10,Free_Living,annotator,Experimental situation,2022-05-29 05:30:35,2022-05-29 05:30:59
2022-05-29 14:04:10,2022-05-29 14:05:10,Free_Living,annotator,Experimental situation,2022-05-29 05:30:59,2022-05-29 05:31:59
2022-05-29 14:05:10,2022-05-29 14:05:43,Free_Living,annotator,Experimental situation,2022-05-29 05:31:59,2022-05-29 05:32:32
2022-05-29 14:05:43,2022-05-29 14:06:29,Free_Living,annotator,Experimental situation,2022-05-29 05:32:32,2022-05-29 05:33:18
2022-05-29 14:06:29,2022-05-29 14:06:53,Free_Living,annotator,Experimental situation,2022-05-29 05:33:18,2022-05-29 05:33:42
2022-05-29 14:06:53,2022-05-29 14:07:40,Free_Living,annotator,Experimental situation,2022-05-29 05:33:42,2022-05-29 05:34:29
2022-05-29 14:07:40,2022-05-29 14:07:59,Free_Living,annotator,Experimental situation,2022-05-29 05:34:29,2022-05-29 05:34:48
2022-05-29 14:07:59,2022-05-29 14:08:14,Free_Living,annotator,Experimental situation,2022-05-29 05:34:48,2022-05-29 05:35:03
2022-05-29 14:08:14,2022-05-29 14:08:55,Free_Living,annotator,Experimental situation,2022-05-29 05:35:03,2022-05-29 05:35:44
2022-05-29 14:08:55,2022-05-29 14:09:37,Free_Living,annotator,Experimental situation,2022-05-29 05:35:44,2022-05-29 05:36:26
2022-05-29 14:09:37,2022-05-29 14:11:05,Free_Living,annotator,Experimental situation,2022-05-29 05:36:26,2022-05-29 05:37:54
2022-05-29 14:11:05,2022-05-29 14:11:14,Free_Living,annotator,Experimental situation,2022-05-29 05:37:54,2022-05-29 05:38:03
2022-05-29 14:11:14,2022-05-29 14:12:08,Free_Living,annotator,Experimental situation,2022-05-29 05:38:03,2022-05-29 05:38:57
2022-05-29 14:12:08,2022-05-29 14:12:16,Free_Living,annotator,Experimental situation,2022-05-29 05:38:57,2022-05-29 05:39:05
2022-05-29 14:12:16,2022-05-29 14:12:41,Free_Living,annotator,Experimental situation,2022-05-29 05:39:05,2022-05-29 05:39:30
2022-05-29 14:12:41,2022-05-29 14:12:53,Free_Living,annotator,Experimental situation,2022-05-29 05:39:30,2022-05-29 05:39:42
2022-05-29 14:12:53,2022-05-29 14:12:57,Free_Living,annotator,Experimental situation,2022-05-29 05:39:42,2022-05-29 05:39:46
2022-05-29 14:12:57,2022-05-29 14:13:10,Free_Living,annotator,Experimental situation,2022-05-29 05:39:46,2022-05-29 05:39:59
2022-05-29 14:13:10,2022-05-29 14:14:00,Free_Living,annotator,Experimental situation,2022-05-29 05:39:59,2022-05-29 05:40:49
2022-05-29 14:14:00,2022-05-29 14:15:56,Free_Living,annotator,Experimental situation,2022-05-29 05:40:49,2022-05-29 05:42:45
2022-05-29 14:15:56,2022-05-29 14:16:14,Free_Living,annotator,Experimental situation,2022-05-29 05:42:45,2022-05-29 05:43:03
2022-05-29 14:16:14,2022-05-29 14:18:09,Free_Living,annotator,Experimental situation,2022-05-29 05:43:03,2022-05-29 05:44:58
2022-05-29 14:18:09,2022-05-29 14:18:31,Free_Living,annotator,Experimental situation,2022-05-29 05:44:58,2022-05-29 05:45:20
2022-05-29 14:18:31,2022-05-29 14:18:55,Free_Living,annotator,Experimental situation,2022-05-29 05:45:20,2022-05-29 05:45:44
2022-05-29 14:18:55,2022-05-29 14:19:17,Free_Living,annotator,Experimental situation,2022-05-29 05:45:44,2022-05-29 05:46:06
2022-05-29 14:19:17,2022-05-29 14:20:42,Free_Living,annotator,Experimental situation,2022-05-29 05:46:06,2022-05-29 05:47:31
2022-05-29 14:20:42,2022-05-29 14:20:55,Free_Living,annotator,Experimental situation,2022-05-29 05:47:31,2022-05-29 05:47:44
2022-05-29 14:20:55,2022-05-29 14:21:26,Free_Living,annotator,Experimental situation,2022-05-29 05:47:44,2022-05-29 05:48:15
2022-05-29 14:21:26,2022-05-29 14:22:06,Free_Living,annotator,Experimental situation,2022-05-29 05:48:15,2022-05-29 05:48:55
2022-05-29 14:22:06,2022-05-29 14:22:32,Free_Living,annotator,Experimental situation,2022-05-29 05:48:55,2022-05-29 05:49:21
2022-05-29 14:22:32,2022-05-29 14:24:29,Free_Living,annotator,Experimental situation,2022-05-29 05:49:21,2022-05-29 05:51:18
2022-05-29 14:24:29,2022-05-29 14:24:37,Free_Living,annotator,Experimental situation,2022-05-29 05:51:18,2022-05-29 05:51:26
2022-05-29 14:24:37,2022-05-29 14:25:22,Free_Living,annotator,Experimental situation,2022-05-29 05:51:26,2022-05-29 05:52:11
2022-05-29 14:25:22,2022-05-29 14:26:01,Free_Living,annotator,Experimental situation,2022-05-29 05:52:11,2022-05-29 05:52:50
2022-05-29 14:26:01,2022-05-29 14:26:08,Free_Living,annotator,Experimental situation,2022-05-29 05:52:50,2022-05-29 05:52:57
2022-05-29 14:26:08,2022-05-29 14:28:18,Free_Living,annotator,Experimental situation,2022-05-29 05:52:57,2022-05-29 05:55:07
2022-05-29 14:28:18,2022-05-29 14:28:57,Free_Living,annotator,Experimental situation,2022-05-29 05:55:07,2022-05-29 05:55:46
2022-05-29 14:28:57,2022-05-29 14:33:05,Free_Living,annotator,Experimental situation,2022-05-29 05:55:46,2022-05-29 05:59:54
2022-05-29 14:33:05,2022-05-29 14:33:14,Free_Living,annotator,Experimental situation,2022-05-29 05:59:54,2022-05-29 06:00:03
2022-05-29 14:33:14,2022-05-29 14:34:05,Free_Living,annotator,Experimental situation,2022-05-29 06:00:03,2022-05-29 06:00:54
2022-05-29 14:34:05,2022-05-29 14:34:26,Free_Living,annotator,Experimental situation,2022-05-29 06:00:54,2022-05-29 06:01:15
2022-05-29 14:34:26,2022-05-29 14:35:03,Free_Living,annotator,Experimental situation,2022-05-29 06:01:15,2022-05-29 06:01:52
2022-05-29 14:35:03,2022-05-29 14:36:10,Free_Living,annotator,Experimental situation,2022-05-29 06:01:52,2022-05-29 06:02:59
2022-05-29 14:36:10,2022-05-29 14:36:14,Free_Living,annotator,Experimental situation,2022-05-29 06:02:59,2022-05-29 06:03:03
2022-05-29 14:36:14,2022-05-29 14:37:58,Free_Living,annotator,Experimental situation,2022-05-29 06:03:03,2022-05-29 06:04:47
2022-05-29 14:37:58,2022-05-29 14:38:02,Free_Living,annotator,Experimental situation,2022-05-29 06:04:47,2022-05-29 06:04:51
2022-05-29 14:38:02,2022-05-29 14:38:06,Free_Living,annotator,Experimental situation,2022-05-29 06:04:51,2022-05-29 06:04:55
2022-05-29 14:38:06,2022-05-29 14:39:45,Free_Living,annotator,Experimental situation,2022-05-29 06:04:55,2022-05-29 06:06:34
2022-05-29 14:39:45,2022-05-29 14:40:19,Free_Living,annotator,Experimental situation,2022-05-29 06:06:34,2022-05-29 06:07:08
2022-05-29 14:40:19,2022-05-29 14:42:30,Free_Living,annotator,Experimental situation,2022-05-29 06:07:08,2022-05-29 06:09:19
2022-05-29 14:42:30,2022-05-29 14:42:39,Free_Living,annotator,Experimental situation,2022-05-29 06:09:19,2022-05-29 06:09:28
2022-05-29 14:42:39,2022-05-29 14:45:05,Free_Living,annotator,Experimental situation,2022-05-29 06:09:28,2022-05-29 06:11:54
2022-05-29 14:45:05,2022-05-29 14:47:19,Free_Living,annotator,Experimental situation,2022-05-29 06:11:54,2022-05-29 06:14:08
2022-05-29 14:47:19,2022-05-29 14:48:10,Free_Living,annotator,Experimental situation,2022-05-29 06:14:08,2022-05-29 06:14:59
2022-05-29 14:48:10,2022-05-29 14:49:21,Free_Living,annotator,Experimental situation,2022-05-29 06:14:59,2022-05-29 06:16:10
2022-05-29 14:49:21,2022-05-29 14:51:42,Free_Living,annotator,Experimental situation,2022-05-29 06:16:10,2022-05-29 06:18:31
2022-05-29 14:51:44,2022-05-29 14:51:58,Free_Living,annotator,Experimental situation,2022-05-29 06:18:33,2022-05-29 06:18:47
2022-05-29 14:51:58,2022-05-29 14:52:44,Free_Living,annotator,Experimental situation,2022-05-29 06:18:47,2022-05-29 06:19:33
2022-05-29 14:52:44,2022-05-29 14:53:31,Free_Living,annotator,Experimental situation,2022-05-29 06:19:33,2022-05-29 06:20:20
2022-05-29 14:53:31,2022-05-29 14:53:38,Free_Living,annotator,Experimental situation,2022-05-29 06:20:20,2022-05-29 06:20:27
2022-05-29 14:53:38,2022-05-29 14:54:47,Free_Living,annotator,Experimental situation,2022-05-29 06:20:27,2022-05-29 06:21:36
2022-05-29 14:54:47,2022-05-29 14:55:54,Free_Living,annotator,Experimental situation,2022-05-29 06:21:36,2022-05-29 06:22:43
2022-05-29 14:55:54,2022-05-29 14:57:29,Free_Living,annotator,Experimental situation,2022-05-29 06:22:43,2022-05-29 06:24:18
2022-05-29 14:57:29,2022-05-29 14:57:47,Free_Living,annotator,Experimental situation,2022-05-29 06:24:18,2022-05-29 06:24:36
2022-05-29 14:57:50,2022-05-29 14:58:06,Free_Living,annotator,Experimental situation,2022-05-29 06:24:39,2022-05-29 06:24:55
2022-05-29 14:58:06,2022-05-29 14:59:03,Free_Living,annotator,Experimental situation,2022-05-29 06:24:55,2022-05-29 06:25:52
2022-05-29 14:59:03,2022-05-29 14:59:35,Free_Living,annotator,Experimental situation,2022-05-29 06:25:52,2022-05-29 06:26:24
2022-05-29 14:59:35,2022-05-29 14:59:46,Free_Living,annotator,Experimental situation,2022-05-29 06:26:24,2022-05-29 06:26:35
2022-05-29 14:59:46,2022-05-29 14:59:47,Free_Living,annotator,Experimental situation,2022-05-29 06:26:35,2022-05-29 06:26:36
2022-05-29 14:59:47,2022-05-29 15:01:19,Free_Living,annotator,Experimental situation,2022-05-29 06:26:36,2022-05-29 06:28:08
2022-05-29 15:01:19,2022-05-29 15:03:44,Free_Living,annotator,Experimental situation,2022-05-29 06:28:08,2022-05-29 06:30:33
2022-05-29 15:03:44,2022-05-29 15:04:42,Free_Living,annotator,Experimental situation,2022-05-29 06:30:33,2022-05-29 06:31:31
2022-05-29 15:04:42,2022-05-29 15:06:16,Free_Living,annotator,Experimental situation,2022-05-29 06:31:31,2022-05-29 06:33:05
2022-05-29 15:06:17,2022-05-29 15:06:52,Free_Living,annotator,Experimental situation,2022-05-29 06:33:06,2022-05-29 06:33:41
2022-05-29 15:06:52,2022-05-29 15:07:44,Free_Living,annotator,Experimental situation,2022-05-29 06:33:41,2022-05-29 06:34:33
2022-05-29 15:07:44,2022-05-29 15:08:49,Free_Living,annotator,Experimental situation,2022-05-29 06:34:33,2022-05-29 06:35:38
2022-05-29 15:08:49,2022-05-29 15:18:05,Free_Living,annotator,Experimental situation,2022-05-29 06:35:38,2022-05-29 06:44:54
2022-05-29 15:18:05,2022-05-29 15:18:28,Free_Living,annotator,Experimental situation,2022-05-29 06:44:54,2022-05-29 06:45:17
2022-05-29 15:18:28,2022-05-29 15:24:38,Free_Living,annotator,Experimental situation,2022-05-29 06:45:17,2022-05-29 06:51:27
2022-05-29 15:24:38,2022-05-29 15:26:44,Free_Living,annotator,Experimental situation,2022-05-29 06:51:27,2022-05-29 06:53:33
2022-05-29 15:26:44,2022-05-29 15:27:19,Free_Living,annotator,Experimental situation,2022-05-29 06:53:33,2022-05-29 06:54:08
2022-05-29 15:27:19,2022-05-29 15:30:30,Free_Living,annotator,Experimental situation,2022-05-29 06:54:08,2022-05-29 06:57:19
2022-05-29 15:30:31,2022-05-29 15:30:41,Free_Living,annotator,Experimental situation,2022-05-29 06:57:20,2022-05-29 06:57:30
2022-05-29 15:30:41,2022-05-29 15:30:53,Free_Living,annotator,Experimental situation,2022-05-29 06:57:30,2022-05-29 06:57:42
2022-05-29 15:30:53,2022-05-29 15:31:10,Free_Living,annotator,Experimental situation,2022-05-29 06:57:42,2022-05-29 06:57:59
2022-05-29 15:31:10,2022-05-29 15:31:20,Free_Living,annotator,Experimental situation,2022-05-29 06:57:59,2022-05-29 06:58:09
2022-05-29 15:31:20,2022-05-29 15:32:33,Free_Living,annotator,Experimental situation,2022-05-29 06:58:09,2022-05-29 06:59:22
2022-05-29 15:32:33,2022-05-29 15:32:42,Free_Living,annotator,Experimental situation,2022-05-29 06:59:22,2022-05-29 06:59:31
2022-05-29 15:32:42,2022-05-29 15:35:13,Free_Living,annotator,Experimental situation,2022-05-29 06:59:31,2022-05-29 07:02:02
2022-05-29 15:35:13,2022-05-29 15:36:59,Free_Living,annotator,Experimental situation,2022-05-29 07:02:02,2022-05-29 07:03:48
2022-05-29 15:36:59,2022-05-29 15:37:48,Free_Living,annotator,Experimental situation,2022-05-29 07:03:48,2022-05-29 07:04:37
2022-05-29 15:37:48,2022-05-29 15:39:04,Free_Living,annotator,Experimental situation,2022-05-29 07:04:37,2022-05-29 07:05:53
2022-05-29 15:39:04,2022-05-29 15:39:14,Free_Living,annotator,Experimental situation,2022-05-29 07:05:53,2022-05-29 07:06:03
2022-05-29 15:39:14,2022-05-29 15:41:05,Free_Living,annotator,Experimental situation,2022-05-29 07:06:03,2022-05-29 07:07:54
2022-05-29 15:41:05,2022-05-29 15:41:24,Free_Living,annotator,Experimental situation,2022-05-29 07:07:54,2022-05-29 07:08:13
2022-05-29 15:41:24,2022-05-29 15:46:31,Free_Living,annotator,Experimental situation,2022-05-29 07:08:13,2022-05-29 07:13:20
2022-05-29 15:46:31,2022-05-29 15:47:08,Free_Living,annotator,Experimental situation,2022-05-29 07:13:20,2022-05-29 07:13:57
2022-05-29 15:47:08,2022-05-29 15:51:28,Free_Living,annotator,Experimental situation,2022-05-29 07:13:57,2022-05-29 07:18:17
2022-05-29 15:51:28,2022-05-29 15:52:15,Free_Living,annotator,Experimental situation,2022-05-29 07:18:17,2022-05-29 07:19:04
2022-05-29 15:52:15,2022-05-29 15:52:21,Free_Living,annotator,Experimental situation,2022-05-29 07:19:04,2022-05-29 07:19:10
2022-05-29 15:52:21,2022-05-29 15:54:18,Free_Living,annotator,Experimental situation,2022-05-29 07:19:10,2022-05-29 07:21:07
2022-05-29 15:54:18,2022-05-29 15:57:31,Free_Living,annotator,Experimental situation,2022-05-29 07:21:07,2022-05-29 07:24:20
2022-05-29 15:57:31,2022-05-29 15:57:38,Free_Living,annotator,Experimental situation,2022-05-29 07:24:20,2022-05-29 07:24:27
2022-05-29 15:57:38,2022-05-29 15:58:52,Free_Living,annotator,Experimental situation,2022-05-29 07:24:27,2022-05-29 07:25:41
2022-05-29 15:58:52,2022-05-29 15:59:02,Free_Living,annotator,Experimental situation,2022-05-29 07:25:41,2022-05-29 07:25:51
2022-05-29 15:59:02,2022-05-29 16:01:07,Free_Living,annotator,Experimental situation,2022-05-29 07:25:51,2022-05-29 07:27:56
2022-05-29 16:01:07,2022-05-29 16:03:57,Free_Living,annotator,Experimental situation,2022-05-29 07:27:56,2022-05-29 07:30:46
2022-05-29 16:03:57,2022-05-29 16:05:14,Free_Living,annotator,Experimental situation,2022-05-29 07:30:46,2022-05-29 07:32:03
2022-05-29 16:05:14,2022-05-29 16:08:08,Free_Living,annotator,Experimental situation,2022-05-29 07:32:03,2022-05-29 07:34:57
2022-05-29 16:08:08,2022-05-29 16:08:40,Free_Living,annotator,Experimental situation,2022-05-29 07:34:57,2022-05-29 07:35:29
2022-05-29 16:08:40,2022-05-29 16:09:19,Free_Living,annotator,Experimental situation,2022-05-29 07:35:29,2022-05-29 07:36:08
2022-05-29 16:09:19,2022-05-29 16:13:59,Free_Living,annotator,Experimental situation,2022-05-29 07:36:08,2022-05-29 07:40:48
2022-05-29 16:13:59,2022-05-29 16:16:15,Free_Living,annotator,Experimental situation,2022-05-29 07:40:48,2022-05-29 07:43:04
