START_TIME,STOP_TIME,PREDICTION,SOURCE,LABELSET,VIDEO_START_TIME,VIDEO_END_TIME
2022-03-03 11:52:17,2022-03-03 11:53:57,HLB_Indecipherable/Video_Insufficient,annotator,HIGH LEVEL BEHAVIOR,2022-03-03 00:00:00,2022-03-03 00:01:40
2022-03-03 11:53:57,2022-03-03 11:55:43,Meeting _Social_Gathering_In_Person,annotator,HIGH LEVEL BEHAVIOR,2022-03-03 00:01:40,2022-03-03 00:03:26
2022-03-03 11:55:43,2022-03-03 11:56:01,Playing_With_Pets,annotator,HIGH LEVEL BEHAVIOR,2022-03-03 00:03:26,2022-03-03 00:03:44
2022-03-03 11:56:01,2022-03-03 11:56:44,HLB_Indecipherable/Video_Insufficient,annotator,HIGH LEVEL BEHAVIOR,2022-03-03 00:03:44,2022-03-03 00:04:27
2022-03-03 11:56:47,2022-03-03 11:56:58,Doing_Common_Housework_Light,annotator,HIGH LEVEL BEHAVIOR,2022-03-03 00:04:30,2022-03-03 00:04:41
2022-03-03 11:56:59,2022-03-03 11:58:26,Doing_Dishes,annotator,HIGH LEVEL BEHAVIOR,2022-03-03 00:04:42,2022-03-03 00:06:09
2022-03-03 11:58:51,2022-03-03 11:59:54,Doing_Dishes,annotator,HIGH LEVEL BEHAVIOR,2022-03-03 00:06:34,2022-03-03 00:07:37
2022-03-03 11:59:54,2022-03-03 12:00:05,Doing_Dishes,annotator,HIGH LEVEL BEHAVIOR,2022-03-03 00:07:37,2022-03-03 00:07:48
2022-03-03 12:00:05,2022-03-03 12:01:49,Doing_Common_Housework,annotator,HIGH LEVEL BEHAVIOR,2022-03-03 00:07:48,2022-03-03 00:09:32
2022-03-03 12:01:53,2022-03-03 12:02:27,Doing_Common_Housework,annotator,HIGH LEVEL BEHAVIOR,2022-03-03 00:09:36,2022-03-03 00:10:10
2022-03-03 12:02:28,2022-03-03 12:05:07,Doing_Common_Housework,annotator,HIGH LEVEL BEHAVIOR,2022-03-03 00:10:11,2022-03-03 00:12:50
2022-03-03 12:05:09,2022-03-03 12:05:31,Doing_Common_Housework, Playing_With_Pets,annotator,HIGH LEVEL BEHAVIOR,2022-03-03 00:12:52,2022-03-03 00:13:14
2022-03-03 12:05:38,2022-03-03 12:06:04,Doing_Common_Housework,annotator,HIGH LEVEL BEHAVIOR,2022-03-03 00:13:21,2022-03-03 00:13:47
2022-03-03 12:06:04,2022-03-03 12:06:43,Cooking/Prepping_Food,annotator,HIGH LEVEL BEHAVIOR,2022-03-03 00:13:47,2022-03-03 00:14:26
2022-03-03 12:06:44,2022-03-03 12:07:03,Eating/Dining,annotator,HIGH LEVEL BEHAVIOR,2022-03-03 00:14:27,2022-03-03 00:14:46
2022-03-03 12:07:08,2022-03-03 12:07:26,Eating/Dining,annotator,HIGH LEVEL BEHAVIOR,2022-03-03 00:14:51,2022-03-03 00:15:09
2022-03-03 12:07:27,2022-03-03 12:08:05,Eating/Dining,annotator,HIGH LEVEL BEHAVIOR,2022-03-03 00:15:10,2022-03-03 00:15:48
2022-03-03 12:08:08,2022-03-03 12:08:54,Eating/Dining,annotator,HIGH LEVEL BEHAVIOR,2022-03-03 00:15:51,2022-03-03 00:16:37
2022-03-03 12:08:55,2022-03-03 12:09:33,Eating/Dining,annotator,HIGH LEVEL BEHAVIOR,2022-03-03 00:16:38,2022-03-03 00:17:16
2022-03-03 12:09:34,2022-03-03 12:09:40,Eating/Dining,annotator,HIGH LEVEL BEHAVIOR,2022-03-03 00:17:17,2022-03-03 00:17:23
2022-03-03 12:09:56,2022-03-03 12:10:48,Eating/Dining,annotator,HIGH LEVEL BEHAVIOR,2022-03-03 00:17:39,2022-03-03 00:18:31
2022-03-03 12:10:50,2022-03-03 12:11:25,Eating/Dining,annotator,HIGH LEVEL BEHAVIOR,2022-03-03 00:18:33,2022-03-03 00:19:08
2022-03-03 12:11:28,2022-03-03 12:14:13,Eating/Dining,annotator,HIGH LEVEL BEHAVIOR,2022-03-03 00:19:11,2022-03-03 00:21:56
2022-03-03 12:14:18,2022-03-03 12:14:30,Eating/Dining,annotator,HIGH LEVEL BEHAVIOR,2022-03-03 00:22:01,2022-03-03 00:22:13
2022-03-03 12:14:31,2022-03-03 12:14:46,Eating/Dining,annotator,HIGH LEVEL BEHAVIOR,2022-03-03 00:22:14,2022-03-03 00:22:29
2022-03-03 12:14:48,2022-03-03 12:15:12,HLB_Unlabeled,annotator,HIGH LEVEL BEHAVIOR,2022-03-03 00:22:31,2022-03-03 00:22:55
2022-03-03 12:15:20,2022-03-03 12:19:17,Using_Computer/Screen,annotator,HIGH LEVEL BEHAVIOR,2022-03-03 00:23:03,2022-03-03 00:27:00
2022-03-03 12:19:20,2022-03-03 12:19:32,Using_Computer/Screen,annotator,HIGH LEVEL BEHAVIOR,2022-03-03 00:27:03,2022-03-03 00:27:15
2022-03-03 12:19:37,2022-03-03 12:20:08,Using_Computer/Screen,annotator,HIGH LEVEL BEHAVIOR,2022-03-03 00:27:20,2022-03-03 00:27:51
2022-03-03 12:20:44,2022-03-03 12:25:35,Using_Computer/Screen,annotator,HIGH LEVEL BEHAVIOR,2022-03-03 00:28:27,2022-03-03 00:33:18
2022-03-03 12:25:41,2022-03-03 12:25:58,HLB_Unlabeled,annotator,HIGH LEVEL BEHAVIOR,2022-03-03 00:33:24,2022-03-03 00:33:41
2022-03-03 12:25:58,2022-03-03 12:26:38,HLB_Unlabeled,annotator,HIGH LEVEL BEHAVIOR,2022-03-03 00:33:41,2022-03-03 00:34:21
2022-03-03 12:26:40,2022-03-03 12:26:58,HLB_Unlabeled,annotator,HIGH LEVEL BEHAVIOR,2022-03-03 00:34:23,2022-03-03 00:34:41
2022-03-03 12:26:59,2022-03-03 13:01:42,HLB_Indecipherable/Video_Insufficient,annotator,HIGH LEVEL BEHAVIOR,2022-03-03 00:34:42,2022-03-03 01:09:25
2022-03-03 13:01:58,2022-03-03 13:02:33,Eating/Dining,annotator,HIGH LEVEL BEHAVIOR,2022-03-03 01:09:41,2022-03-03 01:10:16
2022-03-03 13:02:33,2022-03-03 13:03:34,Eating/Dining,annotator,HIGH LEVEL BEHAVIOR,2022-03-03 01:10:16,2022-03-03 01:11:17
2022-03-03 13:03:38,2022-03-03 13:03:58,Eating/Dining,annotator,HIGH LEVEL BEHAVIOR,2022-03-03 01:11:21,2022-03-03 01:11:41
2022-03-03 13:04:11,2022-03-03 13:04:25,Eating/Dining,annotator,HIGH LEVEL BEHAVIOR,2022-03-03 01:11:54,2022-03-03 01:12:08
2022-03-03 13:04:31,2022-03-03 13:05:09,HLB_Unlabeled,annotator,HIGH LEVEL BEHAVIOR,2022-03-03 01:12:14,2022-03-03 01:12:52
2022-03-03 13:05:10,2022-03-03 13:05:45,HLB_Unlabeled,annotator,HIGH LEVEL BEHAVIOR,2022-03-03 01:12:53,2022-03-03 01:13:28
2022-03-03 13:05:49,2022-03-03 13:06:03,Playing_With_Pets,annotator,HIGH LEVEL BEHAVIOR,2022-03-03 01:13:32,2022-03-03 01:13:46
2022-03-03 13:06:06,2022-03-03 13:06:19,HLB_Unlabeled,annotator,HIGH LEVEL BEHAVIOR,2022-03-03 01:13:49,2022-03-03 01:14:02
2022-03-03 13:06:21,2022-03-03 13:06:30,HLB_Unlabeled,annotator,HIGH LEVEL BEHAVIOR,2022-03-03 01:14:04,2022-03-03 01:14:13
2022-03-03 13:06:37,2022-03-03 13:07:09,HLB_Unlabeled,annotator,HIGH LEVEL BEHAVIOR,2022-03-03 01:14:20,2022-03-03 01:14:52
2022-03-03 13:07:17,2022-03-03 13:07:41,Eating/Dining,annotator,HIGH LEVEL BEHAVIOR,2022-03-03 01:15:00,2022-03-03 01:15:24
2022-03-03 13:07:42,2022-03-03 13:08:03,Eating/Dining, Playing_With_Pets,annotator,HIGH LEVEL BEHAVIOR,2022-03-03 01:15:25,2022-03-03 01:15:46
2022-03-03 13:08:05,2022-03-03 13:08:42,Eating/Dining,annotator,HIGH LEVEL BEHAVIOR,2022-03-03 01:15:48,2022-03-03 01:16:25
2022-03-03 13:08:48,2022-03-03 13:09:00,Eating/Dining,annotator,HIGH LEVEL BEHAVIOR,2022-03-03 01:16:31,2022-03-03 01:16:43
2022-03-03 13:09:01,2022-03-03 13:09:39,Eating/Dining,annotator,HIGH LEVEL BEHAVIOR,2022-03-03 01:16:44,2022-03-03 01:17:22
2022-03-03 13:09:40,2022-03-03 13:10:11,Doing_Dishes,annotator,HIGH LEVEL BEHAVIOR,2022-03-03 01:17:23,2022-03-03 01:17:54
2022-03-03 13:10:11,2022-03-03 13:11:22,Doing_Dishes,annotator,HIGH LEVEL BEHAVIOR,2022-03-03 01:17:54,2022-03-03 01:19:05
2022-03-03 13:11:23,2022-03-03 13:12:00,Doing_Dishes,annotator,HIGH LEVEL BEHAVIOR,2022-03-03 01:19:06,2022-03-03 01:19:43
2022-03-03 13:12:01,2022-03-03 13:12:55,Doing_Dishes,annotator,HIGH LEVEL BEHAVIOR,2022-03-03 01:19:44,2022-03-03 01:20:38
2022-03-03 13:12:55,2022-03-03 13:15:06,Doing_Dishes,annotator,HIGH LEVEL BEHAVIOR,2022-03-03 01:20:38,2022-03-03 01:22:49
2022-03-03 13:15:11,2022-03-03 13:15:51,Doing_Dishes,annotator,HIGH LEVEL BEHAVIOR,2022-03-03 01:22:54,2022-03-03 01:23:34
2022-03-03 13:15:52,2022-03-03 13:16:08,HLB_Unlabeled,annotator,HIGH LEVEL BEHAVIOR,2022-03-03 01:23:35,2022-03-03 01:23:51
2022-03-03 13:16:13,2022-03-03 13:16:36,HLB_Unlabeled,annotator,HIGH LEVEL BEHAVIOR,2022-03-03 01:23:56,2022-03-03 01:24:19
2022-03-03 13:16:54,2022-03-03 13:17:07,HLB_Unlabeled,annotator,HIGH LEVEL BEHAVIOR,2022-03-03 01:24:37,2022-03-03 01:24:50
2022-03-03 13:17:10,2022-03-03 13:17:37,HLB_Unlabeled,annotator,HIGH LEVEL BEHAVIOR,2022-03-03 01:24:53,2022-03-03 01:25:20
2022-03-03 13:17:38,2022-03-03 13:18:53,HLB_Unlabeled,annotator,HIGH LEVEL BEHAVIOR,2022-03-03 01:25:21,2022-03-03 01:26:36
2022-03-03 13:18:54,2022-03-03 13:19:21,HLB_Unlabeled,annotator,HIGH LEVEL BEHAVIOR,2022-03-03 01:26:37,2022-03-03 01:27:04
2022-03-03 13:19:24,2022-03-03 13:19:32,HLB_Unlabeled,annotator,HIGH LEVEL BEHAVIOR,2022-03-03 01:27:07,2022-03-03 01:27:15
2022-03-03 13:19:33,2022-03-03 13:19:56,HLB_Unlabeled,annotator,HIGH LEVEL BEHAVIOR,2022-03-03 01:27:16,2022-03-03 01:27:39
2022-03-03 13:19:59,2022-03-03 13:20:41,HLB_Unlabeled,annotator,HIGH LEVEL BEHAVIOR,2022-03-03 01:27:42,2022-03-03 01:28:24
2022-03-03 13:20:44,2022-03-03 13:21:03,HLB_Unlabeled,annotator,HIGH LEVEL BEHAVIOR,2022-03-03 01:28:27,2022-03-03 01:28:46
2022-03-03 13:21:04,2022-03-03 13:21:10,HLB_Unlabeled,annotator,HIGH LEVEL BEHAVIOR,2022-03-03 01:28:47,2022-03-03 01:28:53
2022-03-03 13:21:12,2022-03-03 13:21:55,HLB_Unlabeled,annotator,HIGH LEVEL BEHAVIOR,2022-03-03 01:28:55,2022-03-03 01:29:38
2022-03-03 13:22:59,2022-03-03 13:23:19,In_Transit_Active,annotator,HIGH LEVEL BEHAVIOR,2022-03-03 01:30:42,2022-03-03 01:31:02
2022-03-03 13:23:23,2022-03-03 13:23:32,In_Transit_Active,annotator,HIGH LEVEL BEHAVIOR,2022-03-03 01:31:06,2022-03-03 01:31:15
2022-03-03 13:23:33,2022-03-03 13:26:39,In_Transit_Active,annotator,HIGH LEVEL BEHAVIOR,2022-03-03 01:31:16,2022-03-03 01:34:22
2022-03-03 13:26:43,2022-03-03 13:29:21,HLB_Indecipherable/Video_Insufficient,annotator,HIGH LEVEL BEHAVIOR,2022-03-03 01:34:26,2022-03-03 01:37:04
2022-03-03 13:29:25,2022-03-03 13:32:42,In_Transit_Active,annotator,HIGH LEVEL BEHAVIOR,2022-03-03 01:37:08,2022-03-03 01:40:25
2022-03-03 13:32:48,2022-03-03 13:33:14,Meeting _Social_Gathering_In_Person,annotator,HIGH LEVEL BEHAVIOR,2022-03-03 01:40:31,2022-03-03 01:40:57
2022-03-03 13:33:15,2022-03-03 13:33:37,Meeting _Social_Gathering_In_Person,annotator,HIGH LEVEL BEHAVIOR,2022-03-03 01:40:58,2022-03-03 01:41:20
2022-03-03 13:33:38,2022-03-03 13:33:45,Meeting _Social_Gathering_In_Person, Eating/Dining,annotator,HIGH LEVEL BEHAVIOR,2022-03-03 01:41:21,2022-03-03 01:41:28
2022-03-03 13:33:46,2022-03-03 13:33:54,Meeting _Social_Gathering_In_Person, Eating/Dining,annotator,HIGH LEVEL BEHAVIOR,2022-03-03 01:41:29,2022-03-03 01:41:37
2022-03-03 13:33:54,2022-03-03 13:34:03,Meeting _Social_Gathering_In_Person, Eating/Dining,annotator,HIGH LEVEL BEHAVIOR,2022-03-03 01:41:37,2022-03-03 01:41:46
2022-03-03 13:34:03,2022-03-03 13:35:03,Meeting _Social_Gathering_In_Person,annotator,HIGH LEVEL BEHAVIOR,2022-03-03 01:41:46,2022-03-03 01:42:46
2022-03-03 13:35:03,2022-03-03 13:38:46,Meeting _Social_Gathering_In_Person,annotator,HIGH LEVEL BEHAVIOR,2022-03-03 01:42:46,2022-03-03 01:46:29
2022-03-03 13:38:47,2022-03-03 13:39:16,Meeting _Social_Gathering_In_Person, Eating/Dining,annotator,HIGH LEVEL BEHAVIOR,2022-03-03 01:46:30,2022-03-03 01:46:59
2022-03-03 13:39:16,2022-03-03 13:39:36,Meeting _Social_Gathering_In_Person,annotator,HIGH LEVEL BEHAVIOR,2022-03-03 01:46:59,2022-03-03 01:47:19
2022-03-03 13:39:36,2022-03-03 13:39:48,Meeting _Social_Gathering_In_Person,annotator,HIGH LEVEL BEHAVIOR,2022-03-03 01:47:19,2022-03-03 01:47:31
2022-03-03 13:39:49,2022-03-03 13:42:20,Meeting _Social_Gathering_In_Person,annotator,HIGH LEVEL BEHAVIOR,2022-03-03 01:47:32,2022-03-03 01:50:03
2022-03-03 13:42:21,2022-03-03 13:42:25,Meeting _Social_Gathering_In_Person, Eating/Dining,annotator,HIGH LEVEL BEHAVIOR,2022-03-03 01:50:04,2022-03-03 01:50:08
2022-03-03 13:42:28,2022-03-03 13:42:35,Meeting _Social_Gathering_In_Person, Eating/Dining,annotator,HIGH LEVEL BEHAVIOR,2022-03-03 01:50:11,2022-03-03 01:50:18
2022-03-03 13:42:37,2022-03-03 13:42:45,Meeting _Social_Gathering_In_Person, In_Transit_Active,annotator,HIGH LEVEL BEHAVIOR,2022-03-03 01:50:20,2022-03-03 01:50:28
2022-03-03 13:42:46,2022-03-03 13:43:00,Meeting _Social_Gathering_In_Person,annotator,HIGH LEVEL BEHAVIOR,2022-03-03 01:50:29,2022-03-03 01:50:43
2022-03-03 13:43:01,2022-03-03 13:43:10,Meeting _Social_Gathering_In_Person,annotator,HIGH LEVEL BEHAVIOR,2022-03-03 01:50:44,2022-03-03 01:50:53
2022-03-03 13:43:10,2022-03-03 13:43:19,Meeting _Social_Gathering_In_Person,annotator,HIGH LEVEL BEHAVIOR,2022-03-03 01:50:53,2022-03-03 01:51:02
2022-03-03 13:43:20,2022-03-03 13:43:50,Meeting _Social_Gathering_In_Person,annotator,HIGH LEVEL BEHAVIOR,2022-03-03 01:51:03,2022-03-03 01:51:33
2022-03-03 13:43:51,2022-03-03 13:44:18,Meeting _Social_Gathering_In_Person,annotator,HIGH LEVEL BEHAVIOR,2022-03-03 01:51:34,2022-03-03 01:52:01
2022-03-03 13:44:21,2022-03-03 13:44:39,In_Transit_Active,annotator,HIGH LEVEL BEHAVIOR,2022-03-03 01:52:04,2022-03-03 01:52:22
2022-03-03 13:44:41,2022-03-03 13:48:17,In_Transit_Active,annotator,HIGH LEVEL BEHAVIOR,2022-03-03 01:52:24,2022-03-03 01:56:00
2022-03-03 13:48:18,2022-03-03 13:48:22,In_Transit_Active,annotator,HIGH LEVEL BEHAVIOR,2022-03-03 01:56:01,2022-03-03 01:56:05
2022-03-03 13:48:23,2022-03-03 13:49:17,In_Transit_Active,annotator,HIGH LEVEL BEHAVIOR,2022-03-03 01:56:06,2022-03-03 01:57:00
2022-03-03 13:49:17,2022-03-03 13:49:42,In_Transit_Active,annotator,HIGH LEVEL BEHAVIOR,2022-03-03 01:57:00,2022-03-03 01:57:25
2022-03-03 13:49:44,2022-03-03 13:49:46,In_Transit_Active,annotator,HIGH LEVEL BEHAVIOR,2022-03-03 01:57:27,2022-03-03 01:57:29
2022-03-03 13:49:46,2022-03-03 13:49:49,In_Transit_Active,annotator,HIGH LEVEL BEHAVIOR,2022-03-03 01:57:29,2022-03-03 01:57:32
2022-03-03 13:49:49,2022-03-03 13:51:04,In_Transit_Active,annotator,HIGH LEVEL BEHAVIOR,2022-03-03 01:57:32,2022-03-03 01:58:47
2022-03-03 13:51:04,2022-03-03 13:51:13,In_Transit_Active,annotator,HIGH LEVEL BEHAVIOR,2022-03-03 01:58:47,2022-03-03 01:58:56
2022-03-03 13:51:13,2022-03-03 13:52:49,In_Transit_Active,annotator,HIGH LEVEL BEHAVIOR,2022-03-03 01:58:56,2022-03-03 02:00:32
2022-03-03 13:52:49,2022-03-03 13:52:59,In_Transit_Active,annotator,HIGH LEVEL BEHAVIOR,2022-03-03 02:00:32,2022-03-03 02:00:42
2022-03-03 13:53:00,2022-03-03 13:53:51,In_Transit_Active,annotator,HIGH LEVEL BEHAVIOR,2022-03-03 02:00:43,2022-03-03 02:01:34
2022-03-03 13:53:52,2022-03-03 13:54:06,In_Transit_Active,annotator,HIGH LEVEL BEHAVIOR,2022-03-03 02:01:35,2022-03-03 02:01:49
2022-03-03 13:54:07,2022-03-03 13:54:44,In_Transit_Active,annotator,HIGH LEVEL BEHAVIOR,2022-03-03 02:01:50,2022-03-03 02:02:27
2022-03-03 13:54:44,2022-03-03 13:54:57,In_Transit_Active,annotator,HIGH LEVEL BEHAVIOR,2022-03-03 02:02:27,2022-03-03 02:02:40
2022-03-03 13:54:57,2022-03-03 13:58:41,In_Transit_Active,annotator,HIGH LEVEL BEHAVIOR,2022-03-03 02:02:40,2022-03-03 02:06:24
2022-03-03 13:58:40,2022-03-03 13:59:00,In_Transit_Active,annotator,HIGH LEVEL BEHAVIOR,2022-03-03 02:06:23,2022-03-03 02:06:43
2022-03-03 13:58:41,2022-03-03 13:58:41,In_Transit_Active,annotator,HIGH LEVEL BEHAVIOR,2022-03-03 02:06:24,2022-03-03 02:06:24
2022-03-03 13:59:00,2022-03-03 13:59:48,In_Transit_Active,annotator,HIGH LEVEL BEHAVIOR,2022-03-03 02:06:43,2022-03-03 02:07:31
2022-03-03 13:59:48,2022-03-03 13:59:57,In_Transit_Active,annotator,HIGH LEVEL BEHAVIOR,2022-03-03 02:07:31,2022-03-03 02:07:40
2022-03-03 13:59:58,2022-03-03 14:04:44,In_Transit_Active,annotator,HIGH LEVEL BEHAVIOR,2022-03-03 02:07:41,2022-03-03 02:12:27
2022-03-03 14:04:45,2022-03-03 14:05:12,In_Transit_Active,annotator,HIGH LEVEL BEHAVIOR,2022-03-03 02:12:28,2022-03-03 02:12:55
2022-03-03 14:05:12,2022-03-03 14:06:24,In_Transit_Active,annotator,HIGH LEVEL BEHAVIOR,2022-03-03 02:12:55,2022-03-03 02:14:07
2022-03-03 14:06:25,2022-03-03 14:06:52,In_Transit_Active,annotator,HIGH LEVEL BEHAVIOR,2022-03-03 02:14:08,2022-03-03 02:14:35
2022-03-03 14:06:53,2022-03-03 14:08:39,In_Transit_Active,annotator,HIGH LEVEL BEHAVIOR,2022-03-03 02:14:36,2022-03-03 02:16:22
2022-03-03 14:08:40,2022-03-03 14:08:55,In_Transit_Active,annotator,HIGH LEVEL BEHAVIOR,2022-03-03 02:16:23,2022-03-03 02:16:38
2022-03-03 14:08:56,2022-03-03 14:10:30,In_Transit_Active,annotator,HIGH LEVEL BEHAVIOR,2022-03-03 02:16:39,2022-03-03 02:18:13
2022-03-03 14:10:33,2022-03-03 14:11:18,In_Transit_Active,annotator,HIGH LEVEL BEHAVIOR,2022-03-03 02:18:16,2022-03-03 02:19:01
2022-03-03 14:11:19,2022-03-03 14:11:49,In_Transit_Active,annotator,HIGH LEVEL BEHAVIOR,2022-03-03 02:19:02,2022-03-03 02:19:32
2022-03-03 14:11:49,2022-03-03 14:12:31,In_Transit_Active,annotator,HIGH LEVEL BEHAVIOR,2022-03-03 02:19:32,2022-03-03 02:20:14
2022-03-03 14:12:32,2022-03-03 14:12:41,In_Transit_Active,annotator,HIGH LEVEL BEHAVIOR,2022-03-03 02:20:15,2022-03-03 02:20:24
2022-03-03 14:12:41,2022-03-03 14:14:51,In_Transit_Active,annotator,HIGH LEVEL BEHAVIOR,2022-03-03 02:20:24,2022-03-03 02:22:34
2022-03-03 14:14:51,2022-03-03 14:15:00,In_Transit_Active,annotator,HIGH LEVEL BEHAVIOR,2022-03-03 02:22:34,2022-03-03 02:22:43
2022-03-03 14:15:01,2022-03-03 14:15:12,In_Transit_Active,annotator,HIGH LEVEL BEHAVIOR,2022-03-03 02:22:44,2022-03-03 02:22:55
2022-03-03 14:15:13,2022-03-03 14:17:23,In_Transit_Active,annotator,HIGH LEVEL BEHAVIOR,2022-03-03 02:22:56,2022-03-03 02:25:06
2022-03-03 14:17:25,2022-03-03 14:17:32,In_Transit_Active,annotator,HIGH LEVEL BEHAVIOR,2022-03-03 02:25:08,2022-03-03 02:25:15
2022-03-03 14:17:33,2022-03-03 14:18:07,In_Transit_Active,annotator,HIGH LEVEL BEHAVIOR,2022-03-03 02:25:16,2022-03-03 02:25:50
2022-03-03 14:18:07,2022-03-03 14:18:52,In_Transit_Active,annotator,HIGH LEVEL BEHAVIOR,2022-03-03 02:25:50,2022-03-03 02:26:35
2022-03-03 14:18:53,2022-03-03 14:19:26,In_Transit_Active, Meeting _Social_Gathering_In_Person,annotator,HIGH LEVEL BEHAVIOR,2022-03-03 02:26:36,2022-03-03 02:27:09
2022-03-03 14:19:27,2022-03-03 14:20:06,In_Transit_Active, Meeting _Social_Gathering_In_Person,annotator,HIGH LEVEL BEHAVIOR,2022-03-03 02:27:10,2022-03-03 02:27:49
2022-03-03 14:20:06,2022-03-03 14:20:17,Meeting _Social_Gathering_In_Person, Eating/Dining,annotator,HIGH LEVEL BEHAVIOR,2022-03-03 02:27:49,2022-03-03 02:28:00
2022-03-03 14:20:17,2022-03-03 14:20:37,Meeting _Social_Gathering_In_Person,annotator,HIGH LEVEL BEHAVIOR,2022-03-03 02:28:00,2022-03-03 02:28:20
2022-03-03 14:20:37,2022-03-03 14:21:02,Meeting _Social_Gathering_In_Person, Eating/Dining,annotator,HIGH LEVEL BEHAVIOR,2022-03-03 02:28:20,2022-03-03 02:28:45
2022-03-03 14:21:03,2022-03-03 14:21:34,Meeting _Social_Gathering_In_Person,annotator,HIGH LEVEL BEHAVIOR,2022-03-03 02:28:46,2022-03-03 02:29:17
2022-03-03 14:21:34,2022-03-03 14:22:03,Meeting _Social_Gathering_In_Person,annotator,HIGH LEVEL BEHAVIOR,2022-03-03 02:29:17,2022-03-03 02:29:46
2022-03-03 14:22:04,2022-03-03 14:23:28,Meeting _Social_Gathering_In_Person,annotator,HIGH LEVEL BEHAVIOR,2022-03-03 02:29:47,2022-03-03 02:31:11
2022-03-03 14:23:28,2022-03-03 14:27:14,Using_Computer/Screen,annotator,HIGH LEVEL BEHAVIOR,2022-03-03 02:31:11,2022-03-03 02:34:57
2022-03-03 14:27:15,2022-03-03 14:27:49,Using_Computer/Screen,annotator,HIGH LEVEL BEHAVIOR,2022-03-03 02:34:58,2022-03-03 02:35:32
2022-03-03 14:27:51,2022-03-03 14:28:28,Using_Computer/Screen,annotator,HIGH LEVEL BEHAVIOR,2022-03-03 02:35:34,2022-03-03 02:36:11
2022-03-03 14:28:29,2022-03-03 14:28:37,Using_Computer/Screen,annotator,HIGH LEVEL BEHAVIOR,2022-03-03 02:36:12,2022-03-03 02:36:20
2022-03-03 14:28:38,2022-03-03 14:29:36,Using_Computer/Screen,annotator,HIGH LEVEL BEHAVIOR,2022-03-03 02:36:21,2022-03-03 02:37:19
2022-03-03 14:29:36,2022-03-03 14:30:20,Using_Computer/Screen,annotator,HIGH LEVEL BEHAVIOR,2022-03-03 02:37:19,2022-03-03 02:38:03
2022-03-03 14:30:20,2022-03-03 14:31:17,Using_Computer/Screen,annotator,HIGH LEVEL BEHAVIOR,2022-03-03 02:38:03,2022-03-03 02:39:00
2022-03-03 14:31:18,2022-03-03 14:32:23,Using_Computer/Screen,annotator,HIGH LEVEL BEHAVIOR,2022-03-03 02:39:01,2022-03-03 02:40:06
2022-03-03 14:32:24,2022-03-03 14:34:24,Using_Computer/Screen,annotator,HIGH LEVEL BEHAVIOR,2022-03-03 02:40:07,2022-03-03 02:42:07
2022-03-03 14:34:25,2022-03-03 14:34:31,Using_Computer/Screen, Playing_With_Pets,annotator,HIGH LEVEL BEHAVIOR,2022-03-03 02:42:08,2022-03-03 02:42:14
2022-03-03 14:34:31,2022-03-03 14:34:38,Using_Computer/Screen, Playing_With_Pets,annotator,HIGH LEVEL BEHAVIOR,2022-03-03 02:42:14,2022-03-03 02:42:21
2022-03-03 14:34:39,2022-03-03 14:37:22,Using_Computer/Screen,annotator,HIGH LEVEL BEHAVIOR,2022-03-03 02:42:22,2022-03-03 02:45:05
2022-03-03 14:37:22,2022-03-03 14:37:41,Using_Computer/Screen,annotator,HIGH LEVEL BEHAVIOR,2022-03-03 02:45:05,2022-03-03 02:45:24
2022-03-03 14:37:22,2022-03-03 14:37:22,Using_Computer/Screen,annotator,HIGH LEVEL BEHAVIOR,2022-03-03 02:45:05,2022-03-03 02:45:05
2022-03-03 14:37:41,2022-03-03 14:40:27,Using_Computer/Screen,annotator,HIGH LEVEL BEHAVIOR,2022-03-03 02:45:24,2022-03-03 02:48:10
2022-03-03 14:41:29,2022-03-03 14:41:30,Using_Computer/Screen,annotator,HIGH LEVEL BEHAVIOR,2022-03-03 02:49:12,2022-03-03 02:49:13
2022-03-03 14:41:32,2022-03-03 14:41:41,Using_Computer/Screen,annotator,HIGH LEVEL BEHAVIOR,2022-03-03 02:49:15,2022-03-03 02:49:24
2022-03-03 14:41:42,2022-03-03 14:48:02,HLB_Indecipherable/Video_Insufficient,annotator,HIGH LEVEL BEHAVIOR,2022-03-03 02:49:25,2022-03-03 02:55:45
2022-03-03 14:48:03,2022-03-03 14:48:24,In_Transit_Active,annotator,HIGH LEVEL BEHAVIOR,2022-03-03 02:55:46,2022-03-03 02:56:07
2022-03-03 14:48:25,2022-03-03 14:48:34,Playing_With_Pets,annotator,HIGH LEVEL BEHAVIOR,2022-03-03 02:56:08,2022-03-03 02:56:17
2022-03-03 14:48:36,2022-03-03 14:48:59,Cleaning,annotator,HIGH LEVEL BEHAVIOR,2022-03-03 02:56:19,2022-03-03 02:56:42
2022-03-03 14:48:59,2022-03-03 14:49:28,Using_Computer/Screen,annotator,HIGH LEVEL BEHAVIOR,2022-03-03 02:56:42,2022-03-03 02:57:11
2022-03-03 14:49:28,2022-03-03 14:49:46,HLB_Indecipherable/Video_Insufficient,annotator,HIGH LEVEL BEHAVIOR,2022-03-03 02:57:11,2022-03-03 02:57:29
2022-03-03 14:49:46,2022-03-03 14:55:59,Using_Computer/Screen,annotator,HIGH LEVEL BEHAVIOR,2022-03-03 02:57:29,2022-03-03 03:03:42
2022-03-03 14:55:59,2022-03-03 14:56:08,Using_Computer/Screen,annotator,HIGH LEVEL BEHAVIOR,2022-03-03 03:03:42,2022-03-03 03:03:51
2022-03-03 14:56:08,2022-03-03 14:56:16,Using_Computer/Screen,annotator,HIGH LEVEL BEHAVIOR,2022-03-03 03:03:51,2022-03-03 03:03:59
2022-03-03 14:56:19,2022-03-03 14:56:36,In_Transit_Active,annotator,HIGH LEVEL BEHAVIOR,2022-03-03 03:04:02,2022-03-03 03:04:19
2022-03-03 14:56:37,2022-03-03 14:57:09,,annotator,HIGH LEVEL BEHAVIOR,2022-03-03 03:04:20,2022-03-03 03:04:52
2022-03-03 14:57:09,2022-03-03 14:57:17,,annotator,HIGH LEVEL BEHAVIOR,2022-03-03 03:04:52,2022-03-03 03:05:00
2022-03-03 14:57:17,2022-03-03 14:57:24,,annotator,HIGH LEVEL BEHAVIOR,2022-03-03 03:05:00,2022-03-03 03:05:07
2022-03-03 14:57:24,2022-03-03 14:57:28,,annotator,HIGH LEVEL BEHAVIOR,2022-03-03 03:05:07,2022-03-03 03:05:11
2022-03-03 14:57:29,2022-03-03 14:57:39,,annotator,HIGH LEVEL BEHAVIOR,2022-03-03 03:05:12,2022-03-03 03:05:22
2022-03-03 14:57:40,2022-03-03 14:57:51,In_Transit_Active,annotator,HIGH LEVEL BEHAVIOR,2022-03-03 03:05:23,2022-03-03 03:05:34
2022-03-03 14:57:52,2022-03-03 14:58:04,In_Transit_Active,annotator,HIGH LEVEL BEHAVIOR,2022-03-03 03:05:35,2022-03-03 03:05:47
2022-03-03 14:58:09,2022-03-03 15:12:50,Using_Computer/Screen,annotator,HIGH LEVEL BEHAVIOR,2022-03-03 03:05:52,2022-03-03 03:20:33
2022-03-03 15:12:52,2022-03-03 15:14:14,Using_Computer/Screen,annotator,HIGH LEVEL BEHAVIOR,2022-03-03 03:20:35,2022-03-03 03:21:57
2022-03-03 15:14:14,2022-03-03 15:14:24,Using_Computer/Screen,annotator,HIGH LEVEL BEHAVIOR,2022-03-03 03:21:57,2022-03-03 03:22:07
2022-03-03 15:14:24,2022-03-03 15:15:04,Using_Computer/Screen,annotator,HIGH LEVEL BEHAVIOR,2022-03-03 03:22:07,2022-03-03 03:22:47
2022-03-03 15:15:05,2022-03-03 15:16:59,Using_Computer/Screen,annotator,HIGH LEVEL BEHAVIOR,2022-03-03 03:22:48,2022-03-03 03:24:42
2022-03-03 15:17:01,2022-03-03 15:19:19,Using_Computer/Screen,annotator,HIGH LEVEL BEHAVIOR,2022-03-03 03:24:44,2022-03-03 03:27:02
2022-03-03 15:19:19,2022-03-03 15:20:00,Using_Computer/Screen,annotator,HIGH LEVEL BEHAVIOR,2022-03-03 03:27:02,2022-03-03 03:27:43
2022-03-03 15:20:01,2022-03-03 15:20:13,Using_Computer/Screen,annotator,HIGH LEVEL BEHAVIOR,2022-03-03 03:27:44,2022-03-03 03:27:56
2022-03-03 15:20:13,2022-03-03 15:20:31,Using_Computer/Screen,annotator,HIGH LEVEL BEHAVIOR,2022-03-03 03:27:56,2022-03-03 03:28:14
2022-03-03 15:20:32,2022-03-03 15:24:01,Using_Computer/Screen,annotator,HIGH LEVEL BEHAVIOR,2022-03-03 03:28:15,2022-03-03 03:31:44
2022-03-03 15:24:02,2022-03-03 15:27:34,Using_Computer/Screen,annotator,HIGH LEVEL BEHAVIOR,2022-03-03 03:31:45,2022-03-03 03:35:17
2022-03-03 15:27:34,2022-03-03 15:27:51,Using_Computer/Screen,annotator,HIGH LEVEL BEHAVIOR,2022-03-03 03:35:17,2022-03-03 03:35:34
2022-03-03 15:27:52,2022-03-03 15:30:30,Using_Computer/Screen,annotator,HIGH LEVEL BEHAVIOR,2022-03-03 03:35:35,2022-03-03 03:38:13
2022-03-03 15:30:31,2022-03-03 15:30:39,Using_Computer/Screen,annotator,HIGH LEVEL BEHAVIOR,2022-03-03 03:38:14,2022-03-03 03:38:22
2022-03-03 15:30:40,2022-03-03 15:37:33,Using_Computer/Screen,annotator,HIGH LEVEL BEHAVIOR,2022-03-03 03:38:23,2022-03-03 03:45:16
2022-03-03 15:37:33,2022-03-03 15:38:02,Using_Computer/Screen,annotator,HIGH LEVEL BEHAVIOR,2022-03-03 03:45:16,2022-03-03 03:45:45
2022-03-03 15:38:03,2022-03-03 15:38:18,Using_Computer/Screen,annotator,HIGH LEVEL BEHAVIOR,2022-03-03 03:45:46,2022-03-03 03:46:01
2022-03-03 15:38:19,2022-03-03 15:39:05,Using_Computer/Screen,annotator,HIGH LEVEL BEHAVIOR,2022-03-03 03:46:02,2022-03-03 03:46:48
2022-03-03 15:39:06,2022-03-03 15:39:28,HLB_Indecipherable/Video_Insufficient,annotator,HIGH LEVEL BEHAVIOR,2022-03-03 03:46:49,2022-03-03 03:47:11
2022-03-03 15:39:32,2022-03-03 15:41:27,Meeting _Social_Gathering_In_Person,annotator,HIGH LEVEL BEHAVIOR,2022-03-03 03:47:15,2022-03-03 03:49:10
2022-03-03 15:41:30,2022-03-03 15:44:14,Meeting _Social_Gathering_In_Person, In_Transit_Active,annotator,HIGH LEVEL BEHAVIOR,2022-03-03 03:49:13,2022-03-03 03:51:57
2022-03-03 15:44:14,2022-03-03 15:45:03,Meeting _Social_Gathering_In_Person, In_Transit_Active,annotator,HIGH LEVEL BEHAVIOR,2022-03-03 03:51:57,2022-03-03 03:52:46
2022-03-03 15:45:04,2022-03-03 15:51:10,Meeting _Social_Gathering_In_Person, In_Transit_Active,annotator,HIGH LEVEL BEHAVIOR,2022-03-03 03:52:47,2022-03-03 03:58:53
2022-03-03 15:51:11,2022-03-03 15:51:26,Meeting _Social_Gathering_In_Person, In_Transit_Active,annotator,HIGH LEVEL BEHAVIOR,2022-03-03 03:58:54,2022-03-03 03:59:09
2022-03-03 15:51:28,2022-03-03 15:52:07,Meeting _Social_Gathering_In_Person, In_Transit_Active,annotator,HIGH LEVEL BEHAVIOR,2022-03-03 03:59:11,2022-03-03 03:59:50
2022-03-03 15:52:10,2022-03-03 16:05:19,Meeting _Social_Gathering_In_Person, In_Transit_Active,annotator,HIGH LEVEL BEHAVIOR,2022-03-03 03:59:53,2022-03-03 04:13:02
2022-03-03 16:05:20,2022-03-03 16:05:22,Meeting _Social_Gathering_In_Person, In_Transit_Active,annotator,HIGH LEVEL BEHAVIOR,2022-03-03 04:13:03,2022-03-03 04:13:05
2022-03-03 16:05:23,2022-03-03 16:06:17,Meeting _Social_Gathering_In_Person,annotator,HIGH LEVEL BEHAVIOR,2022-03-03 04:13:06,2022-03-03 04:14:00
2022-03-03 16:06:17,2022-03-03 16:06:22,Meeting _Social_Gathering_In_Person,annotator,HIGH LEVEL BEHAVIOR,2022-03-03 04:14:00,2022-03-03 04:14:05
2022-03-03 16:06:28,2022-03-03 16:06:29,Meeting _Social_Gathering_In_Person, Eating/Dining,annotator,HIGH LEVEL BEHAVIOR,2022-03-03 04:14:11,2022-03-03 04:14:12
2022-03-03 16:06:38,2022-03-03 16:07:00,Meeting _Social_Gathering_In_Person, Eating/Dining,annotator,HIGH LEVEL BEHAVIOR,2022-03-03 04:14:21,2022-03-03 04:14:43
2022-03-03 16:06:38,2022-03-03 16:06:38,Meeting _Social_Gathering_In_Person,annotator,HIGH LEVEL BEHAVIOR,2022-03-03 04:14:21,2022-03-03 04:14:21
2022-03-03 16:07:00,2022-03-03 16:07:28,Meeting _Social_Gathering_In_Person,annotator,HIGH LEVEL BEHAVIOR,2022-03-03 04:14:43,2022-03-03 04:15:11
2022-03-03 16:07:29,2022-03-03 16:07:42,Meeting _Social_Gathering_In_Person,annotator,HIGH LEVEL BEHAVIOR,2022-03-03 04:15:12,2022-03-03 04:15:25
2022-03-03 16:07:44,2022-03-03 16:08:17,Meeting _Social_Gathering_In_Person,annotator,HIGH LEVEL BEHAVIOR,2022-03-03 04:15:27,2022-03-03 04:16:00
2022-03-03 16:08:17,2022-03-03 16:08:55,Meeting _Social_Gathering_In_Person, Playing_With_Pets,annotator,HIGH LEVEL BEHAVIOR,2022-03-03 04:16:00,2022-03-03 04:16:38
2022-03-03 16:08:56,2022-03-03 16:09:02,Meeting _Social_Gathering_In_Person, Playing_With_Pets,annotator,HIGH LEVEL BEHAVIOR,2022-03-03 04:16:39,2022-03-03 04:16:45
2022-03-03 16:09:04,2022-03-03 16:09:35,Meeting _Social_Gathering_In_Person,annotator,HIGH LEVEL BEHAVIOR,2022-03-03 04:16:47,2022-03-03 04:17:18
2022-03-03 16:09:35,2022-03-03 16:09:53,Meeting _Social_Gathering_In_Person,annotator,HIGH LEVEL BEHAVIOR,2022-03-03 04:17:18,2022-03-03 04:17:36
2022-03-03 16:09:54,2022-03-03 16:10:18,Meeting _Social_Gathering_In_Person,annotator,HIGH LEVEL BEHAVIOR,2022-03-03 04:17:37,2022-03-03 04:18:01
2022-03-03 16:10:19,2022-03-03 16:10:27,Meeting _Social_Gathering_In_Person,annotator,HIGH LEVEL BEHAVIOR,2022-03-03 04:18:02,2022-03-03 04:18:10
2022-03-03 16:10:28,2022-03-03 16:10:33,Meeting _Social_Gathering_In_Person,annotator,HIGH LEVEL BEHAVIOR,2022-03-03 04:18:11,2022-03-03 04:18:16
2022-03-03 16:10:37,2022-03-03 16:11:37,Using_Computer/Screen,annotator,HIGH LEVEL BEHAVIOR,2022-03-03 04:18:20,2022-03-03 04:19:20
2022-03-03 16:11:37,2022-03-03 16:11:49,Using_Computer/Screen, Playing_With_Pets,annotator,HIGH LEVEL BEHAVIOR,2022-03-03 04:19:20,2022-03-03 04:19:32
2022-03-03 16:11:51,2022-03-03 16:18:02,Using_Computer/Screen, Meeting _Social_Gathering_In_Person,annotator,HIGH LEVEL BEHAVIOR,2022-03-03 04:19:34,2022-03-03 04:25:45
2022-03-03 16:18:03,2022-03-03 16:19:25,Using_Computer/Screen, Meeting _Social_Gathering_In_Person,annotator,HIGH LEVEL BEHAVIOR,2022-03-03 04:25:46,2022-03-03 04:27:08
2022-03-03 16:19:25,2022-03-03 16:20:02,Using_Computer/Screen, Meeting _Social_Gathering_In_Person,annotator,HIGH LEVEL BEHAVIOR,2022-03-03 04:27:08,2022-03-03 04:27:45
2022-03-03 16:20:03,2022-03-03 16:21:13,Using_Computer/Screen, Meeting _Social_Gathering_In_Person,annotator,HIGH LEVEL BEHAVIOR,2022-03-03 04:27:46,2022-03-03 04:28:56
2022-03-03 16:21:13,2022-03-03 16:21:17,Using_Computer/Screen, Meeting _Social_Gathering_In_Person,annotator,HIGH LEVEL BEHAVIOR,2022-03-03 04:28:56,2022-03-03 04:29:00
2022-03-03 16:21:17,2022-03-03 16:28:36,Using_Computer/Screen, Meeting _Social_Gathering_In_Person,annotator,HIGH LEVEL BEHAVIOR,2022-03-03 04:29:00,2022-03-03 04:36:19
2022-03-03 16:28:37,2022-03-03 16:30:09,Using_Computer/Screen, Meeting _Social_Gathering_In_Person,annotator,HIGH LEVEL BEHAVIOR,2022-03-03 04:36:20,2022-03-03 04:37:52
2022-03-03 16:30:10,2022-03-03 16:31:09,Using_Computer/Screen, Meeting _Social_Gathering_In_Person,annotator,HIGH LEVEL BEHAVIOR,2022-03-03 04:37:53,2022-03-03 04:38:52
2022-03-03 16:31:09,2022-03-03 16:37:34,Using_Computer/Screen, Meeting_Virtual,annotator,HIGH LEVEL BEHAVIOR,2022-03-03 04:38:52,2022-03-03 04:45:17
2022-03-03 16:37:35,2022-03-03 16:37:44,Using_Computer/Screen,annotator,HIGH LEVEL BEHAVIOR,2022-03-03 04:45:18,2022-03-03 04:45:27
2022-03-03 16:37:47,2022-03-03 16:37:56,Using_Computer/Screen,annotator,HIGH LEVEL BEHAVIOR,2022-03-03 04:45:30,2022-03-03 04:45:39
2022-03-03 16:37:57,2022-03-03 16:40:12,Using_Computer/Screen,annotator,HIGH LEVEL BEHAVIOR,2022-03-03 04:45:40,2022-03-03 04:47:55
2022-03-03 16:40:14,2022-03-03 16:40:42,,annotator,HIGH LEVEL BEHAVIOR,2022-03-03 04:47:57,2022-03-03 04:48:25
2022-03-03 16:40:43,2022-03-03 16:40:57,,annotator,HIGH LEVEL BEHAVIOR,2022-03-03 04:48:26,2022-03-03 04:48:40
2022-03-03 16:40:58,2022-03-03 16:41:24,,annotator,HIGH LEVEL BEHAVIOR,2022-03-03 04:48:41,2022-03-03 04:49:07
2022-03-03 16:41:24,2022-03-03 16:41:56,,annotator,HIGH LEVEL BEHAVIOR,2022-03-03 04:49:07,2022-03-03 04:49:39
2022-03-03 16:41:57,2022-03-03 16:42:36,Using_Computer/Screen,annotator,HIGH LEVEL BEHAVIOR,2022-03-03 04:49:40,2022-03-03 04:50:19
2022-03-03 16:42:36,2022-03-03 16:43:10,Using_Computer/Screen,annotator,HIGH LEVEL BEHAVIOR,2022-03-03 04:50:19,2022-03-03 04:50:53
2022-03-03 16:43:10,2022-03-03 16:43:21,Using_Computer/Screen,annotator,HIGH LEVEL BEHAVIOR,2022-03-03 04:50:53,2022-03-03 04:51:04
2022-03-03 16:43:21,2022-03-03 16:50:09,Using_Computer/Screen,annotator,HIGH LEVEL BEHAVIOR,2022-03-03 04:51:04,2022-03-03 04:57:52
2022-03-03 16:50:09,2022-03-03 16:50:32,,annotator,HIGH LEVEL BEHAVIOR,2022-03-03 04:57:52,2022-03-03 04:58:15
2022-03-03 16:50:32,2022-03-03 16:52:16,Meeting _Social_Gathering_In_Person, Using_Computer/Screen,annotator,HIGH LEVEL BEHAVIOR,2022-03-03 04:58:15,2022-03-03 04:59:59
2022-03-03 16:52:16,2022-03-03 16:52:50,Meeting _Social_Gathering_In_Person,annotator,HIGH LEVEL BEHAVIOR,2022-03-03 04:59:59,2022-03-03 05:00:33
2022-03-03 16:52:50,2022-03-03 17:20:54,,annotator,HIGH LEVEL BEHAVIOR,2022-03-03 05:00:33,2022-03-03 05:28:37
2022-03-03 17:20:55,2022-03-03 17:40:51,Meeting _Social_Gathering_In_Person,annotator,HIGH LEVEL BEHAVIOR,2022-03-03 05:28:38,2022-03-03 05:48:34
2022-03-03 17:40:52,2022-03-03 17:53:29,Meeting _Social_Gathering_In_Person, Cooking/Prepping_Food,annotator,HIGH LEVEL BEHAVIOR,2022-03-03 05:48:35,2022-03-03 06:01:12
2022-03-03 17:53:29,2022-03-03 17:58:52,Meeting _Social_Gathering_In_Person, Cleaning,annotator,HIGH LEVEL BEHAVIOR,2022-03-03 06:01:12,2022-03-03 06:06:35
2022-03-03 17:58:52,2022-03-03 17:59:33,Meeting _Social_Gathering_In_Person,annotator,HIGH LEVEL BEHAVIOR,2022-03-03 06:06:35,2022-03-03 06:07:16
2022-03-03 17:59:33,2022-03-03 18:01:07,Meeting _Social_Gathering_In_Person,annotator,HIGH LEVEL BEHAVIOR,2022-03-03 06:07:16,2022-03-03 06:08:50
2022-03-03 18:01:08,2022-03-03 18:02:37,Meeting _Social_Gathering_In_Person, Cleaning,annotator,HIGH LEVEL BEHAVIOR,2022-03-03 06:08:51,2022-03-03 06:10:20
2022-03-03 18:02:37,2022-03-03 18:03:16,Cleaning,annotator,HIGH LEVEL BEHAVIOR,2022-03-03 06:10:20,2022-03-03 06:10:59
2022-03-03 18:03:16,2022-03-03 18:03:58,Cleaning,annotator,HIGH LEVEL BEHAVIOR,2022-03-03 06:10:59,2022-03-03 06:11:41
2022-03-03 18:03:58,2022-03-03 18:04:26,Playing_With_Pets,annotator,HIGH LEVEL BEHAVIOR,2022-03-03 06:11:41,2022-03-03 06:12:09
2022-03-03 18:04:26,2022-03-03 18:07:17,Cleaning, Cooking/Prepping_Food,annotator,HIGH LEVEL BEHAVIOR,2022-03-03 06:12:09,2022-03-03 06:15:00
2022-03-03 18:07:18,2022-03-03 18:09:02,Cooking/Prepping_Food,annotator,HIGH LEVEL BEHAVIOR,2022-03-03 06:15:01,2022-03-03 06:16:45
2022-03-03 18:09:03,2022-03-03 18:16:49,Cooking/Prepping_Food, Meeting _Social_Gathering_In_Person,annotator,HIGH LEVEL BEHAVIOR,2022-03-03 06:16:46,2022-03-03 06:24:32
2022-03-03 18:16:49,2022-03-03 18:17:00,,annotator,HIGH LEVEL BEHAVIOR,2022-03-03 06:24:32,2022-03-03 06:24:43
2022-03-03 18:17:00,2022-03-03 18:18:20,WatchingTV/Movies,annotator,HIGH LEVEL BEHAVIOR,2022-03-03 06:24:43,2022-03-03 06:26:03
2022-03-03 18:18:25,2022-03-03 18:18:59,,annotator,HIGH LEVEL BEHAVIOR,2022-03-03 06:26:08,2022-03-03 06:26:42
2022-03-03 18:18:59,2022-03-03 18:19:09,Meeting _Social_Gathering_In_Person,annotator,HIGH LEVEL BEHAVIOR,2022-03-03 06:26:42,2022-03-03 06:26:52
2022-03-03 18:19:09,2022-03-03 18:22:06,Meeting _Social_Gathering_In_Person,annotator,HIGH LEVEL BEHAVIOR,2022-03-03 06:26:52,2022-03-03 06:29:49
2022-03-03 18:22:06,2022-03-03 18:23:27,,annotator,HIGH LEVEL BEHAVIOR,2022-03-03 06:29:49,2022-03-03 06:31:10
2022-03-03 18:23:28,2022-03-03 18:25:16,Cooking/Prepping_Food, Meeting _Social_Gathering_In_Person,annotator,HIGH LEVEL BEHAVIOR,2022-03-03 06:31:11,2022-03-03 06:32:59
2022-03-03 18:25:16,2022-03-03 18:26:24,,annotator,HIGH LEVEL BEHAVIOR,2022-03-03 06:32:59,2022-03-03 06:34:07
2022-03-03 18:26:24,2022-03-03 18:31:14,Cooking/Prepping_Food,annotator,HIGH LEVEL BEHAVIOR,2022-03-03 06:34:07,2022-03-03 06:38:57
2022-03-03 18:31:14,2022-03-03 18:37:42,Eating/Dining,annotator,HIGH LEVEL BEHAVIOR,2022-03-03 06:38:57,2022-03-03 06:45:25
2022-03-03 18:37:42,2022-03-03 18:39:44,Eating/Dining,annotator,HIGH LEVEL BEHAVIOR,2022-03-03 06:45:25,2022-03-03 06:47:27
2022-03-03 18:39:45,2022-03-03 18:45:37,Eating/Dining,annotator,HIGH LEVEL BEHAVIOR,2022-03-03 06:47:28,2022-03-03 06:53:20
2022-03-03 18:45:37,2022-03-03 19:12:09,WatchingTV/Movies,annotator,HIGH LEVEL BEHAVIOR,2022-03-03 06:53:20,2022-03-03 07:19:52
2022-03-03 19:12:09,2022-03-03 19:17:33,Meeting _Social_Gathering_In_Person, Playing_With_Pets,annotator,HIGH LEVEL BEHAVIOR,2022-03-03 07:19:52,2022-03-03 07:25:16
2022-03-03 19:17:33,2022-03-03 19:23:50,Meeting _Social_Gathering_In_Person, Playing_With_Pets,annotator,HIGH LEVEL BEHAVIOR,2022-03-03 07:25:16,2022-03-03 07:31:33
2022-03-03 19:23:50,2022-03-03 19:24:55,Meeting _Social_Gathering_In_Person, Playing_With_Pets,annotator,HIGH LEVEL BEHAVIOR,2022-03-03 07:31:33,2022-03-03 07:32:38
2022-03-03 19:24:55,2022-03-03 19:39:32,Meeting _Social_Gathering_In_Person, Playing_With_Pets,annotator,HIGH LEVEL BEHAVIOR,2022-03-03 07:32:38,2022-03-03 07:47:15
2022-03-03 19:39:34,2022-03-03 19:41:13,Meeting _Social_Gathering_In_Person, WatchingTV/Movies,annotator,HIGH LEVEL BEHAVIOR,2022-03-03 07:47:17,2022-03-03 07:48:56
2022-03-03 19:41:13,2022-03-03 19:43:00,,annotator,HIGH LEVEL BEHAVIOR,2022-03-03 07:48:56,2022-03-03 07:50:43
2022-03-03 19:43:00,2022-03-03 19:45:50,Cleaning, Meeting _Social_Gathering_In_Person,annotator,HIGH LEVEL BEHAVIOR,2022-03-03 07:50:43,2022-03-03 07:53:33
2022-03-03 19:45:50,2022-03-03 19:47:26,,annotator,HIGH LEVEL BEHAVIOR,2022-03-03 07:53:33,2022-03-03 07:55:09
2022-03-03 19:47:26,2022-03-03 19:52:05,Eating/Dining, Meeting _Social_Gathering_In_Person,annotator,HIGH LEVEL BEHAVIOR,2022-03-03 07:55:09,2022-03-03 07:59:48
2022-03-03 19:52:06,2022-03-03 19:52:17,WatchingTV/Movies,annotator,HIGH LEVEL BEHAVIOR,2022-03-03 07:59:49,2022-03-03 08:00:00
2022-03-03 19:52:17,2022-03-03 19:57:22,WatchingTV/Movies,annotator,HIGH LEVEL BEHAVIOR,2022-03-03 08:00:00,2022-03-03 08:05:05
2022-03-03 19:57:22,2022-03-03 19:58:35,Playing_Videogame,annotator,HIGH LEVEL BEHAVIOR,2022-03-03 08:05:05,2022-03-03 08:06:18
2022-03-03 19:58:35,2022-03-03 19:59:05,Playing_Videogame,annotator,HIGH LEVEL BEHAVIOR,2022-03-03 08:06:18,2022-03-03 08:06:48
2022-03-03 19:59:08,2022-03-03 19:59:17,Playing_Videogame, Playing_With_Pets,annotator,HIGH LEVEL BEHAVIOR,2022-03-03 08:06:51,2022-03-03 08:07:00
2022-03-03 19:59:17,2022-03-03 20:00:09,Playing_Videogame,annotator,HIGH LEVEL BEHAVIOR,2022-03-03 08:07:00,2022-03-03 08:07:52
2022-03-03 20:00:09,2022-03-03 20:08:15,Playing_Videogame,annotator,HIGH LEVEL BEHAVIOR,2022-03-03 08:07:52,2022-03-03 08:15:58
2022-03-03 20:08:15,2022-03-03 20:09:31,Playing_Videogame, Playing_With_Pets,annotator,HIGH LEVEL BEHAVIOR,2022-03-03 08:15:58,2022-03-03 08:17:14
2022-03-03 20:09:31,2022-03-03 20:56:42,Playing_Videogame,annotator,HIGH LEVEL BEHAVIOR,2022-03-03 08:17:14,2022-03-03 09:04:25
2022-03-03 20:56:42,2022-03-03 20:58:32,,annotator,HIGH LEVEL BEHAVIOR,2022-03-03 09:04:25,2022-03-03 09:06:15
2022-03-03 20:58:32,2022-03-03 20:59:02,WatchingTV/Movies,annotator,HIGH LEVEL BEHAVIOR,2022-03-03 09:06:15,2022-03-03 09:06:45
2022-03-03 20:59:02,2022-03-03 21:02:53,Doing_Laundry,annotator,HIGH LEVEL BEHAVIOR,2022-03-03 09:06:45,2022-03-03 09:10:36
2022-03-03 21:02:53,2022-03-03 21:05:36,Doing_Laundry,annotator,HIGH LEVEL BEHAVIOR,2022-03-03 09:10:36,2022-03-03 09:13:19
2022-03-03 21:05:36,2022-03-03 21:06:28,Doing_Laundry,annotator,HIGH LEVEL BEHAVIOR,2022-03-03 09:13:19,2022-03-03 09:14:11
2022-03-03 21:06:28,2022-03-03 21:10:13,,annotator,HIGH LEVEL BEHAVIOR,2022-03-03 09:14:11,2022-03-03 09:17:56
2022-03-03 21:10:13,2022-03-03 21:12:02,,annotator,HIGH LEVEL BEHAVIOR,2022-03-03 09:17:56,2022-03-03 09:19:45
2022-03-03 21:12:02,2022-03-03 21:15:23,Meeting _Social_Gathering_In_Person, WatchingTV/Movies,annotator,HIGH LEVEL BEHAVIOR,2022-03-03 09:19:45,2022-03-03 09:23:06
2022-03-03 21:15:23,2022-03-03 21:17:33,Meeting _Social_Gathering_In_Person, WatchingTV/Movies,annotator,HIGH LEVEL BEHAVIOR,2022-03-03 09:23:06,2022-03-03 09:25:16
2022-03-03 21:17:33,2022-03-03 21:18:17,Meeting _Social_Gathering_In_Person, WatchingTV/Movies,annotator,HIGH LEVEL BEHAVIOR,2022-03-03 09:25:16,2022-03-03 09:26:00
2022-03-03 21:18:17,2022-03-03 21:18:53,Meeting _Social_Gathering_In_Person, WatchingTV/Movies,annotator,HIGH LEVEL BEHAVIOR,2022-03-03 09:26:00,2022-03-03 09:26:36
2022-03-03 21:18:53,2022-03-03 21:19:14,Meeting _Social_Gathering_In_Person, WatchingTV/Movies,annotator,HIGH LEVEL BEHAVIOR,2022-03-03 09:26:36,2022-03-03 09:26:57
2022-03-03 21:19:14,2022-03-03 21:25:31,Meeting _Social_Gathering_In_Person, WatchingTV/Movies,annotator,HIGH LEVEL BEHAVIOR,2022-03-03 09:26:57,2022-03-03 09:33:14
2022-03-03 21:25:31,2022-03-03 21:26:06,Meeting _Social_Gathering_In_Person, WatchingTV/Movies,annotator,HIGH LEVEL BEHAVIOR,2022-03-03 09:33:14,2022-03-03 09:33:49
2022-03-03 21:26:06,2022-03-03 21:27:22,Meeting _Social_Gathering_In_Person, WatchingTV/Movies,annotator,HIGH LEVEL BEHAVIOR,2022-03-03 09:33:49,2022-03-03 09:35:05
2022-03-03 21:27:22,2022-03-03 21:28:51,Meeting _Social_Gathering_In_Person,annotator,HIGH LEVEL BEHAVIOR,2022-03-03 09:35:05,2022-03-03 09:36:34
2022-03-03 21:28:51,2022-03-03 21:42:03,Meeting _Social_Gathering_In_Person, WatchingTV/Movies,annotator,HIGH LEVEL BEHAVIOR,2022-03-03 09:36:34,2022-03-03 09:49:46
2022-03-03 21:42:03,2022-03-03 21:42:46,Meeting _Social_Gathering_In_Person,annotator,HIGH LEVEL BEHAVIOR,2022-03-03 09:49:46,2022-03-03 09:50:29
2022-03-03 21:42:46,2022-03-03 21:43:27,Meeting _Social_Gathering_In_Person, Playing_With_Pets,annotator,HIGH LEVEL BEHAVIOR,2022-03-03 09:50:29,2022-03-03 09:51:10
2022-03-03 21:43:27,2022-03-03 21:51:25,Meeting _Social_Gathering_In_Person,annotator,HIGH LEVEL BEHAVIOR,2022-03-03 09:51:10,2022-03-03 09:59:08
2022-03-03 21:51:26,2022-03-03 21:52:01,Meeting _Social_Gathering_In_Person,annotator,HIGH LEVEL BEHAVIOR,2022-03-03 09:59:09,2022-03-03 09:59:44
2022-03-03 21:52:03,2022-03-03 22:22:13,Meeting _Social_Gathering_In_Person, WatchingTV/Movies,annotator,HIGH LEVEL BEHAVIOR,2022-03-03 09:59:46,2022-03-03 10:29:56
2022-03-03 22:22:13,2022-03-03 22:27:38,Meeting _Social_Gathering_In_Person, WatchingTV/Movies,annotator,HIGH LEVEL BEHAVIOR,2022-03-03 10:29:56,2022-03-03 10:35:21
2022-03-03 22:27:38,2022-03-03 22:30:01,Meeting _Social_Gathering_In_Person, Cooking/Prepping_Food,annotator,HIGH LEVEL BEHAVIOR,2022-03-03 10:35:21,2022-03-03 10:37:44
2022-03-03 22:30:01,2022-03-03 22:37:08,Meeting _Social_Gathering_In_Person, WatchingTV/Movies,annotator,HIGH LEVEL BEHAVIOR,2022-03-03 10:37:44,2022-03-03 10:44:51
2022-03-03 22:37:08,2022-03-03 22:44:40,Meeting _Social_Gathering_In_Person, WatchingTV/Movies, Eating/Dining,annotator,HIGH LEVEL BEHAVIOR,2022-03-03 10:44:51,2022-03-03 10:52:23
2022-03-03 22:44:40,2022-03-03 22:45:37,Meeting _Social_Gathering_In_Person, WatchingTV/Movies, Eating/Dining,annotator,HIGH LEVEL BEHAVIOR,2022-03-03 10:52:23,2022-03-03 10:53:20
2022-03-03 22:45:37,2022-03-03 22:49:44,Meeting _Social_Gathering_In_Person, WatchingTV/Movies,annotator,HIGH LEVEL BEHAVIOR,2022-03-03 10:53:20,2022-03-03 10:57:27
2022-03-03 22:49:44,2022-03-03 22:51:42,Meeting _Social_Gathering_In_Person, WatchingTV/Movies,annotator,HIGH LEVEL BEHAVIOR,2022-03-03 10:57:27,2022-03-03 10:59:25
2022-03-03 22:51:42,2022-03-03 22:55:10,Meeting _Social_Gathering_In_Person, WatchingTV/Movies,annotator,HIGH LEVEL BEHAVIOR,2022-03-03 10:59:25,2022-03-03 11:02:53
2022-03-03 22:55:10,2022-03-03 23:00:19,Meeting _Social_Gathering_In_Person, WatchingTV/Movies,annotator,HIGH LEVEL BEHAVIOR,2022-03-03 11:02:53,2022-03-03 11:08:02
2022-03-03 23:00:19,2022-03-03 23:03:40,Meeting _Social_Gathering_In_Person, WatchingTV/Movies,annotator,HIGH LEVEL BEHAVIOR,2022-03-03 11:08:02,2022-03-03 11:11:23
2022-03-03 23:03:40,2022-03-03 23:16:50,,annotator,HIGH LEVEL BEHAVIOR,2022-03-03 11:11:23,2022-03-03 11:24:33
2022-03-03 23:16:50,2022-03-03 23:20:37,Playing_With_Pets, WatchingTV/Movies,annotator,HIGH LEVEL BEHAVIOR,2022-03-03 11:24:33,2022-03-03 11:28:20
2022-03-03 23:20:37,2022-03-03 23:21:58,,annotator,HIGH LEVEL BEHAVIOR,2022-03-03 11:28:20,2022-03-03 11:29:41
2022-03-03 23:21:58,2022-03-03 23:25:55,WatchingTV/Movies,annotator,HIGH LEVEL BEHAVIOR,2022-03-03 11:29:41,2022-03-03 11:33:38
2022-03-03 23:25:55,2022-03-03 23:26:24,WatchingTV/Movies,annotator,HIGH LEVEL BEHAVIOR,2022-03-03 11:33:38,2022-03-03 11:34:07
2022-03-03 23:26:25,2022-03-03 23:29:23,WatchingTV/Movies, Meeting _Social_Gathering_In_Person,annotator,HIGH LEVEL BEHAVIOR,2022-03-03 11:34:08,2022-03-03 11:37:06
2022-03-03 23:29:23,2022-03-03 23:31:02,WatchingTV/Movies,annotator,HIGH LEVEL BEHAVIOR,2022-03-03 11:37:06,2022-03-03 11:38:45
2022-03-03 23:31:02,2022-03-03 23:38:25,WatchingTV/Movies,annotator,HIGH LEVEL BEHAVIOR,2022-03-03 11:38:45,2022-03-03 11:46:08
2022-03-03 23:38:26,2022-03-03 23:39:41,Cleaning,annotator,HIGH LEVEL BEHAVIOR,2022-03-03 11:46:09,2022-03-03 11:47:24
2022-03-03 23:39:41,2022-03-03 23:42:02,Cleaning, Doing_Laundry,annotator,HIGH LEVEL BEHAVIOR,2022-03-03 11:47:24,2022-03-03 11:49:45
2022-03-03 23:42:02,2022-03-03 23:42:25,Cleaning,annotator,HIGH LEVEL BEHAVIOR,2022-03-03 11:49:45,2022-03-03 11:50:08
2022-03-03 23:42:25,2022-03-03 23:46:35,Doing_Laundry, WatchingTV/Movies,annotator,HIGH LEVEL BEHAVIOR,2022-03-03 11:50:08,2022-03-03 11:54:18
2022-03-03 23:46:35,2022-03-03 23:49:10,Grooming/Self_Care,annotator,HIGH LEVEL BEHAVIOR,2022-03-03 11:54:18,2022-03-03 11:56:53
2022-03-03 23:49:10,2022-03-03 23:50:19,WatchingTV/Movies,annotator,HIGH LEVEL BEHAVIOR,2022-03-03 11:56:53,2022-03-03 11:58:02
2022-03-03 23:50:21,2022-03-04 00:01:01,WatchingTV/Movies,annotator,HIGH LEVEL BEHAVIOR,2022-03-03 11:58:04,2022-03-03 12:08:44
2022-03-04 00:01:01,2022-03-04 00:30:57,WatchingTV/Movies,annotator,HIGH LEVEL BEHAVIOR,2022-03-03 12:08:44,2022-03-03 12:38:40
2022-03-04 00:30:57,2022-03-04 00:36:18,WatchingTV/Movies,annotator,HIGH LEVEL BEHAVIOR,2022-03-03 12:38:40,2022-03-03 12:44:01
2022-03-04 00:36:18,2022-03-04 00:43:57,WatchingTV/Movies,annotator,HIGH LEVEL BEHAVIOR,2022-03-03 12:44:01,2022-03-03 12:51:40
2022-03-04 00:43:57,2022-03-04 00:46:58,WatchingTV/Movies,annotator,HIGH LEVEL BEHAVIOR,2022-03-03 12:51:40,2022-03-03 12:54:41
2022-03-04 00:46:58,2022-03-04 01:02:31,WatchingTV/Movies,annotator,HIGH LEVEL BEHAVIOR,2022-03-03 12:54:41,2022-03-03 13:10:14
2022-03-04 01:02:31,2022-03-04 01:08:09,WatchingTV/Movies,annotator,HIGH LEVEL BEHAVIOR,2022-03-03 13:10:14,2022-03-03 13:15:52
2022-03-04 01:08:09,2022-03-04 01:26:34,WatchingTV/Movies,annotator,HIGH LEVEL BEHAVIOR,2022-03-03 13:15:52,2022-03-03 13:34:17
2022-03-04 01:26:34,2022-03-04 01:40:24,,annotator,HIGH LEVEL BEHAVIOR,2022-03-03 13:34:17,2022-03-03 13:48:07
2022-03-04 01:40:24,2022-03-04 01:44:20,,annotator,HIGH LEVEL BEHAVIOR,2022-03-03 13:48:07,2022-03-03 13:52:03
2022-03-04 01:44:20,2022-03-04 01:45:33,,annotator,HIGH LEVEL BEHAVIOR,2022-03-03 13:52:03,2022-03-03 13:53:16
2022-03-04 01:45:33,2022-03-04 01:51:52,,annotator,HIGH LEVEL BEHAVIOR,2022-03-03 13:53:16,2022-03-03 13:59:35
2022-03-04 01:51:52,2022-03-04 01:52:07,,annotator,HIGH LEVEL BEHAVIOR,2022-03-03 13:59:35,2022-03-03 13:59:50
2022-03-04 01:52:08,2022-03-04 01:52:29,,annotator,HIGH LEVEL BEHAVIOR,2022-03-03 13:59:51,2022-03-03 14:00:12
