START_TIME,STOP_TIME,PREDICTION,SOURCE,LABELSET,VIDEO_START_TIME,VIDEO_END_TIME
2022-06-11 09:10:40,2022-06-11 09:11:09,Free_Living,annotator,Experimental situation,2022-06-11 00:00:00,2022-06-11 00:00:29
2022-06-11 09:11:09,2022-06-11 09:11:51,Free_Living,annotator,Experimental situation,2022-06-11 00:00:29,2022-06-11 00:01:11
2022-06-11 09:11:51,2022-06-11 09:21:53,Free_Living,annotator,Experimental situation,2022-06-11 00:01:11,2022-06-11 00:11:13
2022-06-11 09:21:53,2022-06-11 09:23:17,Free_Living,annotator,Experimental situation,2022-06-11 00:11:13,2022-06-11 00:12:37
2022-06-11 09:23:17,2022-06-11 09:50:18,Free_Living,annotator,Experimental situation,2022-06-11 00:12:37,2022-06-11 00:39:38
2022-06-11 09:50:18,2022-06-11 09:50:59,Free_Living,annotator,Experimental situation,2022-06-11 00:39:38,2022-06-11 00:40:19
2022-06-11 09:50:59,2022-06-11 09:51:37,Free_Living,annotator,Experimental situation,2022-06-11 00:40:19,2022-06-11 00:40:57
2022-06-11 09:51:37,2022-06-11 09:52:32,Free_Living,annotator,Experimental situation,2022-06-11 00:40:57,2022-06-11 00:41:52
2022-06-11 09:52:32,2022-06-11 09:53:27,Free_Living,annotator,Experimental situation,2022-06-11 00:41:52,2022-06-11 00:42:47
2022-06-11 09:53:27,2022-06-11 09:53:43,Free_Living,annotator,Experimental situation,2022-06-11 00:42:47,2022-06-11 00:43:03
2022-06-11 09:53:43,2022-06-11 10:02:09,Free_Living,annotator,Experimental situation,2022-06-11 00:43:03,2022-06-11 00:51:29
2022-06-11 10:02:09,2022-06-11 10:08:58,Free_Living,annotator,Experimental situation,2022-06-11 00:51:29,2022-06-11 00:58:18
2022-06-11 10:08:58,2022-06-11 10:10:27,Free_Living,annotator,Experimental situation,2022-06-11 00:58:18,2022-06-11 00:59:47
2022-06-11 10:10:27,2022-06-11 10:19:57,Free_Living,annotator,Experimental situation,2022-06-11 00:59:47,2022-06-11 01:09:17
2022-06-11 10:19:57,2022-06-11 10:22:54,Free_Living,annotator,Experimental situation,2022-06-11 01:09:17,2022-06-11 01:12:14
2022-06-11 10:22:58,2022-06-11 10:23:02,Free_Living,annotator,Experimental situation,2022-06-11 01:12:18,2022-06-11 01:12:22
2022-06-11 10:23:02,2022-06-11 10:23:08,Free_Living,annotator,Experimental situation,2022-06-11 01:12:22,2022-06-11 01:12:28
2022-06-11 10:23:08,2022-06-11 10:23:15,Free_Living,annotator,Experimental situation,2022-06-11 01:12:28,2022-06-11 01:12:35
2022-06-11 10:23:15,2022-06-11 10:24:01,Free_Living,annotator,Experimental situation,2022-06-11 01:12:35,2022-06-11 01:13:21
2022-06-11 10:24:01,2022-06-11 10:24:06,Free_Living,annotator,Experimental situation,2022-06-11 01:13:21,2022-06-11 01:13:26
2022-06-11 10:24:06,2022-06-11 10:24:43,Free_Living,annotator,Experimental situation,2022-06-11 01:13:26,2022-06-11 01:14:03
2022-06-11 10:24:43,2022-06-11 10:24:52,Free_Living,annotator,Experimental situation,2022-06-11 01:14:03,2022-06-11 01:14:12
2022-06-11 10:24:52,2022-06-11 10:25:07,Free_Living,annotator,Experimental situation,2022-06-11 01:14:12,2022-06-11 01:14:27
2022-06-11 10:25:07,2022-06-11 10:25:21,Free_Living,annotator,Experimental situation,2022-06-11 01:14:27,2022-06-11 01:14:41
2022-06-11 10:25:21,2022-06-11 10:25:32,Free_Living,annotator,Experimental situation,2022-06-11 01:14:41,2022-06-11 01:14:52
2022-06-11 10:25:32,2022-06-11 10:25:45,Free_Living,annotator,Experimental situation,2022-06-11 01:14:52,2022-06-11 01:15:05
2022-06-11 10:25:45,2022-06-11 10:25:50,Free_Living,annotator,Experimental situation,2022-06-11 01:15:05,2022-06-11 01:15:10
2022-06-11 10:25:50,2022-06-11 10:25:55,Free_Living,annotator,Experimental situation,2022-06-11 01:15:10,2022-06-11 01:15:15
2022-06-11 10:25:55,2022-06-11 10:26:15,Free_Living,annotator,Experimental situation,2022-06-11 01:15:15,2022-06-11 01:15:35
2022-06-11 10:26:15,2022-06-11 10:26:25,Free_Living,annotator,Experimental situation,2022-06-11 01:15:35,2022-06-11 01:15:45
2022-06-11 10:26:25,2022-06-11 10:26:31,Free_Living,annotator,Experimental situation,2022-06-11 01:15:45,2022-06-11 01:15:51
2022-06-11 10:26:31,2022-06-11 10:26:45,Free_Living,annotator,Experimental situation,2022-06-11 01:15:51,2022-06-11 01:16:05
2022-06-11 10:26:46,2022-06-11 10:27:22,Free_Living,annotator,Experimental situation,2022-06-11 01:16:06,2022-06-11 01:16:42
2022-06-11 10:27:22,2022-06-11 10:32:37,Free_Living,annotator,Experimental situation,2022-06-11 01:16:42,2022-06-11 01:21:57
2022-06-11 10:32:37,2022-06-11 10:33:26,Free_Living,annotator,Experimental situation,2022-06-11 01:21:57,2022-06-11 01:22:46
2022-06-11 10:33:26,2022-06-11 10:36:33,Free_Living,annotator,Experimental situation,2022-06-11 01:22:46,2022-06-11 01:25:53
2022-06-11 10:36:33,2022-06-11 10:36:38,Free_Living,annotator,Experimental situation,2022-06-11 01:25:53,2022-06-11 01:25:58
2022-06-11 10:36:41,2022-06-11 10:37:51,Free_Living,annotator,Experimental situation,2022-06-11 01:26:01,2022-06-11 01:27:11
2022-06-11 10:37:51,2022-06-11 10:38:48,Free_Living,annotator,Experimental situation,2022-06-11 01:27:11,2022-06-11 01:28:08
2022-06-11 10:38:48,2022-06-11 10:39:02,Free_Living,annotator,Experimental situation,2022-06-11 01:28:08,2022-06-11 01:28:22
2022-06-11 10:39:02,2022-06-11 10:42:21,Free_Living,annotator,Experimental situation,2022-06-11 01:28:22,2022-06-11 01:31:41
2022-06-11 10:42:21,2022-06-11 10:45:05,Free_Living,annotator,Experimental situation,2022-06-11 01:31:41,2022-06-11 01:34:25
2022-06-11 10:45:05,2022-06-11 10:49:38,Free_Living,annotator,Experimental situation,2022-06-11 01:34:25,2022-06-11 01:38:58
2022-06-11 10:49:38,2022-06-11 10:50:37,Free_Living,annotator,Experimental situation,2022-06-11 01:38:58,2022-06-11 01:39:57
2022-06-11 10:50:37,2022-06-11 10:53:13,Free_Living,annotator,Experimental situation,2022-06-11 01:39:57,2022-06-11 01:42:33
2022-06-11 10:53:13,2022-06-11 10:54:17,Free_Living,annotator,Experimental situation,2022-06-11 01:42:33,2022-06-11 01:43:37
2022-06-11 10:54:17,2022-06-11 10:55:08,Free_Living,annotator,Experimental situation,2022-06-11 01:43:37,2022-06-11 01:44:28
2022-06-11 10:55:08,2022-06-11 10:56:08,Free_Living,annotator,Experimental situation,2022-06-11 01:44:28,2022-06-11 01:45:28
2022-06-11 10:56:08,2022-06-11 10:56:43,Free_Living,annotator,Experimental situation,2022-06-11 01:45:28,2022-06-11 01:46:03
2022-06-11 10:56:43,2022-06-11 11:00:58,Free_Living,annotator,Experimental situation,2022-06-11 01:46:03,2022-06-11 01:50:18
2022-06-11 11:00:58,2022-06-11 11:01:33,Free_Living,annotator,Experimental situation,2022-06-11 01:50:18,2022-06-11 01:50:53
2022-06-11 11:01:33,2022-06-11 11:02:52,Free_Living,annotator,Experimental situation,2022-06-11 01:50:53,2022-06-11 01:52:12
2022-06-11 11:02:52,2022-06-11 11:03:09,Free_Living,annotator,Experimental situation,2022-06-11 01:52:12,2022-06-11 01:52:29
2022-06-11 11:03:09,2022-06-11 11:04:47,Free_Living,annotator,Experimental situation,2022-06-11 01:52:29,2022-06-11 01:54:07
2022-06-11 11:04:47,2022-06-11 11:05:39,Free_Living,annotator,Experimental situation,2022-06-11 01:54:07,2022-06-11 01:54:59
2022-06-11 11:05:39,2022-06-11 11:10:22,Free_Living,annotator,Experimental situation,2022-06-11 01:54:59,2022-06-11 01:59:42
2022-06-11 11:10:22,2022-06-11 11:10:46,Free_Living,annotator,Experimental situation,2022-06-11 01:59:42,2022-06-11 02:00:06
2022-06-11 11:10:48,2022-06-11 11:12:56,Free_Living,annotator,Experimental situation,2022-06-11 02:00:08,2022-06-11 02:02:16
2022-06-11 11:12:56,2022-06-11 11:15:00,Free_Living,annotator,Experimental situation,2022-06-11 02:02:16,2022-06-11 02:04:20
2022-06-11 11:15:00,2022-06-11 11:15:58,Free_Living,annotator,Experimental situation,2022-06-11 02:04:20,2022-06-11 02:05:18
2022-06-11 11:15:58,2022-06-11 11:36:38,Free_Living,annotator,Experimental situation,2022-06-11 02:05:18,2022-06-11 02:25:58
2022-06-11 11:36:38,2022-06-11 11:37:29,Free_Living,annotator,Experimental situation,2022-06-11 02:25:58,2022-06-11 02:26:49
2022-06-11 11:37:29,2022-06-11 11:43:33,Free_Living,annotator,Experimental situation,2022-06-11 02:26:49,2022-06-11 02:32:53
2022-06-11 11:43:35,2022-06-11 11:45:58,Free_Living,annotator,Experimental situation,2022-06-11 02:32:55,2022-06-11 02:35:18
2022-06-11 11:45:58,2022-06-11 11:50:31,Free_Living,annotator,Experimental situation,2022-06-11 02:35:18,2022-06-11 02:39:51
2022-06-11 11:50:31,2022-06-11 11:52:19,Free_Living,annotator,Experimental situation,2022-06-11 02:39:51,2022-06-11 02:41:39
2022-06-11 11:52:19,2022-06-11 11:58:40,Free_Living,annotator,Experimental situation,2022-06-11 02:41:39,2022-06-11 02:48:00
2022-06-11 11:58:40,2022-06-11 12:07:12,Free_Living,annotator,Experimental situation,2022-06-11 02:48:00,2022-06-11 02:56:32
2022-06-11 12:07:12,2022-06-11 12:08:22,Free_Living,annotator,Experimental situation,2022-06-11 02:56:32,2022-06-11 02:57:42
2022-06-11 12:08:22,2022-06-11 12:15:32,Free_Living,annotator,Experimental situation,2022-06-11 02:57:42,2022-06-11 03:04:52
2022-06-11 12:15:35,2022-06-11 12:16:10,Free_Living,annotator,Experimental situation,2022-06-11 03:04:55,2022-06-11 03:05:30
2022-06-11 12:16:10,2022-06-11 12:16:20,Free_Living,annotator,Experimental situation,2022-06-11 03:05:30,2022-06-11 03:05:40
2022-06-11 12:16:24,2022-06-11 12:16:40,Free_Living,annotator,Experimental situation,2022-06-11 03:05:44,2022-06-11 03:06:00
2022-06-11 12:16:40,2022-06-11 12:18:55,Free_Living,annotator,Experimental situation,2022-06-11 03:06:00,2022-06-11 03:08:15
2022-06-11 12:18:56,2022-06-11 12:19:01,Free_Living,annotator,Experimental situation,2022-06-11 03:08:16,2022-06-11 03:08:21
2022-06-11 12:19:01,2022-06-11 12:19:18,Free_Living,annotator,Experimental situation,2022-06-11 03:08:21,2022-06-11 03:08:38
2022-06-11 12:19:18,2022-06-11 12:19:32,Free_Living,annotator,Experimental situation,2022-06-11 03:08:38,2022-06-11 03:08:52
2022-06-11 12:19:32,2022-06-11 12:19:40,Free_Living,annotator,Experimental situation,2022-06-11 03:08:52,2022-06-11 03:09:00
2022-06-11 12:19:40,2022-06-11 12:19:46,Free_Living,annotator,Experimental situation,2022-06-11 03:09:00,2022-06-11 03:09:06
2022-06-11 12:19:46,2022-06-11 12:19:54,Free_Living,annotator,Experimental situation,2022-06-11 03:09:06,2022-06-11 03:09:14
2022-06-11 12:19:54,2022-06-11 12:19:59,Free_Living,annotator,Experimental situation,2022-06-11 03:09:14,2022-06-11 03:09:19
2022-06-11 12:19:59,2022-06-11 12:20:40,Free_Living,annotator,Experimental situation,2022-06-11 03:09:19,2022-06-11 03:10:00
2022-06-11 12:20:40,2022-06-11 12:20:50,Free_Living,annotator,Experimental situation,2022-06-11 03:10:00,2022-06-11 03:10:10
2022-06-11 12:20:50,2022-06-11 12:21:26,Free_Living,annotator,Experimental situation,2022-06-11 03:10:10,2022-06-11 03:10:46
2022-06-11 12:21:26,2022-06-11 12:21:36,Free_Living,annotator,Experimental situation,2022-06-11 03:10:46,2022-06-11 03:10:56
2022-06-11 12:21:36,2022-06-11 12:21:56,Free_Living,annotator,Experimental situation,2022-06-11 03:10:56,2022-06-11 03:11:16
2022-06-11 12:21:56,2022-06-11 12:22:12,Free_Living,annotator,Experimental situation,2022-06-11 03:11:16,2022-06-11 03:11:32
2022-06-11 12:22:12,2022-06-11 12:22:21,Free_Living,annotator,Experimental situation,2022-06-11 03:11:32,2022-06-11 03:11:41
2022-06-11 12:22:21,2022-06-11 12:22:26,Free_Living,annotator,Experimental situation,2022-06-11 03:11:41,2022-06-11 03:11:46
2022-06-11 12:22:26,2022-06-11 12:22:33,Free_Living,annotator,Experimental situation,2022-06-11 03:11:46,2022-06-11 03:11:53
2022-06-11 12:22:33,2022-06-11 12:22:38,Free_Living,annotator,Experimental situation,2022-06-11 03:11:53,2022-06-11 03:11:58
2022-06-11 12:22:38,2022-06-11 12:22:46,Free_Living,annotator,Experimental situation,2022-06-11 03:11:58,2022-06-11 03:12:06
2022-06-11 12:22:46,2022-06-11 12:22:54,Free_Living,annotator,Experimental situation,2022-06-11 03:12:06,2022-06-11 03:12:14
2022-06-11 12:22:54,2022-06-11 12:22:58,Free_Living,annotator,Experimental situation,2022-06-11 03:12:14,2022-06-11 03:12:18
2022-06-11 12:23:00,2022-06-11 12:23:35,Free_Living,annotator,Experimental situation,2022-06-11 03:12:20,2022-06-11 03:12:55
2022-06-11 12:23:35,2022-06-11 12:23:49,Free_Living,annotator,Experimental situation,2022-06-11 03:12:55,2022-06-11 03:13:09
2022-06-11 12:23:49,2022-06-11 12:27:03,Free_Living,annotator,Experimental situation,2022-06-11 03:13:09,2022-06-11 03:16:23
2022-06-11 12:27:03,2022-06-11 12:27:08,Free_Living,annotator,Experimental situation,2022-06-11 03:16:23,2022-06-11 03:16:28
2022-06-11 12:27:08,2022-06-11 12:27:21,Free_Living,annotator,Experimental situation,2022-06-11 03:16:28,2022-06-11 03:16:41
2022-06-11 12:27:21,2022-06-11 12:29:27,Free_Living,annotator,Experimental situation,2022-06-11 03:16:41,2022-06-11 03:18:47
2022-06-11 12:29:27,2022-06-11 12:29:39,Free_Living,annotator,Experimental situation,2022-06-11 03:18:47,2022-06-11 03:18:59
2022-06-11 12:29:39,2022-06-11 12:39:59,Free_Living,annotator,Experimental situation,2022-06-11 03:18:59,2022-06-11 03:29:19
2022-06-11 12:39:59,2022-06-11 12:42:05,Free_Living,annotator,Experimental situation,2022-06-11 03:29:19,2022-06-11 03:31:25
2022-06-11 12:42:05,2022-06-11 12:58:36,Free_Living,annotator,Experimental situation,2022-06-11 03:31:25,2022-06-11 03:47:56
2022-06-11 12:58:36,2022-06-11 12:59:15,Free_Living,annotator,Experimental situation,2022-06-11 03:47:56,2022-06-11 03:48:35
2022-06-11 12:59:15,2022-06-11 13:00:58,Free_Living,annotator,Experimental situation,2022-06-11 03:48:35,2022-06-11 03:50:18
2022-06-11 13:00:58,2022-06-11 13:10:27,Free_Living,annotator,Experimental situation,2022-06-11 03:50:18,2022-06-11 03:59:47
