START_TIME,STOP_TIME,PREDICTION,SOURCE,LABELSET,VIDEO_START_TIME,VIDEO_END_TIME
2022-05-06 09:37:06,2022-05-06 09:39:22,,annotator,HIGH LEVEL BEHAVIOR,2022-05-06 00:00:00,2022-05-06 00:02:16
2022-05-06 09:39:22,2022-05-06 09:40:02,,annotator,HIGH LEVEL BEHAVIOR,2022-05-06 00:02:16,2022-05-06 00:02:56
2022-05-06 09:40:02,2022-05-06 09:40:26,Playing_With_Pets,annotator,HIGH LEVEL BEHAVIOR,2022-05-06 00:02:56,2022-05-06 00:03:20
2022-05-06 09:40:26,2022-05-06 09:40:47,,annotator,HIGH LEVEL BEHAVIOR,2022-05-06 00:03:20,2022-05-06 00:03:41
2022-05-06 09:40:47,2022-05-06 09:43:51,In_Bathroom,annotator,HIGH LEVEL BEHAVIOR,2022-05-06 00:03:41,2022-05-06 00:06:45
2022-05-06 09:43:51,2022-05-06 09:44:15,,annotator,HIGH LEVEL BEHAVIOR,2022-05-06 00:06:45,2022-05-06 00:07:09
2022-05-06 09:44:15,2022-05-06 09:44:31,,annotator,HIGH LEVEL BEHAVIOR,2022-05-06 00:07:09,2022-05-06 00:07:25
2022-05-06 09:44:31,2022-05-06 09:54:38,HLB_Indecipherable/Video_Insufficient,annotator,HIGH LEVEL BEHAVIOR,2022-05-06 00:07:25,2022-05-06 00:17:32
2022-05-06 09:54:38,2022-05-06 09:54:56,,annotator,HIGH LEVEL BEHAVIOR,2022-05-06 00:17:32,2022-05-06 00:17:50
2022-05-06 09:54:38,2022-05-06 09:54:38,HLB_Indecipherable/Video_Insufficient,annotator,HIGH LEVEL BEHAVIOR,2022-05-06 00:17:32,2022-05-06 00:17:32
2022-05-06 09:54:56,2022-05-06 09:55:07,,annotator,HIGH LEVEL BEHAVIOR,2022-05-06 00:17:50,2022-05-06 00:18:01
2022-05-06 09:55:07,2022-05-06 09:55:33,,annotator,HIGH LEVEL BEHAVIOR,2022-05-06 00:18:01,2022-05-06 00:18:27
2022-05-06 09:55:33,2022-05-06 09:56:13,,annotator,HIGH LEVEL BEHAVIOR,2022-05-06 00:18:27,2022-05-06 00:19:07
2022-05-06 09:56:13,2022-05-06 09:56:30,,annotator,HIGH LEVEL BEHAVIOR,2022-05-06 00:19:07,2022-05-06 00:19:24
2022-05-06 09:56:30,2022-05-06 09:56:48,,annotator,HIGH LEVEL BEHAVIOR,2022-05-06 00:19:24,2022-05-06 00:19:42
2022-05-06 09:56:48,2022-05-06 09:57:02,,annotator,HIGH LEVEL BEHAVIOR,2022-05-06 00:19:42,2022-05-06 00:19:56
2022-05-06 09:57:02,2022-05-06 09:58:03,In_Transit_Active,annotator,HIGH LEVEL BEHAVIOR,2022-05-06 00:19:56,2022-05-06 00:20:57
2022-05-06 09:58:03,2022-05-06 10:00:16,In_Transit_Active,annotator,HIGH LEVEL BEHAVIOR,2022-05-06 00:20:57,2022-05-06 00:23:10
2022-05-06 10:00:16,2022-05-06 10:00:48,In_Transit_Active,annotator,HIGH LEVEL BEHAVIOR,2022-05-06 00:23:10,2022-05-06 00:23:42
2022-05-06 10:00:49,2022-05-06 10:01:25,,annotator,HIGH LEVEL BEHAVIOR,2022-05-06 00:23:43,2022-05-06 00:24:19
2022-05-06 10:01:26,2022-05-06 10:02:15,,annotator,HIGH LEVEL BEHAVIOR,2022-05-06 00:24:20,2022-05-06 00:25:09
2022-05-06 10:02:15,2022-05-06 10:02:45,Working_Other,annotator,HIGH LEVEL BEHAVIOR,2022-05-06 00:25:09,2022-05-06 00:25:39
2022-05-06 10:02:45,2022-05-06 10:03:10,Working_Other,annotator,HIGH LEVEL BEHAVIOR,2022-05-06 00:25:39,2022-05-06 00:26:04
2022-05-06 10:03:10,2022-05-06 10:03:35,Working_Other,annotator,HIGH LEVEL BEHAVIOR,2022-05-06 00:26:04,2022-05-06 00:26:29
2022-05-06 10:03:35,2022-05-06 10:03:45,Working_Other,annotator,HIGH LEVEL BEHAVIOR,2022-05-06 00:26:29,2022-05-06 00:26:39
2022-05-06 10:03:45,2022-05-06 10:07:13,Working_Other,annotator,HIGH LEVEL BEHAVIOR,2022-05-06 00:26:39,2022-05-06 00:30:07
2022-05-06 10:07:13,2022-05-06 10:07:58,Working_Other,annotator,HIGH LEVEL BEHAVIOR,2022-05-06 00:30:07,2022-05-06 00:30:52
2022-05-06 10:07:58,2022-05-06 10:10:45,Working_Other, Cooking/Prepping_Food,annotator,HIGH LEVEL BEHAVIOR,2022-05-06 00:30:52,2022-05-06 00:33:39
2022-05-06 10:10:45,2022-05-06 10:10:57,Working_Other, Cooking/Prepping_Food,annotator,HIGH LEVEL BEHAVIOR,2022-05-06 00:33:39,2022-05-06 00:33:51
2022-05-06 10:10:57,2022-05-06 10:12:06,Working_Other,annotator,HIGH LEVEL BEHAVIOR,2022-05-06 00:33:51,2022-05-06 00:35:00
2022-05-06 10:12:06,2022-05-06 10:12:40,Working_Other,annotator,HIGH LEVEL BEHAVIOR,2022-05-06 00:35:00,2022-05-06 00:35:34
2022-05-06 10:12:40,2022-05-06 10:12:49,Working_Other,annotator,HIGH LEVEL BEHAVIOR,2022-05-06 00:35:34,2022-05-06 00:35:43
2022-05-06 10:12:49,2022-05-06 10:13:10,Working_Other,annotator,HIGH LEVEL BEHAVIOR,2022-05-06 00:35:43,2022-05-06 00:36:04
2022-05-06 10:13:10,2022-05-06 10:14:09,Working_Other,annotator,HIGH LEVEL BEHAVIOR,2022-05-06 00:36:04,2022-05-06 00:37:03
2022-05-06 10:14:09,2022-05-06 10:14:40,Working_Other, Using_Computer/Screen,annotator,HIGH LEVEL BEHAVIOR,2022-05-06 00:37:03,2022-05-06 00:37:34
2022-05-06 10:14:40,2022-05-06 10:14:56,Working_Other, Cooking/Prepping_Food,annotator,HIGH LEVEL BEHAVIOR,2022-05-06 00:37:34,2022-05-06 00:37:50
2022-05-06 10:14:56,2022-05-06 10:15:23,Working_Other, Cooking/Prepping_Food,annotator,HIGH LEVEL BEHAVIOR,2022-05-06 00:37:50,2022-05-06 00:38:17
2022-05-06 10:15:23,2022-05-06 10:16:28,Working_Other, Cooking/Prepping_Food,annotator,HIGH LEVEL BEHAVIOR,2022-05-06 00:38:17,2022-05-06 00:39:22
2022-05-06 10:16:28,2022-05-06 10:17:17,Working_Other, Cooking/Prepping_Food,annotator,HIGH LEVEL BEHAVIOR,2022-05-06 00:39:22,2022-05-06 00:40:11
2022-05-06 10:17:17,2022-05-06 10:17:46,Working_Other, Cooking/Prepping_Food,annotator,HIGH LEVEL BEHAVIOR,2022-05-06 00:40:11,2022-05-06 00:40:40
2022-05-06 10:17:46,2022-05-06 10:18:11,Working_Other,annotator,HIGH LEVEL BEHAVIOR,2022-05-06 00:40:40,2022-05-06 00:41:05
2022-05-06 10:18:11,2022-05-06 10:21:56,Working_Other, Cooking/Prepping_Food,annotator,HIGH LEVEL BEHAVIOR,2022-05-06 00:41:05,2022-05-06 00:44:50
2022-05-06 10:21:56,2022-05-06 10:24:08,Working_Other,annotator,HIGH LEVEL BEHAVIOR,2022-05-06 00:44:50,2022-05-06 00:47:02
2022-05-06 10:24:08,2022-05-06 10:24:25,Working_Other,annotator,HIGH LEVEL BEHAVIOR,2022-05-06 00:47:02,2022-05-06 00:47:19
2022-05-06 10:24:25,2022-05-06 10:24:34,Working_Other,annotator,HIGH LEVEL BEHAVIOR,2022-05-06 00:47:19,2022-05-06 00:47:28
2022-05-06 10:24:34,2022-05-06 10:24:58,Working_Other, Cooking/Prepping_Food,annotator,HIGH LEVEL BEHAVIOR,2022-05-06 00:47:28,2022-05-06 00:47:52
2022-05-06 10:24:58,2022-05-06 10:26:36,Working_Other, Cooking/Prepping_Food,annotator,HIGH LEVEL BEHAVIOR,2022-05-06 00:47:52,2022-05-06 00:49:30
2022-05-06 10:26:36,2022-05-06 10:27:11,Working_Other, Cooking/Prepping_Food,annotator,HIGH LEVEL BEHAVIOR,2022-05-06 00:49:30,2022-05-06 00:50:05
2022-05-06 10:27:11,2022-05-06 10:28:27,Working_Other, Cooking/Prepping_Food,annotator,HIGH LEVEL BEHAVIOR,2022-05-06 00:50:05,2022-05-06 00:51:21
2022-05-06 10:28:27,2022-05-06 10:29:57,Working_Other, Cooking/Prepping_Food,annotator,HIGH LEVEL BEHAVIOR,2022-05-06 00:51:21,2022-05-06 00:52:51
2022-05-06 10:29:57,2022-05-06 10:30:21,Working_Other, Cooking/Prepping_Food,annotator,HIGH LEVEL BEHAVIOR,2022-05-06 00:52:51,2022-05-06 00:53:15
2022-05-06 10:30:21,2022-05-06 10:30:38,Working_Other, Eating/Dining,annotator,HIGH LEVEL BEHAVIOR,2022-05-06 00:53:15,2022-05-06 00:53:32
2022-05-06 10:30:38,2022-05-06 10:31:24,Working_Other, Eating/Dining,annotator,HIGH LEVEL BEHAVIOR,2022-05-06 00:53:32,2022-05-06 00:54:18
2022-05-06 10:31:24,2022-05-06 10:33:03,Working_Other,annotator,HIGH LEVEL BEHAVIOR,2022-05-06 00:54:18,2022-05-06 00:55:57
2022-05-06 10:33:03,2022-05-06 10:33:21,Working_Other, Packing/Unpacking_Something,annotator,HIGH LEVEL BEHAVIOR,2022-05-06 00:55:57,2022-05-06 00:56:15
2022-05-06 10:33:21,2022-05-06 10:34:02,Working_Other,annotator,HIGH LEVEL BEHAVIOR,2022-05-06 00:56:15,2022-05-06 00:56:56
2022-05-06 10:34:02,2022-05-06 10:34:20,Working_Other,annotator,HIGH LEVEL BEHAVIOR,2022-05-06 00:56:56,2022-05-06 00:57:14
2022-05-06 10:34:20,2022-05-06 10:36:52,Working_Other,annotator,HIGH LEVEL BEHAVIOR,2022-05-06 00:57:14,2022-05-06 00:59:46
2022-05-06 10:36:52,2022-05-06 10:37:00,Working_Other,annotator,HIGH LEVEL BEHAVIOR,2022-05-06 00:59:46,2022-05-06 00:59:54
2022-05-06 10:37:00,2022-05-06 10:37:26,Working_Other, Using_Computer/Screen,annotator,HIGH LEVEL BEHAVIOR,2022-05-06 00:59:54,2022-05-06 01:00:20
2022-05-06 10:37:26,2022-05-06 10:38:23,Working_Other, Cooking/Prepping_Food,annotator,HIGH LEVEL BEHAVIOR,2022-05-06 01:00:20,2022-05-06 01:01:17
2022-05-06 10:38:23,2022-05-06 10:38:36,Working_Other,annotator,HIGH LEVEL BEHAVIOR,2022-05-06 01:01:17,2022-05-06 01:01:30
2022-05-06 10:38:36,2022-05-06 10:39:08,Working_Other,annotator,HIGH LEVEL BEHAVIOR,2022-05-06 01:01:30,2022-05-06 01:02:02
2022-05-06 10:39:08,2022-05-06 10:42:35,Working_Other, Cooking/Prepping_Food,annotator,HIGH LEVEL BEHAVIOR,2022-05-06 01:02:02,2022-05-06 01:05:29
2022-05-06 10:42:35,2022-05-06 10:43:37,Working_Other,annotator,HIGH LEVEL BEHAVIOR,2022-05-06 01:05:29,2022-05-06 01:06:31
2022-05-06 10:43:37,2022-05-06 10:44:05,Working_Other,annotator,HIGH LEVEL BEHAVIOR,2022-05-06 01:06:31,2022-05-06 01:06:59
2022-05-06 10:44:05,2022-05-06 10:44:24,Working_Other,annotator,HIGH LEVEL BEHAVIOR,2022-05-06 01:06:59,2022-05-06 01:07:18
2022-05-06 10:44:24,2022-05-06 10:44:47,Working_Other,annotator,HIGH LEVEL BEHAVIOR,2022-05-06 01:07:18,2022-05-06 01:07:41
2022-05-06 10:44:47,2022-05-06 10:45:06,Working_Other,annotator,HIGH LEVEL BEHAVIOR,2022-05-06 01:07:41,2022-05-06 01:08:00
2022-05-06 10:45:06,2022-05-06 10:45:17,Working_Other,annotator,HIGH LEVEL BEHAVIOR,2022-05-06 01:08:00,2022-05-06 01:08:11
2022-05-06 10:45:17,2022-05-06 10:45:22,Working_Other,annotator,HIGH LEVEL BEHAVIOR,2022-05-06 01:08:11,2022-05-06 01:08:16
2022-05-06 10:45:22,2022-05-06 10:46:05,Working_Other, Cooking/Prepping_Food,annotator,HIGH LEVEL BEHAVIOR,2022-05-06 01:08:16,2022-05-06 01:08:59
2022-05-06 10:46:05,2022-05-06 10:46:22,Working_Other, Cooking/Prepping_Food,annotator,HIGH LEVEL BEHAVIOR,2022-05-06 01:08:59,2022-05-06 01:09:16
2022-05-06 10:46:22,2022-05-06 10:46:45,Working_Other, Cooking/Prepping_Food,annotator,HIGH LEVEL BEHAVIOR,2022-05-06 01:09:16,2022-05-06 01:09:39
2022-05-06 10:46:45,2022-05-06 10:48:01,Working_Other, Eating/Dining,annotator,HIGH LEVEL BEHAVIOR,2022-05-06 01:09:39,2022-05-06 01:10:55
2022-05-06 10:48:01,2022-05-06 10:48:29,Working_Other,annotator,HIGH LEVEL BEHAVIOR,2022-05-06 01:10:55,2022-05-06 01:11:23
2022-05-06 10:48:29,2022-05-06 10:49:11,Working_Other, Eating/Dining,annotator,HIGH LEVEL BEHAVIOR,2022-05-06 01:11:23,2022-05-06 01:12:05
2022-05-06 10:49:11,2022-05-06 10:49:40,Working_Other, Eating/Dining,annotator,HIGH LEVEL BEHAVIOR,2022-05-06 01:12:05,2022-05-06 01:12:34
2022-05-06 10:49:40,2022-05-06 10:53:06,Working_Other, Eating/Dining,annotator,HIGH LEVEL BEHAVIOR,2022-05-06 01:12:34,2022-05-06 01:16:00
2022-05-06 10:53:06,2022-05-06 10:53:29,Working_Other, Eating/Dining,annotator,HIGH LEVEL BEHAVIOR,2022-05-06 01:16:00,2022-05-06 01:16:23
2022-05-06 10:53:29,2022-05-06 10:54:08,Working_Other, Eating/Dining,annotator,HIGH LEVEL BEHAVIOR,2022-05-06 01:16:23,2022-05-06 01:17:02
2022-05-06 10:54:08,2022-05-06 10:54:50,Working_Other, Eating/Dining,annotator,HIGH LEVEL BEHAVIOR,2022-05-06 01:17:02,2022-05-06 01:17:44
2022-05-06 10:54:50,2022-05-06 10:56:30,Working_Other, Eating/Dining,annotator,HIGH LEVEL BEHAVIOR,2022-05-06 01:17:44,2022-05-06 01:19:24
2022-05-06 10:56:30,2022-05-06 11:00:15,Working_Other, Cooking/Prepping_Food,annotator,HIGH LEVEL BEHAVIOR,2022-05-06 01:19:24,2022-05-06 01:23:09
2022-05-06 11:00:15,2022-05-06 11:06:29,Working_Other, Cooking/Prepping_Food,annotator,HIGH LEVEL BEHAVIOR,2022-05-06 01:23:09,2022-05-06 01:29:23
2022-05-06 11:06:32,2022-05-06 11:06:55,Working_Other,annotator,HIGH LEVEL BEHAVIOR,2022-05-06 01:29:26,2022-05-06 01:29:49
2022-05-06 11:06:55,2022-05-06 11:07:00,Working_Other,annotator,HIGH LEVEL BEHAVIOR,2022-05-06 01:29:49,2022-05-06 01:29:54
2022-05-06 11:07:00,2022-05-06 11:07:19,Working_Other,annotator,HIGH LEVEL BEHAVIOR,2022-05-06 01:29:54,2022-05-06 01:30:13
2022-05-06 11:07:19,2022-05-06 11:07:49,Working_Other,annotator,HIGH LEVEL BEHAVIOR,2022-05-06 01:30:13,2022-05-06 01:30:43
2022-05-06 11:07:49,2022-05-06 11:08:06,Working_Other, Eating/Dining,annotator,HIGH LEVEL BEHAVIOR,2022-05-06 01:30:43,2022-05-06 01:31:00
2022-05-06 11:08:06,2022-05-06 11:09:37,Working_Other, Eating/Dining,annotator,HIGH LEVEL BEHAVIOR,2022-05-06 01:31:00,2022-05-06 01:32:31
2022-05-06 11:09:37,2022-05-06 11:11:11,Working_Other, Eating/Dining,annotator,HIGH LEVEL BEHAVIOR,2022-05-06 01:32:31,2022-05-06 01:34:05
2022-05-06 11:11:11,2022-05-06 11:12:13,Working_Other, Eating/Dining,annotator,HIGH LEVEL BEHAVIOR,2022-05-06 01:34:05,2022-05-06 01:35:07
2022-05-06 11:12:13,2022-05-06 11:12:20,Working_Other, Eating/Dining,annotator,HIGH LEVEL BEHAVIOR,2022-05-06 01:35:07,2022-05-06 01:35:14
2022-05-06 11:12:20,2022-05-06 11:12:42,Working_Other, Eating/Dining,annotator,HIGH LEVEL BEHAVIOR,2022-05-06 01:35:14,2022-05-06 01:35:36
2022-05-06 11:12:42,2022-05-06 11:13:47,Working_Other,annotator,HIGH LEVEL BEHAVIOR,2022-05-06 01:35:36,2022-05-06 01:36:41
2022-05-06 11:13:47,2022-05-06 11:14:00,Working_Other,annotator,HIGH LEVEL BEHAVIOR,2022-05-06 01:36:41,2022-05-06 01:36:54
2022-05-06 11:14:00,2022-05-06 11:14:09,Working_Other,annotator,HIGH LEVEL BEHAVIOR,2022-05-06 01:36:54,2022-05-06 01:37:03
2022-05-06 11:14:09,2022-05-06 11:17:00,Working_Other, Eating/Dining,annotator,HIGH LEVEL BEHAVIOR,2022-05-06 01:37:03,2022-05-06 01:39:54
2022-05-06 11:17:00,2022-05-06 11:18:29,Working_Other, Cooking/Prepping_Food,annotator,HIGH LEVEL BEHAVIOR,2022-05-06 01:39:54,2022-05-06 01:41:23
2022-05-06 11:18:29,2022-05-06 11:23:49,Working_Other,annotator,HIGH LEVEL BEHAVIOR,2022-05-06 01:41:23,2022-05-06 01:46:43
2022-05-06 11:23:49,2022-05-06 11:24:18,Working_Other, Cleaning,annotator,HIGH LEVEL BEHAVIOR,2022-05-06 01:46:43,2022-05-06 01:47:12
2022-05-06 11:24:18,2022-05-06 11:24:38,Working_Other, Cleaning,annotator,HIGH LEVEL BEHAVIOR,2022-05-06 01:47:12,2022-05-06 01:47:32
2022-05-06 11:24:38,2022-05-06 11:26:05,Working_Other,annotator,HIGH LEVEL BEHAVIOR,2022-05-06 01:47:32,2022-05-06 01:48:59
2022-05-06 11:26:05,2022-05-06 11:26:26,Working_Other,annotator,HIGH LEVEL BEHAVIOR,2022-05-06 01:48:59,2022-05-06 01:49:20
2022-05-06 11:26:26,2022-05-06 11:27:06,Working_Other, Packing/Unpacking_Something,annotator,HIGH LEVEL BEHAVIOR,2022-05-06 01:49:20,2022-05-06 01:50:00
2022-05-06 11:27:06,2022-05-06 11:27:35,Working_Other, Packing/Unpacking_Something,annotator,HIGH LEVEL BEHAVIOR,2022-05-06 01:50:00,2022-05-06 01:50:29
2022-05-06 11:27:35,2022-05-06 11:29:46,Working_Other,annotator,HIGH LEVEL BEHAVIOR,2022-05-06 01:50:29,2022-05-06 01:52:40
2022-05-06 11:29:46,2022-05-06 11:29:53,Working_Other,annotator,HIGH LEVEL BEHAVIOR,2022-05-06 01:52:40,2022-05-06 01:52:47
2022-05-06 11:29:53,2022-05-06 11:30:05,Working_Other,annotator,HIGH LEVEL BEHAVIOR,2022-05-06 01:52:47,2022-05-06 01:52:59
2022-05-06 11:30:05,2022-05-06 11:30:50,Working_Other,annotator,HIGH LEVEL BEHAVIOR,2022-05-06 01:52:59,2022-05-06 01:53:44
2022-05-06 11:30:50,2022-05-06 11:31:06,Working_Other,annotator,HIGH LEVEL BEHAVIOR,2022-05-06 01:53:44,2022-05-06 01:54:00
2022-05-06 11:31:06,2022-05-06 11:31:19,Working_Other,annotator,HIGH LEVEL BEHAVIOR,2022-05-06 01:54:00,2022-05-06 01:54:13
2022-05-06 11:31:19,2022-05-06 11:31:51,Working_Other,annotator,HIGH LEVEL BEHAVIOR,2022-05-06 01:54:13,2022-05-06 01:54:45
2022-05-06 11:31:51,2022-05-06 11:32:02,Working_Other,annotator,HIGH LEVEL BEHAVIOR,2022-05-06 01:54:45,2022-05-06 01:54:56
2022-05-06 11:32:02,2022-05-06 11:32:30,Working_Other,annotator,HIGH LEVEL BEHAVIOR,2022-05-06 01:54:56,2022-05-06 01:55:24
2022-05-06 11:32:30,2022-05-06 11:32:35,Working_Other, Using_Computer/Screen,annotator,HIGH LEVEL BEHAVIOR,2022-05-06 01:55:24,2022-05-06 01:55:29
2022-05-06 11:32:35,2022-05-06 11:32:55,Working_Other, Eating/Dining,annotator,HIGH LEVEL BEHAVIOR,2022-05-06 01:55:29,2022-05-06 01:55:49
2022-05-06 11:32:55,2022-05-06 11:33:36,Working_Other, Eating/Dining,annotator,HIGH LEVEL BEHAVIOR,2022-05-06 01:55:49,2022-05-06 01:56:30
2022-05-06 11:33:36,2022-05-06 11:35:18,Working_Other, Eating/Dining, Relaxing_Passive,annotator,HIGH LEVEL BEHAVIOR,2022-05-06 01:56:30,2022-05-06 01:58:12
2022-05-06 11:35:18,2022-05-06 11:36:03,Working_Other,annotator,HIGH LEVEL BEHAVIOR,2022-05-06 01:58:12,2022-05-06 01:58:57
2022-05-06 11:36:03,2022-05-06 11:36:06,Working_Other,annotator,HIGH LEVEL BEHAVIOR,2022-05-06 01:58:57,2022-05-06 01:59:00
2022-05-06 11:36:06,2022-05-06 11:36:16,Working_Other,annotator,HIGH LEVEL BEHAVIOR,2022-05-06 01:59:00,2022-05-06 01:59:10
2022-05-06 11:36:16,2022-05-06 11:36:24,Working_Other,annotator,HIGH LEVEL BEHAVIOR,2022-05-06 01:59:10,2022-05-06 01:59:18
2022-05-06 11:36:24,2022-05-06 11:36:41,Working_Other,annotator,HIGH LEVEL BEHAVIOR,2022-05-06 01:59:18,2022-05-06 01:59:35
2022-05-06 11:36:41,2022-05-06 11:38:02,Working_Other,annotator,HIGH LEVEL BEHAVIOR,2022-05-06 01:59:35,2022-05-06 02:00:56
2022-05-06 11:38:02,2022-05-06 11:38:38,Working_Other, Cooking/Prepping_Food,annotator,HIGH LEVEL BEHAVIOR,2022-05-06 02:00:56,2022-05-06 02:01:32
2022-05-06 11:38:38,2022-05-06 11:38:45,Working_Other, Cooking/Prepping_Food,annotator,HIGH LEVEL BEHAVIOR,2022-05-06 02:01:32,2022-05-06 02:01:39
2022-05-06 11:38:45,2022-05-06 11:42:20,Working_Other,annotator,HIGH LEVEL BEHAVIOR,2022-05-06 02:01:39,2022-05-06 02:05:14
2022-05-06 11:42:20,2022-05-06 11:42:32,Working_Other,annotator,HIGH LEVEL BEHAVIOR,2022-05-06 02:05:14,2022-05-06 02:05:26
2022-05-06 11:42:32,2022-05-06 11:42:46,Working_Other, Using_Computer/Screen,annotator,HIGH LEVEL BEHAVIOR,2022-05-06 02:05:26,2022-05-06 02:05:40
2022-05-06 11:42:46,2022-05-06 11:43:13,Working_Other,annotator,HIGH LEVEL BEHAVIOR,2022-05-06 02:05:40,2022-05-06 02:06:07
2022-05-06 11:43:13,2022-05-06 11:43:40,Working_Other,annotator,HIGH LEVEL BEHAVIOR,2022-05-06 02:06:07,2022-05-06 02:06:34
2022-05-06 11:43:40,2022-05-06 11:43:45,Working_Other,annotator,HIGH LEVEL BEHAVIOR,2022-05-06 02:06:34,2022-05-06 02:06:39
2022-05-06 11:43:45,2022-05-06 11:43:53,Working_Other,annotator,HIGH LEVEL BEHAVIOR,2022-05-06 02:06:39,2022-05-06 02:06:47
2022-05-06 11:43:53,2022-05-06 11:44:36,Working_Other, Packing/Unpacking_Something,annotator,HIGH LEVEL BEHAVIOR,2022-05-06 02:06:47,2022-05-06 02:07:30
2022-05-06 11:44:36,2022-05-06 11:44:42,Working_Other, Packing/Unpacking_Something,annotator,HIGH LEVEL BEHAVIOR,2022-05-06 02:07:30,2022-05-06 02:07:36
2022-05-06 11:44:42,2022-05-06 11:45:10,Working_Other,annotator,HIGH LEVEL BEHAVIOR,2022-05-06 02:07:36,2022-05-06 02:08:04
2022-05-06 11:45:10,2022-05-06 11:45:30,Working_Other,annotator,HIGH LEVEL BEHAVIOR,2022-05-06 02:08:04,2022-05-06 02:08:24
2022-05-06 11:45:30,2022-05-06 11:48:02,Working_Other, Cooking/Prepping_Food,annotator,HIGH LEVEL BEHAVIOR,2022-05-06 02:08:24,2022-05-06 02:10:56
2022-05-06 11:48:02,2022-05-06 11:48:06,Working_Other,annotator,HIGH LEVEL BEHAVIOR,2022-05-06 02:10:56,2022-05-06 02:11:00
2022-05-06 11:48:06,2022-05-06 11:48:23,Working_Other, Using_Computer/Screen,annotator,HIGH LEVEL BEHAVIOR,2022-05-06 02:11:00,2022-05-06 02:11:17
2022-05-06 11:48:23,2022-05-06 11:48:39,Working_Other,annotator,HIGH LEVEL BEHAVIOR,2022-05-06 02:11:17,2022-05-06 02:11:33
2022-05-06 11:48:39,2022-05-06 11:48:50,Working_Other,annotator,HIGH LEVEL BEHAVIOR,2022-05-06 02:11:33,2022-05-06 02:11:44
2022-05-06 11:48:50,2022-05-06 11:49:02,Working_Other, Eating/Dining,annotator,HIGH LEVEL BEHAVIOR,2022-05-06 02:11:44,2022-05-06 02:11:56
2022-05-06 11:49:02,2022-05-06 11:49:18,Working_Other, Eating/Dining, Cooking/Prepping_Food,annotator,HIGH LEVEL BEHAVIOR,2022-05-06 02:11:56,2022-05-06 02:12:12
2022-05-06 11:49:18,2022-05-06 11:49:21,Working_Other, Eating/Dining, Cooking/Prepping_Food,annotator,HIGH LEVEL BEHAVIOR,2022-05-06 02:12:12,2022-05-06 02:12:15
2022-05-06 11:49:21,2022-05-06 11:49:44,Working_Other, Eating/Dining,annotator,HIGH LEVEL BEHAVIOR,2022-05-06 02:12:15,2022-05-06 02:12:38
2022-05-06 11:49:44,2022-05-06 11:49:57,Working_Other, Eating/Dining,annotator,HIGH LEVEL BEHAVIOR,2022-05-06 02:12:38,2022-05-06 02:12:51
2022-05-06 11:49:57,2022-05-06 11:50:24,Working_Other, Doing_Dishes,annotator,HIGH LEVEL BEHAVIOR,2022-05-06 02:12:51,2022-05-06 02:13:18
2022-05-06 11:50:24,2022-05-06 11:50:46,Working_Other,annotator,HIGH LEVEL BEHAVIOR,2022-05-06 02:13:18,2022-05-06 02:13:40
2022-05-06 11:50:46,2022-05-06 11:51:05,Working_Other,annotator,HIGH LEVEL BEHAVIOR,2022-05-06 02:13:40,2022-05-06 02:13:59
2022-05-06 11:51:05,2022-05-06 11:51:53,Working_Other,annotator,HIGH LEVEL BEHAVIOR,2022-05-06 02:13:59,2022-05-06 02:14:47
2022-05-06 11:51:53,2022-05-06 11:54:02,Working_Other,annotator,HIGH LEVEL BEHAVIOR,2022-05-06 02:14:47,2022-05-06 02:16:56
2022-05-06 11:54:02,2022-05-06 11:54:08,Working_Other,annotator,HIGH LEVEL BEHAVIOR,2022-05-06 02:16:56,2022-05-06 02:17:02
2022-05-06 11:54:08,2022-05-06 11:54:17,Working_Other,annotator,HIGH LEVEL BEHAVIOR,2022-05-06 02:17:02,2022-05-06 02:17:11
2022-05-06 11:54:17,2022-05-06 11:54:58,Working_Other,annotator,HIGH LEVEL BEHAVIOR,2022-05-06 02:17:11,2022-05-06 02:17:52
2022-05-06 11:54:58,2022-05-06 11:55:38,Working_Other, Using_Computer/Screen,annotator,HIGH LEVEL BEHAVIOR,2022-05-06 02:17:52,2022-05-06 02:18:32
2022-05-06 11:55:38,2022-05-06 11:56:21,Working_Other, Cooking/Prepping_Food,annotator,HIGH LEVEL BEHAVIOR,2022-05-06 02:18:32,2022-05-06 02:19:15
2022-05-06 11:56:21,2022-05-06 11:56:39,Working_Other,annotator,HIGH LEVEL BEHAVIOR,2022-05-06 02:19:15,2022-05-06 02:19:33
2022-05-06 11:56:39,2022-05-06 11:57:06,Working_Other, Using_Computer/Screen,annotator,HIGH LEVEL BEHAVIOR,2022-05-06 02:19:33,2022-05-06 02:20:00
2022-05-06 11:57:06,2022-05-06 11:57:43,Working_Other,annotator,HIGH LEVEL BEHAVIOR,2022-05-06 02:20:00,2022-05-06 02:20:37
2022-05-06 11:57:43,2022-05-06 11:59:57,Working_Other, Using_Computer/Screen,annotator,HIGH LEVEL BEHAVIOR,2022-05-06 02:20:37,2022-05-06 02:22:51
2022-05-06 11:59:57,2022-05-06 12:02:56,Working_Other, Cooking/Prepping_Food,annotator,HIGH LEVEL BEHAVIOR,2022-05-06 02:22:51,2022-05-06 02:25:50
2022-05-06 12:02:56,2022-05-06 12:03:05,Working_Other,annotator,HIGH LEVEL BEHAVIOR,2022-05-06 02:25:50,2022-05-06 02:25:59
2022-05-06 12:03:05,2022-05-06 12:03:12,Working_Other,annotator,HIGH LEVEL BEHAVIOR,2022-05-06 02:25:59,2022-05-06 02:26:06
2022-05-06 12:03:12,2022-05-06 12:03:23,Working_Other,annotator,HIGH LEVEL BEHAVIOR,2022-05-06 02:26:06,2022-05-06 02:26:17
2022-05-06 12:03:23,2022-05-06 12:04:17,Working_Other, Cooking/Prepping_Food,annotator,HIGH LEVEL BEHAVIOR,2022-05-06 02:26:17,2022-05-06 02:27:11
2022-05-06 12:04:17,2022-05-06 12:04:25,Working_Other,annotator,HIGH LEVEL BEHAVIOR,2022-05-06 02:27:11,2022-05-06 02:27:19
2022-05-06 12:04:25,2022-05-06 12:04:41,Working_Other,annotator,HIGH LEVEL BEHAVIOR,2022-05-06 02:27:19,2022-05-06 02:27:35
2022-05-06 12:04:41,2022-05-06 12:05:20,Working_Other,annotator,HIGH LEVEL BEHAVIOR,2022-05-06 02:27:35,2022-05-06 02:28:14
2022-05-06 12:05:20,2022-05-06 12:07:14,Working_Other,annotator,HIGH LEVEL BEHAVIOR,2022-05-06 02:28:14,2022-05-06 02:30:08
2022-05-06 12:07:14,2022-05-06 12:08:01,Working_Other, Cooking/Prepping_Food,annotator,HIGH LEVEL BEHAVIOR,2022-05-06 02:30:08,2022-05-06 02:30:55
2022-05-06 12:08:01,2022-05-06 12:08:30,Working_Other,annotator,HIGH LEVEL BEHAVIOR,2022-05-06 02:30:55,2022-05-06 02:31:24
2022-05-06 12:08:30,2022-05-06 12:08:55,Working_Other, Eating/Dining,annotator,HIGH LEVEL BEHAVIOR,2022-05-06 02:31:24,2022-05-06 02:31:49
2022-05-06 12:08:55,2022-05-06 12:09:25,Working_Other,annotator,HIGH LEVEL BEHAVIOR,2022-05-06 02:31:49,2022-05-06 02:32:19
2022-05-06 12:09:25,2022-05-06 12:09:44,Working_Other, Cooking/Prepping_Food,annotator,HIGH LEVEL BEHAVIOR,2022-05-06 02:32:19,2022-05-06 02:32:38
2022-05-06 12:09:44,2022-05-06 12:10:44,Working_Other,annotator,HIGH LEVEL BEHAVIOR,2022-05-06 02:32:38,2022-05-06 02:33:38
2022-05-06 12:10:44,2022-05-06 12:11:16,Working_Other, Eating/Dining,annotator,HIGH LEVEL BEHAVIOR,2022-05-06 02:33:38,2022-05-06 02:34:10
2022-05-06 12:11:16,2022-05-06 12:13:00,Working_Other, Using_Computer/Screen,annotator,HIGH LEVEL BEHAVIOR,2022-05-06 02:34:10,2022-05-06 02:35:54
2022-05-06 12:13:00,2022-05-06 12:14:07,Working_Other, Cooking/Prepping_Food,annotator,HIGH LEVEL BEHAVIOR,2022-05-06 02:35:54,2022-05-06 02:37:01
2022-05-06 12:14:07,2022-05-06 12:14:35,Working_Other,annotator,HIGH LEVEL BEHAVIOR,2022-05-06 02:37:01,2022-05-06 02:37:29
2022-05-06 12:14:35,2022-05-06 12:14:45,Working_Other,annotator,HIGH LEVEL BEHAVIOR,2022-05-06 02:37:29,2022-05-06 02:37:39
2022-05-06 12:14:45,2022-05-06 12:15:20,Working_Other, Eating/Dining,annotator,HIGH LEVEL BEHAVIOR,2022-05-06 02:37:39,2022-05-06 02:38:14
2022-05-06 12:15:20,2022-05-06 12:17:26,Working_Other, Eating/Dining,annotator,HIGH LEVEL BEHAVIOR,2022-05-06 02:38:14,2022-05-06 02:40:20
2022-05-06 12:17:26,2022-05-06 12:18:00,Working_Other,annotator,HIGH LEVEL BEHAVIOR,2022-05-06 02:40:20,2022-05-06 02:40:54
2022-05-06 12:18:00,2022-05-06 12:18:09,Working_Other, Using_Computer/Screen,annotator,HIGH LEVEL BEHAVIOR,2022-05-06 02:40:54,2022-05-06 02:41:03
2022-05-06 12:18:09,2022-05-06 12:18:35,Working_Other,annotator,HIGH LEVEL BEHAVIOR,2022-05-06 02:41:03,2022-05-06 02:41:29
2022-05-06 12:18:35,2022-05-06 12:18:48,Working_Other,annotator,HIGH LEVEL BEHAVIOR,2022-05-06 02:41:29,2022-05-06 02:41:42
2022-05-06 12:18:48,2022-05-06 12:20:37,Working_Other,annotator,HIGH LEVEL BEHAVIOR,2022-05-06 02:41:42,2022-05-06 02:43:31
2022-05-06 12:20:37,2022-05-06 12:20:45,Working_Other,annotator,HIGH LEVEL BEHAVIOR,2022-05-06 02:43:31,2022-05-06 02:43:39
2022-05-06 12:20:45,2022-05-06 12:20:57,Working_Other,annotator,HIGH LEVEL BEHAVIOR,2022-05-06 02:43:39,2022-05-06 02:43:51
2022-05-06 12:20:57,2022-05-06 12:22:22,Working_Other, Cooking/Prepping_Food,annotator,HIGH LEVEL BEHAVIOR,2022-05-06 02:43:51,2022-05-06 02:45:16
2022-05-06 12:22:22,2022-05-06 12:22:31,Working_Other,annotator,HIGH LEVEL BEHAVIOR,2022-05-06 02:45:16,2022-05-06 02:45:25
2022-05-06 12:22:31,2022-05-06 12:23:39,Working_Other, Using_Computer/Screen,annotator,HIGH LEVEL BEHAVIOR,2022-05-06 02:45:25,2022-05-06 02:46:33
2022-05-06 12:23:39,2022-05-06 12:24:13,Working_Other,annotator,HIGH LEVEL BEHAVIOR,2022-05-06 02:46:33,2022-05-06 02:47:07
2022-05-06 12:24:13,2022-05-06 12:24:53,Working_Other,annotator,HIGH LEVEL BEHAVIOR,2022-05-06 02:47:07,2022-05-06 02:47:47
2022-05-06 12:24:53,2022-05-06 12:25:11,Working_Other,annotator,HIGH LEVEL BEHAVIOR,2022-05-06 02:47:47,2022-05-06 02:48:05
2022-05-06 12:25:11,2022-05-06 12:25:23,Working_Other,annotator,HIGH LEVEL BEHAVIOR,2022-05-06 02:48:05,2022-05-06 02:48:17
2022-05-06 12:25:23,2022-05-06 12:25:45,Working_Other,annotator,HIGH LEVEL BEHAVIOR,2022-05-06 02:48:17,2022-05-06 02:48:39
2022-05-06 12:25:45,2022-05-06 12:28:11,Working_Other,annotator,HIGH LEVEL BEHAVIOR,2022-05-06 02:48:39,2022-05-06 02:51:05
2022-05-06 12:28:11,2022-05-06 12:28:20,Working_Other,annotator,HIGH LEVEL BEHAVIOR,2022-05-06 02:51:05,2022-05-06 02:51:14
2022-05-06 12:28:20,2022-05-06 12:28:41,Working_Other,annotator,HIGH LEVEL BEHAVIOR,2022-05-06 02:51:14,2022-05-06 02:51:35
2022-05-06 12:28:41,2022-05-06 12:29:07,Working_Other,annotator,HIGH LEVEL BEHAVIOR,2022-05-06 02:51:35,2022-05-06 02:52:01
2022-05-06 12:29:07,2022-05-06 12:29:12,Working_Other,annotator,HIGH LEVEL BEHAVIOR,2022-05-06 02:52:01,2022-05-06 02:52:06
2022-05-06 12:29:12,2022-05-06 12:29:31,Working_Other,annotator,HIGH LEVEL BEHAVIOR,2022-05-06 02:52:06,2022-05-06 02:52:25
2022-05-06 12:29:31,2022-05-06 12:29:52,Working_Other, Eating/Dining,annotator,HIGH LEVEL BEHAVIOR,2022-05-06 02:52:25,2022-05-06 02:52:46
2022-05-06 12:29:52,2022-05-06 12:30:22,Working_Other, Eating/Dining,annotator,HIGH LEVEL BEHAVIOR,2022-05-06 02:52:46,2022-05-06 02:53:16
2022-05-06 12:30:22,2022-05-06 12:31:50,Working_Other, Eating/Dining,annotator,HIGH LEVEL BEHAVIOR,2022-05-06 02:53:16,2022-05-06 02:54:44
2022-05-06 12:31:50,2022-05-06 12:32:25,Working_Other,annotator,HIGH LEVEL BEHAVIOR,2022-05-06 02:54:44,2022-05-06 02:55:19
2022-05-06 12:32:25,2022-05-06 12:32:45,Working_Other,annotator,HIGH LEVEL BEHAVIOR,2022-05-06 02:55:19,2022-05-06 02:55:39
2022-05-06 12:32:45,2022-05-06 12:35:09,HLB_Other,annotator,HIGH LEVEL BEHAVIOR,2022-05-06 02:55:39,2022-05-06 02:58:03
2022-05-06 12:35:09,2022-05-06 12:35:23,Working_Other,annotator,HIGH LEVEL BEHAVIOR,2022-05-06 02:58:03,2022-05-06 02:58:17
2022-05-06 12:35:23,2022-05-06 12:35:29,Working_Other,annotator,HIGH LEVEL BEHAVIOR,2022-05-06 02:58:17,2022-05-06 02:58:23
2022-05-06 12:35:29,2022-05-06 12:37:16,Working_Other,annotator,HIGH LEVEL BEHAVIOR,2022-05-06 02:58:23,2022-05-06 03:00:10
2022-05-06 12:37:16,2022-05-06 12:41:02,Working_Other, Doing_Dishes,annotator,HIGH LEVEL BEHAVIOR,2022-05-06 03:00:10,2022-05-06 03:03:56
2022-05-06 12:41:02,2022-05-06 12:41:27,Working_Other,annotator,HIGH LEVEL BEHAVIOR,2022-05-06 03:03:56,2022-05-06 03:04:21
2022-05-06 12:41:28,2022-05-06 12:42:39,Working_Other, Cooking/Prepping_Food,annotator,HIGH LEVEL BEHAVIOR,2022-05-06 03:04:22,2022-05-06 03:05:33
2022-05-06 12:42:39,2022-05-06 12:43:07,Working_Other, Eating/Dining,annotator,HIGH LEVEL BEHAVIOR,2022-05-06 03:05:33,2022-05-06 03:06:01
2022-05-06 12:43:07,2022-05-06 12:43:23,Working_Other, Eating/Dining,annotator,HIGH LEVEL BEHAVIOR,2022-05-06 03:06:01,2022-05-06 03:06:17
2022-05-06 12:43:23,2022-05-06 12:44:07,Working_Other,annotator,HIGH LEVEL BEHAVIOR,2022-05-06 03:06:17,2022-05-06 03:07:01
2022-05-06 12:44:07,2022-05-06 12:44:09,Working_Other,annotator,HIGH LEVEL BEHAVIOR,2022-05-06 03:07:01,2022-05-06 03:07:03
2022-05-06 12:44:14,2022-05-06 12:44:21,Working_Other,annotator,HIGH LEVEL BEHAVIOR,2022-05-06 03:07:08,2022-05-06 03:07:15
2022-05-06 12:44:21,2022-05-06 12:44:32,Working_Other,annotator,HIGH LEVEL BEHAVIOR,2022-05-06 03:07:15,2022-05-06 03:07:26
2022-05-06 12:44:32,2022-05-06 12:45:04,Working_Other,annotator,HIGH LEVEL BEHAVIOR,2022-05-06 03:07:26,2022-05-06 03:07:58
2022-05-06 12:45:04,2022-05-06 12:45:29,Working_Other,annotator,HIGH LEVEL BEHAVIOR,2022-05-06 03:07:58,2022-05-06 03:08:23
2022-05-06 12:45:29,2022-05-06 12:46:14,Working_Other,annotator,HIGH LEVEL BEHAVIOR,2022-05-06 03:08:23,2022-05-06 03:09:08
2022-05-06 12:46:14,2022-05-06 12:46:21,Working_Other,annotator,HIGH LEVEL BEHAVIOR,2022-05-06 03:09:08,2022-05-06 03:09:15
2022-05-06 12:46:21,2022-05-06 12:46:25,Working_Other,annotator,HIGH LEVEL BEHAVIOR,2022-05-06 03:09:15,2022-05-06 03:09:19
2022-05-06 12:46:25,2022-05-06 12:46:46,Working_Other,annotator,HIGH LEVEL BEHAVIOR,2022-05-06 03:09:19,2022-05-06 03:09:40
2022-05-06 12:46:46,2022-05-06 12:47:09,Working_Other,annotator,HIGH LEVEL BEHAVIOR,2022-05-06 03:09:40,2022-05-06 03:10:03
2022-05-06 12:47:13,2022-05-06 12:47:39,Working_Other, Eating/Dining,annotator,HIGH LEVEL BEHAVIOR,2022-05-06 03:10:07,2022-05-06 03:10:33
2022-05-06 12:47:42,2022-05-06 12:48:00,Working_Other, Using_Computer/Screen,annotator,HIGH LEVEL BEHAVIOR,2022-05-06 03:10:36,2022-05-06 03:10:54
2022-05-06 12:48:00,2022-05-06 12:48:49,Working_Other, Using_Computer/Screen, Eating/Dining,annotator,HIGH LEVEL BEHAVIOR,2022-05-06 03:10:54,2022-05-06 03:11:43
2022-05-06 12:48:49,2022-05-06 12:51:18,Working_Other, Using_Computer/Screen, Eating/Dining,annotator,HIGH LEVEL BEHAVIOR,2022-05-06 03:11:43,2022-05-06 03:14:12
2022-05-06 12:51:18,2022-05-06 12:53:21,Working_Other, Using_Computer/Screen, Eating/Dining,annotator,HIGH LEVEL BEHAVIOR,2022-05-06 03:14:12,2022-05-06 03:16:15
2022-05-06 12:53:21,2022-05-06 12:57:30,Working_Other, Using_Computer/Screen,annotator,HIGH LEVEL BEHAVIOR,2022-05-06 03:16:15,2022-05-06 03:20:24
2022-05-06 12:57:30,2022-05-06 12:57:36,Working_Other,annotator,HIGH LEVEL BEHAVIOR,2022-05-06 03:20:24,2022-05-06 03:20:30
2022-05-06 12:57:36,2022-05-06 12:58:21,Working_Other,annotator,HIGH LEVEL BEHAVIOR,2022-05-06 03:20:30,2022-05-06 03:21:15
2022-05-06 12:58:21,2022-05-06 12:58:28,Working_Other,annotator,HIGH LEVEL BEHAVIOR,2022-05-06 03:21:15,2022-05-06 03:21:22
2022-05-06 12:58:28,2022-05-06 12:58:40,Working_Other,annotator,HIGH LEVEL BEHAVIOR,2022-05-06 03:21:22,2022-05-06 03:21:34
2022-05-06 12:58:40,2022-05-06 12:59:01,Working_Other,annotator,HIGH LEVEL BEHAVIOR,2022-05-06 03:21:34,2022-05-06 03:21:55
2022-05-06 12:59:01,2022-05-06 12:59:10,Working_Other,annotator,HIGH LEVEL BEHAVIOR,2022-05-06 03:21:55,2022-05-06 03:22:04
2022-05-06 12:59:10,2022-05-06 12:59:22,Working_Other,annotator,HIGH LEVEL BEHAVIOR,2022-05-06 03:22:04,2022-05-06 03:22:16
2022-05-06 12:59:22,2022-05-06 12:59:52,Working_Other,annotator,HIGH LEVEL BEHAVIOR,2022-05-06 03:22:16,2022-05-06 03:22:46
2022-05-06 12:59:52,2022-05-06 13:00:04,Working_Other,annotator,HIGH LEVEL BEHAVIOR,2022-05-06 03:22:46,2022-05-06 03:22:58
2022-05-06 13:00:04,2022-05-06 13:00:15,Working_Other,annotator,HIGH LEVEL BEHAVIOR,2022-05-06 03:22:58,2022-05-06 03:23:09
2022-05-06 13:00:15,2022-05-06 13:00:23,Working_Other,annotator,HIGH LEVEL BEHAVIOR,2022-05-06 03:23:09,2022-05-06 03:23:17
2022-05-06 13:00:23,2022-05-06 13:00:27,Working_Other,annotator,HIGH LEVEL BEHAVIOR,2022-05-06 03:23:17,2022-05-06 03:23:21
2022-05-06 13:00:27,2022-05-06 13:00:38,Working_Other,annotator,HIGH LEVEL BEHAVIOR,2022-05-06 03:23:21,2022-05-06 03:23:32
2022-05-06 13:00:38,2022-05-06 13:00:54,Working_Other,annotator,HIGH LEVEL BEHAVIOR,2022-05-06 03:23:32,2022-05-06 03:23:48
2022-05-06 13:00:54,2022-05-06 13:02:30,Working_Other, Packing/Unpacking_Something,annotator,HIGH LEVEL BEHAVIOR,2022-05-06 03:23:48,2022-05-06 03:25:24
2022-05-06 13:02:30,2022-05-06 13:02:44,Working_Other,annotator,HIGH LEVEL BEHAVIOR,2022-05-06 03:25:24,2022-05-06 03:25:38
2022-05-06 13:02:44,2022-05-06 13:03:56,Working_Other, Using_Computer/Screen,annotator,HIGH LEVEL BEHAVIOR,2022-05-06 03:25:38,2022-05-06 03:26:50
2022-05-06 13:03:56,2022-05-06 13:04:13,Working_Other,annotator,HIGH LEVEL BEHAVIOR,2022-05-06 03:26:50,2022-05-06 03:27:07
2022-05-06 13:04:13,2022-05-06 13:05:32,Working_Other,annotator,HIGH LEVEL BEHAVIOR,2022-05-06 03:27:07,2022-05-06 03:28:26
2022-05-06 13:05:32,2022-05-06 13:06:19,Working_Other,annotator,HIGH LEVEL BEHAVIOR,2022-05-06 03:28:26,2022-05-06 03:29:13
2022-05-06 13:06:19,2022-05-06 13:06:34,Working_Other,annotator,HIGH LEVEL BEHAVIOR,2022-05-06 03:29:13,2022-05-06 03:29:28
2022-05-06 13:06:34,2022-05-06 13:06:39,Working_Other,annotator,HIGH LEVEL BEHAVIOR,2022-05-06 03:29:28,2022-05-06 03:29:33
2022-05-06 13:06:40,2022-05-06 13:07:03,Working_Other,annotator,HIGH LEVEL BEHAVIOR,2022-05-06 03:29:34,2022-05-06 03:29:57
2022-05-06 13:07:03,2022-05-06 13:08:06,Working_Other,annotator,HIGH LEVEL BEHAVIOR,2022-05-06 03:29:57,2022-05-06 03:31:00
2022-05-06 13:08:06,2022-05-06 13:08:57,Working_Other, Eating/Dining,annotator,HIGH LEVEL BEHAVIOR,2022-05-06 03:31:00,2022-05-06 03:31:51
2022-05-06 13:08:57,2022-05-06 13:09:29,Working_Other, Eating/Dining,annotator,HIGH LEVEL BEHAVIOR,2022-05-06 03:31:51,2022-05-06 03:32:23
2022-05-06 13:09:29,2022-05-06 13:10:06,Working_Other,annotator,HIGH LEVEL BEHAVIOR,2022-05-06 03:32:23,2022-05-06 03:33:00
2022-05-06 13:10:07,2022-05-06 13:10:23,Working_Other,annotator,HIGH LEVEL BEHAVIOR,2022-05-06 03:33:01,2022-05-06 03:33:17
2022-05-06 13:10:26,2022-05-06 13:10:47,Working_Other,annotator,HIGH LEVEL BEHAVIOR,2022-05-06 03:33:20,2022-05-06 03:33:41
2022-05-06 13:10:47,2022-05-06 13:12:21,Working_Other,annotator,HIGH LEVEL BEHAVIOR,2022-05-06 03:33:41,2022-05-06 03:35:15
2022-05-06 13:12:21,2022-05-06 13:13:32,Working_Other,annotator,HIGH LEVEL BEHAVIOR,2022-05-06 03:35:15,2022-05-06 03:36:26
2022-05-06 13:13:32,2022-05-06 13:14:05,Working_Other,annotator,HIGH LEVEL BEHAVIOR,2022-05-06 03:36:26,2022-05-06 03:36:59
2022-05-06 13:14:05,2022-05-06 13:14:35,Working_Other,annotator,HIGH LEVEL BEHAVIOR,2022-05-06 03:36:59,2022-05-06 03:37:29
2022-05-06 13:14:35,2022-05-06 13:15:22,Working_Other,annotator,HIGH LEVEL BEHAVIOR,2022-05-06 03:37:29,2022-05-06 03:38:16
2022-05-06 13:15:22,2022-05-06 13:15:42,Working_Other,annotator,HIGH LEVEL BEHAVIOR,2022-05-06 03:38:16,2022-05-06 03:38:36
2022-05-06 13:15:42,2022-05-06 13:15:58,Working_Other,annotator,HIGH LEVEL BEHAVIOR,2022-05-06 03:38:36,2022-05-06 03:38:52
2022-05-06 13:15:58,2022-05-06 13:16:14,Working_Other,annotator,HIGH LEVEL BEHAVIOR,2022-05-06 03:38:52,2022-05-06 03:39:08
2022-05-06 13:16:14,2022-05-06 13:17:00,Working_Other, Eating/Dining,annotator,HIGH LEVEL BEHAVIOR,2022-05-06 03:39:08,2022-05-06 03:39:54
2022-05-06 13:17:00,2022-05-06 13:17:44,Working_Other,annotator,HIGH LEVEL BEHAVIOR,2022-05-06 03:39:54,2022-05-06 03:40:38
2022-05-06 13:17:45,2022-05-06 13:18:04,Working_Other,annotator,HIGH LEVEL BEHAVIOR,2022-05-06 03:40:39,2022-05-06 03:40:58
2022-05-06 13:18:04,2022-05-06 13:18:28,Working_Other,annotator,HIGH LEVEL BEHAVIOR,2022-05-06 03:40:58,2022-05-06 03:41:22
2022-05-06 13:18:28,2022-05-06 13:19:01,Working_Other,annotator,HIGH LEVEL BEHAVIOR,2022-05-06 03:41:22,2022-05-06 03:41:55
2022-05-06 13:19:01,2022-05-06 13:19:21,Working_Other,annotator,HIGH LEVEL BEHAVIOR,2022-05-06 03:41:55,2022-05-06 03:42:15
2022-05-06 13:19:21,2022-05-06 13:20:26,Working_Other,annotator,HIGH LEVEL BEHAVIOR,2022-05-06 03:42:15,2022-05-06 03:43:20
2022-05-06 13:20:28,2022-05-06 13:21:24,Working_Other, Cooking/Prepping_Food,annotator,HIGH LEVEL BEHAVIOR,2022-05-06 03:43:22,2022-05-06 03:44:18
2022-05-06 13:21:24,2022-05-06 13:26:25,Working_Other, Cooking/Prepping_Food,annotator,HIGH LEVEL BEHAVIOR,2022-05-06 03:44:18,2022-05-06 03:49:19
2022-05-06 13:26:25,2022-05-06 13:26:41,Working_Other,annotator,HIGH LEVEL BEHAVIOR,2022-05-06 03:49:19,2022-05-06 03:49:35
2022-05-06 13:26:41,2022-05-06 13:27:23,Working_Other, Doing_Dishes,annotator,HIGH LEVEL BEHAVIOR,2022-05-06 03:49:35,2022-05-06 03:50:17
2022-05-06 13:27:23,2022-05-06 13:27:49,Working_Other,annotator,HIGH LEVEL BEHAVIOR,2022-05-06 03:50:17,2022-05-06 03:50:43
2022-05-06 13:27:49,2022-05-06 13:28:31,Working_Other,annotator,HIGH LEVEL BEHAVIOR,2022-05-06 03:50:43,2022-05-06 03:51:25
2022-05-06 13:28:31,2022-05-06 13:32:07,Working_Other, Cooking/Prepping_Food,annotator,HIGH LEVEL BEHAVIOR,2022-05-06 03:51:25,2022-05-06 03:55:01
2022-05-06 13:32:07,2022-05-06 13:32:14,Working_Other,annotator,HIGH LEVEL BEHAVIOR,2022-05-06 03:55:01,2022-05-06 03:55:08
2022-05-06 13:32:14,2022-05-06 13:32:38,Working_Other,annotator,HIGH LEVEL BEHAVIOR,2022-05-06 03:55:08,2022-05-06 03:55:32
2022-05-06 13:32:38,2022-05-06 13:32:51,Working_Other,annotator,HIGH LEVEL BEHAVIOR,2022-05-06 03:55:32,2022-05-06 03:55:45
2022-05-06 13:32:51,2022-05-06 13:34:35,Working_Other,annotator,HIGH LEVEL BEHAVIOR,2022-05-06 03:55:45,2022-05-06 03:57:29
2022-05-06 13:34:35,2022-05-06 13:34:52,Working_Other,annotator,HIGH LEVEL BEHAVIOR,2022-05-06 03:57:29,2022-05-06 03:57:46
2022-05-06 13:34:52,2022-05-06 13:35:12,Working_Other,annotator,HIGH LEVEL BEHAVIOR,2022-05-06 03:57:46,2022-05-06 03:58:06
2022-05-06 13:35:12,2022-05-06 13:35:29,Working_Other,annotator,HIGH LEVEL BEHAVIOR,2022-05-06 03:58:06,2022-05-06 03:58:23
2022-05-06 13:35:29,2022-05-06 13:37:28,Working_Other,annotator,HIGH LEVEL BEHAVIOR,2022-05-06 03:58:23,2022-05-06 04:00:22
2022-05-06 13:37:28,2022-05-06 13:37:40,Working_Other,annotator,HIGH LEVEL BEHAVIOR,2022-05-06 04:00:22,2022-05-06 04:00:34
2022-05-06 13:37:40,2022-05-06 13:37:53,Working_Other,annotator,HIGH LEVEL BEHAVIOR,2022-05-06 04:00:34,2022-05-06 04:00:47
2022-05-06 13:37:53,2022-05-06 13:38:02,Working_Other,annotator,HIGH LEVEL BEHAVIOR,2022-05-06 04:00:47,2022-05-06 04:00:56
2022-05-06 13:38:02,2022-05-06 13:39:12,Working_Other, Cooking/Prepping_Food,annotator,HIGH LEVEL BEHAVIOR,2022-05-06 04:00:56,2022-05-06 04:02:06
2022-05-06 13:39:12,2022-05-06 13:39:38,Working_Other,annotator,HIGH LEVEL BEHAVIOR,2022-05-06 04:02:06,2022-05-06 04:02:32
2022-05-06 13:39:38,2022-05-06 13:40:27,Working_Other, Cooking/Prepping_Food,annotator,HIGH LEVEL BEHAVIOR,2022-05-06 04:02:32,2022-05-06 04:03:21
2022-05-06 13:40:27,2022-05-06 13:41:13,Working_Other,annotator,HIGH LEVEL BEHAVIOR,2022-05-06 04:03:21,2022-05-06 04:04:07
2022-05-06 13:41:13,2022-05-06 13:41:20,Working_Other,annotator,HIGH LEVEL BEHAVIOR,2022-05-06 04:04:07,2022-05-06 04:04:14
2022-05-06 13:41:20,2022-05-06 13:41:27,Working_Other, Using_Computer/Screen,annotator,HIGH LEVEL BEHAVIOR,2022-05-06 04:04:14,2022-05-06 04:04:21
2022-05-06 13:41:27,2022-05-06 13:41:41,Working_Other,annotator,HIGH LEVEL BEHAVIOR,2022-05-06 04:04:21,2022-05-06 04:04:35
2022-05-06 13:41:41,2022-05-06 13:42:28,Working_Other, Cooking/Prepping_Food,annotator,HIGH LEVEL BEHAVIOR,2022-05-06 04:04:35,2022-05-06 04:05:22
2022-05-06 13:42:28,2022-05-06 13:44:16,Working_Other, Cooking/Prepping_Food,annotator,HIGH LEVEL BEHAVIOR,2022-05-06 04:05:22,2022-05-06 04:07:10
2022-05-06 13:44:16,2022-05-06 13:44:21,Working_Other,annotator,HIGH LEVEL BEHAVIOR,2022-05-06 04:07:10,2022-05-06 04:07:15
2022-05-06 13:44:21,2022-05-06 13:44:36,Working_Other, Using_Computer/Screen,annotator,HIGH LEVEL BEHAVIOR,2022-05-06 04:07:15,2022-05-06 04:07:30
2022-05-06 13:44:36,2022-05-06 13:44:48,Working_Other, Cooking/Prepping_Food,annotator,HIGH LEVEL BEHAVIOR,2022-05-06 04:07:30,2022-05-06 04:07:42
2022-05-06 13:44:48,2022-05-06 13:44:50,Working_Other, Cooking/Prepping_Food,annotator,HIGH LEVEL BEHAVIOR,2022-05-06 04:07:42,2022-05-06 04:07:44
2022-05-06 13:44:50,2022-05-06 13:47:52,Working_Other, Cooking/Prepping_Food,annotator,HIGH LEVEL BEHAVIOR,2022-05-06 04:07:44,2022-05-06 04:10:46
2022-05-06 13:47:52,2022-05-06 13:48:09,Working_Other,annotator,HIGH LEVEL BEHAVIOR,2022-05-06 04:10:46,2022-05-06 04:11:03
2022-05-06 13:48:09,2022-05-06 13:48:18,Working_Other,annotator,HIGH LEVEL BEHAVIOR,2022-05-06 04:11:03,2022-05-06 04:11:12
2022-05-06 13:48:18,2022-05-06 15:46:51,HLB_Indecipherable/Video_Insufficient,annotator,HIGH LEVEL BEHAVIOR,2022-05-06 04:11:12,2022-05-06 06:09:45
2022-05-06 15:46:51,2022-05-06 15:50:30,In_Transit_Active,annotator,HIGH LEVEL BEHAVIOR,2022-05-06 06:09:45,2022-05-06 06:13:24
2022-05-06 15:50:30,2022-05-06 15:50:36,In_Transit_Active,annotator,HIGH LEVEL BEHAVIOR,2022-05-06 06:13:24,2022-05-06 06:13:30
2022-05-06 15:50:36,2022-05-06 15:51:07,,annotator,HIGH LEVEL BEHAVIOR,2022-05-06 06:13:30,2022-05-06 06:14:01
2022-05-06 15:51:07,2022-05-06 15:51:14,,annotator,HIGH LEVEL BEHAVIOR,2022-05-06 06:14:01,2022-05-06 06:14:08
2022-05-06 15:51:14,2022-05-06 15:51:37,Doing_Common_Housework_Light,annotator,HIGH LEVEL BEHAVIOR,2022-05-06 06:14:08,2022-05-06 06:14:31
2022-05-06 15:51:37,2022-05-06 15:55:24,,annotator,HIGH LEVEL BEHAVIOR,2022-05-06 06:14:31,2022-05-06 06:18:18
2022-05-06 15:55:24,2022-05-06 15:56:07,Dressing/Undressing,annotator,HIGH LEVEL BEHAVIOR,2022-05-06 06:18:18,2022-05-06 06:19:01
2022-05-06 15:56:07,2022-05-06 15:56:14,,annotator,HIGH LEVEL BEHAVIOR,2022-05-06 06:19:01,2022-05-06 06:19:08
2022-05-06 15:56:14,2022-05-06 15:56:24,,annotator,HIGH LEVEL BEHAVIOR,2022-05-06 06:19:08,2022-05-06 06:19:18
2022-05-06 15:56:24,2022-05-06 15:57:13,HLB_Indecipherable/Video_Insufficient,annotator,HIGH LEVEL BEHAVIOR,2022-05-06 06:19:18,2022-05-06 06:20:07
2022-05-06 15:57:13,2022-05-06 15:57:42,,annotator,HIGH LEVEL BEHAVIOR,2022-05-06 06:20:07,2022-05-06 06:20:36
2022-05-06 15:57:42,2022-05-06 15:57:48,,annotator,HIGH LEVEL BEHAVIOR,2022-05-06 06:20:36,2022-05-06 06:20:42
2022-05-06 15:57:48,2022-05-06 15:58:11,Cooking/Prepping_Food,annotator,HIGH LEVEL BEHAVIOR,2022-05-06 06:20:42,2022-05-06 06:21:05
2022-05-06 15:58:11,2022-05-06 15:59:12,Playing_With_Pets,annotator,HIGH LEVEL BEHAVIOR,2022-05-06 06:21:05,2022-05-06 06:22:06
2022-05-06 15:59:12,2022-05-06 16:00:58,Cooking/Prepping_Food,annotator,HIGH LEVEL BEHAVIOR,2022-05-06 06:22:06,2022-05-06 06:23:52
2022-05-06 16:00:58,2022-05-06 16:01:09,Eating/Dining,annotator,HIGH LEVEL BEHAVIOR,2022-05-06 06:23:52,2022-05-06 06:24:03
2022-05-06 16:01:09,2022-05-06 16:01:51,Eating/Dining,annotator,HIGH LEVEL BEHAVIOR,2022-05-06 06:24:03,2022-05-06 06:24:45
2022-05-06 16:01:51,2022-05-06 16:02:58,Eating/Dining,annotator,HIGH LEVEL BEHAVIOR,2022-05-06 06:24:45,2022-05-06 06:25:52
2022-05-06 16:02:58,2022-05-06 16:03:52,Eating/Dining,annotator,HIGH LEVEL BEHAVIOR,2022-05-06 06:25:52,2022-05-06 06:26:46
2022-05-06 16:03:54,2022-05-06 16:07:47,Eating/Dining,annotator,HIGH LEVEL BEHAVIOR,2022-05-06 06:26:48,2022-05-06 06:30:41
2022-05-06 16:07:47,2022-05-06 16:08:05,,annotator,HIGH LEVEL BEHAVIOR,2022-05-06 06:30:41,2022-05-06 06:30:59
2022-05-06 16:08:05,2022-05-06 17:21:13,Relaxing_Passive,annotator,HIGH LEVEL BEHAVIOR,2022-05-06 06:30:59,2022-05-06 07:44:07
2022-05-06 17:21:13,2022-05-06 17:21:33,,annotator,HIGH LEVEL BEHAVIOR,2022-05-06 07:44:07,2022-05-06 07:44:27
2022-05-06 17:21:33,2022-05-06 20:10:04,Using_Computer/Screen,annotator,HIGH LEVEL BEHAVIOR,2022-05-06 07:44:27,2022-05-06 10:32:58
2022-05-06 20:10:18,2022-05-06 20:10:40,,annotator,HIGH LEVEL BEHAVIOR,2022-05-06 10:33:12,2022-05-06 10:33:34
2022-05-06 20:10:40,2022-05-06 20:11:34,HLB_Indecipherable/Video_Insufficient,annotator,HIGH LEVEL BEHAVIOR,2022-05-06 10:33:34,2022-05-06 10:34:28
2022-05-06 20:11:35,2022-05-06 20:12:53,,annotator,HIGH LEVEL BEHAVIOR,2022-05-06 10:34:29,2022-05-06 10:35:47
2022-05-06 20:12:53,2022-05-06 20:13:06,,annotator,HIGH LEVEL BEHAVIOR,2022-05-06 10:35:47,2022-05-06 10:36:00
2022-05-06 20:13:06,2022-05-06 20:13:40,,annotator,HIGH LEVEL BEHAVIOR,2022-05-06 10:36:00,2022-05-06 10:36:34
2022-05-06 20:13:40,2022-05-06 20:14:08,,annotator,HIGH LEVEL BEHAVIOR,2022-05-06 10:36:34,2022-05-06 10:37:02
2022-05-06 20:14:08,2022-05-06 20:14:42,,annotator,HIGH LEVEL BEHAVIOR,2022-05-06 10:37:02,2022-05-06 10:37:36
2022-05-06 20:14:43,2022-05-06 20:14:58,,annotator,HIGH LEVEL BEHAVIOR,2022-05-06 10:37:37,2022-05-06 10:37:52
2022-05-06 20:14:58,2022-05-06 20:15:22,,annotator,HIGH LEVEL BEHAVIOR,2022-05-06 10:37:52,2022-05-06 10:38:16
2022-05-06 20:15:22,2022-05-06 20:15:38,,annotator,HIGH LEVEL BEHAVIOR,2022-05-06 10:38:16,2022-05-06 10:38:32
2022-05-06 20:15:38,2022-05-06 20:17:42,,annotator,HIGH LEVEL BEHAVIOR,2022-05-06 10:38:32,2022-05-06 10:40:36
2022-05-06 20:17:42,2022-05-06 20:18:19,,annotator,HIGH LEVEL BEHAVIOR,2022-05-06 10:40:36,2022-05-06 10:41:13
2022-05-06 20:18:19,2022-05-06 20:19:38,,annotator,HIGH LEVEL BEHAVIOR,2022-05-06 10:41:13,2022-05-06 10:42:32
2022-05-06 20:19:38,2022-05-06 20:20:08,,annotator,HIGH LEVEL BEHAVIOR,2022-05-06 10:42:32,2022-05-06 10:43:02
2022-05-06 20:20:08,2022-05-06 20:20:39,,annotator,HIGH LEVEL BEHAVIOR,2022-05-06 10:43:02,2022-05-06 10:43:33
2022-05-06 20:20:39,2022-05-06 20:24:06,In_Transit_Active,annotator,HIGH LEVEL BEHAVIOR,2022-05-06 10:43:33,2022-05-06 10:47:00
2022-05-06 20:24:06,2022-05-06 20:24:15,In_Transit_Active,annotator,HIGH LEVEL BEHAVIOR,2022-05-06 10:47:00,2022-05-06 10:47:09
2022-05-06 20:24:15,2022-05-06 20:24:40,In_Transit_Active, Riding_Escalator_Up,annotator,HIGH LEVEL BEHAVIOR,2022-05-06 10:47:09,2022-05-06 10:47:34
2022-05-06 20:24:40,2022-05-06 20:25:06,,annotator,HIGH LEVEL BEHAVIOR,2022-05-06 10:47:34,2022-05-06 10:48:00
2022-05-06 20:25:06,2022-05-06 20:33:31,Shopping_Grocery,annotator,HIGH LEVEL BEHAVIOR,2022-05-06 10:48:00,2022-05-06 10:56:25
2022-05-06 20:33:31,2022-05-06 20:37:43,Shopping_Grocery, Using_Computer/Screen,annotator,HIGH LEVEL BEHAVIOR,2022-05-06 10:56:25,2022-05-06 11:00:37
2022-05-06 20:37:43,2022-05-06 20:39:00,,annotator,HIGH LEVEL BEHAVIOR,2022-05-06 11:00:37,2022-05-06 11:01:54
2022-05-06 20:39:00,2022-05-06 20:42:30,,annotator,HIGH LEVEL BEHAVIOR,2022-05-06 11:01:54,2022-05-06 11:05:24
2022-05-06 20:42:30,2022-05-06 20:42:54,,annotator,HIGH LEVEL BEHAVIOR,2022-05-06 11:05:24,2022-05-06 11:05:48
2022-05-06 20:42:54,2022-05-06 20:43:12,,annotator,HIGH LEVEL BEHAVIOR,2022-05-06 11:05:48,2022-05-06 11:06:06
2022-05-06 20:43:12,2022-05-06 20:43:27,,annotator,HIGH LEVEL BEHAVIOR,2022-05-06 11:06:06,2022-05-06 11:06:21
2022-05-06 20:43:27,2022-05-06 20:43:49,,annotator,HIGH LEVEL BEHAVIOR,2022-05-06 11:06:21,2022-05-06 11:06:43
2022-05-06 20:43:49,2022-05-06 20:44:09,,annotator,HIGH LEVEL BEHAVIOR,2022-05-06 11:06:43,2022-05-06 11:07:03
2022-05-06 20:44:09,2022-05-06 20:44:38,,annotator,HIGH LEVEL BEHAVIOR,2022-05-06 11:07:03,2022-05-06 11:07:32
2022-05-06 20:44:38,2022-05-06 20:44:46,,annotator,HIGH LEVEL BEHAVIOR,2022-05-06 11:07:32,2022-05-06 11:07:40
2022-05-06 20:44:46,2022-05-06 20:46:00,Eating/Dining,annotator,HIGH LEVEL BEHAVIOR,2022-05-06 11:07:40,2022-05-06 11:08:54
2022-05-06 20:46:00,2022-05-06 20:46:21,,annotator,HIGH LEVEL BEHAVIOR,2022-05-06 11:08:54,2022-05-06 11:09:15
2022-05-06 20:46:21,2022-05-06 20:46:57,Eating/Dining,annotator,HIGH LEVEL BEHAVIOR,2022-05-06 11:09:15,2022-05-06 11:09:51
2022-05-06 20:46:57,2022-05-06 20:47:11,,annotator,HIGH LEVEL BEHAVIOR,2022-05-06 11:09:51,2022-05-06 11:10:05
2022-05-06 20:47:11,2022-05-06 20:47:55,Packing/Unpacking_Something,annotator,HIGH LEVEL BEHAVIOR,2022-05-06 11:10:05,2022-05-06 11:10:49
2022-05-06 20:47:55,2022-05-06 20:48:35,Eating/Dining,annotator,HIGH LEVEL BEHAVIOR,2022-05-06 11:10:49,2022-05-06 11:11:29
2022-05-06 20:48:35,2022-05-06 20:48:46,,annotator,HIGH LEVEL BEHAVIOR,2022-05-06 11:11:29,2022-05-06 11:11:40
2022-05-06 20:48:46,2022-05-06 20:48:53,,annotator,HIGH LEVEL BEHAVIOR,2022-05-06 11:11:40,2022-05-06 11:11:47
2022-05-06 20:48:53,2022-05-06 20:49:15,,annotator,HIGH LEVEL BEHAVIOR,2022-05-06 11:11:47,2022-05-06 11:12:09
2022-05-06 20:49:15,2022-05-06 20:49:49,,annotator,HIGH LEVEL BEHAVIOR,2022-05-06 11:12:09,2022-05-06 11:12:43
2022-05-06 20:49:49,2022-05-06 20:50:14,,annotator,HIGH LEVEL BEHAVIOR,2022-05-06 11:12:43,2022-05-06 11:13:08
2022-05-06 20:50:14,2022-05-06 20:50:23,,annotator,HIGH LEVEL BEHAVIOR,2022-05-06 11:13:08,2022-05-06 11:13:17
2022-05-06 20:50:23,2022-05-06 20:50:51,,annotator,HIGH LEVEL BEHAVIOR,2022-05-06 11:13:17,2022-05-06 11:13:45
2022-05-06 20:50:51,2022-05-06 20:50:59,,annotator,HIGH LEVEL BEHAVIOR,2022-05-06 11:13:45,2022-05-06 11:13:53
2022-05-06 20:50:59,2022-05-06 20:51:24,Packing/Unpacking_Something,annotator,HIGH LEVEL BEHAVIOR,2022-05-06 11:13:53,2022-05-06 11:14:18
2022-05-06 20:51:24,2022-05-06 20:51:33,,annotator,HIGH LEVEL BEHAVIOR,2022-05-06 11:14:18,2022-05-06 11:14:27
2022-05-06 20:51:33,2022-05-06 20:52:41,,annotator,HIGH LEVEL BEHAVIOR,2022-05-06 11:14:27,2022-05-06 11:15:35
2022-05-06 20:52:41,2022-05-06 20:52:59,,annotator,HIGH LEVEL BEHAVIOR,2022-05-06 11:15:35,2022-05-06 11:15:53
2022-05-06 20:52:59,2022-05-06 20:54:31,Doing_Dishes,annotator,HIGH LEVEL BEHAVIOR,2022-05-06 11:15:53,2022-05-06 11:17:25
2022-05-06 20:54:31,2022-05-06 20:54:38,,annotator,HIGH LEVEL BEHAVIOR,2022-05-06 11:17:25,2022-05-06 11:17:32
2022-05-06 20:54:38,2022-05-06 20:55:05,,annotator,HIGH LEVEL BEHAVIOR,2022-05-06 11:17:32,2022-05-06 11:17:59
2022-05-06 20:55:05,2022-05-06 20:55:14,Cooking/Prepping_Food,annotator,HIGH LEVEL BEHAVIOR,2022-05-06 11:17:59,2022-05-06 11:18:08
2022-05-06 20:55:14,2022-05-06 20:55:59,Doing_Dishes,annotator,HIGH LEVEL BEHAVIOR,2022-05-06 11:18:08,2022-05-06 11:18:53
2022-05-06 20:55:59,2022-05-06 20:59:14,Cooking/Prepping_Food,annotator,HIGH LEVEL BEHAVIOR,2022-05-06 11:18:53,2022-05-06 11:22:08
2022-05-06 20:59:14,2022-05-06 20:59:31,Cooking/Prepping_Food,annotator,HIGH LEVEL BEHAVIOR,2022-05-06 11:22:08,2022-05-06 11:22:25
2022-05-06 20:59:31,2022-05-06 21:00:16,,annotator,HIGH LEVEL BEHAVIOR,2022-05-06 11:22:25,2022-05-06 11:23:10
2022-05-06 21:00:16,2022-05-06 21:07:04,Eating/Dining,annotator,HIGH LEVEL BEHAVIOR,2022-05-06 11:23:10,2022-05-06 11:29:58
2022-05-06 21:07:04,2022-05-06 21:09:02,Eating/Dining,annotator,HIGH LEVEL BEHAVIOR,2022-05-06 11:29:58,2022-05-06 11:31:56
2022-05-06 21:09:02,2022-05-06 21:14:34,Eating/Dining,annotator,HIGH LEVEL BEHAVIOR,2022-05-06 11:31:56,2022-05-06 11:37:28
2022-05-06 21:14:34,2022-05-06 21:15:09,Playing_With_Pets,annotator,HIGH LEVEL BEHAVIOR,2022-05-06 11:37:28,2022-05-06 11:38:03
2022-05-06 21:15:09,2022-05-06 21:15:38,Playing_With_Pets,annotator,HIGH LEVEL BEHAVIOR,2022-05-06 11:38:03,2022-05-06 11:38:32
2022-05-06 21:15:38,2022-05-06 21:18:02,Cooking/Prepping_Food,annotator,HIGH LEVEL BEHAVIOR,2022-05-06 11:38:32,2022-05-06 11:40:56
2022-05-06 21:18:02,2022-05-06 21:19:47,Cooking/Prepping_Food,annotator,HIGH LEVEL BEHAVIOR,2022-05-06 11:40:56,2022-05-06 11:42:41
2022-05-06 21:19:47,2022-05-06 21:19:49,Cooking/Prepping_Food,annotator,HIGH LEVEL BEHAVIOR,2022-05-06 11:42:41,2022-05-06 11:42:43
2022-05-06 21:19:49,2022-05-06 21:20:51,Cooking/Prepping_Food,annotator,HIGH LEVEL BEHAVIOR,2022-05-06 11:42:43,2022-05-06 11:43:45
2022-05-06 21:20:51,2022-05-06 21:21:01,Cooking/Prepping_Food,annotator,HIGH LEVEL BEHAVIOR,2022-05-06 11:43:45,2022-05-06 11:43:55
2022-05-06 21:21:01,2022-05-06 21:26:50,Eating/Dining,annotator,HIGH LEVEL BEHAVIOR,2022-05-06 11:43:55,2022-05-06 11:49:44
2022-05-06 21:26:50,2022-05-06 21:26:58,,annotator,HIGH LEVEL BEHAVIOR,2022-05-06 11:49:44,2022-05-06 11:49:52
2022-05-06 21:26:58,2022-05-06 21:27:06,Doing_Dishes,annotator,HIGH LEVEL BEHAVIOR,2022-05-06 11:49:52,2022-05-06 11:50:00
2022-05-06 21:27:06,2022-05-06 21:27:33,,annotator,HIGH LEVEL BEHAVIOR,2022-05-06 11:50:00,2022-05-06 11:50:27
2022-05-06 21:27:33,2022-05-06 21:27:49,Cooking/Prepping_Food,annotator,HIGH LEVEL BEHAVIOR,2022-05-06 11:50:27,2022-05-06 11:50:43
2022-05-06 21:27:49,2022-05-06 21:28:03,Eating/Dining,annotator,HIGH LEVEL BEHAVIOR,2022-05-06 11:50:43,2022-05-06 11:50:57
2022-05-06 21:28:03,2022-05-06 21:28:11,,annotator,HIGH LEVEL BEHAVIOR,2022-05-06 11:50:57,2022-05-06 11:51:05
2022-05-06 21:28:11,2022-05-06 21:28:23,Cooking/Prepping_Food,annotator,HIGH LEVEL BEHAVIOR,2022-05-06 11:51:05,2022-05-06 11:51:17
2022-05-06 21:28:23,2022-05-06 21:29:55,Cooking/Prepping_Food,annotator,HIGH LEVEL BEHAVIOR,2022-05-06 11:51:17,2022-05-06 11:52:49
2022-05-06 21:29:55,2022-05-06 21:30:21,Cooking/Prepping_Food,annotator,HIGH LEVEL BEHAVIOR,2022-05-06 11:52:49,2022-05-06 11:53:15
2022-05-06 21:30:23,2022-05-06 21:35:43,Eating/Dining,annotator,HIGH LEVEL BEHAVIOR,2022-05-06 11:53:17,2022-05-06 11:58:37
2022-05-06 21:35:43,2022-05-06 21:35:47,,annotator,HIGH LEVEL BEHAVIOR,2022-05-06 11:58:37,2022-05-06 11:58:41
2022-05-06 21:35:47,2022-05-06 21:36:13,,annotator,HIGH LEVEL BEHAVIOR,2022-05-06 11:58:41,2022-05-06 11:59:07
2022-05-06 21:36:13,2022-05-06 21:36:25,Eating/Dining,annotator,HIGH LEVEL BEHAVIOR,2022-05-06 11:59:07,2022-05-06 11:59:19
2022-05-06 21:36:25,2022-05-06 21:36:38,Eating/Dining,annotator,HIGH LEVEL BEHAVIOR,2022-05-06 11:59:19,2022-05-06 11:59:32
2022-05-06 21:36:38,2022-05-06 21:37:01,,annotator,HIGH LEVEL BEHAVIOR,2022-05-06 11:59:32,2022-05-06 11:59:55
2022-05-06 21:37:01,2022-05-06 21:37:29,,annotator,HIGH LEVEL BEHAVIOR,2022-05-06 11:59:55,2022-05-06 12:00:23
2022-05-06 21:37:29,2022-05-06 21:37:43,Doing_Dishes,annotator,HIGH LEVEL BEHAVIOR,2022-05-06 12:00:23,2022-05-06 12:00:37
2022-05-06 21:37:43,2022-05-06 21:38:08,Doing_Dishes,annotator,HIGH LEVEL BEHAVIOR,2022-05-06 12:00:37,2022-05-06 12:01:02
2022-05-06 21:38:08,2022-05-06 21:38:41,Doing_Dishes,annotator,HIGH LEVEL BEHAVIOR,2022-05-06 12:01:02,2022-05-06 12:01:35
2022-05-06 21:38:41,2022-05-06 21:38:53,Doing_Dishes,annotator,HIGH LEVEL BEHAVIOR,2022-05-06 12:01:35,2022-05-06 12:01:47
2022-05-06 21:38:53,2022-05-06 21:39:20,,annotator,HIGH LEVEL BEHAVIOR,2022-05-06 12:01:47,2022-05-06 12:02:14
2022-05-06 21:39:20,2022-05-06 21:39:25,,annotator,HIGH LEVEL BEHAVIOR,2022-05-06 12:02:14,2022-05-06 12:02:19
2022-05-06 21:39:25,2022-05-06 21:40:25,,annotator,HIGH LEVEL BEHAVIOR,2022-05-06 12:02:19,2022-05-06 12:03:19
2022-05-06 21:40:25,2022-05-06 21:40:32,,annotator,HIGH LEVEL BEHAVIOR,2022-05-06 12:03:19,2022-05-06 12:03:26
2022-05-06 21:40:32,2022-05-06 21:40:42,,annotator,HIGH LEVEL BEHAVIOR,2022-05-06 12:03:26,2022-05-06 12:03:36
2022-05-06 21:40:42,2022-05-06 21:41:56,Doing_Dishes,annotator,HIGH LEVEL BEHAVIOR,2022-05-06 12:03:36,2022-05-06 12:04:50
2022-05-06 21:41:56,2022-05-06 21:42:25,Cleaning,annotator,HIGH LEVEL BEHAVIOR,2022-05-06 12:04:50,2022-05-06 12:05:19
2022-05-06 21:42:25,2022-05-06 21:42:32,,annotator,HIGH LEVEL BEHAVIOR,2022-05-06 12:05:19,2022-05-06 12:05:26
2022-05-06 21:42:32,2022-05-06 21:42:40,,annotator,HIGH LEVEL BEHAVIOR,2022-05-06 12:05:26,2022-05-06 12:05:34
2022-05-06 21:42:40,2022-05-06 21:42:48,,annotator,HIGH LEVEL BEHAVIOR,2022-05-06 12:05:34,2022-05-06 12:05:42
2022-05-06 21:42:48,2022-05-06 21:43:04,,annotator,HIGH LEVEL BEHAVIOR,2022-05-06 12:05:42,2022-05-06 12:05:58
2022-05-06 21:43:04,2022-05-06 21:43:20,,annotator,HIGH LEVEL BEHAVIOR,2022-05-06 12:05:58,2022-05-06 12:06:14
2022-05-06 21:43:20,2022-05-06 21:43:40,Playing_With_Pets,annotator,HIGH LEVEL BEHAVIOR,2022-05-06 12:06:14,2022-05-06 12:06:34
2022-05-06 21:43:40,2022-05-06 21:43:50,,annotator,HIGH LEVEL BEHAVIOR,2022-05-06 12:06:34,2022-05-06 12:06:44
2022-05-06 21:43:50,2022-05-06 21:43:56,,annotator,HIGH LEVEL BEHAVIOR,2022-05-06 12:06:44,2022-05-06 12:06:50
2022-05-06 21:43:56,2022-05-06 21:44:49,HLB_Indecipherable/Video_Insufficient,annotator,HIGH LEVEL BEHAVIOR,2022-05-06 12:06:50,2022-05-06 12:07:43
2022-05-06 21:44:49,2022-05-06 21:45:36,,annotator,HIGH LEVEL BEHAVIOR,2022-05-06 12:07:43,2022-05-06 12:08:30
2022-05-06 21:45:36,2022-05-06 21:45:47,,annotator,HIGH LEVEL BEHAVIOR,2022-05-06 12:08:30,2022-05-06 12:08:41
2022-05-06 21:45:47,2022-05-06 21:46:38,,annotator,HIGH LEVEL BEHAVIOR,2022-05-06 12:08:41,2022-05-06 12:09:32
2022-05-06 21:46:38,2022-05-06 22:18:42,Relaxing_Passive,annotator,HIGH LEVEL BEHAVIOR,2022-05-06 12:09:32,2022-05-06 12:41:36
2022-05-06 22:18:42,2022-05-06 22:18:58,Relaxing_Passive,annotator,HIGH LEVEL BEHAVIOR,2022-05-06 12:41:36,2022-05-06 12:41:52
2022-05-06 22:18:58,2022-05-06 22:19:45,Doing_Common_Housework,annotator,HIGH LEVEL BEHAVIOR,2022-05-06 12:41:52,2022-05-06 12:42:39
2022-05-06 22:19:45,2022-05-06 22:20:44,Cooking/Prepping_Food,annotator,HIGH LEVEL BEHAVIOR,2022-05-06 12:42:39,2022-05-06 12:43:38
2022-05-06 22:20:44,2022-05-06 22:21:34,Cooking/Prepping_Food,annotator,HIGH LEVEL BEHAVIOR,2022-05-06 12:43:38,2022-05-06 12:44:28
2022-05-06 22:21:34,2022-05-06 22:29:57,Eating/Dining,annotator,HIGH LEVEL BEHAVIOR,2022-05-06 12:44:28,2022-05-06 12:52:51
