START_TIME,STOP_TIME,PREDICTION,SOURCE,LABELSET,VIDEO_START_TIME,VIDEO_END_TIME
2022-06-05 10:43:58,2022-06-05 10:44:10,Free_Living,annotator,Experimental situation,2022-06-05 00:00:04,2022-06-05 00:00:16
2022-06-05 10:44:10,2022-06-05 10:44:45,Free_Living,annotator,Experimental situation,2022-06-05 00:00:16,2022-06-05 00:00:51
2022-06-05 10:44:45,2022-06-05 10:44:50,Free_Living,annotator,Experimental situation,2022-06-05 00:00:51,2022-06-05 00:00:56
2022-06-05 10:44:50,2022-06-05 10:45:04,Free_Living,annotator,Experimental situation,2022-06-05 00:00:56,2022-06-05 00:01:10
2022-06-05 10:45:04,2022-06-05 10:45:33,Free_Living,annotator,Experimental situation,2022-06-05 00:01:10,2022-06-05 00:01:39
2022-06-05 10:45:33,2022-06-05 10:45:47,Free_Living,annotator,Experimental situation,2022-06-05 00:01:39,2022-06-05 00:01:53
2022-06-05 10:45:47,2022-06-05 10:46:11,Free_Living,annotator,Experimental situation,2022-06-05 00:01:53,2022-06-05 00:02:17
2022-06-05 10:46:11,2022-06-05 10:48:55,Free_Living,annotator,Experimental situation,2022-06-05 00:02:17,2022-06-05 00:05:01
2022-06-05 10:48:55,2022-06-05 10:50:21,Free_Living,annotator,Experimental situation,2022-06-05 00:05:01,2022-06-05 00:06:27
2022-06-05 10:50:21,2022-06-05 10:51:18,Free_Living,annotator,Experimental situation,2022-06-05 00:06:27,2022-06-05 00:07:24
2022-06-05 10:51:18,2022-06-05 10:51:25,Free_Living,annotator,Experimental situation,2022-06-05 00:07:24,2022-06-05 00:07:31
2022-06-05 10:51:25,2022-06-05 10:51:30,Free_Living,annotator,Experimental situation,2022-06-05 00:07:31,2022-06-05 00:07:36
2022-06-05 10:51:30,2022-06-05 10:51:34,Free_Living,annotator,Experimental situation,2022-06-05 00:07:36,2022-06-05 00:07:40
2022-06-05 10:51:34,2022-06-05 10:51:57,Free_Living,annotator,Experimental situation,2022-06-05 00:07:40,2022-06-05 00:08:03
2022-06-05 10:51:57,2022-06-05 10:52:14,Free_Living,annotator,Experimental situation,2022-06-05 00:08:03,2022-06-05 00:08:20
2022-06-05 10:52:14,2022-06-05 10:52:20,Free_Living,annotator,Experimental situation,2022-06-05 00:08:20,2022-06-05 00:08:26
2022-06-05 10:52:20,2022-06-05 10:52:49,Free_Living,annotator,Experimental situation,2022-06-05 00:08:26,2022-06-05 00:08:55
2022-06-05 10:52:49,2022-06-05 10:53:35,Free_Living,annotator,Experimental situation,2022-06-05 00:08:55,2022-06-05 00:09:41
2022-06-05 10:53:35,2022-06-05 10:54:36,Free_Living,annotator,Experimental situation,2022-06-05 00:09:41,2022-06-05 00:10:42
2022-06-05 10:54:36,2022-06-05 10:55:21,Free_Living,annotator,Experimental situation,2022-06-05 00:10:42,2022-06-05 00:11:27
2022-06-05 10:55:22,2022-06-05 10:56:07,Free_Living,annotator,Experimental situation,2022-06-05 00:11:28,2022-06-05 00:12:13
2022-06-05 10:56:07,2022-06-05 10:56:16,Free_Living,annotator,Experimental situation,2022-06-05 00:12:13,2022-06-05 00:12:22
2022-06-05 10:56:16,2022-06-05 10:56:19,Free_Living,annotator,Experimental situation,2022-06-05 00:12:22,2022-06-05 00:12:25
2022-06-05 10:56:19,2022-06-05 10:56:35,Free_Living,annotator,Experimental situation,2022-06-05 00:12:25,2022-06-05 00:12:41
2022-06-05 10:56:35,2022-06-05 10:56:42,Free_Living,annotator,Experimental situation,2022-06-05 00:12:41,2022-06-05 00:12:48
2022-06-05 10:56:42,2022-06-05 10:56:52,Free_Living,annotator,Experimental situation,2022-06-05 00:12:48,2022-06-05 00:12:58
2022-06-05 10:56:52,2022-06-05 10:58:55,Free_Living,annotator,Experimental situation,2022-06-05 00:12:58,2022-06-05 00:15:01
2022-06-05 10:58:55,2022-06-05 10:59:03,Free_Living,annotator,Experimental situation,2022-06-05 00:15:01,2022-06-05 00:15:09
2022-06-05 10:59:03,2022-06-05 10:59:09,Free_Living,annotator,Experimental situation,2022-06-05 00:15:09,2022-06-05 00:15:15
2022-06-05 10:59:09,2022-06-05 10:59:45,Free_Living,annotator,Experimental situation,2022-06-05 00:15:15,2022-06-05 00:15:51
2022-06-05 10:59:45,2022-06-05 10:59:52,Free_Living,annotator,Experimental situation,2022-06-05 00:15:51,2022-06-05 00:15:58
2022-06-05 10:59:52,2022-06-05 10:59:55,Free_Living,annotator,Experimental situation,2022-06-05 00:15:58,2022-06-05 00:16:01
2022-06-05 10:59:55,2022-06-05 11:00:00,Free_Living,annotator,Experimental situation,2022-06-05 00:16:01,2022-06-05 00:16:06
2022-06-05 11:00:00,2022-06-05 11:00:06,Free_Living,annotator,Experimental situation,2022-06-05 00:16:06,2022-06-05 00:16:12
2022-06-05 11:00:06,2022-06-05 11:01:57,Free_Living,annotator,Experimental situation,2022-06-05 00:16:12,2022-06-05 00:18:03
2022-06-05 11:01:57,2022-06-05 11:02:06,Free_Living,annotator,Experimental situation,2022-06-05 00:18:03,2022-06-05 00:18:12
2022-06-05 11:02:06,2022-06-05 11:02:13,Free_Living,annotator,Experimental situation,2022-06-05 00:18:12,2022-06-05 00:18:19
2022-06-05 11:02:13,2022-06-05 11:02:25,Free_Living,annotator,Experimental situation,2022-06-05 00:18:19,2022-06-05 00:18:31
2022-06-05 11:02:25,2022-06-05 11:02:40,Free_Living,annotator,Experimental situation,2022-06-05 00:18:31,2022-06-05 00:18:46
2022-06-05 11:02:40,2022-06-05 11:02:53,Free_Living,annotator,Experimental situation,2022-06-05 00:18:46,2022-06-05 00:18:59
2022-06-05 11:02:53,2022-06-05 11:03:22,Free_Living,annotator,Experimental situation,2022-06-05 00:18:59,2022-06-05 00:19:28
2022-06-05 11:03:22,2022-06-05 11:03:25,Free_Living,annotator,Experimental situation,2022-06-05 00:19:28,2022-06-05 00:19:31
2022-06-05 11:03:25,2022-06-05 11:03:36,Free_Living,annotator,Experimental situation,2022-06-05 00:19:31,2022-06-05 00:19:42
2022-06-05 11:03:36,2022-06-05 11:05:15,Free_Living,annotator,Experimental situation,2022-06-05 00:19:42,2022-06-05 00:21:21
2022-06-05 11:05:15,2022-06-05 11:05:23,Free_Living,annotator,Experimental situation,2022-06-05 00:21:21,2022-06-05 00:21:29
2022-06-05 11:05:23,2022-06-05 11:05:29,Free_Living,annotator,Experimental situation,2022-06-05 00:21:29,2022-06-05 00:21:35
2022-06-05 11:05:29,2022-06-05 11:06:57,Free_Living,annotator,Experimental situation,2022-06-05 00:21:35,2022-06-05 00:23:03
2022-06-05 11:06:57,2022-06-05 11:07:06,Free_Living,annotator,Experimental situation,2022-06-05 00:23:03,2022-06-05 00:23:12
2022-06-05 11:07:06,2022-06-05 11:07:08,Free_Living,annotator,Experimental situation,2022-06-05 00:23:12,2022-06-05 00:23:14
2022-06-05 11:07:08,2022-06-05 11:07:16,Free_Living,annotator,Experimental situation,2022-06-05 00:23:14,2022-06-05 00:23:22
2022-06-05 11:07:16,2022-06-05 11:07:38,Free_Living,annotator,Experimental situation,2022-06-05 00:23:22,2022-06-05 00:23:44
2022-06-05 11:07:38,2022-06-05 11:07:45,Free_Living,annotator,Experimental situation,2022-06-05 00:23:44,2022-06-05 00:23:51
2022-06-05 11:07:45,2022-06-05 11:08:00,Free_Living,annotator,Experimental situation,2022-06-05 00:23:51,2022-06-05 00:24:06
2022-06-05 11:08:00,2022-06-05 11:08:04,Free_Living,annotator,Experimental situation,2022-06-05 00:24:06,2022-06-05 00:24:10
2022-06-05 11:08:04,2022-06-05 11:09:23,Free_Living,annotator,Experimental situation,2022-06-05 00:24:10,2022-06-05 00:25:29
2022-06-05 11:09:23,2022-06-05 11:11:12,Free_Living,annotator,Experimental situation,2022-06-05 00:25:29,2022-06-05 00:27:18
2022-06-05 11:11:12,2022-06-05 11:11:21,Free_Living,annotator,Experimental situation,2022-06-05 00:27:18,2022-06-05 00:27:27
2022-06-05 11:11:21,2022-06-05 11:11:38,Free_Living,annotator,Experimental situation,2022-06-05 00:27:27,2022-06-05 00:27:44
2022-06-05 11:11:38,2022-06-05 11:11:55,Free_Living,annotator,Experimental situation,2022-06-05 00:27:44,2022-06-05 00:28:01
2022-06-05 11:11:55,2022-06-05 11:12:08,Free_Living,annotator,Experimental situation,2022-06-05 00:28:01,2022-06-05 00:28:14
2022-06-05 11:12:08,2022-06-05 11:12:20,Free_Living,annotator,Experimental situation,2022-06-05 00:28:14,2022-06-05 00:28:26
2022-06-05 11:12:20,2022-06-05 11:12:27,Free_Living,annotator,Experimental situation,2022-06-05 00:28:26,2022-06-05 00:28:33
2022-06-05 11:12:27,2022-06-05 11:12:40,Free_Living,annotator,Experimental situation,2022-06-05 00:28:33,2022-06-05 00:28:46
2022-06-05 11:12:40,2022-06-05 11:14:19,Free_Living,annotator,Experimental situation,2022-06-05 00:28:46,2022-06-05 00:30:25
2022-06-05 11:14:19,2022-06-05 11:14:26,Free_Living,annotator,Experimental situation,2022-06-05 00:30:25,2022-06-05 00:30:32
2022-06-05 11:14:26,2022-06-05 11:14:34,Free_Living,annotator,Experimental situation,2022-06-05 00:30:32,2022-06-05 00:30:40
2022-06-05 11:14:28,2022-06-05 11:14:29,Free_Living,annotator,Experimental situation,2022-06-05 00:30:34,2022-06-05 00:30:35
2022-06-05 11:14:34,2022-06-05 11:14:46,Free_Living,annotator,Experimental situation,2022-06-05 00:30:40,2022-06-05 00:30:52
2022-06-05 11:14:46,2022-06-05 11:14:56,Free_Living,annotator,Experimental situation,2022-06-05 00:30:52,2022-06-05 00:31:02
2022-06-05 11:14:56,2022-06-05 11:15:09,Free_Living,annotator,Experimental situation,2022-06-05 00:31:02,2022-06-05 00:31:15
2022-06-05 11:15:09,2022-06-05 11:15:34,Free_Living,annotator,Experimental situation,2022-06-05 00:31:15,2022-06-05 00:31:40
2022-06-05 11:15:34,2022-06-05 11:15:56,Free_Living,annotator,Experimental situation,2022-06-05 00:31:40,2022-06-05 00:32:02
2022-06-05 11:15:56,2022-06-05 11:15:58,Free_Living,annotator,Experimental situation,2022-06-05 00:32:02,2022-06-05 00:32:04
2022-06-05 11:15:59,2022-06-05 11:16:24,Free_Living,annotator,Experimental situation,2022-06-05 00:32:05,2022-06-05 00:32:30
2022-06-05 11:16:24,2022-06-05 11:16:32,Free_Living,annotator,Experimental situation,2022-06-05 00:32:30,2022-06-05 00:32:38
2022-06-05 11:16:32,2022-06-05 11:16:35,Free_Living,annotator,Experimental situation,2022-06-05 00:32:38,2022-06-05 00:32:41
2022-06-05 11:16:35,2022-06-05 11:16:41,Free_Living,annotator,Experimental situation,2022-06-05 00:32:41,2022-06-05 00:32:47
2022-06-05 11:16:41,2022-06-05 11:17:20,Free_Living,annotator,Experimental situation,2022-06-05 00:32:47,2022-06-05 00:33:26
2022-06-05 11:17:20,2022-06-05 11:17:52,Free_Living,annotator,Experimental situation,2022-06-05 00:33:26,2022-06-05 00:33:58
2022-06-05 11:17:52,2022-06-05 11:18:19,Free_Living,annotator,Experimental situation,2022-06-05 00:33:58,2022-06-05 00:34:25
2022-06-05 11:18:20,2022-06-05 11:19:01,Free_Living,annotator,Experimental situation,2022-06-05 00:34:26,2022-06-05 00:35:07
2022-06-05 11:19:01,2022-06-05 11:19:31,Free_Living,annotator,Experimental situation,2022-06-05 00:35:07,2022-06-05 00:35:37
2022-06-05 11:19:31,2022-06-05 11:19:37,Free_Living,annotator,Experimental situation,2022-06-05 00:35:37,2022-06-05 00:35:43
2022-06-05 11:19:37,2022-06-05 11:19:44,Free_Living,annotator,Experimental situation,2022-06-05 00:35:43,2022-06-05 00:35:50
2022-06-05 11:19:44,2022-06-05 11:19:49,Free_Living,annotator,Experimental situation,2022-06-05 00:35:50,2022-06-05 00:35:55
2022-06-05 11:19:49,2022-06-05 11:19:57,Free_Living,annotator,Experimental situation,2022-06-05 00:35:55,2022-06-05 00:36:03
2022-06-05 11:19:57,2022-06-05 11:20:07,Free_Living,annotator,Experimental situation,2022-06-05 00:36:03,2022-06-05 00:36:13
2022-06-05 11:20:07,2022-06-05 11:20:16,Free_Living,annotator,Experimental situation,2022-06-05 00:36:13,2022-06-05 00:36:22
2022-06-05 11:20:16,2022-06-05 11:20:21,Free_Living,annotator,Experimental situation,2022-06-05 00:36:22,2022-06-05 00:36:27
2022-06-05 11:20:21,2022-06-05 11:30:54,Free_Living,annotator,Experimental situation,2022-06-05 00:36:27,2022-06-05 00:47:00
2022-06-05 11:30:54,2022-06-05 11:31:05,Free_Living,annotator,Experimental situation,2022-06-05 00:47:00,2022-06-05 00:47:11
2022-06-05 11:31:05,2022-06-05 11:31:11,Free_Living,annotator,Experimental situation,2022-06-05 00:47:11,2022-06-05 00:47:17
2022-06-05 11:31:11,2022-06-05 11:31:19,Free_Living,annotator,Experimental situation,2022-06-05 00:47:17,2022-06-05 00:47:25
2022-06-05 11:31:19,2022-06-05 11:31:26,Free_Living,annotator,Experimental situation,2022-06-05 00:47:25,2022-06-05 00:47:32
2022-06-05 11:31:26,2022-06-05 11:44:00,Free_Living,annotator,Experimental situation,2022-06-05 00:47:32,2022-06-05 01:00:06
2022-06-05 11:44:00,2022-06-05 11:44:12,Free_Living,annotator,Experimental situation,2022-06-05 01:00:06,2022-06-05 01:00:18
2022-06-05 11:44:12,2022-06-05 11:44:21,Free_Living,annotator,Experimental situation,2022-06-05 01:00:18,2022-06-05 01:00:27
2022-06-05 11:44:21,2022-06-05 11:44:57,Free_Living,annotator,Experimental situation,2022-06-05 01:00:27,2022-06-05 01:01:03
2022-06-05 11:44:57,2022-06-05 11:46:20,Free_Living,annotator,Experimental situation,2022-06-05 01:01:03,2022-06-05 01:02:26
2022-06-05 11:46:20,2022-06-05 11:47:17,Free_Living,annotator,Experimental situation,2022-06-05 01:02:26,2022-06-05 01:03:23
2022-06-05 11:47:17,2022-06-05 11:48:14,Free_Living,annotator,Experimental situation,2022-06-05 01:03:23,2022-06-05 01:04:20
2022-06-05 11:48:14,2022-06-05 11:54:05,Free_Living,annotator,Experimental situation,2022-06-05 01:04:20,2022-06-05 01:10:11
2022-06-05 11:54:05,2022-06-05 11:54:39,Free_Living,annotator,Experimental situation,2022-06-05 01:10:11,2022-06-05 01:10:45
