START_TIME,STOP_TIME,PREDICTION,SOURCE,LABELSET,VIDEO_START_TIME,VIDEO_END_TIME
2022-06-10 10:12:33,2022-06-10 10:13:01,Free_Living,annotator,Experimental situation,2022-06-10 00:00:09,2022-06-10 00:00:37
2022-06-10 10:13:02,2022-06-10 10:40:54,Free_Living,annotator,Experimental situation,2022-06-10 00:00:38,2022-06-10 00:28:30
2022-06-10 10:40:56,2022-06-10 10:43:11,Free_Living,annotator,Experimental situation,2022-06-10 00:28:32,2022-06-10 00:30:47
2022-06-10 10:43:12,2022-06-10 10:43:31,Free_Living,annotator,Experimental situation,2022-06-10 00:30:48,2022-06-10 00:31:07
2022-06-10 10:43:32,2022-06-10 10:45:21,Free_Living,annotator,Experimental situation,2022-06-10 00:31:08,2022-06-10 00:32:57
2022-06-10 10:45:22,2022-06-10 11:00:00,Free_Living,annotator,Experimental situation,2022-06-10 00:32:58,2022-06-10 00:47:36
2022-06-10 11:00:03,2022-06-10 11:01:01,Free_Living,annotator,Experimental situation,2022-06-10 00:47:39,2022-06-10 00:48:37
2022-06-10 11:01:03,2022-06-10 11:07:47,Free_Living,annotator,Experimental situation,2022-06-10 00:48:39,2022-06-10 00:55:23
2022-06-10 11:07:49,2022-06-10 11:08:32,Free_Living,annotator,Experimental situation,2022-06-10 00:55:25,2022-06-10 00:56:08
2022-06-10 11:08:34,2022-06-10 11:09:00,Free_Living,annotator,Experimental situation,2022-06-10 00:56:10,2022-06-10 00:56:36
2022-06-10 11:09:02,2022-06-10 11:10:11,Free_Living,annotator,Experimental situation,2022-06-10 00:56:38,2022-06-10 00:57:47
2022-06-10 11:10:13,2022-06-10 11:10:47,Free_Living,annotator,Experimental situation,2022-06-10 00:57:49,2022-06-10 00:58:23
2022-06-10 11:10:49,2022-06-10 11:11:20,Free_Living,annotator,Experimental situation,2022-06-10 00:58:25,2022-06-10 00:58:56
2022-06-10 11:11:22,2022-06-10 11:13:29,Free_Living,annotator,Experimental situation,2022-06-10 00:58:58,2022-06-10 01:01:05
2022-06-10 11:13:31,2022-06-10 11:13:52,Free_Living,annotator,Experimental situation,2022-06-10 01:01:07,2022-06-10 01:01:28
2022-06-10 11:13:54,2022-06-10 11:14:35,Free_Living,annotator,Experimental situation,2022-06-10 01:01:30,2022-06-10 01:02:11
2022-06-10 11:14:37,2022-06-10 11:15:56,Free_Living,annotator,Experimental situation,2022-06-10 01:02:13,2022-06-10 01:03:32
2022-06-10 11:15:58,2022-06-10 11:25:20,Free_Living,annotator,Experimental situation,2022-06-10 01:03:34,2022-06-10 01:12:56
2022-06-10 11:25:22,2022-06-10 11:26:02,Free_Living,annotator,Experimental situation,2022-06-10 01:12:58,2022-06-10 01:13:38
2022-06-10 11:26:03,2022-06-10 11:26:17,Free_Living,annotator,Experimental situation,2022-06-10 01:13:39,2022-06-10 01:13:53
2022-06-10 11:26:19,2022-06-10 12:24:21,Free_Living,annotator,Experimental situation,2022-06-10 01:13:55,2022-06-10 02:11:57
2022-06-10 12:24:22,2022-06-10 12:30:25,Free_Living,annotator,Experimental situation,2022-06-10 02:11:58,2022-06-10 02:18:01
2022-06-10 12:30:28,2022-06-10 12:33:29,Free_Living,annotator,Experimental situation,2022-06-10 02:18:04,2022-06-10 02:21:05
2022-06-10 12:33:29,2022-06-10 12:33:33,Free_Living,annotator,Experimental situation,2022-06-10 02:21:05,2022-06-10 02:21:09
2022-06-10 12:33:33,2022-06-10 12:33:45,Free_Living,annotator,Experimental situation,2022-06-10 02:21:09,2022-06-10 02:21:21
2022-06-10 12:33:45,2022-06-10 12:34:00,Free_Living,annotator,Experimental situation,2022-06-10 02:21:21,2022-06-10 02:21:36
2022-06-10 12:34:00,2022-06-10 12:34:11,Free_Living,annotator,Experimental situation,2022-06-10 02:21:36,2022-06-10 02:21:47
2022-06-10 12:34:11,2022-06-10 12:34:31,Free_Living,annotator,Experimental situation,2022-06-10 02:21:47,2022-06-10 02:22:07
2022-06-10 12:34:31,2022-06-10 12:35:05,Free_Living,annotator,Experimental situation,2022-06-10 02:22:07,2022-06-10 02:22:41
2022-06-10 12:35:05,2022-06-10 12:40:18,Free_Living,annotator,Experimental situation,2022-06-10 02:22:41,2022-06-10 02:27:54
2022-06-10 12:40:18,2022-06-10 12:40:46,Free_Living,annotator,Experimental situation,2022-06-10 02:27:54,2022-06-10 02:28:22
2022-06-10 12:40:46,2022-06-10 12:40:54,Free_Living,annotator,Experimental situation,2022-06-10 02:28:22,2022-06-10 02:28:30
2022-06-10 12:40:54,2022-06-10 12:41:52,Free_Living,annotator,Experimental situation,2022-06-10 02:28:30,2022-06-10 02:29:28
2022-06-10 12:41:52,2022-06-10 12:42:20,Free_Living,annotator,Experimental situation,2022-06-10 02:29:28,2022-06-10 02:29:56
2022-06-10 12:42:20,2022-06-10 12:42:34,Free_Living,annotator,Experimental situation,2022-06-10 02:29:56,2022-06-10 02:30:10
2022-06-10 12:42:34,2022-06-10 12:44:42,Free_Living,annotator,Experimental situation,2022-06-10 02:30:10,2022-06-10 02:32:18
2022-06-10 12:44:42,2022-06-10 12:44:59,Free_Living,annotator,Experimental situation,2022-06-10 02:32:18,2022-06-10 02:32:35
2022-06-10 12:44:59,2022-06-10 12:45:23,Free_Living,annotator,Experimental situation,2022-06-10 02:32:35,2022-06-10 02:32:59
2022-06-10 12:45:23,2022-06-10 12:45:58,Free_Living,annotator,Experimental situation,2022-06-10 02:32:59,2022-06-10 02:33:34
2022-06-10 12:45:58,2022-06-10 12:46:15,Free_Living,annotator,Experimental situation,2022-06-10 02:33:34,2022-06-10 02:33:51
2022-06-10 12:46:15,2022-06-10 12:46:21,Free_Living,annotator,Experimental situation,2022-06-10 02:33:51,2022-06-10 02:33:57
2022-06-10 12:46:23,2022-06-10 12:48:10,Free_Living,annotator,Experimental situation,2022-06-10 02:33:59,2022-06-10 02:35:46
2022-06-10 12:48:10,2022-06-10 12:48:45,Free_Living,annotator,Experimental situation,2022-06-10 02:35:46,2022-06-10 02:36:21
2022-06-10 12:48:45,2022-06-10 12:48:55,Free_Living,annotator,Experimental situation,2022-06-10 02:36:21,2022-06-10 02:36:31
2022-06-10 12:48:55,2022-06-10 12:50:25,Free_Living,annotator,Experimental situation,2022-06-10 02:36:31,2022-06-10 02:38:01
2022-06-10 12:50:25,2022-06-10 12:50:41,Free_Living,annotator,Experimental situation,2022-06-10 02:38:01,2022-06-10 02:38:17
2022-06-10 12:50:41,2022-06-10 12:51:12,Free_Living,annotator,Experimental situation,2022-06-10 02:38:17,2022-06-10 02:38:48
2022-06-10 12:51:12,2022-06-10 12:51:39,Free_Living,annotator,Experimental situation,2022-06-10 02:38:48,2022-06-10 02:39:15
2022-06-10 12:51:39,2022-06-10 12:51:51,Free_Living,annotator,Experimental situation,2022-06-10 02:39:15,2022-06-10 02:39:27
2022-06-10 12:51:51,2022-06-10 12:52:48,Free_Living,annotator,Experimental situation,2022-06-10 02:39:27,2022-06-10 02:40:24
2022-06-10 12:52:48,2022-06-10 12:53:19,Free_Living,annotator,Experimental situation,2022-06-10 02:40:24,2022-06-10 02:40:55
2022-06-10 12:53:19,2022-06-10 12:53:39,Free_Living,annotator,Experimental situation,2022-06-10 02:40:55,2022-06-10 02:41:15
2022-06-10 12:53:39,2022-06-10 12:53:52,Free_Living,annotator,Experimental situation,2022-06-10 02:41:15,2022-06-10 02:41:28
2022-06-10 12:53:52,2022-06-10 12:55:32,Free_Living,annotator,Experimental situation,2022-06-10 02:41:28,2022-06-10 02:43:08
2022-06-10 12:55:32,2022-06-10 12:55:53,Free_Living,annotator,Experimental situation,2022-06-10 02:43:08,2022-06-10 02:43:29
2022-06-10 12:55:53,2022-06-10 13:00:38,Free_Living,annotator,Experimental situation,2022-06-10 02:43:29,2022-06-10 02:48:14
2022-06-10 13:00:38,2022-06-10 13:01:05,Free_Living,annotator,Experimental situation,2022-06-10 02:48:14,2022-06-10 02:48:41
2022-06-10 13:01:05,2022-06-10 13:01:12,Free_Living,annotator,Experimental situation,2022-06-10 02:48:41,2022-06-10 02:48:48
2022-06-10 13:01:12,2022-06-10 13:01:19,Free_Living,annotator,Experimental situation,2022-06-10 02:48:48,2022-06-10 02:48:55
2022-06-10 13:01:19,2022-06-10 13:01:37,Free_Living,annotator,Experimental situation,2022-06-10 02:48:55,2022-06-10 02:49:13
2022-06-10 13:01:37,2022-06-10 13:02:14,Free_Living,annotator,Experimental situation,2022-06-10 02:49:13,2022-06-10 02:49:50
2022-06-10 13:02:14,2022-06-10 13:02:57,Free_Living,annotator,Experimental situation,2022-06-10 02:49:50,2022-06-10 02:50:33
2022-06-10 13:02:57,2022-06-10 13:04:18,Free_Living,annotator,Experimental situation,2022-06-10 02:50:33,2022-06-10 02:51:54
2022-06-10 13:04:18,2022-06-10 13:04:27,Free_Living,annotator,Experimental situation,2022-06-10 02:51:54,2022-06-10 02:52:03
2022-06-10 13:04:27,2022-06-10 13:04:40,Free_Living,annotator,Experimental situation,2022-06-10 02:52:03,2022-06-10 02:52:16
2022-06-10 13:04:40,2022-06-10 13:04:54,Free_Living,annotator,Experimental situation,2022-06-10 02:52:16,2022-06-10 02:52:30
2022-06-10 13:04:54,2022-06-10 13:04:57,Free_Living,annotator,Experimental situation,2022-06-10 02:52:30,2022-06-10 02:52:33
2022-06-10 13:04:57,2022-06-10 13:05:08,Free_Living,annotator,Experimental situation,2022-06-10 02:52:33,2022-06-10 02:52:44
2022-06-10 13:05:08,2022-06-10 13:05:11,Free_Living,annotator,Experimental situation,2022-06-10 02:52:44,2022-06-10 02:52:47
2022-06-10 13:05:11,2022-06-10 13:05:17,Free_Living,annotator,Experimental situation,2022-06-10 02:52:47,2022-06-10 02:52:53
2022-06-10 13:05:17,2022-06-10 13:05:27,Free_Living,annotator,Experimental situation,2022-06-10 02:52:53,2022-06-10 02:53:03
2022-06-10 13:05:27,2022-06-10 13:05:31,Free_Living,annotator,Experimental situation,2022-06-10 02:53:03,2022-06-10 02:53:07
2022-06-10 13:05:31,2022-06-10 13:05:34,Free_Living,annotator,Experimental situation,2022-06-10 02:53:07,2022-06-10 02:53:10
2022-06-10 13:05:34,2022-06-10 13:05:56,Free_Living,annotator,Experimental situation,2022-06-10 02:53:10,2022-06-10 02:53:32
2022-06-10 13:05:56,2022-06-10 13:07:54,Free_Living,annotator,Experimental situation,2022-06-10 02:53:32,2022-06-10 02:55:30
2022-06-10 13:07:54,2022-06-10 13:07:59,Free_Living,annotator,Experimental situation,2022-06-10 02:55:30,2022-06-10 02:55:35
2022-06-10 13:07:59,2022-06-10 13:08:24,Free_Living,annotator,Experimental situation,2022-06-10 02:55:35,2022-06-10 02:56:00
2022-06-10 13:08:24,2022-06-10 13:08:56,Free_Living,annotator,Experimental situation,2022-06-10 02:56:00,2022-06-10 02:56:32
2022-06-10 13:08:56,2022-06-10 13:09:11,Free_Living,annotator,Experimental situation,2022-06-10 02:56:32,2022-06-10 02:56:47
2022-06-10 13:09:11,2022-06-10 13:09:37,Free_Living,annotator,Experimental situation,2022-06-10 02:56:47,2022-06-10 02:57:13
2022-06-10 13:09:37,2022-06-10 13:09:53,Free_Living,annotator,Experimental situation,2022-06-10 02:57:13,2022-06-10 02:57:29
2022-06-10 13:09:53,2022-06-10 13:10:01,Free_Living,annotator,Experimental situation,2022-06-10 02:57:29,2022-06-10 02:57:37
2022-06-10 13:10:01,2022-06-10 13:10:03,Free_Living,annotator,Experimental situation,2022-06-10 02:57:37,2022-06-10 02:57:39
2022-06-10 13:10:03,2022-06-10 13:10:18,Free_Living,annotator,Experimental situation,2022-06-10 02:57:39,2022-06-10 02:57:54
2022-06-10 13:10:18,2022-06-10 13:27:24,Free_Living,annotator,Experimental situation,2022-06-10 02:57:54,2022-06-10 03:15:00
2022-06-10 13:27:25,2022-06-10 13:27:58,Free_Living,annotator,Experimental situation,2022-06-10 03:15:01,2022-06-10 03:15:34
2022-06-10 13:27:58,2022-06-10 13:28:03,Free_Living,annotator,Experimental situation,2022-06-10 03:15:34,2022-06-10 03:15:39
2022-06-10 13:28:03,2022-06-10 13:28:22,Free_Living,annotator,Experimental situation,2022-06-10 03:15:39,2022-06-10 03:15:58
2022-06-10 13:28:22,2022-06-10 13:28:32,Free_Living,annotator,Experimental situation,2022-06-10 03:15:58,2022-06-10 03:16:08
2022-06-10 13:28:32,2022-06-10 13:28:45,Free_Living,annotator,Experimental situation,2022-06-10 03:16:08,2022-06-10 03:16:21
2022-06-10 13:28:45,2022-06-10 13:29:01,Free_Living,annotator,Experimental situation,2022-06-10 03:16:21,2022-06-10 03:16:37
2022-06-10 13:29:02,2022-06-10 13:29:13,Free_Living,annotator,Experimental situation,2022-06-10 03:16:38,2022-06-10 03:16:49
2022-06-10 13:29:14,2022-06-10 13:29:25,Free_Living,annotator,Experimental situation,2022-06-10 03:16:50,2022-06-10 03:17:01
2022-06-10 13:29:25,2022-06-10 13:29:43,Free_Living,annotator,Experimental situation,2022-06-10 03:17:01,2022-06-10 03:17:19
2022-06-10 13:29:43,2022-06-10 13:29:52,Free_Living,annotator,Experimental situation,2022-06-10 03:17:19,2022-06-10 03:17:28
2022-06-10 13:29:52,2022-06-10 13:31:57,Free_Living,annotator,Experimental situation,2022-06-10 03:17:28,2022-06-10 03:19:33
2022-06-10 13:31:57,2022-06-10 13:33:01,Free_Living,annotator,Experimental situation,2022-06-10 03:19:33,2022-06-10 03:20:37
2022-06-10 13:33:01,2022-06-10 13:33:05,Free_Living,annotator,Experimental situation,2022-06-10 03:20:37,2022-06-10 03:20:41
2022-06-10 13:33:05,2022-06-10 13:33:24,Free_Living,annotator,Experimental situation,2022-06-10 03:20:41,2022-06-10 03:21:00
2022-06-10 13:33:24,2022-06-10 13:33:38,Free_Living,annotator,Experimental situation,2022-06-10 03:21:00,2022-06-10 03:21:14
2022-06-10 13:33:38,2022-06-10 13:34:07,Free_Living,annotator,Experimental situation,2022-06-10 03:21:14,2022-06-10 03:21:43
2022-06-10 13:34:07,2022-06-10 13:34:33,Free_Living,annotator,Experimental situation,2022-06-10 03:21:43,2022-06-10 03:22:09
2022-06-10 13:34:33,2022-06-10 13:34:38,Free_Living,annotator,Experimental situation,2022-06-10 03:22:09,2022-06-10 03:22:14
2022-06-10 13:34:38,2022-06-10 13:34:58,Free_Living,annotator,Experimental situation,2022-06-10 03:22:14,2022-06-10 03:22:34
2022-06-10 13:34:58,2022-06-10 13:35:05,Free_Living,annotator,Experimental situation,2022-06-10 03:22:34,2022-06-10 03:22:41
2022-06-10 13:35:05,2022-06-10 13:35:17,Free_Living,annotator,Experimental situation,2022-06-10 03:22:41,2022-06-10 03:22:53
2022-06-10 13:35:17,2022-06-10 13:35:35,Free_Living,annotator,Experimental situation,2022-06-10 03:22:53,2022-06-10 03:23:11
2022-06-10 13:35:35,2022-06-10 13:37:05,Free_Living,annotator,Experimental situation,2022-06-10 03:23:11,2022-06-10 03:24:41
2022-06-10 13:37:05,2022-06-10 13:37:13,Free_Living,annotator,Experimental situation,2022-06-10 03:24:41,2022-06-10 03:24:49
2022-06-10 13:37:13,2022-06-10 13:37:31,Free_Living,annotator,Experimental situation,2022-06-10 03:24:49,2022-06-10 03:25:07
2022-06-10 13:37:31,2022-06-10 13:37:55,Free_Living,annotator,Experimental situation,2022-06-10 03:25:07,2022-06-10 03:25:31
2022-06-10 13:37:56,2022-06-10 13:38:58,Free_Living,annotator,Experimental situation,2022-06-10 03:25:32,2022-06-10 03:26:34
2022-06-10 13:38:58,2022-06-10 13:39:14,Free_Living,annotator,Experimental situation,2022-06-10 03:26:34,2022-06-10 03:26:50
2022-06-10 13:39:14,2022-06-10 13:39:25,Free_Living,annotator,Experimental situation,2022-06-10 03:26:50,2022-06-10 03:27:01
2022-06-10 13:39:25,2022-06-10 13:40:01,Free_Living,annotator,Experimental situation,2022-06-10 03:27:01,2022-06-10 03:27:37
2022-06-10 13:40:01,2022-06-10 13:40:23,Free_Living,annotator,Experimental situation,2022-06-10 03:27:37,2022-06-10 03:27:59
2022-06-10 13:40:23,2022-06-10 13:40:29,Free_Living,annotator,Experimental situation,2022-06-10 03:27:59,2022-06-10 03:28:05
2022-06-10 13:40:29,2022-06-10 13:42:09,Free_Living,annotator,Experimental situation,2022-06-10 03:28:05,2022-06-10 03:29:45
2022-06-10 13:42:09,2022-06-10 13:42:24,Free_Living,annotator,Experimental situation,2022-06-10 03:29:45,2022-06-10 03:30:00
2022-06-10 13:42:24,2022-06-10 13:42:39,Free_Living,annotator,Experimental situation,2022-06-10 03:30:00,2022-06-10 03:30:15
2022-06-10 13:42:39,2022-06-10 13:42:56,Free_Living,annotator,Experimental situation,2022-06-10 03:30:15,2022-06-10 03:30:32
2022-06-10 13:42:56,2022-06-10 13:43:10,Free_Living,annotator,Experimental situation,2022-06-10 03:30:32,2022-06-10 03:30:46
2022-06-10 13:43:10,2022-06-10 13:49:56,Free_Living,annotator,Experimental situation,2022-06-10 03:30:46,2022-06-10 03:37:32
2022-06-10 13:49:56,2022-06-10 13:54:12,Free_Living,annotator,Experimental situation,2022-06-10 03:37:32,2022-06-10 03:41:48
2022-06-10 13:54:12,2022-06-10 13:59:33,Free_Living,annotator,Experimental situation,2022-06-10 03:41:48,2022-06-10 03:47:09
2022-06-10 13:59:33,2022-06-10 14:12:57,Free_Living,annotator,Experimental situation,2022-06-10 03:47:09,2022-06-10 04:00:33
2022-06-10 14:12:58,2022-06-10 14:13:34,Free_Living,annotator,Experimental situation,2022-06-10 04:00:34,2022-06-10 04:01:10
2022-06-10 14:13:34,2022-06-10 14:15:17,Free_Living,annotator,Experimental situation,2022-06-10 04:01:10,2022-06-10 04:02:53
2022-06-10 14:15:17,2022-06-10 14:15:26,Free_Living,annotator,Experimental situation,2022-06-10 04:02:53,2022-06-10 04:03:02
2022-06-10 14:15:26,2022-06-10 14:19:27,Free_Living,annotator,Experimental situation,2022-06-10 04:03:02,2022-06-10 04:07:03
2022-06-10 14:19:27,2022-06-10 14:29:32,Free_Living,annotator,Experimental situation,2022-06-10 04:07:03,2022-06-10 04:17:08
2022-06-10 14:29:32,2022-06-10 14:29:52,Free_Living,annotator,Experimental situation,2022-06-10 04:17:08,2022-06-10 04:17:28
2022-06-10 14:29:52,2022-06-10 14:33:42,Free_Living,annotator,Experimental situation,2022-06-10 04:17:28,2022-06-10 04:21:18
2022-06-10 14:33:42,2022-06-10 14:34:31,Free_Living,annotator,Experimental situation,2022-06-10 04:21:18,2022-06-10 04:22:07
2022-06-10 14:34:31,2022-06-10 14:57:55,Free_Living,annotator,Experimental situation,2022-06-10 04:22:07,2022-06-10 04:45:31
2022-06-10 14:57:55,2022-06-10 14:58:04,Free_Living,annotator,Experimental situation,2022-06-10 04:45:31,2022-06-10 04:45:40
2022-06-10 14:58:04,2022-06-10 14:58:14,Free_Living,annotator,Experimental situation,2022-06-10 04:45:40,2022-06-10 04:45:50
2022-06-10 14:58:14,2022-06-10 15:40:27,Free_Living,annotator,Experimental situation,2022-06-10 04:45:50,2022-06-10 05:28:03
2022-06-10 15:40:27,2022-06-10 15:40:39,Free_Living,annotator,Experimental situation,2022-06-10 05:28:03,2022-06-10 05:28:15
2022-06-10 15:40:39,2022-06-10 16:11:02,Free_Living,annotator,Experimental situation,2022-06-10 05:28:15,2022-06-10 05:58:38
2022-06-10 16:11:02,2022-06-10 16:28:46,Free_Living,annotator,Experimental situation,2022-06-10 05:58:38,2022-06-10 06:16:22
2022-06-10 16:28:46,2022-06-10 16:29:33,Free_Living,annotator,Experimental situation,2022-06-10 06:16:22,2022-06-10 06:17:09
2022-06-10 16:29:33,2022-06-10 16:30:57,Free_Living,annotator,Experimental situation,2022-06-10 06:17:09,2022-06-10 06:18:33
2022-06-10 16:30:57,2022-06-10 16:39:54,Free_Living,annotator,Experimental situation,2022-06-10 06:18:33,2022-06-10 06:27:30
2022-06-10 16:39:54,2022-06-10 16:44:48,Free_Living,annotator,Experimental situation,2022-06-10 06:27:30,2022-06-10 06:32:24
2022-06-10 16:44:48,2022-06-10 16:47:31,Free_Living,annotator,Experimental situation,2022-06-10 06:32:24,2022-06-10 06:35:07
2022-06-10 16:47:31,2022-06-10 16:52:31,Free_Living,annotator,Experimental situation,2022-06-10 06:35:07,2022-06-10 06:40:07
2022-06-10 16:52:31,2022-06-10 16:52:39,Free_Living,annotator,Experimental situation,2022-06-10 06:40:07,2022-06-10 06:40:15
2022-06-10 16:52:39,2022-06-10 16:53:00,Free_Living,annotator,Experimental situation,2022-06-10 06:40:15,2022-06-10 06:40:36
2022-06-10 16:53:00,2022-06-10 16:55:19,Free_Living,annotator,Experimental situation,2022-06-10 06:40:36,2022-06-10 06:42:55
2022-06-10 16:55:19,2022-06-10 16:55:47,Free_Living,annotator,Experimental situation,2022-06-10 06:42:55,2022-06-10 06:43:23
2022-06-10 16:55:47,2022-06-10 16:57:27,Free_Living,annotator,Experimental situation,2022-06-10 06:43:23,2022-06-10 06:45:03
2022-06-10 16:57:27,2022-06-10 16:58:16,Free_Living,annotator,Experimental situation,2022-06-10 06:45:03,2022-06-10 06:45:52
2022-06-10 16:58:17,2022-06-10 16:59:51,Free_Living,annotator,Experimental situation,2022-06-10 06:45:53,2022-06-10 06:47:27
2022-06-10 16:59:51,2022-06-10 16:59:51,Free_Living,annotator,Experimental situation,2022-06-10 06:47:27,2022-06-10 06:47:27
2022-06-10 17:00:04,2022-06-10 17:03:50,Free_Living,annotator,Experimental situation,2022-06-10 06:47:40,2022-06-10 06:51:26
2022-06-10 17:03:50,2022-06-10 17:04:13,Free_Living,annotator,Experimental situation,2022-06-10 06:51:26,2022-06-10 06:51:49
2022-06-10 17:04:13,2022-06-10 17:05:09,Free_Living,annotator,Experimental situation,2022-06-10 06:51:49,2022-06-10 06:52:45
2022-06-10 17:05:09,2022-06-10 17:05:48,Free_Living,annotator,Experimental situation,2022-06-10 06:52:45,2022-06-10 06:53:24
2022-06-10 17:05:48,2022-06-10 17:06:23,Free_Living,annotator,Experimental situation,2022-06-10 06:53:24,2022-06-10 06:53:59
2022-06-10 17:06:23,2022-06-10 17:06:38,Free_Living,annotator,Experimental situation,2022-06-10 06:53:59,2022-06-10 06:54:14
2022-06-10 17:06:38,2022-06-10 17:16:13,Free_Living,annotator,Experimental situation,2022-06-10 06:54:14,2022-06-10 07:03:49
2022-06-10 17:16:13,2022-06-10 17:17:19,Free_Living,annotator,Experimental situation,2022-06-10 07:03:49,2022-06-10 07:04:55
2022-06-10 17:17:19,2022-06-10 17:21:08,Free_Living,annotator,Experimental situation,2022-06-10 07:04:55,2022-06-10 07:08:44
2022-06-10 17:21:08,2022-06-10 17:25:42,Free_Living,annotator,Experimental situation,2022-06-10 07:08:44,2022-06-10 07:13:18
2022-06-10 17:25:42,2022-06-10 17:31:18,Free_Living,annotator,Experimental situation,2022-06-10 07:13:18,2022-06-10 07:18:54
2022-06-10 17:31:18,2022-06-10 17:31:26,Free_Living,annotator,Experimental situation,2022-06-10 07:18:54,2022-06-10 07:19:02
2022-06-10 17:31:26,2022-06-10 17:31:58,Free_Living,annotator,Experimental situation,2022-06-10 07:19:02,2022-06-10 07:19:34
2022-06-10 17:31:58,2022-06-10 17:32:11,Free_Living,annotator,Experimental situation,2022-06-10 07:19:34,2022-06-10 07:19:47
2022-06-10 17:32:11,2022-06-10 17:32:44,Free_Living,annotator,Experimental situation,2022-06-10 07:19:47,2022-06-10 07:20:20
2022-06-10 17:32:44,2022-06-10 17:34:25,Free_Living,annotator,Experimental situation,2022-06-10 07:20:20,2022-06-10 07:22:01
2022-06-10 17:34:25,2022-06-10 17:34:56,Free_Living,annotator,Experimental situation,2022-06-10 07:22:01,2022-06-10 07:22:32
2022-06-10 17:34:56,2022-06-10 17:35:04,Free_Living,annotator,Experimental situation,2022-06-10 07:22:32,2022-06-10 07:22:40
2022-06-10 17:35:04,2022-06-10 17:35:48,Free_Living,annotator,Experimental situation,2022-06-10 07:22:40,2022-06-10 07:23:24
2022-06-10 17:35:48,2022-06-10 17:36:25,Free_Living,annotator,Experimental situation,2022-06-10 07:23:24,2022-06-10 07:24:01
2022-06-10 17:36:25,2022-06-10 17:37:37,Free_Living,annotator,Experimental situation,2022-06-10 07:24:01,2022-06-10 07:25:13
2022-06-10 17:37:37,2022-06-10 17:38:27,Free_Living,annotator,Experimental situation,2022-06-10 07:25:13,2022-06-10 07:26:03
2022-06-10 17:38:27,2022-06-10 17:38:54,Free_Living,annotator,Experimental situation,2022-06-10 07:26:03,2022-06-10 07:26:30
2022-06-10 17:38:54,2022-06-10 17:39:06,Free_Living,annotator,Experimental situation,2022-06-10 07:26:30,2022-06-10 07:26:42
2022-06-10 17:39:06,2022-06-10 17:44:51,Free_Living,annotator,Experimental situation,2022-06-10 07:26:42,2022-06-10 07:32:27
2022-06-10 17:44:51,2022-06-10 17:45:09,Free_Living,annotator,Experimental situation,2022-06-10 07:32:27,2022-06-10 07:32:45
2022-06-10 17:45:09,2022-06-10 17:45:27,Free_Living,annotator,Experimental situation,2022-06-10 07:32:45,2022-06-10 07:33:03
2022-06-10 17:45:27,2022-06-10 17:45:52,Free_Living,annotator,Experimental situation,2022-06-10 07:33:03,2022-06-10 07:33:28
2022-06-10 17:45:52,2022-06-10 17:46:02,Free_Living,annotator,Experimental situation,2022-06-10 07:33:28,2022-06-10 07:33:38
2022-06-10 17:46:02,2022-06-10 17:46:17,Free_Living,annotator,Experimental situation,2022-06-10 07:33:38,2022-06-10 07:33:53
2022-06-10 17:46:17,2022-06-10 17:46:38,Free_Living,annotator,Experimental situation,2022-06-10 07:33:53,2022-06-10 07:34:14
2022-06-10 17:46:38,2022-06-10 17:51:56,Lab_Indoors,annotator,Experimental situation,2022-06-10 07:34:14,2022-06-10 07:39:32
2022-06-10 17:51:56,2022-06-10 17:54:58,Lab_Indoors,annotator,Experimental situation,2022-06-10 07:39:32,2022-06-10 07:42:34
2022-06-10 17:54:58,2022-06-10 17:55:45,Lab_Indoors,annotator,Experimental situation,2022-06-10 07:42:34,2022-06-10 07:43:21
2022-06-10 17:55:45,2022-06-10 18:14:56,Lab_Indoors,annotator,Experimental situation,2022-06-10 07:43:21,2022-06-10 08:02:32
2022-06-10 18:14:56,2022-06-10 18:15:11,Lab_Indoors,annotator,Experimental situation,2022-06-10 08:02:32,2022-06-10 08:02:47
2022-06-10 18:15:11,2022-06-10 18:16:33,Free_Living,annotator,Experimental situation,2022-06-10 08:02:47,2022-06-10 08:04:09
2022-06-10 18:16:33,2022-06-10 18:17:11,Free_Living,annotator,Experimental situation,2022-06-10 08:04:09,2022-06-10 08:04:47
2022-06-10 18:17:11,2022-06-10 18:17:27,Free_Living,annotator,Experimental situation,2022-06-10 08:04:47,2022-06-10 08:05:03
2022-06-10 18:17:27,2022-06-10 18:21:28,Free_Living,annotator,Experimental situation,2022-06-10 08:05:03,2022-06-10 08:09:04
2022-06-10 18:21:28,2022-06-10 18:21:48,Free_Living,annotator,Experimental situation,2022-06-10 08:09:04,2022-06-10 08:09:24
2022-06-10 18:21:48,2022-06-10 18:23:41,Free_Living,annotator,Experimental situation,2022-06-10 08:09:24,2022-06-10 08:11:17
2022-06-10 18:23:41,2022-06-10 18:23:55,Free_Living,annotator,Experimental situation,2022-06-10 08:11:17,2022-06-10 08:11:31
2022-06-10 18:23:55,2022-06-10 18:24:23,Free_Living,annotator,Experimental situation,2022-06-10 08:11:31,2022-06-10 08:11:59
2022-06-10 18:24:23,2022-06-10 18:24:48,Free_Living,annotator,Experimental situation,2022-06-10 08:11:59,2022-06-10 08:12:24
2022-06-10 18:24:48,2022-06-10 18:26:01,Free_Living,annotator,Experimental situation,2022-06-10 08:12:24,2022-06-10 08:13:37
2022-06-10 18:26:01,2022-06-10 18:44:52,Free_Living,annotator,Experimental situation,2022-06-10 08:13:37,2022-06-10 08:32:28
2022-06-10 18:44:52,2022-06-10 18:49:51,Free_Living,annotator,Experimental situation,2022-06-10 08:32:28,2022-06-10 08:37:27
2022-06-10 18:49:51,2022-06-10 18:59:02,Free_Living,annotator,Experimental situation,2022-06-10 08:37:27,2022-06-10 08:46:38
2022-06-10 18:59:02,2022-06-10 19:15:21,Free_Living,annotator,Experimental situation,2022-06-10 08:46:38,2022-06-10 09:02:57
2022-06-10 19:15:21,2022-06-10 19:21:53,Free_Living,annotator,Experimental situation,2022-06-10 09:02:57,2022-06-10 09:09:29
2022-06-10 19:21:53,2022-06-10 19:22:52,Free_Living,annotator,Experimental situation,2022-06-10 09:09:29,2022-06-10 09:10:28
2022-06-10 19:22:52,2022-06-10 19:27:59,Free_Living,annotator,Experimental situation,2022-06-10 09:10:28,2022-06-10 09:15:35
2022-06-10 19:27:59,2022-06-10 19:29:24,Free_Living,annotator,Experimental situation,2022-06-10 09:15:35,2022-06-10 09:17:00
2022-06-10 19:29:24,2022-06-10 19:29:53,Free_Living,annotator,Experimental situation,2022-06-10 09:17:00,2022-06-10 09:17:29
2022-06-10 19:29:53,2022-06-10 19:30:34,Free_Living,annotator,Experimental situation,2022-06-10 09:17:29,2022-06-10 09:18:10
2022-06-10 19:30:34,2022-06-10 19:31:33,Free_Living,annotator,Experimental situation,2022-06-10 09:18:10,2022-06-10 09:19:09
2022-06-10 19:31:33,2022-06-10 19:32:02,Free_Living,annotator,Experimental situation,2022-06-10 09:19:09,2022-06-10 09:19:38
2022-06-10 19:32:02,2022-06-10 19:32:45,Free_Living,annotator,Experimental situation,2022-06-10 09:19:38,2022-06-10 09:20:21
2022-06-10 19:32:45,2022-06-10 19:34:19,Free_Living,annotator,Experimental situation,2022-06-10 09:20:21,2022-06-10 09:21:55
2022-06-10 19:34:19,2022-06-10 19:34:30,Free_Living,annotator,Experimental situation,2022-06-10 09:21:55,2022-06-10 09:22:06
2022-06-10 19:34:30,2022-06-10 19:34:54,Free_Living,annotator,Experimental situation,2022-06-10 09:22:06,2022-06-10 09:22:30
2022-06-10 19:34:54,2022-06-10 19:37:10,Free_Living,annotator,Experimental situation,2022-06-10 09:22:30,2022-06-10 09:24:46
2022-06-10 19:37:24,2022-06-10 19:45:54,Free_Living,annotator,Experimental situation,2022-06-10 09:25:00,2022-06-10 09:33:30
2022-06-10 19:45:59,2022-06-10 19:46:21,Free_Living,annotator,Experimental situation,2022-06-10 09:33:35,2022-06-10 09:33:57
2022-06-10 19:46:18,2022-06-10 19:46:34,Free_Living,annotator,Experimental situation,2022-06-10 09:33:54,2022-06-10 09:34:10
2022-06-10 19:46:40,2022-06-10 19:54:13,Free_Living,annotator,Experimental situation,2022-06-10 09:34:16,2022-06-10 09:41:49
2022-06-10 19:54:13,2022-06-10 19:54:40,Free_Living,annotator,Experimental situation,2022-06-10 09:41:49,2022-06-10 09:42:16
2022-06-10 19:54:40,2022-06-10 19:58:01,Free_Living,annotator,Experimental situation,2022-06-10 09:42:16,2022-06-10 09:45:37
2022-06-10 19:58:05,2022-06-10 20:00:55,Free_Living,annotator,Experimental situation,2022-06-10 09:45:41,2022-06-10 09:48:31
2022-06-10 20:00:55,2022-06-10 20:01:14,Free_Living,annotator,Experimental situation,2022-06-10 09:48:31,2022-06-10 09:48:50
2022-06-10 20:01:14,2022-06-10 20:08:22,Free_Living,annotator,Experimental situation,2022-06-10 09:48:50,2022-06-10 09:55:58
2022-06-10 20:08:22,2022-06-10 20:08:44,Free_Living,annotator,Experimental situation,2022-06-10 09:55:58,2022-06-10 09:56:20
2022-06-10 20:08:44,2022-06-10 20:08:50,Free_Living,annotator,Experimental situation,2022-06-10 09:56:20,2022-06-10 09:56:26
2022-06-10 20:08:50,2022-06-10 20:09:34,Free_Living,annotator,Experimental situation,2022-06-10 09:56:26,2022-06-10 09:57:10
2022-06-10 20:09:34,2022-06-10 20:09:40,Free_Living,annotator,Experimental situation,2022-06-10 09:57:10,2022-06-10 09:57:16
2022-06-10 20:09:40,2022-06-10 20:09:50,Free_Living,annotator,Experimental situation,2022-06-10 09:57:16,2022-06-10 09:57:26
2022-06-10 20:09:50,2022-06-10 20:09:57,Free_Living,annotator,Experimental situation,2022-06-10 09:57:26,2022-06-10 09:57:33
2022-06-10 20:09:57,2022-06-10 20:10:08,Free_Living,annotator,Experimental situation,2022-06-10 09:57:33,2022-06-10 09:57:44
2022-06-10 20:10:08,2022-06-10 20:13:47,Free_Living,annotator,Experimental situation,2022-06-10 09:57:44,2022-06-10 10:01:23
2022-06-10 20:13:47,2022-06-10 20:15:50,Free_Living,annotator,Experimental situation,2022-06-10 10:01:23,2022-06-10 10:03:26
2022-06-10 20:15:50,2022-06-10 20:16:02,Free_Living,annotator,Experimental situation,2022-06-10 10:03:26,2022-06-10 10:03:38
2022-06-10 20:16:02,2022-06-10 20:21:50,Free_Living,annotator,Experimental situation,2022-06-10 10:03:38,2022-06-10 10:09:26
2022-06-10 20:21:50,2022-06-10 20:28:03,Free_Living,annotator,Experimental situation,2022-06-10 10:09:26,2022-06-10 10:15:39
2022-06-10 20:28:03,2022-06-10 20:30:58,Free_Living,annotator,Experimental situation,2022-06-10 10:15:39,2022-06-10 10:18:34
2022-06-10 20:30:58,2022-06-10 20:43:58,Free_Living,annotator,Experimental situation,2022-06-10 10:18:34,2022-06-10 10:31:34
2022-06-10 20:43:58,2022-06-10 20:44:24,Free_Living,annotator,Experimental situation,2022-06-10 10:31:34,2022-06-10 10:32:00
2022-06-10 20:44:24,2022-06-10 20:45:03,Free_Living,annotator,Experimental situation,2022-06-10 10:32:00,2022-06-10 10:32:39
2022-06-10 20:45:03,2022-06-10 20:46:37,Free_Living,annotator,Experimental situation,2022-06-10 10:32:39,2022-06-10 10:34:13
2022-06-10 20:46:37,2022-06-10 20:47:02,Free_Living,annotator,Experimental situation,2022-06-10 10:34:13,2022-06-10 10:34:38
2022-06-10 20:47:02,2022-06-10 20:51:54,Free_Living,annotator,Experimental situation,2022-06-10 10:34:38,2022-06-10 10:39:30
2022-06-10 20:51:54,2022-06-10 20:52:38,Free_Living,annotator,Experimental situation,2022-06-10 10:39:30,2022-06-10 10:40:14
2022-06-10 20:52:38,2022-06-10 20:52:42,Free_Living,annotator,Experimental situation,2022-06-10 10:40:14,2022-06-10 10:40:18
2022-06-10 20:52:42,2022-06-10 20:52:47,Free_Living,annotator,Experimental situation,2022-06-10 10:40:18,2022-06-10 10:40:23
2022-06-10 20:52:47,2022-06-10 20:52:56,Free_Living,annotator,Experimental situation,2022-06-10 10:40:23,2022-06-10 10:40:32
2022-06-10 20:52:56,2022-06-10 20:53:30,Free_Living,annotator,Experimental situation,2022-06-10 10:40:32,2022-06-10 10:41:06
2022-06-10 20:53:30,2022-06-10 20:53:36,Free_Living,annotator,Experimental situation,2022-06-10 10:41:06,2022-06-10 10:41:12
2022-06-10 20:53:36,2022-06-10 20:54:01,Free_Living,annotator,Experimental situation,2022-06-10 10:41:12,2022-06-10 10:41:37
2022-06-10 20:54:01,2022-06-10 20:54:15,Free_Living,annotator,Experimental situation,2022-06-10 10:41:37,2022-06-10 10:41:51
2022-06-10 20:54:15,2022-06-10 20:54:31,Free_Living,annotator,Experimental situation,2022-06-10 10:41:51,2022-06-10 10:42:07
2022-06-10 20:54:32,2022-06-10 20:54:48,Free_Living,annotator,Experimental situation,2022-06-10 10:42:08,2022-06-10 10:42:24
2022-06-10 20:54:48,2022-06-10 20:55:05,Free_Living,annotator,Experimental situation,2022-06-10 10:42:24,2022-06-10 10:42:41
2022-06-10 20:54:48,2022-06-10 20:54:48,Free_Living,annotator,Experimental situation,2022-06-10 10:42:24,2022-06-10 10:42:24
2022-06-10 20:55:05,2022-06-10 20:56:11,Free_Living,annotator,Experimental situation,2022-06-10 10:42:41,2022-06-10 10:43:47
2022-06-10 20:56:11,2022-06-10 20:58:23,Free_Living,annotator,Experimental situation,2022-06-10 10:43:47,2022-06-10 10:45:59
2022-06-10 20:58:23,2022-06-10 20:58:36,Free_Living,annotator,Experimental situation,2022-06-10 10:45:59,2022-06-10 10:46:12
2022-06-10 20:58:36,2022-06-10 20:59:42,Free_Living,annotator,Experimental situation,2022-06-10 10:46:12,2022-06-10 10:47:18
2022-06-10 20:59:42,2022-06-10 20:59:45,Free_Living,annotator,Experimental situation,2022-06-10 10:47:18,2022-06-10 10:47:21
2022-06-10 20:59:45,2022-06-10 21:00:40,Free_Living,annotator,Experimental situation,2022-06-10 10:47:21,2022-06-10 10:48:16
2022-06-10 21:00:40,2022-06-10 21:00:52,Free_Living,annotator,Experimental situation,2022-06-10 10:48:16,2022-06-10 10:48:28
2022-06-10 21:00:52,2022-06-10 21:01:11,Free_Living,annotator,Experimental situation,2022-06-10 10:48:28,2022-06-10 10:48:47
2022-06-10 21:01:11,2022-06-10 21:01:35,Free_Living,annotator,Experimental situation,2022-06-10 10:48:47,2022-06-10 10:49:11
2022-06-10 21:01:35,2022-06-10 21:01:53,Free_Living,annotator,Experimental situation,2022-06-10 10:49:11,2022-06-10 10:49:29
2022-06-10 21:01:57,2022-06-10 21:02:02,Free_Living,annotator,Experimental situation,2022-06-10 10:49:33,2022-06-10 10:49:38
2022-06-10 21:02:02,2022-06-10 21:04:50,Free_Living,annotator,Experimental situation,2022-06-10 10:49:38,2022-06-10 10:52:26
2022-06-10 21:04:50,2022-06-10 21:04:59,Free_Living,annotator,Experimental situation,2022-06-10 10:52:26,2022-06-10 10:52:35
2022-06-10 21:04:59,2022-06-10 21:05:13,Free_Living,annotator,Experimental situation,2022-06-10 10:52:35,2022-06-10 10:52:49
2022-06-10 21:05:13,2022-06-10 21:05:31,Free_Living,annotator,Experimental situation,2022-06-10 10:52:49,2022-06-10 10:53:07
2022-06-10 21:05:31,2022-06-10 21:05:39,Free_Living,annotator,Experimental situation,2022-06-10 10:53:07,2022-06-10 10:53:15
2022-06-10 21:05:39,2022-06-10 21:05:42,Free_Living,annotator,Experimental situation,2022-06-10 10:53:15,2022-06-10 10:53:18
2022-06-10 21:05:42,2022-06-10 21:05:52,Free_Living,annotator,Experimental situation,2022-06-10 10:53:18,2022-06-10 10:53:28
2022-06-10 21:05:52,2022-06-10 21:06:12,Free_Living,annotator,Experimental situation,2022-06-10 10:53:28,2022-06-10 10:53:48
2022-06-10 21:06:12,2022-06-10 21:06:31,Free_Living,annotator,Experimental situation,2022-06-10 10:53:48,2022-06-10 10:54:07
2022-06-10 21:06:31,2022-06-10 21:06:35,Free_Living,annotator,Experimental situation,2022-06-10 10:54:07,2022-06-10 10:54:11
2022-06-10 21:06:35,2022-06-10 21:06:41,Free_Living,annotator,Experimental situation,2022-06-10 10:54:11,2022-06-10 10:54:17
2022-06-10 21:06:41,2022-06-10 21:07:14,Free_Living,annotator,Experimental situation,2022-06-10 10:54:17,2022-06-10 10:54:50
2022-06-10 21:07:14,2022-06-10 21:07:16,Free_Living,annotator,Experimental situation,2022-06-10 10:54:50,2022-06-10 10:54:52
2022-06-10 21:07:16,2022-06-10 21:07:32,Free_Living,annotator,Experimental situation,2022-06-10 10:54:52,2022-06-10 10:55:08
2022-06-10 21:07:32,2022-06-10 21:08:34,Free_Living,annotator,Experimental situation,2022-06-10 10:55:08,2022-06-10 10:56:10
2022-06-10 21:08:34,2022-06-10 21:12:12,Free_Living,annotator,Experimental situation,2022-06-10 10:56:10,2022-06-10 10:59:48
2022-06-10 21:12:12,2022-06-10 21:18:40,Free_Living,annotator,Experimental situation,2022-06-10 10:59:48,2022-06-10 11:06:16
2022-06-10 21:18:40,2022-06-10 21:18:51,Free_Living,annotator,Experimental situation,2022-06-10 11:06:16,2022-06-10 11:06:27
2022-06-10 21:18:51,2022-06-10 21:28:15,Free_Living,annotator,Experimental situation,2022-06-10 11:06:27,2022-06-10 11:15:51
2022-06-10 21:28:15,2022-06-10 21:30:12,Free_Living,annotator,Experimental situation,2022-06-10 11:15:51,2022-06-10 11:17:48
2022-06-10 21:30:12,2022-06-10 21:35:39,Free_Living,annotator,Experimental situation,2022-06-10 11:17:48,2022-06-10 11:23:15
2022-06-10 21:35:39,2022-06-10 21:37:49,Free_Living,annotator,Experimental situation,2022-06-10 11:23:15,2022-06-10 11:25:25
2022-06-10 21:37:49,2022-06-10 21:38:18,Free_Living,annotator,Experimental situation,2022-06-10 11:25:25,2022-06-10 11:25:54
2022-06-10 21:38:18,2022-06-10 21:38:33,Free_Living,annotator,Experimental situation,2022-06-10 11:25:54,2022-06-10 11:26:09
2022-06-10 21:38:33,2022-06-10 21:41:38,Free_Living,annotator,Experimental situation,2022-06-10 11:26:09,2022-06-10 11:29:14
2022-06-10 21:41:38,2022-06-10 21:42:27,Free_Living,annotator,Experimental situation,2022-06-10 11:29:14,2022-06-10 11:30:03
