START_TIME,STOP_TIME,PREDICTION,SOURCE,LABELSET,VIDEO_START_TIME,VIDEO_END_TIME
2022-04-17 13:12:20,2022-04-17 13:12:34,HLB_Unlabeled,annotator,HIGH LEVEL BEHAVIOR,2022-04-17 00:00:00,2022-04-17 00:00:14
2022-04-17 13:12:34,2022-04-17 13:14:40,HLB_Indecipherable/Video_Insufficient,annotator,HIGH LEVEL BEHAVIOR,2022-04-17 00:00:14,2022-04-17 00:02:20
2022-04-17 13:14:40,2022-04-17 13:14:49,HLB_Unlabeled,annotator,HIGH LEVEL BEHAVIOR,2022-04-17 00:02:20,2022-04-17 00:02:29
2022-04-17 13:14:49,2022-04-17 13:15:10,Grooming/Self_Care,annotator,HIGH LEVEL BEHAVIOR,2022-04-17 00:02:29,2022-04-17 00:02:50
2022-04-17 13:15:10,2022-04-17 13:17:54,Grooming/Self_Care,annotator,HIGH LEVEL BEHAVIOR,2022-04-17 00:02:50,2022-04-17 00:05:34
2022-04-17 13:17:54,2022-04-17 13:18:22,HLB_Unlabeled,annotator,HIGH LEVEL BEHAVIOR,2022-04-17 00:05:34,2022-04-17 00:06:02
2022-04-17 13:18:22,2022-04-17 13:18:31,HLB_Unlabeled,annotator,HIGH LEVEL BEHAVIOR,2022-04-17 00:06:02,2022-04-17 00:06:11
2022-04-17 13:18:31,2022-04-17 13:18:44,HLB_Unlabeled,annotator,HIGH LEVEL BEHAVIOR,2022-04-17 00:06:11,2022-04-17 00:06:24
2022-04-17 13:18:44,2022-04-17 13:21:31,HLB_Unlabeled,annotator,HIGH LEVEL BEHAVIOR,2022-04-17 00:06:24,2022-04-17 00:09:11
2022-04-17 13:21:31,2022-04-17 13:22:23,HLB_Unlabeled,annotator,HIGH LEVEL BEHAVIOR,2022-04-17 00:09:11,2022-04-17 00:10:03
2022-04-17 13:22:23,2022-04-17 13:22:42,Dressing/Undressing,annotator,HIGH LEVEL BEHAVIOR,2022-04-17 00:10:03,2022-04-17 00:10:22
2022-04-17 13:22:42,2022-04-17 13:23:20,In_Transit_Active,annotator,HIGH LEVEL BEHAVIOR,2022-04-17 00:10:22,2022-04-17 00:11:00
2022-04-17 13:23:20,2022-04-17 13:23:45,Cooking/Prepping_Food,annotator,HIGH LEVEL BEHAVIOR,2022-04-17 00:11:00,2022-04-17 00:11:25
2022-04-17 13:23:45,2022-04-17 13:24:02,In_Transit_Active,annotator,HIGH LEVEL BEHAVIOR,2022-04-17 00:11:25,2022-04-17 00:11:42
2022-04-17 13:24:02,2022-04-17 13:24:28,In_Transit_Active,annotator,HIGH LEVEL BEHAVIOR,2022-04-17 00:11:42,2022-04-17 00:12:08
2022-04-17 13:24:28,2022-04-17 13:24:36,In_Transit_Active,annotator,HIGH LEVEL BEHAVIOR,2022-04-17 00:12:08,2022-04-17 00:12:16
2022-04-17 13:24:36,2022-04-17 13:29:48,In_Transit_Active,annotator,HIGH LEVEL BEHAVIOR,2022-04-17 00:12:16,2022-04-17 00:17:28
2022-04-17 13:29:48,2022-04-17 13:30:05,HLB_Unlabeled,annotator,HIGH LEVEL BEHAVIOR,2022-04-17 00:17:28,2022-04-17 00:17:45
2022-04-17 13:30:05,2022-04-17 13:32:25,In_Transit_Active,annotator,HIGH LEVEL BEHAVIOR,2022-04-17 00:17:45,2022-04-17 00:20:05
2022-04-17 13:32:25,2022-04-17 13:32:38,In_Transit_Active, Riding_Escalator_Up,annotator,HIGH LEVEL BEHAVIOR,2022-04-17 00:20:05,2022-04-17 00:20:18
2022-04-17 13:32:38,2022-04-17 13:32:53,In_Transit_Active,annotator,HIGH LEVEL BEHAVIOR,2022-04-17 00:20:18,2022-04-17 00:20:33
2022-04-17 13:32:53,2022-04-17 13:33:29,HLB_Unlabeled,annotator,HIGH LEVEL BEHAVIOR,2022-04-17 00:20:33,2022-04-17 00:21:09
2022-04-17 13:33:29,2022-04-17 13:34:06,In_Transit_Active,annotator,HIGH LEVEL BEHAVIOR,2022-04-17 00:21:09,2022-04-17 00:21:46
2022-04-17 13:34:06,2022-04-17 13:34:15,In_Transit_Active,annotator,HIGH LEVEL BEHAVIOR,2022-04-17 00:21:46,2022-04-17 00:21:55
2022-04-17 13:34:15,2022-04-17 13:34:35,In_Transit_Active,annotator,HIGH LEVEL BEHAVIOR,2022-04-17 00:21:55,2022-04-17 00:22:15
2022-04-17 13:34:35,2022-04-17 13:34:46,In_Transit_Active,annotator,HIGH LEVEL BEHAVIOR,2022-04-17 00:22:15,2022-04-17 00:22:26
2022-04-17 13:34:46,2022-04-17 13:48:48,Meeting_Formal_Gathering_In_Person,annotator,HIGH LEVEL BEHAVIOR,2022-04-17 00:22:26,2022-04-17 00:36:28
2022-04-17 13:48:48,2022-04-17 13:49:04,Meeting_Formal_Gathering_In_Person, In_Transit_Active,annotator,HIGH LEVEL BEHAVIOR,2022-04-17 00:36:28,2022-04-17 00:36:44
2022-04-17 13:49:04,2022-04-17 13:58:15,In_Transit_Passive_Train/Bus/Plane,annotator,HIGH LEVEL BEHAVIOR,2022-04-17 00:36:44,2022-04-17 00:45:55
2022-04-17 13:58:15,2022-04-17 13:59:06,In_Transit_Active,annotator,HIGH LEVEL BEHAVIOR,2022-04-17 00:45:55,2022-04-17 00:46:46
2022-04-17 13:59:06,2022-04-17 13:59:26,In_Transit_Active,annotator,HIGH LEVEL BEHAVIOR,2022-04-17 00:46:46,2022-04-17 00:47:06
2022-04-17 13:59:26,2022-04-17 14:00:21,In_Transit_Active,annotator,HIGH LEVEL BEHAVIOR,2022-04-17 00:47:06,2022-04-17 00:48:01
2022-04-17 14:00:21,2022-04-17 14:05:13,Meeting _Social_Gathering_In_Person,annotator,HIGH LEVEL BEHAVIOR,2022-04-17 00:48:01,2022-04-17 00:52:53
2022-04-17 14:05:13,2022-04-17 14:05:38,Meeting _Social_Gathering_In_Person, In_Transit_Active,annotator,HIGH LEVEL BEHAVIOR,2022-04-17 00:52:53,2022-04-17 00:53:18
2022-04-17 14:05:38,2022-04-17 14:12:45,Meeting _Social_Gathering_In_Person, In_Transit_Passive_Train/Bus/Plane,annotator,HIGH LEVEL BEHAVIOR,2022-04-17 00:53:18,2022-04-17 01:00:25
2022-04-17 14:12:45,2022-04-17 14:13:05,Meeting _Social_Gathering_In_Person, In_Transit_Active,annotator,HIGH LEVEL BEHAVIOR,2022-04-17 01:00:25,2022-04-17 01:00:45
2022-04-17 14:13:05,2022-04-17 14:13:28,Meeting _Social_Gathering_In_Person, In_Transit_Active, Riding_Escalator_Up,annotator,HIGH LEVEL BEHAVIOR,2022-04-17 01:00:45,2022-04-17 01:01:08
2022-04-17 14:13:28,2022-04-17 14:14:43,Meeting _Social_Gathering_In_Person, In_Transit_Active,annotator,HIGH LEVEL BEHAVIOR,2022-04-17 01:01:08,2022-04-17 01:02:23
2022-04-17 14:14:43,2022-04-17 14:15:52,Meeting _Social_Gathering_In_Person, In_Transit_Active,annotator,HIGH LEVEL BEHAVIOR,2022-04-17 01:02:23,2022-04-17 01:03:32
2022-04-17 14:15:52,2022-04-17 14:22:49,Meeting _Social_Gathering_In_Person, In_Transit_Active,annotator,HIGH LEVEL BEHAVIOR,2022-04-17 01:03:32,2022-04-17 01:10:29
2022-04-17 14:22:49,2022-04-17 14:56:32,Meeting _Social_Gathering_In_Person, Shopping_Non-Grocery,annotator,HIGH LEVEL BEHAVIOR,2022-04-17 01:10:29,2022-04-17 01:44:12
2022-04-17 14:56:32,2022-04-17 14:56:56,Shopping_Non-Grocery, Dressing/Undressing,annotator,HIGH LEVEL BEHAVIOR,2022-04-17 01:44:12,2022-04-17 01:44:36
2022-04-17 14:56:56,2022-04-17 14:57:24,Shopping_Non-Grocery,annotator,HIGH LEVEL BEHAVIOR,2022-04-17 01:44:36,2022-04-17 01:45:04
2022-04-17 14:57:24,2022-04-17 15:04:23,Shopping_Non-Grocery,annotator,HIGH LEVEL BEHAVIOR,2022-04-17 01:45:04,2022-04-17 01:52:03
2022-04-17 15:04:23,2022-04-17 15:10:34,Shopping_Non-Grocery, Meeting _Social_Gathering_In_Person,annotator,HIGH LEVEL BEHAVIOR,2022-04-17 01:52:03,2022-04-17 01:58:14
2022-04-17 15:10:34,2022-04-17 15:11:17,Shopping_Non-Grocery, Meeting _Social_Gathering_In_Person,annotator,HIGH LEVEL BEHAVIOR,2022-04-17 01:58:14,2022-04-17 01:58:57
2022-04-17 15:11:17,2022-04-17 15:11:42,Meeting _Social_Gathering_In_Person, In_Transit_Active,annotator,HIGH LEVEL BEHAVIOR,2022-04-17 01:58:57,2022-04-17 01:59:22
2022-04-17 15:11:42,2022-04-17 15:17:10,Meeting _Social_Gathering_In_Person, In_Transit_Active,annotator,HIGH LEVEL BEHAVIOR,2022-04-17 01:59:22,2022-04-17 02:04:50
2022-04-17 15:17:10,2022-04-17 15:17:32,Meeting _Social_Gathering_In_Person, In_Transit_Active,annotator,HIGH LEVEL BEHAVIOR,2022-04-17 02:04:50,2022-04-17 02:05:12
2022-04-17 15:17:32,2022-04-17 15:20:41,Meeting _Social_Gathering_In_Person,annotator,HIGH LEVEL BEHAVIOR,2022-04-17 02:05:12,2022-04-17 02:08:21
2022-04-17 15:20:41,2022-04-17 15:21:42,Meeting _Social_Gathering_In_Person,annotator,HIGH LEVEL BEHAVIOR,2022-04-17 02:08:21,2022-04-17 02:09:22
2022-04-17 15:21:42,2022-04-17 15:22:20,Meeting _Social_Gathering_In_Person, In_Transit_Active,annotator,HIGH LEVEL BEHAVIOR,2022-04-17 02:09:22,2022-04-17 02:10:00
2022-04-17 15:22:20,2022-04-17 15:23:47,Meeting _Social_Gathering_In_Person, Eating/Dining,annotator,HIGH LEVEL BEHAVIOR,2022-04-17 02:10:00,2022-04-17 02:11:27
2022-04-17 15:23:47,2022-04-17 15:25:57,Meeting _Social_Gathering_In_Person, Eating/Dining,annotator,HIGH LEVEL BEHAVIOR,2022-04-17 02:11:27,2022-04-17 02:13:37
2022-04-17 15:25:57,2022-04-17 15:26:11,Meeting _Social_Gathering_In_Person, Eating/Dining,annotator,HIGH LEVEL BEHAVIOR,2022-04-17 02:13:37,2022-04-17 02:13:51
2022-04-17 15:26:11,2022-04-17 15:26:40,Meeting _Social_Gathering_In_Person, Eating/Dining,annotator,HIGH LEVEL BEHAVIOR,2022-04-17 02:13:51,2022-04-17 02:14:20
2022-04-17 15:26:40,2022-04-17 15:27:14,Meeting _Social_Gathering_In_Person, Eating/Dining,annotator,HIGH LEVEL BEHAVIOR,2022-04-17 02:14:20,2022-04-17 02:14:54
2022-04-17 15:27:14,2022-04-17 15:28:47,Meeting _Social_Gathering_In_Person, Eating/Dining,annotator,HIGH LEVEL BEHAVIOR,2022-04-17 02:14:54,2022-04-17 02:16:27
2022-04-17 15:28:47,2022-04-17 15:30:02,Meeting _Social_Gathering_In_Person, Eating/Dining,annotator,HIGH LEVEL BEHAVIOR,2022-04-17 02:16:27,2022-04-17 02:17:42
2022-04-17 15:30:02,2022-04-17 15:30:31,Meeting _Social_Gathering_In_Person, Eating/Dining,annotator,HIGH LEVEL BEHAVIOR,2022-04-17 02:17:42,2022-04-17 02:18:11
2022-04-17 15:30:31,2022-04-17 15:31:26,Meeting _Social_Gathering_In_Person, Eating/Dining,annotator,HIGH LEVEL BEHAVIOR,2022-04-17 02:18:11,2022-04-17 02:19:06
2022-04-17 15:31:26,2022-04-17 15:32:21,Meeting _Social_Gathering_In_Person, Eating/Dining,annotator,HIGH LEVEL BEHAVIOR,2022-04-17 02:19:06,2022-04-17 02:20:01
2022-04-17 15:32:21,2022-04-17 15:33:33,Meeting _Social_Gathering_In_Person, Eating/Dining,annotator,HIGH LEVEL BEHAVIOR,2022-04-17 02:20:01,2022-04-17 02:21:13
2022-04-17 15:33:33,2022-04-17 15:34:47,Meeting _Social_Gathering_In_Person, Eating/Dining,annotator,HIGH LEVEL BEHAVIOR,2022-04-17 02:21:13,2022-04-17 02:22:27
2022-04-17 15:34:47,2022-04-17 15:35:06,Meeting _Social_Gathering_In_Person, Eating/Dining,annotator,HIGH LEVEL BEHAVIOR,2022-04-17 02:22:27,2022-04-17 02:22:46
2022-04-17 15:35:06,2022-04-17 15:35:29,Meeting _Social_Gathering_In_Person, Eating/Dining,annotator,HIGH LEVEL BEHAVIOR,2022-04-17 02:22:46,2022-04-17 02:23:09
2022-04-17 15:35:29,2022-04-17 15:35:38,Meeting _Social_Gathering_In_Person, Eating/Dining,annotator,HIGH LEVEL BEHAVIOR,2022-04-17 02:23:09,2022-04-17 02:23:18
2022-04-17 15:35:38,2022-04-17 15:38:19,Meeting _Social_Gathering_In_Person, Eating/Dining,annotator,HIGH LEVEL BEHAVIOR,2022-04-17 02:23:18,2022-04-17 02:25:59
2022-04-17 15:38:19,2022-04-17 15:38:37,Meeting _Social_Gathering_In_Person, Eating/Dining,annotator,HIGH LEVEL BEHAVIOR,2022-04-17 02:25:59,2022-04-17 02:26:17
2022-04-17 15:38:37,2022-04-17 15:38:54,Meeting _Social_Gathering_In_Person, Eating/Dining,annotator,HIGH LEVEL BEHAVIOR,2022-04-17 02:26:17,2022-04-17 02:26:34
2022-04-17 15:38:54,2022-04-17 15:40:42,Meeting _Social_Gathering_In_Person, Eating/Dining,annotator,HIGH LEVEL BEHAVIOR,2022-04-17 02:26:34,2022-04-17 02:28:22
2022-04-17 15:40:42,2022-04-17 15:41:32,Meeting _Social_Gathering_In_Person, Eating/Dining,annotator,HIGH LEVEL BEHAVIOR,2022-04-17 02:28:22,2022-04-17 02:29:12
2022-04-17 15:41:32,2022-04-17 15:41:55,Meeting _Social_Gathering_In_Person, Eating/Dining,annotator,HIGH LEVEL BEHAVIOR,2022-04-17 02:29:12,2022-04-17 02:29:35
2022-04-17 15:41:55,2022-04-17 15:42:12,Meeting _Social_Gathering_In_Person, Eating/Dining,annotator,HIGH LEVEL BEHAVIOR,2022-04-17 02:29:35,2022-04-17 02:29:52
2022-04-17 15:42:12,2022-04-17 15:42:40,Meeting _Social_Gathering_In_Person, Eating/Dining,annotator,HIGH LEVEL BEHAVIOR,2022-04-17 02:29:52,2022-04-17 02:30:20
2022-04-17 15:42:40,2022-04-17 15:43:00,Meeting _Social_Gathering_In_Person, Eating/Dining,annotator,HIGH LEVEL BEHAVIOR,2022-04-17 02:30:20,2022-04-17 02:30:40
2022-04-17 15:43:00,2022-04-17 15:44:35,Meeting _Social_Gathering_In_Person, Eating/Dining,annotator,HIGH LEVEL BEHAVIOR,2022-04-17 02:30:40,2022-04-17 02:32:15
2022-04-17 15:44:35,2022-04-17 15:44:43,Meeting _Social_Gathering_In_Person, Eating/Dining,annotator,HIGH LEVEL BEHAVIOR,2022-04-17 02:32:15,2022-04-17 02:32:23
2022-04-17 15:44:43,2022-04-17 15:45:00,Meeting _Social_Gathering_In_Person, Eating/Dining,annotator,HIGH LEVEL BEHAVIOR,2022-04-17 02:32:23,2022-04-17 02:32:40
2022-04-17 15:45:00,2022-04-17 15:51:26,Meeting _Social_Gathering_In_Person, Eating/Dining,annotator,HIGH LEVEL BEHAVIOR,2022-04-17 02:32:40,2022-04-17 02:39:06
2022-04-17 15:51:26,2022-04-17 15:51:31,Meeting _Social_Gathering_In_Person, Eating/Dining,annotator,HIGH LEVEL BEHAVIOR,2022-04-17 02:39:06,2022-04-17 02:39:11
2022-04-17 15:51:31,2022-04-17 15:52:04,Meeting _Social_Gathering_In_Person, Eating/Dining,annotator,HIGH LEVEL BEHAVIOR,2022-04-17 02:39:11,2022-04-17 02:39:44
2022-04-17 15:52:04,2022-04-17 15:54:49,Meeting _Social_Gathering_In_Person, Eating/Dining,annotator,HIGH LEVEL BEHAVIOR,2022-04-17 02:39:44,2022-04-17 02:42:29
2022-04-17 15:54:49,2022-04-17 15:55:06,Meeting _Social_Gathering_In_Person,annotator,HIGH LEVEL BEHAVIOR,2022-04-17 02:42:29,2022-04-17 02:42:46
2022-04-17 15:55:06,2022-04-17 15:57:19,Meeting _Social_Gathering_In_Person, In_Transit_Active,annotator,HIGH LEVEL BEHAVIOR,2022-04-17 02:42:46,2022-04-17 02:44:59
2022-04-17 15:57:19,2022-04-17 16:07:54,Meeting _Social_Gathering_In_Person, In_Transit_Active,annotator,HIGH LEVEL BEHAVIOR,2022-04-17 02:44:59,2022-04-17 02:55:34
2022-04-17 16:07:54,2022-04-17 16:09:18,Meeting _Social_Gathering_In_Person,annotator,HIGH LEVEL BEHAVIOR,2022-04-17 02:55:34,2022-04-17 02:56:58
2022-04-17 16:09:18,2022-04-17 16:10:09,Meeting _Social_Gathering_In_Person, In_Transit_Active,annotator,HIGH LEVEL BEHAVIOR,2022-04-17 02:56:58,2022-04-17 02:57:49
2022-04-17 16:10:09,2022-04-17 16:13:41,Meeting _Social_Gathering_In_Person, In_Transit_Passive_Train/Bus/Plane,annotator,HIGH LEVEL BEHAVIOR,2022-04-17 02:57:49,2022-04-17 03:01:21
2022-04-17 16:13:41,2022-04-17 16:17:01,Meeting _Social_Gathering_In_Person, In_Transit_Active,annotator,HIGH LEVEL BEHAVIOR,2022-04-17 03:01:21,2022-04-17 03:04:41
2022-04-17 16:17:01,2022-04-17 16:24:47,Meeting _Social_Gathering_In_Person, In_Transit_Passive_Train/Bus/Plane,annotator,HIGH LEVEL BEHAVIOR,2022-04-17 03:04:41,2022-04-17 03:12:27
2022-04-17 16:24:47,2022-04-17 16:28:04,Meeting _Social_Gathering_In_Person, In_Transit_Passive_Train/Bus/Plane,annotator,HIGH LEVEL BEHAVIOR,2022-04-17 03:12:27,2022-04-17 03:15:44
2022-04-17 16:28:04,2022-04-17 16:33:47,In_Transit_Active,annotator,HIGH LEVEL BEHAVIOR,2022-04-17 03:15:44,2022-04-17 03:21:27
2022-04-17 16:33:47,2022-04-17 16:33:56,In_Transit_Active,annotator,HIGH LEVEL BEHAVIOR,2022-04-17 03:21:27,2022-04-17 03:21:36
2022-04-17 16:33:56,2022-04-17 16:34:27,In_Transit_Active,annotator,HIGH LEVEL BEHAVIOR,2022-04-17 03:21:36,2022-04-17 03:22:07
2022-04-17 16:34:27,2022-04-17 16:35:04,In_Transit_Active,annotator,HIGH LEVEL BEHAVIOR,2022-04-17 03:22:07,2022-04-17 03:22:44
2022-04-17 16:35:04,2022-04-17 16:38:23,HLB_Unlabeled,annotator,HIGH LEVEL BEHAVIOR,2022-04-17 03:22:44,2022-04-17 03:26:03
2022-04-17 16:38:23,2022-04-17 16:39:23,HLB_Unlabeled,annotator,HIGH LEVEL BEHAVIOR,2022-04-17 03:26:03,2022-04-17 03:27:03
2022-04-17 16:39:23,2022-04-17 16:45:29,HLB_Unlabeled,annotator,HIGH LEVEL BEHAVIOR,2022-04-17 03:27:03,2022-04-17 03:33:09
2022-04-17 16:45:29,2022-04-17 16:45:54,In_Transit_Active,annotator,HIGH LEVEL BEHAVIOR,2022-04-17 03:33:09,2022-04-17 03:33:34
2022-04-17 16:45:54,2022-04-17 16:46:19,HLB_Unlabeled,annotator,HIGH LEVEL BEHAVIOR,2022-04-17 03:33:34,2022-04-17 03:33:59
2022-04-17 16:46:19,2022-04-17 16:46:42,In_Bathroom,annotator,HIGH LEVEL BEHAVIOR,2022-04-17 03:33:59,2022-04-17 03:34:22
2022-04-17 16:46:42,2022-04-17 16:47:28,HLB_Unlabeled,annotator,HIGH LEVEL BEHAVIOR,2022-04-17 03:34:22,2022-04-17 03:35:08
2022-04-17 16:47:28,2022-04-17 16:49:54,Using_Computer/Screen,annotator,HIGH LEVEL BEHAVIOR,2022-04-17 03:35:08,2022-04-17 03:37:34
2022-04-17 16:49:54,2022-04-17 16:58:06,Using_Computer/Screen,annotator,HIGH LEVEL BEHAVIOR,2022-04-17 03:37:34,2022-04-17 03:45:46
2022-04-17 16:58:06,2022-04-17 16:59:11,Using_Computer/Screen,annotator,HIGH LEVEL BEHAVIOR,2022-04-17 03:45:46,2022-04-17 03:46:51
2022-04-17 16:59:11,2022-04-17 17:01:08,Using_Computer/Screen,annotator,HIGH LEVEL BEHAVIOR,2022-04-17 03:46:51,2022-04-17 03:48:48
2022-04-17 17:01:08,2022-04-17 17:01:37,Using_Computer/Screen,annotator,HIGH LEVEL BEHAVIOR,2022-04-17 03:48:48,2022-04-17 03:49:17
2022-04-17 17:01:37,2022-04-17 17:07:41,Using_Computer/Screen, Meeting_Virtual,annotator,HIGH LEVEL BEHAVIOR,2022-04-17 03:49:17,2022-04-17 03:55:21
2022-04-17 17:07:41,2022-04-17 17:09:42,Using_Computer/Screen, Meeting_Virtual,annotator,HIGH LEVEL BEHAVIOR,2022-04-17 03:55:21,2022-04-17 03:57:22
2022-04-17 17:09:42,2022-04-17 17:14:45,Using_Computer/Screen, Meeting_Virtual,annotator,HIGH LEVEL BEHAVIOR,2022-04-17 03:57:22,2022-04-17 04:02:25
2022-04-17 17:14:45,2022-04-17 17:16:45,Using_Computer/Screen,annotator,HIGH LEVEL BEHAVIOR,2022-04-17 04:02:25,2022-04-17 04:04:25
2022-04-17 17:16:45,2022-04-17 17:18:28,Using_Computer/Screen,annotator,HIGH LEVEL BEHAVIOR,2022-04-17 04:04:25,2022-04-17 04:06:08
2022-04-17 17:18:28,2022-04-17 17:19:47,Using_Computer/Screen,annotator,HIGH LEVEL BEHAVIOR,2022-04-17 04:06:08,2022-04-17 04:07:27
2022-04-17 17:19:47,2022-04-17 17:20:43,Using_Computer/Screen,annotator,HIGH LEVEL BEHAVIOR,2022-04-17 04:07:27,2022-04-17 04:08:23
2022-04-17 17:20:43,2022-04-17 17:38:17,Using_Computer/Screen,annotator,HIGH LEVEL BEHAVIOR,2022-04-17 04:08:23,2022-04-17 04:25:57
2022-04-17 17:38:17,2022-04-17 17:38:37,Using_Computer/Screen,annotator,HIGH LEVEL BEHAVIOR,2022-04-17 04:25:57,2022-04-17 04:26:17
2022-04-17 17:38:37,2022-04-17 17:39:38,Using_Computer/Screen,annotator,HIGH LEVEL BEHAVIOR,2022-04-17 04:26:17,2022-04-17 04:27:18
2022-04-17 17:39:38,2022-04-17 17:47:04,HLB_Indecipherable/Video_Insufficient,annotator,HIGH LEVEL BEHAVIOR,2022-04-17 04:27:18,2022-04-17 04:34:44
2022-04-17 17:47:04,2022-04-17 17:50:28,Grooming/Self_Care,annotator,HIGH LEVEL BEHAVIOR,2022-04-17 04:34:44,2022-04-17 04:38:08
2022-04-17 17:50:28,2022-04-17 17:50:44,In_Transit_Active,annotator,HIGH LEVEL BEHAVIOR,2022-04-17 04:38:08,2022-04-17 04:38:24
2022-04-17 17:50:44,2022-04-17 17:52:20,HLB_Unlabeled,annotator,HIGH LEVEL BEHAVIOR,2022-04-17 04:38:24,2022-04-17 04:40:00
2022-04-17 17:52:20,2022-04-17 17:52:31,Dressing/Undressing,annotator,HIGH LEVEL BEHAVIOR,2022-04-17 04:40:00,2022-04-17 04:40:11
2022-04-17 17:52:31,2022-04-17 17:53:17,Dressing/Undressing,annotator,HIGH LEVEL BEHAVIOR,2022-04-17 04:40:11,2022-04-17 04:40:57
2022-04-17 17:53:17,2022-04-17 17:53:39,In_Transit_Active,annotator,HIGH LEVEL BEHAVIOR,2022-04-17 04:40:57,2022-04-17 04:41:19
2022-04-17 17:53:39,2022-04-17 17:53:57,In_Transit_Active,annotator,HIGH LEVEL BEHAVIOR,2022-04-17 04:41:19,2022-04-17 04:41:37
2022-04-17 17:53:57,2022-04-17 17:54:02,In_Transit_Active,annotator,HIGH LEVEL BEHAVIOR,2022-04-17 04:41:37,2022-04-17 04:41:42
2022-04-17 17:54:02,2022-04-17 17:59:01,In_Transit_Active,annotator,HIGH LEVEL BEHAVIOR,2022-04-17 04:41:42,2022-04-17 04:46:41
2022-04-17 17:59:01,2022-04-17 17:59:35,In_Transit_Active,annotator,HIGH LEVEL BEHAVIOR,2022-04-17 04:46:41,2022-04-17 04:47:15
2022-04-17 17:59:35,2022-04-17 18:00:04,In_Transit_Active,annotator,HIGH LEVEL BEHAVIOR,2022-04-17 04:47:15,2022-04-17 04:47:44
2022-04-17 18:00:04,2022-04-17 18:00:08,In_Transit_Active,annotator,HIGH LEVEL BEHAVIOR,2022-04-17 04:47:44,2022-04-17 04:47:48
2022-04-17 18:00:08,2022-04-17 18:00:29,In_Transit_Active, Riding_Elevator_Up,annotator,HIGH LEVEL BEHAVIOR,2022-04-17 04:47:48,2022-04-17 04:48:09
2022-04-17 18:00:29,2022-04-17 18:01:03,In_Transit_Active,annotator,HIGH LEVEL BEHAVIOR,2022-04-17 04:48:09,2022-04-17 04:48:43
2022-04-17 18:01:03,2022-04-17 18:01:13,Meeting _Social_Gathering_In_Person,annotator,HIGH LEVEL BEHAVIOR,2022-04-17 04:48:43,2022-04-17 04:48:53
2022-04-17 18:01:13,2022-04-17 18:06:05,Meeting _Social_Gathering_In_Person,annotator,HIGH LEVEL BEHAVIOR,2022-04-17 04:48:53,2022-04-17 04:53:45
2022-04-17 18:06:05,2022-04-17 18:25:34,Meeting _Social_Gathering_In_Person,annotator,HIGH LEVEL BEHAVIOR,2022-04-17 04:53:45,2022-04-17 05:13:14
2022-04-17 18:25:53,2022-04-17 18:26:09,Meeting _Social_Gathering_In_Person,annotator,HIGH LEVEL BEHAVIOR,2022-04-17 05:13:33,2022-04-17 05:13:49
2022-04-17 18:26:11,2022-04-17 18:26:40,In_Transit_Active,annotator,HIGH LEVEL BEHAVIOR,2022-04-17 05:13:51,2022-04-17 05:14:20
2022-04-17 18:26:41,2022-04-17 18:27:02,In_Transit_Active,annotator,HIGH LEVEL BEHAVIOR,2022-04-17 05:14:21,2022-04-17 05:14:42
2022-04-17 18:27:08,2022-04-17 18:27:11,In_Transit_Active,annotator,HIGH LEVEL BEHAVIOR,2022-04-17 05:14:48,2022-04-17 05:14:51
2022-04-17 18:27:12,2022-04-17 18:27:13,In_Transit_Active,annotator,HIGH LEVEL BEHAVIOR,2022-04-17 05:14:52,2022-04-17 05:14:53
2022-04-17 18:27:15,2022-04-17 18:27:16,In_Transit_Active,annotator,HIGH LEVEL BEHAVIOR,2022-04-17 05:14:55,2022-04-17 05:14:56
2022-04-17 18:27:18,2022-04-17 18:27:41,In_Transit_Active,annotator,HIGH LEVEL BEHAVIOR,2022-04-17 05:14:58,2022-04-17 05:15:21
2022-04-17 18:27:41,2022-04-17 18:27:50,In_Transit_Active,annotator,HIGH LEVEL BEHAVIOR,2022-04-17 05:15:21,2022-04-17 05:15:30
2022-04-17 18:27:54,2022-04-17 18:28:09,In_Transit_Active,annotator,HIGH LEVEL BEHAVIOR,2022-04-17 05:15:34,2022-04-17 05:15:49
2022-04-17 18:28:15,2022-04-17 18:29:14,In_Transit_Active,annotator,HIGH LEVEL BEHAVIOR,2022-04-17 05:15:55,2022-04-17 05:16:54
2022-04-17 18:29:14,2022-04-17 18:29:51,In_Transit_Active,annotator,HIGH LEVEL BEHAVIOR,2022-04-17 05:16:54,2022-04-17 05:17:31
2022-04-17 18:29:52,2022-04-17 18:29:58,In_Transit_Active, Riding_Escalator_Up,annotator,HIGH LEVEL BEHAVIOR,2022-04-17 05:17:32,2022-04-17 05:17:38
2022-04-17 18:29:59,2022-04-17 18:30:21,In_Transit_Active,annotator,HIGH LEVEL BEHAVIOR,2022-04-17 05:17:39,2022-04-17 05:18:01
2022-04-17 18:30:22,2022-04-17 18:30:26,In_Transit_Active,annotator,HIGH LEVEL BEHAVIOR,2022-04-17 05:18:02,2022-04-17 05:18:06
2022-04-17 18:30:28,2022-04-17 18:30:30,In_Transit_Active,annotator,HIGH LEVEL BEHAVIOR,2022-04-17 05:18:08,2022-04-17 05:18:10
2022-04-17 18:30:32,2022-04-17 18:30:39,In_Transit_Active,annotator,HIGH LEVEL BEHAVIOR,2022-04-17 05:18:12,2022-04-17 05:18:19
2022-04-17 18:31:12,2022-04-17 18:39:02,In_Transit_Passive_Train/Bus/Plane,annotator,HIGH LEVEL BEHAVIOR,2022-04-17 05:18:52,2022-04-17 05:26:42
2022-04-17 18:39:05,2022-04-17 18:40:23,In_Transit_Active,annotator,HIGH LEVEL BEHAVIOR,2022-04-17 05:26:45,2022-04-17 05:28:03
2022-04-17 18:40:23,2022-04-17 18:40:43,In_Transit_Active, Riding_Escalator_Up,annotator,HIGH LEVEL BEHAVIOR,2022-04-17 05:28:03,2022-04-17 05:28:23
2022-04-17 18:40:44,2022-04-17 18:40:51,In_Transit_Active,annotator,HIGH LEVEL BEHAVIOR,2022-04-17 05:28:24,2022-04-17 05:28:31
2022-04-17 18:40:51,2022-04-17 18:40:54,In_Transit_Active,annotator,HIGH LEVEL BEHAVIOR,2022-04-17 05:28:31,2022-04-17 05:28:34
2022-04-17 18:40:54,2022-04-17 18:47:31,In_Transit_Active,annotator,HIGH LEVEL BEHAVIOR,2022-04-17 05:28:34,2022-04-17 05:35:11
2022-04-17 18:47:35,2022-04-17 18:49:15,In_Transit_Active,annotator,HIGH LEVEL BEHAVIOR,2022-04-17 05:35:15,2022-04-17 05:36:55
2022-04-17 18:49:16,2022-04-17 18:49:33,In_Transit_Active,annotator,HIGH LEVEL BEHAVIOR,2022-04-17 05:36:56,2022-04-17 05:37:13
2022-04-17 18:49:35,2022-04-17 18:49:56,In_Transit_Active,annotator,HIGH LEVEL BEHAVIOR,2022-04-17 05:37:15,2022-04-17 05:37:36
2022-04-17 18:49:57,2022-04-17 18:50:15,HLB_Unlabeled,annotator,HIGH LEVEL BEHAVIOR,2022-04-17 05:37:37,2022-04-17 05:37:55
2022-04-17 18:50:15,2022-04-17 18:50:54,HLB_Unlabeled,annotator,HIGH LEVEL BEHAVIOR,2022-04-17 05:37:55,2022-04-17 05:38:34
2022-04-17 18:50:54,2022-04-17 18:51:41,HLB_Unlabeled,annotator,HIGH LEVEL BEHAVIOR,2022-04-17 05:38:34,2022-04-17 05:39:21
2022-04-17 18:51:54,2022-04-17 19:47:56,HLB_Indecipherable/Video_Insufficient,annotator,HIGH LEVEL BEHAVIOR,2022-04-17 05:39:34,2022-04-17 06:35:36
2022-04-17 19:47:57,2022-04-17 19:48:06,HLB_Unlabeled,annotator,HIGH LEVEL BEHAVIOR,2022-04-17 06:35:37,2022-04-17 06:35:46
2022-04-17 19:48:06,2022-04-17 19:48:15,HLB_Unlabeled,annotator,HIGH LEVEL BEHAVIOR,2022-04-17 06:35:46,2022-04-17 06:35:55
2022-04-17 19:48:20,2022-04-17 19:48:34,HLB_Unlabeled,annotator,HIGH LEVEL BEHAVIOR,2022-04-17 06:36:00,2022-04-17 06:36:14
2022-04-17 19:48:36,2022-04-17 19:48:47,HLB_Unlabeled,annotator,HIGH LEVEL BEHAVIOR,2022-04-17 06:36:16,2022-04-17 06:36:27
2022-04-17 19:48:47,2022-04-17 19:49:01,HLB_Unlabeled,annotator,HIGH LEVEL BEHAVIOR,2022-04-17 06:36:27,2022-04-17 06:36:41
2022-04-17 19:49:03,2022-04-17 19:51:01,HLB_Unlabeled,annotator,HIGH LEVEL BEHAVIOR,2022-04-17 06:36:43,2022-04-17 06:38:41
2022-04-17 19:51:13,2022-04-17 19:51:57,HLB_Unlabeled,annotator,HIGH LEVEL BEHAVIOR,2022-04-17 06:38:53,2022-04-17 06:39:37
2022-04-17 19:51:57,2022-04-17 19:52:10,HLB_Unlabeled,annotator,HIGH LEVEL BEHAVIOR,2022-04-17 06:39:37,2022-04-17 06:39:50
2022-04-17 19:52:10,2022-04-17 19:53:15,HLB_Unlabeled,annotator,HIGH LEVEL BEHAVIOR,2022-04-17 06:39:50,2022-04-17 06:40:55
2022-04-17 19:53:19,2022-04-17 19:53:30,HLB_Unlabeled,annotator,HIGH LEVEL BEHAVIOR,2022-04-17 06:40:59,2022-04-17 06:41:10
2022-04-17 19:53:30,2022-04-17 19:53:50,HLB_Unlabeled,annotator,HIGH LEVEL BEHAVIOR,2022-04-17 06:41:10,2022-04-17 06:41:30
2022-04-17 19:53:51,2022-04-17 19:58:44,In_Transit_Active,annotator,HIGH LEVEL BEHAVIOR,2022-04-17 06:41:31,2022-04-17 06:46:24
2022-04-17 19:58:53,2022-04-17 19:59:51,In_Transit_Active,annotator,HIGH LEVEL BEHAVIOR,2022-04-17 06:46:33,2022-04-17 06:47:31
2022-04-17 19:59:52,2022-04-17 20:00:00,In_Transit_Active,annotator,HIGH LEVEL BEHAVIOR,2022-04-17 06:47:32,2022-04-17 06:47:40
2022-04-17 20:00:00,2022-04-17 20:01:18,In_Transit_Active,annotator,HIGH LEVEL BEHAVIOR,2022-04-17 06:47:40,2022-04-17 06:48:58
2022-04-17 20:01:18,2022-04-17 20:01:22,Eating/Dining,annotator,HIGH LEVEL BEHAVIOR,2022-04-17 06:48:58,2022-04-17 06:49:02
2022-04-17 20:01:35,2022-04-17 20:02:46,Eating/Dining,annotator,HIGH LEVEL BEHAVIOR,2022-04-17 06:49:15,2022-04-17 06:50:26
2022-04-17 20:02:48,2022-04-17 20:03:14,Eating/Dining,annotator,HIGH LEVEL BEHAVIOR,2022-04-17 06:50:28,2022-04-17 06:50:54
2022-04-17 20:03:22,2022-04-17 20:03:44,Eating/Dining,annotator,HIGH LEVEL BEHAVIOR,2022-04-17 06:51:02,2022-04-17 06:51:24
2022-04-17 20:03:46,2022-04-17 20:04:01,Eating/Dining,annotator,HIGH LEVEL BEHAVIOR,2022-04-17 06:51:26,2022-04-17 06:51:41
2022-04-17 20:04:04,2022-04-17 20:04:27,Eating/Dining,annotator,HIGH LEVEL BEHAVIOR,2022-04-17 06:51:44,2022-04-17 06:52:07
2022-04-17 20:04:28,2022-04-17 20:04:41,Eating/Dining,annotator,HIGH LEVEL BEHAVIOR,2022-04-17 06:52:08,2022-04-17 06:52:21
2022-04-17 20:04:42,2022-04-17 20:05:18,Eating/Dining,annotator,HIGH LEVEL BEHAVIOR,2022-04-17 06:52:22,2022-04-17 06:52:58
2022-04-17 20:05:18,2022-04-17 20:05:32,Eating/Dining,annotator,HIGH LEVEL BEHAVIOR,2022-04-17 06:52:58,2022-04-17 06:53:12
2022-04-17 20:05:33,2022-04-17 20:07:21,Eating/Dining,annotator,HIGH LEVEL BEHAVIOR,2022-04-17 06:53:13,2022-04-17 06:55:01
2022-04-17 20:07:22,2022-04-17 20:07:39,Eating/Dining,annotator,HIGH LEVEL BEHAVIOR,2022-04-17 06:55:02,2022-04-17 06:55:19
2022-04-17 20:07:39,2022-04-17 20:08:57,Eating/Dining,annotator,HIGH LEVEL BEHAVIOR,2022-04-17 06:55:19,2022-04-17 06:56:37
2022-04-17 20:08:57,2022-04-17 20:09:10,Eating/Dining,annotator,HIGH LEVEL BEHAVIOR,2022-04-17 06:56:37,2022-04-17 06:56:50
2022-04-17 20:09:11,2022-04-17 20:24:06,Eating/Dining,annotator,HIGH LEVEL BEHAVIOR,2022-04-17 06:56:51,2022-04-17 07:11:46
2022-04-17 20:24:07,2022-04-17 20:28:05,Eating/Dining,annotator,HIGH LEVEL BEHAVIOR,2022-04-17 07:11:47,2022-04-17 07:15:45
2022-04-17 20:28:19,2022-04-17 21:10:08,Eating/Dining, Meeting _Social_Gathering_In_Person,annotator,HIGH LEVEL BEHAVIOR,2022-04-17 07:15:59,2022-04-17 07:57:48
2022-04-17 21:10:11,2022-04-17 21:12:12,Eating/Dining, Meeting _Social_Gathering_In_Person,annotator,HIGH LEVEL BEHAVIOR,2022-04-17 07:57:51,2022-04-17 07:59:52
2022-04-17 21:12:13,2022-04-17 21:13:02,Eating/Dining, Meeting _Social_Gathering_In_Person,annotator,HIGH LEVEL BEHAVIOR,2022-04-17 07:59:53,2022-04-17 08:00:42
2022-04-17 21:14:25,2022-04-17 21:14:37,In_Transit_Active,annotator,HIGH LEVEL BEHAVIOR,2022-04-17 08:02:05,2022-04-17 08:02:17
2022-04-17 21:14:37,2022-04-17 21:20:14,In_Transit_Active,annotator,HIGH LEVEL BEHAVIOR,2022-04-17 08:02:17,2022-04-17 08:07:54
2022-04-17 21:20:15,2022-04-17 21:20:20,In_Transit_Active,annotator,HIGH LEVEL BEHAVIOR,2022-04-17 08:07:55,2022-04-17 08:08:00
2022-04-17 21:20:22,2022-04-17 21:20:29,In_Transit_Active,annotator,HIGH LEVEL BEHAVIOR,2022-04-17 08:08:02,2022-04-17 08:08:09
2022-04-17 21:20:39,2022-04-17 21:21:05,In_Transit_Active,annotator,HIGH LEVEL BEHAVIOR,2022-04-17 08:08:19,2022-04-17 08:08:45
2022-04-17 21:21:08,2022-04-17 21:21:28,In_Transit_Active,annotator,HIGH LEVEL BEHAVIOR,2022-04-17 08:08:48,2022-04-17 08:09:08
2022-04-17 21:21:31,2022-04-17 21:21:44,In_Transit_Active,annotator,HIGH LEVEL BEHAVIOR,2022-04-17 08:09:11,2022-04-17 08:09:24
2022-04-17 21:21:45,2022-04-17 21:22:26,In_Transit_Active,annotator,HIGH LEVEL BEHAVIOR,2022-04-17 08:09:25,2022-04-17 08:10:06
2022-04-17 21:22:27,2022-04-17 21:22:42,In_Transit_Active,annotator,HIGH LEVEL BEHAVIOR,2022-04-17 08:10:07,2022-04-17 08:10:22
2022-04-17 21:22:44,2022-04-17 21:29:19,In_Transit_Passive_Train/Bus/Plane,annotator,HIGH LEVEL BEHAVIOR,2022-04-17 08:10:24,2022-04-17 08:16:59
2022-04-17 21:29:22,2022-04-17 21:29:38,In_Transit_Active,annotator,HIGH LEVEL BEHAVIOR,2022-04-17 08:17:02,2022-04-17 08:17:18
2022-04-17 21:29:38,2022-04-17 21:29:43,In_Transit_Active,annotator,HIGH LEVEL BEHAVIOR,2022-04-17 08:17:18,2022-04-17 08:17:23
2022-04-17 21:29:45,2022-04-17 21:29:50,In_Transit_Active,annotator,HIGH LEVEL BEHAVIOR,2022-04-17 08:17:25,2022-04-17 08:17:30
2022-04-17 21:29:51,2022-04-17 21:29:57,In_Transit_Active,annotator,HIGH LEVEL BEHAVIOR,2022-04-17 08:17:31,2022-04-17 08:17:37
2022-04-17 21:29:59,2022-04-17 21:30:23,In_Transit_Active,annotator,HIGH LEVEL BEHAVIOR,2022-04-17 08:17:39,2022-04-17 08:18:03
2022-04-17 21:30:23,2022-04-17 21:30:31,In_Transit_Active,annotator,HIGH LEVEL BEHAVIOR,2022-04-17 08:18:03,2022-04-17 08:18:11
2022-04-17 21:30:33,2022-04-17 21:32:52,In_Transit_Active,annotator,HIGH LEVEL BEHAVIOR,2022-04-17 08:18:13,2022-04-17 08:20:32
2022-04-17 21:32:53,2022-04-17 21:33:36,HLB_Unlabeled,annotator,HIGH LEVEL BEHAVIOR,2022-04-17 08:20:33,2022-04-17 08:21:16
2022-04-17 21:33:38,2022-04-17 21:37:06,HLB_Unlabeled,annotator,HIGH LEVEL BEHAVIOR,2022-04-17 08:21:18,2022-04-17 08:24:46
2022-04-17 21:37:15,2022-04-17 21:38:04,HLB_Unlabeled,annotator,HIGH LEVEL BEHAVIOR,2022-04-17 08:24:55,2022-04-17 08:25:44
2022-04-17 21:38:10,2022-04-17 21:39:22,Eating/Dining,annotator,HIGH LEVEL BEHAVIOR,2022-04-17 08:25:50,2022-04-17 08:27:02
2022-04-17 21:39:30,2022-04-17 21:40:57,Eating/Dining,annotator,HIGH LEVEL BEHAVIOR,2022-04-17 08:27:10,2022-04-17 08:28:37
2022-04-17 21:41:20,2022-04-17 22:03:17,Eating/Dining,annotator,HIGH LEVEL BEHAVIOR,2022-04-17 08:29:00,2022-04-17 08:50:57
2022-04-17 22:03:31,2022-04-17 22:03:41,Eating/Dining,annotator,HIGH LEVEL BEHAVIOR,2022-04-17 08:51:11,2022-04-17 08:51:21
2022-04-17 22:03:52,2022-04-17 22:05:15,Eating/Dining,annotator,HIGH LEVEL BEHAVIOR,2022-04-17 08:51:32,2022-04-17 08:52:55
2022-04-17 22:05:16,2022-04-17 22:05:28,Eating/Dining,annotator,HIGH LEVEL BEHAVIOR,2022-04-17 08:52:56,2022-04-17 08:53:08
2022-04-17 22:05:41,2022-04-17 22:06:10,HLB_Unlabeled,annotator,HIGH LEVEL BEHAVIOR,2022-04-17 08:53:21,2022-04-17 08:53:50
2022-04-17 22:06:13,2022-04-17 22:06:44,HLB_Unlabeled,annotator,HIGH LEVEL BEHAVIOR,2022-04-17 08:53:53,2022-04-17 08:54:24
2022-04-17 22:06:44,2022-04-17 22:14:36,In_Transit_Active,annotator,HIGH LEVEL BEHAVIOR,2022-04-17 08:54:24,2022-04-17 09:02:16
2022-04-17 22:14:52,2022-04-17 22:14:55,In_Transit_Active,annotator,HIGH LEVEL BEHAVIOR,2022-04-17 09:02:32,2022-04-17 09:02:35
2022-04-17 22:14:56,2022-04-17 22:14:59,In_Transit_Active,annotator,HIGH LEVEL BEHAVIOR,2022-04-17 09:02:36,2022-04-17 09:02:39
2022-04-17 22:15:04,2022-04-17 22:15:07,In_Transit_Active,annotator,HIGH LEVEL BEHAVIOR,2022-04-17 09:02:44,2022-04-17 09:02:47
2022-04-17 22:15:12,2022-04-17 22:15:15,In_Transit_Active,annotator,HIGH LEVEL BEHAVIOR,2022-04-17 09:02:52,2022-04-17 09:02:55
2022-04-17 22:15:19,2022-04-17 22:15:22,In_Transit_Active,annotator,HIGH LEVEL BEHAVIOR,2022-04-17 09:02:59,2022-04-17 09:03:02
2022-04-17 22:15:30,2022-04-17 22:16:09,HLB_Unlabeled,annotator,HIGH LEVEL BEHAVIOR,2022-04-17 09:03:10,2022-04-17 09:03:49
2022-04-17 22:16:21,2022-04-17 22:16:51,Dressing/Undressing, Meeting _Social_Gathering_In_Person,annotator,HIGH LEVEL BEHAVIOR,2022-04-17 09:04:01,2022-04-17 09:04:31
2022-04-17 22:16:54,2022-04-17 22:22:09,Meeting _Social_Gathering_In_Person,annotator,HIGH LEVEL BEHAVIOR,2022-04-17 09:04:34,2022-04-17 09:09:49
2022-04-17 22:22:15,2022-04-17 22:23:20,Meeting _Social_Gathering_In_Person,annotator,HIGH LEVEL BEHAVIOR,2022-04-17 09:09:55,2022-04-17 09:11:00
2022-04-17 22:23:25,2022-04-17 22:24:36,In_Transit_Active,annotator,HIGH LEVEL BEHAVIOR,2022-04-17 09:11:05,2022-04-17 09:12:16
2022-04-17 22:24:42,2022-04-17 22:30:25,HLB_Indecipherable/Video_Insufficient,annotator,HIGH LEVEL BEHAVIOR,2022-04-17 09:12:22,2022-04-17 09:18:05
2022-04-17 22:30:35,2022-04-17 22:33:33,Dressing/Undressing, Packing/Unpacking_Something,annotator,HIGH LEVEL BEHAVIOR,2022-04-17 09:18:15,2022-04-17 09:21:13
2022-04-17 22:33:40,2022-04-17 22:36:04,Using_Computer/Screen,annotator,HIGH LEVEL BEHAVIOR,2022-04-17 09:21:20,2022-04-17 09:23:44
2022-04-17 22:36:08,2022-04-17 22:36:57,Using_Computer/Screen,annotator,HIGH LEVEL BEHAVIOR,2022-04-17 09:23:48,2022-04-17 09:24:37
2022-04-17 22:37:02,2022-04-17 22:37:53,Using_Computer/Screen,annotator,HIGH LEVEL BEHAVIOR,2022-04-17 09:24:42,2022-04-17 09:25:33
2022-04-17 22:37:57,2022-04-17 22:42:21,,annotator,HIGH LEVEL BEHAVIOR,2022-04-17 09:25:37,2022-04-17 09:30:01
2022-04-17 22:42:26,2022-04-17 22:43:26,Using_Computer/Screen,annotator,HIGH LEVEL BEHAVIOR,2022-04-17 09:30:06,2022-04-17 09:31:06
2022-04-17 22:43:30,2022-04-17 22:43:59,,annotator,HIGH LEVEL BEHAVIOR,2022-04-17 09:31:10,2022-04-17 09:31:39
2022-04-17 22:44:04,2022-04-17 22:46:24,Using_Computer/Screen,annotator,HIGH LEVEL BEHAVIOR,2022-04-17 09:31:44,2022-04-17 09:34:04
2022-04-17 22:46:30,2022-04-17 22:47:21,Cleaning,annotator,HIGH LEVEL BEHAVIOR,2022-04-17 09:34:10,2022-04-17 09:35:01
2022-04-17 22:47:26,2022-04-17 22:53:31,,annotator,HIGH LEVEL BEHAVIOR,2022-04-17 09:35:06,2022-04-17 09:41:11
2022-04-17 22:53:38,2022-04-17 22:57:21,Using_Computer/Screen,annotator,HIGH LEVEL BEHAVIOR,2022-04-17 09:41:18,2022-04-17 09:45:01
2022-04-17 22:57:24,2022-04-17 22:59:00,,annotator,HIGH LEVEL BEHAVIOR,2022-04-17 09:45:04,2022-04-17 09:46:40
2022-04-17 22:59:04,2022-04-17 23:02:16,Using_Computer/Screen,annotator,HIGH LEVEL BEHAVIOR,2022-04-17 09:46:44,2022-04-17 09:49:56
2022-04-17 23:02:22,2022-04-17 23:02:28,,annotator,HIGH LEVEL BEHAVIOR,2022-04-17 09:50:02,2022-04-17 09:50:08
2022-04-17 23:02:31,2022-04-17 23:02:37,,annotator,HIGH LEVEL BEHAVIOR,2022-04-17 09:50:11,2022-04-17 09:50:17
2022-04-17 23:02:46,2022-04-17 23:04:26,Using_Computer/Screen,annotator,HIGH LEVEL BEHAVIOR,2022-04-17 09:50:26,2022-04-17 09:52:06
2022-04-17 23:04:40,2022-04-17 23:11:52,,annotator,HIGH LEVEL BEHAVIOR,2022-04-17 09:52:20,2022-04-17 09:59:32
2022-04-17 23:11:54,2022-04-17 23:13:56,,annotator,HIGH LEVEL BEHAVIOR,2022-04-17 09:59:34,2022-04-17 10:01:36
2022-04-17 23:14:01,2022-04-17 23:39:01,,annotator,HIGH LEVEL BEHAVIOR,2022-04-17 10:01:41,2022-04-17 10:26:41
2022-04-17 23:39:09,2022-04-17 23:39:25,,annotator,HIGH LEVEL BEHAVIOR,2022-04-17 10:26:49,2022-04-17 10:27:05
2022-04-17 23:39:29,2022-04-17 23:39:56,HLB_Indecipherable/Video_Insufficient,annotator,HIGH LEVEL BEHAVIOR,2022-04-17 10:27:09,2022-04-17 10:27:36
2022-04-17 23:40:01,2022-04-17 23:41:03,,annotator,HIGH LEVEL BEHAVIOR,2022-04-17 10:27:41,2022-04-17 10:28:43
2022-04-17 23:41:08,2022-04-17 23:41:17,Using_Computer/Screen,annotator,HIGH LEVEL BEHAVIOR,2022-04-17 10:28:48,2022-04-17 10:28:57
2022-04-17 23:41:26,2022-04-17 23:55:22,,annotator,HIGH LEVEL BEHAVIOR,2022-04-17 10:29:06,2022-04-17 10:43:02
2022-04-17 23:55:29,2022-04-17 23:57:30,HLB_Indecipherable/Video_Insufficient,annotator,HIGH LEVEL BEHAVIOR,2022-04-17 10:43:09,2022-04-17 10:45:10
2022-04-17 23:57:36,2022-04-17 23:58:00,Doing_Laundry,annotator,HIGH LEVEL BEHAVIOR,2022-04-17 10:45:16,2022-04-17 10:45:40
2022-04-17 23:58:07,2022-04-17 23:59:57,HLB_Other,annotator,HIGH LEVEL BEHAVIOR,2022-04-17 10:45:47,2022-04-17 10:47:37
2022-04-18 00:00:02,2022-04-18 00:28:32,HLB_Indecipherable/Video_Insufficient,annotator,HIGH LEVEL BEHAVIOR,2022-04-17 10:47:42,2022-04-17 11:16:12
2022-04-18 00:28:36,2022-04-18 00:30:14,Grooming/Self_Care,annotator,HIGH LEVEL BEHAVIOR,2022-04-17 11:16:16,2022-04-17 11:17:54
2022-04-18 00:30:18,2022-04-18 00:33:44,HLB_Indecipherable/Video_Insufficient,annotator,HIGH LEVEL BEHAVIOR,2022-04-17 11:17:58,2022-04-17 11:21:24
2022-04-18 00:33:49,2022-04-18 00:38:25,Eating/Dining, Using_Computer/Screen,annotator,HIGH LEVEL BEHAVIOR,2022-04-17 11:21:29,2022-04-17 11:26:05
2022-04-18 00:38:28,2022-04-18 00:38:53,Eating/Dining,annotator,HIGH LEVEL BEHAVIOR,2022-04-17 11:26:08,2022-04-17 11:26:33
2022-04-18 00:38:57,2022-04-18 00:39:10,Eating/Dining, Using_Computer/Screen,annotator,HIGH LEVEL BEHAVIOR,2022-04-17 11:26:37,2022-04-17 11:26:50
2022-04-18 00:39:16,2022-04-18 00:41:05,HLB_Other,annotator,HIGH LEVEL BEHAVIOR,2022-04-17 11:26:56,2022-04-17 11:28:45
2022-04-18 00:41:13,2022-04-18 00:53:19,Using_Computer/Screen,annotator,HIGH LEVEL BEHAVIOR,2022-04-17 11:28:53,2022-04-17 11:40:59
2022-04-18 00:53:25,2022-04-18 00:53:56,HLB_Other,annotator,HIGH LEVEL BEHAVIOR,2022-04-17 11:41:05,2022-04-17 11:41:36
2022-04-18 00:54:03,2022-04-18 01:00:29,Using_Computer/Screen,annotator,HIGH LEVEL BEHAVIOR,2022-04-17 11:41:43,2022-04-17 11:48:09
2022-04-18 01:00:32,2022-04-18 01:01:09,,annotator,HIGH LEVEL BEHAVIOR,2022-04-17 11:48:12,2022-04-17 11:48:49
2022-04-18 01:01:13,2022-04-18 01:16:09,Using_Computer/Screen,annotator,HIGH LEVEL BEHAVIOR,2022-04-17 11:48:53,2022-04-17 12:03:49
2022-04-18 01:16:14,2022-04-18 01:17:04,,annotator,HIGH LEVEL BEHAVIOR,2022-04-17 12:03:54,2022-04-17 12:04:44
2022-04-18 01:17:08,2022-04-18 01:17:35,Using_Computer/Screen,annotator,HIGH LEVEL BEHAVIOR,2022-04-17 12:04:48,2022-04-17 12:05:15
2022-04-18 01:17:41,2022-04-18 01:18:54,,annotator,HIGH LEVEL BEHAVIOR,2022-04-17 12:05:21,2022-04-17 12:06:34
2022-04-18 01:19:01,2022-04-18 01:20:40,,annotator,HIGH LEVEL BEHAVIOR,2022-04-17 12:06:41,2022-04-17 12:08:20
2022-04-18 01:20:46,2022-04-18 01:20:48,,annotator,HIGH LEVEL BEHAVIOR,2022-04-17 12:08:26,2022-04-17 12:08:28
2022-04-18 01:20:53,2022-04-18 01:31:38,,annotator,HIGH LEVEL BEHAVIOR,2022-04-17 12:08:33,2022-04-17 12:19:18
2022-04-18 01:31:43,2022-04-18 01:35:18,Using_Computer/Screen,annotator,HIGH LEVEL BEHAVIOR,2022-04-17 12:19:23,2022-04-17 12:22:58
2022-04-18 01:35:24,2022-04-18 01:35:53,,annotator,HIGH LEVEL BEHAVIOR,2022-04-17 12:23:04,2022-04-17 12:23:33
2022-04-18 01:36:00,2022-04-18 01:36:44,Using_Computer/Screen,annotator,HIGH LEVEL BEHAVIOR,2022-04-17 12:23:40,2022-04-17 12:24:24
2022-04-18 01:36:49,2022-04-18 01:38:13,,annotator,HIGH LEVEL BEHAVIOR,2022-04-17 12:24:29,2022-04-17 12:25:53
2022-04-18 01:38:20,2022-04-18 01:40:07,Using_Computer/Screen,annotator,HIGH LEVEL BEHAVIOR,2022-04-17 12:26:00,2022-04-17 12:27:47
2022-04-18 01:40:11,2022-04-18 01:41:06,,annotator,HIGH LEVEL BEHAVIOR,2022-04-17 12:27:51,2022-04-17 12:28:46
2022-04-18 01:41:10,2022-04-18 02:04:55,Using_Computer/Screen,annotator,HIGH LEVEL BEHAVIOR,2022-04-17 12:28:50,2022-04-17 12:52:35
2022-04-18 02:05:01,2022-04-18 02:06:10,,annotator,HIGH LEVEL BEHAVIOR,2022-04-17 12:52:41,2022-04-17 12:53:50
2022-04-18 02:06:16,2022-04-18 02:07:41,Using_Computer/Screen,annotator,HIGH LEVEL BEHAVIOR,2022-04-17 12:53:56,2022-04-17 12:55:21
2022-04-18 02:07:49,2022-04-18 02:08:24,HLB_Indecipherable/Video_Insufficient,annotator,HIGH LEVEL BEHAVIOR,2022-04-17 12:55:29,2022-04-17 12:56:04
2022-04-18 02:08:30,2022-04-18 02:25:11,Using_Computer/Screen,annotator,HIGH LEVEL BEHAVIOR,2022-04-17 12:56:10,2022-04-17 13:12:51
2022-04-18 02:25:15,2022-04-18 02:26:09,,annotator,HIGH LEVEL BEHAVIOR,2022-04-17 13:12:55,2022-04-17 13:13:49
2022-04-18 02:26:17,2022-04-18 02:30:53,Using_Computer/Screen,annotator,HIGH LEVEL BEHAVIOR,2022-04-17 13:13:57,2022-04-17 13:18:33
2022-04-18 02:31:00,2022-04-18 02:38:11,,annotator,HIGH LEVEL BEHAVIOR,2022-04-17 13:18:40,2022-04-17 13:25:51
2022-04-18 02:38:34,2022-04-18 02:56:33,WatchingTV/Movies, Using_Computer/Screen, Eating/Dining,annotator,HIGH LEVEL BEHAVIOR,2022-04-17 13:26:14,2022-04-17 13:44:13
2022-04-18 02:56:39,2022-04-18 03:01:09,HLB_Indecipherable/Video_Insufficient,annotator,HIGH LEVEL BEHAVIOR,2022-04-17 13:44:19,2022-04-17 13:48:49
2022-04-18 03:01:11,2022-04-18 03:01:36,HLB_Other,annotator,HIGH LEVEL BEHAVIOR,2022-04-17 13:48:51,2022-04-17 13:49:16
