START_TIME,STOP_TIME,PREDICTION,SOURCE,LABELSET,VIDEO_START_TIME,VIDEO_END_TIME
2022-06-03 09:27:45,2022-06-03 09:27:58,Located_Indoors, Holding_Other_Object_Light,annotator,Behavioral Parameters,2022-06-03 00:00:00,2022-06-03 00:00:13
2022-06-03 09:27:58,2022-06-03 09:28:21,Located_Indoors,annotator,Behavioral Parameters,2022-06-03 00:00:13,2022-06-03 00:00:36
2022-06-03 09:28:21,2022-06-03 09:28:30,Located_Indoors,annotator,Behavioral Parameters,2022-06-03 00:00:36,2022-06-03 00:00:45
2022-06-03 09:28:30,2022-06-03 09:28:35,Located_Indoors, Holding_Other_Object_Light,annotator,Behavioral Parameters,2022-06-03 00:00:45,2022-06-03 00:00:50
2022-06-03 09:28:35,2022-06-03 09:29:23,Located_Indoors, Holding_Other_Object_Light,annotator,Behavioral Parameters,2022-06-03 00:00:50,2022-06-03 00:01:38
2022-06-03 09:29:23,2022-06-03 09:29:38,Located_Indoors, Holding_Other_Object_Light,annotator,Behavioral Parameters,2022-06-03 00:01:38,2022-06-03 00:01:53
2022-06-03 09:29:38,2022-06-03 09:29:44,Located_Indoors,annotator,Behavioral Parameters,2022-06-03 00:01:53,2022-06-03 00:01:59
2022-06-03 09:29:44,2022-06-03 09:30:00,Located_Indoors, Holding_Other_Object_Light,annotator,Behavioral Parameters,2022-06-03 00:01:59,2022-06-03 00:02:15
2022-06-03 09:30:00,2022-06-03 09:30:08,Located_Indoors,annotator,Behavioral Parameters,2022-06-03 00:02:15,2022-06-03 00:02:23
2022-06-03 09:30:08,2022-06-03 09:30:28,Located_Indoors,annotator,Behavioral Parameters,2022-06-03 00:02:23,2022-06-03 00:02:43
2022-06-03 09:30:28,2022-06-03 09:30:38,Located_Indoors, Texting/Browsing_Phone,annotator,Behavioral Parameters,2022-06-03 00:02:43,2022-06-03 00:02:53
2022-06-03 09:30:38,2022-06-03 09:30:45,Located_Indoors, Texting/Browsing_Phone,annotator,Behavioral Parameters,2022-06-03 00:02:53,2022-06-03 00:03:00
2022-06-03 09:30:45,2022-06-03 09:30:52,Located_Indoors, Texting/Browsing_Phone,annotator,Behavioral Parameters,2022-06-03 00:03:00,2022-06-03 00:03:07
2022-06-03 09:30:52,2022-06-03 09:30:55,Located_Indoors, Texting/Browsing_Phone,annotator,Behavioral Parameters,2022-06-03 00:03:07,2022-06-03 00:03:10
2022-06-03 09:30:55,2022-06-03 09:30:59,Located_Indoors, Holding_Other_Object_Light,annotator,Behavioral Parameters,2022-06-03 00:03:10,2022-06-03 00:03:14
2022-06-03 09:30:59,2022-06-03 09:31:17,Located_Indoors,annotator,Behavioral Parameters,2022-06-03 00:03:14,2022-06-03 00:03:32
2022-06-03 09:31:17,2022-06-03 09:31:33,Located_Indoors, Texting/Browsing_Phone,annotator,Behavioral Parameters,2022-06-03 00:03:32,2022-06-03 00:03:48
2022-06-03 09:31:33,2022-06-03 09:31:41,Located_Indoors, Holding_Other_Object_Light,annotator,Behavioral Parameters,2022-06-03 00:03:48,2022-06-03 00:03:56
2022-06-03 09:31:41,2022-06-03 09:31:46,Located_Indoors, Holding_Other_Object_Light,annotator,Behavioral Parameters,2022-06-03 00:03:56,2022-06-03 00:04:01
2022-06-03 09:31:46,2022-06-03 09:31:53,Located_Indoors, Holding_Other_Object_Light,annotator,Behavioral Parameters,2022-06-03 00:04:01,2022-06-03 00:04:08
2022-06-03 09:31:53,2022-06-03 09:32:04,Located_Indoors, Holding_Other_Object_Light,annotator,Behavioral Parameters,2022-06-03 00:04:08,2022-06-03 00:04:19
2022-06-03 09:32:04,2022-06-03 09:32:25,Located_Indoors, Holding_Other_Object_Light,annotator,Behavioral Parameters,2022-06-03 00:04:19,2022-06-03 00:04:40
2022-06-03 09:32:25,2022-06-03 09:32:40,Located_Indoors, Holding_Other_Object_Light,annotator,Behavioral Parameters,2022-06-03 00:04:40,2022-06-03 00:04:55
2022-06-03 09:32:40,2022-06-03 09:33:12,Located_Indoors,annotator,Behavioral Parameters,2022-06-03 00:04:55,2022-06-03 00:05:27
2022-06-03 09:33:12,2022-06-03 09:33:47,Located_Indoors, Texting/Browsing_Phone,annotator,Behavioral Parameters,2022-06-03 00:05:27,2022-06-03 00:06:02
2022-06-03 09:33:47,2022-06-03 09:34:18,Located_Indoors, Holding_Other_Object_Light,annotator,Behavioral Parameters,2022-06-03 00:06:02,2022-06-03 00:06:33
2022-06-03 09:34:18,2022-06-03 09:34:32,Located_Indoors, Texting/Browsing_Phone,annotator,Behavioral Parameters,2022-06-03 00:06:33,2022-06-03 00:06:47
2022-06-03 09:34:32,2022-06-03 09:34:38,Located_Indoors,annotator,Behavioral Parameters,2022-06-03 00:06:47,2022-06-03 00:06:53
2022-06-03 09:34:38,2022-06-03 09:35:03,Located_Indoors, Holding_Other_Object_Light,annotator,Behavioral Parameters,2022-06-03 00:06:53,2022-06-03 00:07:18
2022-06-03 09:35:03,2022-06-03 09:35:09,Located_Indoors,annotator,Behavioral Parameters,2022-06-03 00:07:18,2022-06-03 00:07:24
2022-06-03 09:35:09,2022-06-03 09:35:16,Located_Indoors, Texting/Browsing_Phone,annotator,Behavioral Parameters,2022-06-03 00:07:24,2022-06-03 00:07:31
2022-06-03 09:35:16,2022-06-03 09:35:28,Located_Indoors, Texting/Browsing_Phone,annotator,Behavioral Parameters,2022-06-03 00:07:31,2022-06-03 00:07:43
2022-06-03 09:35:28,2022-06-03 09:36:07,Located_Indoors, Holding_Solid_Food,annotator,Behavioral Parameters,2022-06-03 00:07:43,2022-06-03 00:08:22
2022-06-03 09:36:07,2022-06-03 09:36:33,Located_Indoors,annotator,Behavioral Parameters,2022-06-03 00:08:22,2022-06-03 00:08:48
2022-06-03 09:36:33,2022-06-03 09:36:49,Located_Indoors, Holding_Other_Object_Light,annotator,Behavioral Parameters,2022-06-03 00:08:48,2022-06-03 00:09:04
2022-06-03 09:36:49,2022-06-03 09:37:00,Located_Indoors,annotator,Behavioral Parameters,2022-06-03 00:09:04,2022-06-03 00:09:15
2022-06-03 09:37:00,2022-06-03 09:37:04,Located_Indoors, Texting/Browsing_Phone,annotator,Behavioral Parameters,2022-06-03 00:09:15,2022-06-03 00:09:19
2022-06-03 09:37:04,2022-06-03 09:37:09,Located_Indoors,annotator,Behavioral Parameters,2022-06-03 00:09:19,2022-06-03 00:09:24
2022-06-03 09:37:09,2022-06-03 09:39:01,Holding_Other_Object_Light,annotator,Behavioral Parameters,2022-06-03 00:09:24,2022-06-03 00:11:16
2022-06-03 09:39:01,2022-06-03 09:39:49,Holding_Other_Object_Light, Texting/Browsing_Phone,annotator,Behavioral Parameters,2022-06-03 00:11:16,2022-06-03 00:12:04
2022-06-03 09:39:49,2022-06-03 09:41:08,Holding_Other_Object_Light,annotator,Behavioral Parameters,2022-06-03 00:12:04,2022-06-03 00:13:23
2022-06-03 09:41:08,2022-06-03 09:41:26,Holding_Other_Object_Light, Texting/Browsing_Phone,annotator,Behavioral Parameters,2022-06-03 00:13:23,2022-06-03 00:13:41
2022-06-03 09:41:26,2022-06-03 09:41:45,Holding_Other_Object_Light,annotator,Behavioral Parameters,2022-06-03 00:13:41,2022-06-03 00:14:00
2022-06-03 09:41:45,2022-06-03 09:43:31,Holding_Other_Object_Light,annotator,Behavioral Parameters,2022-06-03 00:14:00,2022-06-03 00:15:46
2022-06-03 09:43:31,2022-06-03 09:44:03,Holding_Other_Object_Light,annotator,Behavioral Parameters,2022-06-03 00:15:46,2022-06-03 00:16:18
2022-06-03 09:44:03,2022-06-03 09:44:26,Holding_Other_Object_Light,annotator,Behavioral Parameters,2022-06-03 00:16:18,2022-06-03 00:16:41
2022-06-03 09:44:26,2022-06-03 09:44:42,Holding_Solid_Food,annotator,Behavioral Parameters,2022-06-03 00:16:41,2022-06-03 00:16:57
2022-06-03 09:44:42,2022-06-03 09:48:07,Holding_Solid_Food, Texting/Browsing_Phone,annotator,Behavioral Parameters,2022-06-03 00:16:57,2022-06-03 00:20:22
2022-06-03 09:48:07,2022-06-03 09:49:26,Located_Indoors, Holding_Other_Object_Light,annotator,Behavioral Parameters,2022-06-03 00:20:22,2022-06-03 00:21:41
2022-06-03 09:49:26,2022-06-03 09:50:30,Located_Indoors, Holding_Solid_Food, Texting/Browsing_Phone,annotator,Behavioral Parameters,2022-06-03 00:21:41,2022-06-03 00:22:45
2022-06-03 09:50:30,2022-06-03 09:50:57,Located_Indoors, Texting/Browsing_Phone,annotator,Behavioral Parameters,2022-06-03 00:22:45,2022-06-03 00:23:12
2022-06-03 09:50:57,2022-06-03 09:51:30,Located_Indoors,annotator,Behavioral Parameters,2022-06-03 00:23:12,2022-06-03 00:23:45
2022-06-03 09:51:30,2022-06-03 09:52:11,Located_Indoors,annotator,Behavioral Parameters,2022-06-03 00:23:45,2022-06-03 00:24:26
2022-06-03 09:52:11,2022-06-03 09:52:38,Located_Indoors,annotator,Behavioral Parameters,2022-06-03 00:24:26,2022-06-03 00:24:53
2022-06-03 09:52:38,2022-06-03 09:53:07,Located_Indoors,annotator,Behavioral Parameters,2022-06-03 00:24:53,2022-06-03 00:25:22
2022-06-03 09:53:07,2022-06-03 09:53:48,Located_Indoors,annotator,Behavioral Parameters,2022-06-03 00:25:22,2022-06-03 00:26:03
2022-06-03 09:53:48,2022-06-03 09:54:36,Located_Indoors,annotator,Behavioral Parameters,2022-06-03 00:26:03,2022-06-03 00:26:51
2022-06-03 09:54:36,2022-06-03 09:54:58,Located_Indoors, Holding_Other_Object_Light,annotator,Behavioral Parameters,2022-06-03 00:26:51,2022-06-03 00:27:13
2022-06-03 09:54:58,2022-06-03 09:55:24,Located_Indoors,annotator,Behavioral Parameters,2022-06-03 00:27:13,2022-06-03 00:27:39
2022-06-03 09:55:24,2022-06-03 09:55:51,Located_Indoors, Texting/Browsing_Phone,annotator,Behavioral Parameters,2022-06-03 00:27:39,2022-06-03 00:28:06
2022-06-03 09:55:51,2022-06-03 09:56:08,Located_Indoors,annotator,Behavioral Parameters,2022-06-03 00:28:06,2022-06-03 00:28:23
2022-06-03 09:56:08,2022-06-03 09:56:38,Located_Indoors,annotator,Behavioral Parameters,2022-06-03 00:28:23,2022-06-03 00:28:53
2022-06-03 09:56:38,2022-06-03 09:56:49,Located_Indoors,annotator,Behavioral Parameters,2022-06-03 00:28:53,2022-06-03 00:29:04
2022-06-03 09:56:49,2022-06-03 09:57:01,Located_Indoors,annotator,Behavioral Parameters,2022-06-03 00:29:04,2022-06-03 00:29:16
2022-06-03 09:57:01,2022-06-03 09:57:19,Located_Indoors,annotator,Behavioral Parameters,2022-06-03 00:29:16,2022-06-03 00:29:34
2022-06-03 09:57:19,2022-06-03 09:59:16,Located_Indoors,annotator,Behavioral Parameters,2022-06-03 00:29:34,2022-06-03 00:31:31
2022-06-03 09:59:16,2022-06-03 09:59:39,Located_Indoors, Texting/Browsing_Phone,annotator,Behavioral Parameters,2022-06-03 00:31:31,2022-06-03 00:31:54
2022-06-03 09:59:39,2022-06-03 09:59:56,Located_Indoors,annotator,Behavioral Parameters,2022-06-03 00:31:54,2022-06-03 00:32:11
2022-06-03 09:59:56,2022-06-03 10:00:19,Located_Indoors,annotator,Behavioral Parameters,2022-06-03 00:32:11,2022-06-03 00:32:34
2022-06-03 10:00:19,2022-06-03 10:02:29,Located_Outdoors, Texting/Browsing_Phone,annotator,Behavioral Parameters,2022-06-03 00:32:34,2022-06-03 00:34:44
2022-06-03 10:02:29,2022-06-03 10:05:05,Located_Outdoors, Texting/Browsing_Phone,annotator,Behavioral Parameters,2022-06-03 00:34:44,2022-06-03 00:37:20
2022-06-03 10:05:05,2022-06-03 10:06:31,Located_Outdoors,annotator,Behavioral Parameters,2022-06-03 00:37:20,2022-06-03 00:38:46
2022-06-03 10:06:31,2022-06-03 10:07:05,Located_Outdoors,annotator,Behavioral Parameters,2022-06-03 00:38:46,2022-06-03 00:39:20
2022-06-03 10:07:05,2022-06-03 10:09:55,Located_Outdoors, Texting/Browsing_Phone,annotator,Behavioral Parameters,2022-06-03 00:39:20,2022-06-03 00:42:10
2022-06-03 10:09:55,2022-06-03 10:11:01,Located_Outdoors, Texting/Browsing_Phone,annotator,Behavioral Parameters,2022-06-03 00:42:10,2022-06-03 00:43:16
2022-06-03 10:11:01,2022-06-03 10:13:13,Located_Outdoors, Texting/Browsing_Phone,annotator,Behavioral Parameters,2022-06-03 00:43:16,2022-06-03 00:45:28
2022-06-03 10:13:13,2022-06-03 10:13:32,Located_Outdoors,annotator,Behavioral Parameters,2022-06-03 00:45:28,2022-06-03 00:45:47
2022-06-03 10:13:32,2022-06-03 10:13:32,Located_Outdoors,annotator,Behavioral Parameters,2022-06-03 00:45:47,2022-06-03 00:45:47
2022-06-03 10:13:32,2022-06-03 10:13:57,Located_Outdoors, Texting/Browsing_Phone,annotator,Behavioral Parameters,2022-06-03 00:45:47,2022-06-03 00:46:12
2022-06-03 10:13:57,2022-06-03 10:14:20,Located_Outdoors,annotator,Behavioral Parameters,2022-06-03 00:46:12,2022-06-03 00:46:35
2022-06-03 10:14:20,2022-06-03 10:14:45,Located_Outdoors,annotator,Behavioral Parameters,2022-06-03 00:46:35,2022-06-03 00:47:00
2022-06-03 10:14:45,2022-06-03 10:15:02,Located_Outdoors,annotator,Behavioral Parameters,2022-06-03 00:47:00,2022-06-03 00:47:17
2022-06-03 10:15:02,2022-06-03 10:15:54,Located_Outdoors,annotator,Behavioral Parameters,2022-06-03 00:47:17,2022-06-03 00:48:09
2022-06-03 10:15:54,2022-06-03 10:16:35,Located_Outdoors, Texting/Browsing_Phone,annotator,Behavioral Parameters,2022-06-03 00:48:09,2022-06-03 00:48:50
2022-06-03 10:16:35,2022-06-03 10:17:20,Located_Indoors,annotator,Behavioral Parameters,2022-06-03 00:48:50,2022-06-03 00:49:35
2022-06-03 10:17:20,2022-06-03 10:17:58,Located_Indoors,annotator,Behavioral Parameters,2022-06-03 00:49:35,2022-06-03 00:50:13
2022-06-03 10:17:58,2022-06-03 10:18:07,Located_Indoors, Holding_Other_Object_Light,annotator,Behavioral Parameters,2022-06-03 00:50:13,2022-06-03 00:50:22
2022-06-03 10:18:07,2022-06-03 10:18:53,Holding_Other_Object_Light, Located_Outdoors,annotator,Behavioral Parameters,2022-06-03 00:50:22,2022-06-03 00:51:08
2022-06-03 10:18:53,2022-06-03 10:19:38,Holding_Other_Object_Light, Located_Outdoors, Texting/Browsing_Phone,annotator,Behavioral Parameters,2022-06-03 00:51:08,2022-06-03 00:51:53
2022-06-03 10:19:38,2022-06-03 10:20:56,Holding_Other_Object_Light, Located_Outdoors, Using_Umbrella,annotator,Behavioral Parameters,2022-06-03 00:51:53,2022-06-03 00:53:11
2022-06-03 10:20:56,2022-06-03 10:21:10,Holding_Other_Object_Light, Located_Outdoors,annotator,Behavioral Parameters,2022-06-03 00:53:11,2022-06-03 00:53:25
2022-06-03 10:21:10,2022-06-03 10:21:20,Holding_Other_Object_Light, Located_Outdoors,annotator,Behavioral Parameters,2022-06-03 00:53:25,2022-06-03 00:53:35
2022-06-03 10:21:20,2022-06-03 10:21:39,Holding_Other_Object_Light, Located_Outdoors, Texting/Browsing_Phone,annotator,Behavioral Parameters,2022-06-03 00:53:35,2022-06-03 00:53:54
2022-06-03 10:21:39,2022-06-03 10:22:26,Holding_Other_Object_Light, Located_Outdoors,annotator,Behavioral Parameters,2022-06-03 00:53:54,2022-06-03 00:54:41
2022-06-03 10:22:26,2022-06-03 10:22:39,Holding_Other_Object_Light, Located_Outdoors, Using_Umbrella,annotator,Behavioral Parameters,2022-06-03 00:54:41,2022-06-03 00:54:54
2022-06-03 10:22:39,2022-06-03 10:22:50,Holding_Other_Object_Light, Located_Outdoors, Using_Umbrella,annotator,Behavioral Parameters,2022-06-03 00:54:54,2022-06-03 00:55:05
2022-06-03 10:22:50,2022-06-03 10:24:06,Holding_Other_Object_Light, Located_Outdoors, Using_Umbrella,annotator,Behavioral Parameters,2022-06-03 00:55:05,2022-06-03 00:56:21
2022-06-03 10:24:06,2022-06-03 10:24:28,Holding_Other_Object_Light, Located_Outdoors, Using_Umbrella,annotator,Behavioral Parameters,2022-06-03 00:56:21,2022-06-03 00:56:43
2022-06-03 10:24:28,2022-06-03 10:26:01,Holding_Other_Object_Light, Located_Outdoors, Using_Umbrella,annotator,Behavioral Parameters,2022-06-03 00:56:43,2022-06-03 00:58:16
2022-06-03 10:26:01,2022-06-03 10:27:29,Holding_Other_Object_Light, Located_Outdoors, Using_Umbrella, Texting/Browsing_Phone,annotator,Behavioral Parameters,2022-06-03 00:58:16,2022-06-03 00:59:44
2022-06-03 10:27:29,2022-06-03 10:27:54,Holding_Other_Object_Light, Located_Outdoors, Using_Umbrella,annotator,Behavioral Parameters,2022-06-03 00:59:44,2022-06-03 01:00:09
2022-06-03 10:27:54,2022-06-03 10:28:09,Holding_Other_Object_Light, Located_Indoors,annotator,Behavioral Parameters,2022-06-03 01:00:09,2022-06-03 01:00:24
2022-06-03 10:28:09,2022-06-03 10:29:01,Holding_Other_Object_Light, Located_Indoors, Texting/Browsing_Phone,annotator,Behavioral Parameters,2022-06-03 01:00:24,2022-06-03 01:01:16
2022-06-03 10:29:01,2022-06-03 10:29:26,Holding_Other_Object_Light, Located_Indoors,annotator,Behavioral Parameters,2022-06-03 01:01:16,2022-06-03 01:01:41
2022-06-03 10:29:26,2022-06-03 10:30:13,Holding_Other_Object_Light, Located_Indoors,annotator,Behavioral Parameters,2022-06-03 01:01:41,2022-06-03 01:02:28
2022-06-03 10:30:13,2022-06-03 10:30:42,Holding_Other_Object_Light, Located_Indoors,annotator,Behavioral Parameters,2022-06-03 01:02:28,2022-06-03 01:02:57
2022-06-03 10:30:42,2022-06-03 10:31:11,Holding_Other_Object_Light, Located_Indoors,annotator,Behavioral Parameters,2022-06-03 01:02:57,2022-06-03 01:03:26
2022-06-03 10:31:13,2022-06-03 10:31:55,Holding_Other_Object_Light, Located_Indoors, In_Conversation,annotator,Behavioral Parameters,2022-06-03 01:03:28,2022-06-03 01:04:10
2022-06-03 10:31:55,2022-06-03 10:33:38,In_Conversation, Holding_Solid_Food, Located_Indoors,annotator,Behavioral Parameters,2022-06-03 01:04:10,2022-06-03 01:05:53
2022-06-03 10:33:38,2022-06-03 10:34:10,Holding_Solid_Food, Located_Indoors, Texting/Browsing_Phone,annotator,Behavioral Parameters,2022-06-03 01:05:53,2022-06-03 01:06:25
2022-06-03 10:34:10,2022-06-03 10:35:19,Holding_Solid_Food, Located_Indoors,annotator,Behavioral Parameters,2022-06-03 01:06:25,2022-06-03 01:07:34
2022-06-03 10:35:19,2022-06-03 10:35:48,Located_Indoors,annotator,Behavioral Parameters,2022-06-03 01:07:34,2022-06-03 01:08:03
2022-06-03 10:35:48,2022-06-03 10:44:24,Located_Indoors, Holding_Solid_Food,annotator,Behavioral Parameters,2022-06-03 01:08:03,2022-06-03 01:16:39
2022-06-03 10:44:29,2022-06-03 10:45:12,Located_Indoors, In_Conversation,annotator,Behavioral Parameters,2022-06-03 01:16:44,2022-06-03 01:17:27
2022-06-03 10:45:12,2022-06-03 10:46:15,Located_Indoors, In_Conversation, Holding_Solid_Food,annotator,Behavioral Parameters,2022-06-03 01:17:27,2022-06-03 01:18:30
2022-06-03 10:46:15,2022-06-03 10:46:30,Located_Indoors, In_Conversation, Holding_Solid_Food,annotator,Behavioral Parameters,2022-06-03 01:18:30,2022-06-03 01:18:45
2022-06-03 10:46:30,2022-06-03 10:47:05,Located_Indoors, In_Conversation,annotator,Behavioral Parameters,2022-06-03 01:18:45,2022-06-03 01:19:20
2022-06-03 10:47:05,2022-06-03 10:48:20,Located_Indoors, In_Conversation,annotator,Behavioral Parameters,2022-06-03 01:19:20,2022-06-03 01:20:35
2022-06-03 10:48:20,2022-06-03 10:50:44,Located_Indoors, In_Conversation, Texting/Browsing_Phone,annotator,Behavioral Parameters,2022-06-03 01:20:35,2022-06-03 01:22:59
2022-06-03 10:50:44,2022-06-03 10:51:15,Located_Indoors, In_Conversation,annotator,Behavioral Parameters,2022-06-03 01:22:59,2022-06-03 01:23:30
2022-06-03 10:51:15,2022-06-03 10:53:14,Located_Indoors, In_Conversation,annotator,Behavioral Parameters,2022-06-03 01:23:30,2022-06-03 01:25:29
2022-06-03 10:53:14,2022-06-03 10:57:53,Located_Indoors, In_Conversation,annotator,Behavioral Parameters,2022-06-03 01:25:29,2022-06-03 01:30:08
2022-06-03 10:57:53,2022-06-03 10:58:10,Located_Indoors, In_Conversation,annotator,Behavioral Parameters,2022-06-03 01:30:08,2022-06-03 01:30:25
2022-06-03 10:58:10,2022-06-03 11:00:15,Located_Indoors, In_Conversation,annotator,Behavioral Parameters,2022-06-03 01:30:25,2022-06-03 01:32:30
2022-06-03 11:00:15,2022-06-03 11:03:06,Located_Indoors, In_Conversation, Texting/Browsing_Phone,annotator,Behavioral Parameters,2022-06-03 01:32:30,2022-06-03 01:35:21
2022-06-03 11:03:06,2022-06-03 11:09:21,Located_Indoors, In_Conversation,annotator,Behavioral Parameters,2022-06-03 01:35:21,2022-06-03 01:41:36
2022-06-03 11:09:21,2022-06-03 11:09:39,Located_Indoors, In_Conversation, Texting/Browsing_Phone,annotator,Behavioral Parameters,2022-06-03 01:41:36,2022-06-03 01:41:54
2022-06-03 11:09:39,2022-06-03 11:12:15,Located_Indoors, In_Conversation,annotator,Behavioral Parameters,2022-06-03 01:41:54,2022-06-03 01:44:30
2022-06-03 11:12:15,2022-06-03 11:13:39,Located_Indoors, In_Conversation, Texting/Browsing_Phone,annotator,Behavioral Parameters,2022-06-03 01:44:30,2022-06-03 01:45:54
2022-06-03 11:13:39,2022-06-03 11:16:16,Located_Indoors, In_Conversation,annotator,Behavioral Parameters,2022-06-03 01:45:54,2022-06-03 01:48:31
2022-06-03 11:16:16,2022-06-03 11:16:25,Located_Indoors, In_Conversation, Texting/Browsing_Phone,annotator,Behavioral Parameters,2022-06-03 01:48:31,2022-06-03 01:48:40
2022-06-03 11:16:25,2022-06-03 11:16:37,Located_Indoors, In_Conversation,annotator,Behavioral Parameters,2022-06-03 01:48:40,2022-06-03 01:48:52
2022-06-03 11:16:37,2022-06-03 11:17:03,Located_Indoors,annotator,Behavioral Parameters,2022-06-03 01:48:52,2022-06-03 01:49:18
2022-06-03 11:17:03,2022-06-03 11:27:19,Located_Indoors,annotator,Behavioral Parameters,2022-06-03 01:49:18,2022-06-03 01:59:34
2022-06-03 11:27:19,2022-06-03 11:45:26,Located_Indoors, Typing_Computer,annotator,Behavioral Parameters,2022-06-03 01:59:34,2022-06-03 02:17:41
2022-06-03 11:45:26,2022-06-03 11:46:32,Located_Indoors, CP_VideoUnavailable/Indecipherable,annotator,Behavioral Parameters,2022-06-03 02:17:41,2022-06-03 02:18:47
2022-06-03 11:46:32,2022-06-03 11:49:46,Located_Indoors,annotator,Behavioral Parameters,2022-06-03 02:18:47,2022-06-03 02:22:01
2022-06-03 11:49:46,2022-06-03 11:50:32,Located_Indoors,annotator,Behavioral Parameters,2022-06-03 02:22:01,2022-06-03 02:22:47
2022-06-03 11:50:32,2022-06-03 11:50:54,Located_Indoors, Holding_Other_Object_Light, Carrying_Bag_On_Shoulder/Back_Light,annotator,Behavioral Parameters,2022-06-03 02:22:47,2022-06-03 02:23:09
2022-06-03 11:50:54,2022-06-03 11:51:20,Located_Indoors, Holding_Other_Object_Light, Carrying_Bag_On_Shoulder/Back_Light,annotator,Behavioral Parameters,2022-06-03 02:23:09,2022-06-03 02:23:35
2022-06-03 11:51:20,2022-06-03 11:53:45,Holding_Other_Object_Light, Carrying_Bag_On_Shoulder/Back_Light, Located_Outdoors,annotator,Behavioral Parameters,2022-06-03 02:23:35,2022-06-03 02:26:00
2022-06-03 11:53:45,2022-06-03 11:54:13,Holding_Other_Object_Light, Carrying_Bag_On_Shoulder/Back_Light, Located_Outdoors, Texting/Browsing_Phone,annotator,Behavioral Parameters,2022-06-03 02:26:00,2022-06-03 02:26:28
2022-06-03 11:54:13,2022-06-03 11:56:12,Holding_Other_Object_Light, Carrying_Bag_On_Shoulder/Back_Light, Located_Outdoors,annotator,Behavioral Parameters,2022-06-03 02:26:28,2022-06-03 02:28:27
2022-06-03 11:56:12,2022-06-03 11:56:31,Holding_Other_Object_Light, Carrying_Bag_On_Shoulder/Back_Light, Located_Outdoors,annotator,Behavioral Parameters,2022-06-03 02:28:27,2022-06-03 02:28:46
2022-06-03 11:56:31,2022-06-03 11:57:13,Holding_Other_Object_Light, Carrying_Bag_On_Shoulder/Back_Light, Located_Outdoors,annotator,Behavioral Parameters,2022-06-03 02:28:46,2022-06-03 02:29:28
2022-06-03 11:57:13,2022-06-03 11:57:31,Holding_Other_Object_Light, Carrying_Bag_On_Shoulder/Back_Light, Located_Outdoors,annotator,Behavioral Parameters,2022-06-03 02:29:28,2022-06-03 02:29:46
2022-06-03 11:57:31,2022-06-03 11:59:31,Holding_Other_Object_Light, Carrying_Bag_On_Shoulder/Back_Light, Located_Outdoors,annotator,Behavioral Parameters,2022-06-03 02:29:46,2022-06-03 02:31:46
2022-06-03 11:59:31,2022-06-03 11:59:50,Holding_Other_Object_Light, Carrying_Bag_On_Shoulder/Back_Light, Located_Indoors,annotator,Behavioral Parameters,2022-06-03 02:31:46,2022-06-03 02:32:05
2022-06-03 11:59:50,2022-06-03 12:00:56,Holding_Other_Object_Light, Carrying_Bag_On_Shoulder/Back_Light, Located_Indoors,annotator,Behavioral Parameters,2022-06-03 02:32:05,2022-06-03 02:33:11
2022-06-03 12:00:56,2022-06-03 12:01:17,Holding_Other_Object_Light, Carrying_Bag_On_Shoulder/Back_Light, Located_Indoors,annotator,Behavioral Parameters,2022-06-03 02:33:11,2022-06-03 02:33:32
2022-06-03 12:01:17,2022-06-03 12:01:41,Located_Indoors,annotator,Behavioral Parameters,2022-06-03 02:33:32,2022-06-03 02:33:56
2022-06-03 12:01:41,2022-06-03 12:02:08,Located_Indoors,annotator,Behavioral Parameters,2022-06-03 02:33:56,2022-06-03 02:34:23
2022-06-03 12:02:31,2022-06-03 12:04:20,Located_Indoors,annotator,Behavioral Parameters,2022-06-03 02:34:46,2022-06-03 02:36:35
2022-06-03 12:04:20,2022-06-03 12:04:20,Located_Indoors,annotator,Behavioral Parameters,2022-06-03 02:36:35,2022-06-03 02:36:35
2022-06-03 12:04:38,2022-06-03 12:18:13,Located_Indoors, CP_VideoUnavailable/Indecipherable,annotator,Behavioral Parameters,2022-06-03 02:36:53,2022-06-03 02:50:28
2022-06-03 12:18:13,2022-06-03 12:51:52,Located_Indoors, CP_VideoUnavailable/Indecipherable,annotator,Behavioral Parameters,2022-06-03 02:50:28,2022-06-03 03:24:07
2022-06-03 12:51:52,2022-06-03 13:15:25,Located_Indoors, CP_VideoUnavailable/Indecipherable,annotator,Behavioral Parameters,2022-06-03 03:24:07,2022-06-03 03:47:40
2022-06-03 13:17:12,2022-06-03 14:00:38,Located_Indoors, CP_VideoUnavailable/Indecipherable,annotator,Behavioral Parameters,2022-06-03 03:49:27,2022-06-03 04:32:53
2022-06-03 14:00:42,2022-06-03 15:32:31,Located_Indoors, CP_VideoUnavailable/Indecipherable,annotator,Behavioral Parameters,2022-06-03 04:32:57,2022-06-03 06:04:46
2022-06-03 15:33:07,2022-06-03 15:42:07,Located_Indoors, CP_VideoUnavailable/Indecipherable,annotator,Behavioral Parameters,2022-06-03 06:05:22,2022-06-03 06:14:22
2022-06-03 15:42:07,2022-06-03 15:43:20,Located_Indoors,annotator,Behavioral Parameters,2022-06-03 06:14:22,2022-06-03 06:15:35
2022-06-03 15:43:20,2022-06-03 15:44:36,Located_Indoors, Carrying_Bag_On_Shoulder/Back_Light,annotator,Behavioral Parameters,2022-06-03 06:15:35,2022-06-03 06:16:51
2022-06-03 15:44:36,2022-06-03 15:44:54,Located_Indoors, Carrying_Bag_On_Shoulder/Back_Light, Holding_Other_Object_Light,annotator,Behavioral Parameters,2022-06-03 06:16:51,2022-06-03 06:17:09
2022-06-03 15:44:54,2022-06-03 15:45:23,Located_Indoors, Carrying_Bag_On_Shoulder/Back_Light, Holding_Other_Object_Light,annotator,Behavioral Parameters,2022-06-03 06:17:09,2022-06-03 06:17:38
2022-06-03 15:45:23,2022-06-03 15:45:51,Located_Indoors, Carrying_Bag_On_Shoulder/Back_Light, Holding_Other_Object_Light, Texting/Browsing_Phone,annotator,Behavioral Parameters,2022-06-03 06:17:38,2022-06-03 06:18:06
2022-06-03 15:45:51,2022-06-03 15:46:08,Located_Indoors, Carrying_Bag_On_Shoulder/Back_Light, Holding_Other_Object_Light, Texting/Browsing_Phone,annotator,Behavioral Parameters,2022-06-03 06:18:06,2022-06-03 06:18:23
2022-06-03 15:46:08,2022-06-03 15:48:23,Carrying_Bag_On_Shoulder/Back_Light, Holding_Other_Object_Light, Texting/Browsing_Phone, Located_Outdoors,annotator,Behavioral Parameters,2022-06-03 06:18:23,2022-06-03 06:20:38
2022-06-03 15:48:23,2022-06-03 15:48:43,Carrying_Bag_On_Shoulder/Back_Light, Holding_Other_Object_Light, Texting/Browsing_Phone, Located_Outdoors,annotator,Behavioral Parameters,2022-06-03 06:20:38,2022-06-03 06:20:58
2022-06-03 15:48:43,2022-06-03 15:49:36,Carrying_Bag_On_Shoulder/Back_Light, Holding_Other_Object_Light, Located_Outdoors,annotator,Behavioral Parameters,2022-06-03 06:20:58,2022-06-03 06:21:51
2022-06-03 15:49:36,2022-06-03 15:49:57,Carrying_Bag_On_Shoulder/Back_Light, Holding_Other_Object_Light, Located_Outdoors,annotator,Behavioral Parameters,2022-06-03 06:21:51,2022-06-03 06:22:12
2022-06-03 15:49:57,2022-06-03 15:50:45,Carrying_Bag_On_Shoulder/Back_Light, Holding_Other_Object_Light, Located_Outdoors, Texting/Browsing_Phone,annotator,Behavioral Parameters,2022-06-03 06:22:12,2022-06-03 06:23:00
2022-06-03 15:50:45,2022-06-03 15:53:18,Carrying_Bag_On_Shoulder/Back_Light, Holding_Other_Object_Light, Located_Outdoors,annotator,Behavioral Parameters,2022-06-03 06:23:00,2022-06-03 06:25:33
2022-06-03 15:53:18,2022-06-03 15:53:41,Carrying_Bag_On_Shoulder/Back_Light, Holding_Other_Object_Light, Located_Outdoors, Texting/Browsing_Phone,annotator,Behavioral Parameters,2022-06-03 06:25:33,2022-06-03 06:25:56
2022-06-03 15:53:41,2022-06-03 15:54:27,Carrying_Bag_On_Shoulder/Back_Light, Holding_Other_Object_Light, Located_Outdoors,annotator,Behavioral Parameters,2022-06-03 06:25:56,2022-06-03 06:26:42
2022-06-03 15:54:27,2022-06-03 15:54:42,Carrying_Bag_On_Shoulder/Back_Light, Holding_Other_Object_Light, Located_Indoors,annotator,Behavioral Parameters,2022-06-03 06:26:42,2022-06-03 06:26:57
2022-06-03 15:54:42,2022-06-03 15:58:59,Carrying_Bag_On_Shoulder/Back_Light, Holding_Other_Object_Light, Located_Indoors, Texting/Browsing_Phone,annotator,Behavioral Parameters,2022-06-03 06:26:57,2022-06-03 06:31:14
2022-06-03 15:58:59,2022-06-03 16:00:42,Carrying_Bag_On_Shoulder/Back_Light, Holding_Other_Object_Light, Located_Indoors, Texting/Browsing_Phone,annotator,Behavioral Parameters,2022-06-03 06:31:14,2022-06-03 06:32:57
2022-06-03 16:00:42,2022-06-03 16:01:07,Carrying_Bag_On_Shoulder/Back_Light, Holding_Other_Object_Light, Located_Indoors,annotator,Behavioral Parameters,2022-06-03 06:32:57,2022-06-03 06:33:22
2022-06-03 16:01:07,2022-06-03 16:01:43,Carrying_Bag_On_Shoulder/Back_Light, Holding_Other_Object_Light, Located_Indoors,annotator,Behavioral Parameters,2022-06-03 06:33:22,2022-06-03 06:33:58
2022-06-03 16:01:43,2022-06-03 16:03:05,Carrying_Bag_On_Shoulder/Back_Light, Holding_Other_Object_Light, Located_Indoors,annotator,Behavioral Parameters,2022-06-03 06:33:58,2022-06-03 06:35:20
2022-06-03 16:03:05,2022-06-03 16:03:21,Carrying_Bag_On_Shoulder/Back_Light, Holding_Other_Object_Light, Located_Indoors,annotator,Behavioral Parameters,2022-06-03 06:35:20,2022-06-03 06:35:36
2022-06-03 16:03:21,2022-06-03 16:03:49,Carrying_Bag_On_Shoulder/Back_Light, Holding_Other_Object_Light, Located_Indoors,annotator,Behavioral Parameters,2022-06-03 06:35:36,2022-06-03 06:36:04
2022-06-03 16:03:49,2022-06-03 16:05:30,Carrying_Bag_On_Shoulder/Back_Light, Holding_Other_Object_Light, Located_Indoors,annotator,Behavioral Parameters,2022-06-03 06:36:04,2022-06-03 06:37:45
2022-06-03 16:05:30,2022-06-03 16:05:46,Located_Indoors,annotator,Behavioral Parameters,2022-06-03 06:37:45,2022-06-03 06:38:01
2022-06-03 16:05:46,2022-06-03 16:07:57,Located_Indoors, CP_VideoUnavailable/Indecipherable,annotator,Behavioral Parameters,2022-06-03 06:38:01,2022-06-03 06:40:12
2022-06-03 16:07:57,2022-06-03 16:09:57,Located_Indoors, In_Conversation,annotator,Behavioral Parameters,2022-06-03 06:40:12,2022-06-03 06:42:12
2022-06-03 16:09:57,2022-06-03 16:12:01,Located_Indoors, In_Conversation,annotator,Behavioral Parameters,2022-06-03 06:42:12,2022-06-03 06:44:16
2022-06-03 16:12:01,2022-06-03 16:14:55,Located_Indoors, In_Conversation, Texting/Browsing_Phone,annotator,Behavioral Parameters,2022-06-03 06:44:16,2022-06-03 06:47:10
2022-06-03 16:14:55,2022-06-03 16:15:44,Located_Indoors, In_Conversation, Texting/Browsing_Phone,annotator,Behavioral Parameters,2022-06-03 06:47:10,2022-06-03 06:47:59
2022-06-03 16:15:44,2022-06-03 16:16:11,Located_Indoors, In_Conversation,annotator,Behavioral Parameters,2022-06-03 06:47:59,2022-06-03 06:48:26
2022-06-03 16:16:11,2022-06-03 16:20:13,Located_Indoors, In_Conversation,annotator,Behavioral Parameters,2022-06-03 06:48:26,2022-06-03 06:52:28
2022-06-03 16:20:13,2022-06-03 16:20:37,Located_Indoors, In_Conversation,annotator,Behavioral Parameters,2022-06-03 06:52:28,2022-06-03 06:52:52
2022-06-03 16:20:37,2022-06-03 16:37:13,Located_Indoors, CP_VideoUnavailable/Indecipherable,annotator,Behavioral Parameters,2022-06-03 06:52:52,2022-06-03 07:09:28
2022-06-03 16:37:13,2022-06-03 16:37:37,Located_Indoors,annotator,Behavioral Parameters,2022-06-03 07:09:28,2022-06-03 07:09:52
2022-06-03 16:37:37,2022-06-03 16:37:58,Located_Indoors,annotator,Behavioral Parameters,2022-06-03 07:09:52,2022-06-03 07:10:13
2022-06-03 16:37:58,2022-06-03 16:39:46,Located_Indoors,annotator,Behavioral Parameters,2022-06-03 07:10:13,2022-06-03 07:12:01
2022-06-03 16:39:46,2022-06-03 16:40:37,Located_Indoors, Texting/Browsing_Phone,annotator,Behavioral Parameters,2022-06-03 07:12:01,2022-06-03 07:12:52
2022-06-03 16:40:37,2022-06-03 16:43:10,Located_Indoors, Texting/Browsing_Phone,annotator,Behavioral Parameters,2022-06-03 07:12:52,2022-06-03 07:15:25
2022-06-03 16:43:10,2022-06-03 16:45:47,Located_Indoors,annotator,Behavioral Parameters,2022-06-03 07:15:25,2022-06-03 07:18:02
2022-06-03 16:45:47,2022-06-03 16:46:16,Located_Indoors,annotator,Behavioral Parameters,2022-06-03 07:18:02,2022-06-03 07:18:31
2022-06-03 16:46:16,2022-06-03 16:51:59,Located_Indoors,annotator,Behavioral Parameters,2022-06-03 07:18:31,2022-06-03 07:24:14
2022-06-03 16:51:59,2022-06-03 16:52:14,Located_Indoors, Texting/Browsing_Phone,annotator,Behavioral Parameters,2022-06-03 07:24:14,2022-06-03 07:24:29
2022-06-03 16:52:14,2022-06-03 16:59:07,Located_Indoors,annotator,Behavioral Parameters,2022-06-03 07:24:29,2022-06-03 07:31:22
2022-06-03 16:59:07,2022-06-03 16:59:40,Located_Indoors,annotator,Behavioral Parameters,2022-06-03 07:31:22,2022-06-03 07:31:55
2022-06-03 16:59:40,2022-06-03 17:03:43,Located_Indoors, Holding_Solid_Food,annotator,Behavioral Parameters,2022-06-03 07:31:55,2022-06-03 07:35:58
2022-06-03 17:03:43,2022-06-03 17:04:15,Located_Indoors,annotator,Behavioral Parameters,2022-06-03 07:35:58,2022-06-03 07:36:30
2022-06-03 17:04:15,2022-06-03 17:08:30,Located_Indoors, Holding_Solid_Food,annotator,Behavioral Parameters,2022-06-03 07:36:30,2022-06-03 07:40:45
2022-06-03 17:08:30,2022-06-03 17:11:57,Located_Indoors, Legs_Crossed, In_Conversation,annotator,Behavioral Parameters,2022-06-03 07:40:45,2022-06-03 07:44:12
2022-06-03 17:11:57,2022-06-03 17:13:56,Located_Indoors, Legs_Crossed, In_Conversation,annotator,Behavioral Parameters,2022-06-03 07:44:12,2022-06-03 07:46:11
2022-06-03 17:13:58,2022-06-03 17:14:17,Located_Indoors, Holding_Other_Object_Light,annotator,Behavioral Parameters,2022-06-03 07:46:13,2022-06-03 07:46:32
2022-06-03 17:14:17,2022-06-03 17:14:32,Located_Indoors, In_Conversation,annotator,Behavioral Parameters,2022-06-03 07:46:32,2022-06-03 07:46:47
2022-06-03 17:14:32,2022-06-03 17:20:50,Located_Indoors, In_Conversation, Browsing_Computer,annotator,Behavioral Parameters,2022-06-03 07:46:47,2022-06-03 07:53:05
2022-06-03 17:20:50,2022-06-03 17:21:26,Located_Indoors, In_Conversation,annotator,Behavioral Parameters,2022-06-03 07:53:05,2022-06-03 07:53:41
2022-06-03 17:21:26,2022-06-03 17:22:20,Located_Indoors, In_Conversation, Browsing_Computer,annotator,Behavioral Parameters,2022-06-03 07:53:41,2022-06-03 07:54:35
2022-06-03 17:22:20,2022-06-03 17:22:28,Located_Indoors, In_Conversation,annotator,Behavioral Parameters,2022-06-03 07:54:35,2022-06-03 07:54:43
2022-06-03 17:22:28,2022-06-03 17:22:52,Located_Indoors, In_Conversation,annotator,Behavioral Parameters,2022-06-03 07:54:43,2022-06-03 07:55:07
2022-06-03 17:22:52,2022-06-03 17:23:08,Located_Indoors, In_Conversation,annotator,Behavioral Parameters,2022-06-03 07:55:07,2022-06-03 07:55:23
2022-06-03 17:23:08,2022-06-03 17:23:15,Located_Indoors, In_Conversation,annotator,Behavioral Parameters,2022-06-03 07:55:23,2022-06-03 07:55:30
2022-06-03 17:23:15,2022-06-03 17:23:25,Located_Indoors, In_Conversation,annotator,Behavioral Parameters,2022-06-03 07:55:30,2022-06-03 07:55:40
2022-06-03 17:23:25,2022-06-03 17:23:34,Located_Indoors, In_Conversation,annotator,Behavioral Parameters,2022-06-03 07:55:40,2022-06-03 07:55:49
2022-06-03 17:23:34,2022-06-03 17:23:52,Located_Indoors,annotator,Behavioral Parameters,2022-06-03 07:55:49,2022-06-03 07:56:07
2022-06-03 17:23:52,2022-06-03 17:24:07,Located_Indoors, In_Conversation,annotator,Behavioral Parameters,2022-06-03 07:56:07,2022-06-03 07:56:22
2022-06-03 17:24:07,2022-06-03 17:26:15,Located_Indoors, In_Conversation, Browsing_Computer,annotator,Behavioral Parameters,2022-06-03 07:56:22,2022-06-03 07:58:30
2022-06-03 17:26:15,2022-06-03 17:26:29,Located_Indoors, In_Conversation,annotator,Behavioral Parameters,2022-06-03 07:58:30,2022-06-03 07:58:44
2022-06-03 17:26:29,2022-06-03 17:27:20,Located_Indoors, In_Conversation, Browsing_Computer,annotator,Behavioral Parameters,2022-06-03 07:58:44,2022-06-03 07:59:35
2022-06-03 17:27:20,2022-06-03 17:27:40,Located_Indoors, In_Conversation, Browsing_Computer,annotator,Behavioral Parameters,2022-06-03 07:59:35,2022-06-03 07:59:55
2022-06-03 17:27:40,2022-06-03 17:27:52,Located_Indoors, Holding_Other_Object_Light,annotator,Behavioral Parameters,2022-06-03 07:59:55,2022-06-03 08:00:07
2022-06-03 17:27:52,2022-06-03 17:29:39,Located_Indoors, Browsing_Computer,annotator,Behavioral Parameters,2022-06-03 08:00:07,2022-06-03 08:01:54
2022-06-03 17:29:39,2022-06-03 17:30:48,Located_Indoors, Texting/Browsing_Phone,annotator,Behavioral Parameters,2022-06-03 08:01:54,2022-06-03 08:03:03
2022-06-03 17:30:48,2022-06-03 17:31:49,Located_Indoors, Browsing_Computer, On_Phone_Call,annotator,Behavioral Parameters,2022-06-03 08:03:03,2022-06-03 08:04:04
2022-06-03 17:31:49,2022-06-03 17:32:00,Located_Indoors, Texting/Browsing_Phone,annotator,Behavioral Parameters,2022-06-03 08:04:04,2022-06-03 08:04:15
2022-06-03 17:32:00,2022-06-03 17:32:18,Located_Indoors, Browsing_Computer,annotator,Behavioral Parameters,2022-06-03 08:04:15,2022-06-03 08:04:33
2022-06-03 17:32:18,2022-06-03 17:32:38,Located_Indoors, In_Conversation,annotator,Behavioral Parameters,2022-06-03 08:04:33,2022-06-03 08:04:53
2022-06-03 17:32:38,2022-06-03 17:32:45,Located_Indoors, Texting/Browsing_Phone,annotator,Behavioral Parameters,2022-06-03 08:04:53,2022-06-03 08:05:00
2022-06-03 17:32:45,2022-06-03 17:33:33,Located_Indoors, Browsing_Computer,annotator,Behavioral Parameters,2022-06-03 08:05:00,2022-06-03 08:05:48
2022-06-03 17:33:33,2022-06-03 17:33:45,Located_Indoors, In_Conversation,annotator,Behavioral Parameters,2022-06-03 08:05:48,2022-06-03 08:06:00
2022-06-03 17:33:45,2022-06-03 17:33:52,Located_Indoors, Texting/Browsing_Phone,annotator,Behavioral Parameters,2022-06-03 08:06:00,2022-06-03 08:06:07
2022-06-03 17:33:52,2022-06-03 17:34:36,Located_Indoors, In_Conversation,annotator,Behavioral Parameters,2022-06-03 08:06:07,2022-06-03 08:06:51
2022-06-03 17:34:36,2022-06-03 17:34:51,Located_Indoors, Texting/Browsing_Phone,annotator,Behavioral Parameters,2022-06-03 08:06:51,2022-06-03 08:07:06
2022-06-03 17:34:51,2022-06-03 17:35:07,Located_Indoors, Browsing_Computer,annotator,Behavioral Parameters,2022-06-03 08:07:06,2022-06-03 08:07:22
2022-06-03 17:35:07,2022-06-03 17:36:27,Located_Indoors, Texting/Browsing_Phone,annotator,Behavioral Parameters,2022-06-03 08:07:22,2022-06-03 08:08:42
2022-06-03 17:36:28,2022-06-03 17:37:22,Located_Indoors, In_Conversation, Browsing_Computer,annotator,Behavioral Parameters,2022-06-03 08:08:43,2022-06-03 08:09:37
2022-06-03 17:37:22,2022-06-03 17:37:53,Located_Indoors, Texting/Browsing_Phone,annotator,Behavioral Parameters,2022-06-03 08:09:37,2022-06-03 08:10:08
2022-06-03 17:37:53,2022-06-03 17:55:48,Located_Indoors, Browsing_Computer,annotator,Behavioral Parameters,2022-06-03 08:10:08,2022-06-03 08:28:03
2022-06-03 17:55:48,2022-06-03 17:56:13,Located_Indoors, Texting/Browsing_Phone,annotator,Behavioral Parameters,2022-06-03 08:28:03,2022-06-03 08:28:28
2022-06-03 17:56:13,2022-06-03 18:50:12,Located_Indoors, Browsing_Computer,annotator,Behavioral Parameters,2022-06-03 08:28:28,2022-06-03 09:22:27
2022-06-03 18:50:12,2022-06-03 18:50:36,Located_Indoors, In_Conversation,annotator,Behavioral Parameters,2022-06-03 09:22:27,2022-06-03 09:22:51
2022-06-03 18:50:36,2022-06-03 18:50:50,Located_Indoors, Browsing_Computer,annotator,Behavioral Parameters,2022-06-03 09:22:51,2022-06-03 09:23:05
2022-06-03 18:50:50,2022-06-03 18:51:29,Located_Indoors, In_Conversation,annotator,Behavioral Parameters,2022-06-03 09:23:05,2022-06-03 09:23:44
2022-06-03 18:51:29,2022-06-03 18:51:42,Located_Indoors, Texting/Browsing_Phone,annotator,Behavioral Parameters,2022-06-03 09:23:44,2022-06-03 09:23:57
2022-06-03 18:51:42,2022-06-03 18:52:16,Located_Indoors, Holding_Other_Object_Light,annotator,Behavioral Parameters,2022-06-03 09:23:57,2022-06-03 09:24:31
2022-06-03 18:52:16,2022-06-03 18:52:34,Located_Indoors, Holding_Other_Object_Light,annotator,Behavioral Parameters,2022-06-03 09:24:31,2022-06-03 09:24:49
2022-06-03 18:52:34,2022-06-03 18:52:43,Located_Indoors,annotator,Behavioral Parameters,2022-06-03 09:24:49,2022-06-03 09:24:58
2022-06-03 18:52:43,2022-06-03 18:53:17,BP_VideoUnavailable/Indecipherable,annotator,Behavioral Parameters,2022-06-03 09:24:58,2022-06-03 09:25:32
2022-06-03 18:53:17,2022-06-03 18:58:50,Located_Indoors, Browsing_Computer,annotator,Behavioral Parameters,2022-06-03 09:25:32,2022-06-03 09:31:05
2022-06-03 18:58:50,2022-06-03 19:00:29,Located_Indoors, Holding_Solid_Food,annotator,Behavioral Parameters,2022-06-03 09:31:05,2022-06-03 09:32:44
2022-06-03 19:00:29,2022-06-03 19:08:28,Located_Indoors, Browsing_Computer,annotator,Behavioral Parameters,2022-06-03 09:32:44,2022-06-03 09:40:43
2022-06-03 19:08:28,2022-06-03 19:09:15,Located_Indoors,annotator,Behavioral Parameters,2022-06-03 09:40:43,2022-06-03 09:41:30
2022-06-03 19:09:15,2022-06-03 19:24:14,Located_Indoors, Browsing_Computer,annotator,Behavioral Parameters,2022-06-03 09:41:30,2022-06-03 09:56:29
2022-06-03 19:24:14,2022-06-03 19:25:21,Located_Indoors, Texting/Browsing_Phone,annotator,Behavioral Parameters,2022-06-03 09:56:29,2022-06-03 09:57:36
2022-06-03 19:25:21,2022-06-03 19:25:33,Located_Indoors, Browsing_Computer,annotator,Behavioral Parameters,2022-06-03 09:57:36,2022-06-03 09:57:48
2022-06-03 19:25:33,2022-06-03 19:26:02,Located_Indoors, Texting/Browsing_Phone,annotator,Behavioral Parameters,2022-06-03 09:57:48,2022-06-03 09:58:17
2022-06-03 19:26:02,2022-06-03 19:31:05,Located_Indoors, Browsing_Computer,annotator,Behavioral Parameters,2022-06-03 09:58:17,2022-06-03 10:03:20
2022-06-03 19:31:05,2022-06-03 19:31:46,Located_Indoors, On_Phone_Call,annotator,Behavioral Parameters,2022-06-03 10:03:20,2022-06-03 10:04:01
2022-06-03 19:31:46,2022-06-03 19:44:41,Located_Indoors, Browsing_Computer,annotator,Behavioral Parameters,2022-06-03 10:04:01,2022-06-03 10:16:56
2022-06-03 19:44:41,2022-06-03 19:44:51,Located_Indoors, Texting/Browsing_Phone,annotator,Behavioral Parameters,2022-06-03 10:16:56,2022-06-03 10:17:06
2022-06-03 19:44:51,2022-06-03 19:45:43,Located_Indoors, Browsing_Computer,annotator,Behavioral Parameters,2022-06-03 10:17:06,2022-06-03 10:17:58
2022-06-03 19:45:43,2022-06-03 19:45:54,Located_Indoors, Texting/Browsing_Phone,annotator,Behavioral Parameters,2022-06-03 10:17:58,2022-06-03 10:18:09
2022-06-03 19:45:54,2022-06-03 19:58:41,Located_Indoors, Browsing_Computer,annotator,Behavioral Parameters,2022-06-03 10:18:09,2022-06-03 10:30:56
2022-06-03 19:58:41,2022-06-03 19:58:58,Located_Indoors, Texting/Browsing_Phone,annotator,Behavioral Parameters,2022-06-03 10:30:56,2022-06-03 10:31:13
2022-06-03 19:58:58,2022-06-03 19:59:49,Located_Indoors,annotator,Behavioral Parameters,2022-06-03 10:31:13,2022-06-03 10:32:04
2022-06-03 19:59:49,2022-06-03 20:22:41,Located_Indoors, Browsing_Computer,annotator,Behavioral Parameters,2022-06-03 10:32:04,2022-06-03 10:54:56
2022-06-03 20:22:41,2022-06-03 20:24:57,Located_Indoors, In_Conversation,annotator,Behavioral Parameters,2022-06-03 10:54:56,2022-06-03 10:57:12
2022-06-03 20:24:57,2022-06-03 20:31:24,Located_Indoors, Browsing_Computer,annotator,Behavioral Parameters,2022-06-03 10:57:12,2022-06-03 11:03:39
2022-06-03 20:31:24,2022-06-03 20:31:56,Located_Indoors, Texting/Browsing_Phone,annotator,Behavioral Parameters,2022-06-03 11:03:39,2022-06-03 11:04:11
2022-06-03 20:31:56,2022-06-03 20:32:11,Located_Indoors, Browsing_Computer,annotator,Behavioral Parameters,2022-06-03 11:04:11,2022-06-03 11:04:26
2022-06-03 20:32:11,2022-06-03 20:33:18,Located_Indoors, Texting/Browsing_Phone,annotator,Behavioral Parameters,2022-06-03 11:04:26,2022-06-03 11:05:33
2022-06-03 20:33:18,2022-06-03 20:34:12,Located_Indoors, In_Conversation,annotator,Behavioral Parameters,2022-06-03 11:05:33,2022-06-03 11:06:27
2022-06-03 20:34:12,2022-06-03 20:39:16,Located_Indoors, Browsing_Computer,annotator,Behavioral Parameters,2022-06-03 11:06:27,2022-06-03 11:11:31
2022-06-03 20:39:16,2022-06-03 20:39:26,Located_Indoors, Texting/Browsing_Phone,annotator,Behavioral Parameters,2022-06-03 11:11:31,2022-06-03 11:11:41
2022-06-03 20:39:26,2022-06-03 20:43:15,Located_Indoors, Browsing_Computer,annotator,Behavioral Parameters,2022-06-03 11:11:41,2022-06-03 11:15:30
2022-06-03 20:43:15,2022-06-03 20:43:42,Located_Indoors, Texting/Browsing_Phone,annotator,Behavioral Parameters,2022-06-03 11:15:30,2022-06-03 11:15:57
2022-06-03 20:43:42,2022-06-03 20:43:47,Located_Indoors, Browsing_Computer,annotator,Behavioral Parameters,2022-06-03 11:15:57,2022-06-03 11:16:02
2022-06-03 20:43:47,2022-06-03 20:44:20,Located_Indoors, In_Conversation,annotator,Behavioral Parameters,2022-06-03 11:16:02,2022-06-03 11:16:35
2022-06-03 20:44:20,2022-06-03 20:45:05,Located_Indoors, In_Conversation, Browsing_Computer,annotator,Behavioral Parameters,2022-06-03 11:16:35,2022-06-03 11:17:20
2022-06-03 20:45:05,2022-06-03 20:45:13,Located_Indoors, In_Conversation, Holding_Other_Object_Light,annotator,Behavioral Parameters,2022-06-03 11:17:20,2022-06-03 11:17:28
2022-06-03 20:45:13,2022-06-03 20:45:31,Located_Indoors, In_Conversation, Holding_Solid_Food,annotator,Behavioral Parameters,2022-06-03 11:17:28,2022-06-03 11:17:46
2022-06-03 20:45:31,2022-06-03 20:45:54,Located_Indoors, In_Conversation, Holding_Other_Object_Light,annotator,Behavioral Parameters,2022-06-03 11:17:46,2022-06-03 11:18:09
2022-06-03 20:45:54,2022-06-03 20:45:59,Located_Indoors, In_Conversation,annotator,Behavioral Parameters,2022-06-03 11:18:09,2022-06-03 11:18:14
2022-06-03 20:45:59,2022-06-03 20:46:12,Located_Indoors, In_Conversation,annotator,Behavioral Parameters,2022-06-03 11:18:14,2022-06-03 11:18:27
2022-06-03 20:46:12,2022-06-03 20:46:23,BP_VideoUnavailable/Indecipherable,annotator,Behavioral Parameters,2022-06-03 11:18:27,2022-06-03 11:18:38
2022-06-03 20:46:23,2022-06-03 20:46:49,Located_Indoors, In_Conversation,annotator,Behavioral Parameters,2022-06-03 11:18:38,2022-06-03 11:19:04
2022-06-03 20:46:49,2022-06-03 20:47:03,Located_Indoors, In_Conversation, Holding_Other_Object_Light,annotator,Behavioral Parameters,2022-06-03 11:19:04,2022-06-03 11:19:18
2022-06-03 20:47:03,2022-06-03 20:47:13,Located_Indoors, In_Conversation, Holding_Other_Object_Light,annotator,Behavioral Parameters,2022-06-03 11:19:18,2022-06-03 11:19:28
2022-06-03 20:47:13,2022-06-03 20:47:27,Located_Indoors, In_Conversation, Holding_Other_Object_Light,annotator,Behavioral Parameters,2022-06-03 11:19:28,2022-06-03 11:19:42
2022-06-03 20:47:27,2022-06-03 20:47:55,Located_Indoors, In_Conversation, Holding_Other_Object_Light,annotator,Behavioral Parameters,2022-06-03 11:19:42,2022-06-03 11:20:10
2022-06-03 20:47:55,2022-06-03 20:47:59,Located_Indoors, In_Conversation, Holding_Other_Object_Light,annotator,Behavioral Parameters,2022-06-03 11:20:10,2022-06-03 11:20:14
2022-06-03 20:47:59,2022-06-03 20:48:16,Located_Indoors, Holding_Other_Object_Light,annotator,Behavioral Parameters,2022-06-03 11:20:14,2022-06-03 11:20:31
2022-06-03 20:48:16,2022-06-03 20:48:20,Located_Indoors,annotator,Behavioral Parameters,2022-06-03 11:20:31,2022-06-03 11:20:35
2022-06-03 20:48:20,2022-06-03 20:48:27,Located_Indoors, Holding_Other_Object_Light,annotator,Behavioral Parameters,2022-06-03 11:20:35,2022-06-03 11:20:42
2022-06-03 20:48:27,2022-06-03 20:48:30,Located_Indoors, Holding_Other_Object_Light,annotator,Behavioral Parameters,2022-06-03 11:20:42,2022-06-03 11:20:45
2022-06-03 20:48:30,2022-06-03 20:48:41,Located_Indoors,annotator,Behavioral Parameters,2022-06-03 11:20:45,2022-06-03 11:20:56
2022-06-03 20:48:41,2022-06-03 20:48:47,Located_Indoors, In_Conversation,annotator,Behavioral Parameters,2022-06-03 11:20:56,2022-06-03 11:21:02
2022-06-03 20:48:47,2022-06-03 20:49:01,Located_Indoors, In_Conversation,annotator,Behavioral Parameters,2022-06-03 11:21:02,2022-06-03 11:21:16
2022-06-03 20:49:01,2022-06-03 20:49:06,Located_Indoors, In_Conversation,annotator,Behavioral Parameters,2022-06-03 11:21:16,2022-06-03 11:21:21
2022-06-03 20:49:06,2022-06-03 20:49:12,Located_Indoors, In_Conversation, Carrying_Bag_On_Shoulder/Back_Light,annotator,Behavioral Parameters,2022-06-03 11:21:21,2022-06-03 11:21:27
2022-06-03 20:49:12,2022-06-03 20:49:42,Located_Indoors, In_Conversation, Carrying_Bag_On_Shoulder/Back_Light,annotator,Behavioral Parameters,2022-06-03 11:21:27,2022-06-03 11:21:57
2022-06-03 20:49:42,2022-06-03 20:50:42,Located_Indoors, In_Conversation, Carrying_Bag_On_Shoulder/Back_Light,annotator,Behavioral Parameters,2022-06-03 11:21:57,2022-06-03 11:22:57
2022-06-03 20:50:42,2022-06-03 20:51:04,Located_Indoors, In_Conversation, Carrying_Bag_On_Shoulder/Back_Light,annotator,Behavioral Parameters,2022-06-03 11:22:57,2022-06-03 11:23:19
2022-06-03 20:51:04,2022-06-03 20:51:22,Located_Indoors, In_Conversation, Carrying_Bag_On_Shoulder/Back_Light,annotator,Behavioral Parameters,2022-06-03 11:23:19,2022-06-03 11:23:37
2022-06-03 20:51:22,2022-06-03 20:52:51,Located_Indoors, In_Conversation, Carrying_Bag_On_Shoulder/Back_Light,annotator,Behavioral Parameters,2022-06-03 11:23:37,2022-06-03 11:25:06
2022-06-03 20:52:51,2022-06-03 20:53:02,Located_Indoors, In_Conversation, Carrying_Bag_On_Shoulder/Back_Light,annotator,Behavioral Parameters,2022-06-03 11:25:06,2022-06-03 11:25:17
2022-06-03 20:53:02,2022-06-03 20:54:21,Located_Indoors, In_Conversation, Carrying_Bag_On_Shoulder/Back_Light, Holding_Drink,annotator,Behavioral Parameters,2022-06-03 11:25:17,2022-06-03 11:26:36
2022-06-03 20:54:24,2022-06-03 20:54:38,Located_Indoors, In_Conversation, Carrying_Bag_On_Shoulder/Back_Light, Holding_Drink,annotator,Behavioral Parameters,2022-06-03 11:26:39,2022-06-03 11:26:53
2022-06-03 20:54:38,2022-06-03 20:55:48,Located_Indoors, In_Conversation, Carrying_Bag_On_Shoulder/Back_Light,annotator,Behavioral Parameters,2022-06-03 11:26:53,2022-06-03 11:28:03
2022-06-03 20:55:48,2022-06-03 20:55:58,Located_Indoors, In_Conversation, Carrying_Bag_On_Shoulder/Back_Light,annotator,Behavioral Parameters,2022-06-03 11:28:03,2022-06-03 11:28:13
2022-06-03 20:55:58,2022-06-03 20:56:01,Located_Indoors, In_Conversation, Carrying_Bag_On_Shoulder/Back_Light,annotator,Behavioral Parameters,2022-06-03 11:28:13,2022-06-03 11:28:16
2022-06-03 20:56:01,2022-06-03 20:56:09,Located_Indoors, In_Conversation, Carrying_Bag_On_Shoulder/Back_Light,annotator,Behavioral Parameters,2022-06-03 11:28:16,2022-06-03 11:28:24
2022-06-03 20:56:09,2022-06-03 20:56:18,Located_Indoors, In_Conversation, Carrying_Bag_On_Shoulder/Back_Light,annotator,Behavioral Parameters,2022-06-03 11:28:24,2022-06-03 11:28:33
2022-06-03 20:56:18,2022-06-03 20:56:45,Located_Indoors, In_Conversation, Carrying_Bag_On_Shoulder/Back_Light,annotator,Behavioral Parameters,2022-06-03 11:28:33,2022-06-03 11:29:00
2022-06-03 20:56:45,2022-06-03 20:58:10,Located_Indoors, In_Conversation, Carrying_Bag_On_Shoulder/Back_Light,annotator,Behavioral Parameters,2022-06-03 11:29:00,2022-06-03 11:30:25
2022-06-03 20:58:10,2022-06-03 20:58:29,Located_Indoors, In_Conversation, Carrying_Bag_On_Shoulder/Back_Light, Texting/Browsing_Phone,annotator,Behavioral Parameters,2022-06-03 11:30:25,2022-06-03 11:30:44
2022-06-03 20:58:29,2022-06-03 20:58:42,Located_Indoors, In_Conversation, Carrying_Bag_On_Shoulder/Back_Light, Texting/Browsing_Phone,annotator,Behavioral Parameters,2022-06-03 11:30:44,2022-06-03 11:30:57
2022-06-03 20:58:42,2022-06-03 20:58:51,Located_Indoors, In_Conversation, Carrying_Bag_On_Shoulder/Back_Light,annotator,Behavioral Parameters,2022-06-03 11:30:57,2022-06-03 11:31:06
2022-06-03 20:58:51,2022-06-03 20:58:57,Located_Indoors, In_Conversation, Carrying_Bag_On_Shoulder/Back_Light,annotator,Behavioral Parameters,2022-06-03 11:31:06,2022-06-03 11:31:12
2022-06-03 20:58:57,2022-06-03 20:59:38,Located_Indoors, In_Conversation, Carrying_Bag_On_Shoulder/Back_Light,annotator,Behavioral Parameters,2022-06-03 11:31:12,2022-06-03 11:31:53
2022-06-03 20:59:38,2022-06-03 21:00:08,Located_Indoors, In_Conversation, Carrying_Bag_On_Shoulder/Back_Light,annotator,Behavioral Parameters,2022-06-03 11:31:53,2022-06-03 11:32:23
2022-06-03 21:00:08,2022-06-03 21:00:11,Located_Indoors, In_Conversation, Carrying_Bag_On_Shoulder/Back_Light,annotator,Behavioral Parameters,2022-06-03 11:32:23,2022-06-03 11:32:26
2022-06-03 21:00:11,2022-06-03 21:00:43,Located_Indoors, In_Conversation, Carrying_Bag_On_Shoulder/Back_Light,annotator,Behavioral Parameters,2022-06-03 11:32:26,2022-06-03 11:32:58
2022-06-03 21:00:43,2022-06-03 21:01:06,Located_Indoors, In_Conversation, Carrying_Bag_On_Shoulder/Back_Light,annotator,Behavioral Parameters,2022-06-03 11:32:58,2022-06-03 11:33:21
2022-06-03 21:01:06,2022-06-03 21:04:38,In_Conversation, Carrying_Bag_On_Shoulder/Back_Light, Located_Outdoors,annotator,Behavioral Parameters,2022-06-03 11:33:21,2022-06-03 11:36:53
2022-06-03 21:04:38,2022-06-03 21:04:47,In_Conversation, Carrying_Bag_On_Shoulder/Back_Light, Located_Outdoors,annotator,Behavioral Parameters,2022-06-03 11:36:53,2022-06-03 11:37:02
2022-06-03 21:04:47,2022-06-03 21:05:08,In_Conversation, Carrying_Bag_On_Shoulder/Back_Light, Located_Outdoors,annotator,Behavioral Parameters,2022-06-03 11:37:02,2022-06-03 11:37:23
2022-06-03 21:05:08,2022-06-03 21:05:19,In_Conversation, Carrying_Bag_On_Shoulder/Back_Light, Located_Outdoors,annotator,Behavioral Parameters,2022-06-03 11:37:23,2022-06-03 11:37:34
2022-06-03 21:05:19,2022-06-03 21:06:59,In_Conversation, Carrying_Bag_On_Shoulder/Back_Light, Located_Outdoors,annotator,Behavioral Parameters,2022-06-03 11:37:34,2022-06-03 11:39:14
2022-06-03 21:06:59,2022-06-03 21:07:38,In_Conversation, Carrying_Bag_On_Shoulder/Back_Light, Located_Outdoors,annotator,Behavioral Parameters,2022-06-03 11:39:14,2022-06-03 11:39:53
2022-06-03 21:07:38,2022-06-03 21:08:23,In_Conversation, Carrying_Bag_On_Shoulder/Back_Light, Located_Outdoors,annotator,Behavioral Parameters,2022-06-03 11:39:53,2022-06-03 11:40:38
2022-06-03 21:08:23,2022-06-03 21:09:28,In_Conversation, Carrying_Bag_On_Shoulder/Back_Light, Located_Indoors,annotator,Behavioral Parameters,2022-06-03 11:40:38,2022-06-03 11:41:43
2022-06-03 21:09:28,2022-06-03 21:09:36,In_Conversation, Carrying_Bag_On_Shoulder/Back_Light, Located_Outdoors,annotator,Behavioral Parameters,2022-06-03 11:41:43,2022-06-03 11:41:51
2022-06-03 21:09:36,2022-06-03 21:10:30,In_Conversation, Carrying_Bag_On_Shoulder/Back_Light, Located_Outdoors,annotator,Behavioral Parameters,2022-06-03 11:41:51,2022-06-03 11:42:45
2022-06-03 21:10:30,2022-06-03 21:10:32,In_Conversation, Carrying_Bag_On_Shoulder/Back_Light, Located_Outdoors,annotator,Behavioral Parameters,2022-06-03 11:42:45,2022-06-03 11:42:47
2022-06-03 21:10:32,2022-06-03 21:10:46,In_Conversation, Carrying_Bag_On_Shoulder/Back_Light, Located_Outdoors,annotator,Behavioral Parameters,2022-06-03 11:42:47,2022-06-03 11:43:01
2022-06-03 21:10:46,2022-06-03 21:12:01,In_Conversation, Carrying_Bag_On_Shoulder/Back_Light, Located_Outdoors,annotator,Behavioral Parameters,2022-06-03 11:43:01,2022-06-03 11:44:16
2022-06-03 21:12:01,2022-06-03 21:12:06,In_Conversation, Carrying_Bag_On_Shoulder/Back_Light, Located_Outdoors,annotator,Behavioral Parameters,2022-06-03 11:44:16,2022-06-03 11:44:21
2022-06-03 21:12:06,2022-06-03 21:12:15,In_Conversation, Carrying_Bag_On_Shoulder/Back_Light, Located_Indoors,annotator,Behavioral Parameters,2022-06-03 11:44:21,2022-06-03 11:44:30
2022-06-03 21:12:15,2022-06-03 21:12:34,In_Conversation, Carrying_Bag_On_Shoulder/Back_Light, Located_Indoors,annotator,Behavioral Parameters,2022-06-03 11:44:30,2022-06-03 11:44:49
2022-06-03 21:12:34,2022-06-03 21:12:37,In_Conversation, Carrying_Bag_On_Shoulder/Back_Light, Located_Indoors,annotator,Behavioral Parameters,2022-06-03 11:44:49,2022-06-03 11:44:52
2022-06-03 21:12:37,2022-06-03 21:13:01,In_Conversation, Carrying_Bag_On_Shoulder/Back_Light, Located_Indoors,annotator,Behavioral Parameters,2022-06-03 11:44:52,2022-06-03 11:45:16
2022-06-03 21:13:01,2022-06-03 21:13:07,In_Conversation, Carrying_Bag_On_Shoulder/Back_Light, Located_Indoors,annotator,Behavioral Parameters,2022-06-03 11:45:16,2022-06-03 11:45:22
2022-06-03 21:13:07,2022-06-03 21:13:10,In_Conversation, Carrying_Bag_On_Shoulder/Back_Light, Located_Indoors,annotator,Behavioral Parameters,2022-06-03 11:45:22,2022-06-03 11:45:25
2022-06-03 21:13:10,2022-06-03 21:13:14,In_Conversation, Carrying_Bag_On_Shoulder/Back_Light, Located_Indoors,annotator,Behavioral Parameters,2022-06-03 11:45:25,2022-06-03 11:45:29
2022-06-03 21:13:14,2022-06-03 21:46:58,BP_VideoUnavailable/Indecipherable,annotator,Behavioral Parameters,2022-06-03 11:45:29,2022-06-03 12:19:13
2022-06-03 21:46:58,2022-06-03 21:47:39,Located_Indoors, In_Conversation, Holding_Other_Object_Light,annotator,Behavioral Parameters,2022-06-03 12:19:13,2022-06-03 12:19:54
2022-06-03 21:47:39,2022-06-03 21:50:15,Located_Indoors, In_Conversation,annotator,Behavioral Parameters,2022-06-03 12:19:54,2022-06-03 12:22:30
2022-06-03 21:50:15,2022-06-03 21:50:24,Located_Indoors, In_Conversation, Texting/Browsing_Phone,annotator,Behavioral Parameters,2022-06-03 12:22:30,2022-06-03 12:22:39
2022-06-03 21:50:24,2022-06-03 21:51:28,Located_Indoors, In_Conversation, Holding_Other_Object_Light,annotator,Behavioral Parameters,2022-06-03 12:22:39,2022-06-03 12:23:43
2022-06-03 21:51:28,2022-06-03 21:51:32,Located_Indoors, In_Conversation,annotator,Behavioral Parameters,2022-06-03 12:23:43,2022-06-03 12:23:47
2022-06-03 21:51:32,2022-06-03 21:51:41,Located_Indoors, In_Conversation,annotator,Behavioral Parameters,2022-06-03 12:23:47,2022-06-03 12:23:56
2022-06-03 21:51:41,2022-06-03 21:51:55,Located_Indoors, In_Conversation, Texting/Browsing_Phone,annotator,Behavioral Parameters,2022-06-03 12:23:56,2022-06-03 12:24:10
2022-06-03 21:51:55,2022-06-03 21:52:34,Located_Indoors, In_Conversation,annotator,Behavioral Parameters,2022-06-03 12:24:10,2022-06-03 12:24:49
2022-06-03 21:52:34,2022-06-03 21:54:07,Located_Indoors, In_Conversation, Texting/Browsing_Phone,annotator,Behavioral Parameters,2022-06-03 12:24:49,2022-06-03 12:26:22
2022-06-03 21:54:07,2022-06-03 21:54:28,Located_Indoors, In_Conversation,annotator,Behavioral Parameters,2022-06-03 12:26:22,2022-06-03 12:26:43
2022-06-03 21:54:28,2022-06-03 21:55:04,Located_Indoors, In_Conversation, Texting/Browsing_Phone,annotator,Behavioral Parameters,2022-06-03 12:26:43,2022-06-03 12:27:19
2022-06-03 21:55:04,2022-06-03 21:55:19,Located_Indoors, In_Conversation,annotator,Behavioral Parameters,2022-06-03 12:27:19,2022-06-03 12:27:34
2022-06-03 21:55:19,2022-06-03 22:02:51,Located_Indoors, In_Conversation, Texting/Browsing_Phone,annotator,Behavioral Parameters,2022-06-03 12:27:34,2022-06-03 12:35:06
2022-06-03 22:02:51,2022-06-03 22:03:30,Located_Indoors, In_Conversation, Holding_Other_Object_Light,annotator,Behavioral Parameters,2022-06-03 12:35:06,2022-06-03 12:35:45
2022-06-03 22:03:30,2022-06-03 22:03:54,Located_Indoors, In_Conversation, Texting/Browsing_Phone,annotator,Behavioral Parameters,2022-06-03 12:35:45,2022-06-03 12:36:09
2022-06-03 22:03:54,2022-06-03 22:05:12,Located_Indoors, In_Conversation, Holding_Other_Object_Light,annotator,Behavioral Parameters,2022-06-03 12:36:09,2022-06-03 12:37:27
2022-06-03 22:05:12,2022-06-03 22:08:56,Located_Indoors, In_Conversation,annotator,Behavioral Parameters,2022-06-03 12:37:27,2022-06-03 12:41:11
2022-06-03 22:08:56,2022-06-03 22:13:58,Located_Indoors, In_Conversation, Texting/Browsing_Phone,annotator,Behavioral Parameters,2022-06-03 12:41:11,2022-06-03 12:46:13
2022-06-03 22:13:58,2022-06-03 22:14:02,Located_Indoors, In_Conversation, Holding_Other_Object_Light,annotator,Behavioral Parameters,2022-06-03 12:46:13,2022-06-03 12:46:17
2022-06-03 22:14:02,2022-06-03 22:15:58,Located_Indoors, In_Conversation, Holding_Other_Object_Light,annotator,Behavioral Parameters,2022-06-03 12:46:17,2022-06-03 12:48:13
2022-06-03 22:15:58,2022-06-03 22:17:17,Located_Indoors, In_Conversation, Holding_Other_Object_Light,annotator,Behavioral Parameters,2022-06-03 12:48:13,2022-06-03 12:49:32
2022-06-03 22:17:17,2022-06-03 22:17:53,Located_Indoors, In_Conversation,annotator,Behavioral Parameters,2022-06-03 12:49:32,2022-06-03 12:50:08
2022-06-03 22:17:53,2022-06-03 22:17:57,Located_Indoors, In_Conversation,annotator,Behavioral Parameters,2022-06-03 12:50:08,2022-06-03 12:50:12
2022-06-03 22:17:57,2022-06-03 22:20:37,Located_Indoors, In_Conversation, Holding_Other_Object_Light,annotator,Behavioral Parameters,2022-06-03 12:50:12,2022-06-03 12:52:52
2022-06-03 22:20:37,2022-06-03 22:22:13,Located_Indoors, In_Conversation, Holding_Solid_Food,annotator,Behavioral Parameters,2022-06-03 12:52:52,2022-06-03 12:54:28
2022-06-03 22:22:13,2022-06-03 22:22:19,Located_Indoors, In_Conversation, Holding_Other_Object_Light,annotator,Behavioral Parameters,2022-06-03 12:54:28,2022-06-03 12:54:34
2022-06-03 22:22:22,2022-06-03 22:22:55,Located_Indoors, In_Conversation, Holding_Solid_Food,annotator,Behavioral Parameters,2022-06-03 12:54:37,2022-06-03 12:55:10
2022-06-03 22:22:55,2022-06-03 22:23:31,Located_Indoors, In_Conversation, Holding_Other_Object_Light,annotator,Behavioral Parameters,2022-06-03 12:55:10,2022-06-03 12:55:46
2022-06-03 22:23:31,2022-06-03 22:23:51,Located_Indoors, In_Conversation, Holding_Solid_Food,annotator,Behavioral Parameters,2022-06-03 12:55:46,2022-06-03 12:56:06
2022-06-03 22:23:51,2022-06-03 22:24:02,Located_Indoors, In_Conversation, Holding_Other_Object_Light,annotator,Behavioral Parameters,2022-06-03 12:56:06,2022-06-03 12:56:17
2022-06-03 22:24:02,2022-06-03 22:24:23,Located_Indoors, In_Conversation, Holding_Solid_Food,annotator,Behavioral Parameters,2022-06-03 12:56:17,2022-06-03 12:56:38
2022-06-03 22:24:23,2022-06-03 22:24:37,Located_Indoors, In_Conversation, Holding_Other_Object_Light,annotator,Behavioral Parameters,2022-06-03 12:56:38,2022-06-03 12:56:52
2022-06-03 22:24:37,2022-06-03 22:25:24,Located_Indoors, In_Conversation, Holding_Other_Object_Light,annotator,Behavioral Parameters,2022-06-03 12:56:52,2022-06-03 12:57:39
2022-06-03 22:25:24,2022-06-03 22:25:33,Located_Indoors, In_Conversation, Holding_Other_Object_Light,annotator,Behavioral Parameters,2022-06-03 12:57:39,2022-06-03 12:57:48
2022-06-03 22:25:33,2022-06-03 22:26:03,Located_Indoors, In_Conversation, Holding_Other_Object_Light,annotator,Behavioral Parameters,2022-06-03 12:57:48,2022-06-03 12:58:18
2022-06-03 22:26:03,2022-06-03 22:26:16,Located_Indoors, In_Conversation, Texting/Browsing_Phone,annotator,Behavioral Parameters,2022-06-03 12:58:18,2022-06-03 12:58:31
2022-06-03 22:26:16,2022-06-03 22:26:34,Located_Indoors, In_Conversation, On_Video_Call/FaceTime,annotator,Behavioral Parameters,2022-06-03 12:58:31,2022-06-03 12:58:49
2022-06-03 22:26:34,2022-06-03 22:26:37,Located_Indoors, In_Conversation, On_Video_Call/FaceTime,annotator,Behavioral Parameters,2022-06-03 12:58:49,2022-06-03 12:58:52
2022-06-03 22:26:37,2022-06-03 22:27:00,Located_Indoors, In_Conversation, On_Video_Call/FaceTime,annotator,Behavioral Parameters,2022-06-03 12:58:52,2022-06-03 12:59:15
2022-06-03 22:27:00,2022-06-03 22:27:20,Located_Indoors, In_Conversation, Texting/Browsing_Phone,annotator,Behavioral Parameters,2022-06-03 12:59:15,2022-06-03 12:59:35
2022-06-03 22:27:20,2022-06-03 22:27:33,Located_Indoors, In_Conversation, On_Video_Call/FaceTime,annotator,Behavioral Parameters,2022-06-03 12:59:35,2022-06-03 12:59:48
2022-06-03 22:27:33,2022-06-03 22:27:47,Located_Indoors, In_Conversation, On_Video_Call/FaceTime,annotator,Behavioral Parameters,2022-06-03 12:59:48,2022-06-03 13:00:02
2022-06-03 22:27:47,2022-06-03 22:27:57,Located_Indoors, In_Conversation, On_Video_Call/FaceTime,annotator,Behavioral Parameters,2022-06-03 13:00:02,2022-06-03 13:00:12
2022-06-03 22:27:57,2022-06-03 22:28:01,Located_Indoors, In_Conversation, On_Video_Call/FaceTime,annotator,Behavioral Parameters,2022-06-03 13:00:12,2022-06-03 13:00:16
2022-06-03 22:28:01,2022-06-03 22:28:14,Located_Indoors, In_Conversation,annotator,Behavioral Parameters,2022-06-03 13:00:16,2022-06-03 13:00:29
2022-06-03 22:28:14,2022-06-03 22:28:39,Located_Indoors, In_Conversation,annotator,Behavioral Parameters,2022-06-03 13:00:29,2022-06-03 13:00:54
2022-06-03 22:28:39,2022-06-03 22:28:47,Located_Indoors, In_Conversation, On_Video_Call/FaceTime,annotator,Behavioral Parameters,2022-06-03 13:00:54,2022-06-03 13:01:02
2022-06-03 22:28:47,2022-06-03 22:31:13,Located_Indoors, In_Conversation, On_Video_Call/FaceTime,annotator,Behavioral Parameters,2022-06-03 13:01:02,2022-06-03 13:03:28
2022-06-03 22:31:13,2022-06-03 22:36:50,BP_VideoUnavailable/Indecipherable,annotator,Behavioral Parameters,2022-06-03 13:03:28,2022-06-03 13:09:05
2022-06-03 22:36:50,2022-06-03 22:37:40,Located_Indoors, In_Conversation, Carrying_Bag_On_Shoulder/Back_Light,annotator,Behavioral Parameters,2022-06-03 13:09:05,2022-06-03 13:09:55
2022-06-03 22:36:50,2022-06-03 22:36:50,BP_VideoUnavailable/Indecipherable,annotator,Behavioral Parameters,2022-06-03 13:09:05,2022-06-03 13:09:05
2022-06-03 22:37:40,2022-06-03 22:37:51,Located_Indoors, Carrying_Bag_On_Shoulder/Back_Light,annotator,Behavioral Parameters,2022-06-03 13:09:55,2022-06-03 13:10:06
2022-06-03 22:37:51,2022-06-03 22:38:12,Located_Indoors, Carrying_Bag_On_Shoulder/Back_Light,annotator,Behavioral Parameters,2022-06-03 13:10:06,2022-06-03 13:10:27
2022-06-03 22:38:12,2022-06-03 22:38:20,Located_Indoors, Carrying_Bag_On_Shoulder/Back_Light,annotator,Behavioral Parameters,2022-06-03 13:10:27,2022-06-03 13:10:35
2022-06-03 22:38:20,2022-06-03 22:39:49,Located_Outdoors, Carrying_Bag_On_Shoulder/Back_Light, In_Conversation,annotator,Behavioral Parameters,2022-06-03 13:10:35,2022-06-03 13:12:04
2022-06-03 22:39:49,2022-06-03 22:40:18,Carrying_Bag_On_Shoulder/Back_Light, Located_Indoors,annotator,Behavioral Parameters,2022-06-03 13:12:04,2022-06-03 13:12:33
2022-06-03 22:40:18,2022-06-03 22:41:16,Carrying_Bag_On_Shoulder/Back_Light, Located_Indoors,annotator,Behavioral Parameters,2022-06-03 13:12:33,2022-06-03 13:13:31
2022-06-03 22:41:16,2022-06-03 22:41:26,Carrying_Bag_On_Shoulder/Back_Light, Located_Indoors, Holding_Other_Object_Light,annotator,Behavioral Parameters,2022-06-03 13:13:31,2022-06-03 13:13:41
2022-06-03 22:41:26,2022-06-03 22:41:29,Carrying_Bag_On_Shoulder/Back_Light, Located_Indoors, Holding_Other_Object_Light,annotator,Behavioral Parameters,2022-06-03 13:13:41,2022-06-03 13:13:44
2022-06-03 22:41:29,2022-06-03 22:41:37,Carrying_Bag_On_Shoulder/Back_Light, Located_Indoors, Holding_Other_Object_Light,annotator,Behavioral Parameters,2022-06-03 13:13:44,2022-06-03 13:13:52
2022-06-03 22:41:37,2022-06-03 22:42:46,Carrying_Bag_On_Shoulder/Back_Light, Located_Indoors,annotator,Behavioral Parameters,2022-06-03 13:13:52,2022-06-03 13:15:01
2022-06-03 22:42:46,2022-06-03 22:42:54,Carrying_Bag_On_Shoulder/Back_Light, Located_Indoors, Holding_Other_Object_Light,annotator,Behavioral Parameters,2022-06-03 13:15:01,2022-06-03 13:15:09
2022-06-03 22:42:54,2022-06-03 22:43:02,Carrying_Bag_On_Shoulder/Back_Light, Holding_Other_Object_Light, Located_Outdoors,annotator,Behavioral Parameters,2022-06-03 13:15:09,2022-06-03 13:15:17
2022-06-03 22:43:02,2022-06-03 22:43:17,Carrying_Bag_On_Shoulder/Back_Light, Holding_Other_Object_Light, Located_Outdoors,annotator,Behavioral Parameters,2022-06-03 13:15:17,2022-06-03 13:15:32
2022-06-03 22:43:17,2022-06-03 22:45:28,Carrying_Bag_On_Shoulder/Back_Light, Located_Outdoors, Holding_Solid_Food,annotator,Behavioral Parameters,2022-06-03 13:15:32,2022-06-03 13:17:43
2022-06-03 22:45:28,2022-06-03 22:45:40,Carrying_Bag_On_Shoulder/Back_Light, Located_Outdoors, Holding_Solid_Food,annotator,Behavioral Parameters,2022-06-03 13:17:43,2022-06-03 13:17:55
2022-06-03 22:45:40,2022-06-03 22:46:02,Carrying_Bag_On_Shoulder/Back_Light, Located_Outdoors, Holding_Solid_Food,annotator,Behavioral Parameters,2022-06-03 13:17:55,2022-06-03 13:18:17
2022-06-03 22:46:02,2022-06-03 22:46:12,Carrying_Bag_On_Shoulder/Back_Light, Located_Outdoors, Holding_Solid_Food,annotator,Behavioral Parameters,2022-06-03 13:18:17,2022-06-03 13:18:27
2022-06-03 22:46:12,2022-06-03 22:47:56,Carrying_Bag_On_Shoulder/Back_Light, Located_Outdoors, Holding_Solid_Food,annotator,Behavioral Parameters,2022-06-03 13:18:27,2022-06-03 13:20:11
2022-06-03 22:47:56,2022-06-03 22:49:02,Carrying_Bag_On_Shoulder/Back_Light, Located_Outdoors, Holding_Other_Object_Light,annotator,Behavioral Parameters,2022-06-03 13:20:11,2022-06-03 13:21:17
2022-06-03 22:49:02,2022-06-03 22:49:22,Carrying_Bag_On_Shoulder/Back_Light, Located_Outdoors, Holding_Solid_Food,annotator,Behavioral Parameters,2022-06-03 13:21:17,2022-06-03 13:21:37
2022-06-03 22:49:22,2022-06-03 22:49:27,Carrying_Bag_On_Shoulder/Back_Light, Located_Outdoors,annotator,Behavioral Parameters,2022-06-03 13:21:37,2022-06-03 13:21:42
2022-06-03 22:49:27,2022-06-03 22:49:45,Carrying_Bag_On_Shoulder/Back_Light, Located_Outdoors, Holding_Solid_Food,annotator,Behavioral Parameters,2022-06-03 13:21:42,2022-06-03 13:22:00
2022-06-03 22:49:45,2022-06-03 22:50:02,Carrying_Bag_On_Shoulder/Back_Light, Located_Outdoors, Holding_Other_Object_Light,annotator,Behavioral Parameters,2022-06-03 13:22:00,2022-06-03 13:22:17
2022-06-03 22:50:03,2022-06-03 22:50:10,Carrying_Bag_On_Shoulder/Back_Light, Located_Outdoors,annotator,Behavioral Parameters,2022-06-03 13:22:18,2022-06-03 13:22:25
2022-06-03 22:50:10,2022-06-03 22:50:20,Carrying_Bag_On_Shoulder/Back_Light, Located_Indoors,annotator,Behavioral Parameters,2022-06-03 13:22:25,2022-06-03 13:22:35
2022-06-03 22:50:20,2022-06-03 22:50:52,Carrying_Bag_On_Shoulder/Back_Light, Located_Indoors,annotator,Behavioral Parameters,2022-06-03 13:22:35,2022-06-03 13:23:07
2022-06-03 22:50:52,2022-06-03 22:50:59,Carrying_Bag_On_Shoulder/Back_Light, Located_Indoors,annotator,Behavioral Parameters,2022-06-03 13:23:07,2022-06-03 13:23:14
2022-06-03 22:50:59,2022-06-03 22:51:27,Carrying_Bag_On_Shoulder/Back_Light, Located_Indoors,annotator,Behavioral Parameters,2022-06-03 13:23:14,2022-06-03 13:23:42
2022-06-03 22:51:27,2022-06-03 22:51:30,Carrying_Bag_On_Shoulder/Back_Light, Located_Indoors,annotator,Behavioral Parameters,2022-06-03 13:23:42,2022-06-03 13:23:45
2022-06-03 22:51:30,2022-06-03 22:51:38,Carrying_Bag_On_Shoulder/Back_Light, Located_Indoors,annotator,Behavioral Parameters,2022-06-03 13:23:45,2022-06-03 13:23:53
2022-06-03 22:51:38,2022-06-03 22:51:44,Carrying_Bag_On_Shoulder/Back_Light, Located_Indoors, In_Conversation,annotator,Behavioral Parameters,2022-06-03 13:23:53,2022-06-03 13:23:59
2022-06-03 22:51:44,2022-06-03 22:51:57,Carrying_Bag_On_Shoulder/Back_Light, Located_Indoors, In_Conversation,annotator,Behavioral Parameters,2022-06-03 13:23:59,2022-06-03 13:24:12
2022-06-03 22:51:57,2022-06-03 22:52:04,Located_Indoors, In_Conversation,annotator,Behavioral Parameters,2022-06-03 13:24:12,2022-06-03 13:24:19
2022-06-03 22:52:04,2022-06-03 22:52:08,Located_Indoors, In_Conversation,annotator,Behavioral Parameters,2022-06-03 13:24:19,2022-06-03 13:24:23
2022-06-03 22:52:08,2022-06-03 22:56:43,Located_Indoors, In_Conversation,annotator,Behavioral Parameters,2022-06-03 13:24:23,2022-06-03 13:28:58
2022-06-03 22:56:43,2022-06-03 22:56:56,Located_Indoors, In_Conversation,annotator,Behavioral Parameters,2022-06-03 13:28:58,2022-06-03 13:29:11
2022-06-03 22:56:56,2022-06-03 23:14:17,Located_Indoors,annotator,Behavioral Parameters,2022-06-03 13:29:11,2022-06-03 13:46:32
2022-06-03 23:14:17,2022-06-03 23:15:20,Located_Indoors, Texting/Browsing_Phone,annotator,Behavioral Parameters,2022-06-03 13:46:32,2022-06-03 13:47:35
2022-06-03 23:15:20,2022-06-03 23:15:47,Located_Indoors,annotator,Behavioral Parameters,2022-06-03 13:47:35,2022-06-03 13:48:02
2022-06-03 23:15:47,2022-06-03 23:16:47,Located_Indoors, Texting/Browsing_Phone,annotator,Behavioral Parameters,2022-06-03 13:48:02,2022-06-03 13:49:02
2022-06-03 23:16:47,2022-06-03 23:24:25,Located_Indoors,annotator,Behavioral Parameters,2022-06-03 13:49:02,2022-06-03 13:56:40
2022-06-03 23:24:25,2022-06-03 23:25:00,Located_Indoors, Texting/Browsing_Phone,annotator,Behavioral Parameters,2022-06-03 13:56:40,2022-06-03 13:57:15
2022-06-03 23:25:00,2022-06-03 23:40:42,Located_Indoors,annotator,Behavioral Parameters,2022-06-03 13:57:15,2022-06-03 14:12:57
2022-06-03 23:40:42,2022-06-03 23:43:12,CP_VideoUnavailable/Indecipherable,annotator,Behavioral Parameters,2022-06-03 14:12:57,2022-06-03 14:15:27
2022-06-03 23:43:14,2022-06-03 23:52:08,Located_Indoors, Texting/Browsing_Phone,annotator,Behavioral Parameters,2022-06-03 14:15:29,2022-06-03 14:24:23
2022-06-03 23:52:11,2022-06-03 23:52:27,Located_Indoors,annotator,Behavioral Parameters,2022-06-03 14:24:26,2022-06-03 14:24:42
2022-06-03 23:52:29,2022-06-03 23:54:26,Located_Indoors, Texting/Browsing_Phone,annotator,Behavioral Parameters,2022-06-03 14:24:44,2022-06-03 14:26:41
2022-06-03 23:54:27,2022-06-03 23:54:39,Located_Indoors,annotator,Behavioral Parameters,2022-06-03 14:26:42,2022-06-03 14:26:54
2022-06-03 23:54:39,2022-06-03 23:55:29,Located_Indoors,annotator,Behavioral Parameters,2022-06-03 14:26:54,2022-06-03 14:27:44
2022-06-03 23:55:31,2022-06-04 00:00:54,CP_VideoUnavailable/Indecipherable,annotator,Behavioral Parameters,2022-06-03 14:27:46,2022-06-03 14:33:09
2022-06-04 00:00:55,2022-06-04 00:01:23,Located_Indoors,annotator,Behavioral Parameters,2022-06-03 14:33:10,2022-06-03 14:33:38
2022-06-04 00:01:26,2022-06-04 00:03:23,Located_Indoors, Holding_Other_Object_Light,annotator,Behavioral Parameters,2022-06-03 14:33:41,2022-06-03 14:35:38
2022-06-04 00:03:29,2022-06-04 00:08:38,Located_Indoors, Texting/Browsing_Phone,annotator,Behavioral Parameters,2022-06-03 14:35:44,2022-06-03 14:40:53
2022-06-04 00:08:39,2022-06-04 00:10:05,Located_Indoors, Holding_Other_Object_Light,annotator,Behavioral Parameters,2022-06-03 14:40:54,2022-06-03 14:42:20
2022-06-04 00:10:06,2022-06-04 00:10:42,Located_Indoors, Holding_Other_Object_Light, Texting/Browsing_Phone,annotator,Behavioral Parameters,2022-06-03 14:42:21,2022-06-03 14:42:57
2022-06-04 00:10:44,2022-06-04 00:11:06,Located_Indoors, Holding_Other_Object_Light, Texting/Browsing_Phone,annotator,Behavioral Parameters,2022-06-03 14:42:59,2022-06-03 14:43:21
2022-06-04 00:11:07,2022-06-04 00:16:51,Holding_Other_Object_Light, Located_Outdoors,annotator,Behavioral Parameters,2022-06-03 14:43:22,2022-06-03 14:49:06
2022-06-04 00:16:53,2022-06-04 00:17:02,Holding_Other_Object_Light, Located_Outdoors,annotator,Behavioral Parameters,2022-06-03 14:49:08,2022-06-03 14:49:17
2022-06-04 00:17:04,2022-06-04 00:17:33,Holding_Other_Object_Light, Located_Outdoors,annotator,Behavioral Parameters,2022-06-03 14:49:19,2022-06-03 14:49:48
2022-06-04 00:17:41,2022-06-04 00:19:42,Holding_Other_Object_Light, Located_Outdoors,annotator,Behavioral Parameters,2022-06-03 14:49:56,2022-06-03 14:51:57
2022-06-04 00:19:43,2022-06-04 00:20:29,Holding_Other_Object_Light, Located_Outdoors,annotator,Behavioral Parameters,2022-06-03 14:51:58,2022-06-03 14:52:44
2022-06-04 00:20:32,2022-06-04 00:20:51,Holding_Other_Object_Light, Located_Outdoors, Texting/Browsing_Phone,annotator,Behavioral Parameters,2022-06-03 14:52:47,2022-06-03 14:53:06
2022-06-04 00:20:54,2022-06-04 00:27:02,Holding_Other_Object_Light, Located_Outdoors,annotator,Behavioral Parameters,2022-06-03 14:53:09,2022-06-03 14:59:17
2022-06-04 00:27:04,2022-06-04 00:27:34,Holding_Other_Object_Light, Located_Indoors,annotator,Behavioral Parameters,2022-06-03 14:59:19,2022-06-03 14:59:49
2022-06-04 00:27:36,2022-06-04 00:27:56,Holding_Other_Object_Light, Located_Indoors,annotator,Behavioral Parameters,2022-06-03 14:59:51,2022-06-03 15:00:11
2022-06-04 00:27:57,2022-06-04 00:28:27,Located_Indoors, Texting/Browsing_Phone,annotator,Behavioral Parameters,2022-06-03 15:00:12,2022-06-03 15:00:42
2022-06-04 00:28:28,2022-06-04 00:29:57,Located_Indoors,annotator,Behavioral Parameters,2022-06-03 15:00:43,2022-06-03 15:02:12
2022-06-04 00:29:58,2022-06-04 00:30:37,Located_Indoors,annotator,Behavioral Parameters,2022-06-03 15:02:13,2022-06-03 15:02:52
2022-06-04 00:30:37,2022-06-04 00:37:07,Located_Outdoors, Texting/Browsing_Phone,annotator,Behavioral Parameters,2022-06-03 15:02:52,2022-06-03 15:09:22
2022-06-04 00:37:07,2022-06-04 00:39:43,CP_VideoUnavailable/Indecipherable,annotator,Behavioral Parameters,2022-06-03 15:09:22,2022-06-03 15:11:58
2022-06-04 00:39:46,2022-06-04 00:47:49,Located_Indoors, In_Conversation,annotator,Behavioral Parameters,2022-06-03 15:12:01,2022-06-03 15:20:04
2022-06-04 00:47:51,2022-06-04 00:49:47,Located_Indoors,annotator,Behavioral Parameters,2022-06-03 15:20:06,2022-06-03 15:22:02
2022-06-04 00:49:49,2022-06-04 01:49:10,Located_Indoors,annotator,Behavioral Parameters,2022-06-03 15:22:04,2022-06-03 16:21:25
2022-06-04 01:49:14,2022-06-04 01:54:03,Located_Indoors, Holding_Other_Object_Light,annotator,Behavioral Parameters,2022-06-03 16:21:29,2022-06-03 16:26:18
2022-06-04 01:54:06,2022-06-04 02:03:53,Located_Indoors, Holding_Other_Object_Light,annotator,Behavioral Parameters,2022-06-03 16:26:21,2022-06-03 16:36:08
2022-06-04 02:03:54,2022-06-04 02:08:26,Located_Indoors, Texting/Browsing_Phone,annotator,Behavioral Parameters,2022-06-03 16:36:09,2022-06-03 16:40:41
2022-06-04 02:08:26,2022-06-04 02:11:38,Located_Indoors, Texting/Browsing_Phone,annotator,Behavioral Parameters,2022-06-03 16:40:41,2022-06-03 16:43:53
2022-06-04 02:11:42,2022-06-04 02:18:49,CP_VideoUnavailable/Indecipherable,annotator,Behavioral Parameters,2022-06-03 16:43:57,2022-06-03 16:51:04
2022-06-04 02:18:51,2022-06-04 02:23:49,Located_Indoors,annotator,Behavioral Parameters,2022-06-03 16:51:06,2022-06-03 16:56:04
2022-06-04 02:23:50,2022-06-04 02:31:03,Located_Indoors, Texting/Browsing_Phone,annotator,Behavioral Parameters,2022-06-03 16:56:05,2022-06-03 17:03:18
2022-06-04 02:31:04,2022-06-04 02:33:46,Located_Indoors,annotator,Behavioral Parameters,2022-06-03 17:03:19,2022-06-03 17:06:01
2022-06-04 02:33:49,2022-06-04 02:34:17,Located_Indoors,annotator,Behavioral Parameters,2022-06-03 17:06:04,2022-06-03 17:06:32
2022-06-04 02:34:20,2022-06-04 02:34:46,Located_Indoors,annotator,Behavioral Parameters,2022-06-03 17:06:35,2022-06-03 17:07:01
