START_TIME,STOP_TIME,PREDICTION,SOURCE,LABELSET,VIDEO_START_TIME,VIDEO_END_TIME
2022-02-05 12:04:03,2022-02-05 12:04:14,Free_Living,annotator,Experimental situation,2022-02-05 00:00:05,2022-02-05 00:00:16
2022-02-05 12:04:16,2022-02-05 12:04:50,Free_Living,annotator,Experimental situation,2022-02-05 00:00:18,2022-02-05 00:00:52
2022-02-05 12:04:51,2022-02-05 12:05:12,Free_Living,annotator,Experimental situation,2022-02-05 00:00:53,2022-02-05 00:01:14
2022-02-05 12:05:12,2022-02-05 12:05:19,Free_Living,annotator,Experimental situation,2022-02-05 00:01:14,2022-02-05 00:01:21
2022-02-05 12:05:19,2022-02-05 12:06:02,Free_Living,annotator,Experimental situation,2022-02-05 00:01:21,2022-02-05 00:02:04
2022-02-05 12:06:02,2022-02-05 12:07:02,Free_Living,annotator,Experimental situation,2022-02-05 00:02:04,2022-02-05 00:03:04
2022-02-05 12:07:02,2022-02-05 12:07:08,Free_Living,annotator,Experimental situation,2022-02-05 00:03:04,2022-02-05 00:03:10
2022-02-05 12:07:08,2022-02-05 12:07:39,Free_Living,annotator,Experimental situation,2022-02-05 00:03:10,2022-02-05 00:03:41
2022-02-05 12:07:39,2022-02-05 12:08:38,Free_Living,annotator,Experimental situation,2022-02-05 00:03:41,2022-02-05 00:04:40
2022-02-05 12:08:44,2022-02-05 12:09:19,Free_Living,annotator,Experimental situation,2022-02-05 00:04:46,2022-02-05 00:05:21
2022-02-05 12:09:20,2022-02-05 12:09:24,Free_Living,annotator,Experimental situation,2022-02-05 00:05:22,2022-02-05 00:05:26
2022-02-05 12:09:24,2022-02-05 12:09:34,Free_Living,annotator,Experimental situation,2022-02-05 00:05:26,2022-02-05 00:05:36
2022-02-05 12:09:40,2022-02-05 12:09:50,Free_Living,annotator,Experimental situation,2022-02-05 00:05:42,2022-02-05 00:05:52
2022-02-05 12:09:51,2022-02-05 12:10:20,Free_Living,annotator,Experimental situation,2022-02-05 00:05:53,2022-02-05 00:06:22
2022-02-05 12:10:20,2022-02-05 12:10:34,Free_Living,annotator,Experimental situation,2022-02-05 00:06:22,2022-02-05 00:06:36
2022-02-05 12:10:34,2022-02-05 12:10:45,Free_Living,annotator,Experimental situation,2022-02-05 00:06:36,2022-02-05 00:06:47
2022-02-05 12:10:45,2022-02-05 12:15:01,Free_Living,annotator,Experimental situation,2022-02-05 00:06:47,2022-02-05 00:11:03
2022-02-05 12:15:01,2022-02-05 12:16:17,Free_Living,annotator,Experimental situation,2022-02-05 00:11:03,2022-02-05 00:12:19
2022-02-05 12:16:18,2022-02-05 12:16:25,Free_Living,annotator,Experimental situation,2022-02-05 00:12:20,2022-02-05 00:12:27
2022-02-05 12:16:25,2022-02-05 12:20:53,Free_Living,annotator,Experimental situation,2022-02-05 00:12:27,2022-02-05 00:16:55
2022-02-05 12:20:53,2022-02-05 12:21:34,Free_Living,annotator,Experimental situation,2022-02-05 00:16:55,2022-02-05 00:17:36
2022-02-05 12:21:34,2022-02-05 12:21:41,Free_Living,annotator,Experimental situation,2022-02-05 00:17:36,2022-02-05 00:17:43
2022-02-05 12:21:41,2022-02-05 12:22:23,Free_Living,annotator,Experimental situation,2022-02-05 00:17:43,2022-02-05 00:18:25
2022-02-05 12:22:23,2022-02-05 12:22:50,Free_Living,annotator,Experimental situation,2022-02-05 00:18:25,2022-02-05 00:18:52
2022-02-05 12:22:50,2022-02-05 12:23:51,Free_Living,annotator,Experimental situation,2022-02-05 00:18:52,2022-02-05 00:19:53
2022-02-05 12:23:51,2022-02-05 12:24:04,Free_Living,annotator,Experimental situation,2022-02-05 00:19:53,2022-02-05 00:20:06
2022-02-05 12:24:04,2022-02-05 12:29:58,Free_Living,annotator,Experimental situation,2022-02-05 00:20:06,2022-02-05 00:26:00
2022-02-05 12:29:58,2022-02-05 12:30:20,Free_Living,annotator,Experimental situation,2022-02-05 00:26:00,2022-02-05 00:26:22
2022-02-05 12:30:20,2022-02-05 12:30:27,Free_Living,annotator,Experimental situation,2022-02-05 00:26:22,2022-02-05 00:26:29
2022-02-05 12:30:27,2022-02-05 12:30:40,Free_Living,annotator,Experimental situation,2022-02-05 00:26:29,2022-02-05 00:26:42
2022-02-05 12:30:40,2022-02-05 12:34:28,Free_Living,annotator,Experimental situation,2022-02-05 00:26:42,2022-02-05 00:30:30
2022-02-05 12:34:28,2022-02-05 12:37:01,Free_Living,annotator,Experimental situation,2022-02-05 00:30:30,2022-02-05 00:33:03
2022-02-05 12:37:02,2022-02-05 12:37:40,Free_Living,annotator,Experimental situation,2022-02-05 00:33:04,2022-02-05 00:33:42
2022-02-05 12:37:40,2022-02-05 12:38:12,Free_Living,annotator,Experimental situation,2022-02-05 00:33:42,2022-02-05 00:34:14
2022-02-05 12:38:12,2022-02-05 12:45:26,Free_Living,annotator,Experimental situation,2022-02-05 00:34:14,2022-02-05 00:41:28
2022-02-05 12:45:38,2022-02-05 12:49:22,Free_Living,annotator,Experimental situation,2022-02-05 00:41:40,2022-02-05 00:45:24
2022-02-05 12:49:22,2022-02-05 12:49:31,Free_Living,annotator,Experimental situation,2022-02-05 00:45:24,2022-02-05 00:45:33
2022-02-05 12:49:31,2022-02-05 12:49:47,Free_Living,annotator,Experimental situation,2022-02-05 00:45:33,2022-02-05 00:45:49
2022-02-05 12:49:49,2022-02-05 12:50:15,Free_Living,annotator,Experimental situation,2022-02-05 00:45:51,2022-02-05 00:46:17
2022-02-05 12:50:15,2022-02-05 12:51:33,Free_Living,annotator,Experimental situation,2022-02-05 00:46:17,2022-02-05 00:47:35
2022-02-05 12:51:33,2022-02-05 12:52:35,Free_Living,annotator,Experimental situation,2022-02-05 00:47:35,2022-02-05 00:48:37
2022-02-05 12:52:35,2022-02-05 12:53:51,Free_Living,annotator,Experimental situation,2022-02-05 00:48:37,2022-02-05 00:49:53
2022-02-05 12:53:51,2022-02-05 12:56:20,Free_Living,annotator,Experimental situation,2022-02-05 00:49:53,2022-02-05 00:52:22
2022-02-05 12:56:24,2022-02-05 12:58:03,Free_Living,annotator,Experimental situation,2022-02-05 00:52:26,2022-02-05 00:54:05
2022-02-05 13:00:11,2022-02-05 13:02:42,Free_Living,annotator,Experimental situation,2022-02-05 00:56:13,2022-02-05 00:58:44
2022-02-05 13:02:43,2022-02-05 16:45:47,Lab_Indoors,annotator,Experimental situation,2022-02-05 00:58:45,2022-02-05 04:41:49
2022-02-05 16:45:56,2022-02-05 16:46:25,Lab_Indoors,annotator,Experimental situation,2022-02-05 04:41:58,2022-02-05 04:42:27
2022-02-05 16:47:05,2022-02-05 16:55:06,Lab_Indoors,annotator,Experimental situation,2022-02-05 04:43:07,2022-02-05 04:51:08
2022-02-05 16:56:06,2022-02-05 17:01:36,Lab_Indoors,annotator,Experimental situation,2022-02-05 04:52:08,2022-02-05 04:57:38
2022-02-05 17:01:37,2022-02-05 17:04:31,Lab_Indoors,annotator,Experimental situation,2022-02-05 04:57:39,2022-02-05 05:00:33
2022-02-05 17:04:31,2022-02-05 17:04:43,Lab_Indoors,annotator,Experimental situation,2022-02-05 05:00:33,2022-02-05 05:00:45
2022-02-05 17:04:44,2022-02-05 17:05:56,Lab_Indoors,annotator,Experimental situation,2022-02-05 05:00:46,2022-02-05 05:01:58
2022-02-05 17:05:56,2022-02-05 17:06:09,Lab_Indoors,annotator,Experimental situation,2022-02-05 05:01:58,2022-02-05 05:02:11
2022-02-05 17:06:09,2022-02-05 17:10:19,Lab_Indoors,annotator,Experimental situation,2022-02-05 05:02:11,2022-02-05 05:06:21
2022-02-05 17:10:19,2022-02-05 17:10:46,Lab_Indoors,annotator,Experimental situation,2022-02-05 05:06:21,2022-02-05 05:06:48
2022-02-05 17:10:47,2022-02-05 17:11:06,Lab_Indoors,annotator,Experimental situation,2022-02-05 05:06:49,2022-02-05 05:07:08
2022-02-05 17:11:06,2022-02-05 17:11:37,Lab_Indoors,annotator,Experimental situation,2022-02-05 05:07:08,2022-02-05 05:07:39
2022-02-05 17:11:37,2022-02-05 17:11:48,Lab_Indoors,annotator,Experimental situation,2022-02-05 05:07:39,2022-02-05 05:07:50
2022-02-05 17:11:48,2022-02-05 17:12:00,Lab_Indoors,annotator,Experimental situation,2022-02-05 05:07:50,2022-02-05 05:08:02
2022-02-05 17:12:00,2022-02-05 17:12:28,Lab_Indoors,annotator,Experimental situation,2022-02-05 05:08:02,2022-02-05 05:08:30
2022-02-05 17:12:43,2022-02-05 17:13:37,Lab_Indoors,annotator,Experimental situation,2022-02-05 05:08:45,2022-02-05 05:09:39
2022-02-05 17:13:37,2022-02-05 17:14:19,Lab_Indoors,annotator,Experimental situation,2022-02-05 05:09:39,2022-02-05 05:10:21
2022-02-05 17:14:19,2022-02-05 17:14:45,Lab_Indoors,annotator,Experimental situation,2022-02-05 05:10:21,2022-02-05 05:10:47
2022-02-05 17:14:45,2022-02-05 17:15:44,Lab_Indoors,annotator,Experimental situation,2022-02-05 05:10:47,2022-02-05 05:11:46
2022-02-05 17:15:44,2022-02-05 17:15:59,Lab_Indoors,annotator,Experimental situation,2022-02-05 05:11:46,2022-02-05 05:12:01
2022-02-05 17:16:00,2022-02-05 17:17:28,Lab_Indoors,annotator,Experimental situation,2022-02-05 05:12:02,2022-02-05 05:13:30
2022-02-05 17:17:29,2022-02-05 17:17:48,Lab_Indoors,annotator,Experimental situation,2022-02-05 05:13:31,2022-02-05 05:13:50
2022-02-05 17:17:48,2022-02-05 17:19:23,Free_Living,annotator,Experimental situation,2022-02-05 05:13:50,2022-02-05 05:15:25
2022-02-05 17:19:25,2022-02-05 17:20:24,Free_Living,annotator,Experimental situation,2022-02-05 05:15:27,2022-02-05 05:16:26
2022-02-05 17:20:25,2022-02-05 17:21:11,Free_Living,annotator,Experimental situation,2022-02-05 05:16:27,2022-02-05 05:17:13
2022-02-05 17:21:14,2022-02-05 17:22:07,Free_Living,annotator,Experimental situation,2022-02-05 05:17:16,2022-02-05 05:18:09
2022-02-05 17:22:16,2022-02-05 17:24:06,Free_Living,annotator,Experimental situation,2022-02-05 05:18:18,2022-02-05 05:20:08
2022-02-05 17:24:06,2022-02-05 17:24:51,Free_Living,annotator,Experimental situation,2022-02-05 05:20:08,2022-02-05 05:20:53
2022-02-05 17:24:52,2022-02-05 17:25:18,Free_Living,annotator,Experimental situation,2022-02-05 05:20:54,2022-02-05 05:21:20
2022-02-05 17:25:18,2022-02-05 17:25:31,Free_Living,annotator,Experimental situation,2022-02-05 05:21:20,2022-02-05 05:21:33
2022-02-05 17:25:31,2022-02-05 17:26:25,Free_Living,annotator,Experimental situation,2022-02-05 05:21:33,2022-02-05 05:22:27
2022-02-05 17:26:25,2022-02-05 17:27:33,Free_Living,annotator,Experimental situation,2022-02-05 05:22:27,2022-02-05 05:23:35
2022-02-05 17:27:33,2022-02-05 17:27:36,Free_Living,annotator,Experimental situation,2022-02-05 05:23:35,2022-02-05 05:23:38
2022-02-05 17:27:36,2022-02-05 17:27:36,Free_Living,annotator,Experimental situation,2022-02-05 05:23:38,2022-02-05 05:23:38
2022-02-05 17:27:41,2022-02-05 17:28:01,Free_Living,annotator,Experimental situation,2022-02-05 05:23:43,2022-02-05 05:24:03
2022-02-05 17:28:01,2022-02-05 17:28:46,Free_Living,annotator,Experimental situation,2022-02-05 05:24:03,2022-02-05 05:24:48
2022-02-05 17:28:46,2022-02-05 17:29:51,Free_Living,annotator,Experimental situation,2022-02-05 05:24:48,2022-02-05 05:25:53
2022-02-05 17:31:46,2022-02-05 17:33:37,Free_Living,annotator,Experimental situation,2022-02-05 05:27:48,2022-02-05 05:29:39
2022-02-05 17:33:37,2022-02-05 17:34:15,Free_Living,annotator,Experimental situation,2022-02-05 05:29:39,2022-02-05 05:30:17
2022-02-05 17:34:15,2022-02-05 17:35:54,Free_Living,annotator,Experimental situation,2022-02-05 05:30:17,2022-02-05 05:31:56
2022-02-05 17:35:54,2022-02-05 17:36:38,Free_Living,annotator,Experimental situation,2022-02-05 05:31:56,2022-02-05 05:32:40
2022-02-05 17:36:38,2022-02-05 17:37:15,Free_Living,annotator,Experimental situation,2022-02-05 05:32:40,2022-02-05 05:33:17
2022-02-05 17:37:15,2022-02-05 17:38:09,Free_Living,annotator,Experimental situation,2022-02-05 05:33:17,2022-02-05 05:34:11
2022-02-05 17:38:09,2022-02-05 17:40:30,Free_Living,annotator,Experimental situation,2022-02-05 05:34:11,2022-02-05 05:36:32
2022-02-05 17:40:30,2022-02-05 17:41:05,Free_Living,annotator,Experimental situation,2022-02-05 05:36:32,2022-02-05 05:37:07
2022-02-05 17:41:05,2022-02-05 17:41:52,Free_Living,annotator,Experimental situation,2022-02-05 05:37:07,2022-02-05 05:37:54
2022-02-05 17:41:52,2022-02-05 17:43:02,Free_Living,annotator,Experimental situation,2022-02-05 05:37:54,2022-02-05 05:39:04
2022-02-05 17:43:02,2022-02-05 17:44:05,Free_Living,annotator,Experimental situation,2022-02-05 05:39:04,2022-02-05 05:40:07
2022-02-05 17:44:05,2022-02-05 17:45:05,Free_Living,annotator,Experimental situation,2022-02-05 05:40:07,2022-02-05 05:41:07
2022-02-05 17:45:05,2022-02-05 17:47:47,Free_Living,annotator,Experimental situation,2022-02-05 05:41:07,2022-02-05 05:43:49
2022-02-05 17:47:47,2022-02-05 17:47:58,Free_Living,annotator,Experimental situation,2022-02-05 05:43:49,2022-02-05 05:44:00
2022-02-05 17:47:59,2022-02-05 17:48:18,Free_Living,annotator,Experimental situation,2022-02-05 05:44:01,2022-02-05 05:44:20
2022-02-05 17:48:20,2022-02-05 17:49:45,Free_Living,annotator,Experimental situation,2022-02-05 05:44:22,2022-02-05 05:45:47
2022-02-05 17:49:45,2022-02-05 17:50:20,Free_Living,annotator,Experimental situation,2022-02-05 05:45:47,2022-02-05 05:46:22
2022-02-05 17:50:20,2022-02-05 17:51:16,Free_Living,annotator,Experimental situation,2022-02-05 05:46:22,2022-02-05 05:47:18
2022-02-05 17:51:17,2022-02-05 17:51:42,Free_Living,annotator,Experimental situation,2022-02-05 05:47:19,2022-02-05 05:47:44
2022-02-05 17:51:44,2022-02-05 17:51:58,Free_Living,annotator,Experimental situation,2022-02-05 05:47:46,2022-02-05 05:48:00
2022-02-05 17:51:58,2022-02-05 17:52:21,Free_Living,annotator,Experimental situation,2022-02-05 05:48:00,2022-02-05 05:48:23
2022-02-05 17:52:21,2022-02-05 17:53:05,Free_Living,annotator,Experimental situation,2022-02-05 05:48:23,2022-02-05 05:49:07
2022-02-05 17:53:05,2022-02-05 17:53:24,Free_Living,annotator,Experimental situation,2022-02-05 05:49:07,2022-02-05 05:49:26
2022-02-05 17:53:24,2022-02-05 17:55:09,Free_Living,annotator,Experimental situation,2022-02-05 05:49:26,2022-02-05 05:51:11
2022-02-05 17:55:09,2022-02-05 17:56:32,Free_Living,annotator,Experimental situation,2022-02-05 05:51:11,2022-02-05 05:52:34
2022-02-05 17:56:32,2022-02-05 17:57:11,Free_Living,annotator,Experimental situation,2022-02-05 05:52:34,2022-02-05 05:53:13
2022-02-05 17:57:12,2022-02-05 17:57:35,Free_Living,annotator,Experimental situation,2022-02-05 05:53:14,2022-02-05 05:53:37
2022-02-05 17:57:35,2022-02-05 17:58:47,Free_Living,annotator,Experimental situation,2022-02-05 05:53:37,2022-02-05 05:54:49
2022-02-05 17:58:47,2022-02-05 17:59:52,Free_Living,annotator,Experimental situation,2022-02-05 05:54:49,2022-02-05 05:55:54
2022-02-05 17:59:52,2022-02-05 18:01:51,Free_Living,annotator,Experimental situation,2022-02-05 05:55:54,2022-02-05 05:57:53
2022-02-05 18:01:51,2022-02-05 18:03:02,Free_Living,annotator,Experimental situation,2022-02-05 05:57:53,2022-02-05 05:59:04
2022-02-05 18:03:02,2022-02-05 18:03:56,Free_Living,annotator,Experimental situation,2022-02-05 05:59:04,2022-02-05 05:59:58
2022-02-05 18:03:56,2022-02-05 18:04:21,Free_Living,annotator,Experimental situation,2022-02-05 05:59:58,2022-02-05 06:00:23
2022-02-05 18:04:21,2022-02-05 18:05:02,Free_Living,annotator,Experimental situation,2022-02-05 06:00:23,2022-02-05 06:01:04
2022-02-05 18:05:02,2022-02-05 18:05:22,Free_Living,annotator,Experimental situation,2022-02-05 06:01:04,2022-02-05 06:01:24
2022-02-05 18:05:22,2022-02-05 18:06:40,Free_Living,annotator,Experimental situation,2022-02-05 06:01:24,2022-02-05 06:02:42
2022-02-05 18:06:42,2022-02-05 18:07:41,Free_Living,annotator,Experimental situation,2022-02-05 06:02:44,2022-02-05 06:03:43
2022-02-05 18:07:42,2022-02-05 18:08:15,Free_Living,annotator,Experimental situation,2022-02-05 06:03:44,2022-02-05 06:04:17
2022-02-05 18:08:15,2022-02-05 18:09:29,Free_Living,annotator,Experimental situation,2022-02-05 06:04:17,2022-02-05 06:05:31
2022-02-05 18:09:29,2022-02-05 18:10:13,Free_Living,annotator,Experimental situation,2022-02-05 06:05:31,2022-02-05 06:06:15
2022-02-05 18:10:13,2022-02-05 18:10:35,Free_Living,annotator,Experimental situation,2022-02-05 06:06:15,2022-02-05 06:06:37
2022-02-05 18:10:35,2022-02-05 18:10:57,Free_Living,annotator,Experimental situation,2022-02-05 06:06:37,2022-02-05 06:06:59
2022-02-05 18:10:57,2022-02-05 18:11:40,Free_Living,annotator,Experimental situation,2022-02-05 06:06:59,2022-02-05 06:07:42
2022-02-05 18:11:40,2022-02-05 18:13:29,Free_Living,annotator,Experimental situation,2022-02-05 06:07:42,2022-02-05 06:09:31
2022-02-05 18:13:39,2022-02-05 18:14:05,Free_Living,annotator,Experimental situation,2022-02-05 06:09:41,2022-02-05 06:10:07
2022-02-05 18:14:05,2022-02-05 18:14:52,Free_Living,annotator,Experimental situation,2022-02-05 06:10:07,2022-02-05 06:10:54
2022-02-05 18:14:52,2022-02-05 18:15:41,Free_Living,annotator,Experimental situation,2022-02-05 06:10:54,2022-02-05 06:11:43
2022-02-05 18:15:41,2022-02-05 18:17:12,Free_Living,annotator,Experimental situation,2022-02-05 06:11:43,2022-02-05 06:13:14
2022-02-05 18:17:12,2022-02-05 18:17:48,Free_Living,annotator,Experimental situation,2022-02-05 06:13:14,2022-02-05 06:13:50
2022-02-05 18:17:48,2022-02-05 18:18:22,Free_Living,annotator,Experimental situation,2022-02-05 06:13:50,2022-02-05 06:14:24
2022-02-05 18:18:22,2022-02-05 18:18:54,Free_Living,annotator,Experimental situation,2022-02-05 06:14:24,2022-02-05 06:14:56
2022-02-05 18:18:54,2022-02-05 18:19:22,Free_Living,annotator,Experimental situation,2022-02-05 06:14:56,2022-02-05 06:15:24
2022-02-05 18:19:22,2022-02-05 18:19:55,Free_Living,annotator,Experimental situation,2022-02-05 06:15:24,2022-02-05 06:15:57
2022-02-05 18:19:55,2022-02-05 18:20:08,Free_Living,annotator,Experimental situation,2022-02-05 06:15:57,2022-02-05 06:16:10
2022-02-05 18:20:08,2022-02-05 18:20:25,Free_Living,annotator,Experimental situation,2022-02-05 06:16:10,2022-02-05 06:16:27
2022-02-05 18:20:26,2022-02-05 18:20:57,Free_Living,annotator,Experimental situation,2022-02-05 06:16:28,2022-02-05 06:16:59
2022-02-05 18:20:57,2022-02-05 18:22:29,Free_Living,annotator,Experimental situation,2022-02-05 06:16:59,2022-02-05 06:18:31
2022-02-05 18:22:30,2022-02-05 18:25:06,Free_Living,annotator,Experimental situation,2022-02-05 06:18:32,2022-02-05 06:21:08
2022-02-05 18:25:06,2022-02-05 18:29:46,Free_Living,annotator,Experimental situation,2022-02-05 06:21:08,2022-02-05 06:25:48
2022-02-05 18:29:46,2022-02-05 18:31:14,Free_Living,annotator,Experimental situation,2022-02-05 06:25:48,2022-02-05 06:27:16
2022-02-05 18:31:15,2022-02-05 18:32:22,Free_Living,annotator,Experimental situation,2022-02-05 06:27:17,2022-02-05 06:28:24
2022-02-05 18:32:23,2022-02-05 18:33:22,Free_Living,annotator,Experimental situation,2022-02-05 06:28:25,2022-02-05 06:29:24
2022-02-05 18:33:28,2022-02-05 18:33:35,Free_Living,annotator,Experimental situation,2022-02-05 06:29:30,2022-02-05 06:29:37
2022-02-05 18:33:35,2022-02-05 18:33:50,Free_Living,annotator,Experimental situation,2022-02-05 06:29:37,2022-02-05 06:29:52
2022-02-05 18:33:50,2022-02-05 18:34:05,Free_Living,annotator,Experimental situation,2022-02-05 06:29:52,2022-02-05 06:30:07
2022-02-05 18:34:05,2022-02-05 18:34:12,Free_Living,annotator,Experimental situation,2022-02-05 06:30:07,2022-02-05 06:30:14
2022-02-05 18:34:12,2022-02-05 18:34:20,Free_Living,annotator,Experimental situation,2022-02-05 06:30:14,2022-02-05 06:30:22
2022-02-05 18:34:20,2022-02-05 18:34:51,Free_Living,annotator,Experimental situation,2022-02-05 06:30:22,2022-02-05 06:30:53
2022-02-05 18:34:51,2022-02-05 18:35:16,Free_Living,annotator,Experimental situation,2022-02-05 06:30:53,2022-02-05 06:31:18
2022-02-05 18:35:16,2022-02-05 18:37:14,Free_Living,annotator,Experimental situation,2022-02-05 06:31:18,2022-02-05 06:33:16
2022-02-05 18:37:14,2022-02-05 18:37:38,Free_Living,annotator,Experimental situation,2022-02-05 06:33:16,2022-02-05 06:33:40
2022-02-05 18:37:38,2022-02-05 18:38:13,Free_Living,annotator,Experimental situation,2022-02-05 06:33:40,2022-02-05 06:34:15
2022-02-05 18:38:13,2022-02-05 18:38:31,Free_Living,annotator,Experimental situation,2022-02-05 06:34:15,2022-02-05 06:34:33
2022-02-05 18:38:31,2022-02-05 18:39:51,Free_Living,annotator,Experimental situation,2022-02-05 06:34:33,2022-02-05 06:35:53
2022-02-05 18:39:51,2022-02-05 18:40:10,Free_Living,annotator,Experimental situation,2022-02-05 06:35:53,2022-02-05 06:36:12
2022-02-05 18:40:13,2022-02-05 18:54:13,Free_Living,annotator,Experimental situation,2022-02-05 06:36:15,2022-02-05 06:50:15
2022-02-05 18:54:13,2022-02-05 18:55:17,Free_Living,annotator,Experimental situation,2022-02-05 06:50:15,2022-02-05 06:51:19
2022-02-05 18:55:32,2022-02-05 19:00:36,Free_Living,annotator,Experimental situation,2022-02-05 06:51:34,2022-02-05 06:56:38
2022-02-05 19:00:36,2022-02-05 19:09:18,Free_Living,annotator,Experimental situation,2022-02-05 06:56:38,2022-02-05 07:05:20
2022-02-05 19:09:25,2022-02-05 19:12:35,Free_Living,annotator,Experimental situation,2022-02-05 07:05:27,2022-02-05 07:08:37
2022-02-05 19:12:38,2022-02-05 19:14:00,Free_Living,annotator,Experimental situation,2022-02-05 07:08:40,2022-02-05 07:10:02
2022-02-05 19:14:00,2022-02-05 19:15:15,Free_Living,annotator,Experimental situation,2022-02-05 07:10:02,2022-02-05 07:11:17
2022-02-05 19:15:16,2022-02-05 19:27:16,Free_Living,annotator,Experimental situation,2022-02-05 07:11:18,2022-02-05 07:23:18
2022-02-05 19:27:16,2022-02-05 19:32:35,Free_Living,annotator,Experimental situation,2022-02-05 07:23:18,2022-02-05 07:28:37
2022-02-05 19:32:37,2022-02-05 19:36:09,Free_Living,annotator,Experimental situation,2022-02-05 07:28:39,2022-02-05 07:32:11
2022-02-05 19:36:09,2022-02-05 19:37:46,Free_Living,annotator,Experimental situation,2022-02-05 07:32:11,2022-02-05 07:33:48
2022-02-05 19:37:48,2022-02-05 19:38:33,Free_Living,annotator,Experimental situation,2022-02-05 07:33:50,2022-02-05 07:34:35
2022-02-05 19:38:33,2022-02-05 19:40:55,Free_Living,annotator,Experimental situation,2022-02-05 07:34:35,2022-02-05 07:36:57
2022-02-05 19:40:55,2022-02-05 19:41:24,Free_Living,annotator,Experimental situation,2022-02-05 07:36:57,2022-02-05 07:37:26
2022-02-05 19:41:25,2022-02-05 19:41:34,Free_Living,annotator,Experimental situation,2022-02-05 07:37:27,2022-02-05 07:37:36
2022-02-05 19:41:35,2022-02-05 19:43:16,Free_Living,annotator,Experimental situation,2022-02-05 07:37:37,2022-02-05 07:39:18
2022-02-05 19:43:17,2022-02-05 19:43:43,Free_Living,annotator,Experimental situation,2022-02-05 07:39:19,2022-02-05 07:39:45
2022-02-05 19:43:44,2022-02-05 20:02:58,Free_Living,annotator,Experimental situation,2022-02-05 07:39:46,2022-02-05 07:59:00
2022-02-05 20:02:58,2022-02-05 20:03:39,Free_Living,annotator,Experimental situation,2022-02-05 07:59:00,2022-02-05 07:59:41
2022-02-05 20:03:39,2022-02-05 20:04:19,Free_Living,annotator,Experimental situation,2022-02-05 07:59:41,2022-02-05 08:00:21
2022-02-05 20:04:19,2022-02-05 20:06:15,Free_Living,annotator,Experimental situation,2022-02-05 08:00:21,2022-02-05 08:02:17
2022-02-05 20:06:15,2022-02-05 20:06:31,Free_Living,annotator,Experimental situation,2022-02-05 08:02:17,2022-02-05 08:02:33
2022-02-05 20:06:31,2022-02-05 20:06:36,Free_Living,annotator,Experimental situation,2022-02-05 08:02:33,2022-02-05 08:02:38
2022-02-05 20:06:36,2022-02-05 20:07:58,Free_Living,annotator,Experimental situation,2022-02-05 08:02:38,2022-02-05 08:04:00
2022-02-05 20:07:58,2022-02-05 20:09:29,Free_Living,annotator,Experimental situation,2022-02-05 08:04:00,2022-02-05 08:05:31
2022-02-05 20:09:29,2022-02-05 20:09:50,Free_Living,annotator,Experimental situation,2022-02-05 08:05:31,2022-02-05 08:05:52
2022-02-05 20:09:50,2022-02-05 20:09:59,Free_Living,annotator,Experimental situation,2022-02-05 08:05:52,2022-02-05 08:06:01
2022-02-05 20:09:59,2022-02-05 20:10:13,Free_Living,annotator,Experimental situation,2022-02-05 08:06:01,2022-02-05 08:06:15
2022-02-05 20:10:13,2022-02-05 20:12:08,Free_Living,annotator,Experimental situation,2022-02-05 08:06:15,2022-02-05 08:08:10
2022-02-05 20:12:29,2022-02-05 20:13:59,Free_Living,annotator,Experimental situation,2022-02-05 08:08:31,2022-02-05 08:10:01
2022-02-05 20:13:59,2022-02-06 01:01:40,Free_Living,annotator,Experimental situation,2022-02-05 08:10:01,2022-02-05 12:57:42
2022-02-06 01:01:54,2022-02-06 01:23:22,Free_Living,annotator,Experimental situation,2022-02-05 12:57:56,2022-02-05 13:19:24
2022-02-06 01:23:26,2022-02-06 01:23:53,Free_Living,annotator,Experimental situation,2022-02-05 13:19:28,2022-02-05 13:19:55
2022-02-06 01:23:55,2022-02-06 01:24:04,Free_Living,annotator,Experimental situation,2022-02-05 13:19:57,2022-02-05 13:20:06
2022-02-06 01:24:05,2022-02-06 01:24:19,Free_Living,annotator,Experimental situation,2022-02-05 13:20:07,2022-02-05 13:20:21
2022-02-06 01:24:21,2022-02-06 01:24:58,Free_Living,annotator,Experimental situation,2022-02-05 13:20:23,2022-02-05 13:21:00
2022-02-06 01:25:02,2022-02-06 01:25:39,Free_Living,annotator,Experimental situation,2022-02-05 13:21:04,2022-02-05 13:21:41
2022-02-06 01:25:55,2022-02-06 01:26:00,Free_Living,annotator,Experimental situation,2022-02-05 13:21:57,2022-02-05 13:22:02
2022-02-06 01:26:06,2022-02-06 01:26:18,Free_Living,annotator,Experimental situation,2022-02-05 13:22:08,2022-02-05 13:22:20
2022-02-06 01:26:23,2022-02-06 01:29:06,Free_Living,annotator,Experimental situation,2022-02-05 13:22:25,2022-02-05 13:25:08
2022-02-06 01:29:08,2022-02-06 01:29:11,Free_Living,annotator,Experimental situation,2022-02-05 13:25:10,2022-02-05 13:25:13
2022-02-06 01:29:13,2022-02-06 01:29:16,Free_Living,annotator,Experimental situation,2022-02-05 13:25:15,2022-02-05 13:25:18
2022-02-06 01:29:18,2022-02-06 01:29:32,Free_Living,annotator,Experimental situation,2022-02-05 13:25:20,2022-02-05 13:25:34
2022-02-06 01:29:35,2022-02-06 01:43:22,Free_Living,annotator,Experimental situation,2022-02-05 13:25:37,2022-02-05 13:39:24
2022-02-06 01:43:25,2022-02-06 01:44:03,Free_Living,annotator,Experimental situation,2022-02-05 13:39:27,2022-02-05 13:40:05
2022-02-06 01:44:03,2022-02-06 01:44:32,Free_Living,annotator,Experimental situation,2022-02-05 13:40:05,2022-02-05 13:40:34
2022-02-06 01:44:33,2022-02-06 01:44:37,Free_Living,annotator,Experimental situation,2022-02-05 13:40:35,2022-02-05 13:40:39
2022-02-06 01:44:47,2022-02-06 01:45:00,Free_Living,annotator,Experimental situation,2022-02-05 13:40:49,2022-02-05 13:41:02
2022-02-06 01:45:15,2022-02-06 01:51:03,Free_Living,annotator,Experimental situation,2022-02-05 13:41:17,2022-02-05 13:47:05
2022-02-06 01:51:29,2022-02-06 01:51:35,Free_Living,annotator,Experimental situation,2022-02-05 13:47:31,2022-02-05 13:47:37
2022-02-06 01:51:35,2022-02-06 01:51:44,Free_Living,annotator,Experimental situation,2022-02-05 13:47:37,2022-02-05 13:47:46
2022-02-06 01:51:45,2022-02-06 01:52:14,Free_Living,annotator,Experimental situation,2022-02-05 13:47:47,2022-02-05 13:48:16
2022-02-06 01:52:16,2022-02-06 01:52:22,Free_Living,annotator,Experimental situation,2022-02-05 13:48:18,2022-02-05 13:48:24
2022-02-06 01:52:28,2022-02-06 01:53:49,Free_Living,annotator,Experimental situation,2022-02-05 13:48:30,2022-02-05 13:49:51
2022-02-06 01:54:00,2022-02-06 01:58:33,Free_Living,annotator,Experimental situation,2022-02-05 13:50:02,2022-02-05 13:54:35
2022-02-06 01:58:38,2022-02-06 01:58:54,Free_Living,annotator,Experimental situation,2022-02-05 13:54:40,2022-02-05 13:54:56
2022-02-06 01:58:56,2022-02-06 01:59:31,Free_Living,annotator,Experimental situation,2022-02-05 13:54:58,2022-02-05 13:55:33
2022-02-06 01:59:34,2022-02-06 02:18:05,Free_Living,annotator,Experimental situation,2022-02-05 13:55:36,2022-02-05 14:14:07
2022-02-06 02:18:10,2022-02-06 02:18:52,Free_Living,annotator,Experimental situation,2022-02-05 14:14:12,2022-02-05 14:14:54
2022-02-06 02:19:09,2022-02-06 02:30:54,Free_Living,annotator,Experimental situation,2022-02-05 14:15:11,2022-02-05 14:26:56
2022-02-06 02:31:08,2022-02-06 02:32:35,Free_Living,annotator,Experimental situation,2022-02-05 14:27:10,2022-02-05 14:28:37
2022-02-06 02:32:41,2022-02-06 02:35:03,Free_Living,annotator,Experimental situation,2022-02-05 14:28:43,2022-02-05 14:31:05
2022-02-06 02:35:05,2022-02-06 02:42:44,Free_Living,annotator,Experimental situation,2022-02-05 14:31:07,2022-02-05 14:38:46
2022-02-06 02:42:50,2022-02-06 02:43:10,Free_Living,annotator,Experimental situation,2022-02-05 14:38:52,2022-02-05 14:39:12
2022-02-06 02:43:14,2022-02-06 02:54:58,Free_Living,annotator,Experimental situation,2022-02-05 14:39:16,2022-02-05 14:51:00
2022-02-06 02:55:13,2022-02-06 02:57:55,Free_Living,annotator,Experimental situation,2022-02-05 14:51:15,2022-02-05 14:53:57
2022-02-06 02:58:10,2022-02-06 02:58:15,Free_Living,annotator,Experimental situation,2022-02-05 14:54:12,2022-02-05 14:54:17
2022-02-06 02:58:16,2022-02-06 02:58:29,Free_Living,annotator,Experimental situation,2022-02-05 14:54:18,2022-02-05 14:54:31
2022-02-06 02:58:29,2022-02-06 02:58:38,Free_Living,annotator,Experimental situation,2022-02-05 14:54:31,2022-02-05 14:54:40
2022-02-06 02:58:48,2022-02-06 02:59:41,Free_Living,annotator,Experimental situation,2022-02-05 14:54:50,2022-02-05 14:55:43
