START_TIME,STOP_TIME,PREDICTION,SOURCE,LABELSET,VIDEO_START_TIME,VIDEO_END_TIME
2022-03-24 11:22:52,2022-03-24 11:23:59,Free_Living,annotator,Experimental situation,2022-03-24 00:00:26,2022-03-24 00:01:33
2022-03-24 11:24:08,2022-03-24 11:25:35,Free_Living,annotator,Experimental situation,2022-03-24 00:01:42,2022-03-24 00:03:09
2022-03-24 11:25:38,2022-03-24 11:26:01,Free_Living,annotator,Experimental situation,2022-03-24 00:03:12,2022-03-24 00:03:35
2022-03-24 11:26:03,2022-03-24 11:43:52,Free_Living,annotator,Experimental situation,2022-03-24 00:03:37,2022-03-24 00:21:26
2022-03-24 11:46:16,2022-03-24 11:47:12,Free_Living,annotator,Experimental situation,2022-03-24 00:23:50,2022-03-24 00:24:46
2022-03-24 11:47:15,2022-03-24 11:47:23,Free_Living,annotator,Experimental situation,2022-03-24 00:24:49,2022-03-24 00:24:57
2022-03-24 11:47:24,2022-03-24 11:47:34,Free_Living,annotator,Experimental situation,2022-03-24 00:24:58,2022-03-24 00:25:08
2022-03-24 11:47:35,2022-03-24 11:48:04,Free_Living,annotator,Experimental situation,2022-03-24 00:25:09,2022-03-24 00:25:38
2022-03-24 11:48:04,2022-03-24 11:48:22,Free_Living,annotator,Experimental situation,2022-03-24 00:25:38,2022-03-24 00:25:56
2022-03-24 11:48:23,2022-03-24 11:48:32,Free_Living,annotator,Experimental situation,2022-03-24 00:25:57,2022-03-24 00:26:06
2022-03-24 11:48:32,2022-03-24 11:51:11,Free_Living,annotator,Experimental situation,2022-03-24 00:26:06,2022-03-24 00:28:45
2022-03-24 11:51:21,2022-03-24 11:53:07,Free_Living,annotator,Experimental situation,2022-03-24 00:28:55,2022-03-24 00:30:41
2022-03-24 11:53:16,2022-03-24 11:54:30,Free_Living,annotator,Experimental situation,2022-03-24 00:30:50,2022-03-24 00:32:04
2022-03-24 11:54:32,2022-03-24 11:54:57,Free_Living,annotator,Experimental situation,2022-03-24 00:32:06,2022-03-24 00:32:31
2022-03-24 11:54:59,2022-03-24 11:55:26,Free_Living,annotator,Experimental situation,2022-03-24 00:32:33,2022-03-24 00:33:00
2022-03-24 11:55:29,2022-03-24 11:55:40,Free_Living,annotator,Experimental situation,2022-03-24 00:33:03,2022-03-24 00:33:14
2022-03-24 11:55:44,2022-03-24 11:56:10,Free_Living,annotator,Experimental situation,2022-03-24 00:33:18,2022-03-24 00:33:44
2022-03-24 11:56:18,2022-03-24 12:22:06,Free_Living,annotator,Experimental situation,2022-03-24 00:33:52,2022-03-24 00:59:40
2022-03-24 12:22:11,2022-03-24 12:23:09,Free_Living,annotator,Experimental situation,2022-03-24 00:59:45,2022-03-24 01:00:43
2022-03-24 12:23:13,2022-03-24 12:24:48,Free_Living,annotator,Experimental situation,2022-03-24 01:00:47,2022-03-24 01:02:22
2022-03-24 12:24:49,2022-03-24 12:25:09,Free_Living,annotator,Experimental situation,2022-03-24 01:02:23,2022-03-24 01:02:43
2022-03-24 12:25:10,2022-03-24 12:25:22,Free_Living,annotator,Experimental situation,2022-03-24 01:02:44,2022-03-24 01:02:56
2022-03-24 12:25:23,2022-03-24 12:26:49,Free_Living,annotator,Experimental situation,2022-03-24 01:02:57,2022-03-24 01:04:23
2022-03-24 12:26:50,2022-03-24 12:27:04,Free_Living,annotator,Experimental situation,2022-03-24 01:04:24,2022-03-24 01:04:38
2022-03-24 12:27:06,2022-03-24 12:28:53,Free_Living,annotator,Experimental situation,2022-03-24 01:04:40,2022-03-24 01:06:27
2022-03-24 12:28:59,2022-03-24 12:29:01,Free_Living,annotator,Experimental situation,2022-03-24 01:06:33,2022-03-24 01:06:35
2022-03-24 12:29:01,2022-03-24 12:29:16,Free_Living,annotator,Experimental situation,2022-03-24 01:06:35,2022-03-24 01:06:50
2022-03-24 12:29:17,2022-03-24 12:29:58,Free_Living,annotator,Experimental situation,2022-03-24 01:06:51,2022-03-24 01:07:32
2022-03-24 12:30:04,2022-03-24 12:36:38,Free_Living,annotator,Experimental situation,2022-03-24 01:07:38,2022-03-24 01:14:12
2022-03-24 12:36:43,2022-03-24 12:37:43,Free_Living,annotator,Experimental situation,2022-03-24 01:14:17,2022-03-24 01:15:17
2022-03-24 12:37:50,2022-03-24 12:37:54,Free_Living,annotator,Experimental situation,2022-03-24 01:15:24,2022-03-24 01:15:28
2022-03-24 12:37:56,2022-03-24 12:41:47,Free_Living,annotator,Experimental situation,2022-03-24 01:15:30,2022-03-24 01:19:21
2022-03-24 12:41:57,2022-03-24 12:50:48,Free_Living,annotator,Experimental situation,2022-03-24 01:19:31,2022-03-24 01:28:22
2022-03-24 12:51:02,2022-03-24 12:51:59,Free_Living,annotator,Experimental situation,2022-03-24 01:28:36,2022-03-24 01:29:33
2022-03-24 12:52:03,2022-03-24 13:03:13,Free_Living,annotator,Experimental situation,2022-03-24 01:29:37,2022-03-24 01:40:47
2022-03-24 13:03:15,2022-03-24 13:03:42,Free_Living,annotator,Experimental situation,2022-03-24 01:40:49,2022-03-24 01:41:16
2022-03-24 13:03:52,2022-03-24 13:05:27,Free_Living,annotator,Experimental situation,2022-03-24 01:41:26,2022-03-24 01:43:01
2022-03-24 13:05:36,2022-03-24 13:06:09,Free_Living,annotator,Experimental situation,2022-03-24 01:43:10,2022-03-24 01:43:43
2022-03-24 13:06:11,2022-03-24 13:06:26,Free_Living,annotator,Experimental situation,2022-03-24 01:43:45,2022-03-24 01:44:00
2022-03-24 13:06:28,2022-03-24 13:06:31,Free_Living,annotator,Experimental situation,2022-03-24 01:44:02,2022-03-24 01:44:05
2022-03-24 13:06:31,2022-03-24 13:11:50,Free_Living,annotator,Experimental situation,2022-03-24 01:44:05,2022-03-24 01:49:24
2022-03-24 13:11:53,2022-03-24 13:11:57,Free_Living,annotator,Experimental situation,2022-03-24 01:49:27,2022-03-24 01:49:31
2022-03-24 13:11:57,2022-03-24 13:13:03,Free_Living,annotator,Experimental situation,2022-03-24 01:49:31,2022-03-24 01:50:37
2022-03-24 13:13:03,2022-03-24 13:14:02,Free_Living,annotator,Experimental situation,2022-03-24 01:50:37,2022-03-24 01:51:36
2022-03-24 13:14:03,2022-03-24 13:15:23,Free_Living,annotator,Experimental situation,2022-03-24 01:51:37,2022-03-24 01:52:57
2022-03-24 13:15:28,2022-03-24 13:16:37,Free_Living,annotator,Experimental situation,2022-03-24 01:53:02,2022-03-24 01:54:11
2022-03-24 13:16:39,2022-03-24 13:17:09,Free_Living,annotator,Experimental situation,2022-03-24 01:54:13,2022-03-24 01:54:43
2022-03-24 13:17:10,2022-03-24 13:17:33,Free_Living,annotator,Experimental situation,2022-03-24 01:54:44,2022-03-24 01:55:07
2022-03-24 13:17:35,2022-03-24 13:17:56,Free_Living,annotator,Experimental situation,2022-03-24 01:55:09,2022-03-24 01:55:30
2022-03-24 13:18:00,2022-03-24 13:18:35,Free_Living,annotator,Experimental situation,2022-03-24 01:55:34,2022-03-24 01:56:09
2022-03-24 13:18:42,2022-03-24 13:19:54,Free_Living,annotator,Experimental situation,2022-03-24 01:56:16,2022-03-24 01:57:28
2022-03-24 13:19:56,2022-03-24 13:20:02,Free_Living,annotator,Experimental situation,2022-03-24 01:57:30,2022-03-24 01:57:36
2022-03-24 13:20:02,2022-03-24 13:20:42,Free_Living,annotator,Experimental situation,2022-03-24 01:57:36,2022-03-24 01:58:16
2022-03-24 13:20:43,2022-03-24 13:20:54,Free_Living,annotator,Experimental situation,2022-03-24 01:58:17,2022-03-24 01:58:28
2022-03-24 13:20:55,2022-03-24 13:24:15,Free_Living,annotator,Experimental situation,2022-03-24 01:58:29,2022-03-24 02:01:49
2022-03-24 13:24:15,2022-03-24 13:24:38,Free_Living,annotator,Experimental situation,2022-03-24 02:01:49,2022-03-24 02:02:12
2022-03-24 13:24:39,2022-03-24 13:25:18,Free_Living,annotator,Experimental situation,2022-03-24 02:02:13,2022-03-24 02:02:52
2022-03-24 13:25:19,2022-03-24 13:26:01,Free_Living,annotator,Experimental situation,2022-03-24 02:02:53,2022-03-24 02:03:35
2022-03-24 13:26:01,2022-03-24 13:28:20,Free_Living,annotator,Experimental situation,2022-03-24 02:03:35,2022-03-24 02:05:54
2022-03-24 13:28:22,2022-03-24 13:29:51,Free_Living,annotator,Experimental situation,2022-03-24 02:05:56,2022-03-24 02:07:25
2022-03-24 13:29:52,2022-03-24 13:29:58,Free_Living,annotator,Experimental situation,2022-03-24 02:07:26,2022-03-24 02:07:32
2022-03-24 13:29:59,2022-03-24 13:30:06,Free_Living,annotator,Experimental situation,2022-03-24 02:07:33,2022-03-24 02:07:40
2022-03-24 13:30:07,2022-03-24 13:30:18,Free_Living,annotator,Experimental situation,2022-03-24 02:07:41,2022-03-24 02:07:52
2022-03-24 13:30:19,2022-03-24 13:31:25,Free_Living,annotator,Experimental situation,2022-03-24 02:07:53,2022-03-24 02:08:59
2022-03-24 13:31:36,2022-03-24 13:32:54,Free_Living,annotator,Experimental situation,2022-03-24 02:09:10,2022-03-24 02:10:28
2022-03-24 13:32:58,2022-03-24 13:35:37,Free_Living,annotator,Experimental situation,2022-03-24 02:10:32,2022-03-24 02:13:11
2022-03-24 13:35:45,2022-03-24 14:31:27,Free_Living,annotator,Experimental situation,2022-03-24 02:13:19,2022-03-24 03:09:01
2022-03-24 14:32:09,2022-03-24 14:33:51,Free_Living,annotator,Experimental situation,2022-03-24 03:09:43,2022-03-24 03:11:25
2022-03-24 14:33:52,2022-03-24 14:34:03,Free_Living,annotator,Experimental situation,2022-03-24 03:11:26,2022-03-24 03:11:37
2022-03-24 14:34:12,2022-03-24 14:37:17,Free_Living,annotator,Experimental situation,2022-03-24 03:11:46,2022-03-24 03:14:51
2022-03-24 14:37:18,2022-03-24 14:37:26,Free_Living,annotator,Experimental situation,2022-03-24 03:14:52,2022-03-24 03:15:00
2022-03-24 14:37:26,2022-03-24 14:37:59,Free_Living,annotator,Experimental situation,2022-03-24 03:15:00,2022-03-24 03:15:33
2022-03-24 14:38:01,2022-03-24 14:38:31,Free_Living,annotator,Experimental situation,2022-03-24 03:15:35,2022-03-24 03:16:05
2022-03-24 14:38:39,2022-03-24 15:16:54,Free_Living,annotator,Experimental situation,2022-03-24 03:16:13,2022-03-24 03:54:28
2022-03-24 15:16:57,2022-03-24 15:32:07,Free_Living,annotator,Experimental situation,2022-03-24 03:54:31,2022-03-24 04:09:41
2022-03-24 15:32:07,2022-03-24 15:32:50,Free_Living,annotator,Experimental situation,2022-03-24 04:09:41,2022-03-24 04:10:24
2022-03-24 15:32:50,2022-03-24 15:33:04,Free_Living,annotator,Experimental situation,2022-03-24 04:10:24,2022-03-24 04:10:38
2022-03-24 15:33:04,2022-03-24 15:38:02,Free_Living,annotator,Experimental situation,2022-03-24 04:10:38,2022-03-24 04:15:36
2022-03-24 15:38:02,2022-03-24 15:38:17,Free_Living,annotator,Experimental situation,2022-03-24 04:15:36,2022-03-24 04:15:51
2022-03-24 15:38:17,2022-03-24 15:38:48,Free_Living,annotator,Experimental situation,2022-03-24 04:15:51,2022-03-24 04:16:22
2022-03-24 15:38:48,2022-03-24 15:39:06,Free_Living,annotator,Experimental situation,2022-03-24 04:16:22,2022-03-24 04:16:40
2022-03-24 15:39:06,2022-03-24 15:39:30,Free_Living,annotator,Experimental situation,2022-03-24 04:16:40,2022-03-24 04:17:04
2022-03-24 15:39:30,2022-03-24 15:39:49,Free_Living,annotator,Experimental situation,2022-03-24 04:17:04,2022-03-24 04:17:23
2022-03-24 15:39:49,2022-03-24 15:40:40,Free_Living,annotator,Experimental situation,2022-03-24 04:17:23,2022-03-24 04:18:14
2022-03-24 15:40:40,2022-03-24 15:40:47,Free_Living,annotator,Experimental situation,2022-03-24 04:18:14,2022-03-24 04:18:21
2022-03-24 15:40:47,2022-03-24 15:41:46,Free_Living,annotator,Experimental situation,2022-03-24 04:18:21,2022-03-24 04:19:20
2022-03-24 15:41:46,2022-03-24 15:41:54,Free_Living,annotator,Experimental situation,2022-03-24 04:19:20,2022-03-24 04:19:28
2022-03-24 15:41:54,2022-03-24 15:44:27,Free_Living,annotator,Experimental situation,2022-03-24 04:19:28,2022-03-24 04:22:01
2022-03-24 15:44:27,2022-03-24 15:44:40,Free_Living,annotator,Experimental situation,2022-03-24 04:22:01,2022-03-24 04:22:14
2022-03-24 15:44:48,2022-03-24 15:45:06,Free_Living,annotator,Experimental situation,2022-03-24 04:22:22,2022-03-24 04:22:40
2022-03-24 15:45:06,2022-03-24 15:45:14,Free_Living,annotator,Experimental situation,2022-03-24 04:22:40,2022-03-24 04:22:48
2022-03-24 15:45:26,2022-03-24 15:45:49,Free_Living,annotator,Experimental situation,2022-03-24 04:23:00,2022-03-24 04:23:23
2022-03-24 15:45:49,2022-03-24 15:46:01,Free_Living,annotator,Experimental situation,2022-03-24 04:23:23,2022-03-24 04:23:35
2022-03-24 15:46:01,2022-03-24 15:47:36,Free_Living,annotator,Experimental situation,2022-03-24 04:23:35,2022-03-24 04:25:10
2022-03-24 15:47:36,2022-03-24 15:47:48,Free_Living,annotator,Experimental situation,2022-03-24 04:25:10,2022-03-24 04:25:22
2022-03-24 15:47:48,2022-03-24 15:50:49,Free_Living,annotator,Experimental situation,2022-03-24 04:25:22,2022-03-24 04:28:23
2022-03-24 15:50:49,2022-03-24 15:50:58,Free_Living,annotator,Experimental situation,2022-03-24 04:28:23,2022-03-24 04:28:32
2022-03-24 15:50:58,2022-03-24 15:52:05,Free_Living,annotator,Experimental situation,2022-03-24 04:28:32,2022-03-24 04:29:39
2022-03-24 15:52:05,2022-03-24 15:52:17,Free_Living,annotator,Experimental situation,2022-03-24 04:29:39,2022-03-24 04:29:51
2022-03-24 15:52:17,2022-03-24 15:53:12,Free_Living,annotator,Experimental situation,2022-03-24 04:29:51,2022-03-24 04:30:46
2022-03-24 15:53:12,2022-03-24 15:53:29,Free_Living,annotator,Experimental situation,2022-03-24 04:30:46,2022-03-24 04:31:03
2022-03-24 15:53:29,2022-03-24 15:53:39,Free_Living,annotator,Experimental situation,2022-03-24 04:31:03,2022-03-24 04:31:13
2022-03-24 15:53:39,2022-03-24 15:54:05,Free_Living,annotator,Experimental situation,2022-03-24 04:31:13,2022-03-24 04:31:39
2022-03-24 15:54:06,2022-03-24 15:54:26,Free_Living,annotator,Experimental situation,2022-03-24 04:31:40,2022-03-24 04:32:00
2022-03-24 15:54:26,2022-03-24 16:23:52,Free_Living,annotator,Experimental situation,2022-03-24 04:32:00,2022-03-24 05:01:26
2022-03-24 16:23:52,2022-03-24 16:35:11,Free_Living,annotator,Experimental situation,2022-03-24 05:01:26,2022-03-24 05:12:45
2022-03-24 16:35:11,2022-03-24 16:35:56,Free_Living,annotator,Experimental situation,2022-03-24 05:12:45,2022-03-24 05:13:30
2022-03-24 16:35:56,2022-03-24 16:36:15,Free_Living,annotator,Experimental situation,2022-03-24 05:13:30,2022-03-24 05:13:49
2022-03-24 16:36:15,2022-03-24 16:36:36,Free_Living,annotator,Experimental situation,2022-03-24 05:13:49,2022-03-24 05:14:10
2022-03-24 16:36:37,2022-03-24 16:36:53,Free_Living,annotator,Experimental situation,2022-03-24 05:14:11,2022-03-24 05:14:27
2022-03-24 16:36:53,2022-03-24 16:37:46,Free_Living,annotator,Experimental situation,2022-03-24 05:14:27,2022-03-24 05:15:20
2022-03-24 16:37:46,2022-03-24 16:37:55,Free_Living,annotator,Experimental situation,2022-03-24 05:15:20,2022-03-24 05:15:29
2022-03-24 16:37:55,2022-03-24 16:38:53,Free_Living,annotator,Experimental situation,2022-03-24 05:15:29,2022-03-24 05:16:27
2022-03-24 16:38:53,2022-03-24 16:39:02,Free_Living,annotator,Experimental situation,2022-03-24 05:16:27,2022-03-24 05:16:36
2022-03-24 16:39:02,2022-03-24 16:40:36,Free_Living,annotator,Experimental situation,2022-03-24 05:16:36,2022-03-24 05:18:10
2022-03-24 16:40:36,2022-03-24 16:40:49,Free_Living,annotator,Experimental situation,2022-03-24 05:18:10,2022-03-24 05:18:23
2022-03-24 16:40:49,2022-03-24 16:41:03,Free_Living,annotator,Experimental situation,2022-03-24 05:18:23,2022-03-24 05:18:37
2022-03-24 16:41:03,2022-03-24 16:41:41,Free_Living,annotator,Experimental situation,2022-03-24 05:18:37,2022-03-24 05:19:15
2022-03-24 16:41:41,2022-03-24 16:42:50,Free_Living,annotator,Experimental situation,2022-03-24 05:19:15,2022-03-24 05:20:24
2022-03-24 16:42:50,2022-03-24 16:43:11,Free_Living,annotator,Experimental situation,2022-03-24 05:20:24,2022-03-24 05:20:45
2022-03-24 16:43:11,2022-03-24 16:52:30,Free_Living,annotator,Experimental situation,2022-03-24 05:20:45,2022-03-24 05:30:04
2022-03-24 16:52:30,2022-03-24 16:52:50,Free_Living,annotator,Experimental situation,2022-03-24 05:30:04,2022-03-24 05:30:24
2022-03-24 16:52:50,2022-03-24 17:05:19,Free_Living,annotator,Experimental situation,2022-03-24 05:30:24,2022-03-24 05:42:53
2022-03-24 17:05:19,2022-03-24 17:06:09,Free_Living,annotator,Experimental situation,2022-03-24 05:42:53,2022-03-24 05:43:43
2022-03-24 17:06:09,2022-03-24 17:06:24,Free_Living,annotator,Experimental situation,2022-03-24 05:43:43,2022-03-24 05:43:58
2022-03-24 17:06:24,2022-03-24 17:07:13,Free_Living,annotator,Experimental situation,2022-03-24 05:43:58,2022-03-24 05:44:47
2022-03-24 17:07:13,2022-03-24 17:07:32,Free_Living,annotator,Experimental situation,2022-03-24 05:44:47,2022-03-24 05:45:06
2022-03-24 17:07:32,2022-03-24 17:07:36,Free_Living,annotator,Experimental situation,2022-03-24 05:45:06,2022-03-24 05:45:10
2022-03-24 17:07:36,2022-03-24 17:08:53,Free_Living,annotator,Experimental situation,2022-03-24 05:45:10,2022-03-24 05:46:27
2022-03-24 17:08:53,2022-03-24 17:10:03,Free_Living,annotator,Experimental situation,2022-03-24 05:46:27,2022-03-24 05:47:37
2022-03-24 17:10:03,2022-03-24 17:14:26,Free_Living,annotator,Experimental situation,2022-03-24 05:47:37,2022-03-24 05:52:00
2022-03-24 17:14:26,2022-03-24 17:17:35,Free_Living,annotator,Experimental situation,2022-03-24 05:52:00,2022-03-24 05:55:09
2022-03-24 17:17:35,2022-03-24 17:20:06,Free_Living,annotator,Experimental situation,2022-03-24 05:55:09,2022-03-24 05:57:40
2022-03-24 17:20:06,2022-03-24 17:27:21,Free_Living,annotator,Experimental situation,2022-03-24 05:57:40,2022-03-24 06:04:55
2022-03-24 17:27:21,2022-03-24 17:27:36,Free_Living,annotator,Experimental situation,2022-03-24 06:04:55,2022-03-24 06:05:10
2022-03-24 17:27:36,2022-03-24 17:27:45,Free_Living,annotator,Experimental situation,2022-03-24 06:05:10,2022-03-24 06:05:19
2022-03-24 17:27:45,2022-03-24 17:27:56,Free_Living,annotator,Experimental situation,2022-03-24 06:05:19,2022-03-24 06:05:30
2022-03-24 17:27:56,2022-03-24 17:28:14,Free_Living,annotator,Experimental situation,2022-03-24 06:05:30,2022-03-24 06:05:48
2022-03-24 17:28:14,2022-03-24 17:30:08,Free_Living,annotator,Experimental situation,2022-03-24 06:05:48,2022-03-24 06:07:42
2022-03-24 17:30:08,2022-03-24 17:30:17,Free_Living,annotator,Experimental situation,2022-03-24 06:07:42,2022-03-24 06:07:51
2022-03-24 17:30:17,2022-03-24 17:31:21,Free_Living,annotator,Experimental situation,2022-03-24 06:07:51,2022-03-24 06:08:55
2022-03-24 17:31:21,2022-03-24 17:31:34,Free_Living,annotator,Experimental situation,2022-03-24 06:08:55,2022-03-24 06:09:08
2022-03-24 17:31:34,2022-03-24 17:32:30,Free_Living,annotator,Experimental situation,2022-03-24 06:09:08,2022-03-24 06:10:04
2022-03-24 17:32:30,2022-03-24 17:32:53,Free_Living,annotator,Experimental situation,2022-03-24 06:10:04,2022-03-24 06:10:27
2022-03-24 17:32:53,2022-03-24 17:33:14,Free_Living,annotator,Experimental situation,2022-03-24 06:10:27,2022-03-24 06:10:48
2022-03-24 17:33:16,2022-03-24 17:34:02,Free_Living,annotator,Experimental situation,2022-03-24 06:10:50,2022-03-24 06:11:36
2022-03-24 17:34:02,2022-03-24 17:34:41,Free_Living,annotator,Experimental situation,2022-03-24 06:11:36,2022-03-24 06:12:15
2022-03-24 17:34:41,2022-03-24 17:35:01,Free_Living,annotator,Experimental situation,2022-03-24 06:12:15,2022-03-24 06:12:35
2022-03-24 17:35:01,2022-03-24 17:37:48,Free_Living,annotator,Experimental situation,2022-03-24 06:12:35,2022-03-24 06:15:22
2022-03-24 17:37:48,2022-03-24 17:38:37,Free_Living,annotator,Experimental situation,2022-03-24 06:15:22,2022-03-24 06:16:11
2022-03-24 17:38:37,2022-03-24 17:41:10,Free_Living,annotator,Experimental situation,2022-03-24 06:16:11,2022-03-24 06:18:44
2022-03-24 17:41:10,2022-03-24 18:01:37,Free_Living,annotator,Experimental situation,2022-03-24 06:18:44,2022-03-24 06:39:11
2022-03-24 18:01:37,2022-03-24 18:01:54,Free_Living,annotator,Experimental situation,2022-03-24 06:39:11,2022-03-24 06:39:28
2022-03-24 18:01:54,2022-03-24 18:08:16,Free_Living,annotator,Experimental situation,2022-03-24 06:39:28,2022-03-24 06:45:50
2022-03-24 18:08:16,2022-03-24 18:13:18,Free_Living,annotator,Experimental situation,2022-03-24 06:45:50,2022-03-24 06:50:52
2022-03-24 18:13:18,2022-03-24 18:13:53,Free_Living,annotator,Experimental situation,2022-03-24 06:50:52,2022-03-24 06:51:27
2022-03-24 18:13:53,2022-03-24 18:14:40,Free_Living,annotator,Experimental situation,2022-03-24 06:51:27,2022-03-24 06:52:14
2022-03-24 18:14:40,2022-03-24 18:14:53,Free_Living,annotator,Experimental situation,2022-03-24 06:52:14,2022-03-24 06:52:27
2022-03-24 18:14:53,2022-03-24 18:15:21,Free_Living,annotator,Experimental situation,2022-03-24 06:52:27,2022-03-24 06:52:55
2022-03-24 18:15:21,2022-03-24 18:18:10,Free_Living,annotator,Experimental situation,2022-03-24 06:52:55,2022-03-24 06:55:44
2022-03-24 18:18:10,2022-03-24 18:18:39,Free_Living,annotator,Experimental situation,2022-03-24 06:55:44,2022-03-24 06:56:13
2022-03-24 18:18:39,2022-03-24 18:19:09,Free_Living,annotator,Experimental situation,2022-03-24 06:56:13,2022-03-24 06:56:43
2022-03-24 18:19:09,2022-03-24 18:19:37,Free_Living,annotator,Experimental situation,2022-03-24 06:56:43,2022-03-24 06:57:11
2022-03-24 18:19:37,2022-03-24 18:33:04,ES_VideoUnavailable/Indecipherable,annotator,Experimental situation,2022-03-24 06:57:11,2022-03-24 07:10:38
2022-03-24 18:33:04,2022-03-24 18:34:23,Free_Living,annotator,Experimental situation,2022-03-24 07:10:38,2022-03-24 07:11:57
2022-03-24 18:34:23,2022-03-24 18:38:46,Free_Living,annotator,Experimental situation,2022-03-24 07:11:57,2022-03-24 07:16:20
2022-03-24 18:38:46,2022-03-24 18:46:36,Free_Living,annotator,Experimental situation,2022-03-24 07:16:20,2022-03-24 07:24:10
2022-03-24 18:46:36,2022-03-24 18:46:44,Free_Living,annotator,Experimental situation,2022-03-24 07:24:10,2022-03-24 07:24:18
2022-03-24 18:46:44,2022-03-24 19:07:37,Free_Living,annotator,Experimental situation,2022-03-24 07:24:18,2022-03-24 07:45:11
2022-03-24 19:07:37,2022-03-24 19:08:24,Free_Living,annotator,Experimental situation,2022-03-24 07:45:11,2022-03-24 07:45:58
2022-03-24 19:08:24,2022-03-24 19:08:57,Free_Living,annotator,Experimental situation,2022-03-24 07:45:58,2022-03-24 07:46:31
2022-03-24 19:08:57,2022-03-24 19:09:14,Free_Living,annotator,Experimental situation,2022-03-24 07:46:31,2022-03-24 07:46:48
2022-03-24 19:09:14,2022-03-24 19:18:24,Free_Living,annotator,Experimental situation,2022-03-24 07:46:48,2022-03-24 07:55:58
2022-03-24 19:18:24,2022-03-24 19:21:55,Free_Living,annotator,Experimental situation,2022-03-24 07:55:58,2022-03-24 07:59:29
2022-03-24 19:21:55,2022-03-24 19:24:07,Free_Living,annotator,Experimental situation,2022-03-24 07:59:29,2022-03-24 08:01:41
2022-03-24 19:24:07,2022-03-24 19:30:55,Free_Living,annotator,Experimental situation,2022-03-24 08:01:41,2022-03-24 08:08:29
2022-03-24 19:30:55,2022-03-24 19:50:52,Free_Living,annotator,Experimental situation,2022-03-24 08:08:29,2022-03-24 08:28:26
2022-03-24 19:50:52,2022-03-24 19:52:31,Free_Living,annotator,Experimental situation,2022-03-24 08:28:26,2022-03-24 08:30:05
2022-03-24 19:52:31,2022-03-24 19:52:44,Free_Living,annotator,Experimental situation,2022-03-24 08:30:05,2022-03-24 08:30:18
2022-03-24 19:52:44,2022-03-24 19:53:05,Free_Living,annotator,Experimental situation,2022-03-24 08:30:18,2022-03-24 08:30:39
2022-03-24 19:53:05,2022-03-24 19:53:22,Free_Living,annotator,Experimental situation,2022-03-24 08:30:39,2022-03-24 08:30:56
2022-03-24 19:53:22,2022-03-24 19:54:13,Free_Living,annotator,Experimental situation,2022-03-24 08:30:56,2022-03-24 08:31:47
2022-03-24 19:54:13,2022-03-24 19:54:21,Free_Living,annotator,Experimental situation,2022-03-24 08:31:47,2022-03-24 08:31:55
2022-03-24 19:54:21,2022-03-24 19:55:20,Free_Living,annotator,Experimental situation,2022-03-24 08:31:55,2022-03-24 08:32:54
2022-03-24 19:55:20,2022-03-24 19:55:29,Free_Living,annotator,Experimental situation,2022-03-24 08:32:54,2022-03-24 08:33:03
2022-03-24 19:55:29,2022-03-24 19:58:04,Free_Living,annotator,Experimental situation,2022-03-24 08:33:03,2022-03-24 08:35:38
2022-03-24 19:58:04,2022-03-24 19:58:16,Free_Living,annotator,Experimental situation,2022-03-24 08:35:38,2022-03-24 08:35:50
2022-03-24 19:58:16,2022-03-24 19:59:02,Free_Living,annotator,Experimental situation,2022-03-24 08:35:50,2022-03-24 08:36:36
2022-03-24 19:59:02,2022-03-24 19:59:24,Free_Living,annotator,Experimental situation,2022-03-24 08:36:36,2022-03-24 08:36:58
2022-03-24 19:59:24,2022-03-24 20:03:39,Free_Living,annotator,Experimental situation,2022-03-24 08:36:58,2022-03-24 08:41:13
2022-03-24 20:03:39,2022-03-24 20:04:34,Free_Living,annotator,Experimental situation,2022-03-24 08:41:13,2022-03-24 08:42:08
2022-03-24 20:04:34,2022-03-24 20:06:54,Free_Living,annotator,Experimental situation,2022-03-24 08:42:08,2022-03-24 08:44:28
2022-03-24 20:06:54,2022-03-24 20:07:19,Free_Living,annotator,Experimental situation,2022-03-24 08:44:28,2022-03-24 08:44:53
2022-03-24 20:07:19,2022-03-24 20:35:14,Free_Living,annotator,Experimental situation,2022-03-24 08:44:53,2022-03-24 09:12:48
2022-03-24 20:35:14,2022-03-24 20:38:26,Free_Living,annotator,Experimental situation,2022-03-24 09:12:48,2022-03-24 09:16:00
2022-03-24 20:38:26,2022-03-24 20:41:26,Free_Living,annotator,Experimental situation,2022-03-24 09:16:00,2022-03-24 09:19:00
2022-03-24 20:41:26,2022-03-24 20:42:57,Free_Living,annotator,Experimental situation,2022-03-24 09:19:00,2022-03-24 09:20:31
2022-03-24 20:42:57,2022-03-24 20:43:26,Free_Living,annotator,Experimental situation,2022-03-24 09:20:31,2022-03-24 09:21:00
2022-03-24 20:43:40,2022-03-24 20:44:01,Free_Living,annotator,Experimental situation,2022-03-24 09:21:14,2022-03-24 09:21:35
2022-03-24 20:44:01,2022-03-24 20:44:13,Free_Living,annotator,Experimental situation,2022-03-24 09:21:35,2022-03-24 09:21:47
2022-03-24 20:44:13,2022-03-24 20:46:13,Free_Living,annotator,Experimental situation,2022-03-24 09:21:47,2022-03-24 09:23:47
2022-03-24 20:46:13,2022-03-24 20:46:26,Free_Living,annotator,Experimental situation,2022-03-24 09:23:47,2022-03-24 09:24:00
2022-03-24 20:46:26,2022-03-24 20:47:32,Free_Living,annotator,Experimental situation,2022-03-24 09:24:00,2022-03-24 09:25:06
2022-03-24 20:47:32,2022-03-24 20:47:45,Free_Living,annotator,Experimental situation,2022-03-24 09:25:06,2022-03-24 09:25:19
2022-03-24 20:47:45,2022-03-24 20:49:38,Free_Living,annotator,Experimental situation,2022-03-24 09:25:19,2022-03-24 09:27:12
2022-03-24 20:49:38,2022-03-24 20:50:02,Free_Living,annotator,Experimental situation,2022-03-24 09:27:12,2022-03-24 09:27:36
2022-03-24 20:50:02,2022-03-24 20:50:41,Free_Living,annotator,Experimental situation,2022-03-24 09:27:36,2022-03-24 09:28:15
2022-03-24 20:50:41,2022-03-24 20:51:08,Free_Living,annotator,Experimental situation,2022-03-24 09:28:15,2022-03-24 09:28:42
2022-03-24 20:51:08,2022-03-24 21:35:20,Free_Living,annotator,Experimental situation,2022-03-24 09:28:42,2022-03-24 10:12:54
2022-03-24 21:35:20,2022-03-24 22:04:34,Free_Living,annotator,Experimental situation,2022-03-24 10:12:54,2022-03-24 10:42:08
2022-03-24 22:04:34,2022-03-24 22:08:08,Free_Living,annotator,Experimental situation,2022-03-24 10:42:08,2022-03-24 10:45:42
2022-03-24 22:08:08,2022-03-24 22:12:16,ES_VideoUnavailable/Indecipherable,annotator,Experimental situation,2022-03-24 10:45:42,2022-03-24 10:49:50
2022-03-24 22:12:16,2022-03-24 23:00:45,Free_Living,annotator,Experimental situation,2022-03-24 10:49:50,2022-03-24 11:38:19
2022-03-24 23:00:45,2022-03-24 23:24:17,Free_Living,annotator,Experimental situation,2022-03-24 11:38:19,2022-03-24 12:01:51
2022-03-24 23:24:17,2022-03-24 23:29:27,Free_Living,annotator,Experimental situation,2022-03-24 12:01:51,2022-03-24 12:07:01
2022-03-24 23:29:27,2022-03-24 23:49:49,Free_Living,annotator,Experimental situation,2022-03-24 12:07:01,2022-03-24 12:27:23
2022-03-24 23:49:49,2022-03-25 00:08:25,Free_Living,annotator,Experimental situation,2022-03-24 12:27:23,2022-03-24 12:45:59
2022-03-25 00:08:25,2022-03-25 00:08:57,Free_Living,annotator,Experimental situation,2022-03-24 12:45:59,2022-03-24 12:46:31
2022-03-25 00:08:57,2022-03-25 00:15:45,Free_Living,annotator,Experimental situation,2022-03-24 12:46:31,2022-03-24 12:53:19
2022-03-25 00:15:45,2022-03-25 00:16:27,ES_VideoUnavailable/Indecipherable,annotator,Experimental situation,2022-03-24 12:53:19,2022-03-24 12:54:01
