START_TIME,STOP_TIME,PREDICTION,SOURCE,LABELSET,VIDEO_START_TIME,VIDEO_END_TIME
2022-05-10 16:57:30,2022-05-10 16:58:29,Meeting _Social_Gathering_In_Person,annotator,HIGH LEVEL BEHAVIOR,2022-05-10 00:00:00,2022-05-10 00:00:59
2022-05-10 16:58:29,2022-05-10 17:00:27,HLB_Indecipherable/Video_Insufficient,annotator,HIGH LEVEL BEHAVIOR,2022-05-10 00:00:59,2022-05-10 00:02:57
2022-05-10 17:00:27,2022-05-10 17:02:36,,annotator,HIGH LEVEL BEHAVIOR,2022-05-10 00:02:57,2022-05-10 00:05:06
2022-05-10 17:02:36,2022-05-10 17:03:09,,annotator,HIGH LEVEL BEHAVIOR,2022-05-10 00:05:06,2022-05-10 00:05:39
2022-05-10 17:03:09,2022-05-10 17:03:49,,annotator,HIGH LEVEL BEHAVIOR,2022-05-10 00:05:39,2022-05-10 00:06:19
2022-05-10 17:03:49,2022-05-10 17:04:26,In_Transit_Active,annotator,HIGH LEVEL BEHAVIOR,2022-05-10 00:06:19,2022-05-10 00:06:56
2022-05-10 17:04:26,2022-05-10 17:04:49,In_Transit_Active, Riding_Elevator_Down,annotator,HIGH LEVEL BEHAVIOR,2022-05-10 00:06:56,2022-05-10 00:07:19
2022-05-10 17:04:58,2022-05-10 17:11:36,In_Transit_Active,annotator,HIGH LEVEL BEHAVIOR,2022-05-10 00:07:28,2022-05-10 00:14:06
2022-05-10 17:11:37,2022-05-10 17:13:01,In_Transit_Active,annotator,HIGH LEVEL BEHAVIOR,2022-05-10 00:14:07,2022-05-10 00:15:31
2022-05-10 17:13:01,2022-05-10 17:18:57,In_Transit_Driving_Car,annotator,HIGH LEVEL BEHAVIOR,2022-05-10 00:15:31,2022-05-10 00:21:27
2022-05-10 17:18:57,2022-05-10 17:38:26,In_Transit_Driving_Car,annotator,HIGH LEVEL BEHAVIOR,2022-05-10 00:21:27,2022-05-10 00:40:56
2022-05-10 17:38:26,2022-05-10 17:39:45,In_Transit_Active,annotator,HIGH LEVEL BEHAVIOR,2022-05-10 00:40:56,2022-05-10 00:42:15
2022-05-10 17:39:45,2022-05-10 17:40:11,In_Transit_Active,annotator,HIGH LEVEL BEHAVIOR,2022-05-10 00:42:15,2022-05-10 00:42:41
2022-05-10 17:40:11,2022-05-10 17:40:32,In_Transit_Active,annotator,HIGH LEVEL BEHAVIOR,2022-05-10 00:42:41,2022-05-10 00:43:02
2022-05-10 17:40:32,2022-05-10 17:40:57,In_Transit_Active,annotator,HIGH LEVEL BEHAVIOR,2022-05-10 00:43:02,2022-05-10 00:43:27
2022-05-10 17:40:57,2022-05-10 17:41:31,,annotator,HIGH LEVEL BEHAVIOR,2022-05-10 00:43:27,2022-05-10 00:44:01
2022-05-10 17:41:31,2022-05-10 17:43:59,HLB_Indecipherable/Video_Insufficient,annotator,HIGH LEVEL BEHAVIOR,2022-05-10 00:44:01,2022-05-10 00:46:29
2022-05-10 17:43:59,2022-05-10 17:44:36,,annotator,HIGH LEVEL BEHAVIOR,2022-05-10 00:46:29,2022-05-10 00:47:06
2022-05-10 17:44:36,2022-05-10 17:45:11,,annotator,HIGH LEVEL BEHAVIOR,2022-05-10 00:47:06,2022-05-10 00:47:41
2022-05-10 17:45:11,2022-05-10 17:45:33,,annotator,HIGH LEVEL BEHAVIOR,2022-05-10 00:47:41,2022-05-10 00:48:03
2022-05-10 17:45:33,2022-05-10 17:46:37,Doing_Common_Housework_Light,annotator,HIGH LEVEL BEHAVIOR,2022-05-10 00:48:03,2022-05-10 00:49:07
2022-05-10 17:46:37,2022-05-10 17:49:15,Doing_Common_Housework_Light, Doing_Dishes,annotator,HIGH LEVEL BEHAVIOR,2022-05-10 00:49:07,2022-05-10 00:51:45
2022-05-10 17:49:15,2022-05-10 17:50:41,Doing_Common_Housework_Light,annotator,HIGH LEVEL BEHAVIOR,2022-05-10 00:51:45,2022-05-10 00:53:11
2022-05-10 17:50:41,2022-05-10 17:57:11,Cooking/Prepping_Food,annotator,HIGH LEVEL BEHAVIOR,2022-05-10 00:53:11,2022-05-10 00:59:41
2022-05-10 17:57:11,2022-05-10 17:57:49,Cooking/Prepping_Food,annotator,HIGH LEVEL BEHAVIOR,2022-05-10 00:59:41,2022-05-10 01:00:19
2022-05-10 17:57:49,2022-05-10 17:58:40,Cooking/Prepping_Food,annotator,HIGH LEVEL BEHAVIOR,2022-05-10 01:00:19,2022-05-10 01:01:10
2022-05-10 17:58:40,2022-05-10 18:01:08,Cooking/Prepping_Food,annotator,HIGH LEVEL BEHAVIOR,2022-05-10 01:01:10,2022-05-10 01:03:38
2022-05-10 18:01:08,2022-05-10 18:01:12,Cooking/Prepping_Food,annotator,HIGH LEVEL BEHAVIOR,2022-05-10 01:03:38,2022-05-10 01:03:42
2022-05-10 18:01:12,2022-05-10 18:04:32,Cooking/Prepping_Food,annotator,HIGH LEVEL BEHAVIOR,2022-05-10 01:03:42,2022-05-10 01:07:02
2022-05-10 18:04:32,2022-05-10 18:07:28,Cooking/Prepping_Food, Eating/Dining,annotator,HIGH LEVEL BEHAVIOR,2022-05-10 01:07:02,2022-05-10 01:09:58
2022-05-10 18:07:28,2022-05-10 18:10:02,Cooking/Prepping_Food,annotator,HIGH LEVEL BEHAVIOR,2022-05-10 01:09:58,2022-05-10 01:12:32
2022-05-10 18:10:02,2022-05-10 18:10:11,Cooking/Prepping_Food,annotator,HIGH LEVEL BEHAVIOR,2022-05-10 01:12:32,2022-05-10 01:12:41
2022-05-10 18:10:11,2022-05-10 18:11:31,Cooking/Prepping_Food, Eating/Dining,annotator,HIGH LEVEL BEHAVIOR,2022-05-10 01:12:41,2022-05-10 01:14:01
2022-05-10 18:11:31,2022-05-10 18:11:49,Cooking/Prepping_Food,annotator,HIGH LEVEL BEHAVIOR,2022-05-10 01:14:01,2022-05-10 01:14:19
2022-05-10 18:11:49,2022-05-10 18:19:07,Eating/Dining,annotator,HIGH LEVEL BEHAVIOR,2022-05-10 01:14:19,2022-05-10 01:21:37
2022-05-10 18:19:07,2022-05-10 18:19:27,Eating/Dining,annotator,HIGH LEVEL BEHAVIOR,2022-05-10 01:21:37,2022-05-10 01:21:57
2022-05-10 18:19:27,2022-05-10 18:21:53,Eating/Dining,annotator,HIGH LEVEL BEHAVIOR,2022-05-10 01:21:57,2022-05-10 01:24:23
2022-05-10 18:21:53,2022-05-10 18:22:16,Eating/Dining,annotator,HIGH LEVEL BEHAVIOR,2022-05-10 01:24:23,2022-05-10 01:24:46
2022-05-10 18:22:16,2022-05-10 18:22:29,Eating/Dining,annotator,HIGH LEVEL BEHAVIOR,2022-05-10 01:24:46,2022-05-10 01:24:59
2022-05-10 18:22:29,2022-05-10 18:24:55,Eating/Dining,annotator,HIGH LEVEL BEHAVIOR,2022-05-10 01:24:59,2022-05-10 01:27:25
2022-05-10 18:24:55,2022-05-10 18:25:09,Eating/Dining,annotator,HIGH LEVEL BEHAVIOR,2022-05-10 01:27:25,2022-05-10 01:27:39
2022-05-10 18:25:09,2022-05-10 18:26:29,Eating/Dining,annotator,HIGH LEVEL BEHAVIOR,2022-05-10 01:27:39,2022-05-10 01:28:59
2022-05-10 18:26:29,2022-05-10 18:26:47,Eating/Dining,annotator,HIGH LEVEL BEHAVIOR,2022-05-10 01:28:59,2022-05-10 01:29:17
2022-05-10 18:26:47,2022-05-10 18:28:54,Eating/Dining,annotator,HIGH LEVEL BEHAVIOR,2022-05-10 01:29:17,2022-05-10 01:31:24
2022-05-10 18:28:54,2022-05-10 18:29:22,Eating/Dining,annotator,HIGH LEVEL BEHAVIOR,2022-05-10 01:31:24,2022-05-10 01:31:52
2022-05-10 18:29:22,2022-05-10 18:30:45,Eating/Dining,annotator,HIGH LEVEL BEHAVIOR,2022-05-10 01:31:52,2022-05-10 01:33:15
2022-05-10 18:30:45,2022-05-10 18:30:54,,annotator,HIGH LEVEL BEHAVIOR,2022-05-10 01:33:15,2022-05-10 01:33:24
2022-05-10 18:30:54,2022-05-10 18:31:02,,annotator,HIGH LEVEL BEHAVIOR,2022-05-10 01:33:24,2022-05-10 01:33:32
2022-05-10 18:31:02,2022-05-10 18:43:30,,annotator,HIGH LEVEL BEHAVIOR,2022-05-10 01:33:32,2022-05-10 01:46:00
2022-05-10 18:43:30,2022-05-10 18:59:38,,annotator,HIGH LEVEL BEHAVIOR,2022-05-10 01:46:00,2022-05-10 02:02:08
2022-05-10 18:59:38,2022-05-10 18:59:48,,annotator,HIGH LEVEL BEHAVIOR,2022-05-10 02:02:08,2022-05-10 02:02:18
2022-05-10 18:59:48,2022-05-10 19:02:02,HLB_Indecipherable/Video_Insufficient,annotator,HIGH LEVEL BEHAVIOR,2022-05-10 02:02:18,2022-05-10 02:04:32
2022-05-10 19:02:02,2022-05-10 19:02:21,,annotator,HIGH LEVEL BEHAVIOR,2022-05-10 02:04:32,2022-05-10 02:04:51
2022-05-10 19:02:21,2022-05-10 19:02:53,,annotator,HIGH LEVEL BEHAVIOR,2022-05-10 02:04:51,2022-05-10 02:05:23
2022-05-10 19:02:53,2022-05-10 19:03:07,Packing/Unpacking_Something,annotator,HIGH LEVEL BEHAVIOR,2022-05-10 02:05:23,2022-05-10 02:05:37
2022-05-10 19:03:07,2022-05-10 19:03:18,Grooming/Self_Care,annotator,HIGH LEVEL BEHAVIOR,2022-05-10 02:05:37,2022-05-10 02:05:48
2022-05-10 19:03:18,2022-05-10 19:03:50,,annotator,HIGH LEVEL BEHAVIOR,2022-05-10 02:05:48,2022-05-10 02:06:20
2022-05-10 19:03:50,2022-05-10 19:04:00,Packing/Unpacking_Something,annotator,HIGH LEVEL BEHAVIOR,2022-05-10 02:06:20,2022-05-10 02:06:30
2022-05-10 19:04:00,2022-05-10 19:04:16,,annotator,HIGH LEVEL BEHAVIOR,2022-05-10 02:06:30,2022-05-10 02:06:46
2022-05-10 19:04:16,2022-05-10 19:04:38,,annotator,HIGH LEVEL BEHAVIOR,2022-05-10 02:06:46,2022-05-10 02:07:08
2022-05-10 19:04:38,2022-05-10 19:04:54,,annotator,HIGH LEVEL BEHAVIOR,2022-05-10 02:07:08,2022-05-10 02:07:24
2022-05-10 19:04:54,2022-05-10 19:05:14,,annotator,HIGH LEVEL BEHAVIOR,2022-05-10 02:07:24,2022-05-10 02:07:44
2022-05-10 19:05:14,2022-05-10 19:24:16,In_Transit_Driving_Car,annotator,HIGH LEVEL BEHAVIOR,2022-05-10 02:07:44,2022-05-10 02:26:46
2022-05-10 19:24:16,2022-05-10 19:24:46,,annotator,HIGH LEVEL BEHAVIOR,2022-05-10 02:26:46,2022-05-10 02:27:16
2022-05-10 19:24:46,2022-05-10 20:42:34,HLB_Indecipherable/Video_Insufficient,annotator,HIGH LEVEL BEHAVIOR,2022-05-10 02:27:16,2022-05-10 03:45:04
2022-05-10 20:42:34,2022-05-10 20:43:10,,annotator,HIGH LEVEL BEHAVIOR,2022-05-10 03:45:04,2022-05-10 03:45:40
2022-05-10 20:43:10,2022-05-10 21:03:44,In_Transit_Driving_Car,annotator,HIGH LEVEL BEHAVIOR,2022-05-10 03:45:40,2022-05-10 04:06:14
2022-05-10 21:03:44,2022-05-10 21:04:56,,annotator,HIGH LEVEL BEHAVIOR,2022-05-10 04:06:14,2022-05-10 04:07:26
2022-05-10 21:05:03,2022-05-10 21:06:02,,annotator,HIGH LEVEL BEHAVIOR,2022-05-10 04:07:33,2022-05-10 04:08:32
2022-05-10 21:06:02,2022-05-10 21:06:37,,annotator,HIGH LEVEL BEHAVIOR,2022-05-10 04:08:32,2022-05-10 04:09:07
2022-05-10 21:06:37,2022-05-10 21:06:51,,annotator,HIGH LEVEL BEHAVIOR,2022-05-10 04:09:07,2022-05-10 04:09:21
2022-05-10 21:06:51,2022-05-10 21:06:57,,annotator,HIGH LEVEL BEHAVIOR,2022-05-10 04:09:21,2022-05-10 04:09:27
2022-05-10 21:06:57,2022-05-10 21:07:38,,annotator,HIGH LEVEL BEHAVIOR,2022-05-10 04:09:27,2022-05-10 04:10:08
2022-05-10 21:07:38,2022-05-10 21:08:23,,annotator,HIGH LEVEL BEHAVIOR,2022-05-10 04:10:08,2022-05-10 04:10:53
2022-05-10 21:08:23,2022-05-10 21:08:31,,annotator,HIGH LEVEL BEHAVIOR,2022-05-10 04:10:53,2022-05-10 04:11:01
2022-05-10 21:08:31,2022-05-10 21:11:06,,annotator,HIGH LEVEL BEHAVIOR,2022-05-10 04:11:01,2022-05-10 04:13:36
2022-05-10 21:11:06,2022-05-10 21:11:35,Doing_Dishes,annotator,HIGH LEVEL BEHAVIOR,2022-05-10 04:13:36,2022-05-10 04:14:05
2022-05-10 21:11:35,2022-05-10 21:11:49,,annotator,HIGH LEVEL BEHAVIOR,2022-05-10 04:14:05,2022-05-10 04:14:19
2022-05-10 21:11:49,2022-05-11 00:07:30,HLB_Indecipherable/Video_Insufficient,annotator,HIGH LEVEL BEHAVIOR,2022-05-10 04:14:19,2022-05-10 07:10:00
