START_TIME,STOP_TIME,PREDICTION,SOURCE,LABELSET,VIDEO_START_TIME,VIDEO_END_TIME
2021-12-04 14:10:30,2021-12-04 14:11:26,Located_Indoors, Holding_Other_Object_Light,annotator,Behavioral Parameters,2021-12-04 00:00:37,2021-12-04 00:01:33
2021-12-04 14:11:27,2021-12-04 14:12:19,Holding_Other_Object_Light, Located_Outdoors,annotator,Behavioral Parameters,2021-12-04 00:01:34,2021-12-04 00:02:26
2021-12-04 14:12:19,2021-12-04 14:12:35,Holding_Other_Object_Light, Located_Indoors,annotator,Behavioral Parameters,2021-12-04 00:02:26,2021-12-04 00:02:42
2021-12-04 14:12:48,2021-12-04 14:13:04,Located_Indoors,annotator,Behavioral Parameters,2021-12-04 00:02:55,2021-12-04 00:03:11
2021-12-04 14:13:06,2021-12-04 14:13:47,Located_Indoors,annotator,Behavioral Parameters,2021-12-04 00:03:13,2021-12-04 00:03:54
2021-12-04 14:13:48,2021-12-04 14:31:03,Located_Indoors, In_Conversation,annotator,Behavioral Parameters,2021-12-04 00:03:55,2021-12-04 00:21:10
2021-12-04 14:31:04,2021-12-04 14:31:59,Located_Indoors, Holding_Drink,annotator,Behavioral Parameters,2021-12-04 00:21:11,2021-12-04 00:22:06
2021-12-04 14:32:00,2021-12-04 14:32:11,Located_Indoors, Holding_Drink,annotator,Behavioral Parameters,2021-12-04 00:22:07,2021-12-04 00:22:18
2021-12-04 14:32:13,2021-12-04 14:32:36,Located_Indoors, Holding_Drink, Texting/Browsing_Phone,annotator,Behavioral Parameters,2021-12-04 00:22:20,2021-12-04 00:22:43
2021-12-04 14:32:37,2021-12-04 14:34:40,Located_Indoors, Holding_Drink, In_Conversation,annotator,Behavioral Parameters,2021-12-04 00:22:44,2021-12-04 00:24:47
2021-12-04 14:34:44,2021-12-04 14:34:56,Located_Indoors, Holding_Drink,annotator,Behavioral Parameters,2021-12-04 00:24:51,2021-12-04 00:25:03
2021-12-04 14:34:57,2021-12-04 14:44:20,Located_Indoors, Holding_Other_Object_Light, In_Conversation,annotator,Behavioral Parameters,2021-12-04 00:25:04,2021-12-04 00:34:27
2021-12-04 14:44:20,2021-12-04 14:44:46,Located_Indoors, Holding_Other_Object_Light, In_Conversation, Texting/Browsing_Phone,annotator,Behavioral Parameters,2021-12-04 00:34:27,2021-12-04 00:34:53
2021-12-04 14:44:46,2021-12-04 14:47:06,Located_Indoors, Holding_Other_Object_Light, In_Conversation, Texting/Browsing_Phone,annotator,Behavioral Parameters,2021-12-04 00:34:53,2021-12-04 00:37:13
2021-12-04 14:48:09,2021-12-04 14:48:14,Located_Indoors,annotator,Behavioral Parameters,2021-12-04 00:38:16,2021-12-04 00:38:21
2021-12-04 14:48:14,2021-12-04 14:48:27,Located_Indoors, Holding_Drink,annotator,Behavioral Parameters,2021-12-04 00:38:21,2021-12-04 00:38:34
2021-12-04 14:48:27,2021-12-04 14:49:15,Holding_Drink, Located_Indoors,annotator,Behavioral Parameters,2021-12-04 00:38:34,2021-12-04 00:39:22
2021-12-04 14:49:15,2021-12-04 14:50:19,Holding_Drink, Located_Outdoors,annotator,Behavioral Parameters,2021-12-04 00:39:22,2021-12-04 00:40:26
2021-12-04 14:50:22,2021-12-04 14:50:30,Holding_Drink, Located_Indoors,annotator,Behavioral Parameters,2021-12-04 00:40:29,2021-12-04 00:40:37
2021-12-04 14:50:30,2021-12-04 14:50:54,Holding_Drink, Located_Indoors, In_Conversation,annotator,Behavioral Parameters,2021-12-04 00:40:37,2021-12-04 00:41:01
2021-12-04 14:50:59,2021-12-04 14:51:50,Located_Indoors,annotator,Behavioral Parameters,2021-12-04 00:41:06,2021-12-04 00:41:57
2021-12-04 14:52:13,2021-12-04 14:52:36,Located_Indoors,annotator,Behavioral Parameters,2021-12-04 00:42:20,2021-12-04 00:42:43
2021-12-04 14:52:45,2021-12-04 14:54:14,Located_Indoors, Holding_Drink, In_Conversation,annotator,Behavioral Parameters,2021-12-04 00:42:52,2021-12-04 00:44:21
2021-12-04 14:54:15,2021-12-04 14:54:40,Located_Indoors, In_Conversation,annotator,Behavioral Parameters,2021-12-04 00:44:22,2021-12-04 00:44:47
2021-12-04 14:54:42,2021-12-04 15:39:11,Located_Indoors, In_Conversation, Texting/Browsing_Phone,annotator,Behavioral Parameters,2021-12-04 00:44:49,2021-12-04 01:29:18
2021-12-04 15:39:12,2021-12-04 15:40:03,Located_Indoors, In_Conversation,annotator,Behavioral Parameters,2021-12-04 01:29:19,2021-12-04 01:30:10
2021-12-04 15:40:05,2021-12-04 15:41:01,Located_Outdoors,annotator,Behavioral Parameters,2021-12-04 01:30:12,2021-12-04 01:31:08
2021-12-04 15:41:04,2021-12-04 15:45:29,Located_Indoors,annotator,Behavioral Parameters,2021-12-04 01:31:11,2021-12-04 01:35:36
2021-12-04 15:45:32,2021-12-04 15:45:44,Located_Outdoors,annotator,Behavioral Parameters,2021-12-04 01:35:39,2021-12-04 01:35:51
2021-12-04 15:45:57,2021-12-04 15:46:25,Located_Outdoors,annotator,Behavioral Parameters,2021-12-04 01:36:04,2021-12-04 01:36:32
2021-12-04 15:46:25,2021-12-04 15:48:49,Located_Outdoors, Texting/Browsing_Phone,annotator,Behavioral Parameters,2021-12-04 01:36:32,2021-12-04 01:38:56
2021-12-04 15:48:49,2021-12-04 15:50:09,Located_Outdoors, Holding_Other_Object_Light,annotator,Behavioral Parameters,2021-12-04 01:38:56,2021-12-04 01:40:16
2021-12-04 15:50:12,2021-12-04 15:50:16,Located_Outdoors,annotator,Behavioral Parameters,2021-12-04 01:40:19,2021-12-04 01:40:23
2021-12-04 15:50:18,2021-12-04 15:52:56,Located_Indoors,annotator,Behavioral Parameters,2021-12-04 01:40:25,2021-12-04 01:43:03
2021-12-04 15:52:59,2021-12-04 15:54:02,Located_Outdoors,annotator,Behavioral Parameters,2021-12-04 01:43:06,2021-12-04 01:44:09
2021-12-04 15:54:02,2021-12-04 15:55:07,Located_Outdoors,annotator,Behavioral Parameters,2021-12-04 01:44:09,2021-12-04 01:45:14
2021-12-04 15:55:07,2021-12-04 15:58:47,Located_Outdoors,annotator,Behavioral Parameters,2021-12-04 01:45:14,2021-12-04 01:48:54
2021-12-04 15:58:49,2021-12-04 15:59:09,Located_Outdoors, In_Conversation,annotator,Behavioral Parameters,2021-12-04 01:48:56,2021-12-04 01:49:16
2021-12-04 15:59:10,2021-12-04 15:59:22,Located_Outdoors,annotator,Behavioral Parameters,2021-12-04 01:49:17,2021-12-04 01:49:29
2021-12-04 15:59:23,2021-12-04 15:59:31,Located_Outdoors, Holding_Other_Object_Light,annotator,Behavioral Parameters,2021-12-04 01:49:30,2021-12-04 01:49:38
2021-12-04 15:59:31,2021-12-04 15:59:47,Located_Outdoors, Holding_Other_Object_Light,annotator,Behavioral Parameters,2021-12-04 01:49:38,2021-12-04 01:49:54
2021-12-04 15:59:48,2021-12-04 15:59:52,Located_Outdoors, Holding_Other_Object_Light,annotator,Behavioral Parameters,2021-12-04 01:49:55,2021-12-04 01:49:59
2021-12-04 15:59:58,2021-12-04 16:03:43,Located_Outdoors, Holding_Other_Object_Light,annotator,Behavioral Parameters,2021-12-04 01:50:05,2021-12-04 01:53:50
2021-12-04 16:03:53,2021-12-04 16:06:09,Located_Outdoors, Texting/Browsing_Phone,annotator,Behavioral Parameters,2021-12-04 01:54:00,2021-12-04 01:56:16
2021-12-04 16:06:09,2021-12-04 16:07:55,Located_Outdoors, In_Conversation,annotator,Behavioral Parameters,2021-12-04 01:56:16,2021-12-04 01:58:02
2021-12-04 16:07:55,2021-12-04 16:08:24,Located_Outdoors, In_Conversation, Holding_Drink,annotator,Behavioral Parameters,2021-12-04 01:58:02,2021-12-04 01:58:31
2021-12-04 16:08:26,2021-12-04 16:09:33,Located_Outdoors, In_Conversation,annotator,Behavioral Parameters,2021-12-04 01:58:33,2021-12-04 01:59:40
2021-12-04 16:09:33,2021-12-04 16:16:56,Located_Outdoors, In_Conversation, Texting/Browsing_Phone,annotator,Behavioral Parameters,2021-12-04 01:59:40,2021-12-04 02:07:03
2021-12-04 16:16:57,2021-12-04 16:18:28,Located_Outdoors, In_Conversation,annotator,Behavioral Parameters,2021-12-04 02:07:04,2021-12-04 02:08:35
2021-12-04 16:18:28,2021-12-04 16:19:57,Located_Outdoors, In_Conversation, Texting/Browsing_Phone,annotator,Behavioral Parameters,2021-12-04 02:08:35,2021-12-04 02:10:04
2021-12-04 16:19:58,2021-12-04 16:21:54,Located_Outdoors, In_Conversation,annotator,Behavioral Parameters,2021-12-04 02:10:05,2021-12-04 02:12:01
2021-12-04 16:21:54,2021-12-04 16:22:45,Located_Outdoors, In_Conversation, Texting/Browsing_Phone,annotator,Behavioral Parameters,2021-12-04 02:12:01,2021-12-04 02:12:52
2021-12-04 16:22:45,2021-12-04 16:24:08,Located_Outdoors, In_Conversation,annotator,Behavioral Parameters,2021-12-04 02:12:52,2021-12-04 02:14:15
2021-12-04 16:24:14,2021-12-04 16:24:34,Located_Outdoors, In_Conversation, Holding_Other_Object_Light,annotator,Behavioral Parameters,2021-12-04 02:14:21,2021-12-04 02:14:41
2021-12-04 16:24:35,2021-12-04 16:24:52,Located_Outdoors, Holding_Other_Object_Light,annotator,Behavioral Parameters,2021-12-04 02:14:42,2021-12-04 02:14:59
2021-12-04 16:24:52,2021-12-04 16:26:25,Located_Outdoors,annotator,Behavioral Parameters,2021-12-04 02:14:59,2021-12-04 02:16:32
2021-12-04 16:26:25,2021-12-04 16:26:47,Located_Outdoors,annotator,Behavioral Parameters,2021-12-04 02:16:32,2021-12-04 02:16:54
2021-12-04 16:26:47,2021-12-04 16:27:04,Located_Outdoors, Holding_Drink,annotator,Behavioral Parameters,2021-12-04 02:16:54,2021-12-04 02:17:11
2021-12-04 16:27:04,2021-12-04 16:27:55,Located_Outdoors, Holding_Drink,annotator,Behavioral Parameters,2021-12-04 02:17:11,2021-12-04 02:18:02
2021-12-04 16:27:56,2021-12-04 16:28:06,Holding_Drink, Located_Indoors,annotator,Behavioral Parameters,2021-12-04 02:18:03,2021-12-04 02:18:13
2021-12-04 16:28:06,2021-12-04 16:55:55,Located_Indoors, Holding_Other_Object_Light,annotator,Behavioral Parameters,2021-12-04 02:18:13,2021-12-04 02:46:02
2021-12-04 16:56:00,2021-12-04 16:57:02,Located_Outdoors,annotator,Behavioral Parameters,2021-12-04 02:46:07,2021-12-04 02:47:09
2021-12-04 16:57:07,2021-12-04 16:57:16,Located_Indoors,annotator,Behavioral Parameters,2021-12-04 02:47:14,2021-12-04 02:47:23
2021-12-04 16:57:35,2021-12-04 16:57:41,Located_Indoors,annotator,Behavioral Parameters,2021-12-04 02:47:42,2021-12-04 02:47:48
2021-12-04 16:57:43,2021-12-04 16:58:53,Located_Outdoors, BP_VideoUnavailable/Indecipherable,annotator,Behavioral Parameters,2021-12-04 02:47:50,2021-12-04 02:49:00
2021-12-04 16:58:56,2021-12-04 16:59:16,Located_Indoors,annotator,Behavioral Parameters,2021-12-04 02:49:03,2021-12-04 02:49:23
2021-12-04 16:59:53,2021-12-04 17:01:11,Located_Outdoors,annotator,Behavioral Parameters,2021-12-04 02:50:00,2021-12-04 02:51:18
2021-12-04 17:01:12,2021-12-04 17:01:21,Located_Outdoors, Holding_Other_Object_Heavy,annotator,Behavioral Parameters,2021-12-04 02:51:19,2021-12-04 02:51:28
2021-12-04 17:01:24,2021-12-04 17:01:35,Located_Indoors, Holding_Other_Object_Heavy,annotator,Behavioral Parameters,2021-12-04 02:51:31,2021-12-04 02:51:42
2021-12-04 17:01:46,2021-12-04 17:01:59,Located_Indoors,annotator,Behavioral Parameters,2021-12-04 02:51:53,2021-12-04 02:52:06
2021-12-04 17:02:01,2021-12-04 17:02:41,Located_Outdoors,annotator,Behavioral Parameters,2021-12-04 02:52:08,2021-12-04 02:52:48
2021-12-04 17:02:42,2021-12-04 17:03:15,Located_Outdoors, Holding_Other_Object_Heavy,annotator,Behavioral Parameters,2021-12-04 02:52:49,2021-12-04 02:53:22
2021-12-04 17:03:22,2021-12-04 17:09:21,Located_Outdoors,annotator,Behavioral Parameters,2021-12-04 02:53:29,2021-12-04 02:59:28
2021-12-04 17:09:21,2021-12-04 17:10:48,Located_Outdoors, Texting/Browsing_Phone,annotator,Behavioral Parameters,2021-12-04 02:59:28,2021-12-04 03:00:55
2021-12-04 17:10:49,2021-12-04 17:12:43,Located_Outdoors,annotator,Behavioral Parameters,2021-12-04 03:00:56,2021-12-04 03:02:50
2021-12-04 17:12:44,2021-12-04 17:13:27,Located_Indoors, In_Conversation,annotator,Behavioral Parameters,2021-12-04 03:02:51,2021-12-04 03:03:34
2021-12-04 17:13:28,2021-12-04 17:35:16,Located_Indoors, In_Conversation,annotator,Behavioral Parameters,2021-12-04 03:03:35,2021-12-04 03:25:23
2021-12-04 17:35:18,2021-12-04 17:36:24,Located_Indoors, In_Conversation,annotator,Behavioral Parameters,2021-12-04 03:25:25,2021-12-04 03:26:31
2021-12-04 17:36:24,2021-12-04 17:42:37,Located_Indoors, In_Conversation,annotator,Behavioral Parameters,2021-12-04 03:26:31,2021-12-04 03:32:44
2021-12-04 17:42:40,2021-12-04 17:48:52,Located_Indoors, In_Conversation, Holding_Drink,annotator,Behavioral Parameters,2021-12-04 03:32:47,2021-12-04 03:38:59
2021-12-04 17:48:54,2021-12-04 17:56:37,Located_Indoors, In_Conversation,annotator,Behavioral Parameters,2021-12-04 03:39:01,2021-12-04 03:46:44
2021-12-04 17:56:38,2021-12-04 18:04:38,Located_Indoors, In_Conversation, Holding_Drink,annotator,Behavioral Parameters,2021-12-04 03:46:45,2021-12-04 03:54:45
2021-12-04 18:04:38,2021-12-04 18:13:27,Located_Indoors, In_Conversation,annotator,Behavioral Parameters,2021-12-04 03:54:45,2021-12-04 04:03:34
2021-12-04 18:13:29,2021-12-04 18:21:34,Located_Indoors, In_Conversation, Holding_Drink,annotator,Behavioral Parameters,2021-12-04 04:03:36,2021-12-04 04:11:41
2021-12-04 18:21:34,2021-12-04 18:28:30,Located_Indoors, In_Conversation,annotator,Behavioral Parameters,2021-12-04 04:11:41,2021-12-04 04:18:37
2021-12-04 18:28:34,2021-12-04 18:38:16,Located_Indoors, In_Conversation, Holding_Drink,annotator,Behavioral Parameters,2021-12-04 04:18:41,2021-12-04 04:28:23
2021-12-04 18:38:19,2021-12-04 18:40:01,Located_Indoors, In_Conversation, Holding_Drink, Texting/Browsing_Phone,annotator,Behavioral Parameters,2021-12-04 04:28:26,2021-12-04 04:30:08
2021-12-04 18:40:02,2021-12-04 18:45:35,Located_Indoors, In_Conversation, Holding_Drink,annotator,Behavioral Parameters,2021-12-04 04:30:09,2021-12-04 04:35:42
2021-12-04 18:45:35,2021-12-04 18:59:14,Located_Indoors, In_Conversation,annotator,Behavioral Parameters,2021-12-04 04:35:42,2021-12-04 04:49:21
2021-12-04 18:59:14,2021-12-04 19:07:04,Located_Outdoors,annotator,Behavioral Parameters,2021-12-04 04:49:21,2021-12-04 04:57:11
2021-12-04 19:07:07,2021-12-04 19:07:37,Located_Indoors,annotator,Behavioral Parameters,2021-12-04 04:57:14,2021-12-04 04:57:44
2021-12-04 19:07:41,2021-12-04 19:10:54,Located_Indoors, In_Conversation,annotator,Behavioral Parameters,2021-12-04 04:57:48,2021-12-04 05:01:01
2021-12-04 19:10:54,2021-12-04 19:11:18,Located_Indoors, Texting/Browsing_Phone,annotator,Behavioral Parameters,2021-12-04 05:01:01,2021-12-04 05:01:25
2021-12-04 19:11:20,2021-12-04 19:24:53,Located_Indoors, In_Conversation, Holding_Other_Object_Light,annotator,Behavioral Parameters,2021-12-04 05:01:27,2021-12-04 05:15:00
2021-12-04 19:24:53,2021-12-04 19:34:57,Located_Indoors, In_Conversation, Holding_Drink, Holding_Other_Object_Light,annotator,Behavioral Parameters,2021-12-04 05:15:00,2021-12-04 05:25:04
