START_TIME,STOP_TIME,PREDICTION,SOURCE,LABELSET,VIDEO_START_TIME,VIDEO_END_TIME
2022-05-15 11:10:49,2022-05-15 11:11:36,Meeting_Virtual,annotator,HIGH LEVEL BEHAVIOR,2022-05-15 00:00:20,2022-05-15 00:01:07
2022-05-15 11:11:41,2022-05-15 11:11:58,Meeting_Virtual,annotator,HIGH LEVEL BEHAVIOR,2022-05-15 00:01:12,2022-05-15 00:01:29
2022-05-15 11:12:00,2022-05-15 11:15:00,Meeting_Virtual,annotator,HIGH LEVEL BEHAVIOR,2022-05-15 00:01:31,2022-05-15 00:04:31
2022-05-15 11:15:02,2022-05-15 11:17:00,Relaxing_Passive,annotator,HIGH LEVEL BEHAVIOR,2022-05-15 00:04:33,2022-05-15 00:06:31
2022-05-15 11:17:01,2022-05-15 12:13:10,HLB_Indecipherable/Video_Insufficient,annotator,HIGH LEVEL BEHAVIOR,2022-05-15 00:06:32,2022-05-15 01:02:41
2022-05-15 12:13:13,2022-05-15 12:14:45,Doing_Common_Housework,annotator,HIGH LEVEL BEHAVIOR,2022-05-15 01:02:44,2022-05-15 01:04:16
2022-05-15 12:14:48,2022-05-15 13:04:28,HLB_Indecipherable/Video_Insufficient,annotator,HIGH LEVEL BEHAVIOR,2022-05-15 01:04:19,2022-05-15 01:53:59
2022-05-15 13:04:31,2022-05-15 13:05:00,Grooming/Self_Care,annotator,HIGH LEVEL BEHAVIOR,2022-05-15 01:54:02,2022-05-15 01:54:31
2022-05-15 13:05:08,2022-05-15 13:06:14,In_Transit_Active,annotator,HIGH LEVEL BEHAVIOR,2022-05-15 01:54:39,2022-05-15 01:55:45
2022-05-15 13:06:24,2022-05-15 13:09:03,In_Transit_Active,annotator,HIGH LEVEL BEHAVIOR,2022-05-15 01:55:55,2022-05-15 01:58:34
2022-05-15 13:09:05,2022-05-15 13:12:06,Packing/Unpacking_Something,annotator,HIGH LEVEL BEHAVIOR,2022-05-15 01:58:36,2022-05-15 02:01:37
2022-05-15 13:12:11,2022-05-15 13:20:54,Packing/Unpacking_Something,annotator,HIGH LEVEL BEHAVIOR,2022-05-15 02:01:42,2022-05-15 02:10:25
2022-05-15 13:20:56,2022-05-15 13:21:37,Packing/Unpacking_Something,annotator,HIGH LEVEL BEHAVIOR,2022-05-15 02:10:27,2022-05-15 02:11:08
2022-05-15 13:21:49,2022-05-15 13:23:52,Packing/Unpacking_Something,annotator,HIGH LEVEL BEHAVIOR,2022-05-15 02:11:20,2022-05-15 02:13:23
2022-05-15 13:23:54,2022-05-15 13:31:09,HLB_Unlabeled,annotator,HIGH LEVEL BEHAVIOR,2022-05-15 02:13:25,2022-05-15 02:20:40
2022-05-15 13:31:15,2022-05-15 13:45:44,Packing/Unpacking_Something,annotator,HIGH LEVEL BEHAVIOR,2022-05-15 02:20:46,2022-05-15 02:35:15
2022-05-15 13:45:45,2022-05-15 13:47:10,Doing_Dishes,annotator,HIGH LEVEL BEHAVIOR,2022-05-15 02:35:16,2022-05-15 02:36:41
2022-05-15 13:47:12,2022-05-15 13:48:40,Packing/Unpacking_Something,annotator,HIGH LEVEL BEHAVIOR,2022-05-15 02:36:43,2022-05-15 02:38:11
2022-05-15 13:48:45,2022-05-15 13:51:12,HLB_Unlabeled,annotator,HIGH LEVEL BEHAVIOR,2022-05-15 02:38:16,2022-05-15 02:40:43
2022-05-15 13:51:19,2022-05-15 14:00:44,Packing/Unpacking_Something,annotator,HIGH LEVEL BEHAVIOR,2022-05-15 02:40:50,2022-05-15 02:50:15
2022-05-15 14:00:47,2022-05-15 14:03:40,HLB_Unlabeled,annotator,HIGH LEVEL BEHAVIOR,2022-05-15 02:50:18,2022-05-15 02:53:11
2022-05-15 14:03:46,2022-05-15 14:08:38,Packing/Unpacking_Something,annotator,HIGH LEVEL BEHAVIOR,2022-05-15 02:53:17,2022-05-15 02:58:09
2022-05-15 14:08:41,2022-05-15 14:21:47,Packing/Unpacking_Something,annotator,HIGH LEVEL BEHAVIOR,2022-05-15 02:58:12,2022-05-15 03:11:18
2022-05-15 14:21:48,2022-05-15 14:24:26,Packing/Unpacking_Something, HLB_Unlabeled,annotator,HIGH LEVEL BEHAVIOR,2022-05-15 03:11:19,2022-05-15 03:13:57
2022-05-15 14:24:27,2022-05-15 14:48:14,Packing/Unpacking_Something,annotator,HIGH LEVEL BEHAVIOR,2022-05-15 03:13:58,2022-05-15 03:37:45
2022-05-15 14:48:20,2022-05-15 14:52:57,Packing/Unpacking_Something,annotator,HIGH LEVEL BEHAVIOR,2022-05-15 03:37:51,2022-05-15 03:42:28
2022-05-15 14:52:58,2022-05-15 14:55:17,Packing/Unpacking_Something,annotator,HIGH LEVEL BEHAVIOR,2022-05-15 03:42:29,2022-05-15 03:44:48
2022-05-15 14:55:18,2022-05-15 14:57:27,Grooming/Self_Care,annotator,HIGH LEVEL BEHAVIOR,2022-05-15 03:44:49,2022-05-15 03:46:58
2022-05-15 14:57:29,2022-05-15 14:59:06,Packing/Unpacking_Something,annotator,HIGH LEVEL BEHAVIOR,2022-05-15 03:47:00,2022-05-15 03:48:37
2022-05-15 14:59:07,2022-05-15 15:07:18,Eating/Dining,annotator,HIGH LEVEL BEHAVIOR,2022-05-15 03:48:38,2022-05-15 03:56:49
2022-05-15 15:07:23,2022-05-15 15:09:41,Packing/Unpacking_Something,annotator,HIGH LEVEL BEHAVIOR,2022-05-15 03:56:54,2022-05-15 03:59:12
2022-05-15 15:09:48,2022-05-15 15:10:35,Packing/Unpacking_Something,annotator,HIGH LEVEL BEHAVIOR,2022-05-15 03:59:19,2022-05-15 04:00:06
2022-05-15 15:10:40,2022-05-15 15:11:46,Packing/Unpacking_Something,annotator,HIGH LEVEL BEHAVIOR,2022-05-15 04:00:11,2022-05-15 04:01:17
