START_TIME,STOP_TIME,PREDICTION,SOURCE,LABELSET,VIDEO_START_TIME,VIDEO_END_TIME
2022-04-23 09:37:54,2022-04-23 11:00:52,Free_Living,annotator,Experimental situation,2022-04-23 00:00:42,2022-04-23 01:23:40
2022-04-23 11:00:56,2022-04-23 11:01:56,Free_Living,annotator,Experimental situation,2022-04-23 01:23:44,2022-04-23 01:24:44
2022-04-23 11:02:02,2022-04-23 11:02:36,Free_Living,annotator,Experimental situation,2022-04-23 01:24:50,2022-04-23 01:25:24
2022-04-23 11:02:37,2022-04-23 11:03:08,Free_Living,annotator,Experimental situation,2022-04-23 01:25:25,2022-04-23 01:25:56
2022-04-23 11:03:08,2022-04-23 11:03:23,Free_Living,annotator,Experimental situation,2022-04-23 01:25:56,2022-04-23 01:26:11
2022-04-23 11:03:23,2022-04-23 11:03:39,Free_Living,annotator,Experimental situation,2022-04-23 01:26:11,2022-04-23 01:26:27
2022-04-23 11:03:40,2022-04-23 11:04:08,Free_Living,annotator,Experimental situation,2022-04-23 01:26:28,2022-04-23 01:26:56
2022-04-23 11:04:10,2022-04-23 11:28:00,Free_Living,annotator,Experimental situation,2022-04-23 01:26:58,2022-04-23 01:50:48
2022-04-23 11:28:04,2022-04-23 11:30:57,Free_Living,annotator,Experimental situation,2022-04-23 01:50:52,2022-04-23 01:53:45
2022-04-23 11:31:01,2022-04-23 11:44:07,Free_Living,annotator,Experimental situation,2022-04-23 01:53:49,2022-04-23 02:06:55
2022-04-23 11:44:09,2022-04-23 11:49:42,Free_Living,annotator,Experimental situation,2022-04-23 02:06:57,2022-04-23 02:12:30
2022-04-23 11:49:49,2022-04-23 11:50:05,Free_Living,annotator,Experimental situation,2022-04-23 02:12:37,2022-04-23 02:12:53
2022-04-23 11:50:06,2022-04-23 11:50:25,Free_Living,annotator,Experimental situation,2022-04-23 02:12:54,2022-04-23 02:13:13
2022-04-23 11:50:27,2022-04-23 11:52:20,Free_Living,annotator,Experimental situation,2022-04-23 02:13:15,2022-04-23 02:15:08
2022-04-23 11:52:23,2022-04-23 11:52:49,Free_Living,annotator,Experimental situation,2022-04-23 02:15:11,2022-04-23 02:15:37
2022-04-23 11:52:53,2022-04-23 13:20:28,Free_Living,annotator,Experimental situation,2022-04-23 02:15:41,2022-04-23 03:43:16
2022-04-23 13:20:32,2022-04-23 13:21:44,Free_Living,annotator,Experimental situation,2022-04-23 03:43:20,2022-04-23 03:44:32
2022-04-23 13:21:45,2022-04-23 13:32:39,Free_Living,annotator,Experimental situation,2022-04-23 03:44:33,2022-04-23 03:55:27
2022-04-23 13:32:44,2022-04-23 13:34:02,Free_Living,annotator,Experimental situation,2022-04-23 03:55:32,2022-04-23 03:56:50
2022-04-23 13:34:05,2022-04-23 13:40:34,Free_Living,annotator,Experimental situation,2022-04-23 03:56:53,2022-04-23 04:03:22
2022-04-23 13:40:37,2022-04-23 13:45:53,Free_Living,annotator,Experimental situation,2022-04-23 04:03:25,2022-04-23 04:08:41
2022-04-23 13:46:02,2022-04-23 13:53:07,Free_Living,annotator,Experimental situation,2022-04-23 04:08:50,2022-04-23 04:15:55
2022-04-23 13:53:13,2022-04-23 13:53:42,Free_Living,annotator,Experimental situation,2022-04-23 04:16:01,2022-04-23 04:16:30
2022-04-23 13:53:48,2022-04-23 13:54:06,Free_Living,annotator,Experimental situation,2022-04-23 04:16:36,2022-04-23 04:16:54
2022-04-23 13:54:08,2022-04-23 14:02:27,Free_Living,annotator,Experimental situation,2022-04-23 04:16:56,2022-04-23 04:25:15
2022-04-23 14:02:30,2022-04-23 14:02:48,Free_Living,annotator,Experimental situation,2022-04-23 04:25:18,2022-04-23 04:25:36
2022-04-23 14:02:50,2022-04-23 14:03:15,Free_Living,annotator,Experimental situation,2022-04-23 04:25:38,2022-04-23 04:26:03
2022-04-23 14:03:18,2022-04-23 14:05:21,Free_Living,annotator,Experimental situation,2022-04-23 04:26:06,2022-04-23 04:28:09
2022-04-23 14:05:26,2022-04-23 14:07:18,Free_Living,annotator,Experimental situation,2022-04-23 04:28:14,2022-04-23 04:30:06
2022-04-23 14:07:19,2022-04-23 14:07:40,Free_Living,annotator,Experimental situation,2022-04-23 04:30:07,2022-04-23 04:30:28
2022-04-23 14:07:41,2022-04-23 14:08:31,Free_Living,annotator,Experimental situation,2022-04-23 04:30:29,2022-04-23 04:31:19
2022-04-23 14:08:32,2022-04-23 14:09:08,Free_Living,annotator,Experimental situation,2022-04-23 04:31:20,2022-04-23 04:31:56
2022-04-23 14:09:10,2022-04-23 14:09:33,Free_Living,annotator,Experimental situation,2022-04-23 04:31:58,2022-04-23 04:32:21
2022-04-23 14:09:34,2022-04-23 14:09:46,Free_Living,annotator,Experimental situation,2022-04-23 04:32:22,2022-04-23 04:32:34
2022-04-23 14:09:47,2022-04-23 14:12:36,Free_Living,annotator,Experimental situation,2022-04-23 04:32:35,2022-04-23 04:35:24
2022-04-23 14:12:38,2022-04-23 14:16:08,Free_Living,annotator,Experimental situation,2022-04-23 04:35:26,2022-04-23 04:38:56
2022-04-23 14:16:10,2022-04-23 14:21:38,Free_Living,annotator,Experimental situation,2022-04-23 04:38:58,2022-04-23 04:44:26
2022-04-23 14:21:40,2022-04-23 14:21:49,Free_Living,annotator,Experimental situation,2022-04-23 04:44:28,2022-04-23 04:44:37
2022-04-23 14:21:50,2022-04-23 14:22:17,Free_Living,annotator,Experimental situation,2022-04-23 04:44:38,2022-04-23 04:45:05
2022-04-23 14:22:18,2022-04-23 14:23:22,Free_Living,annotator,Experimental situation,2022-04-23 04:45:06,2022-04-23 04:46:10
2022-04-23 14:23:23,2022-04-23 14:23:42,Free_Living,annotator,Experimental situation,2022-04-23 04:46:11,2022-04-23 04:46:30
2022-04-23 14:23:44,2022-04-23 14:24:07,Free_Living,annotator,Experimental situation,2022-04-23 04:46:32,2022-04-23 04:46:55
2022-04-23 14:24:08,2022-04-23 14:24:48,Free_Living,annotator,Experimental situation,2022-04-23 04:46:56,2022-04-23 04:47:36
2022-04-23 14:24:52,2022-04-23 14:25:37,Free_Living,annotator,Experimental situation,2022-04-23 04:47:40,2022-04-23 04:48:25
2022-04-23 14:25:37,2022-04-23 14:25:47,Free_Living,annotator,Experimental situation,2022-04-23 04:48:25,2022-04-23 04:48:35
2022-04-23 14:25:48,2022-04-23 14:26:25,Free_Living,annotator,Experimental situation,2022-04-23 04:48:36,2022-04-23 04:49:13
2022-04-23 14:26:26,2022-04-23 14:26:57,Free_Living,annotator,Experimental situation,2022-04-23 04:49:14,2022-04-23 04:49:45
2022-04-23 14:26:58,2022-04-23 14:27:33,Free_Living,annotator,Experimental situation,2022-04-23 04:49:46,2022-04-23 04:50:21
2022-04-23 14:27:33,2022-04-23 14:27:55,Free_Living,annotator,Experimental situation,2022-04-23 04:50:21,2022-04-23 04:50:43
2022-04-23 14:27:56,2022-04-23 14:28:10,Free_Living,annotator,Experimental situation,2022-04-23 04:50:44,2022-04-23 04:50:58
2022-04-23 14:28:11,2022-04-23 14:32:28,Free_Living,annotator,Experimental situation,2022-04-23 04:50:59,2022-04-23 04:55:16
2022-04-23 14:32:29,2022-04-23 14:32:48,Free_Living,annotator,Experimental situation,2022-04-23 04:55:17,2022-04-23 04:55:36
2022-04-23 14:32:48,2022-04-23 14:34:51,Free_Living,annotator,Experimental situation,2022-04-23 04:55:36,2022-04-23 04:57:39
2022-04-23 14:34:52,2022-04-23 14:35:00,Free_Living,annotator,Experimental situation,2022-04-23 04:57:40,2022-04-23 04:57:48
2022-04-23 14:35:10,2022-04-23 14:42:02,Free_Living,annotator,Experimental situation,2022-04-23 04:57:58,2022-04-23 05:04:50
2022-04-23 14:42:09,2022-04-23 14:43:31,Free_Living,annotator,Experimental situation,2022-04-23 05:04:57,2022-04-23 05:06:19
2022-04-23 14:43:33,2022-04-23 14:44:07,Free_Living,annotator,Experimental situation,2022-04-23 05:06:21,2022-04-23 05:06:55
2022-04-23 14:44:09,2022-04-23 14:44:40,Free_Living,annotator,Experimental situation,2022-04-23 05:06:57,2022-04-23 05:07:28
2022-04-23 14:44:41,2022-04-23 14:44:51,Free_Living,annotator,Experimental situation,2022-04-23 05:07:29,2022-04-23 05:07:39
2022-04-23 14:44:51,2022-04-23 14:45:13,Free_Living,annotator,Experimental situation,2022-04-23 05:07:39,2022-04-23 05:08:01
2022-04-23 14:45:15,2022-04-23 14:46:46,Free_Living,annotator,Experimental situation,2022-04-23 05:08:03,2022-04-23 05:09:34
2022-04-23 14:46:47,2022-04-23 14:47:35,Free_Living,annotator,Experimental situation,2022-04-23 05:09:35,2022-04-23 05:10:23
2022-04-23 14:47:36,2022-04-23 14:47:47,Free_Living,annotator,Experimental situation,2022-04-23 05:10:24,2022-04-23 05:10:35
2022-04-23 14:47:48,2022-04-23 14:50:23,Free_Living,annotator,Experimental situation,2022-04-23 05:10:36,2022-04-23 05:13:11
2022-04-23 14:50:23,2022-04-23 14:50:45,Free_Living,annotator,Experimental situation,2022-04-23 05:13:11,2022-04-23 05:13:33
2022-04-23 14:50:46,2022-04-23 14:51:39,Free_Living,annotator,Experimental situation,2022-04-23 05:13:34,2022-04-23 05:14:27
2022-04-23 14:51:41,2022-04-23 14:56:58,Free_Living,annotator,Experimental situation,2022-04-23 05:14:29,2022-04-23 05:19:46
2022-04-23 14:57:00,2022-04-23 14:58:00,Free_Living,annotator,Experimental situation,2022-04-23 05:19:48,2022-04-23 05:20:48
2022-04-23 14:58:02,2022-04-23 14:59:07,Free_Living,annotator,Experimental situation,2022-04-23 05:20:50,2022-04-23 05:21:55
2022-04-23 14:59:08,2022-04-23 14:59:34,Free_Living,annotator,Experimental situation,2022-04-23 05:21:56,2022-04-23 05:22:22
2022-04-23 14:59:34,2022-04-23 15:00:19,Free_Living,annotator,Experimental situation,2022-04-23 05:22:22,2022-04-23 05:23:07
2022-04-23 15:00:21,2022-04-23 15:00:51,Free_Living,annotator,Experimental situation,2022-04-23 05:23:09,2022-04-23 05:23:39
2022-04-23 15:00:51,2022-04-23 15:01:22,Free_Living,annotator,Experimental situation,2022-04-23 05:23:39,2022-04-23 05:24:10
2022-04-23 15:01:23,2022-04-23 15:03:47,Free_Living,annotator,Experimental situation,2022-04-23 05:24:11,2022-04-23 05:26:35
2022-04-23 15:03:48,2022-04-23 15:04:59,Free_Living,annotator,Experimental situation,2022-04-23 05:26:36,2022-04-23 05:27:47
2022-04-23 15:05:01,2022-04-23 15:05:25,Free_Living,annotator,Experimental situation,2022-04-23 05:27:49,2022-04-23 05:28:13
2022-04-23 15:05:30,2022-04-23 15:07:09,Free_Living,annotator,Experimental situation,2022-04-23 05:28:18,2022-04-23 05:29:57
2022-04-23 15:07:09,2022-04-23 15:07:30,Free_Living,annotator,Experimental situation,2022-04-23 05:29:57,2022-04-23 05:30:18
2022-04-23 15:07:32,2022-04-23 15:08:13,Free_Living,annotator,Experimental situation,2022-04-23 05:30:20,2022-04-23 05:31:01
2022-04-23 15:08:16,2022-04-23 15:10:37,Free_Living,annotator,Experimental situation,2022-04-23 05:31:04,2022-04-23 05:33:25
2022-04-23 15:10:37,2022-04-23 15:10:55,Free_Living,annotator,Experimental situation,2022-04-23 05:33:25,2022-04-23 05:33:43
2022-04-23 15:10:59,2022-04-23 15:11:05,Free_Living,annotator,Experimental situation,2022-04-23 05:33:47,2022-04-23 05:33:53
2022-04-23 15:11:06,2022-04-23 15:11:27,Free_Living,annotator,Experimental situation,2022-04-23 05:33:54,2022-04-23 05:34:15
2022-04-23 15:11:28,2022-04-23 15:13:51,Free_Living,annotator,Experimental situation,2022-04-23 05:34:16,2022-04-23 05:36:39
2022-04-23 15:13:51,2022-04-23 15:13:55,Free_Living,annotator,Experimental situation,2022-04-23 05:36:39,2022-04-23 05:36:43
2022-04-23 15:13:58,2022-04-23 15:15:00,Free_Living,annotator,Experimental situation,2022-04-23 05:36:46,2022-04-23 05:37:48
2022-04-23 15:15:06,2022-04-23 15:15:40,Free_Living,annotator,Experimental situation,2022-04-23 05:37:54,2022-04-23 05:38:28
2022-04-23 15:15:42,2022-04-23 15:16:54,Free_Living,annotator,Experimental situation,2022-04-23 05:38:30,2022-04-23 05:39:42
2022-04-23 15:16:54,2022-04-23 15:17:48,Free_Living,annotator,Experimental situation,2022-04-23 05:39:42,2022-04-23 05:40:36
2022-04-23 15:17:48,2022-04-23 15:17:52,Free_Living,annotator,Experimental situation,2022-04-23 05:40:36,2022-04-23 05:40:40
2022-04-23 15:17:52,2022-04-23 15:18:57,Free_Living,annotator,Experimental situation,2022-04-23 05:40:40,2022-04-23 05:41:45
2022-04-23 15:18:57,2022-04-23 15:21:12,Free_Living,annotator,Experimental situation,2022-04-23 05:41:45,2022-04-23 05:44:00
2022-04-23 15:21:13,2022-04-23 15:21:34,Free_Living,annotator,Experimental situation,2022-04-23 05:44:01,2022-04-23 05:44:22
2022-04-23 15:21:34,2022-04-23 15:25:07,Free_Living,annotator,Experimental situation,2022-04-23 05:44:22,2022-04-23 05:47:55
2022-04-23 15:25:09,2022-04-23 15:26:25,Free_Living,annotator,Experimental situation,2022-04-23 05:47:57,2022-04-23 05:49:13
2022-04-23 15:26:26,2022-04-23 15:26:38,Free_Living,annotator,Experimental situation,2022-04-23 05:49:14,2022-04-23 05:49:26
2022-04-23 15:26:38,2022-04-23 15:27:52,Free_Living,annotator,Experimental situation,2022-04-23 05:49:26,2022-04-23 05:50:40
2022-04-23 15:27:56,2022-04-23 15:29:11,Free_Living,annotator,Experimental situation,2022-04-23 05:50:44,2022-04-23 05:51:59
2022-04-23 15:29:14,2022-04-23 15:30:06,Free_Living,annotator,Experimental situation,2022-04-23 05:52:02,2022-04-23 05:52:54
2022-04-23 15:30:07,2022-04-23 15:30:37,Free_Living,annotator,Experimental situation,2022-04-23 05:52:55,2022-04-23 05:53:25
2022-04-23 15:30:38,2022-04-23 15:31:14,Free_Living,annotator,Experimental situation,2022-04-23 05:53:26,2022-04-23 05:54:02
2022-04-23 15:31:15,2022-04-23 15:32:00,Free_Living,annotator,Experimental situation,2022-04-23 05:54:03,2022-04-23 05:54:48
2022-04-23 15:32:01,2022-04-23 15:32:15,Free_Living,annotator,Experimental situation,2022-04-23 05:54:49,2022-04-23 05:55:03
2022-04-23 15:32:16,2022-04-23 15:32:52,Free_Living,annotator,Experimental situation,2022-04-23 05:55:04,2022-04-23 05:55:40
2022-04-23 15:32:53,2022-04-23 15:34:10,Free_Living,annotator,Experimental situation,2022-04-23 05:55:41,2022-04-23 05:56:58
2022-04-23 15:34:10,2022-04-23 15:35:50,Free_Living,annotator,Experimental situation,2022-04-23 05:56:58,2022-04-23 05:58:38
2022-04-23 15:35:51,2022-04-23 15:37:28,Free_Living,annotator,Experimental situation,2022-04-23 05:58:39,2022-04-23 06:00:16
2022-04-23 15:37:33,2022-04-23 15:39:04,Free_Living,annotator,Experimental situation,2022-04-23 06:00:21,2022-04-23 06:01:52
2022-04-23 15:39:05,2022-04-23 15:39:11,Free_Living,annotator,Experimental situation,2022-04-23 06:01:53,2022-04-23 06:01:59
2022-04-23 15:39:11,2022-04-23 15:40:10,Free_Living,annotator,Experimental situation,2022-04-23 06:01:59,2022-04-23 06:02:58
2022-04-23 15:40:10,2022-04-23 15:40:40,Free_Living,annotator,Experimental situation,2022-04-23 06:02:58,2022-04-23 06:03:28
2022-04-23 15:40:42,2022-04-23 15:41:51,Free_Living,annotator,Experimental situation,2022-04-23 06:03:30,2022-04-23 06:04:39
2022-04-23 15:41:52,2022-04-23 15:44:04,Free_Living,annotator,Experimental situation,2022-04-23 06:04:40,2022-04-23 06:06:52
2022-04-23 15:44:05,2022-04-23 15:44:45,Free_Living,annotator,Experimental situation,2022-04-23 06:06:53,2022-04-23 06:07:33
2022-04-23 15:44:45,2022-04-23 15:45:02,Free_Living,annotator,Experimental situation,2022-04-23 06:07:33,2022-04-23 06:07:50
2022-04-23 15:45:02,2022-04-23 15:45:36,Free_Living,annotator,Experimental situation,2022-04-23 06:07:50,2022-04-23 06:08:24
2022-04-23 15:45:38,2022-04-23 15:45:46,Free_Living,annotator,Experimental situation,2022-04-23 06:08:26,2022-04-23 06:08:34
2022-04-23 15:45:48,2022-04-23 15:47:21,Free_Living,annotator,Experimental situation,2022-04-23 06:08:36,2022-04-23 06:10:09
2022-04-23 15:47:21,2022-04-23 15:47:42,Free_Living,annotator,Experimental situation,2022-04-23 06:10:09,2022-04-23 06:10:30
2022-04-23 15:47:43,2022-04-23 15:48:22,Free_Living,annotator,Experimental situation,2022-04-23 06:10:31,2022-04-23 06:11:10
2022-04-23 15:48:22,2022-04-23 15:48:53,Free_Living,annotator,Experimental situation,2022-04-23 06:11:10,2022-04-23 06:11:41
2022-04-23 15:48:53,2022-04-23 15:49:03,Free_Living,annotator,Experimental situation,2022-04-23 06:11:41,2022-04-23 06:11:51
2022-04-23 15:49:03,2022-04-23 15:53:59,Free_Living,annotator,Experimental situation,2022-04-23 06:11:51,2022-04-23 06:16:47
2022-04-23 15:54:00,2022-04-23 15:54:50,Free_Living,annotator,Experimental situation,2022-04-23 06:16:48,2022-04-23 06:17:38
2022-04-23 15:54:50,2022-04-23 15:55:15,Free_Living,annotator,Experimental situation,2022-04-23 06:17:38,2022-04-23 06:18:03
2022-04-23 15:55:16,2022-04-23 15:55:50,Free_Living,annotator,Experimental situation,2022-04-23 06:18:04,2022-04-23 06:18:38
2022-04-23 15:55:51,2022-04-23 15:59:56,Free_Living,annotator,Experimental situation,2022-04-23 06:18:39,2022-04-23 06:22:44
2022-04-23 15:59:59,2022-04-23 16:00:17,Free_Living,annotator,Experimental situation,2022-04-23 06:22:47,2022-04-23 06:23:05
2022-04-23 16:00:17,2022-04-23 16:02:14,Free_Living,annotator,Experimental situation,2022-04-23 06:23:05,2022-04-23 06:25:02
2022-04-23 16:02:15,2022-04-23 16:02:53,Free_Living,annotator,Experimental situation,2022-04-23 06:25:03,2022-04-23 06:25:41
2022-04-23 16:02:57,2022-04-23 16:03:34,Free_Living,annotator,Experimental situation,2022-04-23 06:25:45,2022-04-23 06:26:22
2022-04-23 16:03:35,2022-04-23 16:03:35,Free_Living,annotator,Experimental situation,2022-04-23 06:26:23,2022-04-23 06:26:23
2022-04-23 16:03:39,2022-04-23 16:12:03,Free_Living,annotator,Experimental situation,2022-04-23 06:26:27,2022-04-23 06:34:51
2022-04-23 16:12:07,2022-04-23 16:14:31,Free_Living,annotator,Experimental situation,2022-04-23 06:34:55,2022-04-23 06:37:19
2022-04-23 16:14:32,2022-04-23 16:14:37,Free_Living,annotator,Experimental situation,2022-04-23 06:37:20,2022-04-23 06:37:25
2022-04-23 16:14:40,2022-04-23 16:17:05,Free_Living,annotator,Experimental situation,2022-04-23 06:37:28,2022-04-23 06:39:53
2022-04-23 16:17:06,2022-04-23 16:23:59,Free_Living,annotator,Experimental situation,2022-04-23 06:39:54,2022-04-23 06:46:47
2022-04-23 16:24:01,2022-04-23 16:24:42,Free_Living,annotator,Experimental situation,2022-04-23 06:46:49,2022-04-23 06:47:30
2022-04-23 16:24:45,2022-04-23 16:24:53,Free_Living,annotator,Experimental situation,2022-04-23 06:47:33,2022-04-23 06:47:41
2022-04-23 16:24:54,2022-04-23 16:25:01,Free_Living,annotator,Experimental situation,2022-04-23 06:47:42,2022-04-23 06:47:49
2022-04-23 16:25:02,2022-04-23 16:37:48,Free_Living,annotator,Experimental situation,2022-04-23 06:47:50,2022-04-23 07:00:36
2022-04-23 16:37:51,2022-04-23 16:38:48,Free_Living,annotator,Experimental situation,2022-04-23 07:00:39,2022-04-23 07:01:36
2022-04-23 16:38:48,2022-04-23 16:39:09,Free_Living,annotator,Experimental situation,2022-04-23 07:01:36,2022-04-23 07:01:57
2022-04-23 16:39:18,2022-04-23 16:47:48,Free_Living,annotator,Experimental situation,2022-04-23 07:02:06,2022-04-23 07:10:36
2022-04-23 16:47:53,2022-04-23 16:50:51,Free_Living,annotator,Experimental situation,2022-04-23 07:10:41,2022-04-23 07:13:39
2022-04-23 16:50:49,2022-04-23 16:53:46,Free_Living,annotator,Experimental situation,2022-04-23 07:13:37,2022-04-23 07:16:34
2022-04-23 16:53:51,2022-04-23 16:55:41,Free_Living,annotator,Experimental situation,2022-04-23 07:16:39,2022-04-23 07:18:29
2022-04-23 16:55:48,2022-04-23 16:57:33,Free_Living,annotator,Experimental situation,2022-04-23 07:18:36,2022-04-23 07:20:21
2022-04-23 16:57:36,2022-04-23 16:58:48,Free_Living,annotator,Experimental situation,2022-04-23 07:20:24,2022-04-23 07:21:36
2022-04-23 16:58:53,2022-04-23 16:59:43,Free_Living,annotator,Experimental situation,2022-04-23 07:21:41,2022-04-23 07:22:31
2022-04-23 16:59:44,2022-04-23 17:00:44,Free_Living,annotator,Experimental situation,2022-04-23 07:22:32,2022-04-23 07:23:32
2022-04-23 17:00:48,2022-04-23 17:05:07,Free_Living,annotator,Experimental situation,2022-04-23 07:23:36,2022-04-23 07:27:55
2022-04-23 17:05:07,2022-04-23 17:05:20,Free_Living,annotator,Experimental situation,2022-04-23 07:27:55,2022-04-23 07:28:08
2022-04-23 17:05:21,2022-04-23 17:07:50,Free_Living,annotator,Experimental situation,2022-04-23 07:28:09,2022-04-23 07:30:38
2022-04-23 17:07:51,2022-04-23 17:08:31,Free_Living,annotator,Experimental situation,2022-04-23 07:30:39,2022-04-23 07:31:19
2022-04-23 17:08:32,2022-04-23 17:09:33,Free_Living,annotator,Experimental situation,2022-04-23 07:31:20,2022-04-23 07:32:21
2022-04-23 17:09:34,2022-04-23 17:10:04,Free_Living,annotator,Experimental situation,2022-04-23 07:32:22,2022-04-23 07:32:52
2022-04-23 17:10:04,2022-04-23 17:10:42,Free_Living,annotator,Experimental situation,2022-04-23 07:32:52,2022-04-23 07:33:30
2022-04-23 17:10:43,2022-04-23 17:28:07,Free_Living,annotator,Experimental situation,2022-04-23 07:33:31,2022-04-23 07:50:55
2022-04-23 17:28:08,2022-04-23 17:28:23,Free_Living,annotator,Experimental situation,2022-04-23 07:50:56,2022-04-23 07:51:11
2022-04-23 17:28:24,2022-04-23 17:28:40,Free_Living,annotator,Experimental situation,2022-04-23 07:51:12,2022-04-23 07:51:28
2022-04-23 17:28:41,2022-04-23 17:30:17,Free_Living,annotator,Experimental situation,2022-04-23 07:51:29,2022-04-23 07:53:05
2022-04-23 17:30:19,2022-04-23 17:34:04,Free_Living,annotator,Experimental situation,2022-04-23 07:53:07,2022-04-23 07:56:52
2022-04-23 17:34:06,2022-04-23 17:34:48,Free_Living,annotator,Experimental situation,2022-04-23 07:56:54,2022-04-23 07:57:36
2022-04-23 17:34:50,2022-04-23 17:35:40,Free_Living,annotator,Experimental situation,2022-04-23 07:57:38,2022-04-23 07:58:28
2022-04-23 17:35:42,2022-04-23 17:36:10,Free_Living,annotator,Experimental situation,2022-04-23 07:58:30,2022-04-23 07:58:58
2022-04-23 17:36:10,2022-04-23 17:42:15,Free_Living,annotator,Experimental situation,2022-04-23 07:58:58,2022-04-23 08:05:03
2022-04-23 17:42:18,2022-04-23 17:44:38,Free_Living,annotator,Experimental situation,2022-04-23 08:05:06,2022-04-23 08:07:26
2022-04-23 17:44:41,2022-04-23 17:59:07,Free_Living,annotator,Experimental situation,2022-04-23 08:07:29,2022-04-23 08:21:55
2022-04-23 17:59:08,2022-04-23 18:05:42,Free_Living,annotator,Experimental situation,2022-04-23 08:21:56,2022-04-23 08:28:30
2022-04-23 18:05:43,2022-04-23 18:25:47,Free_Living,annotator,Experimental situation,2022-04-23 08:28:31,2022-04-23 08:48:35
2022-04-23 18:25:47,2022-04-23 18:26:41,Free_Living,annotator,Experimental situation,2022-04-23 08:48:35,2022-04-23 08:49:29
2022-04-23 18:26:43,2022-04-23 18:30:30,Free_Living,annotator,Experimental situation,2022-04-23 08:49:31,2022-04-23 08:53:18
2022-04-23 18:30:34,2022-04-23 18:36:37,Free_Living,annotator,Experimental situation,2022-04-23 08:53:22,2022-04-23 08:59:25
2022-04-23 18:36:39,2022-04-23 18:37:04,Free_Living,annotator,Experimental situation,2022-04-23 08:59:27,2022-04-23 08:59:52
2022-04-23 18:37:05,2022-04-23 18:41:09,Free_Living,annotator,Experimental situation,2022-04-23 08:59:53,2022-04-23 09:03:57
2022-04-23 18:41:11,2022-04-23 18:48:11,Free_Living,annotator,Experimental situation,2022-04-23 09:03:59,2022-04-23 09:10:59
2022-04-23 18:48:11,2022-04-23 18:48:46,Free_Living,annotator,Experimental situation,2022-04-23 09:10:59,2022-04-23 09:11:34
2022-04-23 18:48:46,2022-04-23 18:49:13,Free_Living,annotator,Experimental situation,2022-04-23 09:11:34,2022-04-23 09:12:01
2022-04-23 18:49:13,2022-04-23 18:54:08,Free_Living,annotator,Experimental situation,2022-04-23 09:12:01,2022-04-23 09:16:56
2022-04-23 18:54:08,2022-04-23 18:56:42,Free_Living,annotator,Experimental situation,2022-04-23 09:16:56,2022-04-23 09:19:30
2022-04-23 18:56:42,2022-04-23 18:58:14,Free_Living,annotator,Experimental situation,2022-04-23 09:19:30,2022-04-23 09:21:02
2022-04-23 18:58:14,2022-04-23 19:02:27,Free_Living,annotator,Experimental situation,2022-04-23 09:21:02,2022-04-23 09:25:15
2022-04-23 19:02:42,2022-04-23 19:03:31,Free_Living,annotator,Experimental situation,2022-04-23 09:25:30,2022-04-23 09:26:19
2022-04-23 19:03:31,2022-04-23 19:04:45,Free_Living,annotator,Experimental situation,2022-04-23 09:26:19,2022-04-23 09:27:33
2022-04-23 19:04:53,2022-04-23 19:05:55,Free_Living,annotator,Experimental situation,2022-04-23 09:27:41,2022-04-23 09:28:43
2022-04-23 19:05:55,2022-04-23 19:09:02,Free_Living,annotator,Experimental situation,2022-04-23 09:28:43,2022-04-23 09:31:50
2022-04-23 19:09:02,2022-04-23 19:11:55,Free_Living,annotator,Experimental situation,2022-04-23 09:31:50,2022-04-23 09:34:43
2022-04-23 19:11:57,2022-04-23 19:15:59,Free_Living,annotator,Experimental situation,2022-04-23 09:34:45,2022-04-23 09:38:47
2022-04-23 19:15:59,2022-04-23 19:17:58,Free_Living,annotator,Experimental situation,2022-04-23 09:38:47,2022-04-23 09:40:46
2022-04-23 19:17:58,2022-04-23 19:23:24,Free_Living,annotator,Experimental situation,2022-04-23 09:40:46,2022-04-23 09:46:12
2022-04-23 19:23:24,2022-04-23 19:25:35,Free_Living,annotator,Experimental situation,2022-04-23 09:46:12,2022-04-23 09:48:23
2022-04-23 19:25:35,2022-04-23 19:27:15,Free_Living,annotator,Experimental situation,2022-04-23 09:48:23,2022-04-23 09:50:03
2022-04-23 19:27:19,2022-04-23 19:28:09,Free_Living,annotator,Experimental situation,2022-04-23 09:50:07,2022-04-23 09:50:57
2022-04-23 19:28:09,2022-04-23 19:29:45,Free_Living,annotator,Experimental situation,2022-04-23 09:50:57,2022-04-23 09:52:33
2022-04-23 19:29:45,2022-04-23 19:30:39,Free_Living,annotator,Experimental situation,2022-04-23 09:52:33,2022-04-23 09:53:27
2022-04-23 19:30:39,2022-04-23 19:38:30,Free_Living,annotator,Experimental situation,2022-04-23 09:53:27,2022-04-23 10:01:18
2022-04-23 19:38:30,2022-04-23 19:39:00,Free_Living,annotator,Experimental situation,2022-04-23 10:01:18,2022-04-23 10:01:48
2022-04-23 19:39:00,2022-04-23 19:39:00,Free_Living,annotator,Experimental situation,2022-04-23 10:01:48,2022-04-23 10:01:48
2022-04-23 19:39:00,2022-04-23 19:41:10,Free_Living,annotator,Experimental situation,2022-04-23 10:01:48,2022-04-23 10:03:58
2022-04-23 19:41:10,2022-04-23 19:42:24,Free_Living,annotator,Experimental situation,2022-04-23 10:03:58,2022-04-23 10:05:12
2022-04-23 19:42:24,2022-04-23 19:43:07,Free_Living,annotator,Experimental situation,2022-04-23 10:05:12,2022-04-23 10:05:55
2022-04-23 19:43:07,2022-04-23 19:45:39,Free_Living,annotator,Experimental situation,2022-04-23 10:05:55,2022-04-23 10:08:27
2022-04-23 19:45:41,2022-04-23 19:46:29,Free_Living,annotator,Experimental situation,2022-04-23 10:08:29,2022-04-23 10:09:17
2022-04-23 19:46:29,2022-04-23 20:18:32,Free_Living,annotator,Experimental situation,2022-04-23 10:09:17,2022-04-23 10:41:20
2022-04-23 20:18:32,2022-04-23 20:19:17,Free_Living,annotator,Experimental situation,2022-04-23 10:41:20,2022-04-23 10:42:05
2022-04-23 20:19:17,2022-04-23 20:42:48,Free_Living,annotator,Experimental situation,2022-04-23 10:42:05,2022-04-23 11:05:36
