START_TIME,STOP_TIME,PREDICTION,SOURCE,LABELSET,VIDEO_START_TIME,VIDEO_END_TIME
2022-05-27 10:58:27,2022-05-27 10:59:23,HLB_Indecipherable/Video_Insufficient,annotator,HIGH LEVEL BEHAVIOR,2022-05-27 00:00:13,2022-05-27 00:01:09
2022-05-27 10:59:23,2022-05-27 10:59:59,Dressing/Undressing,annotator,HIGH LEVEL BEHAVIOR,2022-05-27 00:01:09,2022-05-27 00:01:45
2022-05-27 10:59:59,2022-05-27 11:01:10,In_Transit_Active,annotator,HIGH LEVEL BEHAVIOR,2022-05-27 00:01:45,2022-05-27 00:02:56
2022-05-27 11:01:10,2022-05-27 11:01:42,Riding_Elevator_Down,annotator,HIGH LEVEL BEHAVIOR,2022-05-27 00:02:56,2022-05-27 00:03:28
2022-05-27 11:01:42,2022-05-27 11:02:08,In_Transit_Active,annotator,HIGH LEVEL BEHAVIOR,2022-05-27 00:03:28,2022-05-27 00:03:54
2022-05-27 11:02:08,2022-05-27 11:03:16,In_Transit_Active,annotator,HIGH LEVEL BEHAVIOR,2022-05-27 00:03:54,2022-05-27 00:05:02
2022-05-27 11:03:16,2022-05-27 11:03:39,In_Transit_Active,annotator,HIGH LEVEL BEHAVIOR,2022-05-27 00:05:02,2022-05-27 00:05:25
2022-05-27 11:03:39,2022-05-27 11:03:58,Riding_Elevator_Up,annotator,HIGH LEVEL BEHAVIOR,2022-05-27 00:05:25,2022-05-27 00:05:44
2022-05-27 11:03:58,2022-05-27 11:04:27,In_Transit_Active, Meeting _Social_Gathering_In_Person,annotator,HIGH LEVEL BEHAVIOR,2022-05-27 00:05:44,2022-05-27 00:06:13
2022-05-27 11:04:27,2022-05-27 11:04:43,Meeting _Social_Gathering_In_Person,annotator,HIGH LEVEL BEHAVIOR,2022-05-27 00:06:13,2022-05-27 00:06:29
2022-05-27 11:04:43,2022-05-27 11:04:54,Meeting _Social_Gathering_In_Person,annotator,HIGH LEVEL BEHAVIOR,2022-05-27 00:06:29,2022-05-27 00:06:40
2022-05-27 11:04:54,2022-05-27 11:05:38,In_Transit_Active,annotator,HIGH LEVEL BEHAVIOR,2022-05-27 00:06:40,2022-05-27 00:07:24
2022-05-27 11:05:38,2022-05-27 11:05:53,Riding_Elevator_Down,annotator,HIGH LEVEL BEHAVIOR,2022-05-27 00:07:24,2022-05-27 00:07:39
2022-05-27 11:05:53,2022-05-27 11:06:05,In_Transit_Active,annotator,HIGH LEVEL BEHAVIOR,2022-05-27 00:07:39,2022-05-27 00:07:51
2022-05-27 11:06:05,2022-05-27 11:07:13,In_Transit_Active,annotator,HIGH LEVEL BEHAVIOR,2022-05-27 00:07:51,2022-05-27 00:08:59
2022-05-27 11:07:13,2022-05-27 11:07:59,In_Transit_Active,annotator,HIGH LEVEL BEHAVIOR,2022-05-27 00:08:59,2022-05-27 00:09:45
2022-05-27 11:07:59,2022-05-27 11:08:37,Riding_Elevator_Up,annotator,HIGH LEVEL BEHAVIOR,2022-05-27 00:09:45,2022-05-27 00:10:23
2022-05-27 11:08:37,2022-05-27 11:09:19,In_Transit_Active,annotator,HIGH LEVEL BEHAVIOR,2022-05-27 00:10:23,2022-05-27 00:11:05
2022-05-27 11:09:19,2022-05-27 11:10:22,HLB_Indecipherable/Video_Insufficient,annotator,HIGH LEVEL BEHAVIOR,2022-05-27 00:11:05,2022-05-27 00:12:08
2022-05-27 11:10:22,2022-05-27 11:13:57,Using_Computer/Screen,annotator,HIGH LEVEL BEHAVIOR,2022-05-27 00:12:08,2022-05-27 00:15:43
2022-05-27 11:13:57,2022-05-27 11:48:45,HLB_Indecipherable/Video_Insufficient,annotator,HIGH LEVEL BEHAVIOR,2022-05-27 00:15:43,2022-05-27 00:50:31
2022-05-27 11:48:45,2022-05-27 11:50:17,Relaxing_Passive,annotator,HIGH LEVEL BEHAVIOR,2022-05-27 00:50:31,2022-05-27 00:52:03
2022-05-27 11:50:17,2022-05-27 11:53:06,HLB_Indecipherable/Video_Insufficient,annotator,HIGH LEVEL BEHAVIOR,2022-05-27 00:52:03,2022-05-27 00:54:52
2022-05-27 11:53:06,2022-05-27 11:53:39,,annotator,HIGH LEVEL BEHAVIOR,2022-05-27 00:54:52,2022-05-27 00:55:25
2022-05-27 11:53:39,2022-05-27 12:09:04,HLB_Indecipherable/Video_Insufficient,annotator,HIGH LEVEL BEHAVIOR,2022-05-27 00:55:25,2022-05-27 01:10:50
2022-05-27 12:09:04,2022-05-27 12:10:13,In_Transit_Active,annotator,HIGH LEVEL BEHAVIOR,2022-05-27 01:10:50,2022-05-27 01:11:59
2022-05-27 12:10:13,2022-05-27 12:10:44,Riding_Elevator_Down,annotator,HIGH LEVEL BEHAVIOR,2022-05-27 01:11:59,2022-05-27 01:12:30
2022-05-27 12:10:44,2022-05-27 12:11:08,In_Transit_Active,annotator,HIGH LEVEL BEHAVIOR,2022-05-27 01:12:30,2022-05-27 01:12:54
2022-05-27 12:11:09,2022-05-27 12:12:16,In_Transit_Active,annotator,HIGH LEVEL BEHAVIOR,2022-05-27 01:12:55,2022-05-27 01:14:02
2022-05-27 12:12:16,2022-05-27 12:12:37,In_Transit_Active,annotator,HIGH LEVEL BEHAVIOR,2022-05-27 01:14:02,2022-05-27 01:14:23
2022-05-27 12:12:37,2022-05-27 12:12:54,Riding_Elevator_Up, Meeting _Social_Gathering_In_Person,annotator,HIGH LEVEL BEHAVIOR,2022-05-27 01:14:23,2022-05-27 01:14:40
2022-05-27 12:12:54,2022-05-27 12:13:16,Meeting _Social_Gathering_In_Person, In_Transit_Active,annotator,HIGH LEVEL BEHAVIOR,2022-05-27 01:14:40,2022-05-27 01:15:02
2022-05-27 12:13:16,2022-05-27 12:16:20,Meeting _Social_Gathering_In_Person,annotator,HIGH LEVEL BEHAVIOR,2022-05-27 01:15:02,2022-05-27 01:18:06
2022-05-27 12:16:20,2022-05-27 12:17:42,Meeting _Social_Gathering_In_Person,annotator,HIGH LEVEL BEHAVIOR,2022-05-27 01:18:06,2022-05-27 01:19:28
2022-05-27 12:17:42,2022-05-27 12:18:18,In_Transit_Active,annotator,HIGH LEVEL BEHAVIOR,2022-05-27 01:19:28,2022-05-27 01:20:04
2022-05-27 12:18:18,2022-05-27 12:18:38,Riding_Elevator_Down,annotator,HIGH LEVEL BEHAVIOR,2022-05-27 01:20:04,2022-05-27 01:20:24
2022-05-27 12:18:38,2022-05-27 12:18:55,In_Transit_Active,annotator,HIGH LEVEL BEHAVIOR,2022-05-27 01:20:24,2022-05-27 01:20:41
2022-05-27 12:18:55,2022-05-27 12:20:01,In_Transit_Active,annotator,HIGH LEVEL BEHAVIOR,2022-05-27 01:20:41,2022-05-27 01:21:47
2022-05-27 12:20:01,2022-05-27 12:22:28,Shopping_Grocery,annotator,HIGH LEVEL BEHAVIOR,2022-05-27 01:21:47,2022-05-27 01:24:14
2022-05-27 12:22:28,2022-05-27 12:22:49,In_Transit_Active,annotator,HIGH LEVEL BEHAVIOR,2022-05-27 01:24:14,2022-05-27 01:24:35
2022-05-27 12:22:49,2022-05-27 12:23:34,In_Transit_Active,annotator,HIGH LEVEL BEHAVIOR,2022-05-27 01:24:35,2022-05-27 01:25:20
2022-05-27 12:23:34,2022-05-27 12:24:06,Riding_Elevator_Up, Eating/Dining,annotator,HIGH LEVEL BEHAVIOR,2022-05-27 01:25:20,2022-05-27 01:25:52
2022-05-27 12:24:06,2022-05-27 12:24:54,In_Transit_Active,annotator,HIGH LEVEL BEHAVIOR,2022-05-27 01:25:52,2022-05-27 01:26:40
2022-05-27 12:24:54,2022-05-27 12:25:13,HLB_Indecipherable/Video_Insufficient,annotator,HIGH LEVEL BEHAVIOR,2022-05-27 01:26:40,2022-05-27 01:26:59
2022-05-27 12:25:13,2022-05-27 12:26:54,HLB_Indecipherable/Video_Insufficient,annotator,HIGH LEVEL BEHAVIOR,2022-05-27 01:26:59,2022-05-27 01:28:40
2022-05-27 12:26:54,2022-05-27 12:27:11,Relaxing_Passive,annotator,HIGH LEVEL BEHAVIOR,2022-05-27 01:28:40,2022-05-27 01:28:57
2022-05-27 12:27:11,2022-05-27 13:05:36,HLB_Indecipherable/Video_Insufficient,annotator,HIGH LEVEL BEHAVIOR,2022-05-27 01:28:57,2022-05-27 02:07:22
2022-05-27 13:05:36,2022-05-27 13:06:28,Meeting _Social_Gathering_In_Person,annotator,HIGH LEVEL BEHAVIOR,2022-05-27 02:07:22,2022-05-27 02:08:14
2022-05-27 13:06:28,2022-05-27 13:07:01,Meeting _Social_Gathering_In_Person,annotator,HIGH LEVEL BEHAVIOR,2022-05-27 02:08:14,2022-05-27 02:08:47
2022-05-27 13:07:01,2022-05-27 13:08:01,Meeting _Social_Gathering_In_Person, In_Transit_Active,annotator,HIGH LEVEL BEHAVIOR,2022-05-27 02:08:47,2022-05-27 02:09:47
2022-05-27 13:08:01,2022-05-27 13:08:38,Meeting _Social_Gathering_In_Person, Riding_Elevator_Down,annotator,HIGH LEVEL BEHAVIOR,2022-05-27 02:09:47,2022-05-27 02:10:24
2022-05-27 13:08:38,2022-05-27 13:09:10,Meeting _Social_Gathering_In_Person, In_Transit_Active,annotator,HIGH LEVEL BEHAVIOR,2022-05-27 02:10:24,2022-05-27 02:10:56
2022-05-27 13:09:10,2022-05-27 13:18:45,Meeting _Social_Gathering_In_Person, In_Transit_Active,annotator,HIGH LEVEL BEHAVIOR,2022-05-27 02:10:56,2022-05-27 02:20:31
2022-05-27 13:18:45,2022-05-27 13:20:38,Meeting _Social_Gathering_In_Person,annotator,HIGH LEVEL BEHAVIOR,2022-05-27 02:20:31,2022-05-27 02:22:24
2022-05-27 13:20:38,2022-05-27 13:26:27,Meeting _Social_Gathering_In_Person, Eating/Dining,annotator,HIGH LEVEL BEHAVIOR,2022-05-27 02:22:24,2022-05-27 02:28:13
2022-05-27 13:26:27,2022-05-27 13:26:43,Meeting _Social_Gathering_In_Person, Eating/Dining,annotator,HIGH LEVEL BEHAVIOR,2022-05-27 02:28:13,2022-05-27 02:28:29
2022-05-27 13:26:43,2022-05-27 13:27:44,Meeting _Social_Gathering_In_Person, Eating/Dining,annotator,HIGH LEVEL BEHAVIOR,2022-05-27 02:28:29,2022-05-27 02:29:30
2022-05-27 13:27:44,2022-05-27 13:32:31,Meeting _Social_Gathering_In_Person, Eating/Dining,annotator,HIGH LEVEL BEHAVIOR,2022-05-27 02:29:30,2022-05-27 02:34:17
2022-05-27 13:32:31,2022-05-27 13:33:14,Meeting _Social_Gathering_In_Person,annotator,HIGH LEVEL BEHAVIOR,2022-05-27 02:34:17,2022-05-27 02:35:00
2022-05-27 13:33:14,2022-05-27 13:33:20,In_Transit_Active,annotator,HIGH LEVEL BEHAVIOR,2022-05-27 02:35:00,2022-05-27 02:35:06
2022-05-27 13:33:20,2022-05-27 13:33:28,In_Transit_Active,annotator,HIGH LEVEL BEHAVIOR,2022-05-27 02:35:06,2022-05-27 02:35:14
2022-05-27 13:33:28,2022-05-27 13:42:46,In_Transit_Active,annotator,HIGH LEVEL BEHAVIOR,2022-05-27 02:35:14,2022-05-27 02:44:32
2022-05-27 13:42:46,2022-05-27 13:43:34,Meeting _Social_Gathering_In_Person, In_Transit_Active,annotator,HIGH LEVEL BEHAVIOR,2022-05-27 02:44:32,2022-05-27 02:45:20
2022-05-27 13:43:34,2022-05-27 13:44:13,Meeting _Social_Gathering_In_Person, Riding_Elevator_Up,annotator,HIGH LEVEL BEHAVIOR,2022-05-27 02:45:20,2022-05-27 02:45:59
2022-05-27 13:44:13,2022-05-27 13:44:49,Meeting _Social_Gathering_In_Person, In_Transit_Active,annotator,HIGH LEVEL BEHAVIOR,2022-05-27 02:45:59,2022-05-27 02:46:35
2022-05-27 13:44:49,2022-05-27 13:50:21,HLB_Indecipherable/Video_Insufficient,annotator,HIGH LEVEL BEHAVIOR,2022-05-27 02:46:35,2022-05-27 02:52:07
2022-05-27 13:50:21,2022-05-27 13:50:50,Relaxing_Passive,annotator,HIGH LEVEL BEHAVIOR,2022-05-27 02:52:07,2022-05-27 02:52:36
2022-05-27 13:50:50,2022-05-27 13:51:41,HLB_Indecipherable/Video_Insufficient,annotator,HIGH LEVEL BEHAVIOR,2022-05-27 02:52:36,2022-05-27 02:53:27
2022-05-27 13:51:41,2022-05-27 13:53:08,HLB_Indecipherable/Video_Insufficient,annotator,HIGH LEVEL BEHAVIOR,2022-05-27 02:53:27,2022-05-27 02:54:54
2022-05-27 13:53:08,2022-05-27 14:11:53,HLB_Indecipherable/Video_Insufficient,annotator,HIGH LEVEL BEHAVIOR,2022-05-27 02:54:54,2022-05-27 03:13:39
2022-05-27 14:11:53,2022-05-27 14:18:51,HLB_Indecipherable/Video_Insufficient,annotator,HIGH LEVEL BEHAVIOR,2022-05-27 03:13:39,2022-05-27 03:20:37
2022-05-27 14:18:51,2022-05-27 14:47:34,HLB_Indecipherable/Video_Insufficient,annotator,HIGH LEVEL BEHAVIOR,2022-05-27 03:20:37,2022-05-27 03:49:20
2022-05-27 14:47:34,2022-05-27 14:49:23,Relaxing_Passive,annotator,HIGH LEVEL BEHAVIOR,2022-05-27 03:49:20,2022-05-27 03:51:09
2022-05-27 14:49:23,2022-05-27 16:02:30,HLB_Indecipherable/Video_Insufficient,annotator,HIGH LEVEL BEHAVIOR,2022-05-27 03:51:09,2022-05-27 05:04:16
2022-05-27 16:02:30,2022-05-27 16:04:05,HLB_Indecipherable/Video_Insufficient,annotator,HIGH LEVEL BEHAVIOR,2022-05-27 05:04:16,2022-05-27 05:05:51
2022-05-27 16:04:05,2022-05-27 16:04:41,Dressing/Undressing,annotator,HIGH LEVEL BEHAVIOR,2022-05-27 05:05:51,2022-05-27 05:06:27
2022-05-27 16:04:41,2022-05-27 16:05:23,Packing/Unpacking_Something,annotator,HIGH LEVEL BEHAVIOR,2022-05-27 05:06:27,2022-05-27 05:07:09
2022-05-27 16:05:23,2022-05-27 16:07:36,Meeting _Social_Gathering_In_Person,annotator,HIGH LEVEL BEHAVIOR,2022-05-27 05:07:09,2022-05-27 05:09:22
2022-05-27 16:07:36,2022-05-27 16:08:14,Meeting _Social_Gathering_In_Person, In_Transit_Active,annotator,HIGH LEVEL BEHAVIOR,2022-05-27 05:09:22,2022-05-27 05:10:00
2022-05-27 16:08:14,2022-05-27 16:08:55,Meeting _Social_Gathering_In_Person, Riding_Elevator_Down,annotator,HIGH LEVEL BEHAVIOR,2022-05-27 05:10:00,2022-05-27 05:10:41
2022-05-27 16:08:55,2022-05-27 16:09:24,Meeting _Social_Gathering_In_Person, In_Transit_Active,annotator,HIGH LEVEL BEHAVIOR,2022-05-27 05:10:41,2022-05-27 05:11:10
2022-05-27 16:09:24,2022-05-27 16:16:02,Meeting _Social_Gathering_In_Person, In_Transit_Active,annotator,HIGH LEVEL BEHAVIOR,2022-05-27 05:11:10,2022-05-27 05:17:48
2022-05-27 16:16:02,2022-05-27 16:16:20,Meeting _Social_Gathering_In_Person, In_Transit_Active,annotator,HIGH LEVEL BEHAVIOR,2022-05-27 05:17:48,2022-05-27 05:18:06
2022-05-27 16:16:20,2022-05-27 16:16:45,Meeting _Social_Gathering_In_Person, In_Transit_Active,annotator,HIGH LEVEL BEHAVIOR,2022-05-27 05:18:06,2022-05-27 05:18:31
2022-05-27 16:16:45,2022-05-27 16:17:11,Meeting _Social_Gathering_In_Person, In_Transit_Active,annotator,HIGH LEVEL BEHAVIOR,2022-05-27 05:18:31,2022-05-27 05:18:57
2022-05-27 16:17:11,2022-05-27 16:17:51,Meeting _Social_Gathering_In_Person, In_Transit_Active,annotator,HIGH LEVEL BEHAVIOR,2022-05-27 05:18:57,2022-05-27 05:19:37
2022-05-27 16:17:51,2022-05-27 16:18:38,Meeting _Social_Gathering_In_Person, Playing_Sports/Games,annotator,HIGH LEVEL BEHAVIOR,2022-05-27 05:19:37,2022-05-27 05:20:24
2022-05-27 16:18:38,2022-05-27 17:14:35,Meeting _Social_Gathering_In_Person, Playing_Sports/Games,annotator,HIGH LEVEL BEHAVIOR,2022-05-27 05:20:24,2022-05-27 06:16:21
2022-05-27 17:14:35,2022-05-27 17:15:26,Meeting _Social_Gathering_In_Person, In_Transit_Active,annotator,HIGH LEVEL BEHAVIOR,2022-05-27 06:16:21,2022-05-27 06:17:12
2022-05-27 17:15:26,2022-05-27 17:15:49,Meeting _Social_Gathering_In_Person, In_Transit_Active,annotator,HIGH LEVEL BEHAVIOR,2022-05-27 06:17:12,2022-05-27 06:17:35
2022-05-27 17:15:49,2022-05-27 17:16:15,Meeting _Social_Gathering_In_Person, In_Transit_Active,annotator,HIGH LEVEL BEHAVIOR,2022-05-27 06:17:35,2022-05-27 06:18:01
2022-05-27 17:16:15,2022-05-27 17:16:33,Meeting _Social_Gathering_In_Person, In_Transit_Active,annotator,HIGH LEVEL BEHAVIOR,2022-05-27 06:18:01,2022-05-27 06:18:19
2022-05-27 17:16:33,2022-05-27 17:21:32,Meeting _Social_Gathering_In_Person, In_Transit_Active,annotator,HIGH LEVEL BEHAVIOR,2022-05-27 06:18:19,2022-05-27 06:23:18
2022-05-27 17:21:32,2022-05-27 17:23:11,HLB_Indecipherable/Video_Insufficient,annotator,HIGH LEVEL BEHAVIOR,2022-05-27 06:23:18,2022-05-27 06:24:57
2022-05-27 17:23:11,2022-05-27 17:26:10,Meeting _Social_Gathering_In_Person, Shopping_Grocery,annotator,HIGH LEVEL BEHAVIOR,2022-05-27 06:24:57,2022-05-27 06:27:56
2022-05-27 17:26:10,2022-05-27 17:27:55,HLB_Indecipherable/Video_Insufficient,annotator,HIGH LEVEL BEHAVIOR,2022-05-27 06:27:56,2022-05-27 06:29:41
2022-05-27 17:27:55,2022-05-27 17:28:21,Meeting _Social_Gathering_In_Person,annotator,HIGH LEVEL BEHAVIOR,2022-05-27 06:29:41,2022-05-27 06:30:07
2022-05-27 17:28:21,2022-05-27 17:41:28,Meeting _Social_Gathering_In_Person, In_Transit_Active,annotator,HIGH LEVEL BEHAVIOR,2022-05-27 06:30:07,2022-05-27 06:43:14
2022-05-27 17:41:28,2022-05-27 17:42:41,Meeting _Social_Gathering_In_Person, In_Transit_Active,annotator,HIGH LEVEL BEHAVIOR,2022-05-27 06:43:14,2022-05-27 06:44:27
2022-05-27 17:42:41,2022-05-27 17:43:19,Riding_Elevator_Up,annotator,HIGH LEVEL BEHAVIOR,2022-05-27 06:44:27,2022-05-27 06:45:05
2022-05-27 17:43:19,2022-05-27 17:44:00,In_Transit_Active,annotator,HIGH LEVEL BEHAVIOR,2022-05-27 06:45:05,2022-05-27 06:45:46
2022-05-27 17:44:00,2022-05-27 17:48:40,HLB_Indecipherable/Video_Insufficient,annotator,HIGH LEVEL BEHAVIOR,2022-05-27 06:45:46,2022-05-27 06:50:26
2022-05-27 17:48:40,2022-05-27 17:57:24,HLB_Indecipherable/Video_Insufficient,annotator,HIGH LEVEL BEHAVIOR,2022-05-27 06:50:26,2022-05-27 06:59:10
2022-05-27 17:57:24,2022-05-27 17:58:04,,annotator,HIGH LEVEL BEHAVIOR,2022-05-27 06:59:10,2022-05-27 06:59:50
2022-05-27 17:58:06,2022-05-27 17:58:18,Eating/Dining,annotator,HIGH LEVEL BEHAVIOR,2022-05-27 06:59:52,2022-05-27 07:00:04
2022-05-27 17:58:18,2022-05-27 17:59:41,,annotator,HIGH LEVEL BEHAVIOR,2022-05-27 07:00:04,2022-05-27 07:01:27
2022-05-27 17:59:41,2022-05-27 17:59:48,Eating/Dining,annotator,HIGH LEVEL BEHAVIOR,2022-05-27 07:01:27,2022-05-27 07:01:34
2022-05-27 17:59:48,2022-05-27 18:05:13,Eating/Dining, Relaxing_Passive,annotator,HIGH LEVEL BEHAVIOR,2022-05-27 07:01:34,2022-05-27 07:06:59
2022-05-27 18:05:13,2022-05-27 18:10:07,Relaxing_Passive,annotator,HIGH LEVEL BEHAVIOR,2022-05-27 07:06:59,2022-05-27 07:11:53
2022-05-27 18:10:07,2022-05-27 18:22:59,HLB_Indecipherable/Video_Insufficient,annotator,HIGH LEVEL BEHAVIOR,2022-05-27 07:11:53,2022-05-27 07:24:45
2022-05-27 18:22:59,2022-05-27 18:23:15,HLB_Indecipherable/Video_Insufficient,annotator,HIGH LEVEL BEHAVIOR,2022-05-27 07:24:45,2022-05-27 07:25:01
2022-05-27 18:23:15,2022-05-27 18:41:52,HLB_Indecipherable/Video_Insufficient,annotator,HIGH LEVEL BEHAVIOR,2022-05-27 07:25:01,2022-05-27 07:43:38
2022-05-27 18:41:52,2022-05-27 18:43:09,Relaxing_Passive,annotator,HIGH LEVEL BEHAVIOR,2022-05-27 07:43:38,2022-05-27 07:44:55
2022-05-27 18:43:09,2022-05-27 18:52:00,HLB_Indecipherable/Video_Insufficient,annotator,HIGH LEVEL BEHAVIOR,2022-05-27 07:44:55,2022-05-27 07:53:46
2022-05-27 18:52:00,2022-05-27 18:54:27,Relaxing_Passive,annotator,HIGH LEVEL BEHAVIOR,2022-05-27 07:53:46,2022-05-27 07:56:13
2022-05-27 18:54:27,2022-05-27 20:02:22,HLB_Indecipherable/Video_Insufficient,annotator,HIGH LEVEL BEHAVIOR,2022-05-27 07:56:13,2022-05-27 09:04:08
2022-05-27 20:02:22,2022-05-27 20:03:25,Using_Computer/Screen,annotator,HIGH LEVEL BEHAVIOR,2022-05-27 09:04:08,2022-05-27 09:05:11
2022-05-27 20:03:25,2022-05-27 20:07:43,Using_Computer/Screen,annotator,HIGH LEVEL BEHAVIOR,2022-05-27 09:05:11,2022-05-27 09:09:29
2022-05-27 20:07:43,2022-05-27 20:29:52,Using_Computer/Screen,annotator,HIGH LEVEL BEHAVIOR,2022-05-27 09:09:29,2022-05-27 09:31:38
2022-05-27 20:29:52,2022-05-27 20:36:52,HLB_Indecipherable/Video_Insufficient,annotator,HIGH LEVEL BEHAVIOR,2022-05-27 09:31:38,2022-05-27 09:38:38
2022-05-27 20:36:52,2022-05-27 20:37:36,Using_Computer/Screen,annotator,HIGH LEVEL BEHAVIOR,2022-05-27 09:38:38,2022-05-27 09:39:22
2022-05-27 20:37:36,2022-05-27 20:38:06,Meeting _Social_Gathering_In_Person,annotator,HIGH LEVEL BEHAVIOR,2022-05-27 09:39:22,2022-05-27 09:39:52
2022-05-27 20:38:06,2022-05-27 20:53:27,Using_Computer/Screen,annotator,HIGH LEVEL BEHAVIOR,2022-05-27 09:39:52,2022-05-27 09:55:13
2022-05-27 20:53:27,2022-05-27 20:55:11,HLB_Indecipherable/Video_Insufficient,annotator,HIGH LEVEL BEHAVIOR,2022-05-27 09:55:13,2022-05-27 09:56:57
2022-05-27 20:55:11,2022-05-27 20:57:49,Using_Computer/Screen,annotator,HIGH LEVEL BEHAVIOR,2022-05-27 09:56:57,2022-05-27 09:59:35
2022-05-27 20:57:49,2022-05-27 20:58:38,,annotator,HIGH LEVEL BEHAVIOR,2022-05-27 09:59:35,2022-05-27 10:00:24
2022-05-27 20:58:38,2022-05-27 21:09:52,Using_Computer/Screen,annotator,HIGH LEVEL BEHAVIOR,2022-05-27 10:00:24,2022-05-27 10:11:38
2022-05-27 21:09:52,2022-05-27 21:19:26,HLB_Indecipherable/Video_Insufficient,annotator,HIGH LEVEL BEHAVIOR,2022-05-27 10:11:38,2022-05-27 10:21:12
2022-05-27 21:09:52,2022-05-27 21:09:52,,annotator,HIGH LEVEL BEHAVIOR,2022-05-27 10:11:38,2022-05-27 10:11:38
2022-05-27 21:19:26,2022-05-27 21:19:34,,annotator,HIGH LEVEL BEHAVIOR,2022-05-27 10:21:12,2022-05-27 10:21:20
2022-05-27 21:19:34,2022-05-27 21:19:39,,annotator,HIGH LEVEL BEHAVIOR,2022-05-27 10:21:20,2022-05-27 10:21:25
2022-05-27 21:19:39,2022-05-27 21:19:55,,annotator,HIGH LEVEL BEHAVIOR,2022-05-27 10:21:25,2022-05-27 10:21:41
2022-05-27 21:19:55,2022-05-27 21:20:01,,annotator,HIGH LEVEL BEHAVIOR,2022-05-27 10:21:41,2022-05-27 10:21:47
2022-05-27 21:20:01,2022-05-27 21:20:16,,annotator,HIGH LEVEL BEHAVIOR,2022-05-27 10:21:47,2022-05-27 10:22:02
2022-05-27 21:20:16,2022-05-27 21:20:18,,annotator,HIGH LEVEL BEHAVIOR,2022-05-27 10:22:02,2022-05-27 10:22:04
2022-05-27 21:20:18,2022-05-27 21:20:22,,annotator,HIGH LEVEL BEHAVIOR,2022-05-27 10:22:04,2022-05-27 10:22:08
2022-05-27 21:20:22,2022-05-27 21:20:27,,annotator,HIGH LEVEL BEHAVIOR,2022-05-27 10:22:08,2022-05-27 10:22:13
2022-05-27 21:20:27,2022-05-27 21:20:52,Using_Computer/Screen,annotator,HIGH LEVEL BEHAVIOR,2022-05-27 10:22:13,2022-05-27 10:22:38
2022-05-27 21:20:52,2022-05-27 21:21:53,Using_Computer/Screen, WatchingTV/Movies,annotator,HIGH LEVEL BEHAVIOR,2022-05-27 10:22:38,2022-05-27 10:23:39
2022-05-27 21:21:53,2022-05-27 21:22:00,Using_Computer/Screen,annotator,HIGH LEVEL BEHAVIOR,2022-05-27 10:23:39,2022-05-27 10:23:46
2022-05-27 21:22:00,2022-05-27 21:40:46,Using_Computer/Screen, WatchingTV/Movies,annotator,HIGH LEVEL BEHAVIOR,2022-05-27 10:23:46,2022-05-27 10:42:32
2022-05-27 21:40:46,2022-05-27 21:40:55,Using_Computer/Screen,annotator,HIGH LEVEL BEHAVIOR,2022-05-27 10:42:32,2022-05-27 10:42:41
2022-05-27 21:40:55,2022-05-27 21:41:45,Using_Computer/Screen,annotator,HIGH LEVEL BEHAVIOR,2022-05-27 10:42:41,2022-05-27 10:43:31
2022-05-27 21:41:45,2022-05-27 22:08:52,Using_Computer/Screen, WatchingTV/Movies,annotator,HIGH LEVEL BEHAVIOR,2022-05-27 10:43:31,2022-05-27 11:10:38
2022-05-27 22:08:52,2022-05-27 22:17:50,,annotator,HIGH LEVEL BEHAVIOR,2022-05-27 11:10:38,2022-05-27 11:19:36
2022-05-27 22:17:50,2022-05-27 22:21:19,,annotator,HIGH LEVEL BEHAVIOR,2022-05-27 11:19:36,2022-05-27 11:23:05
2022-05-27 22:21:19,2022-05-27 22:21:59,,annotator,HIGH LEVEL BEHAVIOR,2022-05-27 11:23:05,2022-05-27 11:23:45
2022-05-27 22:21:59,2022-05-27 22:22:02,,annotator,HIGH LEVEL BEHAVIOR,2022-05-27 11:23:45,2022-05-27 11:23:48
2022-05-27 22:22:02,2022-05-27 22:22:09,,annotator,HIGH LEVEL BEHAVIOR,2022-05-27 11:23:48,2022-05-27 11:23:55
2022-05-27 22:22:09,2022-05-27 22:22:22,,annotator,HIGH LEVEL BEHAVIOR,2022-05-27 11:23:55,2022-05-27 11:24:08
2022-05-27 22:22:22,2022-05-27 22:22:25,,annotator,HIGH LEVEL BEHAVIOR,2022-05-27 11:24:08,2022-05-27 11:24:11
2022-05-27 22:22:25,2022-05-27 22:23:22,,annotator,HIGH LEVEL BEHAVIOR,2022-05-27 11:24:11,2022-05-27 11:25:08
2022-05-27 22:23:22,2022-05-27 22:23:49,,annotator,HIGH LEVEL BEHAVIOR,2022-05-27 11:25:08,2022-05-27 11:25:35
2022-05-27 22:23:49,2022-05-27 22:24:20,,annotator,HIGH LEVEL BEHAVIOR,2022-05-27 11:25:35,2022-05-27 11:26:06
2022-05-27 22:24:20,2022-05-27 22:24:33,Using_Computer/Screen,annotator,HIGH LEVEL BEHAVIOR,2022-05-27 11:26:06,2022-05-27 11:26:19
2022-05-27 22:24:33,2022-05-27 22:24:47,,annotator,HIGH LEVEL BEHAVIOR,2022-05-27 11:26:19,2022-05-27 11:26:33
2022-05-27 22:24:47,2022-05-27 22:24:51,,annotator,HIGH LEVEL BEHAVIOR,2022-05-27 11:26:33,2022-05-27 11:26:37
2022-05-27 22:24:51,2022-05-27 22:25:10,HLB_Indecipherable/Video_Insufficient,annotator,HIGH LEVEL BEHAVIOR,2022-05-27 11:26:37,2022-05-27 11:26:56
2022-05-27 22:25:10,2022-05-27 22:25:16,,annotator,HIGH LEVEL BEHAVIOR,2022-05-27 11:26:56,2022-05-27 11:27:02
2022-05-27 22:25:16,2022-05-27 22:25:22,,annotator,HIGH LEVEL BEHAVIOR,2022-05-27 11:27:02,2022-05-27 11:27:08
2022-05-27 22:25:22,2022-05-27 22:25:33,,annotator,HIGH LEVEL BEHAVIOR,2022-05-27 11:27:08,2022-05-27 11:27:19
2022-05-27 22:25:33,2022-05-27 22:28:14,,annotator,HIGH LEVEL BEHAVIOR,2022-05-27 11:27:19,2022-05-27 11:30:00
2022-05-27 22:28:14,2022-05-27 22:28:34,,annotator,HIGH LEVEL BEHAVIOR,2022-05-27 11:30:00,2022-05-27 11:30:20
2022-05-27 22:28:34,2022-05-27 22:28:40,,annotator,HIGH LEVEL BEHAVIOR,2022-05-27 11:30:20,2022-05-27 11:30:26
2022-05-27 22:28:40,2022-05-27 22:28:54,,annotator,HIGH LEVEL BEHAVIOR,2022-05-27 11:30:26,2022-05-27 11:30:40
2022-05-27 22:28:54,2022-05-27 22:28:59,,annotator,HIGH LEVEL BEHAVIOR,2022-05-27 11:30:40,2022-05-27 11:30:45
2022-05-27 22:28:59,2022-05-27 22:29:06,,annotator,HIGH LEVEL BEHAVIOR,2022-05-27 11:30:45,2022-05-27 11:30:52
2022-05-27 22:29:06,2022-05-27 22:29:31,,annotator,HIGH LEVEL BEHAVIOR,2022-05-27 11:30:52,2022-05-27 11:31:17
2022-05-27 22:29:31,2022-05-27 22:53:02,Using_Computer/Screen,annotator,HIGH LEVEL BEHAVIOR,2022-05-27 11:31:17,2022-05-27 11:54:48
2022-05-27 22:53:02,2022-05-27 22:54:13,,annotator,HIGH LEVEL BEHAVIOR,2022-05-27 11:54:48,2022-05-27 11:55:59
2022-05-27 22:54:13,2022-05-27 22:54:14,,annotator,HIGH LEVEL BEHAVIOR,2022-05-27 11:55:59,2022-05-27 11:56:00
2022-05-27 22:54:14,2022-05-27 22:54:21,,annotator,HIGH LEVEL BEHAVIOR,2022-05-27 11:56:00,2022-05-27 11:56:07
2022-05-27 22:54:21,2022-05-27 22:54:33,,annotator,HIGH LEVEL BEHAVIOR,2022-05-27 11:56:07,2022-05-27 11:56:19
2022-05-27 22:54:33,2022-05-27 22:54:38,,annotator,HIGH LEVEL BEHAVIOR,2022-05-27 11:56:19,2022-05-27 11:56:24
2022-05-27 22:54:38,2022-05-27 22:54:58,Dressing/Undressing,annotator,HIGH LEVEL BEHAVIOR,2022-05-27 11:56:24,2022-05-27 11:56:44
2022-05-27 22:54:58,2022-05-27 22:55:00,,annotator,HIGH LEVEL BEHAVIOR,2022-05-27 11:56:44,2022-05-27 11:56:46
2022-05-27 22:55:00,2022-05-27 22:55:31,HLB_Indecipherable/Video_Insufficient,annotator,HIGH LEVEL BEHAVIOR,2022-05-27 11:56:46,2022-05-27 11:57:17
2022-05-27 22:55:31,2022-05-27 22:55:39,,annotator,HIGH LEVEL BEHAVIOR,2022-05-27 11:57:17,2022-05-27 11:57:25
2022-05-27 22:55:39,2022-05-27 22:55:48,,annotator,HIGH LEVEL BEHAVIOR,2022-05-27 11:57:25,2022-05-27 11:57:34
2022-05-27 22:55:48,2022-05-27 22:55:59,,annotator,HIGH LEVEL BEHAVIOR,2022-05-27 11:57:34,2022-05-27 11:57:45
2022-05-27 22:55:59,2022-05-27 22:56:26,,annotator,HIGH LEVEL BEHAVIOR,2022-05-27 11:57:45,2022-05-27 11:58:12
2022-05-27 22:56:26,2022-05-27 22:57:08,,annotator,HIGH LEVEL BEHAVIOR,2022-05-27 11:58:12,2022-05-27 11:58:54
2022-05-27 22:57:08,2022-05-27 22:57:22,,annotator,HIGH LEVEL BEHAVIOR,2022-05-27 11:58:54,2022-05-27 11:59:08
2022-05-27 22:57:22,2022-05-27 22:57:52,,annotator,HIGH LEVEL BEHAVIOR,2022-05-27 11:59:08,2022-05-27 11:59:38
2022-05-27 22:57:52,2022-05-27 22:58:08,,annotator,HIGH LEVEL BEHAVIOR,2022-05-27 11:59:38,2022-05-27 11:59:54
2022-05-27 22:58:08,2022-05-27 22:58:34,Playing_Sports/Games,annotator,HIGH LEVEL BEHAVIOR,2022-05-27 11:59:54,2022-05-27 12:00:20
2022-05-27 22:58:34,2022-05-27 22:58:37,,annotator,HIGH LEVEL BEHAVIOR,2022-05-27 12:00:20,2022-05-27 12:00:23
2022-05-27 22:58:37,2022-05-27 22:58:43,,annotator,HIGH LEVEL BEHAVIOR,2022-05-27 12:00:23,2022-05-27 12:00:29
2022-05-27 22:58:43,2022-05-27 22:59:00,,annotator,HIGH LEVEL BEHAVIOR,2022-05-27 12:00:29,2022-05-27 12:00:46
2022-05-27 22:59:00,2022-05-27 22:59:20,Dressing/Undressing,annotator,HIGH LEVEL BEHAVIOR,2022-05-27 12:00:46,2022-05-27 12:01:06
2022-05-27 22:59:20,2022-05-27 22:59:33,,annotator,HIGH LEVEL BEHAVIOR,2022-05-27 12:01:06,2022-05-27 12:01:19
2022-05-27 22:59:33,2022-05-27 23:00:16,,annotator,HIGH LEVEL BEHAVIOR,2022-05-27 12:01:19,2022-05-27 12:02:02
2022-05-27 23:00:16,2022-05-27 23:00:49,Riding_Elevator_Down,annotator,HIGH LEVEL BEHAVIOR,2022-05-27 12:02:02,2022-05-27 12:02:35
2022-05-27 23:00:49,2022-05-27 23:00:58,,annotator,HIGH LEVEL BEHAVIOR,2022-05-27 12:02:35,2022-05-27 12:02:44
2022-05-27 23:00:58,2022-05-27 23:01:01,,annotator,HIGH LEVEL BEHAVIOR,2022-05-27 12:02:44,2022-05-27 12:02:47
2022-05-27 23:01:01,2022-05-27 23:01:22,In_Transit_Active,annotator,HIGH LEVEL BEHAVIOR,2022-05-27 12:02:47,2022-05-27 12:03:08
2022-05-27 23:01:24,2022-05-27 23:07:11,In_Transit_Active,annotator,HIGH LEVEL BEHAVIOR,2022-05-27 12:03:10,2022-05-27 12:08:57
2022-05-27 23:07:13,2022-05-27 23:07:42,In_Transit_Active,annotator,HIGH LEVEL BEHAVIOR,2022-05-27 12:08:59,2022-05-27 12:09:28
2022-05-27 23:07:42,2022-05-27 23:07:49,,annotator,HIGH LEVEL BEHAVIOR,2022-05-27 12:09:28,2022-05-27 12:09:35
2022-05-27 23:07:49,2022-05-27 23:07:59,,annotator,HIGH LEVEL BEHAVIOR,2022-05-27 12:09:35,2022-05-27 12:09:45
2022-05-27 23:07:59,2022-05-27 23:08:08,,annotator,HIGH LEVEL BEHAVIOR,2022-05-27 12:09:45,2022-05-27 12:09:54
2022-05-27 23:08:08,2022-05-27 23:08:33,HLB_Indecipherable/Video_Insufficient,annotator,HIGH LEVEL BEHAVIOR,2022-05-27 12:09:54,2022-05-27 12:10:19
2022-05-27 23:08:33,2022-05-27 23:08:46,,annotator,HIGH LEVEL BEHAVIOR,2022-05-27 12:10:19,2022-05-27 12:10:32
2022-05-27 23:08:46,2022-05-27 23:09:10,,annotator,HIGH LEVEL BEHAVIOR,2022-05-27 12:10:32,2022-05-27 12:10:56
2022-05-27 23:09:10,2022-05-27 23:09:45,,annotator,HIGH LEVEL BEHAVIOR,2022-05-27 12:10:56,2022-05-27 12:11:31
2022-05-27 23:09:45,2022-05-27 23:10:00,,annotator,HIGH LEVEL BEHAVIOR,2022-05-27 12:11:31,2022-05-27 12:11:46
2022-05-27 23:10:00,2022-05-27 23:10:23,In_Transit_Active,annotator,HIGH LEVEL BEHAVIOR,2022-05-27 12:11:46,2022-05-27 12:12:09
2022-05-27 23:10:23,2022-05-27 23:10:57,In_Transit_Active,annotator,HIGH LEVEL BEHAVIOR,2022-05-27 12:12:09,2022-05-27 12:12:43
2022-05-27 23:10:57,2022-05-27 23:12:25,In_Transit_Active, HLB_Other,annotator,HIGH LEVEL BEHAVIOR,2022-05-27 12:12:43,2022-05-27 12:14:11
2022-05-27 23:12:25,2022-05-27 23:12:45,In_Transit_Active, HLB_Other,annotator,HIGH LEVEL BEHAVIOR,2022-05-27 12:14:11,2022-05-27 12:14:31
2022-05-27 23:12:45,2022-05-27 23:13:12,In_Transit_Active,annotator,HIGH LEVEL BEHAVIOR,2022-05-27 12:14:31,2022-05-27 12:14:58
2022-05-27 23:13:12,2022-05-27 23:13:37,Riding_Elevator_Up,annotator,HIGH LEVEL BEHAVIOR,2022-05-27 12:14:58,2022-05-27 12:15:23
2022-05-27 23:13:37,2022-05-27 23:13:55,Riding_Elevator_Up,annotator,HIGH LEVEL BEHAVIOR,2022-05-27 12:15:23,2022-05-27 12:15:41
2022-05-27 23:13:55,2022-05-27 23:14:01,,annotator,HIGH LEVEL BEHAVIOR,2022-05-27 12:15:41,2022-05-27 12:15:47
2022-05-27 23:14:01,2022-05-27 23:14:05,,annotator,HIGH LEVEL BEHAVIOR,2022-05-27 12:15:47,2022-05-27 12:15:51
2022-05-27 23:14:05,2022-05-27 23:14:09,,annotator,HIGH LEVEL BEHAVIOR,2022-05-27 12:15:51,2022-05-27 12:15:55
2022-05-27 23:14:09,2022-05-27 23:14:12,,annotator,HIGH LEVEL BEHAVIOR,2022-05-27 12:15:55,2022-05-27 12:15:58
2022-05-27 23:14:12,2022-05-27 23:14:30,,annotator,HIGH LEVEL BEHAVIOR,2022-05-27 12:15:58,2022-05-27 12:16:16
2022-05-27 23:14:30,2022-05-27 23:14:45,Riding_Elevator_Down,annotator,HIGH LEVEL BEHAVIOR,2022-05-27 12:16:16,2022-05-27 12:16:31
2022-05-27 23:14:45,2022-05-27 23:15:04,Riding_Elevator_Down,annotator,HIGH LEVEL BEHAVIOR,2022-05-27 12:16:31,2022-05-27 12:16:50
2022-05-27 23:15:04,2022-05-27 23:15:23,In_Transit_Active,annotator,HIGH LEVEL BEHAVIOR,2022-05-27 12:16:50,2022-05-27 12:17:09
2022-05-27 23:15:23,2022-05-27 23:17:17,In_Transit_Active, HLB_Other,annotator,HIGH LEVEL BEHAVIOR,2022-05-27 12:17:09,2022-05-27 12:19:03
2022-05-27 23:17:17,2022-05-27 23:17:25,In_Transit_Active,annotator,HIGH LEVEL BEHAVIOR,2022-05-27 12:19:03,2022-05-27 12:19:11
2022-05-27 23:17:25,2022-05-27 23:17:42,In_Transit_Active,annotator,HIGH LEVEL BEHAVIOR,2022-05-27 12:19:11,2022-05-27 12:19:28
2022-05-27 23:17:42,2022-05-27 23:18:09,,annotator,HIGH LEVEL BEHAVIOR,2022-05-27 12:19:28,2022-05-27 12:19:55
2022-05-27 23:18:09,2022-05-27 23:18:15,,annotator,HIGH LEVEL BEHAVIOR,2022-05-27 12:19:55,2022-05-27 12:20:01
2022-05-27 23:18:17,2022-05-27 23:18:29,,annotator,HIGH LEVEL BEHAVIOR,2022-05-27 12:20:03,2022-05-27 12:20:15
2022-05-27 23:18:29,2022-05-27 23:19:00,HLB_Indecipherable/Video_Insufficient,annotator,HIGH LEVEL BEHAVIOR,2022-05-27 12:20:15,2022-05-27 12:20:46
2022-05-27 23:19:00,2022-05-27 23:19:08,,annotator,HIGH LEVEL BEHAVIOR,2022-05-27 12:20:46,2022-05-27 12:20:54
2022-05-27 23:19:08,2022-05-27 23:19:35,,annotator,HIGH LEVEL BEHAVIOR,2022-05-27 12:20:54,2022-05-27 12:21:21
2022-05-27 23:19:35,2022-05-27 23:20:10,,annotator,HIGH LEVEL BEHAVIOR,2022-05-27 12:21:21,2022-05-27 12:21:56
2022-05-27 23:20:10,2022-05-27 23:20:22,HLB_Indecipherable/Video_Insufficient,annotator,HIGH LEVEL BEHAVIOR,2022-05-27 12:21:56,2022-05-27 12:22:08
2022-05-27 23:20:22,2022-05-27 23:20:37,,annotator,HIGH LEVEL BEHAVIOR,2022-05-27 12:22:08,2022-05-27 12:22:23
2022-05-27 23:20:37,2022-05-27 23:20:56,,annotator,HIGH LEVEL BEHAVIOR,2022-05-27 12:22:23,2022-05-27 12:22:42
2022-05-27 23:20:57,2022-05-27 23:22:03,Doing_Resistance_Training,annotator,HIGH LEVEL BEHAVIOR,2022-05-27 12:22:43,2022-05-27 12:23:49
2022-05-27 23:22:03,2022-05-27 23:22:13,Doing_Resistance_Training,annotator,HIGH LEVEL BEHAVIOR,2022-05-27 12:23:49,2022-05-27 12:23:59
2022-05-27 23:22:15,2022-05-27 23:22:23,Doing_Resistance_Training,annotator,HIGH LEVEL BEHAVIOR,2022-05-27 12:24:01,2022-05-27 12:24:09
2022-05-27 23:22:23,2022-05-27 23:22:59,Doing_Resistance_Training,annotator,HIGH LEVEL BEHAVIOR,2022-05-27 12:24:09,2022-05-27 12:24:45
2022-05-27 23:22:59,2022-05-27 23:23:07,Doing_Resistance_Training,annotator,HIGH LEVEL BEHAVIOR,2022-05-27 12:24:45,2022-05-27 12:24:53
2022-05-27 23:23:07,2022-05-27 23:23:40,Doing_Resistance_Training,annotator,HIGH LEVEL BEHAVIOR,2022-05-27 12:24:53,2022-05-27 12:25:26
2022-05-27 23:23:40,2022-05-27 23:23:51,Doing_Resistance_Training,annotator,HIGH LEVEL BEHAVIOR,2022-05-27 12:25:26,2022-05-27 12:25:37
2022-05-27 23:23:51,2022-05-27 23:24:03,Doing_Resistance_Training,annotator,HIGH LEVEL BEHAVIOR,2022-05-27 12:25:37,2022-05-27 12:25:49
2022-05-27 23:24:03,2022-05-27 23:24:24,Doing_Resistance_Training,annotator,HIGH LEVEL BEHAVIOR,2022-05-27 12:25:49,2022-05-27 12:26:10
2022-05-27 23:24:24,2022-05-27 23:24:52,Doing_Resistance_Training,annotator,HIGH LEVEL BEHAVIOR,2022-05-27 12:26:10,2022-05-27 12:26:38
2022-05-27 23:24:52,2022-05-27 23:25:02,Doing_Resistance_Training,annotator,HIGH LEVEL BEHAVIOR,2022-05-27 12:26:38,2022-05-27 12:26:48
2022-05-27 23:25:02,2022-05-27 23:25:08,Doing_Resistance_Training,annotator,HIGH LEVEL BEHAVIOR,2022-05-27 12:26:48,2022-05-27 12:26:54
2022-05-27 23:25:08,2022-05-27 23:25:42,Doing_Resistance_Training,annotator,HIGH LEVEL BEHAVIOR,2022-05-27 12:26:54,2022-05-27 12:27:28
2022-05-27 23:25:42,2022-05-27 23:25:52,Doing_Resistance_Training,annotator,HIGH LEVEL BEHAVIOR,2022-05-27 12:27:28,2022-05-27 12:27:38
2022-05-27 23:25:52,2022-05-27 23:26:08,Doing_Resistance_Training,annotator,HIGH LEVEL BEHAVIOR,2022-05-27 12:27:38,2022-05-27 12:27:54
2022-05-27 23:26:08,2022-05-27 23:26:38,Doing_Resistance_Training,annotator,HIGH LEVEL BEHAVIOR,2022-05-27 12:27:54,2022-05-27 12:28:24
2022-05-27 23:26:38,2022-05-27 23:26:48,Doing_Resistance_Training,annotator,HIGH LEVEL BEHAVIOR,2022-05-27 12:28:24,2022-05-27 12:28:34
2022-05-27 23:26:48,2022-05-27 23:26:56,Doing_Resistance_Training,annotator,HIGH LEVEL BEHAVIOR,2022-05-27 12:28:34,2022-05-27 12:28:42
2022-05-27 23:26:56,2022-05-27 23:27:13,Doing_Resistance_Training,annotator,HIGH LEVEL BEHAVIOR,2022-05-27 12:28:42,2022-05-27 12:28:59
2022-05-27 23:27:13,2022-05-27 23:27:29,Doing_Resistance_Training,annotator,HIGH LEVEL BEHAVIOR,2022-05-27 12:28:59,2022-05-27 12:29:15
2022-05-27 23:27:29,2022-05-27 23:28:05,Doing_Resistance_Training,annotator,HIGH LEVEL BEHAVIOR,2022-05-27 12:29:15,2022-05-27 12:29:51
2022-05-27 23:28:05,2022-05-27 23:28:25,Doing_Resistance_Training,annotator,HIGH LEVEL BEHAVIOR,2022-05-27 12:29:51,2022-05-27 12:30:11
2022-05-27 23:28:25,2022-05-27 23:28:29,Doing_Resistance_Training,annotator,HIGH LEVEL BEHAVIOR,2022-05-27 12:30:11,2022-05-27 12:30:15
2022-05-27 23:28:29,2022-05-27 23:28:39,Doing_Resistance_Training,annotator,HIGH LEVEL BEHAVIOR,2022-05-27 12:30:15,2022-05-27 12:30:25
2022-05-27 23:28:39,2022-05-27 23:29:08,Doing_Resistance_Training,annotator,HIGH LEVEL BEHAVIOR,2022-05-27 12:30:25,2022-05-27 12:30:54
2022-05-27 23:29:08,2022-05-27 23:29:11,Doing_Resistance_Training,annotator,HIGH LEVEL BEHAVIOR,2022-05-27 12:30:54,2022-05-27 12:30:57
2022-05-27 23:29:11,2022-05-27 23:30:00,Doing_Resistance_Training,annotator,HIGH LEVEL BEHAVIOR,2022-05-27 12:30:57,2022-05-27 12:31:46
2022-05-27 23:30:00,2022-05-27 23:30:37,Doing_Resistance_Training,annotator,HIGH LEVEL BEHAVIOR,2022-05-27 12:31:46,2022-05-27 12:32:23
2022-05-27 23:30:37,2022-05-27 23:30:41,Doing_Resistance_Training,annotator,HIGH LEVEL BEHAVIOR,2022-05-27 12:32:23,2022-05-27 12:32:27
2022-05-27 23:30:41,2022-05-27 23:30:46,Doing_Resistance_Training,annotator,HIGH LEVEL BEHAVIOR,2022-05-27 12:32:27,2022-05-27 12:32:32
2022-05-27 23:30:47,2022-05-27 23:30:58,Doing_Resistance_Training,annotator,HIGH LEVEL BEHAVIOR,2022-05-27 12:32:33,2022-05-27 12:32:44
2022-05-27 23:30:58,2022-05-27 23:31:42,Doing_Resistance_Training,annotator,HIGH LEVEL BEHAVIOR,2022-05-27 12:32:44,2022-05-27 12:33:28
2022-05-27 23:31:42,2022-05-27 23:32:01,Doing_Resistance_Training,annotator,HIGH LEVEL BEHAVIOR,2022-05-27 12:33:28,2022-05-27 12:33:47
2022-05-27 23:32:01,2022-05-27 23:32:29,Doing_Resistance_Training,annotator,HIGH LEVEL BEHAVIOR,2022-05-27 12:33:47,2022-05-27 12:34:15
2022-05-27 23:32:29,2022-05-27 23:33:14,Doing_Resistance_Training,annotator,HIGH LEVEL BEHAVIOR,2022-05-27 12:34:15,2022-05-27 12:35:00
2022-05-27 23:33:14,2022-05-27 23:33:24,Doing_Resistance_Training,annotator,HIGH LEVEL BEHAVIOR,2022-05-27 12:35:00,2022-05-27 12:35:10
2022-05-27 23:33:24,2022-05-27 23:33:32,Doing_Resistance_Training,annotator,HIGH LEVEL BEHAVIOR,2022-05-27 12:35:10,2022-05-27 12:35:18
2022-05-27 23:33:32,2022-05-27 23:33:45,Doing_Resistance_Training,annotator,HIGH LEVEL BEHAVIOR,2022-05-27 12:35:18,2022-05-27 12:35:31
2022-05-27 23:33:45,2022-05-27 23:33:58,Doing_Resistance_Training,annotator,HIGH LEVEL BEHAVIOR,2022-05-27 12:35:31,2022-05-27 12:35:44
2022-05-27 23:33:58,2022-05-27 23:34:10,Doing_Resistance_Training,annotator,HIGH LEVEL BEHAVIOR,2022-05-27 12:35:44,2022-05-27 12:35:56
2022-05-27 23:34:11,2022-05-27 23:34:43,Doing_Resistance_Training,annotator,HIGH LEVEL BEHAVIOR,2022-05-27 12:35:57,2022-05-27 12:36:29
2022-05-27 23:34:43,2022-05-27 23:35:02,Doing_Resistance_Training,annotator,HIGH LEVEL BEHAVIOR,2022-05-27 12:36:29,2022-05-27 12:36:48
2022-05-27 23:35:02,2022-05-27 23:35:21,Doing_Resistance_Training,annotator,HIGH LEVEL BEHAVIOR,2022-05-27 12:36:48,2022-05-27 12:37:07
2022-05-27 23:35:21,2022-05-27 23:36:36,Doing_Resistance_Training,annotator,HIGH LEVEL BEHAVIOR,2022-05-27 12:37:07,2022-05-27 12:38:22
2022-05-27 23:36:36,2022-05-27 23:36:43,Doing_Resistance_Training,annotator,HIGH LEVEL BEHAVIOR,2022-05-27 12:38:22,2022-05-27 12:38:29
2022-05-27 23:36:43,2022-05-27 23:37:09,Doing_Resistance_Training,annotator,HIGH LEVEL BEHAVIOR,2022-05-27 12:38:29,2022-05-27 12:38:55
2022-05-27 23:37:09,2022-05-27 23:37:18,Doing_Resistance_Training,annotator,HIGH LEVEL BEHAVIOR,2022-05-27 12:38:55,2022-05-27 12:39:04
2022-05-27 23:37:18,2022-05-27 23:37:33,Doing_Resistance_Training,annotator,HIGH LEVEL BEHAVIOR,2022-05-27 12:39:04,2022-05-27 12:39:19
2022-05-27 23:37:33,2022-05-27 23:37:58,Doing_Resistance_Training,annotator,HIGH LEVEL BEHAVIOR,2022-05-27 12:39:19,2022-05-27 12:39:44
2022-05-27 23:37:58,2022-05-27 23:38:08,Doing_Resistance_Training,annotator,HIGH LEVEL BEHAVIOR,2022-05-27 12:39:44,2022-05-27 12:39:54
2022-05-27 23:38:08,2022-05-27 23:38:43,Doing_Resistance_Training,annotator,HIGH LEVEL BEHAVIOR,2022-05-27 12:39:54,2022-05-27 12:40:29
2022-05-27 23:38:43,2022-05-27 23:39:07,Doing_Resistance_Training,annotator,HIGH LEVEL BEHAVIOR,2022-05-27 12:40:29,2022-05-27 12:40:53
2022-05-27 23:39:07,2022-05-27 23:40:17,Doing_Resistance_Training,annotator,HIGH LEVEL BEHAVIOR,2022-05-27 12:40:53,2022-05-27 12:42:03
2022-05-27 23:40:17,2022-05-27 23:40:30,Doing_Resistance_Training,annotator,HIGH LEVEL BEHAVIOR,2022-05-27 12:42:03,2022-05-27 12:42:16
2022-05-27 23:40:30,2022-05-27 23:40:42,Doing_Resistance_Training,annotator,HIGH LEVEL BEHAVIOR,2022-05-27 12:42:16,2022-05-27 12:42:28
2022-05-27 23:40:42,2022-05-27 23:41:14,Doing_Resistance_Training,annotator,HIGH LEVEL BEHAVIOR,2022-05-27 12:42:28,2022-05-27 12:43:00
2022-05-27 23:41:14,2022-05-27 23:41:46,Doing_Resistance_Training,annotator,HIGH LEVEL BEHAVIOR,2022-05-27 12:43:00,2022-05-27 12:43:32
2022-05-27 23:41:46,2022-05-27 23:43:28,Doing_Resistance_Training,annotator,HIGH LEVEL BEHAVIOR,2022-05-27 12:43:32,2022-05-27 12:45:14
2022-05-27 23:43:28,2022-05-27 23:43:39,Doing_Resistance_Training,annotator,HIGH LEVEL BEHAVIOR,2022-05-27 12:45:14,2022-05-27 12:45:25
2022-05-27 23:43:39,2022-05-27 23:44:14,Doing_Resistance_Training,annotator,HIGH LEVEL BEHAVIOR,2022-05-27 12:45:25,2022-05-27 12:46:00
2022-05-27 23:44:14,2022-05-27 23:44:27,Doing_Resistance_Training,annotator,HIGH LEVEL BEHAVIOR,2022-05-27 12:46:00,2022-05-27 12:46:13
2022-05-27 23:44:27,2022-05-27 23:44:55,Doing_Resistance_Training,annotator,HIGH LEVEL BEHAVIOR,2022-05-27 12:46:13,2022-05-27 12:46:41
2022-05-27 23:44:55,2022-05-27 23:45:14,Doing_Resistance_Training,annotator,HIGH LEVEL BEHAVIOR,2022-05-27 12:46:41,2022-05-27 12:47:00
2022-05-27 23:45:14,2022-05-27 23:45:29,Doing_Resistance_Training,annotator,HIGH LEVEL BEHAVIOR,2022-05-27 12:47:00,2022-05-27 12:47:15
2022-05-27 23:45:30,2022-05-27 23:45:40,Doing_Resistance_Training,annotator,HIGH LEVEL BEHAVIOR,2022-05-27 12:47:16,2022-05-27 12:47:26
2022-05-27 23:45:40,2022-05-27 23:45:45,Doing_Resistance_Training,annotator,HIGH LEVEL BEHAVIOR,2022-05-27 12:47:26,2022-05-27 12:47:31
2022-05-27 23:45:45,2022-05-27 23:46:10,Doing_Resistance_Training,annotator,HIGH LEVEL BEHAVIOR,2022-05-27 12:47:31,2022-05-27 12:47:56
2022-05-27 23:46:10,2022-05-27 23:46:22,Doing_Resistance_Training,annotator,HIGH LEVEL BEHAVIOR,2022-05-27 12:47:56,2022-05-27 12:48:08
2022-05-27 23:46:22,2022-05-27 23:46:50,Doing_Resistance_Training,annotator,HIGH LEVEL BEHAVIOR,2022-05-27 12:48:08,2022-05-27 12:48:36
2022-05-27 23:46:50,2022-05-27 23:46:54,Doing_Resistance_Training,annotator,HIGH LEVEL BEHAVIOR,2022-05-27 12:48:36,2022-05-27 12:48:40
2022-05-27 23:46:54,2022-05-27 23:46:54,Doing_Resistance_Training,annotator,HIGH LEVEL BEHAVIOR,2022-05-27 12:48:40,2022-05-27 12:48:40
2022-05-27 23:46:54,2022-05-27 23:46:59,,annotator,HIGH LEVEL BEHAVIOR,2022-05-27 12:48:40,2022-05-27 12:48:45
2022-05-27 23:46:54,2022-05-27 23:46:54,Doing_Resistance_Training,annotator,HIGH LEVEL BEHAVIOR,2022-05-27 12:48:40,2022-05-27 12:48:40
2022-05-27 23:46:54,2022-05-27 23:46:54,Doing_Resistance_Training,annotator,HIGH LEVEL BEHAVIOR,2022-05-27 12:48:40,2022-05-27 12:48:40
2022-05-27 23:46:54,2022-05-27 23:46:54,Doing_Resistance_Training,annotator,HIGH LEVEL BEHAVIOR,2022-05-27 12:48:40,2022-05-27 12:48:40
2022-05-27 23:46:54,2022-05-27 23:46:54,Doing_Resistance_Training,annotator,HIGH LEVEL BEHAVIOR,2022-05-27 12:48:40,2022-05-27 12:48:40
2022-05-27 23:46:59,2022-05-27 23:47:24,,annotator,HIGH LEVEL BEHAVIOR,2022-05-27 12:48:45,2022-05-27 12:49:10
2022-05-27 23:47:24,2022-05-27 23:47:29,,annotator,HIGH LEVEL BEHAVIOR,2022-05-27 12:49:10,2022-05-27 12:49:15
2022-05-27 23:47:29,2022-05-27 23:47:44,,annotator,HIGH LEVEL BEHAVIOR,2022-05-27 12:49:15,2022-05-27 12:49:30
2022-05-27 23:47:44,2022-05-27 23:47:52,,annotator,HIGH LEVEL BEHAVIOR,2022-05-27 12:49:30,2022-05-27 12:49:38
2022-05-27 23:47:52,2022-05-27 23:48:08,,annotator,HIGH LEVEL BEHAVIOR,2022-05-27 12:49:38,2022-05-27 12:49:54
2022-05-27 23:48:08,2022-05-27 23:48:26,,annotator,HIGH LEVEL BEHAVIOR,2022-05-27 12:49:54,2022-05-27 12:50:12
2022-05-27 23:48:26,2022-05-27 23:49:59,,annotator,HIGH LEVEL BEHAVIOR,2022-05-27 12:50:12,2022-05-27 12:51:45
2022-05-27 23:49:59,2022-05-27 23:50:06,,annotator,HIGH LEVEL BEHAVIOR,2022-05-27 12:51:45,2022-05-27 12:51:52
2022-05-27 23:50:06,2022-05-27 23:50:13,,annotator,HIGH LEVEL BEHAVIOR,2022-05-27 12:51:52,2022-05-27 12:51:59
2022-05-27 23:50:13,2022-05-27 23:50:27,,annotator,HIGH LEVEL BEHAVIOR,2022-05-27 12:51:59,2022-05-27 12:52:13
2022-05-27 23:50:27,2022-05-27 23:50:49,,annotator,HIGH LEVEL BEHAVIOR,2022-05-27 12:52:13,2022-05-27 12:52:35
2022-05-27 23:50:49,2022-05-27 23:51:26,Doing_Resistance_Training,annotator,HIGH LEVEL BEHAVIOR,2022-05-27 12:52:35,2022-05-27 12:53:12
2022-05-27 23:51:26,2022-05-27 23:51:41,Doing_Resistance_Training,annotator,HIGH LEVEL BEHAVIOR,2022-05-27 12:53:12,2022-05-27 12:53:27
2022-05-27 23:51:41,2022-05-27 23:51:51,Doing_Resistance_Training,annotator,HIGH LEVEL BEHAVIOR,2022-05-27 12:53:27,2022-05-27 12:53:37
2022-05-27 23:51:51,2022-05-27 23:52:02,Doing_Resistance_Training,annotator,HIGH LEVEL BEHAVIOR,2022-05-27 12:53:37,2022-05-27 12:53:48
2022-05-27 23:52:02,2022-05-27 23:52:10,Doing_Resistance_Training,annotator,HIGH LEVEL BEHAVIOR,2022-05-27 12:53:48,2022-05-27 12:53:56
2022-05-27 23:52:10,2022-05-27 23:52:28,Doing_Resistance_Training,annotator,HIGH LEVEL BEHAVIOR,2022-05-27 12:53:56,2022-05-27 12:54:14
2022-05-27 23:52:28,2022-05-27 23:53:20,Doing_Resistance_Training,annotator,HIGH LEVEL BEHAVIOR,2022-05-27 12:54:14,2022-05-27 12:55:06
2022-05-27 23:53:20,2022-05-27 23:53:43,Doing_Resistance_Training,annotator,HIGH LEVEL BEHAVIOR,2022-05-27 12:55:06,2022-05-27 12:55:29
2022-05-27 23:53:43,2022-05-27 23:54:15,Doing_Resistance_Training,annotator,HIGH LEVEL BEHAVIOR,2022-05-27 12:55:29,2022-05-27 12:56:01
2022-05-27 23:54:15,2022-05-27 23:54:41,Doing_Resistance_Training,annotator,HIGH LEVEL BEHAVIOR,2022-05-27 12:56:01,2022-05-27 12:56:27
2022-05-27 23:54:41,2022-05-27 23:55:01,Doing_Resistance_Training,annotator,HIGH LEVEL BEHAVIOR,2022-05-27 12:56:27,2022-05-27 12:56:47
2022-05-27 23:55:01,2022-05-27 23:55:06,Doing_Resistance_Training,annotator,HIGH LEVEL BEHAVIOR,2022-05-27 12:56:47,2022-05-27 12:56:52
2022-05-27 23:55:06,2022-05-27 23:55:19,,annotator,HIGH LEVEL BEHAVIOR,2022-05-27 12:56:52,2022-05-27 12:57:05
2022-05-27 23:55:19,2022-05-27 23:55:22,,annotator,HIGH LEVEL BEHAVIOR,2022-05-27 12:57:05,2022-05-27 12:57:08
2022-05-27 23:55:22,2022-05-27 23:55:32,,annotator,HIGH LEVEL BEHAVIOR,2022-05-27 12:57:08,2022-05-27 12:57:18
2022-05-27 23:55:32,2022-05-27 23:55:39,,annotator,HIGH LEVEL BEHAVIOR,2022-05-27 12:57:18,2022-05-27 12:57:25
2022-05-27 23:55:39,2022-05-27 23:56:11,,annotator,HIGH LEVEL BEHAVIOR,2022-05-27 12:57:25,2022-05-27 12:57:57
2022-05-27 23:56:11,2022-05-27 23:56:16,,annotator,HIGH LEVEL BEHAVIOR,2022-05-27 12:57:57,2022-05-27 12:58:02
2022-05-27 23:56:16,2022-05-27 23:56:29,,annotator,HIGH LEVEL BEHAVIOR,2022-05-27 12:58:02,2022-05-27 12:58:15
2022-05-27 23:56:29,2022-05-27 23:56:34,,annotator,HIGH LEVEL BEHAVIOR,2022-05-27 12:58:15,2022-05-27 12:58:20
2022-05-27 23:56:34,2022-05-27 23:57:20,,annotator,HIGH LEVEL BEHAVIOR,2022-05-27 12:58:20,2022-05-27 12:59:06
2022-05-27 23:57:20,2022-05-27 23:57:42,,annotator,HIGH LEVEL BEHAVIOR,2022-05-27 12:59:06,2022-05-27 12:59:28
2022-05-27 23:57:42,2022-05-27 23:57:54,,annotator,HIGH LEVEL BEHAVIOR,2022-05-27 12:59:28,2022-05-27 12:59:40
2022-05-27 23:57:54,2022-05-27 23:58:26,,annotator,HIGH LEVEL BEHAVIOR,2022-05-27 12:59:40,2022-05-27 13:00:12
2022-05-27 23:58:26,2022-05-27 23:58:35,,annotator,HIGH LEVEL BEHAVIOR,2022-05-27 13:00:12,2022-05-27 13:00:21
2022-05-27 23:58:35,2022-05-27 23:58:46,,annotator,HIGH LEVEL BEHAVIOR,2022-05-27 13:00:21,2022-05-27 13:00:32
2022-05-27 23:58:46,2022-05-27 23:59:08,,annotator,HIGH LEVEL BEHAVIOR,2022-05-27 13:00:32,2022-05-27 13:00:54
2022-05-27 23:59:08,2022-05-27 23:59:49,,annotator,HIGH LEVEL BEHAVIOR,2022-05-27 13:00:54,2022-05-27 13:01:35
2022-05-27 23:59:49,2022-05-28 00:00:47,HLB_Indecipherable/Video_Insufficient,annotator,HIGH LEVEL BEHAVIOR,2022-05-27 13:01:35,2022-05-27 13:02:33
2022-05-28 00:00:47,2022-05-28 00:01:01,,annotator,HIGH LEVEL BEHAVIOR,2022-05-27 13:02:33,2022-05-27 13:02:47
2022-05-28 00:01:01,2022-05-28 00:01:16,,annotator,HIGH LEVEL BEHAVIOR,2022-05-27 13:02:47,2022-05-27 13:03:02
2022-05-28 00:01:16,2022-05-28 00:01:26,,annotator,HIGH LEVEL BEHAVIOR,2022-05-27 13:03:02,2022-05-27 13:03:12
2022-05-28 00:01:26,2022-05-28 00:02:01,In_Transit_Active,annotator,HIGH LEVEL BEHAVIOR,2022-05-27 13:03:12,2022-05-27 13:03:47
2022-05-28 00:02:01,2022-05-28 00:02:14,In_Transit_Active,annotator,HIGH LEVEL BEHAVIOR,2022-05-27 13:03:47,2022-05-27 13:04:00
2022-05-28 00:02:14,2022-05-28 00:02:20,In_Transit_Active,annotator,HIGH LEVEL BEHAVIOR,2022-05-27 13:04:00,2022-05-27 13:04:06
2022-05-28 00:02:20,2022-05-28 00:03:35,In_Transit_Active,annotator,HIGH LEVEL BEHAVIOR,2022-05-27 13:04:06,2022-05-27 13:05:21
2022-05-28 00:03:35,2022-05-28 00:03:48,In_Transit_Active,annotator,HIGH LEVEL BEHAVIOR,2022-05-27 13:05:21,2022-05-27 13:05:34
2022-05-28 00:03:48,2022-05-28 00:06:04,In_Transit_Active,annotator,HIGH LEVEL BEHAVIOR,2022-05-27 13:05:34,2022-05-27 13:07:50
2022-05-28 00:06:04,2022-05-28 00:06:15,In_Transit_Active,annotator,HIGH LEVEL BEHAVIOR,2022-05-27 13:07:50,2022-05-27 13:08:01
2022-05-28 00:06:15,2022-05-28 00:09:24,In_Transit_Active,annotator,HIGH LEVEL BEHAVIOR,2022-05-27 13:08:01,2022-05-27 13:11:10
2022-05-28 00:09:24,2022-05-28 00:10:02,In_Transit_Active,annotator,HIGH LEVEL BEHAVIOR,2022-05-27 13:11:10,2022-05-27 13:11:48
2022-05-28 00:10:02,2022-05-28 00:10:25,,annotator,HIGH LEVEL BEHAVIOR,2022-05-27 13:11:48,2022-05-27 13:12:11
2022-05-28 00:10:25,2022-05-28 00:10:30,,annotator,HIGH LEVEL BEHAVIOR,2022-05-27 13:12:11,2022-05-27 13:12:16
2022-05-28 00:10:30,2022-05-28 00:11:11,Riding_Elevator_Up,annotator,HIGH LEVEL BEHAVIOR,2022-05-27 13:12:16,2022-05-27 13:12:57
2022-05-28 00:11:11,2022-05-28 00:11:21,,annotator,HIGH LEVEL BEHAVIOR,2022-05-27 13:12:57,2022-05-27 13:13:07
2022-05-28 00:11:21,2022-05-28 00:11:25,,annotator,HIGH LEVEL BEHAVIOR,2022-05-27 13:13:07,2022-05-27 13:13:11
2022-05-28 00:11:25,2022-05-28 00:11:35,,annotator,HIGH LEVEL BEHAVIOR,2022-05-27 13:13:11,2022-05-27 13:13:21
2022-05-28 00:11:35,2022-05-28 00:11:46,,annotator,HIGH LEVEL BEHAVIOR,2022-05-27 13:13:21,2022-05-27 13:13:32
2022-05-28 00:11:46,2022-05-28 00:11:55,,annotator,HIGH LEVEL BEHAVIOR,2022-05-27 13:13:32,2022-05-27 13:13:41
2022-05-28 00:11:55,2022-05-28 00:12:07,,annotator,HIGH LEVEL BEHAVIOR,2022-05-27 13:13:41,2022-05-27 13:13:53
2022-05-28 00:12:07,2022-05-28 00:12:16,,annotator,HIGH LEVEL BEHAVIOR,2022-05-27 13:13:53,2022-05-27 13:14:02
2022-05-28 00:12:21,2022-05-28 00:12:29,,annotator,HIGH LEVEL BEHAVIOR,2022-05-27 13:14:07,2022-05-27 13:14:15
2022-05-28 00:12:38,2022-05-28 00:13:16,,annotator,HIGH LEVEL BEHAVIOR,2022-05-27 13:14:24,2022-05-27 13:15:02
2022-05-28 00:13:19,2022-05-28 00:13:26,,annotator,HIGH LEVEL BEHAVIOR,2022-05-27 13:15:05,2022-05-27 13:15:12
2022-05-28 00:13:26,2022-05-28 00:13:52,,annotator,HIGH LEVEL BEHAVIOR,2022-05-27 13:15:12,2022-05-27 13:15:38
2022-05-28 00:13:52,2022-05-28 00:14:01,,annotator,HIGH LEVEL BEHAVIOR,2022-05-27 13:15:38,2022-05-27 13:15:47
2022-05-28 00:14:01,2022-05-28 00:14:06,,annotator,HIGH LEVEL BEHAVIOR,2022-05-27 13:15:47,2022-05-27 13:15:52
2022-05-28 00:14:06,2022-05-28 00:14:21,,annotator,HIGH LEVEL BEHAVIOR,2022-05-27 13:15:52,2022-05-27 13:16:07
2022-05-28 00:14:26,2022-05-28 00:14:40,Cooking/Prepping_Food,annotator,HIGH LEVEL BEHAVIOR,2022-05-27 13:16:12,2022-05-27 13:16:26
2022-05-28 00:14:40,2022-05-28 00:14:59,Cooking/Prepping_Food,annotator,HIGH LEVEL BEHAVIOR,2022-05-27 13:16:26,2022-05-27 13:16:45
2022-05-28 00:15:00,2022-05-28 00:16:17,,annotator,HIGH LEVEL BEHAVIOR,2022-05-27 13:16:46,2022-05-27 13:18:03
2022-05-28 00:16:17,2022-05-28 00:16:20,,annotator,HIGH LEVEL BEHAVIOR,2022-05-27 13:18:03,2022-05-27 13:18:06
2022-05-28 00:16:24,2022-05-28 00:16:38,,annotator,HIGH LEVEL BEHAVIOR,2022-05-27 13:18:10,2022-05-27 13:18:24
2022-05-28 00:16:44,2022-05-28 00:16:56,,annotator,HIGH LEVEL BEHAVIOR,2022-05-27 13:18:30,2022-05-27 13:18:42
2022-05-28 00:17:25,2022-05-28 00:17:28,,annotator,HIGH LEVEL BEHAVIOR,2022-05-27 13:19:11,2022-05-27 13:19:14
2022-05-28 00:17:46,2022-05-28 00:17:59,,annotator,HIGH LEVEL BEHAVIOR,2022-05-27 13:19:32,2022-05-27 13:19:45
2022-05-28 00:18:03,2022-05-28 00:18:09,,annotator,HIGH LEVEL BEHAVIOR,2022-05-27 13:19:49,2022-05-27 13:19:55
2022-05-28 00:18:09,2022-05-28 00:18:22,Meeting _Social_Gathering_In_Person,annotator,HIGH LEVEL BEHAVIOR,2022-05-27 13:19:55,2022-05-27 13:20:08
2022-05-28 00:18:22,2022-05-28 00:18:29,Meeting _Social_Gathering_In_Person,annotator,HIGH LEVEL BEHAVIOR,2022-05-27 13:20:08,2022-05-27 13:20:15
2022-05-28 00:18:32,2022-05-28 00:18:33,Meeting _Social_Gathering_In_Person,annotator,HIGH LEVEL BEHAVIOR,2022-05-27 13:20:18,2022-05-27 13:20:19
2022-05-28 00:18:38,2022-05-28 00:18:56,Meeting _Social_Gathering_In_Person,annotator,HIGH LEVEL BEHAVIOR,2022-05-27 13:20:24,2022-05-27 13:20:42
2022-05-28 00:18:56,2022-05-28 00:19:05,Meeting _Social_Gathering_In_Person,annotator,HIGH LEVEL BEHAVIOR,2022-05-27 13:20:42,2022-05-27 13:20:51
2022-05-28 00:19:10,2022-05-28 00:19:35,,annotator,HIGH LEVEL BEHAVIOR,2022-05-27 13:20:56,2022-05-27 13:21:21
2022-05-28 00:19:35,2022-05-28 00:19:47,,annotator,HIGH LEVEL BEHAVIOR,2022-05-27 13:21:21,2022-05-27 13:21:33
2022-05-28 00:19:53,2022-05-28 00:20:03,,annotator,HIGH LEVEL BEHAVIOR,2022-05-27 13:21:39,2022-05-27 13:21:49
2022-05-28 00:20:03,2022-05-28 00:20:24,,annotator,HIGH LEVEL BEHAVIOR,2022-05-27 13:21:49,2022-05-27 13:22:10
2022-05-28 00:20:24,2022-05-28 00:20:32,,annotator,HIGH LEVEL BEHAVIOR,2022-05-27 13:22:10,2022-05-27 13:22:18
2022-05-28 00:20:38,2022-05-28 00:21:16,,annotator,HIGH LEVEL BEHAVIOR,2022-05-27 13:22:24,2022-05-27 13:23:02
2022-05-28 00:21:16,2022-05-28 00:21:29,,annotator,HIGH LEVEL BEHAVIOR,2022-05-27 13:23:02,2022-05-27 13:23:15
2022-05-28 00:21:29,2022-05-28 00:21:37,,annotator,HIGH LEVEL BEHAVIOR,2022-05-27 13:23:15,2022-05-27 13:23:23
2022-05-28 00:22:21,2022-05-28 00:22:34,,annotator,HIGH LEVEL BEHAVIOR,2022-05-27 13:24:07,2022-05-27 13:24:20
2022-05-28 00:22:34,2022-05-28 00:22:43,,annotator,HIGH LEVEL BEHAVIOR,2022-05-27 13:24:20,2022-05-27 13:24:29
2022-05-28 00:22:43,2022-05-28 00:23:28,,annotator,HIGH LEVEL BEHAVIOR,2022-05-27 13:24:29,2022-05-27 13:25:14
2022-05-28 00:23:28,2022-05-28 00:23:39,,annotator,HIGH LEVEL BEHAVIOR,2022-05-27 13:25:14,2022-05-27 13:25:25
2022-05-28 00:23:39,2022-05-28 00:23:50,,annotator,HIGH LEVEL BEHAVIOR,2022-05-27 13:25:25,2022-05-27 13:25:36
2022-05-28 00:23:50,2022-05-28 00:23:59,,annotator,HIGH LEVEL BEHAVIOR,2022-05-27 13:25:36,2022-05-27 13:25:45
2022-05-28 00:23:59,2022-05-28 00:24:17,,annotator,HIGH LEVEL BEHAVIOR,2022-05-27 13:25:45,2022-05-27 13:26:03
2022-05-28 00:24:17,2022-05-28 00:24:38,,annotator,HIGH LEVEL BEHAVIOR,2022-05-27 13:26:03,2022-05-27 13:26:24
2022-05-28 00:24:38,2022-05-28 00:24:44,,annotator,HIGH LEVEL BEHAVIOR,2022-05-27 13:26:24,2022-05-27 13:26:30
2022-05-28 00:24:44,2022-05-28 00:24:55,,annotator,HIGH LEVEL BEHAVIOR,2022-05-27 13:26:30,2022-05-27 13:26:41
2022-05-28 00:24:55,2022-05-28 00:26:23,,annotator,HIGH LEVEL BEHAVIOR,2022-05-27 13:26:41,2022-05-27 13:28:09
2022-05-28 00:26:23,2022-05-28 00:26:39,,annotator,HIGH LEVEL BEHAVIOR,2022-05-27 13:28:09,2022-05-27 13:28:25
2022-05-28 00:26:39,2022-05-28 00:27:43,,annotator,HIGH LEVEL BEHAVIOR,2022-05-27 13:28:25,2022-05-27 13:29:29
2022-05-28 00:27:43,2022-05-28 00:30:15,Cooking/Prepping_Food,annotator,HIGH LEVEL BEHAVIOR,2022-05-27 13:29:29,2022-05-27 13:32:01
2022-05-28 00:30:38,2022-05-28 00:32:48,Cooking/Prepping_Food,annotator,HIGH LEVEL BEHAVIOR,2022-05-27 13:32:24,2022-05-27 13:34:34
2022-05-28 00:32:48,2022-05-28 00:34:03,,annotator,HIGH LEVEL BEHAVIOR,2022-05-27 13:34:34,2022-05-27 13:35:49
2022-05-28 00:34:07,2022-05-28 00:34:22,,annotator,HIGH LEVEL BEHAVIOR,2022-05-27 13:35:53,2022-05-27 13:36:08
2022-05-28 00:34:25,2022-05-28 00:38:34,Cooking/Prepping_Food,annotator,HIGH LEVEL BEHAVIOR,2022-05-27 13:36:11,2022-05-27 13:40:20
2022-05-28 00:38:34,2022-05-28 00:41:22,,annotator,HIGH LEVEL BEHAVIOR,2022-05-27 13:40:20,2022-05-27 13:43:08
2022-05-28 00:41:22,2022-05-28 00:42:46,Cooking/Prepping_Food,annotator,HIGH LEVEL BEHAVIOR,2022-05-27 13:43:08,2022-05-27 13:44:32
2022-05-28 00:42:46,2022-05-28 00:42:55,Eating/Dining,annotator,HIGH LEVEL BEHAVIOR,2022-05-27 13:44:32,2022-05-27 13:44:41
2022-05-28 00:42:55,2022-05-28 00:43:17,Eating/Dining,annotator,HIGH LEVEL BEHAVIOR,2022-05-27 13:44:41,2022-05-27 13:45:03
2022-05-28 00:43:17,2022-05-28 00:43:17,Eating/Dining,annotator,HIGH LEVEL BEHAVIOR,2022-05-27 13:45:03,2022-05-27 13:45:03
2022-05-28 00:43:19,2022-05-28 00:46:15,Eating/Dining,annotator,HIGH LEVEL BEHAVIOR,2022-05-27 13:45:05,2022-05-27 13:48:01
2022-05-28 00:46:14,2022-05-28 00:46:15,Eating/Dining,annotator,HIGH LEVEL BEHAVIOR,2022-05-27 13:48:00,2022-05-27 13:48:01
2022-05-28 00:46:18,2022-05-28 00:47:54,,annotator,HIGH LEVEL BEHAVIOR,2022-05-27 13:48:04,2022-05-27 13:49:40
2022-05-28 00:47:54,2022-05-28 00:48:21,Eating/Dining,annotator,HIGH LEVEL BEHAVIOR,2022-05-27 13:49:40,2022-05-27 13:50:07
2022-05-28 00:48:22,2022-05-28 00:52:04,Eating/Dining,annotator,HIGH LEVEL BEHAVIOR,2022-05-27 13:50:08,2022-05-27 13:53:50
2022-05-28 00:52:04,2022-05-28 00:52:35,Eating/Dining,annotator,HIGH LEVEL BEHAVIOR,2022-05-27 13:53:50,2022-05-27 13:54:21
2022-05-28 00:52:35,2022-05-28 00:52:47,,annotator,HIGH LEVEL BEHAVIOR,2022-05-27 13:54:21,2022-05-27 13:54:33
2022-05-28 00:52:47,2022-05-28 00:53:22,,annotator,HIGH LEVEL BEHAVIOR,2022-05-27 13:54:33,2022-05-27 13:55:08
2022-05-28 00:53:22,2022-05-28 00:53:49,,annotator,HIGH LEVEL BEHAVIOR,2022-05-27 13:55:08,2022-05-27 13:55:35
2022-05-28 00:53:49,2022-05-28 00:54:19,,annotator,HIGH LEVEL BEHAVIOR,2022-05-27 13:55:35,2022-05-27 13:56:05
2022-05-28 00:54:19,2022-05-28 00:54:28,In_Transit_Active,annotator,HIGH LEVEL BEHAVIOR,2022-05-27 13:56:05,2022-05-27 13:56:14
2022-05-28 00:54:28,2022-05-28 00:54:44,In_Transit_Active,annotator,HIGH LEVEL BEHAVIOR,2022-05-27 13:56:14,2022-05-27 13:56:30
2022-05-28 00:54:44,2022-05-28 00:54:49,In_Transit_Active,annotator,HIGH LEVEL BEHAVIOR,2022-05-27 13:56:30,2022-05-27 13:56:35
2022-05-28 00:54:49,2022-05-28 00:55:28,In_Transit_Active, Riding_Elevator_Down,annotator,HIGH LEVEL BEHAVIOR,2022-05-27 13:56:35,2022-05-27 13:57:14
2022-05-28 00:55:28,2022-05-28 00:55:59,In_Transit_Active,annotator,HIGH LEVEL BEHAVIOR,2022-05-27 13:57:14,2022-05-27 13:57:45
2022-05-28 00:55:59,2022-05-28 00:56:08,In_Transit_Active,annotator,HIGH LEVEL BEHAVIOR,2022-05-27 13:57:45,2022-05-27 13:57:54
2022-05-28 00:56:08,2022-05-28 00:59:04,In_Transit_Active,annotator,HIGH LEVEL BEHAVIOR,2022-05-27 13:57:54,2022-05-27 14:00:50
2022-05-28 00:59:11,2022-05-28 00:59:14,In_Transit_Active,annotator,HIGH LEVEL BEHAVIOR,2022-05-27 14:00:57,2022-05-27 14:01:00
2022-05-28 00:59:17,2022-05-28 01:00:15,In_Transit_Active,annotator,HIGH LEVEL BEHAVIOR,2022-05-27 14:01:03,2022-05-27 14:02:01
2022-05-28 01:00:23,2022-05-28 01:02:15,In_Transit_Active,annotator,HIGH LEVEL BEHAVIOR,2022-05-27 14:02:09,2022-05-27 14:04:01
2022-05-28 01:02:17,2022-05-28 01:02:35,In_Transit_Active,annotator,HIGH LEVEL BEHAVIOR,2022-05-27 14:04:03,2022-05-27 14:04:21
2022-05-28 01:02:35,2022-05-28 01:03:27,In_Transit_Active,annotator,HIGH LEVEL BEHAVIOR,2022-05-27 14:04:21,2022-05-27 14:05:13
2022-05-28 01:02:37,2022-05-28 01:02:37,In_Transit_Active,annotator,HIGH LEVEL BEHAVIOR,2022-05-27 14:04:23,2022-05-27 14:04:23
2022-05-28 01:03:27,2022-05-28 01:03:39,In_Transit_Active,annotator,HIGH LEVEL BEHAVIOR,2022-05-27 14:05:13,2022-05-27 14:05:25
2022-05-28 01:03:39,2022-05-28 01:04:18,,annotator,HIGH LEVEL BEHAVIOR,2022-05-27 14:05:25,2022-05-27 14:06:04
2022-05-28 01:04:18,2022-05-28 01:05:38,,annotator,HIGH LEVEL BEHAVIOR,2022-05-27 14:06:04,2022-05-27 14:07:24
2022-05-28 01:05:40,2022-05-28 01:07:46,HLB_Indecipherable/Video_Insufficient,annotator,HIGH LEVEL BEHAVIOR,2022-05-27 14:07:26,2022-05-27 14:09:32
2022-05-28 01:07:46,2022-05-28 01:08:11,,annotator,HIGH LEVEL BEHAVIOR,2022-05-27 14:09:32,2022-05-27 14:09:57
2022-05-28 01:08:11,2022-05-28 01:10:26,,annotator,HIGH LEVEL BEHAVIOR,2022-05-27 14:09:57,2022-05-27 14:12:12
2022-05-28 01:10:29,2022-05-28 01:10:44,,annotator,HIGH LEVEL BEHAVIOR,2022-05-27 14:12:15,2022-05-27 14:12:30
2022-05-28 01:10:55,2022-05-28 01:17:03,,annotator,HIGH LEVEL BEHAVIOR,2022-05-27 14:12:41,2022-05-27 14:18:49
2022-05-28 01:17:03,2022-05-28 01:18:00,,annotator,HIGH LEVEL BEHAVIOR,2022-05-27 14:18:49,2022-05-27 14:19:46
2022-05-28 01:18:00,2022-05-28 01:19:38,In_Transit_Active,annotator,HIGH LEVEL BEHAVIOR,2022-05-27 14:19:46,2022-05-27 14:21:24
2022-05-28 01:19:41,2022-05-28 01:23:55,In_Transit_Active,annotator,HIGH LEVEL BEHAVIOR,2022-05-27 14:21:27,2022-05-27 14:25:41
2022-05-28 01:23:58,2022-05-28 01:24:30,In_Transit_Active,annotator,HIGH LEVEL BEHAVIOR,2022-05-27 14:25:44,2022-05-27 14:26:16
2022-05-28 01:24:30,2022-05-28 01:24:58,In_Transit_Active,annotator,HIGH LEVEL BEHAVIOR,2022-05-27 14:26:16,2022-05-27 14:26:44
2022-05-28 01:24:58,2022-05-28 01:25:01,In_Transit_Active,annotator,HIGH LEVEL BEHAVIOR,2022-05-27 14:26:44,2022-05-27 14:26:47
2022-05-28 01:25:01,2022-05-28 01:25:17,In_Transit_Active, Riding_Elevator_Up,annotator,HIGH LEVEL BEHAVIOR,2022-05-27 14:26:47,2022-05-27 14:27:03
2022-05-28 01:25:17,2022-05-28 01:25:40,In_Transit_Active, Riding_Elevator_Up,annotator,HIGH LEVEL BEHAVIOR,2022-05-27 14:27:03,2022-05-27 14:27:26
2022-05-28 01:25:40,2022-05-28 01:25:52,In_Transit_Active,annotator,HIGH LEVEL BEHAVIOR,2022-05-27 14:27:26,2022-05-27 14:27:38
2022-05-28 01:25:52,2022-05-28 01:26:02,In_Transit_Active,annotator,HIGH LEVEL BEHAVIOR,2022-05-27 14:27:38,2022-05-27 14:27:48
2022-05-28 01:26:02,2022-05-28 01:26:16,,annotator,HIGH LEVEL BEHAVIOR,2022-05-27 14:27:48,2022-05-27 14:28:02
2022-05-28 01:26:16,2022-05-28 01:26:31,,annotator,HIGH LEVEL BEHAVIOR,2022-05-27 14:28:02,2022-05-27 14:28:17
2022-05-28 01:26:31,2022-05-28 01:26:46,,annotator,HIGH LEVEL BEHAVIOR,2022-05-27 14:28:17,2022-05-27 14:28:32
2022-05-28 01:26:46,2022-05-28 01:26:53,Doing_Dishes,annotator,HIGH LEVEL BEHAVIOR,2022-05-27 14:28:32,2022-05-27 14:28:39
2022-05-28 01:26:53,2022-05-28 01:26:58,Doing_Dishes,annotator,HIGH LEVEL BEHAVIOR,2022-05-27 14:28:39,2022-05-27 14:28:44
2022-05-28 01:26:58,2022-05-28 01:28:15,Doing_Dishes,annotator,HIGH LEVEL BEHAVIOR,2022-05-27 14:28:44,2022-05-27 14:30:01
2022-05-28 01:28:15,2022-05-28 01:28:26,,annotator,HIGH LEVEL BEHAVIOR,2022-05-27 14:30:01,2022-05-27 14:30:12
2022-05-28 01:28:28,2022-05-28 01:28:33,,annotator,HIGH LEVEL BEHAVIOR,2022-05-27 14:30:14,2022-05-27 14:30:19
2022-05-28 01:28:33,2022-05-28 01:28:38,,annotator,HIGH LEVEL BEHAVIOR,2022-05-27 14:30:19,2022-05-27 14:30:24
2022-05-28 01:28:38,2022-05-28 01:28:50,,annotator,HIGH LEVEL BEHAVIOR,2022-05-27 14:30:24,2022-05-27 14:30:36
2022-05-28 01:28:50,2022-05-28 01:29:14,,annotator,HIGH LEVEL BEHAVIOR,2022-05-27 14:30:36,2022-05-27 14:31:00
2022-05-28 01:29:14,2022-05-28 01:53:15,Relaxing_Passive,annotator,HIGH LEVEL BEHAVIOR,2022-05-27 14:31:00,2022-05-27 14:55:01
2022-05-28 01:53:15,2022-05-28 01:54:16,Relaxing_Passive,annotator,HIGH LEVEL BEHAVIOR,2022-05-27 14:55:01,2022-05-27 14:56:02
2022-05-28 01:54:16,2022-05-28 01:55:03,Relaxing_Passive,annotator,HIGH LEVEL BEHAVIOR,2022-05-27 14:56:02,2022-05-27 14:56:49
2022-05-28 01:55:03,2022-05-28 01:57:37,Relaxing_Passive,annotator,HIGH LEVEL BEHAVIOR,2022-05-27 14:56:49,2022-05-27 14:59:23
2022-05-28 01:57:37,2022-05-28 02:00:18,Relaxing_Passive,annotator,HIGH LEVEL BEHAVIOR,2022-05-27 14:59:23,2022-05-27 15:02:04
2022-05-28 02:00:18,2022-05-28 02:01:40,Relaxing_Passive,annotator,HIGH LEVEL BEHAVIOR,2022-05-27 15:02:04,2022-05-27 15:03:26
2022-05-28 02:01:40,2022-05-28 02:01:53,Relaxing_Passive,annotator,HIGH LEVEL BEHAVIOR,2022-05-27 15:03:26,2022-05-27 15:03:39
2022-05-28 02:01:53,2022-05-28 02:06:34,HLB_Indecipherable/Video_Insufficient,annotator,HIGH LEVEL BEHAVIOR,2022-05-27 15:03:39,2022-05-27 15:08:20
2022-05-28 02:06:34,2022-05-28 02:09:57,Relaxing_Passive,annotator,HIGH LEVEL BEHAVIOR,2022-05-27 15:08:20,2022-05-27 15:11:43
2022-05-28 02:09:57,2022-05-28 02:25:38,Relaxing_Passive,annotator,HIGH LEVEL BEHAVIOR,2022-05-27 15:11:43,2022-05-27 15:27:24
2022-05-28 02:25:38,2022-05-28 02:27:43,Relaxing_Passive,annotator,HIGH LEVEL BEHAVIOR,2022-05-27 15:27:24,2022-05-27 15:29:29
2022-05-28 02:27:43,2022-05-28 02:28:04,,annotator,HIGH LEVEL BEHAVIOR,2022-05-27 15:29:29,2022-05-27 15:29:50
2022-05-28 02:28:08,2022-05-28 02:28:46,Using_Computer/Screen,annotator,HIGH LEVEL BEHAVIOR,2022-05-27 15:29:54,2022-05-27 15:30:32
2022-05-28 02:28:46,2022-05-28 02:29:29,Using_Computer/Screen,annotator,HIGH LEVEL BEHAVIOR,2022-05-27 15:30:32,2022-05-27 15:31:15
2022-05-28 02:29:29,2022-05-28 02:30:47,Using_Computer/Screen,annotator,HIGH LEVEL BEHAVIOR,2022-05-27 15:31:15,2022-05-27 15:32:33
2022-05-28 02:30:47,2022-05-28 02:31:17,Using_Computer/Screen,annotator,HIGH LEVEL BEHAVIOR,2022-05-27 15:32:33,2022-05-27 15:33:03
2022-05-28 02:31:17,2022-05-28 02:35:05,Using_Computer/Screen,annotator,HIGH LEVEL BEHAVIOR,2022-05-27 15:33:03,2022-05-27 15:36:51
2022-05-28 02:35:12,2022-05-28 02:38:28,Using_Computer/Screen,annotator,HIGH LEVEL BEHAVIOR,2022-05-27 15:36:58,2022-05-27 15:40:14
2022-05-28 02:38:28,2022-05-28 02:40:26,Using_Computer/Screen,annotator,HIGH LEVEL BEHAVIOR,2022-05-27 15:40:14,2022-05-27 15:42:12
2022-05-28 02:40:26,2022-05-28 02:42:27,Using_Computer/Screen,annotator,HIGH LEVEL BEHAVIOR,2022-05-27 15:42:12,2022-05-27 15:44:13
2022-05-28 02:42:27,2022-05-28 02:43:22,Using_Computer/Screen,annotator,HIGH LEVEL BEHAVIOR,2022-05-27 15:44:13,2022-05-27 15:45:08
2022-05-28 02:43:22,2022-05-28 02:43:53,Using_Computer/Screen,annotator,HIGH LEVEL BEHAVIOR,2022-05-27 15:45:08,2022-05-27 15:45:39
2022-05-28 02:43:53,2022-05-28 02:47:08,Using_Computer/Screen,annotator,HIGH LEVEL BEHAVIOR,2022-05-27 15:45:39,2022-05-27 15:48:54
2022-05-28 02:47:08,2022-05-28 02:53:18,Using_Computer/Screen,annotator,HIGH LEVEL BEHAVIOR,2022-05-27 15:48:54,2022-05-27 15:55:04
2022-05-28 02:53:31,2022-05-28 03:10:36,HLB_Indecipherable/Video_Insufficient,annotator,HIGH LEVEL BEHAVIOR,2022-05-27 15:55:17,2022-05-27 16:12:22
2022-05-28 03:10:36,2022-05-28 03:11:16,,annotator,HIGH LEVEL BEHAVIOR,2022-05-27 16:12:22,2022-05-27 16:13:02
2022-05-28 03:11:16,2022-05-28 03:13:06,Using_Computer/Screen,annotator,HIGH LEVEL BEHAVIOR,2022-05-27 16:13:02,2022-05-27 16:14:52
2022-05-28 03:13:06,2022-05-28 03:13:23,Using_Computer/Screen,annotator,HIGH LEVEL BEHAVIOR,2022-05-27 16:14:52,2022-05-27 16:15:09
2022-05-28 03:13:23,2022-05-28 03:13:57,Using_Computer/Screen,annotator,HIGH LEVEL BEHAVIOR,2022-05-27 16:15:09,2022-05-27 16:15:43
2022-05-28 03:14:07,2022-05-28 03:15:01,Using_Computer/Screen,annotator,HIGH LEVEL BEHAVIOR,2022-05-27 16:15:53,2022-05-27 16:16:47
2022-05-28 03:15:12,2022-05-28 03:16:30,Using_Computer/Screen,annotator,HIGH LEVEL BEHAVIOR,2022-05-27 16:16:58,2022-05-27 16:18:16
2022-05-28 03:16:47,2022-05-28 03:19:26,Using_Computer/Screen,annotator,HIGH LEVEL BEHAVIOR,2022-05-27 16:18:33,2022-05-27 16:21:12
2022-05-28 03:19:42,2022-05-28 03:20:25,Using_Computer/Screen,annotator,HIGH LEVEL BEHAVIOR,2022-05-27 16:21:28,2022-05-27 16:22:11
2022-05-28 03:20:25,2022-05-28 03:21:36,Using_Computer/Screen,annotator,HIGH LEVEL BEHAVIOR,2022-05-27 16:22:11,2022-05-27 16:23:22
2022-05-28 03:21:36,2022-05-28 03:23:00,Using_Computer/Screen,annotator,HIGH LEVEL BEHAVIOR,2022-05-27 16:23:22,2022-05-27 16:24:46
2022-05-28 03:23:22,2022-05-28 03:24:34,Using_Computer/Screen,annotator,HIGH LEVEL BEHAVIOR,2022-05-27 16:25:08,2022-05-27 16:26:20
2022-05-28 03:24:34,2022-05-28 03:24:53,Using_Computer/Screen,annotator,HIGH LEVEL BEHAVIOR,2022-05-27 16:26:20,2022-05-27 16:26:39
2022-05-28 03:24:53,2022-05-28 03:25:22,Using_Computer/Screen,annotator,HIGH LEVEL BEHAVIOR,2022-05-27 16:26:39,2022-05-27 16:27:08
2022-05-28 03:25:22,2022-05-28 03:25:56,Using_Computer/Screen,annotator,HIGH LEVEL BEHAVIOR,2022-05-27 16:27:08,2022-05-27 16:27:42
2022-05-28 03:26:07,2022-05-28 03:27:10,Using_Computer/Screen,annotator,HIGH LEVEL BEHAVIOR,2022-05-27 16:27:53,2022-05-27 16:28:56
2022-05-28 03:27:17,2022-05-28 03:28:05,Using_Computer/Screen,annotator,HIGH LEVEL BEHAVIOR,2022-05-27 16:29:03,2022-05-27 16:29:51
2022-05-28 03:28:05,2022-05-28 03:29:06,Using_Computer/Screen,annotator,HIGH LEVEL BEHAVIOR,2022-05-27 16:29:51,2022-05-27 16:30:52
2022-05-28 03:29:16,2022-05-28 03:29:27,Using_Computer/Screen,annotator,HIGH LEVEL BEHAVIOR,2022-05-27 16:31:02,2022-05-27 16:31:13
2022-05-28 03:29:27,2022-05-28 03:30:07,Using_Computer/Screen,annotator,HIGH LEVEL BEHAVIOR,2022-05-27 16:31:13,2022-05-27 16:31:53
2022-05-28 03:30:07,2022-05-28 03:31:47,Using_Computer/Screen,annotator,HIGH LEVEL BEHAVIOR,2022-05-27 16:31:53,2022-05-27 16:33:33
2022-05-28 03:31:47,2022-05-28 03:40:26,Using_Computer/Screen,annotator,HIGH LEVEL BEHAVIOR,2022-05-27 16:33:33,2022-05-27 16:42:12
2022-05-28 03:40:26,2022-05-28 03:41:15,Using_Computer/Screen,annotator,HIGH LEVEL BEHAVIOR,2022-05-27 16:42:12,2022-05-27 16:43:01
2022-05-28 03:41:15,2022-05-28 03:42:16,Using_Computer/Screen,annotator,HIGH LEVEL BEHAVIOR,2022-05-27 16:43:01,2022-05-27 16:44:02
2022-05-28 03:42:16,2022-05-28 03:43:09,Using_Computer/Screen,annotator,HIGH LEVEL BEHAVIOR,2022-05-27 16:44:02,2022-05-27 16:44:55
2022-05-28 03:43:09,2022-05-28 03:55:42,Using_Computer/Screen,annotator,HIGH LEVEL BEHAVIOR,2022-05-27 16:44:55,2022-05-27 16:57:28
2022-05-28 03:55:42,2022-05-28 04:09:31,Using_Computer/Screen,annotator,HIGH LEVEL BEHAVIOR,2022-05-27 16:57:28,2022-05-27 17:11:17
2022-05-28 04:09:53,2022-05-28 04:13:00,Using_Computer/Screen,annotator,HIGH LEVEL BEHAVIOR,2022-05-27 17:11:39,2022-05-27 17:14:46
2022-05-28 04:13:00,2022-05-28 04:23:47,Using_Computer/Screen,annotator,HIGH LEVEL BEHAVIOR,2022-05-27 17:14:46,2022-05-27 17:25:33
2022-05-28 04:23:49,2022-05-28 04:24:44,Using_Computer/Screen,annotator,HIGH LEVEL BEHAVIOR,2022-05-27 17:25:35,2022-05-27 17:26:30
