START_TIME,STOP_TIME,PREDICTION,SOURCE,LABELSET,VIDEO_START_TIME,VIDEO_END_TIME
2022-01-23 11:53:14,2022-01-23 11:53:25,Free_Living,annotator,Experimental situation,2022-01-23 00:00:32,2022-01-23 00:00:43
2022-01-23 11:53:26,2022-01-23 11:53:47,Free_Living,annotator,Experimental situation,2022-01-23 00:00:44,2022-01-23 00:01:05
2022-01-23 11:53:50,2022-01-23 11:54:04,Free_Living,annotator,Experimental situation,2022-01-23 00:01:08,2022-01-23 00:01:22
2022-01-23 11:54:06,2022-01-23 11:55:20,Free_Living,annotator,Experimental situation,2022-01-23 00:01:24,2022-01-23 00:02:38
2022-01-23 11:55:21,2022-01-23 11:56:30,Free_Living,annotator,Experimental situation,2022-01-23 00:02:39,2022-01-23 00:03:48
2022-01-23 11:56:37,2022-01-23 11:56:49,Free_Living,annotator,Experimental situation,2022-01-23 00:03:55,2022-01-23 00:04:07
2022-01-23 11:56:51,2022-01-23 11:57:17,Free_Living,annotator,Experimental situation,2022-01-23 00:04:09,2022-01-23 00:04:35
2022-01-23 11:57:20,2022-01-23 11:57:56,Free_Living,annotator,Experimental situation,2022-01-23 00:04:38,2022-01-23 00:05:14
2022-01-23 11:58:07,2022-01-23 11:59:09,Free_Living,annotator,Experimental situation,2022-01-23 00:05:25,2022-01-23 00:06:27
2022-01-23 11:59:12,2022-01-23 11:59:41,Free_Living,annotator,Experimental situation,2022-01-23 00:06:30,2022-01-23 00:06:59
2022-01-23 11:59:55,2022-01-23 12:01:15,Free_Living,annotator,Experimental situation,2022-01-23 00:07:13,2022-01-23 00:08:33
2022-01-23 12:01:22,2022-01-23 12:01:44,Free_Living,annotator,Experimental situation,2022-01-23 00:08:40,2022-01-23 00:09:02
2022-01-23 12:01:54,2022-01-23 12:03:15,Free_Living,annotator,Experimental situation,2022-01-23 00:09:12,2022-01-23 00:10:33
2022-01-23 12:03:21,2022-01-23 12:11:36,Free_Living,annotator,Experimental situation,2022-01-23 00:10:39,2022-01-23 00:18:54
2022-01-23 12:11:40,2022-01-23 12:14:25,Free_Living,annotator,Experimental situation,2022-01-23 00:18:58,2022-01-23 00:21:43
2022-01-23 12:14:34,2022-01-23 12:15:49,Free_Living,annotator,Experimental situation,2022-01-23 00:21:52,2022-01-23 00:23:07
2022-01-23 12:15:58,2022-01-23 12:16:22,Free_Living,annotator,Experimental situation,2022-01-23 00:23:16,2022-01-23 00:23:40
2022-01-23 12:16:37,2022-01-23 12:20:18,Free_Living,annotator,Experimental situation,2022-01-23 00:23:55,2022-01-23 00:27:36
2022-01-23 12:20:23,2022-01-23 12:20:48,Free_Living,annotator,Experimental situation,2022-01-23 00:27:41,2022-01-23 00:28:06
2022-01-23 12:20:50,2022-01-23 12:21:05,Free_Living,annotator,Experimental situation,2022-01-23 00:28:08,2022-01-23 00:28:23
2022-01-23 12:21:17,2022-01-23 12:22:53,Free_Living,annotator,Experimental situation,2022-01-23 00:28:35,2022-01-23 00:30:11
2022-01-23 12:23:05,2022-01-23 12:29:47,Free_Living,annotator,Experimental situation,2022-01-23 00:30:23,2022-01-23 00:37:05
2022-01-23 12:30:26,2022-01-23 12:33:45,Free_Living,annotator,Experimental situation,2022-01-23 00:37:44,2022-01-23 00:41:03
2022-01-23 12:34:03,2022-01-23 12:34:25,Free_Living,annotator,Experimental situation,2022-01-23 00:41:21,2022-01-23 00:41:43
2022-01-23 12:34:27,2022-01-23 12:34:37,Free_Living,annotator,Experimental situation,2022-01-23 00:41:45,2022-01-23 00:41:55
2022-01-23 12:34:53,2022-01-23 12:38:43,Free_Living,annotator,Experimental situation,2022-01-23 00:42:11,2022-01-23 00:46:01
2022-01-23 12:39:10,2022-01-23 12:44:46,Free_Living,annotator,Experimental situation,2022-01-23 00:46:28,2022-01-23 00:52:04
2022-01-23 12:44:49,2022-01-23 12:46:07,Free_Living,annotator,Experimental situation,2022-01-23 00:52:07,2022-01-23 00:53:25
2022-01-23 12:46:08,2022-01-23 12:47:22,Free_Living,annotator,Experimental situation,2022-01-23 00:53:26,2022-01-23 00:54:40
2022-01-23 12:47:26,2022-01-23 13:04:41,Free_Living,annotator,Experimental situation,2022-01-23 00:54:44,2022-01-23 01:11:59
2022-01-23 13:05:27,2022-01-23 13:06:06,Free_Living,annotator,Experimental situation,2022-01-23 01:12:45,2022-01-23 01:13:24
2022-01-23 13:06:10,2022-01-23 13:06:40,Free_Living,annotator,Experimental situation,2022-01-23 01:13:28,2022-01-23 01:13:58
2022-01-23 13:06:57,2022-01-23 13:15:56,Free_Living,annotator,Experimental situation,2022-01-23 01:14:15,2022-01-23 01:23:14
2022-01-23 13:15:59,2022-01-23 13:16:27,Free_Living,annotator,Experimental situation,2022-01-23 01:23:17,2022-01-23 01:23:45
2022-01-23 13:16:37,2022-01-23 13:16:43,Free_Living,annotator,Experimental situation,2022-01-23 01:23:55,2022-01-23 01:24:01
2022-01-23 13:16:48,2022-01-23 13:17:04,Free_Living,annotator,Experimental situation,2022-01-23 01:24:06,2022-01-23 01:24:22
2022-01-23 13:17:16,2022-01-23 13:17:48,Free_Living,annotator,Experimental situation,2022-01-23 01:24:34,2022-01-23 01:25:06
2022-01-23 13:17:50,2022-01-23 13:18:40,Free_Living,annotator,Experimental situation,2022-01-23 01:25:08,2022-01-23 01:25:58
2022-01-23 13:18:44,2022-01-23 13:19:04,Free_Living,annotator,Experimental situation,2022-01-23 01:26:02,2022-01-23 01:26:22
2022-01-23 13:19:13,2022-01-23 13:24:48,Free_Living,annotator,Experimental situation,2022-01-23 01:26:31,2022-01-23 01:32:06
2022-01-23 13:24:53,2022-01-23 13:25:05,Free_Living,annotator,Experimental situation,2022-01-23 01:32:11,2022-01-23 01:32:23
2022-01-23 13:25:40,2022-01-23 13:25:51,Free_Living,annotator,Experimental situation,2022-01-23 01:32:58,2022-01-23 01:33:09
2022-01-23 13:25:55,2022-01-23 13:26:57,Free_Living,annotator,Experimental situation,2022-01-23 01:33:13,2022-01-23 01:34:15
2022-01-23 13:27:02,2022-01-23 13:28:29,Free_Living,annotator,Experimental situation,2022-01-23 01:34:20,2022-01-23 01:35:47
2022-01-23 13:28:30,2022-01-23 13:29:39,Free_Living,annotator,Experimental situation,2022-01-23 01:35:48,2022-01-23 01:36:57
2022-01-23 13:29:43,2022-01-23 13:30:52,Free_Living,annotator,Experimental situation,2022-01-23 01:37:01,2022-01-23 01:38:10
2022-01-23 13:31:04,2022-01-23 13:31:53,Free_Living,annotator,Experimental situation,2022-01-23 01:38:22,2022-01-23 01:39:11
2022-01-23 13:32:08,2022-01-23 13:33:26,Free_Living,annotator,Experimental situation,2022-01-23 01:39:26,2022-01-23 01:40:44
2022-01-23 13:33:31,2022-01-23 13:40:56,Free_Living,annotator,Experimental situation,2022-01-23 01:40:49,2022-01-23 01:48:14
2022-01-23 13:41:08,2022-01-23 13:41:46,Free_Living,annotator,Experimental situation,2022-01-23 01:48:26,2022-01-23 01:49:04
2022-01-23 13:41:50,2022-01-23 13:45:18,Free_Living,annotator,Experimental situation,2022-01-23 01:49:08,2022-01-23 01:52:36
2022-01-23 13:45:19,2022-01-23 13:52:35,Free_Living,annotator,Experimental situation,2022-01-23 01:52:37,2022-01-23 01:59:53
2022-01-23 13:52:43,2022-01-23 13:54:21,Free_Living,annotator,Experimental situation,2022-01-23 02:00:01,2022-01-23 02:01:39
2022-01-23 13:54:24,2022-01-23 13:54:49,Free_Living,annotator,Experimental situation,2022-01-23 02:01:42,2022-01-23 02:02:07
2022-01-23 13:54:52,2022-01-23 13:55:17,Free_Living,annotator,Experimental situation,2022-01-23 02:02:10,2022-01-23 02:02:35
2022-01-23 13:55:37,2022-01-23 13:57:31,Free_Living,annotator,Experimental situation,2022-01-23 02:02:55,2022-01-23 02:04:49
2022-01-23 13:57:34,2022-01-23 13:59:04,Free_Living,annotator,Experimental situation,2022-01-23 02:04:52,2022-01-23 02:06:22
2022-01-23 13:59:09,2022-01-23 14:05:46,Free_Living,annotator,Experimental situation,2022-01-23 02:06:27,2022-01-23 02:13:04
2022-01-23 14:05:49,2022-01-23 14:08:44,Free_Living,annotator,Experimental situation,2022-01-23 02:13:07,2022-01-23 02:16:02
2022-01-23 14:08:51,2022-01-23 14:20:01,Free_Living,annotator,Experimental situation,2022-01-23 02:16:09,2022-01-23 02:27:19
2022-01-23 14:20:05,2022-01-23 14:23:34,Free_Living,annotator,Experimental situation,2022-01-23 02:27:23,2022-01-23 02:30:52
2022-01-23 14:23:39,2022-01-23 14:46:44,Free_Living,annotator,Experimental situation,2022-01-23 02:30:57,2022-01-23 02:54:02
2022-01-23 14:46:48,2022-01-23 14:51:59,Free_Living,annotator,Experimental situation,2022-01-23 02:54:06,2022-01-23 02:59:17
2022-01-23 14:52:21,2022-01-23 14:52:57,Free_Living,annotator,Experimental situation,2022-01-23 02:59:39,2022-01-23 03:00:15
2022-01-23 14:52:59,2022-01-23 14:54:00,Free_Living,annotator,Experimental situation,2022-01-23 03:00:17,2022-01-23 03:01:18
2022-01-23 14:54:14,2022-01-23 14:56:11,Free_Living,annotator,Experimental situation,2022-01-23 03:01:32,2022-01-23 03:03:29
2022-01-23 14:56:19,2022-01-23 14:57:37,Free_Living,annotator,Experimental situation,2022-01-23 03:03:37,2022-01-23 03:04:55
2022-01-23 14:57:57,2022-01-23 14:58:05,Free_Living,annotator,Experimental situation,2022-01-23 03:05:15,2022-01-23 03:05:23
2022-01-23 14:58:07,2022-01-23 14:58:19,Free_Living,annotator,Experimental situation,2022-01-23 03:05:25,2022-01-23 03:05:37
2022-01-23 14:58:25,2022-01-23 14:59:36,Free_Living,annotator,Experimental situation,2022-01-23 03:05:43,2022-01-23 03:06:54
2022-01-23 14:59:39,2022-01-23 14:59:46,Free_Living,annotator,Experimental situation,2022-01-23 03:06:57,2022-01-23 03:07:04
2022-01-23 14:59:58,2022-01-23 15:02:04,Free_Living,annotator,Experimental situation,2022-01-23 03:07:16,2022-01-23 03:09:22
2022-01-23 15:02:11,2022-01-23 15:06:56,Free_Living,annotator,Experimental situation,2022-01-23 03:09:29,2022-01-23 03:14:14
2022-01-23 15:07:08,2022-01-23 15:48:10,Free_Living,annotator,Experimental situation,2022-01-23 03:14:26,2022-01-23 03:55:28
2022-01-23 15:48:25,2022-01-23 15:48:56,Free_Living,annotator,Experimental situation,2022-01-23 03:55:43,2022-01-23 03:56:14
2022-01-23 15:49:05,2022-01-23 15:49:26,Free_Living,annotator,Experimental situation,2022-01-23 03:56:23,2022-01-23 03:56:44
2022-01-23 15:49:30,2022-01-23 15:50:30,Free_Living,annotator,Experimental situation,2022-01-23 03:56:48,2022-01-23 03:57:48
2022-01-23 15:50:54,2022-01-23 15:51:09,Free_Living,annotator,Experimental situation,2022-01-23 03:58:12,2022-01-23 03:58:27
2022-01-23 15:51:15,2022-01-23 15:51:51,Free_Living,annotator,Experimental situation,2022-01-23 03:58:33,2022-01-23 03:59:09
2022-01-23 15:52:07,2022-01-23 16:03:38,Free_Living,annotator,Experimental situation,2022-01-23 03:59:25,2022-01-23 04:10:56
2022-01-23 16:03:41,2022-01-23 16:03:56,Free_Living,annotator,Experimental situation,2022-01-23 04:10:59,2022-01-23 04:11:14
2022-01-23 16:04:05,2022-01-23 16:45:30,Free_Living,annotator,Experimental situation,2022-01-23 04:11:23,2022-01-23 04:52:48
2022-01-23 16:45:46,2022-01-23 16:47:47,Free_Living,annotator,Experimental situation,2022-01-23 04:53:04,2022-01-23 04:55:05
2022-01-23 16:47:55,2022-01-23 16:48:19,Free_Living,annotator,Experimental situation,2022-01-23 04:55:13,2022-01-23 04:55:37
2022-01-23 16:48:54,2022-01-23 16:51:23,Free_Living,annotator,Experimental situation,2022-01-23 04:56:12,2022-01-23 04:58:41
2022-01-23 16:51:25,2022-01-23 16:51:51,Free_Living,annotator,Experimental situation,2022-01-23 04:58:43,2022-01-23 04:59:09
2022-01-23 16:51:54,2022-01-23 16:53:34,Free_Living,annotator,Experimental situation,2022-01-23 04:59:12,2022-01-23 05:00:52
2022-01-23 16:53:40,2022-01-23 17:43:38,Free_Living,annotator,Experimental situation,2022-01-23 05:00:58,2022-01-23 05:50:56
2022-01-23 17:43:51,2022-01-23 17:46:03,Free_Living,annotator,Experimental situation,2022-01-23 05:51:09,2022-01-23 05:53:21
2022-01-23 17:46:44,2022-01-23 17:47:43,Free_Living,annotator,Experimental situation,2022-01-23 05:54:02,2022-01-23 05:55:01
2022-01-23 17:48:04,2022-01-23 17:59:19,Free_Living,annotator,Experimental situation,2022-01-23 05:55:22,2022-01-23 06:06:37
2022-01-23 17:59:26,2022-01-23 18:08:53,Free_Living,annotator,Experimental situation,2022-01-23 06:06:44,2022-01-23 06:16:11
2022-01-23 18:09:31,2022-01-23 18:10:50,Free_Living,annotator,Experimental situation,2022-01-23 06:16:49,2022-01-23 06:18:08
2022-01-23 18:11:02,2022-01-23 18:25:27,Free_Living,annotator,Experimental situation,2022-01-23 06:18:20,2022-01-23 06:32:45
2022-01-23 18:25:45,2022-01-23 18:27:25,Free_Living,annotator,Experimental situation,2022-01-23 06:33:03,2022-01-23 06:34:43
2022-01-23 18:28:03,2022-01-23 18:30:02,Free_Living,annotator,Experimental situation,2022-01-23 06:35:21,2022-01-23 06:37:20
2022-01-23 18:30:05,2022-01-23 18:30:52,Free_Living,annotator,Experimental situation,2022-01-23 06:37:23,2022-01-23 06:38:10
2022-01-23 18:31:01,2022-01-23 18:31:29,Free_Living,annotator,Experimental situation,2022-01-23 06:38:19,2022-01-23 06:38:47
2022-01-23 18:31:44,2022-01-23 18:34:02,Free_Living,annotator,Experimental situation,2022-01-23 06:39:02,2022-01-23 06:41:20
2022-01-23 18:34:25,2022-01-23 18:42:37,Free_Living,annotator,Experimental situation,2022-01-23 06:41:43,2022-01-23 06:49:55
2022-01-23 18:42:41,2022-01-23 18:43:36,Free_Living,annotator,Experimental situation,2022-01-23 06:49:59,2022-01-23 06:50:54
2022-01-23 18:43:39,2022-01-23 18:44:17,Free_Living,annotator,Experimental situation,2022-01-23 06:50:57,2022-01-23 06:51:35
2022-01-23 18:44:21,2022-01-23 18:44:37,Free_Living,annotator,Experimental situation,2022-01-23 06:51:39,2022-01-23 06:51:55
2022-01-23 18:44:40,2022-01-23 18:45:05,Free_Living,annotator,Experimental situation,2022-01-23 06:51:58,2022-01-23 06:52:23
2022-01-23 18:45:11,2022-01-23 18:45:18,Free_Living,annotator,Experimental situation,2022-01-23 06:52:29,2022-01-23 06:52:36
2022-01-23 18:45:21,2022-01-23 18:45:42,Free_Living,annotator,Experimental situation,2022-01-23 06:52:39,2022-01-23 06:53:00
2022-01-23 18:45:45,2022-01-23 18:46:46,Free_Living,annotator,Experimental situation,2022-01-23 06:53:03,2022-01-23 06:54:04
2022-01-23 18:46:50,2022-01-23 18:52:37,Free_Living,annotator,Experimental situation,2022-01-23 06:54:08,2022-01-23 06:59:55
2022-01-23 18:52:48,2022-01-23 18:54:45,Free_Living,annotator,Experimental situation,2022-01-23 07:00:06,2022-01-23 07:02:03
2022-01-23 18:54:51,2022-01-23 18:59:39,Free_Living,annotator,Experimental situation,2022-01-23 07:02:09,2022-01-23 07:06:57
2022-01-23 18:59:48,2022-01-23 19:01:50,Free_Living,annotator,Experimental situation,2022-01-23 07:07:06,2022-01-23 07:09:08
2022-01-23 19:02:06,2022-01-23 19:03:20,Free_Living,annotator,Experimental situation,2022-01-23 07:09:24,2022-01-23 07:10:38
2022-01-23 19:03:30,2022-01-23 19:04:29,Free_Living,annotator,Experimental situation,2022-01-23 07:10:48,2022-01-23 07:11:47
2022-01-23 19:04:37,2022-01-23 19:05:00,Free_Living,annotator,Experimental situation,2022-01-23 07:11:55,2022-01-23 07:12:18
2022-01-23 19:05:05,2022-01-23 19:06:12,Free_Living,annotator,Experimental situation,2022-01-23 07:12:23,2022-01-23 07:13:30
2022-01-23 19:06:14,2022-01-23 19:08:44,Free_Living,annotator,Experimental situation,2022-01-23 07:13:32,2022-01-23 07:16:02
2022-01-23 19:08:53,2022-01-23 19:18:39,Free_Living,annotator,Experimental situation,2022-01-23 07:16:11,2022-01-23 07:25:57
2022-01-23 19:18:54,2022-01-23 19:19:11,Free_Living,annotator,Experimental situation,2022-01-23 07:26:12,2022-01-23 07:26:29
2022-01-23 19:19:28,2022-01-23 19:19:31,Free_Living,annotator,Experimental situation,2022-01-23 07:26:46,2022-01-23 07:26:49
2022-01-23 19:19:38,2022-01-23 19:21:49,Free_Living,annotator,Experimental situation,2022-01-23 07:26:56,2022-01-23 07:29:07
2022-01-23 19:21:54,2022-01-23 19:22:05,Free_Living,annotator,Experimental situation,2022-01-23 07:29:12,2022-01-23 07:29:23
2022-01-23 19:22:11,2022-01-23 19:24:37,Free_Living,annotator,Experimental situation,2022-01-23 07:29:29,2022-01-23 07:31:55
2022-01-23 19:24:43,2022-01-23 19:30:15,Free_Living,annotator,Experimental situation,2022-01-23 07:32:01,2022-01-23 07:37:33
2022-01-23 19:30:25,2022-01-23 19:30:47,Free_Living,annotator,Experimental situation,2022-01-23 07:37:43,2022-01-23 07:38:05
2022-01-23 19:30:50,2022-01-23 19:34:09,Free_Living,annotator,Experimental situation,2022-01-23 07:38:08,2022-01-23 07:41:27
2022-01-23 19:34:13,2022-01-23 19:38:04,Free_Living,annotator,Experimental situation,2022-01-23 07:41:31,2022-01-23 07:45:22
2022-01-23 19:39:07,2022-01-23 20:02:09,Free_Living,annotator,Experimental situation,2022-01-23 07:46:25,2022-01-23 08:09:27
2022-01-23 20:02:16,2022-01-23 20:03:11,Free_Living,annotator,Experimental situation,2022-01-23 08:09:34,2022-01-23 08:10:29
2022-01-23 20:03:24,2022-01-23 20:12:34,Free_Living,annotator,Experimental situation,2022-01-23 08:10:42,2022-01-23 08:19:52
2022-01-23 20:12:37,2022-01-23 20:33:13,Free_Living,annotator,Experimental situation,2022-01-23 08:19:55,2022-01-23 08:40:31
2022-01-23 20:33:25,2022-01-23 20:34:21,Free_Living,annotator,Experimental situation,2022-01-23 08:40:43,2022-01-23 08:41:39
2022-01-23 20:34:25,2022-01-23 20:36:52,Free_Living,annotator,Experimental situation,2022-01-23 08:41:43,2022-01-23 08:44:10
2022-01-23 20:36:56,2022-01-23 20:46:05,Free_Living,annotator,Experimental situation,2022-01-23 08:44:14,2022-01-23 08:53:23
2022-01-23 20:46:19,2022-01-23 20:47:17,Free_Living,annotator,Experimental situation,2022-01-23 08:53:37,2022-01-23 08:54:35
2022-01-23 20:47:22,2022-01-23 20:51:39,Free_Living,annotator,Experimental situation,2022-01-23 08:54:40,2022-01-23 08:58:57
2022-01-23 20:51:44,2022-01-23 20:51:53,Free_Living,annotator,Experimental situation,2022-01-23 08:59:02,2022-01-23 08:59:11
2022-01-23 20:52:10,2022-01-23 20:52:45,Free_Living,annotator,Experimental situation,2022-01-23 08:59:28,2022-01-23 09:00:03
2022-01-23 20:52:52,2022-01-23 20:55:40,Free_Living,annotator,Experimental situation,2022-01-23 09:00:10,2022-01-23 09:02:58
2022-01-23 20:55:56,2022-01-23 20:57:00,Free_Living,annotator,Experimental situation,2022-01-23 09:03:14,2022-01-23 09:04:18
2022-01-23 20:57:13,2022-01-23 21:04:10,Free_Living,annotator,Experimental situation,2022-01-23 09:04:31,2022-01-23 09:11:28
2022-01-23 21:04:19,2022-01-23 21:06:49,Free_Living,annotator,Experimental situation,2022-01-23 09:11:37,2022-01-23 09:14:07
2022-01-23 21:06:53,2022-01-23 21:07:10,Free_Living,annotator,Experimental situation,2022-01-23 09:14:11,2022-01-23 09:14:28
2022-01-23 21:07:19,2022-01-23 21:09:09,Free_Living,annotator,Experimental situation,2022-01-23 09:14:37,2022-01-23 09:16:27
2022-01-23 21:09:39,2022-01-23 21:10:58,Free_Living,annotator,Experimental situation,2022-01-23 09:16:57,2022-01-23 09:18:16
2022-01-23 21:11:36,2022-01-23 21:13:14,Free_Living,annotator,Experimental situation,2022-01-23 09:18:54,2022-01-23 09:20:32
2022-01-23 21:13:37,2022-01-23 21:15:20,Free_Living,annotator,Experimental situation,2022-01-23 09:20:55,2022-01-23 09:22:38
2022-01-23 21:15:30,2022-01-23 21:17:42,Free_Living,annotator,Experimental situation,2022-01-23 09:22:48,2022-01-23 09:25:00
2022-01-23 21:17:46,2022-01-23 21:18:47,Free_Living,annotator,Experimental situation,2022-01-23 09:25:04,2022-01-23 09:26:05
2022-01-23 21:18:53,2022-01-23 21:22:06,Free_Living,annotator,Experimental situation,2022-01-23 09:26:11,2022-01-23 09:29:24
2022-01-23 21:22:23,2022-01-23 21:38:20,Free_Living,annotator,Experimental situation,2022-01-23 09:29:41,2022-01-23 09:45:38
2022-01-23 21:38:55,2022-01-23 21:39:10,Free_Living,annotator,Experimental situation,2022-01-23 09:46:13,2022-01-23 09:46:28
2022-01-23 21:39:14,2022-01-23 21:40:51,Free_Living,annotator,Experimental situation,2022-01-23 09:46:32,2022-01-23 09:48:09
2022-01-23 21:41:17,2022-01-23 21:56:40,Free_Living,annotator,Experimental situation,2022-01-23 09:48:35,2022-01-23 10:03:58
2022-01-23 21:56:46,2022-01-23 22:03:23,Free_Living,annotator,Experimental situation,2022-01-23 10:04:04,2022-01-23 10:10:41
2022-01-23 22:03:46,2022-01-23 22:11:10,Free_Living,annotator,Experimental situation,2022-01-23 10:11:04,2022-01-23 10:18:28
2022-01-23 22:11:19,2022-01-23 22:17:58,Free_Living,annotator,Experimental situation,2022-01-23 10:18:37,2022-01-23 10:25:16
2022-01-23 22:18:34,2022-01-23 22:18:38,Free_Living,annotator,Experimental situation,2022-01-23 10:25:52,2022-01-23 10:25:56
2022-01-23 22:19:26,2022-01-23 22:20:42,Free_Living,annotator,Experimental situation,2022-01-23 10:26:44,2022-01-23 10:28:00
2022-01-23 22:20:46,2022-01-23 22:21:30,Free_Living,annotator,Experimental situation,2022-01-23 10:28:04,2022-01-23 10:28:48
2022-01-23 22:21:44,2022-01-23 22:22:15,Free_Living,annotator,Experimental situation,2022-01-23 10:29:02,2022-01-23 10:29:33
2022-01-23 22:22:27,2022-01-23 22:23:16,Free_Living,annotator,Experimental situation,2022-01-23 10:29:45,2022-01-23 10:30:34
2022-01-23 22:23:50,2022-01-23 22:25:54,Free_Living,annotator,Experimental situation,2022-01-23 10:31:08,2022-01-23 10:33:12
2022-01-23 22:25:59,2022-01-23 22:26:38,Free_Living,annotator,Experimental situation,2022-01-23 10:33:17,2022-01-23 10:33:56
2022-01-23 22:26:41,2022-01-23 22:29:48,Free_Living,annotator,Experimental situation,2022-01-23 10:33:59,2022-01-23 10:37:06
2022-01-23 22:30:01,2022-01-23 22:30:38,Free_Living,annotator,Experimental situation,2022-01-23 10:37:19,2022-01-23 10:37:56
2022-01-23 22:30:41,2022-01-23 22:31:14,Free_Living,annotator,Experimental situation,2022-01-23 10:37:59,2022-01-23 10:38:32
2022-01-23 22:31:27,2022-01-23 22:33:33,Free_Living,annotator,Experimental situation,2022-01-23 10:38:45,2022-01-23 10:40:51
2022-01-23 22:33:45,2022-01-23 22:34:24,Free_Living,annotator,Experimental situation,2022-01-23 10:41:03,2022-01-23 10:41:42
2022-01-23 22:34:28,2022-01-23 22:36:43,Free_Living,annotator,Experimental situation,2022-01-23 10:41:46,2022-01-23 10:44:01
2022-01-23 22:36:55,2022-01-23 22:37:55,Free_Living,annotator,Experimental situation,2022-01-23 10:44:13,2022-01-23 10:45:13
2022-01-23 22:38:27,2022-01-23 22:39:16,Free_Living,annotator,Experimental situation,2022-01-23 10:45:45,2022-01-23 10:46:34
2022-01-23 22:39:29,2022-01-23 22:41:09,Free_Living,annotator,Experimental situation,2022-01-23 10:46:47,2022-01-23 10:48:27
2022-01-23 22:41:15,2022-01-23 22:48:44,Free_Living,annotator,Experimental situation,2022-01-23 10:48:33,2022-01-23 10:56:02
2022-01-23 22:48:58,2022-01-23 22:49:49,Free_Living,annotator,Experimental situation,2022-01-23 10:56:16,2022-01-23 10:57:07
2022-01-23 22:49:50,2022-01-23 22:52:51,Free_Living,annotator,Experimental situation,2022-01-23 10:57:08,2022-01-23 11:00:09
2022-01-23 22:52:56,2022-01-23 22:53:02,Free_Living,annotator,Experimental situation,2022-01-23 11:00:14,2022-01-23 11:00:20
2022-01-23 22:53:06,2022-01-23 22:54:57,Free_Living,annotator,Experimental situation,2022-01-23 11:00:24,2022-01-23 11:02:15
2022-01-23 22:55:01,2022-01-23 22:56:15,Free_Living,annotator,Experimental situation,2022-01-23 11:02:19,2022-01-23 11:03:33
2022-01-23 22:56:20,2022-01-23 22:57:16,Free_Living,annotator,Experimental situation,2022-01-23 11:03:38,2022-01-23 11:04:34
2022-01-23 22:57:32,2022-01-23 23:01:09,Free_Living,annotator,Experimental situation,2022-01-23 11:04:50,2022-01-23 11:08:27
2022-01-23 23:01:20,2022-01-23 23:01:57,Free_Living,annotator,Experimental situation,2022-01-23 11:08:38,2022-01-23 11:09:15
2022-01-23 23:02:10,2022-01-23 23:41:49,Free_Living,annotator,Experimental situation,2022-01-23 11:09:28,2022-01-23 11:49:07
2022-01-23 23:41:57,2022-01-23 23:44:27,Free_Living,annotator,Experimental situation,2022-01-23 11:49:15,2022-01-23 11:51:45
2022-01-23 23:45:55,2022-01-23 23:46:30,Free_Living,annotator,Experimental situation,2022-01-23 11:53:13,2022-01-23 11:53:48
