START_TIME,STOP_TIME,PREDICTION,SOURCE,LABELSET,VIDEO_START_TIME,VIDEO_END_TIME
2021-12-25 12:40:57,2021-12-25 12:41:12,Free_Living,annotator,Experimental situation,2021-12-25 00:00:03,2021-12-25 00:00:18
2021-12-25 12:41:28,2021-12-25 13:41:01,Free_Living,annotator,Experimental situation,2021-12-25 00:00:34,2021-12-25 01:00:07
2021-12-25 13:41:14,2021-12-25 13:43:05,Free_Living,annotator,Experimental situation,2021-12-25 01:00:20,2021-12-25 01:02:11
2021-12-25 13:43:06,2021-12-25 13:43:33,Free_Living,annotator,Experimental situation,2021-12-25 01:02:12,2021-12-25 01:02:39
2021-12-25 13:43:41,2021-12-25 13:44:39,Free_Living,annotator,Experimental situation,2021-12-25 01:02:47,2021-12-25 01:03:45
2021-12-25 13:44:39,2021-12-25 13:45:04,Free_Living,annotator,Experimental situation,2021-12-25 01:03:45,2021-12-25 01:04:10
2021-12-25 13:45:04,2021-12-25 13:46:44,Free_Living,annotator,Experimental situation,2021-12-25 01:04:10,2021-12-25 01:05:50
2021-12-25 13:46:44,2021-12-25 13:47:40,Free_Living,annotator,Experimental situation,2021-12-25 01:05:50,2021-12-25 01:06:46
2021-12-25 13:47:40,2021-12-25 13:48:44,Free_Living,annotator,Experimental situation,2021-12-25 01:06:46,2021-12-25 01:07:50
2021-12-25 13:48:44,2021-12-25 13:49:22,Free_Living,annotator,Experimental situation,2021-12-25 01:07:50,2021-12-25 01:08:28
2021-12-25 13:49:37,2021-12-25 14:08:54,Free_Living,annotator,Experimental situation,2021-12-25 01:08:43,2021-12-25 01:28:00
2021-12-25 14:09:29,2021-12-25 14:12:01,Free_Living,annotator,Experimental situation,2021-12-25 01:28:35,2021-12-25 01:31:07
2021-12-25 14:12:01,2021-12-25 14:15:34,Free_Living,annotator,Experimental situation,2021-12-25 01:31:07,2021-12-25 01:34:40
2021-12-25 14:16:02,2021-12-25 14:16:21,Free_Living,annotator,Experimental situation,2021-12-25 01:35:08,2021-12-25 01:35:27
2021-12-25 14:16:21,2021-12-25 14:20:46,Free_Living,annotator,Experimental situation,2021-12-25 01:35:27,2021-12-25 01:39:52
2021-12-25 14:20:46,2021-12-25 14:21:05,Free_Living,annotator,Experimental situation,2021-12-25 01:39:52,2021-12-25 01:40:11
2021-12-25 14:21:09,2021-12-25 14:22:38,Free_Living,annotator,Experimental situation,2021-12-25 01:40:15,2021-12-25 01:41:44
2021-12-25 14:22:51,2021-12-25 14:36:40,Free_Living,annotator,Experimental situation,2021-12-25 01:41:57,2021-12-25 01:55:46
2021-12-25 14:36:53,2021-12-25 14:38:58,Free_Living,annotator,Experimental situation,2021-12-25 01:55:59,2021-12-25 01:58:04
2021-12-25 14:39:15,2021-12-25 14:40:23,Free_Living,annotator,Experimental situation,2021-12-25 01:58:21,2021-12-25 01:59:29
2021-12-25 14:40:37,2021-12-25 14:42:44,Free_Living,annotator,Experimental situation,2021-12-25 01:59:43,2021-12-25 02:01:50
2021-12-25 14:42:58,2021-12-25 15:28:36,Free_Living,annotator,Experimental situation,2021-12-25 02:02:04,2021-12-25 02:47:42
2021-12-25 15:28:42,2021-12-25 15:29:03,Free_Living,annotator,Experimental situation,2021-12-25 02:47:48,2021-12-25 02:48:09
2021-12-25 15:29:05,2021-12-25 15:31:15,Free_Living,annotator,Experimental situation,2021-12-25 02:48:11,2021-12-25 02:50:21
2021-12-25 15:31:27,2021-12-25 15:35:05,Free_Living,annotator,Experimental situation,2021-12-25 02:50:33,2021-12-25 02:54:11
2021-12-25 15:35:06,2021-12-25 15:36:02,Free_Living,annotator,Experimental situation,2021-12-25 02:54:12,2021-12-25 02:55:08
2021-12-25 15:36:14,2021-12-25 15:36:22,Free_Living,annotator,Experimental situation,2021-12-25 02:55:20,2021-12-25 02:55:28
2021-12-25 15:36:46,2021-12-25 16:20:30,Free_Living,annotator,Experimental situation,2021-12-25 02:55:52,2021-12-25 03:39:36
2021-12-25 16:20:59,2021-12-25 16:21:18,Free_Living,annotator,Experimental situation,2021-12-25 03:40:05,2021-12-25 03:40:24
2021-12-25 16:21:41,2021-12-25 16:22:07,Free_Living,annotator,Experimental situation,2021-12-25 03:40:47,2021-12-25 03:41:13
2021-12-25 16:22:08,2021-12-25 16:40:41,Free_Living,annotator,Experimental situation,2021-12-25 03:41:14,2021-12-25 03:59:47
2021-12-25 16:40:56,2021-12-25 16:41:14,Free_Living,annotator,Experimental situation,2021-12-25 04:00:02,2021-12-25 04:00:20
2021-12-25 16:41:27,2021-12-25 16:57:30,Free_Living,annotator,Experimental situation,2021-12-25 04:00:33,2021-12-25 04:16:36
2021-12-25 16:58:16,2021-12-25 17:09:41,Free_Living,annotator,Experimental situation,2021-12-25 04:17:22,2021-12-25 04:28:47
2021-12-25 17:10:04,2021-12-25 17:36:07,Free_Living,annotator,Experimental situation,2021-12-25 04:29:10,2021-12-25 04:55:13
2021-12-25 17:36:20,2021-12-25 17:36:31,Free_Living,annotator,Experimental situation,2021-12-25 04:55:26,2021-12-25 04:55:37
2021-12-25 17:36:44,2021-12-25 17:39:39,Free_Living,annotator,Experimental situation,2021-12-25 04:55:50,2021-12-25 04:58:45
2021-12-25 17:39:49,2021-12-25 17:40:01,Free_Living,annotator,Experimental situation,2021-12-25 04:58:55,2021-12-25 04:59:07
2021-12-25 17:40:28,2021-12-25 17:49:24,Free_Living,annotator,Experimental situation,2021-12-25 04:59:34,2021-12-25 05:08:30
2021-12-25 17:49:36,2021-12-25 17:50:04,Free_Living,annotator,Experimental situation,2021-12-25 05:08:42,2021-12-25 05:09:10
2021-12-25 17:50:06,2021-12-25 17:54:33,Free_Living,annotator,Experimental situation,2021-12-25 05:09:12,2021-12-25 05:13:39
2021-12-25 17:54:58,2021-12-25 18:05:32,Free_Living,annotator,Experimental situation,2021-12-25 05:14:04,2021-12-25 05:24:38
2021-12-25 18:05:56,2021-12-25 18:51:08,Free_Living,annotator,Experimental situation,2021-12-25 05:25:02,2021-12-25 06:10:14
2021-12-25 18:57:33,2021-12-25 19:07:35,Free_Living,annotator,Experimental situation,2021-12-25 06:16:39,2021-12-25 06:26:41
2021-12-25 19:08:30,2021-12-25 19:08:57,Free_Living,annotator,Experimental situation,2021-12-25 06:27:36,2021-12-25 06:28:03
2021-12-25 19:09:07,2021-12-25 19:09:55,Free_Living,annotator,Experimental situation,2021-12-25 06:28:13,2021-12-25 06:29:01
2021-12-25 19:10:08,2021-12-25 19:17:34,Free_Living,annotator,Experimental situation,2021-12-25 06:29:14,2021-12-25 06:36:40
2021-12-25 19:17:57,2021-12-25 20:07:33,Free_Living,annotator,Experimental situation,2021-12-25 06:37:03,2021-12-25 07:26:39
2021-12-25 20:07:57,2021-12-25 20:09:40,Free_Living,annotator,Experimental situation,2021-12-25 07:27:03,2021-12-25 07:28:46
2021-12-25 20:09:52,2021-12-25 20:11:15,Free_Living,annotator,Experimental situation,2021-12-25 07:28:58,2021-12-25 07:30:21
2021-12-25 20:11:27,2021-12-25 20:18:22,Free_Living,annotator,Experimental situation,2021-12-25 07:30:33,2021-12-25 07:37:28
2021-12-25 20:18:36,2021-12-25 20:28:17,Free_Living,annotator,Experimental situation,2021-12-25 07:37:42,2021-12-25 07:47:23
2021-12-25 20:28:30,2021-12-25 20:29:52,Free_Living,annotator,Experimental situation,2021-12-25 07:47:36,2021-12-25 07:48:58
2021-12-25 20:30:06,2021-12-25 20:43:39,Free_Living,annotator,Experimental situation,2021-12-25 07:49:12,2021-12-25 08:02:45
2021-12-25 20:44:05,2021-12-25 20:46:22,Free_Living,annotator,Experimental situation,2021-12-25 08:03:11,2021-12-25 08:05:28
2021-12-25 20:46:40,2021-12-25 20:47:28,Free_Living,annotator,Experimental situation,2021-12-25 08:05:46,2021-12-25 08:06:34
2021-12-25 20:47:52,2021-12-25 20:59:35,Free_Living,annotator,Experimental situation,2021-12-25 08:06:58,2021-12-25 08:18:41
2021-12-25 20:59:45,2021-12-25 20:59:53,Free_Living,annotator,Experimental situation,2021-12-25 08:18:51,2021-12-25 08:18:59
2021-12-25 21:01:04,2021-12-25 21:06:30,Free_Living,annotator,Experimental situation,2021-12-25 08:20:10,2021-12-25 08:25:36
2021-12-25 21:06:58,2021-12-25 23:39:32,Free_Living,annotator,Experimental situation,2021-12-25 08:26:04,2021-12-25 10:58:38
2021-12-25 23:39:45,2021-12-25 23:46:13,Free_Living,annotator,Experimental situation,2021-12-25 10:58:51,2021-12-25 11:05:19
2021-12-25 23:46:26,2021-12-25 23:46:37,Free_Living,annotator,Experimental situation,2021-12-25 11:05:32,2021-12-25 11:05:43
2021-12-25 23:47:08,2021-12-25 23:47:52,Free_Living,annotator,Experimental situation,2021-12-25 11:06:14,2021-12-25 11:06:58
2021-12-25 23:47:53,2021-12-25 23:49:06,Free_Living,annotator,Experimental situation,2021-12-25 11:06:59,2021-12-25 11:08:12
2021-12-25 23:49:07,2021-12-25 23:50:53,Free_Living,annotator,Experimental situation,2021-12-25 11:08:13,2021-12-25 11:09:59
2021-12-25 23:50:55,2021-12-25 23:51:07,Free_Living,annotator,Experimental situation,2021-12-25 11:10:01,2021-12-25 11:10:13
2021-12-25 23:53:08,2021-12-26 00:19:01,Free_Living,annotator,Experimental situation,2021-12-25 11:12:14,2021-12-25 11:38:07
2021-12-26 00:19:03,2021-12-26 00:20:50,Free_Living,annotator,Experimental situation,2021-12-25 11:38:09,2021-12-25 11:39:56
2021-12-26 00:21:01,2021-12-26 00:22:11,Free_Living,annotator,Experimental situation,2021-12-25 11:40:07,2021-12-25 11:41:17
2021-12-26 00:22:33,2021-12-26 00:37:23,Free_Living,annotator,Experimental situation,2021-12-25 11:41:39,2021-12-25 11:56:29
2021-12-26 00:37:35,2021-12-26 00:39:25,Free_Living,annotator,Experimental situation,2021-12-25 11:56:41,2021-12-25 11:58:31
2021-12-26 00:39:51,2021-12-26 00:40:11,Free_Living,annotator,Experimental situation,2021-12-25 11:58:57,2021-12-25 11:59:17
2021-12-26 00:40:24,2021-12-26 00:41:50,Free_Living,annotator,Experimental situation,2021-12-25 11:59:30,2021-12-25 12:00:56
2021-12-26 00:42:27,2021-12-26 00:42:46,Free_Living,annotator,Experimental situation,2021-12-25 12:01:33,2021-12-25 12:01:52
2021-12-26 00:43:04,2021-12-26 00:43:36,Free_Living,annotator,Experimental situation,2021-12-25 12:02:10,2021-12-25 12:02:42
2021-12-26 00:43:56,2021-12-26 00:44:09,Free_Living,annotator,Experimental situation,2021-12-25 12:03:02,2021-12-25 12:03:15
2021-12-26 00:44:35,2021-12-26 00:48:38,Free_Living,annotator,Experimental situation,2021-12-25 12:03:41,2021-12-25 12:07:44
2021-12-26 00:48:52,2021-12-26 00:58:29,Free_Living,annotator,Experimental situation,2021-12-25 12:07:58,2021-12-25 12:17:35
2021-12-26 00:58:42,2021-12-26 01:02:59,Free_Living,annotator,Experimental situation,2021-12-25 12:17:48,2021-12-25 12:22:05
2021-12-26 01:03:13,2021-12-26 01:04:03,Free_Living,annotator,Experimental situation,2021-12-25 12:22:19,2021-12-25 12:23:09
2021-12-26 01:04:39,2021-12-26 01:05:37,Free_Living,annotator,Experimental situation,2021-12-25 12:23:45,2021-12-25 12:24:43
2021-12-26 01:05:42,2021-12-26 01:05:59,Free_Living,annotator,Experimental situation,2021-12-25 12:24:48,2021-12-25 12:25:05
2021-12-26 01:06:17,2021-12-26 01:06:21,Free_Living,annotator,Experimental situation,2021-12-25 12:25:23,2021-12-25 12:25:27
2021-12-26 01:06:49,2021-12-26 01:07:16,Free_Living,annotator,Experimental situation,2021-12-25 12:25:55,2021-12-25 12:26:22
2021-12-26 01:07:35,2021-12-26 01:26:49,Free_Living,annotator,Experimental situation,2021-12-25 12:26:41,2021-12-25 12:45:55
2021-12-26 01:27:04,2021-12-26 02:22:48,Free_Living,annotator,Experimental situation,2021-12-25 12:46:10,2021-12-25 13:41:54
2021-12-26 02:23:06,2021-12-26 02:25:01,Free_Living,annotator,Experimental situation,2021-12-25 13:42:12,2021-12-25 13:44:07
2021-12-26 02:25:04,2021-12-26 02:25:32,Free_Living,annotator,Experimental situation,2021-12-25 13:44:10,2021-12-25 13:44:38
2021-12-26 02:25:49,2021-12-26 02:27:42,Free_Living,annotator,Experimental situation,2021-12-25 13:44:55,2021-12-25 13:46:48
2021-12-26 02:27:59,2021-12-26 02:28:44,Free_Living,annotator,Experimental situation,2021-12-25 13:47:05,2021-12-25 13:47:50
2021-12-26 02:28:49,2021-12-26 02:41:16,Free_Living,annotator,Experimental situation,2021-12-25 13:47:55,2021-12-25 14:00:22
2021-12-26 02:41:40,2021-12-26 02:43:59,Free_Living,annotator,Experimental situation,2021-12-25 14:00:46,2021-12-25 14:03:05
2021-12-26 02:44:40,2021-12-26 02:44:57,Free_Living,annotator,Experimental situation,2021-12-25 14:03:46,2021-12-25 14:04:03
2021-12-26 02:45:17,2021-12-26 02:52:32,Free_Living,annotator,Experimental situation,2021-12-25 14:04:23,2021-12-25 14:11:38
2021-12-26 02:52:45,2021-12-26 02:54:29,Free_Living,annotator,Experimental situation,2021-12-25 14:11:51,2021-12-25 14:13:35
2021-12-26 02:54:32,2021-12-26 02:56:54,Free_Living,annotator,Experimental situation,2021-12-25 14:13:38,2021-12-25 14:16:00
2021-12-26 02:56:57,2021-12-26 02:57:51,Free_Living,annotator,Experimental situation,2021-12-25 14:16:03,2021-12-25 14:16:57
2021-12-26 02:57:52,2021-12-26 02:58:20,Free_Living,annotator,Experimental situation,2021-12-25 14:16:58,2021-12-25 14:17:26
2021-12-26 02:58:23,2021-12-26 03:04:27,Free_Living,annotator,Experimental situation,2021-12-25 14:17:29,2021-12-25 14:23:33
2021-12-26 03:04:28,2021-12-26 03:04:50,Free_Living,annotator,Experimental situation,2021-12-25 14:23:34,2021-12-25 14:23:56
2021-12-26 03:04:51,2021-12-26 03:06:31,Free_Living,annotator,Experimental situation,2021-12-25 14:23:57,2021-12-25 14:25:37
2021-12-26 03:06:32,2021-12-26 03:09:53,Free_Living,annotator,Experimental situation,2021-12-25 14:25:38,2021-12-25 14:28:59
2021-12-26 03:09:56,2021-12-26 03:11:37,Free_Living,annotator,Experimental situation,2021-12-25 14:29:02,2021-12-25 14:30:43
2021-12-26 03:12:00,2021-12-26 03:52:33,Free_Living,annotator,Experimental situation,2021-12-25 14:31:06,2021-12-25 15:11:39
2021-12-26 03:52:45,2021-12-26 03:53:37,Free_Living,annotator,Experimental situation,2021-12-25 15:11:51,2021-12-25 15:12:43
2021-12-26 03:53:52,2021-12-26 03:55:48,Free_Living,annotator,Experimental situation,2021-12-25 15:12:58,2021-12-25 15:14:54
2021-12-26 03:56:23,2021-12-26 03:59:32,Free_Living,annotator,Experimental situation,2021-12-25 15:15:29,2021-12-25 15:18:38
2021-12-26 03:59:35,2021-12-26 04:00:01,Free_Living,annotator,Experimental situation,2021-12-25 15:18:41,2021-12-25 15:19:07
