START_TIME,STOP_TIME,PREDICTION,SOURCE,LABELSET,VIDEO_START_TIME,VIDEO_END_TIME
2022-06-14 07:56:23,2022-06-14 07:57:13,Located_Indoors,annotator,Behavioral Parameters,2022-06-14 00:00:07,2022-06-14 00:00:57
2022-06-14 07:57:13,2022-06-14 07:58:52,Located_Indoors,annotator,Behavioral Parameters,2022-06-14 00:00:57,2022-06-14 00:02:36
2022-06-14 07:58:52,2022-06-14 07:59:00,Located_Indoors,annotator,Behavioral Parameters,2022-06-14 00:02:36,2022-06-14 00:02:44
2022-06-14 07:59:03,2022-06-14 08:01:14,Located_Indoors,annotator,Behavioral Parameters,2022-06-14 00:02:47,2022-06-14 00:04:58
2022-06-14 08:01:14,2022-06-14 08:01:28,Located_Indoors,annotator,Behavioral Parameters,2022-06-14 00:04:58,2022-06-14 00:05:12
2022-06-14 08:01:34,2022-06-14 08:01:46,Located_Indoors, Carrying_Bag_On_Shoulder/Back_Light,annotator,Behavioral Parameters,2022-06-14 00:05:18,2022-06-14 00:05:30
2022-06-14 08:01:46,2022-06-14 08:02:07,Located_Indoors, Carrying_Bag_On_Shoulder/Back_Light,annotator,Behavioral Parameters,2022-06-14 00:05:30,2022-06-14 00:05:51
2022-06-14 08:02:16,2022-06-14 08:05:57,Carrying_Bag_On_Shoulder/Back_Light, Located_Outdoors, Texting/Browsing_Phone,annotator,Behavioral Parameters,2022-06-14 00:06:00,2022-06-14 00:09:41
2022-06-14 08:05:58,2022-06-14 08:06:23,Carrying_Bag_On_Shoulder/Back_Light, Located_Outdoors, Texting/Browsing_Phone,annotator,Behavioral Parameters,2022-06-14 00:09:42,2022-06-14 00:10:07
2022-06-14 08:06:24,2022-06-14 08:06:58,Carrying_Bag_On_Shoulder/Back_Light, Located_Outdoors, Texting/Browsing_Phone,annotator,Behavioral Parameters,2022-06-14 00:10:08,2022-06-14 00:10:42
2022-06-14 08:07:03,2022-06-14 08:07:43,Carrying_Bag_On_Shoulder/Back_Light, Located_Outdoors, Texting/Browsing_Phone,annotator,Behavioral Parameters,2022-06-14 00:10:47,2022-06-14 00:11:27
2022-06-14 08:07:44,2022-06-14 08:11:31,Carrying_Bag_On_Shoulder/Back_Light, Located_Outdoors,annotator,Behavioral Parameters,2022-06-14 00:11:28,2022-06-14 00:15:15
2022-06-14 08:11:32,2022-06-14 08:16:05,Carrying_Bag_On_Shoulder/Back_Light, Located_Outdoors,annotator,Behavioral Parameters,2022-06-14 00:15:16,2022-06-14 00:19:49
2022-06-14 08:16:05,2022-06-14 08:16:33,Carrying_Bag_On_Shoulder/Back_Light, Located_Indoors,annotator,Behavioral Parameters,2022-06-14 00:19:49,2022-06-14 00:20:17
2022-06-14 08:16:33,2022-06-14 08:17:31,Carrying_Bag_On_Shoulder/Back_Light, Located_Outdoors,annotator,Behavioral Parameters,2022-06-14 00:20:17,2022-06-14 00:21:15
2022-06-14 08:17:39,2022-06-14 08:18:02,Carrying_Bag_On_Shoulder/Back_Light, Located_Indoors,annotator,Behavioral Parameters,2022-06-14 00:21:23,2022-06-14 00:21:46
2022-06-14 08:18:03,2022-06-14 08:18:23,Carrying_Bag_On_Shoulder/Back_Light, Located_Indoors, Texting/Browsing_Phone,annotator,Behavioral Parameters,2022-06-14 00:21:47,2022-06-14 00:22:07
2022-06-14 08:18:26,2022-06-14 08:18:56,Carrying_Bag_On_Shoulder/Back_Light, Located_Indoors, Texting/Browsing_Phone,annotator,Behavioral Parameters,2022-06-14 00:22:10,2022-06-14 00:22:40
2022-06-14 08:18:57,2022-06-14 08:21:18,Carrying_Bag_On_Shoulder/Back_Light, Located_Indoors, Texting/Browsing_Phone,annotator,Behavioral Parameters,2022-06-14 00:22:41,2022-06-14 00:25:02
2022-06-14 08:21:22,2022-06-14 08:22:37,Carrying_Bag_On_Shoulder/Back_Light, Located_Indoors, In_Conversation,annotator,Behavioral Parameters,2022-06-14 00:25:06,2022-06-14 00:26:21
2022-06-14 08:22:39,2022-06-14 09:02:32,Located_Indoors, In_Conversation, Browsing_Computer,annotator,Behavioral Parameters,2022-06-14 00:26:23,2022-06-14 01:06:16
2022-06-14 09:02:34,2022-06-14 09:03:36,Located_Indoors, In_Conversation,annotator,Behavioral Parameters,2022-06-14 01:06:18,2022-06-14 01:07:20
2022-06-14 09:03:51,2022-06-14 09:04:40,Located_Indoors, Carrying_Bag_On_Shoulder/Back_Light, Texting/Browsing_Phone,annotator,Behavioral Parameters,2022-06-14 01:07:35,2022-06-14 01:08:24
2022-06-14 09:04:44,2022-06-14 09:05:22,Located_Indoors, Carrying_Bag_On_Shoulder/Back_Light,annotator,Behavioral Parameters,2022-06-14 01:08:28,2022-06-14 01:09:06
2022-06-14 09:05:25,2022-06-14 09:06:16,Carrying_Bag_On_Shoulder/Back_Light, Located_Outdoors,annotator,Behavioral Parameters,2022-06-14 01:09:09,2022-06-14 01:10:00
2022-06-14 09:06:19,2022-06-14 09:06:26,Carrying_Bag_On_Shoulder/Back_Light, Located_Indoors,annotator,Behavioral Parameters,2022-06-14 01:10:03,2022-06-14 01:10:10
2022-06-14 09:06:27,2022-06-14 09:07:00,Carrying_Bag_On_Shoulder/Back_Light, Located_Indoors,annotator,Behavioral Parameters,2022-06-14 01:10:11,2022-06-14 01:10:44
2022-06-14 09:07:00,2022-06-14 09:07:13,Carrying_Bag_On_Shoulder/Back_Light, Located_Indoors, Texting/Browsing_Phone,annotator,Behavioral Parameters,2022-06-14 01:10:44,2022-06-14 01:10:57
2022-06-14 09:07:15,2022-06-14 09:07:37,Carrying_Bag_On_Shoulder/Back_Light, Located_Indoors, Texting/Browsing_Phone,annotator,Behavioral Parameters,2022-06-14 01:10:59,2022-06-14 01:11:21
2022-06-14 09:07:38,2022-06-14 09:08:42,Carrying_Bag_On_Shoulder/Back_Light, Located_Indoors, Texting/Browsing_Phone,annotator,Behavioral Parameters,2022-06-14 01:11:22,2022-06-14 01:12:26
2022-06-14 09:08:45,2022-06-14 09:09:29,Located_Indoors, Texting/Browsing_Phone,annotator,Behavioral Parameters,2022-06-14 01:12:29,2022-06-14 01:13:13
2022-06-14 09:09:31,2022-06-14 09:18:40,Located_Indoors,annotator,Behavioral Parameters,2022-06-14 01:13:15,2022-06-14 01:22:24
2022-06-14 09:18:44,2022-06-14 09:19:33,Located_Indoors,annotator,Behavioral Parameters,2022-06-14 01:22:28,2022-06-14 01:23:17
2022-06-14 09:19:35,2022-06-14 09:19:52,Located_Indoors, Texting/Browsing_Phone,annotator,Behavioral Parameters,2022-06-14 01:23:19,2022-06-14 01:23:36
2022-06-14 09:19:54,2022-06-14 09:20:34,Located_Indoors, Texting/Browsing_Phone,annotator,Behavioral Parameters,2022-06-14 01:23:38,2022-06-14 01:24:18
2022-06-14 09:20:37,2022-06-14 09:23:57,Located_Indoors, Texting/Browsing_Phone,annotator,Behavioral Parameters,2022-06-14 01:24:21,2022-06-14 01:27:41
2022-06-14 09:24:05,2022-06-14 09:24:40,Located_Indoors,annotator,Behavioral Parameters,2022-06-14 01:27:49,2022-06-14 01:28:24
2022-06-14 09:24:42,2022-06-14 09:26:17,Located_Indoors, Browsing_Computer, Texting/Browsing_Phone,annotator,Behavioral Parameters,2022-06-14 01:28:26,2022-06-14 01:30:01
2022-06-14 09:26:18,2022-06-14 09:26:41,Located_Indoors, Browsing_Computer, Texting/Browsing_Phone,annotator,Behavioral Parameters,2022-06-14 01:30:02,2022-06-14 01:30:25
2022-06-14 09:26:45,2022-06-14 09:31:07,Located_Indoors, Browsing_Computer,annotator,Behavioral Parameters,2022-06-14 01:30:29,2022-06-14 01:34:51
2022-06-14 09:31:07,2022-06-14 09:31:55,Located_Indoors, Browsing_Computer, Texting/Browsing_Phone,annotator,Behavioral Parameters,2022-06-14 01:34:51,2022-06-14 01:35:39
2022-06-14 09:31:56,2022-06-14 09:34:42,Located_Indoors, Browsing_Computer,annotator,Behavioral Parameters,2022-06-14 01:35:40,2022-06-14 01:38:26
2022-06-14 09:34:42,2022-06-14 09:34:55,Located_Indoors, Browsing_Computer, Texting/Browsing_Phone,annotator,Behavioral Parameters,2022-06-14 01:38:26,2022-06-14 01:38:39
2022-06-14 09:34:56,2022-06-14 09:36:10,Located_Indoors, Browsing_Computer,annotator,Behavioral Parameters,2022-06-14 01:38:40,2022-06-14 01:39:54
2022-06-14 09:36:10,2022-06-14 09:36:44,Located_Indoors, Browsing_Computer, Texting/Browsing_Phone,annotator,Behavioral Parameters,2022-06-14 01:39:54,2022-06-14 01:40:28
2022-06-14 09:36:44,2022-06-14 09:45:21,Located_Indoors, Browsing_Computer,annotator,Behavioral Parameters,2022-06-14 01:40:28,2022-06-14 01:49:05
2022-06-14 09:45:23,2022-06-14 09:45:41,Located_Indoors, Browsing_Computer,annotator,Behavioral Parameters,2022-06-14 01:49:07,2022-06-14 01:49:25
2022-06-14 09:45:41,2022-06-14 09:46:30,Located_Indoors,annotator,Behavioral Parameters,2022-06-14 01:49:25,2022-06-14 01:50:14
2022-06-14 09:46:31,2022-06-14 10:24:52,Located_Indoors, Texting/Browsing_Phone, Browsing_Computer,annotator,Behavioral Parameters,2022-06-14 01:50:15,2022-06-14 02:28:36
2022-06-14 10:25:08,2022-06-14 10:26:24,Located_Indoors, Texting/Browsing_Phone, Browsing_Computer,annotator,Behavioral Parameters,2022-06-14 02:28:52,2022-06-14 02:30:08
2022-06-14 10:26:35,2022-06-14 10:45:21,Located_Indoors, Texting/Browsing_Phone, Browsing_Computer,annotator,Behavioral Parameters,2022-06-14 02:30:19,2022-06-14 02:49:05
2022-06-14 10:45:36,2022-06-14 10:52:23,Located_Indoors, Texting/Browsing_Phone,annotator,Behavioral Parameters,2022-06-14 02:49:20,2022-06-14 02:56:07
2022-06-14 10:52:25,2022-06-14 10:52:58,Located_Indoors,annotator,Behavioral Parameters,2022-06-14 02:56:09,2022-06-14 02:56:42
2022-06-14 10:52:58,2022-06-14 10:53:21,Located_Indoors, Carrying_Bag_On_Shoulder/Back_Light,annotator,Behavioral Parameters,2022-06-14 02:56:42,2022-06-14 02:57:05
2022-06-14 10:53:34,2022-06-14 10:54:28,Located_Indoors, Carrying_Bag_On_Shoulder/Back_Light, Texting/Browsing_Phone,annotator,Behavioral Parameters,2022-06-14 02:57:18,2022-06-14 02:58:12
2022-06-14 10:54:29,2022-06-14 10:58:46,Carrying_Bag_On_Shoulder/Back_Light, Located_Outdoors,annotator,Behavioral Parameters,2022-06-14 02:58:13,2022-06-14 03:02:30
2022-06-14 10:58:49,2022-06-14 10:59:18,Carrying_Bag_On_Shoulder/Back_Light, Located_Outdoors, Texting/Browsing_Phone,annotator,Behavioral Parameters,2022-06-14 03:02:33,2022-06-14 03:03:02
2022-06-14 10:59:22,2022-06-14 11:05:32,Carrying_Bag_On_Shoulder/Back_Light, Located_Outdoors,annotator,Behavioral Parameters,2022-06-14 03:03:06,2022-06-14 03:09:16
2022-06-14 11:05:33,2022-06-14 11:10:10,Carrying_Bag_On_Shoulder/Back_Light, Located_Outdoors,annotator,Behavioral Parameters,2022-06-14 03:09:17,2022-06-14 03:13:54
2022-06-14 11:10:11,2022-06-14 11:10:23,Carrying_Bag_On_Shoulder/Back_Light, Located_Outdoors,annotator,Behavioral Parameters,2022-06-14 03:13:55,2022-06-14 03:14:07
2022-06-14 11:10:24,2022-06-14 11:10:34,Carrying_Bag_On_Shoulder/Back_Light, Located_Outdoors,annotator,Behavioral Parameters,2022-06-14 03:14:08,2022-06-14 03:14:18
2022-06-14 11:10:35,2022-06-14 11:10:57,Carrying_Bag_On_Shoulder/Back_Light, Located_Indoors,annotator,Behavioral Parameters,2022-06-14 03:14:19,2022-06-14 03:14:41
2022-06-14 11:10:59,2022-06-14 11:11:07,Carrying_Bag_On_Shoulder/Back_Light, Located_Indoors,annotator,Behavioral Parameters,2022-06-14 03:14:43,2022-06-14 03:14:51
2022-06-14 11:11:08,2022-06-14 11:11:27,Carrying_Bag_On_Shoulder/Back_Light, Located_Indoors,annotator,Behavioral Parameters,2022-06-14 03:14:52,2022-06-14 03:15:11
2022-06-14 11:11:28,2022-06-14 11:12:53,Carrying_Bag_On_Shoulder/Back_Light, Located_Indoors,annotator,Behavioral Parameters,2022-06-14 03:15:12,2022-06-14 03:16:37
2022-06-14 11:12:54,2022-06-14 11:13:09,Carrying_Bag_On_Shoulder/Back_Light, Located_Indoors,annotator,Behavioral Parameters,2022-06-14 03:16:38,2022-06-14 03:16:53
2022-06-14 11:13:11,2022-06-14 11:13:26,Located_Indoors,annotator,Behavioral Parameters,2022-06-14 03:16:55,2022-06-14 03:17:10
2022-06-14 11:13:27,2022-06-14 11:16:12,Located_Indoors, In_Conversation,annotator,Behavioral Parameters,2022-06-14 03:17:11,2022-06-14 03:19:56
2022-06-14 11:16:12,2022-06-14 11:21:12,Located_Indoors,annotator,Behavioral Parameters,2022-06-14 03:19:56,2022-06-14 03:24:56
2022-06-14 11:21:15,2022-06-14 11:21:28,Holding_Other_Object_Heavy, Located_Indoors,annotator,Behavioral Parameters,2022-06-14 03:24:59,2022-06-14 03:25:12
2022-06-14 11:21:28,2022-06-14 11:21:47,Holding_Other_Object_Heavy, Located_Indoors,annotator,Behavioral Parameters,2022-06-14 03:25:12,2022-06-14 03:25:31
2022-06-14 11:21:52,2022-06-14 11:22:01,Holding_Other_Object_Heavy, Located_Outdoors,annotator,Behavioral Parameters,2022-06-14 03:25:36,2022-06-14 03:25:45
2022-06-14 11:22:02,2022-06-14 11:22:07,Located_Outdoors, Holding_Other_Object_Heavy,annotator,Behavioral Parameters,2022-06-14 03:25:46,2022-06-14 03:25:51
2022-06-14 11:22:07,2022-06-14 11:23:11,Located_Outdoors,annotator,Behavioral Parameters,2022-06-14 03:25:51,2022-06-14 03:26:55
2022-06-14 11:23:24,2022-06-14 11:23:59,Located_Outdoors, Holding_Other_Object_Heavy,annotator,Behavioral Parameters,2022-06-14 03:27:08,2022-06-14 03:27:43
2022-06-14 11:24:09,2022-06-14 11:24:19,Located_Outdoors, Holding_Other_Object_Light,annotator,Behavioral Parameters,2022-06-14 03:27:53,2022-06-14 03:28:03
2022-06-14 11:24:24,2022-06-14 11:24:36,Located_Outdoors, Holding_Other_Object_Light,annotator,Behavioral Parameters,2022-06-14 03:28:08,2022-06-14 03:28:20
2022-06-14 11:24:37,2022-06-14 11:25:39,Located_Outdoors, Holding_Other_Object_Light, On_Phone_Call,annotator,Behavioral Parameters,2022-06-14 03:28:21,2022-06-14 03:29:23
2022-06-14 11:25:40,2022-06-14 11:25:43,Located_Outdoors, Holding_Other_Object_Light,annotator,Behavioral Parameters,2022-06-14 03:29:24,2022-06-14 03:29:27
2022-06-14 11:25:43,2022-06-14 11:26:01,Located_Outdoors, Holding_Other_Object_Light,annotator,Behavioral Parameters,2022-06-14 03:29:27,2022-06-14 03:29:45
2022-06-14 11:26:06,2022-06-14 11:26:40,Located_Outdoors, Holding_Other_Object_Light,annotator,Behavioral Parameters,2022-06-14 03:29:50,2022-06-14 03:30:24
2022-06-14 11:26:41,2022-06-14 11:26:48,Located_Outdoors, Holding_Other_Object_Light,annotator,Behavioral Parameters,2022-06-14 03:30:25,2022-06-14 03:30:32
2022-06-14 11:26:56,2022-06-14 11:27:05,Located_Outdoors, Holding_Other_Object_Light,annotator,Behavioral Parameters,2022-06-14 03:30:40,2022-06-14 03:30:49
2022-06-14 11:27:09,2022-06-14 11:27:29,Holding_Other_Object_Light, Located_Indoors,annotator,Behavioral Parameters,2022-06-14 03:30:53,2022-06-14 03:31:13
2022-06-14 11:27:32,2022-06-14 11:27:44,Holding_Other_Object_Light, Located_Indoors,annotator,Behavioral Parameters,2022-06-14 03:31:16,2022-06-14 03:31:28
2022-06-14 11:27:44,2022-06-14 11:27:49,Located_Indoors,annotator,Behavioral Parameters,2022-06-14 03:31:28,2022-06-14 03:31:33
2022-06-14 11:27:50,2022-06-14 11:28:58,Located_Indoors,annotator,Behavioral Parameters,2022-06-14 03:31:34,2022-06-14 03:32:42
2022-06-14 11:28:59,2022-06-14 11:32:02,Located_Indoors,annotator,Behavioral Parameters,2022-06-14 03:32:43,2022-06-14 03:35:46
2022-06-14 11:32:02,2022-06-14 11:35:30,Located_Indoors, Texting/Browsing_Phone,annotator,Behavioral Parameters,2022-06-14 03:35:46,2022-06-14 03:39:14
2022-06-14 11:35:36,2022-06-14 11:37:06,Located_Indoors,annotator,Behavioral Parameters,2022-06-14 03:39:20,2022-06-14 03:40:50
2022-06-14 11:37:07,2022-06-14 11:37:15,Located_Indoors,annotator,Behavioral Parameters,2022-06-14 03:40:51,2022-06-14 03:40:59
2022-06-14 11:37:18,2022-06-14 11:38:16,Located_Indoors,annotator,Behavioral Parameters,2022-06-14 03:41:02,2022-06-14 03:42:00
2022-06-14 11:38:17,2022-06-14 11:38:26,Located_Indoors,annotator,Behavioral Parameters,2022-06-14 03:42:01,2022-06-14 03:42:10
2022-06-14 11:38:27,2022-06-14 11:38:35,Located_Indoors,annotator,Behavioral Parameters,2022-06-14 03:42:11,2022-06-14 03:42:19
2022-06-14 11:38:36,2022-06-14 11:39:53,Located_Indoors,annotator,Behavioral Parameters,2022-06-14 03:42:20,2022-06-14 03:43:37
2022-06-14 11:39:55,2022-06-14 11:43:27,Located_Indoors,annotator,Behavioral Parameters,2022-06-14 03:43:39,2022-06-14 03:47:11
2022-06-14 11:43:27,2022-06-14 11:43:49,Located_Indoors,annotator,Behavioral Parameters,2022-06-14 03:47:11,2022-06-14 03:47:33
2022-06-14 11:43:51,2022-06-14 11:46:13,Located_Indoors,annotator,Behavioral Parameters,2022-06-14 03:47:35,2022-06-14 03:49:57
2022-06-14 11:46:14,2022-06-14 11:46:20,Located_Indoors,annotator,Behavioral Parameters,2022-06-14 03:49:58,2022-06-14 03:50:04
2022-06-14 11:46:21,2022-06-14 11:46:39,Located_Indoors,annotator,Behavioral Parameters,2022-06-14 03:50:05,2022-06-14 03:50:23
2022-06-14 11:46:39,2022-06-14 11:46:58,Carrying_Bag_On_Shoulder/Back_Light, Located_Indoors,annotator,Behavioral Parameters,2022-06-14 03:50:23,2022-06-14 03:50:42
2022-06-14 11:46:59,2022-06-14 11:47:31,Carrying_Bag_On_Shoulder/Back_Light, Located_Indoors,annotator,Behavioral Parameters,2022-06-14 03:50:43,2022-06-14 03:51:15
2022-06-14 11:47:35,2022-06-14 11:47:54,Carrying_Bag_On_Shoulder/Back_Light, Located_Outdoors,annotator,Behavioral Parameters,2022-06-14 03:51:19,2022-06-14 03:51:38
2022-06-14 11:47:55,2022-06-14 11:52:10,Carrying_Bag_On_Shoulder/Back_Light, Located_Outdoors,annotator,Behavioral Parameters,2022-06-14 03:51:39,2022-06-14 03:55:54
2022-06-14 11:52:12,2022-06-14 11:52:31,Carrying_Bag_On_Shoulder/Back_Light, Located_Outdoors, Texting/Browsing_Phone,annotator,Behavioral Parameters,2022-06-14 03:55:56,2022-06-14 03:56:15
2022-06-14 11:52:32,2022-06-14 11:56:14,Carrying_Bag_On_Shoulder/Back_Light, Located_Outdoors,annotator,Behavioral Parameters,2022-06-14 03:56:16,2022-06-14 03:59:58
2022-06-14 11:56:15,2022-06-14 11:56:25,Carrying_Bag_On_Shoulder/Back_Light, Located_Outdoors,annotator,Behavioral Parameters,2022-06-14 03:59:59,2022-06-14 04:00:09
2022-06-14 11:56:26,2022-06-14 11:57:45,Carrying_Bag_On_Shoulder/Back_Light, Located_Outdoors,annotator,Behavioral Parameters,2022-06-14 04:00:10,2022-06-14 04:01:29
2022-06-14 11:57:46,2022-06-14 11:58:00,Carrying_Bag_On_Shoulder/Back_Light, Located_Outdoors, Texting/Browsing_Phone,annotator,Behavioral Parameters,2022-06-14 04:01:30,2022-06-14 04:01:44
2022-06-14 11:58:00,2022-06-14 11:59:51,Carrying_Bag_On_Shoulder/Back_Light, Located_Outdoors, Texting/Browsing_Phone,annotator,Behavioral Parameters,2022-06-14 04:01:44,2022-06-14 04:03:35
