START_TIME,STOP_TIME,PREDICTION,SOURCE,LABELSET,VIDEO_START_TIME,VIDEO_END_TIME
2022-05-05 19:46:08,2022-05-05 19:47:47,Located_Indoors, In_Conversation,annotator,Behavioral Parameters,2022-05-05 00:00:00,2022-05-05 00:01:39
2022-05-05 19:47:47,2022-05-05 19:49:15,Located_Indoors, Texting/Browsing_Phone, In_Conversation,annotator,Behavioral Parameters,2022-05-05 00:01:39,2022-05-05 00:03:07
2022-05-05 19:49:15,2022-05-05 19:49:50,Located_Indoors, BP_Other,annotator,Behavioral Parameters,2022-05-05 00:03:07,2022-05-05 00:03:42
2022-05-05 19:49:50,2022-05-05 19:54:26,Located_Indoors, Texting/Browsing_Phone, In_Conversation,annotator,Behavioral Parameters,2022-05-05 00:03:42,2022-05-05 00:08:18
2022-05-05 19:54:26,2022-05-05 19:59:22,Located_Indoors, In_Conversation, BP_Other,annotator,Behavioral Parameters,2022-05-05 00:08:18,2022-05-05 00:13:14
2022-05-05 19:59:25,2022-05-05 20:00:53,Located_Indoors, In_Conversation, BP_Other,annotator,Behavioral Parameters,2022-05-05 00:13:17,2022-05-05 00:14:45
2022-05-05 20:00:53,2022-05-05 20:02:42,Located_Indoors, In_Conversation,annotator,Behavioral Parameters,2022-05-05 00:14:45,2022-05-05 00:16:34
2022-05-05 20:02:42,2022-05-05 20:28:36,Located_Indoors, In_Conversation, BP_Other,annotator,Behavioral Parameters,2022-05-05 00:16:34,2022-05-05 00:42:28
2022-05-05 20:28:36,2022-05-05 20:29:09,Located_Indoors, In_Conversation, Holding_Other_Object_Light,annotator,Behavioral Parameters,2022-05-05 00:42:28,2022-05-05 00:43:01
2022-05-05 20:29:09,2022-05-05 20:30:19,Located_Indoors, Holding_Other_Object_Light, Texting/Browsing_Phone,annotator,Behavioral Parameters,2022-05-05 00:43:01,2022-05-05 00:44:11
2022-05-05 20:30:20,2022-05-05 20:30:38,Located_Indoors, Holding_Other_Object_Light, Texting/Browsing_Phone,annotator,Behavioral Parameters,2022-05-05 00:44:12,2022-05-05 00:44:30
2022-05-05 20:30:39,2022-05-05 20:31:02,Located_Indoors, Holding_Other_Object_Light, Texting/Browsing_Phone,annotator,Behavioral Parameters,2022-05-05 00:44:31,2022-05-05 00:44:54
2022-05-05 20:31:02,2022-05-05 20:37:40,Holding_Other_Object_Light, Located_Outdoors,annotator,Behavioral Parameters,2022-05-05 00:44:54,2022-05-05 00:51:32
2022-05-05 20:37:44,2022-05-05 20:38:15,Holding_Other_Object_Light, Located_Indoors,annotator,Behavioral Parameters,2022-05-05 00:51:36,2022-05-05 00:52:07
2022-05-05 20:38:16,2022-05-05 20:38:40,Holding_Other_Object_Light, Located_Indoors,annotator,Behavioral Parameters,2022-05-05 00:52:08,2022-05-05 00:52:32
2022-05-05 20:38:41,2022-05-05 20:38:47,Holding_Other_Object_Light, Located_Indoors, In_Conversation,annotator,Behavioral Parameters,2022-05-05 00:52:33,2022-05-05 00:52:39
2022-05-05 20:38:48,2022-05-05 20:39:25,Holding_Other_Object_Light, Located_Indoors, In_Conversation,annotator,Behavioral Parameters,2022-05-05 00:52:40,2022-05-05 00:53:17
2022-05-05 20:39:25,2022-05-05 20:39:42,Located_Indoors,annotator,Behavioral Parameters,2022-05-05 00:53:17,2022-05-05 00:53:34
2022-05-05 20:39:43,2022-05-05 20:42:05,Located_Indoors,annotator,Behavioral Parameters,2022-05-05 00:53:35,2022-05-05 00:55:57
2022-05-05 20:42:05,2022-05-05 20:42:51,Located_Indoors, Holding_Drink,annotator,Behavioral Parameters,2022-05-05 00:55:57,2022-05-05 00:56:43
2022-05-05 20:42:52,2022-05-05 20:43:18,Located_Indoors,annotator,Behavioral Parameters,2022-05-05 00:56:44,2022-05-05 00:57:10
2022-05-05 20:43:18,2022-05-05 20:45:01,Located_Indoors, In_Conversation,annotator,Behavioral Parameters,2022-05-05 00:57:10,2022-05-05 00:58:53
2022-05-05 20:45:03,2022-05-05 20:46:49,Located_Indoors, Texting/Browsing_Phone, Holding_Other_Object_Light, In_Conversation,annotator,Behavioral Parameters,2022-05-05 00:58:55,2022-05-05 01:00:41
2022-05-05 20:46:50,2022-05-05 20:47:18,Located_Indoors, Texting/Browsing_Phone, Holding_Other_Object_Light, In_Conversation,annotator,Behavioral Parameters,2022-05-05 01:00:42,2022-05-05 01:01:10
2022-05-05 20:47:19,2022-05-05 20:47:49,Located_Indoors, Texting/Browsing_Phone, Holding_Other_Object_Light, In_Conversation,annotator,Behavioral Parameters,2022-05-05 01:01:11,2022-05-05 01:01:41
2022-05-05 20:47:50,2022-05-05 20:48:12,Located_Indoors, Texting/Browsing_Phone, Holding_Other_Object_Light, In_Conversation,annotator,Behavioral Parameters,2022-05-05 01:01:42,2022-05-05 01:02:04
2022-05-05 20:48:13,2022-05-05 20:49:37,Located_Indoors, In_Conversation, Texting/Browsing_Phone,annotator,Behavioral Parameters,2022-05-05 01:02:05,2022-05-05 01:03:29
2022-05-05 20:49:39,2022-05-05 20:54:31,In_Conversation, Located_Outdoors,annotator,Behavioral Parameters,2022-05-05 01:03:31,2022-05-05 01:08:23
2022-05-05 20:54:32,2022-05-05 20:54:38,In_Conversation, Located_Indoors,annotator,Behavioral Parameters,2022-05-05 01:08:24,2022-05-05 01:08:30
2022-05-05 20:54:39,2022-05-05 20:54:48,In_Conversation, Located_Indoors,annotator,Behavioral Parameters,2022-05-05 01:08:31,2022-05-05 01:08:40
2022-05-05 20:54:48,2022-05-05 20:55:47,In_Conversation, Located_Indoors,annotator,Behavioral Parameters,2022-05-05 01:08:40,2022-05-05 01:09:39
2022-05-05 20:55:48,2022-05-05 20:58:28,Located_Indoors,annotator,Behavioral Parameters,2022-05-05 01:09:40,2022-05-05 01:12:20
2022-05-05 20:58:29,2022-05-05 21:08:42,Located_Indoors, In_Conversation,annotator,Behavioral Parameters,2022-05-05 01:12:21,2022-05-05 01:22:34
2022-05-05 21:08:43,2022-05-05 21:10:18,Located_Indoors, In_Conversation, Texting/Browsing_Phone,annotator,Behavioral Parameters,2022-05-05 01:22:35,2022-05-05 01:24:10
2022-05-05 21:10:19,2022-05-05 21:11:15,Located_Indoors, In_Conversation, Texting/Browsing_Phone,annotator,Behavioral Parameters,2022-05-05 01:24:11,2022-05-05 01:25:07
2022-05-05 21:11:16,2022-05-05 21:13:58,Located_Indoors, In_Conversation,annotator,Behavioral Parameters,2022-05-05 01:25:08,2022-05-05 01:27:50
2022-05-05 21:13:59,2022-05-05 21:14:13,Located_Indoors, In_Conversation,annotator,Behavioral Parameters,2022-05-05 01:27:51,2022-05-05 01:28:05
2022-05-05 21:14:15,2022-05-05 21:15:47,Located_Indoors, BP_VideoUnavailable/Indecipherable,annotator,Behavioral Parameters,2022-05-05 01:28:07,2022-05-05 01:29:39
2022-05-05 21:15:48,2022-05-05 21:19:02,Located_Indoors, In_Conversation, Holding_Solid_Food,annotator,Behavioral Parameters,2022-05-05 01:29:40,2022-05-05 01:32:54
2022-05-05 21:19:03,2022-05-05 21:22:45,Located_Indoors, In_Conversation, Texting/Browsing_Phone,annotator,Behavioral Parameters,2022-05-05 01:32:55,2022-05-05 01:36:37
2022-05-05 21:22:46,2022-05-05 21:23:30,Located_Indoors, In_Conversation,annotator,Behavioral Parameters,2022-05-05 01:36:38,2022-05-05 01:37:22
2022-05-05 21:23:30,2022-05-05 21:24:36,Located_Indoors, In_Conversation, Texting/Browsing_Phone,annotator,Behavioral Parameters,2022-05-05 01:37:22,2022-05-05 01:38:28
2022-05-05 21:24:37,2022-05-05 21:27:32,Located_Indoors, BP_VideoUnavailable/Indecipherable,annotator,Behavioral Parameters,2022-05-05 01:38:29,2022-05-05 01:41:24
2022-05-05 21:27:34,2022-05-05 21:29:53,Located_Indoors, In_Conversation, Holding_Other_Object_Light,annotator,Behavioral Parameters,2022-05-05 01:41:26,2022-05-05 01:43:45
2022-05-05 21:29:53,2022-05-05 21:30:23,Located_Indoors, In_Conversation, Texting/Browsing_Phone,annotator,Behavioral Parameters,2022-05-05 01:43:45,2022-05-05 01:44:15
2022-05-05 21:30:24,2022-05-05 21:32:20,Located_Indoors, In_Conversation, Texting/Browsing_Phone,annotator,Behavioral Parameters,2022-05-05 01:44:16,2022-05-05 01:46:12
2022-05-05 21:32:21,2022-05-05 21:33:51,Located_Indoors, In_Conversation,annotator,Behavioral Parameters,2022-05-05 01:46:13,2022-05-05 01:47:43
2022-05-05 21:33:51,2022-05-05 21:34:12,Located_Indoors, In_Conversation, Texting/Browsing_Phone,annotator,Behavioral Parameters,2022-05-05 01:47:43,2022-05-05 01:48:04
2022-05-05 21:34:13,2022-05-05 21:36:15,Located_Indoors, In_Conversation,annotator,Behavioral Parameters,2022-05-05 01:48:05,2022-05-05 01:50:07
2022-05-05 21:36:15,2022-05-05 21:39:10,Located_Indoors, In_Conversation, Texting/Browsing_Phone,annotator,Behavioral Parameters,2022-05-05 01:50:07,2022-05-05 01:53:02
2022-05-05 21:39:11,2022-05-05 21:41:00,Located_Indoors, In_Conversation,annotator,Behavioral Parameters,2022-05-05 01:53:03,2022-05-05 01:54:52
2022-05-05 21:41:01,2022-05-05 21:43:47,Located_Indoors, Texting/Browsing_Phone, In_Conversation,annotator,Behavioral Parameters,2022-05-05 01:54:53,2022-05-05 01:57:39
2022-05-05 21:43:52,2022-05-05 21:47:04,Located_Indoors, BP_VideoUnavailable/Indecipherable,annotator,Behavioral Parameters,2022-05-05 01:57:44,2022-05-05 02:00:56
2022-05-05 21:47:05,2022-05-05 21:48:09,Located_Indoors, In_Conversation,annotator,Behavioral Parameters,2022-05-05 02:00:57,2022-05-05 02:02:01
2022-05-05 21:48:12,2022-05-05 21:51:43,Located_Indoors, In_Conversation, Texting/Browsing_Phone,annotator,Behavioral Parameters,2022-05-05 02:02:04,2022-05-05 02:05:35
2022-05-05 21:51:44,2022-05-05 22:00:14,Located_Indoors, In_Conversation,annotator,Behavioral Parameters,2022-05-05 02:05:36,2022-05-05 02:14:06
2022-05-05 22:00:15,2022-05-05 22:01:10,Located_Indoors, In_Conversation, Texting/Browsing_Phone,annotator,Behavioral Parameters,2022-05-05 02:14:07,2022-05-05 02:15:02
2022-05-05 22:01:10,2022-05-05 22:07:01,Located_Indoors, In_Conversation,annotator,Behavioral Parameters,2022-05-05 02:15:02,2022-05-05 02:20:53
2022-05-05 22:07:01,2022-05-05 22:09:35,Located_Indoors, In_Conversation, Texting/Browsing_Phone,annotator,Behavioral Parameters,2022-05-05 02:20:53,2022-05-05 02:23:27
2022-05-05 22:09:36,2022-05-05 22:10:55,Located_Indoors, In_Conversation,annotator,Behavioral Parameters,2022-05-05 02:23:28,2022-05-05 02:24:47
2022-05-05 22:10:56,2022-05-05 22:11:06,Located_Indoors, In_Conversation,annotator,Behavioral Parameters,2022-05-05 02:24:48,2022-05-05 02:24:58
2022-05-05 22:11:06,2022-05-05 22:11:43,Located_Indoors, In_Conversation,annotator,Behavioral Parameters,2022-05-05 02:24:58,2022-05-05 02:25:35
2022-05-05 22:11:43,2022-05-05 22:15:19,In_Conversation, Located_Outdoors,annotator,Behavioral Parameters,2022-05-05 02:25:35,2022-05-05 02:29:11
2022-05-05 22:15:19,2022-05-05 22:25:13,In_Conversation, Located_Outdoors,annotator,Behavioral Parameters,2022-05-05 02:29:11,2022-05-05 02:39:05
2022-05-05 22:25:15,2022-05-05 22:28:01,In_Conversation, Located_Outdoors,annotator,Behavioral Parameters,2022-05-05 02:39:07,2022-05-05 02:41:53
2022-05-05 22:28:04,2022-05-05 22:29:18,In_Conversation, Located_Outdoors,annotator,Behavioral Parameters,2022-05-05 02:41:56,2022-05-05 02:43:10
2022-05-05 22:29:19,2022-05-05 22:30:54,In_Conversation, Located_Outdoors,annotator,Behavioral Parameters,2022-05-05 02:43:11,2022-05-05 02:44:46
2022-05-05 22:30:55,2022-05-05 22:31:32,In_Conversation, Located_Outdoors, Texting/Browsing_Phone,annotator,Behavioral Parameters,2022-05-05 02:44:47,2022-05-05 02:45:24
2022-05-05 22:31:35,2022-05-05 22:45:01,In_Conversation, Located_Outdoors,annotator,Behavioral Parameters,2022-05-05 02:45:27,2022-05-05 02:58:53
2022-05-05 22:45:02,2022-05-05 22:45:36,Located_Outdoors, Texting/Browsing_Phone,annotator,Behavioral Parameters,2022-05-05 02:58:54,2022-05-05 02:59:28
2022-05-05 22:45:37,2022-05-05 22:46:19,Located_Outdoors, Texting/Browsing_Phone, Holding_Other_Object_Light, In_Conversation,annotator,Behavioral Parameters,2022-05-05 02:59:29,2022-05-05 03:00:11
2022-05-05 22:46:19,2022-05-05 22:47:13,Located_Outdoors, Texting/Browsing_Phone, Holding_Other_Object_Light, In_Conversation,annotator,Behavioral Parameters,2022-05-05 03:00:11,2022-05-05 03:01:05
2022-05-05 22:47:13,2022-05-05 22:47:35,Located_Outdoors, In_Conversation,annotator,Behavioral Parameters,2022-05-05 03:01:05,2022-05-05 03:01:27
2022-05-05 22:47:35,2022-05-05 22:47:37,Located_Outdoors, In_Conversation,annotator,Behavioral Parameters,2022-05-05 03:01:27,2022-05-05 03:01:29
2022-05-05 22:47:37,2022-05-05 22:48:11,Located_Outdoors, In_Conversation,annotator,Behavioral Parameters,2022-05-05 03:01:29,2022-05-05 03:02:03
2022-05-05 22:48:12,2022-05-05 22:49:55,Located_Outdoors, In_Conversation, Holding_Other_Object_Light,annotator,Behavioral Parameters,2022-05-05 03:02:04,2022-05-05 03:03:47
2022-05-05 22:49:57,2022-05-05 22:50:37,Located_Outdoors, In_Conversation, Holding_Other_Object_Light, Texting/Browsing_Phone,annotator,Behavioral Parameters,2022-05-05 03:03:49,2022-05-05 03:04:29
2022-05-05 22:50:37,2022-05-05 22:52:32,Located_Indoors, BP_VideoUnavailable/Indecipherable,annotator,Behavioral Parameters,2022-05-05 03:04:29,2022-05-05 03:06:24
2022-05-05 22:52:36,2022-05-05 22:53:25,Located_Indoors, Holding_Drink,annotator,Behavioral Parameters,2022-05-05 03:06:28,2022-05-05 03:07:17
2022-05-05 22:53:26,2022-05-05 22:54:35,Located_Indoors, BP_VideoUnavailable/Indecipherable,annotator,Behavioral Parameters,2022-05-05 03:07:18,2022-05-05 03:08:27
2022-05-05 22:54:38,2022-05-05 22:55:24,Located_Indoors,annotator,Behavioral Parameters,2022-05-05 03:08:30,2022-05-05 03:09:16
2022-05-05 22:55:26,2022-05-05 23:12:26,Located_Indoors, In_Conversation,annotator,Behavioral Parameters,2022-05-05 03:09:18,2022-05-05 03:26:18
2022-05-05 23:12:34,2022-05-05 23:13:17,Located_Indoors, Texting/Browsing_Phone,annotator,Behavioral Parameters,2022-05-05 03:26:26,2022-05-05 03:27:09
2022-05-05 23:13:24,2022-05-05 23:23:56,BP_VideoUnavailable/Indecipherable,annotator,Behavioral Parameters,2022-05-05 03:27:16,2022-05-05 03:37:48
