START_TIME,STOP_TIME,PREDICTION,SOURCE,LABELSET,VIDEO_START_TIME,VIDEO_END_TIME
2022-05-14 09:35:53,2022-05-14 09:36:04,Located_Indoors,annotator,Behavioral Parameters,2022-05-14 00:00:07,2022-05-14 00:00:18
2022-05-14 09:36:05,2022-05-14 09:37:46,Located_Indoors, Holding_Other_Object_Light,annotator,Behavioral Parameters,2022-05-14 00:00:19,2022-05-14 00:02:00
2022-05-14 09:37:48,2022-05-14 09:40:35,Located_Indoors, Holding_Other_Object_Light,annotator,Behavioral Parameters,2022-05-14 00:02:02,2022-05-14 00:04:49
2022-05-14 09:40:42,2022-05-14 09:41:59,Located_Indoors, Holding_Other_Object_Light, Handwriting,annotator,Behavioral Parameters,2022-05-14 00:04:56,2022-05-14 00:06:13
2022-05-14 09:42:04,2022-05-14 09:42:59,Located_Indoors, Holding_Other_Object_Light,annotator,Behavioral Parameters,2022-05-14 00:06:18,2022-05-14 00:07:13
2022-05-14 09:43:01,2022-05-14 09:44:15,Located_Indoors, Texting/Browsing_Phone,annotator,Behavioral Parameters,2022-05-14 00:07:15,2022-05-14 00:08:29
2022-05-14 09:44:16,2022-05-14 09:47:15,Located_Indoors,annotator,Behavioral Parameters,2022-05-14 00:08:30,2022-05-14 00:11:29
2022-05-14 09:47:18,2022-05-14 09:48:38,Located_Indoors,annotator,Behavioral Parameters,2022-05-14 00:11:32,2022-05-14 00:12:52
2022-05-14 09:48:40,2022-05-14 09:49:23,Located_Indoors,annotator,Behavioral Parameters,2022-05-14 00:12:54,2022-05-14 00:13:37
2022-05-14 09:49:28,2022-05-14 09:50:48,Located_Outdoors, Holding_Other_Object_Light,annotator,Behavioral Parameters,2022-05-14 00:13:42,2022-05-14 00:15:02
2022-05-14 09:50:50,2022-05-14 09:51:22,Located_Indoors,annotator,Behavioral Parameters,2022-05-14 00:15:04,2022-05-14 00:15:36
2022-05-14 09:51:23,2022-05-14 09:51:54,Located_Indoors,annotator,Behavioral Parameters,2022-05-14 00:15:37,2022-05-14 00:16:08
2022-05-14 09:51:56,2022-05-14 09:52:32,Located_Indoors,annotator,Behavioral Parameters,2022-05-14 00:16:10,2022-05-14 00:16:46
2022-05-14 09:53:57,2022-05-14 10:08:53,Located_Indoors,annotator,Behavioral Parameters,2022-05-14 00:18:11,2022-05-14 00:33:07
2022-05-14 10:08:56,2022-05-14 10:10:02,Located_Indoors,annotator,Behavioral Parameters,2022-05-14 00:33:10,2022-05-14 00:34:16
2022-05-14 10:10:05,2022-05-14 10:19:25,Located_Indoors,annotator,Behavioral Parameters,2022-05-14 00:34:19,2022-05-14 00:43:39
2022-05-14 10:19:40,2022-05-14 10:21:07,Located_Indoors,annotator,Behavioral Parameters,2022-05-14 00:43:54,2022-05-14 00:45:21
2022-05-14 10:21:14,2022-05-14 10:41:50,Located_Indoors,annotator,Behavioral Parameters,2022-05-14 00:45:28,2022-05-14 01:06:04
2022-05-14 10:41:51,2022-05-14 10:43:30,Located_Indoors,annotator,Behavioral Parameters,2022-05-14 01:06:05,2022-05-14 01:07:44
2022-05-14 10:43:31,2022-05-14 10:43:49,Located_Indoors, Texting/Browsing_Phone,annotator,Behavioral Parameters,2022-05-14 01:07:45,2022-05-14 01:08:03
2022-05-14 10:44:03,2022-05-14 11:31:02,Located_Indoors,annotator,Behavioral Parameters,2022-05-14 01:08:17,2022-05-14 01:55:16
2022-05-14 11:31:05,2022-05-14 11:32:45,Located_Indoors,annotator,Behavioral Parameters,2022-05-14 01:55:19,2022-05-14 01:56:59
2022-05-14 11:32:50,2022-05-14 12:02:48,Located_Indoors,annotator,Behavioral Parameters,2022-05-14 01:57:04,2022-05-14 02:27:02
2022-05-14 12:02:55,2022-05-14 12:03:19,Located_Indoors,annotator,Behavioral Parameters,2022-05-14 02:27:09,2022-05-14 02:27:33
2022-05-14 12:03:22,2022-05-14 12:08:57,Located_Indoors, Holding_Solid_Food,annotator,Behavioral Parameters,2022-05-14 02:27:36,2022-05-14 02:33:11
2022-05-14 12:09:06,2022-05-14 12:15:49,Located_Indoors,annotator,Behavioral Parameters,2022-05-14 02:33:20,2022-05-14 02:40:03
2022-05-14 12:15:57,2022-05-14 12:32:40,Located_Indoors,annotator,Behavioral Parameters,2022-05-14 02:40:11,2022-05-14 02:56:54
2022-05-14 12:32:43,2022-05-14 12:37:19,Located_Indoors,annotator,Behavioral Parameters,2022-05-14 02:56:57,2022-05-14 03:01:33
2022-05-14 12:37:26,2022-05-14 12:39:42,Located_Indoors,annotator,Behavioral Parameters,2022-05-14 03:01:40,2022-05-14 03:03:56
2022-05-14 12:39:45,2022-05-14 12:40:42,Located_Indoors, Texting/Browsing_Phone,annotator,Behavioral Parameters,2022-05-14 03:03:59,2022-05-14 03:04:56
2022-05-14 12:41:01,2022-05-14 12:43:58,Located_Indoors,annotator,Behavioral Parameters,2022-05-14 03:05:15,2022-05-14 03:08:12
2022-05-14 12:44:01,2022-05-14 13:27:18,Located_Indoors, Texting/Browsing_Phone,annotator,Behavioral Parameters,2022-05-14 03:08:15,2022-05-14 03:51:32
2022-05-14 13:27:22,2022-05-14 13:36:09,CP_VideoUnavailable/Indecipherable,annotator,Behavioral Parameters,2022-05-14 03:51:36,2022-05-14 04:00:23
2022-05-14 13:36:25,2022-05-14 13:41:41,Located_Indoors,annotator,Behavioral Parameters,2022-05-14 04:00:39,2022-05-14 04:05:55
2022-05-14 13:41:45,2022-05-14 13:42:29,CP_VideoUnavailable/Indecipherable,annotator,Behavioral Parameters,2022-05-14 04:05:59,2022-05-14 04:06:43
2022-05-14 13:42:32,2022-05-14 13:55:40,Located_Outdoors,annotator,Behavioral Parameters,2022-05-14 04:06:46,2022-05-14 04:19:54
2022-05-14 13:55:50,2022-05-14 14:00:33,Located_Outdoors,annotator,Behavioral Parameters,2022-05-14 04:20:04,2022-05-14 04:24:47
2022-05-14 14:00:35,2022-05-14 14:01:00,Located_Outdoors,annotator,Behavioral Parameters,2022-05-14 04:24:49,2022-05-14 04:25:14
2022-05-14 14:01:02,2022-05-14 14:01:31,Located_Outdoors,annotator,Behavioral Parameters,2022-05-14 04:25:16,2022-05-14 04:25:45
2022-05-14 14:01:35,2022-05-14 14:15:28,Located_Outdoors, Texting/Browsing_Phone,annotator,Behavioral Parameters,2022-05-14 04:25:49,2022-05-14 04:39:42
2022-05-14 14:15:32,2022-05-14 14:18:12,Located_Outdoors, Texting/Browsing_Phone,annotator,Behavioral Parameters,2022-05-14 04:39:46,2022-05-14 04:42:26
2022-05-14 14:18:19,2022-05-14 14:18:54,Located_Outdoors,annotator,Behavioral Parameters,2022-05-14 04:42:33,2022-05-14 04:43:08
2022-05-14 14:19:00,2022-05-14 14:19:17,Located_Outdoors,annotator,Behavioral Parameters,2022-05-14 04:43:14,2022-05-14 04:43:31
2022-05-14 14:19:18,2022-05-14 14:20:05,Located_Outdoors,annotator,Behavioral Parameters,2022-05-14 04:43:32,2022-05-14 04:44:19
2022-05-14 14:20:06,2022-05-14 14:23:19,Located_Outdoors, Texting/Browsing_Phone,annotator,Behavioral Parameters,2022-05-14 04:44:20,2022-05-14 04:47:33
2022-05-14 14:23:23,2022-05-14 14:29:45,Located_Outdoors, Texting/Browsing_Phone,annotator,Behavioral Parameters,2022-05-14 04:47:37,2022-05-14 04:53:59
2022-05-14 14:29:47,2022-05-14 14:35:20,Located_Outdoors,annotator,Behavioral Parameters,2022-05-14 04:54:01,2022-05-14 04:59:34
2022-05-14 14:35:22,2022-05-14 15:50:18,CP_VideoUnavailable/Indecipherable,annotator,Behavioral Parameters,2022-05-14 04:59:36,2022-05-14 06:14:32
2022-05-14 15:50:23,2022-05-14 15:53:40,Holding_Other_Object_Light, Texting/Browsing_Phone,annotator,Behavioral Parameters,2022-05-14 06:14:37,2022-05-14 06:17:54
2022-05-14 15:53:40,2022-05-14 15:54:26,Holding_Other_Object_Light, Texting/Browsing_Phone,annotator,Behavioral Parameters,2022-05-14 06:17:54,2022-05-14 06:18:40
2022-05-14 15:54:26,2022-05-14 16:05:03,Holding_Other_Object_Light, Texting/Browsing_Phone,annotator,Behavioral Parameters,2022-05-14 06:18:40,2022-05-14 06:29:17
2022-05-14 16:05:03,2022-05-14 16:06:30,Holding_Other_Object_Light, Texting/Browsing_Phone,annotator,Behavioral Parameters,2022-05-14 06:29:17,2022-05-14 06:30:44
2022-05-14 16:06:30,2022-05-14 16:07:02,Holding_Other_Object_Light, Holding_Drink,annotator,Behavioral Parameters,2022-05-14 06:30:44,2022-05-14 06:31:16
2022-05-14 16:07:02,2022-05-14 16:08:58,Holding_Other_Object_Light, Holding_Drink, Texting/Browsing_Phone,annotator,Behavioral Parameters,2022-05-14 06:31:16,2022-05-14 06:33:12
2022-05-14 16:08:58,2022-05-14 16:09:18,Holding_Other_Object_Light, Holding_Drink,annotator,Behavioral Parameters,2022-05-14 06:33:12,2022-05-14 06:33:32
2022-05-14 16:09:18,2022-05-14 16:10:26,Holding_Other_Object_Light, Holding_Drink, Texting/Browsing_Phone,annotator,Behavioral Parameters,2022-05-14 06:33:32,2022-05-14 06:34:40
2022-05-14 16:10:26,2022-05-14 16:11:11,Holding_Other_Object_Light, Holding_Drink, Texting/Browsing_Phone,annotator,Behavioral Parameters,2022-05-14 06:34:40,2022-05-14 06:35:25
2022-05-14 16:11:11,2022-05-14 16:12:39,Holding_Other_Object_Light, Holding_Drink, Texting/Browsing_Phone,annotator,Behavioral Parameters,2022-05-14 06:35:25,2022-05-14 06:36:53
2022-05-14 16:12:39,2022-05-14 16:13:02,Holding_Other_Object_Light, Holding_Drink, Texting/Browsing_Phone,annotator,Behavioral Parameters,2022-05-14 06:36:53,2022-05-14 06:37:16
2022-05-14 16:13:02,2022-05-14 16:18:46,Holding_Other_Object_Light, Holding_Drink, In_Conversation,annotator,Behavioral Parameters,2022-05-14 06:37:16,2022-05-14 06:43:00
2022-05-14 16:18:46,2022-05-14 16:22:06,Holding_Other_Object_Light, Holding_Drink, In_Conversation,annotator,Behavioral Parameters,2022-05-14 06:43:00,2022-05-14 06:46:20
2022-05-14 16:22:06,2022-05-14 16:22:53,Holding_Other_Object_Light, Holding_Drink, In_Conversation,annotator,Behavioral Parameters,2022-05-14 06:46:20,2022-05-14 06:47:07
2022-05-14 16:22:53,2022-05-14 16:29:40,Holding_Other_Object_Light, Holding_Drink, In_Conversation, Located_Outdoors,annotator,Behavioral Parameters,2022-05-14 06:47:07,2022-05-14 06:53:54
2022-05-14 16:29:40,2022-05-14 16:30:24,Holding_Other_Object_Light, In_Conversation, Located_Indoors,annotator,Behavioral Parameters,2022-05-14 06:53:54,2022-05-14 06:54:38
2022-05-14 16:30:24,2022-05-14 16:33:03,Holding_Other_Object_Light, In_Conversation, Located_Indoors,annotator,Behavioral Parameters,2022-05-14 06:54:38,2022-05-14 06:57:17
2022-05-14 16:33:03,2022-05-14 16:33:28,Holding_Other_Object_Light, In_Conversation, Located_Indoors,annotator,Behavioral Parameters,2022-05-14 06:57:17,2022-05-14 06:57:42
2022-05-14 16:33:28,2022-05-14 16:33:36,Holding_Other_Object_Light, Located_Indoors, Texting/Browsing_Phone,annotator,Behavioral Parameters,2022-05-14 06:57:42,2022-05-14 06:57:50
2022-05-14 16:33:36,2022-05-14 16:34:04,Holding_Other_Object_Light, Located_Indoors, Texting/Browsing_Phone,annotator,Behavioral Parameters,2022-05-14 06:57:50,2022-05-14 06:58:18
2022-05-14 16:34:04,2022-05-14 16:34:13,Holding_Other_Object_Light, Located_Indoors, Texting/Browsing_Phone,annotator,Behavioral Parameters,2022-05-14 06:58:18,2022-05-14 06:58:27
2022-05-14 16:34:13,2022-05-14 16:34:30,Holding_Other_Object_Light, Located_Indoors, Texting/Browsing_Phone,annotator,Behavioral Parameters,2022-05-14 06:58:27,2022-05-14 06:58:44
2022-05-14 16:34:30,2022-05-14 16:51:16,Holding_Other_Object_Light, Located_Indoors, In_Conversation, Holding_Solid_Food,annotator,Behavioral Parameters,2022-05-14 06:58:44,2022-05-14 07:15:30
2022-05-14 16:51:16,2022-05-14 16:51:32,Holding_Other_Object_Light, Located_Indoors,annotator,Behavioral Parameters,2022-05-14 07:15:30,2022-05-14 07:15:46
2022-05-14 16:51:32,2022-05-14 16:51:38,Holding_Other_Object_Light, Located_Indoors,annotator,Behavioral Parameters,2022-05-14 07:15:46,2022-05-14 07:15:52
2022-05-14 16:51:38,2022-05-14 16:52:24,Holding_Other_Object_Light, Located_Indoors,annotator,Behavioral Parameters,2022-05-14 07:15:52,2022-05-14 07:16:38
2022-05-14 16:52:24,2022-05-14 16:52:57,Holding_Other_Object_Light, Located_Outdoors, In_Conversation,annotator,Behavioral Parameters,2022-05-14 07:16:38,2022-05-14 07:17:11
2022-05-14 16:52:57,2022-05-14 16:53:07,Holding_Other_Object_Light, Located_Indoors,annotator,Behavioral Parameters,2022-05-14 07:17:11,2022-05-14 07:17:21
2022-05-14 16:53:07,2022-05-14 16:55:46,Holding_Other_Object_Light, Located_Indoors, Texting/Browsing_Phone,annotator,Behavioral Parameters,2022-05-14 07:17:21,2022-05-14 07:20:00
2022-05-14 16:55:46,2022-05-14 16:56:53,Holding_Other_Object_Light, Located_Indoors, Texting/Browsing_Phone,annotator,Behavioral Parameters,2022-05-14 07:20:00,2022-05-14 07:21:07
2022-05-14 16:56:53,2022-05-14 16:57:00,Holding_Other_Object_Light, Located_Indoors,annotator,Behavioral Parameters,2022-05-14 07:21:07,2022-05-14 07:21:14
2022-05-14 16:57:00,2022-05-14 16:57:26,Holding_Other_Object_Light, Located_Indoors,annotator,Behavioral Parameters,2022-05-14 07:21:14,2022-05-14 07:21:40
2022-05-14 16:57:26,2022-05-14 16:57:49,Holding_Other_Object_Light, Located_Indoors,annotator,Behavioral Parameters,2022-05-14 07:21:40,2022-05-14 07:22:03
2022-05-14 16:57:49,2022-05-14 16:57:58,Holding_Other_Object_Light, Located_Indoors,annotator,Behavioral Parameters,2022-05-14 07:22:03,2022-05-14 07:22:12
2022-05-14 16:57:58,2022-05-14 16:59:08,Holding_Other_Object_Light, Located_Outdoors, Holding_Drink,annotator,Behavioral Parameters,2022-05-14 07:22:12,2022-05-14 07:23:22
2022-05-14 16:59:08,2022-05-14 16:59:21,Holding_Other_Object_Light, Located_Outdoors, Holding_Drink,annotator,Behavioral Parameters,2022-05-14 07:23:22,2022-05-14 07:23:35
2022-05-14 16:59:21,2022-05-14 17:03:28,Holding_Other_Object_Light, Located_Outdoors,annotator,Behavioral Parameters,2022-05-14 07:23:35,2022-05-14 07:27:42
2022-05-14 17:03:28,2022-05-14 17:03:43,Holding_Other_Object_Light, Located_Outdoors,annotator,Behavioral Parameters,2022-05-14 07:27:42,2022-05-14 07:27:57
2022-05-14 17:03:43,2022-05-14 17:04:37,Holding_Other_Object_Light, Located_Outdoors,annotator,Behavioral Parameters,2022-05-14 07:27:57,2022-05-14 07:28:51
2022-05-14 17:04:37,2022-05-14 17:10:48,Holding_Other_Object_Light, Located_Outdoors,annotator,Behavioral Parameters,2022-05-14 07:28:51,2022-05-14 07:35:02
2022-05-14 17:10:48,2022-05-14 17:10:53,Holding_Other_Object_Light, Located_Outdoors,annotator,Behavioral Parameters,2022-05-14 07:35:02,2022-05-14 07:35:07
2022-05-14 17:10:53,2022-05-14 17:15:45,Holding_Other_Object_Light, Located_Outdoors,annotator,Behavioral Parameters,2022-05-14 07:35:07,2022-05-14 07:39:59
2022-05-14 17:15:45,2022-05-14 17:16:02,Holding_Other_Object_Light, Located_Outdoors,annotator,Behavioral Parameters,2022-05-14 07:39:59,2022-05-14 07:40:16
2022-05-14 17:16:02,2022-05-14 17:16:34,Holding_Other_Object_Light, Located_Outdoors,annotator,Behavioral Parameters,2022-05-14 07:40:16,2022-05-14 07:40:48
2022-05-14 17:16:34,2022-05-14 17:17:40,Holding_Other_Object_Light, Located_Outdoors,annotator,Behavioral Parameters,2022-05-14 07:40:48,2022-05-14 07:41:54
2022-05-14 17:17:40,2022-05-14 17:25:38,Located_Outdoors,annotator,Behavioral Parameters,2022-05-14 07:41:54,2022-05-14 07:49:52
2022-05-14 17:25:38,2022-05-14 17:26:16,Located_Outdoors, Holding_Other_Object_Light,annotator,Behavioral Parameters,2022-05-14 07:49:52,2022-05-14 07:50:30
2022-05-14 17:26:16,2022-05-14 17:26:23,Located_Outdoors, Holding_Other_Object_Light,annotator,Behavioral Parameters,2022-05-14 07:50:30,2022-05-14 07:50:37
2022-05-14 17:26:23,2022-05-14 17:29:33,Located_Outdoors, Holding_Other_Object_Light, Texting/Browsing_Phone,annotator,Behavioral Parameters,2022-05-14 07:50:37,2022-05-14 07:53:47
2022-05-14 17:29:33,2022-05-14 17:29:41,Located_Outdoors, Holding_Other_Object_Light,annotator,Behavioral Parameters,2022-05-14 07:53:47,2022-05-14 07:53:55
2022-05-14 17:29:41,2022-05-14 17:30:36,Located_Outdoors, Holding_Other_Object_Light,annotator,Behavioral Parameters,2022-05-14 07:53:55,2022-05-14 07:54:50
2022-05-14 17:30:36,2022-05-14 17:37:21,Located_Outdoors,annotator,Behavioral Parameters,2022-05-14 07:54:50,2022-05-14 08:01:35
2022-05-14 17:37:21,2022-05-14 17:38:17,Located_Outdoors, Holding_Other_Object_Light,annotator,Behavioral Parameters,2022-05-14 08:01:35,2022-05-14 08:02:31
2022-05-14 17:38:17,2022-05-14 17:39:00,Located_Outdoors, Holding_Other_Object_Light,annotator,Behavioral Parameters,2022-05-14 08:02:31,2022-05-14 08:03:14
2022-05-14 17:39:00,2022-05-14 17:39:16,Holding_Other_Object_Light, Located_Indoors,annotator,Behavioral Parameters,2022-05-14 08:03:14,2022-05-14 08:03:30
2022-05-14 17:39:16,2022-05-14 17:39:33,Holding_Other_Object_Light, Located_Indoors,annotator,Behavioral Parameters,2022-05-14 08:03:30,2022-05-14 08:03:47
2022-05-14 17:39:33,2022-05-14 17:52:01,Located_Indoors,annotator,Behavioral Parameters,2022-05-14 08:03:47,2022-05-14 08:16:15
2022-05-14 17:52:01,2022-05-14 17:52:45,Located_Indoors, Texting/Browsing_Phone,annotator,Behavioral Parameters,2022-05-14 08:16:15,2022-05-14 08:16:59
2022-05-14 17:52:45,2022-05-14 17:54:15,Located_Indoors, Texting/Browsing_Phone, Holding_Solid_Food,annotator,Behavioral Parameters,2022-05-14 08:16:59,2022-05-14 08:18:29
2022-05-14 17:54:15,2022-05-14 17:54:28,Located_Indoors, Texting/Browsing_Phone, Holding_Solid_Food,annotator,Behavioral Parameters,2022-05-14 08:18:29,2022-05-14 08:18:42
2022-05-14 17:54:28,2022-05-14 17:54:38,Located_Indoors, Texting/Browsing_Phone, Holding_Solid_Food,annotator,Behavioral Parameters,2022-05-14 08:18:42,2022-05-14 08:18:52
2022-05-14 17:54:38,2022-05-14 17:54:52,Located_Indoors, Texting/Browsing_Phone, Holding_Solid_Food,annotator,Behavioral Parameters,2022-05-14 08:18:52,2022-05-14 08:19:06
2022-05-14 17:54:52,2022-05-14 17:55:03,Located_Indoors, Texting/Browsing_Phone, Holding_Drink,annotator,Behavioral Parameters,2022-05-14 08:19:06,2022-05-14 08:19:17
2022-05-14 17:55:03,2022-05-14 17:55:10,Located_Indoors, Texting/Browsing_Phone, Holding_Drink,annotator,Behavioral Parameters,2022-05-14 08:19:17,2022-05-14 08:19:24
2022-05-14 17:55:10,2022-05-14 18:12:50,Located_Indoors, Texting/Browsing_Phone,annotator,Behavioral Parameters,2022-05-14 08:19:24,2022-05-14 08:37:04
2022-05-14 18:12:50,2022-05-14 18:13:00,Located_Indoors, Texting/Browsing_Phone,annotator,Behavioral Parameters,2022-05-14 08:37:04,2022-05-14 08:37:14
2022-05-14 18:13:00,2022-05-14 18:14:37,Located_Indoors,annotator,Behavioral Parameters,2022-05-14 08:37:14,2022-05-14 08:38:51
2022-05-14 18:14:37,2022-05-14 18:14:56,Located_Indoors,annotator,Behavioral Parameters,2022-05-14 08:38:51,2022-05-14 08:39:10
2022-05-14 18:14:56,2022-05-14 18:15:05,Located_Indoors, Holding_Other_Object_Light,annotator,Behavioral Parameters,2022-05-14 08:39:10,2022-05-14 08:39:19
2022-05-14 18:15:05,2022-05-14 18:15:53,Located_Indoors, Holding_Other_Object_Light,annotator,Behavioral Parameters,2022-05-14 08:39:19,2022-05-14 08:40:07
2022-05-14 18:15:53,2022-05-14 18:16:12,Located_Indoors, Holding_Other_Object_Light,annotator,Behavioral Parameters,2022-05-14 08:40:07,2022-05-14 08:40:26
2022-05-14 18:16:12,2022-05-14 18:16:24,Located_Indoors, Holding_Other_Object_Light,annotator,Behavioral Parameters,2022-05-14 08:40:26,2022-05-14 08:40:38
2022-05-14 18:16:24,2022-05-14 18:16:38,Located_Indoors, Holding_Other_Object_Light,annotator,Behavioral Parameters,2022-05-14 08:40:38,2022-05-14 08:40:52
2022-05-14 18:16:38,2022-05-14 18:16:54,Located_Indoors, Holding_Other_Object_Light,annotator,Behavioral Parameters,2022-05-14 08:40:52,2022-05-14 08:41:08
2022-05-14 18:16:54,2022-05-14 18:20:49,Holding_Other_Object_Light, Located_Outdoors,annotator,Behavioral Parameters,2022-05-14 08:41:08,2022-05-14 08:45:03
2022-05-14 18:20:49,2022-05-14 18:51:20,Located_Outdoors,annotator,Behavioral Parameters,2022-05-14 08:45:03,2022-05-14 09:15:34
2022-05-14 18:51:20,2022-05-14 18:58:37,Located_Outdoors, In_Conversation,annotator,Behavioral Parameters,2022-05-14 09:15:34,2022-05-14 09:22:51
2022-05-14 18:58:37,2022-05-14 18:58:50,Located_Outdoors, In_Conversation,annotator,Behavioral Parameters,2022-05-14 09:22:51,2022-05-14 09:23:04
2022-05-14 18:58:50,2022-05-14 19:00:57,Located_Outdoors, In_Conversation,annotator,Behavioral Parameters,2022-05-14 09:23:04,2022-05-14 09:25:11
2022-05-14 19:00:57,2022-05-14 19:04:40,Located_Outdoors, In_Conversation, Texting/Browsing_Phone,annotator,Behavioral Parameters,2022-05-14 09:25:11,2022-05-14 09:28:54
2022-05-14 19:04:40,2022-05-14 19:05:00,Texting/Browsing_Phone, Located_Indoors,annotator,Behavioral Parameters,2022-05-14 09:28:54,2022-05-14 09:29:14
2022-05-14 19:05:00,2022-05-14 19:05:11,Located_Indoors, Holding_Other_Object_Light,annotator,Behavioral Parameters,2022-05-14 09:29:14,2022-05-14 09:29:25
2022-05-14 19:05:11,2022-05-14 19:05:59,Located_Indoors,annotator,Behavioral Parameters,2022-05-14 09:29:25,2022-05-14 09:30:13
2022-05-14 19:05:59,2022-05-14 19:06:05,Located_Indoors,annotator,Behavioral Parameters,2022-05-14 09:30:13,2022-05-14 09:30:19
2022-05-14 19:06:05,2022-05-14 19:06:37,Located_Indoors, Holding_Other_Object_Light,annotator,Behavioral Parameters,2022-05-14 09:30:19,2022-05-14 09:30:51
2022-05-14 19:06:37,2022-05-14 19:32:47,Located_Indoors, Holding_Other_Object_Light,annotator,Behavioral Parameters,2022-05-14 09:30:51,2022-05-14 09:57:01
2022-05-14 19:32:47,2022-05-14 19:32:51,Located_Indoors, Holding_Other_Object_Light,annotator,Behavioral Parameters,2022-05-14 09:57:01,2022-05-14 09:57:05
2022-05-14 19:32:51,2022-05-14 19:33:00,Located_Indoors, Holding_Other_Object_Light,annotator,Behavioral Parameters,2022-05-14 09:57:05,2022-05-14 09:57:14
2022-05-14 19:33:00,2022-05-14 19:33:20,Located_Indoors, Holding_Other_Object_Light,annotator,Behavioral Parameters,2022-05-14 09:57:14,2022-05-14 09:57:34
2022-05-14 19:33:20,2022-05-14 19:33:31,Located_Indoors, Holding_Other_Object_Light,annotator,Behavioral Parameters,2022-05-14 09:57:34,2022-05-14 09:57:45
2022-05-14 19:33:31,2022-05-14 19:33:44,Located_Indoors, Holding_Other_Object_Light,annotator,Behavioral Parameters,2022-05-14 09:57:45,2022-05-14 09:57:58
2022-05-14 19:33:44,2022-05-14 19:34:54,Located_Indoors, Holding_Other_Object_Light,annotator,Behavioral Parameters,2022-05-14 09:57:58,2022-05-14 09:59:08
2022-05-14 19:34:54,2022-05-14 19:34:59,Located_Indoors, Holding_Other_Object_Light,annotator,Behavioral Parameters,2022-05-14 09:59:08,2022-05-14 09:59:13
2022-05-14 19:34:59,2022-05-14 19:35:14,Located_Indoors, Holding_Other_Object_Light,annotator,Behavioral Parameters,2022-05-14 09:59:13,2022-05-14 09:59:28
2022-05-14 19:35:14,2022-05-14 19:35:21,Located_Indoors, Holding_Other_Object_Light,annotator,Behavioral Parameters,2022-05-14 09:59:28,2022-05-14 09:59:35
2022-05-14 19:35:21,2022-05-14 19:35:43,Located_Indoors, Holding_Other_Object_Light, Handwriting,annotator,Behavioral Parameters,2022-05-14 09:59:35,2022-05-14 09:59:57
2022-05-14 19:35:43,2022-05-14 19:36:13,Located_Indoors, Holding_Other_Object_Light,annotator,Behavioral Parameters,2022-05-14 09:59:57,2022-05-14 10:00:27
2022-05-14 19:36:13,2022-05-14 19:36:51,Located_Indoors, Holding_Other_Object_Light,annotator,Behavioral Parameters,2022-05-14 10:00:27,2022-05-14 10:01:05
2022-05-14 19:36:51,2022-05-14 19:37:28,Located_Indoors, Holding_Other_Object_Light,annotator,Behavioral Parameters,2022-05-14 10:01:05,2022-05-14 10:01:42
2022-05-14 19:37:28,2022-05-14 19:37:36,Located_Indoors,annotator,Behavioral Parameters,2022-05-14 10:01:42,2022-05-14 10:01:50
2022-05-14 19:37:36,2022-05-14 19:37:53,Located_Indoors, Holding_Other_Object_Light,annotator,Behavioral Parameters,2022-05-14 10:01:50,2022-05-14 10:02:07
2022-05-14 19:37:53,2022-05-14 19:38:16,Holding_Other_Object_Light, Located_Outdoors,annotator,Behavioral Parameters,2022-05-14 10:02:07,2022-05-14 10:02:30
2022-05-14 19:38:16,2022-05-14 19:39:14,Holding_Other_Object_Light, Located_Outdoors, Texting/Browsing_Phone,annotator,Behavioral Parameters,2022-05-14 10:02:30,2022-05-14 10:03:28
2022-05-14 19:39:14,2022-05-14 19:39:28,Holding_Other_Object_Light, Located_Outdoors,annotator,Behavioral Parameters,2022-05-14 10:03:28,2022-05-14 10:03:42
2022-05-14 19:39:28,2022-05-14 19:39:47,Holding_Other_Object_Light, Located_Outdoors, Texting/Browsing_Phone,annotator,Behavioral Parameters,2022-05-14 10:03:42,2022-05-14 10:04:01
2022-05-14 19:39:47,2022-05-14 19:40:01,Holding_Other_Object_Light, Located_Outdoors, Texting/Browsing_Phone,annotator,Behavioral Parameters,2022-05-14 10:04:01,2022-05-14 10:04:15
2022-05-14 19:40:01,2022-05-14 19:40:09,Holding_Other_Object_Light, Located_Outdoors, Texting/Browsing_Phone,annotator,Behavioral Parameters,2022-05-14 10:04:15,2022-05-14 10:04:23
2022-05-14 19:40:09,2022-05-14 19:40:29,Holding_Other_Object_Light, Texting/Browsing_Phone, Located_Indoors,annotator,Behavioral Parameters,2022-05-14 10:04:23,2022-05-14 10:04:43
2022-05-14 19:40:29,2022-05-14 19:40:49,Holding_Other_Object_Light, Texting/Browsing_Phone, Located_Indoors,annotator,Behavioral Parameters,2022-05-14 10:04:43,2022-05-14 10:05:03
2022-05-14 19:40:49,2022-05-14 19:41:03,Holding_Other_Object_Light, Located_Indoors,annotator,Behavioral Parameters,2022-05-14 10:05:03,2022-05-14 10:05:17
2022-05-14 19:41:03,2022-05-14 19:41:19,Holding_Other_Object_Light, Located_Indoors,annotator,Behavioral Parameters,2022-05-14 10:05:17,2022-05-14 10:05:33
2022-05-14 19:41:19,2022-05-14 19:41:26,Located_Indoors,annotator,Behavioral Parameters,2022-05-14 10:05:33,2022-05-14 10:05:40
2022-05-14 19:41:26,2022-05-14 19:41:37,Located_Indoors, Holding_Other_Object_Light,annotator,Behavioral Parameters,2022-05-14 10:05:40,2022-05-14 10:05:51
2022-05-14 19:41:37,2022-05-14 19:41:52,Located_Indoors, Holding_Other_Object_Light,annotator,Behavioral Parameters,2022-05-14 10:05:51,2022-05-14 10:06:06
2022-05-14 19:41:52,2022-05-14 19:43:18,Located_Indoors, Holding_Other_Object_Light,annotator,Behavioral Parameters,2022-05-14 10:06:06,2022-05-14 10:07:32
2022-05-14 19:43:18,2022-05-14 19:43:26,Located_Indoors, Holding_Other_Object_Light,annotator,Behavioral Parameters,2022-05-14 10:07:32,2022-05-14 10:07:40
2022-05-14 19:43:26,2022-05-14 19:43:42,Located_Indoors, Texting/Browsing_Phone,annotator,Behavioral Parameters,2022-05-14 10:07:40,2022-05-14 10:07:56
2022-05-14 19:43:42,2022-05-14 19:43:53,Located_Indoors,annotator,Behavioral Parameters,2022-05-14 10:07:56,2022-05-14 10:08:07
2022-05-14 19:43:53,2022-05-14 19:44:33,Located_Indoors, Holding_Other_Object_Light, Texting/Browsing_Phone,annotator,Behavioral Parameters,2022-05-14 10:08:07,2022-05-14 10:08:47
2022-05-14 19:44:33,2022-05-14 19:44:41,Located_Indoors, Holding_Other_Object_Light,annotator,Behavioral Parameters,2022-05-14 10:08:47,2022-05-14 10:08:55
2022-05-14 19:44:41,2022-05-14 19:45:26,Located_Indoors, Holding_Other_Object_Light,annotator,Behavioral Parameters,2022-05-14 10:08:55,2022-05-14 10:09:40
2022-05-14 19:45:26,2022-05-14 19:45:39,Located_Indoors, Holding_Other_Object_Light, Texting/Browsing_Phone,annotator,Behavioral Parameters,2022-05-14 10:09:40,2022-05-14 10:09:53
2022-05-14 19:45:39,2022-05-14 19:45:50,Located_Indoors, Holding_Other_Object_Light, Texting/Browsing_Phone,annotator,Behavioral Parameters,2022-05-14 10:09:53,2022-05-14 10:10:04
2022-05-14 19:45:50,2022-05-14 19:46:01,Located_Indoors, Holding_Other_Object_Light, Texting/Browsing_Phone,annotator,Behavioral Parameters,2022-05-14 10:10:04,2022-05-14 10:10:15
2022-05-14 19:46:01,2022-05-14 19:46:16,Located_Indoors, Holding_Other_Object_Light,annotator,Behavioral Parameters,2022-05-14 10:10:15,2022-05-14 10:10:30
2022-05-14 19:46:16,2022-05-14 19:46:31,Holding_Other_Object_Light, Texting/Browsing_Phone, Located_Outdoors,annotator,Behavioral Parameters,2022-05-14 10:10:30,2022-05-14 10:10:45
2022-05-14 19:46:31,2022-05-14 19:47:59,Holding_Other_Object_Light, Texting/Browsing_Phone, Located_Outdoors, Holding_Drink,annotator,Behavioral Parameters,2022-05-14 10:10:45,2022-05-14 10:12:13
2022-05-14 19:47:59,2022-05-14 19:48:21,Holding_Other_Object_Light, Located_Outdoors,annotator,Behavioral Parameters,2022-05-14 10:12:13,2022-05-14 10:12:35
2022-05-14 19:48:21,2022-05-14 20:07:12,Holding_Other_Object_Light, Located_Outdoors, Texting/Browsing_Phone,annotator,Behavioral Parameters,2022-05-14 10:12:35,2022-05-14 10:31:26
2022-05-14 20:07:12,2022-05-14 23:36:08,CP_VideoUnavailable/Indecipherable,annotator,Behavioral Parameters,2022-05-14 10:31:26,2022-05-14 14:00:22
2022-05-14 23:36:08,2022-05-14 23:36:22,Located_Outdoors,annotator,Behavioral Parameters,2022-05-14 14:00:22,2022-05-14 14:00:36
2022-05-14 23:36:22,2022-05-14 23:36:40,Located_Indoors,annotator,Behavioral Parameters,2022-05-14 14:00:36,2022-05-14 14:00:54
2022-05-14 23:36:40,2022-05-14 23:36:52,Located_Indoors,annotator,Behavioral Parameters,2022-05-14 14:00:54,2022-05-14 14:01:06
2022-05-14 23:36:52,2022-05-14 23:40:28,Located_Indoors,annotator,Behavioral Parameters,2022-05-14 14:01:06,2022-05-14 14:04:42
2022-05-14 23:40:28,2022-05-14 23:40:47,Located_Indoors, Sync_Marker,annotator,Behavioral Parameters,2022-05-14 14:04:42,2022-05-14 14:05:01
