START_TIME,STOP_TIME,PREDICTION,SOURCE,LABELSET,VIDEO_START_TIME,VIDEO_END_TIME
2022-06-18 22:23:31,2022-06-18 22:26:19,Holding_Other_Object_Light, Texting/Browsing_Phone,annotator,Behavioral Parameters,2022-06-18 00:00:00,2022-06-18 00:02:48
2022-06-18 22:26:19,2022-06-18 22:27:05,Located_Indoors,annotator,Behavioral Parameters,2022-06-18 00:02:48,2022-06-18 00:03:34
2022-06-18 22:27:05,2022-06-18 22:27:25,Located_Indoors, In_Conversation,annotator,Behavioral Parameters,2022-06-18 00:03:34,2022-06-18 00:03:54
2022-06-18 22:27:25,2022-06-18 22:28:16,Located_Indoors, In_Conversation, Holding_Other_Object_Light, Texting/Browsing_Phone,annotator,Behavioral Parameters,2022-06-18 00:03:54,2022-06-18 00:04:45
2022-06-18 22:28:16,2022-06-18 22:28:57,Located_Indoors, In_Conversation,annotator,Behavioral Parameters,2022-06-18 00:04:45,2022-06-18 00:05:26
2022-06-18 22:28:57,2022-06-18 22:29:08,Located_Indoors,annotator,Behavioral Parameters,2022-06-18 00:05:26,2022-06-18 00:05:37
2022-06-18 22:29:08,2022-06-18 22:45:20,Located_Indoors, Holding_Other_Object_Light, In_Conversation,annotator,Behavioral Parameters,2022-06-18 00:05:37,2022-06-18 00:21:49
2022-06-18 22:45:20,2022-06-18 22:45:31,Located_Indoors, In_Conversation,annotator,Behavioral Parameters,2022-06-18 00:21:49,2022-06-18 00:22:00
2022-06-18 22:45:31,2022-06-18 22:47:15,Located_Indoors, In_Conversation,annotator,Behavioral Parameters,2022-06-18 00:22:00,2022-06-18 00:23:44
2022-06-18 22:47:15,2022-06-18 22:47:44,Located_Indoors, In_Conversation,annotator,Behavioral Parameters,2022-06-18 00:23:44,2022-06-18 00:24:13
2022-06-18 22:47:44,2022-06-18 22:48:07,Located_Indoors, In_Conversation,annotator,Behavioral Parameters,2022-06-18 00:24:13,2022-06-18 00:24:36
2022-06-18 22:48:07,2022-06-18 23:00:09,Located_Indoors, In_Conversation,annotator,Behavioral Parameters,2022-06-18 00:24:36,2022-06-18 00:36:38
2022-06-18 23:00:09,2022-06-18 23:00:34,Located_Indoors,annotator,Behavioral Parameters,2022-06-18 00:36:38,2022-06-18 00:37:03
2022-06-18 23:00:34,2022-06-18 23:00:50,Located_Indoors,annotator,Behavioral Parameters,2022-06-18 00:37:03,2022-06-18 00:37:19
2022-06-18 23:00:50,2022-06-18 23:00:57,Located_Indoors, In_Conversation,annotator,Behavioral Parameters,2022-06-18 00:37:19,2022-06-18 00:37:26
2022-06-18 23:00:57,2022-06-18 23:04:36,Located_Indoors, In_Conversation,annotator,Behavioral Parameters,2022-06-18 00:37:26,2022-06-18 00:41:05
2022-06-18 23:04:36,2022-06-18 23:04:50,Located_Indoors, In_Conversation,annotator,Behavioral Parameters,2022-06-18 00:41:05,2022-06-18 00:41:19
2022-06-18 23:04:50,2022-06-18 23:07:25,Located_Indoors, In_Conversation,annotator,Behavioral Parameters,2022-06-18 00:41:19,2022-06-18 00:43:54
2022-06-18 23:07:25,2022-06-18 23:15:58,Located_Indoors, In_Conversation, Holding_Other_Object_Light, Texting/Browsing_Phone,annotator,Behavioral Parameters,2022-06-18 00:43:54,2022-06-18 00:52:27
2022-06-18 23:15:58,2022-06-18 23:18:45,Located_Indoors, In_Conversation,annotator,Behavioral Parameters,2022-06-18 00:52:27,2022-06-18 00:55:14
2022-06-18 23:18:45,2022-06-18 23:21:28,Located_Indoors, In_Conversation, Holding_Other_Object_Light, Texting/Browsing_Phone,annotator,Behavioral Parameters,2022-06-18 00:55:14,2022-06-18 00:57:57
2022-06-18 23:21:28,2022-06-18 23:22:32,Located_Indoors, In_Conversation,annotator,Behavioral Parameters,2022-06-18 00:57:57,2022-06-18 00:59:01
2022-06-18 23:22:32,2022-06-18 23:22:48,Located_Indoors, In_Conversation,annotator,Behavioral Parameters,2022-06-18 00:59:01,2022-06-18 00:59:17
2022-06-18 23:22:48,2022-06-18 23:24:38,Located_Indoors,annotator,Behavioral Parameters,2022-06-18 00:59:17,2022-06-18 01:01:07
2022-06-18 23:24:38,2022-06-18 23:26:31,Located_Indoors,annotator,Behavioral Parameters,2022-06-18 01:01:07,2022-06-18 01:03:00
2022-06-18 23:26:31,2022-06-18 23:33:02,Located_Indoors, In_Conversation,annotator,Behavioral Parameters,2022-06-18 01:03:00,2022-06-18 01:09:31
2022-06-18 23:33:02,2022-06-18 23:33:54,Located_Indoors, In_Conversation, Holding_Other_Object_Light, Texting/Browsing_Phone,annotator,Behavioral Parameters,2022-06-18 01:09:31,2022-06-18 01:10:23
2022-06-18 23:33:54,2022-06-18 23:34:19,Located_Indoors, In_Conversation,annotator,Behavioral Parameters,2022-06-18 01:10:23,2022-06-18 01:10:48
2022-06-18 23:34:19,2022-06-18 23:38:24,Located_Indoors, In_Conversation,annotator,Behavioral Parameters,2022-06-18 01:10:48,2022-06-18 01:14:53
2022-06-18 23:38:24,2022-06-18 23:39:35,Located_Indoors, In_Conversation, Holding_Other_Object_Light,annotator,Behavioral Parameters,2022-06-18 01:14:53,2022-06-18 01:16:04
2022-06-18 23:39:35,2022-06-18 23:40:09,Located_Indoors, In_Conversation, Holding_Other_Object_Light,annotator,Behavioral Parameters,2022-06-18 01:16:04,2022-06-18 01:16:38
2022-06-18 23:40:09,2022-06-18 23:40:40,Located_Indoors, In_Conversation, Holding_Other_Object_Light,annotator,Behavioral Parameters,2022-06-18 01:16:38,2022-06-18 01:17:09
2022-06-18 23:40:40,2022-06-18 23:41:25,In_Conversation, Holding_Other_Object_Light, Located_Outdoors,annotator,Behavioral Parameters,2022-06-18 01:17:09,2022-06-18 01:17:54
2022-06-18 23:41:25,2022-06-18 23:42:43,In_Conversation, Holding_Other_Object_Light, Located_Indoors,annotator,Behavioral Parameters,2022-06-18 01:17:54,2022-06-18 01:19:12
2022-06-18 23:42:43,2022-06-18 23:43:11,In_Conversation, Holding_Other_Object_Light, Located_Indoors,annotator,Behavioral Parameters,2022-06-18 01:19:12,2022-06-18 01:19:40
2022-06-18 23:43:11,2022-06-18 23:43:53,In_Conversation, Holding_Other_Object_Light, Located_Indoors,annotator,Behavioral Parameters,2022-06-18 01:19:40,2022-06-18 01:20:22
2022-06-18 23:43:53,2022-06-18 23:46:40,In_Conversation, Located_Indoors, Browsing_Computer,annotator,Behavioral Parameters,2022-06-18 01:20:22,2022-06-18 01:23:09
2022-06-18 23:46:40,2022-06-18 23:58:49,In_Conversation, Located_Indoors,annotator,Behavioral Parameters,2022-06-18 01:23:09,2022-06-18 01:35:18
2022-06-18 23:58:49,2022-06-18 23:59:17,Located_Indoors,annotator,Behavioral Parameters,2022-06-18 01:35:18,2022-06-18 01:35:46
2022-06-18 23:59:17,2022-06-19 01:31:45,Located_Indoors,annotator,Behavioral Parameters,2022-06-18 01:35:46,2022-06-18 03:08:14
