START_TIME,STOP_TIME,PREDICTION,SOURCE,LABELSET,VIDEO_START_TIME,VIDEO_END_TIME
2022-01-17 20:00:01,2022-01-17 20:03:48,HLB_Unlabeled,annotator,HIGH LEVEL BEHAVIOR,2022-01-17 00:00:06,2022-01-17 00:03:53
2022-01-17 20:03:51,2022-01-17 20:05:23,HLB_Unlabeled,annotator,HIGH LEVEL BEHAVIOR,2022-01-17 00:03:56,2022-01-17 00:05:28
2022-01-17 20:05:30,2022-01-17 20:05:49,HLB_Unlabeled,annotator,HIGH LEVEL BEHAVIOR,2022-01-17 00:05:35,2022-01-17 00:05:54
2022-01-17 20:06:12,2022-01-17 20:17:00,,annotator,HIGH LEVEL BEHAVIOR,2022-01-17 00:06:17,2022-01-17 00:17:05
2022-01-17 20:17:16,2022-01-17 20:17:27,HLB_Unlabeled,annotator,HIGH LEVEL BEHAVIOR,2022-01-17 00:17:21,2022-01-17 00:17:32
2022-01-17 20:17:31,2022-01-17 20:18:31,HLB_Unlabeled,annotator,HIGH LEVEL BEHAVIOR,2022-01-17 00:17:36,2022-01-17 00:18:36
2022-01-17 20:18:34,2022-01-17 20:18:45,HLB_Unlabeled,annotator,HIGH LEVEL BEHAVIOR,2022-01-17 00:18:39,2022-01-17 00:18:50
2022-01-17 20:18:58,2022-01-17 20:19:23,HLB_Unlabeled,annotator,HIGH LEVEL BEHAVIOR,2022-01-17 00:19:03,2022-01-17 00:19:28
2022-01-17 20:19:27,2022-01-17 20:23:57,WatchingTV/Movies,annotator,HIGH LEVEL BEHAVIOR,2022-01-17 00:19:32,2022-01-17 00:24:02
2022-01-17 20:24:02,2022-01-17 20:24:27,WatchingTV/Movies,annotator,HIGH LEVEL BEHAVIOR,2022-01-17 00:24:07,2022-01-17 00:24:32
2022-01-17 20:24:34,2022-01-17 20:26:29,WatchingTV/Movies,annotator,HIGH LEVEL BEHAVIOR,2022-01-17 00:24:39,2022-01-17 00:26:34
2022-01-17 20:26:34,2022-01-17 20:29:51,WatchingTV/Movies,annotator,HIGH LEVEL BEHAVIOR,2022-01-17 00:26:39,2022-01-17 00:29:56
2022-01-17 20:29:55,2022-01-17 20:32:37,WatchingTV/Movies,annotator,HIGH LEVEL BEHAVIOR,2022-01-17 00:30:00,2022-01-17 00:32:42
2022-01-17 20:32:42,2022-01-17 20:32:54,WatchingTV/Movies,annotator,HIGH LEVEL BEHAVIOR,2022-01-17 00:32:47,2022-01-17 00:32:59
2022-01-17 20:33:00,2022-01-17 20:34:59,WatchingTV/Movies,annotator,HIGH LEVEL BEHAVIOR,2022-01-17 00:33:05,2022-01-17 00:35:04
2022-01-17 20:35:12,2022-01-17 21:13:49,WatchingTV/Movies,annotator,HIGH LEVEL BEHAVIOR,2022-01-17 00:35:17,2022-01-17 01:13:54
2022-01-17 21:13:55,2022-01-17 21:14:17,HLB_Unlabeled,annotator,HIGH LEVEL BEHAVIOR,2022-01-17 01:14:00,2022-01-17 01:14:22
2022-01-17 21:14:33,2022-01-17 21:23:18,WatchingTV/Movies,annotator,HIGH LEVEL BEHAVIOR,2022-01-17 01:14:38,2022-01-17 01:23:23
2022-01-17 21:23:25,2022-01-17 21:24:37,WatchingTV/Movies,annotator,HIGH LEVEL BEHAVIOR,2022-01-17 01:23:30,2022-01-17 01:24:42
2022-01-17 21:24:46,2022-01-17 21:27:12,WatchingTV/Movies,annotator,HIGH LEVEL BEHAVIOR,2022-01-17 01:24:51,2022-01-17 01:27:17
2022-01-17 21:27:15,2022-01-17 21:27:35,In_Transit_Active,annotator,HIGH LEVEL BEHAVIOR,2022-01-17 01:27:20,2022-01-17 01:27:40
2022-01-17 21:27:46,2022-01-17 21:28:00,In_Transit_Active, Riding_Elevator_Down,annotator,HIGH LEVEL BEHAVIOR,2022-01-17 01:27:51,2022-01-17 01:28:05
2022-01-17 21:28:06,2022-01-17 21:28:21,In_Transit_Active,annotator,HIGH LEVEL BEHAVIOR,2022-01-17 01:28:11,2022-01-17 01:28:26
2022-01-17 21:28:23,2022-01-17 21:28:37,In_Transit_Active,annotator,HIGH LEVEL BEHAVIOR,2022-01-17 01:28:28,2022-01-17 01:28:42
2022-01-17 21:28:24,2022-01-17 21:28:24,In_Transit_Active,annotator,HIGH LEVEL BEHAVIOR,2022-01-17 01:28:29,2022-01-17 01:28:29
2022-01-17 21:28:39,2022-01-17 21:28:41,In_Transit_Active,annotator,HIGH LEVEL BEHAVIOR,2022-01-17 01:28:44,2022-01-17 01:28:46
2022-01-17 21:28:45,2022-01-17 21:30:34,In_Transit_Active,annotator,HIGH LEVEL BEHAVIOR,2022-01-17 01:28:50,2022-01-17 01:30:39
2022-01-17 21:30:36,2022-01-17 21:30:44,In_Transit_Active, Riding_Escalator_Up,annotator,HIGH LEVEL BEHAVIOR,2022-01-17 01:30:41,2022-01-17 01:30:49
2022-01-17 21:30:47,2022-01-17 21:31:30,In_Transit_Active,annotator,HIGH LEVEL BEHAVIOR,2022-01-17 01:30:52,2022-01-17 01:31:35
2022-01-17 21:31:33,2022-01-17 21:31:38,In_Transit_Active,annotator,HIGH LEVEL BEHAVIOR,2022-01-17 01:31:38,2022-01-17 01:31:43
2022-01-17 21:31:40,2022-01-17 21:31:43,In_Transit_Active,annotator,HIGH LEVEL BEHAVIOR,2022-01-17 01:31:45,2022-01-17 01:31:48
2022-01-17 21:31:45,2022-01-17 21:37:56,In_Transit_Active,annotator,HIGH LEVEL BEHAVIOR,2022-01-17 01:31:50,2022-01-17 01:38:01
2022-01-17 21:38:00,2022-01-17 21:38:10,In_Transit_Active,annotator,HIGH LEVEL BEHAVIOR,2022-01-17 01:38:05,2022-01-17 01:38:15
2022-01-17 21:38:17,2022-01-17 21:38:23,In_Transit_Active,annotator,HIGH LEVEL BEHAVIOR,2022-01-17 01:38:22,2022-01-17 01:38:28
2022-01-17 21:38:27,2022-01-17 21:38:57,In_Transit_Active, Riding_Elevator_Up,annotator,HIGH LEVEL BEHAVIOR,2022-01-17 01:38:32,2022-01-17 01:39:02
2022-01-17 21:39:01,2022-01-17 21:39:27,In_Transit_Active,annotator,HIGH LEVEL BEHAVIOR,2022-01-17 01:39:06,2022-01-17 01:39:32
2022-01-17 21:39:32,2022-01-17 21:39:49,HLB_Unlabeled,annotator,HIGH LEVEL BEHAVIOR,2022-01-17 01:39:37,2022-01-17 01:39:54
2022-01-17 21:39:51,2022-01-17 21:40:39,HLB_Unlabeled,annotator,HIGH LEVEL BEHAVIOR,2022-01-17 01:39:56,2022-01-17 01:40:44
2022-01-17 21:40:40,2022-01-17 21:41:06,HLB_Unlabeled,annotator,HIGH LEVEL BEHAVIOR,2022-01-17 01:40:45,2022-01-17 01:41:11
2022-01-17 21:41:10,2022-01-17 21:41:19,HLB_Unlabeled,annotator,HIGH LEVEL BEHAVIOR,2022-01-17 01:41:15,2022-01-17 01:41:24
2022-01-17 21:41:21,2022-01-17 21:42:09,HLB_Unlabeled,annotator,HIGH LEVEL BEHAVIOR,2022-01-17 01:41:26,2022-01-17 01:42:14
2022-01-17 21:42:12,2022-01-17 21:42:29,HLB_Unlabeled,annotator,HIGH LEVEL BEHAVIOR,2022-01-17 01:42:17,2022-01-17 01:42:34
2022-01-17 21:42:31,2022-01-17 21:42:41,HLB_Unlabeled,annotator,HIGH LEVEL BEHAVIOR,2022-01-17 01:42:36,2022-01-17 01:42:46
2022-01-17 21:43:05,2022-01-17 21:43:16,HLB_Unlabeled,annotator,HIGH LEVEL BEHAVIOR,2022-01-17 01:43:10,2022-01-17 01:43:21
2022-01-17 21:43:18,2022-01-17 21:43:37,HLB_Unlabeled,annotator,HIGH LEVEL BEHAVIOR,2022-01-17 01:43:23,2022-01-17 01:43:42
2022-01-17 21:43:41,2022-01-17 21:44:14,HLB_Unlabeled,annotator,HIGH LEVEL BEHAVIOR,2022-01-17 01:43:46,2022-01-17 01:44:19
2022-01-17 21:44:16,2022-01-17 21:45:27,HLB_Unlabeled,annotator,HIGH LEVEL BEHAVIOR,2022-01-17 01:44:21,2022-01-17 01:45:32
2022-01-17 21:45:28,2022-01-17 21:46:47,HLB_Unlabeled,annotator,HIGH LEVEL BEHAVIOR,2022-01-17 01:45:33,2022-01-17 01:46:52
2022-01-17 21:46:51,2022-01-17 21:47:07,HLB_Unlabeled,annotator,HIGH LEVEL BEHAVIOR,2022-01-17 01:46:56,2022-01-17 01:47:12
2022-01-17 21:47:09,2022-01-17 21:49:15,HLB_Unlabeled,annotator,HIGH LEVEL BEHAVIOR,2022-01-17 01:47:14,2022-01-17 01:49:20
2022-01-17 21:49:19,2022-01-17 21:50:25,HLB_Unlabeled,annotator,HIGH LEVEL BEHAVIOR,2022-01-17 01:49:24,2022-01-17 01:50:30
2022-01-17 21:50:27,2022-01-17 21:51:09,HLB_Unlabeled,annotator,HIGH LEVEL BEHAVIOR,2022-01-17 01:50:32,2022-01-17 01:51:14
2022-01-17 21:51:19,2022-01-17 21:51:35,HLB_Unlabeled,annotator,HIGH LEVEL BEHAVIOR,2022-01-17 01:51:24,2022-01-17 01:51:40
2022-01-17 21:51:39,2022-01-17 21:52:46,HLB_Unlabeled,annotator,HIGH LEVEL BEHAVIOR,2022-01-17 01:51:44,2022-01-17 01:52:51
2022-01-17 21:52:53,2022-01-17 21:53:02,HLB_Unlabeled,annotator,HIGH LEVEL BEHAVIOR,2022-01-17 01:52:58,2022-01-17 01:53:07
2022-01-17 21:53:05,2022-01-17 21:53:26,HLB_Unlabeled,annotator,HIGH LEVEL BEHAVIOR,2022-01-17 01:53:10,2022-01-17 01:53:31
2022-01-17 21:53:28,2022-01-17 21:53:39,HLB_Unlabeled,annotator,HIGH LEVEL BEHAVIOR,2022-01-17 01:53:33,2022-01-17 01:53:44
2022-01-17 21:53:44,2022-01-17 21:53:44,HLB_Unlabeled,annotator,HIGH LEVEL BEHAVIOR,2022-01-17 01:53:49,2022-01-17 01:53:49
2022-01-17 21:53:46,2022-01-17 21:54:26,HLB_Unlabeled,annotator,HIGH LEVEL BEHAVIOR,2022-01-17 01:53:51,2022-01-17 01:54:31
2022-01-17 21:54:28,2022-01-17 22:05:19,HLB_Unlabeled,annotator,HIGH LEVEL BEHAVIOR,2022-01-17 01:54:33,2022-01-17 02:05:24
2022-01-17 22:05:26,2022-01-17 22:09:54,Using_Computer/Screen,annotator,HIGH LEVEL BEHAVIOR,2022-01-17 02:05:31,2022-01-17 02:09:59
2022-01-17 22:09:56,2022-01-17 22:10:30,Using_Computer/Screen,annotator,HIGH LEVEL BEHAVIOR,2022-01-17 02:10:01,2022-01-17 02:10:35
2022-01-17 22:10:33,2022-01-17 22:13:10,Using_Computer/Screen,annotator,HIGH LEVEL BEHAVIOR,2022-01-17 02:10:38,2022-01-17 02:13:15
2022-01-17 22:13:12,2022-01-17 22:13:28,Using_Computer/Screen,annotator,HIGH LEVEL BEHAVIOR,2022-01-17 02:13:17,2022-01-17 02:13:33
2022-01-17 22:13:29,2022-01-17 22:14:45,Using_Computer/Screen,annotator,HIGH LEVEL BEHAVIOR,2022-01-17 02:13:34,2022-01-17 02:14:50
2022-01-17 22:14:52,2022-01-17 22:15:03,HLB_Unlabeled,annotator,HIGH LEVEL BEHAVIOR,2022-01-17 02:14:57,2022-01-17 02:15:08
2022-01-17 22:15:05,2022-01-17 22:15:17,HLB_Unlabeled,annotator,HIGH LEVEL BEHAVIOR,2022-01-17 02:15:10,2022-01-17 02:15:22
2022-01-17 22:15:18,2022-01-17 22:15:33,HLB_Unlabeled,annotator,HIGH LEVEL BEHAVIOR,2022-01-17 02:15:23,2022-01-17 02:15:38
2022-01-17 22:15:34,2022-01-17 22:15:39,HLB_Unlabeled,annotator,HIGH LEVEL BEHAVIOR,2022-01-17 02:15:39,2022-01-17 02:15:44
2022-01-17 22:15:41,2022-01-17 22:16:32,HLB_Unlabeled,annotator,HIGH LEVEL BEHAVIOR,2022-01-17 02:15:46,2022-01-17 02:16:37
2022-01-17 22:16:34,2022-01-17 22:17:44,HLB_Unlabeled,annotator,HIGH LEVEL BEHAVIOR,2022-01-17 02:16:39,2022-01-17 02:17:49
2022-01-17 22:17:47,2022-01-17 22:18:36,Using_Computer/Screen,annotator,HIGH LEVEL BEHAVIOR,2022-01-17 02:17:52,2022-01-17 02:18:41
2022-01-17 22:18:39,2022-01-17 22:19:55,Using_Computer/Screen, Meeting_Virtual,annotator,HIGH LEVEL BEHAVIOR,2022-01-17 02:18:44,2022-01-17 02:20:00
2022-01-17 22:20:00,2022-01-17 22:20:17,Using_Computer/Screen, Meeting_Virtual,annotator,HIGH LEVEL BEHAVIOR,2022-01-17 02:20:05,2022-01-17 02:20:22
2022-01-17 22:20:24,2022-01-17 22:21:11,Using_Computer/Screen, Meeting_Virtual,annotator,HIGH LEVEL BEHAVIOR,2022-01-17 02:20:29,2022-01-17 02:21:16
