START_TIME,STOP_TIME,PREDICTION,SOURCE,LABELSET,VIDEO_START_TIME,VIDEO_END_TIME
2022-05-14 09:35:53,2022-05-14 09:36:04,Free_Living,annotator,Experimental situation,2022-05-14 00:00:07,2022-05-14 00:00:18
2022-05-14 09:36:05,2022-05-14 09:37:46,Free_Living,annotator,Experimental situation,2022-05-14 00:00:19,2022-05-14 00:02:00
2022-05-14 09:37:48,2022-05-14 09:40:35,Free_Living,annotator,Experimental situation,2022-05-14 00:02:02,2022-05-14 00:04:49
2022-05-14 09:40:42,2022-05-14 09:41:59,Free_Living,annotator,Experimental situation,2022-05-14 00:04:56,2022-05-14 00:06:13
2022-05-14 09:42:04,2022-05-14 09:42:59,Free_Living,annotator,Experimental situation,2022-05-14 00:06:18,2022-05-14 00:07:13
2022-05-14 09:43:01,2022-05-14 09:44:15,Free_Living,annotator,Experimental situation,2022-05-14 00:07:15,2022-05-14 00:08:29
2022-05-14 09:44:16,2022-05-14 09:47:15,Free_Living,annotator,Experimental situation,2022-05-14 00:08:30,2022-05-14 00:11:29
2022-05-14 09:47:18,2022-05-14 09:48:38,Free_Living,annotator,Experimental situation,2022-05-14 00:11:32,2022-05-14 00:12:52
2022-05-14 09:48:40,2022-05-14 09:49:23,Free_Living,annotator,Experimental situation,2022-05-14 00:12:54,2022-05-14 00:13:37
2022-05-14 09:49:28,2022-05-14 09:50:48,Free_Living,annotator,Experimental situation,2022-05-14 00:13:42,2022-05-14 00:15:02
2022-05-14 09:50:50,2022-05-14 09:51:22,Free_Living,annotator,Experimental situation,2022-05-14 00:15:04,2022-05-14 00:15:36
2022-05-14 09:51:23,2022-05-14 09:51:54,Free_Living,annotator,Experimental situation,2022-05-14 00:15:37,2022-05-14 00:16:08
2022-05-14 09:51:56,2022-05-14 09:52:32,Free_Living,annotator,Experimental situation,2022-05-14 00:16:10,2022-05-14 00:16:46
2022-05-14 09:53:57,2022-05-14 10:08:53,Free_Living,annotator,Experimental situation,2022-05-14 00:18:11,2022-05-14 00:33:07
2022-05-14 10:08:56,2022-05-14 10:10:02,Free_Living,annotator,Experimental situation,2022-05-14 00:33:10,2022-05-14 00:34:16
2022-05-14 10:10:05,2022-05-14 10:19:25,Free_Living,annotator,Experimental situation,2022-05-14 00:34:19,2022-05-14 00:43:39
2022-05-14 10:19:40,2022-05-14 10:21:07,Free_Living,annotator,Experimental situation,2022-05-14 00:43:54,2022-05-14 00:45:21
2022-05-14 10:21:14,2022-05-14 10:41:50,Free_Living,annotator,Experimental situation,2022-05-14 00:45:28,2022-05-14 01:06:04
2022-05-14 10:41:51,2022-05-14 10:43:30,Free_Living,annotator,Experimental situation,2022-05-14 01:06:05,2022-05-14 01:07:44
2022-05-14 10:43:31,2022-05-14 10:43:49,Free_Living,annotator,Experimental situation,2022-05-14 01:07:45,2022-05-14 01:08:03
2022-05-14 10:44:03,2022-05-14 11:31:02,Free_Living,annotator,Experimental situation,2022-05-14 01:08:17,2022-05-14 01:55:16
2022-05-14 11:31:05,2022-05-14 11:32:45,Free_Living,annotator,Experimental situation,2022-05-14 01:55:19,2022-05-14 01:56:59
2022-05-14 11:32:50,2022-05-14 12:02:48,Free_Living,annotator,Experimental situation,2022-05-14 01:57:04,2022-05-14 02:27:02
2022-05-14 12:02:55,2022-05-14 12:03:19,Free_Living,annotator,Experimental situation,2022-05-14 02:27:09,2022-05-14 02:27:33
2022-05-14 12:03:22,2022-05-14 12:08:57,Free_Living,annotator,Experimental situation,2022-05-14 02:27:36,2022-05-14 02:33:11
2022-05-14 12:09:06,2022-05-14 12:15:49,Free_Living,annotator,Experimental situation,2022-05-14 02:33:20,2022-05-14 02:40:03
2022-05-14 12:15:57,2022-05-14 12:32:40,Free_Living,annotator,Experimental situation,2022-05-14 02:40:11,2022-05-14 02:56:54
2022-05-14 12:32:43,2022-05-14 12:37:19,Free_Living,annotator,Experimental situation,2022-05-14 02:56:57,2022-05-14 03:01:33
2022-05-14 12:37:26,2022-05-14 12:39:42,Free_Living,annotator,Experimental situation,2022-05-14 03:01:40,2022-05-14 03:03:56
2022-05-14 12:39:45,2022-05-14 12:40:42,Free_Living,annotator,Experimental situation,2022-05-14 03:03:59,2022-05-14 03:04:56
2022-05-14 12:41:01,2022-05-14 12:43:58,Free_Living,annotator,Experimental situation,2022-05-14 03:05:15,2022-05-14 03:08:12
2022-05-14 12:44:01,2022-05-14 13:27:18,Free_Living,annotator,Experimental situation,2022-05-14 03:08:15,2022-05-14 03:51:32
2022-05-14 13:27:22,2022-05-14 13:36:09,Free_Living,annotator,Experimental situation,2022-05-14 03:51:36,2022-05-14 04:00:23
2022-05-14 13:36:25,2022-05-14 13:41:41,Free_Living,annotator,Experimental situation,2022-05-14 04:00:39,2022-05-14 04:05:55
2022-05-14 13:41:45,2022-05-14 13:42:29,Free_Living,annotator,Experimental situation,2022-05-14 04:05:59,2022-05-14 04:06:43
2022-05-14 13:42:32,2022-05-14 13:55:40,Free_Living,annotator,Experimental situation,2022-05-14 04:06:46,2022-05-14 04:19:54
2022-05-14 13:55:50,2022-05-14 14:00:33,Free_Living,annotator,Experimental situation,2022-05-14 04:20:04,2022-05-14 04:24:47
2022-05-14 14:00:35,2022-05-14 14:01:00,Free_Living,annotator,Experimental situation,2022-05-14 04:24:49,2022-05-14 04:25:14
2022-05-14 14:01:02,2022-05-14 14:01:31,Free_Living,annotator,Experimental situation,2022-05-14 04:25:16,2022-05-14 04:25:45
2022-05-14 14:01:35,2022-05-14 14:15:28,Free_Living,annotator,Experimental situation,2022-05-14 04:25:49,2022-05-14 04:39:42
2022-05-14 14:15:32,2022-05-14 14:18:12,Free_Living,annotator,Experimental situation,2022-05-14 04:39:46,2022-05-14 04:42:26
2022-05-14 14:18:19,2022-05-14 14:18:54,Free_Living,annotator,Experimental situation,2022-05-14 04:42:33,2022-05-14 04:43:08
2022-05-14 14:19:00,2022-05-14 14:19:17,Free_Living,annotator,Experimental situation,2022-05-14 04:43:14,2022-05-14 04:43:31
2022-05-14 14:19:18,2022-05-14 14:20:05,Free_Living,annotator,Experimental situation,2022-05-14 04:43:32,2022-05-14 04:44:19
2022-05-14 14:20:06,2022-05-14 14:23:19,Free_Living,annotator,Experimental situation,2022-05-14 04:44:20,2022-05-14 04:47:33
2022-05-14 14:23:23,2022-05-14 14:29:45,Free_Living,annotator,Experimental situation,2022-05-14 04:47:37,2022-05-14 04:53:59
2022-05-14 14:29:47,2022-05-14 14:35:20,Free_Living,annotator,Experimental situation,2022-05-14 04:54:01,2022-05-14 04:59:34
2022-05-14 14:35:22,2022-05-14 15:50:18,Free_Living,annotator,Experimental situation,2022-05-14 04:59:36,2022-05-14 06:14:32
