{
    "annotations": [
        {
            "id": "fed16127-a9c4-45fb-bd24-7f13ee07f182",
            "range": {
                "start": 5,
                "end": 37
            },
            "shape": {
                "x1": null,
                "x2": null,
                "y1": null,
                "y2": null
            },
            "comments": [
                {
                    "id": "4a356623-d587-e5ba-8821-b627923edc03",
                    "meta": {
                        "datetime": "2022-06-15T20:37:10.991Z",
                        "user_id": 2,
                        "user_name": "Harish"
                    },
                    "body": "[{\"category\":\"POSTURE\",\"selectedValue\":\"In_Position_Upright\"},{\"category\":\"HIGH LEVEL BEHAVIOR\",\"selectedValue\":[\"Dressing/Undressing\"]},{\"category\":\"PA TYPE\",\"selectedValue\":\"Synchronizing_Sensors\"},{\"category\":\"Behavioral Parameters\",\"selectedValue\":[\"Located_Indoors\"]},{\"category\":\"Experimental situation\",\"selectedValue\":\"Free_Living\"}]"
                }
            ]
        },
        {
            "id": "4cfada26-eae8-46cb-af92-3e8b070436be",
            "range": {
                "start": 38,
                "end": 69
            },
            "shape": {
                "x1": null,
                "x2": null,
                "y1": null,
                "y2": null
            },
            "comments": [
                {
                    "id": "53004898-f9e7-a499-3444-a36dd1007b3d",
                    "meta": {
                        "datetime": "2022-06-15T20:37:31.427Z",
                        "user_id": 2,
                        "user_name": "Harish"
                    },
                    "body": "[{\"category\":\"POSTURE\",\"selectedValue\":\"In_Position_Upright\"},{\"category\":\"HIGH LEVEL BEHAVIOR\",\"selectedValue\":[\"Dressing/Undressing\"]},{\"category\":\"PA TYPE\",\"selectedValue\":\"Synchronizing_Sensors\"},{\"category\":\"Behavioral Parameters\",\"selectedValue\":[\"Located_Indoors\",\"Sync_Marker\"]},{\"category\":\"Experimental situation\",\"selectedValue\":\"Free_Living\"}]"
                }
            ]
        },
        {
            "id": "0878628d-e1d1-4b72-af4f-46e57fe76ad7",
            "range": {
                "start": 70,
                "end": 178
            },
            "shape": {
                "x1": null,
                "x2": null,
                "y1": null,
                "y2": null
            },
            "comments": [
                {
                    "id": "3aa8b857-c473-68b9-fda7-7d577c318fe3",
                    "meta": {
                        "datetime": "2022-06-15T20:39:52.746Z",
                        "user_id": 2,
                        "user_name": "Harish"
                    },
                    "body": "[{\"category\":\"POSTURE\",\"selectedValue\":\"In_Position_Upright\"},{\"category\":\"HIGH LEVEL BEHAVIOR\",\"selectedValue\":[\"Doing_Common_Housework_Light\"]},{\"category\":\"PA TYPE\",\"selectedValue\":\"Puttering_Around\"},{\"category\":\"Behavioral Parameters\",\"selectedValue\":[\"Located_Indoors\"]},{\"category\":\"Experimental situation\",\"selectedValue\":\"Free_Living\"}]"
                }
            ]
        },
        {
            "id": "fcdca6f7-0444-4416-a413-47f8d8ac86c7",
            "range": {
                "start": 178,
                "end": 234
            },
            "shape": {
                "x1": null,
                "x2": null,
                "y1": null,
                "y2": null
            },
            "comments": [
                {
                    "id": "fe9602ad-4964-3dab-95a9-9301b6c61d03",
                    "meta": {
                        "datetime": "2022-06-15T20:39:52.750Z",
                        "user_id": 2,
                        "user_name": "Harish"
                    },
                    "body": "[{\"category\":\"POSTURE\",\"selectedValue\":\"In_Position_Upright\"},{\"category\":\"HIGH LEVEL BEHAVIOR\",\"selectedValue\":[\"Packing/Unpacking_Something\"]},{\"category\":\"PA TYPE\",\"selectedValue\":\"Puttering_Around\"},{\"category\":\"Behavioral Parameters\",\"selectedValue\":[\"Located_Indoors\"]},{\"category\":\"Experimental situation\",\"selectedValue\":\"Free_Living\"}]"
                }
            ]
        },
        {
            "id": "28cc00e7-5306-4959-b45c-e206a189e134",
            "range": {
                "start": 236,
                "end": 301
            },
            "shape": {
                "x1": null,
                "x2": null,
                "y1": null,
                "y2": null
            },
            "comments": [
                {
                    "id": "b38dfb51-2a87-712d-a665-66de660a5b56",
                    "meta": {
                        "datetime": "2022-06-15T20:40:09.975Z",
                        "user_id": 2,
                        "user_name": "Harish"
                    },
                    "body": "[{\"category\":\"POSTURE\",\"selectedValue\":\"In_Position_Upright\"},{\"category\":\"HIGH LEVEL BEHAVIOR\",\"selectedValue\":[\"Packing/Unpacking_Something\"]},{\"category\":\"PA TYPE\",\"selectedValue\":\"Puttering_Around\"},{\"category\":\"Behavioral Parameters\",\"selectedValue\":[\"Located_Indoors\"]},{\"category\":\"Experimental situation\",\"selectedValue\":\"Free_Living\"}]"
                }
            ]
        },
        {
            "id": "c678fc16-ca2d-481b-b41d-8afb3fbb8bec",
            "range": {
                "start": 301,
                "end": 322
            },
            "shape": {
                "x1": null,
                "x2": null,
                "y1": null,
                "y2": null
            },
            "comments": [
                {
                    "id": "3a29965d-50cf-4ec0-e058-de8bbeaf1a16",
                    "meta": {
                        "datetime": "2022-06-15T20:40:25.337Z",
                        "user_id": 2,
                        "user_name": "Harish"
                    },
                    "body": "[{\"category\":\"POSTURE\",\"selectedValue\":\"In_Position_Upright\"},{\"category\":\"HIGH LEVEL BEHAVIOR\",\"selectedValue\":[\"Packing/Unpacking_Something\"]},{\"category\":\"PA TYPE\",\"selectedValue\":\"Puttering_Around\"},{\"category\":\"Behavioral Parameters\",\"selectedValue\":[\"Located_Indoors\",\"Holding_Drink\"]},{\"category\":\"Experimental situation\",\"selectedValue\":\"Free_Living\"}]"
                }
            ]
        },
        {
            "id": "e38b9374-76a8-48d7-86b9-4b0f9fad3561",
            "range": {
                "start": 323,
                "end": 353
            },
            "shape": {
                "x1": null,
                "x2": null,
                "y1": null,
                "y2": null
            },
            "comments": [
                {
                    "id": "37f40a94-49a3-5ca3-1d4a-e535a1e01e2d",
                    "meta": {
                        "datetime": "2022-06-15T20:40:49.478Z",
                        "user_id": 2,
                        "user_name": "Harish"
                    },
                    "body": "[{\"category\":\"POSTURE\",\"selectedValue\":\"In_Position_Upright\"},{\"category\":\"HIGH LEVEL BEHAVIOR\",\"selectedValue\":[\"Packing/Unpacking_Something\",\"Grooming/Self_Care\"]},{\"category\":\"PA TYPE\",\"selectedValue\":\"Standing_With_Movement\"},{\"category\":\"Behavioral Parameters\",\"selectedValue\":[\"Located_Indoors\"]},{\"category\":\"Experimental situation\",\"selectedValue\":\"Free_Living\"}]"
                }
            ]
        },
        {
            "id": "d465dcc5-868f-4912-bb58-ad3e2e614f2b",
            "range": {
                "start": 359,
                "end": 372
            },
            "shape": {
                "x1": null,
                "x2": null,
                "y1": null,
                "y2": null
            },
            "comments": [
                {
                    "id": "6e8996f4-8acd-49e7-3466-3fa0ed035574",
                    "meta": {
                        "datetime": "2022-06-15T20:41:10.932Z",
                        "user_id": 2,
                        "user_name": "Harish"
                    },
                    "body": "[{\"category\":\"POSTURE\",\"selectedValue\":\"In_Position_Upright\"},{\"category\":\"HIGH LEVEL BEHAVIOR\",\"selectedValue\":[\"Eating/Dining\"]},{\"category\":\"PA TYPE\",\"selectedValue\":\"Standing_With_Movement\"},{\"category\":\"Behavioral Parameters\",\"selectedValue\":[\"Located_Indoors\",\"Holding_Solid_Food\"]},{\"category\":\"Experimental situation\",\"selectedValue\":\"Free_Living\"}]"
                }
            ]
        },
        {
            "id": "e8f95c07-858e-474b-878b-84f8a7346fb4",
            "range": {
                "start": 376,
                "end": 422
            },
            "shape": {
                "x1": null,
                "x2": null,
                "y1": null,
                "y2": null
            },
            "comments": [
                {
                    "id": "b758f6ac-a618-72c0-3458-ffac45f7487b",
                    "meta": {
                        "datetime": "2022-06-15T20:41:23.725Z",
                        "user_id": 2,
                        "user_name": "Harish"
                    },
                    "body": "[{\"category\":\"POSTURE\",\"selectedValue\":\"In_Position_Sitting\"},{\"category\":\"HIGH LEVEL BEHAVIOR\",\"selectedValue\":[\"Eating/Dining\"]},{\"category\":\"PA TYPE\",\"selectedValue\":\"Sitting_With_Movement\"},{\"category\":\"Behavioral Parameters\",\"selectedValue\":[\"Located_Indoors\",\"Holding_Solid_Food\"]},{\"category\":\"Experimental situation\",\"selectedValue\":\"Free_Living\"}]"
                }
            ]
        },
        {
            "id": "f84c711e-5bd9-4177-b208-d5f331bde09e",
            "range": {
                "start": 423,
                "end": 484
            },
            "shape": {
                "x1": null,
                "x2": null,
                "y1": null,
                "y2": null
            },
            "comments": [
                {
                    "id": "39d48dc0-1ab2-cd91-48af-b39135533210",
                    "meta": {
                        "datetime": "2022-06-15T20:41:40.991Z",
                        "user_id": 2,
                        "user_name": "Harish"
                    },
                    "body": "[{\"category\":\"POSTURE\",\"selectedValue\":\"In_Position_Sitting\"},{\"category\":\"HIGH LEVEL BEHAVIOR\",\"selectedValue\":[\"Eating/Dining\"]},{\"category\":\"PA TYPE\",\"selectedValue\":\"Sitting_With_Movement\"},{\"category\":\"Behavioral Parameters\",\"selectedValue\":[\"Located_Indoors\",\"Texting/Browsing_Phone\"]},{\"category\":\"Experimental situation\",\"selectedValue\":\"Free_Living\"}]"
                }
            ]
        },
        {
            "id": "a41a57dc-09ac-4973-9673-0ba0ecd6d658",
            "range": {
                "start": 485,
                "end": 550
            },
            "shape": {
                "x1": null,
                "x2": null,
                "y1": null,
                "y2": null
            },
            "comments": [
                {
                    "id": "8e620a84-f4b1-5714-30f8-6c3b0b84d6cd",
                    "meta": {
                        "datetime": "2022-06-15T20:41:52.775Z",
                        "user_id": 2,
                        "user_name": "Harish"
                    },
                    "body": "[{\"category\":\"POSTURE\",\"selectedValue\":\"In_Position_Sitting\"},{\"category\":\"HIGH LEVEL BEHAVIOR\",\"selectedValue\":[\"Eating/Dining\"]},{\"category\":\"PA TYPE\",\"selectedValue\":\"Sitting_With_Movement\"},{\"category\":\"Behavioral Parameters\",\"selectedValue\":[\"Located_Indoors\",\"Holding_Solid_Food\"]},{\"category\":\"Experimental situation\",\"selectedValue\":\"Free_Living\"}]"
                }
            ]
        },
        {
            "id": "773dc299-ceaf-4693-8f69-5e4f57d67d21",
            "range": {
                "start": 551,
                "end": 572
            },
            "shape": {
                "x1": null,
                "x2": null,
                "y1": null,
                "y2": null
            },
            "comments": [
                {
                    "id": "375530ec-819f-5f71-9471-14c94f79ca29",
                    "meta": {
                        "datetime": "2022-06-15T20:42:10.621Z",
                        "user_id": 2,
                        "user_name": "Harish"
                    },
                    "body": "[{\"category\":\"POSTURE\",\"selectedValue\":\"In_Position_Upright\"},{\"category\":\"HIGH LEVEL BEHAVIOR\",\"selectedValue\":[\"Packing/Unpacking_Something\"]},{\"category\":\"PA TYPE\",\"selectedValue\":\"Puttering_Around\"},{\"category\":\"Behavioral Parameters\",\"selectedValue\":[\"Located_Indoors\"]},{\"category\":\"Experimental situation\",\"selectedValue\":\"Free_Living\"}]"
                }
            ]
        },
        {
            "id": "38d8fdc1-539c-4819-87bd-e88b532fe817",
            "range": {
                "start": 575,
                "end": 751
            },
            "shape": {
                "x1": null,
                "x2": null,
                "y1": null,
                "y2": null
            },
            "comments": [
                {
                    "id": "7780578d-9d38-b507-7a4e-ee3e325668d5",
                    "meta": {
                        "datetime": "2022-06-15T20:42:29.497Z",
                        "user_id": 2,
                        "user_name": "Harish"
                    },
                    "body": "[{\"category\":\"POSTURE\",\"selectedValue\":\"In_Position_Sitting\"},{\"category\":\"HIGH LEVEL BEHAVIOR\",\"selectedValue\":[\"Eating/Dining\"]},{\"category\":\"PA TYPE\",\"selectedValue\":\"Sitting_With_Movement\"},{\"category\":\"Behavioral Parameters\",\"selectedValue\":[\"Located_Indoors\"]},{\"category\":\"Experimental situation\",\"selectedValue\":\"Free_Living\"}]"
                }
            ]
        },
        {
            "id": "a36241ac-9c3b-419e-aaf2-8d0cc7f365cb",
            "range": {
                "start": 752,
                "end": 1447
            },
            "shape": {
                "x1": null,
                "x2": null,
                "y1": null,
                "y2": null
            },
            "comments": [
                {
                    "id": "3313039f-ac33-66a1-632a-0424bd2b0362",
                    "meta": {
                        "datetime": "2022-06-15T20:43:01.906Z",
                        "user_id": 2,
                        "user_name": "Harish"
                    },
                    "body": "[{\"category\":\"POSTURE\",\"selectedValue\":\"In_Position_Sitting\"},{\"category\":\"HIGH LEVEL BEHAVIOR\",\"selectedValue\":[\"Eating/Dining\"]},{\"category\":\"PA TYPE\",\"selectedValue\":\"Sitting_With_Movement\"},{\"category\":\"Behavioral Parameters\",\"selectedValue\":[\"Located_Indoors\",\"Holding_Solid_Food\",\"Texting/Browsing_Phone\"]},{\"category\":\"Experimental situation\",\"selectedValue\":\"Free_Living\"}]"
                }
            ]
        },
        {
            "id": "89f5badc-3ee4-444b-9337-d17f7cccb54c",
            "range": {
                "start": 1449,
                "end": 1494
            },
            "shape": {
                "x1": null,
                "x2": null,
                "y1": null,
                "y2": null
            },
            "comments": [
                {
                    "id": "982054aa-1681-7a02-4eb2-2a92883fc732",
                    "meta": {
                        "datetime": "2022-06-15T20:44:02.553Z",
                        "user_id": 2,
                        "user_name": "Harish"
                    },
                    "body": "[{\"category\":\"POSTURE\",\"selectedValue\":\"In_Position_Upright\"},{\"category\":\"HIGH LEVEL BEHAVIOR\",\"selectedValue\":[\"Packing/Unpacking_Something\"]},{\"category\":\"PA TYPE\",\"selectedValue\":\"Puttering_Around\"},{\"category\":\"Behavioral Parameters\",\"selectedValue\":[\"Located_Indoors\"]},{\"category\":\"Experimental situation\",\"selectedValue\":\"Free_Living\"}]"
                }
            ]
        },
        {
            "id": "fbc77f5d-19f1-4692-8b8d-a48b118b434c",
            "range": {
                "start": 1495,
                "end": 1513
            },
            "shape": {
                "x1": null,
                "x2": null,
                "y1": null,
                "y2": null
            },
            "comments": [
                {
                    "id": "2b6b8d5e-41af-0767-df87-681cd198c9f2",
                    "meta": {
                        "datetime": "2022-06-15T20:43:46.122Z",
                        "user_id": 2,
                        "user_name": "Harish"
                    },
                    "body": "[{\"category\":\"POSTURE\",\"selectedValue\":\"In_Position_Upright\"},{\"category\":\"HIGH LEVEL BEHAVIOR\",\"selectedValue\":[\"Packing/Unpacking_Something\",\"Using_Computer/Screen\"]},{\"category\":\"PA TYPE\",\"selectedValue\":\"Standing_With_Movement\"},{\"category\":\"Behavioral Parameters\",\"selectedValue\":[\"Located_Indoors\",\"Browsing_Computer\"]},{\"category\":\"Experimental situation\",\"selectedValue\":\"Free_Living\"}]"
                }
            ]
        },
        {
            "id": "f27ce0c4-81d2-4499-9fbe-b75b783d008e",
            "range": {
                "start": 1522,
                "end": 1542
            },
            "shape": {
                "x1": null,
                "x2": null,
                "y1": null,
                "y2": null
            },
            "comments": [
                {
                    "id": "84d64f32-70fb-25b9-cbf7-9ed9f95d1db9",
                    "meta": {
                        "datetime": "2022-06-15T20:44:21.815Z",
                        "user_id": 2,
                        "user_name": "Harish"
                    },
                    "body": "[{\"category\":\"POSTURE\",\"selectedValue\":\"In_Position_Upright\"},{\"category\":\"HIGH LEVEL BEHAVIOR\",\"selectedValue\":[\"Grooming/Self_Care\"]},{\"category\":\"PA TYPE\",\"selectedValue\":\"Standing_With_Movement\"},{\"category\":\"Behavioral Parameters\",\"selectedValue\":[\"Located_Indoors\"]},{\"category\":\"Experimental situation\",\"selectedValue\":\"Free_Living\"}]"
                }
            ]
        },
        {
            "id": "21178b2b-87c3-475f-bc68-5d0c29c5b240",
            "range": {
                "start": 1543,
                "end": 1671
            },
            "shape": {
                "x1": null,
                "x2": null,
                "y1": null,
                "y2": null
            },
            "comments": [
                {
                    "id": "66bd1307-3e0c-e798-ec97-c9ca828415ee",
                    "meta": {
                        "datetime": "2022-06-15T20:44:59.561Z",
                        "user_id": 2,
                        "user_name": "Harish"
                    },
                    "body": "[{\"category\":\"POSTURE\",\"selectedValue\":\"In_Position_Upright\"},{\"category\":\"HIGH LEVEL BEHAVIOR\",\"selectedValue\":[\"Grooming/Self_Care\"]},{\"category\":\"PA TYPE\",\"selectedValue\":\"Brushing_Teeth\"},{\"category\":\"Behavioral Parameters\",\"selectedValue\":[\"Located_Indoors\"]},{\"category\":\"Experimental situation\",\"selectedValue\":\"Free_Living\"}]"
                }
            ]
        },
        {
            "id": "023d85b3-56ed-48f7-b466-c17c65ce0c11",
            "range": {
                "start": 1672,
                "end": 1741
            },
            "shape": {
                "x1": null,
                "x2": null,
                "y1": null,
                "y2": null
            },
            "comments": [
                {
                    "id": "96dc424b-6343-d423-32f3-d5a0b38e2ccf",
                    "meta": {
                        "datetime": "2022-06-15T20:45:22.829Z",
                        "user_id": 2,
                        "user_name": "Harish"
                    },
                    "body": "[{\"category\":\"POSTURE\",\"selectedValue\":\"In_Position_Upright\"},{\"category\":\"HIGH LEVEL BEHAVIOR\",\"selectedValue\":[\"Grooming/Self_Care\"]},{\"category\":\"PA TYPE\",\"selectedValue\":\"Puttering_Around\"},{\"category\":\"Behavioral Parameters\",\"selectedValue\":[\"Located_Indoors\"]},{\"category\":\"Experimental situation\",\"selectedValue\":\"Free_Living\"}]"
                }
            ]
        },
        {
            "id": "f705a303-c03e-4162-932c-9738aed8d5a6",
            "range": {
                "start": 1742,
                "end": 1871
            },
            "shape": {
                "x1": null,
                "x2": null,
                "y1": null,
                "y2": null
            },
            "comments": [
                {
                    "id": "b29c41c0-1363-8b29-cd59-7c338c2f09eb",
                    "meta": {
                        "datetime": "2022-06-15T20:46:15.190Z",
                        "user_id": 2,
                        "user_name": "Harish"
                    },
                    "body": "[{\"category\":\"POSTURE\",\"selectedValue\":\"In_Position_Sitting\"},{\"category\":\"HIGH LEVEL BEHAVIOR\",\"selectedValue\":[\"HLB_Other\"]},{\"category\":\"PA TYPE\",\"selectedValue\":\"Sitting_With_Movement\"},{\"category\":\"Behavioral Parameters\",\"selectedValue\":[\"Located_Indoors\"]},{\"category\":\"Experimental situation\",\"selectedValue\":\"Free_Living\"}]"
                }
            ]
        },
        {
            "id": "aeb31e40-ec47-48fc-aac2-b8670bfc5fd9",
            "range": {
                "start": 1877,
                "end": 2023
            },
            "shape": {
                "x1": null,
                "x2": null,
                "y1": null,
                "y2": null
            },
            "comments": [
                {
                    "id": "2008bcc4-38f3-b0b8-f5bd-bc8d01d5687a",
                    "meta": {
                        "datetime": "2022-06-15T20:46:30.743Z",
                        "user_id": 2,
                        "user_name": "Harish"
                    },
                    "body": "[{\"category\":\"POSTURE\",\"selectedValue\":\"In_Position_Sitting\"},{\"category\":\"HIGH LEVEL BEHAVIOR\",\"selectedValue\":[\"Using_Computer/Screen\"]},{\"category\":\"PA TYPE\",\"selectedValue\":\"Sitting_With_Movement\"},{\"category\":\"Behavioral Parameters\",\"selectedValue\":[\"Located_Indoors\"]},{\"category\":\"Experimental situation\",\"selectedValue\":\"Free_Living\"}]"
                }
            ]
        },
        {
            "id": "579a8c0c-2617-4da8-b6b2-707e55653b24",
            "range": {
                "start": 2024,
                "end": 2078
            },
            "shape": {
                "x1": null,
                "x2": null,
                "y1": null,
                "y2": null
            },
            "comments": [
                {
                    "id": "2c72c1d2-d262-17b0-6ba9-6661f011f8d6",
                    "meta": {
                        "datetime": "2022-06-15T20:46:44.914Z",
                        "user_id": 2,
                        "user_name": "Harish"
                    },
                    "body": "[{\"category\":\"POSTURE\",\"selectedValue\":\"In_Position_Sitting\"},{\"category\":\"HIGH LEVEL BEHAVIOR\",\"selectedValue\":[\"Grooming/Self_Care\"]},{\"category\":\"PA TYPE\",\"selectedValue\":\"Sitting_With_Movement\"},{\"category\":\"Behavioral Parameters\",\"selectedValue\":[\"Located_Indoors\"]},{\"category\":\"Experimental situation\",\"selectedValue\":\"Free_Living\"}]"
                }
            ]
        },
        {
            "id": "7c9d71bf-61ba-485d-9434-86960ccc6d7e",
            "range": {
                "start": 2082,
                "end": 2203
            },
            "shape": {
                "x1": null,
                "x2": null,
                "y1": null,
                "y2": null
            },
            "comments": [
                {
                    "id": "ee922df6-7ed8-bbfb-cf96-24cfa44ab56d",
                    "meta": {
                        "datetime": "2022-06-15T20:47:32.583Z",
                        "user_id": 2,
                        "user_name": "Harish"
                    },
                    "body": "[{\"category\":\"POSTURE\",\"selectedValue\":\"In_Position_Upright\"},{\"category\":\"HIGH LEVEL BEHAVIOR\",\"selectedValue\":[\"Grooming/Self_Care\"]},{\"category\":\"PA TYPE\",\"selectedValue\":\"Puttering_Around\"},{\"category\":\"Behavioral Parameters\",\"selectedValue\":[\"Located_Indoors\"]},{\"category\":\"Experimental situation\",\"selectedValue\":\"Free_Living\"}]"
                }
            ]
        },
        {
            "id": "59f7eb9c-35b5-4fde-b538-a75b2e1a66eb",
            "range": {
                "start": 2203,
                "end": 2253
            },
            "shape": {
                "x1": null,
                "x2": null,
                "y1": null,
                "y2": null
            },
            "comments": [
                {
                    "id": "e680e350-6b41-c5a8-63c2-4c85e5add769",
                    "meta": {
                        "datetime": "2022-06-15T20:47:45.095Z",
                        "user_id": 2,
                        "user_name": "Harish"
                    },
                    "body": "[{\"category\":\"POSTURE\",\"selectedValue\":\"In_Position_Upright\"},{\"category\":\"HIGH LEVEL BEHAVIOR\",\"selectedValue\":[\"Grooming/Self_Care\"]},{\"category\":\"PA TYPE\",\"selectedValue\":\"Standing_With_Movement\"},{\"category\":\"Behavioral Parameters\",\"selectedValue\":[\"Located_Indoors\"]},{\"category\":\"Experimental situation\",\"selectedValue\":\"Free_Living\"}]"
                }
            ]
        },
        {
            "id": "f72b3c4b-23fc-4538-946a-68d8668291fb",
            "range": {
                "start": 2260,
                "end": 2268
            },
            "shape": {
                "x1": null,
                "x2": null,
                "y1": null,
                "y2": null
            },
            "comments": [
                {
                    "id": "dca65644-c28e-098f-8c51-bf188056a6ed",
                    "meta": {
                        "datetime": "2022-06-15T20:47:58.646Z",
                        "user_id": 2,
                        "user_name": "Harish"
                    },
                    "body": "[{\"category\":\"POSTURE\",\"selectedValue\":\"In_Position_Upright\"},{\"category\":\"HIGH LEVEL BEHAVIOR\",\"selectedValue\":[\"Grooming/Self_Care\"]},{\"category\":\"PA TYPE\",\"selectedValue\":\"Puttering_Around\"},{\"category\":\"Behavioral Parameters\",\"selectedValue\":[\"Located_Indoors\"]},{\"category\":\"Experimental situation\",\"selectedValue\":\"Free_Living\"}]"
                }
            ]
        },
        {
            "id": "a08b4e46-8e04-4f42-8954-7d624632990c",
            "range": {
                "start": 2269,
                "end": 2340
            },
            "shape": {
                "x1": null,
                "x2": null,
                "y1": null,
                "y2": null
            },
            "comments": [
                {
                    "id": "d42d34a1-9520-0f67-060e-8cd15567bd05",
                    "meta": {
                        "datetime": "2022-06-15T20:48:17.787Z",
                        "user_id": 2,
                        "user_name": "Harish"
                    },
                    "body": "[{\"category\":\"POSTURE\",\"selectedValue\":\"In_Position_Sitting\"},{\"category\":\"HIGH LEVEL BEHAVIOR\",\"selectedValue\":[\"Dressing/Undressing\"]},{\"category\":\"PA TYPE\",\"selectedValue\":\"Sitting_With_Movement\"},{\"category\":\"Behavioral Parameters\",\"selectedValue\":[\"Located_Indoors\"]},{\"category\":\"Experimental situation\",\"selectedValue\":\"Free_Living\"}]"
                }
            ]
        },
        {
            "id": "cb27927e-605b-4a0e-bcb2-7575334b4422",
            "range": {
                "start": 2342,
                "end": 2429
            },
            "shape": {
                "x1": null,
                "x2": null,
                "y1": null,
                "y2": null
            },
            "comments": [
                {
                    "id": "157debc3-0015-e5b2-1ec7-2ce33b2f1fca",
                    "meta": {
                        "datetime": "2022-06-15T20:48:50.868Z",
                        "user_id": 2,
                        "user_name": "Harish"
                    },
                    "body": "[{\"category\":\"POSTURE\",\"selectedValue\":\"In_Position_Upright\"},{\"category\":\"HIGH LEVEL BEHAVIOR\",\"selectedValue\":[\"Grooming/Self_Care\"]},{\"category\":\"PA TYPE\",\"selectedValue\":\"Puttering_Around\"},{\"category\":\"Behavioral Parameters\",\"selectedValue\":[\"Located_Indoors\"]},{\"category\":\"Experimental situation\",\"selectedValue\":\"Free_Living\"}]"
                }
            ]
        },
        {
            "id": "eb505006-0757-4cbc-8687-d86d0c6a210a",
            "range": {
                "start": 2430,
                "end": 2515
            },
            "shape": {
                "x1": null,
                "x2": null,
                "y1": null,
                "y2": null
            },
            "comments": [
                {
                    "id": "c4efb401-f3db-5884-4773-fda58d22b5a2",
                    "meta": {
                        "datetime": "2022-06-15T20:49:06.319Z",
                        "user_id": 2,
                        "user_name": "Harish"
                    },
                    "body": "[{\"category\":\"POSTURE\",\"selectedValue\":\"In_Position_Upright\"},{\"category\":\"HIGH LEVEL BEHAVIOR\",\"selectedValue\":[\"Meeting _Social_Gathering_In_Person\"]},{\"category\":\"PA TYPE\",\"selectedValue\":\"Standing_With_Movement\"},{\"category\":\"Behavioral Parameters\",\"selectedValue\":[\"Located_Indoors\"]},{\"category\":\"Experimental situation\",\"selectedValue\":\"Free_Living\"}]"
                }
            ]
        },
        {
            "id": "6450648b-4205-4b4f-85f9-5ab2d32b0f90",
            "range": {
                "start": 2519,
                "end": 2556
            },
            "shape": {
                "x1": null,
                "x2": null,
                "y1": null,
                "y2": null
            },
            "comments": [
                {
                    "id": "848afd4d-a156-aef3-7e45-d56f6abaf756",
                    "meta": {
                        "datetime": "2022-06-15T20:49:21.923Z",
                        "user_id": 2,
                        "user_name": "Harish"
                    },
                    "body": "[{\"category\":\"POSTURE\",\"selectedValue\":\"In_Position_Upright\"},{\"category\":\"HIGH LEVEL BEHAVIOR\",\"selectedValue\":[\"Dressing/Undressing\"]},{\"category\":\"PA TYPE\",\"selectedValue\":\"Standing_With_Movement\"},{\"category\":\"Behavioral Parameters\",\"selectedValue\":[\"Located_Indoors\"]},{\"category\":\"Experimental situation\",\"selectedValue\":\"Free_Living\"}]"
                }
            ]
        },
        {
            "id": "333a8b68-ad78-462a-9f4e-eafe860c2212",
            "range": {
                "start": 2560,
                "end": 2587
            },
            "shape": {
                "x1": null,
                "x2": null,
                "y1": null,
                "y2": null
            },
            "comments": [
                {
                    "id": "5d58542d-16ed-766e-007a-e4e79ab6bf61",
                    "meta": {
                        "datetime": "2022-06-15T20:49:41.605Z",
                        "user_id": 2,
                        "user_name": "Harish"
                    },
                    "body": "[{\"category\":\"POSTURE\",\"selectedValue\":\"In_Position_Sitting\"},{\"category\":\"HIGH LEVEL BEHAVIOR\",\"selectedValue\":[\"Using_Computer/Screen\"]},{\"category\":\"PA TYPE\",\"selectedValue\":\"Sitting_With_Movement\"},{\"category\":\"Behavioral Parameters\",\"selectedValue\":[\"Located_Indoors\",\"Texting/Browsing_Phone\"]},{\"category\":\"Experimental situation\",\"selectedValue\":\"Free_Living\"}]"
                }
            ]
        },
        {
            "id": "dd604ae5-b8eb-4c64-acb6-c1db4fbbfe56",
            "range": {
                "start": 2587,
                "end": 2640
            },
            "shape": {
                "x1": null,
                "x2": null,
                "y1": null,
                "y2": null
            },
            "comments": [
                {
                    "id": "56b1ea18-9482-6fa0-51e6-f30c663c616a",
                    "meta": {
                        "datetime": "2022-06-15T20:49:55.832Z",
                        "user_id": 2,
                        "user_name": "Harish"
                    },
                    "body": "[{\"category\":\"POSTURE\",\"selectedValue\":\"In_Position_Sitting\"},{\"category\":\"HIGH LEVEL BEHAVIOR\",\"selectedValue\":[\"Using_Computer/Screen\"]},{\"category\":\"PA TYPE\",\"selectedValue\":\"Sitting_With_Movement\"},{\"category\":\"Behavioral Parameters\",\"selectedValue\":[\"Located_Indoors\",\"Browsing_Computer\"]},{\"category\":\"Experimental situation\",\"selectedValue\":\"Free_Living\"}]"
                }
            ]
        },
        {
            "id": "abb918b5-0e5a-436d-8d7a-91fc8e059636",
            "range": {
                "start": 2640,
                "end": 2682
            },
            "shape": {
                "x1": null,
                "x2": null,
                "y1": null,
                "y2": null
            },
            "comments": [
                {
                    "id": "627ba1af-1f31-f8d6-9e8c-cf5c874e302a",
                    "meta": {
                        "datetime": "2022-06-15T20:50:05.578Z",
                        "user_id": 2,
                        "user_name": "Harish"
                    },
                    "body": "[{\"category\":\"POSTURE\",\"selectedValue\":\"In_Position_Sitting\"},{\"category\":\"HIGH LEVEL BEHAVIOR\",\"selectedValue\":[\"Using_Computer/Screen\"]},{\"category\":\"PA TYPE\",\"selectedValue\":\"Sitting_With_Movement\"},{\"category\":\"Behavioral Parameters\",\"selectedValue\":[\"Located_Indoors\",\"Texting/Browsing_Phone\"]},{\"category\":\"Experimental situation\",\"selectedValue\":\"Free_Living\"}]"
                }
            ]
        },
        {
            "id": "1d98fcc9-0cfc-49e0-82a1-266c69542be1",
            "range": {
                "start": 2683,
                "end": 2719
            },
            "shape": {
                "x1": null,
                "x2": null,
                "y1": null,
                "y2": null
            },
            "comments": [
                {
                    "id": "724784e6-6f39-d7cc-27ca-a72d695353c8",
                    "meta": {
                        "datetime": "2022-06-15T20:50:20.914Z",
                        "user_id": 2,
                        "user_name": "Harish"
                    },
                    "body": "[{\"category\":\"POSTURE\",\"selectedValue\":\"In_Position_Sitting\"},{\"category\":\"HIGH LEVEL BEHAVIOR\",\"selectedValue\":[\"Using_Computer/Screen\"]},{\"category\":\"PA TYPE\",\"selectedValue\":\"Sitting_With_Movement\"},{\"category\":\"Behavioral Parameters\",\"selectedValue\":[\"Located_Indoors\",\"Browsing_Computer\"]},{\"category\":\"Experimental situation\",\"selectedValue\":\"Free_Living\"}]"
                }
            ]
        },
        {
            "id": "15c9ef33-e202-463c-9c6b-62903f86f381",
            "range": {
                "start": 2719,
                "end": 2804
            },
            "shape": {
                "x1": null,
                "x2": null,
                "y1": null,
                "y2": null
            },
            "comments": [
                {
                    "id": "61a14ba4-0a19-a909-94fb-415fb6a1c2b2",
                    "meta": {
                        "datetime": "2022-06-15T20:50:35.636Z",
                        "user_id": 2,
                        "user_name": "Harish"
                    },
                    "body": "[{\"category\":\"POSTURE\",\"selectedValue\":\"In_Position_Sitting\"},{\"category\":\"HIGH LEVEL BEHAVIOR\",\"selectedValue\":[\"Packing/Unpacking_Something\"]},{\"category\":\"PA TYPE\",\"selectedValue\":\"Sitting_With_Movement\"},{\"category\":\"Behavioral Parameters\",\"selectedValue\":[\"Located_Indoors\"]},{\"category\":\"Experimental situation\",\"selectedValue\":\"Free_Living\"}]"
                }
            ]
        },
        {
            "id": "5cf09bac-2668-431c-a606-18997f9d53cb",
            "range": {
                "start": 2808,
                "end": 2864
            },
            "shape": {
                "x1": null,
                "x2": null,
                "y1": null,
                "y2": null
            },
            "comments": [
                {
                    "id": "420f6f23-6df3-672a-f67c-a5fed0bed215",
                    "meta": {
                        "datetime": "2022-06-15T20:51:07.402Z",
                        "user_id": 2,
                        "user_name": "Harish"
                    },
                    "body": "[{\"category\":\"POSTURE\",\"selectedValue\":\"In_Position_Upright\"},{\"category\":\"HIGH LEVEL BEHAVIOR\",\"selectedValue\":[\"Dressing/Undressing\"]},{\"category\":\"PA TYPE\",\"selectedValue\":\"Puttering_Around\"},{\"category\":\"Behavioral Parameters\",\"selectedValue\":[\"Located_Indoors\"]},{\"category\":\"Experimental situation\",\"selectedValue\":\"Free_Living\"}]"
                }
            ]
        },
        {
            "id": "a26c2cb2-5862-4435-b849-17e96a7f8c09",
            "range": {
                "start": 2866,
                "end": 2941
            },
            "shape": {
                "x1": null,
                "x2": null,
                "y1": null,
                "y2": null
            },
            "comments": [
                {
                    "id": "81feb854-5296-3139-d58c-6fc2461138e1",
                    "meta": {
                        "datetime": "2022-06-15T20:51:27.403Z",
                        "user_id": 2,
                        "user_name": "Harish"
                    },
                    "body": "[{\"category\":\"POSTURE\",\"selectedValue\":\"In_Position_Upright\"},{\"category\":\"HIGH LEVEL BEHAVIOR\",\"selectedValue\":[\"Relaxing_Passive\"]},{\"category\":\"PA TYPE\",\"selectedValue\":\"Standing_With_Movement\"},{\"category\":\"Behavioral Parameters\",\"selectedValue\":[\"Located_Indoors\",\"Texting/Browsing_Phone\"]},{\"category\":\"Experimental situation\",\"selectedValue\":\"Free_Living\"}]"
                }
            ]
        },
        {
            "id": "eb387f10-b9a4-448a-9513-20dc40bdf61e",
            "range": {
                "start": 2941,
                "end": 3125
            },
            "shape": {
                "x1": null,
                "x2": null,
                "y1": null,
                "y2": null
            },
            "comments": [
                {
                    "id": "881ffb3d-ce37-a703-1450-6c441d9b143b",
                    "meta": {
                        "datetime": "2022-06-15T20:52:31.562Z",
                        "user_id": 2,
                        "user_name": "Harish"
                    },
                    "body": "[{\"category\":\"POSTURE\",\"selectedValue\":\"In_Position_Upright\"},{\"category\":\"HIGH LEVEL BEHAVIOR\",\"selectedValue\":[\"Packing/Unpacking_Something\"]},{\"category\":\"PA TYPE\",\"selectedValue\":\"Puttering_Around\"},{\"category\":\"Behavioral Parameters\",\"selectedValue\":[\"Located_Indoors\",\"Texting/Browsing_Phone\"]},{\"category\":\"Experimental situation\",\"selectedValue\":\"Free_Living\"}]"
                }
            ]
        },
        {
            "id": "c019ba95-450d-456c-ad74-86e87d5bc170",
            "range": {
                "start": 3128,
                "end": 3149
            },
            "shape": {
                "x1": null,
                "x2": null,
                "y1": null,
                "y2": null
            },
            "comments": [
                {
                    "id": "3dc621e8-cfd2-ab9c-ab99-bdbd0cb225ba",
                    "meta": {
                        "datetime": "2022-06-15T20:52:49.690Z",
                        "user_id": 2,
                        "user_name": "Harish"
                    },
                    "body": "[{\"category\":\"POSTURE\",\"selectedValue\":\"In_Position_Upright\"},{\"category\":\"HIGH LEVEL BEHAVIOR\",\"selectedValue\":[\"In_Bathroom\"]},{\"category\":\"PA TYPE\",\"selectedValue\":\"Puttering_Around\"},{\"category\":\"Behavioral Parameters\",\"selectedValue\":[\"Located_Indoors\"]},{\"category\":\"Experimental situation\",\"selectedValue\":\"Free_Living\"}]"
                }
            ]
        },
        {
            "id": "851287ab-8cc2-4a78-bb10-7707fdaff85b",
            "range": {
                "start": 3151,
                "end": 3415
            },
            "shape": {
                "x1": null,
                "x2": null,
                "y1": null,
                "y2": null
            },
            "comments": [
                {
                    "id": "3b7eba3c-98fe-c283-a161-9dbfc240f37c",
                    "meta": {
                        "datetime": "2022-06-15T20:53:14.707Z",
                        "user_id": 2,
                        "user_name": "Harish"
                    },
                    "body": "[{\"category\":\"POSTURE\",\"selectedValue\":\"Posture_Indecipherable/Video_Insufficient\"},{\"category\":\"HIGH LEVEL BEHAVIOR\",\"selectedValue\":[]},{\"category\":\"PA TYPE\",\"selectedValue\":\"PA_Type_VideoUnavailable/Indecipherable\"},{\"category\":\"Behavioral Parameters\",\"selectedValue\":[]},{\"category\":\"Experimental situation\",\"selectedValue\":\"ES_VideoUnavailable/Indecipherable\"}]"
                }
            ]
        },
        {
            "id": "67f08f6a-e173-415f-a732-a4a7de632c43",
            "range": {
                "start": 3416,
                "end": 3467
            },
            "shape": {
                "x1": null,
                "x2": null,
                "y1": null,
                "y2": null
            },
            "comments": [
                {
                    "id": "78e91c15-4173-1042-8ead-14fb16049d3f",
                    "meta": {
                        "datetime": "2022-06-15T20:53:39.678Z",
                        "user_id": 2,
                        "user_name": "Harish"
                    },
                    "body": "[{\"category\":\"POSTURE\",\"selectedValue\":\"In_Position_Upright\"},{\"category\":\"HIGH LEVEL BEHAVIOR\",\"selectedValue\":[\"Grooming/Self_Care\"]},{\"category\":\"PA TYPE\",\"selectedValue\":\"Puttering_Around\"},{\"category\":\"Behavioral Parameters\",\"selectedValue\":[\"Located_Indoors\"]},{\"category\":\"Experimental situation\",\"selectedValue\":\"Free_Living\"}]"
                }
            ]
        },
        {
            "id": "8602d59d-c4f0-44c6-bd2d-8299c604c632",
            "range": {
                "start": 3476,
                "end": 3532
            },
            "shape": {
                "x1": null,
                "x2": null,
                "y1": null,
                "y2": null
            },
            "comments": [
                {
                    "id": "1b121a93-4592-3a05-94a0-4181a1772846",
                    "meta": {
                        "datetime": "2022-06-15T20:54:32.469Z",
                        "user_id": 2,
                        "user_name": "Harish"
                    },
                    "body": "[{\"category\":\"POSTURE\",\"selectedValue\":\"In_Position_Upright\"},{\"category\":\"HIGH LEVEL BEHAVIOR\",\"selectedValue\":[\"In_Transit_Active\"]},{\"category\":\"PA TYPE\",\"selectedValue\":\"Walking_Slow\"},{\"category\":\"Behavioral Parameters\",\"selectedValue\":[\"Located_Indoors\",\"In_Conversation\",\"Carrying_Bag_On_Shoulder/Back_Heavy\"]},{\"category\":\"Experimental situation\",\"selectedValue\":\"Free_Living\"}]"
                }
            ]
        },
        {
            "id": "321c3f55-cb3d-44fd-aa1e-7b7f771692b3",
            "range": {
                "start": 3538,
                "end": 3551
            },
            "shape": {
                "x1": null,
                "x2": null,
                "y1": null,
                "y2": null
            },
            "comments": [
                {
                    "id": "fb5ee2d2-5472-34db-0d9c-437bf75841ef",
                    "meta": {
                        "datetime": "2022-06-15T20:54:50.090Z",
                        "user_id": 2,
                        "user_name": "Harish"
                    },
                    "body": "[{\"category\":\"POSTURE\",\"selectedValue\":\"In_Position_Upright\"},{\"category\":\"HIGH LEVEL BEHAVIOR\",\"selectedValue\":[\"In_Transit_Active\"]},{\"category\":\"PA TYPE\",\"selectedValue\":\"Puttering_Around\"},{\"category\":\"Behavioral Parameters\",\"selectedValue\":[\"Located_Indoors\",\"Carrying_Bag_On_Shoulder/Back_Heavy\",\"Texting/Browsing_Phone\"]},{\"category\":\"Experimental situation\",\"selectedValue\":\"Free_Living\"}]"
                }
            ]
        },
        {
            "id": "56080fcd-3419-4cbe-ac08-b927a205bd32",
            "range": {
                "start": 3551,
                "end": 3571
            },
            "shape": {
                "x1": null,
                "x2": null,
                "y1": null,
                "y2": null
            },
            "comments": [
                {
                    "id": "ab9a330e-16d3-3e94-900f-f4fcb77b986f",
                    "meta": {
                        "datetime": "2022-06-15T20:55:00.942Z",
                        "user_id": 2,
                        "user_name": "Harish"
                    },
                    "body": "[{\"category\":\"POSTURE\",\"selectedValue\":\"In_Position_Upright\"},{\"category\":\"HIGH LEVEL BEHAVIOR\",\"selectedValue\":[\"In_Transit_Active\",\"Riding_Elevator_Down\"]},{\"category\":\"PA TYPE\",\"selectedValue\":\"Standing_With_Movement\"},{\"category\":\"Behavioral Parameters\",\"selectedValue\":[\"Located_Indoors\",\"Carrying_Bag_On_Shoulder/Back_Heavy\",\"Texting/Browsing_Phone\"]},{\"category\":\"Experimental situation\",\"selectedValue\":\"Free_Living\"}]"
                }
            ]
        },
        {
            "id": "f74e7dbb-7adb-461b-b25e-2defc89d910a",
            "range": {
                "start": 3571,
                "end": 3592
            },
            "shape": {
                "x1": null,
                "x2": null,
                "y1": null,
                "y2": null
            },
            "comments": [
                {
                    "id": "950171ea-2413-0250-e5ae-53fc7422bd0c",
                    "meta": {
                        "datetime": "2022-07-06T19:00:28.875Z",
                        "user_id": 2,
                        "user_name": "Harish"
                    },
                    "body": "[{\"category\":\"POSTURE\",\"selectedValue\":\"In_Position_Upright\"},{\"category\":\"HIGH LEVEL BEHAVIOR\",\"selectedValue\":[\"In_Transit_Active\"]},{\"category\":\"PA TYPE\",\"selectedValue\":\"Walking\"},{\"category\":\"Behavioral Parameters\",\"selectedValue\":[\"Located_Indoors\",\"Carrying_Bag_On_Shoulder/Back_Heavy\",\"Texting/Browsing_Phone\"]},{\"category\":\"Experimental situation\",\"selectedValue\":\"Free_Living\"}]"
                }
            ]
        },
        {
            "id": "a16a5aad-2b76-4797-9776-f834080cb09e",
            "range": {
                "start": 3592,
                "end": 3692
            },
            "shape": {
                "x1": null,
                "x2": null,
                "y1": null,
                "y2": null
            },
            "comments": [
                {
                    "id": "80820597-6a22-a9fe-4412-8c3b6349145b",
                    "meta": {
                        "datetime": "2022-07-06T19:00:28.911Z",
                        "user_id": 2,
                        "user_name": "Harish"
                    },
                    "body": "[{\"category\":\"POSTURE\",\"selectedValue\":\"In_Position_Upright\"},{\"category\":\"HIGH LEVEL BEHAVIOR\",\"selectedValue\":[\"In_Transit_Active\"]},{\"category\":\"PA TYPE\",\"selectedValue\":\"Walking\"},{\"category\":\"Behavioral Parameters\",\"selectedValue\":[\"Texting/Browsing_Phone\",\"Located_Outdoors\",\"Carrying_Bag_On_Shoulder/Back_Heavy\"]},{\"category\":\"Experimental situation\",\"selectedValue\":\"Free_Living\"}]"
                }
            ]
        },
        {
            "id": "d1c316d2-f047-4a1c-a64c-9904df534f25",
            "range": {
                "start": 3692,
                "end": 3718
            },
            "shape": {
                "x1": null,
                "x2": null,
                "y1": null,
                "y2": null
            },
            "comments": [
                {
                    "id": "5f1461f3-0a67-2d80-1cbb-3fc9ac9929c7",
                    "meta": {
                        "datetime": "2022-07-06T19:00:59.429Z",
                        "user_id": 2,
                        "user_name": "Harish"
                    },
                    "body": "[{\"category\":\"POSTURE\",\"selectedValue\":\"In_Position_Upright\"},{\"category\":\"HIGH LEVEL BEHAVIOR\",\"selectedValue\":[\"In_Transit_Active\"]},{\"category\":\"PA TYPE\",\"selectedValue\":\"Walking\"},{\"category\":\"Behavioral Parameters\",\"selectedValue\":[\"Texting/Browsing_Phone\",\"Carrying_Bag_On_Shoulder/Back_Heavy\",\"Located_Indoors\"]},{\"category\":\"Experimental situation\",\"selectedValue\":\"Free_Living\"}]"
                }
            ]
        },
        {
            "id": "2cce6bd9-3081-4294-829a-0bc676086ded",
            "range": {
                "start": 3718,
                "end": 4218
            },
            "shape": {
                "x1": null,
                "x2": null,
                "y1": null,
                "y2": null
            },
            "comments": [
                {
                    "id": "ce6f5d1c-6dc8-3e42-f2fb-5e4d5cf4e36d",
                    "meta": {
                        "datetime": "2022-07-06T19:02:14.558Z",
                        "user_id": 2,
                        "user_name": "Harish"
                    },
                    "body": "[{\"category\":\"POSTURE\",\"selectedValue\":\"In_Position_Upright\"},{\"category\":\"HIGH LEVEL BEHAVIOR\",\"selectedValue\":[\"In_Transit_Active\"]},{\"category\":\"PA TYPE\",\"selectedValue\":\"Walking\"},{\"category\":\"Behavioral Parameters\",\"selectedValue\":[\"Texting/Browsing_Phone\",\"Carrying_Bag_On_Shoulder/Back_Heavy\",\"Located_Outdoors\"]},{\"category\":\"Experimental situation\",\"selectedValue\":\"Free_Living\"}]"
                }
            ]
        },
        {
            "id": "749ea393-93bc-403d-89cd-63730d13fede",
            "range": {
                "start": 4220,
                "end": 4220
            },
            "shape": {
                "x1": null,
                "x2": null,
                "y1": null,
                "y2": null
            },
            "comments": [
                {
                    "id": "31360c39-6e2a-58c3-e426-e3e6b3bd4b0c",
                    "meta": {
                        "datetime": "2022-07-06T19:04:53.073Z",
                        "user_id": 2,
                        "user_name": "Harish"
                    },
                    "body": "[{\"category\":\"POSTURE\",\"selectedValue\":\"In_Position_Upright\"},{\"category\":\"HIGH LEVEL BEHAVIOR\",\"selectedValue\":[\"In_Transit_Active\"]},{\"category\":\"PA TYPE\",\"selectedValue\":\"Walking_Down_Stairs\"},{\"category\":\"Behavioral Parameters\",\"selectedValue\":[\"Carrying_Bag_On_Shoulder/Back_Heavy\",\"Located_Indoors\"]},{\"category\":\"Experimental situation\",\"selectedValue\":\"Free_Living\"}]"
                }
            ]
        },
        {
            "id": "8e369b33-b771-4645-84c4-ad40e14aa7bc",
            "range": {
                "start": 4220,
                "end": 4232
            },
            "shape": {
                "x1": null,
                "x2": null,
                "y1": null,
                "y2": null
            },
            "comments": [
                {
                    "id": "c00925c6-1650-0605-7790-d570cc1c6479",
                    "meta": {
                        "datetime": "2022-07-06T19:05:12.033Z",
                        "user_id": 2,
                        "user_name": "Harish"
                    },
                    "body": "[{\"category\":\"POSTURE\",\"selectedValue\":\"In_Position_Upright\"},{\"category\":\"HIGH LEVEL BEHAVIOR\",\"selectedValue\":[\"In_Transit_Active\"]},{\"category\":\"PA TYPE\",\"selectedValue\":\"Walking\"},{\"category\":\"Behavioral Parameters\",\"selectedValue\":[\"Carrying_Bag_On_Shoulder/Back_Heavy\",\"Located_Indoors\"]},{\"category\":\"Experimental situation\",\"selectedValue\":\"Free_Living\"}]"
                }
            ]
        },
        {
            "id": "b099bd5d-08d9-468b-9820-602515e7a050",
            "range": {
                "start": 4232,
                "end": 4251
            },
            "shape": {
                "x1": null,
                "x2": null,
                "y1": null,
                "y2": null
            },
            "comments": [
                {
                    "id": "fbe0b98e-917d-bef7-863f-f7d66e722163",
                    "meta": {
                        "datetime": "2022-07-06T19:03:53.849Z",
                        "user_id": 2,
                        "user_name": "Harish"
                    },
                    "body": "[{\"category\":\"POSTURE\",\"selectedValue\":\"In_Position_Upright\"},{\"category\":\"HIGH LEVEL BEHAVIOR\",\"selectedValue\":[\"In_Transit_Active\"]},{\"category\":\"PA TYPE\",\"selectedValue\":\"Walking_Down_Stairs\"},{\"category\":\"Behavioral Parameters\",\"selectedValue\":[\"Carrying_Bag_On_Shoulder/Back_Heavy\",\"Located_Indoors\"]},{\"category\":\"Experimental situation\",\"selectedValue\":\"Free_Living\"}]"
                }
            ]
        },
        {
            "id": "9845c9b4-d03f-4e35-8362-df0e3ae07025",
            "range": {
                "start": 4251,
                "end": 4274
            },
            "shape": {
                "x1": null,
                "x2": null,
                "y1": null,
                "y2": null
            },
            "comments": [
                {
                    "id": "c0545a15-3447-686e-4d69-16e848c13d45",
                    "meta": {
                        "datetime": "2022-07-06T19:06:31.164Z",
                        "user_id": 2,
                        "user_name": "Harish"
                    },
                    "body": "[{\"category\":\"POSTURE\",\"selectedValue\":\"In_Position_Upright\"},{\"category\":\"HIGH LEVEL BEHAVIOR\",\"selectedValue\":[\"In_Transit_Active\"]},{\"category\":\"PA TYPE\",\"selectedValue\":\"Walking\"},{\"category\":\"Behavioral Parameters\",\"selectedValue\":[\"Carrying_Bag_On_Shoulder/Back_Heavy\",\"Located_Indoors\"]},{\"category\":\"Experimental situation\",\"selectedValue\":\"Free_Living\"}]"
                }
            ]
        },
        {
            "id": "228a47eb-76a3-4b02-9cdb-527d44ec2bf3",
            "range": {
                "start": 4274,
                "end": 18763
            },
            "shape": {
                "x1": null,
                "x2": null,
                "y1": null,
                "y2": null
            },
            "comments": [
                {
                    "id": "7e28a958-4331-4ede-3e57-8a86f0dc76f4",
                    "meta": {
                        "datetime": "2022-07-06T19:10:19.787Z",
                        "user_id": 2,
                        "user_name": "Harish"
                    },
                    "body": "[{\"category\":\"POSTURE\",\"selectedValue\":\"Posture_Indecipherable/Video_Insufficient\"},{\"category\":\"HIGH LEVEL BEHAVIOR\",\"selectedValue\":[\"HLB_Indecipherable/Video_Insufficient\"]},{\"category\":\"PA TYPE\",\"selectedValue\":\"PA_Type_VideoUnavailable/Indecipherable\"},{\"category\":\"Behavioral Parameters\",\"selectedValue\":[\"BP_VideoUnavailable/Indecipherable\"]},{\"category\":\"Experimental situation\",\"selectedValue\":\"Free_Living\"}]"
                }
            ]
        },
        {
            "id": "568b9ff0-bd8e-4409-a303-5df9388ea48d",
            "range": {
                "start": 18763,
                "end": 18785
            },
            "shape": {
                "x1": null,
                "x2": null,
                "y1": null,
                "y2": null
            },
            "comments": [
                {
                    "id": "da0d6d03-9a78-69cf-3c9d-67c5b22cea71",
                    "meta": {
                        "datetime": "2022-07-06T19:12:17.134Z",
                        "user_id": 2,
                        "user_name": "Harish"
                    },
                    "body": "[{\"category\":\"POSTURE\",\"selectedValue\":\"Posture_Indecipherable/Video_Insufficient\"},{\"category\":\"HIGH LEVEL BEHAVIOR\",\"selectedValue\":[\"HLB_Indecipherable/Video_Insufficient\"]},{\"category\":\"PA TYPE\",\"selectedValue\":\"PA_Type_VideoUnavailable/Indecipherable\"},{\"category\":\"Behavioral Parameters\",\"selectedValue\":[\"BP_VideoUnavailable/Indecipherable\"]},{\"category\":\"Experimental situation\",\"selectedValue\":\"Free_Living\"}]"
                }
            ]
        },
        {
            "id": "51ab5ca2-5166-4e71-ab49-248c5e5b34c7",
            "range": {
                "start": 18785,
                "end": 18794
            },
            "shape": {
                "x1": null,
                "x2": null,
                "y1": null,
                "y2": null
            },
            "comments": [
                {
                    "id": "1d0c37bd-06a1-fa60-7f83-10ac9f4c2267",
                    "meta": {
                        "datetime": "2022-07-06T19:18:08.642Z",
                        "user_id": 2,
                        "user_name": "Harish"
                    },
                    "body": "[{\"category\":\"POSTURE\",\"selectedValue\":\"Posture_Other)\"},{\"category\":\"HIGH LEVEL BEHAVIOR\",\"selectedValue\":[\"Packing/Unpacking_Something\"]},{\"category\":\"PA TYPE\",\"selectedValue\":\"PA_Type_Other\"},{\"category\":\"Behavioral Parameters\",\"selectedValue\":[\"Located_Indoors\"]},{\"category\":\"Experimental situation\",\"selectedValue\":\"Free_Living\"}]"
                }
            ]
        },
        {
            "id": "b1ed1512-068a-4171-875c-416988b2c159",
            "range": {
                "start": 18794,
                "end": 18845
            },
            "shape": {
                "x1": null,
                "x2": null,
                "y1": null,
                "y2": null
            },
            "comments": [
                {
                    "id": "0f5aaf07-924b-7c0a-6554-f96fce7e3e46",
                    "meta": {
                        "datetime": "2022-07-06T19:23:17.810Z",
                        "user_id": 2,
                        "user_name": "Harish"
                    },
                    "body": "[{\"category\":\"POSTURE\",\"selectedValue\":\"In_Position_Upright\"},{\"category\":\"HIGH LEVEL BEHAVIOR\",\"selectedValue\":[]},{\"category\":\"PA TYPE\",\"selectedValue\":\"Standing_With_Movement\"},{\"category\":\"Behavioral Parameters\",\"selectedValue\":[\"Located_Indoors\",\"Holding_Other_Object_Light\"]},{\"category\":\"Experimental situation\",\"selectedValue\":\"Free_Living\"}]"
                }
            ]
        },
        {
            "id": "2a6d58af-c454-4007-9c90-8143ca1bf266",
            "range": {
                "start": 18845,
                "end": 18852
            },
            "shape": {
                "x1": null,
                "x2": null,
                "y1": null,
                "y2": null
            },
            "comments": [
                {
                    "id": "bb5dbbfd-43a4-50d3-b41f-77e51511af44",
                    "meta": {
                        "datetime": "2022-07-06T19:24:52.791Z",
                        "user_id": 2,
                        "user_name": "Harish"
                    },
                    "body": "[{\"category\":\"POSTURE\",\"selectedValue\":\"In_Position_Upright\"},{\"category\":\"HIGH LEVEL BEHAVIOR\",\"selectedValue\":[\"In_Transit_Active\"]},{\"category\":\"PA TYPE\",\"selectedValue\":\"Walking\"},{\"category\":\"Behavioral Parameters\",\"selectedValue\":[\"Located_Indoors\",\"Texting/Browsing_Phone\",\"Carrying_Bag_On_Shoulder/Back_Light\"]},{\"category\":\"Experimental situation\",\"selectedValue\":\"Free_Living\"}]"
                }
            ]
        },
        {
            "id": "cf70ad93-eaa8-47ac-81a3-6d7c5670771f",
            "range": {
                "start": 18852,
                "end": 18864
            },
            "shape": {
                "x1": null,
                "x2": null,
                "y1": null,
                "y2": null
            },
            "comments": [
                {
                    "id": "0739e8d9-ae04-913e-612f-a429dbc0daa0",
                    "meta": {
                        "datetime": "2022-07-06T19:25:16.473Z",
                        "user_id": 2,
                        "user_name": "Harish"
                    },
                    "body": "[{\"category\":\"POSTURE\",\"selectedValue\":\"In_Position_Upright\"},{\"category\":\"HIGH LEVEL BEHAVIOR\",\"selectedValue\":[\"In_Transit_Active\"]},{\"category\":\"PA TYPE\",\"selectedValue\":\"Walking_Down_Stairs\"},{\"category\":\"Behavioral Parameters\",\"selectedValue\":[\"Located_Indoors\",\"Texting/Browsing_Phone\",\"Carrying_Bag_On_Shoulder/Back_Light\"]},{\"category\":\"Experimental situation\",\"selectedValue\":\"Free_Living\"}]"
                }
            ]
        },
        {
            "id": "88691b57-bf6e-4d18-ad46-68663f3742ed",
            "range": {
                "start": 18864,
                "end": 18875
            },
            "shape": {
                "x1": null,
                "x2": null,
                "y1": null,
                "y2": null
            },
            "comments": [
                {
                    "id": "88772f1b-4b9c-e4ce-97f2-ac4a664f57d3",
                    "meta": {
                        "datetime": "2022-07-06T19:25:46.889Z",
                        "user_id": 2,
                        "user_name": "Harish"
                    },
                    "body": "[{\"category\":\"POSTURE\",\"selectedValue\":\"In_Position_Upright\"},{\"category\":\"HIGH LEVEL BEHAVIOR\",\"selectedValue\":[\"In_Transit_Active\"]},{\"category\":\"PA TYPE\",\"selectedValue\":\"Walking\"},{\"category\":\"Behavioral Parameters\",\"selectedValue\":[\"Located_Indoors\",\"Texting/Browsing_Phone\",\"Carrying_Bag_On_Shoulder/Back_Light\"]},{\"category\":\"Experimental situation\",\"selectedValue\":\"Free_Living\"}]"
                }
            ]
        },
        {
            "id": "e8a6913d-7222-4857-aed5-d472b7987afd",
            "range": {
                "start": 18875,
                "end": 18875
            },
            "shape": {
                "x1": null,
                "x2": null,
                "y1": null,
                "y2": null
            },
            "comments": [
                {
                    "id": "74b7f899-2a5d-8698-de07-73b78a9ce196",
                    "meta": {
                        "datetime": "2022-07-06T19:26:27.591Z",
                        "user_id": 2,
                        "user_name": "Harish"
                    },
                    "body": "[{\"category\":\"POSTURE\",\"selectedValue\":\"In_Position_Upright\"},{\"category\":\"HIGH LEVEL BEHAVIOR\",\"selectedValue\":[\"In_Transit_Active\"]},{\"category\":\"PA TYPE\",\"selectedValue\":\"Walking\"},{\"category\":\"Behavioral Parameters\",\"selectedValue\":[\"Located_Indoors\",\"Texting/Browsing_Phone\",\"Carrying_Bag_On_Shoulder/Back_Light\"]},{\"category\":\"Experimental situation\",\"selectedValue\":\"Free_Living\"}]"
                }
            ]
        },
        {
            "id": "b29d0d26-14eb-4247-9dde-06e909215ee8",
            "range": {
                "start": 18875,
                "end": 18922
            },
            "shape": {
                "x1": null,
                "x2": null,
                "y1": null,
                "y2": null
            },
            "comments": [
                {
                    "id": "8362dcea-28f0-b837-219c-45f4889ade93",
                    "meta": {
                        "datetime": "2022-07-06T19:26:59.095Z",
                        "user_id": 2,
                        "user_name": "Harish"
                    },
                    "body": "[{\"category\":\"POSTURE\",\"selectedValue\":\"In_Position_Upright\"},{\"category\":\"HIGH LEVEL BEHAVIOR\",\"selectedValue\":[\"In_Transit_Active\"]},{\"category\":\"PA TYPE\",\"selectedValue\":\"Walking\"},{\"category\":\"Behavioral Parameters\",\"selectedValue\":[\"Located_Indoors\",\"Texting/Browsing_Phone\",\"Carrying_Bag_On_Shoulder/Back_Light\"]},{\"category\":\"Experimental situation\",\"selectedValue\":\"Free_Living\"}]"
                }
            ]
        },
        {
            "id": "d751f22c-1448-4748-96da-0b152583fac4",
            "range": {
                "start": 18922,
                "end": 18931
            },
            "shape": {
                "x1": null,
                "x2": null,
                "y1": null,
                "y2": null
            },
            "comments": [
                {
                    "id": "fc2fe6cd-6529-5635-24db-1d5d4fdcdd04",
                    "meta": {
                        "datetime": "2022-07-06T19:27:32.726Z",
                        "user_id": 2,
                        "user_name": "Harish"
                    },
                    "body": "[{\"category\":\"POSTURE\",\"selectedValue\":\"In_Position_Upright\"},{\"category\":\"HIGH LEVEL BEHAVIOR\",\"selectedValue\":[\"In_Transit_Active\"]},{\"category\":\"PA TYPE\",\"selectedValue\":\"Walking_Down_Stairs\"},{\"category\":\"Behavioral Parameters\",\"selectedValue\":[\"Carrying_Bag_On_Shoulder/Back_Light\",\"Located_Outdoors\"]},{\"category\":\"Experimental situation\",\"selectedValue\":\"Free_Living\"}]"
                }
            ]
        },
        {
            "id": "9934fa69-90e3-4ecd-8514-8ef1801cfde6",
            "range": {
                "start": 18931,
                "end": 19039
            },
            "shape": {
                "x1": null,
                "x2": null,
                "y1": null,
                "y2": null
            },
            "comments": [
                {
                    "id": "d023dd94-8685-8462-593b-6e88801cb794",
                    "meta": {
                        "datetime": "2022-07-06T19:28:26.549Z",
                        "user_id": 2,
                        "user_name": "Harish"
                    },
                    "body": "[{\"category\":\"POSTURE\",\"selectedValue\":\"In_Position_Upright\"},{\"category\":\"HIGH LEVEL BEHAVIOR\",\"selectedValue\":[\"In_Transit_Active\"]},{\"category\":\"PA TYPE\",\"selectedValue\":\"Walking\"},{\"category\":\"Behavioral Parameters\",\"selectedValue\":[\"Carrying_Bag_On_Shoulder/Back_Light\",\"Located_Outdoors\"]},{\"category\":\"Experimental situation\",\"selectedValue\":\"Free_Living\"}]"
                }
            ]
        },
        {
            "id": "0e59ba60-9658-4554-8175-ea9231cc25b8",
            "range": {
                "start": 19039,
                "end": 19082
            },
            "shape": {
                "x1": null,
                "x2": null,
                "y1": null,
                "y2": null
            },
            "comments": [
                {
                    "id": "7a393d76-61c2-a736-adc9-3ff89506af31",
                    "meta": {
                        "datetime": "2022-07-06T19:29:15.590Z",
                        "user_id": 2,
                        "user_name": "Harish"
                    },
                    "body": "[{\"category\":\"POSTURE\",\"selectedValue\":\"In_Position_Upright\"},{\"category\":\"HIGH LEVEL BEHAVIOR\",\"selectedValue\":[\"In_Transit_Active\"]},{\"category\":\"PA TYPE\",\"selectedValue\":\"Walking\"},{\"category\":\"Behavioral Parameters\",\"selectedValue\":[\"Carrying_Bag_On_Shoulder/Back_Light\",\"Located_Indoors\"]},{\"category\":\"Experimental situation\",\"selectedValue\":\"Free_Living\"}]"
                }
            ]
        },
        {
            "id": "7f41a1aa-70db-4812-a417-e5563d153bde",
            "range": {
                "start": 19082,
                "end": 19105
            },
            "shape": {
                "x1": null,
                "x2": null,
                "y1": null,
                "y2": null
            },
            "comments": [
                {
                    "id": "ff55fde4-53bc-484f-2aa9-ba57eb566fb3",
                    "meta": {
                        "datetime": "2022-07-06T19:30:11.898Z",
                        "user_id": 2,
                        "user_name": "Harish"
                    },
                    "body": "[{\"category\":\"POSTURE\",\"selectedValue\":\"In_Position_Upright\"},{\"category\":\"HIGH LEVEL BEHAVIOR\",\"selectedValue\":[\"Riding_Escalator_Up\"]},{\"category\":\"PA TYPE\",\"selectedValue\":\"Standing_With_Movement\"},{\"category\":\"Behavioral Parameters\",\"selectedValue\":[\"Carrying_Bag_On_Shoulder/Back_Light\",\"Located_Indoors\"]},{\"category\":\"Experimental situation\",\"selectedValue\":\"Free_Living\"}]"
                }
            ]
        },
        {
            "id": "71471d50-2db5-4092-bd49-344ff605e4e0",
            "range": {
                "start": 19105,
                "end": 19179
            },
            "shape": {
                "x1": null,
                "x2": null,
                "y1": null,
                "y2": null
            },
            "comments": [
                {
                    "id": "0a4e4543-38b0-b987-e562-6deb48ece4e3",
                    "meta": {
                        "datetime": "2022-07-06T19:32:19.338Z",
                        "user_id": 2,
                        "user_name": "Harish"
                    },
                    "body": "[{\"category\":\"POSTURE\",\"selectedValue\":\"In_Position_Upright\"},{\"category\":\"HIGH LEVEL BEHAVIOR\",\"selectedValue\":[\"In_Transit_Active\"]},{\"category\":\"PA TYPE\",\"selectedValue\":\"Walking\"},{\"category\":\"Behavioral Parameters\",\"selectedValue\":[\"Carrying_Bag_On_Shoulder/Back_Light\",\"Located_Indoors\"]},{\"category\":\"Experimental situation\",\"selectedValue\":\"Free_Living\"}]"
                }
            ]
        },
        {
            "id": "4ad97344-0f63-4b15-ad8a-56d60c7b68dd",
            "range": {
                "start": 19179,
                "end": 19355
            },
            "shape": {
                "x1": null,
                "x2": null,
                "y1": null,
                "y2": null
            },
            "comments": [
                {
                    "id": "792d4d0f-2677-e1eb-85af-466db5c7543f",
                    "meta": {
                        "datetime": "2022-07-06T19:34:24.080Z",
                        "user_id": 2,
                        "user_name": "Harish"
                    },
                    "body": "[{\"category\":\"POSTURE\",\"selectedValue\":\"In_Position_Upright\"},{\"category\":\"HIGH LEVEL BEHAVIOR\",\"selectedValue\":[]},{\"category\":\"PA TYPE\",\"selectedValue\":\"Standing_With_Movement\"},{\"category\":\"Behavioral Parameters\",\"selectedValue\":[\"Carrying_Bag_On_Shoulder/Back_Light\",\"Located_Indoors\",\"In_Conversation\"]},{\"category\":\"Experimental situation\",\"selectedValue\":\"Free_Living\"}]"
                }
            ]
        },
        {
            "id": "3815f01b-583f-45e1-b876-d3b6e8536fd9",
            "range": {
                "start": 19355,
                "end": 19393
            },
            "shape": {
                "x1": null,
                "x2": null,
                "y1": null,
                "y2": null
            },
            "comments": [
                {
                    "id": "6a5802b9-6a7d-1456-24aa-09e138da0d25",
                    "meta": {
                        "datetime": "2022-07-06T19:35:16.743Z",
                        "user_id": 2,
                        "user_name": "Harish"
                    },
                    "body": "[{\"category\":\"POSTURE\",\"selectedValue\":\"In_Position_Upright\"},{\"category\":\"HIGH LEVEL BEHAVIOR\",\"selectedValue\":[]},{\"category\":\"PA TYPE\",\"selectedValue\":\"Standing_With_Movement\"},{\"category\":\"Behavioral Parameters\",\"selectedValue\":[\"Carrying_Bag_On_Shoulder/Back_Light\",\"Located_Indoors\",\"In_Conversation\",\"Texting/Browsing_Phone\"]},{\"category\":\"Experimental situation\",\"selectedValue\":\"Free_Living\"}]"
                }
            ]
        },
        {
            "id": "b9f42d54-dcee-401e-b3c7-ca943d46a1e1",
            "range": {
                "start": 19393,
                "end": 19431
            },
            "shape": {
                "x1": null,
                "x2": null,
                "y1": null,
                "y2": null
            },
            "comments": [
                {
                    "id": "3187def3-1dc5-e9dc-8ce2-81ee4354eed0",
                    "meta": {
                        "datetime": "2022-07-06T19:36:12.767Z",
                        "user_id": 2,
                        "user_name": "Harish"
                    },
                    "body": "[{\"category\":\"POSTURE\",\"selectedValue\":\"In_Position_Upright\"},{\"category\":\"HIGH LEVEL BEHAVIOR\",\"selectedValue\":[\"In_Transit_Active\"]},{\"category\":\"PA TYPE\",\"selectedValue\":\"Walking\"},{\"category\":\"Behavioral Parameters\",\"selectedValue\":[\"Carrying_Bag_On_Shoulder/Back_Light\",\"Located_Indoors\"]},{\"category\":\"Experimental situation\",\"selectedValue\":\"Free_Living\"}]"
                }
            ]
        },
        {
            "id": "54125d8a-c392-47bd-afe8-5fab86dcbb06",
            "range": {
                "start": 19490,
                "end": 19496
            },
            "shape": {
                "x1": null,
                "x2": null,
                "y1": null,
                "y2": null
            },
            "comments": [
                {
                    "id": "a3fdaf42-aa49-6485-2a8f-bbf1cd5beade",
                    "meta": {
                        "datetime": "2022-07-06T19:40:39.672Z",
                        "user_id": 2,
                        "user_name": "Harish"
                    },
                    "body": "[{\"category\":\"POSTURE\",\"selectedValue\":\"In_Position_Upright\"},{\"category\":\"HIGH LEVEL BEHAVIOR\",\"selectedValue\":[]},{\"category\":\"PA TYPE\",\"selectedValue\":\"Standing_With_Movement\"},{\"category\":\"Behavioral Parameters\",\"selectedValue\":[\"Located_Indoors\",\"Texting/Browsing_Phone\"]},{\"category\":\"Experimental situation\",\"selectedValue\":\"Free_Living\"}]"
                }
            ]
        },
        {
            "id": "c2599bb2-fec0-4035-a7af-d22f515d4027",
            "range": {
                "start": 19498,
                "end": 19510
            },
            "shape": {
                "x1": null,
                "x2": null,
                "y1": null,
                "y2": null
            },
            "comments": [
                {
                    "id": "dbf0fc9a-6822-e735-e286-a7cdfed2342d",
                    "meta": {
                        "datetime": "2022-07-06T19:37:58.759Z",
                        "user_id": 2,
                        "user_name": "Harish"
                    },
                    "body": "[{\"category\":\"POSTURE\",\"selectedValue\":\"In_Position_Upright\"},{\"category\":\"HIGH LEVEL BEHAVIOR\",\"selectedValue\":[]},{\"category\":\"PA TYPE\",\"selectedValue\":\"Standing_With_Movement\"},{\"category\":\"Behavioral Parameters\",\"selectedValue\":[\"Located_Indoors\"]},{\"category\":\"Experimental situation\",\"selectedValue\":\"Free_Living\"}]"
                }
            ]
        },
        {
            "id": "35eb86cf-74cb-4ce9-a5e3-5a224da066b8",
            "range": {
                "start": 19510,
                "end": 19551
            },
            "shape": {
                "x1": null,
                "x2": null,
                "y1": null,
                "y2": null
            },
            "comments": [
                {
                    "id": "20d6a696-ed4b-5a07-d886-51f722b75f40",
                    "meta": {
                        "datetime": "2022-07-06T19:39:08.893Z",
                        "user_id": 2,
                        "user_name": "Harish"
                    },
                    "body": "[{\"category\":\"POSTURE\",\"selectedValue\":\"In_Position_Upright\"},{\"category\":\"HIGH LEVEL BEHAVIOR\",\"selectedValue\":[\"In_Transit_Active\"]},{\"category\":\"PA TYPE\",\"selectedValue\":\"Walking\"},{\"category\":\"Behavioral Parameters\",\"selectedValue\":[\"Located_Indoors\",\"In_Conversation\"]},{\"category\":\"Experimental situation\",\"selectedValue\":\"Free_Living\"}]"
                }
            ]
        },
        {
            "id": "6d165f59-fa88-4d4d-8aa2-486c194d09a2",
            "range": {
                "start": 19551,
                "end": 19562
            },
            "shape": {
                "x1": null,
                "x2": null,
                "y1": null,
                "y2": null
            },
            "comments": [
                {
                    "id": "ad0e7bc4-7612-7966-b7c6-44e248b6b8f2",
                    "meta": {
                        "datetime": "2022-07-06T19:39:28.167Z",
                        "user_id": 2,
                        "user_name": "Harish"
                    },
                    "body": "[{\"category\":\"POSTURE\",\"selectedValue\":\"In_Position_Upright\"},{\"category\":\"HIGH LEVEL BEHAVIOR\",\"selectedValue\":[\"In_Transit_Active\"]},{\"category\":\"PA TYPE\",\"selectedValue\":\"Walking\"},{\"category\":\"Behavioral Parameters\",\"selectedValue\":[\"Located_Indoors\"]},{\"category\":\"Experimental situation\",\"selectedValue\":\"Free_Living\"}]"
                }
            ]
        },
        {
            "id": "0c242c78-400a-4c3e-92d6-7a13d97401c5",
            "range": {
                "start": 19563,
                "end": 19588
            },
            "shape": {
                "x1": null,
                "x2": null,
                "y1": null,
                "y2": null
            },
            "comments": [
                {
                    "id": "232f2fde-91d1-15ca-deaa-f3b89bfb49fa",
                    "meta": {
                        "datetime": "2022-07-06T19:41:25.352Z",
                        "user_id": 2,
                        "user_name": "Harish"
                    },
                    "body": "[{\"category\":\"POSTURE\",\"selectedValue\":\"In_Position_Upright\"},{\"category\":\"HIGH LEVEL BEHAVIOR\",\"selectedValue\":[]},{\"category\":\"PA TYPE\",\"selectedValue\":\"Standing_With_Movement\"},{\"category\":\"Behavioral Parameters\",\"selectedValue\":[\"Located_Indoors\",\"Texting/Browsing_Phone\"]},{\"category\":\"Experimental situation\",\"selectedValue\":\"Free_Living\"}]"
                }
            ]
        },
        {
            "id": "5e655d07-bfdc-463b-b8a2-dea985387bdc",
            "range": {
                "start": 19591,
                "end": 19606
            },
            "shape": {
                "x1": null,
                "x2": null,
                "y1": null,
                "y2": null
            },
            "comments": [
                {
                    "id": "075b7113-165f-2506-7270-826b44b13b33",
                    "meta": {
                        "datetime": "2022-07-06T19:42:09.639Z",
                        "user_id": 2,
                        "user_name": "Harish"
                    },
                    "body": "[{\"category\":\"POSTURE\",\"selectedValue\":\"In_Position_Upright\"},{\"category\":\"HIGH LEVEL BEHAVIOR\",\"selectedValue\":[\"In_Transit_Active\"]},{\"category\":\"PA TYPE\",\"selectedValue\":\"Walking\"},{\"category\":\"Behavioral Parameters\",\"selectedValue\":[\"Located_Indoors\"]},{\"category\":\"Experimental situation\",\"selectedValue\":\"Free_Living\"}]"
                }
            ]
        },
        {
            "id": "c0a82a5a-e2c0-4e4b-a59c-bbe11a2821c8",
            "range": {
                "start": 19606,
                "end": 19646
            },
            "shape": {
                "x1": null,
                "x2": null,
                "y1": null,
                "y2": null
            },
            "comments": [
                {
                    "id": "a4696a57-c79a-1d5b-9080-a079ac8e9045",
                    "meta": {
                        "datetime": "2022-07-06T19:42:29.332Z",
                        "user_id": 2,
                        "user_name": "Harish"
                    },
                    "body": "[{\"category\":\"POSTURE\",\"selectedValue\":\"In_Position_Upright\"},{\"category\":\"HIGH LEVEL BEHAVIOR\",\"selectedValue\":[]},{\"category\":\"PA TYPE\",\"selectedValue\":\"Standing_Still\"},{\"category\":\"Behavioral Parameters\",\"selectedValue\":[\"Located_Indoors\"]},{\"category\":\"Experimental situation\",\"selectedValue\":\"Free_Living\"}]"
                }
            ]
        },
        {
            "id": "51a80afe-e175-422e-8153-91ceb5b5758e",
            "range": {
                "start": 19646,
                "end": 19658
            },
            "shape": {
                "x1": null,
                "x2": null,
                "y1": null,
                "y2": null
            },
            "comments": [
                {
                    "id": "d8fb0c5d-23d0-7ccf-3710-5ebb5d06fcb7",
                    "meta": {
                        "datetime": "2022-07-06T19:42:55.790Z",
                        "user_id": 2,
                        "user_name": "Harish"
                    },
                    "body": "[{\"category\":\"POSTURE\",\"selectedValue\":\"In_Position_Upright\"},{\"category\":\"HIGH LEVEL BEHAVIOR\",\"selectedValue\":[\"In_Transit_Active\"]},{\"category\":\"PA TYPE\",\"selectedValue\":\"Walking\"},{\"category\":\"Behavioral Parameters\",\"selectedValue\":[\"Located_Indoors\"]},{\"category\":\"Experimental situation\",\"selectedValue\":\"Free_Living\"}]"
                }
            ]
        },
        {
            "id": "899f9297-7cd2-46fb-8ed4-0df766209f37",
            "range": {
                "start": 19658,
                "end": 19727
            },
            "shape": {
                "x1": null,
                "x2": null,
                "y1": null,
                "y2": null
            },
            "comments": [
                {
                    "id": "9a0615e1-261d-83bc-f257-8ee7e16ce069",
                    "meta": {
                        "datetime": "2022-07-06T19:44:16.042Z",
                        "user_id": 2,
                        "user_name": "Harish"
                    },
                    "body": "[{\"category\":\"POSTURE\",\"selectedValue\":\"In_Position_Upright\"},{\"category\":\"HIGH LEVEL BEHAVIOR\",\"selectedValue\":[]},{\"category\":\"PA TYPE\",\"selectedValue\":\"Standing_With_Movement\"},{\"category\":\"Behavioral Parameters\",\"selectedValue\":[\"Located_Indoors\"]},{\"category\":\"Experimental situation\",\"selectedValue\":\"Free_Living\"}]"
                }
            ]
        },
        {
            "id": "7c549fad-4aba-41c1-adc7-1a8564fd8cff",
            "range": {
                "start": 19727,
                "end": 19772
            },
            "shape": {
                "x1": null,
                "x2": null,
                "y1": null,
                "y2": null
            },
            "comments": [
                {
                    "id": "f6630457-7829-b6c0-834c-b01acda6b588",
                    "meta": {
                        "datetime": "2022-07-06T19:46:34.219Z",
                        "user_id": 2,
                        "user_name": "Harish"
                    },
                    "body": "[{\"category\":\"POSTURE\",\"selectedValue\":\"Posture_Other)\"},{\"category\":\"HIGH LEVEL BEHAVIOR\",\"selectedValue\":[]},{\"category\":\"PA TYPE\",\"selectedValue\":\"PA_Type_Other\"},{\"category\":\"Behavioral Parameters\",\"selectedValue\":[\"Located_Indoors\"]},{\"category\":\"Experimental situation\",\"selectedValue\":\"Free_Living\"}]"
                }
            ]
        },
        {
            "id": "060f420a-f01e-47e5-89e3-901da2907ebd",
            "range": {
                "start": 19772,
                "end": 19831
            },
            "shape": {
                "x1": null,
                "x2": null,
                "y1": null,
                "y2": null
            },
            "comments": [
                {
                    "id": "6359ade0-b1e7-39a4-9c1d-d8d0da6fa8c4",
                    "meta": {
                        "datetime": "2022-07-06T19:48:50.696Z",
                        "user_id": 2,
                        "user_name": "Harish"
                    },
                    "body": "[{\"category\":\"POSTURE\",\"selectedValue\":\"In_Position_Upright\"},{\"category\":\"HIGH LEVEL BEHAVIOR\",\"selectedValue\":[]},{\"category\":\"PA TYPE\",\"selectedValue\":\"Walking\"},{\"category\":\"Behavioral Parameters\",\"selectedValue\":[\"Located_Indoors\"]},{\"category\":\"Experimental situation\",\"selectedValue\":\"Free_Living\"}]"
                }
            ]
        },
        {
            "id": "83745282-ae0b-4a3b-a08c-98de4892dc74",
            "range": {
                "start": 19831,
                "end": 19895
            },
            "shape": {
                "x1": null,
                "x2": null,
                "y1": null,
                "y2": null
            },
            "comments": [
                {
                    "id": "99946415-c045-7521-99ea-790ddd5df1cb",
                    "meta": {
                        "datetime": "2022-07-06T19:49:36.573Z",
                        "user_id": 2,
                        "user_name": "Harish"
                    },
                    "body": "[{\"category\":\"POSTURE\",\"selectedValue\":\"In_Position_Upright\"},{\"category\":\"HIGH LEVEL BEHAVIOR\",\"selectedValue\":[\"Riding_Elevator_Down\"]},{\"category\":\"PA TYPE\",\"selectedValue\":\"Standing_With_Movement\"},{\"category\":\"Behavioral Parameters\",\"selectedValue\":[\"Located_Indoors\"]},{\"category\":\"Experimental situation\",\"selectedValue\":\"Free_Living\"}]"
                }
            ]
        },
        {
            "id": "46dbb462-eb90-476c-829b-cff09f26a28f",
            "range": {
                "start": 19895,
                "end": 19907
            },
            "shape": {
                "x1": null,
                "x2": null,
                "y1": null,
                "y2": null
            },
            "comments": [
                {
                    "id": "43b4ba8b-c005-5859-40eb-36d3c29bb115",
                    "meta": {
                        "datetime": "2022-07-06T19:50:20.237Z",
                        "user_id": 2,
                        "user_name": "Harish"
                    },
                    "body": "[{\"category\":\"POSTURE\",\"selectedValue\":\"In_Position_Upright\"},{\"category\":\"HIGH LEVEL BEHAVIOR\",\"selectedValue\":[\"In_Transit_Active\"]},{\"category\":\"PA TYPE\",\"selectedValue\":\"Walking\"},{\"category\":\"Behavioral Parameters\",\"selectedValue\":[\"Located_Indoors\"]},{\"category\":\"Experimental situation\",\"selectedValue\":\"Free_Living\"}]"
                }
            ]
        },
        {
            "id": "6a07e0b5-e8a4-4e3f-bf6d-c410061bbae6",
            "range": {
                "start": 19907,
                "end": 19932
            },
            "shape": {
                "x1": null,
                "x2": null,
                "y1": null,
                "y2": null
            },
            "comments": [
                {
                    "id": "0e56cecd-1a42-fa81-7fdd-90de2244cdfd",
                    "meta": {
                        "datetime": "2022-07-06T19:50:47.290Z",
                        "user_id": 2,
                        "user_name": "Harish"
                    },
                    "body": "[{\"category\":\"POSTURE\",\"selectedValue\":\"In_Position_Upright\"},{\"category\":\"HIGH LEVEL BEHAVIOR\",\"selectedValue\":[]},{\"category\":\"PA TYPE\",\"selectedValue\":\"Standing_With_Movement\"},{\"category\":\"Behavioral Parameters\",\"selectedValue\":[\"Located_Indoors\"]},{\"category\":\"Experimental situation\",\"selectedValue\":\"Free_Living\"}]"
                }
            ]
        },
        {
            "id": "2fc3db23-8d5c-4c7e-9553-9860ae445dcd",
            "range": {
                "start": 19932,
                "end": 19947
            },
            "shape": {
                "x1": null,
                "x2": null,
                "y1": null,
                "y2": null
            },
            "comments": [
                {
                    "id": "d543734f-e509-bd6e-55c6-4c1c60a2b78b",
                    "meta": {
                        "datetime": "2022-07-06T19:51:08.755Z",
                        "user_id": 2,
                        "user_name": "Harish"
                    },
                    "body": "[{\"category\":\"POSTURE\",\"selectedValue\":\"In_Position_Upright\"},{\"category\":\"HIGH LEVEL BEHAVIOR\",\"selectedValue\":[\"In_Transit_Active\"]},{\"category\":\"PA TYPE\",\"selectedValue\":\"Walking\"},{\"category\":\"Behavioral Parameters\",\"selectedValue\":[\"Located_Indoors\"]},{\"category\":\"Experimental situation\",\"selectedValue\":\"Free_Living\"}]"
                }
            ]
        },
        {
            "id": "53bd5fb0-060c-475e-aadf-42b22b23a63e",
            "range": {
                "start": 19947,
                "end": 19990
            },
            "shape": {
                "x1": null,
                "x2": null,
                "y1": null,
                "y2": null
            },
            "comments": [
                {
                    "id": "a60b56aa-c797-edf0-777c-4826b53d2489",
                    "meta": {
                        "datetime": "2022-07-06T19:51:37.161Z",
                        "user_id": 2,
                        "user_name": "Harish"
                    },
                    "body": "[{\"category\":\"POSTURE\",\"selectedValue\":\"In_Position_Upright\"},{\"category\":\"HIGH LEVEL BEHAVIOR\",\"selectedValue\":[\"In_Transit_Active\"]},{\"category\":\"PA TYPE\",\"selectedValue\":\"Walking\"},{\"category\":\"Behavioral Parameters\",\"selectedValue\":[\"Located_Outdoors\"]},{\"category\":\"Experimental situation\",\"selectedValue\":\"Free_Living\"}]"
                }
            ]
        },
        {
            "id": "dab27eeb-b1a8-4483-ad4f-edafbefbf234",
            "range": {
                "start": 19990,
                "end": 20007
            },
            "shape": {
                "x1": null,
                "x2": null,
                "y1": null,
                "y2": null
            },
            "comments": [
                {
                    "id": "e34bc533-391c-3820-c92a-3b6d941b483c",
                    "meta": {
                        "datetime": "2022-07-06T19:52:02.784Z",
                        "user_id": 2,
                        "user_name": "Harish"
                    },
                    "body": "[{\"category\":\"POSTURE\",\"selectedValue\":\"In_Position_Upright\"},{\"category\":\"HIGH LEVEL BEHAVIOR\",\"selectedValue\":[\"In_Transit_Active\"]},{\"category\":\"PA TYPE\",\"selectedValue\":\"Walking\"},{\"category\":\"Behavioral Parameters\",\"selectedValue\":[\"Located_Outdoors\"]},{\"category\":\"Experimental situation\",\"selectedValue\":\"Free_Living\"}]"
                }
            ]
        },
        {
            "id": "a18044b7-0858-4c4c-b146-0d8f57819a9f",
            "range": {
                "start": 20007,
                "end": 21392
            },
            "shape": {
                "x1": null,
                "x2": null,
                "y1": null,
                "y2": null
            },
            "comments": [
                {
                    "id": "442d6a9f-831a-5b1c-e972-8fca6538a8de",
                    "meta": {
                        "datetime": "2022-07-06T19:58:52.351Z",
                        "user_id": 2,
                        "user_name": "Harish"
                    },
                    "body": "[{\"category\":\"POSTURE\",\"selectedValue\":\"In_Position_Upright\"},{\"category\":\"HIGH LEVEL BEHAVIOR\",\"selectedValue\":[\"In_Transit_Active\"]},{\"category\":\"PA TYPE\",\"selectedValue\":\"PA_Type_Other\"},{\"category\":\"Behavioral Parameters\",\"selectedValue\":[\"Located_Outdoors\"]},{\"category\":\"Experimental situation\",\"selectedValue\":\"Free_Living\"}]"
                }
            ]
        },
        {
            "id": "10951009-d492-499d-85f7-9fca718243c8",
            "range": {
                "start": 21392,
                "end": 21411
            },
            "shape": {
                "x1": null,
                "x2": null,
                "y1": null,
                "y2": null
            },
            "comments": [
                {
                    "id": "e8112428-01fb-07f9-302e-24bf0638c49c",
                    "meta": {
                        "datetime": "2022-07-06T19:58:52.420Z",
                        "user_id": 2,
                        "user_name": "Harish"
                    },
                    "body": "[{\"category\":\"POSTURE\",\"selectedValue\":\"In_Position_Upright\"},{\"category\":\"HIGH LEVEL BEHAVIOR\",\"selectedValue\":[]},{\"category\":\"PA TYPE\",\"selectedValue\":\"Standing_With_Movement\"},{\"category\":\"Behavioral Parameters\",\"selectedValue\":[\"Located_Outdoors\"]},{\"category\":\"Experimental situation\",\"selectedValue\":\"Free_Living\"}]"
                }
            ]
        },
        {
            "id": "28fcb41c-a942-4a3a-8889-2f2123519dc6",
            "range": {
                "start": 21411,
                "end": 21434
            },
            "shape": {
                "x1": null,
                "x2": null,
                "y1": null,
                "y2": null
            },
            "comments": [
                {
                    "id": "510a5b0f-bd51-5637-4098-c272bf67c7a4",
                    "meta": {
                        "datetime": "2022-07-06T19:59:30.113Z",
                        "user_id": 2,
                        "user_name": "Harish"
                    },
                    "body": "[{\"category\":\"POSTURE\",\"selectedValue\":\"In_Position_Upright\"},{\"category\":\"HIGH LEVEL BEHAVIOR\",\"selectedValue\":[\"In_Transit_Active\"]},{\"category\":\"PA TYPE\",\"selectedValue\":\"PA_Type_Other\"},{\"category\":\"Behavioral Parameters\",\"selectedValue\":[\"Located_Outdoors\"]},{\"category\":\"Experimental situation\",\"selectedValue\":\"Free_Living\"}]"
                }
            ]
        }
    ],
    "videoHash": 1697337568
}