START_TIME,STOP_TIME,PREDICTION,SOURCE,LABELSET,VIDEO_START_TIME,VIDEO_END_TIME
2022-06-13 19:13:16,2022-06-13 19:15:03,Located_Indoors, In_Conversation,annotator,Behavioral Parameters,2022-06-13 00:00:00,2022-06-13 00:01:47
2022-06-13 19:15:03,2022-06-13 19:15:16,Located_Indoors, In_Conversation,annotator,Behavioral Parameters,2022-06-13 00:01:47,2022-06-13 00:02:00
2022-06-13 19:15:16,2022-06-13 19:15:54,Located_Indoors, In_Conversation,annotator,Behavioral Parameters,2022-06-13 00:02:00,2022-06-13 00:02:38
2022-06-13 19:15:54,2022-06-13 19:16:01,Located_Indoors, In_Conversation,annotator,Behavioral Parameters,2022-06-13 00:02:38,2022-06-13 00:02:45
2022-06-13 19:16:01,2022-06-13 19:17:13,Located_Indoors, In_Conversation,annotator,Behavioral Parameters,2022-06-13 00:02:45,2022-06-13 00:03:57
2022-06-13 19:17:14,2022-06-13 19:19:34,CP_VideoUnavailable/Indecipherable,annotator,Behavioral Parameters,2022-06-13 00:03:58,2022-06-13 00:06:18
2022-06-13 19:19:36,2022-06-13 19:19:47,Located_Indoors, In_Conversation, Holding_Other_Object_Light,annotator,Behavioral Parameters,2022-06-13 00:06:20,2022-06-13 00:06:31
2022-06-13 19:19:47,2022-06-13 19:22:19,Located_Indoors, In_Conversation,annotator,Behavioral Parameters,2022-06-13 00:06:31,2022-06-13 00:09:03
2022-06-13 19:22:19,2022-06-13 19:22:54,Located_Indoors, In_Conversation, Holding_Other_Object_Light,annotator,Behavioral Parameters,2022-06-13 00:09:03,2022-06-13 00:09:38
2022-06-13 19:22:54,2022-06-13 19:23:32,Located_Indoors, In_Conversation, Texting/Browsing_Phone,annotator,Behavioral Parameters,2022-06-13 00:09:38,2022-06-13 00:10:16
2022-06-13 19:23:32,2022-06-13 19:24:14,Located_Indoors, In_Conversation,annotator,Behavioral Parameters,2022-06-13 00:10:16,2022-06-13 00:10:58
2022-06-13 19:24:14,2022-06-13 19:24:31,Located_Indoors, Holding_Other_Object_Light, Holding_Bag/BriefCase_Hand_Light,annotator,Behavioral Parameters,2022-06-13 00:10:58,2022-06-13 00:11:15
2022-06-13 19:24:31,2022-06-13 19:24:48,Located_Indoors, Holding_Other_Object_Light, Holding_Bag/BriefCase_Hand_Light,annotator,Behavioral Parameters,2022-06-13 00:11:15,2022-06-13 00:11:32
2022-06-13 19:24:48,2022-06-13 19:24:51,Located_Indoors, Holding_Other_Object_Light, Carrying_Bag_On_Shoulder/Back_Light,annotator,Behavioral Parameters,2022-06-13 00:11:32,2022-06-13 00:11:35
2022-06-13 19:24:51,2022-06-13 19:25:13,Located_Indoors, Holding_Other_Object_Light, Carrying_Bag_On_Shoulder/Back_Light,annotator,Behavioral Parameters,2022-06-13 00:11:35,2022-06-13 00:11:57
2022-06-13 19:25:13,2022-06-13 19:25:31,Located_Indoors, Holding_Other_Object_Light, Carrying_Bag_On_Shoulder/Back_Light,annotator,Behavioral Parameters,2022-06-13 00:11:57,2022-06-13 00:12:15
2022-06-13 19:25:31,2022-06-13 19:31:46,Holding_Other_Object_Light, Carrying_Bag_On_Shoulder/Back_Light, Located_Outdoors,annotator,Behavioral Parameters,2022-06-13 00:12:15,2022-06-13 00:18:30
2022-06-13 19:31:46,2022-06-13 19:32:09,Holding_Other_Object_Light, Carrying_Bag_On_Shoulder/Back_Light, Located_Outdoors,annotator,Behavioral Parameters,2022-06-13 00:18:30,2022-06-13 00:18:53
2022-06-13 19:32:10,2022-06-13 19:32:32,Holding_Other_Object_Light, Carrying_Bag_On_Shoulder/Back_Light, Located_Outdoors,annotator,Behavioral Parameters,2022-06-13 00:18:54,2022-06-13 00:19:16
2022-06-13 19:32:32,2022-06-13 19:32:50,Holding_Other_Object_Light, Carrying_Bag_On_Shoulder/Back_Light, Located_Outdoors,annotator,Behavioral Parameters,2022-06-13 00:19:16,2022-06-13 00:19:34
2022-06-13 19:32:50,2022-06-13 19:33:55,Holding_Other_Object_Light, Carrying_Bag_On_Shoulder/Back_Light, Located_Outdoors,annotator,Behavioral Parameters,2022-06-13 00:19:34,2022-06-13 00:20:39
2022-06-13 19:33:55,2022-06-13 19:34:12,Holding_Other_Object_Light, Carrying_Bag_On_Shoulder/Back_Light, Located_Outdoors,annotator,Behavioral Parameters,2022-06-13 00:20:39,2022-06-13 00:20:56
2022-06-13 19:34:12,2022-06-13 19:35:30,Holding_Other_Object_Light, Carrying_Bag_On_Shoulder/Back_Light, Located_Outdoors,annotator,Behavioral Parameters,2022-06-13 00:20:56,2022-06-13 00:22:14
2022-06-13 19:35:30,2022-06-13 19:35:40,Holding_Other_Object_Light, Carrying_Bag_On_Shoulder/Back_Light, Located_Indoors,annotator,Behavioral Parameters,2022-06-13 00:22:14,2022-06-13 00:22:24
2022-06-13 19:35:40,2022-06-13 19:35:46,Holding_Other_Object_Light, Carrying_Bag_On_Shoulder/Back_Light, Located_Indoors,annotator,Behavioral Parameters,2022-06-13 00:22:24,2022-06-13 00:22:30
2022-06-13 19:35:46,2022-06-13 19:36:08,Holding_Other_Object_Light, Carrying_Bag_On_Shoulder/Back_Light, Located_Indoors,annotator,Behavioral Parameters,2022-06-13 00:22:30,2022-06-13 00:22:52
2022-06-13 19:36:08,2022-06-13 19:36:47,Holding_Other_Object_Light, Carrying_Bag_On_Shoulder/Back_Light, Located_Indoors,annotator,Behavioral Parameters,2022-06-13 00:22:52,2022-06-13 00:23:31
2022-06-13 19:36:47,2022-06-13 19:36:51,Holding_Other_Object_Light, Carrying_Bag_On_Shoulder/Back_Light, Located_Indoors,annotator,Behavioral Parameters,2022-06-13 00:23:31,2022-06-13 00:23:35
2022-06-13 19:36:51,2022-06-13 19:37:24,Holding_Other_Object_Light, Carrying_Bag_On_Shoulder/Back_Light, Located_Indoors,annotator,Behavioral Parameters,2022-06-13 00:23:35,2022-06-13 00:24:08
2022-06-13 19:37:24,2022-06-13 19:37:30,Holding_Other_Object_Light, Carrying_Bag_On_Shoulder/Back_Light, Located_Indoors,annotator,Behavioral Parameters,2022-06-13 00:24:08,2022-06-13 00:24:14
2022-06-13 19:37:30,2022-06-13 19:37:44,Holding_Other_Object_Light, Carrying_Bag_On_Shoulder/Back_Light, Located_Indoors,annotator,Behavioral Parameters,2022-06-13 00:24:14,2022-06-13 00:24:28
2022-06-13 19:37:44,2022-06-13 19:37:54,Holding_Other_Object_Light, Carrying_Bag_On_Shoulder/Back_Light, Located_Indoors,annotator,Behavioral Parameters,2022-06-13 00:24:28,2022-06-13 00:24:38
2022-06-13 19:37:54,2022-06-13 19:38:05,Holding_Other_Object_Light, Carrying_Bag_On_Shoulder/Back_Light, Located_Indoors,annotator,Behavioral Parameters,2022-06-13 00:24:38,2022-06-13 00:24:49
2022-06-13 19:38:05,2022-06-13 19:38:09,Located_Indoors,annotator,Behavioral Parameters,2022-06-13 00:24:49,2022-06-13 00:24:53
2022-06-13 19:38:09,2022-06-13 19:39:04,Located_Indoors, Holding_Other_Object_Light,annotator,Behavioral Parameters,2022-06-13 00:24:53,2022-06-13 00:25:48
2022-06-13 19:39:04,2022-06-13 19:39:12,Located_Indoors,annotator,Behavioral Parameters,2022-06-13 00:25:48,2022-06-13 00:25:56
2022-06-13 19:39:12,2022-06-13 19:39:27,Located_Indoors, Holding_Other_Object_Light,annotator,Behavioral Parameters,2022-06-13 00:25:56,2022-06-13 00:26:11
2022-06-13 19:39:27,2022-06-13 19:39:36,Located_Indoors, Holding_Other_Object_Light,annotator,Behavioral Parameters,2022-06-13 00:26:11,2022-06-13 00:26:20
2022-06-13 19:39:36,2022-06-13 19:39:47,Located_Indoors, Texting/Browsing_Phone,annotator,Behavioral Parameters,2022-06-13 00:26:20,2022-06-13 00:26:31
2022-06-13 19:39:47,2022-06-13 19:40:09,Located_Indoors, Texting/Browsing_Phone,annotator,Behavioral Parameters,2022-06-13 00:26:31,2022-06-13 00:26:53
2022-06-13 19:40:09,2022-06-13 19:40:38,Located_Indoors, Holding_Drink,annotator,Behavioral Parameters,2022-06-13 00:26:53,2022-06-13 00:27:22
2022-06-13 19:40:38,2022-06-13 19:41:28,Located_Indoors, Holding_Other_Object_Light,annotator,Behavioral Parameters,2022-06-13 00:27:22,2022-06-13 00:28:12
2022-06-13 19:41:28,2022-06-13 19:42:01,Located_Indoors, Holding_Solid_Food,annotator,Behavioral Parameters,2022-06-13 00:28:12,2022-06-13 00:28:45
2022-06-13 19:42:01,2022-06-13 19:42:09,Located_Indoors, Holding_Other_Object_Light,annotator,Behavioral Parameters,2022-06-13 00:28:45,2022-06-13 00:28:53
2022-06-13 19:42:09,2022-06-13 19:42:27,Located_Indoors, Holding_Solid_Food,annotator,Behavioral Parameters,2022-06-13 00:28:53,2022-06-13 00:29:11
2022-06-13 19:42:27,2022-06-13 19:42:52,Located_Indoors, Holding_Drink,annotator,Behavioral Parameters,2022-06-13 00:29:11,2022-06-13 00:29:36
2022-06-13 19:42:52,2022-06-13 19:43:20,Located_Indoors, Holding_Other_Object_Light,annotator,Behavioral Parameters,2022-06-13 00:29:36,2022-06-13 00:30:04
2022-06-13 19:43:20,2022-06-13 19:43:35,Located_Indoors, Holding_Solid_Food,annotator,Behavioral Parameters,2022-06-13 00:30:04,2022-06-13 00:30:19
2022-06-13 19:43:35,2022-06-13 19:43:38,Located_Indoors, Holding_Solid_Food, Texting/Browsing_Phone,annotator,Behavioral Parameters,2022-06-13 00:30:19,2022-06-13 00:30:22
2022-06-13 19:43:38,2022-06-13 19:43:46,Located_Indoors, Holding_Other_Object_Light,annotator,Behavioral Parameters,2022-06-13 00:30:22,2022-06-13 00:30:30
2022-06-13 19:43:46,2022-06-13 19:43:53,Located_Indoors, Texting/Browsing_Phone,annotator,Behavioral Parameters,2022-06-13 00:30:30,2022-06-13 00:30:37
2022-06-13 19:43:53,2022-06-13 19:44:06,Located_Indoors, Texting/Browsing_Phone, Holding_Other_Object_Light,annotator,Behavioral Parameters,2022-06-13 00:30:37,2022-06-13 00:30:50
2022-06-13 19:44:06,2022-06-13 19:44:15,Located_Indoors, Texting/Browsing_Phone,annotator,Behavioral Parameters,2022-06-13 00:30:50,2022-06-13 00:30:59
2022-06-13 19:44:15,2022-06-13 19:44:40,Located_Indoors, Holding_Other_Object_Light,annotator,Behavioral Parameters,2022-06-13 00:30:59,2022-06-13 00:31:24
2022-06-13 19:44:40,2022-06-13 19:44:52,Located_Indoors,annotator,Behavioral Parameters,2022-06-13 00:31:24,2022-06-13 00:31:36
2022-06-13 19:44:52,2022-06-13 19:45:12,Located_Indoors, Holding_Other_Object_Light,annotator,Behavioral Parameters,2022-06-13 00:31:36,2022-06-13 00:31:56
2022-06-13 19:45:12,2022-06-13 19:45:25,Located_Indoors, Holding_Other_Object_Light,annotator,Behavioral Parameters,2022-06-13 00:31:56,2022-06-13 00:32:09
2022-06-13 19:45:25,2022-06-13 19:45:39,Located_Indoors, Holding_Other_Object_Light,annotator,Behavioral Parameters,2022-06-13 00:32:09,2022-06-13 00:32:23
2022-06-13 19:45:39,2022-06-13 19:45:51,Located_Indoors, Holding_Other_Object_Light,annotator,Behavioral Parameters,2022-06-13 00:32:23,2022-06-13 00:32:35
2022-06-13 19:45:51,2022-06-13 19:46:05,Located_Indoors, Holding_Other_Object_Light,annotator,Behavioral Parameters,2022-06-13 00:32:35,2022-06-13 00:32:49
2022-06-13 19:46:05,2022-06-13 19:47:24,Located_Indoors, Holding_Solid_Food,annotator,Behavioral Parameters,2022-06-13 00:32:49,2022-06-13 00:34:08
2022-06-13 19:47:24,2022-06-13 19:47:51,Located_Indoors, Texting/Browsing_Phone,annotator,Behavioral Parameters,2022-06-13 00:34:08,2022-06-13 00:34:35
2022-06-13 19:47:51,2022-06-13 19:48:33,Located_Indoors, Holding_Solid_Food,annotator,Behavioral Parameters,2022-06-13 00:34:35,2022-06-13 00:35:17
2022-06-13 19:48:33,2022-06-13 19:48:59,Located_Indoors, Texting/Browsing_Phone,annotator,Behavioral Parameters,2022-06-13 00:35:17,2022-06-13 00:35:43
2022-06-13 19:48:59,2022-06-13 19:49:07,Located_Indoors, Texting/Browsing_Phone, Holding_Solid_Food,annotator,Behavioral Parameters,2022-06-13 00:35:43,2022-06-13 00:35:51
2022-06-13 19:49:07,2022-06-13 19:50:08,Located_Indoors, Texting/Browsing_Phone,annotator,Behavioral Parameters,2022-06-13 00:35:51,2022-06-13 00:36:52
2022-06-13 19:50:08,2022-06-13 19:50:13,Located_Indoors, Texting/Browsing_Phone, Holding_Solid_Food,annotator,Behavioral Parameters,2022-06-13 00:36:52,2022-06-13 00:36:57
2022-06-13 19:50:13,2022-06-13 19:50:30,Located_Indoors, Texting/Browsing_Phone,annotator,Behavioral Parameters,2022-06-13 00:36:57,2022-06-13 00:37:14
2022-06-13 19:50:30,2022-06-13 19:50:40,Located_Indoors, Texting/Browsing_Phone, Holding_Solid_Food,annotator,Behavioral Parameters,2022-06-13 00:37:14,2022-06-13 00:37:24
2022-06-13 19:50:40,2022-06-13 19:50:53,Located_Indoors, Texting/Browsing_Phone,annotator,Behavioral Parameters,2022-06-13 00:37:24,2022-06-13 00:37:37
2022-06-13 19:50:53,2022-06-13 19:53:19,Located_Indoors, Holding_Solid_Food,annotator,Behavioral Parameters,2022-06-13 00:37:37,2022-06-13 00:40:03
2022-06-13 19:53:19,2022-06-13 19:53:32,Located_Indoors,annotator,Behavioral Parameters,2022-06-13 00:40:03,2022-06-13 00:40:16
2022-06-13 19:53:32,2022-06-13 19:59:40,Located_Indoors, Holding_Solid_Food,annotator,Behavioral Parameters,2022-06-13 00:40:16,2022-06-13 00:46:24
2022-06-13 19:59:40,2022-06-13 19:59:44,Located_Indoors,annotator,Behavioral Parameters,2022-06-13 00:46:24,2022-06-13 00:46:28
2022-06-13 19:59:47,2022-06-13 19:59:53,Located_Indoors, Holding_Other_Object_Light,annotator,Behavioral Parameters,2022-06-13 00:46:31,2022-06-13 00:46:37
2022-06-13 19:59:53,2022-06-13 20:00:09,Located_Indoors, Holding_Drink,annotator,Behavioral Parameters,2022-06-13 00:46:37,2022-06-13 00:46:53
2022-06-13 20:00:09,2022-06-13 20:00:24,Located_Indoors, Holding_Other_Object_Light,annotator,Behavioral Parameters,2022-06-13 00:46:53,2022-06-13 00:47:08
2022-06-13 20:00:24,2022-06-13 20:00:49,Located_Indoors, Holding_Other_Object_Light,annotator,Behavioral Parameters,2022-06-13 00:47:08,2022-06-13 00:47:33
2022-06-13 20:00:49,2022-06-13 20:01:33,Located_Indoors, Holding_Solid_Food,annotator,Behavioral Parameters,2022-06-13 00:47:33,2022-06-13 00:48:17
2022-06-13 20:01:33,2022-06-13 20:01:41,Located_Indoors, Holding_Solid_Food,annotator,Behavioral Parameters,2022-06-13 00:48:17,2022-06-13 00:48:25
2022-06-13 20:01:41,2022-06-13 20:01:45,Located_Indoors, Holding_Other_Object_Light,annotator,Behavioral Parameters,2022-06-13 00:48:25,2022-06-13 00:48:29
2022-06-13 20:01:45,2022-06-13 20:01:56,Located_Indoors, Holding_Other_Object_Light, Holding_Solid_Food,annotator,Behavioral Parameters,2022-06-13 00:48:29,2022-06-13 00:48:40
2022-06-13 20:01:56,2022-06-13 20:02:09,Located_Indoors, Holding_Other_Object_Light,annotator,Behavioral Parameters,2022-06-13 00:48:40,2022-06-13 00:48:53
2022-06-13 20:02:09,2022-06-13 20:02:54,Located_Indoors, Holding_Other_Object_Light,annotator,Behavioral Parameters,2022-06-13 00:48:53,2022-06-13 00:49:38
2022-06-13 20:02:54,2022-06-13 20:02:59,Located_Indoors, Holding_Other_Object_Light,annotator,Behavioral Parameters,2022-06-13 00:49:38,2022-06-13 00:49:43
2022-06-13 20:02:59,2022-06-13 20:03:10,Located_Indoors, Holding_Other_Object_Light,annotator,Behavioral Parameters,2022-06-13 00:49:43,2022-06-13 00:49:54
2022-06-13 20:03:10,2022-06-13 20:03:20,Located_Indoors, Holding_Other_Object_Light,annotator,Behavioral Parameters,2022-06-13 00:49:54,2022-06-13 00:50:04
2022-06-13 20:03:20,2022-06-13 20:03:34,Located_Indoors, Holding_Drink,annotator,Behavioral Parameters,2022-06-13 00:50:04,2022-06-13 00:50:18
2022-06-13 20:03:34,2022-06-13 20:03:59,Located_Indoors, Holding_Other_Object_Light,annotator,Behavioral Parameters,2022-06-13 00:50:18,2022-06-13 00:50:43
2022-06-13 20:03:59,2022-06-13 20:04:04,Located_Indoors, Holding_Other_Object_Light,annotator,Behavioral Parameters,2022-06-13 00:50:43,2022-06-13 00:50:48
2022-06-13 20:04:04,2022-06-13 20:04:15,Located_Indoors, Holding_Other_Object_Light, In_Conversation,annotator,Behavioral Parameters,2022-06-13 00:50:48,2022-06-13 00:50:59
2022-06-13 20:04:15,2022-06-13 20:04:25,Located_Indoors, Holding_Other_Object_Light, In_Conversation,annotator,Behavioral Parameters,2022-06-13 00:50:59,2022-06-13 00:51:09
2022-06-13 20:04:32,2022-06-13 20:05:11,Located_Indoors, In_Conversation,annotator,Behavioral Parameters,2022-06-13 00:51:16,2022-06-13 00:51:55
2022-06-13 20:05:11,2022-06-13 20:05:20,Located_Indoors, In_Conversation, Texting/Browsing_Phone,annotator,Behavioral Parameters,2022-06-13 00:51:55,2022-06-13 00:52:04
2022-06-13 20:05:21,2022-06-13 20:05:26,Located_Indoors, In_Conversation, Holding_Other_Object_Light,annotator,Behavioral Parameters,2022-06-13 00:52:05,2022-06-13 00:52:10
2022-06-13 20:05:30,2022-06-13 20:11:28,Located_Indoors, In_Conversation,annotator,Behavioral Parameters,2022-06-13 00:52:14,2022-06-13 00:58:12
2022-06-13 20:11:28,2022-06-13 20:11:34,Located_Indoors, In_Conversation, Holding_Other_Object_Light,annotator,Behavioral Parameters,2022-06-13 00:58:12,2022-06-13 00:58:18
2022-06-13 20:11:34,2022-06-13 20:12:43,Located_Indoors, In_Conversation,annotator,Behavioral Parameters,2022-06-13 00:58:18,2022-06-13 00:59:27
2022-06-13 20:12:43,2022-06-13 20:12:49,Located_Indoors, In_Conversation, Holding_Other_Object_Light,annotator,Behavioral Parameters,2022-06-13 00:59:27,2022-06-13 00:59:33
2022-06-13 20:12:49,2022-06-13 20:13:14,Located_Indoors, In_Conversation,annotator,Behavioral Parameters,2022-06-13 00:59:33,2022-06-13 00:59:58
2022-06-13 20:13:14,2022-06-13 20:13:20,Located_Indoors, In_Conversation, Holding_Other_Object_Light,annotator,Behavioral Parameters,2022-06-13 00:59:58,2022-06-13 01:00:04
2022-06-13 20:13:20,2022-06-13 20:13:26,Located_Indoors, In_Conversation,annotator,Behavioral Parameters,2022-06-13 01:00:04,2022-06-13 01:00:10
2022-06-13 20:13:27,2022-06-13 20:14:12,Located_Indoors, In_Conversation,annotator,Behavioral Parameters,2022-06-13 01:00:11,2022-06-13 01:00:56
2022-06-13 20:14:12,2022-06-13 20:15:19,Located_Indoors, In_Conversation, Holding_Other_Object_Light,annotator,Behavioral Parameters,2022-06-13 01:00:56,2022-06-13 01:02:03
2022-06-13 20:15:19,2022-06-13 20:15:24,Located_Indoors, In_Conversation,annotator,Behavioral Parameters,2022-06-13 01:02:03,2022-06-13 01:02:08
2022-06-13 20:15:24,2022-06-13 20:15:46,Located_Indoors, In_Conversation,annotator,Behavioral Parameters,2022-06-13 01:02:08,2022-06-13 01:02:30
2022-06-13 20:15:46,2022-06-13 20:16:17,Located_Indoors, In_Conversation,annotator,Behavioral Parameters,2022-06-13 01:02:30,2022-06-13 01:03:01
2022-06-13 20:16:17,2022-06-13 20:16:22,Located_Indoors, In_Conversation,annotator,Behavioral Parameters,2022-06-13 01:03:01,2022-06-13 01:03:06
2022-06-13 20:16:22,2022-06-13 20:16:36,Located_Indoors, In_Conversation, Holding_Other_Object_Light,annotator,Behavioral Parameters,2022-06-13 01:03:06,2022-06-13 01:03:20
2022-06-13 20:16:36,2022-06-13 20:16:58,Located_Indoors, In_Conversation, Holding_Other_Object_Light,annotator,Behavioral Parameters,2022-06-13 01:03:20,2022-06-13 01:03:42
2022-06-13 20:16:58,2022-06-13 20:17:16,Located_Indoors, In_Conversation, Holding_Other_Object_Light,annotator,Behavioral Parameters,2022-06-13 01:03:42,2022-06-13 01:04:00
2022-06-13 20:17:16,2022-06-13 20:17:20,Located_Indoors, In_Conversation, Holding_Other_Object_Light,annotator,Behavioral Parameters,2022-06-13 01:04:00,2022-06-13 01:04:04
2022-06-13 20:17:20,2022-06-13 20:18:02,Located_Indoors, In_Conversation, Holding_Other_Object_Light,annotator,Behavioral Parameters,2022-06-13 01:04:04,2022-06-13 01:04:46
2022-06-13 20:18:02,2022-06-13 20:18:25,Located_Indoors, In_Conversation, Holding_Other_Object_Light,annotator,Behavioral Parameters,2022-06-13 01:04:46,2022-06-13 01:05:09
2022-06-13 20:18:25,2022-06-13 20:20:49,In_Conversation, Holding_Other_Object_Light, Located_Outdoors,annotator,Behavioral Parameters,2022-06-13 01:05:09,2022-06-13 01:07:33
2022-06-13 20:20:49,2022-06-13 20:21:10,In_Conversation, Holding_Other_Object_Light, Located_Outdoors,annotator,Behavioral Parameters,2022-06-13 01:07:33,2022-06-13 01:07:54
2022-06-13 20:21:10,2022-06-13 20:21:33,In_Conversation, Holding_Other_Object_Light, Located_Outdoors,annotator,Behavioral Parameters,2022-06-13 01:07:54,2022-06-13 01:08:17
2022-06-13 20:21:33,2022-06-13 20:21:51,In_Conversation, Holding_Other_Object_Light, Located_Outdoors,annotator,Behavioral Parameters,2022-06-13 01:08:17,2022-06-13 01:08:35
2022-06-13 20:21:51,2022-06-13 20:25:02,In_Conversation, Holding_Other_Object_Light, Located_Outdoors,annotator,Behavioral Parameters,2022-06-13 01:08:35,2022-06-13 01:11:46
2022-06-13 20:25:02,2022-06-13 20:31:37,In_Conversation, Holding_Other_Object_Light, Located_Outdoors,annotator,Behavioral Parameters,2022-06-13 01:11:46,2022-06-13 01:18:21
2022-06-13 20:31:37,2022-06-13 20:33:53,In_Conversation, Holding_Other_Object_Light, Located_Outdoors,annotator,Behavioral Parameters,2022-06-13 01:18:21,2022-06-13 01:20:37
2022-06-13 20:33:53,2022-06-13 20:35:02,In_Conversation, Holding_Other_Object_Light, Located_Outdoors,annotator,Behavioral Parameters,2022-06-13 01:20:37,2022-06-13 01:21:46
2022-06-13 20:35:02,2022-06-13 20:37:11,In_Conversation, Holding_Other_Object_Light, Located_Outdoors,annotator,Behavioral Parameters,2022-06-13 01:21:46,2022-06-13 01:23:55
2022-06-13 20:37:13,2022-06-13 20:37:20,In_Conversation, Holding_Other_Object_Light, Located_Indoors,annotator,Behavioral Parameters,2022-06-13 01:23:57,2022-06-13 01:24:04
2022-06-13 20:37:20,2022-06-13 20:37:44,In_Conversation, Holding_Other_Object_Light, Located_Indoors,annotator,Behavioral Parameters,2022-06-13 01:24:04,2022-06-13 01:24:28
2022-06-13 20:37:44,2022-06-13 20:37:54,In_Conversation, Holding_Other_Object_Light, Located_Indoors,annotator,Behavioral Parameters,2022-06-13 01:24:28,2022-06-13 01:24:38
2022-06-13 20:37:54,2022-06-13 20:38:01,In_Conversation, Holding_Other_Object_Light, Located_Indoors,annotator,Behavioral Parameters,2022-06-13 01:24:38,2022-06-13 01:24:45
2022-06-13 20:38:01,2022-06-13 20:38:35,In_Conversation, Holding_Other_Object_Light, Located_Indoors,annotator,Behavioral Parameters,2022-06-13 01:24:45,2022-06-13 01:25:19
2022-06-13 20:38:35,2022-06-13 20:38:48,In_Conversation, Holding_Other_Object_Light, Located_Indoors,annotator,Behavioral Parameters,2022-06-13 01:25:19,2022-06-13 01:25:32
2022-06-13 20:38:48,2022-06-13 20:39:15,In_Conversation, Holding_Other_Object_Light, Located_Indoors,annotator,Behavioral Parameters,2022-06-13 01:25:32,2022-06-13 01:25:59
2022-06-13 20:39:15,2022-06-13 20:39:27,In_Conversation, Holding_Other_Object_Light, Located_Indoors,annotator,Behavioral Parameters,2022-06-13 01:25:59,2022-06-13 01:26:11
2022-06-13 20:39:27,2022-06-13 20:39:50,In_Conversation, Holding_Other_Object_Light, Located_Indoors,annotator,Behavioral Parameters,2022-06-13 01:26:11,2022-06-13 01:26:34
2022-06-13 20:39:50,2022-06-13 20:39:53,In_Conversation, Holding_Other_Object_Light, Located_Indoors,annotator,Behavioral Parameters,2022-06-13 01:26:34,2022-06-13 01:26:37
2022-06-13 20:39:53,2022-06-13 20:40:38,In_Conversation, Holding_Other_Object_Light, Located_Indoors,annotator,Behavioral Parameters,2022-06-13 01:26:37,2022-06-13 01:27:22
2022-06-13 20:40:38,2022-06-13 20:40:43,In_Conversation, Holding_Other_Object_Light, Located_Indoors,annotator,Behavioral Parameters,2022-06-13 01:27:22,2022-06-13 01:27:27
2022-06-13 20:40:44,2022-06-13 20:42:15,In_Conversation, Holding_Other_Object_Light, Located_Outdoors,annotator,Behavioral Parameters,2022-06-13 01:27:28,2022-06-13 01:28:59
2022-06-13 20:42:15,2022-06-13 20:42:32,In_Conversation, Holding_Other_Object_Light, Located_Outdoors, Holding_Drink,annotator,Behavioral Parameters,2022-06-13 01:28:59,2022-06-13 01:29:16
2022-06-13 20:42:32,2022-06-13 20:42:54,In_Conversation, Holding_Other_Object_Light, Located_Outdoors, Holding_Drink,annotator,Behavioral Parameters,2022-06-13 01:29:16,2022-06-13 01:29:38
2022-06-13 20:42:54,2022-06-13 20:48:42,In_Conversation, Holding_Other_Object_Light, Located_Outdoors, Holding_Drink,annotator,Behavioral Parameters,2022-06-13 01:29:38,2022-06-13 01:35:26
2022-06-13 20:48:42,2022-06-13 20:49:06,In_Conversation, Holding_Other_Object_Light, Located_Outdoors, Holding_Drink,annotator,Behavioral Parameters,2022-06-13 01:35:26,2022-06-13 01:35:50
2022-06-13 20:49:06,2022-06-13 20:49:34,In_Conversation, Holding_Other_Object_Light, Located_Outdoors, Holding_Drink,annotator,Behavioral Parameters,2022-06-13 01:35:50,2022-06-13 01:36:18
2022-06-13 20:49:34,2022-06-13 20:49:52,In_Conversation, Holding_Other_Object_Light, Located_Outdoors, Holding_Drink,annotator,Behavioral Parameters,2022-06-13 01:36:18,2022-06-13 01:36:36
2022-06-13 20:49:52,2022-06-13 20:51:00,In_Conversation, Holding_Other_Object_Light, Located_Outdoors, Holding_Drink,annotator,Behavioral Parameters,2022-06-13 01:36:36,2022-06-13 01:37:44
2022-06-13 20:51:00,2022-06-13 20:51:14,In_Conversation, Holding_Other_Object_Light, Located_Outdoors, Holding_Drink,annotator,Behavioral Parameters,2022-06-13 01:37:44,2022-06-13 01:37:58
2022-06-13 20:51:14,2022-06-13 20:52:27,In_Conversation, Holding_Other_Object_Light, Located_Outdoors, Holding_Drink,annotator,Behavioral Parameters,2022-06-13 01:37:58,2022-06-13 01:39:11
2022-06-13 20:52:30,2022-06-13 20:52:41,In_Conversation, Holding_Other_Object_Light, Holding_Drink, Located_Indoors,annotator,Behavioral Parameters,2022-06-13 01:39:14,2022-06-13 01:39:25
2022-06-13 20:52:41,2022-06-13 20:52:47,In_Conversation, Holding_Other_Object_Light, Holding_Drink, Located_Indoors,annotator,Behavioral Parameters,2022-06-13 01:39:25,2022-06-13 01:39:31
2022-06-13 20:52:47,2022-06-13 20:53:11,In_Conversation, Holding_Other_Object_Light, Holding_Drink, Located_Indoors,annotator,Behavioral Parameters,2022-06-13 01:39:31,2022-06-13 01:39:55
2022-06-13 20:53:11,2022-06-13 20:53:36,In_Conversation, Holding_Other_Object_Light, Holding_Drink, Located_Indoors,annotator,Behavioral Parameters,2022-06-13 01:39:55,2022-06-13 01:40:20
2022-06-13 20:53:36,2022-06-13 20:53:45,In_Conversation, Holding_Other_Object_Light, Holding_Drink, Located_Indoors,annotator,Behavioral Parameters,2022-06-13 01:40:20,2022-06-13 01:40:29
2022-06-13 20:53:45,2022-06-13 20:54:13,In_Conversation, Holding_Other_Object_Light, Holding_Drink, Located_Indoors,annotator,Behavioral Parameters,2022-06-13 01:40:29,2022-06-13 01:40:57
2022-06-13 20:54:13,2022-06-13 20:54:22,In_Conversation, Holding_Other_Object_Light, Holding_Drink, Located_Indoors,annotator,Behavioral Parameters,2022-06-13 01:40:57,2022-06-13 01:41:06
2022-06-13 20:54:22,2022-06-13 20:54:44,In_Conversation, Holding_Other_Object_Light, Holding_Drink, Located_Indoors,annotator,Behavioral Parameters,2022-06-13 01:41:06,2022-06-13 01:41:28
2022-06-13 20:54:44,2022-06-13 20:54:52,In_Conversation, Holding_Other_Object_Light, Holding_Drink, Located_Indoors,annotator,Behavioral Parameters,2022-06-13 01:41:28,2022-06-13 01:41:36
2022-06-13 20:54:52,2022-06-13 20:55:46,Located_Indoors, In_Conversation, Holding_Other_Object_Light,annotator,Behavioral Parameters,2022-06-13 01:41:36,2022-06-13 01:42:30
2022-06-13 20:55:46,2022-06-13 20:55:56,Located_Indoors, In_Conversation, Holding_Solid_Food,annotator,Behavioral Parameters,2022-06-13 01:42:30,2022-06-13 01:42:40
2022-06-13 20:55:56,2022-06-13 20:58:24,Located_Indoors, In_Conversation, Holding_Other_Object_Light,annotator,Behavioral Parameters,2022-06-13 01:42:40,2022-06-13 01:45:08
2022-06-13 20:58:24,2022-06-13 20:58:50,Located_Indoors, In_Conversation, Holding_Other_Object_Light,annotator,Behavioral Parameters,2022-06-13 01:45:08,2022-06-13 01:45:34
2022-06-13 20:58:50,2022-06-13 20:59:10,Located_Indoors, In_Conversation,annotator,Behavioral Parameters,2022-06-13 01:45:34,2022-06-13 01:45:54
2022-06-13 20:59:10,2022-06-13 20:59:23,Located_Indoors, In_Conversation,annotator,Behavioral Parameters,2022-06-13 01:45:54,2022-06-13 01:46:07
2022-06-13 20:59:23,2022-06-13 20:59:36,Located_Indoors, In_Conversation, Holding_Drink,annotator,Behavioral Parameters,2022-06-13 01:46:07,2022-06-13 01:46:20
2022-06-13 20:59:36,2022-06-13 21:00:31,Located_Indoors, In_Conversation, Holding_Other_Object_Light,annotator,Behavioral Parameters,2022-06-13 01:46:20,2022-06-13 01:47:15
2022-06-13 21:00:31,2022-06-13 21:00:53,Located_Indoors, In_Conversation, Holding_Other_Object_Light,annotator,Behavioral Parameters,2022-06-13 01:47:15,2022-06-13 01:47:37
2022-06-13 21:00:53,2022-06-13 21:01:11,Located_Indoors, In_Conversation,annotator,Behavioral Parameters,2022-06-13 01:47:37,2022-06-13 01:47:55
2022-06-13 21:01:11,2022-06-13 21:01:32,Located_Indoors, Holding_Other_Object_Light,annotator,Behavioral Parameters,2022-06-13 01:47:55,2022-06-13 01:48:16
2022-06-13 21:01:33,2022-06-13 21:06:23,Located_Indoors, Holding_Other_Object_Light,annotator,Behavioral Parameters,2022-06-13 01:48:17,2022-06-13 01:53:07
2022-06-13 21:06:29,2022-06-13 21:06:35,Located_Indoors, In_Conversation,annotator,Behavioral Parameters,2022-06-13 01:53:13,2022-06-13 01:53:19
2022-06-13 21:06:35,2022-06-13 21:06:40,Located_Indoors, In_Conversation,annotator,Behavioral Parameters,2022-06-13 01:53:19,2022-06-13 01:53:24
2022-06-13 21:06:40,2022-06-13 21:06:46,Located_Indoors, In_Conversation,annotator,Behavioral Parameters,2022-06-13 01:53:24,2022-06-13 01:53:30
2022-06-13 21:06:46,2022-06-13 21:08:09,Located_Indoors, In_Conversation, Holding_Other_Object_Light,annotator,Behavioral Parameters,2022-06-13 01:53:30,2022-06-13 01:54:53
2022-06-13 21:08:09,2022-06-13 21:08:19,Located_Indoors, In_Conversation, Texting/Browsing_Phone,annotator,Behavioral Parameters,2022-06-13 01:54:53,2022-06-13 01:55:03
2022-06-13 21:08:19,2022-06-13 21:08:31,Located_Indoors, In_Conversation, Texting/Browsing_Phone,annotator,Behavioral Parameters,2022-06-13 01:55:03,2022-06-13 01:55:15
2022-06-13 21:08:31,2022-06-13 21:08:38,Located_Indoors, In_Conversation, Texting/Browsing_Phone,annotator,Behavioral Parameters,2022-06-13 01:55:15,2022-06-13 01:55:22
2022-06-13 21:08:38,2022-06-13 21:09:28,Located_Indoors, In_Conversation, Holding_Other_Object_Light,annotator,Behavioral Parameters,2022-06-13 01:55:22,2022-06-13 01:56:12
2022-06-13 21:09:28,2022-06-13 21:09:34,Located_Indoors, In_Conversation, Holding_Solid_Food,annotator,Behavioral Parameters,2022-06-13 01:56:12,2022-06-13 01:56:18
2022-06-13 21:09:34,2022-06-13 21:09:39,Located_Indoors, In_Conversation,annotator,Behavioral Parameters,2022-06-13 01:56:18,2022-06-13 01:56:23
2022-06-13 21:09:39,2022-06-13 21:09:42,Located_Indoors, Holding_Other_Object_Light,annotator,Behavioral Parameters,2022-06-13 01:56:23,2022-06-13 01:56:26
2022-06-13 21:09:42,2022-06-13 21:09:48,Located_Indoors, Holding_Other_Object_Light,annotator,Behavioral Parameters,2022-06-13 01:56:26,2022-06-13 01:56:32
2022-06-13 21:09:48,2022-06-13 21:09:50,Located_Indoors, Holding_Other_Object_Light,annotator,Behavioral Parameters,2022-06-13 01:56:32,2022-06-13 01:56:34
2022-06-13 21:09:50,2022-06-13 21:09:57,Located_Indoors,annotator,Behavioral Parameters,2022-06-13 01:56:34,2022-06-13 01:56:41
2022-06-13 21:09:57,2022-06-13 21:10:27,Located_Indoors, Holding_Drink,annotator,Behavioral Parameters,2022-06-13 01:56:41,2022-06-13 01:57:11
2022-06-13 21:10:27,2022-06-13 21:11:03,Located_Indoors, Holding_Other_Object_Light,annotator,Behavioral Parameters,2022-06-13 01:57:11,2022-06-13 01:57:47
2022-06-13 21:11:03,2022-06-13 21:12:40,Located_Indoors, Holding_Other_Object_Light,annotator,Behavioral Parameters,2022-06-13 01:57:47,2022-06-13 01:59:24
2022-06-13 21:12:40,2022-06-13 21:12:48,Located_Indoors, Holding_Other_Object_Light,annotator,Behavioral Parameters,2022-06-13 01:59:24,2022-06-13 01:59:32
2022-06-13 21:12:48,2022-06-13 21:15:41,Located_Indoors,annotator,Behavioral Parameters,2022-06-13 01:59:32,2022-06-13 02:02:25
2022-06-13 21:15:41,2022-06-13 21:16:09,Located_Indoors, Holding_Other_Object_Light,annotator,Behavioral Parameters,2022-06-13 02:02:25,2022-06-13 02:02:53
2022-06-13 21:16:10,2022-06-13 21:16:13,Located_Indoors, Holding_Other_Object_Light,annotator,Behavioral Parameters,2022-06-13 02:02:54,2022-06-13 02:02:57
2022-06-13 21:16:13,2022-06-13 21:21:06,Located_Indoors, Holding_Other_Object_Light,annotator,Behavioral Parameters,2022-06-13 02:02:57,2022-06-13 02:07:50
2022-06-13 21:21:06,2022-06-13 21:21:21,Located_Indoors, Holding_Other_Object_Light,annotator,Behavioral Parameters,2022-06-13 02:07:50,2022-06-13 02:08:05
2022-06-13 21:21:23,2022-06-13 21:21:30,Located_Indoors, Holding_Drink,annotator,Behavioral Parameters,2022-06-13 02:08:07,2022-06-13 02:08:14
2022-06-13 21:21:30,2022-06-13 21:23:50,Located_Indoors,annotator,Behavioral Parameters,2022-06-13 02:08:14,2022-06-13 02:10:34
2022-06-13 21:23:50,2022-06-13 21:24:32,Located_Indoors, Holding_Other_Object_Light,annotator,Behavioral Parameters,2022-06-13 02:10:34,2022-06-13 02:11:16
2022-06-13 21:24:32,2022-06-13 21:27:05,Located_Indoors,annotator,Behavioral Parameters,2022-06-13 02:11:16,2022-06-13 02:13:49
2022-06-13 21:27:05,2022-06-13 21:27:16,Located_Indoors, Holding_Drink,annotator,Behavioral Parameters,2022-06-13 02:13:49,2022-06-13 02:14:00
2022-06-13 21:27:16,2022-06-13 21:28:59,Located_Indoors,annotator,Behavioral Parameters,2022-06-13 02:14:00,2022-06-13 02:15:43
2022-06-13 21:29:02,2022-06-13 21:29:09,Located_Indoors, Holding_Other_Object_Light,annotator,Behavioral Parameters,2022-06-13 02:15:46,2022-06-13 02:15:53
2022-06-13 21:29:09,2022-06-13 21:36:36,Located_Indoors, Holding_Other_Object_Light,annotator,Behavioral Parameters,2022-06-13 02:15:53,2022-06-13 02:23:20
2022-06-13 21:36:37,2022-06-13 21:37:32,Located_Indoors, Holding_Other_Object_Light,annotator,Behavioral Parameters,2022-06-13 02:23:21,2022-06-13 02:24:16
2022-06-13 21:37:33,2022-06-13 21:37:43,Located_Indoors, Holding_Other_Object_Light,annotator,Behavioral Parameters,2022-06-13 02:24:17,2022-06-13 02:24:27
2022-06-13 21:37:43,2022-06-13 21:40:04,Located_Indoors, Holding_Other_Object_Light,annotator,Behavioral Parameters,2022-06-13 02:24:27,2022-06-13 02:26:48
2022-06-13 21:40:04,2022-06-13 21:40:15,Located_Indoors, Holding_Other_Object_Light,annotator,Behavioral Parameters,2022-06-13 02:26:48,2022-06-13 02:26:59
2022-06-13 21:40:15,2022-06-13 21:40:24,Located_Indoors,annotator,Behavioral Parameters,2022-06-13 02:26:59,2022-06-13 02:27:08
2022-06-13 21:40:24,2022-06-13 21:46:54,Located_Indoors, Holding_Solid_Food,annotator,Behavioral Parameters,2022-06-13 02:27:08,2022-06-13 02:33:38
2022-06-13 21:46:54,2022-06-13 21:47:22,Located_Indoors, In_Conversation,annotator,Behavioral Parameters,2022-06-13 02:33:38,2022-06-13 02:34:06
2022-06-13 21:47:22,2022-06-13 21:47:48,Located_Indoors, Holding_Solid_Food,annotator,Behavioral Parameters,2022-06-13 02:34:06,2022-06-13 02:34:32
2022-06-13 21:47:48,2022-06-13 21:48:00,Located_Indoors, Holding_Other_Object_Light,annotator,Behavioral Parameters,2022-06-13 02:34:32,2022-06-13 02:34:44
2022-06-13 21:48:00,2022-06-13 21:48:32,Located_Indoors, In_Conversation,annotator,Behavioral Parameters,2022-06-13 02:34:44,2022-06-13 02:35:16
2022-06-13 21:48:32,2022-06-13 21:49:10,Located_Indoors, In_Conversation, Holding_Solid_Food,annotator,Behavioral Parameters,2022-06-13 02:35:16,2022-06-13 02:35:54
2022-06-13 21:49:10,2022-06-13 21:50:22,Located_Indoors, In_Conversation,annotator,Behavioral Parameters,2022-06-13 02:35:54,2022-06-13 02:37:06
2022-06-13 21:50:24,2022-06-13 21:50:28,Located_Indoors, Holding_Other_Object_Light,annotator,Behavioral Parameters,2022-06-13 02:37:08,2022-06-13 02:37:12
2022-06-13 21:50:28,2022-06-13 21:52:20,Located_Indoors, Holding_Other_Object_Light,annotator,Behavioral Parameters,2022-06-13 02:37:12,2022-06-13 02:39:04
2022-06-13 21:52:20,2022-06-13 21:53:07,Located_Indoors, Holding_Other_Object_Light,annotator,Behavioral Parameters,2022-06-13 02:39:04,2022-06-13 02:39:51
2022-06-13 21:53:07,2022-06-13 21:53:15,Located_Indoors, Holding_Other_Object_Light, In_Conversation,annotator,Behavioral Parameters,2022-06-13 02:39:51,2022-06-13 02:39:59
2022-06-13 21:53:15,2022-06-13 21:53:53,Located_Indoors, Holding_Other_Object_Light, In_Conversation,annotator,Behavioral Parameters,2022-06-13 02:39:59,2022-06-13 02:40:37
2022-06-13 21:53:55,2022-06-13 21:58:54,Located_Indoors, Holding_Other_Object_Light,annotator,Behavioral Parameters,2022-06-13 02:40:39,2022-06-13 02:45:38
2022-06-13 21:58:54,2022-06-13 21:59:17,Located_Indoors, Holding_Other_Object_Light,annotator,Behavioral Parameters,2022-06-13 02:45:38,2022-06-13 02:46:01
2022-06-13 21:59:17,2022-06-13 21:59:21,Located_Indoors, Holding_Other_Object_Light, In_Conversation,annotator,Behavioral Parameters,2022-06-13 02:46:01,2022-06-13 02:46:05
2022-06-13 21:59:21,2022-06-13 21:59:36,Located_Indoors, Holding_Other_Object_Light, In_Conversation,annotator,Behavioral Parameters,2022-06-13 02:46:05,2022-06-13 02:46:20
2022-06-13 21:59:36,2022-06-13 21:59:39,Located_Indoors, Holding_Other_Object_Light, In_Conversation,annotator,Behavioral Parameters,2022-06-13 02:46:20,2022-06-13 02:46:23
2022-06-13 21:59:39,2022-06-13 21:59:48,Located_Indoors, Holding_Other_Object_Light, In_Conversation,annotator,Behavioral Parameters,2022-06-13 02:46:23,2022-06-13 02:46:32
2022-06-13 21:59:48,2022-06-13 21:59:58,Located_Indoors, Holding_Other_Object_Light,annotator,Behavioral Parameters,2022-06-13 02:46:32,2022-06-13 02:46:42
2022-06-13 21:59:58,2022-06-13 22:00:09,Located_Indoors, Holding_Other_Object_Light,annotator,Behavioral Parameters,2022-06-13 02:46:42,2022-06-13 02:46:53
2022-06-13 22:00:09,2022-06-13 22:00:13,Located_Indoors,annotator,Behavioral Parameters,2022-06-13 02:46:53,2022-06-13 02:46:57
2022-06-13 22:00:13,2022-06-13 22:00:24,Located_Indoors,annotator,Behavioral Parameters,2022-06-13 02:46:57,2022-06-13 02:47:08
2022-06-13 22:00:24,2022-06-13 22:00:28,Located_Indoors,annotator,Behavioral Parameters,2022-06-13 02:47:08,2022-06-13 02:47:12
2022-06-13 22:00:28,2022-06-13 22:00:51,Located_Indoors,annotator,Behavioral Parameters,2022-06-13 02:47:12,2022-06-13 02:47:35
2022-06-13 22:00:51,2022-06-13 22:01:34,Located_Indoors, Holding_Other_Object_Light,annotator,Behavioral Parameters,2022-06-13 02:47:35,2022-06-13 02:48:18
2022-06-13 22:01:34,2022-06-13 22:02:10,Located_Indoors, Holding_Other_Object_Light,annotator,Behavioral Parameters,2022-06-13 02:48:18,2022-06-13 02:48:54
2022-06-13 22:02:12,2022-06-13 22:02:17,Located_Indoors, Holding_Other_Object_Light,annotator,Behavioral Parameters,2022-06-13 02:48:56,2022-06-13 02:49:01
2022-06-13 22:02:17,2022-06-13 22:02:46,Located_Indoors, Holding_Other_Object_Light, In_Conversation,annotator,Behavioral Parameters,2022-06-13 02:49:01,2022-06-13 02:49:30
2022-06-13 22:02:48,2022-06-13 22:04:49,Holding_Other_Object_Light, In_Conversation, Located_Outdoors,annotator,Behavioral Parameters,2022-06-13 02:49:32,2022-06-13 02:51:33
2022-06-13 22:04:49,2022-06-13 22:04:56,Holding_Other_Object_Light, In_Conversation, Located_Outdoors,annotator,Behavioral Parameters,2022-06-13 02:51:33,2022-06-13 02:51:40
2022-06-13 22:05:00,2022-06-13 22:05:06,Holding_Other_Object_Light, In_Conversation, Located_Outdoors,annotator,Behavioral Parameters,2022-06-13 02:51:44,2022-06-13 02:51:50
2022-06-13 22:05:06,2022-06-13 22:05:17,In_Conversation, Located_Outdoors, Texting/Browsing_Phone, Holding_Drink,annotator,Behavioral Parameters,2022-06-13 02:51:50,2022-06-13 02:52:01
2022-06-13 22:05:17,2022-06-13 22:06:01,In_Conversation, Located_Outdoors, Texting/Browsing_Phone,annotator,Behavioral Parameters,2022-06-13 02:52:01,2022-06-13 02:52:45
2022-06-13 22:06:01,2022-06-13 22:06:05,In_Conversation, Located_Outdoors, Holding_Other_Object_Light,annotator,Behavioral Parameters,2022-06-13 02:52:45,2022-06-13 02:52:49
2022-06-13 22:06:05,2022-06-13 22:07:20,In_Conversation, Located_Outdoors, Holding_Drink,annotator,Behavioral Parameters,2022-06-13 02:52:49,2022-06-13 02:54:04
2022-06-13 22:07:20,2022-06-13 22:07:41,In_Conversation, Located_Outdoors, Holding_Drink,annotator,Behavioral Parameters,2022-06-13 02:54:04,2022-06-13 02:54:25
2022-06-13 22:07:41,2022-06-13 22:07:47,In_Conversation, Located_Outdoors, Holding_Drink, Texting/Browsing_Phone,annotator,Behavioral Parameters,2022-06-13 02:54:25,2022-06-13 02:54:31
2022-06-13 22:07:47,2022-06-13 22:17:33,In_Conversation, Located_Outdoors, Holding_Drink, Holding_Other_Object_Light,annotator,Behavioral Parameters,2022-06-13 02:54:31,2022-06-13 03:04:17
2022-06-13 22:17:33,2022-06-13 22:18:12,In_Conversation, Located_Outdoors, Holding_Drink, Holding_Other_Object_Light,annotator,Behavioral Parameters,2022-06-13 03:04:17,2022-06-13 03:04:56
2022-06-13 22:18:12,2022-06-13 22:18:57,In_Conversation, Located_Outdoors, Holding_Drink, Holding_Other_Object_Light,annotator,Behavioral Parameters,2022-06-13 03:04:56,2022-06-13 03:05:41
2022-06-13 22:18:57,2022-06-13 22:19:40,In_Conversation, Located_Outdoors, Holding_Drink, Holding_Other_Object_Light,annotator,Behavioral Parameters,2022-06-13 03:05:41,2022-06-13 03:06:24
2022-06-13 22:19:40,2022-06-13 22:20:04,In_Conversation, Located_Outdoors, Holding_Drink, Holding_Other_Object_Light,annotator,Behavioral Parameters,2022-06-13 03:06:24,2022-06-13 03:06:48
2022-06-13 22:20:04,2022-06-13 22:21:05,In_Conversation, Located_Outdoors,annotator,Behavioral Parameters,2022-06-13 03:06:48,2022-06-13 03:07:49
2022-06-13 22:21:05,2022-06-13 22:21:21,In_Conversation, Located_Outdoors, Holding_Drink,annotator,Behavioral Parameters,2022-06-13 03:07:49,2022-06-13 03:08:05
2022-06-13 22:21:21,2022-06-13 22:22:08,In_Conversation, Located_Outdoors,annotator,Behavioral Parameters,2022-06-13 03:08:05,2022-06-13 03:08:52
2022-06-13 22:22:10,2022-06-13 22:23:44,In_Conversation, Located_Outdoors, Holding_Drink, Holding_Other_Object_Light,annotator,Behavioral Parameters,2022-06-13 03:08:54,2022-06-13 03:10:28
2022-06-13 22:23:44,2022-06-13 22:23:56,In_Conversation, Located_Outdoors, Holding_Drink, Texting/Browsing_Phone,annotator,Behavioral Parameters,2022-06-13 03:10:28,2022-06-13 03:10:40
2022-06-13 22:23:56,2022-06-13 22:24:57,In_Conversation, Located_Outdoors, Holding_Drink, Holding_Other_Object_Light,annotator,Behavioral Parameters,2022-06-13 03:10:40,2022-06-13 03:11:41
2022-06-13 22:24:57,2022-06-13 22:26:54,In_Conversation, Located_Outdoors, Holding_Drink, Holding_Other_Object_Light,annotator,Behavioral Parameters,2022-06-13 03:11:41,2022-06-13 03:13:38
2022-06-13 22:26:55,2022-06-13 22:27:04,In_Conversation, Holding_Drink, Holding_Other_Object_Light, Located_Indoors,annotator,Behavioral Parameters,2022-06-13 03:13:39,2022-06-13 03:13:48
2022-06-13 22:27:04,2022-06-13 22:27:32,In_Conversation, Holding_Drink, Holding_Other_Object_Light, Located_Indoors,annotator,Behavioral Parameters,2022-06-13 03:13:48,2022-06-13 03:14:16
2022-06-13 22:27:32,2022-06-13 22:27:39,In_Conversation, Holding_Drink, Holding_Other_Object_Light, Located_Indoors,annotator,Behavioral Parameters,2022-06-13 03:14:16,2022-06-13 03:14:23
2022-06-13 22:27:41,2022-06-13 22:30:27,Located_Indoors, Texting/Browsing_Phone,annotator,Behavioral Parameters,2022-06-13 03:14:25,2022-06-13 03:17:11
2022-06-13 22:30:27,2022-06-13 22:30:52,Located_Indoors, In_Conversation, Holding_Other_Object_Light, Holding_Drink,annotator,Behavioral Parameters,2022-06-13 03:17:11,2022-06-13 03:17:36
2022-06-13 22:30:52,2022-06-13 22:31:01,Located_Indoors, In_Conversation, Holding_Other_Object_Light, Holding_Drink,annotator,Behavioral Parameters,2022-06-13 03:17:36,2022-06-13 03:17:45
2022-06-13 22:31:01,2022-06-13 22:31:08,Located_Indoors, In_Conversation, Holding_Drink, Texting/Browsing_Phone,annotator,Behavioral Parameters,2022-06-13 03:17:45,2022-06-13 03:17:52
2022-06-13 22:31:08,2022-06-13 22:31:22,Located_Indoors, In_Conversation, Holding_Drink, Holding_Other_Object_Light,annotator,Behavioral Parameters,2022-06-13 03:17:52,2022-06-13 03:18:06
2022-06-13 22:31:22,2022-06-13 22:31:31,Located_Indoors, In_Conversation, Holding_Drink, Holding_Other_Object_Light,annotator,Behavioral Parameters,2022-06-13 03:18:06,2022-06-13 03:18:15
2022-06-13 22:31:31,2022-06-13 22:31:45,Located_Indoors, In_Conversation, Holding_Drink, Holding_Other_Object_Light,annotator,Behavioral Parameters,2022-06-13 03:18:15,2022-06-13 03:18:29
2022-06-13 22:31:45,2022-06-13 22:32:01,Located_Indoors, In_Conversation, Holding_Drink, Holding_Other_Object_Light,annotator,Behavioral Parameters,2022-06-13 03:18:29,2022-06-13 03:18:45
2022-06-13 22:32:01,2022-06-13 22:32:53,Located_Indoors, Holding_Other_Object_Light,annotator,Behavioral Parameters,2022-06-13 03:18:45,2022-06-13 03:19:37
2022-06-13 22:32:53,2022-06-13 22:33:05,Located_Indoors, Holding_Other_Object_Light, In_Conversation,annotator,Behavioral Parameters,2022-06-13 03:19:37,2022-06-13 03:19:49
2022-06-13 22:33:05,2022-06-13 22:33:30,Located_Indoors, Holding_Other_Object_Light, In_Conversation,annotator,Behavioral Parameters,2022-06-13 03:19:49,2022-06-13 03:20:14
2022-06-13 22:33:30,2022-06-13 22:33:53,Located_Indoors, Holding_Other_Object_Light,annotator,Behavioral Parameters,2022-06-13 03:20:14,2022-06-13 03:20:37
2022-06-13 22:33:53,2022-06-13 22:34:04,Located_Indoors, Texting/Browsing_Phone,annotator,Behavioral Parameters,2022-06-13 03:20:37,2022-06-13 03:20:48
2022-06-13 22:34:04,2022-06-13 22:36:35,Located_Indoors, Holding_Other_Object_Light,annotator,Behavioral Parameters,2022-06-13 03:20:48,2022-06-13 03:23:19
2022-06-13 22:36:35,2022-06-13 22:36:49,Located_Indoors,annotator,Behavioral Parameters,2022-06-13 03:23:19,2022-06-13 03:23:33
2022-06-13 22:36:49,2022-06-13 22:38:04,Located_Indoors, Holding_Other_Object_Light,annotator,Behavioral Parameters,2022-06-13 03:23:33,2022-06-13 03:24:48
2022-06-13 22:38:04,2022-06-13 22:38:22,Located_Indoors, Holding_Other_Object_Light, Texting/Browsing_Phone,annotator,Behavioral Parameters,2022-06-13 03:24:48,2022-06-13 03:25:06
2022-06-13 22:38:22,2022-06-13 22:38:58,Located_Indoors, Holding_Other_Object_Light, On_Video_Call/FaceTime,annotator,Behavioral Parameters,2022-06-13 03:25:06,2022-06-13 03:25:42
2022-06-13 22:38:58,2022-06-13 22:39:08,Located_Indoors, On_Video_Call/FaceTime,annotator,Behavioral Parameters,2022-06-13 03:25:42,2022-06-13 03:25:52
2022-06-13 22:39:08,2022-06-13 22:39:30,Located_Indoors, On_Video_Call/FaceTime, Holding_Solid_Food,annotator,Behavioral Parameters,2022-06-13 03:25:52,2022-06-13 03:26:14
2022-06-13 22:39:30,2022-06-13 22:39:40,Located_Indoors, On_Video_Call/FaceTime,annotator,Behavioral Parameters,2022-06-13 03:26:14,2022-06-13 03:26:24
2022-06-13 22:39:40,2022-06-13 22:41:00,Located_Indoors, On_Video_Call/FaceTime, Holding_Solid_Food,annotator,Behavioral Parameters,2022-06-13 03:26:24,2022-06-13 03:27:44
2022-06-13 22:41:00,2022-06-13 22:41:14,Located_Indoors, On_Video_Call/FaceTime,annotator,Behavioral Parameters,2022-06-13 03:27:44,2022-06-13 03:27:58
2022-06-13 22:41:14,2022-06-13 22:41:17,Located_Indoors, On_Video_Call/FaceTime, Holding_Other_Object_Light,annotator,Behavioral Parameters,2022-06-13 03:27:58,2022-06-13 03:28:01
2022-06-13 22:41:17,2022-06-13 22:41:57,Located_Indoors, On_Video_Call/FaceTime,annotator,Behavioral Parameters,2022-06-13 03:28:01,2022-06-13 03:28:41
2022-06-13 22:41:57,2022-06-13 22:42:17,Located_Indoors, On_Video_Call/FaceTime, Holding_Solid_Food,annotator,Behavioral Parameters,2022-06-13 03:28:41,2022-06-13 03:29:01
2022-06-13 22:42:17,2022-06-13 22:42:33,Located_Indoors, On_Video_Call/FaceTime,annotator,Behavioral Parameters,2022-06-13 03:29:01,2022-06-13 03:29:17
2022-06-13 22:42:33,2022-06-13 22:45:22,Located_Indoors, On_Video_Call/FaceTime, Holding_Solid_Food,annotator,Behavioral Parameters,2022-06-13 03:29:17,2022-06-13 03:32:06
2022-06-13 22:45:22,2022-06-13 22:45:31,Located_Indoors, On_Video_Call/FaceTime,annotator,Behavioral Parameters,2022-06-13 03:32:06,2022-06-13 03:32:15
2022-06-13 22:45:34,2022-06-13 23:07:32,Located_Indoors, On_Video_Call/FaceTime,annotator,Behavioral Parameters,2022-06-13 03:32:18,2022-06-13 03:54:16
2022-06-13 23:07:32,2022-06-13 23:13:11,Located_Indoors, On_Video_Call/FaceTime,annotator,Behavioral Parameters,2022-06-13 03:54:16,2022-06-13 03:59:55
2022-06-13 23:13:11,2022-06-13 23:16:40,Located_Indoors, Texting/Browsing_Phone,annotator,Behavioral Parameters,2022-06-13 03:59:55,2022-06-13 04:03:24
2022-06-13 23:16:40,2022-06-13 23:17:19,,annotator,Behavioral Parameters,2022-06-13 04:03:24,2022-06-13 04:04:03
2022-06-13 23:17:19,2022-06-13 23:17:58,Located_Indoors, Texting/Browsing_Phone,annotator,Behavioral Parameters,2022-06-13 04:04:03,2022-06-13 04:04:42
2022-06-13 23:17:58,2022-06-13 23:20:36,Located_Indoors, Texting/Browsing_Phone,annotator,Behavioral Parameters,2022-06-13 04:04:42,2022-06-13 04:07:20
2022-06-13 23:20:37,2022-06-13 23:23:03,Located_Indoors, In_Conversation,annotator,Behavioral Parameters,2022-06-13 04:07:21,2022-06-13 04:09:47
2022-06-13 23:23:03,2022-06-13 23:25:26,Located_Indoors, Texting/Browsing_Phone,annotator,Behavioral Parameters,2022-06-13 04:09:47,2022-06-13 04:12:10
2022-06-13 23:25:26,2022-06-13 23:26:14,Located_Indoors, In_Conversation,annotator,Behavioral Parameters,2022-06-13 04:12:10,2022-06-13 04:12:58
2022-06-13 23:26:14,2022-06-13 23:27:17,Located_Indoors, Texting/Browsing_Phone,annotator,Behavioral Parameters,2022-06-13 04:12:58,2022-06-13 04:14:01
2022-06-13 23:27:17,2022-06-13 23:27:27,Located_Indoors, In_Conversation, Holding_Other_Object_Light,annotator,Behavioral Parameters,2022-06-13 04:14:01,2022-06-13 04:14:11
2022-06-13 23:27:27,2022-06-13 23:28:18,Located_Indoors, In_Conversation,annotator,Behavioral Parameters,2022-06-13 04:14:11,2022-06-13 04:15:02
2022-06-13 23:28:18,2022-06-13 23:30:46,Located_Indoors, In_Conversation, Texting/Browsing_Phone,annotator,Behavioral Parameters,2022-06-13 04:15:02,2022-06-13 04:17:30
2022-06-13 23:30:46,2022-06-13 23:31:35,Located_Indoors, Texting/Browsing_Phone,annotator,Behavioral Parameters,2022-06-13 04:17:30,2022-06-13 04:18:19
2022-06-13 23:31:35,2022-06-13 23:32:33,Located_Indoors, Texting/Browsing_Phone, In_Conversation,annotator,Behavioral Parameters,2022-06-13 04:18:19,2022-06-13 04:19:17
2022-06-13 23:32:33,2022-06-13 23:34:22,Located_Indoors, Texting/Browsing_Phone,annotator,Behavioral Parameters,2022-06-13 04:19:17,2022-06-13 04:21:06
2022-06-13 23:34:22,2022-06-13 23:34:27,Located_Indoors, In_Conversation,annotator,Behavioral Parameters,2022-06-13 04:21:06,2022-06-13 04:21:11
2022-06-13 23:34:27,2022-06-13 23:35:17,Located_Indoors, In_Conversation, Holding_Solid_Food,annotator,Behavioral Parameters,2022-06-13 04:21:11,2022-06-13 04:22:01
2022-06-13 23:35:17,2022-06-13 23:35:32,Located_Indoors, In_Conversation, Holding_Other_Object_Light, Texting/Browsing_Phone,annotator,Behavioral Parameters,2022-06-13 04:22:01,2022-06-13 04:22:16
2022-06-13 23:35:32,2022-06-13 23:38:53,Located_Indoors, In_Conversation, Holding_Solid_Food,annotator,Behavioral Parameters,2022-06-13 04:22:16,2022-06-13 04:25:37
2022-06-13 23:38:53,2022-06-13 23:39:04,Located_Indoors, Holding_Solid_Food,annotator,Behavioral Parameters,2022-06-13 04:25:37,2022-06-13 04:25:48
2022-06-13 23:39:05,2022-06-13 23:39:15,Located_Indoors, Holding_Other_Object_Light,annotator,Behavioral Parameters,2022-06-13 04:25:49,2022-06-13 04:25:59
2022-06-13 23:39:15,2022-06-13 23:40:14,Located_Indoors, Holding_Other_Object_Light,annotator,Behavioral Parameters,2022-06-13 04:25:59,2022-06-13 04:26:58
2022-06-13 23:40:14,2022-06-13 23:40:27,Located_Indoors, Holding_Solid_Food,annotator,Behavioral Parameters,2022-06-13 04:26:58,2022-06-13 04:27:11
2022-06-13 23:40:30,2022-06-13 23:42:58,Located_Indoors, Holding_Solid_Food, In_Conversation,annotator,Behavioral Parameters,2022-06-13 04:27:14,2022-06-13 04:29:42
2022-06-13 23:42:59,2022-06-13 23:43:17,Located_Indoors, In_Conversation,annotator,Behavioral Parameters,2022-06-13 04:29:43,2022-06-13 04:30:01
2022-06-13 23:43:18,2022-06-13 23:43:22,Located_Indoors, In_Conversation, Holding_Other_Object_Light,annotator,Behavioral Parameters,2022-06-13 04:30:02,2022-06-13 04:30:06
2022-06-13 23:43:22,2022-06-13 23:43:37,Located_Indoors, In_Conversation, Holding_Drink,annotator,Behavioral Parameters,2022-06-13 04:30:06,2022-06-13 04:30:21
2022-06-13 23:43:37,2022-06-13 23:43:52,Located_Indoors, In_Conversation,annotator,Behavioral Parameters,2022-06-13 04:30:21,2022-06-13 04:30:36
2022-06-13 23:43:52,2022-06-13 23:44:09,Located_Indoors, In_Conversation,annotator,Behavioral Parameters,2022-06-13 04:30:36,2022-06-13 04:30:53
2022-06-13 23:44:09,2022-06-13 23:44:26,Located_Indoors,annotator,Behavioral Parameters,2022-06-13 04:30:53,2022-06-13 04:31:10
2022-06-13 23:44:26,2022-06-13 23:45:20,BP_VideoUnavailable/Indecipherable,annotator,Behavioral Parameters,2022-06-13 04:31:10,2022-06-13 04:32:04
2022-06-13 23:45:20,2022-06-13 23:45:23,Located_Indoors, Holding_Other_Object_Light,annotator,Behavioral Parameters,2022-06-13 04:32:04,2022-06-13 04:32:07
2022-06-13 23:45:23,2022-06-13 23:45:34,Located_Indoors,annotator,Behavioral Parameters,2022-06-13 04:32:07,2022-06-13 04:32:18
2022-06-13 23:45:34,2022-06-13 23:45:50,Located_Indoors, Holding_Other_Object_Light,annotator,Behavioral Parameters,2022-06-13 04:32:18,2022-06-13 04:32:34
2022-06-13 23:45:53,2022-06-13 23:48:50,Located_Indoors, In_Conversation,annotator,Behavioral Parameters,2022-06-13 04:32:37,2022-06-13 04:35:34
2022-06-13 23:48:50,2022-06-13 23:49:07,Located_Indoors, In_Conversation, Texting/Browsing_Phone,annotator,Behavioral Parameters,2022-06-13 04:35:34,2022-06-13 04:35:51
2022-06-13 23:49:07,2022-06-13 23:50:28,Located_Indoors, In_Conversation,annotator,Behavioral Parameters,2022-06-13 04:35:51,2022-06-13 04:37:12
2022-06-13 23:50:28,2022-06-13 23:50:38,Located_Indoors, In_Conversation, Texting/Browsing_Phone,annotator,Behavioral Parameters,2022-06-13 04:37:12,2022-06-13 04:37:22
2022-06-13 23:50:38,2022-06-13 23:52:13,Located_Indoors, In_Conversation,annotator,Behavioral Parameters,2022-06-13 04:37:22,2022-06-13 04:38:57
2022-06-13 23:52:13,2022-06-13 23:53:37,Located_Indoors, In_Conversation, Texting/Browsing_Phone,annotator,Behavioral Parameters,2022-06-13 04:38:57,2022-06-13 04:40:21
2022-06-13 23:53:37,2022-06-13 23:55:09,Located_Indoors, In_Conversation,annotator,Behavioral Parameters,2022-06-13 04:40:21,2022-06-13 04:41:53
2022-06-13 23:55:09,2022-06-13 23:55:21,Located_Indoors, Texting/Browsing_Phone,annotator,Behavioral Parameters,2022-06-13 04:41:53,2022-06-13 04:42:05
2022-06-13 23:55:24,2022-06-14 00:16:13,Located_Indoors, Texting/Browsing_Phone,annotator,Behavioral Parameters,2022-06-13 04:42:08,2022-06-13 05:02:57
2022-06-14 00:16:13,2022-06-14 00:17:00,Located_Indoors,annotator,Behavioral Parameters,2022-06-13 05:02:57,2022-06-13 05:03:44
2022-06-14 00:17:00,2022-06-14 00:23:20,Located_Indoors, Texting/Browsing_Phone,annotator,Behavioral Parameters,2022-06-13 05:03:44,2022-06-13 05:10:04
2022-06-14 00:23:22,2022-06-14 00:28:27,Located_Indoors, Texting/Browsing_Phone,annotator,Behavioral Parameters,2022-06-13 05:10:06,2022-06-13 05:15:11
2022-06-14 00:28:27,2022-06-14 00:31:07,Located_Indoors, Texting/Browsing_Phone,annotator,Behavioral Parameters,2022-06-13 05:15:11,2022-06-13 05:17:51
2022-06-14 00:31:07,2022-06-14 00:48:54,Located_Indoors, Texting/Browsing_Phone,annotator,Behavioral Parameters,2022-06-13 05:17:51,2022-06-13 05:35:38
2022-06-14 00:48:54,2022-06-14 00:50:28,Located_Indoors, Holding_Other_Object_Light, In_Conversation,annotator,Behavioral Parameters,2022-06-13 05:35:38,2022-06-13 05:37:12
2022-06-14 00:50:28,2022-06-14 00:54:31,Located_Indoors, In_Conversation, Texting/Browsing_Phone,annotator,Behavioral Parameters,2022-06-13 05:37:12,2022-06-13 05:41:15
2022-06-14 00:54:34,2022-06-14 00:54:41,Located_Indoors, In_Conversation, Holding_Other_Object_Light,annotator,Behavioral Parameters,2022-06-13 05:41:18,2022-06-13 05:41:25
2022-06-14 00:54:43,2022-06-14 00:54:51,Located_Indoors, In_Conversation, Holding_Other_Object_Light,annotator,Behavioral Parameters,2022-06-13 05:41:27,2022-06-13 05:41:35
2022-06-14 00:54:51,2022-06-14 00:55:58,Located_Indoors, In_Conversation,annotator,Behavioral Parameters,2022-06-13 05:41:35,2022-06-13 05:42:42
2022-06-14 00:55:58,2022-06-14 00:56:18,Located_Indoors, In_Conversation, Texting/Browsing_Phone,annotator,Behavioral Parameters,2022-06-13 05:42:42,2022-06-13 05:43:02
2022-06-14 00:56:18,2022-06-14 00:56:23,Located_Indoors, In_Conversation, Texting/Browsing_Phone,annotator,Behavioral Parameters,2022-06-13 05:43:02,2022-06-13 05:43:07
2022-06-14 00:56:26,2022-06-14 00:56:46,Located_Indoors, In_Conversation, Texting/Browsing_Phone,annotator,Behavioral Parameters,2022-06-13 05:43:10,2022-06-13 05:43:30
2022-06-14 00:56:48,2022-06-14 00:58:45,Located_Indoors, Texting/Browsing_Phone,annotator,Behavioral Parameters,2022-06-13 05:43:32,2022-06-13 05:45:29
2022-06-14 00:58:45,2022-06-14 01:14:35,BP_VideoUnavailable/Indecipherable,annotator,Behavioral Parameters,2022-06-13 05:45:29,2022-06-13 06:01:19
2022-06-14 01:14:35,2022-06-14 01:18:09,Located_Indoors, Texting/Browsing_Phone,annotator,Behavioral Parameters,2022-06-13 06:01:19,2022-06-13 06:04:53
2022-06-14 01:18:09,2022-06-14 01:41:12,BP_VideoUnavailable/Indecipherable,annotator,Behavioral Parameters,2022-06-13 06:04:53,2022-06-13 06:27:56
2022-06-14 01:41:12,2022-06-14 01:42:32,Located_Indoors, Texting/Browsing_Phone,annotator,Behavioral Parameters,2022-06-13 06:27:56,2022-06-13 06:29:16
2022-06-14 01:42:32,2022-06-14 01:49:07,BP_VideoUnavailable/Indecipherable,annotator,Behavioral Parameters,2022-06-13 06:29:16,2022-06-13 06:35:51
2022-06-14 01:49:07,2022-06-14 01:49:13,Located_Indoors,annotator,Behavioral Parameters,2022-06-13 06:35:51,2022-06-13 06:35:57
2022-06-14 01:49:13,2022-06-14 01:49:28,Located_Indoors,annotator,Behavioral Parameters,2022-06-13 06:35:57,2022-06-13 06:36:12
2022-06-14 01:49:28,2022-06-14 01:49:54,Located_Indoors, Holding_Other_Object_Light,annotator,Behavioral Parameters,2022-06-13 06:36:12,2022-06-13 06:36:38
2022-06-14 01:49:54,2022-06-14 01:51:38,Located_Indoors, Holding_Other_Object_Light,annotator,Behavioral Parameters,2022-06-13 06:36:38,2022-06-13 06:38:22
2022-06-14 01:51:38,2022-06-14 01:52:00,Located_Indoors, Typing_Computer,annotator,Behavioral Parameters,2022-06-13 06:38:22,2022-06-13 06:38:44
2022-06-14 01:52:00,2022-06-14 01:53:20,Located_Indoors, Holding_Other_Object_Light,annotator,Behavioral Parameters,2022-06-13 06:38:44,2022-06-13 06:40:04
2022-06-14 01:53:20,2022-06-14 01:53:40,Located_Indoors,annotator,Behavioral Parameters,2022-06-13 06:40:04,2022-06-13 06:40:24
2022-06-14 01:53:40,2022-06-14 01:54:38,Located_Indoors, Holding_Other_Object_Light,annotator,Behavioral Parameters,2022-06-13 06:40:24,2022-06-13 06:41:22
