START_TIME,STOP_TIME,PREDICTION,SOURCE,LABELSET,VIDEO_START_TIME,VIDEO_END_TIME
2022-06-12 10:48:06,2022-06-12 10:48:14,Free_Living,annotator,Experimental situation,2022-06-12 00:00:00,2022-06-12 00:00:08
2022-06-12 10:48:14,2022-06-12 10:48:41,Free_Living,annotator,Experimental situation,2022-06-12 00:00:08,2022-06-12 00:00:35
2022-06-12 10:48:41,2022-06-12 10:48:57,Free_Living,annotator,Experimental situation,2022-06-12 00:00:35,2022-06-12 00:00:51
2022-06-12 10:48:57,2022-06-12 10:53:27,Free_Living,annotator,Experimental situation,2022-06-12 00:00:51,2022-06-12 00:05:21
2022-06-12 10:53:27,2022-06-12 10:53:31,Free_Living,annotator,Experimental situation,2022-06-12 00:05:21,2022-06-12 00:05:25
2022-06-12 10:53:31,2022-06-12 10:53:36,Free_Living,annotator,Experimental situation,2022-06-12 00:05:25,2022-06-12 00:05:30
2022-06-12 10:53:36,2022-06-12 10:54:13,Free_Living,annotator,Experimental situation,2022-06-12 00:05:30,2022-06-12 00:06:07
2022-06-12 10:54:13,2022-06-12 10:54:53,Free_Living,annotator,Experimental situation,2022-06-12 00:06:07,2022-06-12 00:06:47
2022-06-12 10:54:53,2022-06-12 10:54:58,Free_Living,annotator,Experimental situation,2022-06-12 00:06:47,2022-06-12 00:06:52
2022-06-12 10:54:58,2022-06-12 10:55:03,Free_Living,annotator,Experimental situation,2022-06-12 00:06:52,2022-06-12 00:06:57
2022-06-12 10:55:09,2022-06-12 10:56:45,Free_Living,annotator,Experimental situation,2022-06-12 00:07:03,2022-06-12 00:08:39
2022-06-12 10:56:51,2022-06-12 10:58:27,Free_Living,annotator,Experimental situation,2022-06-12 00:08:45,2022-06-12 00:10:21
2022-06-12 10:58:27,2022-06-12 10:59:27,Free_Living,annotator,Experimental situation,2022-06-12 00:10:21,2022-06-12 00:11:21
2022-06-12 10:59:27,2022-06-12 10:59:48,Free_Living,annotator,Experimental situation,2022-06-12 00:11:21,2022-06-12 00:11:42
2022-06-12 10:59:48,2022-06-12 10:59:57,Free_Living,annotator,Experimental situation,2022-06-12 00:11:42,2022-06-12 00:11:51
2022-06-12 10:59:57,2022-06-12 11:03:52,Free_Living,annotator,Experimental situation,2022-06-12 00:11:51,2022-06-12 00:15:46
2022-06-12 11:03:52,2022-06-12 11:04:09,Free_Living,annotator,Experimental situation,2022-06-12 00:15:46,2022-06-12 00:16:03
2022-06-12 11:04:18,2022-06-12 11:04:28,Free_Living,annotator,Experimental situation,2022-06-12 00:16:12,2022-06-12 00:16:22
2022-06-12 11:04:28,2022-06-12 11:05:30,Free_Living,annotator,Experimental situation,2022-06-12 00:16:22,2022-06-12 00:17:24
2022-06-12 11:05:32,2022-06-12 11:05:42,Free_Living,annotator,Experimental situation,2022-06-12 00:17:26,2022-06-12 00:17:36
2022-06-12 11:05:42,2022-06-12 11:05:48,Free_Living,annotator,Experimental situation,2022-06-12 00:17:36,2022-06-12 00:17:42
2022-06-12 11:05:48,2022-06-12 11:05:54,Free_Living,annotator,Experimental situation,2022-06-12 00:17:42,2022-06-12 00:17:48
2022-06-12 11:05:54,2022-06-12 11:06:24,Free_Living,annotator,Experimental situation,2022-06-12 00:17:48,2022-06-12 00:18:18
2022-06-12 11:06:24,2022-06-12 11:07:07,Free_Living,annotator,Experimental situation,2022-06-12 00:18:18,2022-06-12 00:19:01
2022-06-12 11:07:07,2022-06-12 11:07:17,Free_Living,annotator,Experimental situation,2022-06-12 00:19:01,2022-06-12 00:19:11
2022-06-12 11:07:17,2022-06-12 11:07:17,Free_Living,annotator,Experimental situation,2022-06-12 00:19:11,2022-06-12 00:19:11
2022-06-12 11:07:19,2022-06-12 11:07:30,Free_Living,annotator,Experimental situation,2022-06-12 00:19:13,2022-06-12 00:19:24
2022-06-12 11:07:30,2022-06-12 11:07:39,Free_Living,annotator,Experimental situation,2022-06-12 00:19:24,2022-06-12 00:19:33
2022-06-12 11:07:39,2022-06-12 11:08:03,Free_Living,annotator,Experimental situation,2022-06-12 00:19:33,2022-06-12 00:19:57
2022-06-12 11:08:03,2022-06-12 11:08:13,Free_Living,annotator,Experimental situation,2022-06-12 00:19:57,2022-06-12 00:20:07
2022-06-12 11:08:18,2022-06-12 11:09:45,Free_Living,annotator,Experimental situation,2022-06-12 00:20:12,2022-06-12 00:21:39
2022-06-12 11:09:45,2022-06-12 11:18:19,Free_Living,annotator,Experimental situation,2022-06-12 00:21:39,2022-06-12 00:30:13
2022-06-12 11:18:19,2022-06-12 11:18:42,Free_Living,annotator,Experimental situation,2022-06-12 00:30:13,2022-06-12 00:30:36
2022-06-12 11:18:42,2022-06-12 11:28:59,Free_Living,annotator,Experimental situation,2022-06-12 00:30:36,2022-06-12 00:40:53
2022-06-12 11:28:59,2022-06-12 11:29:45,Free_Living,annotator,Experimental situation,2022-06-12 00:40:53,2022-06-12 00:41:39
2022-06-12 11:29:45,2022-06-12 11:30:15,Free_Living,annotator,Experimental situation,2022-06-12 00:41:39,2022-06-12 00:42:09
2022-06-12 11:30:15,2022-06-12 11:35:09,Free_Living,annotator,Experimental situation,2022-06-12 00:42:09,2022-06-12 00:47:03
2022-06-12 11:35:09,2022-06-12 11:37:45,Free_Living,annotator,Experimental situation,2022-06-12 00:47:03,2022-06-12 00:49:39
2022-06-12 11:37:45,2022-06-12 11:38:48,Free_Living,annotator,Experimental situation,2022-06-12 00:49:39,2022-06-12 00:50:42
2022-06-12 11:38:48,2022-06-12 12:14:13,Free_Living,annotator,Experimental situation,2022-06-12 00:50:42,2022-06-12 01:26:07
2022-06-12 12:14:13,2022-06-12 12:15:08,Free_Living,annotator,Experimental situation,2022-06-12 01:26:07,2022-06-12 01:27:02
2022-06-12 12:15:08,2022-06-12 12:18:10,Free_Living,annotator,Experimental situation,2022-06-12 01:27:02,2022-06-12 01:30:04
2022-06-12 12:18:10,2022-06-12 12:22:16,Free_Living,annotator,Experimental situation,2022-06-12 01:30:04,2022-06-12 01:34:10
2022-06-12 12:22:16,2022-06-12 12:26:52,Free_Living,annotator,Experimental situation,2022-06-12 01:34:10,2022-06-12 01:38:46
2022-06-12 12:26:52,2022-06-12 12:28:43,Free_Living,annotator,Experimental situation,2022-06-12 01:38:46,2022-06-12 01:40:37
2022-06-12 12:28:46,2022-06-12 12:28:48,Free_Living,annotator,Experimental situation,2022-06-12 01:40:40,2022-06-12 01:40:42
2022-06-12 12:28:48,2022-06-12 12:29:01,Free_Living,annotator,Experimental situation,2022-06-12 01:40:42,2022-06-12 01:40:55
2022-06-12 12:29:01,2022-06-12 12:29:48,Free_Living,annotator,Experimental situation,2022-06-12 01:40:55,2022-06-12 01:41:42
2022-06-12 12:29:48,2022-06-12 12:31:57,Free_Living,annotator,Experimental situation,2022-06-12 01:41:42,2022-06-12 01:43:51
2022-06-12 12:31:57,2022-06-12 12:32:22,Free_Living,annotator,Experimental situation,2022-06-12 01:43:51,2022-06-12 01:44:16
2022-06-12 12:32:29,2022-06-12 12:32:33,Free_Living,annotator,Experimental situation,2022-06-12 01:44:23,2022-06-12 01:44:27
2022-06-12 12:32:33,2022-06-12 12:33:36,Free_Living,annotator,Experimental situation,2022-06-12 01:44:27,2022-06-12 01:45:30
2022-06-12 12:33:36,2022-06-12 12:36:42,Free_Living,annotator,Experimental situation,2022-06-12 01:45:30,2022-06-12 01:48:36
2022-06-12 12:36:42,2022-06-12 12:38:41,Free_Living,annotator,Experimental situation,2022-06-12 01:48:36,2022-06-12 01:50:35
2022-06-12 12:38:41,2022-06-12 12:40:55,Free_Living,annotator,Experimental situation,2022-06-12 01:50:35,2022-06-12 01:52:49
2022-06-12 12:40:55,2022-06-12 12:43:02,Free_Living,annotator,Experimental situation,2022-06-12 01:52:49,2022-06-12 01:54:56
2022-06-12 12:43:04,2022-06-12 12:57:46,Free_Living,annotator,Experimental situation,2022-06-12 01:54:58,2022-06-12 02:09:40
2022-06-12 12:57:46,2022-06-12 12:58:12,Free_Living,annotator,Experimental situation,2022-06-12 02:09:40,2022-06-12 02:10:06
2022-06-12 12:58:21,2022-06-12 12:59:09,Free_Living,annotator,Experimental situation,2022-06-12 02:10:15,2022-06-12 02:11:03
2022-06-12 12:59:09,2022-06-12 13:00:00,Free_Living,annotator,Experimental situation,2022-06-12 02:11:03,2022-06-12 02:11:54
2022-06-12 13:00:00,2022-06-12 13:01:22,Free_Living,annotator,Experimental situation,2022-06-12 02:11:54,2022-06-12 02:13:16
2022-06-12 13:01:24,2022-06-12 13:01:43,Free_Living,annotator,Experimental situation,2022-06-12 02:13:18,2022-06-12 02:13:37
2022-06-12 13:01:43,2022-06-12 13:02:14,Free_Living,annotator,Experimental situation,2022-06-12 02:13:37,2022-06-12 02:14:08
2022-06-12 13:02:14,2022-06-12 13:04:12,Free_Living,annotator,Experimental situation,2022-06-12 02:14:08,2022-06-12 02:16:06
2022-06-12 13:04:12,2022-06-12 13:04:37,Free_Living,annotator,Experimental situation,2022-06-12 02:16:06,2022-06-12 02:16:31
2022-06-12 13:04:37,2022-06-12 13:04:59,Free_Living,annotator,Experimental situation,2022-06-12 02:16:31,2022-06-12 02:16:53
2022-06-12 13:05:04,2022-06-12 13:13:07,Free_Living,annotator,Experimental situation,2022-06-12 02:16:58,2022-06-12 02:25:01
2022-06-12 13:13:07,2022-06-12 13:13:19,Free_Living,annotator,Experimental situation,2022-06-12 02:25:01,2022-06-12 02:25:13
2022-06-12 13:13:19,2022-06-12 13:15:20,Free_Living,annotator,Experimental situation,2022-06-12 02:25:13,2022-06-12 02:27:14
2022-06-12 13:15:20,2022-06-12 13:16:51,Free_Living,annotator,Experimental situation,2022-06-12 02:27:14,2022-06-12 02:28:45
2022-06-12 13:16:51,2022-06-12 13:17:05,Free_Living,annotator,Experimental situation,2022-06-12 02:28:45,2022-06-12 02:28:59
2022-06-12 13:17:07,2022-06-12 13:17:27,Free_Living,annotator,Experimental situation,2022-06-12 02:29:01,2022-06-12 02:29:21
2022-06-12 13:17:27,2022-06-12 13:17:31,Free_Living,annotator,Experimental situation,2022-06-12 02:29:21,2022-06-12 02:29:25
2022-06-12 13:17:31,2022-06-12 13:17:39,Free_Living,annotator,Experimental situation,2022-06-12 02:29:25,2022-06-12 02:29:33
2022-06-12 13:17:39,2022-06-12 13:17:53,Free_Living,annotator,Experimental situation,2022-06-12 02:29:33,2022-06-12 02:29:47
2022-06-12 13:17:53,2022-06-12 13:18:04,Free_Living,annotator,Experimental situation,2022-06-12 02:29:47,2022-06-12 02:29:58
2022-06-12 13:18:04,2022-06-12 13:18:30,Free_Living,annotator,Experimental situation,2022-06-12 02:29:58,2022-06-12 02:30:24
2022-06-12 13:18:30,2022-06-12 13:21:06,Free_Living,annotator,Experimental situation,2022-06-12 02:30:24,2022-06-12 02:33:00
2022-06-12 13:21:06,2022-06-12 13:21:40,Free_Living,annotator,Experimental situation,2022-06-12 02:33:00,2022-06-12 02:33:34
2022-06-12 13:21:40,2022-06-12 13:21:41,Free_Living,annotator,Experimental situation,2022-06-12 02:33:34,2022-06-12 02:33:35
2022-06-12 13:21:41,2022-06-12 13:22:05,Free_Living,annotator,Experimental situation,2022-06-12 02:33:35,2022-06-12 02:33:59
2022-06-12 13:22:05,2022-06-12 13:22:14,Free_Living,annotator,Experimental situation,2022-06-12 02:33:59,2022-06-12 02:34:08
2022-06-12 13:22:14,2022-06-12 13:22:51,Free_Living,annotator,Experimental situation,2022-06-12 02:34:08,2022-06-12 02:34:45
2022-06-12 13:22:56,2022-06-12 13:23:34,Free_Living,annotator,Experimental situation,2022-06-12 02:34:50,2022-06-12 02:35:28
2022-06-12 13:23:34,2022-06-12 13:30:55,Free_Living,annotator,Experimental situation,2022-06-12 02:35:28,2022-06-12 02:42:49
2022-06-12 13:30:55,2022-06-12 13:31:42,Free_Living,annotator,Experimental situation,2022-06-12 02:42:49,2022-06-12 02:43:36
2022-06-12 13:31:42,2022-06-12 13:32:25,Free_Living,annotator,Experimental situation,2022-06-12 02:43:36,2022-06-12 02:44:19
2022-06-12 13:32:25,2022-06-12 13:32:37,Free_Living,annotator,Experimental situation,2022-06-12 02:44:19,2022-06-12 02:44:31
2022-06-12 13:32:37,2022-06-12 13:34:53,Free_Living,annotator,Experimental situation,2022-06-12 02:44:31,2022-06-12 02:46:47
2022-06-12 13:34:53,2022-06-12 13:38:03,Free_Living,annotator,Experimental situation,2022-06-12 02:46:47,2022-06-12 02:49:57
2022-06-12 13:38:03,2022-06-12 13:42:05,Free_Living,annotator,Experimental situation,2022-06-12 02:49:57,2022-06-12 02:53:59
2022-06-12 13:42:05,2022-06-12 13:44:03,Free_Living,annotator,Experimental situation,2022-06-12 02:53:59,2022-06-12 02:55:57
2022-06-12 13:44:03,2022-06-12 13:45:08,Free_Living,annotator,Experimental situation,2022-06-12 02:55:57,2022-06-12 02:57:02
2022-06-12 13:45:08,2022-06-12 13:47:00,Free_Living,annotator,Experimental situation,2022-06-12 02:57:02,2022-06-12 02:58:54
2022-06-12 13:47:00,2022-06-12 13:48:45,Free_Living,annotator,Experimental situation,2022-06-12 02:58:54,2022-06-12 03:00:39
2022-06-12 13:48:45,2022-06-12 13:56:30,Free_Living,annotator,Experimental situation,2022-06-12 03:00:39,2022-06-12 03:08:24
2022-06-12 13:56:30,2022-06-12 14:01:08,Free_Living,annotator,Experimental situation,2022-06-12 03:08:24,2022-06-12 03:13:02
2022-06-12 14:01:08,2022-06-12 14:01:52,Free_Living,annotator,Experimental situation,2022-06-12 03:13:02,2022-06-12 03:13:46
2022-06-12 14:01:57,2022-06-12 14:02:23,Free_Living,annotator,Experimental situation,2022-06-12 03:13:51,2022-06-12 03:14:17
2022-06-12 14:02:23,2022-06-12 14:02:30,Free_Living,annotator,Experimental situation,2022-06-12 03:14:17,2022-06-12 03:14:24
2022-06-12 14:02:30,2022-06-12 14:02:49,Free_Living,annotator,Experimental situation,2022-06-12 03:14:24,2022-06-12 03:14:43
2022-06-12 14:02:49,2022-06-12 14:02:58,Free_Living,annotator,Experimental situation,2022-06-12 03:14:43,2022-06-12 03:14:52
2022-06-12 14:02:58,2022-06-12 14:03:02,Free_Living,annotator,Experimental situation,2022-06-12 03:14:52,2022-06-12 03:14:56
2022-06-12 14:03:02,2022-06-12 14:03:14,Free_Living,annotator,Experimental situation,2022-06-12 03:14:56,2022-06-12 03:15:08
2022-06-12 14:03:14,2022-06-12 14:03:24,Free_Living,annotator,Experimental situation,2022-06-12 03:15:08,2022-06-12 03:15:18
2022-06-12 14:03:24,2022-06-12 14:03:38,Free_Living,annotator,Experimental situation,2022-06-12 03:15:18,2022-06-12 03:15:32
2022-06-12 14:03:38,2022-06-12 14:03:57,Free_Living,annotator,Experimental situation,2022-06-12 03:15:32,2022-06-12 03:15:51
2022-06-12 14:03:57,2022-06-12 14:04:11,Free_Living,annotator,Experimental situation,2022-06-12 03:15:51,2022-06-12 03:16:05
2022-06-12 14:04:11,2022-06-12 14:04:17,Free_Living,annotator,Experimental situation,2022-06-12 03:16:05,2022-06-12 03:16:11
2022-06-12 14:04:17,2022-06-12 14:04:30,Free_Living,annotator,Experimental situation,2022-06-12 03:16:11,2022-06-12 03:16:24
2022-06-12 14:04:31,2022-06-12 14:04:57,Free_Living,annotator,Experimental situation,2022-06-12 03:16:25,2022-06-12 03:16:51
2022-06-12 14:04:57,2022-06-12 14:15:21,Free_Living,annotator,Experimental situation,2022-06-12 03:16:51,2022-06-12 03:27:15
2022-06-12 14:15:21,2022-06-12 14:15:24,Free_Living,annotator,Experimental situation,2022-06-12 03:27:15,2022-06-12 03:27:18
2022-06-12 14:15:24,2022-06-12 14:15:36,Free_Living,annotator,Experimental situation,2022-06-12 03:27:18,2022-06-12 03:27:30
2022-06-12 14:15:36,2022-06-12 14:15:43,Free_Living,annotator,Experimental situation,2022-06-12 03:27:30,2022-06-12 03:27:37
2022-06-12 14:15:43,2022-06-12 14:15:49,Free_Living,annotator,Experimental situation,2022-06-12 03:27:37,2022-06-12 03:27:43
2022-06-12 14:15:49,2022-06-12 14:17:05,Free_Living,annotator,Experimental situation,2022-06-12 03:27:43,2022-06-12 03:28:59
2022-06-12 14:17:05,2022-06-12 14:17:21,Free_Living,annotator,Experimental situation,2022-06-12 03:28:59,2022-06-12 03:29:15
2022-06-12 14:17:21,2022-06-12 14:25:00,Free_Living,annotator,Experimental situation,2022-06-12 03:29:15,2022-06-12 03:36:54
2022-06-12 14:25:02,2022-06-12 14:30:10,Free_Living,annotator,Experimental situation,2022-06-12 03:36:56,2022-06-12 03:42:04
2022-06-12 14:30:12,2022-06-12 14:30:37,Free_Living,annotator,Experimental situation,2022-06-12 03:42:06,2022-06-12 03:42:31
2022-06-12 14:30:37,2022-06-12 14:31:57,Free_Living,annotator,Experimental situation,2022-06-12 03:42:31,2022-06-12 03:43:51
2022-06-12 14:31:57,2022-06-12 14:32:52,Free_Living,annotator,Experimental situation,2022-06-12 03:43:51,2022-06-12 03:44:46
2022-06-12 14:32:52,2022-06-12 14:33:52,Free_Living,annotator,Experimental situation,2022-06-12 03:44:46,2022-06-12 03:45:46
2022-06-12 14:33:52,2022-06-12 14:35:40,Free_Living,annotator,Experimental situation,2022-06-12 03:45:46,2022-06-12 03:47:34
2022-06-12 14:35:40,2022-06-12 14:37:26,Free_Living,annotator,Experimental situation,2022-06-12 03:47:34,2022-06-12 03:49:20
2022-06-12 14:37:26,2022-06-12 14:37:33,Free_Living,annotator,Experimental situation,2022-06-12 03:49:20,2022-06-12 03:49:27
2022-06-12 14:37:35,2022-06-12 14:38:05,Free_Living,annotator,Experimental situation,2022-06-12 03:49:29,2022-06-12 03:49:59
2022-06-12 14:38:10,2022-06-12 14:39:12,Free_Living,annotator,Experimental situation,2022-06-12 03:50:04,2022-06-12 03:51:06
2022-06-12 14:39:12,2022-06-12 14:39:41,Free_Living,annotator,Experimental situation,2022-06-12 03:51:06,2022-06-12 03:51:35
2022-06-12 14:39:41,2022-06-12 14:39:46,Free_Living,annotator,Experimental situation,2022-06-12 03:51:35,2022-06-12 03:51:40
2022-06-12 14:39:46,2022-06-12 14:39:57,Free_Living,annotator,Experimental situation,2022-06-12 03:51:40,2022-06-12 03:51:51
2022-06-12 14:39:57,2022-06-12 14:40:04,Free_Living,annotator,Experimental situation,2022-06-12 03:51:51,2022-06-12 03:51:58
2022-06-12 14:40:04,2022-06-12 14:40:12,Free_Living,annotator,Experimental situation,2022-06-12 03:51:58,2022-06-12 03:52:06
2022-06-12 14:40:12,2022-06-12 14:41:47,Free_Living,annotator,Experimental situation,2022-06-12 03:52:06,2022-06-12 03:53:41
2022-06-12 14:41:47,2022-06-12 14:42:02,Free_Living,annotator,Experimental situation,2022-06-12 03:53:41,2022-06-12 03:53:56
2022-06-12 14:42:02,2022-06-12 14:42:17,Free_Living,annotator,Experimental situation,2022-06-12 03:53:56,2022-06-12 03:54:11
2022-06-12 14:42:25,2022-06-12 14:42:49,Free_Living,annotator,Experimental situation,2022-06-12 03:54:19,2022-06-12 03:54:43
2022-06-12 14:42:49,2022-06-12 15:02:42,Free_Living,annotator,Experimental situation,2022-06-12 03:54:43,2022-06-12 04:14:36
2022-06-12 15:02:42,2022-06-12 15:07:13,Free_Living,annotator,Experimental situation,2022-06-12 04:14:36,2022-06-12 04:19:07
2022-06-12 15:07:13,2022-06-12 15:09:23,Free_Living,annotator,Experimental situation,2022-06-12 04:19:07,2022-06-12 04:21:17
2022-06-12 15:09:23,2022-06-12 15:20:47,Free_Living,annotator,Experimental situation,2022-06-12 04:21:17,2022-06-12 04:32:41
2022-06-12 15:20:47,2022-06-12 15:21:53,Free_Living,annotator,Experimental situation,2022-06-12 04:32:41,2022-06-12 04:33:47
2022-06-12 15:21:53,2022-06-12 15:22:32,Free_Living,annotator,Experimental situation,2022-06-12 04:33:47,2022-06-12 04:34:26
2022-06-12 15:22:32,2022-06-12 15:25:10,Free_Living,annotator,Experimental situation,2022-06-12 04:34:26,2022-06-12 04:37:04
2022-06-12 15:25:10,2022-06-12 15:29:33,Free_Living,annotator,Experimental situation,2022-06-12 04:37:04,2022-06-12 04:41:27
2022-06-12 15:29:34,2022-06-12 15:29:39,Free_Living,annotator,Experimental situation,2022-06-12 04:41:28,2022-06-12 04:41:33
2022-06-12 15:29:39,2022-06-12 15:30:12,Free_Living,annotator,Experimental situation,2022-06-12 04:41:33,2022-06-12 04:42:06
2022-06-12 15:30:12,2022-06-12 15:30:25,Free_Living,annotator,Experimental situation,2022-06-12 04:42:06,2022-06-12 04:42:19
2022-06-12 15:30:25,2022-06-12 15:30:42,Free_Living,annotator,Experimental situation,2022-06-12 04:42:19,2022-06-12 04:42:36
2022-06-12 15:30:42,2022-06-12 15:36:41,Free_Living,annotator,Experimental situation,2022-06-12 04:42:36,2022-06-12 04:48:35
2022-06-12 15:36:41,2022-06-12 15:36:50,Free_Living,annotator,Experimental situation,2022-06-12 04:48:35,2022-06-12 04:48:44
2022-06-12 15:36:50,2022-06-12 15:38:53,Free_Living,annotator,Experimental situation,2022-06-12 04:48:44,2022-06-12 04:50:47
2022-06-12 15:38:53,2022-06-12 15:39:08,Free_Living,annotator,Experimental situation,2022-06-12 04:50:47,2022-06-12 04:51:02
2022-06-12 15:39:08,2022-06-12 15:39:26,Free_Living,annotator,Experimental situation,2022-06-12 04:51:02,2022-06-12 04:51:20
2022-06-12 15:39:26,2022-06-12 15:39:44,Free_Living,annotator,Experimental situation,2022-06-12 04:51:20,2022-06-12 04:51:38
2022-06-12 15:39:44,2022-06-12 15:40:10,Free_Living,annotator,Experimental situation,2022-06-12 04:51:38,2022-06-12 04:52:04
2022-06-12 15:40:10,2022-06-12 15:40:26,Free_Living,annotator,Experimental situation,2022-06-12 04:52:04,2022-06-12 04:52:20
2022-06-12 15:40:26,2022-06-12 15:40:58,Free_Living,annotator,Experimental situation,2022-06-12 04:52:20,2022-06-12 04:52:52
2022-06-12 15:41:04,2022-06-12 15:42:06,Free_Living,annotator,Experimental situation,2022-06-12 04:52:58,2022-06-12 04:54:00
2022-06-12 15:42:04,2022-06-12 15:42:04,Free_Living,annotator,Experimental situation,2022-06-12 04:53:58,2022-06-12 04:53:58
2022-06-12 15:42:06,2022-06-12 15:42:29,Free_Living,annotator,Experimental situation,2022-06-12 04:54:00,2022-06-12 04:54:23
2022-06-12 15:42:06,2022-06-12 15:42:06,Free_Living,annotator,Experimental situation,2022-06-12 04:54:00,2022-06-12 04:54:00
2022-06-12 15:42:29,2022-06-12 15:43:15,Free_Living,annotator,Experimental situation,2022-06-12 04:54:23,2022-06-12 04:55:09
2022-06-12 15:43:15,2022-06-12 15:43:42,Free_Living,annotator,Experimental situation,2022-06-12 04:55:09,2022-06-12 04:55:36
2022-06-12 15:43:42,2022-06-12 15:57:57,Free_Living,annotator,Experimental situation,2022-06-12 04:55:36,2022-06-12 05:09:51
2022-06-12 15:57:57,2022-06-12 15:58:20,Free_Living,annotator,Experimental situation,2022-06-12 05:09:51,2022-06-12 05:10:14
2022-06-12 15:58:20,2022-06-12 15:59:31,Free_Living,annotator,Experimental situation,2022-06-12 05:10:14,2022-06-12 05:11:25
2022-06-12 15:59:31,2022-06-12 15:59:59,Free_Living,annotator,Experimental situation,2022-06-12 05:11:25,2022-06-12 05:11:53
2022-06-12 15:59:59,2022-06-12 16:00:19,Free_Living,annotator,Experimental situation,2022-06-12 05:11:53,2022-06-12 05:12:13
2022-06-12 16:00:19,2022-06-12 16:01:01,Free_Living,annotator,Experimental situation,2022-06-12 05:12:13,2022-06-12 05:12:55
2022-06-12 16:01:01,2022-06-12 16:06:35,Lab_Indoors,annotator,Experimental situation,2022-06-12 05:12:55,2022-06-12 05:18:29
2022-06-12 16:06:35,2022-06-12 16:07:20,Lab_Indoors,annotator,Experimental situation,2022-06-12 05:18:29,2022-06-12 05:19:14
2022-06-12 16:07:20,2022-06-12 16:08:20,Lab_Indoors,annotator,Experimental situation,2022-06-12 05:19:14,2022-06-12 05:20:14
2022-06-12 16:08:20,2022-06-12 16:09:20,Lab_Indoors,annotator,Experimental situation,2022-06-12 05:20:14,2022-06-12 05:21:14
2022-06-12 16:09:20,2022-06-12 16:09:55,Lab_Indoors,annotator,Experimental situation,2022-06-12 05:21:14,2022-06-12 05:21:49
2022-06-12 16:09:55,2022-06-12 16:10:04,Lab_Indoors,annotator,Experimental situation,2022-06-12 05:21:49,2022-06-12 05:21:58
2022-06-12 16:10:04,2022-06-12 16:10:42,Free_Living,annotator,Experimental situation,2022-06-12 05:21:58,2022-06-12 05:22:36
2022-06-12 16:10:42,2022-06-12 16:11:02,Free_Living,annotator,Experimental situation,2022-06-12 05:22:36,2022-06-12 05:22:56
2022-06-12 16:11:02,2022-06-12 16:11:20,Free_Living,annotator,Experimental situation,2022-06-12 05:22:56,2022-06-12 05:23:14
2022-06-12 16:11:20,2022-06-12 16:15:06,Free_Living,annotator,Experimental situation,2022-06-12 05:23:14,2022-06-12 05:27:00
2022-06-12 16:15:06,2022-06-12 16:15:23,Free_Living,annotator,Experimental situation,2022-06-12 05:27:00,2022-06-12 05:27:17
2022-06-12 16:15:23,2022-06-12 16:23:32,Free_Living,annotator,Experimental situation,2022-06-12 05:27:17,2022-06-12 05:35:26
2022-06-12 16:23:32,2022-06-12 16:23:39,Free_Living,annotator,Experimental situation,2022-06-12 05:35:26,2022-06-12 05:35:33
2022-06-12 16:23:39,2022-06-12 16:24:08,Free_Living,annotator,Experimental situation,2022-06-12 05:35:33,2022-06-12 05:36:02
2022-06-12 16:24:08,2022-06-12 16:25:13,Free_Living,annotator,Experimental situation,2022-06-12 05:36:02,2022-06-12 05:37:07
2022-06-12 16:25:13,2022-06-12 16:25:19,Free_Living,annotator,Experimental situation,2022-06-12 05:37:07,2022-06-12 05:37:13
2022-06-12 16:25:19,2022-06-12 16:25:48,Free_Living,annotator,Experimental situation,2022-06-12 05:37:13,2022-06-12 05:37:42
2022-06-12 16:25:48,2022-06-12 16:26:40,Free_Living,annotator,Experimental situation,2022-06-12 05:37:42,2022-06-12 05:38:34
2022-06-12 16:26:40,2022-06-12 16:26:47,Free_Living,annotator,Experimental situation,2022-06-12 05:38:34,2022-06-12 05:38:41
2022-06-12 16:26:47,2022-06-12 16:26:58,Free_Living,annotator,Experimental situation,2022-06-12 05:38:41,2022-06-12 05:38:52
2022-06-12 16:26:58,2022-06-12 16:27:14,Free_Living,annotator,Experimental situation,2022-06-12 05:38:52,2022-06-12 05:39:08
2022-06-12 16:27:14,2022-06-12 16:27:42,Free_Living,annotator,Experimental situation,2022-06-12 05:39:08,2022-06-12 05:39:36
2022-06-12 16:27:42,2022-06-12 16:29:00,Free_Living,annotator,Experimental situation,2022-06-12 05:39:36,2022-06-12 05:40:54
2022-06-12 16:29:00,2022-06-12 16:29:32,Free_Living,annotator,Experimental situation,2022-06-12 05:40:54,2022-06-12 05:41:26
2022-06-12 16:29:32,2022-06-12 16:30:21,Free_Living,annotator,Experimental situation,2022-06-12 05:41:26,2022-06-12 05:42:15
2022-06-12 16:30:21,2022-06-12 16:30:38,Free_Living,annotator,Experimental situation,2022-06-12 05:42:15,2022-06-12 05:42:32
2022-06-12 16:30:38,2022-06-12 16:31:01,Free_Living,annotator,Experimental situation,2022-06-12 05:42:32,2022-06-12 05:42:55
2022-06-12 16:31:01,2022-06-12 16:31:14,Free_Living,annotator,Experimental situation,2022-06-12 05:42:55,2022-06-12 05:43:08
2022-06-12 16:31:14,2022-06-12 16:31:35,Free_Living,annotator,Experimental situation,2022-06-12 05:43:08,2022-06-12 05:43:29
2022-06-12 16:31:35,2022-06-12 16:31:48,Free_Living,annotator,Experimental situation,2022-06-12 05:43:29,2022-06-12 05:43:42
2022-06-12 16:31:48,2022-06-12 16:33:18,Free_Living,annotator,Experimental situation,2022-06-12 05:43:42,2022-06-12 05:45:12
2022-06-12 16:33:18,2022-06-12 16:34:02,Free_Living,annotator,Experimental situation,2022-06-12 05:45:12,2022-06-12 05:45:56
2022-06-12 16:34:02,2022-06-12 16:37:02,Free_Living,annotator,Experimental situation,2022-06-12 05:45:56,2022-06-12 05:48:56
2022-06-12 16:37:02,2022-06-12 16:37:14,Free_Living,annotator,Experimental situation,2022-06-12 05:48:56,2022-06-12 05:49:08
2022-06-12 16:37:14,2022-06-12 16:37:39,Free_Living,annotator,Experimental situation,2022-06-12 05:49:08,2022-06-12 05:49:33
2022-06-12 16:37:39,2022-06-12 16:37:57,Free_Living,annotator,Experimental situation,2022-06-12 05:49:33,2022-06-12 05:49:51
2022-06-12 16:37:57,2022-06-12 16:38:22,Free_Living,annotator,Experimental situation,2022-06-12 05:49:51,2022-06-12 05:50:16
2022-06-12 16:38:22,2022-06-12 16:39:13,Free_Living,annotator,Experimental situation,2022-06-12 05:50:16,2022-06-12 05:51:07
2022-06-12 16:39:13,2022-06-12 16:39:29,Free_Living,annotator,Experimental situation,2022-06-12 05:51:07,2022-06-12 05:51:23
2022-06-12 16:39:29,2022-06-12 16:39:39,Free_Living,annotator,Experimental situation,2022-06-12 05:51:23,2022-06-12 05:51:33
2022-06-12 16:39:39,2022-06-12 16:40:14,Free_Living,annotator,Experimental situation,2022-06-12 05:51:33,2022-06-12 05:52:08
2022-06-12 16:40:14,2022-06-12 16:43:15,Free_Living,annotator,Experimental situation,2022-06-12 05:52:08,2022-06-12 05:55:09
2022-06-12 16:43:15,2022-06-12 16:43:21,Free_Living,annotator,Experimental situation,2022-06-12 05:55:09,2022-06-12 05:55:15
2022-06-12 16:43:21,2022-06-12 16:43:37,Free_Living,annotator,Experimental situation,2022-06-12 05:55:15,2022-06-12 05:55:31
2022-06-12 16:43:37,2022-06-12 16:43:54,Free_Living,annotator,Experimental situation,2022-06-12 05:55:31,2022-06-12 05:55:48
2022-06-12 16:43:54,2022-06-12 16:44:07,Free_Living,annotator,Experimental situation,2022-06-12 05:55:48,2022-06-12 05:56:01
2022-06-12 16:44:07,2022-06-12 16:44:19,Free_Living,annotator,Experimental situation,2022-06-12 05:56:01,2022-06-12 05:56:13
2022-06-12 16:44:19,2022-06-12 16:44:40,Free_Living,annotator,Experimental situation,2022-06-12 05:56:13,2022-06-12 05:56:34
2022-06-12 16:44:40,2022-06-12 16:45:38,Free_Living,annotator,Experimental situation,2022-06-12 05:56:34,2022-06-12 05:57:32
2022-06-12 16:45:38,2022-06-12 16:46:02,Free_Living,annotator,Experimental situation,2022-06-12 05:57:32,2022-06-12 05:57:56
2022-06-12 16:46:02,2022-06-12 17:03:36,Free_Living,annotator,Experimental situation,2022-06-12 05:57:56,2022-06-12 06:15:30
2022-06-12 17:03:36,2022-06-12 17:03:46,Free_Living,annotator,Experimental situation,2022-06-12 06:15:30,2022-06-12 06:15:40
2022-06-12 17:03:46,2022-06-12 17:03:54,Free_Living,annotator,Experimental situation,2022-06-12 06:15:40,2022-06-12 06:15:48
2022-06-12 17:03:54,2022-06-12 17:04:50,Free_Living,annotator,Experimental situation,2022-06-12 06:15:48,2022-06-12 06:16:44
2022-06-12 17:04:50,2022-06-12 17:05:42,Free_Living,annotator,Experimental situation,2022-06-12 06:16:44,2022-06-12 06:17:36
2022-06-12 17:05:42,2022-06-12 17:06:01,Free_Living,annotator,Experimental situation,2022-06-12 06:17:36,2022-06-12 06:17:55
2022-06-12 17:06:01,2022-06-12 17:06:10,Free_Living,annotator,Experimental situation,2022-06-12 06:17:55,2022-06-12 06:18:04
2022-06-12 17:06:10,2022-06-12 17:06:31,Free_Living,annotator,Experimental situation,2022-06-12 06:18:04,2022-06-12 06:18:25
2022-06-12 17:06:31,2022-06-12 17:07:00,Free_Living,annotator,Experimental situation,2022-06-12 06:18:25,2022-06-12 06:18:54
2022-06-12 17:07:00,2022-06-12 17:07:53,Free_Living,annotator,Experimental situation,2022-06-12 06:18:54,2022-06-12 06:19:47
2022-06-12 17:07:53,2022-06-12 17:10:10,Free_Living,annotator,Experimental situation,2022-06-12 06:19:47,2022-06-12 06:22:04
2022-06-12 17:10:10,2022-06-12 17:10:27,Free_Living,annotator,Experimental situation,2022-06-12 06:22:04,2022-06-12 06:22:21
2022-06-12 17:10:27,2022-06-12 17:10:36,Free_Living,annotator,Experimental situation,2022-06-12 06:22:21,2022-06-12 06:22:30
2022-06-12 17:10:36,2022-06-12 17:11:29,Free_Living,annotator,Experimental situation,2022-06-12 06:22:30,2022-06-12 06:23:23
2022-06-12 17:11:29,2022-06-12 17:12:12,Free_Living,annotator,Experimental situation,2022-06-12 06:23:23,2022-06-12 06:24:06
2022-06-12 17:12:12,2022-06-12 17:13:35,Free_Living,annotator,Experimental situation,2022-06-12 06:24:06,2022-06-12 06:25:29
2022-06-12 17:13:35,2022-06-12 17:13:54,Free_Living,annotator,Experimental situation,2022-06-12 06:25:29,2022-06-12 06:25:48
2022-06-12 17:13:54,2022-06-12 17:14:18,Free_Living,annotator,Experimental situation,2022-06-12 06:25:48,2022-06-12 06:26:12
2022-06-12 17:14:18,2022-06-12 17:14:47,Free_Living,annotator,Experimental situation,2022-06-12 06:26:12,2022-06-12 06:26:41
2022-06-12 17:14:47,2022-06-12 17:14:55,Free_Living,annotator,Experimental situation,2022-06-12 06:26:41,2022-06-12 06:26:49
2022-06-12 17:14:55,2022-06-12 17:16:15,Free_Living,annotator,Experimental situation,2022-06-12 06:26:49,2022-06-12 06:28:09
2022-06-12 17:16:15,2022-06-12 17:16:38,Free_Living,annotator,Experimental situation,2022-06-12 06:28:09,2022-06-12 06:28:32
2022-06-12 17:16:38,2022-06-12 17:17:29,Free_Living,annotator,Experimental situation,2022-06-12 06:28:32,2022-06-12 06:29:23
2022-06-12 17:17:29,2022-06-12 17:18:05,Free_Living,annotator,Experimental situation,2022-06-12 06:29:23,2022-06-12 06:29:59
2022-06-12 17:18:05,2022-06-12 17:21:12,Free_Living,annotator,Experimental situation,2022-06-12 06:29:59,2022-06-12 06:33:06
2022-06-12 17:21:14,2022-06-12 17:21:37,Free_Living,annotator,Experimental situation,2022-06-12 06:33:08,2022-06-12 06:33:31
2022-06-12 17:21:37,2022-06-12 17:21:55,Free_Living,annotator,Experimental situation,2022-06-12 06:33:31,2022-06-12 06:33:49
2022-06-12 17:21:57,2022-06-12 17:22:55,Free_Living,annotator,Experimental situation,2022-06-12 06:33:51,2022-06-12 06:34:49
2022-06-12 17:22:55,2022-06-12 17:23:08,Free_Living,annotator,Experimental situation,2022-06-12 06:34:49,2022-06-12 06:35:02
2022-06-12 17:23:08,2022-06-12 17:23:32,Free_Living,annotator,Experimental situation,2022-06-12 06:35:02,2022-06-12 06:35:26
2022-06-12 17:23:32,2022-06-12 17:24:53,Free_Living,annotator,Experimental situation,2022-06-12 06:35:26,2022-06-12 06:36:47
2022-06-12 17:24:53,2022-06-12 17:25:08,Free_Living,annotator,Experimental situation,2022-06-12 06:36:47,2022-06-12 06:37:02
2022-06-12 17:25:08,2022-06-12 17:25:18,Free_Living,annotator,Experimental situation,2022-06-12 06:37:02,2022-06-12 06:37:12
2022-06-12 17:25:18,2022-06-12 17:28:59,Free_Living,annotator,Experimental situation,2022-06-12 06:37:12,2022-06-12 06:40:53
2022-06-12 17:28:59,2022-06-12 17:29:07,Free_Living,annotator,Experimental situation,2022-06-12 06:40:53,2022-06-12 06:41:01
2022-06-12 17:29:07,2022-06-12 17:29:36,Free_Living,annotator,Experimental situation,2022-06-12 06:41:01,2022-06-12 06:41:30
2022-06-12 17:29:36,2022-06-12 17:29:51,Free_Living,annotator,Experimental situation,2022-06-12 06:41:30,2022-06-12 06:41:45
2022-06-12 17:29:51,2022-06-12 17:29:56,Free_Living,annotator,Experimental situation,2022-06-12 06:41:45,2022-06-12 06:41:50
2022-06-12 17:29:56,2022-06-12 17:30:41,Free_Living,annotator,Experimental situation,2022-06-12 06:41:50,2022-06-12 06:42:35
2022-06-12 17:30:41,2022-06-12 17:30:51,Free_Living,annotator,Experimental situation,2022-06-12 06:42:35,2022-06-12 06:42:45
2022-06-12 17:30:51,2022-06-12 17:31:10,Free_Living,annotator,Experimental situation,2022-06-12 06:42:45,2022-06-12 06:43:04
2022-06-12 17:31:10,2022-06-12 17:31:44,Free_Living,annotator,Experimental situation,2022-06-12 06:43:04,2022-06-12 06:43:38
2022-06-12 17:31:44,2022-06-12 17:36:58,Free_Living,annotator,Experimental situation,2022-06-12 06:43:38,2022-06-12 06:48:52
2022-06-12 17:36:58,2022-06-12 17:37:08,Free_Living,annotator,Experimental situation,2022-06-12 06:48:52,2022-06-12 06:49:02
2022-06-12 17:37:08,2022-06-12 17:37:35,Free_Living,annotator,Experimental situation,2022-06-12 06:49:02,2022-06-12 06:49:29
2022-06-12 17:37:35,2022-06-12 17:37:44,Free_Living,annotator,Experimental situation,2022-06-12 06:49:29,2022-06-12 06:49:38
2022-06-12 17:37:44,2022-06-12 17:38:28,Free_Living,annotator,Experimental situation,2022-06-12 06:49:38,2022-06-12 06:50:22
2022-06-12 17:38:28,2022-06-12 17:41:23,Free_Living,annotator,Experimental situation,2022-06-12 06:50:22,2022-06-12 06:53:17
2022-06-12 17:41:23,2022-06-12 17:41:33,Free_Living,annotator,Experimental situation,2022-06-12 06:53:17,2022-06-12 06:53:27
2022-06-12 17:41:33,2022-06-12 17:42:19,Free_Living,annotator,Experimental situation,2022-06-12 06:53:27,2022-06-12 06:54:13
2022-06-12 17:42:19,2022-06-12 17:42:40,Free_Living,annotator,Experimental situation,2022-06-12 06:54:13,2022-06-12 06:54:34
2022-06-12 17:42:40,2022-06-12 17:44:04,Free_Living,annotator,Experimental situation,2022-06-12 06:54:34,2022-06-12 06:55:58
2022-06-12 17:44:04,2022-06-12 17:46:15,Free_Living,annotator,Experimental situation,2022-06-12 06:55:58,2022-06-12 06:58:09
2022-06-12 17:46:15,2022-06-12 17:48:04,Free_Living,annotator,Experimental situation,2022-06-12 06:58:09,2022-06-12 06:59:58
2022-06-12 17:48:05,2022-06-12 17:51:48,Free_Living,annotator,Experimental situation,2022-06-12 06:59:59,2022-06-12 07:03:42
2022-06-12 17:51:48,2022-06-12 17:53:59,Free_Living,annotator,Experimental situation,2022-06-12 07:03:42,2022-06-12 07:05:53
2022-06-12 17:53:59,2022-06-12 17:56:28,Free_Living,annotator,Experimental situation,2022-06-12 07:05:53,2022-06-12 07:08:22
2022-06-12 17:56:28,2022-06-12 17:57:33,Free_Living,annotator,Experimental situation,2022-06-12 07:08:22,2022-06-12 07:09:27
2022-06-12 17:57:33,2022-06-12 17:58:17,Free_Living,annotator,Experimental situation,2022-06-12 07:09:27,2022-06-12 07:10:11
2022-06-12 17:58:17,2022-06-12 17:59:59,Free_Living,annotator,Experimental situation,2022-06-12 07:10:11,2022-06-12 07:11:53
2022-06-12 17:59:59,2022-06-12 18:02:40,Free_Living,annotator,Experimental situation,2022-06-12 07:11:53,2022-06-12 07:14:34
2022-06-12 18:02:40,2022-06-12 18:03:18,Free_Living,annotator,Experimental situation,2022-06-12 07:14:34,2022-06-12 07:15:12
2022-06-12 18:03:18,2022-06-12 18:05:15,Free_Living,annotator,Experimental situation,2022-06-12 07:15:12,2022-06-12 07:17:09
2022-06-12 18:05:15,2022-06-12 18:05:40,Free_Living,annotator,Experimental situation,2022-06-12 07:17:09,2022-06-12 07:17:34
2022-06-12 18:05:40,2022-06-12 18:06:15,Free_Living,annotator,Experimental situation,2022-06-12 07:17:34,2022-06-12 07:18:09
2022-06-12 18:06:15,2022-06-12 18:06:30,Free_Living,annotator,Experimental situation,2022-06-12 07:18:09,2022-06-12 07:18:24
2022-06-12 18:06:30,2022-06-12 18:09:01,Free_Living,annotator,Experimental situation,2022-06-12 07:18:24,2022-06-12 07:20:55
2022-06-12 18:09:01,2022-06-12 18:10:22,Free_Living,annotator,Experimental situation,2022-06-12 07:20:55,2022-06-12 07:22:16
2022-06-12 18:10:22,2022-06-12 18:10:54,Free_Living,annotator,Experimental situation,2022-06-12 07:22:16,2022-06-12 07:22:48
2022-06-12 18:10:57,2022-06-12 18:11:06,Free_Living,annotator,Experimental situation,2022-06-12 07:22:51,2022-06-12 07:23:00
2022-06-12 18:11:06,2022-06-12 18:11:43,Free_Living,annotator,Experimental situation,2022-06-12 07:23:00,2022-06-12 07:23:37
2022-06-12 18:11:43,2022-06-12 18:12:45,Free_Living,annotator,Experimental situation,2022-06-12 07:23:37,2022-06-12 07:24:39
2022-06-12 18:12:45,2022-06-12 18:13:18,Free_Living,annotator,Experimental situation,2022-06-12 07:24:39,2022-06-12 07:25:12
2022-06-12 18:13:18,2022-06-12 18:13:49,Free_Living,annotator,Experimental situation,2022-06-12 07:25:12,2022-06-12 07:25:43
2022-06-12 18:13:49,2022-06-12 18:14:32,Free_Living,annotator,Experimental situation,2022-06-12 07:25:43,2022-06-12 07:26:26
2022-06-12 18:14:32,2022-06-12 18:15:13,Free_Living,annotator,Experimental situation,2022-06-12 07:26:26,2022-06-12 07:27:07
2022-06-12 18:15:13,2022-06-12 18:16:05,Free_Living,annotator,Experimental situation,2022-06-12 07:27:07,2022-06-12 07:27:59
2022-06-12 18:16:05,2022-06-12 18:17:17,Free_Living,annotator,Experimental situation,2022-06-12 07:27:59,2022-06-12 07:29:11
2022-06-12 18:17:17,2022-06-12 18:18:55,Free_Living,annotator,Experimental situation,2022-06-12 07:29:11,2022-06-12 07:30:49
2022-06-12 18:18:55,2022-06-12 18:24:01,Free_Living,annotator,Experimental situation,2022-06-12 07:30:49,2022-06-12 07:35:55
2022-06-12 18:24:01,2022-06-12 18:24:40,Free_Living,annotator,Experimental situation,2022-06-12 07:35:55,2022-06-12 07:36:34
2022-06-12 18:24:40,2022-06-12 18:25:45,Free_Living,annotator,Experimental situation,2022-06-12 07:36:34,2022-06-12 07:37:39
2022-06-12 18:25:45,2022-06-12 18:26:00,Free_Living,annotator,Experimental situation,2022-06-12 07:37:39,2022-06-12 07:37:54
2022-06-12 18:26:00,2022-06-12 18:26:27,Free_Living,annotator,Experimental situation,2022-06-12 07:37:54,2022-06-12 07:38:21
2022-06-12 18:26:27,2022-06-12 18:26:56,Free_Living,annotator,Experimental situation,2022-06-12 07:38:21,2022-06-12 07:38:50
2022-06-12 18:26:56,2022-06-12 18:28:53,Free_Living,annotator,Experimental situation,2022-06-12 07:38:50,2022-06-12 07:40:47
2022-06-12 18:28:53,2022-06-12 18:31:13,Free_Living,annotator,Experimental situation,2022-06-12 07:40:47,2022-06-12 07:43:07
2022-06-12 18:31:13,2022-06-12 18:33:54,Free_Living,annotator,Experimental situation,2022-06-12 07:43:07,2022-06-12 07:45:48
2022-06-12 18:33:54,2022-06-12 18:35:33,Free_Living,annotator,Experimental situation,2022-06-12 07:45:48,2022-06-12 07:47:27
2022-06-12 18:35:33,2022-06-12 18:36:37,Free_Living,annotator,Experimental situation,2022-06-12 07:47:27,2022-06-12 07:48:31
2022-06-12 18:36:37,2022-06-12 18:41:00,Free_Living,annotator,Experimental situation,2022-06-12 07:48:31,2022-06-12 07:52:54
2022-06-12 18:41:00,2022-06-12 18:42:54,Free_Living,annotator,Experimental situation,2022-06-12 07:52:54,2022-06-12 07:54:48
2022-06-12 18:42:54,2022-06-12 18:45:11,Free_Living,annotator,Experimental situation,2022-06-12 07:54:48,2022-06-12 07:57:05
2022-06-12 18:45:11,2022-06-12 18:47:38,Free_Living,annotator,Experimental situation,2022-06-12 07:57:05,2022-06-12 07:59:32
2022-06-12 18:47:38,2022-06-12 18:51:23,Free_Living,annotator,Experimental situation,2022-06-12 07:59:32,2022-06-12 08:03:17
2022-06-12 18:51:23,2022-06-12 18:53:05,Free_Living,annotator,Experimental situation,2022-06-12 08:03:17,2022-06-12 08:04:59
2022-06-12 18:53:05,2022-06-12 18:53:12,Free_Living,annotator,Experimental situation,2022-06-12 08:04:59,2022-06-12 08:05:06
2022-06-12 18:53:12,2022-06-12 18:53:36,Free_Living,annotator,Experimental situation,2022-06-12 08:05:06,2022-06-12 08:05:30
2022-06-12 18:53:36,2022-06-12 18:56:59,Free_Living,annotator,Experimental situation,2022-06-12 08:05:30,2022-06-12 08:08:53
2022-06-12 18:56:59,2022-06-12 18:58:03,Free_Living,annotator,Experimental situation,2022-06-12 08:08:53,2022-06-12 08:09:57
2022-06-12 18:58:03,2022-06-12 18:59:26,Free_Living,annotator,Experimental situation,2022-06-12 08:09:57,2022-06-12 08:11:20
2022-06-12 18:59:26,2022-06-12 18:59:56,Free_Living,annotator,Experimental situation,2022-06-12 08:11:20,2022-06-12 08:11:50
2022-06-12 18:59:56,2022-06-12 19:00:33,Free_Living,annotator,Experimental situation,2022-06-12 08:11:50,2022-06-12 08:12:27
2022-06-12 19:00:33,2022-06-12 19:04:42,Free_Living,annotator,Experimental situation,2022-06-12 08:12:27,2022-06-12 08:16:36
2022-06-12 19:04:42,2022-06-12 19:05:30,Free_Living,annotator,Experimental situation,2022-06-12 08:16:36,2022-06-12 08:17:24
2022-06-12 19:05:30,2022-06-12 19:24:38,Free_Living,annotator,Experimental situation,2022-06-12 08:17:24,2022-06-12 08:36:32
2022-06-12 19:24:38,2022-06-12 19:25:07,Free_Living,annotator,Experimental situation,2022-06-12 08:36:32,2022-06-12 08:37:01
2022-06-12 19:26:00,2022-06-12 19:26:00,Free_Living,annotator,Experimental situation,2022-06-12 08:37:54,2022-06-12 08:37:54
2022-06-12 19:26:25,2022-06-12 19:26:25,Free_Living,annotator,Experimental situation,2022-06-12 08:38:19,2022-06-12 08:38:19
2022-06-12 19:26:30,2022-06-12 19:26:42,Free_Living,annotator,Experimental situation,2022-06-12 08:38:24,2022-06-12 08:38:36
2022-06-12 19:26:42,2022-06-12 19:27:20,Free_Living,annotator,Experimental situation,2022-06-12 08:38:36,2022-06-12 08:39:14
2022-06-12 19:27:20,2022-06-12 19:28:01,Free_Living,annotator,Experimental situation,2022-06-12 08:39:14,2022-06-12 08:39:55
2022-06-12 19:28:01,2022-06-12 19:28:18,Free_Living,annotator,Experimental situation,2022-06-12 08:39:55,2022-06-12 08:40:12
2022-06-12 19:28:18,2022-06-12 19:29:16,Free_Living,annotator,Experimental situation,2022-06-12 08:40:12,2022-06-12 08:41:10
2022-06-12 19:29:16,2022-06-12 19:31:09,Free_Living,annotator,Experimental situation,2022-06-12 08:41:10,2022-06-12 08:43:03
2022-06-12 19:31:09,2022-06-12 19:43:58,Free_Living,annotator,Experimental situation,2022-06-12 08:43:03,2022-06-12 08:55:52
2022-06-12 19:43:58,2022-06-12 19:44:34,Free_Living,annotator,Experimental situation,2022-06-12 08:55:52,2022-06-12 08:56:28
2022-06-12 19:44:34,2022-06-12 19:44:44,Free_Living,annotator,Experimental situation,2022-06-12 08:56:28,2022-06-12 08:56:38
2022-06-12 19:44:44,2022-06-12 19:45:09,Free_Living,annotator,Experimental situation,2022-06-12 08:56:38,2022-06-12 08:57:03
2022-06-12 19:45:09,2022-06-12 19:45:38,Free_Living,annotator,Experimental situation,2022-06-12 08:57:03,2022-06-12 08:57:32
2022-06-12 19:45:38,2022-06-12 20:09:34,Free_Living,annotator,Experimental situation,2022-06-12 08:57:32,2022-06-12 09:21:28
2022-06-12 20:09:34,2022-06-12 20:29:39,Free_Living,annotator,Experimental situation,2022-06-12 09:21:28,2022-06-12 09:41:33
2022-06-12 20:29:39,2022-06-12 20:31:04,Free_Living,annotator,Experimental situation,2022-06-12 09:41:33,2022-06-12 09:42:58
2022-06-12 20:31:12,2022-06-12 20:31:53,Free_Living,annotator,Experimental situation,2022-06-12 09:43:06,2022-06-12 09:43:47
2022-06-12 20:31:33,2022-06-12 20:31:33,Free_Living,annotator,Experimental situation,2022-06-12 09:43:27,2022-06-12 09:43:27
2022-06-12 20:31:53,2022-06-12 20:32:08,Free_Living,annotator,Experimental situation,2022-06-12 09:43:47,2022-06-12 09:44:02
2022-06-12 20:32:08,2022-06-12 20:32:22,Free_Living,annotator,Experimental situation,2022-06-12 09:44:02,2022-06-12 09:44:16
2022-06-12 20:32:22,2022-06-12 20:33:56,Free_Living,annotator,Experimental situation,2022-06-12 09:44:16,2022-06-12 09:45:50
2022-06-12 20:33:56,2022-06-12 20:38:55,Free_Living,annotator,Experimental situation,2022-06-12 09:45:50,2022-06-12 09:50:49
2022-06-12 20:38:55,2022-06-12 20:39:32,Free_Living,annotator,Experimental situation,2022-06-12 09:50:49,2022-06-12 09:51:26
2022-06-12 20:39:32,2022-06-12 20:42:37,Free_Living,annotator,Experimental situation,2022-06-12 09:51:26,2022-06-12 09:54:31
2022-06-12 20:42:37,2022-06-12 20:42:50,Free_Living,annotator,Experimental situation,2022-06-12 09:54:31,2022-06-12 09:54:44
2022-06-12 20:42:50,2022-06-12 20:45:49,Free_Living,annotator,Experimental situation,2022-06-12 09:54:44,2022-06-12 09:57:43
2022-06-12 20:45:49,2022-06-12 20:46:11,Free_Living,annotator,Experimental situation,2022-06-12 09:57:43,2022-06-12 09:58:05
2022-06-12 20:46:11,2022-06-12 20:52:08,Free_Living,annotator,Experimental situation,2022-06-12 09:58:05,2022-06-12 10:04:02
2022-06-12 20:52:08,2022-06-12 20:53:10,Free_Living,annotator,Experimental situation,2022-06-12 10:04:02,2022-06-12 10:05:04
2022-06-12 20:53:10,2022-06-12 20:53:37,Free_Living,annotator,Experimental situation,2022-06-12 10:05:04,2022-06-12 10:05:31
2022-06-12 20:53:37,2022-06-12 20:53:56,Free_Living,annotator,Experimental situation,2022-06-12 10:05:31,2022-06-12 10:05:50
2022-06-12 20:53:56,2022-06-12 20:54:10,Free_Living,annotator,Experimental situation,2022-06-12 10:05:50,2022-06-12 10:06:04
2022-06-12 20:54:10,2022-06-12 20:54:46,Free_Living,annotator,Experimental situation,2022-06-12 10:06:04,2022-06-12 10:06:40
2022-06-12 20:54:46,2022-06-12 20:55:42,Free_Living,annotator,Experimental situation,2022-06-12 10:06:40,2022-06-12 10:07:36
2022-06-12 20:55:42,2022-06-12 20:56:34,Free_Living,annotator,Experimental situation,2022-06-12 10:07:36,2022-06-12 10:08:28
2022-06-12 20:56:34,2022-06-12 20:56:53,Free_Living,annotator,Experimental situation,2022-06-12 10:08:28,2022-06-12 10:08:47
2022-06-12 20:56:53,2022-06-12 21:02:09,Free_Living,annotator,Experimental situation,2022-06-12 10:08:47,2022-06-12 10:14:03
2022-06-12 21:02:09,2022-06-12 21:02:22,Free_Living,annotator,Experimental situation,2022-06-12 10:14:03,2022-06-12 10:14:16
2022-06-12 21:02:22,2022-06-12 21:04:17,Free_Living,annotator,Experimental situation,2022-06-12 10:14:16,2022-06-12 10:16:11
2022-06-12 21:04:17,2022-06-12 21:06:22,Free_Living,annotator,Experimental situation,2022-06-12 10:16:11,2022-06-12 10:18:16
