START_TIME,STOP_TIME,PREDICTION,SOURCE,LABELSET,VIDEO_START_TIME,VIDEO_END_TIME
2021-09-23 15:47:06,2021-09-23 15:47:06,BP_Unlabeled,annotator,Behavioral Parameters,2021-09-23 00:01:04,2021-09-23 00:01:04
2021-09-23 15:47:09,2021-09-23 15:48:27,BP_Unlabeled,annotator,Behavioral Parameters,2021-09-23 00:01:07,2021-09-23 00:02:25
2021-09-23 15:48:28,2021-09-23 15:48:37,BP_Unlabeled,annotator,Behavioral Parameters,2021-09-23 00:02:26,2021-09-23 00:02:35
2021-09-23 15:48:37,2021-09-23 15:49:17,BP_Unlabeled,annotator,Behavioral Parameters,2021-09-23 00:02:35,2021-09-23 00:03:15
2021-09-23 15:49:20,2021-09-23 15:49:23,BP_Unlabeled,annotator,Behavioral Parameters,2021-09-23 00:03:18,2021-09-23 00:03:21
2021-09-23 16:02:28,2021-09-23 16:02:31,BP_Unlabeled,annotator,Behavioral Parameters,2021-09-23 00:16:26,2021-09-23 00:16:29
2021-09-23 16:02:34,2021-09-23 16:02:35,BP_Unlabeled,annotator,Behavioral Parameters,2021-09-23 00:16:32,2021-09-23 00:16:33
2021-09-23 16:02:36,2021-09-23 16:02:36,BP_Unlabeled,annotator,Behavioral Parameters,2021-09-23 00:16:34,2021-09-23 00:16:34
2021-09-23 16:03:07,2021-09-23 16:03:12,BP_Unlabeled,annotator,Behavioral Parameters,2021-09-23 00:17:05,2021-09-23 00:17:10
2021-09-23 16:03:14,2021-09-23 16:03:14,BP_Unlabeled,annotator,Behavioral Parameters,2021-09-23 00:17:12,2021-09-23 00:17:12
2021-09-23 16:03:17,2021-09-23 16:03:21,BP_Unlabeled,annotator,Behavioral Parameters,2021-09-23 00:17:15,2021-09-23 00:17:19
2021-09-23 16:50:19,2021-09-23 16:51:04,BP_Unlabeled,annotator,Behavioral Parameters,2021-09-23 01:04:17,2021-09-23 01:05:02
2021-09-23 16:50:20,2021-09-23 16:50:20,BP_Unlabeled,annotator,Behavioral Parameters,2021-09-23 01:04:18,2021-09-23 01:04:18
2021-09-23 16:50:20,2021-09-23 16:50:20,BP_Unlabeled,annotator,Behavioral Parameters,2021-09-23 01:04:18,2021-09-23 01:04:18
2021-09-23 16:50:20,2021-09-23 16:50:20,BP_Unlabeled,annotator,Behavioral Parameters,2021-09-23 01:04:18,2021-09-23 01:04:18
2021-09-23 16:51:05,2021-09-23 16:52:58,BP_Unlabeled,annotator,Behavioral Parameters,2021-09-23 01:05:03,2021-09-23 01:06:56
2021-09-23 16:52:59,2021-09-23 16:55:10,BP_Unlabeled,annotator,Behavioral Parameters,2021-09-23 01:06:57,2021-09-23 01:09:08
2021-09-23 16:55:12,2021-09-23 16:55:43,BP_Unlabeled,annotator,Behavioral Parameters,2021-09-23 01:09:10,2021-09-23 01:09:41
2021-09-23 16:55:45,2021-09-23 16:58:26,Texting/Browsing_Phone,annotator,Behavioral Parameters,2021-09-23 01:09:43,2021-09-23 01:12:24
2021-09-23 17:01:03,2021-09-23 17:01:17,Texting/Browsing_Phone,annotator,Behavioral Parameters,2021-09-23 01:15:01,2021-09-23 01:15:15
2021-09-23 17:01:30,2021-09-23 17:01:39,Texting/Browsing_Phone,annotator,Behavioral Parameters,2021-09-23 01:15:28,2021-09-23 01:15:37
2021-09-23 17:01:41,2021-09-23 17:04:17,BP_Unlabeled,annotator,Behavioral Parameters,2021-09-23 01:15:39,2021-09-23 01:18:15
2021-09-23 17:04:19,2021-09-23 17:04:27,Legs_Uncrossed, Texting/Browsing_Phone,annotator,Behavioral Parameters,2021-09-23 01:18:17,2021-09-23 01:18:25
2021-09-23 17:04:36,2021-09-23 17:04:38,BP_Unlabeled,annotator,Behavioral Parameters,2021-09-23 01:18:34,2021-09-23 01:18:36
2021-09-23 17:04:41,2021-09-23 17:04:51,Texting/Browsing_Phone,annotator,Behavioral Parameters,2021-09-23 01:18:39,2021-09-23 01:18:49
2021-09-23 17:04:52,2021-09-23 17:04:53,BP_Unlabeled,annotator,Behavioral Parameters,2021-09-23 01:18:50,2021-09-23 01:18:51
2021-09-23 17:05:01,2021-09-23 17:05:23,Texting/Browsing_Phone,annotator,Behavioral Parameters,2021-09-23 01:18:59,2021-09-23 01:19:21
2021-09-23 17:05:25,2021-09-23 17:05:34,Holding_Other_Object_Light,annotator,Behavioral Parameters,2021-09-23 01:19:23,2021-09-23 01:19:32
2021-09-23 17:05:36,2021-09-23 17:06:47,Texting/Browsing_Phone,annotator,Behavioral Parameters,2021-09-23 01:19:34,2021-09-23 01:20:45
2021-09-23 17:06:49,2021-09-23 17:07:38,Legs_Uncrossed,annotator,Behavioral Parameters,2021-09-23 01:20:47,2021-09-23 01:21:36
2021-09-23 17:07:38,2021-09-23 17:07:45,BP_Unlabeled,annotator,Behavioral Parameters,2021-09-23 01:21:36,2021-09-23 01:21:43
2021-09-23 17:07:45,2021-09-23 17:09:21,BP_Unlabeled,annotator,Behavioral Parameters,2021-09-23 01:21:43,2021-09-23 01:23:19
2021-09-23 17:09:22,2021-09-23 17:09:28,BP_Unlabeled,annotator,Behavioral Parameters,2021-09-23 01:23:20,2021-09-23 01:23:26
2021-09-23 17:09:28,2021-09-23 17:10:41,BP_Unlabeled,annotator,Behavioral Parameters,2021-09-23 01:23:26,2021-09-23 01:24:39
2021-09-23 17:10:42,2021-09-23 17:13:06,BP_Unlabeled,annotator,Behavioral Parameters,2021-09-23 01:24:40,2021-09-23 01:27:04
2021-09-23 17:13:07,2021-09-23 17:13:15,BP_Unlabeled,annotator,Behavioral Parameters,2021-09-23 01:27:05,2021-09-23 01:27:13
2021-09-23 17:13:17,2021-09-23 17:19:21,BP_Unlabeled,annotator,Behavioral Parameters,2021-09-23 01:27:15,2021-09-23 01:33:19
2021-09-23 17:19:24,2021-09-23 17:19:25,BP_Unlabeled,annotator,Behavioral Parameters,2021-09-23 01:33:22,2021-09-23 01:33:23
2021-09-23 17:19:26,2021-09-23 17:20:08,BP_Unlabeled,annotator,Behavioral Parameters,2021-09-23 01:33:24,2021-09-23 01:34:06
2021-09-23 17:20:11,2021-09-23 17:20:18,BP_Unlabeled,annotator,Behavioral Parameters,2021-09-23 01:34:09,2021-09-23 01:34:16
2021-09-23 17:20:19,2021-09-23 17:20:28,BP_Unlabeled,annotator,Behavioral Parameters,2021-09-23 01:34:17,2021-09-23 01:34:26
2021-09-23 17:20:29,2021-09-23 17:20:38,BP_Unlabeled, Holding_Other_Object_Light,annotator,Behavioral Parameters,2021-09-23 01:34:27,2021-09-23 01:34:36
2021-09-23 17:20:38,2021-09-23 17:20:53,BP_Unlabeled,annotator,Behavioral Parameters,2021-09-23 01:34:36,2021-09-23 01:34:51
2021-09-23 17:20:54,2021-09-23 17:21:17,BP_Unlabeled,annotator,Behavioral Parameters,2021-09-23 01:34:52,2021-09-23 01:35:15
2021-09-23 17:21:18,2021-09-23 17:21:25,BP_Unlabeled,annotator,Behavioral Parameters,2021-09-23 01:35:16,2021-09-23 01:35:23
2021-09-23 17:21:25,2021-09-23 17:21:30,BP_Unlabeled,annotator,Behavioral Parameters,2021-09-23 01:35:23,2021-09-23 01:35:28
2021-09-23 17:21:31,2021-09-23 17:22:43,BP_Unlabeled,annotator,Behavioral Parameters,2021-09-23 01:35:29,2021-09-23 01:36:41
2021-09-23 17:22:46,2021-09-23 17:22:54,BP_Unlabeled,annotator,Behavioral Parameters,2021-09-23 01:36:44,2021-09-23 01:36:52
2021-09-23 17:22:55,2021-09-23 17:22:58,BP_Unlabeled,annotator,Behavioral Parameters,2021-09-23 01:36:53,2021-09-23 01:36:56
2021-09-23 17:22:58,2021-09-23 17:23:06,BP_Unlabeled,annotator,Behavioral Parameters,2021-09-23 01:36:56,2021-09-23 01:37:04
2021-09-23 17:23:06,2021-09-23 17:23:12,BP_Unlabeled,annotator,Behavioral Parameters,2021-09-23 01:37:04,2021-09-23 01:37:10
2021-09-23 17:23:14,2021-09-23 17:23:18,BP_Unlabeled,annotator,Behavioral Parameters,2021-09-23 01:37:12,2021-09-23 01:37:16
2021-09-23 17:23:18,2021-09-23 17:23:31,BP_Unlabeled,annotator,Behavioral Parameters,2021-09-23 01:37:16,2021-09-23 01:37:29
2021-09-23 17:23:33,2021-09-23 17:24:24,Holding_Other_Object_Light,annotator,Behavioral Parameters,2021-09-23 01:37:31,2021-09-23 01:38:22
2021-09-23 17:24:25,2021-09-23 17:24:30,BP_Unlabeled,annotator,Behavioral Parameters,2021-09-23 01:38:23,2021-09-23 01:38:28
2021-09-23 17:24:31,2021-09-23 17:25:22,BP_Unlabeled,annotator,Behavioral Parameters,2021-09-23 01:38:29,2021-09-23 01:39:20
2021-09-23 17:25:23,2021-09-23 17:25:29,BP_Unlabeled,annotator,Behavioral Parameters,2021-09-23 01:39:21,2021-09-23 01:39:27
2021-09-23 17:25:29,2021-09-23 17:27:02,BP_Unlabeled,annotator,Behavioral Parameters,2021-09-23 01:39:27,2021-09-23 01:41:00
2021-09-23 17:27:03,2021-09-23 17:27:10,BP_Unlabeled,annotator,Behavioral Parameters,2021-09-23 01:41:01,2021-09-23 01:41:08
2021-09-23 17:27:10,2021-09-23 17:27:26,BP_Unlabeled,annotator,Behavioral Parameters,2021-09-23 01:41:08,2021-09-23 01:41:24
2021-09-23 17:27:27,2021-09-23 17:27:36,BP_Unlabeled,annotator,Behavioral Parameters,2021-09-23 01:41:25,2021-09-23 01:41:34
2021-09-23 17:27:36,2021-09-23 17:28:04,BP_Unlabeled,annotator,Behavioral Parameters,2021-09-23 01:41:34,2021-09-23 01:42:02
2021-09-23 17:28:04,2021-09-23 17:28:18,BP_Unlabeled,annotator,Behavioral Parameters,2021-09-23 01:42:02,2021-09-23 01:42:16
2021-09-23 17:28:19,2021-09-23 17:28:23,BP_Unlabeled,annotator,Behavioral Parameters,2021-09-23 01:42:17,2021-09-23 01:42:21
2021-09-23 17:28:24,2021-09-23 17:28:31,BP_Unlabeled,annotator,Behavioral Parameters,2021-09-23 01:42:22,2021-09-23 01:42:29
2021-09-23 17:28:31,2021-09-23 17:28:44,BP_Unlabeled,annotator,Behavioral Parameters,2021-09-23 01:42:29,2021-09-23 01:42:42
2021-09-23 17:28:46,2021-09-23 17:28:51,BP_Unlabeled,annotator,Behavioral Parameters,2021-09-23 01:42:44,2021-09-23 01:42:49
