{
    "annotations": [
        {
            "id": "a274493a-9643-43b8-b689-dfe48513ba7b",
            "range": {
                "start": 64,
                "end": 64
            },
            "shape": {
                "x1": null,
                "x2": null,
                "y1": null,
                "y2": null
            },
            "comments": [
                {
                    "id": "5fb18b92-c37d-ab86-59e1-4921bd474eff",
                    "meta": {
                        "datetime": "2021-09-24T19:39:02.382Z",
                        "user_id": 2,
                        "user_name": "Harish"
                    },
                    "body": "[{\"category\":\"POSTURE\",\"selectedValue\":\"In_Position_Upright\"},{\"category\":\"HIGH LEVEL BEHAVIOR\",\"selectedValue\":[\"HLB_Indecipherable/Video_Insufficient\"]},{\"category\":\"PA TYPE\",\"selectedValue\":\"Standing_With_Movement\"},{\"category\":\"Behavioral Parameters\",\"selectedValue\":[\"BP_Unlabeled\"]},{\"category\":\"Experimental situation\",\"selectedValue\":\"Lab_Indoors\"}]"
                }
            ]
        },
        {
            "id": "1d2e00e0-05ee-4ae0-89da-a42e982bd141",
            "range": {
                "start": 67,
                "end": 145
            },
            "shape": {
                "x1": null,
                "x2": null,
                "y1": null,
                "y2": null
            },
            "comments": [
                {
                    "id": "14bb451e-525f-1675-342c-7ee0ab07cafe",
                    "meta": {
                        "datetime": "2021-09-24T19:40:24.234Z",
                        "user_id": 2,
                        "user_name": "Harish"
                    },
                    "body": "[{\"category\":\"POSTURE\",\"selectedValue\":\"In_Position_Upright\"},{\"category\":\"HIGH LEVEL BEHAVIOR\",\"selectedValue\":[\"HLB_Indecipherable/Video_Insufficient\"]},{\"category\":\"PA TYPE\",\"selectedValue\":\"Walking\"},{\"category\":\"Behavioral Parameters\",\"selectedValue\":[\"BP_Unlabeled\"]},{\"category\":\"Experimental situation\",\"selectedValue\":\"Lab_Indoors\"}]"
                }
            ]
        },
        {
            "id": "8bf143e3-0638-4a40-9dd0-3bfe7bf931d7",
            "range": {
                "start": 146,
                "end": 155
            },
            "shape": {
                "x1": null,
                "x2": null,
                "y1": null,
                "y2": null
            },
            "comments": [
                {
                    "id": "8e6cce61-e6e8-4d11-9b99-776497603f63",
                    "meta": {
                        "datetime": "2021-09-24T19:43:33.823Z",
                        "user_id": 2,
                        "user_name": "Harish"
                    },
                    "body": "[{\"category\":\"POSTURE\",\"selectedValue\":\"In_Position_Upright\"},{\"category\":\"HIGH LEVEL BEHAVIOR\",\"selectedValue\":[\"HLB_Indecipherable/Video_Insufficient\"]},{\"category\":\"PA TYPE\",\"selectedValue\":\"Standing_Still\"},{\"category\":\"Behavioral Parameters\",\"selectedValue\":[\"BP_Unlabeled\"]},{\"category\":\"Experimental situation\",\"selectedValue\":\"Lab_Indoors\"}]"
                }
            ]
        },
        {
            "id": "b17a1a30-22d7-4f64-8344-2d1bb9d30b17",
            "range": {
                "start": 155,
                "end": 195
            },
            "shape": {
                "x1": null,
                "x2": null,
                "y1": null,
                "y2": null
            },
            "comments": [
                {
                    "id": "a41fa869-4e82-a58c-a83e-cc91b07e1f20",
                    "meta": {
                        "datetime": "2021-09-24T19:43:33.832Z",
                        "user_id": 2,
                        "user_name": "Harish"
                    },
                    "body": "[{\"category\":\"POSTURE\",\"selectedValue\":\"In_Position_Upright\"},{\"category\":\"HIGH LEVEL BEHAVIOR\",\"selectedValue\":[\"HLB_Indecipherable/Video_Insufficient\"]},{\"category\":\"PA TYPE\",\"selectedValue\":\"Walking\"},{\"category\":\"Behavioral Parameters\",\"selectedValue\":[\"BP_Unlabeled\"]},{\"category\":\"Experimental situation\",\"selectedValue\":\"Lab_Indoors\"}]"
                }
            ]
        },
        {
            "id": "5aa7fcdb-86d3-4103-98ca-0a19e228bc40",
            "range": {
                "start": 198,
                "end": 201
            },
            "shape": {
                "x1": null,
                "x2": null,
                "y1": null,
                "y2": null
            },
            "comments": [
                {
                    "id": "3abaf999-b67f-a9a1-e50a-e49fc55a8723",
                    "meta": {
                        "datetime": "2021-09-24T19:43:47.369Z",
                        "user_id": 2,
                        "user_name": "Harish"
                    },
                    "body": "[{\"category\":\"POSTURE\",\"selectedValue\":\"In_Position_Upright\"},{\"category\":\"HIGH LEVEL BEHAVIOR\",\"selectedValue\":[\"HLB_Indecipherable/Video_Insufficient\"]},{\"category\":\"PA TYPE\",\"selectedValue\":\"Standing_Still\"},{\"category\":\"Behavioral Parameters\",\"selectedValue\":[\"BP_Unlabeled\"]},{\"category\":\"Experimental situation\",\"selectedValue\":\"Lab_Indoors\"}]"
                }
            ]
        },
        {
            "id": "3badc7ae-4b09-4dbc-9a46-a7c78b8da5fb",
            "range": {
                "start": 986,
                "end": 989
            },
            "shape": {
                "x1": null,
                "x2": null,
                "y1": null,
                "y2": null
            },
            "comments": [
                {
                    "id": "ccc46142-8b39-bab6-0214-686dad70cfab",
                    "meta": {
                        "datetime": "2021-09-24T19:51:26.952Z",
                        "user_id": 2,
                        "user_name": "Harish"
                    },
                    "body": "[{\"category\":\"POSTURE\",\"selectedValue\":\"In_Position_Upright\"},{\"category\":\"HIGH LEVEL BEHAVIOR\",\"selectedValue\":[\"HLB_Indecipherable/Video_Insufficient\"]},{\"category\":\"PA TYPE\",\"selectedValue\":\"Standing_Still\"},{\"category\":\"Behavioral Parameters\",\"selectedValue\":[\"BP_Unlabeled\"]},{\"category\":\"Experimental situation\",\"selectedValue\":\"Lab_Indoors\"}]"
                }
            ]
        },
        {
            "id": "3618bca1-5c93-4030-a8d1-544e4f1635d6",
            "range": {
                "start": 992,
                "end": 993
            },
            "shape": {
                "x1": null,
                "x2": null,
                "y1": null,
                "y2": null
            },
            "comments": [
                {
                    "id": "6d376c48-d618-c62b-3ba4-6174abf23b97",
                    "meta": {
                        "datetime": "2021-09-24T19:52:05.142Z",
                        "user_id": 2,
                        "user_name": "Harish"
                    },
                    "body": "[{\"category\":\"POSTURE\",\"selectedValue\":\"In_Position_Upright\"},{\"category\":\"HIGH LEVEL BEHAVIOR\",\"selectedValue\":[\"HLB_Indecipherable/Video_Insufficient\"]},{\"category\":\"PA TYPE\",\"selectedValue\":\"Walking\"},{\"category\":\"Behavioral Parameters\",\"selectedValue\":[\"BP_Unlabeled\"]},{\"category\":\"Experimental situation\",\"selectedValue\":\"Lab_Indoors\"}]"
                }
            ]
        },
        {
            "id": "d8dc8e4e-b62f-4bb0-9f60-89fa6948a97b",
            "range": {
                "start": 994,
                "end": 994
            },
            "shape": {
                "x1": null,
                "x2": null,
                "y1": null,
                "y2": null
            },
            "comments": [
                {
                    "id": "28fae455-ff5a-fe9a-58a9-e587d878a415",
                    "meta": {
                        "datetime": "2021-09-24T19:52:26.063Z",
                        "user_id": 2,
                        "user_name": "Harish"
                    },
                    "body": "[{\"category\":\"POSTURE\",\"selectedValue\":\"In_Position_Upright\"},{\"category\":\"HIGH LEVEL BEHAVIOR\",\"selectedValue\":[\"HLB_Indecipherable/Video_Insufficient\"]},{\"category\":\"PA TYPE\",\"selectedValue\":\"Standing_Still\"},{\"category\":\"Behavioral Parameters\",\"selectedValue\":[\"BP_Unlabeled\"]},{\"category\":\"Experimental situation\",\"selectedValue\":\"Lab_Indoors\"}]"
                }
            ]
        },
        {
            "id": "bd929804-81b0-4469-a080-40aa94c158ce",
            "range": {
                "start": 1025,
                "end": 1030
            },
            "shape": {
                "x1": null,
                "x2": null,
                "y1": null,
                "y2": null
            },
            "comments": [
                {
                    "id": "9c8b4d12-c84c-df7c-a760-84bf38917a76",
                    "meta": {
                        "datetime": "2021-09-24T19:53:52.166Z",
                        "user_id": 2,
                        "user_name": "Harish"
                    },
                    "body": "[{\"category\":\"POSTURE\",\"selectedValue\":\"In_Position_Upright\"},{\"category\":\"HIGH LEVEL BEHAVIOR\",\"selectedValue\":[\"HLB_Indecipherable/Video_Insufficient\"]},{\"category\":\"PA TYPE\",\"selectedValue\":\"Walking\"},{\"category\":\"Behavioral Parameters\",\"selectedValue\":[\"BP_Unlabeled\"]},{\"category\":\"Experimental situation\",\"selectedValue\":\"Lab_Indoors\"}]"
                }
            ]
        },
        {
            "id": "fa61ea5f-b428-4903-bac6-bb7265281d24",
            "range": {
                "start": 1032,
                "end": 1032
            },
            "shape": {
                "x1": null,
                "x2": null,
                "y1": null,
                "y2": null
            },
            "comments": [
                {
                    "id": "aff7c80a-610d-89d9-be91-166a2341e0a2",
                    "meta": {
                        "datetime": "2021-09-24T19:54:22.047Z",
                        "user_id": 2,
                        "user_name": "Harish"
                    },
                    "body": "[{\"category\":\"POSTURE\",\"selectedValue\":\"In_Position_Sitting\"},{\"category\":\"HIGH LEVEL BEHAVIOR\",\"selectedValue\":[\"HLB_Indecipherable/Video_Insufficient\"]},{\"category\":\"PA TYPE\",\"selectedValue\":\"Sitting_Still\"},{\"category\":\"Behavioral Parameters\",\"selectedValue\":[\"BP_Unlabeled\"]},{\"category\":\"Experimental situation\",\"selectedValue\":\"Lab_Indoors\"}]"
                }
            ]
        },
        {
            "id": "28d834f5-6822-4a77-8aae-34be31dda03d",
            "range": {
                "start": 1035,
                "end": 1039
            },
            "shape": {
                "x1": null,
                "x2": null,
                "y1": null,
                "y2": null
            },
            "comments": [
                {
                    "id": "e53ef08a-7d3e-58cc-c37f-d216feb6fe9a",
                    "meta": {
                        "datetime": "2021-09-24T19:54:43.926Z",
                        "user_id": 2,
                        "user_name": "Harish"
                    },
                    "body": "[{\"category\":\"POSTURE\",\"selectedValue\":\"In_Position_Sitting\"},{\"category\":\"HIGH LEVEL BEHAVIOR\",\"selectedValue\":[\"HLB_Indecipherable/Video_Insufficient\"]},{\"category\":\"PA TYPE\",\"selectedValue\":\"Sitting_Still\"},{\"category\":\"Behavioral Parameters\",\"selectedValue\":[\"BP_Unlabeled\"]},{\"category\":\"Experimental situation\",\"selectedValue\":\"Lab_Indoors\"}]"
                }
            ]
        },
        {
            "id": "a4734a4a-727c-4641-ac73-192d43c15210",
            "range": {
                "start": 3857,
                "end": 3902
            },
            "shape": {
                "x1": null,
                "x2": null,
                "y1": null,
                "y2": null
            },
            "comments": [
                {
                    "id": "0bdd60ec-5a9f-00ae-a288-731c45578a89",
                    "meta": {
                        "datetime": "2021-09-24T20:01:40.662Z",
                        "user_id": 2,
                        "user_name": "Harish"
                    },
                    "body": "[{\"category\":\"POSTURE\",\"selectedValue\":\"In_Position_Upright\"},{\"category\":\"HIGH LEVEL BEHAVIOR\",\"selectedValue\":[\"HLB_Indecipherable/Video_Insufficient\"]},{\"category\":\"PA TYPE\",\"selectedValue\":\"Standing_With_Movement\"},{\"category\":\"Behavioral Parameters\",\"selectedValue\":[\"BP_Unlabeled\"]},{\"category\":\"Experimental situation\",\"selectedValue\":\"Lab_Indoors\"}]"
                }
            ]
        },
        {
            "id": "bbe7331a-0e96-4350-81d2-5a7fdff0f61e",
            "range": {
                "start": 3858,
                "end": 3858
            },
            "shape": {
                "x1": null,
                "x2": null,
                "y1": null,
                "y2": null
            },
            "comments": [
                {
                    "id": "fc61bae3-eb67-a9e7-39f4-baf93f8e3481",
                    "meta": {
                        "datetime": "2021-09-24T20:00:54.917Z",
                        "user_id": 2,
                        "user_name": "Harish"
                    },
                    "body": "[{\"category\":\"POSTURE\",\"selectedValue\":\"In_Position_Upright\"},{\"category\":\"HIGH LEVEL BEHAVIOR\",\"selectedValue\":[\"HLB_Indecipherable/Video_Insufficient\"]},{\"category\":\"PA TYPE\",\"selectedValue\":\"Standing_With_Movement\"},{\"category\":\"Behavioral Parameters\",\"selectedValue\":[\"BP_Unlabeled\"]},{\"category\":\"Experimental situation\",\"selectedValue\":\"Lab_Indoors\"}]"
                }
            ]
        },
        {
            "id": "18184060-f851-4b47-9fc6-f7a5e8c390e6",
            "range": {
                "start": 3858,
                "end": 3858
            },
            "shape": {
                "x1": null,
                "x2": null,
                "y1": null,
                "y2": null
            },
            "comments": [
                {
                    "id": "cec0f06a-a10b-c741-934d-e6baf6e90c45",
                    "meta": {
                        "datetime": "2021-09-24T20:00:03.158Z",
                        "user_id": 2,
                        "user_name": "Harish"
                    },
                    "body": "[{\"category\":\"POSTURE\",\"selectedValue\":\"In_Position_Upright\"},{\"category\":\"HIGH LEVEL BEHAVIOR\",\"selectedValue\":[\"HLB_Indecipherable/Video_Insufficient\"]},{\"category\":\"PA TYPE\",\"selectedValue\":\"Standing_With_Movement\"},{\"category\":\"Behavioral Parameters\",\"selectedValue\":[\"BP_Unlabeled\"]},{\"category\":\"Experimental situation\",\"selectedValue\":\"Lab_Indoors\"}]"
                }
            ]
        },
        {
            "id": "ed96ad11-3378-4d7f-b9c5-195d4c2f5211",
            "range": {
                "start": 3858,
                "end": 3858
            },
            "shape": {
                "x1": null,
                "x2": null,
                "y1": null,
                "y2": null
            },
            "comments": [
                {
                    "id": "6cc90173-dc77-3b0b-10eb-f3dda839481d",
                    "meta": {
                        "datetime": "2021-09-24T20:00:47.981Z",
                        "user_id": 2,
                        "user_name": "Harish"
                    },
                    "body": "[{\"category\":\"POSTURE\",\"selectedValue\":\"In_Position_Upright\"},{\"category\":\"HIGH LEVEL BEHAVIOR\",\"selectedValue\":[\"HLB_Indecipherable/Video_Insufficient\"]},{\"category\":\"PA TYPE\",\"selectedValue\":\"Standing_With_Movement\"},{\"category\":\"Behavioral Parameters\",\"selectedValue\":[\"BP_Unlabeled\"]},{\"category\":\"Experimental situation\",\"selectedValue\":\"Lab_Indoors\"}]"
                }
            ]
        },
        {
            "id": "b5aece25-cffa-4189-913e-0dbfac653e0e",
            "range": {
                "start": 3903,
                "end": 4016
            },
            "shape": {
                "x1": null,
                "x2": null,
                "y1": null,
                "y2": null
            },
            "comments": [
                {
                    "id": "6404cf54-1efa-0108-ac9a-282b0a278e17",
                    "meta": {
                        "datetime": "2021-09-24T20:04:01.590Z",
                        "user_id": 2,
                        "user_name": "Harish"
                    },
                    "body": "[{\"category\":\"POSTURE\",\"selectedValue\":\"In_Position_Sitting\"},{\"category\":\"HIGH LEVEL BEHAVIOR\",\"selectedValue\":[\"HLB_Indecipherable/Video_Insufficient\"]},{\"category\":\"PA TYPE\",\"selectedValue\":\"Sitting_With_Movement\"},{\"category\":\"Behavioral Parameters\",\"selectedValue\":[\"BP_Unlabeled\"]},{\"category\":\"Experimental situation\",\"selectedValue\":\"Lab_Indoors\"}]"
                }
            ]
        },
        {
            "id": "5cf6e2b4-146f-46d7-b25c-2c7697a4e0ab",
            "range": {
                "start": 4017,
                "end": 4148
            },
            "shape": {
                "x1": null,
                "x2": null,
                "y1": null,
                "y2": null
            },
            "comments": [
                {
                    "id": "0cd8cc8f-20e7-6ce1-01c4-970c641b003b",
                    "meta": {
                        "datetime": "2021-09-24T20:04:21.851Z",
                        "user_id": 2,
                        "user_name": "Harish"
                    },
                    "body": "[{\"category\":\"POSTURE\",\"selectedValue\":\"In_Position_Upright\"},{\"category\":\"HIGH LEVEL BEHAVIOR\",\"selectedValue\":[\"HLB_Indecipherable/Video_Insufficient\"]},{\"category\":\"PA TYPE\",\"selectedValue\":\"Standing_With_Movement\"},{\"category\":\"Behavioral Parameters\",\"selectedValue\":[\"BP_Unlabeled\"]},{\"category\":\"Experimental situation\",\"selectedValue\":\"Lab_Indoors\"}]"
                }
            ]
        },
        {
            "id": "09140aad-6fc8-4b2c-83cb-85dfe5fb2135",
            "range": {
                "start": 4150,
                "end": 4181
            },
            "shape": {
                "x1": null,
                "x2": null,
                "y1": null,
                "y2": null
            },
            "comments": [
                {
                    "id": "8eb9f615-608b-b10a-68b4-841551e60f6d",
                    "meta": {
                        "datetime": "2021-09-24T20:04:44.550Z",
                        "user_id": 2,
                        "user_name": "Harish"
                    },
                    "body": "[{\"category\":\"POSTURE\",\"selectedValue\":\"In_Position_Sitting\"},{\"category\":\"HIGH LEVEL BEHAVIOR\",\"selectedValue\":[\"HLB_Indecipherable/Video_Insufficient\"]},{\"category\":\"PA TYPE\",\"selectedValue\":\"Sitting_With_Movement\"},{\"category\":\"Behavioral Parameters\",\"selectedValue\":[\"BP_Unlabeled\"]},{\"category\":\"Experimental situation\",\"selectedValue\":\"Lab_Indoors\"}]"
                }
            ]
        },
        {
            "id": "3f9cf59e-c3b0-499a-88bf-e318f647b9ab",
            "range": {
                "start": 4183,
                "end": 4344
            },
            "shape": {
                "x1": null,
                "x2": null,
                "y1": null,
                "y2": null
            },
            "comments": [
                {
                    "id": "a73212b5-2322-d73a-0ba9-02c4ecbe7199",
                    "meta": {
                        "datetime": "2021-09-24T20:06:08.403Z",
                        "user_id": 2,
                        "user_name": "Harish"
                    },
                    "body": "[{\"category\":\"POSTURE\",\"selectedValue\":\"In_Position_Sitting\"},{\"category\":\"HIGH LEVEL BEHAVIOR\",\"selectedValue\":[\"Using_Computer/Screen\"]},{\"category\":\"PA TYPE\",\"selectedValue\":\"Sitting_With_Movement\"},{\"category\":\"Behavioral Parameters\",\"selectedValue\":[\"Texting/Browsing_Phone\"]},{\"category\":\"Experimental situation\",\"selectedValue\":\"Lab_Indoors\"}]"
                }
            ]
        },
        {
            "id": "1308a1e6-9d04-473b-9f20-191bf3682dd4",
            "range": {
                "start": 4501,
                "end": 4515
            },
            "shape": {
                "x1": null,
                "x2": null,
                "y1": null,
                "y2": null
            },
            "comments": [
                {
                    "id": "dd77789f-6b07-a0b2-0093-17fbc14d36f7",
                    "meta": {
                        "datetime": "2021-09-24T20:07:51.540Z",
                        "user_id": 2,
                        "user_name": "Harish"
                    },
                    "body": "[{\"category\":\"POSTURE\",\"selectedValue\":\"In_Position_Sitting\"},{\"category\":\"HIGH LEVEL BEHAVIOR\",\"selectedValue\":[\"Using_Computer/Screen\"]},{\"category\":\"PA TYPE\",\"selectedValue\":\"Sitting_With_Movement\"},{\"category\":\"Behavioral Parameters\",\"selectedValue\":[\"Texting/Browsing_Phone\"]},{\"category\":\"Experimental situation\",\"selectedValue\":\"Lab_Indoors\"}]"
                }
            ]
        },
        {
            "id": "3fece4d7-8c68-4f59-9d0d-8ef62cb6f4e3",
            "range": {
                "start": 4528,
                "end": 4537
            },
            "shape": {
                "x1": null,
                "x2": null,
                "y1": null,
                "y2": null
            },
            "comments": [
                {
                    "id": "4bbfa429-5c05-0e78-7452-d206215681f6",
                    "meta": {
                        "datetime": "2021-09-24T20:08:05.397Z",
                        "user_id": 2,
                        "user_name": "Harish"
                    },
                    "body": "[{\"category\":\"POSTURE\",\"selectedValue\":\"In_Position_Sitting\"},{\"category\":\"HIGH LEVEL BEHAVIOR\",\"selectedValue\":[\"Using_Computer/Screen\"]},{\"category\":\"PA TYPE\",\"selectedValue\":\"Sitting_With_Movement\"},{\"category\":\"Behavioral Parameters\",\"selectedValue\":[\"Texting/Browsing_Phone\"]},{\"category\":\"Experimental situation\",\"selectedValue\":\"Lab_Indoors\"}]"
                }
            ]
        },
        {
            "id": "1da7c4b6-5a53-496b-967d-b2a120560202",
            "range": {
                "start": 4539,
                "end": 4695
            },
            "shape": {
                "x1": null,
                "x2": null,
                "y1": null,
                "y2": null
            },
            "comments": [
                {
                    "id": "97b7b688-7da4-2064-3145-7ef375de9ea6",
                    "meta": {
                        "datetime": "2021-09-24T20:09:23.988Z",
                        "user_id": 2,
                        "user_name": "Harish"
                    },
                    "body": "[{\"category\":\"POSTURE\",\"selectedValue\":\"In_Position_Sitting\"},{\"category\":\"HIGH LEVEL BEHAVIOR\",\"selectedValue\":[\"HLB_Unlabeled\"]},{\"category\":\"PA TYPE\",\"selectedValue\":\"Sitting_With_Movement\"},{\"category\":\"Behavioral Parameters\",\"selectedValue\":[\"BP_Unlabeled\"]},{\"category\":\"Experimental situation\",\"selectedValue\":\"Lab_Indoors\"}]"
                }
            ]
        },
        {
            "id": "eaa6c1dc-6946-464e-96f7-0dbc7f6b9c40",
            "range": {
                "start": 4697,
                "end": 4705
            },
            "shape": {
                "x1": null,
                "x2": null,
                "y1": null,
                "y2": null
            },
            "comments": [
                {
                    "id": "69e61d47-5c85-9dea-8e92-ca186407bba3",
                    "meta": {
                        "datetime": "2021-09-24T20:09:56.453Z",
                        "user_id": 2,
                        "user_name": "Harish"
                    },
                    "body": "[{\"category\":\"POSTURE\",\"selectedValue\":\"In_Position_Sitting\"},{\"category\":\"HIGH LEVEL BEHAVIOR\",\"selectedValue\":[\"Using_Computer/Screen\"]},{\"category\":\"PA TYPE\",\"selectedValue\":\"Sitting_With_Movement\"},{\"category\":\"Behavioral Parameters\",\"selectedValue\":[\"Legs_Uncrossed\",\"Texting/Browsing_Phone\"]},{\"category\":\"Experimental situation\",\"selectedValue\":\"Lab_Indoors\"}]"
                }
            ]
        },
        {
            "id": "3c6ce175-1a5f-4dde-b9e0-01cab7dcb57c",
            "range": {
                "start": 4714,
                "end": 4716
            },
            "shape": {
                "x1": null,
                "x2": null,
                "y1": null,
                "y2": null
            },
            "comments": [
                {
                    "id": "be155484-ca04-fd47-6556-b10de516d03b",
                    "meta": {
                        "datetime": "2021-09-24T20:10:31.789Z",
                        "user_id": 2,
                        "user_name": "Harish"
                    },
                    "body": "[{\"category\":\"POSTURE\",\"selectedValue\":\"In_Position_Sitting\"},{\"category\":\"HIGH LEVEL BEHAVIOR\",\"selectedValue\":[\"HLB_Unlabeled\"]},{\"category\":\"PA TYPE\",\"selectedValue\":\"Sitting_With_Movement\"},{\"category\":\"Behavioral Parameters\",\"selectedValue\":[\"BP_Unlabeled\"]},{\"category\":\"Experimental situation\",\"selectedValue\":\"Lab_Indoors\"}]"
                }
            ]
        },
        {
            "id": "4a22733e-55cf-4cd6-b8a5-11e2ec4b665d",
            "range": {
                "start": 4719,
                "end": 4729
            },
            "shape": {
                "x1": null,
                "x2": null,
                "y1": null,
                "y2": null
            },
            "comments": [
                {
                    "id": "b33c4ed4-63dd-8f06-296b-7f3e56f3d24b",
                    "meta": {
                        "datetime": "2021-09-24T20:11:02.060Z",
                        "user_id": 2,
                        "user_name": "Harish"
                    },
                    "body": "[{\"category\":\"POSTURE\",\"selectedValue\":\"In_Position_Sitting\"},{\"category\":\"HIGH LEVEL BEHAVIOR\",\"selectedValue\":[\"Using_Computer/Screen\"]},{\"category\":\"PA TYPE\",\"selectedValue\":\"Sitting_With_Movement\"},{\"category\":\"Behavioral Parameters\",\"selectedValue\":[\"Texting/Browsing_Phone\"]},{\"category\":\"Experimental situation\",\"selectedValue\":\"Lab_Indoors\"}]"
                }
            ]
        },
        {
            "id": "8dc15c44-1e69-4bc7-b18a-35776aec77a1",
            "range": {
                "start": 4730,
                "end": 4731
            },
            "shape": {
                "x1": null,
                "x2": null,
                "y1": null,
                "y2": null
            },
            "comments": [
                {
                    "id": "919402c1-cd21-712d-4ad0-679dbf82397a",
                    "meta": {
                        "datetime": "2021-09-24T20:12:19.444Z",
                        "user_id": 2,
                        "user_name": "Harish"
                    },
                    "body": "[{\"category\":\"POSTURE\",\"selectedValue\":\"In_Position_Sitting\"},{\"category\":\"HIGH LEVEL BEHAVIOR\",\"selectedValue\":[\"HLB_Unlabeled\"]},{\"category\":\"PA TYPE\",\"selectedValue\":\"Sitting_With_Movement\"},{\"category\":\"Behavioral Parameters\",\"selectedValue\":[\"BP_Unlabeled\"]},{\"category\":\"Experimental situation\",\"selectedValue\":\"Lab_Indoors\"}]"
                }
            ]
        },
        {
            "id": "a11a6f84-9b49-484c-940e-4dc9ae6fe3a3",
            "range": {
                "start": 4739,
                "end": 4761
            },
            "shape": {
                "x1": null,
                "x2": null,
                "y1": null,
                "y2": null
            },
            "comments": [
                {
                    "id": "46fdd258-3b6e-bdbb-9eb0-06887b52fad8",
                    "meta": {
                        "datetime": "2021-09-24T20:12:53.565Z",
                        "user_id": 2,
                        "user_name": "Harish"
                    },
                    "body": "[{\"category\":\"POSTURE\",\"selectedValue\":\"In_Position_Sitting\"},{\"category\":\"HIGH LEVEL BEHAVIOR\",\"selectedValue\":[\"Using_Computer/Screen\"]},{\"category\":\"PA TYPE\",\"selectedValue\":\"Sitting_With_Movement\"},{\"category\":\"Behavioral Parameters\",\"selectedValue\":[\"Texting/Browsing_Phone\"]},{\"category\":\"Experimental situation\",\"selectedValue\":\"Lab_Indoors\"}]"
                }
            ]
        },
        {
            "id": "5082a6f3-12eb-46d6-872a-6b957bf2c05a",
            "range": {
                "start": 4763,
                "end": 4772
            },
            "shape": {
                "x1": null,
                "x2": null,
                "y1": null,
                "y2": null
            },
            "comments": [
                {
                    "id": "71715c6c-244a-d043-ff64-e6a175b86c86",
                    "meta": {
                        "datetime": "2021-09-24T20:14:12.205Z",
                        "user_id": 2,
                        "user_name": "Harish"
                    },
                    "body": "[{\"category\":\"POSTURE\",\"selectedValue\":\"In_Position_Upright\"},{\"category\":\"HIGH LEVEL BEHAVIOR\",\"selectedValue\":[\"HLB_Unlabeled\"]},{\"category\":\"PA TYPE\",\"selectedValue\":\"Standing_With_Movement\"},{\"category\":\"Behavioral Parameters\",\"selectedValue\":[\"Holding_Other_Object_Light\"]},{\"category\":\"Experimental situation\",\"selectedValue\":\"Lab_Indoors\"}]"
                }
            ]
        },
        {
            "id": "f7a71474-8daf-4f59-973a-2088576a6d1a",
            "range": {
                "start": 4774,
                "end": 4845
            },
            "shape": {
                "x1": null,
                "x2": null,
                "y1": null,
                "y2": null
            },
            "comments": [
                {
                    "id": "9d263c98-16b5-1ec4-6cb3-8353df98dd71",
                    "meta": {
                        "datetime": "2021-09-24T20:15:31.711Z",
                        "user_id": 2,
                        "user_name": "Harish"
                    },
                    "body": "[{\"category\":\"POSTURE\",\"selectedValue\":\"In_Position_Upright\"},{\"category\":\"HIGH LEVEL BEHAVIOR\",\"selectedValue\":[\"Using_Computer/Screen\"]},{\"category\":\"PA TYPE\",\"selectedValue\":\"Standing_With_Movement\"},{\"category\":\"Behavioral Parameters\",\"selectedValue\":[\"Texting/Browsing_Phone\"]},{\"category\":\"Experimental situation\",\"selectedValue\":\"Lab_Indoors\"}]"
                }
            ]
        },
        {
            "id": "5775f3f6-ec29-4a47-ae10-2850b214525e",
            "range": {
                "start": 4847,
                "end": 4896
            },
            "shape": {
                "x1": null,
                "x2": null,
                "y1": null,
                "y2": null
            },
            "comments": [
                {
                    "id": "0b3326d3-15c4-4df1-34e6-96f438096aac",
                    "meta": {
                        "datetime": "2021-09-24T20:16:16.003Z",
                        "user_id": 2,
                        "user_name": "Harish"
                    },
                    "body": "[{\"category\":\"POSTURE\",\"selectedValue\":\"In_Position_Sitting\"},{\"category\":\"HIGH LEVEL BEHAVIOR\",\"selectedValue\":[\"HLB_Unlabeled\"]},{\"category\":\"PA TYPE\",\"selectedValue\":\"Sitting_With_Movement\"},{\"category\":\"Behavioral Parameters\",\"selectedValue\":[\"Legs_Uncrossed\"]},{\"category\":\"Experimental situation\",\"selectedValue\":\"Lab_Indoors\"}]"
                }
            ]
        },
        {
            "id": "a8c3207a-22e1-4162-a1e8-54e354d5f0fc",
            "range": {
                "start": 4896,
                "end": 4903
            },
            "shape": {
                "x1": null,
                "x2": null,
                "y1": null,
                "y2": null
            },
            "comments": [
                {
                    "id": "4cd14d83-ba0e-32e8-e9cb-f0da44882462",
                    "meta": {
                        "datetime": "2021-09-24T20:17:32.044Z",
                        "user_id": 2,
                        "user_name": "Harish"
                    },
                    "body": "[{\"category\":\"POSTURE\",\"selectedValue\":\"In_Position_Upright\"},{\"category\":\"HIGH LEVEL BEHAVIOR\",\"selectedValue\":[\"HLB_Unlabeled\"]},{\"category\":\"PA TYPE\",\"selectedValue\":\"Walking\"},{\"category\":\"Behavioral Parameters\",\"selectedValue\":[\"BP_Unlabeled\"]},{\"category\":\"Experimental situation\",\"selectedValue\":\"Lab_Indoors\"}]"
                }
            ]
        },
        {
            "id": "dcf5ff8b-ab26-401d-b1fe-ef3bc1aa30ee",
            "range": {
                "start": 4903,
                "end": 4999
            },
            "shape": {
                "x1": null,
                "x2": null,
                "y1": null,
                "y2": null
            },
            "comments": [
                {
                    "id": "871ea2b9-262d-00d1-80c7-6661fe33a5c0",
                    "meta": {
                        "datetime": "2021-09-24T20:18:58.748Z",
                        "user_id": 2,
                        "user_name": "Harish"
                    },
                    "body": "[{\"category\":\"POSTURE\",\"selectedValue\":\"In_Position_Upright\"},{\"category\":\"HIGH LEVEL BEHAVIOR\",\"selectedValue\":[\"HLB_Unlabeled\"]},{\"category\":\"PA TYPE\",\"selectedValue\":\"Standing_With_Movement\"},{\"category\":\"Behavioral Parameters\",\"selectedValue\":[\"BP_Unlabeled\"]},{\"category\":\"Experimental situation\",\"selectedValue\":\"Lab_Indoors\"}]"
                }
            ]
        },
        {
            "id": "06d1ee6a-b0e9-43e0-95f1-a43da62e0f2c",
            "range": {
                "start": 5000,
                "end": 5006
            },
            "shape": {
                "x1": null,
                "x2": null,
                "y1": null,
                "y2": null
            },
            "comments": [
                {
                    "id": "0e27f742-d8ee-7d26-aa27-0dabc4c34af1",
                    "meta": {
                        "datetime": "2021-09-24T20:19:19.417Z",
                        "user_id": 2,
                        "user_name": "Harish"
                    },
                    "body": "[{\"category\":\"POSTURE\",\"selectedValue\":\"In_Position_Upright\"},{\"category\":\"HIGH LEVEL BEHAVIOR\",\"selectedValue\":[\"HLB_Unlabeled\"]},{\"category\":\"PA TYPE\",\"selectedValue\":\"Walking\"},{\"category\":\"Behavioral Parameters\",\"selectedValue\":[\"BP_Unlabeled\"]},{\"category\":\"Experimental situation\",\"selectedValue\":\"Lab_Indoors\"}]"
                }
            ]
        },
        {
            "id": "fd0d9501-fa6c-4239-aa97-b104a9754081",
            "range": {
                "start": 5006,
                "end": 5079
            },
            "shape": {
                "x1": null,
                "x2": null,
                "y1": null,
                "y2": null
            },
            "comments": [
                {
                    "id": "8f317522-9bee-4354-ca99-a395188ecabe",
                    "meta": {
                        "datetime": "2021-09-24T20:20:37.611Z",
                        "user_id": 2,
                        "user_name": "Harish"
                    },
                    "body": "[{\"category\":\"POSTURE\",\"selectedValue\":\"In_Position_Upright\"},{\"category\":\"HIGH LEVEL BEHAVIOR\",\"selectedValue\":[\"HLB_Unlabeled\"]},{\"category\":\"PA TYPE\",\"selectedValue\":\"Standing_With_Movement\"},{\"category\":\"Behavioral Parameters\",\"selectedValue\":[\"BP_Unlabeled\"]},{\"category\":\"Experimental situation\",\"selectedValue\":\"Lab_Indoors\"}]"
                }
            ]
        },
        {
            "id": "0d0b819a-e046-4139-b1d9-e3606812f274",
            "range": {
                "start": 5080,
                "end": 5224
            },
            "shape": {
                "x1": null,
                "x2": null,
                "y1": null,
                "y2": null
            },
            "comments": [
                {
                    "id": "c5b9bdf8-5f4d-0e3b-4880-53a53f855bb1",
                    "meta": {
                        "datetime": "2021-09-24T20:21:29.659Z",
                        "user_id": 2,
                        "user_name": "Harish"
                    },
                    "body": "[{\"category\":\"POSTURE\",\"selectedValue\":\"In_Position_Sitting\"},{\"category\":\"HIGH LEVEL BEHAVIOR\",\"selectedValue\":[\"HLB_Unlabeled\"]},{\"category\":\"PA TYPE\",\"selectedValue\":\"Sitting_With_Movement\"},{\"category\":\"Behavioral Parameters\",\"selectedValue\":[\"BP_Unlabeled\"]},{\"category\":\"Experimental situation\",\"selectedValue\":\"Lab_Indoors\"}]"
                }
            ]
        },
        {
            "id": "abab4ba6-46a5-4a0f-b241-3ab583d93078",
            "range": {
                "start": 5225,
                "end": 5233
            },
            "shape": {
                "x1": null,
                "x2": null,
                "y1": null,
                "y2": null
            },
            "comments": [
                {
                    "id": "2741d51b-da21-cdc0-bd8f-29a0e2d1ad02",
                    "meta": {
                        "datetime": "2021-09-24T20:22:45.934Z",
                        "user_id": 2,
                        "user_name": "Harish"
                    },
                    "body": "[{\"category\":\"POSTURE\",\"selectedValue\":\"In_Position_Upright\"},{\"category\":\"HIGH LEVEL BEHAVIOR\",\"selectedValue\":[\"HLB_Unlabeled\"]},{\"category\":\"PA TYPE\",\"selectedValue\":\"Walking\"},{\"category\":\"Behavioral Parameters\",\"selectedValue\":[\"BP_Unlabeled\"]},{\"category\":\"Experimental situation\",\"selectedValue\":\"Lab_Indoors\"}]"
                }
            ]
        },
        {
            "id": "dda04791-4f08-4332-ab5b-1b4d82b4a310",
            "range": {
                "start": 5235,
                "end": 5599
            },
            "shape": {
                "x1": null,
                "x2": null,
                "y1": null,
                "y2": null
            },
            "comments": [
                {
                    "id": "7da70047-4b3e-7a8e-114d-7b07829cec86",
                    "meta": {
                        "datetime": "2021-09-24T20:24:20.548Z",
                        "user_id": 2,
                        "user_name": "Harish"
                    },
                    "body": "[{\"category\":\"POSTURE\",\"selectedValue\":\"In_Position_Upright\"},{\"category\":\"HIGH LEVEL BEHAVIOR\",\"selectedValue\":[\"HLB_Unlabeled\"]},{\"category\":\"PA TYPE\",\"selectedValue\":\"Standing_With_Movement\"},{\"category\":\"Behavioral Parameters\",\"selectedValue\":[\"BP_Unlabeled\"]},{\"category\":\"Experimental situation\",\"selectedValue\":\"Lab_Indoors\"}]"
                }
            ]
        },
        {
            "id": "4483b9af-c77f-42e5-9f5f-23b05ec593c1",
            "range": {
                "start": 5602,
                "end": 5603
            },
            "shape": {
                "x1": null,
                "x2": null,
                "y1": null,
                "y2": null
            },
            "comments": [
                {
                    "id": "bff088ba-4e14-932f-0259-48d4b965ae39",
                    "meta": {
                        "datetime": "2021-09-24T20:25:14.362Z",
                        "user_id": 2,
                        "user_name": "Harish"
                    },
                    "body": "[{\"category\":\"POSTURE\",\"selectedValue\":\"In_Position_Upright\"},{\"category\":\"HIGH LEVEL BEHAVIOR\",\"selectedValue\":[\"HLB_Unlabeled\"]},{\"category\":\"PA TYPE\",\"selectedValue\":\"Walking\"},{\"category\":\"Behavioral Parameters\",\"selectedValue\":[\"BP_Unlabeled\"]},{\"category\":\"Experimental situation\",\"selectedValue\":\"Lab_Indoors\"}]"
                }
            ]
        },
        {
            "id": "043d0055-dcd7-46d4-a638-393d8fcd7d10",
            "range": {
                "start": 5604,
                "end": 5646
            },
            "shape": {
                "x1": null,
                "x2": null,
                "y1": null,
                "y2": null
            },
            "comments": [
                {
                    "id": "84fc72b2-c765-d51e-814a-f04f736a4e69",
                    "meta": {
                        "datetime": "2021-09-24T20:26:05.053Z",
                        "user_id": 2,
                        "user_name": "Harish"
                    },
                    "body": "[{\"category\":\"POSTURE\",\"selectedValue\":\"In_Position_Upright\"},{\"category\":\"HIGH LEVEL BEHAVIOR\",\"selectedValue\":[\"HLB_Unlabeled\"]},{\"category\":\"PA TYPE\",\"selectedValue\":\"Standing_With_Movement\"},{\"category\":\"Behavioral Parameters\",\"selectedValue\":[\"BP_Unlabeled\"]},{\"category\":\"Experimental situation\",\"selectedValue\":\"Lab_Indoors\"}]"
                }
            ]
        },
        {
            "id": "6a975bd7-5f7a-4f2f-96a5-cf45d7c071ef",
            "range": {
                "start": 5649,
                "end": 5656
            },
            "shape": {
                "x1": null,
                "x2": null,
                "y1": null,
                "y2": null
            },
            "comments": [
                {
                    "id": "23676800-91a2-1cda-4111-46193d150030",
                    "meta": {
                        "datetime": "2021-09-24T20:26:19.385Z",
                        "user_id": 2,
                        "user_name": "Harish"
                    },
                    "body": "[{\"category\":\"POSTURE\",\"selectedValue\":\"In_Position_Upright\"},{\"category\":\"HIGH LEVEL BEHAVIOR\",\"selectedValue\":[\"HLB_Unlabeled\"]},{\"category\":\"PA TYPE\",\"selectedValue\":\"Walking\"},{\"category\":\"Behavioral Parameters\",\"selectedValue\":[\"BP_Unlabeled\"]},{\"category\":\"Experimental situation\",\"selectedValue\":\"Lab_Indoors\"}]"
                }
            ]
        },
        {
            "id": "80f1e800-d727-45ea-a98d-5556e6ada5db",
            "range": {
                "start": 5657,
                "end": 5666
            },
            "shape": {
                "x1": null,
                "x2": null,
                "y1": null,
                "y2": null
            },
            "comments": [
                {
                    "id": "3e5eeb81-ec25-6edf-6f7c-af1c324e7e0b",
                    "meta": {
                        "datetime": "2021-09-24T20:26:37.186Z",
                        "user_id": 2,
                        "user_name": "Harish"
                    },
                    "body": "[{\"category\":\"POSTURE\",\"selectedValue\":\"In_Position_Upright\"},{\"category\":\"HIGH LEVEL BEHAVIOR\",\"selectedValue\":[\"HLB_Unlabeled\"]},{\"category\":\"PA TYPE\",\"selectedValue\":\"Standing_With_Movement\"},{\"category\":\"Behavioral Parameters\",\"selectedValue\":[\"BP_Unlabeled\"]},{\"category\":\"Experimental situation\",\"selectedValue\":\"Lab_Indoors\"}]"
                }
            ]
        },
        {
            "id": "65d313dd-16fa-449c-bb3c-092053104cce",
            "range": {
                "start": 5667,
                "end": 5676
            },
            "shape": {
                "x1": null,
                "x2": null,
                "y1": null,
                "y2": null
            },
            "comments": [
                {
                    "id": "e85906f2-74c3-d861-73ca-228f3f1de60f",
                    "meta": {
                        "datetime": "2021-09-24T20:29:54.680Z",
                        "user_id": 2,
                        "user_name": "Harish"
                    },
                    "body": "[{\"category\":\"POSTURE\",\"selectedValue\":\"In_Position_Upright\"},{\"category\":\"HIGH LEVEL BEHAVIOR\",\"selectedValue\":[\"HLB_Unlabeled\"]},{\"category\":\"PA TYPE\",\"selectedValue\":\"Walking\"},{\"category\":\"Behavioral Parameters\",\"selectedValue\":[\"BP_Unlabeled\",\"Holding_Other_Object_Light\"]},{\"category\":\"Experimental situation\",\"selectedValue\":\"Lab_Indoors\"}]"
                }
            ]
        },
        {
            "id": "4f39c294-5b70-4110-be16-a0a20c21aeb7",
            "range": {
                "start": 5676,
                "end": 5691
            },
            "shape": {
                "x1": null,
                "x2": null,
                "y1": null,
                "y2": null
            },
            "comments": [
                {
                    "id": "4af141b1-87c7-1010-db4b-4921e0ea12d1",
                    "meta": {
                        "datetime": "2021-09-24T20:27:13.851Z",
                        "user_id": 2,
                        "user_name": "Harish"
                    },
                    "body": "[{\"category\":\"POSTURE\",\"selectedValue\":\"In_Position_Upright\"},{\"category\":\"HIGH LEVEL BEHAVIOR\",\"selectedValue\":[\"HLB_Unlabeled\"]},{\"category\":\"PA TYPE\",\"selectedValue\":\"Standing_With_Movement\"},{\"category\":\"Behavioral Parameters\",\"selectedValue\":[\"BP_Unlabeled\"]},{\"category\":\"Experimental situation\",\"selectedValue\":\"Lab_Indoors\"}]"
                }
            ]
        },
        {
            "id": "7071f4ce-9aea-404d-81db-86ec31adba9b",
            "range": {
                "start": 5692,
                "end": 5715
            },
            "shape": {
                "x1": null,
                "x2": null,
                "y1": null,
                "y2": null
            },
            "comments": [
                {
                    "id": "4e80ac41-0657-732e-ef22-62db8153631b",
                    "meta": {
                        "datetime": "2021-09-24T20:27:46.586Z",
                        "user_id": 2,
                        "user_name": "Harish"
                    },
                    "body": "[{\"category\":\"POSTURE\",\"selectedValue\":\"In_Position_Upright\"},{\"category\":\"HIGH LEVEL BEHAVIOR\",\"selectedValue\":[\"HLB_Unlabeled\"]},{\"category\":\"PA TYPE\",\"selectedValue\":\"Walking\"},{\"category\":\"Behavioral Parameters\",\"selectedValue\":[\"BP_Unlabeled\"]},{\"category\":\"Experimental situation\",\"selectedValue\":\"Lab_Indoors\"}]"
                }
            ]
        },
        {
            "id": "6da10048-5989-4871-93fa-0c9112398d4a",
            "range": {
                "start": 5716,
                "end": 5723
            },
            "shape": {
                "x1": null,
                "x2": null,
                "y1": null,
                "y2": null
            },
            "comments": [
                {
                    "id": "bd4d2070-3f5e-873b-786b-d8c417a0c391",
                    "meta": {
                        "datetime": "2021-09-24T20:28:09.265Z",
                        "user_id": 2,
                        "user_name": "Harish"
                    },
                    "body": "[{\"category\":\"POSTURE\",\"selectedValue\":\"In_Position_Upright\"},{\"category\":\"HIGH LEVEL BEHAVIOR\",\"selectedValue\":[\"HLB_Unlabeled\"]},{\"category\":\"PA TYPE\",\"selectedValue\":\"Standing_With_Movement\"},{\"category\":\"Behavioral Parameters\",\"selectedValue\":[\"BP_Unlabeled\"]},{\"category\":\"Experimental situation\",\"selectedValue\":\"Lab_Indoors\"}]"
                }
            ]
        },
        {
            "id": "44fbb81e-157b-4ce5-993d-2ffa2f0bda2a",
            "range": {
                "start": 5723,
                "end": 5728
            },
            "shape": {
                "x1": null,
                "x2": null,
                "y1": null,
                "y2": null
            },
            "comments": [
                {
                    "id": "4ad32b68-41ba-af4c-0b8c-0eaa022655fc",
                    "meta": {
                        "datetime": "2021-09-24T20:30:19.658Z",
                        "user_id": 2,
                        "user_name": "Harish"
                    },
                    "body": "[{\"category\":\"POSTURE\",\"selectedValue\":\"In_Position_Upright\"},{\"category\":\"HIGH LEVEL BEHAVIOR\",\"selectedValue\":[\"HLB_Unlabeled\"]},{\"category\":\"PA TYPE\",\"selectedValue\":\"Walking\"},{\"category\":\"Behavioral Parameters\",\"selectedValue\":[\"BP_Unlabeled\"]},{\"category\":\"Experimental situation\",\"selectedValue\":\"Lab_Indoors\"}]"
                }
            ]
        },
        {
            "id": "cd31660f-946d-41f4-bd0a-2ead211dfa87",
            "range": {
                "start": 5729,
                "end": 5801
            },
            "shape": {
                "x1": null,
                "x2": null,
                "y1": null,
                "y2": null
            },
            "comments": [
                {
                    "id": "ddf1c807-cb41-4730-fa93-b9f42b1be9ae",
                    "meta": {
                        "datetime": "2021-09-24T20:32:58.544Z",
                        "user_id": 2,
                        "user_name": "Harish"
                    },
                    "body": "[{\"category\":\"POSTURE\",\"selectedValue\":\"In_Position_Upright\"},{\"category\":\"HIGH LEVEL BEHAVIOR\",\"selectedValue\":[\"HLB_Unlabeled\"]},{\"category\":\"PA TYPE\",\"selectedValue\":\"Standing_With_Movement\"},{\"category\":\"Behavioral Parameters\",\"selectedValue\":[\"BP_Unlabeled\"]},{\"category\":\"Experimental situation\",\"selectedValue\":\"Lab_Indoors\"}]"
                }
            ]
        },
        {
            "id": "ecb7a5f7-5373-42bf-ac63-b6a97db67cca",
            "range": {
                "start": 5804,
                "end": 5812
            },
            "shape": {
                "x1": null,
                "x2": null,
                "y1": null,
                "y2": null
            },
            "comments": [
                {
                    "id": "cf20cc05-5488-b979-411e-e45ece275d85",
                    "meta": {
                        "datetime": "2021-09-24T20:35:12.080Z",
                        "user_id": 2,
                        "user_name": "Harish"
                    },
                    "body": "[{\"category\":\"POSTURE\",\"selectedValue\":\"In_Position_Upright\"},{\"category\":\"HIGH LEVEL BEHAVIOR\",\"selectedValue\":[\"HLB_Unlabeled\"]},{\"category\":\"PA TYPE\",\"selectedValue\":\"Walking\"},{\"category\":\"Behavioral Parameters\",\"selectedValue\":[\"BP_Unlabeled\"]},{\"category\":\"Experimental situation\",\"selectedValue\":\"Lab_Indoors\"}]"
                }
            ]
        },
        {
            "id": "70c6c315-14c1-46fb-8647-51aee8541104",
            "range": {
                "start": 5813,
                "end": 5816
            },
            "shape": {
                "x1": null,
                "x2": null,
                "y1": null,
                "y2": null
            },
            "comments": [
                {
                    "id": "86fbd292-5e16-22f9-54bf-489b72f9e191",
                    "meta": {
                        "datetime": "2021-09-24T20:35:23.537Z",
                        "user_id": 2,
                        "user_name": "Harish"
                    },
                    "body": "[{\"category\":\"POSTURE\",\"selectedValue\":\"In_Position_Upright\"},{\"category\":\"HIGH LEVEL BEHAVIOR\",\"selectedValue\":[\"HLB_Unlabeled\"]},{\"category\":\"PA TYPE\",\"selectedValue\":\"Standing_With_Movement\"},{\"category\":\"Behavioral Parameters\",\"selectedValue\":[\"BP_Unlabeled\"]},{\"category\":\"Experimental situation\",\"selectedValue\":\"Lab_Indoors\"}]"
                }
            ]
        },
        {
            "id": "7c157e97-6ff1-4a49-a3df-07777cdce4d2",
            "range": {
                "start": 5816,
                "end": 5824
            },
            "shape": {
                "x1": null,
                "x2": null,
                "y1": null,
                "y2": null
            },
            "comments": [
                {
                    "id": "d9edeb0e-db5b-82c1-3781-6c9767a9ef9c",
                    "meta": {
                        "datetime": "2021-09-24T20:35:44.041Z",
                        "user_id": 2,
                        "user_name": "Harish"
                    },
                    "body": "[{\"category\":\"POSTURE\",\"selectedValue\":\"In_Position_Upright\"},{\"category\":\"HIGH LEVEL BEHAVIOR\",\"selectedValue\":[\"HLB_Unlabeled\"]},{\"category\":\"PA TYPE\",\"selectedValue\":\"Walking\"},{\"category\":\"Behavioral Parameters\",\"selectedValue\":[\"BP_Unlabeled\"]},{\"category\":\"Experimental situation\",\"selectedValue\":\"Lab_Indoors\"}]"
                }
            ]
        },
        {
            "id": "8d3eb3a3-396f-44e0-bd85-9c166d7bed3f",
            "range": {
                "start": 5824,
                "end": 5830
            },
            "shape": {
                "x1": null,
                "x2": null,
                "y1": null,
                "y2": null
            },
            "comments": [
                {
                    "id": "2144239d-2211-6e17-e368-343e26e5dc7c",
                    "meta": {
                        "datetime": "2021-09-24T20:35:59.031Z",
                        "user_id": 2,
                        "user_name": "Harish"
                    },
                    "body": "[{\"category\":\"POSTURE\",\"selectedValue\":\"In_Position_Upright\"},{\"category\":\"HIGH LEVEL BEHAVIOR\",\"selectedValue\":[\"HLB_Unlabeled\"]},{\"category\":\"PA TYPE\",\"selectedValue\":\"Standing_With_Movement\"},{\"category\":\"Behavioral Parameters\",\"selectedValue\":[\"BP_Unlabeled\"]},{\"category\":\"Experimental situation\",\"selectedValue\":\"Lab_Indoors\"}]"
                }
            ]
        },
        {
            "id": "cd00ac8e-1993-437d-90c2-10cc951fb1a2",
            "range": {
                "start": 5832,
                "end": 5836
            },
            "shape": {
                "x1": null,
                "x2": null,
                "y1": null,
                "y2": null
            },
            "comments": [
                {
                    "id": "d6a9c9f2-fafb-10a8-e255-9405baa06ec8",
                    "meta": {
                        "datetime": "2021-09-24T20:38:06.836Z",
                        "user_id": 2,
                        "user_name": "Harish"
                    },
                    "body": "[{\"category\":\"POSTURE\",\"selectedValue\":\"In_Position_Upright\"},{\"category\":\"HIGH LEVEL BEHAVIOR\",\"selectedValue\":[\"HLB_Unlabeled\"]},{\"category\":\"PA TYPE\",\"selectedValue\":\"Walking\"},{\"category\":\"Behavioral Parameters\",\"selectedValue\":[\"BP_Unlabeled\"]},{\"category\":\"Experimental situation\",\"selectedValue\":\"Lab_Indoors\"}]"
                }
            ]
        },
        {
            "id": "b7cddce2-5470-4c90-94a2-e4c7c8ec366f",
            "range": {
                "start": 5836,
                "end": 5849
            },
            "shape": {
                "x1": null,
                "x2": null,
                "y1": null,
                "y2": null
            },
            "comments": [
                {
                    "id": "a9b8181a-2632-277b-e700-2979203e955c",
                    "meta": {
                        "datetime": "2021-09-24T20:38:06.876Z",
                        "user_id": 2,
                        "user_name": "Harish"
                    },
                    "body": "[{\"category\":\"POSTURE\",\"selectedValue\":\"In_Position_Upright\"},{\"category\":\"HIGH LEVEL BEHAVIOR\",\"selectedValue\":[\"HLB_Unlabeled\"]},{\"category\":\"PA TYPE\",\"selectedValue\":\"Standing_With_Movement\"},{\"category\":\"Behavioral Parameters\",\"selectedValue\":[\"BP_Unlabeled\"]},{\"category\":\"Experimental situation\",\"selectedValue\":\"Lab_Indoors\"}]"
                }
            ]
        },
        {
            "id": "aaf74c9a-58ce-47ba-ae58-be5436719cfb",
            "range": {
                "start": 5851,
                "end": 5902
            },
            "shape": {
                "x1": null,
                "x2": null,
                "y1": null,
                "y2": null
            },
            "comments": [
                {
                    "id": "18f81aba-a271-5aef-da7d-430f438952fe",
                    "meta": {
                        "datetime": "2021-09-24T20:39:14.816Z",
                        "user_id": 2,
                        "user_name": "Harish"
                    },
                    "body": "[{\"category\":\"POSTURE\",\"selectedValue\":\"In_Position_Upright\"},{\"category\":\"HIGH LEVEL BEHAVIOR\",\"selectedValue\":[\"HLB_Unlabeled\"]},{\"category\":\"PA TYPE\",\"selectedValue\":\"Standing_With_Movement\"},{\"category\":\"Behavioral Parameters\",\"selectedValue\":[\"Holding_Other_Object_Light\"]},{\"category\":\"Experimental situation\",\"selectedValue\":\"Lab_Indoors\"}]"
                }
            ]
        },
        {
            "id": "9a2da11e-cfbf-40ce-a8df-ebf653a524dd",
            "range": {
                "start": 5903,
                "end": 5908
            },
            "shape": {
                "x1": null,
                "x2": null,
                "y1": null,
                "y2": null
            },
            "comments": [
                {
                    "id": "de097c2b-4413-1a49-4c9b-b484a295628b",
                    "meta": {
                        "datetime": "2021-09-24T20:39:49.992Z",
                        "user_id": 2,
                        "user_name": "Harish"
                    },
                    "body": "[{\"category\":\"POSTURE\",\"selectedValue\":\"In_Position_Upright\"},{\"category\":\"HIGH LEVEL BEHAVIOR\",\"selectedValue\":[\"HLB_Unlabeled\"]},{\"category\":\"PA TYPE\",\"selectedValue\":\"Walking\"},{\"category\":\"Behavioral Parameters\",\"selectedValue\":[\"BP_Unlabeled\"]},{\"category\":\"Experimental situation\",\"selectedValue\":\"Lab_Indoors\"}]"
                }
            ]
        },
        {
            "id": "f4de68e0-de93-46a7-b45c-c13ab1fe0696",
            "range": {
                "start": 5909,
                "end": 5960
            },
            "shape": {
                "x1": null,
                "x2": null,
                "y1": null,
                "y2": null
            },
            "comments": [
                {
                    "id": "3cd1adbd-5f92-6779-f738-dbcfa15f9b55",
                    "meta": {
                        "datetime": "2021-09-24T20:40:48.761Z",
                        "user_id": 2,
                        "user_name": "Harish"
                    },
                    "body": "[{\"category\":\"POSTURE\",\"selectedValue\":\"In_Position_Upright\"},{\"category\":\"HIGH LEVEL BEHAVIOR\",\"selectedValue\":[\"HLB_Unlabeled\"]},{\"category\":\"PA TYPE\",\"selectedValue\":\"Standing_With_Movement\"},{\"category\":\"Behavioral Parameters\",\"selectedValue\":[\"BP_Unlabeled\"]},{\"category\":\"Experimental situation\",\"selectedValue\":\"Lab_Indoors\"}]"
                }
            ]
        },
        {
            "id": "f39f97a3-46de-4c5a-b073-0b4790813375",
            "range": {
                "start": 5961,
                "end": 5967
            },
            "shape": {
                "x1": null,
                "x2": null,
                "y1": null,
                "y2": null
            },
            "comments": [
                {
                    "id": "99ff0608-8eca-7611-7318-ac57b773552c",
                    "meta": {
                        "datetime": "2021-09-24T20:41:00.712Z",
                        "user_id": 2,
                        "user_name": "Harish"
                    },
                    "body": "[{\"category\":\"POSTURE\",\"selectedValue\":\"In_Position_Upright\"},{\"category\":\"HIGH LEVEL BEHAVIOR\",\"selectedValue\":[\"HLB_Unlabeled\"]},{\"category\":\"PA TYPE\",\"selectedValue\":\"Walking\"},{\"category\":\"Behavioral Parameters\",\"selectedValue\":[\"BP_Unlabeled\"]},{\"category\":\"Experimental situation\",\"selectedValue\":\"Lab_Indoors\"}]"
                }
            ]
        },
        {
            "id": "3f2b076a-481a-4837-be43-84eb20c99430",
            "range": {
                "start": 5967,
                "end": 6060
            },
            "shape": {
                "x1": null,
                "x2": null,
                "y1": null,
                "y2": null
            },
            "comments": [
                {
                    "id": "d4aa66db-71d7-124b-b4c8-0905dcf89b83",
                    "meta": {
                        "datetime": "2021-09-24T20:43:25.463Z",
                        "user_id": 2,
                        "user_name": "Harish"
                    },
                    "body": "[{\"category\":\"POSTURE\",\"selectedValue\":\"In_Position_Upright\"},{\"category\":\"HIGH LEVEL BEHAVIOR\",\"selectedValue\":[\"HLB_Unlabeled\"]},{\"category\":\"PA TYPE\",\"selectedValue\":\"Standing_With_Movement\"},{\"category\":\"Behavioral Parameters\",\"selectedValue\":[\"BP_Unlabeled\"]},{\"category\":\"Experimental situation\",\"selectedValue\":\"Lab_Indoors\"}]"
                }
            ]
        },
        {
            "id": "61116a56-196c-449d-8135-765e76047b33",
            "range": {
                "start": 6061,
                "end": 6068
            },
            "shape": {
                "x1": null,
                "x2": null,
                "y1": null,
                "y2": null
            },
            "comments": [
                {
                    "id": "4f789518-e167-de16-649b-95d3b6622441",
                    "meta": {
                        "datetime": "2021-09-24T20:43:44.085Z",
                        "user_id": 2,
                        "user_name": "Harish"
                    },
                    "body": "[{\"category\":\"POSTURE\",\"selectedValue\":\"In_Position_Upright\"},{\"category\":\"HIGH LEVEL BEHAVIOR\",\"selectedValue\":[\"HLB_Unlabeled\"]},{\"category\":\"PA TYPE\",\"selectedValue\":\"Walking\"},{\"category\":\"Behavioral Parameters\",\"selectedValue\":[\"BP_Unlabeled\"]},{\"category\":\"Experimental situation\",\"selectedValue\":\"Lab_Indoors\"}]"
                }
            ]
        },
        {
            "id": "d68c834f-4470-4c36-b050-af22d3b5fa2d",
            "range": {
                "start": 6068,
                "end": 6084
            },
            "shape": {
                "x1": null,
                "x2": null,
                "y1": null,
                "y2": null
            },
            "comments": [
                {
                    "id": "40a1ae68-6bc9-7eb0-b97b-8389d7fefad7",
                    "meta": {
                        "datetime": "2021-09-24T20:44:04.895Z",
                        "user_id": 2,
                        "user_name": "Harish"
                    },
                    "body": "[{\"category\":\"POSTURE\",\"selectedValue\":\"In_Position_Upright\"},{\"category\":\"HIGH LEVEL BEHAVIOR\",\"selectedValue\":[\"HLB_Unlabeled\"]},{\"category\":\"PA TYPE\",\"selectedValue\":\"Standing_With_Movement\"},{\"category\":\"Behavioral Parameters\",\"selectedValue\":[\"BP_Unlabeled\"]},{\"category\":\"Experimental situation\",\"selectedValue\":\"Lab_Indoors\"}]"
                }
            ]
        },
        {
            "id": "8e4a32cd-9d67-476d-b105-ed8fc3a12c9c",
            "range": {
                "start": 6085,
                "end": 6094
            },
            "shape": {
                "x1": null,
                "x2": null,
                "y1": null,
                "y2": null
            },
            "comments": [
                {
                    "id": "4ef7028b-203f-f503-3ff8-e66a4221d975",
                    "meta": {
                        "datetime": "2021-09-24T20:44:20.320Z",
                        "user_id": 2,
                        "user_name": "Harish"
                    },
                    "body": "[{\"category\":\"POSTURE\",\"selectedValue\":\"In_Position_Upright\"},{\"category\":\"HIGH LEVEL BEHAVIOR\",\"selectedValue\":[\"HLB_Unlabeled\"]},{\"category\":\"PA TYPE\",\"selectedValue\":\"Walking\"},{\"category\":\"Behavioral Parameters\",\"selectedValue\":[\"BP_Unlabeled\"]},{\"category\":\"Experimental situation\",\"selectedValue\":\"Lab_Indoors\"}]"
                }
            ]
        },
        {
            "id": "14db8b9d-b268-4dfd-8aef-803d953dde60",
            "range": {
                "start": 6094,
                "end": 6122
            },
            "shape": {
                "x1": null,
                "x2": null,
                "y1": null,
                "y2": null
            },
            "comments": [
                {
                    "id": "26164c07-60d5-6a1c-5897-9d95a4803043",
                    "meta": {
                        "datetime": "2021-09-24T20:45:00.480Z",
                        "user_id": 2,
                        "user_name": "Harish"
                    },
                    "body": "[{\"category\":\"POSTURE\",\"selectedValue\":\"In_Position_Upright\"},{\"category\":\"HIGH LEVEL BEHAVIOR\",\"selectedValue\":[\"HLB_Unlabeled\"]},{\"category\":\"PA TYPE\",\"selectedValue\":\"Standing_With_Movement\"},{\"category\":\"Behavioral Parameters\",\"selectedValue\":[\"BP_Unlabeled\"]},{\"category\":\"Experimental situation\",\"selectedValue\":\"Lab_Indoors\"}]"
                }
            ]
        },
        {
            "id": "b96702d9-e590-4d29-ba9d-15e4a88bc34a",
            "range": {
                "start": 6122,
                "end": 6136
            },
            "shape": {
                "x1": null,
                "x2": null,
                "y1": null,
                "y2": null
            },
            "comments": [
                {
                    "id": "761525a9-9432-fe36-8793-c261646aecce",
                    "meta": {
                        "datetime": "2021-09-24T20:46:46.423Z",
                        "user_id": 2,
                        "user_name": "Harish"
                    },
                    "body": "[{\"category\":\"POSTURE\",\"selectedValue\":\"In_Position_Upright\"},{\"category\":\"HIGH LEVEL BEHAVIOR\",\"selectedValue\":[\"HLB_Unlabeled\"]},{\"category\":\"PA TYPE\",\"selectedValue\":\"Walking\"},{\"category\":\"Behavioral Parameters\",\"selectedValue\":[\"BP_Unlabeled\"]},{\"category\":\"Experimental situation\",\"selectedValue\":\"Lab_Indoors\"}]"
                }
            ]
        },
        {
            "id": "26cb9ee7-40fa-4bb4-b3c3-d31b46c2eee3",
            "range": {
                "start": 6137,
                "end": 6141
            },
            "shape": {
                "x1": null,
                "x2": null,
                "y1": null,
                "y2": null
            },
            "comments": [
                {
                    "id": "2d6e967d-3e5c-ebf4-bb4f-66d079979a61",
                    "meta": {
                        "datetime": "2021-09-24T20:47:07.640Z",
                        "user_id": 2,
                        "user_name": "Harish"
                    },
                    "body": "[{\"category\":\"POSTURE\",\"selectedValue\":\"In_Position_Upright\"},{\"category\":\"HIGH LEVEL BEHAVIOR\",\"selectedValue\":[\"HLB_Unlabeled\"]},{\"category\":\"PA TYPE\",\"selectedValue\":\"Standing_Still\"},{\"category\":\"Behavioral Parameters\",\"selectedValue\":[\"BP_Unlabeled\"]},{\"category\":\"Experimental situation\",\"selectedValue\":\"Lab_Indoors\"}]"
                }
            ]
        },
        {
            "id": "0f1b80ed-8ef4-474c-9d35-c096f0fc52fc",
            "range": {
                "start": 6142,
                "end": 6149
            },
            "shape": {
                "x1": null,
                "x2": null,
                "y1": null,
                "y2": null
            },
            "comments": [
                {
                    "id": "81a371ac-271f-70cf-0ce1-2392019766e6",
                    "meta": {
                        "datetime": "2021-09-24T20:47:24.559Z",
                        "user_id": 2,
                        "user_name": "Harish"
                    },
                    "body": "[{\"category\":\"POSTURE\",\"selectedValue\":\"In_Position_Upright\"},{\"category\":\"HIGH LEVEL BEHAVIOR\",\"selectedValue\":[\"HLB_Unlabeled\"]},{\"category\":\"PA TYPE\",\"selectedValue\":\"Walking\"},{\"category\":\"Behavioral Parameters\",\"selectedValue\":[\"BP_Unlabeled\"]},{\"category\":\"Experimental situation\",\"selectedValue\":\"Lab_Indoors\"}]"
                }
            ]
        },
        {
            "id": "38682939-1649-4924-add7-c88998665824",
            "range": {
                "start": 6149,
                "end": 6162
            },
            "shape": {
                "x1": null,
                "x2": null,
                "y1": null,
                "y2": null
            },
            "comments": [
                {
                    "id": "663d5ed1-82a2-3f83-f2e3-2d261c230c2d",
                    "meta": {
                        "datetime": "2021-09-24T20:47:46.272Z",
                        "user_id": 2,
                        "user_name": "Harish"
                    },
                    "body": "[{\"category\":\"POSTURE\",\"selectedValue\":\"In_Position_Upright\"},{\"category\":\"HIGH LEVEL BEHAVIOR\",\"selectedValue\":[\"HLB_Unlabeled\"]},{\"category\":\"PA TYPE\",\"selectedValue\":\"Sitting_With_Movement\"},{\"category\":\"Behavioral Parameters\",\"selectedValue\":[\"BP_Unlabeled\"]},{\"category\":\"Experimental situation\",\"selectedValue\":\"Lab_Indoors\"}]"
                }
            ]
        },
        {
            "id": "b91812b6-f53e-40cb-9fdd-4eb63882327d",
            "range": {
                "start": 6164,
                "end": 6169
            },
            "shape": {
                "x1": null,
                "x2": null,
                "y1": null,
                "y2": null
            },
            "comments": [
                {
                    "id": "7b661498-6f15-3e1a-881b-020b0b77a1be",
                    "meta": {
                        "datetime": "2021-09-24T20:48:04.383Z",
                        "user_id": 2,
                        "user_name": "Harish"
                    },
                    "body": "[{\"category\":\"POSTURE\",\"selectedValue\":\"In_Position_Upright\"},{\"category\":\"HIGH LEVEL BEHAVIOR\",\"selectedValue\":[\"HLB_Unlabeled\"]},{\"category\":\"PA TYPE\",\"selectedValue\":\"Walking\"},{\"category\":\"Behavioral Parameters\",\"selectedValue\":[\"BP_Unlabeled\"]},{\"category\":\"Experimental situation\",\"selectedValue\":\"Lab_Indoors\"}]"
                }
            ]
        }
    ],
    "videoHash": 1584357930
}