START_TIME,STOP_TIME,PREDICTION,SOURCE,LABELSET,VIDEO_START_TIME,VIDEO_END_TIME
2022-06-13 09:29:48,2022-06-13 09:30:15,Located_Indoors,annotator,Behavioral Parameters,2022-06-13 00:00:00,2022-06-13 00:00:27
2022-06-13 09:30:15,2022-06-13 09:32:10,Located_Indoors, Holding_Other_Object_Light,annotator,Behavioral Parameters,2022-06-13 00:00:27,2022-06-13 00:02:22
2022-06-13 09:32:10,2022-06-13 09:32:23,Located_Indoors, Holding_Other_Object_Light, Carrying_Bag_On_Shoulder/Back_Heavy,annotator,Behavioral Parameters,2022-06-13 00:02:22,2022-06-13 00:02:35
2022-06-13 09:32:23,2022-06-13 09:32:28,Located_Indoors, Holding_Other_Object_Light, Carrying_Bag_On_Shoulder/Back_Heavy,annotator,Behavioral Parameters,2022-06-13 00:02:35,2022-06-13 00:02:40
2022-06-13 09:32:28,2022-06-13 09:32:35,Located_Indoors, Carrying_Bag_On_Shoulder/Back_Heavy,annotator,Behavioral Parameters,2022-06-13 00:02:40,2022-06-13 00:02:47
2022-06-13 09:32:35,2022-06-13 09:32:53,Located_Indoors, Carrying_Bag_On_Shoulder/Back_Heavy, Holding_Solid_Food,annotator,Behavioral Parameters,2022-06-13 00:02:47,2022-06-13 00:03:05
2022-06-13 09:32:53,2022-06-13 09:33:12,Located_Indoors, Carrying_Bag_On_Shoulder/Back_Heavy, Holding_Solid_Food,annotator,Behavioral Parameters,2022-06-13 00:03:05,2022-06-13 00:03:24
2022-06-13 09:33:12,2022-06-13 09:33:25,Located_Indoors, Carrying_Bag_On_Shoulder/Back_Heavy, Holding_Solid_Food,annotator,Behavioral Parameters,2022-06-13 00:03:24,2022-06-13 00:03:37
2022-06-13 09:33:25,2022-06-13 09:33:39,Located_Indoors, Carrying_Bag_On_Shoulder/Back_Heavy, Holding_Solid_Food,annotator,Behavioral Parameters,2022-06-13 00:03:37,2022-06-13 00:03:51
2022-06-13 09:33:39,2022-06-13 09:33:54,Located_Indoors, Carrying_Bag_On_Shoulder/Back_Heavy, Holding_Solid_Food,annotator,Behavioral Parameters,2022-06-13 00:03:51,2022-06-13 00:04:06
2022-06-13 09:33:54,2022-06-13 09:34:04,Located_Indoors, Carrying_Bag_On_Shoulder/Back_Heavy, Holding_Solid_Food,annotator,Behavioral Parameters,2022-06-13 00:04:06,2022-06-13 00:04:16
2022-06-13 09:34:04,2022-06-13 09:34:19,Located_Indoors, Carrying_Bag_On_Shoulder/Back_Heavy, Holding_Solid_Food, Holding_Other_Object_Light,annotator,Behavioral Parameters,2022-06-13 00:04:16,2022-06-13 00:04:31
2022-06-13 09:34:19,2022-06-13 09:34:49,Located_Indoors, Carrying_Bag_On_Shoulder/Back_Heavy, Holding_Solid_Food,annotator,Behavioral Parameters,2022-06-13 00:04:31,2022-06-13 00:05:01
2022-06-13 09:34:49,2022-06-13 09:34:55,Located_Indoors, Carrying_Bag_On_Shoulder/Back_Heavy, Holding_Solid_Food,annotator,Behavioral Parameters,2022-06-13 00:05:01,2022-06-13 00:05:07
2022-06-13 09:34:55,2022-06-13 09:35:40,Located_Indoors, Carrying_Bag_On_Shoulder/Back_Heavy, Holding_Other_Object_Light,annotator,Behavioral Parameters,2022-06-13 00:05:07,2022-06-13 00:05:52
2022-06-13 09:35:40,2022-06-13 09:36:00,Located_Indoors, Carrying_Bag_On_Shoulder/Back_Heavy,annotator,Behavioral Parameters,2022-06-13 00:05:52,2022-06-13 00:06:12
2022-06-13 09:36:00,2022-06-13 09:37:53,Located_Indoors, Carrying_Bag_On_Shoulder/Back_Heavy, Holding_Other_Object_Light,annotator,Behavioral Parameters,2022-06-13 00:06:12,2022-06-13 00:08:05
2022-06-13 09:37:53,2022-06-13 09:38:05,Located_Indoors, Carrying_Bag_On_Shoulder/Back_Heavy,annotator,Behavioral Parameters,2022-06-13 00:08:05,2022-06-13 00:08:17
2022-06-13 09:38:05,2022-06-13 09:38:14,Located_Indoors, Carrying_Bag_On_Shoulder/Back_Heavy,annotator,Behavioral Parameters,2022-06-13 00:08:17,2022-06-13 00:08:26
2022-06-13 09:38:14,2022-06-13 09:38:28,Located_Indoors, Carrying_Bag_On_Shoulder/Back_Heavy,annotator,Behavioral Parameters,2022-06-13 00:08:26,2022-06-13 00:08:40
2022-06-13 09:38:28,2022-06-13 09:38:43,Located_Indoors, Carrying_Bag_On_Shoulder/Back_Heavy, Holding_Other_Object_Heavy,annotator,Behavioral Parameters,2022-06-13 00:08:40,2022-06-13 00:08:55
2022-06-13 09:38:43,2022-06-13 09:38:57,Located_Indoors, Carrying_Bag_On_Shoulder/Back_Heavy, Holding_Other_Object_Heavy,annotator,Behavioral Parameters,2022-06-13 00:08:55,2022-06-13 00:09:09
2022-06-13 09:38:57,2022-06-13 09:39:06,Located_Indoors, Carrying_Bag_On_Shoulder/Back_Heavy,annotator,Behavioral Parameters,2022-06-13 00:09:09,2022-06-13 00:09:18
2022-06-13 09:39:06,2022-06-13 09:39:12,Carrying_Bag_On_Shoulder/Back_Heavy, Located_Outdoors,annotator,Behavioral Parameters,2022-06-13 00:09:18,2022-06-13 00:09:24
2022-06-13 09:39:12,2022-06-13 09:39:18,Carrying_Bag_On_Shoulder/Back_Heavy, Located_Outdoors, Holding_Other_Object_Heavy,annotator,Behavioral Parameters,2022-06-13 00:09:24,2022-06-13 00:09:30
2022-06-13 09:39:18,2022-06-13 09:39:21,Carrying_Bag_On_Shoulder/Back_Heavy, Located_Outdoors, Holding_Other_Object_Heavy,annotator,Behavioral Parameters,2022-06-13 00:09:30,2022-06-13 00:09:33
2022-06-13 09:39:21,2022-06-13 09:39:28,Carrying_Bag_On_Shoulder/Back_Heavy, Located_Outdoors, Holding_Other_Object_Heavy,annotator,Behavioral Parameters,2022-06-13 00:09:33,2022-06-13 00:09:40
2022-06-13 09:39:28,2022-06-13 09:39:41,Carrying_Bag_On_Shoulder/Back_Heavy, Located_Outdoors, Holding_Other_Object_Heavy,annotator,Behavioral Parameters,2022-06-13 00:09:40,2022-06-13 00:09:53
2022-06-13 09:39:41,2022-06-13 09:40:50,Carrying_Bag_On_Shoulder/Back_Heavy, Located_Outdoors,annotator,Behavioral Parameters,2022-06-13 00:09:53,2022-06-13 00:11:02
2022-06-13 09:40:50,2022-06-13 09:42:24,Carrying_Bag_On_Shoulder/Back_Heavy, Located_Outdoors, Texting/Browsing_Phone,annotator,Behavioral Parameters,2022-06-13 00:11:02,2022-06-13 00:12:36
2022-06-13 09:42:24,2022-06-13 09:46:09,Carrying_Bag_On_Shoulder/Back_Heavy, Located_Outdoors, Holding_Other_Object_Light,annotator,Behavioral Parameters,2022-06-13 00:12:36,2022-06-13 00:16:21
2022-06-13 09:46:09,2022-06-13 09:46:23,Carrying_Bag_On_Shoulder/Back_Heavy, Located_Outdoors, Holding_Other_Object_Light,annotator,Behavioral Parameters,2022-06-13 00:16:21,2022-06-13 00:16:35
2022-06-13 09:46:23,2022-06-13 09:46:48,Carrying_Bag_On_Shoulder/Back_Heavy, Located_Outdoors, Holding_Other_Object_Light,annotator,Behavioral Parameters,2022-06-13 00:16:35,2022-06-13 00:17:00
2022-06-13 09:46:48,2022-06-13 09:47:16,Carrying_Bag_On_Shoulder/Back_Heavy, Located_Indoors,annotator,Behavioral Parameters,2022-06-13 00:17:00,2022-06-13 00:17:28
2022-06-13 09:47:16,2022-06-13 09:47:22,Carrying_Bag_On_Shoulder/Back_Heavy, Located_Indoors,annotator,Behavioral Parameters,2022-06-13 00:17:28,2022-06-13 00:17:34
2022-06-13 09:47:22,2022-06-13 09:47:30,Carrying_Bag_On_Shoulder/Back_Heavy, Located_Indoors,annotator,Behavioral Parameters,2022-06-13 00:17:34,2022-06-13 00:17:42
2022-06-13 09:47:30,2022-06-13 09:48:04,Carrying_Bag_On_Shoulder/Back_Heavy, Located_Indoors,annotator,Behavioral Parameters,2022-06-13 00:17:42,2022-06-13 00:18:16
2022-06-13 09:48:04,2022-06-13 09:48:22,Carrying_Bag_On_Shoulder/Back_Heavy, Located_Indoors,annotator,Behavioral Parameters,2022-06-13 00:18:16,2022-06-13 00:18:34
2022-06-13 09:48:22,2022-06-13 09:48:31,Located_Indoors,annotator,Behavioral Parameters,2022-06-13 00:18:34,2022-06-13 00:18:43
2022-06-13 09:48:31,2022-06-13 09:49:47,Located_Indoors, Holding_Other_Object_Light,annotator,Behavioral Parameters,2022-06-13 00:18:43,2022-06-13 00:19:59
2022-06-13 09:49:47,2022-06-13 09:49:57,Located_Indoors,annotator,Behavioral Parameters,2022-06-13 00:19:59,2022-06-13 00:20:09
2022-06-13 09:49:57,2022-06-13 09:50:35,Located_Indoors, Holding_Other_Object_Light,annotator,Behavioral Parameters,2022-06-13 00:20:09,2022-06-13 00:20:47
2022-06-13 09:50:35,2022-06-13 09:50:50,Located_Indoors, Holding_Other_Object_Light,annotator,Behavioral Parameters,2022-06-13 00:20:47,2022-06-13 00:21:02
2022-06-13 09:50:50,2022-06-13 09:50:56,Located_Indoors, Texting/Browsing_Phone,annotator,Behavioral Parameters,2022-06-13 00:21:02,2022-06-13 00:21:08
2022-06-13 09:50:56,2022-06-13 09:51:23,Located_Indoors, Holding_Other_Object_Light,annotator,Behavioral Parameters,2022-06-13 00:21:08,2022-06-13 00:21:35
2022-06-13 09:51:23,2022-06-13 09:52:20,Located_Indoors, Texting/Browsing_Phone,annotator,Behavioral Parameters,2022-06-13 00:21:35,2022-06-13 00:22:32
2022-06-13 09:52:20,2022-06-13 09:52:39,Located_Indoors, Holding_Other_Object_Light,annotator,Behavioral Parameters,2022-06-13 00:22:32,2022-06-13 00:22:51
2022-06-13 09:52:39,2022-06-13 09:52:55,Located_Indoors, Texting/Browsing_Phone,annotator,Behavioral Parameters,2022-06-13 00:22:51,2022-06-13 00:23:07
2022-06-13 09:52:55,2022-06-13 09:53:25,Located_Indoors, Holding_Other_Object_Light,annotator,Behavioral Parameters,2022-06-13 00:23:07,2022-06-13 00:23:37
2022-06-13 09:53:25,2022-06-13 09:53:37,Located_Indoors, Holding_Other_Object_Light,annotator,Behavioral Parameters,2022-06-13 00:23:37,2022-06-13 00:23:49
2022-06-13 09:53:37,2022-06-13 09:53:48,Located_Indoors, Texting/Browsing_Phone,annotator,Behavioral Parameters,2022-06-13 00:23:49,2022-06-13 00:24:00
2022-06-13 09:53:48,2022-06-13 09:54:16,Located_Indoors,annotator,Behavioral Parameters,2022-06-13 00:24:00,2022-06-13 00:24:28
2022-06-13 09:54:16,2022-06-13 09:54:26,Located_Indoors, Holding_Other_Object_Light,annotator,Behavioral Parameters,2022-06-13 00:24:28,2022-06-13 00:24:38
2022-06-13 09:54:26,2022-06-13 09:54:32,Located_Indoors, Texting/Browsing_Phone,annotator,Behavioral Parameters,2022-06-13 00:24:38,2022-06-13 00:24:44
2022-06-13 09:54:32,2022-06-13 09:54:37,Located_Indoors, Holding_Other_Object_Light,annotator,Behavioral Parameters,2022-06-13 00:24:44,2022-06-13 00:24:49
2022-06-13 09:54:37,2022-06-13 09:55:04,Located_Indoors, Holding_Other_Object_Light,annotator,Behavioral Parameters,2022-06-13 00:24:49,2022-06-13 00:25:16
2022-06-13 09:55:04,2022-06-13 09:55:36,Located_Indoors, BP_VideoUnavailable/Indecipherable,annotator,Behavioral Parameters,2022-06-13 00:25:16,2022-06-13 00:25:48
2022-06-13 09:55:36,2022-06-13 09:56:30,Located_Indoors, Holding_Other_Object_Light,annotator,Behavioral Parameters,2022-06-13 00:25:48,2022-06-13 00:26:42
2022-06-13 09:56:30,2022-06-13 09:57:00,Located_Indoors,annotator,Behavioral Parameters,2022-06-13 00:26:42,2022-06-13 00:27:12
2022-06-13 09:57:00,2022-06-13 09:58:38,Located_Indoors, Browsing_Computer,annotator,Behavioral Parameters,2022-06-13 00:27:12,2022-06-13 00:28:50
2022-06-13 09:58:38,2022-06-13 09:58:58,Located_Indoors,annotator,Behavioral Parameters,2022-06-13 00:28:50,2022-06-13 00:29:10
2022-06-13 09:58:58,2022-06-13 09:59:44,Located_Indoors, Browsing_Computer,annotator,Behavioral Parameters,2022-06-13 00:29:10,2022-06-13 00:29:56
2022-06-13 09:59:44,2022-06-13 10:00:03,Located_Indoors,annotator,Behavioral Parameters,2022-06-13 00:29:56,2022-06-13 00:30:15
2022-06-13 10:00:03,2022-06-13 10:00:17,Located_Indoors, Browsing_Computer,annotator,Behavioral Parameters,2022-06-13 00:30:15,2022-06-13 00:30:29
2022-06-13 10:00:17,2022-06-13 10:00:26,Located_Indoors,annotator,Behavioral Parameters,2022-06-13 00:30:29,2022-06-13 00:30:38
2022-06-13 10:00:26,2022-06-13 10:00:52,Located_Indoors, Browsing_Computer,annotator,Behavioral Parameters,2022-06-13 00:30:38,2022-06-13 00:31:04
2022-06-13 10:00:52,2022-06-13 10:01:05,Located_Indoors, Typing_Computer,annotator,Behavioral Parameters,2022-06-13 00:31:04,2022-06-13 00:31:17
2022-06-13 10:01:05,2022-06-13 10:02:18,Located_Indoors, Browsing_Computer,annotator,Behavioral Parameters,2022-06-13 00:31:17,2022-06-13 00:32:30
2022-06-13 10:02:18,2022-06-13 10:02:24,Located_Indoors, Holding_Other_Object_Light,annotator,Behavioral Parameters,2022-06-13 00:32:30,2022-06-13 00:32:36
2022-06-13 10:02:24,2022-06-13 10:02:52,Located_Indoors,annotator,Behavioral Parameters,2022-06-13 00:32:36,2022-06-13 00:33:04
2022-06-13 10:02:52,2022-06-13 10:02:56,Located_Indoors, Browsing_Computer,annotator,Behavioral Parameters,2022-06-13 00:33:04,2022-06-13 00:33:08
2022-06-13 10:02:56,2022-06-13 10:03:24,Located_Indoors,annotator,Behavioral Parameters,2022-06-13 00:33:08,2022-06-13 00:33:36
2022-06-13 10:03:24,2022-06-13 10:03:31,Located_Indoors, Browsing_Computer,annotator,Behavioral Parameters,2022-06-13 00:33:36,2022-06-13 00:33:43
2022-06-13 10:03:31,2022-06-13 10:03:49,Located_Indoors,annotator,Behavioral Parameters,2022-06-13 00:33:43,2022-06-13 00:34:01
2022-06-13 10:03:49,2022-06-13 10:03:52,Located_Indoors,annotator,Behavioral Parameters,2022-06-13 00:34:01,2022-06-13 00:34:04
2022-06-13 10:03:49,2022-06-13 10:03:49,Located_Indoors, Holding_Drink,annotator,Behavioral Parameters,2022-06-13 00:34:01,2022-06-13 00:34:01
2022-06-13 10:03:52,2022-06-13 10:04:25,Located_Indoors, Legs_Crossed,annotator,Behavioral Parameters,2022-06-13 00:34:04,2022-06-13 00:34:37
2022-06-13 10:04:25,2022-06-13 10:04:57,Located_Indoors, Legs_Crossed, Browsing_Computer,annotator,Behavioral Parameters,2022-06-13 00:34:37,2022-06-13 00:35:09
2022-06-13 10:04:57,2022-06-13 10:05:23,Located_Indoors, Legs_Crossed,annotator,Behavioral Parameters,2022-06-13 00:35:09,2022-06-13 00:35:35
2022-06-13 10:05:23,2022-06-13 10:06:44,Located_Indoors, Legs_Crossed, Browsing_Computer,annotator,Behavioral Parameters,2022-06-13 00:35:35,2022-06-13 00:36:56
2022-06-13 10:06:44,2022-06-13 10:07:14,Located_Indoors, Legs_Crossed,annotator,Behavioral Parameters,2022-06-13 00:36:56,2022-06-13 00:37:26
2022-06-13 10:07:14,2022-06-13 10:08:07,Located_Indoors, Legs_Crossed, Browsing_Computer,annotator,Behavioral Parameters,2022-06-13 00:37:26,2022-06-13 00:38:19
2022-06-13 10:08:07,2022-06-13 10:08:36,Located_Indoors, Legs_Crossed, Typing_Computer,annotator,Behavioral Parameters,2022-06-13 00:38:19,2022-06-13 00:38:48
2022-06-13 10:08:36,2022-06-13 10:09:17,Located_Indoors, Legs_Crossed, Browsing_Computer,annotator,Behavioral Parameters,2022-06-13 00:38:48,2022-06-13 00:39:29
2022-06-13 10:09:17,2022-06-13 10:11:18,Located_Indoors, Legs_Crossed,annotator,Behavioral Parameters,2022-06-13 00:39:29,2022-06-13 00:41:30
2022-06-13 10:11:18,2022-06-13 10:11:23,Located_Indoors, Legs_Crossed, Browsing_Computer,annotator,Behavioral Parameters,2022-06-13 00:41:30,2022-06-13 00:41:35
2022-06-13 10:11:23,2022-06-13 10:11:38,Located_Indoors, Legs_Crossed,annotator,Behavioral Parameters,2022-06-13 00:41:35,2022-06-13 00:41:50
2022-06-13 10:11:38,2022-06-13 10:12:05,Located_Indoors, Legs_Crossed, Browsing_Computer,annotator,Behavioral Parameters,2022-06-13 00:41:50,2022-06-13 00:42:17
2022-06-13 10:12:05,2022-06-13 10:14:11,Located_Indoors, Legs_Crossed,annotator,Behavioral Parameters,2022-06-13 00:42:17,2022-06-13 00:44:23
2022-06-13 10:14:11,2022-06-13 10:14:28,Located_Indoors, Legs_Crossed, Browsing_Computer,annotator,Behavioral Parameters,2022-06-13 00:44:23,2022-06-13 00:44:40
2022-06-13 10:14:28,2022-06-13 10:15:03,Located_Indoors, Legs_Crossed,annotator,Behavioral Parameters,2022-06-13 00:44:40,2022-06-13 00:45:15
2022-06-13 10:15:03,2022-06-13 10:15:47,Located_Indoors, Legs_Crossed, Texting/Browsing_Phone,annotator,Behavioral Parameters,2022-06-13 00:45:15,2022-06-13 00:45:59
2022-06-13 10:15:47,2022-06-13 10:15:54,Located_Indoors, Legs_Crossed, Holding_Other_Object_Light,annotator,Behavioral Parameters,2022-06-13 00:45:59,2022-06-13 00:46:06
2022-06-13 10:15:54,2022-06-13 10:19:28,Located_Indoors, Legs_Crossed,annotator,Behavioral Parameters,2022-06-13 00:46:06,2022-06-13 00:49:40
2022-06-13 10:19:28,2022-06-13 10:21:32,Located_Indoors, Legs_Crossed, Browsing_Computer,annotator,Behavioral Parameters,2022-06-13 00:49:40,2022-06-13 00:51:44
2022-06-13 10:21:32,2022-06-13 10:21:39,Located_Indoors, Legs_Crossed, Typing_Computer,annotator,Behavioral Parameters,2022-06-13 00:51:44,2022-06-13 00:51:51
2022-06-13 10:21:39,2022-06-13 10:21:48,Located_Indoors, Legs_Crossed, Browsing_Computer,annotator,Behavioral Parameters,2022-06-13 00:51:51,2022-06-13 00:52:00
2022-06-13 10:21:48,2022-06-13 10:23:18,Located_Indoors, Legs_Crossed,annotator,Behavioral Parameters,2022-06-13 00:52:00,2022-06-13 00:53:30
2022-06-13 10:23:18,2022-06-13 10:23:57,Located_Indoors, Legs_Crossed, Holding_Other_Object_Light,annotator,Behavioral Parameters,2022-06-13 00:53:30,2022-06-13 00:54:09
2022-06-13 10:23:57,2022-06-13 10:24:28,Located_Indoors, Legs_Crossed,annotator,Behavioral Parameters,2022-06-13 00:54:09,2022-06-13 00:54:40
2022-06-13 10:24:28,2022-06-13 10:24:59,Located_Indoors, Legs_Crossed, Typing_Computer,annotator,Behavioral Parameters,2022-06-13 00:54:40,2022-06-13 00:55:11
2022-06-13 10:24:59,2022-06-13 10:25:16,Located_Indoors, Legs_Crossed, Browsing_Computer,annotator,Behavioral Parameters,2022-06-13 00:55:11,2022-06-13 00:55:28
2022-06-13 10:25:19,2022-06-13 10:26:06,Located_Indoors,annotator,Behavioral Parameters,2022-06-13 00:55:31,2022-06-13 00:56:18
2022-06-13 10:26:06,2022-06-13 10:31:44,Located_Indoors, Browsing_Computer,annotator,Behavioral Parameters,2022-06-13 00:56:18,2022-06-13 01:01:56
2022-06-13 10:31:44,2022-06-13 10:32:10,Located_Indoors, Holding_Other_Object_Light,annotator,Behavioral Parameters,2022-06-13 01:01:56,2022-06-13 01:02:22
2022-06-13 10:32:10,2022-06-13 10:32:21,Located_Indoors, Browsing_Computer,annotator,Behavioral Parameters,2022-06-13 01:02:22,2022-06-13 01:02:33
2022-06-13 10:32:21,2022-06-13 10:33:31,Located_Indoors,annotator,Behavioral Parameters,2022-06-13 01:02:33,2022-06-13 01:03:43
2022-06-13 10:33:31,2022-06-13 10:33:43,Located_Indoors, Browsing_Computer,annotator,Behavioral Parameters,2022-06-13 01:03:43,2022-06-13 01:03:55
2022-06-13 10:33:43,2022-06-13 10:34:17,Located_Indoors,annotator,Behavioral Parameters,2022-06-13 01:03:55,2022-06-13 01:04:29
2022-06-13 10:34:17,2022-06-13 10:34:43,Located_Indoors, Browsing_Computer,annotator,Behavioral Parameters,2022-06-13 01:04:29,2022-06-13 01:04:55
2022-06-13 10:34:43,2022-06-13 10:35:02,Located_Indoors,annotator,Behavioral Parameters,2022-06-13 01:04:55,2022-06-13 01:05:14
2022-06-13 10:35:02,2022-06-13 10:35:29,Located_Indoors, Browsing_Computer,annotator,Behavioral Parameters,2022-06-13 01:05:14,2022-06-13 01:05:41
2022-06-13 10:35:29,2022-06-13 10:36:23,Located_Indoors, Typing_Computer,annotator,Behavioral Parameters,2022-06-13 01:05:41,2022-06-13 01:06:35
2022-06-13 10:36:23,2022-06-13 10:38:02,Located_Indoors,annotator,Behavioral Parameters,2022-06-13 01:06:35,2022-06-13 01:08:14
2022-06-13 10:38:02,2022-06-13 10:38:10,Located_Indoors, Holding_Other_Object_Light,annotator,Behavioral Parameters,2022-06-13 01:08:14,2022-06-13 01:08:22
2022-06-13 10:38:10,2022-06-13 10:42:32,Located_Indoors, Texting/Browsing_Phone,annotator,Behavioral Parameters,2022-06-13 01:08:22,2022-06-13 01:12:44
2022-06-13 10:42:32,2022-06-13 10:42:43,Located_Indoors, Holding_Other_Object_Light,annotator,Behavioral Parameters,2022-06-13 01:12:44,2022-06-13 01:12:55
2022-06-13 10:42:43,2022-06-13 10:43:11,Located_Indoors, Typing_Computer, Legs_Crossed,annotator,Behavioral Parameters,2022-06-13 01:12:55,2022-06-13 01:13:23
2022-06-13 10:43:11,2022-06-13 10:43:17,Located_Indoors, Legs_Crossed, Browsing_Computer,annotator,Behavioral Parameters,2022-06-13 01:13:23,2022-06-13 01:13:29
2022-06-13 10:43:17,2022-06-13 10:43:29,Located_Indoors, Legs_Crossed, Typing_Computer,annotator,Behavioral Parameters,2022-06-13 01:13:29,2022-06-13 01:13:41
2022-06-13 10:43:29,2022-06-13 10:43:48,Located_Indoors, Legs_Crossed, Browsing_Computer,annotator,Behavioral Parameters,2022-06-13 01:13:41,2022-06-13 01:14:00
2022-06-13 10:43:48,2022-06-13 10:43:59,Located_Indoors, Legs_Crossed,annotator,Behavioral Parameters,2022-06-13 01:14:00,2022-06-13 01:14:11
2022-06-13 10:43:59,2022-06-13 10:44:20,Located_Indoors, Legs_Crossed, Browsing_Computer,annotator,Behavioral Parameters,2022-06-13 01:14:11,2022-06-13 01:14:32
2022-06-13 10:44:20,2022-06-13 10:45:00,Located_Indoors,annotator,Behavioral Parameters,2022-06-13 01:14:32,2022-06-13 01:15:12
2022-06-13 10:45:00,2022-06-13 10:46:46,Located_Indoors,annotator,Behavioral Parameters,2022-06-13 01:15:12,2022-06-13 01:16:58
2022-06-13 10:46:46,2022-06-13 10:46:57,Located_Indoors, Typing_Computer,annotator,Behavioral Parameters,2022-06-13 01:16:58,2022-06-13 01:17:09
2022-06-13 10:46:57,2022-06-13 10:47:41,Located_Indoors,annotator,Behavioral Parameters,2022-06-13 01:17:09,2022-06-13 01:17:53
2022-06-13 10:47:41,2022-06-13 10:48:27,Located_Indoors, Typing_Computer,annotator,Behavioral Parameters,2022-06-13 01:17:53,2022-06-13 01:18:39
2022-06-13 10:48:27,2022-06-13 10:48:33,Located_Indoors,annotator,Behavioral Parameters,2022-06-13 01:18:39,2022-06-13 01:18:45
2022-06-13 10:48:33,2022-06-13 10:48:39,Located_Indoors, Browsing_Computer,annotator,Behavioral Parameters,2022-06-13 01:18:45,2022-06-13 01:18:51
2022-06-13 10:48:39,2022-06-13 10:49:03,Located_Indoors,annotator,Behavioral Parameters,2022-06-13 01:18:51,2022-06-13 01:19:15
2022-06-13 10:49:03,2022-06-13 10:49:16,Located_Indoors, Browsing_Computer,annotator,Behavioral Parameters,2022-06-13 01:19:15,2022-06-13 01:19:28
2022-06-13 10:49:16,2022-06-13 10:49:23,Located_Indoors,annotator,Behavioral Parameters,2022-06-13 01:19:28,2022-06-13 01:19:35
2022-06-13 10:49:23,2022-06-13 10:49:58,Located_Indoors, Holding_Other_Object_Light,annotator,Behavioral Parameters,2022-06-13 01:19:35,2022-06-13 01:20:10
2022-06-13 10:49:58,2022-06-13 10:50:16,Located_Indoors, Holding_Drink,annotator,Behavioral Parameters,2022-06-13 01:20:10,2022-06-13 01:20:28
2022-06-13 10:50:16,2022-06-13 10:50:30,Located_Indoors,annotator,Behavioral Parameters,2022-06-13 01:20:28,2022-06-13 01:20:42
2022-06-13 10:50:30,2022-06-13 10:52:16,Located_Indoors, Texting/Browsing_Phone,annotator,Behavioral Parameters,2022-06-13 01:20:42,2022-06-13 01:22:28
2022-06-13 10:52:16,2022-06-13 10:54:18,Located_Indoors,annotator,Behavioral Parameters,2022-06-13 01:22:28,2022-06-13 01:24:30
2022-06-13 10:54:18,2022-06-13 10:55:00,Located_Indoors, Browsing_Computer,annotator,Behavioral Parameters,2022-06-13 01:24:30,2022-06-13 01:25:12
2022-06-13 10:55:00,2022-06-13 10:55:16,Located_Indoors,annotator,Behavioral Parameters,2022-06-13 01:25:12,2022-06-13 01:25:28
2022-06-13 10:55:16,2022-06-13 10:55:48,Located_Indoors, Browsing_Computer,annotator,Behavioral Parameters,2022-06-13 01:25:28,2022-06-13 01:26:00
2022-06-13 10:55:48,2022-06-13 10:56:09,Located_Indoors,annotator,Behavioral Parameters,2022-06-13 01:26:00,2022-06-13 01:26:21
2022-06-13 10:56:09,2022-06-13 10:56:26,Located_Indoors, Browsing_Computer,annotator,Behavioral Parameters,2022-06-13 01:26:21,2022-06-13 01:26:38
2022-06-13 10:56:26,2022-06-13 10:56:42,Located_Indoors,annotator,Behavioral Parameters,2022-06-13 01:26:38,2022-06-13 01:26:54
2022-06-13 10:56:42,2022-06-13 10:57:17,Located_Indoors, Browsing_Computer,annotator,Behavioral Parameters,2022-06-13 01:26:54,2022-06-13 01:27:29
2022-06-13 10:57:17,2022-06-13 10:57:25,Located_Indoors, Legs_Crossed,annotator,Behavioral Parameters,2022-06-13 01:27:29,2022-06-13 01:27:37
2022-06-13 10:57:25,2022-06-13 11:05:34,Located_Indoors, Legs_Crossed, Browsing_Computer,annotator,Behavioral Parameters,2022-06-13 01:27:37,2022-06-13 01:35:46
2022-06-13 11:05:34,2022-06-13 11:05:47,Located_Indoors, Legs_Crossed,annotator,Behavioral Parameters,2022-06-13 01:35:46,2022-06-13 01:35:59
2022-06-13 11:05:47,2022-06-13 11:08:04,Located_Indoors, Legs_Crossed, Browsing_Computer,annotator,Behavioral Parameters,2022-06-13 01:35:59,2022-06-13 01:38:16
2022-06-13 11:08:04,2022-06-13 11:10:03,Located_Indoors, Texting/Browsing_Phone,annotator,Behavioral Parameters,2022-06-13 01:38:16,2022-06-13 01:40:15
2022-06-13 11:10:03,2022-06-13 11:10:12,Located_Indoors, Texting/Browsing_Phone, Browsing_Computer,annotator,Behavioral Parameters,2022-06-13 01:40:15,2022-06-13 01:40:24
2022-06-13 11:10:12,2022-06-13 11:10:16,Located_Indoors, Browsing_Computer,annotator,Behavioral Parameters,2022-06-13 01:40:24,2022-06-13 01:40:28
2022-06-13 11:10:16,2022-06-13 11:10:41,Located_Indoors, Holding_Other_Object_Light,annotator,Behavioral Parameters,2022-06-13 01:40:28,2022-06-13 01:40:53
2022-06-13 11:10:41,2022-06-13 11:10:50,Located_Indoors, Carrying_Bag_On_Shoulder/Back_Light,annotator,Behavioral Parameters,2022-06-13 01:40:53,2022-06-13 01:41:02
2022-06-13 11:10:50,2022-06-13 11:11:06,Located_Indoors, Carrying_Bag_On_Shoulder/Back_Light,annotator,Behavioral Parameters,2022-06-13 01:41:02,2022-06-13 01:41:18
2022-06-13 11:11:06,2022-06-13 11:11:28,Located_Indoors, Carrying_Bag_On_Shoulder/Back_Light, Holding_Drink,annotator,Behavioral Parameters,2022-06-13 01:41:18,2022-06-13 01:41:40
2022-06-13 11:11:28,2022-06-13 11:11:40,Located_Indoors, Carrying_Bag_On_Shoulder/Back_Light,annotator,Behavioral Parameters,2022-06-13 01:41:40,2022-06-13 01:41:52
2022-06-13 11:11:40,2022-06-13 11:11:59,Located_Indoors, Carrying_Bag_On_Shoulder/Back_Light,annotator,Behavioral Parameters,2022-06-13 01:41:52,2022-06-13 01:42:11
2022-06-13 11:11:59,2022-06-13 11:12:06,Carrying_Bag_On_Shoulder/Back_Light, Located_Outdoors, Holding_Other_Object_Light,annotator,Behavioral Parameters,2022-06-13 01:42:11,2022-06-13 01:42:18
2022-06-13 11:12:06,2022-06-13 11:12:26,Carrying_Bag_On_Shoulder/Back_Light, Located_Outdoors, Texting/Browsing_Phone,annotator,Behavioral Parameters,2022-06-13 01:42:18,2022-06-13 01:42:38
2022-06-13 11:12:26,2022-06-13 11:12:38,Carrying_Bag_On_Shoulder/Back_Light, Located_Outdoors, Texting/Browsing_Phone,annotator,Behavioral Parameters,2022-06-13 01:42:38,2022-06-13 01:42:50
2022-06-13 11:12:38,2022-06-13 11:12:49,Carrying_Bag_On_Shoulder/Back_Light, Located_Outdoors, Texting/Browsing_Phone,annotator,Behavioral Parameters,2022-06-13 01:42:50,2022-06-13 01:43:01
2022-06-13 11:12:49,2022-06-13 11:13:12,Carrying_Bag_On_Shoulder/Back_Light, Located_Outdoors,annotator,Behavioral Parameters,2022-06-13 01:43:01,2022-06-13 01:43:24
2022-06-13 11:13:12,2022-06-13 11:13:17,Carrying_Bag_On_Shoulder/Back_Light, Located_Outdoors, Texting/Browsing_Phone,annotator,Behavioral Parameters,2022-06-13 01:43:24,2022-06-13 01:43:29
2022-06-13 11:13:17,2022-06-13 11:16:16,Carrying_Bag_On_Shoulder/Back_Light, Located_Outdoors,annotator,Behavioral Parameters,2022-06-13 01:43:29,2022-06-13 01:46:28
2022-06-13 11:16:16,2022-06-13 11:16:23,Carrying_Bag_On_Shoulder/Back_Light, Located_Outdoors, Texting/Browsing_Phone,annotator,Behavioral Parameters,2022-06-13 01:46:28,2022-06-13 01:46:35
2022-06-13 11:16:23,2022-06-13 11:16:35,Carrying_Bag_On_Shoulder/Back_Light, Located_Outdoors, Texting/Browsing_Phone,annotator,Behavioral Parameters,2022-06-13 01:46:35,2022-06-13 01:46:47
2022-06-13 11:16:35,2022-06-13 11:16:40,Carrying_Bag_On_Shoulder/Back_Light, Located_Outdoors, Holding_Other_Object_Light,annotator,Behavioral Parameters,2022-06-13 01:46:47,2022-06-13 01:46:52
2022-06-13 11:16:40,2022-06-13 11:16:47,Carrying_Bag_On_Shoulder/Back_Light, Located_Outdoors,annotator,Behavioral Parameters,2022-06-13 01:46:52,2022-06-13 01:46:59
2022-06-13 11:16:47,2022-06-13 11:18:10,Carrying_Bag_On_Shoulder/Back_Light, Located_Outdoors,annotator,Behavioral Parameters,2022-06-13 01:46:59,2022-06-13 01:48:22
2022-06-13 11:18:10,2022-06-13 11:18:16,Carrying_Bag_On_Shoulder/Back_Light, Located_Outdoors, Texting/Browsing_Phone,annotator,Behavioral Parameters,2022-06-13 01:48:22,2022-06-13 01:48:28
2022-06-13 11:18:16,2022-06-13 11:19:47,Carrying_Bag_On_Shoulder/Back_Light, Located_Outdoors,annotator,Behavioral Parameters,2022-06-13 01:48:28,2022-06-13 01:49:59
2022-06-13 11:19:47,2022-06-13 11:20:21,Carrying_Bag_On_Shoulder/Back_Light, Located_Outdoors, Texting/Browsing_Phone,annotator,Behavioral Parameters,2022-06-13 01:49:59,2022-06-13 01:50:33
2022-06-13 11:20:21,2022-06-13 11:22:03,Carrying_Bag_On_Shoulder/Back_Light, Located_Outdoors,annotator,Behavioral Parameters,2022-06-13 01:50:33,2022-06-13 01:52:15
2022-06-13 11:22:03,2022-06-13 11:22:14,Carrying_Bag_On_Shoulder/Back_Light, Located_Outdoors, Texting/Browsing_Phone,annotator,Behavioral Parameters,2022-06-13 01:52:15,2022-06-13 01:52:26
2022-06-13 11:22:14,2022-06-13 11:22:38,Carrying_Bag_On_Shoulder/Back_Light, Located_Outdoors, Texting/Browsing_Phone,annotator,Behavioral Parameters,2022-06-13 01:52:26,2022-06-13 01:52:50
2022-06-13 11:22:38,2022-06-13 11:22:59,Carrying_Bag_On_Shoulder/Back_Light, Located_Outdoors,annotator,Behavioral Parameters,2022-06-13 01:52:50,2022-06-13 01:53:11
2022-06-13 11:23:00,2022-06-13 11:23:23,Carrying_Bag_On_Shoulder/Back_Light, Located_Outdoors,annotator,Behavioral Parameters,2022-06-13 01:53:12,2022-06-13 01:53:35
2022-06-13 11:23:23,2022-06-13 11:23:29,Carrying_Bag_On_Shoulder/Back_Light, Located_Outdoors,annotator,Behavioral Parameters,2022-06-13 01:53:35,2022-06-13 01:53:41
2022-06-13 11:23:29,2022-06-13 11:24:37,Carrying_Bag_On_Shoulder/Back_Light, Located_Outdoors,annotator,Behavioral Parameters,2022-06-13 01:53:41,2022-06-13 01:54:49
2022-06-13 11:24:37,2022-06-13 11:24:52,Carrying_Bag_On_Shoulder/Back_Light, Located_Outdoors,annotator,Behavioral Parameters,2022-06-13 01:54:49,2022-06-13 01:55:04
2022-06-13 11:24:52,2022-06-13 11:25:17,Carrying_Bag_On_Shoulder/Back_Light, Located_Outdoors,annotator,Behavioral Parameters,2022-06-13 01:55:04,2022-06-13 01:55:29
2022-06-13 11:25:17,2022-06-13 11:25:23,Carrying_Bag_On_Shoulder/Back_Light, Located_Outdoors,annotator,Behavioral Parameters,2022-06-13 01:55:29,2022-06-13 01:55:35
2022-06-13 11:25:23,2022-06-13 11:26:30,Carrying_Bag_On_Shoulder/Back_Light, Located_Outdoors,annotator,Behavioral Parameters,2022-06-13 01:55:35,2022-06-13 01:56:42
2022-06-13 11:26:30,2022-06-13 11:27:03,Carrying_Bag_On_Shoulder/Back_Light, Located_Outdoors,annotator,Behavioral Parameters,2022-06-13 01:56:42,2022-06-13 01:57:15
2022-06-13 11:27:03,2022-06-13 11:28:22,Carrying_Bag_On_Shoulder/Back_Light, Located_Outdoors,annotator,Behavioral Parameters,2022-06-13 01:57:15,2022-06-13 01:58:34
2022-06-13 11:28:22,2022-06-13 11:28:27,Carrying_Bag_On_Shoulder/Back_Light, Located_Outdoors,annotator,Behavioral Parameters,2022-06-13 01:58:34,2022-06-13 01:58:39
2022-06-13 11:28:27,2022-06-13 11:28:55,Carrying_Bag_On_Shoulder/Back_Light, Located_Outdoors, Texting/Browsing_Phone,annotator,Behavioral Parameters,2022-06-13 01:58:39,2022-06-13 01:59:07
2022-06-13 11:28:55,2022-06-13 11:29:52,Carrying_Bag_On_Shoulder/Back_Light, Located_Outdoors,annotator,Behavioral Parameters,2022-06-13 01:59:07,2022-06-13 02:00:04
2022-06-13 11:29:52,2022-06-13 11:29:59,Carrying_Bag_On_Shoulder/Back_Light, Located_Outdoors,annotator,Behavioral Parameters,2022-06-13 02:00:04,2022-06-13 02:00:11
2022-06-13 11:29:59,2022-06-13 11:37:42,Carrying_Bag_On_Shoulder/Back_Light, Located_Outdoors,annotator,Behavioral Parameters,2022-06-13 02:00:11,2022-06-13 02:07:54
2022-06-13 11:37:42,2022-06-13 11:38:32,Carrying_Bag_On_Shoulder/Back_Light, Located_Outdoors, Texting/Browsing_Phone,annotator,Behavioral Parameters,2022-06-13 02:07:54,2022-06-13 02:08:44
2022-06-13 11:38:32,2022-06-13 11:38:37,Carrying_Bag_On_Shoulder/Back_Light, Located_Outdoors,annotator,Behavioral Parameters,2022-06-13 02:08:44,2022-06-13 02:08:49
2022-06-13 11:38:37,2022-06-13 11:40:34,Carrying_Bag_On_Shoulder/Back_Light, Located_Outdoors,annotator,Behavioral Parameters,2022-06-13 02:08:49,2022-06-13 02:10:46
2022-06-13 11:40:34,2022-06-13 11:41:08,Carrying_Bag_On_Shoulder/Back_Light, Located_Outdoors, Texting/Browsing_Phone,annotator,Behavioral Parameters,2022-06-13 02:10:46,2022-06-13 02:11:20
2022-06-13 11:41:08,2022-06-13 11:43:25,Carrying_Bag_On_Shoulder/Back_Light, Located_Outdoors,annotator,Behavioral Parameters,2022-06-13 02:11:20,2022-06-13 02:13:37
2022-06-13 11:43:25,2022-06-13 11:43:31,Carrying_Bag_On_Shoulder/Back_Light, Located_Outdoors, Holding_Other_Object_Light,annotator,Behavioral Parameters,2022-06-13 02:13:37,2022-06-13 02:13:43
2022-06-13 11:43:31,2022-06-13 11:44:06,Carrying_Bag_On_Shoulder/Back_Light, Located_Outdoors, Texting/Browsing_Phone,annotator,Behavioral Parameters,2022-06-13 02:13:43,2022-06-13 02:14:18
2022-06-13 11:44:06,2022-06-13 11:44:15,Carrying_Bag_On_Shoulder/Back_Light, Located_Outdoors, Holding_Other_Object_Light,annotator,Behavioral Parameters,2022-06-13 02:14:18,2022-06-13 02:14:27
2022-06-13 11:44:15,2022-06-13 11:46:05,Carrying_Bag_On_Shoulder/Back_Light, Located_Outdoors,annotator,Behavioral Parameters,2022-06-13 02:14:27,2022-06-13 02:16:17
2022-06-13 11:46:05,2022-06-13 11:46:20,Carrying_Bag_On_Shoulder/Back_Light, Located_Outdoors, Texting/Browsing_Phone,annotator,Behavioral Parameters,2022-06-13 02:16:17,2022-06-13 02:16:32
2022-06-13 11:46:20,2022-06-13 11:47:43,Carrying_Bag_On_Shoulder/Back_Light, Located_Outdoors, Holding_Other_Object_Light,annotator,Behavioral Parameters,2022-06-13 02:16:32,2022-06-13 02:17:55
2022-06-13 11:47:43,2022-06-13 11:48:10,Carrying_Bag_On_Shoulder/Back_Light, Located_Outdoors, Holding_Other_Object_Light,annotator,Behavioral Parameters,2022-06-13 02:17:55,2022-06-13 02:18:22
2022-06-13 11:48:10,2022-06-13 11:48:18,Carrying_Bag_On_Shoulder/Back_Light, Located_Outdoors,annotator,Behavioral Parameters,2022-06-13 02:18:22,2022-06-13 02:18:30
2022-06-13 11:48:18,2022-06-13 11:48:44,Carrying_Bag_On_Shoulder/Back_Light, Located_Outdoors,annotator,Behavioral Parameters,2022-06-13 02:18:30,2022-06-13 02:18:56
2022-06-13 11:48:44,2022-06-13 11:48:58,Carrying_Bag_On_Shoulder/Back_Light, Located_Outdoors, Holding_Other_Object_Light,annotator,Behavioral Parameters,2022-06-13 02:18:56,2022-06-13 02:19:10
2022-06-13 11:48:58,2022-06-13 11:49:06,Carrying_Bag_On_Shoulder/Back_Light, Located_Outdoors, Holding_Other_Object_Light,annotator,Behavioral Parameters,2022-06-13 02:19:10,2022-06-13 02:19:18
2022-06-13 11:49:06,2022-06-13 11:49:16,Carrying_Bag_On_Shoulder/Back_Light, Located_Outdoors, Carrying_Grocery_Bags_Light,annotator,Behavioral Parameters,2022-06-13 02:19:18,2022-06-13 02:19:28
2022-06-13 11:49:16,2022-06-13 11:49:35,Carrying_Bag_On_Shoulder/Back_Light, Located_Outdoors, Carrying_Grocery_Bags_Light,annotator,Behavioral Parameters,2022-06-13 02:19:28,2022-06-13 02:19:47
2022-06-13 11:49:35,2022-06-13 11:49:49,Carrying_Bag_On_Shoulder/Back_Light, Located_Outdoors, Carrying_Grocery_Bags_Light, Holding_Other_Object_Light,annotator,Behavioral Parameters,2022-06-13 02:19:47,2022-06-13 02:20:01
2022-06-13 11:49:49,2022-06-13 11:50:02,Carrying_Bag_On_Shoulder/Back_Light, Located_Outdoors, Holding_Other_Object_Light,annotator,Behavioral Parameters,2022-06-13 02:20:01,2022-06-13 02:20:14
2022-06-13 11:50:02,2022-06-13 11:50:11,Located_Outdoors, Holding_Other_Object_Light, Holding_Bag/BriefCase_Hand_Light,annotator,Behavioral Parameters,2022-06-13 02:20:14,2022-06-13 02:20:23
2022-06-13 11:50:11,2022-06-13 11:50:55,Located_Outdoors,annotator,Behavioral Parameters,2022-06-13 02:20:23,2022-06-13 02:21:07
2022-06-13 11:50:55,2022-06-13 11:57:07,Located_Outdoors,annotator,Behavioral Parameters,2022-06-13 02:21:07,2022-06-13 02:27:19
2022-06-13 11:57:07,2022-06-13 11:57:25,Located_Outdoors,annotator,Behavioral Parameters,2022-06-13 02:27:19,2022-06-13 02:27:37
2022-06-13 11:57:25,2022-06-13 11:57:32,Located_Outdoors, Holding_Other_Object_Light,annotator,Behavioral Parameters,2022-06-13 02:27:37,2022-06-13 02:27:44
2022-06-13 11:57:32,2022-06-13 11:57:39,Located_Outdoors, Holding_Other_Object_Light,annotator,Behavioral Parameters,2022-06-13 02:27:44,2022-06-13 02:27:51
2022-06-13 11:57:39,2022-06-13 11:57:50,Located_Outdoors, Holding_Other_Object_Light, Carrying_Grocery_Bags_Light,annotator,Behavioral Parameters,2022-06-13 02:27:51,2022-06-13 02:28:02
2022-06-13 11:57:50,2022-06-13 11:58:03,Located_Outdoors, Carrying_Grocery_Bags_Light, Holding_Bag/BriefCase_Hand_Light,annotator,Behavioral Parameters,2022-06-13 02:28:02,2022-06-13 02:28:15
2022-06-13 11:58:03,2022-06-13 11:58:20,Located_Outdoors, Carrying_Grocery_Bags_Light, Carrying_Bag_On_Shoulder/Back_Light,annotator,Behavioral Parameters,2022-06-13 02:28:15,2022-06-13 02:28:32
2022-06-13 11:58:20,2022-06-13 11:59:00,Located_Outdoors, Carrying_Grocery_Bags_Light, Carrying_Bag_On_Shoulder/Back_Light, Holding_Other_Object_Light,annotator,Behavioral Parameters,2022-06-13 02:28:32,2022-06-13 02:29:12
2022-06-13 11:59:00,2022-06-13 11:59:41,Located_Outdoors, Carrying_Grocery_Bags_Light, Carrying_Bag_On_Shoulder/Back_Light, Texting/Browsing_Phone,annotator,Behavioral Parameters,2022-06-13 02:29:12,2022-06-13 02:29:53
2022-06-13 11:59:41,2022-06-13 12:01:44,Located_Outdoors, Carrying_Grocery_Bags_Light, Carrying_Bag_On_Shoulder/Back_Light, Holding_Other_Object_Light,annotator,Behavioral Parameters,2022-06-13 02:29:53,2022-06-13 02:31:56
2022-06-13 12:01:44,2022-06-13 12:01:55,Located_Outdoors, Carrying_Grocery_Bags_Light, Carrying_Bag_On_Shoulder/Back_Light, Holding_Other_Object_Light,annotator,Behavioral Parameters,2022-06-13 02:31:56,2022-06-13 02:32:07
2022-06-13 12:01:55,2022-06-13 12:02:03,Located_Outdoors, Carrying_Grocery_Bags_Light, Carrying_Bag_On_Shoulder/Back_Light, Holding_Other_Object_Light,annotator,Behavioral Parameters,2022-06-13 02:32:07,2022-06-13 02:32:15
2022-06-13 12:02:03,2022-06-13 12:02:06,Carrying_Grocery_Bags_Light, Carrying_Bag_On_Shoulder/Back_Light, Holding_Other_Object_Light, Located_Indoors,annotator,Behavioral Parameters,2022-06-13 02:32:15,2022-06-13 02:32:18
2022-06-13 12:02:06,2022-06-13 12:02:27,Carrying_Grocery_Bags_Light, Carrying_Bag_On_Shoulder/Back_Light, Holding_Other_Object_Light, Located_Indoors,annotator,Behavioral Parameters,2022-06-13 02:32:18,2022-06-13 02:32:39
2022-06-13 12:02:27,2022-06-13 12:02:41,Carrying_Grocery_Bags_Light, Carrying_Bag_On_Shoulder/Back_Light, Holding_Other_Object_Light, Located_Indoors,annotator,Behavioral Parameters,2022-06-13 02:32:39,2022-06-13 02:32:53
2022-06-13 12:02:41,2022-06-13 12:02:47,Located_Indoors,annotator,Behavioral Parameters,2022-06-13 02:32:53,2022-06-13 02:32:59
2022-06-13 12:02:47,2022-06-13 12:03:39,Located_Indoors, Holding_Other_Object_Light,annotator,Behavioral Parameters,2022-06-13 02:32:59,2022-06-13 02:33:51
2022-06-13 12:03:39,2022-06-13 12:04:09,Located_Indoors, Holding_Other_Object_Light,annotator,Behavioral Parameters,2022-06-13 02:33:51,2022-06-13 02:34:21
2022-06-13 12:04:09,2022-06-13 12:04:14,Located_Indoors,annotator,Behavioral Parameters,2022-06-13 02:34:21,2022-06-13 02:34:26
2022-06-13 12:04:14,2022-06-13 12:04:59,Located_Indoors, Texting/Browsing_Phone,annotator,Behavioral Parameters,2022-06-13 02:34:26,2022-06-13 02:35:11
2022-06-13 12:04:59,2022-06-13 12:05:08,Located_Indoors, Texting/Browsing_Phone,annotator,Behavioral Parameters,2022-06-13 02:35:11,2022-06-13 02:35:20
2022-06-13 12:05:08,2022-06-13 12:05:26,Located_Indoors, Texting/Browsing_Phone,annotator,Behavioral Parameters,2022-06-13 02:35:20,2022-06-13 02:35:38
2022-06-13 12:05:26,2022-06-13 12:05:58,Located_Indoors, Texting/Browsing_Phone,annotator,Behavioral Parameters,2022-06-13 02:35:38,2022-06-13 02:36:10
2022-06-13 12:05:58,2022-06-13 12:06:02,Located_Outdoors, Holding_Other_Object_Light,annotator,Behavioral Parameters,2022-06-13 02:36:10,2022-06-13 02:36:14
2022-06-13 12:06:02,2022-06-13 12:06:07,Located_Outdoors, Holding_Other_Object_Light,annotator,Behavioral Parameters,2022-06-13 02:36:14,2022-06-13 02:36:19
2022-06-13 12:06:07,2022-06-13 12:06:57,Located_Outdoors, Holding_Other_Object_Light,annotator,Behavioral Parameters,2022-06-13 02:36:19,2022-06-13 02:37:09
2022-06-13 12:07:01,2022-06-13 12:08:50,Located_Outdoors, Texting/Browsing_Phone,annotator,Behavioral Parameters,2022-06-13 02:37:13,2022-06-13 02:39:02
2022-06-13 12:08:50,2022-06-13 12:09:25,Located_Outdoors,annotator,Behavioral Parameters,2022-06-13 02:39:02,2022-06-13 02:39:37
2022-06-13 12:09:25,2022-06-13 12:09:47,Located_Outdoors,annotator,Behavioral Parameters,2022-06-13 02:39:37,2022-06-13 02:39:59
2022-06-13 12:09:47,2022-06-13 12:09:57,Located_Outdoors,annotator,Behavioral Parameters,2022-06-13 02:39:59,2022-06-13 02:40:09
2022-06-13 12:09:57,2022-06-13 12:10:09,Located_Outdoors,annotator,Behavioral Parameters,2022-06-13 02:40:09,2022-06-13 02:40:21
2022-06-13 12:10:09,2022-06-13 12:11:29,Located_Outdoors, Holding_Other_Object_Light,annotator,Behavioral Parameters,2022-06-13 02:40:21,2022-06-13 02:41:41
2022-06-13 12:11:29,2022-06-13 12:11:46,Located_Outdoors,annotator,Behavioral Parameters,2022-06-13 02:41:41,2022-06-13 02:41:58
2022-06-13 12:11:46,2022-06-13 12:12:04,Located_Outdoors, Holding_Other_Object_Light,annotator,Behavioral Parameters,2022-06-13 02:41:58,2022-06-13 02:42:16
2022-06-13 12:12:04,2022-06-13 12:12:17,Located_Outdoors, Texting/Browsing_Phone,annotator,Behavioral Parameters,2022-06-13 02:42:16,2022-06-13 02:42:29
2022-06-13 12:12:17,2022-06-13 12:12:34,Located_Outdoors, Holding_Other_Object_Light,annotator,Behavioral Parameters,2022-06-13 02:42:29,2022-06-13 02:42:46
2022-06-13 12:12:35,2022-06-13 12:12:58,Located_Outdoors,annotator,Behavioral Parameters,2022-06-13 02:42:47,2022-06-13 02:43:10
2022-06-13 12:12:58,2022-06-13 12:13:13,Located_Outdoors,annotator,Behavioral Parameters,2022-06-13 02:43:10,2022-06-13 02:43:25
2022-06-13 12:13:13,2022-06-13 12:13:33,Located_Outdoors,annotator,Behavioral Parameters,2022-06-13 02:43:25,2022-06-13 02:43:45
2022-06-13 12:13:33,2022-06-13 12:13:40,Located_Outdoors,annotator,Behavioral Parameters,2022-06-13 02:43:45,2022-06-13 02:43:52
2022-06-13 12:13:40,2022-06-13 12:14:58,Located_Outdoors,annotator,Behavioral Parameters,2022-06-13 02:43:52,2022-06-13 02:45:10
2022-06-13 12:14:58,2022-06-13 12:15:22,Located_Outdoors,annotator,Behavioral Parameters,2022-06-13 02:45:10,2022-06-13 02:45:34
2022-06-13 12:15:22,2022-06-13 12:17:58,Located_Outdoors,annotator,Behavioral Parameters,2022-06-13 02:45:34,2022-06-13 02:48:10
2022-06-13 12:17:58,2022-06-13 12:18:06,Located_Outdoors,annotator,Behavioral Parameters,2022-06-13 02:48:10,2022-06-13 02:48:18
2022-06-13 12:18:06,2022-06-13 12:19:24,Located_Outdoors,annotator,Behavioral Parameters,2022-06-13 02:48:18,2022-06-13 02:49:36
2022-06-13 12:19:24,2022-06-13 12:19:29,Located_Outdoors,annotator,Behavioral Parameters,2022-06-13 02:49:36,2022-06-13 02:49:41
2022-06-13 12:19:29,2022-06-13 12:19:40,Located_Outdoors,annotator,Behavioral Parameters,2022-06-13 02:49:41,2022-06-13 02:49:52
2022-06-13 12:19:40,2022-06-13 12:20:59,Located_Outdoors, Texting/Browsing_Phone,annotator,Behavioral Parameters,2022-06-13 02:49:52,2022-06-13 02:51:11
2022-06-13 12:20:59,2022-06-13 12:23:23,Located_Outdoors,annotator,Behavioral Parameters,2022-06-13 02:51:11,2022-06-13 02:53:35
2022-06-13 12:23:23,2022-06-13 12:23:27,Located_Outdoors,annotator,Behavioral Parameters,2022-06-13 02:53:35,2022-06-13 02:53:39
2022-06-13 12:23:27,2022-06-13 12:23:41,Located_Outdoors,annotator,Behavioral Parameters,2022-06-13 02:53:39,2022-06-13 02:53:53
2022-06-13 12:23:41,2022-06-13 12:23:46,Located_Outdoors, Holding_Other_Object_Light,annotator,Behavioral Parameters,2022-06-13 02:53:53,2022-06-13 02:53:58
2022-06-13 12:23:46,2022-06-13 12:24:22,Located_Outdoors, Holding_Other_Object_Light,annotator,Behavioral Parameters,2022-06-13 02:53:58,2022-06-13 02:54:34
2022-06-13 12:24:22,2022-06-13 12:24:26,Located_Outdoors, Holding_Other_Object_Light,annotator,Behavioral Parameters,2022-06-13 02:54:34,2022-06-13 02:54:38
2022-06-13 12:24:26,2022-06-13 12:24:29,Located_Outdoors, Holding_Other_Object_Light,annotator,Behavioral Parameters,2022-06-13 02:54:38,2022-06-13 02:54:41
2022-06-13 12:24:29,2022-06-13 12:24:36,Holding_Other_Object_Light, Located_Indoors,annotator,Behavioral Parameters,2022-06-13 02:54:41,2022-06-13 02:54:48
2022-06-13 12:24:36,2022-06-13 12:26:33,Located_Indoors, Texting/Browsing_Phone,annotator,Behavioral Parameters,2022-06-13 02:54:48,2022-06-13 02:56:45
