START_TIME,STOP_TIME,PREDICTION,SOURCE,LABELSET,VIDEO_START_TIME,VIDEO_END_TIME
2022-04-12 17:10:20,2022-04-12 17:22:15,HLB_Indecipherable/Video_Insufficient,annotator,HIGH LEVEL BEHAVIOR,2022-04-12 00:00:00,2022-04-12 00:11:55
2022-04-12 17:22:15,2022-04-12 17:23:21,Meeting_Formal_Gathering_In_Person,annotator,HIGH LEVEL BEHAVIOR,2022-04-12 00:11:55,2022-04-12 00:13:01
2022-04-12 17:23:21,2022-04-12 17:23:50,Meeting_Formal_Gathering_In_Person,annotator,HIGH LEVEL BEHAVIOR,2022-04-12 00:13:01,2022-04-12 00:13:30
2022-04-12 17:23:50,2022-04-12 17:24:07,Meeting_Formal_Gathering_In_Person,annotator,HIGH LEVEL BEHAVIOR,2022-04-12 00:13:30,2022-04-12 00:13:47
2022-04-12 17:24:08,2022-04-12 17:24:39,Meeting_Formal_Gathering_In_Person,annotator,HIGH LEVEL BEHAVIOR,2022-04-12 00:13:48,2022-04-12 00:14:19
2022-04-12 17:24:39,2022-04-12 17:25:03,In_Transit_Active,annotator,HIGH LEVEL BEHAVIOR,2022-04-12 00:14:19,2022-04-12 00:14:43
2022-04-12 17:25:04,2022-04-12 17:26:26,In_Bathroom,annotator,HIGH LEVEL BEHAVIOR,2022-04-12 00:14:44,2022-04-12 00:16:06
2022-04-12 17:26:26,2022-04-12 17:26:46,In_Transit_Active,annotator,HIGH LEVEL BEHAVIOR,2022-04-12 00:16:06,2022-04-12 00:16:26
2022-04-12 17:26:46,2022-04-12 17:27:02,In_Transit_Active,annotator,HIGH LEVEL BEHAVIOR,2022-04-12 00:16:26,2022-04-12 00:16:42
2022-04-12 17:27:05,2022-04-12 17:27:29,In_Transit_Active,annotator,HIGH LEVEL BEHAVIOR,2022-04-12 00:16:45,2022-04-12 00:17:09
2022-04-12 17:27:33,2022-04-12 17:27:53,In_Transit_Active, Riding_Elevator_Down,annotator,HIGH LEVEL BEHAVIOR,2022-04-12 00:17:13,2022-04-12 00:17:33
2022-04-12 17:27:53,2022-04-12 17:28:00,In_Transit_Active,annotator,HIGH LEVEL BEHAVIOR,2022-04-12 00:17:33,2022-04-12 00:17:40
2022-04-12 17:28:00,2022-04-12 17:28:08,In_Transit_Active,annotator,HIGH LEVEL BEHAVIOR,2022-04-12 00:17:40,2022-04-12 00:17:48
2022-04-12 17:28:10,2022-04-12 17:28:57,In_Transit_Active,annotator,HIGH LEVEL BEHAVIOR,2022-04-12 00:17:50,2022-04-12 00:18:37
2022-04-12 17:28:57,2022-04-12 17:29:08,In_Transit_Active,annotator,HIGH LEVEL BEHAVIOR,2022-04-12 00:18:37,2022-04-12 00:18:48
2022-04-12 17:29:09,2022-04-12 17:29:44,In_Transit_Active,annotator,HIGH LEVEL BEHAVIOR,2022-04-12 00:18:49,2022-04-12 00:19:24
2022-04-12 17:29:46,2022-04-12 17:30:16,In_Transit_Active,annotator,HIGH LEVEL BEHAVIOR,2022-04-12 00:19:26,2022-04-12 00:19:56
2022-04-12 17:30:17,2022-04-12 17:31:45,,annotator,HIGH LEVEL BEHAVIOR,2022-04-12 00:19:57,2022-04-12 00:21:25
2022-04-12 17:31:47,2022-04-12 17:32:13,,annotator,HIGH LEVEL BEHAVIOR,2022-04-12 00:21:27,2022-04-12 00:21:53
2022-04-12 17:32:14,2022-04-12 17:32:44,In_Transit_Active,annotator,HIGH LEVEL BEHAVIOR,2022-04-12 00:21:54,2022-04-12 00:22:24
2022-04-12 17:32:46,2022-04-12 17:33:04,Packing/Unpacking_Something,annotator,HIGH LEVEL BEHAVIOR,2022-04-12 00:22:26,2022-04-12 00:22:44
2022-04-12 17:33:04,2022-04-12 17:33:23,Packing/Unpacking_Something,annotator,HIGH LEVEL BEHAVIOR,2022-04-12 00:22:44,2022-04-12 00:23:03
2022-04-12 17:33:25,2022-04-12 17:33:49,In_Transit_Active,annotator,HIGH LEVEL BEHAVIOR,2022-04-12 00:23:05,2022-04-12 00:23:29
2022-04-12 17:33:50,2022-04-12 17:34:14,In_Transit_Active,annotator,HIGH LEVEL BEHAVIOR,2022-04-12 00:23:30,2022-04-12 00:23:54
2022-04-12 17:34:15,2022-04-12 17:34:36,In_Transit_Active,annotator,HIGH LEVEL BEHAVIOR,2022-04-12 00:23:55,2022-04-12 00:24:16
2022-04-12 17:34:40,2022-04-12 17:35:10,,annotator,HIGH LEVEL BEHAVIOR,2022-04-12 00:24:20,2022-04-12 00:24:50
2022-04-12 17:35:10,2022-04-12 17:35:29,In_Transit_Active,annotator,HIGH LEVEL BEHAVIOR,2022-04-12 00:24:50,2022-04-12 00:25:09
2022-04-12 17:35:31,2022-04-12 17:35:59,,annotator,HIGH LEVEL BEHAVIOR,2022-04-12 00:25:11,2022-04-12 00:25:39
2022-04-12 17:35:59,2022-04-12 17:36:02,In_Transit_Active,annotator,HIGH LEVEL BEHAVIOR,2022-04-12 00:25:39,2022-04-12 00:25:42
2022-04-12 17:36:02,2022-04-12 17:36:17,In_Transit_Active,annotator,HIGH LEVEL BEHAVIOR,2022-04-12 00:25:42,2022-04-12 00:25:57
2022-04-12 17:36:17,2022-04-12 17:36:36,,annotator,HIGH LEVEL BEHAVIOR,2022-04-12 00:25:57,2022-04-12 00:26:16
2022-04-12 17:36:38,2022-04-12 17:37:19,,annotator,HIGH LEVEL BEHAVIOR,2022-04-12 00:26:18,2022-04-12 00:26:59
2022-04-12 17:37:19,2022-04-12 17:37:58,,annotator,HIGH LEVEL BEHAVIOR,2022-04-12 00:26:59,2022-04-12 00:27:38
2022-04-12 17:37:59,2022-04-12 17:38:04,In_Transit_Active,annotator,HIGH LEVEL BEHAVIOR,2022-04-12 00:27:39,2022-04-12 00:27:44
2022-04-12 17:38:05,2022-04-12 17:38:16,In_Transit_Active,annotator,HIGH LEVEL BEHAVIOR,2022-04-12 00:27:45,2022-04-12 00:27:56
2022-04-12 17:38:16,2022-04-12 17:38:23,In_Transit_Active,annotator,HIGH LEVEL BEHAVIOR,2022-04-12 00:27:56,2022-04-12 00:28:03
2022-04-12 17:38:23,2022-04-12 17:38:57,,annotator,HIGH LEVEL BEHAVIOR,2022-04-12 00:28:03,2022-04-12 00:28:37
2022-04-12 17:38:58,2022-04-12 17:39:34,HLB_Indecipherable/Video_Insufficient,annotator,HIGH LEVEL BEHAVIOR,2022-04-12 00:28:38,2022-04-12 00:29:14
2022-04-12 17:39:35,2022-04-12 17:40:18,Cleaning,annotator,HIGH LEVEL BEHAVIOR,2022-04-12 00:29:15,2022-04-12 00:29:58
2022-04-12 17:40:18,2022-04-12 17:41:11,,annotator,HIGH LEVEL BEHAVIOR,2022-04-12 00:29:58,2022-04-12 00:30:51
2022-04-12 17:41:13,2022-04-12 17:41:29,In_Transit_Active,annotator,HIGH LEVEL BEHAVIOR,2022-04-12 00:30:53,2022-04-12 00:31:09
2022-04-12 17:41:30,2022-04-12 17:41:44,In_Transit_Active,annotator,HIGH LEVEL BEHAVIOR,2022-04-12 00:31:10,2022-04-12 00:31:24
2022-04-12 17:41:44,2022-04-12 17:44:30,Cleaning,annotator,HIGH LEVEL BEHAVIOR,2022-04-12 00:31:24,2022-04-12 00:34:10
2022-04-12 17:44:31,2022-04-12 17:46:31,HLB_Indecipherable/Video_Insufficient,annotator,HIGH LEVEL BEHAVIOR,2022-04-12 00:34:11,2022-04-12 00:36:11
2022-04-12 17:46:31,2022-04-12 17:46:52,In_Transit_Active,annotator,HIGH LEVEL BEHAVIOR,2022-04-12 00:36:11,2022-04-12 00:36:32
2022-04-12 17:46:54,2022-04-12 17:48:36,Cleaning,annotator,HIGH LEVEL BEHAVIOR,2022-04-12 00:36:34,2022-04-12 00:38:16
2022-04-12 17:48:36,2022-04-12 17:49:57,,annotator,HIGH LEVEL BEHAVIOR,2022-04-12 00:38:16,2022-04-12 00:39:37
2022-04-12 17:49:58,2022-04-12 17:50:17,,annotator,HIGH LEVEL BEHAVIOR,2022-04-12 00:39:38,2022-04-12 00:39:57
2022-04-12 17:50:20,2022-04-12 17:52:27,Packing/Unpacking_Something,annotator,HIGH LEVEL BEHAVIOR,2022-04-12 00:40:00,2022-04-12 00:42:07
2022-04-12 17:52:30,2022-04-12 17:53:30,Packing/Unpacking_Something,annotator,HIGH LEVEL BEHAVIOR,2022-04-12 00:42:10,2022-04-12 00:43:10
2022-04-12 17:53:30,2022-04-12 17:53:40,Packing/Unpacking_Something,annotator,HIGH LEVEL BEHAVIOR,2022-04-12 00:43:10,2022-04-12 00:43:20
2022-04-12 17:53:41,2022-04-12 17:57:49,Packing/Unpacking_Something,annotator,HIGH LEVEL BEHAVIOR,2022-04-12 00:43:21,2022-04-12 00:47:29
2022-04-12 17:57:50,2022-04-12 17:58:04,Cleaning,annotator,HIGH LEVEL BEHAVIOR,2022-04-12 00:47:30,2022-04-12 00:47:44
2022-04-12 17:58:08,2022-04-12 17:59:32,HLB_Indecipherable/Video_Insufficient,annotator,HIGH LEVEL BEHAVIOR,2022-04-12 00:47:48,2022-04-12 00:49:12
2022-04-12 17:59:32,2022-04-12 18:00:54,Meeting _Social_Gathering_In_Person,annotator,HIGH LEVEL BEHAVIOR,2022-04-12 00:49:12,2022-04-12 00:50:34
2022-04-12 18:00:54,2022-04-12 18:00:56,Meeting _Social_Gathering_In_Person,annotator,HIGH LEVEL BEHAVIOR,2022-04-12 00:50:34,2022-04-12 00:50:36
2022-04-12 18:00:58,2022-04-12 18:01:13,Meeting _Social_Gathering_In_Person,annotator,HIGH LEVEL BEHAVIOR,2022-04-12 00:50:38,2022-04-12 00:50:53
2022-04-12 18:01:16,2022-04-12 18:02:07,Meeting _Social_Gathering_In_Person, Packing/Unpacking_Something,annotator,HIGH LEVEL BEHAVIOR,2022-04-12 00:50:56,2022-04-12 00:51:47
2022-04-12 18:02:07,2022-04-12 18:03:53,Meeting _Social_Gathering_In_Person,annotator,HIGH LEVEL BEHAVIOR,2022-04-12 00:51:47,2022-04-12 00:53:33
2022-04-12 18:03:55,2022-04-12 18:04:32,Meeting _Social_Gathering_In_Person,annotator,HIGH LEVEL BEHAVIOR,2022-04-12 00:53:35,2022-04-12 00:54:12
2022-04-12 18:04:32,2022-04-12 18:04:59,Meeting _Social_Gathering_In_Person, Packing/Unpacking_Something,annotator,HIGH LEVEL BEHAVIOR,2022-04-12 00:54:12,2022-04-12 00:54:39
2022-04-12 18:05:01,2022-04-12 18:05:55,HLB_Indecipherable/Video_Insufficient,annotator,HIGH LEVEL BEHAVIOR,2022-04-12 00:54:41,2022-04-12 00:55:35
2022-04-12 18:05:56,2022-04-12 18:06:26,Meeting _Social_Gathering_In_Person,annotator,HIGH LEVEL BEHAVIOR,2022-04-12 00:55:36,2022-04-12 00:56:06
2022-04-12 18:06:28,2022-04-12 18:16:16,Meeting _Social_Gathering_In_Person,annotator,HIGH LEVEL BEHAVIOR,2022-04-12 00:56:08,2022-04-12 01:05:56
2022-04-12 18:16:17,2022-04-12 18:16:51,Meeting _Social_Gathering_In_Person,annotator,HIGH LEVEL BEHAVIOR,2022-04-12 01:05:57,2022-04-12 01:06:31
2022-04-12 18:16:51,2022-04-12 18:16:55,Meeting _Social_Gathering_In_Person,annotator,HIGH LEVEL BEHAVIOR,2022-04-12 01:06:31,2022-04-12 01:06:35
2022-04-12 18:16:55,2022-04-12 18:17:39,Meeting _Social_Gathering_In_Person,annotator,HIGH LEVEL BEHAVIOR,2022-04-12 01:06:35,2022-04-12 01:07:19
2022-04-12 18:17:39,2022-04-12 18:18:06,Meeting _Social_Gathering_In_Person,annotator,HIGH LEVEL BEHAVIOR,2022-04-12 01:07:19,2022-04-12 01:07:46
2022-04-12 18:18:07,2022-04-12 18:18:27,Meeting _Social_Gathering_In_Person,annotator,HIGH LEVEL BEHAVIOR,2022-04-12 01:07:47,2022-04-12 01:08:07
2022-04-12 18:18:29,2022-04-12 18:18:43,Meeting _Social_Gathering_In_Person,annotator,HIGH LEVEL BEHAVIOR,2022-04-12 01:08:09,2022-04-12 01:08:23
2022-04-12 18:18:45,2022-04-12 18:19:22,Meeting _Social_Gathering_In_Person,annotator,HIGH LEVEL BEHAVIOR,2022-04-12 01:08:25,2022-04-12 01:09:02
2022-04-12 18:19:24,2022-04-12 18:19:36,Meeting _Social_Gathering_In_Person,annotator,HIGH LEVEL BEHAVIOR,2022-04-12 01:09:04,2022-04-12 01:09:16
2022-04-12 18:19:37,2022-04-12 18:20:00,Meeting _Social_Gathering_In_Person,annotator,HIGH LEVEL BEHAVIOR,2022-04-12 01:09:17,2022-04-12 01:09:40
2022-04-12 18:20:02,2022-04-12 18:20:23,Meeting _Social_Gathering_In_Person, Packing/Unpacking_Something,annotator,HIGH LEVEL BEHAVIOR,2022-04-12 01:09:42,2022-04-12 01:10:03
2022-04-12 18:20:24,2022-04-12 18:21:19,Meeting _Social_Gathering_In_Person,annotator,HIGH LEVEL BEHAVIOR,2022-04-12 01:10:04,2022-04-12 01:10:59
2022-04-12 18:21:20,2022-04-12 18:21:41,Meeting _Social_Gathering_In_Person,annotator,HIGH LEVEL BEHAVIOR,2022-04-12 01:11:00,2022-04-12 01:11:21
2022-04-12 18:21:43,2022-04-12 18:22:02,Meeting _Social_Gathering_In_Person,annotator,HIGH LEVEL BEHAVIOR,2022-04-12 01:11:23,2022-04-12 01:11:42
2022-04-12 18:22:04,2022-04-12 18:22:48,Meeting _Social_Gathering_In_Person,annotator,HIGH LEVEL BEHAVIOR,2022-04-12 01:11:44,2022-04-12 01:12:28
2022-04-12 18:22:48,2022-04-12 18:24:30,Meeting _Social_Gathering_In_Person,annotator,HIGH LEVEL BEHAVIOR,2022-04-12 01:12:28,2022-04-12 01:14:10
2022-04-12 18:24:30,2022-04-12 18:24:58,Meeting _Social_Gathering_In_Person,annotator,HIGH LEVEL BEHAVIOR,2022-04-12 01:14:10,2022-04-12 01:14:38
2022-04-12 18:24:58,2022-04-12 18:26:36,Meeting _Social_Gathering_In_Person,annotator,HIGH LEVEL BEHAVIOR,2022-04-12 01:14:38,2022-04-12 01:16:16
2022-04-12 18:26:36,2022-04-12 18:26:58,Meeting _Social_Gathering_In_Person,annotator,HIGH LEVEL BEHAVIOR,2022-04-12 01:16:16,2022-04-12 01:16:38
2022-04-12 18:26:59,2022-04-12 18:27:10,Meeting _Social_Gathering_In_Person, In_Transit_Active,annotator,HIGH LEVEL BEHAVIOR,2022-04-12 01:16:39,2022-04-12 01:16:50
2022-04-12 18:27:11,2022-04-12 18:27:16,Meeting _Social_Gathering_In_Person, In_Transit_Active,annotator,HIGH LEVEL BEHAVIOR,2022-04-12 01:16:51,2022-04-12 01:16:56
2022-04-12 18:27:17,2022-04-12 18:27:22,Meeting _Social_Gathering_In_Person, In_Transit_Active,annotator,HIGH LEVEL BEHAVIOR,2022-04-12 01:16:57,2022-04-12 01:17:02
2022-04-12 18:27:23,2022-04-12 18:27:51,Meeting _Social_Gathering_In_Person,annotator,HIGH LEVEL BEHAVIOR,2022-04-12 01:17:03,2022-04-12 01:17:31
2022-04-12 18:27:52,2022-04-12 18:28:01,Meeting _Social_Gathering_In_Person,annotator,HIGH LEVEL BEHAVIOR,2022-04-12 01:17:32,2022-04-12 01:17:41
2022-04-12 18:28:02,2022-04-12 18:28:10,Meeting _Social_Gathering_In_Person,annotator,HIGH LEVEL BEHAVIOR,2022-04-12 01:17:42,2022-04-12 01:17:50
2022-04-12 18:28:10,2022-04-12 18:28:41,Meeting _Social_Gathering_In_Person,annotator,HIGH LEVEL BEHAVIOR,2022-04-12 01:17:50,2022-04-12 01:18:21
2022-04-12 18:28:41,2022-04-12 18:29:00,Meeting _Social_Gathering_In_Person,annotator,HIGH LEVEL BEHAVIOR,2022-04-12 01:18:21,2022-04-12 01:18:40
2022-04-12 18:29:01,2022-04-12 18:29:35,Meeting _Social_Gathering_In_Person,annotator,HIGH LEVEL BEHAVIOR,2022-04-12 01:18:41,2022-04-12 01:19:15
2022-04-12 18:29:36,2022-04-12 18:29:47,Meeting _Social_Gathering_In_Person,annotator,HIGH LEVEL BEHAVIOR,2022-04-12 01:19:16,2022-04-12 01:19:27
2022-04-12 18:29:47,2022-04-12 18:30:10,Meeting _Social_Gathering_In_Person,annotator,HIGH LEVEL BEHAVIOR,2022-04-12 01:19:27,2022-04-12 01:19:50
2022-04-12 18:30:13,2022-04-12 18:31:14,Meeting _Social_Gathering_In_Person,annotator,HIGH LEVEL BEHAVIOR,2022-04-12 01:19:53,2022-04-12 01:20:54
2022-04-12 18:31:22,2022-04-12 18:31:35,Meeting _Social_Gathering_In_Person,annotator,HIGH LEVEL BEHAVIOR,2022-04-12 01:21:02,2022-04-12 01:21:15
2022-04-12 18:31:39,2022-04-12 18:35:38,Meeting _Social_Gathering_In_Person,annotator,HIGH LEVEL BEHAVIOR,2022-04-12 01:21:19,2022-04-12 01:25:18
2022-04-12 18:35:40,2022-04-12 18:36:20,Meeting _Social_Gathering_In_Person,annotator,HIGH LEVEL BEHAVIOR,2022-04-12 01:25:20,2022-04-12 01:26:00
2022-04-12 18:36:22,2022-04-12 18:36:32,Meeting _Social_Gathering_In_Person,annotator,HIGH LEVEL BEHAVIOR,2022-04-12 01:26:02,2022-04-12 01:26:12
2022-04-12 18:36:34,2022-04-12 18:36:38,Meeting _Social_Gathering_In_Person, In_Transit_Active,annotator,HIGH LEVEL BEHAVIOR,2022-04-12 01:26:14,2022-04-12 01:26:18
2022-04-12 18:36:38,2022-04-12 18:36:50,Meeting _Social_Gathering_In_Person, In_Transit_Active,annotator,HIGH LEVEL BEHAVIOR,2022-04-12 01:26:18,2022-04-12 01:26:30
2022-04-12 18:36:51,2022-04-12 18:37:05,Meeting _Social_Gathering_In_Person, In_Transit_Active,annotator,HIGH LEVEL BEHAVIOR,2022-04-12 01:26:31,2022-04-12 01:26:45
2022-04-12 18:37:05,2022-04-12 18:37:19,Meeting _Social_Gathering_In_Person,annotator,HIGH LEVEL BEHAVIOR,2022-04-12 01:26:45,2022-04-12 01:26:59
2022-04-12 18:37:20,2022-04-12 18:37:42,Meeting _Social_Gathering_In_Person, In_Transit_Active,annotator,HIGH LEVEL BEHAVIOR,2022-04-12 01:27:00,2022-04-12 01:27:22
2022-04-12 18:37:42,2022-04-12 18:39:38,Meeting _Social_Gathering_In_Person,annotator,HIGH LEVEL BEHAVIOR,2022-04-12 01:27:22,2022-04-12 01:29:18
2022-04-12 18:39:39,2022-04-12 18:40:10,Meeting _Social_Gathering_In_Person,annotator,HIGH LEVEL BEHAVIOR,2022-04-12 01:29:19,2022-04-12 01:29:50
2022-04-12 18:40:12,2022-04-12 18:40:13,Meeting _Social_Gathering_In_Person, In_Transit_Active,annotator,HIGH LEVEL BEHAVIOR,2022-04-12 01:29:52,2022-04-12 01:29:53
2022-04-12 18:40:14,2022-04-12 18:40:31,Meeting _Social_Gathering_In_Person, In_Transit_Active,annotator,HIGH LEVEL BEHAVIOR,2022-04-12 01:29:54,2022-04-12 01:30:11
2022-04-12 18:40:31,2022-04-12 18:40:39,Meeting _Social_Gathering_In_Person, In_Transit_Active,annotator,HIGH LEVEL BEHAVIOR,2022-04-12 01:30:11,2022-04-12 01:30:19
2022-04-12 18:40:40,2022-04-12 18:40:56,Meeting _Social_Gathering_In_Person,annotator,HIGH LEVEL BEHAVIOR,2022-04-12 01:30:20,2022-04-12 01:30:36
2022-04-12 18:40:57,2022-04-12 18:41:35,Meeting _Social_Gathering_In_Person,annotator,HIGH LEVEL BEHAVIOR,2022-04-12 01:30:37,2022-04-12 01:31:15
2022-04-12 18:41:36,2022-04-12 18:41:55,Meeting _Social_Gathering_In_Person,annotator,HIGH LEVEL BEHAVIOR,2022-04-12 01:31:16,2022-04-12 01:31:35
2022-04-12 18:41:56,2022-04-12 18:42:33,Meeting _Social_Gathering_In_Person,annotator,HIGH LEVEL BEHAVIOR,2022-04-12 01:31:36,2022-04-12 01:32:13
2022-04-12 18:42:34,2022-04-12 18:43:06,Meeting _Social_Gathering_In_Person,annotator,HIGH LEVEL BEHAVIOR,2022-04-12 01:32:14,2022-04-12 01:32:46
2022-04-12 18:43:07,2022-04-12 18:43:28,Meeting _Social_Gathering_In_Person,annotator,HIGH LEVEL BEHAVIOR,2022-04-12 01:32:47,2022-04-12 01:33:08
2022-04-12 18:43:32,2022-04-12 18:45:31,Meeting _Social_Gathering_In_Person,annotator,HIGH LEVEL BEHAVIOR,2022-04-12 01:33:12,2022-04-12 01:35:11
2022-04-12 18:45:33,2022-04-12 18:45:56,Meeting _Social_Gathering_In_Person,annotator,HIGH LEVEL BEHAVIOR,2022-04-12 01:35:13,2022-04-12 01:35:36
2022-04-12 18:45:58,2022-04-12 18:48:43,Meeting _Social_Gathering_In_Person, Using_Computer/Screen,annotator,HIGH LEVEL BEHAVIOR,2022-04-12 01:35:38,2022-04-12 01:38:23
2022-04-12 18:48:44,2022-04-12 18:49:08,Meeting _Social_Gathering_In_Person,annotator,HIGH LEVEL BEHAVIOR,2022-04-12 01:38:24,2022-04-12 01:38:48
2022-04-12 18:49:08,2022-04-12 18:49:19,Meeting _Social_Gathering_In_Person, In_Transit_Active,annotator,HIGH LEVEL BEHAVIOR,2022-04-12 01:38:48,2022-04-12 01:38:59
2022-04-12 18:49:19,2022-04-12 18:51:10,Meeting _Social_Gathering_In_Person,annotator,HIGH LEVEL BEHAVIOR,2022-04-12 01:38:59,2022-04-12 01:40:50
2022-04-12 18:51:11,2022-04-12 18:52:24,Meeting _Social_Gathering_In_Person,annotator,HIGH LEVEL BEHAVIOR,2022-04-12 01:40:51,2022-04-12 01:42:04
2022-04-12 18:52:25,2022-04-12 18:53:14,,annotator,HIGH LEVEL BEHAVIOR,2022-04-12 01:42:05,2022-04-12 01:42:54
2022-04-12 18:53:17,2022-04-12 18:56:06,Working_Other, Using_Computer/Screen,annotator,HIGH LEVEL BEHAVIOR,2022-04-12 01:42:57,2022-04-12 01:45:46
2022-04-12 18:56:06,2022-04-12 18:56:27,In_Transit_Active,annotator,HIGH LEVEL BEHAVIOR,2022-04-12 01:45:46,2022-04-12 01:46:07
2022-04-12 18:56:27,2022-04-12 18:57:32,Meeting _Social_Gathering_In_Person,annotator,HIGH LEVEL BEHAVIOR,2022-04-12 01:46:07,2022-04-12 01:47:12
2022-04-12 18:57:32,2022-04-12 19:01:35,Meeting _Social_Gathering_In_Person, Using_Computer/Screen,annotator,HIGH LEVEL BEHAVIOR,2022-04-12 01:47:12,2022-04-12 01:51:15
2022-04-12 19:01:35,2022-04-12 19:02:09,Meeting _Social_Gathering_In_Person,annotator,HIGH LEVEL BEHAVIOR,2022-04-12 01:51:15,2022-04-12 01:51:49
2022-04-12 19:02:09,2022-04-12 19:03:20,Meeting _Social_Gathering_In_Person,annotator,HIGH LEVEL BEHAVIOR,2022-04-12 01:51:49,2022-04-12 01:53:00
2022-04-12 19:03:20,2022-04-12 19:17:46,Meeting _Social_Gathering_In_Person,annotator,HIGH LEVEL BEHAVIOR,2022-04-12 01:53:00,2022-04-12 02:07:26
2022-04-12 19:17:46,2022-04-12 19:19:00,Meeting _Social_Gathering_In_Person,annotator,HIGH LEVEL BEHAVIOR,2022-04-12 02:07:26,2022-04-12 02:08:40
2022-04-12 19:19:00,2022-04-12 19:20:04,Meeting _Social_Gathering_In_Person,annotator,HIGH LEVEL BEHAVIOR,2022-04-12 02:08:40,2022-04-12 02:09:44
2022-04-12 19:20:04,2022-04-12 19:20:14,Meeting _Social_Gathering_In_Person,annotator,HIGH LEVEL BEHAVIOR,2022-04-12 02:09:44,2022-04-12 02:09:54
2022-04-12 19:20:14,2022-04-12 19:21:03,Meeting _Social_Gathering_In_Person,annotator,HIGH LEVEL BEHAVIOR,2022-04-12 02:09:54,2022-04-12 02:10:43
2022-04-12 19:21:03,2022-04-12 19:33:13,Meeting _Social_Gathering_In_Person, Packing/Unpacking_Something,annotator,HIGH LEVEL BEHAVIOR,2022-04-12 02:10:43,2022-04-12 02:22:53
2022-04-12 19:33:13,2022-04-12 19:34:49,Meeting _Social_Gathering_In_Person, Cleaning,annotator,HIGH LEVEL BEHAVIOR,2022-04-12 02:22:53,2022-04-12 02:24:29
2022-04-12 19:34:49,2022-04-12 19:38:14,Meeting _Social_Gathering_In_Person, Packing/Unpacking_Something,annotator,HIGH LEVEL BEHAVIOR,2022-04-12 02:24:29,2022-04-12 02:27:54
2022-04-12 19:38:14,2022-04-12 19:38:28,In_Transit_Active,annotator,HIGH LEVEL BEHAVIOR,2022-04-12 02:27:54,2022-04-12 02:28:08
2022-04-12 19:38:28,2022-04-12 19:39:20,HLB_Indecipherable/Video_Insufficient,annotator,HIGH LEVEL BEHAVIOR,2022-04-12 02:28:08,2022-04-12 02:29:00
2022-04-12 19:39:20,2022-04-12 19:39:31,In_Transit_Active,annotator,HIGH LEVEL BEHAVIOR,2022-04-12 02:29:00,2022-04-12 02:29:11
2022-04-12 19:39:31,2022-04-12 19:40:16,,annotator,HIGH LEVEL BEHAVIOR,2022-04-12 02:29:11,2022-04-12 02:29:56
2022-04-12 19:40:16,2022-04-12 19:40:56,Using_Computer/Screen,annotator,HIGH LEVEL BEHAVIOR,2022-04-12 02:29:56,2022-04-12 02:30:36
2022-04-12 19:40:56,2022-04-12 19:41:23,HLB_Indecipherable/Video_Insufficient,annotator,HIGH LEVEL BEHAVIOR,2022-04-12 02:30:36,2022-04-12 02:31:03
2022-04-12 19:41:23,2022-04-12 19:42:07,Using_Computer/Screen,annotator,HIGH LEVEL BEHAVIOR,2022-04-12 02:31:03,2022-04-12 02:31:47
2022-04-12 19:42:07,2022-04-12 19:42:12,,annotator,HIGH LEVEL BEHAVIOR,2022-04-12 02:31:47,2022-04-12 02:31:52
2022-04-12 19:42:12,2022-04-12 19:43:45,Packing/Unpacking_Something,annotator,HIGH LEVEL BEHAVIOR,2022-04-12 02:31:52,2022-04-12 02:33:25
2022-04-12 19:43:45,2022-04-12 19:44:00,In_Transit_Active,annotator,HIGH LEVEL BEHAVIOR,2022-04-12 02:33:25,2022-04-12 02:33:40
2022-04-12 19:44:02,2022-04-12 19:44:42,HLB_Indecipherable/Video_Insufficient,annotator,HIGH LEVEL BEHAVIOR,2022-04-12 02:33:42,2022-04-12 02:34:22
2022-04-12 19:44:42,2022-04-12 19:44:56,In_Transit_Active,annotator,HIGH LEVEL BEHAVIOR,2022-04-12 02:34:22,2022-04-12 02:34:36
2022-04-12 19:44:56,2022-04-12 19:45:03,In_Transit_Active,annotator,HIGH LEVEL BEHAVIOR,2022-04-12 02:34:36,2022-04-12 02:34:43
2022-04-12 19:45:03,2022-04-12 19:45:59,,annotator,HIGH LEVEL BEHAVIOR,2022-04-12 02:34:43,2022-04-12 02:35:39
2022-04-12 19:46:01,2022-04-12 19:46:37,,annotator,HIGH LEVEL BEHAVIOR,2022-04-12 02:35:41,2022-04-12 02:36:17
2022-04-12 19:46:37,2022-04-12 19:47:35,HLB_Indecipherable/Video_Insufficient,annotator,HIGH LEVEL BEHAVIOR,2022-04-12 02:36:17,2022-04-12 02:37:15
2022-04-12 19:47:35,2022-04-12 19:49:01,,annotator,HIGH LEVEL BEHAVIOR,2022-04-12 02:37:15,2022-04-12 02:38:41
2022-04-12 19:49:01,2022-04-12 19:49:08,Meeting _Social_Gathering_In_Person,annotator,HIGH LEVEL BEHAVIOR,2022-04-12 02:38:41,2022-04-12 02:38:48
2022-04-12 19:49:08,2022-04-12 19:49:32,Meeting _Social_Gathering_In_Person,annotator,HIGH LEVEL BEHAVIOR,2022-04-12 02:38:48,2022-04-12 02:39:12
2022-04-12 19:49:32,2022-04-12 19:50:04,Meeting _Social_Gathering_In_Person,annotator,HIGH LEVEL BEHAVIOR,2022-04-12 02:39:12,2022-04-12 02:39:44
2022-04-12 19:50:04,2022-04-12 19:51:07,Meeting _Social_Gathering_In_Person,annotator,HIGH LEVEL BEHAVIOR,2022-04-12 02:39:44,2022-04-12 02:40:47
2022-04-12 19:51:08,2022-04-12 19:51:57,Meeting _Social_Gathering_In_Person,annotator,HIGH LEVEL BEHAVIOR,2022-04-12 02:40:48,2022-04-12 02:41:37
2022-04-12 19:51:57,2022-04-12 19:52:39,Meeting _Social_Gathering_In_Person,annotator,HIGH LEVEL BEHAVIOR,2022-04-12 02:41:37,2022-04-12 02:42:19
2022-04-12 19:52:39,2022-04-12 19:53:41,Meeting _Social_Gathering_In_Person,annotator,HIGH LEVEL BEHAVIOR,2022-04-12 02:42:19,2022-04-12 02:43:21
2022-04-12 19:53:41,2022-04-12 19:53:58,Meeting _Social_Gathering_In_Person,annotator,HIGH LEVEL BEHAVIOR,2022-04-12 02:43:21,2022-04-12 02:43:38
2022-04-12 19:53:58,2022-04-12 19:56:00,Meeting _Social_Gathering_In_Person,annotator,HIGH LEVEL BEHAVIOR,2022-04-12 02:43:38,2022-04-12 02:45:40
2022-04-12 19:56:00,2022-04-12 19:56:05,Meeting _Social_Gathering_In_Person,annotator,HIGH LEVEL BEHAVIOR,2022-04-12 02:45:40,2022-04-12 02:45:45
2022-04-12 19:56:05,2022-04-12 19:56:24,In_Transit_Active,annotator,HIGH LEVEL BEHAVIOR,2022-04-12 02:45:45,2022-04-12 02:46:04
2022-04-12 19:56:24,2022-04-12 19:56:49,In_Transit_Active,annotator,HIGH LEVEL BEHAVIOR,2022-04-12 02:46:04,2022-04-12 02:46:29
2022-04-12 19:56:49,2022-04-12 20:03:31,In_Transit_Active,annotator,HIGH LEVEL BEHAVIOR,2022-04-12 02:46:29,2022-04-12 02:53:11
2022-04-12 20:03:31,2022-04-12 20:03:44,In_Transit_Active,annotator,HIGH LEVEL BEHAVIOR,2022-04-12 02:53:11,2022-04-12 02:53:24
2022-04-12 20:03:44,2022-04-12 20:04:23,,annotator,HIGH LEVEL BEHAVIOR,2022-04-12 02:53:24,2022-04-12 02:54:03
2022-04-12 20:04:23,2022-04-12 20:06:27,,annotator,HIGH LEVEL BEHAVIOR,2022-04-12 02:54:03,2022-04-12 02:56:07
2022-04-12 20:06:32,2022-04-12 20:07:13,Meeting _Social_Gathering_In_Person,annotator,HIGH LEVEL BEHAVIOR,2022-04-12 02:56:12,2022-04-12 02:56:53
2022-04-12 20:07:13,2022-04-12 20:07:41,In_Transit_Active,annotator,HIGH LEVEL BEHAVIOR,2022-04-12 02:56:53,2022-04-12 02:57:21
2022-04-12 20:07:41,2022-04-12 20:13:33,In_Transit_Active,annotator,HIGH LEVEL BEHAVIOR,2022-04-12 02:57:21,2022-04-12 03:03:13
2022-04-12 20:13:33,2022-04-12 20:14:12,In_Transit_Active,annotator,HIGH LEVEL BEHAVIOR,2022-04-12 03:03:13,2022-04-12 03:03:52
2022-04-12 20:14:12,2022-04-12 20:14:52,HLB_Indecipherable/Video_Insufficient,annotator,HIGH LEVEL BEHAVIOR,2022-04-12 03:03:52,2022-04-12 03:04:32
2022-04-12 20:14:52,2022-04-12 20:16:19,HLB_Indecipherable/Video_Insufficient,annotator,HIGH LEVEL BEHAVIOR,2022-04-12 03:04:32,2022-04-12 03:05:59
2022-04-12 20:16:19,2022-04-12 20:17:48,HLB_Indecipherable/Video_Insufficient,annotator,HIGH LEVEL BEHAVIOR,2022-04-12 03:05:59,2022-04-12 03:07:28
2022-04-12 20:17:48,2022-04-12 20:20:05,Packing/Unpacking_Something,annotator,HIGH LEVEL BEHAVIOR,2022-04-12 03:07:28,2022-04-12 03:09:45
2022-04-12 20:20:05,2022-04-12 20:20:51,HLB_Indecipherable/Video_Insufficient,annotator,HIGH LEVEL BEHAVIOR,2022-04-12 03:09:45,2022-04-12 03:10:31
2022-04-12 20:20:51,2022-04-12 20:21:24,HLB_Indecipherable/Video_Insufficient,annotator,HIGH LEVEL BEHAVIOR,2022-04-12 03:10:31,2022-04-12 03:11:04
2022-04-12 20:21:24,2022-04-12 20:21:44,HLB_Indecipherable/Video_Insufficient,annotator,HIGH LEVEL BEHAVIOR,2022-04-12 03:11:04,2022-04-12 03:11:24
2022-04-12 20:21:44,2022-04-12 20:22:06,HLB_Indecipherable/Video_Insufficient,annotator,HIGH LEVEL BEHAVIOR,2022-04-12 03:11:24,2022-04-12 03:11:46
2022-04-12 20:22:06,2022-04-12 20:23:49,HLB_Indecipherable/Video_Insufficient,annotator,HIGH LEVEL BEHAVIOR,2022-04-12 03:11:46,2022-04-12 03:13:29
2022-04-12 20:23:49,2022-04-12 20:25:14,Using_Computer/Screen,annotator,HIGH LEVEL BEHAVIOR,2022-04-12 03:13:29,2022-04-12 03:14:54
2022-04-12 20:25:14,2022-04-12 20:31:51,,annotator,HIGH LEVEL BEHAVIOR,2022-04-12 03:14:54,2022-04-12 03:21:31
2022-04-12 20:31:51,2022-04-12 20:37:12,HLB_Indecipherable/Video_Insufficient,annotator,HIGH LEVEL BEHAVIOR,2022-04-12 03:21:31,2022-04-12 03:26:52
2022-04-12 20:37:12,2022-04-12 20:38:08,Using_Computer/Screen,annotator,HIGH LEVEL BEHAVIOR,2022-04-12 03:26:52,2022-04-12 03:27:48
2022-04-12 20:38:08,2022-04-12 20:40:11,,annotator,HIGH LEVEL BEHAVIOR,2022-04-12 03:27:48,2022-04-12 03:29:51
2022-04-12 20:40:11,2022-04-12 20:40:36,Using_Computer/Screen,annotator,HIGH LEVEL BEHAVIOR,2022-04-12 03:29:51,2022-04-12 03:30:16
2022-04-12 20:40:38,2022-04-12 20:45:15,Using_Computer/Screen,annotator,HIGH LEVEL BEHAVIOR,2022-04-12 03:30:18,2022-04-12 03:34:55
2022-04-12 20:45:23,2022-04-12 20:46:04,Using_Computer/Screen,annotator,HIGH LEVEL BEHAVIOR,2022-04-12 03:35:03,2022-04-12 03:35:44
2022-04-12 20:47:18,2022-04-12 20:52:43,Using_Computer/Screen,annotator,HIGH LEVEL BEHAVIOR,2022-04-12 03:36:58,2022-04-12 03:42:23
2022-04-12 20:52:52,2022-04-12 20:54:09,In_Transit_Active,annotator,HIGH LEVEL BEHAVIOR,2022-04-12 03:42:32,2022-04-12 03:43:49
2022-04-12 20:54:17,2022-04-12 20:57:49,Cooking/Prepping_Food,annotator,HIGH LEVEL BEHAVIOR,2022-04-12 03:43:57,2022-04-12 03:47:29
2022-04-12 20:57:58,2022-04-12 20:58:37,Doing_Dishes,annotator,HIGH LEVEL BEHAVIOR,2022-04-12 03:47:38,2022-04-12 03:48:17
2022-04-12 20:58:38,2022-04-12 21:00:15,Cooking/Prepping_Food,annotator,HIGH LEVEL BEHAVIOR,2022-04-12 03:48:18,2022-04-12 03:49:55
2022-04-12 21:00:16,2022-04-12 21:00:39,Cooking/Prepping_Food,annotator,HIGH LEVEL BEHAVIOR,2022-04-12 03:49:56,2022-04-12 03:50:19
2022-04-12 21:00:42,2022-04-12 21:03:29,Cooking/Prepping_Food,annotator,HIGH LEVEL BEHAVIOR,2022-04-12 03:50:22,2022-04-12 03:53:09
2022-04-12 21:03:35,2022-04-12 21:04:13,In_Transit_Active,annotator,HIGH LEVEL BEHAVIOR,2022-04-12 03:53:15,2022-04-12 03:53:53
2022-04-12 21:04:15,2022-04-12 21:05:15,Meeting _Social_Gathering_In_Person,annotator,HIGH LEVEL BEHAVIOR,2022-04-12 03:53:55,2022-04-12 03:54:55
2022-04-12 21:05:24,2022-04-12 21:05:47,In_Transit_Active,annotator,HIGH LEVEL BEHAVIOR,2022-04-12 03:55:04,2022-04-12 03:55:27
2022-04-12 21:05:50,2022-04-12 21:06:28,Cooking/Prepping_Food,annotator,HIGH LEVEL BEHAVIOR,2022-04-12 03:55:30,2022-04-12 03:56:08
2022-04-12 21:06:45,2022-04-12 21:12:40,Meeting _Social_Gathering_In_Person,annotator,HIGH LEVEL BEHAVIOR,2022-04-12 03:56:25,2022-04-12 04:02:20
2022-04-12 21:12:43,2022-04-12 21:19:02,Cooking/Prepping_Food,annotator,HIGH LEVEL BEHAVIOR,2022-04-12 04:02:23,2022-04-12 04:08:42
2022-04-12 21:19:07,2022-04-12 21:19:37,In_Transit_Active,annotator,HIGH LEVEL BEHAVIOR,2022-04-12 04:08:47,2022-04-12 04:09:17
2022-04-12 21:19:47,2022-04-12 21:38:16,Eating/Dining, Using_Computer/Screen, WatchingTV/Movies,annotator,HIGH LEVEL BEHAVIOR,2022-04-12 04:09:27,2022-04-12 04:27:56
2022-04-12 21:38:28,2022-04-12 21:38:49,In_Transit_Active,annotator,HIGH LEVEL BEHAVIOR,2022-04-12 04:28:08,2022-04-12 04:28:29
2022-04-12 21:38:53,2022-04-12 21:40:51,Doing_Dishes,annotator,HIGH LEVEL BEHAVIOR,2022-04-12 04:28:33,2022-04-12 04:30:31
2022-04-12 21:40:58,2022-04-12 21:42:03,In_Transit_Active,annotator,HIGH LEVEL BEHAVIOR,2022-04-12 04:30:38,2022-04-12 04:31:43
2022-04-12 21:42:54,2022-04-12 21:48:37,Using_Computer/Screen,annotator,HIGH LEVEL BEHAVIOR,2022-04-12 04:32:34,2022-04-12 04:38:17
2022-04-12 21:48:45,2022-04-12 21:52:37,HLB_Unlabeled,annotator,HIGH LEVEL BEHAVIOR,2022-04-12 04:38:25,2022-04-12 04:42:17
2022-04-12 21:52:49,2022-04-12 22:26:15,Relaxing_Passive,annotator,HIGH LEVEL BEHAVIOR,2022-04-12 04:42:29,2022-04-12 05:15:55
2022-04-12 22:26:18,2022-04-12 22:26:53,In_Transit_Active,annotator,HIGH LEVEL BEHAVIOR,2022-04-12 05:15:58,2022-04-12 05:16:33
2022-04-12 22:26:56,2022-04-12 22:27:16,HLB_Unlabeled,annotator,HIGH LEVEL BEHAVIOR,2022-04-12 05:16:36,2022-04-12 05:16:56
2022-04-12 22:27:28,2022-04-12 23:36:17,Using_Computer/Screen,annotator,HIGH LEVEL BEHAVIOR,2022-04-12 05:17:08,2022-04-12 06:25:57
2022-04-12 23:36:18,2022-04-13 00:12:07,HLB_Indecipherable/Video_Insufficient,annotator,HIGH LEVEL BEHAVIOR,2022-04-12 06:25:58,2022-04-12 07:01:47
2022-04-13 00:12:12,2022-04-13 00:15:00,Using_Computer/Screen,annotator,HIGH LEVEL BEHAVIOR,2022-04-12 07:01:52,2022-04-12 07:04:40
2022-04-13 00:15:07,2022-04-13 00:53:06,Using_Computer/Screen,annotator,HIGH LEVEL BEHAVIOR,2022-04-12 07:04:47,2022-04-12 07:42:46
2022-04-13 00:53:16,2022-04-13 00:55:17,HLB_Indecipherable/Video_Insufficient,annotator,HIGH LEVEL BEHAVIOR,2022-04-12 07:42:56,2022-04-12 07:44:57
2022-04-13 00:55:32,2022-04-13 00:57:41,Doing_Common_Housework,annotator,HIGH LEVEL BEHAVIOR,2022-04-12 07:45:12,2022-04-12 07:47:21
2022-04-13 00:58:38,2022-04-13 00:58:57,Dressing/Undressing,annotator,HIGH LEVEL BEHAVIOR,2022-04-12 07:48:18,2022-04-12 07:48:37
2022-04-13 00:59:02,2022-04-13 01:02:27,Using_Computer/Screen,annotator,HIGH LEVEL BEHAVIOR,2022-04-12 07:48:42,2022-04-12 07:52:07
2022-04-13 01:02:34,2022-04-13 01:02:58,In_Transit_Active,annotator,HIGH LEVEL BEHAVIOR,2022-04-12 07:52:14,2022-04-12 07:52:38
2022-04-13 01:02:59,2022-04-13 01:04:23,Using_Computer/Screen,annotator,HIGH LEVEL BEHAVIOR,2022-04-12 07:52:39,2022-04-12 07:54:03
2022-04-13 01:04:28,2022-04-13 01:06:06,Using_Computer/Screen,annotator,HIGH LEVEL BEHAVIOR,2022-04-12 07:54:08,2022-04-12 07:55:46
2022-04-13 01:06:09,2022-04-13 01:07:04,Using_Computer/Screen,annotator,HIGH LEVEL BEHAVIOR,2022-04-12 07:55:49,2022-04-12 07:56:44
2022-04-13 01:07:08,2022-04-13 01:07:30,Using_Computer/Screen,annotator,HIGH LEVEL BEHAVIOR,2022-04-12 07:56:48,2022-04-12 07:57:10
2022-04-13 01:07:40,2022-04-13 01:08:59,HLB_Unlabeled,annotator,HIGH LEVEL BEHAVIOR,2022-04-12 07:57:20,2022-04-12 07:58:39
2022-04-13 01:09:26,2022-04-13 01:10:22,In_Transit_Active,annotator,HIGH LEVEL BEHAVIOR,2022-04-12 07:59:06,2022-04-12 08:00:02
2022-04-13 01:10:38,2022-04-13 01:10:57,HLB_Unlabeled,annotator,HIGH LEVEL BEHAVIOR,2022-04-12 08:00:18,2022-04-12 08:00:37
