START_TIME,STOP_TIME,PREDICTION,SOURCE,LABELSET,VIDEO_START_TIME,VIDEO_END_TIME
2022-06-04 10:59:34,2022-06-04 10:59:49,HLB_Unlabeled,annotator,HIGH LEVEL BEHAVIOR,2022-06-04 00:00:00,2022-06-04 00:00:15
2022-06-04 10:59:49,2022-06-04 10:59:57,Dressing/Undressing,annotator,HIGH LEVEL BEHAVIOR,2022-06-04 00:00:15,2022-06-04 00:00:23
2022-06-04 10:59:57,2022-06-04 11:00:08,Dressing/Undressing,annotator,HIGH LEVEL BEHAVIOR,2022-06-04 00:00:23,2022-06-04 00:00:34
2022-06-04 11:00:08,2022-06-04 11:00:33,Dressing/Undressing,annotator,HIGH LEVEL BEHAVIOR,2022-06-04 00:00:34,2022-06-04 00:00:59
2022-06-04 11:00:33,2022-06-04 11:00:44,In_Transit_Active,annotator,HIGH LEVEL BEHAVIOR,2022-06-04 00:00:59,2022-06-04 00:01:10
2022-06-04 11:00:44,2022-06-04 11:00:54,Using_Computer/Screen,annotator,HIGH LEVEL BEHAVIOR,2022-06-04 00:01:10,2022-06-04 00:01:20
2022-06-04 11:00:54,2022-06-04 11:01:11,Packing/Unpacking_Something,annotator,HIGH LEVEL BEHAVIOR,2022-06-04 00:01:20,2022-06-04 00:01:37
2022-06-04 11:01:11,2022-06-04 11:01:31,Packing/Unpacking_Something,annotator,HIGH LEVEL BEHAVIOR,2022-06-04 00:01:37,2022-06-04 00:01:57
2022-06-04 11:01:31,2022-06-04 11:01:33,HLB_Unlabeled,annotator,HIGH LEVEL BEHAVIOR,2022-06-04 00:01:57,2022-06-04 00:01:59
2022-06-04 11:01:33,2022-06-04 11:02:03,HLB_Unlabeled,annotator,HIGH LEVEL BEHAVIOR,2022-06-04 00:01:59,2022-06-04 00:02:29
2022-06-04 11:02:03,2022-06-04 11:02:18,In_Transit_Active,annotator,HIGH LEVEL BEHAVIOR,2022-06-04 00:02:29,2022-06-04 00:02:44
2022-06-04 11:02:18,2022-06-04 11:02:32,HLB_Indecipherable/Video_Insufficient,annotator,HIGH LEVEL BEHAVIOR,2022-06-04 00:02:44,2022-06-04 00:02:58
2022-06-04 11:02:32,2022-06-04 11:02:38,In_Transit_Active,annotator,HIGH LEVEL BEHAVIOR,2022-06-04 00:02:58,2022-06-04 00:03:04
2022-06-04 11:02:38,2022-06-04 11:02:56,In_Transit_Active,annotator,HIGH LEVEL BEHAVIOR,2022-06-04 00:03:04,2022-06-04 00:03:22
2022-06-04 11:02:56,2022-06-04 11:03:52,In_Transit_Active,annotator,HIGH LEVEL BEHAVIOR,2022-06-04 00:03:22,2022-06-04 00:04:18
2022-06-04 11:03:52,2022-06-04 11:04:11,In_Transit_Active,annotator,HIGH LEVEL BEHAVIOR,2022-06-04 00:04:18,2022-06-04 00:04:37
2022-06-04 11:04:11,2022-06-04 11:04:24,In_Transit_Active,annotator,HIGH LEVEL BEHAVIOR,2022-06-04 00:04:37,2022-06-04 00:04:50
2022-06-04 11:04:24,2022-06-04 11:04:33,In_Transit_Active,annotator,HIGH LEVEL BEHAVIOR,2022-06-04 00:04:50,2022-06-04 00:04:59
2022-06-04 11:04:33,2022-06-04 11:04:36,In_Transit_Active,annotator,HIGH LEVEL BEHAVIOR,2022-06-04 00:04:59,2022-06-04 00:05:02
2022-06-04 11:04:36,2022-06-04 11:05:48,In_Transit_Active,annotator,HIGH LEVEL BEHAVIOR,2022-06-04 00:05:02,2022-06-04 00:06:14
2022-06-04 11:05:48,2022-06-04 11:06:38,In_Transit_Active,annotator,HIGH LEVEL BEHAVIOR,2022-06-04 00:06:14,2022-06-04 00:07:04
2022-06-04 11:06:38,2022-06-04 11:07:50,In_Transit_Active,annotator,HIGH LEVEL BEHAVIOR,2022-06-04 00:07:04,2022-06-04 00:08:16
2022-06-04 11:07:50,2022-06-04 11:08:01,In_Transit_Active,annotator,HIGH LEVEL BEHAVIOR,2022-06-04 00:08:16,2022-06-04 00:08:27
2022-06-04 11:08:01,2022-06-04 11:08:38,In_Transit_Active,annotator,HIGH LEVEL BEHAVIOR,2022-06-04 00:08:27,2022-06-04 00:09:04
2022-06-04 11:08:38,2022-06-04 11:09:20,In_Transit_Active,annotator,HIGH LEVEL BEHAVIOR,2022-06-04 00:09:04,2022-06-04 00:09:46
2022-06-04 11:09:20,2022-06-04 11:09:21,In_Transit_Active,annotator,HIGH LEVEL BEHAVIOR,2022-06-04 00:09:46,2022-06-04 00:09:47
2022-06-04 11:09:21,2022-06-04 11:10:04,In_Transit_Active,annotator,HIGH LEVEL BEHAVIOR,2022-06-04 00:09:47,2022-06-04 00:10:30
2022-06-04 11:10:04,2022-06-04 11:10:28,In_Transit_Active,annotator,HIGH LEVEL BEHAVIOR,2022-06-04 00:10:30,2022-06-04 00:10:54
2022-06-04 11:10:28,2022-06-04 11:10:31,In_Transit_Active,annotator,HIGH LEVEL BEHAVIOR,2022-06-04 00:10:54,2022-06-04 00:10:57
2022-06-04 11:10:31,2022-06-04 11:10:38,In_Transit_Active,annotator,HIGH LEVEL BEHAVIOR,2022-06-04 00:10:57,2022-06-04 00:11:04
2022-06-04 11:10:38,2022-06-04 11:10:41,In_Transit_Active,annotator,HIGH LEVEL BEHAVIOR,2022-06-04 00:11:04,2022-06-04 00:11:07
2022-06-04 11:10:41,2022-06-04 11:10:51,In_Transit_Active,annotator,HIGH LEVEL BEHAVIOR,2022-06-04 00:11:07,2022-06-04 00:11:17
2022-06-04 11:10:51,2022-06-04 11:10:53,In_Transit_Active,annotator,HIGH LEVEL BEHAVIOR,2022-06-04 00:11:17,2022-06-04 00:11:19
2022-06-04 11:10:53,2022-06-04 11:12:54,In_Transit_Active,annotator,HIGH LEVEL BEHAVIOR,2022-06-04 00:11:19,2022-06-04 00:13:20
2022-06-04 11:12:54,2022-06-04 11:12:59,In_Transit_Active,annotator,HIGH LEVEL BEHAVIOR,2022-06-04 00:13:20,2022-06-04 00:13:25
2022-06-04 11:12:59,2022-06-04 11:14:49,In_Transit_Active,annotator,HIGH LEVEL BEHAVIOR,2022-06-04 00:13:25,2022-06-04 00:15:15
2022-06-04 11:14:49,2022-06-04 11:15:16,In_Transit_Active,annotator,HIGH LEVEL BEHAVIOR,2022-06-04 00:15:15,2022-06-04 00:15:42
2022-06-04 11:15:16,2022-06-04 11:16:00,In_Transit_Active,annotator,HIGH LEVEL BEHAVIOR,2022-06-04 00:15:42,2022-06-04 00:16:26
2022-06-04 11:16:00,2022-06-04 11:16:16,In_Transit_Active,annotator,HIGH LEVEL BEHAVIOR,2022-06-04 00:16:26,2022-06-04 00:16:42
2022-06-04 11:16:16,2022-06-04 11:16:23,In_Transit_Active,annotator,HIGH LEVEL BEHAVIOR,2022-06-04 00:16:42,2022-06-04 00:16:49
2022-06-04 11:16:23,2022-06-04 11:18:58,In_Transit_Active,annotator,HIGH LEVEL BEHAVIOR,2022-06-04 00:16:49,2022-06-04 00:19:24
2022-06-04 11:18:58,2022-06-04 11:20:59,In_Transit_Active,annotator,HIGH LEVEL BEHAVIOR,2022-06-04 00:19:24,2022-06-04 00:21:25
2022-06-04 11:20:59,2022-06-04 11:21:09,In_Transit_Active,annotator,HIGH LEVEL BEHAVIOR,2022-06-04 00:21:25,2022-06-04 00:21:35
2022-06-04 11:21:09,2022-06-04 11:21:40,In_Transit_Active,annotator,HIGH LEVEL BEHAVIOR,2022-06-04 00:21:35,2022-06-04 00:22:06
2022-06-04 11:21:40,2022-06-04 11:22:01,In_Transit_Active,annotator,HIGH LEVEL BEHAVIOR,2022-06-04 00:22:06,2022-06-04 00:22:27
2022-06-04 11:22:01,2022-06-04 11:22:37,In_Transit_Active,annotator,HIGH LEVEL BEHAVIOR,2022-06-04 00:22:27,2022-06-04 00:23:03
2022-06-04 11:22:37,2022-06-04 11:22:58,In_Transit_Active,annotator,HIGH LEVEL BEHAVIOR,2022-06-04 00:23:03,2022-06-04 00:23:24
2022-06-04 11:22:58,2022-06-04 11:23:08,In_Transit_Active,annotator,HIGH LEVEL BEHAVIOR,2022-06-04 00:23:24,2022-06-04 00:23:34
2022-06-04 11:23:08,2022-06-04 11:24:05,In_Transit_Active,annotator,HIGH LEVEL BEHAVIOR,2022-06-04 00:23:34,2022-06-04 00:24:31
2022-06-04 11:24:05,2022-06-04 11:24:24,In_Transit_Active,annotator,HIGH LEVEL BEHAVIOR,2022-06-04 00:24:31,2022-06-04 00:24:50
2022-06-04 11:24:24,2022-06-04 11:24:36,In_Transit_Active,annotator,HIGH LEVEL BEHAVIOR,2022-06-04 00:24:50,2022-06-04 00:25:02
2022-06-04 11:24:36,2022-06-04 11:30:17,HLB_Unlabeled,annotator,HIGH LEVEL BEHAVIOR,2022-06-04 00:25:02,2022-06-04 00:30:43
2022-06-04 11:30:17,2022-06-04 11:30:25,In_Transit_Active,annotator,HIGH LEVEL BEHAVIOR,2022-06-04 00:30:43,2022-06-04 00:30:51
2022-06-04 11:30:25,2022-06-04 11:30:53,Meeting _Social_Gathering_In_Person,annotator,HIGH LEVEL BEHAVIOR,2022-06-04 00:30:51,2022-06-04 00:31:19
2022-06-04 11:30:53,2022-06-04 11:31:00,Meeting _Social_Gathering_In_Person, In_Transit_Active,annotator,HIGH LEVEL BEHAVIOR,2022-06-04 00:31:19,2022-06-04 00:31:26
2022-06-04 11:31:00,2022-06-04 11:31:02,Meeting _Social_Gathering_In_Person, In_Transit_Active,annotator,HIGH LEVEL BEHAVIOR,2022-06-04 00:31:26,2022-06-04 00:31:28
2022-06-04 11:31:02,2022-06-04 11:31:06,Meeting _Social_Gathering_In_Person, In_Transit_Active,annotator,HIGH LEVEL BEHAVIOR,2022-06-04 00:31:28,2022-06-04 00:31:32
2022-06-04 11:31:06,2022-06-04 11:31:37,Meeting _Social_Gathering_In_Person, In_Transit_Active,annotator,HIGH LEVEL BEHAVIOR,2022-06-04 00:31:32,2022-06-04 00:32:03
2022-06-04 11:31:37,2022-06-04 11:32:02,Meeting _Social_Gathering_In_Person, In_Transit_Active,annotator,HIGH LEVEL BEHAVIOR,2022-06-04 00:32:03,2022-06-04 00:32:28
2022-06-04 11:32:02,2022-06-04 11:32:12,Meeting _Social_Gathering_In_Person,annotator,HIGH LEVEL BEHAVIOR,2022-06-04 00:32:28,2022-06-04 00:32:38
2022-06-04 11:32:12,2022-06-04 11:32:28,HLB_Unlabeled,annotator,HIGH LEVEL BEHAVIOR,2022-06-04 00:32:38,2022-06-04 00:32:54
2022-06-04 11:32:28,2022-06-04 11:32:34,Meeting _Social_Gathering_In_Person, Using_Computer/Screen,annotator,HIGH LEVEL BEHAVIOR,2022-06-04 00:32:54,2022-06-04 00:33:00
2022-06-04 11:32:34,2022-06-04 11:32:44,Meeting _Social_Gathering_In_Person, Using_Computer/Screen,annotator,HIGH LEVEL BEHAVIOR,2022-06-04 00:33:00,2022-06-04 00:33:10
2022-06-04 11:32:44,2022-06-04 11:33:05,Meeting _Social_Gathering_In_Person, Using_Computer/Screen,annotator,HIGH LEVEL BEHAVIOR,2022-06-04 00:33:10,2022-06-04 00:33:31
2022-06-04 11:33:05,2022-06-04 11:34:12,Meeting _Social_Gathering_In_Person,annotator,HIGH LEVEL BEHAVIOR,2022-06-04 00:33:31,2022-06-04 00:34:38
2022-06-04 11:34:12,2022-06-04 11:34:21,HLB_Indecipherable/Video_Insufficient,annotator,HIGH LEVEL BEHAVIOR,2022-06-04 00:34:38,2022-06-04 00:34:47
2022-06-04 11:34:21,2022-06-04 11:34:27,In_Transit_Active,annotator,HIGH LEVEL BEHAVIOR,2022-06-04 00:34:47,2022-06-04 00:34:53
2022-06-04 11:34:27,2022-06-04 11:34:32,HLB_Indecipherable/Video_Insufficient,annotator,HIGH LEVEL BEHAVIOR,2022-06-04 00:34:53,2022-06-04 00:34:58
2022-06-04 11:34:32,2022-06-04 11:34:42,HLB_Unlabeled,annotator,HIGH LEVEL BEHAVIOR,2022-06-04 00:34:58,2022-06-04 00:35:08
2022-06-04 11:34:42,2022-06-04 11:34:46,In_Transit_Active,annotator,HIGH LEVEL BEHAVIOR,2022-06-04 00:35:08,2022-06-04 00:35:12
2022-06-04 11:34:46,2022-06-04 11:34:51,HLB_Indecipherable/Video_Insufficient,annotator,HIGH LEVEL BEHAVIOR,2022-06-04 00:35:12,2022-06-04 00:35:17
2022-06-04 11:34:51,2022-06-04 11:35:02,In_Transit_Active,annotator,HIGH LEVEL BEHAVIOR,2022-06-04 00:35:17,2022-06-04 00:35:28
2022-06-04 11:35:02,2022-06-04 11:37:43,HLB_Indecipherable/Video_Insufficient,annotator,HIGH LEVEL BEHAVIOR,2022-06-04 00:35:28,2022-06-04 00:38:09
2022-06-04 11:37:43,2022-06-04 11:38:22,Meeting _Social_Gathering_In_Person,annotator,HIGH LEVEL BEHAVIOR,2022-06-04 00:38:09,2022-06-04 00:38:48
2022-06-04 11:38:22,2022-06-04 11:42:16,HLB_Indecipherable/Video_Insufficient,annotator,HIGH LEVEL BEHAVIOR,2022-06-04 00:38:48,2022-06-04 00:42:42
2022-06-04 11:42:16,2022-06-04 11:43:55,Meeting _Social_Gathering_In_Person,annotator,HIGH LEVEL BEHAVIOR,2022-06-04 00:42:42,2022-06-04 00:44:21
2022-06-04 11:43:55,2022-06-04 11:44:50,Meeting _Social_Gathering_In_Person,annotator,HIGH LEVEL BEHAVIOR,2022-06-04 00:44:21,2022-06-04 00:45:16
2022-06-04 11:44:50,2022-06-04 11:48:39,Meeting _Social_Gathering_In_Person,annotator,HIGH LEVEL BEHAVIOR,2022-06-04 00:45:16,2022-06-04 00:49:05
2022-06-04 11:48:39,2022-06-04 11:48:49,Meeting _Social_Gathering_In_Person, In_Transit_Active,annotator,HIGH LEVEL BEHAVIOR,2022-06-04 00:49:05,2022-06-04 00:49:15
2022-06-04 11:48:49,2022-06-04 11:49:21,Meeting _Social_Gathering_In_Person, Using_Computer/Screen,annotator,HIGH LEVEL BEHAVIOR,2022-06-04 00:49:15,2022-06-04 00:49:47
2022-06-04 11:49:21,2022-06-04 11:50:20,Meeting _Social_Gathering_In_Person, Using_Computer/Screen,annotator,HIGH LEVEL BEHAVIOR,2022-06-04 00:49:47,2022-06-04 00:50:46
2022-06-04 11:50:20,2022-06-04 11:50:32,Meeting _Social_Gathering_In_Person, Using_Computer/Screen,annotator,HIGH LEVEL BEHAVIOR,2022-06-04 00:50:46,2022-06-04 00:50:58
2022-06-04 11:50:32,2022-06-04 11:51:27,Meeting _Social_Gathering_In_Person, Using_Computer/Screen,annotator,HIGH LEVEL BEHAVIOR,2022-06-04 00:50:58,2022-06-04 00:51:53
2022-06-04 11:51:27,2022-06-04 11:52:49,Meeting _Social_Gathering_In_Person, Using_Computer/Screen,annotator,HIGH LEVEL BEHAVIOR,2022-06-04 00:51:53,2022-06-04 00:53:15
2022-06-04 11:52:49,2022-06-04 11:53:00,Meeting _Social_Gathering_In_Person, Using_Computer/Screen,annotator,HIGH LEVEL BEHAVIOR,2022-06-04 00:53:15,2022-06-04 00:53:26
2022-06-04 11:53:00,2022-06-04 11:54:22,Meeting _Social_Gathering_In_Person, Using_Computer/Screen,annotator,HIGH LEVEL BEHAVIOR,2022-06-04 00:53:26,2022-06-04 00:54:48
2022-06-04 11:54:22,2022-06-04 11:54:24,Meeting _Social_Gathering_In_Person, Packing/Unpacking_Something,annotator,HIGH LEVEL BEHAVIOR,2022-06-04 00:54:48,2022-06-04 00:54:50
2022-06-04 11:54:22,2022-06-04 11:54:22,Meeting _Social_Gathering_In_Person, Packing/Unpacking_Something,annotator,HIGH LEVEL BEHAVIOR,2022-06-04 00:54:48,2022-06-04 00:54:48
2022-06-04 11:54:24,2022-06-04 11:55:18,Meeting _Social_Gathering_In_Person, Using_Computer/Screen,annotator,HIGH LEVEL BEHAVIOR,2022-06-04 00:54:50,2022-06-04 00:55:44
2022-06-04 11:55:18,2022-06-04 11:55:41,Meeting _Social_Gathering_In_Person, Using_Computer/Screen,annotator,HIGH LEVEL BEHAVIOR,2022-06-04 00:55:44,2022-06-04 00:56:07
2022-06-04 11:55:41,2022-06-04 11:56:02,Meeting _Social_Gathering_In_Person, Using_Computer/Screen,annotator,HIGH LEVEL BEHAVIOR,2022-06-04 00:56:07,2022-06-04 00:56:28
2022-06-04 11:56:02,2022-06-04 11:57:41,Meeting _Social_Gathering_In_Person, Using_Computer/Screen,annotator,HIGH LEVEL BEHAVIOR,2022-06-04 00:56:28,2022-06-04 00:58:07
2022-06-04 11:57:41,2022-06-04 11:58:30,Meeting _Social_Gathering_In_Person, Using_Computer/Screen,annotator,HIGH LEVEL BEHAVIOR,2022-06-04 00:58:07,2022-06-04 00:58:56
2022-06-04 11:58:30,2022-06-04 11:59:15,Meeting _Social_Gathering_In_Person, Using_Computer/Screen,annotator,HIGH LEVEL BEHAVIOR,2022-06-04 00:58:56,2022-06-04 00:59:41
2022-06-04 11:59:15,2022-06-04 11:59:44,Meeting _Social_Gathering_In_Person, Using_Computer/Screen,annotator,HIGH LEVEL BEHAVIOR,2022-06-04 00:59:41,2022-06-04 01:00:10
2022-06-04 11:59:44,2022-06-04 12:00:50,Meeting _Social_Gathering_In_Person, Using_Computer/Screen,annotator,HIGH LEVEL BEHAVIOR,2022-06-04 01:00:10,2022-06-04 01:01:16
2022-06-04 12:00:50,2022-06-04 12:03:18,Meeting _Social_Gathering_In_Person, Using_Computer/Screen,annotator,HIGH LEVEL BEHAVIOR,2022-06-04 01:01:16,2022-06-04 01:03:44
2022-06-04 12:03:18,2022-06-04 12:03:25,Meeting _Social_Gathering_In_Person, Using_Computer/Screen,annotator,HIGH LEVEL BEHAVIOR,2022-06-04 01:03:44,2022-06-04 01:03:51
2022-06-04 12:03:25,2022-06-04 12:04:06,Meeting _Social_Gathering_In_Person,annotator,HIGH LEVEL BEHAVIOR,2022-06-04 01:03:51,2022-06-04 01:04:32
2022-06-04 12:04:06,2022-06-04 12:04:14,Meeting _Social_Gathering_In_Person,annotator,HIGH LEVEL BEHAVIOR,2022-06-04 01:04:32,2022-06-04 01:04:40
2022-06-04 12:04:14,2022-06-04 12:04:32,Meeting _Social_Gathering_In_Person,annotator,HIGH LEVEL BEHAVIOR,2022-06-04 01:04:40,2022-06-04 01:04:58
2022-06-04 12:04:32,2022-06-04 12:04:48,Meeting _Social_Gathering_In_Person, Using_Computer/Screen,annotator,HIGH LEVEL BEHAVIOR,2022-06-04 01:04:58,2022-06-04 01:05:14
2022-06-04 12:04:48,2022-06-04 12:05:27,Meeting _Social_Gathering_In_Person, Using_Computer/Screen,annotator,HIGH LEVEL BEHAVIOR,2022-06-04 01:05:14,2022-06-04 01:05:53
2022-06-04 12:05:27,2022-06-04 12:05:30,Meeting _Social_Gathering_In_Person, Using_Computer/Screen,annotator,HIGH LEVEL BEHAVIOR,2022-06-04 01:05:53,2022-06-04 01:05:56
2022-06-04 12:05:30,2022-06-04 12:07:14,Meeting _Social_Gathering_In_Person, Using_Computer/Screen,annotator,HIGH LEVEL BEHAVIOR,2022-06-04 01:05:56,2022-06-04 01:07:40
2022-06-04 12:07:14,2022-06-04 12:08:13,Meeting _Social_Gathering_In_Person, Using_Computer/Screen,annotator,HIGH LEVEL BEHAVIOR,2022-06-04 01:07:40,2022-06-04 01:08:39
2022-06-04 12:08:13,2022-06-04 12:08:54,Meeting _Social_Gathering_In_Person, Using_Computer/Screen,annotator,HIGH LEVEL BEHAVIOR,2022-06-04 01:08:39,2022-06-04 01:09:20
2022-06-04 12:08:54,2022-06-04 12:10:02,Meeting _Social_Gathering_In_Person, Using_Computer/Screen,annotator,HIGH LEVEL BEHAVIOR,2022-06-04 01:09:20,2022-06-04 01:10:28
2022-06-04 12:10:02,2022-06-04 12:10:27,Meeting _Social_Gathering_In_Person, Using_Computer/Screen,annotator,HIGH LEVEL BEHAVIOR,2022-06-04 01:10:28,2022-06-04 01:10:53
2022-06-04 12:10:27,2022-06-04 12:10:45,Meeting _Social_Gathering_In_Person,annotator,HIGH LEVEL BEHAVIOR,2022-06-04 01:10:53,2022-06-04 01:11:11
2022-06-04 12:10:45,2022-06-04 12:11:07,Meeting _Social_Gathering_In_Person,annotator,HIGH LEVEL BEHAVIOR,2022-06-04 01:11:11,2022-06-04 01:11:33
2022-06-04 12:11:07,2022-06-04 12:11:31,Meeting _Social_Gathering_In_Person, Using_Computer/Screen,annotator,HIGH LEVEL BEHAVIOR,2022-06-04 01:11:33,2022-06-04 01:11:57
2022-06-04 12:11:31,2022-06-04 12:11:35,Meeting _Social_Gathering_In_Person, Using_Computer/Screen,annotator,HIGH LEVEL BEHAVIOR,2022-06-04 01:11:57,2022-06-04 01:12:01
2022-06-04 12:11:35,2022-06-04 12:11:39,Meeting _Social_Gathering_In_Person, Using_Computer/Screen,annotator,HIGH LEVEL BEHAVIOR,2022-06-04 01:12:01,2022-06-04 01:12:05
2022-06-04 12:11:39,2022-06-04 12:13:38,Meeting _Social_Gathering_In_Person, Using_Computer/Screen,annotator,HIGH LEVEL BEHAVIOR,2022-06-04 01:12:05,2022-06-04 01:14:04
2022-06-04 12:13:38,2022-06-04 12:13:54,Meeting _Social_Gathering_In_Person, Using_Computer/Screen,annotator,HIGH LEVEL BEHAVIOR,2022-06-04 01:14:04,2022-06-04 01:14:20
2022-06-04 12:13:54,2022-06-04 12:14:08,Meeting _Social_Gathering_In_Person, Using_Computer/Screen,annotator,HIGH LEVEL BEHAVIOR,2022-06-04 01:14:20,2022-06-04 01:14:34
2022-06-04 12:14:08,2022-06-04 12:15:02,Meeting _Social_Gathering_In_Person, Using_Computer/Screen,annotator,HIGH LEVEL BEHAVIOR,2022-06-04 01:14:34,2022-06-04 01:15:28
2022-06-04 12:15:02,2022-06-04 12:15:28,Meeting _Social_Gathering_In_Person, Using_Computer/Screen,annotator,HIGH LEVEL BEHAVIOR,2022-06-04 01:15:28,2022-06-04 01:15:54
2022-06-04 12:15:28,2022-06-04 12:23:48,Meeting _Social_Gathering_In_Person, Using_Computer/Screen,annotator,HIGH LEVEL BEHAVIOR,2022-06-04 01:15:54,2022-06-04 01:24:14
2022-06-04 12:23:48,2022-06-04 12:28:41,Meeting _Social_Gathering_In_Person, Using_Computer/Screen,annotator,HIGH LEVEL BEHAVIOR,2022-06-04 01:24:14,2022-06-04 01:29:07
2022-06-04 12:28:41,2022-06-04 12:28:59,Meeting _Social_Gathering_In_Person, Using_Computer/Screen,annotator,HIGH LEVEL BEHAVIOR,2022-06-04 01:29:07,2022-06-04 01:29:25
2022-06-04 12:28:59,2022-06-04 12:29:22,Meeting _Social_Gathering_In_Person, Using_Computer/Screen,annotator,HIGH LEVEL BEHAVIOR,2022-06-04 01:29:25,2022-06-04 01:29:48
2022-06-04 12:29:22,2022-06-04 12:29:49,Meeting _Social_Gathering_In_Person, Using_Computer/Screen,annotator,HIGH LEVEL BEHAVIOR,2022-06-04 01:29:48,2022-06-04 01:30:15
2022-06-04 12:29:49,2022-06-04 12:29:58,Meeting _Social_Gathering_In_Person, Using_Computer/Screen,annotator,HIGH LEVEL BEHAVIOR,2022-06-04 01:30:15,2022-06-04 01:30:24
2022-06-04 12:29:58,2022-06-04 12:30:18,Meeting _Social_Gathering_In_Person, Using_Computer/Screen,annotator,HIGH LEVEL BEHAVIOR,2022-06-04 01:30:24,2022-06-04 01:30:44
2022-06-04 12:30:18,2022-06-04 12:30:56,Meeting _Social_Gathering_In_Person, Using_Computer/Screen,annotator,HIGH LEVEL BEHAVIOR,2022-06-04 01:30:44,2022-06-04 01:31:22
2022-06-04 12:30:56,2022-06-04 12:31:22,Meeting _Social_Gathering_In_Person,annotator,HIGH LEVEL BEHAVIOR,2022-06-04 01:31:22,2022-06-04 01:31:48
2022-06-04 12:31:22,2022-06-04 12:31:27,Meeting _Social_Gathering_In_Person, Using_Computer/Screen,annotator,HIGH LEVEL BEHAVIOR,2022-06-04 01:31:48,2022-06-04 01:31:53
2022-06-04 12:31:27,2022-06-04 12:32:23,Meeting _Social_Gathering_In_Person, Using_Computer/Screen,annotator,HIGH LEVEL BEHAVIOR,2022-06-04 01:31:53,2022-06-04 01:32:49
2022-06-04 12:32:23,2022-06-04 12:33:01,Meeting _Social_Gathering_In_Person, Using_Computer/Screen,annotator,HIGH LEVEL BEHAVIOR,2022-06-04 01:32:49,2022-06-04 01:33:27
2022-06-04 12:33:01,2022-06-04 12:33:10,Meeting _Social_Gathering_In_Person, Using_Computer/Screen,annotator,HIGH LEVEL BEHAVIOR,2022-06-04 01:33:27,2022-06-04 01:33:36
2022-06-04 12:33:10,2022-06-04 12:33:50,Meeting _Social_Gathering_In_Person, Using_Computer/Screen,annotator,HIGH LEVEL BEHAVIOR,2022-06-04 01:33:36,2022-06-04 01:34:16
2022-06-04 12:33:53,2022-06-04 12:34:38,Meeting _Social_Gathering_In_Person, Using_Computer/Screen,annotator,HIGH LEVEL BEHAVIOR,2022-06-04 01:34:19,2022-06-04 01:35:04
2022-06-04 12:34:38,2022-06-04 12:35:05,Meeting _Social_Gathering_In_Person, Using_Computer/Screen,annotator,HIGH LEVEL BEHAVIOR,2022-06-04 01:35:04,2022-06-04 01:35:31
2022-06-04 12:35:05,2022-06-04 12:35:37,Meeting _Social_Gathering_In_Person, Using_Computer/Screen,annotator,HIGH LEVEL BEHAVIOR,2022-06-04 01:35:31,2022-06-04 01:36:03
2022-06-04 12:35:37,2022-06-04 12:37:17,Meeting _Social_Gathering_In_Person, Using_Computer/Screen,annotator,HIGH LEVEL BEHAVIOR,2022-06-04 01:36:03,2022-06-04 01:37:43
2022-06-04 12:37:17,2022-06-04 12:41:39,Meeting _Social_Gathering_In_Person, Using_Computer/Screen,annotator,HIGH LEVEL BEHAVIOR,2022-06-04 01:37:43,2022-06-04 01:42:05
2022-06-04 12:41:39,2022-06-04 12:42:10,Meeting _Social_Gathering_In_Person, Using_Computer/Screen,annotator,HIGH LEVEL BEHAVIOR,2022-06-04 01:42:05,2022-06-04 01:42:36
2022-06-04 12:42:10,2022-06-04 12:45:47,Meeting _Social_Gathering_In_Person, Using_Computer/Screen,annotator,HIGH LEVEL BEHAVIOR,2022-06-04 01:42:36,2022-06-04 01:46:13
2022-06-04 12:45:47,2022-06-04 12:46:08,Meeting _Social_Gathering_In_Person, Using_Computer/Screen,annotator,HIGH LEVEL BEHAVIOR,2022-06-04 01:46:13,2022-06-04 01:46:34
2022-06-04 12:46:08,2022-06-04 12:46:22,Meeting _Social_Gathering_In_Person, Using_Computer/Screen,annotator,HIGH LEVEL BEHAVIOR,2022-06-04 01:46:34,2022-06-04 01:46:48
2022-06-04 12:46:22,2022-06-04 12:46:34,Meeting _Social_Gathering_In_Person, Using_Computer/Screen,annotator,HIGH LEVEL BEHAVIOR,2022-06-04 01:46:48,2022-06-04 01:47:00
2022-06-04 12:46:34,2022-06-04 12:49:29,Meeting _Social_Gathering_In_Person, Using_Computer/Screen,annotator,HIGH LEVEL BEHAVIOR,2022-06-04 01:47:00,2022-06-04 01:49:55
2022-06-04 12:49:29,2022-06-04 12:49:42,Meeting _Social_Gathering_In_Person, Using_Computer/Screen,annotator,HIGH LEVEL BEHAVIOR,2022-06-04 01:49:55,2022-06-04 01:50:08
2022-06-04 12:49:42,2022-06-04 12:50:17,Meeting _Social_Gathering_In_Person, Using_Computer/Screen,annotator,HIGH LEVEL BEHAVIOR,2022-06-04 01:50:08,2022-06-04 01:50:43
2022-06-04 12:50:17,2022-06-04 12:50:32,Meeting _Social_Gathering_In_Person, Using_Computer/Screen,annotator,HIGH LEVEL BEHAVIOR,2022-06-04 01:50:43,2022-06-04 01:50:58
2022-06-04 12:50:32,2022-06-04 12:51:04,Meeting _Social_Gathering_In_Person, Using_Computer/Screen,annotator,HIGH LEVEL BEHAVIOR,2022-06-04 01:50:58,2022-06-04 01:51:30
2022-06-04 12:51:04,2022-06-04 13:11:49,HLB_Indecipherable/Video_Insufficient,annotator,HIGH LEVEL BEHAVIOR,2022-06-04 01:51:30,2022-06-04 02:12:15
2022-06-04 13:11:49,2022-06-04 13:11:54,Meeting _Social_Gathering_In_Person, Using_Computer/Screen,annotator,HIGH LEVEL BEHAVIOR,2022-06-04 02:12:15,2022-06-04 02:12:20
2022-06-04 13:11:54,2022-06-04 13:12:44,Meeting _Social_Gathering_In_Person, Using_Computer/Screen,annotator,HIGH LEVEL BEHAVIOR,2022-06-04 02:12:20,2022-06-04 02:13:10
2022-06-04 13:12:44,2022-06-04 13:13:48,Meeting _Social_Gathering_In_Person, Using_Computer/Screen,annotator,HIGH LEVEL BEHAVIOR,2022-06-04 02:13:10,2022-06-04 02:14:14
2022-06-04 13:13:48,2022-06-04 13:14:37,Meeting _Social_Gathering_In_Person, Using_Computer/Screen,annotator,HIGH LEVEL BEHAVIOR,2022-06-04 02:14:14,2022-06-04 02:15:03
2022-06-04 13:14:37,2022-06-04 13:15:52,Meeting _Social_Gathering_In_Person, Using_Computer/Screen,annotator,HIGH LEVEL BEHAVIOR,2022-06-04 02:15:03,2022-06-04 02:16:18
2022-06-04 13:15:52,2022-06-04 13:23:15,Meeting _Social_Gathering_In_Person, Using_Computer/Screen,annotator,HIGH LEVEL BEHAVIOR,2022-06-04 02:16:18,2022-06-04 02:23:41
2022-06-04 13:23:15,2022-06-04 13:23:48,Meeting _Social_Gathering_In_Person, Using_Computer/Screen,annotator,HIGH LEVEL BEHAVIOR,2022-06-04 02:23:41,2022-06-04 02:24:14
2022-06-04 13:23:48,2022-06-04 13:25:01,Meeting _Social_Gathering_In_Person, Using_Computer/Screen,annotator,HIGH LEVEL BEHAVIOR,2022-06-04 02:24:14,2022-06-04 02:25:27
2022-06-04 13:25:01,2022-06-04 13:25:46,Meeting _Social_Gathering_In_Person, Using_Computer/Screen,annotator,HIGH LEVEL BEHAVIOR,2022-06-04 02:25:27,2022-06-04 02:26:12
2022-06-04 13:25:46,2022-06-04 13:25:51,Meeting _Social_Gathering_In_Person, Using_Computer/Screen,annotator,HIGH LEVEL BEHAVIOR,2022-06-04 02:26:12,2022-06-04 02:26:17
2022-06-04 13:25:51,2022-06-04 13:26:24,Meeting _Social_Gathering_In_Person, Using_Computer/Screen,annotator,HIGH LEVEL BEHAVIOR,2022-06-04 02:26:17,2022-06-04 02:26:50
2022-06-04 13:26:24,2022-06-04 13:26:33,Meeting _Social_Gathering_In_Person, Using_Computer/Screen,annotator,HIGH LEVEL BEHAVIOR,2022-06-04 02:26:50,2022-06-04 02:26:59
2022-06-04 13:26:33,2022-06-04 13:27:19,Meeting _Social_Gathering_In_Person, Using_Computer/Screen,annotator,HIGH LEVEL BEHAVIOR,2022-06-04 02:26:59,2022-06-04 02:27:45
2022-06-04 13:27:19,2022-06-04 13:27:57,Meeting _Social_Gathering_In_Person, Using_Computer/Screen,annotator,HIGH LEVEL BEHAVIOR,2022-06-04 02:27:45,2022-06-04 02:28:23
2022-06-04 13:27:57,2022-06-04 13:28:37,Meeting _Social_Gathering_In_Person, Using_Computer/Screen,annotator,HIGH LEVEL BEHAVIOR,2022-06-04 02:28:23,2022-06-04 02:29:03
2022-06-04 13:28:37,2022-06-04 13:30:57,Meeting _Social_Gathering_In_Person, Using_Computer/Screen,annotator,HIGH LEVEL BEHAVIOR,2022-06-04 02:29:03,2022-06-04 02:31:23
2022-06-04 13:30:57,2022-06-04 13:31:19,Meeting _Social_Gathering_In_Person, Using_Computer/Screen,annotator,HIGH LEVEL BEHAVIOR,2022-06-04 02:31:23,2022-06-04 02:31:45
2022-06-04 13:31:19,2022-06-04 13:31:47,Meeting _Social_Gathering_In_Person, Using_Computer/Screen,annotator,HIGH LEVEL BEHAVIOR,2022-06-04 02:31:45,2022-06-04 02:32:13
2022-06-04 13:31:47,2022-06-04 13:31:57,Meeting _Social_Gathering_In_Person, Using_Computer/Screen,annotator,HIGH LEVEL BEHAVIOR,2022-06-04 02:32:13,2022-06-04 02:32:23
2022-06-04 13:31:57,2022-06-04 13:32:13,Meeting _Social_Gathering_In_Person, Using_Computer/Screen,annotator,HIGH LEVEL BEHAVIOR,2022-06-04 02:32:23,2022-06-04 02:32:39
2022-06-04 13:32:13,2022-06-04 13:32:22,Meeting _Social_Gathering_In_Person, Using_Computer/Screen,annotator,HIGH LEVEL BEHAVIOR,2022-06-04 02:32:39,2022-06-04 02:32:48
2022-06-04 13:32:22,2022-06-04 13:32:56,Meeting _Social_Gathering_In_Person, Using_Computer/Screen,annotator,HIGH LEVEL BEHAVIOR,2022-06-04 02:32:48,2022-06-04 02:33:22
2022-06-04 13:32:56,2022-06-04 13:33:08,Meeting _Social_Gathering_In_Person, Using_Computer/Screen,annotator,HIGH LEVEL BEHAVIOR,2022-06-04 02:33:22,2022-06-04 02:33:34
2022-06-04 13:33:08,2022-06-04 13:34:21,Meeting _Social_Gathering_In_Person, Using_Computer/Screen,annotator,HIGH LEVEL BEHAVIOR,2022-06-04 02:33:34,2022-06-04 02:34:47
2022-06-04 13:34:21,2022-06-04 13:34:25,Meeting _Social_Gathering_In_Person, Using_Computer/Screen,annotator,HIGH LEVEL BEHAVIOR,2022-06-04 02:34:47,2022-06-04 02:34:51
2022-06-04 13:34:25,2022-06-04 13:35:20,Meeting _Social_Gathering_In_Person, Using_Computer/Screen,annotator,HIGH LEVEL BEHAVIOR,2022-06-04 02:34:51,2022-06-04 02:35:46
2022-06-04 13:35:20,2022-06-04 13:36:29,Meeting _Social_Gathering_In_Person, Using_Computer/Screen,annotator,HIGH LEVEL BEHAVIOR,2022-06-04 02:35:46,2022-06-04 02:36:55
2022-06-04 13:36:29,2022-06-04 13:36:39,Meeting _Social_Gathering_In_Person, Using_Computer/Screen,annotator,HIGH LEVEL BEHAVIOR,2022-06-04 02:36:55,2022-06-04 02:37:05
2022-06-04 13:36:39,2022-06-04 13:36:44,Meeting _Social_Gathering_In_Person, Using_Computer/Screen,annotator,HIGH LEVEL BEHAVIOR,2022-06-04 02:37:05,2022-06-04 02:37:10
2022-06-04 13:36:44,2022-06-04 13:37:25,Meeting _Social_Gathering_In_Person, Using_Computer/Screen,annotator,HIGH LEVEL BEHAVIOR,2022-06-04 02:37:10,2022-06-04 02:37:51
2022-06-04 13:37:25,2022-06-04 13:38:36,Meeting _Social_Gathering_In_Person, Using_Computer/Screen,annotator,HIGH LEVEL BEHAVIOR,2022-06-04 02:37:51,2022-06-04 02:39:02
2022-06-04 13:38:36,2022-06-04 13:39:13,Meeting _Social_Gathering_In_Person, Using_Computer/Screen,annotator,HIGH LEVEL BEHAVIOR,2022-06-04 02:39:02,2022-06-04 02:39:39
2022-06-04 13:39:13,2022-06-04 13:39:21,Meeting _Social_Gathering_In_Person, Using_Computer/Screen,annotator,HIGH LEVEL BEHAVIOR,2022-06-04 02:39:39,2022-06-04 02:39:47
2022-06-04 13:39:21,2022-06-04 13:39:37,Meeting _Social_Gathering_In_Person, Using_Computer/Screen,annotator,HIGH LEVEL BEHAVIOR,2022-06-04 02:39:47,2022-06-04 02:40:03
2022-06-04 13:39:37,2022-06-04 13:40:13,Meeting _Social_Gathering_In_Person, Using_Computer/Screen,annotator,HIGH LEVEL BEHAVIOR,2022-06-04 02:40:03,2022-06-04 02:40:39
2022-06-04 13:40:13,2022-06-04 13:41:38,Meeting _Social_Gathering_In_Person, Using_Computer/Screen,annotator,HIGH LEVEL BEHAVIOR,2022-06-04 02:40:39,2022-06-04 02:42:04
2022-06-04 13:41:38,2022-06-04 13:42:41,Meeting _Social_Gathering_In_Person, Using_Computer/Screen,annotator,HIGH LEVEL BEHAVIOR,2022-06-04 02:42:04,2022-06-04 02:43:07
2022-06-04 13:42:41,2022-06-04 13:43:10,Meeting _Social_Gathering_In_Person, Using_Computer/Screen,annotator,HIGH LEVEL BEHAVIOR,2022-06-04 02:43:07,2022-06-04 02:43:36
2022-06-04 13:43:10,2022-06-04 13:44:14,Meeting _Social_Gathering_In_Person, Using_Computer/Screen,annotator,HIGH LEVEL BEHAVIOR,2022-06-04 02:43:36,2022-06-04 02:44:40
2022-06-04 13:44:14,2022-06-04 13:45:00,Meeting _Social_Gathering_In_Person, Using_Computer/Screen,annotator,HIGH LEVEL BEHAVIOR,2022-06-04 02:44:40,2022-06-04 02:45:26
2022-06-04 13:45:00,2022-06-04 13:47:41,Meeting _Social_Gathering_In_Person, Using_Computer/Screen,annotator,HIGH LEVEL BEHAVIOR,2022-06-04 02:45:26,2022-06-04 02:48:07
2022-06-04 13:47:41,2022-06-04 13:48:00,Meeting _Social_Gathering_In_Person, Using_Computer/Screen,annotator,HIGH LEVEL BEHAVIOR,2022-06-04 02:48:07,2022-06-04 02:48:26
2022-06-04 13:48:00,2022-06-04 13:48:24,Meeting _Social_Gathering_In_Person, Using_Computer/Screen,annotator,HIGH LEVEL BEHAVIOR,2022-06-04 02:48:26,2022-06-04 02:48:50
2022-06-04 13:48:24,2022-06-04 13:48:24,Meeting _Social_Gathering_In_Person, Using_Computer/Screen,annotator,HIGH LEVEL BEHAVIOR,2022-06-04 02:48:50,2022-06-04 02:48:50
2022-06-04 13:48:24,2022-06-04 13:48:35,Meeting _Social_Gathering_In_Person, Using_Computer/Screen,annotator,HIGH LEVEL BEHAVIOR,2022-06-04 02:48:50,2022-06-04 02:49:01
2022-06-04 13:48:35,2022-06-04 13:50:56,Meeting _Social_Gathering_In_Person, Using_Computer/Screen,annotator,HIGH LEVEL BEHAVIOR,2022-06-04 02:49:01,2022-06-04 02:51:22
2022-06-04 13:50:56,2022-06-04 13:51:13,Meeting _Social_Gathering_In_Person, Using_Computer/Screen,annotator,HIGH LEVEL BEHAVIOR,2022-06-04 02:51:22,2022-06-04 02:51:39
2022-06-04 13:51:13,2022-06-04 13:51:31,Meeting _Social_Gathering_In_Person, Using_Computer/Screen,annotator,HIGH LEVEL BEHAVIOR,2022-06-04 02:51:39,2022-06-04 02:51:57
2022-06-04 13:51:31,2022-06-04 13:51:48,Meeting _Social_Gathering_In_Person,annotator,HIGH LEVEL BEHAVIOR,2022-06-04 02:51:57,2022-06-04 02:52:14
2022-06-04 13:51:48,2022-06-04 13:53:12,Meeting _Social_Gathering_In_Person,annotator,HIGH LEVEL BEHAVIOR,2022-06-04 02:52:14,2022-06-04 02:53:38
2022-06-04 13:53:12,2022-06-04 13:53:27,Meeting _Social_Gathering_In_Person,annotator,HIGH LEVEL BEHAVIOR,2022-06-04 02:53:38,2022-06-04 02:53:53
2022-06-04 13:53:27,2022-06-04 13:53:54,Meeting _Social_Gathering_In_Person,annotator,HIGH LEVEL BEHAVIOR,2022-06-04 02:53:53,2022-06-04 02:54:20
2022-06-04 13:53:54,2022-06-04 13:54:03,Meeting _Social_Gathering_In_Person,annotator,HIGH LEVEL BEHAVIOR,2022-06-04 02:54:20,2022-06-04 02:54:29
2022-06-04 13:54:03,2022-06-04 13:56:03,Meeting _Social_Gathering_In_Person,annotator,HIGH LEVEL BEHAVIOR,2022-06-04 02:54:29,2022-06-04 02:56:29
2022-06-04 13:56:03,2022-06-04 13:56:17,Meeting _Social_Gathering_In_Person, Packing/Unpacking_Something,annotator,HIGH LEVEL BEHAVIOR,2022-06-04 02:56:29,2022-06-04 02:56:43
2022-06-04 13:56:17,2022-06-04 13:56:23,Meeting _Social_Gathering_In_Person, Packing/Unpacking_Something,annotator,HIGH LEVEL BEHAVIOR,2022-06-04 02:56:43,2022-06-04 02:56:49
2022-06-04 13:56:23,2022-06-04 13:56:32,Meeting _Social_Gathering_In_Person, Packing/Unpacking_Something,annotator,HIGH LEVEL BEHAVIOR,2022-06-04 02:56:49,2022-06-04 02:56:58
2022-06-04 13:56:32,2022-06-04 13:56:49,Meeting _Social_Gathering_In_Person,annotator,HIGH LEVEL BEHAVIOR,2022-06-04 02:56:58,2022-06-04 02:57:15
2022-06-04 13:56:49,2022-06-04 13:57:11,Meeting _Social_Gathering_In_Person, Using_Computer/Screen,annotator,HIGH LEVEL BEHAVIOR,2022-06-04 02:57:15,2022-06-04 02:57:37
2022-06-04 13:57:11,2022-06-04 13:57:39,Meeting _Social_Gathering_In_Person, Using_Computer/Screen,annotator,HIGH LEVEL BEHAVIOR,2022-06-04 02:57:37,2022-06-04 02:58:05
2022-06-04 13:57:39,2022-06-04 13:58:35,Meeting _Social_Gathering_In_Person, Using_Computer/Screen,annotator,HIGH LEVEL BEHAVIOR,2022-06-04 02:58:05,2022-06-04 02:59:01
2022-06-04 13:58:35,2022-06-04 13:58:44,Meeting _Social_Gathering_In_Person, Using_Computer/Screen,annotator,HIGH LEVEL BEHAVIOR,2022-06-04 02:59:01,2022-06-04 02:59:10
2022-06-04 13:58:44,2022-06-04 13:59:12,Meeting _Social_Gathering_In_Person, Using_Computer/Screen,annotator,HIGH LEVEL BEHAVIOR,2022-06-04 02:59:10,2022-06-04 02:59:38
2022-06-04 13:59:12,2022-06-04 13:59:20,Meeting _Social_Gathering_In_Person,annotator,HIGH LEVEL BEHAVIOR,2022-06-04 02:59:38,2022-06-04 02:59:46
2022-06-04 13:59:20,2022-06-04 14:00:17,Meeting _Social_Gathering_In_Person,annotator,HIGH LEVEL BEHAVIOR,2022-06-04 02:59:46,2022-06-04 03:00:43
2022-06-04 14:00:17,2022-06-04 14:00:23,Meeting _Social_Gathering_In_Person,annotator,HIGH LEVEL BEHAVIOR,2022-06-04 03:00:43,2022-06-04 03:00:49
2022-06-04 14:00:23,2022-06-04 14:00:36,Meeting _Social_Gathering_In_Person,annotator,HIGH LEVEL BEHAVIOR,2022-06-04 03:00:49,2022-06-04 03:01:02
2022-06-04 14:00:36,2022-06-04 14:00:43,Meeting _Social_Gathering_In_Person,annotator,HIGH LEVEL BEHAVIOR,2022-06-04 03:01:02,2022-06-04 03:01:09
2022-06-04 14:00:43,2022-06-04 14:01:08,Meeting _Social_Gathering_In_Person, Using_Computer/Screen,annotator,HIGH LEVEL BEHAVIOR,2022-06-04 03:01:09,2022-06-04 03:01:34
2022-06-04 14:01:08,2022-06-04 14:01:14,Meeting _Social_Gathering_In_Person,annotator,HIGH LEVEL BEHAVIOR,2022-06-04 03:01:34,2022-06-04 03:01:40
2022-06-04 14:01:14,2022-06-04 14:01:27,Meeting _Social_Gathering_In_Person,annotator,HIGH LEVEL BEHAVIOR,2022-06-04 03:01:40,2022-06-04 03:01:53
2022-06-04 14:01:27,2022-06-04 14:01:38,Meeting _Social_Gathering_In_Person,annotator,HIGH LEVEL BEHAVIOR,2022-06-04 03:01:53,2022-06-04 03:02:04
2022-06-04 14:01:38,2022-06-04 14:02:46,Meeting _Social_Gathering_In_Person,annotator,HIGH LEVEL BEHAVIOR,2022-06-04 03:02:04,2022-06-04 03:03:12
2022-06-04 14:02:46,2022-06-04 14:03:06,Meeting _Social_Gathering_In_Person,annotator,HIGH LEVEL BEHAVIOR,2022-06-04 03:03:12,2022-06-04 03:03:32
2022-06-04 14:03:06,2022-06-04 14:03:22,Meeting _Social_Gathering_In_Person, Using_Computer/Screen,annotator,HIGH LEVEL BEHAVIOR,2022-06-04 03:03:32,2022-06-04 03:03:48
2022-06-04 14:03:22,2022-06-04 14:04:02,Meeting _Social_Gathering_In_Person, Using_Computer/Screen,annotator,HIGH LEVEL BEHAVIOR,2022-06-04 03:03:48,2022-06-04 03:04:28
2022-06-04 14:04:02,2022-06-04 14:04:33,Meeting _Social_Gathering_In_Person, Using_Computer/Screen,annotator,HIGH LEVEL BEHAVIOR,2022-06-04 03:04:28,2022-06-04 03:04:59
2022-06-04 14:04:33,2022-06-04 14:04:42,Meeting _Social_Gathering_In_Person, Using_Computer/Screen,annotator,HIGH LEVEL BEHAVIOR,2022-06-04 03:04:59,2022-06-04 03:05:08
2022-06-04 14:04:42,2022-06-04 14:05:43,Meeting _Social_Gathering_In_Person, Using_Computer/Screen,annotator,HIGH LEVEL BEHAVIOR,2022-06-04 03:05:08,2022-06-04 03:06:09
2022-06-04 14:05:43,2022-06-04 14:06:28,Meeting _Social_Gathering_In_Person, Using_Computer/Screen,annotator,HIGH LEVEL BEHAVIOR,2022-06-04 03:06:09,2022-06-04 03:06:54
2022-06-04 14:06:28,2022-06-04 14:06:36,Meeting _Social_Gathering_In_Person, Using_Computer/Screen,annotator,HIGH LEVEL BEHAVIOR,2022-06-04 03:06:54,2022-06-04 03:07:02
2022-06-04 14:06:36,2022-06-04 14:06:48,Meeting _Social_Gathering_In_Person, Using_Computer/Screen,annotator,HIGH LEVEL BEHAVIOR,2022-06-04 03:07:02,2022-06-04 03:07:14
2022-06-04 14:06:48,2022-06-04 14:07:19,Meeting _Social_Gathering_In_Person, Using_Computer/Screen,annotator,HIGH LEVEL BEHAVIOR,2022-06-04 03:07:14,2022-06-04 03:07:45
2022-06-04 14:07:19,2022-06-04 14:07:35,Meeting _Social_Gathering_In_Person, Using_Computer/Screen,annotator,HIGH LEVEL BEHAVIOR,2022-06-04 03:07:45,2022-06-04 03:08:01
2022-06-04 14:07:35,2022-06-04 14:09:33,Meeting _Social_Gathering_In_Person,annotator,HIGH LEVEL BEHAVIOR,2022-06-04 03:08:01,2022-06-04 03:09:59
2022-06-04 14:09:33,2022-06-04 14:09:41,Meeting _Social_Gathering_In_Person, Using_Computer/Screen,annotator,HIGH LEVEL BEHAVIOR,2022-06-04 03:09:59,2022-06-04 03:10:07
2022-06-04 14:09:41,2022-06-04 14:10:22,Meeting _Social_Gathering_In_Person, Using_Computer/Screen,annotator,HIGH LEVEL BEHAVIOR,2022-06-04 03:10:07,2022-06-04 03:10:48
2022-06-04 14:10:22,2022-06-04 14:10:32,Meeting _Social_Gathering_In_Person, Using_Computer/Screen,annotator,HIGH LEVEL BEHAVIOR,2022-06-04 03:10:48,2022-06-04 03:10:58
2022-06-04 14:10:32,2022-06-04 14:10:53,Meeting _Social_Gathering_In_Person, Using_Computer/Screen,annotator,HIGH LEVEL BEHAVIOR,2022-06-04 03:10:58,2022-06-04 03:11:19
2022-06-04 14:10:53,2022-06-04 14:11:09,Meeting _Social_Gathering_In_Person,annotator,HIGH LEVEL BEHAVIOR,2022-06-04 03:11:19,2022-06-04 03:11:35
2022-06-04 14:11:09,2022-06-04 14:13:42,Meeting _Social_Gathering_In_Person,annotator,HIGH LEVEL BEHAVIOR,2022-06-04 03:11:35,2022-06-04 03:14:08
2022-06-04 14:13:42,2022-06-04 14:14:32,Meeting _Social_Gathering_In_Person,annotator,HIGH LEVEL BEHAVIOR,2022-06-04 03:14:08,2022-06-04 03:14:58
2022-06-04 14:14:32,2022-06-04 14:16:20,Meeting _Social_Gathering_In_Person,annotator,HIGH LEVEL BEHAVIOR,2022-06-04 03:14:58,2022-06-04 03:16:46
2022-06-04 14:16:20,2022-06-04 14:16:56,Meeting _Social_Gathering_In_Person,annotator,HIGH LEVEL BEHAVIOR,2022-06-04 03:16:46,2022-06-04 03:17:22
2022-06-04 14:16:56,2022-06-04 14:16:59,Meeting _Social_Gathering_In_Person,annotator,HIGH LEVEL BEHAVIOR,2022-06-04 03:17:22,2022-06-04 03:17:25
2022-06-04 14:16:59,2022-06-04 14:18:35,Meeting _Social_Gathering_In_Person,annotator,HIGH LEVEL BEHAVIOR,2022-06-04 03:17:25,2022-06-04 03:19:01
2022-06-04 14:18:35,2022-06-04 14:18:50,Meeting _Social_Gathering_In_Person, In_Transit_Active,annotator,HIGH LEVEL BEHAVIOR,2022-06-04 03:19:01,2022-06-04 03:19:16
2022-06-04 14:18:50,2022-06-04 14:19:00,Meeting _Social_Gathering_In_Person, Using_Computer/Screen,annotator,HIGH LEVEL BEHAVIOR,2022-06-04 03:19:16,2022-06-04 03:19:26
2022-06-04 14:19:00,2022-06-04 14:19:12,Meeting _Social_Gathering_In_Person, Using_Computer/Screen,annotator,HIGH LEVEL BEHAVIOR,2022-06-04 03:19:26,2022-06-04 03:19:38
2022-06-04 14:19:12,2022-06-04 14:19:48,Meeting _Social_Gathering_In_Person,annotator,HIGH LEVEL BEHAVIOR,2022-06-04 03:19:38,2022-06-04 03:20:14
2022-06-04 14:19:48,2022-06-04 14:20:23,Meeting _Social_Gathering_In_Person,annotator,HIGH LEVEL BEHAVIOR,2022-06-04 03:20:14,2022-06-04 03:20:49
2022-06-04 14:20:23,2022-06-04 14:20:40,Meeting _Social_Gathering_In_Person, Using_Computer/Screen,annotator,HIGH LEVEL BEHAVIOR,2022-06-04 03:20:49,2022-06-04 03:21:06
2022-06-04 14:20:40,2022-06-04 14:21:05,Meeting _Social_Gathering_In_Person, In_Transit_Active,annotator,HIGH LEVEL BEHAVIOR,2022-06-04 03:21:06,2022-06-04 03:21:31
2022-06-04 14:21:05,2022-06-04 14:21:20,Meeting _Social_Gathering_In_Person, In_Transit_Active,annotator,HIGH LEVEL BEHAVIOR,2022-06-04 03:21:31,2022-06-04 03:21:46
2022-06-04 14:21:20,2022-06-04 14:21:35,Meeting _Social_Gathering_In_Person, Using_Computer/Screen,annotator,HIGH LEVEL BEHAVIOR,2022-06-04 03:21:46,2022-06-04 03:22:01
2022-06-04 14:21:35,2022-06-04 14:22:04,Meeting _Social_Gathering_In_Person, Using_Computer/Screen,annotator,HIGH LEVEL BEHAVIOR,2022-06-04 03:22:01,2022-06-04 03:22:30
2022-06-04 14:22:04,2022-06-04 14:23:48,Meeting _Social_Gathering_In_Person, Using_Computer/Screen,annotator,HIGH LEVEL BEHAVIOR,2022-06-04 03:22:30,2022-06-04 03:24:14
2022-06-04 14:23:48,2022-06-04 14:24:15,Meeting _Social_Gathering_In_Person, Using_Computer/Screen,annotator,HIGH LEVEL BEHAVIOR,2022-06-04 03:24:14,2022-06-04 03:24:41
2022-06-04 14:24:15,2022-06-04 14:25:52,Meeting _Social_Gathering_In_Person,annotator,HIGH LEVEL BEHAVIOR,2022-06-04 03:24:41,2022-06-04 03:26:18
2022-06-04 14:25:52,2022-06-04 14:26:40,Meeting _Social_Gathering_In_Person,annotator,HIGH LEVEL BEHAVIOR,2022-06-04 03:26:18,2022-06-04 03:27:06
2022-06-04 14:26:40,2022-06-04 14:26:53,Meeting _Social_Gathering_In_Person,annotator,HIGH LEVEL BEHAVIOR,2022-06-04 03:27:06,2022-06-04 03:27:19
2022-06-04 14:26:53,2022-06-04 14:27:24,Meeting _Social_Gathering_In_Person,annotator,HIGH LEVEL BEHAVIOR,2022-06-04 03:27:19,2022-06-04 03:27:50
2022-06-04 14:27:24,2022-06-04 14:28:34,Meeting _Social_Gathering_In_Person, Using_Computer/Screen,annotator,HIGH LEVEL BEHAVIOR,2022-06-04 03:27:50,2022-06-04 03:29:00
2022-06-04 14:28:34,2022-06-04 14:28:56,Meeting _Social_Gathering_In_Person,annotator,HIGH LEVEL BEHAVIOR,2022-06-04 03:29:00,2022-06-04 03:29:22
2022-06-04 14:28:56,2022-06-04 14:29:09,Meeting _Social_Gathering_In_Person,annotator,HIGH LEVEL BEHAVIOR,2022-06-04 03:29:22,2022-06-04 03:29:35
2022-06-04 14:29:09,2022-06-04 14:29:40,Meeting _Social_Gathering_In_Person,annotator,HIGH LEVEL BEHAVIOR,2022-06-04 03:29:35,2022-06-04 03:30:06
2022-06-04 14:29:40,2022-06-04 14:31:27,Meeting _Social_Gathering_In_Person,annotator,HIGH LEVEL BEHAVIOR,2022-06-04 03:30:06,2022-06-04 03:31:53
2022-06-04 14:31:27,2022-06-04 14:32:20,HLB_Indecipherable/Video_Insufficient,annotator,HIGH LEVEL BEHAVIOR,2022-06-04 03:31:53,2022-06-04 03:32:46
2022-06-04 14:32:20,2022-06-04 14:33:41,Meeting _Social_Gathering_In_Person,annotator,HIGH LEVEL BEHAVIOR,2022-06-04 03:32:46,2022-06-04 03:34:07
2022-06-04 14:33:41,2022-06-04 14:34:57,Meeting _Social_Gathering_In_Person,annotator,HIGH LEVEL BEHAVIOR,2022-06-04 03:34:07,2022-06-04 03:35:23
2022-06-04 14:34:57,2022-06-04 14:35:13,Meeting _Social_Gathering_In_Person,annotator,HIGH LEVEL BEHAVIOR,2022-06-04 03:35:23,2022-06-04 03:35:39
2022-06-04 14:35:13,2022-06-04 14:35:29,Meeting _Social_Gathering_In_Person,annotator,HIGH LEVEL BEHAVIOR,2022-06-04 03:35:39,2022-06-04 03:35:55
2022-06-04 14:35:29,2022-06-04 14:38:40,HLB_Indecipherable/Video_Insufficient,annotator,HIGH LEVEL BEHAVIOR,2022-06-04 03:35:55,2022-06-04 03:39:06
2022-06-04 14:38:40,2022-06-04 14:39:08,Meeting _Social_Gathering_In_Person,annotator,HIGH LEVEL BEHAVIOR,2022-06-04 03:39:06,2022-06-04 03:39:34
2022-06-04 14:39:08,2022-06-04 14:39:14,Meeting _Social_Gathering_In_Person,annotator,HIGH LEVEL BEHAVIOR,2022-06-04 03:39:34,2022-06-04 03:39:40
2022-06-04 14:39:14,2022-06-04 14:39:31,Meeting _Social_Gathering_In_Person,annotator,HIGH LEVEL BEHAVIOR,2022-06-04 03:39:40,2022-06-04 03:39:57
2022-06-04 14:39:31,2022-06-04 14:40:05,Meeting _Social_Gathering_In_Person,annotator,HIGH LEVEL BEHAVIOR,2022-06-04 03:39:57,2022-06-04 03:40:31
2022-06-04 14:40:05,2022-06-04 14:40:59,Meeting _Social_Gathering_In_Person,annotator,HIGH LEVEL BEHAVIOR,2022-06-04 03:40:31,2022-06-04 03:41:25
2022-06-04 14:40:59,2022-06-04 14:41:06,Meeting _Social_Gathering_In_Person,annotator,HIGH LEVEL BEHAVIOR,2022-06-04 03:41:25,2022-06-04 03:41:32
2022-06-04 14:41:06,2022-06-04 14:41:27,Meeting _Social_Gathering_In_Person,annotator,HIGH LEVEL BEHAVIOR,2022-06-04 03:41:32,2022-06-04 03:41:53
2022-06-04 14:41:27,2022-06-04 14:42:23,Meeting _Social_Gathering_In_Person,annotator,HIGH LEVEL BEHAVIOR,2022-06-04 03:41:53,2022-06-04 03:42:49
2022-06-04 14:42:23,2022-06-04 14:42:28,Meeting _Social_Gathering_In_Person,annotator,HIGH LEVEL BEHAVIOR,2022-06-04 03:42:49,2022-06-04 03:42:54
2022-06-04 14:42:28,2022-06-04 14:43:08,Meeting _Social_Gathering_In_Person,annotator,HIGH LEVEL BEHAVIOR,2022-06-04 03:42:54,2022-06-04 03:43:34
2022-06-04 14:43:08,2022-06-04 14:44:27,Meeting _Social_Gathering_In_Person,annotator,HIGH LEVEL BEHAVIOR,2022-06-04 03:43:34,2022-06-04 03:44:53
2022-06-04 14:44:27,2022-06-04 14:44:39,Meeting _Social_Gathering_In_Person,annotator,HIGH LEVEL BEHAVIOR,2022-06-04 03:44:53,2022-06-04 03:45:05
2022-06-04 14:44:39,2022-06-04 14:45:02,Meeting _Social_Gathering_In_Person,annotator,HIGH LEVEL BEHAVIOR,2022-06-04 03:45:05,2022-06-04 03:45:28
2022-06-04 14:45:02,2022-06-04 14:45:08,Meeting _Social_Gathering_In_Person,annotator,HIGH LEVEL BEHAVIOR,2022-06-04 03:45:28,2022-06-04 03:45:34
2022-06-04 14:45:08,2022-06-04 14:45:18,Meeting _Social_Gathering_In_Person,annotator,HIGH LEVEL BEHAVIOR,2022-06-04 03:45:34,2022-06-04 03:45:44
2022-06-04 14:45:18,2022-06-04 14:45:58,Meeting _Social_Gathering_In_Person,annotator,HIGH LEVEL BEHAVIOR,2022-06-04 03:45:44,2022-06-04 03:46:24
2022-06-04 14:45:58,2022-06-04 14:46:54,Meeting _Social_Gathering_In_Person,annotator,HIGH LEVEL BEHAVIOR,2022-06-04 03:46:24,2022-06-04 03:47:20
2022-06-04 14:46:54,2022-06-04 14:47:09,Meeting _Social_Gathering_In_Person,annotator,HIGH LEVEL BEHAVIOR,2022-06-04 03:47:20,2022-06-04 03:47:35
2022-06-04 14:47:09,2022-06-04 14:47:17,Meeting _Social_Gathering_In_Person,annotator,HIGH LEVEL BEHAVIOR,2022-06-04 03:47:35,2022-06-04 03:47:43
2022-06-04 14:47:17,2022-06-04 14:47:44,HLB_Indecipherable/Video_Insufficient,annotator,HIGH LEVEL BEHAVIOR,2022-06-04 03:47:43,2022-06-04 03:48:10
2022-06-04 14:47:44,2022-06-04 14:47:59,Meeting _Social_Gathering_In_Person,annotator,HIGH LEVEL BEHAVIOR,2022-06-04 03:48:10,2022-06-04 03:48:25
2022-06-04 14:47:59,2022-06-04 14:48:21,Meeting _Social_Gathering_In_Person,annotator,HIGH LEVEL BEHAVIOR,2022-06-04 03:48:25,2022-06-04 03:48:47
2022-06-04 14:48:21,2022-06-04 14:48:28,In_Transit_Active,annotator,HIGH LEVEL BEHAVIOR,2022-06-04 03:48:47,2022-06-04 03:48:54
2022-06-04 14:48:28,2022-06-04 14:48:55,In_Transit_Active,annotator,HIGH LEVEL BEHAVIOR,2022-06-04 03:48:54,2022-06-04 03:49:21
2022-06-04 14:48:55,2022-06-04 14:49:10,In_Transit_Active,annotator,HIGH LEVEL BEHAVIOR,2022-06-04 03:49:21,2022-06-04 03:49:36
2022-06-04 14:49:10,2022-06-04 14:53:59,In_Transit_Active, Meeting _Social_Gathering_In_Person,annotator,HIGH LEVEL BEHAVIOR,2022-06-04 03:49:36,2022-06-04 03:54:25
2022-06-04 14:53:59,2022-06-04 14:54:10,In_Transit_Active, Meeting _Social_Gathering_In_Person,annotator,HIGH LEVEL BEHAVIOR,2022-06-04 03:54:25,2022-06-04 03:54:36
2022-06-04 14:54:10,2022-06-04 14:54:27,In_Transit_Active, Meeting _Social_Gathering_In_Person,annotator,HIGH LEVEL BEHAVIOR,2022-06-04 03:54:36,2022-06-04 03:54:53
2022-06-04 14:54:27,2022-06-04 14:54:57,In_Transit_Active, Meeting _Social_Gathering_In_Person,annotator,HIGH LEVEL BEHAVIOR,2022-06-04 03:54:53,2022-06-04 03:55:23
2022-06-04 14:54:57,2022-06-04 14:55:19,In_Transit_Active, Meeting _Social_Gathering_In_Person,annotator,HIGH LEVEL BEHAVIOR,2022-06-04 03:55:23,2022-06-04 03:55:45
2022-06-04 14:55:19,2022-06-04 14:55:26,In_Transit_Active, Meeting _Social_Gathering_In_Person,annotator,HIGH LEVEL BEHAVIOR,2022-06-04 03:55:45,2022-06-04 03:55:52
2022-06-04 14:55:26,2022-06-04 14:57:44,In_Transit_Active, Meeting _Social_Gathering_In_Person,annotator,HIGH LEVEL BEHAVIOR,2022-06-04 03:55:52,2022-06-04 03:58:10
2022-06-04 14:57:44,2022-06-04 14:58:21,In_Transit_Active, Meeting _Social_Gathering_In_Person,annotator,HIGH LEVEL BEHAVIOR,2022-06-04 03:58:10,2022-06-04 03:58:47
2022-06-04 14:58:21,2022-06-04 14:59:35,In_Transit_Active, Meeting _Social_Gathering_In_Person,annotator,HIGH LEVEL BEHAVIOR,2022-06-04 03:58:47,2022-06-04 04:00:01
2022-06-04 14:59:35,2022-06-04 15:00:44,In_Transit_Active, Meeting _Social_Gathering_In_Person,annotator,HIGH LEVEL BEHAVIOR,2022-06-04 04:00:01,2022-06-04 04:01:10
2022-06-04 15:00:44,2022-06-04 15:01:21,In_Transit_Active, Meeting _Social_Gathering_In_Person,annotator,HIGH LEVEL BEHAVIOR,2022-06-04 04:01:10,2022-06-04 04:01:47
2022-06-04 15:01:21,2022-06-04 15:01:56,In_Transit_Active, Meeting _Social_Gathering_In_Person,annotator,HIGH LEVEL BEHAVIOR,2022-06-04 04:01:47,2022-06-04 04:02:22
2022-06-04 15:01:56,2022-06-04 15:02:07,Meeting _Social_Gathering_In_Person,annotator,HIGH LEVEL BEHAVIOR,2022-06-04 04:02:22,2022-06-04 04:02:33
2022-06-04 15:02:07,2022-06-04 15:04:59,Meeting _Social_Gathering_In_Person,annotator,HIGH LEVEL BEHAVIOR,2022-06-04 04:02:33,2022-06-04 04:05:25
2022-06-04 15:04:59,2022-06-04 15:05:48,Meeting _Social_Gathering_In_Person,annotator,HIGH LEVEL BEHAVIOR,2022-06-04 04:05:25,2022-06-04 04:06:14
2022-06-04 15:05:48,2022-06-04 15:05:56,Meeting _Social_Gathering_In_Person,annotator,HIGH LEVEL BEHAVIOR,2022-06-04 04:06:14,2022-06-04 04:06:22
2022-06-04 15:05:56,2022-06-04 15:06:15,Meeting _Social_Gathering_In_Person,annotator,HIGH LEVEL BEHAVIOR,2022-06-04 04:06:22,2022-06-04 04:06:41
2022-06-04 15:06:19,2022-06-04 15:06:37,Meeting _Social_Gathering_In_Person,annotator,HIGH LEVEL BEHAVIOR,2022-06-04 04:06:45,2022-06-04 04:07:03
2022-06-04 15:06:35,2022-06-04 15:08:35,Meeting _Social_Gathering_In_Person, In_Transit_Active, Eating/Dining,annotator,HIGH LEVEL BEHAVIOR,2022-06-04 04:07:01,2022-06-04 04:09:01
2022-06-04 15:08:36,2022-06-04 15:08:58,Meeting _Social_Gathering_In_Person, In_Transit_Active,annotator,HIGH LEVEL BEHAVIOR,2022-06-04 04:09:02,2022-06-04 04:09:24
2022-06-04 15:08:58,2022-06-04 15:09:26,Meeting _Social_Gathering_In_Person, In_Transit_Active, Eating/Dining,annotator,HIGH LEVEL BEHAVIOR,2022-06-04 04:09:24,2022-06-04 04:09:52
2022-06-04 15:09:26,2022-06-04 15:10:00,Meeting _Social_Gathering_In_Person, In_Transit_Active,annotator,HIGH LEVEL BEHAVIOR,2022-06-04 04:09:52,2022-06-04 04:10:26
2022-06-04 15:10:00,2022-06-04 15:10:17,Meeting _Social_Gathering_In_Person, In_Transit_Active, Eating/Dining,annotator,HIGH LEVEL BEHAVIOR,2022-06-04 04:10:26,2022-06-04 04:10:43
2022-06-04 15:10:17,2022-06-04 15:11:56,Meeting _Social_Gathering_In_Person, In_Transit_Active,annotator,HIGH LEVEL BEHAVIOR,2022-06-04 04:10:43,2022-06-04 04:12:22
2022-06-04 15:11:56,2022-06-04 15:12:11,Meeting _Social_Gathering_In_Person, In_Transit_Active,annotator,HIGH LEVEL BEHAVIOR,2022-06-04 04:12:22,2022-06-04 04:12:37
2022-06-04 15:12:11,2022-06-04 15:12:40,Meeting _Social_Gathering_In_Person, In_Transit_Active,annotator,HIGH LEVEL BEHAVIOR,2022-06-04 04:12:37,2022-06-04 04:13:06
2022-06-04 15:12:40,2022-06-04 15:13:03,Meeting _Social_Gathering_In_Person, In_Transit_Active,annotator,HIGH LEVEL BEHAVIOR,2022-06-04 04:13:06,2022-06-04 04:13:29
2022-06-04 15:13:03,2022-06-04 15:13:31,Meeting _Social_Gathering_In_Person, In_Transit_Active,annotator,HIGH LEVEL BEHAVIOR,2022-06-04 04:13:29,2022-06-04 04:13:57
2022-06-04 15:13:31,2022-06-04 15:13:36,Meeting _Social_Gathering_In_Person, In_Transit_Active,annotator,HIGH LEVEL BEHAVIOR,2022-06-04 04:13:57,2022-06-04 04:14:02
2022-06-04 15:13:36,2022-06-04 15:14:07,Meeting _Social_Gathering_In_Person, In_Transit_Active,annotator,HIGH LEVEL BEHAVIOR,2022-06-04 04:14:02,2022-06-04 04:14:33
2022-06-04 15:14:07,2022-06-04 15:14:20,Meeting _Social_Gathering_In_Person, In_Transit_Active,annotator,HIGH LEVEL BEHAVIOR,2022-06-04 04:14:33,2022-06-04 04:14:46
2022-06-04 15:14:20,2022-06-04 15:14:28,Meeting _Social_Gathering_In_Person,annotator,HIGH LEVEL BEHAVIOR,2022-06-04 04:14:46,2022-06-04 04:14:54
2022-06-04 15:14:28,2022-06-04 15:15:00,Meeting _Social_Gathering_In_Person,annotator,HIGH LEVEL BEHAVIOR,2022-06-04 04:14:54,2022-06-04 04:15:26
2022-06-04 15:15:00,2022-06-04 15:15:17,Meeting _Social_Gathering_In_Person, Using_Computer/Screen,annotator,HIGH LEVEL BEHAVIOR,2022-06-04 04:15:26,2022-06-04 04:15:43
2022-06-04 15:15:17,2022-06-04 15:16:04,Meeting _Social_Gathering_In_Person, Using_Computer/Screen,annotator,HIGH LEVEL BEHAVIOR,2022-06-04 04:15:43,2022-06-04 04:16:30
2022-06-04 15:16:04,2022-06-04 15:16:35,Meeting _Social_Gathering_In_Person, Using_Computer/Screen,annotator,HIGH LEVEL BEHAVIOR,2022-06-04 04:16:30,2022-06-04 04:17:01
2022-06-04 15:16:35,2022-06-04 15:16:49,Meeting _Social_Gathering_In_Person,annotator,HIGH LEVEL BEHAVIOR,2022-06-04 04:17:01,2022-06-04 04:17:15
2022-06-04 15:16:49,2022-06-04 15:17:19,Meeting _Social_Gathering_In_Person,annotator,HIGH LEVEL BEHAVIOR,2022-06-04 04:17:15,2022-06-04 04:17:45
2022-06-04 15:17:20,2022-06-04 15:20:07,Meeting _Social_Gathering_In_Person,annotator,HIGH LEVEL BEHAVIOR,2022-06-04 04:17:46,2022-06-04 04:20:33
2022-06-04 15:20:07,2022-06-04 15:20:29,Meeting _Social_Gathering_In_Person,annotator,HIGH LEVEL BEHAVIOR,2022-06-04 04:20:33,2022-06-04 04:20:55
2022-06-04 15:20:29,2022-06-04 15:20:56,Meeting _Social_Gathering_In_Person, Using_Computer/Screen,annotator,HIGH LEVEL BEHAVIOR,2022-06-04 04:20:55,2022-06-04 04:21:22
2022-06-04 15:20:56,2022-06-04 15:21:20,Meeting _Social_Gathering_In_Person,annotator,HIGH LEVEL BEHAVIOR,2022-06-04 04:21:22,2022-06-04 04:21:46
2022-06-04 15:21:20,2022-06-04 15:21:34,Meeting _Social_Gathering_In_Person, Packing/Unpacking_Something,annotator,HIGH LEVEL BEHAVIOR,2022-06-04 04:21:46,2022-06-04 04:22:00
2022-06-04 15:21:34,2022-06-04 15:21:53,Meeting _Social_Gathering_In_Person,annotator,HIGH LEVEL BEHAVIOR,2022-06-04 04:22:00,2022-06-04 04:22:19
2022-06-04 15:21:53,2022-06-04 15:26:59,Meeting _Social_Gathering_In_Person, Using_Computer/Screen,annotator,HIGH LEVEL BEHAVIOR,2022-06-04 04:22:19,2022-06-04 04:27:25
2022-06-04 15:27:01,2022-06-04 15:28:24,Meeting _Social_Gathering_In_Person,annotator,HIGH LEVEL BEHAVIOR,2022-06-04 04:27:27,2022-06-04 04:28:50
2022-06-04 15:28:24,2022-06-04 15:28:42,Meeting _Social_Gathering_In_Person,annotator,HIGH LEVEL BEHAVIOR,2022-06-04 04:28:50,2022-06-04 04:29:08
2022-06-04 15:28:42,2022-06-04 15:29:03,Meeting _Social_Gathering_In_Person, Using_Computer/Screen,annotator,HIGH LEVEL BEHAVIOR,2022-06-04 04:29:08,2022-06-04 04:29:29
2022-06-04 15:29:03,2022-06-04 15:29:15,Meeting _Social_Gathering_In_Person, Using_Computer/Screen,annotator,HIGH LEVEL BEHAVIOR,2022-06-04 04:29:29,2022-06-04 04:29:41
2022-06-04 15:29:15,2022-06-04 15:29:55,Meeting _Social_Gathering_In_Person, Using_Computer/Screen,annotator,HIGH LEVEL BEHAVIOR,2022-06-04 04:29:41,2022-06-04 04:30:21
2022-06-04 15:29:55,2022-06-04 15:30:09,Meeting _Social_Gathering_In_Person, Using_Computer/Screen,annotator,HIGH LEVEL BEHAVIOR,2022-06-04 04:30:21,2022-06-04 04:30:35
2022-06-04 15:30:09,2022-06-04 15:30:27,Meeting _Social_Gathering_In_Person, Using_Computer/Screen,annotator,HIGH LEVEL BEHAVIOR,2022-06-04 04:30:35,2022-06-04 04:30:53
2022-06-04 15:30:27,2022-06-04 15:30:38,Meeting _Social_Gathering_In_Person, Using_Computer/Screen,annotator,HIGH LEVEL BEHAVIOR,2022-06-04 04:30:53,2022-06-04 04:31:04
2022-06-04 15:30:38,2022-06-04 15:32:34,Meeting _Social_Gathering_In_Person, Using_Computer/Screen,annotator,HIGH LEVEL BEHAVIOR,2022-06-04 04:31:04,2022-06-04 04:33:00
2022-06-04 15:32:35,2022-06-04 15:33:08,Meeting _Social_Gathering_In_Person,annotator,HIGH LEVEL BEHAVIOR,2022-06-04 04:33:01,2022-06-04 04:33:34
2022-06-04 15:33:08,2022-06-04 15:34:08,Meeting _Social_Gathering_In_Person,annotator,HIGH LEVEL BEHAVIOR,2022-06-04 04:33:34,2022-06-04 04:34:34
2022-06-04 15:34:08,2022-06-04 15:36:07,Meeting _Social_Gathering_In_Person,annotator,HIGH LEVEL BEHAVIOR,2022-06-04 04:34:34,2022-06-04 04:36:33
2022-06-04 15:36:07,2022-06-04 15:36:12,Meeting _Social_Gathering_In_Person,annotator,HIGH LEVEL BEHAVIOR,2022-06-04 04:36:33,2022-06-04 04:36:38
2022-06-04 15:36:12,2022-06-04 15:36:28,Meeting _Social_Gathering_In_Person,annotator,HIGH LEVEL BEHAVIOR,2022-06-04 04:36:38,2022-06-04 04:36:54
2022-06-04 15:36:28,2022-06-04 15:36:48,Meeting _Social_Gathering_In_Person, Using_Computer/Screen,annotator,HIGH LEVEL BEHAVIOR,2022-06-04 04:36:54,2022-06-04 04:37:14
2022-06-04 15:36:48,2022-06-04 15:37:44,Meeting _Social_Gathering_In_Person,annotator,HIGH LEVEL BEHAVIOR,2022-06-04 04:37:14,2022-06-04 04:38:10
2022-06-04 15:37:44,2022-06-04 15:37:47,Meeting _Social_Gathering_In_Person,annotator,HIGH LEVEL BEHAVIOR,2022-06-04 04:38:10,2022-06-04 04:38:13
2022-06-04 15:37:47,2022-06-04 15:38:02,Meeting _Social_Gathering_In_Person,annotator,HIGH LEVEL BEHAVIOR,2022-06-04 04:38:13,2022-06-04 04:38:28
2022-06-04 15:38:02,2022-06-04 15:38:55,Meeting _Social_Gathering_In_Person, Using_Computer/Screen,annotator,HIGH LEVEL BEHAVIOR,2022-06-04 04:38:28,2022-06-04 04:39:21
2022-06-04 15:38:55,2022-06-04 15:39:16,Meeting _Social_Gathering_In_Person,annotator,HIGH LEVEL BEHAVIOR,2022-06-04 04:39:21,2022-06-04 04:39:42
2022-06-04 15:39:16,2022-06-04 15:39:59,Meeting _Social_Gathering_In_Person,annotator,HIGH LEVEL BEHAVIOR,2022-06-04 04:39:42,2022-06-04 04:40:25
2022-06-04 15:39:59,2022-06-04 15:40:15,Meeting _Social_Gathering_In_Person,annotator,HIGH LEVEL BEHAVIOR,2022-06-04 04:40:25,2022-06-04 04:40:41
2022-06-04 15:40:15,2022-06-04 15:40:21,Meeting _Social_Gathering_In_Person,annotator,HIGH LEVEL BEHAVIOR,2022-06-04 04:40:41,2022-06-04 04:40:47
2022-06-04 15:40:21,2022-06-04 15:40:35,Meeting _Social_Gathering_In_Person,annotator,HIGH LEVEL BEHAVIOR,2022-06-04 04:40:47,2022-06-04 04:41:01
2022-06-04 15:40:35,2022-06-04 15:40:48,Meeting _Social_Gathering_In_Person,annotator,HIGH LEVEL BEHAVIOR,2022-06-04 04:41:01,2022-06-04 04:41:14
2022-06-04 15:40:48,2022-06-04 15:40:58,Meeting _Social_Gathering_In_Person,annotator,HIGH LEVEL BEHAVIOR,2022-06-04 04:41:14,2022-06-04 04:41:24
2022-06-04 15:40:58,2022-06-04 15:41:10,Meeting _Social_Gathering_In_Person,annotator,HIGH LEVEL BEHAVIOR,2022-06-04 04:41:24,2022-06-04 04:41:36
2022-06-04 15:41:10,2022-06-04 15:42:29,Meeting _Social_Gathering_In_Person,annotator,HIGH LEVEL BEHAVIOR,2022-06-04 04:41:36,2022-06-04 04:42:55
2022-06-04 15:42:29,2022-06-04 15:43:30,Meeting _Social_Gathering_In_Person,annotator,HIGH LEVEL BEHAVIOR,2022-06-04 04:42:55,2022-06-04 04:43:56
2022-06-04 15:43:30,2022-06-04 15:44:14,Meeting _Social_Gathering_In_Person,annotator,HIGH LEVEL BEHAVIOR,2022-06-04 04:43:56,2022-06-04 04:44:40
2022-06-04 15:44:14,2022-06-04 15:44:30,Meeting _Social_Gathering_In_Person,annotator,HIGH LEVEL BEHAVIOR,2022-06-04 04:44:40,2022-06-04 04:44:56
2022-06-04 15:44:30,2022-06-04 15:44:37,Meeting _Social_Gathering_In_Person, Using_Computer/Screen,annotator,HIGH LEVEL BEHAVIOR,2022-06-04 04:44:56,2022-06-04 04:45:03
2022-06-04 15:44:37,2022-06-04 15:44:50,Meeting _Social_Gathering_In_Person,annotator,HIGH LEVEL BEHAVIOR,2022-06-04 04:45:03,2022-06-04 04:45:16
2022-06-04 15:44:50,2022-06-04 15:44:57,Meeting _Social_Gathering_In_Person,annotator,HIGH LEVEL BEHAVIOR,2022-06-04 04:45:16,2022-06-04 04:45:23
2022-06-04 15:44:57,2022-06-04 15:45:07,Meeting _Social_Gathering_In_Person,annotator,HIGH LEVEL BEHAVIOR,2022-06-04 04:45:23,2022-06-04 04:45:33
2022-06-04 15:45:07,2022-06-04 15:46:19,Meeting _Social_Gathering_In_Person,annotator,HIGH LEVEL BEHAVIOR,2022-06-04 04:45:33,2022-06-04 04:46:45
2022-06-04 15:46:19,2022-06-04 15:46:41,Meeting _Social_Gathering_In_Person,annotator,HIGH LEVEL BEHAVIOR,2022-06-04 04:46:45,2022-06-04 04:47:07
2022-06-04 15:46:41,2022-06-04 15:46:52,Meeting _Social_Gathering_In_Person,annotator,HIGH LEVEL BEHAVIOR,2022-06-04 04:47:07,2022-06-04 04:47:18
2022-06-04 15:46:52,2022-06-04 15:47:02,Meeting _Social_Gathering_In_Person,annotator,HIGH LEVEL BEHAVIOR,2022-06-04 04:47:18,2022-06-04 04:47:28
2022-06-04 15:47:02,2022-06-04 15:48:17,Meeting _Social_Gathering_In_Person, Using_Computer/Screen,annotator,HIGH LEVEL BEHAVIOR,2022-06-04 04:47:28,2022-06-04 04:48:43
2022-06-04 15:48:17,2022-06-04 15:48:45,Meeting _Social_Gathering_In_Person, Using_Computer/Screen,annotator,HIGH LEVEL BEHAVIOR,2022-06-04 04:48:43,2022-06-04 04:49:11
2022-06-04 15:48:45,2022-06-04 15:48:52,Meeting _Social_Gathering_In_Person,annotator,HIGH LEVEL BEHAVIOR,2022-06-04 04:49:11,2022-06-04 04:49:18
2022-06-04 15:48:52,2022-06-04 15:49:08,Meeting _Social_Gathering_In_Person,annotator,HIGH LEVEL BEHAVIOR,2022-06-04 04:49:18,2022-06-04 04:49:34
2022-06-04 15:49:08,2022-06-04 15:49:36,Meeting _Social_Gathering_In_Person, WatchingTV/Movies,annotator,HIGH LEVEL BEHAVIOR,2022-06-04 04:49:34,2022-06-04 04:50:02
2022-06-04 15:49:36,2022-06-04 15:49:53,Meeting _Social_Gathering_In_Person,annotator,HIGH LEVEL BEHAVIOR,2022-06-04 04:50:02,2022-06-04 04:50:19
2022-06-04 15:49:53,2022-06-04 15:53:58,HLB_Indecipherable/Video_Insufficient,annotator,HIGH LEVEL BEHAVIOR,2022-06-04 04:50:19,2022-06-04 04:54:24
2022-06-04 15:53:58,2022-06-04 15:57:56,Meeting _Social_Gathering_In_Person,annotator,HIGH LEVEL BEHAVIOR,2022-06-04 04:54:24,2022-06-04 04:58:22
2022-06-04 15:57:56,2022-06-04 15:59:33,Meeting _Social_Gathering_In_Person,annotator,HIGH LEVEL BEHAVIOR,2022-06-04 04:58:22,2022-06-04 04:59:59
2022-06-04 15:59:33,2022-06-04 16:00:25,Meeting _Social_Gathering_In_Person,annotator,HIGH LEVEL BEHAVIOR,2022-06-04 04:59:59,2022-06-04 05:00:51
2022-06-04 16:00:25,2022-06-04 16:05:54,Meeting _Social_Gathering_In_Person,annotator,HIGH LEVEL BEHAVIOR,2022-06-04 05:00:51,2022-06-04 05:06:20
2022-06-04 16:05:54,2022-06-04 16:07:26,Meeting _Social_Gathering_In_Person,annotator,HIGH LEVEL BEHAVIOR,2022-06-04 05:06:20,2022-06-04 05:07:52
2022-06-04 16:07:26,2022-06-04 16:07:33,Meeting _Social_Gathering_In_Person,annotator,HIGH LEVEL BEHAVIOR,2022-06-04 05:07:52,2022-06-04 05:07:59
2022-06-04 16:07:33,2022-06-04 16:08:29,Meeting _Social_Gathering_In_Person,annotator,HIGH LEVEL BEHAVIOR,2022-06-04 05:07:59,2022-06-04 05:08:55
2022-06-04 16:08:29,2022-06-04 16:08:34,Meeting _Social_Gathering_In_Person,annotator,HIGH LEVEL BEHAVIOR,2022-06-04 05:08:55,2022-06-04 05:09:00
2022-06-04 16:08:34,2022-06-04 16:08:43,Meeting _Social_Gathering_In_Person,annotator,HIGH LEVEL BEHAVIOR,2022-06-04 05:09:00,2022-06-04 05:09:09
2022-06-04 16:08:43,2022-06-04 16:08:46,Meeting _Social_Gathering_In_Person,annotator,HIGH LEVEL BEHAVIOR,2022-06-04 05:09:09,2022-06-04 05:09:12
2022-06-04 16:08:46,2022-06-04 16:27:01,HLB_Indecipherable/Video_Insufficient,annotator,HIGH LEVEL BEHAVIOR,2022-06-04 05:09:12,2022-06-04 05:27:27
2022-06-04 16:27:01,2022-06-04 16:27:13,Meeting _Social_Gathering_In_Person,annotator,HIGH LEVEL BEHAVIOR,2022-06-04 05:27:27,2022-06-04 05:27:39
2022-06-04 16:27:13,2022-06-04 16:27:20,Meeting _Social_Gathering_In_Person,annotator,HIGH LEVEL BEHAVIOR,2022-06-04 05:27:39,2022-06-04 05:27:46
2022-06-04 16:27:20,2022-06-04 16:33:25,Meeting _Social_Gathering_In_Person,annotator,HIGH LEVEL BEHAVIOR,2022-06-04 05:27:46,2022-06-04 05:33:51
2022-06-04 16:33:25,2022-06-04 16:33:44,Meeting _Social_Gathering_In_Person,annotator,HIGH LEVEL BEHAVIOR,2022-06-04 05:33:51,2022-06-04 05:34:10
2022-06-04 16:33:44,2022-06-04 16:33:56,Meeting _Social_Gathering_In_Person,annotator,HIGH LEVEL BEHAVIOR,2022-06-04 05:34:10,2022-06-04 05:34:22
2022-06-04 16:33:56,2022-06-04 16:34:00,Meeting _Social_Gathering_In_Person,annotator,HIGH LEVEL BEHAVIOR,2022-06-04 05:34:22,2022-06-04 05:34:26
2022-06-04 16:34:00,2022-06-04 16:35:24,Meeting _Social_Gathering_In_Person,annotator,HIGH LEVEL BEHAVIOR,2022-06-04 05:34:26,2022-06-04 05:35:50
2022-06-04 16:35:24,2022-06-04 16:35:28,Meeting _Social_Gathering_In_Person,annotator,HIGH LEVEL BEHAVIOR,2022-06-04 05:35:50,2022-06-04 05:35:54
2022-06-04 16:35:28,2022-06-04 16:40:17,Meeting _Social_Gathering_In_Person,annotator,HIGH LEVEL BEHAVIOR,2022-06-04 05:35:54,2022-06-04 05:40:43
2022-06-04 16:40:17,2022-06-04 16:40:50,Meeting _Social_Gathering_In_Person,annotator,HIGH LEVEL BEHAVIOR,2022-06-04 05:40:43,2022-06-04 05:41:16
2022-06-04 16:40:50,2022-06-04 16:43:58,Meeting _Social_Gathering_In_Person,annotator,HIGH LEVEL BEHAVIOR,2022-06-04 05:41:16,2022-06-04 05:44:24
2022-06-04 16:43:58,2022-06-04 16:44:48,Meeting _Social_Gathering_In_Person,annotator,HIGH LEVEL BEHAVIOR,2022-06-04 05:44:24,2022-06-04 05:45:14
2022-06-04 16:44:48,2022-06-04 16:45:09,Meeting _Social_Gathering_In_Person,annotator,HIGH LEVEL BEHAVIOR,2022-06-04 05:45:14,2022-06-04 05:45:35
2022-06-04 16:45:09,2022-06-04 16:48:59,Meeting _Social_Gathering_In_Person,annotator,HIGH LEVEL BEHAVIOR,2022-06-04 05:45:35,2022-06-04 05:49:25
2022-06-04 16:48:59,2022-06-04 16:51:51,Meeting _Social_Gathering_In_Person,annotator,HIGH LEVEL BEHAVIOR,2022-06-04 05:49:25,2022-06-04 05:52:17
2022-06-04 16:51:51,2022-06-04 16:51:54,Meeting _Social_Gathering_In_Person,annotator,HIGH LEVEL BEHAVIOR,2022-06-04 05:52:17,2022-06-04 05:52:20
2022-06-04 16:51:54,2022-06-04 16:52:03,Meeting _Social_Gathering_In_Person,annotator,HIGH LEVEL BEHAVIOR,2022-06-04 05:52:20,2022-06-04 05:52:29
2022-06-04 16:52:05,2022-06-04 17:02:08,Meeting _Social_Gathering_In_Person, WatchingTV/Movies,annotator,HIGH LEVEL BEHAVIOR,2022-06-04 05:52:31,2022-06-04 06:02:34
2022-06-04 17:02:08,2022-06-04 17:02:18,Meeting _Social_Gathering_In_Person,annotator,HIGH LEVEL BEHAVIOR,2022-06-04 06:02:34,2022-06-04 06:02:44
2022-06-04 17:02:18,2022-06-04 17:02:29,Meeting _Social_Gathering_In_Person,annotator,HIGH LEVEL BEHAVIOR,2022-06-04 06:02:44,2022-06-04 06:02:55
2022-06-04 17:02:29,2022-06-04 17:03:39,Meeting _Social_Gathering_In_Person, Using_Computer/Screen,annotator,HIGH LEVEL BEHAVIOR,2022-06-04 06:02:55,2022-06-04 06:04:05
2022-06-04 17:03:39,2022-06-04 17:03:46,Meeting _Social_Gathering_In_Person,annotator,HIGH LEVEL BEHAVIOR,2022-06-04 06:04:05,2022-06-04 06:04:12
2022-06-04 17:03:46,2022-06-04 17:03:49,Meeting _Social_Gathering_In_Person,annotator,HIGH LEVEL BEHAVIOR,2022-06-04 06:04:12,2022-06-04 06:04:15
2022-06-04 17:03:49,2022-06-04 17:04:18,Meeting _Social_Gathering_In_Person,annotator,HIGH LEVEL BEHAVIOR,2022-06-04 06:04:15,2022-06-04 06:04:44
2022-06-04 17:04:18,2022-06-04 17:04:35,Meeting _Social_Gathering_In_Person,annotator,HIGH LEVEL BEHAVIOR,2022-06-04 06:04:44,2022-06-04 06:05:01
2022-06-04 17:04:35,2022-06-04 17:04:40,Meeting _Social_Gathering_In_Person,annotator,HIGH LEVEL BEHAVIOR,2022-06-04 06:05:01,2022-06-04 06:05:06
2022-06-04 17:04:40,2022-06-04 17:04:48,Meeting _Social_Gathering_In_Person,annotator,HIGH LEVEL BEHAVIOR,2022-06-04 06:05:06,2022-06-04 06:05:14
2022-06-04 17:04:48,2022-06-04 17:05:31,Meeting _Social_Gathering_In_Person, Using_Computer/Screen,annotator,HIGH LEVEL BEHAVIOR,2022-06-04 06:05:14,2022-06-04 06:05:57
2022-06-04 17:05:31,2022-06-04 17:05:36,Meeting _Social_Gathering_In_Person,annotator,HIGH LEVEL BEHAVIOR,2022-06-04 06:05:57,2022-06-04 06:06:02
2022-06-04 17:05:36,2022-06-04 17:05:48,Meeting _Social_Gathering_In_Person, Using_Computer/Screen,annotator,HIGH LEVEL BEHAVIOR,2022-06-04 06:06:02,2022-06-04 06:06:14
2022-06-04 17:05:48,2022-06-04 17:05:57,Meeting _Social_Gathering_In_Person,annotator,HIGH LEVEL BEHAVIOR,2022-06-04 06:06:14,2022-06-04 06:06:23
2022-06-04 17:05:57,2022-06-04 17:06:03,Meeting _Social_Gathering_In_Person,annotator,HIGH LEVEL BEHAVIOR,2022-06-04 06:06:23,2022-06-04 06:06:29
2022-06-04 17:06:03,2022-06-04 17:06:37,Meeting _Social_Gathering_In_Person,annotator,HIGH LEVEL BEHAVIOR,2022-06-04 06:06:29,2022-06-04 06:07:03
2022-06-04 17:06:37,2022-06-04 17:06:43,Meeting _Social_Gathering_In_Person,annotator,HIGH LEVEL BEHAVIOR,2022-06-04 06:07:03,2022-06-04 06:07:09
2022-06-04 17:06:43,2022-06-04 17:06:57,Meeting _Social_Gathering_In_Person,annotator,HIGH LEVEL BEHAVIOR,2022-06-04 06:07:09,2022-06-04 06:07:23
2022-06-04 17:06:57,2022-06-04 17:07:08,Meeting _Social_Gathering_In_Person,annotator,HIGH LEVEL BEHAVIOR,2022-06-04 06:07:23,2022-06-04 06:07:34
2022-06-04 17:07:08,2022-06-04 17:07:18,Meeting _Social_Gathering_In_Person,annotator,HIGH LEVEL BEHAVIOR,2022-06-04 06:07:34,2022-06-04 06:07:44
2022-06-04 17:07:18,2022-06-04 17:07:28,Meeting _Social_Gathering_In_Person,annotator,HIGH LEVEL BEHAVIOR,2022-06-04 06:07:44,2022-06-04 06:07:54
2022-06-04 17:07:28,2022-06-04 17:07:41,Meeting _Social_Gathering_In_Person,annotator,HIGH LEVEL BEHAVIOR,2022-06-04 06:07:54,2022-06-04 06:08:07
2022-06-04 17:07:41,2022-06-04 17:07:59,Meeting _Social_Gathering_In_Person,annotator,HIGH LEVEL BEHAVIOR,2022-06-04 06:08:07,2022-06-04 06:08:25
2022-06-04 17:07:59,2022-06-04 17:08:34,Meeting _Social_Gathering_In_Person,annotator,HIGH LEVEL BEHAVIOR,2022-06-04 06:08:25,2022-06-04 06:09:00
2022-06-04 17:08:34,2022-06-04 17:08:44,Meeting _Social_Gathering_In_Person,annotator,HIGH LEVEL BEHAVIOR,2022-06-04 06:09:00,2022-06-04 06:09:10
2022-06-04 17:08:44,2022-06-04 17:08:58,Meeting _Social_Gathering_In_Person,annotator,HIGH LEVEL BEHAVIOR,2022-06-04 06:09:10,2022-06-04 06:09:24
2022-06-04 17:08:58,2022-06-04 17:09:08,Meeting _Social_Gathering_In_Person, WatchingTV/Movies,annotator,HIGH LEVEL BEHAVIOR,2022-06-04 06:09:24,2022-06-04 06:09:34
2022-06-04 17:09:08,2022-06-04 17:09:14,Meeting _Social_Gathering_In_Person, WatchingTV/Movies,annotator,HIGH LEVEL BEHAVIOR,2022-06-04 06:09:34,2022-06-04 06:09:40
2022-06-04 17:09:14,2022-06-04 17:11:34,Meeting _Social_Gathering_In_Person, WatchingTV/Movies,annotator,HIGH LEVEL BEHAVIOR,2022-06-04 06:09:40,2022-06-04 06:12:00
2022-06-04 17:11:34,2022-06-04 17:11:40,Meeting _Social_Gathering_In_Person,annotator,HIGH LEVEL BEHAVIOR,2022-06-04 06:12:00,2022-06-04 06:12:06
2022-06-04 17:11:40,2022-06-04 17:13:52,Meeting _Social_Gathering_In_Person, Using_Computer/Screen,annotator,HIGH LEVEL BEHAVIOR,2022-06-04 06:12:06,2022-06-04 06:14:18
2022-06-04 17:13:52,2022-06-04 17:14:29,Meeting _Social_Gathering_In_Person,annotator,HIGH LEVEL BEHAVIOR,2022-06-04 06:14:18,2022-06-04 06:14:55
2022-06-04 17:14:29,2022-06-04 17:14:35,Meeting _Social_Gathering_In_Person,annotator,HIGH LEVEL BEHAVIOR,2022-06-04 06:14:55,2022-06-04 06:15:01
2022-06-04 17:14:35,2022-06-04 17:14:52,Meeting _Social_Gathering_In_Person,annotator,HIGH LEVEL BEHAVIOR,2022-06-04 06:15:01,2022-06-04 06:15:18
2022-06-04 17:14:52,2022-06-04 17:15:01,Meeting _Social_Gathering_In_Person,annotator,HIGH LEVEL BEHAVIOR,2022-06-04 06:15:18,2022-06-04 06:15:27
2022-06-04 17:15:01,2022-06-04 17:15:15,Meeting _Social_Gathering_In_Person,annotator,HIGH LEVEL BEHAVIOR,2022-06-04 06:15:27,2022-06-04 06:15:41
2022-06-04 17:15:15,2022-06-04 17:15:31,Meeting _Social_Gathering_In_Person,annotator,HIGH LEVEL BEHAVIOR,2022-06-04 06:15:41,2022-06-04 06:15:57
2022-06-04 17:15:31,2022-06-04 17:16:15,Meeting _Social_Gathering_In_Person,annotator,HIGH LEVEL BEHAVIOR,2022-06-04 06:15:57,2022-06-04 06:16:41
2022-06-04 17:16:15,2022-06-04 17:16:19,Meeting _Social_Gathering_In_Person,annotator,HIGH LEVEL BEHAVIOR,2022-06-04 06:16:41,2022-06-04 06:16:45
2022-06-04 17:16:19,2022-06-04 17:16:44,Meeting _Social_Gathering_In_Person,annotator,HIGH LEVEL BEHAVIOR,2022-06-04 06:16:45,2022-06-04 06:17:10
2022-06-04 17:16:44,2022-06-04 17:16:52,Meeting _Social_Gathering_In_Person,annotator,HIGH LEVEL BEHAVIOR,2022-06-04 06:17:10,2022-06-04 06:17:18
2022-06-04 17:16:52,2022-06-04 17:18:59,Meeting _Social_Gathering_In_Person, WatchingTV/Movies,annotator,HIGH LEVEL BEHAVIOR,2022-06-04 06:17:18,2022-06-04 06:19:25
2022-06-04 17:18:59,2022-06-04 17:19:03,Meeting _Social_Gathering_In_Person,annotator,HIGH LEVEL BEHAVIOR,2022-06-04 06:19:25,2022-06-04 06:19:29
2022-06-04 17:19:03,2022-06-04 17:19:58,Meeting _Social_Gathering_In_Person,annotator,HIGH LEVEL BEHAVIOR,2022-06-04 06:19:29,2022-06-04 06:20:24
2022-06-04 17:19:58,2022-06-04 17:20:03,Meeting _Social_Gathering_In_Person,annotator,HIGH LEVEL BEHAVIOR,2022-06-04 06:20:24,2022-06-04 06:20:29
2022-06-04 17:20:03,2022-06-04 17:21:29,Meeting _Social_Gathering_In_Person, Using_Computer/Screen,annotator,HIGH LEVEL BEHAVIOR,2022-06-04 06:20:29,2022-06-04 06:21:55
2022-06-04 17:21:30,2022-06-04 17:22:02,Meeting _Social_Gathering_In_Person,annotator,HIGH LEVEL BEHAVIOR,2022-06-04 06:21:56,2022-06-04 06:22:28
2022-06-04 17:22:02,2022-06-04 17:22:06,Meeting _Social_Gathering_In_Person,annotator,HIGH LEVEL BEHAVIOR,2022-06-04 06:22:28,2022-06-04 06:22:32
2022-06-04 17:22:06,2022-06-04 17:22:36,Meeting _Social_Gathering_In_Person,annotator,HIGH LEVEL BEHAVIOR,2022-06-04 06:22:32,2022-06-04 06:23:02
2022-06-04 17:22:36,2022-06-04 17:23:01,Meeting _Social_Gathering_In_Person,annotator,HIGH LEVEL BEHAVIOR,2022-06-04 06:23:02,2022-06-04 06:23:27
2022-06-04 17:23:03,2022-06-04 17:23:20,Meeting _Social_Gathering_In_Person,annotator,HIGH LEVEL BEHAVIOR,2022-06-04 06:23:29,2022-06-04 06:23:46
2022-06-04 17:23:20,2022-06-04 17:29:24,Meeting _Social_Gathering_In_Person, Using_Computer/Screen,annotator,HIGH LEVEL BEHAVIOR,2022-06-04 06:23:46,2022-06-04 06:29:50
2022-06-04 17:29:24,2022-06-04 17:29:29,Meeting _Social_Gathering_In_Person,annotator,HIGH LEVEL BEHAVIOR,2022-06-04 06:29:50,2022-06-04 06:29:55
2022-06-04 17:29:29,2022-06-04 17:30:08,Meeting _Social_Gathering_In_Person, WatchingTV/Movies,annotator,HIGH LEVEL BEHAVIOR,2022-06-04 06:29:55,2022-06-04 06:30:34
2022-06-04 17:30:08,2022-06-04 17:32:44,Meeting _Social_Gathering_In_Person, WatchingTV/Movies,annotator,HIGH LEVEL BEHAVIOR,2022-06-04 06:30:34,2022-06-04 06:33:10
2022-06-04 17:32:44,2022-06-04 17:32:47,Meeting _Social_Gathering_In_Person,annotator,HIGH LEVEL BEHAVIOR,2022-06-04 06:33:10,2022-06-04 06:33:13
2022-06-04 17:32:47,2022-06-04 17:33:03,Meeting _Social_Gathering_In_Person,annotator,HIGH LEVEL BEHAVIOR,2022-06-04 06:33:13,2022-06-04 06:33:29
2022-06-04 17:33:03,2022-06-04 17:33:08,Meeting _Social_Gathering_In_Person, WatchingTV/Movies,annotator,HIGH LEVEL BEHAVIOR,2022-06-04 06:33:29,2022-06-04 06:33:34
2022-06-04 17:33:08,2022-06-04 17:33:22,Meeting _Social_Gathering_In_Person, WatchingTV/Movies,annotator,HIGH LEVEL BEHAVIOR,2022-06-04 06:33:34,2022-06-04 06:33:48
2022-06-04 17:33:22,2022-06-04 17:33:32,Meeting _Social_Gathering_In_Person,annotator,HIGH LEVEL BEHAVIOR,2022-06-04 06:33:48,2022-06-04 06:33:58
2022-06-04 17:33:32,2022-06-04 17:34:01,Meeting _Social_Gathering_In_Person,annotator,HIGH LEVEL BEHAVIOR,2022-06-04 06:33:58,2022-06-04 06:34:27
2022-06-04 17:34:01,2022-06-04 17:35:16,Meeting _Social_Gathering_In_Person, Using_Computer/Screen,annotator,HIGH LEVEL BEHAVIOR,2022-06-04 06:34:27,2022-06-04 06:35:42
2022-06-04 17:35:16,2022-06-04 17:35:34,Meeting _Social_Gathering_In_Person,annotator,HIGH LEVEL BEHAVIOR,2022-06-04 06:35:42,2022-06-04 06:36:00
2022-06-04 17:35:34,2022-06-04 17:35:42,Meeting _Social_Gathering_In_Person,annotator,HIGH LEVEL BEHAVIOR,2022-06-04 06:36:00,2022-06-04 06:36:08
2022-06-04 17:35:42,2022-06-04 17:36:00,Meeting _Social_Gathering_In_Person, WatchingTV/Movies,annotator,HIGH LEVEL BEHAVIOR,2022-06-04 06:36:08,2022-06-04 06:36:26
2022-06-04 17:36:00,2022-06-04 17:36:11,Meeting _Social_Gathering_In_Person, WatchingTV/Movies,annotator,HIGH LEVEL BEHAVIOR,2022-06-04 06:36:26,2022-06-04 06:36:37
2022-06-04 17:36:11,2022-06-04 17:37:11,Meeting _Social_Gathering_In_Person, WatchingTV/Movies,annotator,HIGH LEVEL BEHAVIOR,2022-06-04 06:36:37,2022-06-04 06:37:37
2022-06-04 17:37:11,2022-06-04 17:40:57,Meeting _Social_Gathering_In_Person, WatchingTV/Movies,annotator,HIGH LEVEL BEHAVIOR,2022-06-04 06:37:37,2022-06-04 06:41:23
2022-06-04 17:40:57,2022-06-04 17:41:08,Meeting _Social_Gathering_In_Person,annotator,HIGH LEVEL BEHAVIOR,2022-06-04 06:41:23,2022-06-04 06:41:34
2022-06-04 17:41:08,2022-06-04 17:41:30,Meeting _Social_Gathering_In_Person, Using_Computer/Screen,annotator,HIGH LEVEL BEHAVIOR,2022-06-04 06:41:34,2022-06-04 06:41:56
2022-06-04 17:41:30,2022-06-04 17:45:34,Meeting _Social_Gathering_In_Person, Using_Computer/Screen,annotator,HIGH LEVEL BEHAVIOR,2022-06-04 06:41:56,2022-06-04 06:46:00
2022-06-04 17:45:34,2022-06-04 17:46:19,Meeting _Social_Gathering_In_Person, Using_Computer/Screen,annotator,HIGH LEVEL BEHAVIOR,2022-06-04 06:46:00,2022-06-04 06:46:45
2022-06-04 17:46:19,2022-06-04 17:49:52,Meeting _Social_Gathering_In_Person, Using_Computer/Screen,annotator,HIGH LEVEL BEHAVIOR,2022-06-04 06:46:45,2022-06-04 06:50:18
2022-06-04 17:49:52,2022-06-04 17:50:35,Meeting _Social_Gathering_In_Person, Using_Computer/Screen,annotator,HIGH LEVEL BEHAVIOR,2022-06-04 06:50:18,2022-06-04 06:51:01
2022-06-04 17:50:35,2022-06-04 17:51:23,Meeting _Social_Gathering_In_Person,annotator,HIGH LEVEL BEHAVIOR,2022-06-04 06:51:01,2022-06-04 06:51:49
2022-06-04 17:51:23,2022-06-04 17:52:18,Meeting _Social_Gathering_In_Person, Using_Computer/Screen,annotator,HIGH LEVEL BEHAVIOR,2022-06-04 06:51:49,2022-06-04 06:52:44
2022-06-04 17:52:18,2022-06-04 17:52:40,Meeting _Social_Gathering_In_Person,annotator,HIGH LEVEL BEHAVIOR,2022-06-04 06:52:44,2022-06-04 06:53:06
2022-06-04 17:52:40,2022-06-04 17:53:06,Meeting _Social_Gathering_In_Person, Using_Computer/Screen,annotator,HIGH LEVEL BEHAVIOR,2022-06-04 06:53:06,2022-06-04 06:53:32
2022-06-04 17:53:06,2022-06-04 17:53:21,Meeting _Social_Gathering_In_Person,annotator,HIGH LEVEL BEHAVIOR,2022-06-04 06:53:32,2022-06-04 06:53:47
2022-06-04 17:53:21,2022-06-04 17:53:44,Meeting _Social_Gathering_In_Person,annotator,HIGH LEVEL BEHAVIOR,2022-06-04 06:53:47,2022-06-04 06:54:10
2022-06-04 17:53:44,2022-06-04 17:54:27,Meeting _Social_Gathering_In_Person,annotator,HIGH LEVEL BEHAVIOR,2022-06-04 06:54:10,2022-06-04 06:54:53
2022-06-04 17:54:27,2022-06-04 17:54:53,Meeting _Social_Gathering_In_Person,annotator,HIGH LEVEL BEHAVIOR,2022-06-04 06:54:53,2022-06-04 06:55:19
2022-06-04 17:54:53,2022-06-04 17:55:41,Meeting _Social_Gathering_In_Person,annotator,HIGH LEVEL BEHAVIOR,2022-06-04 06:55:19,2022-06-04 06:56:07
2022-06-04 17:55:41,2022-06-04 18:00:19,Meeting _Social_Gathering_In_Person,annotator,HIGH LEVEL BEHAVIOR,2022-06-04 06:56:07,2022-06-04 07:00:45
2022-06-04 18:00:19,2022-06-04 18:00:28,Meeting _Social_Gathering_In_Person,annotator,HIGH LEVEL BEHAVIOR,2022-06-04 07:00:45,2022-06-04 07:00:54
2022-06-04 18:00:28,2022-06-04 18:00:49,Meeting _Social_Gathering_In_Person,annotator,HIGH LEVEL BEHAVIOR,2022-06-04 07:00:54,2022-06-04 07:01:15
2022-06-04 18:00:49,2022-06-04 18:01:03,Meeting _Social_Gathering_In_Person, Using_Computer/Screen,annotator,HIGH LEVEL BEHAVIOR,2022-06-04 07:01:15,2022-06-04 07:01:29
2022-06-04 18:01:03,2022-06-04 18:01:46,Meeting _Social_Gathering_In_Person, Using_Computer/Screen,annotator,HIGH LEVEL BEHAVIOR,2022-06-04 07:01:29,2022-06-04 07:02:12
2022-06-04 18:01:46,2022-06-04 18:01:52,Meeting _Social_Gathering_In_Person,annotator,HIGH LEVEL BEHAVIOR,2022-06-04 07:02:12,2022-06-04 07:02:18
2022-06-04 18:01:52,2022-06-04 18:02:02,Meeting _Social_Gathering_In_Person,annotator,HIGH LEVEL BEHAVIOR,2022-06-04 07:02:18,2022-06-04 07:02:28
2022-06-04 18:02:02,2022-06-04 18:02:17,Meeting _Social_Gathering_In_Person,annotator,HIGH LEVEL BEHAVIOR,2022-06-04 07:02:28,2022-06-04 07:02:43
2022-06-04 18:02:17,2022-06-04 18:02:49,Meeting _Social_Gathering_In_Person,annotator,HIGH LEVEL BEHAVIOR,2022-06-04 07:02:43,2022-06-04 07:03:15
2022-06-04 18:02:49,2022-06-04 18:02:59,Meeting _Social_Gathering_In_Person,annotator,HIGH LEVEL BEHAVIOR,2022-06-04 07:03:15,2022-06-04 07:03:25
2022-06-04 18:02:59,2022-06-04 18:03:11,Meeting _Social_Gathering_In_Person,annotator,HIGH LEVEL BEHAVIOR,2022-06-04 07:03:25,2022-06-04 07:03:37
2022-06-04 18:03:11,2022-06-04 18:03:23,Meeting _Social_Gathering_In_Person,annotator,HIGH LEVEL BEHAVIOR,2022-06-04 07:03:37,2022-06-04 07:03:49
2022-06-04 18:03:23,2022-06-04 18:03:30,Meeting _Social_Gathering_In_Person,annotator,HIGH LEVEL BEHAVIOR,2022-06-04 07:03:49,2022-06-04 07:03:56
2022-06-04 18:03:30,2022-06-04 18:09:03,HLB_Indecipherable/Video_Insufficient,annotator,HIGH LEVEL BEHAVIOR,2022-06-04 07:03:56,2022-06-04 07:09:29
2022-06-04 18:09:03,2022-06-04 18:09:13,Meeting _Social_Gathering_In_Person,annotator,HIGH LEVEL BEHAVIOR,2022-06-04 07:09:29,2022-06-04 07:09:39
2022-06-04 18:09:13,2022-06-04 18:09:24,Meeting _Social_Gathering_In_Person,annotator,HIGH LEVEL BEHAVIOR,2022-06-04 07:09:39,2022-06-04 07:09:50
2022-06-04 18:09:24,2022-06-04 18:10:02,HLB_Indecipherable/Video_Insufficient,annotator,HIGH LEVEL BEHAVIOR,2022-06-04 07:09:50,2022-06-04 07:10:28
2022-06-04 18:10:02,2022-06-04 18:10:10,Meeting _Social_Gathering_In_Person,annotator,HIGH LEVEL BEHAVIOR,2022-06-04 07:10:28,2022-06-04 07:10:36
2022-06-04 18:10:10,2022-06-04 18:10:41,Meeting _Social_Gathering_In_Person,annotator,HIGH LEVEL BEHAVIOR,2022-06-04 07:10:36,2022-06-04 07:11:07
2022-06-04 18:10:41,2022-06-04 18:10:47,Meeting _Social_Gathering_In_Person,annotator,HIGH LEVEL BEHAVIOR,2022-06-04 07:11:07,2022-06-04 07:11:13
2022-06-04 18:10:47,2022-06-04 18:11:21,Meeting _Social_Gathering_In_Person,annotator,HIGH LEVEL BEHAVIOR,2022-06-04 07:11:13,2022-06-04 07:11:47
2022-06-04 18:11:21,2022-06-04 18:11:51,Meeting _Social_Gathering_In_Person,annotator,HIGH LEVEL BEHAVIOR,2022-06-04 07:11:47,2022-06-04 07:12:17
2022-06-04 18:11:51,2022-06-04 18:14:51,Meeting _Social_Gathering_In_Person,annotator,HIGH LEVEL BEHAVIOR,2022-06-04 07:12:17,2022-06-04 07:15:17
2022-06-04 18:14:53,2022-06-04 18:15:07,Meeting _Social_Gathering_In_Person,annotator,HIGH LEVEL BEHAVIOR,2022-06-04 07:15:19,2022-06-04 07:15:33
2022-06-04 18:15:07,2022-06-04 18:23:34,Meeting _Social_Gathering_In_Person,annotator,HIGH LEVEL BEHAVIOR,2022-06-04 07:15:33,2022-06-04 07:24:00
2022-06-04 18:23:36,2022-06-04 18:24:02,Meeting _Social_Gathering_In_Person, Packing/Unpacking_Something,annotator,HIGH LEVEL BEHAVIOR,2022-06-04 07:24:02,2022-06-04 07:24:28
2022-06-04 18:24:02,2022-06-04 18:24:31,Meeting _Social_Gathering_In_Person,annotator,HIGH LEVEL BEHAVIOR,2022-06-04 07:24:28,2022-06-04 07:24:57
2022-06-04 18:24:31,2022-06-04 18:24:38,Meeting _Social_Gathering_In_Person,annotator,HIGH LEVEL BEHAVIOR,2022-06-04 07:24:57,2022-06-04 07:25:04
2022-06-04 18:24:38,2022-06-04 18:25:19,Meeting _Social_Gathering_In_Person,annotator,HIGH LEVEL BEHAVIOR,2022-06-04 07:25:04,2022-06-04 07:25:45
2022-06-04 18:25:19,2022-06-04 18:25:36,Meeting _Social_Gathering_In_Person, In_Transit_Active,annotator,HIGH LEVEL BEHAVIOR,2022-06-04 07:25:45,2022-06-04 07:26:02
2022-06-04 18:25:36,2022-06-04 18:29:30,Meeting _Social_Gathering_In_Person, In_Transit_Active,annotator,HIGH LEVEL BEHAVIOR,2022-06-04 07:26:02,2022-06-04 07:29:56
2022-06-04 18:29:30,2022-06-04 18:29:39,Meeting _Social_Gathering_In_Person, In_Transit_Active,annotator,HIGH LEVEL BEHAVIOR,2022-06-04 07:29:56,2022-06-04 07:30:05
2022-06-04 18:29:39,2022-06-04 18:30:09,Meeting _Social_Gathering_In_Person, In_Transit_Active,annotator,HIGH LEVEL BEHAVIOR,2022-06-04 07:30:05,2022-06-04 07:30:35
2022-06-04 18:30:09,2022-06-04 18:30:19,Meeting _Social_Gathering_In_Person, In_Transit_Active,annotator,HIGH LEVEL BEHAVIOR,2022-06-04 07:30:35,2022-06-04 07:30:45
2022-06-04 18:30:19,2022-06-04 18:31:45,Meeting _Social_Gathering_In_Person, In_Transit_Active,annotator,HIGH LEVEL BEHAVIOR,2022-06-04 07:30:45,2022-06-04 07:32:11
2022-06-04 18:31:46,2022-06-04 18:32:47,Meeting _Social_Gathering_In_Person, In_Transit_Active,annotator,HIGH LEVEL BEHAVIOR,2022-06-04 07:32:12,2022-06-04 07:33:13
2022-06-04 18:32:47,2022-06-04 18:34:02,Meeting _Social_Gathering_In_Person, In_Transit_Active,annotator,HIGH LEVEL BEHAVIOR,2022-06-04 07:33:13,2022-06-04 07:34:28
2022-06-04 18:34:02,2022-06-04 18:35:14,Meeting _Social_Gathering_In_Person, In_Transit_Active,annotator,HIGH LEVEL BEHAVIOR,2022-06-04 07:34:28,2022-06-04 07:35:40
2022-06-04 18:35:14,2022-06-04 18:36:33,Meeting _Social_Gathering_In_Person, In_Transit_Active,annotator,HIGH LEVEL BEHAVIOR,2022-06-04 07:35:40,2022-06-04 07:36:59
2022-06-04 18:36:33,2022-06-04 18:36:38,Meeting _Social_Gathering_In_Person, In_Transit_Active,annotator,HIGH LEVEL BEHAVIOR,2022-06-04 07:36:59,2022-06-04 07:37:04
2022-06-04 18:36:40,2022-06-04 18:36:46,Meeting _Social_Gathering_In_Person, In_Transit_Active,annotator,HIGH LEVEL BEHAVIOR,2022-06-04 07:37:06,2022-06-04 07:37:12
2022-06-04 18:36:46,2022-06-04 18:36:58,Meeting _Social_Gathering_In_Person,annotator,HIGH LEVEL BEHAVIOR,2022-06-04 07:37:12,2022-06-04 07:37:24
2022-06-04 18:36:58,2022-06-04 18:37:28,Meeting _Social_Gathering_In_Person,annotator,HIGH LEVEL BEHAVIOR,2022-06-04 07:37:24,2022-06-04 07:37:54
2022-06-04 18:37:28,2022-06-04 18:37:34,Meeting _Social_Gathering_In_Person,annotator,HIGH LEVEL BEHAVIOR,2022-06-04 07:37:54,2022-06-04 07:38:00
2022-06-04 18:37:34,2022-06-04 18:37:58,Meeting _Social_Gathering_In_Person,annotator,HIGH LEVEL BEHAVIOR,2022-06-04 07:38:00,2022-06-04 07:38:24
2022-06-04 18:37:58,2022-06-04 18:38:03,Meeting _Social_Gathering_In_Person,annotator,HIGH LEVEL BEHAVIOR,2022-06-04 07:38:24,2022-06-04 07:38:29
2022-06-04 18:38:03,2022-06-04 18:38:32,Meeting _Social_Gathering_In_Person, Riding_Elevator_Up,annotator,HIGH LEVEL BEHAVIOR,2022-06-04 07:38:29,2022-06-04 07:38:58
2022-06-04 18:38:32,2022-06-04 18:38:45,Meeting _Social_Gathering_In_Person,annotator,HIGH LEVEL BEHAVIOR,2022-06-04 07:38:58,2022-06-04 07:39:11
2022-06-04 18:38:45,2022-06-04 18:38:52,Meeting _Social_Gathering_In_Person,annotator,HIGH LEVEL BEHAVIOR,2022-06-04 07:39:11,2022-06-04 07:39:18
2022-06-04 18:38:52,2022-06-04 18:58:43,HLB_Indecipherable/Video_Insufficient,annotator,HIGH LEVEL BEHAVIOR,2022-06-04 07:39:18,2022-06-04 07:59:09
2022-06-04 18:58:43,2022-06-04 18:58:57,Meeting _Social_Gathering_In_Person,annotator,HIGH LEVEL BEHAVIOR,2022-06-04 07:59:09,2022-06-04 07:59:23
2022-06-04 18:58:57,2022-06-04 19:00:06,Meeting _Social_Gathering_In_Person,annotator,HIGH LEVEL BEHAVIOR,2022-06-04 07:59:23,2022-06-04 08:00:32
2022-06-04 19:00:06,2022-06-04 19:00:38,Meeting _Social_Gathering_In_Person, Using_Computer/Screen,annotator,HIGH LEVEL BEHAVIOR,2022-06-04 08:00:32,2022-06-04 08:01:04
2022-06-04 19:00:38,2022-06-04 19:00:45,Meeting _Social_Gathering_In_Person, Using_Computer/Screen,annotator,HIGH LEVEL BEHAVIOR,2022-06-04 08:01:04,2022-06-04 08:01:11
2022-06-04 19:00:45,2022-06-04 19:01:11,Meeting _Social_Gathering_In_Person,annotator,HIGH LEVEL BEHAVIOR,2022-06-04 08:01:11,2022-06-04 08:01:37
2022-06-04 19:01:11,2022-06-04 19:01:18,Meeting _Social_Gathering_In_Person,annotator,HIGH LEVEL BEHAVIOR,2022-06-04 08:01:37,2022-06-04 08:01:44
2022-06-04 19:01:18,2022-06-04 19:01:40,Meeting _Social_Gathering_In_Person,annotator,HIGH LEVEL BEHAVIOR,2022-06-04 08:01:44,2022-06-04 08:02:06
2022-06-04 19:01:40,2022-06-04 19:01:42,Meeting _Social_Gathering_In_Person,annotator,HIGH LEVEL BEHAVIOR,2022-06-04 08:02:06,2022-06-04 08:02:08
2022-06-04 19:01:42,2022-06-04 19:02:05,Meeting _Social_Gathering_In_Person, Using_Computer/Screen,annotator,HIGH LEVEL BEHAVIOR,2022-06-04 08:02:08,2022-06-04 08:02:31
2022-06-04 19:02:05,2022-06-04 19:02:13,Meeting _Social_Gathering_In_Person,annotator,HIGH LEVEL BEHAVIOR,2022-06-04 08:02:31,2022-06-04 08:02:39
2022-06-04 19:02:13,2022-06-04 19:02:28,Meeting _Social_Gathering_In_Person,annotator,HIGH LEVEL BEHAVIOR,2022-06-04 08:02:39,2022-06-04 08:02:54
2022-06-04 19:02:28,2022-06-04 19:02:55,Meeting _Social_Gathering_In_Person,annotator,HIGH LEVEL BEHAVIOR,2022-06-04 08:02:54,2022-06-04 08:03:21
2022-06-04 19:02:58,2022-06-04 19:03:43,Meeting _Social_Gathering_In_Person,annotator,HIGH LEVEL BEHAVIOR,2022-06-04 08:03:24,2022-06-04 08:04:09
2022-06-04 19:03:43,2022-06-04 19:04:22,Meeting _Social_Gathering_In_Person,annotator,HIGH LEVEL BEHAVIOR,2022-06-04 08:04:09,2022-06-04 08:04:48
2022-06-04 19:04:22,2022-06-04 19:06:58,Meeting _Social_Gathering_In_Person,annotator,HIGH LEVEL BEHAVIOR,2022-06-04 08:04:48,2022-06-04 08:07:24
2022-06-04 19:06:58,2022-06-04 19:08:02,Meeting _Social_Gathering_In_Person,annotator,HIGH LEVEL BEHAVIOR,2022-06-04 08:07:24,2022-06-04 08:08:28
2022-06-04 19:08:02,2022-06-04 19:08:49,Meeting _Social_Gathering_In_Person,annotator,HIGH LEVEL BEHAVIOR,2022-06-04 08:08:28,2022-06-04 08:09:15
2022-06-04 19:08:49,2022-06-04 19:09:04,Meeting _Social_Gathering_In_Person,annotator,HIGH LEVEL BEHAVIOR,2022-06-04 08:09:15,2022-06-04 08:09:30
2022-06-04 19:09:04,2022-06-04 19:12:25,Meeting _Social_Gathering_In_Person,annotator,HIGH LEVEL BEHAVIOR,2022-06-04 08:09:30,2022-06-04 08:12:51
2022-06-04 19:12:25,2022-06-04 19:13:24,Meeting _Social_Gathering_In_Person,annotator,HIGH LEVEL BEHAVIOR,2022-06-04 08:12:51,2022-06-04 08:13:50
2022-06-04 19:13:24,2022-06-04 19:13:30,Meeting _Social_Gathering_In_Person,annotator,HIGH LEVEL BEHAVIOR,2022-06-04 08:13:50,2022-06-04 08:13:56
2022-06-04 19:13:30,2022-06-04 19:18:34,Meeting _Social_Gathering_In_Person,annotator,HIGH LEVEL BEHAVIOR,2022-06-04 08:13:56,2022-06-04 08:19:00
2022-06-04 19:18:34,2022-06-04 19:39:36,HLB_Indecipherable/Video_Insufficient,annotator,HIGH LEVEL BEHAVIOR,2022-06-04 08:19:00,2022-06-04 08:40:02
2022-06-04 19:39:36,2022-06-04 19:39:53,Meeting _Social_Gathering_In_Person,annotator,HIGH LEVEL BEHAVIOR,2022-06-04 08:40:02,2022-06-04 08:40:19
2022-06-04 19:39:53,2022-06-04 19:43:18,Meeting _Social_Gathering_In_Person,annotator,HIGH LEVEL BEHAVIOR,2022-06-04 08:40:19,2022-06-04 08:43:44
2022-06-04 19:43:18,2022-06-04 19:44:17,Meeting _Social_Gathering_In_Person,annotator,HIGH LEVEL BEHAVIOR,2022-06-04 08:43:44,2022-06-04 08:44:43
2022-06-04 19:44:17,2022-06-04 19:49:35,Meeting _Social_Gathering_In_Person, Using_Computer/Screen,annotator,HIGH LEVEL BEHAVIOR,2022-06-04 08:44:43,2022-06-04 08:50:01
2022-06-04 19:49:35,2022-06-04 19:49:51,Meeting _Social_Gathering_In_Person, Using_Computer/Screen,annotator,HIGH LEVEL BEHAVIOR,2022-06-04 08:50:01,2022-06-04 08:50:17
2022-06-04 19:49:51,2022-06-04 19:50:23,Meeting _Social_Gathering_In_Person, Using_Computer/Screen,annotator,HIGH LEVEL BEHAVIOR,2022-06-04 08:50:17,2022-06-04 08:50:49
2022-06-04 19:50:23,2022-06-04 19:59:17,Meeting _Social_Gathering_In_Person,annotator,HIGH LEVEL BEHAVIOR,2022-06-04 08:50:49,2022-06-04 08:59:43
2022-06-04 19:59:17,2022-06-04 20:03:50,Meeting _Social_Gathering_In_Person, Using_Computer/Screen,annotator,HIGH LEVEL BEHAVIOR,2022-06-04 08:59:43,2022-06-04 09:04:16
2022-06-04 20:03:50,2022-06-04 20:03:56,Meeting _Social_Gathering_In_Person, Using_Computer/Screen,annotator,HIGH LEVEL BEHAVIOR,2022-06-04 09:04:16,2022-06-04 09:04:22
2022-06-04 20:03:56,2022-06-04 20:04:00,Meeting _Social_Gathering_In_Person, Using_Computer/Screen,annotator,HIGH LEVEL BEHAVIOR,2022-06-04 09:04:22,2022-06-04 09:04:26
2022-06-04 20:04:00,2022-06-04 20:08:08,Meeting _Social_Gathering_In_Person, Using_Computer/Screen,annotator,HIGH LEVEL BEHAVIOR,2022-06-04 09:04:26,2022-06-04 09:08:34
2022-06-04 20:08:08,2022-06-04 20:08:34,Meeting _Social_Gathering_In_Person,annotator,HIGH LEVEL BEHAVIOR,2022-06-04 09:08:34,2022-06-04 09:09:00
2022-06-04 20:08:34,2022-06-04 20:08:47,Meeting _Social_Gathering_In_Person,annotator,HIGH LEVEL BEHAVIOR,2022-06-04 09:09:00,2022-06-04 09:09:13
2022-06-04 20:08:47,2022-06-04 20:08:56,Meeting _Social_Gathering_In_Person,annotator,HIGH LEVEL BEHAVIOR,2022-06-04 09:09:13,2022-06-04 09:09:22
2022-06-04 20:08:56,2022-06-04 20:09:11,Meeting _Social_Gathering_In_Person,annotator,HIGH LEVEL BEHAVIOR,2022-06-04 09:09:22,2022-06-04 09:09:37
2022-06-04 20:09:11,2022-06-04 20:09:17,Meeting _Social_Gathering_In_Person,annotator,HIGH LEVEL BEHAVIOR,2022-06-04 09:09:37,2022-06-04 09:09:43
2022-06-04 20:09:17,2022-06-04 20:09:34,Meeting _Social_Gathering_In_Person,annotator,HIGH LEVEL BEHAVIOR,2022-06-04 09:09:43,2022-06-04 09:10:00
2022-06-04 20:09:34,2022-06-04 20:09:43,Meeting _Social_Gathering_In_Person,annotator,HIGH LEVEL BEHAVIOR,2022-06-04 09:10:00,2022-06-04 09:10:09
2022-06-04 20:09:43,2022-06-04 20:10:13,Meeting _Social_Gathering_In_Person,annotator,HIGH LEVEL BEHAVIOR,2022-06-04 09:10:09,2022-06-04 09:10:39
2022-06-04 20:10:13,2022-06-04 20:10:20,Meeting _Social_Gathering_In_Person,annotator,HIGH LEVEL BEHAVIOR,2022-06-04 09:10:39,2022-06-04 09:10:46
2022-06-04 20:10:20,2022-06-04 20:11:03,Meeting _Social_Gathering_In_Person,annotator,HIGH LEVEL BEHAVIOR,2022-06-04 09:10:46,2022-06-04 09:11:29
2022-06-04 20:11:03,2022-06-04 20:11:10,Meeting _Social_Gathering_In_Person,annotator,HIGH LEVEL BEHAVIOR,2022-06-04 09:11:29,2022-06-04 09:11:36
2022-06-04 20:11:10,2022-06-04 20:11:33,Meeting _Social_Gathering_In_Person,annotator,HIGH LEVEL BEHAVIOR,2022-06-04 09:11:36,2022-06-04 09:11:59
2022-06-04 20:11:33,2022-06-04 20:12:03,Meeting _Social_Gathering_In_Person,annotator,HIGH LEVEL BEHAVIOR,2022-06-04 09:11:59,2022-06-04 09:12:29
2022-06-04 20:12:03,2022-06-04 20:12:35,Meeting _Social_Gathering_In_Person,annotator,HIGH LEVEL BEHAVIOR,2022-06-04 09:12:29,2022-06-04 09:13:01
2022-06-04 20:12:35,2022-06-04 20:12:38,Meeting _Social_Gathering_In_Person,annotator,HIGH LEVEL BEHAVIOR,2022-06-04 09:13:01,2022-06-04 09:13:04
2022-06-04 20:12:38,2022-06-04 20:16:49,HLB_Indecipherable/Video_Insufficient,annotator,HIGH LEVEL BEHAVIOR,2022-06-04 09:13:04,2022-06-04 09:17:15
2022-06-04 20:16:49,2022-06-04 20:16:53,Meeting _Social_Gathering_In_Person,annotator,HIGH LEVEL BEHAVIOR,2022-06-04 09:17:15,2022-06-04 09:17:19
2022-06-04 20:16:53,2022-06-04 20:18:08,Meeting _Social_Gathering_In_Person, Eating/Dining,annotator,HIGH LEVEL BEHAVIOR,2022-06-04 09:17:19,2022-06-04 09:18:34
2022-06-04 20:18:08,2022-06-04 20:18:21,Meeting _Social_Gathering_In_Person, Eating/Dining,annotator,HIGH LEVEL BEHAVIOR,2022-06-04 09:18:34,2022-06-04 09:18:47
2022-06-04 20:18:21,2022-06-04 20:18:29,Meeting _Social_Gathering_In_Person,annotator,HIGH LEVEL BEHAVIOR,2022-06-04 09:18:47,2022-06-04 09:18:55
2022-06-04 20:18:29,2022-06-04 20:18:42,Meeting _Social_Gathering_In_Person,annotator,HIGH LEVEL BEHAVIOR,2022-06-04 09:18:55,2022-06-04 09:19:08
2022-06-04 20:18:42,2022-06-04 20:20:58,Meeting _Social_Gathering_In_Person,annotator,HIGH LEVEL BEHAVIOR,2022-06-04 09:19:08,2022-06-04 09:21:24
2022-06-04 20:20:59,2022-06-04 20:21:37,Meeting _Social_Gathering_In_Person,annotator,HIGH LEVEL BEHAVIOR,2022-06-04 09:21:25,2022-06-04 09:22:03
2022-06-04 20:21:37,2022-06-04 20:23:55,Meeting _Social_Gathering_In_Person,annotator,HIGH LEVEL BEHAVIOR,2022-06-04 09:22:03,2022-06-04 09:24:21
2022-06-04 20:23:55,2022-06-04 20:24:03,Meeting _Social_Gathering_In_Person,annotator,HIGH LEVEL BEHAVIOR,2022-06-04 09:24:21,2022-06-04 09:24:29
2022-06-04 20:24:03,2022-06-04 20:24:14,Meeting _Social_Gathering_In_Person,annotator,HIGH LEVEL BEHAVIOR,2022-06-04 09:24:29,2022-06-04 09:24:40
2022-06-04 20:24:14,2022-06-04 20:24:20,Meeting _Social_Gathering_In_Person,annotator,HIGH LEVEL BEHAVIOR,2022-06-04 09:24:40,2022-06-04 09:24:46
2022-06-04 20:24:20,2022-06-04 20:25:00,Meeting _Social_Gathering_In_Person,annotator,HIGH LEVEL BEHAVIOR,2022-06-04 09:24:46,2022-06-04 09:25:26
2022-06-04 20:25:00,2022-06-04 20:25:09,Meeting _Social_Gathering_In_Person,annotator,HIGH LEVEL BEHAVIOR,2022-06-04 09:25:26,2022-06-04 09:25:35
2022-06-04 20:25:09,2022-06-04 20:25:20,Meeting _Social_Gathering_In_Person,annotator,HIGH LEVEL BEHAVIOR,2022-06-04 09:25:35,2022-06-04 09:25:46
2022-06-04 20:25:20,2022-06-04 20:25:30,Meeting _Social_Gathering_In_Person,annotator,HIGH LEVEL BEHAVIOR,2022-06-04 09:25:46,2022-06-04 09:25:56
2022-06-04 20:25:30,2022-06-04 20:26:04,Meeting _Social_Gathering_In_Person,annotator,HIGH LEVEL BEHAVIOR,2022-06-04 09:25:56,2022-06-04 09:26:30
2022-06-04 20:26:04,2022-06-04 20:26:23,Meeting _Social_Gathering_In_Person,annotator,HIGH LEVEL BEHAVIOR,2022-06-04 09:26:30,2022-06-04 09:26:49
2022-06-04 20:26:23,2022-06-04 20:26:27,Meeting _Social_Gathering_In_Person,annotator,HIGH LEVEL BEHAVIOR,2022-06-04 09:26:49,2022-06-04 09:26:53
2022-06-04 20:26:29,2022-06-04 20:26:37,Meeting _Social_Gathering_In_Person,annotator,HIGH LEVEL BEHAVIOR,2022-06-04 09:26:55,2022-06-04 09:27:03
2022-06-04 20:26:37,2022-06-04 20:28:10,HLB_Indecipherable/Video_Insufficient,annotator,HIGH LEVEL BEHAVIOR,2022-06-04 09:27:03,2022-06-04 09:28:36
2022-06-04 20:28:10,2022-06-04 20:29:04,Meeting _Social_Gathering_In_Person,annotator,HIGH LEVEL BEHAVIOR,2022-06-04 09:28:36,2022-06-04 09:29:30
2022-06-04 20:29:04,2022-06-04 20:29:30,Meeting _Social_Gathering_In_Person,annotator,HIGH LEVEL BEHAVIOR,2022-06-04 09:29:30,2022-06-04 09:29:56
2022-06-04 20:29:30,2022-06-04 20:31:27,Meeting _Social_Gathering_In_Person,annotator,HIGH LEVEL BEHAVIOR,2022-06-04 09:29:56,2022-06-04 09:31:53
2022-06-04 20:31:27,2022-06-04 20:31:32,Meeting _Social_Gathering_In_Person,annotator,HIGH LEVEL BEHAVIOR,2022-06-04 09:31:53,2022-06-04 09:31:58
2022-06-04 20:31:32,2022-06-04 20:31:38,Meeting _Social_Gathering_In_Person,annotator,HIGH LEVEL BEHAVIOR,2022-06-04 09:31:58,2022-06-04 09:32:04
2022-06-04 20:31:38,2022-06-04 20:33:45,HLB_Indecipherable/Video_Insufficient,annotator,HIGH LEVEL BEHAVIOR,2022-06-04 09:32:04,2022-06-04 09:34:11
2022-06-04 20:33:45,2022-06-04 20:34:20,Meeting _Social_Gathering_In_Person,annotator,HIGH LEVEL BEHAVIOR,2022-06-04 09:34:11,2022-06-04 09:34:46
2022-06-04 20:34:20,2022-06-04 20:34:25,Meeting _Social_Gathering_In_Person,annotator,HIGH LEVEL BEHAVIOR,2022-06-04 09:34:46,2022-06-04 09:34:51
2022-06-04 20:34:25,2022-06-04 20:34:35,Meeting _Social_Gathering_In_Person,annotator,HIGH LEVEL BEHAVIOR,2022-06-04 09:34:51,2022-06-04 09:35:01
2022-06-04 20:34:35,2022-06-04 20:34:48,Meeting _Social_Gathering_In_Person,annotator,HIGH LEVEL BEHAVIOR,2022-06-04 09:35:01,2022-06-04 09:35:14
2022-06-04 20:34:48,2022-06-04 20:35:07,Meeting _Social_Gathering_In_Person,annotator,HIGH LEVEL BEHAVIOR,2022-06-04 09:35:14,2022-06-04 09:35:33
2022-06-04 20:35:07,2022-06-04 20:35:11,Meeting _Social_Gathering_In_Person,annotator,HIGH LEVEL BEHAVIOR,2022-06-04 09:35:33,2022-06-04 09:35:37
2022-06-04 20:35:11,2022-06-04 20:35:17,Meeting _Social_Gathering_In_Person,annotator,HIGH LEVEL BEHAVIOR,2022-06-04 09:35:37,2022-06-04 09:35:43
2022-06-04 20:35:17,2022-06-04 20:35:20,Meeting _Social_Gathering_In_Person,annotator,HIGH LEVEL BEHAVIOR,2022-06-04 09:35:43,2022-06-04 09:35:46
2022-06-04 20:35:20,2022-06-04 20:49:16,Meeting _Social_Gathering_In_Person,annotator,HIGH LEVEL BEHAVIOR,2022-06-04 09:35:46,2022-06-04 09:49:42
2022-06-04 20:49:16,2022-06-04 20:49:21,Meeting _Social_Gathering_In_Person,annotator,HIGH LEVEL BEHAVIOR,2022-06-04 09:49:42,2022-06-04 09:49:47
2022-06-04 20:49:21,2022-06-04 20:49:33,Meeting _Social_Gathering_In_Person,annotator,HIGH LEVEL BEHAVIOR,2022-06-04 09:49:47,2022-06-04 09:49:59
2022-06-04 20:49:33,2022-06-04 20:49:37,Meeting _Social_Gathering_In_Person,annotator,HIGH LEVEL BEHAVIOR,2022-06-04 09:49:59,2022-06-04 09:50:03
2022-06-04 20:49:37,2022-06-04 20:50:22,Meeting _Social_Gathering_In_Person,annotator,HIGH LEVEL BEHAVIOR,2022-06-04 09:50:03,2022-06-04 09:50:48
