START_TIME,STOP_TIME,PREDICTION,SOURCE,LABELSET,VIDEO_START_TIME,VIDEO_END_TIME
2022-05-15 11:10:49,2022-05-15 11:11:36,Meeting_Virtual,annotator,HIGH LEVEL BEHAVIOR,2022-05-15 00:00:20,2022-05-15 00:01:07
2022-05-15 11:11:41,2022-05-15 11:11:58,Meeting_Virtual,annotator,HIGH LEVEL BEHAVIOR,2022-05-15 00:01:12,2022-05-15 00:01:29
2022-05-15 11:12:00,2022-05-15 11:15:00,Meeting_Virtual,annotator,HIGH LEVEL BEHAVIOR,2022-05-15 00:01:31,2022-05-15 00:04:31
2022-05-15 11:15:02,2022-05-15 11:17:00,Relaxing_Passive,annotator,HIGH LEVEL BEHAVIOR,2022-05-15 00:04:33,2022-05-15 00:06:31
2022-05-15 11:17:01,2022-05-15 12:13:10,HLB_Indecipherable/Video_Insufficient,annotator,HIGH LEVEL BEHAVIOR,2022-05-15 00:06:32,2022-05-15 01:02:41
2022-05-15 12:13:13,2022-05-15 12:14:45,Doing_Common_Housework,annotator,HIGH LEVEL BEHAVIOR,2022-05-15 01:02:44,2022-05-15 01:04:16
2022-05-15 12:14:48,2022-05-15 13:04:28,HLB_Indecipherable/Video_Insufficient,annotator,HIGH LEVEL BEHAVIOR,2022-05-15 01:04:19,2022-05-15 01:53:59
2022-05-15 13:04:31,2022-05-15 13:05:00,Grooming/Self_Care,annotator,HIGH LEVEL BEHAVIOR,2022-05-15 01:54:02,2022-05-15 01:54:31
2022-05-15 13:05:08,2022-05-15 13:06:14,In_Transit_Active,annotator,HIGH LEVEL BEHAVIOR,2022-05-15 01:54:39,2022-05-15 01:55:45
2022-05-15 13:06:24,2022-05-15 13:09:03,In_Transit_Active,annotator,HIGH LEVEL BEHAVIOR,2022-05-15 01:55:55,2022-05-15 01:58:34
2022-05-15 13:09:05,2022-05-15 13:12:06,Packing/Unpacking_Something,annotator,HIGH LEVEL BEHAVIOR,2022-05-15 01:58:36,2022-05-15 02:01:37
2022-05-15 13:12:11,2022-05-15 13:20:54,Packing/Unpacking_Something,annotator,HIGH LEVEL BEHAVIOR,2022-05-15 02:01:42,2022-05-15 02:10:25
2022-05-15 13:20:56,2022-05-15 13:21:37,Packing/Unpacking_Something,annotator,HIGH LEVEL BEHAVIOR,2022-05-15 02:10:27,2022-05-15 02:11:08
2022-05-15 13:21:49,2022-05-15 13:23:52,Packing/Unpacking_Something,annotator,HIGH LEVEL BEHAVIOR,2022-05-15 02:11:20,2022-05-15 02:13:23
2022-05-15 13:23:54,2022-05-15 13:31:09,HLB_Unlabeled,annotator,HIGH LEVEL BEHAVIOR,2022-05-15 02:13:25,2022-05-15 02:20:40
2022-05-15 13:31:15,2022-05-15 13:45:44,Packing/Unpacking_Something,annotator,HIGH LEVEL BEHAVIOR,2022-05-15 02:20:46,2022-05-15 02:35:15
2022-05-15 13:45:45,2022-05-15 13:47:10,Doing_Dishes,annotator,HIGH LEVEL BEHAVIOR,2022-05-15 02:35:16,2022-05-15 02:36:41
2022-05-15 13:47:12,2022-05-15 13:48:40,Packing/Unpacking_Something,annotator,HIGH LEVEL BEHAVIOR,2022-05-15 02:36:43,2022-05-15 02:38:11
2022-05-15 13:48:45,2022-05-15 13:51:12,HLB_Unlabeled,annotator,HIGH LEVEL BEHAVIOR,2022-05-15 02:38:16,2022-05-15 02:40:43
2022-05-15 13:51:19,2022-05-15 14:00:44,Packing/Unpacking_Something,annotator,HIGH LEVEL BEHAVIOR,2022-05-15 02:40:50,2022-05-15 02:50:15
2022-05-15 14:00:47,2022-05-15 14:03:40,HLB_Unlabeled,annotator,HIGH LEVEL BEHAVIOR,2022-05-15 02:50:18,2022-05-15 02:53:11
2022-05-15 14:03:46,2022-05-15 14:08:38,Packing/Unpacking_Something,annotator,HIGH LEVEL BEHAVIOR,2022-05-15 02:53:17,2022-05-15 02:58:09
2022-05-15 14:08:41,2022-05-15 14:21:47,Packing/Unpacking_Something,annotator,HIGH LEVEL BEHAVIOR,2022-05-15 02:58:12,2022-05-15 03:11:18
2022-05-15 14:21:48,2022-05-15 14:24:26,Packing/Unpacking_Something, HLB_Unlabeled,annotator,HIGH LEVEL BEHAVIOR,2022-05-15 03:11:19,2022-05-15 03:13:57
2022-05-15 14:24:27,2022-05-15 14:48:14,Packing/Unpacking_Something,annotator,HIGH LEVEL BEHAVIOR,2022-05-15 03:13:58,2022-05-15 03:37:45
2022-05-15 14:48:20,2022-05-15 14:52:57,Packing/Unpacking_Something,annotator,HIGH LEVEL BEHAVIOR,2022-05-15 03:37:51,2022-05-15 03:42:28
2022-05-15 14:52:58,2022-05-15 14:55:17,Packing/Unpacking_Something,annotator,HIGH LEVEL BEHAVIOR,2022-05-15 03:42:29,2022-05-15 03:44:48
2022-05-15 14:55:18,2022-05-15 14:57:27,Grooming/Self_Care,annotator,HIGH LEVEL BEHAVIOR,2022-05-15 03:44:49,2022-05-15 03:46:58
2022-05-15 14:57:29,2022-05-15 14:59:06,Packing/Unpacking_Something,annotator,HIGH LEVEL BEHAVIOR,2022-05-15 03:47:00,2022-05-15 03:48:37
2022-05-15 14:59:07,2022-05-15 15:07:18,Eating/Dining,annotator,HIGH LEVEL BEHAVIOR,2022-05-15 03:48:38,2022-05-15 03:56:49
2022-05-15 15:07:23,2022-05-15 15:09:41,Packing/Unpacking_Something,annotator,HIGH LEVEL BEHAVIOR,2022-05-15 03:56:54,2022-05-15 03:59:12
2022-05-15 15:09:48,2022-05-15 15:10:35,Packing/Unpacking_Something,annotator,HIGH LEVEL BEHAVIOR,2022-05-15 03:59:19,2022-05-15 04:00:06
2022-05-15 15:10:40,2022-05-15 15:11:46,Packing/Unpacking_Something,annotator,HIGH LEVEL BEHAVIOR,2022-05-15 04:00:11,2022-05-15 04:01:17
2022-05-15 15:11:50,2022-05-15 15:12:15,Cleaning,annotator,HIGH LEVEL BEHAVIOR,2022-05-15 04:01:21,2022-05-15 04:01:46
2022-05-15 15:12:15,2022-05-15 15:12:51,HLB_Indecipherable/Video_Insufficient,annotator,HIGH LEVEL BEHAVIOR,2022-05-15 04:01:46,2022-05-15 04:02:22
2022-05-15 15:12:51,2022-05-15 15:14:03,Cleaning,annotator,HIGH LEVEL BEHAVIOR,2022-05-15 04:02:22,2022-05-15 04:03:34
2022-05-15 15:14:03,2022-05-15 15:14:10,Cleaning,annotator,HIGH LEVEL BEHAVIOR,2022-05-15 04:03:34,2022-05-15 04:03:41
2022-05-15 15:14:10,2022-05-15 15:15:10,Cleaning,annotator,HIGH LEVEL BEHAVIOR,2022-05-15 04:03:41,2022-05-15 04:04:41
2022-05-15 15:15:10,2022-05-15 15:20:50,Cleaning, Packing/Unpacking_Something,annotator,HIGH LEVEL BEHAVIOR,2022-05-15 04:04:41,2022-05-15 04:10:21
2022-05-15 15:20:50,2022-05-15 15:23:16,HLB_Indecipherable/Video_Insufficient,annotator,HIGH LEVEL BEHAVIOR,2022-05-15 04:10:21,2022-05-15 04:12:47
2022-05-15 15:23:16,2022-05-15 15:24:18,Packing/Unpacking_Something,annotator,HIGH LEVEL BEHAVIOR,2022-05-15 04:12:47,2022-05-15 04:13:49
2022-05-15 15:24:18,2022-05-15 15:25:03,HLB_Indecipherable/Video_Insufficient,annotator,HIGH LEVEL BEHAVIOR,2022-05-15 04:13:49,2022-05-15 04:14:34
2022-05-15 15:25:03,2022-05-15 15:27:17,Meeting _Social_Gathering_In_Person,annotator,HIGH LEVEL BEHAVIOR,2022-05-15 04:14:34,2022-05-15 04:16:48
2022-05-15 15:27:17,2022-05-15 15:28:11,Packing/Unpacking_Something,annotator,HIGH LEVEL BEHAVIOR,2022-05-15 04:16:48,2022-05-15 04:17:42
2022-05-15 15:28:11,2022-05-15 15:29:35,Packing/Unpacking_Something,annotator,HIGH LEVEL BEHAVIOR,2022-05-15 04:17:42,2022-05-15 04:19:06
2022-05-15 15:29:35,2022-05-15 15:30:07,,annotator,HIGH LEVEL BEHAVIOR,2022-05-15 04:19:06,2022-05-15 04:19:38
2022-05-15 15:30:07,2022-05-15 15:42:07,Relaxing_Passive,annotator,HIGH LEVEL BEHAVIOR,2022-05-15 04:19:38,2022-05-15 04:31:38
2022-05-15 15:42:07,2022-05-15 15:43:28,HLB_Indecipherable/Video_Insufficient,annotator,HIGH LEVEL BEHAVIOR,2022-05-15 04:31:38,2022-05-15 04:32:59
2022-05-15 15:43:28,2022-05-15 15:57:16,Relaxing_Passive,annotator,HIGH LEVEL BEHAVIOR,2022-05-15 04:32:59,2022-05-15 04:46:47
2022-05-15 15:57:16,2022-05-15 15:59:14,HLB_Indecipherable/Video_Insufficient,annotator,HIGH LEVEL BEHAVIOR,2022-05-15 04:46:47,2022-05-15 04:48:45
2022-05-15 15:59:14,2022-05-15 15:59:59,HLB_Indecipherable/Video_Insufficient,annotator,HIGH LEVEL BEHAVIOR,2022-05-15 04:48:45,2022-05-15 04:49:30
2022-05-15 15:59:59,2022-05-15 16:01:25,Packing/Unpacking_Something,annotator,HIGH LEVEL BEHAVIOR,2022-05-15 04:49:30,2022-05-15 04:50:56
2022-05-15 16:01:25,2022-05-15 16:02:13,In_Transit_Active,annotator,HIGH LEVEL BEHAVIOR,2022-05-15 04:50:56,2022-05-15 04:51:44
2022-05-15 16:02:13,2022-05-15 16:02:32,Riding_Elevator_Down,annotator,HIGH LEVEL BEHAVIOR,2022-05-15 04:51:44,2022-05-15 04:52:03
2022-05-15 16:02:32,2022-05-15 16:04:02,In_Transit_Active,annotator,HIGH LEVEL BEHAVIOR,2022-05-15 04:52:03,2022-05-15 04:53:33
2022-05-15 16:04:02,2022-05-15 16:04:18,Riding_Elevator_Up,annotator,HIGH LEVEL BEHAVIOR,2022-05-15 04:53:33,2022-05-15 04:53:49
2022-05-15 16:04:18,2022-05-15 16:05:06,In_Transit_Active,annotator,HIGH LEVEL BEHAVIOR,2022-05-15 04:53:49,2022-05-15 04:54:37
2022-05-15 16:05:06,2022-05-15 16:11:55,Packing/Unpacking_Something,annotator,HIGH LEVEL BEHAVIOR,2022-05-15 04:54:37,2022-05-15 05:01:26
2022-05-15 16:11:55,2022-05-15 16:12:27,Packing/Unpacking_Something,annotator,HIGH LEVEL BEHAVIOR,2022-05-15 05:01:26,2022-05-15 05:01:58
2022-05-15 16:12:27,2022-05-15 16:14:45,Packing/Unpacking_Something,annotator,HIGH LEVEL BEHAVIOR,2022-05-15 05:01:58,2022-05-15 05:04:16
2022-05-15 16:14:45,2022-05-15 16:43:15,HLB_Indecipherable/Video_Insufficient,annotator,HIGH LEVEL BEHAVIOR,2022-05-15 05:04:16,2022-05-15 05:32:46
2022-05-15 16:43:15,2022-05-15 16:44:03,,annotator,HIGH LEVEL BEHAVIOR,2022-05-15 05:32:46,2022-05-15 05:33:34
2022-05-15 16:44:03,2022-05-15 16:47:37,Packing/Unpacking_Something,annotator,HIGH LEVEL BEHAVIOR,2022-05-15 05:33:34,2022-05-15 05:37:08
2022-05-15 16:47:37,2022-05-15 16:48:07,Packing/Unpacking_Something,annotator,HIGH LEVEL BEHAVIOR,2022-05-15 05:37:08,2022-05-15 05:37:38
2022-05-15 16:48:07,2022-05-15 16:49:11,Packing/Unpacking_Something,annotator,HIGH LEVEL BEHAVIOR,2022-05-15 05:37:38,2022-05-15 05:38:42
2022-05-15 16:49:11,2022-05-15 16:50:28,Packing/Unpacking_Something,annotator,HIGH LEVEL BEHAVIOR,2022-05-15 05:38:42,2022-05-15 05:39:59
2022-05-15 16:50:28,2022-05-15 16:51:59,Packing/Unpacking_Something,annotator,HIGH LEVEL BEHAVIOR,2022-05-15 05:39:59,2022-05-15 05:41:30
2022-05-15 16:52:00,2022-05-15 16:52:09,Packing/Unpacking_Something,annotator,HIGH LEVEL BEHAVIOR,2022-05-15 05:41:31,2022-05-15 05:41:40
2022-05-15 16:52:09,2022-05-15 16:52:09,Packing/Unpacking_Something,annotator,HIGH LEVEL BEHAVIOR,2022-05-15 05:41:40,2022-05-15 05:41:40
2022-05-15 16:52:09,2022-05-15 16:52:14,,annotator,HIGH LEVEL BEHAVIOR,2022-05-15 05:41:40,2022-05-15 05:41:45
2022-05-15 16:52:14,2022-05-15 16:54:57,Packing/Unpacking_Something,annotator,HIGH LEVEL BEHAVIOR,2022-05-15 05:41:45,2022-05-15 05:44:28
2022-05-15 16:54:57,2022-05-15 16:55:13,Dressing/Undressing,annotator,HIGH LEVEL BEHAVIOR,2022-05-15 05:44:28,2022-05-15 05:44:44
2022-05-15 16:55:13,2022-05-15 17:00:27,Packing/Unpacking_Something,annotator,HIGH LEVEL BEHAVIOR,2022-05-15 05:44:44,2022-05-15 05:49:58
2022-05-15 17:00:27,2022-05-15 17:01:03,Cleaning,annotator,HIGH LEVEL BEHAVIOR,2022-05-15 05:49:58,2022-05-15 05:50:34
2022-05-15 17:01:03,2022-05-15 17:09:07,Packing/Unpacking_Something,annotator,HIGH LEVEL BEHAVIOR,2022-05-15 05:50:34,2022-05-15 05:58:38
2022-05-15 17:09:07,2022-05-15 17:09:25,Meeting _Social_Gathering_In_Person, Riding_Elevator_Down,annotator,HIGH LEVEL BEHAVIOR,2022-05-15 05:58:38,2022-05-15 05:58:56
2022-05-15 17:09:25,2022-05-15 17:10:24,Meeting _Social_Gathering_In_Person, In_Transit_Active,annotator,HIGH LEVEL BEHAVIOR,2022-05-15 05:58:56,2022-05-15 05:59:55
2022-05-15 17:10:24,2022-05-15 17:19:46,Meeting _Social_Gathering_In_Person, In_Transit_Active,annotator,HIGH LEVEL BEHAVIOR,2022-05-15 05:59:55,2022-05-15 06:09:17
2022-05-15 17:19:46,2022-05-15 17:22:07,Meeting _Social_Gathering_In_Person,annotator,HIGH LEVEL BEHAVIOR,2022-05-15 06:09:17,2022-05-15 06:11:38
2022-05-15 17:22:07,2022-05-15 17:22:47,Meeting _Social_Gathering_In_Person,annotator,HIGH LEVEL BEHAVIOR,2022-05-15 06:11:38,2022-05-15 06:12:18
2022-05-15 17:22:47,2022-05-15 17:23:28,Meeting _Social_Gathering_In_Person, In_Transit_Active,annotator,HIGH LEVEL BEHAVIOR,2022-05-15 06:12:18,2022-05-15 06:12:59
2022-05-15 17:23:28,2022-05-15 17:24:09,Meeting _Social_Gathering_In_Person, Riding_Elevator_Up,annotator,HIGH LEVEL BEHAVIOR,2022-05-15 06:12:59,2022-05-15 06:13:40
2022-05-15 17:24:09,2022-05-15 17:27:16,Meeting _Social_Gathering_In_Person, Packing/Unpacking_Something,annotator,HIGH LEVEL BEHAVIOR,2022-05-15 06:13:40,2022-05-15 06:16:47
2022-05-15 17:27:16,2022-05-15 17:28:47,Meeting _Social_Gathering_In_Person,annotator,HIGH LEVEL BEHAVIOR,2022-05-15 06:16:47,2022-05-15 06:18:18
2022-05-15 17:28:47,2022-05-15 17:31:19,Meeting _Social_Gathering_In_Person,annotator,HIGH LEVEL BEHAVIOR,2022-05-15 06:18:18,2022-05-15 06:20:50
2022-05-15 17:31:19,2022-05-15 17:40:21,Meeting _Social_Gathering_In_Person,annotator,HIGH LEVEL BEHAVIOR,2022-05-15 06:20:50,2022-05-15 06:29:52
2022-05-15 17:40:21,2022-05-15 17:42:53,Meeting _Social_Gathering_In_Person,annotator,HIGH LEVEL BEHAVIOR,2022-05-15 06:29:52,2022-05-15 06:32:24
2022-05-15 17:42:53,2022-05-15 17:43:38,Meeting _Social_Gathering_In_Person, Packing/Unpacking_Something,annotator,HIGH LEVEL BEHAVIOR,2022-05-15 06:32:24,2022-05-15 06:33:09
2022-05-15 17:43:38,2022-05-15 17:45:03,Meeting _Social_Gathering_In_Person, Packing/Unpacking_Something,annotator,HIGH LEVEL BEHAVIOR,2022-05-15 06:33:09,2022-05-15 06:34:34
2022-05-15 17:45:03,2022-05-15 17:52:38,Meeting _Social_Gathering_In_Person, Packing/Unpacking_Something,annotator,HIGH LEVEL BEHAVIOR,2022-05-15 06:34:34,2022-05-15 06:42:09
2022-05-15 17:52:38,2022-05-15 17:52:52,Meeting _Social_Gathering_In_Person, In_Transit_Active,annotator,HIGH LEVEL BEHAVIOR,2022-05-15 06:42:09,2022-05-15 06:42:23
2022-05-15 17:52:52,2022-05-15 17:53:49,Meeting _Social_Gathering_In_Person, Riding_Elevator_Down,annotator,HIGH LEVEL BEHAVIOR,2022-05-15 06:42:23,2022-05-15 06:43:20
2022-05-15 17:53:49,2022-05-15 17:54:44,In_Transit_Active,annotator,HIGH LEVEL BEHAVIOR,2022-05-15 06:43:20,2022-05-15 06:44:15
2022-05-15 17:54:44,2022-05-15 18:00:44,In_Transit_Active,annotator,HIGH LEVEL BEHAVIOR,2022-05-15 06:44:15,2022-05-15 06:50:15
2022-05-15 18:00:44,2022-05-15 18:01:11,In_Transit_Active,annotator,HIGH LEVEL BEHAVIOR,2022-05-15 06:50:15,2022-05-15 06:50:42
2022-05-15 18:01:11,2022-05-15 18:03:02,In_Transit_Active,annotator,HIGH LEVEL BEHAVIOR,2022-05-15 06:50:42,2022-05-15 06:52:33
2022-05-15 18:03:02,2022-05-15 18:05:02,In_Transit_Active,annotator,HIGH LEVEL BEHAVIOR,2022-05-15 06:52:33,2022-05-15 06:54:33
2022-05-15 18:05:02,2022-05-15 18:05:22,Riding_Elevator_Up,annotator,HIGH LEVEL BEHAVIOR,2022-05-15 06:54:33,2022-05-15 06:54:53
2022-05-15 18:05:22,2022-05-15 18:06:11,In_Transit_Active,annotator,HIGH LEVEL BEHAVIOR,2022-05-15 06:54:53,2022-05-15 06:55:42
2022-05-15 18:06:11,2022-05-15 18:07:01,HLB_Indecipherable/Video_Insufficient,annotator,HIGH LEVEL BEHAVIOR,2022-05-15 06:55:42,2022-05-15 06:56:32
2022-05-15 18:07:01,2022-05-15 18:09:24,Packing/Unpacking_Something,annotator,HIGH LEVEL BEHAVIOR,2022-05-15 06:56:32,2022-05-15 06:58:55
2022-05-15 18:09:24,2022-05-15 18:11:31,Packing/Unpacking_Something,annotator,HIGH LEVEL BEHAVIOR,2022-05-15 06:58:55,2022-05-15 07:01:02
2022-05-15 18:11:31,2022-05-15 18:12:13,Packing/Unpacking_Something,annotator,HIGH LEVEL BEHAVIOR,2022-05-15 07:01:02,2022-05-15 07:01:44
2022-05-15 18:12:13,2022-05-15 18:12:44,Packing/Unpacking_Something,annotator,HIGH LEVEL BEHAVIOR,2022-05-15 07:01:44,2022-05-15 07:02:15
2022-05-15 18:12:44,2022-05-15 18:13:51,Relaxing_Passive,annotator,HIGH LEVEL BEHAVIOR,2022-05-15 07:02:15,2022-05-15 07:03:22
2022-05-15 18:13:51,2022-05-15 18:14:29,Packing/Unpacking_Something,annotator,HIGH LEVEL BEHAVIOR,2022-05-15 07:03:22,2022-05-15 07:04:00
2022-05-15 18:14:29,2022-05-15 18:17:15,Packing/Unpacking_Something,annotator,HIGH LEVEL BEHAVIOR,2022-05-15 07:04:00,2022-05-15 07:06:46
2022-05-15 18:17:15,2022-05-15 18:17:55,,annotator,HIGH LEVEL BEHAVIOR,2022-05-15 07:06:46,2022-05-15 07:07:26
2022-05-15 18:17:55,2022-05-15 18:18:37,HLB_Other,annotator,HIGH LEVEL BEHAVIOR,2022-05-15 07:07:26,2022-05-15 07:08:08
2022-05-15 18:18:40,2022-05-15 18:22:25,Relaxing_Passive,annotator,HIGH LEVEL BEHAVIOR,2022-05-15 07:08:11,2022-05-15 07:11:56
2022-05-15 18:22:25,2022-05-15 18:30:11,Packing/Unpacking_Something,annotator,HIGH LEVEL BEHAVIOR,2022-05-15 07:11:56,2022-05-15 07:19:42
2022-05-15 18:30:11,2022-05-15 18:30:33,Eating/Dining,annotator,HIGH LEVEL BEHAVIOR,2022-05-15 07:19:42,2022-05-15 07:20:04
2022-05-15 18:30:33,2022-05-15 18:32:05,Cleaning,annotator,HIGH LEVEL BEHAVIOR,2022-05-15 07:20:04,2022-05-15 07:21:36
2022-05-15 18:32:05,2022-05-15 18:33:00,Meeting _Social_Gathering_In_Person,annotator,HIGH LEVEL BEHAVIOR,2022-05-15 07:21:36,2022-05-15 07:22:31
2022-05-15 18:33:00,2022-05-15 18:35:10,Meeting _Social_Gathering_In_Person, Cleaning,annotator,HIGH LEVEL BEHAVIOR,2022-05-15 07:22:31,2022-05-15 07:24:41
2022-05-15 18:35:10,2022-05-15 18:37:28,Meeting _Social_Gathering_In_Person, Packing/Unpacking_Something,annotator,HIGH LEVEL BEHAVIOR,2022-05-15 07:24:41,2022-05-15 07:26:59
2022-05-15 18:37:28,2022-05-15 18:38:26,Meeting _Social_Gathering_In_Person, In_Transit_Active,annotator,HIGH LEVEL BEHAVIOR,2022-05-15 07:26:59,2022-05-15 07:27:57
2022-05-15 18:38:26,2022-05-15 18:38:45,Meeting _Social_Gathering_In_Person, Riding_Elevator_Down,annotator,HIGH LEVEL BEHAVIOR,2022-05-15 07:27:57,2022-05-15 07:28:16
2022-05-15 18:38:45,2022-05-15 18:39:28,Meeting _Social_Gathering_In_Person, In_Transit_Active,annotator,HIGH LEVEL BEHAVIOR,2022-05-15 07:28:16,2022-05-15 07:28:59
2022-05-15 18:39:28,2022-05-15 18:48:24,Meeting _Social_Gathering_In_Person, In_Transit_Active,annotator,HIGH LEVEL BEHAVIOR,2022-05-15 07:28:59,2022-05-15 07:37:55
2022-05-15 18:48:28,2022-05-15 18:49:39,,annotator,HIGH LEVEL BEHAVIOR,2022-05-15 07:37:59,2022-05-15 07:39:10
2022-05-15 18:49:39,2022-05-15 18:50:38,Riding_Elevator_Up,annotator,HIGH LEVEL BEHAVIOR,2022-05-15 07:39:10,2022-05-15 07:40:09
2022-05-15 18:50:38,2022-05-15 18:50:51,,annotator,HIGH LEVEL BEHAVIOR,2022-05-15 07:40:09,2022-05-15 07:40:22
2022-05-15 18:50:51,2022-05-15 18:51:47,,annotator,HIGH LEVEL BEHAVIOR,2022-05-15 07:40:22,2022-05-15 07:41:18
2022-05-15 18:51:47,2022-05-15 18:52:22,,annotator,HIGH LEVEL BEHAVIOR,2022-05-15 07:41:18,2022-05-15 07:41:53
2022-05-15 18:52:22,2022-05-15 18:53:29,,annotator,HIGH LEVEL BEHAVIOR,2022-05-15 07:41:53,2022-05-15 07:43:00
2022-05-15 18:53:29,2022-05-15 18:53:49,,annotator,HIGH LEVEL BEHAVIOR,2022-05-15 07:43:00,2022-05-15 07:43:20
2022-05-15 18:53:49,2022-05-15 18:54:09,,annotator,HIGH LEVEL BEHAVIOR,2022-05-15 07:43:20,2022-05-15 07:43:40
2022-05-15 18:54:09,2022-05-15 18:54:18,,annotator,HIGH LEVEL BEHAVIOR,2022-05-15 07:43:40,2022-05-15 07:43:49
2022-05-15 18:54:18,2022-05-15 18:54:28,,annotator,HIGH LEVEL BEHAVIOR,2022-05-15 07:43:49,2022-05-15 07:43:59
2022-05-15 18:54:28,2022-05-15 18:54:41,,annotator,HIGH LEVEL BEHAVIOR,2022-05-15 07:43:59,2022-05-15 07:44:12
2022-05-15 18:54:41,2022-05-15 18:55:17,,annotator,HIGH LEVEL BEHAVIOR,2022-05-15 07:44:12,2022-05-15 07:44:48
2022-05-15 18:55:17,2022-05-15 18:55:25,,annotator,HIGH LEVEL BEHAVIOR,2022-05-15 07:44:48,2022-05-15 07:44:56
2022-05-15 18:55:25,2022-05-15 18:56:40,,annotator,HIGH LEVEL BEHAVIOR,2022-05-15 07:44:56,2022-05-15 07:46:11
2022-05-15 18:56:40,2022-05-15 18:57:22,Riding_Elevator_Down,annotator,HIGH LEVEL BEHAVIOR,2022-05-15 07:46:11,2022-05-15 07:46:53
2022-05-15 18:57:22,2022-05-15 18:57:39,,annotator,HIGH LEVEL BEHAVIOR,2022-05-15 07:46:53,2022-05-15 07:47:10
2022-05-15 18:57:39,2022-05-15 18:59:01,,annotator,HIGH LEVEL BEHAVIOR,2022-05-15 07:47:10,2022-05-15 07:48:32
2022-05-15 18:59:01,2022-05-15 18:59:59,,annotator,HIGH LEVEL BEHAVIOR,2022-05-15 07:48:32,2022-05-15 07:49:30
2022-05-15 18:59:59,2022-05-15 19:00:35,,annotator,HIGH LEVEL BEHAVIOR,2022-05-15 07:49:30,2022-05-15 07:50:06
2022-05-15 19:00:35,2022-05-15 19:01:28,,annotator,HIGH LEVEL BEHAVIOR,2022-05-15 07:50:06,2022-05-15 07:50:59
2022-05-15 19:01:28,2022-05-15 19:07:27,,annotator,HIGH LEVEL BEHAVIOR,2022-05-15 07:50:59,2022-05-15 07:56:58
2022-05-15 19:07:27,2022-05-15 19:08:02,,annotator,HIGH LEVEL BEHAVIOR,2022-05-15 07:56:58,2022-05-15 07:57:33
2022-05-15 19:08:02,2022-05-15 19:10:00,,annotator,HIGH LEVEL BEHAVIOR,2022-05-15 07:57:33,2022-05-15 07:59:31
2022-05-15 19:10:00,2022-05-15 19:11:00,,annotator,HIGH LEVEL BEHAVIOR,2022-05-15 07:59:31,2022-05-15 08:00:31
2022-05-15 19:11:00,2022-05-15 19:11:23,Riding_Elevator_Up,annotator,HIGH LEVEL BEHAVIOR,2022-05-15 08:00:31,2022-05-15 08:00:54
2022-05-15 19:11:23,2022-05-15 19:12:08,,annotator,HIGH LEVEL BEHAVIOR,2022-05-15 08:00:54,2022-05-15 08:01:39
2022-05-15 19:12:08,2022-05-15 19:12:34,,annotator,HIGH LEVEL BEHAVIOR,2022-05-15 08:01:39,2022-05-15 08:02:05
2022-05-15 19:12:34,2022-05-15 19:12:58,,annotator,HIGH LEVEL BEHAVIOR,2022-05-15 08:02:05,2022-05-15 08:02:29
2022-05-15 19:12:58,2022-05-15 19:13:06,,annotator,HIGH LEVEL BEHAVIOR,2022-05-15 08:02:29,2022-05-15 08:02:37
2022-05-15 19:13:06,2022-05-15 19:13:32,,annotator,HIGH LEVEL BEHAVIOR,2022-05-15 08:02:37,2022-05-15 08:03:03
2022-05-15 19:13:32,2022-05-15 19:13:59,,annotator,HIGH LEVEL BEHAVIOR,2022-05-15 08:03:03,2022-05-15 08:03:30
2022-05-15 19:13:59,2022-05-15 19:14:31,,annotator,HIGH LEVEL BEHAVIOR,2022-05-15 08:03:30,2022-05-15 08:04:02
2022-05-15 19:14:31,2022-05-15 19:15:01,,annotator,HIGH LEVEL BEHAVIOR,2022-05-15 08:04:02,2022-05-15 08:04:32
2022-05-15 19:15:01,2022-05-15 19:15:10,,annotator,HIGH LEVEL BEHAVIOR,2022-05-15 08:04:32,2022-05-15 08:04:41
2022-05-15 19:15:10,2022-05-15 19:19:17,,annotator,HIGH LEVEL BEHAVIOR,2022-05-15 08:04:41,2022-05-15 08:08:48
2022-05-15 19:19:17,2022-05-15 19:20:45,,annotator,HIGH LEVEL BEHAVIOR,2022-05-15 08:08:48,2022-05-15 08:10:16
2022-05-15 19:20:45,2022-05-15 19:21:18,,annotator,HIGH LEVEL BEHAVIOR,2022-05-15 08:10:16,2022-05-15 08:10:49
2022-05-15 19:21:18,2022-05-15 19:23:51,,annotator,HIGH LEVEL BEHAVIOR,2022-05-15 08:10:49,2022-05-15 08:13:22
2022-05-15 19:23:51,2022-05-15 19:24:35,,annotator,HIGH LEVEL BEHAVIOR,2022-05-15 08:13:22,2022-05-15 08:14:06
2022-05-15 19:24:35,2022-05-15 19:25:24,,annotator,HIGH LEVEL BEHAVIOR,2022-05-15 08:14:06,2022-05-15 08:14:55
2022-05-15 19:25:24,2022-05-15 19:26:26,,annotator,HIGH LEVEL BEHAVIOR,2022-05-15 08:14:55,2022-05-15 08:15:57
2022-05-15 19:26:26,2022-05-15 19:27:38,,annotator,HIGH LEVEL BEHAVIOR,2022-05-15 08:15:57,2022-05-15 08:17:09
2022-05-15 19:27:38,2022-05-15 19:27:50,,annotator,HIGH LEVEL BEHAVIOR,2022-05-15 08:17:09,2022-05-15 08:17:21
2022-05-15 19:27:50,2022-05-15 19:28:25,,annotator,HIGH LEVEL BEHAVIOR,2022-05-15 08:17:21,2022-05-15 08:17:56
2022-05-15 19:28:25,2022-05-15 19:29:01,,annotator,HIGH LEVEL BEHAVIOR,2022-05-15 08:17:56,2022-05-15 08:18:32
2022-05-15 19:29:01,2022-05-15 19:29:23,Riding_Elevator_Down,annotator,HIGH LEVEL BEHAVIOR,2022-05-15 08:18:32,2022-05-15 08:18:54
2022-05-15 19:29:23,2022-05-15 19:29:53,,annotator,HIGH LEVEL BEHAVIOR,2022-05-15 08:18:54,2022-05-15 08:19:24
2022-05-15 19:29:53,2022-05-15 19:32:37,Doing_Common_Housework,annotator,HIGH LEVEL BEHAVIOR,2022-05-15 08:19:24,2022-05-15 08:22:08
2022-05-15 19:32:37,2022-05-15 19:33:04,Doing_Common_Housework,annotator,HIGH LEVEL BEHAVIOR,2022-05-15 08:22:08,2022-05-15 08:22:35
2022-05-15 19:33:04,2022-05-15 19:33:20,Doing_Common_Housework,annotator,HIGH LEVEL BEHAVIOR,2022-05-15 08:22:35,2022-05-15 08:22:51
2022-05-15 19:33:20,2022-05-15 19:33:53,Doing_Common_Housework,annotator,HIGH LEVEL BEHAVIOR,2022-05-15 08:22:51,2022-05-15 08:23:24
2022-05-15 19:33:53,2022-05-15 19:34:13,Doing_Common_Housework, Riding_Elevator_Up,annotator,HIGH LEVEL BEHAVIOR,2022-05-15 08:23:24,2022-05-15 08:23:44
2022-05-15 19:34:13,2022-05-15 19:34:45,,annotator,HIGH LEVEL BEHAVIOR,2022-05-15 08:23:44,2022-05-15 08:24:16
2022-05-15 19:34:45,2022-05-15 19:35:20,,annotator,HIGH LEVEL BEHAVIOR,2022-05-15 08:24:16,2022-05-15 08:24:51
2022-05-15 19:35:20,2022-05-15 19:35:27,,annotator,HIGH LEVEL BEHAVIOR,2022-05-15 08:24:51,2022-05-15 08:24:58
2022-05-15 19:35:27,2022-05-15 19:36:00,,annotator,HIGH LEVEL BEHAVIOR,2022-05-15 08:24:58,2022-05-15 08:25:31
2022-05-15 19:36:00,2022-05-15 19:36:39,,annotator,HIGH LEVEL BEHAVIOR,2022-05-15 08:25:31,2022-05-15 08:26:10
2022-05-15 19:36:39,2022-05-15 19:38:58,Doing_Common_Housework,annotator,HIGH LEVEL BEHAVIOR,2022-05-15 08:26:10,2022-05-15 08:28:29
2022-05-15 19:38:58,2022-05-15 19:45:56,,annotator,HIGH LEVEL BEHAVIOR,2022-05-15 08:28:29,2022-05-15 08:35:27
2022-05-15 19:45:56,2022-05-15 19:46:13,,annotator,HIGH LEVEL BEHAVIOR,2022-05-15 08:35:27,2022-05-15 08:35:44
2022-05-15 19:46:13,2022-05-15 19:47:17,Doing_Common_Housework,annotator,HIGH LEVEL BEHAVIOR,2022-05-15 08:35:44,2022-05-15 08:36:48
2022-05-15 19:47:17,2022-05-15 19:48:03,Doing_Common_Housework,annotator,HIGH LEVEL BEHAVIOR,2022-05-15 08:36:48,2022-05-15 08:37:34
2022-05-15 19:48:03,2022-05-15 19:48:28,Doing_Common_Housework, Riding_Elevator_Down,annotator,HIGH LEVEL BEHAVIOR,2022-05-15 08:37:34,2022-05-15 08:37:59
2022-05-15 19:48:28,2022-05-15 19:49:03,Doing_Common_Housework,annotator,HIGH LEVEL BEHAVIOR,2022-05-15 08:37:59,2022-05-15 08:38:34
2022-05-15 19:49:03,2022-05-15 19:50:18,Doing_Common_Housework,annotator,HIGH LEVEL BEHAVIOR,2022-05-15 08:38:34,2022-05-15 08:39:49
2022-05-15 19:50:18,2022-05-15 19:53:41,,annotator,HIGH LEVEL BEHAVIOR,2022-05-15 08:39:49,2022-05-15 08:43:12
2022-05-15 19:53:41,2022-05-15 19:54:14,,annotator,HIGH LEVEL BEHAVIOR,2022-05-15 08:43:12,2022-05-15 08:43:45
2022-05-15 19:54:14,2022-05-15 20:01:33,,annotator,HIGH LEVEL BEHAVIOR,2022-05-15 08:43:45,2022-05-15 08:51:04
2022-05-15 20:01:33,2022-05-15 20:02:16,,annotator,HIGH LEVEL BEHAVIOR,2022-05-15 08:51:04,2022-05-15 08:51:47
2022-05-15 20:02:16,2022-05-15 20:02:51,,annotator,HIGH LEVEL BEHAVIOR,2022-05-15 08:51:47,2022-05-15 08:52:22
2022-05-15 20:02:51,2022-05-15 20:03:30,Riding_Elevator_Up,annotator,HIGH LEVEL BEHAVIOR,2022-05-15 08:52:22,2022-05-15 08:53:01
2022-05-15 20:03:30,2022-05-15 20:03:44,,annotator,HIGH LEVEL BEHAVIOR,2022-05-15 08:53:01,2022-05-15 08:53:15
2022-05-15 20:03:44,2022-05-15 20:04:27,,annotator,HIGH LEVEL BEHAVIOR,2022-05-15 08:53:15,2022-05-15 08:53:58
2022-05-15 20:04:27,2022-05-15 20:04:37,,annotator,HIGH LEVEL BEHAVIOR,2022-05-15 08:53:58,2022-05-15 08:54:08
2022-05-15 20:04:37,2022-05-15 20:04:57,,annotator,HIGH LEVEL BEHAVIOR,2022-05-15 08:54:08,2022-05-15 08:54:28
2022-05-15 20:04:57,2022-05-15 20:05:04,,annotator,HIGH LEVEL BEHAVIOR,2022-05-15 08:54:28,2022-05-15 08:54:35
2022-05-15 20:05:04,2022-05-15 20:05:51,,annotator,HIGH LEVEL BEHAVIOR,2022-05-15 08:54:35,2022-05-15 08:55:22
2022-05-15 20:05:51,2022-05-15 20:06:12,,annotator,HIGH LEVEL BEHAVIOR,2022-05-15 08:55:22,2022-05-15 08:55:43
2022-05-15 20:06:12,2022-05-15 20:09:39,Doing_Common_Housework,annotator,HIGH LEVEL BEHAVIOR,2022-05-15 08:55:43,2022-05-15 08:59:10
2022-05-15 20:09:39,2022-05-15 20:10:39,Doing_Common_Housework,annotator,HIGH LEVEL BEHAVIOR,2022-05-15 08:59:10,2022-05-15 09:00:10
2022-05-15 20:10:40,2022-05-15 20:15:29,Doing_Common_Housework,annotator,HIGH LEVEL BEHAVIOR,2022-05-15 09:00:11,2022-05-15 09:05:00
2022-05-15 20:15:29,2022-05-15 20:16:06,Doing_Common_Housework,annotator,HIGH LEVEL BEHAVIOR,2022-05-15 09:05:00,2022-05-15 09:05:37
2022-05-15 20:16:06,2022-05-15 20:27:58,,annotator,HIGH LEVEL BEHAVIOR,2022-05-15 09:05:37,2022-05-15 09:17:29
2022-05-15 20:27:58,2022-05-15 20:29:05,,annotator,HIGH LEVEL BEHAVIOR,2022-05-15 09:17:29,2022-05-15 09:18:36
2022-05-15 20:29:05,2022-05-15 20:29:16,,annotator,HIGH LEVEL BEHAVIOR,2022-05-15 09:18:36,2022-05-15 09:18:47
2022-05-15 20:29:16,2022-05-15 20:29:43,,annotator,HIGH LEVEL BEHAVIOR,2022-05-15 09:18:47,2022-05-15 09:19:14
2022-05-15 20:29:43,2022-05-15 20:29:54,,annotator,HIGH LEVEL BEHAVIOR,2022-05-15 09:19:14,2022-05-15 09:19:25
2022-05-15 20:29:54,2022-05-15 20:32:05,Doing_Common_Housework,annotator,HIGH LEVEL BEHAVIOR,2022-05-15 09:19:25,2022-05-15 09:21:36
2022-05-15 20:32:05,2022-05-15 20:32:22,Doing_Common_Housework,annotator,HIGH LEVEL BEHAVIOR,2022-05-15 09:21:36,2022-05-15 09:21:53
2022-05-15 20:32:22,2022-05-15 20:32:39,Doing_Common_Housework,annotator,HIGH LEVEL BEHAVIOR,2022-05-15 09:21:53,2022-05-15 09:22:10
2022-05-15 20:32:39,2022-05-15 20:33:26,Doing_Common_Housework,annotator,HIGH LEVEL BEHAVIOR,2022-05-15 09:22:10,2022-05-15 09:22:57
2022-05-15 20:33:26,2022-05-15 20:34:58,Doing_Common_Housework,annotator,HIGH LEVEL BEHAVIOR,2022-05-15 09:22:57,2022-05-15 09:24:29
2022-05-15 20:34:58,2022-05-15 20:35:17,Doing_Common_Housework,annotator,HIGH LEVEL BEHAVIOR,2022-05-15 09:24:29,2022-05-15 09:24:48
2022-05-15 20:35:17,2022-05-15 20:36:15,Doing_Common_Housework,annotator,HIGH LEVEL BEHAVIOR,2022-05-15 09:24:48,2022-05-15 09:25:46
2022-05-15 20:36:15,2022-05-15 20:37:09,Doing_Common_Housework,annotator,HIGH LEVEL BEHAVIOR,2022-05-15 09:25:46,2022-05-15 09:26:40
2022-05-15 20:37:09,2022-05-15 20:37:23,Doing_Common_Housework,annotator,HIGH LEVEL BEHAVIOR,2022-05-15 09:26:40,2022-05-15 09:26:54
2022-05-15 20:37:23,2022-05-15 20:37:47,Doing_Common_Housework,annotator,HIGH LEVEL BEHAVIOR,2022-05-15 09:26:54,2022-05-15 09:27:18
2022-05-15 20:37:47,2022-05-15 20:38:43,Doing_Common_Housework,annotator,HIGH LEVEL BEHAVIOR,2022-05-15 09:27:18,2022-05-15 09:28:14
2022-05-15 20:38:43,2022-05-15 20:39:01,Doing_Common_Housework,annotator,HIGH LEVEL BEHAVIOR,2022-05-15 09:28:14,2022-05-15 09:28:32
2022-05-15 20:39:01,2022-05-15 20:39:46,Doing_Common_Housework,annotator,HIGH LEVEL BEHAVIOR,2022-05-15 09:28:32,2022-05-15 09:29:17
2022-05-15 20:39:46,2022-05-15 20:39:55,Doing_Common_Housework,annotator,HIGH LEVEL BEHAVIOR,2022-05-15 09:29:17,2022-05-15 09:29:26
2022-05-15 20:39:55,2022-05-15 20:40:18,Doing_Common_Housework,annotator,HIGH LEVEL BEHAVIOR,2022-05-15 09:29:26,2022-05-15 09:29:49
2022-05-15 20:40:18,2022-05-15 20:40:54,Doing_Common_Housework,annotator,HIGH LEVEL BEHAVIOR,2022-05-15 09:29:49,2022-05-15 09:30:25
2022-05-15 20:40:54,2022-05-15 20:42:12,Riding_Elevator_Down,annotator,HIGH LEVEL BEHAVIOR,2022-05-15 09:30:25,2022-05-15 09:31:43
2022-05-15 20:42:12,2022-05-15 20:42:33,,annotator,HIGH LEVEL BEHAVIOR,2022-05-15 09:31:43,2022-05-15 09:32:04
2022-05-15 20:42:33,2022-05-15 20:43:17,Riding_Elevator_Up,annotator,HIGH LEVEL BEHAVIOR,2022-05-15 09:32:04,2022-05-15 09:32:48
2022-05-15 20:43:17,2022-05-15 20:43:56,,annotator,HIGH LEVEL BEHAVIOR,2022-05-15 09:32:48,2022-05-15 09:33:27
2022-05-15 20:43:56,2022-05-15 20:44:24,,annotator,HIGH LEVEL BEHAVIOR,2022-05-15 09:33:27,2022-05-15 09:33:55
2022-05-15 20:44:24,2022-05-15 20:44:41,,annotator,HIGH LEVEL BEHAVIOR,2022-05-15 09:33:55,2022-05-15 09:34:12
2022-05-15 20:44:41,2022-05-15 20:44:50,,annotator,HIGH LEVEL BEHAVIOR,2022-05-15 09:34:12,2022-05-15 09:34:21
2022-05-15 20:44:50,2022-05-15 20:45:06,,annotator,HIGH LEVEL BEHAVIOR,2022-05-15 09:34:21,2022-05-15 09:34:37
2022-05-15 20:45:06,2022-05-15 20:45:19,,annotator,HIGH LEVEL BEHAVIOR,2022-05-15 09:34:37,2022-05-15 09:34:50
2022-05-15 20:45:19,2022-05-15 20:46:21,,annotator,HIGH LEVEL BEHAVIOR,2022-05-15 09:34:50,2022-05-15 09:35:52
2022-05-15 20:46:21,2022-05-15 20:46:42,,annotator,HIGH LEVEL BEHAVIOR,2022-05-15 09:35:52,2022-05-15 09:36:13
2022-05-15 20:46:42,2022-05-15 20:46:52,,annotator,HIGH LEVEL BEHAVIOR,2022-05-15 09:36:13,2022-05-15 09:36:23
2022-05-15 20:46:52,2022-05-15 20:47:17,,annotator,HIGH LEVEL BEHAVIOR,2022-05-15 09:36:23,2022-05-15 09:36:48
2022-05-15 20:47:17,2022-05-15 20:49:08,,annotator,HIGH LEVEL BEHAVIOR,2022-05-15 09:36:48,2022-05-15 09:38:39
2022-05-15 20:49:08,2022-05-15 20:49:33,,annotator,HIGH LEVEL BEHAVIOR,2022-05-15 09:38:39,2022-05-15 09:39:04
2022-05-15 20:49:33,2022-05-15 20:57:20,Cooking/Prepping_Food,annotator,HIGH LEVEL BEHAVIOR,2022-05-15 09:39:04,2022-05-15 09:46:51
2022-05-15 20:57:20,2022-05-15 21:01:37,Eating/Dining,annotator,HIGH LEVEL BEHAVIOR,2022-05-15 09:46:51,2022-05-15 09:51:08
2022-05-15 21:01:37,2022-05-15 21:04:29,Cooking/Prepping_Food,annotator,HIGH LEVEL BEHAVIOR,2022-05-15 09:51:08,2022-05-15 09:54:00
2022-05-15 21:04:29,2022-05-15 21:06:50,,annotator,HIGH LEVEL BEHAVIOR,2022-05-15 09:54:00,2022-05-15 09:56:21
2022-05-15 21:06:50,2022-05-15 21:07:22,,annotator,HIGH LEVEL BEHAVIOR,2022-05-15 09:56:21,2022-05-15 09:56:53
2022-05-15 21:07:22,2022-05-15 21:09:37,Cooking/Prepping_Food,annotator,HIGH LEVEL BEHAVIOR,2022-05-15 09:56:53,2022-05-15 09:59:08
2022-05-15 21:09:37,2022-05-15 21:14:43,Eating/Dining,annotator,HIGH LEVEL BEHAVIOR,2022-05-15 09:59:08,2022-05-15 10:04:14
2022-05-15 21:14:43,2022-05-15 21:14:59,,annotator,HIGH LEVEL BEHAVIOR,2022-05-15 10:04:14,2022-05-15 10:04:30
2022-05-15 21:14:59,2022-05-15 21:15:30,,annotator,HIGH LEVEL BEHAVIOR,2022-05-15 10:04:30,2022-05-15 10:05:01
2022-05-15 21:15:30,2022-05-15 21:15:50,,annotator,HIGH LEVEL BEHAVIOR,2022-05-15 10:05:01,2022-05-15 10:05:21
2022-05-15 21:15:50,2022-05-15 21:16:30,,annotator,HIGH LEVEL BEHAVIOR,2022-05-15 10:05:21,2022-05-15 10:06:01
2022-05-15 21:16:30,2022-05-15 21:17:14,,annotator,HIGH LEVEL BEHAVIOR,2022-05-15 10:06:01,2022-05-15 10:06:45
2022-05-15 21:17:14,2022-05-15 21:18:10,,annotator,HIGH LEVEL BEHAVIOR,2022-05-15 10:06:45,2022-05-15 10:07:41
2022-05-15 21:18:10,2022-05-15 21:18:33,Doing_Common_Housework,annotator,HIGH LEVEL BEHAVIOR,2022-05-15 10:07:41,2022-05-15 10:08:04
2022-05-15 21:18:33,2022-05-15 21:18:50,Doing_Common_Housework,annotator,HIGH LEVEL BEHAVIOR,2022-05-15 10:08:04,2022-05-15 10:08:21
2022-05-15 21:18:50,2022-05-15 21:19:27,,annotator,HIGH LEVEL BEHAVIOR,2022-05-15 10:08:21,2022-05-15 10:08:58
2022-05-15 21:19:27,2022-05-15 21:20:09,,annotator,HIGH LEVEL BEHAVIOR,2022-05-15 10:08:58,2022-05-15 10:09:40
2022-05-15 21:37:12,2022-05-15 21:38:05,,annotator,HIGH LEVEL BEHAVIOR,2022-05-15 10:26:43,2022-05-15 10:27:36
2022-05-15 21:38:05,2022-05-15 21:39:41,,annotator,HIGH LEVEL BEHAVIOR,2022-05-15 10:27:36,2022-05-15 10:29:12
2022-05-15 21:39:41,2022-05-15 21:40:06,,annotator,HIGH LEVEL BEHAVIOR,2022-05-15 10:29:12,2022-05-15 10:29:37
2022-05-15 21:40:06,2022-05-15 21:40:58,,annotator,HIGH LEVEL BEHAVIOR,2022-05-15 10:29:37,2022-05-15 10:30:29
2022-05-15 21:40:58,2022-05-15 21:43:13,,annotator,HIGH LEVEL BEHAVIOR,2022-05-15 10:30:29,2022-05-15 10:32:44
2022-05-15 21:43:13,2022-05-15 21:44:22,,annotator,HIGH LEVEL BEHAVIOR,2022-05-15 10:32:44,2022-05-15 10:33:53
2022-05-15 21:44:22,2022-05-15 21:44:38,,annotator,HIGH LEVEL BEHAVIOR,2022-05-15 10:33:53,2022-05-15 10:34:09
2022-05-15 21:44:38,2022-05-15 21:45:10,,annotator,HIGH LEVEL BEHAVIOR,2022-05-15 10:34:09,2022-05-15 10:34:41
2022-05-15 21:45:10,2022-05-15 21:45:24,,annotator,HIGH LEVEL BEHAVIOR,2022-05-15 10:34:41,2022-05-15 10:34:55
2022-05-15 21:45:24,2022-05-15 21:49:33,,annotator,HIGH LEVEL BEHAVIOR,2022-05-15 10:34:55,2022-05-15 10:39:04
2022-05-15 21:49:33,2022-05-15 21:50:09,,annotator,HIGH LEVEL BEHAVIOR,2022-05-15 10:39:04,2022-05-15 10:39:40
2022-05-15 21:50:09,2022-05-15 21:50:47,,annotator,HIGH LEVEL BEHAVIOR,2022-05-15 10:39:40,2022-05-15 10:40:18
2022-05-15 21:50:47,2022-05-15 21:51:10,,annotator,HIGH LEVEL BEHAVIOR,2022-05-15 10:40:18,2022-05-15 10:40:41
2022-05-15 21:51:10,2022-05-15 21:51:29,,annotator,HIGH LEVEL BEHAVIOR,2022-05-15 10:40:41,2022-05-15 10:41:00
2022-05-15 21:51:29,2022-05-15 21:51:56,,annotator,HIGH LEVEL BEHAVIOR,2022-05-15 10:41:00,2022-05-15 10:41:27
2022-05-15 21:51:56,2022-05-15 21:52:12,,annotator,HIGH LEVEL BEHAVIOR,2022-05-15 10:41:27,2022-05-15 10:41:43
2022-05-15 21:52:12,2022-05-15 21:52:51,WatchingTV/Movies,annotator,HIGH LEVEL BEHAVIOR,2022-05-15 10:41:43,2022-05-15 10:42:22
2022-05-15 21:52:51,2022-05-15 21:53:06,,annotator,HIGH LEVEL BEHAVIOR,2022-05-15 10:42:22,2022-05-15 10:42:37
2022-05-15 21:53:06,2022-05-15 21:53:20,,annotator,HIGH LEVEL BEHAVIOR,2022-05-15 10:42:37,2022-05-15 10:42:51
2022-05-15 21:53:20,2022-05-15 21:53:20,,annotator,HIGH LEVEL BEHAVIOR,2022-05-15 10:42:51,2022-05-15 10:42:51
2022-05-15 21:53:29,2022-05-15 21:53:53,,annotator,HIGH LEVEL BEHAVIOR,2022-05-15 10:43:00,2022-05-15 10:43:24
2022-05-15 21:53:53,2022-05-15 21:53:53,,annotator,HIGH LEVEL BEHAVIOR,2022-05-15 10:43:24,2022-05-15 10:43:24
2022-05-15 21:54:00,2022-05-15 21:54:51,,annotator,HIGH LEVEL BEHAVIOR,2022-05-15 10:43:31,2022-05-15 10:44:22
2022-05-15 21:54:51,2022-05-15 22:03:18,Eating/Dining,annotator,HIGH LEVEL BEHAVIOR,2022-05-15 10:44:22,2022-05-15 10:52:49
2022-05-15 22:03:18,2022-05-15 22:03:46,,annotator,HIGH LEVEL BEHAVIOR,2022-05-15 10:52:49,2022-05-15 10:53:17
2022-05-15 22:03:46,2022-05-15 22:14:43,WatchingTV/Movies,annotator,HIGH LEVEL BEHAVIOR,2022-05-15 10:53:17,2022-05-15 11:04:14
2022-05-15 22:14:43,2022-05-15 22:15:22,WatchingTV/Movies,annotator,HIGH LEVEL BEHAVIOR,2022-05-15 11:04:14,2022-05-15 11:04:53
2022-05-15 22:15:22,2022-05-15 22:19:28,WatchingTV/Movies,annotator,HIGH LEVEL BEHAVIOR,2022-05-15 11:04:53,2022-05-15 11:08:59
2022-05-15 22:19:28,2022-05-15 22:19:34,,annotator,HIGH LEVEL BEHAVIOR,2022-05-15 11:08:59,2022-05-15 11:09:05
2022-05-15 22:19:34,2022-05-15 22:19:50,,annotator,HIGH LEVEL BEHAVIOR,2022-05-15 11:09:05,2022-05-15 11:09:21
2022-05-15 22:19:50,2022-05-15 22:20:27,,annotator,HIGH LEVEL BEHAVIOR,2022-05-15 11:09:21,2022-05-15 11:09:58
2022-05-15 22:20:27,2022-05-15 22:20:43,,annotator,HIGH LEVEL BEHAVIOR,2022-05-15 11:09:58,2022-05-15 11:10:14
2022-05-15 22:20:43,2022-05-15 22:20:58,,annotator,HIGH LEVEL BEHAVIOR,2022-05-15 11:10:14,2022-05-15 11:10:29
2022-05-15 22:20:58,2022-05-15 22:21:05,,annotator,HIGH LEVEL BEHAVIOR,2022-05-15 11:10:29,2022-05-15 11:10:36
2022-05-15 22:21:05,2022-05-15 22:25:29,Doing_Dishes,annotator,HIGH LEVEL BEHAVIOR,2022-05-15 11:10:36,2022-05-15 11:15:00
2022-05-15 22:25:29,2022-05-15 22:25:42,,annotator,HIGH LEVEL BEHAVIOR,2022-05-15 11:15:00,2022-05-15 11:15:13
2022-05-15 22:25:42,2022-05-15 22:26:15,,annotator,HIGH LEVEL BEHAVIOR,2022-05-15 11:15:13,2022-05-15 11:15:46
2022-05-15 22:26:15,2022-05-15 22:32:23,Doing_Dishes,annotator,HIGH LEVEL BEHAVIOR,2022-05-15 11:15:46,2022-05-15 11:21:54
2022-05-15 22:32:23,2022-05-15 22:32:43,,annotator,HIGH LEVEL BEHAVIOR,2022-05-15 11:21:54,2022-05-15 11:22:14
2022-05-15 22:32:43,2022-05-15 22:33:05,,annotator,HIGH LEVEL BEHAVIOR,2022-05-15 11:22:14,2022-05-15 11:22:36
2022-05-15 22:33:05,2022-05-15 22:33:24,,annotator,HIGH LEVEL BEHAVIOR,2022-05-15 11:22:36,2022-05-15 11:22:55
2022-05-15 22:33:24,2022-05-15 22:33:31,,annotator,HIGH LEVEL BEHAVIOR,2022-05-15 11:22:55,2022-05-15 11:23:02
2022-05-15 22:33:31,2022-05-15 22:33:41,,annotator,HIGH LEVEL BEHAVIOR,2022-05-15 11:23:02,2022-05-15 11:23:12
2022-05-15 22:33:41,2022-05-15 22:33:50,,annotator,HIGH LEVEL BEHAVIOR,2022-05-15 11:23:12,2022-05-15 11:23:21
2022-05-15 22:33:50,2022-05-15 22:34:00,,annotator,HIGH LEVEL BEHAVIOR,2022-05-15 11:23:21,2022-05-15 11:23:31
2022-05-15 22:34:00,2022-05-15 22:34:09,,annotator,HIGH LEVEL BEHAVIOR,2022-05-15 11:23:31,2022-05-15 11:23:40
2022-05-15 22:34:09,2022-05-15 22:34:19,,annotator,HIGH LEVEL BEHAVIOR,2022-05-15 11:23:40,2022-05-15 11:23:50
2022-05-15 22:34:19,2022-05-15 22:39:52,Doing_Dishes,annotator,HIGH LEVEL BEHAVIOR,2022-05-15 11:23:50,2022-05-15 11:29:23
2022-05-15 22:39:52,2022-05-15 22:39:59,,annotator,HIGH LEVEL BEHAVIOR,2022-05-15 11:29:23,2022-05-15 11:29:30
2022-05-15 22:39:59,2022-05-15 22:41:08,,annotator,HIGH LEVEL BEHAVIOR,2022-05-15 11:29:30,2022-05-15 11:30:39
2022-05-15 22:41:08,2022-05-15 22:41:33,,annotator,HIGH LEVEL BEHAVIOR,2022-05-15 11:30:39,2022-05-15 11:31:04
2022-05-15 22:41:33,2022-05-15 22:41:42,,annotator,HIGH LEVEL BEHAVIOR,2022-05-15 11:31:04,2022-05-15 11:31:13
