START_TIME,STOP_TIME,PREDICTION,SOURCE,LABELSET,VIDEO_START_TIME,VIDEO_END_TIME
2022-05-15 08:37:20,2022-05-15 08:38:51,Located_Indoors,annotator,Behavioral Parameters,2022-05-15 00:00:00,2022-05-15 00:01:31
2022-05-15 08:38:51,2022-05-15 08:39:39,Located_Indoors,annotator,Behavioral Parameters,2022-05-15 00:01:31,2022-05-15 00:02:19
2022-05-15 08:39:39,2022-05-15 08:39:59,Located_Indoors, Holding_Drink,annotator,Behavioral Parameters,2022-05-15 00:02:19,2022-05-15 00:02:39
2022-05-15 08:39:59,2022-05-15 08:40:09,Holding_Drink, Located_Outdoors,annotator,Behavioral Parameters,2022-05-15 00:02:39,2022-05-15 00:02:49
2022-05-15 08:40:09,2022-05-15 08:42:42,Holding_Drink, Located_Outdoors,annotator,Behavioral Parameters,2022-05-15 00:02:49,2022-05-15 00:05:22
2022-05-15 08:42:42,2022-05-15 08:42:50,Holding_Drink, Located_Outdoors,annotator,Behavioral Parameters,2022-05-15 00:05:22,2022-05-15 00:05:30
2022-05-15 08:42:50,2022-05-15 08:43:17,Holding_Drink, Located_Indoors,annotator,Behavioral Parameters,2022-05-15 00:05:30,2022-05-15 00:05:57
2022-05-15 08:43:17,2022-05-15 08:43:44,Located_Indoors,annotator,Behavioral Parameters,2022-05-15 00:05:57,2022-05-15 00:06:24
2022-05-15 08:43:44,2022-05-15 08:44:29,Located_Indoors,annotator,Behavioral Parameters,2022-05-15 00:06:24,2022-05-15 00:07:09
2022-05-15 08:44:29,2022-05-15 08:44:37,Located_Indoors,annotator,Behavioral Parameters,2022-05-15 00:07:09,2022-05-15 00:07:17
2022-05-15 08:44:37,2022-05-15 08:51:58,Located_Indoors, Holding_Other_Object_Light,annotator,Behavioral Parameters,2022-05-15 00:07:17,2022-05-15 00:14:38
2022-05-15 08:51:58,2022-05-15 08:52:46,Located_Indoors, Holding_Other_Object_Light, Texting/Browsing_Phone,annotator,Behavioral Parameters,2022-05-15 00:14:38,2022-05-15 00:15:26
2022-05-15 08:52:46,2022-05-15 08:53:45,Located_Indoors, Holding_Other_Object_Light,annotator,Behavioral Parameters,2022-05-15 00:15:26,2022-05-15 00:16:25
2022-05-15 08:53:45,2022-05-15 09:06:17,Located_Indoors, Holding_Other_Object_Light, Texting/Browsing_Phone,annotator,Behavioral Parameters,2022-05-15 00:16:25,2022-05-15 00:28:57
2022-05-15 09:06:17,2022-05-15 09:06:34,Located_Indoors, Holding_Other_Object_Light,annotator,Behavioral Parameters,2022-05-15 00:28:57,2022-05-15 00:29:14
2022-05-15 09:06:34,2022-05-15 09:07:04,Located_Indoors, Holding_Other_Object_Light,annotator,Behavioral Parameters,2022-05-15 00:29:14,2022-05-15 00:29:44
2022-05-15 09:07:04,2022-05-15 09:15:20,CP_VideoUnavailable/Indecipherable,annotator,Behavioral Parameters,2022-05-15 00:29:44,2022-05-15 00:38:00
2022-05-15 09:15:20,2022-05-15 09:17:22,Located_Indoors, Holding_Other_Object_Light,annotator,Behavioral Parameters,2022-05-15 00:38:00,2022-05-15 00:40:02
2022-05-15 09:17:22,2022-05-15 09:17:42,Located_Indoors, Holding_Other_Object_Light,annotator,Behavioral Parameters,2022-05-15 00:40:02,2022-05-15 00:40:22
2022-05-15 09:17:42,2022-05-15 09:17:59,Located_Indoors, Holding_Other_Object_Light,annotator,Behavioral Parameters,2022-05-15 00:40:22,2022-05-15 00:40:39
2022-05-15 09:17:59,2022-05-15 09:22:05,Located_Indoors, Holding_Other_Object_Light,annotator,Behavioral Parameters,2022-05-15 00:40:39,2022-05-15 00:44:45
2022-05-15 09:22:05,2022-05-15 09:32:48,Located_Indoors, Holding_Other_Object_Light, Texting/Browsing_Phone,annotator,Behavioral Parameters,2022-05-15 00:44:45,2022-05-15 00:55:28
2022-05-15 09:32:48,2022-05-15 09:35:59,Located_Indoors,annotator,Behavioral Parameters,2022-05-15 00:55:28,2022-05-15 00:58:39
2022-05-15 09:35:59,2022-05-15 09:36:56,Located_Indoors, Holding_Drink,annotator,Behavioral Parameters,2022-05-15 00:58:39,2022-05-15 00:59:36
2022-05-15 09:36:56,2022-05-15 09:37:38,Located_Indoors,annotator,Behavioral Parameters,2022-05-15 00:59:36,2022-05-15 01:00:18
2022-05-15 09:37:38,2022-05-15 09:37:47,Located_Indoors, Holding_Bag/BriefCase_Hand_Light,annotator,Behavioral Parameters,2022-05-15 01:00:18,2022-05-15 01:00:27
2022-05-15 09:37:47,2022-05-15 09:38:26,Located_Indoors,annotator,Behavioral Parameters,2022-05-15 01:00:27,2022-05-15 01:01:06
2022-05-15 09:38:26,2022-05-15 09:38:45,Located_Indoors, Holding_Bag/BriefCase_Hand_Light,annotator,Behavioral Parameters,2022-05-15 01:01:06,2022-05-15 01:01:25
2022-05-15 09:38:45,2022-05-15 09:39:00,Located_Indoors, Holding_Bag/BriefCase_Hand_Light,annotator,Behavioral Parameters,2022-05-15 01:01:25,2022-05-15 01:01:40
2022-05-15 09:39:00,2022-05-15 09:39:08,Holding_Bag/BriefCase_Hand_Light, Located_Outdoors,annotator,Behavioral Parameters,2022-05-15 01:01:40,2022-05-15 01:01:48
2022-05-15 09:39:08,2022-05-15 09:39:32,Holding_Bag/BriefCase_Hand_Light, Located_Outdoors,annotator,Behavioral Parameters,2022-05-15 01:01:48,2022-05-15 01:02:12
2022-05-15 09:39:32,2022-05-15 09:39:56,Located_Outdoors,annotator,Behavioral Parameters,2022-05-15 01:02:12,2022-05-15 01:02:36
2022-05-15 09:39:56,2022-05-15 09:46:05,Located_Outdoors,annotator,Behavioral Parameters,2022-05-15 01:02:36,2022-05-15 01:08:45
2022-05-15 09:46:05,2022-05-15 09:48:50,Located_Outdoors, Holding_Other_Object_Light,annotator,Behavioral Parameters,2022-05-15 01:08:45,2022-05-15 01:11:30
2022-05-15 09:48:50,2022-05-15 09:58:57,Located_Outdoors,annotator,Behavioral Parameters,2022-05-15 01:11:30,2022-05-15 01:21:37
2022-05-15 09:58:57,2022-05-15 10:00:57,Located_Outdoors, Holding_Other_Object_Light, Texting/Browsing_Phone,annotator,Behavioral Parameters,2022-05-15 01:21:37,2022-05-15 01:23:37
2022-05-15 10:00:57,2022-05-15 10:01:28,Located_Outdoors, Holding_Other_Object_Light, Texting/Browsing_Phone,annotator,Behavioral Parameters,2022-05-15 01:23:37,2022-05-15 01:24:08
2022-05-15 10:01:28,2022-05-15 10:01:39,Located_Outdoors, Holding_Other_Object_Light, Texting/Browsing_Phone,annotator,Behavioral Parameters,2022-05-15 01:24:08,2022-05-15 01:24:19
2022-05-15 10:01:39,2022-05-15 10:31:42,Located_Outdoors, Holding_Other_Object_Light,annotator,Behavioral Parameters,2022-05-15 01:24:19,2022-05-15 01:54:22
2022-05-15 10:31:42,2022-05-15 10:33:27,Located_Outdoors, Holding_Other_Object_Light,annotator,Behavioral Parameters,2022-05-15 01:54:22,2022-05-15 01:56:07
2022-05-15 10:33:27,2022-05-15 10:37:26,Located_Outdoors, Holding_Other_Object_Light,annotator,Behavioral Parameters,2022-05-15 01:56:07,2022-05-15 02:00:06
2022-05-15 10:37:26,2022-05-15 11:07:05,Located_Outdoors, Holding_Other_Object_Light,annotator,Behavioral Parameters,2022-05-15 02:00:06,2022-05-15 02:29:45
2022-05-15 11:07:05,2022-05-15 11:07:27,Located_Outdoors, Holding_Other_Object_Light,annotator,Behavioral Parameters,2022-05-15 02:29:45,2022-05-15 02:30:07
2022-05-15 11:07:27,2022-05-15 11:08:55,Located_Outdoors, Holding_Other_Object_Light,annotator,Behavioral Parameters,2022-05-15 02:30:07,2022-05-15 02:31:35
2022-05-15 11:08:55,2022-05-15 11:26:53,Located_Outdoors,annotator,Behavioral Parameters,2022-05-15 02:31:35,2022-05-15 02:49:33
2022-05-15 11:26:53,2022-05-15 11:27:34,Located_Outdoors, Holding_Other_Object_Light, Texting/Browsing_Phone,annotator,Behavioral Parameters,2022-05-15 02:49:33,2022-05-15 02:50:14
2022-05-15 11:27:34,2022-05-15 11:27:46,Located_Outdoors, Holding_Other_Object_Light,annotator,Behavioral Parameters,2022-05-15 02:50:14,2022-05-15 02:50:26
2022-05-15 11:27:46,2022-05-15 11:28:01,Located_Outdoors, Holding_Other_Object_Light,annotator,Behavioral Parameters,2022-05-15 02:50:26,2022-05-15 02:50:41
2022-05-15 11:28:01,2022-05-15 11:28:24,Located_Outdoors,annotator,Behavioral Parameters,2022-05-15 02:50:41,2022-05-15 02:51:04
2022-05-15 11:28:24,2022-05-15 11:28:45,Located_Outdoors, Holding_Other_Object_Light, Texting/Browsing_Phone,annotator,Behavioral Parameters,2022-05-15 02:51:04,2022-05-15 02:51:25
2022-05-15 11:28:45,2022-05-15 11:29:18,Located_Outdoors, Holding_Other_Object_Light, Texting/Browsing_Phone,annotator,Behavioral Parameters,2022-05-15 02:51:25,2022-05-15 02:51:58
2022-05-15 11:29:18,2022-05-15 11:29:34,Located_Outdoors, Holding_Other_Object_Light, Texting/Browsing_Phone,annotator,Behavioral Parameters,2022-05-15 02:51:58,2022-05-15 02:52:14
2022-05-15 11:29:34,2022-05-15 11:30:03,Located_Outdoors, Holding_Other_Object_Light, Texting/Browsing_Phone,annotator,Behavioral Parameters,2022-05-15 02:52:14,2022-05-15 02:52:43
2022-05-15 11:30:03,2022-05-15 11:30:10,Located_Outdoors, Holding_Other_Object_Light, Texting/Browsing_Phone,annotator,Behavioral Parameters,2022-05-15 02:52:43,2022-05-15 02:52:50
2022-05-15 11:30:10,2022-05-15 11:30:30,Located_Outdoors, Holding_Other_Object_Light,annotator,Behavioral Parameters,2022-05-15 02:52:50,2022-05-15 02:53:10
2022-05-15 11:30:30,2022-05-15 11:33:05,Located_Outdoors, Holding_Other_Object_Light,annotator,Behavioral Parameters,2022-05-15 02:53:10,2022-05-15 02:55:45
2022-05-15 11:33:05,2022-05-15 11:39:37,CP_VideoUnavailable/Indecipherable,annotator,Behavioral Parameters,2022-05-15 02:55:45,2022-05-15 03:02:17
2022-05-15 11:39:37,2022-05-15 11:53:27,Located_Indoors, In_Conversation,annotator,Behavioral Parameters,2022-05-15 03:02:17,2022-05-15 03:16:07
2022-05-15 11:53:27,2022-05-15 11:53:29,Located_Indoors, In_Conversation, Holding_Drink,annotator,Behavioral Parameters,2022-05-15 03:16:07,2022-05-15 03:16:09
2022-05-15 11:53:29,2022-05-15 12:12:04,Located_Indoors, In_Conversation,annotator,Behavioral Parameters,2022-05-15 03:16:09,2022-05-15 03:34:44
2022-05-15 12:12:04,2022-05-15 12:12:23,Located_Indoors, In_Conversation, Holding_Drink,annotator,Behavioral Parameters,2022-05-15 03:34:44,2022-05-15 03:35:03
2022-05-15 12:12:23,2022-05-15 12:29:45,Located_Indoors, In_Conversation,annotator,Behavioral Parameters,2022-05-15 03:35:03,2022-05-15 03:52:25
2022-05-15 12:29:47,2022-05-15 12:30:30,Located_Indoors, In_Conversation, Holding_Other_Object_Light,annotator,Behavioral Parameters,2022-05-15 03:52:27,2022-05-15 03:53:10
2022-05-15 12:30:30,2022-05-15 12:33:28,Holding_Other_Object_Light, Located_Outdoors, In_Conversation,annotator,Behavioral Parameters,2022-05-15 03:53:10,2022-05-15 03:56:08
2022-05-15 12:33:29,2022-05-15 12:34:34,Holding_Other_Object_Light, Located_Outdoors,annotator,Behavioral Parameters,2022-05-15 03:56:09,2022-05-15 03:57:14
2022-05-15 12:34:35,2022-05-15 12:44:41,Located_Outdoors,annotator,Behavioral Parameters,2022-05-15 03:57:15,2022-05-15 04:07:21
2022-05-15 12:44:41,2022-05-15 12:45:08,Located_Outdoors, Holding_Other_Object_Light,annotator,Behavioral Parameters,2022-05-15 04:07:21,2022-05-15 04:07:48
2022-05-15 12:45:08,2022-05-15 12:46:34,Holding_Other_Object_Light, Located_Indoors,annotator,Behavioral Parameters,2022-05-15 04:07:48,2022-05-15 04:09:14
2022-05-15 12:46:34,2022-05-15 12:46:56,Holding_Other_Object_Light, Located_Indoors,annotator,Behavioral Parameters,2022-05-15 04:09:14,2022-05-15 04:09:36
2022-05-15 12:46:56,2022-05-15 12:47:12,Holding_Other_Object_Light, Located_Indoors,annotator,Behavioral Parameters,2022-05-15 04:09:36,2022-05-15 04:09:52
2022-05-15 12:47:12,2022-05-15 12:48:34,Holding_Other_Object_Light, Located_Indoors,annotator,Behavioral Parameters,2022-05-15 04:09:52,2022-05-15 04:11:14
2022-05-15 12:48:34,2022-05-15 12:49:09,Holding_Other_Object_Light, Located_Indoors,annotator,Behavioral Parameters,2022-05-15 04:11:14,2022-05-15 04:11:49
2022-05-15 12:49:09,2022-05-15 12:49:32,Holding_Other_Object_Light, Located_Indoors,annotator,Behavioral Parameters,2022-05-15 04:11:49,2022-05-15 04:12:12
2022-05-15 12:49:32,2022-05-15 12:50:44,Holding_Other_Object_Light, Located_Indoors,annotator,Behavioral Parameters,2022-05-15 04:12:12,2022-05-15 04:13:24
2022-05-15 12:50:44,2022-05-15 12:52:18,Holding_Other_Object_Light, Located_Indoors,annotator,Behavioral Parameters,2022-05-15 04:13:24,2022-05-15 04:14:58
2022-05-15 12:52:18,2022-05-15 12:53:21,Holding_Other_Object_Light, Located_Indoors,annotator,Behavioral Parameters,2022-05-15 04:14:58,2022-05-15 04:16:01
2022-05-15 12:53:21,2022-05-15 12:54:28,Holding_Other_Object_Light, Located_Indoors,annotator,Behavioral Parameters,2022-05-15 04:16:01,2022-05-15 04:17:08
2022-05-15 12:54:28,2022-05-15 12:54:40,Holding_Other_Object_Light, Located_Indoors,annotator,Behavioral Parameters,2022-05-15 04:17:08,2022-05-15 04:17:20
2022-05-15 12:54:40,2022-05-15 12:56:12,Holding_Other_Object_Light, Located_Indoors, In_Conversation,annotator,Behavioral Parameters,2022-05-15 04:17:20,2022-05-15 04:18:52
2022-05-15 12:56:12,2022-05-15 12:57:13,Holding_Other_Object_Light, Located_Indoors,annotator,Behavioral Parameters,2022-05-15 04:18:52,2022-05-15 04:19:53
2022-05-15 12:57:13,2022-05-15 12:57:59,Holding_Other_Object_Light, Located_Outdoors,annotator,Behavioral Parameters,2022-05-15 04:19:53,2022-05-15 04:20:39
2022-05-15 12:57:59,2022-05-15 12:58:15,Holding_Other_Object_Light, Located_Outdoors,annotator,Behavioral Parameters,2022-05-15 04:20:39,2022-05-15 04:20:55
2022-05-15 12:58:15,2022-05-15 12:59:03,Holding_Other_Object_Light, Located_Outdoors,annotator,Behavioral Parameters,2022-05-15 04:20:55,2022-05-15 04:21:43
2022-05-15 12:59:03,2022-05-15 13:05:54,Located_Outdoors,annotator,Behavioral Parameters,2022-05-15 04:21:43,2022-05-15 04:28:34
2022-05-15 13:05:54,2022-05-15 13:06:28,Located_Outdoors, Holding_Other_Object_Light,annotator,Behavioral Parameters,2022-05-15 04:28:34,2022-05-15 04:29:08
2022-05-15 13:06:28,2022-05-15 13:07:35,Holding_Other_Object_Light, Located_Indoors,annotator,Behavioral Parameters,2022-05-15 04:29:08,2022-05-15 04:30:15
2022-05-15 13:07:35,2022-05-15 13:11:14,Holding_Other_Object_Light, Located_Indoors,annotator,Behavioral Parameters,2022-05-15 04:30:15,2022-05-15 04:33:54
2022-05-15 13:11:14,2022-05-15 13:11:45,Holding_Other_Object_Light, Located_Indoors,annotator,Behavioral Parameters,2022-05-15 04:33:54,2022-05-15 04:34:25
2022-05-15 13:11:45,2022-05-15 13:15:38,Holding_Other_Object_Light, Located_Indoors,annotator,Behavioral Parameters,2022-05-15 04:34:25,2022-05-15 04:38:18
2022-05-15 13:15:38,2022-05-15 13:16:51,Holding_Other_Object_Light, Located_Indoors,annotator,Behavioral Parameters,2022-05-15 04:38:18,2022-05-15 04:39:31
2022-05-15 13:16:51,2022-05-15 13:18:47,Holding_Other_Object_Light, Located_Indoors,annotator,Behavioral Parameters,2022-05-15 04:39:31,2022-05-15 04:41:27
2022-05-15 13:18:47,2022-05-15 13:18:52,Holding_Other_Object_Light, Located_Indoors,annotator,Behavioral Parameters,2022-05-15 04:41:27,2022-05-15 04:41:32
2022-05-15 13:18:52,2022-05-15 13:20:34,Holding_Other_Object_Light, Located_Indoors, In_Conversation,annotator,Behavioral Parameters,2022-05-15 04:41:32,2022-05-15 04:43:14
2022-05-15 13:20:34,2022-05-15 13:21:04,Holding_Other_Object_Light, Located_Indoors, Holding_Bag/BriefCase_Hand_Light,annotator,Behavioral Parameters,2022-05-15 04:43:14,2022-05-15 04:43:44
2022-05-15 13:21:04,2022-05-15 13:21:38,Holding_Other_Object_Light, Holding_Bag/BriefCase_Hand_Light, Located_Outdoors,annotator,Behavioral Parameters,2022-05-15 04:43:44,2022-05-15 04:44:18
2022-05-15 13:21:38,2022-05-15 13:40:34,Located_Outdoors,annotator,Behavioral Parameters,2022-05-15 04:44:18,2022-05-15 05:03:14
2022-05-15 13:40:34,2022-05-15 13:41:53,Located_Outdoors, Holding_Other_Object_Light, Holding_Bag/BriefCase_Hand_Light,annotator,Behavioral Parameters,2022-05-15 05:03:14,2022-05-15 05:04:33
2022-05-15 13:41:53,2022-05-15 13:42:04,Holding_Other_Object_Light, Holding_Bag/BriefCase_Hand_Light, Located_Indoors,annotator,Behavioral Parameters,2022-05-15 05:04:33,2022-05-15 05:04:44
2022-05-15 13:42:04,2022-05-15 13:42:37,Holding_Other_Object_Light, Holding_Bag/BriefCase_Hand_Light, Located_Indoors,annotator,Behavioral Parameters,2022-05-15 05:04:44,2022-05-15 05:05:17
2022-05-15 13:42:37,2022-05-15 13:42:54,Holding_Other_Object_Light, Holding_Bag/BriefCase_Hand_Light, Located_Indoors,annotator,Behavioral Parameters,2022-05-15 05:05:17,2022-05-15 05:05:34
2022-05-15 13:42:54,2022-05-15 13:43:06,Holding_Other_Object_Light, Holding_Bag/BriefCase_Hand_Light, Located_Indoors, In_Conversation,annotator,Behavioral Parameters,2022-05-15 05:05:34,2022-05-15 05:05:46
2022-05-15 13:43:06,2022-05-15 13:43:32,Located_Indoors, In_Conversation,annotator,Behavioral Parameters,2022-05-15 05:05:46,2022-05-15 05:06:12
2022-05-15 13:43:32,2022-05-15 14:37:25,CP_VideoUnavailable/Indecipherable,annotator,Behavioral Parameters,2022-05-15 05:06:12,2022-05-15 06:00:05
