START_TIME,STOP_TIME,PREDICTION,SOURCE,LABELSET,VIDEO_START_TIME,VIDEO_END_TIME
2022-06-02 13:28:52,2022-06-02 13:29:23,Texting/Browsing_Phone, Located_Indoors,annotator,Behavioral Parameters,2022-06-02 00:01:06,2022-06-02 00:01:37
2022-06-02 13:29:25,2022-06-02 13:29:54,Texting/Browsing_Phone, Located_Indoors,annotator,Behavioral Parameters,2022-06-02 00:01:39,2022-06-02 00:02:08
2022-06-02 13:29:55,2022-06-02 13:30:07,Located_Indoors,annotator,Behavioral Parameters,2022-06-02 00:02:09,2022-06-02 00:02:21
2022-06-02 13:30:08,2022-06-02 13:31:03,Located_Outdoors,annotator,Behavioral Parameters,2022-06-02 00:02:22,2022-06-02 00:03:17
2022-06-02 13:31:04,2022-06-02 13:31:34,Located_Indoors,annotator,Behavioral Parameters,2022-06-02 00:03:18,2022-06-02 00:03:48
2022-06-02 13:31:35,2022-06-02 13:31:58,Located_Indoors,annotator,Behavioral Parameters,2022-06-02 00:03:49,2022-06-02 00:04:12
2022-06-02 13:32:00,2022-06-02 15:11:41,Located_Indoors,annotator,Behavioral Parameters,2022-06-02 00:04:14,2022-06-02 01:43:55
2022-06-02 15:11:53,2022-06-02 15:12:52,Located_Indoors, Carrying_Bag_On_Shoulder/Back_Light, Texting/Browsing_Phone,annotator,Behavioral Parameters,2022-06-02 01:44:07,2022-06-02 01:45:06
2022-06-02 15:12:54,2022-06-02 15:13:25,Located_Indoors, Carrying_Bag_On_Shoulder/Back_Light, Texting/Browsing_Phone,annotator,Behavioral Parameters,2022-06-02 01:45:08,2022-06-02 01:45:39
2022-06-02 15:13:26,2022-06-02 15:13:44,Located_Indoors, Carrying_Bag_On_Shoulder/Back_Light, Texting/Browsing_Phone,annotator,Behavioral Parameters,2022-06-02 01:45:40,2022-06-02 01:45:58
2022-06-02 15:13:45,2022-06-02 15:14:53,Carrying_Bag_On_Shoulder/Back_Light, Located_Outdoors,annotator,Behavioral Parameters,2022-06-02 01:45:59,2022-06-02 01:47:07
2022-06-02 15:14:55,2022-06-02 15:15:15,Carrying_Bag_On_Shoulder/Back_Light, Located_Outdoors,annotator,Behavioral Parameters,2022-06-02 01:47:09,2022-06-02 01:47:29
2022-06-02 15:15:17,2022-06-02 15:22:54,Carrying_Bag_On_Shoulder/Back_Light, Located_Outdoors,annotator,Behavioral Parameters,2022-06-02 01:47:31,2022-06-02 01:55:08
2022-06-02 15:22:55,2022-06-02 15:24:00,Carrying_Bag_On_Shoulder/Back_Light, Texting/Browsing_Phone, Located_Indoors,annotator,Behavioral Parameters,2022-06-02 01:55:09,2022-06-02 01:56:14
2022-06-02 15:24:02,2022-06-02 15:24:31,Carrying_Bag_On_Shoulder/Back_Light, Located_Indoors, In_Conversation,annotator,Behavioral Parameters,2022-06-02 01:56:16,2022-06-02 01:56:45
2022-06-02 15:24:31,2022-06-02 15:25:25,Carrying_Bag_On_Shoulder/Back_Light, Located_Indoors,annotator,Behavioral Parameters,2022-06-02 01:56:45,2022-06-02 01:57:39
2022-06-02 15:25:27,2022-06-02 15:28:18,Carrying_Bag_On_Shoulder/Back_Light, Located_Indoors,annotator,Behavioral Parameters,2022-06-02 01:57:41,2022-06-02 02:00:32
2022-06-02 15:28:21,2022-06-02 15:32:25,Located_Indoors,annotator,Behavioral Parameters,2022-06-02 02:00:35,2022-06-02 02:04:39
