START_TIME,STOP_TIME,PREDICTION,SOURCE,LABELSET,VIDEO_START_TIME,VIDEO_END_TIME
2022-05-28 09:57:57,2022-05-28 09:58:21,Free_Living,annotator,Experimental situation,2022-05-28 00:00:03,2022-05-28 00:00:27
2022-05-28 09:58:26,2022-05-28 09:58:39,Free_Living,annotator,Experimental situation,2022-05-28 00:00:32,2022-05-28 00:00:45
2022-05-28 09:58:45,2022-05-28 10:19:12,Free_Living,annotator,Experimental situation,2022-05-28 00:00:51,2022-05-28 00:21:18
2022-05-28 10:19:21,2022-05-28 10:20:16,Free_Living,annotator,Experimental situation,2022-05-28 00:21:27,2022-05-28 00:22:22
2022-05-28 10:20:18,2022-05-28 10:20:57,Free_Living,annotator,Experimental situation,2022-05-28 00:22:24,2022-05-28 00:23:03
2022-05-28 10:21:05,2022-05-28 10:21:37,Free_Living,annotator,Experimental situation,2022-05-28 00:23:11,2022-05-28 00:23:43
2022-05-28 10:21:37,2022-05-28 10:21:51,Free_Living,annotator,Experimental situation,2022-05-28 00:23:43,2022-05-28 00:23:57
2022-05-28 10:21:53,2022-05-28 10:22:11,Free_Living,annotator,Experimental situation,2022-05-28 00:23:59,2022-05-28 00:24:17
2022-05-28 10:22:12,2022-05-28 10:22:21,Free_Living,annotator,Experimental situation,2022-05-28 00:24:18,2022-05-28 00:24:27
2022-05-28 10:22:23,2022-05-28 10:22:29,Free_Living,annotator,Experimental situation,2022-05-28 00:24:29,2022-05-28 00:24:35
2022-05-28 10:22:30,2022-05-28 10:29:00,Free_Living,annotator,Experimental situation,2022-05-28 00:24:36,2022-05-28 00:31:06
2022-05-28 10:29:01,2022-05-28 10:29:04,Free_Living,annotator,Experimental situation,2022-05-28 00:31:07,2022-05-28 00:31:10
2022-05-28 10:29:10,2022-05-28 10:29:13,Free_Living,annotator,Experimental situation,2022-05-28 00:31:16,2022-05-28 00:31:19
2022-05-28 10:29:14,2022-05-28 10:30:56,Free_Living,annotator,Experimental situation,2022-05-28 00:31:20,2022-05-28 00:33:02
2022-05-28 10:31:01,2022-05-28 10:31:10,Free_Living,annotator,Experimental situation,2022-05-28 00:33:07,2022-05-28 00:33:16
2022-05-28 10:31:15,2022-05-28 10:32:45,Free_Living,annotator,Experimental situation,2022-05-28 00:33:21,2022-05-28 00:34:51
2022-05-28 10:32:47,2022-05-28 10:33:01,Free_Living,annotator,Experimental situation,2022-05-28 00:34:53,2022-05-28 00:35:07
2022-05-28 10:33:02,2022-05-28 10:33:40,Free_Living,annotator,Experimental situation,2022-05-28 00:35:08,2022-05-28 00:35:46
2022-05-28 10:33:41,2022-05-28 10:33:50,Free_Living,annotator,Experimental situation,2022-05-28 00:35:47,2022-05-28 00:35:56
2022-05-28 10:33:51,2022-05-28 10:34:41,Free_Living,annotator,Experimental situation,2022-05-28 00:35:57,2022-05-28 00:36:47
2022-05-28 10:34:43,2022-05-28 10:35:56,Free_Living,annotator,Experimental situation,2022-05-28 00:36:49,2022-05-28 00:38:02
2022-05-28 10:35:56,2022-05-28 10:36:24,Free_Living,annotator,Experimental situation,2022-05-28 00:38:02,2022-05-28 00:38:30
2022-05-28 10:36:26,2022-05-28 10:36:49,Free_Living,annotator,Experimental situation,2022-05-28 00:38:32,2022-05-28 00:38:55
2022-05-28 10:36:52,2022-05-28 10:38:40,Free_Living,annotator,Experimental situation,2022-05-28 00:38:58,2022-05-28 00:40:46
2022-05-28 10:38:43,2022-05-28 10:38:54,Free_Living,annotator,Experimental situation,2022-05-28 00:40:49,2022-05-28 00:41:00
2022-05-28 10:38:57,2022-05-28 10:40:47,Free_Living,annotator,Experimental situation,2022-05-28 00:41:03,2022-05-28 00:42:53
2022-05-28 10:40:51,2022-05-28 10:41:12,Free_Living,annotator,Experimental situation,2022-05-28 00:42:57,2022-05-28 00:43:18
2022-05-28 10:41:13,2022-05-28 10:41:51,Free_Living,annotator,Experimental situation,2022-05-28 00:43:19,2022-05-28 00:43:57
2022-05-28 10:41:56,2022-05-28 10:42:30,Free_Living,annotator,Experimental situation,2022-05-28 00:44:02,2022-05-28 00:44:36
2022-05-28 10:42:30,2022-05-28 10:44:22,Free_Living,annotator,Experimental situation,2022-05-28 00:44:36,2022-05-28 00:46:28
2022-05-28 10:44:40,2022-05-28 10:45:40,Free_Living,annotator,Experimental situation,2022-05-28 00:46:46,2022-05-28 00:47:46
2022-05-28 10:45:54,2022-05-28 10:46:01,Free_Living,annotator,Experimental situation,2022-05-28 00:48:00,2022-05-28 00:48:07
2022-05-28 10:46:07,2022-05-28 10:53:28,Free_Living,annotator,Experimental situation,2022-05-28 00:48:13,2022-05-28 00:55:34
2022-05-28 10:53:34,2022-05-28 10:53:42,Free_Living,annotator,Experimental situation,2022-05-28 00:55:40,2022-05-28 00:55:48
2022-05-28 10:53:42,2022-05-28 10:53:49,Free_Living,annotator,Experimental situation,2022-05-28 00:55:48,2022-05-28 00:55:55
2022-05-28 10:53:57,2022-05-28 10:54:06,Free_Living,annotator,Experimental situation,2022-05-28 00:56:03,2022-05-28 00:56:12
2022-05-28 10:54:10,2022-05-28 10:54:17,Free_Living,annotator,Experimental situation,2022-05-28 00:56:16,2022-05-28 00:56:23
2022-05-28 10:54:23,2022-05-28 10:55:09,Free_Living,annotator,Experimental situation,2022-05-28 00:56:29,2022-05-28 00:57:15
2022-05-28 10:55:11,2022-05-28 10:58:00,Free_Living,annotator,Experimental situation,2022-05-28 00:57:17,2022-05-28 01:00:06
2022-05-28 10:58:03,2022-05-28 10:58:27,Free_Living,annotator,Experimental situation,2022-05-28 01:00:09,2022-05-28 01:00:33
2022-05-28 10:58:31,2022-05-28 12:43:22,Free_Living,annotator,Experimental situation,2022-05-28 01:00:37,2022-05-28 02:45:28
2022-05-28 12:43:25,2022-05-28 12:44:00,Free_Living,annotator,Experimental situation,2022-05-28 02:45:31,2022-05-28 02:46:06
2022-05-28 12:44:09,2022-05-28 12:44:20,Free_Living,annotator,Experimental situation,2022-05-28 02:46:15,2022-05-28 02:46:26
2022-05-28 12:44:22,2022-05-28 12:44:39,Free_Living,annotator,Experimental situation,2022-05-28 02:46:28,2022-05-28 02:46:45
2022-05-28 12:44:45,2022-05-28 12:44:53,Free_Living,annotator,Experimental situation,2022-05-28 02:46:51,2022-05-28 02:46:59
2022-05-28 12:45:03,2022-05-28 12:45:26,Free_Living,annotator,Experimental situation,2022-05-28 02:47:09,2022-05-28 02:47:32
2022-05-28 12:45:27,2022-05-28 12:45:39,Free_Living,annotator,Experimental situation,2022-05-28 02:47:33,2022-05-28 02:47:45
2022-05-28 12:45:41,2022-05-28 12:45:43,Free_Living,annotator,Experimental situation,2022-05-28 02:47:47,2022-05-28 02:47:49
2022-05-28 12:45:44,2022-05-28 12:45:51,Free_Living,annotator,Experimental situation,2022-05-28 02:47:50,2022-05-28 02:47:57
2022-05-28 12:45:51,2022-05-28 12:46:03,Free_Living,annotator,Experimental situation,2022-05-28 02:47:57,2022-05-28 02:48:09
2022-05-28 12:46:10,2022-05-28 12:46:26,Free_Living,annotator,Experimental situation,2022-05-28 02:48:16,2022-05-28 02:48:32
2022-05-28 12:46:35,2022-05-28 12:46:50,Free_Living,annotator,Experimental situation,2022-05-28 02:48:41,2022-05-28 02:48:56
2022-05-28 12:46:50,2022-05-28 12:47:01,Free_Living,annotator,Experimental situation,2022-05-28 02:48:56,2022-05-28 02:49:07
2022-05-28 12:47:03,2022-05-28 12:47:12,Free_Living,annotator,Experimental situation,2022-05-28 02:49:09,2022-05-28 02:49:18
2022-05-28 12:47:15,2022-05-28 12:58:00,Free_Living,annotator,Experimental situation,2022-05-28 02:49:21,2022-05-28 03:00:06
2022-05-28 12:58:08,2022-05-28 12:59:21,Free_Living,annotator,Experimental situation,2022-05-28 03:00:14,2022-05-28 03:01:27
2022-05-28 12:59:27,2022-05-28 13:00:08,Free_Living,annotator,Experimental situation,2022-05-28 03:01:33,2022-05-28 03:02:14
2022-05-28 13:00:12,2022-05-28 13:00:28,Free_Living,annotator,Experimental situation,2022-05-28 03:02:18,2022-05-28 03:02:34
2022-05-28 13:00:35,2022-05-28 13:01:39,Free_Living,annotator,Experimental situation,2022-05-28 03:02:41,2022-05-28 03:03:45
2022-05-28 13:01:41,2022-05-28 13:05:39,Free_Living,annotator,Experimental situation,2022-05-28 03:03:47,2022-05-28 03:07:45
2022-05-28 13:05:42,2022-05-28 13:06:30,Free_Living,annotator,Experimental situation,2022-05-28 03:07:48,2022-05-28 03:08:36
2022-05-28 13:06:35,2022-05-28 13:07:47,Free_Living,annotator,Experimental situation,2022-05-28 03:08:41,2022-05-28 03:09:53
2022-05-28 13:07:47,2022-05-28 13:07:47,Free_Living,annotator,Experimental situation,2022-05-28 03:09:53,2022-05-28 03:09:53
2022-05-28 13:07:51,2022-05-28 13:08:03,Free_Living,annotator,Experimental situation,2022-05-28 03:09:57,2022-05-28 03:10:09
2022-05-28 13:08:09,2022-05-28 13:08:15,Free_Living,annotator,Experimental situation,2022-05-28 03:10:15,2022-05-28 03:10:21
2022-05-28 13:08:17,2022-05-28 13:08:23,Free_Living,annotator,Experimental situation,2022-05-28 03:10:23,2022-05-28 03:10:29
2022-05-28 13:08:25,2022-05-28 13:08:38,Free_Living,annotator,Experimental situation,2022-05-28 03:10:31,2022-05-28 03:10:44
2022-05-28 13:08:40,2022-05-28 13:09:01,Free_Living,annotator,Experimental situation,2022-05-28 03:10:46,2022-05-28 03:11:07
2022-05-28 13:09:04,2022-05-28 13:09:04,Free_Living,annotator,Experimental situation,2022-05-28 03:11:10,2022-05-28 03:11:10
2022-05-28 13:09:29,2022-05-28 13:10:08,Free_Living,annotator,Experimental situation,2022-05-28 03:11:35,2022-05-28 03:12:14
2022-05-28 13:10:11,2022-05-28 13:10:17,Free_Living,annotator,Experimental situation,2022-05-28 03:12:17,2022-05-28 03:12:23
2022-05-28 13:10:18,2022-05-28 13:10:26,Free_Living,annotator,Experimental situation,2022-05-28 03:12:24,2022-05-28 03:12:32
2022-05-28 13:10:34,2022-05-28 13:10:45,Free_Living,annotator,Experimental situation,2022-05-28 03:12:40,2022-05-28 03:12:51
2022-05-28 13:10:48,2022-05-28 13:11:01,Free_Living,annotator,Experimental situation,2022-05-28 03:12:54,2022-05-28 03:13:07
2022-05-28 13:11:03,2022-05-28 13:11:08,Free_Living,annotator,Experimental situation,2022-05-28 03:13:09,2022-05-28 03:13:14
2022-05-28 13:11:08,2022-05-28 13:11:21,Free_Living,annotator,Experimental situation,2022-05-28 03:13:14,2022-05-28 03:13:27
2022-05-28 13:11:22,2022-05-28 13:11:37,Free_Living,annotator,Experimental situation,2022-05-28 03:13:28,2022-05-28 03:13:43
2022-05-28 13:11:38,2022-05-28 13:11:45,Free_Living,annotator,Experimental situation,2022-05-28 03:13:44,2022-05-28 03:13:51
2022-05-28 13:11:46,2022-05-28 13:11:54,Free_Living,annotator,Experimental situation,2022-05-28 03:13:52,2022-05-28 03:14:00
2022-05-28 13:11:56,2022-05-28 13:12:46,Free_Living,annotator,Experimental situation,2022-05-28 03:14:02,2022-05-28 03:14:52
2022-05-28 13:12:50,2022-05-28 13:13:02,Free_Living,annotator,Experimental situation,2022-05-28 03:14:56,2022-05-28 03:15:08
2022-05-28 13:13:02,2022-05-28 13:13:33,Free_Living,annotator,Experimental situation,2022-05-28 03:15:08,2022-05-28 03:15:39
2022-05-28 13:13:33,2022-05-28 13:13:44,Free_Living,annotator,Experimental situation,2022-05-28 03:15:39,2022-05-28 03:15:50
2022-05-28 13:13:45,2022-05-28 13:13:53,Free_Living,annotator,Experimental situation,2022-05-28 03:15:51,2022-05-28 03:15:59
2022-05-28 13:13:55,2022-05-28 13:14:02,Free_Living,annotator,Experimental situation,2022-05-28 03:16:01,2022-05-28 03:16:08
2022-05-28 13:14:02,2022-05-28 13:14:15,Free_Living,annotator,Experimental situation,2022-05-28 03:16:08,2022-05-28 03:16:21
2022-05-28 13:14:16,2022-05-28 13:14:48,Free_Living,annotator,Experimental situation,2022-05-28 03:16:22,2022-05-28 03:16:54
2022-05-28 13:14:49,2022-05-28 13:15:00,Free_Living,annotator,Experimental situation,2022-05-28 03:16:55,2022-05-28 03:17:06
2022-05-28 13:15:02,2022-05-28 13:15:11,Free_Living,annotator,Experimental situation,2022-05-28 03:17:08,2022-05-28 03:17:17
2022-05-28 13:15:12,2022-05-28 13:15:22,Free_Living,annotator,Experimental situation,2022-05-28 03:17:18,2022-05-28 03:17:28
2022-05-28 13:15:23,2022-05-28 13:15:30,Free_Living,annotator,Experimental situation,2022-05-28 03:17:29,2022-05-28 03:17:36
2022-05-28 13:15:31,2022-05-28 13:15:42,Free_Living,annotator,Experimental situation,2022-05-28 03:17:37,2022-05-28 03:17:48
2022-05-28 13:15:43,2022-05-28 13:16:03,Free_Living,annotator,Experimental situation,2022-05-28 03:17:49,2022-05-28 03:18:09
2022-05-28 13:16:03,2022-05-28 13:16:09,Free_Living,annotator,Experimental situation,2022-05-28 03:18:09,2022-05-28 03:18:15
2022-05-28 13:16:10,2022-05-28 13:16:17,Free_Living,annotator,Experimental situation,2022-05-28 03:18:16,2022-05-28 03:18:23
2022-05-28 13:16:17,2022-05-28 13:16:41,Free_Living,annotator,Experimental situation,2022-05-28 03:18:23,2022-05-28 03:18:47
