START_TIME,STOP_TIME,PREDICTION,SOURCE,LABELSET,VIDEO_START_TIME,VIDEO_END_TIME
2021-11-30 16:00:31,2021-11-30 16:00:47,Free_Living,annotator,Experimental situation,2021-11-30 06:51:26,2021-11-30 06:51:42
2021-11-30 16:00:48,2021-11-30 16:00:51,Free_Living,annotator,Experimental situation,2021-11-30 06:51:43,2021-11-30 06:51:46
2021-11-30 16:01:27,2021-11-30 16:01:32,Free_Living,annotator,Experimental situation,2021-11-30 06:52:22,2021-11-30 06:52:27
2021-11-30 16:01:29,2021-11-30 16:01:33,Free_Living,annotator,Experimental situation,2021-11-30 06:52:24,2021-11-30 06:52:28
2021-11-30 16:01:41,2021-11-30 16:01:42,Free_Living,annotator,Experimental situation,2021-11-30 06:52:36,2021-11-30 06:52:37
2021-11-30 16:01:44,2021-11-30 16:01:47,Free_Living,annotator,Experimental situation,2021-11-30 06:52:39,2021-11-30 06:52:42
2021-11-30 16:01:48,2021-11-30 16:02:02,Free_Living,annotator,Experimental situation,2021-11-30 06:52:43,2021-11-30 06:52:57
2021-11-30 16:02:03,2021-11-30 16:02:28,Free_Living,annotator,Experimental situation,2021-11-30 06:52:58,2021-11-30 06:53:23
2021-11-30 16:02:30,2021-11-30 16:03:05,Free_Living,annotator,Experimental situation,2021-11-30 06:53:25,2021-11-30 06:54:00
2021-11-30 16:03:07,2021-11-30 16:03:33,Free_Living,annotator,Experimental situation,2021-11-30 06:54:02,2021-11-30 06:54:28
2021-11-30 16:03:34,2021-11-30 16:03:52,Free_Living,annotator,Experimental situation,2021-11-30 06:54:29,2021-11-30 06:54:47
2021-11-30 16:03:53,2021-11-30 16:05:04,Free_Living,annotator,Experimental situation,2021-11-30 06:54:48,2021-11-30 06:55:59
2021-11-30 16:05:05,2021-11-30 16:05:12,Free_Living,annotator,Experimental situation,2021-11-30 06:56:00,2021-11-30 06:56:07
2021-11-30 16:05:14,2021-11-30 16:07:05,Free_Living,annotator,Experimental situation,2021-11-30 06:56:09,2021-11-30 06:58:00
2021-11-30 16:07:11,2021-11-30 16:07:14,Free_Living,annotator,Experimental situation,2021-11-30 06:58:06,2021-11-30 06:58:09
2021-11-30 16:07:18,2021-11-30 16:08:16,Free_Living,annotator,Experimental situation,2021-11-30 06:58:13,2021-11-30 06:59:11
2021-11-30 16:08:28,2021-11-30 16:10:12,Free_Living,annotator,Experimental situation,2021-11-30 06:59:23,2021-11-30 07:01:07
2021-11-30 16:10:16,2021-11-30 16:10:56,Free_Living,annotator,Experimental situation,2021-11-30 07:01:11,2021-11-30 07:01:51
2021-11-30 16:11:00,2021-11-30 16:11:11,Free_Living,annotator,Experimental situation,2021-11-30 07:01:55,2021-11-30 07:02:06
2021-11-30 16:11:20,2021-11-30 16:11:32,Free_Living,annotator,Experimental situation,2021-11-30 07:02:15,2021-11-30 07:02:27
2021-11-30 16:11:50,2021-11-30 16:12:28,Free_Living,annotator,Experimental situation,2021-11-30 07:02:45,2021-11-30 07:03:23
2021-11-30 16:12:30,2021-11-30 16:13:03,Free_Living,annotator,Experimental situation,2021-11-30 07:03:25,2021-11-30 07:03:58
2021-11-30 16:13:07,2021-11-30 16:14:11,Free_Living,annotator,Experimental situation,2021-11-30 07:04:02,2021-11-30 07:05:06
2021-11-30 16:14:19,2021-11-30 16:14:54,Free_Living,annotator,Experimental situation,2021-11-30 07:05:14,2021-11-30 07:05:49
2021-11-30 16:14:58,2021-11-30 16:15:06,Free_Living,annotator,Experimental situation,2021-11-30 07:05:53,2021-11-30 07:06:01
2021-11-30 16:15:07,2021-11-30 16:16:55,Free_Living,annotator,Experimental situation,2021-11-30 07:06:02,2021-11-30 07:07:50
2021-11-30 16:17:12,2021-11-30 16:19:17,Free_Living,annotator,Experimental situation,2021-11-30 07:08:07,2021-11-30 07:10:12
2021-11-30 16:19:19,2021-11-30 16:22:26,Free_Living,annotator,Experimental situation,2021-11-30 07:10:14,2021-11-30 07:13:21
2021-11-30 16:22:28,2021-11-30 16:24:50,Free_Living,annotator,Experimental situation,2021-11-30 07:13:23,2021-11-30 07:15:45
2021-11-30 16:24:56,2021-11-30 16:35:11,Free_Living,annotator,Experimental situation,2021-11-30 07:15:51,2021-11-30 07:26:06
2021-11-30 16:35:12,2021-11-30 16:35:21,Free_Living,annotator,Experimental situation,2021-11-30 07:26:07,2021-11-30 07:26:16
2021-11-30 16:35:21,2021-11-30 16:37:12,Free_Living,annotator,Experimental situation,2021-11-30 07:26:16,2021-11-30 07:28:07
2021-11-30 16:37:16,2021-11-30 16:44:41,Free_Living,annotator,Experimental situation,2021-11-30 07:28:11,2021-11-30 07:35:36
2021-11-30 16:44:42,2021-11-30 16:45:23,Free_Living,annotator,Experimental situation,2021-11-30 07:35:37,2021-11-30 07:36:18
2021-11-30 16:45:25,2021-11-30 16:46:10,Free_Living,annotator,Experimental situation,2021-11-30 07:36:20,2021-11-30 07:37:05
2021-11-30 16:46:11,2021-11-30 16:47:07,Free_Living,annotator,Experimental situation,2021-11-30 07:37:06,2021-11-30 07:38:02
2021-11-30 16:47:09,2021-11-30 16:48:29,Free_Living,annotator,Experimental situation,2021-11-30 07:38:04,2021-11-30 07:39:24
2021-11-30 16:48:31,2021-11-30 16:48:46,Free_Living,annotator,Experimental situation,2021-11-30 07:39:26,2021-11-30 07:39:41
2021-11-30 16:48:48,2021-11-30 16:48:54,Free_Living,annotator,Experimental situation,2021-11-30 07:39:43,2021-11-30 07:39:49
2021-11-30 16:48:58,2021-11-30 16:49:06,Free_Living,annotator,Experimental situation,2021-11-30 07:39:53,2021-11-30 07:40:01
2021-11-30 16:49:12,2021-11-30 16:53:53,Free_Living,annotator,Experimental situation,2021-11-30 07:40:07,2021-11-30 07:44:48
2021-11-30 16:54:01,2021-11-30 17:04:16,Free_Living,annotator,Experimental situation,2021-11-30 07:44:56,2021-11-30 07:55:11
2021-11-30 17:04:18,2021-11-30 17:04:22,Free_Living,annotator,Experimental situation,2021-11-30 07:55:13,2021-11-30 07:55:17
2021-11-30 17:04:23,2021-11-30 17:13:59,Free_Living,annotator,Experimental situation,2021-11-30 07:55:18,2021-11-30 08:04:54
2021-11-30 17:14:00,2021-11-30 17:14:03,Free_Living,annotator,Experimental situation,2021-11-30 08:04:55,2021-11-30 08:04:58
2021-11-30 17:14:04,2021-11-30 17:14:28,Free_Living,annotator,Experimental situation,2021-11-30 08:04:59,2021-11-30 08:05:23
2021-11-30 17:14:30,2021-11-30 17:14:40,Free_Living,annotator,Experimental situation,2021-11-30 08:05:25,2021-11-30 08:05:35
2021-11-30 17:14:41,2021-11-30 17:15:03,Free_Living,annotator,Experimental situation,2021-11-30 08:05:36,2021-11-30 08:05:58
2021-11-30 17:15:04,2021-11-30 17:15:18,Free_Living,annotator,Experimental situation,2021-11-30 08:05:59,2021-11-30 08:06:13
2021-11-30 17:15:18,2021-11-30 17:15:34,Free_Living,annotator,Experimental situation,2021-11-30 08:06:13,2021-11-30 08:06:29
2021-11-30 17:15:35,2021-11-30 17:15:50,Free_Living,annotator,Experimental situation,2021-11-30 08:06:30,2021-11-30 08:06:45
2021-11-30 17:15:51,2021-11-30 17:16:01,Free_Living,annotator,Experimental situation,2021-11-30 08:06:46,2021-11-30 08:06:56
2021-11-30 17:16:02,2021-11-30 17:16:28,Free_Living,annotator,Experimental situation,2021-11-30 08:06:57,2021-11-30 08:07:23
2021-11-30 17:16:30,2021-11-30 17:16:34,Free_Living,annotator,Experimental situation,2021-11-30 08:07:25,2021-11-30 08:07:29
2021-11-30 17:16:34,2021-11-30 17:16:37,Free_Living,annotator,Experimental situation,2021-11-30 08:07:29,2021-11-30 08:07:32
2021-11-30 17:16:39,2021-11-30 17:17:50,Free_Living,annotator,Experimental situation,2021-11-30 08:07:34,2021-11-30 08:08:45
2021-11-30 17:17:51,2021-11-30 17:18:55,Free_Living,annotator,Experimental situation,2021-11-30 08:08:46,2021-11-30 08:09:50
2021-11-30 17:18:57,2021-11-30 17:20:23,Free_Living,annotator,Experimental situation,2021-11-30 08:09:52,2021-11-30 08:11:18
2021-11-30 17:20:25,2021-11-30 17:20:54,Free_Living,annotator,Experimental situation,2021-11-30 08:11:20,2021-11-30 08:11:49
2021-11-30 17:20:57,2021-11-30 17:21:11,Free_Living,annotator,Experimental situation,2021-11-30 08:11:52,2021-11-30 08:12:06
2021-11-30 17:21:12,2021-11-30 17:22:49,Free_Living,annotator,Experimental situation,2021-11-30 08:12:07,2021-11-30 08:13:44
2021-11-30 17:22:53,2021-11-30 17:23:08,Free_Living,annotator,Experimental situation,2021-11-30 08:13:48,2021-11-30 08:14:03
2021-11-30 17:23:10,2021-11-30 17:29:17,Free_Living,annotator,Experimental situation,2021-11-30 08:14:05,2021-11-30 08:20:12
2021-11-30 17:29:19,2021-11-30 17:34:00,Free_Living,annotator,Experimental situation,2021-11-30 08:20:14,2021-11-30 08:24:55
2021-11-30 17:34:01,2021-11-30 17:34:07,Free_Living,annotator,Experimental situation,2021-11-30 08:24:56,2021-11-30 08:25:02
2021-11-30 17:34:08,2021-11-30 17:34:17,Free_Living,annotator,Experimental situation,2021-11-30 08:25:03,2021-11-30 08:25:12
2021-11-30 17:34:19,2021-11-30 17:35:06,Free_Living,annotator,Experimental situation,2021-11-30 08:25:14,2021-11-30 08:26:01
2021-11-30 17:35:11,2021-11-30 17:35:16,Free_Living,annotator,Experimental situation,2021-11-30 08:26:06,2021-11-30 08:26:11
2021-11-30 17:35:18,2021-11-30 17:35:29,Free_Living,annotator,Experimental situation,2021-11-30 08:26:13,2021-11-30 08:26:24
2021-11-30 17:35:30,2021-11-30 17:35:34,Free_Living,annotator,Experimental situation,2021-11-30 08:26:25,2021-11-30 08:26:29
2021-11-30 17:35:35,2021-11-30 17:35:42,Free_Living,annotator,Experimental situation,2021-11-30 08:26:30,2021-11-30 08:26:37
2021-11-30 17:35:43,2021-11-30 17:35:57,Free_Living,annotator,Experimental situation,2021-11-30 08:26:38,2021-11-30 08:26:52
2021-11-30 17:35:58,2021-11-30 17:36:17,Free_Living,annotator,Experimental situation,2021-11-30 08:26:53,2021-11-30 08:27:12
2021-11-30 17:36:17,2021-11-30 17:36:33,Free_Living,annotator,Experimental situation,2021-11-30 08:27:12,2021-11-30 08:27:28
2021-11-30 17:36:34,2021-11-30 17:36:39,Free_Living,annotator,Experimental situation,2021-11-30 08:27:29,2021-11-30 08:27:34
2021-11-30 17:36:42,2021-11-30 17:37:09,Free_Living,annotator,Experimental situation,2021-11-30 08:27:37,2021-11-30 08:28:04
2021-11-30 17:37:10,2021-11-30 17:37:14,Free_Living,annotator,Experimental situation,2021-11-30 08:28:05,2021-11-30 08:28:09
2021-11-30 17:37:16,2021-11-30 17:37:32,Free_Living,annotator,Experimental situation,2021-11-30 08:28:11,2021-11-30 08:28:27
2021-11-30 17:37:33,2021-11-30 17:39:23,Free_Living,annotator,Experimental situation,2021-11-30 08:28:28,2021-11-30 08:30:18
2021-11-30 17:39:23,2021-11-30 17:39:36,Free_Living,annotator,Experimental situation,2021-11-30 08:30:18,2021-11-30 08:30:31
2021-11-30 17:39:40,2021-11-30 17:40:42,Free_Living,annotator,Experimental situation,2021-11-30 08:30:35,2021-11-30 08:31:37
2021-11-30 17:40:43,2021-11-30 17:42:39,Free_Living,annotator,Experimental situation,2021-11-30 08:31:38,2021-11-30 08:33:34
2021-11-30 17:42:50,2021-11-30 17:43:07,Free_Living,annotator,Experimental situation,2021-11-30 08:33:45,2021-11-30 08:34:02
2021-11-30 17:43:10,2021-11-30 17:43:24,Free_Living,annotator,Experimental situation,2021-11-30 08:34:05,2021-11-30 08:34:19
2021-11-30 17:43:27,2021-11-30 17:43:35,Free_Living,annotator,Experimental situation,2021-11-30 08:34:22,2021-11-30 08:34:30
2021-11-30 17:43:36,2021-11-30 17:43:39,Free_Living,annotator,Experimental situation,2021-11-30 08:34:31,2021-11-30 08:34:34
2021-11-30 17:43:41,2021-11-30 17:44:05,Free_Living,annotator,Experimental situation,2021-11-30 08:34:36,2021-11-30 08:35:00
2021-11-30 17:44:05,2021-11-30 17:44:29,Free_Living,annotator,Experimental situation,2021-11-30 08:35:00,2021-11-30 08:35:24
2021-11-30 17:44:30,2021-11-30 17:46:19,Free_Living,annotator,Experimental situation,2021-11-30 08:35:25,2021-11-30 08:37:14
2021-11-30 17:46:20,2021-11-30 17:46:27,Free_Living,annotator,Experimental situation,2021-11-30 08:37:15,2021-11-30 08:37:22
2021-11-30 17:46:29,2021-11-30 17:50:16,Free_Living,annotator,Experimental situation,2021-11-30 08:37:24,2021-11-30 08:41:11
2021-11-30 17:50:17,2021-11-30 17:50:20,Free_Living,annotator,Experimental situation,2021-11-30 08:41:12,2021-11-30 08:41:15
2021-11-30 17:50:20,2021-11-30 17:50:24,Free_Living,annotator,Experimental situation,2021-11-30 08:41:15,2021-11-30 08:41:19
2021-11-30 17:50:24,2021-11-30 17:51:09,Free_Living,annotator,Experimental situation,2021-11-30 08:41:19,2021-11-30 08:42:04
2021-11-30 17:51:14,2021-11-30 17:51:35,Free_Living,annotator,Experimental situation,2021-11-30 08:42:09,2021-11-30 08:42:30
2021-11-30 17:51:35,2021-11-30 17:51:47,Free_Living,annotator,Experimental situation,2021-11-30 08:42:30,2021-11-30 08:42:42
2021-11-30 17:51:48,2021-11-30 18:09:09,Free_Living,annotator,Experimental situation,2021-11-30 08:42:43,2021-11-30 09:00:04
2021-11-30 18:09:11,2021-11-30 18:09:23,Free_Living,annotator,Experimental situation,2021-11-30 09:00:06,2021-11-30 09:00:18
2021-11-30 18:09:25,2021-11-30 18:21:53,Free_Living,annotator,Experimental situation,2021-11-30 09:00:20,2021-11-30 09:12:48
2021-11-30 18:21:54,2021-11-30 18:22:39,Free_Living,annotator,Experimental situation,2021-11-30 09:12:49,2021-11-30 09:13:34
2021-11-30 18:22:41,2021-11-30 18:23:44,Free_Living,annotator,Experimental situation,2021-11-30 09:13:36,2021-11-30 09:14:39
2021-11-30 18:23:55,2021-11-30 18:30:17,Free_Living,annotator,Experimental situation,2021-11-30 09:14:50,2021-11-30 09:21:12
2021-11-30 18:30:25,2021-11-30 18:30:32,Free_Living,annotator,Experimental situation,2021-11-30 09:21:20,2021-11-30 09:21:27
2021-11-30 18:30:39,2021-11-30 18:30:53,Free_Living,annotator,Experimental situation,2021-11-30 09:21:34,2021-11-30 09:21:48
2021-11-30 18:30:58,2021-11-30 18:31:49,Free_Living,annotator,Experimental situation,2021-11-30 09:21:53,2021-11-30 09:22:44
2021-11-30 18:31:50,2021-11-30 18:32:04,Free_Living,annotator,Experimental situation,2021-11-30 09:22:45,2021-11-30 09:22:59
2021-11-30 18:32:08,2021-11-30 18:32:23,Free_Living,annotator,Experimental situation,2021-11-30 09:23:03,2021-11-30 09:23:18
2021-11-30 18:32:48,2021-11-30 18:33:28,Free_Living,annotator,Experimental situation,2021-11-30 09:23:43,2021-11-30 09:24:23
2021-11-30 18:33:33,2021-11-30 18:33:38,Free_Living,annotator,Experimental situation,2021-11-30 09:24:28,2021-11-30 09:24:33
2021-11-30 18:33:39,2021-11-30 18:33:47,Free_Living,annotator,Experimental situation,2021-11-30 09:24:34,2021-11-30 09:24:42
2021-11-30 18:33:47,2021-11-30 18:33:56,Free_Living,annotator,Experimental situation,2021-11-30 09:24:42,2021-11-30 09:24:51
2021-11-30 18:33:59,2021-11-30 18:34:05,Free_Living,annotator,Experimental situation,2021-11-30 09:24:54,2021-11-30 09:25:00
2021-11-30 18:34:07,2021-11-30 18:34:09,Free_Living,annotator,Experimental situation,2021-11-30 09:25:02,2021-11-30 09:25:04
2021-11-30 18:34:11,2021-11-30 18:34:18,Free_Living,annotator,Experimental situation,2021-11-30 09:25:06,2021-11-30 09:25:13
2021-11-30 18:34:19,2021-11-30 18:34:38,Free_Living,annotator,Experimental situation,2021-11-30 09:25:14,2021-11-30 09:25:33
2021-11-30 18:34:39,2021-11-30 18:34:58,Free_Living,annotator,Experimental situation,2021-11-30 09:25:34,2021-11-30 09:25:53
2021-11-30 18:34:59,2021-11-30 18:35:02,Free_Living,annotator,Experimental situation,2021-11-30 09:25:54,2021-11-30 09:25:57
2021-11-30 18:35:04,2021-11-30 18:37:17,Free_Living,annotator,Experimental situation,2021-11-30 09:25:59,2021-11-30 09:28:12
2021-11-30 18:37:18,2021-11-30 18:37:21,Free_Living,annotator,Experimental situation,2021-11-30 09:28:13,2021-11-30 09:28:16
2021-11-30 18:37:24,2021-11-30 18:37:32,Free_Living,annotator,Experimental situation,2021-11-30 09:28:19,2021-11-30 09:28:27
2021-11-30 18:37:34,2021-11-30 18:37:59,Free_Living,annotator,Experimental situation,2021-11-30 09:28:29,2021-11-30 09:28:54
2021-11-30 18:38:04,2021-11-30 18:38:10,Free_Living,annotator,Experimental situation,2021-11-30 09:28:59,2021-11-30 09:29:05
2021-11-30 18:38:12,2021-11-30 18:38:15,Free_Living,annotator,Experimental situation,2021-11-30 09:29:07,2021-11-30 09:29:10
2021-11-30 18:38:17,2021-11-30 18:38:38,Free_Living,annotator,Experimental situation,2021-11-30 09:29:12,2021-11-30 09:29:33
2021-11-30 18:38:41,2021-11-30 18:39:56,Free_Living,annotator,Experimental situation,2021-11-30 09:29:36,2021-11-30 09:30:51
2021-11-30 18:39:58,2021-11-30 18:40:19,Free_Living,annotator,Experimental situation,2021-11-30 09:30:53,2021-11-30 09:31:14
2021-11-30 18:40:21,2021-11-30 18:41:33,Free_Living,annotator,Experimental situation,2021-11-30 09:31:16,2021-11-30 09:32:28
2021-11-30 18:41:40,2021-11-30 18:43:38,Free_Living,annotator,Experimental situation,2021-11-30 09:32:35,2021-11-30 09:34:33
2021-11-30 18:43:39,2021-11-30 18:44:34,Free_Living,annotator,Experimental situation,2021-11-30 09:34:34,2021-11-30 09:35:29
2021-11-30 18:44:34,2021-11-30 18:44:58,Free_Living,annotator,Experimental situation,2021-11-30 09:35:29,2021-11-30 09:35:53
2021-11-30 18:45:00,2021-11-30 18:45:23,Free_Living,annotator,Experimental situation,2021-11-30 09:35:55,2021-11-30 09:36:18
2021-11-30 18:45:23,2021-11-30 18:50:04,Free_Living,annotator,Experimental situation,2021-11-30 09:36:18,2021-11-30 09:40:59
2021-11-30 18:50:05,2021-11-30 18:50:09,Free_Living,annotator,Experimental situation,2021-11-30 09:41:00,2021-11-30 09:41:04
2021-11-30 18:50:17,2021-11-30 18:50:37,Free_Living,annotator,Experimental situation,2021-11-30 09:41:12,2021-11-30 09:41:32
2021-11-30 18:50:53,2021-11-30 18:51:33,Free_Living,annotator,Experimental situation,2021-11-30 09:41:48,2021-11-30 09:42:28
2021-11-30 18:51:34,2021-11-30 18:52:21,Free_Living,annotator,Experimental situation,2021-11-30 09:42:29,2021-11-30 09:43:16
2021-11-30 18:52:32,2021-11-30 18:52:39,Free_Living,annotator,Experimental situation,2021-11-30 09:43:27,2021-11-30 09:43:34
2021-11-30 18:55:12,2021-11-30 19:13:40,Free_Living,annotator,Experimental situation,2021-11-30 09:46:07,2021-11-30 10:04:35
2021-11-30 19:14:18,2021-11-30 19:15:49,Free_Living,annotator,Experimental situation,2021-11-30 10:05:13,2021-11-30 10:06:44
2021-11-30 19:15:50,2021-11-30 19:15:58,Free_Living,annotator,Experimental situation,2021-11-30 10:06:45,2021-11-30 10:06:53
2021-11-30 19:16:07,2021-11-30 19:16:28,Free_Living,annotator,Experimental situation,2021-11-30 10:07:02,2021-11-30 10:07:23
2021-11-30 19:16:33,2021-11-30 19:17:20,Free_Living,annotator,Experimental situation,2021-11-30 10:07:28,2021-11-30 10:08:15
2021-11-30 19:17:24,2021-11-30 19:17:31,Free_Living,annotator,Experimental situation,2021-11-30 10:08:19,2021-11-30 10:08:26
2021-11-30 19:17:34,2021-11-30 19:17:39,Free_Living,annotator,Experimental situation,2021-11-30 10:08:29,2021-11-30 10:08:34
2021-11-30 19:17:41,2021-11-30 19:17:47,Free_Living,annotator,Experimental situation,2021-11-30 10:08:36,2021-11-30 10:08:42
2021-11-30 19:17:54,2021-11-30 19:18:29,Free_Living,annotator,Experimental situation,2021-11-30 10:08:49,2021-11-30 10:09:24
2021-11-30 19:18:30,2021-11-30 19:18:34,Free_Living,annotator,Experimental situation,2021-11-30 10:09:25,2021-11-30 10:09:29
2021-11-30 19:18:46,2021-11-30 19:19:25,Free_Living,annotator,Experimental situation,2021-11-30 10:09:41,2021-11-30 10:10:20
2021-11-30 19:19:26,2021-11-30 19:20:19,Free_Living,annotator,Experimental situation,2021-11-30 10:10:21,2021-11-30 10:11:14
2021-11-30 19:20:21,2021-11-30 19:22:18,Free_Living,annotator,Experimental situation,2021-11-30 10:11:16,2021-11-30 10:13:13
2021-11-30 19:22:20,2021-11-30 19:22:53,Free_Living,annotator,Experimental situation,2021-11-30 10:13:15,2021-11-30 10:13:48
2021-11-30 19:22:55,2021-11-30 19:24:17,Free_Living,annotator,Experimental situation,2021-11-30 10:13:50,2021-11-30 10:15:12
2021-11-30 19:24:18,2021-11-30 19:24:32,Free_Living,annotator,Experimental situation,2021-11-30 10:15:13,2021-11-30 10:15:27
2021-11-30 19:24:37,2021-11-30 19:24:47,Free_Living,annotator,Experimental situation,2021-11-30 10:15:32,2021-11-30 10:15:42
2021-11-30 19:24:50,2021-11-30 19:26:21,Free_Living,annotator,Experimental situation,2021-11-30 10:15:45,2021-11-30 10:17:16
2021-11-30 19:26:26,2021-11-30 19:26:36,Free_Living,annotator,Experimental situation,2021-11-30 10:17:21,2021-11-30 10:17:31
2021-11-30 19:26:37,2021-11-30 19:27:02,Free_Living,annotator,Experimental situation,2021-11-30 10:17:32,2021-11-30 10:17:57
2021-11-30 19:27:05,2021-11-30 19:27:23,Free_Living,annotator,Experimental situation,2021-11-30 10:18:00,2021-11-30 10:18:18
2021-11-30 19:27:25,2021-11-30 19:27:59,Free_Living,annotator,Experimental situation,2021-11-30 10:18:20,2021-11-30 10:18:54
2021-11-30 19:28:01,2021-11-30 19:28:18,Free_Living,annotator,Experimental situation,2021-11-30 10:18:56,2021-11-30 10:19:13
2021-11-30 19:28:21,2021-11-30 19:28:44,Free_Living,annotator,Experimental situation,2021-11-30 10:19:16,2021-11-30 10:19:39
2021-11-30 19:28:46,2021-11-30 19:29:18,Free_Living,annotator,Experimental situation,2021-11-30 10:19:41,2021-11-30 10:20:13
2021-11-30 19:29:19,2021-11-30 19:29:21,Free_Living,annotator,Experimental situation,2021-11-30 10:20:14,2021-11-30 10:20:16
2021-11-30 19:29:23,2021-11-30 19:29:27,Free_Living,annotator,Experimental situation,2021-11-30 10:20:18,2021-11-30 10:20:22
2021-11-30 19:29:28,2021-11-30 19:30:32,Free_Living,annotator,Experimental situation,2021-11-30 10:20:23,2021-11-30 10:21:27
2021-11-30 19:30:33,2021-11-30 19:30:39,Free_Living,annotator,Experimental situation,2021-11-30 10:21:28,2021-11-30 10:21:34
2021-11-30 19:30:44,2021-11-30 19:31:23,Free_Living,annotator,Experimental situation,2021-11-30 10:21:39,2021-11-30 10:22:18
2021-11-30 19:31:24,2021-11-30 19:31:46,Free_Living,annotator,Experimental situation,2021-11-30 10:22:19,2021-11-30 10:22:41
2021-11-30 19:31:48,2021-11-30 19:31:57,Free_Living,annotator,Experimental situation,2021-11-30 10:22:43,2021-11-30 10:22:52
2021-11-30 19:32:05,2021-11-30 19:32:11,Free_Living,annotator,Experimental situation,2021-11-30 10:23:00,2021-11-30 10:23:06
2021-11-30 19:32:15,2021-11-30 19:32:31,Free_Living,annotator,Experimental situation,2021-11-30 10:23:10,2021-11-30 10:23:26
2021-11-30 19:32:33,2021-11-30 19:32:46,Free_Living,annotator,Experimental situation,2021-11-30 10:23:28,2021-11-30 10:23:41
2021-11-30 19:32:48,2021-11-30 19:33:13,Free_Living,annotator,Experimental situation,2021-11-30 10:23:43,2021-11-30 10:24:08
2021-11-30 19:33:14,2021-11-30 19:33:26,Free_Living,annotator,Experimental situation,2021-11-30 10:24:09,2021-11-30 10:24:21
2021-11-30 19:33:29,2021-11-30 19:40:19,Free_Living,annotator,Experimental situation,2021-11-30 10:24:24,2021-11-30 10:31:14
2021-11-30 19:40:20,2021-11-30 19:45:30,Free_Living,annotator,Experimental situation,2021-11-30 10:31:15,2021-11-30 10:36:25
2021-11-30 19:45:31,2021-11-30 19:46:48,Free_Living,annotator,Experimental situation,2021-11-30 10:36:26,2021-11-30 10:37:43
2021-11-30 19:46:55,2021-11-30 19:50:20,Free_Living,annotator,Experimental situation,2021-11-30 10:37:50,2021-11-30 10:41:15
2021-11-30 19:50:23,2021-11-30 19:50:45,Free_Living,annotator,Experimental situation,2021-11-30 10:41:18,2021-11-30 10:41:40
2021-11-30 19:50:49,2021-11-30 19:51:04,Free_Living,annotator,Experimental situation,2021-11-30 10:41:44,2021-11-30 10:41:59
2021-11-30 19:51:09,2021-11-30 19:52:20,Free_Living,annotator,Experimental situation,2021-11-30 10:42:04,2021-11-30 10:43:15
2021-11-30 19:52:21,2021-11-30 19:52:28,Free_Living,annotator,Experimental situation,2021-11-30 10:43:16,2021-11-30 10:43:23
2021-11-30 19:52:40,2021-11-30 19:54:10,Free_Living,annotator,Experimental situation,2021-11-30 10:43:35,2021-11-30 10:45:05
2021-11-30 19:54:11,2021-11-30 19:54:48,Free_Living,annotator,Experimental situation,2021-11-30 10:45:06,2021-11-30 10:45:43
2021-11-30 19:55:18,2021-11-30 20:14:11,Free_Living,annotator,Experimental situation,2021-11-30 10:46:13,2021-11-30 11:05:06
2021-11-30 20:14:13,2021-11-30 20:15:46,Free_Living,annotator,Experimental situation,2021-11-30 11:05:08,2021-11-30 11:06:41
2021-11-30 20:16:15,2021-11-30 20:16:53,Free_Living,annotator,Experimental situation,2021-11-30 11:07:10,2021-11-30 11:07:48
2021-11-30 20:16:59,2021-11-30 20:21:10,Free_Living,annotator,Experimental situation,2021-11-30 11:07:54,2021-11-30 11:12:05
2021-11-30 20:21:12,2021-11-30 20:21:53,Free_Living,annotator,Experimental situation,2021-11-30 11:12:07,2021-11-30 11:12:48
2021-11-30 20:22:15,2021-11-30 20:22:17,Free_Living,annotator,Experimental situation,2021-11-30 11:13:10,2021-11-30 11:13:12
2021-11-30 20:22:20,2021-11-30 20:25:31,Free_Living,annotator,Experimental situation,2021-11-30 11:13:15,2021-11-30 11:16:26
2021-11-30 20:25:35,2021-11-30 20:43:24,Free_Living,annotator,Experimental situation,2021-11-30 11:16:30,2021-11-30 11:34:19
2021-11-30 20:43:31,2021-11-30 20:48:33,Free_Living,annotator,Experimental situation,2021-11-30 11:34:26,2021-11-30 11:39:28
2021-11-30 20:48:45,2021-11-30 20:49:22,Free_Living,annotator,Experimental situation,2021-11-30 11:39:40,2021-11-30 11:40:17
2021-11-30 20:49:45,2021-11-30 20:53:36,Free_Living,annotator,Experimental situation,2021-11-30 11:40:40,2021-11-30 11:44:31
2021-11-30 20:53:37,2021-11-30 20:54:04,Free_Living,annotator,Experimental situation,2021-11-30 11:44:32,2021-11-30 11:44:59
2021-11-30 20:54:06,2021-11-30 20:54:22,Free_Living,annotator,Experimental situation,2021-11-30 11:45:01,2021-11-30 11:45:17
2021-11-30 20:54:29,2021-11-30 20:55:15,Free_Living,annotator,Experimental situation,2021-11-30 11:45:24,2021-11-30 11:46:10
2021-11-30 20:55:17,2021-11-30 20:55:39,Free_Living,annotator,Experimental situation,2021-11-30 11:46:12,2021-11-30 11:46:34
2021-11-30 20:55:42,2021-11-30 20:56:46,Free_Living,annotator,Experimental situation,2021-11-30 11:46:37,2021-11-30 11:47:41
2021-11-30 20:56:54,2021-11-30 20:58:12,Free_Living,annotator,Experimental situation,2021-11-30 11:47:49,2021-11-30 11:49:07
2021-11-30 20:58:20,2021-11-30 20:58:27,Free_Living,annotator,Experimental situation,2021-11-30 11:49:15,2021-11-30 11:49:22
2021-11-30 20:58:30,2021-11-30 20:58:47,Free_Living,annotator,Experimental situation,2021-11-30 11:49:25,2021-11-30 11:49:42
2021-11-30 20:58:48,2021-11-30 20:58:57,Free_Living,annotator,Experimental situation,2021-11-30 11:49:43,2021-11-30 11:49:52
2021-11-30 20:59:06,2021-11-30 20:59:30,Free_Living,annotator,Experimental situation,2021-11-30 11:50:01,2021-11-30 11:50:25
2021-11-30 20:59:36,2021-11-30 20:59:47,Free_Living,annotator,Experimental situation,2021-11-30 11:50:31,2021-11-30 11:50:42
2021-11-30 20:59:51,2021-11-30 21:00:09,Free_Living,annotator,Experimental situation,2021-11-30 11:50:46,2021-11-30 11:51:04
2021-11-30 21:00:10,2021-11-30 21:00:23,Free_Living,annotator,Experimental situation,2021-11-30 11:51:05,2021-11-30 11:51:18
2021-11-30 21:00:28,2021-11-30 21:00:37,Free_Living,annotator,Experimental situation,2021-11-30 11:51:23,2021-11-30 11:51:32
2021-11-30 21:00:48,2021-11-30 21:01:09,Free_Living,annotator,Experimental situation,2021-11-30 11:51:43,2021-11-30 11:52:04
2021-11-30 21:01:09,2021-11-30 21:01:26,Free_Living,annotator,Experimental situation,2021-11-30 11:52:04,2021-11-30 11:52:21
2021-11-30 21:01:33,2021-11-30 21:02:16,Free_Living,annotator,Experimental situation,2021-11-30 11:52:28,2021-11-30 11:53:11
2021-11-30 21:02:27,2021-11-30 21:02:39,Free_Living,annotator,Experimental situation,2021-11-30 11:53:22,2021-11-30 11:53:34
2021-11-30 21:02:50,2021-11-30 21:04:59,Free_Living,annotator,Experimental situation,2021-11-30 11:53:45,2021-11-30 11:55:54
2021-11-30 21:05:15,2021-11-30 21:05:42,Free_Living,annotator,Experimental situation,2021-11-30 11:56:10,2021-11-30 11:56:37
2021-11-30 21:05:48,2021-11-30 21:05:52,Free_Living,annotator,Experimental situation,2021-11-30 11:56:43,2021-11-30 11:56:47
2021-11-30 21:06:10,2021-11-30 21:06:41,Free_Living,annotator,Experimental situation,2021-11-30 11:57:05,2021-11-30 11:57:36
2021-11-30 21:06:43,2021-11-30 21:07:13,Free_Living,annotator,Experimental situation,2021-11-30 11:57:38,2021-11-30 11:58:08
2021-11-30 21:07:14,2021-11-30 21:07:27,Free_Living,annotator,Experimental situation,2021-11-30 11:58:09,2021-11-30 11:58:22
2021-11-30 21:07:29,2021-11-30 21:10:03,Free_Living,annotator,Experimental situation,2021-11-30 11:58:24,2021-11-30 12:00:58
2021-11-30 21:10:04,2021-11-30 21:11:20,Free_Living,annotator,Experimental situation,2021-11-30 12:00:59,2021-11-30 12:02:15
2021-11-30 21:11:25,2021-11-30 21:14:09,Free_Living,annotator,Experimental situation,2021-11-30 12:02:20,2021-11-30 12:05:04
2021-11-30 21:14:12,2021-11-30 21:14:25,Free_Living,annotator,Experimental situation,2021-11-30 12:05:07,2021-11-30 12:05:20
2021-11-30 21:14:30,2021-11-30 21:15:19,Free_Living,annotator,Experimental situation,2021-11-30 12:05:25,2021-11-30 12:06:14
2021-11-30 21:15:20,2021-11-30 21:17:04,Free_Living,annotator,Experimental situation,2021-11-30 12:06:15,2021-11-30 12:07:59
2021-11-30 21:17:11,2021-11-30 21:17:29,Free_Living,annotator,Experimental situation,2021-11-30 12:08:06,2021-11-30 12:08:24
2021-11-30 21:17:30,2021-11-30 21:18:09,Free_Living,annotator,Experimental situation,2021-11-30 12:08:25,2021-11-30 12:09:04
2021-11-30 21:18:17,2021-11-30 21:19:32,Free_Living,annotator,Experimental situation,2021-11-30 12:09:12,2021-11-30 12:10:27
2021-11-30 21:19:38,2021-11-30 21:19:50,Free_Living,annotator,Experimental situation,2021-11-30 12:10:33,2021-11-30 12:10:45
2021-11-30 21:19:51,2021-11-30 21:19:59,Free_Living,annotator,Experimental situation,2021-11-30 12:10:46,2021-11-30 12:10:54
2021-11-30 21:20:03,2021-11-30 21:20:09,Free_Living,annotator,Experimental situation,2021-11-30 12:10:58,2021-11-30 12:11:04
2021-11-30 21:20:15,2021-11-30 21:21:12,Free_Living,annotator,Experimental situation,2021-11-30 12:11:10,2021-11-30 12:12:07
2021-11-30 21:21:27,2021-11-30 21:22:29,Free_Living,annotator,Experimental situation,2021-11-30 12:12:22,2021-11-30 12:13:24
2021-11-30 21:22:30,2021-11-30 21:22:48,Free_Living,annotator,Experimental situation,2021-11-30 12:13:25,2021-11-30 12:13:43
2021-11-30 21:22:49,2021-11-30 21:22:54,Free_Living,annotator,Experimental situation,2021-11-30 12:13:44,2021-11-30 12:13:49
2021-11-30 21:22:57,2021-11-30 21:23:02,Free_Living,annotator,Experimental situation,2021-11-30 12:13:52,2021-11-30 12:13:57
2021-11-30 21:23:06,2021-11-30 21:23:14,Free_Living,annotator,Experimental situation,2021-11-30 12:14:01,2021-11-30 12:14:09
2021-11-30 21:23:19,2021-11-30 21:23:32,Free_Living,annotator,Experimental situation,2021-11-30 12:14:14,2021-11-30 12:14:27
2021-11-30 21:23:33,2021-11-30 21:25:17,Free_Living,annotator,Experimental situation,2021-11-30 12:14:28,2021-11-30 12:16:12
2021-11-30 21:25:19,2021-11-30 21:25:34,Free_Living,annotator,Experimental situation,2021-11-30 12:16:14,2021-11-30 12:16:29
2021-11-30 21:25:38,2021-11-30 21:26:30,Free_Living,annotator,Experimental situation,2021-11-30 12:16:33,2021-11-30 12:17:25
2021-11-30 21:26:31,2021-11-30 21:26:46,Free_Living,annotator,Experimental situation,2021-11-30 12:17:26,2021-11-30 12:17:41
2021-11-30 21:26:47,2021-11-30 21:27:34,Free_Living,annotator,Experimental situation,2021-11-30 12:17:42,2021-11-30 12:18:29
2021-11-30 21:27:35,2021-11-30 21:27:37,Free_Living,annotator,Experimental situation,2021-11-30 12:18:30,2021-11-30 12:18:32
2021-11-30 21:27:37,2021-11-30 21:27:41,Free_Living,annotator,Experimental situation,2021-11-30 12:18:32,2021-11-30 12:18:36
2021-11-30 21:27:41,2021-11-30 21:27:52,Free_Living,annotator,Experimental situation,2021-11-30 12:18:36,2021-11-30 12:18:47
2021-11-30 21:27:52,2021-11-30 21:27:54,Free_Living,annotator,Experimental situation,2021-11-30 12:18:47,2021-11-30 12:18:49
2021-11-30 21:27:54,2021-11-30 21:27:58,Free_Living,annotator,Experimental situation,2021-11-30 12:18:49,2021-11-30 12:18:53
2021-11-30 21:27:58,2021-11-30 21:28:23,Free_Living,annotator,Experimental situation,2021-11-30 12:18:53,2021-11-30 12:19:18
2021-11-30 21:28:23,2021-11-30 21:28:24,Free_Living,annotator,Experimental situation,2021-11-30 12:19:18,2021-11-30 12:19:19
2021-11-30 21:28:24,2021-11-30 21:28:27,Free_Living,annotator,Experimental situation,2021-11-30 12:19:19,2021-11-30 12:19:22
2021-11-30 21:28:27,2021-11-30 21:28:30,Free_Living,annotator,Experimental situation,2021-11-30 12:19:22,2021-11-30 12:19:25
2021-11-30 21:28:30,2021-11-30 21:29:30,Free_Living,annotator,Experimental situation,2021-11-30 12:19:25,2021-11-30 12:20:25
2021-11-30 21:29:30,2021-11-30 21:30:21,Free_Living,annotator,Experimental situation,2021-11-30 12:20:25,2021-11-30 12:21:16
2021-11-30 21:30:22,2021-11-30 21:30:25,Free_Living,annotator,Experimental situation,2021-11-30 12:21:17,2021-11-30 12:21:20
2021-11-30 21:30:25,2021-11-30 21:30:28,Free_Living,annotator,Experimental situation,2021-11-30 12:21:20,2021-11-30 12:21:23
2021-11-30 21:30:28,2021-11-30 21:36:38,Free_Living,annotator,Experimental situation,2021-11-30 12:21:23,2021-11-30 12:27:33
2021-11-30 21:36:38,2021-11-30 21:36:40,Free_Living,annotator,Experimental situation,2021-11-30 12:27:33,2021-11-30 12:27:35
2021-11-30 21:36:40,2021-11-30 21:36:42,Free_Living,annotator,Experimental situation,2021-11-30 12:27:35,2021-11-30 12:27:37
2021-11-30 21:36:42,2021-11-30 21:36:55,Free_Living,annotator,Experimental situation,2021-11-30 12:27:37,2021-11-30 12:27:50
2021-11-30 21:36:56,2021-11-30 21:37:51,Free_Living,annotator,Experimental situation,2021-11-30 12:27:51,2021-11-30 12:28:46
2021-11-30 21:37:51,2021-11-30 21:38:09,Free_Living,annotator,Experimental situation,2021-11-30 12:28:46,2021-11-30 12:29:04
2021-11-30 21:38:09,2021-11-30 21:38:37,Free_Living,annotator,Experimental situation,2021-11-30 12:29:04,2021-11-30 12:29:32
2021-11-30 21:38:37,2021-11-30 21:38:51,Free_Living,annotator,Experimental situation,2021-11-30 12:29:32,2021-11-30 12:29:46
2021-11-30 21:38:51,2021-11-30 21:39:57,Free_Living,annotator,Experimental situation,2021-11-30 12:29:46,2021-11-30 12:30:52
2021-11-30 21:39:57,2021-11-30 21:40:11,Free_Living,annotator,Experimental situation,2021-11-30 12:30:52,2021-11-30 12:31:06
2021-11-30 21:40:11,2021-11-30 21:41:08,Free_Living,annotator,Experimental situation,2021-11-30 12:31:06,2021-11-30 12:32:03
2021-11-30 21:41:08,2021-11-30 21:41:48,Free_Living,annotator,Experimental situation,2021-11-30 12:32:03,2021-11-30 12:32:43
2021-11-30 21:41:48,2021-11-30 21:42:01,Free_Living,annotator,Experimental situation,2021-11-30 12:32:43,2021-11-30 12:32:56
2021-11-30 21:42:01,2021-11-30 21:42:18,Free_Living,annotator,Experimental situation,2021-11-30 12:32:56,2021-11-30 12:33:13
2021-11-30 21:42:18,2021-11-30 21:43:33,Free_Living,annotator,Experimental situation,2021-11-30 12:33:13,2021-11-30 12:34:28
2021-11-30 21:43:33,2021-11-30 21:43:41,Free_Living,annotator,Experimental situation,2021-11-30 12:34:28,2021-11-30 12:34:36
2021-11-30 21:43:41,2021-11-30 21:44:02,Free_Living,annotator,Experimental situation,2021-11-30 12:34:36,2021-11-30 12:34:57
2021-11-30 21:44:02,2021-11-30 21:45:22,Free_Living,annotator,Experimental situation,2021-11-30 12:34:57,2021-11-30 12:36:17
2021-11-30 21:45:22,2021-11-30 21:45:57,Free_Living,annotator,Experimental situation,2021-11-30 12:36:17,2021-11-30 12:36:52
2021-11-30 21:45:57,2021-11-30 21:46:09,Free_Living,annotator,Experimental situation,2021-11-30 12:36:52,2021-11-30 12:37:04
2021-11-30 21:46:09,2021-11-30 21:48:35,Free_Living,annotator,Experimental situation,2021-11-30 12:37:04,2021-11-30 12:39:30
2021-11-30 21:48:35,2021-11-30 21:49:37,Free_Living,annotator,Experimental situation,2021-11-30 12:39:30,2021-11-30 12:40:32
2021-11-30 21:49:37,2021-11-30 21:50:21,Free_Living,annotator,Experimental situation,2021-11-30 12:40:32,2021-11-30 12:41:16
2021-11-30 21:50:21,2021-11-30 21:50:49,Free_Living,annotator,Experimental situation,2021-11-30 12:41:16,2021-11-30 12:41:44
2021-11-30 21:50:49,2021-11-30 21:51:05,Free_Living,annotator,Experimental situation,2021-11-30 12:41:44,2021-11-30 12:42:00
2021-11-30 21:51:05,2021-11-30 21:51:15,Free_Living,annotator,Experimental situation,2021-11-30 12:42:00,2021-11-30 12:42:10
2021-11-30 21:51:15,2021-11-30 21:51:43,Free_Living,annotator,Experimental situation,2021-11-30 12:42:10,2021-11-30 12:42:38
2021-11-30 21:51:43,2021-11-30 21:51:50,Free_Living,annotator,Experimental situation,2021-11-30 12:42:38,2021-11-30 12:42:45
2021-11-30 21:51:50,2021-11-30 21:51:57,Free_Living,annotator,Experimental situation,2021-11-30 12:42:45,2021-11-30 12:42:52
2021-11-30 21:51:58,2021-11-30 21:52:35,Free_Living,annotator,Experimental situation,2021-11-30 12:42:53,2021-11-30 12:43:30
2021-11-30 21:52:35,2021-11-30 21:53:26,Free_Living,annotator,Experimental situation,2021-11-30 12:43:30,2021-11-30 12:44:21
2021-11-30 21:53:26,2021-11-30 21:53:49,Free_Living,annotator,Experimental situation,2021-11-30 12:44:21,2021-11-30 12:44:44
2021-11-30 21:53:49,2021-11-30 21:55:07,Free_Living,annotator,Experimental situation,2021-11-30 12:44:44,2021-11-30 12:46:02
2021-11-30 21:55:07,2021-11-30 21:57:55,Free_Living,annotator,Experimental situation,2021-11-30 12:46:02,2021-11-30 12:48:50
2021-11-30 21:57:55,2021-11-30 21:58:01,Free_Living,annotator,Experimental situation,2021-11-30 12:48:50,2021-11-30 12:48:56
2021-11-30 21:58:01,2021-11-30 21:58:05,Free_Living,annotator,Experimental situation,2021-11-30 12:48:56,2021-11-30 12:49:00
2021-11-30 21:58:05,2021-11-30 21:58:12,Free_Living,annotator,Experimental situation,2021-11-30 12:49:00,2021-11-30 12:49:07
2021-11-30 21:58:12,2021-11-30 21:59:07,Free_Living,annotator,Experimental situation,2021-11-30 12:49:07,2021-11-30 12:50:02
2021-11-30 21:59:07,2021-11-30 21:59:23,Free_Living,annotator,Experimental situation,2021-11-30 12:50:02,2021-11-30 12:50:18
2021-11-30 21:59:23,2021-11-30 21:59:27,Free_Living,annotator,Experimental situation,2021-11-30 12:50:18,2021-11-30 12:50:22
2021-11-30 21:59:27,2021-11-30 21:59:40,Free_Living,annotator,Experimental situation,2021-11-30 12:50:22,2021-11-30 12:50:35
2021-11-30 21:59:40,2021-11-30 21:59:49,Free_Living,annotator,Experimental situation,2021-11-30 12:50:35,2021-11-30 12:50:44
2021-11-30 21:59:49,2021-11-30 22:01:13,Free_Living,annotator,Experimental situation,2021-11-30 12:50:44,2021-11-30 12:52:08
2021-11-30 22:01:13,2021-11-30 22:02:20,Free_Living,annotator,Experimental situation,2021-11-30 12:52:08,2021-11-30 12:53:15
2021-11-30 22:02:20,2021-11-30 22:02:22,Free_Living,annotator,Experimental situation,2021-11-30 12:53:15,2021-11-30 12:53:17
2021-11-30 22:02:22,2021-11-30 22:02:29,Free_Living,annotator,Experimental situation,2021-11-30 12:53:17,2021-11-30 12:53:24
2021-11-30 22:02:29,2021-11-30 22:02:30,Free_Living,annotator,Experimental situation,2021-11-30 12:53:24,2021-11-30 12:53:25
2021-11-30 22:02:30,2021-11-30 22:02:37,Free_Living,annotator,Experimental situation,2021-11-30 12:53:25,2021-11-30 12:53:32
2021-11-30 22:02:37,2021-11-30 22:02:42,Free_Living,annotator,Experimental situation,2021-11-30 12:53:32,2021-11-30 12:53:37
2021-11-30 22:02:42,2021-11-30 22:02:43,Free_Living,annotator,Experimental situation,2021-11-30 12:53:37,2021-11-30 12:53:38
2021-11-30 22:02:43,2021-11-30 22:02:54,Free_Living,annotator,Experimental situation,2021-11-30 12:53:38,2021-11-30 12:53:49
2021-11-30 22:02:54,2021-11-30 22:02:57,Free_Living,annotator,Experimental situation,2021-11-30 12:53:49,2021-11-30 12:53:52
2021-11-30 22:02:57,2021-11-30 22:03:05,Free_Living,annotator,Experimental situation,2021-11-30 12:53:52,2021-11-30 12:54:00
2021-11-30 22:03:05,2021-11-30 22:03:40,Free_Living,annotator,Experimental situation,2021-11-30 12:54:00,2021-11-30 12:54:35
2021-11-30 22:03:40,2021-11-30 22:04:16,Free_Living,annotator,Experimental situation,2021-11-30 12:54:35,2021-11-30 12:55:11
2021-11-30 22:04:16,2021-11-30 22:04:18,Free_Living,annotator,Experimental situation,2021-11-30 12:55:11,2021-11-30 12:55:13
2021-11-30 22:04:18,2021-11-30 22:04:22,Free_Living,annotator,Experimental situation,2021-11-30 12:55:13,2021-11-30 12:55:17
2021-11-30 22:04:22,2021-11-30 22:05:13,Free_Living,annotator,Experimental situation,2021-11-30 12:55:17,2021-11-30 12:56:08
2021-11-30 22:05:13,2021-11-30 22:05:18,Free_Living,annotator,Experimental situation,2021-11-30 12:56:08,2021-11-30 12:56:13
2021-11-30 22:05:18,2021-11-30 22:05:19,Free_Living,annotator,Experimental situation,2021-11-30 12:56:13,2021-11-30 12:56:14
2021-11-30 22:05:19,2021-11-30 22:05:23,Free_Living,annotator,Experimental situation,2021-11-30 12:56:14,2021-11-30 12:56:18
2021-11-30 22:05:23,2021-11-30 22:05:26,Free_Living,annotator,Experimental situation,2021-11-30 12:56:18,2021-11-30 12:56:21
2021-11-30 22:05:26,2021-11-30 22:05:29,Free_Living,annotator,Experimental situation,2021-11-30 12:56:21,2021-11-30 12:56:24
2021-11-30 22:05:29,2021-11-30 22:05:30,Free_Living,annotator,Experimental situation,2021-11-30 12:56:24,2021-11-30 12:56:25
2021-11-30 22:05:30,2021-11-30 22:05:39,Free_Living,annotator,Experimental situation,2021-11-30 12:56:25,2021-11-30 12:56:34
2021-11-30 22:05:39,2021-11-30 22:05:40,Free_Living,annotator,Experimental situation,2021-11-30 12:56:34,2021-11-30 12:56:35
2021-11-30 22:05:40,2021-11-30 22:05:42,Free_Living,annotator,Experimental situation,2021-11-30 12:56:35,2021-11-30 12:56:37
2021-11-30 22:05:42,2021-11-30 22:05:58,Free_Living,annotator,Experimental situation,2021-11-30 12:56:37,2021-11-30 12:56:53
2021-11-30 22:05:58,2021-11-30 22:06:03,Free_Living,annotator,Experimental situation,2021-11-30 12:56:53,2021-11-30 12:56:58
2021-11-30 22:06:03,2021-11-30 22:06:05,Free_Living,annotator,Experimental situation,2021-11-30 12:56:58,2021-11-30 12:57:00
2021-11-30 22:06:05,2021-11-30 22:06:06,Free_Living,annotator,Experimental situation,2021-11-30 12:57:00,2021-11-30 12:57:01
2021-11-30 22:06:06,2021-11-30 22:06:18,Free_Living,annotator,Experimental situation,2021-11-30 12:57:01,2021-11-30 12:57:13
2021-11-30 22:06:18,2021-11-30 22:06:18,Free_Living,annotator,Experimental situation,2021-11-30 12:57:13,2021-11-30 12:57:13
2021-11-30 22:06:18,2021-11-30 22:06:18,Free_Living,annotator,Experimental situation,2021-11-30 12:57:13,2021-11-30 12:57:13
2021-11-30 22:06:18,2021-11-30 22:06:24,Free_Living,annotator,Experimental situation,2021-11-30 12:57:13,2021-11-30 12:57:19
2021-11-30 22:06:24,2021-11-30 22:06:26,Free_Living,annotator,Experimental situation,2021-11-30 12:57:19,2021-11-30 12:57:21
2021-11-30 22:06:26,2021-11-30 22:07:10,Free_Living,annotator,Experimental situation,2021-11-30 12:57:21,2021-11-30 12:58:05
2021-11-30 22:07:10,2021-11-30 22:07:17,Free_Living,annotator,Experimental situation,2021-11-30 12:58:05,2021-11-30 12:58:12
2021-11-30 22:07:17,2021-11-30 22:07:21,Free_Living,annotator,Experimental situation,2021-11-30 12:58:12,2021-11-30 12:58:16
2021-11-30 22:07:21,2021-11-30 22:07:24,Free_Living,annotator,Experimental situation,2021-11-30 12:58:16,2021-11-30 12:58:19
2021-11-30 22:07:24,2021-11-30 22:07:27,Free_Living,annotator,Experimental situation,2021-11-30 12:58:19,2021-11-30 12:58:22
2021-11-30 22:07:27,2021-11-30 22:07:31,Free_Living,annotator,Experimental situation,2021-11-30 12:58:22,2021-11-30 12:58:26
2021-11-30 22:07:31,2021-11-30 22:08:40,Free_Living,annotator,Experimental situation,2021-11-30 12:58:26,2021-11-30 12:59:35
2021-11-30 22:08:40,2021-11-30 22:08:44,Free_Living,annotator,Experimental situation,2021-11-30 12:59:35,2021-11-30 12:59:39
2021-11-30 22:08:44,2021-11-30 22:08:50,Free_Living,annotator,Experimental situation,2021-11-30 12:59:39,2021-11-30 12:59:45
2021-11-30 22:08:50,2021-11-30 22:08:51,Free_Living,annotator,Experimental situation,2021-11-30 12:59:45,2021-11-30 12:59:46
2021-11-30 22:08:56,2021-11-30 22:09:12,Free_Living,annotator,Experimental situation,2021-11-30 12:59:51,2021-11-30 13:00:07
2021-11-30 22:09:12,2021-11-30 22:09:31,Free_Living,annotator,Experimental situation,2021-11-30 13:00:07,2021-11-30 13:00:26
2021-11-30 22:09:31,2021-11-30 22:09:32,Free_Living,annotator,Experimental situation,2021-11-30 13:00:26,2021-11-30 13:00:27
2021-11-30 22:09:32,2021-11-30 22:09:52,Free_Living,annotator,Experimental situation,2021-11-30 13:00:27,2021-11-30 13:00:47
2021-11-30 22:09:52,2021-11-30 22:09:54,Free_Living,annotator,Experimental situation,2021-11-30 13:00:47,2021-11-30 13:00:49
2021-11-30 22:09:54,2021-11-30 22:10:01,Free_Living,annotator,Experimental situation,2021-11-30 13:00:49,2021-11-30 13:00:56
2021-11-30 22:10:01,2021-11-30 22:10:03,Free_Living,annotator,Experimental situation,2021-11-30 13:00:56,2021-11-30 13:00:58
2021-11-30 22:10:03,2021-11-30 22:10:17,Free_Living,annotator,Experimental situation,2021-11-30 13:00:58,2021-11-30 13:01:12
2021-11-30 22:10:17,2021-11-30 22:10:19,Free_Living,annotator,Experimental situation,2021-11-30 13:01:12,2021-11-30 13:01:14
2021-11-30 22:10:19,2021-11-30 22:11:07,Free_Living,annotator,Experimental situation,2021-11-30 13:01:14,2021-11-30 13:02:02
2021-11-30 22:11:07,2021-11-30 22:11:13,Free_Living,annotator,Experimental situation,2021-11-30 13:02:02,2021-11-30 13:02:08
2021-11-30 22:11:13,2021-11-30 22:11:17,Free_Living,annotator,Experimental situation,2021-11-30 13:02:08,2021-11-30 13:02:12
2021-11-30 22:11:17,2021-11-30 22:11:48,Free_Living,annotator,Experimental situation,2021-11-30 13:02:12,2021-11-30 13:02:43
2021-11-30 22:11:48,2021-11-30 22:11:50,Free_Living,annotator,Experimental situation,2021-11-30 13:02:43,2021-11-30 13:02:45
2021-11-30 22:11:50,2021-11-30 22:12:01,Free_Living,annotator,Experimental situation,2021-11-30 13:02:45,2021-11-30 13:02:56
2021-11-30 22:12:01,2021-11-30 22:13:10,Free_Living,annotator,Experimental situation,2021-11-30 13:02:56,2021-11-30 13:04:05
2021-11-30 22:13:10,2021-11-30 22:13:15,Free_Living,annotator,Experimental situation,2021-11-30 13:04:05,2021-11-30 13:04:10
2021-11-30 22:13:15,2021-11-30 22:13:21,Free_Living,annotator,Experimental situation,2021-11-30 13:04:10,2021-11-30 13:04:16
2021-11-30 22:13:21,2021-11-30 22:13:22,Free_Living,annotator,Experimental situation,2021-11-30 13:04:16,2021-11-30 13:04:17
2021-11-30 22:13:22,2021-11-30 22:13:38,Free_Living,annotator,Experimental situation,2021-11-30 13:04:17,2021-11-30 13:04:33
2021-11-30 22:13:38,2021-11-30 22:13:44,Free_Living,annotator,Experimental situation,2021-11-30 13:04:33,2021-11-30 13:04:39
2021-11-30 22:13:44,2021-11-30 22:13:48,Free_Living,annotator,Experimental situation,2021-11-30 13:04:39,2021-11-30 13:04:43
2021-11-30 22:13:48,2021-11-30 22:14:00,Free_Living,annotator,Experimental situation,2021-11-30 13:04:43,2021-11-30 13:04:55
2021-11-30 22:14:05,2021-11-30 22:15:23,Free_Living,annotator,Experimental situation,2021-11-30 13:05:00,2021-11-30 13:06:18
2021-11-30 22:15:23,2021-11-30 22:15:34,Free_Living,annotator,Experimental situation,2021-11-30 13:06:18,2021-11-30 13:06:29
2021-11-30 22:15:34,2021-11-30 22:15:36,Free_Living,annotator,Experimental situation,2021-11-30 13:06:29,2021-11-30 13:06:31
2021-11-30 22:15:36,2021-11-30 22:16:24,Free_Living,annotator,Experimental situation,2021-11-30 13:06:31,2021-11-30 13:07:19
2021-11-30 22:16:24,2021-11-30 22:16:26,Free_Living,annotator,Experimental situation,2021-11-30 13:07:19,2021-11-30 13:07:21
2021-11-30 22:16:26,2021-11-30 22:16:28,Free_Living,annotator,Experimental situation,2021-11-30 13:07:21,2021-11-30 13:07:23
2021-11-30 22:16:28,2021-11-30 22:16:40,Free_Living,annotator,Experimental situation,2021-11-30 13:07:23,2021-11-30 13:07:35
2021-11-30 22:16:40,2021-11-30 22:16:42,Free_Living,annotator,Experimental situation,2021-11-30 13:07:35,2021-11-30 13:07:37
2021-11-30 22:16:42,2021-11-30 22:16:55,Free_Living,annotator,Experimental situation,2021-11-30 13:07:37,2021-11-30 13:07:50
2021-11-30 22:16:55,2021-11-30 22:17:05,Free_Living,annotator,Experimental situation,2021-11-30 13:07:50,2021-11-30 13:08:00
2021-11-30 22:17:05,2021-11-30 22:17:55,Free_Living,annotator,Experimental situation,2021-11-30 13:08:00,2021-11-30 13:08:50
2021-11-30 22:17:55,2021-11-30 22:17:59,Free_Living,annotator,Experimental situation,2021-11-30 13:08:50,2021-11-30 13:08:54
2021-11-30 22:17:59,2021-11-30 22:18:08,Free_Living,annotator,Experimental situation,2021-11-30 13:08:54,2021-11-30 13:09:03
2021-11-30 22:18:09,2021-11-30 22:18:10,Free_Living,annotator,Experimental situation,2021-11-30 13:09:04,2021-11-30 13:09:05
2021-11-30 22:18:10,2021-11-30 22:19:26,Free_Living,annotator,Experimental situation,2021-11-30 13:09:05,2021-11-30 13:10:21
2021-11-30 22:19:26,2021-11-30 22:19:29,Free_Living,annotator,Experimental situation,2021-11-30 13:10:21,2021-11-30 13:10:24
2021-11-30 22:19:29,2021-11-30 22:19:57,Free_Living,annotator,Experimental situation,2021-11-30 13:10:24,2021-11-30 13:10:52
2021-11-30 22:19:57,2021-11-30 22:20:02,Free_Living,annotator,Experimental situation,2021-11-30 13:10:52,2021-11-30 13:10:57
2021-11-30 22:20:02,2021-11-30 22:21:03,Free_Living,annotator,Experimental situation,2021-11-30 13:10:57,2021-11-30 13:11:58
2021-11-30 22:21:03,2021-11-30 22:21:14,Free_Living,annotator,Experimental situation,2021-11-30 13:11:58,2021-11-30 13:12:09
2021-11-30 22:21:14,2021-11-30 22:21:20,Free_Living,annotator,Experimental situation,2021-11-30 13:12:09,2021-11-30 13:12:15
2021-11-30 22:21:20,2021-11-30 22:21:33,Free_Living,annotator,Experimental situation,2021-11-30 13:12:15,2021-11-30 13:12:28
2021-11-30 22:21:33,2021-11-30 22:21:48,Free_Living,annotator,Experimental situation,2021-11-30 13:12:28,2021-11-30 13:12:43
2021-11-30 22:21:48,2021-11-30 22:21:51,Free_Living,annotator,Experimental situation,2021-11-30 13:12:43,2021-11-30 13:12:46
2021-11-30 22:21:51,2021-11-30 22:22:16,Free_Living,annotator,Experimental situation,2021-11-30 13:12:46,2021-11-30 13:13:11
2021-11-30 22:22:16,2021-11-30 22:22:20,Free_Living,annotator,Experimental situation,2021-11-30 13:13:11,2021-11-30 13:13:15
2021-11-30 22:22:20,2021-11-30 22:22:37,Free_Living,annotator,Experimental situation,2021-11-30 13:13:15,2021-11-30 13:13:32
2021-11-30 22:22:37,2021-11-30 22:23:14,Free_Living,annotator,Experimental situation,2021-11-30 13:13:32,2021-11-30 13:14:09
2021-11-30 22:23:14,2021-11-30 22:23:14,Free_Living,annotator,Experimental situation,2021-11-30 13:14:09,2021-11-30 13:14:09
2021-11-30 22:23:14,2021-11-30 22:23:40,Free_Living,annotator,Experimental situation,2021-11-30 13:14:09,2021-11-30 13:14:35
2021-11-30 22:23:40,2021-11-30 22:23:43,Free_Living,annotator,Experimental situation,2021-11-30 13:14:35,2021-11-30 13:14:38
2021-11-30 22:23:43,2021-11-30 22:23:53,Free_Living,annotator,Experimental situation,2021-11-30 13:14:38,2021-11-30 13:14:48
2021-11-30 22:23:53,2021-11-30 22:24:00,Free_Living,annotator,Experimental situation,2021-11-30 13:14:48,2021-11-30 13:14:55
2021-11-30 22:24:00,2021-11-30 22:24:08,Free_Living,annotator,Experimental situation,2021-11-30 13:14:55,2021-11-30 13:15:03
2021-11-30 22:24:08,2021-11-30 22:24:12,Free_Living,annotator,Experimental situation,2021-11-30 13:15:03,2021-11-30 13:15:07
2021-11-30 22:24:12,2021-11-30 22:24:42,Free_Living,annotator,Experimental situation,2021-11-30 13:15:07,2021-11-30 13:15:37
2021-11-30 22:24:42,2021-11-30 22:24:43,Free_Living,annotator,Experimental situation,2021-11-30 13:15:37,2021-11-30 13:15:38
2021-11-30 22:24:43,2021-11-30 22:24:54,Free_Living,annotator,Experimental situation,2021-11-30 13:15:38,2021-11-30 13:15:49
2021-11-30 22:24:54,2021-11-30 22:25:22,Free_Living,annotator,Experimental situation,2021-11-30 13:15:49,2021-11-30 13:16:17
2021-11-30 22:25:22,2021-11-30 22:25:24,Free_Living,annotator,Experimental situation,2021-11-30 13:16:17,2021-11-30 13:16:19
2021-11-30 22:25:24,2021-11-30 22:26:17,Free_Living,annotator,Experimental situation,2021-11-30 13:16:19,2021-11-30 13:17:12
2021-11-30 22:26:17,2021-11-30 22:26:22,Free_Living,annotator,Experimental situation,2021-11-30 13:17:12,2021-11-30 13:17:17
2021-11-30 22:26:17,2021-11-30 22:26:17,Free_Living,annotator,Experimental situation,2021-11-30 13:17:12,2021-11-30 13:17:12
2021-11-30 22:26:22,2021-11-30 22:26:34,Free_Living,annotator,Experimental situation,2021-11-30 13:17:17,2021-11-30 13:17:29
2021-11-30 22:26:34,2021-11-30 22:26:37,Free_Living,annotator,Experimental situation,2021-11-30 13:17:29,2021-11-30 13:17:32
2021-11-30 22:26:34,2021-11-30 22:26:34,Free_Living,annotator,Experimental situation,2021-11-30 13:17:29,2021-11-30 13:17:29
2021-11-30 22:26:37,2021-11-30 22:26:40,Free_Living,annotator,Experimental situation,2021-11-30 13:17:32,2021-11-30 13:17:35
2021-11-30 22:26:40,2021-11-30 22:26:40,Free_Living,annotator,Experimental situation,2021-11-30 13:17:35,2021-11-30 13:17:35
2021-11-30 22:26:40,2021-11-30 22:26:46,Free_Living,annotator,Experimental situation,2021-11-30 13:17:35,2021-11-30 13:17:41
2021-11-30 22:26:46,2021-11-30 22:26:59,Free_Living,annotator,Experimental situation,2021-11-30 13:17:41,2021-11-30 13:17:54
2021-11-30 22:26:59,2021-11-30 22:27:03,Free_Living,annotator,Experimental situation,2021-11-30 13:17:54,2021-11-30 13:17:58
2021-11-30 22:27:03,2021-11-30 22:27:46,Free_Living,annotator,Experimental situation,2021-11-30 13:17:58,2021-11-30 13:18:41
2021-11-30 22:27:46,2021-11-30 22:28:05,Free_Living,annotator,Experimental situation,2021-11-30 13:18:41,2021-11-30 13:19:00
2021-11-30 22:28:05,2021-11-30 22:28:06,Free_Living,annotator,Experimental situation,2021-11-30 13:19:00,2021-11-30 13:19:01
2021-11-30 22:28:06,2021-11-30 22:28:15,Free_Living,annotator,Experimental situation,2021-11-30 13:19:01,2021-11-30 13:19:10
2021-11-30 22:28:15,2021-11-30 22:28:20,Free_Living,annotator,Experimental situation,2021-11-30 13:19:10,2021-11-30 13:19:15
2021-11-30 22:28:20,2021-11-30 22:28:24,Free_Living,annotator,Experimental situation,2021-11-30 13:19:15,2021-11-30 13:19:19
2021-11-30 22:28:24,2021-11-30 22:28:29,Free_Living,annotator,Experimental situation,2021-11-30 13:19:19,2021-11-30 13:19:24
2021-11-30 22:28:29,2021-11-30 22:28:31,Free_Living,annotator,Experimental situation,2021-11-30 13:19:24,2021-11-30 13:19:26
2021-11-30 22:28:31,2021-11-30 22:28:47,Free_Living,annotator,Experimental situation,2021-11-30 13:19:26,2021-11-30 13:19:42
2021-11-30 22:28:47,2021-11-30 22:29:00,Free_Living,annotator,Experimental situation,2021-11-30 13:19:42,2021-11-30 13:19:55
2021-11-30 22:29:00,2021-11-30 22:29:15,Free_Living,annotator,Experimental situation,2021-11-30 13:19:55,2021-11-30 13:20:10
2021-11-30 22:29:15,2021-11-30 22:29:25,Free_Living,annotator,Experimental situation,2021-11-30 13:20:10,2021-11-30 13:20:20
2021-11-30 22:29:25,2021-11-30 22:29:29,Free_Living,annotator,Experimental situation,2021-11-30 13:20:20,2021-11-30 13:20:24
2021-11-30 22:29:29,2021-11-30 22:29:43,Free_Living,annotator,Experimental situation,2021-11-30 13:20:24,2021-11-30 13:20:38
2021-11-30 22:29:43,2021-11-30 22:30:16,Free_Living,annotator,Experimental situation,2021-11-30 13:20:38,2021-11-30 13:21:11
2021-11-30 22:30:16,2021-11-30 22:30:18,Free_Living,annotator,Experimental situation,2021-11-30 13:21:11,2021-11-30 13:21:13
2021-11-30 22:30:18,2021-11-30 22:30:43,Free_Living,annotator,Experimental situation,2021-11-30 13:21:13,2021-11-30 13:21:38
2021-11-30 22:30:43,2021-11-30 22:30:53,Free_Living,annotator,Experimental situation,2021-11-30 13:21:38,2021-11-30 13:21:48
2021-11-30 22:30:53,2021-11-30 22:30:56,Free_Living,annotator,Experimental situation,2021-11-30 13:21:48,2021-11-30 13:21:51
2021-11-30 22:30:56,2021-11-30 22:31:15,Free_Living,annotator,Experimental situation,2021-11-30 13:21:51,2021-11-30 13:22:10
2021-11-30 22:31:15,2021-11-30 22:31:19,Free_Living,annotator,Experimental situation,2021-11-30 13:22:10,2021-11-30 13:22:14
2021-11-30 22:31:19,2021-11-30 22:31:25,Free_Living,annotator,Experimental situation,2021-11-30 13:22:14,2021-11-30 13:22:20
2021-11-30 22:31:25,2021-11-30 22:31:29,Free_Living,annotator,Experimental situation,2021-11-30 13:22:20,2021-11-30 13:22:24
2021-11-30 22:31:29,2021-11-30 22:31:34,Free_Living,annotator,Experimental situation,2021-11-30 13:22:24,2021-11-30 13:22:29
2021-11-30 22:31:34,2021-11-30 22:31:35,Free_Living,annotator,Experimental situation,2021-11-30 13:22:29,2021-11-30 13:22:30
2021-11-30 22:31:35,2021-11-30 22:31:53,Free_Living,annotator,Experimental situation,2021-11-30 13:22:30,2021-11-30 13:22:48
2021-11-30 22:31:53,2021-11-30 22:32:15,Free_Living,annotator,Experimental situation,2021-11-30 13:22:48,2021-11-30 13:23:10
2021-11-30 22:32:15,2021-11-30 22:32:27,Free_Living,annotator,Experimental situation,2021-11-30 13:23:10,2021-11-30 13:23:22
2021-11-30 22:32:27,2021-11-30 22:34:02,Free_Living,annotator,Experimental situation,2021-11-30 13:23:22,2021-11-30 13:24:57
2021-11-30 22:34:02,2021-11-30 22:35:05,Free_Living,annotator,Experimental situation,2021-11-30 13:24:57,2021-11-30 13:26:00
2021-11-30 22:35:05,2021-11-30 22:35:14,Free_Living,annotator,Experimental situation,2021-11-30 13:26:00,2021-11-30 13:26:09
2021-11-30 22:35:14,2021-11-30 22:35:18,Free_Living,annotator,Experimental situation,2021-11-30 13:26:09,2021-11-30 13:26:13
2021-11-30 22:35:18,2021-11-30 22:35:26,Free_Living,annotator,Experimental situation,2021-11-30 13:26:13,2021-11-30 13:26:21
2021-11-30 22:35:26,2021-11-30 22:35:29,Free_Living,annotator,Experimental situation,2021-11-30 13:26:21,2021-11-30 13:26:24
2021-11-30 22:35:29,2021-11-30 22:36:05,Free_Living,annotator,Experimental situation,2021-11-30 13:26:24,2021-11-30 13:27:00
2021-11-30 22:36:05,2021-11-30 22:36:07,Free_Living,annotator,Experimental situation,2021-11-30 13:27:00,2021-11-30 13:27:02
2021-11-30 22:36:07,2021-11-30 22:36:11,Free_Living,annotator,Experimental situation,2021-11-30 13:27:02,2021-11-30 13:27:06
2021-11-30 22:36:11,2021-11-30 22:36:18,Free_Living,annotator,Experimental situation,2021-11-30 13:27:06,2021-11-30 13:27:13
2021-11-30 22:36:18,2021-11-30 22:36:35,Free_Living,annotator,Experimental situation,2021-11-30 13:27:13,2021-11-30 13:27:30
2021-11-30 22:36:35,2021-11-30 22:36:40,Free_Living,annotator,Experimental situation,2021-11-30 13:27:30,2021-11-30 13:27:35
2021-11-30 22:36:40,2021-11-30 22:37:20,Free_Living,annotator,Experimental situation,2021-11-30 13:27:35,2021-11-30 13:28:15
2021-11-30 22:37:20,2021-11-30 22:37:25,Free_Living,annotator,Experimental situation,2021-11-30 13:28:15,2021-11-30 13:28:20
2021-11-30 22:37:25,2021-11-30 22:37:45,Free_Living,annotator,Experimental situation,2021-11-30 13:28:20,2021-11-30 13:28:40
2021-11-30 22:37:45,2021-11-30 22:40:50,Free_Living,annotator,Experimental situation,2021-11-30 13:28:40,2021-11-30 13:31:45
2021-11-30 22:40:50,2021-11-30 22:40:51,Free_Living,annotator,Experimental situation,2021-11-30 13:31:45,2021-11-30 13:31:46
2021-11-30 22:40:51,2021-11-30 22:41:16,Free_Living,annotator,Experimental situation,2021-11-30 13:31:46,2021-11-30 13:32:11
2021-11-30 22:41:16,2021-11-30 22:41:19,Free_Living,annotator,Experimental situation,2021-11-30 13:32:11,2021-11-30 13:32:14
2021-11-30 22:41:19,2021-11-30 22:41:22,Free_Living,annotator,Experimental situation,2021-11-30 13:32:14,2021-11-30 13:32:17
2021-11-30 22:41:22,2021-11-30 22:41:25,Free_Living,annotator,Experimental situation,2021-11-30 13:32:17,2021-11-30 13:32:20
2021-11-30 22:41:25,2021-11-30 22:42:44,Free_Living,annotator,Experimental situation,2021-11-30 13:32:20,2021-11-30 13:33:39
2021-11-30 22:42:44,2021-11-30 22:43:44,Free_Living,annotator,Experimental situation,2021-11-30 13:33:39,2021-11-30 13:34:39
2021-11-30 22:43:44,2021-11-30 22:43:46,Free_Living,annotator,Experimental situation,2021-11-30 13:34:39,2021-11-30 13:34:41
2021-11-30 22:43:46,2021-11-30 22:43:49,Free_Living,annotator,Experimental situation,2021-11-30 13:34:41,2021-11-30 13:34:44
2021-11-30 22:43:49,2021-11-30 22:43:52,Free_Living,annotator,Experimental situation,2021-11-30 13:34:44,2021-11-30 13:34:47
2021-11-30 22:43:52,2021-11-30 22:44:21,Free_Living,annotator,Experimental situation,2021-11-30 13:34:47,2021-11-30 13:35:16
2021-11-30 22:44:21,2021-11-30 22:44:32,Free_Living,annotator,Experimental situation,2021-11-30 13:35:16,2021-11-30 13:35:27
2021-11-30 22:44:32,2021-11-30 22:45:28,Free_Living,annotator,Experimental situation,2021-11-30 13:35:27,2021-11-30 13:36:23
2021-11-30 22:45:28,2021-11-30 22:45:33,Free_Living,annotator,Experimental situation,2021-11-30 13:36:23,2021-11-30 13:36:28
2021-11-30 22:45:33,2021-11-30 22:45:35,Free_Living,annotator,Experimental situation,2021-11-30 13:36:28,2021-11-30 13:36:30
2021-11-30 22:45:35,2021-11-30 22:46:12,Free_Living,annotator,Experimental situation,2021-11-30 13:36:30,2021-11-30 13:37:07
2021-11-30 22:46:12,2021-11-30 22:46:14,Free_Living,annotator,Experimental situation,2021-11-30 13:37:07,2021-11-30 13:37:09
2021-11-30 22:46:14,2021-11-30 22:46:17,Free_Living,annotator,Experimental situation,2021-11-30 13:37:09,2021-11-30 13:37:12
2021-11-30 22:46:17,2021-11-30 22:46:20,Free_Living,annotator,Experimental situation,2021-11-30 13:37:12,2021-11-30 13:37:15
2021-11-30 22:46:20,2021-11-30 22:46:22,Free_Living,annotator,Experimental situation,2021-11-30 13:37:15,2021-11-30 13:37:17
2021-11-30 22:46:22,2021-11-30 22:46:41,Free_Living,annotator,Experimental situation,2021-11-30 13:37:17,2021-11-30 13:37:36
2021-11-30 22:46:41,2021-11-30 22:46:47,Free_Living,annotator,Experimental situation,2021-11-30 13:37:36,2021-11-30 13:37:42
2021-11-30 22:46:47,2021-11-30 22:46:48,Free_Living,annotator,Experimental situation,2021-11-30 13:37:42,2021-11-30 13:37:43
2021-11-30 22:46:48,2021-11-30 22:46:52,Free_Living,annotator,Experimental situation,2021-11-30 13:37:43,2021-11-30 13:37:47
2021-11-30 22:46:52,2021-11-30 22:46:55,Free_Living,annotator,Experimental situation,2021-11-30 13:37:47,2021-11-30 13:37:50
2021-11-30 22:46:55,2021-11-30 22:47:48,Free_Living,annotator,Experimental situation,2021-11-30 13:37:50,2021-11-30 13:38:43
2021-11-30 22:47:48,2021-11-30 22:47:52,Free_Living,annotator,Experimental situation,2021-11-30 13:38:43,2021-11-30 13:38:47
2021-11-30 22:47:52,2021-11-30 22:47:56,Free_Living,annotator,Experimental situation,2021-11-30 13:38:47,2021-11-30 13:38:51
2021-11-30 22:47:56,2021-11-30 22:48:00,Free_Living,annotator,Experimental situation,2021-11-30 13:38:51,2021-11-30 13:38:55
2021-11-30 22:48:00,2021-11-30 22:48:08,Free_Living,annotator,Experimental situation,2021-11-30 13:38:55,2021-11-30 13:39:03
2021-11-30 22:48:08,2021-11-30 22:48:09,Free_Living,annotator,Experimental situation,2021-11-30 13:39:03,2021-11-30 13:39:04
2021-11-30 22:48:09,2021-11-30 22:48:14,Free_Living,annotator,Experimental situation,2021-11-30 13:39:04,2021-11-30 13:39:09
2021-11-30 22:48:14,2021-11-30 22:48:25,Free_Living,annotator,Experimental situation,2021-11-30 13:39:09,2021-11-30 13:39:20
2021-11-30 22:48:25,2021-11-30 22:48:46,Free_Living,annotator,Experimental situation,2021-11-30 13:39:20,2021-11-30 13:39:41
2021-11-30 22:48:46,2021-11-30 22:49:15,Free_Living,annotator,Experimental situation,2021-11-30 13:39:41,2021-11-30 13:40:10
2021-11-30 22:49:15,2021-11-30 22:49:16,Free_Living,annotator,Experimental situation,2021-11-30 13:40:10,2021-11-30 13:40:11
2021-11-30 22:49:16,2021-11-30 22:49:19,Free_Living,annotator,Experimental situation,2021-11-30 13:40:11,2021-11-30 13:40:14
2021-11-30 22:49:19,2021-11-30 22:49:46,Free_Living,annotator,Experimental situation,2021-11-30 13:40:14,2021-11-30 13:40:41
2021-11-30 22:49:46,2021-11-30 22:50:16,Free_Living,annotator,Experimental situation,2021-11-30 13:40:41,2021-11-30 13:41:11
2021-11-30 22:50:16,2021-11-30 22:50:35,Free_Living,annotator,Experimental situation,2021-11-30 13:41:11,2021-11-30 13:41:30
2021-11-30 22:50:35,2021-11-30 22:50:39,Free_Living,annotator,Experimental situation,2021-11-30 13:41:30,2021-11-30 13:41:34
2021-11-30 22:50:39,2021-11-30 22:50:42,Free_Living,annotator,Experimental situation,2021-11-30 13:41:34,2021-11-30 13:41:37
2021-11-30 22:50:42,2021-11-30 22:51:00,Free_Living,annotator,Experimental situation,2021-11-30 13:41:37,2021-11-30 13:41:55
2021-11-30 22:51:00,2021-11-30 22:51:03,Free_Living,annotator,Experimental situation,2021-11-30 13:41:55,2021-11-30 13:41:58
2021-11-30 22:51:03,2021-11-30 22:51:39,Free_Living,annotator,Experimental situation,2021-11-30 13:41:58,2021-11-30 13:42:34
2021-11-30 22:51:39,2021-11-30 22:52:03,Free_Living,annotator,Experimental situation,2021-11-30 13:42:34,2021-11-30 13:42:58
2021-11-30 22:52:03,2021-11-30 22:54:53,Free_Living,annotator,Experimental situation,2021-11-30 13:42:58,2021-11-30 13:45:48
2021-11-30 22:54:53,2021-11-30 22:54:56,Free_Living,annotator,Experimental situation,2021-11-30 13:45:48,2021-11-30 13:45:51
2021-11-30 22:54:56,2021-11-30 22:54:59,Free_Living,annotator,Experimental situation,2021-11-30 13:45:51,2021-11-30 13:45:54
2021-11-30 22:54:59,2021-11-30 22:55:19,Free_Living,annotator,Experimental situation,2021-11-30 13:45:54,2021-11-30 13:46:14
2021-11-30 22:55:19,2021-11-30 22:55:21,Free_Living,annotator,Experimental situation,2021-11-30 13:46:14,2021-11-30 13:46:16
2021-11-30 22:55:21,2021-11-30 22:55:23,Free_Living,annotator,Experimental situation,2021-11-30 13:46:16,2021-11-30 13:46:18
2021-11-30 22:55:23,2021-11-30 22:55:23,Free_Living,annotator,Experimental situation,2021-11-30 13:46:18,2021-11-30 13:46:18
2021-11-30 22:55:25,2021-11-30 22:56:16,Free_Living,annotator,Experimental situation,2021-11-30 13:46:20,2021-11-30 13:47:11
2021-11-30 22:56:16,2021-11-30 22:56:18,Free_Living,annotator,Experimental situation,2021-11-30 13:47:11,2021-11-30 13:47:13
2021-11-30 22:56:18,2021-11-30 22:56:21,Free_Living,annotator,Experimental situation,2021-11-30 13:47:13,2021-11-30 13:47:16
2021-11-30 22:56:21,2021-11-30 22:56:40,Free_Living,annotator,Experimental situation,2021-11-30 13:47:16,2021-11-30 13:47:35
2021-11-30 22:56:40,2021-11-30 22:56:43,Free_Living,annotator,Experimental situation,2021-11-30 13:47:35,2021-11-30 13:47:38
2021-11-30 22:56:43,2021-11-30 22:56:57,Free_Living,annotator,Experimental situation,2021-11-30 13:47:38,2021-11-30 13:47:52
2021-11-30 22:56:57,2021-11-30 22:56:59,Free_Living,annotator,Experimental situation,2021-11-30 13:47:52,2021-11-30 13:47:54
2021-11-30 22:56:59,2021-11-30 22:57:03,Free_Living,annotator,Experimental situation,2021-11-30 13:47:54,2021-11-30 13:47:58
2021-11-30 22:57:03,2021-11-30 22:57:10,Free_Living,annotator,Experimental situation,2021-11-30 13:47:58,2021-11-30 13:48:05
2021-11-30 22:57:10,2021-11-30 22:57:41,Free_Living,annotator,Experimental situation,2021-11-30 13:48:05,2021-11-30 13:48:36
2021-11-30 22:57:41,2021-11-30 22:57:48,Free_Living,annotator,Experimental situation,2021-11-30 13:48:36,2021-11-30 13:48:43
2021-11-30 22:57:48,2021-11-30 22:58:07,Free_Living,annotator,Experimental situation,2021-11-30 13:48:43,2021-11-30 13:49:02
2021-11-30 22:58:07,2021-11-30 22:58:09,Free_Living,annotator,Experimental situation,2021-11-30 13:49:02,2021-11-30 13:49:04
2021-11-30 22:58:09,2021-11-30 22:58:13,Free_Living,annotator,Experimental situation,2021-11-30 13:49:04,2021-11-30 13:49:08
2021-11-30 22:58:13,2021-11-30 22:58:14,Free_Living,annotator,Experimental situation,2021-11-30 13:49:08,2021-11-30 13:49:09
2021-11-30 22:58:14,2021-11-30 22:58:17,Free_Living,annotator,Experimental situation,2021-11-30 13:49:09,2021-11-30 13:49:12
2021-11-30 22:58:17,2021-11-30 22:58:18,Free_Living,annotator,Experimental situation,2021-11-30 13:49:12,2021-11-30 13:49:13
2021-11-30 22:58:18,2021-11-30 22:58:19,Free_Living,annotator,Experimental situation,2021-11-30 13:49:13,2021-11-30 13:49:14
2021-11-30 22:58:19,2021-11-30 22:58:23,Free_Living,annotator,Experimental situation,2021-11-30 13:49:14,2021-11-30 13:49:18
2021-11-30 22:58:23,2021-11-30 22:59:59,Free_Living,annotator,Experimental situation,2021-11-30 13:49:18,2021-11-30 13:50:54
2021-11-30 22:59:59,2021-11-30 23:01:57,Free_Living,annotator,Experimental situation,2021-11-30 13:50:54,2021-11-30 13:52:52
2021-11-30 23:01:57,2021-11-30 23:02:02,Free_Living,annotator,Experimental situation,2021-11-30 13:52:52,2021-11-30 13:52:57
2021-11-30 23:02:02,2021-11-30 23:02:03,Free_Living,annotator,Experimental situation,2021-11-30 13:52:57,2021-11-30 13:52:58
2021-11-30 23:02:03,2021-11-30 23:02:06,Free_Living,annotator,Experimental situation,2021-11-30 13:52:58,2021-11-30 13:53:01
2021-11-30 23:02:06,2021-11-30 23:02:08,Free_Living,annotator,Experimental situation,2021-11-30 13:53:01,2021-11-30 13:53:03
2021-11-30 23:02:08,2021-11-30 23:02:12,Free_Living,annotator,Experimental situation,2021-11-30 13:53:03,2021-11-30 13:53:07
2021-11-30 23:02:12,2021-11-30 23:02:29,Free_Living,annotator,Experimental situation,2021-11-30 13:53:07,2021-11-30 13:53:24
2021-11-30 23:02:29,2021-11-30 23:02:45,Free_Living,annotator,Experimental situation,2021-11-30 13:53:24,2021-11-30 13:53:40
2021-11-30 23:02:45,2021-11-30 23:02:59,Free_Living,annotator,Experimental situation,2021-11-30 13:53:40,2021-11-30 13:53:54
2021-11-30 23:02:59,2021-11-30 23:03:08,Free_Living,annotator,Experimental situation,2021-11-30 13:53:54,2021-11-30 13:54:03
2021-11-30 23:03:08,2021-11-30 23:03:10,Free_Living,annotator,Experimental situation,2021-11-30 13:54:03,2021-11-30 13:54:05
2021-11-30 23:03:10,2021-11-30 23:03:12,Free_Living,annotator,Experimental situation,2021-11-30 13:54:05,2021-11-30 13:54:07
2021-11-30 23:03:12,2021-11-30 23:03:16,Free_Living,annotator,Experimental situation,2021-11-30 13:54:07,2021-11-30 13:54:11
2021-11-30 23:03:16,2021-11-30 23:03:29,Free_Living,annotator,Experimental situation,2021-11-30 13:54:11,2021-11-30 13:54:24
2021-11-30 23:03:29,2021-11-30 23:03:33,Free_Living,annotator,Experimental situation,2021-11-30 13:54:24,2021-11-30 13:54:28
2021-11-30 23:03:33,2021-11-30 23:03:39,Free_Living,annotator,Experimental situation,2021-11-30 13:54:28,2021-11-30 13:54:34
2021-11-30 23:03:39,2021-11-30 23:03:47,Free_Living,annotator,Experimental situation,2021-11-30 13:54:34,2021-11-30 13:54:42
2021-11-30 23:03:47,2021-11-30 23:03:49,Free_Living,annotator,Experimental situation,2021-11-30 13:54:42,2021-11-30 13:54:44
2021-11-30 23:03:49,2021-11-30 23:04:10,Free_Living,annotator,Experimental situation,2021-11-30 13:54:44,2021-11-30 13:55:05
2021-11-30 23:04:10,2021-11-30 23:04:12,Free_Living,annotator,Experimental situation,2021-11-30 13:55:05,2021-11-30 13:55:07
2021-11-30 23:04:12,2021-11-30 23:04:18,Free_Living,annotator,Experimental situation,2021-11-30 13:55:07,2021-11-30 13:55:13
2021-11-30 23:04:18,2021-11-30 23:04:22,Free_Living,annotator,Experimental situation,2021-11-30 13:55:13,2021-11-30 13:55:17
2021-11-30 23:04:22,2021-11-30 23:04:22,Free_Living,annotator,Experimental situation,2021-11-30 13:55:17,2021-11-30 13:55:17
2021-11-30 23:04:22,2021-11-30 23:04:25,Free_Living,annotator,Experimental situation,2021-11-30 13:55:17,2021-11-30 13:55:20
2021-11-30 23:04:25,2021-11-30 23:04:32,Free_Living,annotator,Experimental situation,2021-11-30 13:55:20,2021-11-30 13:55:27
2021-11-30 23:04:32,2021-11-30 23:04:41,Free_Living,annotator,Experimental situation,2021-11-30 13:55:27,2021-11-30 13:55:36
2021-11-30 23:04:41,2021-11-30 23:04:43,Free_Living,annotator,Experimental situation,2021-11-30 13:55:36,2021-11-30 13:55:38
2021-11-30 23:04:43,2021-11-30 23:04:51,Free_Living,annotator,Experimental situation,2021-11-30 13:55:38,2021-11-30 13:55:46
2021-11-30 23:04:51,2021-11-30 23:05:07,Free_Living,annotator,Experimental situation,2021-11-30 13:55:46,2021-11-30 13:56:02
2021-11-30 23:05:07,2021-11-30 23:05:08,Free_Living,annotator,Experimental situation,2021-11-30 13:56:02,2021-11-30 13:56:03
2021-11-30 23:05:08,2021-11-30 23:05:11,Free_Living,annotator,Experimental situation,2021-11-30 13:56:03,2021-11-30 13:56:06
2021-11-30 23:05:11,2021-11-30 23:05:54,Free_Living,annotator,Experimental situation,2021-11-30 13:56:06,2021-11-30 13:56:49
2021-11-30 23:05:54,2021-11-30 23:06:30,Free_Living,annotator,Experimental situation,2021-11-30 13:56:49,2021-11-30 13:57:25
2021-11-30 23:06:30,2021-11-30 23:06:39,Free_Living,annotator,Experimental situation,2021-11-30 13:57:25,2021-11-30 13:57:34
2021-11-30 23:06:39,2021-11-30 23:09:29,Free_Living,annotator,Experimental situation,2021-11-30 13:57:34,2021-11-30 14:00:24
2021-11-30 23:09:30,2021-11-30 23:09:57,Free_Living,annotator,Experimental situation,2021-11-30 14:00:25,2021-11-30 14:00:52
2021-11-30 23:09:57,2021-11-30 23:09:58,Free_Living,annotator,Experimental situation,2021-11-30 14:00:52,2021-11-30 14:00:53
2021-11-30 23:09:58,2021-11-30 23:10:07,Free_Living,annotator,Experimental situation,2021-11-30 14:00:53,2021-11-30 14:01:02
2021-11-30 23:10:07,2021-11-30 23:10:41,Free_Living,annotator,Experimental situation,2021-11-30 14:01:02,2021-11-30 14:01:36
2021-11-30 23:10:41,2021-11-30 23:10:44,Free_Living,annotator,Experimental situation,2021-11-30 14:01:36,2021-11-30 14:01:39
2021-11-30 23:10:44,2021-11-30 23:10:51,Free_Living,annotator,Experimental situation,2021-11-30 14:01:39,2021-11-30 14:01:46
2021-11-30 23:10:51,2021-11-30 23:10:57,Free_Living,annotator,Experimental situation,2021-11-30 14:01:46,2021-11-30 14:01:52
2021-11-30 23:10:57,2021-11-30 23:10:59,Free_Living,annotator,Experimental situation,2021-11-30 14:01:52,2021-11-30 14:01:54
2021-11-30 23:10:59,2021-11-30 23:11:05,Free_Living,annotator,Experimental situation,2021-11-30 14:01:54,2021-11-30 14:02:00
2021-11-30 23:11:05,2021-11-30 23:11:07,Free_Living,annotator,Experimental situation,2021-11-30 14:02:00,2021-11-30 14:02:02
2021-11-30 23:11:07,2021-11-30 23:11:09,Free_Living,annotator,Experimental situation,2021-11-30 14:02:02,2021-11-30 14:02:04
2021-11-30 23:11:09,2021-11-30 23:11:11,Free_Living,annotator,Experimental situation,2021-11-30 14:02:04,2021-11-30 14:02:06
2021-11-30 23:11:11,2021-11-30 23:11:14,Free_Living,annotator,Experimental situation,2021-11-30 14:02:06,2021-11-30 14:02:09
2021-11-30 23:11:14,2021-11-30 23:11:16,Free_Living,annotator,Experimental situation,2021-11-30 14:02:09,2021-11-30 14:02:11
2021-11-30 23:11:16,2021-11-30 23:11:33,Free_Living,annotator,Experimental situation,2021-11-30 14:02:11,2021-11-30 14:02:28
2021-11-30 23:11:33,2021-11-30 23:11:35,Free_Living,annotator,Experimental situation,2021-11-30 14:02:28,2021-11-30 14:02:30
2021-11-30 23:11:35,2021-11-30 23:11:48,Free_Living,annotator,Experimental situation,2021-11-30 14:02:30,2021-11-30 14:02:43
2021-11-30 23:11:48,2021-11-30 23:11:52,Free_Living,annotator,Experimental situation,2021-11-30 14:02:43,2021-11-30 14:02:47
2021-11-30 23:11:52,2021-11-30 23:11:53,Free_Living,annotator,Experimental situation,2021-11-30 14:02:47,2021-11-30 14:02:48
2021-11-30 23:11:53,2021-11-30 23:11:55,Free_Living,annotator,Experimental situation,2021-11-30 14:02:48,2021-11-30 14:02:50
2021-11-30 23:11:55,2021-11-30 23:12:31,Free_Living,annotator,Experimental situation,2021-11-30 14:02:50,2021-11-30 14:03:26
2021-11-30 23:12:31,2021-11-30 23:12:32,Free_Living,annotator,Experimental situation,2021-11-30 14:03:26,2021-11-30 14:03:27
2021-11-30 23:12:32,2021-11-30 23:12:37,Free_Living,annotator,Experimental situation,2021-11-30 14:03:27,2021-11-30 14:03:32
2021-11-30 23:12:37,2021-11-30 23:12:42,Free_Living,annotator,Experimental situation,2021-11-30 14:03:32,2021-11-30 14:03:37
2021-11-30 23:12:42,2021-11-30 23:12:45,Free_Living,annotator,Experimental situation,2021-11-30 14:03:37,2021-11-30 14:03:40
2021-11-30 23:12:45,2021-11-30 23:12:50,Free_Living,annotator,Experimental situation,2021-11-30 14:03:40,2021-11-30 14:03:45
2021-11-30 23:12:50,2021-11-30 23:12:54,Free_Living,annotator,Experimental situation,2021-11-30 14:03:45,2021-11-30 14:03:49
2021-11-30 23:12:54,2021-11-30 23:13:07,Free_Living,annotator,Experimental situation,2021-11-30 14:03:49,2021-11-30 14:04:02
2021-11-30 23:13:07,2021-11-30 23:13:10,Free_Living,annotator,Experimental situation,2021-11-30 14:04:02,2021-11-30 14:04:05
2021-11-30 23:13:10,2021-11-30 23:14:00,Free_Living,annotator,Experimental situation,2021-11-30 14:04:05,2021-11-30 14:04:55
2021-11-30 23:14:00,2021-11-30 23:14:08,Free_Living,annotator,Experimental situation,2021-11-30 14:04:55,2021-11-30 14:05:03
2021-11-30 23:14:08,2021-11-30 23:15:01,Free_Living,annotator,Experimental situation,2021-11-30 14:05:03,2021-11-30 14:05:56
2021-11-30 23:15:01,2021-11-30 23:15:04,Free_Living,annotator,Experimental situation,2021-11-30 14:05:56,2021-11-30 14:05:59
2021-11-30 23:15:04,2021-11-30 23:15:32,Free_Living,annotator,Experimental situation,2021-11-30 14:05:59,2021-11-30 14:06:27
2021-11-30 23:15:32,2021-11-30 23:15:33,Free_Living,annotator,Experimental situation,2021-11-30 14:06:27,2021-11-30 14:06:28
2021-11-30 23:15:33,2021-11-30 23:15:58,Free_Living,annotator,Experimental situation,2021-11-30 14:06:28,2021-11-30 14:06:53
2021-11-30 23:15:58,2021-11-30 23:16:14,Free_Living,annotator,Experimental situation,2021-11-30 14:06:53,2021-11-30 14:07:09
2021-11-30 23:16:14,2021-11-30 23:16:48,Free_Living,annotator,Experimental situation,2021-11-30 14:07:09,2021-11-30 14:07:43
2021-11-30 23:16:48,2021-11-30 23:16:50,Free_Living,annotator,Experimental situation,2021-11-30 14:07:43,2021-11-30 14:07:45
2021-11-30 23:16:50,2021-11-30 23:17:24,Free_Living,annotator,Experimental situation,2021-11-30 14:07:45,2021-11-30 14:08:19
2021-11-30 23:17:24,2021-11-30 23:17:26,Free_Living,annotator,Experimental situation,2021-11-30 14:08:19,2021-11-30 14:08:21
2021-11-30 23:17:26,2021-11-30 23:18:26,Free_Living,annotator,Experimental situation,2021-11-30 14:08:21,2021-11-30 14:09:21
2021-11-30 23:18:26,2021-11-30 23:19:24,Free_Living,annotator,Experimental situation,2021-11-30 14:09:21,2021-11-30 14:10:19
2021-11-30 23:19:24,2021-11-30 23:19:42,Free_Living,annotator,Experimental situation,2021-11-30 14:10:19,2021-11-30 14:10:37
2021-11-30 23:19:42,2021-11-30 23:20:30,Free_Living,annotator,Experimental situation,2021-11-30 14:10:37,2021-11-30 14:11:25
2021-11-30 23:20:30,2021-11-30 23:20:34,Free_Living,annotator,Experimental situation,2021-11-30 14:11:25,2021-11-30 14:11:29
2021-11-30 23:20:34,2021-11-30 23:21:28,Free_Living,annotator,Experimental situation,2021-11-30 14:11:29,2021-11-30 14:12:23
2021-11-30 23:21:28,2021-11-30 23:21:56,Free_Living,annotator,Experimental situation,2021-11-30 14:12:23,2021-11-30 14:12:51
2021-11-30 23:21:56,2021-11-30 23:22:40,Free_Living,annotator,Experimental situation,2021-11-30 14:12:51,2021-11-30 14:13:35
2021-11-30 23:22:41,2021-11-30 23:23:29,Free_Living,annotator,Experimental situation,2021-11-30 14:13:36,2021-11-30 14:14:24
2021-11-30 23:23:32,2021-11-30 23:24:41,Free_Living,annotator,Experimental situation,2021-11-30 14:14:27,2021-11-30 14:15:36
2021-11-30 23:24:42,2021-11-30 23:25:42,Free_Living,annotator,Experimental situation,2021-11-30 14:15:37,2021-11-30 14:16:37
2021-11-30 23:25:45,2021-11-30 23:32:13,Free_Living,annotator,Experimental situation,2021-11-30 14:16:40,2021-11-30 14:23:08
2021-11-30 23:32:15,2021-11-30 23:34:02,Free_Living,annotator,Experimental situation,2021-11-30 14:23:10,2021-11-30 14:24:57
2021-11-30 23:34:04,2021-11-30 23:36:06,Free_Living,annotator,Experimental situation,2021-11-30 14:24:59,2021-11-30 14:27:01
2021-11-30 23:36:07,2021-11-30 23:36:17,Free_Living,annotator,Experimental situation,2021-11-30 14:27:02,2021-11-30 14:27:12
2021-11-30 23:36:18,2021-11-30 23:39:26,Free_Living,annotator,Experimental situation,2021-11-30 14:27:13,2021-11-30 14:30:21
2021-11-30 23:39:27,2021-11-30 23:39:36,Free_Living,annotator,Experimental situation,2021-11-30 14:30:22,2021-11-30 14:30:31
2021-11-30 23:39:38,2021-11-30 23:52:06,Free_Living,annotator,Experimental situation,2021-11-30 14:30:33,2021-11-30 14:43:01
2021-11-30 23:52:10,2021-11-30 23:52:16,Free_Living,annotator,Experimental situation,2021-11-30 14:43:05,2021-11-30 14:43:11
2021-11-30 23:52:17,2021-11-30 23:52:26,Free_Living,annotator,Experimental situation,2021-11-30 14:43:12,2021-11-30 14:43:21
2021-11-30 23:52:28,2021-11-30 23:52:35,Free_Living,annotator,Experimental situation,2021-11-30 14:43:23,2021-11-30 14:43:30
2021-11-30 23:52:37,2021-11-30 23:52:51,Free_Living,annotator,Experimental situation,2021-11-30 14:43:32,2021-11-30 14:43:46
2021-11-30 23:52:54,2021-11-30 23:58:10,Free_Living,annotator,Experimental situation,2021-11-30 14:43:49,2021-11-30 14:49:05
2021-11-30 23:58:12,2021-11-30 23:59:09,Free_Living,annotator,Experimental situation,2021-11-30 14:49:07,2021-11-30 14:50:04
2021-11-30 23:59:11,2021-12-01 00:09:08,Free_Living,annotator,Experimental situation,2021-11-30 14:50:06,2021-11-30 15:00:03
2021-12-01 00:09:10,2021-12-01 00:15:50,Free_Living,annotator,Experimental situation,2021-11-30 15:00:05,2021-11-30 15:06:45
2021-12-01 00:15:50,2021-12-01 00:15:53,Free_Living,annotator,Experimental situation,2021-11-30 15:06:45,2021-11-30 15:06:48
2021-12-01 00:15:54,2021-12-01 00:17:10,Free_Living,annotator,Experimental situation,2021-11-30 15:06:49,2021-11-30 15:08:05
2021-12-01 00:17:11,2021-12-01 00:17:14,Free_Living,annotator,Experimental situation,2021-11-30 15:08:06,2021-11-30 15:08:09
2021-12-01 00:17:16,2021-12-01 00:21:18,Free_Living,annotator,Experimental situation,2021-11-30 15:08:11,2021-11-30 15:12:13
2021-12-01 00:21:19,2021-12-01 00:23:54,Free_Living,annotator,Experimental situation,2021-11-30 15:12:14,2021-11-30 15:14:49
2021-12-01 00:24:01,2021-12-01 00:28:39,Free_Living,annotator,Experimental situation,2021-11-30 15:14:56,2021-11-30 15:19:34
2021-12-01 00:28:41,2021-12-01 00:28:43,Free_Living,annotator,Experimental situation,2021-11-30 15:19:36,2021-11-30 15:19:38
2021-12-01 00:28:46,2021-12-01 00:28:51,Free_Living,annotator,Experimental situation,2021-11-30 15:19:41,2021-11-30 15:19:46
2021-12-01 00:28:52,2021-12-01 00:29:12,Free_Living,annotator,Experimental situation,2021-11-30 15:19:47,2021-11-30 15:20:07
2021-12-01 00:29:13,2021-12-01 00:29:21,Free_Living,annotator,Experimental situation,2021-11-30 15:20:08,2021-11-30 15:20:16
2021-12-01 00:29:23,2021-12-01 00:30:04,Free_Living,annotator,Experimental situation,2021-11-30 15:20:18,2021-11-30 15:20:59
2021-12-01 00:30:05,2021-12-01 00:30:36,Free_Living,annotator,Experimental situation,2021-11-30 15:21:00,2021-11-30 15:21:31
2021-12-01 00:30:37,2021-12-01 00:30:45,Free_Living,annotator,Experimental situation,2021-11-30 15:21:32,2021-11-30 15:21:40
2021-12-01 00:30:47,2021-12-01 00:31:03,Free_Living,annotator,Experimental situation,2021-11-30 15:21:42,2021-11-30 15:21:58
2021-12-01 00:31:05,2021-12-01 00:31:42,Free_Living,annotator,Experimental situation,2021-11-30 15:22:00,2021-11-30 15:22:37
