START_TIME,STOP_TIME,PREDICTION,SOURCE,LABELSET,VIDEO_START_TIME,VIDEO_END_TIME
2021-11-29 20:04:50,2021-11-29 20:08:46,Lab_Indoors,annotator,Experimental situation,2021-11-29 00:00:27,2021-11-29 00:04:23
2021-11-29 20:08:52,2021-11-29 20:09:55,Lab_Indoors,annotator,Experimental situation,2021-11-29 00:04:29,2021-11-29 00:05:32
2021-11-29 20:10:02,2021-11-29 20:16:29,Lab_Indoors,annotator,Experimental situation,2021-11-29 00:05:39,2021-11-29 00:12:06
2021-11-29 20:16:35,2021-11-29 20:17:45,Lab_Indoors,annotator,Experimental situation,2021-11-29 00:12:12,2021-11-29 00:13:22
2021-11-29 20:17:47,2021-11-29 20:17:58,Lab_Indoors,annotator,Experimental situation,2021-11-29 00:13:24,2021-11-29 00:13:35
2021-11-29 20:18:00,2021-11-29 20:18:35,Lab_Indoors,annotator,Experimental situation,2021-11-29 00:13:37,2021-11-29 00:14:12
2021-11-29 20:18:36,2021-11-29 20:19:13,Lab_Indoors,annotator,Experimental situation,2021-11-29 00:14:13,2021-11-29 00:14:50
2021-11-29 20:19:16,2021-11-29 20:19:42,Lab_Indoors,annotator,Experimental situation,2021-11-29 00:14:53,2021-11-29 00:15:19
2021-11-29 20:19:45,2021-11-29 20:21:04,Lab_Indoors,annotator,Experimental situation,2021-11-29 00:15:22,2021-11-29 00:16:41
2021-11-29 20:21:07,2021-11-29 20:24:49,Lab_Indoors,annotator,Experimental situation,2021-11-29 00:16:44,2021-11-29 00:20:26
2021-11-29 20:24:52,2021-11-29 20:25:01,Lab_Indoors,annotator,Experimental situation,2021-11-29 00:20:29,2021-11-29 00:20:38
2021-11-29 20:25:05,2021-11-29 20:25:45,Lab_Indoors,annotator,Experimental situation,2021-11-29 00:20:42,2021-11-29 00:21:22
2021-11-29 20:25:48,2021-11-29 20:30:15,Lab_Indoors,annotator,Experimental situation,2021-11-29 00:21:25,2021-11-29 00:25:52
2021-11-29 20:30:17,2021-11-29 20:30:34,Lab_Indoors,annotator,Experimental situation,2021-11-29 00:25:54,2021-11-29 00:26:11
2021-11-29 20:33:00,2021-11-29 20:33:09,Lab_Indoors,annotator,Experimental situation,2021-11-29 00:28:37,2021-11-29 00:28:46
2021-11-29 20:33:11,2021-11-29 20:33:35,Lab_Indoors,annotator,Experimental situation,2021-11-29 00:28:48,2021-11-29 00:29:12
2021-11-29 20:33:41,2021-11-29 20:34:25,Lab_Indoors,annotator,Experimental situation,2021-11-29 00:29:18,2021-11-29 00:30:02
2021-11-29 20:34:27,2021-11-29 20:35:16,Lab_Indoors,annotator,Experimental situation,2021-11-29 00:30:04,2021-11-29 00:30:53
2021-11-29 20:35:30,2021-11-29 20:36:48,Lab_Indoors,annotator,Experimental situation,2021-11-29 00:31:07,2021-11-29 00:32:25
2021-11-29 20:37:00,2021-11-29 20:39:59,Lab_Indoors,annotator,Experimental situation,2021-11-29 00:32:37,2021-11-29 00:35:36
2021-11-29 20:40:36,2021-11-29 20:40:47,Lab_Indoors,annotator,Experimental situation,2021-11-29 00:36:13,2021-11-29 00:36:24
2021-11-29 20:40:51,2021-11-29 20:42:20,Lab_Indoors,annotator,Experimental situation,2021-11-29 00:36:28,2021-11-29 00:37:57
2021-11-29 20:42:26,2021-11-29 20:42:49,Lab_Indoors,annotator,Experimental situation,2021-11-29 00:38:03,2021-11-29 00:38:26
2021-11-29 20:42:53,2021-11-29 20:43:31,Lab_Indoors,annotator,Experimental situation,2021-11-29 00:38:30,2021-11-29 00:39:08
2021-11-29 20:43:31,2021-11-29 20:45:11,Lab_Indoors,annotator,Experimental situation,2021-11-29 00:39:08,2021-11-29 00:40:48
2021-11-29 20:45:21,2021-11-29 20:46:22,Lab_Indoors,annotator,Experimental situation,2021-11-29 00:40:58,2021-11-29 00:41:59
2021-11-29 20:46:29,2021-11-29 21:06:54,Lab_Indoors,annotator,Experimental situation,2021-11-29 00:42:06,2021-11-29 01:02:31
2021-11-29 21:07:03,2021-11-29 21:12:54,Lab_Indoors,annotator,Experimental situation,2021-11-29 01:02:40,2021-11-29 01:08:31
2021-11-29 21:13:17,2021-11-29 21:16:37,Lab_Indoors,annotator,Experimental situation,2021-11-29 01:08:54,2021-11-29 01:12:14
2021-11-29 21:17:11,2021-11-29 21:17:24,Lab_Indoors,annotator,Experimental situation,2021-11-29 01:12:48,2021-11-29 01:13:01
2021-11-29 21:17:44,2021-11-29 21:18:18,Lab_Indoors,annotator,Experimental situation,2021-11-29 01:13:21,2021-11-29 01:13:55
2021-11-29 21:18:38,2021-11-29 21:19:31,Lab_Indoors,annotator,Experimental situation,2021-11-29 01:14:15,2021-11-29 01:15:08
2021-11-29 21:19:45,2021-11-29 21:30:05,Lab_Indoors,annotator,Experimental situation,2021-11-29 01:15:22,2021-11-29 01:25:42
2021-11-29 21:30:25,2021-11-29 21:30:50,Lab_Indoors,annotator,Experimental situation,2021-11-29 01:26:02,2021-11-29 01:26:27
2021-11-29 21:31:15,2021-11-29 21:35:18,Lab_Indoors,annotator,Experimental situation,2021-11-29 01:26:52,2021-11-29 01:30:55
2021-11-29 21:35:28,2021-11-29 21:35:41,Lab_Indoors,annotator,Experimental situation,2021-11-29 01:31:05,2021-11-29 01:31:18
2021-11-29 21:35:50,2021-11-29 21:37:04,Lab_Indoors,annotator,Experimental situation,2021-11-29 01:31:27,2021-11-29 01:32:41
2021-11-29 21:37:07,2021-11-29 21:37:24,Lab_Indoors,annotator,Experimental situation,2021-11-29 01:32:44,2021-11-29 01:33:01
2021-11-29 21:37:35,2021-11-29 21:38:41,Lab_Indoors,annotator,Experimental situation,2021-11-29 01:33:12,2021-11-29 01:34:18
2021-11-29 21:38:47,2021-11-29 21:39:04,Lab_Indoors,annotator,Experimental situation,2021-11-29 01:34:24,2021-11-29 01:34:41
2021-11-29 21:39:53,2021-11-29 21:40:34,Lab_Indoors,annotator,Experimental situation,2021-11-29 01:35:30,2021-11-29 01:36:11
2021-11-29 21:40:38,2021-11-29 21:42:11,Lab_Indoors,annotator,Experimental situation,2021-11-29 01:36:15,2021-11-29 01:37:48
2021-11-29 21:42:22,2021-11-29 21:42:59,Lab_Indoors,annotator,Experimental situation,2021-11-29 01:37:59,2021-11-29 01:38:36
2021-11-29 21:43:02,2021-11-29 21:43:27,Lab_Indoors,annotator,Experimental situation,2021-11-29 01:38:39,2021-11-29 01:39:04
2021-11-29 21:43:41,2021-11-29 21:44:09,Lab_Indoors,annotator,Experimental situation,2021-11-29 01:39:18,2021-11-29 01:39:46
2021-11-29 21:44:17,2021-11-29 21:44:32,Lab_Indoors,annotator,Experimental situation,2021-11-29 01:39:54,2021-11-29 01:40:09
2021-11-29 21:44:39,2021-11-29 21:46:12,Lab_Indoors,annotator,Experimental situation,2021-11-29 01:40:16,2021-11-29 01:41:49
2021-11-29 21:46:18,2021-11-29 21:47:19,Lab_Indoors,annotator,Experimental situation,2021-11-29 01:41:55,2021-11-29 01:42:56
2021-11-29 21:47:31,2021-11-29 21:48:16,Lab_Indoors,annotator,Experimental situation,2021-11-29 01:43:08,2021-11-29 01:43:53
2021-11-29 21:48:20,2021-11-29 21:48:57,Lab_Indoors,annotator,Experimental situation,2021-11-29 01:43:57,2021-11-29 01:44:34
2021-11-29 21:49:05,2021-11-29 21:50:15,Lab_Indoors,annotator,Experimental situation,2021-11-29 01:44:42,2021-11-29 01:45:52
2021-11-29 21:50:19,2021-11-29 21:50:46,Lab_Indoors,annotator,Experimental situation,2021-11-29 01:45:56,2021-11-29 01:46:23
2021-11-29 21:50:49,2021-11-29 21:51:14,Lab_Indoors,annotator,Experimental situation,2021-11-29 01:46:26,2021-11-29 01:46:51
2021-11-29 21:51:16,2021-11-29 21:51:33,Lab_Indoors,annotator,Experimental situation,2021-11-29 01:46:53,2021-11-29 01:47:10
2021-11-29 21:51:35,2021-11-29 21:51:57,Lab_Indoors,annotator,Experimental situation,2021-11-29 01:47:12,2021-11-29 01:47:34
2021-11-29 21:51:58,2021-11-29 21:52:47,Lab_Indoors,annotator,Experimental situation,2021-11-29 01:47:35,2021-11-29 01:48:24
2021-11-29 21:52:55,2021-11-29 21:54:24,Free_Living,annotator,Experimental situation,2021-11-29 01:48:32,2021-11-29 01:50:01
2021-11-29 21:54:25,2021-11-29 22:29:23,ES_VideoUnavailable/Indecipherable,annotator,Experimental situation,2021-11-29 01:50:02,2021-11-29 02:25:00
2021-11-29 22:29:36,2021-11-29 22:30:33,Free_Living,annotator,Experimental situation,2021-11-29 02:25:13,2021-11-29 02:26:10
2021-11-29 22:30:38,2021-11-29 22:30:48,Free_Living,annotator,Experimental situation,2021-11-29 02:26:15,2021-11-29 02:26:25
2021-11-29 22:30:58,2021-11-29 22:37:04,Free_Living,annotator,Experimental situation,2021-11-29 02:26:35,2021-11-29 02:32:41
2021-11-29 22:37:41,2021-11-29 22:39:38,Free_Living,annotator,Experimental situation,2021-11-29 02:33:18,2021-11-29 02:35:15
2021-11-29 22:39:50,2021-11-29 22:40:17,Free_Living,annotator,Experimental situation,2021-11-29 02:35:27,2021-11-29 02:35:54
2021-11-29 22:40:37,2021-11-29 22:41:16,Free_Living,annotator,Experimental situation,2021-11-29 02:36:14,2021-11-29 02:36:53
2021-11-29 22:41:26,2021-11-29 22:42:00,Free_Living,annotator,Experimental situation,2021-11-29 02:37:03,2021-11-29 02:37:37
2021-11-29 22:42:06,2021-11-29 22:42:47,Free_Living,annotator,Experimental situation,2021-11-29 02:37:43,2021-11-29 02:38:24
2021-11-29 22:42:50,2021-11-29 22:43:21,Free_Living,annotator,Experimental situation,2021-11-29 02:38:27,2021-11-29 02:38:58
2021-11-29 22:43:24,2021-11-29 22:43:39,Free_Living,annotator,Experimental situation,2021-11-29 02:39:01,2021-11-29 02:39:16
2021-11-29 22:43:43,2021-11-29 22:44:04,Free_Living,annotator,Experimental situation,2021-11-29 02:39:20,2021-11-29 02:39:41
2021-11-29 22:44:22,2021-11-29 22:44:49,Free_Living,annotator,Experimental situation,2021-11-29 02:39:59,2021-11-29 02:40:26
2021-11-29 22:44:51,2021-11-29 22:45:05,Free_Living,annotator,Experimental situation,2021-11-29 02:40:28,2021-11-29 02:40:42
2021-11-29 22:45:08,2021-11-29 22:45:25,Free_Living,annotator,Experimental situation,2021-11-29 02:40:45,2021-11-29 02:41:02
2021-11-29 22:45:32,2021-11-29 22:45:36,Free_Living,annotator,Experimental situation,2021-11-29 02:41:09,2021-11-29 02:41:13
2021-11-29 22:45:40,2021-11-29 22:46:08,Free_Living,annotator,Experimental situation,2021-11-29 02:41:17,2021-11-29 02:41:45
2021-11-29 22:46:16,2021-11-29 22:46:47,Free_Living,annotator,Experimental situation,2021-11-29 02:41:53,2021-11-29 02:42:24
2021-11-29 22:46:49,2021-11-29 22:47:55,Free_Living,annotator,Experimental situation,2021-11-29 02:42:26,2021-11-29 02:43:32
2021-11-29 22:47:57,2021-11-29 22:48:22,Free_Living,annotator,Experimental situation,2021-11-29 02:43:34,2021-11-29 02:43:59
2021-11-29 22:48:24,2021-11-29 22:51:03,Free_Living,annotator,Experimental situation,2021-11-29 02:44:01,2021-11-29 02:46:40
2021-11-29 22:51:17,2021-11-29 22:52:57,Free_Living,annotator,Experimental situation,2021-11-29 02:46:54,2021-11-29 02:48:34
2021-11-29 22:52:59,2021-11-29 22:53:12,Free_Living,annotator,Experimental situation,2021-11-29 02:48:36,2021-11-29 02:48:49
2021-11-29 22:53:13,2021-11-29 22:53:36,Free_Living,annotator,Experimental situation,2021-11-29 02:48:50,2021-11-29 02:49:13
2021-11-29 22:53:42,2021-11-29 23:03:56,Free_Living,annotator,Experimental situation,2021-11-29 02:49:19,2021-11-29 02:59:33
2021-11-29 23:04:08,2021-11-29 23:06:11,Free_Living,annotator,Experimental situation,2021-11-29 02:59:45,2021-11-29 03:01:48
2021-11-29 23:06:15,2021-11-29 23:06:54,Free_Living,annotator,Experimental situation,2021-11-29 03:01:52,2021-11-29 03:02:31
2021-11-29 23:07:03,2021-11-29 23:07:28,Free_Living,annotator,Experimental situation,2021-11-29 03:02:40,2021-11-29 03:03:05
2021-11-29 23:07:30,2021-11-29 23:09:12,Free_Living,annotator,Experimental situation,2021-11-29 03:03:07,2021-11-29 03:04:49
2021-11-29 23:09:16,2021-11-29 23:10:04,Free_Living,annotator,Experimental situation,2021-11-29 03:04:53,2021-11-29 03:05:41
2021-11-29 23:10:05,2021-11-29 23:10:54,Free_Living,annotator,Experimental situation,2021-11-29 03:05:42,2021-11-29 03:06:31
2021-11-29 23:10:59,2021-11-29 23:11:17,Free_Living,annotator,Experimental situation,2021-11-29 03:06:36,2021-11-29 03:06:54
2021-11-29 23:11:18,2021-11-29 23:11:32,Free_Living,annotator,Experimental situation,2021-11-29 03:06:55,2021-11-29 03:07:09
2021-11-29 23:11:49,2021-11-29 23:12:49,Free_Living,annotator,Experimental situation,2021-11-29 03:07:26,2021-11-29 03:08:26
2021-11-29 23:12:53,2021-11-30 00:01:01,Free_Living,annotator,Experimental situation,2021-11-29 03:08:30,2021-11-29 03:56:38
2021-11-30 00:01:03,2021-11-30 00:01:06,Free_Living,annotator,Experimental situation,2021-11-29 03:56:40,2021-11-29 03:56:43
2021-11-30 00:01:06,2021-11-30 00:01:09,Free_Living,annotator,Experimental situation,2021-11-29 03:56:43,2021-11-29 03:56:46
2021-11-30 00:01:14,2021-11-30 00:01:33,Free_Living,annotator,Experimental situation,2021-11-29 03:56:51,2021-11-29 03:57:10
2021-11-30 00:01:34,2021-11-30 00:01:54,Free_Living,annotator,Experimental situation,2021-11-29 03:57:11,2021-11-29 03:57:31
2021-11-30 00:01:55,2021-11-30 00:02:01,Free_Living,annotator,Experimental situation,2021-11-29 03:57:32,2021-11-29 03:57:38
2021-11-30 00:02:06,2021-11-30 00:02:32,Free_Living,annotator,Experimental situation,2021-11-29 03:57:43,2021-11-29 03:58:09
2021-11-30 00:02:33,2021-11-30 00:02:37,Free_Living,annotator,Experimental situation,2021-11-29 03:58:10,2021-11-29 03:58:14
2021-11-30 00:02:37,2021-11-30 00:02:49,Free_Living,annotator,Experimental situation,2021-11-29 03:58:14,2021-11-29 03:58:26
2021-11-30 00:02:50,2021-11-30 00:03:08,Free_Living,annotator,Experimental situation,2021-11-29 03:58:27,2021-11-29 03:58:45
2021-11-30 00:03:10,2021-11-30 00:03:25,Free_Living,annotator,Experimental situation,2021-11-29 03:58:47,2021-11-29 03:59:02
2021-11-30 00:03:27,2021-11-30 00:04:47,Free_Living,annotator,Experimental situation,2021-11-29 03:59:04,2021-11-29 04:00:24
2021-11-30 00:04:49,2021-11-30 00:04:57,Free_Living,annotator,Experimental situation,2021-11-29 04:00:26,2021-11-29 04:00:34
2021-11-30 00:04:58,2021-11-30 00:05:08,Free_Living,annotator,Experimental situation,2021-11-29 04:00:35,2021-11-29 04:00:45
2021-11-30 00:05:09,2021-11-30 00:06:06,Free_Living,annotator,Experimental situation,2021-11-29 04:00:46,2021-11-29 04:01:43
2021-11-30 00:06:08,2021-11-30 00:06:42,Free_Living,annotator,Experimental situation,2021-11-29 04:01:45,2021-11-29 04:02:19
2021-11-30 00:06:46,2021-11-30 00:07:30,Free_Living,annotator,Experimental situation,2021-11-29 04:02:23,2021-11-29 04:03:07
2021-11-30 00:07:41,2021-11-30 00:08:07,Free_Living,annotator,Experimental situation,2021-11-29 04:03:18,2021-11-29 04:03:44
2021-11-30 00:08:07,2021-11-30 00:09:12,Free_Living,annotator,Experimental situation,2021-11-29 04:03:44,2021-11-29 04:04:49
2021-11-30 00:09:13,2021-11-30 00:09:59,Free_Living,annotator,Experimental situation,2021-11-29 04:04:50,2021-11-29 04:05:36
2021-11-30 00:10:01,2021-11-30 00:10:18,Free_Living,annotator,Experimental situation,2021-11-29 04:05:38,2021-11-29 04:05:55
2021-11-30 00:10:29,2021-11-30 00:11:13,Free_Living,annotator,Experimental situation,2021-11-29 04:06:06,2021-11-29 04:06:50
2021-11-30 00:11:16,2021-11-30 00:11:25,Free_Living,annotator,Experimental situation,2021-11-29 04:06:53,2021-11-29 04:07:02
2021-11-30 00:11:27,2021-11-30 00:13:04,Free_Living,annotator,Experimental situation,2021-11-29 04:07:04,2021-11-29 04:08:41
2021-11-30 00:13:06,2021-11-30 00:13:46,Free_Living,annotator,Experimental situation,2021-11-29 04:08:43,2021-11-29 04:09:23
2021-11-30 00:13:47,2021-11-30 00:14:01,Free_Living,annotator,Experimental situation,2021-11-29 04:09:24,2021-11-29 04:09:38
2021-11-30 00:14:02,2021-11-30 00:14:33,Free_Living,annotator,Experimental situation,2021-11-29 04:09:39,2021-11-29 04:10:10
2021-11-30 00:14:38,2021-11-30 00:14:44,Free_Living,annotator,Experimental situation,2021-11-29 04:10:15,2021-11-29 04:10:21
2021-11-30 00:14:46,2021-11-30 00:15:00,Free_Living,annotator,Experimental situation,2021-11-29 04:10:23,2021-11-29 04:10:37
2021-11-30 00:15:01,2021-11-30 00:15:55,Free_Living,annotator,Experimental situation,2021-11-29 04:10:38,2021-11-29 04:11:32
2021-11-30 00:15:56,2021-11-30 00:16:05,Free_Living,annotator,Experimental situation,2021-11-29 04:11:33,2021-11-29 04:11:42
2021-11-30 00:16:08,2021-11-30 00:16:20,Free_Living,annotator,Experimental situation,2021-11-29 04:11:45,2021-11-29 04:11:57
2021-11-30 00:16:21,2021-11-30 00:16:37,Free_Living,annotator,Experimental situation,2021-11-29 04:11:58,2021-11-29 04:12:14
2021-11-30 00:16:38,2021-11-30 00:17:24,Free_Living,annotator,Experimental situation,2021-11-29 04:12:15,2021-11-29 04:13:01
2021-11-30 00:17:25,2021-11-30 00:17:34,Free_Living,annotator,Experimental situation,2021-11-29 04:13:02,2021-11-29 04:13:11
2021-11-30 00:17:34,2021-11-30 00:17:37,Free_Living,annotator,Experimental situation,2021-11-29 04:13:11,2021-11-29 04:13:14
2021-11-30 00:17:38,2021-11-30 00:17:45,Free_Living,annotator,Experimental situation,2021-11-29 04:13:15,2021-11-29 04:13:22
2021-11-30 00:17:46,2021-11-30 00:19:04,Free_Living,annotator,Experimental situation,2021-11-29 04:13:23,2021-11-29 04:14:41
2021-11-30 00:19:05,2021-11-30 00:19:23,Free_Living,annotator,Experimental situation,2021-11-29 04:14:42,2021-11-29 04:15:00
2021-11-30 00:19:24,2021-11-30 00:20:01,Free_Living,annotator,Experimental situation,2021-11-29 04:15:01,2021-11-29 04:15:38
2021-11-30 00:20:04,2021-11-30 00:24:07,Free_Living,annotator,Experimental situation,2021-11-29 04:15:41,2021-11-29 04:19:44
2021-11-30 00:24:09,2021-11-30 00:24:24,Free_Living,annotator,Experimental situation,2021-11-29 04:19:46,2021-11-29 04:20:01
2021-11-30 00:24:27,2021-11-30 00:24:38,Free_Living,annotator,Experimental situation,2021-11-29 04:20:04,2021-11-29 04:20:15
2021-11-30 00:24:39,2021-11-30 00:25:19,Free_Living,annotator,Experimental situation,2021-11-29 04:20:16,2021-11-29 04:20:56
2021-11-30 00:25:24,2021-11-30 00:27:22,Free_Living,annotator,Experimental situation,2021-11-29 04:21:01,2021-11-29 04:22:59
2021-11-30 00:27:24,2021-11-30 00:28:31,Free_Living,annotator,Experimental situation,2021-11-29 04:23:01,2021-11-29 04:24:08
2021-11-30 00:28:33,2021-11-30 00:29:54,Free_Living,annotator,Experimental situation,2021-11-29 04:24:10,2021-11-29 04:25:31
