START_TIME,STOP_TIME,PREDICTION,SOURCE,LABELSET,VIDEO_START_TIME,VIDEO_END_TIME
2022-05-23 09:09:03,2022-05-23 09:09:32,Located_Indoors,annotator,Behavioral Parameters,2022-05-23 00:00:03,2022-05-23 00:00:32
2022-05-23 09:09:56,2022-05-23 09:10:53,Located_Indoors,annotator,Behavioral Parameters,2022-05-23 00:00:56,2022-05-23 00:01:53
2022-05-23 09:10:53,2022-05-23 09:11:28,Located_Indoors,annotator,Behavioral Parameters,2022-05-23 00:01:53,2022-05-23 00:02:28
2022-05-23 09:11:41,2022-05-23 09:11:59,Located_Indoors, Texting/Browsing_Phone,annotator,Behavioral Parameters,2022-05-23 00:02:41,2022-05-23 00:02:59
2022-05-23 09:11:59,2022-05-23 09:12:13,Located_Indoors,annotator,Behavioral Parameters,2022-05-23 00:02:59,2022-05-23 00:03:13
2022-05-23 09:12:24,2022-05-23 09:13:08,Located_Indoors,annotator,Behavioral Parameters,2022-05-23 00:03:24,2022-05-23 00:04:08
2022-05-23 09:13:12,2022-05-23 09:14:31,Located_Indoors,annotator,Behavioral Parameters,2022-05-23 00:04:12,2022-05-23 00:05:31
2022-05-23 09:14:31,2022-05-23 09:15:15,Located_Indoors, Browsing_Computer,annotator,Behavioral Parameters,2022-05-23 00:05:31,2022-05-23 00:06:15
2022-05-23 09:15:15,2022-05-23 09:17:30,Located_Indoors,annotator,Behavioral Parameters,2022-05-23 00:06:15,2022-05-23 00:08:30
2022-05-23 09:17:30,2022-05-23 09:20:01,Located_Indoors,annotator,Behavioral Parameters,2022-05-23 00:08:30,2022-05-23 00:11:01
2022-05-23 09:20:35,2022-05-23 09:21:40,Located_Indoors, Texting/Browsing_Phone,annotator,Behavioral Parameters,2022-05-23 00:11:35,2022-05-23 00:12:40
2022-05-23 09:21:40,2022-05-23 09:22:16,Located_Indoors,annotator,Behavioral Parameters,2022-05-23 00:12:40,2022-05-23 00:13:16
2022-05-23 09:22:16,2022-05-23 09:24:18,Located_Indoors, Handwriting, Browsing_Computer,annotator,Behavioral Parameters,2022-05-23 00:13:16,2022-05-23 00:15:18
2022-05-23 09:24:24,2022-05-23 09:31:16,Located_Indoors, Texting/Browsing_Phone,annotator,Behavioral Parameters,2022-05-23 00:15:24,2022-05-23 00:22:16
2022-05-23 09:31:31,2022-05-23 09:33:52,Located_Indoors,annotator,Behavioral Parameters,2022-05-23 00:22:31,2022-05-23 00:24:52
2022-05-23 09:33:52,2022-05-23 09:37:47,Located_Indoors, Texting/Browsing_Phone,annotator,Behavioral Parameters,2022-05-23 00:24:52,2022-05-23 00:28:47
2022-05-23 09:37:53,2022-05-23 09:39:19,Located_Indoors,annotator,Behavioral Parameters,2022-05-23 00:28:53,2022-05-23 00:30:19
2022-05-23 09:39:22,2022-05-23 09:40:03,Located_Indoors,annotator,Behavioral Parameters,2022-05-23 00:30:22,2022-05-23 00:31:03
2022-05-23 09:40:10,2022-05-23 09:40:28,Located_Indoors,annotator,Behavioral Parameters,2022-05-23 00:31:10,2022-05-23 00:31:28
2022-05-23 09:40:35,2022-05-23 09:41:36,Located_Indoors,annotator,Behavioral Parameters,2022-05-23 00:31:35,2022-05-23 00:32:36
2022-05-23 09:41:36,2022-05-23 09:42:12,Located_Indoors,annotator,Behavioral Parameters,2022-05-23 00:32:36,2022-05-23 00:33:12
2022-05-23 09:42:12,2022-05-23 09:42:35,Located_Indoors,annotator,Behavioral Parameters,2022-05-23 00:33:12,2022-05-23 00:33:35
2022-05-23 09:42:36,2022-05-23 09:43:41,Located_Indoors, Carrying_Bag_On_Shoulder/Back_Light, Texting/Browsing_Phone,annotator,Behavioral Parameters,2022-05-23 00:33:36,2022-05-23 00:34:41
2022-05-23 09:43:41,2022-05-23 09:43:53,Located_Indoors, Carrying_Bag_On_Shoulder/Back_Light,annotator,Behavioral Parameters,2022-05-23 00:34:41,2022-05-23 00:34:53
2022-05-23 09:44:02,2022-05-23 09:44:24,Located_Indoors, Carrying_Bag_On_Shoulder/Back_Light,annotator,Behavioral Parameters,2022-05-23 00:35:02,2022-05-23 00:35:24
2022-05-23 09:44:24,2022-05-23 09:44:50,Located_Indoors, Carrying_Bag_On_Shoulder/Back_Light,annotator,Behavioral Parameters,2022-05-23 00:35:24,2022-05-23 00:35:50
2022-05-23 09:44:50,2022-05-23 09:47:38,Carrying_Bag_On_Shoulder/Back_Light, Located_Outdoors,annotator,Behavioral Parameters,2022-05-23 00:35:50,2022-05-23 00:38:38
2022-05-23 09:47:38,2022-05-23 09:47:58,Carrying_Bag_On_Shoulder/Back_Light, Located_Indoors,annotator,Behavioral Parameters,2022-05-23 00:38:38,2022-05-23 00:38:58
2022-05-23 09:47:58,2022-05-23 09:48:33,Carrying_Bag_On_Shoulder/Back_Light, Located_Indoors,annotator,Behavioral Parameters,2022-05-23 00:38:58,2022-05-23 00:39:33
2022-05-23 09:48:33,2022-05-23 09:48:58,Carrying_Bag_On_Shoulder/Back_Light, Located_Indoors,annotator,Behavioral Parameters,2022-05-23 00:39:33,2022-05-23 00:39:58
2022-05-23 09:49:03,2022-05-23 09:49:42,Located_Indoors,annotator,Behavioral Parameters,2022-05-23 00:40:03,2022-05-23 00:40:42
2022-05-23 09:49:42,2022-05-23 09:50:20,Located_Indoors, Legs_Uncrossed,annotator,Behavioral Parameters,2022-05-23 00:40:42,2022-05-23 00:41:20
2022-05-23 09:50:20,2022-05-23 09:51:01,Located_Indoors, Legs_Uncrossed,annotator,Behavioral Parameters,2022-05-23 00:41:20,2022-05-23 00:42:01
2022-05-23 09:51:01,2022-05-23 09:52:17,Located_Indoors,annotator,Behavioral Parameters,2022-05-23 00:42:01,2022-05-23 00:43:17
2022-05-23 09:52:17,2022-05-23 09:53:03,Located_Indoors, Texting/Browsing_Phone, Legs_Uncrossed,annotator,Behavioral Parameters,2022-05-23 00:43:17,2022-05-23 00:44:03
2022-05-23 09:53:03,2022-05-23 09:54:03,Located_Indoors, Legs_Uncrossed,annotator,Behavioral Parameters,2022-05-23 00:44:03,2022-05-23 00:45:03
2022-05-23 09:54:03,2022-05-23 09:54:13,Located_Indoors, Legs_Uncrossed, Texting/Browsing_Phone,annotator,Behavioral Parameters,2022-05-23 00:45:03,2022-05-23 00:45:13
2022-05-23 09:54:13,2022-05-23 09:56:15,Located_Indoors, Legs_Uncrossed,annotator,Behavioral Parameters,2022-05-23 00:45:13,2022-05-23 00:47:15
2022-05-23 09:56:15,2022-05-23 09:58:02,Located_Indoors, Legs_Uncrossed, Handwriting,annotator,Behavioral Parameters,2022-05-23 00:47:15,2022-05-23 00:49:02
2022-05-23 09:58:02,2022-05-23 09:58:40,Located_Indoors, Legs_Uncrossed, Texting/Browsing_Phone,annotator,Behavioral Parameters,2022-05-23 00:49:02,2022-05-23 00:49:40
2022-05-23 09:58:45,2022-05-23 10:00:04,Located_Indoors, Legs_Uncrossed,annotator,Behavioral Parameters,2022-05-23 00:49:45,2022-05-23 00:51:04
2022-05-23 10:00:04,2022-05-23 10:00:21,Located_Indoors, Legs_Uncrossed, Texting/Browsing_Phone,annotator,Behavioral Parameters,2022-05-23 00:51:04,2022-05-23 00:51:21
2022-05-23 10:00:24,2022-05-23 10:00:54,Located_Indoors, Legs_Uncrossed, Handwriting,annotator,Behavioral Parameters,2022-05-23 00:51:24,2022-05-23 00:51:54
