START_TIME,STOP_TIME,PREDICTION,SOURCE,LABELSET,VIDEO_START_TIME,VIDEO_END_TIME
2022-06-14 10:43:58,2022-06-14 10:44:07,HLB_Unlabeled,annotator,HIGH LEVEL BEHAVIOR,2022-06-14 00:00:00,2022-06-14 00:00:09
2022-06-14 10:44:07,2022-06-14 10:44:28,HLB_Unlabeled,annotator,HIGH LEVEL BEHAVIOR,2022-06-14 00:00:09,2022-06-14 00:00:30
2022-06-14 10:44:28,2022-06-14 10:44:52,HLB_Unlabeled,annotator,HIGH LEVEL BEHAVIOR,2022-06-14 00:00:30,2022-06-14 00:00:54
2022-06-14 10:44:52,2022-06-14 10:45:20,HLB_Unlabeled,annotator,HIGH LEVEL BEHAVIOR,2022-06-14 00:00:54,2022-06-14 00:01:22
2022-06-14 10:45:20,2022-06-14 10:46:01,HLB_Unlabeled,annotator,HIGH LEVEL BEHAVIOR,2022-06-14 00:01:22,2022-06-14 00:02:03
2022-06-14 10:46:01,2022-06-14 10:46:32,HLB_Unlabeled,annotator,HIGH LEVEL BEHAVIOR,2022-06-14 00:02:03,2022-06-14 00:02:34
2022-06-14 10:46:32,2022-06-14 10:47:34,HLB_Unlabeled,annotator,HIGH LEVEL BEHAVIOR,2022-06-14 00:02:34,2022-06-14 00:03:36
2022-06-14 10:47:34,2022-06-14 11:08:21,Doing_Dishes,annotator,HIGH LEVEL BEHAVIOR,2022-06-14 00:03:36,2022-06-14 00:24:23
2022-06-14 11:08:21,2022-06-14 11:15:15,Cooking/Prepping_Food,annotator,HIGH LEVEL BEHAVIOR,2022-06-14 00:24:23,2022-06-14 00:31:17
2022-06-14 11:15:15,2022-06-14 11:16:08,Eating/Dining,annotator,HIGH LEVEL BEHAVIOR,2022-06-14 00:31:17,2022-06-14 00:32:10
2022-06-14 11:16:08,2022-06-14 11:16:19,HLB_Unlabeled,annotator,HIGH LEVEL BEHAVIOR,2022-06-14 00:32:10,2022-06-14 00:32:21
2022-06-14 11:16:19,2022-06-14 11:17:14,HLB_Unlabeled,annotator,HIGH LEVEL BEHAVIOR,2022-06-14 00:32:21,2022-06-14 00:33:16
2022-06-14 11:17:14,2022-06-14 11:17:21,HLB_Unlabeled,annotator,HIGH LEVEL BEHAVIOR,2022-06-14 00:33:16,2022-06-14 00:33:23
2022-06-14 11:17:21,2022-06-14 11:17:37,Eating/Dining,annotator,HIGH LEVEL BEHAVIOR,2022-06-14 00:33:23,2022-06-14 00:33:39
2022-06-14 11:17:37,2022-06-14 11:17:45,HLB_Unlabeled,annotator,HIGH LEVEL BEHAVIOR,2022-06-14 00:33:39,2022-06-14 00:33:47
2022-06-14 11:17:45,2022-06-14 11:18:44,HLB_Unlabeled,annotator,HIGH LEVEL BEHAVIOR,2022-06-14 00:33:47,2022-06-14 00:34:46
2022-06-14 11:18:44,2022-06-14 11:19:06,HLB_Unlabeled,annotator,HIGH LEVEL BEHAVIOR,2022-06-14 00:34:46,2022-06-14 00:35:08
2022-06-14 11:19:06,2022-06-14 11:19:25,Eating/Dining,annotator,HIGH LEVEL BEHAVIOR,2022-06-14 00:35:08,2022-06-14 00:35:27
2022-06-14 11:19:25,2022-06-14 11:21:08,HLB_Unlabeled,annotator,HIGH LEVEL BEHAVIOR,2022-06-14 00:35:27,2022-06-14 00:37:10
2022-06-14 11:21:08,2022-06-14 11:23:33,In_Bathroom,annotator,HIGH LEVEL BEHAVIOR,2022-06-14 00:37:10,2022-06-14 00:39:35
2022-06-14 11:23:33,2022-06-14 11:24:55,HLB_Unlabeled,annotator,HIGH LEVEL BEHAVIOR,2022-06-14 00:39:35,2022-06-14 00:40:57
2022-06-14 11:24:55,2022-06-14 11:25:35,In_Transit_Active,annotator,HIGH LEVEL BEHAVIOR,2022-06-14 00:40:57,2022-06-14 00:41:37
2022-06-14 11:25:35,2022-06-14 11:26:03,In_Transit_Active, Riding_Elevator_Down,annotator,HIGH LEVEL BEHAVIOR,2022-06-14 00:41:37,2022-06-14 00:42:05
2022-06-14 11:26:03,2022-06-14 11:26:25,In_Transit_Active, Riding_Elevator_Down,annotator,HIGH LEVEL BEHAVIOR,2022-06-14 00:42:05,2022-06-14 00:42:27
2022-06-14 11:26:25,2022-06-14 11:26:40,In_Transit_Active,annotator,HIGH LEVEL BEHAVIOR,2022-06-14 00:42:27,2022-06-14 00:42:42
2022-06-14 11:26:40,2022-06-14 11:28:36,In_Transit_Active,annotator,HIGH LEVEL BEHAVIOR,2022-06-14 00:42:42,2022-06-14 00:44:38
2022-06-14 11:28:36,2022-06-14 11:28:55,In_Transit_Active,annotator,HIGH LEVEL BEHAVIOR,2022-06-14 00:44:38,2022-06-14 00:44:57
2022-06-14 11:28:55,2022-06-14 11:29:33,In_Transit_Active,annotator,HIGH LEVEL BEHAVIOR,2022-06-14 00:44:57,2022-06-14 00:45:35
2022-06-14 11:29:33,2022-06-14 11:30:07,In_Transit_Active,annotator,HIGH LEVEL BEHAVIOR,2022-06-14 00:45:35,2022-06-14 00:46:09
2022-06-14 11:30:07,2022-06-14 11:30:28,HLB_Unlabeled,annotator,HIGH LEVEL BEHAVIOR,2022-06-14 00:46:09,2022-06-14 00:46:30
2022-06-14 11:30:28,2022-06-14 11:30:50,HLB_Unlabeled,annotator,HIGH LEVEL BEHAVIOR,2022-06-14 00:46:30,2022-06-14 00:46:52
2022-06-14 11:30:50,2022-06-14 11:36:50,HLB_Unlabeled,annotator,HIGH LEVEL BEHAVIOR,2022-06-14 00:46:52,2022-06-14 00:52:52
2022-06-14 11:36:50,2022-06-14 11:37:17,HLB_Unlabeled,annotator,HIGH LEVEL BEHAVIOR,2022-06-14 00:52:52,2022-06-14 00:53:19
2022-06-14 11:37:17,2022-06-14 11:37:31,HLB_Unlabeled,annotator,HIGH LEVEL BEHAVIOR,2022-06-14 00:53:19,2022-06-14 00:53:33
2022-06-14 11:37:31,2022-06-14 11:38:17,HLB_Unlabeled,annotator,HIGH LEVEL BEHAVIOR,2022-06-14 00:53:33,2022-06-14 00:54:19
2022-06-14 11:38:17,2022-06-14 11:39:28,Exercising_Gym_Other,annotator,HIGH LEVEL BEHAVIOR,2022-06-14 00:54:19,2022-06-14 00:55:30
2022-06-14 11:39:28,2022-06-14 11:41:09,Exercising_Gym_Other,annotator,HIGH LEVEL BEHAVIOR,2022-06-14 00:55:30,2022-06-14 00:57:11
2022-06-14 11:41:09,2022-06-14 11:43:58,HLB_Indecipherable/Video_Insufficient,annotator,HIGH LEVEL BEHAVIOR,2022-06-14 00:57:11,2022-06-14 01:00:00
2022-06-14 11:43:58,2022-06-14 11:44:08,Exercising_Gym_Other,annotator,HIGH LEVEL BEHAVIOR,2022-06-14 01:00:00,2022-06-14 01:00:10
2022-06-14 11:44:08,2022-06-14 11:57:57,Exercising_Gym_Other,annotator,HIGH LEVEL BEHAVIOR,2022-06-14 01:00:10,2022-06-14 01:13:59
2022-06-14 11:57:57,2022-06-14 12:10:21,Exercising_Gym_Other,annotator,HIGH LEVEL BEHAVIOR,2022-06-14 01:13:59,2022-06-14 01:26:23
2022-06-14 12:10:21,2022-06-14 12:15:25,Exercising_Gym_Other,annotator,HIGH LEVEL BEHAVIOR,2022-06-14 01:26:23,2022-06-14 01:31:27
2022-06-14 12:15:25,2022-06-14 12:17:31,Exercising_Gym_Other,annotator,HIGH LEVEL BEHAVIOR,2022-06-14 01:31:27,2022-06-14 01:33:33
2022-06-14 12:17:31,2022-06-14 12:21:00,Exercising_Gym_Other,annotator,HIGH LEVEL BEHAVIOR,2022-06-14 01:33:33,2022-06-14 01:37:02
2022-06-14 12:21:00,2022-06-14 12:21:34,Exercising_Gym_Other,annotator,HIGH LEVEL BEHAVIOR,2022-06-14 01:37:02,2022-06-14 01:37:36
2022-06-14 12:21:34,2022-06-14 12:23:51,Exercising_Gym_Other,annotator,HIGH LEVEL BEHAVIOR,2022-06-14 01:37:36,2022-06-14 01:39:53
2022-06-14 12:23:51,2022-06-14 12:24:11,Exercising_Gym_Other,annotator,HIGH LEVEL BEHAVIOR,2022-06-14 01:39:53,2022-06-14 01:40:13
2022-06-14 12:24:11,2022-06-14 12:34:59,Exercising_Gym_Other,annotator,HIGH LEVEL BEHAVIOR,2022-06-14 01:40:13,2022-06-14 01:51:01
2022-06-14 12:34:59,2022-06-14 12:35:56,Exercising_Gym_Other,annotator,HIGH LEVEL BEHAVIOR,2022-06-14 01:51:01,2022-06-14 01:51:58
2022-06-14 12:35:56,2022-06-14 12:51:00,Exercising_Gym_Other,annotator,HIGH LEVEL BEHAVIOR,2022-06-14 01:51:58,2022-06-14 02:07:02
2022-06-14 12:51:00,2022-06-14 12:51:27,Exercising_Gym_Other,annotator,HIGH LEVEL BEHAVIOR,2022-06-14 02:07:02,2022-06-14 02:07:29
2022-06-14 12:51:27,2022-06-14 12:51:33,HLB_Unlabeled,annotator,HIGH LEVEL BEHAVIOR,2022-06-14 02:07:29,2022-06-14 02:07:35
2022-06-14 12:51:33,2022-06-14 12:51:51,HLB_Unlabeled,annotator,HIGH LEVEL BEHAVIOR,2022-06-14 02:07:35,2022-06-14 02:07:53
2022-06-14 12:51:51,2022-06-14 12:52:21,HLB_Unlabeled,annotator,HIGH LEVEL BEHAVIOR,2022-06-14 02:07:53,2022-06-14 02:08:23
2022-06-14 12:52:21,2022-06-14 12:52:47,HLB_Unlabeled,annotator,HIGH LEVEL BEHAVIOR,2022-06-14 02:08:23,2022-06-14 02:08:49
2022-06-14 12:52:47,2022-06-14 12:53:05,HLB_Unlabeled,annotator,HIGH LEVEL BEHAVIOR,2022-06-14 02:08:49,2022-06-14 02:09:07
2022-06-14 12:53:05,2022-06-14 12:53:34,HLB_Unlabeled,annotator,HIGH LEVEL BEHAVIOR,2022-06-14 02:09:07,2022-06-14 02:09:36
2022-06-14 12:53:34,2022-06-14 12:53:45,HLB_Unlabeled,annotator,HIGH LEVEL BEHAVIOR,2022-06-14 02:09:36,2022-06-14 02:09:47
2022-06-14 12:53:45,2022-06-14 12:54:55,HLB_Unlabeled,annotator,HIGH LEVEL BEHAVIOR,2022-06-14 02:09:47,2022-06-14 02:10:57
2022-06-14 12:54:55,2022-06-14 12:57:08,In_Transit_Active,annotator,HIGH LEVEL BEHAVIOR,2022-06-14 02:10:57,2022-06-14 02:13:10
2022-06-14 12:57:08,2022-06-14 12:57:53,In_Transit_Active,annotator,HIGH LEVEL BEHAVIOR,2022-06-14 02:13:10,2022-06-14 02:13:55
2022-06-14 12:57:53,2022-06-14 12:58:06,In_Transit_Active,annotator,HIGH LEVEL BEHAVIOR,2022-06-14 02:13:55,2022-06-14 02:14:08
2022-06-14 12:58:06,2022-06-14 13:00:12,In_Transit_Active,annotator,HIGH LEVEL BEHAVIOR,2022-06-14 02:14:08,2022-06-14 02:16:14
2022-06-14 13:00:12,2022-06-14 13:00:43,In_Transit_Active,annotator,HIGH LEVEL BEHAVIOR,2022-06-14 02:16:14,2022-06-14 02:16:45
2022-06-14 13:00:43,2022-06-14 13:01:13,In_Transit_Active, Riding_Elevator_Up,annotator,HIGH LEVEL BEHAVIOR,2022-06-14 02:16:45,2022-06-14 02:17:15
2022-06-14 13:01:13,2022-06-14 13:01:33,In_Transit_Active,annotator,HIGH LEVEL BEHAVIOR,2022-06-14 02:17:15,2022-06-14 02:17:35
2022-06-14 13:01:33,2022-06-14 13:05:41,HLB_Unlabeled,annotator,HIGH LEVEL BEHAVIOR,2022-06-14 02:17:35,2022-06-14 02:21:43
2022-06-14 13:05:41,2022-06-14 13:05:57,HLB_Unlabeled,annotator,HIGH LEVEL BEHAVIOR,2022-06-14 02:21:43,2022-06-14 02:21:59
2022-06-14 13:05:57,2022-06-14 13:06:27,In_Bathroom,annotator,HIGH LEVEL BEHAVIOR,2022-06-14 02:21:59,2022-06-14 02:22:29
2022-06-14 13:06:27,2022-06-14 13:07:17,In_Transit_Active,annotator,HIGH LEVEL BEHAVIOR,2022-06-14 02:22:29,2022-06-14 02:23:19
2022-06-14 13:07:17,2022-06-14 13:07:45,In_Transit_Active, Riding_Elevator_Down,annotator,HIGH LEVEL BEHAVIOR,2022-06-14 02:23:19,2022-06-14 02:23:47
2022-06-14 13:07:45,2022-06-14 13:07:57,In_Transit_Active,annotator,HIGH LEVEL BEHAVIOR,2022-06-14 02:23:47,2022-06-14 02:23:59
2022-06-14 13:07:57,2022-06-14 13:08:51,In_Transit_Active,annotator,HIGH LEVEL BEHAVIOR,2022-06-14 02:23:59,2022-06-14 02:24:53
2022-06-14 13:08:51,2022-06-14 13:09:20,In_Transit_Active,annotator,HIGH LEVEL BEHAVIOR,2022-06-14 02:24:53,2022-06-14 02:25:22
2022-06-14 13:09:20,2022-06-14 13:09:40,In_Transit_Active,annotator,HIGH LEVEL BEHAVIOR,2022-06-14 02:25:22,2022-06-14 02:25:42
2022-06-14 13:09:40,2022-06-14 13:09:51,In_Transit_Active,annotator,HIGH LEVEL BEHAVIOR,2022-06-14 02:25:42,2022-06-14 02:25:53
2022-06-14 13:09:51,2022-06-14 13:11:30,In_Transit_Active,annotator,HIGH LEVEL BEHAVIOR,2022-06-14 02:25:53,2022-06-14 02:27:32
2022-06-14 13:11:30,2022-06-14 13:14:54,HLB_Unlabeled,annotator,HIGH LEVEL BEHAVIOR,2022-06-14 02:27:32,2022-06-14 02:30:56
2022-06-14 13:14:54,2022-06-14 13:16:34,In_Transit_Active,annotator,HIGH LEVEL BEHAVIOR,2022-06-14 02:30:56,2022-06-14 02:32:36
2022-06-14 13:16:34,2022-06-14 13:17:18,In_Transit_Active,annotator,HIGH LEVEL BEHAVIOR,2022-06-14 02:32:36,2022-06-14 02:33:20
2022-06-14 13:17:18,2022-06-14 13:24:41,HLB_Indecipherable/Video_Insufficient,annotator,HIGH LEVEL BEHAVIOR,2022-06-14 02:33:20,2022-06-14 02:40:43
2022-06-14 13:24:41,2022-06-14 13:25:21,In_Transit_Active,annotator,HIGH LEVEL BEHAVIOR,2022-06-14 02:40:43,2022-06-14 02:41:23
2022-06-14 13:25:21,2022-06-14 13:29:51,In_Transit_Active,annotator,HIGH LEVEL BEHAVIOR,2022-06-14 02:41:23,2022-06-14 02:45:53
2022-06-14 13:29:51,2022-06-14 13:30:56,In_Transit_Active,annotator,HIGH LEVEL BEHAVIOR,2022-06-14 02:45:53,2022-06-14 02:46:58
2022-06-14 13:30:56,2022-06-14 13:31:22,HLB_Unlabeled,annotator,HIGH LEVEL BEHAVIOR,2022-06-14 02:46:58,2022-06-14 02:47:24
2022-06-14 13:31:22,2022-06-14 13:33:19,HLB_Unlabeled,annotator,HIGH LEVEL BEHAVIOR,2022-06-14 02:47:24,2022-06-14 02:49:21
2022-06-14 13:33:19,2022-06-14 13:33:28,HLB_Unlabeled,annotator,HIGH LEVEL BEHAVIOR,2022-06-14 02:49:21,2022-06-14 02:49:30
2022-06-14 13:33:28,2022-06-14 13:45:57,Eating/Dining,annotator,HIGH LEVEL BEHAVIOR,2022-06-14 02:49:30,2022-06-14 03:01:59
2022-06-14 13:45:57,2022-06-14 13:54:45,HLB_Unlabeled,annotator,HIGH LEVEL BEHAVIOR,2022-06-14 03:01:59,2022-06-14 03:10:47
2022-06-14 13:54:45,2022-06-14 13:54:51,HLB_Unlabeled,annotator,HIGH LEVEL BEHAVIOR,2022-06-14 03:10:47,2022-06-14 03:10:53
2022-06-14 13:54:51,2022-06-14 13:55:33,HLB_Unlabeled,annotator,HIGH LEVEL BEHAVIOR,2022-06-14 03:10:53,2022-06-14 03:11:35
2022-06-14 13:55:33,2022-06-14 13:55:47,HLB_Unlabeled,annotator,HIGH LEVEL BEHAVIOR,2022-06-14 03:11:35,2022-06-14 03:11:49
2022-06-14 13:55:47,2022-06-14 13:56:05,HLB_Unlabeled,annotator,HIGH LEVEL BEHAVIOR,2022-06-14 03:11:49,2022-06-14 03:12:07
2022-06-14 13:56:05,2022-06-14 13:56:29,HLB_Unlabeled,annotator,HIGH LEVEL BEHAVIOR,2022-06-14 03:12:07,2022-06-14 03:12:31
2022-06-14 13:56:29,2022-06-14 13:56:49,HLB_Unlabeled,annotator,HIGH LEVEL BEHAVIOR,2022-06-14 03:12:31,2022-06-14 03:12:51
2022-06-14 13:56:49,2022-06-14 13:57:30,HLB_Unlabeled,annotator,HIGH LEVEL BEHAVIOR,2022-06-14 03:12:51,2022-06-14 03:13:32
2022-06-14 13:57:30,2022-06-14 14:06:18,Eating/Dining,annotator,HIGH LEVEL BEHAVIOR,2022-06-14 03:13:32,2022-06-14 03:22:20
2022-06-14 14:06:18,2022-06-14 14:13:40,Eating/Dining,annotator,HIGH LEVEL BEHAVIOR,2022-06-14 03:22:20,2022-06-14 03:29:42
2022-06-14 14:13:40,2022-06-14 14:15:00,In_Transit_Active,annotator,HIGH LEVEL BEHAVIOR,2022-06-14 03:29:42,2022-06-14 03:31:02
2022-06-14 14:15:00,2022-06-14 14:22:25,In_Transit_Active,annotator,HIGH LEVEL BEHAVIOR,2022-06-14 03:31:02,2022-06-14 03:38:27
2022-06-14 14:22:25,2022-06-14 14:23:18,In_Transit_Active,annotator,HIGH LEVEL BEHAVIOR,2022-06-14 03:38:27,2022-06-14 03:39:20
2022-06-14 14:23:18,2022-06-14 14:24:19,In_Transit_Active,annotator,HIGH LEVEL BEHAVIOR,2022-06-14 03:39:20,2022-06-14 03:40:21
2022-06-14 14:24:19,2022-06-14 14:24:39,In_Transit_Active,annotator,HIGH LEVEL BEHAVIOR,2022-06-14 03:40:21,2022-06-14 03:40:41
2022-06-14 14:24:39,2022-06-14 14:25:12,In_Transit_Active, Riding_Elevator_Up,annotator,HIGH LEVEL BEHAVIOR,2022-06-14 03:40:41,2022-06-14 03:41:14
2022-06-14 14:25:12,2022-06-14 14:25:41,In_Transit_Active,annotator,HIGH LEVEL BEHAVIOR,2022-06-14 03:41:14,2022-06-14 03:41:43
2022-06-14 14:25:41,2022-06-14 14:25:56,HLB_Unlabeled,annotator,HIGH LEVEL BEHAVIOR,2022-06-14 03:41:43,2022-06-14 03:41:58
2022-06-14 14:25:56,2022-06-14 14:46:44,HLB_Indecipherable/Video_Insufficient,annotator,HIGH LEVEL BEHAVIOR,2022-06-14 03:41:58,2022-06-14 04:02:46
2022-06-14 14:46:44,2022-06-14 14:47:28,HLB_Unlabeled,annotator,HIGH LEVEL BEHAVIOR,2022-06-14 04:02:46,2022-06-14 04:03:30
2022-06-14 14:47:28,2022-06-14 14:47:56,HLB_Unlabeled,annotator,HIGH LEVEL BEHAVIOR,2022-06-14 04:03:30,2022-06-14 04:03:58
2022-06-14 14:47:56,2022-06-14 14:48:40,HLB_Unlabeled,annotator,HIGH LEVEL BEHAVIOR,2022-06-14 04:03:58,2022-06-14 04:04:42
2022-06-14 14:48:40,2022-06-14 14:49:24,HLB_Unlabeled,annotator,HIGH LEVEL BEHAVIOR,2022-06-14 04:04:42,2022-06-14 04:05:26
2022-06-14 14:49:24,2022-06-14 14:50:14,In_Transit_Active,annotator,HIGH LEVEL BEHAVIOR,2022-06-14 04:05:26,2022-06-14 04:06:16
2022-06-14 14:50:14,2022-06-14 14:50:44,In_Transit_Active, Riding_Elevator_Down,annotator,HIGH LEVEL BEHAVIOR,2022-06-14 04:06:16,2022-06-14 04:06:46
2022-06-14 14:50:44,2022-06-14 14:50:56,In_Transit_Active,annotator,HIGH LEVEL BEHAVIOR,2022-06-14 04:06:46,2022-06-14 04:06:58
2022-06-14 14:50:56,2022-06-14 14:57:00,In_Transit_Active,annotator,HIGH LEVEL BEHAVIOR,2022-06-14 04:06:58,2022-06-14 04:13:02
2022-06-14 14:57:00,2022-06-14 14:57:42,In_Transit_Active,annotator,HIGH LEVEL BEHAVIOR,2022-06-14 04:13:02,2022-06-14 04:13:44
2022-06-14 14:57:42,2022-06-14 14:58:05,In_Transit_Active, Riding_Elevator_Up,annotator,HIGH LEVEL BEHAVIOR,2022-06-14 04:13:44,2022-06-14 04:14:07
2022-06-14 14:58:05,2022-06-14 14:58:33,In_Transit_Active,annotator,HIGH LEVEL BEHAVIOR,2022-06-14 04:14:07,2022-06-14 04:14:35
2022-06-14 14:58:33,2022-06-14 14:58:58,HLB_Unlabeled,annotator,HIGH LEVEL BEHAVIOR,2022-06-14 04:14:35,2022-06-14 04:15:00
2022-06-14 14:58:58,2022-06-14 15:00:49,HLB_Unlabeled,annotator,HIGH LEVEL BEHAVIOR,2022-06-14 04:15:00,2022-06-14 04:16:51
