START_TIME,STOP_TIME,PREDICTION,SOURCE,LABELSET,VIDEO_START_TIME,VIDEO_END_TIME
2022-03-29 08:51:36,2022-03-29 08:54:03,Located_Indoors,annotator,Behavioral Parameters,2022-03-29 00:00:00,2022-03-29 00:02:27
2022-03-29 08:54:03,2022-03-29 08:55:36,Located_Indoors,annotator,Behavioral Parameters,2022-03-29 00:02:27,2022-03-29 00:04:00
2022-03-29 08:55:36,2022-03-29 08:56:10,Located_Indoors,annotator,Behavioral Parameters,2022-03-29 00:04:00,2022-03-29 00:04:34
2022-03-29 08:56:10,2022-03-29 08:56:37,Located_Indoors,annotator,Behavioral Parameters,2022-03-29 00:04:34,2022-03-29 00:05:01
2022-03-29 08:56:37,2022-03-29 08:57:38,Located_Indoors, Texting/Browsing_Phone,annotator,Behavioral Parameters,2022-03-29 00:05:01,2022-03-29 00:06:02
2022-03-29 08:57:38,2022-03-29 09:00:10,Located_Indoors, Browsing_Computer,annotator,Behavioral Parameters,2022-03-29 00:06:02,2022-03-29 00:08:34
2022-03-29 09:00:10,2022-03-29 09:01:17,Located_Indoors,annotator,Behavioral Parameters,2022-03-29 00:08:34,2022-03-29 00:09:41
2022-03-29 09:01:17,2022-03-29 09:01:39,Located_Indoors, Texting/Browsing_Phone,annotator,Behavioral Parameters,2022-03-29 00:09:41,2022-03-29 00:10:03
2022-03-29 09:01:39,2022-03-29 09:03:32,Located_Indoors,annotator,Behavioral Parameters,2022-03-29 00:10:03,2022-03-29 00:11:56
2022-03-29 09:03:32,2022-03-29 09:04:39,Located_Indoors, Browsing_Computer,annotator,Behavioral Parameters,2022-03-29 00:11:56,2022-03-29 00:13:03
2022-03-29 09:04:39,2022-03-29 09:05:39,Located_Indoors, Texting/Browsing_Phone,annotator,Behavioral Parameters,2022-03-29 00:13:03,2022-03-29 00:14:03
2022-03-29 09:05:39,2022-03-29 09:06:52,Located_Indoors, Browsing_Computer,annotator,Behavioral Parameters,2022-03-29 00:14:03,2022-03-29 00:15:16
2022-03-29 09:06:52,2022-03-29 09:11:58,Located_Indoors,annotator,Behavioral Parameters,2022-03-29 00:15:16,2022-03-29 00:20:22
2022-03-29 09:11:58,2022-03-29 09:13:28,Located_Indoors,annotator,Behavioral Parameters,2022-03-29 00:20:22,2022-03-29 00:21:52
2022-03-29 09:13:28,2022-03-29 09:20:37,Located_Indoors,annotator,Behavioral Parameters,2022-03-29 00:21:52,2022-03-29 00:29:01
2022-03-29 09:20:37,2022-03-29 09:20:51,Located_Indoors, Texting/Browsing_Phone,annotator,Behavioral Parameters,2022-03-29 00:29:01,2022-03-29 00:29:15
2022-03-29 09:20:51,2022-03-29 09:36:59,Located_Indoors,annotator,Behavioral Parameters,2022-03-29 00:29:15,2022-03-29 00:45:23
2022-03-29 09:36:59,2022-03-29 09:38:38,Located_Indoors, Browsing_Computer,annotator,Behavioral Parameters,2022-03-29 00:45:23,2022-03-29 00:47:02
2022-03-29 09:38:38,2022-03-29 09:39:47,Located_Indoors,annotator,Behavioral Parameters,2022-03-29 00:47:02,2022-03-29 00:48:11
2022-03-29 09:39:47,2022-03-29 09:40:04,Located_Indoors,annotator,Behavioral Parameters,2022-03-29 00:48:11,2022-03-29 00:48:28
2022-03-29 09:40:04,2022-03-29 09:45:51,Located_Indoors, Browsing_Computer,annotator,Behavioral Parameters,2022-03-29 00:48:28,2022-03-29 00:54:15
2022-03-29 09:45:51,2022-03-29 09:47:49,Located_Indoors,annotator,Behavioral Parameters,2022-03-29 00:54:15,2022-03-29 00:56:13
2022-03-29 09:47:49,2022-03-29 09:49:04,Located_Indoors,annotator,Behavioral Parameters,2022-03-29 00:56:13,2022-03-29 00:57:28
2022-03-29 09:49:04,2022-03-29 09:55:36,Located_Indoors,annotator,Behavioral Parameters,2022-03-29 00:57:28,2022-03-29 01:04:00
2022-03-29 09:55:36,2022-03-29 10:11:16,Located_Indoors, Browsing_Computer,annotator,Behavioral Parameters,2022-03-29 01:04:00,2022-03-29 01:19:40
2022-03-29 10:11:16,2022-03-29 10:13:46,Located_Indoors, Typing_Computer,annotator,Behavioral Parameters,2022-03-29 01:19:40,2022-03-29 01:22:10
2022-03-29 10:13:46,2022-03-29 10:39:21,Located_Indoors, Browsing_Computer,annotator,Behavioral Parameters,2022-03-29 01:22:10,2022-03-29 01:47:45
2022-03-29 10:39:21,2022-03-29 10:41:11,Located_Indoors,annotator,Behavioral Parameters,2022-03-29 01:47:45,2022-03-29 01:49:35
2022-03-29 10:41:11,2022-03-29 10:42:33,Located_Indoors, Browsing_Computer,annotator,Behavioral Parameters,2022-03-29 01:49:35,2022-03-29 01:50:57
2022-03-29 10:42:33,2022-03-29 10:44:49,Located_Indoors, Typing_Computer,annotator,Behavioral Parameters,2022-03-29 01:50:57,2022-03-29 01:53:13
2022-03-29 10:44:49,2022-03-29 10:48:47,Located_Indoors,annotator,Behavioral Parameters,2022-03-29 01:53:13,2022-03-29 01:57:11
2022-03-29 10:48:47,2022-03-29 10:53:49,Located_Indoors, Browsing_Computer,annotator,Behavioral Parameters,2022-03-29 01:57:11,2022-03-29 02:02:13
2022-03-29 10:53:49,2022-03-29 10:57:45,Located_Indoors, Texting/Browsing_Phone,annotator,Behavioral Parameters,2022-03-29 02:02:13,2022-03-29 02:06:09
2022-03-29 10:57:45,2022-03-29 11:00:10,Located_Indoors, Browsing_Computer,annotator,Behavioral Parameters,2022-03-29 02:06:09,2022-03-29 02:08:34
2022-03-29 11:00:10,2022-03-29 11:03:05,Located_Indoors,annotator,Behavioral Parameters,2022-03-29 02:08:34,2022-03-29 02:11:29
2022-03-29 11:03:05,2022-03-29 11:20:41,Located_Indoors, Browsing_Computer,annotator,Behavioral Parameters,2022-03-29 02:11:29,2022-03-29 02:29:05
2022-03-29 11:20:41,2022-03-29 11:21:59,Located_Indoors, Texting/Browsing_Phone,annotator,Behavioral Parameters,2022-03-29 02:29:05,2022-03-29 02:30:23
2022-03-29 11:21:59,2022-03-29 11:25:20,Located_Indoors, Browsing_Computer,annotator,Behavioral Parameters,2022-03-29 02:30:23,2022-03-29 02:33:44
2022-03-29 11:25:20,2022-03-29 11:26:04,Located_Indoors, Browsing_Computer,annotator,Behavioral Parameters,2022-03-29 02:33:44,2022-03-29 02:34:28
2022-03-29 11:26:04,2022-03-29 11:39:28,Located_Indoors,annotator,Behavioral Parameters,2022-03-29 02:34:28,2022-03-29 02:47:52
2022-03-29 11:39:28,2022-03-29 11:40:01,Located_Indoors,annotator,Behavioral Parameters,2022-03-29 02:47:52,2022-03-29 02:48:25
2022-03-29 11:40:01,2022-03-29 11:40:32,Located_Indoors, Texting/Browsing_Phone,annotator,Behavioral Parameters,2022-03-29 02:48:25,2022-03-29 02:48:56
2022-03-29 11:40:32,2022-03-29 11:58:54,Located_Indoors, Browsing_Computer,annotator,Behavioral Parameters,2022-03-29 02:48:56,2022-03-29 03:07:18
2022-03-29 11:58:54,2022-03-29 12:00:55,Located_Indoors,annotator,Behavioral Parameters,2022-03-29 03:07:18,2022-03-29 03:09:19
2022-03-29 12:00:55,2022-03-29 12:01:59,Located_Indoors, Texting/Browsing_Phone,annotator,Behavioral Parameters,2022-03-29 03:09:19,2022-03-29 03:10:23
2022-03-29 12:01:59,2022-03-29 12:09:04,Located_Indoors, Browsing_Computer,annotator,Behavioral Parameters,2022-03-29 03:10:23,2022-03-29 03:17:28
2022-03-29 12:09:04,2022-03-29 12:10:35,Located_Indoors, Typing_Computer,annotator,Behavioral Parameters,2022-03-29 03:17:28,2022-03-29 03:18:59
2022-03-29 12:10:35,2022-03-29 12:12:25,Located_Indoors, Browsing_Computer,annotator,Behavioral Parameters,2022-03-29 03:18:59,2022-03-29 03:20:49
2022-03-29 12:12:25,2022-03-29 12:13:45,Located_Indoors,annotator,Behavioral Parameters,2022-03-29 03:20:49,2022-03-29 03:22:09
2022-03-29 12:13:45,2022-03-29 12:15:38,Located_Indoors, Texting/Browsing_Phone,annotator,Behavioral Parameters,2022-03-29 03:22:09,2022-03-29 03:24:02
2022-03-29 12:15:38,2022-03-29 12:16:16,Located_Indoors, Typing_Computer,annotator,Behavioral Parameters,2022-03-29 03:24:02,2022-03-29 03:24:40
2022-03-29 12:16:16,2022-03-29 12:18:07,Located_Indoors,annotator,Behavioral Parameters,2022-03-29 03:24:40,2022-03-29 03:26:31
2022-03-29 12:18:07,2022-03-29 12:19:16,Located_Indoors, Browsing_Computer,annotator,Behavioral Parameters,2022-03-29 03:26:31,2022-03-29 03:27:40
2022-03-29 12:19:16,2022-03-29 12:20:24,Located_Indoors, Typing_Computer,annotator,Behavioral Parameters,2022-03-29 03:27:40,2022-03-29 03:28:48
2022-03-29 12:20:24,2022-03-29 12:36:23,Located_Indoors, Browsing_Computer,annotator,Behavioral Parameters,2022-03-29 03:28:48,2022-03-29 03:44:47
2022-03-29 12:36:23,2022-03-29 12:41:18,Located_Indoors, Texting/Browsing_Phone,annotator,Behavioral Parameters,2022-03-29 03:44:47,2022-03-29 03:49:42
2022-03-29 12:41:18,2022-03-29 12:41:56,Located_Indoors,annotator,Behavioral Parameters,2022-03-29 03:49:42,2022-03-29 03:50:20
2022-03-29 12:41:56,2022-03-29 12:42:45,Located_Indoors, Texting/Browsing_Phone,annotator,Behavioral Parameters,2022-03-29 03:50:20,2022-03-29 03:51:09
2022-03-29 12:42:45,2022-03-29 12:56:08,Located_Indoors, Browsing_Computer,annotator,Behavioral Parameters,2022-03-29 03:51:09,2022-03-29 04:04:32
2022-03-29 12:56:08,2022-03-29 12:57:06,Located_Indoors, Typing_Computer,annotator,Behavioral Parameters,2022-03-29 04:04:32,2022-03-29 04:05:30
2022-03-29 12:57:06,2022-03-29 13:18:27,Located_Indoors, Browsing_Computer,annotator,Behavioral Parameters,2022-03-29 04:05:30,2022-03-29 04:26:51
2022-03-29 13:18:32,2022-03-29 13:18:38,Located_Indoors, Browsing_Computer,annotator,Behavioral Parameters,2022-03-29 04:26:56,2022-03-29 04:27:02
2022-03-29 13:19:08,2022-03-29 13:19:11,Located_Indoors,annotator,Behavioral Parameters,2022-03-29 04:27:32,2022-03-29 04:27:35
2022-03-29 13:19:40,2022-03-29 13:19:42,Located_Indoors,annotator,Behavioral Parameters,2022-03-29 04:28:04,2022-03-29 04:28:06
2022-03-29 13:21:24,2022-03-29 13:21:26,Located_Indoors, Holding_Other_Object_Light,annotator,Behavioral Parameters,2022-03-29 04:29:48,2022-03-29 04:29:50
2022-03-29 13:21:52,2022-03-29 13:21:54,Located_Indoors, Holding_Other_Object_Light, Texting/Browsing_Phone,annotator,Behavioral Parameters,2022-03-29 04:30:16,2022-03-29 04:30:18
2022-03-29 13:23:45,2022-03-29 13:23:47,Located_Indoors, Holding_Other_Object_Light,annotator,Behavioral Parameters,2022-03-29 04:32:09,2022-03-29 04:32:11
2022-03-29 13:24:09,2022-03-29 13:24:11,Located_Indoors, Carrying_Bag_On_Shoulder/Back_Light,annotator,Behavioral Parameters,2022-03-29 04:32:33,2022-03-29 04:32:35
2022-03-29 13:24:20,2022-03-29 13:24:21,Located_Indoors, Carrying_Bag_On_Shoulder/Back_Light,annotator,Behavioral Parameters,2022-03-29 04:32:44,2022-03-29 04:32:45
2022-03-29 13:24:37,2022-03-29 13:24:40,Located_Indoors, Carrying_Bag_On_Shoulder/Back_Light, Texting/Browsing_Phone,annotator,Behavioral Parameters,2022-03-29 04:33:01,2022-03-29 04:33:04
2022-03-29 13:25:05,2022-03-29 13:25:07,Located_Indoors, Carrying_Bag_On_Shoulder/Back_Light, Texting/Browsing_Phone,annotator,Behavioral Parameters,2022-03-29 04:33:29,2022-03-29 04:33:31
2022-03-29 13:25:15,2022-03-29 13:25:17,Located_Indoors, Carrying_Bag_On_Shoulder/Back_Light,annotator,Behavioral Parameters,2022-03-29 04:33:39,2022-03-29 04:33:41
2022-03-29 13:25:17,2022-03-29 13:31:40,Carrying_Bag_On_Shoulder/Back_Light, Located_Outdoors,annotator,Behavioral Parameters,2022-03-29 04:33:41,2022-03-29 04:40:04
2022-03-29 13:31:40,2022-03-29 13:41:39,BP_VideoUnavailable/Indecipherable,annotator,Behavioral Parameters,2022-03-29 04:40:04,2022-03-29 04:50:03
2022-03-29 13:41:39,2022-03-29 13:46:30,Located_Indoors,annotator,Behavioral Parameters,2022-03-29 04:50:03,2022-03-29 04:54:54
2022-03-29 13:46:30,2022-03-29 13:46:50,Located_Indoors,annotator,Behavioral Parameters,2022-03-29 04:54:54,2022-03-29 04:55:14
2022-03-29 13:46:50,2022-03-29 13:46:57,Located_Indoors,annotator,Behavioral Parameters,2022-03-29 04:55:14,2022-03-29 04:55:21
2022-03-29 13:46:57,2022-03-29 13:47:44,Located_Indoors, Holding_Other_Object_Light,annotator,Behavioral Parameters,2022-03-29 04:55:21,2022-03-29 04:56:08
2022-03-29 13:47:44,2022-03-29 13:48:42,Located_Indoors,annotator,Behavioral Parameters,2022-03-29 04:56:08,2022-03-29 04:57:06
2022-03-29 13:48:42,2022-03-29 13:49:09,Located_Indoors,annotator,Behavioral Parameters,2022-03-29 04:57:06,2022-03-29 04:57:33
2022-03-29 13:49:09,2022-03-29 13:52:45,Located_Indoors, Holding_Other_Object_Light,annotator,Behavioral Parameters,2022-03-29 04:57:33,2022-03-29 05:01:09
2022-03-29 13:52:45,2022-03-29 14:22:05,Located_Indoors, Holding_Other_Object_Light,annotator,Behavioral Parameters,2022-03-29 05:01:09,2022-03-29 05:30:29
2022-03-29 14:22:05,2022-03-29 14:22:41,Located_Indoors, Holding_Other_Object_Light,annotator,Behavioral Parameters,2022-03-29 05:30:29,2022-03-29 05:31:05
2022-03-29 14:22:41,2022-03-29 14:28:56,Located_Indoors, Holding_Other_Object_Light,annotator,Behavioral Parameters,2022-03-29 05:31:05,2022-03-29 05:37:20
2022-03-29 14:28:56,2022-03-29 14:37:32,Located_Indoors, Holding_Other_Object_Light,annotator,Behavioral Parameters,2022-03-29 05:37:20,2022-03-29 05:45:56
2022-03-29 14:37:32,2022-03-29 14:37:46,Located_Indoors,annotator,Behavioral Parameters,2022-03-29 05:45:56,2022-03-29 05:46:10
2022-03-29 14:37:46,2022-03-29 14:37:54,Located_Indoors,annotator,Behavioral Parameters,2022-03-29 05:46:10,2022-03-29 05:46:18
2022-03-29 14:37:54,2022-03-29 14:38:21,Located_Indoors, Texting/Browsing_Phone,annotator,Behavioral Parameters,2022-03-29 05:46:18,2022-03-29 05:46:45
2022-03-29 14:38:21,2022-03-29 14:38:45,Located_Indoors, Texting/Browsing_Phone,annotator,Behavioral Parameters,2022-03-29 05:46:45,2022-03-29 05:47:09
2022-03-29 14:38:45,2022-03-29 14:38:50,Located_Indoors, Texting/Browsing_Phone,annotator,Behavioral Parameters,2022-03-29 05:47:09,2022-03-29 05:47:14
2022-03-29 14:38:50,2022-03-29 14:38:52,Located_Outdoors,annotator,Behavioral Parameters,2022-03-29 05:47:14,2022-03-29 05:47:16
2022-03-29 14:38:52,2022-03-29 14:39:04,Located_Outdoors,annotator,Behavioral Parameters,2022-03-29 05:47:16,2022-03-29 05:47:28
2022-03-29 14:39:04,2022-03-29 14:40:13,Located_Outdoors,annotator,Behavioral Parameters,2022-03-29 05:47:28,2022-03-29 05:48:37
2022-03-29 14:40:13,2022-03-29 14:41:42,Located_Indoors,annotator,Behavioral Parameters,2022-03-29 05:48:37,2022-03-29 05:50:06
2022-03-29 14:41:42,2022-03-29 14:50:30,Located_Indoors, Texting/Browsing_Phone,annotator,Behavioral Parameters,2022-03-29 05:50:06,2022-03-29 05:58:54
2022-03-29 14:50:30,2022-03-29 14:50:35,Located_Indoors,annotator,Behavioral Parameters,2022-03-29 05:58:54,2022-03-29 05:58:59
2022-03-29 14:50:35,2022-03-29 14:51:28,Located_Indoors, Holding_Other_Object_Light,annotator,Behavioral Parameters,2022-03-29 05:58:59,2022-03-29 05:59:52
2022-03-29 14:51:28,2022-03-29 14:52:51,Located_Indoors, Holding_Other_Object_Light,annotator,Behavioral Parameters,2022-03-29 05:59:52,2022-03-29 06:01:15
2022-03-29 14:52:51,2022-03-29 14:53:29,Located_Indoors, Texting/Browsing_Phone,annotator,Behavioral Parameters,2022-03-29 06:01:15,2022-03-29 06:01:53
2022-03-29 14:53:29,2022-03-29 14:58:03,Texting/Browsing_Phone, Located_Outdoors, Holding_Other_Object_Light,annotator,Behavioral Parameters,2022-03-29 06:01:53,2022-03-29 06:06:27
2022-03-29 14:58:03,2022-03-29 14:58:24,Holding_Other_Object_Light, Located_Indoors,annotator,Behavioral Parameters,2022-03-29 06:06:27,2022-03-29 06:06:48
2022-03-29 14:58:24,2022-03-29 14:58:45,Holding_Other_Object_Light, Located_Indoors,annotator,Behavioral Parameters,2022-03-29 06:06:48,2022-03-29 06:07:09
2022-03-29 14:58:45,2022-03-29 14:59:11,Holding_Other_Object_Light, Located_Indoors,annotator,Behavioral Parameters,2022-03-29 06:07:09,2022-03-29 06:07:35
2022-03-29 14:59:11,2022-03-29 14:59:35,Holding_Other_Object_Light, Located_Indoors, In_Conversation,annotator,Behavioral Parameters,2022-03-29 06:07:35,2022-03-29 06:07:59
2022-03-29 14:59:35,2022-03-29 15:02:56,Located_Indoors, In_Conversation,annotator,Behavioral Parameters,2022-03-29 06:07:59,2022-03-29 06:11:20
2022-03-29 15:02:56,2022-03-29 15:07:07,Located_Indoors,annotator,Behavioral Parameters,2022-03-29 06:11:20,2022-03-29 06:15:31
2022-03-29 15:07:07,2022-03-29 15:07:40,Located_Indoors,annotator,Behavioral Parameters,2022-03-29 06:15:31,2022-03-29 06:16:04
2022-03-29 15:07:40,2022-03-29 15:07:54,Located_Indoors,annotator,Behavioral Parameters,2022-03-29 06:16:04,2022-03-29 06:16:18
2022-03-29 15:07:54,2022-03-29 15:07:59,Located_Indoors,annotator,Behavioral Parameters,2022-03-29 06:16:18,2022-03-29 06:16:23
2022-03-29 15:07:59,2022-03-29 15:08:22,Located_Indoors, Holding_Other_Object_Light,annotator,Behavioral Parameters,2022-03-29 06:16:23,2022-03-29 06:16:46
2022-03-29 15:08:22,2022-03-29 15:08:40,Located_Indoors, Holding_Other_Object_Light,annotator,Behavioral Parameters,2022-03-29 06:16:46,2022-03-29 06:17:04
2022-03-29 15:08:40,2022-03-29 15:16:58,Holding_Other_Object_Light, Located_Outdoors,annotator,Behavioral Parameters,2022-03-29 06:17:04,2022-03-29 06:25:22
2022-03-29 15:16:58,2022-03-29 15:17:30,Holding_Other_Object_Light, Located_Indoors,annotator,Behavioral Parameters,2022-03-29 06:25:22,2022-03-29 06:25:54
2022-03-29 15:17:30,2022-03-29 15:17:36,Holding_Other_Object_Light, Located_Indoors,annotator,Behavioral Parameters,2022-03-29 06:25:54,2022-03-29 06:26:00
2022-03-29 15:17:36,2022-03-29 15:18:48,Holding_Other_Object_Light, Located_Indoors,annotator,Behavioral Parameters,2022-03-29 06:26:00,2022-03-29 06:27:12
2022-03-29 15:18:48,2022-03-29 15:19:03,Holding_Other_Object_Light, Located_Indoors,annotator,Behavioral Parameters,2022-03-29 06:27:12,2022-03-29 06:27:27
2022-03-29 15:19:03,2022-03-29 15:21:29,Holding_Other_Object_Light, Located_Indoors,annotator,Behavioral Parameters,2022-03-29 06:27:27,2022-03-29 06:29:53
2022-03-29 15:21:29,2022-03-29 15:22:08,Located_Indoors,annotator,Behavioral Parameters,2022-03-29 06:29:53,2022-03-29 06:30:32
2022-03-29 15:22:08,2022-03-29 15:22:26,Located_Indoors,annotator,Behavioral Parameters,2022-03-29 06:30:32,2022-03-29 06:30:50
2022-03-29 15:22:26,2022-03-29 15:24:29,Located_Indoors,annotator,Behavioral Parameters,2022-03-29 06:30:50,2022-03-29 06:32:53
2022-03-29 15:24:29,2022-03-29 15:28:45,Located_Indoors, Holding_Other_Object_Light,annotator,Behavioral Parameters,2022-03-29 06:32:53,2022-03-29 06:37:09
2022-03-29 15:28:45,2022-03-29 15:29:41,Located_Indoors,annotator,Behavioral Parameters,2022-03-29 06:37:09,2022-03-29 06:38:05
2022-03-29 15:29:41,2022-03-29 15:39:44,Located_Indoors, Holding_Solid_Food,annotator,Behavioral Parameters,2022-03-29 06:38:05,2022-03-29 06:48:08
2022-03-29 15:39:44,2022-03-29 17:08:55,Located_Indoors, Browsing_Computer,annotator,Behavioral Parameters,2022-03-29 06:48:08,2022-03-29 08:17:19
2022-03-29 17:08:55,2022-03-29 17:15:01,Located_Indoors,annotator,Behavioral Parameters,2022-03-29 08:17:19,2022-03-29 08:23:25
2022-03-29 17:15:01,2022-03-29 17:17:35,Located_Indoors, Texting/Browsing_Phone,annotator,Behavioral Parameters,2022-03-29 08:23:25,2022-03-29 08:25:59
2022-03-29 17:17:35,2022-03-29 17:42:10,Located_Indoors,annotator,Behavioral Parameters,2022-03-29 08:25:59,2022-03-29 08:50:34
2022-03-29 17:42:10,2022-03-29 18:34:53,Located_Indoors, Browsing_Computer,annotator,Behavioral Parameters,2022-03-29 08:50:34,2022-03-29 09:43:17
2022-03-29 18:34:53,2022-03-29 18:37:29,Located_Indoors, Texting/Browsing_Phone,annotator,Behavioral Parameters,2022-03-29 09:43:17,2022-03-29 09:45:53
2022-03-29 18:37:29,2022-03-29 18:38:56,Located_Indoors, BP_VideoUnavailable/Indecipherable,annotator,Behavioral Parameters,2022-03-29 09:45:53,2022-03-29 09:47:20
