START_TIME,STOP_TIME,PREDICTION,SOURCE,LABELSET,VIDEO_START_TIME,VIDEO_END_TIME
2022-05-30 11:17:48,2022-05-30 11:18:09,Located_Indoors,annotator,Behavioral Parameters,2022-05-30 00:00:02,2022-05-30 00:00:23
2022-05-30 11:18:09,2022-05-30 11:18:12,Located_Indoors,annotator,Behavioral Parameters,2022-05-30 00:00:23,2022-05-30 00:00:26
2022-05-30 11:18:12,2022-05-30 11:18:41,Located_Indoors, Holding_Other_Object_Light,annotator,Behavioral Parameters,2022-05-30 00:00:26,2022-05-30 00:00:55
2022-05-30 11:18:41,2022-05-30 11:19:04,Located_Indoors, Holding_Other_Object_Light,annotator,Behavioral Parameters,2022-05-30 00:00:55,2022-05-30 00:01:18
2022-05-30 11:19:04,2022-05-30 11:19:30,Located_Indoors, Holding_Other_Object_Light,annotator,Behavioral Parameters,2022-05-30 00:01:18,2022-05-30 00:01:44
2022-05-30 11:19:30,2022-05-30 11:19:41,Located_Indoors, Texting/Browsing_Phone,annotator,Behavioral Parameters,2022-05-30 00:01:44,2022-05-30 00:01:55
2022-05-30 11:19:41,2022-05-30 11:19:51,Located_Indoors, Texting/Browsing_Phone, Holding_Other_Object_Light,annotator,Behavioral Parameters,2022-05-30 00:01:55,2022-05-30 00:02:05
2022-05-30 11:19:51,2022-05-30 11:19:58,Located_Indoors, Holding_Other_Object_Light,annotator,Behavioral Parameters,2022-05-30 00:02:05,2022-05-30 00:02:12
2022-05-30 11:19:58,2022-05-30 11:20:05,Located_Indoors,annotator,Behavioral Parameters,2022-05-30 00:02:12,2022-05-30 00:02:19
2022-05-30 11:20:05,2022-05-30 11:20:14,Located_Indoors,annotator,Behavioral Parameters,2022-05-30 00:02:19,2022-05-30 00:02:28
2022-05-30 11:20:14,2022-05-30 11:21:57,Located_Indoors, Holding_Other_Object_Light,annotator,Behavioral Parameters,2022-05-30 00:02:28,2022-05-30 00:04:11
2022-05-30 11:21:58,2022-05-30 11:22:52,Located_Indoors, Holding_Other_Object_Light,annotator,Behavioral Parameters,2022-05-30 00:04:12,2022-05-30 00:05:06
2022-05-30 11:22:52,2022-05-30 11:23:06,Located_Indoors,annotator,Behavioral Parameters,2022-05-30 00:05:06,2022-05-30 00:05:20
2022-05-30 11:23:06,2022-05-30 11:23:10,Located_Indoors,annotator,Behavioral Parameters,2022-05-30 00:05:20,2022-05-30 00:05:24
2022-05-30 11:23:10,2022-05-30 11:24:00,Located_Indoors, Holding_Other_Object_Light,annotator,Behavioral Parameters,2022-05-30 00:05:24,2022-05-30 00:06:14
2022-05-30 11:24:00,2022-05-30 11:24:09,Located_Indoors,annotator,Behavioral Parameters,2022-05-30 00:06:14,2022-05-30 00:06:23
2022-05-30 11:24:09,2022-05-30 11:24:14,Located_Indoors,annotator,Behavioral Parameters,2022-05-30 00:06:23,2022-05-30 00:06:28
2022-05-30 11:24:14,2022-05-30 11:24:40,Located_Indoors, Holding_Other_Object_Light,annotator,Behavioral Parameters,2022-05-30 00:06:28,2022-05-30 00:06:54
2022-05-30 11:24:40,2022-05-30 11:25:07,Located_Indoors, Holding_Other_Object_Light,annotator,Behavioral Parameters,2022-05-30 00:06:54,2022-05-30 00:07:21
2022-05-30 11:25:07,2022-05-30 11:25:15,Located_Indoors, Holding_Other_Object_Light,annotator,Behavioral Parameters,2022-05-30 00:07:21,2022-05-30 00:07:29
2022-05-30 11:25:15,2022-05-30 11:26:23,Located_Indoors, Holding_Other_Object_Light,annotator,Behavioral Parameters,2022-05-30 00:07:29,2022-05-30 00:08:37
2022-05-30 11:26:23,2022-05-30 11:26:36,Located_Indoors, Holding_Other_Object_Light,annotator,Behavioral Parameters,2022-05-30 00:08:37,2022-05-30 00:08:50
2022-05-30 11:26:36,2022-05-30 11:26:46,Located_Indoors,annotator,Behavioral Parameters,2022-05-30 00:08:50,2022-05-30 00:09:00
2022-05-30 11:26:46,2022-05-30 11:26:59,Located_Indoors, Holding_Other_Object_Light,annotator,Behavioral Parameters,2022-05-30 00:09:00,2022-05-30 00:09:13
2022-05-30 11:26:59,2022-05-30 11:27:01,Located_Indoors,annotator,Behavioral Parameters,2022-05-30 00:09:13,2022-05-30 00:09:15
2022-05-30 11:27:01,2022-05-30 11:27:15,Located_Indoors, Holding_Other_Object_Light,annotator,Behavioral Parameters,2022-05-30 00:09:15,2022-05-30 00:09:29
2022-05-30 11:27:15,2022-05-30 11:28:26,Located_Indoors, Holding_Other_Object_Light,annotator,Behavioral Parameters,2022-05-30 00:09:29,2022-05-30 00:10:40
2022-05-30 11:28:26,2022-05-30 11:28:42,Located_Indoors, Holding_Other_Object_Light,annotator,Behavioral Parameters,2022-05-30 00:10:40,2022-05-30 00:10:56
2022-05-30 11:28:42,2022-05-30 11:28:59,Located_Indoors, Holding_Other_Object_Light,annotator,Behavioral Parameters,2022-05-30 00:10:56,2022-05-30 00:11:13
2022-05-30 11:28:59,2022-05-30 11:29:32,Located_Indoors, Holding_Other_Object_Light, Holding_Solid_Food,annotator,Behavioral Parameters,2022-05-30 00:11:13,2022-05-30 00:11:46
2022-05-30 11:29:32,2022-05-30 11:29:49,Located_Indoors,annotator,Behavioral Parameters,2022-05-30 00:11:46,2022-05-30 00:12:03
2022-05-30 11:29:49,2022-05-30 11:29:59,Located_Indoors, Holding_Other_Object_Light,annotator,Behavioral Parameters,2022-05-30 00:12:03,2022-05-30 00:12:13
2022-05-30 11:29:59,2022-05-30 11:30:05,Located_Indoors, In_Conversation,annotator,Behavioral Parameters,2022-05-30 00:12:13,2022-05-30 00:12:19
2022-05-30 11:30:05,2022-05-30 11:30:11,Located_Indoors, Holding_Other_Object_Light,annotator,Behavioral Parameters,2022-05-30 00:12:19,2022-05-30 00:12:25
2022-05-30 11:30:11,2022-05-30 11:30:32,Located_Indoors, In_Conversation,annotator,Behavioral Parameters,2022-05-30 00:12:25,2022-05-30 00:12:46
2022-05-30 11:30:32,2022-05-30 11:30:36,Located_Indoors, Holding_Other_Object_Light, Holding_Solid_Food,annotator,Behavioral Parameters,2022-05-30 00:12:46,2022-05-30 00:12:50
2022-05-30 11:30:36,2022-05-30 11:30:49,Located_Indoors, In_Conversation,annotator,Behavioral Parameters,2022-05-30 00:12:50,2022-05-30 00:13:03
2022-05-30 11:30:49,2022-05-30 11:31:18,Located_Indoors, Holding_Solid_Food,annotator,Behavioral Parameters,2022-05-30 00:13:03,2022-05-30 00:13:32
2022-05-30 11:31:18,2022-05-30 11:31:33,Located_Indoors, Holding_Other_Object_Light,annotator,Behavioral Parameters,2022-05-30 00:13:32,2022-05-30 00:13:47
2022-05-30 11:31:33,2022-05-30 11:31:51,Located_Indoors, Holding_Other_Object_Light,annotator,Behavioral Parameters,2022-05-30 00:13:47,2022-05-30 00:14:05
2022-05-30 11:31:51,2022-05-30 11:32:49,Located_Indoors, Holding_Other_Object_Light, Holding_Solid_Food,annotator,Behavioral Parameters,2022-05-30 00:14:05,2022-05-30 00:15:03
2022-05-30 11:32:49,2022-05-30 11:32:58,Located_Indoors, Holding_Other_Object_Light,annotator,Behavioral Parameters,2022-05-30 00:15:03,2022-05-30 00:15:12
2022-05-30 11:32:58,2022-05-30 11:33:12,Located_Indoors, Holding_Drink,annotator,Behavioral Parameters,2022-05-30 00:15:12,2022-05-30 00:15:26
2022-05-30 11:33:12,2022-05-30 11:34:26,Located_Indoors, Holding_Other_Object_Light,annotator,Behavioral Parameters,2022-05-30 00:15:26,2022-05-30 00:16:40
2022-05-30 11:34:26,2022-05-30 11:34:34,Located_Indoors, Holding_Other_Object_Light, Holding_Solid_Food,annotator,Behavioral Parameters,2022-05-30 00:16:40,2022-05-30 00:16:48
2022-05-30 11:34:34,2022-05-30 11:34:44,Located_Indoors, Holding_Other_Object_Light,annotator,Behavioral Parameters,2022-05-30 00:16:48,2022-05-30 00:16:58
2022-05-30 11:34:44,2022-05-30 11:34:55,Located_Indoors, Holding_Other_Object_Light, Holding_Solid_Food,annotator,Behavioral Parameters,2022-05-30 00:16:58,2022-05-30 00:17:09
2022-05-30 11:34:55,2022-05-30 11:35:14,Located_Indoors, Holding_Other_Object_Light,annotator,Behavioral Parameters,2022-05-30 00:17:09,2022-05-30 00:17:28
2022-05-30 11:35:14,2022-05-30 11:35:33,Located_Indoors, Holding_Other_Object_Light, Texting/Browsing_Phone,annotator,Behavioral Parameters,2022-05-30 00:17:28,2022-05-30 00:17:47
2022-05-30 11:35:33,2022-05-30 11:36:42,Located_Indoors, Texting/Browsing_Phone,annotator,Behavioral Parameters,2022-05-30 00:17:47,2022-05-30 00:18:56
2022-05-30 11:36:42,2022-05-30 11:36:53,Located_Indoors, Holding_Other_Object_Light, Holding_Solid_Food,annotator,Behavioral Parameters,2022-05-30 00:18:56,2022-05-30 00:19:07
2022-05-30 11:36:53,2022-05-30 11:37:06,Located_Indoors, Holding_Other_Object_Light,annotator,Behavioral Parameters,2022-05-30 00:19:07,2022-05-30 00:19:20
2022-05-30 11:37:06,2022-05-30 11:37:57,Located_Indoors, Holding_Other_Object_Light, In_Conversation,annotator,Behavioral Parameters,2022-05-30 00:19:20,2022-05-30 00:20:11
2022-05-30 11:37:57,2022-05-30 11:38:04,Located_Indoors, Holding_Drink,annotator,Behavioral Parameters,2022-05-30 00:20:11,2022-05-30 00:20:18
2022-05-30 11:38:04,2022-05-30 11:38:09,Located_Indoors, Holding_Other_Object_Light,annotator,Behavioral Parameters,2022-05-30 00:20:18,2022-05-30 00:20:23
2022-05-30 11:38:09,2022-05-30 11:38:31,Located_Indoors, Texting/Browsing_Phone,annotator,Behavioral Parameters,2022-05-30 00:20:23,2022-05-30 00:20:45
2022-05-30 11:38:31,2022-05-30 11:39:25,Located_Indoors, Holding_Other_Object_Light,annotator,Behavioral Parameters,2022-05-30 00:20:45,2022-05-30 00:21:39
2022-05-30 11:39:25,2022-05-30 11:39:34,Located_Indoors,annotator,Behavioral Parameters,2022-05-30 00:21:39,2022-05-30 00:21:48
2022-05-30 11:39:34,2022-05-30 11:40:07,Located_Indoors, Holding_Other_Object_Light, Holding_Solid_Food,annotator,Behavioral Parameters,2022-05-30 00:21:48,2022-05-30 00:22:21
2022-05-30 11:40:07,2022-05-30 11:41:03,Located_Indoors, Texting/Browsing_Phone,annotator,Behavioral Parameters,2022-05-30 00:22:21,2022-05-30 00:23:17
2022-05-30 11:41:03,2022-05-30 11:41:07,Located_Indoors, Texting/Browsing_Phone, Holding_Drink,annotator,Behavioral Parameters,2022-05-30 00:23:17,2022-05-30 00:23:21
2022-05-30 11:41:07,2022-05-30 11:41:47,Located_Indoors, Texting/Browsing_Phone,annotator,Behavioral Parameters,2022-05-30 00:23:21,2022-05-30 00:24:01
2022-05-30 11:41:47,2022-05-30 11:42:30,Located_Indoors, Holding_Solid_Food, Holding_Other_Object_Light,annotator,Behavioral Parameters,2022-05-30 00:24:01,2022-05-30 00:24:44
2022-05-30 11:42:30,2022-05-30 11:43:39,Located_Indoors, Holding_Solid_Food, Holding_Other_Object_Light, Texting/Browsing_Phone,annotator,Behavioral Parameters,2022-05-30 00:24:44,2022-05-30 00:25:53
2022-05-30 11:43:40,2022-05-30 11:45:35,Located_Indoors, Holding_Other_Object_Light,annotator,Behavioral Parameters,2022-05-30 00:25:54,2022-05-30 00:27:49
2022-05-30 11:45:35,2022-05-30 11:46:49,Located_Indoors, Holding_Other_Object_Light,annotator,Behavioral Parameters,2022-05-30 00:27:49,2022-05-30 00:29:03
2022-05-30 11:46:49,2022-05-30 11:46:59,Located_Indoors, Holding_Other_Object_Light,annotator,Behavioral Parameters,2022-05-30 00:29:03,2022-05-30 00:29:13
2022-05-30 11:46:59,2022-05-30 11:47:09,Located_Indoors, Holding_Other_Object_Light, Holding_Drink,annotator,Behavioral Parameters,2022-05-30 00:29:13,2022-05-30 00:29:23
2022-05-30 11:47:09,2022-05-30 11:47:18,Located_Indoors, Holding_Other_Object_Light,annotator,Behavioral Parameters,2022-05-30 00:29:23,2022-05-30 00:29:32
2022-05-30 11:47:18,2022-05-30 11:47:46,Located_Indoors,annotator,Behavioral Parameters,2022-05-30 00:29:32,2022-05-30 00:30:00
2022-05-30 11:47:46,2022-05-30 11:47:57,Located_Indoors, Holding_Other_Object_Light,annotator,Behavioral Parameters,2022-05-30 00:30:00,2022-05-30 00:30:11
2022-05-30 11:47:57,2022-05-30 11:48:26,Located_Indoors, Holding_Other_Object_Light,annotator,Behavioral Parameters,2022-05-30 00:30:11,2022-05-30 00:30:40
2022-05-30 11:48:27,2022-05-30 11:48:39,Located_Indoors,annotator,Behavioral Parameters,2022-05-30 00:30:41,2022-05-30 00:30:53
2022-05-30 11:48:39,2022-05-30 11:50:51,Located_Indoors, Holding_Other_Object_Light,annotator,Behavioral Parameters,2022-05-30 00:30:53,2022-05-30 00:33:05
2022-05-30 11:50:51,2022-05-30 11:51:06,Located_Indoors,annotator,Behavioral Parameters,2022-05-30 00:33:05,2022-05-30 00:33:20
2022-05-30 11:51:06,2022-05-30 11:51:15,Located_Indoors, Holding_Other_Object_Light,annotator,Behavioral Parameters,2022-05-30 00:33:20,2022-05-30 00:33:29
2022-05-30 11:51:15,2022-05-30 11:51:34,Located_Indoors, Carrying_Bag_On_Shoulder/Back_Light,annotator,Behavioral Parameters,2022-05-30 00:33:29,2022-05-30 00:33:48
2022-05-30 11:51:34,2022-05-30 11:51:52,Located_Indoors, Carrying_Bag_On_Shoulder/Back_Light,annotator,Behavioral Parameters,2022-05-30 00:33:48,2022-05-30 00:34:06
2022-05-30 11:51:52,2022-05-30 11:52:04,Located_Indoors, Carrying_Bag_On_Shoulder/Back_Light, Holding_Other_Object_Light,annotator,Behavioral Parameters,2022-05-30 00:34:06,2022-05-30 00:34:18
2022-05-30 11:52:04,2022-05-30 11:52:14,Located_Indoors, Carrying_Bag_On_Shoulder/Back_Light, Holding_Other_Object_Light, In_Conversation,annotator,Behavioral Parameters,2022-05-30 00:34:18,2022-05-30 00:34:28
2022-05-30 11:52:14,2022-05-30 11:53:08,Located_Indoors, Carrying_Bag_On_Shoulder/Back_Light, Holding_Other_Object_Light,annotator,Behavioral Parameters,2022-05-30 00:34:28,2022-05-30 00:35:22
2022-05-30 11:53:08,2022-05-30 11:53:12,Located_Indoors, Carrying_Bag_On_Shoulder/Back_Light, Holding_Other_Object_Light,annotator,Behavioral Parameters,2022-05-30 00:35:22,2022-05-30 00:35:26
2022-05-30 11:53:12,2022-05-30 11:53:19,Located_Indoors, Carrying_Bag_On_Shoulder/Back_Light, Holding_Other_Object_Light,annotator,Behavioral Parameters,2022-05-30 00:35:26,2022-05-30 00:35:33
2022-05-30 11:53:19,2022-05-30 11:53:51,Located_Indoors, Carrying_Bag_On_Shoulder/Back_Light, Holding_Other_Object_Light,annotator,Behavioral Parameters,2022-05-30 00:35:33,2022-05-30 00:36:05
2022-05-30 11:53:51,2022-05-30 11:54:40,Carrying_Bag_On_Shoulder/Back_Light, Holding_Other_Object_Light, Located_Outdoors,annotator,Behavioral Parameters,2022-05-30 00:36:05,2022-05-30 00:36:54
2022-05-30 11:54:40,2022-05-30 11:54:58,Carrying_Bag_On_Shoulder/Back_Light, Holding_Other_Object_Light, Located_Outdoors,annotator,Behavioral Parameters,2022-05-30 00:36:54,2022-05-30 00:37:12
2022-05-30 11:54:59,2022-05-30 11:55:55,Located_Outdoors,annotator,Behavioral Parameters,2022-05-30 00:37:13,2022-05-30 00:38:09
2022-05-30 11:55:55,2022-05-30 11:56:08,Located_Outdoors, Holding_Other_Object_Light,annotator,Behavioral Parameters,2022-05-30 00:38:09,2022-05-30 00:38:22
2022-05-30 11:56:08,2022-05-30 11:56:19,Located_Outdoors, Holding_Other_Object_Light,annotator,Behavioral Parameters,2022-05-30 00:38:22,2022-05-30 00:38:33
2022-05-30 11:56:21,2022-05-30 11:56:35,Located_Outdoors,annotator,Behavioral Parameters,2022-05-30 00:38:35,2022-05-30 00:38:49
2022-05-30 11:56:29,2022-05-30 11:56:53,Located_Indoors,annotator,Behavioral Parameters,2022-05-30 00:38:43,2022-05-30 00:39:07
2022-05-30 11:57:00,2022-05-30 11:58:17,Holding_Other_Object_Light, Located_Indoors,annotator,Behavioral Parameters,2022-05-30 00:39:14,2022-05-30 00:40:31
2022-05-30 11:58:20,2022-05-30 11:58:24,Holding_Other_Object_Light, Located_Indoors,annotator,Behavioral Parameters,2022-05-30 00:40:34,2022-05-30 00:40:38
2022-05-30 11:58:24,2022-05-30 11:58:51,Located_Indoors,annotator,Behavioral Parameters,2022-05-30 00:40:38,2022-05-30 00:41:05
2022-05-30 11:58:51,2022-05-30 11:59:05,Located_Indoors,annotator,Behavioral Parameters,2022-05-30 00:41:05,2022-05-30 00:41:19
2022-05-30 11:59:05,2022-05-30 11:59:16,Located_Indoors, Holding_Other_Object_Light,annotator,Behavioral Parameters,2022-05-30 00:41:19,2022-05-30 00:41:30
2022-05-30 11:59:16,2022-05-30 11:59:48,Located_Indoors,annotator,Behavioral Parameters,2022-05-30 00:41:30,2022-05-30 00:42:02
2022-05-30 11:59:48,2022-05-30 12:00:01,Located_Indoors, In_Conversation,annotator,Behavioral Parameters,2022-05-30 00:42:02,2022-05-30 00:42:15
2022-05-30 12:00:01,2022-05-30 12:00:25,Located_Indoors, Holding_Other_Object_Light,annotator,Behavioral Parameters,2022-05-30 00:42:15,2022-05-30 00:42:39
2022-05-30 12:00:25,2022-05-30 12:00:49,Located_Indoors, Holding_Other_Object_Light,annotator,Behavioral Parameters,2022-05-30 00:42:39,2022-05-30 00:43:03
2022-05-30 12:00:49,2022-05-30 12:01:03,Holding_Other_Object_Light, Located_Outdoors,annotator,Behavioral Parameters,2022-05-30 00:43:03,2022-05-30 00:43:17
2022-05-30 12:01:03,2022-05-30 12:01:19,Holding_Other_Object_Light, Located_Outdoors,annotator,Behavioral Parameters,2022-05-30 00:43:17,2022-05-30 00:43:33
2022-05-30 12:01:19,2022-05-30 12:01:33,Located_Outdoors,annotator,Behavioral Parameters,2022-05-30 00:43:33,2022-05-30 00:43:47
2022-05-30 12:01:33,2022-05-30 12:01:52,Located_Indoors,annotator,Behavioral Parameters,2022-05-30 00:43:47,2022-05-30 00:44:06
2022-05-30 12:01:52,2022-05-30 12:02:16,Located_Indoors,annotator,Behavioral Parameters,2022-05-30 00:44:06,2022-05-30 00:44:30
2022-05-30 12:02:16,2022-05-30 12:02:26,Located_Indoors,annotator,Behavioral Parameters,2022-05-30 00:44:30,2022-05-30 00:44:40
2022-05-30 12:02:26,2022-05-30 12:02:38,Located_Indoors, Holding_Drink,annotator,Behavioral Parameters,2022-05-30 00:44:40,2022-05-30 00:44:52
2022-05-30 12:02:38,2022-05-30 12:03:02,Located_Indoors,annotator,Behavioral Parameters,2022-05-30 00:44:52,2022-05-30 00:45:16
2022-05-30 12:03:02,2022-05-30 12:03:19,Located_Indoors,annotator,Behavioral Parameters,2022-05-30 00:45:16,2022-05-30 00:45:33
2022-05-30 12:03:19,2022-05-30 12:03:28,Located_Indoors,annotator,Behavioral Parameters,2022-05-30 00:45:33,2022-05-30 00:45:42
2022-05-30 12:03:28,2022-05-30 12:03:51,Located_Indoors, In_Conversation,annotator,Behavioral Parameters,2022-05-30 00:45:42,2022-05-30 00:46:05
2022-05-30 12:03:51,2022-05-30 12:04:19,Located_Indoors, In_Conversation, Holding_Other_Object_Light,annotator,Behavioral Parameters,2022-05-30 00:46:05,2022-05-30 00:46:33
2022-05-30 12:04:19,2022-05-30 12:04:33,Located_Indoors,annotator,Behavioral Parameters,2022-05-30 00:46:33,2022-05-30 00:46:47
2022-05-30 12:04:33,2022-05-30 12:04:35,Located_Indoors,annotator,Behavioral Parameters,2022-05-30 00:46:47,2022-05-30 00:46:49
2022-05-30 12:04:35,2022-05-30 12:04:46,Located_Indoors,annotator,Behavioral Parameters,2022-05-30 00:46:49,2022-05-30 00:47:00
2022-05-30 12:04:46,2022-05-30 12:06:13,Located_Indoors, Holding_Other_Object_Light,annotator,Behavioral Parameters,2022-05-30 00:47:00,2022-05-30 00:48:27
2022-05-30 12:06:13,2022-05-30 12:06:35,Located_Indoors, Holding_Other_Object_Light, In_Conversation,annotator,Behavioral Parameters,2022-05-30 00:48:27,2022-05-30 00:48:49
2022-05-30 12:06:35,2022-05-30 12:06:58,Located_Indoors, Holding_Other_Object_Light, In_Conversation,annotator,Behavioral Parameters,2022-05-30 00:48:49,2022-05-30 00:49:12
2022-05-30 12:06:58,2022-05-30 12:07:36,Located_Indoors, Holding_Other_Object_Light, In_Conversation,annotator,Behavioral Parameters,2022-05-30 00:49:12,2022-05-30 00:49:50
2022-05-30 12:07:36,2022-05-30 12:08:13,Located_Indoors, Texting/Browsing_Phone, Holding_Other_Object_Light,annotator,Behavioral Parameters,2022-05-30 00:49:50,2022-05-30 00:50:27
2022-05-30 12:08:13,2022-05-30 12:09:23,Located_Indoors, Texting/Browsing_Phone, Holding_Other_Object_Light,annotator,Behavioral Parameters,2022-05-30 00:50:27,2022-05-30 00:51:37
2022-05-30 12:09:23,2022-05-30 12:09:42,Located_Indoors, Texting/Browsing_Phone, Holding_Other_Object_Light, In_Conversation,annotator,Behavioral Parameters,2022-05-30 00:51:37,2022-05-30 00:51:56
2022-05-30 12:09:42,2022-05-30 12:09:57,Located_Indoors, Holding_Other_Object_Light,annotator,Behavioral Parameters,2022-05-30 00:51:56,2022-05-30 00:52:11
2022-05-30 12:09:57,2022-05-30 12:10:13,Located_Indoors, Holding_Other_Object_Light, In_Conversation,annotator,Behavioral Parameters,2022-05-30 00:52:11,2022-05-30 00:52:27
2022-05-30 12:10:13,2022-05-30 12:12:57,Located_Indoors, Holding_Other_Object_Light, Texting/Browsing_Phone,annotator,Behavioral Parameters,2022-05-30 00:52:27,2022-05-30 00:55:11
2022-05-30 12:12:57,2022-05-30 12:13:22,Located_Indoors, Holding_Other_Object_Light, Texting/Browsing_Phone,annotator,Behavioral Parameters,2022-05-30 00:55:11,2022-05-30 00:55:36
2022-05-30 12:13:22,2022-05-30 12:14:49,Located_Indoors, Holding_Other_Object_Light, Texting/Browsing_Phone,annotator,Behavioral Parameters,2022-05-30 00:55:36,2022-05-30 00:57:03
2022-05-30 12:14:49,2022-05-30 12:15:02,Located_Indoors, Holding_Other_Object_Light,annotator,Behavioral Parameters,2022-05-30 00:57:03,2022-05-30 00:57:16
2022-05-30 12:15:02,2022-05-30 12:15:15,Located_Indoors, Holding_Other_Object_Light, In_Conversation,annotator,Behavioral Parameters,2022-05-30 00:57:16,2022-05-30 00:57:29
2022-05-30 12:15:15,2022-05-30 12:15:26,Located_Indoors, In_Conversation,annotator,Behavioral Parameters,2022-05-30 00:57:29,2022-05-30 00:57:40
2022-05-30 12:15:26,2022-05-30 12:15:33,Located_Indoors, In_Conversation, Texting/Browsing_Phone,annotator,Behavioral Parameters,2022-05-30 00:57:40,2022-05-30 00:57:47
2022-05-30 12:15:33,2022-05-30 12:15:37,Located_Indoors, On_Phone_Call, In_Conversation,annotator,Behavioral Parameters,2022-05-30 00:57:47,2022-05-30 00:57:51
2022-05-30 12:15:39,2022-05-30 12:15:39,Located_Indoors, On_Phone_Call, In_Conversation, Holding_Other_Object_Light,annotator,Behavioral Parameters,2022-05-30 00:57:53,2022-05-30 00:57:53
2022-05-30 12:15:46,2022-05-30 12:16:01,Located_Indoors, On_Phone_Call, In_Conversation, Holding_Other_Object_Light,annotator,Behavioral Parameters,2022-05-30 00:58:00,2022-05-30 00:58:15
2022-05-30 12:16:01,2022-05-30 12:16:17,Located_Indoors, Holding_Other_Object_Light, Texting/Browsing_Phone,annotator,Behavioral Parameters,2022-05-30 00:58:15,2022-05-30 00:58:31
2022-05-30 12:16:17,2022-05-30 12:16:48,Located_Indoors, Holding_Other_Object_Light,annotator,Behavioral Parameters,2022-05-30 00:58:31,2022-05-30 00:59:02
2022-05-30 12:16:48,2022-05-30 12:17:00,Located_Indoors, Holding_Other_Object_Light,annotator,Behavioral Parameters,2022-05-30 00:59:02,2022-05-30 00:59:14
2022-05-30 12:17:00,2022-05-30 12:17:04,Located_Indoors, Holding_Other_Object_Light,annotator,Behavioral Parameters,2022-05-30 00:59:14,2022-05-30 00:59:18
2022-05-30 12:17:04,2022-05-30 12:17:23,Located_Indoors, Holding_Other_Object_Light, In_Conversation,annotator,Behavioral Parameters,2022-05-30 00:59:18,2022-05-30 00:59:37
2022-05-30 12:17:23,2022-05-30 12:17:28,Located_Indoors, Holding_Other_Object_Light, In_Conversation,annotator,Behavioral Parameters,2022-05-30 00:59:37,2022-05-30 00:59:42
2022-05-30 12:17:28,2022-05-30 12:17:40,Located_Indoors, Holding_Other_Object_Light,annotator,Behavioral Parameters,2022-05-30 00:59:42,2022-05-30 00:59:54
2022-05-30 12:17:40,2022-05-30 12:18:40,Located_Outdoors,annotator,Behavioral Parameters,2022-05-30 00:59:54,2022-05-30 01:00:54
2022-05-30 12:18:40,2022-05-30 12:18:49,Located_Outdoors,annotator,Behavioral Parameters,2022-05-30 01:00:54,2022-05-30 01:01:03
2022-05-30 12:18:49,2022-05-30 12:19:00,Located_Outdoors,annotator,Behavioral Parameters,2022-05-30 01:01:03,2022-05-30 01:01:14
2022-05-30 12:19:00,2022-05-30 12:20:44,Located_Outdoors, On_Phone_Call,annotator,Behavioral Parameters,2022-05-30 01:01:14,2022-05-30 01:02:58
2022-05-30 12:20:44,2022-05-30 12:20:54,Located_Outdoors, Texting/Browsing_Phone,annotator,Behavioral Parameters,2022-05-30 01:02:58,2022-05-30 01:03:08
2022-05-30 12:20:54,2022-05-30 12:21:02,Located_Outdoors, Texting/Browsing_Phone, Holding_Other_Object_Light,annotator,Behavioral Parameters,2022-05-30 01:03:08,2022-05-30 01:03:16
2022-05-30 12:21:02,2022-05-30 12:21:42,Located_Outdoors, Texting/Browsing_Phone,annotator,Behavioral Parameters,2022-05-30 01:03:16,2022-05-30 01:03:56
2022-05-30 12:21:42,2022-05-30 12:21:59,Located_Outdoors, Texting/Browsing_Phone,annotator,Behavioral Parameters,2022-05-30 01:03:56,2022-05-30 01:04:13
2022-05-30 12:21:59,2022-05-30 12:27:58,Located_Outdoors,annotator,Behavioral Parameters,2022-05-30 01:04:13,2022-05-30 01:10:12
2022-05-30 12:27:58,2022-05-30 12:28:22,Located_Outdoors, In_Conversation,annotator,Behavioral Parameters,2022-05-30 01:10:12,2022-05-30 01:10:36
2022-05-30 12:28:22,2022-05-30 12:31:10,Located_Outdoors,annotator,Behavioral Parameters,2022-05-30 01:10:36,2022-05-30 01:13:24
2022-05-30 12:31:10,2022-05-30 12:31:33,Located_Outdoors,annotator,Behavioral Parameters,2022-05-30 01:13:24,2022-05-30 01:13:47
2022-05-30 12:31:33,2022-05-30 12:32:03,Located_Outdoors, Texting/Browsing_Phone,annotator,Behavioral Parameters,2022-05-30 01:13:47,2022-05-30 01:14:17
2022-05-30 12:32:03,2022-05-30 12:33:21,Located_Outdoors,annotator,Behavioral Parameters,2022-05-30 01:14:17,2022-05-30 01:15:35
2022-05-30 12:33:21,2022-05-30 12:33:28,Located_Outdoors, In_Conversation,annotator,Behavioral Parameters,2022-05-30 01:15:35,2022-05-30 01:15:42
2022-05-30 12:33:28,2022-05-30 12:34:04,Located_Outdoors,annotator,Behavioral Parameters,2022-05-30 01:15:42,2022-05-30 01:16:18
2022-05-30 12:34:04,2022-05-30 12:34:26,Located_Indoors,annotator,Behavioral Parameters,2022-05-30 01:16:18,2022-05-30 01:16:40
2022-05-30 12:34:26,2022-05-30 12:34:35,Located_Indoors, In_Conversation,annotator,Behavioral Parameters,2022-05-30 01:16:40,2022-05-30 01:16:49
2022-05-30 12:34:36,2022-05-30 12:37:45,Located_Outdoors,annotator,Behavioral Parameters,2022-05-30 01:16:50,2022-05-30 01:19:59
2022-05-30 12:37:52,2022-05-30 12:38:23,Located_Outdoors,annotator,Behavioral Parameters,2022-05-30 01:20:06,2022-05-30 01:20:37
2022-05-30 12:38:23,2022-05-30 12:38:46,Located_Outdoors, Holding_Drink,annotator,Behavioral Parameters,2022-05-30 01:20:37,2022-05-30 01:21:00
2022-05-30 12:38:46,2022-05-30 12:42:10,Located_Outdoors,annotator,Behavioral Parameters,2022-05-30 01:21:00,2022-05-30 01:24:24
2022-05-30 12:42:10,2022-05-30 12:42:26,Located_Outdoors, In_Conversation,annotator,Behavioral Parameters,2022-05-30 01:24:24,2022-05-30 01:24:40
2022-05-30 12:42:26,2022-05-30 12:42:35,Located_Outdoors, In_Conversation,annotator,Behavioral Parameters,2022-05-30 01:24:40,2022-05-30 01:24:49
2022-05-30 12:42:35,2022-05-30 12:42:55,Located_Outdoors, In_Conversation, Holding_Other_Object_Light,annotator,Behavioral Parameters,2022-05-30 01:24:49,2022-05-30 01:25:09
2022-05-30 12:42:55,2022-05-30 12:43:04,Located_Outdoors, Holding_Other_Object_Light,annotator,Behavioral Parameters,2022-05-30 01:25:09,2022-05-30 01:25:18
2022-05-30 12:43:04,2022-05-30 12:45:41,Located_Outdoors, Holding_Other_Object_Light, Holding_Solid_Food,annotator,Behavioral Parameters,2022-05-30 01:25:18,2022-05-30 01:27:55
2022-05-30 12:45:41,2022-05-30 12:45:53,Located_Outdoors, Holding_Other_Object_Light, Holding_Solid_Food,annotator,Behavioral Parameters,2022-05-30 01:27:55,2022-05-30 01:28:07
2022-05-30 12:45:53,2022-05-30 12:46:18,Located_Outdoors, Holding_Other_Object_Light, Holding_Solid_Food,annotator,Behavioral Parameters,2022-05-30 01:28:07,2022-05-30 01:28:32
2022-05-30 12:46:18,2022-05-30 12:46:31,Located_Outdoors, Holding_Other_Object_Light, Holding_Solid_Food,annotator,Behavioral Parameters,2022-05-30 01:28:32,2022-05-30 01:28:45
2022-05-30 12:46:31,2022-05-30 12:46:51,Located_Outdoors, Holding_Other_Object_Light, Holding_Solid_Food,annotator,Behavioral Parameters,2022-05-30 01:28:45,2022-05-30 01:29:05
2022-05-30 12:46:51,2022-05-30 12:48:02,Located_Outdoors, Holding_Other_Object_Light,annotator,Behavioral Parameters,2022-05-30 01:29:05,2022-05-30 01:30:16
2022-05-30 12:48:07,2022-05-30 12:48:18,Located_Outdoors, Holding_Other_Object_Light, Holding_Solid_Food, In_Conversation,annotator,Behavioral Parameters,2022-05-30 01:30:21,2022-05-30 01:30:32
2022-05-30 12:48:18,2022-05-30 12:48:18,Located_Outdoors, Holding_Other_Object_Light, Holding_Solid_Food,annotator,Behavioral Parameters,2022-05-30 01:30:32,2022-05-30 01:30:32
2022-05-30 12:48:18,2022-05-30 12:48:47,Located_Outdoors, Holding_Other_Object_Light, Holding_Solid_Food,annotator,Behavioral Parameters,2022-05-30 01:30:32,2022-05-30 01:31:01
2022-05-30 12:48:47,2022-05-30 12:49:06,Located_Outdoors, Holding_Other_Object_Light, Holding_Solid_Food,annotator,Behavioral Parameters,2022-05-30 01:31:01,2022-05-30 01:31:20
2022-05-30 12:49:06,2022-05-30 12:49:15,Located_Outdoors, Holding_Other_Object_Light,annotator,Behavioral Parameters,2022-05-30 01:31:20,2022-05-30 01:31:29
2022-05-30 12:49:15,2022-05-30 12:49:20,Located_Outdoors, Holding_Other_Object_Light, Texting/Browsing_Phone,annotator,Behavioral Parameters,2022-05-30 01:31:29,2022-05-30 01:31:34
2022-05-30 12:49:20,2022-05-30 12:49:38,Located_Outdoors, Holding_Other_Object_Light,annotator,Behavioral Parameters,2022-05-30 01:31:34,2022-05-30 01:31:52
2022-05-30 12:49:38,2022-05-30 12:49:52,Located_Outdoors, Holding_Other_Object_Light, Holding_Solid_Food,annotator,Behavioral Parameters,2022-05-30 01:31:52,2022-05-30 01:32:06
2022-05-30 12:49:52,2022-05-30 12:51:06,Located_Outdoors, Holding_Other_Object_Light,annotator,Behavioral Parameters,2022-05-30 01:32:06,2022-05-30 01:33:20
2022-05-30 12:51:06,2022-05-30 12:51:19,Located_Outdoors, Holding_Other_Object_Light, Holding_Solid_Food,annotator,Behavioral Parameters,2022-05-30 01:33:20,2022-05-30 01:33:33
2022-05-30 12:51:19,2022-05-30 12:51:29,Located_Outdoors, Holding_Other_Object_Light, Holding_Solid_Food, In_Conversation,annotator,Behavioral Parameters,2022-05-30 01:33:33,2022-05-30 01:33:43
2022-05-30 12:51:29,2022-05-30 12:52:10,Located_Outdoors, Holding_Other_Object_Light, Holding_Solid_Food,annotator,Behavioral Parameters,2022-05-30 01:33:43,2022-05-30 01:34:24
2022-05-30 12:52:10,2022-05-30 12:52:30,Located_Outdoors, Holding_Other_Object_Light,annotator,Behavioral Parameters,2022-05-30 01:34:24,2022-05-30 01:34:44
2022-05-30 12:52:30,2022-05-30 12:52:41,Located_Outdoors, Holding_Other_Object_Light,annotator,Behavioral Parameters,2022-05-30 01:34:44,2022-05-30 01:34:55
2022-05-30 12:52:41,2022-05-30 13:03:15,Located_Outdoors, CP_VideoUnavailable/Indecipherable,annotator,Behavioral Parameters,2022-05-30 01:34:55,2022-05-30 01:45:29
2022-05-30 13:03:15,2022-05-30 13:03:25,Located_Outdoors, In_Conversation, Texting/Browsing_Phone,annotator,Behavioral Parameters,2022-05-30 01:45:29,2022-05-30 01:45:39
2022-05-30 13:03:25,2022-05-30 13:04:30,Located_Outdoors, In_Conversation, Holding_Other_Object_Light,annotator,Behavioral Parameters,2022-05-30 01:45:39,2022-05-30 01:46:44
2022-05-30 13:04:30,2022-05-30 13:05:43,Located_Outdoors, Holding_Other_Object_Light,annotator,Behavioral Parameters,2022-05-30 01:46:44,2022-05-30 01:47:57
2022-05-30 13:05:43,2022-05-30 13:06:08,Located_Indoors,annotator,Behavioral Parameters,2022-05-30 01:47:57,2022-05-30 01:48:22
2022-05-30 13:06:08,2022-05-30 13:06:18,Located_Indoors, Holding_Other_Object_Light,annotator,Behavioral Parameters,2022-05-30 01:48:22,2022-05-30 01:48:32
2022-05-30 13:06:18,2022-05-30 13:06:40,Located_Outdoors,annotator,Behavioral Parameters,2022-05-30 01:48:32,2022-05-30 01:48:54
2022-05-30 13:06:40,2022-05-30 13:07:03,Located_Outdoors, Texting/Browsing_Phone,annotator,Behavioral Parameters,2022-05-30 01:48:54,2022-05-30 01:49:17
2022-05-30 13:07:03,2022-05-30 13:10:26,Located_Outdoors, Holding_Other_Object_Light,annotator,Behavioral Parameters,2022-05-30 01:49:17,2022-05-30 01:52:40
2022-05-30 13:10:26,2022-05-30 13:10:33,Located_Outdoors, Holding_Other_Object_Light, Texting/Browsing_Phone,annotator,Behavioral Parameters,2022-05-30 01:52:40,2022-05-30 01:52:47
2022-05-30 13:10:33,2022-05-30 13:11:43,Located_Outdoors, Holding_Other_Object_Light,annotator,Behavioral Parameters,2022-05-30 01:52:47,2022-05-30 01:53:57
2022-05-30 13:11:43,2022-05-30 13:11:49,Located_Outdoors, Holding_Other_Object_Light,annotator,Behavioral Parameters,2022-05-30 01:53:57,2022-05-30 01:54:03
2022-05-30 13:11:49,2022-05-30 13:12:07,Located_Outdoors, Holding_Other_Object_Light,annotator,Behavioral Parameters,2022-05-30 01:54:03,2022-05-30 01:54:21
2022-05-30 13:12:07,2022-05-30 13:12:13,Located_Outdoors, Holding_Other_Object_Light,annotator,Behavioral Parameters,2022-05-30 01:54:21,2022-05-30 01:54:27
2022-05-30 13:12:13,2022-05-30 13:12:27,Located_Outdoors, Holding_Other_Object_Light,annotator,Behavioral Parameters,2022-05-30 01:54:27,2022-05-30 01:54:41
2022-05-30 13:12:27,2022-05-30 13:12:34,Located_Outdoors, Holding_Other_Object_Light, Texting/Browsing_Phone,annotator,Behavioral Parameters,2022-05-30 01:54:41,2022-05-30 01:54:48
2022-05-30 13:12:34,2022-05-30 13:12:47,Located_Outdoors, Holding_Other_Object_Light,annotator,Behavioral Parameters,2022-05-30 01:54:48,2022-05-30 01:55:01
2022-05-30 13:12:47,2022-05-30 13:13:21,Located_Outdoors, Holding_Other_Object_Light,annotator,Behavioral Parameters,2022-05-30 01:55:01,2022-05-30 01:55:35
2022-05-30 13:13:21,2022-05-30 13:14:24,Located_Outdoors, Holding_Other_Object_Light,annotator,Behavioral Parameters,2022-05-30 01:55:35,2022-05-30 01:56:38
2022-05-30 13:14:24,2022-05-30 13:14:41,Located_Outdoors, Holding_Other_Object_Light,annotator,Behavioral Parameters,2022-05-30 01:56:38,2022-05-30 01:56:55
2022-05-30 13:14:41,2022-05-30 13:14:51,Located_Outdoors,annotator,Behavioral Parameters,2022-05-30 01:56:55,2022-05-30 01:57:05
2022-05-30 13:14:51,2022-05-30 13:15:44,Located_Outdoors, Texting/Browsing_Phone, In_Conversation,annotator,Behavioral Parameters,2022-05-30 01:57:05,2022-05-30 01:57:58
2022-05-30 13:15:44,2022-05-30 13:16:24,Located_Outdoors, Texting/Browsing_Phone,annotator,Behavioral Parameters,2022-05-30 01:57:58,2022-05-30 01:58:38
2022-05-30 13:16:24,2022-05-30 13:17:47,Located_Outdoors, Texting/Browsing_Phone,annotator,Behavioral Parameters,2022-05-30 01:58:38,2022-05-30 02:00:01
2022-05-30 13:17:47,2022-05-30 13:18:04,Located_Outdoors, Texting/Browsing_Phone,annotator,Behavioral Parameters,2022-05-30 02:00:01,2022-05-30 02:00:18
2022-05-30 13:18:04,2022-05-30 13:22:04,Located_Outdoors, Texting/Browsing_Phone,annotator,Behavioral Parameters,2022-05-30 02:00:18,2022-05-30 02:04:18
2022-05-30 13:22:04,2022-05-30 13:22:53,Located_Outdoors, Texting/Browsing_Phone,annotator,Behavioral Parameters,2022-05-30 02:04:18,2022-05-30 02:05:07
2022-05-30 13:22:53,2022-05-30 13:35:05,Located_Outdoors, Texting/Browsing_Phone,annotator,Behavioral Parameters,2022-05-30 02:05:07,2022-05-30 02:17:19
2022-05-30 13:35:05,2022-05-30 13:36:03,Located_Outdoors, Texting/Browsing_Phone,annotator,Behavioral Parameters,2022-05-30 02:17:19,2022-05-30 02:18:17
2022-05-30 13:36:03,2022-05-30 13:36:26,Located_Outdoors,annotator,Behavioral Parameters,2022-05-30 02:18:17,2022-05-30 02:18:40
2022-05-30 13:36:26,2022-05-30 13:37:21,Located_Outdoors, Texting/Browsing_Phone,annotator,Behavioral Parameters,2022-05-30 02:18:40,2022-05-30 02:19:35
2022-05-30 13:37:21,2022-05-30 13:40:49,Located_Outdoors, Texting/Browsing_Phone,annotator,Behavioral Parameters,2022-05-30 02:19:35,2022-05-30 02:23:03
2022-05-30 13:40:49,2022-05-30 13:40:59,Located_Outdoors,annotator,Behavioral Parameters,2022-05-30 02:23:03,2022-05-30 02:23:13
2022-05-30 13:40:59,2022-05-30 14:01:57,Located_Outdoors, Texting/Browsing_Phone,annotator,Behavioral Parameters,2022-05-30 02:23:13,2022-05-30 02:44:11
2022-05-30 14:01:57,2022-05-30 14:02:52,Located_Outdoors,annotator,Behavioral Parameters,2022-05-30 02:44:11,2022-05-30 02:45:06
2022-05-30 14:02:52,2022-05-30 14:04:56,Located_Outdoors, Texting/Browsing_Phone,annotator,Behavioral Parameters,2022-05-30 02:45:06,2022-05-30 02:47:10
2022-05-30 14:04:56,2022-05-30 14:06:01,Located_Outdoors,annotator,Behavioral Parameters,2022-05-30 02:47:10,2022-05-30 02:48:15
2022-05-30 14:06:01,2022-05-30 14:06:52,Located_Outdoors, Texting/Browsing_Phone,annotator,Behavioral Parameters,2022-05-30 02:48:15,2022-05-30 02:49:06
2022-05-30 14:06:52,2022-05-30 14:07:24,Located_Outdoors, On_Phone_Call, In_Conversation,annotator,Behavioral Parameters,2022-05-30 02:49:06,2022-05-30 02:49:38
2022-05-30 14:07:24,2022-05-30 14:07:32,Located_Outdoors, Texting/Browsing_Phone,annotator,Behavioral Parameters,2022-05-30 02:49:38,2022-05-30 02:49:46
2022-05-30 14:07:32,2022-05-30 14:07:54,Located_Outdoors, Holding_Drink,annotator,Behavioral Parameters,2022-05-30 02:49:46,2022-05-30 02:50:08
2022-05-30 14:07:54,2022-05-30 14:08:33,Located_Outdoors, In_Conversation,annotator,Behavioral Parameters,2022-05-30 02:50:08,2022-05-30 02:50:47
2022-05-30 14:08:33,2022-05-30 14:08:47,Located_Outdoors, In_Conversation,annotator,Behavioral Parameters,2022-05-30 02:50:47,2022-05-30 02:51:01
2022-05-30 14:08:47,2022-05-30 14:09:26,Located_Outdoors, Texting/Browsing_Phone,annotator,Behavioral Parameters,2022-05-30 02:51:01,2022-05-30 02:51:40
2022-05-30 14:09:26,2022-05-30 14:10:21,Located_Outdoors, In_Conversation,annotator,Behavioral Parameters,2022-05-30 02:51:40,2022-05-30 02:52:35
2022-05-30 14:10:21,2022-05-30 14:10:36,Located_Outdoors, Texting/Browsing_Phone,annotator,Behavioral Parameters,2022-05-30 02:52:35,2022-05-30 02:52:50
2022-05-30 14:10:36,2022-05-30 14:11:18,Located_Outdoors,annotator,Behavioral Parameters,2022-05-30 02:52:50,2022-05-30 02:53:32
2022-05-30 14:11:18,2022-05-30 14:11:30,Located_Outdoors, In_Conversation,annotator,Behavioral Parameters,2022-05-30 02:53:32,2022-05-30 02:53:44
2022-05-30 14:11:31,2022-05-30 14:12:36,Located_Outdoors,annotator,Behavioral Parameters,2022-05-30 02:53:45,2022-05-30 02:54:50
2022-05-30 14:12:32,2022-05-30 14:12:34,Located_Outdoors,annotator,Behavioral Parameters,2022-05-30 02:54:46,2022-05-30 02:54:48
2022-05-30 14:12:36,2022-05-30 14:17:03,Located_Outdoors, Texting/Browsing_Phone,annotator,Behavioral Parameters,2022-05-30 02:54:50,2022-05-30 02:59:17
2022-05-30 14:17:03,2022-05-30 14:17:18,Located_Outdoors,annotator,Behavioral Parameters,2022-05-30 02:59:17,2022-05-30 02:59:32
2022-05-30 14:17:18,2022-05-30 14:17:31,Located_Outdoors, Texting/Browsing_Phone,annotator,Behavioral Parameters,2022-05-30 02:59:32,2022-05-30 02:59:45
2022-05-30 14:17:31,2022-05-30 14:17:49,Located_Outdoors,annotator,Behavioral Parameters,2022-05-30 02:59:45,2022-05-30 03:00:03
2022-05-30 14:17:49,2022-05-30 14:18:18,Located_Outdoors, Texting/Browsing_Phone,annotator,Behavioral Parameters,2022-05-30 03:00:03,2022-05-30 03:00:32
2022-05-30 14:18:18,2022-05-30 14:20:43,Located_Outdoors, Texting/Browsing_Phone, In_Conversation,annotator,Behavioral Parameters,2022-05-30 03:00:32,2022-05-30 03:02:57
2022-05-30 14:20:43,2022-05-30 14:21:18,Located_Outdoors, Texting/Browsing_Phone,annotator,Behavioral Parameters,2022-05-30 03:02:57,2022-05-30 03:03:32
2022-05-30 14:21:18,2022-05-30 14:21:25,Located_Outdoors,annotator,Behavioral Parameters,2022-05-30 03:03:32,2022-05-30 03:03:39
2022-05-30 14:21:25,2022-05-30 14:21:51,Located_Outdoors, Holding_Drink,annotator,Behavioral Parameters,2022-05-30 03:03:39,2022-05-30 03:04:05
2022-05-30 14:21:51,2022-05-30 14:22:25,Located_Outdoors, Holding_Other_Object_Light,annotator,Behavioral Parameters,2022-05-30 03:04:05,2022-05-30 03:04:39
2022-05-30 14:22:25,2022-05-30 14:22:42,Located_Outdoors, Holding_Drink,annotator,Behavioral Parameters,2022-05-30 03:04:39,2022-05-30 03:04:56
2022-05-30 14:22:42,2022-05-30 14:23:08,Located_Outdoors,annotator,Behavioral Parameters,2022-05-30 03:04:56,2022-05-30 03:05:22
2022-05-30 14:23:08,2022-05-30 14:24:05,Located_Outdoors, Texting/Browsing_Phone,annotator,Behavioral Parameters,2022-05-30 03:05:22,2022-05-30 03:06:19
2022-05-30 14:24:05,2022-05-30 14:24:37,Located_Outdoors,annotator,Behavioral Parameters,2022-05-30 03:06:19,2022-05-30 03:06:51
2022-05-30 14:24:37,2022-05-30 14:24:56,Located_Outdoors, Texting/Browsing_Phone,annotator,Behavioral Parameters,2022-05-30 03:06:51,2022-05-30 03:07:10
2022-05-30 14:24:56,2022-05-30 14:25:06,Located_Outdoors,annotator,Behavioral Parameters,2022-05-30 03:07:10,2022-05-30 03:07:20
2022-05-30 14:25:06,2022-05-30 14:25:13,Located_Outdoors,annotator,Behavioral Parameters,2022-05-30 03:07:20,2022-05-30 03:07:27
2022-05-30 14:25:13,2022-05-30 14:25:38,Located_Outdoors,annotator,Behavioral Parameters,2022-05-30 03:07:27,2022-05-30 03:07:52
2022-05-30 14:25:38,2022-05-30 14:32:37,Located_Indoors,annotator,Behavioral Parameters,2022-05-30 03:07:52,2022-05-30 03:14:51
2022-05-30 14:32:37,2022-05-30 14:32:57,Located_Indoors,annotator,Behavioral Parameters,2022-05-30 03:14:51,2022-05-30 03:15:11
2022-05-30 14:32:57,2022-05-30 14:33:15,Located_Indoors, In_Conversation,annotator,Behavioral Parameters,2022-05-30 03:15:11,2022-05-30 03:15:29
2022-05-30 14:33:15,2022-05-30 14:33:44,Located_Indoors, In_Conversation, Holding_Other_Object_Light,annotator,Behavioral Parameters,2022-05-30 03:15:29,2022-05-30 03:15:58
2022-05-30 14:33:44,2022-05-30 14:33:52,Located_Indoors, Holding_Drink,annotator,Behavioral Parameters,2022-05-30 03:15:58,2022-05-30 03:16:06
2022-05-30 14:33:52,2022-05-30 14:34:20,Holding_Drink, Located_Outdoors,annotator,Behavioral Parameters,2022-05-30 03:16:06,2022-05-30 03:16:34
2022-05-30 14:34:20,2022-05-30 14:34:37,Located_Outdoors, Holding_Other_Object_Light,annotator,Behavioral Parameters,2022-05-30 03:16:34,2022-05-30 03:16:51
2022-05-30 14:34:37,2022-05-30 14:34:57,Located_Outdoors, Holding_Other_Object_Light, Holding_Solid_Food, In_Conversation,annotator,Behavioral Parameters,2022-05-30 03:16:51,2022-05-30 03:17:11
2022-05-30 14:34:57,2022-05-30 14:35:16,Located_Outdoors, Holding_Solid_Food,annotator,Behavioral Parameters,2022-05-30 03:17:11,2022-05-30 03:17:30
2022-05-30 14:35:16,2022-05-30 14:35:34,Located_Outdoors, Holding_Solid_Food, Holding_Drink,annotator,Behavioral Parameters,2022-05-30 03:17:30,2022-05-30 03:17:48
2022-05-30 14:35:34,2022-05-30 14:36:07,Located_Outdoors, Holding_Solid_Food,annotator,Behavioral Parameters,2022-05-30 03:17:48,2022-05-30 03:18:21
2022-05-30 14:36:07,2022-05-30 14:36:33,Located_Outdoors, Holding_Solid_Food, Holding_Drink,annotator,Behavioral Parameters,2022-05-30 03:18:21,2022-05-30 03:18:47
2022-05-30 14:36:33,2022-05-30 14:37:05,Located_Outdoors, Holding_Other_Object_Light,annotator,Behavioral Parameters,2022-05-30 03:18:47,2022-05-30 03:19:19
2022-05-30 14:37:05,2022-05-30 14:37:49,Located_Outdoors, Holding_Other_Object_Light, In_Conversation,annotator,Behavioral Parameters,2022-05-30 03:19:19,2022-05-30 03:20:03
2022-05-30 14:37:49,2022-05-30 14:39:30,Located_Outdoors, Holding_Solid_Food,annotator,Behavioral Parameters,2022-05-30 03:20:03,2022-05-30 03:21:44
2022-05-30 14:39:30,2022-05-30 14:39:49,Located_Outdoors, In_Conversation,annotator,Behavioral Parameters,2022-05-30 03:21:44,2022-05-30 03:22:03
2022-05-30 14:39:49,2022-05-30 14:41:02,Located_Outdoors, Holding_Drink, Holding_Other_Object_Light,annotator,Behavioral Parameters,2022-05-30 03:22:03,2022-05-30 03:23:16
2022-05-30 14:41:02,2022-05-30 14:42:23,Located_Outdoors, Holding_Solid_Food,annotator,Behavioral Parameters,2022-05-30 03:23:16,2022-05-30 03:24:37
2022-05-30 14:42:23,2022-05-30 14:42:51,Located_Outdoors,annotator,Behavioral Parameters,2022-05-30 03:24:37,2022-05-30 03:25:05
2022-05-30 14:42:51,2022-05-30 14:44:14,Located_Outdoors, Holding_Drink, Holding_Other_Object_Light,annotator,Behavioral Parameters,2022-05-30 03:25:05,2022-05-30 03:26:28
2022-05-30 14:44:14,2022-05-30 14:45:06,Located_Outdoors, In_Conversation,annotator,Behavioral Parameters,2022-05-30 03:26:28,2022-05-30 03:27:20
2022-05-30 14:45:06,2022-05-30 14:45:48,Located_Outdoors, In_Conversation,annotator,Behavioral Parameters,2022-05-30 03:27:20,2022-05-30 03:28:02
2022-05-30 14:45:48,2022-05-30 14:46:02,Located_Outdoors, Holding_Drink, Holding_Other_Object_Light,annotator,Behavioral Parameters,2022-05-30 03:28:02,2022-05-30 03:28:16
2022-05-30 14:46:02,2022-05-30 14:46:44,Located_Outdoors, Holding_Drink,annotator,Behavioral Parameters,2022-05-30 03:28:16,2022-05-30 03:28:58
2022-05-30 14:46:44,2022-05-30 14:47:42,Located_Outdoors,annotator,Behavioral Parameters,2022-05-30 03:28:58,2022-05-30 03:29:56
2022-05-30 14:47:42,2022-05-30 14:48:02,Located_Outdoors, Texting/Browsing_Phone,annotator,Behavioral Parameters,2022-05-30 03:29:56,2022-05-30 03:30:16
2022-05-30 14:48:02,2022-05-30 14:48:16,Located_Outdoors,annotator,Behavioral Parameters,2022-05-30 03:30:16,2022-05-30 03:30:30
2022-05-30 14:48:16,2022-05-30 14:49:52,Located_Outdoors, Texting/Browsing_Phone,annotator,Behavioral Parameters,2022-05-30 03:30:30,2022-05-30 03:32:06
2022-05-30 14:49:52,2022-05-30 14:50:50,Located_Outdoors,annotator,Behavioral Parameters,2022-05-30 03:32:06,2022-05-30 03:33:04
2022-05-30 14:50:50,2022-05-30 14:51:15,Located_Outdoors, Texting/Browsing_Phone,annotator,Behavioral Parameters,2022-05-30 03:33:04,2022-05-30 03:33:29
2022-05-30 14:51:15,2022-05-30 14:51:29,Located_Outdoors, Holding_Other_Object_Light, Holding_Drink,annotator,Behavioral Parameters,2022-05-30 03:33:29,2022-05-30 03:33:43
2022-05-30 14:51:29,2022-05-30 14:52:01,Located_Outdoors, Texting/Browsing_Phone,annotator,Behavioral Parameters,2022-05-30 03:33:43,2022-05-30 03:34:15
2022-05-30 14:52:01,2022-05-30 14:57:00,Located_Outdoors,annotator,Behavioral Parameters,2022-05-30 03:34:15,2022-05-30 03:39:14
2022-05-30 14:57:00,2022-05-30 14:57:13,Located_Outdoors, Holding_Other_Object_Light, Holding_Drink,annotator,Behavioral Parameters,2022-05-30 03:39:14,2022-05-30 03:39:27
2022-05-30 14:57:13,2022-05-30 14:58:51,Located_Outdoors,annotator,Behavioral Parameters,2022-05-30 03:39:27,2022-05-30 03:41:05
2022-05-30 14:58:51,2022-05-30 14:58:57,Located_Outdoors, Texting/Browsing_Phone,annotator,Behavioral Parameters,2022-05-30 03:41:05,2022-05-30 03:41:11
2022-05-30 14:58:57,2022-05-30 15:01:11,Located_Outdoors,annotator,Behavioral Parameters,2022-05-30 03:41:11,2022-05-30 03:43:25
2022-05-30 15:01:11,2022-05-30 15:06:20,Located_Outdoors, Texting/Browsing_Phone,annotator,Behavioral Parameters,2022-05-30 03:43:25,2022-05-30 03:48:34
2022-05-30 15:06:20,2022-05-30 15:06:55,Located_Outdoors,annotator,Behavioral Parameters,2022-05-30 03:48:34,2022-05-30 03:49:09
2022-05-30 15:06:55,2022-05-30 15:07:21,Located_Outdoors, Texting/Browsing_Phone,annotator,Behavioral Parameters,2022-05-30 03:49:09,2022-05-30 03:49:35
2022-05-30 15:07:21,2022-05-30 15:07:31,Located_Outdoors,annotator,Behavioral Parameters,2022-05-30 03:49:35,2022-05-30 03:49:45
2022-05-30 15:07:31,2022-05-30 15:30:20,Located_Outdoors, Texting/Browsing_Phone,annotator,Behavioral Parameters,2022-05-30 03:49:45,2022-05-30 04:12:34
2022-05-30 15:30:20,2022-05-30 15:30:23,Located_Outdoors,annotator,Behavioral Parameters,2022-05-30 04:12:34,2022-05-30 04:12:37
2022-05-30 15:30:23,2022-05-30 15:30:29,Located_Outdoors, Texting/Browsing_Phone,annotator,Behavioral Parameters,2022-05-30 04:12:37,2022-05-30 04:12:43
2022-05-30 15:30:29,2022-05-30 15:30:33,Located_Outdoors,annotator,Behavioral Parameters,2022-05-30 04:12:43,2022-05-30 04:12:47
2022-05-30 15:30:33,2022-05-30 15:30:48,Located_Outdoors, Texting/Browsing_Phone, In_Conversation,annotator,Behavioral Parameters,2022-05-30 04:12:47,2022-05-30 04:13:02
2022-05-30 15:30:48,2022-05-30 15:32:06,Located_Outdoors, Texting/Browsing_Phone,annotator,Behavioral Parameters,2022-05-30 04:13:02,2022-05-30 04:14:20
2022-05-30 15:32:06,2022-05-30 15:32:17,Located_Outdoors,annotator,Behavioral Parameters,2022-05-30 04:14:20,2022-05-30 04:14:31
2022-05-30 15:32:17,2022-05-30 15:33:29,Located_Outdoors, Holding_Other_Object_Light,annotator,Behavioral Parameters,2022-05-30 04:14:31,2022-05-30 04:15:43
2022-05-30 15:33:29,2022-05-30 15:34:26,Located_Outdoors, Texting/Browsing_Phone,annotator,Behavioral Parameters,2022-05-30 04:15:43,2022-05-30 04:16:40
2022-05-30 15:34:26,2022-05-30 15:35:18,Located_Outdoors, Holding_Other_Object_Light,annotator,Behavioral Parameters,2022-05-30 04:16:40,2022-05-30 04:17:32
2022-05-30 15:35:18,2022-05-30 15:35:27,Located_Outdoors, Holding_Other_Object_Light, Texting/Browsing_Phone,annotator,Behavioral Parameters,2022-05-30 04:17:32,2022-05-30 04:17:41
2022-05-30 15:35:27,2022-05-30 15:35:43,Located_Outdoors, Holding_Other_Object_Light,annotator,Behavioral Parameters,2022-05-30 04:17:41,2022-05-30 04:17:57
2022-05-30 15:35:43,2022-05-30 15:36:17,Located_Outdoors, Texting/Browsing_Phone,annotator,Behavioral Parameters,2022-05-30 04:17:57,2022-05-30 04:18:31
2022-05-30 15:36:17,2022-05-30 15:36:27,Located_Outdoors, Holding_Other_Object_Light,annotator,Behavioral Parameters,2022-05-30 04:18:31,2022-05-30 04:18:41
2022-05-30 15:36:27,2022-05-30 15:38:34,Located_Outdoors, Texting/Browsing_Phone,annotator,Behavioral Parameters,2022-05-30 04:18:41,2022-05-30 04:20:48
2022-05-30 15:38:34,2022-05-30 15:38:54,Located_Outdoors, Texting/Browsing_Phone, Holding_Other_Object_Light,annotator,Behavioral Parameters,2022-05-30 04:20:48,2022-05-30 04:21:08
2022-05-30 15:38:54,2022-05-30 15:39:37,Located_Outdoors, Texting/Browsing_Phone, Holding_Other_Object_Light, In_Conversation,annotator,Behavioral Parameters,2022-05-30 04:21:08,2022-05-30 04:21:51
2022-05-30 15:39:37,2022-05-30 15:40:30,Located_Outdoors, Texting/Browsing_Phone, Holding_Other_Object_Light,annotator,Behavioral Parameters,2022-05-30 04:21:51,2022-05-30 04:22:44
2022-05-30 15:40:30,2022-05-30 15:40:42,Located_Outdoors, Texting/Browsing_Phone, Holding_Other_Object_Light, In_Conversation,annotator,Behavioral Parameters,2022-05-30 04:22:44,2022-05-30 04:22:56
2022-05-30 15:40:42,2022-05-30 15:40:57,Located_Outdoors, Texting/Browsing_Phone, In_Conversation, Holding_Drink,annotator,Behavioral Parameters,2022-05-30 04:22:56,2022-05-30 04:23:11
2022-05-30 15:40:57,2022-05-30 15:42:24,Located_Outdoors, Texting/Browsing_Phone, In_Conversation, Holding_Other_Object_Light,annotator,Behavioral Parameters,2022-05-30 04:23:11,2022-05-30 04:24:38
2022-05-30 15:42:24,2022-05-30 15:42:49,Located_Outdoors, Texting/Browsing_Phone, Holding_Drink,annotator,Behavioral Parameters,2022-05-30 04:24:38,2022-05-30 04:25:03
2022-05-30 15:42:49,2022-05-30 15:44:11,Located_Outdoors, Texting/Browsing_Phone, In_Conversation,annotator,Behavioral Parameters,2022-05-30 04:25:03,2022-05-30 04:26:25
2022-05-30 15:44:11,2022-05-30 15:44:19,Located_Outdoors, Texting/Browsing_Phone, In_Conversation, Holding_Drink,annotator,Behavioral Parameters,2022-05-30 04:26:25,2022-05-30 04:26:33
2022-05-30 15:44:19,2022-05-30 15:45:09,Located_Outdoors, Texting/Browsing_Phone, In_Conversation,annotator,Behavioral Parameters,2022-05-30 04:26:33,2022-05-30 04:27:23
2022-05-30 15:45:12,2022-05-30 15:48:21,Located_Outdoors, Texting/Browsing_Phone, In_Conversation, On_Video_Call/FaceTime,annotator,Behavioral Parameters,2022-05-30 04:27:26,2022-05-30 04:30:35
2022-05-30 15:48:21,2022-05-30 15:48:21,Located_Outdoors, Texting/Browsing_Phone, In_Conversation, On_Video_Call/FaceTime,annotator,Behavioral Parameters,2022-05-30 04:30:35,2022-05-30 04:30:35
2022-05-30 15:48:21,2022-05-30 15:48:38,Located_Outdoors, Texting/Browsing_Phone, In_Conversation, On_Video_Call/FaceTime, Holding_Drink,annotator,Behavioral Parameters,2022-05-30 04:30:35,2022-05-30 04:30:52
2022-05-30 15:48:21,2022-05-30 15:48:21,Located_Outdoors, Texting/Browsing_Phone, In_Conversation, On_Video_Call/FaceTime,annotator,Behavioral Parameters,2022-05-30 04:30:35,2022-05-30 04:30:35
2022-05-30 15:48:38,2022-05-30 15:49:17,Located_Outdoors, Texting/Browsing_Phone, In_Conversation, On_Video_Call/FaceTime,annotator,Behavioral Parameters,2022-05-30 04:30:52,2022-05-30 04:31:31
2022-05-30 15:49:17,2022-05-30 15:49:24,Located_Outdoors, Texting/Browsing_Phone, In_Conversation, On_Video_Call/FaceTime, Holding_Drink,annotator,Behavioral Parameters,2022-05-30 04:31:31,2022-05-30 04:31:38
2022-05-30 15:49:24,2022-05-30 15:49:47,Located_Outdoors, Texting/Browsing_Phone, In_Conversation, On_Video_Call/FaceTime,annotator,Behavioral Parameters,2022-05-30 04:31:38,2022-05-30 04:32:01
2022-05-30 15:49:47,2022-05-30 15:49:59,Located_Outdoors, Texting/Browsing_Phone, In_Conversation, On_Video_Call/FaceTime, Holding_Drink,annotator,Behavioral Parameters,2022-05-30 04:32:01,2022-05-30 04:32:13
2022-05-30 15:49:59,2022-05-30 15:50:21,Located_Outdoors, Texting/Browsing_Phone, In_Conversation, On_Video_Call/FaceTime,annotator,Behavioral Parameters,2022-05-30 04:32:13,2022-05-30 04:32:35
2022-05-30 15:50:21,2022-05-30 15:50:39,Located_Outdoors, Texting/Browsing_Phone,annotator,Behavioral Parameters,2022-05-30 04:32:35,2022-05-30 04:32:53
2022-05-30 15:50:39,2022-05-30 15:50:46,Located_Outdoors,annotator,Behavioral Parameters,2022-05-30 04:32:53,2022-05-30 04:33:00
2022-05-30 15:50:46,2022-05-30 15:51:18,Located_Outdoors, Texting/Browsing_Phone,annotator,Behavioral Parameters,2022-05-30 04:33:00,2022-05-30 04:33:32
2022-05-30 15:51:18,2022-05-30 15:51:50,Located_Outdoors, Texting/Browsing_Phone, In_Conversation,annotator,Behavioral Parameters,2022-05-30 04:33:32,2022-05-30 04:34:04
2022-05-30 15:51:50,2022-05-30 15:52:56,Located_Outdoors, Texting/Browsing_Phone,annotator,Behavioral Parameters,2022-05-30 04:34:04,2022-05-30 04:35:10
2022-05-30 15:52:56,2022-05-30 15:56:16,Located_Outdoors, Texting/Browsing_Phone, In_Conversation,annotator,Behavioral Parameters,2022-05-30 04:35:10,2022-05-30 04:38:30
2022-05-30 15:56:16,2022-05-30 16:03:35,Located_Outdoors, In_Conversation, On_Video_Call/FaceTime,annotator,Behavioral Parameters,2022-05-30 04:38:30,2022-05-30 04:45:49
2022-05-30 16:03:35,2022-05-30 16:04:01,Located_Outdoors,annotator,Behavioral Parameters,2022-05-30 04:45:49,2022-05-30 04:46:15
2022-05-30 16:04:01,2022-05-30 16:04:34,Located_Outdoors, In_Conversation,annotator,Behavioral Parameters,2022-05-30 04:46:15,2022-05-30 04:46:48
2022-05-30 16:04:34,2022-05-30 16:08:23,Located_Outdoors,annotator,Behavioral Parameters,2022-05-30 04:46:48,2022-05-30 04:50:37
2022-05-30 16:08:23,2022-05-30 16:08:36,Located_Outdoors, Texting/Browsing_Phone,annotator,Behavioral Parameters,2022-05-30 04:50:37,2022-05-30 04:50:50
2022-05-30 16:08:36,2022-05-30 16:10:01,Located_Outdoors, On_Video_Call/FaceTime, In_Conversation,annotator,Behavioral Parameters,2022-05-30 04:50:50,2022-05-30 04:52:15
2022-05-30 16:10:01,2022-05-30 16:12:00,Located_Outdoors,annotator,Behavioral Parameters,2022-05-30 04:52:15,2022-05-30 04:54:14
2022-05-30 16:12:00,2022-05-30 16:12:22,Located_Outdoors, In_Conversation,annotator,Behavioral Parameters,2022-05-30 04:54:14,2022-05-30 04:54:36
2022-05-30 16:12:22,2022-05-30 16:13:02,Located_Outdoors, Texting/Browsing_Phone,annotator,Behavioral Parameters,2022-05-30 04:54:36,2022-05-30 04:55:16
2022-05-30 16:13:02,2022-05-30 16:16:55,Located_Outdoors,annotator,Behavioral Parameters,2022-05-30 04:55:16,2022-05-30 04:59:09
2022-05-30 16:16:55,2022-05-30 16:17:13,Located_Outdoors, Texting/Browsing_Phone, In_Conversation,annotator,Behavioral Parameters,2022-05-30 04:59:09,2022-05-30 04:59:27
2022-05-30 16:17:13,2022-05-30 16:23:10,Located_Outdoors,annotator,Behavioral Parameters,2022-05-30 04:59:27,2022-05-30 05:05:24
2022-05-30 16:23:10,2022-05-30 16:24:38,Located_Outdoors, Texting/Browsing_Phone,annotator,Behavioral Parameters,2022-05-30 05:05:24,2022-05-30 05:06:52
2022-05-30 16:24:38,2022-05-30 16:25:50,Located_Outdoors,annotator,Behavioral Parameters,2022-05-30 05:06:52,2022-05-30 05:08:04
2022-05-30 16:25:50,2022-05-30 16:28:18,Located_Outdoors, On_Phone_Call,annotator,Behavioral Parameters,2022-05-30 05:08:04,2022-05-30 05:10:32
2022-05-30 16:28:18,2022-05-30 16:30:03,Located_Outdoors, Texting/Browsing_Phone,annotator,Behavioral Parameters,2022-05-30 05:10:32,2022-05-30 05:12:17
2022-05-30 16:30:03,2022-05-30 16:30:23,Located_Outdoors,annotator,Behavioral Parameters,2022-05-30 05:12:17,2022-05-30 05:12:37
2022-05-30 16:30:23,2022-05-30 16:30:33,Located_Outdoors, Texting/Browsing_Phone,annotator,Behavioral Parameters,2022-05-30 05:12:37,2022-05-30 05:12:47
2022-05-30 16:30:33,2022-05-30 16:34:47,Located_Outdoors,annotator,Behavioral Parameters,2022-05-30 05:12:47,2022-05-30 05:17:01
2022-05-30 16:34:47,2022-05-30 16:34:56,Located_Outdoors,annotator,Behavioral Parameters,2022-05-30 05:17:01,2022-05-30 05:17:10
2022-05-30 16:34:56,2022-05-30 16:35:04,Located_Outdoors,annotator,Behavioral Parameters,2022-05-30 05:17:10,2022-05-30 05:17:18
2022-05-30 16:35:04,2022-05-30 16:35:11,Located_Outdoors, In_Conversation,annotator,Behavioral Parameters,2022-05-30 05:17:18,2022-05-30 05:17:25
2022-05-30 16:35:11,2022-05-30 16:35:24,Located_Outdoors, Holding_Other_Object_Light,annotator,Behavioral Parameters,2022-05-30 05:17:25,2022-05-30 05:17:38
2022-05-30 16:35:24,2022-05-30 16:35:34,Located_Indoors, Holding_Other_Object_Light,annotator,Behavioral Parameters,2022-05-30 05:17:38,2022-05-30 05:17:48
2022-05-30 16:35:34,2022-05-30 16:35:40,Located_Indoors, Holding_Other_Object_Light,annotator,Behavioral Parameters,2022-05-30 05:17:48,2022-05-30 05:17:54
2022-05-30 16:35:40,2022-05-30 16:35:50,Located_Indoors,annotator,Behavioral Parameters,2022-05-30 05:17:54,2022-05-30 05:18:04
2022-05-30 16:35:50,2022-05-30 16:36:00,Located_Indoors,annotator,Behavioral Parameters,2022-05-30 05:18:04,2022-05-30 05:18:14
2022-05-30 16:36:01,2022-05-30 16:36:19,Located_Indoors, Texting/Browsing_Phone,annotator,Behavioral Parameters,2022-05-30 05:18:15,2022-05-30 05:18:33
2022-05-30 16:36:19,2022-05-30 16:36:22,Located_Indoors, Holding_Other_Object_Light,annotator,Behavioral Parameters,2022-05-30 05:18:33,2022-05-30 05:18:36
2022-05-30 16:36:22,2022-05-30 16:36:54,Located_Indoors, Holding_Other_Object_Light,annotator,Behavioral Parameters,2022-05-30 05:18:36,2022-05-30 05:19:08
2022-05-30 16:36:54,2022-05-30 16:37:04,Located_Indoors, Texting/Browsing_Phone,annotator,Behavioral Parameters,2022-05-30 05:19:08,2022-05-30 05:19:18
2022-05-30 16:37:04,2022-05-30 16:37:17,Located_Indoors, In_Conversation,annotator,Behavioral Parameters,2022-05-30 05:19:18,2022-05-30 05:19:31
2022-05-30 16:37:17,2022-05-30 16:38:48,BP_VideoUnavailable/Indecipherable,annotator,Behavioral Parameters,2022-05-30 05:19:31,2022-05-30 05:21:02
2022-05-30 16:38:48,2022-05-30 16:38:54,Located_Indoors, In_Conversation,annotator,Behavioral Parameters,2022-05-30 05:21:02,2022-05-30 05:21:08
2022-05-30 16:38:54,2022-05-30 16:39:00,Located_Indoors,annotator,Behavioral Parameters,2022-05-30 05:21:08,2022-05-30 05:21:14
2022-05-30 16:39:00,2022-05-30 16:39:45,Located_Indoors,annotator,Behavioral Parameters,2022-05-30 05:21:14,2022-05-30 05:21:59
2022-05-30 16:39:45,2022-05-30 16:39:49,Located_Indoors,annotator,Behavioral Parameters,2022-05-30 05:21:59,2022-05-30 05:22:03
2022-05-30 16:39:49,2022-05-30 16:40:00,Located_Indoors,annotator,Behavioral Parameters,2022-05-30 05:22:03,2022-05-30 05:22:14
2022-05-30 16:40:00,2022-05-30 16:40:21,Located_Indoors, Texting/Browsing_Phone,annotator,Behavioral Parameters,2022-05-30 05:22:14,2022-05-30 05:22:35
2022-05-30 16:40:21,2022-05-30 16:40:32,Located_Indoors,annotator,Behavioral Parameters,2022-05-30 05:22:35,2022-05-30 05:22:46
2022-05-30 16:40:32,2022-05-30 16:40:37,Located_Indoors, Holding_Drink,annotator,Behavioral Parameters,2022-05-30 05:22:46,2022-05-30 05:22:51
2022-05-30 16:40:37,2022-05-30 16:40:41,Located_Indoors,annotator,Behavioral Parameters,2022-05-30 05:22:51,2022-05-30 05:22:55
2022-05-30 16:40:41,2022-05-30 16:40:47,Located_Indoors,annotator,Behavioral Parameters,2022-05-30 05:22:55,2022-05-30 05:23:01
2022-05-30 16:40:47,2022-05-30 16:40:54,Located_Indoors,annotator,Behavioral Parameters,2022-05-30 05:23:01,2022-05-30 05:23:08
2022-05-30 16:40:54,2022-05-30 16:41:00,Located_Indoors,annotator,Behavioral Parameters,2022-05-30 05:23:08,2022-05-30 05:23:14
2022-05-30 16:41:00,2022-05-30 16:41:02,Located_Indoors,annotator,Behavioral Parameters,2022-05-30 05:23:14,2022-05-30 05:23:16
2022-05-30 16:41:02,2022-05-30 16:41:10,Located_Outdoors,annotator,Behavioral Parameters,2022-05-30 05:23:16,2022-05-30 05:23:24
2022-05-30 16:41:10,2022-05-30 16:41:17,Located_Outdoors,annotator,Behavioral Parameters,2022-05-30 05:23:24,2022-05-30 05:23:31
2022-05-30 16:41:17,2022-05-30 16:41:25,Located_Outdoors,annotator,Behavioral Parameters,2022-05-30 05:23:31,2022-05-30 05:23:39
2022-05-30 16:41:25,2022-05-30 16:41:53,Located_Outdoors, Texting/Browsing_Phone,annotator,Behavioral Parameters,2022-05-30 05:23:39,2022-05-30 05:24:07
2022-05-30 16:41:53,2022-05-30 16:42:19,Located_Outdoors,annotator,Behavioral Parameters,2022-05-30 05:24:07,2022-05-30 05:24:33
2022-05-30 16:42:19,2022-05-30 16:43:14,Located_Outdoors, Holding_Bag/BriefCase_Hand_Light, Carrying_Bag_On_Shoulder/Back_Light,annotator,Behavioral Parameters,2022-05-30 05:24:33,2022-05-30 05:25:28
2022-05-30 16:43:14,2022-05-30 16:43:28,Located_Outdoors, Holding_Bag/BriefCase_Hand_Light, Carrying_Bag_On_Shoulder/Back_Light,annotator,Behavioral Parameters,2022-05-30 05:25:28,2022-05-30 05:25:42
2022-05-30 16:43:28,2022-05-30 16:43:34,Located_Outdoors, Holding_Bag/BriefCase_Hand_Light, Carrying_Bag_On_Shoulder/Back_Light,annotator,Behavioral Parameters,2022-05-30 05:25:42,2022-05-30 05:25:48
2022-05-30 16:43:34,2022-05-30 16:43:45,Holding_Bag/BriefCase_Hand_Light, Carrying_Bag_On_Shoulder/Back_Light, Located_Indoors,annotator,Behavioral Parameters,2022-05-30 05:25:48,2022-05-30 05:25:59
2022-05-30 16:43:45,2022-05-30 16:43:51,Holding_Bag/BriefCase_Hand_Light, Carrying_Bag_On_Shoulder/Back_Light, Located_Indoors,annotator,Behavioral Parameters,2022-05-30 05:25:59,2022-05-30 05:26:05
2022-05-30 16:43:51,2022-05-30 16:43:58,Located_Indoors,annotator,Behavioral Parameters,2022-05-30 05:26:05,2022-05-30 05:26:12
2022-05-30 16:43:58,2022-05-30 16:44:07,Located_Indoors,annotator,Behavioral Parameters,2022-05-30 05:26:12,2022-05-30 05:26:21
2022-05-30 16:44:07,2022-05-30 16:44:20,Located_Indoors,annotator,Behavioral Parameters,2022-05-30 05:26:21,2022-05-30 05:26:34
2022-05-30 16:44:20,2022-05-30 16:44:27,Located_Indoors, Holding_Other_Object_Light,annotator,Behavioral Parameters,2022-05-30 05:26:34,2022-05-30 05:26:41
2022-05-30 16:44:27,2022-05-30 16:44:42,Located_Indoors,annotator,Behavioral Parameters,2022-05-30 05:26:41,2022-05-30 05:26:56
2022-05-30 16:44:42,2022-05-30 16:44:52,Located_Indoors,annotator,Behavioral Parameters,2022-05-30 05:26:56,2022-05-30 05:27:06
2022-05-30 16:44:52,2022-05-30 16:44:57,Located_Indoors,annotator,Behavioral Parameters,2022-05-30 05:27:06,2022-05-30 05:27:11
2022-05-30 16:44:57,2022-05-30 16:45:10,Located_Outdoors,annotator,Behavioral Parameters,2022-05-30 05:27:11,2022-05-30 05:27:24
2022-05-30 16:45:10,2022-05-30 16:45:17,Located_Outdoors, Holding_Other_Object_Light,annotator,Behavioral Parameters,2022-05-30 05:27:24,2022-05-30 05:27:31
2022-05-30 16:45:17,2022-05-30 16:45:22,Located_Outdoors, Holding_Other_Object_Light,annotator,Behavioral Parameters,2022-05-30 05:27:31,2022-05-30 05:27:36
2022-05-30 16:45:22,2022-05-30 16:45:35,Located_Outdoors, Holding_Other_Object_Light, Carrying_Bag_On_Shoulder/Back_Light,annotator,Behavioral Parameters,2022-05-30 05:27:36,2022-05-30 05:27:49
2022-05-30 16:45:35,2022-05-30 16:45:51,Located_Outdoors, Holding_Other_Object_Light, Carrying_Bag_On_Shoulder/Back_Light,annotator,Behavioral Parameters,2022-05-30 05:27:49,2022-05-30 05:28:05
2022-05-30 16:45:51,2022-05-30 16:45:59,Holding_Other_Object_Light, Carrying_Bag_On_Shoulder/Back_Light, Located_Indoors,annotator,Behavioral Parameters,2022-05-30 05:28:05,2022-05-30 05:28:13
2022-05-30 16:45:59,2022-05-30 16:46:06,Holding_Other_Object_Light, Carrying_Bag_On_Shoulder/Back_Light, Located_Indoors,annotator,Behavioral Parameters,2022-05-30 05:28:13,2022-05-30 05:28:20
2022-05-30 16:46:06,2022-05-30 16:46:14,Located_Indoors,annotator,Behavioral Parameters,2022-05-30 05:28:20,2022-05-30 05:28:28
2022-05-30 16:46:14,2022-05-30 16:46:24,Located_Outdoors,annotator,Behavioral Parameters,2022-05-30 05:28:28,2022-05-30 05:28:38
2022-05-30 16:46:24,2022-05-30 16:46:42,Located_Outdoors, Holding_Other_Object_Light,annotator,Behavioral Parameters,2022-05-30 05:28:38,2022-05-30 05:28:56
2022-05-30 16:46:42,2022-05-30 16:46:51,Located_Outdoors, Holding_Other_Object_Light,annotator,Behavioral Parameters,2022-05-30 05:28:56,2022-05-30 05:29:05
2022-05-30 16:46:51,2022-05-30 16:46:55,Located_Outdoors, Holding_Other_Object_Light,annotator,Behavioral Parameters,2022-05-30 05:29:05,2022-05-30 05:29:09
2022-05-30 16:46:55,2022-05-30 16:47:03,Located_Outdoors,annotator,Behavioral Parameters,2022-05-30 05:29:09,2022-05-30 05:29:17
2022-05-30 16:47:03,2022-05-30 16:47:09,Located_Outdoors, Holding_Other_Object_Light,annotator,Behavioral Parameters,2022-05-30 05:29:17,2022-05-30 05:29:23
2022-05-30 16:47:09,2022-05-30 16:47:23,Located_Outdoors, Holding_Other_Object_Light,annotator,Behavioral Parameters,2022-05-30 05:29:23,2022-05-30 05:29:37
2022-05-30 16:47:23,2022-05-30 16:47:28,Holding_Other_Object_Light, Located_Indoors,annotator,Behavioral Parameters,2022-05-30 05:29:37,2022-05-30 05:29:42
2022-05-30 16:47:28,2022-05-30 16:47:49,Holding_Other_Object_Light, Located_Indoors,annotator,Behavioral Parameters,2022-05-30 05:29:42,2022-05-30 05:30:03
2022-05-30 16:47:49,2022-05-30 16:47:55,Located_Indoors, Holding_Drink,annotator,Behavioral Parameters,2022-05-30 05:30:03,2022-05-30 05:30:09
2022-05-30 16:47:55,2022-05-30 16:47:59,Located_Indoors,annotator,Behavioral Parameters,2022-05-30 05:30:09,2022-05-30 05:30:13
2022-05-30 16:47:59,2022-05-30 16:48:07,Located_Indoors, Holding_Other_Object_Light,annotator,Behavioral Parameters,2022-05-30 05:30:13,2022-05-30 05:30:21
2022-05-30 16:48:07,2022-05-30 16:48:18,Located_Indoors,annotator,Behavioral Parameters,2022-05-30 05:30:21,2022-05-30 05:30:32
2022-05-30 16:48:18,2022-05-30 16:48:42,Located_Indoors,annotator,Behavioral Parameters,2022-05-30 05:30:32,2022-05-30 05:30:56
2022-05-30 16:48:42,2022-05-30 16:48:52,Located_Indoors,annotator,Behavioral Parameters,2022-05-30 05:30:56,2022-05-30 05:31:06
2022-05-30 16:48:52,2022-05-30 16:49:07,Located_Indoors, Holding_Other_Object_Light,annotator,Behavioral Parameters,2022-05-30 05:31:06,2022-05-30 05:31:21
2022-05-30 16:49:07,2022-05-30 16:49:45,Located_Indoors, Holding_Other_Object_Light,annotator,Behavioral Parameters,2022-05-30 05:31:21,2022-05-30 05:31:59
2022-05-30 16:49:45,2022-05-30 16:49:52,Located_Indoors,annotator,Behavioral Parameters,2022-05-30 05:31:59,2022-05-30 05:32:06
2022-05-30 16:49:52,2022-05-30 16:49:55,Located_Indoors,annotator,Behavioral Parameters,2022-05-30 05:32:06,2022-05-30 05:32:09
2022-05-30 16:49:55,2022-05-30 16:50:10,Located_Indoors,annotator,Behavioral Parameters,2022-05-30 05:32:09,2022-05-30 05:32:24
2022-05-30 16:50:10,2022-05-30 16:50:17,Located_Indoors, Texting/Browsing_Phone,annotator,Behavioral Parameters,2022-05-30 05:32:24,2022-05-30 05:32:31
2022-05-30 16:50:17,2022-05-30 16:53:56,Located_Indoors, Texting/Browsing_Phone,annotator,Behavioral Parameters,2022-05-30 05:32:31,2022-05-30 05:36:10
2022-05-30 16:53:56,2022-05-30 16:54:06,Located_Indoors, Holding_Other_Object_Light, In_Conversation,annotator,Behavioral Parameters,2022-05-30 05:36:10,2022-05-30 05:36:20
2022-05-30 16:54:06,2022-05-30 16:58:42,Located_Indoors, Texting/Browsing_Phone,annotator,Behavioral Parameters,2022-05-30 05:36:20,2022-05-30 05:40:56
2022-05-30 16:58:42,2022-05-30 16:59:05,Located_Indoors, In_Conversation,annotator,Behavioral Parameters,2022-05-30 05:40:56,2022-05-30 05:41:19
2022-05-30 16:59:05,2022-05-30 17:45:44,BP_VideoUnavailable/Indecipherable,annotator,Behavioral Parameters,2022-05-30 05:41:19,2022-05-30 06:27:58
2022-05-30 17:45:44,2022-05-30 17:45:55,Located_Indoors,annotator,Behavioral Parameters,2022-05-30 06:27:58,2022-05-30 06:28:09
2022-05-30 17:45:55,2022-05-30 17:46:04,Located_Indoors, Texting/Browsing_Phone,annotator,Behavioral Parameters,2022-05-30 06:28:09,2022-05-30 06:28:18
2022-05-30 17:46:04,2022-05-30 17:46:37,Located_Indoors, Texting/Browsing_Phone, Holding_Drink,annotator,Behavioral Parameters,2022-05-30 06:28:18,2022-05-30 06:28:51
2022-05-30 17:46:37,2022-05-30 17:48:01,Located_Indoors, Texting/Browsing_Phone,annotator,Behavioral Parameters,2022-05-30 06:28:51,2022-05-30 06:30:15
2022-05-30 17:48:01,2022-05-30 17:49:15,Located_Indoors, On_Video_Call/FaceTime,annotator,Behavioral Parameters,2022-05-30 06:30:15,2022-05-30 06:31:29
2022-05-30 17:49:15,2022-05-30 17:49:21,Located_Indoors,annotator,Behavioral Parameters,2022-05-30 06:31:29,2022-05-30 06:31:35
2022-05-30 17:49:21,2022-05-30 17:49:34,Located_Indoors, In_Conversation,annotator,Behavioral Parameters,2022-05-30 06:31:35,2022-05-30 06:31:48
2022-05-30 17:49:34,2022-05-30 17:49:36,Located_Indoors,annotator,Behavioral Parameters,2022-05-30 06:31:48,2022-05-30 06:31:50
2022-05-30 17:49:36,2022-05-30 17:49:44,Located_Indoors, Holding_Other_Object_Light,annotator,Behavioral Parameters,2022-05-30 06:31:50,2022-05-30 06:31:58
2022-05-30 17:49:44,2022-05-30 17:49:50,Located_Indoors,annotator,Behavioral Parameters,2022-05-30 06:31:58,2022-05-30 06:32:04
2022-05-30 17:49:50,2022-05-30 17:50:01,Located_Indoors, Holding_Other_Object_Light,annotator,Behavioral Parameters,2022-05-30 06:32:04,2022-05-30 06:32:15
2022-05-30 17:50:01,2022-05-30 17:50:04,Located_Indoors, Holding_Other_Object_Light,annotator,Behavioral Parameters,2022-05-30 06:32:15,2022-05-30 06:32:18
2022-05-30 17:50:04,2022-05-30 17:50:10,Located_Indoors, Holding_Other_Object_Light,annotator,Behavioral Parameters,2022-05-30 06:32:18,2022-05-30 06:32:24
2022-05-30 17:50:10,2022-05-30 17:50:17,Located_Indoors, Texting/Browsing_Phone,annotator,Behavioral Parameters,2022-05-30 06:32:24,2022-05-30 06:32:31
2022-05-30 17:50:17,2022-05-30 17:50:22,Located_Indoors, Texting/Browsing_Phone,annotator,Behavioral Parameters,2022-05-30 06:32:31,2022-05-30 06:32:36
2022-05-30 17:50:22,2022-05-30 17:50:56,Located_Outdoors,annotator,Behavioral Parameters,2022-05-30 06:32:36,2022-05-30 06:33:10
2022-05-30 17:50:56,2022-05-30 17:51:00,Located_Outdoors, Holding_Other_Object_Light,annotator,Behavioral Parameters,2022-05-30 06:33:10,2022-05-30 06:33:14
2022-05-30 17:51:00,2022-05-30 17:52:25,Located_Outdoors,annotator,Behavioral Parameters,2022-05-30 06:33:14,2022-05-30 06:34:39
2022-05-30 17:52:25,2022-05-30 17:52:39,Located_Outdoors, Holding_Other_Object_Light,annotator,Behavioral Parameters,2022-05-30 06:34:39,2022-05-30 06:34:53
2022-05-30 17:52:39,2022-05-30 17:53:18,Located_Outdoors, Holding_Other_Object_Light,annotator,Behavioral Parameters,2022-05-30 06:34:53,2022-05-30 06:35:32
2022-05-30 17:53:18,2022-05-30 17:53:55,Located_Outdoors, Holding_Other_Object_Light,annotator,Behavioral Parameters,2022-05-30 06:35:32,2022-05-30 06:36:09
2022-05-30 17:53:55,2022-05-30 17:54:24,Located_Outdoors,annotator,Behavioral Parameters,2022-05-30 06:36:09,2022-05-30 06:36:38
2022-05-30 17:54:24,2022-05-30 17:54:39,Located_Outdoors, On_Phone_Call,annotator,Behavioral Parameters,2022-05-30 06:36:38,2022-05-30 06:36:53
2022-05-30 17:54:39,2022-05-30 17:55:44,Located_Outdoors, On_Phone_Call, Holding_Other_Object_Light,annotator,Behavioral Parameters,2022-05-30 06:36:53,2022-05-30 06:37:58
2022-05-30 17:55:44,2022-05-30 17:55:49,Located_Outdoors, Holding_Other_Object_Light,annotator,Behavioral Parameters,2022-05-30 06:37:58,2022-05-30 06:38:03
2022-05-30 17:55:49,2022-05-30 17:56:13,Located_Outdoors, Holding_Other_Object_Light,annotator,Behavioral Parameters,2022-05-30 06:38:03,2022-05-30 06:38:27
2022-05-30 17:56:13,2022-05-30 17:56:37,Located_Outdoors,annotator,Behavioral Parameters,2022-05-30 06:38:27,2022-05-30 06:38:51
2022-05-30 17:56:37,2022-05-30 17:57:14,Located_Outdoors, Holding_Other_Object_Light,annotator,Behavioral Parameters,2022-05-30 06:38:51,2022-05-30 06:39:28
2022-05-30 17:57:14,2022-05-30 17:57:45,Located_Outdoors,annotator,Behavioral Parameters,2022-05-30 06:39:28,2022-05-30 06:39:59
2022-05-30 17:57:45,2022-05-30 17:57:54,Located_Outdoors,annotator,Behavioral Parameters,2022-05-30 06:39:59,2022-05-30 06:40:08
2022-05-30 17:57:54,2022-05-30 18:05:14,Located_Outdoors,annotator,Behavioral Parameters,2022-05-30 06:40:08,2022-05-30 06:47:28
2022-05-30 18:05:14,2022-05-30 18:07:11,Located_Outdoors,annotator,Behavioral Parameters,2022-05-30 06:47:28,2022-05-30 06:49:25
2022-05-30 18:07:11,2022-05-30 18:13:04,Located_Outdoors,annotator,Behavioral Parameters,2022-05-30 06:49:25,2022-05-30 06:55:18
2022-05-30 18:13:04,2022-05-30 18:13:09,Located_Outdoors,annotator,Behavioral Parameters,2022-05-30 06:55:18,2022-05-30 06:55:23
2022-05-30 18:13:09,2022-05-30 18:13:37,BP_VideoUnavailable/Indecipherable,annotator,Behavioral Parameters,2022-05-30 06:55:23,2022-05-30 06:55:51
2022-05-30 18:13:37,2022-05-30 18:14:32,Located_Outdoors, Holding_Other_Object_Light,annotator,Behavioral Parameters,2022-05-30 06:55:51,2022-05-30 06:56:46
2022-05-30 18:14:32,2022-05-30 18:14:57,Located_Outdoors, Holding_Other_Object_Light,annotator,Behavioral Parameters,2022-05-30 06:56:46,2022-05-30 06:57:11
2022-05-30 18:14:57,2022-05-30 18:16:18,Located_Outdoors, Texting/Browsing_Phone, In_Conversation,annotator,Behavioral Parameters,2022-05-30 06:57:11,2022-05-30 06:58:32
2022-05-30 18:16:18,2022-05-30 18:16:32,Located_Outdoors, In_Conversation,annotator,Behavioral Parameters,2022-05-30 06:58:32,2022-05-30 06:58:46
2022-05-30 18:16:32,2022-05-30 18:17:56,Located_Outdoors, Texting/Browsing_Phone, In_Conversation,annotator,Behavioral Parameters,2022-05-30 06:58:46,2022-05-30 07:00:10
2022-05-30 18:17:56,2022-05-30 18:18:12,Located_Outdoors, Texting/Browsing_Phone, Holding_Other_Object_Light,annotator,Behavioral Parameters,2022-05-30 07:00:10,2022-05-30 07:00:26
2022-05-30 18:18:12,2022-05-30 18:18:19,Located_Outdoors, Texting/Browsing_Phone,annotator,Behavioral Parameters,2022-05-30 07:00:26,2022-05-30 07:00:33
2022-05-30 18:18:19,2022-05-30 18:18:52,Located_Outdoors, On_Phone_Call,annotator,Behavioral Parameters,2022-05-30 07:00:33,2022-05-30 07:01:06
2022-05-30 18:18:52,2022-05-30 18:23:04,Located_Outdoors, Texting/Browsing_Phone,annotator,Behavioral Parameters,2022-05-30 07:01:06,2022-05-30 07:05:18
2022-05-30 18:23:04,2022-05-30 18:23:21,Located_Outdoors, In_Conversation,annotator,Behavioral Parameters,2022-05-30 07:05:18,2022-05-30 07:05:35
2022-05-30 18:23:21,2022-05-30 18:28:12,Located_Outdoors, Texting/Browsing_Phone,annotator,Behavioral Parameters,2022-05-30 07:05:35,2022-05-30 07:10:26
