START_TIME,STOP_TIME,PREDICTION,SOURCE,LABELSET,VIDEO_START_TIME,VIDEO_END_TIME
2022-06-04 11:05:14,2022-06-04 11:05:39,Free_Living,annotator,Experimental situation,2022-06-04 00:00:06,2022-06-04 00:00:31
2022-06-04 11:05:39,2022-06-04 11:06:20,Free_Living,annotator,Experimental situation,2022-06-04 00:00:31,2022-06-04 00:01:12
2022-06-04 11:06:20,2022-06-04 11:09:42,Free_Living,annotator,Experimental situation,2022-06-04 00:01:12,2022-06-04 00:04:34
2022-06-04 11:09:42,2022-06-04 11:10:30,Free_Living,annotator,Experimental situation,2022-06-04 00:04:34,2022-06-04 00:05:22
2022-06-04 11:10:30,2022-06-04 11:11:01,Free_Living,annotator,Experimental situation,2022-06-04 00:05:22,2022-06-04 00:05:53
2022-06-04 11:11:01,2022-06-04 11:11:34,Free_Living,annotator,Experimental situation,2022-06-04 00:05:53,2022-06-04 00:06:26
2022-06-04 11:11:35,2022-06-04 11:12:49,Free_Living,annotator,Experimental situation,2022-06-04 00:06:27,2022-06-04 00:07:41
2022-06-04 11:12:49,2022-06-04 11:16:51,Free_Living,annotator,Experimental situation,2022-06-04 00:07:41,2022-06-04 00:11:43
2022-06-04 11:16:51,2022-06-04 11:25:23,Free_Living,annotator,Experimental situation,2022-06-04 00:11:43,2022-06-04 00:20:15
2022-06-04 11:25:23,2022-06-04 11:25:57,Free_Living,annotator,Experimental situation,2022-06-04 00:20:15,2022-06-04 00:20:49
2022-06-04 11:25:57,2022-06-04 11:35:37,ES_VideoUnavailable/Indecipherable,annotator,Experimental situation,2022-06-04 00:20:49,2022-06-04 00:30:29
2022-06-04 11:35:37,2022-06-04 11:37:14,Free_Living,annotator,Experimental situation,2022-06-04 00:30:29,2022-06-04 00:32:06
2022-06-04 11:37:14,2022-06-04 11:40:48,Free_Living,annotator,Experimental situation,2022-06-04 00:32:06,2022-06-04 00:35:40
2022-06-04 11:40:48,2022-06-04 11:41:59,Free_Living,annotator,Experimental situation,2022-06-04 00:35:40,2022-06-04 00:36:51
2022-06-04 11:41:59,2022-06-04 11:42:17,Free_Living,annotator,Experimental situation,2022-06-04 00:36:51,2022-06-04 00:37:09
2022-06-04 11:42:17,2022-06-04 11:43:54,ES_VideoUnavailable/Indecipherable,annotator,Experimental situation,2022-06-04 00:37:09,2022-06-04 00:38:46
2022-06-04 11:43:54,2022-06-04 11:44:44,Free_Living,annotator,Experimental situation,2022-06-04 00:38:46,2022-06-04 00:39:36
2022-06-04 11:44:44,2022-06-04 11:45:28,Free_Living,annotator,Experimental situation,2022-06-04 00:39:36,2022-06-04 00:40:20
2022-06-04 11:45:28,2022-06-04 11:45:47,Free_Living,annotator,Experimental situation,2022-06-04 00:40:20,2022-06-04 00:40:39
2022-06-04 11:45:47,2022-06-04 11:51:17,Free_Living,annotator,Experimental situation,2022-06-04 00:40:39,2022-06-04 00:46:09
2022-06-04 11:51:17,2022-06-04 11:53:30,Free_Living,annotator,Experimental situation,2022-06-04 00:46:09,2022-06-04 00:48:22
2022-06-04 11:53:30,2022-06-04 11:54:06,Free_Living,annotator,Experimental situation,2022-06-04 00:48:22,2022-06-04 00:48:58
2022-06-04 11:54:06,2022-06-04 11:55:48,Free_Living,annotator,Experimental situation,2022-06-04 00:48:58,2022-06-04 00:50:40
2022-06-04 11:55:48,2022-06-04 11:56:02,Free_Living,annotator,Experimental situation,2022-06-04 00:50:40,2022-06-04 00:50:54
2022-06-04 11:56:02,2022-06-04 12:03:23,Free_Living,annotator,Experimental situation,2022-06-04 00:50:54,2022-06-04 00:58:15
2022-06-04 12:03:23,2022-06-04 12:03:39,Free_Living,annotator,Experimental situation,2022-06-04 00:58:15,2022-06-04 00:58:31
2022-06-04 12:03:39,2022-06-04 12:04:30,Free_Living,annotator,Experimental situation,2022-06-04 00:58:31,2022-06-04 00:59:22
2022-06-04 12:04:30,2022-06-04 12:11:16,ES_VideoUnavailable/Indecipherable,annotator,Experimental situation,2022-06-04 00:59:22,2022-06-04 01:06:08
2022-06-04 12:11:16,2022-06-04 12:52:40,Free_Living,annotator,Experimental situation,2022-06-04 01:06:08,2022-06-04 01:47:32
2022-06-04 12:52:40,2022-06-04 12:52:51,Free_Living,annotator,Experimental situation,2022-06-04 01:47:32,2022-06-04 01:47:43
2022-06-04 12:52:51,2022-06-04 12:54:08,Free_Living,annotator,Experimental situation,2022-06-04 01:47:43,2022-06-04 01:49:00
2022-06-04 12:54:08,2022-06-04 12:55:23,Free_Living,annotator,Experimental situation,2022-06-04 01:49:00,2022-06-04 01:50:15
2022-06-04 12:55:23,2022-06-04 12:55:34,Free_Living,annotator,Experimental situation,2022-06-04 01:50:15,2022-06-04 01:50:26
2022-06-04 12:55:34,2022-06-04 12:55:43,Free_Living,annotator,Experimental situation,2022-06-04 01:50:26,2022-06-04 01:50:35
2022-06-04 12:55:43,2022-06-04 12:59:23,Free_Living,annotator,Experimental situation,2022-06-04 01:50:35,2022-06-04 01:54:15
2022-06-04 12:59:23,2022-06-04 12:59:53,Free_Living,annotator,Experimental situation,2022-06-04 01:54:15,2022-06-04 01:54:45
2022-06-04 12:59:53,2022-06-04 13:05:01,Free_Living,annotator,Experimental situation,2022-06-04 01:54:45,2022-06-04 01:59:53
2022-06-04 13:05:01,2022-06-04 13:05:16,Free_Living,annotator,Experimental situation,2022-06-04 01:59:53,2022-06-04 02:00:08
2022-06-04 13:05:16,2022-06-04 13:05:48,Free_Living,annotator,Experimental situation,2022-06-04 02:00:08,2022-06-04 02:00:40
2022-06-04 13:05:48,2022-06-04 13:44:08,Free_Living,annotator,Experimental situation,2022-06-04 02:00:40,2022-06-04 02:39:00
2022-06-04 13:44:08,2022-06-04 13:45:55,Free_Living,annotator,Experimental situation,2022-06-04 02:39:00,2022-06-04 02:40:47
2022-06-04 13:45:55,2022-06-04 14:13:42,Free_Living,annotator,Experimental situation,2022-06-04 02:40:47,2022-06-04 03:08:34
2022-06-04 14:13:42,2022-06-04 14:19:48,Free_Living,annotator,Experimental situation,2022-06-04 03:08:34,2022-06-04 03:14:40
2022-06-04 14:19:48,2022-06-04 14:54:46,Free_Living,annotator,Experimental situation,2022-06-04 03:14:40,2022-06-04 03:49:38
2022-06-04 14:54:46,2022-06-04 15:03:21,ES_VideoUnavailable/Indecipherable,annotator,Experimental situation,2022-06-04 03:49:38,2022-06-04 03:58:13
2022-06-04 15:03:21,2022-06-04 15:03:45,Free_Living,annotator,Experimental situation,2022-06-04 03:58:13,2022-06-04 03:58:37
2022-06-04 15:03:45,2022-06-04 15:03:58,Free_Living,annotator,Experimental situation,2022-06-04 03:58:37,2022-06-04 03:58:50
2022-06-04 15:03:58,2022-06-04 15:04:25,Free_Living,annotator,Experimental situation,2022-06-04 03:58:50,2022-06-04 03:59:17
2022-06-04 15:04:25,2022-06-04 16:35:27,Free_Living,annotator,Experimental situation,2022-06-04 03:59:17,2022-06-04 05:30:19
2022-06-04 16:35:27,2022-06-04 16:36:30,Free_Living,annotator,Experimental situation,2022-06-04 05:30:19,2022-06-04 05:31:22
2022-06-04 16:36:30,2022-06-04 17:13:17,ES_VideoUnavailable/Indecipherable,annotator,Experimental situation,2022-06-04 05:31:22,2022-06-04 06:08:09
2022-06-04 17:13:17,2022-06-04 17:14:11,Free_Living,annotator,Experimental situation,2022-06-04 06:08:09,2022-06-04 06:09:03
2022-06-04 17:14:11,2022-06-04 17:15:39,Free_Living,annotator,Experimental situation,2022-06-04 06:09:03,2022-06-04 06:10:31
2022-06-04 17:15:39,2022-06-04 17:17:16,ES_VideoUnavailable/Indecipherable,annotator,Experimental situation,2022-06-04 06:10:31,2022-06-04 06:12:08
2022-06-04 17:17:16,2022-06-04 17:17:33,Free_Living,annotator,Experimental situation,2022-06-04 06:12:08,2022-06-04 06:12:25
2022-06-04 17:17:33,2022-06-04 17:18:23,Free_Living,annotator,Experimental situation,2022-06-04 06:12:25,2022-06-04 06:13:15
2022-06-04 17:18:23,2022-06-04 17:20:30,Free_Living,annotator,Experimental situation,2022-06-04 06:13:15,2022-06-04 06:15:22
2022-06-04 17:20:30,2022-06-04 17:20:49,Free_Living,annotator,Experimental situation,2022-06-04 06:15:22,2022-06-04 06:15:41
2022-06-04 17:20:49,2022-06-04 17:22:40,Free_Living,annotator,Experimental situation,2022-06-04 06:15:41,2022-06-04 06:17:32
2022-06-04 17:22:40,2022-06-04 17:23:06,Free_Living,annotator,Experimental situation,2022-06-04 06:17:32,2022-06-04 06:17:58
2022-06-04 17:23:06,2022-06-04 17:23:37,Free_Living,annotator,Experimental situation,2022-06-04 06:17:58,2022-06-04 06:18:29
2022-06-04 17:23:37,2022-06-04 17:26:12,Free_Living,annotator,Experimental situation,2022-06-04 06:18:29,2022-06-04 06:21:04
2022-06-04 17:26:12,2022-06-04 17:26:46,Free_Living,annotator,Experimental situation,2022-06-04 06:21:04,2022-06-04 06:21:38
2022-06-04 17:26:46,2022-06-04 17:27:15,Free_Living,annotator,Experimental situation,2022-06-04 06:21:38,2022-06-04 06:22:07
2022-06-04 17:27:15,2022-06-04 17:27:22,Free_Living,annotator,Experimental situation,2022-06-04 06:22:07,2022-06-04 06:22:14
2022-06-04 17:27:22,2022-06-04 17:27:57,Free_Living,annotator,Experimental situation,2022-06-04 06:22:14,2022-06-04 06:22:49
2022-06-04 17:27:57,2022-06-04 17:28:10,Free_Living,annotator,Experimental situation,2022-06-04 06:22:49,2022-06-04 06:23:02
2022-06-04 17:28:10,2022-06-04 17:29:28,Free_Living,annotator,Experimental situation,2022-06-04 06:23:02,2022-06-04 06:24:20
2022-06-04 17:29:28,2022-06-04 17:29:44,Free_Living,annotator,Experimental situation,2022-06-04 06:24:20,2022-06-04 06:24:36
2022-06-04 17:29:44,2022-06-04 17:30:10,Free_Living,annotator,Experimental situation,2022-06-04 06:24:36,2022-06-04 06:25:02
2022-06-04 17:30:10,2022-06-04 17:36:04,Free_Living,annotator,Experimental situation,2022-06-04 06:25:02,2022-06-04 06:30:56
2022-06-04 17:36:04,2022-06-04 17:37:01,Free_Living,annotator,Experimental situation,2022-06-04 06:30:56,2022-06-04 06:31:53
2022-06-04 17:37:01,2022-06-04 17:37:31,Free_Living,annotator,Experimental situation,2022-06-04 06:31:53,2022-06-04 06:32:23
2022-06-04 17:37:31,2022-06-04 17:38:59,Free_Living,annotator,Experimental situation,2022-06-04 06:32:23,2022-06-04 06:33:51
2022-06-04 17:38:59,2022-06-04 17:39:26,Free_Living,annotator,Experimental situation,2022-06-04 06:33:51,2022-06-04 06:34:18
2022-06-04 17:39:26,2022-06-04 17:42:03,Free_Living,annotator,Experimental situation,2022-06-04 06:34:18,2022-06-04 06:36:55
2022-06-04 17:42:03,2022-06-04 18:00:35,ES_VideoUnavailable/Indecipherable,annotator,Experimental situation,2022-06-04 06:36:55,2022-06-04 06:55:27
2022-06-04 18:00:35,2022-06-04 18:00:46,Free_Living,annotator,Experimental situation,2022-06-04 06:55:27,2022-06-04 06:55:38
2022-06-04 18:00:46,2022-06-04 18:02:23,Free_Living,annotator,Experimental situation,2022-06-04 06:55:38,2022-06-04 06:57:15
2022-06-04 18:02:23,2022-06-04 18:05:53,Free_Living,annotator,Experimental situation,2022-06-04 06:57:15,2022-06-04 07:00:45
2022-06-04 18:05:53,2022-06-04 18:07:38,Free_Living,annotator,Experimental situation,2022-06-04 07:00:45,2022-06-04 07:02:30
2022-06-04 18:07:38,2022-06-04 18:10:49,ES_VideoUnavailable/Indecipherable,annotator,Experimental situation,2022-06-04 07:02:30,2022-06-04 07:05:41
2022-06-04 18:10:49,2022-06-04 18:15:55,Free_Living,annotator,Experimental situation,2022-06-04 07:05:41,2022-06-04 07:10:47
2022-06-04 18:15:55,2022-06-04 18:16:59,Free_Living,annotator,Experimental situation,2022-06-04 07:10:47,2022-06-04 07:11:51
2022-06-04 18:16:59,2022-06-04 18:18:54,Free_Living,annotator,Experimental situation,2022-06-04 07:11:51,2022-06-04 07:13:46
2022-06-04 18:18:54,2022-06-04 18:21:55,Free_Living,annotator,Experimental situation,2022-06-04 07:13:46,2022-06-04 07:16:47
2022-06-04 18:21:55,2022-06-04 18:22:17,Free_Living,annotator,Experimental situation,2022-06-04 07:16:47,2022-06-04 07:17:09
2022-06-04 18:22:17,2022-06-04 18:23:30,Free_Living,annotator,Experimental situation,2022-06-04 07:17:09,2022-06-04 07:18:22
2022-06-04 18:23:30,2022-06-04 18:24:00,Free_Living,annotator,Experimental situation,2022-06-04 07:18:22,2022-06-04 07:18:52
2022-06-04 18:24:00,2022-06-04 18:25:22,Free_Living,annotator,Experimental situation,2022-06-04 07:18:52,2022-06-04 07:20:14
2022-06-04 18:25:22,2022-06-04 18:32:50,Free_Living,annotator,Experimental situation,2022-06-04 07:20:14,2022-06-04 07:27:42
2022-06-04 18:32:50,2022-06-04 18:34:34,Free_Living,annotator,Experimental situation,2022-06-04 07:27:42,2022-06-04 07:29:26
2022-06-04 18:34:34,2022-06-04 18:36:46,Free_Living,annotator,Experimental situation,2022-06-04 07:29:26,2022-06-04 07:31:38
2022-06-04 18:36:46,2022-06-04 18:36:57,Free_Living,annotator,Experimental situation,2022-06-04 07:31:38,2022-06-04 07:31:49
2022-06-04 18:36:57,2022-06-04 18:37:16,Free_Living,annotator,Experimental situation,2022-06-04 07:31:49,2022-06-04 07:32:08
2022-06-04 18:37:16,2022-06-04 18:38:04,Free_Living,annotator,Experimental situation,2022-06-04 07:32:08,2022-06-04 07:32:56
2022-06-04 18:38:04,2022-06-04 18:38:27,Free_Living,annotator,Experimental situation,2022-06-04 07:32:56,2022-06-04 07:33:19
2022-06-04 18:38:27,2022-06-04 18:45:00,Free_Living,annotator,Experimental situation,2022-06-04 07:33:19,2022-06-04 07:39:52
2022-06-04 18:45:00,2022-06-04 18:45:43,Free_Living,annotator,Experimental situation,2022-06-04 07:39:52,2022-06-04 07:40:35
2022-06-04 18:45:43,2022-06-04 18:46:39,Free_Living,annotator,Experimental situation,2022-06-04 07:40:35,2022-06-04 07:41:31
2022-06-04 18:46:39,2022-06-04 18:48:33,Free_Living,annotator,Experimental situation,2022-06-04 07:41:31,2022-06-04 07:43:25
2022-06-04 18:48:33,2022-06-04 18:49:05,Free_Living,annotator,Experimental situation,2022-06-04 07:43:25,2022-06-04 07:43:57
2022-06-04 18:49:05,2022-06-04 18:56:20,Free_Living,annotator,Experimental situation,2022-06-04 07:43:57,2022-06-04 07:51:12
2022-06-04 18:56:20,2022-06-04 18:59:22,Free_Living,annotator,Experimental situation,2022-06-04 07:51:12,2022-06-04 07:54:14
2022-06-04 18:59:22,2022-06-04 18:59:29,Free_Living,annotator,Experimental situation,2022-06-04 07:54:14,2022-06-04 07:54:21
2022-06-04 18:59:29,2022-06-04 19:01:29,Free_Living,annotator,Experimental situation,2022-06-04 07:54:21,2022-06-04 07:56:21
2022-06-04 19:01:29,2022-06-04 19:01:59,Free_Living,annotator,Experimental situation,2022-06-04 07:56:21,2022-06-04 07:56:51
2022-06-04 19:01:59,2022-06-04 19:18:01,Free_Living,annotator,Experimental situation,2022-06-04 07:56:51,2022-06-04 08:12:53
2022-06-04 19:18:01,2022-06-04 19:21:58,Free_Living,annotator,Experimental situation,2022-06-04 08:12:53,2022-06-04 08:16:50
2022-06-04 19:21:58,2022-06-04 19:22:09,Free_Living,annotator,Experimental situation,2022-06-04 08:16:50,2022-06-04 08:17:01
2022-06-04 19:22:09,2022-06-04 19:29:29,Free_Living,annotator,Experimental situation,2022-06-04 08:17:01,2022-06-04 08:24:21
2022-06-04 19:29:29,2022-06-04 19:29:41,Free_Living,annotator,Experimental situation,2022-06-04 08:24:21,2022-06-04 08:24:33
2022-06-04 19:29:41,2022-06-04 19:32:15,Free_Living,annotator,Experimental situation,2022-06-04 08:24:33,2022-06-04 08:27:07
2022-06-04 19:32:15,2022-06-04 19:32:31,Free_Living,annotator,Experimental situation,2022-06-04 08:27:07,2022-06-04 08:27:23
2022-06-04 19:32:31,2022-06-04 19:49:16,Free_Living,annotator,Experimental situation,2022-06-04 08:27:23,2022-06-04 08:44:08
2022-06-04 19:49:16,2022-06-04 19:52:49,Free_Living,annotator,Experimental situation,2022-06-04 08:44:08,2022-06-04 08:47:41
2022-06-04 19:52:49,2022-06-04 20:09:34,Free_Living,annotator,Experimental situation,2022-06-04 08:47:41,2022-06-04 09:04:26
2022-06-04 20:09:34,2022-06-04 20:14:12,Free_Living,annotator,Experimental situation,2022-06-04 09:04:26,2022-06-04 09:09:04
2022-06-04 20:14:12,2022-06-04 20:35:15,Free_Living,annotator,Experimental situation,2022-06-04 09:09:04,2022-06-04 09:30:07
2022-06-04 20:35:15,2022-06-04 20:44:48,Free_Living,annotator,Experimental situation,2022-06-04 09:30:07,2022-06-04 09:39:40
2022-06-04 20:44:48,2022-06-04 20:45:37,Free_Living,annotator,Experimental situation,2022-06-04 09:39:40,2022-06-04 09:40:29
2022-06-04 20:45:37,2022-06-04 20:46:39,Free_Living,annotator,Experimental situation,2022-06-04 09:40:29,2022-06-04 09:41:31
2022-06-04 20:46:39,2022-06-04 20:47:24,Free_Living,annotator,Experimental situation,2022-06-04 09:41:31,2022-06-04 09:42:16
2022-06-04 20:47:24,2022-06-04 20:48:59,Free_Living,annotator,Experimental situation,2022-06-04 09:42:16,2022-06-04 09:43:51
2022-06-04 20:48:59,2022-06-04 21:02:42,Free_Living,annotator,Experimental situation,2022-06-04 09:43:51,2022-06-04 09:57:34
2022-06-04 21:02:42,2022-06-04 21:09:45,Free_Living,annotator,Experimental situation,2022-06-04 09:57:34,2022-06-04 10:04:37
2022-06-04 21:09:45,2022-06-04 21:16:16,Free_Living,annotator,Experimental situation,2022-06-04 10:04:37,2022-06-04 10:11:08
2022-06-04 21:16:16,2022-06-04 21:18:29,Free_Living,annotator,Experimental situation,2022-06-04 10:11:08,2022-06-04 10:13:21
2022-06-04 21:18:29,2022-06-04 21:21:32,Free_Living,annotator,Experimental situation,2022-06-04 10:13:21,2022-06-04 10:16:24
2022-06-04 21:21:32,2022-06-04 21:22:06,Free_Living,annotator,Experimental situation,2022-06-04 10:16:24,2022-06-04 10:16:58
2022-06-04 21:22:06,2022-06-04 21:22:36,Free_Living,annotator,Experimental situation,2022-06-04 10:16:58,2022-06-04 10:17:28
2022-06-04 21:22:36,2022-06-04 21:22:48,Free_Living,annotator,Experimental situation,2022-06-04 10:17:28,2022-06-04 10:17:40
2022-06-04 21:22:48,2022-06-04 21:27:43,Free_Living,annotator,Experimental situation,2022-06-04 10:17:40,2022-06-04 10:22:35
2022-06-04 21:27:43,2022-06-04 21:29:13,Free_Living,annotator,Experimental situation,2022-06-04 10:22:35,2022-06-04 10:24:05
2022-06-04 21:29:13,2022-06-04 21:29:41,Free_Living,annotator,Experimental situation,2022-06-04 10:24:05,2022-06-04 10:24:33
2022-06-04 21:29:41,2022-06-04 21:29:58,Free_Living,annotator,Experimental situation,2022-06-04 10:24:33,2022-06-04 10:24:50
2022-06-04 21:29:58,2022-06-04 21:30:25,Free_Living,annotator,Experimental situation,2022-06-04 10:24:50,2022-06-04 10:25:17
2022-06-04 21:30:25,2022-06-04 21:46:30,ES_VideoUnavailable/Indecipherable,annotator,Experimental situation,2022-06-04 10:25:17,2022-06-04 10:41:22
2022-06-04 21:46:30,2022-06-04 21:47:32,Free_Living,annotator,Experimental situation,2022-06-04 10:41:22,2022-06-04 10:42:24
2022-06-04 21:47:34,2022-06-04 21:49:21,ES_VideoUnavailable/Indecipherable,annotator,Experimental situation,2022-06-04 10:42:26,2022-06-04 10:44:13
2022-06-04 21:49:21,2022-06-04 21:50:03,Free_Living,annotator,Experimental situation,2022-06-04 10:44:13,2022-06-04 10:44:55
2022-06-04 21:50:03,2022-06-04 21:55:33,Free_Living,annotator,Experimental situation,2022-06-04 10:44:55,2022-06-04 10:50:25
2022-06-04 21:55:33,2022-06-04 21:55:48,Free_Living,annotator,Experimental situation,2022-06-04 10:50:25,2022-06-04 10:50:40
2022-06-04 21:55:48,2022-06-04 21:56:37,Free_Living,annotator,Experimental situation,2022-06-04 10:50:40,2022-06-04 10:51:29
2022-06-04 21:56:37,2022-06-04 21:56:55,Free_Living,annotator,Experimental situation,2022-06-04 10:51:29,2022-06-04 10:51:47
2022-06-04 21:56:55,2022-06-04 21:58:32,Free_Living,annotator,Experimental situation,2022-06-04 10:51:47,2022-06-04 10:53:24
2022-06-04 21:58:32,2022-06-04 21:59:29,Free_Living,annotator,Experimental situation,2022-06-04 10:53:24,2022-06-04 10:54:21
2022-06-04 21:59:29,2022-06-04 21:59:48,Free_Living,annotator,Experimental situation,2022-06-04 10:54:21,2022-06-04 10:54:40
2022-06-04 21:59:48,2022-06-04 22:08:25,Free_Living,annotator,Experimental situation,2022-06-04 10:54:40,2022-06-04 11:03:17
2022-06-04 22:08:25,2022-06-04 22:10:10,Free_Living,annotator,Experimental situation,2022-06-04 11:03:17,2022-06-04 11:05:02
2022-06-04 22:10:10,2022-06-04 22:14:10,Free_Living,annotator,Experimental situation,2022-06-04 11:05:02,2022-06-04 11:09:02
2022-06-04 22:14:10,2022-06-04 22:15:44,Free_Living,annotator,Experimental situation,2022-06-04 11:09:02,2022-06-04 11:10:36
2022-06-04 22:15:44,2022-06-04 22:16:56,Free_Living,annotator,Experimental situation,2022-06-04 11:10:36,2022-06-04 11:11:48
2022-06-04 22:16:56,2022-06-04 22:37:57,Free_Living,annotator,Experimental situation,2022-06-04 11:11:48,2022-06-04 11:32:49
2022-06-04 22:37:57,2022-06-04 22:43:36,Free_Living,annotator,Experimental situation,2022-06-04 11:32:49,2022-06-04 11:38:28
2022-06-04 22:43:36,2022-06-04 22:43:51,Free_Living,annotator,Experimental situation,2022-06-04 11:38:28,2022-06-04 11:38:43
