START_TIME,STOP_TIME,PREDICTION,SOURCE,LABELSET,VIDEO_START_TIME,VIDEO_END_TIME
2022-05-28 09:57:57,2022-05-28 09:58:21,Doing_Resistance_Training,annotator,HIGH LEVEL BEHAVIOR,2022-05-28 00:00:03,2022-05-28 00:00:27
2022-05-28 09:58:26,2022-05-28 09:58:39,Grooming/Self_Care,annotator,HIGH LEVEL BEHAVIOR,2022-05-28 00:00:32,2022-05-28 00:00:45
2022-05-28 09:58:45,2022-05-28 10:19:12,Relaxing_Passive,annotator,HIGH LEVEL BEHAVIOR,2022-05-28 00:00:51,2022-05-28 00:21:18
2022-05-28 10:19:21,2022-05-28 10:20:16,Relaxing_Passive,annotator,HIGH LEVEL BEHAVIOR,2022-05-28 00:21:27,2022-05-28 00:22:22
2022-05-28 10:20:18,2022-05-28 10:20:57,Relaxing_Passive,annotator,HIGH LEVEL BEHAVIOR,2022-05-28 00:22:24,2022-05-28 00:23:03
2022-05-28 10:21:05,2022-05-28 10:21:37,Grooming/Self_Care,annotator,HIGH LEVEL BEHAVIOR,2022-05-28 00:23:11,2022-05-28 00:23:43
2022-05-28 10:21:37,2022-05-28 10:21:51,In_Transit_Active,annotator,HIGH LEVEL BEHAVIOR,2022-05-28 00:23:43,2022-05-28 00:23:57
2022-05-28 10:21:53,2022-05-28 10:22:11,In_Transit_Active,annotator,HIGH LEVEL BEHAVIOR,2022-05-28 00:23:59,2022-05-28 00:24:17
2022-05-28 10:22:12,2022-05-28 10:22:21,In_Transit_Active,annotator,HIGH LEVEL BEHAVIOR,2022-05-28 00:24:18,2022-05-28 00:24:27
2022-05-28 10:22:23,2022-05-28 10:22:29,In_Transit_Active,annotator,HIGH LEVEL BEHAVIOR,2022-05-28 00:24:29,2022-05-28 00:24:35
2022-05-28 10:22:30,2022-05-28 10:29:00,Cooking/Prepping_Food,annotator,HIGH LEVEL BEHAVIOR,2022-05-28 00:24:36,2022-05-28 00:31:06
2022-05-28 10:29:01,2022-05-28 10:29:04,Cooking/Prepping_Food, In_Transit_Active,annotator,HIGH LEVEL BEHAVIOR,2022-05-28 00:31:07,2022-05-28 00:31:10
2022-05-28 10:29:10,2022-05-28 10:29:13,Cooking/Prepping_Food, In_Transit_Active,annotator,HIGH LEVEL BEHAVIOR,2022-05-28 00:31:16,2022-05-28 00:31:19
2022-05-28 10:29:14,2022-05-28 10:30:56,Cooking/Prepping_Food,annotator,HIGH LEVEL BEHAVIOR,2022-05-28 00:31:20,2022-05-28 00:33:02
2022-05-28 10:31:01,2022-05-28 10:31:10,Eating/Dining,annotator,HIGH LEVEL BEHAVIOR,2022-05-28 00:33:07,2022-05-28 00:33:16
2022-05-28 10:31:15,2022-05-28 10:32:45,Cooking/Prepping_Food,annotator,HIGH LEVEL BEHAVIOR,2022-05-28 00:33:21,2022-05-28 00:34:51
2022-05-28 10:32:47,2022-05-28 10:33:01,Eating/Dining,annotator,HIGH LEVEL BEHAVIOR,2022-05-28 00:34:53,2022-05-28 00:35:07
2022-05-28 10:33:02,2022-05-28 10:33:40,Cooking/Prepping_Food,annotator,HIGH LEVEL BEHAVIOR,2022-05-28 00:35:08,2022-05-28 00:35:46
2022-05-28 10:33:41,2022-05-28 10:33:50,Cooking/Prepping_Food, Eating/Dining,annotator,HIGH LEVEL BEHAVIOR,2022-05-28 00:35:47,2022-05-28 00:35:56
2022-05-28 10:33:51,2022-05-28 10:34:41,Cooking/Prepping_Food,annotator,HIGH LEVEL BEHAVIOR,2022-05-28 00:35:57,2022-05-28 00:36:47
2022-05-28 10:34:43,2022-05-28 10:35:56,Eating/Dining,annotator,HIGH LEVEL BEHAVIOR,2022-05-28 00:36:49,2022-05-28 00:38:02
2022-05-28 10:35:56,2022-05-28 10:36:24,Eating/Dining,annotator,HIGH LEVEL BEHAVIOR,2022-05-28 00:38:02,2022-05-28 00:38:30
2022-05-28 10:36:26,2022-05-28 10:36:49,Cooking/Prepping_Food, Eating/Dining,annotator,HIGH LEVEL BEHAVIOR,2022-05-28 00:38:32,2022-05-28 00:38:55
2022-05-28 10:36:52,2022-05-28 10:38:40,Eating/Dining,annotator,HIGH LEVEL BEHAVIOR,2022-05-28 00:38:58,2022-05-28 00:40:46
2022-05-28 10:38:43,2022-05-28 10:38:54,Eating/Dining, Cooking/Prepping_Food, In_Transit_Active,annotator,HIGH LEVEL BEHAVIOR,2022-05-28 00:40:49,2022-05-28 00:41:00
2022-05-28 10:38:57,2022-05-28 10:40:47,Eating/Dining,annotator,HIGH LEVEL BEHAVIOR,2022-05-28 00:41:03,2022-05-28 00:42:53
2022-05-28 10:40:51,2022-05-28 10:41:12,Eating/Dining,annotator,HIGH LEVEL BEHAVIOR,2022-05-28 00:42:57,2022-05-28 00:43:18
2022-05-28 10:41:13,2022-05-28 10:41:51,Eating/Dining,annotator,HIGH LEVEL BEHAVIOR,2022-05-28 00:43:19,2022-05-28 00:43:57
2022-05-28 10:41:56,2022-05-28 10:42:30,Eating/Dining,annotator,HIGH LEVEL BEHAVIOR,2022-05-28 00:44:02,2022-05-28 00:44:36
2022-05-28 10:42:30,2022-05-28 10:44:22,Relaxing_Passive,annotator,HIGH LEVEL BEHAVIOR,2022-05-28 00:44:36,2022-05-28 00:46:28
2022-05-28 10:44:40,2022-05-28 10:45:40,Relaxing_Passive,annotator,HIGH LEVEL BEHAVIOR,2022-05-28 00:46:46,2022-05-28 00:47:46
2022-05-28 10:45:54,2022-05-28 10:46:01,In_Transit_Active,annotator,HIGH LEVEL BEHAVIOR,2022-05-28 00:48:00,2022-05-28 00:48:07
2022-05-28 10:46:07,2022-05-28 10:53:28,HLB_Indecipherable/Video_Insufficient,annotator,HIGH LEVEL BEHAVIOR,2022-05-28 00:48:13,2022-05-28 00:55:34
2022-05-28 10:53:34,2022-05-28 10:53:42,Grooming/Self_Care,annotator,HIGH LEVEL BEHAVIOR,2022-05-28 00:55:40,2022-05-28 00:55:48
2022-05-28 10:53:42,2022-05-28 10:53:49,In_Transit_Active,annotator,HIGH LEVEL BEHAVIOR,2022-05-28 00:55:48,2022-05-28 00:55:55
2022-05-28 10:53:57,2022-05-28 10:54:06,In_Transit_Active,annotator,HIGH LEVEL BEHAVIOR,2022-05-28 00:56:03,2022-05-28 00:56:12
2022-05-28 10:54:10,2022-05-28 10:54:17,Doing_Common_Housework,annotator,HIGH LEVEL BEHAVIOR,2022-05-28 00:56:16,2022-05-28 00:56:23
2022-05-28 10:54:23,2022-05-28 10:55:09,Meeting _Social_Gathering_In_Person,annotator,HIGH LEVEL BEHAVIOR,2022-05-28 00:56:29,2022-05-28 00:57:15
2022-05-28 10:55:11,2022-05-28 10:58:00,Doing_Common_Housework,annotator,HIGH LEVEL BEHAVIOR,2022-05-28 00:57:17,2022-05-28 01:00:06
2022-05-28 10:58:03,2022-05-28 10:58:27,HLB_Indecipherable/Video_Insufficient,annotator,HIGH LEVEL BEHAVIOR,2022-05-28 01:00:09,2022-05-28 01:00:33
2022-05-28 10:58:31,2022-05-28 12:43:22,HLB_Indecipherable/Video_Insufficient,annotator,HIGH LEVEL BEHAVIOR,2022-05-28 01:00:37,2022-05-28 02:45:28
2022-05-28 12:43:25,2022-05-28 12:44:00,Doing_Common_Housework,annotator,HIGH LEVEL BEHAVIOR,2022-05-28 02:45:31,2022-05-28 02:46:06
2022-05-28 12:44:09,2022-05-28 12:44:20,Doing_Common_Housework,annotator,HIGH LEVEL BEHAVIOR,2022-05-28 02:46:15,2022-05-28 02:46:26
2022-05-28 12:44:22,2022-05-28 12:44:39,In_Transit_Active,annotator,HIGH LEVEL BEHAVIOR,2022-05-28 02:46:28,2022-05-28 02:46:45
2022-05-28 12:44:45,2022-05-28 12:44:53,Doing_Common_Housework,annotator,HIGH LEVEL BEHAVIOR,2022-05-28 02:46:51,2022-05-28 02:46:59
2022-05-28 12:45:03,2022-05-28 12:45:26,HLB_Indecipherable/Video_Insufficient,annotator,HIGH LEVEL BEHAVIOR,2022-05-28 02:47:09,2022-05-28 02:47:32
2022-05-28 12:45:27,2022-05-28 12:45:39,In_Transit_Active,annotator,HIGH LEVEL BEHAVIOR,2022-05-28 02:47:33,2022-05-28 02:47:45
2022-05-28 12:45:41,2022-05-28 12:45:43,In_Transit_Active,annotator,HIGH LEVEL BEHAVIOR,2022-05-28 02:47:47,2022-05-28 02:47:49
2022-05-28 12:45:44,2022-05-28 12:45:51,In_Transit_Active,annotator,HIGH LEVEL BEHAVIOR,2022-05-28 02:47:50,2022-05-28 02:47:57
2022-05-28 12:45:51,2022-05-28 12:46:03,In_Transit_Active,annotator,HIGH LEVEL BEHAVIOR,2022-05-28 02:47:57,2022-05-28 02:48:09
2022-05-28 12:46:10,2022-05-28 12:46:26,Doing_Common_Housework,annotator,HIGH LEVEL BEHAVIOR,2022-05-28 02:48:16,2022-05-28 02:48:32
2022-05-28 12:46:35,2022-05-28 12:46:50,Doing_Common_Housework,annotator,HIGH LEVEL BEHAVIOR,2022-05-28 02:48:41,2022-05-28 02:48:56
2022-05-28 12:46:50,2022-05-28 12:47:01,HLB_Indecipherable/Video_Insufficient,annotator,HIGH LEVEL BEHAVIOR,2022-05-28 02:48:56,2022-05-28 02:49:07
2022-05-28 12:47:03,2022-05-28 12:47:12,In_Transit_Active,annotator,HIGH LEVEL BEHAVIOR,2022-05-28 02:49:09,2022-05-28 02:49:18
2022-05-28 12:47:15,2022-05-28 12:58:00,Using_Computer/Screen,annotator,HIGH LEVEL BEHAVIOR,2022-05-28 02:49:21,2022-05-28 03:00:06
2022-05-28 12:58:08,2022-05-28 12:59:21,HLB_Indecipherable/Video_Insufficient,annotator,HIGH LEVEL BEHAVIOR,2022-05-28 03:00:14,2022-05-28 03:01:27
2022-05-28 12:59:27,2022-05-28 13:00:08,Using_Computer/Screen,annotator,HIGH LEVEL BEHAVIOR,2022-05-28 03:01:33,2022-05-28 03:02:14
2022-05-28 13:00:12,2022-05-28 13:00:28,Doing_Common_Housework,annotator,HIGH LEVEL BEHAVIOR,2022-05-28 03:02:18,2022-05-28 03:02:34
2022-05-28 13:00:35,2022-05-28 13:01:39,Using_Computer/Screen,annotator,HIGH LEVEL BEHAVIOR,2022-05-28 03:02:41,2022-05-28 03:03:45
2022-05-28 13:01:41,2022-05-28 13:05:39,Relaxing_Passive,annotator,HIGH LEVEL BEHAVIOR,2022-05-28 03:03:47,2022-05-28 03:07:45
2022-05-28 13:05:42,2022-05-28 13:06:30,Grooming/Self_Care,annotator,HIGH LEVEL BEHAVIOR,2022-05-28 03:07:48,2022-05-28 03:08:36
2022-05-28 13:06:35,2022-05-28 13:07:47,Relaxing_Passive,annotator,HIGH LEVEL BEHAVIOR,2022-05-28 03:08:41,2022-05-28 03:09:53
2022-05-28 13:07:47,2022-05-28 13:07:47,Relaxing_Passive,annotator,HIGH LEVEL BEHAVIOR,2022-05-28 03:09:53,2022-05-28 03:09:53
2022-05-28 13:07:51,2022-05-28 13:08:03,In_Transit_Active,annotator,HIGH LEVEL BEHAVIOR,2022-05-28 03:09:57,2022-05-28 03:10:09
2022-05-28 13:08:09,2022-05-28 13:08:15,HLB_Indecipherable/Video_Insufficient,annotator,HIGH LEVEL BEHAVIOR,2022-05-28 03:10:15,2022-05-28 03:10:21
2022-05-28 13:08:17,2022-05-28 13:08:23,In_Transit_Active,annotator,HIGH LEVEL BEHAVIOR,2022-05-28 03:10:23,2022-05-28 03:10:29
2022-05-28 13:08:25,2022-05-28 13:08:38,Dressing/Undressing,annotator,HIGH LEVEL BEHAVIOR,2022-05-28 03:10:31,2022-05-28 03:10:44
2022-05-28 13:08:40,2022-05-28 13:09:01,Doing_Common_Housework,annotator,HIGH LEVEL BEHAVIOR,2022-05-28 03:10:46,2022-05-28 03:11:07
2022-05-28 13:09:04,2022-05-28 13:09:04,Dressing/Undressing,annotator,HIGH LEVEL BEHAVIOR,2022-05-28 03:11:10,2022-05-28 03:11:10
2022-05-28 13:09:29,2022-05-28 13:10:08,Packing/Unpacking_Something,annotator,HIGH LEVEL BEHAVIOR,2022-05-28 03:11:35,2022-05-28 03:12:14
2022-05-28 13:10:11,2022-05-28 13:10:17,In_Transit_Active,annotator,HIGH LEVEL BEHAVIOR,2022-05-28 03:12:17,2022-05-28 03:12:23
2022-05-28 13:10:18,2022-05-28 13:10:26,In_Transit_Active,annotator,HIGH LEVEL BEHAVIOR,2022-05-28 03:12:24,2022-05-28 03:12:32
2022-05-28 13:10:34,2022-05-28 13:10:45,In_Transit_Active,annotator,HIGH LEVEL BEHAVIOR,2022-05-28 03:12:40,2022-05-28 03:12:51
2022-05-28 13:10:48,2022-05-28 13:11:01,Loading/Unloading_Vehicle,annotator,HIGH LEVEL BEHAVIOR,2022-05-28 03:12:54,2022-05-28 03:13:07
2022-05-28 13:11:03,2022-05-28 13:11:08,Loading/Unloading_Vehicle,annotator,HIGH LEVEL BEHAVIOR,2022-05-28 03:13:09,2022-05-28 03:13:14
2022-05-28 13:11:08,2022-05-28 13:11:21,In_Transit_Active,annotator,HIGH LEVEL BEHAVIOR,2022-05-28 03:13:14,2022-05-28 03:13:27
2022-05-28 13:11:22,2022-05-28 13:11:37,In_Transit_Active,annotator,HIGH LEVEL BEHAVIOR,2022-05-28 03:13:28,2022-05-28 03:13:43
2022-05-28 13:11:38,2022-05-28 13:11:45,In_Transit_Active,annotator,HIGH LEVEL BEHAVIOR,2022-05-28 03:13:44,2022-05-28 03:13:51
2022-05-28 13:11:46,2022-05-28 13:11:54,In_Transit_Active,annotator,HIGH LEVEL BEHAVIOR,2022-05-28 03:13:52,2022-05-28 03:14:00
2022-05-28 13:11:56,2022-05-28 13:12:46,Dressing/Undressing,annotator,HIGH LEVEL BEHAVIOR,2022-05-28 03:14:02,2022-05-28 03:14:52
2022-05-28 13:12:50,2022-05-28 13:13:02,Packing/Unpacking_Something,annotator,HIGH LEVEL BEHAVIOR,2022-05-28 03:14:56,2022-05-28 03:15:08
2022-05-28 13:13:02,2022-05-28 13:13:33,Packing/Unpacking_Something,annotator,HIGH LEVEL BEHAVIOR,2022-05-28 03:15:08,2022-05-28 03:15:39
2022-05-28 13:13:33,2022-05-28 13:13:44,In_Transit_Active,annotator,HIGH LEVEL BEHAVIOR,2022-05-28 03:15:39,2022-05-28 03:15:50
2022-05-28 13:13:45,2022-05-28 13:13:53,In_Transit_Active,annotator,HIGH LEVEL BEHAVIOR,2022-05-28 03:15:51,2022-05-28 03:15:59
2022-05-28 13:13:55,2022-05-28 13:14:02,In_Transit_Active,annotator,HIGH LEVEL BEHAVIOR,2022-05-28 03:16:01,2022-05-28 03:16:08
2022-05-28 13:14:02,2022-05-28 13:14:15,In_Transit_Active,annotator,HIGH LEVEL BEHAVIOR,2022-05-28 03:16:08,2022-05-28 03:16:21
2022-05-28 13:14:16,2022-05-28 13:14:48,Loading/Unloading_Vehicle,annotator,HIGH LEVEL BEHAVIOR,2022-05-28 03:16:22,2022-05-28 03:16:54
2022-05-28 13:14:49,2022-05-28 13:15:00,Dressing/Undressing, In_Transit_Active,annotator,HIGH LEVEL BEHAVIOR,2022-05-28 03:16:55,2022-05-28 03:17:06
2022-05-28 13:15:02,2022-05-28 13:15:11,In_Transit_Active,annotator,HIGH LEVEL BEHAVIOR,2022-05-28 03:17:08,2022-05-28 03:17:17
2022-05-28 13:15:12,2022-05-28 13:15:22,In_Transit_Active,annotator,HIGH LEVEL BEHAVIOR,2022-05-28 03:17:18,2022-05-28 03:17:28
2022-05-28 13:15:23,2022-05-28 13:15:30,Doing_Common_Housework,annotator,HIGH LEVEL BEHAVIOR,2022-05-28 03:17:29,2022-05-28 03:17:36
2022-05-28 13:15:31,2022-05-28 13:15:42,In_Transit_Active,annotator,HIGH LEVEL BEHAVIOR,2022-05-28 03:17:37,2022-05-28 03:17:48
2022-05-28 13:15:43,2022-05-28 13:16:03,Packing/Unpacking_Something,annotator,HIGH LEVEL BEHAVIOR,2022-05-28 03:17:49,2022-05-28 03:18:09
2022-05-28 13:16:03,2022-05-28 13:16:09,In_Transit_Active,annotator,HIGH LEVEL BEHAVIOR,2022-05-28 03:18:09,2022-05-28 03:18:15
2022-05-28 13:16:10,2022-05-28 13:16:17,In_Transit_Active,annotator,HIGH LEVEL BEHAVIOR,2022-05-28 03:18:16,2022-05-28 03:18:23
2022-05-28 13:16:17,2022-05-28 13:16:41,HLB_Indecipherable/Video_Insufficient,annotator,HIGH LEVEL BEHAVIOR,2022-05-28 03:18:23,2022-05-28 03:18:47
2022-05-28 13:16:47,2022-05-28 13:18:41,Doing_Common_Housework,annotator,HIGH LEVEL BEHAVIOR,2022-05-28 03:18:53,2022-05-28 03:20:47
2022-05-28 13:18:44,2022-05-28 13:20:12,Doing_Common_Housework,annotator,HIGH LEVEL BEHAVIOR,2022-05-28 03:20:50,2022-05-28 03:22:18
2022-05-28 13:20:13,2022-05-28 13:20:22,Doing_Common_Housework,annotator,HIGH LEVEL BEHAVIOR,2022-05-28 03:22:19,2022-05-28 03:22:28
2022-05-28 13:20:23,2022-05-28 13:20:41,In_Transit_Active,annotator,HIGH LEVEL BEHAVIOR,2022-05-28 03:22:29,2022-05-28 03:22:47
2022-05-28 13:20:42,2022-05-28 13:20:59,In_Transit_Active,annotator,HIGH LEVEL BEHAVIOR,2022-05-28 03:22:48,2022-05-28 03:23:05
2022-05-28 13:20:59,2022-05-28 13:21:38,In_Transit_Active,annotator,HIGH LEVEL BEHAVIOR,2022-05-28 03:23:05,2022-05-28 03:23:44
2022-05-28 13:21:39,2022-05-28 13:21:52,In_Transit_Active,annotator,HIGH LEVEL BEHAVIOR,2022-05-28 03:23:45,2022-05-28 03:23:58
2022-05-28 13:21:52,2022-05-28 13:22:02,In_Transit_Active,annotator,HIGH LEVEL BEHAVIOR,2022-05-28 03:23:58,2022-05-28 03:24:08
2022-05-28 13:22:03,2022-05-28 13:22:24,In_Transit_Active,annotator,HIGH LEVEL BEHAVIOR,2022-05-28 03:24:09,2022-05-28 03:24:30
2022-05-28 13:22:24,2022-05-28 13:22:34,In_Transit_Active,annotator,HIGH LEVEL BEHAVIOR,2022-05-28 03:24:30,2022-05-28 03:24:40
2022-05-28 13:22:34,2022-05-28 13:23:03,Dressing/Undressing,annotator,HIGH LEVEL BEHAVIOR,2022-05-28 03:24:40,2022-05-28 03:25:09
2022-05-28 13:23:10,2022-05-28 13:24:00,In_Transit_Active,annotator,HIGH LEVEL BEHAVIOR,2022-05-28 03:25:16,2022-05-28 03:26:06
2022-05-28 13:24:11,2022-05-28 13:24:26,In_Transit_Active,annotator,HIGH LEVEL BEHAVIOR,2022-05-28 03:26:17,2022-05-28 03:26:32
2022-05-28 13:24:34,2022-05-28 13:24:41,In_Transit_Active,annotator,HIGH LEVEL BEHAVIOR,2022-05-28 03:26:40,2022-05-28 03:26:47
2022-05-28 13:24:42,2022-05-28 13:25:12,In_Transit_Active,annotator,HIGH LEVEL BEHAVIOR,2022-05-28 03:26:48,2022-05-28 03:27:18
2022-05-28 13:25:14,2022-05-28 13:25:28,,annotator,HIGH LEVEL BEHAVIOR,2022-05-28 03:27:20,2022-05-28 03:27:34
2022-05-28 13:25:30,2022-05-28 13:25:57,In_Transit_Active,annotator,HIGH LEVEL BEHAVIOR,2022-05-28 03:27:36,2022-05-28 03:28:03
2022-05-28 13:25:58,2022-05-28 13:30:48,In_Transit_Passive_Car,annotator,HIGH LEVEL BEHAVIOR,2022-05-28 03:28:04,2022-05-28 03:32:54
2022-05-28 13:30:52,2022-05-28 13:31:50,In_Transit_Active,annotator,HIGH LEVEL BEHAVIOR,2022-05-28 03:32:58,2022-05-28 03:33:56
2022-05-28 13:31:51,2022-05-28 13:33:41,Meeting _Social_Gathering_In_Person,annotator,HIGH LEVEL BEHAVIOR,2022-05-28 03:33:57,2022-05-28 03:35:47
2022-05-28 13:33:42,2022-05-28 13:35:46,Meeting _Social_Gathering_In_Person,annotator,HIGH LEVEL BEHAVIOR,2022-05-28 03:35:48,2022-05-28 03:37:52
2022-05-28 13:35:47,2022-05-28 13:36:36,In_Transit_Active,annotator,HIGH LEVEL BEHAVIOR,2022-05-28 03:37:53,2022-05-28 03:38:42
2022-05-28 13:36:38,2022-05-28 13:37:02,In_Transit_Passive_Car,annotator,HIGH LEVEL BEHAVIOR,2022-05-28 03:38:44,2022-05-28 03:39:08
2022-05-28 13:37:03,2022-05-28 13:42:22,In_Transit_Passive_Car, Eating/Dining,annotator,HIGH LEVEL BEHAVIOR,2022-05-28 03:39:09,2022-05-28 03:44:28
2022-05-28 13:42:22,2022-05-28 14:25:00,In_Transit_Passive_Car,annotator,HIGH LEVEL BEHAVIOR,2022-05-28 03:44:28,2022-05-28 04:27:06
2022-05-28 14:25:03,2022-05-28 15:55:25,In_Transit_Passive_Car,annotator,HIGH LEVEL BEHAVIOR,2022-05-28 04:27:09,2022-05-28 05:57:31
2022-05-28 15:55:28,2022-05-28 15:56:42,In_Transit_Active,annotator,HIGH LEVEL BEHAVIOR,2022-05-28 05:57:34,2022-05-28 05:58:48
2022-05-28 15:56:44,2022-05-28 16:07:49,In_Transit_Active, Shopping_Grocery,annotator,HIGH LEVEL BEHAVIOR,2022-05-28 05:58:50,2022-05-28 06:09:55
2022-05-28 16:07:57,2022-05-28 16:08:40,In_Transit_Active,annotator,HIGH LEVEL BEHAVIOR,2022-05-28 06:10:03,2022-05-28 06:10:46
2022-05-28 16:08:40,2022-05-28 16:14:11,In_Transit_Passive_Car,annotator,HIGH LEVEL BEHAVIOR,2022-05-28 06:10:46,2022-05-28 06:16:17
2022-05-28 16:14:28,2022-05-28 16:17:08,In_Transit_Active,annotator,HIGH LEVEL BEHAVIOR,2022-05-28 06:16:34,2022-05-28 06:19:14
2022-05-28 16:17:09,2022-05-28 16:17:37,In_Transit_Active,annotator,HIGH LEVEL BEHAVIOR,2022-05-28 06:19:15,2022-05-28 06:19:43
2022-05-28 16:17:38,2022-05-28 16:17:51,Riding_Elevator_Up,annotator,HIGH LEVEL BEHAVIOR,2022-05-28 06:19:44,2022-05-28 06:19:57
2022-05-28 16:17:55,2022-05-28 16:19:27,In_Transit_Active,annotator,HIGH LEVEL BEHAVIOR,2022-05-28 06:20:01,2022-05-28 06:21:33
2022-05-28 16:19:28,2022-05-28 16:20:21,Meeting _Social_Gathering_In_Person,annotator,HIGH LEVEL BEHAVIOR,2022-05-28 06:21:34,2022-05-28 06:22:27
2022-05-28 16:20:21,2022-05-28 16:21:46,In_Transit_Active,annotator,HIGH LEVEL BEHAVIOR,2022-05-28 06:22:27,2022-05-28 06:23:52
2022-05-28 16:21:47,2022-05-28 16:22:30,Riding_Elevator_Down,annotator,HIGH LEVEL BEHAVIOR,2022-05-28 06:23:53,2022-05-28 06:24:36
2022-05-28 16:22:32,2022-05-28 16:25:15,In_Transit_Active,annotator,HIGH LEVEL BEHAVIOR,2022-05-28 06:24:38,2022-05-28 06:27:21
2022-05-28 16:25:18,2022-05-28 16:25:26,In_Transit_Active,annotator,HIGH LEVEL BEHAVIOR,2022-05-28 06:27:24,2022-05-28 06:27:32
2022-05-28 16:25:28,2022-05-28 16:27:28,HLB_Indecipherable/Video_Insufficient,annotator,HIGH LEVEL BEHAVIOR,2022-05-28 06:27:34,2022-05-28 06:29:34
2022-05-28 16:27:31,2022-05-28 16:28:21,In_Transit_Active,annotator,HIGH LEVEL BEHAVIOR,2022-05-28 06:29:37,2022-05-28 06:30:27
2022-05-28 16:28:23,2022-05-28 16:29:46,,annotator,HIGH LEVEL BEHAVIOR,2022-05-28 06:30:29,2022-05-28 06:31:52
2022-05-28 16:29:47,2022-05-28 16:33:38,Meeting_Virtual,annotator,HIGH LEVEL BEHAVIOR,2022-05-28 06:31:53,2022-05-28 06:35:44
2022-05-28 16:33:46,2022-05-28 16:39:10,HLB_Indecipherable/Video_Insufficient,annotator,HIGH LEVEL BEHAVIOR,2022-05-28 06:35:52,2022-05-28 06:41:16
2022-05-28 16:39:12,2022-05-28 16:42:05,Meeting_Virtual,annotator,HIGH LEVEL BEHAVIOR,2022-05-28 06:41:18,2022-05-28 06:44:11
2022-05-28 16:42:08,2022-05-28 16:42:51,Meeting_Virtual,annotator,HIGH LEVEL BEHAVIOR,2022-05-28 06:44:14,2022-05-28 06:44:57
2022-05-28 16:42:51,2022-05-28 16:43:28,In_Transit_Active,annotator,HIGH LEVEL BEHAVIOR,2022-05-28 06:44:57,2022-05-28 06:45:34
2022-05-28 16:43:37,2022-05-28 16:44:27,,annotator,HIGH LEVEL BEHAVIOR,2022-05-28 06:45:43,2022-05-28 06:46:33
2022-05-28 16:44:35,2022-05-28 16:45:26,In_Transit_Active,annotator,HIGH LEVEL BEHAVIOR,2022-05-28 06:46:41,2022-05-28 06:47:32
2022-05-28 16:45:27,2022-05-28 16:45:44,In_Transit_Active,annotator,HIGH LEVEL BEHAVIOR,2022-05-28 06:47:33,2022-05-28 06:47:50
2022-05-28 16:45:46,2022-05-28 16:46:08,In_Transit_Active,annotator,HIGH LEVEL BEHAVIOR,2022-05-28 06:47:52,2022-05-28 06:48:14
2022-05-28 16:46:09,2022-05-28 16:47:00,In_Transit_Active,annotator,HIGH LEVEL BEHAVIOR,2022-05-28 06:48:15,2022-05-28 06:49:06
2022-05-28 16:47:01,2022-05-28 16:47:23,In_Transit_Active,annotator,HIGH LEVEL BEHAVIOR,2022-05-28 06:49:07,2022-05-28 06:49:29
2022-05-28 16:47:25,2022-05-28 16:47:48,Riding_Elevator_Up,annotator,HIGH LEVEL BEHAVIOR,2022-05-28 06:49:31,2022-05-28 06:49:54
2022-05-28 16:47:49,2022-05-28 16:48:56,In_Transit_Active,annotator,HIGH LEVEL BEHAVIOR,2022-05-28 06:49:55,2022-05-28 06:51:02
2022-05-28 16:48:58,2022-05-28 16:53:12,In_Transit_Active, Doing_Common_Housework, Meeting _Social_Gathering_In_Person,annotator,HIGH LEVEL BEHAVIOR,2022-05-28 06:51:04,2022-05-28 06:55:18
2022-05-28 16:53:13,2022-05-28 16:54:24,HLB_Indecipherable/Video_Insufficient,annotator,HIGH LEVEL BEHAVIOR,2022-05-28 06:55:19,2022-05-28 06:56:30
2022-05-28 16:54:25,2022-05-28 16:56:54,Doing_Common_Housework, Meeting _Social_Gathering_In_Person,annotator,HIGH LEVEL BEHAVIOR,2022-05-28 06:56:31,2022-05-28 06:59:00
2022-05-28 16:56:59,2022-05-28 16:57:41,In_Bathroom,annotator,HIGH LEVEL BEHAVIOR,2022-05-28 06:59:05,2022-05-28 06:59:47
2022-05-28 16:57:41,2022-05-28 17:01:15,In_Transit_Active, Meeting _Social_Gathering_In_Person,annotator,HIGH LEVEL BEHAVIOR,2022-05-28 06:59:47,2022-05-28 07:03:21
2022-05-28 17:01:16,2022-05-28 17:02:01,In_Transit_Active,annotator,HIGH LEVEL BEHAVIOR,2022-05-28 07:03:22,2022-05-28 07:04:07
2022-05-28 17:02:02,2022-05-28 17:02:26,In_Transit_Active,annotator,HIGH LEVEL BEHAVIOR,2022-05-28 07:04:08,2022-05-28 07:04:32
2022-05-28 17:02:30,2022-05-28 17:02:53,In_Transit_Active,annotator,HIGH LEVEL BEHAVIOR,2022-05-28 07:04:36,2022-05-28 07:04:59
2022-05-28 17:02:55,2022-05-28 17:03:42,In_Transit_Active,annotator,HIGH LEVEL BEHAVIOR,2022-05-28 07:05:01,2022-05-28 07:05:48
2022-05-28 17:03:42,2022-05-28 17:31:32,In_Transit_Driving_Car,annotator,HIGH LEVEL BEHAVIOR,2022-05-28 07:05:48,2022-05-28 07:33:38
2022-05-28 17:31:34,2022-05-28 17:32:56,In_Transit_Active,annotator,HIGH LEVEL BEHAVIOR,2022-05-28 07:33:40,2022-05-28 07:35:02
2022-05-28 17:32:58,2022-05-28 17:35:30,Meeting _Social_Gathering_In_Person,annotator,HIGH LEVEL BEHAVIOR,2022-05-28 07:35:04,2022-05-28 07:37:36
2022-05-28 17:35:33,2022-05-28 17:36:08,In_Transit_Active,annotator,HIGH LEVEL BEHAVIOR,2022-05-28 07:37:39,2022-05-28 07:38:14
2022-05-28 17:36:10,2022-05-28 17:36:56,In_Transit_Active,annotator,HIGH LEVEL BEHAVIOR,2022-05-28 07:38:16,2022-05-28 07:39:02
2022-05-28 17:36:56,2022-05-28 17:40:52,In_Transit_Active,annotator,HIGH LEVEL BEHAVIOR,2022-05-28 07:39:02,2022-05-28 07:42:58
2022-05-28 17:40:53,2022-05-28 17:41:46,In_Transit_Driving_Car,annotator,HIGH LEVEL BEHAVIOR,2022-05-28 07:42:59,2022-05-28 07:43:52
2022-05-28 17:41:50,2022-05-28 17:51:31,In_Transit_Active,annotator,HIGH LEVEL BEHAVIOR,2022-05-28 07:43:56,2022-05-28 07:53:37
2022-05-28 17:51:32,2022-05-28 17:55:54,Meeting _Social_Gathering_In_Person,annotator,HIGH LEVEL BEHAVIOR,2022-05-28 07:53:38,2022-05-28 07:58:00
2022-05-28 17:55:56,2022-05-28 18:01:28,In_Transit_Active,annotator,HIGH LEVEL BEHAVIOR,2022-05-28 07:58:02,2022-05-28 08:03:34
2022-05-28 18:01:28,2022-05-28 18:01:28,Administering_Child/Elder/Other_Adult,annotator,HIGH LEVEL BEHAVIOR,2022-05-28 08:03:34,2022-05-28 08:03:34
2022-05-28 18:01:28,2022-05-28 18:01:35,In_Transit_Active,annotator,HIGH LEVEL BEHAVIOR,2022-05-28 08:03:34,2022-05-28 08:03:41
2022-05-28 18:01:35,2022-05-28 18:01:39,In_Transit_Active,annotator,HIGH LEVEL BEHAVIOR,2022-05-28 08:03:41,2022-05-28 08:03:45
2022-05-28 18:01:39,2022-05-28 18:01:53,In_Transit_Active,annotator,HIGH LEVEL BEHAVIOR,2022-05-28 08:03:45,2022-05-28 08:03:59
2022-05-28 18:01:53,2022-05-28 18:02:26,,annotator,HIGH LEVEL BEHAVIOR,2022-05-28 08:03:59,2022-05-28 08:04:32
2022-05-28 18:02:26,2022-05-28 18:02:51,,annotator,HIGH LEVEL BEHAVIOR,2022-05-28 08:04:32,2022-05-28 08:04:57
2022-05-28 18:02:51,2022-05-28 18:03:07,Meeting _Social_Gathering_In_Person,annotator,HIGH LEVEL BEHAVIOR,2022-05-28 08:04:57,2022-05-28 08:05:13
2022-05-28 18:03:07,2022-05-28 18:04:25,Meeting _Social_Gathering_In_Person,annotator,HIGH LEVEL BEHAVIOR,2022-05-28 08:05:13,2022-05-28 08:06:31
2022-05-28 18:04:25,2022-05-28 18:05:03,Meeting _Social_Gathering_In_Person,annotator,HIGH LEVEL BEHAVIOR,2022-05-28 08:06:31,2022-05-28 08:07:09
2022-05-28 18:05:03,2022-05-28 18:06:59,Meeting _Social_Gathering_In_Person,annotator,HIGH LEVEL BEHAVIOR,2022-05-28 08:07:09,2022-05-28 08:09:05
2022-05-28 18:06:59,2022-05-28 18:08:12,Meeting _Social_Gathering_In_Person,annotator,HIGH LEVEL BEHAVIOR,2022-05-28 08:09:05,2022-05-28 08:10:18
2022-05-28 18:08:12,2022-05-28 18:09:05,Meeting _Social_Gathering_In_Person,annotator,HIGH LEVEL BEHAVIOR,2022-05-28 08:10:18,2022-05-28 08:11:11
2022-05-28 18:09:05,2022-05-28 18:09:30,Meeting _Social_Gathering_In_Person,annotator,HIGH LEVEL BEHAVIOR,2022-05-28 08:11:11,2022-05-28 08:11:36
2022-05-28 18:09:30,2022-05-28 18:14:20,Meeting _Social_Gathering_In_Person,annotator,HIGH LEVEL BEHAVIOR,2022-05-28 08:11:36,2022-05-28 08:16:26
2022-05-28 18:14:20,2022-05-28 18:15:12,Meeting _Social_Gathering_In_Person,annotator,HIGH LEVEL BEHAVIOR,2022-05-28 08:16:26,2022-05-28 08:17:18
2022-05-28 18:15:12,2022-05-28 18:18:35,Meeting _Social_Gathering_In_Person,annotator,HIGH LEVEL BEHAVIOR,2022-05-28 08:17:18,2022-05-28 08:20:41
2022-05-28 18:18:35,2022-05-28 18:19:12,Meeting _Social_Gathering_In_Person,annotator,HIGH LEVEL BEHAVIOR,2022-05-28 08:20:41,2022-05-28 08:21:18
2022-05-28 18:19:12,2022-05-28 18:22:50,Meeting _Social_Gathering_In_Person, Eating/Dining,annotator,HIGH LEVEL BEHAVIOR,2022-05-28 08:21:18,2022-05-28 08:24:56
2022-05-28 18:22:50,2022-05-28 18:39:25,Meeting _Social_Gathering_In_Person, Eating/Dining,annotator,HIGH LEVEL BEHAVIOR,2022-05-28 08:24:56,2022-05-28 08:41:31
2022-05-28 18:39:25,2022-05-28 18:39:58,Meeting _Social_Gathering_In_Person,annotator,HIGH LEVEL BEHAVIOR,2022-05-28 08:41:31,2022-05-28 08:42:04
2022-05-28 18:39:58,2022-05-28 18:45:09,Meeting _Social_Gathering_In_Person,annotator,HIGH LEVEL BEHAVIOR,2022-05-28 08:42:04,2022-05-28 08:47:15
2022-05-28 18:45:09,2022-05-28 18:46:29,Meeting _Social_Gathering_In_Person,annotator,HIGH LEVEL BEHAVIOR,2022-05-28 08:47:15,2022-05-28 08:48:35
2022-05-28 18:46:29,2022-05-28 18:46:50,Meeting _Social_Gathering_In_Person,annotator,HIGH LEVEL BEHAVIOR,2022-05-28 08:48:35,2022-05-28 08:48:56
2022-05-28 18:46:50,2022-05-28 18:48:11,Meeting _Social_Gathering_In_Person,annotator,HIGH LEVEL BEHAVIOR,2022-05-28 08:48:56,2022-05-28 08:50:17
2022-05-28 18:48:11,2022-05-28 18:51:04,Meeting _Social_Gathering_In_Person,annotator,HIGH LEVEL BEHAVIOR,2022-05-28 08:50:17,2022-05-28 08:53:10
2022-05-28 18:51:04,2022-05-28 18:51:34,Meeting _Social_Gathering_In_Person,annotator,HIGH LEVEL BEHAVIOR,2022-05-28 08:53:10,2022-05-28 08:53:40
2022-05-28 18:51:34,2022-05-28 18:51:43,Meeting _Social_Gathering_In_Person,annotator,HIGH LEVEL BEHAVIOR,2022-05-28 08:53:40,2022-05-28 08:53:49
2022-05-28 18:51:43,2022-05-28 18:52:12,Meeting _Social_Gathering_In_Person,annotator,HIGH LEVEL BEHAVIOR,2022-05-28 08:53:49,2022-05-28 08:54:18
2022-05-28 18:52:12,2022-05-28 18:52:37,Meeting _Social_Gathering_In_Person,annotator,HIGH LEVEL BEHAVIOR,2022-05-28 08:54:18,2022-05-28 08:54:43
2022-05-28 18:52:37,2022-05-28 18:53:04,,annotator,HIGH LEVEL BEHAVIOR,2022-05-28 08:54:43,2022-05-28 08:55:10
2022-05-28 18:53:05,2022-05-28 18:53:16,,annotator,HIGH LEVEL BEHAVIOR,2022-05-28 08:55:11,2022-05-28 08:55:22
2022-05-28 18:53:16,2022-05-28 18:53:58,,annotator,HIGH LEVEL BEHAVIOR,2022-05-28 08:55:22,2022-05-28 08:56:04
2022-05-28 18:53:58,2022-05-28 18:54:15,Meeting _Social_Gathering_In_Person,annotator,HIGH LEVEL BEHAVIOR,2022-05-28 08:56:04,2022-05-28 08:56:21
2022-05-28 18:54:15,2022-05-28 18:55:13,Meeting _Social_Gathering_In_Person, In_Transit_Active,annotator,HIGH LEVEL BEHAVIOR,2022-05-28 08:56:21,2022-05-28 08:57:19
2022-05-28 18:55:13,2022-05-28 19:03:37,Meeting _Social_Gathering_In_Person, In_Transit_Driving_Car,annotator,HIGH LEVEL BEHAVIOR,2022-05-28 08:57:19,2022-05-28 09:05:43
2022-05-28 19:03:37,2022-05-28 19:04:12,In_Transit_Driving_Car,annotator,HIGH LEVEL BEHAVIOR,2022-05-28 09:05:43,2022-05-28 09:06:18
2022-05-28 19:04:12,2022-05-28 19:06:59,In_Transit_Driving_Car,annotator,HIGH LEVEL BEHAVIOR,2022-05-28 09:06:18,2022-05-28 09:09:05
2022-05-28 19:06:59,2022-05-28 19:07:30,In_Transit_Driving_Car,annotator,HIGH LEVEL BEHAVIOR,2022-05-28 09:09:05,2022-05-28 09:09:36
2022-05-28 19:07:30,2022-05-28 19:08:47,In_Transit_Driving_Car,annotator,HIGH LEVEL BEHAVIOR,2022-05-28 09:09:36,2022-05-28 09:10:53
2022-05-28 19:08:47,2022-05-28 19:23:14,In_Transit_Driving_Car,annotator,HIGH LEVEL BEHAVIOR,2022-05-28 09:10:53,2022-05-28 09:25:20
2022-05-28 19:23:14,2022-05-28 19:25:06,In_Transit_Driving_Car,annotator,HIGH LEVEL BEHAVIOR,2022-05-28 09:25:20,2022-05-28 09:27:12
2022-05-28 19:25:06,2022-05-28 19:25:22,In_Transit_Active,annotator,HIGH LEVEL BEHAVIOR,2022-05-28 09:27:12,2022-05-28 09:27:28
2022-05-28 19:25:22,2022-05-28 19:25:33,In_Transit_Active,annotator,HIGH LEVEL BEHAVIOR,2022-05-28 09:27:28,2022-05-28 09:27:39
2022-05-28 19:25:33,2022-05-28 19:25:37,In_Transit_Active, Loading/Unloading_Vehicle,annotator,HIGH LEVEL BEHAVIOR,2022-05-28 09:27:39,2022-05-28 09:27:43
2022-05-28 19:25:37,2022-05-28 19:25:45,In_Transit_Active,annotator,HIGH LEVEL BEHAVIOR,2022-05-28 09:27:43,2022-05-28 09:27:51
2022-05-28 19:25:45,2022-05-28 19:26:59,HLB_Indecipherable/Video_Insufficient,annotator,HIGH LEVEL BEHAVIOR,2022-05-28 09:27:51,2022-05-28 09:29:05
2022-05-28 19:26:59,2022-05-28 19:27:10,Loading/Unloading_Vehicle,annotator,HIGH LEVEL BEHAVIOR,2022-05-28 09:29:05,2022-05-28 09:29:16
2022-05-28 19:27:10,2022-05-28 19:27:39,In_Transit_Active,annotator,HIGH LEVEL BEHAVIOR,2022-05-28 09:29:16,2022-05-28 09:29:45
2022-05-28 19:27:39,2022-05-28 19:27:51,In_Transit_Active,annotator,HIGH LEVEL BEHAVIOR,2022-05-28 09:29:45,2022-05-28 09:29:57
2022-05-28 19:27:51,2022-05-28 19:28:27,In_Transit_Active,annotator,HIGH LEVEL BEHAVIOR,2022-05-28 09:29:57,2022-05-28 09:30:33
2022-05-28 19:28:27,2022-05-28 19:28:47,In_Transit_Active,annotator,HIGH LEVEL BEHAVIOR,2022-05-28 09:30:33,2022-05-28 09:30:53
2022-05-28 19:28:47,2022-05-28 19:28:54,In_Transit_Active,annotator,HIGH LEVEL BEHAVIOR,2022-05-28 09:30:53,2022-05-28 09:31:00
2022-05-28 19:28:54,2022-05-28 19:29:43,In_Transit_Active,annotator,HIGH LEVEL BEHAVIOR,2022-05-28 09:31:00,2022-05-28 09:31:49
2022-05-28 19:29:43,2022-05-28 19:29:50,In_Transit_Active,annotator,HIGH LEVEL BEHAVIOR,2022-05-28 09:31:49,2022-05-28 09:31:56
2022-05-28 19:29:50,2022-05-28 19:30:43,In_Transit_Active,annotator,HIGH LEVEL BEHAVIOR,2022-05-28 09:31:56,2022-05-28 09:32:49
2022-05-28 19:30:43,2022-05-28 19:31:20,In_Transit_Active,annotator,HIGH LEVEL BEHAVIOR,2022-05-28 09:32:49,2022-05-28 09:33:26
2022-05-28 19:31:20,2022-05-28 19:31:44,In_Transit_Active,annotator,HIGH LEVEL BEHAVIOR,2022-05-28 09:33:26,2022-05-28 09:33:50
2022-05-28 19:31:44,2022-05-28 19:32:03,In_Transit_Active,annotator,HIGH LEVEL BEHAVIOR,2022-05-28 09:33:50,2022-05-28 09:34:09
2022-05-28 19:32:03,2022-05-28 19:32:38,In_Transit_Active,annotator,HIGH LEVEL BEHAVIOR,2022-05-28 09:34:09,2022-05-28 09:34:44
2022-05-28 19:32:38,2022-05-28 19:33:06,In_Transit_Active,annotator,HIGH LEVEL BEHAVIOR,2022-05-28 09:34:44,2022-05-28 09:35:12
2022-05-28 19:33:06,2022-05-28 19:34:56,In_Transit_Active,annotator,HIGH LEVEL BEHAVIOR,2022-05-28 09:35:12,2022-05-28 09:37:02
2022-05-28 19:34:56,2022-05-28 19:35:17,In_Transit_Active,annotator,HIGH LEVEL BEHAVIOR,2022-05-28 09:37:02,2022-05-28 09:37:23
2022-05-28 19:35:17,2022-05-28 19:38:24,In_Transit_Active,annotator,HIGH LEVEL BEHAVIOR,2022-05-28 09:37:23,2022-05-28 09:40:30
2022-05-28 19:38:24,2022-05-28 19:38:47,In_Transit_Active,annotator,HIGH LEVEL BEHAVIOR,2022-05-28 09:40:30,2022-05-28 09:40:53
2022-05-28 19:38:47,2022-05-28 19:39:48,In_Transit_Active,annotator,HIGH LEVEL BEHAVIOR,2022-05-28 09:40:53,2022-05-28 09:41:54
2022-05-28 19:39:48,2022-05-28 19:45:02,In_Transit_Active,annotator,HIGH LEVEL BEHAVIOR,2022-05-28 09:41:54,2022-05-28 09:47:08
2022-05-28 19:45:02,2022-05-28 19:45:30,In_Transit_Active,annotator,HIGH LEVEL BEHAVIOR,2022-05-28 09:47:08,2022-05-28 09:47:36
2022-05-28 19:45:30,2022-05-28 19:45:42,In_Transit_Active,annotator,HIGH LEVEL BEHAVIOR,2022-05-28 09:47:36,2022-05-28 09:47:48
2022-05-28 19:45:42,2022-05-28 19:45:58,In_Transit_Active,annotator,HIGH LEVEL BEHAVIOR,2022-05-28 09:47:48,2022-05-28 09:48:04
2022-05-28 19:45:58,2022-05-28 19:46:11,In_Transit_Active, Loading/Unloading_Vehicle,annotator,HIGH LEVEL BEHAVIOR,2022-05-28 09:48:04,2022-05-28 09:48:17
2022-05-28 19:46:11,2022-05-28 19:46:15,In_Transit_Active,annotator,HIGH LEVEL BEHAVIOR,2022-05-28 09:48:17,2022-05-28 09:48:21
2022-05-28 19:46:15,2022-05-28 20:03:55,In_Transit_Driving_Car,annotator,HIGH LEVEL BEHAVIOR,2022-05-28 09:48:21,2022-05-28 10:06:01
2022-05-28 20:03:55,2022-05-28 20:04:15,,annotator,HIGH LEVEL BEHAVIOR,2022-05-28 10:06:01,2022-05-28 10:06:21
2022-05-28 20:04:15,2022-05-28 20:04:31,,annotator,HIGH LEVEL BEHAVIOR,2022-05-28 10:06:21,2022-05-28 10:06:37
2022-05-28 20:04:31,2022-05-28 20:04:38,In_Transit_Active,annotator,HIGH LEVEL BEHAVIOR,2022-05-28 10:06:37,2022-05-28 10:06:44
2022-05-28 20:04:38,2022-05-28 20:07:38,In_Transit_Active,annotator,HIGH LEVEL BEHAVIOR,2022-05-28 10:06:44,2022-05-28 10:09:44
2022-05-28 20:07:38,2022-05-28 20:08:06,In_Transit_Active,annotator,HIGH LEVEL BEHAVIOR,2022-05-28 10:09:44,2022-05-28 10:10:12
2022-05-28 20:08:06,2022-05-28 20:08:53,,annotator,HIGH LEVEL BEHAVIOR,2022-05-28 10:10:12,2022-05-28 10:10:59
2022-05-28 20:08:53,2022-05-28 20:09:16,Dressing/Undressing,annotator,HIGH LEVEL BEHAVIOR,2022-05-28 10:10:59,2022-05-28 10:11:22
2022-05-28 20:09:16,2022-05-28 20:11:39,,annotator,HIGH LEVEL BEHAVIOR,2022-05-28 10:11:22,2022-05-28 10:13:45
2022-05-28 20:11:39,2022-05-28 20:12:35,Eating/Dining,annotator,HIGH LEVEL BEHAVIOR,2022-05-28 10:13:45,2022-05-28 10:14:41
2022-05-28 20:12:35,2022-05-28 20:13:42,Eating/Dining,annotator,HIGH LEVEL BEHAVIOR,2022-05-28 10:14:41,2022-05-28 10:15:48
2022-05-28 20:13:42,2022-05-28 20:13:49,Eating/Dining,annotator,HIGH LEVEL BEHAVIOR,2022-05-28 10:15:48,2022-05-28 10:15:55
2022-05-28 20:13:50,2022-05-28 20:14:18,Eating/Dining,annotator,HIGH LEVEL BEHAVIOR,2022-05-28 10:15:56,2022-05-28 10:16:24
2022-05-28 20:14:18,2022-05-28 20:15:55,Eating/Dining, Cooking/Prepping_Food,annotator,HIGH LEVEL BEHAVIOR,2022-05-28 10:16:24,2022-05-28 10:18:01
2022-05-28 20:15:55,2022-05-28 20:16:17,Eating/Dining,annotator,HIGH LEVEL BEHAVIOR,2022-05-28 10:18:01,2022-05-28 10:18:23
2022-05-28 20:16:17,2022-05-28 20:16:34,Eating/Dining,annotator,HIGH LEVEL BEHAVIOR,2022-05-28 10:18:23,2022-05-28 10:18:40
2022-05-28 20:16:34,2022-05-28 20:19:58,Eating/Dining,annotator,HIGH LEVEL BEHAVIOR,2022-05-28 10:18:40,2022-05-28 10:22:04
2022-05-28 20:19:58,2022-05-28 20:20:19,Eating/Dining,annotator,HIGH LEVEL BEHAVIOR,2022-05-28 10:22:04,2022-05-28 10:22:25
2022-05-28 20:20:19,2022-05-28 20:22:36,Eating/Dining,annotator,HIGH LEVEL BEHAVIOR,2022-05-28 10:22:25,2022-05-28 10:24:42
2022-05-28 20:22:36,2022-05-28 20:23:05,Eating/Dining,annotator,HIGH LEVEL BEHAVIOR,2022-05-28 10:24:42,2022-05-28 10:25:11
2022-05-28 20:23:05,2022-05-28 20:23:34,,annotator,HIGH LEVEL BEHAVIOR,2022-05-28 10:25:11,2022-05-28 10:25:40
2022-05-28 20:23:34,2022-05-28 20:24:01,Eating/Dining,annotator,HIGH LEVEL BEHAVIOR,2022-05-28 10:25:40,2022-05-28 10:26:07
2022-05-28 20:24:01,2022-05-28 20:37:55,,annotator,HIGH LEVEL BEHAVIOR,2022-05-28 10:26:07,2022-05-28 10:40:01
2022-05-28 20:37:55,2022-05-28 20:38:02,,annotator,HIGH LEVEL BEHAVIOR,2022-05-28 10:40:01,2022-05-28 10:40:08
2022-05-28 20:38:02,2022-05-28 20:38:54,,annotator,HIGH LEVEL BEHAVIOR,2022-05-28 10:40:08,2022-05-28 10:41:00
2022-05-28 20:38:54,2022-05-28 20:39:20,,annotator,HIGH LEVEL BEHAVIOR,2022-05-28 10:41:00,2022-05-28 10:41:26
2022-05-28 20:39:21,2022-05-28 20:52:49,,annotator,HIGH LEVEL BEHAVIOR,2022-05-28 10:41:27,2022-05-28 10:54:55
2022-05-28 20:52:48,2022-05-28 20:53:14,Working_Other,annotator,HIGH LEVEL BEHAVIOR,2022-05-28 10:54:54,2022-05-28 10:55:20
2022-05-28 20:53:15,2022-05-28 21:09:29,,annotator,HIGH LEVEL BEHAVIOR,2022-05-28 10:55:21,2022-05-28 11:11:35
2022-05-28 21:09:30,2022-05-28 21:09:40,Working_Other,annotator,HIGH LEVEL BEHAVIOR,2022-05-28 11:11:36,2022-05-28 11:11:46
2022-05-28 21:09:41,2022-05-28 21:13:20,,annotator,HIGH LEVEL BEHAVIOR,2022-05-28 11:11:47,2022-05-28 11:15:26
2022-05-28 21:13:20,2022-05-28 21:15:04,,annotator,HIGH LEVEL BEHAVIOR,2022-05-28 11:15:26,2022-05-28 11:17:10
2022-05-28 21:15:05,2022-05-28 21:16:21,Eating/Dining,annotator,HIGH LEVEL BEHAVIOR,2022-05-28 11:17:11,2022-05-28 11:18:27
2022-05-28 21:16:21,2022-05-28 21:16:40,Eating/Dining,annotator,HIGH LEVEL BEHAVIOR,2022-05-28 11:18:27,2022-05-28 11:18:46
2022-05-28 21:16:40,2022-05-28 21:16:51,Eating/Dining,annotator,HIGH LEVEL BEHAVIOR,2022-05-28 11:18:46,2022-05-28 11:18:57
2022-05-28 21:16:51,2022-05-28 21:21:31,,annotator,HIGH LEVEL BEHAVIOR,2022-05-28 11:18:57,2022-05-28 11:23:37
2022-05-28 21:21:31,2022-05-28 21:21:35,,annotator,HIGH LEVEL BEHAVIOR,2022-05-28 11:23:37,2022-05-28 11:23:41
2022-05-28 21:21:35,2022-05-28 21:22:09,,annotator,HIGH LEVEL BEHAVIOR,2022-05-28 11:23:41,2022-05-28 11:24:15
2022-05-28 21:22:09,2022-05-28 21:22:17,,annotator,HIGH LEVEL BEHAVIOR,2022-05-28 11:24:15,2022-05-28 11:24:23
2022-05-28 21:22:17,2022-05-28 21:22:58,,annotator,HIGH LEVEL BEHAVIOR,2022-05-28 11:24:23,2022-05-28 11:25:04
2022-05-28 21:22:58,2022-05-28 21:23:55,Eating/Dining,annotator,HIGH LEVEL BEHAVIOR,2022-05-28 11:25:04,2022-05-28 11:26:01
2022-05-28 21:23:55,2022-05-28 21:24:17,,annotator,HIGH LEVEL BEHAVIOR,2022-05-28 11:26:01,2022-05-28 11:26:23
2022-05-28 21:24:17,2022-05-28 21:24:49,,annotator,HIGH LEVEL BEHAVIOR,2022-05-28 11:26:23,2022-05-28 11:26:55
2022-05-28 21:24:49,2022-05-28 21:25:36,,annotator,HIGH LEVEL BEHAVIOR,2022-05-28 11:26:55,2022-05-28 11:27:42
2022-05-28 21:25:36,2022-05-28 21:25:55,HLB_Indecipherable/Video_Insufficient,annotator,HIGH LEVEL BEHAVIOR,2022-05-28 11:27:42,2022-05-28 11:28:01
2022-05-28 21:25:55,2022-05-28 21:27:39,,annotator,HIGH LEVEL BEHAVIOR,2022-05-28 11:28:01,2022-05-28 11:29:45
2022-05-28 21:27:39,2022-05-28 21:34:00,,annotator,HIGH LEVEL BEHAVIOR,2022-05-28 11:29:45,2022-05-28 11:36:06
2022-05-28 21:34:00,2022-05-28 21:36:12,,annotator,HIGH LEVEL BEHAVIOR,2022-05-28 11:36:06,2022-05-28 11:38:18
2022-05-28 21:36:12,2022-05-28 21:40:48,,annotator,HIGH LEVEL BEHAVIOR,2022-05-28 11:38:18,2022-05-28 11:42:54
2022-05-28 21:40:48,2022-05-28 21:41:26,,annotator,HIGH LEVEL BEHAVIOR,2022-05-28 11:42:54,2022-05-28 11:43:32
2022-05-28 21:41:26,2022-05-28 21:41:41,,annotator,HIGH LEVEL BEHAVIOR,2022-05-28 11:43:32,2022-05-28 11:43:47
2022-05-28 21:41:41,2022-05-28 21:42:18,,annotator,HIGH LEVEL BEHAVIOR,2022-05-28 11:43:47,2022-05-28 11:44:24
2022-05-28 21:42:18,2022-05-28 21:46:26,,annotator,HIGH LEVEL BEHAVIOR,2022-05-28 11:44:24,2022-05-28 11:48:32
2022-05-28 21:46:26,2022-05-28 21:46:50,,annotator,HIGH LEVEL BEHAVIOR,2022-05-28 11:48:32,2022-05-28 11:48:56
2022-05-28 21:46:50,2022-05-28 21:46:54,,annotator,HIGH LEVEL BEHAVIOR,2022-05-28 11:48:56,2022-05-28 11:49:00
2022-05-28 21:46:54,2022-05-28 21:47:17,Eating/Dining,annotator,HIGH LEVEL BEHAVIOR,2022-05-28 11:49:00,2022-05-28 11:49:23
2022-05-28 21:47:17,2022-05-28 21:47:23,,annotator,HIGH LEVEL BEHAVIOR,2022-05-28 11:49:23,2022-05-28 11:49:29
2022-05-28 21:47:23,2022-05-28 21:52:15,,annotator,HIGH LEVEL BEHAVIOR,2022-05-28 11:49:29,2022-05-28 11:54:21
2022-05-28 21:52:15,2022-05-28 21:52:28,,annotator,HIGH LEVEL BEHAVIOR,2022-05-28 11:54:21,2022-05-28 11:54:34
2022-05-28 21:52:28,2022-05-28 22:00:46,,annotator,HIGH LEVEL BEHAVIOR,2022-05-28 11:54:34,2022-05-28 12:02:52
