START_TIME,STOP_TIME,PREDICTION,SOURCE,LABELSET,VIDEO_START_TIME,VIDEO_END_TIME
2022-05-14 10:12:05,2022-05-14 10:12:29,In_Position_Upright,annotator,POSTURE,2022-05-14 00:00:06,2022-05-14 00:00:30
2022-05-14 10:12:29,2022-05-14 10:12:48,Posture_Indecipherable/Video_Insufficient,annotator,POSTURE,2022-05-14 00:00:30,2022-05-14 00:00:49
2022-05-14 10:12:48,2022-05-14 10:13:04,Posture_Indecipherable/Video_Insufficient,annotator,POSTURE,2022-05-14 00:00:49,2022-05-14 00:01:05
2022-05-14 10:13:04,2022-05-14 10:13:31,In_Position_Upright,annotator,POSTURE,2022-05-14 00:01:05,2022-05-14 00:01:32
2022-05-14 10:13:31,2022-05-14 10:13:49,Posture_Indecipherable/Video_Insufficient,annotator,POSTURE,2022-05-14 00:01:32,2022-05-14 00:01:50
2022-05-14 10:13:49,2022-05-14 10:14:17,In_Position_Upright,annotator,POSTURE,2022-05-14 00:01:50,2022-05-14 00:02:18
2022-05-14 10:14:17,2022-05-14 10:57:41,Posture_Indecipherable/Video_Insufficient,annotator,POSTURE,2022-05-14 00:02:18,2022-05-14 00:45:42
2022-05-14 10:57:41,2022-05-14 10:59:16,Posture_Indecipherable/Video_Insufficient,annotator,POSTURE,2022-05-14 00:45:42,2022-05-14 00:47:17
2022-05-14 10:59:16,2022-05-14 11:00:01,In_Position_Reclining_Slouching,annotator,POSTURE,2022-05-14 00:47:17,2022-05-14 00:48:02
2022-05-14 11:00:01,2022-05-14 11:09:27,In_Position_Upright,annotator,POSTURE,2022-05-14 00:48:02,2022-05-14 00:57:28
2022-05-14 11:09:27,2022-05-14 11:09:47,In_Position_Upright,annotator,POSTURE,2022-05-14 00:57:28,2022-05-14 00:57:48
2022-05-14 11:09:47,2022-05-14 11:40:08,Posture_Indecipherable/Video_Insufficient,annotator,POSTURE,2022-05-14 00:57:48,2022-05-14 01:28:09
2022-05-14 11:40:08,2022-05-14 11:40:51,In_Position_Upright,annotator,POSTURE,2022-05-14 01:28:09,2022-05-14 01:28:52
2022-05-14 11:40:51,2022-05-14 11:41:10,In_Position_Upright,annotator,POSTURE,2022-05-14 01:28:52,2022-05-14 01:29:11
2022-05-14 11:41:10,2022-05-14 12:07:17,Posture_Indecipherable/Video_Insufficient,annotator,POSTURE,2022-05-14 01:29:11,2022-05-14 01:55:18
2022-05-14 12:07:17,2022-05-14 12:23:01,Lying_On_Left_Side,annotator,POSTURE,2022-05-14 01:55:18,2022-05-14 02:11:02
2022-05-14 12:23:01,2022-05-14 12:26:08,Lying_On_Back,annotator,POSTURE,2022-05-14 02:11:02,2022-05-14 02:14:09
2022-05-14 12:26:08,2022-05-14 12:32:16,Lying_On_Left_Side,annotator,POSTURE,2022-05-14 02:14:09,2022-05-14 02:20:17
2022-05-14 12:32:16,2022-05-14 12:51:04,Posture_Indecipherable/Video_Insufficient,annotator,POSTURE,2022-05-14 02:20:17,2022-05-14 02:39:05
2022-05-14 12:51:04,2022-05-14 13:07:34,Lying_On_Left_Side,annotator,POSTURE,2022-05-14 02:39:05,2022-05-14 02:55:35
2022-05-14 13:07:34,2022-05-14 13:52:44,Posture_Indecipherable/Video_Insufficient,annotator,POSTURE,2022-05-14 02:55:35,2022-05-14 03:40:45
2022-05-14 13:52:44,2022-05-14 13:52:57,Lying_On_Left_Side,annotator,POSTURE,2022-05-14 03:40:45,2022-05-14 03:40:58
2022-05-14 13:52:57,2022-05-14 14:36:08,Posture_Indecipherable/Video_Insufficient,annotator,POSTURE,2022-05-14 03:40:58,2022-05-14 04:24:09
2022-05-14 14:36:08,2022-05-14 14:36:54,Posture_Indecipherable/Video_Insufficient,annotator,POSTURE,2022-05-14 04:24:09,2022-05-14 04:24:55
2022-05-14 14:36:54,2022-05-14 15:29:54,Posture_Indecipherable/Video_Insufficient,annotator,POSTURE,2022-05-14 04:24:55,2022-05-14 05:17:55
2022-05-14 15:29:54,2022-05-14 15:30:10,Posture_Indecipherable/Video_Insufficient,annotator,POSTURE,2022-05-14 05:17:55,2022-05-14 05:18:11
2022-05-14 15:30:13,2022-05-14 15:31:05,In_Position_Sitting,annotator,POSTURE,2022-05-14 05:18:14,2022-05-14 05:19:06
2022-05-14 15:31:09,2022-05-14 15:32:22,In_Position_Upright,annotator,POSTURE,2022-05-14 05:19:10,2022-05-14 05:20:23
2022-05-14 15:32:22,2022-05-14 15:33:06,In_Position_Upright,annotator,POSTURE,2022-05-14 05:20:23,2022-05-14 05:21:07
2022-05-14 15:33:06,2022-05-14 15:33:27,In_Position_Upright,annotator,POSTURE,2022-05-14 05:21:07,2022-05-14 05:21:28
2022-05-14 15:33:27,2022-05-14 15:35:06,In_Position_Upright,annotator,POSTURE,2022-05-14 05:21:28,2022-05-14 05:23:07
2022-05-14 15:35:09,2022-05-14 15:35:19,In_Position_Upright,annotator,POSTURE,2022-05-14 05:23:10,2022-05-14 05:23:20
2022-05-14 15:35:19,2022-05-14 15:36:40,Posture_Indecipherable/Video_Insufficient,annotator,POSTURE,2022-05-14 05:23:20,2022-05-14 05:24:41
2022-05-14 15:36:40,2022-05-14 15:37:01,In_Position_Upright,annotator,POSTURE,2022-05-14 05:24:41,2022-05-14 05:25:02
2022-05-14 15:37:01,2022-05-14 15:39:27,In_Position_Upright,annotator,POSTURE,2022-05-14 05:25:02,2022-05-14 05:27:28
2022-05-14 15:39:27,2022-05-14 15:41:13,In_Position_Upright,annotator,POSTURE,2022-05-14 05:27:28,2022-05-14 05:29:14
2022-05-14 15:41:13,2022-05-14 15:41:32,In_Position_Upright,annotator,POSTURE,2022-05-14 05:29:14,2022-05-14 05:29:33
2022-05-14 15:41:32,2022-05-14 15:42:02,In_Position_Upright,annotator,POSTURE,2022-05-14 05:29:33,2022-05-14 05:30:03
2022-05-14 15:42:02,2022-05-14 15:46:30,In_Position_Upright,annotator,POSTURE,2022-05-14 05:30:03,2022-05-14 05:34:31
2022-05-14 15:46:30,2022-05-14 15:54:10,In_Position_Upright,annotator,POSTURE,2022-05-14 05:34:31,2022-05-14 05:42:11
2022-05-14 15:54:10,2022-05-14 15:54:54,In_Position_Upright,annotator,POSTURE,2022-05-14 05:42:11,2022-05-14 05:42:55
2022-05-14 15:54:54,2022-05-14 15:56:59,In_Position_Upright,annotator,POSTURE,2022-05-14 05:42:55,2022-05-14 05:45:00
2022-05-14 15:56:59,2022-05-14 15:58:48,In_Position_Sitting,annotator,POSTURE,2022-05-14 05:45:00,2022-05-14 05:46:49
2022-05-14 15:58:48,2022-05-14 15:59:59,In_Position_Upright,annotator,POSTURE,2022-05-14 05:46:49,2022-05-14 05:48:00
2022-05-14 15:59:59,2022-05-14 16:01:42,In_Position_Sitting,annotator,POSTURE,2022-05-14 05:48:00,2022-05-14 05:49:43
2022-05-14 16:01:42,2022-05-14 16:02:12,In_Position_Sitting,annotator,POSTURE,2022-05-14 05:49:43,2022-05-14 05:50:13
2022-05-14 16:02:12,2022-05-14 16:08:08,In_Position_Sitting,annotator,POSTURE,2022-05-14 05:50:13,2022-05-14 05:56:09
2022-05-14 16:08:08,2022-05-14 16:09:24,In_Position_Upright,annotator,POSTURE,2022-05-14 05:56:09,2022-05-14 05:57:25
2022-05-14 16:09:24,2022-05-14 16:09:53,In_Position_Sitting,annotator,POSTURE,2022-05-14 05:57:25,2022-05-14 05:57:54
2022-05-14 16:09:53,2022-05-14 16:11:19,In_Position_Sitting,annotator,POSTURE,2022-05-14 05:57:54,2022-05-14 05:59:20
2022-05-14 16:11:19,2022-05-14 16:14:29,In_Position_Sitting,annotator,POSTURE,2022-05-14 05:59:20,2022-05-14 06:02:30
2022-05-14 16:14:29,2022-05-14 16:17:29,In_Position_Upright,annotator,POSTURE,2022-05-14 06:02:30,2022-05-14 06:05:30
2022-05-14 16:17:29,2022-05-14 16:26:05,In_Position_Sitting,annotator,POSTURE,2022-05-14 06:05:30,2022-05-14 06:14:06
2022-05-14 16:26:05,2022-05-14 16:27:06,In_Position_Upright,annotator,POSTURE,2022-05-14 06:14:06,2022-05-14 06:15:07
2022-05-14 16:27:06,2022-05-14 16:29:19,In_Position_Upright,annotator,POSTURE,2022-05-14 06:15:07,2022-05-14 06:17:20
2022-05-14 16:29:19,2022-05-14 16:31:25,In_Position_Upright,annotator,POSTURE,2022-05-14 06:17:20,2022-05-14 06:19:26
2022-05-14 16:31:25,2022-05-14 16:34:09,In_Position_Upright,annotator,POSTURE,2022-05-14 06:19:26,2022-05-14 06:22:10
2022-05-14 16:34:09,2022-05-14 16:34:36,In_Position_Upright,annotator,POSTURE,2022-05-14 06:22:10,2022-05-14 06:22:37
2022-05-14 16:34:36,2022-05-14 16:39:02,In_Position_Upright,annotator,POSTURE,2022-05-14 06:22:37,2022-05-14 06:27:03
2022-05-14 16:39:02,2022-05-14 16:39:20,In_Position_Upright,annotator,POSTURE,2022-05-14 06:27:03,2022-05-14 06:27:21
2022-05-14 16:39:20,2022-05-14 16:39:56,In_Position_Upright,annotator,POSTURE,2022-05-14 06:27:21,2022-05-14 06:27:57
2022-05-14 16:39:56,2022-05-14 16:40:28,In_Position_Upright,annotator,POSTURE,2022-05-14 06:27:57,2022-05-14 06:28:29
2022-05-14 16:40:28,2022-05-14 16:41:11,In_Position_Upright,annotator,POSTURE,2022-05-14 06:28:29,2022-05-14 06:29:12
2022-05-14 16:41:11,2022-05-14 16:42:47,In_Position_Upright,annotator,POSTURE,2022-05-14 06:29:12,2022-05-14 06:30:48
2022-05-14 16:42:47,2022-05-14 16:43:19,In_Position_Sitting,annotator,POSTURE,2022-05-14 06:30:48,2022-05-14 06:31:20
2022-05-14 16:43:19,2022-05-14 16:43:40,In_Position_Sitting,annotator,POSTURE,2022-05-14 06:31:20,2022-05-14 06:31:41
2022-05-14 16:43:40,2022-05-14 16:49:51,In_Position_Sitting,annotator,POSTURE,2022-05-14 06:31:41,2022-05-14 06:37:52
2022-05-14 16:49:51,2022-05-14 16:58:41,In_Position_Sitting,annotator,POSTURE,2022-05-14 06:37:52,2022-05-14 06:46:42
2022-05-14 16:58:41,2022-05-14 16:58:49,In_Position_Upright,annotator,POSTURE,2022-05-14 06:46:42,2022-05-14 06:46:50
2022-05-14 16:58:49,2022-05-14 17:01:53,In_Position_Sitting,annotator,POSTURE,2022-05-14 06:46:50,2022-05-14 06:49:54
2022-05-14 17:01:53,2022-05-14 17:05:00,In_Position_Sitting,annotator,POSTURE,2022-05-14 06:49:54,2022-05-14 06:53:01
2022-05-14 17:05:00,2022-05-14 17:05:17,In_Position_Upright,annotator,POSTURE,2022-05-14 06:53:01,2022-05-14 06:53:18
2022-05-14 17:05:17,2022-05-14 17:05:43,In_Position_Upright,annotator,POSTURE,2022-05-14 06:53:18,2022-05-14 06:53:44
2022-05-14 17:05:43,2022-05-14 17:06:21,In_Position_Upright,annotator,POSTURE,2022-05-14 06:53:44,2022-05-14 06:54:22
2022-05-14 17:06:25,2022-05-14 18:54:55,Posture_Indecipherable/Video_Insufficient,annotator,POSTURE,2022-05-14 06:54:26,2022-05-14 08:42:56
2022-05-14 18:54:55,2022-05-14 18:56:32,In_Position_Upright,annotator,POSTURE,2022-05-14 08:42:56,2022-05-14 08:44:33
2022-05-14 18:56:37,2022-05-14 19:05:17,Posture_Indecipherable/Video_Insufficient,annotator,POSTURE,2022-05-14 08:44:38,2022-05-14 08:53:18
2022-05-14 19:05:17,2022-05-14 19:06:40,In_Position_Upright,annotator,POSTURE,2022-05-14 08:53:18,2022-05-14 08:54:41
2022-05-14 19:06:40,2022-05-14 19:12:28,In_Position_Sitting,annotator,POSTURE,2022-05-14 08:54:41,2022-05-14 09:00:29
2022-05-14 19:12:28,2022-05-14 19:13:04,In_Position_Sitting,annotator,POSTURE,2022-05-14 09:00:29,2022-05-14 09:01:05
2022-05-14 19:13:04,2022-05-14 19:18:24,In_Position_Sitting,annotator,POSTURE,2022-05-14 09:01:05,2022-05-14 09:06:25
2022-05-14 19:18:24,2022-05-14 19:19:55,In_Position_Upright,annotator,POSTURE,2022-05-14 09:06:25,2022-05-14 09:07:56
2022-05-14 19:19:55,2022-05-14 19:26:44,In_Position_Sitting,annotator,POSTURE,2022-05-14 09:07:56,2022-05-14 09:14:45
2022-05-14 19:26:44,2022-05-14 19:27:47,In_Position_Upright,annotator,POSTURE,2022-05-14 09:14:45,2022-05-14 09:15:48
2022-05-14 19:27:47,2022-05-14 19:57:12,Posture_Indecipherable/Video_Insufficient,annotator,POSTURE,2022-05-14 09:15:48,2022-05-14 09:45:13
2022-05-14 19:57:12,2022-05-14 19:57:46,In_Position_Upright,annotator,POSTURE,2022-05-14 09:45:13,2022-05-14 09:45:47
2022-05-14 19:57:46,2022-05-14 19:59:32,In_Position_Upright,annotator,POSTURE,2022-05-14 09:45:47,2022-05-14 09:47:33
2022-05-14 19:59:32,2022-05-14 20:00:25,In_Position_Upright,annotator,POSTURE,2022-05-14 09:47:33,2022-05-14 09:48:26
2022-05-14 20:00:25,2022-05-14 20:00:40,In_Position_Upright,annotator,POSTURE,2022-05-14 09:48:26,2022-05-14 09:48:41
2022-05-14 20:00:40,2022-05-14 20:03:58,In_Position_Sitting,annotator,POSTURE,2022-05-14 09:48:41,2022-05-14 09:51:59
2022-05-14 20:03:58,2022-05-14 20:08:17,In_Position_Sitting,annotator,POSTURE,2022-05-14 09:51:59,2022-05-14 09:56:18
2022-05-14 20:08:17,2022-05-14 20:10:38,In_Position_Upright,annotator,POSTURE,2022-05-14 09:56:18,2022-05-14 09:58:39
2022-05-14 20:10:38,2022-05-14 20:11:34,In_Position_Upright,annotator,POSTURE,2022-05-14 09:58:39,2022-05-14 09:59:35
2022-05-14 20:11:34,2022-05-14 20:15:04,In_Position_Upright,annotator,POSTURE,2022-05-14 09:59:35,2022-05-14 10:03:05
2022-05-14 20:15:04,2022-05-14 20:15:55,In_Position_Upright,annotator,POSTURE,2022-05-14 10:03:05,2022-05-14 10:03:56
2022-05-14 20:15:55,2022-05-14 20:16:50,In_Position_Upright,annotator,POSTURE,2022-05-14 10:03:56,2022-05-14 10:04:51
2022-05-14 20:16:50,2022-05-14 20:17:17,In_Position_Upright,annotator,POSTURE,2022-05-14 10:04:51,2022-05-14 10:05:18
2022-05-14 20:17:17,2022-05-14 20:23:53,In_Position_Upright,annotator,POSTURE,2022-05-14 10:05:18,2022-05-14 10:11:54
2022-05-14 20:23:53,2022-05-14 20:24:25,In_Position_Upright,annotator,POSTURE,2022-05-14 10:11:54,2022-05-14 10:12:26
2022-05-14 20:24:25,2022-05-14 20:24:47,In_Position_Upright,annotator,POSTURE,2022-05-14 10:12:26,2022-05-14 10:12:48
2022-05-14 20:24:49,2022-05-14 20:25:33,In_Position_Sitting,annotator,POSTURE,2022-05-14 10:12:50,2022-05-14 10:13:34
2022-05-14 20:25:33,2022-05-14 20:25:48,In_Position_Upright,annotator,POSTURE,2022-05-14 10:13:34,2022-05-14 10:13:49
2022-05-14 20:25:48,2022-05-14 20:26:48,In_Position_Sitting,annotator,POSTURE,2022-05-14 10:13:49,2022-05-14 10:14:49
2022-05-14 20:26:49,2022-05-14 20:35:48,In_Position_Sitting,annotator,POSTURE,2022-05-14 10:14:50,2022-05-14 10:23:49
2022-05-14 20:35:48,2022-05-14 20:38:57,In_Position_Sitting,annotator,POSTURE,2022-05-14 10:23:49,2022-05-14 10:26:58
2022-05-14 20:38:57,2022-05-14 20:43:50,In_Position_Sitting,annotator,POSTURE,2022-05-14 10:26:58,2022-05-14 10:31:51
2022-05-14 20:43:50,2022-05-14 20:45:01,In_Position_Sitting,annotator,POSTURE,2022-05-14 10:31:51,2022-05-14 10:33:02
2022-05-14 20:45:01,2022-05-14 20:45:31,In_Position_Sitting,annotator,POSTURE,2022-05-14 10:33:02,2022-05-14 10:33:32
2022-05-14 20:45:31,2022-05-14 20:53:17,In_Position_Sitting,annotator,POSTURE,2022-05-14 10:33:32,2022-05-14 10:41:18
2022-05-14 20:53:17,2022-05-14 20:54:30,In_Position_Upright,annotator,POSTURE,2022-05-14 10:41:18,2022-05-14 10:42:31
2022-05-14 20:54:30,2022-05-14 20:54:50,In_Position_Upright,annotator,POSTURE,2022-05-14 10:42:31,2022-05-14 10:42:51
2022-05-14 20:54:50,2022-05-14 20:55:32,In_Position_Upright,annotator,POSTURE,2022-05-14 10:42:51,2022-05-14 10:43:33
2022-05-14 20:55:32,2022-05-14 20:56:28,In_Position_Upright,annotator,POSTURE,2022-05-14 10:43:33,2022-05-14 10:44:29
2022-05-14 20:56:28,2022-05-14 20:56:53,In_Position_Upright,annotator,POSTURE,2022-05-14 10:44:29,2022-05-14 10:44:54
2022-05-14 20:56:53,2022-05-14 20:57:13,In_Position_Upright,annotator,POSTURE,2022-05-14 10:44:54,2022-05-14 10:45:14
2022-05-14 20:57:13,2022-05-14 20:57:44,In_Position_Upright,annotator,POSTURE,2022-05-14 10:45:14,2022-05-14 10:45:45
2022-05-14 20:57:44,2022-05-14 20:59:32,In_Position_Upright,annotator,POSTURE,2022-05-14 10:45:45,2022-05-14 10:47:33
2022-05-14 20:59:32,2022-05-14 21:00:40,In_Position_Upright,annotator,POSTURE,2022-05-14 10:47:33,2022-05-14 10:48:41
2022-05-14 21:00:40,2022-05-14 21:01:04,In_Position_Upright,annotator,POSTURE,2022-05-14 10:48:41,2022-05-14 10:49:05
2022-05-14 21:01:04,2022-05-14 21:02:52,In_Position_Upright,annotator,POSTURE,2022-05-14 10:49:05,2022-05-14 10:50:53
2022-05-14 21:02:52,2022-05-14 21:49:27,In_Position_Upright,annotator,POSTURE,2022-05-14 10:50:53,2022-05-14 11:37:28
2022-05-14 21:49:27,2022-05-14 21:50:26,In_Position_Upright,annotator,POSTURE,2022-05-14 11:37:28,2022-05-14 11:38:27
2022-05-14 21:50:26,2022-05-14 21:50:54,In_Position_Upright,annotator,POSTURE,2022-05-14 11:38:27,2022-05-14 11:38:55
2022-05-14 21:50:54,2022-05-14 21:51:45,In_Position_Upright,annotator,POSTURE,2022-05-14 11:38:55,2022-05-14 11:39:46
2022-05-14 21:51:45,2022-05-14 21:52:07,In_Position_Upright,annotator,POSTURE,2022-05-14 11:39:46,2022-05-14 11:40:08
2022-05-14 21:52:07,2022-05-14 21:53:50,In_Position_Upright,annotator,POSTURE,2022-05-14 11:40:08,2022-05-14 11:41:51
2022-05-14 21:53:50,2022-05-14 21:54:46,In_Position_Upright,annotator,POSTURE,2022-05-14 11:41:51,2022-05-14 11:42:47
2022-05-14 21:54:48,2022-05-14 21:55:12,In_Position_Upright,annotator,POSTURE,2022-05-14 11:42:49,2022-05-14 11:43:13
2022-05-14 21:55:12,2022-05-14 21:56:13,In_Position_Upright,annotator,POSTURE,2022-05-14 11:43:13,2022-05-14 11:44:14
2022-05-14 21:56:13,2022-05-14 21:59:39,In_Position_Upright,annotator,POSTURE,2022-05-14 11:44:14,2022-05-14 11:47:40
2022-05-14 21:59:39,2022-05-14 21:59:59,In_Position_Upright,annotator,POSTURE,2022-05-14 11:47:40,2022-05-14 11:48:00
2022-05-14 21:59:59,2022-05-14 22:00:29,In_Position_Upright,annotator,POSTURE,2022-05-14 11:48:00,2022-05-14 11:48:30
2022-05-14 22:00:29,2022-05-14 22:04:09,In_Position_Upright,annotator,POSTURE,2022-05-14 11:48:30,2022-05-14 11:52:10
2022-05-14 22:04:09,2022-05-14 22:04:54,In_Position_Upright,annotator,POSTURE,2022-05-14 11:52:10,2022-05-14 11:52:55
2022-05-14 22:04:54,2022-05-14 22:09:19,In_Position_Upright,annotator,POSTURE,2022-05-14 11:52:55,2022-05-14 11:57:20
2022-05-14 22:09:19,2022-05-14 22:10:46,In_Position_Upright,annotator,POSTURE,2022-05-14 11:57:20,2022-05-14 11:58:47
2022-05-14 22:10:46,2022-05-14 22:11:04,In_Position_Upright,annotator,POSTURE,2022-05-14 11:58:47,2022-05-14 11:59:05
2022-05-14 22:11:04,2022-05-14 22:12:15,In_Position_Upright,annotator,POSTURE,2022-05-14 11:59:05,2022-05-14 12:00:16
2022-05-14 22:12:15,2022-05-14 22:13:40,In_Position_Upright,annotator,POSTURE,2022-05-14 12:00:16,2022-05-14 12:01:41
2022-05-14 22:13:40,2022-05-14 22:16:18,In_Position_Upright,annotator,POSTURE,2022-05-14 12:01:41,2022-05-14 12:04:19
2022-05-14 22:16:18,2022-05-14 22:17:10,In_Position_Upright,annotator,POSTURE,2022-05-14 12:04:19,2022-05-14 12:05:11
2022-05-14 22:17:10,2022-05-14 22:17:33,In_Position_Upright,annotator,POSTURE,2022-05-14 12:05:11,2022-05-14 12:05:34
2022-05-14 22:17:33,2022-05-14 22:18:06,In_Position_Upright,annotator,POSTURE,2022-05-14 12:05:34,2022-05-14 12:06:07
2022-05-14 22:18:06,2022-05-14 22:18:11,In_Position_Upright,annotator,POSTURE,2022-05-14 12:06:07,2022-05-14 12:06:12
2022-05-14 22:18:11,2022-05-14 22:18:30,In_Position_Upright,annotator,POSTURE,2022-05-14 12:06:12,2022-05-14 12:06:31
2022-05-14 22:18:30,2022-05-14 22:18:49,In_Position_Upright,annotator,POSTURE,2022-05-14 12:06:31,2022-05-14 12:06:50
2022-05-14 22:18:49,2022-05-14 22:19:02,In_Position_Upright,annotator,POSTURE,2022-05-14 12:06:50,2022-05-14 12:07:03
2022-05-14 22:19:02,2022-05-14 22:20:38,In_Position_Sitting,annotator,POSTURE,2022-05-14 12:07:03,2022-05-14 12:08:39
2022-05-14 22:20:38,2022-05-14 22:21:25,In_Position_Sitting,annotator,POSTURE,2022-05-14 12:08:39,2022-05-14 12:09:26
2022-05-14 22:21:25,2022-05-14 22:37:28,In_Position_Sitting,annotator,POSTURE,2022-05-14 12:09:26,2022-05-14 12:25:29
2022-05-14 22:37:28,2022-05-14 22:43:54,In_Position_Sitting,annotator,POSTURE,2022-05-14 12:25:29,2022-05-14 12:31:55
2022-05-14 22:43:54,2022-05-14 22:44:46,In_Position_Sitting,annotator,POSTURE,2022-05-14 12:31:55,2022-05-14 12:32:47
2022-05-14 22:44:46,2022-05-14 22:44:51,In_Position_Upright,annotator,POSTURE,2022-05-14 12:32:47,2022-05-14 12:32:52
2022-05-14 22:44:51,2022-05-14 22:45:09,In_Position_Upright,annotator,POSTURE,2022-05-14 12:32:52,2022-05-14 12:33:10
2022-05-14 22:45:09,2022-05-14 22:45:19,In_Position_Upright,annotator,POSTURE,2022-05-14 12:33:10,2022-05-14 12:33:20
2022-05-14 22:45:19,2022-05-14 22:55:29,In_Position_Sitting,annotator,POSTURE,2022-05-14 12:33:20,2022-05-14 12:43:30
2022-05-14 22:55:29,2022-05-14 23:02:53,In_Position_Sitting,annotator,POSTURE,2022-05-14 12:43:30,2022-05-14 12:50:54
2022-05-14 23:02:53,2022-05-14 23:03:21,Lying_On_Back,annotator,POSTURE,2022-05-14 12:50:54,2022-05-14 12:51:22
2022-05-14 23:03:21,2022-05-14 23:04:22,In_Position_Upright,annotator,POSTURE,2022-05-14 12:51:22,2022-05-14 12:52:23
2022-05-14 23:04:22,2022-05-14 23:04:35,In_Position_Upright,annotator,POSTURE,2022-05-14 12:52:23,2022-05-14 12:52:36
2022-05-14 23:04:35,2022-05-14 23:04:56,In_Position_Upright,annotator,POSTURE,2022-05-14 12:52:36,2022-05-14 12:52:57
2022-05-14 23:04:56,2022-05-14 23:05:18,In_Position_Upright,annotator,POSTURE,2022-05-14 12:52:57,2022-05-14 12:53:19
2022-05-14 23:05:18,2022-05-14 23:21:53,In_Position_Upright,annotator,POSTURE,2022-05-14 12:53:19,2022-05-14 13:09:54
2022-05-14 23:21:53,2022-05-14 23:22:19,In_Position_Upright,annotator,POSTURE,2022-05-14 13:09:54,2022-05-14 13:10:20
2022-05-14 23:22:19,2022-05-14 23:22:41,In_Position_Upright,annotator,POSTURE,2022-05-14 13:10:20,2022-05-14 13:10:42
2022-05-14 23:22:41,2022-05-14 23:23:12,In_Position_Upright,annotator,POSTURE,2022-05-14 13:10:42,2022-05-14 13:11:13
2022-05-14 23:23:12,2022-05-14 23:23:25,In_Position_Upright,annotator,POSTURE,2022-05-14 13:11:13,2022-05-14 13:11:26
2022-05-14 23:23:25,2022-05-14 23:23:38,In_Position_Upright,annotator,POSTURE,2022-05-14 13:11:26,2022-05-14 13:11:39
2022-05-14 23:23:38,2022-05-14 23:23:51,In_Position_Upright,annotator,POSTURE,2022-05-14 13:11:39,2022-05-14 13:11:52
2022-05-14 23:23:51,2022-05-14 23:25:08,In_Position_Sitting,annotator,POSTURE,2022-05-14 13:11:52,2022-05-14 13:13:09
2022-05-14 23:25:08,2022-05-14 23:25:25,In_Position_Sitting,annotator,POSTURE,2022-05-14 13:13:09,2022-05-14 13:13:26
2022-05-14 23:25:25,2022-05-14 23:26:10,In_Position_Sitting,annotator,POSTURE,2022-05-14 13:13:26,2022-05-14 13:14:11
2022-05-14 23:26:10,2022-05-14 23:26:18,In_Position_Sitting,annotator,POSTURE,2022-05-14 13:14:11,2022-05-14 13:14:19
2022-05-14 23:26:18,2022-05-14 23:29:24,In_Position_Sitting,annotator,POSTURE,2022-05-14 13:14:19,2022-05-14 13:17:25
2022-05-14 23:29:24,2022-05-14 23:29:45,In_Position_Sitting,annotator,POSTURE,2022-05-14 13:17:25,2022-05-14 13:17:46
2022-05-14 23:29:45,2022-05-14 23:37:49,In_Position_Sitting,annotator,POSTURE,2022-05-14 13:17:46,2022-05-14 13:25:50
2022-05-14 23:37:49,2022-05-14 23:45:32,In_Position_Sitting,annotator,POSTURE,2022-05-14 13:25:50,2022-05-14 13:33:33
2022-05-14 23:45:32,2022-05-14 23:51:12,In_Position_Sitting,annotator,POSTURE,2022-05-14 13:33:33,2022-05-14 13:39:13
2022-05-14 23:51:12,2022-05-14 23:55:44,In_Position_Sitting,annotator,POSTURE,2022-05-14 13:39:13,2022-05-14 13:43:45
2022-05-14 23:55:44,2022-05-14 23:58:22,In_Position_Sitting,annotator,POSTURE,2022-05-14 13:43:45,2022-05-14 13:46:23
2022-05-14 23:58:22,2022-05-14 23:59:25,In_Position_Sitting,annotator,POSTURE,2022-05-14 13:46:23,2022-05-14 13:47:26
2022-05-14 23:59:25,2022-05-15 00:02:28,In_Position_Sitting,annotator,POSTURE,2022-05-14 13:47:26,2022-05-14 13:50:29
2022-05-15 00:02:28,2022-05-15 00:18:27,In_Position_Sitting,annotator,POSTURE,2022-05-14 13:50:29,2022-05-14 14:06:28
2022-05-15 00:18:27,2022-05-15 00:18:40,In_Position_Upright,annotator,POSTURE,2022-05-14 14:06:28,2022-05-14 14:06:41
2022-05-15 00:18:40,2022-05-15 00:20:01,In_Position_Upright,annotator,POSTURE,2022-05-14 14:06:41,2022-05-14 14:08:02
2022-05-15 00:20:01,2022-05-15 00:21:27,In_Position_Upright,annotator,POSTURE,2022-05-14 14:08:02,2022-05-14 14:09:28
2022-05-15 00:21:27,2022-05-15 00:22:03,In_Position_Sitting,annotator,POSTURE,2022-05-14 14:09:28,2022-05-14 14:10:04
2022-05-15 00:22:03,2022-05-15 00:22:55,In_Position_Upright,annotator,POSTURE,2022-05-14 14:10:04,2022-05-14 14:10:56
2022-05-15 00:22:55,2022-05-15 00:23:30,In_Position_Upright,annotator,POSTURE,2022-05-14 14:10:56,2022-05-14 14:11:31
2022-05-15 00:23:30,2022-05-15 00:24:13,In_Position_Sitting,annotator,POSTURE,2022-05-14 14:11:31,2022-05-14 14:12:14
2022-05-15 00:24:13,2022-05-15 00:30:52,In_Position_Sitting,annotator,POSTURE,2022-05-14 14:12:14,2022-05-14 14:18:53
2022-05-15 00:30:52,2022-05-15 00:34:32,In_Position_Sitting,annotator,POSTURE,2022-05-14 14:18:53,2022-05-14 14:22:33
2022-05-15 00:34:32,2022-05-15 00:36:39,Lying_On_Back,annotator,POSTURE,2022-05-14 14:22:33,2022-05-14 14:24:40
2022-05-15 00:36:39,2022-05-15 00:37:36,In_Position_Sitting,annotator,POSTURE,2022-05-14 14:24:40,2022-05-14 14:25:37
2022-05-15 00:37:36,2022-05-15 00:38:29,In_Position_Sitting,annotator,POSTURE,2022-05-14 14:25:37,2022-05-14 14:26:30
2022-05-15 00:38:29,2022-05-15 00:40:20,In_Position_Sitting,annotator,POSTURE,2022-05-14 14:26:30,2022-05-14 14:28:21
2022-05-15 00:40:20,2022-05-15 00:41:54,In_Position_Sitting,annotator,POSTURE,2022-05-14 14:28:21,2022-05-14 14:29:55
2022-05-15 00:41:54,2022-05-15 00:43:08,In_Position_Sitting,annotator,POSTURE,2022-05-14 14:29:55,2022-05-14 14:31:09
2022-05-15 00:43:08,2022-05-15 00:43:41,In_Position_Sitting,annotator,POSTURE,2022-05-14 14:31:09,2022-05-14 14:31:42
2022-05-15 00:43:41,2022-05-15 00:44:03,In_Position_Upright,annotator,POSTURE,2022-05-14 14:31:42,2022-05-14 14:32:04
2022-05-15 00:44:03,2022-05-15 00:44:14,In_Position_Upright,annotator,POSTURE,2022-05-14 14:32:04,2022-05-14 14:32:15
2022-05-15 00:44:17,2022-05-15 00:45:00,In_Position_Upright,annotator,POSTURE,2022-05-14 14:32:18,2022-05-14 14:33:01
2022-05-15 00:44:59,2022-05-15 00:44:59,In_Position_Upright,annotator,POSTURE,2022-05-14 14:33:00,2022-05-14 14:33:00
2022-05-15 00:45:00,2022-05-15 00:45:41,In_Position_Upright,annotator,POSTURE,2022-05-14 14:33:01,2022-05-14 14:33:42
2022-05-15 00:45:22,2022-05-15 00:45:22,In_Position_Upright,annotator,POSTURE,2022-05-14 14:33:23,2022-05-14 14:33:23
2022-05-15 00:45:36,2022-05-15 00:45:36,In_Position_Upright,annotator,POSTURE,2022-05-14 14:33:37,2022-05-14 14:33:37
2022-05-15 00:45:41,2022-05-15 00:45:54,In_Position_Upright,annotator,POSTURE,2022-05-14 14:33:42,2022-05-14 14:33:55
2022-05-15 00:45:52,2022-05-15 00:45:52,In_Position_Upright,annotator,POSTURE,2022-05-14 14:33:53,2022-05-14 14:33:53
2022-05-15 00:45:54,2022-05-15 00:46:18,In_Position_Upright,annotator,POSTURE,2022-05-14 14:33:55,2022-05-14 14:34:19
2022-05-15 00:46:09,2022-05-15 00:46:09,In_Position_Upright,annotator,POSTURE,2022-05-14 14:34:10,2022-05-14 14:34:10
2022-05-15 00:46:18,2022-05-15 00:46:30,In_Position_Upright,annotator,POSTURE,2022-05-14 14:34:19,2022-05-14 14:34:31
2022-05-15 00:46:30,2022-05-15 00:51:19,In_Position_Sitting,annotator,POSTURE,2022-05-14 14:34:31,2022-05-14 14:39:20
2022-05-15 00:51:19,2022-05-15 00:51:45,Lying_On_Back,annotator,POSTURE,2022-05-14 14:39:20,2022-05-14 14:39:46
2022-05-15 00:51:45,2022-05-15 00:54:38,In_Position_Sitting,annotator,POSTURE,2022-05-14 14:39:46,2022-05-14 14:42:39
2022-05-15 00:54:38,2022-05-15 00:55:43,In_Position_Sitting,annotator,POSTURE,2022-05-14 14:42:39,2022-05-14 14:43:44
2022-05-15 00:55:43,2022-05-15 01:11:48,In_Position_Sitting,annotator,POSTURE,2022-05-14 14:43:44,2022-05-14 14:59:49
2022-05-15 01:11:48,2022-05-15 01:20:11,In_Position_Sitting,annotator,POSTURE,2022-05-14 14:59:49,2022-05-14 15:08:12
2022-05-15 01:20:11,2022-05-15 01:20:38,In_Position_Sitting,annotator,POSTURE,2022-05-14 15:08:12,2022-05-14 15:08:39
2022-05-15 01:20:38,2022-05-15 01:21:01,In_Position_Sitting,annotator,POSTURE,2022-05-14 15:08:39,2022-05-14 15:09:02
2022-05-15 01:21:01,2022-05-15 01:21:59,In_Position_Upright,annotator,POSTURE,2022-05-14 15:09:02,2022-05-14 15:10:00
