START_TIME,STOP_TIME,PREDICTION,SOURCE,LABELSET,VIDEO_START_TIME,VIDEO_END_TIME
2022-03-30 10:14:28,2022-03-30 10:15:33,,annotator,HIGH LEVEL BEHAVIOR,2022-03-30 00:00:00,2022-03-30 00:01:05
2022-03-30 10:15:38,2022-03-30 11:04:08,Relaxing_Passive,annotator,HIGH LEVEL BEHAVIOR,2022-03-30 00:01:10,2022-03-30 00:49:40
2022-03-30 11:04:17,2022-03-30 11:07:40,Using_Computer/Screen,annotator,HIGH LEVEL BEHAVIOR,2022-03-30 00:49:49,2022-03-30 00:53:12
2022-03-30 11:07:42,2022-03-30 11:12:47,Using_Computer/Screen,annotator,HIGH LEVEL BEHAVIOR,2022-03-30 00:53:14,2022-03-30 00:58:19
2022-03-30 11:12:49,2022-03-30 11:18:39,Using_Computer/Screen,annotator,HIGH LEVEL BEHAVIOR,2022-03-30 00:58:21,2022-03-30 01:04:11
2022-03-30 11:18:40,2022-03-30 11:19:35,Using_Computer/Screen,annotator,HIGH LEVEL BEHAVIOR,2022-03-30 01:04:12,2022-03-30 01:05:07
2022-03-30 11:19:42,2022-03-30 11:23:18,,annotator,HIGH LEVEL BEHAVIOR,2022-03-30 01:05:14,2022-03-30 01:08:50
2022-03-30 11:23:26,2022-03-30 11:24:11,,annotator,HIGH LEVEL BEHAVIOR,2022-03-30 01:08:58,2022-03-30 01:09:43
2022-03-30 11:24:14,2022-03-30 11:28:29,Using_Computer/Screen,annotator,HIGH LEVEL BEHAVIOR,2022-03-30 01:09:46,2022-03-30 01:14:01
2022-03-30 11:28:30,2022-03-30 11:39:06,Using_Computer/Screen,annotator,HIGH LEVEL BEHAVIOR,2022-03-30 01:14:02,2022-03-30 01:24:38
2022-03-30 11:39:07,2022-03-30 11:42:35,HLB_Indecipherable/Video_Insufficient,annotator,HIGH LEVEL BEHAVIOR,2022-03-30 01:24:39,2022-03-30 01:28:07
2022-03-30 11:42:41,2022-03-30 11:43:26,Using_Computer/Screen,annotator,HIGH LEVEL BEHAVIOR,2022-03-30 01:28:13,2022-03-30 01:28:58
2022-03-30 11:43:27,2022-03-30 11:44:26,Using_Computer/Screen,annotator,HIGH LEVEL BEHAVIOR,2022-03-30 01:28:59,2022-03-30 01:29:58
2022-03-30 11:44:30,2022-03-30 11:44:47,Using_Computer/Screen,annotator,HIGH LEVEL BEHAVIOR,2022-03-30 01:30:02,2022-03-30 01:30:19
2022-03-30 11:44:48,2022-03-30 11:48:38,Using_Computer/Screen,annotator,HIGH LEVEL BEHAVIOR,2022-03-30 01:30:20,2022-03-30 01:34:10
2022-03-30 11:48:40,2022-03-30 11:49:34,Using_Computer/Screen,annotator,HIGH LEVEL BEHAVIOR,2022-03-30 01:34:12,2022-03-30 01:35:06
2022-03-30 11:49:36,2022-03-30 11:51:57,Using_Computer/Screen,annotator,HIGH LEVEL BEHAVIOR,2022-03-30 01:35:08,2022-03-30 01:37:29
2022-03-30 11:51:58,2022-03-30 11:54:23,Using_Computer/Screen,annotator,HIGH LEVEL BEHAVIOR,2022-03-30 01:37:30,2022-03-30 01:39:55
2022-03-30 11:54:24,2022-03-30 11:56:36,Using_Computer/Screen,annotator,HIGH LEVEL BEHAVIOR,2022-03-30 01:39:56,2022-03-30 01:42:08
2022-03-30 11:56:39,2022-03-30 11:59:05,Using_Computer/Screen,annotator,HIGH LEVEL BEHAVIOR,2022-03-30 01:42:11,2022-03-30 01:44:37
2022-03-30 11:59:06,2022-03-30 12:04:14,Using_Computer/Screen,annotator,HIGH LEVEL BEHAVIOR,2022-03-30 01:44:38,2022-03-30 01:49:46
2022-03-30 12:04:15,2022-03-30 12:05:55,Using_Computer/Screen,annotator,HIGH LEVEL BEHAVIOR,2022-03-30 01:49:47,2022-03-30 01:51:27
2022-03-30 12:05:55,2022-03-30 12:08:43,Using_Computer/Screen,annotator,HIGH LEVEL BEHAVIOR,2022-03-30 01:51:27,2022-03-30 01:54:15
2022-03-30 12:08:46,2022-03-30 12:12:23,Using_Computer/Screen,annotator,HIGH LEVEL BEHAVIOR,2022-03-30 01:54:18,2022-03-30 01:57:55
2022-03-30 12:12:24,2022-03-30 12:13:16,Using_Computer/Screen,annotator,HIGH LEVEL BEHAVIOR,2022-03-30 01:57:56,2022-03-30 01:58:48
2022-03-30 12:13:16,2022-03-30 12:18:24,Using_Computer/Screen,annotator,HIGH LEVEL BEHAVIOR,2022-03-30 01:58:48,2022-03-30 02:03:56
2022-03-30 12:18:26,2022-03-30 12:19:31,Using_Computer/Screen,annotator,HIGH LEVEL BEHAVIOR,2022-03-30 02:03:58,2022-03-30 02:05:03
2022-03-30 12:19:34,2022-03-30 12:20:09,Using_Computer/Screen,annotator,HIGH LEVEL BEHAVIOR,2022-03-30 02:05:06,2022-03-30 02:05:41
2022-03-30 12:20:10,2022-03-30 12:21:58,Using_Computer/Screen,annotator,HIGH LEVEL BEHAVIOR,2022-03-30 02:05:42,2022-03-30 02:07:30
2022-03-30 12:21:58,2022-03-30 12:22:26,Using_Computer/Screen,annotator,HIGH LEVEL BEHAVIOR,2022-03-30 02:07:30,2022-03-30 02:07:58
2022-03-30 12:22:26,2022-03-30 12:26:02,Using_Computer/Screen,annotator,HIGH LEVEL BEHAVIOR,2022-03-30 02:07:58,2022-03-30 02:11:34
2022-03-30 12:26:03,2022-03-30 12:26:31,Using_Computer/Screen,annotator,HIGH LEVEL BEHAVIOR,2022-03-30 02:11:35,2022-03-30 02:12:03
2022-03-30 12:26:42,2022-03-30 12:28:10,Using_Computer/Screen,annotator,HIGH LEVEL BEHAVIOR,2022-03-30 02:12:14,2022-03-30 02:13:42
2022-03-30 12:28:11,2022-03-30 12:30:07,Using_Computer/Screen,annotator,HIGH LEVEL BEHAVIOR,2022-03-30 02:13:43,2022-03-30 02:15:39
2022-03-30 12:30:11,2022-03-30 12:30:30,Using_Computer/Screen,annotator,HIGH LEVEL BEHAVIOR,2022-03-30 02:15:43,2022-03-30 02:16:02
2022-03-30 12:30:34,2022-03-30 12:45:31,Using_Computer/Screen,annotator,HIGH LEVEL BEHAVIOR,2022-03-30 02:16:06,2022-03-30 02:31:03
2022-03-30 12:45:33,2022-03-30 13:32:54,Using_Computer/Screen,annotator,HIGH LEVEL BEHAVIOR,2022-03-30 02:31:05,2022-03-30 03:18:26
2022-03-30 13:32:58,2022-03-30 13:33:16,Using_Computer/Screen, Eating/Dining,annotator,HIGH LEVEL BEHAVIOR,2022-03-30 03:18:30,2022-03-30 03:18:48
2022-03-30 13:33:17,2022-03-30 13:38:07,Using_Computer/Screen,annotator,HIGH LEVEL BEHAVIOR,2022-03-30 03:18:49,2022-03-30 03:23:39
2022-03-30 13:38:09,2022-03-30 13:40:29,Using_Computer/Screen, Eating/Dining,annotator,HIGH LEVEL BEHAVIOR,2022-03-30 03:23:41,2022-03-30 03:26:01
2022-03-30 13:40:31,2022-03-30 13:40:52,Using_Computer/Screen, Eating/Dining,annotator,HIGH LEVEL BEHAVIOR,2022-03-30 03:26:03,2022-03-30 03:26:24
2022-03-30 13:40:54,2022-03-30 13:41:02,Using_Computer/Screen, Eating/Dining,annotator,HIGH LEVEL BEHAVIOR,2022-03-30 03:26:26,2022-03-30 03:26:34
2022-03-30 13:41:04,2022-03-30 13:41:09,Using_Computer/Screen, Eating/Dining,annotator,HIGH LEVEL BEHAVIOR,2022-03-30 03:26:36,2022-03-30 03:26:41
2022-03-30 13:41:09,2022-03-30 14:13:52,Using_Computer/Screen,annotator,HIGH LEVEL BEHAVIOR,2022-03-30 03:26:41,2022-03-30 03:59:24
2022-03-30 14:13:57,2022-03-30 14:15:00,,annotator,HIGH LEVEL BEHAVIOR,2022-03-30 03:59:29,2022-03-30 04:00:32
2022-03-30 14:15:05,2022-03-30 14:16:17,,annotator,HIGH LEVEL BEHAVIOR,2022-03-30 04:00:37,2022-03-30 04:01:49
2022-03-30 14:16:20,2022-03-30 14:27:12,HLB_Indecipherable/Video_Insufficient,annotator,HIGH LEVEL BEHAVIOR,2022-03-30 04:01:52,2022-03-30 04:12:44
2022-03-30 14:27:12,2022-03-30 14:42:19,HLB_Indecipherable/Video_Insufficient,annotator,HIGH LEVEL BEHAVIOR,2022-03-30 04:12:44,2022-03-30 04:27:51
2022-03-30 14:42:23,2022-03-30 14:42:43,Grooming/Self_Care,annotator,HIGH LEVEL BEHAVIOR,2022-03-30 04:27:55,2022-03-30 04:28:15
2022-03-30 14:42:45,2022-03-30 14:43:57,Grooming/Self_Care,annotator,HIGH LEVEL BEHAVIOR,2022-03-30 04:28:17,2022-03-30 04:29:29
2022-03-30 14:43:58,2022-03-30 14:46:25,Packing/Unpacking_Something,annotator,HIGH LEVEL BEHAVIOR,2022-03-30 04:29:30,2022-03-30 04:31:57
2022-03-30 14:46:29,2022-03-30 14:48:21,Grooming/Self_Care,annotator,HIGH LEVEL BEHAVIOR,2022-03-30 04:32:01,2022-03-30 04:33:53
2022-03-30 14:48:23,2022-03-30 14:49:11,Dressing/Undressing,annotator,HIGH LEVEL BEHAVIOR,2022-03-30 04:33:55,2022-03-30 04:34:43
2022-03-30 14:49:12,2022-03-30 14:49:23,,annotator,HIGH LEVEL BEHAVIOR,2022-03-30 04:34:44,2022-03-30 04:34:55
2022-03-30 14:49:26,2022-03-30 14:50:18,Dressing/Undressing,annotator,HIGH LEVEL BEHAVIOR,2022-03-30 04:34:58,2022-03-30 04:35:50
2022-03-30 14:50:21,2022-03-30 14:51:28,,annotator,HIGH LEVEL BEHAVIOR,2022-03-30 04:35:53,2022-03-30 04:37:00
2022-03-30 14:51:30,2022-03-30 14:51:56,Eating/Dining,annotator,HIGH LEVEL BEHAVIOR,2022-03-30 04:37:02,2022-03-30 04:37:28
2022-03-30 14:52:01,2022-03-30 14:52:47,,annotator,HIGH LEVEL BEHAVIOR,2022-03-30 04:37:33,2022-03-30 04:38:19
2022-03-30 14:52:51,2022-03-30 14:52:56,,annotator,HIGH LEVEL BEHAVIOR,2022-03-30 04:38:23,2022-03-30 04:38:28
2022-03-30 14:53:00,2022-03-30 14:53:48,Packing/Unpacking_Something,annotator,HIGH LEVEL BEHAVIOR,2022-03-30 04:38:32,2022-03-30 04:39:20
2022-03-30 14:53:49,2022-03-30 14:54:40,Grooming/Self_Care,annotator,HIGH LEVEL BEHAVIOR,2022-03-30 04:39:21,2022-03-30 04:40:12
2022-03-30 14:54:42,2022-03-30 14:55:00,Grooming/Self_Care,annotator,HIGH LEVEL BEHAVIOR,2022-03-30 04:40:14,2022-03-30 04:40:32
2022-03-30 14:55:03,2022-03-30 14:55:08,Grooming/Self_Care,annotator,HIGH LEVEL BEHAVIOR,2022-03-30 04:40:35,2022-03-30 04:40:40
2022-03-30 14:55:16,2022-03-30 14:55:27,Packing/Unpacking_Something,annotator,HIGH LEVEL BEHAVIOR,2022-03-30 04:40:48,2022-03-30 04:40:59
2022-03-30 14:55:30,2022-03-30 14:56:05,In_Transit_Active,annotator,HIGH LEVEL BEHAVIOR,2022-03-30 04:41:02,2022-03-30 04:41:37
2022-03-30 14:56:10,2022-03-30 14:56:27,Grooming/Self_Care,annotator,HIGH LEVEL BEHAVIOR,2022-03-30 04:41:42,2022-03-30 04:41:59
2022-03-30 14:56:29,2022-03-30 14:57:16,In_Transit_Active,annotator,HIGH LEVEL BEHAVIOR,2022-03-30 04:42:01,2022-03-30 04:42:48
2022-03-30 14:57:22,2022-03-30 14:57:44,Riding_Elevator_Down,annotator,HIGH LEVEL BEHAVIOR,2022-03-30 04:42:54,2022-03-30 04:43:16
2022-03-30 14:57:48,2022-03-30 14:57:56,In_Transit_Active,annotator,HIGH LEVEL BEHAVIOR,2022-03-30 04:43:20,2022-03-30 04:43:28
2022-03-30 14:57:59,2022-03-30 15:01:25,In_Transit_Active,annotator,HIGH LEVEL BEHAVIOR,2022-03-30 04:43:31,2022-03-30 04:46:57
2022-03-30 15:01:27,2022-03-30 15:01:31,In_Transit_Active,annotator,HIGH LEVEL BEHAVIOR,2022-03-30 04:46:59,2022-03-30 04:47:03
2022-03-30 15:01:33,2022-03-30 15:01:53,In_Transit_Active,annotator,HIGH LEVEL BEHAVIOR,2022-03-30 04:47:05,2022-03-30 04:47:25
2022-03-30 15:01:53,2022-03-30 15:02:06,In_Transit_Active,annotator,HIGH LEVEL BEHAVIOR,2022-03-30 04:47:25,2022-03-30 04:47:38
2022-03-30 15:02:07,2022-03-30 15:03:04,In_Transit_Active,annotator,HIGH LEVEL BEHAVIOR,2022-03-30 04:47:39,2022-03-30 04:48:36
2022-03-30 15:03:05,2022-03-30 15:03:09,In_Transit_Active,annotator,HIGH LEVEL BEHAVIOR,2022-03-30 04:48:37,2022-03-30 04:48:41
2022-03-30 15:03:10,2022-03-30 15:03:55,In_Transit_Active,annotator,HIGH LEVEL BEHAVIOR,2022-03-30 04:48:42,2022-03-30 04:49:27
2022-03-30 15:03:56,2022-03-30 15:04:09,In_Transit_Active,annotator,HIGH LEVEL BEHAVIOR,2022-03-30 04:49:28,2022-03-30 04:49:41
2022-03-30 15:04:10,2022-03-30 15:04:38,Riding_Elevator_Up,annotator,HIGH LEVEL BEHAVIOR,2022-03-30 04:49:42,2022-03-30 04:50:10
2022-03-30 15:04:39,2022-03-30 15:04:55,In_Transit_Active,annotator,HIGH LEVEL BEHAVIOR,2022-03-30 04:50:11,2022-03-30 04:50:27
2022-03-30 15:04:58,2022-03-30 15:05:19,Packing/Unpacking_Something,annotator,HIGH LEVEL BEHAVIOR,2022-03-30 04:50:30,2022-03-30 04:50:51
2022-03-30 15:05:19,2022-03-30 15:05:49,Using_Computer/Screen,annotator,HIGH LEVEL BEHAVIOR,2022-03-30 04:50:51,2022-03-30 04:51:21
2022-03-30 15:05:49,2022-03-30 15:07:24,Using_Computer/Screen,annotator,HIGH LEVEL BEHAVIOR,2022-03-30 04:51:21,2022-03-30 04:52:56
2022-03-30 15:07:24,2022-03-30 15:09:15,Using_Computer/Screen,annotator,HIGH LEVEL BEHAVIOR,2022-03-30 04:52:56,2022-03-30 04:54:47
2022-03-30 15:09:16,2022-03-30 15:14:24,Using_Computer/Screen, Watching_Lecture,annotator,HIGH LEVEL BEHAVIOR,2022-03-30 04:54:48,2022-03-30 04:59:56
2022-03-30 15:14:25,2022-03-30 15:16:32,Using_Computer/Screen, Watching_Lecture,annotator,HIGH LEVEL BEHAVIOR,2022-03-30 04:59:57,2022-03-30 05:02:04
2022-03-30 15:16:33,2022-03-30 15:41:42,Using_Computer/Screen, Watching_Lecture,annotator,HIGH LEVEL BEHAVIOR,2022-03-30 05:02:05,2022-03-30 05:27:14
2022-03-30 15:41:44,2022-03-30 15:43:56,Using_Computer/Screen, Watching_Lecture,annotator,HIGH LEVEL BEHAVIOR,2022-03-30 05:27:16,2022-03-30 05:29:28
2022-03-30 15:43:57,2022-03-30 15:44:45,Using_Computer/Screen, Watching_Lecture,annotator,HIGH LEVEL BEHAVIOR,2022-03-30 05:29:29,2022-03-30 05:30:17
2022-03-30 15:44:55,2022-03-30 15:45:35,Packing/Unpacking_Something,annotator,HIGH LEVEL BEHAVIOR,2022-03-30 05:30:27,2022-03-30 05:31:07
2022-03-30 15:45:41,2022-03-30 15:46:22,Using_Computer/Screen,annotator,HIGH LEVEL BEHAVIOR,2022-03-30 05:31:13,2022-03-30 05:31:54
2022-03-30 15:46:23,2022-03-30 15:46:54,Using_Computer/Screen,annotator,HIGH LEVEL BEHAVIOR,2022-03-30 05:31:55,2022-03-30 05:32:26
2022-03-30 15:46:56,2022-03-30 16:16:12,Using_Computer/Screen, Watching_Lecture,annotator,HIGH LEVEL BEHAVIOR,2022-03-30 05:32:28,2022-03-30 06:01:44
2022-03-30 16:16:17,2022-03-30 16:16:26,Using_Computer/Screen, Watching_Lecture,annotator,HIGH LEVEL BEHAVIOR,2022-03-30 06:01:49,2022-03-30 06:01:58
2022-03-30 16:16:31,2022-03-30 16:31:49,Using_Computer/Screen, Watching_Lecture,annotator,HIGH LEVEL BEHAVIOR,2022-03-30 06:02:03,2022-03-30 06:17:21
2022-03-30 16:31:56,2022-03-30 16:32:13,Packing/Unpacking_Something,annotator,HIGH LEVEL BEHAVIOR,2022-03-30 06:17:28,2022-03-30 06:17:45
2022-03-30 16:32:13,2022-03-30 16:32:30,In_Transit_Active,annotator,HIGH LEVEL BEHAVIOR,2022-03-30 06:17:45,2022-03-30 06:18:02
2022-03-30 16:32:31,2022-03-30 16:32:51,Meeting_Formal_Gathering_In_Person,annotator,HIGH LEVEL BEHAVIOR,2022-03-30 06:18:03,2022-03-30 06:18:23
2022-03-30 16:32:53,2022-03-30 16:34:36,Using_Computer/Screen,annotator,HIGH LEVEL BEHAVIOR,2022-03-30 06:18:25,2022-03-30 06:20:08
2022-03-30 16:34:37,2022-03-30 16:34:59,In_Transit_Active, Packing/Unpacking_Something,annotator,HIGH LEVEL BEHAVIOR,2022-03-30 06:20:09,2022-03-30 06:20:31
2022-03-30 16:35:00,2022-03-30 16:35:04,In_Transit_Active,annotator,HIGH LEVEL BEHAVIOR,2022-03-30 06:20:32,2022-03-30 06:20:36
2022-03-30 16:35:05,2022-03-30 16:35:45,In_Transit_Active,annotator,HIGH LEVEL BEHAVIOR,2022-03-30 06:20:37,2022-03-30 06:21:17
2022-03-30 16:35:45,2022-03-30 16:36:03,In_Transit_Active,annotator,HIGH LEVEL BEHAVIOR,2022-03-30 06:21:17,2022-03-30 06:21:35
2022-03-30 16:36:04,2022-03-30 16:37:36,In_Transit_Active,annotator,HIGH LEVEL BEHAVIOR,2022-03-30 06:21:36,2022-03-30 06:23:08
2022-03-30 16:37:36,2022-03-30 16:37:47,In_Transit_Active,annotator,HIGH LEVEL BEHAVIOR,2022-03-30 06:23:08,2022-03-30 06:23:19
2022-03-30 16:37:47,2022-03-30 16:43:22,In_Transit_Active,annotator,HIGH LEVEL BEHAVIOR,2022-03-30 06:23:19,2022-03-30 06:28:54
2022-03-30 16:43:22,2022-03-30 16:44:14,In_Transit_Active,annotator,HIGH LEVEL BEHAVIOR,2022-03-30 06:28:54,2022-03-30 06:29:46
2022-03-30 16:44:14,2022-03-30 16:44:51,In_Transit_Active,annotator,HIGH LEVEL BEHAVIOR,2022-03-30 06:29:46,2022-03-30 06:30:23
2022-03-30 16:44:52,2022-03-30 16:45:13,In_Transit_Active,annotator,HIGH LEVEL BEHAVIOR,2022-03-30 06:30:24,2022-03-30 06:30:45
2022-03-30 16:45:14,2022-03-30 16:45:38,In_Transit_Active,annotator,HIGH LEVEL BEHAVIOR,2022-03-30 06:30:46,2022-03-30 06:31:10
2022-03-30 16:45:38,2022-03-30 16:45:58,In_Transit_Active,annotator,HIGH LEVEL BEHAVIOR,2022-03-30 06:31:10,2022-03-30 06:31:30
2022-03-30 16:45:58,2022-03-30 16:46:23,In_Transit_Active,annotator,HIGH LEVEL BEHAVIOR,2022-03-30 06:31:30,2022-03-30 06:31:55
2022-03-30 16:46:24,2022-03-30 16:46:54,In_Transit_Active,annotator,HIGH LEVEL BEHAVIOR,2022-03-30 06:31:56,2022-03-30 06:32:26
2022-03-30 16:47:09,2022-03-30 16:50:12,HLB_Other, Meeting _Social_Gathering_In_Person,annotator,HIGH LEVEL BEHAVIOR,2022-03-30 06:32:41,2022-03-30 06:35:44
2022-03-30 16:50:18,2022-03-30 16:52:07,HLB_Other, Meeting _Social_Gathering_In_Person,annotator,HIGH LEVEL BEHAVIOR,2022-03-30 06:35:50,2022-03-30 06:37:39
2022-03-30 16:52:16,2022-03-30 16:54:44,HLB_Other, Meeting _Social_Gathering_In_Person,annotator,HIGH LEVEL BEHAVIOR,2022-03-30 06:37:48,2022-03-30 06:40:16
2022-03-30 16:54:50,2022-03-30 16:55:17,HLB_Other,annotator,HIGH LEVEL BEHAVIOR,2022-03-30 06:40:22,2022-03-30 06:40:49
2022-03-30 16:55:22,2022-03-30 16:57:31,HLB_Other,annotator,HIGH LEVEL BEHAVIOR,2022-03-30 06:40:54,2022-03-30 06:43:03
2022-03-30 16:57:34,2022-03-30 16:58:08,In_Transit_Active, Meeting _Social_Gathering_In_Person,annotator,HIGH LEVEL BEHAVIOR,2022-03-30 06:43:06,2022-03-30 06:43:40
2022-03-30 16:58:09,2022-03-30 16:58:26,In_Transit_Active, Meeting _Social_Gathering_In_Person,annotator,HIGH LEVEL BEHAVIOR,2022-03-30 06:43:41,2022-03-30 06:43:58
2022-03-30 16:58:29,2022-03-30 17:00:07,In_Transit_Active, Meeting _Social_Gathering_In_Person,annotator,HIGH LEVEL BEHAVIOR,2022-03-30 06:44:01,2022-03-30 06:45:39
2022-03-30 17:00:09,2022-03-30 17:00:22,In_Transit_Active, Meeting _Social_Gathering_In_Person,annotator,HIGH LEVEL BEHAVIOR,2022-03-30 06:45:41,2022-03-30 06:45:54
2022-03-30 17:00:23,2022-03-30 17:01:02,In_Transit_Active, Meeting _Social_Gathering_In_Person,annotator,HIGH LEVEL BEHAVIOR,2022-03-30 06:45:55,2022-03-30 06:46:34
2022-03-30 17:01:17,2022-03-30 17:16:33,Meeting _Social_Gathering_In_Person, Eating/Dining,annotator,HIGH LEVEL BEHAVIOR,2022-03-30 06:46:49,2022-03-30 07:02:05
2022-03-30 17:16:51,2022-03-30 17:18:59,Meeting _Social_Gathering_In_Person,annotator,HIGH LEVEL BEHAVIOR,2022-03-30 07:02:23,2022-03-30 07:04:31
2022-03-30 17:19:15,2022-03-30 17:25:49,Meeting _Social_Gathering_In_Person,annotator,HIGH LEVEL BEHAVIOR,2022-03-30 07:04:47,2022-03-30 07:11:21
2022-03-30 17:26:03,2022-03-30 17:26:36,Meeting _Social_Gathering_In_Person, Packing/Unpacking_Something,annotator,HIGH LEVEL BEHAVIOR,2022-03-30 07:11:35,2022-03-30 07:12:08
2022-03-30 17:26:39,2022-03-30 17:32:13,Meeting _Social_Gathering_In_Person, In_Transit_Active,annotator,HIGH LEVEL BEHAVIOR,2022-03-30 07:12:11,2022-03-30 07:17:45
2022-03-30 17:32:23,2022-03-30 17:36:53,Meeting _Social_Gathering_In_Person, In_Transit_Active,annotator,HIGH LEVEL BEHAVIOR,2022-03-30 07:17:55,2022-03-30 07:22:25
2022-03-30 17:36:59,2022-03-30 17:38:46,Meeting _Social_Gathering_In_Person, In_Transit_Active,annotator,HIGH LEVEL BEHAVIOR,2022-03-30 07:22:31,2022-03-30 07:24:18
2022-03-30 17:38:50,2022-03-30 17:39:07,Meeting _Social_Gathering_In_Person, In_Transit_Active,annotator,HIGH LEVEL BEHAVIOR,2022-03-30 07:24:22,2022-03-30 07:24:39
2022-03-30 17:39:08,2022-03-30 17:39:22,Meeting _Social_Gathering_In_Person, In_Transit_Active,annotator,HIGH LEVEL BEHAVIOR,2022-03-30 07:24:40,2022-03-30 07:24:54
2022-03-30 17:39:24,2022-03-30 17:41:12,In_Transit_Active,annotator,HIGH LEVEL BEHAVIOR,2022-03-30 07:24:56,2022-03-30 07:26:44
2022-03-30 17:41:14,2022-03-30 17:41:26,In_Transit_Active,annotator,HIGH LEVEL BEHAVIOR,2022-03-30 07:26:46,2022-03-30 07:26:58
2022-03-30 17:41:28,2022-03-30 17:41:40,In_Transit_Active,annotator,HIGH LEVEL BEHAVIOR,2022-03-30 07:27:00,2022-03-30 07:27:12
2022-03-30 17:41:43,2022-03-30 17:42:12,In_Transit_Active, Riding_Elevator_Up,annotator,HIGH LEVEL BEHAVIOR,2022-03-30 07:27:15,2022-03-30 07:27:44
2022-03-30 17:42:18,2022-03-30 17:43:07,In_Transit_Active,annotator,HIGH LEVEL BEHAVIOR,2022-03-30 07:27:50,2022-03-30 07:28:39
2022-03-30 17:43:09,2022-03-30 17:44:16,Packing/Unpacking_Something,annotator,HIGH LEVEL BEHAVIOR,2022-03-30 07:28:41,2022-03-30 07:29:48
2022-03-30 17:44:22,2022-03-30 17:45:17,Doing_Dishes,annotator,HIGH LEVEL BEHAVIOR,2022-03-30 07:29:54,2022-03-30 07:30:49
2022-03-30 17:45:19,2022-03-30 18:24:30,HLB_Indecipherable/Video_Insufficient,annotator,HIGH LEVEL BEHAVIOR,2022-03-30 07:30:51,2022-03-30 08:10:02
2022-03-30 18:24:34,2022-03-30 18:25:42,Grooming/Self_Care,annotator,HIGH LEVEL BEHAVIOR,2022-03-30 08:10:06,2022-03-30 08:11:14
2022-03-30 18:25:45,2022-03-30 18:26:16,In_Transit_Active,annotator,HIGH LEVEL BEHAVIOR,2022-03-30 08:11:17,2022-03-30 08:11:48
2022-03-30 18:26:24,2022-03-30 18:28:41,HLB_Other,annotator,HIGH LEVEL BEHAVIOR,2022-03-30 08:11:56,2022-03-30 08:14:13
2022-03-30 18:28:55,2022-03-30 18:30:03,Using_Computer/Screen,annotator,HIGH LEVEL BEHAVIOR,2022-03-30 08:14:27,2022-03-30 08:15:35
2022-03-30 18:30:07,2022-03-30 18:32:33,,annotator,HIGH LEVEL BEHAVIOR,2022-03-30 08:15:39,2022-03-30 08:18:05
2022-03-30 18:32:39,2022-03-30 18:34:44,WatchingTV/Movies, Eating/Dining,annotator,HIGH LEVEL BEHAVIOR,2022-03-30 08:18:11,2022-03-30 08:20:16
2022-03-30 18:34:50,2022-03-30 18:35:58,WatchingTV/Movies, Eating/Dining,annotator,HIGH LEVEL BEHAVIOR,2022-03-30 08:20:22,2022-03-30 08:21:30
2022-03-30 18:36:00,2022-03-30 18:40:51,WatchingTV/Movies, Eating/Dining, Using_Computer/Screen,annotator,HIGH LEVEL BEHAVIOR,2022-03-30 08:21:32,2022-03-30 08:26:23
2022-03-30 18:40:56,2022-03-30 18:41:55,WatchingTV/Movies, Eating/Dining, Using_Computer/Screen,annotator,HIGH LEVEL BEHAVIOR,2022-03-30 08:26:28,2022-03-30 08:27:27
2022-03-30 18:42:00,2022-03-30 18:45:50,WatchingTV/Movies, Eating/Dining, Using_Computer/Screen,annotator,HIGH LEVEL BEHAVIOR,2022-03-30 08:27:32,2022-03-30 08:31:22
2022-03-30 18:45:55,2022-03-30 18:46:27,WatchingTV/Movies, Using_Computer/Screen,annotator,HIGH LEVEL BEHAVIOR,2022-03-30 08:31:27,2022-03-30 08:31:59
2022-03-30 18:46:34,2022-03-30 18:47:23,WatchingTV/Movies, Using_Computer/Screen,annotator,HIGH LEVEL BEHAVIOR,2022-03-30 08:32:06,2022-03-30 08:32:55
2022-03-30 18:47:28,2022-03-30 18:48:14,WatchingTV/Movies, Using_Computer/Screen, Eating/Dining,annotator,HIGH LEVEL BEHAVIOR,2022-03-30 08:33:00,2022-03-30 08:33:46
2022-03-30 18:48:19,2022-03-30 19:01:15,WatchingTV/Movies, Using_Computer/Screen,annotator,HIGH LEVEL BEHAVIOR,2022-03-30 08:33:51,2022-03-30 08:46:47
2022-03-30 19:01:21,2022-03-30 19:23:20,Using_Computer/Screen, Meeting_Virtual,annotator,HIGH LEVEL BEHAVIOR,2022-03-30 08:46:53,2022-03-30 09:08:52
2022-03-30 19:23:25,2022-03-30 19:27:12,Using_Computer/Screen, Meeting_Virtual,annotator,HIGH LEVEL BEHAVIOR,2022-03-30 09:08:57,2022-03-30 09:12:44
2022-03-30 19:27:17,2022-03-30 19:32:28,Using_Computer/Screen, Meeting_Virtual,annotator,HIGH LEVEL BEHAVIOR,2022-03-30 09:12:49,2022-03-30 09:18:00
2022-03-30 19:32:34,2022-03-30 19:36:10,Using_Computer/Screen, Meeting_Virtual,annotator,HIGH LEVEL BEHAVIOR,2022-03-30 09:18:06,2022-03-30 09:21:42
2022-03-30 19:36:15,2022-03-30 19:43:47,Using_Computer/Screen, Meeting_Virtual,annotator,HIGH LEVEL BEHAVIOR,2022-03-30 09:21:47,2022-03-30 09:29:19
2022-03-30 19:44:07,2022-03-30 19:45:48,Dressing/Undressing,annotator,HIGH LEVEL BEHAVIOR,2022-03-30 09:29:39,2022-03-30 09:31:20
2022-03-30 19:45:51,2022-03-30 19:46:39,In_Transit_Active,annotator,HIGH LEVEL BEHAVIOR,2022-03-30 09:31:23,2022-03-30 09:32:11
2022-03-30 19:46:49,2022-03-30 19:47:19,In_Transit_Active, Riding_Elevator_Down,annotator,HIGH LEVEL BEHAVIOR,2022-03-30 09:32:21,2022-03-30 09:32:51
2022-03-30 19:47:22,2022-03-30 19:47:30,In_Transit_Active,annotator,HIGH LEVEL BEHAVIOR,2022-03-30 09:32:54,2022-03-30 09:33:02
2022-03-30 19:47:33,2022-03-30 19:52:11,In_Transit_Active,annotator,HIGH LEVEL BEHAVIOR,2022-03-30 09:33:05,2022-03-30 09:37:43
2022-03-30 19:52:13,2022-03-30 19:55:09,In_Transit_Active,annotator,HIGH LEVEL BEHAVIOR,2022-03-30 09:37:45,2022-03-30 09:40:41
2022-03-30 19:55:13,2022-03-30 19:55:32,In_Transit_Active,annotator,HIGH LEVEL BEHAVIOR,2022-03-30 09:40:45,2022-03-30 09:41:04
2022-03-30 19:55:34,2022-03-30 19:56:40,In_Transit_Active,annotator,HIGH LEVEL BEHAVIOR,2022-03-30 09:41:06,2022-03-30 09:42:12
2022-03-30 19:56:43,2022-03-30 19:57:00,In_Transit_Active,annotator,HIGH LEVEL BEHAVIOR,2022-03-30 09:42:15,2022-03-30 09:42:32
2022-03-30 19:57:02,2022-03-30 19:57:30,In_Transit_Active, Riding_Elevator_Up,annotator,HIGH LEVEL BEHAVIOR,2022-03-30 09:42:34,2022-03-30 09:43:02
2022-03-30 19:57:34,2022-03-30 19:58:04,In_Transit_Active,annotator,HIGH LEVEL BEHAVIOR,2022-03-30 09:43:06,2022-03-30 09:43:36
2022-03-30 19:58:08,2022-03-30 20:01:47,Meeting_Formal_Gathering_In_Person,annotator,HIGH LEVEL BEHAVIOR,2022-03-30 09:43:40,2022-03-30 09:47:19
2022-03-30 20:01:51,2022-03-30 20:06:23,Meeting_Formal_Gathering_In_Person,annotator,HIGH LEVEL BEHAVIOR,2022-03-30 09:47:23,2022-03-30 09:51:55
2022-03-30 20:06:27,2022-03-30 20:06:48,Meeting_Formal_Gathering_In_Person,annotator,HIGH LEVEL BEHAVIOR,2022-03-30 09:51:59,2022-03-30 09:52:20
2022-03-30 20:06:51,2022-03-30 20:11:20,Meeting_Formal_Gathering_In_Person, Eating/Dining,annotator,HIGH LEVEL BEHAVIOR,2022-03-30 09:52:23,2022-03-30 09:56:52
2022-03-30 20:11:25,2022-03-30 20:59:52,Meeting_Formal_Gathering_In_Person,annotator,HIGH LEVEL BEHAVIOR,2022-03-30 09:56:57,2022-03-30 10:45:24
2022-03-30 21:00:12,2022-03-30 21:01:59,In_Transit_Active,annotator,HIGH LEVEL BEHAVIOR,2022-03-30 10:45:44,2022-03-30 10:47:31
2022-03-30 21:01:59,2022-03-30 21:02:38,In_Transit_Active, Riding_Elevator_Down,annotator,HIGH LEVEL BEHAVIOR,2022-03-30 10:47:31,2022-03-30 10:48:10
2022-03-30 21:02:41,2022-03-30 21:03:00,In_Transit_Active,annotator,HIGH LEVEL BEHAVIOR,2022-03-30 10:48:13,2022-03-30 10:48:32
2022-03-30 21:03:02,2022-03-30 21:12:33,In_Transit_Active,annotator,HIGH LEVEL BEHAVIOR,2022-03-30 10:48:34,2022-03-30 10:58:05
2022-03-30 21:12:40,2022-03-30 21:13:09,In_Transit_Active,annotator,HIGH LEVEL BEHAVIOR,2022-03-30 10:58:12,2022-03-30 10:58:41
2022-03-30 21:13:14,2022-03-30 21:13:22,In_Transit_Active,annotator,HIGH LEVEL BEHAVIOR,2022-03-30 10:58:46,2022-03-30 10:58:54
2022-03-30 21:13:26,2022-03-30 21:13:51,In_Transit_Active, Riding_Elevator_Up,annotator,HIGH LEVEL BEHAVIOR,2022-03-30 10:58:58,2022-03-30 10:59:23
2022-03-30 21:13:57,2022-03-30 21:14:17,In_Transit_Active,annotator,HIGH LEVEL BEHAVIOR,2022-03-30 10:59:29,2022-03-30 10:59:49
2022-03-30 21:14:25,2022-03-30 21:16:20,HLB_Indecipherable/Video_Insufficient,annotator,HIGH LEVEL BEHAVIOR,2022-03-30 10:59:57,2022-03-30 11:01:52
2022-03-30 21:16:29,2022-03-30 21:16:57,Grooming/Self_Care,annotator,HIGH LEVEL BEHAVIOR,2022-03-30 11:02:01,2022-03-30 11:02:29
2022-03-30 21:17:00,2022-03-30 21:17:36,In_Transit_Active,annotator,HIGH LEVEL BEHAVIOR,2022-03-30 11:02:32,2022-03-30 11:03:08
2022-03-30 21:17:42,2022-03-30 21:17:55,Dressing/Undressing,annotator,HIGH LEVEL BEHAVIOR,2022-03-30 11:03:14,2022-03-30 11:03:27
2022-03-30 21:17:58,2022-03-30 21:23:16,Packing/Unpacking_Something,annotator,HIGH LEVEL BEHAVIOR,2022-03-30 11:03:30,2022-03-30 11:08:48
2022-03-30 21:23:51,2022-03-30 21:25:51,Using_Computer/Screen, WatchingTV/Movies,annotator,HIGH LEVEL BEHAVIOR,2022-03-30 11:09:23,2022-03-30 11:11:23
2022-03-30 21:25:56,2022-03-30 21:36:20,Using_Computer/Screen,annotator,HIGH LEVEL BEHAVIOR,2022-03-30 11:11:28,2022-03-30 11:21:52
2022-03-30 21:36:25,2022-03-30 21:39:51,Using_Computer/Screen, Meeting_Virtual,annotator,HIGH LEVEL BEHAVIOR,2022-03-30 11:21:57,2022-03-30 11:25:23
2022-03-30 21:39:56,2022-03-30 22:37:35,Using_Computer/Screen,annotator,HIGH LEVEL BEHAVIOR,2022-03-30 11:25:28,2022-03-30 12:23:07
2022-03-30 22:37:46,2022-03-30 22:44:06,Cleaning,annotator,HIGH LEVEL BEHAVIOR,2022-03-30 12:23:18,2022-03-30 12:29:38
2022-03-30 22:44:25,2022-03-30 22:45:09,Eating/Dining,annotator,HIGH LEVEL BEHAVIOR,2022-03-30 12:29:57,2022-03-30 12:30:41
2022-03-30 22:45:16,2022-03-30 22:49:13,Using_Computer/Screen, WatchingTV/Movies,annotator,HIGH LEVEL BEHAVIOR,2022-03-30 12:30:48,2022-03-30 12:34:45
2022-03-30 22:49:18,2022-03-30 23:03:13,Using_Computer/Screen, WatchingTV/Movies,annotator,HIGH LEVEL BEHAVIOR,2022-03-30 12:34:50,2022-03-30 12:48:45
2022-03-30 23:03:20,2022-03-30 23:18:05,Using_Computer/Screen, WatchingTV/Movies, Eating/Dining,annotator,HIGH LEVEL BEHAVIOR,2022-03-30 12:48:52,2022-03-30 13:03:37
2022-03-30 23:18:12,2022-03-30 23:59:14,Using_Computer/Screen, WatchingTV/Movies,annotator,HIGH LEVEL BEHAVIOR,2022-03-30 13:03:44,2022-03-30 13:44:46
2022-03-30 23:59:30,2022-03-31 00:00:04,HLB_Other,annotator,HIGH LEVEL BEHAVIOR,2022-03-30 13:45:02,2022-03-30 13:45:36
