START_TIME,STOP_TIME,PREDICTION,SOURCE,LABELSET,VIDEO_START_TIME,VIDEO_END_TIME
2022-05-21 11:56:09,2022-05-21 12:04:08,Posture_Indecipherable/Video_Insufficient,annotator,POSTURE,2022-05-21 00:00:01,2022-05-21 00:08:00
2022-05-21 12:04:08,2022-05-21 12:07:45,In_Position_Upright,annotator,POSTURE,2022-05-21 00:08:00,2022-05-21 00:11:37
2022-05-21 12:07:45,2022-05-21 12:08:10,In_Position_Upright,annotator,POSTURE,2022-05-21 00:11:37,2022-05-21 00:12:02
2022-05-21 12:08:10,2022-05-21 12:08:39,Posture_Indecipherable/Video_Insufficient,annotator,POSTURE,2022-05-21 00:12:02,2022-05-21 00:12:31
2022-05-21 12:08:39,2022-05-21 12:09:26,Posture_Indecipherable/Video_Insufficient,annotator,POSTURE,2022-05-21 00:12:31,2022-05-21 00:13:18
2022-05-21 12:09:26,2022-05-21 12:16:52,Posture_Indecipherable/Video_Insufficient,annotator,POSTURE,2022-05-21 00:13:18,2022-05-21 00:20:44
2022-05-21 12:16:58,2022-05-21 12:17:49,In_Position_Upright,annotator,POSTURE,2022-05-21 00:20:50,2022-05-21 00:21:41
2022-05-21 12:17:49,2022-05-21 12:18:20,In_Position_Upright,annotator,POSTURE,2022-05-21 00:21:41,2022-05-21 00:22:12
2022-05-21 12:18:20,2022-05-21 12:18:51,In_Position_Upright,annotator,POSTURE,2022-05-21 00:22:12,2022-05-21 00:22:43
2022-05-21 12:18:51,2022-05-21 12:19:01,In_Position_Upright,annotator,POSTURE,2022-05-21 00:22:43,2022-05-21 00:22:53
2022-05-21 12:19:01,2022-05-21 12:33:47,Posture_Indecipherable/Video_Insufficient,annotator,POSTURE,2022-05-21 00:22:53,2022-05-21 00:37:39
2022-05-21 12:33:47,2022-05-21 12:34:23,In_Position_Sitting,annotator,POSTURE,2022-05-21 00:37:39,2022-05-21 00:38:15
2022-05-21 12:34:23,2022-05-21 12:38:35,Posture_Indecipherable/Video_Insufficient,annotator,POSTURE,2022-05-21 00:38:15,2022-05-21 00:42:27
2022-05-21 12:38:35,2022-05-21 12:44:28,In_Position_Sitting,annotator,POSTURE,2022-05-21 00:42:27,2022-05-21 00:48:20
2022-05-21 12:44:28,2022-05-21 12:44:50,In_Position_Upright,annotator,POSTURE,2022-05-21 00:48:20,2022-05-21 00:48:42
2022-05-21 12:44:50,2022-05-21 12:45:36,Posture_Indecipherable/Video_Insufficient,annotator,POSTURE,2022-05-21 00:48:42,2022-05-21 00:49:28
2022-05-21 12:45:36,2022-05-21 12:46:38,In_Position_Upright,annotator,POSTURE,2022-05-21 00:49:28,2022-05-21 00:50:30
2022-05-21 12:46:38,2022-05-21 13:03:25,Posture_Indecipherable/Video_Insufficient,annotator,POSTURE,2022-05-21 00:50:30,2022-05-21 01:07:17
2022-05-21 13:03:25,2022-05-21 13:03:38,In_Position_Upright,annotator,POSTURE,2022-05-21 01:07:17,2022-05-21 01:07:30
2022-05-21 13:03:38,2022-05-21 13:05:12,In_Position_Sitting,annotator,POSTURE,2022-05-21 01:07:30,2022-05-21 01:09:04
2022-05-21 13:05:12,2022-05-21 13:05:37,In_Position_Upright,annotator,POSTURE,2022-05-21 01:09:04,2022-05-21 01:09:29
2022-05-21 13:05:37,2022-05-21 13:05:54,In_Position_Upright,annotator,POSTURE,2022-05-21 01:09:29,2022-05-21 01:09:46
2022-05-21 13:05:54,2022-05-21 13:06:14,In_Position_Upright,annotator,POSTURE,2022-05-21 01:09:46,2022-05-21 01:10:06
2022-05-21 13:06:14,2022-05-21 13:06:54,In_Position_Upright,annotator,POSTURE,2022-05-21 01:10:06,2022-05-21 01:10:46
2022-05-21 13:06:54,2022-05-21 13:08:17,In_Position_Sitting,annotator,POSTURE,2022-05-21 01:10:46,2022-05-21 01:12:09
2022-05-21 13:08:17,2022-05-21 13:09:23,In_Position_Sitting,annotator,POSTURE,2022-05-21 01:12:09,2022-05-21 01:13:15
2022-05-21 13:09:23,2022-05-21 13:10:03,In_Position_Sitting,annotator,POSTURE,2022-05-21 01:13:15,2022-05-21 01:13:55
2022-05-21 13:10:03,2022-05-21 13:10:45,Posture_Indecipherable/Video_Insufficient,annotator,POSTURE,2022-05-21 01:13:55,2022-05-21 01:14:37
2022-05-21 13:10:45,2022-05-21 13:12:43,Posture_Indecipherable/Video_Insufficient,annotator,POSTURE,2022-05-21 01:14:37,2022-05-21 01:16:35
2022-05-21 13:12:43,2022-05-21 13:13:07,In_Position_Sitting,annotator,POSTURE,2022-05-21 01:16:35,2022-05-21 01:16:59
2022-05-21 13:13:07,2022-05-21 13:15:17,In_Position_Upright,annotator,POSTURE,2022-05-21 01:16:59,2022-05-21 01:19:09
2022-05-21 13:15:17,2022-05-21 13:16:26,In_Position_Upright,annotator,POSTURE,2022-05-21 01:19:09,2022-05-21 01:20:18
2022-05-21 13:16:26,2022-05-21 13:18:54,In_Position_Upright,annotator,POSTURE,2022-05-21 01:20:18,2022-05-21 01:22:46
2022-05-21 13:18:54,2022-05-21 13:19:22,In_Position_Upright,annotator,POSTURE,2022-05-21 01:22:46,2022-05-21 01:23:14
2022-05-21 13:19:22,2022-05-21 13:19:48,In_Position_Upright,annotator,POSTURE,2022-05-21 01:23:14,2022-05-21 01:23:40
2022-05-21 13:19:48,2022-05-21 13:21:49,In_Position_Upright,annotator,POSTURE,2022-05-21 01:23:40,2022-05-21 01:25:41
2022-05-21 13:21:49,2022-05-21 13:21:58,In_Position_Upright,annotator,POSTURE,2022-05-21 01:25:41,2022-05-21 01:25:50
2022-05-21 13:21:58,2022-05-21 13:22:15,In_Position_Upright,annotator,POSTURE,2022-05-21 01:25:50,2022-05-21 01:26:07
2022-05-21 13:22:15,2022-05-21 13:22:44,In_Position_Upright,annotator,POSTURE,2022-05-21 01:26:07,2022-05-21 01:26:36
2022-05-21 13:22:44,2022-05-21 13:23:04,In_Position_Upright,annotator,POSTURE,2022-05-21 01:26:36,2022-05-21 01:26:56
2022-05-21 13:23:04,2022-05-21 13:23:15,In_Position_Upright,annotator,POSTURE,2022-05-21 01:26:56,2022-05-21 01:27:07
2022-05-21 13:23:15,2022-05-21 13:23:40,In_Position_Upright,annotator,POSTURE,2022-05-21 01:27:07,2022-05-21 01:27:32
2022-05-21 13:23:40,2022-05-21 13:24:25,In_Position_Upright,annotator,POSTURE,2022-05-21 01:27:32,2022-05-21 01:28:17
2022-05-21 13:24:25,2022-05-21 13:24:39,In_Position_Upright,annotator,POSTURE,2022-05-21 01:28:17,2022-05-21 01:28:31
2022-05-21 13:24:39,2022-05-21 13:28:41,In_Position_Sitting,annotator,POSTURE,2022-05-21 01:28:31,2022-05-21 01:32:33
2022-05-21 13:28:41,2022-05-21 13:34:10,In_Position_Sitting,annotator,POSTURE,2022-05-21 01:32:33,2022-05-21 01:38:02
2022-05-21 13:34:10,2022-05-21 13:35:02,In_Position_Upright,annotator,POSTURE,2022-05-21 01:38:02,2022-05-21 01:38:54
2022-05-21 13:35:02,2022-05-21 13:35:21,In_Position_Upright,annotator,POSTURE,2022-05-21 01:38:54,2022-05-21 01:39:13
2022-05-21 13:35:21,2022-05-21 13:36:04,In_Position_Upright,annotator,POSTURE,2022-05-21 01:39:13,2022-05-21 01:39:56
2022-05-21 13:36:04,2022-05-21 13:38:02,In_Position_Upright,annotator,POSTURE,2022-05-21 01:39:56,2022-05-21 01:41:54
2022-05-21 13:38:02,2022-05-21 13:38:30,In_Position_Upright,annotator,POSTURE,2022-05-21 01:41:54,2022-05-21 01:42:22
2022-05-21 13:38:30,2022-05-21 13:42:15,In_Position_Upright,annotator,POSTURE,2022-05-21 01:42:22,2022-05-21 01:46:07
2022-05-21 13:42:15,2022-05-21 13:42:30,In_Position_Upright,annotator,POSTURE,2022-05-21 01:46:07,2022-05-21 01:46:22
2022-05-21 13:42:30,2022-05-21 13:42:43,In_Position_Upright,annotator,POSTURE,2022-05-21 01:46:22,2022-05-21 01:46:35
2022-05-21 13:42:43,2022-05-21 13:43:01,In_Position_Upright,annotator,POSTURE,2022-05-21 01:46:35,2022-05-21 01:46:53
2022-05-21 13:43:01,2022-05-21 13:43:22,In_Position_Upright,annotator,POSTURE,2022-05-21 01:46:53,2022-05-21 01:47:14
2022-05-21 13:43:22,2022-05-21 13:49:34,In_Position_Upright,annotator,POSTURE,2022-05-21 01:47:14,2022-05-21 01:53:26
2022-05-21 13:49:34,2022-05-21 13:50:48,In_Position_Upright,annotator,POSTURE,2022-05-21 01:53:26,2022-05-21 01:54:40
2022-05-21 13:50:48,2022-05-21 13:53:31,Posture_Indecipherable/Video_Insufficient,annotator,POSTURE,2022-05-21 01:54:40,2022-05-21 01:57:23
2022-05-21 13:53:31,2022-05-21 13:54:17,In_Position_Upright,annotator,POSTURE,2022-05-21 01:57:23,2022-05-21 01:58:09
2022-05-21 13:54:17,2022-05-21 14:13:36,In_Position_Upright,annotator,POSTURE,2022-05-21 01:58:09,2022-05-21 02:17:28
2022-05-21 14:13:36,2022-05-21 14:14:33,In_Position_Sitting,annotator,POSTURE,2022-05-21 02:17:28,2022-05-21 02:18:25
2022-05-21 14:14:33,2022-05-21 14:22:51,In_Position_Upright,annotator,POSTURE,2022-05-21 02:18:25,2022-05-21 02:26:43
2022-05-21 14:22:51,2022-05-21 14:28:26,In_Position_Sitting,annotator,POSTURE,2022-05-21 02:26:43,2022-05-21 02:32:18
2022-05-21 14:28:26,2022-05-21 14:31:54,In_Position_Upright,annotator,POSTURE,2022-05-21 02:32:18,2022-05-21 02:35:46
2022-05-21 14:31:54,2022-05-21 14:32:43,In_Position_Sitting,annotator,POSTURE,2022-05-21 02:35:46,2022-05-21 02:36:35
2022-05-21 14:32:43,2022-05-21 14:33:39,In_Position_Sitting,annotator,POSTURE,2022-05-21 02:36:35,2022-05-21 02:37:31
2022-05-21 14:33:39,2022-05-21 14:39:34,In_Position_Upright,annotator,POSTURE,2022-05-21 02:37:31,2022-05-21 02:43:26
2022-05-21 14:39:34,2022-05-21 14:42:22,In_Position_Sitting,annotator,POSTURE,2022-05-21 02:43:26,2022-05-21 02:46:14
2022-05-21 14:42:22,2022-05-21 14:42:44,In_Position_Upright,annotator,POSTURE,2022-05-21 02:46:14,2022-05-21 02:46:36
2022-05-21 14:42:44,2022-05-21 14:45:36,In_Position_Sitting,annotator,POSTURE,2022-05-21 02:46:36,2022-05-21 02:49:28
2022-05-21 14:45:36,2022-05-21 14:46:23,In_Position_Upright,annotator,POSTURE,2022-05-21 02:49:28,2022-05-21 02:50:15
2022-05-21 14:46:23,2022-05-21 14:47:06,In_Position_Upright,annotator,POSTURE,2022-05-21 02:50:15,2022-05-21 02:50:58
2022-05-21 14:47:06,2022-05-21 14:47:26,In_Position_Upright,annotator,POSTURE,2022-05-21 02:50:58,2022-05-21 02:51:18
2022-05-21 14:47:26,2022-05-21 14:48:42,Posture_Indecipherable/Video_Insufficient,annotator,POSTURE,2022-05-21 02:51:18,2022-05-21 02:52:34
2022-05-21 14:48:42,2022-05-21 14:48:58,In_Position_Upright,annotator,POSTURE,2022-05-21 02:52:34,2022-05-21 02:52:50
2022-05-21 14:48:58,2022-05-21 14:49:22,In_Position_Upright,annotator,POSTURE,2022-05-21 02:52:50,2022-05-21 02:53:14
2022-05-21 14:49:22,2022-05-21 14:55:23,In_Position_Upright,annotator,POSTURE,2022-05-21 02:53:14,2022-05-21 02:59:15
2022-05-21 14:55:23,2022-05-21 14:55:37,In_Position_Upright,annotator,POSTURE,2022-05-21 02:59:15,2022-05-21 02:59:29
2022-05-21 14:55:37,2022-05-21 14:55:54,In_Position_Upright,annotator,POSTURE,2022-05-21 02:59:29,2022-05-21 02:59:46
2022-05-21 14:55:54,2022-05-21 14:56:06,In_Position_Upright,annotator,POSTURE,2022-05-21 02:59:46,2022-05-21 02:59:58
2022-05-21 14:56:06,2022-05-21 14:56:22,In_Position_Upright,annotator,POSTURE,2022-05-21 02:59:58,2022-05-21 03:00:14
2022-05-21 14:56:22,2022-05-21 14:59:12,In_Position_Upright,annotator,POSTURE,2022-05-21 03:00:14,2022-05-21 03:03:04
2022-05-21 14:59:12,2022-05-21 15:04:26,In_Position_Upright,annotator,POSTURE,2022-05-21 03:03:04,2022-05-21 03:08:18
2022-05-21 15:04:26,2022-05-21 15:05:19,In_Position_Upright,annotator,POSTURE,2022-05-21 03:08:18,2022-05-21 03:09:11
2022-05-21 15:05:19,2022-05-21 15:05:31,In_Position_Upright,annotator,POSTURE,2022-05-21 03:09:11,2022-05-21 03:09:23
2022-05-21 15:05:31,2022-05-21 15:05:57,In_Position_Upright,annotator,POSTURE,2022-05-21 03:09:23,2022-05-21 03:09:49
2022-05-21 15:05:57,2022-05-21 15:11:28,In_Position_Upright,annotator,POSTURE,2022-05-21 03:09:49,2022-05-21 03:15:20
2022-05-21 15:11:49,2022-05-21 15:25:28,In_Position_Upright,annotator,POSTURE,2022-05-21 03:15:41,2022-05-21 03:29:20
2022-05-21 15:25:28,2022-05-21 15:25:36,In_Position_Upright,annotator,POSTURE,2022-05-21 03:29:20,2022-05-21 03:29:28
2022-05-21 15:25:36,2022-05-21 15:26:06,In_Position_Upright,annotator,POSTURE,2022-05-21 03:29:28,2022-05-21 03:29:58
2022-05-21 15:26:06,2022-05-21 15:26:32,In_Position_Upright,annotator,POSTURE,2022-05-21 03:29:58,2022-05-21 03:30:24
2022-05-21 15:26:32,2022-05-21 15:26:43,In_Position_Upright,annotator,POSTURE,2022-05-21 03:30:24,2022-05-21 03:30:35
2022-05-21 15:26:43,2022-05-21 15:26:48,In_Position_Upright,annotator,POSTURE,2022-05-21 03:30:35,2022-05-21 03:30:40
2022-05-21 15:26:48,2022-05-21 15:28:54,In_Position_Upright,annotator,POSTURE,2022-05-21 03:30:40,2022-05-21 03:32:46
2022-05-21 15:28:54,2022-05-21 15:29:31,In_Position_Upright,annotator,POSTURE,2022-05-21 03:32:46,2022-05-21 03:33:23
2022-05-21 15:29:31,2022-05-21 15:29:53,In_Position_Upright,annotator,POSTURE,2022-05-21 03:33:23,2022-05-21 03:33:45
2022-05-21 15:29:53,2022-05-21 15:32:19,In_Position_Upright,annotator,POSTURE,2022-05-21 03:33:45,2022-05-21 03:36:11
2022-05-21 15:32:19,2022-05-21 15:34:10,In_Position_Upright,annotator,POSTURE,2022-05-21 03:36:11,2022-05-21 03:38:02
2022-05-21 15:34:10,2022-05-21 15:35:42,In_Position_Upright,annotator,POSTURE,2022-05-21 03:38:02,2022-05-21 03:39:34
2022-05-21 15:35:42,2022-05-21 15:36:20,In_Position_Upright,annotator,POSTURE,2022-05-21 03:39:34,2022-05-21 03:40:12
2022-05-21 15:36:20,2022-05-21 15:36:49,In_Position_Upright,annotator,POSTURE,2022-05-21 03:40:12,2022-05-21 03:40:41
2022-05-21 15:36:49,2022-05-21 15:41:36,In_Position_Sitting,annotator,POSTURE,2022-05-21 03:40:41,2022-05-21 03:45:28
2022-05-21 15:41:36,2022-05-21 15:42:08,Posture_Indecipherable/Video_Insufficient,annotator,POSTURE,2022-05-21 03:45:28,2022-05-21 03:46:00
2022-05-21 15:42:08,2022-05-21 15:43:12,In_Position_Sitting,annotator,POSTURE,2022-05-21 03:46:00,2022-05-21 03:47:04
2022-05-21 15:43:12,2022-05-21 15:43:33,In_Position_Sitting,annotator,POSTURE,2022-05-21 03:47:04,2022-05-21 03:47:25
2022-05-21 15:43:33,2022-05-21 15:44:11,In_Position_Sitting,annotator,POSTURE,2022-05-21 03:47:25,2022-05-21 03:48:03
2022-05-21 15:44:11,2022-05-21 16:06:34,Posture_Indecipherable/Video_Insufficient,annotator,POSTURE,2022-05-21 03:48:03,2022-05-21 04:10:26
2022-05-21 16:06:34,2022-05-21 16:07:20,In_Position_Upright,annotator,POSTURE,2022-05-21 04:10:26,2022-05-21 04:11:12
2022-05-21 16:07:20,2022-05-21 16:08:39,In_Position_Upright,annotator,POSTURE,2022-05-21 04:11:12,2022-05-21 04:12:31
2022-05-21 16:08:39,2022-05-21 16:09:00,In_Position_Upright,annotator,POSTURE,2022-05-21 04:12:31,2022-05-21 04:12:52
2022-05-21 16:09:00,2022-05-21 16:09:57,In_Position_Upright,annotator,POSTURE,2022-05-21 04:12:52,2022-05-21 04:13:49
2022-05-21 16:09:57,2022-05-21 16:10:22,In_Position_Upright,annotator,POSTURE,2022-05-21 04:13:49,2022-05-21 04:14:14
2022-05-21 16:10:22,2022-05-21 16:11:09,In_Position_Upright,annotator,POSTURE,2022-05-21 04:14:14,2022-05-21 04:15:01
2022-05-21 16:11:09,2022-05-21 16:11:37,In_Position_Sitting,annotator,POSTURE,2022-05-21 04:15:01,2022-05-21 04:15:29
2022-05-21 16:11:37,2022-05-21 16:13:06,In_Position_Upright,annotator,POSTURE,2022-05-21 04:15:29,2022-05-21 04:16:58
2022-05-21 16:13:06,2022-05-21 16:15:46,In_Position_Sitting,annotator,POSTURE,2022-05-21 04:16:58,2022-05-21 04:19:38
2022-05-21 16:15:46,2022-05-21 16:52:25,Posture_Indecipherable/Video_Insufficient,annotator,POSTURE,2022-05-21 04:19:38,2022-05-21 04:56:17
2022-05-21 16:52:25,2022-05-21 16:54:47,In_Position_Sitting,annotator,POSTURE,2022-05-21 04:56:17,2022-05-21 04:58:39
2022-05-21 16:54:47,2022-05-21 17:00:39,In_Position_Sitting,annotator,POSTURE,2022-05-21 04:58:39,2022-05-21 05:04:31
2022-05-21 17:00:39,2022-05-21 17:11:19,In_Position_Sitting,annotator,POSTURE,2022-05-21 05:04:31,2022-05-21 05:15:11
2022-05-21 17:11:19,2022-05-21 17:13:31,In_Position_Sitting,annotator,POSTURE,2022-05-21 05:15:11,2022-05-21 05:17:23
2022-05-21 17:13:31,2022-05-21 17:13:43,In_Position_Sitting,annotator,POSTURE,2022-05-21 05:17:23,2022-05-21 05:17:35
2022-05-21 17:13:43,2022-05-21 17:45:18,In_Position_Upright,annotator,POSTURE,2022-05-21 05:17:35,2022-05-21 05:49:10
2022-05-21 17:45:18,2022-05-21 17:49:33,In_Position_Upright,annotator,POSTURE,2022-05-21 05:49:10,2022-05-21 05:53:25
2022-05-21 17:49:36,2022-05-21 17:49:54,In_Position_Upright,annotator,POSTURE,2022-05-21 05:53:28,2022-05-21 05:53:46
2022-05-21 17:49:54,2022-05-21 17:57:24,In_Position_Sitting,annotator,POSTURE,2022-05-21 05:53:46,2022-05-21 06:01:16
2022-05-21 17:57:24,2022-05-21 17:59:31,In_Position_Sitting,annotator,POSTURE,2022-05-21 06:01:16,2022-05-21 06:03:23
2022-05-21 17:59:31,2022-05-21 18:00:30,In_Position_Sitting,annotator,POSTURE,2022-05-21 06:03:23,2022-05-21 06:04:22
2022-05-21 18:00:30,2022-05-21 18:02:44,In_Position_Sitting,annotator,POSTURE,2022-05-21 06:04:22,2022-05-21 06:06:36
2022-05-21 18:02:44,2022-05-21 18:02:57,In_Position_Sitting,annotator,POSTURE,2022-05-21 06:06:36,2022-05-21 06:06:49
2022-05-21 18:02:57,2022-05-21 18:03:49,In_Position_Sitting,annotator,POSTURE,2022-05-21 06:06:49,2022-05-21 06:07:41
2022-05-21 18:03:49,2022-05-21 18:04:37,In_Position_Upright,annotator,POSTURE,2022-05-21 06:07:41,2022-05-21 06:08:29
2022-05-21 18:04:37,2022-05-21 18:05:33,In_Position_Upright,annotator,POSTURE,2022-05-21 06:08:29,2022-05-21 06:09:25
2022-05-21 18:05:33,2022-05-21 18:05:55,In_Position_Upright,annotator,POSTURE,2022-05-21 06:09:25,2022-05-21 06:09:47
2022-05-21 18:05:55,2022-05-21 18:06:17,In_Position_Upright,annotator,POSTURE,2022-05-21 06:09:47,2022-05-21 06:10:09
2022-05-21 18:06:17,2022-05-21 18:06:44,In_Position_Upright,annotator,POSTURE,2022-05-21 06:10:09,2022-05-21 06:10:36
2022-05-21 18:06:44,2022-05-21 18:16:48,In_Position_Upright,annotator,POSTURE,2022-05-21 06:10:36,2022-05-21 06:20:40
2022-05-21 18:16:48,2022-05-21 18:17:02,In_Position_Upright,annotator,POSTURE,2022-05-21 06:20:40,2022-05-21 06:20:54
2022-05-21 18:17:02,2022-05-21 18:20:07,In_Position_Upright,annotator,POSTURE,2022-05-21 06:20:54,2022-05-21 06:23:59
2022-05-21 18:20:07,2022-05-21 18:20:15,In_Position_Upright,annotator,POSTURE,2022-05-21 06:23:59,2022-05-21 06:24:07
2022-05-21 18:20:15,2022-05-21 18:20:47,In_Position_Upright,annotator,POSTURE,2022-05-21 06:24:07,2022-05-21 06:24:39
2022-05-21 18:20:47,2022-05-21 18:20:56,In_Position_Upright,annotator,POSTURE,2022-05-21 06:24:39,2022-05-21 06:24:48
2022-05-21 18:20:56,2022-05-21 18:22:39,In_Position_Upright,annotator,POSTURE,2022-05-21 06:24:48,2022-05-21 06:26:31
2022-05-21 18:22:39,2022-05-21 18:22:54,In_Position_Upright,annotator,POSTURE,2022-05-21 06:26:31,2022-05-21 06:26:46
2022-05-21 18:22:54,2022-05-21 18:33:35,In_Position_Upright,annotator,POSTURE,2022-05-21 06:26:46,2022-05-21 06:37:27
2022-05-21 18:33:35,2022-05-21 18:33:41,In_Position_Upright,annotator,POSTURE,2022-05-21 06:37:27,2022-05-21 06:37:33
2022-05-21 18:33:41,2022-05-21 18:33:54,In_Position_Upright,annotator,POSTURE,2022-05-21 06:37:33,2022-05-21 06:37:46
2022-05-21 18:33:54,2022-05-21 18:34:19,In_Position_Upright,annotator,POSTURE,2022-05-21 06:37:46,2022-05-21 06:38:11
2022-05-21 18:34:19,2022-05-21 18:34:46,In_Position_Upright,annotator,POSTURE,2022-05-21 06:38:11,2022-05-21 06:38:38
2022-05-21 18:34:46,2022-05-21 18:35:09,In_Position_Upright,annotator,POSTURE,2022-05-21 06:38:38,2022-05-21 06:39:01
2022-05-21 18:35:09,2022-05-21 18:35:45,In_Position_Upright,annotator,POSTURE,2022-05-21 06:39:01,2022-05-21 06:39:37
2022-05-21 18:35:45,2022-05-21 18:36:48,In_Position_Upright,annotator,POSTURE,2022-05-21 06:39:37,2022-05-21 06:40:40
2022-05-21 18:36:48,2022-05-21 18:37:28,In_Position_Upright,annotator,POSTURE,2022-05-21 06:40:40,2022-05-21 06:41:20
2022-05-21 18:37:28,2022-05-21 18:41:42,In_Position_Upright,annotator,POSTURE,2022-05-21 06:41:20,2022-05-21 06:45:34
2022-05-21 18:41:42,2022-05-21 18:42:38,In_Position_Upright,annotator,POSTURE,2022-05-21 06:45:34,2022-05-21 06:46:30
2022-05-21 18:42:38,2022-05-21 18:42:56,In_Position_Upright,annotator,POSTURE,2022-05-21 06:46:30,2022-05-21 06:46:48
2022-05-21 18:42:56,2022-05-21 18:43:46,In_Position_Upright,annotator,POSTURE,2022-05-21 06:46:48,2022-05-21 06:47:38
2022-05-21 18:43:46,2022-05-21 18:44:00,In_Position_Upright,annotator,POSTURE,2022-05-21 06:47:38,2022-05-21 06:47:52
2022-05-21 18:44:00,2022-05-21 18:46:47,In_Position_Upright,annotator,POSTURE,2022-05-21 06:47:52,2022-05-21 06:50:39
2022-05-21 18:46:47,2022-05-21 18:47:05,In_Position_Upright,annotator,POSTURE,2022-05-21 06:50:39,2022-05-21 06:50:57
2022-05-21 18:47:05,2022-05-21 18:47:54,In_Position_Upright,annotator,POSTURE,2022-05-21 06:50:57,2022-05-21 06:51:46
2022-05-21 18:47:54,2022-05-21 18:49:21,In_Position_Upright,annotator,POSTURE,2022-05-21 06:51:46,2022-05-21 06:53:13
2022-05-21 18:49:21,2022-05-21 18:50:27,Posture_Indecipherable/Video_Insufficient,annotator,POSTURE,2022-05-21 06:53:13,2022-05-21 06:54:19
2022-05-21 18:50:27,2022-05-21 19:05:50,In_Position_Sitting,annotator,POSTURE,2022-05-21 06:54:19,2022-05-21 07:09:42
2022-05-21 19:05:50,2022-05-21 19:06:04,In_Position_Upright,annotator,POSTURE,2022-05-21 07:09:42,2022-05-21 07:09:56
2022-05-21 19:06:04,2022-05-21 19:07:07,In_Position_Upright,annotator,POSTURE,2022-05-21 07:09:56,2022-05-21 07:10:59
2022-05-21 19:07:07,2022-05-21 19:07:49,In_Position_Upright,annotator,POSTURE,2022-05-21 07:10:59,2022-05-21 07:11:41
2022-05-21 19:07:49,2022-05-21 19:09:16,In_Position_Upright,annotator,POSTURE,2022-05-21 07:11:41,2022-05-21 07:13:08
2022-05-21 19:09:16,2022-05-21 19:09:27,In_Position_Upright,annotator,POSTURE,2022-05-21 07:13:08,2022-05-21 07:13:19
2022-05-21 19:09:27,2022-05-21 19:09:42,In_Position_Upright,annotator,POSTURE,2022-05-21 07:13:19,2022-05-21 07:13:34
2022-05-21 19:09:42,2022-05-21 19:10:04,In_Position_Upright,annotator,POSTURE,2022-05-21 07:13:34,2022-05-21 07:13:56
2022-05-21 19:10:04,2022-05-21 19:10:53,In_Position_Upright,annotator,POSTURE,2022-05-21 07:13:56,2022-05-21 07:14:45
2022-05-21 19:10:53,2022-05-21 19:11:10,In_Position_Upright,annotator,POSTURE,2022-05-21 07:14:45,2022-05-21 07:15:02
2022-05-21 19:11:10,2022-05-21 19:12:37,In_Position_Upright,annotator,POSTURE,2022-05-21 07:15:02,2022-05-21 07:16:29
2022-05-21 19:12:37,2022-05-21 19:12:50,In_Position_Upright,annotator,POSTURE,2022-05-21 07:16:29,2022-05-21 07:16:42
2022-05-21 19:12:50,2022-05-21 19:13:24,In_Position_Upright,annotator,POSTURE,2022-05-21 07:16:42,2022-05-21 07:17:16
2022-05-21 19:13:24,2022-05-21 19:13:54,In_Position_Upright,annotator,POSTURE,2022-05-21 07:17:16,2022-05-21 07:17:46
2022-05-21 19:13:54,2022-05-21 19:14:12,In_Position_Upright,annotator,POSTURE,2022-05-21 07:17:46,2022-05-21 07:18:04
2022-05-21 19:14:12,2022-05-21 19:14:27,In_Position_Upright,annotator,POSTURE,2022-05-21 07:18:04,2022-05-21 07:18:19
2022-05-21 19:14:29,2022-05-21 19:14:45,In_Position_Upright,annotator,POSTURE,2022-05-21 07:18:21,2022-05-21 07:18:37
2022-05-21 19:14:42,2022-05-21 19:14:42,In_Position_Upright,annotator,POSTURE,2022-05-21 07:18:34,2022-05-21 07:18:34
2022-05-21 19:14:45,2022-05-21 19:14:57,In_Position_Upright,annotator,POSTURE,2022-05-21 07:18:37,2022-05-21 07:18:49
2022-05-21 19:14:57,2022-05-21 19:14:57,In_Position_Upright,annotator,POSTURE,2022-05-21 07:18:49,2022-05-21 07:18:49
2022-05-21 19:14:57,2022-05-21 19:15:19,In_Position_Upright,annotator,POSTURE,2022-05-21 07:18:49,2022-05-21 07:19:11
2022-05-21 19:15:19,2022-05-21 19:19:37,In_Position_Sitting,annotator,POSTURE,2022-05-21 07:19:11,2022-05-21 07:23:29
2022-05-21 19:19:37,2022-05-21 19:22:03,In_Position_Sitting,annotator,POSTURE,2022-05-21 07:23:29,2022-05-21 07:25:55
2022-05-21 19:22:03,2022-05-21 19:22:21,In_Position_Upright,annotator,POSTURE,2022-05-21 07:25:55,2022-05-21 07:26:13
2022-05-21 19:22:21,2022-05-21 19:24:29,In_Position_Upright,annotator,POSTURE,2022-05-21 07:26:13,2022-05-21 07:28:21
2022-05-21 19:24:29,2022-05-21 19:24:40,In_Position_Upright,annotator,POSTURE,2022-05-21 07:28:21,2022-05-21 07:28:32
2022-05-21 19:24:40,2022-05-21 19:33:42,In_Position_Sitting,annotator,POSTURE,2022-05-21 07:28:32,2022-05-21 07:37:34
2022-05-21 19:33:42,2022-05-21 19:33:53,In_Position_Upright,annotator,POSTURE,2022-05-21 07:37:34,2022-05-21 07:37:45
2022-05-21 19:33:53,2022-05-21 19:34:20,In_Position_Upright,annotator,POSTURE,2022-05-21 07:37:45,2022-05-21 07:38:12
2022-05-21 19:34:20,2022-05-21 19:34:33,In_Position_Upright,annotator,POSTURE,2022-05-21 07:38:12,2022-05-21 07:38:25
2022-05-21 19:34:33,2022-05-21 19:39:16,In_Position_Sitting,annotator,POSTURE,2022-05-21 07:38:25,2022-05-21 07:43:08
2022-05-21 19:39:16,2022-05-21 19:39:30,In_Position_Upright,annotator,POSTURE,2022-05-21 07:43:08,2022-05-21 07:43:22
2022-05-21 19:39:30,2022-05-21 19:40:09,In_Position_Upright,annotator,POSTURE,2022-05-21 07:43:22,2022-05-21 07:44:01
2022-05-21 19:40:09,2022-05-21 19:40:36,In_Position_Upright,annotator,POSTURE,2022-05-21 07:44:01,2022-05-21 07:44:28
2022-05-21 19:40:36,2022-05-21 19:43:05,In_Position_Sitting,annotator,POSTURE,2022-05-21 07:44:28,2022-05-21 07:46:57
2022-05-21 19:43:05,2022-05-21 19:44:37,In_Position_Sitting,annotator,POSTURE,2022-05-21 07:46:57,2022-05-21 07:48:29
2022-05-21 19:44:37,2022-05-21 19:44:54,In_Position_Upright,annotator,POSTURE,2022-05-21 07:48:29,2022-05-21 07:48:46
2022-05-21 19:44:54,2022-05-21 19:45:50,In_Position_Upright,annotator,POSTURE,2022-05-21 07:48:46,2022-05-21 07:49:42
2022-05-21 19:45:50,2022-05-21 19:45:50,In_Position_Upright,annotator,POSTURE,2022-05-21 07:49:42,2022-05-21 07:49:42
2022-05-21 19:45:50,2022-05-21 19:46:26,In_Position_Upright,annotator,POSTURE,2022-05-21 07:49:42,2022-05-21 07:50:18
2022-05-21 19:46:26,2022-05-21 19:47:14,In_Position_Sitting,annotator,POSTURE,2022-05-21 07:50:18,2022-05-21 07:51:06
2022-05-21 19:47:14,2022-05-21 19:47:59,In_Position_Sitting,annotator,POSTURE,2022-05-21 07:51:06,2022-05-21 07:51:51
2022-05-21 19:47:59,2022-05-21 19:48:13,In_Position_Sitting,annotator,POSTURE,2022-05-21 07:51:51,2022-05-21 07:52:05
2022-05-21 19:48:13,2022-05-21 19:48:29,In_Position_Upright,annotator,POSTURE,2022-05-21 07:52:05,2022-05-21 07:52:21
2022-05-21 19:48:29,2022-05-21 19:48:42,In_Position_Upright,annotator,POSTURE,2022-05-21 07:52:21,2022-05-21 07:52:34
2022-05-21 19:48:42,2022-05-21 19:51:53,In_Position_Upright,annotator,POSTURE,2022-05-21 07:52:34,2022-05-21 07:55:45
2022-05-21 19:51:53,2022-05-21 19:52:09,In_Position_Upright,annotator,POSTURE,2022-05-21 07:55:45,2022-05-21 07:56:01
2022-05-21 19:52:09,2022-05-21 19:52:55,In_Position_Upright,annotator,POSTURE,2022-05-21 07:56:01,2022-05-21 07:56:47
2022-05-21 19:52:55,2022-05-21 19:53:11,In_Position_Upright,annotator,POSTURE,2022-05-21 07:56:47,2022-05-21 07:57:03
2022-05-21 19:53:11,2022-05-21 19:54:42,In_Position_Upright,annotator,POSTURE,2022-05-21 07:57:03,2022-05-21 07:58:34
2022-05-21 19:54:42,2022-05-21 19:54:59,In_Position_Upright,annotator,POSTURE,2022-05-21 07:58:34,2022-05-21 07:58:51
2022-05-21 19:54:59,2022-05-21 19:55:05,In_Position_Upright,annotator,POSTURE,2022-05-21 07:58:51,2022-05-21 07:58:57
2022-05-21 19:55:05,2022-05-21 19:55:20,In_Position_Upright,annotator,POSTURE,2022-05-21 07:58:57,2022-05-21 07:59:12
2022-05-21 19:55:20,2022-05-21 20:03:01,In_Position_Upright,annotator,POSTURE,2022-05-21 07:59:12,2022-05-21 08:06:53
2022-05-21 20:03:01,2022-05-21 20:03:15,In_Position_Upright,annotator,POSTURE,2022-05-21 08:06:53,2022-05-21 08:07:07
2022-05-21 20:03:15,2022-05-21 20:15:14,In_Position_Upright,annotator,POSTURE,2022-05-21 08:07:07,2022-05-21 08:19:06
2022-05-21 20:15:14,2022-05-21 20:15:55,In_Position_Upright,annotator,POSTURE,2022-05-21 08:19:06,2022-05-21 08:19:47
2022-05-21 20:15:55,2022-05-21 20:23:16,In_Position_Upright,annotator,POSTURE,2022-05-21 08:19:47,2022-05-21 08:27:08
2022-05-21 20:23:16,2022-05-21 20:24:01,In_Position_Upright,annotator,POSTURE,2022-05-21 08:27:08,2022-05-21 08:27:53
2022-05-21 20:24:01,2022-05-21 20:24:39,In_Position_Upright,annotator,POSTURE,2022-05-21 08:27:53,2022-05-21 08:28:31
2022-05-21 20:24:39,2022-05-21 20:25:50,In_Position_Upright,annotator,POSTURE,2022-05-21 08:28:31,2022-05-21 08:29:42
2022-05-21 20:25:50,2022-05-21 20:26:27,In_Position_Upright,annotator,POSTURE,2022-05-21 08:29:42,2022-05-21 08:30:19
2022-05-21 20:26:27,2022-05-21 20:27:22,In_Position_Upright,annotator,POSTURE,2022-05-21 08:30:19,2022-05-21 08:31:14
2022-05-21 20:27:22,2022-05-21 20:29:09,In_Position_Upright,annotator,POSTURE,2022-05-21 08:31:14,2022-05-21 08:33:01
2022-05-21 20:29:09,2022-05-21 20:29:50,In_Position_Upright,annotator,POSTURE,2022-05-21 08:33:01,2022-05-21 08:33:42
2022-05-21 20:29:50,2022-05-21 20:31:14,In_Position_Upright,annotator,POSTURE,2022-05-21 08:33:42,2022-05-21 08:35:06
2022-05-21 20:31:14,2022-05-21 20:31:43,In_Position_Upright,annotator,POSTURE,2022-05-21 08:35:06,2022-05-21 08:35:35
2022-05-21 20:31:43,2022-05-21 20:32:46,In_Position_Upright,annotator,POSTURE,2022-05-21 08:35:35,2022-05-21 08:36:38
2022-05-21 20:32:46,2022-05-21 20:36:31,In_Position_Upright,annotator,POSTURE,2022-05-21 08:36:38,2022-05-21 08:40:23
2022-05-21 20:36:31,2022-05-21 20:37:00,In_Position_Upright,annotator,POSTURE,2022-05-21 08:40:23,2022-05-21 08:40:52
2022-05-21 20:37:00,2022-05-21 20:37:17,In_Position_Upright,annotator,POSTURE,2022-05-21 08:40:52,2022-05-21 08:41:09
2022-05-21 20:37:17,2022-05-21 20:48:53,In_Position_Sitting,annotator,POSTURE,2022-05-21 08:41:09,2022-05-21 08:52:45
2022-05-21 20:48:53,2022-05-21 20:49:47,In_Position_Upright,annotator,POSTURE,2022-05-21 08:52:45,2022-05-21 08:53:39
2022-05-21 20:49:47,2022-05-21 20:49:55,In_Position_Upright,annotator,POSTURE,2022-05-21 08:53:39,2022-05-21 08:53:47
2022-05-21 20:49:55,2022-05-21 20:50:10,In_Position_Upright,annotator,POSTURE,2022-05-21 08:53:47,2022-05-21 08:54:02
2022-05-21 20:50:10,2022-05-21 20:50:20,In_Position_Upright,annotator,POSTURE,2022-05-21 08:54:02,2022-05-21 08:54:12
2022-05-21 20:50:20,2022-05-21 20:53:14,In_Position_Sitting,annotator,POSTURE,2022-05-21 08:54:12,2022-05-21 08:57:06
2022-05-21 20:53:14,2022-05-21 20:55:46,In_Position_Sitting,annotator,POSTURE,2022-05-21 08:57:06,2022-05-21 08:59:38
2022-05-21 20:55:46,2022-05-21 20:56:12,In_Position_Sitting,annotator,POSTURE,2022-05-21 08:59:38,2022-05-21 09:00:04
2022-05-21 20:56:12,2022-05-21 21:00:45,In_Position_Sitting,annotator,POSTURE,2022-05-21 09:00:04,2022-05-21 09:04:37
2022-05-21 21:00:45,2022-05-21 21:00:59,In_Position_Upright,annotator,POSTURE,2022-05-21 09:04:37,2022-05-21 09:04:51
2022-05-21 21:00:59,2022-05-21 21:01:20,In_Position_Upright,annotator,POSTURE,2022-05-21 09:04:51,2022-05-21 09:05:12
2022-05-21 21:01:20,2022-05-21 21:01:28,In_Position_Upright,annotator,POSTURE,2022-05-21 09:05:12,2022-05-21 09:05:20
2022-05-21 21:01:28,2022-05-21 21:01:37,In_Position_Upright,annotator,POSTURE,2022-05-21 09:05:20,2022-05-21 09:05:29
2022-05-21 21:01:37,2022-05-21 21:02:26,In_Position_Upright,annotator,POSTURE,2022-05-21 09:05:29,2022-05-21 09:06:18
2022-05-21 21:02:26,2022-05-21 21:02:38,In_Position_Upright,annotator,POSTURE,2022-05-21 09:06:18,2022-05-21 09:06:30
2022-05-21 21:02:38,2022-05-21 21:04:46,In_Position_Upright,annotator,POSTURE,2022-05-21 09:06:30,2022-05-21 09:08:38
2022-05-21 21:04:46,2022-05-21 21:05:05,In_Position_Upright,annotator,POSTURE,2022-05-21 09:08:38,2022-05-21 09:08:57
2022-05-21 21:05:05,2022-05-21 21:06:53,In_Position_Upright,annotator,POSTURE,2022-05-21 09:08:57,2022-05-21 09:10:45
2022-05-21 21:06:53,2022-05-21 21:09:47,In_Position_Upright,annotator,POSTURE,2022-05-21 09:10:45,2022-05-21 09:13:39
2022-05-21 21:09:48,2022-05-21 21:10:35,In_Position_Upright,annotator,POSTURE,2022-05-21 09:13:40,2022-05-21 09:14:27
2022-05-21 21:10:33,2022-05-21 21:10:33,In_Position_Upright,annotator,POSTURE,2022-05-21 09:14:25,2022-05-21 09:14:25
2022-05-21 21:10:35,2022-05-21 21:10:49,In_Position_Upright,annotator,POSTURE,2022-05-21 09:14:27,2022-05-21 09:14:41
2022-05-21 21:10:49,2022-05-21 21:14:24,In_Position_Upright,annotator,POSTURE,2022-05-21 09:14:41,2022-05-21 09:18:16
2022-05-21 21:14:24,2022-05-21 21:15:10,In_Position_Upright,annotator,POSTURE,2022-05-21 09:18:16,2022-05-21 09:19:02
2022-05-21 21:15:10,2022-05-21 21:15:51,In_Position_Upright,annotator,POSTURE,2022-05-21 09:19:02,2022-05-21 09:19:43
2022-05-21 21:15:51,2022-05-21 21:16:37,In_Position_Upright,annotator,POSTURE,2022-05-21 09:19:43,2022-05-21 09:20:29
2022-05-21 21:16:37,2022-05-21 21:16:53,In_Position_Upright,annotator,POSTURE,2022-05-21 09:20:29,2022-05-21 09:20:45
2022-05-21 21:16:53,2022-05-21 21:17:35,In_Position_Upright,annotator,POSTURE,2022-05-21 09:20:45,2022-05-21 09:21:27
2022-05-21 21:17:35,2022-05-21 21:19:05,In_Position_Upright,annotator,POSTURE,2022-05-21 09:21:27,2022-05-21 09:22:57
2022-05-21 21:19:05,2022-05-21 21:19:40,In_Position_Upright,annotator,POSTURE,2022-05-21 09:22:57,2022-05-21 09:23:32
2022-05-21 21:19:40,2022-05-21 21:20:05,In_Position_Upright,annotator,POSTURE,2022-05-21 09:23:32,2022-05-21 09:23:57
2022-05-21 21:20:05,2022-05-21 21:23:48,In_Position_Sitting,annotator,POSTURE,2022-05-21 09:23:57,2022-05-21 09:27:40
2022-05-21 21:23:48,2022-05-21 21:30:08,In_Position_Sitting,annotator,POSTURE,2022-05-21 09:27:40,2022-05-21 09:34:00
2022-05-21 21:30:08,2022-05-21 21:52:42,Lying_On_Back,annotator,POSTURE,2022-05-21 09:34:00,2022-05-21 09:56:34
2022-05-21 21:52:42,2022-05-21 22:34:48,Lying_On_Back,annotator,POSTURE,2022-05-21 09:56:34,2022-05-21 10:38:40
2022-05-21 22:34:48,2022-05-21 22:42:04,In_Position_Sitting,annotator,POSTURE,2022-05-21 10:38:40,2022-05-21 10:45:56
2022-05-21 22:42:04,2022-05-21 22:50:07,Lying_On_Back,annotator,POSTURE,2022-05-21 10:45:56,2022-05-21 10:53:59
2022-05-21 22:50:07,2022-05-21 22:54:52,In_Position_Sitting,annotator,POSTURE,2022-05-21 10:53:59,2022-05-21 10:58:44
2022-05-21 22:54:52,2022-05-21 22:55:19,In_Position_Upright,annotator,POSTURE,2022-05-21 10:58:44,2022-05-21 10:59:11
2022-05-21 22:55:19,2022-05-21 22:57:27,In_Position_Upright,annotator,POSTURE,2022-05-21 10:59:11,2022-05-21 11:01:19
2022-05-21 22:57:27,2022-05-21 22:59:43,Posture_Indecipherable/Video_Insufficient,annotator,POSTURE,2022-05-21 11:01:19,2022-05-21 11:03:35
2022-05-21 22:59:43,2022-05-21 23:00:23,In_Position_Upright,annotator,POSTURE,2022-05-21 11:03:35,2022-05-21 11:04:15
2022-05-21 23:00:23,2022-05-21 23:00:44,In_Position_Upright,annotator,POSTURE,2022-05-21 11:04:15,2022-05-21 11:04:36
2022-05-21 23:00:44,2022-05-21 23:00:59,In_Position_Upright,annotator,POSTURE,2022-05-21 11:04:36,2022-05-21 11:04:51
2022-05-21 23:00:59,2022-05-21 23:01:41,In_Position_Upright,annotator,POSTURE,2022-05-21 11:04:51,2022-05-21 11:05:33
2022-05-21 23:01:41,2022-05-21 23:02:04,In_Position_Sitting,annotator,POSTURE,2022-05-21 11:05:33,2022-05-21 11:05:56
2022-05-21 23:02:04,2022-05-21 23:06:45,In_Position_Sitting,annotator,POSTURE,2022-05-21 11:05:56,2022-05-21 11:10:37
2022-05-21 23:06:45,2022-05-21 23:07:39,In_Position_Upright,annotator,POSTURE,2022-05-21 11:10:37,2022-05-21 11:11:31
2022-05-21 23:07:39,2022-05-21 23:08:25,In_Position_Upright,annotator,POSTURE,2022-05-21 11:11:31,2022-05-21 11:12:17
2022-05-21 23:08:25,2022-05-21 23:09:29,Posture_Indecipherable/Video_Insufficient,annotator,POSTURE,2022-05-21 11:12:17,2022-05-21 11:13:21
2022-05-21 23:09:29,2022-05-21 23:09:59,In_Position_Upright,annotator,POSTURE,2022-05-21 11:13:21,2022-05-21 11:13:51
2022-05-21 23:09:59,2022-05-22 00:31:03,In_Position_Sitting,annotator,POSTURE,2022-05-21 11:13:51,2022-05-21 12:34:55
2022-05-22 00:31:03,2022-05-22 00:31:43,In_Position_Sitting,annotator,POSTURE,2022-05-21 12:34:55,2022-05-21 12:35:35
2022-05-22 00:31:43,2022-05-22 00:32:24,In_Position_Sitting,annotator,POSTURE,2022-05-21 12:35:35,2022-05-21 12:36:16
2022-05-22 00:32:24,2022-05-22 00:32:36,Posture_Indecipherable/Video_Insufficient,annotator,POSTURE,2022-05-21 12:36:16,2022-05-21 12:36:28
2022-05-22 00:32:36,2022-05-22 00:33:23,In_Position_Sitting,annotator,POSTURE,2022-05-21 12:36:28,2022-05-21 12:37:15
2022-05-22 00:33:23,2022-05-22 00:33:29,In_Position_Upright,annotator,POSTURE,2022-05-21 12:37:15,2022-05-21 12:37:21
2022-05-22 00:33:29,2022-05-22 00:33:47,In_Position_Upright,annotator,POSTURE,2022-05-21 12:37:21,2022-05-21 12:37:39
2022-05-22 00:33:47,2022-05-22 00:34:44,In_Position_Upright,annotator,POSTURE,2022-05-21 12:37:39,2022-05-21 12:38:36
2022-05-22 00:34:44,2022-05-22 00:35:42,In_Position_Sitting,annotator,POSTURE,2022-05-21 12:38:36,2022-05-21 12:39:34
2022-05-22 00:35:42,2022-05-22 00:36:31,In_Position_Sitting,annotator,POSTURE,2022-05-21 12:39:34,2022-05-21 12:40:23
