START_TIME,STOP_TIME,PREDICTION,SOURCE,LABELSET,VIDEO_START_TIME,VIDEO_END_TIME
2022-04-25 10:01:05,2022-04-25 10:01:43,HLB_Unlabeled,annotator,HIGH LEVEL BEHAVIOR,2022-04-25 00:00:00,2022-04-25 00:00:38
2022-04-25 10:01:43,2022-04-25 10:02:12,HLB_Unlabeled,annotator,HIGH LEVEL BEHAVIOR,2022-04-25 00:00:38,2022-04-25 00:01:07
2022-04-25 10:02:12,2022-04-25 10:02:37,HLB_Unlabeled,annotator,HIGH LEVEL BEHAVIOR,2022-04-25 00:01:07,2022-04-25 00:01:32
2022-04-25 10:02:37,2022-04-25 10:02:53,HLB_Unlabeled,annotator,HIGH LEVEL BEHAVIOR,2022-04-25 00:01:32,2022-04-25 00:01:48
2022-04-25 10:02:53,2022-04-25 10:03:06,HLB_Unlabeled,annotator,HIGH LEVEL BEHAVIOR,2022-04-25 00:01:48,2022-04-25 00:02:01
2022-04-25 10:03:06,2022-04-25 10:05:17,Cooking/Prepping_Food,annotator,HIGH LEVEL BEHAVIOR,2022-04-25 00:02:01,2022-04-25 00:04:12
2022-04-25 10:05:17,2022-04-25 10:05:24,HLB_Unlabeled,annotator,HIGH LEVEL BEHAVIOR,2022-04-25 00:04:12,2022-04-25 00:04:19
2022-04-25 10:05:24,2022-04-25 10:05:34,HLB_Unlabeled,annotator,HIGH LEVEL BEHAVIOR,2022-04-25 00:04:19,2022-04-25 00:04:29
2022-04-25 10:05:34,2022-04-25 10:07:49,Eating/Dining,annotator,HIGH LEVEL BEHAVIOR,2022-04-25 00:04:29,2022-04-25 00:06:44
2022-04-25 10:07:49,2022-04-25 10:08:23,HLB_Unlabeled,annotator,HIGH LEVEL BEHAVIOR,2022-04-25 00:06:44,2022-04-25 00:07:18
2022-04-25 10:08:23,2022-04-25 10:08:46,HLB_Unlabeled,annotator,HIGH LEVEL BEHAVIOR,2022-04-25 00:07:18,2022-04-25 00:07:41
2022-04-25 10:08:46,2022-04-25 10:09:11,HLB_Unlabeled,annotator,HIGH LEVEL BEHAVIOR,2022-04-25 00:07:41,2022-04-25 00:08:06
2022-04-25 10:09:11,2022-04-25 10:10:04,In_Bathroom,annotator,HIGH LEVEL BEHAVIOR,2022-04-25 00:08:06,2022-04-25 00:08:59
2022-04-25 10:10:04,2022-04-25 10:11:10,In_Bathroom,annotator,HIGH LEVEL BEHAVIOR,2022-04-25 00:08:59,2022-04-25 00:10:05
2022-04-25 10:11:10,2022-04-25 10:11:16,HLB_Unlabeled,annotator,HIGH LEVEL BEHAVIOR,2022-04-25 00:10:05,2022-04-25 00:10:11
2022-04-25 10:11:16,2022-04-25 10:12:01,HLB_Unlabeled,annotator,HIGH LEVEL BEHAVIOR,2022-04-25 00:10:11,2022-04-25 00:10:56
2022-04-25 10:12:01,2022-04-25 10:12:08,HLB_Unlabeled,annotator,HIGH LEVEL BEHAVIOR,2022-04-25 00:10:56,2022-04-25 00:11:03
2022-04-25 10:12:08,2022-04-25 10:12:25,In_Bathroom,annotator,HIGH LEVEL BEHAVIOR,2022-04-25 00:11:03,2022-04-25 00:11:20
2022-04-25 10:12:25,2022-04-25 10:15:32,In_Bathroom,annotator,HIGH LEVEL BEHAVIOR,2022-04-25 00:11:20,2022-04-25 00:14:27
2022-04-25 10:15:32,2022-04-25 10:16:34,HLB_Unlabeled,annotator,HIGH LEVEL BEHAVIOR,2022-04-25 00:14:27,2022-04-25 00:15:29
2022-04-25 10:16:34,2022-04-25 10:17:12,HLB_Unlabeled,annotator,HIGH LEVEL BEHAVIOR,2022-04-25 00:15:29,2022-04-25 00:16:07
2022-04-25 10:17:12,2022-04-25 10:17:42,In_Transit_Active,annotator,HIGH LEVEL BEHAVIOR,2022-04-25 00:16:07,2022-04-25 00:16:37
2022-04-25 10:17:42,2022-04-25 10:19:21,Meeting _Social_Gathering_In_Person,annotator,HIGH LEVEL BEHAVIOR,2022-04-25 00:16:37,2022-04-25 00:18:16
2022-04-25 10:19:21,2022-04-25 10:19:37,Meeting _Social_Gathering_In_Person, In_Transit_Active,annotator,HIGH LEVEL BEHAVIOR,2022-04-25 00:18:16,2022-04-25 00:18:32
2022-04-25 10:19:37,2022-04-25 10:20:10,Meeting _Social_Gathering_In_Person, In_Transit_Active,annotator,HIGH LEVEL BEHAVIOR,2022-04-25 00:18:32,2022-04-25 00:19:05
2022-04-25 10:20:10,2022-04-25 10:20:15,Meeting _Social_Gathering_In_Person, In_Transit_Active,annotator,HIGH LEVEL BEHAVIOR,2022-04-25 00:19:05,2022-04-25 00:19:10
2022-04-25 10:20:15,2022-04-25 10:20:51,Meeting _Social_Gathering_In_Person, In_Transit_Active, Riding_Elevator_Down,annotator,HIGH LEVEL BEHAVIOR,2022-04-25 00:19:10,2022-04-25 00:19:46
2022-04-25 10:20:51,2022-04-25 10:21:16,Meeting _Social_Gathering_In_Person, In_Transit_Active,annotator,HIGH LEVEL BEHAVIOR,2022-04-25 00:19:46,2022-04-25 00:20:11
2022-04-25 10:21:16,2022-04-25 10:26:38,In_Transit_Active,annotator,HIGH LEVEL BEHAVIOR,2022-04-25 00:20:11,2022-04-25 00:25:33
2022-04-25 10:26:38,2022-04-25 10:26:58,In_Transit_Active,annotator,HIGH LEVEL BEHAVIOR,2022-04-25 00:25:33,2022-04-25 00:25:53
2022-04-25 10:26:58,2022-04-25 10:27:25,In_Transit_Active,annotator,HIGH LEVEL BEHAVIOR,2022-04-25 00:25:53,2022-04-25 00:26:20
2022-04-25 10:27:25,2022-04-25 10:27:56,In_Transit_Active,annotator,HIGH LEVEL BEHAVIOR,2022-04-25 00:26:20,2022-04-25 00:26:51
2022-04-25 10:27:56,2022-04-25 10:28:31,In_Transit_Active,annotator,HIGH LEVEL BEHAVIOR,2022-04-25 00:26:51,2022-04-25 00:27:26
2022-04-25 10:28:31,2022-04-25 10:29:11,HLB_Unlabeled,annotator,HIGH LEVEL BEHAVIOR,2022-04-25 00:27:26,2022-04-25 00:28:06
2022-04-25 10:29:11,2022-04-25 10:33:57,Using_Computer/Screen,annotator,HIGH LEVEL BEHAVIOR,2022-04-25 00:28:06,2022-04-25 00:32:52
2022-04-25 10:33:57,2022-04-25 10:35:52,Using_Computer/Screen,annotator,HIGH LEVEL BEHAVIOR,2022-04-25 00:32:52,2022-04-25 00:34:47
2022-04-25 10:35:52,2022-04-25 11:34:16,Using_Computer/Screen,annotator,HIGH LEVEL BEHAVIOR,2022-04-25 00:34:47,2022-04-25 01:33:11
2022-04-25 11:34:16,2022-04-25 11:34:33,Packing/Unpacking_Something,annotator,HIGH LEVEL BEHAVIOR,2022-04-25 01:33:11,2022-04-25 01:33:28
2022-04-25 11:34:33,2022-04-25 11:35:58,HLB_Unlabeled,annotator,HIGH LEVEL BEHAVIOR,2022-04-25 01:33:28,2022-04-25 01:34:53
2022-04-25 11:35:58,2022-04-25 11:36:48,In_Transit_Active,annotator,HIGH LEVEL BEHAVIOR,2022-04-25 01:34:53,2022-04-25 01:35:43
2022-04-25 11:36:48,2022-04-25 11:37:33,In_Transit_Active,annotator,HIGH LEVEL BEHAVIOR,2022-04-25 01:35:43,2022-04-25 01:36:28
2022-04-25 11:37:33,2022-04-25 11:38:32,Meeting _Social_Gathering_In_Person,annotator,HIGH LEVEL BEHAVIOR,2022-04-25 01:36:28,2022-04-25 01:37:27
2022-04-25 11:38:32,2022-04-25 11:39:24,In_Transit_Active,annotator,HIGH LEVEL BEHAVIOR,2022-04-25 01:37:27,2022-04-25 01:38:19
2022-04-25 11:39:24,2022-04-25 11:41:36,Shopping_Grocery, Meeting _Social_Gathering_In_Person,annotator,HIGH LEVEL BEHAVIOR,2022-04-25 01:38:19,2022-04-25 01:40:31
2022-04-25 11:41:36,2022-04-25 11:46:44,Meeting _Social_Gathering_In_Person, In_Transit_Active,annotator,HIGH LEVEL BEHAVIOR,2022-04-25 01:40:31,2022-04-25 01:45:39
2022-04-25 11:46:44,2022-04-25 11:46:51,Meeting _Social_Gathering_In_Person, In_Transit_Active,annotator,HIGH LEVEL BEHAVIOR,2022-04-25 01:45:39,2022-04-25 01:45:46
2022-04-25 11:46:51,2022-04-25 11:47:09,Meeting _Social_Gathering_In_Person, In_Transit_Active,annotator,HIGH LEVEL BEHAVIOR,2022-04-25 01:45:46,2022-04-25 01:46:04
2022-04-25 11:47:09,2022-04-25 11:47:29,Meeting _Social_Gathering_In_Person, In_Transit_Active,annotator,HIGH LEVEL BEHAVIOR,2022-04-25 01:46:04,2022-04-25 01:46:24
2022-04-25 11:47:29,2022-04-25 11:47:35,Meeting _Social_Gathering_In_Person, In_Transit_Active,annotator,HIGH LEVEL BEHAVIOR,2022-04-25 01:46:24,2022-04-25 01:46:30
2022-04-25 11:47:35,2022-04-25 11:48:07,Meeting _Social_Gathering_In_Person, In_Transit_Active, Riding_Elevator_Up,annotator,HIGH LEVEL BEHAVIOR,2022-04-25 01:46:30,2022-04-25 01:47:02
2022-04-25 11:48:07,2022-04-25 11:48:25,Meeting _Social_Gathering_In_Person, In_Transit_Active,annotator,HIGH LEVEL BEHAVIOR,2022-04-25 01:47:02,2022-04-25 01:47:20
2022-04-25 11:48:25,2022-04-25 11:49:01,In_Transit_Active,annotator,HIGH LEVEL BEHAVIOR,2022-04-25 01:47:20,2022-04-25 01:47:56
2022-04-25 11:49:01,2022-04-25 11:49:13,In_Transit_Active,annotator,HIGH LEVEL BEHAVIOR,2022-04-25 01:47:56,2022-04-25 01:48:08
2022-04-25 11:49:13,2022-04-25 11:51:25,HLB_Unlabeled,annotator,HIGH LEVEL BEHAVIOR,2022-04-25 01:48:08,2022-04-25 01:50:20
2022-04-25 11:51:25,2022-04-25 11:52:00,In_Transit_Active,annotator,HIGH LEVEL BEHAVIOR,2022-04-25 01:50:20,2022-04-25 01:50:55
2022-04-25 11:52:00,2022-04-25 11:52:35,In_Transit_Active, Riding_Elevator_Down,annotator,HIGH LEVEL BEHAVIOR,2022-04-25 01:50:55,2022-04-25 01:51:30
2022-04-25 11:52:35,2022-04-25 11:52:57,In_Transit_Active,annotator,HIGH LEVEL BEHAVIOR,2022-04-25 01:51:30,2022-04-25 01:51:52
2022-04-25 11:52:57,2022-04-25 11:53:13,In_Transit_Active,annotator,HIGH LEVEL BEHAVIOR,2022-04-25 01:51:52,2022-04-25 01:52:08
2022-04-25 11:53:13,2022-04-25 11:53:25,In_Transit_Active,annotator,HIGH LEVEL BEHAVIOR,2022-04-25 01:52:08,2022-04-25 01:52:20
2022-04-25 11:53:25,2022-04-25 11:53:53,In_Transit_Active,annotator,HIGH LEVEL BEHAVIOR,2022-04-25 01:52:20,2022-04-25 01:52:48
2022-04-25 11:53:53,2022-04-25 11:54:27,In_Transit_Active, Riding_Elevator_Up,annotator,HIGH LEVEL BEHAVIOR,2022-04-25 01:52:48,2022-04-25 01:53:22
2022-04-25 11:54:27,2022-04-25 11:55:00,In_Transit_Active,annotator,HIGH LEVEL BEHAVIOR,2022-04-25 01:53:22,2022-04-25 01:53:55
2022-04-25 11:55:00,2022-04-25 11:55:13,HLB_Unlabeled,annotator,HIGH LEVEL BEHAVIOR,2022-04-25 01:53:55,2022-04-25 01:54:08
2022-04-25 11:55:13,2022-04-25 11:57:29,HLB_Unlabeled,annotator,HIGH LEVEL BEHAVIOR,2022-04-25 01:54:08,2022-04-25 01:56:24
2022-04-25 11:57:29,2022-04-25 12:16:08,HLB_Indecipherable/Video_Insufficient,annotator,HIGH LEVEL BEHAVIOR,2022-04-25 01:56:24,2022-04-25 02:15:03
2022-04-25 12:16:08,2022-04-25 12:37:08,Cooking/Prepping_Food,annotator,HIGH LEVEL BEHAVIOR,2022-04-25 02:15:03,2022-04-25 02:36:03
2022-04-25 12:37:08,2022-04-25 12:37:48,Eating/Dining,annotator,HIGH LEVEL BEHAVIOR,2022-04-25 02:36:03,2022-04-25 02:36:43
2022-04-25 12:37:48,2022-04-25 12:38:14,Cleaning,annotator,HIGH LEVEL BEHAVIOR,2022-04-25 02:36:43,2022-04-25 02:37:09
2022-04-25 12:38:14,2022-04-25 12:45:14,Doing_Dishes,annotator,HIGH LEVEL BEHAVIOR,2022-04-25 02:37:09,2022-04-25 02:44:09
2022-04-25 12:45:14,2022-04-25 12:45:33,HLB_Unlabeled,annotator,HIGH LEVEL BEHAVIOR,2022-04-25 02:44:09,2022-04-25 02:44:28
2022-04-25 12:45:33,2022-04-25 12:47:26,HLB_Unlabeled,annotator,HIGH LEVEL BEHAVIOR,2022-04-25 02:44:28,2022-04-25 02:46:21
2022-04-25 12:47:26,2022-04-25 12:48:51,HLB_Unlabeled,annotator,HIGH LEVEL BEHAVIOR,2022-04-25 02:46:21,2022-04-25 02:47:46
2022-04-25 12:48:51,2022-04-25 12:49:09,Using_Computer/Screen,annotator,HIGH LEVEL BEHAVIOR,2022-04-25 02:47:46,2022-04-25 02:48:04
2022-04-25 12:49:09,2022-04-25 12:53:56,Using_Computer/Screen,annotator,HIGH LEVEL BEHAVIOR,2022-04-25 02:48:04,2022-04-25 02:52:51
2022-04-25 12:53:56,2022-04-25 12:55:56,Using_Computer/Screen,annotator,HIGH LEVEL BEHAVIOR,2022-04-25 02:52:51,2022-04-25 02:54:51
2022-04-25 12:55:56,2022-04-25 13:04:35,HLB_Unlabeled,annotator,HIGH LEVEL BEHAVIOR,2022-04-25 02:54:51,2022-04-25 03:03:30
2022-04-25 13:04:35,2022-04-25 13:05:25,HLB_Unlabeled,annotator,HIGH LEVEL BEHAVIOR,2022-04-25 03:03:30,2022-04-25 03:04:20
2022-04-25 13:05:25,2022-04-25 13:07:07,HLB_Unlabeled,annotator,HIGH LEVEL BEHAVIOR,2022-04-25 03:04:20,2022-04-25 03:06:02
2022-04-25 13:07:07,2022-04-25 13:11:16,HLB_Other,annotator,HIGH LEVEL BEHAVIOR,2022-04-25 03:06:02,2022-04-25 03:10:11
2022-04-25 13:11:16,2022-04-25 13:16:01,HLB_Other,annotator,HIGH LEVEL BEHAVIOR,2022-04-25 03:10:11,2022-04-25 03:14:56
2022-04-25 13:16:01,2022-04-25 13:22:16,HLB_Other,annotator,HIGH LEVEL BEHAVIOR,2022-04-25 03:14:56,2022-04-25 03:21:11
2022-04-25 13:22:16,2022-04-25 13:25:15,HLB_Unlabeled,annotator,HIGH LEVEL BEHAVIOR,2022-04-25 03:21:11,2022-04-25 03:24:10
2022-04-25 13:25:15,2022-04-25 13:27:14,HLB_Other,annotator,HIGH LEVEL BEHAVIOR,2022-04-25 03:24:10,2022-04-25 03:26:09
2022-04-25 13:27:14,2022-04-25 13:31:21,HLB_Other,annotator,HIGH LEVEL BEHAVIOR,2022-04-25 03:26:09,2022-04-25 03:30:16
2022-04-25 13:31:21,2022-04-25 13:33:43,HLB_Unlabeled,annotator,HIGH LEVEL BEHAVIOR,2022-04-25 03:30:16,2022-04-25 03:32:38
2022-04-25 13:33:43,2022-04-25 13:34:01,In_Transit_Active,annotator,HIGH LEVEL BEHAVIOR,2022-04-25 03:32:38,2022-04-25 03:32:56
2022-04-25 13:34:01,2022-04-25 13:34:18,In_Transit_Active,annotator,HIGH LEVEL BEHAVIOR,2022-04-25 03:32:56,2022-04-25 03:33:13
2022-04-25 13:34:18,2022-04-25 13:34:26,In_Transit_Active,annotator,HIGH LEVEL BEHAVIOR,2022-04-25 03:33:13,2022-04-25 03:33:21
2022-04-25 13:34:26,2022-04-25 13:34:30,In_Transit_Active,annotator,HIGH LEVEL BEHAVIOR,2022-04-25 03:33:21,2022-04-25 03:33:25
2022-04-25 13:34:30,2022-04-25 13:35:05,In_Transit_Active, Riding_Elevator_Down,annotator,HIGH LEVEL BEHAVIOR,2022-04-25 03:33:25,2022-04-25 03:34:00
2022-04-25 13:35:05,2022-04-25 13:35:27,In_Transit_Active,annotator,HIGH LEVEL BEHAVIOR,2022-04-25 03:34:00,2022-04-25 03:34:22
2022-04-25 13:35:27,2022-04-25 13:40:43,In_Transit_Active,annotator,HIGH LEVEL BEHAVIOR,2022-04-25 03:34:22,2022-04-25 03:39:38
2022-04-25 13:40:43,2022-04-25 13:41:03,In_Transit_Active,annotator,HIGH LEVEL BEHAVIOR,2022-04-25 03:39:38,2022-04-25 03:39:58
2022-04-25 13:41:03,2022-04-25 13:41:24,In_Transit_Active, Riding_Elevator_Up,annotator,HIGH LEVEL BEHAVIOR,2022-04-25 03:39:58,2022-04-25 03:40:19
2022-04-25 13:41:24,2022-04-25 13:41:57,In_Transit_Active,annotator,HIGH LEVEL BEHAVIOR,2022-04-25 03:40:19,2022-04-25 03:40:52
2022-04-25 13:41:57,2022-04-25 13:42:24,HLB_Unlabeled,annotator,HIGH LEVEL BEHAVIOR,2022-04-25 03:40:52,2022-04-25 03:41:19
2022-04-25 13:42:24,2022-04-25 13:46:29,HLB_Unlabeled,annotator,HIGH LEVEL BEHAVIOR,2022-04-25 03:41:19,2022-04-25 03:45:24
2022-04-25 13:46:29,2022-04-25 13:47:03,In_Transit_Active,annotator,HIGH LEVEL BEHAVIOR,2022-04-25 03:45:24,2022-04-25 03:45:58
2022-04-25 13:47:03,2022-04-25 13:47:24,In_Transit_Active, Riding_Elevator_Down,annotator,HIGH LEVEL BEHAVIOR,2022-04-25 03:45:58,2022-04-25 03:46:19
2022-04-25 13:47:24,2022-04-25 13:47:39,In_Transit_Active,annotator,HIGH LEVEL BEHAVIOR,2022-04-25 03:46:19,2022-04-25 03:46:34
2022-04-25 13:47:39,2022-04-25 13:53:15,In_Transit_Active,annotator,HIGH LEVEL BEHAVIOR,2022-04-25 03:46:34,2022-04-25 03:52:10
2022-04-25 13:53:15,2022-04-25 13:53:36,In_Transit_Active,annotator,HIGH LEVEL BEHAVIOR,2022-04-25 03:52:10,2022-04-25 03:52:31
2022-04-25 13:53:36,2022-04-25 13:54:14,In_Transit_Active, Riding_Elevator_Up,annotator,HIGH LEVEL BEHAVIOR,2022-04-25 03:52:31,2022-04-25 03:53:09
2022-04-25 13:54:14,2022-04-25 13:54:35,In_Transit_Active,annotator,HIGH LEVEL BEHAVIOR,2022-04-25 03:53:09,2022-04-25 03:53:30
2022-04-25 13:54:35,2022-04-25 13:57:10,HLB_Unlabeled,annotator,HIGH LEVEL BEHAVIOR,2022-04-25 03:53:30,2022-04-25 03:56:05
2022-04-25 13:57:10,2022-04-25 13:57:26,HLB_Other,annotator,HIGH LEVEL BEHAVIOR,2022-04-25 03:56:05,2022-04-25 03:56:21
2022-04-25 13:57:26,2022-04-25 14:05:26,Using_Computer/Screen,annotator,HIGH LEVEL BEHAVIOR,2022-04-25 03:56:21,2022-04-25 04:04:21
2022-04-25 14:05:26,2022-04-25 14:07:59,HLB_Other,annotator,HIGH LEVEL BEHAVIOR,2022-04-25 04:04:21,2022-04-25 04:06:54
2022-04-25 14:07:59,2022-04-25 14:09:45,HLB_Other,annotator,HIGH LEVEL BEHAVIOR,2022-04-25 04:06:54,2022-04-25 04:08:40
2022-04-25 14:09:45,2022-04-25 14:16:47,Using_Computer/Screen,annotator,HIGH LEVEL BEHAVIOR,2022-04-25 04:08:40,2022-04-25 04:15:42
2022-04-25 14:16:50,2022-04-25 14:47:19,HLB_Other,annotator,HIGH LEVEL BEHAVIOR,2022-04-25 04:15:45,2022-04-25 04:46:14
2022-04-25 14:47:19,2022-04-25 14:48:54,HLB_Unlabeled,annotator,HIGH LEVEL BEHAVIOR,2022-04-25 04:46:14,2022-04-25 04:47:49
2022-04-25 14:48:54,2022-04-25 14:51:21,HLB_Other,annotator,HIGH LEVEL BEHAVIOR,2022-04-25 04:47:49,2022-04-25 04:50:16
2022-04-25 14:51:21,2022-04-25 15:03:43,HLB_Other,annotator,HIGH LEVEL BEHAVIOR,2022-04-25 04:50:16,2022-04-25 05:02:38
2022-04-25 15:03:43,2022-04-25 15:04:54,HLB_Unlabeled,annotator,HIGH LEVEL BEHAVIOR,2022-04-25 05:02:38,2022-04-25 05:03:49
2022-04-25 15:04:54,2022-04-25 15:05:40,HLB_Unlabeled,annotator,HIGH LEVEL BEHAVIOR,2022-04-25 05:03:49,2022-04-25 05:04:35
2022-04-25 15:05:40,2022-04-25 15:07:20,HLB_Unlabeled,annotator,HIGH LEVEL BEHAVIOR,2022-04-25 05:04:35,2022-04-25 05:06:15
2022-04-25 15:07:20,2022-04-25 15:07:38,HLB_Unlabeled,annotator,HIGH LEVEL BEHAVIOR,2022-04-25 05:06:15,2022-04-25 05:06:33
2022-04-25 15:07:38,2022-04-25 15:20:29,HLB_Other,annotator,HIGH LEVEL BEHAVIOR,2022-04-25 05:06:33,2022-04-25 05:19:24
2022-04-25 15:20:29,2022-04-25 15:24:03,HLB_Unlabeled,annotator,HIGH LEVEL BEHAVIOR,2022-04-25 05:19:24,2022-04-25 05:22:58
2022-04-25 15:24:03,2022-04-25 15:24:40,Using_Computer/Screen,annotator,HIGH LEVEL BEHAVIOR,2022-04-25 05:22:58,2022-04-25 05:23:35
2022-04-25 15:24:40,2022-04-25 15:27:18,HLB_Other,annotator,HIGH LEVEL BEHAVIOR,2022-04-25 05:23:35,2022-04-25 05:26:13
2022-04-25 15:27:18,2022-04-25 15:28:07,HLB_Other,annotator,HIGH LEVEL BEHAVIOR,2022-04-25 05:26:13,2022-04-25 05:27:02
2022-04-25 15:28:07,2022-04-25 15:34:02,HLB_Other,annotator,HIGH LEVEL BEHAVIOR,2022-04-25 05:27:02,2022-04-25 05:32:57
2022-04-25 15:34:02,2022-04-25 15:34:17,HLB_Other,annotator,HIGH LEVEL BEHAVIOR,2022-04-25 05:32:57,2022-04-25 05:33:12
2022-04-25 15:34:17,2022-04-25 15:34:37,HLB_Unlabeled,annotator,HIGH LEVEL BEHAVIOR,2022-04-25 05:33:12,2022-04-25 05:33:32
2022-04-25 15:34:37,2022-04-25 15:34:57,HLB_Other,annotator,HIGH LEVEL BEHAVIOR,2022-04-25 05:33:32,2022-04-25 05:33:52
2022-04-25 15:34:57,2022-04-25 15:36:22,HLB_Other,annotator,HIGH LEVEL BEHAVIOR,2022-04-25 05:33:52,2022-04-25 05:35:17
2022-04-25 15:36:22,2022-04-25 15:37:26,HLB_Unlabeled,annotator,HIGH LEVEL BEHAVIOR,2022-04-25 05:35:17,2022-04-25 05:36:21
2022-04-25 15:37:26,2022-04-25 15:42:05,HLB_Unlabeled,annotator,HIGH LEVEL BEHAVIOR,2022-04-25 05:36:21,2022-04-25 05:41:00
2022-04-25 15:42:05,2022-04-25 15:44:27,HLB_Other,annotator,HIGH LEVEL BEHAVIOR,2022-04-25 05:41:00,2022-04-25 05:43:22
2022-04-25 15:44:27,2022-04-25 15:46:22,HLB_Unlabeled,annotator,HIGH LEVEL BEHAVIOR,2022-04-25 05:43:22,2022-04-25 05:45:17
2022-04-25 15:46:22,2022-04-25 15:54:17,HLB_Other,annotator,HIGH LEVEL BEHAVIOR,2022-04-25 05:45:17,2022-04-25 05:53:12
2022-04-25 15:54:17,2022-04-25 15:55:59,HLB_Unlabeled,annotator,HIGH LEVEL BEHAVIOR,2022-04-25 05:53:12,2022-04-25 05:54:54
2022-04-25 15:55:59,2022-04-25 15:58:57,HLB_Unlabeled,annotator,HIGH LEVEL BEHAVIOR,2022-04-25 05:54:54,2022-04-25 05:57:52
2022-04-25 15:58:57,2022-04-25 16:02:16,HLB_Other,annotator,HIGH LEVEL BEHAVIOR,2022-04-25 05:57:52,2022-04-25 06:01:11
2022-04-25 16:02:16,2022-04-25 16:03:18,HLB_Unlabeled,annotator,HIGH LEVEL BEHAVIOR,2022-04-25 06:01:11,2022-04-25 06:02:13
2022-04-25 16:03:18,2022-04-25 16:03:50,HLB_Unlabeled,annotator,HIGH LEVEL BEHAVIOR,2022-04-25 06:02:13,2022-04-25 06:02:45
2022-04-25 16:03:50,2022-04-25 16:04:24,Packing/Unpacking_Something,annotator,HIGH LEVEL BEHAVIOR,2022-04-25 06:02:45,2022-04-25 06:03:19
2022-04-25 16:04:24,2022-04-25 16:04:57,HLB_Other,annotator,HIGH LEVEL BEHAVIOR,2022-04-25 06:03:19,2022-04-25 06:03:52
2022-04-25 16:04:57,2022-04-25 16:05:33,HLB_Unlabeled,annotator,HIGH LEVEL BEHAVIOR,2022-04-25 06:03:52,2022-04-25 06:04:28
2022-04-25 16:05:33,2022-04-25 16:07:07,HLB_Other,annotator,HIGH LEVEL BEHAVIOR,2022-04-25 06:04:28,2022-04-25 06:06:02
2022-04-25 16:07:07,2022-04-25 16:07:20,HLB_Unlabeled,annotator,HIGH LEVEL BEHAVIOR,2022-04-25 06:06:02,2022-04-25 06:06:15
2022-04-25 16:07:20,2022-04-25 16:08:30,HLB_Unlabeled,annotator,HIGH LEVEL BEHAVIOR,2022-04-25 06:06:15,2022-04-25 06:07:25
2022-04-25 16:08:30,2022-04-25 16:08:32,HLB_Unlabeled,annotator,HIGH LEVEL BEHAVIOR,2022-04-25 06:07:25,2022-04-25 06:07:27
2022-04-25 16:08:32,2022-04-25 16:08:51,HLB_Unlabeled,annotator,HIGH LEVEL BEHAVIOR,2022-04-25 06:07:27,2022-04-25 06:07:46
2022-04-25 16:08:51,2022-04-25 16:10:04,HLB_Unlabeled,annotator,HIGH LEVEL BEHAVIOR,2022-04-25 06:07:46,2022-04-25 06:08:59
2022-04-25 16:10:04,2022-04-25 16:13:06,HLB_Other,annotator,HIGH LEVEL BEHAVIOR,2022-04-25 06:08:59,2022-04-25 06:12:01
2022-04-25 16:13:06,2022-04-25 16:13:18,Using_Computer/Screen,annotator,HIGH LEVEL BEHAVIOR,2022-04-25 06:12:01,2022-04-25 06:12:13
2022-04-25 16:13:18,2022-04-25 16:17:00,HLB_Indecipherable/Video_Insufficient,annotator,HIGH LEVEL BEHAVIOR,2022-04-25 06:12:13,2022-04-25 06:15:55
2022-04-25 16:17:00,2022-04-25 16:28:16,Using_Computer/Screen,annotator,HIGH LEVEL BEHAVIOR,2022-04-25 06:15:55,2022-04-25 06:27:11
2022-04-25 16:28:16,2022-04-25 16:32:47,Using_Computer/Screen,annotator,HIGH LEVEL BEHAVIOR,2022-04-25 06:27:11,2022-04-25 06:31:42
2022-04-25 16:32:47,2022-04-25 16:32:57,Using_Computer/Screen,annotator,HIGH LEVEL BEHAVIOR,2022-04-25 06:31:42,2022-04-25 06:31:52
2022-04-25 16:32:57,2022-04-25 16:33:24,Using_Computer/Screen,annotator,HIGH LEVEL BEHAVIOR,2022-04-25 06:31:52,2022-04-25 06:32:19
2022-04-25 16:33:24,2022-04-25 16:34:13,HLB_Unlabeled,annotator,HIGH LEVEL BEHAVIOR,2022-04-25 06:32:19,2022-04-25 06:33:08
2022-04-25 16:34:13,2022-04-25 16:34:24,HLB_Unlabeled,annotator,HIGH LEVEL BEHAVIOR,2022-04-25 06:33:08,2022-04-25 06:33:19
2022-04-25 16:34:24,2022-04-25 16:35:19,HLB_Unlabeled,annotator,HIGH LEVEL BEHAVIOR,2022-04-25 06:33:19,2022-04-25 06:34:14
2022-04-25 16:35:19,2022-04-25 16:35:43,HLB_Unlabeled,annotator,HIGH LEVEL BEHAVIOR,2022-04-25 06:34:14,2022-04-25 06:34:38
2022-04-25 16:35:43,2022-04-25 16:40:18,HLB_Other,annotator,HIGH LEVEL BEHAVIOR,2022-04-25 06:34:38,2022-04-25 06:39:13
2022-04-25 16:40:18,2022-04-25 16:41:07,Using_Computer/Screen,annotator,HIGH LEVEL BEHAVIOR,2022-04-25 06:39:13,2022-04-25 06:40:02
2022-04-25 16:41:07,2022-04-25 16:42:21,HLB_Other,annotator,HIGH LEVEL BEHAVIOR,2022-04-25 06:40:02,2022-04-25 06:41:16
2022-04-25 16:42:21,2022-04-25 16:42:29,Cleaning, Packing/Unpacking_Something,annotator,HIGH LEVEL BEHAVIOR,2022-04-25 06:41:16,2022-04-25 06:41:24
2022-04-25 16:42:29,2022-04-25 16:44:54,Cleaning, Packing/Unpacking_Something,annotator,HIGH LEVEL BEHAVIOR,2022-04-25 06:41:24,2022-04-25 06:43:49
2022-04-25 16:44:54,2022-04-25 16:45:18,Cleaning,annotator,HIGH LEVEL BEHAVIOR,2022-04-25 06:43:49,2022-04-25 06:44:13
2022-04-25 16:45:18,2022-04-25 16:45:36,Cleaning,annotator,HIGH LEVEL BEHAVIOR,2022-04-25 06:44:13,2022-04-25 06:44:31
2022-04-25 16:45:36,2022-04-25 16:57:58,Cooking/Prepping_Food,annotator,HIGH LEVEL BEHAVIOR,2022-04-25 06:44:31,2022-04-25 06:56:53
2022-04-25 16:57:58,2022-04-25 16:58:50,Eating/Dining,annotator,HIGH LEVEL BEHAVIOR,2022-04-25 06:56:53,2022-04-25 06:57:45
2022-04-25 16:58:50,2022-04-25 16:59:17,Eating/Dining,annotator,HIGH LEVEL BEHAVIOR,2022-04-25 06:57:45,2022-04-25 06:58:12
2022-04-25 16:59:17,2022-04-25 16:59:50,Eating/Dining,annotator,HIGH LEVEL BEHAVIOR,2022-04-25 06:58:12,2022-04-25 06:58:45
2022-04-25 16:59:50,2022-04-25 17:03:28,Eating/Dining,annotator,HIGH LEVEL BEHAVIOR,2022-04-25 06:58:45,2022-04-25 07:02:23
2022-04-25 17:03:28,2022-04-25 17:03:40,Eating/Dining,annotator,HIGH LEVEL BEHAVIOR,2022-04-25 07:02:23,2022-04-25 07:02:35
2022-04-25 17:03:40,2022-04-25 17:04:16,HLB_Unlabeled,annotator,HIGH LEVEL BEHAVIOR,2022-04-25 07:02:35,2022-04-25 07:03:11
2022-04-25 17:04:16,2022-04-25 17:04:32,HLB_Unlabeled,annotator,HIGH LEVEL BEHAVIOR,2022-04-25 07:03:11,2022-04-25 07:03:27
2022-04-25 17:04:32,2022-04-25 17:09:17,HLB_Indecipherable/Video_Insufficient,annotator,HIGH LEVEL BEHAVIOR,2022-04-25 07:03:27,2022-04-25 07:08:12
2022-04-25 17:09:17,2022-04-25 17:11:10,Doing_Dishes,annotator,HIGH LEVEL BEHAVIOR,2022-04-25 07:08:12,2022-04-25 07:10:05
2022-04-25 17:11:10,2022-04-25 17:11:35,Cleaning,annotator,HIGH LEVEL BEHAVIOR,2022-04-25 07:10:05,2022-04-25 07:10:30
2022-04-25 17:11:35,2022-04-25 17:12:25,Doing_Dishes,annotator,HIGH LEVEL BEHAVIOR,2022-04-25 07:10:30,2022-04-25 07:11:20
2022-04-25 17:12:25,2022-04-25 17:12:49,HLB_Unlabeled,annotator,HIGH LEVEL BEHAVIOR,2022-04-25 07:11:20,2022-04-25 07:11:44
2022-04-25 17:12:49,2022-04-25 17:15:10,HLB_Unlabeled,annotator,HIGH LEVEL BEHAVIOR,2022-04-25 07:11:44,2022-04-25 07:14:05
2022-04-25 17:15:10,2022-04-25 17:15:26,HLB_Unlabeled,annotator,HIGH LEVEL BEHAVIOR,2022-04-25 07:14:05,2022-04-25 07:14:21
2022-04-25 17:15:26,2022-04-25 17:15:40,Dressing/Undressing,annotator,HIGH LEVEL BEHAVIOR,2022-04-25 07:14:21,2022-04-25 07:14:35
2022-04-25 17:15:40,2022-04-25 17:16:13,HLB_Unlabeled,annotator,HIGH LEVEL BEHAVIOR,2022-04-25 07:14:35,2022-04-25 07:15:08
2022-04-25 17:16:13,2022-04-25 17:17:04,HLB_Unlabeled,annotator,HIGH LEVEL BEHAVIOR,2022-04-25 07:15:08,2022-04-25 07:15:59
2022-04-25 17:17:04,2022-04-25 17:17:25,In_Transit_Active,annotator,HIGH LEVEL BEHAVIOR,2022-04-25 07:15:59,2022-04-25 07:16:20
2022-04-25 17:17:25,2022-04-25 17:18:00,In_Transit_Active, Riding_Elevator_Down,annotator,HIGH LEVEL BEHAVIOR,2022-04-25 07:16:20,2022-04-25 07:16:55
2022-04-25 17:18:00,2022-04-25 17:18:20,In_Transit_Active,annotator,HIGH LEVEL BEHAVIOR,2022-04-25 07:16:55,2022-04-25 07:17:15
2022-04-25 17:18:20,2022-04-25 17:24:29,In_Transit_Active,annotator,HIGH LEVEL BEHAVIOR,2022-04-25 07:17:15,2022-04-25 07:23:24
2022-04-25 17:24:29,2022-04-25 17:24:46,HLB_Unlabeled,annotator,HIGH LEVEL BEHAVIOR,2022-04-25 07:23:24,2022-04-25 07:23:41
2022-04-25 17:24:46,2022-04-25 17:25:20,Using_Computer/Screen,annotator,HIGH LEVEL BEHAVIOR,2022-04-25 07:23:41,2022-04-25 07:24:15
2022-04-25 17:25:20,2022-04-25 17:25:51,Using_Computer/Screen,annotator,HIGH LEVEL BEHAVIOR,2022-04-25 07:24:15,2022-04-25 07:24:46
2022-04-25 17:25:51,2022-04-25 17:50:28,Using_Computer/Screen,annotator,HIGH LEVEL BEHAVIOR,2022-04-25 07:24:46,2022-04-25 07:49:23
2022-04-25 17:50:28,2022-04-25 17:52:37,Using_Computer/Screen, Meeting_Virtual,annotator,HIGH LEVEL BEHAVIOR,2022-04-25 07:49:23,2022-04-25 07:51:32
2022-04-25 17:52:37,2022-04-25 17:53:21,Using_Computer/Screen, Meeting_Virtual,annotator,HIGH LEVEL BEHAVIOR,2022-04-25 07:51:32,2022-04-25 07:52:16
2022-04-25 17:53:21,2022-04-25 17:55:13,Using_Computer/Screen, Meeting_Virtual,annotator,HIGH LEVEL BEHAVIOR,2022-04-25 07:52:16,2022-04-25 07:54:08
2022-04-25 17:55:13,2022-04-25 17:56:08,Using_Computer/Screen, Meeting_Virtual,annotator,HIGH LEVEL BEHAVIOR,2022-04-25 07:54:08,2022-04-25 07:55:03
2022-04-25 17:56:08,2022-04-25 17:57:58,Using_Computer/Screen, Meeting_Virtual,annotator,HIGH LEVEL BEHAVIOR,2022-04-25 07:55:03,2022-04-25 07:56:53
2022-04-25 17:57:58,2022-04-25 17:58:47,Using_Computer/Screen, Meeting_Virtual,annotator,HIGH LEVEL BEHAVIOR,2022-04-25 07:56:53,2022-04-25 07:57:42
2022-04-25 17:58:47,2022-04-25 18:01:17,Using_Computer/Screen, Meeting_Virtual,annotator,HIGH LEVEL BEHAVIOR,2022-04-25 07:57:42,2022-04-25 08:00:12
2022-04-25 18:01:17,2022-04-25 18:02:04,Packing/Unpacking_Something,annotator,HIGH LEVEL BEHAVIOR,2022-04-25 08:00:12,2022-04-25 08:00:59
2022-04-25 18:02:04,2022-04-25 21:24:04,HLB_Indecipherable/Video_Insufficient,annotator,HIGH LEVEL BEHAVIOR,2022-04-25 08:00:59,2022-04-25 11:22:59
2022-04-25 21:24:08,2022-04-25 21:25:13,HLB_Unlabeled,annotator,HIGH LEVEL BEHAVIOR,2022-04-25 11:23:03,2022-04-25 11:24:08
2022-04-25 21:25:17,2022-04-25 21:28:19,HLB_Unlabeled,annotator,HIGH LEVEL BEHAVIOR,2022-04-25 11:24:12,2022-04-25 11:27:14
2022-04-25 21:28:20,2022-04-25 21:29:28,Grooming/Self_Care,annotator,HIGH LEVEL BEHAVIOR,2022-04-25 11:27:15,2022-04-25 11:28:23
2022-04-25 21:29:29,2022-04-25 21:29:55,Grooming/Self_Care,annotator,HIGH LEVEL BEHAVIOR,2022-04-25 11:28:24,2022-04-25 11:28:50
2022-04-25 21:29:56,2022-04-25 21:30:50,HLB_Unlabeled,annotator,HIGH LEVEL BEHAVIOR,2022-04-25 11:28:51,2022-04-25 11:29:45
2022-04-25 21:30:51,2022-04-25 21:32:41,HLB_Unlabeled,annotator,HIGH LEVEL BEHAVIOR,2022-04-25 11:29:46,2022-04-25 11:31:36
2022-04-25 21:32:43,2022-04-25 21:32:52,HLB_Unlabeled,annotator,HIGH LEVEL BEHAVIOR,2022-04-25 11:31:38,2022-04-25 11:31:47
2022-04-25 21:32:54,2022-04-25 21:33:22,HLB_Unlabeled,annotator,HIGH LEVEL BEHAVIOR,2022-04-25 11:31:49,2022-04-25 11:32:17
2022-04-25 21:33:23,2022-04-25 21:33:45,HLB_Unlabeled,annotator,HIGH LEVEL BEHAVIOR,2022-04-25 11:32:18,2022-04-25 11:32:40
2022-04-25 21:33:46,2022-04-25 21:36:10,HLB_Unlabeled,annotator,HIGH LEVEL BEHAVIOR,2022-04-25 11:32:41,2022-04-25 11:35:05
2022-04-25 21:36:11,2022-04-25 21:36:38,HLB_Unlabeled,annotator,HIGH LEVEL BEHAVIOR,2022-04-25 11:35:06,2022-04-25 11:35:33
2022-04-25 21:37:39,2022-04-25 21:38:19,HLB_Unlabeled,annotator,HIGH LEVEL BEHAVIOR,2022-04-25 11:36:34,2022-04-25 11:37:14
2022-04-25 21:39:21,2022-04-25 21:40:49,HLB_Unlabeled,annotator,HIGH LEVEL BEHAVIOR,2022-04-25 11:38:16,2022-04-25 11:39:44
2022-04-25 21:40:53,2022-04-25 21:45:24,HLB_Unlabeled,annotator,HIGH LEVEL BEHAVIOR,2022-04-25 11:39:48,2022-04-25 11:44:19
2022-04-25 21:45:47,2022-04-25 21:46:00,HLB_Unlabeled,annotator,HIGH LEVEL BEHAVIOR,2022-04-25 11:44:42,2022-04-25 11:44:55
2022-04-25 21:46:06,2022-04-25 21:46:42,HLB_Unlabeled,annotator,HIGH LEVEL BEHAVIOR,2022-04-25 11:45:01,2022-04-25 11:45:37
2022-04-25 21:46:42,2022-04-25 21:46:43,HLB_Unlabeled,annotator,HIGH LEVEL BEHAVIOR,2022-04-25 11:45:37,2022-04-25 11:45:38
2022-04-25 21:46:49,2022-04-25 21:46:52,HLB_Unlabeled,annotator,HIGH LEVEL BEHAVIOR,2022-04-25 11:45:44,2022-04-25 11:45:47
2022-04-25 21:46:53,2022-04-25 21:48:32,HLB_Unlabeled,annotator,HIGH LEVEL BEHAVIOR,2022-04-25 11:45:48,2022-04-25 11:47:27
2022-04-25 21:48:33,2022-04-25 21:52:23,HLB_Unlabeled,annotator,HIGH LEVEL BEHAVIOR,2022-04-25 11:47:28,2022-04-25 11:51:18
2022-04-25 21:52:24,2022-04-25 21:52:48,HLB_Unlabeled,annotator,HIGH LEVEL BEHAVIOR,2022-04-25 11:51:19,2022-04-25 11:51:43
2022-04-25 21:52:48,2022-04-25 21:52:59,HLB_Unlabeled,annotator,HIGH LEVEL BEHAVIOR,2022-04-25 11:51:43,2022-04-25 11:51:54
2022-04-25 21:53:00,2022-04-25 21:54:44,HLB_Unlabeled,annotator,HIGH LEVEL BEHAVIOR,2022-04-25 11:51:55,2022-04-25 11:53:39
2022-04-25 21:54:45,2022-04-25 21:54:48,HLB_Unlabeled,annotator,HIGH LEVEL BEHAVIOR,2022-04-25 11:53:40,2022-04-25 11:53:43
2022-04-25 21:54:49,2022-04-25 21:55:48,HLB_Unlabeled,annotator,HIGH LEVEL BEHAVIOR,2022-04-25 11:53:44,2022-04-25 11:54:43
2022-04-25 21:55:52,2022-04-25 22:01:47,HLB_Unlabeled,annotator,HIGH LEVEL BEHAVIOR,2022-04-25 11:54:47,2022-04-25 12:00:42
2022-04-25 22:01:50,2022-04-25 22:07:55,HLB_Unlabeled,annotator,HIGH LEVEL BEHAVIOR,2022-04-25 12:00:45,2022-04-25 12:06:50
2022-04-25 22:07:56,2022-04-25 22:08:19,HLB_Unlabeled,annotator,HIGH LEVEL BEHAVIOR,2022-04-25 12:06:51,2022-04-25 12:07:14
2022-04-25 22:08:21,2022-04-25 22:09:08,HLB_Unlabeled,annotator,HIGH LEVEL BEHAVIOR,2022-04-25 12:07:16,2022-04-25 12:08:03
2022-04-25 22:09:08,2022-04-25 22:23:41,HLB_Unlabeled,annotator,HIGH LEVEL BEHAVIOR,2022-04-25 12:08:03,2022-04-25 12:22:36
2022-04-25 22:23:46,2022-04-25 22:24:00,HLB_Unlabeled,annotator,HIGH LEVEL BEHAVIOR,2022-04-25 12:22:41,2022-04-25 12:22:55
2022-04-25 22:24:05,2022-04-25 22:24:55,HLB_Unlabeled,annotator,HIGH LEVEL BEHAVIOR,2022-04-25 12:23:00,2022-04-25 12:23:50
2022-04-25 22:24:54,2022-04-25 22:24:55,HLB_Unlabeled,annotator,HIGH LEVEL BEHAVIOR,2022-04-25 12:23:49,2022-04-25 12:23:50
2022-04-25 22:24:56,2022-04-25 22:25:32,HLB_Unlabeled,annotator,HIGH LEVEL BEHAVIOR,2022-04-25 12:23:51,2022-04-25 12:24:27
2022-04-25 22:25:33,2022-04-25 22:25:48,HLB_Unlabeled,annotator,HIGH LEVEL BEHAVIOR,2022-04-25 12:24:28,2022-04-25 12:24:43
2022-04-25 22:25:56,2022-04-25 22:26:58,HLB_Unlabeled,annotator,HIGH LEVEL BEHAVIOR,2022-04-25 12:24:51,2022-04-25 12:25:53
2022-04-25 22:27:01,2022-04-25 22:29:06,HLB_Unlabeled,annotator,HIGH LEVEL BEHAVIOR,2022-04-25 12:25:56,2022-04-25 12:28:01
2022-04-25 22:29:07,2022-04-25 22:33:04,HLB_Unlabeled,annotator,HIGH LEVEL BEHAVIOR,2022-04-25 12:28:02,2022-04-25 12:31:59
2022-04-25 22:34:11,2022-04-25 22:35:46,HLB_Indecipherable/Video_Insufficient,annotator,HIGH LEVEL BEHAVIOR,2022-04-25 12:33:06,2022-04-25 12:34:41
2022-04-25 22:36:08,2022-04-25 22:37:00,Cooking/Prepping_Food,annotator,HIGH LEVEL BEHAVIOR,2022-04-25 12:35:03,2022-04-25 12:35:55
2022-04-25 22:37:02,2022-04-25 22:37:27,Cooking/Prepping_Food,annotator,HIGH LEVEL BEHAVIOR,2022-04-25 12:35:57,2022-04-25 12:36:22
2022-04-25 22:37:29,2022-04-25 22:38:21,Cooking/Prepping_Food,annotator,HIGH LEVEL BEHAVIOR,2022-04-25 12:36:24,2022-04-25 12:37:16
2022-04-25 22:38:35,2022-04-25 22:39:28,Cooking/Prepping_Food, WatchingTV/Movies,annotator,HIGH LEVEL BEHAVIOR,2022-04-25 12:37:30,2022-04-25 12:38:23
2022-04-25 22:39:29,2022-04-25 22:41:26,Cooking/Prepping_Food, WatchingTV/Movies,annotator,HIGH LEVEL BEHAVIOR,2022-04-25 12:38:24,2022-04-25 12:40:21
2022-04-25 22:41:27,2022-04-25 22:47:43,Cooking/Prepping_Food, WatchingTV/Movies,annotator,HIGH LEVEL BEHAVIOR,2022-04-25 12:40:22,2022-04-25 12:46:38
2022-04-25 22:47:48,2022-04-25 22:48:06,Cooking/Prepping_Food, WatchingTV/Movies,annotator,HIGH LEVEL BEHAVIOR,2022-04-25 12:46:43,2022-04-25 12:47:01
2022-04-25 22:48:07,2022-04-25 22:48:30,Cooking/Prepping_Food, WatchingTV/Movies,annotator,HIGH LEVEL BEHAVIOR,2022-04-25 12:47:02,2022-04-25 12:47:25
2022-04-25 22:48:32,2022-04-25 22:49:15,Cooking/Prepping_Food,annotator,HIGH LEVEL BEHAVIOR,2022-04-25 12:47:27,2022-04-25 12:48:10
2022-04-25 22:49:21,2022-04-25 22:50:28,Cooking/Prepping_Food,annotator,HIGH LEVEL BEHAVIOR,2022-04-25 12:48:16,2022-04-25 12:49:23
2022-04-25 22:50:34,2022-04-25 22:50:56,Cooking/Prepping_Food, WatchingTV/Movies,annotator,HIGH LEVEL BEHAVIOR,2022-04-25 12:49:29,2022-04-25 12:49:51
2022-04-25 22:51:00,2022-04-25 22:51:09,Cooking/Prepping_Food, WatchingTV/Movies,annotator,HIGH LEVEL BEHAVIOR,2022-04-25 12:49:55,2022-04-25 12:50:04
2022-04-25 22:51:11,2022-04-25 22:51:57,Cooking/Prepping_Food, WatchingTV/Movies,annotator,HIGH LEVEL BEHAVIOR,2022-04-25 12:50:06,2022-04-25 12:50:52
2022-04-25 22:51:58,2022-04-25 22:53:17,Cooking/Prepping_Food, WatchingTV/Movies,annotator,HIGH LEVEL BEHAVIOR,2022-04-25 12:50:53,2022-04-25 12:52:12
2022-04-25 22:53:35,2022-04-25 22:55:55,Cooking/Prepping_Food, WatchingTV/Movies,annotator,HIGH LEVEL BEHAVIOR,2022-04-25 12:52:30,2022-04-25 12:54:50
2022-04-25 22:55:57,2022-04-25 22:56:16,Cooking/Prepping_Food, WatchingTV/Movies,annotator,HIGH LEVEL BEHAVIOR,2022-04-25 12:54:52,2022-04-25 12:55:11
2022-04-25 22:56:24,2022-04-25 22:56:38,Cooking/Prepping_Food,annotator,HIGH LEVEL BEHAVIOR,2022-04-25 12:55:19,2022-04-25 12:55:33
2022-04-25 22:56:58,2022-04-25 22:57:03,Cooking/Prepping_Food,annotator,HIGH LEVEL BEHAVIOR,2022-04-25 12:55:53,2022-04-25 12:55:58
2022-04-25 22:57:06,2022-04-25 23:10:37,Eating/Dining, WatchingTV/Movies,annotator,HIGH LEVEL BEHAVIOR,2022-04-25 12:56:01,2022-04-25 13:09:32
2022-04-25 23:10:37,2022-04-25 23:10:43,Eating/Dining, WatchingTV/Movies,annotator,HIGH LEVEL BEHAVIOR,2022-04-25 13:09:32,2022-04-25 13:09:38
2022-04-25 23:10:45,2022-04-25 23:12:27,WatchingTV/Movies,annotator,HIGH LEVEL BEHAVIOR,2022-04-25 13:09:40,2022-04-25 13:11:22
2022-04-25 23:12:28,2022-04-25 23:16:40,WatchingTV/Movies,annotator,HIGH LEVEL BEHAVIOR,2022-04-25 13:11:23,2022-04-25 13:15:35
2022-04-25 23:16:41,2022-04-25 23:17:34,WatchingTV/Movies,annotator,HIGH LEVEL BEHAVIOR,2022-04-25 13:15:36,2022-04-25 13:16:29
2022-04-25 23:17:41,2022-04-25 23:17:46,Cleaning,annotator,HIGH LEVEL BEHAVIOR,2022-04-25 13:16:36,2022-04-25 13:16:41
2022-04-25 23:17:48,2022-04-25 23:18:51,Cleaning,annotator,HIGH LEVEL BEHAVIOR,2022-04-25 13:16:43,2022-04-25 13:17:46
2022-04-25 23:18:59,2022-04-25 23:23:02,Cleaning, WatchingTV/Movies,annotator,HIGH LEVEL BEHAVIOR,2022-04-25 13:17:54,2022-04-25 13:21:57
2022-04-25 23:23:03,2022-04-25 23:23:05,Cleaning, WatchingTV/Movies,annotator,HIGH LEVEL BEHAVIOR,2022-04-25 13:21:58,2022-04-25 13:22:00
2022-04-25 23:23:54,2022-04-25 23:30:11,WatchingTV/Movies,annotator,HIGH LEVEL BEHAVIOR,2022-04-25 13:22:49,2022-04-25 13:29:06
2022-04-25 23:30:13,2022-04-25 23:30:35,WatchingTV/Movies,annotator,HIGH LEVEL BEHAVIOR,2022-04-25 13:29:08,2022-04-25 13:29:30
2022-04-25 23:31:05,2022-04-25 23:31:49,WatchingTV/Movies,annotator,HIGH LEVEL BEHAVIOR,2022-04-25 13:30:00,2022-04-25 13:30:44
2022-04-25 23:31:51,2022-04-25 23:33:18,WatchingTV/Movies,annotator,HIGH LEVEL BEHAVIOR,2022-04-25 13:30:46,2022-04-25 13:32:13
2022-04-25 23:33:22,2022-04-25 23:38:19,WatchingTV/Movies,annotator,HIGH LEVEL BEHAVIOR,2022-04-25 13:32:17,2022-04-25 13:37:14
2022-04-25 23:38:27,2022-04-25 23:38:58,WatchingTV/Movies,annotator,HIGH LEVEL BEHAVIOR,2022-04-25 13:37:22,2022-04-25 13:37:53
2022-04-25 23:38:59,2022-04-25 23:39:27,WatchingTV/Movies,annotator,HIGH LEVEL BEHAVIOR,2022-04-25 13:37:54,2022-04-25 13:38:22
2022-04-25 23:39:31,2022-04-25 23:48:38,WatchingTV/Movies,annotator,HIGH LEVEL BEHAVIOR,2022-04-25 13:38:26,2022-04-25 13:47:33
2022-04-25 23:48:42,2022-04-25 23:49:09,WatchingTV/Movies,annotator,HIGH LEVEL BEHAVIOR,2022-04-25 13:47:37,2022-04-25 13:48:04
2022-04-25 23:49:10,2022-04-25 23:51:55,WatchingTV/Movies,annotator,HIGH LEVEL BEHAVIOR,2022-04-25 13:48:05,2022-04-25 13:50:50
2022-04-25 23:51:58,2022-04-26 00:00:02,WatchingTV/Movies,annotator,HIGH LEVEL BEHAVIOR,2022-04-25 13:50:53,2022-04-25 13:58:57
2022-04-26 00:00:03,2022-04-26 00:00:26,WatchingTV/Movies,annotator,HIGH LEVEL BEHAVIOR,2022-04-25 13:58:58,2022-04-25 13:59:21
2022-04-26 00:00:54,2022-04-26 00:00:57,HLB_Unlabeled,annotator,HIGH LEVEL BEHAVIOR,2022-04-25 13:59:49,2022-04-25 13:59:52
2022-04-26 00:00:58,2022-04-26 00:01:00,HLB_Unlabeled,annotator,HIGH LEVEL BEHAVIOR,2022-04-25 13:59:53,2022-04-25 13:59:55
2022-04-26 00:01:01,2022-04-26 00:01:11,HLB_Unlabeled,annotator,HIGH LEVEL BEHAVIOR,2022-04-25 13:59:56,2022-04-25 14:00:06
