START_TIME,STOP_TIME,PREDICTION,SOURCE,LABELSET,VIDEO_START_TIME,VIDEO_END_TIME
2022-05-19 07:54:03,2022-05-19 07:57:05,CP_VideoUnavailable/Indecipherable,annotator,Behavioral Parameters,2022-05-19 00:00:03,2022-05-19 00:03:05
2022-05-19 07:57:08,2022-05-19 07:57:37,Located_Indoors,annotator,Behavioral Parameters,2022-05-19 00:03:08,2022-05-19 00:03:37
2022-05-19 07:57:39,2022-05-19 07:59:07,Located_Indoors,annotator,Behavioral Parameters,2022-05-19 00:03:39,2022-05-19 00:05:07
2022-05-19 07:59:08,2022-05-19 08:30:58,Located_Indoors, Handwriting,annotator,Behavioral Parameters,2022-05-19 00:05:08,2022-05-19 00:36:58
2022-05-19 08:31:04,2022-05-19 08:31:49,Located_Indoors,annotator,Behavioral Parameters,2022-05-19 00:37:04,2022-05-19 00:37:49
2022-05-19 08:31:51,2022-05-19 08:34:45,Located_Indoors, Texting/Browsing_Phone, Holding_Solid_Food,annotator,Behavioral Parameters,2022-05-19 00:37:51,2022-05-19 00:40:45
2022-05-19 08:34:49,2022-05-19 08:56:58,Located_Indoors, Handwriting,annotator,Behavioral Parameters,2022-05-19 00:40:49,2022-05-19 01:02:58
2022-05-19 08:57:02,2022-05-19 08:59:53,Located_Indoors, Texting/Browsing_Phone,annotator,Behavioral Parameters,2022-05-19 01:03:02,2022-05-19 01:05:53
2022-05-19 08:59:59,2022-05-19 09:02:51,Located_Indoors, Texting/Browsing_Phone,annotator,Behavioral Parameters,2022-05-19 01:05:59,2022-05-19 01:08:51
2022-05-19 09:02:53,2022-05-19 09:07:15,Located_Indoors,annotator,Behavioral Parameters,2022-05-19 01:08:53,2022-05-19 01:13:15
2022-05-19 09:07:26,2022-05-19 09:10:06,Located_Indoors, Texting/Browsing_Phone,annotator,Behavioral Parameters,2022-05-19 01:13:26,2022-05-19 01:16:06
2022-05-19 09:10:11,2022-05-19 09:33:53,Located_Indoors, Texting/Browsing_Phone, Handwriting,annotator,Behavioral Parameters,2022-05-19 01:16:11,2022-05-19 01:39:53
2022-05-19 09:33:56,2022-05-19 09:34:34,Located_Indoors,annotator,Behavioral Parameters,2022-05-19 01:39:56,2022-05-19 01:40:34
2022-05-19 09:34:43,2022-05-19 09:37:21,Located_Indoors,annotator,Behavioral Parameters,2022-05-19 01:40:43,2022-05-19 01:43:21
2022-05-19 09:37:24,2022-05-19 09:38:24,Located_Indoors,annotator,Behavioral Parameters,2022-05-19 01:43:24,2022-05-19 01:44:24
2022-05-19 09:38:27,2022-05-19 09:40:37,Located_Indoors, Texting/Browsing_Phone,annotator,Behavioral Parameters,2022-05-19 01:44:27,2022-05-19 01:46:37
2022-05-19 09:40:44,2022-05-19 09:42:03,Located_Indoors,annotator,Behavioral Parameters,2022-05-19 01:46:44,2022-05-19 01:48:03
2022-05-19 09:42:05,2022-05-19 09:42:26,Located_Indoors,annotator,Behavioral Parameters,2022-05-19 01:48:05,2022-05-19 01:48:26
2022-05-19 09:42:30,2022-05-19 09:42:48,Located_Indoors,annotator,Behavioral Parameters,2022-05-19 01:48:30,2022-05-19 01:48:48
2022-05-19 09:42:50,2022-05-19 09:47:13,Located_Outdoors,annotator,Behavioral Parameters,2022-05-19 01:48:50,2022-05-19 01:53:13
2022-05-19 09:47:15,2022-05-19 09:48:09,Located_Indoors,annotator,Behavioral Parameters,2022-05-19 01:53:15,2022-05-19 01:54:09
2022-05-19 09:48:10,2022-05-19 09:48:39,Located_Indoors,annotator,Behavioral Parameters,2022-05-19 01:54:10,2022-05-19 01:54:39
2022-05-19 09:48:39,2022-05-19 09:50:33,Located_Indoors,annotator,Behavioral Parameters,2022-05-19 01:54:39,2022-05-19 01:56:33
2022-05-19 09:50:42,2022-05-19 09:52:37,Located_Indoors,annotator,Behavioral Parameters,2022-05-19 01:56:42,2022-05-19 01:58:37
2022-05-19 09:52:44,2022-05-19 11:30:53,Located_Indoors, Handwriting, In_Conversation,annotator,Behavioral Parameters,2022-05-19 01:58:44,2022-05-19 03:36:53
2022-05-19 11:31:16,2022-05-19 11:31:45,Located_Indoors,annotator,Behavioral Parameters,2022-05-19 03:37:16,2022-05-19 03:37:45
2022-05-19 11:31:47,2022-05-19 11:32:07,Located_Indoors,annotator,Behavioral Parameters,2022-05-19 03:37:47,2022-05-19 03:38:07
2022-05-19 11:32:09,2022-05-19 11:33:01,Located_Indoors,annotator,Behavioral Parameters,2022-05-19 03:38:09,2022-05-19 03:39:01
2022-05-19 11:33:04,2022-05-19 11:35:06,CP_VideoUnavailable/Indecipherable,annotator,Behavioral Parameters,2022-05-19 03:39:04,2022-05-19 03:41:06
2022-05-19 11:35:12,2022-05-19 11:35:59,Located_Outdoors,annotator,Behavioral Parameters,2022-05-19 03:41:12,2022-05-19 03:41:59
2022-05-19 11:36:01,2022-05-19 11:38:46,Located_Indoors,annotator,Behavioral Parameters,2022-05-19 03:42:01,2022-05-19 03:44:46
2022-05-19 11:38:50,2022-05-19 11:42:15,Located_Indoors, Texting/Browsing_Phone,annotator,Behavioral Parameters,2022-05-19 03:44:50,2022-05-19 03:48:15
2022-05-19 11:42:30,2022-05-19 11:48:50,Holding_Other_Object_Light, Located_Outdoors,annotator,Behavioral Parameters,2022-05-19 03:48:30,2022-05-19 03:54:50
2022-05-19 11:48:52,2022-05-19 11:50:07,Located_Outdoors, Holding_Other_Object_Light, Texting/Browsing_Phone,annotator,Behavioral Parameters,2022-05-19 03:54:52,2022-05-19 03:56:07
2022-05-19 11:50:09,2022-05-19 11:50:56,Holding_Other_Object_Light, Texting/Browsing_Phone, Located_Indoors,annotator,Behavioral Parameters,2022-05-19 03:56:09,2022-05-19 03:56:56
2022-05-19 11:50:58,2022-05-19 11:52:41,Texting/Browsing_Phone, Located_Indoors,annotator,Behavioral Parameters,2022-05-19 03:56:58,2022-05-19 03:58:41
2022-05-19 11:52:43,2022-05-19 12:32:08,Texting/Browsing_Phone, Located_Indoors,annotator,Behavioral Parameters,2022-05-19 03:58:43,2022-05-19 04:38:08
2022-05-19 12:32:11,2022-05-19 12:42:52,CP_VideoUnavailable/Indecipherable,annotator,Behavioral Parameters,2022-05-19 04:38:11,2022-05-19 04:48:52
2022-05-19 12:42:54,2022-05-19 12:45:22,Located_Indoors, Texting/Browsing_Phone,annotator,Behavioral Parameters,2022-05-19 04:48:54,2022-05-19 04:51:22
2022-05-19 12:45:33,2022-05-19 12:47:06,Located_Indoors,annotator,Behavioral Parameters,2022-05-19 04:51:33,2022-05-19 04:53:06
2022-05-19 12:47:08,2022-05-19 12:48:40,CP_VideoUnavailable/Indecipherable,annotator,Behavioral Parameters,2022-05-19 04:53:08,2022-05-19 04:54:40
2022-05-19 12:48:45,2022-05-19 12:49:51,Located_Indoors,annotator,Behavioral Parameters,2022-05-19 04:54:45,2022-05-19 04:55:51
2022-05-19 12:49:55,2022-05-19 12:51:21,CP_VideoUnavailable/Indecipherable,annotator,Behavioral Parameters,2022-05-19 04:55:55,2022-05-19 04:57:21
2022-05-19 12:51:31,2022-05-19 12:53:32,Located_Indoors,annotator,Behavioral Parameters,2022-05-19 04:57:31,2022-05-19 04:59:32
2022-05-19 12:53:38,2022-05-19 12:53:57,Located_Indoors,annotator,Behavioral Parameters,2022-05-19 04:59:38,2022-05-19 04:59:57
2022-05-19 12:54:00,2022-05-19 12:55:03,Located_Indoors,annotator,Behavioral Parameters,2022-05-19 05:00:00,2022-05-19 05:01:03
2022-05-19 12:55:06,2022-05-19 12:55:25,Located_Indoors, Holding_Other_Object_Light,annotator,Behavioral Parameters,2022-05-19 05:01:06,2022-05-19 05:01:25
2022-05-19 12:55:27,2022-05-19 12:56:13,Located_Indoors, Holding_Other_Object_Light,annotator,Behavioral Parameters,2022-05-19 05:01:27,2022-05-19 05:02:13
2022-05-19 12:56:14,2022-05-19 12:57:19,Located_Outdoors,annotator,Behavioral Parameters,2022-05-19 05:02:14,2022-05-19 05:03:19
2022-05-19 12:57:21,2022-05-19 12:57:39,Located_Indoors,annotator,Behavioral Parameters,2022-05-19 05:03:21,2022-05-19 05:03:39
2022-05-19 12:57:39,2022-05-19 12:58:06,Located_Indoors, Texting/Browsing_Phone,annotator,Behavioral Parameters,2022-05-19 05:03:39,2022-05-19 05:04:06
2022-05-19 12:58:21,2022-05-19 12:58:49,Located_Indoors,annotator,Behavioral Parameters,2022-05-19 05:04:21,2022-05-19 05:04:49
2022-05-19 12:58:57,2022-05-19 13:06:10,Located_Indoors, In_Conversation,annotator,Behavioral Parameters,2022-05-19 05:04:57,2022-05-19 05:12:10
2022-05-19 13:06:12,2022-05-19 16:19:16,CP_VideoUnavailable/Indecipherable,annotator,Behavioral Parameters,2022-05-19 05:12:12,2022-05-19 08:25:16
2022-05-19 16:19:21,2022-05-19 16:22:45,Located_Indoors, In_Conversation, Texting/Browsing_Phone,annotator,Behavioral Parameters,2022-05-19 08:25:21,2022-05-19 08:28:45
2022-05-19 16:22:46,2022-05-19 16:23:40,Located_Indoors, Texting/Browsing_Phone,annotator,Behavioral Parameters,2022-05-19 08:28:46,2022-05-19 08:29:40
2022-05-19 16:23:41,2022-05-19 16:24:00,Located_Indoors, Texting/Browsing_Phone,annotator,Behavioral Parameters,2022-05-19 08:29:41,2022-05-19 08:30:00
2022-05-19 16:24:00,2022-05-19 16:24:15,Located_Indoors,annotator,Behavioral Parameters,2022-05-19 08:30:00,2022-05-19 08:30:15
2022-05-19 16:24:15,2022-05-19 16:24:49,Located_Outdoors,annotator,Behavioral Parameters,2022-05-19 08:30:15,2022-05-19 08:30:49
2022-05-19 16:24:50,2022-05-19 16:25:17,Located_Indoors,annotator,Behavioral Parameters,2022-05-19 08:30:50,2022-05-19 08:31:17
2022-05-19 16:25:17,2022-05-19 16:25:41,Located_Indoors,annotator,Behavioral Parameters,2022-05-19 08:31:17,2022-05-19 08:31:41
2022-05-19 16:25:41,2022-05-19 16:26:11,Located_Indoors,annotator,Behavioral Parameters,2022-05-19 08:31:41,2022-05-19 08:32:11
2022-05-19 16:26:11,2022-05-19 16:26:41,Located_Indoors,annotator,Behavioral Parameters,2022-05-19 08:32:11,2022-05-19 08:32:41
2022-05-19 16:26:41,2022-05-19 16:27:04,Located_Indoors,annotator,Behavioral Parameters,2022-05-19 08:32:41,2022-05-19 08:33:04
2022-05-19 16:27:04,2022-05-19 16:27:21,Located_Indoors, Holding_Other_Object_Light,annotator,Behavioral Parameters,2022-05-19 08:33:04,2022-05-19 08:33:21
2022-05-19 16:27:21,2022-05-19 16:27:38,Located_Indoors, Holding_Drink,annotator,Behavioral Parameters,2022-05-19 08:33:21,2022-05-19 08:33:38
2022-05-19 16:27:38,2022-05-19 16:27:53,Located_Indoors, Holding_Drink,annotator,Behavioral Parameters,2022-05-19 08:33:38,2022-05-19 08:33:53
2022-05-19 16:27:53,2022-05-19 16:28:14,Located_Indoors, Holding_Drink,annotator,Behavioral Parameters,2022-05-19 08:33:53,2022-05-19 08:34:14
2022-05-19 16:28:14,2022-05-19 16:43:29,Located_Indoors, Texting/Browsing_Phone,annotator,Behavioral Parameters,2022-05-19 08:34:14,2022-05-19 08:49:29
2022-05-19 16:43:29,2022-05-19 16:44:32,Located_Indoors,annotator,Behavioral Parameters,2022-05-19 08:49:29,2022-05-19 08:50:32
2022-05-19 16:44:32,2022-05-19 16:44:44,Located_Indoors,annotator,Behavioral Parameters,2022-05-19 08:50:32,2022-05-19 08:50:44
2022-05-19 16:44:44,2022-05-19 16:45:35,Located_Indoors,annotator,Behavioral Parameters,2022-05-19 08:50:44,2022-05-19 08:51:35
2022-05-19 16:44:44,2022-05-19 16:44:44,Located_Indoors,annotator,Behavioral Parameters,2022-05-19 08:50:44,2022-05-19 08:50:44
2022-05-19 16:45:35,2022-05-19 16:45:43,Located_Indoors,annotator,Behavioral Parameters,2022-05-19 08:51:35,2022-05-19 08:51:43
2022-05-19 16:45:43,2022-05-19 16:45:57,Located_Indoors, Holding_Other_Object_Light,annotator,Behavioral Parameters,2022-05-19 08:51:43,2022-05-19 08:51:57
2022-05-19 16:45:57,2022-05-19 16:47:08,Located_Indoors, Typing_Computer,annotator,Behavioral Parameters,2022-05-19 08:51:57,2022-05-19 08:53:08
2022-05-19 16:47:08,2022-05-19 16:54:40,Located_Indoors, Typing_Computer, Texting/Browsing_Phone, Holding_Other_Object_Light,annotator,Behavioral Parameters,2022-05-19 08:53:08,2022-05-19 09:00:40
2022-05-19 16:54:40,2022-05-19 16:58:19,Located_Indoors, Texting/Browsing_Phone, Holding_Other_Object_Light,annotator,Behavioral Parameters,2022-05-19 09:00:40,2022-05-19 09:04:19
2022-05-19 16:58:19,2022-05-19 17:00:44,Located_Indoors, Texting/Browsing_Phone, Holding_Other_Object_Light, Typing_Computer,annotator,Behavioral Parameters,2022-05-19 09:04:19,2022-05-19 09:06:44
2022-05-19 17:00:44,2022-05-19 17:08:46,Located_Indoors, Texting/Browsing_Phone, Holding_Other_Object_Light, Typing_Computer,annotator,Behavioral Parameters,2022-05-19 09:06:44,2022-05-19 09:14:46
2022-05-19 17:08:46,2022-05-19 17:11:28,Located_Indoors, Texting/Browsing_Phone, Holding_Other_Object_Light, Typing_Computer, Handwriting,annotator,Behavioral Parameters,2022-05-19 09:14:46,2022-05-19 09:17:28
2022-05-19 17:11:28,2022-05-19 17:31:03,Located_Indoors, Texting/Browsing_Phone,annotator,Behavioral Parameters,2022-05-19 09:17:28,2022-05-19 09:37:03
2022-05-19 17:31:03,2022-05-19 17:44:51,Located_Indoors, Texting/Browsing_Phone,annotator,Behavioral Parameters,2022-05-19 09:37:03,2022-05-19 09:50:51
2022-05-19 17:44:51,2022-05-19 17:46:42,Located_Indoors, Typing_Computer,annotator,Behavioral Parameters,2022-05-19 09:50:51,2022-05-19 09:52:42
2022-05-19 17:46:42,2022-05-19 17:47:25,Located_Indoors, Texting/Browsing_Phone,annotator,Behavioral Parameters,2022-05-19 09:52:42,2022-05-19 09:53:25
2022-05-19 17:47:25,2022-05-19 17:48:08,Located_Indoors, Holding_Drink,annotator,Behavioral Parameters,2022-05-19 09:53:25,2022-05-19 09:54:08
2022-05-19 17:48:08,2022-05-19 17:48:20,Located_Indoors,annotator,Behavioral Parameters,2022-05-19 09:54:08,2022-05-19 09:54:20
2022-05-19 17:48:20,2022-05-19 17:49:01,Located_Indoors, Holding_Other_Object_Light,annotator,Behavioral Parameters,2022-05-19 09:54:20,2022-05-19 09:55:01
2022-05-19 17:49:01,2022-05-19 17:49:23,Located_Indoors, Holding_Drink,annotator,Behavioral Parameters,2022-05-19 09:55:01,2022-05-19 09:55:23
2022-05-19 17:49:23,2022-05-19 17:50:06,Located_Indoors, Texting/Browsing_Phone,annotator,Behavioral Parameters,2022-05-19 09:55:23,2022-05-19 09:56:06
2022-05-19 17:50:06,2022-05-19 17:50:53,Located_Indoors, Holding_Other_Object_Light,annotator,Behavioral Parameters,2022-05-19 09:56:06,2022-05-19 09:56:53
2022-05-19 17:50:53,2022-05-19 17:51:38,Located_Indoors, Holding_Other_Object_Light,annotator,Behavioral Parameters,2022-05-19 09:56:53,2022-05-19 09:57:38
2022-05-19 17:51:38,2022-05-19 17:51:52,Located_Indoors,annotator,Behavioral Parameters,2022-05-19 09:57:38,2022-05-19 09:57:52
2022-05-19 17:51:52,2022-05-19 17:52:46,Located_Indoors, Holding_Solid_Food,annotator,Behavioral Parameters,2022-05-19 09:57:52,2022-05-19 09:58:46
2022-05-19 17:52:46,2022-05-19 17:53:15,Located_Indoors, Holding_Solid_Food,annotator,Behavioral Parameters,2022-05-19 09:58:46,2022-05-19 09:59:15
2022-05-19 17:53:15,2022-05-19 17:53:23,Located_Indoors, Holding_Solid_Food,annotator,Behavioral Parameters,2022-05-19 09:59:15,2022-05-19 09:59:23
2022-05-19 17:53:23,2022-05-19 17:53:33,Located_Indoors, Holding_Solid_Food,annotator,Behavioral Parameters,2022-05-19 09:59:23,2022-05-19 09:59:33
2022-05-19 17:53:33,2022-05-19 17:53:50,Located_Indoors, Holding_Solid_Food,annotator,Behavioral Parameters,2022-05-19 09:59:33,2022-05-19 09:59:50
2022-05-19 17:53:50,2022-05-19 17:55:15,Located_Indoors, Texting/Browsing_Phone,annotator,Behavioral Parameters,2022-05-19 09:59:50,2022-05-19 10:01:15
2022-05-19 17:55:15,2022-05-19 17:55:28,Located_Indoors, Texting/Browsing_Phone,annotator,Behavioral Parameters,2022-05-19 10:01:15,2022-05-19 10:01:28
2022-05-19 17:55:28,2022-05-19 17:55:45,Located_Indoors, Texting/Browsing_Phone,annotator,Behavioral Parameters,2022-05-19 10:01:28,2022-05-19 10:01:45
2022-05-19 17:55:45,2022-05-19 17:57:06,Located_Indoors, Texting/Browsing_Phone,annotator,Behavioral Parameters,2022-05-19 10:01:45,2022-05-19 10:03:06
2022-05-19 17:57:06,2022-05-19 17:59:04,Located_Indoors,annotator,Behavioral Parameters,2022-05-19 10:03:06,2022-05-19 10:05:04
2022-05-19 17:59:04,2022-05-19 17:59:51,Located_Indoors, Texting/Browsing_Phone,annotator,Behavioral Parameters,2022-05-19 10:05:04,2022-05-19 10:05:51
2022-05-19 17:59:51,2022-05-19 18:00:11,Located_Indoors,annotator,Behavioral Parameters,2022-05-19 10:05:51,2022-05-19 10:06:11
2022-05-19 18:00:11,2022-05-19 18:01:01,Located_Outdoors,annotator,Behavioral Parameters,2022-05-19 10:06:11,2022-05-19 10:07:01
2022-05-19 18:01:01,2022-05-19 18:01:08,Located_Indoors,annotator,Behavioral Parameters,2022-05-19 10:07:01,2022-05-19 10:07:08
2022-05-19 18:01:08,2022-05-19 18:01:32,Located_Indoors, Holding_Other_Object_Light,annotator,Behavioral Parameters,2022-05-19 10:07:08,2022-05-19 10:07:32
2022-05-19 18:01:32,2022-05-19 18:01:47,Located_Indoors, Holding_Other_Object_Light,annotator,Behavioral Parameters,2022-05-19 10:07:32,2022-05-19 10:07:47
2022-05-19 18:01:47,2022-05-19 18:02:23,Located_Indoors, Holding_Other_Object_Light,annotator,Behavioral Parameters,2022-05-19 10:07:47,2022-05-19 10:08:23
2022-05-19 18:02:23,2022-05-19 18:02:30,Located_Indoors, Holding_Other_Object_Light,annotator,Behavioral Parameters,2022-05-19 10:08:23,2022-05-19 10:08:30
2022-05-19 18:02:30,2022-05-19 18:03:35,Located_Indoors, Holding_Other_Object_Light,annotator,Behavioral Parameters,2022-05-19 10:08:30,2022-05-19 10:09:35
2022-05-19 18:03:35,2022-05-19 18:05:34,Located_Indoors, Holding_Other_Object_Light,annotator,Behavioral Parameters,2022-05-19 10:09:35,2022-05-19 10:11:34
2022-05-19 18:05:34,2022-05-19 18:05:39,Located_Indoors, Carrying_Grocery_Bags_Light,annotator,Behavioral Parameters,2022-05-19 10:11:34,2022-05-19 10:11:39
2022-05-19 18:05:39,2022-05-19 18:06:31,Carrying_Grocery_Bags_Light, Located_Outdoors,annotator,Behavioral Parameters,2022-05-19 10:11:39,2022-05-19 10:12:31
2022-05-19 18:06:31,2022-05-19 18:06:56,Carrying_Grocery_Bags_Light, Located_Indoors,annotator,Behavioral Parameters,2022-05-19 10:12:31,2022-05-19 10:12:56
2022-05-19 18:06:56,2022-05-19 18:07:23,Carrying_Grocery_Bags_Light, Located_Indoors,annotator,Behavioral Parameters,2022-05-19 10:12:56,2022-05-19 10:13:23
2022-05-19 18:07:23,2022-05-19 18:07:43,Carrying_Grocery_Bags_Light, Located_Indoors,annotator,Behavioral Parameters,2022-05-19 10:13:23,2022-05-19 10:13:43
2022-05-19 18:07:43,2022-05-19 18:07:57,Located_Indoors, Holding_Other_Object_Light,annotator,Behavioral Parameters,2022-05-19 10:13:43,2022-05-19 10:13:57
2022-05-19 18:07:57,2022-05-19 18:08:31,Located_Indoors, Holding_Other_Object_Light,annotator,Behavioral Parameters,2022-05-19 10:13:57,2022-05-19 10:14:31
2022-05-19 18:08:31,2022-05-19 18:09:09,Located_Indoors, Holding_Other_Object_Light,annotator,Behavioral Parameters,2022-05-19 10:14:31,2022-05-19 10:15:09
2022-05-19 18:09:09,2022-05-19 18:10:50,Located_Indoors, Holding_Other_Object_Light,annotator,Behavioral Parameters,2022-05-19 10:15:09,2022-05-19 10:16:50
2022-05-19 18:10:50,2022-05-19 18:11:10,Located_Indoors, Holding_Other_Object_Light,annotator,Behavioral Parameters,2022-05-19 10:16:50,2022-05-19 10:17:10
2022-05-19 18:11:10,2022-05-19 18:11:45,Located_Indoors, Holding_Other_Object_Light,annotator,Behavioral Parameters,2022-05-19 10:17:10,2022-05-19 10:17:45
2022-05-19 18:11:45,2022-05-19 18:12:52,Located_Indoors, Holding_Other_Object_Light,annotator,Behavioral Parameters,2022-05-19 10:17:45,2022-05-19 10:18:52
2022-05-19 18:12:52,2022-05-19 18:13:05,Located_Indoors, Holding_Other_Object_Light,annotator,Behavioral Parameters,2022-05-19 10:18:52,2022-05-19 10:19:05
2022-05-19 18:13:05,2022-05-19 18:13:22,Located_Indoors, Holding_Other_Object_Light,annotator,Behavioral Parameters,2022-05-19 10:19:05,2022-05-19 10:19:22
2022-05-19 18:13:22,2022-05-19 18:17:45,Located_Indoors, Holding_Other_Object_Light,annotator,Behavioral Parameters,2022-05-19 10:19:22,2022-05-19 10:23:45
2022-05-19 18:17:45,2022-05-19 18:21:46,Located_Indoors, Holding_Other_Object_Light,annotator,Behavioral Parameters,2022-05-19 10:23:45,2022-05-19 10:27:46
2022-05-19 18:21:46,2022-05-19 18:22:56,Located_Indoors,annotator,Behavioral Parameters,2022-05-19 10:27:46,2022-05-19 10:28:56
2022-05-19 18:22:56,2022-05-19 18:23:30,Located_Indoors, Holding_Other_Object_Light,annotator,Behavioral Parameters,2022-05-19 10:28:56,2022-05-19 10:29:30
2022-05-19 18:23:30,2022-05-19 18:24:16,Located_Indoors, Holding_Other_Object_Light,annotator,Behavioral Parameters,2022-05-19 10:29:30,2022-05-19 10:30:16
2022-05-19 18:24:16,2022-05-19 18:24:49,Located_Indoors, Holding_Other_Object_Light,annotator,Behavioral Parameters,2022-05-19 10:30:16,2022-05-19 10:30:49
2022-05-19 18:24:49,2022-05-19 18:25:18,Located_Indoors, Holding_Other_Object_Light,annotator,Behavioral Parameters,2022-05-19 10:30:49,2022-05-19 10:31:18
2022-05-19 18:25:18,2022-05-19 18:31:24,Located_Indoors, Holding_Other_Object_Light, Texting/Browsing_Phone,annotator,Behavioral Parameters,2022-05-19 10:31:18,2022-05-19 10:37:24
2022-05-19 18:31:24,2022-05-19 19:07:14,Located_Indoors, Texting/Browsing_Phone,annotator,Behavioral Parameters,2022-05-19 10:37:24,2022-05-19 11:13:14
2022-05-19 19:07:14,2022-05-19 19:07:23,Located_Indoors,annotator,Behavioral Parameters,2022-05-19 11:13:14,2022-05-19 11:13:23
2022-05-19 19:07:23,2022-05-19 19:07:47,Located_Indoors,annotator,Behavioral Parameters,2022-05-19 11:13:23,2022-05-19 11:13:47
2022-05-19 19:07:47,2022-05-19 19:08:07,Located_Indoors, Texting/Browsing_Phone,annotator,Behavioral Parameters,2022-05-19 11:13:47,2022-05-19 11:14:07
2022-05-19 19:08:07,2022-05-19 19:10:40,Located_Indoors, Typing_Computer,annotator,Behavioral Parameters,2022-05-19 11:14:07,2022-05-19 11:16:40
2022-05-19 19:10:40,2022-05-19 19:25:30,Located_Indoors, Typing_Computer,annotator,Behavioral Parameters,2022-05-19 11:16:40,2022-05-19 11:31:30
2022-05-19 19:25:30,2022-05-19 19:27:17,Located_Indoors,annotator,Behavioral Parameters,2022-05-19 11:31:30,2022-05-19 11:33:17
2022-05-19 19:27:17,2022-05-19 19:54:33,Located_Indoors, Typing_Computer,annotator,Behavioral Parameters,2022-05-19 11:33:17,2022-05-19 12:00:33
2022-05-19 19:54:33,2022-05-19 20:08:42,Located_Indoors, Texting/Browsing_Phone,annotator,Behavioral Parameters,2022-05-19 12:00:33,2022-05-19 12:14:42
2022-05-19 20:08:42,2022-05-19 20:10:17,Located_Indoors, Texting/Browsing_Phone, Typing_Computer,annotator,Behavioral Parameters,2022-05-19 12:14:42,2022-05-19 12:16:17
2022-05-19 20:10:17,2022-05-19 20:10:29,Located_Indoors, Holding_Other_Object_Light,annotator,Behavioral Parameters,2022-05-19 12:16:17,2022-05-19 12:16:29
2022-05-19 20:10:29,2022-05-19 20:10:55,Located_Indoors,annotator,Behavioral Parameters,2022-05-19 12:16:29,2022-05-19 12:16:55
2022-05-19 20:10:55,2022-05-19 20:11:03,Located_Indoors,annotator,Behavioral Parameters,2022-05-19 12:16:55,2022-05-19 12:17:03
2022-05-19 20:11:03,2022-05-19 20:11:21,Located_Indoors,annotator,Behavioral Parameters,2022-05-19 12:17:03,2022-05-19 12:17:21
2022-05-19 20:11:25,2022-05-19 20:43:42,Located_Indoors, In_Conversation, Holding_Other_Object_Light,annotator,Behavioral Parameters,2022-05-19 12:17:25,2022-05-19 12:49:42
2022-05-19 20:11:42,2022-05-19 20:11:42,Located_Indoors,annotator,Behavioral Parameters,2022-05-19 12:17:42,2022-05-19 12:17:42
2022-05-19 20:43:42,2022-05-19 20:43:42,Located_Indoors, In_Conversation, Holding_Other_Object_Light,annotator,Behavioral Parameters,2022-05-19 12:49:42,2022-05-19 12:49:42
2022-05-19 20:43:43,2022-05-19 20:44:00,Located_Indoors,annotator,Behavioral Parameters,2022-05-19 12:49:43,2022-05-19 12:50:00
2022-05-19 20:44:00,2022-05-19 20:44:07,Located_Indoors,annotator,Behavioral Parameters,2022-05-19 12:50:00,2022-05-19 12:50:07
2022-05-19 20:44:07,2022-05-19 20:44:37,Located_Indoors, Texting/Browsing_Phone,annotator,Behavioral Parameters,2022-05-19 12:50:07,2022-05-19 12:50:37
2022-05-19 20:44:37,2022-05-19 20:46:11,Located_Indoors, Texting/Browsing_Phone,annotator,Behavioral Parameters,2022-05-19 12:50:37,2022-05-19 12:52:11
2022-05-19 20:46:11,2022-05-19 20:46:42,Located_Indoors,annotator,Behavioral Parameters,2022-05-19 12:52:11,2022-05-19 12:52:42
2022-05-19 20:46:42,2022-05-19 20:46:53,Located_Indoors,annotator,Behavioral Parameters,2022-05-19 12:52:42,2022-05-19 12:52:53
2022-05-19 20:46:53,2022-05-19 20:47:05,Located_Indoors,annotator,Behavioral Parameters,2022-05-19 12:52:53,2022-05-19 12:53:05
2022-05-19 20:47:05,2022-05-19 20:47:19,Located_Indoors,annotator,Behavioral Parameters,2022-05-19 12:53:05,2022-05-19 12:53:19
2022-05-19 20:47:19,2022-05-19 20:50:40,Located_Indoors, Holding_Other_Object_Light,annotator,Behavioral Parameters,2022-05-19 12:53:19,2022-05-19 12:56:40
2022-05-19 20:50:40,2022-05-19 20:52:58,Located_Indoors, Holding_Other_Object_Light,annotator,Behavioral Parameters,2022-05-19 12:56:40,2022-05-19 12:58:58
2022-05-19 20:52:58,2022-05-19 20:59:49,Located_Indoors, Holding_Other_Object_Light, Texting/Browsing_Phone,annotator,Behavioral Parameters,2022-05-19 12:58:58,2022-05-19 13:05:49
2022-05-19 20:59:49,2022-05-19 21:02:29,Located_Indoors, Texting/Browsing_Phone, Holding_Other_Object_Light,annotator,Behavioral Parameters,2022-05-19 13:05:49,2022-05-19 13:08:29
2022-05-19 21:02:29,2022-05-19 21:05:25,Located_Indoors, Texting/Browsing_Phone, Holding_Other_Object_Light, In_Conversation,annotator,Behavioral Parameters,2022-05-19 13:08:29,2022-05-19 13:11:25
2022-05-19 21:05:25,2022-05-19 21:07:16,Located_Indoors, Texting/Browsing_Phone, Holding_Other_Object_Light,annotator,Behavioral Parameters,2022-05-19 13:11:25,2022-05-19 13:13:16
2022-05-19 21:07:16,2022-05-19 21:07:33,Located_Indoors, Holding_Other_Object_Light,annotator,Behavioral Parameters,2022-05-19 13:13:16,2022-05-19 13:13:33
2022-05-19 21:07:33,2022-05-19 21:09:10,Located_Indoors, Holding_Other_Object_Light,annotator,Behavioral Parameters,2022-05-19 13:13:33,2022-05-19 13:15:10
2022-05-19 21:09:10,2022-05-19 21:12:21,Located_Indoors, Holding_Other_Object_Light,annotator,Behavioral Parameters,2022-05-19 13:15:10,2022-05-19 13:18:21
2022-05-19 21:12:21,2022-05-19 21:12:36,Located_Indoors, Holding_Other_Object_Light,annotator,Behavioral Parameters,2022-05-19 13:18:21,2022-05-19 13:18:36
2022-05-19 21:12:36,2022-05-19 21:14:29,Located_Indoors, Holding_Other_Object_Light, Typing_Computer,annotator,Behavioral Parameters,2022-05-19 13:18:36,2022-05-19 13:20:29
2022-05-19 21:14:29,2022-05-19 21:17:27,Located_Indoors, Holding_Other_Object_Light, Typing_Computer,annotator,Behavioral Parameters,2022-05-19 13:20:29,2022-05-19 13:23:27
2022-05-19 21:17:27,2022-05-19 21:17:41,Located_Indoors,annotator,Behavioral Parameters,2022-05-19 13:23:27,2022-05-19 13:23:41
2022-05-19 21:17:41,2022-05-19 21:18:52,Located_Indoors, Holding_Other_Object_Light,annotator,Behavioral Parameters,2022-05-19 13:23:41,2022-05-19 13:24:52
2022-05-19 21:18:52,2022-05-19 21:19:12,Located_Indoors, Holding_Other_Object_Light,annotator,Behavioral Parameters,2022-05-19 13:24:52,2022-05-19 13:25:12
2022-05-19 21:19:12,2022-05-19 21:23:50,Located_Indoors, Holding_Solid_Food, Texting/Browsing_Phone,annotator,Behavioral Parameters,2022-05-19 13:25:12,2022-05-19 13:29:50
2022-05-19 21:23:50,2022-05-19 21:47:13,Located_Indoors, Texting/Browsing_Phone, Typing_Computer, Handwriting,annotator,Behavioral Parameters,2022-05-19 13:29:50,2022-05-19 13:53:13
2022-05-19 21:47:13,2022-05-19 21:48:05,Located_Indoors, Holding_Other_Object_Light, Texting/Browsing_Phone,annotator,Behavioral Parameters,2022-05-19 13:53:13,2022-05-19 13:54:05
2022-05-19 21:48:05,2022-05-19 21:48:23,Located_Indoors, Texting/Browsing_Phone,annotator,Behavioral Parameters,2022-05-19 13:54:05,2022-05-19 13:54:23
2022-05-19 21:48:23,2022-05-19 21:52:44,Located_Indoors, Texting/Browsing_Phone,annotator,Behavioral Parameters,2022-05-19 13:54:23,2022-05-19 13:58:44
2022-05-19 21:52:44,2022-05-19 22:11:05,Located_Indoors, Texting/Browsing_Phone, Typing_Computer,annotator,Behavioral Parameters,2022-05-19 13:58:44,2022-05-19 14:17:05
2022-05-19 22:11:05,2022-05-19 22:11:09,Located_Indoors,annotator,Behavioral Parameters,2022-05-19 14:17:05,2022-05-19 14:17:09
2022-05-19 22:11:09,2022-05-19 22:11:42,Located_Indoors,annotator,Behavioral Parameters,2022-05-19 14:17:09,2022-05-19 14:17:42
2022-05-19 22:11:52,2022-05-19 22:29:40,Typing_Computer, Texting/Browsing_Phone,annotator,Behavioral Parameters,2022-05-19 14:17:52,2022-05-19 14:35:40
2022-05-19 22:29:40,2022-05-19 22:29:46,Texting/Browsing_Phone, Located_Indoors,annotator,Behavioral Parameters,2022-05-19 14:35:40,2022-05-19 14:35:46
2022-05-19 22:29:46,2022-05-19 22:30:14,Texting/Browsing_Phone, Located_Indoors,annotator,Behavioral Parameters,2022-05-19 14:35:46,2022-05-19 14:36:14
2022-05-19 22:30:14,2022-05-19 22:30:26,Texting/Browsing_Phone, Located_Indoors,annotator,Behavioral Parameters,2022-05-19 14:36:14,2022-05-19 14:36:26
2022-05-19 22:30:26,2022-05-19 22:31:36,Texting/Browsing_Phone, Located_Indoors,annotator,Behavioral Parameters,2022-05-19 14:36:26,2022-05-19 14:37:36
2022-05-19 22:31:36,2022-05-19 22:32:26,Texting/Browsing_Phone, Located_Indoors, In_Conversation,annotator,Behavioral Parameters,2022-05-19 14:37:36,2022-05-19 14:38:26
2022-05-19 22:32:26,2022-05-19 22:32:36,Texting/Browsing_Phone, Located_Indoors, In_Conversation,annotator,Behavioral Parameters,2022-05-19 14:38:26,2022-05-19 14:38:36
2022-05-19 22:32:36,2022-05-19 22:33:55,Texting/Browsing_Phone, Located_Indoors,annotator,Behavioral Parameters,2022-05-19 14:38:36,2022-05-19 14:39:55
2022-05-19 22:33:55,2022-05-19 22:34:13,Texting/Browsing_Phone, Located_Indoors,annotator,Behavioral Parameters,2022-05-19 14:39:55,2022-05-19 14:40:13
2022-05-19 22:34:13,2022-05-19 22:34:39,Texting/Browsing_Phone, Located_Indoors,annotator,Behavioral Parameters,2022-05-19 14:40:13,2022-05-19 14:40:39
2022-05-19 22:34:39,2022-05-19 22:34:53,Located_Indoors,annotator,Behavioral Parameters,2022-05-19 14:40:39,2022-05-19 14:40:53
2022-05-19 22:34:53,2022-05-19 22:35:01,Located_Indoors,annotator,Behavioral Parameters,2022-05-19 14:40:53,2022-05-19 14:41:01
2022-05-19 22:35:01,2022-05-19 22:35:33,Located_Indoors, Texting/Browsing_Phone,annotator,Behavioral Parameters,2022-05-19 14:41:01,2022-05-19 14:41:33
2022-05-19 22:35:33,2022-05-19 22:39:30,Located_Indoors, Texting/Browsing_Phone,annotator,Behavioral Parameters,2022-05-19 14:41:33,2022-05-19 14:45:30
2022-05-19 22:39:30,2022-05-19 22:40:08,Located_Indoors, Texting/Browsing_Phone,annotator,Behavioral Parameters,2022-05-19 14:45:30,2022-05-19 14:46:08
2022-05-19 22:40:08,2022-05-19 22:40:59,Located_Indoors, In_Conversation,annotator,Behavioral Parameters,2022-05-19 14:46:08,2022-05-19 14:46:59
2022-05-19 22:40:59,2022-05-19 22:41:29,Located_Indoors, In_Conversation, Texting/Browsing_Phone,annotator,Behavioral Parameters,2022-05-19 14:46:59,2022-05-19 14:47:29
2022-05-19 22:41:29,2022-05-19 22:41:33,Located_Indoors,annotator,Behavioral Parameters,2022-05-19 14:47:29,2022-05-19 14:47:33
2022-05-19 22:41:33,2022-05-19 22:41:47,Located_Indoors, Holding_Other_Object_Light,annotator,Behavioral Parameters,2022-05-19 14:47:33,2022-05-19 14:47:47
2022-05-19 22:41:47,2022-05-19 22:43:21,Located_Indoors, Texting/Browsing_Phone,annotator,Behavioral Parameters,2022-05-19 14:47:47,2022-05-19 14:49:21
2022-05-19 22:43:21,2022-05-19 22:43:46,Located_Indoors, Texting/Browsing_Phone,annotator,Behavioral Parameters,2022-05-19 14:49:21,2022-05-19 14:49:46
2022-05-19 22:43:46,2022-05-19 22:47:19,Located_Indoors, Texting/Browsing_Phone,annotator,Behavioral Parameters,2022-05-19 14:49:46,2022-05-19 14:53:19
2022-05-19 22:47:19,2022-05-19 23:00:52,Located_Indoors, Texting/Browsing_Phone,annotator,Behavioral Parameters,2022-05-19 14:53:19,2022-05-19 15:06:52
2022-05-19 23:00:52,2022-05-19 23:02:05,Located_Indoors, Holding_Other_Object_Light,annotator,Behavioral Parameters,2022-05-19 15:06:52,2022-05-19 15:08:05
2022-05-19 23:02:05,2022-05-19 23:03:42,Located_Indoors,annotator,Behavioral Parameters,2022-05-19 15:08:05,2022-05-19 15:09:42
2022-05-19 23:03:42,2022-05-19 23:03:49,Located_Indoors,annotator,Behavioral Parameters,2022-05-19 15:09:42,2022-05-19 15:09:49
2022-05-19 23:03:49,2022-05-19 23:03:59,Located_Indoors, Holding_Drink,annotator,Behavioral Parameters,2022-05-19 15:09:49,2022-05-19 15:09:59
2022-05-19 23:03:59,2022-05-19 23:04:21,Located_Indoors,annotator,Behavioral Parameters,2022-05-19 15:09:59,2022-05-19 15:10:21
2022-05-19 23:04:21,2022-05-19 23:04:36,Located_Indoors,annotator,Behavioral Parameters,2022-05-19 15:10:21,2022-05-19 15:10:36
2022-05-19 23:04:36,2022-05-19 23:05:20,Located_Indoors,annotator,Behavioral Parameters,2022-05-19 15:10:36,2022-05-19 15:11:20
2022-05-19 23:05:20,2022-05-19 23:05:47,Located_Indoors,annotator,Behavioral Parameters,2022-05-19 15:11:20,2022-05-19 15:11:47
2022-05-19 23:05:48,2022-05-19 23:05:57,Located_Indoors,annotator,Behavioral Parameters,2022-05-19 15:11:48,2022-05-19 15:11:57
2022-05-19 23:05:57,2022-05-19 23:06:32,Located_Indoors, Holding_Other_Object_Light,annotator,Behavioral Parameters,2022-05-19 15:11:57,2022-05-19 15:12:32
2022-05-19 23:06:32,2022-05-19 23:06:43,Located_Indoors,annotator,Behavioral Parameters,2022-05-19 15:12:32,2022-05-19 15:12:43
2022-05-19 23:06:43,2022-05-19 23:06:52,Located_Indoors,annotator,Behavioral Parameters,2022-05-19 15:12:43,2022-05-19 15:12:52
2022-05-19 23:06:52,2022-05-19 23:07:14,Located_Indoors,annotator,Behavioral Parameters,2022-05-19 15:12:52,2022-05-19 15:13:14
2022-05-19 23:07:14,2022-05-19 23:07:41,Located_Indoors, Texting/Browsing_Phone,annotator,Behavioral Parameters,2022-05-19 15:13:14,2022-05-19 15:13:41
2022-05-19 23:07:41,2022-05-19 23:07:52,Located_Indoors, Texting/Browsing_Phone,annotator,Behavioral Parameters,2022-05-19 15:13:41,2022-05-19 15:13:52
2022-05-19 23:07:52,2022-05-19 23:08:26,Located_Indoors, Texting/Browsing_Phone,annotator,Behavioral Parameters,2022-05-19 15:13:52,2022-05-19 15:14:26
2022-05-19 23:08:26,2022-05-19 23:08:44,Located_Indoors,annotator,Behavioral Parameters,2022-05-19 15:14:26,2022-05-19 15:14:44
2022-05-19 23:08:44,2022-05-19 23:14:44,Located_Outdoors,annotator,Behavioral Parameters,2022-05-19 15:14:44,2022-05-19 15:20:44
2022-05-19 23:14:44,2022-05-19 23:15:07,Located_Outdoors, Texting/Browsing_Phone,annotator,Behavioral Parameters,2022-05-19 15:20:44,2022-05-19 15:21:07
2022-05-19 23:15:07,2022-05-19 23:16:02,Located_Outdoors, Texting/Browsing_Phone,annotator,Behavioral Parameters,2022-05-19 15:21:07,2022-05-19 15:22:02
2022-05-19 23:16:02,2022-05-19 23:16:09,Located_Outdoors, Texting/Browsing_Phone, In_Conversation,annotator,Behavioral Parameters,2022-05-19 15:22:02,2022-05-19 15:22:09
2022-05-19 23:16:09,2022-05-19 23:16:19,Located_Outdoors, In_Conversation,annotator,Behavioral Parameters,2022-05-19 15:22:09,2022-05-19 15:22:19
2022-05-19 23:16:19,2022-05-19 23:16:58,Located_Outdoors, In_Conversation,annotator,Behavioral Parameters,2022-05-19 15:22:19,2022-05-19 15:22:58
2022-05-19 23:16:58,2022-05-19 23:17:11,In_Conversation, Located_Indoors,annotator,Behavioral Parameters,2022-05-19 15:22:58,2022-05-19 15:23:11
2022-05-19 23:17:11,2022-05-19 23:17:24,In_Conversation, Located_Indoors,annotator,Behavioral Parameters,2022-05-19 15:23:11,2022-05-19 15:23:24
2022-05-19 23:17:24,2022-05-19 23:18:02,In_Conversation, Located_Indoors,annotator,Behavioral Parameters,2022-05-19 15:23:24,2022-05-19 15:24:02
2022-05-19 23:18:02,2022-05-19 23:18:46,In_Conversation, Located_Indoors,annotator,Behavioral Parameters,2022-05-19 15:24:02,2022-05-19 15:24:46
2022-05-19 23:18:46,2022-05-19 23:19:40,In_Conversation, Located_Indoors, Holding_Other_Object_Light,annotator,Behavioral Parameters,2022-05-19 15:24:46,2022-05-19 15:25:40
2022-05-19 23:19:40,2022-05-19 23:31:45,In_Conversation, Located_Indoors, Holding_Other_Object_Light,annotator,Behavioral Parameters,2022-05-19 15:25:40,2022-05-19 15:37:45
2022-05-19 23:31:45,2022-05-19 23:32:13,In_Conversation, Located_Indoors,annotator,Behavioral Parameters,2022-05-19 15:37:45,2022-05-19 15:38:13
2022-05-19 23:32:13,2022-05-19 23:32:57,In_Conversation, Located_Indoors,annotator,Behavioral Parameters,2022-05-19 15:38:13,2022-05-19 15:38:57
2022-05-19 23:32:57,2022-05-19 23:44:42,In_Conversation, Located_Indoors,annotator,Behavioral Parameters,2022-05-19 15:38:57,2022-05-19 15:50:42
2022-05-19 23:44:42,2022-05-19 23:45:15,In_Conversation, Located_Indoors, Browsing_Computer,annotator,Behavioral Parameters,2022-05-19 15:50:42,2022-05-19 15:51:15
2022-05-19 23:45:15,2022-05-19 23:45:23,In_Conversation, Located_Indoors,annotator,Behavioral Parameters,2022-05-19 15:51:15,2022-05-19 15:51:23
2022-05-19 23:45:23,2022-05-19 23:45:31,In_Conversation, Located_Indoors,annotator,Behavioral Parameters,2022-05-19 15:51:23,2022-05-19 15:51:31
2022-05-19 23:45:31,2022-05-19 23:46:35,In_Conversation, Located_Indoors,annotator,Behavioral Parameters,2022-05-19 15:51:31,2022-05-19 15:52:35
2022-05-19 23:46:35,2022-05-19 23:47:22,In_Conversation, Located_Indoors,annotator,Behavioral Parameters,2022-05-19 15:52:35,2022-05-19 15:53:22
2022-05-19 23:47:22,2022-05-19 23:47:32,In_Conversation, Located_Indoors,annotator,Behavioral Parameters,2022-05-19 15:53:22,2022-05-19 15:53:32
2022-05-19 23:47:32,2022-05-19 23:48:08,In_Conversation, Located_Indoors, Holding_Drink,annotator,Behavioral Parameters,2022-05-19 15:53:32,2022-05-19 15:54:08
2022-05-19 23:48:08,2022-05-19 23:48:41,In_Conversation, Located_Indoors, Holding_Other_Object_Light,annotator,Behavioral Parameters,2022-05-19 15:54:08,2022-05-19 15:54:41
2022-05-19 23:48:41,2022-05-19 23:51:58,In_Conversation, Located_Indoors, Typing_Computer,annotator,Behavioral Parameters,2022-05-19 15:54:41,2022-05-19 15:57:58
2022-05-19 23:51:58,2022-05-19 23:57:37,In_Conversation, Located_Indoors,annotator,Behavioral Parameters,2022-05-19 15:57:58,2022-05-19 16:03:37
2022-05-19 23:57:37,2022-05-20 00:06:30,In_Conversation, Located_Indoors,annotator,Behavioral Parameters,2022-05-19 16:03:37,2022-05-19 16:12:30
2022-05-20 00:06:30,2022-05-20 00:07:38,In_Conversation, Located_Indoors, Handwriting,annotator,Behavioral Parameters,2022-05-19 16:12:30,2022-05-19 16:13:38
2022-05-20 00:07:38,2022-05-20 00:25:51,In_Conversation, Located_Indoors, Holding_Drink,annotator,Behavioral Parameters,2022-05-19 16:13:38,2022-05-19 16:31:51
2022-05-20 00:25:51,2022-05-20 00:26:03,In_Conversation, Located_Indoors, Holding_Other_Object_Light,annotator,Behavioral Parameters,2022-05-19 16:31:51,2022-05-19 16:32:03
2022-05-20 00:26:03,2022-05-20 00:26:51,In_Conversation, Located_Indoors, Holding_Other_Object_Light,annotator,Behavioral Parameters,2022-05-19 16:32:03,2022-05-19 16:32:51
2022-05-20 00:26:51,2022-05-20 00:37:40,In_Conversation, Located_Indoors, Holding_Drink,annotator,Behavioral Parameters,2022-05-19 16:32:51,2022-05-19 16:43:40
2022-05-20 00:37:40,2022-05-20 00:50:15,In_Conversation, Located_Indoors, Typing_Computer,annotator,Behavioral Parameters,2022-05-19 16:43:40,2022-05-19 16:56:15
