START_TIME,STOP_TIME,Sitting_With_Movement,Standing_With_Movement,PA_Type_VideoUnavailable,Indecipherable,Walking,Puttering_Around,Applying_Makeup,Watering_Plants,Brushing,Combing,Tying_Hair,Walking_Slow,Lying_With_Movement,Walking_Down_Stairs,Walking_Up_Stairs,PA_Type_Other,Doing_Resistance_Training_Other,Washing_Hands,PA_Type_Too_Complex,Lying_Still,Standing_Still,Synchronizing_Sensors,Sitting_Still
2022-04-26 20:15:24.825,2022-04-26 20:17:12.687000,1,0,0,0,0,0,0,0,0,0,0,0,0,0,0,0,0,0,0,0,0,0,0
2022-04-26 20:17:12.687,2022-04-26 20:18:16.675000,0,1,0,0,0,0,0,0,0,0,0,0,0,0,0,0,0,0,0,0,0,0,0
2022-04-26 20:18:16.675,2022-04-26 20:20:51.662000,0,0,1,1,0,0,0,0,0,0,0,0,0,0,0,0,0,0,0,0,0,0,0
2022-04-26 20:21:01.662,2022-04-26 20:25:10.625000,1,0,0,0,0,0,0,0,0,0,0,0,0,0,0,0,0,0,0,0,0,0,0
2022-04-26 20:25:45.625,2022-04-26 21:07:15.312000,1,0,0,0,0,0,0,0,0,0,0,0,0,0,0,0,0,0,0,0,0,0,0
2022-04-26 21:07:39.312,2022-04-26 21:08:24.312000,1,0,0,0,0,0,0,0,0,0,0,0,0,0,0,0,0,0,0,0,0,0,0
2022-04-26 21:08:27.312,2022-04-26 21:10:49.287000,0,1,0,0,0,0,0,0,0,0,0,0,0,0,0,0,0,0,0,0,0,0,0
2022-04-26 21:10:49.287,2022-04-26 21:13:10.275000,0,0,0,0,1,0,0,0,0,0,0,0,0,0,0,0,0,0,0,0,0,0,0
2022-04-26 21:13:16.275,2022-04-26 21:13:45.275000,0,1,0,0,0,0,0,0,0,0,0,0,0,0,0,0,0,0,0,0,0,0,0
2022-04-26 21:13:46.275,2022-04-26 21:14:03.262000,0,0,0,0,1,0,0,0,0,0,0,0,0,0,0,0,0,0,0,0,0,0,0
2022-04-26 21:14:05.262,2022-04-26 21:16:07.250000,0,0,0,0,1,0,0,0,0,0,0,0,0,0,0,0,0,0,0,0,0,0,0
2022-04-26 21:16:08.250,2022-04-26 21:17:34.237000,0,0,0,0,1,0,0,0,0,0,0,0,0,0,0,0,0,0,0,0,0,0,0
2022-04-26 21:17:35.237,2022-04-26 21:18:30.237000,0,1,0,0,0,0,0,0,0,0,0,0,0,0,0,0,0,0,0,0,0,0,0
2022-04-26 21:18:32.237,2022-04-26 21:20:18.225000,0,0,0,0,1,0,0,0,0,0,0,0,0,0,0,0,0,0,0,0,0,0,0
2022-04-26 21:20:19.225,2022-04-26 21:24:09.187000,0,0,0,0,1,0,0,0,0,0,0,0,0,0,0,0,0,0,0,0,0,0,0
2022-04-26 21:24:11.187,2022-04-26 21:35:57.100000,1,0,0,0,0,0,0,0,0,0,0,0,0,0,0,0,0,0,0,0,0,0,0
2022-04-26 21:36:03.100,2022-04-26 21:39:05.087000,0,0,0,0,1,0,0,0,0,0,0,0,0,0,0,0,0,0,0,0,0,0,0
2022-04-26 21:39:11.075,2022-04-26 21:39:48.075000,0,0,0,0,1,0,0,0,0,0,0,0,0,0,0,0,0,0,0,0,0,0,0
2022-04-26 21:39:49.075,2022-04-26 21:40:51.075000,1,0,0,0,0,0,0,0,0,0,0,0,0,0,0,0,0,0,0,0,0,0,0
2022-04-26 21:40:53.062,2022-04-26 21:49:43,0,0,0,0,1,0,0,0,0,0,0,0,0,0,0,0,0,0,0,0,0,0,0
2022-04-26 21:49:44.000,2022-04-26 21:52:32.987000,0,0,0,0,1,0,0,0,0,0,0,0,0,0,0,0,0,0,0,0,0,0,0
2022-04-26 21:52:33.987,2022-04-26 21:53:59.975000,0,0,0,0,1,0,0,0,0,0,0,0,0,0,0,0,0,0,0,0,0,0,0
2022-04-26 21:54:00.975,2022-04-26 21:56:47.950000,0,0,0,0,1,0,0,0,0,0,0,0,0,0,0,0,0,0,0,0,0,0,0
2022-04-26 21:57:00.950,2022-04-26 22:02:27.912000,0,0,0,0,1,0,0,0,0,0,0,0,0,0,0,0,0,0,0,0,0,0,0
2022-04-26 22:02:38.912,2022-04-26 22:17:02.800000,1,0,0,0,0,0,0,0,0,0,0,0,0,0,0,0,0,0,0,0,0,0,0
2022-04-26 22:17:05.800,2022-04-26 22:18:50.787000,0,0,0,0,1,0,0,0,0,0,0,0,0,0,0,0,0,0,0,0,0,0,0
2022-04-26 22:18:53.787,2022-04-26 22:45:48.587000,1,0,0,0,0,0,0,0,0,0,0,0,0,0,0,0,0,0,0,0,0,0,0
2022-04-27 17:54:57.575,2022-04-27 18:38:46.462000,1,0,0,0,0,0,0,0,0,0,0,0,0,0,0,0,0,0,0,0,0,0,0
2022-04-27 18:38:47.462,2022-04-27 18:41:02.462000,0,0,0,0,1,0,0,0,0,0,0,0,0,0,0,0,0,0,0,0,0,0,0
2022-04-27 18:41:02.462,2022-04-27 18:43:01.462000,0,1,0,0,0,0,0,0,0,0,0,0,0,0,0,0,0,0,0,0,0,0,0
2022-04-27 18:44:21.450,2022-04-27 18:46:39.450000,0,0,0,0,1,0,0,0,0,0,0,0,0,0,0,0,0,0,0,0,0,0,0
2022-04-27 18:46:41.450,2022-04-27 18:54:12.425000,0,0,0,0,1,0,0,0,0,0,0,0,0,0,0,0,0,0,0,0,0,0,0
2022-04-27 18:54:14.425,2022-04-27 18:56:22.425000,0,0,0,0,1,0,0,0,0,0,0,0,0,0,0,0,0,0,0,0,0,0,0
2022-04-27 18:56:22.425,2022-04-27 19:01:36.412000,0,0,0,0,1,0,0,0,0,0,0,0,0,0,0,0,0,0,0,0,0,0,0
2022-04-27 19:01:37.412,2022-04-27 19:07:19.400000,0,0,0,0,1,0,0,0,0,0,0,0,0,0,0,0,0,0,0,0,0,0,0
2022-04-27 19:07:21.400,2022-04-27 19:14:52.375000,0,1,0,0,0,0,0,0,0,0,0,0,0,0,0,0,0,0,0,0,0,0,0
2022-04-27 19:14:59.375,2022-04-27 19:20:17.362000,0,1,0,0,0,0,0,0,0,0,0,0,0,0,0,0,0,0,0,0,0,0,0
2022-04-27 19:20:23.362,2022-04-27 19:33:45.337000,0,0,0,0,1,0,0,0,0,0,0,0,0,0,0,0,0,0,0,0,0,0,0
2022-04-27 19:33:46.337,2022-04-27 19:35:08.325000,0,0,0,0,1,0,0,0,0,0,0,0,0,0,0,0,0,0,0,0,0,0,0
2022-04-27 19:35:10.325,2022-04-27 19:38:03.325000,0,0,0,0,0,1,0,0,0,0,0,0,0,0,0,0,0,0,0,0,0,0,0
2022-04-27 19:38:03.325,2022-04-27 20:22:14.212000,1,0,0,0,0,0,0,0,0,0,0,0,0,0,0,0,0,0,0,0,0,0,0
2022-04-27 20:24:18.212,2022-04-27 20:40:43.175000,0,0,1,1,0,0,0,0,0,0,0,0,0,0,0,0,0,0,0,0,0,0,0
2022-04-27 20:40:43.175,2022-04-27 20:41:11.175000,0,0,0,0,1,0,0,0,0,0,0,0,0,0,0,0,0,0,0,0,0,0,0
2022-04-27 20:41:12.175,2022-04-27 20:47:02.150000,0,0,1,1,0,0,0,0,0,0,0,0,0,0,0,0,0,0,0,0,0,0,0
2022-04-27 20:47:02.150,2022-04-27 20:50:03.150000,1,0,0,0,0,0,0,0,0,0,0,0,0,0,0,0,0,0,0,0,0,0,0
2022-04-27 20:50:17.150,2022-04-27 20:58:14.125000,0,1,0,0,0,0,0,0,0,0,0,0,0,0,0,0,0,0,0,0,0,0,0
2022-04-27 20:58:17.125,2022-04-27 21:46:48.012000,1,0,0,0,0,0,0,0,0,0,0,0,0,0,0,0,0,0,0,0,0,0,0
2022-04-28 08:27:09.937,2022-04-28 08:27:10.112000,0,0,0,0,0,0,1,0,0,0,0,0,0,0,0,0,0,0,0,0,0,0,0
2022-04-28 08:27:23.212,2022-04-28 08:27:47.212000,0,1,0,0,0,0,0,0,0,0,0,0,0,0,0,0,0,0,0,0,0,0,0
2022-04-28 08:27:50.212,2022-04-28 08:28:09.212000,0,0,0,0,0,1,0,0,0,0,0,0,0,0,0,0,0,0,0,0,0,0,0
2022-04-28 08:28:11.212,2022-04-28 08:28:36.212000,0,0,0,0,0,1,0,0,0,0,0,0,0,0,0,0,0,0,0,0,0,0,0
2022-04-28 08:28:36.212,2022-04-28 08:28:50.212000,0,0,0,0,0,1,0,0,0,0,0,0,0,0,0,0,0,0,0,0,0,0,0
2022-04-28 08:28:56.212,2022-04-28 08:29:11.212000,0,0,0,0,0,1,0,0,0,0,0,0,0,0,0,0,0,0,0,0,0,0,0
2022-04-28 08:29:12.212,2022-04-28 08:29:32.212000,0,0,0,0,0,0,0,1,0,0,0,0,0,0,0,0,0,0,0,0,0,0,0
2022-04-28 08:29:32.212,2022-04-28 08:29:38.212000,0,0,0,0,0,1,0,0,0,0,0,0,0,0,0,0,0,0,0,0,0,0,0
2022-04-28 08:29:40.212,2022-04-28 08:30:37.212000,0,1,0,0,0,0,0,0,0,0,0,0,0,0,0,0,0,0,0,0,0,0,0
2022-04-28 08:30:41.212,2022-04-28 08:31:20.200000,0,0,0,0,0,1,0,0,0,0,0,0,0,0,0,0,0,0,0,0,0,0,0
2022-04-28 08:31:28.200,2022-04-28 08:31:55.200000,0,1,0,0,0,0,0,0,0,0,0,0,0,0,0,0,0,0,0,0,0,0,0
2022-04-28 08:31:55.200,2022-04-28 08:32:10.200000,0,0,0,0,1,0,0,0,0,0,0,0,0,0,0,0,0,0,0,0,0,0,0
2022-04-28 08:32:10.200,2022-04-28 08:33:53.200000,0,0,0,0,0,1,0,0,0,0,0,0,0,0,0,0,0,0,0,0,0,0,0
2022-04-28 08:33:53.200,2022-04-28 08:34:13.200000,0,0,0,0,0,1,0,0,0,0,0,0,0,0,0,0,0,0,0,0,0,0,0
2022-04-28 08:34:13.200,2022-04-28 08:34:22.200000,0,0,0,0,0,1,0,0,0,0,0,0,0,0,0,0,0,0,0,0,0,0,0
2022-04-28 08:34:26.200,2022-04-28 08:34:56.200000,1,0,0,0,0,0,0,0,0,0,0,0,0,0,0,0,0,0,0,0,0,0,0
2022-04-28 08:34:58.200,2022-04-28 08:35:24.200000,1,0,0,0,0,0,0,0,0,0,0,0,0,0,0,0,0,0,0,0,0,0,0
2022-04-28 08:35:25.200,2022-04-28 08:35:55.200000,1,0,0,0,0,0,0,0,0,0,0,0,0,0,0,0,0,0,0,0,0,0,0
2022-04-28 08:35:55.200,2022-04-28 08:38:26.187000,1,0,0,0,0,0,0,0,0,0,0,0,0,0,0,0,0,0,0,0,0,0,0
2022-04-28 08:38:28.187,2022-04-28 08:40:22.187000,1,0,0,0,0,0,0,0,0,0,0,0,0,0,0,0,0,0,0,0,0,0,0
2022-04-28 08:40:26.187,2022-04-28 08:44:39.175000,1,0,0,0,0,0,0,0,0,0,0,0,0,0,0,0,0,0,0,0,0,0,0
2022-04-28 08:44:39.175,2022-04-28 08:45:41.175000,0,0,0,0,0,1,0,0,0,0,0,0,0,0,0,0,0,0,0,0,0,0,0
2022-04-28 08:45:42.175,2022-04-28 08:49:55.162000,1,0,0,0,0,0,0,0,0,0,0,0,0,0,0,0,0,0,0,0,0,0,0
2022-04-28 08:49:56.162,2022-04-28 09:10:55.112000,1,0,0,0,0,0,0,0,0,0,0,0,0,0,0,0,0,0,0,0,0,0,0
2022-04-28 09:10:58.112,2022-04-28 09:11:28.112000,0,0,0,0,0,1,0,0,0,0,0,0,0,0,0,0,0,0,0,0,0,0,0
2022-04-28 09:11:28.112,2022-04-28 09:26:46.075000,0,0,1,1,0,0,0,0,0,0,0,0,0,0,0,0,0,0,0,0,0,0,0
2022-04-28 09:26:46.075,2022-04-28 09:26:54.075000,0,0,0,0,0,0,0,0,1,1,1,0,0,0,0,0,0,0,0,0,0,0,0
2022-04-28 09:26:56.075,2022-04-28 09:27:40.075000,0,0,0,0,0,1,0,0,0,0,0,0,0,0,0,0,0,0,0,0,0,0,0
2022-04-28 09:27:42.075,2022-04-28 09:30:04.062000,1,0,0,0,0,0,0,0,0,0,0,0,0,0,0,0,0,0,0,0,0,0,0
2022-04-28 09:30:04.062,2022-04-28 09:30:45.062000,1,0,0,0,0,0,0,0,0,0,0,0,0,0,0,0,0,0,0,0,0,0,0
2022-04-28 09:30:45.062,2022-04-28 09:51:51.012000,1,0,0,0,0,0,0,0,0,0,0,0,0,0,0,0,0,0,0,0,0,0,0
2022-04-28 09:51:53.012,2022-04-28 09:52:27.012000,0,0,0,0,0,0,0,0,0,0,0,1,0,0,0,0,0,0,0,0,0,0,0
2022-04-28 09:52:36.012,2022-04-28 10:33:03.912000,1,0,0,0,0,0,0,0,0,0,0,0,0,0,0,0,0,0,0,0,0,0,0
2022-04-28 10:33:08.912,2022-04-28 10:33:56.912000,1,0,0,0,0,0,0,0,0,0,0,0,0,0,0,0,0,0,0,0,0,0,0
2022-04-28 10:34:03.912,2022-04-28 10:34:55.912000,0,0,0,0,0,1,0,0,0,0,0,0,0,0,0,0,0,0,0,0,0,0,0
2022-04-28 10:35:04.900,2022-04-28 10:36:31.900000,1,0,0,0,0,0,0,0,0,0,0,0,0,0,0,0,0,0,0,0,0,0,0
2022-04-28 10:36:44.900,2022-04-28 10:38:48.900000,1,0,0,0,0,0,0,0,0,0,0,0,0,0,0,0,0,0,0,0,0,0,0
2022-04-28 10:38:51.900,2022-04-28 10:48:47.875000,1,0,0,0,0,0,0,0,0,0,0,0,0,0,0,0,0,0,0,0,0,0,0
2022-04-28 10:48:49.875,2022-04-28 10:54:01.862000,1,0,0,0,0,0,0,0,0,0,0,0,0,0,0,0,0,0,0,0,0,0,0
2022-04-28 10:54:02.862,2022-04-28 10:54:16.862000,1,0,0,0,0,0,0,0,0,0,0,0,0,0,0,0,0,0,0,0,0,0,0
2022-04-28 10:54:16.862,2022-04-28 11:00:43.850000,1,0,0,0,0,0,0,0,0,0,0,0,0,0,0,0,0,0,0,0,0,0,0
2022-04-28 11:00:43.850,2022-04-28 11:01:51.837000,1,0,0,0,0,0,0,0,0,0,0,0,0,0,0,0,0,0,0,0,0,0,0
2022-04-28 11:01:51.837,2022-04-28 11:04:51.837000,1,0,0,0,0,0,0,0,0,0,0,0,0,0,0,0,0,0,0,0,0,0,0
2022-04-28 11:04:51.837,2022-04-28 11:05:33.837000,0,0,0,0,0,1,0,0,0,0,0,0,0,0,0,0,0,0,0,0,0,0,0
2022-04-28 11:05:36.837,2022-04-28 11:18:36.800000,1,0,0,0,0,0,0,0,0,0,0,0,0,0,0,0,0,0,0,0,0,0,0
2022-04-28 11:18:36.800,2022-04-28 11:20:17.800000,1,0,0,0,0,0,0,0,0,0,0,0,0,0,0,0,0,0,0,0,0,0,0
2022-04-28 11:20:20.800,2022-04-28 11:20:43.800000,0,0,0,0,1,0,0,0,0,0,0,0,0,0,0,0,0,0,0,0,0,0,0
2022-04-28 11:20:43.800,2022-04-28 11:23:30.787000,0,0,0,0,0,1,0,0,0,0,0,0,0,0,0,0,0,0,0,0,0,0,0
2022-04-28 11:23:37.787,2022-04-28 11:23:55.787000,0,0,0,0,1,0,0,0,0,0,0,0,0,0,0,0,0,0,0,0,0,0,0
2022-04-28 11:23:56.787,2022-04-28 11:24:37.787000,1,0,0,0,0,0,0,0,0,0,0,0,0,0,0,0,0,0,0,0,0,0,0
2022-04-28 11:24:38.787,2022-04-28 11:29:37.775000,1,0,0,0,0,0,0,0,0,0,0,0,0,0,0,0,0,0,0,0,0,0,0
2022-04-28 11:29:38.775,2022-04-28 11:40:21.750000,1,0,0,0,0,0,0,0,0,0,0,0,0,0,0,0,0,0,0,0,0,0,0
2022-04-28 11:40:23.750,2022-04-28 11:44:12.737000,1,0,0,0,0,0,0,0,0,0,0,0,0,0,0,0,0,0,0,0,0,0,0
2022-04-28 11:44:15.737,2022-04-28 11:55:18.712000,1,0,0,0,0,0,0,0,0,0,0,0,0,0,0,0,0,0,0,0,0,0,0
2022-04-28 11:55:20.712,2022-04-28 11:59:22.700000,1,0,0,0,0,0,0,0,0,0,0,0,0,0,0,0,0,0,0,0,0,0,0
2022-04-28 11:59:23.700,2022-04-28 13:39:52.462000,1,0,0,0,0,0,0,0,0,0,0,0,0,0,0,0,0,0,0,0,0,0,0
2022-04-28 13:39:56.462,2022-04-28 13:40:18.462000,0,0,0,0,0,1,0,0,0,0,0,0,0,0,0,0,0,0,0,0,0,0,0
2022-04-28 13:40:18.462,2022-04-28 13:41:53.450000,0,0,1,1,0,0,0,0,0,0,0,0,0,0,0,0,0,0,0,0,0,0,0
2022-04-28 13:41:53.450,2022-04-28 13:42:02.450000,0,1,0,0,0,0,0,0,0,0,0,0,0,0,0,0,0,0,0,0,0,0,0
2022-04-28 13:42:06.450,2022-04-28 13:42:28.450000,0,0,0,0,1,0,0,0,0,0,0,0,0,0,0,0,0,0,0,0,0,0,0
2022-04-28 13:42:31.450,2022-04-28 14:19:39.362000,1,0,0,0,0,0,0,0,0,0,0,0,0,0,0,0,0,0,0,0,0,0,0
2022-04-28 14:19:53.362,2022-04-28 14:20:37.362000,1,0,0,0,0,0,0,0,0,0,0,0,0,0,0,0,0,0,0,0,0,0,0
2022-04-28 14:20:44.362,2022-04-28 14:21:01.362000,0,0,0,0,1,0,0,0,0,0,0,0,0,0,0,0,0,0,0,0,0,0,0
2022-04-28 14:21:01.362,2022-04-28 14:21:37.362000,0,0,0,0,0,1,0,0,0,0,0,0,0,0,0,0,0,0,0,0,0,0,0
2022-04-28 14:21:38.362,2022-04-28 14:23:12.350000,0,0,0,0,0,1,0,0,0,0,0,0,0,0,0,0,0,0,0,0,0,0,0
2022-04-28 14:23:12.350,2022-04-28 14:23:20.350000,0,0,0,0,0,1,0,0,0,0,0,0,0,0,0,0,0,0,0,0,0,0,0
2022-04-28 14:23:21.350,2022-04-28 14:24:25.350000,0,1,0,0,0,0,0,0,0,0,0,0,0,0,0,0,0,0,0,0,0,0,0
2022-04-28 14:24:27.350,2022-04-28 14:29:01.337000,0,0,0,0,0,1,0,0,0,0,0,0,0,0,0,0,0,0,0,0,0,0,0
2022-04-28 14:29:01.337,2022-04-28 14:29:17.337000,0,0,0,0,1,0,0,0,0,0,0,0,0,0,0,0,0,0,0,0,0,0,0
2022-04-28 14:29:17.337,2022-04-28 14:30:05.337000,1,0,0,0,0,0,0,0,0,0,0,0,0,0,0,0,0,0,0,0,0,0,0
2022-04-28 14:30:05.337,2022-04-28 14:36:11.325000,1,0,0,0,0,0,0,0,0,0,0,0,0,0,0,0,0,0,0,0,0,0,0
2022-04-28 14:36:15.325,2022-04-28 14:36:55.325000,1,0,0,0,0,0,0,0,0,0,0,0,0,0,0,0,0,0,0,0,0,0,0
2022-04-28 14:37:04.325,2022-04-28 14:37:49.325000,1,0,0,0,0,0,0,0,0,0,0,0,0,0,0,0,0,0,0,0,0,0,0
2022-04-28 14:37:52.325,2022-04-28 14:38:09.325000,0,0,0,0,1,0,0,0,0,0,0,0,0,0,0,0,0,0,0,0,0,0,0
2022-04-28 14:38:10.325,2022-04-28 14:38:24.312000,0,1,0,0,0,0,0,0,0,0,0,0,0,0,0,0,0,0,0,0,0,0,0
2022-04-28 14:38:27.312,2022-04-28 14:39:01.312000,0,0,0,0,0,1,0,0,0,0,0,0,0,0,0,0,0,0,0,0,0,0,0
2022-04-28 14:39:05.312,2022-04-28 14:40:22.312000,0,1,0,0,0,0,0,0,0,0,0,0,0,0,0,0,0,0,0,0,0,0,0
2022-04-28 14:40:23.312,2022-04-28 14:40:45.312000,0,0,0,0,0,1,0,0,0,0,0,0,0,0,0,0,0,0,0,0,0,0,0
2022-04-28 14:40:51.312,2022-04-28 14:41:54.312000,1,0,0,0,0,0,0,0,0,0,0,0,0,0,0,0,0,0,0,0,0,0,0
2022-04-28 14:41:57.312,2022-04-28 14:42:33.312000,1,0,0,0,0,0,0,0,0,0,0,0,0,0,0,0,0,0,0,0,0,0,0
2022-04-28 14:42:33.312,2022-04-28 14:43:11.312000,1,0,0,0,0,0,0,0,0,0,0,0,0,0,0,0,0,0,0,0,0,0,0
2022-04-28 14:43:11.312,2022-04-28 14:43:50.300000,1,0,0,0,0,0,0,0,0,0,0,0,0,0,0,0,0,0,0,0,0,0,0
2022-04-28 14:44:02.300,2022-04-28 14:45:39.300000,1,0,0,0,0,0,0,0,0,0,0,0,0,0,0,0,0,0,0,0,0,0,0
2022-04-28 14:45:42.300,2022-04-28 14:53:14.287000,1,0,0,0,0,0,0,0,0,0,0,0,0,0,0,0,0,0,0,0,0,0,0
2022-04-28 14:53:14.287,2022-04-28 15:01:21.262000,1,0,0,0,0,0,0,0,0,0,0,0,0,0,0,0,0,0,0,0,0,0,0
2022-04-28 15:01:23.262,2022-04-28 15:12:16.237000,1,0,0,0,0,0,0,0,0,0,0,0,0,0,0,0,0,0,0,0,0,0,0
2022-04-28 15:12:16.237,2022-04-28 15:14:27.225000,1,0,0,0,0,0,0,0,0,0,0,0,0,0,0,0,0,0,0,0,0,0,0
2022-04-28 15:14:27.225,2022-04-28 15:15:42.225000,1,0,0,0,0,0,0,0,0,0,0,0,0,0,0,0,0,0,0,0,0,0,0
2022-04-28 15:15:45.225,2022-04-28 15:39:11.175000,1,0,0,0,0,0,0,0,0,0,0,0,0,0,0,0,0,0,0,0,0,0,0
2022-04-28 15:39:15.175,2022-04-28 15:39:28.175000,0,0,0,0,0,1,0,0,0,0,0,0,0,0,0,0,0,0,0,0,0,0,0
2022-04-28 15:39:31.175,2022-04-28 15:47:40.150000,0,0,0,0,0,0,0,0,0,0,0,0,1,0,0,0,0,0,0,0,0,0,0
2022-04-28 15:47:54.150,2022-04-28 16:32:22.037000,0,0,0,0,0,0,0,0,0,0,0,0,1,0,0,0,0,0,0,0,0,0,0
2022-04-28 16:32:24.037,2022-04-28 16:56:36.987000,0,0,0,0,0,0,0,0,0,0,0,0,1,0,0,0,0,0,0,0,0,0,0
2022-04-28 16:56:40.987,2022-04-28 16:57:00.987000,0,0,0,0,0,1,0,0,0,0,0,0,0,0,0,0,0,0,0,0,0,0,0
2022-04-28 16:57:00.987,2022-04-28 16:57:59.975000,0,1,0,0,0,0,0,0,0,0,0,0,0,0,0,0,0,0,0,0,0,0,0
2022-04-28 16:58:04.975,2022-04-28 16:58:26.975000,0,0,0,0,0,1,0,0,0,0,0,0,0,0,0,0,0,0,0,0,0,0,0
2022-04-28 16:58:26.975,2022-04-28 16:59:57.975000,1,0,0,0,0,0,0,0,0,0,0,0,0,0,0,0,0,0,0,0,0,0,0
2022-04-28 16:59:57.975,2022-04-28 17:00:54.975000,0,0,0,0,0,1,0,0,0,0,0,0,0,0,0,0,0,0,0,0,0,0,0
2022-04-28 17:00:54.975,2022-04-28 17:01:50.975000,0,1,0,0,0,0,0,0,0,0,0,0,0,0,0,0,0,0,0,0,0,0,0
2022-04-28 17:01:50.975,2022-04-28 17:03:16.962000,0,1,0,0,0,0,0,0,0,0,0,0,0,0,0,0,0,0,0,0,0,0,0
2022-04-28 17:03:18.962,2022-04-28 17:03:36.962000,0,0,0,0,0,1,0,0,0,0,0,0,0,0,0,0,0,0,0,0,0,0,0
2022-04-28 17:03:39.962,2022-04-28 17:03:54.962000,0,0,0,0,0,0,0,0,0,0,0,0,0,1,0,0,0,0,0,0,0,0,0
2022-04-28 17:03:55.962,2022-04-28 17:04:00.962000,0,0,0,0,0,0,0,0,0,0,0,0,0,1,0,0,0,0,0,0,0,0,0
2022-04-28 17:04:00.962,2022-04-28 17:13:39.937000,0,0,0,0,1,0,0,0,0,0,0,0,0,0,0,0,0,0,0,0,0,0,0
2022-04-28 17:13:41.937,2022-04-28 17:13:57.937000,0,0,0,0,0,1,0,0,0,0,0,0,0,0,0,0,0,0,0,0,0,0,0
2022-04-28 17:14:09.937,2022-04-28 17:15:52.937000,0,0,0,0,0,1,0,0,0,0,0,0,0,0,0,0,0,0,0,0,0,0,0
2022-04-28 17:15:54.937,2022-04-28 17:17:40.937000,0,0,0,0,0,1,0,0,0,0,0,0,0,0,0,0,0,0,0,0,0,0,0
2022-04-28 17:17:44.937,2022-04-28 17:22:09.925000,0,0,0,0,1,0,0,0,0,0,0,0,0,0,0,0,0,0,0,0,0,0,0
2022-04-28 17:22:11.925,2022-04-28 17:22:24.925000,0,0,0,0,1,0,0,0,0,0,0,0,0,0,0,0,0,0,0,0,0,0,0
2022-04-28 17:22:24.925,2022-04-28 17:22:35.925000,0,1,0,0,0,0,0,0,0,0,0,0,0,0,0,0,0,0,0,0,0,0,0
2022-04-28 17:22:35.925,2022-04-28 17:22:51.925000,0,0,0,0,0,1,0,0,0,0,0,0,0,0,0,0,0,0,0,0,0,0,0
2022-04-28 17:22:51.925,2022-04-28 17:23:15.925000,0,0,0,0,0,1,0,0,0,0,0,0,0,0,0,0,0,0,0,0,0,0,0
2022-04-28 17:23:15.925,2022-04-28 17:24:00.912000,0,1,0,0,0,0,0,0,0,0,0,0,0,0,0,0,0,0,0,0,0,0,0
2022-04-28 17:24:01.912,2022-04-28 17:24:28.912000,0,0,0,0,0,1,0,0,0,0,0,0,0,0,0,0,0,0,0,0,0,0,0
2022-04-28 17:24:43.912,2022-04-28 17:25:24.912000,1,0,0,0,0,0,0,0,0,0,0,0,0,0,0,0,0,0,0,0,0,0,0
2022-04-28 17:25:25.912,2022-04-28 17:33:51.900000,1,0,0,0,0,0,0,0,0,0,0,0,0,0,0,0,0,0,0,0,0,0,0
2022-04-28 17:33:51.900,2022-04-28 17:34:07.887000,1,0,0,0,0,0,0,0,0,0,0,0,0,0,0,0,0,0,0,0,0,0,0
2022-04-28 17:34:13.887,2022-04-28 17:34:33.887000,0,0,0,0,0,1,0,0,0,0,0,0,0,0,0,0,0,0,0,0,0,0,0
2022-04-28 17:34:33.887,2022-04-28 17:35:20.887000,0,0,0,0,1,0,0,0,0,0,0,0,0,0,0,0,0,0,0,0,0,0,0
2022-04-28 17:35:23.887,2022-04-28 17:38:03.887000,0,0,0,0,0,1,0,0,0,0,0,0,0,0,0,0,0,0,0,0,0,0,0
2022-04-28 17:38:03.887,2022-04-28 17:38:18.887000,0,1,0,0,0,0,0,0,0,0,0,0,0,0,0,0,0,0,0,0,0,0,0
2022-04-28 17:38:18.887,2022-04-28 17:39:12.887000,0,0,0,0,0,1,0,0,0,0,0,0,0,0,0,0,0,0,0,0,0,0,0
2022-04-28 17:39:14.887,2022-04-28 17:39:32.875000,0,1,0,0,0,0,0,0,0,0,0,0,0,0,0,0,0,0,0,0,0,0,0
2022-04-28 17:39:32.875,2022-04-28 17:40:45.875000,0,0,0,0,0,1,0,0,0,0,0,0,0,0,0,0,0,0,0,0,0,0,0
2022-04-28 17:40:50.875,2022-04-28 17:41:04.875000,0,0,0,0,0,1,0,0,0,0,0,0,0,0,0,0,0,0,0,0,0,0,0
2022-04-28 17:41:04.875,2022-04-28 17:42:15.875000,0,0,0,0,0,1,0,0,0,0,0,0,0,0,0,0,0,0,0,0,0,0,0
2022-04-28 17:42:15.875,2022-04-28 17:43:41.875000,0,1,0,0,0,0,0,0,0,0,0,0,0,0,0,0,0,0,0,0,0,0,0
2022-04-28 17:43:42.875,2022-04-28 17:46:31.862000,0,0,0,0,0,1,0,0,0,0,0,0,0,0,0,0,0,0,0,0,0,0,0
2022-04-28 17:46:33.862,2022-04-28 17:47:10.862000,0,0,0,0,1,0,0,0,0,0,0,0,0,0,0,0,0,0,0,0,0,0,0
2022-04-28 17:47:10.862,2022-04-28 17:48:58.862000,0,0,0,0,0,1,0,0,0,0,0,0,0,0,0,0,0,0,0,0,0,0,0
2022-04-28 17:48:58.862,2022-04-28 17:49:15.862000,0,1,0,0,0,0,0,0,0,0,0,0,0,0,0,0,0,0,0,0,0,0,0
2022-04-28 17:49:17.862,2022-04-28 17:49:29.862000,0,1,0,0,0,0,0,0,0,0,0,0,0,0,0,0,0,0,0,0,0,0,0
2022-04-28 17:49:29.862,2022-04-28 17:50:03.850000,0,0,0,0,0,1,0,0,0,0,0,0,0,0,0,0,0,0,0,0,0,0,0
2022-04-28 17:50:03.850,2022-04-28 17:50:37.850000,0,1,0,0,0,0,0,0,0,0,0,0,0,0,0,0,0,0,0,0,0,0,0
2022-04-28 17:50:37.850,2022-04-28 17:52:19.850000,0,0,0,0,0,1,0,0,0,0,0,0,0,0,0,0,0,0,0,0,0,0,0
2022-04-28 17:52:21.850,2022-04-28 18:02:32.825000,0,0,0,0,1,0,0,0,0,0,0,0,0,0,0,0,0,0,0,0,0,0,0
2022-04-28 18:02:32.825,2022-04-28 18:02:37.825000,0,0,0,0,0,0,0,0,0,0,0,0,0,0,1,0,0,0,0,0,0,0,0
2022-04-28 18:02:40.825,2022-04-28 18:04:09.825000,0,1,0,0,0,0,0,0,0,0,0,0,0,0,0,0,0,0,0,0,0,0,0
2022-04-28 18:04:11.825,2022-04-28 18:04:26.825000,0,0,0,0,0,0,0,0,0,0,0,0,0,0,1,0,0,0,0,0,0,0,0
2022-04-28 18:04:28.825,2022-04-28 18:04:42.825000,0,1,0,0,0,0,0,0,0,0,0,0,0,0,0,0,0,0,0,0,0,0,0
2022-04-28 18:04:42.825,2022-04-28 18:05:31.812000,0,0,0,0,0,1,0,0,0,0,0,0,0,0,0,0,0,0,0,0,0,0,0
2022-04-28 18:05:53.812,2022-04-28 18:06:05.812000,0,1,0,0,0,0,0,0,0,0,0,0,0,0,0,0,0,0,0,0,0,0,0
2022-04-28 18:06:16.812,2022-04-28 18:07:09.812000,0,0,0,0,0,1,0,0,0,0,0,0,0,0,0,0,0,0,0,0,0,0,0
2022-04-28 18:07:09.812,2022-04-28 18:07:33.812000,1,0,0,0,0,0,0,0,0,0,0,0,0,0,0,0,0,0,0,0,0,0,0
2022-04-28 18:07:36.812,2022-04-28 18:08:20.812000,0,0,0,0,0,1,0,0,0,0,0,0,0,0,0,0,0,0,0,0,0,0,0
2022-04-28 18:08:20.812,2022-04-28 18:08:50.812000,0,0,0,0,0,1,0,0,0,0,0,0,0,0,0,0,0,0,0,0,0,0,0
2022-04-28 18:08:52.812,2022-04-28 18:34:21.750000,0,0,0,0,0,0,0,0,0,0,0,0,1,0,0,0,0,0,0,0,0,0,0
2022-04-28 18:34:24.750,2022-04-28 18:56:56.687000,0,0,0,0,0,0,0,0,0,0,0,0,1,0,0,0,0,0,0,0,0,0,0
2022-04-28 18:56:56.687,2022-04-28 18:57:08.687000,0,0,0,0,0,0,0,0,0,0,0,0,1,0,0,0,0,0,0,0,0,0,0
2022-04-28 18:57:15.687,2022-04-28 20:03:53.537000,0,0,0,0,0,0,0,0,0,0,0,0,1,0,0,0,0,0,0,0,0,0,0
2022-04-28 20:03:53.537,2022-04-28 20:17:20.500000,0,0,1,1,0,0,0,0,0,0,0,0,0,0,0,0,0,0,0,0,0,0,0
2022-04-28 20:17:44.500,2022-04-28 20:18:31.500000,0,0,0,0,0,1,0,0,0,0,0,0,0,0,0,0,0,0,0,0,0,0,0
2022-04-28 20:18:31.500,2022-04-28 20:19:15.500000,0,0,0,0,0,1,0,0,0,0,0,0,0,0,0,0,0,0,0,0,0,0,0
2022-04-28 20:19:17.500,2022-04-28 20:26:07.475000,0,0,0,0,0,1,0,0,0,0,0,0,0,0,0,0,0,0,0,0,0,0,0
2022-04-28 20:26:07.475,2022-04-28 20:26:21.475000,0,0,0,0,0,1,0,0,0,0,0,0,0,0,0,0,0,0,0,0,0,0,0
2022-04-28 20:26:21.475,2022-04-28 20:26:30.475000,0,0,0,0,0,1,0,0,0,0,0,0,0,0,0,0,0,0,0,0,0,0,0
2022-04-28 20:26:33.475,2022-04-28 20:26:48.475000,1,0,0,0,0,0,0,0,0,0,0,0,0,0,0,0,0,0,0,0,0,0,0
2022-04-28 20:26:50.475,2022-04-28 20:27:11.475000,1,0,0,0,0,0,0,0,0,0,0,0,0,0,0,0,0,0,0,0,0,0,0
2022-04-28 20:27:20.475,2022-04-28 20:27:40.475000,1,0,0,0,0,0,0,0,0,0,0,0,0,0,0,0,0,0,0,0,0,0,0
2022-04-28 20:27:41.475,2022-04-28 20:40:10.450000,1,0,0,0,0,0,0,0,0,0,0,0,0,0,0,0,0,0,0,0,0,0,0
2022-04-28 20:40:12.450,2022-04-28 20:41:39.437000,1,0,0,0,0,0,0,0,0,0,0,0,0,0,0,0,0,0,0,0,0,0,0
2022-04-28 20:41:41.437,2022-04-28 20:41:59.437000,0,0,0,0,1,0,0,0,0,0,0,0,0,0,0,0,0,0,0,0,0,0,0
2022-04-28 20:42:04.437,2022-04-28 20:42:16.437000,0,0,0,0,0,0,0,0,0,0,0,0,0,0,0,1,0,0,0,0,0,0,0
2022-04-28 20:42:19.437,2022-04-28 20:42:34.437000,0,0,0,0,1,0,0,0,0,0,0,0,0,0,0,0,0,0,0,0,0,0,0
2022-04-28 20:42:43.437,2022-04-28 20:52:35.412000,1,0,0,0,0,0,0,0,0,0,0,0,0,0,0,0,0,0,0,0,0,0,0
2022-04-28 20:52:41.412,2022-04-28 21:03:31.387000,1,0,0,0,0,0,0,0,0,0,0,0,0,0,0,0,0,0,0,0,0,0,0
2022-04-28 21:04:02.387,2022-04-28 21:04:45.387000,0,0,0,0,0,1,0,0,0,0,0,0,0,0,0,0,0,0,0,0,0,0,0
2022-04-28 21:04:47.387,2022-04-28 21:05:09.387000,0,0,0,0,0,1,0,0,0,0,0,0,0,0,0,0,0,0,0,0,0,0,0
2022-04-28 21:05:11.387,2022-04-28 21:06:44.375000,0,0,1,1,0,0,0,0,0,0,0,0,0,0,0,0,0,0,0,0,0,0,0
2022-04-28 21:06:44.375,2022-04-28 21:07:22.375000,0,0,0,0,0,1,0,0,0,0,0,0,0,0,0,0,0,0,0,0,0,0,0
2022-04-28 21:07:22.375,2022-04-28 21:07:31.375000,0,1,0,0,0,0,0,0,0,0,0,0,0,0,0,0,0,0,0,0,0,0,0
2022-04-28 21:07:32.375,2022-04-28 21:07:59.375000,0,0,0,0,0,1,0,0,0,0,0,0,0,0,0,0,0,0,0,0,0,0,0
2022-04-28 21:08:06.375,2022-04-28 21:08:24.375000,0,1,0,0,0,0,0,0,0,0,0,0,0,0,0,0,0,0,0,0,0,0,0
2022-04-29 07:41:31.712,2022-04-29 07:42:05.712000,1,0,0,0,0,0,0,0,0,0,0,0,0,0,0,0,0,0,0,0,0,0,0
2022-04-29 07:42:11.712,2022-04-29 07:42:23.712000,0,0,0,0,0,0,0,0,0,0,0,0,0,0,0,0,1,0,0,0,0,0,0
2022-04-29 07:42:23.712,2022-04-29 07:42:44.712000,0,1,0,0,0,0,0,0,0,0,0,0,0,0,0,0,0,0,0,0,0,0,0
2022-04-29 07:42:44.712,2022-04-29 07:43:46.712000,0,0,0,0,1,0,0,0,0,0,0,0,0,0,0,0,0,0,0,0,0,0,0
2022-04-29 07:43:48.712,2022-04-29 07:46:43.712000,0,1,0,0,0,0,0,0,0,0,0,0,0,0,0,0,0,0,0,0,0,0,0
2022-04-29 07:46:43.712,2022-04-29 07:48:57.712000,0,0,0,0,0,0,0,0,0,0,0,0,0,0,0,1,0,0,0,0,0,0,0
2022-04-29 07:48:57.712,2022-04-29 07:54:53.712000,0,0,0,0,0,1,0,0,0,0,0,0,0,0,0,0,0,0,0,0,0,0,0
2022-04-29 07:54:53.712,2022-04-29 07:56:42.712000,1,0,0,0,0,0,0,0,0,0,0,0,0,0,0,0,0,0,0,0,0,0,0
2022-04-29 07:56:42.712,2022-04-29 08:04:28.712000,1,0,0,0,0,0,0,0,0,0,0,0,0,0,0,0,0,0,0,0,0,0,0
2022-04-29 08:04:28.712,2022-04-29 08:05:18.712000,1,0,0,0,0,0,0,0,0,0,0,0,0,0,0,0,0,0,0,0,0,0,0
2022-04-29 08:05:18.712,2022-04-29 08:10:43.712000,1,0,0,0,0,0,0,0,0,0,0,0,0,0,0,0,0,0,0,0,0,0,0
2022-04-29 08:10:43.712,2022-04-29 08:27:25.725000,1,0,0,0,0,0,0,0,0,0,0,0,0,0,0,0,0,0,0,0,0,0,0
2022-04-29 08:27:25.725,2022-04-29 08:39:31.725000,0,0,1,1,0,0,0,0,0,0,0,0,0,0,0,0,0,0,0,0,0,0,0
2022-04-29 08:39:31.725,2022-04-29 08:41:41.725000,0,0,0,0,1,0,0,0,0,0,0,0,0,0,0,0,0,0,0,0,0,0,0
2022-04-29 08:41:41.725,2022-04-29 08:41:51.725000,1,0,0,0,0,0,0,0,0,0,0,0,0,0,0,0,0,0,0,0,0,0,0
2022-04-29 08:41:51.725,2022-04-29 08:51:40.725000,1,0,0,0,0,0,0,0,0,0,0,0,0,0,0,0,0,0,0,0,0,0,0
2022-04-29 08:51:40.725,2022-04-29 08:52:34.725000,1,0,0,0,0,0,0,0,0,0,0,0,0,0,0,0,0,0,0,0,0,0,0
2022-04-29 08:52:34.725,2022-04-29 08:56:32.725000,1,0,0,0,0,0,0,0,0,0,0,0,0,0,0,0,0,0,0,0,0,0,0
2022-04-29 08:56:32.725,2022-04-29 08:57:01.725000,1,0,0,0,0,0,0,0,0,0,0,0,0,0,0,0,0,0,0,0,0,0,0
2022-04-29 08:57:01.725,2022-04-29 09:09:07.725000,1,0,0,0,0,0,0,0,0,0,0,0,0,0,0,0,0,0,0,0,0,0,0
2022-04-29 09:09:07.725,2022-04-29 09:16:38.737000,1,0,0,0,0,0,0,0,0,0,0,0,0,0,0,0,0,0,0,0,0,0,0
2022-04-29 09:16:38.737,2022-04-29 09:19:39.737000,0,0,0,0,0,1,0,0,0,0,0,0,0,0,0,0,0,0,0,0,0,0,0
2022-04-29 09:19:39.737,2022-04-29 09:39:47.737000,0,0,1,1,0,0,0,0,0,0,0,0,0,0,0,0,0,0,0,0,0,0,0
2022-04-29 09:39:47.737,2022-04-29 09:40:01.737000,0,0,0,0,1,0,0,0,0,0,0,0,0,0,0,0,0,0,0,0,0,0,0
2022-04-29 09:40:01.737,2022-04-29 09:47:59.737000,0,0,1,1,0,0,0,0,0,0,0,0,0,0,0,0,0,0,0,0,0,0,0
2022-04-29 09:47:59.737,2022-04-29 09:49:30.737000,0,1,0,0,0,0,0,0,0,0,0,0,0,0,0,0,0,0,0,0,0,0,0
2022-04-29 09:49:30.737,2022-04-29 09:50:28.737000,0,1,0,0,0,0,0,0,0,0,0,0,0,0,0,0,0,0,0,0,0,0,0
2022-04-29 09:50:38.737,2022-04-29 09:51:03.737000,0,0,0,0,0,0,0,0,0,0,0,0,0,0,0,0,0,1,0,0,0,0,0
2022-04-29 09:51:19.737,2022-04-29 09:52:28.737000,0,0,0,0,0,0,0,0,0,0,0,0,0,0,0,0,0,0,1,0,0,0,0
2022-04-29 09:52:32.737,2022-04-29 09:53:33.737000,0,0,0,0,0,1,0,0,0,0,0,0,0,0,0,0,0,0,0,0,0,0,0
2022-04-29 09:53:33.737,2022-04-29 09:54:30.737000,0,0,0,0,0,0,0,0,0,0,0,0,0,0,0,1,0,0,0,0,0,0,0
2022-04-29 09:54:30.737,2022-04-29 09:58:11.737000,0,0,0,0,0,1,0,0,0,0,0,0,0,0,0,0,0,0,0,0,0,0,0
2022-04-29 09:58:29.737,2022-04-29 10:00:22.737000,0,0,0,0,0,1,0,0,0,0,0,0,0,0,0,0,0,0,0,0,0,0,0
2022-04-29 10:01:09.737,2022-04-29 10:01:28.737000,0,0,0,0,0,0,0,0,0,0,0,0,0,1,0,0,0,0,0,0,0,0,0
2022-04-29 10:01:31.737,2022-04-29 10:01:39.737000,0,0,0,0,1,0,0,0,0,0,0,0,0,0,0,0,0,0,0,0,0,0,0
2022-04-29 10:01:39.737,2022-04-29 10:04:55.737000,0,0,0,0,1,0,0,0,0,0,0,0,0,0,0,0,0,0,0,0,0,0,0
2022-04-29 10:04:58.737,2022-04-29 10:09:39.737000,1,0,0,0,0,0,0,0,0,0,0,0,0,0,0,0,0,0,0,0,0,0,0
2022-04-29 10:09:41.737,2022-04-29 10:13:05.750000,0,1,0,0,0,0,0,0,0,0,0,0,0,0,0,0,0,0,0,0,0,0,0
2022-04-29 10:13:21.750,2022-04-29 10:29:18.750000,1,0,0,0,0,0,0,0,0,0,0,0,0,0,0,0,0,0,0,0,0,0,0
2022-04-29 10:29:25.750,2022-04-29 10:29:56.750000,0,0,0,0,1,0,0,0,0,0,0,0,0,0,0,0,0,0,0,0,0,0,0
2022-04-29 10:29:56.750,2022-04-29 10:30:30.750000,0,0,0,0,1,0,0,0,0,0,0,0,0,0,0,0,0,0,0,0,0,0,0
2022-04-29 10:30:30.750,2022-04-29 10:30:44.750000,0,1,0,0,0,0,0,0,0,0,0,0,0,0,0,0,0,0,0,0,0,0,0
2022-04-29 10:30:44.750,2022-04-29 10:31:22.750000,0,0,0,0,1,0,0,0,0,0,0,0,0,0,0,0,0,0,0,0,0,0,0
2022-04-29 10:31:22.750,2022-04-29 10:31:51.750000,0,1,0,0,0,0,0,0,0,0,0,0,0,0,0,0,0,0,0,0,0,0,0
2022-04-29 10:31:51.750,2022-04-29 10:33:27.750000,0,0,0,0,0,1,0,0,0,0,0,0,0,0,0,0,0,0,0,0,0,0,0
2022-04-29 10:34:08.750,2022-04-29 10:53:50.750000,1,0,0,0,0,0,0,0,0,0,0,0,0,0,0,0,0,0,0,0,0,0,0
2022-04-29 10:53:50.750,2022-04-29 10:55:20.750000,1,0,0,0,0,0,0,0,0,0,0,0,0,0,0,0,0,0,0,0,0,0,0
2022-04-29 10:55:20.750,2022-04-29 11:18:53.762000,1,0,0,0,0,0,0,0,0,0,0,0,0,0,0,0,0,0,0,0,0,0,0
2022-04-29 11:18:56.762,2022-04-29 11:19:57.762000,0,0,0,0,1,0,0,0,0,0,0,0,0,0,0,0,0,0,0,0,0,0,0
2022-04-29 11:20:02.762,2022-04-29 11:21:07.762000,0,0,0,0,0,1,0,0,0,0,0,0,0,0,0,0,0,0,0,0,0,0,0
2022-04-29 11:21:07.762,2022-04-29 11:26:45.762000,1,0,0,0,0,0,0,0,0,0,0,0,0,0,0,0,0,0,0,0,0,0,0
2022-04-29 11:26:45.762,2022-04-29 11:30:20.762000,0,0,0,0,0,1,0,0,0,0,0,0,0,0,0,0,0,0,0,0,0,0,0
2022-04-29 11:30:20.762,2022-04-29 11:31:41.762000,0,0,0,0,0,1,0,0,0,0,0,0,0,0,0,0,0,0,0,0,0,0,0
2022-04-29 11:31:49.762,2022-04-29 11:44:03.762000,1,0,0,0,0,0,0,0,0,0,0,0,0,0,0,0,0,0,0,0,0,0,0
2022-04-29 11:44:03.762,2022-04-29 11:45:28.762000,0,0,0,0,1,0,0,0,0,0,0,0,0,0,0,0,0,0,0,0,0,0,0
2022-04-29 11:45:28.762,2022-04-29 11:55:02.762000,1,0,0,0,0,0,0,0,0,0,0,0,0,0,0,0,0,0,0,0,0,0,0
2022-04-29 11:55:05.762,2022-04-29 11:56:23.762000,0,0,0,0,1,0,0,0,0,0,0,0,0,0,0,0,0,0,0,0,0,0,0
2022-04-29 11:56:23.762,2022-04-29 11:59:58.762000,1,0,0,0,0,0,0,0,0,0,0,0,0,0,0,0,0,0,0,0,0,0,0
2022-04-29 12:00:15.762,2022-04-29 12:10:27.775000,0,0,0,0,0,1,0,0,0,0,0,0,0,0,0,0,0,0,0,0,0,0,0
2022-04-29 12:10:27.775,2022-04-29 12:17:09.775000,0,1,0,0,0,0,0,0,0,0,0,0,0,0,0,0,0,0,0,0,0,0,0
2022-04-29 12:17:09.775,2022-04-29 12:20:24.775000,1,0,0,0,0,0,0,0,0,0,0,0,0,0,0,0,0,0,0,0,0,0,0
2022-04-29 12:20:24.775,2022-04-29 12:22:59.775000,1,0,0,0,0,0,0,0,0,0,0,0,0,0,0,0,0,0,0,0,0,0,0
2022-04-29 12:22:59.775,2022-04-29 12:23:53.775000,0,0,0,0,1,0,0,0,0,0,0,0,0,0,0,0,0,0,0,0,0,0,0
2022-04-29 12:23:53.775,2022-04-29 12:28:38.775000,1,0,0,0,0,0,0,0,0,0,0,0,0,0,0,0,0,0,0,0,0,0,0
2022-04-29 12:28:38.775,2022-04-29 12:37:02.775000,1,0,0,0,0,0,0,0,0,0,0,0,0,0,0,0,0,0,0,0,0,0,0
2022-04-29 12:37:03.775,2022-04-29 12:37:40.775000,0,0,0,0,1,0,0,0,0,0,0,0,0,0,0,0,0,0,0,0,0,0,0
2022-04-29 12:37:40.775,2022-04-29 12:38:20.775000,1,0,0,0,0,0,0,0,0,0,0,0,0,0,0,0,0,0,0,0,0,0,0
2022-04-29 12:38:20.775,2022-04-29 12:38:53.775000,0,1,0,0,0,0,0,0,0,0,0,0,0,0,0,0,0,0,0,0,0,0,0
2022-04-29 12:38:53.775,2022-04-29 12:39:41.775000,1,0,0,0,0,0,0,0,0,0,0,0,0,0,0,0,0,0,0,0,0,0,0
2022-04-29 12:39:41.775,2022-04-29 12:39:59.775000,0,1,0,0,0,0,0,0,0,0,0,0,0,0,0,0,0,0,0,0,0,0,0
2022-04-29 12:39:59.775,2022-04-29 12:43:00.775000,1,0,0,0,0,0,0,0,0,0,0,0,0,0,0,0,0,0,0,0,0,0,0
2022-04-29 12:43:00.775,2022-04-29 12:43:12.775000,0,1,0,0,0,0,0,0,0,0,0,0,0,0,0,0,0,0,0,0,0,0,0
2022-04-29 12:43:12.775,2022-04-29 12:50:47.775000,1,0,0,0,0,0,0,0,0,0,0,0,0,0,0,0,0,0,0,0,0,0,0
2022-04-29 12:50:47.775,2022-04-29 12:51:25.775000,0,1,0,0,0,0,0,0,0,0,0,0,0,0,0,0,0,0,0,0,0,0,0
2022-04-29 12:51:25.775,2022-04-29 12:52:43.775000,1,0,0,0,0,0,0,0,0,0,0,0,0,0,0,0,0,0,0,0,0,0,0
2022-04-29 12:52:43.775,2022-04-29 12:53:28.775000,0,1,0,0,0,0,0,0,0,0,0,0,0,0,0,0,0,0,0,0,0,0,0
2022-04-29 12:53:28.775,2022-04-29 12:53:41.775000,0,0,0,0,1,0,0,0,0,0,0,0,0,0,0,0,0,0,0,0,0,0,0
2022-04-29 12:53:41.775,2022-04-29 13:10:36.787000,1,0,0,0,0,0,0,0,0,0,0,0,0,0,0,0,0,0,0,0,0,0,0
2022-04-29 13:10:36.787,2022-04-29 13:11:32.787000,1,0,0,0,0,0,0,0,0,0,0,0,0,0,0,0,0,0,0,0,0,0,0
2022-04-29 13:11:32.787,2022-04-29 13:18:38.787000,1,0,0,0,0,0,0,0,0,0,0,0,0,0,0,0,0,0,0,0,0,0,0
2022-04-29 13:18:38.787,2022-04-29 13:18:51.787000,1,0,0,0,0,0,0,0,0,0,0,0,0,0,0,0,0,0,0,0,0,0,0
2022-04-29 13:18:51.787,2022-04-29 13:26:21.787000,1,0,0,0,0,0,0,0,0,0,0,0,0,0,0,0,0,0,0,0,0,0,0
2022-04-29 13:26:34.787,2022-04-29 14:11:07.800000,1,0,0,0,0,0,0,0,0,0,0,0,0,0,0,0,0,0,0,0,0,0,0
2022-04-29 14:11:07.800,2022-04-29 14:12:55.800000,1,0,0,0,0,0,0,0,0,0,0,0,0,0,0,0,0,0,0,0,0,0,0
2022-04-29 14:12:55.800,2022-04-29 14:13:10.800000,1,0,0,0,0,0,0,0,0,0,0,0,0,0,0,0,0,0,0,0,0,0,0
2022-04-29 14:13:10.800,2022-04-29 14:16:02.800000,1,0,0,0,0,0,0,0,0,0,0,0,0,0,0,0,0,0,0,0,0,0,0
2022-04-29 14:16:02.800,2022-04-29 14:16:23.800000,0,0,0,0,1,0,0,0,0,0,0,0,0,0,0,0,0,0,0,0,0,0,0
2022-04-29 14:16:27.800,2022-04-29 14:18:22.800000,1,0,0,0,0,0,0,0,0,0,0,0,0,0,0,0,0,0,0,0,0,0,0
2022-04-29 14:18:22.800,2022-04-29 14:18:45.800000,0,1,0,0,0,0,0,0,0,0,0,0,0,0,0,0,0,0,0,0,0,0,0
2022-04-29 14:18:45.800,2022-04-29 14:19:22.800000,1,0,0,0,0,0,0,0,0,0,0,0,0,0,0,0,0,0,0,0,0,0,0
2022-04-29 14:19:22.800,2022-04-29 14:19:47.800000,1,0,0,0,0,0,0,0,0,0,0,0,0,0,0,0,0,0,0,0,0,0,0
2022-04-29 14:19:47.800,2022-04-29 14:20:15.800000,0,1,0,0,0,0,0,0,0,0,0,0,0,0,0,0,0,0,0,0,0,0,0
2022-04-29 14:20:15.800,2022-04-29 14:20:26.800000,0,0,0,0,1,0,0,0,0,0,0,0,0,0,0,0,0,0,0,0,0,0,0
2022-04-29 14:20:26.800,2022-04-29 14:20:36.800000,0,1,0,0,0,0,0,0,0,0,0,0,0,0,0,0,0,0,0,0,0,0,0
2022-04-29 14:20:36.800,2022-04-29 14:20:58.800000,0,0,0,0,1,0,0,0,0,0,0,0,0,0,0,0,0,0,0,0,0,0,0
2022-04-29 14:20:58.800,2022-04-29 14:31:13.800000,1,0,0,0,0,0,0,0,0,0,0,0,0,0,0,0,0,0,0,0,0,0,0
2022-04-29 14:31:13.800,2022-04-29 14:36:53.800000,1,0,0,0,0,0,0,0,0,0,0,0,0,0,0,0,0,0,0,0,0,0,0
2022-04-29 14:36:53.800,2022-04-29 14:38:33.800000,1,0,0,0,0,0,0,0,0,0,0,0,0,0,0,0,0,0,0,0,0,0,0
2022-04-29 14:38:33.800,2022-04-29 14:58:09.812000,1,0,0,0,0,0,0,0,0,0,0,0,0,0,0,0,0,0,0,0,0,0,0
2022-04-29 14:58:09.812,2022-04-29 14:58:27.812000,0,0,0,0,1,0,0,0,0,0,0,0,0,0,0,0,0,0,0,0,0,0,0
2022-04-29 14:58:27.812,2022-04-29 14:58:30.812000,0,1,0,0,0,0,0,0,0,0,0,0,0,0,0,0,0,0,0,0,0,0,0
2022-04-29 14:58:30.812,2022-04-29 14:58:59.812000,0,0,0,0,1,0,0,0,0,0,0,0,0,0,0,0,0,0,0,0,0,0,0
2022-04-29 14:58:59.812,2022-04-29 15:44:35.812000,1,0,0,0,0,0,0,0,0,0,0,0,0,0,0,0,0,0,0,0,0,0,0
2022-04-29 15:44:35.812,2022-04-29 15:45:54.812000,1,0,0,0,0,0,0,0,0,0,0,0,0,0,0,0,0,0,0,0,0,0,0
2022-04-29 15:45:54.812,2022-04-29 15:46:08.812000,1,0,0,0,0,0,0,0,0,0,0,0,0,0,0,0,0,0,0,0,0,0,0
2022-04-29 15:46:08.812,2022-04-29 15:46:49.812000,1,0,0,0,0,0,0,0,0,0,0,0,0,0,0,0,0,0,0,0,0,0,0
2022-04-29 15:46:49.812,2022-04-29 15:47:16.825000,1,0,0,0,0,0,0,0,0,0,0,0,0,0,0,0,0,0,0,0,0,0,0
2022-04-29 15:47:16.825,2022-04-29 15:47:34.825000,0,0,0,0,1,0,0,0,0,0,0,0,0,0,0,0,0,0,0,0,0,0,0
2022-04-29 15:47:34.825,2022-04-29 15:49:01.825000,0,1,0,0,0,0,0,0,0,0,0,0,0,0,0,0,0,0,0,0,0,0,0
2022-04-29 15:49:01.825,2022-04-29 15:49:37.825000,0,0,0,0,1,0,0,0,0,0,0,0,0,0,0,0,0,0,0,0,0,0,0
2022-04-29 15:49:37.825,2022-04-29 15:49:53.825000,0,0,0,0,0,0,0,0,0,0,0,0,0,1,0,0,0,0,0,0,0,0,0
2022-04-29 15:49:53.825,2022-04-29 15:50:52.825000,1,0,0,0,0,0,0,0,0,0,0,0,0,0,0,0,0,0,0,0,0,0,0
2022-04-29 15:50:52.825,2022-04-29 15:51:18.825000,0,0,0,0,0,0,0,0,0,0,0,0,0,0,0,0,0,1,0,0,0,0,0
2022-04-29 15:51:24.825,2022-04-29 15:51:50.825000,0,0,0,0,1,0,0,0,0,0,0,0,0,0,0,0,0,0,0,0,0,0,0
2022-04-29 15:51:50.825,2022-04-29 15:52:53.825000,0,0,0,0,1,0,0,0,0,0,0,0,0,0,0,0,0,0,0,0,0,0,0
2022-04-29 15:52:58.825,2022-04-29 15:53:38.825000,0,1,0,0,0,0,0,0,0,0,0,0,0,0,0,0,0,0,0,0,0,0,0
2022-04-29 15:53:38.825,2022-04-29 15:54:00.825000,0,0,0,0,1,0,0,0,0,0,0,0,0,0,0,0,0,0,0,0,0,0,0
2022-04-29 15:54:00.825,2022-04-29 15:54:33.825000,0,1,0,0,0,0,0,0,0,0,0,0,0,0,0,0,0,0,0,0,0,0,0
2022-04-29 15:54:33.825,2022-04-29 15:57:19.825000,0,0,0,0,1,0,0,0,0,0,0,0,0,0,0,0,0,0,0,0,0,0,0
2022-04-29 15:57:19.825,2022-04-29 16:00:59.825000,0,1,0,0,0,0,0,0,0,0,0,0,0,0,0,0,0,0,0,0,0,0,0
2022-04-29 16:00:59.825,2022-04-29 16:01:33.825000,0,0,0,0,1,0,0,0,0,0,0,0,0,0,0,0,0,0,0,0,0,0,0
2022-04-29 16:01:33.825,2022-04-29 16:04:26.825000,0,1,0,0,0,0,0,0,0,0,0,0,0,0,0,0,0,0,0,0,0,0,0
2022-04-29 16:04:26.825,2022-04-29 16:24:01.825000,1,0,0,0,0,0,0,0,0,0,0,0,0,0,0,0,0,0,0,0,0,0,0
2022-04-29 16:24:11.825,2022-04-29 16:26:05.825000,0,1,0,0,0,0,0,0,0,0,0,0,0,0,0,0,0,0,0,0,0,0,0
2022-04-29 16:26:05.825,2022-04-29 16:26:45.825000,0,0,0,0,1,0,0,0,0,0,0,0,0,0,0,0,0,0,0,0,0,0,0
2022-04-29 16:26:45.825,2022-04-29 16:27:17.825000,0,1,0,0,0,0,0,0,0,0,0,0,0,0,0,0,0,0,0,0,0,0,0
2022-04-29 16:27:17.825,2022-04-29 16:29:39.825000,0,0,0,0,1,0,0,0,0,0,0,0,0,0,0,0,0,0,0,0,0,0,0
2022-04-29 16:29:39.825,2022-04-29 16:44:00.837000,1,0,0,0,0,0,0,0,0,0,0,0,0,0,0,0,0,0,0,0,0,0,0
2022-04-29 16:44:00.837,2022-04-29 16:44:18.837000,1,0,0,0,0,0,0,0,0,0,0,0,0,0,0,0,0,0,0,0,0,0,0
2022-04-29 16:44:18.837,2022-04-29 16:44:30.837000,1,0,0,0,0,0,0,0,0,0,0,0,0,0,0,0,0,0,0,0,0,0,0
2022-04-29 16:44:30.837,2022-04-29 16:45:59.837000,1,0,0,0,0,0,0,0,0,0,0,0,0,0,0,0,0,0,0,0,0,0,0
2022-04-29 16:45:59.837,2022-04-29 16:49:27.837000,1,0,0,0,0,0,0,0,0,0,0,0,0,0,0,0,0,0,0,0,0,0,0
2022-04-29 16:49:27.837,2022-04-29 16:52:26.837000,1,0,0,0,0,0,0,0,0,0,0,0,0,0,0,0,0,0,0,0,0,0,0
2022-04-29 16:52:29.837,2022-04-29 16:52:59.837000,0,1,0,0,0,0,0,0,0,0,0,0,0,0,0,0,0,0,0,0,0,0,0
2022-04-29 16:52:59.837,2022-04-29 16:58:27.837000,0,0,0,0,1,0,0,0,0,0,0,0,0,0,0,0,0,0,0,0,0,0,0
2022-04-29 16:58:27.837,2022-04-29 16:58:43.837000,0,0,0,0,0,0,0,0,0,0,0,0,0,0,0,1,0,0,0,0,0,0,0
2022-04-29 16:58:48.837,2022-04-29 17:01:47.837000,0,0,0,0,1,0,0,0,0,0,0,0,0,0,0,0,0,0,0,0,0,0,0
2022-04-29 17:01:47.837,2022-04-29 17:02:59.837000,0,1,0,0,0,0,0,0,0,0,0,0,0,0,0,0,0,0,0,0,0,0,0
2022-04-29 17:02:59.837,2022-04-29 17:03:56.837000,0,1,0,0,0,0,0,0,0,0,0,0,0,0,0,0,0,0,0,0,0,0,0
2022-04-29 17:03:56.837,2022-04-29 17:11:07.837000,0,1,0,0,0,0,0,0,0,0,0,0,0,0,0,0,0,0,0,0,0,0,0
2022-04-29 17:11:07.837,2022-04-29 17:12:00.837000,0,0,0,0,0,1,0,0,0,0,0,0,0,0,0,0,0,0,0,0,0,0,0
2022-04-29 17:12:00.837,2022-04-29 17:19:02.837000,0,1,0,0,0,0,0,0,0,0,0,0,0,0,0,0,0,0,0,0,0,0,0
2022-04-29 17:19:06.837,2022-04-29 17:22:26.837000,1,0,0,0,0,0,0,0,0,0,0,0,0,0,0,0,0,0,0,0,0,0,0
2022-04-29 17:22:26.837,2022-04-29 17:22:51.837000,1,0,0,0,0,0,0,0,0,0,0,0,0,0,0,0,0,0,0,0,0,0,0
2022-04-29 17:22:51.837,2022-04-29 17:25:38.837000,1,0,0,0,0,0,0,0,0,0,0,0,0,0,0,0,0,0,0,0,0,0,0
2022-04-29 17:25:51.837,2022-04-29 17:28:28.837000,0,0,0,0,1,0,0,0,0,0,0,0,0,0,0,0,0,0,0,0,0,0,0
2022-04-29 17:28:28.837,2022-04-29 17:28:46.837000,0,1,0,0,0,0,0,0,0,0,0,0,0,0,0,0,0,0,0,0,0,0,0
2022-04-29 17:29:02.837,2022-04-29 17:44:28.850000,1,0,0,0,0,0,0,0,0,0,0,0,0,0,0,0,0,0,0,0,0,0,0
2022-04-29 17:44:28.850,2022-04-29 17:45:01.850000,1,0,0,0,0,0,0,0,0,0,0,0,0,0,0,0,0,0,0,0,0,0,0
2022-04-29 17:45:01.850,2022-04-29 17:45:58.850000,1,0,0,0,0,0,0,0,0,0,0,0,0,0,0,0,0,0,0,0,0,0,0
2022-04-29 17:45:58.850,2022-04-29 18:40:39.862000,1,0,0,0,0,0,0,0,0,0,0,0,0,0,0,0,0,0,0,0,0,0,0
2022-04-29 18:41:14.862,2022-04-29 18:42:30.862000,0,0,0,0,1,0,0,0,0,0,0,0,0,0,0,0,0,0,0,0,0,0,0
2022-04-29 18:42:30.862,2022-04-29 18:42:39.862000,0,0,0,0,0,0,0,0,0,0,0,0,0,0,0,1,0,0,0,0,0,0,0
2022-04-29 18:42:39.862,2022-04-29 18:46:46.862000,0,0,0,0,1,0,0,0,0,0,0,0,0,0,0,0,0,0,0,0,0,0,0
2022-04-29 18:46:49.862,2022-04-29 18:47:18.862000,0,1,0,0,0,0,0,0,0,0,0,0,0,0,0,0,0,0,0,0,0,0,0
2022-04-29 18:47:18.862,2022-04-29 18:47:46.862000,0,1,0,0,0,0,0,0,0,0,0,0,0,0,0,0,0,0,0,0,0,0,0
2022-04-29 18:47:46.862,2022-04-29 18:48:54.862000,0,0,0,0,1,0,0,0,0,0,0,0,0,0,0,0,0,0,0,0,0,0,0
2022-04-29 18:49:03.862,2022-04-29 18:53:01.862000,0,0,0,0,0,1,0,0,0,0,0,0,0,0,0,0,0,0,0,0,0,0,0
2022-04-29 18:53:01.862,2022-04-29 19:02:05.862000,1,0,0,0,0,0,0,0,0,0,0,0,0,0,0,0,0,0,0,0,0,0,0
2022-04-29 19:02:08.862,2022-04-29 19:09:48.862000,1,0,0,0,0,0,0,0,0,0,0,0,0,0,0,0,0,0,0,0,0,0,0
2022-04-29 19:09:48.862,2022-04-29 19:10:44.862000,0,0,0,0,0,0,0,0,0,0,0,0,1,0,0,0,0,0,0,0,0,0,0
2022-04-29 19:10:44.862,2022-04-29 19:11:57.862000,0,0,0,0,0,0,0,0,0,0,0,0,1,0,0,0,0,0,0,0,0,0,0
2022-04-29 19:11:59.862,2022-04-29 19:12:34.862000,1,0,0,0,0,0,0,0,0,0,0,0,0,0,0,0,0,0,0,0,0,0,0
2022-04-29 19:12:37.862,2022-04-29 19:17:30.862000,0,0,0,0,0,0,0,0,0,0,0,0,1,0,0,0,0,0,0,0,0,0,0
2022-04-29 19:17:35.862,2022-04-29 19:20:40.862000,1,0,0,0,0,0,0,0,0,0,0,0,0,0,0,0,0,0,0,0,0,0,0
2022-04-29 19:20:48.862,2022-04-29 19:22:57.862000,1,0,0,0,0,0,0,0,0,0,0,0,0,0,0,0,0,0,0,0,0,0,0
2022-04-29 19:23:02.862,2022-04-29 19:26:31.862000,1,0,0,0,0,0,0,0,0,0,0,0,0,0,0,0,0,0,0,0,0,0,0
2022-04-29 19:26:34.862,2022-04-29 19:28:22.862000,0,0,0,0,0,0,0,0,0,0,0,0,1,0,0,0,0,0,0,0,0,0,0
2022-04-29 19:28:24.862,2022-04-29 19:44:40.875000,1,0,0,0,0,0,0,0,0,0,0,0,0,0,0,0,0,0,0,0,0,0,0
2022-04-29 19:44:43.875,2022-04-29 19:50:09.875000,1,0,0,0,0,0,0,0,0,0,0,0,0,0,0,0,0,0,0,0,0,0,0
2022-04-29 19:50:12.875,2022-04-29 19:50:31.875000,1,0,0,0,0,0,0,0,0,0,0,0,0,0,0,0,0,0,0,0,0,0,0
2022-04-29 19:50:34.875,2022-04-29 19:51:07.875000,0,0,0,0,0,1,0,0,0,0,0,0,0,0,0,0,0,0,0,0,0,0,0
2022-04-29 19:51:10.875,2022-04-29 20:15:38.875000,1,0,0,0,0,0,0,0,0,0,0,0,0,0,0,0,0,0,0,0,0,0,0
2022-04-29 20:15:39.875,2022-04-29 20:34:12.887000,0,0,0,0,0,0,0,0,0,0,0,0,1,0,0,0,0,0,0,0,0,0,0
2022-04-29 20:34:16.887,2022-04-29 20:35:45.887000,0,0,0,0,0,0,0,0,0,0,0,0,1,0,0,0,0,0,0,0,0,0,0
2022-04-29 20:35:46.887,2022-04-29 20:35:58.887000,0,0,0,0,0,0,0,0,0,0,0,0,1,0,0,0,0,0,0,0,0,0,0
2022-04-29 20:36:01.887,2022-04-29 20:39:50.887000,0,0,0,0,0,0,0,0,0,0,0,0,1,0,0,0,0,0,0,0,0,0,0
2022-04-29 20:39:53.887,2022-04-29 20:40:24.887000,0,0,0,0,0,0,0,0,0,0,0,0,1,0,0,0,0,0,0,0,0,0,0
2022-04-29 20:40:28.887,2022-04-29 20:52:19.887000,0,0,0,0,0,0,0,0,0,0,0,0,1,0,0,0,0,0,0,0,0,0,0
2022-04-29 20:52:20.887,2022-04-29 21:05:51.887000,0,0,0,0,0,0,0,0,0,0,0,0,1,0,0,0,0,0,0,0,0,0,0
2022-04-29 21:06:05.887,2022-04-29 21:11:59.887000,0,0,0,0,0,0,0,0,0,0,0,0,1,0,0,0,0,0,0,0,0,0,0
2022-04-29 21:12:03.887,2022-04-29 21:12:53.887000,0,0,0,0,0,0,0,0,0,0,0,0,1,0,0,0,0,0,0,0,0,0,0
2022-04-29 21:12:54.887,2022-04-29 21:13:37.887000,0,0,0,0,0,0,0,0,0,0,0,0,1,0,0,0,0,0,0,0,0,0,0
2022-04-29 21:13:39.887,2022-04-29 21:14:00.887000,1,0,0,0,0,0,0,0,0,0,0,0,0,0,0,0,0,0,0,0,0,0,0
2022-04-29 21:14:05.887,2022-04-29 21:16:03.887000,0,0,0,0,1,0,0,0,0,0,0,0,0,0,0,0,0,0,0,0,0,0,0
2022-04-29 21:16:05.887,2022-04-29 21:16:38.887000,0,1,0,0,0,0,0,0,0,0,0,0,0,0,0,0,0,0,0,0,0,0,0
2022-04-29 21:16:38.887,2022-04-29 21:20:44.887000,0,1,0,0,0,0,0,0,0,0,0,0,0,0,0,0,0,0,0,0,0,0,0
2022-04-29 21:20:46.887,2022-04-29 21:21:16.887000,0,0,0,0,1,0,0,0,0,0,0,0,0,0,0,0,0,0,0,0,0,0,0
2022-04-29 21:21:19.887,2022-04-29 21:21:47.887000,0,1,0,0,0,0,0,0,0,0,0,0,0,0,0,0,0,0,0,0,0,0,0
2022-04-29 21:21:49.887,2022-04-29 21:23:17.900000,0,0,0,0,1,0,0,0,0,0,0,0,0,0,0,0,0,0,0,0,0,0,0
2022-04-29 21:23:19.900,2022-04-29 21:24:50.900000,0,0,0,0,0,1,0,0,0,0,0,0,0,0,0,0,0,0,0,0,0,0,0
2022-04-29 21:24:57.900,2022-04-29 21:30:21.900000,1,0,0,0,0,0,0,0,0,0,0,0,0,0,0,0,0,0,0,0,0,0,0
2022-04-29 21:30:24.900,2022-04-29 21:38:10.900000,1,0,0,0,0,0,0,0,0,0,0,0,0,0,0,0,0,0,0,0,0,0,0
2022-04-29 21:38:13.900,2022-04-29 21:39:01.900000,1,0,0,0,0,0,0,0,0,0,0,0,0,0,0,0,0,0,0,0,0,0,0
2022-04-29 21:39:08.900,2022-04-29 21:42:00.900000,1,0,0,0,0,0,0,0,0,0,0,0,0,0,0,0,0,0,0,0,0,0,0
2022-04-29 21:42:01.900,2022-04-29 21:43:07.900000,1,0,0,0,0,0,0,0,0,0,0,0,0,0,0,0,0,0,0,0,0,0,0
2022-04-29 21:43:10.900,2022-04-29 21:49:36.900000,1,0,0,0,0,0,0,0,0,0,0,0,0,0,0,0,0,0,0,0,0,0,0
2022-04-29 21:49:37.900,2022-04-29 21:51:11.900000,1,0,0,0,0,0,0,0,0,0,0,0,0,0,0,0,0,0,0,0,0,0,0
2022-04-29 21:51:16.900,2022-04-29 22:02:10.900000,1,0,0,0,0,0,0,0,0,0,0,0,0,0,0,0,0,0,0,0,0,0,0
2022-04-29 22:02:12.900,2022-04-29 22:03:38.900000,0,0,0,0,0,1,0,0,0,0,0,0,0,0,0,0,0,0,0,0,0,0,0
2022-04-29 22:03:39.900,2022-04-29 22:06:00.900000,1,0,0,0,0,0,0,0,0,0,0,0,0,0,0,0,0,0,0,0,0,0,0
2022-04-29 22:06:02.900,2022-04-29 22:06:21.900000,0,0,0,0,1,0,0,0,0,0,0,0,0,0,0,0,0,0,0,0,0,0,0
2022-04-29 22:06:24.900,2022-04-29 22:09:42.900000,1,0,0,0,0,0,0,0,0,0,0,0,0,0,0,0,0,0,0,0,0,0,0
2022-04-29 22:09:47.900,2022-04-29 22:17:39.900000,1,0,0,0,0,0,0,0,0,0,0,0,0,0,0,0,0,0,0,0,0,0,0
2022-04-29 22:17:44.900,2022-04-29 22:22:21.912000,1,0,0,0,0,0,0,0,0,0,0,0,0,0,0,0,0,0,0,0,0,0,0
2022-04-29 22:22:25.912,2022-04-29 22:40:25.912000,1,0,0,0,0,0,0,0,0,0,0,0,0,0,0,0,0,0,0,0,0,0,0
2022-04-29 22:40:25.912,2022-04-29 22:40:35.912000,0,0,0,0,1,0,0,0,0,0,0,0,0,0,0,0,0,0,0,0,0,0,0
2022-04-29 22:40:35.912,2022-04-29 22:40:37.912000,0,1,0,0,0,0,0,0,0,0,0,0,0,0,0,0,0,0,0,0,0,0,0
2022-04-29 22:40:38.912,2022-04-29 22:40:52.912000,0,1,0,0,0,0,0,0,0,0,0,0,0,0,0,0,0,0,0,0,0,0,0
2022-04-29 22:40:52.912,2022-04-29 22:41:02.912000,0,0,0,0,1,0,0,0,0,0,0,0,0,0,0,0,0,0,0,0,0,0,0
2022-04-29 22:41:02.912,2022-04-29 23:05:15.912000,1,0,0,0,0,0,0,0,0,0,0,0,0,0,0,0,0,0,0,0,0,0,0
2022-04-29 22:56:03.912,2022-04-29 22:56:04.912000,0,0,0,0,1,0,0,0,0,0,0,0,0,0,0,0,0,0,0,0,0,0,0
2022-04-29 23:05:17.912,2022-04-29 23:06:06.912000,0,1,0,0,0,0,0,0,0,0,0,0,0,0,0,0,0,0,0,0,0,0,0
2022-04-29 23:06:08.912,2022-04-29 23:06:31.912000,0,0,0,0,1,0,0,0,0,0,0,0,0,0,0,0,0,0,0,0,0,0,0
2022-04-29 23:06:37.912,2022-04-29 23:07:37.912000,1,0,0,0,0,0,0,0,0,0,0,0,0,0,0,0,0,0,0,0,0,0,0
2022-04-29 23:07:38.912,2022-04-29 23:08:27.912000,0,0,0,0,1,0,0,0,0,0,0,0,0,0,0,0,0,0,0,0,0,0,0
2022-04-29 23:08:31.912,2022-04-29 23:09:08.912000,0,1,0,0,0,0,0,0,0,0,0,0,0,0,0,0,0,0,0,0,0,0,0
2022-04-29 23:09:09.912,2022-04-29 23:13:04.912000,0,1,0,0,0,0,0,0,0,0,0,0,0,0,0,0,0,0,0,0,0,0,0
2022-04-29 23:13:04.912,2022-04-29 23:14:21.925000,0,0,0,0,1,0,0,0,0,0,0,0,0,0,0,0,0,0,0,0,0,0,0
2022-04-29 23:14:22.925,2022-04-29 23:40:07.925000,1,0,0,0,0,0,0,0,0,0,0,0,0,0,0,0,0,0,0,0,0,0,0
2022-04-29 23:40:08.925,2022-04-29 23:40:14.925000,0,1,0,0,0,0,0,0,0,0,0,0,0,0,0,0,0,0,0,0,0,0,0
2022-04-29 23:40:15.925,2022-04-29 23:40:30.925000,0,0,0,0,1,0,0,0,0,0,0,0,0,0,0,0,0,0,0,0,0,0,0
2022-04-29 23:40:30.925,2022-04-29 23:40:36.925000,0,0,0,0,0,0,0,0,0,0,0,0,0,0,1,0,0,0,0,0,0,0,0
2022-04-29 23:40:36.925,2022-04-29 23:40:54.925000,0,0,0,0,1,0,0,0,0,0,0,0,0,0,0,0,0,0,0,0,0,0,0
2022-04-29 23:40:59.925,2022-04-29 23:45:11.925000,0,0,1,1,0,0,0,0,0,0,0,0,0,0,0,0,0,0,0,0,0,0,0
2022-04-29 23:45:12.925,2022-04-29 23:45:20.925000,0,0,1,1,0,0,0,0,0,0,0,0,0,0,0,0,0,0,0,0,0,0,0
2022-04-30 06:59:11.062,2022-04-30 06:59:55.062000,1,0,0,0,0,0,0,0,0,0,0,0,0,0,0,0,0,0,0,0,0,0,0
2022-04-30 06:59:55.062,2022-04-30 07:00:08.062000,0,0,0,0,1,0,0,0,0,0,0,0,0,0,0,0,0,0,0,0,0,0,0
2022-04-30 07:00:14.062,2022-04-30 07:57:05,0,0,0,0,0,0,0,0,0,0,0,0,0,0,0,0,0,0,0,1,0,0,0
2022-04-30 07:57:05.000,2022-04-30 07:57:52,0,0,0,0,1,0,0,0,0,0,0,0,0,0,0,0,0,0,0,0,0,0,0
2022-04-30 07:57:52.000,2022-04-30 07:58:23,0,0,0,0,0,0,0,0,0,0,0,0,0,0,0,0,0,0,0,0,1,0,0
2022-04-30 07:58:23.000,2022-04-30 07:58:50,0,0,0,0,1,0,0,0,0,0,0,0,0,0,0,0,0,0,0,0,0,0,0
2022-04-30 07:58:50.000,2022-04-30 07:59:39,0,0,0,0,0,0,0,0,0,0,0,0,0,0,0,0,0,0,0,0,1,0,0
2022-04-30 07:59:39.000,2022-04-30 08:00:13,0,0,0,0,1,0,0,0,0,0,0,0,0,0,0,0,0,0,0,0,0,0,0
2022-04-30 08:00:13.000,2022-04-30 08:00:39,0,0,0,0,1,0,0,0,0,0,0,0,0,0,0,0,0,0,0,0,0,0,0
2022-04-30 08:00:39.000,2022-04-30 08:01:30,0,0,0,0,1,0,0,0,0,0,0,0,0,0,0,0,0,0,0,0,0,0,0
2022-04-30 08:01:30.000,2022-04-30 08:01:56,0,0,0,0,1,0,0,0,0,0,0,0,0,0,0,0,0,0,0,0,0,0,0
2022-04-30 08:01:56.000,2022-04-30 08:02:42,0,0,0,0,1,0,0,0,0,0,0,0,0,0,0,0,0,0,0,0,0,0,0
2022-04-30 08:02:42.000,2022-04-30 08:02:53,0,0,0,0,1,0,0,0,0,0,0,0,0,0,0,0,0,0,0,0,0,0,0
2022-04-30 08:02:53.000,2022-04-30 08:04:52,0,0,0,0,0,0,0,0,0,0,0,0,1,0,0,0,0,0,0,0,0,0,0
2022-04-30 08:04:52.000,2022-04-30 08:05:07,0,1,0,0,0,0,0,0,0,0,0,0,0,0,0,0,0,0,0,0,0,0,0
2022-04-30 08:05:07.000,2022-04-30 08:07:13,0,0,0,0,0,0,0,0,0,0,0,0,0,0,0,0,0,0,0,1,0,0,0
2022-04-30 08:07:13.000,2022-04-30 08:11:56.987000,0,0,0,0,0,0,0,0,0,0,0,0,0,0,0,0,0,0,0,1,0,0,0
2022-04-30 08:11:56.987,2022-04-30 08:12:11.987000,0,0,0,0,1,0,0,0,0,0,0,0,0,0,0,0,0,0,0,0,0,0,0
2022-04-30 08:12:11.987,2022-04-30 08:15:07.987000,0,0,0,0,1,0,0,0,0,0,0,0,0,0,0,0,0,0,0,0,0,0,0
2022-04-30 08:15:07.987,2022-04-30 08:15:25.987000,0,0,0,0,1,0,0,0,0,0,0,0,0,0,0,0,0,0,0,0,0,0,0
2022-04-30 08:15:25.987,2022-04-30 08:25:45.975000,0,0,0,0,0,0,0,0,0,0,0,0,0,0,0,0,0,0,0,1,0,0,0
2022-04-30 08:25:45.975,2022-04-30 08:26:26.975000,0,0,0,0,0,0,0,0,0,0,0,0,0,0,0,0,0,0,0,1,0,0,0
2022-04-30 08:26:26.975,2022-04-30 08:53:48.950000,0,0,0,0,0,0,0,0,0,0,0,0,0,0,0,0,0,0,0,1,0,0,0
2022-04-30 08:53:48.950,2022-04-30 08:56:10.950000,0,0,0,0,0,0,0,0,0,0,0,0,0,0,0,0,0,0,0,1,0,0,0
2022-04-30 08:56:10.950,2022-04-30 08:58:13.950000,0,0,0,0,0,0,0,0,0,0,0,0,0,0,0,0,0,0,0,1,0,0,0
2022-04-30 08:58:13.950,2022-04-30 10:01:18.887000,0,0,0,0,0,0,0,0,0,0,0,0,0,0,0,0,0,0,0,1,0,0,0
2022-04-30 10:01:18.887,2022-04-30 10:01:36.887000,0,0,0,0,1,0,0,0,0,0,0,0,0,0,0,0,0,0,0,0,0,0,0
2022-04-30 10:01:36.887,2022-04-30 10:04:14.887000,0,0,0,0,1,0,0,0,0,0,0,0,0,0,0,0,0,0,0,0,0,0,0
2022-04-30 10:04:50.887,2022-04-30 10:07:42.875000,0,0,1,1,0,0,0,0,0,0,0,0,0,0,0,0,0,0,0,0,0,0,0
2022-04-30 10:07:54.875,2022-04-30 10:08:11.875000,0,0,0,0,1,0,0,0,0,0,0,0,0,0,0,0,0,0,0,0,0,0,0
2022-04-30 10:08:18.875,2022-04-30 12:00:07.775000,0,0,0,0,0,0,0,0,0,0,0,0,1,0,0,0,0,0,0,0,0,0,0
2022-04-30 12:02:18.762,2022-04-30 12:20:00.750000,0,0,1,1,0,0,0,0,0,0,0,0,0,0,0,0,0,0,0,0,0,0,0
2022-04-30 12:20:07.750,2022-04-30 12:22:23.750000,0,0,0,0,1,0,0,0,0,0,0,0,0,0,0,0,0,0,0,0,0,0,0
2022-04-30 12:22:35.750,2022-04-30 12:54:06.712000,1,0,0,0,0,0,0,0,0,0,0,0,0,0,0,0,0,0,0,0,0,0,0
2022-04-30 12:57:10.712,2022-04-30 12:58:19.712000,1,0,0,0,0,0,0,0,0,0,0,0,0,0,0,0,0,0,0,0,0,0,0
2022-04-30 13:00:04.712,2022-04-30 13:00:32.712000,0,0,0,0,1,0,0,0,0,0,0,0,0,0,0,0,0,0,0,0,0,0,0
2022-04-30 13:00:33.712,2022-04-30 13:07:19.700000,0,0,0,0,1,0,0,0,0,0,0,0,0,0,0,0,0,0,0,0,0,0,0
2022-04-30 13:07:20.700,2022-04-30 13:12:58.700000,0,0,0,0,0,1,0,0,0,0,0,0,0,0,0,0,0,0,0,0,0,0,0
2022-04-30 13:12:59.700,2022-04-30 13:21:15.687000,0,0,0,0,0,0,0,0,0,0,0,0,0,0,0,0,0,0,0,0,1,0,0
2022-04-30 13:21:25.687,2022-04-30 13:24:17.687000,0,0,0,0,0,1,0,0,0,0,0,0,0,0,0,0,0,0,0,0,0,0,0
2022-04-30 13:24:23.687,2022-04-30 13:31:22.687000,0,0,0,0,1,0,0,0,0,0,0,0,0,0,0,0,0,0,0,0,0,0,0
2022-04-30 13:31:23.687,2022-04-30 13:32:12.687000,0,0,0,0,1,0,0,0,0,0,0,0,0,0,0,0,0,0,0,0,0,0,0
2022-04-30 13:32:17.687,2022-04-30 13:36:10.675000,0,0,0,0,1,0,0,0,0,0,0,0,0,0,0,0,0,0,0,0,0,0,0
2022-04-30 13:36:48.675,2022-04-30 13:49:07.662000,1,0,0,0,0,0,0,0,0,0,0,0,0,0,0,0,0,0,0,0,0,0,0
2022-04-30 13:50:30.662,2022-04-30 14:01:01.650000,1,0,0,0,0,0,0,0,0,0,0,0,0,0,0,0,0,0,0,0,0,0,0
2022-04-30 14:02:05.650,2022-04-30 16:31:51.512000,1,0,0,0,0,0,0,0,0,0,0,0,0,0,0,0,0,0,0,0,0,0,0
2022-04-30 16:31:57.512,2022-04-30 16:33:09.512000,0,0,0,0,1,0,0,0,0,0,0,0,0,0,0,0,0,0,0,0,0,0,0
2022-04-30 16:33:09.512,2022-04-30 16:42:26.500000,0,0,1,1,0,0,0,0,0,0,0,0,0,0,0,0,0,0,0,0,0,0,0
2022-04-30 16:42:26.500,2022-04-30 16:42:48.500000,0,0,0,0,1,0,0,0,0,0,0,0,0,0,0,0,0,0,0,0,0,0,0
2022-04-30 16:42:48.500,2022-04-30 16:43:43.500000,0,0,0,0,1,0,0,0,0,0,0,0,0,0,0,0,0,0,0,0,0,0,0
2022-04-30 16:43:43.500,2022-04-30 16:43:57.500000,0,0,0,0,1,0,0,0,0,0,0,0,0,0,0,0,0,0,0,0,0,0,0
2022-04-30 16:43:57.500,2022-04-30 16:44:47.500000,0,0,0,0,1,0,0,0,0,0,0,0,0,0,0,0,0,0,0,0,0,0,0
2022-04-30 16:44:47.500,2022-04-30 16:45:48.500000,0,0,0,0,1,0,0,0,0,0,0,0,0,0,0,0,0,0,0,0,0,0,0
2022-04-30 16:45:48.500,2022-04-30 16:48:13.487000,0,1,0,0,0,0,0,0,0,0,0,0,0,0,0,0,0,0,0,0,0,0,0
2022-04-30 16:48:13.487,2022-04-30 16:48:52.487000,0,0,0,0,1,0,0,0,0,0,0,0,0,0,0,0,0,0,0,0,0,0,0
2022-04-30 16:48:52.487,2022-04-30 16:53:11.487000,1,0,0,0,0,0,0,0,0,0,0,0,0,0,0,0,0,0,0,0,0,0,0
2022-04-30 16:53:11.487,2022-04-30 17:42:20.437000,1,0,0,0,0,0,0,0,0,0,0,0,0,0,0,0,0,0,0,0,0,0,0
2022-04-30 17:42:20.437,2022-04-30 18:06:19.412000,1,0,0,0,0,0,0,0,0,0,0,0,0,0,0,0,0,0,0,0,0,0,0
2022-04-30 18:06:19.412,2022-04-30 18:07:01.412000,0,0,0,0,1,0,0,0,0,0,0,0,0,0,0,0,0,0,0,0,0,0,0
2022-04-30 18:07:01.412,2022-04-30 18:07:50.412000,0,1,0,0,0,0,0,0,0,0,0,0,0,0,0,0,0,0,0,0,0,0,0
2022-04-30 18:07:50.412,2022-04-30 18:08:15.412000,0,0,0,0,1,0,0,0,0,0,0,0,0,0,0,0,0,0,0,0,0,0,0
2022-04-30 18:08:15.412,2022-04-30 18:10:28.412000,1,0,0,0,0,0,0,0,0,0,0,0,0,0,0,0,0,0,0,0,0,0,0
2022-04-30 18:10:28.412,2022-04-30 18:10:55.412000,0,0,0,0,1,0,0,0,0,0,0,0,0,0,0,0,0,0,0,0,0,0,0
2022-04-30 18:10:55.412,2022-04-30 18:13:26.412000,0,1,0,0,0,0,0,0,0,0,0,0,0,0,0,0,0,0,0,0,0,0,0
2022-04-30 18:13:26.412,2022-04-30 18:13:35.412000,0,0,0,0,1,0,0,0,0,0,0,0,0,0,0,0,0,0,0,0,0,0,0
2022-04-30 18:13:35.412,2022-04-30 19:06:29.362000,0,0,0,0,0,0,0,0,0,0,0,0,1,0,0,0,0,0,0,0,0,0,0
2022-04-30 19:06:29.362,2022-04-30 19:08:53.362000,0,0,0,0,0,0,0,0,0,0,0,0,1,0,0,0,0,0,0,0,0,0,0
2022-04-30 19:08:53.362,2022-04-30 19:39:25.325000,0,0,0,0,0,0,0,0,0,0,0,0,1,0,0,0,0,0,0,0,0,0,0
2022-04-30 19:39:25.325,2022-04-30 19:39:40.325000,0,0,0,0,1,0,0,0,0,0,0,0,0,0,0,0,0,0,0,0,0,0,0
2022-04-30 19:39:40.325,2022-04-30 21:22:10.225000,0,0,1,1,0,0,0,0,0,0,0,0,0,0,0,0,0,0,0,0,0,0,0
2022-04-30 21:22:21.225,2022-04-30 21:45:25.200000,0,0,0,0,0,0,0,0,0,0,0,0,1,0,0,0,0,0,0,0,0,0,0
2022-04-30 21:45:26.200,2022-04-30 21:46:28.200000,0,0,0,0,0,0,0,0,0,0,0,0,1,0,0,0,0,0,0,0,0,0,0
2022-04-30 21:46:28.200,2022-04-30 21:53:00.200000,0,0,0,0,0,0,0,0,0,0,0,0,1,0,0,0,0,0,0,0,0,0,0
2022-04-30 21:53:00.200,2022-04-30 21:57:49.187000,0,0,0,0,0,0,0,0,0,0,0,0,1,0,0,0,0,0,0,0,0,0,0
2022-04-30 21:57:49.187,2022-04-30 22:19:16.175000,0,0,0,0,0,0,0,0,0,0,0,0,1,0,0,0,0,0,0,0,0,0,0
2022-04-30 22:19:16.175,2022-04-30 22:20:14.175000,0,0,0,0,1,0,0,0,0,0,0,0,0,0,0,0,0,0,0,0,0,0,0
2022-04-30 22:20:14.175,2022-04-30 22:20:42.175000,0,0,0,0,0,0,0,0,0,0,0,0,0,0,0,0,0,0,0,0,0,1,0
2022-04-30 22:20:42.175,2022-04-30 22:22:22.175000,1,0,0,0,0,0,0,0,0,0,0,0,0,0,0,0,0,0,0,0,0,0,0
2022-05-01 08:00:15.325,2022-05-01 08:01:05.325000,1,0,0,0,0,0,0,0,0,0,0,0,0,0,0,0,0,0,0,0,0,0,0
2022-05-01 08:01:14.325,2022-05-01 08:01:35.325000,0,0,0,0,0,0,0,0,0,0,0,0,0,0,0,0,0,0,0,0,0,1,0
2022-05-01 08:01:35.325,2022-05-01 08:01:41.325000,0,0,0,0,0,1,0,0,0,0,0,0,0,0,0,0,0,0,0,0,0,0,0
2022-05-01 08:01:41.325,2022-05-01 08:02:04.325000,0,0,0,0,0,1,0,0,0,0,0,0,0,0,0,0,0,0,0,0,0,0,0
2022-05-01 08:02:07.325,2022-05-01 08:02:33.325000,1,0,0,0,0,0,0,0,0,0,0,0,0,0,0,0,0,0,0,0,0,0,0
2022-05-01 08:02:35.325,2022-05-01 08:04:43.325000,1,0,0,0,0,0,0,0,0,0,0,0,0,0,0,0,0,0,0,0,0,0,0
2022-05-01 08:04:47.325,2022-05-01 08:08:59.337000,1,0,0,0,0,0,0,0,0,0,0,0,0,0,0,0,0,0,0,0,0,0,0
2022-05-01 08:09:00.337,2022-05-01 08:11:55.337000,1,0,0,0,0,0,0,0,0,0,0,0,0,0,0,0,0,0,0,0,0,0,0
2022-05-01 08:11:58.337,2022-05-01 08:13:48.337000,1,0,0,0,0,0,0,0,0,0,0,0,0,0,0,0,0,0,0,0,0,0,0
2022-05-01 08:13:48.337,2022-05-01 08:14:20.337000,1,0,0,0,0,0,0,0,0,0,0,0,0,0,0,0,0,0,0,0,0,0,0
2022-05-01 08:14:20.337,2022-05-01 08:26:41.350000,1,0,0,0,0,0,0,0,0,0,0,0,0,0,0,0,0,0,0,0,0,0,0
2022-05-01 08:26:41.350,2022-05-01 08:28:36.350000,1,0,0,0,0,0,0,0,0,0,0,0,0,0,0,0,0,0,0,0,0,0,0
2022-05-01 08:28:36.350,2022-05-01 08:30:11.350000,1,0,0,0,0,0,0,0,0,0,0,0,0,0,0,0,0,0,0,0,0,0,0
2022-05-01 08:30:11.350,2022-05-01 08:30:29.350000,1,0,0,0,0,0,0,0,0,0,0,0,0,0,0,0,0,0,0,0,0,0,0
2022-05-01 08:30:35.350,2022-05-01 08:31:36.350000,0,0,0,0,0,1,0,0,0,0,0,0,0,0,0,0,0,0,0,0,0,0,0
2022-05-01 08:31:42.350,2022-05-01 08:32:52.350000,1,0,0,0,0,0,0,0,0,0,0,0,0,0,0,0,0,0,0,0,0,0,0
2022-05-01 08:32:55.350,2022-05-01 08:33:26.350000,0,0,0,0,0,1,0,0,0,0,0,0,0,0,0,0,0,0,0,0,0,0,0
2022-05-01 08:33:29.350,2022-05-01 08:33:42.350000,0,1,0,0,0,0,0,0,0,0,0,0,0,0,0,0,0,0,0,0,0,0,0
2022-05-01 08:33:42.350,2022-05-01 08:33:50.350000,0,0,0,0,0,0,0,0,0,0,0,0,0,1,0,0,0,0,0,0,0,0,0
2022-05-01 08:33:51.350,2022-05-01 08:34:06.350000,0,1,0,0,0,0,0,0,0,0,0,0,0,0,0,0,0,0,0,0,0,0,0
2022-05-01 08:34:07.350,2022-05-01 08:34:47.350000,0,1,0,0,0,0,0,0,0,0,0,0,0,0,0,0,0,0,0,0,0,0,0
2022-05-01 08:34:48.350,2022-05-01 08:34:55.350000,0,0,0,0,0,0,0,0,0,0,0,0,0,1,0,0,0,0,0,0,0,0,0
2022-05-01 08:34:55.350,2022-05-01 08:39:32.362000,0,0,0,0,1,0,0,0,0,0,0,0,0,0,0,0,0,0,0,0,0,0,0
2022-05-01 08:39:36.362,2022-05-01 08:41:44.362000,0,0,0,0,0,1,0,0,0,0,0,0,0,0,0,0,0,0,0,0,0,0,0
2022-05-01 08:41:45.362,2022-05-01 08:44:26.362000,0,1,0,0,0,0,0,0,0,0,0,0,0,0,0,0,0,0,0,0,0,0,0
2022-05-01 08:44:34.362,2022-05-01 08:45:21.362000,0,1,0,0,0,0,0,0,0,0,0,0,0,0,0,0,0,0,0,0,0,0,0
2022-05-01 08:45:21.362,2022-05-01 08:45:40.362000,0,0,0,0,0,1,0,0,0,0,0,0,0,0,0,0,0,0,0,0,0,0,0
2022-05-01 08:45:40.362,2022-05-01 08:46:38.362000,0,1,0,0,0,0,0,0,0,0,0,0,0,0,0,0,0,0,0,0,0,0,0
2022-05-01 08:46:43.362,2022-05-01 08:52:45.362000,0,0,0,0,1,0,0,0,0,0,0,0,0,0,0,0,0,0,0,0,0,0,0
2022-05-01 08:52:45.362,2022-05-01 08:52:50.362000,0,0,0,0,0,0,0,0,0,0,0,0,0,0,1,0,0,0,0,0,0,0,0
2022-05-01 08:52:52.362,2022-05-01 08:53:01.375000,0,1,0,0,0,0,0,0,0,0,0,0,0,0,0,0,0,0,0,0,0,0,0
2022-05-01 08:53:09.375,2022-05-01 08:53:21.375000,0,0,0,0,0,0,0,0,0,0,0,0,0,0,1,0,0,0,0,0,0,0,0
2022-05-01 08:53:24.375,2022-05-01 08:53:36.375000,0,0,0,0,1,0,0,0,0,0,0,0,0,0,0,0,0,0,0,0,0,0,0
2022-05-01 08:53:36.375,2022-05-01 08:54:07.375000,0,0,0,0,0,1,0,0,0,0,0,0,0,0,0,0,0,0,0,0,0,0,0
2022-05-01 08:54:07.375,2022-05-01 08:54:55.375000,1,0,0,0,0,0,0,0,0,0,0,0,0,0,0,0,0,0,0,0,0,0,0
2022-05-01 08:54:55.375,2022-05-01 08:56:21.375000,0,0,0,0,0,1,0,0,0,0,0,0,0,0,0,0,0,0,0,0,0,0,0
2022-05-01 08:56:31.375,2022-05-01 09:01:52.375000,0,0,0,0,0,1,0,0,0,0,0,0,0,0,0,0,0,0,0,0,0,0,0
2022-05-01 09:02:07.375,2022-05-01 09:03:56.375000,1,0,0,0,0,0,0,0,0,0,0,0,0,0,0,0,0,0,0,0,0,0,0
2022-05-01 09:04:14.375,2022-05-01 09:17:03.387000,1,0,0,0,0,0,0,0,0,0,0,0,0,0,0,0,0,0,0,0,0,0,0
2022-05-01 09:17:05.387,2022-05-01 09:17:38.387000,0,0,0,0,0,1,0,0,0,0,0,0,0,0,0,0,0,0,0,0,0,0,0
2022-05-01 09:17:40.387,2022-05-01 09:24:45.400000,1,0,0,0,0,0,0,0,0,0,0,0,0,0,0,0,0,0,0,0,0,0,0
2022-05-01 09:24:46.400,2022-05-01 10:56:39.462000,1,0,0,0,0,0,0,0,0,0,0,0,0,0,0,0,0,0,0,0,0,0,0
2022-05-01 10:56:41.462,2022-05-01 10:58:15.475000,1,0,0,0,0,0,0,0,0,0,0,0,0,0,0,0,0,0,0,0,0,0,0
2022-05-01 10:58:16.475,2022-05-01 11:07:03.475000,1,0,0,0,0,0,0,0,0,0,0,0,0,0,0,0,0,0,0,0,0,0,0
2022-05-01 11:07:05.475,2022-05-01 11:08:25.475000,0,0,0,0,0,1,0,0,0,0,0,0,0,0,0,0,0,0,0,0,0,0,0
2022-05-01 11:08:29.475,2022-05-01 11:09:27.475000,1,0,0,0,0,0,0,0,0,0,0,0,0,0,0,0,0,0,0,0,0,0,0
2022-05-01 11:09:28.475,2022-05-01 11:16:08.487000,1,0,0,0,0,0,0,0,0,0,0,0,0,0,0,0,0,0,0,0,0,0,0
2022-05-01 11:16:11.487,2022-05-01 11:16:52.487000,0,0,0,0,0,1,0,0,0,0,0,0,0,0,0,0,0,0,0,0,0,0,0
2022-05-01 11:16:55.487,2022-05-01 11:17:45.487000,0,0,0,0,0,1,0,0,0,0,0,0,0,0,0,0,0,0,0,0,0,0,0
2022-05-01 11:17:46.487,2022-05-01 11:18:15.487000,0,0,0,0,1,0,0,0,0,0,0,0,0,0,0,0,0,0,0,0,0,0,0
2022-05-01 11:18:24.487,2022-05-01 11:26:26.487000,1,0,0,0,0,0,0,0,0,0,0,0,0,0,0,0,0,0,0,0,0,0,0
2022-05-01 11:26:29.487,2022-05-01 11:45:59.512000,1,0,0,0,0,0,0,0,0,0,0,0,0,0,0,0,0,0,0,0,0,0,0
2022-05-01 11:46:01.512,2022-05-01 11:46:16.512000,0,0,0,0,1,0,0,0,0,0,0,0,0,0,0,0,0,0,0,0,0,0,0
2022-05-01 11:46:17.512,2022-05-01 11:47:37.512000,0,1,0,0,0,0,0,0,0,0,0,0,0,0,0,0,0,0,0,0,0,0,0
2022-05-01 11:47:39.512,2022-05-01 11:47:52.512000,0,0,0,0,1,0,0,0,0,0,0,0,0,0,0,0,0,0,0,0,0,0,0
2022-05-01 11:47:56.512,2022-05-01 11:48:59.512000,1,0,0,0,0,0,0,0,0,0,0,0,0,0,0,0,0,0,0,0,0,0,0
2022-05-01 11:49:00.512,2022-05-01 11:50:35.512000,1,0,0,0,0,0,0,0,0,0,0,0,0,0,0,0,0,0,0,0,0,0,0
2022-05-01 11:50:35.512,2022-05-01 11:53:48.512000,1,0,0,0,0,0,0,0,0,0,0,0,0,0,0,0,0,0,0,0,0,0,0
2022-05-01 11:53:48.512,2022-05-01 12:45:41.562000,1,0,0,0,0,0,0,0,0,0,0,0,0,0,0,0,0,0,0,0,0,0,0
2022-05-01 12:45:47.562,2022-05-01 12:46:33.562000,1,0,0,0,0,0,0,0,0,0,0,0,0,0,0,0,0,0,0,0,0,0,0
2022-05-01 12:46:37.562,2022-05-01 13:21:08.587000,1,0,0,0,0,0,0,0,0,0,0,0,0,0,0,0,0,0,0,0,0,0,0
2022-05-01 13:21:13.587,2022-05-01 13:22:08.587000,0,0,0,0,0,1,0,0,0,0,0,0,0,0,0,0,0,0,0,0,0,0,0
2022-05-01 13:22:08.587,2022-05-01 13:22:42.587000,0,0,0,0,0,1,0,0,0,0,0,0,0,0,0,0,0,0,0,0,0,0,0
2022-05-01 13:22:44.587,2022-05-01 13:23:10.587000,0,0,0,0,0,1,0,0,0,0,0,0,0,0,0,0,0,0,0,0,0,0,0
2022-05-01 13:23:22.587,2022-05-01 13:24:12.587000,1,0,0,0,0,0,0,0,0,0,0,0,0,0,0,0,0,0,0,0,0,0,0
2022-05-01 13:24:17.587,2022-05-01 13:32:38.600000,1,0,0,0,0,0,0,0,0,0,0,0,0,0,0,0,0,0,0,0,0,0,0
2022-05-01 13:32:41.600,2022-05-01 13:33:35.600000,1,0,0,0,0,0,0,0,0,0,0,0,0,0,0,0,0,0,0,0,0,0,0
2022-05-01 13:33:43.600,2022-05-01 13:34:25.600000,0,0,0,0,0,1,0,0,0,0,0,0,0,0,0,0,0,0,0,0,0,0,0
2022-05-01 13:34:27.600,2022-05-01 13:34:37.600000,0,1,0,0,0,0,0,0,0,0,0,0,0,0,0,0,0,0,0,0,0,0,0
2022-05-01 13:34:42.600,2022-05-01 13:34:50.600000,0,0,0,0,0,0,0,0,0,0,0,1,0,0,0,0,0,0,0,0,0,0,0
2022-05-01 13:34:52.600,2022-05-01 13:35:24.600000,0,1,0,0,0,0,0,0,0,0,0,0,0,0,0,0,0,0,0,0,0,0,0
2022-05-01 13:35:25.600,2022-05-01 13:37:39.600000,0,0,0,0,0,1,0,0,0,0,0,0,0,0,0,0,0,0,0,0,0,0,0
2022-05-01 13:37:40.600,2022-05-01 13:38:25.600000,0,0,0,0,0,1,0,0,0,0,0,0,0,0,0,0,0,0,0,0,0,0,0
2022-05-01 13:38:29.600,2022-05-01 13:42:12.600000,1,0,0,0,0,0,0,0,0,0,0,0,0,0,0,0,0,0,0,0,0,0,0
2022-05-01 13:42:15.600,2022-05-01 13:45:48.600000,1,0,0,0,0,0,0,0,0,0,0,0,0,0,0,0,0,0,0,0,0,0,0
2022-05-01 13:45:54.600,2022-05-01 13:46:25.600000,0,0,0,0,0,1,0,0,0,0,0,0,0,0,0,0,0,0,0,0,0,0,0
2022-05-01 13:46:30.600,2022-05-01 13:46:40.600000,0,0,0,0,0,1,0,0,0,0,0,0,0,0,0,0,0,0,0,0,0,0,0
2022-05-01 13:46:49.600,2022-05-01 13:48:11.612000,0,0,0,0,0,0,0,0,0,0,0,0,1,0,0,0,0,0,0,0,0,0,0
2022-05-01 13:48:15.612,2022-05-01 13:48:43.612000,0,0,0,0,0,0,0,0,0,0,0,1,0,0,0,0,0,0,0,0,0,0,0
2022-05-01 13:48:46.612,2022-05-01 13:59:07.612000,0,0,0,0,0,1,0,0,0,0,0,0,0,0,0,0,0,0,0,0,0,0,0
2022-05-01 13:59:07.612,2022-05-01 13:59:45.612000,0,0,0,0,0,1,0,0,0,0,0,0,0,0,0,0,0,0,0,0,0,0,0
2022-05-01 13:59:45.612,2022-05-01 14:00:17.612000,0,0,0,0,0,1,0,0,0,0,0,0,0,0,0,0,0,0,0,0,0,0,0
2022-05-01 14:00:19.612,2022-05-01 14:00:31.612000,0,0,0,0,0,1,0,0,0,0,0,0,0,0,0,0,0,0,0,0,0,0,0
2022-05-01 14:00:31.612,2022-05-01 14:00:55.612000,0,0,0,0,0,1,0,0,0,0,0,0,0,0,0,0,0,0,0,0,0,0,0
2022-05-01 14:00:55.612,2022-05-01 14:05:14.625000,1,0,0,0,0,0,0,0,0,0,0,0,0,0,0,0,0,0,0,0,0,0,0
2022-05-01 14:05:14.625,2022-05-01 14:15:21.625000,1,0,0,0,0,0,0,0,0,0,0,0,0,0,0,0,0,0,0,0,0,0,0
2022-05-01 14:15:26.625,2022-05-01 14:48:43.650000,1,0,0,0,0,0,0,0,0,0,0,0,0,0,0,0,0,0,0,0,0,0,0
2022-05-01 14:48:45.650,2022-05-01 14:48:51.650000,0,0,0,0,0,0,0,0,0,0,0,1,0,0,0,0,0,0,0,0,0,0,0
2022-05-01 14:48:53.650,2022-05-01 14:49:12.662000,0,0,0,0,0,0,0,0,0,0,0,1,0,0,0,0,0,0,0,0,0,0,0
2022-05-01 14:49:14.662,2022-05-01 14:49:40.662000,0,1,0,0,0,0,0,0,0,0,0,0,0,0,0,0,0,0,0,0,0,0,0
2022-05-01 14:49:47.662,2022-05-01 15:27:02.687000,0,0,1,1,0,0,0,0,0,0,0,0,0,0,0,0,0,0,0,0,0,0,0
2022-05-01 15:27:06.687,2022-05-01 15:27:52.687000,0,1,0,0,0,0,0,0,0,0,0,0,0,0,0,0,0,0,0,0,0,0,0
2022-05-01 15:27:54.687,2022-05-01 15:28:56.687000,1,0,0,0,0,0,0,0,0,0,0,0,0,0,0,0,0,0,0,0,0,0,0
2022-05-01 15:28:57.687,2022-05-01 15:30:05.687000,0,0,0,0,0,1,0,0,0,0,0,0,0,0,0,0,0,0,0,0,0,0,0
2022-05-01 15:30:11.687,2022-05-01 15:31:30.687000,0,0,0,0,0,0,0,0,0,0,0,0,1,0,0,0,0,0,0,0,0,0,0
2022-05-01 15:31:32.687,2022-05-01 15:34:46.687000,0,0,0,0,0,1,0,0,0,0,0,0,0,0,0,0,0,0,0,0,0,0,0
2022-05-01 15:34:46.687,2022-05-01 15:36:07.700000,1,0,0,0,0,0,0,0,0,0,0,0,0,0,0,0,0,0,0,0,0,0,0
2022-05-01 15:36:07.700,2022-05-01 15:38:19.700000,0,0,0,0,1,0,0,0,0,0,0,0,0,0,0,0,0,0,0,0,0,0,0
2022-05-01 15:38:19.700,2022-05-01 15:40:38.700000,0,0,0,0,1,0,0,0,0,0,0,0,0,0,0,0,0,0,0,0,0,0,0
2022-05-01 15:40:38.700,2022-05-01 15:41:09.700000,0,0,0,0,1,0,0,0,0,0,0,0,0,0,0,0,0,0,0,0,0,0,0
2022-05-01 15:41:09.700,2022-05-01 15:41:28.700000,0,0,0,0,1,0,0,0,0,0,0,0,0,0,0,0,0,0,0,0,0,0,0
2022-05-01 15:41:28.700,2022-05-01 15:54:40.712000,0,0,0,0,0,0,0,0,0,0,0,0,0,0,0,0,0,0,0,0,0,0,1
2022-05-01 15:54:40.712,2022-05-01 15:59:04.712000,1,0,0,0,0,0,0,0,0,0,0,0,0,0,0,0,0,0,0,0,0,0,0
2022-05-01 15:59:04.712,2022-05-01 16:00:30.712000,0,0,0,0,1,0,0,0,0,0,0,0,0,0,0,0,0,0,0,0,0,0,0
2022-05-01 16:00:30.712,2022-05-01 16:02:40.712000,0,0,0,0,0,0,0,0,0,0,0,0,0,0,0,0,0,0,0,0,0,0,1
2022-05-01 16:02:40.712,2022-05-01 16:07:15.725000,1,0,0,0,0,0,0,0,0,0,0,0,0,0,0,0,0,0,0,0,0,0,0
2022-05-01 16:07:15.725,2022-05-01 16:08:21.725000,0,0,0,0,1,0,0,0,0,0,0,0,0,0,0,0,0,0,0,0,0,0,0
2022-05-01 16:08:21.725,2022-05-01 16:08:40.725000,0,0,0,0,0,0,0,0,0,0,0,0,0,0,1,0,0,0,0,0,0,0,0
2022-05-01 16:08:40.725,2022-05-01 16:09:09.725000,0,0,0,0,1,0,0,0,0,0,0,0,0,0,0,0,0,0,0,0,0,0,0
2022-05-01 16:09:09.725,2022-05-01 16:15:36.725000,0,0,0,0,1,0,0,0,0,0,0,0,0,0,0,0,0,0,0,0,0,0,0
2022-05-01 16:15:36.725,2022-05-01 16:18:43.725000,0,1,0,0,0,0,0,0,0,0,0,0,0,0,0,0,0,0,0,0,0,0,0
2022-05-01 16:18:43.725,2022-05-01 16:22:59.737000,0,1,0,0,0,0,0,0,0,0,0,0,0,0,0,0,0,0,0,0,0,0,0
2022-05-01 16:22:59.737,2022-05-01 16:25:35.737000,0,0,0,0,1,0,0,0,0,0,0,0,0,0,0,0,0,0,0,0,0,0,0
2022-05-01 16:25:35.737,2022-05-01 16:28:48.737000,0,0,0,0,1,0,0,0,0,0,0,0,0,0,0,0,0,0,0,0,0,0,0
2022-05-01 16:28:48.737,2022-05-01 16:31:41.737000,0,0,0,0,1,0,0,0,0,0,0,0,0,0,0,0,0,0,0,0,0,0,0
2022-05-01 16:31:41.737,2022-05-01 16:32:37.737000,0,0,0,0,1,0,0,0,0,0,0,0,0,0,0,0,0,0,0,0,0,0,0
2022-05-01 16:32:37.737,2022-05-01 16:33:20.737000,0,0,0,0,1,0,0,0,0,0,0,0,0,0,0,0,0,0,0,0,0,0,0
2022-05-01 16:33:20.737,2022-05-01 16:38:31.750000,0,1,0,0,0,0,0,0,0,0,0,0,0,0,0,0,0,0,0,0,0,0,0
2022-05-01 16:38:31.750,2022-05-01 16:56:45.762000,0,0,0,0,1,0,0,0,0,0,0,0,0,0,0,0,0,0,0,0,0,0,0
2022-05-01 16:56:45.762,2022-05-01 17:10:43.775000,0,0,0,0,1,0,0,0,0,0,0,0,0,0,0,0,0,0,0,0,0,0,0
2022-05-01 17:10:43.775,2022-05-01 17:12:03.775000,1,0,0,0,0,0,0,0,0,0,0,0,0,0,0,0,0,0,0,0,0,0,0
2022-05-01 17:12:03.775,2022-05-01 17:14:06.775000,0,0,0,0,1,0,0,0,0,0,0,0,0,0,0,0,0,0,0,0,0,0,0
2022-05-01 17:14:06.775,2022-05-01 17:15:50.775000,1,0,0,0,0,0,0,0,0,0,0,0,0,0,0,0,0,0,0,0,0,0,0
2022-05-01 17:15:50.775,2022-05-01 17:17:03.775000,0,0,0,0,1,0,0,0,0,0,0,0,0,0,0,0,0,0,0,0,0,0,0
2022-05-01 17:17:03.775,2022-05-01 17:17:26.775000,1,0,0,0,0,0,0,0,0,0,0,0,0,0,0,0,0,0,0,0,0,0,0
2022-05-01 17:17:26.775,2022-05-01 17:20:43.775000,0,0,0,0,1,0,0,0,0,0,0,0,0,0,0,0,0,0,0,0,0,0,0
2022-05-01 17:20:43.775,2022-05-01 17:22:19.775000,1,0,0,0,0,0,0,0,0,0,0,0,0,0,0,0,0,0,0,0,0,0,0
2022-05-01 17:22:19.775,2022-05-01 17:25:03.787000,0,0,0,0,1,0,0,0,0,0,0,0,0,0,0,0,0,0,0,0,0,0,0
2022-05-01 17:25:03.787,2022-05-01 17:25:50.787000,1,0,0,0,0,0,0,0,0,0,0,0,0,0,0,0,0,0,0,0,0,0,0
2022-05-01 17:25:50.787,2022-05-01 17:27:18.787000,0,0,0,0,1,0,0,0,0,0,0,0,0,0,0,0,0,0,0,0,0,0,0
2022-05-01 17:27:18.787,2022-05-01 17:27:23.787000,1,0,0,0,0,0,0,0,0,0,0,0,0,0,0,0,0,0,0,0,0,0,0
2022-05-01 17:27:23.787,2022-05-01 17:29:37.787000,1,0,0,0,0,0,0,0,0,0,0,0,0,0,0,0,0,0,0,0,0,0,0
2022-05-01 17:29:37.787,2022-05-01 17:30:28.787000,0,0,0,0,0,1,0,0,0,0,0,0,0,0,0,0,0,0,0,0,0,0,0
2022-05-01 17:30:32.787,2022-05-01 17:30:37.787000,0,0,0,0,1,0,0,0,0,0,0,0,0,0,0,0,0,0,0,0,0,0,0
2022-05-01 17:30:42.787,2022-05-01 17:32:12.787000,1,0,0,0,0,0,0,0,0,0,0,0,0,0,0,0,0,0,0,0,0,0,0
2022-05-01 17:32:14.787,2022-05-01 17:32:56.787000,0,0,0,0,0,1,0,0,0,0,0,0,0,0,0,0,0,0,0,0,0,0,0
2022-05-01 17:32:58.787,2022-05-01 17:33:24.787000,1,0,0,0,0,0,0,0,0,0,0,0,0,0,0,0,0,0,0,0,0,0,0
2022-05-01 17:33:26.787,2022-05-01 17:34:22.787000,1,0,0,0,0,0,0,0,0,0,0,0,0,0,0,0,0,0,0,0,0,0,0
2022-05-01 17:34:23.787,2022-05-01 17:35:19.787000,1,0,0,0,0,0,0,0,0,0,0,0,0,0,0,0,0,0,0,0,0,0,0
2022-05-01 17:35:20.787,2022-05-01 17:35:59.787000,1,0,0,0,0,0,0,0,0,0,0,0,0,0,0,0,0,0,0,0,0,0,0
2022-05-01 17:36:01.787,2022-05-01 17:38:13.787000,0,0,0,0,0,1,0,0,0,0,0,0,0,0,0,0,0,0,0,0,0,0,0
2022-05-01 17:38:15.787,2022-05-01 17:38:35.787000,1,0,0,0,0,0,0,0,0,0,0,0,0,0,0,0,0,0,0,0,0,0,0
2022-05-01 17:38:37.787,2022-05-01 17:38:47.787000,1,0,0,0,0,0,0,0,0,0,0,0,0,0,0,0,0,0,0,0,0,0,0
2022-05-01 17:38:48.787,2022-05-01 17:39:36.800000,0,0,0,0,0,1,0,0,0,0,0,0,0,0,0,0,0,0,0,0,0,0,0
2022-05-01 17:39:37.800,2022-05-01 17:40:56.800000,0,0,0,0,0,1,0,0,0,0,0,0,0,0,0,0,0,0,0,0,0,0,0
2022-05-01 17:40:56.800,2022-05-01 17:41:21.800000,0,1,0,0,0,0,0,0,0,0,0,0,0,0,0,0,0,0,0,0,0,0,0
2022-05-01 17:41:21.800,2022-05-01 17:43:05.800000,0,0,0,0,1,0,0,0,0,0,0,0,0,0,0,0,0,0,0,0,0,0,0
2022-05-01 17:43:06.800,2022-05-01 17:45:06.800000,0,0,0,0,1,0,0,0,0,0,0,0,0,0,0,0,0,0,0,0,0,0,0
2022-05-01 17:45:07.800,2022-05-01 17:45:31.800000,0,0,0,0,0,1,0,0,0,0,0,0,0,0,0,0,0,0,0,0,0,0,0
2022-05-01 17:45:31.800,2022-05-01 17:45:43.800000,0,1,0,0,0,0,0,0,0,0,0,0,0,0,0,0,0,0,0,0,0,0,0
2022-05-01 17:45:46.800,2022-05-01 17:46:58.800000,0,0,0,0,0,1,0,0,0,0,0,0,0,0,0,0,0,0,0,0,0,0,0
2022-05-01 17:47:00.800,2022-05-01 17:48:11.800000,0,0,0,0,1,0,0,0,0,0,0,0,0,0,0,0,0,0,0,0,0,0,0
2022-05-01 17:48:12.800,2022-05-01 17:48:27.800000,0,0,0,0,0,1,0,0,0,0,0,0,0,0,0,0,0,0,0,0,0,0,0
2022-05-01 17:48:37.800,2022-05-01 17:49:15.800000,0,1,0,0,0,0,0,0,0,0,0,0,0,0,0,0,0,0,0,0,0,0,0
2022-05-01 17:49:18.800,2022-05-01 17:49:52.800000,0,0,0,0,0,1,0,0,0,0,0,0,0,0,0,0,0,0,0,0,0,0,0
2022-05-01 17:49:55.800,2022-05-01 17:50:44.800000,1,0,0,0,0,0,0,0,0,0,0,0,0,0,0,0,0,0,0,0,0,0,0
2022-05-01 17:50:56.800,2022-05-01 17:52:12.800000,0,0,0,0,0,1,0,0,0,0,0,0,0,0,0,0,0,0,0,0,0,0,0
2022-05-01 17:52:13.800,2022-05-01 17:52:47.800000,1,0,0,0,0,0,0,0,0,0,0,0,0,0,0,0,0,0,0,0,0,0,0
2022-05-01 17:52:50.800,2022-05-01 17:53:20.800000,0,0,0,0,0,1,0,0,0,0,0,0,0,0,0,0,0,0,0,0,0,0,0
2022-05-01 17:53:21.800,2022-05-01 17:53:47.800000,0,0,0,0,0,0,0,0,0,0,0,1,0,0,0,0,0,0,0,0,0,0,0
2022-05-01 17:53:48.800,2022-05-01 17:54:14.800000,0,0,0,0,0,1,0,0,0,0,0,0,0,0,0,0,0,0,0,0,0,0,0
2022-05-01 17:54:18.800,2022-05-01 17:54:44.800000,1,0,0,0,0,0,0,0,0,0,0,0,0,0,0,0,0,0,0,0,0,0,0
2022-05-01 17:54:45.800,2022-05-01 17:55:09.812000,0,0,0,0,0,0,0,0,0,0,0,1,0,0,0,0,0,0,0,0,0,0,0
2022-05-01 17:55:10.812,2022-05-01 17:55:33.812000,0,1,0,0,0,0,0,0,0,0,0,0,0,0,0,0,0,0,0,0,0,0,0
2022-05-01 17:55:33.812,2022-05-01 17:57:34.812000,0,0,0,0,0,1,0,0,0,0,0,0,0,0,0,0,0,0,0,0,0,0,0
2022-05-01 17:57:35.812,2022-05-01 17:58:44.812000,1,0,0,0,0,0,0,0,0,0,0,0,0,0,0,0,0,0,0,0,0,0,0
2022-05-01 17:58:48.812,2022-05-01 17:59:03.812000,0,0,0,0,0,1,0,0,0,0,0,0,0,0,0,0,0,0,0,0,0,0,0
2022-05-01 17:59:05.812,2022-05-01 17:59:11.812000,0,0,0,0,1,0,0,0,0,0,0,0,0,0,0,0,0,0,0,0,0,0,0
2022-05-01 17:59:11.812,2022-05-01 17:59:25.812000,0,1,0,0,0,0,0,0,0,0,0,0,0,0,0,0,0,0,0,0,0,0,0
2022-05-01 17:59:25.812,2022-05-01 18:00:16.812000,0,0,0,0,0,1,0,0,0,0,0,0,0,0,0,0,0,0,0,0,0,0,0
2022-05-01 18:00:17.812,2022-05-01 18:00:25.812000,0,0,0,0,1,0,0,0,0,0,0,0,0,0,0,0,0,0,0,0,0,0,0
2022-05-01 18:00:33.812,2022-05-01 18:00:54.812000,0,0,0,0,1,0,0,0,0,0,0,0,0,0,0,0,0,0,0,0,0,0,0
2022-05-01 18:00:56.812,2022-05-01 18:01:26.812000,0,0,0,0,1,0,0,0,0,0,0,0,0,0,0,0,0,0,0,0,0,0,0
2022-05-01 18:01:26.812,2022-05-01 18:03:46.812000,0,0,0,0,1,0,0,0,0,0,0,0,0,0,0,0,0,0,0,0,0,0,0
2022-05-01 18:03:48.812,2022-05-01 18:04:13.812000,0,1,0,0,0,0,0,0,0,0,0,0,0,0,0,0,0,0,0,0,0,0,0
2022-05-01 18:04:13.812,2022-05-01 18:09:08.812000,0,0,0,0,1,0,0,0,0,0,0,0,0,0,0,0,0,0,0,0,0,0,0
2022-05-01 18:09:08.812,2022-05-01 18:09:27.812000,0,1,0,0,0,0,0,0,0,0,0,0,0,0,0,0,0,0,0,0,0,0,0
2022-05-01 18:09:27.812,2022-05-01 18:10:14.812000,0,0,0,0,1,0,0,0,0,0,0,0,0,0,0,0,0,0,0,0,0,0,0
2022-05-01 18:10:15.812,2022-05-01 18:10:48.825000,0,1,0,0,0,0,0,0,0,0,0,0,0,0,0,0,0,0,0,0,0,0,0
2022-05-01 18:10:48.825,2022-05-01 18:11:43.825000,0,0,0,0,1,0,0,0,0,0,0,0,0,0,0,0,0,0,0,0,0,0,0
2022-05-01 18:11:44.825,2022-05-01 18:11:52.825000,0,1,0,0,0,0,0,0,0,0,0,0,0,0,0,0,0,0,0,0,0,0,0
2022-05-01 18:11:53.825,2022-05-01 18:12:11.825000,0,0,0,0,1,0,0,0,0,0,0,0,0,0,0,0,0,0,0,0,0,0,0
2022-05-01 18:12:11.825,2022-05-01 18:12:20.825000,0,1,0,0,0,0,0,0,0,0,0,0,0,0,0,0,0,0,0,0,0,0,0
2022-05-01 18:12:20.825,2022-05-01 18:20:34.825000,0,0,0,0,1,0,0,0,0,0,0,0,0,0,0,0,0,0,0,0,0,0,0
2022-05-01 18:20:34.825,2022-05-01 18:20:43.825000,0,1,0,0,0,0,0,0,0,0,0,0,0,0,0,0,0,0,0,0,0,0,0
2022-05-01 18:20:43.825,2022-05-01 18:20:55.825000,0,0,0,0,1,0,0,0,0,0,0,0,0,0,0,0,0,0,0,0,0,0,0
2022-05-01 18:20:55.825,2022-05-01 18:21:16.825000,0,1,0,0,0,0,0,0,0,0,0,0,0,0,0,0,0,0,0,0,0,0,0
2022-05-01 18:21:16.825,2022-05-01 18:24:00.825000,0,0,0,0,1,0,0,0,0,0,0,0,0,0,0,0,0,0,0,0,0,0,0
2022-05-01 18:24:01.825,2022-05-01 18:24:15.825000,0,0,0,0,1,0,0,0,0,0,0,0,0,0,0,0,0,0,0,0,0,0,0
2022-05-01 18:24:15.825,2022-05-01 18:24:21.825000,0,1,0,0,0,0,0,0,0,0,0,0,0,0,0,0,0,0,0,0,0,0,0
2022-05-01 18:24:21.825,2022-05-01 18:25:54.837000,0,0,0,0,1,0,0,0,0,0,0,0,0,0,0,0,0,0,0,0,0,0,0
2022-05-01 18:25:54.837,2022-05-01 18:26:06.837000,0,1,0,0,0,0,0,0,0,0,0,0,0,0,0,0,0,0,0,0,0,0,0
2022-05-01 18:26:06.837,2022-05-01 18:28:01.837000,0,0,0,0,1,0,0,0,0,0,0,0,0,0,0,0,0,0,0,0,0,0,0
2022-05-01 18:28:01.837,2022-05-01 18:28:32.837000,0,1,0,0,0,0,0,0,0,0,0,0,0,0,0,0,0,0,0,0,0,0,0
2022-05-01 18:28:32.837,2022-05-01 18:31:58.837000,0,0,0,0,1,0,0,0,0,0,0,0,0,0,0,0,0,0,0,0,0,0,0
2022-05-01 18:31:58.837,2022-05-01 18:32:07.837000,0,1,0,0,0,0,0,0,0,0,0,0,0,0,0,0,0,0,0,0,0,0,0
2022-05-01 18:32:07.837,2022-05-01 18:32:30.837000,0,0,0,0,1,0,0,0,0,0,0,0,0,0,0,0,0,0,0,0,0,0,0
2022-05-01 18:32:30.837,2022-05-01 18:32:58.837000,0,0,0,0,1,0,0,0,0,0,0,0,0,0,0,0,0,0,0,0,0,0,0
2022-05-01 18:33:08.837,2022-05-01 18:33:30.837000,0,0,0,0,0,0,0,0,0,0,0,1,0,0,0,0,0,0,0,0,0,0,0
2022-05-01 18:33:31.837,2022-05-01 18:34:11.837000,0,1,0,0,0,0,0,0,0,0,0,0,0,0,0,0,0,0,0,0,0,0,0
2022-05-01 18:34:12.837,2022-05-01 18:35:01.837000,0,0,0,0,0,0,0,0,0,0,0,1,0,0,0,0,0,0,0,0,0,0,0
2022-05-01 18:35:05.837,2022-05-01 18:36:23.837000,0,1,0,0,0,0,0,0,0,0,0,0,0,0,0,0,0,0,0,0,0,0,0
2022-05-01 18:36:24.837,2022-05-01 18:37:15.837000,0,0,0,0,1,0,0,0,0,0,0,0,0,0,0,0,0,0,0,0,0,0,0
2022-05-01 18:37:15.837,2022-05-01 18:37:48.837000,0,1,0,0,0,0,0,0,0,0,0,0,0,0,0,0,0,0,0,0,0,0,0
2022-05-01 18:37:48.837,2022-05-01 18:38:06.837000,0,0,0,0,1,0,0,0,0,0,0,0,0,0,0,0,0,0,0,0,0,0,0
2022-05-01 18:38:20.837,2022-05-01 18:44:34.850000,1,0,0,0,0,0,0,0,0,0,0,0,0,0,0,0,0,0,0,0,0,0,0
2022-05-01 18:44:42.850,2022-05-01 18:45:16.850000,0,0,0,0,1,0,0,0,0,0,0,0,0,0,0,0,0,0,0,0,0,0,0
2022-05-01 18:45:16.850,2022-05-01 18:45:35.850000,0,0,0,0,0,0,0,0,0,0,0,0,0,0,1,0,0,0,0,0,0,0,0
2022-05-01 18:45:35.850,2022-05-01 18:45:46.850000,0,0,0,0,0,0,0,0,0,0,0,1,0,0,0,0,0,0,0,0,0,0,0
2022-05-01 18:45:46.850,2022-05-01 18:45:59.850000,0,0,0,0,0,0,0,0,0,0,0,0,0,0,1,0,0,0,0,0,0,0,0
2022-05-01 18:45:59.850,2022-05-01 18:46:07.850000,0,0,0,0,1,0,0,0,0,0,0,0,0,0,0,0,0,0,0,0,0,0,0
2022-05-01 18:46:07.850,2022-05-01 18:46:13.850000,0,0,0,0,0,0,0,0,0,0,0,0,0,0,1,0,0,0,0,0,0,0,0
2022-05-01 18:46:13.850,2022-05-01 18:47:18.850000,0,0,0,0,1,0,0,0,0,0,0,0,0,0,0,0,0,0,0,0,0,0,0
2022-05-01 18:47:23.850,2022-05-01 18:50:24.850000,0,0,0,0,1,0,0,0,0,0,0,0,0,0,0,0,0,0,0,0,0,0,0
2022-05-01 18:50:27.850,2022-05-01 18:50:47.850000,0,1,0,0,0,0,0,0,0,0,0,0,0,0,0,0,0,0,0,0,0,0,0
2022-05-01 18:50:47.850,2022-05-01 18:51:37.850000,0,0,0,0,1,0,0,0,0,0,0,0,0,0,0,0,0,0,0,0,0,0,0
2022-05-01 18:51:37.850,2022-05-01 18:52:47.850000,0,0,0,0,0,1,0,0,0,0,0,0,0,0,0,0,0,0,0,0,0,0,0
2022-05-01 18:52:47.850,2022-05-01 18:53:30.850000,0,0,0,0,1,0,0,0,0,0,0,0,0,0,0,0,0,0,0,0,0,0,0
2022-05-01 18:53:30.850,2022-05-01 18:53:45.850000,0,1,0,0,0,0,0,0,0,0,0,0,0,0,0,0,0,0,0,0,0,0,0
2022-05-01 18:53:45.850,2022-05-01 18:55:59.850000,0,0,0,0,1,0,0,0,0,0,0,0,0,0,0,0,0,0,0,0,0,0,0
2022-05-01 18:56:05.850,2022-05-01 18:56:10.850000,0,0,0,0,1,0,0,0,0,0,0,0,0,0,0,0,0,0,0,0,0,0,0
2022-05-01 18:56:10.850,2022-05-01 18:58:21.862000,0,1,0,0,0,0,0,0,0,0,0,0,0,0,0,0,0,0,0,0,0,0,0
2022-05-01 18:58:28.862,2022-05-01 18:58:49.862000,1,0,0,0,0,0,0,0,0,0,0,0,0,0,0,0,0,0,0,0,0,0,0
2022-05-01 18:59:02.862,2022-05-01 19:15:22.875000,1,0,0,0,0,0,0,0,0,0,0,0,0,0,0,0,0,0,0,0,0,0,0
2022-05-01 19:15:29.875,2022-05-01 19:15:54.875000,0,0,0,0,0,1,0,0,0,0,0,0,0,0,0,0,0,0,0,0,0,0,0
2022-05-01 19:16:00.875,2022-05-01 19:18:39.875000,0,0,0,0,1,0,0,0,0,0,0,0,0,0,0,0,0,0,0,0,0,0,0
2022-05-01 19:18:41.875,2022-05-01 19:19:47.875000,0,0,0,0,0,1,0,0,0,0,0,0,0,0,0,0,0,0,0,0,0,0,0
2022-05-01 19:19:47.875,2022-05-01 19:22:38.875000,0,0,0,0,1,0,0,0,0,0,0,0,0,0,0,0,0,0,0,0,0,0,0
2022-05-01 19:22:39.875,2022-05-01 19:23:04.875000,0,1,0,0,0,0,0,0,0,0,0,0,0,0,0,0,0,0,0,0,0,0,0
2022-05-01 19:23:09.875,2022-05-01 19:23:52.875000,0,0,0,0,1,0,0,0,0,0,0,0,0,0,0,0,0,0,0,0,0,0,0
2022-05-01 19:23:52.875,2022-05-01 19:24:28.875000,0,1,0,0,0,0,0,0,0,0,0,0,0,0,0,0,0,0,0,0,0,0,0
2022-05-01 19:24:28.875,2022-05-01 19:25:15.875000,0,0,0,0,1,0,0,0,0,0,0,0,0,0,0,0,0,0,0,0,0,0,0
2022-05-01 19:25:15.875,2022-05-01 19:26:01.875000,0,0,0,0,0,0,0,0,0,0,0,0,0,0,1,0,0,0,0,0,0,0,0
2022-05-01 19:26:01.875,2022-05-01 19:27:08.875000,0,0,0,0,1,0,0,0,0,0,0,0,0,0,0,0,0,0,0,0,0,0,0
2022-05-01 19:27:08.875,2022-05-01 19:27:40.875000,0,0,0,0,0,0,0,0,0,0,0,0,0,0,1,0,0,0,0,0,0,0,0
2022-05-01 19:27:40.875,2022-05-01 19:27:49.887000,0,0,0,0,1,0,0,0,0,0,0,0,0,0,0,0,0,0,0,0,0,0,0
2022-05-01 19:27:49.887,2022-05-01 19:28:09.887000,0,0,0,0,1,0,0,0,0,0,0,0,0,0,0,0,0,0,0,0,0,0,0
2022-05-01 19:28:20.887,2022-05-01 19:28:32.887000,0,0,0,0,0,0,0,0,0,0,0,0,0,1,0,0,0,0,0,0,0,0,0
2022-05-01 19:28:32.887,2022-05-01 19:28:55.887000,0,0,0,0,0,1,0,0,0,0,0,0,0,0,0,0,0,0,0,0,0,0,0
2022-05-01 19:28:55.887,2022-05-01 19:29:47.887000,0,0,0,0,1,0,0,0,0,0,0,0,0,0,0,0,0,0,0,0,0,0,0
2022-05-01 19:29:51.887,2022-05-01 19:31:36.887000,1,0,0,0,0,0,0,0,0,0,0,0,0,0,0,0,0,0,0,0,0,0,0
2022-05-01 19:31:36.887,2022-05-01 19:32:00.887000,0,0,0,0,0,1,0,0,0,0,0,0,0,0,0,0,0,0,0,0,0,0,0
2022-05-01 19:32:00.887,2022-05-01 19:34:16.887000,1,0,0,0,0,0,0,0,0,0,0,0,0,0,0,0,0,0,0,0,0,0,0
2022-05-01 19:34:16.887,2022-05-01 19:58:39.900000,1,0,0,0,0,0,0,0,0,0,0,0,0,0,0,0,0,0,0,0,0,0,0
2022-05-01 19:58:47.912,2022-05-01 20:15:40.925000,0,0,0,0,1,0,0,0,0,0,0,0,0,0,0,0,0,0,0,0,0,0,0
2022-05-01 20:15:48.925,2022-05-01 20:17:22.925000,0,1,0,0,0,0,0,0,0,0,0,0,0,0,0,0,0,0,0,0,0,0,0
2022-05-01 20:17:28.925,2022-05-01 20:17:38.925000,0,0,0,0,0,0,0,0,0,0,0,0,0,0,1,0,0,0,0,0,0,0,0
2022-05-01 20:20:28.925,2022-05-01 21:59:55,0,0,0,0,0,0,0,0,0,0,0,0,1,0,0,0,0,0,0,0,0,0,0
2022-05-01 22:00:11.000,2022-05-01 22:00:20,1,0,0,0,0,0,0,0,0,0,0,0,0,0,0,0,0,0,0,0,0,0,0
2022-05-02 07:14:48.562,2022-05-02 07:15:30.612000,0,1,0,0,0,0,0,0,0,0,0,0,0,0,0,0,0,0,0,0,0,0,0
2022-05-02 07:15:30.612,2022-05-02 07:16:16.612000,0,1,0,0,0,0,0,0,0,0,0,0,0,0,0,0,0,0,0,0,0,0,0
2022-05-02 07:16:27.612,2022-05-02 07:50:38.562000,1,0,0,0,0,0,0,0,0,0,0,0,0,0,0,0,0,0,0,0,0,0,0
2022-05-02 07:51:02.562,2022-05-02 08:20:01.525000,1,0,0,0,0,0,0,0,0,0,0,0,0,0,0,0,0,0,0,0,0,0,0
2022-05-02 08:20:11.525,2022-05-02 08:21:30.525000,0,0,0,0,1,0,0,0,0,0,0,0,0,0,0,0,0,0,0,0,0,0,0
2022-05-02 08:21:42.525,2022-05-02 09:13:13.462000,1,0,0,0,0,0,0,0,0,0,0,0,0,0,0,0,0,0,0,0,0,0,0
2022-05-02 09:13:14.462,2022-05-02 09:16:14.462000,1,0,0,0,0,0,0,0,0,0,0,0,0,0,0,0,0,0,0,0,0,0,0
2022-05-02 09:16:41.462,2022-05-02 09:26:13.450000,0,0,1,1,0,0,0,0,0,0,0,0,0,0,0,0,0,0,0,0,0,0,0
2022-05-02 09:26:13.450,2022-05-02 09:26:57.437000,0,0,0,0,1,0,0,0,0,0,0,0,0,0,0,0,0,0,0,0,0,0,0
2022-05-02 09:27:00.437,2022-05-02 09:56:17.400000,1,0,0,0,0,0,0,0,0,0,0,0,0,0,0,0,0,0,0,0,0,0,0
2022-05-02 09:57:25.400,2022-05-02 09:59:50.400000,0,0,1,1,0,0,0,0,0,0,0,0,0,0,0,0,0,0,0,0,0,0,0
2022-05-02 09:59:57.400,2022-05-02 11:40:19.275000,1,0,0,0,0,0,0,0,0,0,0,0,0,0,0,0,0,0,0,0,0,0,0
2022-05-02 11:40:54.275,2022-05-02 11:41:53.275000,0,0,1,1,0,0,0,0,0,0,0,0,0,0,0,0,0,0,0,0,0,0,0
2022-05-02 11:42:00.275,2022-05-02 11:43:13.275000,0,0,0,0,1,0,0,0,0,0,0,0,0,0,0,0,0,0,0,0,0,0,0
2022-05-02 11:43:18.275,2022-05-02 12:56:21.175000,1,0,0,0,0,0,0,0,0,0,0,0,0,0,0,0,0,0,0,0,0,0,0
2022-05-02 12:56:26.175,2022-05-02 12:59:27.175000,0,0,0,0,1,0,0,0,0,0,0,0,0,0,0,0,0,0,0,0,0,0,0
2022-05-02 12:59:28.175,2022-05-02 13:05:40.162000,1,0,0,0,0,0,0,0,0,0,0,0,0,0,0,0,0,0,0,0,0,0,0
2022-05-02 13:05:41.162,2022-05-02 13:09:09.162000,0,0,0,0,1,0,0,0,0,0,0,0,0,0,0,0,0,0,0,0,0,0,0
2022-05-02 13:09:37.162,2022-05-02 13:20:48.150000,0,0,0,0,1,0,0,0,0,0,0,0,0,0,0,0,0,0,0,0,0,0,0
2022-05-02 13:20:49.150,2022-05-02 13:25:18.137000,0,1,0,0,0,0,0,0,0,0,0,0,0,0,0,0,0,0,0,0,0,0,0
2022-05-02 13:26:11.137,2022-05-02 13:28:12.137000,0,0,1,1,0,0,0,0,0,0,0,0,0,0,0,0,0,0,0,0,0,0,0
2022-05-02 13:28:20.137,2022-05-02 13:33:20.125000,0,0,0,0,1,0,0,0,0,0,0,0,0,0,0,0,0,0,0,0,0,0,0
2022-05-02 13:33:32.125,2022-05-02 13:34:53.125000,1,0,0,0,0,0,0,0,0,0,0,0,0,0,0,0,0,0,0,0,0,0,0
2022-05-02 13:35:14.125,2022-05-02 13:37:24.125000,0,0,0,0,0,1,0,0,0,0,0,0,0,0,0,0,0,0,0,0,0,0,0
2022-05-02 13:37:24.125,2022-05-02 13:37:47.125000,0,1,0,0,0,0,0,0,0,0,0,0,0,0,0,0,0,0,0,0,0,0,0
2022-05-02 13:37:47.125,2022-05-02 13:38:23.125000,0,0,0,0,0,1,0,0,0,0,0,0,0,0,0,0,0,0,0,0,0,0,0
2022-05-02 13:38:23.125,2022-05-02 13:38:32.125000,0,0,0,0,1,0,0,0,0,0,0,0,0,0,0,0,0,0,0,0,0,0,0
2022-05-02 13:38:32.125,2022-05-02 13:38:38.125000,0,0,0,0,0,0,0,0,0,0,0,0,0,1,0,0,0,0,0,0,0,0,0
2022-05-02 13:38:45.125,2022-05-02 13:38:49.125000,0,0,0,0,0,0,0,0,0,0,0,0,0,1,0,0,0,0,0,0,0,0,0
2022-05-02 13:38:49.125,2022-05-02 13:40:51.125000,0,0,0,0,1,0,0,0,0,0,0,0,0,0,0,0,0,0,0,0,0,0,0
2022-05-02 13:40:52.125,2022-05-02 13:41:11.125000,0,1,0,0,0,0,0,0,0,0,0,0,0,0,0,0,0,0,0,0,0,0,0
2022-05-02 13:41:11.125,2022-05-02 13:41:22.112000,0,0,0,0,1,0,0,0,0,0,0,0,0,0,0,0,0,0,0,0,0,0,0
2022-05-02 13:41:25.112,2022-05-02 13:43:08.112000,0,1,0,0,0,0,0,0,0,0,0,0,0,0,0,0,0,0,0,0,0,0,0
2022-05-02 13:43:08.112,2022-05-02 13:44:37.112000,0,0,0,0,0,1,0,0,0,0,0,0,0,0,0,0,0,0,0,0,0,0,0
2022-05-02 13:44:44.112,2022-05-02 13:44:48.112000,0,0,0,0,0,1,0,0,0,0,0,0,0,0,0,0,0,0,0,0,0,0,0
2022-05-02 13:44:54.112,2022-05-02 13:51:04.100000,1,0,0,0,0,0,0,0,0,0,0,0,0,0,0,0,0,0,0,0,0,0,0
2022-05-02 13:51:15.100,2022-05-02 13:52:02.100000,0,0,0,0,1,0,0,0,0,0,0,0,0,0,0,0,0,0,0,0,0,0,0
2022-05-02 13:52:02.100,2022-05-02 14:00:58.087000,0,1,0,0,0,0,0,0,0,0,0,0,0,0,0,0,0,0,0,0,0,0,0
2022-05-02 14:01:17.087,2022-05-02 14:14:31.075000,1,0,0,0,0,0,0,0,0,0,0,0,0,0,0,0,0,0,0,0,0,0,0
2022-05-02 14:14:39.075,2022-05-02 14:15:14.075000,0,0,0,0,1,0,0,0,0,0,0,0,0,0,0,0,0,0,0,0,0,0,0
2022-05-02 14:15:14.075,2022-05-02 14:15:39.075000,0,0,0,0,1,0,0,0,0,0,0,0,0,0,0,0,0,0,0,0,0,0,0
2022-05-02 14:15:41.075,2022-05-02 14:16:02.075000,0,1,0,0,0,0,0,0,0,0,0,0,0,0,0,0,0,0,0,0,0,0,0
2022-05-02 14:16:02.075,2022-05-02 14:16:43.075000,0,0,0,0,1,0,0,0,0,0,0,0,0,0,0,0,0,0,0,0,0,0,0
2022-05-02 14:16:43.075,2022-05-02 14:16:55.075000,0,1,0,0,0,0,0,0,0,0,0,0,0,0,0,0,0,0,0,0,0,0,0
2022-05-02 14:16:55.075,2022-05-02 14:17:13.075000,0,0,0,0,0,1,0,0,0,0,0,0,0,0,0,0,0,0,0,0,0,0,0
2022-05-02 14:17:13.075,2022-05-02 14:18:04.075000,0,1,0,0,0,0,0,0,0,0,0,0,0,0,0,0,0,0,0,0,0,0,0
2022-05-02 14:18:05.075,2022-05-02 14:18:33.075000,1,0,0,0,0,0,0,0,0,0,0,0,0,0,0,0,0,0,0,0,0,0,0
2022-05-02 14:18:41.075,2022-05-02 14:18:58.075000,0,0,0,0,1,0,0,0,0,0,0,0,0,0,0,0,0,0,0,0,0,0,0
2022-05-02 14:19:03.075,2022-05-02 14:19:24.075000,0,1,0,0,0,0,0,0,0,0,0,0,0,0,0,0,0,0,0,0,0,0,0
2022-05-02 14:19:24.075,2022-05-02 14:19:38.075000,0,0,0,0,1,0,0,0,0,0,0,0,0,0,0,0,0,0,0,0,0,0,0
2022-05-02 14:19:47.075,2022-05-02 17:08:22.850000,1,0,0,0,0,0,0,0,0,0,0,0,0,0,0,0,0,0,0,0,0,0,0
2022-05-02 17:08:27.850,2022-05-02 17:08:54.850000,0,0,0,0,0,1,0,0,0,0,0,0,0,0,0,0,0,0,0,0,0,0,0
2022-05-02 17:08:54.850,2022-05-02 17:09:58.850000,0,1,0,0,0,0,0,0,0,0,0,0,0,0,0,0,0,0,0,0,0,0,0
2022-05-02 17:09:59.850,2022-05-02 17:10:49.850000,0,0,0,0,0,0,0,0,0,0,0,1,0,0,0,0,0,0,0,0,0,0,0
2022-05-02 17:10:49.850,2022-05-02 17:12:05.850000,0,1,0,0,0,0,0,0,0,0,0,0,0,0,0,0,0,0,0,0,0,0,0
2022-05-02 17:12:05.850,2022-05-02 17:12:58.850000,0,0,0,0,0,0,0,0,0,0,0,1,0,0,0,0,0,0,0,0,0,0,0
2022-05-02 17:12:58.850,2022-05-02 17:13:13.850000,0,1,0,0,0,0,0,0,0,0,0,0,0,0,0,0,0,0,0,0,0,0,0
2022-05-02 17:13:13.850,2022-05-02 17:13:28.850000,0,0,0,0,0,0,0,0,0,0,0,1,0,0,0,0,0,0,0,0,0,0,0
2022-05-02 17:13:28.850,2022-05-02 17:13:36.850000,0,1,0,0,0,0,0,0,0,0,0,0,0,0,0,0,0,0,0,0,0,0,0
2022-05-02 17:13:38.850,2022-05-02 17:14:29.850000,0,0,0,0,0,0,0,0,0,0,0,1,0,0,0,0,0,0,0,0,0,0,0
2022-05-02 17:14:32.850,2022-05-02 17:14:58.850000,0,1,0,0,0,0,0,0,0,0,0,0,0,0,0,0,0,0,0,0,0,0,0
2022-05-02 17:14:58.850,2022-05-02 17:19:17.837000,0,0,0,0,0,1,0,0,0,0,0,0,0,0,0,0,0,0,0,0,0,0,0
2022-05-02 17:19:20.837,2022-05-02 17:19:47.837000,0,1,0,0,0,0,0,0,0,0,0,0,0,0,0,0,0,0,0,0,0,0,0
2022-05-02 17:19:47.837,2022-05-02 17:20:28.837000,0,0,0,0,1,0,0,0,0,0,0,0,0,0,0,0,0,0,0,0,0,0,0
2022-05-02 17:20:37.837,2022-05-02 18:28:51.750000,1,0,0,0,0,0,0,0,0,0,0,0,0,0,0,0,0,0,0,0,0,0,0
2022-05-02 18:28:51.750,2022-05-02 19:38:20.662000,1,0,0,0,0,0,0,0,0,0,0,0,0,0,0,0,0,0,0,0,0,0,0
2022-05-02 19:38:22.662,2022-05-02 19:39:37.662000,1,0,0,0,0,0,0,0,0,0,0,0,0,0,0,0,0,0,0,0,0,0,0
2022-05-02 19:39:39.662,2022-05-02 19:45:53.650000,1,0,0,0,0,0,0,0,0,0,0,0,0,0,0,0,0,0,0,0,0,0,0
2022-05-02 19:45:56.650,2022-05-02 19:46:57.650000,0,1,0,0,0,0,0,0,0,0,0,0,0,0,0,0,0,0,0,0,0,0,0
2022-05-02 19:47:06.650,2022-05-02 19:48:14.650000,0,0,0,0,1,0,0,0,0,0,0,0,0,0,0,0,0,0,0,0,0,0,0
2022-05-02 19:48:15.650,2022-05-02 19:48:29.650000,0,0,0,0,0,0,0,0,0,0,0,0,0,1,0,0,0,0,0,0,0,0,0
2022-05-02 19:48:30.650,2022-05-02 19:49:20.650000,0,0,0,0,1,0,0,0,0,0,0,0,0,0,0,0,0,0,0,0,0,0,0
2022-05-02 19:49:22.650,2022-05-02 19:51:00.650000,0,0,0,0,1,0,0,0,0,0,0,0,0,0,0,0,0,0,0,0,0,0,0
2022-05-02 19:51:01.650,2022-05-02 19:51:22.650000,0,0,0,0,0,0,0,0,0,0,0,0,0,0,1,0,0,0,0,0,0,0,0
2022-05-02 19:51:23.650,2022-05-02 19:52:18.650000,0,0,0,0,1,0,0,0,0,0,0,0,0,0,0,0,0,0,0,0,0,0,0
2022-05-02 19:52:18.650,2022-05-02 19:52:45.650000,0,1,0,0,0,0,0,0,0,0,0,0,0,0,0,0,0,0,0,0,0,0,0
2022-05-02 19:52:46.650,2022-05-02 19:53:52.637000,0,0,0,0,1,0,0,0,0,0,0,0,0,0,0,0,0,0,0,0,0,0,0
2022-05-02 19:53:53.637,2022-05-02 20:00:25.637000,1,0,0,0,0,0,0,0,0,0,0,0,0,0,0,0,0,0,0,0,0,0,0
2022-05-02 20:00:26.637,2022-05-02 20:05:16.625000,0,0,1,1,0,0,0,0,0,0,0,0,0,0,0,0,0,0,0,0,0,0,0
2022-05-02 20:05:26.625,2022-05-02 20:06:06.625000,0,1,0,0,0,0,0,0,0,0,0,0,0,0,0,0,0,0,0,0,0,0,0
2022-05-02 20:09:18.625,2022-05-02 20:48:22.575000,1,0,0,0,0,0,0,0,0,0,0,0,0,0,0,0,0,0,0,0,0,0,0
2022-05-02 20:49:54.575,2022-05-02 20:51:16.575000,0,1,0,0,0,0,0,0,0,0,0,0,0,0,0,0,0,0,0,0,0,0,0
2022-05-02 20:51:19.575,2022-05-02 20:52:15.562000,1,0,0,0,0,0,0,0,0,0,0,0,0,0,0,0,0,0,0,0,0,0,0
2022-05-02 20:52:21.562,2022-05-02 20:55:56.562000,1,0,0,0,0,0,0,0,0,0,0,0,0,0,0,0,0,0,0,0,0,0,0
2022-05-02 20:55:58.562,2022-05-02 20:56:43.562000,0,1,0,0,0,0,0,0,0,0,0,0,0,0,0,0,0,0,0,0,0,0,0
2022-05-02 20:56:45.562,2022-05-02 20:57:32.562000,0,0,0,0,1,0,0,0,0,0,0,0,0,0,0,0,0,0,0,0,0,0,0
2022-05-02 20:57:36.562,2022-05-02 20:57:58.562000,0,1,0,0,0,0,0,0,0,0,0,0,0,0,0,0,0,0,0,0,0,0,0
2022-05-02 20:57:59.562,2022-05-02 20:58:18.562000,0,0,0,0,1,0,0,0,0,0,0,0,0,0,0,0,0,0,0,0,0,0,0
2022-05-02 20:58:18.562,2022-05-02 20:58:42.562000,0,0,0,0,1,0,0,0,0,0,0,0,0,0,0,0,0,0,0,0,0,0,0
2022-05-02 20:58:43.562,2022-05-02 21:02:36.550000,0,0,0,0,1,0,0,0,0,0,0,0,0,0,0,0,0,0,0,0,0,0,0
2022-05-02 21:02:38.550,2022-05-02 21:02:52.550000,0,0,0,0,1,0,0,0,0,0,0,0,0,0,0,0,0,0,0,0,0,0,0
2022-05-02 21:02:53.550,2022-05-02 21:03:04.550000,0,0,0,0,0,0,0,0,0,0,0,0,0,0,1,0,0,0,0,0,0,0,0
2022-05-02 21:03:05.550,2022-05-02 21:03:57.550000,0,0,0,0,1,0,0,0,0,0,0,0,0,0,0,0,0,0,0,0,0,0,0
2022-05-02 21:03:57.550,2022-05-02 21:04:07.550000,0,0,0,0,0,0,0,0,0,0,0,0,0,1,0,0,0,0,0,0,0,0,0
2022-05-02 21:04:07.550,2022-05-02 21:04:22.550000,0,0,0,0,1,0,0,0,0,0,0,0,0,0,0,0,0,0,0,0,0,0,0
2022-05-02 21:04:24.550,2022-05-02 21:09:54.550000,0,0,0,0,1,0,0,0,0,0,0,0,0,0,0,0,0,0,0,0,0,0,0
2022-05-02 21:09:54.550,2022-05-02 21:10:08.550000,0,0,0,0,1,0,0,0,0,0,0,0,0,0,0,0,0,0,0,0,0,0,0
2022-05-02 21:10:08.550,2022-05-02 21:26:41.525000,1,0,0,0,0,0,0,0,0,0,0,0,0,0,0,0,0,0,0,0,0,0,0
2022-05-02 21:26:43.525,2022-05-02 21:29:39.525000,0,0,0,0,1,0,0,0,0,0,0,0,0,0,0,0,0,0,0,0,0,0,0
2022-05-02 21:29:40.525,2022-05-02 21:30:06.525000,0,0,0,0,1,0,0,0,0,0,0,0,0,0,0,0,0,0,0,0,0,0,0
2022-05-02 21:30:07.525,2022-05-02 21:30:58.525000,1,0,0,0,0,0,0,0,0,0,0,0,0,0,0,0,0,0,0,0,0,0,0
2022-05-02 21:30:59.525,2022-05-02 21:33:22.512000,0,0,0,0,1,0,0,0,0,0,0,0,0,0,0,0,0,0,0,0,0,0,0
2022-05-02 21:33:24.512,2022-05-02 21:35:41.512000,0,0,1,1,0,0,0,0,0,0,0,0,0,0,0,0,0,0,0,0,0,0,0
2022-05-02 21:35:43.512,2022-05-02 21:37:28.512000,0,0,0,0,1,0,0,0,0,0,0,0,0,0,0,0,0,0,0,0,0,0,0
2022-05-02 21:37:29.512,2022-05-02 22:02:43.475000,1,0,0,0,0,0,0,0,0,0,0,0,0,0,0,0,0,0,0,0,0,0,0
2022-05-02 22:02:51.475,2022-05-02 22:09:24.475000,1,0,0,0,0,0,0,0,0,0,0,0,0,0,0,0,0,0,0,0,0,0,0
2022-05-02 22:09:27.475,2022-05-02 22:14:22.462000,0,0,1,1,0,0,0,0,0,0,0,0,0,0,0,0,0,0,0,0,0,0,0
2022-05-03 07:24:04.862,2022-05-03 07:27:11.862000,0,1,0,0,0,0,0,0,0,0,0,0,0,0,0,0,0,0,0,0,0,0,0
2022-05-03 07:27:18.862,2022-05-03 07:33:44.850000,0,0,0,0,1,0,0,0,0,0,0,0,0,0,0,0,0,0,0,0,0,0,0
2022-05-03 07:33:44.850,2022-05-03 10:00:06.600000,0,0,0,0,0,0,0,0,0,0,0,0,1,0,0,0,0,0,0,0,0,0,0
2022-05-03 10:00:17.600,2022-05-03 11:41:02.425000,1,0,0,0,0,0,0,0,0,0,0,0,0,0,0,0,0,0,0,0,0,0,0
2022-05-03 11:41:02.425,2022-05-03 11:43:00.425000,0,0,0,0,1,0,0,0,0,0,0,0,0,0,0,0,0,0,0,0,0,0,0
2022-05-03 11:43:09.425,2022-05-03 11:49:07.412000,1,0,0,0,0,0,0,0,0,0,0,0,0,0,0,0,0,0,0,0,0,0,0
2022-05-03 11:49:20.412,2022-05-03 12:12:50.375000,1,0,0,0,0,0,0,0,0,0,0,0,0,0,0,0,0,0,0,0,0,0,0
2022-05-03 12:12:51.375,2022-05-03 12:13:45.375000,0,0,0,0,1,0,0,0,0,0,0,0,0,0,0,0,0,0,0,0,0,0,0
2022-05-03 12:13:50.375,2022-05-03 12:14:32.362000,0,0,1,1,0,0,0,0,0,0,0,0,0,0,0,0,0,0,0,0,0,0,0
2022-05-03 12:14:53.362,2022-05-03 12:15:49.362000,0,1,0,0,0,0,0,0,0,0,0,0,0,0,0,0,0,0,0,0,0,0,0
2022-05-03 12:15:52.362,2022-05-03 12:18:45.362000,0,0,0,0,1,0,0,0,0,0,0,0,0,0,0,0,0,0,0,0,0,0,0
2022-05-03 12:18:48.362,2022-05-03 12:47:31.312000,1,0,0,0,0,0,0,0,0,0,0,0,0,0,0,0,0,0,0,0,0,0,0
2022-05-03 12:48:08.312,2022-05-03 12:50:14.312000,0,1,0,0,0,0,0,0,0,0,0,0,0,0,0,0,0,0,0,0,0,0,0
2022-05-03 12:50:26.312,2022-05-03 12:51:00.300000,1,0,0,0,0,0,0,0,0,0,0,0,0,0,0,0,0,0,0,0,0,0,0
2022-05-03 12:51:05.300,2022-05-03 12:51:36.300000,1,0,0,0,0,0,0,0,0,0,0,0,0,0,0,0,0,0,0,0,0,0,0
2022-05-03 12:52:20.300,2022-05-03 12:58:42.287000,0,0,0,0,1,0,0,0,0,0,0,0,0,0,0,0,0,0,0,0,0,0,0
2022-05-03 12:58:46.287,2022-05-03 13:11:24.275000,0,0,0,0,1,0,0,0,0,0,0,0,0,0,0,0,0,0,0,0,0,0,0
2022-05-03 13:11:25.275,2022-05-03 13:11:52.275000,0,0,0,0,1,0,0,0,0,0,0,0,0,0,0,0,0,0,0,0,0,0,0
2022-05-03 13:11:52.275,2022-05-03 13:13:15.262000,1,0,0,0,0,0,0,0,0,0,0,0,0,0,0,0,0,0,0,0,0,0,0
2022-05-03 13:13:15.262,2022-05-03 13:25:29.250000,1,0,0,0,0,0,0,0,0,0,0,0,0,0,0,0,0,0,0,0,0,0,0
2022-05-03 13:25:29.250,2022-05-03 13:25:56.250000,1,0,0,0,0,0,0,0,0,0,0,0,0,0,0,0,0,0,0,0,0,0,0
2022-05-03 13:25:56.250,2022-05-03 13:27:01.250000,1,0,0,0,0,0,0,0,0,0,0,0,0,0,0,0,0,0,0,0,0,0,0
2022-05-03 13:27:01.250,2022-05-03 13:34:31.225000,1,0,0,0,0,0,0,0,0,0,0,0,0,0,0,0,0,0,0,0,0,0,0
2022-05-03 13:34:31.225,2022-05-03 13:35:54.225000,0,1,0,0,0,0,0,0,0,0,0,0,0,0,0,0,0,0,0,0,0,0,0
2022-05-03 13:35:54.225,2022-05-03 13:36:47.225000,0,0,0,0,1,0,0,0,0,0,0,0,0,0,0,0,0,0,0,0,0,0,0
2022-05-03 13:36:47.225,2022-05-03 13:37:31.225000,0,0,0,0,1,0,0,0,0,0,0,0,0,0,0,0,0,0,0,0,0,0,0
2022-05-03 13:37:31.225,2022-05-03 13:40:38.225000,0,0,0,0,1,0,0,0,0,0,0,0,0,0,0,0,0,0,0,0,0,0,0
2022-05-03 13:40:52.225,2022-05-03 13:42:12.212000,0,1,0,0,0,0,0,0,0,0,0,0,0,0,0,0,0,0,0,0,0,0,0
2022-05-03 13:42:29.212,2022-05-03 13:45:51.212000,1,0,0,0,0,0,0,0,0,0,0,0,0,0,0,0,0,0,0,0,0,0,0
2022-05-03 13:45:51.212,2022-05-03 13:48:21.212000,0,0,0,0,0,0,0,0,0,0,0,0,0,0,0,0,0,0,0,0,0,0,1
2022-05-03 13:48:21.212,2022-05-03 13:57:44.187000,0,0,0,0,0,0,0,0,0,0,0,0,0,0,0,0,0,0,0,0,0,0,1
2022-05-03 13:57:44.187,2022-05-03 13:58:22.187000,0,0,0,0,1,0,0,0,0,0,0,0,0,0,0,0,0,0,0,0,0,0,0
2022-05-03 13:58:22.187,2022-05-03 13:58:51.187000,0,0,0,0,1,0,0,0,0,0,0,0,0,0,0,0,0,0,0,0,0,0,0
2022-05-03 13:58:51.187,2022-05-03 13:59:12.187000,0,1,0,0,0,0,0,0,0,0,0,0,0,0,0,0,0,0,0,0,0,0,0
2022-05-03 13:59:12.187,2022-05-03 14:00:15.187000,0,0,0,0,1,0,0,0,0,0,0,0,0,0,0,0,0,0,0,0,0,0,0
2022-05-03 14:00:15.187,2022-05-03 14:39:02.125000,1,0,0,0,0,0,0,0,0,0,0,0,0,0,0,0,0,0,0,0,0,0,0
2022-05-03 14:39:02.125,2022-05-03 14:40:41.112000,1,0,0,0,0,0,0,0,0,0,0,0,0,0,0,0,0,0,0,0,0,0,0
2022-05-03 14:40:41.112,2022-05-03 15:24:00.037000,1,0,0,0,0,0,0,0,0,0,0,0,0,0,0,0,0,0,0,0,0,0,0
2022-05-03 15:24:00.037,2022-05-03 15:28:48.037000,0,0,0,0,1,0,0,0,0,0,0,0,0,0,0,0,0,0,0,0,0,0,0
2022-05-03 15:28:48.037,2022-05-03 15:31:52.025000,1,0,0,0,0,0,0,0,0,0,0,0,0,0,0,0,0,0,0,0,0,0,0
2022-05-03 15:31:52.025,2022-05-03 16:07:59.962000,1,0,0,0,0,0,0,0,0,0,0,0,0,0,0,0,0,0,0,0,0,0,0
2022-05-03 16:07:59.962,2022-05-03 16:22:01.950000,1,0,0,0,0,0,0,0,0,0,0,0,0,0,0,0,0,0,0,0,0,0,0
2022-05-03 16:22:01.950,2022-05-03 16:23:27.937000,1,0,0,0,0,0,0,0,0,0,0,0,0,0,0,0,0,0,0,0,0,0,0
2022-05-03 16:23:27.937,2022-05-03 17:00:47.875000,1,0,0,0,0,0,0,0,0,0,0,0,0,0,0,0,0,0,0,0,0,0,0
2022-05-03 17:00:57.875,2022-05-03 17:01:24.875000,0,0,0,0,1,0,0,0,0,0,0,0,0,0,0,0,0,0,0,0,0,0,0
2022-05-03 17:01:24.875,2022-05-03 17:03:50.875000,1,0,0,0,0,0,0,0,0,0,0,0,0,0,0,0,0,0,0,0,0,0,0
2022-05-03 17:03:50.875,2022-05-03 17:15:08.850000,1,0,0,0,0,0,0,0,0,0,0,0,0,0,0,0,0,0,0,0,0,0,0
2022-05-03 17:15:08.850,2022-05-03 17:16:04.850000,0,1,0,0,0,0,0,0,0,0,0,0,0,0,0,0,0,0,0,0,0,0,0
2022-05-03 17:16:04.850,2022-05-03 17:16:24.850000,1,0,0,0,0,0,0,0,0,0,0,0,0,0,0,0,0,0,0,0,0,0,0
2022-05-03 17:16:24.850,2022-05-03 17:17:34.850000,0,0,0,0,1,0,0,0,0,0,0,0,0,0,0,0,0,0,0,0,0,0,0
2022-05-03 17:17:34.850,2022-05-03 17:17:51.850000,0,0,0,0,0,0,0,0,0,0,0,0,0,1,0,0,0,0,0,0,0,0,0
2022-05-03 17:17:51.850,2022-05-03 17:18:10.850000,0,0,0,0,1,0,0,0,0,0,0,0,0,0,0,0,0,0,0,0,0,0,0
2022-05-03 17:18:10.850,2022-05-03 17:20:09.850000,0,0,0,0,1,0,0,0,0,0,0,0,0,0,0,0,0,0,0,0,0,0,0
2022-05-03 17:20:09.850,2022-05-03 17:20:20.850000,0,0,0,0,0,0,0,0,0,0,0,0,0,0,1,0,0,0,0,0,0,0,0
2022-05-03 17:20:20.850,2022-05-03 17:21:02.837000,0,0,0,0,1,0,0,0,0,0,0,0,0,0,0,0,0,0,0,0,0,0,0
2022-05-03 17:21:02.837,2022-05-03 17:22:50.837000,0,0,0,0,1,0,0,0,0,0,0,0,0,0,0,0,0,0,0,0,0,0,0
