START_TIME,STOP_TIME,PREDICTION,SOURCE,LABELSET,VIDEO_START_TIME,VIDEO_END_TIME
2022-04-08 10:05:14,2022-04-08 10:05:53,Located_Indoors,annotator,Behavioral Parameters,2022-04-08 00:00:00,2022-04-08 00:00:39
2022-04-08 10:05:53,2022-04-08 10:06:13,Located_Indoors, Holding_Other_Object_Light, Texting/Browsing_Phone,annotator,Behavioral Parameters,2022-04-08 00:00:39,2022-04-08 00:00:59
2022-04-08 10:06:13,2022-04-08 10:06:31,Located_Indoors, Browsing_Computer,annotator,Behavioral Parameters,2022-04-08 00:00:59,2022-04-08 00:01:17
2022-04-08 10:06:31,2022-04-08 10:06:41,Located_Indoors, Holding_Other_Object_Light, Texting/Browsing_Phone,annotator,Behavioral Parameters,2022-04-08 00:01:17,2022-04-08 00:01:27
2022-04-08 10:06:41,2022-04-08 10:18:48,Located_Indoors, Browsing_Computer,annotator,Behavioral Parameters,2022-04-08 00:01:27,2022-04-08 00:13:34
2022-04-08 10:18:48,2022-04-08 10:19:26,Located_Indoors, Holding_Other_Object_Light, Texting/Browsing_Phone,annotator,Behavioral Parameters,2022-04-08 00:13:34,2022-04-08 00:14:12
2022-04-08 10:19:26,2022-04-08 10:22:22,Located_Indoors, Browsing_Computer,annotator,Behavioral Parameters,2022-04-08 00:14:12,2022-04-08 00:17:08
2022-04-08 10:22:22,2022-04-08 10:22:43,Located_Indoors, Holding_Other_Object_Light, Texting/Browsing_Phone,annotator,Behavioral Parameters,2022-04-08 00:17:08,2022-04-08 00:17:29
2022-04-08 10:22:43,2022-04-08 10:27:23,Located_Indoors, Browsing_Computer,annotator,Behavioral Parameters,2022-04-08 00:17:29,2022-04-08 00:22:09
2022-04-08 10:27:23,2022-04-08 10:32:36,Located_Indoors, Holding_Other_Object_Light, Texting/Browsing_Phone,annotator,Behavioral Parameters,2022-04-08 00:22:09,2022-04-08 00:27:22
2022-04-08 10:32:36,2022-04-08 10:33:25,Located_Indoors, Browsing_Computer,annotator,Behavioral Parameters,2022-04-08 00:27:22,2022-04-08 00:28:11
2022-04-08 10:33:25,2022-04-08 10:34:22,Located_Indoors, Holding_Other_Object_Light, Texting/Browsing_Phone,annotator,Behavioral Parameters,2022-04-08 00:28:11,2022-04-08 00:29:08
2022-04-08 10:34:22,2022-04-08 10:35:34,Located_Indoors, Browsing_Computer,annotator,Behavioral Parameters,2022-04-08 00:29:08,2022-04-08 00:30:20
2022-04-08 10:35:34,2022-04-08 10:37:21,Located_Indoors, Holding_Other_Object_Light, Texting/Browsing_Phone,annotator,Behavioral Parameters,2022-04-08 00:30:20,2022-04-08 00:32:07
2022-04-08 10:37:21,2022-04-08 10:37:56,Located_Indoors, Browsing_Computer,annotator,Behavioral Parameters,2022-04-08 00:32:07,2022-04-08 00:32:42
2022-04-08 10:37:56,2022-04-08 10:39:10,Located_Indoors, Holding_Other_Object_Light, Texting/Browsing_Phone,annotator,Behavioral Parameters,2022-04-08 00:32:42,2022-04-08 00:33:56
2022-04-08 10:39:10,2022-04-08 10:53:16,Located_Indoors, Browsing_Computer,annotator,Behavioral Parameters,2022-04-08 00:33:56,2022-04-08 00:48:02
2022-04-08 10:53:16,2022-04-08 11:02:39,Located_Indoors, Holding_Other_Object_Light, Texting/Browsing_Phone,annotator,Behavioral Parameters,2022-04-08 00:48:02,2022-04-08 00:57:25
2022-04-08 11:02:39,2022-04-08 11:02:50,Located_Indoors,annotator,Behavioral Parameters,2022-04-08 00:57:25,2022-04-08 00:57:36
2022-04-08 11:02:50,2022-04-08 11:03:13,Located_Indoors,annotator,Behavioral Parameters,2022-04-08 00:57:36,2022-04-08 00:57:59
2022-04-08 11:03:13,2022-04-08 11:03:24,Located_Indoors,annotator,Behavioral Parameters,2022-04-08 00:57:59,2022-04-08 00:58:10
2022-04-08 11:03:24,2022-04-08 11:03:48,Located_Indoors,annotator,Behavioral Parameters,2022-04-08 00:58:10,2022-04-08 00:58:34
2022-04-08 11:03:48,2022-04-08 11:05:53,Located_Indoors, Holding_Other_Object_Light, Texting/Browsing_Phone,annotator,Behavioral Parameters,2022-04-08 00:58:34,2022-04-08 01:00:39
2022-04-08 11:05:53,2022-04-08 11:06:15,Located_Indoors,annotator,Behavioral Parameters,2022-04-08 01:00:39,2022-04-08 01:01:01
2022-04-08 11:06:15,2022-04-08 12:00:32,CP_VideoUnavailable/Indecipherable,annotator,Behavioral Parameters,2022-04-08 01:01:01,2022-04-08 01:55:18
2022-04-08 12:00:32,2022-04-08 12:00:47,Located_Indoors,annotator,Behavioral Parameters,2022-04-08 01:55:18,2022-04-08 01:55:33
2022-04-08 12:00:47,2022-04-08 12:00:59,Located_Indoors, Holding_Other_Object_Light, Texting/Browsing_Phone,annotator,Behavioral Parameters,2022-04-08 01:55:33,2022-04-08 01:55:45
2022-04-08 12:00:59,2022-04-08 12:01:04,Located_Indoors,annotator,Behavioral Parameters,2022-04-08 01:55:45,2022-04-08 01:55:50
2022-04-08 12:01:04,2022-04-08 12:01:22,Located_Indoors,annotator,Behavioral Parameters,2022-04-08 01:55:50,2022-04-08 01:56:08
2022-04-08 12:01:22,2022-04-08 12:01:38,Located_Indoors,annotator,Behavioral Parameters,2022-04-08 01:56:08,2022-04-08 01:56:24
2022-04-08 12:01:38,2022-04-08 12:02:42,Located_Indoors, Holding_Other_Object_Light, Texting/Browsing_Phone,annotator,Behavioral Parameters,2022-04-08 01:56:24,2022-04-08 01:57:28
2022-04-08 12:02:42,2022-04-08 12:03:12,Located_Indoors,annotator,Behavioral Parameters,2022-04-08 01:57:28,2022-04-08 01:57:58
2022-04-08 12:03:12,2022-04-08 12:03:25,Located_Indoors, Browsing_Computer,annotator,Behavioral Parameters,2022-04-08 01:57:58,2022-04-08 01:58:11
2022-04-08 12:03:25,2022-04-08 12:03:57,Located_Indoors, In_Conversation,annotator,Behavioral Parameters,2022-04-08 01:58:11,2022-04-08 01:58:43
2022-04-08 12:03:57,2022-04-08 12:04:21,Located_Indoors, In_Conversation, Holding_Other_Object_Light,annotator,Behavioral Parameters,2022-04-08 01:58:43,2022-04-08 01:59:07
2022-04-08 12:04:21,2022-04-08 12:05:21,Located_Indoors, In_Conversation,annotator,Behavioral Parameters,2022-04-08 01:59:07,2022-04-08 02:00:07
2022-04-08 12:05:21,2022-04-08 12:20:27,CP_VideoUnavailable/Indecipherable,annotator,Behavioral Parameters,2022-04-08 02:00:07,2022-04-08 02:15:13
2022-04-08 12:20:27,2022-04-08 12:21:35,Located_Indoors, In_Conversation,annotator,Behavioral Parameters,2022-04-08 02:15:13,2022-04-08 02:16:21
2022-04-08 12:21:35,2022-04-08 12:26:12,Located_Indoors, Browsing_Computer,annotator,Behavioral Parameters,2022-04-08 02:16:21,2022-04-08 02:20:58
2022-04-08 12:26:12,2022-04-08 12:26:21,Located_Indoors,annotator,Behavioral Parameters,2022-04-08 02:20:58,2022-04-08 02:21:07
2022-04-08 12:26:21,2022-04-08 12:26:43,Located_Indoors, Holding_Other_Object_Light, Texting/Browsing_Phone,annotator,Behavioral Parameters,2022-04-08 02:21:07,2022-04-08 02:21:29
2022-04-08 12:26:43,2022-04-08 12:27:18,Located_Indoors,annotator,Behavioral Parameters,2022-04-08 02:21:29,2022-04-08 02:22:04
2022-04-08 12:27:18,2022-04-08 12:27:45,Located_Indoors, Browsing_Computer,annotator,Behavioral Parameters,2022-04-08 02:22:04,2022-04-08 02:22:31
2022-04-08 12:27:45,2022-04-08 12:31:30,Located_Indoors, Browsing_Computer, Holding_Other_Object_Light, Texting/Browsing_Phone,annotator,Behavioral Parameters,2022-04-08 02:22:31,2022-04-08 02:26:16
2022-04-08 12:31:30,2022-04-08 12:34:02,Located_Indoors, Browsing_Computer,annotator,Behavioral Parameters,2022-04-08 02:26:16,2022-04-08 02:28:48
2022-04-08 12:34:02,2022-04-08 12:34:33,Located_Indoors,annotator,Behavioral Parameters,2022-04-08 02:28:48,2022-04-08 02:29:19
2022-04-08 12:34:33,2022-04-08 12:34:54,Located_Indoors,annotator,Behavioral Parameters,2022-04-08 02:29:19,2022-04-08 02:29:40
2022-04-08 12:34:54,2022-04-08 12:35:19,Located_Indoors,annotator,Behavioral Parameters,2022-04-08 02:29:40,2022-04-08 02:30:05
2022-04-08 12:35:19,2022-04-08 12:39:31,Located_Indoors,annotator,Behavioral Parameters,2022-04-08 02:30:05,2022-04-08 02:34:17
2022-04-08 12:39:31,2022-04-08 12:40:19,Located_Indoors,annotator,Behavioral Parameters,2022-04-08 02:34:17,2022-04-08 02:35:05
2022-04-08 12:40:19,2022-04-08 12:41:02,Located_Indoors,annotator,Behavioral Parameters,2022-04-08 02:35:05,2022-04-08 02:35:48
2022-04-08 12:41:02,2022-04-08 12:41:19,Located_Indoors,annotator,Behavioral Parameters,2022-04-08 02:35:48,2022-04-08 02:36:05
2022-04-08 12:41:19,2022-04-08 12:41:35,Located_Indoors,annotator,Behavioral Parameters,2022-04-08 02:36:05,2022-04-08 02:36:21
2022-04-08 12:41:35,2022-04-08 12:42:42,Located_Indoors,annotator,Behavioral Parameters,2022-04-08 02:36:21,2022-04-08 02:37:28
2022-04-08 12:42:42,2022-04-08 12:42:57,Located_Indoors,annotator,Behavioral Parameters,2022-04-08 02:37:28,2022-04-08 02:37:43
2022-04-08 12:42:57,2022-04-08 12:43:04,Located_Indoors,annotator,Behavioral Parameters,2022-04-08 02:37:43,2022-04-08 02:37:50
2022-04-08 12:43:04,2022-04-08 12:43:25,Located_Indoors,annotator,Behavioral Parameters,2022-04-08 02:37:50,2022-04-08 02:38:11
2022-04-08 12:43:26,2022-04-08 12:43:47,Located_Indoors,annotator,Behavioral Parameters,2022-04-08 02:38:12,2022-04-08 02:38:33
2022-04-08 12:43:47,2022-04-08 12:47:34,Located_Outdoors,annotator,Behavioral Parameters,2022-04-08 02:38:33,2022-04-08 02:42:20
2022-04-08 12:47:34,2022-04-08 12:47:59,Located_Outdoors,annotator,Behavioral Parameters,2022-04-08 02:42:20,2022-04-08 02:42:45
2022-04-08 12:47:59,2022-04-08 12:49:08,Located_Outdoors,annotator,Behavioral Parameters,2022-04-08 02:42:45,2022-04-08 02:43:54
2022-04-08 12:49:08,2022-04-08 12:49:54,Located_Outdoors,annotator,Behavioral Parameters,2022-04-08 02:43:54,2022-04-08 02:44:40
2022-04-08 12:49:54,2022-04-08 12:55:49,Located_Outdoors, Holding_Other_Object_Light, Texting/Browsing_Phone,annotator,Behavioral Parameters,2022-04-08 02:44:40,2022-04-08 02:50:35
2022-04-08 12:55:49,2022-04-08 12:56:14,Located_Outdoors, Holding_Other_Object_Light,annotator,Behavioral Parameters,2022-04-08 02:50:35,2022-04-08 02:51:00
2022-04-08 12:56:14,2022-04-08 12:57:46,Located_Outdoors, Holding_Other_Object_Light, Texting/Browsing_Phone,annotator,Behavioral Parameters,2022-04-08 02:51:00,2022-04-08 02:52:32
2022-04-08 12:57:46,2022-04-08 12:58:16,Located_Outdoors, Holding_Other_Object_Light,annotator,Behavioral Parameters,2022-04-08 02:52:32,2022-04-08 02:53:02
2022-04-08 12:58:16,2022-04-08 12:58:40,Located_Outdoors, Holding_Other_Object_Light, Texting/Browsing_Phone,annotator,Behavioral Parameters,2022-04-08 02:53:02,2022-04-08 02:53:26
2022-04-08 12:58:40,2022-04-08 13:00:14,Located_Outdoors, Holding_Other_Object_Light,annotator,Behavioral Parameters,2022-04-08 02:53:26,2022-04-08 02:55:00
2022-04-08 13:00:14,2022-04-08 13:00:27,Located_Outdoors,annotator,Behavioral Parameters,2022-04-08 02:55:00,2022-04-08 02:55:13
2022-04-08 13:00:27,2022-04-08 13:01:04,Located_Outdoors,annotator,Behavioral Parameters,2022-04-08 02:55:13,2022-04-08 02:55:50
2022-04-08 13:01:04,2022-04-08 13:01:20,Located_Outdoors,annotator,Behavioral Parameters,2022-04-08 02:55:50,2022-04-08 02:56:06
2022-04-08 13:01:20,2022-04-08 13:03:09,Located_Outdoors,annotator,Behavioral Parameters,2022-04-08 02:56:06,2022-04-08 02:57:55
2022-04-08 13:03:09,2022-04-08 13:05:37,CP_VideoUnavailable/Indecipherable,annotator,Behavioral Parameters,2022-04-08 02:57:55,2022-04-08 03:00:23
2022-04-08 13:05:37,2022-04-08 13:39:37,Located_Indoors,annotator,Behavioral Parameters,2022-04-08 03:00:23,2022-04-08 03:34:23
2022-04-08 13:39:37,2022-04-08 13:43:25,Located_Indoors,annotator,Behavioral Parameters,2022-04-08 03:34:23,2022-04-08 03:38:11
2022-04-08 13:43:25,2022-04-08 13:43:59,Located_Indoors,annotator,Behavioral Parameters,2022-04-08 03:38:11,2022-04-08 03:38:45
2022-04-08 13:43:59,2022-04-08 13:46:12,Located_Indoors,annotator,Behavioral Parameters,2022-04-08 03:38:45,2022-04-08 03:40:58
2022-04-08 13:46:12,2022-04-08 13:48:20,Located_Indoors,annotator,Behavioral Parameters,2022-04-08 03:40:58,2022-04-08 03:43:06
2022-04-08 13:48:20,2022-04-08 13:48:33,Located_Indoors,annotator,Behavioral Parameters,2022-04-08 03:43:06,2022-04-08 03:43:19
2022-04-08 13:48:33,2022-04-08 13:50:35,CP_VideoUnavailable/Indecipherable,annotator,Behavioral Parameters,2022-04-08 03:43:19,2022-04-08 03:45:21
2022-04-08 13:50:35,2022-04-08 13:53:58,Located_Outdoors,annotator,Behavioral Parameters,2022-04-08 03:45:21,2022-04-08 03:48:44
2022-04-08 13:53:58,2022-04-08 13:54:15,Located_Outdoors,annotator,Behavioral Parameters,2022-04-08 03:48:44,2022-04-08 03:49:01
2022-04-08 13:54:15,2022-04-08 13:54:26,Located_Outdoors,annotator,Behavioral Parameters,2022-04-08 03:49:01,2022-04-08 03:49:12
2022-04-08 13:54:26,2022-04-08 13:55:56,Located_Outdoors, Holding_Other_Object_Light, Texting/Browsing_Phone,annotator,Behavioral Parameters,2022-04-08 03:49:12,2022-04-08 03:50:42
2022-04-08 13:55:56,2022-04-08 13:56:51,Located_Outdoors,annotator,Behavioral Parameters,2022-04-08 03:50:42,2022-04-08 03:51:37
2022-04-08 13:56:51,2022-04-08 13:56:59,Located_Outdoors,annotator,Behavioral Parameters,2022-04-08 03:51:37,2022-04-08 03:51:45
2022-04-08 13:56:59,2022-04-08 14:05:39,CP_VideoUnavailable/Indecipherable,annotator,Behavioral Parameters,2022-04-08 03:51:45,2022-04-08 04:00:25
2022-04-08 14:05:39,2022-04-08 14:05:53,Located_Outdoors, Holding_Other_Object_Light, Texting/Browsing_Phone,annotator,Behavioral Parameters,2022-04-08 04:00:25,2022-04-08 04:00:39
2022-04-08 14:05:53,2022-04-08 14:06:05,Located_Outdoors,annotator,Behavioral Parameters,2022-04-08 04:00:39,2022-04-08 04:00:51
2022-04-08 14:06:05,2022-04-08 14:06:29,Located_Outdoors, Holding_Other_Object_Light, Texting/Browsing_Phone,annotator,Behavioral Parameters,2022-04-08 04:00:51,2022-04-08 04:01:15
2022-04-08 14:06:29,2022-04-08 14:10:01,Located_Outdoors, Holding_Other_Object_Light, Texting/Browsing_Phone,annotator,Behavioral Parameters,2022-04-08 04:01:15,2022-04-08 04:04:47
2022-04-08 14:10:01,2022-04-08 14:10:24,Located_Indoors, Holding_Other_Object_Light, Texting/Browsing_Phone,annotator,Behavioral Parameters,2022-04-08 04:04:47,2022-04-08 04:05:10
2022-04-08 14:10:24,2022-04-08 14:10:35,Located_Indoors, Holding_Other_Object_Light, Texting/Browsing_Phone,annotator,Behavioral Parameters,2022-04-08 04:05:10,2022-04-08 04:05:21
2022-04-08 14:10:35,2022-04-08 14:10:59,Located_Indoors, Holding_Other_Object_Light, Texting/Browsing_Phone,annotator,Behavioral Parameters,2022-04-08 04:05:21,2022-04-08 04:05:45
2022-04-08 14:10:59,2022-04-08 14:11:58,Located_Indoors, Holding_Other_Object_Light, Texting/Browsing_Phone,annotator,Behavioral Parameters,2022-04-08 04:05:45,2022-04-08 04:06:44
2022-04-08 14:11:58,2022-04-08 14:12:54,Located_Indoors, Holding_Other_Object_Light, Texting/Browsing_Phone,annotator,Behavioral Parameters,2022-04-08 04:06:44,2022-04-08 04:07:40
2022-04-08 14:12:54,2022-04-08 14:13:55,Located_Indoors, Holding_Other_Object_Light, Texting/Browsing_Phone,annotator,Behavioral Parameters,2022-04-08 04:07:40,2022-04-08 04:08:41
2022-04-08 14:13:55,2022-04-08 14:14:09,Located_Indoors,annotator,Behavioral Parameters,2022-04-08 04:08:41,2022-04-08 04:08:55
2022-04-08 14:14:09,2022-04-08 14:14:44,Located_Indoors,annotator,Behavioral Parameters,2022-04-08 04:08:55,2022-04-08 04:09:30
2022-04-08 14:14:44,2022-04-08 14:15:02,Located_Indoors, Holding_Other_Object_Light, Texting/Browsing_Phone,annotator,Behavioral Parameters,2022-04-08 04:09:30,2022-04-08 04:09:48
2022-04-08 14:15:02,2022-04-08 14:15:38,Located_Indoors, Holding_Other_Object_Light, Texting/Browsing_Phone,annotator,Behavioral Parameters,2022-04-08 04:09:48,2022-04-08 04:10:24
2022-04-08 14:15:38,2022-04-08 14:16:14,Located_Indoors,annotator,Behavioral Parameters,2022-04-08 04:10:24,2022-04-08 04:11:00
2022-04-08 14:16:14,2022-04-08 14:16:46,Located_Indoors,annotator,Behavioral Parameters,2022-04-08 04:11:00,2022-04-08 04:11:32
2022-04-08 14:16:46,2022-04-08 14:17:18,Located_Indoors, Holding_Other_Object_Light, Texting/Browsing_Phone,annotator,Behavioral Parameters,2022-04-08 04:11:32,2022-04-08 04:12:04
2022-04-08 14:17:18,2022-04-08 14:17:44,Located_Indoors,annotator,Behavioral Parameters,2022-04-08 04:12:04,2022-04-08 04:12:30
2022-04-08 14:17:44,2022-04-08 14:17:50,Located_Indoors,annotator,Behavioral Parameters,2022-04-08 04:12:30,2022-04-08 04:12:36
2022-04-08 14:17:50,2022-04-08 14:18:02,Located_Indoors, Holding_Other_Object_Light, Texting/Browsing_Phone,annotator,Behavioral Parameters,2022-04-08 04:12:36,2022-04-08 04:12:48
2022-04-08 14:18:02,2022-04-08 14:18:26,Located_Indoors,annotator,Behavioral Parameters,2022-04-08 04:12:48,2022-04-08 04:13:12
2022-04-08 14:18:26,2022-04-08 14:29:17,Located_Indoors, Holding_Other_Object_Light, Texting/Browsing_Phone,annotator,Behavioral Parameters,2022-04-08 04:13:12,2022-04-08 04:24:03
2022-04-08 14:29:17,2022-04-08 14:29:35,Located_Indoors, Browsing_Computer,annotator,Behavioral Parameters,2022-04-08 04:24:03,2022-04-08 04:24:21
2022-04-08 14:29:35,2022-04-08 14:29:53,Located_Indoors, Holding_Other_Object_Light, Texting/Browsing_Phone,annotator,Behavioral Parameters,2022-04-08 04:24:21,2022-04-08 04:24:39
2022-04-08 14:29:53,2022-04-08 14:33:30,Located_Indoors, Browsing_Computer,annotator,Behavioral Parameters,2022-04-08 04:24:39,2022-04-08 04:28:16
2022-04-08 14:33:30,2022-04-08 14:38:46,Located_Indoors, Texting/Browsing_Phone, Holding_Other_Object_Light,annotator,Behavioral Parameters,2022-04-08 04:28:16,2022-04-08 04:33:32
2022-04-08 14:38:46,2022-04-08 14:48:59,Located_Indoors, Browsing_Computer,annotator,Behavioral Parameters,2022-04-08 04:33:32,2022-04-08 04:43:45
2022-04-08 14:48:59,2022-04-08 14:50:03,Located_Indoors, Holding_Other_Object_Light, Texting/Browsing_Phone,annotator,Behavioral Parameters,2022-04-08 04:43:45,2022-04-08 04:44:49
2022-04-08 14:50:03,2022-04-08 14:52:43,Located_Indoors, Browsing_Computer,annotator,Behavioral Parameters,2022-04-08 04:44:49,2022-04-08 04:47:29
2022-04-08 14:52:43,2022-04-08 14:53:07,Located_Indoors, Holding_Other_Object_Light, Texting/Browsing_Phone,annotator,Behavioral Parameters,2022-04-08 04:47:29,2022-04-08 04:47:53
2022-04-08 14:53:07,2022-04-08 14:53:32,Located_Indoors, Holding_Other_Object_Light, Browsing_Computer,annotator,Behavioral Parameters,2022-04-08 04:47:53,2022-04-08 04:48:18
2022-04-08 14:53:32,2022-04-08 15:02:32,Located_Indoors, Holding_Other_Object_Light, Texting/Browsing_Phone,annotator,Behavioral Parameters,2022-04-08 04:48:18,2022-04-08 04:57:18
2022-04-08 15:02:32,2022-04-08 15:05:43,Located_Indoors,annotator,Behavioral Parameters,2022-04-08 04:57:18,2022-04-08 05:00:29
2022-04-08 15:05:43,2022-04-08 15:10:50,Located_Indoors, Holding_Other_Object_Light, Texting/Browsing_Phone,annotator,Behavioral Parameters,2022-04-08 05:00:29,2022-04-08 05:05:36
2022-04-08 15:10:50,2022-04-08 15:11:21,Located_Indoors, Holding_Other_Object_Light, Texting/Browsing_Phone, Browsing_Computer,annotator,Behavioral Parameters,2022-04-08 05:05:36,2022-04-08 05:06:07
2022-04-08 15:11:21,2022-04-08 15:12:52,Located_Indoors, Holding_Other_Object_Light, Texting/Browsing_Phone,annotator,Behavioral Parameters,2022-04-08 05:06:07,2022-04-08 05:07:38
2022-04-08 15:12:58,2022-04-08 15:13:38,Located_Indoors,annotator,Behavioral Parameters,2022-04-08 05:07:44,2022-04-08 05:08:24
2022-04-08 15:13:39,2022-04-08 15:14:01,Located_Indoors,annotator,Behavioral Parameters,2022-04-08 05:08:25,2022-04-08 05:08:47
2022-04-08 15:14:01,2022-04-08 15:14:20,Located_Indoors, Texting/Browsing_Phone,annotator,Behavioral Parameters,2022-04-08 05:08:47,2022-04-08 05:09:06
2022-04-08 15:14:20,2022-04-08 15:14:53,Located_Indoors,annotator,Behavioral Parameters,2022-04-08 05:09:06,2022-04-08 05:09:39
2022-04-08 15:14:57,2022-04-08 15:15:27,Located_Indoors,annotator,Behavioral Parameters,2022-04-08 05:09:43,2022-04-08 05:10:13
2022-04-08 15:15:31,2022-04-08 15:16:06,Located_Indoors,annotator,Behavioral Parameters,2022-04-08 05:10:17,2022-04-08 05:10:52
2022-04-08 15:16:06,2022-04-08 15:16:27,Located_Indoors,annotator,Behavioral Parameters,2022-04-08 05:10:52,2022-04-08 05:11:13
2022-04-08 15:16:27,2022-04-08 15:16:38,Located_Indoors,annotator,Behavioral Parameters,2022-04-08 05:11:13,2022-04-08 05:11:24
2022-04-08 15:16:38,2022-04-08 15:16:53,Located_Indoors,annotator,Behavioral Parameters,2022-04-08 05:11:24,2022-04-08 05:11:39
2022-04-08 15:16:53,2022-04-08 15:17:19,Located_Indoors,annotator,Behavioral Parameters,2022-04-08 05:11:39,2022-04-08 05:12:05
2022-04-08 15:17:19,2022-04-08 15:17:35,Located_Indoors,annotator,Behavioral Parameters,2022-04-08 05:12:05,2022-04-08 05:12:21
2022-04-08 15:17:41,2022-04-08 15:18:02,Located_Indoors,annotator,Behavioral Parameters,2022-04-08 05:12:27,2022-04-08 05:12:48
2022-04-08 15:18:02,2022-04-08 15:18:17,Located_Indoors,annotator,Behavioral Parameters,2022-04-08 05:12:48,2022-04-08 05:13:03
2022-04-08 15:18:17,2022-04-08 15:18:21,Located_Indoors,annotator,Behavioral Parameters,2022-04-08 05:13:03,2022-04-08 05:13:07
2022-04-08 15:18:22,2022-04-08 15:20:33,Located_Outdoors,annotator,Behavioral Parameters,2022-04-08 05:13:08,2022-04-08 05:15:19
2022-04-08 15:20:33,2022-04-08 15:21:24,Located_Outdoors,annotator,Behavioral Parameters,2022-04-08 05:15:19,2022-04-08 05:16:10
2022-04-08 15:21:24,2022-04-08 15:23:52,Located_Outdoors,annotator,Behavioral Parameters,2022-04-08 05:16:10,2022-04-08 05:18:38
2022-04-08 15:23:52,2022-04-08 15:25:00,Located_Indoors,annotator,Behavioral Parameters,2022-04-08 05:18:38,2022-04-08 05:19:46
2022-04-08 15:25:01,2022-04-08 15:26:17,Located_Indoors, Texting/Browsing_Phone,annotator,Behavioral Parameters,2022-04-08 05:19:47,2022-04-08 05:21:03
2022-04-08 15:26:17,2022-04-08 15:26:56,Located_Indoors,annotator,Behavioral Parameters,2022-04-08 05:21:03,2022-04-08 05:21:42
2022-04-08 15:26:57,2022-04-08 15:27:01,Located_Indoors,annotator,Behavioral Parameters,2022-04-08 05:21:43,2022-04-08 05:21:47
2022-04-08 15:27:04,2022-04-08 15:28:45,Located_Outdoors,annotator,Behavioral Parameters,2022-04-08 05:21:50,2022-04-08 05:23:31
2022-04-08 15:28:45,2022-04-08 15:29:07,Located_Outdoors,annotator,Behavioral Parameters,2022-04-08 05:23:31,2022-04-08 05:23:53
2022-04-08 15:29:07,2022-04-08 15:31:11,Located_Outdoors,annotator,Behavioral Parameters,2022-04-08 05:23:53,2022-04-08 05:25:57
2022-04-08 15:31:13,2022-04-08 15:32:03,Located_Outdoors,annotator,Behavioral Parameters,2022-04-08 05:25:59,2022-04-08 05:26:49
2022-04-08 15:32:03,2022-04-08 15:58:32,Located_Outdoors,annotator,Behavioral Parameters,2022-04-08 05:26:49,2022-04-08 05:53:18
2022-04-08 15:58:34,2022-04-08 15:58:50,Located_Outdoors,annotator,Behavioral Parameters,2022-04-08 05:53:20,2022-04-08 05:53:36
2022-04-08 15:58:51,2022-04-08 15:59:09,Located_Outdoors,annotator,Behavioral Parameters,2022-04-08 05:53:37,2022-04-08 05:53:55
2022-04-08 15:59:10,2022-04-08 15:59:47,Located_Outdoors,annotator,Behavioral Parameters,2022-04-08 05:53:56,2022-04-08 05:54:33
2022-04-08 15:59:47,2022-04-08 16:00:08,Located_Outdoors,annotator,Behavioral Parameters,2022-04-08 05:54:33,2022-04-08 05:54:54
2022-04-08 16:00:10,2022-04-08 16:10:13,CP_VideoUnavailable/Indecipherable,annotator,Behavioral Parameters,2022-04-08 05:54:56,2022-04-08 06:04:59
2022-04-08 16:10:14,2022-04-08 16:10:37,Located_Indoors, Texting/Browsing_Phone,annotator,Behavioral Parameters,2022-04-08 06:05:00,2022-04-08 06:05:23
2022-04-08 16:10:39,2022-04-08 16:15:52,Located_Indoors, Texting/Browsing_Phone,annotator,Behavioral Parameters,2022-04-08 06:05:25,2022-04-08 06:10:38
2022-04-08 16:15:56,2022-04-08 16:16:03,Located_Indoors, Browsing_Computer,annotator,Behavioral Parameters,2022-04-08 06:10:42,2022-04-08 06:10:49
2022-04-08 16:16:07,2022-04-08 16:17:12,Located_Indoors,annotator,Behavioral Parameters,2022-04-08 06:10:53,2022-04-08 06:11:58
2022-04-08 16:17:14,2022-04-08 16:17:56,Located_Indoors,annotator,Behavioral Parameters,2022-04-08 06:12:00,2022-04-08 06:12:42
2022-04-08 16:17:59,2022-04-08 16:23:13,Located_Indoors,annotator,Behavioral Parameters,2022-04-08 06:12:45,2022-04-08 06:17:59
2022-04-08 16:23:13,2022-04-08 16:26:20,Located_Indoors,annotator,Behavioral Parameters,2022-04-08 06:17:59,2022-04-08 06:21:06
2022-04-08 16:26:24,2022-04-08 16:27:11,Located_Indoors, Texting/Browsing_Phone,annotator,Behavioral Parameters,2022-04-08 06:21:10,2022-04-08 06:21:57
2022-04-08 16:27:12,2022-04-08 16:27:36,Located_Indoors, Texting/Browsing_Phone,annotator,Behavioral Parameters,2022-04-08 06:21:58,2022-04-08 06:22:22
2022-04-08 16:27:36,2022-04-08 16:29:08,Located_Indoors, Texting/Browsing_Phone,annotator,Behavioral Parameters,2022-04-08 06:22:22,2022-04-08 06:23:54
2022-04-08 16:29:10,2022-04-08 16:29:58,Located_Indoors,annotator,Behavioral Parameters,2022-04-08 06:23:56,2022-04-08 06:24:44
2022-04-08 16:29:59,2022-04-08 16:30:23,Located_Indoors, Texting/Browsing_Phone,annotator,Behavioral Parameters,2022-04-08 06:24:45,2022-04-08 06:25:09
2022-04-08 16:30:24,2022-04-08 16:30:40,Located_Indoors, Texting/Browsing_Phone,annotator,Behavioral Parameters,2022-04-08 06:25:10,2022-04-08 06:25:26
2022-04-08 16:30:42,2022-04-08 16:31:54,Located_Indoors, Texting/Browsing_Phone,annotator,Behavioral Parameters,2022-04-08 06:25:28,2022-04-08 06:26:40
2022-04-08 16:31:55,2022-04-08 16:37:01,Located_Indoors, Texting/Browsing_Phone,annotator,Behavioral Parameters,2022-04-08 06:26:41,2022-04-08 06:31:47
2022-04-08 16:37:02,2022-04-08 16:38:32,Located_Indoors,annotator,Behavioral Parameters,2022-04-08 06:31:48,2022-04-08 06:33:18
2022-04-08 16:38:34,2022-04-08 16:40:39,Located_Indoors,annotator,Behavioral Parameters,2022-04-08 06:33:20,2022-04-08 06:35:25
2022-04-08 16:40:48,2022-04-08 16:45:53,Located_Indoors,annotator,Behavioral Parameters,2022-04-08 06:35:34,2022-04-08 06:40:39
2022-04-08 16:45:54,2022-04-08 16:46:14,Located_Indoors,annotator,Behavioral Parameters,2022-04-08 06:40:40,2022-04-08 06:41:00
2022-04-08 16:46:19,2022-04-08 16:48:37,Located_Indoors,annotator,Behavioral Parameters,2022-04-08 06:41:05,2022-04-08 06:43:23
2022-04-08 16:48:50,2022-04-08 16:49:02,Located_Indoors, Typing_Computer,annotator,Behavioral Parameters,2022-04-08 06:43:36,2022-04-08 06:43:48
2022-04-08 16:49:02,2022-04-08 16:49:50,Located_Indoors, Browsing_Computer,annotator,Behavioral Parameters,2022-04-08 06:43:48,2022-04-08 06:44:36
2022-04-08 16:49:51,2022-04-08 16:51:21,Located_Indoors,annotator,Behavioral Parameters,2022-04-08 06:44:37,2022-04-08 06:46:07
2022-04-08 16:51:21,2022-04-08 16:51:26,Located_Indoors,annotator,Behavioral Parameters,2022-04-08 06:46:07,2022-04-08 06:46:12
2022-04-08 16:51:26,2022-04-08 16:52:56,Located_Indoors, Holding_Other_Object_Light,annotator,Behavioral Parameters,2022-04-08 06:46:12,2022-04-08 06:47:42
2022-04-08 16:52:57,2022-04-08 16:54:05,Located_Indoors,annotator,Behavioral Parameters,2022-04-08 06:47:43,2022-04-08 06:48:51
2022-04-08 16:54:05,2022-04-08 16:55:56,Located_Indoors, Texting/Browsing_Phone,annotator,Behavioral Parameters,2022-04-08 06:48:51,2022-04-08 06:50:42
2022-04-08 16:55:57,2022-04-08 16:56:08,Located_Indoors, Texting/Browsing_Phone,annotator,Behavioral Parameters,2022-04-08 06:50:43,2022-04-08 06:50:54
2022-04-08 16:56:08,2022-04-08 16:57:35,Located_Indoors, Texting/Browsing_Phone,annotator,Behavioral Parameters,2022-04-08 06:50:54,2022-04-08 06:52:21
2022-04-08 16:57:36,2022-04-08 16:58:21,Located_Indoors,annotator,Behavioral Parameters,2022-04-08 06:52:22,2022-04-08 06:53:07
2022-04-08 16:58:23,2022-04-08 16:58:26,Located_Indoors,annotator,Behavioral Parameters,2022-04-08 06:53:09,2022-04-08 06:53:12
2022-04-08 16:58:27,2022-04-08 17:00:57,Located_Indoors,annotator,Behavioral Parameters,2022-04-08 06:53:13,2022-04-08 06:55:43
2022-04-08 17:00:59,2022-04-08 17:01:03,Located_Indoors,annotator,Behavioral Parameters,2022-04-08 06:55:45,2022-04-08 06:55:49
2022-04-08 17:01:10,2022-04-08 17:02:40,Located_Indoors,annotator,Behavioral Parameters,2022-04-08 06:55:56,2022-04-08 06:57:26
2022-04-08 17:02:45,2022-04-08 17:03:20,Located_Indoors,annotator,Behavioral Parameters,2022-04-08 06:57:31,2022-04-08 06:58:06
2022-04-08 17:03:23,2022-04-08 17:04:10,Located_Indoors,annotator,Behavioral Parameters,2022-04-08 06:58:09,2022-04-08 06:58:56
2022-04-08 17:04:24,2022-04-08 17:08:28,Located_Indoors,annotator,Behavioral Parameters,2022-04-08 06:59:10,2022-04-08 07:03:14
2022-04-08 17:08:28,2022-04-08 17:09:01,Located_Indoors,annotator,Behavioral Parameters,2022-04-08 07:03:14,2022-04-08 07:03:47
2022-04-08 17:09:01,2022-04-08 17:09:15,Located_Indoors,annotator,Behavioral Parameters,2022-04-08 07:03:47,2022-04-08 07:04:01
2022-04-08 17:09:18,2022-04-08 17:11:59,Located_Indoors,annotator,Behavioral Parameters,2022-04-08 07:04:04,2022-04-08 07:06:45
2022-04-08 17:12:00,2022-04-08 17:12:35,Located_Indoors,annotator,Behavioral Parameters,2022-04-08 07:06:46,2022-04-08 07:07:21
2022-04-08 17:12:36,2022-04-08 17:16:07,Located_Indoors,annotator,Behavioral Parameters,2022-04-08 07:07:22,2022-04-08 07:10:53
2022-04-08 17:16:12,2022-04-08 17:17:13,Located_Indoors,annotator,Behavioral Parameters,2022-04-08 07:10:58,2022-04-08 07:11:59
2022-04-08 17:17:14,2022-04-08 17:17:46,Located_Indoors,annotator,Behavioral Parameters,2022-04-08 07:12:00,2022-04-08 07:12:32
2022-04-08 17:17:52,2022-04-08 17:18:16,Located_Indoors,annotator,Behavioral Parameters,2022-04-08 07:12:38,2022-04-08 07:13:02
2022-04-08 17:18:18,2022-04-08 17:23:56,Located_Indoors,annotator,Behavioral Parameters,2022-04-08 07:13:04,2022-04-08 07:18:42
2022-04-08 17:24:01,2022-04-08 17:24:47,Located_Indoors,annotator,Behavioral Parameters,2022-04-08 07:18:47,2022-04-08 07:19:33
2022-04-08 17:24:49,2022-04-08 17:24:58,Located_Indoors, Texting/Browsing_Phone,annotator,Behavioral Parameters,2022-04-08 07:19:35,2022-04-08 07:19:44
2022-04-08 17:24:58,2022-04-08 17:25:25,Located_Indoors,annotator,Behavioral Parameters,2022-04-08 07:19:44,2022-04-08 07:20:11
2022-04-08 17:25:25,2022-04-08 17:25:54,Located_Indoors, Texting/Browsing_Phone,annotator,Behavioral Parameters,2022-04-08 07:20:11,2022-04-08 07:20:40
2022-04-08 17:25:55,2022-04-08 17:26:22,Located_Indoors, Texting/Browsing_Phone,annotator,Behavioral Parameters,2022-04-08 07:20:41,2022-04-08 07:21:08
2022-04-08 17:26:25,2022-04-08 17:37:58,Located_Indoors, Texting/Browsing_Phone,annotator,Behavioral Parameters,2022-04-08 07:21:11,2022-04-08 07:32:44
2022-04-08 17:38:07,2022-04-08 18:19:42,Located_Indoors,annotator,Behavioral Parameters,2022-04-08 07:32:53,2022-04-08 08:14:28
2022-04-08 18:19:46,2022-04-08 18:25:54,Located_Indoors, Texting/Browsing_Phone,annotator,Behavioral Parameters,2022-04-08 08:14:32,2022-04-08 08:20:40
2022-04-08 18:25:56,2022-04-08 18:27:02,Located_Indoors, In_Conversation,annotator,Behavioral Parameters,2022-04-08 08:20:42,2022-04-08 08:21:48
2022-04-08 18:27:03,2022-04-08 18:46:49,Located_Indoors, Texting/Browsing_Phone,annotator,Behavioral Parameters,2022-04-08 08:21:49,2022-04-08 08:41:35
2022-04-08 18:46:54,2022-04-08 18:47:33,Located_Indoors,annotator,Behavioral Parameters,2022-04-08 08:41:40,2022-04-08 08:42:19
2022-04-08 18:47:34,2022-04-08 18:48:24,Located_Indoors,annotator,Behavioral Parameters,2022-04-08 08:42:20,2022-04-08 08:43:10
2022-04-08 18:48:25,2022-04-08 18:48:32,Located_Indoors, Holding_Other_Object_Light,annotator,Behavioral Parameters,2022-04-08 08:43:11,2022-04-08 08:43:18
2022-04-08 18:48:34,2022-04-08 18:49:05,Located_Indoors,annotator,Behavioral Parameters,2022-04-08 08:43:20,2022-04-08 08:43:51
2022-04-08 18:49:06,2022-04-08 18:49:22,Located_Indoors,annotator,Behavioral Parameters,2022-04-08 08:43:52,2022-04-08 08:44:08
2022-04-08 18:49:23,2022-04-08 18:50:32,CP_VideoUnavailable/Indecipherable,annotator,Behavioral Parameters,2022-04-08 08:44:09,2022-04-08 08:45:18
2022-04-08 18:50:33,2022-04-08 18:50:50,Located_Indoors,annotator,Behavioral Parameters,2022-04-08 08:45:19,2022-04-08 08:45:36
2022-04-08 18:50:56,2022-04-08 18:51:20,Located_Indoors,annotator,Behavioral Parameters,2022-04-08 08:45:42,2022-04-08 08:46:06
2022-04-08 18:51:22,2022-04-08 18:52:11,Located_Indoors,annotator,Behavioral Parameters,2022-04-08 08:46:08,2022-04-08 08:46:57
2022-04-08 18:52:13,2022-04-08 18:52:28,Located_Indoors,annotator,Behavioral Parameters,2022-04-08 08:46:59,2022-04-08 08:47:14
2022-04-08 18:52:29,2022-04-08 18:52:54,Located_Indoors,annotator,Behavioral Parameters,2022-04-08 08:47:15,2022-04-08 08:47:40
2022-04-08 18:52:55,2022-04-08 18:53:04,Located_Indoors,annotator,Behavioral Parameters,2022-04-08 08:47:41,2022-04-08 08:47:50
2022-04-08 18:53:05,2022-04-08 18:53:25,Located_Indoors,annotator,Behavioral Parameters,2022-04-08 08:47:51,2022-04-08 08:48:11
2022-04-08 18:53:26,2022-04-08 18:53:48,Located_Indoors,annotator,Behavioral Parameters,2022-04-08 08:48:12,2022-04-08 08:48:34
2022-04-08 18:53:48,2022-04-08 18:54:44,Located_Outdoors,annotator,Behavioral Parameters,2022-04-08 08:48:34,2022-04-08 08:49:30
2022-04-08 18:54:54,2022-04-08 18:55:42,Located_Outdoors,annotator,Behavioral Parameters,2022-04-08 08:49:40,2022-04-08 08:50:28
2022-04-08 18:55:42,2022-04-08 19:06:42,CP_VideoUnavailable/Indecipherable,annotator,Behavioral Parameters,2022-04-08 08:50:28,2022-04-08 09:01:28
2022-04-08 19:06:42,2022-04-08 20:08:37,CP_VideoUnavailable/Indecipherable,annotator,Behavioral Parameters,2022-04-08 09:01:28,2022-04-08 10:03:23
2022-04-08 20:08:42,2022-04-08 20:19:26,Located_Outdoors,annotator,Behavioral Parameters,2022-04-08 10:03:28,2022-04-08 10:14:12
2022-04-08 20:19:29,2022-04-08 20:20:38,Located_Outdoors, Holding_Other_Object_Light,annotator,Behavioral Parameters,2022-04-08 10:14:15,2022-04-08 10:15:24
2022-04-08 20:20:39,2022-04-08 20:21:18,Holding_Other_Object_Light, Located_Indoors,annotator,Behavioral Parameters,2022-04-08 10:15:25,2022-04-08 10:16:04
2022-04-08 20:21:21,2022-04-08 20:21:48,Holding_Other_Object_Light, Located_Indoors,annotator,Behavioral Parameters,2022-04-08 10:16:07,2022-04-08 10:16:34
2022-04-08 20:21:49,2022-04-08 20:22:15,Holding_Other_Object_Light, Located_Indoors,annotator,Behavioral Parameters,2022-04-08 10:16:35,2022-04-08 10:17:01
2022-04-08 20:22:15,2022-04-08 20:23:11,Holding_Other_Object_Light, Located_Indoors,annotator,Behavioral Parameters,2022-04-08 10:17:01,2022-04-08 10:17:57
2022-04-08 20:23:14,2022-04-08 20:25:24,Holding_Other_Object_Light, Located_Indoors,annotator,Behavioral Parameters,2022-04-08 10:18:00,2022-04-08 10:20:10
2022-04-08 20:25:28,2022-04-08 20:25:59,Located_Indoors,annotator,Behavioral Parameters,2022-04-08 10:20:14,2022-04-08 10:20:45
2022-04-08 20:26:01,2022-04-08 20:26:11,Located_Indoors, Holding_Other_Object_Light,annotator,Behavioral Parameters,2022-04-08 10:20:47,2022-04-08 10:20:57
2022-04-08 20:26:13,2022-04-08 20:26:26,Located_Indoors, Holding_Other_Object_Light,annotator,Behavioral Parameters,2022-04-08 10:20:59,2022-04-08 10:21:12
2022-04-08 20:26:29,2022-04-08 20:27:02,Located_Indoors,annotator,Behavioral Parameters,2022-04-08 10:21:15,2022-04-08 10:21:48
2022-04-08 20:27:02,2022-04-08 20:28:04,Located_Indoors, Texting/Browsing_Phone,annotator,Behavioral Parameters,2022-04-08 10:21:48,2022-04-08 10:22:50
2022-04-08 20:28:05,2022-04-08 20:29:44,Located_Indoors,annotator,Behavioral Parameters,2022-04-08 10:22:51,2022-04-08 10:24:30
2022-04-08 20:29:46,2022-04-08 20:30:23,Located_Indoors, Texting/Browsing_Phone,annotator,Behavioral Parameters,2022-04-08 10:24:32,2022-04-08 10:25:09
2022-04-08 20:30:25,2022-04-08 20:31:31,Located_Indoors, Texting/Browsing_Phone,annotator,Behavioral Parameters,2022-04-08 10:25:11,2022-04-08 10:26:17
2022-04-08 20:31:33,2022-04-08 20:32:30,Located_Indoors, Texting/Browsing_Phone,annotator,Behavioral Parameters,2022-04-08 10:26:19,2022-04-08 10:27:16
2022-04-08 20:32:32,2022-04-08 20:32:46,Located_Indoors, Texting/Browsing_Phone,annotator,Behavioral Parameters,2022-04-08 10:27:18,2022-04-08 10:27:32
2022-04-08 20:32:47,2022-04-08 20:34:24,Located_Indoors, Texting/Browsing_Phone,annotator,Behavioral Parameters,2022-04-08 10:27:33,2022-04-08 10:29:10
2022-04-08 20:34:24,2022-04-08 20:34:45,Located_Indoors, Texting/Browsing_Phone,annotator,Behavioral Parameters,2022-04-08 10:29:10,2022-04-08 10:29:31
2022-04-08 20:34:46,2022-04-08 20:38:09,Located_Indoors, Texting/Browsing_Phone,annotator,Behavioral Parameters,2022-04-08 10:29:32,2022-04-08 10:32:55
2022-04-08 20:38:10,2022-04-08 20:55:15,CP_VideoUnavailable/Indecipherable,annotator,Behavioral Parameters,2022-04-08 10:32:56,2022-04-08 10:50:01
2022-04-08 20:55:18,2022-04-08 20:55:28,Located_Indoors,annotator,Behavioral Parameters,2022-04-08 10:50:04,2022-04-08 10:50:14
2022-04-08 20:55:34,2022-04-08 20:55:42,Located_Indoors,annotator,Behavioral Parameters,2022-04-08 10:50:20,2022-04-08 10:50:28
2022-04-08 20:55:44,2022-04-08 20:57:34,Located_Indoors, Texting/Browsing_Phone,annotator,Behavioral Parameters,2022-04-08 10:50:30,2022-04-08 10:52:20
2022-04-08 20:57:39,2022-04-08 21:28:39,Located_Indoors,annotator,Behavioral Parameters,2022-04-08 10:52:25,2022-04-08 11:23:25
2022-04-08 21:28:52,2022-04-08 21:29:01,Located_Indoors,annotator,Behavioral Parameters,2022-04-08 11:23:38,2022-04-08 11:23:47
2022-04-08 21:29:06,2022-04-08 21:29:08,Located_Indoors,annotator,Behavioral Parameters,2022-04-08 11:23:52,2022-04-08 11:23:54
2022-04-08 21:29:09,2022-04-08 21:29:23,Located_Indoors,annotator,Behavioral Parameters,2022-04-08 11:23:55,2022-04-08 11:24:09
2022-04-08 21:29:24,2022-04-08 21:29:44,Located_Indoors,annotator,Behavioral Parameters,2022-04-08 11:24:10,2022-04-08 11:24:30
2022-04-08 21:29:45,2022-04-08 21:32:33,Located_Indoors,annotator,Behavioral Parameters,2022-04-08 11:24:31,2022-04-08 11:27:19
2022-04-08 21:32:35,2022-04-08 21:46:46,Located_Indoors,annotator,Behavioral Parameters,2022-04-08 11:27:21,2022-04-08 11:41:32
2022-04-08 21:46:56,2022-04-08 21:48:50,Located_Indoors,annotator,Behavioral Parameters,2022-04-08 11:41:42,2022-04-08 11:43:36
2022-04-08 21:48:51,2022-04-08 21:50:04,Located_Indoors, Texting/Browsing_Phone,annotator,Behavioral Parameters,2022-04-08 11:43:37,2022-04-08 11:44:50
2022-04-08 21:50:05,2022-04-08 21:52:24,Located_Indoors,annotator,Behavioral Parameters,2022-04-08 11:44:51,2022-04-08 11:47:10
2022-04-08 21:52:25,2022-04-08 21:52:35,Located_Indoors, Holding_Solid_Food,annotator,Behavioral Parameters,2022-04-08 11:47:11,2022-04-08 11:47:21
2022-04-08 21:52:35,2022-04-08 21:53:01,Located_Indoors,annotator,Behavioral Parameters,2022-04-08 11:47:21,2022-04-08 11:47:47
2022-04-08 21:53:01,2022-04-08 21:53:09,Located_Indoors, Holding_Solid_Food,annotator,Behavioral Parameters,2022-04-08 11:47:47,2022-04-08 11:47:55
2022-04-08 21:53:10,2022-04-08 21:53:46,Located_Indoors,annotator,Behavioral Parameters,2022-04-08 11:47:56,2022-04-08 11:48:32
2022-04-08 21:53:46,2022-04-08 21:54:07,Located_Indoors, Holding_Solid_Food,annotator,Behavioral Parameters,2022-04-08 11:48:32,2022-04-08 11:48:53
2022-04-08 21:54:08,2022-04-08 21:57:36,Located_Indoors,annotator,Behavioral Parameters,2022-04-08 11:48:54,2022-04-08 11:52:22
2022-04-08 21:57:37,2022-04-08 21:57:49,Located_Indoors, Texting/Browsing_Phone,annotator,Behavioral Parameters,2022-04-08 11:52:23,2022-04-08 11:52:35
2022-04-08 21:57:52,2022-04-08 22:00:28,Located_Indoors,annotator,Behavioral Parameters,2022-04-08 11:52:38,2022-04-08 11:55:14
2022-04-08 22:00:30,2022-04-08 22:01:21,Located_Indoors,annotator,Behavioral Parameters,2022-04-08 11:55:16,2022-04-08 11:56:07
2022-04-08 22:01:24,2022-04-08 22:03:06,Located_Indoors,annotator,Behavioral Parameters,2022-04-08 11:56:10,2022-04-08 11:57:52
2022-04-08 22:03:07,2022-04-08 22:06:18,Located_Indoors,annotator,Behavioral Parameters,2022-04-08 11:57:53,2022-04-08 12:01:04
2022-04-08 22:06:21,2022-04-08 22:07:14,Located_Indoors,annotator,Behavioral Parameters,2022-04-08 12:01:07,2022-04-08 12:02:00
2022-04-08 22:07:14,2022-04-08 22:08:04,Located_Indoors,annotator,Behavioral Parameters,2022-04-08 12:02:00,2022-04-08 12:02:50
2022-04-08 22:08:05,2022-04-08 22:08:35,Located_Indoors, Texting/Browsing_Phone,annotator,Behavioral Parameters,2022-04-08 12:02:51,2022-04-08 12:03:21
2022-04-08 22:08:36,2022-04-08 22:09:21,Located_Indoors,annotator,Behavioral Parameters,2022-04-08 12:03:22,2022-04-08 12:04:07
2022-04-08 22:09:21,2022-04-08 22:12:27,Located_Indoors,annotator,Behavioral Parameters,2022-04-08 12:04:07,2022-04-08 12:07:13
2022-04-08 22:12:30,2022-04-08 22:12:44,Located_Indoors,annotator,Behavioral Parameters,2022-04-08 12:07:16,2022-04-08 12:07:30
2022-04-08 22:12:45,2022-04-08 22:13:11,Located_Indoors,annotator,Behavioral Parameters,2022-04-08 12:07:31,2022-04-08 12:07:57
2022-04-08 22:13:11,2022-04-08 22:15:17,Located_Indoors,annotator,Behavioral Parameters,2022-04-08 12:07:57,2022-04-08 12:10:03
2022-04-08 22:15:17,2022-04-08 22:15:57,Located_Indoors,annotator,Behavioral Parameters,2022-04-08 12:10:03,2022-04-08 12:10:43
2022-04-08 22:15:58,2022-04-08 22:19:42,Located_Indoors,annotator,Behavioral Parameters,2022-04-08 12:10:44,2022-04-08 12:14:28
2022-04-08 22:19:45,2022-04-08 22:20:16,Located_Indoors,annotator,Behavioral Parameters,2022-04-08 12:14:31,2022-04-08 12:15:02
2022-04-08 22:20:17,2022-04-08 22:22:41,Located_Indoors,annotator,Behavioral Parameters,2022-04-08 12:15:03,2022-04-08 12:17:27
2022-04-08 22:22:43,2022-04-08 22:23:04,Located_Indoors,annotator,Behavioral Parameters,2022-04-08 12:17:29,2022-04-08 12:17:50
2022-04-08 22:23:04,2022-04-08 22:23:50,Located_Indoors,annotator,Behavioral Parameters,2022-04-08 12:17:50,2022-04-08 12:18:36
2022-04-08 22:23:50,2022-04-08 22:25:39,Located_Indoors, Texting/Browsing_Phone,annotator,Behavioral Parameters,2022-04-08 12:18:36,2022-04-08 12:20:25
2022-04-08 22:25:39,2022-04-08 22:27:27,Located_Indoors,annotator,Behavioral Parameters,2022-04-08 12:20:25,2022-04-08 12:22:13
2022-04-08 22:27:27,2022-04-08 22:27:55,Located_Indoors,annotator,Behavioral Parameters,2022-04-08 12:22:13,2022-04-08 12:22:41
2022-04-08 22:27:57,2022-04-08 22:28:42,Located_Indoors,annotator,Behavioral Parameters,2022-04-08 12:22:43,2022-04-08 12:23:28
2022-04-08 22:28:42,2022-04-08 22:29:27,Located_Indoors, Texting/Browsing_Phone,annotator,Behavioral Parameters,2022-04-08 12:23:28,2022-04-08 12:24:13
2022-04-08 22:29:29,2022-04-08 22:29:51,Located_Indoors,annotator,Behavioral Parameters,2022-04-08 12:24:15,2022-04-08 12:24:37
2022-04-08 22:29:52,2022-04-08 22:30:33,Located_Indoors, Texting/Browsing_Phone,annotator,Behavioral Parameters,2022-04-08 12:24:38,2022-04-08 12:25:19
2022-04-08 22:30:35,2022-04-08 22:31:30,Located_Indoors, Texting/Browsing_Phone,annotator,Behavioral Parameters,2022-04-08 12:25:21,2022-04-08 12:26:16
2022-04-08 22:31:30,2022-04-08 22:32:38,Located_Indoors, Texting/Browsing_Phone,annotator,Behavioral Parameters,2022-04-08 12:26:16,2022-04-08 12:27:24
2022-04-08 22:32:42,2022-04-08 22:32:59,Located_Indoors, Texting/Browsing_Phone,annotator,Behavioral Parameters,2022-04-08 12:27:28,2022-04-08 12:27:45
2022-04-08 22:33:02,2022-04-08 22:33:29,Located_Indoors,annotator,Behavioral Parameters,2022-04-08 12:27:48,2022-04-08 12:28:15
2022-04-08 22:33:30,2022-04-08 22:34:30,Located_Indoors,annotator,Behavioral Parameters,2022-04-08 12:28:16,2022-04-08 12:29:16
2022-04-08 22:34:32,2022-04-08 22:35:11,Located_Indoors,annotator,Behavioral Parameters,2022-04-08 12:29:18,2022-04-08 12:29:57
2022-04-08 22:35:12,2022-04-08 22:36:02,Located_Indoors,annotator,Behavioral Parameters,2022-04-08 12:29:58,2022-04-08 12:30:48
2022-04-08 22:36:03,2022-04-08 22:36:21,Located_Indoors, Texting/Browsing_Phone,annotator,Behavioral Parameters,2022-04-08 12:30:49,2022-04-08 12:31:07
2022-04-08 22:36:21,2022-04-08 22:36:41,Located_Indoors, Texting/Browsing_Phone,annotator,Behavioral Parameters,2022-04-08 12:31:07,2022-04-08 12:31:27
2022-04-08 22:36:41,2022-04-08 22:37:30,Located_Indoors,annotator,Behavioral Parameters,2022-04-08 12:31:27,2022-04-08 12:32:16
2022-04-08 22:37:32,2022-04-08 22:38:17,Located_Indoors, Texting/Browsing_Phone,annotator,Behavioral Parameters,2022-04-08 12:32:18,2022-04-08 12:33:03
2022-04-08 22:38:19,2022-04-08 22:39:39,Located_Indoors,annotator,Behavioral Parameters,2022-04-08 12:33:05,2022-04-08 12:34:25
2022-04-08 22:39:39,2022-04-08 22:39:54,Located_Indoors,annotator,Behavioral Parameters,2022-04-08 12:34:25,2022-04-08 12:34:40
2022-04-08 22:39:55,2022-04-08 22:41:00,Located_Indoors,annotator,Behavioral Parameters,2022-04-08 12:34:41,2022-04-08 12:35:46
2022-04-08 22:41:01,2022-04-08 22:43:45,Located_Indoors,annotator,Behavioral Parameters,2022-04-08 12:35:47,2022-04-08 12:38:31
2022-04-08 22:43:46,2022-04-08 22:44:19,Located_Indoors, Texting/Browsing_Phone,annotator,Behavioral Parameters,2022-04-08 12:38:32,2022-04-08 12:39:05
2022-04-08 22:44:23,2022-04-08 22:44:44,Located_Indoors,annotator,Behavioral Parameters,2022-04-08 12:39:09,2022-04-08 12:39:30
2022-04-08 22:44:47,2022-04-08 22:55:14,Located_Indoors,annotator,Behavioral Parameters,2022-04-08 12:39:33,2022-04-08 12:50:00
2022-04-08 22:55:15,2022-04-08 22:56:23,Located_Indoors, Texting/Browsing_Phone,annotator,Behavioral Parameters,2022-04-08 12:50:01,2022-04-08 12:51:09
2022-04-08 22:56:24,2022-04-08 23:01:34,Located_Indoors,annotator,Behavioral Parameters,2022-04-08 12:51:10,2022-04-08 12:56:20
2022-04-08 23:01:35,2022-04-08 23:02:02,Located_Indoors, Texting/Browsing_Phone,annotator,Behavioral Parameters,2022-04-08 12:56:21,2022-04-08 12:56:48
2022-04-08 23:02:03,2022-04-08 23:18:56,Located_Indoors, Texting/Browsing_Phone,annotator,Behavioral Parameters,2022-04-08 12:56:49,2022-04-08 13:13:42
2022-04-08 23:18:58,2022-04-08 23:19:09,Located_Indoors,annotator,Behavioral Parameters,2022-04-08 13:13:44,2022-04-08 13:13:55
2022-04-08 23:19:13,2022-04-08 23:19:28,CP_VideoUnavailable/Indecipherable,annotator,Behavioral Parameters,2022-04-08 13:13:59,2022-04-08 13:14:14
