{
    "annotations": [
        {
            "id": "9440fa3e-2a51-403c-ab01-a19f0f200d89",
            "range": {
                "start": 0.231673,
                "end": 14
            },
            "shape": {
                "x1": null,
                "x2": null,
                "y1": null,
                "y2": null
            },
            "comments": [
                {
                    "id": "df9c2859-372b-75f3-9ed9-117e9e057f6d",
                    "meta": {
                        "datetime": "2022-08-02T17:59:37.151Z",
                        "user_id": 2,
                        "user_name": "Harish"
                    },
                    "body": "[{\"category\":\"POSTURE\",\"selectedValue\":\"Lying_On_Left_Side\"},{\"category\":\"HIGH LEVEL BEHAVIOR\",\"selectedValue\":[\"Relaxing_Passive\"]},{\"category\":\"PA TYPE\",\"selectedValue\":\"Lying_With_Movement\"},{\"category\":\"Behavioral Parameters\",\"selectedValue\":[\"Located_Indoors\"]},{\"category\":\"Experimental situation\",\"selectedValue\":\"Free_Living\"}]"
                }
            ]
        },
        {
            "id": "84cc6c4d-a159-43a2-b2d7-8632b557adf0",
            "range": {
                "start": 15,
                "end": 111
            },
            "shape": {
                "x1": null,
                "x2": null,
                "y1": null,
                "y2": null
            },
            "comments": [
                {
                    "id": "d1d462b8-2f57-9d21-b579-abf590f21b25",
                    "meta": {
                        "datetime": "2022-08-02T18:02:26.537Z",
                        "user_id": 2,
                        "user_name": "Harish"
                    },
                    "body": "[{\"category\":\"POSTURE\",\"selectedValue\":\"In_Position_Sitting\"},{\"category\":\"HIGH LEVEL BEHAVIOR\",\"selectedValue\":[\"Using_Computer/Screen\"]},{\"category\":\"PA TYPE\",\"selectedValue\":\"Sitting_With_Movement\"},{\"category\":\"Behavioral Parameters\",\"selectedValue\":[\"Located_Indoors\"]},{\"category\":\"Experimental situation\",\"selectedValue\":\"Free_Living\"}]"
                }
            ]
        },
        {
            "id": "9058dd3a-081f-4559-a9cd-2d514b6231c5",
            "range": {
                "start": 111,
                "end": 1521
            },
            "shape": {
                "x1": null,
                "x2": null,
                "y1": null,
                "y2": null
            },
            "comments": [
                {
                    "id": "758974a8-0ddf-0cfd-d87f-0b8a74dded28",
                    "meta": {
                        "datetime": "2022-08-02T18:05:47.944Z",
                        "user_id": 2,
                        "user_name": "Harish"
                    },
                    "body": "[{\"category\":\"POSTURE\",\"selectedValue\":\"Lying_On_Back\"},{\"category\":\"HIGH LEVEL BEHAVIOR\",\"selectedValue\":[\"Using_Computer/Screen\"]},{\"category\":\"PA TYPE\",\"selectedValue\":\"Lying_With_Movement\"},{\"category\":\"Behavioral Parameters\",\"selectedValue\":[\"Located_Indoors\"]},{\"category\":\"Experimental situation\",\"selectedValue\":\"Free_Living\"}]"
                }
            ]
        },
        {
            "id": "69271e1a-e6ff-405d-9945-0a4d89b411fc",
            "range": {
                "start": 1521,
                "end": 1538
            },
            "shape": {
                "x1": null,
                "x2": null,
                "y1": null,
                "y2": null
            },
            "comments": [
                {
                    "id": "1e0356a2-8fa4-651e-f988-93d71ab53a09",
                    "meta": {
                        "datetime": "2022-08-02T18:07:09.021Z",
                        "user_id": 2,
                        "user_name": "Harish"
                    },
                    "body": "[{\"category\":\"POSTURE\",\"selectedValue\":\"In_Position_Sitting\"},{\"category\":\"HIGH LEVEL BEHAVIOR\",\"selectedValue\":[\"Using_Computer/Screen\"]},{\"category\":\"PA TYPE\",\"selectedValue\":\"Sitting_With_Movement\"},{\"category\":\"Behavioral Parameters\",\"selectedValue\":[\"Located_Indoors\"]},{\"category\":\"Experimental situation\",\"selectedValue\":\"Free_Living\"}]"
                }
            ]
        },
        {
            "id": "bd8e1cab-3a75-4017-ba95-9d86b3e07e9a",
            "range": {
                "start": 1538,
                "end": 1541
            },
            "shape": {
                "x1": null,
                "x2": null,
                "y1": null,
                "y2": null
            },
            "comments": [
                {
                    "id": "1d23bf9b-4600-227f-4cd2-9ee239e0b054",
                    "meta": {
                        "datetime": "2022-08-02T18:07:26.409Z",
                        "user_id": 2,
                        "user_name": "Harish"
                    },
                    "body": "[{\"category\":\"POSTURE\",\"selectedValue\":\"In_Position_Upright\"},{\"category\":\"HIGH LEVEL BEHAVIOR\",\"selectedValue\":[\"In_Transit_Active\"]},{\"category\":\"PA TYPE\",\"selectedValue\":\"Walking_Slow\"},{\"category\":\"Behavioral Parameters\",\"selectedValue\":[\"Located_Indoors\"]},{\"category\":\"Experimental situation\",\"selectedValue\":\"Free_Living\"}]"
                }
            ]
        },
        {
            "id": "9e82a701-4442-4f77-aba9-e631e70c5f84",
            "range": {
                "start": 1541,
                "end": 1579
            },
            "shape": {
                "x1": null,
                "x2": null,
                "y1": null,
                "y2": null
            },
            "comments": [
                {
                    "id": "7baebae4-93a6-d003-a501-1ed1bc16e943",
                    "meta": {
                        "datetime": "2022-08-02T18:12:40.846Z",
                        "user_id": 2,
                        "user_name": "Harish"
                    },
                    "body": "[{\"category\":\"POSTURE\",\"selectedValue\":\"In_Position_Upright\"},{\"category\":\"HIGH LEVEL BEHAVIOR\",\"selectedValue\":[\"HLB_Indecipherable/Video_Insufficient\"]},{\"category\":\"PA TYPE\",\"selectedValue\":\"Standing_With_Movement\"},{\"category\":\"Behavioral Parameters\",\"selectedValue\":[\"Located_Indoors\"]},{\"category\":\"Experimental situation\",\"selectedValue\":\"Free_Living\"}]"
                }
            ]
        },
        {
            "id": "f1761806-55c1-4448-87e2-dc3d35d6abf1",
            "range": {
                "start": 1579,
                "end": 1590
            },
            "shape": {
                "x1": null,
                "x2": null,
                "y1": null,
                "y2": null
            },
            "comments": [
                {
                    "id": "7c2ea762-98f6-c7fd-7e25-de0d720e61f3",
                    "meta": {
                        "datetime": "2022-08-02T18:13:09.552Z",
                        "user_id": 2,
                        "user_name": "Harish"
                    },
                    "body": "[{\"category\":\"POSTURE\",\"selectedValue\":\"In_Position_Upright\"},{\"category\":\"HIGH LEVEL BEHAVIOR\",\"selectedValue\":[\"HLB_Indecipherable/Video_Insufficient\"]},{\"category\":\"PA TYPE\",\"selectedValue\":\"PA_Type_VideoUnavailable/Indecipherable\"},{\"category\":\"Behavioral Parameters\",\"selectedValue\":[\"Located_Indoors\"]},{\"category\":\"Experimental situation\",\"selectedValue\":\"Free_Living\"}]"
                }
            ]
        },
        {
            "id": "4d9cfd5e-062d-4b86-8969-355360652348",
            "range": {
                "start": 1590,
                "end": 1592
            },
            "shape": {
                "x1": null,
                "x2": null,
                "y1": null,
                "y2": null
            },
            "comments": [
                {
                    "id": "332c5326-7f45-85eb-0f71-5a88f4d98161",
                    "meta": {
                        "datetime": "2022-08-02T18:13:47.079Z",
                        "user_id": 2,
                        "user_name": "Harish"
                    },
                    "body": "[{\"category\":\"POSTURE\",\"selectedValue\":\"In_Position_Kneeling\"},{\"category\":\"HIGH LEVEL BEHAVIOR\",\"selectedValue\":[\"HLB_Indecipherable/Video_Insufficient\"]},{\"category\":\"PA TYPE\",\"selectedValue\":\"Kneeling_With_Movement\"},{\"category\":\"Behavioral Parameters\",\"selectedValue\":[\"Located_Indoors\"]},{\"category\":\"Experimental situation\",\"selectedValue\":\"Free_Living\"}]"
                }
            ]
        },
        {
            "id": "754ca1a6-d906-47cd-8efd-79ed3048b082",
            "range": {
                "start": 1592,
                "end": 1648
            },
            "shape": {
                "x1": null,
                "x2": null,
                "y1": null,
                "y2": null
            },
            "comments": [
                {
                    "id": "18429c50-4d7a-1fe7-dd5d-dce43e76810e",
                    "meta": {
                        "datetime": "2022-08-02T18:13:35.082Z",
                        "user_id": 2,
                        "user_name": "Harish"
                    },
                    "body": "[{\"category\":\"POSTURE\",\"selectedValue\":\"In_Position_Kneeling\"},{\"category\":\"HIGH LEVEL BEHAVIOR\",\"selectedValue\":[\"HLB_Indecipherable/Video_Insufficient\"]},{\"category\":\"PA TYPE\",\"selectedValue\":\"Kneeling_With_Movement\"},{\"category\":\"Behavioral Parameters\",\"selectedValue\":[\"Located_Indoors\"]},{\"category\":\"Experimental situation\",\"selectedValue\":\"Free_Living\"}]"
                }
            ]
        }
    ],
    "videoHash": -1133392195
}