START_TIME,STOP_TIME,PREDICTION,SOURCE,LABELSET,VIDEO_START_TIME,VIDEO_END_TIME
2022-05-08 14:50:26,2022-05-08 14:50:40,Lying_On_Left_Side,annotator,POSTURE,2022-05-08 00:00:00,2022-05-08 00:00:14
2022-05-08 14:50:41,2022-05-08 14:52:17,In_Position_Sitting,annotator,POSTURE,2022-05-08 00:00:15,2022-05-08 00:01:51
2022-05-08 14:52:17,2022-05-08 15:15:47,Lying_On_Back,annotator,POSTURE,2022-05-08 00:01:51,2022-05-08 00:25:21
2022-05-08 15:15:47,2022-05-08 15:16:04,In_Position_Sitting,annotator,POSTURE,2022-05-08 00:25:21,2022-05-08 00:25:38
2022-05-08 15:16:04,2022-05-08 15:16:07,In_Position_Upright,annotator,POSTURE,2022-05-08 00:25:38,2022-05-08 00:25:41
2022-05-08 15:16:07,2022-05-08 15:16:45,In_Position_Upright,annotator,POSTURE,2022-05-08 00:25:41,2022-05-08 00:26:19
2022-05-08 15:16:45,2022-05-08 15:16:56,In_Position_Upright,annotator,POSTURE,2022-05-08 00:26:19,2022-05-08 00:26:30
2022-05-08 15:16:56,2022-05-08 15:16:58,In_Position_Kneeling,annotator,POSTURE,2022-05-08 00:26:30,2022-05-08 00:26:32
2022-05-08 15:16:58,2022-05-08 15:17:54,In_Position_Kneeling,annotator,POSTURE,2022-05-08 00:26:32,2022-05-08 00:27:28
