START_TIME,STOP_TIME,PREDICTION,SOURCE,LABELSET,VIDEO_START_TIME,VIDEO_END_TIME
2022-05-29 13:30:58,2022-05-29 13:31:17,In_Position_Sitting,annotator,POSTURE,2022-05-29 00:00:08,2022-05-29 00:00:27
2022-05-29 13:31:18,2022-05-29 13:52:32,In_Position_Sitting,annotator,POSTURE,2022-05-29 00:00:28,2022-05-29 00:21:42
2022-05-29 13:52:38,2022-05-29 13:57:00,Posture_Indecipherable/Video_Insufficient,annotator,POSTURE,2022-05-29 00:21:48,2022-05-29 00:26:10
2022-05-29 13:57:01,2022-05-29 14:03:58,In_Position_Sitting,annotator,POSTURE,2022-05-29 00:26:11,2022-05-29 00:33:08
2022-05-29 14:04:00,2022-05-29 14:14:16,In_Position_Sitting,annotator,POSTURE,2022-05-29 00:33:10,2022-05-29 00:43:26
2022-05-29 14:14:18,2022-05-29 14:37:00,Posture_Indecipherable/Video_Insufficient,annotator,POSTURE,2022-05-29 00:43:28,2022-05-29 01:06:10
2022-05-29 14:37:03,2022-05-29 14:49:17,In_Position_Sitting,annotator,POSTURE,2022-05-29 01:06:13,2022-05-29 01:18:27
2022-05-29 14:49:19,2022-05-29 14:50:33,Posture_Indecipherable/Video_Insufficient,annotator,POSTURE,2022-05-29 01:18:29,2022-05-29 01:19:43
2022-05-29 14:50:36,2022-05-29 14:50:55,In_Position_Upright,annotator,POSTURE,2022-05-29 01:19:46,2022-05-29 01:20:05
2022-05-29 14:50:59,2022-05-29 14:52:52,In_Position_Upright,annotator,POSTURE,2022-05-29 01:20:09,2022-05-29 01:22:02
2022-05-29 14:52:54,2022-05-29 14:53:50,In_Position_Upright,annotator,POSTURE,2022-05-29 01:22:04,2022-05-29 01:23:00
2022-05-29 14:53:52,2022-05-29 14:54:15,In_Position_Upright,annotator,POSTURE,2022-05-29 01:23:02,2022-05-29 01:23:25
2022-05-29 14:54:25,2022-05-29 14:55:37,In_Position_Upright,annotator,POSTURE,2022-05-29 01:23:35,2022-05-29 01:24:47
2022-05-29 14:55:39,2022-05-29 14:58:15,In_Position_Upright,annotator,POSTURE,2022-05-29 01:24:49,2022-05-29 01:27:25
2022-05-29 14:58:19,2022-05-29 15:01:11,In_Position_Upright,annotator,POSTURE,2022-05-29 01:27:29,2022-05-29 01:30:21
2022-05-29 15:01:17,2022-05-29 15:01:32,In_Position_Upright,annotator,POSTURE,2022-05-29 01:30:27,2022-05-29 01:30:42
2022-05-29 15:01:34,2022-05-29 15:03:04,In_Position_Upright,annotator,POSTURE,2022-05-29 01:30:44,2022-05-29 01:32:14
2022-05-29 15:03:06,2022-05-29 15:04:04,In_Position_Upright,annotator,POSTURE,2022-05-29 01:32:16,2022-05-29 01:33:14
2022-05-29 15:04:05,2022-05-29 15:23:56,In_Position_Sitting,annotator,POSTURE,2022-05-29 01:33:15,2022-05-29 01:53:06
2022-05-29 15:23:58,2022-05-29 15:24:51,Posture_Indecipherable/Video_Insufficient,annotator,POSTURE,2022-05-29 01:53:08,2022-05-29 01:54:01
2022-05-29 15:24:54,2022-05-29 15:33:51,In_Position_Sitting,annotator,POSTURE,2022-05-29 01:54:04,2022-05-29 02:03:01
2022-05-29 15:33:53,2022-05-29 15:34:24,In_Position_Upright,annotator,POSTURE,2022-05-29 02:03:03,2022-05-29 02:03:34
2022-05-29 15:34:25,2022-05-29 15:35:01,In_Position_Upright,annotator,POSTURE,2022-05-29 02:03:35,2022-05-29 02:04:11
2022-05-29 15:35:03,2022-05-29 15:38:51,In_Position_Upright,annotator,POSTURE,2022-05-29 02:04:13,2022-05-29 02:08:01
2022-05-29 15:38:52,2022-05-29 15:41:21,In_Position_Upright,annotator,POSTURE,2022-05-29 02:08:02,2022-05-29 02:10:31
2022-05-29 15:41:25,2022-05-29 15:42:42,In_Position_Upright,annotator,POSTURE,2022-05-29 02:10:35,2022-05-29 02:11:52
2022-05-29 15:42:44,2022-05-29 15:43:24,In_Position_Upright,annotator,POSTURE,2022-05-29 02:11:54,2022-05-29 02:12:34
2022-05-29 15:43:26,2022-05-29 15:43:57,In_Position_Upright,annotator,POSTURE,2022-05-29 02:12:36,2022-05-29 02:13:07
2022-05-29 15:44:03,2022-05-29 16:14:13,In_Position_Sitting,annotator,POSTURE,2022-05-29 02:13:13,2022-05-29 02:43:23
2022-05-29 16:14:16,2022-05-29 16:38:37,Posture_Indecipherable/Video_Insufficient,annotator,POSTURE,2022-05-29 02:43:26,2022-05-29 03:07:47
2022-05-29 16:38:42,2022-05-29 17:51:33,In_Position_Sitting,annotator,POSTURE,2022-05-29 03:07:52,2022-05-29 04:20:43
2022-05-29 17:51:35,2022-05-29 17:52:28,In_Position_Upright,annotator,POSTURE,2022-05-29 04:20:45,2022-05-29 04:21:38
2022-05-29 17:52:29,2022-05-29 18:11:09,In_Position_Sitting,annotator,POSTURE,2022-05-29 04:21:39,2022-05-29 04:40:19
2022-05-29 18:11:13,2022-05-29 18:23:54,Lying_On_Back,annotator,POSTURE,2022-05-29 04:40:23,2022-05-29 04:53:04
2022-05-29 18:23:56,2022-05-29 18:47:33,Lying_On_Right_Side,annotator,POSTURE,2022-05-29 04:53:06,2022-05-29 05:16:43
2022-05-29 18:47:38,2022-05-29 18:48:27,In_Position_Upright,annotator,POSTURE,2022-05-29 05:16:48,2022-05-29 05:17:37
2022-05-29 18:48:29,2022-05-29 19:12:07,In_Position_Sitting,annotator,POSTURE,2022-05-29 05:17:39,2022-05-29 05:41:17
2022-05-29 19:12:10,2022-05-29 19:30:14,In_Position_Sitting,annotator,POSTURE,2022-05-29 05:41:20,2022-05-29 05:59:24
2022-05-29 19:30:17,2022-05-29 20:43:43,In_Position_Sitting,annotator,POSTURE,2022-05-29 05:59:27,2022-05-29 07:12:53
2022-05-29 20:43:49,2022-05-29 20:45:00,In_Position_Upright,annotator,POSTURE,2022-05-29 07:12:59,2022-05-29 07:14:10
2022-05-29 20:45:02,2022-05-29 20:45:41,In_Position_Sitting,annotator,POSTURE,2022-05-29 07:14:12,2022-05-29 07:14:51
2022-05-29 20:45:44,2022-05-29 20:46:35,In_Position_Upright,annotator,POSTURE,2022-05-29 07:14:54,2022-05-29 07:15:45
2022-05-29 20:46:37,2022-05-29 21:35:33,In_Position_Sitting,annotator,POSTURE,2022-05-29 07:15:47,2022-05-29 08:04:43
2022-05-29 21:35:35,2022-05-29 21:36:43,In_Position_Upright,annotator,POSTURE,2022-05-29 08:04:45,2022-05-29 08:05:53
2022-05-29 21:36:55,2022-05-29 21:37:18,In_Position_Upright,annotator,POSTURE,2022-05-29 08:06:05,2022-05-29 08:06:28
2022-05-29 21:37:22,2022-05-29 21:37:40,In_Position_Upright,annotator,POSTURE,2022-05-29 08:06:32,2022-05-29 08:06:50
2022-05-29 21:37:46,2022-05-29 21:37:56,In_Position_Upright,annotator,POSTURE,2022-05-29 08:06:56,2022-05-29 08:07:06
2022-05-29 21:38:00,2022-05-29 22:41:09,Posture_Indecipherable/Video_Insufficient,annotator,POSTURE,2022-05-29 08:07:10,2022-05-29 09:10:19
2022-05-29 22:41:13,2022-05-29 22:46:20,In_Position_Sitting,annotator,POSTURE,2022-05-29 09:10:23,2022-05-29 09:15:30
2022-05-29 22:46:21,2022-05-29 23:16:06,In_Position_Sitting,annotator,POSTURE,2022-05-29 09:15:31,2022-05-29 09:45:16
2022-05-29 23:16:11,2022-05-29 23:17:32,Posture_Indecipherable/Video_Insufficient,annotator,POSTURE,2022-05-29 09:45:21,2022-05-29 09:46:42
2022-05-29 23:17:34,2022-05-29 23:18:44,In_Position_Upright,annotator,POSTURE,2022-05-29 09:46:44,2022-05-29 09:47:54
2022-05-29 23:18:46,2022-05-29 23:19:23,In_Position_Upright,annotator,POSTURE,2022-05-29 09:47:56,2022-05-29 09:48:33
2022-05-29 23:19:26,2022-05-29 23:19:48,In_Position_Upright,annotator,POSTURE,2022-05-29 09:48:36,2022-05-29 09:48:58
2022-05-29 23:19:55,2022-05-29 23:20:44,In_Position_Upright,annotator,POSTURE,2022-05-29 09:49:05,2022-05-29 09:49:54
2022-05-29 23:20:52,2022-05-29 23:21:36,In_Position_Upright,annotator,POSTURE,2022-05-29 09:50:02,2022-05-29 09:50:46
2022-05-29 23:21:36,2022-05-29 23:21:47,In_Position_Upright,annotator,POSTURE,2022-05-29 09:50:46,2022-05-29 09:50:57
2022-05-29 23:21:47,2022-05-29 23:22:06,In_Position_Upright,annotator,POSTURE,2022-05-29 09:50:57,2022-05-29 09:51:16
2022-05-29 23:22:06,2022-05-29 23:22:44,In_Position_Upright,annotator,POSTURE,2022-05-29 09:51:16,2022-05-29 09:51:54
2022-05-29 23:23:13,2022-05-29 23:23:13,In_Position_Upright,annotator,POSTURE,2022-05-29 09:52:23,2022-05-29 09:52:23
2022-05-29 23:23:16,2022-05-29 23:24:08,In_Position_Upright,annotator,POSTURE,2022-05-29 09:52:26,2022-05-29 09:53:18
2022-05-29 23:24:08,2022-05-29 23:24:28,In_Position_Upright,annotator,POSTURE,2022-05-29 09:53:18,2022-05-29 09:53:38
2022-05-29 23:24:28,2022-05-29 23:33:12,Posture_Indecipherable/Video_Insufficient,annotator,POSTURE,2022-05-29 09:53:38,2022-05-29 10:02:22
2022-05-29 23:33:12,2022-05-29 23:34:33,Posture_Indecipherable/Video_Insufficient,annotator,POSTURE,2022-05-29 10:02:22,2022-05-29 10:03:43
2022-05-29 23:34:33,2022-05-29 23:42:44,In_Position_Sitting,annotator,POSTURE,2022-05-29 10:03:43,2022-05-29 10:11:54
2022-05-29 23:42:44,2022-05-29 23:44:23,In_Position_Sitting,annotator,POSTURE,2022-05-29 10:11:54,2022-05-29 10:13:33
2022-05-29 23:44:23,2022-05-29 23:44:52,Posture_Indecipherable/Video_Insufficient,annotator,POSTURE,2022-05-29 10:13:33,2022-05-29 10:14:02
2022-05-29 23:44:52,2022-05-29 23:45:47,In_Position_Sitting,annotator,POSTURE,2022-05-29 10:14:02,2022-05-29 10:14:57
2022-05-29 23:45:47,2022-05-29 23:46:22,In_Position_Sitting,annotator,POSTURE,2022-05-29 10:14:57,2022-05-29 10:15:32
2022-05-29 23:46:22,2022-05-29 23:47:13,Lying_On_Back,annotator,POSTURE,2022-05-29 10:15:32,2022-05-29 10:16:23
2022-05-29 23:47:13,2022-05-29 23:49:42,Lying_On_Back,annotator,POSTURE,2022-05-29 10:16:23,2022-05-29 10:18:52
2022-05-29 23:49:42,2022-05-29 23:54:59,Posture_Indecipherable/Video_Insufficient,annotator,POSTURE,2022-05-29 10:18:52,2022-05-29 10:24:09
2022-05-29 23:54:59,2022-05-29 23:58:08,Posture_Indecipherable/Video_Insufficient,annotator,POSTURE,2022-05-29 10:24:09,2022-05-29 10:27:18
2022-05-29 23:58:08,2022-05-30 00:03:51,Posture_Indecipherable/Video_Insufficient,annotator,POSTURE,2022-05-29 10:27:18,2022-05-29 10:33:01
2022-05-30 00:03:51,2022-05-30 00:05:08,Posture_Indecipherable/Video_Insufficient,annotator,POSTURE,2022-05-29 10:33:01,2022-05-29 10:34:18
2022-05-30 00:05:08,2022-05-30 00:06:44,In_Position_Sitting,annotator,POSTURE,2022-05-29 10:34:18,2022-05-29 10:35:54
2022-05-30 00:06:44,2022-05-30 00:07:03,Lying_On_Back,annotator,POSTURE,2022-05-29 10:35:54,2022-05-29 10:36:13
2022-05-30 00:07:03,2022-05-30 00:10:01,Lying_On_Left_Side,annotator,POSTURE,2022-05-29 10:36:13,2022-05-29 10:39:11
2022-05-30 00:10:01,2022-05-30 00:10:51,Lying_On_Left_Side,annotator,POSTURE,2022-05-29 10:39:11,2022-05-29 10:40:01
2022-05-30 00:10:51,2022-05-30 00:11:25,Lying_On_Back,annotator,POSTURE,2022-05-29 10:40:01,2022-05-29 10:40:35
2022-05-30 00:11:25,2022-05-30 00:13:11,Lying_On_Back,annotator,POSTURE,2022-05-29 10:40:35,2022-05-29 10:42:21
2022-05-30 00:13:11,2022-05-30 00:15:06,Lying_On_Back,annotator,POSTURE,2022-05-29 10:42:21,2022-05-29 10:44:16
2022-05-30 00:15:06,2022-05-30 00:15:36,Lying_On_Back,annotator,POSTURE,2022-05-29 10:44:16,2022-05-29 10:44:46
2022-05-30 00:15:36,2022-05-30 00:16:23,Lying_On_Back,annotator,POSTURE,2022-05-29 10:44:46,2022-05-29 10:45:33
2022-05-30 00:16:23,2022-05-30 00:20:54,In_Position_Sitting,annotator,POSTURE,2022-05-29 10:45:33,2022-05-29 10:50:04
2022-05-30 00:20:54,2022-05-30 00:21:10,In_Position_Upright,annotator,POSTURE,2022-05-29 10:50:04,2022-05-29 10:50:20
2022-05-30 00:21:22,2022-05-30 00:22:51,In_Position_Sitting,annotator,POSTURE,2022-05-29 10:50:32,2022-05-29 10:52:01
2022-05-30 00:22:41,2022-05-30 00:22:41,In_Position_Sitting,annotator,POSTURE,2022-05-29 10:51:51,2022-05-29 10:51:51
2022-05-30 00:22:51,2022-05-30 00:23:15,Posture_Indecipherable/Video_Insufficient,annotator,POSTURE,2022-05-29 10:52:01,2022-05-29 10:52:25
2022-05-30 00:23:15,2022-05-30 00:23:56,In_Position_Upright,annotator,POSTURE,2022-05-29 10:52:25,2022-05-29 10:53:06
2022-05-30 00:23:56,2022-05-30 00:26:48,In_Position_Sitting,annotator,POSTURE,2022-05-29 10:53:06,2022-05-29 10:55:58
2022-05-30 00:26:48,2022-05-30 00:27:04,In_Position_Sitting,annotator,POSTURE,2022-05-29 10:55:58,2022-05-29 10:56:14
2022-05-30 00:27:04,2022-05-30 00:28:55,In_Position_Sitting,annotator,POSTURE,2022-05-29 10:56:14,2022-05-29 10:58:05
2022-05-30 00:28:55,2022-05-30 00:29:22,In_Position_Sitting,annotator,POSTURE,2022-05-29 10:58:05,2022-05-29 10:58:32
