START_TIME,STOP_TIME,PREDICTION,SOURCE,LABELSET,VIDEO_START_TIME,VIDEO_END_TIME
2022-06-07 09:31:28,2022-06-07 09:32:10,Packing/Unpacking_Something,annotator,HIGH LEVEL BEHAVIOR,2022-06-07 00:01:20,2022-06-07 00:02:02
2022-06-07 09:32:17,2022-06-07 09:32:27,In_Transit_Active,annotator,HIGH LEVEL BEHAVIOR,2022-06-07 00:02:09,2022-06-07 00:02:19
2022-06-07 09:32:28,2022-06-07 09:32:35,In_Transit_Active,annotator,HIGH LEVEL BEHAVIOR,2022-06-07 00:02:20,2022-06-07 00:02:27
2022-06-07 09:32:35,2022-06-07 09:32:42,In_Transit_Active,annotator,HIGH LEVEL BEHAVIOR,2022-06-07 00:02:27,2022-06-07 00:02:34
2022-06-07 09:32:45,2022-06-07 09:33:50,HLB_Indecipherable/Video_Insufficient,annotator,HIGH LEVEL BEHAVIOR,2022-06-07 00:02:37,2022-06-07 00:03:42
2022-06-07 09:34:07,2022-06-07 09:34:20,In_Transit_Active,annotator,HIGH LEVEL BEHAVIOR,2022-06-07 00:03:59,2022-06-07 00:04:12
2022-06-07 09:34:22,2022-06-07 09:34:40,Cooking/Prepping_Food,annotator,HIGH LEVEL BEHAVIOR,2022-06-07 00:04:14,2022-06-07 00:04:32
2022-06-07 09:34:40,2022-06-07 09:34:47,In_Transit_Active,annotator,HIGH LEVEL BEHAVIOR,2022-06-07 00:04:32,2022-06-07 00:04:39
2022-06-07 09:34:53,2022-06-07 09:36:26,In_Transit_Active,annotator,HIGH LEVEL BEHAVIOR,2022-06-07 00:04:45,2022-06-07 00:06:18
2022-06-07 09:36:27,2022-06-07 09:37:50,In_Transit_Active,annotator,HIGH LEVEL BEHAVIOR,2022-06-07 00:06:19,2022-06-07 00:07:42
2022-06-07 09:37:51,2022-06-07 09:39:23,In_Transit_Active,annotator,HIGH LEVEL BEHAVIOR,2022-06-07 00:07:43,2022-06-07 00:09:15
2022-06-07 09:39:23,2022-06-07 09:40:00,In_Transit_Active,annotator,HIGH LEVEL BEHAVIOR,2022-06-07 00:09:15,2022-06-07 00:09:52
2022-06-07 09:40:00,2022-06-07 09:40:57,In_Transit_Active,annotator,HIGH LEVEL BEHAVIOR,2022-06-07 00:09:52,2022-06-07 00:10:49
2022-06-07 09:40:57,2022-06-07 09:41:38,In_Transit_Active,annotator,HIGH LEVEL BEHAVIOR,2022-06-07 00:10:49,2022-06-07 00:11:30
2022-06-07 09:41:38,2022-06-07 09:46:35,In_Transit_Active,annotator,HIGH LEVEL BEHAVIOR,2022-06-07 00:11:30,2022-06-07 00:16:27
2022-06-07 09:46:35,2022-06-07 09:47:09,In_Transit_Active,annotator,HIGH LEVEL BEHAVIOR,2022-06-07 00:16:27,2022-06-07 00:17:01
2022-06-07 09:47:15,2022-06-07 09:48:45,In_Transit_Active,annotator,HIGH LEVEL BEHAVIOR,2022-06-07 00:17:07,2022-06-07 00:18:37
2022-06-07 09:48:46,2022-06-07 09:50:08,Meeting _Social_Gathering_In_Person,annotator,HIGH LEVEL BEHAVIOR,2022-06-07 00:18:38,2022-06-07 00:20:00
2022-06-07 09:50:08,2022-06-07 09:50:45,In_Transit_Active,annotator,HIGH LEVEL BEHAVIOR,2022-06-07 00:20:00,2022-06-07 00:20:37
2022-06-07 09:50:46,2022-06-07 09:50:57,In_Transit_Active,annotator,HIGH LEVEL BEHAVIOR,2022-06-07 00:20:38,2022-06-07 00:20:49
2022-06-07 09:50:57,2022-06-07 09:51:10,In_Transit_Active,annotator,HIGH LEVEL BEHAVIOR,2022-06-07 00:20:49,2022-06-07 00:21:02
2022-06-07 09:51:11,2022-06-07 09:51:29,In_Transit_Active,annotator,HIGH LEVEL BEHAVIOR,2022-06-07 00:21:03,2022-06-07 00:21:21
2022-06-07 09:51:37,2022-06-07 09:52:01,Packing/Unpacking_Something,annotator,HIGH LEVEL BEHAVIOR,2022-06-07 00:21:29,2022-06-07 00:21:53
2022-06-07 09:52:03,2022-06-07 11:29:33,Using_Computer/Screen, Working_Other,annotator,HIGH LEVEL BEHAVIOR,2022-06-07 00:21:55,2022-06-07 01:59:25
2022-06-07 11:29:35,2022-06-07 11:29:51,Packing/Unpacking_Something,annotator,HIGH LEVEL BEHAVIOR,2022-06-07 01:59:27,2022-06-07 01:59:43
2022-06-07 11:29:52,2022-06-07 11:30:39,In_Transit_Active,annotator,HIGH LEVEL BEHAVIOR,2022-06-07 01:59:44,2022-06-07 02:00:31
2022-06-07 11:30:39,2022-06-07 11:31:04,In_Transit_Active,annotator,HIGH LEVEL BEHAVIOR,2022-06-07 02:00:31,2022-06-07 02:00:56
2022-06-07 11:31:04,2022-06-07 11:31:18,In_Transit_Active,annotator,HIGH LEVEL BEHAVIOR,2022-06-07 02:00:56,2022-06-07 02:01:10
2022-06-07 11:31:19,2022-06-07 11:31:31,In_Transit_Active,annotator,HIGH LEVEL BEHAVIOR,2022-06-07 02:01:11,2022-06-07 02:01:23
2022-06-07 11:31:32,2022-06-07 11:32:47,Meeting _Social_Gathering_In_Person,annotator,HIGH LEVEL BEHAVIOR,2022-06-07 02:01:24,2022-06-07 02:02:39
2022-06-07 11:32:48,2022-06-07 11:35:26,In_Transit_Active,annotator,HIGH LEVEL BEHAVIOR,2022-06-07 02:02:40,2022-06-07 02:05:18
2022-06-07 11:35:27,2022-06-07 11:35:53,In_Transit_Active, Riding_Escalator_Up,annotator,HIGH LEVEL BEHAVIOR,2022-06-07 02:05:19,2022-06-07 02:05:45
2022-06-07 11:35:54,2022-06-07 11:36:27,In_Transit_Active,annotator,HIGH LEVEL BEHAVIOR,2022-06-07 02:05:46,2022-06-07 02:06:19
2022-06-07 11:36:28,2022-06-07 11:42:28,Meeting _Social_Gathering_In_Person,annotator,HIGH LEVEL BEHAVIOR,2022-06-07 02:06:20,2022-06-07 02:12:20
2022-06-07 11:42:29,2022-06-07 11:42:56,In_Transit_Active,annotator,HIGH LEVEL BEHAVIOR,2022-06-07 02:12:21,2022-06-07 02:12:48
2022-06-07 11:42:57,2022-06-07 11:43:16,In_Transit_Active,annotator,HIGH LEVEL BEHAVIOR,2022-06-07 02:12:49,2022-06-07 02:13:08
2022-06-07 11:43:17,2022-06-07 11:43:33,In_Transit_Active,annotator,HIGH LEVEL BEHAVIOR,2022-06-07 02:13:09,2022-06-07 02:13:25
2022-06-07 11:43:34,2022-06-07 11:47:56,In_Transit_Active,annotator,HIGH LEVEL BEHAVIOR,2022-06-07 02:13:26,2022-06-07 02:17:48
2022-06-07 11:47:56,2022-06-07 11:48:07,In_Transit_Active,annotator,HIGH LEVEL BEHAVIOR,2022-06-07 02:17:48,2022-06-07 02:17:59
2022-06-07 11:48:12,2022-06-07 11:48:52,In_Transit_Active,annotator,HIGH LEVEL BEHAVIOR,2022-06-07 02:18:04,2022-06-07 02:18:44
2022-06-07 11:48:53,2022-06-07 11:49:10,In_Transit_Active,annotator,HIGH LEVEL BEHAVIOR,2022-06-07 02:18:45,2022-06-07 02:19:02
2022-06-07 11:49:10,2022-06-07 11:49:39,In_Transit_Active,annotator,HIGH LEVEL BEHAVIOR,2022-06-07 02:19:02,2022-06-07 02:19:31
2022-06-07 11:49:39,2022-06-07 11:50:04,In_Transit_Active,annotator,HIGH LEVEL BEHAVIOR,2022-06-07 02:19:31,2022-06-07 02:19:56
2022-06-07 11:50:18,2022-06-07 11:50:32,Packing/Unpacking_Something,annotator,HIGH LEVEL BEHAVIOR,2022-06-07 02:20:10,2022-06-07 02:20:24
2022-06-07 11:50:32,2022-06-07 11:50:46,Packing/Unpacking_Something,annotator,HIGH LEVEL BEHAVIOR,2022-06-07 02:20:24,2022-06-07 02:20:38
2022-06-07 11:50:51,2022-06-07 11:57:59,Using_Computer/Screen, Meeting _Social_Gathering_In_Person,annotator,HIGH LEVEL BEHAVIOR,2022-06-07 02:20:43,2022-06-07 02:27:51
2022-06-07 11:58:04,2022-06-07 12:01:26,HLB_Indecipherable/Video_Insufficient,annotator,HIGH LEVEL BEHAVIOR,2022-06-07 02:27:56,2022-06-07 02:31:18
2022-06-07 12:01:33,2022-06-07 12:15:44,Using_Computer/Screen, Meeting _Social_Gathering_In_Person,annotator,HIGH LEVEL BEHAVIOR,2022-06-07 02:31:25,2022-06-07 02:45:36
2022-06-07 12:15:46,2022-06-07 12:15:53,Meeting _Social_Gathering_In_Person, Packing/Unpacking_Something,annotator,HIGH LEVEL BEHAVIOR,2022-06-07 02:45:38,2022-06-07 02:45:45
2022-06-07 12:15:54,2022-06-07 12:16:01,Meeting _Social_Gathering_In_Person, In_Transit_Active,annotator,HIGH LEVEL BEHAVIOR,2022-06-07 02:45:46,2022-06-07 02:45:53
2022-06-07 12:16:02,2022-06-07 12:16:57,Meeting _Social_Gathering_In_Person, Cooking/Prepping_Food,annotator,HIGH LEVEL BEHAVIOR,2022-06-07 02:45:54,2022-06-07 02:46:49
2022-06-07 12:16:58,2022-06-07 12:17:24,Meeting _Social_Gathering_In_Person,annotator,HIGH LEVEL BEHAVIOR,2022-06-07 02:46:50,2022-06-07 02:47:16
2022-06-07 12:17:24,2022-06-07 12:18:25,Meeting _Social_Gathering_In_Person,annotator,HIGH LEVEL BEHAVIOR,2022-06-07 02:47:16,2022-06-07 02:48:17
2022-06-07 12:18:26,2022-06-07 12:18:46,Meeting _Social_Gathering_In_Person, Eating/Dining,annotator,HIGH LEVEL BEHAVIOR,2022-06-07 02:48:18,2022-06-07 02:48:38
2022-06-07 12:18:48,2022-06-07 12:19:03,Meeting _Social_Gathering_In_Person, In_Transit_Active,annotator,HIGH LEVEL BEHAVIOR,2022-06-07 02:48:40,2022-06-07 02:48:55
2022-06-07 12:19:08,2022-06-07 12:19:44,Meeting _Social_Gathering_In_Person,annotator,HIGH LEVEL BEHAVIOR,2022-06-07 02:49:00,2022-06-07 02:49:36
2022-06-07 12:19:45,2022-06-07 12:20:39,Meeting _Social_Gathering_In_Person, WatchingTV/Movies,annotator,HIGH LEVEL BEHAVIOR,2022-06-07 02:49:37,2022-06-07 02:50:31
2022-06-07 12:20:44,2022-06-07 12:21:55,HLB_Indecipherable/Video_Insufficient,annotator,HIGH LEVEL BEHAVIOR,2022-06-07 02:50:36,2022-06-07 02:51:47
2022-06-07 12:21:55,2022-06-07 12:21:59,In_Transit_Active,annotator,HIGH LEVEL BEHAVIOR,2022-06-07 02:51:47,2022-06-07 02:51:51
2022-06-07 12:21:59,2022-06-07 12:22:35,Cooking/Prepping_Food, Meeting _Social_Gathering_In_Person,annotator,HIGH LEVEL BEHAVIOR,2022-06-07 02:51:51,2022-06-07 02:52:27
2022-06-07 12:22:36,2022-06-07 12:23:18,Meeting _Social_Gathering_In_Person,annotator,HIGH LEVEL BEHAVIOR,2022-06-07 02:52:28,2022-06-07 02:53:10
2022-06-07 12:23:29,2022-06-07 12:23:41,Meeting _Social_Gathering_In_Person, Cooking/Prepping_Food,annotator,HIGH LEVEL BEHAVIOR,2022-06-07 02:53:21,2022-06-07 02:53:33
2022-06-07 12:23:45,2022-06-07 12:23:50,Meeting _Social_Gathering_In_Person, Cooking/Prepping_Food,annotator,HIGH LEVEL BEHAVIOR,2022-06-07 02:53:37,2022-06-07 02:53:42
2022-06-07 12:24:00,2022-06-07 12:24:16,Meeting _Social_Gathering_In_Person,annotator,HIGH LEVEL BEHAVIOR,2022-06-07 02:53:52,2022-06-07 02:54:08
2022-06-07 12:24:16,2022-06-07 12:24:40,Meeting _Social_Gathering_In_Person, In_Transit_Active,annotator,HIGH LEVEL BEHAVIOR,2022-06-07 02:54:08,2022-06-07 02:54:32
2022-06-07 12:24:41,2022-06-07 12:26:48,HLB_Indecipherable/Video_Insufficient,annotator,HIGH LEVEL BEHAVIOR,2022-06-07 02:54:33,2022-06-07 02:56:40
2022-06-07 12:26:58,2022-06-07 12:32:36,Cooking/Prepping_Food, Meeting _Social_Gathering_In_Person,annotator,HIGH LEVEL BEHAVIOR,2022-06-07 02:56:50,2022-06-07 03:02:28
2022-06-07 12:32:37,2022-06-07 12:33:05,Cooking/Prepping_Food, Meeting _Social_Gathering_In_Person,annotator,HIGH LEVEL BEHAVIOR,2022-06-07 03:02:29,2022-06-07 03:02:57
2022-06-07 12:33:13,2022-06-07 12:34:55,Cooking/Prepping_Food, Meeting _Social_Gathering_In_Person,annotator,HIGH LEVEL BEHAVIOR,2022-06-07 03:03:05,2022-06-07 03:04:47
2022-06-07 12:34:56,2022-06-07 12:35:54,Meeting _Social_Gathering_In_Person,annotator,HIGH LEVEL BEHAVIOR,2022-06-07 03:04:48,2022-06-07 03:05:46
2022-06-07 12:35:54,2022-06-07 12:36:03,Meeting _Social_Gathering_In_Person, Cooking/Prepping_Food,annotator,HIGH LEVEL BEHAVIOR,2022-06-07 03:05:46,2022-06-07 03:05:55
2022-06-07 12:36:08,2022-06-07 12:41:40,HLB_Indecipherable/Video_Insufficient,annotator,HIGH LEVEL BEHAVIOR,2022-06-07 03:06:00,2022-06-07 03:11:32
2022-06-07 12:41:43,2022-06-07 12:41:58,In_Transit_Active,annotator,HIGH LEVEL BEHAVIOR,2022-06-07 03:11:35,2022-06-07 03:11:50
2022-06-07 12:42:00,2022-06-07 12:48:45,HLB_Indecipherable/Video_Insufficient,annotator,HIGH LEVEL BEHAVIOR,2022-06-07 03:11:52,2022-06-07 03:18:37
2022-06-07 12:48:51,2022-06-07 12:49:01,In_Transit_Active,annotator,HIGH LEVEL BEHAVIOR,2022-06-07 03:18:43,2022-06-07 03:18:53
2022-06-07 12:49:01,2022-06-07 12:49:26,Meeting _Social_Gathering_In_Person,annotator,HIGH LEVEL BEHAVIOR,2022-06-07 03:18:53,2022-06-07 03:19:18
2022-06-07 12:49:37,2022-06-07 12:50:17,Meeting _Social_Gathering_In_Person, Eating/Dining,annotator,HIGH LEVEL BEHAVIOR,2022-06-07 03:19:29,2022-06-07 03:20:09
2022-06-07 12:50:18,2022-06-07 12:51:08,Meeting _Social_Gathering_In_Person,annotator,HIGH LEVEL BEHAVIOR,2022-06-07 03:20:10,2022-06-07 03:21:00
2022-06-07 12:51:15,2022-06-07 12:51:36,Meeting _Social_Gathering_In_Person,annotator,HIGH LEVEL BEHAVIOR,2022-06-07 03:21:07,2022-06-07 03:21:28
2022-06-07 12:51:37,2022-06-07 12:52:01,Meeting _Social_Gathering_In_Person,annotator,HIGH LEVEL BEHAVIOR,2022-06-07 03:21:29,2022-06-07 03:21:53
2022-06-07 12:52:04,2022-06-07 12:54:04,Meeting _Social_Gathering_In_Person,annotator,HIGH LEVEL BEHAVIOR,2022-06-07 03:21:56,2022-06-07 03:23:56
2022-06-07 12:54:04,2022-06-07 12:54:16,Meeting _Social_Gathering_In_Person, In_Transit_Active,annotator,HIGH LEVEL BEHAVIOR,2022-06-07 03:23:56,2022-06-07 03:24:08
2022-06-07 12:54:16,2022-06-07 12:54:48,Meeting _Social_Gathering_In_Person, Cooking/Prepping_Food,annotator,HIGH LEVEL BEHAVIOR,2022-06-07 03:24:08,2022-06-07 03:24:40
2022-06-07 12:54:52,2022-06-07 12:59:42,Meeting _Social_Gathering_In_Person, Eating/Dining,annotator,HIGH LEVEL BEHAVIOR,2022-06-07 03:24:44,2022-06-07 03:29:34
2022-06-07 13:00:28,2022-06-07 13:01:17,Meeting _Social_Gathering_In_Person, Eating/Dining,annotator,HIGH LEVEL BEHAVIOR,2022-06-07 03:30:20,2022-06-07 03:31:09
2022-06-07 13:01:18,2022-06-07 13:05:59,Meeting _Social_Gathering_In_Person,annotator,HIGH LEVEL BEHAVIOR,2022-06-07 03:31:10,2022-06-07 03:35:51
2022-06-07 13:06:01,2022-06-07 13:10:37,Meeting _Social_Gathering_In_Person, WatchingTV/Movies,annotator,HIGH LEVEL BEHAVIOR,2022-06-07 03:35:53,2022-06-07 03:40:29
2022-06-07 13:10:38,2022-06-07 13:10:49,In_Transit_Active,annotator,HIGH LEVEL BEHAVIOR,2022-06-07 03:40:30,2022-06-07 03:40:41
2022-06-07 13:10:51,2022-06-07 13:11:10,In_Transit_Active,annotator,HIGH LEVEL BEHAVIOR,2022-06-07 03:40:43,2022-06-07 03:41:02
2022-06-07 13:11:16,2022-06-07 13:11:48,Meeting _Social_Gathering_In_Person, WatchingTV/Movies,annotator,HIGH LEVEL BEHAVIOR,2022-06-07 03:41:08,2022-06-07 03:41:40
2022-06-07 13:11:50,2022-06-07 13:12:08,Meeting _Social_Gathering_In_Person,annotator,HIGH LEVEL BEHAVIOR,2022-06-07 03:41:42,2022-06-07 03:42:00
2022-06-07 13:12:11,2022-06-07 13:14:12,Meeting _Social_Gathering_In_Person,annotator,HIGH LEVEL BEHAVIOR,2022-06-07 03:42:03,2022-06-07 03:44:04
2022-06-07 13:14:13,2022-06-07 13:14:54,Meeting _Social_Gathering_In_Person, WatchingTV/Movies,annotator,HIGH LEVEL BEHAVIOR,2022-06-07 03:44:05,2022-06-07 03:44:46
2022-06-07 13:14:59,2022-06-07 13:27:04,HLB_Indecipherable/Video_Insufficient,annotator,HIGH LEVEL BEHAVIOR,2022-06-07 03:44:51,2022-06-07 03:56:56
2022-06-07 13:27:16,2022-06-07 13:27:51,Meeting _Social_Gathering_In_Person,annotator,HIGH LEVEL BEHAVIOR,2022-06-07 03:57:08,2022-06-07 03:57:43
2022-06-07 13:27:52,2022-06-07 13:29:47,Meeting _Social_Gathering_In_Person,annotator,HIGH LEVEL BEHAVIOR,2022-06-07 03:57:44,2022-06-07 03:59:39
2022-06-07 13:29:48,2022-06-07 13:34:35,Using_Computer/Screen,annotator,HIGH LEVEL BEHAVIOR,2022-06-07 03:59:40,2022-06-07 04:04:27
2022-06-07 13:34:36,2022-06-07 13:38:51,Using_Computer/Screen,annotator,HIGH LEVEL BEHAVIOR,2022-06-07 04:04:28,2022-06-07 04:08:43
2022-06-07 13:38:52,2022-06-07 13:41:02,Using_Computer/Screen,annotator,HIGH LEVEL BEHAVIOR,2022-06-07 04:08:44,2022-06-07 04:10:54
2022-06-07 13:41:02,2022-06-07 13:42:37,Using_Computer/Screen,annotator,HIGH LEVEL BEHAVIOR,2022-06-07 04:10:54,2022-06-07 04:12:29
2022-06-07 13:42:38,2022-06-07 13:42:47,Using_Computer/Screen,annotator,HIGH LEVEL BEHAVIOR,2022-06-07 04:12:30,2022-06-07 04:12:39
2022-06-07 13:42:48,2022-06-07 13:44:02,Using_Computer/Screen,annotator,HIGH LEVEL BEHAVIOR,2022-06-07 04:12:40,2022-06-07 04:13:54
2022-06-07 13:44:03,2022-06-07 13:44:22,Using_Computer/Screen,annotator,HIGH LEVEL BEHAVIOR,2022-06-07 04:13:55,2022-06-07 04:14:14
2022-06-07 13:44:22,2022-06-07 13:47:32,Using_Computer/Screen,annotator,HIGH LEVEL BEHAVIOR,2022-06-07 04:14:14,2022-06-07 04:17:24
2022-06-07 13:47:34,2022-06-07 13:48:14,Using_Computer/Screen,annotator,HIGH LEVEL BEHAVIOR,2022-06-07 04:17:26,2022-06-07 04:18:06
2022-06-07 13:48:14,2022-06-07 13:49:47,Using_Computer/Screen,annotator,HIGH LEVEL BEHAVIOR,2022-06-07 04:18:06,2022-06-07 04:19:39
2022-06-07 13:49:48,2022-06-07 13:50:04,In_Transit_Active,annotator,HIGH LEVEL BEHAVIOR,2022-06-07 04:19:40,2022-06-07 04:19:56
2022-06-07 13:50:11,2022-06-07 13:54:27,HLB_Indecipherable/Video_Insufficient,annotator,HIGH LEVEL BEHAVIOR,2022-06-07 04:20:03,2022-06-07 04:24:19
2022-06-07 13:54:28,2022-06-07 13:55:19,Using_Computer/Screen,annotator,HIGH LEVEL BEHAVIOR,2022-06-07 04:24:20,2022-06-07 04:25:11
2022-06-07 13:55:19,2022-06-07 13:58:54,Using_Computer/Screen,annotator,HIGH LEVEL BEHAVIOR,2022-06-07 04:25:11,2022-06-07 04:28:46
2022-06-07 13:58:55,2022-06-07 13:59:11,In_Transit_Active,annotator,HIGH LEVEL BEHAVIOR,2022-06-07 04:28:47,2022-06-07 04:29:03
2022-06-07 13:59:12,2022-06-07 13:59:31,In_Transit_Active,annotator,HIGH LEVEL BEHAVIOR,2022-06-07 04:29:04,2022-06-07 04:29:23
2022-06-07 13:59:31,2022-06-07 13:59:45,In_Transit_Active,annotator,HIGH LEVEL BEHAVIOR,2022-06-07 04:29:23,2022-06-07 04:29:37
2022-06-07 13:59:46,2022-06-07 14:01:05,HLB_Indecipherable/Video_Insufficient,annotator,HIGH LEVEL BEHAVIOR,2022-06-07 04:29:38,2022-06-07 04:30:57
2022-06-07 14:01:06,2022-06-07 14:01:17,In_Transit_Active,annotator,HIGH LEVEL BEHAVIOR,2022-06-07 04:30:58,2022-06-07 04:31:09
2022-06-07 14:01:18,2022-06-07 14:02:03,Using_Computer/Screen,annotator,HIGH LEVEL BEHAVIOR,2022-06-07 04:31:10,2022-06-07 04:31:55
2022-06-07 14:02:04,2022-06-07 14:03:13,HLB_Indecipherable/Video_Insufficient,annotator,HIGH LEVEL BEHAVIOR,2022-06-07 04:31:56,2022-06-07 04:33:05
2022-06-07 14:03:16,2022-06-07 14:08:57,In_Transit_Active,annotator,HIGH LEVEL BEHAVIOR,2022-06-07 04:33:08,2022-06-07 04:38:49
2022-06-07 14:08:57,2022-06-07 14:09:27,In_Transit_Active,annotator,HIGH LEVEL BEHAVIOR,2022-06-07 04:38:49,2022-06-07 04:39:19
2022-06-07 14:09:29,2022-06-07 14:09:35,In_Transit_Active,annotator,HIGH LEVEL BEHAVIOR,2022-06-07 04:39:21,2022-06-07 04:39:27
2022-06-07 14:09:35,2022-06-07 14:09:49,In_Transit_Active,annotator,HIGH LEVEL BEHAVIOR,2022-06-07 04:39:27,2022-06-07 04:39:41
2022-06-07 14:09:53,2022-06-07 14:10:06,In_Transit_Active,annotator,HIGH LEVEL BEHAVIOR,2022-06-07 04:39:45,2022-06-07 04:39:58
2022-06-07 14:10:18,2022-06-07 14:11:22,Packing/Unpacking_Something, Using_Computer/Screen,annotator,HIGH LEVEL BEHAVIOR,2022-06-07 04:40:10,2022-06-07 04:41:14
2022-06-07 14:11:22,2022-06-07 14:16:49,Using_Computer/Screen, Eating/Dining,annotator,HIGH LEVEL BEHAVIOR,2022-06-07 04:41:14,2022-06-07 04:46:41
2022-06-07 14:16:49,2022-06-07 14:23:52,Using_Computer/Screen, Eating/Dining,annotator,HIGH LEVEL BEHAVIOR,2022-06-07 04:46:41,2022-06-07 04:53:44
2022-06-07 14:23:57,2022-06-07 14:24:26,Using_Computer/Screen, Eating/Dining,annotator,HIGH LEVEL BEHAVIOR,2022-06-07 04:53:49,2022-06-07 04:54:18
2022-06-07 14:24:27,2022-06-07 14:27:05,Using_Computer/Screen,annotator,HIGH LEVEL BEHAVIOR,2022-06-07 04:54:19,2022-06-07 04:56:57
2022-06-07 14:27:05,2022-06-07 14:31:47,Using_Computer/Screen,annotator,HIGH LEVEL BEHAVIOR,2022-06-07 04:56:57,2022-06-07 05:01:39
2022-06-07 14:31:48,2022-06-07 14:32:37,Using_Computer/Screen, Packing/Unpacking_Something,annotator,HIGH LEVEL BEHAVIOR,2022-06-07 05:01:40,2022-06-07 05:02:29
2022-06-07 14:32:39,2022-06-07 14:33:32,Using_Computer/Screen, Eating/Dining,annotator,HIGH LEVEL BEHAVIOR,2022-06-07 05:02:31,2022-06-07 05:03:24
2022-06-07 14:33:33,2022-06-07 14:34:35,Using_Computer/Screen, Eating/Dining,annotator,HIGH LEVEL BEHAVIOR,2022-06-07 05:03:25,2022-06-07 05:04:27
2022-06-07 14:34:36,2022-06-07 14:56:05,Using_Computer/Screen,annotator,HIGH LEVEL BEHAVIOR,2022-06-07 05:04:28,2022-06-07 05:25:57
2022-06-07 14:56:07,2022-06-07 14:56:20,Using_Computer/Screen, Packing/Unpacking_Something,annotator,HIGH LEVEL BEHAVIOR,2022-06-07 05:25:59,2022-06-07 05:26:12
2022-06-07 14:56:21,2022-06-07 14:56:36,Using_Computer/Screen, In_Transit_Active,annotator,HIGH LEVEL BEHAVIOR,2022-06-07 05:26:13,2022-06-07 05:26:28
2022-06-07 14:56:57,2022-06-07 14:57:49,In_Transit_Active,annotator,HIGH LEVEL BEHAVIOR,2022-06-07 05:26:49,2022-06-07 05:27:41
2022-06-07 14:57:49,2022-06-07 15:01:56,HLB_Indecipherable/Video_Insufficient,annotator,HIGH LEVEL BEHAVIOR,2022-06-07 05:27:41,2022-06-07 05:31:48
2022-06-07 15:01:58,2022-06-07 15:25:46,Using_Computer/Screen,annotator,HIGH LEVEL BEHAVIOR,2022-06-07 05:31:50,2022-06-07 05:55:38
2022-06-07 15:25:46,2022-06-07 15:25:53,Using_Computer/Screen,annotator,HIGH LEVEL BEHAVIOR,2022-06-07 05:55:38,2022-06-07 05:55:45
2022-06-07 15:25:56,2022-06-07 15:26:13,In_Transit_Active,annotator,HIGH LEVEL BEHAVIOR,2022-06-07 05:55:48,2022-06-07 05:56:05
2022-06-07 15:26:16,2022-06-07 15:29:06,HLB_Indecipherable/Video_Insufficient,annotator,HIGH LEVEL BEHAVIOR,2022-06-07 05:56:08,2022-06-07 05:58:58
2022-06-07 15:29:14,2022-06-07 15:29:32,In_Transit_Active,annotator,HIGH LEVEL BEHAVIOR,2022-06-07 05:59:06,2022-06-07 05:59:24
2022-06-07 15:29:33,2022-06-07 15:30:02,Using_Computer/Screen,annotator,HIGH LEVEL BEHAVIOR,2022-06-07 05:59:25,2022-06-07 05:59:54
2022-06-07 15:30:04,2022-06-07 16:08:43,Using_Computer/Screen,annotator,HIGH LEVEL BEHAVIOR,2022-06-07 05:59:56,2022-06-07 06:38:35
2022-06-07 16:08:45,2022-06-07 16:08:56,Using_Computer/Screen,annotator,HIGH LEVEL BEHAVIOR,2022-06-07 06:38:37,2022-06-07 06:38:48
2022-06-07 16:08:57,2022-06-07 16:09:38,Using_Computer/Screen,annotator,HIGH LEVEL BEHAVIOR,2022-06-07 06:38:49,2022-06-07 06:39:30
2022-06-07 16:09:40,2022-06-07 16:11:30,Using_Computer/Screen,annotator,HIGH LEVEL BEHAVIOR,2022-06-07 06:39:32,2022-06-07 06:41:22
2022-06-07 16:11:31,2022-06-07 16:13:23,Using_Computer/Screen, Meeting _Social_Gathering_In_Person,annotator,HIGH LEVEL BEHAVIOR,2022-06-07 06:41:23,2022-06-07 06:43:15
2022-06-07 16:13:23,2022-06-07 16:15:45,Using_Computer/Screen, Meeting _Social_Gathering_In_Person,annotator,HIGH LEVEL BEHAVIOR,2022-06-07 06:43:15,2022-06-07 06:45:37
2022-06-07 16:15:49,2022-06-07 16:38:04,Using_Computer/Screen, Meeting _Social_Gathering_In_Person,annotator,HIGH LEVEL BEHAVIOR,2022-06-07 06:45:41,2022-06-07 07:07:56
2022-06-07 16:38:05,2022-06-07 16:38:38,Using_Computer/Screen, Meeting _Social_Gathering_In_Person,annotator,HIGH LEVEL BEHAVIOR,2022-06-07 07:07:57,2022-06-07 07:08:30
2022-06-07 16:38:49,2022-06-07 16:47:25,Using_Computer/Screen, Meeting _Social_Gathering_In_Person,annotator,HIGH LEVEL BEHAVIOR,2022-06-07 07:08:41,2022-06-07 07:17:17
2022-06-07 16:47:26,2022-06-07 16:52:40,HLB_Indecipherable/Video_Insufficient,annotator,HIGH LEVEL BEHAVIOR,2022-06-07 07:17:18,2022-06-07 07:22:32
2022-06-07 16:52:41,2022-06-07 16:53:02,Meeting _Social_Gathering_In_Person,annotator,HIGH LEVEL BEHAVIOR,2022-06-07 07:22:33,2022-06-07 07:22:54
2022-06-07 16:53:03,2022-06-07 16:55:45,Meeting _Social_Gathering_In_Person, Using_Computer/Screen,annotator,HIGH LEVEL BEHAVIOR,2022-06-07 07:22:55,2022-06-07 07:25:37
2022-06-07 16:55:45,2022-06-07 16:58:47,Meeting _Social_Gathering_In_Person, Using_Computer/Screen,annotator,HIGH LEVEL BEHAVIOR,2022-06-07 07:25:37,2022-06-07 07:28:39
2022-06-07 16:58:47,2022-06-07 16:58:53,In_Transit_Active,annotator,HIGH LEVEL BEHAVIOR,2022-06-07 07:28:39,2022-06-07 07:28:45
2022-06-07 16:58:53,2022-06-07 16:59:02,In_Transit_Active,annotator,HIGH LEVEL BEHAVIOR,2022-06-07 07:28:45,2022-06-07 07:28:54
2022-06-07 16:59:02,2022-06-07 16:59:10,In_Transit_Active,annotator,HIGH LEVEL BEHAVIOR,2022-06-07 07:28:54,2022-06-07 07:29:02
2022-06-07 16:59:10,2022-06-07 16:59:47,In_Transit_Active,annotator,HIGH LEVEL BEHAVIOR,2022-06-07 07:29:02,2022-06-07 07:29:39
2022-06-07 16:59:47,2022-06-07 17:00:00,In_Transit_Active,annotator,HIGH LEVEL BEHAVIOR,2022-06-07 07:29:39,2022-06-07 07:29:52
2022-06-07 17:00:00,2022-06-07 17:00:24,In_Transit_Active,annotator,HIGH LEVEL BEHAVIOR,2022-06-07 07:29:52,2022-06-07 07:30:16
2022-06-07 17:00:24,2022-06-07 17:01:12,In_Transit_Active,annotator,HIGH LEVEL BEHAVIOR,2022-06-07 07:30:16,2022-06-07 07:31:04
2022-06-07 17:01:12,2022-06-07 17:01:23,In_Transit_Active,annotator,HIGH LEVEL BEHAVIOR,2022-06-07 07:31:04,2022-06-07 07:31:15
2022-06-07 17:01:23,2022-06-07 17:01:47,In_Transit_Active,annotator,HIGH LEVEL BEHAVIOR,2022-06-07 07:31:15,2022-06-07 07:31:39
2022-06-07 17:01:47,2022-06-07 17:01:56,In_Transit_Active,annotator,HIGH LEVEL BEHAVIOR,2022-06-07 07:31:39,2022-06-07 07:31:48
2022-06-07 17:01:56,2022-06-07 17:03:07,In_Transit_Active,annotator,HIGH LEVEL BEHAVIOR,2022-06-07 07:31:48,2022-06-07 07:32:59
2022-06-07 17:03:07,2022-06-07 17:03:13,In_Transit_Active,annotator,HIGH LEVEL BEHAVIOR,2022-06-07 07:32:59,2022-06-07 07:33:05
2022-06-07 17:03:13,2022-06-07 17:03:40,In_Transit_Active,annotator,HIGH LEVEL BEHAVIOR,2022-06-07 07:33:05,2022-06-07 07:33:32
2022-06-07 17:03:40,2022-06-07 17:03:44,In_Transit_Active,annotator,HIGH LEVEL BEHAVIOR,2022-06-07 07:33:32,2022-06-07 07:33:36
2022-06-07 17:03:44,2022-06-07 17:04:05,In_Transit_Active,annotator,HIGH LEVEL BEHAVIOR,2022-06-07 07:33:36,2022-06-07 07:33:57
2022-06-07 17:04:05,2022-06-07 17:04:26,In_Transit_Active,annotator,HIGH LEVEL BEHAVIOR,2022-06-07 07:33:57,2022-06-07 07:34:18
2022-06-07 17:04:26,2022-06-07 17:05:27,In_Transit_Active,annotator,HIGH LEVEL BEHAVIOR,2022-06-07 07:34:18,2022-06-07 07:35:19
2022-06-07 17:05:27,2022-06-07 17:05:31,In_Transit_Active,annotator,HIGH LEVEL BEHAVIOR,2022-06-07 07:35:19,2022-06-07 07:35:23
2022-06-07 17:05:31,2022-06-07 17:06:24,In_Transit_Active,annotator,HIGH LEVEL BEHAVIOR,2022-06-07 07:35:23,2022-06-07 07:36:16
2022-06-07 17:06:24,2022-06-07 17:06:41,Grooming/Self_Care,annotator,HIGH LEVEL BEHAVIOR,2022-06-07 07:36:16,2022-06-07 07:36:33
2022-06-07 17:06:41,2022-06-07 17:06:46,In_Transit_Active,annotator,HIGH LEVEL BEHAVIOR,2022-06-07 07:36:33,2022-06-07 07:36:38
2022-06-07 17:06:46,2022-06-07 17:06:58,In_Transit_Active,annotator,HIGH LEVEL BEHAVIOR,2022-06-07 07:36:38,2022-06-07 07:36:50
2022-06-07 17:06:58,2022-06-07 17:08:12,Meeting _Social_Gathering_In_Person,annotator,HIGH LEVEL BEHAVIOR,2022-06-07 07:36:50,2022-06-07 07:38:04
2022-06-07 17:08:12,2022-06-07 17:08:26,Meeting _Social_Gathering_In_Person, Using_Computer/Screen,annotator,HIGH LEVEL BEHAVIOR,2022-06-07 07:38:04,2022-06-07 07:38:18
2022-06-07 17:08:26,2022-06-07 17:08:38,Meeting _Social_Gathering_In_Person, Using_Computer/Screen,annotator,HIGH LEVEL BEHAVIOR,2022-06-07 07:38:18,2022-06-07 07:38:30
2022-06-07 17:08:38,2022-06-07 17:08:56,Meeting _Social_Gathering_In_Person, Using_Computer/Screen,annotator,HIGH LEVEL BEHAVIOR,2022-06-07 07:38:30,2022-06-07 07:38:48
2022-06-07 17:08:56,2022-06-07 17:09:05,Meeting _Social_Gathering_In_Person, Using_Computer/Screen,annotator,HIGH LEVEL BEHAVIOR,2022-06-07 07:38:48,2022-06-07 07:38:57
2022-06-07 17:09:05,2022-06-07 17:10:06,Meeting _Social_Gathering_In_Person, Using_Computer/Screen,annotator,HIGH LEVEL BEHAVIOR,2022-06-07 07:38:57,2022-06-07 07:39:58
2022-06-07 17:10:06,2022-06-07 17:11:31,Meeting _Social_Gathering_In_Person, Using_Computer/Screen,annotator,HIGH LEVEL BEHAVIOR,2022-06-07 07:39:58,2022-06-07 07:41:23
2022-06-07 17:11:31,2022-06-07 17:11:41,Meeting _Social_Gathering_In_Person, Using_Computer/Screen,annotator,HIGH LEVEL BEHAVIOR,2022-06-07 07:41:23,2022-06-07 07:41:33
2022-06-07 17:11:41,2022-06-07 17:12:48,Meeting _Social_Gathering_In_Person, Using_Computer/Screen,annotator,HIGH LEVEL BEHAVIOR,2022-06-07 07:41:33,2022-06-07 07:42:40
2022-06-07 17:12:48,2022-06-07 17:13:09,Meeting _Social_Gathering_In_Person, Using_Computer/Screen,annotator,HIGH LEVEL BEHAVIOR,2022-06-07 07:42:40,2022-06-07 07:43:01
2022-06-07 17:13:09,2022-06-07 17:13:42,Meeting _Social_Gathering_In_Person, Using_Computer/Screen,annotator,HIGH LEVEL BEHAVIOR,2022-06-07 07:43:01,2022-06-07 07:43:34
2022-06-07 17:13:42,2022-06-07 17:14:38,Meeting _Social_Gathering_In_Person, Using_Computer/Screen,annotator,HIGH LEVEL BEHAVIOR,2022-06-07 07:43:34,2022-06-07 07:44:30
2022-06-07 17:14:38,2022-06-07 17:16:51,Meeting _Social_Gathering_In_Person, Using_Computer/Screen,annotator,HIGH LEVEL BEHAVIOR,2022-06-07 07:44:30,2022-06-07 07:46:43
2022-06-07 17:16:51,2022-06-07 17:17:04,Meeting _Social_Gathering_In_Person, Using_Computer/Screen,annotator,HIGH LEVEL BEHAVIOR,2022-06-07 07:46:43,2022-06-07 07:46:56
2022-06-07 17:17:04,2022-06-07 17:17:26,Meeting _Social_Gathering_In_Person, Using_Computer/Screen,annotator,HIGH LEVEL BEHAVIOR,2022-06-07 07:46:56,2022-06-07 07:47:18
2022-06-07 17:17:26,2022-06-07 17:17:48,Meeting _Social_Gathering_In_Person, Using_Computer/Screen,annotator,HIGH LEVEL BEHAVIOR,2022-06-07 07:47:18,2022-06-07 07:47:40
2022-06-07 17:17:48,2022-06-07 17:18:10,Meeting _Social_Gathering_In_Person, Using_Computer/Screen,annotator,HIGH LEVEL BEHAVIOR,2022-06-07 07:47:40,2022-06-07 07:48:02
2022-06-07 17:18:10,2022-06-07 17:18:25,Meeting _Social_Gathering_In_Person, Using_Computer/Screen,annotator,HIGH LEVEL BEHAVIOR,2022-06-07 07:48:02,2022-06-07 07:48:17
2022-06-07 17:18:25,2022-06-07 17:19:20,Meeting _Social_Gathering_In_Person, Using_Computer/Screen,annotator,HIGH LEVEL BEHAVIOR,2022-06-07 07:48:17,2022-06-07 07:49:12
2022-06-07 17:19:20,2022-06-07 17:19:39,Meeting _Social_Gathering_In_Person, Using_Computer/Screen,annotator,HIGH LEVEL BEHAVIOR,2022-06-07 07:49:12,2022-06-07 07:49:31
2022-06-07 17:19:39,2022-06-07 17:19:58,Meeting _Social_Gathering_In_Person, Using_Computer/Screen,annotator,HIGH LEVEL BEHAVIOR,2022-06-07 07:49:31,2022-06-07 07:49:50
2022-06-07 17:19:58,2022-06-07 17:21:26,Meeting _Social_Gathering_In_Person, Using_Computer/Screen,annotator,HIGH LEVEL BEHAVIOR,2022-06-07 07:49:50,2022-06-07 07:51:18
2022-06-07 17:21:26,2022-06-07 17:21:47,Meeting _Social_Gathering_In_Person, Using_Computer/Screen,annotator,HIGH LEVEL BEHAVIOR,2022-06-07 07:51:18,2022-06-07 07:51:39
2022-06-07 17:21:47,2022-06-07 17:22:22,Meeting _Social_Gathering_In_Person, Using_Computer/Screen,annotator,HIGH LEVEL BEHAVIOR,2022-06-07 07:51:39,2022-06-07 07:52:14
2022-06-07 17:22:22,2022-06-07 17:23:41,Meeting _Social_Gathering_In_Person, Using_Computer/Screen,annotator,HIGH LEVEL BEHAVIOR,2022-06-07 07:52:14,2022-06-07 07:53:33
2022-06-07 17:23:41,2022-06-07 17:24:17,Meeting _Social_Gathering_In_Person, Using_Computer/Screen,annotator,HIGH LEVEL BEHAVIOR,2022-06-07 07:53:33,2022-06-07 07:54:09
2022-06-07 17:24:17,2022-06-07 17:24:24,Meeting _Social_Gathering_In_Person, Using_Computer/Screen,annotator,HIGH LEVEL BEHAVIOR,2022-06-07 07:54:09,2022-06-07 07:54:16
2022-06-07 17:24:24,2022-06-07 17:26:03,Meeting _Social_Gathering_In_Person, Using_Computer/Screen,annotator,HIGH LEVEL BEHAVIOR,2022-06-07 07:54:16,2022-06-07 07:55:55
2022-06-07 17:26:03,2022-06-07 17:27:30,Meeting _Social_Gathering_In_Person, Using_Computer/Screen,annotator,HIGH LEVEL BEHAVIOR,2022-06-07 07:55:55,2022-06-07 07:57:22
2022-06-07 17:27:30,2022-06-07 17:30:10,Meeting _Social_Gathering_In_Person, Using_Computer/Screen,annotator,HIGH LEVEL BEHAVIOR,2022-06-07 07:57:22,2022-06-07 08:00:02
2022-06-07 17:30:10,2022-06-07 17:30:53,Meeting _Social_Gathering_In_Person, Using_Computer/Screen,annotator,HIGH LEVEL BEHAVIOR,2022-06-07 08:00:02,2022-06-07 08:00:45
2022-06-07 17:30:53,2022-06-07 17:31:45,Meeting _Social_Gathering_In_Person, Using_Computer/Screen,annotator,HIGH LEVEL BEHAVIOR,2022-06-07 08:00:45,2022-06-07 08:01:37
2022-06-07 17:31:45,2022-06-07 17:31:51,Meeting _Social_Gathering_In_Person, Using_Computer/Screen,annotator,HIGH LEVEL BEHAVIOR,2022-06-07 08:01:37,2022-06-07 08:01:43
2022-06-07 17:31:51,2022-06-07 17:37:45,Meeting _Social_Gathering_In_Person, Using_Computer/Screen,annotator,HIGH LEVEL BEHAVIOR,2022-06-07 08:01:43,2022-06-07 08:07:37
2022-06-07 17:37:45,2022-06-07 17:38:21,Meeting _Social_Gathering_In_Person, Using_Computer/Screen,annotator,HIGH LEVEL BEHAVIOR,2022-06-07 08:07:37,2022-06-07 08:08:13
2022-06-07 17:38:21,2022-06-07 17:42:59,Meeting _Social_Gathering_In_Person, Using_Computer/Screen,annotator,HIGH LEVEL BEHAVIOR,2022-06-07 08:08:13,2022-06-07 08:12:51
2022-06-07 17:42:59,2022-06-07 17:46:03,HLB_Indecipherable/Video_Insufficient,annotator,HIGH LEVEL BEHAVIOR,2022-06-07 08:12:51,2022-06-07 08:15:55
2022-06-07 17:46:03,2022-06-07 17:46:10,In_Transit_Active,annotator,HIGH LEVEL BEHAVIOR,2022-06-07 08:15:55,2022-06-07 08:16:02
2022-06-07 17:46:10,2022-06-07 17:46:18,Packing/Unpacking_Something,annotator,HIGH LEVEL BEHAVIOR,2022-06-07 08:16:02,2022-06-07 08:16:10
2022-06-07 17:46:18,2022-06-07 17:46:23,In_Transit_Active,annotator,HIGH LEVEL BEHAVIOR,2022-06-07 08:16:10,2022-06-07 08:16:15
2022-06-07 17:46:23,2022-06-07 17:46:42,Packing/Unpacking_Something,annotator,HIGH LEVEL BEHAVIOR,2022-06-07 08:16:15,2022-06-07 08:16:34
2022-06-07 17:46:42,2022-06-07 17:46:49,In_Transit_Active,annotator,HIGH LEVEL BEHAVIOR,2022-06-07 08:16:34,2022-06-07 08:16:41
2022-06-07 17:46:49,2022-06-07 17:46:53,Packing/Unpacking_Something,annotator,HIGH LEVEL BEHAVIOR,2022-06-07 08:16:41,2022-06-07 08:16:45
2022-06-07 17:46:53,2022-06-07 17:47:08,HLB_Indecipherable/Video_Insufficient,annotator,HIGH LEVEL BEHAVIOR,2022-06-07 08:16:45,2022-06-07 08:17:00
2022-06-07 17:47:08,2022-06-07 17:47:16,In_Transit_Active,annotator,HIGH LEVEL BEHAVIOR,2022-06-07 08:17:00,2022-06-07 08:17:08
2022-06-07 17:47:16,2022-06-07 17:48:35,Packing/Unpacking_Something,annotator,HIGH LEVEL BEHAVIOR,2022-06-07 08:17:08,2022-06-07 08:18:27
2022-06-07 17:48:38,2022-06-07 17:48:47,In_Transit_Active,annotator,HIGH LEVEL BEHAVIOR,2022-06-07 08:18:30,2022-06-07 08:18:39
2022-06-07 17:48:47,2022-06-07 17:49:09,In_Transit_Active,annotator,HIGH LEVEL BEHAVIOR,2022-06-07 08:18:39,2022-06-07 08:19:01
2022-06-07 17:49:09,2022-06-07 17:49:26,In_Transit_Active,annotator,HIGH LEVEL BEHAVIOR,2022-06-07 08:19:01,2022-06-07 08:19:18
2022-06-07 17:49:26,2022-06-07 17:51:23,In_Transit_Active,annotator,HIGH LEVEL BEHAVIOR,2022-06-07 08:19:18,2022-06-07 08:21:15
2022-06-07 17:51:23,2022-06-07 17:51:40,In_Transit_Active,annotator,HIGH LEVEL BEHAVIOR,2022-06-07 08:21:15,2022-06-07 08:21:32
2022-06-07 17:51:40,2022-06-07 17:51:59,In_Transit_Active,annotator,HIGH LEVEL BEHAVIOR,2022-06-07 08:21:32,2022-06-07 08:21:51
2022-06-07 17:51:59,2022-06-07 17:52:14,In_Transit_Active,annotator,HIGH LEVEL BEHAVIOR,2022-06-07 08:21:51,2022-06-07 08:22:06
2022-06-07 17:52:14,2022-06-07 17:52:32,In_Transit_Active,annotator,HIGH LEVEL BEHAVIOR,2022-06-07 08:22:06,2022-06-07 08:22:24
2022-06-07 17:52:32,2022-06-07 17:53:04,In_Transit_Active,annotator,HIGH LEVEL BEHAVIOR,2022-06-07 08:22:24,2022-06-07 08:22:56
2022-06-07 17:53:04,2022-06-07 17:54:48,In_Transit_Active,annotator,HIGH LEVEL BEHAVIOR,2022-06-07 08:22:56,2022-06-07 08:24:40
2022-06-07 17:54:48,2022-06-07 17:55:26,In_Transit_Active,annotator,HIGH LEVEL BEHAVIOR,2022-06-07 08:24:40,2022-06-07 08:25:18
2022-06-07 17:55:26,2022-06-07 17:56:00,In_Transit_Active,annotator,HIGH LEVEL BEHAVIOR,2022-06-07 08:25:18,2022-06-07 08:25:52
2022-06-07 17:56:00,2022-06-07 17:57:07,In_Transit_Active,annotator,HIGH LEVEL BEHAVIOR,2022-06-07 08:25:52,2022-06-07 08:26:59
2022-06-07 17:57:07,2022-06-07 17:57:31,In_Transit_Active,annotator,HIGH LEVEL BEHAVIOR,2022-06-07 08:26:59,2022-06-07 08:27:23
2022-06-07 17:57:31,2022-06-07 17:57:52,In_Transit_Active,annotator,HIGH LEVEL BEHAVIOR,2022-06-07 08:27:23,2022-06-07 08:27:44
2022-06-07 17:57:52,2022-06-07 17:58:13,Riding_Elevator_Up,annotator,HIGH LEVEL BEHAVIOR,2022-06-07 08:27:44,2022-06-07 08:28:05
2022-06-07 17:58:13,2022-06-07 17:58:20,In_Transit_Active,annotator,HIGH LEVEL BEHAVIOR,2022-06-07 08:28:05,2022-06-07 08:28:12
2022-06-07 17:58:20,2022-06-07 17:58:32,In_Transit_Active,annotator,HIGH LEVEL BEHAVIOR,2022-06-07 08:28:12,2022-06-07 08:28:24
2022-06-07 17:58:32,2022-06-07 17:58:44,In_Transit_Active, Meeting_Formal_Gathering_In_Person,annotator,HIGH LEVEL BEHAVIOR,2022-06-07 08:28:24,2022-06-07 08:28:36
2022-06-07 17:58:44,2022-06-07 17:59:06,Meeting_Formal_Gathering_In_Person,annotator,HIGH LEVEL BEHAVIOR,2022-06-07 08:28:36,2022-06-07 08:28:58
2022-06-07 17:59:06,2022-06-07 17:59:14,Meeting_Formal_Gathering_In_Person,annotator,HIGH LEVEL BEHAVIOR,2022-06-07 08:28:58,2022-06-07 08:29:06
2022-06-07 17:59:14,2022-06-07 17:59:18,Meeting_Formal_Gathering_In_Person,annotator,HIGH LEVEL BEHAVIOR,2022-06-07 08:29:06,2022-06-07 08:29:10
2022-06-07 17:59:18,2022-06-07 17:59:27,Meeting_Formal_Gathering_In_Person,annotator,HIGH LEVEL BEHAVIOR,2022-06-07 08:29:10,2022-06-07 08:29:19
2022-06-07 17:59:27,2022-06-07 18:00:27,Meeting_Formal_Gathering_In_Person, Dressing/Undressing,annotator,HIGH LEVEL BEHAVIOR,2022-06-07 08:29:19,2022-06-07 08:30:19
2022-06-07 18:00:27,2022-06-07 18:01:14,Meeting_Formal_Gathering_In_Person,annotator,HIGH LEVEL BEHAVIOR,2022-06-07 08:30:19,2022-06-07 08:31:06
2022-06-07 18:01:14,2022-06-07 18:01:20,Meeting_Formal_Gathering_In_Person,annotator,HIGH LEVEL BEHAVIOR,2022-06-07 08:31:06,2022-06-07 08:31:12
2022-06-07 18:01:20,2022-06-07 18:01:31,Meeting_Formal_Gathering_In_Person,annotator,HIGH LEVEL BEHAVIOR,2022-06-07 08:31:12,2022-06-07 08:31:23
