START_TIME,STOP_TIME,PREDICTION,SOURCE,LABELSET,VIDEO_START_TIME,VIDEO_END_TIME
2022-04-02 10:35:46,2022-04-02 10:36:20,Located_Indoors,annotator,Behavioral Parameters,2022-04-02 00:00:00,2022-04-02 00:00:34
2022-04-02 10:36:22,2022-04-02 10:36:31,Located_Indoors,annotator,Behavioral Parameters,2022-04-02 00:00:36,2022-04-02 00:00:45
2022-04-02 10:36:38,2022-04-02 10:37:43,Located_Indoors,annotator,Behavioral Parameters,2022-04-02 00:00:52,2022-04-02 00:01:57
2022-04-02 10:37:43,2022-04-02 10:38:13,Located_Indoors, Texting/Browsing_Phone,annotator,Behavioral Parameters,2022-04-02 00:01:57,2022-04-02 00:02:27
2022-04-02 10:38:14,2022-04-02 11:20:07,Located_Indoors,annotator,Behavioral Parameters,2022-04-02 00:02:28,2022-04-02 00:44:21
2022-04-02 11:20:13,2022-04-02 11:20:14,Located_Indoors,annotator,Behavioral Parameters,2022-04-02 00:44:27,2022-04-02 00:44:28
2022-04-02 11:20:14,2022-04-02 11:39:55,Located_Indoors,annotator,Behavioral Parameters,2022-04-02 00:44:28,2022-04-02 01:04:09
2022-04-02 11:40:04,2022-04-02 11:46:05,Located_Indoors,annotator,Behavioral Parameters,2022-04-02 01:04:18,2022-04-02 01:10:19
2022-04-02 11:46:07,2022-04-02 11:49:32,Located_Indoors,annotator,Behavioral Parameters,2022-04-02 01:10:21,2022-04-02 01:13:46
2022-04-02 11:49:34,2022-04-02 11:50:25,Located_Indoors, Texting/Browsing_Phone,annotator,Behavioral Parameters,2022-04-02 01:13:48,2022-04-02 01:14:39
2022-04-02 11:50:27,2022-04-02 12:20:25,Located_Indoors,annotator,Behavioral Parameters,2022-04-02 01:14:41,2022-04-02 01:44:39
2022-04-02 12:20:36,2022-04-02 12:26:11,Located_Indoors,annotator,Behavioral Parameters,2022-04-02 01:44:50,2022-04-02 01:50:25
2022-04-02 12:26:15,2022-04-02 12:27:08,Located_Indoors,annotator,Behavioral Parameters,2022-04-02 01:50:29,2022-04-02 01:51:22
2022-04-02 12:27:09,2022-04-02 12:27:42,Located_Indoors, Holding_Other_Object_Light,annotator,Behavioral Parameters,2022-04-02 01:51:23,2022-04-02 01:51:56
2022-04-02 12:27:46,2022-04-02 12:28:01,Located_Indoors, Holding_Other_Object_Light,annotator,Behavioral Parameters,2022-04-02 01:52:00,2022-04-02 01:52:15
2022-04-02 12:28:03,2022-04-02 12:28:21,Located_Indoors, Holding_Other_Object_Light,annotator,Behavioral Parameters,2022-04-02 01:52:17,2022-04-02 01:52:35
2022-04-02 12:28:25,2022-04-02 12:30:24,Located_Indoors,annotator,Behavioral Parameters,2022-04-02 01:52:39,2022-04-02 01:54:38
2022-04-02 12:30:24,2022-04-02 12:31:00,Located_Indoors,annotator,Behavioral Parameters,2022-04-02 01:54:38,2022-04-02 01:55:14
2022-04-02 12:31:00,2022-04-02 12:31:27,Located_Indoors,annotator,Behavioral Parameters,2022-04-02 01:55:14,2022-04-02 01:55:41
2022-04-02 12:31:27,2022-04-02 12:34:58,Located_Indoors,annotator,Behavioral Parameters,2022-04-02 01:55:41,2022-04-02 01:59:12
2022-04-02 12:35:00,2022-04-02 12:35:35,Located_Indoors,annotator,Behavioral Parameters,2022-04-02 01:59:14,2022-04-02 01:59:49
2022-04-02 12:35:37,2022-04-02 12:35:55,Located_Indoors,annotator,Behavioral Parameters,2022-04-02 01:59:51,2022-04-02 02:00:09
2022-04-02 12:35:57,2022-04-02 12:36:14,Located_Indoors, Holding_Drink,annotator,Behavioral Parameters,2022-04-02 02:00:11,2022-04-02 02:00:28
2022-04-02 12:36:24,2022-04-02 12:36:51,Located_Indoors, Holding_Other_Object_Light,annotator,Behavioral Parameters,2022-04-02 02:00:38,2022-04-02 02:01:05
2022-04-02 12:36:52,2022-04-02 12:37:07,Located_Indoors,annotator,Behavioral Parameters,2022-04-02 02:01:06,2022-04-02 02:01:21
2022-04-02 12:37:09,2022-04-02 12:39:11,Located_Indoors,annotator,Behavioral Parameters,2022-04-02 02:01:23,2022-04-02 02:03:25
2022-04-02 12:39:11,2022-04-02 12:39:27,Located_Indoors, Texting/Browsing_Phone,annotator,Behavioral Parameters,2022-04-02 02:03:25,2022-04-02 02:03:41
2022-04-02 12:39:29,2022-04-02 12:40:08,Located_Indoors,annotator,Behavioral Parameters,2022-04-02 02:03:43,2022-04-02 02:04:22
2022-04-02 12:40:13,2022-04-02 12:41:27,Located_Indoors, Holding_Other_Object_Light,annotator,Behavioral Parameters,2022-04-02 02:04:27,2022-04-02 02:05:41
2022-04-02 12:41:27,2022-04-02 12:42:17,Located_Indoors,annotator,Behavioral Parameters,2022-04-02 02:05:41,2022-04-02 02:06:31
2022-04-02 12:42:17,2022-04-02 12:42:54,Located_Indoors,annotator,Behavioral Parameters,2022-04-02 02:06:31,2022-04-02 02:07:08
2022-04-02 12:42:55,2022-04-02 12:43:10,Located_Indoors,annotator,Behavioral Parameters,2022-04-02 02:07:09,2022-04-02 02:07:24
2022-04-02 12:43:12,2022-04-02 12:43:16,Located_Indoors,annotator,Behavioral Parameters,2022-04-02 02:07:26,2022-04-02 02:07:30
2022-04-02 12:43:16,2022-04-02 12:43:50,Located_Indoors,annotator,Behavioral Parameters,2022-04-02 02:07:30,2022-04-02 02:08:04
2022-04-02 12:43:51,2022-04-02 12:44:05,Located_Indoors,annotator,Behavioral Parameters,2022-04-02 02:08:05,2022-04-02 02:08:19
2022-04-02 12:44:09,2022-04-02 12:45:11,Located_Outdoors,annotator,Behavioral Parameters,2022-04-02 02:08:23,2022-04-02 02:09:25
2022-04-02 12:45:12,2022-04-02 12:45:16,Located_Outdoors, Holding_Bag/BriefCase_Hand_Light,annotator,Behavioral Parameters,2022-04-02 02:09:26,2022-04-02 02:09:30
2022-04-02 12:45:16,2022-04-02 12:45:22,Located_Outdoors, Holding_Bag/BriefCase_Hand_Light,annotator,Behavioral Parameters,2022-04-02 02:09:30,2022-04-02 02:09:36
2022-04-02 12:45:23,2022-04-02 12:46:15,Located_Outdoors, Holding_Bag/BriefCase_Hand_Light,annotator,Behavioral Parameters,2022-04-02 02:09:37,2022-04-02 02:10:29
2022-04-02 12:46:17,2022-04-02 12:46:54,Located_Outdoors, Holding_Bag/BriefCase_Hand_Light, Texting/Browsing_Phone,annotator,Behavioral Parameters,2022-04-02 02:10:31,2022-04-02 02:11:08
2022-04-02 12:46:56,2022-04-02 12:51:57,Located_Outdoors, Holding_Bag/BriefCase_Hand_Light, Holding_Solid_Food,annotator,Behavioral Parameters,2022-04-02 02:11:10,2022-04-02 02:16:11
2022-04-02 12:51:59,2022-04-02 12:54:24,Located_Outdoors, Holding_Bag/BriefCase_Hand_Light, Holding_Solid_Food,annotator,Behavioral Parameters,2022-04-02 02:16:13,2022-04-02 02:18:38
2022-04-02 12:54:29,2022-04-02 12:54:54,Holding_Bag/BriefCase_Hand_Light, Holding_Other_Object_Light,annotator,Behavioral Parameters,2022-04-02 02:18:43,2022-04-02 02:19:08
2022-04-02 12:54:54,2022-04-02 12:55:21,Holding_Bag/BriefCase_Hand_Light, Holding_Other_Object_Light,annotator,Behavioral Parameters,2022-04-02 02:19:08,2022-04-02 02:19:35
2022-04-02 12:55:22,2022-04-02 12:55:55,Holding_Bag/BriefCase_Hand_Light, Holding_Other_Object_Light,annotator,Behavioral Parameters,2022-04-02 02:19:36,2022-04-02 02:20:09
2022-04-02 12:55:56,2022-04-02 12:56:26,Holding_Bag/BriefCase_Hand_Light, In_Conversation,annotator,Behavioral Parameters,2022-04-02 02:20:10,2022-04-02 02:20:40
2022-04-02 12:56:27,2022-04-02 13:01:04,In_Conversation,annotator,Behavioral Parameters,2022-04-02 02:20:41,2022-04-02 02:25:18
2022-04-02 13:01:05,2022-04-02 13:03:46,In_Conversation, Texting/Browsing_Phone,annotator,Behavioral Parameters,2022-04-02 02:25:19,2022-04-02 02:28:00
2022-04-02 13:03:47,2022-04-02 13:04:10,In_Conversation, Located_Indoors,annotator,Behavioral Parameters,2022-04-02 02:28:01,2022-04-02 02:28:24
2022-04-02 13:04:10,2022-04-02 13:04:26,In_Conversation, Located_Indoors,annotator,Behavioral Parameters,2022-04-02 02:28:24,2022-04-02 02:28:40
2022-04-02 13:04:26,2022-04-02 13:04:52,In_Conversation, Located_Indoors,annotator,Behavioral Parameters,2022-04-02 02:28:40,2022-04-02 02:29:06
2022-04-02 13:04:53,2022-04-02 13:05:09,In_Conversation, Located_Indoors,annotator,Behavioral Parameters,2022-04-02 02:29:07,2022-04-02 02:29:23
2022-04-02 13:05:09,2022-04-02 13:06:24,In_Conversation, Located_Indoors,annotator,Behavioral Parameters,2022-04-02 02:29:23,2022-04-02 02:30:38
2022-04-02 13:06:25,2022-04-02 13:06:43,In_Conversation, Located_Indoors,annotator,Behavioral Parameters,2022-04-02 02:30:39,2022-04-02 02:30:57
2022-04-02 13:06:43,2022-04-02 13:07:03,In_Conversation, Located_Indoors,annotator,Behavioral Parameters,2022-04-02 02:30:57,2022-04-02 02:31:17
2022-04-02 13:07:04,2022-04-02 13:07:24,In_Conversation, Located_Indoors,annotator,Behavioral Parameters,2022-04-02 02:31:18,2022-04-02 02:31:38
2022-04-02 13:07:30,2022-04-02 13:07:32,In_Conversation, Located_Indoors,annotator,Behavioral Parameters,2022-04-02 02:31:44,2022-04-02 02:31:46
2022-04-02 13:07:32,2022-04-02 13:11:05,In_Conversation, Located_Indoors,annotator,Behavioral Parameters,2022-04-02 02:31:46,2022-04-02 02:35:19
2022-04-02 13:11:07,2022-04-02 13:17:49,In_Conversation, Located_Indoors, Holding_Solid_Food,annotator,Behavioral Parameters,2022-04-02 02:35:21,2022-04-02 02:42:03
2022-04-02 13:17:51,2022-04-02 13:20:53,In_Conversation, Located_Indoors,annotator,Behavioral Parameters,2022-04-02 02:42:05,2022-04-02 02:45:07
2022-04-02 13:20:54,2022-04-02 13:23:45,In_Conversation, Located_Indoors, Holding_Solid_Food,annotator,Behavioral Parameters,2022-04-02 02:45:08,2022-04-02 02:47:59
2022-04-02 13:23:49,2022-04-02 13:24:04,In_Conversation, Located_Indoors,annotator,Behavioral Parameters,2022-04-02 02:48:03,2022-04-02 02:48:18
2022-04-02 13:24:08,2022-04-02 13:24:24,In_Conversation, Located_Indoors,annotator,Behavioral Parameters,2022-04-02 02:48:22,2022-04-02 02:48:38
2022-04-02 13:24:24,2022-04-02 13:25:01,In_Conversation, Located_Indoors,annotator,Behavioral Parameters,2022-04-02 02:48:38,2022-04-02 02:49:15
2022-04-02 13:25:02,2022-04-02 13:38:56,In_Conversation, Located_Indoors,annotator,Behavioral Parameters,2022-04-02 02:49:16,2022-04-02 03:03:10
2022-04-02 13:38:59,2022-04-02 13:43:57,In_Conversation, Located_Indoors,annotator,Behavioral Parameters,2022-04-02 03:03:13,2022-04-02 03:08:11
2022-04-02 13:44:09,2022-04-02 13:52:21,Located_Indoors,annotator,Behavioral Parameters,2022-04-02 03:08:23,2022-04-02 03:16:35
2022-04-02 13:52:21,2022-04-02 14:09:42,CP_VideoUnavailable/Indecipherable,annotator,Behavioral Parameters,2022-04-02 03:16:35,2022-04-02 03:33:56
2022-04-02 14:09:46,2022-04-02 14:16:06,Located_Indoors,annotator,Behavioral Parameters,2022-04-02 03:34:00,2022-04-02 03:40:20
2022-04-02 14:16:12,2022-04-02 14:16:44,Located_Indoors,annotator,Behavioral Parameters,2022-04-02 03:40:26,2022-04-02 03:40:58
2022-04-02 14:16:46,2022-04-02 14:20:12,Located_Indoors, In_Conversation,annotator,Behavioral Parameters,2022-04-02 03:41:00,2022-04-02 03:44:26
2022-04-02 14:20:14,2022-04-02 14:20:34,Located_Indoors, In_Conversation, Holding_Other_Object_Light,annotator,Behavioral Parameters,2022-04-02 03:44:28,2022-04-02 03:44:48
2022-04-02 14:20:35,2022-04-02 14:20:52,Located_Indoors, In_Conversation, Holding_Other_Object_Light,annotator,Behavioral Parameters,2022-04-02 03:44:49,2022-04-02 03:45:06
2022-04-02 14:20:53,2022-04-02 14:20:55,Located_Indoors, In_Conversation, Holding_Other_Object_Light,annotator,Behavioral Parameters,2022-04-02 03:45:07,2022-04-02 03:45:09
2022-04-02 14:20:58,2022-04-02 14:30:24,Located_Outdoors, Holding_Drink,annotator,Behavioral Parameters,2022-04-02 03:45:12,2022-04-02 03:54:38
2022-04-02 14:30:27,2022-04-02 14:30:44,Located_Indoors,annotator,Behavioral Parameters,2022-04-02 03:54:41,2022-04-02 03:54:58
2022-04-02 14:30:46,2022-04-02 14:31:22,Located_Indoors,annotator,Behavioral Parameters,2022-04-02 03:55:00,2022-04-02 03:55:36
2022-04-02 14:31:23,2022-04-02 14:32:06,Located_Indoors,annotator,Behavioral Parameters,2022-04-02 03:55:37,2022-04-02 03:56:20
2022-04-02 14:32:07,2022-04-02 14:32:52,Located_Indoors,annotator,Behavioral Parameters,2022-04-02 03:56:21,2022-04-02 03:57:06
2022-04-02 14:33:00,2022-04-02 14:38:46,Located_Indoors, Texting/Browsing_Phone,annotator,Behavioral Parameters,2022-04-02 03:57:14,2022-04-02 04:03:00
2022-04-02 14:38:47,2022-04-02 15:32:19,Located_Indoors,annotator,Behavioral Parameters,2022-04-02 04:03:01,2022-04-02 04:56:33
2022-04-02 15:32:35,2022-04-02 15:37:11,Located_Indoors, Texting/Browsing_Phone,annotator,Behavioral Parameters,2022-04-02 04:56:49,2022-04-02 05:01:25
2022-04-02 15:37:16,2022-04-02 15:52:03,Located_Indoors, Texting/Browsing_Phone,annotator,Behavioral Parameters,2022-04-02 05:01:30,2022-04-02 05:16:17
2022-04-02 15:52:09,2022-04-02 16:43:06,Located_Indoors,annotator,Behavioral Parameters,2022-04-02 05:16:23,2022-04-02 06:07:20
2022-04-02 16:43:09,2022-04-02 16:47:45,Located_Indoors,annotator,Behavioral Parameters,2022-04-02 06:07:23,2022-04-02 06:11:59
2022-04-02 16:47:52,2022-04-02 17:00:26,Located_Indoors,annotator,Behavioral Parameters,2022-04-02 06:12:06,2022-04-02 06:24:40
2022-04-02 17:00:35,2022-04-02 17:22:22,Located_Indoors,annotator,Behavioral Parameters,2022-04-02 06:24:49,2022-04-02 06:46:36
2022-04-02 17:22:28,2022-04-02 17:31:12,Located_Indoors,annotator,Behavioral Parameters,2022-04-02 06:46:42,2022-04-02 06:55:26
2022-04-02 17:31:17,2022-04-02 17:31:47,Located_Indoors, Texting/Browsing_Phone,annotator,Behavioral Parameters,2022-04-02 06:55:31,2022-04-02 06:56:01
2022-04-02 17:31:48,2022-04-02 17:32:15,Located_Indoors,annotator,Behavioral Parameters,2022-04-02 06:56:02,2022-04-02 06:56:29
2022-04-02 17:32:16,2022-04-02 17:34:24,Located_Indoors,annotator,Behavioral Parameters,2022-04-02 06:56:30,2022-04-02 06:58:38
2022-04-02 17:34:25,2022-04-02 17:38:29,Located_Indoors, Texting/Browsing_Phone,annotator,Behavioral Parameters,2022-04-02 06:58:39,2022-04-02 07:02:43
2022-04-02 17:38:31,2022-04-02 17:49:18,Located_Indoors, In_Conversation,annotator,Behavioral Parameters,2022-04-02 07:02:45,2022-04-02 07:13:32
2022-04-02 17:49:19,2022-04-02 17:49:28,Located_Indoors,annotator,Behavioral Parameters,2022-04-02 07:13:33,2022-04-02 07:13:42
2022-04-02 17:49:29,2022-04-02 18:21:32,Located_Indoors, Browsing_Computer,annotator,Behavioral Parameters,2022-04-02 07:13:43,2022-04-02 07:45:46
2022-04-02 18:21:32,2022-04-02 18:23:11,Located_Indoors, Texting/Browsing_Phone,annotator,Behavioral Parameters,2022-04-02 07:45:46,2022-04-02 07:47:25
2022-04-02 18:23:15,2022-04-02 18:36:34,CP_VideoUnavailable/Indecipherable,annotator,Behavioral Parameters,2022-04-02 07:47:29,2022-04-02 08:00:48
2022-04-02 18:36:37,2022-04-02 18:47:08,Located_Indoors, Holding_Solid_Food,annotator,Behavioral Parameters,2022-04-02 08:00:51,2022-04-02 08:11:22
2022-04-02 18:47:08,2022-04-02 18:49:15,Located_Indoors, Holding_Solid_Food, Texting/Browsing_Phone,annotator,Behavioral Parameters,2022-04-02 08:11:22,2022-04-02 08:13:29
2022-04-02 18:49:15,2022-04-02 18:49:37,Located_Indoors,annotator,Behavioral Parameters,2022-04-02 08:13:29,2022-04-02 08:13:51
2022-04-02 18:49:49,2022-04-02 19:12:08,Located_Indoors, Browsing_Computer,annotator,Behavioral Parameters,2022-04-02 08:14:03,2022-04-02 08:36:22
2022-04-02 19:12:11,2022-04-02 20:04:36,Located_Indoors,annotator,Behavioral Parameters,2022-04-02 08:36:25,2022-04-02 09:28:50
2022-04-02 20:04:39,2022-04-02 20:05:17,Located_Indoors,annotator,Behavioral Parameters,2022-04-02 09:28:53,2022-04-02 09:29:31
2022-04-02 20:05:17,2022-04-02 20:13:00,Located_Indoors, Texting/Browsing_Phone,annotator,Behavioral Parameters,2022-04-02 09:29:31,2022-04-02 09:37:14
2022-04-02 20:13:02,2022-04-02 20:15:32,Located_Indoors, Texting/Browsing_Phone,annotator,Behavioral Parameters,2022-04-02 09:37:16,2022-04-02 09:39:46
2022-04-02 20:15:36,2022-04-02 21:03:27,Located_Indoors,annotator,Behavioral Parameters,2022-04-02 09:39:50,2022-04-02 10:27:41
2022-04-02 21:03:28,2022-04-02 21:22:50,Located_Indoors,annotator,Behavioral Parameters,2022-04-02 10:27:42,2022-04-02 10:47:04
2022-04-02 21:22:53,2022-04-02 21:23:39,Located_Indoors, Browsing_Computer,annotator,Behavioral Parameters,2022-04-02 10:47:07,2022-04-02 10:47:53
2022-04-02 21:23:40,2022-04-02 21:28:31,Located_Indoors,annotator,Behavioral Parameters,2022-04-02 10:47:54,2022-04-02 10:52:45
2022-04-02 21:28:31,2022-04-02 22:35:45,Located_Indoors, In_Conversation,annotator,Behavioral Parameters,2022-04-02 10:52:45,2022-04-02 11:59:59
2022-04-02 22:35:46,2022-04-02 22:37:25,Located_Indoors,annotator,Behavioral Parameters,2022-04-02 12:00:00,2022-04-02 12:01:39
2022-04-02 22:37:26,2022-04-02 22:38:29,CP_VideoUnavailable/Indecipherable,annotator,Behavioral Parameters,2022-04-02 12:01:40,2022-04-02 12:02:43
2022-04-02 22:38:31,2022-04-02 22:40:21,Located_Indoors, Texting/Browsing_Phone,annotator,Behavioral Parameters,2022-04-02 12:02:45,2022-04-02 12:04:35
2022-04-02 22:40:21,2022-04-02 23:18:30,Located_Indoors, Browsing_Computer,annotator,Behavioral Parameters,2022-04-02 12:04:35,2022-04-02 12:42:44
2022-04-02 23:18:31,2022-04-02 23:18:56,Located_Indoors, Browsing_Computer, In_Conversation,annotator,Behavioral Parameters,2022-04-02 12:42:45,2022-04-02 12:43:10
2022-04-02 23:18:57,2022-04-02 23:26:01,Located_Indoors, Browsing_Computer,annotator,Behavioral Parameters,2022-04-02 12:43:11,2022-04-02 12:50:15
2022-04-02 23:26:03,2022-04-02 23:59:45,Located_Indoors, Browsing_Computer,annotator,Behavioral Parameters,2022-04-02 12:50:17,2022-04-02 13:23:59
2022-04-02 23:59:49,2022-04-03 00:06:43,Located_Indoors, Browsing_Computer,annotator,Behavioral Parameters,2022-04-02 13:24:03,2022-04-02 13:30:57
2022-04-03 00:06:43,2022-04-03 00:07:18,Located_Indoors, Browsing_Computer,annotator,Behavioral Parameters,2022-04-02 13:30:57,2022-04-02 13:31:32
2022-04-03 00:07:19,2022-04-03 00:09:29,Located_Indoors,annotator,Behavioral Parameters,2022-04-02 13:31:33,2022-04-02 13:33:43
2022-04-03 00:09:29,2022-04-03 00:21:36,Located_Indoors, Browsing_Computer,annotator,Behavioral Parameters,2022-04-02 13:33:43,2022-04-02 13:45:50
2022-04-03 00:21:39,2022-04-03 00:22:46,Located_Indoors,annotator,Behavioral Parameters,2022-04-02 13:45:53,2022-04-02 13:47:00
2022-04-03 00:22:48,2022-04-03 00:24:12,Located_Indoors, Browsing_Computer,annotator,Behavioral Parameters,2022-04-02 13:47:02,2022-04-02 13:48:26
2022-04-03 00:24:18,2022-04-03 00:27:42,Located_Indoors, Browsing_Computer,annotator,Behavioral Parameters,2022-04-02 13:48:32,2022-04-02 13:51:56
2022-04-03 00:27:48,2022-04-03 00:30:22,Located_Indoors, Browsing_Computer,annotator,Behavioral Parameters,2022-04-02 13:52:02,2022-04-02 13:54:36
2022-04-03 00:30:23,2022-04-03 01:28:32,Located_Indoors,annotator,Behavioral Parameters,2022-04-02 13:54:37,2022-04-02 14:52:46
2022-04-03 01:28:35,2022-04-03 01:28:59,CP_VideoUnavailable/Indecipherable,annotator,Behavioral Parameters,2022-04-02 14:52:49,2022-04-02 14:53:13
2022-04-03 01:29:00,2022-04-03 01:29:26,Located_Indoors,annotator,Behavioral Parameters,2022-04-02 14:53:14,2022-04-02 14:53:40
