START_TIME,STOP_TIME,PREDICTION,SOURCE,LABELSET,VIDEO_START_TIME,VIDEO_END_TIME
2022-06-14 11:34:56,2022-06-14 11:35:18,In_Position_Upright,annotator,POSTURE,2022-06-14 00:00:00,2022-06-14 00:00:22
2022-06-14 11:35:18,2022-06-14 11:36:24,In_Position_Upright,annotator,POSTURE,2022-06-14 00:00:22,2022-06-14 00:01:28
2022-06-14 11:36:24,2022-06-14 11:36:31,In_Position_Upright,annotator,POSTURE,2022-06-14 00:01:28,2022-06-14 00:01:35
2022-06-14 11:36:39,2022-06-14 11:36:39,In_Position_Sitting,annotator,POSTURE,2022-06-14 00:01:43,2022-06-14 00:01:43
2022-06-14 11:36:39,2022-06-14 11:39:17,In_Position_Sitting,annotator,POSTURE,2022-06-14 00:01:43,2022-06-14 00:04:21
2022-06-14 11:39:17,2022-06-14 11:42:05,In_Position_Sitting,annotator,POSTURE,2022-06-14 00:04:21,2022-06-14 00:07:09
2022-06-14 11:42:05,2022-06-14 11:42:20,In_Position_Sitting,annotator,POSTURE,2022-06-14 00:07:09,2022-06-14 00:07:24
2022-06-14 11:42:20,2022-06-14 11:43:01,In_Position_Sitting,annotator,POSTURE,2022-06-14 00:07:24,2022-06-14 00:08:05
2022-06-14 11:43:01,2022-06-14 11:49:54,In_Position_Sitting,annotator,POSTURE,2022-06-14 00:08:05,2022-06-14 00:14:58
2022-06-14 11:49:54,2022-06-14 11:56:11,In_Position_Sitting,annotator,POSTURE,2022-06-14 00:14:58,2022-06-14 00:21:15
2022-06-14 11:56:11,2022-06-14 11:57:07,In_Position_Sitting,annotator,POSTURE,2022-06-14 00:21:15,2022-06-14 00:22:11
2022-06-14 11:57:07,2022-06-14 12:00:40,In_Position_Sitting,annotator,POSTURE,2022-06-14 00:22:11,2022-06-14 00:25:44
2022-06-14 12:00:40,2022-06-14 12:02:56,In_Position_Sitting,annotator,POSTURE,2022-06-14 00:25:44,2022-06-14 00:28:00
2022-06-14 12:03:02,2022-06-14 12:03:13,In_Position_Upright,annotator,POSTURE,2022-06-14 00:28:06,2022-06-14 00:28:17
2022-06-14 12:03:13,2022-06-14 12:03:20,In_Position_Upright,annotator,POSTURE,2022-06-14 00:28:17,2022-06-14 00:28:24
2022-06-14 12:03:28,2022-06-14 12:03:28,Lying_On_Left_Side,annotator,POSTURE,2022-06-14 00:28:32,2022-06-14 00:28:32
2022-06-14 12:03:28,2022-06-14 12:27:31,Lying_On_Left_Side,annotator,POSTURE,2022-06-14 00:28:32,2022-06-14 00:52:35
2022-06-14 12:27:32,2022-06-14 12:28:17,Lying_On_Left_Side,annotator,POSTURE,2022-06-14 00:52:36,2022-06-14 00:53:21
2022-06-14 12:28:17,2022-06-14 12:33:58,Lying_On_Left_Side,annotator,POSTURE,2022-06-14 00:53:21,2022-06-14 00:59:02
2022-06-14 12:34:14,2022-06-14 12:44:32,In_Position_Reclining_Slouching,annotator,POSTURE,2022-06-14 00:59:18,2022-06-14 01:09:36
2022-06-14 12:44:32,2022-06-14 12:45:01,In_Position_Reclining_Slouching,annotator,POSTURE,2022-06-14 01:09:36,2022-06-14 01:10:05
2022-06-14 12:45:01,2022-06-14 12:46:19,In_Position_Reclining_Slouching,annotator,POSTURE,2022-06-14 01:10:05,2022-06-14 01:11:23
2022-06-14 12:46:19,2022-06-14 12:46:55,In_Position_Reclining_Slouching,annotator,POSTURE,2022-06-14 01:11:23,2022-06-14 01:11:59
2022-06-14 12:46:55,2022-06-14 12:51:45,In_Position_Reclining_Slouching,annotator,POSTURE,2022-06-14 01:11:59,2022-06-14 01:16:49
2022-06-14 12:51:45,2022-06-14 12:53:32,In_Position_Reclining_Slouching,annotator,POSTURE,2022-06-14 01:16:49,2022-06-14 01:18:36
2022-06-14 12:53:32,2022-06-14 12:56:54,In_Position_Reclining_Slouching,annotator,POSTURE,2022-06-14 01:18:36,2022-06-14 01:21:58
2022-06-14 12:56:54,2022-06-14 12:57:14,In_Position_Reclining_Slouching,annotator,POSTURE,2022-06-14 01:21:58,2022-06-14 01:22:18
2022-06-14 12:57:14,2022-06-14 12:59:20,In_Position_Reclining_Slouching,annotator,POSTURE,2022-06-14 01:22:18,2022-06-14 01:24:24
2022-06-14 12:59:20,2022-06-14 13:00:50,In_Position_Reclining_Slouching,annotator,POSTURE,2022-06-14 01:24:24,2022-06-14 01:25:54
2022-06-14 13:00:50,2022-06-14 13:02:19,In_Position_Reclining_Slouching,annotator,POSTURE,2022-06-14 01:25:54,2022-06-14 01:27:23
2022-06-14 13:02:19,2022-06-14 13:02:41,In_Position_Reclining_Slouching,annotator,POSTURE,2022-06-14 01:27:23,2022-06-14 01:27:45
2022-06-14 13:02:41,2022-06-14 13:02:47,In_Position_Reclining_Slouching,annotator,POSTURE,2022-06-14 01:27:45,2022-06-14 01:27:51
2022-06-14 13:02:47,2022-06-14 13:02:47,In_Position_Reclining_Slouching,annotator,POSTURE,2022-06-14 01:27:51,2022-06-14 01:27:51
2022-06-14 13:02:47,2022-06-14 13:04:17,In_Position_Reclining_Slouching,annotator,POSTURE,2022-06-14 01:27:51,2022-06-14 01:29:21
2022-06-14 13:04:17,2022-06-14 13:04:42,In_Position_Reclining_Slouching,annotator,POSTURE,2022-06-14 01:29:21,2022-06-14 01:29:46
2022-06-14 13:04:42,2022-06-14 13:06:06,In_Position_Reclining_Slouching,annotator,POSTURE,2022-06-14 01:29:46,2022-06-14 01:31:10
2022-06-14 13:06:06,2022-06-14 13:06:30,In_Position_Reclining_Slouching,annotator,POSTURE,2022-06-14 01:31:10,2022-06-14 01:31:34
2022-06-14 13:06:30,2022-06-14 13:08:32,In_Position_Reclining_Slouching,annotator,POSTURE,2022-06-14 01:31:34,2022-06-14 01:33:36
2022-06-14 13:08:32,2022-06-14 13:09:35,In_Position_Reclining_Slouching,annotator,POSTURE,2022-06-14 01:33:36,2022-06-14 01:34:39
2022-06-14 13:09:35,2022-06-14 13:09:49,In_Position_Reclining_Slouching,annotator,POSTURE,2022-06-14 01:34:39,2022-06-14 01:34:53
2022-06-14 13:09:49,2022-06-14 13:10:30,In_Position_Reclining_Slouching,annotator,POSTURE,2022-06-14 01:34:53,2022-06-14 01:35:34
2022-06-14 13:10:30,2022-06-14 13:15:09,In_Position_Reclining_Slouching,annotator,POSTURE,2022-06-14 01:35:34,2022-06-14 01:40:13
2022-06-14 13:15:09,2022-06-14 13:17:58,In_Position_Reclining_Slouching,annotator,POSTURE,2022-06-14 01:40:13,2022-06-14 01:43:02
2022-06-14 13:17:58,2022-06-14 13:23:29,In_Position_Reclining_Slouching,annotator,POSTURE,2022-06-14 01:43:02,2022-06-14 01:48:33
2022-06-14 13:23:29,2022-06-14 13:26:39,In_Position_Reclining_Slouching,annotator,POSTURE,2022-06-14 01:48:33,2022-06-14 01:51:43
2022-06-14 13:26:39,2022-06-14 13:28:33,In_Position_Reclining_Slouching,annotator,POSTURE,2022-06-14 01:51:43,2022-06-14 01:53:37
2022-06-14 13:28:33,2022-06-14 13:28:52,In_Position_Reclining_Slouching,annotator,POSTURE,2022-06-14 01:53:37,2022-06-14 01:53:56
2022-06-14 13:28:52,2022-06-14 13:37:53,In_Position_Reclining_Slouching,annotator,POSTURE,2022-06-14 01:53:56,2022-06-14 02:02:57
2022-06-14 13:37:53,2022-06-14 13:39:03,In_Position_Reclining_Slouching,annotator,POSTURE,2022-06-14 02:02:57,2022-06-14 02:04:07
2022-06-14 13:39:06,2022-06-14 13:39:46,In_Position_Reclining_Slouching,annotator,POSTURE,2022-06-14 02:04:10,2022-06-14 02:04:50
2022-06-14 13:39:46,2022-06-14 13:40:11,In_Position_Reclining_Slouching,annotator,POSTURE,2022-06-14 02:04:50,2022-06-14 02:05:15
2022-06-14 13:40:11,2022-06-14 13:40:49,In_Position_Reclining_Slouching,annotator,POSTURE,2022-06-14 02:05:15,2022-06-14 02:05:53
2022-06-14 13:40:49,2022-06-14 13:42:07,In_Position_Reclining_Slouching,annotator,POSTURE,2022-06-14 02:05:53,2022-06-14 02:07:11
2022-06-14 13:42:07,2022-06-14 13:42:24,In_Position_Reclining_Slouching,annotator,POSTURE,2022-06-14 02:07:11,2022-06-14 02:07:28
2022-06-14 13:42:24,2022-06-14 13:42:58,In_Position_Reclining_Slouching,annotator,POSTURE,2022-06-14 02:07:28,2022-06-14 02:08:02
2022-06-14 13:42:58,2022-06-14 13:44:03,In_Position_Reclining_Slouching,annotator,POSTURE,2022-06-14 02:08:02,2022-06-14 02:09:07
2022-06-14 13:44:03,2022-06-14 13:47:37,In_Position_Reclining_Slouching,annotator,POSTURE,2022-06-14 02:09:07,2022-06-14 02:12:41
2022-06-14 13:47:37,2022-06-14 13:50:21,In_Position_Reclining_Slouching,annotator,POSTURE,2022-06-14 02:12:41,2022-06-14 02:15:25
2022-06-14 13:50:21,2022-06-14 13:54:15,In_Position_Reclining_Slouching,annotator,POSTURE,2022-06-14 02:15:25,2022-06-14 02:19:19
2022-06-14 13:54:15,2022-06-14 13:55:37,In_Position_Reclining_Slouching,annotator,POSTURE,2022-06-14 02:19:19,2022-06-14 02:20:41
2022-06-14 13:55:37,2022-06-14 13:56:33,In_Position_Reclining_Slouching,annotator,POSTURE,2022-06-14 02:20:41,2022-06-14 02:21:37
2022-06-14 13:56:33,2022-06-14 13:58:02,In_Position_Reclining_Slouching,annotator,POSTURE,2022-06-14 02:21:37,2022-06-14 02:23:06
2022-06-14 13:58:07,2022-06-14 13:58:07,In_Position_Reclining_Slouching,annotator,POSTURE,2022-06-14 02:23:11,2022-06-14 02:23:11
2022-06-14 13:58:07,2022-06-14 13:58:20,In_Position_Reclining_Slouching,annotator,POSTURE,2022-06-14 02:23:11,2022-06-14 02:23:24
2022-06-14 13:58:20,2022-06-14 13:59:09,In_Position_Reclining_Slouching,annotator,POSTURE,2022-06-14 02:23:24,2022-06-14 02:24:13
2022-06-14 13:59:09,2022-06-14 14:01:28,In_Position_Reclining_Slouching,annotator,POSTURE,2022-06-14 02:24:13,2022-06-14 02:26:32
2022-06-14 14:01:28,2022-06-14 14:01:41,In_Position_Reclining_Slouching,annotator,POSTURE,2022-06-14 02:26:32,2022-06-14 02:26:45
2022-06-14 14:01:41,2022-06-14 14:08:59,In_Position_Reclining_Slouching,annotator,POSTURE,2022-06-14 02:26:45,2022-06-14 02:34:03
2022-06-14 14:08:59,2022-06-14 14:09:08,In_Position_Reclining_Slouching,annotator,POSTURE,2022-06-14 02:34:03,2022-06-14 02:34:12
2022-06-14 14:09:08,2022-06-14 14:10:24,In_Position_Reclining_Slouching,annotator,POSTURE,2022-06-14 02:34:12,2022-06-14 02:35:28
2022-06-14 14:10:24,2022-06-14 14:12:49,In_Position_Reclining_Slouching,annotator,POSTURE,2022-06-14 02:35:28,2022-06-14 02:37:53
2022-06-14 14:12:49,2022-06-14 14:14:41,In_Position_Reclining_Slouching,annotator,POSTURE,2022-06-14 02:37:53,2022-06-14 02:39:45
2022-06-14 14:14:41,2022-06-14 14:19:07,In_Position_Reclining_Slouching,annotator,POSTURE,2022-06-14 02:39:45,2022-06-14 02:44:11
2022-06-14 14:19:07,2022-06-14 14:23:15,In_Position_Reclining_Slouching,annotator,POSTURE,2022-06-14 02:44:11,2022-06-14 02:48:19
2022-06-14 14:23:15,2022-06-14 14:23:43,In_Position_Reclining_Slouching,annotator,POSTURE,2022-06-14 02:48:19,2022-06-14 02:48:47
2022-06-14 14:23:43,2022-06-14 14:24:25,In_Position_Reclining_Slouching,annotator,POSTURE,2022-06-14 02:48:47,2022-06-14 02:49:29
2022-06-14 14:24:25,2022-06-14 14:26:26,In_Position_Reclining_Slouching,annotator,POSTURE,2022-06-14 02:49:29,2022-06-14 02:51:30
2022-06-14 14:26:26,2022-06-14 14:26:34,In_Position_Reclining_Slouching,annotator,POSTURE,2022-06-14 02:51:30,2022-06-14 02:51:38
2022-06-14 14:26:34,2022-06-14 14:33:49,In_Position_Reclining_Slouching,annotator,POSTURE,2022-06-14 02:51:38,2022-06-14 02:58:53
2022-06-14 14:33:49,2022-06-14 14:36:41,In_Position_Reclining_Slouching,annotator,POSTURE,2022-06-14 02:58:53,2022-06-14 03:01:45
2022-06-14 14:36:41,2022-06-14 14:39:18,In_Position_Reclining_Slouching,annotator,POSTURE,2022-06-14 03:01:45,2022-06-14 03:04:22
2022-06-14 14:39:18,2022-06-14 14:41:29,In_Position_Reclining_Slouching,annotator,POSTURE,2022-06-14 03:04:22,2022-06-14 03:06:33
2022-06-14 14:41:29,2022-06-14 14:41:38,In_Position_Reclining_Slouching,annotator,POSTURE,2022-06-14 03:06:33,2022-06-14 03:06:42
2022-06-14 14:41:38,2022-06-14 14:42:27,In_Position_Reclining_Slouching,annotator,POSTURE,2022-06-14 03:06:42,2022-06-14 03:07:31
2022-06-14 14:42:27,2022-06-14 14:44:03,In_Position_Reclining_Slouching,annotator,POSTURE,2022-06-14 03:07:31,2022-06-14 03:09:07
2022-06-14 14:44:03,2022-06-14 14:44:26,In_Position_Reclining_Slouching,annotator,POSTURE,2022-06-14 03:09:07,2022-06-14 03:09:30
2022-06-14 14:44:26,2022-06-14 14:47:20,In_Position_Reclining_Slouching,annotator,POSTURE,2022-06-14 03:09:30,2022-06-14 03:12:24
2022-06-14 14:47:20,2022-06-14 14:48:46,In_Position_Reclining_Slouching,annotator,POSTURE,2022-06-14 03:12:24,2022-06-14 03:13:50
2022-06-14 14:48:46,2022-06-14 14:51:22,In_Position_Reclining_Slouching,annotator,POSTURE,2022-06-14 03:13:50,2022-06-14 03:16:26
2022-06-14 14:51:22,2022-06-14 14:52:21,In_Position_Reclining_Slouching,annotator,POSTURE,2022-06-14 03:16:26,2022-06-14 03:17:25
2022-06-14 14:52:21,2022-06-14 14:52:47,In_Position_Reclining_Slouching,annotator,POSTURE,2022-06-14 03:17:25,2022-06-14 03:17:51
2022-06-14 14:52:47,2022-06-14 14:53:03,In_Position_Reclining_Slouching,annotator,POSTURE,2022-06-14 03:17:51,2022-06-14 03:18:07
2022-06-14 14:53:06,2022-06-14 14:55:11,In_Position_Upright,annotator,POSTURE,2022-06-14 03:18:10,2022-06-14 03:20:15
2022-06-14 14:55:11,2022-06-14 14:55:21,In_Position_Upright,annotator,POSTURE,2022-06-14 03:20:15,2022-06-14 03:20:25
2022-06-14 14:55:21,2022-06-14 14:56:20,In_Position_Upright,annotator,POSTURE,2022-06-14 03:20:25,2022-06-14 03:21:24
2022-06-14 14:56:20,2022-06-14 14:56:43,In_Position_Upright,annotator,POSTURE,2022-06-14 03:21:24,2022-06-14 03:21:47
2022-06-14 14:56:43,2022-06-14 14:57:26,In_Position_Upright,annotator,POSTURE,2022-06-14 03:21:47,2022-06-14 03:22:30
2022-06-14 14:57:26,2022-06-14 14:57:38,In_Position_Upright,annotator,POSTURE,2022-06-14 03:22:30,2022-06-14 03:22:42
2022-06-14 14:57:38,2022-06-14 14:58:03,In_Position_Upright,annotator,POSTURE,2022-06-14 03:22:42,2022-06-14 03:23:07
2022-06-14 14:58:03,2022-06-14 14:58:53,In_Position_Upright,annotator,POSTURE,2022-06-14 03:23:07,2022-06-14 03:23:57
2022-06-14 14:58:53,2022-06-14 14:59:11,In_Position_Upright,annotator,POSTURE,2022-06-14 03:23:57,2022-06-14 03:24:15
2022-06-14 14:59:11,2022-06-14 14:59:24,In_Position_Upright,annotator,POSTURE,2022-06-14 03:24:15,2022-06-14 03:24:28
2022-06-14 14:59:24,2022-06-14 14:59:25,In_Position_Upright,annotator,POSTURE,2022-06-14 03:24:28,2022-06-14 03:24:29
2022-06-14 14:59:25,2022-06-14 14:59:30,In_Position_Upright,annotator,POSTURE,2022-06-14 03:24:29,2022-06-14 03:24:34
2022-06-14 14:59:32,2022-06-14 14:59:49,In_Position_Upright,annotator,POSTURE,2022-06-14 03:24:36,2022-06-14 03:24:53
2022-06-14 14:59:49,2022-06-14 14:59:59,In_Position_Upright,annotator,POSTURE,2022-06-14 03:24:53,2022-06-14 03:25:03
2022-06-14 14:59:59,2022-06-14 15:00:12,In_Position_Upright,annotator,POSTURE,2022-06-14 03:25:03,2022-06-14 03:25:16
2022-06-14 15:00:12,2022-06-14 15:00:59,In_Position_Upright,annotator,POSTURE,2022-06-14 03:25:16,2022-06-14 03:26:03
2022-06-14 15:00:59,2022-06-14 15:01:11,In_Position_Upright,annotator,POSTURE,2022-06-14 03:26:03,2022-06-14 03:26:15
2022-06-14 15:01:11,2022-06-14 15:01:53,In_Position_Upright,annotator,POSTURE,2022-06-14 03:26:15,2022-06-14 03:26:57
2022-06-14 15:01:53,2022-06-14 15:02:07,In_Position_Upright,annotator,POSTURE,2022-06-14 03:26:57,2022-06-14 03:27:11
2022-06-14 15:02:07,2022-06-14 15:02:27,In_Position_Upright,annotator,POSTURE,2022-06-14 03:27:11,2022-06-14 03:27:31
2022-06-14 15:02:27,2022-06-14 15:12:37,In_Position_Upright,annotator,POSTURE,2022-06-14 03:27:31,2022-06-14 03:37:41
2022-06-14 15:12:37,2022-06-14 15:13:30,In_Position_Upright,annotator,POSTURE,2022-06-14 03:37:41,2022-06-14 03:38:34
2022-06-14 15:13:30,2022-06-14 15:13:43,In_Position_Upright,annotator,POSTURE,2022-06-14 03:38:34,2022-06-14 03:38:47
2022-06-14 15:13:43,2022-06-14 15:14:17,In_Position_Upright,annotator,POSTURE,2022-06-14 03:38:47,2022-06-14 03:39:21
2022-06-14 15:14:17,2022-06-14 15:14:36,In_Position_Upright,annotator,POSTURE,2022-06-14 03:39:21,2022-06-14 03:39:40
2022-06-14 15:14:36,2022-06-14 15:15:02,In_Position_Upright,annotator,POSTURE,2022-06-14 03:39:40,2022-06-14 03:40:06
2022-06-14 15:15:02,2022-06-14 15:15:11,In_Position_Upright,annotator,POSTURE,2022-06-14 03:40:06,2022-06-14 03:40:15
2022-06-14 15:15:20,2022-06-14 15:15:49,In_Position_Sitting,annotator,POSTURE,2022-06-14 03:40:24,2022-06-14 03:40:53
2022-06-14 15:15:49,2022-06-14 15:16:14,In_Position_Upright,annotator,POSTURE,2022-06-14 03:40:53,2022-06-14 03:41:18
2022-06-14 15:16:14,2022-06-14 15:16:28,In_Position_Upright,annotator,POSTURE,2022-06-14 03:41:18,2022-06-14 03:41:32
2022-06-14 15:16:28,2022-06-14 15:16:53,In_Position_Upright,annotator,POSTURE,2022-06-14 03:41:32,2022-06-14 03:41:57
2022-06-14 15:16:53,2022-06-14 15:17:04,In_Position_Upright,annotator,POSTURE,2022-06-14 03:41:57,2022-06-14 03:42:08
2022-06-14 15:17:04,2022-06-14 15:17:27,In_Position_Upright,annotator,POSTURE,2022-06-14 03:42:08,2022-06-14 03:42:31
2022-06-14 15:17:27,2022-06-14 15:18:25,In_Position_Upright,annotator,POSTURE,2022-06-14 03:42:31,2022-06-14 03:43:29
2022-06-14 15:18:25,2022-06-14 15:23:16,In_Position_Sitting,annotator,POSTURE,2022-06-14 03:43:29,2022-06-14 03:48:20
2022-06-14 15:23:20,2022-06-14 15:23:47,In_Position_Upright,annotator,POSTURE,2022-06-14 03:48:24,2022-06-14 03:48:51
2022-06-14 15:23:47,2022-06-14 15:24:28,In_Position_Upright,annotator,POSTURE,2022-06-14 03:48:51,2022-06-14 03:49:32
2022-06-14 15:24:28,2022-06-14 15:25:41,In_Position_Upright,annotator,POSTURE,2022-06-14 03:49:32,2022-06-14 03:50:45
2022-06-14 15:25:41,2022-06-14 15:25:56,In_Position_Upright,annotator,POSTURE,2022-06-14 03:50:45,2022-06-14 03:51:00
2022-06-14 15:25:56,2022-06-14 15:26:31,In_Position_Upright,annotator,POSTURE,2022-06-14 03:51:00,2022-06-14 03:51:35
2022-06-14 15:26:31,2022-06-14 15:27:41,In_Position_Upright,annotator,POSTURE,2022-06-14 03:51:35,2022-06-14 03:52:45
2022-06-14 15:27:41,2022-06-14 15:29:41,In_Position_Upright,annotator,POSTURE,2022-06-14 03:52:45,2022-06-14 03:54:45
2022-06-14 15:29:41,2022-06-14 15:30:40,In_Position_Upright,annotator,POSTURE,2022-06-14 03:54:45,2022-06-14 03:55:44
2022-06-14 15:30:40,2022-06-14 15:30:49,In_Position_Upright,annotator,POSTURE,2022-06-14 03:55:44,2022-06-14 03:55:53
2022-06-14 15:30:49,2022-06-14 15:30:52,In_Position_Upright,annotator,POSTURE,2022-06-14 03:55:53,2022-06-14 03:55:56
2022-06-14 15:30:52,2022-06-14 15:31:29,In_Position_Upright,annotator,POSTURE,2022-06-14 03:55:56,2022-06-14 03:56:33
2022-06-14 15:31:29,2022-06-14 15:31:39,In_Position_Upright,annotator,POSTURE,2022-06-14 03:56:33,2022-06-14 03:56:43
2022-06-14 15:31:39,2022-06-14 15:31:42,In_Position_Upright,annotator,POSTURE,2022-06-14 03:56:43,2022-06-14 03:56:46
2022-06-14 15:31:42,2022-06-14 15:33:37,In_Position_Upright,annotator,POSTURE,2022-06-14 03:56:46,2022-06-14 03:58:41
2022-06-14 15:33:37,2022-06-14 15:33:48,In_Position_Upright,annotator,POSTURE,2022-06-14 03:58:41,2022-06-14 03:58:52
2022-06-14 15:33:48,2022-06-14 15:34:13,In_Position_Upright,annotator,POSTURE,2022-06-14 03:58:52,2022-06-14 03:59:17
2022-06-14 15:34:13,2022-06-14 15:34:20,In_Position_Upright,annotator,POSTURE,2022-06-14 03:59:17,2022-06-14 03:59:24
2022-06-14 15:34:20,2022-06-14 15:34:57,In_Position_Upright,annotator,POSTURE,2022-06-14 03:59:24,2022-06-14 04:00:01
2022-06-14 15:34:57,2022-06-14 15:35:03,In_Position_Upright,annotator,POSTURE,2022-06-14 04:00:01,2022-06-14 04:00:07
2022-06-14 15:35:03,2022-06-14 15:35:53,In_Position_Upright,annotator,POSTURE,2022-06-14 04:00:07,2022-06-14 04:00:57
2022-06-14 15:35:53,2022-06-14 15:35:59,In_Position_Upright,annotator,POSTURE,2022-06-14 04:00:57,2022-06-14 04:01:03
2022-06-14 15:36:00,2022-06-14 15:38:28,Lying_On_Left_Side,annotator,POSTURE,2022-06-14 04:01:04,2022-06-14 04:03:32
2022-06-14 15:38:32,2022-06-14 15:38:40,In_Position_Upright,annotator,POSTURE,2022-06-14 04:03:36,2022-06-14 04:03:44
2022-06-14 15:38:41,2022-06-14 15:39:24,In_Position_Upright,annotator,POSTURE,2022-06-14 04:03:45,2022-06-14 04:04:28
2022-06-14 15:39:24,2022-06-14 15:39:40,In_Position_Upright,annotator,POSTURE,2022-06-14 04:04:28,2022-06-14 04:04:44
2022-06-14 15:39:40,2022-06-14 15:40:13,In_Position_Upright,annotator,POSTURE,2022-06-14 04:04:44,2022-06-14 04:05:17
2022-06-14 15:40:20,2022-06-14 15:44:17,In_Position_Reclining_Slouching,annotator,POSTURE,2022-06-14 04:05:24,2022-06-14 04:09:21
2022-06-14 15:44:17,2022-06-14 15:44:20,In_Position_Reclining_Slouching,annotator,POSTURE,2022-06-14 04:09:21,2022-06-14 04:09:24
2022-06-14 15:44:20,2022-06-14 15:44:33,In_Position_Reclining_Slouching,annotator,POSTURE,2022-06-14 04:09:24,2022-06-14 04:09:37
2022-06-14 15:44:34,2022-06-14 15:44:34,In_Position_Upright,annotator,POSTURE,2022-06-14 04:09:38,2022-06-14 04:09:38
2022-06-14 15:44:34,2022-06-14 15:44:59,In_Position_Upright,annotator,POSTURE,2022-06-14 04:09:38,2022-06-14 04:10:03
2022-06-14 15:44:59,2022-06-14 15:45:03,In_Position_Upright,annotator,POSTURE,2022-06-14 04:10:03,2022-06-14 04:10:07
2022-06-14 15:45:03,2022-06-14 15:45:13,In_Position_Upright,annotator,POSTURE,2022-06-14 04:10:07,2022-06-14 04:10:17
2022-06-14 15:45:28,2022-06-14 16:01:03,Lying_On_Back,annotator,POSTURE,2022-06-14 04:10:32,2022-06-14 04:26:07
2022-06-14 15:45:28,2022-06-14 15:45:28,Lying_On_Back,annotator,POSTURE,2022-06-14 04:10:32,2022-06-14 04:10:32
2022-06-14 16:01:03,2022-06-14 16:04:23,Lying_On_Back,annotator,POSTURE,2022-06-14 04:26:07,2022-06-14 04:29:27
2022-06-14 16:04:23,2022-06-14 16:17:13,Lying_On_Back,annotator,POSTURE,2022-06-14 04:29:27,2022-06-14 04:42:17
2022-06-14 16:17:13,2022-06-14 16:19:41,Lying_On_Back,annotator,POSTURE,2022-06-14 04:42:17,2022-06-14 04:44:45
2022-06-14 16:19:41,2022-06-14 16:22:06,Lying_On_Back,annotator,POSTURE,2022-06-14 04:44:45,2022-06-14 04:47:10
2022-06-14 16:22:11,2022-06-14 16:23:56,Lying_On_Back,annotator,POSTURE,2022-06-14 04:47:15,2022-06-14 04:49:00
2022-06-14 16:23:56,2022-06-14 16:27:03,Lying_On_Back,annotator,POSTURE,2022-06-14 04:49:00,2022-06-14 04:52:07
2022-06-14 16:27:11,2022-06-14 16:27:43,In_Position_Reclining_Slouching,annotator,POSTURE,2022-06-14 04:52:15,2022-06-14 04:52:47
2022-06-14 16:27:43,2022-06-14 16:30:36,In_Position_Reclining_Slouching,annotator,POSTURE,2022-06-14 04:52:47,2022-06-14 04:55:40
2022-06-14 16:30:36,2022-06-14 16:37:09,Posture_Indecipherable/Video_Insufficient,annotator,POSTURE,2022-06-14 04:55:40,2022-06-14 05:02:13
2022-06-14 16:37:09,2022-06-14 16:45:41,In_Position_Reclining_Slouching,annotator,POSTURE,2022-06-14 05:02:13,2022-06-14 05:10:45
2022-06-14 16:45:47,2022-06-14 17:18:05,Lying_On_Back,annotator,POSTURE,2022-06-14 05:10:51,2022-06-14 05:43:09
2022-06-14 17:18:05,2022-06-14 17:21:16,In_Position_Reclining_Slouching,annotator,POSTURE,2022-06-14 05:43:09,2022-06-14 05:46:20
2022-06-14 17:21:16,2022-06-14 17:21:48,In_Position_Reclining_Slouching,annotator,POSTURE,2022-06-14 05:46:20,2022-06-14 05:46:52
2022-06-14 17:21:51,2022-06-14 17:24:00,In_Position_Reclining_Slouching,annotator,POSTURE,2022-06-14 05:46:55,2022-06-14 05:49:04
2022-06-14 17:24:00,2022-06-14 17:28:30,In_Position_Reclining_Slouching,annotator,POSTURE,2022-06-14 05:49:04,2022-06-14 05:53:34
2022-06-14 17:28:30,2022-06-14 17:31:22,Lying_On_Back,annotator,POSTURE,2022-06-14 05:53:34,2022-06-14 05:56:26
2022-06-14 17:31:22,2022-06-14 17:34:43,Lying_On_Back,annotator,POSTURE,2022-06-14 05:56:26,2022-06-14 05:59:47
2022-06-14 17:34:43,2022-06-14 18:04:54,Lying_On_Back,annotator,POSTURE,2022-06-14 05:59:47,2022-06-14 06:29:58
2022-06-14 18:04:54,2022-06-14 18:05:52,Lying_On_Back,annotator,POSTURE,2022-06-14 06:29:58,2022-06-14 06:30:56
2022-06-14 18:05:52,2022-06-14 18:29:09,Lying_On_Back,annotator,POSTURE,2022-06-14 06:30:56,2022-06-14 06:54:13
2022-06-14 18:29:17,2022-06-14 18:29:29,In_Position_Upright,annotator,POSTURE,2022-06-14 06:54:21,2022-06-14 06:54:33
2022-06-14 18:29:29,2022-06-14 18:29:36,In_Position_Upright,annotator,POSTURE,2022-06-14 06:54:33,2022-06-14 06:54:40
2022-06-14 18:29:36,2022-06-14 18:29:53,In_Position_Upright,annotator,POSTURE,2022-06-14 06:54:40,2022-06-14 06:54:57
2022-06-14 18:29:54,2022-06-14 18:30:32,In_Position_Upright,annotator,POSTURE,2022-06-14 06:54:58,2022-06-14 06:55:36
2022-06-14 18:30:32,2022-06-14 18:30:46,In_Position_Upright,annotator,POSTURE,2022-06-14 06:55:36,2022-06-14 06:55:50
2022-06-14 18:30:46,2022-06-14 18:31:10,In_Position_Upright,annotator,POSTURE,2022-06-14 06:55:50,2022-06-14 06:56:14
2022-06-14 18:31:10,2022-06-14 19:16:43,In_Position_Reclining_Slouching,annotator,POSTURE,2022-06-14 06:56:14,2022-06-14 07:41:47
2022-06-14 19:16:43,2022-06-14 19:17:06,In_Position_Upright,annotator,POSTURE,2022-06-14 07:41:47,2022-06-14 07:42:10
2022-06-14 19:17:06,2022-06-14 19:57:33,In_Position_Sitting,annotator,POSTURE,2022-06-14 07:42:10,2022-06-14 08:22:37
2022-06-14 19:57:33,2022-06-14 19:58:13,In_Position_Sitting,annotator,POSTURE,2022-06-14 08:22:37,2022-06-14 08:23:17
2022-06-14 19:58:13,2022-06-14 20:07:50,Posture_Indecipherable/Video_Insufficient,annotator,POSTURE,2022-06-14 08:23:17,2022-06-14 08:32:54
2022-06-14 20:07:50,2022-06-14 20:10:27,In_Position_Upright,annotator,POSTURE,2022-06-14 08:32:54,2022-06-14 08:35:31
2022-06-14 20:10:27,2022-06-14 20:10:58,In_Position_Upright,annotator,POSTURE,2022-06-14 08:35:31,2022-06-14 08:36:02
2022-06-14 20:10:58,2022-06-14 20:12:57,Posture_Indecipherable/Video_Insufficient,annotator,POSTURE,2022-06-14 08:36:02,2022-06-14 08:38:01
2022-06-14 20:12:57,2022-06-14 20:13:12,In_Position_Upright,annotator,POSTURE,2022-06-14 08:38:01,2022-06-14 08:38:16
2022-06-14 20:13:12,2022-06-14 20:13:31,Posture_Indecipherable/Video_Insufficient,annotator,POSTURE,2022-06-14 08:38:16,2022-06-14 08:38:35
2022-06-14 20:13:31,2022-06-14 20:14:00,In_Position_Upright,annotator,POSTURE,2022-06-14 08:38:35,2022-06-14 08:39:04
2022-06-14 20:14:00,2022-06-14 20:14:14,Posture_Indecipherable/Video_Insufficient,annotator,POSTURE,2022-06-14 08:39:04,2022-06-14 08:39:18
2022-06-14 20:14:14,2022-06-14 20:14:23,In_Position_Upright,annotator,POSTURE,2022-06-14 08:39:18,2022-06-14 08:39:27
2022-06-14 20:14:23,2022-06-14 20:45:16,Posture_Indecipherable/Video_Insufficient,annotator,POSTURE,2022-06-14 08:39:27,2022-06-14 09:10:20
2022-06-14 20:45:16,2022-06-14 20:45:44,In_Position_Upright,annotator,POSTURE,2022-06-14 09:10:20,2022-06-14 09:10:48
2022-06-14 20:45:44,2022-06-14 20:46:25,In_Position_Upright,annotator,POSTURE,2022-06-14 09:10:48,2022-06-14 09:11:29
2022-06-14 20:46:25,2022-06-14 20:46:50,In_Position_Upright,annotator,POSTURE,2022-06-14 09:11:29,2022-06-14 09:11:54
2022-06-14 20:46:50,2022-06-14 20:47:27,In_Position_Upright,annotator,POSTURE,2022-06-14 09:11:54,2022-06-14 09:12:31
2022-06-14 20:47:27,2022-06-14 20:48:01,In_Position_Upright,annotator,POSTURE,2022-06-14 09:12:31,2022-06-14 09:13:05
2022-06-14 20:48:01,2022-06-14 20:48:23,In_Position_Upright,annotator,POSTURE,2022-06-14 09:13:05,2022-06-14 09:13:27
2022-06-14 20:48:23,2022-06-14 20:49:48,In_Position_Upright,annotator,POSTURE,2022-06-14 09:13:27,2022-06-14 09:14:52
2022-06-14 20:49:48,2022-06-14 20:57:23,In_Position_Upright,annotator,POSTURE,2022-06-14 09:14:52,2022-06-14 09:22:27
2022-06-14 20:57:23,2022-06-14 21:01:37,In_Position_Sitting,annotator,POSTURE,2022-06-14 09:22:27,2022-06-14 09:26:41
2022-06-14 21:01:37,2022-06-14 21:02:33,In_Position_Upright,annotator,POSTURE,2022-06-14 09:26:41,2022-06-14 09:27:37
2022-06-14 21:02:33,2022-06-14 21:04:06,In_Position_Upright,annotator,POSTURE,2022-06-14 09:27:37,2022-06-14 09:29:10
2022-06-14 21:04:06,2022-06-14 21:05:23,In_Position_Upright,annotator,POSTURE,2022-06-14 09:29:10,2022-06-14 09:30:27
2022-06-14 21:05:23,2022-06-14 21:08:43,In_Position_Sitting,annotator,POSTURE,2022-06-14 09:30:27,2022-06-14 09:33:47
2022-06-14 21:08:43,2022-06-14 21:08:50,In_Position_Upright,annotator,POSTURE,2022-06-14 09:33:47,2022-06-14 09:33:54
2022-06-14 21:08:50,2022-06-14 21:10:05,In_Position_Upright,annotator,POSTURE,2022-06-14 09:33:54,2022-06-14 09:35:09
2022-06-14 21:10:05,2022-06-14 21:10:29,In_Position_Upright,annotator,POSTURE,2022-06-14 09:35:09,2022-06-14 09:35:33
2022-06-14 21:10:29,2022-06-14 21:11:44,In_Position_Upright,annotator,POSTURE,2022-06-14 09:35:33,2022-06-14 09:36:48
2022-06-14 21:11:44,2022-06-14 21:13:26,In_Position_Reclining_Slouching,annotator,POSTURE,2022-06-14 09:36:48,2022-06-14 09:38:30
2022-06-14 21:13:26,2022-06-14 21:16:47,In_Position_Reclining_Slouching,annotator,POSTURE,2022-06-14 09:38:30,2022-06-14 09:41:51
2022-06-14 21:16:47,2022-06-14 21:17:40,In_Position_Reclining_Slouching,annotator,POSTURE,2022-06-14 09:41:51,2022-06-14 09:42:44
2022-06-14 21:17:40,2022-06-14 21:30:58,In_Position_Reclining_Slouching,annotator,POSTURE,2022-06-14 09:42:44,2022-06-14 09:56:02
2022-06-14 21:30:58,2022-06-14 21:42:43,In_Position_Reclining_Slouching,annotator,POSTURE,2022-06-14 09:56:02,2022-06-14 10:07:47
2022-06-14 21:42:43,2022-06-14 21:54:44,In_Position_Reclining_Slouching,annotator,POSTURE,2022-06-14 10:07:47,2022-06-14 10:19:48
2022-06-14 21:54:44,2022-06-14 21:55:09,In_Position_Upright,annotator,POSTURE,2022-06-14 10:19:48,2022-06-14 10:20:13
2022-06-14 21:55:09,2022-06-14 21:55:30,Posture_Indecipherable/Video_Insufficient,annotator,POSTURE,2022-06-14 10:20:13,2022-06-14 10:20:34
2022-06-14 21:55:30,2022-06-14 21:57:54,In_Position_Sitting,annotator,POSTURE,2022-06-14 10:20:34,2022-06-14 10:22:58
2022-06-14 21:57:54,2022-06-14 22:00:49,Posture_Indecipherable/Video_Insufficient,annotator,POSTURE,2022-06-14 10:22:58,2022-06-14 10:25:53
2022-06-14 22:00:49,2022-06-14 22:09:49,In_Position_Sitting,annotator,POSTURE,2022-06-14 10:25:53,2022-06-14 10:34:53
2022-06-14 22:09:49,2022-06-14 22:10:48,In_Position_Upright,annotator,POSTURE,2022-06-14 10:34:53,2022-06-14 10:35:52
2022-06-14 22:10:49,2022-06-14 22:11:25,In_Position_Upright,annotator,POSTURE,2022-06-14 10:35:53,2022-06-14 10:36:29
2022-06-14 22:11:25,2022-06-14 22:12:38,In_Position_Upright,annotator,POSTURE,2022-06-14 10:36:29,2022-06-14 10:37:42
2022-06-14 22:12:38,2022-06-14 22:13:07,In_Position_Upright,annotator,POSTURE,2022-06-14 10:37:42,2022-06-14 10:38:11
2022-06-14 22:13:07,2022-06-14 22:13:47,In_Position_Upright,annotator,POSTURE,2022-06-14 10:38:11,2022-06-14 10:38:51
2022-06-14 22:13:47,2022-06-14 22:15:03,In_Position_Upright,annotator,POSTURE,2022-06-14 10:38:51,2022-06-14 10:40:07
2022-06-14 22:15:03,2022-06-14 22:15:32,In_Position_Upright,annotator,POSTURE,2022-06-14 10:40:07,2022-06-14 10:40:36
2022-06-14 22:15:32,2022-06-14 22:17:57,In_Position_Sitting,annotator,POSTURE,2022-06-14 10:40:36,2022-06-14 10:43:01
2022-06-14 22:17:57,2022-06-14 22:29:23,In_Position_Sitting,annotator,POSTURE,2022-06-14 10:43:01,2022-06-14 10:54:27
2022-06-14 22:29:27,2022-06-14 22:30:12,In_Position_Upright,annotator,POSTURE,2022-06-14 10:54:31,2022-06-14 10:55:16
2022-06-14 22:30:12,2022-06-14 22:30:26,In_Position_Upright,annotator,POSTURE,2022-06-14 10:55:16,2022-06-14 10:55:30
2022-06-14 22:30:43,2022-06-14 22:32:31,In_Position_Upright,annotator,POSTURE,2022-06-14 10:55:47,2022-06-14 10:57:35
2022-06-14 22:32:31,2022-06-14 22:50:49,In_Position_Sitting,annotator,POSTURE,2022-06-14 10:57:35,2022-06-14 11:15:53
2022-06-14 22:50:49,2022-06-14 22:51:53,In_Position_Upright,annotator,POSTURE,2022-06-14 11:15:53,2022-06-14 11:16:57
2022-06-14 22:51:53,2022-06-14 23:02:11,Lying_On_Back,annotator,POSTURE,2022-06-14 11:16:57,2022-06-14 11:27:15
2022-06-14 23:02:11,2022-06-14 23:06:33,Lying_On_Back,annotator,POSTURE,2022-06-14 11:27:15,2022-06-14 11:31:37
2022-06-14 23:06:33,2022-06-14 23:11:06,Posture_Indecipherable/Video_Insufficient,annotator,POSTURE,2022-06-14 11:31:37,2022-06-14 11:36:10
2022-06-14 23:11:06,2022-06-14 23:15:58,In_Position_Sitting,annotator,POSTURE,2022-06-14 11:36:10,2022-06-14 11:41:02
2022-06-14 23:15:58,2022-06-14 23:20:50,In_Position_Sitting,annotator,POSTURE,2022-06-14 11:41:02,2022-06-14 11:45:54
2022-06-14 23:20:50,2022-06-14 23:27:49,Lying_On_Right_Side,annotator,POSTURE,2022-06-14 11:45:54,2022-06-14 11:52:53
2022-06-14 23:27:49,2022-06-14 23:28:53,In_Position_Sitting,annotator,POSTURE,2022-06-14 11:52:53,2022-06-14 11:53:57
2022-06-14 23:28:53,2022-06-14 23:30:29,In_Position_Sitting,annotator,POSTURE,2022-06-14 11:53:57,2022-06-14 11:55:33
2022-06-14 23:30:29,2022-06-14 23:31:05,In_Position_Upright,annotator,POSTURE,2022-06-14 11:55:33,2022-06-14 11:56:09
2022-06-14 23:31:05,2022-06-14 23:33:49,In_Position_Sitting,annotator,POSTURE,2022-06-14 11:56:09,2022-06-14 11:58:53
2022-06-14 23:33:49,2022-06-14 23:38:10,In_Position_Sitting,annotator,POSTURE,2022-06-14 11:58:53,2022-06-14 12:03:14
2022-06-14 23:38:10,2022-06-15 00:10:22,In_Position_Sitting,annotator,POSTURE,2022-06-14 12:03:14,2022-06-14 12:35:26
2022-06-15 00:10:22,2022-06-15 00:35:08,Posture_Indecipherable/Video_Insufficient,annotator,POSTURE,2022-06-14 12:35:26,2022-06-14 13:00:12
2022-06-15 00:36:32,2022-06-15 00:38:38,Posture_Indecipherable/Video_Insufficient,annotator,POSTURE,2022-06-14 13:01:36,2022-06-14 13:03:42
2022-06-15 00:39:07,2022-06-15 00:39:33,Posture_Indecipherable/Video_Insufficient,annotator,POSTURE,2022-06-14 13:04:11,2022-06-14 13:04:37
2022-06-15 00:39:56,2022-06-15 00:40:47,Posture_Indecipherable/Video_Insufficient,annotator,POSTURE,2022-06-14 13:05:00,2022-06-14 13:05:51
2022-06-15 00:40:47,2022-06-15 00:42:16,Posture_Indecipherable/Video_Insufficient,annotator,POSTURE,2022-06-14 13:05:51,2022-06-14 13:07:20
2022-06-15 00:42:16,2022-06-15 00:43:01,Posture_Indecipherable/Video_Insufficient,annotator,POSTURE,2022-06-14 13:07:20,2022-06-14 13:08:05
2022-06-15 00:43:01,2022-06-15 00:44:36,Posture_Indecipherable/Video_Insufficient,annotator,POSTURE,2022-06-14 13:08:05,2022-06-14 13:09:40
2022-06-15 00:44:36,2022-06-15 00:49:12,Posture_Indecipherable/Video_Insufficient,annotator,POSTURE,2022-06-14 13:09:40,2022-06-14 13:14:16
2022-06-15 00:49:58,2022-06-15 00:51:31,Posture_Indecipherable/Video_Insufficient,annotator,POSTURE,2022-06-14 13:15:02,2022-06-14 13:16:35
2022-06-15 00:51:33,2022-06-15 01:34:38,Posture_Indecipherable/Video_Insufficient,annotator,POSTURE,2022-06-14 13:16:37,2022-06-14 13:59:42
2022-06-15 01:34:38,2022-06-15 01:35:04,Posture_Indecipherable/Video_Insufficient,annotator,POSTURE,2022-06-14 13:59:42,2022-06-14 14:00:08
2022-06-15 01:35:04,2022-06-15 01:36:50,Posture_Indecipherable/Video_Insufficient,annotator,POSTURE,2022-06-14 14:00:08,2022-06-14 14:01:54
2022-06-15 01:36:50,2022-06-15 01:37:26,Posture_Indecipherable/Video_Insufficient,annotator,POSTURE,2022-06-14 14:01:54,2022-06-14 14:02:30
2022-06-15 01:37:26,2022-06-15 02:06:47,Posture_Indecipherable/Video_Insufficient,annotator,POSTURE,2022-06-14 14:02:30,2022-06-14 14:31:51
2022-06-15 02:06:47,2022-06-15 02:08:16,Posture_Indecipherable/Video_Insufficient,annotator,POSTURE,2022-06-14 14:31:51,2022-06-14 14:33:20
2022-06-15 02:08:16,2022-06-15 02:10:02,Posture_Indecipherable/Video_Insufficient,annotator,POSTURE,2022-06-14 14:33:20,2022-06-14 14:35:06
2022-06-15 02:10:02,2022-06-15 02:11:21,Posture_Indecipherable/Video_Insufficient,annotator,POSTURE,2022-06-14 14:35:06,2022-06-14 14:36:25
2022-06-15 02:11:21,2022-06-15 02:12:46,Posture_Indecipherable/Video_Insufficient,annotator,POSTURE,2022-06-14 14:36:25,2022-06-14 14:37:50
2022-06-15 02:12:46,2022-06-15 02:14:43,In_Position_Upright,annotator,POSTURE,2022-06-14 14:37:50,2022-06-14 14:39:47
2022-06-15 02:14:43,2022-06-15 02:15:21,Posture_Indecipherable/Video_Insufficient,annotator,POSTURE,2022-06-14 14:39:47,2022-06-14 14:40:25
2022-06-15 02:15:21,2022-06-15 02:28:53,Lying_On_Back,annotator,POSTURE,2022-06-14 14:40:25,2022-06-14 14:53:57
2022-06-15 02:29:01,2022-06-15 02:33:34,Lying_On_Back,annotator,POSTURE,2022-06-14 14:54:05,2022-06-14 14:58:38
2022-06-15 02:33:34,2022-06-15 02:43:58,Lying_On_Back,annotator,POSTURE,2022-06-14 14:58:38,2022-06-14 15:09:02
2022-06-15 02:43:58,2022-06-15 02:45:08,Posture_Indecipherable/Video_Insufficient,annotator,POSTURE,2022-06-14 15:09:02,2022-06-14 15:10:12
2022-06-15 02:45:08,2022-06-15 02:53:51,Lying_On_Back,annotator,POSTURE,2022-06-14 15:10:12,2022-06-14 15:18:55
2022-06-15 02:53:51,2022-06-15 02:55:11,In_Position_Upright,annotator,POSTURE,2022-06-14 15:18:55,2022-06-14 15:20:15
2022-06-15 02:55:11,2022-06-15 02:56:36,In_Position_Upright,annotator,POSTURE,2022-06-14 15:20:15,2022-06-14 15:21:40
2022-06-15 02:56:36,2022-06-15 02:57:06,In_Position_Upright,annotator,POSTURE,2022-06-14 15:21:40,2022-06-14 15:22:10
2022-06-15 02:57:06,2022-06-15 02:57:15,Posture_Indecipherable/Video_Insufficient,annotator,POSTURE,2022-06-14 15:22:10,2022-06-14 15:22:19
