START_TIME,STOP_TIME,PREDICTION,SOURCE,LABELSET,VIDEO_START_TIME,VIDEO_END_TIME
2022-01-19 09:04:12,2022-01-19 09:05:17,Free_Living,annotator,Experimental situation,2022-01-19 00:00:06,2022-01-19 00:01:11
2022-01-19 09:05:23,2022-01-19 09:05:37,Free_Living,annotator,Experimental situation,2022-01-19 00:01:17,2022-01-19 00:01:31
2022-01-19 09:05:56,2022-01-19 09:06:07,Free_Living,annotator,Experimental situation,2022-01-19 00:01:50,2022-01-19 00:02:01
2022-01-19 09:06:09,2022-01-19 09:06:40,Free_Living,annotator,Experimental situation,2022-01-19 00:02:03,2022-01-19 00:02:34
2022-01-19 09:06:42,2022-01-19 09:07:01,Free_Living,annotator,Experimental situation,2022-01-19 00:02:36,2022-01-19 00:02:55
2022-01-19 09:07:09,2022-01-19 09:08:31,Free_Living,annotator,Experimental situation,2022-01-19 00:03:03,2022-01-19 00:04:25
2022-01-19 09:08:34,2022-01-19 10:04:50,Free_Living,annotator,Experimental situation,2022-01-19 00:04:28,2022-01-19 01:00:44
2022-01-19 10:04:52,2022-01-19 10:06:55,Free_Living,annotator,Experimental situation,2022-01-19 01:00:46,2022-01-19 01:02:49
2022-01-19 10:07:12,2022-01-19 10:08:06,Free_Living,annotator,Experimental situation,2022-01-19 01:03:06,2022-01-19 01:04:00
2022-01-19 10:08:10,2022-01-19 10:08:18,Free_Living,annotator,Experimental situation,2022-01-19 01:04:04,2022-01-19 01:04:12
2022-01-19 10:08:19,2022-01-19 10:08:59,Free_Living,annotator,Experimental situation,2022-01-19 01:04:13,2022-01-19 01:04:53
2022-01-19 10:09:01,2022-01-19 10:09:44,Free_Living,annotator,Experimental situation,2022-01-19 01:04:55,2022-01-19 01:05:38
2022-01-19 10:09:46,2022-01-19 10:10:05,Free_Living,annotator,Experimental situation,2022-01-19 01:05:40,2022-01-19 01:05:59
2022-01-19 10:10:05,2022-01-19 10:11:52,Free_Living,annotator,Experimental situation,2022-01-19 01:05:59,2022-01-19 01:07:46
2022-01-19 10:12:15,2022-01-19 10:13:20,Free_Living,annotator,Experimental situation,2022-01-19 01:08:09,2022-01-19 01:09:14
2022-01-19 10:13:33,2022-01-19 10:13:49,Free_Living,annotator,Experimental situation,2022-01-19 01:09:27,2022-01-19 01:09:43
2022-01-19 10:13:53,2022-01-19 10:23:26,Free_Living,annotator,Experimental situation,2022-01-19 01:09:47,2022-01-19 01:19:20
2022-01-19 10:23:38,2022-01-19 10:24:36,Free_Living,annotator,Experimental situation,2022-01-19 01:19:32,2022-01-19 01:20:30
2022-01-19 10:24:57,2022-01-19 10:25:04,Free_Living,annotator,Experimental situation,2022-01-19 01:20:51,2022-01-19 01:20:58
2022-01-19 10:25:17,2022-01-19 10:25:40,Free_Living,annotator,Experimental situation,2022-01-19 01:21:11,2022-01-19 01:21:34
2022-01-19 10:25:40,2022-01-19 10:26:33,Free_Living,annotator,Experimental situation,2022-01-19 01:21:34,2022-01-19 01:22:27
2022-01-19 10:26:35,2022-01-19 10:28:41,Free_Living,annotator,Experimental situation,2022-01-19 01:22:29,2022-01-19 01:24:35
2022-01-19 10:28:54,2022-01-19 10:29:34,Free_Living,annotator,Experimental situation,2022-01-19 01:24:48,2022-01-19 01:25:28
2022-01-19 10:29:40,2022-01-19 10:30:02,Free_Living,annotator,Experimental situation,2022-01-19 01:25:34,2022-01-19 01:25:56
2022-01-19 10:30:10,2022-01-19 10:31:13,Free_Living,annotator,Experimental situation,2022-01-19 01:26:04,2022-01-19 01:27:07
2022-01-19 10:31:16,2022-01-19 10:31:49,Free_Living,annotator,Experimental situation,2022-01-19 01:27:10,2022-01-19 01:27:43
2022-01-19 10:31:52,2022-01-19 10:35:12,Free_Living,annotator,Experimental situation,2022-01-19 01:27:46,2022-01-19 01:31:06
2022-01-19 10:35:21,2022-01-19 10:36:23,Free_Living,annotator,Experimental situation,2022-01-19 01:31:15,2022-01-19 01:32:17
2022-01-19 10:36:28,2022-01-19 10:38:09,Free_Living,annotator,Experimental situation,2022-01-19 01:32:22,2022-01-19 01:34:03
2022-01-19 10:38:11,2022-01-19 10:39:16,Free_Living,annotator,Experimental situation,2022-01-19 01:34:05,2022-01-19 01:35:10
2022-01-19 10:39:18,2022-01-19 10:40:56,Free_Living,annotator,Experimental situation,2022-01-19 01:35:12,2022-01-19 01:36:50
2022-01-19 10:40:58,2022-01-19 10:41:55,Free_Living,annotator,Experimental situation,2022-01-19 01:36:52,2022-01-19 01:37:49
2022-01-19 10:41:58,2022-01-19 10:44:27,Free_Living,annotator,Experimental situation,2022-01-19 01:37:52,2022-01-19 01:40:21
2022-01-19 10:44:33,2022-01-19 10:50:09,Free_Living,annotator,Experimental situation,2022-01-19 01:40:27,2022-01-19 01:46:03
2022-01-19 10:50:18,2022-01-19 10:54:46,Free_Living,annotator,Experimental situation,2022-01-19 01:46:12,2022-01-19 01:50:40
2022-01-19 10:54:50,2022-01-19 10:55:44,Free_Living,annotator,Experimental situation,2022-01-19 01:50:44,2022-01-19 01:51:38
2022-01-19 10:55:55,2022-01-19 10:56:15,Free_Living,annotator,Experimental situation,2022-01-19 01:51:49,2022-01-19 01:52:09
2022-01-19 10:56:16,2022-01-19 10:56:36,Free_Living,annotator,Experimental situation,2022-01-19 01:52:10,2022-01-19 01:52:30
2022-01-19 10:56:38,2022-01-19 10:57:22,Free_Living,annotator,Experimental situation,2022-01-19 01:52:32,2022-01-19 01:53:16
2022-01-19 10:57:27,2022-01-19 10:57:52,Free_Living,annotator,Experimental situation,2022-01-19 01:53:21,2022-01-19 01:53:46
2022-01-19 10:57:54,2022-01-19 10:58:22,Free_Living,annotator,Experimental situation,2022-01-19 01:53:48,2022-01-19 01:54:16
2022-01-19 10:58:25,2022-01-19 11:02:33,Free_Living,annotator,Experimental situation,2022-01-19 01:54:19,2022-01-19 01:58:27
2022-01-19 11:03:11,2022-01-19 11:03:47,Free_Living,annotator,Experimental situation,2022-01-19 01:59:05,2022-01-19 01:59:41
2022-01-19 11:03:53,2022-01-19 11:05:01,Free_Living,annotator,Experimental situation,2022-01-19 01:59:47,2022-01-19 02:00:55
2022-01-19 11:05:06,2022-01-19 11:06:40,Free_Living,annotator,Experimental situation,2022-01-19 02:01:00,2022-01-19 02:02:34
2022-01-19 11:06:41,2022-01-19 11:08:38,Free_Living,annotator,Experimental situation,2022-01-19 02:02:35,2022-01-19 02:04:32
2022-01-19 11:09:10,2022-01-19 11:10:04,Free_Living,annotator,Experimental situation,2022-01-19 02:05:04,2022-01-19 02:05:58
2022-01-19 11:10:40,2022-01-19 11:24:33,Free_Living,annotator,Experimental situation,2022-01-19 02:06:34,2022-01-19 02:20:27
2022-01-19 11:24:57,2022-01-19 11:27:51,Free_Living,annotator,Experimental situation,2022-01-19 02:20:51,2022-01-19 02:23:45
2022-01-19 11:27:57,2022-01-19 11:28:22,Free_Living,annotator,Experimental situation,2022-01-19 02:23:51,2022-01-19 02:24:16
2022-01-19 11:28:23,2022-01-19 11:28:26,Free_Living,annotator,Experimental situation,2022-01-19 02:24:17,2022-01-19 02:24:20
2022-01-19 11:28:27,2022-01-19 11:28:31,Free_Living,annotator,Experimental situation,2022-01-19 02:24:21,2022-01-19 02:24:25
2022-01-19 11:28:42,2022-01-19 11:28:45,Free_Living,annotator,Experimental situation,2022-01-19 02:24:36,2022-01-19 02:24:39
2022-01-19 11:28:47,2022-01-19 11:28:50,Free_Living,annotator,Experimental situation,2022-01-19 02:24:41,2022-01-19 02:24:44
2022-01-19 11:28:51,2022-01-19 11:28:53,Free_Living,annotator,Experimental situation,2022-01-19 02:24:45,2022-01-19 02:24:47
2022-01-19 11:28:55,2022-01-19 11:28:57,Free_Living,annotator,Experimental situation,2022-01-19 02:24:49,2022-01-19 02:24:51
2022-01-19 11:29:06,2022-01-19 11:29:20,Free_Living,annotator,Experimental situation,2022-01-19 02:25:00,2022-01-19 02:25:14
2022-01-19 11:29:26,2022-01-19 11:30:43,Free_Living,annotator,Experimental situation,2022-01-19 02:25:20,2022-01-19 02:26:37
2022-01-19 11:30:47,2022-01-19 11:30:50,Free_Living,annotator,Experimental situation,2022-01-19 02:26:41,2022-01-19 02:26:44
2022-01-19 11:30:52,2022-01-19 11:30:55,Free_Living,annotator,Experimental situation,2022-01-19 02:26:46,2022-01-19 02:26:49
2022-01-19 11:31:00,2022-01-19 11:31:15,Free_Living,annotator,Experimental situation,2022-01-19 02:26:54,2022-01-19 02:27:09
2022-01-19 11:31:18,2022-01-19 11:31:24,Free_Living,annotator,Experimental situation,2022-01-19 02:27:12,2022-01-19 02:27:18
2022-01-19 11:31:25,2022-01-19 11:31:49,Free_Living,annotator,Experimental situation,2022-01-19 02:27:19,2022-01-19 02:27:43
2022-01-19 11:31:50,2022-01-19 11:32:02,Free_Living,annotator,Experimental situation,2022-01-19 02:27:44,2022-01-19 02:27:56
2022-01-19 11:32:15,2022-01-19 11:32:35,Free_Living,annotator,Experimental situation,2022-01-19 02:28:09,2022-01-19 02:28:29
2022-01-19 11:32:45,2022-01-19 11:35:32,Free_Living,annotator,Experimental situation,2022-01-19 02:28:39,2022-01-19 02:31:26
2022-01-19 11:35:43,2022-01-19 11:35:47,Free_Living,annotator,Experimental situation,2022-01-19 02:31:37,2022-01-19 02:31:41
2022-01-19 11:35:52,2022-01-19 11:36:07,Free_Living,annotator,Experimental situation,2022-01-19 02:31:46,2022-01-19 02:32:01
2022-01-19 11:36:09,2022-01-19 11:36:11,Free_Living,annotator,Experimental situation,2022-01-19 02:32:03,2022-01-19 02:32:05
2022-01-19 11:36:16,2022-01-19 11:36:20,Free_Living,annotator,Experimental situation,2022-01-19 02:32:10,2022-01-19 02:32:14
2022-01-19 11:36:24,2022-01-19 11:36:28,Free_Living,annotator,Experimental situation,2022-01-19 02:32:18,2022-01-19 02:32:22
2022-01-19 11:36:32,2022-01-19 11:36:36,Free_Living,annotator,Experimental situation,2022-01-19 02:32:26,2022-01-19 02:32:30
2022-01-19 11:36:54,2022-01-19 11:37:24,Free_Living,annotator,Experimental situation,2022-01-19 02:32:48,2022-01-19 02:33:18
2022-01-19 11:37:29,2022-01-19 11:38:06,Free_Living,annotator,Experimental situation,2022-01-19 02:33:23,2022-01-19 02:34:00
2022-01-19 11:38:58,2022-01-19 11:39:49,Free_Living,annotator,Experimental situation,2022-01-19 02:34:52,2022-01-19 02:35:43
2022-01-19 11:39:50,2022-01-19 11:40:47,Free_Living,annotator,Experimental situation,2022-01-19 02:35:44,2022-01-19 02:36:41
2022-01-19 11:40:57,2022-01-19 11:41:13,Free_Living,annotator,Experimental situation,2022-01-19 02:36:51,2022-01-19 02:37:07
2022-01-19 11:41:15,2022-01-19 11:42:27,Free_Living,annotator,Experimental situation,2022-01-19 02:37:09,2022-01-19 02:38:21
2022-01-19 11:42:32,2022-01-19 11:43:05,Free_Living,annotator,Experimental situation,2022-01-19 02:38:26,2022-01-19 02:38:59
2022-01-19 11:43:35,2022-01-19 11:45:06,Free_Living,annotator,Experimental situation,2022-01-19 02:39:29,2022-01-19 02:41:00
2022-01-19 11:45:12,2022-01-19 12:48:00,Free_Living,annotator,Experimental situation,2022-01-19 02:41:06,2022-01-19 03:43:54
2022-01-19 12:48:19,2022-01-19 12:48:49,Free_Living,annotator,Experimental situation,2022-01-19 03:44:13,2022-01-19 03:44:43
2022-01-19 12:48:51,2022-01-19 12:49:27,Free_Living,annotator,Experimental situation,2022-01-19 03:44:45,2022-01-19 03:45:21
2022-01-19 12:49:41,2022-01-19 12:50:49,Free_Living,annotator,Experimental situation,2022-01-19 03:45:35,2022-01-19 03:46:43
2022-01-19 12:50:53,2022-01-19 12:53:04,Free_Living,annotator,Experimental situation,2022-01-19 03:46:47,2022-01-19 03:48:58
2022-01-19 12:53:08,2022-01-19 13:21:13,Free_Living,annotator,Experimental situation,2022-01-19 03:49:02,2022-01-19 04:17:07
2022-01-19 13:21:22,2022-01-19 13:21:52,Free_Living,annotator,Experimental situation,2022-01-19 04:17:16,2022-01-19 04:17:46
2022-01-19 13:21:54,2022-01-19 13:22:15,Free_Living,annotator,Experimental situation,2022-01-19 04:17:48,2022-01-19 04:18:09
2022-01-19 13:22:16,2022-01-19 13:22:20,Free_Living,annotator,Experimental situation,2022-01-19 04:18:10,2022-01-19 04:18:14
2022-01-19 13:22:22,2022-01-19 13:22:25,Free_Living,annotator,Experimental situation,2022-01-19 04:18:16,2022-01-19 04:18:19
2022-01-19 13:22:29,2022-01-19 13:22:33,Free_Living,annotator,Experimental situation,2022-01-19 04:18:23,2022-01-19 04:18:27
2022-01-19 13:22:35,2022-01-19 13:22:40,Free_Living,annotator,Experimental situation,2022-01-19 04:18:29,2022-01-19 04:18:34
2022-01-19 13:22:41,2022-01-19 13:22:47,Free_Living,annotator,Experimental situation,2022-01-19 04:18:35,2022-01-19 04:18:41
2022-01-19 13:22:48,2022-01-19 13:22:57,Free_Living,annotator,Experimental situation,2022-01-19 04:18:42,2022-01-19 04:18:51
2022-01-19 13:22:58,2022-01-19 13:23:03,Free_Living,annotator,Experimental situation,2022-01-19 04:18:52,2022-01-19 04:18:57
2022-01-19 13:23:07,2022-01-19 13:23:32,Free_Living,annotator,Experimental situation,2022-01-19 04:19:01,2022-01-19 04:19:26
2022-01-19 13:23:33,2022-01-19 13:23:53,Free_Living,annotator,Experimental situation,2022-01-19 04:19:27,2022-01-19 04:19:47
2022-01-19 13:23:55,2022-01-19 13:24:25,Free_Living,annotator,Experimental situation,2022-01-19 04:19:49,2022-01-19 04:20:19
2022-01-19 13:24:26,2022-01-19 13:25:00,Free_Living,annotator,Experimental situation,2022-01-19 04:20:20,2022-01-19 04:20:54
2022-01-19 13:25:00,2022-01-19 13:25:04,Free_Living,annotator,Experimental situation,2022-01-19 04:20:54,2022-01-19 04:20:58
2022-01-19 13:25:05,2022-01-19 13:26:35,Free_Living,annotator,Experimental situation,2022-01-19 04:20:59,2022-01-19 04:22:29
2022-01-19 13:26:39,2022-01-19 13:27:27,Free_Living,annotator,Experimental situation,2022-01-19 04:22:33,2022-01-19 04:23:21
2022-01-19 13:27:31,2022-01-19 13:27:46,Free_Living,annotator,Experimental situation,2022-01-19 04:23:25,2022-01-19 04:23:40
2022-01-19 13:27:50,2022-01-19 13:28:17,Free_Living,annotator,Experimental situation,2022-01-19 04:23:44,2022-01-19 04:24:11
2022-01-19 13:28:22,2022-01-19 13:28:54,Free_Living,annotator,Experimental situation,2022-01-19 04:24:16,2022-01-19 04:24:48
2022-01-19 13:29:00,2022-01-19 13:29:18,Free_Living,annotator,Experimental situation,2022-01-19 04:24:54,2022-01-19 04:25:12
2022-01-19 13:29:22,2022-01-19 13:30:50,Free_Living,annotator,Experimental situation,2022-01-19 04:25:16,2022-01-19 04:26:44
2022-01-19 13:30:56,2022-01-19 13:31:46,Free_Living,annotator,Experimental situation,2022-01-19 04:26:50,2022-01-19 04:27:40
2022-01-19 13:31:52,2022-01-19 13:31:55,Free_Living,annotator,Experimental situation,2022-01-19 04:27:46,2022-01-19 04:27:49
2022-01-19 13:31:56,2022-01-19 13:32:17,Free_Living,annotator,Experimental situation,2022-01-19 04:27:50,2022-01-19 04:28:11
2022-01-19 13:32:22,2022-01-19 13:32:33,Free_Living,annotator,Experimental situation,2022-01-19 04:28:16,2022-01-19 04:28:27
2022-01-19 13:32:47,2022-01-19 13:33:07,Free_Living,annotator,Experimental situation,2022-01-19 04:28:41,2022-01-19 04:29:01
2022-01-19 13:33:10,2022-01-19 13:33:57,Free_Living,annotator,Experimental situation,2022-01-19 04:29:04,2022-01-19 04:29:51
2022-01-19 13:34:10,2022-01-19 13:34:15,Free_Living,annotator,Experimental situation,2022-01-19 04:30:04,2022-01-19 04:30:09
2022-01-19 13:34:16,2022-01-19 13:34:21,Free_Living,annotator,Experimental situation,2022-01-19 04:30:10,2022-01-19 04:30:15
2022-01-19 13:34:23,2022-01-19 13:34:29,Free_Living,annotator,Experimental situation,2022-01-19 04:30:17,2022-01-19 04:30:23
2022-01-19 13:34:30,2022-01-19 13:34:35,Free_Living,annotator,Experimental situation,2022-01-19 04:30:24,2022-01-19 04:30:29
2022-01-19 13:34:38,2022-01-19 13:34:47,Free_Living,annotator,Experimental situation,2022-01-19 04:30:32,2022-01-19 04:30:41
2022-01-19 13:34:51,2022-01-19 13:34:54,Free_Living,annotator,Experimental situation,2022-01-19 04:30:45,2022-01-19 04:30:48
2022-01-19 13:35:06,2022-01-19 13:35:50,Free_Living,annotator,Experimental situation,2022-01-19 04:31:00,2022-01-19 04:31:44
2022-01-19 13:36:00,2022-01-19 13:37:10,Free_Living,annotator,Experimental situation,2022-01-19 04:31:54,2022-01-19 04:33:04
2022-01-19 13:37:18,2022-01-19 13:37:31,Free_Living,annotator,Experimental situation,2022-01-19 04:33:12,2022-01-19 04:33:25
2022-01-19 13:37:37,2022-01-19 13:40:59,Free_Living,annotator,Experimental situation,2022-01-19 04:33:31,2022-01-19 04:36:53
2022-01-19 13:41:07,2022-01-19 13:41:25,Free_Living,annotator,Experimental situation,2022-01-19 04:37:01,2022-01-19 04:37:19
2022-01-19 13:41:28,2022-01-19 13:41:37,Free_Living,annotator,Experimental situation,2022-01-19 04:37:22,2022-01-19 04:37:31
2022-01-19 13:41:39,2022-01-19 13:41:54,Free_Living,annotator,Experimental situation,2022-01-19 04:37:33,2022-01-19 04:37:48
2022-01-19 13:41:56,2022-01-19 13:42:02,Free_Living,annotator,Experimental situation,2022-01-19 04:37:50,2022-01-19 04:37:56
2022-01-19 13:42:04,2022-01-19 13:42:15,Free_Living,annotator,Experimental situation,2022-01-19 04:37:58,2022-01-19 04:38:09
2022-01-19 13:42:16,2022-01-19 13:45:51,Free_Living,annotator,Experimental situation,2022-01-19 04:38:10,2022-01-19 04:41:45
2022-01-19 13:45:55,2022-01-19 13:46:13,Free_Living,annotator,Experimental situation,2022-01-19 04:41:49,2022-01-19 04:42:07
2022-01-19 13:46:15,2022-01-19 13:46:35,Free_Living,annotator,Experimental situation,2022-01-19 04:42:09,2022-01-19 04:42:29
2022-01-19 13:46:36,2022-01-19 13:46:49,Free_Living,annotator,Experimental situation,2022-01-19 04:42:30,2022-01-19 04:42:43
2022-01-19 13:46:52,2022-01-19 13:47:15,Free_Living,annotator,Experimental situation,2022-01-19 04:42:46,2022-01-19 04:43:09
2022-01-19 13:47:21,2022-01-19 13:48:22,Free_Living,annotator,Experimental situation,2022-01-19 04:43:15,2022-01-19 04:44:16
2022-01-19 13:48:25,2022-01-19 13:49:59,Free_Living,annotator,Experimental situation,2022-01-19 04:44:19,2022-01-19 04:45:53
2022-01-19 13:50:02,2022-01-19 13:50:25,Free_Living,annotator,Experimental situation,2022-01-19 04:45:56,2022-01-19 04:46:19
2022-01-19 13:50:32,2022-01-19 13:50:55,Free_Living,annotator,Experimental situation,2022-01-19 04:46:26,2022-01-19 04:46:49
2022-01-19 13:51:07,2022-01-19 13:51:47,Free_Living,annotator,Experimental situation,2022-01-19 04:47:01,2022-01-19 04:47:41
2022-01-19 13:51:51,2022-01-19 13:52:13,Free_Living,annotator,Experimental situation,2022-01-19 04:47:45,2022-01-19 04:48:07
2022-01-19 13:52:42,2022-01-19 13:54:56,Free_Living,annotator,Experimental situation,2022-01-19 04:48:36,2022-01-19 04:50:50
2022-01-19 13:55:12,2022-01-19 13:58:29,Free_Living,annotator,Experimental situation,2022-01-19 04:51:06,2022-01-19 04:54:23
2022-01-19 13:58:30,2022-01-19 13:58:41,Free_Living,annotator,Experimental situation,2022-01-19 04:54:24,2022-01-19 04:54:35
2022-01-19 13:58:43,2022-01-19 13:59:47,Free_Living,annotator,Experimental situation,2022-01-19 04:54:37,2022-01-19 04:55:41
2022-01-19 13:59:51,2022-01-19 14:02:13,Free_Living,annotator,Experimental situation,2022-01-19 04:55:45,2022-01-19 04:58:07
2022-01-19 14:02:21,2022-01-19 14:03:55,Free_Living,annotator,Experimental situation,2022-01-19 04:58:15,2022-01-19 04:59:49
2022-01-19 14:03:58,2022-01-19 14:05:08,Free_Living,annotator,Experimental situation,2022-01-19 04:59:52,2022-01-19 05:01:02
2022-01-19 14:05:09,2022-01-19 14:06:22,Free_Living,annotator,Experimental situation,2022-01-19 05:01:03,2022-01-19 05:02:16
2022-01-19 14:06:24,2022-01-19 14:06:48,Free_Living,annotator,Experimental situation,2022-01-19 05:02:18,2022-01-19 05:02:42
2022-01-19 14:06:56,2022-01-19 14:07:34,Free_Living,annotator,Experimental situation,2022-01-19 05:02:50,2022-01-19 05:03:28
2022-01-19 14:07:46,2022-01-19 14:10:09,Free_Living,annotator,Experimental situation,2022-01-19 05:03:40,2022-01-19 05:06:03
2022-01-19 14:10:11,2022-01-19 14:10:47,Free_Living,annotator,Experimental situation,2022-01-19 05:06:05,2022-01-19 05:06:41
2022-01-19 14:10:51,2022-01-19 14:15:05,Free_Living,annotator,Experimental situation,2022-01-19 05:06:45,2022-01-19 05:10:59
2022-01-19 14:15:11,2022-01-19 14:15:25,Free_Living,annotator,Experimental situation,2022-01-19 05:11:05,2022-01-19 05:11:19
2022-01-19 14:15:32,2022-01-19 14:18:16,Free_Living,annotator,Experimental situation,2022-01-19 05:11:26,2022-01-19 05:14:10
2022-01-19 14:18:18,2022-01-19 14:22:05,Free_Living,annotator,Experimental situation,2022-01-19 05:14:12,2022-01-19 05:17:59
2022-01-19 14:22:09,2022-01-19 14:29:56,Free_Living,annotator,Experimental situation,2022-01-19 05:18:03,2022-01-19 05:25:50
2022-01-19 14:29:58,2022-01-19 14:33:41,Free_Living,annotator,Experimental situation,2022-01-19 05:25:52,2022-01-19 05:29:35
2022-01-19 14:33:47,2022-01-19 14:33:56,Free_Living,annotator,Experimental situation,2022-01-19 05:29:41,2022-01-19 05:29:50
2022-01-19 14:34:00,2022-01-19 14:34:59,Free_Living,annotator,Experimental situation,2022-01-19 05:29:54,2022-01-19 05:30:53
2022-01-19 14:35:02,2022-01-19 14:35:32,Free_Living,annotator,Experimental situation,2022-01-19 05:30:56,2022-01-19 05:31:26
2022-01-19 14:35:33,2022-01-19 14:35:48,Free_Living,annotator,Experimental situation,2022-01-19 05:31:27,2022-01-19 05:31:42
2022-01-19 14:37:26,2022-01-19 14:38:38,Free_Living,annotator,Experimental situation,2022-01-19 05:33:20,2022-01-19 05:34:32
2022-01-19 14:38:53,2022-01-19 14:38:57,Free_Living,annotator,Experimental situation,2022-01-19 05:34:47,2022-01-19 05:34:51
2022-01-19 14:38:58,2022-01-19 14:39:03,Free_Living,annotator,Experimental situation,2022-01-19 05:34:52,2022-01-19 05:34:57
2022-01-19 14:39:04,2022-01-19 14:39:05,Free_Living,annotator,Experimental situation,2022-01-19 05:34:58,2022-01-19 05:34:59
2022-01-19 14:39:07,2022-01-19 14:39:11,Free_Living,annotator,Experimental situation,2022-01-19 05:35:01,2022-01-19 05:35:05
2022-01-19 14:39:15,2022-01-19 14:39:19,Free_Living,annotator,Experimental situation,2022-01-19 05:35:09,2022-01-19 05:35:13
2022-01-19 14:39:24,2022-01-19 14:39:28,Free_Living,annotator,Experimental situation,2022-01-19 05:35:18,2022-01-19 05:35:22
2022-01-19 14:39:30,2022-01-19 14:39:50,Free_Living,annotator,Experimental situation,2022-01-19 05:35:24,2022-01-19 05:35:44
2022-01-19 14:39:51,2022-01-19 14:40:03,Free_Living,annotator,Experimental situation,2022-01-19 05:35:45,2022-01-19 05:35:57
2022-01-19 14:40:04,2022-01-19 14:40:07,Free_Living,annotator,Experimental situation,2022-01-19 05:35:58,2022-01-19 05:36:01
2022-01-19 14:40:07,2022-01-19 14:41:43,Free_Living,annotator,Experimental situation,2022-01-19 05:36:01,2022-01-19 05:37:37
2022-01-19 14:41:50,2022-01-19 14:42:47,Free_Living,annotator,Experimental situation,2022-01-19 05:37:44,2022-01-19 05:38:41
2022-01-19 14:42:48,2022-01-19 14:42:52,Free_Living,annotator,Experimental situation,2022-01-19 05:38:42,2022-01-19 05:38:46
2022-01-19 14:42:53,2022-01-19 14:42:58,Free_Living,annotator,Experimental situation,2022-01-19 05:38:47,2022-01-19 05:38:52
2022-01-19 14:42:59,2022-01-19 14:43:45,Free_Living,annotator,Experimental situation,2022-01-19 05:38:53,2022-01-19 05:39:39
2022-01-19 14:43:47,2022-01-19 14:44:26,Free_Living,annotator,Experimental situation,2022-01-19 05:39:41,2022-01-19 05:40:20
2022-01-19 14:44:41,2022-01-19 14:44:59,Free_Living,annotator,Experimental situation,2022-01-19 05:40:35,2022-01-19 05:40:53
2022-01-19 14:45:00,2022-01-19 14:45:30,Free_Living,annotator,Experimental situation,2022-01-19 05:40:54,2022-01-19 05:41:24
2022-01-19 14:45:44,2022-01-19 14:47:31,Free_Living,annotator,Experimental situation,2022-01-19 05:41:38,2022-01-19 05:43:25
2022-01-19 14:47:35,2022-01-19 14:48:02,Free_Living,annotator,Experimental situation,2022-01-19 05:43:29,2022-01-19 05:43:56
2022-01-19 14:48:04,2022-01-19 14:49:39,Free_Living,annotator,Experimental situation,2022-01-19 05:43:58,2022-01-19 05:45:33
2022-01-19 14:50:10,2022-01-19 15:45:42,Free_Living,annotator,Experimental situation,2022-01-19 05:46:04,2022-01-19 06:41:36
2022-01-19 15:46:04,2022-01-19 15:47:06,Free_Living,annotator,Experimental situation,2022-01-19 06:41:58,2022-01-19 06:43:00
2022-01-19 15:47:11,2022-01-19 15:47:51,Free_Living,annotator,Experimental situation,2022-01-19 06:43:05,2022-01-19 06:43:45
2022-01-19 15:47:53,2022-01-19 15:48:02,Free_Living,annotator,Experimental situation,2022-01-19 06:43:47,2022-01-19 06:43:56
2022-01-19 15:48:04,2022-01-19 15:49:06,Free_Living,annotator,Experimental situation,2022-01-19 06:43:58,2022-01-19 06:45:00
2022-01-19 15:49:11,2022-01-19 15:49:21,Free_Living,annotator,Experimental situation,2022-01-19 06:45:05,2022-01-19 06:45:15
2022-01-19 15:49:40,2022-01-19 15:52:47,Free_Living,annotator,Experimental situation,2022-01-19 06:45:34,2022-01-19 06:48:41
2022-01-19 15:53:08,2022-01-19 15:53:58,Free_Living,annotator,Experimental situation,2022-01-19 06:49:02,2022-01-19 06:49:52
2022-01-19 15:54:18,2022-01-19 15:54:48,Free_Living,annotator,Experimental situation,2022-01-19 06:50:12,2022-01-19 06:50:42
2022-01-19 15:55:18,2022-01-19 15:56:28,Free_Living,annotator,Experimental situation,2022-01-19 06:51:12,2022-01-19 06:52:22
2022-01-19 15:56:40,2022-01-19 15:57:20,Free_Living,annotator,Experimental situation,2022-01-19 06:52:34,2022-01-19 06:53:14
2022-01-19 15:57:53,2022-01-19 15:58:03,Free_Living,annotator,Experimental situation,2022-01-19 06:53:47,2022-01-19 06:53:57
2022-01-19 15:58:33,2022-01-19 15:59:33,Free_Living,annotator,Experimental situation,2022-01-19 06:54:27,2022-01-19 06:55:27
2022-01-19 15:59:48,2022-01-19 16:00:38,Free_Living,annotator,Experimental situation,2022-01-19 06:55:42,2022-01-19 06:56:32
2022-01-19 16:00:48,2022-01-19 16:01:18,Free_Living,annotator,Experimental situation,2022-01-19 06:56:42,2022-01-19 06:57:12
2022-01-19 16:01:27,2022-01-19 16:03:17,Free_Living,annotator,Experimental situation,2022-01-19 06:57:21,2022-01-19 06:59:11
2022-01-19 16:03:31,2022-01-19 16:03:33,Free_Living,annotator,Experimental situation,2022-01-19 06:59:25,2022-01-19 06:59:27
2022-01-19 16:03:36,2022-01-19 16:03:40,Free_Living,annotator,Experimental situation,2022-01-19 06:59:30,2022-01-19 06:59:34
2022-01-19 16:03:43,2022-01-19 16:03:46,Free_Living,annotator,Experimental situation,2022-01-19 06:59:37,2022-01-19 06:59:40
2022-01-19 16:03:51,2022-01-19 16:04:07,Free_Living,annotator,Experimental situation,2022-01-19 06:59:45,2022-01-19 07:00:01
2022-01-19 16:04:07,2022-01-19 16:04:21,Free_Living,annotator,Experimental situation,2022-01-19 07:00:01,2022-01-19 07:00:15
2022-01-19 16:04:22,2022-01-19 16:07:33,Free_Living,annotator,Experimental situation,2022-01-19 07:00:16,2022-01-19 07:03:27
2022-01-19 16:08:27,2022-01-19 16:09:07,Free_Living,annotator,Experimental situation,2022-01-19 07:04:21,2022-01-19 07:05:01
2022-01-19 16:09:20,2022-01-19 16:09:32,Free_Living,annotator,Experimental situation,2022-01-19 07:05:14,2022-01-19 07:05:26
2022-01-19 16:09:37,2022-01-19 16:12:01,Free_Living,annotator,Experimental situation,2022-01-19 07:05:31,2022-01-19 07:07:55
2022-01-19 16:12:03,2022-01-19 16:12:37,Free_Living,annotator,Experimental situation,2022-01-19 07:07:57,2022-01-19 07:08:31
2022-01-19 16:12:38,2022-01-19 16:13:05,Free_Living,annotator,Experimental situation,2022-01-19 07:08:32,2022-01-19 07:08:59
2022-01-19 16:13:07,2022-01-19 16:13:43,Free_Living,annotator,Experimental situation,2022-01-19 07:09:01,2022-01-19 07:09:37
2022-01-19 16:13:44,2022-01-19 16:14:08,Free_Living,annotator,Experimental situation,2022-01-19 07:09:38,2022-01-19 07:10:02
2022-01-19 16:14:20,2022-01-19 16:14:36,Free_Living,annotator,Experimental situation,2022-01-19 07:10:14,2022-01-19 07:10:30
2022-01-19 16:14:37,2022-01-19 16:15:06,Free_Living,annotator,Experimental situation,2022-01-19 07:10:31,2022-01-19 07:11:00
2022-01-19 16:15:22,2022-01-19 16:17:22,Free_Living,annotator,Experimental situation,2022-01-19 07:11:16,2022-01-19 07:13:16
2022-01-19 16:17:32,2022-01-19 16:18:58,Free_Living,annotator,Experimental situation,2022-01-19 07:13:26,2022-01-19 07:14:52
2022-01-19 16:19:32,2022-01-19 16:21:04,Free_Living,annotator,Experimental situation,2022-01-19 07:15:26,2022-01-19 07:16:58
2022-01-19 16:21:06,2022-01-19 16:21:30,Free_Living,annotator,Experimental situation,2022-01-19 07:17:00,2022-01-19 07:17:24
2022-01-19 16:21:35,2022-01-19 16:27:21,Free_Living,annotator,Experimental situation,2022-01-19 07:17:29,2022-01-19 07:23:15
2022-01-19 16:29:38,2022-01-19 16:32:23,Free_Living,annotator,Experimental situation,2022-01-19 07:25:32,2022-01-19 07:28:17
2022-01-19 16:33:02,2022-01-19 16:34:23,Free_Living,annotator,Experimental situation,2022-01-19 07:28:56,2022-01-19 07:30:17
2022-01-19 16:34:27,2022-01-19 16:34:56,Free_Living,annotator,Experimental situation,2022-01-19 07:30:21,2022-01-19 07:30:50
2022-01-19 16:34:58,2022-01-19 16:38:08,Free_Living,annotator,Experimental situation,2022-01-19 07:30:52,2022-01-19 07:34:02
2022-01-19 16:38:26,2022-01-19 16:41:29,Free_Living,annotator,Experimental situation,2022-01-19 07:34:20,2022-01-19 07:37:23
2022-01-19 16:41:51,2022-01-19 16:42:37,Free_Living,annotator,Experimental situation,2022-01-19 07:37:45,2022-01-19 07:38:31
2022-01-19 16:42:39,2022-01-19 16:45:01,Free_Living,annotator,Experimental situation,2022-01-19 07:38:33,2022-01-19 07:40:55
2022-01-19 16:45:03,2022-01-19 16:48:31,Free_Living,annotator,Experimental situation,2022-01-19 07:40:57,2022-01-19 07:44:25
2022-01-19 16:48:43,2022-01-19 16:49:50,Free_Living,annotator,Experimental situation,2022-01-19 07:44:37,2022-01-19 07:45:44
2022-01-19 16:49:54,2022-01-19 17:00:59,Free_Living,annotator,Experimental situation,2022-01-19 07:45:48,2022-01-19 07:56:53
2022-01-19 17:01:11,2022-01-19 17:02:33,Free_Living,annotator,Experimental situation,2022-01-19 07:57:05,2022-01-19 07:58:27
2022-01-19 17:02:36,2022-01-19 17:15:36,Free_Living,annotator,Experimental situation,2022-01-19 07:58:30,2022-01-19 08:11:30
2022-01-19 17:15:54,2022-01-19 17:18:00,Free_Living,annotator,Experimental situation,2022-01-19 08:11:48,2022-01-19 08:13:54
2022-01-19 17:18:03,2022-01-19 17:18:10,Free_Living,annotator,Experimental situation,2022-01-19 08:13:57,2022-01-19 08:14:04
2022-01-19 17:18:13,2022-01-19 17:26:47,Free_Living,annotator,Experimental situation,2022-01-19 08:14:07,2022-01-19 08:22:41
2022-01-19 17:27:10,2022-01-19 17:30:42,Free_Living,annotator,Experimental situation,2022-01-19 08:23:04,2022-01-19 08:26:36
2022-01-19 17:30:59,2022-01-19 17:31:18,Free_Living,annotator,Experimental situation,2022-01-19 08:26:53,2022-01-19 08:27:12
2022-01-19 17:31:24,2022-01-19 17:32:27,Free_Living,annotator,Experimental situation,2022-01-19 08:27:18,2022-01-19 08:28:21
2022-01-19 17:32:59,2022-01-19 17:33:40,Free_Living,annotator,Experimental situation,2022-01-19 08:28:53,2022-01-19 08:29:34
2022-01-19 17:33:49,2022-01-19 17:35:06,Free_Living,annotator,Experimental situation,2022-01-19 08:29:43,2022-01-19 08:31:00
2022-01-19 17:35:10,2022-01-19 17:35:49,Free_Living,annotator,Experimental situation,2022-01-19 08:31:04,2022-01-19 08:31:43
2022-01-19 17:36:02,2022-01-19 17:36:44,Free_Living,annotator,Experimental situation,2022-01-19 08:31:56,2022-01-19 08:32:38
2022-01-19 17:36:46,2022-01-19 17:37:07,Free_Living,annotator,Experimental situation,2022-01-19 08:32:40,2022-01-19 08:33:01
2022-01-19 17:37:11,2022-01-19 17:59:26,Free_Living,annotator,Experimental situation,2022-01-19 08:33:05,2022-01-19 08:55:20
2022-01-19 17:59:27,2022-01-19 18:00:07,Free_Living,annotator,Experimental situation,2022-01-19 08:55:21,2022-01-19 08:56:01
2022-01-19 18:00:10,2022-01-19 18:14:45,Free_Living,annotator,Experimental situation,2022-01-19 08:56:04,2022-01-19 09:10:39
2022-01-19 18:14:54,2022-01-19 18:16:10,Free_Living,annotator,Experimental situation,2022-01-19 09:10:48,2022-01-19 09:12:04
2022-01-19 18:16:14,2022-01-19 18:17:24,Free_Living,annotator,Experimental situation,2022-01-19 09:12:08,2022-01-19 09:13:18
2022-01-19 18:19:02,2022-01-19 18:19:09,Free_Living,annotator,Experimental situation,2022-01-19 09:14:56,2022-01-19 09:15:03
2022-01-19 18:19:10,2022-01-19 18:19:20,Free_Living,annotator,Experimental situation,2022-01-19 09:15:04,2022-01-19 09:15:14
2022-01-19 18:19:22,2022-01-19 18:19:32,Free_Living,annotator,Experimental situation,2022-01-19 09:15:16,2022-01-19 09:15:26
2022-01-19 18:19:44,2022-01-19 18:22:35,Free_Living,annotator,Experimental situation,2022-01-19 09:15:38,2022-01-19 09:18:29
2022-01-19 18:22:40,2022-01-19 18:22:59,Free_Living,annotator,Experimental situation,2022-01-19 09:18:34,2022-01-19 09:18:53
2022-01-19 18:23:11,2022-01-19 19:06:47,Free_Living,annotator,Experimental situation,2022-01-19 09:19:05,2022-01-19 10:02:41
2022-01-19 19:06:59,2022-01-19 19:07:27,Free_Living,annotator,Experimental situation,2022-01-19 10:02:53,2022-01-19 10:03:21
2022-01-19 19:07:28,2022-01-19 19:08:05,Free_Living,annotator,Experimental situation,2022-01-19 10:03:22,2022-01-19 10:03:59
2022-01-19 19:08:06,2022-01-19 19:10:56,Free_Living,annotator,Experimental situation,2022-01-19 10:04:00,2022-01-19 10:06:50
2022-01-19 19:12:28,2022-01-19 19:12:45,Free_Living,annotator,Experimental situation,2022-01-19 10:08:22,2022-01-19 10:08:39
2022-01-19 19:12:49,2022-01-19 19:27:34,Free_Living,annotator,Experimental situation,2022-01-19 10:08:43,2022-01-19 10:23:28
2022-01-19 19:27:38,2022-01-19 19:29:23,Free_Living,annotator,Experimental situation,2022-01-19 10:23:32,2022-01-19 10:25:17
2022-01-19 19:29:28,2022-01-19 19:30:00,Free_Living,annotator,Experimental situation,2022-01-19 10:25:22,2022-01-19 10:25:54
2022-01-19 19:30:02,2022-01-19 19:33:55,Free_Living,annotator,Experimental situation,2022-01-19 10:25:56,2022-01-19 10:29:49
2022-01-19 19:33:57,2022-01-19 19:48:09,Free_Living,annotator,Experimental situation,2022-01-19 10:29:51,2022-01-19 10:44:03
2022-01-19 19:48:17,2022-01-19 19:50:13,Free_Living,annotator,Experimental situation,2022-01-19 10:44:11,2022-01-19 10:46:07
2022-01-19 19:50:27,2022-01-19 19:52:01,Free_Living,annotator,Experimental situation,2022-01-19 10:46:21,2022-01-19 10:47:55
2022-01-19 19:52:01,2022-01-19 19:53:25,Free_Living,annotator,Experimental situation,2022-01-19 10:47:55,2022-01-19 10:49:19
2022-01-19 19:54:01,2022-01-19 20:05:55,Free_Living,annotator,Experimental situation,2022-01-19 10:49:55,2022-01-19 11:01:49
2022-01-19 20:06:08,2022-01-19 20:06:55,Free_Living,annotator,Experimental situation,2022-01-19 11:02:02,2022-01-19 11:02:49
2022-01-19 20:07:06,2022-01-19 20:10:14,Free_Living,annotator,Experimental situation,2022-01-19 11:03:00,2022-01-19 11:06:08
2022-01-19 20:10:15,2022-01-19 20:11:17,Free_Living,annotator,Experimental situation,2022-01-19 11:06:09,2022-01-19 11:07:11
2022-01-19 20:11:18,2022-01-19 20:18:06,Free_Living,annotator,Experimental situation,2022-01-19 11:07:12,2022-01-19 11:14:00
2022-01-19 20:18:40,2022-01-19 20:19:54,Free_Living,annotator,Experimental situation,2022-01-19 11:14:34,2022-01-19 11:15:48
2022-01-19 20:19:55,2022-01-19 20:20:41,Free_Living,annotator,Experimental situation,2022-01-19 11:15:49,2022-01-19 11:16:35
2022-01-19 20:21:03,2022-01-19 20:21:55,Free_Living,annotator,Experimental situation,2022-01-19 11:16:57,2022-01-19 11:17:49
2022-01-19 20:21:58,2022-01-19 20:37:19,Free_Living,annotator,Experimental situation,2022-01-19 11:17:52,2022-01-19 11:33:13
2022-01-19 20:37:20,2022-01-19 20:37:43,Free_Living,annotator,Experimental situation,2022-01-19 11:33:14,2022-01-19 11:33:37
2022-01-19 20:37:44,2022-01-19 20:39:19,Free_Living,annotator,Experimental situation,2022-01-19 11:33:38,2022-01-19 11:35:13
2022-01-19 20:39:21,2022-01-19 20:51:04,Free_Living,annotator,Experimental situation,2022-01-19 11:35:15,2022-01-19 11:46:58
2022-01-19 20:51:05,2022-01-19 20:56:32,Free_Living,annotator,Experimental situation,2022-01-19 11:46:59,2022-01-19 11:52:26
2022-01-19 20:56:33,2022-01-19 20:58:40,Free_Living,annotator,Experimental situation,2022-01-19 11:52:27,2022-01-19 11:54:34
2022-01-19 20:58:41,2022-01-19 21:01:19,Free_Living,annotator,Experimental situation,2022-01-19 11:54:35,2022-01-19 11:57:13
2022-01-19 21:01:21,2022-01-19 21:05:12,Free_Living,annotator,Experimental situation,2022-01-19 11:57:15,2022-01-19 12:01:06
2022-01-19 21:05:13,2022-01-19 21:06:44,Free_Living,annotator,Experimental situation,2022-01-19 12:01:07,2022-01-19 12:02:38
2022-01-19 21:06:46,2022-01-19 21:09:06,Free_Living,annotator,Experimental situation,2022-01-19 12:02:40,2022-01-19 12:05:00
2022-01-19 21:09:07,2022-01-19 21:10:08,Free_Living,annotator,Experimental situation,2022-01-19 12:05:01,2022-01-19 12:06:02
2022-01-19 21:10:09,2022-01-19 21:14:48,Free_Living,annotator,Experimental situation,2022-01-19 12:06:03,2022-01-19 12:10:42
2022-01-19 21:14:50,2022-01-19 21:20:57,Free_Living,annotator,Experimental situation,2022-01-19 12:10:44,2022-01-19 12:16:51
2022-01-19 21:21:15,2022-01-19 21:21:33,Free_Living,annotator,Experimental situation,2022-01-19 12:17:09,2022-01-19 12:17:27
2022-01-19 21:22:02,2022-01-19 21:22:37,Free_Living,annotator,Experimental situation,2022-01-19 12:17:56,2022-01-19 12:18:31
2022-01-19 21:22:40,2022-01-19 21:23:10,Free_Living,annotator,Experimental situation,2022-01-19 12:18:34,2022-01-19 12:19:04
2022-01-19 21:23:34,2022-01-19 21:23:43,Free_Living,annotator,Experimental situation,2022-01-19 12:19:28,2022-01-19 12:19:37
2022-01-19 21:23:48,2022-01-19 21:28:16,Free_Living,annotator,Experimental situation,2022-01-19 12:19:42,2022-01-19 12:24:10
2022-01-19 21:28:19,2022-01-19 21:28:44,Free_Living,annotator,Experimental situation,2022-01-19 12:24:13,2022-01-19 12:24:38
2022-01-19 21:28:46,2022-01-19 21:42:44,Free_Living,annotator,Experimental situation,2022-01-19 12:24:40,2022-01-19 12:38:38
2022-01-19 21:42:45,2022-01-19 21:59:05,Free_Living,annotator,Experimental situation,2022-01-19 12:38:39,2022-01-19 12:54:59
2022-01-19 21:59:17,2022-01-19 21:59:51,Free_Living,annotator,Experimental situation,2022-01-19 12:55:11,2022-01-19 12:55:45
2022-01-19 22:01:07,2022-01-19 22:01:16,Free_Living,annotator,Experimental situation,2022-01-19 12:57:01,2022-01-19 12:57:10
2022-01-19 22:01:32,2022-01-19 22:05:53,Free_Living,annotator,Experimental situation,2022-01-19 12:57:26,2022-01-19 13:01:47
2022-01-19 22:05:56,2022-01-19 22:07:10,Free_Living,annotator,Experimental situation,2022-01-19 13:01:50,2022-01-19 13:03:04
2022-01-19 22:07:37,2022-01-19 22:08:25,Free_Living,annotator,Experimental situation,2022-01-19 13:03:31,2022-01-19 13:04:19
2022-01-19 22:08:38,2022-01-19 22:10:08,Free_Living,annotator,Experimental situation,2022-01-19 13:04:32,2022-01-19 13:06:02
2022-01-19 22:13:04,2022-01-19 22:33:43,Free_Living,annotator,Experimental situation,2022-01-19 13:08:58,2022-01-19 13:29:37
