START_TIME,STOP_TIME,PREDICTION,SOURCE,LABELSET,VIDEO_START_TIME,VIDEO_END_TIME
2022-05-25 11:45:26,2022-05-25 11:45:50,Free_Living,annotator,Experimental situation,2022-05-25 00:00:05,2022-05-25 00:00:29
2022-05-25 11:45:52,2022-05-25 11:49:29,Free_Living,annotator,Experimental situation,2022-05-25 00:00:31,2022-05-25 00:04:08
2022-05-25 11:49:31,2022-05-25 12:18:29,Free_Living,annotator,Experimental situation,2022-05-25 00:04:10,2022-05-25 00:33:08
2022-05-25 12:18:40,2022-05-25 12:26:09,Free_Living,annotator,Experimental situation,2022-05-25 00:33:19,2022-05-25 00:40:48
2022-05-25 12:26:13,2022-05-25 12:37:30,Free_Living,annotator,Experimental situation,2022-05-25 00:40:52,2022-05-25 00:52:09
2022-05-25 12:37:32,2022-05-25 12:44:56,Free_Living,annotator,Experimental situation,2022-05-25 00:52:11,2022-05-25 00:59:35
2022-05-25 12:45:01,2022-05-25 12:45:15,Free_Living,annotator,Experimental situation,2022-05-25 00:59:40,2022-05-25 00:59:54
2022-05-25 12:45:17,2022-05-25 13:00:19,Free_Living,annotator,Experimental situation,2022-05-25 00:59:56,2022-05-25 01:14:58
2022-05-25 13:00:20,2022-05-25 13:25:56,Free_Living,annotator,Experimental situation,2022-05-25 01:14:59,2022-05-25 01:40:35
2022-05-25 13:26:09,2022-05-25 13:27:09,Free_Living,annotator,Experimental situation,2022-05-25 01:40:48,2022-05-25 01:41:48
2022-05-25 13:27:10,2022-05-25 13:28:08,Free_Living,annotator,Experimental situation,2022-05-25 01:41:49,2022-05-25 01:42:47
2022-05-25 13:28:10,2022-05-25 13:29:10,Free_Living,annotator,Experimental situation,2022-05-25 01:42:49,2022-05-25 01:43:49
2022-05-25 13:29:11,2022-05-25 13:34:24,Free_Living,annotator,Experimental situation,2022-05-25 01:43:50,2022-05-25 01:49:03
2022-05-25 13:34:25,2022-05-25 13:34:36,Free_Living,annotator,Experimental situation,2022-05-25 01:49:04,2022-05-25 01:49:15
2022-05-25 13:34:37,2022-05-25 13:34:52,Free_Living,annotator,Experimental situation,2022-05-25 01:49:16,2022-05-25 01:49:31
2022-05-25 13:34:53,2022-05-25 13:35:03,Free_Living,annotator,Experimental situation,2022-05-25 01:49:32,2022-05-25 01:49:42
2022-05-25 13:35:04,2022-05-25 14:08:42,Free_Living,annotator,Experimental situation,2022-05-25 01:49:43,2022-05-25 02:23:21
2022-05-25 14:08:53,2022-05-25 14:27:38,Free_Living,annotator,Experimental situation,2022-05-25 02:23:32,2022-05-25 02:42:17
2022-05-25 14:27:40,2022-05-25 14:28:44,Free_Living,annotator,Experimental situation,2022-05-25 02:42:19,2022-05-25 02:43:23
2022-05-25 14:28:45,2022-05-25 15:00:33,Free_Living,annotator,Experimental situation,2022-05-25 02:43:24,2022-05-25 03:15:12
2022-05-25 15:00:40,2022-05-25 15:01:04,Free_Living,annotator,Experimental situation,2022-05-25 03:15:19,2022-05-25 03:15:43
2022-05-25 15:01:07,2022-05-25 15:01:21,Free_Living,annotator,Experimental situation,2022-05-25 03:15:46,2022-05-25 03:16:00
2022-05-25 15:01:21,2022-05-25 15:04:36,Free_Living,annotator,Experimental situation,2022-05-25 03:16:00,2022-05-25 03:19:15
2022-05-25 15:04:40,2022-05-25 15:05:45,Free_Living,annotator,Experimental situation,2022-05-25 03:19:19,2022-05-25 03:20:24
2022-05-25 15:05:45,2022-05-25 15:06:47,Free_Living,annotator,Experimental situation,2022-05-25 03:20:24,2022-05-25 03:21:26
2022-05-25 15:06:49,2022-05-25 15:17:59,Free_Living,annotator,Experimental situation,2022-05-25 03:21:28,2022-05-25 03:32:38
2022-05-25 15:18:00,2022-05-25 15:18:30,Free_Living,annotator,Experimental situation,2022-05-25 03:32:39,2022-05-25 03:33:09
2022-05-25 15:18:31,2022-05-25 15:18:41,Free_Living,annotator,Experimental situation,2022-05-25 03:33:10,2022-05-25 03:33:20
2022-05-25 15:18:42,2022-05-25 15:26:05,Free_Living,annotator,Experimental situation,2022-05-25 03:33:21,2022-05-25 03:40:44
2022-05-25 15:26:07,2022-05-25 15:27:52,Free_Living,annotator,Experimental situation,2022-05-25 03:40:46,2022-05-25 03:42:31
2022-05-25 15:27:52,2022-05-25 15:28:25,Free_Living,annotator,Experimental situation,2022-05-25 03:42:31,2022-05-25 03:43:04
2022-05-25 15:28:30,2022-05-25 15:29:20,Free_Living,annotator,Experimental situation,2022-05-25 03:43:09,2022-05-25 03:43:59
2022-05-25 15:29:22,2022-05-25 16:03:18,Free_Living,annotator,Experimental situation,2022-05-25 03:44:01,2022-05-25 04:17:57
2022-05-25 16:03:21,2022-05-25 16:08:09,Free_Living,annotator,Experimental situation,2022-05-25 04:18:00,2022-05-25 04:22:48
2022-05-25 16:08:09,2022-05-25 16:08:43,Free_Living,annotator,Experimental situation,2022-05-25 04:22:48,2022-05-25 04:23:22
2022-05-25 16:08:43,2022-05-25 16:08:56,Free_Living,annotator,Experimental situation,2022-05-25 04:23:22,2022-05-25 04:23:35
2022-05-25 16:08:56,2022-05-25 16:11:02,Free_Living,annotator,Experimental situation,2022-05-25 04:23:35,2022-05-25 04:25:41
2022-05-25 16:11:02,2022-05-25 16:11:15,Free_Living,annotator,Experimental situation,2022-05-25 04:25:41,2022-05-25 04:25:54
2022-05-25 16:11:15,2022-05-25 16:11:52,Free_Living,annotator,Experimental situation,2022-05-25 04:25:54,2022-05-25 04:26:31
2022-05-25 16:11:52,2022-05-25 16:14:31,Free_Living,annotator,Experimental situation,2022-05-25 04:26:31,2022-05-25 04:29:10
2022-05-25 16:14:31,2022-05-25 16:15:19,Free_Living,annotator,Experimental situation,2022-05-25 04:29:10,2022-05-25 04:29:58
2022-05-25 16:15:19,2022-05-25 16:22:34,Free_Living,annotator,Experimental situation,2022-05-25 04:29:58,2022-05-25 04:37:13
2022-05-25 16:22:34,2022-05-25 16:24:20,Free_Living,annotator,Experimental situation,2022-05-25 04:37:13,2022-05-25 04:38:59
2022-05-25 16:24:20,2022-05-25 16:29:32,Free_Living,annotator,Experimental situation,2022-05-25 04:38:59,2022-05-25 04:44:11
2022-05-25 16:29:32,2022-05-25 16:30:21,Free_Living,annotator,Experimental situation,2022-05-25 04:44:11,2022-05-25 04:45:00
2022-05-25 16:30:21,2022-05-25 16:36:56,Free_Living,annotator,Experimental situation,2022-05-25 04:45:00,2022-05-25 04:51:35
2022-05-25 16:36:56,2022-05-25 16:39:29,Free_Living,annotator,Experimental situation,2022-05-25 04:51:35,2022-05-25 04:54:08
2022-05-25 16:39:29,2022-05-25 16:40:42,Free_Living,annotator,Experimental situation,2022-05-25 04:54:08,2022-05-25 04:55:21
2022-05-25 16:40:42,2022-05-25 17:10:10,Free_Living,annotator,Experimental situation,2022-05-25 04:55:21,2022-05-25 05:24:49
2022-05-25 17:10:10,2022-05-25 17:11:57,Free_Living,annotator,Experimental situation,2022-05-25 05:24:49,2022-05-25 05:26:36
2022-05-25 17:11:57,2022-05-25 17:12:57,Free_Living,annotator,Experimental situation,2022-05-25 05:26:36,2022-05-25 05:27:36
2022-05-25 17:12:57,2022-05-25 17:15:58,Free_Living,annotator,Experimental situation,2022-05-25 05:27:36,2022-05-25 05:30:37
2022-05-25 17:15:58,2022-05-25 17:16:55,Free_Living,annotator,Experimental situation,2022-05-25 05:30:37,2022-05-25 05:31:34
2022-05-25 17:16:55,2022-05-25 17:17:56,Free_Living,annotator,Experimental situation,2022-05-25 05:31:34,2022-05-25 05:32:35
2022-05-25 17:17:56,2022-05-25 17:18:18,Free_Living,annotator,Experimental situation,2022-05-25 05:32:35,2022-05-25 05:32:57
2022-05-25 17:18:18,2022-05-25 17:19:47,Free_Living,annotator,Experimental situation,2022-05-25 05:32:57,2022-05-25 05:34:26
2022-05-25 17:19:47,2022-05-25 17:20:27,Free_Living,annotator,Experimental situation,2022-05-25 05:34:26,2022-05-25 05:35:06
2022-05-25 17:20:27,2022-05-25 17:22:24,Free_Living,annotator,Experimental situation,2022-05-25 05:35:06,2022-05-25 05:37:03
2022-05-25 17:22:24,2022-05-25 17:29:43,Free_Living,annotator,Experimental situation,2022-05-25 05:37:03,2022-05-25 05:44:22
2022-05-25 17:29:43,2022-05-25 17:30:52,Free_Living,annotator,Experimental situation,2022-05-25 05:44:22,2022-05-25 05:45:31
2022-05-25 17:30:52,2022-05-25 17:31:38,Free_Living,annotator,Experimental situation,2022-05-25 05:45:31,2022-05-25 05:46:17
2022-05-25 17:31:38,2022-05-25 17:38:21,Free_Living,annotator,Experimental situation,2022-05-25 05:46:17,2022-05-25 05:53:00
2022-05-25 17:38:21,2022-05-25 17:43:52,Free_Living,annotator,Experimental situation,2022-05-25 05:53:00,2022-05-25 05:58:31
2022-05-25 17:43:52,2022-05-25 17:45:15,Free_Living,annotator,Experimental situation,2022-05-25 05:58:31,2022-05-25 05:59:54
2022-05-25 17:45:15,2022-05-25 17:46:04,Free_Living,annotator,Experimental situation,2022-05-25 05:59:54,2022-05-25 06:00:43
2022-05-25 17:46:04,2022-05-25 17:52:54,Free_Living,annotator,Experimental situation,2022-05-25 06:00:43,2022-05-25 06:07:33
2022-05-25 17:52:54,2022-05-25 17:53:46,Free_Living,annotator,Experimental situation,2022-05-25 06:07:33,2022-05-25 06:08:25
2022-05-25 17:53:46,2022-05-25 18:03:34,Free_Living,annotator,Experimental situation,2022-05-25 06:08:25,2022-05-25 06:18:13
2022-05-25 18:03:34,2022-05-25 18:03:50,Free_Living,annotator,Experimental situation,2022-05-25 06:18:13,2022-05-25 06:18:29
2022-05-25 18:03:50,2022-05-25 18:04:03,Free_Living,annotator,Experimental situation,2022-05-25 06:18:29,2022-05-25 06:18:42
2022-05-25 18:04:03,2022-05-25 18:04:27,Free_Living,annotator,Experimental situation,2022-05-25 06:18:42,2022-05-25 06:19:06
2022-05-25 18:04:27,2022-05-25 18:04:41,Free_Living,annotator,Experimental situation,2022-05-25 06:19:06,2022-05-25 06:19:20
2022-05-25 18:04:41,2022-05-25 18:07:36,Free_Living,annotator,Experimental situation,2022-05-25 06:19:20,2022-05-25 06:22:15
2022-05-25 18:07:36,2022-05-25 18:09:21,Free_Living,annotator,Experimental situation,2022-05-25 06:22:15,2022-05-25 06:24:00
2022-05-25 18:09:21,2022-05-25 18:10:44,Free_Living,annotator,Experimental situation,2022-05-25 06:24:00,2022-05-25 06:25:23
2022-05-25 18:10:44,2022-05-25 18:12:37,Free_Living,annotator,Experimental situation,2022-05-25 06:25:23,2022-05-25 06:27:16
2022-05-25 18:12:37,2022-05-25 18:13:32,Free_Living,annotator,Experimental situation,2022-05-25 06:27:16,2022-05-25 06:28:11
2022-05-25 18:13:32,2022-05-25 18:15:12,Free_Living,annotator,Experimental situation,2022-05-25 06:28:11,2022-05-25 06:29:51
2022-05-25 18:15:12,2022-05-25 18:17:37,Free_Living,annotator,Experimental situation,2022-05-25 06:29:51,2022-05-25 06:32:16
2022-05-25 18:17:37,2022-05-25 18:20:09,Free_Living,annotator,Experimental situation,2022-05-25 06:32:16,2022-05-25 06:34:48
2022-05-25 18:20:09,2022-05-25 18:34:01,Free_Living,annotator,Experimental situation,2022-05-25 06:34:48,2022-05-25 06:48:40
2022-05-25 18:34:01,2022-05-25 18:34:22,Free_Living,annotator,Experimental situation,2022-05-25 06:48:40,2022-05-25 06:49:01
2022-05-25 18:34:22,2022-05-25 18:37:38,Free_Living,annotator,Experimental situation,2022-05-25 06:49:01,2022-05-25 06:52:17
2022-05-25 18:37:38,2022-05-25 18:47:05,Free_Living,annotator,Experimental situation,2022-05-25 06:52:17,2022-05-25 07:01:44
2022-05-25 18:47:05,2022-05-25 18:47:41,Free_Living,annotator,Experimental situation,2022-05-25 07:01:44,2022-05-25 07:02:20
2022-05-25 18:47:41,2022-05-25 18:48:27,Free_Living,annotator,Experimental situation,2022-05-25 07:02:20,2022-05-25 07:03:06
2022-05-25 18:48:27,2022-05-25 18:55:22,Free_Living,annotator,Experimental situation,2022-05-25 07:03:06,2022-05-25 07:10:01
2022-05-25 18:55:22,2022-05-25 18:56:39,Free_Living,annotator,Experimental situation,2022-05-25 07:10:01,2022-05-25 07:11:18
2022-05-25 18:56:39,2022-05-25 19:00:01,Free_Living,annotator,Experimental situation,2022-05-25 07:11:18,2022-05-25 07:14:40
2022-05-25 19:00:01,2022-05-25 19:00:48,Free_Living,annotator,Experimental situation,2022-05-25 07:14:40,2022-05-25 07:15:27
2022-05-25 19:00:48,2022-05-25 19:01:13,Free_Living,annotator,Experimental situation,2022-05-25 07:15:27,2022-05-25 07:15:52
2022-05-25 19:01:13,2022-05-25 19:02:06,Free_Living,annotator,Experimental situation,2022-05-25 07:15:52,2022-05-25 07:16:45
2022-05-25 19:02:06,2022-05-25 19:02:49,Free_Living,annotator,Experimental situation,2022-05-25 07:16:45,2022-05-25 07:17:28
2022-05-25 19:02:49,2022-05-25 19:22:29,Free_Living,annotator,Experimental situation,2022-05-25 07:17:28,2022-05-25 07:37:08
2022-05-25 19:22:29,2022-05-25 19:22:46,Free_Living,annotator,Experimental situation,2022-05-25 07:37:08,2022-05-25 07:37:25
2022-05-25 19:22:46,2022-05-25 19:23:32,Free_Living,annotator,Experimental situation,2022-05-25 07:37:25,2022-05-25 07:38:11
2022-05-25 19:23:32,2022-05-25 19:23:58,Free_Living,annotator,Experimental situation,2022-05-25 07:38:11,2022-05-25 07:38:37
2022-05-25 19:23:58,2022-05-25 19:24:13,Free_Living,annotator,Experimental situation,2022-05-25 07:38:37,2022-05-25 07:38:52
2022-05-25 19:24:13,2022-05-25 19:27:24,Free_Living,annotator,Experimental situation,2022-05-25 07:38:52,2022-05-25 07:42:03
2022-05-25 19:27:24,2022-05-25 19:29:05,Free_Living,annotator,Experimental situation,2022-05-25 07:42:03,2022-05-25 07:43:44
2022-05-25 19:29:05,2022-05-25 19:29:30,Free_Living,annotator,Experimental situation,2022-05-25 07:43:44,2022-05-25 07:44:09
2022-05-25 19:29:30,2022-05-25 19:29:42,Free_Living,annotator,Experimental situation,2022-05-25 07:44:09,2022-05-25 07:44:21
2022-05-25 19:29:42,2022-05-25 19:29:56,Free_Living,annotator,Experimental situation,2022-05-25 07:44:21,2022-05-25 07:44:35
2022-05-25 19:29:56,2022-05-25 19:30:12,Free_Living,annotator,Experimental situation,2022-05-25 07:44:35,2022-05-25 07:44:51
2022-05-25 19:30:12,2022-05-25 19:33:18,Free_Living,annotator,Experimental situation,2022-05-25 07:44:51,2022-05-25 07:47:57
2022-05-25 19:33:18,2022-05-25 19:33:25,Free_Living,annotator,Experimental situation,2022-05-25 07:47:57,2022-05-25 07:48:04
2022-05-25 19:33:25,2022-05-25 19:33:42,Free_Living,annotator,Experimental situation,2022-05-25 07:48:04,2022-05-25 07:48:21
2022-05-25 19:33:42,2022-05-25 19:34:07,Free_Living,annotator,Experimental situation,2022-05-25 07:48:21,2022-05-25 07:48:46
2022-05-25 19:34:07,2022-05-25 19:34:16,Free_Living,annotator,Experimental situation,2022-05-25 07:48:46,2022-05-25 07:48:55
2022-05-25 19:34:16,2022-05-25 19:34:37,Free_Living,annotator,Experimental situation,2022-05-25 07:48:55,2022-05-25 07:49:16
2022-05-25 19:34:37,2022-05-25 19:39:04,Free_Living,annotator,Experimental situation,2022-05-25 07:49:16,2022-05-25 07:53:43
2022-05-25 19:39:04,2022-05-25 19:39:07,Free_Living,annotator,Experimental situation,2022-05-25 07:53:43,2022-05-25 07:53:46
2022-05-25 19:39:07,2022-05-25 19:39:28,Free_Living,annotator,Experimental situation,2022-05-25 07:53:46,2022-05-25 07:54:07
2022-05-25 19:39:28,2022-05-25 19:40:25,Free_Living,annotator,Experimental situation,2022-05-25 07:54:07,2022-05-25 07:55:04
2022-05-25 19:40:25,2022-05-25 19:45:21,Free_Living,annotator,Experimental situation,2022-05-25 07:55:04,2022-05-25 08:00:00
2022-05-25 19:45:21,2022-05-25 19:50:17,Free_Living,annotator,Experimental situation,2022-05-25 08:00:00,2022-05-25 08:04:56
2022-05-25 19:50:17,2022-05-25 22:09:04,Free_Living,annotator,Experimental situation,2022-05-25 08:04:56,2022-05-25 10:23:43
2022-05-25 22:09:04,2022-05-25 22:11:17,Free_Living,annotator,Experimental situation,2022-05-25 10:23:43,2022-05-25 10:25:56
2022-05-25 22:11:17,2022-05-25 22:35:52,Free_Living,annotator,Experimental situation,2022-05-25 10:25:56,2022-05-25 10:50:31
2022-05-25 22:35:52,2022-05-25 22:36:22,Free_Living,annotator,Experimental situation,2022-05-25 10:50:31,2022-05-25 10:51:01
2022-05-25 22:36:22,2022-05-25 22:42:36,Free_Living,annotator,Experimental situation,2022-05-25 10:51:01,2022-05-25 10:57:15
2022-05-25 22:42:36,2022-05-25 22:43:55,Free_Living,annotator,Experimental situation,2022-05-25 10:57:15,2022-05-25 10:58:34
2022-05-25 22:43:56,2022-05-25 22:46:25,Free_Living,annotator,Experimental situation,2022-05-25 10:58:35,2022-05-25 11:01:04
2022-05-25 22:46:28,2022-05-25 22:51:08,Free_Living,annotator,Experimental situation,2022-05-25 11:01:07,2022-05-25 11:05:47
2022-05-25 22:51:08,2022-05-25 22:55:24,Free_Living,annotator,Experimental situation,2022-05-25 11:05:47,2022-05-25 11:10:03
2022-05-25 22:55:29,2022-05-25 22:55:50,Free_Living,annotator,Experimental situation,2022-05-25 11:10:08,2022-05-25 11:10:29
2022-05-25 22:55:50,2022-05-25 23:07:19,Free_Living,annotator,Experimental situation,2022-05-25 11:10:29,2022-05-25 11:21:58
2022-05-25 23:07:39,2022-05-25 23:07:56,Free_Living,annotator,Experimental situation,2022-05-25 11:22:18,2022-05-25 11:22:35
2022-05-25 23:08:27,2022-05-25 23:09:36,Free_Living,annotator,Experimental situation,2022-05-25 11:23:06,2022-05-25 11:24:15
2022-05-25 23:09:37,2022-05-25 23:13:12,Free_Living,annotator,Experimental situation,2022-05-25 11:24:16,2022-05-25 11:27:51
2022-05-25 23:13:13,2022-05-25 23:14:04,Free_Living,annotator,Experimental situation,2022-05-25 11:27:52,2022-05-25 11:28:43
2022-05-25 23:14:06,2022-05-25 23:15:45,Free_Living,annotator,Experimental situation,2022-05-25 11:28:45,2022-05-25 11:30:24
2022-05-25 23:15:45,2022-05-25 23:16:13,Free_Living,annotator,Experimental situation,2022-05-25 11:30:24,2022-05-25 11:30:52
2022-05-25 23:16:13,2022-05-25 23:16:26,Free_Living,annotator,Experimental situation,2022-05-25 11:30:52,2022-05-25 11:31:05
2022-05-25 23:16:26,2022-05-25 23:20:47,Free_Living,annotator,Experimental situation,2022-05-25 11:31:05,2022-05-25 11:35:26
2022-05-25 23:20:47,2022-05-25 23:21:19,Free_Living,annotator,Experimental situation,2022-05-25 11:35:26,2022-05-25 11:35:58
2022-05-25 23:21:19,2022-05-25 23:22:04,Free_Living,annotator,Experimental situation,2022-05-25 11:35:58,2022-05-25 11:36:43
2022-05-25 23:22:04,2022-05-25 23:22:15,Free_Living,annotator,Experimental situation,2022-05-25 11:36:43,2022-05-25 11:36:54
2022-05-25 23:22:15,2022-05-25 23:24:20,Free_Living,annotator,Experimental situation,2022-05-25 11:36:54,2022-05-25 11:38:59
2022-05-25 23:24:22,2022-05-25 23:24:38,Free_Living,annotator,Experimental situation,2022-05-25 11:39:01,2022-05-25 11:39:17
2022-05-25 23:24:42,2022-05-25 23:24:57,Free_Living,annotator,Experimental situation,2022-05-25 11:39:21,2022-05-25 11:39:36
2022-05-25 23:24:57,2022-05-25 23:25:00,Free_Living,annotator,Experimental situation,2022-05-25 11:39:36,2022-05-25 11:39:39
2022-05-25 23:25:05,2022-05-25 23:25:14,Free_Living,annotator,Experimental situation,2022-05-25 11:39:44,2022-05-25 11:39:53
2022-05-25 23:25:24,2022-05-25 23:25:34,Free_Living,annotator,Experimental situation,2022-05-25 11:40:03,2022-05-25 11:40:13
2022-05-25 23:25:34,2022-05-25 23:25:42,Free_Living,annotator,Experimental situation,2022-05-25 11:40:13,2022-05-25 11:40:21
2022-05-25 23:25:42,2022-05-25 23:26:04,Free_Living,annotator,Experimental situation,2022-05-25 11:40:21,2022-05-25 11:40:43
2022-05-25 23:26:04,2022-05-25 23:26:15,Free_Living,annotator,Experimental situation,2022-05-25 11:40:43,2022-05-25 11:40:54
2022-05-25 23:26:18,2022-05-25 23:29:22,Free_Living,annotator,Experimental situation,2022-05-25 11:40:57,2022-05-25 11:44:01
2022-05-25 23:29:22,2022-05-25 23:30:01,Free_Living,annotator,Experimental situation,2022-05-25 11:44:01,2022-05-25 11:44:40
2022-05-25 23:30:01,2022-05-25 23:30:50,Free_Living,annotator,Experimental situation,2022-05-25 11:44:40,2022-05-25 11:45:29
2022-05-25 23:30:50,2022-05-25 23:36:10,Free_Living,annotator,Experimental situation,2022-05-25 11:45:29,2022-05-25 11:50:49
2022-05-25 23:36:10,2022-05-25 23:42:04,Free_Living,annotator,Experimental situation,2022-05-25 11:50:49,2022-05-25 11:56:43
2022-05-25 23:42:04,2022-05-25 23:42:53,Free_Living,annotator,Experimental situation,2022-05-25 11:56:43,2022-05-25 11:57:32
2022-05-25 23:42:55,2022-05-25 23:43:09,Free_Living,annotator,Experimental situation,2022-05-25 11:57:34,2022-05-25 11:57:48
2022-05-25 23:43:09,2022-05-25 23:43:42,Free_Living,annotator,Experimental situation,2022-05-25 11:57:48,2022-05-25 11:58:21
2022-05-25 23:43:42,2022-05-25 23:44:50,Free_Living,annotator,Experimental situation,2022-05-25 11:58:21,2022-05-25 11:59:29
2022-05-25 23:44:50,2022-05-25 23:45:27,Free_Living,annotator,Experimental situation,2022-05-25 11:59:29,2022-05-25 12:00:06
2022-05-25 23:45:51,2022-05-25 23:48:07,Free_Living,annotator,Experimental situation,2022-05-25 12:00:30,2022-05-25 12:02:46
2022-05-25 23:48:07,2022-05-25 23:49:28,Free_Living,annotator,Experimental situation,2022-05-25 12:02:46,2022-05-25 12:04:07
2022-05-25 23:49:28,2022-05-25 23:49:45,Free_Living,annotator,Experimental situation,2022-05-25 12:04:07,2022-05-25 12:04:24
2022-05-25 23:49:45,2022-05-25 23:53:20,Free_Living,annotator,Experimental situation,2022-05-25 12:04:24,2022-05-25 12:07:59
2022-05-25 23:53:20,2022-05-25 23:54:26,Free_Living,annotator,Experimental situation,2022-05-25 12:07:59,2022-05-25 12:09:05
2022-05-25 23:54:34,2022-05-25 23:54:56,Free_Living,annotator,Experimental situation,2022-05-25 12:09:13,2022-05-25 12:09:35
2022-05-25 23:54:58,2022-05-25 23:55:08,Free_Living,annotator,Experimental situation,2022-05-25 12:09:37,2022-05-25 12:09:47
2022-05-25 23:55:11,2022-05-25 23:55:31,Free_Living,annotator,Experimental situation,2022-05-25 12:09:50,2022-05-25 12:10:10
2022-05-25 23:55:31,2022-05-26 00:00:15,Free_Living,annotator,Experimental situation,2022-05-25 12:10:10,2022-05-25 12:14:54
2022-05-26 00:00:15,2022-05-26 00:02:25,Free_Living,annotator,Experimental situation,2022-05-25 12:14:54,2022-05-25 12:17:04
2022-05-26 00:02:29,2022-05-26 00:02:42,Free_Living,annotator,Experimental situation,2022-05-25 12:17:08,2022-05-25 12:17:21
2022-05-26 00:02:42,2022-05-26 00:07:56,Free_Living,annotator,Experimental situation,2022-05-25 12:17:21,2022-05-25 12:22:35
2022-05-26 00:07:56,2022-05-26 00:08:23,Free_Living,annotator,Experimental situation,2022-05-25 12:22:35,2022-05-25 12:23:02
2022-05-26 00:08:23,2022-05-26 00:09:47,Free_Living,annotator,Experimental situation,2022-05-25 12:23:02,2022-05-25 12:24:26
2022-05-26 00:09:47,2022-05-26 00:11:01,Free_Living,annotator,Experimental situation,2022-05-25 12:24:26,2022-05-25 12:25:40
2022-05-26 00:11:01,2022-05-26 00:12:07,Free_Living,annotator,Experimental situation,2022-05-25 12:25:40,2022-05-25 12:26:46
2022-05-26 00:12:07,2022-05-26 00:13:42,Free_Living,annotator,Experimental situation,2022-05-25 12:26:46,2022-05-25 12:28:21
2022-05-26 00:13:42,2022-05-26 00:17:37,Free_Living,annotator,Experimental situation,2022-05-25 12:28:21,2022-05-25 12:32:16
2022-05-26 00:17:37,2022-05-26 00:29:14,Free_Living,annotator,Experimental situation,2022-05-25 12:32:16,2022-05-25 12:43:53
2022-05-26 00:29:14,2022-05-26 00:34:39,Free_Living,annotator,Experimental situation,2022-05-25 12:43:53,2022-05-25 12:49:18
2022-05-26 00:34:42,2022-05-26 00:34:58,Free_Living,annotator,Experimental situation,2022-05-25 12:49:21,2022-05-25 12:49:37
2022-05-26 00:35:01,2022-05-26 00:35:08,Free_Living,annotator,Experimental situation,2022-05-25 12:49:40,2022-05-25 12:49:47
2022-05-26 00:35:08,2022-05-26 00:35:16,Free_Living,annotator,Experimental situation,2022-05-25 12:49:47,2022-05-25 12:49:55
2022-05-26 00:35:17,2022-05-26 00:40:03,Free_Living,annotator,Experimental situation,2022-05-25 12:49:56,2022-05-25 12:54:42
2022-05-26 00:40:03,2022-05-26 00:41:46,Free_Living,annotator,Experimental situation,2022-05-25 12:54:42,2022-05-25 12:56:25
2022-05-26 00:41:46,2022-05-26 00:44:42,Free_Living,annotator,Experimental situation,2022-05-25 12:56:25,2022-05-25 12:59:21
2022-05-26 00:44:42,2022-05-26 00:49:10,Free_Living,annotator,Experimental situation,2022-05-25 12:59:21,2022-05-25 13:03:49
2022-05-26 00:49:10,2022-05-26 00:49:43,Free_Living,annotator,Experimental situation,2022-05-25 13:03:49,2022-05-25 13:04:22
2022-05-26 00:49:44,2022-05-26 00:50:12,Free_Living,annotator,Experimental situation,2022-05-25 13:04:23,2022-05-25 13:04:51
2022-05-26 00:50:12,2022-05-26 00:52:12,Free_Living,annotator,Experimental situation,2022-05-25 13:04:51,2022-05-25 13:06:51
2022-05-26 00:52:12,2022-05-26 00:52:39,Free_Living,annotator,Experimental situation,2022-05-25 13:06:51,2022-05-25 13:07:18
2022-05-26 00:52:39,2022-05-26 00:54:02,Free_Living,annotator,Experimental situation,2022-05-25 13:07:18,2022-05-25 13:08:41
2022-05-26 00:54:04,2022-05-26 00:56:35,Free_Living,annotator,Experimental situation,2022-05-25 13:08:43,2022-05-25 13:11:14
2022-05-26 00:56:35,2022-05-26 00:57:48,Free_Living,annotator,Experimental situation,2022-05-25 13:11:14,2022-05-25 13:12:27
2022-05-26 00:57:48,2022-05-26 00:58:28,Free_Living,annotator,Experimental situation,2022-05-25 13:12:27,2022-05-25 13:13:07
2022-05-26 00:58:30,2022-05-26 01:03:10,Free_Living,annotator,Experimental situation,2022-05-25 13:13:09,2022-05-25 13:17:49
2022-05-26 01:03:10,2022-05-26 01:03:45,Free_Living,annotator,Experimental situation,2022-05-25 13:17:49,2022-05-25 13:18:24
2022-05-26 01:03:45,2022-05-26 01:04:55,Free_Living,annotator,Experimental situation,2022-05-25 13:18:24,2022-05-25 13:19:34
2022-05-26 01:04:55,2022-05-26 01:06:12,Free_Living,annotator,Experimental situation,2022-05-25 13:19:34,2022-05-25 13:20:51
2022-05-26 01:06:12,2022-05-26 01:07:44,Free_Living,annotator,Experimental situation,2022-05-25 13:20:51,2022-05-25 13:22:23
2022-05-26 01:07:44,2022-05-26 01:10:14,Free_Living,annotator,Experimental situation,2022-05-25 13:22:23,2022-05-25 13:24:53
2022-05-26 01:10:14,2022-05-26 01:14:05,Free_Living,annotator,Experimental situation,2022-05-25 13:24:53,2022-05-25 13:28:44
2022-05-26 01:14:05,2022-05-26 01:18:27,Free_Living,annotator,Experimental situation,2022-05-25 13:28:44,2022-05-25 13:33:06
2022-05-26 01:18:27,2022-05-26 01:19:50,Free_Living,annotator,Experimental situation,2022-05-25 13:33:06,2022-05-25 13:34:29
2022-05-26 01:19:50,2022-05-26 01:22:09,Free_Living,annotator,Experimental situation,2022-05-25 13:34:29,2022-05-25 13:36:48
2022-05-26 01:22:09,2022-05-26 01:24:43,Free_Living,annotator,Experimental situation,2022-05-25 13:36:48,2022-05-25 13:39:22
2022-05-26 01:24:43,2022-05-26 01:26:24,Free_Living,annotator,Experimental situation,2022-05-25 13:39:22,2022-05-25 13:41:03
2022-05-26 01:26:34,2022-05-26 01:27:16,Free_Living,annotator,Experimental situation,2022-05-25 13:41:13,2022-05-25 13:41:55
2022-05-26 01:27:16,2022-05-26 01:27:43,Free_Living,annotator,Experimental situation,2022-05-25 13:41:55,2022-05-25 13:42:22
2022-05-26 01:27:43,2022-05-26 01:29:43,Free_Living,annotator,Experimental situation,2022-05-25 13:42:22,2022-05-25 13:44:22
2022-05-26 01:29:59,2022-05-26 01:32:04,Free_Living,annotator,Experimental situation,2022-05-25 13:44:38,2022-05-25 13:46:43
2022-05-26 01:32:04,2022-05-26 01:35:25,Free_Living,annotator,Experimental situation,2022-05-25 13:46:43,2022-05-25 13:50:04
2022-05-26 01:35:25,2022-05-26 01:36:00,Free_Living,annotator,Experimental situation,2022-05-25 13:50:04,2022-05-25 13:50:39
2022-05-26 01:36:02,2022-05-26 01:36:49,Free_Living,annotator,Experimental situation,2022-05-25 13:50:41,2022-05-25 13:51:28
2022-05-26 01:37:06,2022-05-26 01:37:49,Free_Living,annotator,Experimental situation,2022-05-25 13:51:45,2022-05-25 13:52:28
2022-05-26 01:37:49,2022-05-26 01:37:59,Free_Living,annotator,Experimental situation,2022-05-25 13:52:28,2022-05-25 13:52:38
2022-05-26 01:37:59,2022-05-26 01:42:48,Free_Living,annotator,Experimental situation,2022-05-25 13:52:38,2022-05-25 13:57:27
2022-05-26 01:42:48,2022-05-26 01:43:45,Free_Living,annotator,Experimental situation,2022-05-25 13:57:27,2022-05-25 13:58:24
2022-05-26 01:43:45,2022-05-26 01:46:08,Free_Living,annotator,Experimental situation,2022-05-25 13:58:24,2022-05-25 14:00:47
2022-05-26 01:46:08,2022-05-26 01:48:05,Free_Living,annotator,Experimental situation,2022-05-25 14:00:47,2022-05-25 14:02:44
2022-05-26 01:48:05,2022-05-26 01:48:10,Free_Living,annotator,Experimental situation,2022-05-25 14:02:44,2022-05-25 14:02:49
2022-05-26 01:48:10,2022-05-26 01:49:12,Free_Living,annotator,Experimental situation,2022-05-25 14:02:49,2022-05-25 14:03:51
2022-05-26 01:49:12,2022-05-26 01:50:10,Free_Living,annotator,Experimental situation,2022-05-25 14:03:51,2022-05-25 14:04:49
2022-05-26 01:50:10,2022-05-26 01:52:32,Free_Living,annotator,Experimental situation,2022-05-25 14:04:49,2022-05-25 14:07:11
2022-05-26 01:52:34,2022-05-26 01:53:15,Free_Living,annotator,Experimental situation,2022-05-25 14:07:13,2022-05-25 14:07:54
2022-05-26 01:53:15,2022-05-26 01:54:08,Free_Living,annotator,Experimental situation,2022-05-25 14:07:54,2022-05-25 14:08:47
2022-05-26 01:54:08,2022-05-26 01:56:10,Free_Living,annotator,Experimental situation,2022-05-25 14:08:47,2022-05-25 14:10:49
2022-05-26 01:56:45,2022-05-26 01:56:45,Free_Living,annotator,Experimental situation,2022-05-25 14:11:24,2022-05-25 14:11:24
2022-05-26 01:56:46,2022-05-26 01:56:46,Free_Living,annotator,Experimental situation,2022-05-25 14:11:25,2022-05-25 14:11:25
2022-05-26 01:56:46,2022-05-26 01:57:17,Free_Living,annotator,Experimental situation,2022-05-25 14:11:25,2022-05-25 14:11:56
2022-05-26 01:57:34,2022-05-26 01:57:59,Free_Living,annotator,Experimental situation,2022-05-25 14:12:13,2022-05-25 14:12:38
2022-05-26 01:57:59,2022-05-26 01:59:52,Free_Living,annotator,Experimental situation,2022-05-25 14:12:38,2022-05-25 14:14:31
2022-05-26 01:59:52,2022-05-26 02:00:18,Free_Living,annotator,Experimental situation,2022-05-25 14:14:31,2022-05-25 14:14:57
2022-05-26 02:00:18,2022-05-26 02:00:24,Free_Living,annotator,Experimental situation,2022-05-25 14:14:57,2022-05-25 14:15:03
2022-05-26 02:00:24,2022-05-26 02:02:20,Free_Living,annotator,Experimental situation,2022-05-25 14:15:03,2022-05-25 14:16:59
2022-05-26 02:02:20,2022-05-26 02:04:35,Free_Living,annotator,Experimental situation,2022-05-25 14:16:59,2022-05-25 14:19:14
2022-05-26 02:04:35,2022-05-26 02:05:39,Free_Living,annotator,Experimental situation,2022-05-25 14:19:14,2022-05-25 14:20:18
2022-05-26 02:05:39,2022-05-26 02:06:12,Free_Living,annotator,Experimental situation,2022-05-25 14:20:18,2022-05-25 14:20:51
2022-05-26 02:06:17,2022-05-26 02:15:03,Free_Living,annotator,Experimental situation,2022-05-25 14:20:56,2022-05-25 14:29:42
2022-05-26 02:15:03,2022-05-26 02:16:52,Free_Living,annotator,Experimental situation,2022-05-25 14:29:42,2022-05-25 14:31:31
2022-05-26 02:16:52,2022-05-26 02:18:35,Free_Living,annotator,Experimental situation,2022-05-25 14:31:31,2022-05-25 14:33:14
2022-05-26 02:18:35,2022-05-26 02:19:10,Free_Living,annotator,Experimental situation,2022-05-25 14:33:14,2022-05-25 14:33:49
2022-05-26 02:19:10,2022-05-26 02:20:07,Free_Living,annotator,Experimental situation,2022-05-25 14:33:49,2022-05-25 14:34:46
2022-05-26 02:20:07,2022-05-26 02:20:29,Free_Living,annotator,Experimental situation,2022-05-25 14:34:46,2022-05-25 14:35:08
2022-05-26 02:20:29,2022-05-26 02:21:38,Free_Living,annotator,Experimental situation,2022-05-25 14:35:08,2022-05-25 14:36:17
2022-05-26 02:21:38,2022-05-26 02:23:58,Free_Living,annotator,Experimental situation,2022-05-25 14:36:17,2022-05-25 14:38:37
2022-05-26 02:23:58,2022-05-26 02:24:14,Free_Living,annotator,Experimental situation,2022-05-25 14:38:37,2022-05-25 14:38:53
2022-05-26 02:24:14,2022-05-26 02:24:56,Free_Living,annotator,Experimental situation,2022-05-25 14:38:53,2022-05-25 14:39:35
2022-05-26 02:24:58,2022-05-26 02:27:19,Free_Living,annotator,Experimental situation,2022-05-25 14:39:37,2022-05-25 14:41:58
2022-05-26 02:27:22,2022-05-26 04:50:53,Free_Living,annotator,Experimental situation,2022-05-25 14:42:01,2022-05-25 17:05:32
