START_TIME,STOP_TIME,PREDICTION,SOURCE,LABELSET,VIDEO_START_TIME,VIDEO_END_TIME
2022-05-09 11:23:54,2022-05-09 11:25:53,Posture_Indecipherable/Video_Insufficient,annotator,POSTURE,2022-05-09 00:00:00,2022-05-09 00:01:59
2022-05-09 11:25:56,2022-05-09 11:26:53,In_Position_Upright,annotator,POSTURE,2022-05-09 00:02:02,2022-05-09 00:02:59
2022-05-09 11:26:53,2022-05-09 11:27:19,In_Position_Upright,annotator,POSTURE,2022-05-09 00:02:59,2022-05-09 00:03:25
2022-05-09 11:27:21,2022-05-09 11:47:44,In_Position_Upright,annotator,POSTURE,2022-05-09 00:03:27,2022-05-09 00:23:50
2022-05-09 11:47:44,2022-05-09 11:48:53,In_Position_Upright,annotator,POSTURE,2022-05-09 00:23:50,2022-05-09 00:24:59
2022-05-09 11:48:54,2022-05-09 11:49:08,In_Position_Upright,annotator,POSTURE,2022-05-09 00:25:00,2022-05-09 00:25:14
2022-05-09 11:49:08,2022-05-09 11:49:09,In_Position_Upright,annotator,POSTURE,2022-05-09 00:25:14,2022-05-09 00:25:15
2022-05-09 11:49:09,2022-05-09 11:52:01,In_Position_Upright,annotator,POSTURE,2022-05-09 00:25:15,2022-05-09 00:28:07
2022-05-09 11:52:04,2022-05-09 11:52:19,In_Position_Upright,annotator,POSTURE,2022-05-09 00:28:10,2022-05-09 00:28:25
2022-05-09 11:52:21,2022-05-09 11:58:26,Posture_Indecipherable/Video_Insufficient,annotator,POSTURE,2022-05-09 00:28:27,2022-05-09 00:34:32
2022-05-09 11:58:28,2022-05-09 12:00:47,In_Position_Sitting,annotator,POSTURE,2022-05-09 00:34:34,2022-05-09 00:36:53
2022-05-09 12:00:47,2022-05-09 12:01:05,In_Position_Upright,annotator,POSTURE,2022-05-09 00:36:53,2022-05-09 00:37:11
2022-05-09 12:01:06,2022-05-09 12:05:34,In_Position_Sitting,annotator,POSTURE,2022-05-09 00:37:12,2022-05-09 00:41:40
2022-05-09 12:05:47,2022-05-09 14:53:24,Posture_Indecipherable/Video_Insufficient,annotator,POSTURE,2022-05-09 00:41:53,2022-05-09 03:29:30
2022-05-09 14:53:25,2022-05-09 15:40:21,Posture_Indecipherable/Video_Insufficient,annotator,POSTURE,2022-05-09 03:29:31,2022-05-09 04:16:27
2022-05-09 15:40:21,2022-05-09 15:44:39,In_Position_Sitting,annotator,POSTURE,2022-05-09 04:16:27,2022-05-09 04:20:45
2022-05-09 15:44:39,2022-05-09 15:52:24,Posture_Indecipherable/Video_Insufficient,annotator,POSTURE,2022-05-09 04:20:45,2022-05-09 04:28:30
2022-05-09 15:52:26,2022-05-09 15:54:14,In_Position_Upright,annotator,POSTURE,2022-05-09 04:28:32,2022-05-09 04:30:20
2022-05-09 15:54:14,2022-05-09 15:55:33,In_Position_Upright,annotator,POSTURE,2022-05-09 04:30:20,2022-05-09 04:31:39
2022-05-09 15:55:33,2022-05-09 15:56:27,In_Position_Upright,annotator,POSTURE,2022-05-09 04:31:39,2022-05-09 04:32:33
2022-05-09 15:56:28,2022-05-09 16:16:27,In_Position_Upright,annotator,POSTURE,2022-05-09 04:32:34,2022-05-09 04:52:33
