START_TIME,STOP_TIME,PREDICTION,SOURCE,LABELSET,VIDEO_START_TIME,VIDEO_END_TIME
2022-06-15 08:29:00,2022-06-15 08:29:54,Located_Indoors, BP_VideoUnavailable/Indecipherable,annotator,Behavioral Parameters,2022-06-15 00:00:00,2022-06-15 00:00:54
2022-06-15 08:29:54,2022-06-15 08:30:02,Located_Indoors, Holding_Other_Object_Light,annotator,Behavioral Parameters,2022-06-15 00:00:54,2022-06-15 00:01:02
2022-06-15 08:30:02,2022-06-15 08:30:08,Located_Indoors,annotator,Behavioral Parameters,2022-06-15 00:01:02,2022-06-15 00:01:08
2022-06-15 08:30:08,2022-06-15 08:30:17,Located_Indoors,annotator,Behavioral Parameters,2022-06-15 00:01:08,2022-06-15 00:01:17
2022-06-15 08:30:17,2022-06-15 08:30:25,Located_Indoors, Holding_Other_Object_Light,annotator,Behavioral Parameters,2022-06-15 00:01:17,2022-06-15 00:01:25
2022-06-15 08:30:25,2022-06-15 08:30:33,Located_Indoors, Holding_Other_Object_Light,annotator,Behavioral Parameters,2022-06-15 00:01:25,2022-06-15 00:01:33
2022-06-15 08:30:33,2022-06-15 08:30:55,Located_Indoors, Holding_Other_Object_Light,annotator,Behavioral Parameters,2022-06-15 00:01:33,2022-06-15 00:01:55
2022-06-15 08:30:55,2022-06-15 08:31:02,Located_Indoors,annotator,Behavioral Parameters,2022-06-15 00:01:55,2022-06-15 00:02:02
2022-06-15 08:31:02,2022-06-15 08:31:10,Located_Indoors, Holding_Other_Object_Light,annotator,Behavioral Parameters,2022-06-15 00:02:02,2022-06-15 00:02:10
2022-06-15 08:31:10,2022-06-15 08:31:21,Located_Indoors, Holding_Other_Object_Light,annotator,Behavioral Parameters,2022-06-15 00:02:10,2022-06-15 00:02:21
2022-06-15 08:31:21,2022-06-15 08:31:34,Located_Indoors, Texting/Browsing_Phone,annotator,Behavioral Parameters,2022-06-15 00:02:21,2022-06-15 00:02:34
2022-06-15 08:31:34,2022-06-15 08:32:05,Located_Indoors, Holding_Other_Object_Light,annotator,Behavioral Parameters,2022-06-15 00:02:34,2022-06-15 00:03:05
2022-06-15 08:32:05,2022-06-15 08:32:22,Located_Indoors, Holding_Other_Object_Light,annotator,Behavioral Parameters,2022-06-15 00:03:05,2022-06-15 00:03:22
2022-06-15 08:32:22,2022-06-15 08:32:25,Located_Indoors, Holding_Other_Object_Light,annotator,Behavioral Parameters,2022-06-15 00:03:22,2022-06-15 00:03:25
2022-06-15 08:32:25,2022-06-15 08:32:38,Located_Indoors,annotator,Behavioral Parameters,2022-06-15 00:03:25,2022-06-15 00:03:38
2022-06-15 08:32:38,2022-06-15 08:32:44,Located_Indoors,annotator,Behavioral Parameters,2022-06-15 00:03:38,2022-06-15 00:03:44
2022-06-15 08:32:44,2022-06-15 08:33:09,Located_Indoors, Holding_Other_Object_Light, Holding_Drink,annotator,Behavioral Parameters,2022-06-15 00:03:44,2022-06-15 00:04:09
2022-06-15 08:33:09,2022-06-15 08:33:19,Located_Indoors, Holding_Drink, Texting/Browsing_Phone,annotator,Behavioral Parameters,2022-06-15 00:04:09,2022-06-15 00:04:19
2022-06-15 08:33:19,2022-06-15 08:34:38,Located_Indoors, Holding_Drink, Texting/Browsing_Phone,annotator,Behavioral Parameters,2022-06-15 00:04:19,2022-06-15 00:05:38
2022-06-15 08:34:38,2022-06-15 08:34:45,Located_Indoors, Holding_Drink, Texting/Browsing_Phone,annotator,Behavioral Parameters,2022-06-15 00:05:38,2022-06-15 00:05:45
2022-06-15 08:34:45,2022-06-15 08:35:06,Located_Indoors, Holding_Drink, Texting/Browsing_Phone,annotator,Behavioral Parameters,2022-06-15 00:05:45,2022-06-15 00:06:06
2022-06-15 08:35:06,2022-06-15 08:35:20,Located_Indoors, Holding_Drink, Holding_Other_Object_Light,annotator,Behavioral Parameters,2022-06-15 00:06:06,2022-06-15 00:06:20
2022-06-15 08:35:20,2022-06-15 08:35:51,Holding_Drink, Located_Outdoors, Texting/Browsing_Phone,annotator,Behavioral Parameters,2022-06-15 00:06:20,2022-06-15 00:06:51
2022-06-15 08:35:51,2022-06-15 08:37:21,Holding_Drink, Located_Outdoors, Holding_Other_Object_Light,annotator,Behavioral Parameters,2022-06-15 00:06:51,2022-06-15 00:08:21
2022-06-15 08:37:21,2022-06-15 08:37:29,Holding_Drink, Located_Outdoors, Texting/Browsing_Phone,annotator,Behavioral Parameters,2022-06-15 00:08:21,2022-06-15 00:08:29
2022-06-15 08:37:29,2022-06-15 08:37:42,Holding_Drink, Texting/Browsing_Phone, Located_Indoors,annotator,Behavioral Parameters,2022-06-15 00:08:29,2022-06-15 00:08:42
2022-06-15 08:37:42,2022-06-15 08:38:21,Holding_Drink, Located_Indoors, Holding_Other_Object_Light, In_Conversation,annotator,Behavioral Parameters,2022-06-15 00:08:42,2022-06-15 00:09:21
2022-06-15 08:38:21,2022-06-15 08:38:41,Holding_Drink, Located_Indoors, Texting/Browsing_Phone,annotator,Behavioral Parameters,2022-06-15 00:09:21,2022-06-15 00:09:41
2022-06-15 08:38:41,2022-06-15 08:38:49,Holding_Drink, Located_Indoors, Holding_Other_Object_Light,annotator,Behavioral Parameters,2022-06-15 00:09:41,2022-06-15 00:09:49
2022-06-15 08:38:49,2022-06-15 08:38:55,Holding_Drink, Holding_Other_Object_Light, Located_Outdoors,annotator,Behavioral Parameters,2022-06-15 00:09:49,2022-06-15 00:09:55
2022-06-15 08:38:56,2022-06-15 08:39:06,Holding_Drink, Located_Outdoors, Texting/Browsing_Phone,annotator,Behavioral Parameters,2022-06-15 00:09:56,2022-06-15 00:10:06
2022-06-15 08:39:06,2022-06-15 08:39:28,Holding_Drink, Located_Outdoors, Holding_Other_Object_Light,annotator,Behavioral Parameters,2022-06-15 00:10:06,2022-06-15 00:10:28
2022-06-15 08:39:28,2022-06-15 08:39:40,Holding_Drink, Located_Outdoors, Holding_Other_Object_Light,annotator,Behavioral Parameters,2022-06-15 00:10:28,2022-06-15 00:10:40
2022-06-15 08:39:40,2022-06-15 08:40:24,Holding_Drink, Located_Outdoors, Holding_Other_Object_Light,annotator,Behavioral Parameters,2022-06-15 00:10:40,2022-06-15 00:11:24
2022-06-15 08:40:24,2022-06-15 08:40:33,Holding_Drink, Holding_Other_Object_Light, Located_Indoors,annotator,Behavioral Parameters,2022-06-15 00:11:24,2022-06-15 00:11:33
2022-06-15 08:40:33,2022-06-15 08:48:01,Holding_Drink, Holding_Other_Object_Light, Located_Indoors, In_Conversation,annotator,Behavioral Parameters,2022-06-15 00:11:33,2022-06-15 00:19:01
2022-06-15 08:48:01,2022-06-15 08:48:26,Holding_Drink, Holding_Other_Object_Light, Located_Indoors,annotator,Behavioral Parameters,2022-06-15 00:19:01,2022-06-15 00:19:26
2022-06-15 08:48:26,2022-06-15 08:48:38,Holding_Drink, Holding_Other_Object_Light, Located_Indoors,annotator,Behavioral Parameters,2022-06-15 00:19:26,2022-06-15 00:19:38
2022-06-15 08:48:38,2022-06-15 08:48:52,Holding_Drink, Holding_Other_Object_Light, Located_Indoors,annotator,Behavioral Parameters,2022-06-15 00:19:38,2022-06-15 00:19:52
2022-06-15 08:48:52,2022-06-15 08:49:09,Holding_Drink, Holding_Other_Object_Light, Located_Indoors,annotator,Behavioral Parameters,2022-06-15 00:19:52,2022-06-15 00:20:09
2022-06-15 08:49:09,2022-06-15 08:49:16,Holding_Drink, Holding_Other_Object_Light, Located_Indoors,annotator,Behavioral Parameters,2022-06-15 00:20:09,2022-06-15 00:20:16
2022-06-15 08:49:16,2022-06-15 08:49:34,Holding_Drink, Holding_Other_Object_Light, Located_Indoors,annotator,Behavioral Parameters,2022-06-15 00:20:16,2022-06-15 00:20:34
2022-06-15 08:49:34,2022-06-15 08:49:41,Holding_Drink, Holding_Other_Object_Light, Located_Indoors,annotator,Behavioral Parameters,2022-06-15 00:20:34,2022-06-15 00:20:41
2022-06-15 08:49:41,2022-06-15 08:49:50,Holding_Drink, Holding_Other_Object_Light, Located_Indoors,annotator,Behavioral Parameters,2022-06-15 00:20:41,2022-06-15 00:20:50
2022-06-15 08:49:50,2022-06-15 08:50:24,Holding_Drink, Holding_Other_Object_Light, Located_Indoors,annotator,Behavioral Parameters,2022-06-15 00:20:50,2022-06-15 00:21:24
2022-06-15 08:50:24,2022-06-15 08:50:51,Holding_Drink, Holding_Other_Object_Light, Located_Indoors,annotator,Behavioral Parameters,2022-06-15 00:21:24,2022-06-15 00:21:51
2022-06-15 08:50:51,2022-06-15 08:50:57,Holding_Drink, Holding_Other_Object_Light, Located_Indoors,annotator,Behavioral Parameters,2022-06-15 00:21:51,2022-06-15 00:21:57
2022-06-15 08:50:57,2022-06-15 08:51:08,Holding_Drink, Holding_Other_Object_Light, Located_Indoors, In_Conversation,annotator,Behavioral Parameters,2022-06-15 00:21:57,2022-06-15 00:22:08
2022-06-15 08:51:08,2022-06-15 08:51:13,Holding_Drink, Holding_Other_Object_Light, Located_Indoors, In_Conversation, Typing_Computer,annotator,Behavioral Parameters,2022-06-15 00:22:08,2022-06-15 00:22:13
2022-06-15 08:51:13,2022-06-15 08:51:28,Holding_Drink, Holding_Other_Object_Light, Located_Indoors,annotator,Behavioral Parameters,2022-06-15 00:22:13,2022-06-15 00:22:28
2022-06-15 08:51:28,2022-06-15 08:51:41,Holding_Drink, Holding_Other_Object_Light, Located_Indoors, Texting/Browsing_Phone,annotator,Behavioral Parameters,2022-06-15 00:22:28,2022-06-15 00:22:41
2022-06-15 08:51:41,2022-06-15 08:51:56,Holding_Drink, Holding_Other_Object_Light, Located_Indoors,annotator,Behavioral Parameters,2022-06-15 00:22:41,2022-06-15 00:22:56
2022-06-15 08:51:56,2022-06-15 08:52:03,Holding_Drink, Holding_Other_Object_Light, Located_Indoors,annotator,Behavioral Parameters,2022-06-15 00:22:56,2022-06-15 00:23:03
2022-06-15 08:52:03,2022-06-15 08:52:24,Holding_Drink, Holding_Other_Object_Light, Located_Outdoors, Texting/Browsing_Phone,annotator,Behavioral Parameters,2022-06-15 00:23:03,2022-06-15 00:23:24
2022-06-15 08:52:24,2022-06-15 08:52:28,Holding_Drink, Holding_Other_Object_Light, Located_Outdoors,annotator,Behavioral Parameters,2022-06-15 00:23:24,2022-06-15 00:23:28
2022-06-15 08:52:28,2022-06-15 08:53:02,Holding_Drink, Holding_Other_Object_Light, Located_Outdoors, Texting/Browsing_Phone,annotator,Behavioral Parameters,2022-06-15 00:23:28,2022-06-15 00:24:02
2022-06-15 08:53:02,2022-06-15 08:53:53,Holding_Drink, Holding_Other_Object_Light, Located_Outdoors,annotator,Behavioral Parameters,2022-06-15 00:24:02,2022-06-15 00:24:53
2022-06-15 08:53:53,2022-06-15 08:54:03,Holding_Drink, Holding_Other_Object_Light, Located_Indoors,annotator,Behavioral Parameters,2022-06-15 00:24:53,2022-06-15 00:25:03
2022-06-15 08:54:03,2022-06-15 08:54:47,Holding_Drink, Holding_Other_Object_Light, Located_Indoors, Texting/Browsing_Phone,annotator,Behavioral Parameters,2022-06-15 00:25:03,2022-06-15 00:25:47
2022-06-15 08:54:47,2022-06-15 08:54:54,Holding_Drink, Holding_Other_Object_Light, Located_Indoors, Texting/Browsing_Phone,annotator,Behavioral Parameters,2022-06-15 00:25:47,2022-06-15 00:25:54
2022-06-15 08:54:54,2022-06-15 08:55:11,Holding_Drink, Holding_Other_Object_Light, Located_Indoors, Texting/Browsing_Phone,annotator,Behavioral Parameters,2022-06-15 00:25:54,2022-06-15 00:26:11
2022-06-15 08:55:11,2022-06-15 08:55:18,Holding_Drink, Holding_Other_Object_Light, Located_Indoors,annotator,Behavioral Parameters,2022-06-15 00:26:11,2022-06-15 00:26:18
2022-06-15 08:55:18,2022-06-15 08:55:49,Holding_Drink, Holding_Other_Object_Light, Located_Indoors,annotator,Behavioral Parameters,2022-06-15 00:26:18,2022-06-15 00:26:49
