START_TIME,STOP_TIME,PREDICTION,SOURCE,LABELSET,VIDEO_START_TIME,VIDEO_END_TIME
2022-06-01 10:54:00,2022-06-01 10:54:31,Doing_Alternative_Exercise/Therapy/Stretching,annotator,HIGH LEVEL BEHAVIOR,2022-06-01 00:00:04,2022-06-01 00:00:35
2022-06-01 10:54:53,2022-06-01 10:55:17,Grooming/Self_Care,annotator,HIGH LEVEL BEHAVIOR,2022-06-01 00:00:57,2022-06-01 00:01:21
2022-06-01 10:55:18,2022-06-01 10:56:05,Grooming/Self_Care,annotator,HIGH LEVEL BEHAVIOR,2022-06-01 00:01:22,2022-06-01 00:02:09
2022-06-01 10:56:06,2022-06-01 10:56:15,In_Transit_Active,annotator,HIGH LEVEL BEHAVIOR,2022-06-01 00:02:10,2022-06-01 00:02:19
2022-06-01 10:56:22,2022-06-01 10:56:29,In_Transit_Active,annotator,HIGH LEVEL BEHAVIOR,2022-06-01 00:02:26,2022-06-01 00:02:33
2022-06-01 10:56:32,2022-06-01 11:03:55,Grooming/Self_Care,annotator,HIGH LEVEL BEHAVIOR,2022-06-01 00:02:36,2022-06-01 00:09:59
2022-06-01 11:03:56,2022-06-01 11:04:30,Grooming/Self_Care,annotator,HIGH LEVEL BEHAVIOR,2022-06-01 00:10:00,2022-06-01 00:10:34
2022-06-01 11:04:32,2022-06-01 11:04:56,In_Transit_Active,annotator,HIGH LEVEL BEHAVIOR,2022-06-01 00:10:36,2022-06-01 00:11:00
2022-06-01 11:04:58,2022-06-01 11:05:10,In_Transit_Active,annotator,HIGH LEVEL BEHAVIOR,2022-06-01 00:11:02,2022-06-01 00:11:14
2022-06-01 11:05:10,2022-06-01 11:07:25,Cooking/Prepping_Food,annotator,HIGH LEVEL BEHAVIOR,2022-06-01 00:11:14,2022-06-01 00:13:29
2022-06-01 11:07:25,2022-06-01 11:07:47,In_Transit_Active,annotator,HIGH LEVEL BEHAVIOR,2022-06-01 00:13:29,2022-06-01 00:13:51
2022-06-01 11:07:48,2022-06-01 11:14:06,HLB_Indecipherable/Video_Insufficient,annotator,HIGH LEVEL BEHAVIOR,2022-06-01 00:13:52,2022-06-01 00:20:10
2022-06-01 11:14:07,2022-06-01 11:14:13,In_Transit_Active,annotator,HIGH LEVEL BEHAVIOR,2022-06-01 00:20:11,2022-06-01 00:20:17
2022-06-01 11:14:17,2022-06-01 11:14:25,Grooming/Self_Care,annotator,HIGH LEVEL BEHAVIOR,2022-06-01 00:20:21,2022-06-01 00:20:29
2022-06-01 11:14:29,2022-06-01 11:14:54,In_Transit_Active,annotator,HIGH LEVEL BEHAVIOR,2022-06-01 00:20:33,2022-06-01 00:20:58
2022-06-01 11:15:20,2022-06-01 11:15:43,Grooming/Self_Care,annotator,HIGH LEVEL BEHAVIOR,2022-06-01 00:21:24,2022-06-01 00:21:47
2022-06-01 11:16:02,2022-06-01 11:16:29,Doing_Common_Housework,annotator,HIGH LEVEL BEHAVIOR,2022-06-01 00:22:06,2022-06-01 00:22:33
2022-06-01 11:16:30,2022-06-01 11:17:14,Cooking/Prepping_Food,annotator,HIGH LEVEL BEHAVIOR,2022-06-01 00:22:34,2022-06-01 00:23:18
2022-06-01 11:17:30,2022-06-01 11:19:22,Cooking/Prepping_Food,annotator,HIGH LEVEL BEHAVIOR,2022-06-01 00:23:34,2022-06-01 00:25:26
2022-06-01 11:19:28,2022-06-01 11:19:57,Dressing/Undressing,annotator,HIGH LEVEL BEHAVIOR,2022-06-01 00:25:32,2022-06-01 00:26:01
2022-06-01 11:19:59,2022-06-01 11:20:25,Cooking/Prepping_Food,annotator,HIGH LEVEL BEHAVIOR,2022-06-01 00:26:03,2022-06-01 00:26:29
2022-06-01 11:20:31,2022-06-01 11:22:59,Doing_Common_Housework,annotator,HIGH LEVEL BEHAVIOR,2022-06-01 00:26:35,2022-06-01 00:29:03
2022-06-01 11:23:01,2022-06-01 11:23:44,Doing_Common_Housework,annotator,HIGH LEVEL BEHAVIOR,2022-06-01 00:29:05,2022-06-01 00:29:48
2022-06-01 11:23:45,2022-06-01 11:23:57,Doing_Common_Housework,annotator,HIGH LEVEL BEHAVIOR,2022-06-01 00:29:49,2022-06-01 00:30:01
2022-06-01 11:24:02,2022-06-01 11:24:08,Cooking/Prepping_Food,annotator,HIGH LEVEL BEHAVIOR,2022-06-01 00:30:06,2022-06-01 00:30:12
2022-06-01 11:24:10,2022-06-01 11:24:29,Eating/Dining, In_Transit_Active,annotator,HIGH LEVEL BEHAVIOR,2022-06-01 00:30:14,2022-06-01 00:30:33
2022-06-01 11:24:30,2022-06-01 11:25:02,Eating/Dining,annotator,HIGH LEVEL BEHAVIOR,2022-06-01 00:30:34,2022-06-01 00:31:06
2022-06-01 11:25:03,2022-06-01 11:25:19,In_Transit_Active,annotator,HIGH LEVEL BEHAVIOR,2022-06-01 00:31:07,2022-06-01 00:31:23
2022-06-01 11:25:20,2022-06-01 11:25:31,Eating/Dining,annotator,HIGH LEVEL BEHAVIOR,2022-06-01 00:31:24,2022-06-01 00:31:35
2022-06-01 11:25:31,2022-06-01 11:25:41,In_Transit_Active,annotator,HIGH LEVEL BEHAVIOR,2022-06-01 00:31:35,2022-06-01 00:31:45
2022-06-01 11:25:42,2022-06-01 11:26:36,Cooking/Prepping_Food,annotator,HIGH LEVEL BEHAVIOR,2022-06-01 00:31:46,2022-06-01 00:32:40
2022-06-01 11:26:37,2022-06-01 11:27:11,Packing/Unpacking_Something,annotator,HIGH LEVEL BEHAVIOR,2022-06-01 00:32:41,2022-06-01 00:33:15
2022-06-01 11:27:12,2022-06-01 11:27:25,In_Transit_Active,annotator,HIGH LEVEL BEHAVIOR,2022-06-01 00:33:16,2022-06-01 00:33:29
2022-06-01 11:27:30,2022-06-01 11:28:07,In_Transit_Active,annotator,HIGH LEVEL BEHAVIOR,2022-06-01 00:33:34,2022-06-01 00:34:11
2022-06-01 11:28:08,2022-06-01 11:28:39,In_Transit_Active,annotator,HIGH LEVEL BEHAVIOR,2022-06-01 00:34:12,2022-06-01 00:34:43
2022-06-01 11:28:41,2022-06-01 11:29:19,Riding_Elevator_Down,annotator,HIGH LEVEL BEHAVIOR,2022-06-01 00:34:45,2022-06-01 00:35:23
2022-06-01 11:29:21,2022-06-01 11:29:35,In_Transit_Active,annotator,HIGH LEVEL BEHAVIOR,2022-06-01 00:35:25,2022-06-01 00:35:39
2022-06-01 11:29:35,2022-06-01 11:34:47,In_Transit_Active,annotator,HIGH LEVEL BEHAVIOR,2022-06-01 00:35:39,2022-06-01 00:40:51
2022-06-01 11:34:47,2022-06-01 11:35:00,In_Transit_Active,annotator,HIGH LEVEL BEHAVIOR,2022-06-01 00:40:51,2022-06-01 00:41:04
2022-06-01 11:35:00,2022-06-01 11:36:16,In_Transit_Active,annotator,HIGH LEVEL BEHAVIOR,2022-06-01 00:41:04,2022-06-01 00:42:20
2022-06-01 11:36:18,2022-06-01 11:36:30,In_Transit_Active,annotator,HIGH LEVEL BEHAVIOR,2022-06-01 00:42:22,2022-06-01 00:42:34
2022-06-01 11:36:30,2022-06-01 11:36:44,In_Transit_Active,annotator,HIGH LEVEL BEHAVIOR,2022-06-01 00:42:34,2022-06-01 00:42:48
2022-06-01 11:36:45,2022-06-01 11:38:04,In_Transit_Active,annotator,HIGH LEVEL BEHAVIOR,2022-06-01 00:42:49,2022-06-01 00:44:08
2022-06-01 11:38:05,2022-06-01 11:38:28,In_Transit_Active,annotator,HIGH LEVEL BEHAVIOR,2022-06-01 00:44:09,2022-06-01 00:44:32
2022-06-01 11:38:28,2022-06-01 11:39:13,Packing/Unpacking_Something,annotator,HIGH LEVEL BEHAVIOR,2022-06-01 00:44:32,2022-06-01 00:45:17
2022-06-01 11:39:14,2022-06-01 11:59:34,Using_Computer/Screen, Watching_Lecture,annotator,HIGH LEVEL BEHAVIOR,2022-06-01 00:45:18,2022-06-01 01:05:38
2022-06-01 11:59:35,2022-06-01 12:03:39,Watching_Lecture,annotator,HIGH LEVEL BEHAVIOR,2022-06-01 01:05:39,2022-06-01 01:09:43
2022-06-01 12:03:43,2022-06-01 12:32:59,Watching_Lecture, Using_Computer/Screen,annotator,HIGH LEVEL BEHAVIOR,2022-06-01 01:09:47,2022-06-01 01:39:03
2022-06-01 12:33:01,2022-06-01 12:39:23,Watching_Lecture,annotator,HIGH LEVEL BEHAVIOR,2022-06-01 01:39:05,2022-06-01 01:45:27
2022-06-01 12:39:25,2022-06-01 13:11:44,Watching_Lecture, Using_Computer/Screen,annotator,HIGH LEVEL BEHAVIOR,2022-06-01 01:45:29,2022-06-01 02:17:48
2022-06-01 13:11:45,2022-06-01 13:15:32,Using_Computer/Screen,annotator,HIGH LEVEL BEHAVIOR,2022-06-01 02:17:49,2022-06-01 02:21:36
2022-06-01 13:15:38,2022-06-01 13:15:53,Packing/Unpacking_Something,annotator,HIGH LEVEL BEHAVIOR,2022-06-01 02:21:42,2022-06-01 02:21:57
2022-06-01 13:15:53,2022-06-01 13:15:58,Relaxing_Passive,annotator,HIGH LEVEL BEHAVIOR,2022-06-01 02:21:57,2022-06-01 02:22:02
2022-06-01 13:15:59,2022-06-01 13:16:15,Packing/Unpacking_Something,annotator,HIGH LEVEL BEHAVIOR,2022-06-01 02:22:03,2022-06-01 02:22:19
2022-06-01 13:16:21,2022-06-01 13:17:07,In_Transit_Active,annotator,HIGH LEVEL BEHAVIOR,2022-06-01 02:22:25,2022-06-01 02:23:11
2022-06-01 13:17:14,2022-06-01 13:17:59,In_Bathroom,annotator,HIGH LEVEL BEHAVIOR,2022-06-01 02:23:18,2022-06-01 02:24:03
2022-06-01 13:18:04,2022-06-01 13:18:17,In_Bathroom, In_Transit_Active,annotator,HIGH LEVEL BEHAVIOR,2022-06-01 02:24:08,2022-06-01 02:24:21
2022-06-01 13:18:18,2022-06-01 13:18:21,Grooming/Self_Care,annotator,HIGH LEVEL BEHAVIOR,2022-06-01 02:24:22,2022-06-01 02:24:25
2022-06-01 13:18:28,2022-06-01 13:18:58,Grooming/Self_Care,annotator,HIGH LEVEL BEHAVIOR,2022-06-01 02:24:32,2022-06-01 02:25:02
2022-06-01 13:18:58,2022-06-01 13:19:31,Relaxing_Passive,annotator,HIGH LEVEL BEHAVIOR,2022-06-01 02:25:02,2022-06-01 02:25:35
2022-06-01 13:19:34,2022-06-01 13:20:08,Meeting _Social_Gathering_In_Person,annotator,HIGH LEVEL BEHAVIOR,2022-06-01 02:25:38,2022-06-01 02:26:12
2022-06-01 13:20:09,2022-06-01 13:20:27,In_Transit_Active,annotator,HIGH LEVEL BEHAVIOR,2022-06-01 02:26:13,2022-06-01 02:26:31
2022-06-01 13:20:27,2022-06-01 13:27:14,In_Transit_Active,annotator,HIGH LEVEL BEHAVIOR,2022-06-01 02:26:31,2022-06-01 02:33:18
2022-06-01 13:27:15,2022-06-01 13:28:50,In_Transit_Active,annotator,HIGH LEVEL BEHAVIOR,2022-06-01 02:33:19,2022-06-01 02:34:54
2022-06-01 13:29:03,2022-06-01 13:29:27,Doing_Common_Housework,annotator,HIGH LEVEL BEHAVIOR,2022-06-01 02:35:07,2022-06-01 02:35:31
2022-06-01 13:29:28,2022-06-01 13:30:01,In_Transit_Active,annotator,HIGH LEVEL BEHAVIOR,2022-06-01 02:35:32,2022-06-01 02:36:05
2022-06-01 13:30:02,2022-06-01 13:31:06,In_Transit_Active, Cooking/Prepping_Food,annotator,HIGH LEVEL BEHAVIOR,2022-06-01 02:36:06,2022-06-01 02:37:10
2022-06-01 13:31:12,2022-06-01 13:31:39,Cooking/Prepping_Food,annotator,HIGH LEVEL BEHAVIOR,2022-06-01 02:37:16,2022-06-01 02:37:43
2022-06-01 13:31:39,2022-06-01 13:31:46,In_Transit_Active,annotator,HIGH LEVEL BEHAVIOR,2022-06-01 02:37:43,2022-06-01 02:37:50
2022-06-01 13:31:47,2022-06-01 13:31:58,In_Transit_Active,annotator,HIGH LEVEL BEHAVIOR,2022-06-01 02:37:51,2022-06-01 02:38:02
2022-06-01 13:32:00,2022-06-01 13:32:35,Cooking/Prepping_Food,annotator,HIGH LEVEL BEHAVIOR,2022-06-01 02:38:04,2022-06-01 02:38:39
2022-06-01 13:32:35,2022-06-01 13:32:54,In_Transit_Active,annotator,HIGH LEVEL BEHAVIOR,2022-06-01 02:38:39,2022-06-01 02:38:58
2022-06-01 13:32:56,2022-06-01 13:33:12,In_Transit_Active,annotator,HIGH LEVEL BEHAVIOR,2022-06-01 02:39:00,2022-06-01 02:39:16
2022-06-01 13:33:13,2022-06-01 13:37:45,Eating/Dining,annotator,HIGH LEVEL BEHAVIOR,2022-06-01 02:39:17,2022-06-01 02:43:49
2022-06-01 13:37:50,2022-06-01 13:38:01,Packing/Unpacking_Something,annotator,HIGH LEVEL BEHAVIOR,2022-06-01 02:43:54,2022-06-01 02:44:05
2022-06-01 13:38:03,2022-06-01 13:39:02,Eating/Dining,annotator,HIGH LEVEL BEHAVIOR,2022-06-01 02:44:07,2022-06-01 02:45:06
2022-06-01 13:39:03,2022-06-01 13:40:17,Eating/Dining,annotator,HIGH LEVEL BEHAVIOR,2022-06-01 02:45:07,2022-06-01 02:46:21
2022-06-01 13:40:23,2022-06-01 13:41:11,HLB_Indecipherable/Video_Insufficient,annotator,HIGH LEVEL BEHAVIOR,2022-06-01 02:46:27,2022-06-01 02:47:15
2022-06-01 13:41:12,2022-06-01 13:43:46,Eating/Dining, Working_Other, Using_Computer/Screen,annotator,HIGH LEVEL BEHAVIOR,2022-06-01 02:47:16,2022-06-01 02:49:50
2022-06-01 13:43:46,2022-06-01 13:46:54,Working_Other,annotator,HIGH LEVEL BEHAVIOR,2022-06-01 02:49:50,2022-06-01 02:52:58
2022-06-01 13:46:55,2022-06-01 13:52:07,Working_Other, Using_Computer/Screen,annotator,HIGH LEVEL BEHAVIOR,2022-06-01 02:52:59,2022-06-01 02:58:11
2022-06-01 13:52:15,2022-06-01 14:06:33,Working_Other, Using_Computer/Screen,annotator,HIGH LEVEL BEHAVIOR,2022-06-01 02:58:19,2022-06-01 03:12:37
2022-06-01 14:06:41,2022-06-01 14:07:33,Packing/Unpacking_Something,annotator,HIGH LEVEL BEHAVIOR,2022-06-01 03:12:45,2022-06-01 03:13:37
2022-06-01 14:07:36,2022-06-01 14:08:08,In_Transit_Active,annotator,HIGH LEVEL BEHAVIOR,2022-06-01 03:13:40,2022-06-01 03:14:12
2022-06-01 14:08:25,2022-06-01 14:08:35,In_Transit_Active,annotator,HIGH LEVEL BEHAVIOR,2022-06-01 03:14:29,2022-06-01 03:14:39
2022-06-01 14:08:43,2022-06-01 14:10:40,In_Transit_Active,annotator,HIGH LEVEL BEHAVIOR,2022-06-01 03:14:47,2022-06-01 03:16:44
2022-06-01 14:10:41,2022-06-01 14:10:47,In_Transit_Active,annotator,HIGH LEVEL BEHAVIOR,2022-06-01 03:16:45,2022-06-01 03:16:51
2022-06-01 14:10:51,2022-06-01 14:12:12,In_Transit_Active,annotator,HIGH LEVEL BEHAVIOR,2022-06-01 03:16:55,2022-06-01 03:18:16
2022-06-01 14:12:12,2022-06-01 14:12:17,In_Transit_Active,annotator,HIGH LEVEL BEHAVIOR,2022-06-01 03:18:16,2022-06-01 03:18:21
2022-06-01 14:12:17,2022-06-01 14:12:53,In_Transit_Active,annotator,HIGH LEVEL BEHAVIOR,2022-06-01 03:18:21,2022-06-01 03:18:57
2022-06-01 14:12:53,2022-06-01 14:12:57,In_Transit_Active,annotator,HIGH LEVEL BEHAVIOR,2022-06-01 03:18:57,2022-06-01 03:19:01
2022-06-01 14:12:58,2022-06-01 14:13:04,In_Transit_Active,annotator,HIGH LEVEL BEHAVIOR,2022-06-01 03:19:02,2022-06-01 03:19:08
2022-06-01 14:13:04,2022-06-01 14:13:41,In_Transit_Active,annotator,HIGH LEVEL BEHAVIOR,2022-06-01 03:19:08,2022-06-01 03:19:45
2022-06-01 14:13:41,2022-06-01 14:14:40,In_Transit_Active,annotator,HIGH LEVEL BEHAVIOR,2022-06-01 03:19:45,2022-06-01 03:20:44
2022-06-01 14:14:40,2022-06-01 14:14:45,In_Transit_Active,annotator,HIGH LEVEL BEHAVIOR,2022-06-01 03:20:44,2022-06-01 03:20:49
2022-06-01 14:14:45,2022-06-01 14:14:51,In_Transit_Active,annotator,HIGH LEVEL BEHAVIOR,2022-06-01 03:20:49,2022-06-01 03:20:55
2022-06-01 14:14:51,2022-06-01 14:14:59,In_Transit_Active,annotator,HIGH LEVEL BEHAVIOR,2022-06-01 03:20:55,2022-06-01 03:21:03
2022-06-01 14:14:59,2022-06-01 14:15:33,,annotator,HIGH LEVEL BEHAVIOR,2022-06-01 03:21:03,2022-06-01 03:21:37
2022-06-01 14:15:33,2022-06-01 14:15:43,,annotator,HIGH LEVEL BEHAVIOR,2022-06-01 03:21:37,2022-06-01 03:21:47
2022-06-01 14:15:43,2022-06-01 14:17:35,,annotator,HIGH LEVEL BEHAVIOR,2022-06-01 03:21:47,2022-06-01 03:23:39
2022-06-01 14:17:35,2022-06-01 14:17:52,Packing/Unpacking_Something,annotator,HIGH LEVEL BEHAVIOR,2022-06-01 03:23:39,2022-06-01 03:23:56
2022-06-01 14:17:52,2022-06-01 14:18:43,Using_Computer/Screen,annotator,HIGH LEVEL BEHAVIOR,2022-06-01 03:23:56,2022-06-01 03:24:47
2022-06-01 14:18:43,2022-06-01 14:18:47,Using_Computer/Screen, Packing/Unpacking_Something,annotator,HIGH LEVEL BEHAVIOR,2022-06-01 03:24:47,2022-06-01 03:24:51
2022-06-01 14:18:47,2022-06-01 14:19:22,,annotator,HIGH LEVEL BEHAVIOR,2022-06-01 03:24:51,2022-06-01 03:25:26
2022-06-01 14:19:22,2022-06-01 14:21:00,Packing/Unpacking_Something,annotator,HIGH LEVEL BEHAVIOR,2022-06-01 03:25:26,2022-06-01 03:27:04
2022-06-01 14:21:00,2022-06-01 14:21:34,Using_Computer/Screen,annotator,HIGH LEVEL BEHAVIOR,2022-06-01 03:27:04,2022-06-01 03:27:38
2022-06-01 14:21:34,2022-06-01 14:21:40,,annotator,HIGH LEVEL BEHAVIOR,2022-06-01 03:27:38,2022-06-01 03:27:44
2022-06-01 14:21:40,2022-06-01 14:22:45,,annotator,HIGH LEVEL BEHAVIOR,2022-06-01 03:27:44,2022-06-01 03:28:49
2022-06-01 14:22:45,2022-06-01 14:23:05,,annotator,HIGH LEVEL BEHAVIOR,2022-06-01 03:28:49,2022-06-01 03:29:09
2022-06-01 14:23:05,2022-06-01 14:23:18,Using_Computer/Screen,annotator,HIGH LEVEL BEHAVIOR,2022-06-01 03:29:09,2022-06-01 03:29:22
2022-06-01 14:23:18,2022-06-01 14:23:42,,annotator,HIGH LEVEL BEHAVIOR,2022-06-01 03:29:22,2022-06-01 03:29:46
2022-06-01 14:23:42,2022-06-01 14:24:46,,annotator,HIGH LEVEL BEHAVIOR,2022-06-01 03:29:46,2022-06-01 03:30:50
2022-06-01 14:24:46,2022-06-01 14:25:30,Watching_Lecture,annotator,HIGH LEVEL BEHAVIOR,2022-06-01 03:30:50,2022-06-01 03:31:34
2022-06-01 14:25:30,2022-06-01 14:26:12,Watching_Lecture, Using_Computer/Screen,annotator,HIGH LEVEL BEHAVIOR,2022-06-01 03:31:34,2022-06-01 03:32:16
2022-06-01 14:26:12,2022-06-01 14:26:37,Watching_Lecture, Using_Computer/Screen,annotator,HIGH LEVEL BEHAVIOR,2022-06-01 03:32:16,2022-06-01 03:32:41
2022-06-01 14:26:37,2022-06-01 14:27:08,Watching_Lecture, Using_Computer/Screen,annotator,HIGH LEVEL BEHAVIOR,2022-06-01 03:32:41,2022-06-01 03:33:12
2022-06-01 14:27:08,2022-06-01 14:27:20,Watching_Lecture,annotator,HIGH LEVEL BEHAVIOR,2022-06-01 03:33:12,2022-06-01 03:33:24
2022-06-01 14:27:20,2022-06-01 14:38:06,Watching_Lecture, HLB_Indecipherable/Video_Insufficient,annotator,HIGH LEVEL BEHAVIOR,2022-06-01 03:33:24,2022-06-01 03:44:10
2022-06-01 14:38:06,2022-06-01 14:38:27,Watching_Lecture, Packing/Unpacking_Something,annotator,HIGH LEVEL BEHAVIOR,2022-06-01 03:44:10,2022-06-01 03:44:31
2022-06-01 14:38:27,2022-06-01 14:38:44,Watching_Lecture, Packing/Unpacking_Something,annotator,HIGH LEVEL BEHAVIOR,2022-06-01 03:44:31,2022-06-01 03:44:48
2022-06-01 14:38:44,2022-06-01 14:40:56,Watching_Lecture, Using_Computer/Screen,annotator,HIGH LEVEL BEHAVIOR,2022-06-01 03:44:48,2022-06-01 03:47:00
2022-06-01 14:40:56,2022-06-01 14:41:13,Watching_Lecture,annotator,HIGH LEVEL BEHAVIOR,2022-06-01 03:47:00,2022-06-01 03:47:17
2022-06-01 14:41:13,2022-06-01 14:41:56,Watching_Lecture,annotator,HIGH LEVEL BEHAVIOR,2022-06-01 03:47:17,2022-06-01 03:48:00
2022-06-01 14:41:56,2022-06-01 14:42:11,Watching_Lecture,annotator,HIGH LEVEL BEHAVIOR,2022-06-01 03:48:00,2022-06-01 03:48:15
2022-06-01 14:42:11,2022-06-01 14:42:21,Watching_Lecture,annotator,HIGH LEVEL BEHAVIOR,2022-06-01 03:48:15,2022-06-01 03:48:25
2022-06-01 14:42:21,2022-06-01 14:42:32,Watching_Lecture,annotator,HIGH LEVEL BEHAVIOR,2022-06-01 03:48:25,2022-06-01 03:48:36
2022-06-01 14:42:32,2022-06-01 14:43:07,Watching_Lecture,annotator,HIGH LEVEL BEHAVIOR,2022-06-01 03:48:36,2022-06-01 03:49:11
2022-06-01 14:43:07,2022-06-01 14:43:17,Watching_Lecture,annotator,HIGH LEVEL BEHAVIOR,2022-06-01 03:49:11,2022-06-01 03:49:21
2022-06-01 14:43:17,2022-06-01 14:47:00,Watching_Lecture,annotator,HIGH LEVEL BEHAVIOR,2022-06-01 03:49:21,2022-06-01 03:53:04
2022-06-01 14:47:00,2022-06-01 14:47:20,Watching_Lecture, Using_Computer/Screen,annotator,HIGH LEVEL BEHAVIOR,2022-06-01 03:53:04,2022-06-01 03:53:24
2022-06-01 14:47:20,2022-06-01 14:47:40,Watching_Lecture,annotator,HIGH LEVEL BEHAVIOR,2022-06-01 03:53:24,2022-06-01 03:53:44
2022-06-01 14:47:40,2022-06-01 14:48:20,Watching_Lecture,annotator,HIGH LEVEL BEHAVIOR,2022-06-01 03:53:44,2022-06-01 03:54:24
2022-06-01 14:48:20,2022-06-01 14:48:30,Watching_Lecture,annotator,HIGH LEVEL BEHAVIOR,2022-06-01 03:54:24,2022-06-01 03:54:34
2022-06-01 14:48:30,2022-06-01 14:48:43,Watching_Lecture,annotator,HIGH LEVEL BEHAVIOR,2022-06-01 03:54:34,2022-06-01 03:54:47
2022-06-01 14:48:43,2022-06-01 14:51:20,Watching_Lecture,annotator,HIGH LEVEL BEHAVIOR,2022-06-01 03:54:47,2022-06-01 03:57:24
2022-06-01 14:51:20,2022-06-01 14:51:52,Watching_Lecture,annotator,HIGH LEVEL BEHAVIOR,2022-06-01 03:57:24,2022-06-01 03:57:56
2022-06-01 14:51:52,2022-06-01 14:56:09,Watching_Lecture,annotator,HIGH LEVEL BEHAVIOR,2022-06-01 03:57:56,2022-06-01 04:02:13
2022-06-01 14:56:09,2022-06-01 14:56:28,Packing/Unpacking_Something,annotator,HIGH LEVEL BEHAVIOR,2022-06-01 04:02:13,2022-06-01 04:02:32
2022-06-01 14:56:28,2022-06-01 14:56:38,,annotator,HIGH LEVEL BEHAVIOR,2022-06-01 04:02:32,2022-06-01 04:02:42
2022-06-01 14:56:38,2022-06-01 14:56:58,,annotator,HIGH LEVEL BEHAVIOR,2022-06-01 04:02:42,2022-06-01 04:03:02
2022-06-01 14:56:58,2022-06-01 14:57:09,,annotator,HIGH LEVEL BEHAVIOR,2022-06-01 04:03:02,2022-06-01 04:03:13
2022-06-01 14:57:09,2022-06-01 14:57:17,,annotator,HIGH LEVEL BEHAVIOR,2022-06-01 04:03:13,2022-06-01 04:03:21
2022-06-01 14:57:17,2022-06-01 14:57:35,Packing/Unpacking_Something,annotator,HIGH LEVEL BEHAVIOR,2022-06-01 04:03:21,2022-06-01 04:03:39
2022-06-01 14:57:35,2022-06-01 14:57:39,,annotator,HIGH LEVEL BEHAVIOR,2022-06-01 04:03:39,2022-06-01 04:03:43
2022-06-01 14:57:39,2022-06-01 14:57:46,,annotator,HIGH LEVEL BEHAVIOR,2022-06-01 04:03:43,2022-06-01 04:03:50
2022-06-01 14:57:46,2022-06-01 14:59:38,,annotator,HIGH LEVEL BEHAVIOR,2022-06-01 04:03:50,2022-06-01 04:05:42
2022-06-01 14:59:40,2022-06-01 14:59:46,,annotator,HIGH LEVEL BEHAVIOR,2022-06-01 04:05:44,2022-06-01 04:05:50
2022-06-01 14:59:46,2022-06-01 14:59:53,,annotator,HIGH LEVEL BEHAVIOR,2022-06-01 04:05:50,2022-06-01 04:05:57
2022-06-01 14:59:53,2022-06-01 14:59:57,,annotator,HIGH LEVEL BEHAVIOR,2022-06-01 04:05:57,2022-06-01 04:06:01
2022-06-01 14:59:57,2022-06-01 15:00:03,In_Transit_Active,annotator,HIGH LEVEL BEHAVIOR,2022-06-01 04:06:01,2022-06-01 04:06:07
2022-06-01 15:00:03,2022-06-01 15:00:15,In_Transit_Active,annotator,HIGH LEVEL BEHAVIOR,2022-06-01 04:06:07,2022-06-01 04:06:19
2022-06-01 15:00:15,2022-06-01 15:00:22,,annotator,HIGH LEVEL BEHAVIOR,2022-06-01 04:06:19,2022-06-01 04:06:26
2022-06-01 15:00:22,2022-06-01 15:00:27,In_Transit_Active,annotator,HIGH LEVEL BEHAVIOR,2022-06-01 04:06:26,2022-06-01 04:06:31
2022-06-01 15:00:28,2022-06-01 15:01:02,In_Transit_Active,annotator,HIGH LEVEL BEHAVIOR,2022-06-01 04:06:32,2022-06-01 04:07:06
2022-06-01 15:01:02,2022-06-01 15:01:19,In_Transit_Active,annotator,HIGH LEVEL BEHAVIOR,2022-06-01 04:07:06,2022-06-01 04:07:23
2022-06-01 15:01:19,2022-06-01 15:01:28,In_Transit_Active,annotator,HIGH LEVEL BEHAVIOR,2022-06-01 04:07:23,2022-06-01 04:07:32
2022-06-01 15:01:28,2022-06-01 15:02:29,,annotator,HIGH LEVEL BEHAVIOR,2022-06-01 04:07:32,2022-06-01 04:08:33
2022-06-01 15:02:30,2022-06-01 15:02:38,,annotator,HIGH LEVEL BEHAVIOR,2022-06-01 04:08:34,2022-06-01 04:08:42
2022-06-01 15:02:38,2022-06-01 15:02:55,,annotator,HIGH LEVEL BEHAVIOR,2022-06-01 04:08:42,2022-06-01 04:08:59
2022-06-01 15:02:55,2022-06-01 15:02:59,,annotator,HIGH LEVEL BEHAVIOR,2022-06-01 04:08:59,2022-06-01 04:09:03
2022-06-01 15:02:59,2022-06-01 15:03:02,,annotator,HIGH LEVEL BEHAVIOR,2022-06-01 04:09:03,2022-06-01 04:09:06
2022-06-01 15:03:03,2022-06-01 15:03:27,,annotator,HIGH LEVEL BEHAVIOR,2022-06-01 04:09:07,2022-06-01 04:09:31
2022-06-01 15:03:27,2022-06-01 15:03:38,,annotator,HIGH LEVEL BEHAVIOR,2022-06-01 04:09:31,2022-06-01 04:09:42
2022-06-01 15:03:38,2022-06-01 15:03:51,,annotator,HIGH LEVEL BEHAVIOR,2022-06-01 04:09:42,2022-06-01 04:09:55
2022-06-01 15:03:51,2022-06-01 15:03:55,,annotator,HIGH LEVEL BEHAVIOR,2022-06-01 04:09:55,2022-06-01 04:09:59
2022-06-01 15:03:55,2022-06-01 15:04:25,,annotator,HIGH LEVEL BEHAVIOR,2022-06-01 04:09:59,2022-06-01 04:10:29
2022-06-01 15:04:25,2022-06-01 15:04:54,,annotator,HIGH LEVEL BEHAVIOR,2022-06-01 04:10:29,2022-06-01 04:10:58
2022-06-01 15:04:54,2022-06-01 15:05:05,,annotator,HIGH LEVEL BEHAVIOR,2022-06-01 04:10:58,2022-06-01 04:11:09
2022-06-01 15:05:05,2022-06-01 15:09:15,,annotator,HIGH LEVEL BEHAVIOR,2022-06-01 04:11:09,2022-06-01 04:15:19
2022-06-01 15:09:15,2022-06-01 15:10:50,In_Transit_Active,annotator,HIGH LEVEL BEHAVIOR,2022-06-01 04:15:19,2022-06-01 04:16:54
2022-06-01 15:10:50,2022-06-01 15:11:08,In_Transit_Active,annotator,HIGH LEVEL BEHAVIOR,2022-06-01 04:16:54,2022-06-01 04:17:12
2022-06-01 15:11:08,2022-06-01 15:11:20,In_Transit_Active,annotator,HIGH LEVEL BEHAVIOR,2022-06-01 04:17:12,2022-06-01 04:17:24
2022-06-01 15:11:20,2022-06-01 15:12:21,In_Transit_Active,annotator,HIGH LEVEL BEHAVIOR,2022-06-01 04:17:24,2022-06-01 04:18:25
2022-06-01 15:12:21,2022-06-01 15:13:06,In_Transit_Active,annotator,HIGH LEVEL BEHAVIOR,2022-06-01 04:18:25,2022-06-01 04:19:10
2022-06-01 15:13:06,2022-06-01 15:13:44,In_Transit_Active,annotator,HIGH LEVEL BEHAVIOR,2022-06-01 04:19:10,2022-06-01 04:19:48
2022-06-01 15:13:44,2022-06-01 15:16:25,Meeting _Social_Gathering_In_Person,annotator,HIGH LEVEL BEHAVIOR,2022-06-01 04:19:48,2022-06-01 04:22:29
2022-06-01 15:16:25,2022-06-01 15:16:49,Meeting _Social_Gathering_In_Person,annotator,HIGH LEVEL BEHAVIOR,2022-06-01 04:22:29,2022-06-01 04:22:53
2022-06-01 15:17:03,2022-06-01 15:17:29,Meeting _Social_Gathering_In_Person,annotator,HIGH LEVEL BEHAVIOR,2022-06-01 04:23:07,2022-06-01 04:23:33
2022-06-01 15:17:29,2022-06-01 15:19:09,Meeting _Social_Gathering_In_Person, Using_Computer/Screen,annotator,HIGH LEVEL BEHAVIOR,2022-06-01 04:23:33,2022-06-01 04:25:13
2022-06-01 15:19:09,2022-06-01 15:20:17,Meeting _Social_Gathering_In_Person, Using_Computer/Screen,annotator,HIGH LEVEL BEHAVIOR,2022-06-01 04:25:13,2022-06-01 04:26:21
2022-06-01 15:20:17,2022-06-01 15:25:25,Meeting _Social_Gathering_In_Person, Using_Computer/Screen,annotator,HIGH LEVEL BEHAVIOR,2022-06-01 04:26:21,2022-06-01 04:31:29
2022-06-01 15:25:25,2022-06-01 15:29:39,Meeting _Social_Gathering_In_Person, Using_Computer/Screen,annotator,HIGH LEVEL BEHAVIOR,2022-06-01 04:31:29,2022-06-01 04:35:43
2022-06-01 15:29:39,2022-06-01 15:33:34,Meeting _Social_Gathering_In_Person, Using_Computer/Screen,annotator,HIGH LEVEL BEHAVIOR,2022-06-01 04:35:43,2022-06-01 04:39:38
2022-06-01 15:33:34,2022-06-01 15:46:11,Meeting _Social_Gathering_In_Person, Using_Computer/Screen,annotator,HIGH LEVEL BEHAVIOR,2022-06-01 04:39:38,2022-06-01 04:52:15
2022-06-01 15:46:11,2022-06-01 15:47:02,Meeting _Social_Gathering_In_Person, Using_Computer/Screen,annotator,HIGH LEVEL BEHAVIOR,2022-06-01 04:52:15,2022-06-01 04:53:06
2022-06-01 15:47:02,2022-06-01 15:52:01,Meeting _Social_Gathering_In_Person, Using_Computer/Screen,annotator,HIGH LEVEL BEHAVIOR,2022-06-01 04:53:06,2022-06-01 04:58:05
2022-06-01 15:52:01,2022-06-01 15:53:51,Meeting _Social_Gathering_In_Person, Using_Computer/Screen,annotator,HIGH LEVEL BEHAVIOR,2022-06-01 04:58:05,2022-06-01 04:59:55
2022-06-01 15:53:51,2022-06-01 15:57:09,Meeting _Social_Gathering_In_Person, Using_Computer/Screen,annotator,HIGH LEVEL BEHAVIOR,2022-06-01 04:59:55,2022-06-01 05:03:13
2022-06-01 15:57:09,2022-06-01 15:58:20,Meeting _Social_Gathering_In_Person, Using_Computer/Screen,annotator,HIGH LEVEL BEHAVIOR,2022-06-01 05:03:13,2022-06-01 05:04:24
2022-06-01 15:58:20,2022-06-01 15:58:58,Meeting _Social_Gathering_In_Person, Using_Computer/Screen,annotator,HIGH LEVEL BEHAVIOR,2022-06-01 05:04:24,2022-06-01 05:05:02
2022-06-01 15:58:58,2022-06-01 16:00:48,Meeting _Social_Gathering_In_Person, Using_Computer/Screen,annotator,HIGH LEVEL BEHAVIOR,2022-06-01 05:05:02,2022-06-01 05:06:52
2022-06-01 16:00:48,2022-06-01 16:01:23,Meeting _Social_Gathering_In_Person, Using_Computer/Screen,annotator,HIGH LEVEL BEHAVIOR,2022-06-01 05:06:52,2022-06-01 05:07:27
2022-06-01 16:01:23,2022-06-01 16:04:08,Meeting _Social_Gathering_In_Person, Using_Computer/Screen,annotator,HIGH LEVEL BEHAVIOR,2022-06-01 05:07:27,2022-06-01 05:10:12
2022-06-01 16:04:08,2022-06-01 16:21:42,Meeting _Social_Gathering_In_Person, Using_Computer/Screen,annotator,HIGH LEVEL BEHAVIOR,2022-06-01 05:10:12,2022-06-01 05:27:46
2022-06-01 16:21:45,2022-06-01 16:25:53,HLB_Indecipherable/Video_Insufficient,annotator,HIGH LEVEL BEHAVIOR,2022-06-01 05:27:49,2022-06-01 05:31:57
2022-06-01 16:25:53,2022-06-01 16:45:53,Meeting _Social_Gathering_In_Person, Using_Computer/Screen,annotator,HIGH LEVEL BEHAVIOR,2022-06-01 05:31:57,2022-06-01 05:51:57
2022-06-01 16:45:53,2022-06-01 16:51:21,Meeting _Social_Gathering_In_Person, Using_Computer/Screen,annotator,HIGH LEVEL BEHAVIOR,2022-06-01 05:51:57,2022-06-01 05:57:25
2022-06-01 16:51:21,2022-06-01 16:51:25,Meeting _Social_Gathering_In_Person, Using_Computer/Screen,annotator,HIGH LEVEL BEHAVIOR,2022-06-01 05:57:25,2022-06-01 05:57:29
2022-06-01 16:51:34,2022-06-01 16:52:22,,annotator,HIGH LEVEL BEHAVIOR,2022-06-01 05:57:38,2022-06-01 05:58:26
2022-06-01 16:52:22,2022-06-01 16:52:45,,annotator,HIGH LEVEL BEHAVIOR,2022-06-01 05:58:26,2022-06-01 05:58:49
2022-06-01 16:52:45,2022-06-01 16:54:13,,annotator,HIGH LEVEL BEHAVIOR,2022-06-01 05:58:49,2022-06-01 06:00:17
2022-06-01 16:54:13,2022-06-01 16:54:49,Riding_Elevator_Up,annotator,HIGH LEVEL BEHAVIOR,2022-06-01 06:00:17,2022-06-01 06:00:53
2022-06-01 16:54:49,2022-06-01 16:55:10,,annotator,HIGH LEVEL BEHAVIOR,2022-06-01 06:00:53,2022-06-01 06:01:14
2022-06-01 16:55:10,2022-06-01 16:55:54,,annotator,HIGH LEVEL BEHAVIOR,2022-06-01 06:01:14,2022-06-01 06:01:58
2022-06-01 16:55:54,2022-06-01 16:56:12,,annotator,HIGH LEVEL BEHAVIOR,2022-06-01 06:01:58,2022-06-01 06:02:16
2022-06-01 16:56:13,2022-06-01 16:58:54,,annotator,HIGH LEVEL BEHAVIOR,2022-06-01 06:02:17,2022-06-01 06:04:58
2022-06-01 16:58:54,2022-06-01 17:02:39,,annotator,HIGH LEVEL BEHAVIOR,2022-06-01 06:04:58,2022-06-01 06:08:43
2022-06-01 17:02:50,2022-06-01 17:06:00,HLB_Indecipherable/Video_Insufficient,annotator,HIGH LEVEL BEHAVIOR,2022-06-01 06:08:54,2022-06-01 06:12:04
2022-06-01 17:06:00,2022-06-01 17:12:19,,annotator,HIGH LEVEL BEHAVIOR,2022-06-01 06:12:04,2022-06-01 06:18:23
2022-06-01 17:12:19,2022-06-01 17:13:32,,annotator,HIGH LEVEL BEHAVIOR,2022-06-01 06:18:23,2022-06-01 06:19:36
2022-06-01 17:13:51,2022-06-01 17:21:02,HLB_Indecipherable/Video_Insufficient,annotator,HIGH LEVEL BEHAVIOR,2022-06-01 06:19:55,2022-06-01 06:27:06
2022-06-01 17:21:05,2022-06-01 17:22:12,,annotator,HIGH LEVEL BEHAVIOR,2022-06-01 06:27:09,2022-06-01 06:28:16
2022-06-01 17:22:12,2022-06-01 17:22:22,,annotator,HIGH LEVEL BEHAVIOR,2022-06-01 06:28:16,2022-06-01 06:28:26
2022-06-01 17:22:22,2022-06-01 17:24:01,,annotator,HIGH LEVEL BEHAVIOR,2022-06-01 06:28:26,2022-06-01 06:30:05
2022-06-01 17:24:01,2022-06-01 17:24:26,Riding_Elevator_Down,annotator,HIGH LEVEL BEHAVIOR,2022-06-01 06:30:05,2022-06-01 06:30:30
2022-06-01 17:24:26,2022-06-01 17:24:45,In_Transit_Active,annotator,HIGH LEVEL BEHAVIOR,2022-06-01 06:30:30,2022-06-01 06:30:49
2022-06-01 17:24:45,2022-06-01 17:25:09,In_Transit_Active,annotator,HIGH LEVEL BEHAVIOR,2022-06-01 06:30:49,2022-06-01 06:31:13
2022-06-01 17:25:09,2022-06-01 17:25:22,In_Transit_Active,annotator,HIGH LEVEL BEHAVIOR,2022-06-01 06:31:13,2022-06-01 06:31:26
2022-06-01 17:25:24,2022-06-01 17:26:13,In_Transit_Active,annotator,HIGH LEVEL BEHAVIOR,2022-06-01 06:31:28,2022-06-01 06:32:17
2022-06-01 17:26:13,2022-06-01 17:26:42,In_Transit_Active,annotator,HIGH LEVEL BEHAVIOR,2022-06-01 06:32:17,2022-06-01 06:32:46
2022-06-01 17:26:42,2022-06-01 17:27:30,In_Transit_Active,annotator,HIGH LEVEL BEHAVIOR,2022-06-01 06:32:46,2022-06-01 06:33:34
2022-06-01 17:27:30,2022-06-01 17:27:36,In_Transit_Active,annotator,HIGH LEVEL BEHAVIOR,2022-06-01 06:33:34,2022-06-01 06:33:40
2022-06-01 17:27:36,2022-06-01 17:27:44,In_Transit_Active,annotator,HIGH LEVEL BEHAVIOR,2022-06-01 06:33:40,2022-06-01 06:33:48
2022-06-01 17:27:44,2022-06-01 17:27:57,In_Transit_Active,annotator,HIGH LEVEL BEHAVIOR,2022-06-01 06:33:48,2022-06-01 06:34:01
2022-06-01 17:27:57,2022-06-01 17:28:19,,annotator,HIGH LEVEL BEHAVIOR,2022-06-01 06:34:01,2022-06-01 06:34:23
2022-06-01 17:28:19,2022-06-01 17:28:52,,annotator,HIGH LEVEL BEHAVIOR,2022-06-01 06:34:23,2022-06-01 06:34:56
2022-06-01 17:28:52,2022-06-01 17:33:21,Using_Computer/Screen,annotator,HIGH LEVEL BEHAVIOR,2022-06-01 06:34:56,2022-06-01 06:39:25
2022-06-01 17:33:21,2022-06-01 17:34:03,Using_Computer/Screen,annotator,HIGH LEVEL BEHAVIOR,2022-06-01 06:39:25,2022-06-01 06:40:07
2022-06-01 17:34:03,2022-06-01 17:34:55,Using_Computer/Screen,annotator,HIGH LEVEL BEHAVIOR,2022-06-01 06:40:07,2022-06-01 06:40:59
2022-06-01 17:34:55,2022-06-01 17:35:32,HLB_Indecipherable/Video_Insufficient,annotator,HIGH LEVEL BEHAVIOR,2022-06-01 06:40:59,2022-06-01 06:41:36
2022-06-01 17:35:32,2022-06-01 18:16:26,Using_Computer/Screen,annotator,HIGH LEVEL BEHAVIOR,2022-06-01 06:41:36,2022-06-01 07:22:30
2022-06-01 18:16:26,2022-06-01 18:20:42,Using_Computer/Screen,annotator,HIGH LEVEL BEHAVIOR,2022-06-01 07:22:30,2022-06-01 07:26:46
2022-06-01 18:20:42,2022-06-01 18:21:28,Using_Computer/Screen,annotator,HIGH LEVEL BEHAVIOR,2022-06-01 07:26:46,2022-06-01 07:27:32
2022-06-01 18:21:28,2022-06-01 18:32:27,Using_Computer/Screen,annotator,HIGH LEVEL BEHAVIOR,2022-06-01 07:27:32,2022-06-01 07:38:31
2022-06-01 18:32:41,2022-06-01 18:32:42,,annotator,HIGH LEVEL BEHAVIOR,2022-06-01 07:38:45,2022-06-01 07:38:46
2022-06-01 18:33:12,2022-06-01 18:33:28,,annotator,HIGH LEVEL BEHAVIOR,2022-06-01 07:39:16,2022-06-01 07:39:32
2022-06-01 18:33:28,2022-06-01 18:34:30,,annotator,HIGH LEVEL BEHAVIOR,2022-06-01 07:39:32,2022-06-01 07:40:34
2022-06-01 18:34:30,2022-06-01 18:38:41,Using_Computer/Screen,annotator,HIGH LEVEL BEHAVIOR,2022-06-01 07:40:34,2022-06-01 07:44:45
2022-06-01 18:38:41,2022-06-01 18:39:24,,annotator,HIGH LEVEL BEHAVIOR,2022-06-01 07:44:45,2022-06-01 07:45:28
2022-06-01 18:39:24,2022-06-01 18:41:01,Using_Computer/Screen,annotator,HIGH LEVEL BEHAVIOR,2022-06-01 07:45:28,2022-06-01 07:47:05
2022-06-01 18:41:01,2022-06-01 18:42:08,Using_Computer/Screen,annotator,HIGH LEVEL BEHAVIOR,2022-06-01 07:47:05,2022-06-01 07:48:12
2022-06-01 18:42:08,2022-06-01 18:42:53,Using_Computer/Screen,annotator,HIGH LEVEL BEHAVIOR,2022-06-01 07:48:12,2022-06-01 07:48:57
2022-06-01 18:43:02,2022-06-01 19:00:03,HLB_Indecipherable/Video_Insufficient,annotator,HIGH LEVEL BEHAVIOR,2022-06-01 07:49:06,2022-06-01 08:06:07
2022-06-01 19:00:04,2022-06-01 19:06:25,Using_Computer/Screen,annotator,HIGH LEVEL BEHAVIOR,2022-06-01 08:06:08,2022-06-01 08:12:29
2022-06-01 19:06:39,2022-06-01 19:09:28,HLB_Indecipherable/Video_Insufficient,annotator,HIGH LEVEL BEHAVIOR,2022-06-01 08:12:43,2022-06-01 08:15:32
2022-06-01 19:09:32,2022-06-01 19:10:43,,annotator,HIGH LEVEL BEHAVIOR,2022-06-01 08:15:36,2022-06-01 08:16:47
2022-06-01 19:10:48,2022-06-01 19:10:56,Using_Computer/Screen,annotator,HIGH LEVEL BEHAVIOR,2022-06-01 08:16:52,2022-06-01 08:17:00
2022-06-01 19:10:56,2022-06-01 19:11:45,Using_Computer/Screen,annotator,HIGH LEVEL BEHAVIOR,2022-06-01 08:17:00,2022-06-01 08:17:49
2022-06-01 19:11:45,2022-06-01 19:14:02,Using_Computer/Screen,annotator,HIGH LEVEL BEHAVIOR,2022-06-01 08:17:49,2022-06-01 08:20:06
2022-06-01 19:14:02,2022-06-01 19:20:00,Using_Computer/Screen,annotator,HIGH LEVEL BEHAVIOR,2022-06-01 08:20:06,2022-06-01 08:26:04
2022-06-01 19:20:00,2022-06-01 19:21:28,Using_Computer/Screen,annotator,HIGH LEVEL BEHAVIOR,2022-06-01 08:26:04,2022-06-01 08:27:32
2022-06-01 19:21:30,2022-06-01 19:22:29,,annotator,HIGH LEVEL BEHAVIOR,2022-06-01 08:27:34,2022-06-01 08:28:33
2022-06-01 19:22:37,2022-06-01 19:23:26,,annotator,HIGH LEVEL BEHAVIOR,2022-06-01 08:28:41,2022-06-01 08:29:30
2022-06-01 19:23:26,2022-06-01 19:24:33,,annotator,HIGH LEVEL BEHAVIOR,2022-06-01 08:29:30,2022-06-01 08:30:37
2022-06-01 19:24:33,2022-06-01 19:24:48,,annotator,HIGH LEVEL BEHAVIOR,2022-06-01 08:30:37,2022-06-01 08:30:52
2022-06-01 19:24:48,2022-06-01 19:25:29,,annotator,HIGH LEVEL BEHAVIOR,2022-06-01 08:30:52,2022-06-01 08:31:33
2022-06-01 19:25:29,2022-06-01 19:27:12,,annotator,HIGH LEVEL BEHAVIOR,2022-06-01 08:31:33,2022-06-01 08:33:16
2022-06-01 19:27:12,2022-06-01 19:27:22,,annotator,HIGH LEVEL BEHAVIOR,2022-06-01 08:33:16,2022-06-01 08:33:26
2022-06-01 19:27:22,2022-06-01 19:27:26,,annotator,HIGH LEVEL BEHAVIOR,2022-06-01 08:33:26,2022-06-01 08:33:30
2022-06-01 19:27:26,2022-06-01 19:27:33,,annotator,HIGH LEVEL BEHAVIOR,2022-06-01 08:33:30,2022-06-01 08:33:37
2022-06-01 19:27:33,2022-06-01 19:27:36,In_Transit_Active,annotator,HIGH LEVEL BEHAVIOR,2022-06-01 08:33:37,2022-06-01 08:33:40
2022-06-01 19:27:36,2022-06-01 19:27:42,In_Transit_Active,annotator,HIGH LEVEL BEHAVIOR,2022-06-01 08:33:40,2022-06-01 08:33:46
2022-06-01 19:27:42,2022-06-01 19:27:44,In_Transit_Active,annotator,HIGH LEVEL BEHAVIOR,2022-06-01 08:33:46,2022-06-01 08:33:48
2022-06-01 19:27:45,2022-06-01 19:28:07,In_Transit_Active,annotator,HIGH LEVEL BEHAVIOR,2022-06-01 08:33:49,2022-06-01 08:34:11
2022-06-01 19:28:07,2022-06-01 19:28:16,In_Transit_Active,annotator,HIGH LEVEL BEHAVIOR,2022-06-01 08:34:11,2022-06-01 08:34:20
2022-06-01 19:28:16,2022-06-01 19:32:41,In_Transit_Active,annotator,HIGH LEVEL BEHAVIOR,2022-06-01 08:34:20,2022-06-01 08:38:45
2022-06-01 19:32:41,2022-06-01 19:32:51,In_Transit_Active,annotator,HIGH LEVEL BEHAVIOR,2022-06-01 08:38:45,2022-06-01 08:38:55
2022-06-01 19:32:51,2022-06-01 19:33:31,In_Transit_Active,annotator,HIGH LEVEL BEHAVIOR,2022-06-01 08:38:55,2022-06-01 08:39:35
2022-06-01 19:33:31,2022-06-01 19:33:41,In_Transit_Active,annotator,HIGH LEVEL BEHAVIOR,2022-06-01 08:39:35,2022-06-01 08:39:45
2022-06-01 19:33:41,2022-06-01 19:33:47,In_Transit_Active,annotator,HIGH LEVEL BEHAVIOR,2022-06-01 08:39:45,2022-06-01 08:39:51
2022-06-01 19:33:47,2022-06-01 19:34:26,,annotator,HIGH LEVEL BEHAVIOR,2022-06-01 08:39:51,2022-06-01 08:40:30
2022-06-01 19:34:26,2022-06-01 19:34:58,,annotator,HIGH LEVEL BEHAVIOR,2022-06-01 08:40:30,2022-06-01 08:41:02
2022-06-01 19:34:58,2022-06-01 19:35:14,,annotator,HIGH LEVEL BEHAVIOR,2022-06-01 08:41:02,2022-06-01 08:41:18
2022-06-01 19:35:14,2022-06-01 19:36:23,,annotator,HIGH LEVEL BEHAVIOR,2022-06-01 08:41:18,2022-06-01 08:42:27
2022-06-01 19:36:23,2022-06-01 19:36:56,,annotator,HIGH LEVEL BEHAVIOR,2022-06-01 08:42:27,2022-06-01 08:43:00
2022-06-01 19:36:56,2022-06-01 19:37:16,,annotator,HIGH LEVEL BEHAVIOR,2022-06-01 08:43:00,2022-06-01 08:43:20
2022-06-01 19:37:16,2022-06-01 19:40:16,,annotator,HIGH LEVEL BEHAVIOR,2022-06-01 08:43:20,2022-06-01 08:46:20
2022-06-01 19:40:16,2022-06-01 19:40:47,,annotator,HIGH LEVEL BEHAVIOR,2022-06-01 08:46:20,2022-06-01 08:46:51
2022-06-01 19:40:47,2022-06-01 19:43:31,,annotator,HIGH LEVEL BEHAVIOR,2022-06-01 08:46:51,2022-06-01 08:49:35
2022-06-01 19:43:31,2022-06-01 19:44:12,,annotator,HIGH LEVEL BEHAVIOR,2022-06-01 08:49:35,2022-06-01 08:50:16
2022-06-01 19:44:45,2022-06-01 19:45:02,Eating/Dining,annotator,HIGH LEVEL BEHAVIOR,2022-06-01 08:50:49,2022-06-01 08:51:06
2022-06-01 19:45:02,2022-06-01 19:51:44,Eating/Dining,annotator,HIGH LEVEL BEHAVIOR,2022-06-01 08:51:06,2022-06-01 08:57:48
2022-06-01 19:51:44,2022-06-01 19:51:54,Eating/Dining,annotator,HIGH LEVEL BEHAVIOR,2022-06-01 08:57:48,2022-06-01 08:57:58
2022-06-01 19:51:54,2022-06-01 19:53:08,Eating/Dining,annotator,HIGH LEVEL BEHAVIOR,2022-06-01 08:57:58,2022-06-01 08:59:12
2022-06-01 19:53:15,2022-06-01 19:56:45,HLB_Indecipherable/Video_Insufficient,annotator,HIGH LEVEL BEHAVIOR,2022-06-01 08:59:19,2022-06-01 09:02:49
2022-06-01 19:56:45,2022-06-01 19:59:05,Eating/Dining,annotator,HIGH LEVEL BEHAVIOR,2022-06-01 09:02:49,2022-06-01 09:05:09
2022-06-01 19:59:15,2022-06-01 19:59:44,Eating/Dining,annotator,HIGH LEVEL BEHAVIOR,2022-06-01 09:05:19,2022-06-01 09:05:48
2022-06-01 20:00:12,2022-06-01 20:04:47,Using_Computer/Screen,annotator,HIGH LEVEL BEHAVIOR,2022-06-01 09:06:16,2022-06-01 09:10:51
2022-06-01 20:04:47,2022-06-01 20:06:20,Using_Computer/Screen,annotator,HIGH LEVEL BEHAVIOR,2022-06-01 09:10:51,2022-06-01 09:12:24
2022-06-01 20:06:20,2022-06-01 20:07:42,Using_Computer/Screen,annotator,HIGH LEVEL BEHAVIOR,2022-06-01 09:12:24,2022-06-01 09:13:46
2022-06-01 20:08:07,2022-06-01 20:08:20,,annotator,HIGH LEVEL BEHAVIOR,2022-06-01 09:14:11,2022-06-01 09:14:24
2022-06-01 20:08:20,2022-06-01 20:08:35,,annotator,HIGH LEVEL BEHAVIOR,2022-06-01 09:14:24,2022-06-01 09:14:39
2022-06-01 20:08:35,2022-06-01 20:09:28,In_Transit_Active,annotator,HIGH LEVEL BEHAVIOR,2022-06-01 09:14:39,2022-06-01 09:15:32
2022-06-01 20:09:28,2022-06-01 20:10:19,In_Transit_Active,annotator,HIGH LEVEL BEHAVIOR,2022-06-01 09:15:32,2022-06-01 09:16:23
2022-06-01 20:10:19,2022-06-01 20:11:28,In_Transit_Active,annotator,HIGH LEVEL BEHAVIOR,2022-06-01 09:16:23,2022-06-01 09:17:32
2022-06-01 20:11:28,2022-06-01 20:11:43,In_Transit_Active,annotator,HIGH LEVEL BEHAVIOR,2022-06-01 09:17:32,2022-06-01 09:17:47
2022-06-01 20:11:43,2022-06-01 20:11:48,In_Transit_Active,annotator,HIGH LEVEL BEHAVIOR,2022-06-01 09:17:47,2022-06-01 09:17:52
2022-06-01 20:11:48,2022-06-01 20:11:59,In_Transit_Active,annotator,HIGH LEVEL BEHAVIOR,2022-06-01 09:17:52,2022-06-01 09:18:03
2022-06-01 20:11:59,2022-06-01 20:12:54,In_Transit_Active,annotator,HIGH LEVEL BEHAVIOR,2022-06-01 09:18:03,2022-06-01 09:18:58
2022-06-01 20:12:54,2022-06-01 20:13:36,In_Transit_Active,annotator,HIGH LEVEL BEHAVIOR,2022-06-01 09:18:58,2022-06-01 09:19:40
2022-06-01 20:13:36,2022-06-01 20:16:05,In_Transit_Active,annotator,HIGH LEVEL BEHAVIOR,2022-06-01 09:19:40,2022-06-01 09:22:09
2022-06-01 20:16:05,2022-06-01 20:16:45,In_Transit_Active,annotator,HIGH LEVEL BEHAVIOR,2022-06-01 09:22:09,2022-06-01 09:22:49
2022-06-01 20:16:45,2022-06-01 20:18:12,In_Transit_Active,annotator,HIGH LEVEL BEHAVIOR,2022-06-01 09:22:49,2022-06-01 09:24:16
2022-06-01 20:18:12,2022-06-01 20:18:29,In_Transit_Active,annotator,HIGH LEVEL BEHAVIOR,2022-06-01 09:24:16,2022-06-01 09:24:33
2022-06-01 20:18:29,2022-06-01 20:19:10,In_Transit_Active,annotator,HIGH LEVEL BEHAVIOR,2022-06-01 09:24:33,2022-06-01 09:25:14
2022-06-01 20:19:10,2022-06-01 20:19:21,In_Transit_Active,annotator,HIGH LEVEL BEHAVIOR,2022-06-01 09:25:14,2022-06-01 09:25:25
2022-06-01 20:19:21,2022-06-01 20:19:30,In_Transit_Active,annotator,HIGH LEVEL BEHAVIOR,2022-06-01 09:25:25,2022-06-01 09:25:34
2022-06-01 20:19:30,2022-06-01 20:19:45,In_Transit_Active,annotator,HIGH LEVEL BEHAVIOR,2022-06-01 09:25:34,2022-06-01 09:25:49
2022-06-01 20:19:45,2022-06-01 20:20:11,,annotator,HIGH LEVEL BEHAVIOR,2022-06-01 09:25:49,2022-06-01 09:26:15
2022-06-01 20:20:11,2022-06-01 20:27:27,Using_Computer/Screen,annotator,HIGH LEVEL BEHAVIOR,2022-06-01 09:26:15,2022-06-01 09:33:31
2022-06-01 20:27:27,2022-06-01 20:30:29,Using_Computer/Screen,annotator,HIGH LEVEL BEHAVIOR,2022-06-01 09:33:31,2022-06-01 09:36:33
2022-06-01 20:30:29,2022-06-01 20:43:52,Using_Computer/Screen,annotator,HIGH LEVEL BEHAVIOR,2022-06-01 09:36:33,2022-06-01 09:49:56
2022-06-01 20:44:25,2022-06-01 20:44:59,Using_Computer/Screen,annotator,HIGH LEVEL BEHAVIOR,2022-06-01 09:50:29,2022-06-01 09:51:03
2022-06-01 20:44:59,2022-06-01 20:47:17,Using_Computer/Screen,annotator,HIGH LEVEL BEHAVIOR,2022-06-01 09:51:03,2022-06-01 09:53:21
2022-06-01 20:47:17,2022-06-01 20:48:21,Using_Computer/Screen,annotator,HIGH LEVEL BEHAVIOR,2022-06-01 09:53:21,2022-06-01 09:54:25
2022-06-01 20:48:21,2022-06-01 20:49:06,Using_Computer/Screen,annotator,HIGH LEVEL BEHAVIOR,2022-06-01 09:54:25,2022-06-01 09:55:10
2022-06-01 20:49:10,2022-06-01 20:49:54,Using_Computer/Screen,annotator,HIGH LEVEL BEHAVIOR,2022-06-01 09:55:14,2022-06-01 09:55:58
2022-06-01 20:49:58,2022-06-01 21:06:43,HLB_Indecipherable/Video_Insufficient,annotator,HIGH LEVEL BEHAVIOR,2022-06-01 09:56:02,2022-06-01 10:12:47
2022-06-01 21:06:43,2022-06-01 21:07:10,,annotator,HIGH LEVEL BEHAVIOR,2022-06-01 10:12:47,2022-06-01 10:13:14
2022-06-01 21:07:10,2022-06-01 21:07:47,,annotator,HIGH LEVEL BEHAVIOR,2022-06-01 10:13:14,2022-06-01 10:13:51
2022-06-01 21:07:47,2022-06-01 21:08:16,,annotator,HIGH LEVEL BEHAVIOR,2022-06-01 10:13:51,2022-06-01 10:14:20
2022-06-01 21:08:31,2022-06-01 21:08:53,,annotator,HIGH LEVEL BEHAVIOR,2022-06-01 10:14:35,2022-06-01 10:14:57
2022-06-01 21:08:57,2022-06-01 21:09:43,,annotator,HIGH LEVEL BEHAVIOR,2022-06-01 10:15:01,2022-06-01 10:15:47
2022-06-01 21:09:49,2022-06-01 21:10:01,In_Transit_Active,annotator,HIGH LEVEL BEHAVIOR,2022-06-01 10:15:53,2022-06-01 10:16:05
2022-06-01 21:10:01,2022-06-01 21:10:12,In_Transit_Active,annotator,HIGH LEVEL BEHAVIOR,2022-06-01 10:16:05,2022-06-01 10:16:16
2022-06-01 21:10:12,2022-06-01 21:10:17,In_Transit_Active,annotator,HIGH LEVEL BEHAVIOR,2022-06-01 10:16:16,2022-06-01 10:16:21
2022-06-01 21:10:17,2022-06-01 21:16:11,In_Transit_Active,annotator,HIGH LEVEL BEHAVIOR,2022-06-01 10:16:21,2022-06-01 10:22:15
2022-06-01 21:16:11,2022-06-01 21:16:26,In_Transit_Active,annotator,HIGH LEVEL BEHAVIOR,2022-06-01 10:22:15,2022-06-01 10:22:30
2022-06-01 21:16:26,2022-06-01 21:16:33,In_Transit_Active,annotator,HIGH LEVEL BEHAVIOR,2022-06-01 10:22:30,2022-06-01 10:22:37
2022-06-01 21:16:33,2022-06-01 21:17:01,In_Transit_Active,annotator,HIGH LEVEL BEHAVIOR,2022-06-01 10:22:37,2022-06-01 10:23:05
2022-06-01 21:17:01,2022-06-01 21:18:04,In_Transit_Active,annotator,HIGH LEVEL BEHAVIOR,2022-06-01 10:23:05,2022-06-01 10:24:08
2022-06-01 21:18:04,2022-06-01 21:18:51,,annotator,HIGH LEVEL BEHAVIOR,2022-06-01 10:24:08,2022-06-01 10:24:55
2022-06-01 21:18:51,2022-06-01 21:19:39,,annotator,HIGH LEVEL BEHAVIOR,2022-06-01 10:24:55,2022-06-01 10:25:43
2022-06-01 21:19:39,2022-06-01 21:20:16,,annotator,HIGH LEVEL BEHAVIOR,2022-06-01 10:25:43,2022-06-01 10:26:20
2022-06-01 21:20:16,2022-06-01 21:20:29,,annotator,HIGH LEVEL BEHAVIOR,2022-06-01 10:26:20,2022-06-01 10:26:33
2022-06-01 21:20:29,2022-06-01 21:20:38,In_Transit_Active,annotator,HIGH LEVEL BEHAVIOR,2022-06-01 10:26:33,2022-06-01 10:26:42
2022-06-01 21:20:38,2022-06-01 21:20:46,In_Transit_Active,annotator,HIGH LEVEL BEHAVIOR,2022-06-01 10:26:42,2022-06-01 10:26:50
2022-06-01 21:20:46,2022-06-01 21:26:38,In_Transit_Active,annotator,HIGH LEVEL BEHAVIOR,2022-06-01 10:26:50,2022-06-01 10:32:42
2022-06-01 21:26:38,2022-06-01 21:26:48,In_Transit_Active,annotator,HIGH LEVEL BEHAVIOR,2022-06-01 10:32:42,2022-06-01 10:32:52
2022-06-01 21:26:48,2022-06-01 21:27:59,In_Transit_Active,annotator,HIGH LEVEL BEHAVIOR,2022-06-01 10:32:52,2022-06-01 10:34:03
2022-06-01 21:27:59,2022-06-01 21:28:10,In_Transit_Active,annotator,HIGH LEVEL BEHAVIOR,2022-06-01 10:34:03,2022-06-01 10:34:14
2022-06-01 21:28:10,2022-06-01 21:30:17,,annotator,HIGH LEVEL BEHAVIOR,2022-06-01 10:34:14,2022-06-01 10:36:21
2022-06-01 21:30:17,2022-06-01 21:30:50,,annotator,HIGH LEVEL BEHAVIOR,2022-06-01 10:36:21,2022-06-01 10:36:54
2022-06-01 21:30:50,2022-06-01 21:32:07,,annotator,HIGH LEVEL BEHAVIOR,2022-06-01 10:36:54,2022-06-01 10:38:11
2022-06-01 21:32:07,2022-06-01 21:33:05,,annotator,HIGH LEVEL BEHAVIOR,2022-06-01 10:38:11,2022-06-01 10:39:09
2022-06-01 21:33:05,2022-06-01 21:58:08,,annotator,HIGH LEVEL BEHAVIOR,2022-06-01 10:39:09,2022-06-01 11:04:12
2022-06-01 21:58:08,2022-06-01 21:59:39,,annotator,HIGH LEVEL BEHAVIOR,2022-06-01 11:04:12,2022-06-01 11:05:43
2022-06-01 21:59:39,2022-06-01 22:04:38,,annotator,HIGH LEVEL BEHAVIOR,2022-06-01 11:05:43,2022-06-01 11:10:42
2022-06-01 22:04:40,2022-06-01 22:05:19,,annotator,HIGH LEVEL BEHAVIOR,2022-06-01 11:10:44,2022-06-01 11:11:23
2022-06-01 22:05:19,2022-06-01 22:05:39,Using_Computer/Screen,annotator,HIGH LEVEL BEHAVIOR,2022-06-01 11:11:23,2022-06-01 11:11:43
2022-06-01 22:05:39,2022-06-01 22:07:09,Using_Computer/Screen,annotator,HIGH LEVEL BEHAVIOR,2022-06-01 11:11:43,2022-06-01 11:13:13
2022-06-01 22:07:18,2022-06-01 22:07:46,,annotator,HIGH LEVEL BEHAVIOR,2022-06-01 11:13:22,2022-06-01 11:13:50
2022-06-01 22:07:46,2022-06-01 22:08:25,,annotator,HIGH LEVEL BEHAVIOR,2022-06-01 11:13:50,2022-06-01 11:14:29
2022-06-01 22:08:30,2022-06-01 22:08:44,,annotator,HIGH LEVEL BEHAVIOR,2022-06-01 11:14:34,2022-06-01 11:14:48
2022-06-01 22:09:08,2022-06-01 22:10:39,HLB_Indecipherable/Video_Insufficient,annotator,HIGH LEVEL BEHAVIOR,2022-06-01 11:15:12,2022-06-01 11:16:43
2022-06-01 22:10:39,2022-06-01 22:12:52,,annotator,HIGH LEVEL BEHAVIOR,2022-06-01 11:16:43,2022-06-01 11:18:56
2022-06-01 22:12:52,2022-06-01 22:13:05,,annotator,HIGH LEVEL BEHAVIOR,2022-06-01 11:18:56,2022-06-01 11:19:09
2022-06-01 22:13:05,2022-06-01 22:13:18,,annotator,HIGH LEVEL BEHAVIOR,2022-06-01 11:19:09,2022-06-01 11:19:22
2022-06-01 22:13:25,2022-06-01 22:14:39,,annotator,HIGH LEVEL BEHAVIOR,2022-06-01 11:19:29,2022-06-01 11:20:43
2022-06-01 22:14:39,2022-06-01 22:14:54,Using_Computer/Screen,annotator,HIGH LEVEL BEHAVIOR,2022-06-01 11:20:43,2022-06-01 11:20:58
2022-06-01 22:14:54,2022-06-01 22:15:27,Using_Computer/Screen,annotator,HIGH LEVEL BEHAVIOR,2022-06-01 11:20:58,2022-06-01 11:21:31
2022-06-01 22:15:27,2022-06-01 23:09:36,Using_Computer/Screen,annotator,HIGH LEVEL BEHAVIOR,2022-06-01 11:21:31,2022-06-01 12:15:40
2022-06-01 23:09:55,2022-06-01 23:15:03,HLB_Indecipherable/Video_Insufficient,annotator,HIGH LEVEL BEHAVIOR,2022-06-01 12:15:59,2022-06-01 12:21:07
2022-06-01 23:15:03,2022-06-01 23:17:07,Using_Computer/Screen,annotator,HIGH LEVEL BEHAVIOR,2022-06-01 12:21:07,2022-06-01 12:23:11
2022-06-01 23:17:07,2022-06-01 23:17:46,Using_Computer/Screen,annotator,HIGH LEVEL BEHAVIOR,2022-06-01 12:23:11,2022-06-01 12:23:50
2022-06-01 23:17:46,2022-06-01 23:18:44,Using_Computer/Screen,annotator,HIGH LEVEL BEHAVIOR,2022-06-01 12:23:50,2022-06-01 12:24:48
2022-06-01 23:18:44,2022-06-01 23:20:25,Using_Computer/Screen,annotator,HIGH LEVEL BEHAVIOR,2022-06-01 12:24:48,2022-06-01 12:26:29
2022-06-01 23:20:25,2022-06-01 23:20:48,Using_Computer/Screen,annotator,HIGH LEVEL BEHAVIOR,2022-06-01 12:26:29,2022-06-01 12:26:52
2022-06-01 23:20:48,2022-06-01 23:23:19,Using_Computer/Screen,annotator,HIGH LEVEL BEHAVIOR,2022-06-01 12:26:52,2022-06-01 12:29:23
2022-06-01 23:23:19,2022-06-01 23:27:07,Using_Computer/Screen,annotator,HIGH LEVEL BEHAVIOR,2022-06-01 12:29:23,2022-06-01 12:33:11
2022-06-01 23:27:07,2022-06-01 23:27:42,Using_Computer/Screen,annotator,HIGH LEVEL BEHAVIOR,2022-06-01 12:33:11,2022-06-01 12:33:46
2022-06-01 23:27:42,2022-06-01 23:28:40,Using_Computer/Screen,annotator,HIGH LEVEL BEHAVIOR,2022-06-01 12:33:46,2022-06-01 12:34:44
2022-06-01 23:28:40,2022-06-01 23:31:39,Using_Computer/Screen,annotator,HIGH LEVEL BEHAVIOR,2022-06-01 12:34:44,2022-06-01 12:37:43
2022-06-01 23:31:39,2022-06-01 23:32:25,Using_Computer/Screen,annotator,HIGH LEVEL BEHAVIOR,2022-06-01 12:37:43,2022-06-01 12:38:29
2022-06-01 23:32:25,2022-06-01 23:43:16,Using_Computer/Screen,annotator,HIGH LEVEL BEHAVIOR,2022-06-01 12:38:29,2022-06-01 12:49:20
2022-06-01 23:43:16,2022-06-01 23:43:54,Using_Computer/Screen,annotator,HIGH LEVEL BEHAVIOR,2022-06-01 12:49:20,2022-06-01 12:49:58
2022-06-01 23:43:54,2022-06-01 23:48:27,Using_Computer/Screen,annotator,HIGH LEVEL BEHAVIOR,2022-06-01 12:49:58,2022-06-01 12:54:31
2022-06-01 23:48:27,2022-06-01 23:49:00,Using_Computer/Screen,annotator,HIGH LEVEL BEHAVIOR,2022-06-01 12:54:31,2022-06-01 12:55:04
2022-06-01 23:49:00,2022-06-01 23:49:42,Using_Computer/Screen,annotator,HIGH LEVEL BEHAVIOR,2022-06-01 12:55:04,2022-06-01 12:55:46
2022-06-01 23:49:42,2022-06-01 23:52:27,Using_Computer/Screen,annotator,HIGH LEVEL BEHAVIOR,2022-06-01 12:55:46,2022-06-01 12:58:31
2022-06-01 23:52:27,2022-06-01 23:55:59,Using_Computer/Screen,annotator,HIGH LEVEL BEHAVIOR,2022-06-01 12:58:31,2022-06-01 13:02:03
2022-06-01 23:55:59,2022-06-01 23:57:22,Using_Computer/Screen,annotator,HIGH LEVEL BEHAVIOR,2022-06-01 13:02:03,2022-06-01 13:03:26
2022-06-01 23:57:22,2022-06-02 00:01:30,Using_Computer/Screen,annotator,HIGH LEVEL BEHAVIOR,2022-06-01 13:03:26,2022-06-01 13:07:34
2022-06-02 00:01:30,2022-06-02 00:02:03,Using_Computer/Screen,annotator,HIGH LEVEL BEHAVIOR,2022-06-01 13:07:34,2022-06-01 13:08:07
2022-06-02 00:02:03,2022-06-02 00:06:34,Using_Computer/Screen,annotator,HIGH LEVEL BEHAVIOR,2022-06-01 13:08:07,2022-06-01 13:12:38
2022-06-02 00:06:34,2022-06-02 00:07:22,Using_Computer/Screen,annotator,HIGH LEVEL BEHAVIOR,2022-06-01 13:12:38,2022-06-01 13:13:26
2022-06-02 00:07:22,2022-06-02 00:07:36,Using_Computer/Screen,annotator,HIGH LEVEL BEHAVIOR,2022-06-01 13:13:26,2022-06-01 13:13:40
2022-06-02 00:07:36,2022-06-02 00:08:27,Using_Computer/Screen,annotator,HIGH LEVEL BEHAVIOR,2022-06-01 13:13:40,2022-06-01 13:14:31
2022-06-02 00:08:27,2022-06-02 00:08:34,Using_Computer/Screen,annotator,HIGH LEVEL BEHAVIOR,2022-06-01 13:14:31,2022-06-01 13:14:38
2022-06-02 00:09:04,2022-06-02 00:09:30,Using_Computer/Screen,annotator,HIGH LEVEL BEHAVIOR,2022-06-01 13:15:08,2022-06-01 13:15:34
2022-06-02 00:09:30,2022-06-02 00:09:49,Using_Computer/Screen,annotator,HIGH LEVEL BEHAVIOR,2022-06-01 13:15:34,2022-06-01 13:15:53
2022-06-02 00:09:49,2022-06-02 00:10:15,Using_Computer/Screen,annotator,HIGH LEVEL BEHAVIOR,2022-06-01 13:15:53,2022-06-01 13:16:19
2022-06-02 00:10:15,2022-06-02 00:11:29,Using_Computer/Screen,annotator,HIGH LEVEL BEHAVIOR,2022-06-01 13:16:19,2022-06-01 13:17:33
2022-06-02 00:11:29,2022-06-02 00:12:08,Using_Computer/Screen,annotator,HIGH LEVEL BEHAVIOR,2022-06-01 13:17:33,2022-06-01 13:18:12
2022-06-02 00:12:08,2022-06-02 00:19:24,Using_Computer/Screen,annotator,HIGH LEVEL BEHAVIOR,2022-06-01 13:18:12,2022-06-01 13:25:28
2022-06-02 00:19:24,2022-06-02 00:20:02,Using_Computer/Screen,annotator,HIGH LEVEL BEHAVIOR,2022-06-01 13:25:28,2022-06-01 13:26:06
2022-06-02 00:20:02,2022-06-02 00:21:03,Using_Computer/Screen,annotator,HIGH LEVEL BEHAVIOR,2022-06-01 13:26:06,2022-06-01 13:27:07
2022-06-02 00:21:12,2022-06-02 00:21:57,Using_Computer/Screen,annotator,HIGH LEVEL BEHAVIOR,2022-06-01 13:27:16,2022-06-01 13:28:01
2022-06-02 00:21:57,2022-06-02 00:24:36,Using_Computer/Screen,annotator,HIGH LEVEL BEHAVIOR,2022-06-01 13:28:01,2022-06-01 13:30:40
2022-06-02 00:24:36,2022-06-02 00:25:26,Using_Computer/Screen,annotator,HIGH LEVEL BEHAVIOR,2022-06-01 13:30:40,2022-06-01 13:31:30
2022-06-02 00:25:26,2022-06-02 00:26:33,Using_Computer/Screen,annotator,HIGH LEVEL BEHAVIOR,2022-06-01 13:31:30,2022-06-01 13:32:37
2022-06-02 00:26:33,2022-06-02 00:31:29,Using_Computer/Screen,annotator,HIGH LEVEL BEHAVIOR,2022-06-01 13:32:37,2022-06-01 13:37:33
2022-06-02 00:31:55,2022-06-02 00:32:02,Using_Computer/Screen,annotator,HIGH LEVEL BEHAVIOR,2022-06-01 13:37:59,2022-06-01 13:38:06
2022-06-02 00:32:02,2022-06-02 00:33:01,Using_Computer/Screen,annotator,HIGH LEVEL BEHAVIOR,2022-06-01 13:38:06,2022-06-01 13:39:05
2022-06-02 00:33:01,2022-06-02 00:33:11,Using_Computer/Screen,annotator,HIGH LEVEL BEHAVIOR,2022-06-01 13:39:05,2022-06-01 13:39:15
2022-06-02 00:33:11,2022-06-02 00:33:35,Using_Computer/Screen,annotator,HIGH LEVEL BEHAVIOR,2022-06-01 13:39:15,2022-06-01 13:39:39
2022-06-02 00:33:35,2022-06-02 00:34:18,Using_Computer/Screen,annotator,HIGH LEVEL BEHAVIOR,2022-06-01 13:39:39,2022-06-01 13:40:22
2022-06-02 00:34:18,2022-06-02 00:34:53,Using_Computer/Screen,annotator,HIGH LEVEL BEHAVIOR,2022-06-01 13:40:22,2022-06-01 13:40:57
2022-06-02 00:34:53,2022-06-02 00:36:42,Using_Computer/Screen,annotator,HIGH LEVEL BEHAVIOR,2022-06-01 13:40:57,2022-06-01 13:42:46
2022-06-02 00:36:42,2022-06-02 00:37:41,Using_Computer/Screen,annotator,HIGH LEVEL BEHAVIOR,2022-06-01 13:42:46,2022-06-01 13:43:45
2022-06-02 00:37:41,2022-06-02 00:38:02,Using_Computer/Screen,annotator,HIGH LEVEL BEHAVIOR,2022-06-01 13:43:45,2022-06-01 13:44:06
2022-06-02 00:38:02,2022-06-02 00:38:23,Using_Computer/Screen,annotator,HIGH LEVEL BEHAVIOR,2022-06-01 13:44:06,2022-06-01 13:44:27
2022-06-02 00:38:23,2022-06-02 00:39:31,Using_Computer/Screen,annotator,HIGH LEVEL BEHAVIOR,2022-06-01 13:44:27,2022-06-01 13:45:35
2022-06-02 00:39:31,2022-06-02 00:40:51,Using_Computer/Screen,annotator,HIGH LEVEL BEHAVIOR,2022-06-01 13:45:35,2022-06-01 13:46:55
2022-06-02 00:40:56,2022-06-02 00:41:14,Using_Computer/Screen,annotator,HIGH LEVEL BEHAVIOR,2022-06-01 13:47:00,2022-06-01 13:47:18
2022-06-02 00:41:16,2022-06-02 00:43:28,Using_Computer/Screen,annotator,HIGH LEVEL BEHAVIOR,2022-06-01 13:47:20,2022-06-01 13:49:32
2022-06-02 00:43:28,2022-06-02 00:44:03,Using_Computer/Screen,annotator,HIGH LEVEL BEHAVIOR,2022-06-01 13:49:32,2022-06-01 13:50:07
2022-06-02 00:44:05,2022-06-02 00:44:29,Using_Computer/Screen,annotator,HIGH LEVEL BEHAVIOR,2022-06-01 13:50:09,2022-06-01 13:50:33
2022-06-02 00:44:29,2022-06-02 00:47:45,Using_Computer/Screen,annotator,HIGH LEVEL BEHAVIOR,2022-06-01 13:50:33,2022-06-01 13:53:49
2022-06-02 00:47:45,2022-06-02 00:48:24,Using_Computer/Screen,annotator,HIGH LEVEL BEHAVIOR,2022-06-01 13:53:49,2022-06-01 13:54:28
2022-06-02 00:48:24,2022-06-02 00:49:18,Using_Computer/Screen,annotator,HIGH LEVEL BEHAVIOR,2022-06-01 13:54:28,2022-06-01 13:55:22
2022-06-02 00:49:18,2022-06-02 00:49:38,Using_Computer/Screen,annotator,HIGH LEVEL BEHAVIOR,2022-06-01 13:55:22,2022-06-01 13:55:42
2022-06-02 00:49:38,2022-06-02 00:54:11,Using_Computer/Screen,annotator,HIGH LEVEL BEHAVIOR,2022-06-01 13:55:42,2022-06-01 14:00:15
2022-06-02 00:54:11,2022-06-02 00:54:43,Using_Computer/Screen,annotator,HIGH LEVEL BEHAVIOR,2022-06-01 14:00:15,2022-06-01 14:00:47
2022-06-02 00:54:43,2022-06-02 00:55:26,Using_Computer/Screen,annotator,HIGH LEVEL BEHAVIOR,2022-06-01 14:00:47,2022-06-01 14:01:30
2022-06-02 00:55:26,2022-06-02 00:55:44,Using_Computer/Screen,annotator,HIGH LEVEL BEHAVIOR,2022-06-01 14:01:30,2022-06-01 14:01:48
2022-06-02 00:55:44,2022-06-02 00:56:41,Using_Computer/Screen,annotator,HIGH LEVEL BEHAVIOR,2022-06-01 14:01:48,2022-06-01 14:02:45
2022-06-02 00:56:41,2022-06-02 00:59:07,Using_Computer/Screen,annotator,HIGH LEVEL BEHAVIOR,2022-06-01 14:02:45,2022-06-01 14:05:11
2022-06-02 00:59:07,2022-06-02 01:00:49,Using_Computer/Screen,annotator,HIGH LEVEL BEHAVIOR,2022-06-01 14:05:11,2022-06-01 14:06:53
2022-06-02 01:00:49,2022-06-02 01:02:03,Using_Computer/Screen,annotator,HIGH LEVEL BEHAVIOR,2022-06-01 14:06:53,2022-06-01 14:08:07
2022-06-02 01:02:03,2022-06-02 01:02:30,Using_Computer/Screen,annotator,HIGH LEVEL BEHAVIOR,2022-06-01 14:08:07,2022-06-01 14:08:34
2022-06-02 01:02:30,2022-06-02 01:03:36,Using_Computer/Screen,annotator,HIGH LEVEL BEHAVIOR,2022-06-01 14:08:34,2022-06-01 14:09:40
2022-06-02 01:03:41,2022-06-02 01:04:09,Using_Computer/Screen,annotator,HIGH LEVEL BEHAVIOR,2022-06-01 14:09:45,2022-06-01 14:10:13
2022-06-02 01:04:09,2022-06-02 01:07:55,Using_Computer/Screen,annotator,HIGH LEVEL BEHAVIOR,2022-06-01 14:10:13,2022-06-01 14:13:59
2022-06-02 01:07:55,2022-06-02 01:09:33,Using_Computer/Screen,annotator,HIGH LEVEL BEHAVIOR,2022-06-01 14:13:59,2022-06-01 14:15:37
2022-06-02 01:09:33,2022-06-02 01:10:21,Using_Computer/Screen,annotator,HIGH LEVEL BEHAVIOR,2022-06-01 14:15:37,2022-06-01 14:16:25
2022-06-02 01:10:21,2022-06-02 01:12:17,Using_Computer/Screen,annotator,HIGH LEVEL BEHAVIOR,2022-06-01 14:16:25,2022-06-01 14:18:21
2022-06-02 01:12:17,2022-06-02 01:12:30,Using_Computer/Screen,annotator,HIGH LEVEL BEHAVIOR,2022-06-01 14:18:21,2022-06-01 14:18:34
2022-06-02 01:12:30,2022-06-02 01:12:35,Using_Computer/Screen,annotator,HIGH LEVEL BEHAVIOR,2022-06-01 14:18:34,2022-06-01 14:18:39
2022-06-02 01:12:35,2022-06-02 01:13:36,Using_Computer/Screen,annotator,HIGH LEVEL BEHAVIOR,2022-06-01 14:18:39,2022-06-01 14:19:40
2022-06-02 01:13:36,2022-06-02 01:14:00,Using_Computer/Screen,annotator,HIGH LEVEL BEHAVIOR,2022-06-01 14:19:40,2022-06-01 14:20:04
2022-06-02 01:14:00,2022-06-02 01:18:02,Using_Computer/Screen,annotator,HIGH LEVEL BEHAVIOR,2022-06-01 14:20:04,2022-06-01 14:24:06
2022-06-02 01:18:02,2022-06-02 01:18:15,Using_Computer/Screen,annotator,HIGH LEVEL BEHAVIOR,2022-06-01 14:24:06,2022-06-01 14:24:19
2022-06-02 01:18:15,2022-06-02 01:20:03,Using_Computer/Screen,annotator,HIGH LEVEL BEHAVIOR,2022-06-01 14:24:19,2022-06-01 14:26:07
2022-06-02 01:20:03,2022-06-02 01:20:25,Using_Computer/Screen,annotator,HIGH LEVEL BEHAVIOR,2022-06-01 14:26:07,2022-06-01 14:26:29
2022-06-02 01:20:25,2022-06-02 01:23:25,Using_Computer/Screen,annotator,HIGH LEVEL BEHAVIOR,2022-06-01 14:26:29,2022-06-01 14:29:29
2022-06-02 01:23:25,2022-06-02 01:30:19,Using_Computer/Screen,annotator,HIGH LEVEL BEHAVIOR,2022-06-01 14:29:29,2022-06-01 14:36:23
2022-06-02 01:30:19,2022-06-02 01:37:08,Using_Computer/Screen,annotator,HIGH LEVEL BEHAVIOR,2022-06-01 14:36:23,2022-06-01 14:43:12
2022-06-02 01:37:08,2022-06-02 01:37:42,Using_Computer/Screen,annotator,HIGH LEVEL BEHAVIOR,2022-06-01 14:43:12,2022-06-01 14:43:46
2022-06-02 01:37:42,2022-06-02 01:49:07,Using_Computer/Screen,annotator,HIGH LEVEL BEHAVIOR,2022-06-01 14:43:46,2022-06-01 14:55:11
2022-06-02 01:49:07,2022-06-02 01:49:42,Using_Computer/Screen,annotator,HIGH LEVEL BEHAVIOR,2022-06-01 14:55:11,2022-06-01 14:55:46
2022-06-02 01:49:42,2022-06-02 01:51:32,Using_Computer/Screen,annotator,HIGH LEVEL BEHAVIOR,2022-06-01 14:55:46,2022-06-01 14:57:36
2022-06-02 01:51:32,2022-06-02 01:51:57,Using_Computer/Screen,annotator,HIGH LEVEL BEHAVIOR,2022-06-01 14:57:36,2022-06-01 14:58:01
2022-06-02 01:51:57,2022-06-02 01:54:10,Using_Computer/Screen,annotator,HIGH LEVEL BEHAVIOR,2022-06-01 14:58:01,2022-06-01 15:00:14
2022-06-02 01:54:10,2022-06-02 01:56:22,Using_Computer/Screen,annotator,HIGH LEVEL BEHAVIOR,2022-06-01 15:00:14,2022-06-01 15:02:26
2022-06-02 01:56:22,2022-06-02 01:59:58,Using_Computer/Screen,annotator,HIGH LEVEL BEHAVIOR,2022-06-01 15:02:26,2022-06-01 15:06:02
2022-06-02 01:59:58,2022-06-02 02:00:11,Using_Computer/Screen,annotator,HIGH LEVEL BEHAVIOR,2022-06-01 15:06:02,2022-06-01 15:06:15
2022-06-02 02:00:11,2022-06-02 02:03:30,Using_Computer/Screen,annotator,HIGH LEVEL BEHAVIOR,2022-06-01 15:06:15,2022-06-01 15:09:34
2022-06-02 02:03:30,2022-06-02 02:07:02,Using_Computer/Screen,annotator,HIGH LEVEL BEHAVIOR,2022-06-01 15:09:34,2022-06-01 15:13:06
2022-06-02 02:07:02,2022-06-02 02:11:48,Using_Computer/Screen,annotator,HIGH LEVEL BEHAVIOR,2022-06-01 15:13:06,2022-06-01 15:17:52
2022-06-02 02:11:48,2022-06-02 02:12:17,Using_Computer/Screen,annotator,HIGH LEVEL BEHAVIOR,2022-06-01 15:17:52,2022-06-01 15:18:21
2022-06-02 02:12:17,2022-06-02 02:12:39,Using_Computer/Screen,annotator,HIGH LEVEL BEHAVIOR,2022-06-01 15:18:21,2022-06-01 15:18:43
2022-06-02 02:12:39,2022-06-02 02:13:57,Using_Computer/Screen,annotator,HIGH LEVEL BEHAVIOR,2022-06-01 15:18:43,2022-06-01 15:20:01
2022-06-02 02:13:57,2022-06-02 02:14:20,Using_Computer/Screen,annotator,HIGH LEVEL BEHAVIOR,2022-06-01 15:20:01,2022-06-01 15:20:24
2022-06-02 02:14:20,2022-06-02 02:15:58,Using_Computer/Screen,annotator,HIGH LEVEL BEHAVIOR,2022-06-01 15:20:24,2022-06-01 15:22:02
2022-06-02 02:15:58,2022-06-02 02:18:06,Using_Computer/Screen,annotator,HIGH LEVEL BEHAVIOR,2022-06-01 15:22:02,2022-06-01 15:24:10
2022-06-02 02:18:11,2022-06-02 02:19:50,Using_Computer/Screen,annotator,HIGH LEVEL BEHAVIOR,2022-06-01 15:24:15,2022-06-01 15:25:54
2022-06-02 02:19:50,2022-06-02 02:21:57,Using_Computer/Screen,annotator,HIGH LEVEL BEHAVIOR,2022-06-01 15:25:54,2022-06-01 15:28:01
2022-06-02 02:21:57,2022-06-02 02:22:25,Using_Computer/Screen,annotator,HIGH LEVEL BEHAVIOR,2022-06-01 15:28:01,2022-06-01 15:28:29
2022-06-02 02:22:25,2022-06-02 02:23:08,Using_Computer/Screen,annotator,HIGH LEVEL BEHAVIOR,2022-06-01 15:28:29,2022-06-01 15:29:12
2022-06-02 02:23:08,2022-06-02 02:23:28,Using_Computer/Screen,annotator,HIGH LEVEL BEHAVIOR,2022-06-01 15:29:12,2022-06-01 15:29:32
2022-06-02 02:23:28,2022-06-02 02:25:09,Using_Computer/Screen,annotator,HIGH LEVEL BEHAVIOR,2022-06-01 15:29:32,2022-06-01 15:31:13
2022-06-02 02:25:09,2022-06-02 02:29:17,Using_Computer/Screen,annotator,HIGH LEVEL BEHAVIOR,2022-06-01 15:31:13,2022-06-01 15:35:21
2022-06-02 02:29:17,2022-06-02 02:31:32,Using_Computer/Screen,annotator,HIGH LEVEL BEHAVIOR,2022-06-01 15:35:21,2022-06-01 15:37:36
2022-06-02 02:31:32,2022-06-02 02:31:56,Using_Computer/Screen,annotator,HIGH LEVEL BEHAVIOR,2022-06-01 15:37:36,2022-06-01 15:38:00
2022-06-02 02:31:56,2022-06-02 02:32:20,Using_Computer/Screen,annotator,HIGH LEVEL BEHAVIOR,2022-06-01 15:38:00,2022-06-01 15:38:24
2022-06-02 02:32:20,2022-06-02 02:34:20,Using_Computer/Screen,annotator,HIGH LEVEL BEHAVIOR,2022-06-01 15:38:24,2022-06-01 15:40:24
2022-06-02 02:34:20,2022-06-02 02:38:06,Using_Computer/Screen,annotator,HIGH LEVEL BEHAVIOR,2022-06-01 15:40:24,2022-06-01 15:44:10
2022-06-02 02:38:06,2022-06-02 02:39:01,Using_Computer/Screen,annotator,HIGH LEVEL BEHAVIOR,2022-06-01 15:44:10,2022-06-01 15:45:05
2022-06-02 02:39:01,2022-06-02 02:40:59,Using_Computer/Screen,annotator,HIGH LEVEL BEHAVIOR,2022-06-01 15:45:05,2022-06-01 15:47:03
2022-06-02 02:40:59,2022-06-02 02:43:12,Using_Computer/Screen,annotator,HIGH LEVEL BEHAVIOR,2022-06-01 15:47:03,2022-06-01 15:49:16
2022-06-02 02:43:12,2022-06-02 02:43:42,,annotator,HIGH LEVEL BEHAVIOR,2022-06-01 15:49:16,2022-06-01 15:49:46
