START_TIME,STOP_TIME,PREDICTION,SOURCE,LABELSET,VIDEO_START_TIME,VIDEO_END_TIME
2022-06-13 19:13:15,2022-06-13 19:15:02,Free_Living,annotator,Experimental situation,2022-06-13 00:00:00,2022-06-13 00:01:47
2022-06-13 19:15:02,2022-06-13 19:15:15,Free_Living,annotator,Experimental situation,2022-06-13 00:01:47,2022-06-13 00:02:00
2022-06-13 19:15:15,2022-06-13 19:15:53,Free_Living,annotator,Experimental situation,2022-06-13 00:02:00,2022-06-13 00:02:38
2022-06-13 19:15:53,2022-06-13 19:16:00,Free_Living,annotator,Experimental situation,2022-06-13 00:02:38,2022-06-13 00:02:45
2022-06-13 19:16:00,2022-06-13 19:17:12,Free_Living,annotator,Experimental situation,2022-06-13 00:02:45,2022-06-13 00:03:57
2022-06-13 19:17:13,2022-06-13 19:19:33,ES_VideoUnavailable/Indecipherable,annotator,Experimental situation,2022-06-13 00:03:58,2022-06-13 00:06:18
2022-06-13 19:19:35,2022-06-13 19:19:46,Free_Living,annotator,Experimental situation,2022-06-13 00:06:20,2022-06-13 00:06:31
2022-06-13 19:19:46,2022-06-13 19:22:18,Free_Living,annotator,Experimental situation,2022-06-13 00:06:31,2022-06-13 00:09:03
2022-06-13 19:22:18,2022-06-13 19:22:53,Free_Living,annotator,Experimental situation,2022-06-13 00:09:03,2022-06-13 00:09:38
2022-06-13 19:22:53,2022-06-13 19:23:31,Free_Living,annotator,Experimental situation,2022-06-13 00:09:38,2022-06-13 00:10:16
2022-06-13 19:23:31,2022-06-13 19:24:13,Free_Living,annotator,Experimental situation,2022-06-13 00:10:16,2022-06-13 00:10:58
2022-06-13 19:24:13,2022-06-13 19:24:30,Free_Living,annotator,Experimental situation,2022-06-13 00:10:58,2022-06-13 00:11:15
2022-06-13 19:24:30,2022-06-13 19:24:47,Free_Living,annotator,Experimental situation,2022-06-13 00:11:15,2022-06-13 00:11:32
2022-06-13 19:24:47,2022-06-13 19:24:50,Free_Living,annotator,Experimental situation,2022-06-13 00:11:32,2022-06-13 00:11:35
2022-06-13 19:24:50,2022-06-13 19:25:12,Free_Living,annotator,Experimental situation,2022-06-13 00:11:35,2022-06-13 00:11:57
2022-06-13 19:25:12,2022-06-13 19:25:30,Free_Living,annotator,Experimental situation,2022-06-13 00:11:57,2022-06-13 00:12:15
2022-06-13 19:25:30,2022-06-13 19:31:45,Free_Living,annotator,Experimental situation,2022-06-13 00:12:15,2022-06-13 00:18:30
2022-06-13 19:31:45,2022-06-13 19:32:08,Free_Living,annotator,Experimental situation,2022-06-13 00:18:30,2022-06-13 00:18:53
2022-06-13 19:32:09,2022-06-13 19:32:31,Free_Living,annotator,Experimental situation,2022-06-13 00:18:54,2022-06-13 00:19:16
2022-06-13 19:32:31,2022-06-13 19:32:49,Free_Living,annotator,Experimental situation,2022-06-13 00:19:16,2022-06-13 00:19:34
2022-06-13 19:32:49,2022-06-13 19:33:54,Free_Living,annotator,Experimental situation,2022-06-13 00:19:34,2022-06-13 00:20:39
2022-06-13 19:33:54,2022-06-13 19:34:11,Free_Living,annotator,Experimental situation,2022-06-13 00:20:39,2022-06-13 00:20:56
2022-06-13 19:34:11,2022-06-13 19:35:29,Free_Living,annotator,Experimental situation,2022-06-13 00:20:56,2022-06-13 00:22:14
2022-06-13 19:35:29,2022-06-13 19:35:39,Free_Living,annotator,Experimental situation,2022-06-13 00:22:14,2022-06-13 00:22:24
2022-06-13 19:35:39,2022-06-13 19:35:45,Free_Living,annotator,Experimental situation,2022-06-13 00:22:24,2022-06-13 00:22:30
2022-06-13 19:35:45,2022-06-13 19:36:07,Free_Living,annotator,Experimental situation,2022-06-13 00:22:30,2022-06-13 00:22:52
2022-06-13 19:36:07,2022-06-13 19:36:46,Free_Living,annotator,Experimental situation,2022-06-13 00:22:52,2022-06-13 00:23:31
2022-06-13 19:36:46,2022-06-13 19:36:50,Free_Living,annotator,Experimental situation,2022-06-13 00:23:31,2022-06-13 00:23:35
2022-06-13 19:36:50,2022-06-13 19:37:23,Free_Living,annotator,Experimental situation,2022-06-13 00:23:35,2022-06-13 00:24:08
2022-06-13 19:37:23,2022-06-13 19:37:29,Free_Living,annotator,Experimental situation,2022-06-13 00:24:08,2022-06-13 00:24:14
2022-06-13 19:37:29,2022-06-13 19:37:43,Free_Living,annotator,Experimental situation,2022-06-13 00:24:14,2022-06-13 00:24:28
2022-06-13 19:37:43,2022-06-13 19:37:53,Free_Living,annotator,Experimental situation,2022-06-13 00:24:28,2022-06-13 00:24:38
2022-06-13 19:37:53,2022-06-13 19:38:04,Free_Living,annotator,Experimental situation,2022-06-13 00:24:38,2022-06-13 00:24:49
2022-06-13 19:38:04,2022-06-13 19:38:08,Free_Living,annotator,Experimental situation,2022-06-13 00:24:49,2022-06-13 00:24:53
2022-06-13 19:38:08,2022-06-13 19:39:03,Free_Living,annotator,Experimental situation,2022-06-13 00:24:53,2022-06-13 00:25:48
2022-06-13 19:39:03,2022-06-13 19:39:11,Free_Living,annotator,Experimental situation,2022-06-13 00:25:48,2022-06-13 00:25:56
2022-06-13 19:39:11,2022-06-13 19:39:26,Free_Living,annotator,Experimental situation,2022-06-13 00:25:56,2022-06-13 00:26:11
2022-06-13 19:39:26,2022-06-13 19:39:35,Free_Living,annotator,Experimental situation,2022-06-13 00:26:11,2022-06-13 00:26:20
2022-06-13 19:39:35,2022-06-13 19:39:46,Free_Living,annotator,Experimental situation,2022-06-13 00:26:20,2022-06-13 00:26:31
2022-06-13 19:39:46,2022-06-13 19:40:08,Free_Living,annotator,Experimental situation,2022-06-13 00:26:31,2022-06-13 00:26:53
2022-06-13 19:40:08,2022-06-13 19:40:37,Free_Living,annotator,Experimental situation,2022-06-13 00:26:53,2022-06-13 00:27:22
2022-06-13 19:40:37,2022-06-13 19:41:27,Free_Living,annotator,Experimental situation,2022-06-13 00:27:22,2022-06-13 00:28:12
2022-06-13 19:41:27,2022-06-13 19:42:00,Free_Living,annotator,Experimental situation,2022-06-13 00:28:12,2022-06-13 00:28:45
2022-06-13 19:42:00,2022-06-13 19:42:08,Free_Living,annotator,Experimental situation,2022-06-13 00:28:45,2022-06-13 00:28:53
2022-06-13 19:42:08,2022-06-13 19:42:26,Free_Living,annotator,Experimental situation,2022-06-13 00:28:53,2022-06-13 00:29:11
2022-06-13 19:42:26,2022-06-13 19:42:51,Free_Living,annotator,Experimental situation,2022-06-13 00:29:11,2022-06-13 00:29:36
2022-06-13 19:42:51,2022-06-13 19:43:19,Free_Living,annotator,Experimental situation,2022-06-13 00:29:36,2022-06-13 00:30:04
2022-06-13 19:43:19,2022-06-13 19:43:34,Free_Living,annotator,Experimental situation,2022-06-13 00:30:04,2022-06-13 00:30:19
2022-06-13 19:43:34,2022-06-13 19:43:37,Free_Living,annotator,Experimental situation,2022-06-13 00:30:19,2022-06-13 00:30:22
2022-06-13 19:43:37,2022-06-13 19:43:45,Free_Living,annotator,Experimental situation,2022-06-13 00:30:22,2022-06-13 00:30:30
2022-06-13 19:43:45,2022-06-13 19:43:52,Free_Living,annotator,Experimental situation,2022-06-13 00:30:30,2022-06-13 00:30:37
2022-06-13 19:43:52,2022-06-13 19:44:05,Free_Living,annotator,Experimental situation,2022-06-13 00:30:37,2022-06-13 00:30:50
2022-06-13 19:44:05,2022-06-13 19:44:14,Free_Living,annotator,Experimental situation,2022-06-13 00:30:50,2022-06-13 00:30:59
2022-06-13 19:44:14,2022-06-13 19:44:39,Free_Living,annotator,Experimental situation,2022-06-13 00:30:59,2022-06-13 00:31:24
2022-06-13 19:44:39,2022-06-13 19:44:51,Free_Living,annotator,Experimental situation,2022-06-13 00:31:24,2022-06-13 00:31:36
2022-06-13 19:44:51,2022-06-13 19:45:11,Free_Living,annotator,Experimental situation,2022-06-13 00:31:36,2022-06-13 00:31:56
2022-06-13 19:45:11,2022-06-13 19:45:24,Free_Living,annotator,Experimental situation,2022-06-13 00:31:56,2022-06-13 00:32:09
2022-06-13 19:45:24,2022-06-13 19:45:38,Free_Living,annotator,Experimental situation,2022-06-13 00:32:09,2022-06-13 00:32:23
2022-06-13 19:45:38,2022-06-13 19:45:50,Free_Living,annotator,Experimental situation,2022-06-13 00:32:23,2022-06-13 00:32:35
2022-06-13 19:45:50,2022-06-13 19:46:04,Free_Living,annotator,Experimental situation,2022-06-13 00:32:35,2022-06-13 00:32:49
2022-06-13 19:46:04,2022-06-13 19:47:23,Free_Living,annotator,Experimental situation,2022-06-13 00:32:49,2022-06-13 00:34:08
2022-06-13 19:47:23,2022-06-13 19:47:50,Free_Living,annotator,Experimental situation,2022-06-13 00:34:08,2022-06-13 00:34:35
2022-06-13 19:47:50,2022-06-13 19:48:32,Free_Living,annotator,Experimental situation,2022-06-13 00:34:35,2022-06-13 00:35:17
2022-06-13 19:48:32,2022-06-13 19:48:58,Free_Living,annotator,Experimental situation,2022-06-13 00:35:17,2022-06-13 00:35:43
2022-06-13 19:48:58,2022-06-13 19:49:06,Free_Living,annotator,Experimental situation,2022-06-13 00:35:43,2022-06-13 00:35:51
2022-06-13 19:49:06,2022-06-13 19:50:07,Free_Living,annotator,Experimental situation,2022-06-13 00:35:51,2022-06-13 00:36:52
2022-06-13 19:50:07,2022-06-13 19:50:12,Free_Living,annotator,Experimental situation,2022-06-13 00:36:52,2022-06-13 00:36:57
2022-06-13 19:50:12,2022-06-13 19:50:29,Free_Living,annotator,Experimental situation,2022-06-13 00:36:57,2022-06-13 00:37:14
2022-06-13 19:50:29,2022-06-13 19:50:39,Free_Living,annotator,Experimental situation,2022-06-13 00:37:14,2022-06-13 00:37:24
2022-06-13 19:50:39,2022-06-13 19:50:52,Free_Living,annotator,Experimental situation,2022-06-13 00:37:24,2022-06-13 00:37:37
2022-06-13 19:50:52,2022-06-13 19:53:18,Free_Living,annotator,Experimental situation,2022-06-13 00:37:37,2022-06-13 00:40:03
2022-06-13 19:53:18,2022-06-13 19:53:31,Free_Living,annotator,Experimental situation,2022-06-13 00:40:03,2022-06-13 00:40:16
2022-06-13 19:53:31,2022-06-13 19:59:39,Free_Living,annotator,Experimental situation,2022-06-13 00:40:16,2022-06-13 00:46:24
2022-06-13 19:59:39,2022-06-13 19:59:43,Free_Living,annotator,Experimental situation,2022-06-13 00:46:24,2022-06-13 00:46:28
2022-06-13 19:59:46,2022-06-13 19:59:52,Free_Living,annotator,Experimental situation,2022-06-13 00:46:31,2022-06-13 00:46:37
2022-06-13 19:59:52,2022-06-13 20:00:08,Free_Living,annotator,Experimental situation,2022-06-13 00:46:37,2022-06-13 00:46:53
2022-06-13 20:00:08,2022-06-13 20:00:23,Free_Living,annotator,Experimental situation,2022-06-13 00:46:53,2022-06-13 00:47:08
2022-06-13 20:00:23,2022-06-13 20:00:48,Free_Living,annotator,Experimental situation,2022-06-13 00:47:08,2022-06-13 00:47:33
2022-06-13 20:00:48,2022-06-13 20:01:32,Free_Living,annotator,Experimental situation,2022-06-13 00:47:33,2022-06-13 00:48:17
2022-06-13 20:01:32,2022-06-13 20:01:40,Free_Living,annotator,Experimental situation,2022-06-13 00:48:17,2022-06-13 00:48:25
2022-06-13 20:01:40,2022-06-13 20:01:44,Free_Living,annotator,Experimental situation,2022-06-13 00:48:25,2022-06-13 00:48:29
2022-06-13 20:01:44,2022-06-13 20:01:55,Free_Living,annotator,Experimental situation,2022-06-13 00:48:29,2022-06-13 00:48:40
2022-06-13 20:01:55,2022-06-13 20:02:08,Free_Living,annotator,Experimental situation,2022-06-13 00:48:40,2022-06-13 00:48:53
2022-06-13 20:02:08,2022-06-13 20:02:53,Free_Living,annotator,Experimental situation,2022-06-13 00:48:53,2022-06-13 00:49:38
2022-06-13 20:02:53,2022-06-13 20:02:58,Free_Living,annotator,Experimental situation,2022-06-13 00:49:38,2022-06-13 00:49:43
2022-06-13 20:02:58,2022-06-13 20:03:09,Free_Living,annotator,Experimental situation,2022-06-13 00:49:43,2022-06-13 00:49:54
2022-06-13 20:03:09,2022-06-13 20:03:19,Free_Living,annotator,Experimental situation,2022-06-13 00:49:54,2022-06-13 00:50:04
2022-06-13 20:03:19,2022-06-13 20:03:33,Free_Living,annotator,Experimental situation,2022-06-13 00:50:04,2022-06-13 00:50:18
2022-06-13 20:03:33,2022-06-13 20:03:58,Free_Living,annotator,Experimental situation,2022-06-13 00:50:18,2022-06-13 00:50:43
2022-06-13 20:03:58,2022-06-13 20:04:03,Free_Living,annotator,Experimental situation,2022-06-13 00:50:43,2022-06-13 00:50:48
2022-06-13 20:04:03,2022-06-13 20:04:14,Free_Living,annotator,Experimental situation,2022-06-13 00:50:48,2022-06-13 00:50:59
2022-06-13 20:04:14,2022-06-13 20:04:24,Free_Living,annotator,Experimental situation,2022-06-13 00:50:59,2022-06-13 00:51:09
2022-06-13 20:04:31,2022-06-13 20:05:10,Free_Living,annotator,Experimental situation,2022-06-13 00:51:16,2022-06-13 00:51:55
2022-06-13 20:05:10,2022-06-13 20:05:19,Free_Living,annotator,Experimental situation,2022-06-13 00:51:55,2022-06-13 00:52:04
2022-06-13 20:05:20,2022-06-13 20:05:25,Free_Living,annotator,Experimental situation,2022-06-13 00:52:05,2022-06-13 00:52:10
2022-06-13 20:05:29,2022-06-13 20:11:27,Free_Living,annotator,Experimental situation,2022-06-13 00:52:14,2022-06-13 00:58:12
2022-06-13 20:11:27,2022-06-13 20:11:33,Free_Living,annotator,Experimental situation,2022-06-13 00:58:12,2022-06-13 00:58:18
2022-06-13 20:11:33,2022-06-13 20:12:42,Free_Living,annotator,Experimental situation,2022-06-13 00:58:18,2022-06-13 00:59:27
2022-06-13 20:12:42,2022-06-13 20:12:48,Free_Living,annotator,Experimental situation,2022-06-13 00:59:27,2022-06-13 00:59:33
2022-06-13 20:12:48,2022-06-13 20:13:13,Free_Living,annotator,Experimental situation,2022-06-13 00:59:33,2022-06-13 00:59:58
2022-06-13 20:13:13,2022-06-13 20:13:19,Free_Living,annotator,Experimental situation,2022-06-13 00:59:58,2022-06-13 01:00:04
2022-06-13 20:13:19,2022-06-13 20:13:25,Free_Living,annotator,Experimental situation,2022-06-13 01:00:04,2022-06-13 01:00:10
2022-06-13 20:13:26,2022-06-13 20:14:11,Free_Living,annotator,Experimental situation,2022-06-13 01:00:11,2022-06-13 01:00:56
2022-06-13 20:14:11,2022-06-13 20:15:18,Free_Living,annotator,Experimental situation,2022-06-13 01:00:56,2022-06-13 01:02:03
2022-06-13 20:15:18,2022-06-13 20:15:23,Free_Living,annotator,Experimental situation,2022-06-13 01:02:03,2022-06-13 01:02:08
2022-06-13 20:15:23,2022-06-13 20:15:45,Free_Living,annotator,Experimental situation,2022-06-13 01:02:08,2022-06-13 01:02:30
2022-06-13 20:15:45,2022-06-13 20:16:16,Free_Living,annotator,Experimental situation,2022-06-13 01:02:30,2022-06-13 01:03:01
2022-06-13 20:16:16,2022-06-13 20:16:21,Free_Living,annotator,Experimental situation,2022-06-13 01:03:01,2022-06-13 01:03:06
2022-06-13 20:16:21,2022-06-13 20:16:35,Free_Living,annotator,Experimental situation,2022-06-13 01:03:06,2022-06-13 01:03:20
2022-06-13 20:16:35,2022-06-13 20:16:57,Free_Living,annotator,Experimental situation,2022-06-13 01:03:20,2022-06-13 01:03:42
2022-06-13 20:16:57,2022-06-13 20:17:15,Free_Living,annotator,Experimental situation,2022-06-13 01:03:42,2022-06-13 01:04:00
2022-06-13 20:17:15,2022-06-13 20:17:19,Free_Living,annotator,Experimental situation,2022-06-13 01:04:00,2022-06-13 01:04:04
2022-06-13 20:17:19,2022-06-13 20:18:01,Free_Living,annotator,Experimental situation,2022-06-13 01:04:04,2022-06-13 01:04:46
2022-06-13 20:18:01,2022-06-13 20:18:24,Free_Living,annotator,Experimental situation,2022-06-13 01:04:46,2022-06-13 01:05:09
2022-06-13 20:18:24,2022-06-13 20:20:48,Free_Living,annotator,Experimental situation,2022-06-13 01:05:09,2022-06-13 01:07:33
2022-06-13 20:20:48,2022-06-13 20:21:09,Free_Living,annotator,Experimental situation,2022-06-13 01:07:33,2022-06-13 01:07:54
2022-06-13 20:21:09,2022-06-13 20:21:32,Free_Living,annotator,Experimental situation,2022-06-13 01:07:54,2022-06-13 01:08:17
2022-06-13 20:21:32,2022-06-13 20:21:50,Free_Living,annotator,Experimental situation,2022-06-13 01:08:17,2022-06-13 01:08:35
2022-06-13 20:21:50,2022-06-13 20:25:01,Free_Living,annotator,Experimental situation,2022-06-13 01:08:35,2022-06-13 01:11:46
2022-06-13 20:25:01,2022-06-13 20:31:36,Free_Living,annotator,Experimental situation,2022-06-13 01:11:46,2022-06-13 01:18:21
2022-06-13 20:31:36,2022-06-13 20:33:52,Free_Living,annotator,Experimental situation,2022-06-13 01:18:21,2022-06-13 01:20:37
2022-06-13 20:33:52,2022-06-13 20:35:01,Free_Living,annotator,Experimental situation,2022-06-13 01:20:37,2022-06-13 01:21:46
2022-06-13 20:35:01,2022-06-13 20:37:10,Free_Living,annotator,Experimental situation,2022-06-13 01:21:46,2022-06-13 01:23:55
2022-06-13 20:37:12,2022-06-13 20:37:19,Free_Living,annotator,Experimental situation,2022-06-13 01:23:57,2022-06-13 01:24:04
2022-06-13 20:37:19,2022-06-13 20:37:43,Free_Living,annotator,Experimental situation,2022-06-13 01:24:04,2022-06-13 01:24:28
2022-06-13 20:37:43,2022-06-13 20:37:53,Free_Living,annotator,Experimental situation,2022-06-13 01:24:28,2022-06-13 01:24:38
2022-06-13 20:37:53,2022-06-13 20:38:00,Free_Living,annotator,Experimental situation,2022-06-13 01:24:38,2022-06-13 01:24:45
2022-06-13 20:38:00,2022-06-13 20:38:34,Free_Living,annotator,Experimental situation,2022-06-13 01:24:45,2022-06-13 01:25:19
2022-06-13 20:38:34,2022-06-13 20:38:47,Free_Living,annotator,Experimental situation,2022-06-13 01:25:19,2022-06-13 01:25:32
2022-06-13 20:38:47,2022-06-13 20:39:14,Free_Living,annotator,Experimental situation,2022-06-13 01:25:32,2022-06-13 01:25:59
2022-06-13 20:39:14,2022-06-13 20:39:26,Free_Living,annotator,Experimental situation,2022-06-13 01:25:59,2022-06-13 01:26:11
2022-06-13 20:39:26,2022-06-13 20:39:49,Free_Living,annotator,Experimental situation,2022-06-13 01:26:11,2022-06-13 01:26:34
2022-06-13 20:39:49,2022-06-13 20:39:52,Free_Living,annotator,Experimental situation,2022-06-13 01:26:34,2022-06-13 01:26:37
2022-06-13 20:39:52,2022-06-13 20:40:37,Free_Living,annotator,Experimental situation,2022-06-13 01:26:37,2022-06-13 01:27:22
2022-06-13 20:40:37,2022-06-13 20:40:42,Free_Living,annotator,Experimental situation,2022-06-13 01:27:22,2022-06-13 01:27:27
2022-06-13 20:40:43,2022-06-13 20:42:14,Free_Living,annotator,Experimental situation,2022-06-13 01:27:28,2022-06-13 01:28:59
2022-06-13 20:42:14,2022-06-13 20:42:31,Free_Living,annotator,Experimental situation,2022-06-13 01:28:59,2022-06-13 01:29:16
2022-06-13 20:42:31,2022-06-13 20:42:53,Free_Living,annotator,Experimental situation,2022-06-13 01:29:16,2022-06-13 01:29:38
2022-06-13 20:42:53,2022-06-13 20:48:41,Free_Living,annotator,Experimental situation,2022-06-13 01:29:38,2022-06-13 01:35:26
2022-06-13 20:48:41,2022-06-13 20:49:05,Free_Living,annotator,Experimental situation,2022-06-13 01:35:26,2022-06-13 01:35:50
2022-06-13 20:49:05,2022-06-13 20:49:33,Free_Living,annotator,Experimental situation,2022-06-13 01:35:50,2022-06-13 01:36:18
2022-06-13 20:49:33,2022-06-13 20:49:51,Free_Living,annotator,Experimental situation,2022-06-13 01:36:18,2022-06-13 01:36:36
2022-06-13 20:49:51,2022-06-13 20:50:59,Free_Living,annotator,Experimental situation,2022-06-13 01:36:36,2022-06-13 01:37:44
2022-06-13 20:50:59,2022-06-13 20:51:13,Free_Living,annotator,Experimental situation,2022-06-13 01:37:44,2022-06-13 01:37:58
2022-06-13 20:51:13,2022-06-13 20:52:26,Free_Living,annotator,Experimental situation,2022-06-13 01:37:58,2022-06-13 01:39:11
2022-06-13 20:52:29,2022-06-13 20:52:40,Free_Living,annotator,Experimental situation,2022-06-13 01:39:14,2022-06-13 01:39:25
2022-06-13 20:52:40,2022-06-13 20:52:46,Free_Living,annotator,Experimental situation,2022-06-13 01:39:25,2022-06-13 01:39:31
2022-06-13 20:52:46,2022-06-13 20:53:10,Free_Living,annotator,Experimental situation,2022-06-13 01:39:31,2022-06-13 01:39:55
2022-06-13 20:53:10,2022-06-13 20:53:35,Free_Living,annotator,Experimental situation,2022-06-13 01:39:55,2022-06-13 01:40:20
2022-06-13 20:53:35,2022-06-13 20:53:44,Free_Living,annotator,Experimental situation,2022-06-13 01:40:20,2022-06-13 01:40:29
2022-06-13 20:53:44,2022-06-13 20:54:12,Free_Living,annotator,Experimental situation,2022-06-13 01:40:29,2022-06-13 01:40:57
2022-06-13 20:54:12,2022-06-13 20:54:21,Free_Living,annotator,Experimental situation,2022-06-13 01:40:57,2022-06-13 01:41:06
2022-06-13 20:54:21,2022-06-13 20:54:43,Free_Living,annotator,Experimental situation,2022-06-13 01:41:06,2022-06-13 01:41:28
2022-06-13 20:54:43,2022-06-13 20:54:51,Free_Living,annotator,Experimental situation,2022-06-13 01:41:28,2022-06-13 01:41:36
