START_TIME,STOP_TIME,PREDICTION,SOURCE,LABELSET,VIDEO_START_TIME,VIDEO_END_TIME
2022-05-25 11:45:26,2022-05-25 11:45:50,,annotator,HIGH LEVEL BEHAVIOR,2022-05-25 00:00:05,2022-05-25 00:00:29
2022-05-25 11:45:52,2022-05-25 11:49:29,Doing_Laundry,annotator,HIGH LEVEL BEHAVIOR,2022-05-25 00:00:31,2022-05-25 00:04:08
2022-05-25 11:49:31,2022-05-25 12:18:29,Using_Computer/Screen,annotator,HIGH LEVEL BEHAVIOR,2022-05-25 00:04:10,2022-05-25 00:33:08
2022-05-25 12:18:40,2022-05-25 12:26:09,HLB_Indecipherable/Video_Insufficient,annotator,HIGH LEVEL BEHAVIOR,2022-05-25 00:33:19,2022-05-25 00:40:48
2022-05-25 12:26:13,2022-05-25 12:37:30,Using_Computer/Screen,annotator,HIGH LEVEL BEHAVIOR,2022-05-25 00:40:52,2022-05-25 00:52:09
2022-05-25 12:37:32,2022-05-25 12:44:56,Meeting_Virtual, Using_Computer/Screen,annotator,HIGH LEVEL BEHAVIOR,2022-05-25 00:52:11,2022-05-25 00:59:35
2022-05-25 12:45:01,2022-05-25 12:45:15,In_Transit_Active,annotator,HIGH LEVEL BEHAVIOR,2022-05-25 00:59:40,2022-05-25 00:59:54
2022-05-25 12:45:17,2022-05-25 13:00:19,Using_Computer/Screen,annotator,HIGH LEVEL BEHAVIOR,2022-05-25 00:59:56,2022-05-25 01:14:58
2022-05-25 13:00:20,2022-05-25 13:25:56,HLB_Indecipherable/Video_Insufficient,annotator,HIGH LEVEL BEHAVIOR,2022-05-25 01:14:59,2022-05-25 01:40:35
2022-05-25 13:26:09,2022-05-25 13:27:09,In_Transit_Active,annotator,HIGH LEVEL BEHAVIOR,2022-05-25 01:40:48,2022-05-25 01:41:48
2022-05-25 13:27:10,2022-05-25 13:28:08,HLB_Indecipherable/Video_Insufficient,annotator,HIGH LEVEL BEHAVIOR,2022-05-25 01:41:49,2022-05-25 01:42:47
2022-05-25 13:28:10,2022-05-25 13:29:10,In_Transit_Active,annotator,HIGH LEVEL BEHAVIOR,2022-05-25 01:42:49,2022-05-25 01:43:49
2022-05-25 13:29:11,2022-05-25 13:34:24,In_Transit_Active,annotator,HIGH LEVEL BEHAVIOR,2022-05-25 01:43:50,2022-05-25 01:49:03
2022-05-25 13:34:25,2022-05-25 13:34:36,In_Transit_Active,annotator,HIGH LEVEL BEHAVIOR,2022-05-25 01:49:04,2022-05-25 01:49:15
2022-05-25 13:34:37,2022-05-25 13:34:52,In_Transit_Active,annotator,HIGH LEVEL BEHAVIOR,2022-05-25 01:49:16,2022-05-25 01:49:31
2022-05-25 13:34:53,2022-05-25 13:35:03,In_Transit_Active,annotator,HIGH LEVEL BEHAVIOR,2022-05-25 01:49:32,2022-05-25 01:49:42
2022-05-25 13:35:04,2022-05-25 14:08:42,HLB_Indecipherable/Video_Insufficient,annotator,HIGH LEVEL BEHAVIOR,2022-05-25 01:49:43,2022-05-25 02:23:21
2022-05-25 14:08:53,2022-05-25 14:27:38,Using_Computer/Screen,annotator,HIGH LEVEL BEHAVIOR,2022-05-25 02:23:32,2022-05-25 02:42:17
2022-05-25 14:27:40,2022-05-25 14:28:44,Using_Computer/Screen,annotator,HIGH LEVEL BEHAVIOR,2022-05-25 02:42:19,2022-05-25 02:43:23
2022-05-25 14:28:45,2022-05-25 15:00:33,Using_Computer/Screen,annotator,HIGH LEVEL BEHAVIOR,2022-05-25 02:43:24,2022-05-25 03:15:12
2022-05-25 15:00:40,2022-05-25 15:01:04,In_Transit_Active,annotator,HIGH LEVEL BEHAVIOR,2022-05-25 03:15:19,2022-05-25 03:15:43
2022-05-25 15:01:07,2022-05-25 15:01:21,In_Transit_Active,annotator,HIGH LEVEL BEHAVIOR,2022-05-25 03:15:46,2022-05-25 03:16:00
2022-05-25 15:01:21,2022-05-25 15:04:36,In_Transit_Active,annotator,HIGH LEVEL BEHAVIOR,2022-05-25 03:16:00,2022-05-25 03:19:15
2022-05-25 15:04:40,2022-05-25 15:05:45,In_Transit_Active,annotator,HIGH LEVEL BEHAVIOR,2022-05-25 03:19:19,2022-05-25 03:20:24
2022-05-25 15:05:45,2022-05-25 15:06:47,In_Transit_Active,annotator,HIGH LEVEL BEHAVIOR,2022-05-25 03:20:24,2022-05-25 03:21:26
2022-05-25 15:06:49,2022-05-25 15:17:59,Eating/Dining,annotator,HIGH LEVEL BEHAVIOR,2022-05-25 03:21:28,2022-05-25 03:32:38
2022-05-25 15:18:00,2022-05-25 15:18:30,In_Transit_Active,annotator,HIGH LEVEL BEHAVIOR,2022-05-25 03:32:39,2022-05-25 03:33:09
2022-05-25 15:18:31,2022-05-25 15:18:41,In_Transit_Active,annotator,HIGH LEVEL BEHAVIOR,2022-05-25 03:33:10,2022-05-25 03:33:20
2022-05-25 15:18:42,2022-05-25 15:26:05,In_Transit_Active,annotator,HIGH LEVEL BEHAVIOR,2022-05-25 03:33:21,2022-05-25 03:40:44
2022-05-25 15:26:07,2022-05-25 15:27:52,In_Transit_Active,annotator,HIGH LEVEL BEHAVIOR,2022-05-25 03:40:46,2022-05-25 03:42:31
2022-05-25 15:27:52,2022-05-25 15:28:25,Riding_Elevator_Up,annotator,HIGH LEVEL BEHAVIOR,2022-05-25 03:42:31,2022-05-25 03:43:04
2022-05-25 15:28:30,2022-05-25 15:29:20,In_Transit_Active,annotator,HIGH LEVEL BEHAVIOR,2022-05-25 03:43:09,2022-05-25 03:43:59
2022-05-25 15:29:22,2022-05-25 16:03:18,Using_Computer/Screen,annotator,HIGH LEVEL BEHAVIOR,2022-05-25 03:44:01,2022-05-25 04:17:57
2022-05-25 16:03:21,2022-05-25 16:08:09,HLB_Indecipherable/Video_Insufficient,annotator,HIGH LEVEL BEHAVIOR,2022-05-25 04:18:00,2022-05-25 04:22:48
2022-05-25 16:08:09,2022-05-25 16:08:43,,annotator,HIGH LEVEL BEHAVIOR,2022-05-25 04:22:48,2022-05-25 04:23:22
2022-05-25 16:08:43,2022-05-25 16:08:56,,annotator,HIGH LEVEL BEHAVIOR,2022-05-25 04:23:22,2022-05-25 04:23:35
2022-05-25 16:08:56,2022-05-25 16:11:02,Cooking/Prepping_Food,annotator,HIGH LEVEL BEHAVIOR,2022-05-25 04:23:35,2022-05-25 04:25:41
2022-05-25 16:11:02,2022-05-25 16:11:15,Cooking/Prepping_Food,annotator,HIGH LEVEL BEHAVIOR,2022-05-25 04:25:41,2022-05-25 04:25:54
2022-05-25 16:11:15,2022-05-25 16:11:52,Eating/Dining,annotator,HIGH LEVEL BEHAVIOR,2022-05-25 04:25:54,2022-05-25 04:26:31
2022-05-25 16:11:52,2022-05-25 16:14:31,Eating/Dining, Using_Computer/Screen,annotator,HIGH LEVEL BEHAVIOR,2022-05-25 04:26:31,2022-05-25 04:29:10
2022-05-25 16:14:31,2022-05-25 16:15:19,Using_Computer/Screen,annotator,HIGH LEVEL BEHAVIOR,2022-05-25 04:29:10,2022-05-25 04:29:58
2022-05-25 16:15:19,2022-05-25 16:22:34,Using_Computer/Screen,annotator,HIGH LEVEL BEHAVIOR,2022-05-25 04:29:58,2022-05-25 04:37:13
2022-05-25 16:22:34,2022-05-25 16:24:20,Using_Computer/Screen,annotator,HIGH LEVEL BEHAVIOR,2022-05-25 04:37:13,2022-05-25 04:38:59
2022-05-25 16:24:20,2022-05-25 16:29:32,Using_Computer/Screen,annotator,HIGH LEVEL BEHAVIOR,2022-05-25 04:38:59,2022-05-25 04:44:11
2022-05-25 16:29:32,2022-05-25 16:30:21,Using_Computer/Screen, WatchingTV/Movies,annotator,HIGH LEVEL BEHAVIOR,2022-05-25 04:44:11,2022-05-25 04:45:00
2022-05-25 16:30:21,2022-05-25 16:36:56,,annotator,HIGH LEVEL BEHAVIOR,2022-05-25 04:45:00,2022-05-25 04:51:35
2022-05-25 16:36:56,2022-05-25 16:39:29,WatchingTV/Movies,annotator,HIGH LEVEL BEHAVIOR,2022-05-25 04:51:35,2022-05-25 04:54:08
2022-05-25 16:39:29,2022-05-25 16:40:42,,annotator,HIGH LEVEL BEHAVIOR,2022-05-25 04:54:08,2022-05-25 04:55:21
2022-05-25 16:40:42,2022-05-25 17:10:10,Using_Computer/Screen,annotator,HIGH LEVEL BEHAVIOR,2022-05-25 04:55:21,2022-05-25 05:24:49
2022-05-25 17:10:10,2022-05-25 17:11:57,,annotator,HIGH LEVEL BEHAVIOR,2022-05-25 05:24:49,2022-05-25 05:26:36
2022-05-25 17:11:57,2022-05-25 17:12:57,Using_Computer/Screen,annotator,HIGH LEVEL BEHAVIOR,2022-05-25 05:26:36,2022-05-25 05:27:36
2022-05-25 17:12:57,2022-05-25 17:15:58,,annotator,HIGH LEVEL BEHAVIOR,2022-05-25 05:27:36,2022-05-25 05:30:37
2022-05-25 17:15:58,2022-05-25 17:16:55,Using_Computer/Screen,annotator,HIGH LEVEL BEHAVIOR,2022-05-25 05:30:37,2022-05-25 05:31:34
2022-05-25 17:16:55,2022-05-25 17:17:56,,annotator,HIGH LEVEL BEHAVIOR,2022-05-25 05:31:34,2022-05-25 05:32:35
2022-05-25 17:17:56,2022-05-25 17:18:18,Using_Computer/Screen,annotator,HIGH LEVEL BEHAVIOR,2022-05-25 05:32:35,2022-05-25 05:32:57
2022-05-25 17:18:18,2022-05-25 17:19:47,,annotator,HIGH LEVEL BEHAVIOR,2022-05-25 05:32:57,2022-05-25 05:34:26
2022-05-25 17:19:47,2022-05-25 17:20:27,Using_Computer/Screen,annotator,HIGH LEVEL BEHAVIOR,2022-05-25 05:34:26,2022-05-25 05:35:06
2022-05-25 17:20:27,2022-05-25 17:22:24,,annotator,HIGH LEVEL BEHAVIOR,2022-05-25 05:35:06,2022-05-25 05:37:03
2022-05-25 17:22:24,2022-05-25 17:29:43,Using_Computer/Screen,annotator,HIGH LEVEL BEHAVIOR,2022-05-25 05:37:03,2022-05-25 05:44:22
2022-05-25 17:29:43,2022-05-25 17:30:52,,annotator,HIGH LEVEL BEHAVIOR,2022-05-25 05:44:22,2022-05-25 05:45:31
2022-05-25 17:30:52,2022-05-25 17:31:38,Using_Computer/Screen,annotator,HIGH LEVEL BEHAVIOR,2022-05-25 05:45:31,2022-05-25 05:46:17
2022-05-25 17:31:38,2022-05-25 17:38:21,,annotator,HIGH LEVEL BEHAVIOR,2022-05-25 05:46:17,2022-05-25 05:53:00
2022-05-25 17:38:21,2022-05-25 17:43:52,Using_Computer/Screen,annotator,HIGH LEVEL BEHAVIOR,2022-05-25 05:53:00,2022-05-25 05:58:31
2022-05-25 17:43:52,2022-05-25 17:45:15,,annotator,HIGH LEVEL BEHAVIOR,2022-05-25 05:58:31,2022-05-25 05:59:54
2022-05-25 17:45:15,2022-05-25 17:46:04,Using_Computer/Screen,annotator,HIGH LEVEL BEHAVIOR,2022-05-25 05:59:54,2022-05-25 06:00:43
2022-05-25 17:46:04,2022-05-25 17:52:54,,annotator,HIGH LEVEL BEHAVIOR,2022-05-25 06:00:43,2022-05-25 06:07:33
2022-05-25 17:52:54,2022-05-25 17:53:46,Using_Computer/Screen,annotator,HIGH LEVEL BEHAVIOR,2022-05-25 06:07:33,2022-05-25 06:08:25
2022-05-25 17:53:46,2022-05-25 18:03:34,,annotator,HIGH LEVEL BEHAVIOR,2022-05-25 06:08:25,2022-05-25 06:18:13
2022-05-25 18:03:34,2022-05-25 18:03:50,,annotator,HIGH LEVEL BEHAVIOR,2022-05-25 06:18:13,2022-05-25 06:18:29
2022-05-25 18:03:50,2022-05-25 18:04:03,Using_Computer/Screen,annotator,HIGH LEVEL BEHAVIOR,2022-05-25 06:18:29,2022-05-25 06:18:42
2022-05-25 18:04:03,2022-05-25 18:04:27,,annotator,HIGH LEVEL BEHAVIOR,2022-05-25 06:18:42,2022-05-25 06:19:06
2022-05-25 18:04:27,2022-05-25 18:04:41,Using_Computer/Screen,annotator,HIGH LEVEL BEHAVIOR,2022-05-25 06:19:06,2022-05-25 06:19:20
2022-05-25 18:04:41,2022-05-25 18:07:36,Using_Computer/Screen,annotator,HIGH LEVEL BEHAVIOR,2022-05-25 06:19:20,2022-05-25 06:22:15
2022-05-25 18:07:36,2022-05-25 18:09:21,,annotator,HIGH LEVEL BEHAVIOR,2022-05-25 06:22:15,2022-05-25 06:24:00
2022-05-25 18:09:21,2022-05-25 18:10:44,Using_Computer/Screen,annotator,HIGH LEVEL BEHAVIOR,2022-05-25 06:24:00,2022-05-25 06:25:23
2022-05-25 18:10:44,2022-05-25 18:12:37,,annotator,HIGH LEVEL BEHAVIOR,2022-05-25 06:25:23,2022-05-25 06:27:16
2022-05-25 18:12:37,2022-05-25 18:13:32,Using_Computer/Screen,annotator,HIGH LEVEL BEHAVIOR,2022-05-25 06:27:16,2022-05-25 06:28:11
2022-05-25 18:13:32,2022-05-25 18:15:12,,annotator,HIGH LEVEL BEHAVIOR,2022-05-25 06:28:11,2022-05-25 06:29:51
2022-05-25 18:15:12,2022-05-25 18:17:37,Using_Computer/Screen,annotator,HIGH LEVEL BEHAVIOR,2022-05-25 06:29:51,2022-05-25 06:32:16
2022-05-25 18:17:37,2022-05-25 18:20:09,,annotator,HIGH LEVEL BEHAVIOR,2022-05-25 06:32:16,2022-05-25 06:34:48
2022-05-25 18:20:09,2022-05-25 18:34:01,Using_Computer/Screen,annotator,HIGH LEVEL BEHAVIOR,2022-05-25 06:34:48,2022-05-25 06:48:40
2022-05-25 18:34:01,2022-05-25 18:34:22,,annotator,HIGH LEVEL BEHAVIOR,2022-05-25 06:48:40,2022-05-25 06:49:01
2022-05-25 18:34:22,2022-05-25 18:37:38,Using_Computer/Screen,annotator,HIGH LEVEL BEHAVIOR,2022-05-25 06:49:01,2022-05-25 06:52:17
2022-05-25 18:37:38,2022-05-25 18:47:05,Using_Computer/Screen,annotator,HIGH LEVEL BEHAVIOR,2022-05-25 06:52:17,2022-05-25 07:01:44
2022-05-25 18:47:05,2022-05-25 18:47:41,Using_Computer/Screen,annotator,HIGH LEVEL BEHAVIOR,2022-05-25 07:01:44,2022-05-25 07:02:20
2022-05-25 18:47:41,2022-05-25 18:48:27,,annotator,HIGH LEVEL BEHAVIOR,2022-05-25 07:02:20,2022-05-25 07:03:06
2022-05-25 18:48:27,2022-05-25 18:55:22,Using_Computer/Screen,annotator,HIGH LEVEL BEHAVIOR,2022-05-25 07:03:06,2022-05-25 07:10:01
2022-05-25 18:55:22,2022-05-25 18:56:39,Using_Computer/Screen,annotator,HIGH LEVEL BEHAVIOR,2022-05-25 07:10:01,2022-05-25 07:11:18
2022-05-25 18:56:39,2022-05-25 19:00:01,,annotator,HIGH LEVEL BEHAVIOR,2022-05-25 07:11:18,2022-05-25 07:14:40
2022-05-25 19:00:01,2022-05-25 19:00:48,Using_Computer/Screen,annotator,HIGH LEVEL BEHAVIOR,2022-05-25 07:14:40,2022-05-25 07:15:27
2022-05-25 19:00:48,2022-05-25 19:01:13,,annotator,HIGH LEVEL BEHAVIOR,2022-05-25 07:15:27,2022-05-25 07:15:52
2022-05-25 19:01:13,2022-05-25 19:02:06,Using_Computer/Screen,annotator,HIGH LEVEL BEHAVIOR,2022-05-25 07:15:52,2022-05-25 07:16:45
2022-05-25 19:02:06,2022-05-25 19:02:49,,annotator,HIGH LEVEL BEHAVIOR,2022-05-25 07:16:45,2022-05-25 07:17:28
2022-05-25 19:02:49,2022-05-25 19:22:29,,annotator,HIGH LEVEL BEHAVIOR,2022-05-25 07:17:28,2022-05-25 07:37:08
2022-05-25 19:22:29,2022-05-25 19:22:46,,annotator,HIGH LEVEL BEHAVIOR,2022-05-25 07:37:08,2022-05-25 07:37:25
2022-05-25 19:22:46,2022-05-25 19:23:32,,annotator,HIGH LEVEL BEHAVIOR,2022-05-25 07:37:25,2022-05-25 07:38:11
2022-05-25 19:23:32,2022-05-25 19:23:58,,annotator,HIGH LEVEL BEHAVIOR,2022-05-25 07:38:11,2022-05-25 07:38:37
2022-05-25 19:23:58,2022-05-25 19:24:13,,annotator,HIGH LEVEL BEHAVIOR,2022-05-25 07:38:37,2022-05-25 07:38:52
2022-05-25 19:24:13,2022-05-25 19:27:24,Eating/Dining, Using_Computer/Screen,annotator,HIGH LEVEL BEHAVIOR,2022-05-25 07:38:52,2022-05-25 07:42:03
2022-05-25 19:27:24,2022-05-25 19:29:05,Using_Computer/Screen,annotator,HIGH LEVEL BEHAVIOR,2022-05-25 07:42:03,2022-05-25 07:43:44
2022-05-25 19:29:05,2022-05-25 19:29:30,,annotator,HIGH LEVEL BEHAVIOR,2022-05-25 07:43:44,2022-05-25 07:44:09
2022-05-25 19:29:30,2022-05-25 19:29:42,,annotator,HIGH LEVEL BEHAVIOR,2022-05-25 07:44:09,2022-05-25 07:44:21
2022-05-25 19:29:42,2022-05-25 19:29:56,,annotator,HIGH LEVEL BEHAVIOR,2022-05-25 07:44:21,2022-05-25 07:44:35
2022-05-25 19:29:56,2022-05-25 19:30:12,,annotator,HIGH LEVEL BEHAVIOR,2022-05-25 07:44:35,2022-05-25 07:44:51
2022-05-25 19:30:12,2022-05-25 19:33:18,Using_Computer/Screen, Eating/Dining,annotator,HIGH LEVEL BEHAVIOR,2022-05-25 07:44:51,2022-05-25 07:47:57
2022-05-25 19:33:18,2022-05-25 19:33:25,,annotator,HIGH LEVEL BEHAVIOR,2022-05-25 07:47:57,2022-05-25 07:48:04
2022-05-25 19:33:25,2022-05-25 19:33:42,,annotator,HIGH LEVEL BEHAVIOR,2022-05-25 07:48:04,2022-05-25 07:48:21
2022-05-25 19:33:42,2022-05-25 19:34:07,,annotator,HIGH LEVEL BEHAVIOR,2022-05-25 07:48:21,2022-05-25 07:48:46
2022-05-25 19:34:07,2022-05-25 19:34:16,,annotator,HIGH LEVEL BEHAVIOR,2022-05-25 07:48:46,2022-05-25 07:48:55
2022-05-25 19:34:16,2022-05-25 19:34:37,,annotator,HIGH LEVEL BEHAVIOR,2022-05-25 07:48:55,2022-05-25 07:49:16
2022-05-25 19:34:37,2022-05-25 19:39:04,,annotator,HIGH LEVEL BEHAVIOR,2022-05-25 07:49:16,2022-05-25 07:53:43
2022-05-25 19:39:04,2022-05-25 19:39:07,,annotator,HIGH LEVEL BEHAVIOR,2022-05-25 07:53:43,2022-05-25 07:53:46
2022-05-25 19:39:07,2022-05-25 19:39:28,,annotator,HIGH LEVEL BEHAVIOR,2022-05-25 07:53:46,2022-05-25 07:54:07
2022-05-25 19:39:28,2022-05-25 19:40:25,,annotator,HIGH LEVEL BEHAVIOR,2022-05-25 07:54:07,2022-05-25 07:55:04
2022-05-25 19:40:25,2022-05-25 19:45:21,,annotator,HIGH LEVEL BEHAVIOR,2022-05-25 07:55:04,2022-05-25 08:00:00
2022-05-25 19:45:21,2022-05-25 19:50:17,Using_Computer/Screen,annotator,HIGH LEVEL BEHAVIOR,2022-05-25 08:00:00,2022-05-25 08:04:56
2022-05-25 19:50:17,2022-05-25 22:09:04,,annotator,HIGH LEVEL BEHAVIOR,2022-05-25 08:04:56,2022-05-25 10:23:43
2022-05-25 22:09:04,2022-05-25 22:11:17,Using_Computer/Screen,annotator,HIGH LEVEL BEHAVIOR,2022-05-25 10:23:43,2022-05-25 10:25:56
2022-05-25 22:11:17,2022-05-25 22:35:52,,annotator,HIGH LEVEL BEHAVIOR,2022-05-25 10:25:56,2022-05-25 10:50:31
2022-05-25 22:35:52,2022-05-25 22:36:22,,annotator,HIGH LEVEL BEHAVIOR,2022-05-25 10:50:31,2022-05-25 10:51:01
2022-05-25 22:36:22,2022-05-25 22:42:36,WatchingTV/Movies,annotator,HIGH LEVEL BEHAVIOR,2022-05-25 10:51:01,2022-05-25 10:57:15
2022-05-25 22:42:36,2022-05-25 22:43:55,WatchingTV/Movies,annotator,HIGH LEVEL BEHAVIOR,2022-05-25 10:57:15,2022-05-25 10:58:34
