START_TIME,STOP_TIME,PREDICTION,SOURCE,LABELSET,VIDEO_START_TIME,VIDEO_END_TIME
2022-02-28 12:04:33,2022-02-28 12:05:19,HLB_Other,annotator,HIGH LEVEL BEHAVIOR,2022-02-28 00:00:00,2022-02-28 00:00:46
2022-02-28 12:05:19,2022-02-28 12:07:07,In_Transit_Active,annotator,HIGH LEVEL BEHAVIOR,2022-02-28 00:00:46,2022-02-28 00:02:34
2022-02-28 12:07:07,2022-02-28 12:07:16,Cooking/Prepping_Food,annotator,HIGH LEVEL BEHAVIOR,2022-02-28 00:02:34,2022-02-28 00:02:43
2022-02-28 12:07:16,2022-02-28 12:07:22,Cooking/Prepping_Food,annotator,HIGH LEVEL BEHAVIOR,2022-02-28 00:02:43,2022-02-28 00:02:49
2022-02-28 12:07:22,2022-02-28 12:07:51,Cooking/Prepping_Food,annotator,HIGH LEVEL BEHAVIOR,2022-02-28 00:02:49,2022-02-28 00:03:18
2022-02-28 12:07:51,2022-02-28 12:08:22,Cooking/Prepping_Food,annotator,HIGH LEVEL BEHAVIOR,2022-02-28 00:03:18,2022-02-28 00:03:49
2022-02-28 12:08:22,2022-02-28 12:09:18,HLB_Indecipherable/Video_Insufficient,annotator,HIGH LEVEL BEHAVIOR,2022-02-28 00:03:49,2022-02-28 00:04:45
2022-02-28 12:09:18,2022-02-28 12:10:16,Cooking/Prepping_Food,annotator,HIGH LEVEL BEHAVIOR,2022-02-28 00:04:45,2022-02-28 00:05:43
2022-02-28 12:10:16,2022-02-28 12:12:17,Cooking/Prepping_Food,annotator,HIGH LEVEL BEHAVIOR,2022-02-28 00:05:43,2022-02-28 00:07:44
2022-02-28 12:12:17,2022-02-28 12:12:27,Cooking/Prepping_Food,annotator,HIGH LEVEL BEHAVIOR,2022-02-28 00:07:44,2022-02-28 00:07:54
2022-02-28 12:12:27,2022-02-28 12:13:44,Cooking/Prepping_Food,annotator,HIGH LEVEL BEHAVIOR,2022-02-28 00:07:54,2022-02-28 00:09:11
2022-02-28 12:13:44,2022-02-28 12:14:00,Cooking/Prepping_Food, Doing_Dishes,annotator,HIGH LEVEL BEHAVIOR,2022-02-28 00:09:11,2022-02-28 00:09:27
2022-02-28 12:14:00,2022-02-28 12:14:43,In_Transit_Active,annotator,HIGH LEVEL BEHAVIOR,2022-02-28 00:09:27,2022-02-28 00:10:10
2022-02-28 12:14:43,2022-02-28 12:15:03,Eating/Dining, Using_Computer/Screen,annotator,HIGH LEVEL BEHAVIOR,2022-02-28 00:10:10,2022-02-28 00:10:30
2022-02-28 12:15:03,2022-02-28 12:15:34,Eating/Dining, Using_Computer/Screen,annotator,HIGH LEVEL BEHAVIOR,2022-02-28 00:10:30,2022-02-28 00:11:01
2022-02-28 12:15:34,2022-02-28 12:19:08,Eating/Dining, Using_Computer/Screen,annotator,HIGH LEVEL BEHAVIOR,2022-02-28 00:11:01,2022-02-28 00:14:35
2022-02-28 12:19:09,2022-02-28 12:19:36,In_Transit_Active,annotator,HIGH LEVEL BEHAVIOR,2022-02-28 00:14:36,2022-02-28 00:15:03
2022-02-28 12:19:36,2022-02-28 12:19:40,Doing_Dishes,annotator,HIGH LEVEL BEHAVIOR,2022-02-28 00:15:03,2022-02-28 00:15:07
2022-02-28 12:19:40,2022-02-28 12:20:29,Doing_Dishes,annotator,HIGH LEVEL BEHAVIOR,2022-02-28 00:15:07,2022-02-28 00:15:56
2022-02-28 12:20:29,2022-02-28 12:21:05,In_Transit_Active,annotator,HIGH LEVEL BEHAVIOR,2022-02-28 00:15:56,2022-02-28 00:16:32
2022-02-28 12:21:05,2022-02-28 12:21:13,Eating/Dining,annotator,HIGH LEVEL BEHAVIOR,2022-02-28 00:16:32,2022-02-28 00:16:40
2022-02-28 12:21:13,2022-02-28 12:21:22,Grooming/Self_Care,annotator,HIGH LEVEL BEHAVIOR,2022-02-28 00:16:40,2022-02-28 00:16:49
2022-02-28 12:21:22,2022-02-28 12:21:43,Doing_Common_Housework_Light,annotator,HIGH LEVEL BEHAVIOR,2022-02-28 00:16:49,2022-02-28 00:17:10
2022-02-28 12:21:48,2022-02-28 12:25:35,Using_Computer/Screen,annotator,HIGH LEVEL BEHAVIOR,2022-02-28 00:17:15,2022-02-28 00:21:02
2022-02-28 12:25:35,2022-02-28 12:25:48,Using_Computer/Screen,annotator,HIGH LEVEL BEHAVIOR,2022-02-28 00:21:02,2022-02-28 00:21:15
2022-02-28 12:25:48,2022-02-28 12:26:15,Using_Computer/Screen,annotator,HIGH LEVEL BEHAVIOR,2022-02-28 00:21:15,2022-02-28 00:21:42
2022-02-28 12:26:15,2022-02-28 12:27:57,Using_Computer/Screen,annotator,HIGH LEVEL BEHAVIOR,2022-02-28 00:21:42,2022-02-28 00:23:24
2022-02-28 12:27:57,2022-02-28 12:30:47,Using_Computer/Screen,annotator,HIGH LEVEL BEHAVIOR,2022-02-28 00:23:24,2022-02-28 00:26:14
2022-02-28 12:30:47,2022-02-28 12:31:04,Using_Computer/Screen,annotator,HIGH LEVEL BEHAVIOR,2022-02-28 00:26:14,2022-02-28 00:26:31
2022-02-28 12:31:04,2022-02-28 12:32:24,Using_Computer/Screen,annotator,HIGH LEVEL BEHAVIOR,2022-02-28 00:26:31,2022-02-28 00:27:51
2022-02-28 12:32:24,2022-02-28 12:33:47,Using_Computer/Screen,annotator,HIGH LEVEL BEHAVIOR,2022-02-28 00:27:51,2022-02-28 00:29:14
2022-02-28 12:33:49,2022-02-28 12:34:52,Using_Computer/Screen, Eating/Dining,annotator,HIGH LEVEL BEHAVIOR,2022-02-28 00:29:16,2022-02-28 00:30:19
2022-02-28 12:34:52,2022-02-28 12:37:04,Using_Computer/Screen,annotator,HIGH LEVEL BEHAVIOR,2022-02-28 00:30:19,2022-02-28 00:32:31
2022-02-28 12:37:04,2022-02-28 12:39:22,Using_Computer/Screen,annotator,HIGH LEVEL BEHAVIOR,2022-02-28 00:32:31,2022-02-28 00:34:49
2022-02-28 12:39:22,2022-02-28 12:39:49,Using_Computer/Screen,annotator,HIGH LEVEL BEHAVIOR,2022-02-28 00:34:49,2022-02-28 00:35:16
2022-02-28 12:39:49,2022-02-28 12:41:44,Using_Computer/Screen,annotator,HIGH LEVEL BEHAVIOR,2022-02-28 00:35:16,2022-02-28 00:37:11
2022-02-28 12:41:47,2022-02-28 12:42:10,HLB_Indecipherable/Video_Insufficient,annotator,HIGH LEVEL BEHAVIOR,2022-02-28 00:37:14,2022-02-28 00:37:37
2022-02-28 12:42:10,2022-02-28 12:42:18,Doing_Common_Housework_Light,annotator,HIGH LEVEL BEHAVIOR,2022-02-28 00:37:37,2022-02-28 00:37:45
2022-02-28 12:42:18,2022-02-28 12:42:39,HLB_Indecipherable/Video_Insufficient,annotator,HIGH LEVEL BEHAVIOR,2022-02-28 00:37:45,2022-02-28 00:38:06
2022-02-28 12:42:42,2022-02-28 12:44:11,Using_Computer/Screen,annotator,HIGH LEVEL BEHAVIOR,2022-02-28 00:38:09,2022-02-28 00:39:38
2022-02-28 12:44:11,2022-02-28 12:51:24,Using_Computer/Screen,annotator,HIGH LEVEL BEHAVIOR,2022-02-28 00:39:38,2022-02-28 00:46:51
2022-02-28 12:51:24,2022-02-28 12:51:36,Using_Computer/Screen,annotator,HIGH LEVEL BEHAVIOR,2022-02-28 00:46:51,2022-02-28 00:47:03
2022-02-28 12:51:38,2022-02-28 12:52:18,Using_Computer/Screen,annotator,HIGH LEVEL BEHAVIOR,2022-02-28 00:47:05,2022-02-28 00:47:45
2022-02-28 12:52:18,2022-02-28 12:55:01,Using_Computer/Screen,annotator,HIGH LEVEL BEHAVIOR,2022-02-28 00:47:45,2022-02-28 00:50:28
2022-02-28 12:55:01,2022-02-28 12:57:32,Using_Computer/Screen,annotator,HIGH LEVEL BEHAVIOR,2022-02-28 00:50:28,2022-02-28 00:52:59
2022-02-28 12:57:32,2022-02-28 12:59:56,Using_Computer/Screen,annotator,HIGH LEVEL BEHAVIOR,2022-02-28 00:52:59,2022-02-28 00:55:23
2022-02-28 12:59:56,2022-02-28 13:02:08,Using_Computer/Screen,annotator,HIGH LEVEL BEHAVIOR,2022-02-28 00:55:23,2022-02-28 00:57:35
2022-02-28 13:02:10,2022-02-28 13:03:12,HLB_Indecipherable/Video_Insufficient,annotator,HIGH LEVEL BEHAVIOR,2022-02-28 00:57:37,2022-02-28 00:58:39
2022-02-28 13:03:12,2022-02-28 13:03:18,Grooming/Self_Care,annotator,HIGH LEVEL BEHAVIOR,2022-02-28 00:58:39,2022-02-28 00:58:45
2022-02-28 13:03:18,2022-02-28 13:04:44,HLB_Indecipherable/Video_Insufficient,annotator,HIGH LEVEL BEHAVIOR,2022-02-28 00:58:45,2022-02-28 01:00:11
2022-02-28 13:04:46,2022-02-28 13:04:58,HLB_Indecipherable/Video_Insufficient,annotator,HIGH LEVEL BEHAVIOR,2022-02-28 01:00:13,2022-02-28 01:00:25
2022-02-28 13:04:58,2022-02-28 13:06:02,HLB_Indecipherable/Video_Insufficient,annotator,HIGH LEVEL BEHAVIOR,2022-02-28 01:00:25,2022-02-28 01:01:29
2022-02-28 13:06:02,2022-02-28 13:06:43,HLB_Other,annotator,HIGH LEVEL BEHAVIOR,2022-02-28 01:01:29,2022-02-28 01:02:10
2022-02-28 13:06:43,2022-02-28 13:07:20,HLB_Indecipherable/Video_Insufficient,annotator,HIGH LEVEL BEHAVIOR,2022-02-28 01:02:10,2022-02-28 01:02:47
2022-02-28 13:07:20,2022-02-28 13:07:29,Grooming/Self_Care,annotator,HIGH LEVEL BEHAVIOR,2022-02-28 01:02:47,2022-02-28 01:02:56
2022-02-28 13:07:29,2022-02-28 13:08:10,In_Transit_Active,annotator,HIGH LEVEL BEHAVIOR,2022-02-28 01:02:56,2022-02-28 01:03:37
2022-02-28 13:08:10,2022-02-28 13:10:05,HLB_Indecipherable/Video_Insufficient,annotator,HIGH LEVEL BEHAVIOR,2022-02-28 01:03:37,2022-02-28 01:05:32
2022-02-28 13:10:05,2022-02-28 13:11:01,In_Transit_Active,annotator,HIGH LEVEL BEHAVIOR,2022-02-28 01:05:32,2022-02-28 01:06:28
2022-02-28 13:11:01,2022-02-28 13:11:16,In_Transit_Active,annotator,HIGH LEVEL BEHAVIOR,2022-02-28 01:06:28,2022-02-28 01:06:43
2022-02-28 13:11:16,2022-02-28 13:14:34,HLB_Other,annotator,HIGH LEVEL BEHAVIOR,2022-02-28 01:06:43,2022-02-28 01:10:01
2022-02-28 13:14:35,2022-02-28 13:18:01,Using_Computer/Screen,annotator,HIGH LEVEL BEHAVIOR,2022-02-28 01:10:02,2022-02-28 01:13:28
2022-02-28 13:18:04,2022-02-28 13:19:01,Using_Computer/Screen,annotator,HIGH LEVEL BEHAVIOR,2022-02-28 01:13:31,2022-02-28 01:14:28
2022-02-28 13:19:01,2022-02-28 13:19:06,Using_Computer/Screen,annotator,HIGH LEVEL BEHAVIOR,2022-02-28 01:14:28,2022-02-28 01:14:33
2022-02-28 13:19:08,2022-02-28 13:20:27,Using_Computer/Screen,annotator,HIGH LEVEL BEHAVIOR,2022-02-28 01:14:35,2022-02-28 01:15:54
2022-02-28 13:20:29,2022-02-28 13:20:39,Using_Computer/Screen,annotator,HIGH LEVEL BEHAVIOR,2022-02-28 01:15:56,2022-02-28 01:16:06
2022-02-28 13:20:39,2022-02-28 13:20:52,Using_Computer/Screen,annotator,HIGH LEVEL BEHAVIOR,2022-02-28 01:16:06,2022-02-28 01:16:19
2022-02-28 13:20:52,2022-02-28 13:21:00,Using_Computer/Screen, Grooming/Self_Care,annotator,HIGH LEVEL BEHAVIOR,2022-02-28 01:16:19,2022-02-28 01:16:27
2022-02-28 13:21:00,2022-02-28 13:21:05,Using_Computer/Screen,annotator,HIGH LEVEL BEHAVIOR,2022-02-28 01:16:27,2022-02-28 01:16:32
2022-02-28 13:21:10,2022-02-28 13:22:00,Using_Computer/Screen,annotator,HIGH LEVEL BEHAVIOR,2022-02-28 01:16:37,2022-02-28 01:17:27
2022-02-28 13:22:00,2022-02-28 13:22:19,Using_Computer/Screen,annotator,HIGH LEVEL BEHAVIOR,2022-02-28 01:17:27,2022-02-28 01:17:46
2022-02-28 13:22:19,2022-02-28 13:23:23,Using_Computer/Screen,annotator,HIGH LEVEL BEHAVIOR,2022-02-28 01:17:46,2022-02-28 01:18:50
2022-02-28 13:23:23,2022-02-28 13:23:42,Using_Computer/Screen,annotator,HIGH LEVEL BEHAVIOR,2022-02-28 01:18:50,2022-02-28 01:19:09
2022-02-28 13:23:42,2022-02-28 13:25:12,Using_Computer/Screen,annotator,HIGH LEVEL BEHAVIOR,2022-02-28 01:19:09,2022-02-28 01:20:39
2022-02-28 13:25:12,2022-02-28 13:25:47,Using_Computer/Screen,annotator,HIGH LEVEL BEHAVIOR,2022-02-28 01:20:39,2022-02-28 01:21:14
2022-02-28 13:25:47,2022-02-28 13:26:21,Using_Computer/Screen,annotator,HIGH LEVEL BEHAVIOR,2022-02-28 01:21:14,2022-02-28 01:21:48
2022-02-28 13:26:21,2022-02-28 13:27:00,Using_Computer/Screen,annotator,HIGH LEVEL BEHAVIOR,2022-02-28 01:21:48,2022-02-28 01:22:27
2022-02-28 13:27:00,2022-02-28 13:27:29,Using_Computer/Screen,annotator,HIGH LEVEL BEHAVIOR,2022-02-28 01:22:27,2022-02-28 01:22:56
2022-02-28 13:27:29,2022-02-28 13:29:31,Using_Computer/Screen,annotator,HIGH LEVEL BEHAVIOR,2022-02-28 01:22:56,2022-02-28 01:24:58
2022-02-28 13:29:32,2022-02-28 13:30:14,Using_Computer/Screen,annotator,HIGH LEVEL BEHAVIOR,2022-02-28 01:24:59,2022-02-28 01:25:41
2022-02-28 13:30:15,2022-02-28 13:31:37,Using_Computer/Screen,annotator,HIGH LEVEL BEHAVIOR,2022-02-28 01:25:42,2022-02-28 01:27:04
2022-02-28 13:31:37,2022-02-28 13:32:17,Using_Computer/Screen,annotator,HIGH LEVEL BEHAVIOR,2022-02-28 01:27:04,2022-02-28 01:27:44
2022-02-28 13:32:17,2022-02-28 13:34:09,Using_Computer/Screen,annotator,HIGH LEVEL BEHAVIOR,2022-02-28 01:27:44,2022-02-28 01:29:36
2022-02-28 13:34:10,2022-02-28 13:34:13,Using_Computer/Screen,annotator,HIGH LEVEL BEHAVIOR,2022-02-28 01:29:37,2022-02-28 01:29:40
2022-02-28 13:34:13,2022-02-28 13:35:14,Using_Computer/Screen,annotator,HIGH LEVEL BEHAVIOR,2022-02-28 01:29:40,2022-02-28 01:30:41
2022-02-28 13:35:14,2022-02-28 13:35:33,Using_Computer/Screen,annotator,HIGH LEVEL BEHAVIOR,2022-02-28 01:30:41,2022-02-28 01:31:00
2022-02-28 13:35:34,2022-02-28 13:35:50,Using_Computer/Screen,annotator,HIGH LEVEL BEHAVIOR,2022-02-28 01:31:01,2022-02-28 01:31:17
2022-02-28 13:35:50,2022-02-28 13:36:25,Using_Computer/Screen,annotator,HIGH LEVEL BEHAVIOR,2022-02-28 01:31:17,2022-02-28 01:31:52
2022-02-28 13:36:25,2022-02-28 13:43:02,Using_Computer/Screen,annotator,HIGH LEVEL BEHAVIOR,2022-02-28 01:31:52,2022-02-28 01:38:29
2022-02-28 13:43:02,2022-02-28 13:44:35,Using_Computer/Screen,annotator,HIGH LEVEL BEHAVIOR,2022-02-28 01:38:29,2022-02-28 01:40:02
2022-02-28 13:44:35,2022-02-28 13:52:06,Using_Computer/Screen,annotator,HIGH LEVEL BEHAVIOR,2022-02-28 01:40:02,2022-02-28 01:47:33
2022-02-28 13:52:06,2022-02-28 13:52:27,Using_Computer/Screen,annotator,HIGH LEVEL BEHAVIOR,2022-02-28 01:47:33,2022-02-28 01:47:54
2022-02-28 13:52:27,2022-02-28 13:55:26,Using_Computer/Screen,annotator,HIGH LEVEL BEHAVIOR,2022-02-28 01:47:54,2022-02-28 01:50:53
2022-02-28 13:55:26,2022-02-28 13:56:18,Using_Computer/Screen,annotator,HIGH LEVEL BEHAVIOR,2022-02-28 01:50:53,2022-02-28 01:51:45
2022-02-28 13:56:18,2022-02-28 13:57:03,Using_Computer/Screen,annotator,HIGH LEVEL BEHAVIOR,2022-02-28 01:51:45,2022-02-28 01:52:30
2022-02-28 13:57:04,2022-02-28 13:57:08,Using_Computer/Screen,annotator,HIGH LEVEL BEHAVIOR,2022-02-28 01:52:31,2022-02-28 01:52:35
2022-02-28 13:57:08,2022-02-28 13:58:19,Using_Computer/Screen,annotator,HIGH LEVEL BEHAVIOR,2022-02-28 01:52:35,2022-02-28 01:53:46
2022-02-28 13:58:19,2022-02-28 14:02:03,HLB_Indecipherable/Video_Insufficient,annotator,HIGH LEVEL BEHAVIOR,2022-02-28 01:53:46,2022-02-28 01:57:30
2022-02-28 14:02:03,2022-02-28 14:02:14,HLB_Indecipherable/Video_Insufficient,annotator,HIGH LEVEL BEHAVIOR,2022-02-28 01:57:30,2022-02-28 01:57:41
2022-02-28 14:02:14,2022-02-28 14:03:08,HLB_Indecipherable/Video_Insufficient,annotator,HIGH LEVEL BEHAVIOR,2022-02-28 01:57:41,2022-02-28 01:58:35
2022-02-28 14:03:08,2022-02-28 14:03:26,Grooming/Self_Care,annotator,HIGH LEVEL BEHAVIOR,2022-02-28 01:58:35,2022-02-28 01:58:53
2022-02-28 14:03:26,2022-02-28 14:04:24,HLB_Indecipherable/Video_Insufficient,annotator,HIGH LEVEL BEHAVIOR,2022-02-28 01:58:53,2022-02-28 01:59:51
2022-02-28 14:04:24,2022-02-28 14:04:38,HLB_Indecipherable/Video_Insufficient,annotator,HIGH LEVEL BEHAVIOR,2022-02-28 01:59:51,2022-02-28 02:00:05
2022-02-28 14:04:38,2022-02-28 14:04:48,HLB_Indecipherable/Video_Insufficient,annotator,HIGH LEVEL BEHAVIOR,2022-02-28 02:00:05,2022-02-28 02:00:15
2022-02-28 14:04:48,2022-02-28 14:05:21,HLB_Indecipherable/Video_Insufficient,annotator,HIGH LEVEL BEHAVIOR,2022-02-28 02:00:15,2022-02-28 02:00:48
2022-02-28 14:05:21,2022-02-28 14:05:45,HLB_Indecipherable/Video_Insufficient,annotator,HIGH LEVEL BEHAVIOR,2022-02-28 02:00:48,2022-02-28 02:01:12
2022-02-28 14:05:45,2022-02-28 14:06:25,Using_Computer/Screen,annotator,HIGH LEVEL BEHAVIOR,2022-02-28 02:01:12,2022-02-28 02:01:52
2022-02-28 14:06:25,2022-02-28 14:06:31,HLB_Unlabeled,annotator,HIGH LEVEL BEHAVIOR,2022-02-28 02:01:52,2022-02-28 02:01:58
2022-02-28 14:06:32,2022-02-28 14:07:10,HLB_Unlabeled,annotator,HIGH LEVEL BEHAVIOR,2022-02-28 02:01:59,2022-02-28 02:02:37
2022-02-28 14:07:15,2022-02-28 14:07:25,HLB_Unlabeled,annotator,HIGH LEVEL BEHAVIOR,2022-02-28 02:02:42,2022-02-28 02:02:52
2022-02-28 14:07:26,2022-02-28 14:08:17,HLB_Unlabeled,annotator,HIGH LEVEL BEHAVIOR,2022-02-28 02:02:53,2022-02-28 02:03:44
2022-02-28 14:08:19,2022-02-28 14:09:22,HLB_Unlabeled,annotator,HIGH LEVEL BEHAVIOR,2022-02-28 02:03:46,2022-02-28 02:04:49
2022-02-28 14:09:24,2022-02-28 14:09:58,HLB_Unlabeled,annotator,HIGH LEVEL BEHAVIOR,2022-02-28 02:04:51,2022-02-28 02:05:25
2022-02-28 14:10:05,2022-02-28 14:11:39,HLB_Unlabeled,annotator,HIGH LEVEL BEHAVIOR,2022-02-28 02:05:32,2022-02-28 02:07:06
2022-02-28 14:11:52,2022-02-28 14:13:20,HLB_Unlabeled,annotator,HIGH LEVEL BEHAVIOR,2022-02-28 02:07:19,2022-02-28 02:08:47
2022-02-28 14:13:21,2022-02-28 14:16:36,HLB_Unlabeled,annotator,HIGH LEVEL BEHAVIOR,2022-02-28 02:08:48,2022-02-28 02:12:03
2022-02-28 14:16:42,2022-02-28 14:17:24,HLB_Unlabeled,annotator,HIGH LEVEL BEHAVIOR,2022-02-28 02:12:09,2022-02-28 02:12:51
2022-02-28 14:17:27,2022-02-28 14:18:10,HLB_Unlabeled,annotator,HIGH LEVEL BEHAVIOR,2022-02-28 02:12:54,2022-02-28 02:13:37
2022-02-28 14:18:15,2022-02-28 14:18:35,HLB_Unlabeled,annotator,HIGH LEVEL BEHAVIOR,2022-02-28 02:13:42,2022-02-28 02:14:02
2022-02-28 14:19:02,2022-02-28 14:20:06,Grooming/Self_Care,annotator,HIGH LEVEL BEHAVIOR,2022-02-28 02:14:29,2022-02-28 02:15:33
2022-02-28 14:21:31,2022-02-28 14:23:28,Grooming/Self_Care,annotator,HIGH LEVEL BEHAVIOR,2022-02-28 02:16:58,2022-02-28 02:18:55
2022-02-28 14:23:37,2022-02-28 14:24:28,Grooming/Self_Care,annotator,HIGH LEVEL BEHAVIOR,2022-02-28 02:19:04,2022-02-28 02:19:55
2022-02-28 14:24:39,2022-02-28 14:25:11,HLB_Unlabeled,annotator,HIGH LEVEL BEHAVIOR,2022-02-28 02:20:06,2022-02-28 02:20:38
2022-02-28 14:25:27,2022-02-28 14:26:57,HLB_Unlabeled,annotator,HIGH LEVEL BEHAVIOR,2022-02-28 02:20:54,2022-02-28 02:22:24
2022-02-28 14:26:58,2022-02-28 14:27:05,HLB_Unlabeled,annotator,HIGH LEVEL BEHAVIOR,2022-02-28 02:22:25,2022-02-28 02:22:32
2022-02-28 14:27:12,2022-02-28 14:27:48,HLB_Unlabeled,annotator,HIGH LEVEL BEHAVIOR,2022-02-28 02:22:39,2022-02-28 02:23:15
2022-02-28 14:27:59,2022-02-28 14:35:33,HLB_Indecipherable/Video_Insufficient,annotator,HIGH LEVEL BEHAVIOR,2022-02-28 02:23:26,2022-02-28 02:31:00
2022-02-28 14:35:42,2022-02-28 14:35:46,In_Transit_Active,annotator,HIGH LEVEL BEHAVIOR,2022-02-28 02:31:09,2022-02-28 02:31:13
2022-02-28 14:35:49,2022-02-28 14:35:53,In_Transit_Active,annotator,HIGH LEVEL BEHAVIOR,2022-02-28 02:31:16,2022-02-28 02:31:20
2022-02-28 14:36:04,2022-02-28 14:40:31,In_Transit_Active,annotator,HIGH LEVEL BEHAVIOR,2022-02-28 02:31:31,2022-02-28 02:35:58
2022-02-28 14:40:34,2022-02-28 14:40:54,In_Transit_Active,annotator,HIGH LEVEL BEHAVIOR,2022-02-28 02:36:01,2022-02-28 02:36:21
2022-02-28 14:40:55,2022-02-28 14:41:03,In_Transit_Active,annotator,HIGH LEVEL BEHAVIOR,2022-02-28 02:36:22,2022-02-28 02:36:30
2022-02-28 14:41:13,2022-02-28 14:45:35,In_Transit_Active,annotator,HIGH LEVEL BEHAVIOR,2022-02-28 02:36:40,2022-02-28 02:41:02
2022-02-28 14:45:37,2022-02-28 14:46:15,In_Transit_Active,annotator,HIGH LEVEL BEHAVIOR,2022-02-28 02:41:04,2022-02-28 02:41:42
2022-02-28 14:46:15,2022-02-28 14:46:18,In_Transit_Active,annotator,HIGH LEVEL BEHAVIOR,2022-02-28 02:41:42,2022-02-28 02:41:45
2022-02-28 14:46:20,2022-02-28 14:46:21,In_Transit_Active,annotator,HIGH LEVEL BEHAVIOR,2022-02-28 02:41:47,2022-02-28 02:41:48
2022-02-28 14:46:22,2022-02-28 14:46:25,In_Transit_Active,annotator,HIGH LEVEL BEHAVIOR,2022-02-28 02:41:49,2022-02-28 02:41:52
2022-02-28 14:46:28,2022-02-28 14:46:31,In_Transit_Active,annotator,HIGH LEVEL BEHAVIOR,2022-02-28 02:41:55,2022-02-28 02:41:58
2022-02-28 14:46:32,2022-02-28 14:46:33,In_Transit_Active,annotator,HIGH LEVEL BEHAVIOR,2022-02-28 02:41:59,2022-02-28 02:42:00
2022-02-28 14:46:35,2022-02-28 14:46:38,In_Transit_Active,annotator,HIGH LEVEL BEHAVIOR,2022-02-28 02:42:02,2022-02-28 02:42:05
2022-02-28 14:46:42,2022-02-28 14:46:44,In_Transit_Active,annotator,HIGH LEVEL BEHAVIOR,2022-02-28 02:42:09,2022-02-28 02:42:11
2022-02-28 14:46:49,2022-02-28 14:46:52,In_Transit_Active,annotator,HIGH LEVEL BEHAVIOR,2022-02-28 02:42:16,2022-02-28 02:42:19
2022-02-28 14:46:57,2022-02-28 14:47:27,In_Transit_Active,annotator,HIGH LEVEL BEHAVIOR,2022-02-28 02:42:24,2022-02-28 02:42:54
2022-02-28 14:47:34,2022-02-28 14:48:01,HLB_Unlabeled,annotator,HIGH LEVEL BEHAVIOR,2022-02-28 02:43:01,2022-02-28 02:43:28
2022-02-28 14:48:13,2022-02-28 14:48:38,Using_Computer/Screen,annotator,HIGH LEVEL BEHAVIOR,2022-02-28 02:43:40,2022-02-28 02:44:05
2022-02-28 14:48:41,2022-02-28 14:49:04,Using_Computer/Screen,annotator,HIGH LEVEL BEHAVIOR,2022-02-28 02:44:08,2022-02-28 02:44:31
2022-02-28 14:49:04,2022-02-28 14:50:38,Using_Computer/Screen,annotator,HIGH LEVEL BEHAVIOR,2022-02-28 02:44:31,2022-02-28 02:46:05
2022-02-28 14:50:50,2022-02-28 14:51:48,Using_Computer/Screen,annotator,HIGH LEVEL BEHAVIOR,2022-02-28 02:46:17,2022-02-28 02:47:15
2022-02-28 14:51:50,2022-02-28 14:54:19,Using_Computer/Screen,annotator,HIGH LEVEL BEHAVIOR,2022-02-28 02:47:17,2022-02-28 02:49:46
2022-02-28 14:54:21,2022-02-28 14:57:14,Using_Computer/Screen,annotator,HIGH LEVEL BEHAVIOR,2022-02-28 02:49:48,2022-02-28 02:52:41
2022-02-28 14:57:34,2022-02-28 14:58:50,Using_Computer/Screen,annotator,HIGH LEVEL BEHAVIOR,2022-02-28 02:53:01,2022-02-28 02:54:17
2022-02-28 14:58:53,2022-02-28 14:59:49,Using_Computer/Screen,annotator,HIGH LEVEL BEHAVIOR,2022-02-28 02:54:20,2022-02-28 02:55:16
2022-02-28 14:59:52,2022-02-28 15:02:20,Using_Computer/Screen,annotator,HIGH LEVEL BEHAVIOR,2022-02-28 02:55:19,2022-02-28 02:57:47
2022-02-28 15:02:21,2022-02-28 15:02:53,Using_Computer/Screen,annotator,HIGH LEVEL BEHAVIOR,2022-02-28 02:57:48,2022-02-28 02:58:20
2022-02-28 15:02:55,2022-02-28 15:06:44,Using_Computer/Screen,annotator,HIGH LEVEL BEHAVIOR,2022-02-28 02:58:22,2022-02-28 03:02:11
2022-02-28 15:06:45,2022-02-28 15:07:10,Using_Computer/Screen,annotator,HIGH LEVEL BEHAVIOR,2022-02-28 03:02:12,2022-02-28 03:02:37
2022-02-28 15:07:11,2022-02-28 15:08:21,Using_Computer/Screen,annotator,HIGH LEVEL BEHAVIOR,2022-02-28 03:02:38,2022-02-28 03:03:48
2022-02-28 15:08:22,2022-02-28 15:09:04,Using_Computer/Screen,annotator,HIGH LEVEL BEHAVIOR,2022-02-28 03:03:49,2022-02-28 03:04:31
2022-02-28 15:09:05,2022-02-28 15:19:00,Using_Computer/Screen,annotator,HIGH LEVEL BEHAVIOR,2022-02-28 03:04:32,2022-02-28 03:14:27
2022-02-28 15:19:05,2022-02-28 15:22:04,Using_Computer/Screen,annotator,HIGH LEVEL BEHAVIOR,2022-02-28 03:14:32,2022-02-28 03:17:31
2022-02-28 15:22:15,2022-02-28 15:25:20,Using_Computer/Screen,annotator,HIGH LEVEL BEHAVIOR,2022-02-28 03:17:42,2022-02-28 03:20:47
2022-02-28 15:25:26,2022-02-28 15:26:20,Using_Computer/Screen,annotator,HIGH LEVEL BEHAVIOR,2022-02-28 03:20:53,2022-02-28 03:21:47
2022-02-28 15:26:21,2022-02-28 15:27:35,Using_Computer/Screen,annotator,HIGH LEVEL BEHAVIOR,2022-02-28 03:21:48,2022-02-28 03:23:02
2022-02-28 15:27:36,2022-02-28 15:30:08,Using_Computer/Screen,annotator,HIGH LEVEL BEHAVIOR,2022-02-28 03:23:03,2022-02-28 03:25:35
2022-02-28 15:30:11,2022-02-28 15:31:21,Using_Computer/Screen,annotator,HIGH LEVEL BEHAVIOR,2022-02-28 03:25:38,2022-02-28 03:26:48
2022-02-28 15:31:22,2022-02-28 15:33:01,Using_Computer/Screen,annotator,HIGH LEVEL BEHAVIOR,2022-02-28 03:26:49,2022-02-28 03:28:28
2022-02-28 15:33:04,2022-02-28 15:35:24,Using_Computer/Screen,annotator,HIGH LEVEL BEHAVIOR,2022-02-28 03:28:31,2022-02-28 03:30:51
2022-02-28 15:35:33,2022-02-28 15:36:28,Using_Computer/Screen,annotator,HIGH LEVEL BEHAVIOR,2022-02-28 03:31:00,2022-02-28 03:31:55
2022-02-28 15:36:32,2022-02-28 15:37:45,Using_Computer/Screen, Eating/Dining,annotator,HIGH LEVEL BEHAVIOR,2022-02-28 03:31:59,2022-02-28 03:33:12
2022-02-28 15:37:50,2022-02-28 15:39:10,Using_Computer/Screen,annotator,HIGH LEVEL BEHAVIOR,2022-02-28 03:33:17,2022-02-28 03:34:37
2022-02-28 15:39:12,2022-02-28 15:39:24,Using_Computer/Screen, Eating/Dining,annotator,HIGH LEVEL BEHAVIOR,2022-02-28 03:34:39,2022-02-28 03:34:51
2022-02-28 15:39:25,2022-02-28 15:39:35,Using_Computer/Screen, Eating/Dining,annotator,HIGH LEVEL BEHAVIOR,2022-02-28 03:34:52,2022-02-28 03:35:02
2022-02-28 15:39:37,2022-02-28 15:41:56,Using_Computer/Screen,annotator,HIGH LEVEL BEHAVIOR,2022-02-28 03:35:04,2022-02-28 03:37:23
2022-02-28 15:41:57,2022-02-28 15:41:57,Using_Computer/Screen,annotator,HIGH LEVEL BEHAVIOR,2022-02-28 03:37:24,2022-02-28 03:37:24
2022-02-28 15:42:03,2022-02-28 15:42:24,Using_Computer/Screen,annotator,HIGH LEVEL BEHAVIOR,2022-02-28 03:37:30,2022-02-28 03:37:51
2022-02-28 15:42:28,2022-02-28 15:43:45,Using_Computer/Screen,annotator,HIGH LEVEL BEHAVIOR,2022-02-28 03:37:55,2022-02-28 03:39:12
2022-02-28 15:43:47,2022-02-28 15:43:56,Using_Computer/Screen,annotator,HIGH LEVEL BEHAVIOR,2022-02-28 03:39:14,2022-02-28 03:39:23
2022-02-28 15:43:57,2022-02-28 15:44:35,Using_Computer/Screen,annotator,HIGH LEVEL BEHAVIOR,2022-02-28 03:39:24,2022-02-28 03:40:02
2022-02-28 15:44:39,2022-02-28 15:45:50,Using_Computer/Screen,annotator,HIGH LEVEL BEHAVIOR,2022-02-28 03:40:06,2022-02-28 03:41:17
2022-02-28 15:45:56,2022-02-28 15:46:16,Using_Computer/Screen,annotator,HIGH LEVEL BEHAVIOR,2022-02-28 03:41:23,2022-02-28 03:41:43
2022-02-28 15:46:21,2022-02-28 15:47:10,Using_Computer/Screen,annotator,HIGH LEVEL BEHAVIOR,2022-02-28 03:41:48,2022-02-28 03:42:37
2022-02-28 15:47:12,2022-02-28 15:47:18,Using_Computer/Screen,annotator,HIGH LEVEL BEHAVIOR,2022-02-28 03:42:39,2022-02-28 03:42:45
2022-02-28 15:47:20,2022-02-28 15:51:47,Using_Computer/Screen,annotator,HIGH LEVEL BEHAVIOR,2022-02-28 03:42:47,2022-02-28 03:47:14
2022-02-28 15:51:50,2022-02-28 15:54:15,Using_Computer/Screen,annotator,HIGH LEVEL BEHAVIOR,2022-02-28 03:47:17,2022-02-28 03:49:42
2022-02-28 15:54:23,2022-02-28 15:54:55,Using_Computer/Screen,annotator,HIGH LEVEL BEHAVIOR,2022-02-28 03:49:50,2022-02-28 03:50:22
2022-02-28 15:54:58,2022-02-28 15:55:21,Using_Computer/Screen,annotator,HIGH LEVEL BEHAVIOR,2022-02-28 03:50:25,2022-02-28 03:50:48
2022-02-28 15:55:30,2022-02-28 16:03:35,HLB_Unlabeled,annotator,HIGH LEVEL BEHAVIOR,2022-02-28 03:50:57,2022-02-28 03:59:02
2022-02-28 16:03:47,2022-02-28 16:05:13,Using_Computer/Screen,annotator,HIGH LEVEL BEHAVIOR,2022-02-28 03:59:14,2022-02-28 04:00:40
2022-02-28 16:05:19,2022-02-28 16:06:35,Using_Computer/Screen,annotator,HIGH LEVEL BEHAVIOR,2022-02-28 04:00:46,2022-02-28 04:02:02
2022-02-28 16:06:38,2022-02-28 16:07:11,Using_Computer/Screen,annotator,HIGH LEVEL BEHAVIOR,2022-02-28 04:02:05,2022-02-28 04:02:38
2022-02-28 16:07:16,2022-02-28 16:08:05,Using_Computer/Screen,annotator,HIGH LEVEL BEHAVIOR,2022-02-28 04:02:43,2022-02-28 04:03:32
2022-02-28 16:08:09,2022-02-28 16:10:02,Using_Computer/Screen,annotator,HIGH LEVEL BEHAVIOR,2022-02-28 04:03:36,2022-02-28 04:05:29
2022-02-28 16:10:08,2022-02-28 16:10:30,Using_Computer/Screen,annotator,HIGH LEVEL BEHAVIOR,2022-02-28 04:05:35,2022-02-28 04:05:57
2022-02-28 16:10:32,2022-02-28 16:11:36,Using_Computer/Screen,annotator,HIGH LEVEL BEHAVIOR,2022-02-28 04:05:59,2022-02-28 04:07:03
2022-02-28 16:11:39,2022-02-28 16:13:17,Using_Computer/Screen,annotator,HIGH LEVEL BEHAVIOR,2022-02-28 04:07:06,2022-02-28 04:08:44
2022-02-28 16:13:30,2022-02-28 16:14:01,Using_Computer/Screen,annotator,HIGH LEVEL BEHAVIOR,2022-02-28 04:08:57,2022-02-28 04:09:28
2022-02-28 16:14:06,2022-02-28 16:28:20,Using_Computer/Screen,annotator,HIGH LEVEL BEHAVIOR,2022-02-28 04:09:33,2022-02-28 04:23:47
2022-02-28 16:28:20,2022-02-28 16:29:29,Packing/Unpacking_Something,annotator,HIGH LEVEL BEHAVIOR,2022-02-28 04:23:47,2022-02-28 04:24:56
2022-02-28 16:29:34,2022-02-28 16:30:06,In_Transit_Active,annotator,HIGH LEVEL BEHAVIOR,2022-02-28 04:25:01,2022-02-28 04:25:33
2022-02-28 16:30:06,2022-02-28 16:31:02,In_Transit_Active,annotator,HIGH LEVEL BEHAVIOR,2022-02-28 04:25:33,2022-02-28 04:26:29
2022-02-28 16:31:02,2022-02-28 16:31:34,In_Transit_Active,annotator,HIGH LEVEL BEHAVIOR,2022-02-28 04:26:29,2022-02-28 04:27:01
2022-02-28 16:31:34,2022-02-28 16:38:59,In_Transit_Active,annotator,HIGH LEVEL BEHAVIOR,2022-02-28 04:27:01,2022-02-28 04:34:26
2022-02-28 16:38:59,2022-02-28 16:39:17,In_Transit_Active,annotator,HIGH LEVEL BEHAVIOR,2022-02-28 04:34:26,2022-02-28 04:34:44
2022-02-28 16:39:17,2022-02-28 16:41:29,In_Transit_Active,annotator,HIGH LEVEL BEHAVIOR,2022-02-28 04:34:44,2022-02-28 04:36:56
2022-02-28 16:41:29,2022-02-28 16:41:39,In_Transit_Active,annotator,HIGH LEVEL BEHAVIOR,2022-02-28 04:36:56,2022-02-28 04:37:06
2022-02-28 16:41:39,2022-02-28 16:41:47,In_Transit_Active,annotator,HIGH LEVEL BEHAVIOR,2022-02-28 04:37:06,2022-02-28 04:37:14
2022-02-28 16:41:47,2022-02-28 16:42:05,In_Transit_Active,annotator,HIGH LEVEL BEHAVIOR,2022-02-28 04:37:14,2022-02-28 04:37:32
2022-02-28 16:42:05,2022-02-28 16:42:21,In_Transit_Active,annotator,HIGH LEVEL BEHAVIOR,2022-02-28 04:37:32,2022-02-28 04:37:48
2022-02-28 16:42:22,2022-02-28 16:44:42,In_Transit_Active,annotator,HIGH LEVEL BEHAVIOR,2022-02-28 04:37:49,2022-02-28 04:40:09
2022-02-28 16:44:42,2022-02-28 16:45:04,In_Transit_Active,annotator,HIGH LEVEL BEHAVIOR,2022-02-28 04:40:09,2022-02-28 04:40:31
2022-02-28 16:45:04,2022-02-28 16:45:44,In_Transit_Active,annotator,HIGH LEVEL BEHAVIOR,2022-02-28 04:40:31,2022-02-28 04:41:11
2022-02-28 16:45:44,2022-02-28 16:45:51,In_Transit_Active,annotator,HIGH LEVEL BEHAVIOR,2022-02-28 04:41:11,2022-02-28 04:41:18
2022-02-28 16:45:58,2022-02-28 16:54:16,,annotator,HIGH LEVEL BEHAVIOR,2022-02-28 04:41:25,2022-02-28 04:49:43
2022-02-28 16:54:17,2022-02-28 16:55:08,Grooming/Self_Care,annotator,HIGH LEVEL BEHAVIOR,2022-02-28 04:49:44,2022-02-28 04:50:35
2022-02-28 16:55:09,2022-02-28 16:55:37,Grooming/Self_Care,annotator,HIGH LEVEL BEHAVIOR,2022-02-28 04:50:36,2022-02-28 04:51:04
2022-02-28 16:55:37,2022-02-28 16:57:59,,annotator,HIGH LEVEL BEHAVIOR,2022-02-28 04:51:04,2022-02-28 04:53:26
2022-02-28 16:57:59,2022-02-28 16:58:36,Cooking/Prepping_Food,annotator,HIGH LEVEL BEHAVIOR,2022-02-28 04:53:26,2022-02-28 04:54:03
2022-02-28 16:58:36,2022-02-28 16:59:41,Cleaning,annotator,HIGH LEVEL BEHAVIOR,2022-02-28 04:54:03,2022-02-28 04:55:08
2022-02-28 16:59:41,2022-02-28 17:01:06,Eating/Dining, Using_Computer/Screen,annotator,HIGH LEVEL BEHAVIOR,2022-02-28 04:55:08,2022-02-28 04:56:33
2022-02-28 17:01:06,2022-02-28 17:02:18,Eating/Dining, Using_Computer/Screen,annotator,HIGH LEVEL BEHAVIOR,2022-02-28 04:56:33,2022-02-28 04:57:45
2022-02-28 17:02:18,2022-02-28 17:02:57,Eating/Dining,annotator,HIGH LEVEL BEHAVIOR,2022-02-28 04:57:45,2022-02-28 04:58:24
2022-02-28 17:03:14,2022-02-28 17:08:36,Eating/Dining, Using_Computer/Screen,annotator,HIGH LEVEL BEHAVIOR,2022-02-28 04:58:41,2022-02-28 05:04:03
2022-02-28 17:08:36,2022-02-28 17:09:07,Eating/Dining, Using_Computer/Screen,annotator,HIGH LEVEL BEHAVIOR,2022-02-28 05:04:03,2022-02-28 05:04:34
2022-02-28 17:09:08,2022-02-28 17:11:02,Eating/Dining, Using_Computer/Screen,annotator,HIGH LEVEL BEHAVIOR,2022-02-28 05:04:35,2022-02-28 05:06:29
2022-02-28 17:11:02,2022-02-28 17:19:42,Eating/Dining, Using_Computer/Screen,annotator,HIGH LEVEL BEHAVIOR,2022-02-28 05:06:29,2022-02-28 05:15:09
2022-02-28 17:19:42,2022-02-28 17:20:01,Using_Computer/Screen,annotator,HIGH LEVEL BEHAVIOR,2022-02-28 05:15:09,2022-02-28 05:15:28
2022-02-28 17:20:01,2022-02-28 17:20:09,,annotator,HIGH LEVEL BEHAVIOR,2022-02-28 05:15:28,2022-02-28 05:15:36
2022-02-28 17:20:38,2022-02-28 18:06:32,HLB_Indecipherable/Video_Insufficient,annotator,HIGH LEVEL BEHAVIOR,2022-02-28 05:16:05,2022-02-28 06:01:59
2022-02-28 18:06:36,2022-02-28 18:09:17,Dressing/Undressing,annotator,HIGH LEVEL BEHAVIOR,2022-02-28 06:02:03,2022-02-28 06:04:44
2022-02-28 18:09:19,2022-02-28 18:10:02,,annotator,HIGH LEVEL BEHAVIOR,2022-02-28 06:04:46,2022-02-28 06:05:29
2022-02-28 18:10:02,2022-02-28 18:11:08,Using_Computer/Screen,annotator,HIGH LEVEL BEHAVIOR,2022-02-28 06:05:29,2022-02-28 06:06:35
2022-02-28 18:11:08,2022-02-28 18:15:10,Using_Computer/Screen,annotator,HIGH LEVEL BEHAVIOR,2022-02-28 06:06:35,2022-02-28 06:10:37
2022-02-28 18:15:10,2022-02-28 18:17:25,Using_Computer/Screen,annotator,HIGH LEVEL BEHAVIOR,2022-02-28 06:10:37,2022-02-28 06:12:52
2022-02-28 18:17:26,2022-02-28 18:20:56,Using_Computer/Screen,annotator,HIGH LEVEL BEHAVIOR,2022-02-28 06:12:53,2022-02-28 06:16:23
2022-02-28 18:20:56,2022-02-28 18:23:18,Using_Computer/Screen,annotator,HIGH LEVEL BEHAVIOR,2022-02-28 06:16:23,2022-02-28 06:18:45
2022-02-28 18:23:18,2022-02-28 18:28:57,Using_Computer/Screen,annotator,HIGH LEVEL BEHAVIOR,2022-02-28 06:18:45,2022-02-28 06:24:24
2022-02-28 18:28:57,2022-02-28 18:30:13,Using_Computer/Screen,annotator,HIGH LEVEL BEHAVIOR,2022-02-28 06:24:24,2022-02-28 06:25:40
2022-02-28 18:30:14,2022-02-28 18:35:27,Using_Computer/Screen,annotator,HIGH LEVEL BEHAVIOR,2022-02-28 06:25:41,2022-02-28 06:30:54
2022-02-28 18:35:27,2022-02-28 18:37:03,Using_Computer/Screen,annotator,HIGH LEVEL BEHAVIOR,2022-02-28 06:30:54,2022-02-28 06:32:30
2022-02-28 18:37:03,2022-02-28 18:39:56,Using_Computer/Screen,annotator,HIGH LEVEL BEHAVIOR,2022-02-28 06:32:30,2022-02-28 06:35:23
2022-02-28 18:39:56,2022-02-28 18:52:42,Using_Computer/Screen,annotator,HIGH LEVEL BEHAVIOR,2022-02-28 06:35:23,2022-02-28 06:48:09
2022-02-28 18:52:42,2022-02-28 18:57:04,Using_Computer/Screen,annotator,HIGH LEVEL BEHAVIOR,2022-02-28 06:48:09,2022-02-28 06:52:31
2022-02-28 18:57:04,2022-02-28 18:58:41,Using_Computer/Screen,annotator,HIGH LEVEL BEHAVIOR,2022-02-28 06:52:31,2022-02-28 06:54:08
2022-02-28 18:58:41,2022-02-28 19:17:35,Using_Computer/Screen,annotator,HIGH LEVEL BEHAVIOR,2022-02-28 06:54:08,2022-02-28 07:13:02
2022-02-28 19:17:35,2022-02-28 19:18:19,,annotator,HIGH LEVEL BEHAVIOR,2022-02-28 07:13:02,2022-02-28 07:13:46
2022-02-28 19:18:19,2022-02-28 19:18:40,,annotator,HIGH LEVEL BEHAVIOR,2022-02-28 07:13:46,2022-02-28 07:14:07
2022-02-28 19:18:40,2022-02-28 19:19:01,In_Transit_Active,annotator,HIGH LEVEL BEHAVIOR,2022-02-28 07:14:07,2022-02-28 07:14:28
2022-02-28 19:19:01,2022-02-28 19:20:59,Doing_Common_Housework_Light,annotator,HIGH LEVEL BEHAVIOR,2022-02-28 07:14:28,2022-02-28 07:16:26
2022-02-28 19:21:00,2022-02-28 19:21:49,Doing_Common_Housework_Light,annotator,HIGH LEVEL BEHAVIOR,2022-02-28 07:16:27,2022-02-28 07:17:16
2022-02-28 19:21:49,2022-02-28 19:23:18,,annotator,HIGH LEVEL BEHAVIOR,2022-02-28 07:17:16,2022-02-28 07:18:45
2022-02-28 19:23:18,2022-02-28 19:24:44,Grooming/Self_Care,annotator,HIGH LEVEL BEHAVIOR,2022-02-28 07:18:45,2022-02-28 07:20:11
2022-02-28 19:24:44,2022-02-28 19:27:18,Grooming/Self_Care,annotator,HIGH LEVEL BEHAVIOR,2022-02-28 07:20:11,2022-02-28 07:22:45
2022-02-28 19:27:22,2022-02-28 19:27:58,Grooming/Self_Care,annotator,HIGH LEVEL BEHAVIOR,2022-02-28 07:22:49,2022-02-28 07:23:25
2022-02-28 19:27:58,2022-02-28 19:28:39,Grooming/Self_Care,annotator,HIGH LEVEL BEHAVIOR,2022-02-28 07:23:25,2022-02-28 07:24:06
2022-02-28 19:28:40,2022-02-28 19:39:27,,annotator,HIGH LEVEL BEHAVIOR,2022-02-28 07:24:07,2022-02-28 07:34:54
2022-02-28 19:40:42,2022-02-28 19:47:12,,annotator,HIGH LEVEL BEHAVIOR,2022-02-28 07:36:09,2022-02-28 07:42:39
