START_TIME,STOP_TIME,PREDICTION,SOURCE,LABELSET,VIDEO_START_TIME,VIDEO_END_TIME
2022-06-06 09:31:44,2022-06-06 09:32:06,Located_Indoors,annotator,Behavioral Parameters,2022-06-06 00:00:00,2022-06-06 00:00:22
2022-06-06 09:32:06,2022-06-06 09:45:39,Located_Indoors,annotator,Behavioral Parameters,2022-06-06 00:00:22,2022-06-06 00:13:55
2022-06-06 09:45:39,2022-06-06 09:49:08,Located_Indoors, Holding_Other_Object_Light,annotator,Behavioral Parameters,2022-06-06 00:13:55,2022-06-06 00:17:24
2022-06-06 09:49:08,2022-06-06 09:57:01,Located_Indoors,annotator,Behavioral Parameters,2022-06-06 00:17:24,2022-06-06 00:25:17
2022-06-06 09:57:01,2022-06-06 09:57:23,Located_Indoors,annotator,Behavioral Parameters,2022-06-06 00:25:17,2022-06-06 00:25:39
2022-06-06 09:57:23,2022-06-06 09:57:28,Located_Indoors, Holding_Other_Object_Light, Texting/Browsing_Phone,annotator,Behavioral Parameters,2022-06-06 00:25:39,2022-06-06 00:25:44
2022-06-06 09:57:28,2022-06-06 09:57:36,Located_Indoors, Holding_Other_Object_Light, Texting/Browsing_Phone,annotator,Behavioral Parameters,2022-06-06 00:25:44,2022-06-06 00:25:52
2022-06-06 09:57:36,2022-06-06 09:57:40,Located_Indoors,annotator,Behavioral Parameters,2022-06-06 00:25:52,2022-06-06 00:25:56
2022-06-06 09:57:40,2022-06-06 09:58:24,Located_Indoors,annotator,Behavioral Parameters,2022-06-06 00:25:56,2022-06-06 00:26:40
2022-06-06 09:58:24,2022-06-06 09:58:39,Located_Indoors,annotator,Behavioral Parameters,2022-06-06 00:26:40,2022-06-06 00:26:55
2022-06-06 09:58:39,2022-06-06 09:59:37,Located_Indoors,annotator,Behavioral Parameters,2022-06-06 00:26:55,2022-06-06 00:27:53
2022-06-06 09:59:37,2022-06-06 10:01:21,Located_Indoors,annotator,Behavioral Parameters,2022-06-06 00:27:53,2022-06-06 00:29:37
2022-06-06 10:01:21,2022-06-06 10:01:48,Located_Indoors, Holding_Other_Object_Light, Texting/Browsing_Phone,annotator,Behavioral Parameters,2022-06-06 00:29:37,2022-06-06 00:30:04
2022-06-06 10:01:48,2022-06-06 10:02:13,Located_Indoors, Holding_Other_Object_Light, Texting/Browsing_Phone,annotator,Behavioral Parameters,2022-06-06 00:30:04,2022-06-06 00:30:29
2022-06-06 10:02:13,2022-06-06 10:02:32,Located_Indoors,annotator,Behavioral Parameters,2022-06-06 00:30:29,2022-06-06 00:30:48
2022-06-06 10:02:32,2022-06-06 10:02:53,Located_Indoors,annotator,Behavioral Parameters,2022-06-06 00:30:48,2022-06-06 00:31:09
2022-06-06 10:02:53,2022-06-06 10:03:44,Located_Outdoors,annotator,Behavioral Parameters,2022-06-06 00:31:09,2022-06-06 00:32:00
2022-06-06 10:03:44,2022-06-06 10:03:53,Located_Indoors,annotator,Behavioral Parameters,2022-06-06 00:32:00,2022-06-06 00:32:09
2022-06-06 10:03:53,2022-06-06 10:04:19,Located_Indoors,annotator,Behavioral Parameters,2022-06-06 00:32:09,2022-06-06 00:32:35
2022-06-06 10:04:19,2022-06-06 10:04:33,Located_Indoors,annotator,Behavioral Parameters,2022-06-06 00:32:35,2022-06-06 00:32:49
2022-06-06 10:04:33,2022-06-06 10:04:39,Located_Indoors,annotator,Behavioral Parameters,2022-06-06 00:32:49,2022-06-06 00:32:55
2022-06-06 10:04:39,2022-06-06 10:04:54,Located_Indoors,annotator,Behavioral Parameters,2022-06-06 00:32:55,2022-06-06 00:33:10
2022-06-06 10:04:54,2022-06-06 10:05:01,Located_Indoors,annotator,Behavioral Parameters,2022-06-06 00:33:10,2022-06-06 00:33:17
2022-06-06 10:05:01,2022-06-06 10:05:54,Located_Indoors, Holding_Other_Object_Light, Texting/Browsing_Phone,annotator,Behavioral Parameters,2022-06-06 00:33:17,2022-06-06 00:34:10
2022-06-06 10:05:54,2022-06-06 10:06:12,Located_Indoors,annotator,Behavioral Parameters,2022-06-06 00:34:10,2022-06-06 00:34:28
2022-06-06 10:06:12,2022-06-06 10:06:30,Located_Indoors, Holding_Other_Object_Light,annotator,Behavioral Parameters,2022-06-06 00:34:28,2022-06-06 00:34:46
2022-06-06 10:06:30,2022-06-06 10:06:49,Located_Indoors, Holding_Other_Object_Light,annotator,Behavioral Parameters,2022-06-06 00:34:46,2022-06-06 00:35:05
2022-06-06 10:06:49,2022-06-06 10:07:09,Located_Indoors, Holding_Other_Object_Light,annotator,Behavioral Parameters,2022-06-06 00:35:05,2022-06-06 00:35:25
2022-06-06 10:07:09,2022-06-06 10:12:57,Holding_Other_Object_Light, Located_Outdoors,annotator,Behavioral Parameters,2022-06-06 00:35:25,2022-06-06 00:41:13
2022-06-06 10:12:57,2022-06-06 10:13:28,Holding_Other_Object_Light, Located_Indoors,annotator,Behavioral Parameters,2022-06-06 00:41:13,2022-06-06 00:41:44
2022-06-06 10:13:28,2022-06-06 10:14:30,Holding_Other_Object_Light, Located_Outdoors,annotator,Behavioral Parameters,2022-06-06 00:41:44,2022-06-06 00:42:46
2022-06-06 10:14:30,2022-06-06 10:14:51,Holding_Other_Object_Light, Located_Indoors,annotator,Behavioral Parameters,2022-06-06 00:42:46,2022-06-06 00:43:07
2022-06-06 10:14:51,2022-06-06 10:15:05,Located_Indoors, Holding_Other_Object_Light,annotator,Behavioral Parameters,2022-06-06 00:43:07,2022-06-06 00:43:21
2022-06-06 10:15:05,2022-06-06 10:15:51,Located_Indoors, Browsing_Computer,annotator,Behavioral Parameters,2022-06-06 00:43:21,2022-06-06 00:44:07
2022-06-06 10:15:51,2022-06-06 10:16:35,Located_Indoors, Holding_Other_Object_Light, Texting/Browsing_Phone,annotator,Behavioral Parameters,2022-06-06 00:44:07,2022-06-06 00:44:51
2022-06-06 10:16:35,2022-06-06 10:51:03,Located_Indoors, Browsing_Computer,annotator,Behavioral Parameters,2022-06-06 00:44:51,2022-06-06 01:19:19
2022-06-06 10:51:03,2022-06-06 10:59:19,Located_Indoors, Holding_Other_Object_Light, Texting/Browsing_Phone,annotator,Behavioral Parameters,2022-06-06 01:19:19,2022-06-06 01:27:35
2022-06-06 10:59:19,2022-06-06 11:29:18,Located_Indoors, Browsing_Computer,annotator,Behavioral Parameters,2022-06-06 01:27:35,2022-06-06 01:57:34
2022-06-06 11:29:18,2022-06-06 11:29:39,Located_Indoors, Holding_Other_Object_Light,annotator,Behavioral Parameters,2022-06-06 01:57:34,2022-06-06 01:57:55
2022-06-06 11:29:39,2022-06-06 11:30:48,Located_Indoors, Carrying_Bag_On_Shoulder/Back_Light,annotator,Behavioral Parameters,2022-06-06 01:57:55,2022-06-06 01:59:04
2022-06-06 11:30:48,2022-06-06 11:34:07,Carrying_Bag_On_Shoulder/Back_Light, Located_Outdoors,annotator,Behavioral Parameters,2022-06-06 01:59:04,2022-06-06 02:02:23
2022-06-06 11:34:07,2022-06-06 11:34:30,Carrying_Bag_On_Shoulder/Back_Light, Located_Outdoors, Texting/Browsing_Phone, Holding_Other_Object_Light,annotator,Behavioral Parameters,2022-06-06 02:02:23,2022-06-06 02:02:46
2022-06-06 11:34:30,2022-06-06 11:34:49,Carrying_Bag_On_Shoulder/Back_Light, Texting/Browsing_Phone, Holding_Other_Object_Light, Located_Indoors,annotator,Behavioral Parameters,2022-06-06 02:02:46,2022-06-06 02:03:05
2022-06-06 11:34:49,2022-06-06 11:35:14,Carrying_Bag_On_Shoulder/Back_Light, Located_Indoors,annotator,Behavioral Parameters,2022-06-06 02:03:05,2022-06-06 02:03:30
2022-06-06 11:35:14,2022-06-06 11:35:31,Located_Indoors, Holding_Other_Object_Light,annotator,Behavioral Parameters,2022-06-06 02:03:30,2022-06-06 02:03:47
2022-06-06 11:35:31,2022-06-06 12:51:59,Located_Indoors, Browsing_Computer,annotator,Behavioral Parameters,2022-06-06 02:03:47,2022-06-06 03:20:15
2022-06-06 12:51:59,2022-06-06 12:54:46,Located_Indoors, Holding_Other_Object_Light, Texting/Browsing_Phone,annotator,Behavioral Parameters,2022-06-06 03:20:15,2022-06-06 03:23:02
2022-06-06 12:54:46,2022-06-06 13:00:02,Located_Indoors,annotator,Behavioral Parameters,2022-06-06 03:23:02,2022-06-06 03:28:18
2022-06-06 13:00:02,2022-06-06 13:08:56,Located_Indoors, Browsing_Computer,annotator,Behavioral Parameters,2022-06-06 03:28:18,2022-06-06 03:37:12
2022-06-06 13:08:56,2022-06-06 13:12:49,Located_Indoors, Holding_Other_Object_Light, Texting/Browsing_Phone,annotator,Behavioral Parameters,2022-06-06 03:37:12,2022-06-06 03:41:05
2022-06-06 13:12:49,2022-06-06 13:15:46,Located_Indoors, Browsing_Computer,annotator,Behavioral Parameters,2022-06-06 03:41:05,2022-06-06 03:44:02
2022-06-06 13:15:46,2022-06-06 13:16:54,Located_Indoors, In_Conversation,annotator,Behavioral Parameters,2022-06-06 03:44:02,2022-06-06 03:45:10
2022-06-06 13:16:54,2022-06-06 13:17:20,Located_Indoors, In_Conversation, Holding_Other_Object_Light,annotator,Behavioral Parameters,2022-06-06 03:45:10,2022-06-06 03:45:36
2022-06-06 13:17:20,2022-06-06 13:18:33,Located_Indoors, Carrying_Bag_On_Shoulder/Back_Light, In_Conversation,annotator,Behavioral Parameters,2022-06-06 03:45:36,2022-06-06 03:46:49
2022-06-06 13:18:33,2022-06-06 13:18:48,Located_Indoors, Carrying_Bag_On_Shoulder/Back_Light, In_Conversation,annotator,Behavioral Parameters,2022-06-06 03:46:49,2022-06-06 03:47:04
2022-06-06 13:18:48,2022-06-06 13:20:55,Located_Indoors,annotator,Behavioral Parameters,2022-06-06 03:47:04,2022-06-06 03:49:11
2022-06-06 13:20:55,2022-06-06 13:21:43,Located_Indoors, Carrying_Bag_On_Shoulder/Back_Light, In_Conversation,annotator,Behavioral Parameters,2022-06-06 03:49:11,2022-06-06 03:49:59
2022-06-06 13:21:43,2022-06-06 13:28:24,Carrying_Bag_On_Shoulder/Back_Light, In_Conversation, Located_Outdoors,annotator,Behavioral Parameters,2022-06-06 03:49:59,2022-06-06 03:56:40
2022-06-06 13:28:24,2022-06-06 13:30:08,Carrying_Bag_On_Shoulder/Back_Light, In_Conversation, Located_Indoors,annotator,Behavioral Parameters,2022-06-06 03:56:40,2022-06-06 03:58:24
2022-06-06 13:30:08,2022-06-06 13:30:19,In_Conversation, Located_Indoors,annotator,Behavioral Parameters,2022-06-06 03:58:24,2022-06-06 03:58:35
2022-06-06 13:30:19,2022-06-06 13:39:37,Located_Indoors,annotator,Behavioral Parameters,2022-06-06 03:58:35,2022-06-06 04:07:53
2022-06-06 13:39:37,2022-06-06 13:46:12,Located_Indoors, In_Conversation, Holding_Solid_Food,annotator,Behavioral Parameters,2022-06-06 04:07:53,2022-06-06 04:14:28
2022-06-06 13:46:12,2022-06-06 13:49:31,Located_Indoors,annotator,Behavioral Parameters,2022-06-06 04:14:28,2022-06-06 04:17:47
2022-06-06 13:49:31,2022-06-06 13:57:33,Located_Indoors, In_Conversation, Holding_Solid_Food,annotator,Behavioral Parameters,2022-06-06 04:17:47,2022-06-06 04:25:49
2022-06-06 13:57:33,2022-06-06 13:58:57,Located_Indoors, In_Conversation, Carrying_Bag_On_Shoulder/Back_Light,annotator,Behavioral Parameters,2022-06-06 04:25:49,2022-06-06 04:27:13
2022-06-06 13:58:57,2022-06-06 14:03:34,In_Conversation, Carrying_Bag_On_Shoulder/Back_Light, Located_Outdoors,annotator,Behavioral Parameters,2022-06-06 04:27:13,2022-06-06 04:31:50
2022-06-06 14:03:34,2022-06-06 14:04:07,In_Conversation, Carrying_Bag_On_Shoulder/Back_Light, Located_Indoors,annotator,Behavioral Parameters,2022-06-06 04:31:50,2022-06-06 04:32:23
2022-06-06 14:04:07,2022-06-06 14:04:26,In_Conversation, Carrying_Bag_On_Shoulder/Back_Light, Located_Outdoors,annotator,Behavioral Parameters,2022-06-06 04:32:23,2022-06-06 04:32:42
2022-06-06 14:04:26,2022-06-06 14:05:03,In_Conversation, Carrying_Bag_On_Shoulder/Back_Light, Located_Indoors, Holding_Other_Object_Light, Texting/Browsing_Phone,annotator,Behavioral Parameters,2022-06-06 04:32:42,2022-06-06 04:33:19
2022-06-06 14:05:03,2022-06-06 14:06:01,In_Conversation, Carrying_Bag_On_Shoulder/Back_Light, Located_Outdoors,annotator,Behavioral Parameters,2022-06-06 04:33:19,2022-06-06 04:34:17
2022-06-06 14:06:01,2022-06-06 14:06:51,In_Conversation, Carrying_Bag_On_Shoulder/Back_Light, Located_Indoors,annotator,Behavioral Parameters,2022-06-06 04:34:17,2022-06-06 04:35:07
2022-06-06 14:06:51,2022-06-06 14:07:54,In_Conversation, Carrying_Bag_On_Shoulder/Back_Light, Located_Outdoors,annotator,Behavioral Parameters,2022-06-06 04:35:07,2022-06-06 04:36:10
2022-06-06 14:07:54,2022-06-06 14:09:27,In_Conversation, Carrying_Bag_On_Shoulder/Back_Light, Located_Indoors,annotator,Behavioral Parameters,2022-06-06 04:36:10,2022-06-06 04:37:43
2022-06-06 14:09:27,2022-06-06 14:58:58,In_Conversation, Located_Indoors, Browsing_Computer,annotator,Behavioral Parameters,2022-06-06 04:37:43,2022-06-06 05:27:14
2022-06-06 14:58:58,2022-06-06 14:59:23,In_Conversation, Located_Indoors, Holding_Other_Object_Light, Texting/Browsing_Phone,annotator,Behavioral Parameters,2022-06-06 05:27:14,2022-06-06 05:27:39
2022-06-06 14:59:23,2022-06-06 14:59:44,In_Conversation, Located_Indoors,annotator,Behavioral Parameters,2022-06-06 05:27:39,2022-06-06 05:28:00
2022-06-06 14:59:44,2022-06-06 15:01:27,In_Conversation, Located_Indoors, Carrying_Bag_On_Shoulder/Back_Light,annotator,Behavioral Parameters,2022-06-06 05:28:00,2022-06-06 05:29:43
2022-06-06 15:01:27,2022-06-06 15:02:23,In_Conversation, Carrying_Bag_On_Shoulder/Back_Light, Located_Outdoors,annotator,Behavioral Parameters,2022-06-06 05:29:43,2022-06-06 05:30:39
2022-06-06 15:02:23,2022-06-06 15:02:35,In_Conversation, Carrying_Bag_On_Shoulder/Back_Light, Located_Outdoors, Holding_Other_Object_Light, Texting/Browsing_Phone,annotator,Behavioral Parameters,2022-06-06 05:30:39,2022-06-06 05:30:51
2022-06-06 15:02:35,2022-06-06 15:02:37,In_Conversation, Carrying_Bag_On_Shoulder/Back_Light, Holding_Other_Object_Light, Texting/Browsing_Phone, Located_Indoors,annotator,Behavioral Parameters,2022-06-06 05:30:51,2022-06-06 05:30:53
2022-06-06 15:02:37,2022-06-06 15:03:05,In_Conversation, Carrying_Bag_On_Shoulder/Back_Light, Located_Indoors,annotator,Behavioral Parameters,2022-06-06 05:30:53,2022-06-06 05:31:21
2022-06-06 15:03:05,2022-06-06 15:03:38,In_Conversation, Located_Indoors,annotator,Behavioral Parameters,2022-06-06 05:31:21,2022-06-06 05:31:54
2022-06-06 15:03:38,2022-06-06 15:05:49,In_Conversation, Located_Indoors, Browsing_Computer,annotator,Behavioral Parameters,2022-06-06 05:31:54,2022-06-06 05:34:05
2022-06-06 15:05:49,2022-06-06 15:06:49,In_Conversation, Located_Indoors, Carrying_Bag_On_Shoulder/Back_Light,annotator,Behavioral Parameters,2022-06-06 05:34:05,2022-06-06 05:35:05
2022-06-06 15:06:49,2022-06-06 15:10:12,In_Conversation, Carrying_Bag_On_Shoulder/Back_Light, Located_Outdoors, Holding_Other_Object_Light, Texting/Browsing_Phone,annotator,Behavioral Parameters,2022-06-06 05:35:05,2022-06-06 05:38:28
2022-06-06 15:10:12,2022-06-06 15:13:39,Carrying_Bag_On_Shoulder/Back_Light, Located_Outdoors, Holding_Other_Object_Light, Texting/Browsing_Phone,annotator,Behavioral Parameters,2022-06-06 05:38:28,2022-06-06 05:41:55
2022-06-06 15:13:39,2022-06-06 15:13:59,Located_Outdoors, In_Conversation,annotator,Behavioral Parameters,2022-06-06 05:41:55,2022-06-06 05:42:15
2022-06-06 15:13:59,2022-06-06 15:14:31,Located_Outdoors, In_Conversation,annotator,Behavioral Parameters,2022-06-06 05:42:15,2022-06-06 05:42:47
2022-06-06 15:14:31,2022-06-06 15:14:55,Located_Outdoors, Carrying_Bag_On_Shoulder/Back_Light,annotator,Behavioral Parameters,2022-06-06 05:42:47,2022-06-06 05:43:11
2022-06-06 15:14:55,2022-06-06 15:17:28,Located_Outdoors, Carrying_Bag_On_Shoulder/Back_Light, Holding_Other_Object_Light, Texting/Browsing_Phone, In_Conversation,annotator,Behavioral Parameters,2022-06-06 05:43:11,2022-06-06 05:45:44
2022-06-06 15:17:28,2022-06-06 15:17:58,Located_Outdoors, Carrying_Bag_On_Shoulder/Back_Light,annotator,Behavioral Parameters,2022-06-06 05:45:44,2022-06-06 05:46:14
2022-06-06 15:17:58,2022-06-06 15:19:16,Carrying_Bag_On_Shoulder/Back_Light, Located_Indoors,annotator,Behavioral Parameters,2022-06-06 05:46:14,2022-06-06 05:47:32
2022-06-06 15:19:16,2022-06-06 15:19:37,Carrying_Bag_On_Shoulder/Back_Light, Located_Indoors, Holding_Other_Object_Light, Texting/Browsing_Phone,annotator,Behavioral Parameters,2022-06-06 05:47:32,2022-06-06 05:47:53
2022-06-06 15:19:37,2022-06-06 15:20:31,Carrying_Bag_On_Shoulder/Back_Light, Located_Indoors, Holding_Other_Object_Light, Texting/Browsing_Phone,annotator,Behavioral Parameters,2022-06-06 05:47:53,2022-06-06 05:48:47
2022-06-06 15:20:31,2022-06-06 15:21:08,Located_Indoors, Holding_Other_Object_Light, Texting/Browsing_Phone,annotator,Behavioral Parameters,2022-06-06 05:48:47,2022-06-06 05:49:24
2022-06-06 15:21:08,2022-06-06 15:21:29,Located_Indoors,annotator,Behavioral Parameters,2022-06-06 05:49:24,2022-06-06 05:49:45
2022-06-06 15:21:29,2022-06-06 15:21:55,Located_Indoors,annotator,Behavioral Parameters,2022-06-06 05:49:45,2022-06-06 05:50:11
2022-06-06 15:21:55,2022-06-06 15:23:47,Located_Indoors, Holding_Other_Object_Light, Texting/Browsing_Phone,annotator,Behavioral Parameters,2022-06-06 05:50:11,2022-06-06 05:52:03
2022-06-06 15:23:47,2022-06-06 15:33:27,Located_Indoors, Browsing_Computer,annotator,Behavioral Parameters,2022-06-06 05:52:03,2022-06-06 06:01:43
