START_TIME,STOP_TIME,PREDICTION,SOURCE,LABELSET,VIDEO_START_TIME,VIDEO_END_TIME
2022-06-04 10:59:34,2022-06-04 10:59:49,Free_Living,annotator,Experimental situation,2022-06-04 00:00:00,2022-06-04 00:00:15
2022-06-04 10:59:49,2022-06-04 10:59:57,Free_Living,annotator,Experimental situation,2022-06-04 00:00:15,2022-06-04 00:00:23
2022-06-04 10:59:57,2022-06-04 11:00:08,Free_Living,annotator,Experimental situation,2022-06-04 00:00:23,2022-06-04 00:00:34
2022-06-04 11:00:08,2022-06-04 11:00:33,Free_Living,annotator,Experimental situation,2022-06-04 00:00:34,2022-06-04 00:00:59
2022-06-04 11:00:33,2022-06-04 11:00:44,Free_Living,annotator,Experimental situation,2022-06-04 00:00:59,2022-06-04 00:01:10
2022-06-04 11:00:44,2022-06-04 11:00:54,Free_Living,annotator,Experimental situation,2022-06-04 00:01:10,2022-06-04 00:01:20
2022-06-04 11:00:54,2022-06-04 11:01:11,Free_Living,annotator,Experimental situation,2022-06-04 00:01:20,2022-06-04 00:01:37
2022-06-04 11:01:11,2022-06-04 11:01:31,Free_Living,annotator,Experimental situation,2022-06-04 00:01:37,2022-06-04 00:01:57
2022-06-04 11:01:31,2022-06-04 11:01:33,Free_Living,annotator,Experimental situation,2022-06-04 00:01:57,2022-06-04 00:01:59
2022-06-04 11:01:33,2022-06-04 11:02:03,Free_Living,annotator,Experimental situation,2022-06-04 00:01:59,2022-06-04 00:02:29
2022-06-04 11:02:03,2022-06-04 11:02:18,Free_Living,annotator,Experimental situation,2022-06-04 00:02:29,2022-06-04 00:02:44
2022-06-04 11:02:18,2022-06-04 11:02:32,Free_Living,annotator,Experimental situation,2022-06-04 00:02:44,2022-06-04 00:02:58
2022-06-04 11:02:32,2022-06-04 11:02:38,Free_Living,annotator,Experimental situation,2022-06-04 00:02:58,2022-06-04 00:03:04
2022-06-04 11:02:38,2022-06-04 11:02:56,Free_Living,annotator,Experimental situation,2022-06-04 00:03:04,2022-06-04 00:03:22
2022-06-04 11:02:56,2022-06-04 11:03:52,Free_Living,annotator,Experimental situation,2022-06-04 00:03:22,2022-06-04 00:04:18
2022-06-04 11:03:52,2022-06-04 11:04:11,Free_Living,annotator,Experimental situation,2022-06-04 00:04:18,2022-06-04 00:04:37
2022-06-04 11:04:11,2022-06-04 11:04:24,Free_Living,annotator,Experimental situation,2022-06-04 00:04:37,2022-06-04 00:04:50
2022-06-04 11:04:24,2022-06-04 11:04:33,Free_Living,annotator,Experimental situation,2022-06-04 00:04:50,2022-06-04 00:04:59
2022-06-04 11:04:33,2022-06-04 11:04:36,Free_Living,annotator,Experimental situation,2022-06-04 00:04:59,2022-06-04 00:05:02
2022-06-04 11:04:36,2022-06-04 11:05:48,Free_Living,annotator,Experimental situation,2022-06-04 00:05:02,2022-06-04 00:06:14
2022-06-04 11:05:48,2022-06-04 11:06:38,Free_Living,annotator,Experimental situation,2022-06-04 00:06:14,2022-06-04 00:07:04
2022-06-04 11:06:38,2022-06-04 11:07:50,Free_Living,annotator,Experimental situation,2022-06-04 00:07:04,2022-06-04 00:08:16
2022-06-04 11:07:50,2022-06-04 11:08:01,Free_Living,annotator,Experimental situation,2022-06-04 00:08:16,2022-06-04 00:08:27
2022-06-04 11:08:01,2022-06-04 11:08:38,Free_Living,annotator,Experimental situation,2022-06-04 00:08:27,2022-06-04 00:09:04
2022-06-04 11:08:38,2022-06-04 11:09:20,Free_Living,annotator,Experimental situation,2022-06-04 00:09:04,2022-06-04 00:09:46
2022-06-04 11:09:20,2022-06-04 11:09:21,Free_Living,annotator,Experimental situation,2022-06-04 00:09:46,2022-06-04 00:09:47
2022-06-04 11:09:21,2022-06-04 11:10:04,Free_Living,annotator,Experimental situation,2022-06-04 00:09:47,2022-06-04 00:10:30
2022-06-04 11:10:04,2022-06-04 11:10:28,Free_Living,annotator,Experimental situation,2022-06-04 00:10:30,2022-06-04 00:10:54
2022-06-04 11:10:28,2022-06-04 11:10:31,Free_Living,annotator,Experimental situation,2022-06-04 00:10:54,2022-06-04 00:10:57
2022-06-04 11:10:31,2022-06-04 11:10:38,Free_Living,annotator,Experimental situation,2022-06-04 00:10:57,2022-06-04 00:11:04
2022-06-04 11:10:38,2022-06-04 11:10:41,Free_Living,annotator,Experimental situation,2022-06-04 00:11:04,2022-06-04 00:11:07
2022-06-04 11:10:41,2022-06-04 11:10:51,Free_Living,annotator,Experimental situation,2022-06-04 00:11:07,2022-06-04 00:11:17
2022-06-04 11:10:51,2022-06-04 11:10:53,Free_Living,annotator,Experimental situation,2022-06-04 00:11:17,2022-06-04 00:11:19
2022-06-04 11:10:53,2022-06-04 11:12:54,Free_Living,annotator,Experimental situation,2022-06-04 00:11:19,2022-06-04 00:13:20
2022-06-04 11:12:54,2022-06-04 11:12:59,Free_Living,annotator,Experimental situation,2022-06-04 00:13:20,2022-06-04 00:13:25
2022-06-04 11:12:59,2022-06-04 11:14:49,Free_Living,annotator,Experimental situation,2022-06-04 00:13:25,2022-06-04 00:15:15
2022-06-04 11:14:49,2022-06-04 11:15:16,Free_Living,annotator,Experimental situation,2022-06-04 00:15:15,2022-06-04 00:15:42
2022-06-04 11:15:16,2022-06-04 11:16:00,Free_Living,annotator,Experimental situation,2022-06-04 00:15:42,2022-06-04 00:16:26
2022-06-04 11:16:00,2022-06-04 11:16:16,Free_Living,annotator,Experimental situation,2022-06-04 00:16:26,2022-06-04 00:16:42
2022-06-04 11:16:16,2022-06-04 11:16:23,Free_Living,annotator,Experimental situation,2022-06-04 00:16:42,2022-06-04 00:16:49
2022-06-04 11:16:23,2022-06-04 11:18:58,Free_Living,annotator,Experimental situation,2022-06-04 00:16:49,2022-06-04 00:19:24
2022-06-04 11:18:58,2022-06-04 11:20:59,Free_Living,annotator,Experimental situation,2022-06-04 00:19:24,2022-06-04 00:21:25
2022-06-04 11:20:59,2022-06-04 11:21:09,Free_Living,annotator,Experimental situation,2022-06-04 00:21:25,2022-06-04 00:21:35
2022-06-04 11:21:09,2022-06-04 11:21:40,Free_Living,annotator,Experimental situation,2022-06-04 00:21:35,2022-06-04 00:22:06
2022-06-04 11:21:40,2022-06-04 11:22:01,Free_Living,annotator,Experimental situation,2022-06-04 00:22:06,2022-06-04 00:22:27
2022-06-04 11:22:01,2022-06-04 11:22:37,Free_Living,annotator,Experimental situation,2022-06-04 00:22:27,2022-06-04 00:23:03
2022-06-04 11:22:37,2022-06-04 11:22:58,Free_Living,annotator,Experimental situation,2022-06-04 00:23:03,2022-06-04 00:23:24
2022-06-04 11:22:58,2022-06-04 11:23:08,Free_Living,annotator,Experimental situation,2022-06-04 00:23:24,2022-06-04 00:23:34
2022-06-04 11:23:08,2022-06-04 11:24:05,Free_Living,annotator,Experimental situation,2022-06-04 00:23:34,2022-06-04 00:24:31
2022-06-04 11:24:05,2022-06-04 11:24:24,Free_Living,annotator,Experimental situation,2022-06-04 00:24:31,2022-06-04 00:24:50
2022-06-04 11:24:24,2022-06-04 11:24:36,Free_Living,annotator,Experimental situation,2022-06-04 00:24:50,2022-06-04 00:25:02
2022-06-04 11:24:36,2022-06-04 11:30:17,Free_Living,annotator,Experimental situation,2022-06-04 00:25:02,2022-06-04 00:30:43
2022-06-04 11:30:17,2022-06-04 11:30:25,Free_Living,annotator,Experimental situation,2022-06-04 00:30:43,2022-06-04 00:30:51
2022-06-04 11:30:25,2022-06-04 11:30:53,Free_Living,annotator,Experimental situation,2022-06-04 00:30:51,2022-06-04 00:31:19
2022-06-04 11:30:53,2022-06-04 11:31:00,Free_Living,annotator,Experimental situation,2022-06-04 00:31:19,2022-06-04 00:31:26
2022-06-04 11:31:00,2022-06-04 11:31:02,Free_Living,annotator,Experimental situation,2022-06-04 00:31:26,2022-06-04 00:31:28
2022-06-04 11:31:02,2022-06-04 11:31:06,Free_Living,annotator,Experimental situation,2022-06-04 00:31:28,2022-06-04 00:31:32
2022-06-04 11:31:06,2022-06-04 11:31:37,Free_Living,annotator,Experimental situation,2022-06-04 00:31:32,2022-06-04 00:32:03
2022-06-04 11:31:37,2022-06-04 11:32:02,Free_Living,annotator,Experimental situation,2022-06-04 00:32:03,2022-06-04 00:32:28
2022-06-04 11:32:02,2022-06-04 11:32:12,Free_Living,annotator,Experimental situation,2022-06-04 00:32:28,2022-06-04 00:32:38
2022-06-04 11:32:12,2022-06-04 11:32:28,Free_Living,annotator,Experimental situation,2022-06-04 00:32:38,2022-06-04 00:32:54
2022-06-04 11:32:28,2022-06-04 11:32:34,Free_Living,annotator,Experimental situation,2022-06-04 00:32:54,2022-06-04 00:33:00
2022-06-04 11:32:34,2022-06-04 11:32:44,Free_Living,annotator,Experimental situation,2022-06-04 00:33:00,2022-06-04 00:33:10
2022-06-04 11:32:44,2022-06-04 11:33:05,Free_Living,annotator,Experimental situation,2022-06-04 00:33:10,2022-06-04 00:33:31
2022-06-04 11:33:05,2022-06-04 11:34:12,Free_Living,annotator,Experimental situation,2022-06-04 00:33:31,2022-06-04 00:34:38
2022-06-04 11:34:12,2022-06-04 11:34:21,Free_Living,annotator,Experimental situation,2022-06-04 00:34:38,2022-06-04 00:34:47
2022-06-04 11:34:21,2022-06-04 11:34:27,Free_Living,annotator,Experimental situation,2022-06-04 00:34:47,2022-06-04 00:34:53
2022-06-04 11:34:27,2022-06-04 11:34:32,Free_Living,annotator,Experimental situation,2022-06-04 00:34:53,2022-06-04 00:34:58
2022-06-04 11:34:32,2022-06-04 11:34:42,Free_Living,annotator,Experimental situation,2022-06-04 00:34:58,2022-06-04 00:35:08
2022-06-04 11:34:42,2022-06-04 11:34:46,Free_Living,annotator,Experimental situation,2022-06-04 00:35:08,2022-06-04 00:35:12
2022-06-04 11:34:46,2022-06-04 11:34:51,Free_Living,annotator,Experimental situation,2022-06-04 00:35:12,2022-06-04 00:35:17
2022-06-04 11:34:51,2022-06-04 11:35:02,Free_Living,annotator,Experimental situation,2022-06-04 00:35:17,2022-06-04 00:35:28
2022-06-04 11:35:02,2022-06-04 11:37:43,Free_Living,annotator,Experimental situation,2022-06-04 00:35:28,2022-06-04 00:38:09
2022-06-04 11:37:43,2022-06-04 11:38:22,Free_Living,annotator,Experimental situation,2022-06-04 00:38:09,2022-06-04 00:38:48
2022-06-04 11:38:22,2022-06-04 11:42:16,Free_Living,annotator,Experimental situation,2022-06-04 00:38:48,2022-06-04 00:42:42
2022-06-04 11:42:16,2022-06-04 11:43:55,Free_Living,annotator,Experimental situation,2022-06-04 00:42:42,2022-06-04 00:44:21
2022-06-04 11:43:55,2022-06-04 11:44:50,Free_Living,annotator,Experimental situation,2022-06-04 00:44:21,2022-06-04 00:45:16
2022-06-04 11:44:50,2022-06-04 11:48:39,Free_Living,annotator,Experimental situation,2022-06-04 00:45:16,2022-06-04 00:49:05
2022-06-04 11:48:39,2022-06-04 11:48:49,Free_Living,annotator,Experimental situation,2022-06-04 00:49:05,2022-06-04 00:49:15
2022-06-04 11:48:49,2022-06-04 11:49:21,Free_Living,annotator,Experimental situation,2022-06-04 00:49:15,2022-06-04 00:49:47
2022-06-04 11:49:21,2022-06-04 11:50:20,Free_Living,annotator,Experimental situation,2022-06-04 00:49:47,2022-06-04 00:50:46
2022-06-04 11:50:20,2022-06-04 11:50:32,Free_Living,annotator,Experimental situation,2022-06-04 00:50:46,2022-06-04 00:50:58
2022-06-04 11:50:32,2022-06-04 11:51:27,Free_Living,annotator,Experimental situation,2022-06-04 00:50:58,2022-06-04 00:51:53
2022-06-04 11:51:27,2022-06-04 11:52:49,Free_Living,annotator,Experimental situation,2022-06-04 00:51:53,2022-06-04 00:53:15
2022-06-04 11:52:49,2022-06-04 11:53:00,Free_Living,annotator,Experimental situation,2022-06-04 00:53:15,2022-06-04 00:53:26
2022-06-04 11:53:00,2022-06-04 11:54:22,Free_Living,annotator,Experimental situation,2022-06-04 00:53:26,2022-06-04 00:54:48
2022-06-04 11:54:22,2022-06-04 11:54:24,Free_Living,annotator,Experimental situation,2022-06-04 00:54:48,2022-06-04 00:54:50
2022-06-04 11:54:22,2022-06-04 11:54:22,Free_Living,annotator,Experimental situation,2022-06-04 00:54:48,2022-06-04 00:54:48
2022-06-04 11:54:24,2022-06-04 11:55:18,Free_Living,annotator,Experimental situation,2022-06-04 00:54:50,2022-06-04 00:55:44
2022-06-04 11:55:18,2022-06-04 11:55:41,Free_Living,annotator,Experimental situation,2022-06-04 00:55:44,2022-06-04 00:56:07
2022-06-04 11:55:41,2022-06-04 11:56:02,Free_Living,annotator,Experimental situation,2022-06-04 00:56:07,2022-06-04 00:56:28
2022-06-04 11:56:02,2022-06-04 11:57:41,Free_Living,annotator,Experimental situation,2022-06-04 00:56:28,2022-06-04 00:58:07
2022-06-04 11:57:41,2022-06-04 11:58:30,Free_Living,annotator,Experimental situation,2022-06-04 00:58:07,2022-06-04 00:58:56
2022-06-04 11:58:30,2022-06-04 11:59:15,Free_Living,annotator,Experimental situation,2022-06-04 00:58:56,2022-06-04 00:59:41
2022-06-04 11:59:15,2022-06-04 11:59:44,Free_Living,annotator,Experimental situation,2022-06-04 00:59:41,2022-06-04 01:00:10
2022-06-04 11:59:44,2022-06-04 12:00:50,Free_Living,annotator,Experimental situation,2022-06-04 01:00:10,2022-06-04 01:01:16
2022-06-04 12:00:50,2022-06-04 12:03:18,Free_Living,annotator,Experimental situation,2022-06-04 01:01:16,2022-06-04 01:03:44
2022-06-04 12:03:18,2022-06-04 12:03:25,Free_Living,annotator,Experimental situation,2022-06-04 01:03:44,2022-06-04 01:03:51
2022-06-04 12:03:25,2022-06-04 12:04:06,Free_Living,annotator,Experimental situation,2022-06-04 01:03:51,2022-06-04 01:04:32
2022-06-04 12:04:06,2022-06-04 12:04:14,Free_Living,annotator,Experimental situation,2022-06-04 01:04:32,2022-06-04 01:04:40
2022-06-04 12:04:14,2022-06-04 12:04:32,Free_Living,annotator,Experimental situation,2022-06-04 01:04:40,2022-06-04 01:04:58
2022-06-04 12:04:32,2022-06-04 12:04:48,Free_Living,annotator,Experimental situation,2022-06-04 01:04:58,2022-06-04 01:05:14
2022-06-04 12:04:48,2022-06-04 12:05:27,Free_Living,annotator,Experimental situation,2022-06-04 01:05:14,2022-06-04 01:05:53
2022-06-04 12:05:27,2022-06-04 12:05:30,Free_Living,annotator,Experimental situation,2022-06-04 01:05:53,2022-06-04 01:05:56
2022-06-04 12:05:30,2022-06-04 12:07:14,Free_Living,annotator,Experimental situation,2022-06-04 01:05:56,2022-06-04 01:07:40
2022-06-04 12:07:14,2022-06-04 12:08:13,Free_Living,annotator,Experimental situation,2022-06-04 01:07:40,2022-06-04 01:08:39
2022-06-04 12:08:13,2022-06-04 12:08:54,Free_Living,annotator,Experimental situation,2022-06-04 01:08:39,2022-06-04 01:09:20
2022-06-04 12:08:54,2022-06-04 12:10:02,Free_Living,annotator,Experimental situation,2022-06-04 01:09:20,2022-06-04 01:10:28
2022-06-04 12:10:02,2022-06-04 12:10:27,Free_Living,annotator,Experimental situation,2022-06-04 01:10:28,2022-06-04 01:10:53
2022-06-04 12:10:27,2022-06-04 12:10:45,Free_Living,annotator,Experimental situation,2022-06-04 01:10:53,2022-06-04 01:11:11
2022-06-04 12:10:45,2022-06-04 12:11:07,Free_Living,annotator,Experimental situation,2022-06-04 01:11:11,2022-06-04 01:11:33
2022-06-04 12:11:07,2022-06-04 12:11:31,Free_Living,annotator,Experimental situation,2022-06-04 01:11:33,2022-06-04 01:11:57
2022-06-04 12:11:31,2022-06-04 12:11:35,Free_Living,annotator,Experimental situation,2022-06-04 01:11:57,2022-06-04 01:12:01
2022-06-04 12:11:35,2022-06-04 12:11:39,Free_Living,annotator,Experimental situation,2022-06-04 01:12:01,2022-06-04 01:12:05
2022-06-04 12:11:39,2022-06-04 12:13:38,Free_Living,annotator,Experimental situation,2022-06-04 01:12:05,2022-06-04 01:14:04
2022-06-04 12:13:38,2022-06-04 12:13:54,Free_Living,annotator,Experimental situation,2022-06-04 01:14:04,2022-06-04 01:14:20
2022-06-04 12:13:54,2022-06-04 12:14:08,Free_Living,annotator,Experimental situation,2022-06-04 01:14:20,2022-06-04 01:14:34
2022-06-04 12:14:08,2022-06-04 12:15:02,Free_Living,annotator,Experimental situation,2022-06-04 01:14:34,2022-06-04 01:15:28
2022-06-04 12:15:02,2022-06-04 12:15:28,Free_Living,annotator,Experimental situation,2022-06-04 01:15:28,2022-06-04 01:15:54
2022-06-04 12:15:28,2022-06-04 12:23:48,Free_Living,annotator,Experimental situation,2022-06-04 01:15:54,2022-06-04 01:24:14
2022-06-04 12:23:48,2022-06-04 12:28:41,Free_Living,annotator,Experimental situation,2022-06-04 01:24:14,2022-06-04 01:29:07
2022-06-04 12:28:41,2022-06-04 12:28:59,Free_Living,annotator,Experimental situation,2022-06-04 01:29:07,2022-06-04 01:29:25
2022-06-04 12:28:59,2022-06-04 12:29:22,Free_Living,annotator,Experimental situation,2022-06-04 01:29:25,2022-06-04 01:29:48
2022-06-04 12:29:22,2022-06-04 12:29:49,Free_Living,annotator,Experimental situation,2022-06-04 01:29:48,2022-06-04 01:30:15
2022-06-04 12:29:49,2022-06-04 12:29:58,Free_Living,annotator,Experimental situation,2022-06-04 01:30:15,2022-06-04 01:30:24
2022-06-04 12:29:58,2022-06-04 12:30:18,Free_Living,annotator,Experimental situation,2022-06-04 01:30:24,2022-06-04 01:30:44
2022-06-04 12:30:18,2022-06-04 12:30:56,Free_Living,annotator,Experimental situation,2022-06-04 01:30:44,2022-06-04 01:31:22
2022-06-04 12:30:56,2022-06-04 12:31:22,Free_Living,annotator,Experimental situation,2022-06-04 01:31:22,2022-06-04 01:31:48
2022-06-04 12:31:22,2022-06-04 12:31:27,Free_Living,annotator,Experimental situation,2022-06-04 01:31:48,2022-06-04 01:31:53
2022-06-04 12:31:27,2022-06-04 12:32:23,Free_Living,annotator,Experimental situation,2022-06-04 01:31:53,2022-06-04 01:32:49
2022-06-04 12:32:23,2022-06-04 12:33:01,Free_Living,annotator,Experimental situation,2022-06-04 01:32:49,2022-06-04 01:33:27
2022-06-04 12:33:01,2022-06-04 12:33:10,Free_Living,annotator,Experimental situation,2022-06-04 01:33:27,2022-06-04 01:33:36
2022-06-04 12:33:10,2022-06-04 12:33:50,Free_Living,annotator,Experimental situation,2022-06-04 01:33:36,2022-06-04 01:34:16
2022-06-04 12:33:53,2022-06-04 12:34:38,Free_Living,annotator,Experimental situation,2022-06-04 01:34:19,2022-06-04 01:35:04
2022-06-04 12:34:38,2022-06-04 12:35:05,Free_Living,annotator,Experimental situation,2022-06-04 01:35:04,2022-06-04 01:35:31
2022-06-04 12:35:05,2022-06-04 12:35:37,Free_Living,annotator,Experimental situation,2022-06-04 01:35:31,2022-06-04 01:36:03
2022-06-04 12:35:37,2022-06-04 12:37:17,Free_Living,annotator,Experimental situation,2022-06-04 01:36:03,2022-06-04 01:37:43
2022-06-04 12:37:17,2022-06-04 12:41:39,Free_Living,annotator,Experimental situation,2022-06-04 01:37:43,2022-06-04 01:42:05
2022-06-04 12:41:39,2022-06-04 12:42:10,Free_Living,annotator,Experimental situation,2022-06-04 01:42:05,2022-06-04 01:42:36
2022-06-04 12:42:10,2022-06-04 12:45:47,Free_Living,annotator,Experimental situation,2022-06-04 01:42:36,2022-06-04 01:46:13
2022-06-04 12:45:47,2022-06-04 12:46:08,Free_Living,annotator,Experimental situation,2022-06-04 01:46:13,2022-06-04 01:46:34
2022-06-04 12:46:08,2022-06-04 12:46:22,Free_Living,annotator,Experimental situation,2022-06-04 01:46:34,2022-06-04 01:46:48
2022-06-04 12:46:22,2022-06-04 12:46:34,Free_Living,annotator,Experimental situation,2022-06-04 01:46:48,2022-06-04 01:47:00
2022-06-04 12:46:34,2022-06-04 12:49:29,Free_Living,annotator,Experimental situation,2022-06-04 01:47:00,2022-06-04 01:49:55
2022-06-04 12:49:29,2022-06-04 12:49:42,Free_Living,annotator,Experimental situation,2022-06-04 01:49:55,2022-06-04 01:50:08
2022-06-04 12:49:42,2022-06-04 12:50:17,Free_Living,annotator,Experimental situation,2022-06-04 01:50:08,2022-06-04 01:50:43
2022-06-04 12:50:17,2022-06-04 12:50:32,Free_Living,annotator,Experimental situation,2022-06-04 01:50:43,2022-06-04 01:50:58
2022-06-04 12:50:32,2022-06-04 12:51:04,Free_Living,annotator,Experimental situation,2022-06-04 01:50:58,2022-06-04 01:51:30
2022-06-04 12:51:04,2022-06-04 13:11:49,Free_Living,annotator,Experimental situation,2022-06-04 01:51:30,2022-06-04 02:12:15
2022-06-04 13:11:49,2022-06-04 13:11:54,Free_Living,annotator,Experimental situation,2022-06-04 02:12:15,2022-06-04 02:12:20
2022-06-04 13:11:54,2022-06-04 13:12:44,Free_Living,annotator,Experimental situation,2022-06-04 02:12:20,2022-06-04 02:13:10
2022-06-04 13:12:44,2022-06-04 13:13:48,Free_Living,annotator,Experimental situation,2022-06-04 02:13:10,2022-06-04 02:14:14
2022-06-04 13:13:48,2022-06-04 13:14:37,Free_Living,annotator,Experimental situation,2022-06-04 02:14:14,2022-06-04 02:15:03
2022-06-04 13:14:37,2022-06-04 13:15:52,Free_Living,annotator,Experimental situation,2022-06-04 02:15:03,2022-06-04 02:16:18
2022-06-04 13:15:52,2022-06-04 13:23:15,Free_Living,annotator,Experimental situation,2022-06-04 02:16:18,2022-06-04 02:23:41
2022-06-04 13:23:15,2022-06-04 13:23:48,Free_Living,annotator,Experimental situation,2022-06-04 02:23:41,2022-06-04 02:24:14
2022-06-04 13:23:48,2022-06-04 13:25:01,Free_Living,annotator,Experimental situation,2022-06-04 02:24:14,2022-06-04 02:25:27
2022-06-04 13:25:01,2022-06-04 13:25:46,Free_Living,annotator,Experimental situation,2022-06-04 02:25:27,2022-06-04 02:26:12
2022-06-04 13:25:46,2022-06-04 13:25:51,Free_Living,annotator,Experimental situation,2022-06-04 02:26:12,2022-06-04 02:26:17
2022-06-04 13:25:51,2022-06-04 13:26:24,Free_Living,annotator,Experimental situation,2022-06-04 02:26:17,2022-06-04 02:26:50
2022-06-04 13:26:24,2022-06-04 13:26:33,Free_Living,annotator,Experimental situation,2022-06-04 02:26:50,2022-06-04 02:26:59
2022-06-04 13:26:33,2022-06-04 13:27:19,Free_Living,annotator,Experimental situation,2022-06-04 02:26:59,2022-06-04 02:27:45
2022-06-04 13:27:19,2022-06-04 13:27:57,Free_Living,annotator,Experimental situation,2022-06-04 02:27:45,2022-06-04 02:28:23
2022-06-04 13:27:57,2022-06-04 13:28:37,Free_Living,annotator,Experimental situation,2022-06-04 02:28:23,2022-06-04 02:29:03
2022-06-04 13:28:37,2022-06-04 13:30:57,Free_Living,annotator,Experimental situation,2022-06-04 02:29:03,2022-06-04 02:31:23
2022-06-04 13:30:57,2022-06-04 13:31:19,Free_Living,annotator,Experimental situation,2022-06-04 02:31:23,2022-06-04 02:31:45
2022-06-04 13:31:19,2022-06-04 13:31:47,Free_Living,annotator,Experimental situation,2022-06-04 02:31:45,2022-06-04 02:32:13
2022-06-04 13:31:47,2022-06-04 13:31:57,Free_Living,annotator,Experimental situation,2022-06-04 02:32:13,2022-06-04 02:32:23
2022-06-04 13:31:57,2022-06-04 13:32:13,Free_Living,annotator,Experimental situation,2022-06-04 02:32:23,2022-06-04 02:32:39
2022-06-04 13:32:13,2022-06-04 13:32:22,Free_Living,annotator,Experimental situation,2022-06-04 02:32:39,2022-06-04 02:32:48
2022-06-04 13:32:22,2022-06-04 13:32:56,Free_Living,annotator,Experimental situation,2022-06-04 02:32:48,2022-06-04 02:33:22
2022-06-04 13:32:56,2022-06-04 13:33:08,Free_Living,annotator,Experimental situation,2022-06-04 02:33:22,2022-06-04 02:33:34
2022-06-04 13:33:08,2022-06-04 13:34:21,Free_Living,annotator,Experimental situation,2022-06-04 02:33:34,2022-06-04 02:34:47
2022-06-04 13:34:21,2022-06-04 13:34:25,Free_Living,annotator,Experimental situation,2022-06-04 02:34:47,2022-06-04 02:34:51
2022-06-04 13:34:25,2022-06-04 13:35:20,Free_Living,annotator,Experimental situation,2022-06-04 02:34:51,2022-06-04 02:35:46
2022-06-04 13:35:20,2022-06-04 13:36:29,Free_Living,annotator,Experimental situation,2022-06-04 02:35:46,2022-06-04 02:36:55
2022-06-04 13:36:29,2022-06-04 13:36:39,Free_Living,annotator,Experimental situation,2022-06-04 02:36:55,2022-06-04 02:37:05
2022-06-04 13:36:39,2022-06-04 13:36:44,Free_Living,annotator,Experimental situation,2022-06-04 02:37:05,2022-06-04 02:37:10
2022-06-04 13:36:44,2022-06-04 13:37:25,Free_Living,annotator,Experimental situation,2022-06-04 02:37:10,2022-06-04 02:37:51
2022-06-04 13:37:25,2022-06-04 13:38:36,Free_Living,annotator,Experimental situation,2022-06-04 02:37:51,2022-06-04 02:39:02
2022-06-04 13:38:36,2022-06-04 13:39:13,Free_Living,annotator,Experimental situation,2022-06-04 02:39:02,2022-06-04 02:39:39
2022-06-04 13:39:13,2022-06-04 13:39:21,Free_Living,annotator,Experimental situation,2022-06-04 02:39:39,2022-06-04 02:39:47
2022-06-04 13:39:21,2022-06-04 13:39:37,Free_Living,annotator,Experimental situation,2022-06-04 02:39:47,2022-06-04 02:40:03
2022-06-04 13:39:37,2022-06-04 13:40:13,Free_Living,annotator,Experimental situation,2022-06-04 02:40:03,2022-06-04 02:40:39
2022-06-04 13:40:13,2022-06-04 13:41:38,Free_Living,annotator,Experimental situation,2022-06-04 02:40:39,2022-06-04 02:42:04
2022-06-04 13:41:38,2022-06-04 13:42:41,Free_Living,annotator,Experimental situation,2022-06-04 02:42:04,2022-06-04 02:43:07
2022-06-04 13:42:41,2022-06-04 13:43:10,Free_Living,annotator,Experimental situation,2022-06-04 02:43:07,2022-06-04 02:43:36
2022-06-04 13:43:10,2022-06-04 13:44:14,Free_Living,annotator,Experimental situation,2022-06-04 02:43:36,2022-06-04 02:44:40
2022-06-04 13:44:14,2022-06-04 13:45:00,Free_Living,annotator,Experimental situation,2022-06-04 02:44:40,2022-06-04 02:45:26
2022-06-04 13:45:00,2022-06-04 13:47:41,Free_Living,annotator,Experimental situation,2022-06-04 02:45:26,2022-06-04 02:48:07
2022-06-04 13:47:41,2022-06-04 13:48:00,Free_Living,annotator,Experimental situation,2022-06-04 02:48:07,2022-06-04 02:48:26
2022-06-04 13:48:00,2022-06-04 13:48:24,Free_Living,annotator,Experimental situation,2022-06-04 02:48:26,2022-06-04 02:48:50
2022-06-04 13:48:24,2022-06-04 13:48:35,Free_Living,annotator,Experimental situation,2022-06-04 02:48:50,2022-06-04 02:49:01
2022-06-04 13:48:24,2022-06-04 13:48:24,Free_Living,annotator,Experimental situation,2022-06-04 02:48:50,2022-06-04 02:48:50
2022-06-04 13:48:35,2022-06-04 13:50:56,Free_Living,annotator,Experimental situation,2022-06-04 02:49:01,2022-06-04 02:51:22
2022-06-04 13:50:56,2022-06-04 13:51:13,Free_Living,annotator,Experimental situation,2022-06-04 02:51:22,2022-06-04 02:51:39
2022-06-04 13:51:13,2022-06-04 13:51:31,Free_Living,annotator,Experimental situation,2022-06-04 02:51:39,2022-06-04 02:51:57
2022-06-04 13:51:31,2022-06-04 13:51:48,Free_Living,annotator,Experimental situation,2022-06-04 02:51:57,2022-06-04 02:52:14
2022-06-04 13:51:48,2022-06-04 13:53:12,Free_Living,annotator,Experimental situation,2022-06-04 02:52:14,2022-06-04 02:53:38
2022-06-04 13:53:12,2022-06-04 13:53:27,Free_Living,annotator,Experimental situation,2022-06-04 02:53:38,2022-06-04 02:53:53
2022-06-04 13:53:27,2022-06-04 13:53:54,Free_Living,annotator,Experimental situation,2022-06-04 02:53:53,2022-06-04 02:54:20
2022-06-04 13:53:54,2022-06-04 13:54:03,Free_Living,annotator,Experimental situation,2022-06-04 02:54:20,2022-06-04 02:54:29
2022-06-04 13:54:03,2022-06-04 13:56:03,Free_Living,annotator,Experimental situation,2022-06-04 02:54:29,2022-06-04 02:56:29
2022-06-04 13:56:03,2022-06-04 13:56:17,Free_Living,annotator,Experimental situation,2022-06-04 02:56:29,2022-06-04 02:56:43
2022-06-04 13:56:17,2022-06-04 13:56:23,Free_Living,annotator,Experimental situation,2022-06-04 02:56:43,2022-06-04 02:56:49
2022-06-04 13:56:23,2022-06-04 13:56:32,Free_Living,annotator,Experimental situation,2022-06-04 02:56:49,2022-06-04 02:56:58
2022-06-04 13:56:32,2022-06-04 13:56:49,Free_Living,annotator,Experimental situation,2022-06-04 02:56:58,2022-06-04 02:57:15
2022-06-04 13:56:49,2022-06-04 13:57:11,Free_Living,annotator,Experimental situation,2022-06-04 02:57:15,2022-06-04 02:57:37
2022-06-04 13:57:11,2022-06-04 13:57:39,Free_Living,annotator,Experimental situation,2022-06-04 02:57:37,2022-06-04 02:58:05
2022-06-04 13:57:39,2022-06-04 13:58:35,Free_Living,annotator,Experimental situation,2022-06-04 02:58:05,2022-06-04 02:59:01
2022-06-04 13:58:35,2022-06-04 13:58:44,Free_Living,annotator,Experimental situation,2022-06-04 02:59:01,2022-06-04 02:59:10
2022-06-04 13:58:44,2022-06-04 13:59:12,Free_Living,annotator,Experimental situation,2022-06-04 02:59:10,2022-06-04 02:59:38
2022-06-04 13:59:12,2022-06-04 13:59:20,Free_Living,annotator,Experimental situation,2022-06-04 02:59:38,2022-06-04 02:59:46
2022-06-04 13:59:20,2022-06-04 14:00:17,Free_Living,annotator,Experimental situation,2022-06-04 02:59:46,2022-06-04 03:00:43
2022-06-04 14:00:17,2022-06-04 14:00:23,Free_Living,annotator,Experimental situation,2022-06-04 03:00:43,2022-06-04 03:00:49
2022-06-04 14:00:23,2022-06-04 14:00:36,Free_Living,annotator,Experimental situation,2022-06-04 03:00:49,2022-06-04 03:01:02
2022-06-04 14:00:36,2022-06-04 14:00:43,Free_Living,annotator,Experimental situation,2022-06-04 03:01:02,2022-06-04 03:01:09
2022-06-04 14:00:43,2022-06-04 14:01:08,Free_Living,annotator,Experimental situation,2022-06-04 03:01:09,2022-06-04 03:01:34
2022-06-04 14:01:08,2022-06-04 14:01:14,Free_Living,annotator,Experimental situation,2022-06-04 03:01:34,2022-06-04 03:01:40
2022-06-04 14:01:14,2022-06-04 14:01:27,Free_Living,annotator,Experimental situation,2022-06-04 03:01:40,2022-06-04 03:01:53
2022-06-04 14:01:27,2022-06-04 14:01:38,Free_Living,annotator,Experimental situation,2022-06-04 03:01:53,2022-06-04 03:02:04
2022-06-04 14:01:38,2022-06-04 14:02:46,Free_Living,annotator,Experimental situation,2022-06-04 03:02:04,2022-06-04 03:03:12
2022-06-04 14:02:46,2022-06-04 14:03:06,Free_Living,annotator,Experimental situation,2022-06-04 03:03:12,2022-06-04 03:03:32
2022-06-04 14:03:06,2022-06-04 14:03:22,Free_Living,annotator,Experimental situation,2022-06-04 03:03:32,2022-06-04 03:03:48
2022-06-04 14:03:22,2022-06-04 14:04:02,Free_Living,annotator,Experimental situation,2022-06-04 03:03:48,2022-06-04 03:04:28
2022-06-04 14:04:02,2022-06-04 14:04:33,Free_Living,annotator,Experimental situation,2022-06-04 03:04:28,2022-06-04 03:04:59
2022-06-04 14:04:33,2022-06-04 14:04:42,Free_Living,annotator,Experimental situation,2022-06-04 03:04:59,2022-06-04 03:05:08
2022-06-04 14:04:42,2022-06-04 14:05:43,Free_Living,annotator,Experimental situation,2022-06-04 03:05:08,2022-06-04 03:06:09
2022-06-04 14:05:43,2022-06-04 14:06:28,Free_Living,annotator,Experimental situation,2022-06-04 03:06:09,2022-06-04 03:06:54
2022-06-04 14:06:28,2022-06-04 14:06:36,Free_Living,annotator,Experimental situation,2022-06-04 03:06:54,2022-06-04 03:07:02
2022-06-04 14:06:36,2022-06-04 14:06:48,Free_Living,annotator,Experimental situation,2022-06-04 03:07:02,2022-06-04 03:07:14
2022-06-04 14:06:48,2022-06-04 14:07:19,Free_Living,annotator,Experimental situation,2022-06-04 03:07:14,2022-06-04 03:07:45
2022-06-04 14:07:19,2022-06-04 14:07:35,Free_Living,annotator,Experimental situation,2022-06-04 03:07:45,2022-06-04 03:08:01
2022-06-04 14:07:35,2022-06-04 14:09:33,Free_Living,annotator,Experimental situation,2022-06-04 03:08:01,2022-06-04 03:09:59
2022-06-04 14:09:33,2022-06-04 14:09:41,Free_Living,annotator,Experimental situation,2022-06-04 03:09:59,2022-06-04 03:10:07
2022-06-04 14:09:41,2022-06-04 14:10:22,Free_Living,annotator,Experimental situation,2022-06-04 03:10:07,2022-06-04 03:10:48
2022-06-04 14:10:22,2022-06-04 14:10:32,Free_Living,annotator,Experimental situation,2022-06-04 03:10:48,2022-06-04 03:10:58
2022-06-04 14:10:32,2022-06-04 14:10:53,Free_Living,annotator,Experimental situation,2022-06-04 03:10:58,2022-06-04 03:11:19
2022-06-04 14:10:53,2022-06-04 14:11:09,Free_Living,annotator,Experimental situation,2022-06-04 03:11:19,2022-06-04 03:11:35
2022-06-04 14:11:09,2022-06-04 14:13:42,Free_Living,annotator,Experimental situation,2022-06-04 03:11:35,2022-06-04 03:14:08
2022-06-04 14:13:42,2022-06-04 14:14:32,Free_Living,annotator,Experimental situation,2022-06-04 03:14:08,2022-06-04 03:14:58
2022-06-04 14:14:32,2022-06-04 14:16:20,Free_Living,annotator,Experimental situation,2022-06-04 03:14:58,2022-06-04 03:16:46
2022-06-04 14:16:20,2022-06-04 14:16:56,Free_Living,annotator,Experimental situation,2022-06-04 03:16:46,2022-06-04 03:17:22
2022-06-04 14:16:56,2022-06-04 14:16:59,Free_Living,annotator,Experimental situation,2022-06-04 03:17:22,2022-06-04 03:17:25
2022-06-04 14:16:59,2022-06-04 14:18:35,Free_Living,annotator,Experimental situation,2022-06-04 03:17:25,2022-06-04 03:19:01
2022-06-04 14:18:35,2022-06-04 14:18:50,Free_Living,annotator,Experimental situation,2022-06-04 03:19:01,2022-06-04 03:19:16
2022-06-04 14:18:50,2022-06-04 14:19:00,Free_Living,annotator,Experimental situation,2022-06-04 03:19:16,2022-06-04 03:19:26
2022-06-04 14:19:00,2022-06-04 14:19:12,Free_Living,annotator,Experimental situation,2022-06-04 03:19:26,2022-06-04 03:19:38
2022-06-04 14:19:12,2022-06-04 14:19:48,Free_Living,annotator,Experimental situation,2022-06-04 03:19:38,2022-06-04 03:20:14
2022-06-04 14:19:48,2022-06-04 14:20:23,Free_Living,annotator,Experimental situation,2022-06-04 03:20:14,2022-06-04 03:20:49
2022-06-04 14:20:23,2022-06-04 14:20:40,Free_Living,annotator,Experimental situation,2022-06-04 03:20:49,2022-06-04 03:21:06
2022-06-04 14:20:40,2022-06-04 14:21:05,Free_Living,annotator,Experimental situation,2022-06-04 03:21:06,2022-06-04 03:21:31
2022-06-04 14:21:05,2022-06-04 14:21:20,Free_Living,annotator,Experimental situation,2022-06-04 03:21:31,2022-06-04 03:21:46
2022-06-04 14:21:20,2022-06-04 14:21:35,Free_Living,annotator,Experimental situation,2022-06-04 03:21:46,2022-06-04 03:22:01
2022-06-04 14:21:35,2022-06-04 14:22:04,Free_Living,annotator,Experimental situation,2022-06-04 03:22:01,2022-06-04 03:22:30
2022-06-04 14:22:04,2022-06-04 14:23:48,Free_Living,annotator,Experimental situation,2022-06-04 03:22:30,2022-06-04 03:24:14
2022-06-04 14:23:48,2022-06-04 14:24:15,Free_Living,annotator,Experimental situation,2022-06-04 03:24:14,2022-06-04 03:24:41
2022-06-04 14:24:15,2022-06-04 14:25:52,Free_Living,annotator,Experimental situation,2022-06-04 03:24:41,2022-06-04 03:26:18
2022-06-04 14:25:52,2022-06-04 14:26:40,Free_Living,annotator,Experimental situation,2022-06-04 03:26:18,2022-06-04 03:27:06
2022-06-04 14:26:40,2022-06-04 14:26:53,Free_Living,annotator,Experimental situation,2022-06-04 03:27:06,2022-06-04 03:27:19
2022-06-04 14:26:53,2022-06-04 14:27:24,Free_Living,annotator,Experimental situation,2022-06-04 03:27:19,2022-06-04 03:27:50
2022-06-04 14:27:24,2022-06-04 14:28:34,Free_Living,annotator,Experimental situation,2022-06-04 03:27:50,2022-06-04 03:29:00
2022-06-04 14:28:34,2022-06-04 14:28:56,Free_Living,annotator,Experimental situation,2022-06-04 03:29:00,2022-06-04 03:29:22
2022-06-04 14:28:56,2022-06-04 14:29:09,Free_Living,annotator,Experimental situation,2022-06-04 03:29:22,2022-06-04 03:29:35
2022-06-04 14:29:09,2022-06-04 14:29:40,Free_Living,annotator,Experimental situation,2022-06-04 03:29:35,2022-06-04 03:30:06
2022-06-04 14:29:40,2022-06-04 14:31:27,Free_Living,annotator,Experimental situation,2022-06-04 03:30:06,2022-06-04 03:31:53
2022-06-04 14:31:27,2022-06-04 14:32:20,Free_Living,annotator,Experimental situation,2022-06-04 03:31:53,2022-06-04 03:32:46
2022-06-04 14:32:20,2022-06-04 14:33:41,Free_Living,annotator,Experimental situation,2022-06-04 03:32:46,2022-06-04 03:34:07
2022-06-04 14:33:41,2022-06-04 14:34:57,Free_Living,annotator,Experimental situation,2022-06-04 03:34:07,2022-06-04 03:35:23
2022-06-04 14:34:57,2022-06-04 14:35:13,Free_Living,annotator,Experimental situation,2022-06-04 03:35:23,2022-06-04 03:35:39
2022-06-04 14:35:13,2022-06-04 14:35:29,Free_Living,annotator,Experimental situation,2022-06-04 03:35:39,2022-06-04 03:35:55
2022-06-04 14:35:29,2022-06-04 14:38:40,Free_Living,annotator,Experimental situation,2022-06-04 03:35:55,2022-06-04 03:39:06
2022-06-04 14:38:40,2022-06-04 14:39:08,Free_Living,annotator,Experimental situation,2022-06-04 03:39:06,2022-06-04 03:39:34
2022-06-04 14:39:08,2022-06-04 14:39:14,Free_Living,annotator,Experimental situation,2022-06-04 03:39:34,2022-06-04 03:39:40
2022-06-04 14:39:14,2022-06-04 14:39:31,Free_Living,annotator,Experimental situation,2022-06-04 03:39:40,2022-06-04 03:39:57
2022-06-04 14:39:31,2022-06-04 14:40:05,Free_Living,annotator,Experimental situation,2022-06-04 03:39:57,2022-06-04 03:40:31
2022-06-04 14:40:05,2022-06-04 14:40:59,Free_Living,annotator,Experimental situation,2022-06-04 03:40:31,2022-06-04 03:41:25
2022-06-04 14:40:59,2022-06-04 14:41:06,Free_Living,annotator,Experimental situation,2022-06-04 03:41:25,2022-06-04 03:41:32
2022-06-04 14:41:06,2022-06-04 14:41:27,Free_Living,annotator,Experimental situation,2022-06-04 03:41:32,2022-06-04 03:41:53
2022-06-04 14:41:27,2022-06-04 14:42:23,Free_Living,annotator,Experimental situation,2022-06-04 03:41:53,2022-06-04 03:42:49
2022-06-04 14:42:23,2022-06-04 14:42:28,Free_Living,annotator,Experimental situation,2022-06-04 03:42:49,2022-06-04 03:42:54
2022-06-04 14:42:28,2022-06-04 14:43:08,Free_Living,annotator,Experimental situation,2022-06-04 03:42:54,2022-06-04 03:43:34
2022-06-04 14:43:08,2022-06-04 14:44:27,Free_Living,annotator,Experimental situation,2022-06-04 03:43:34,2022-06-04 03:44:53
2022-06-04 14:44:27,2022-06-04 14:44:39,Free_Living,annotator,Experimental situation,2022-06-04 03:44:53,2022-06-04 03:45:05
2022-06-04 14:44:39,2022-06-04 14:45:02,Free_Living,annotator,Experimental situation,2022-06-04 03:45:05,2022-06-04 03:45:28
2022-06-04 14:45:02,2022-06-04 14:45:08,Free_Living,annotator,Experimental situation,2022-06-04 03:45:28,2022-06-04 03:45:34
2022-06-04 14:45:08,2022-06-04 14:45:18,Free_Living,annotator,Experimental situation,2022-06-04 03:45:34,2022-06-04 03:45:44
2022-06-04 14:45:18,2022-06-04 14:45:58,Free_Living,annotator,Experimental situation,2022-06-04 03:45:44,2022-06-04 03:46:24
2022-06-04 14:45:58,2022-06-04 14:46:54,Free_Living,annotator,Experimental situation,2022-06-04 03:46:24,2022-06-04 03:47:20
2022-06-04 14:46:54,2022-06-04 14:47:09,Free_Living,annotator,Experimental situation,2022-06-04 03:47:20,2022-06-04 03:47:35
2022-06-04 14:47:09,2022-06-04 14:47:17,Free_Living,annotator,Experimental situation,2022-06-04 03:47:35,2022-06-04 03:47:43
2022-06-04 14:47:17,2022-06-04 14:47:44,Free_Living,annotator,Experimental situation,2022-06-04 03:47:43,2022-06-04 03:48:10
2022-06-04 14:47:44,2022-06-04 14:47:59,Free_Living,annotator,Experimental situation,2022-06-04 03:48:10,2022-06-04 03:48:25
2022-06-04 14:47:59,2022-06-04 14:48:21,Free_Living,annotator,Experimental situation,2022-06-04 03:48:25,2022-06-04 03:48:47
2022-06-04 14:48:21,2022-06-04 14:48:28,Free_Living,annotator,Experimental situation,2022-06-04 03:48:47,2022-06-04 03:48:54
2022-06-04 14:48:28,2022-06-04 14:48:55,Free_Living,annotator,Experimental situation,2022-06-04 03:48:54,2022-06-04 03:49:21
2022-06-04 14:48:55,2022-06-04 14:49:10,Free_Living,annotator,Experimental situation,2022-06-04 03:49:21,2022-06-04 03:49:36
2022-06-04 14:49:10,2022-06-04 14:53:59,Free_Living,annotator,Experimental situation,2022-06-04 03:49:36,2022-06-04 03:54:25
2022-06-04 14:53:59,2022-06-04 14:54:10,Free_Living,annotator,Experimental situation,2022-06-04 03:54:25,2022-06-04 03:54:36
2022-06-04 14:54:10,2022-06-04 14:54:27,Free_Living,annotator,Experimental situation,2022-06-04 03:54:36,2022-06-04 03:54:53
2022-06-04 14:54:27,2022-06-04 14:54:57,Free_Living,annotator,Experimental situation,2022-06-04 03:54:53,2022-06-04 03:55:23
2022-06-04 14:54:57,2022-06-04 14:55:19,Free_Living,annotator,Experimental situation,2022-06-04 03:55:23,2022-06-04 03:55:45
2022-06-04 14:55:19,2022-06-04 14:55:26,Free_Living,annotator,Experimental situation,2022-06-04 03:55:45,2022-06-04 03:55:52
2022-06-04 14:55:26,2022-06-04 14:57:44,Free_Living,annotator,Experimental situation,2022-06-04 03:55:52,2022-06-04 03:58:10
2022-06-04 14:57:44,2022-06-04 14:58:21,Free_Living,annotator,Experimental situation,2022-06-04 03:58:10,2022-06-04 03:58:47
2022-06-04 14:58:21,2022-06-04 14:59:35,Free_Living,annotator,Experimental situation,2022-06-04 03:58:47,2022-06-04 04:00:01
2022-06-04 14:59:35,2022-06-04 15:00:44,Free_Living,annotator,Experimental situation,2022-06-04 04:00:01,2022-06-04 04:01:10
2022-06-04 15:00:44,2022-06-04 15:01:21,Free_Living,annotator,Experimental situation,2022-06-04 04:01:10,2022-06-04 04:01:47
2022-06-04 15:01:21,2022-06-04 15:01:56,Free_Living,annotator,Experimental situation,2022-06-04 04:01:47,2022-06-04 04:02:22
2022-06-04 15:01:56,2022-06-04 15:02:07,Free_Living,annotator,Experimental situation,2022-06-04 04:02:22,2022-06-04 04:02:33
2022-06-04 15:02:07,2022-06-04 15:04:59,Free_Living,annotator,Experimental situation,2022-06-04 04:02:33,2022-06-04 04:05:25
2022-06-04 15:04:59,2022-06-04 15:05:48,Free_Living,annotator,Experimental situation,2022-06-04 04:05:25,2022-06-04 04:06:14
2022-06-04 15:05:48,2022-06-04 15:05:56,Free_Living,annotator,Experimental situation,2022-06-04 04:06:14,2022-06-04 04:06:22
2022-06-04 15:05:56,2022-06-04 15:06:15,Free_Living,annotator,Experimental situation,2022-06-04 04:06:22,2022-06-04 04:06:41
2022-06-04 15:06:19,2022-06-04 15:06:37,Free_Living,annotator,Experimental situation,2022-06-04 04:06:45,2022-06-04 04:07:03
2022-06-04 15:06:35,2022-06-04 15:08:35,Free_Living,annotator,Experimental situation,2022-06-04 04:07:01,2022-06-04 04:09:01
2022-06-04 15:08:36,2022-06-04 15:08:58,Free_Living,annotator,Experimental situation,2022-06-04 04:09:02,2022-06-04 04:09:24
2022-06-04 15:08:58,2022-06-04 15:09:26,Free_Living,annotator,Experimental situation,2022-06-04 04:09:24,2022-06-04 04:09:52
2022-06-04 15:09:26,2022-06-04 15:10:00,Free_Living,annotator,Experimental situation,2022-06-04 04:09:52,2022-06-04 04:10:26
2022-06-04 15:10:00,2022-06-04 15:10:17,Free_Living,annotator,Experimental situation,2022-06-04 04:10:26,2022-06-04 04:10:43
2022-06-04 15:10:17,2022-06-04 15:11:56,Free_Living,annotator,Experimental situation,2022-06-04 04:10:43,2022-06-04 04:12:22
2022-06-04 15:11:56,2022-06-04 15:12:11,Free_Living,annotator,Experimental situation,2022-06-04 04:12:22,2022-06-04 04:12:37
2022-06-04 15:12:11,2022-06-04 15:12:40,Free_Living,annotator,Experimental situation,2022-06-04 04:12:37,2022-06-04 04:13:06
2022-06-04 15:12:40,2022-06-04 15:13:03,Free_Living,annotator,Experimental situation,2022-06-04 04:13:06,2022-06-04 04:13:29
2022-06-04 15:13:03,2022-06-04 15:13:31,Free_Living,annotator,Experimental situation,2022-06-04 04:13:29,2022-06-04 04:13:57
2022-06-04 15:13:31,2022-06-04 15:13:36,Free_Living,annotator,Experimental situation,2022-06-04 04:13:57,2022-06-04 04:14:02
2022-06-04 15:13:36,2022-06-04 15:14:07,Free_Living,annotator,Experimental situation,2022-06-04 04:14:02,2022-06-04 04:14:33
2022-06-04 15:14:07,2022-06-04 15:14:20,Free_Living,annotator,Experimental situation,2022-06-04 04:14:33,2022-06-04 04:14:46
2022-06-04 15:14:20,2022-06-04 15:14:28,Free_Living,annotator,Experimental situation,2022-06-04 04:14:46,2022-06-04 04:14:54
2022-06-04 15:14:28,2022-06-04 15:15:00,Free_Living,annotator,Experimental situation,2022-06-04 04:14:54,2022-06-04 04:15:26
2022-06-04 15:15:00,2022-06-04 15:15:17,Free_Living,annotator,Experimental situation,2022-06-04 04:15:26,2022-06-04 04:15:43
2022-06-04 15:15:17,2022-06-04 15:16:04,Free_Living,annotator,Experimental situation,2022-06-04 04:15:43,2022-06-04 04:16:30
2022-06-04 15:16:04,2022-06-04 15:16:35,Free_Living,annotator,Experimental situation,2022-06-04 04:16:30,2022-06-04 04:17:01
2022-06-04 15:16:35,2022-06-04 15:16:49,Free_Living,annotator,Experimental situation,2022-06-04 04:17:01,2022-06-04 04:17:15
2022-06-04 15:16:49,2022-06-04 15:17:19,Free_Living,annotator,Experimental situation,2022-06-04 04:17:15,2022-06-04 04:17:45
2022-06-04 15:17:20,2022-06-04 15:20:07,Free_Living,annotator,Experimental situation,2022-06-04 04:17:46,2022-06-04 04:20:33
2022-06-04 15:20:07,2022-06-04 15:20:29,Free_Living,annotator,Experimental situation,2022-06-04 04:20:33,2022-06-04 04:20:55
2022-06-04 15:20:29,2022-06-04 15:20:56,Free_Living,annotator,Experimental situation,2022-06-04 04:20:55,2022-06-04 04:21:22
2022-06-04 15:20:56,2022-06-04 15:21:20,Free_Living,annotator,Experimental situation,2022-06-04 04:21:22,2022-06-04 04:21:46
2022-06-04 15:21:20,2022-06-04 15:21:34,Free_Living,annotator,Experimental situation,2022-06-04 04:21:46,2022-06-04 04:22:00
2022-06-04 15:21:34,2022-06-04 15:21:53,Free_Living,annotator,Experimental situation,2022-06-04 04:22:00,2022-06-04 04:22:19
2022-06-04 15:21:53,2022-06-04 15:26:59,Free_Living,annotator,Experimental situation,2022-06-04 04:22:19,2022-06-04 04:27:25
2022-06-04 15:27:01,2022-06-04 15:28:24,Free_Living,annotator,Experimental situation,2022-06-04 04:27:27,2022-06-04 04:28:50
2022-06-04 15:28:24,2022-06-04 15:28:42,Free_Living,annotator,Experimental situation,2022-06-04 04:28:50,2022-06-04 04:29:08
2022-06-04 15:28:42,2022-06-04 15:29:03,Free_Living,annotator,Experimental situation,2022-06-04 04:29:08,2022-06-04 04:29:29
2022-06-04 15:29:03,2022-06-04 15:29:15,Free_Living,annotator,Experimental situation,2022-06-04 04:29:29,2022-06-04 04:29:41
2022-06-04 15:29:15,2022-06-04 15:29:55,Free_Living,annotator,Experimental situation,2022-06-04 04:29:41,2022-06-04 04:30:21
2022-06-04 15:29:55,2022-06-04 15:30:09,Free_Living,annotator,Experimental situation,2022-06-04 04:30:21,2022-06-04 04:30:35
2022-06-04 15:30:09,2022-06-04 15:30:27,Free_Living,annotator,Experimental situation,2022-06-04 04:30:35,2022-06-04 04:30:53
2022-06-04 15:30:27,2022-06-04 15:30:38,Free_Living,annotator,Experimental situation,2022-06-04 04:30:53,2022-06-04 04:31:04
2022-06-04 15:30:38,2022-06-04 15:32:34,Free_Living,annotator,Experimental situation,2022-06-04 04:31:04,2022-06-04 04:33:00
2022-06-04 15:32:35,2022-06-04 15:33:08,Free_Living,annotator,Experimental situation,2022-06-04 04:33:01,2022-06-04 04:33:34
2022-06-04 15:33:08,2022-06-04 15:34:08,Free_Living,annotator,Experimental situation,2022-06-04 04:33:34,2022-06-04 04:34:34
2022-06-04 15:34:08,2022-06-04 15:36:07,Free_Living,annotator,Experimental situation,2022-06-04 04:34:34,2022-06-04 04:36:33
2022-06-04 15:36:07,2022-06-04 15:36:12,Free_Living,annotator,Experimental situation,2022-06-04 04:36:33,2022-06-04 04:36:38
2022-06-04 15:36:12,2022-06-04 15:36:28,Free_Living,annotator,Experimental situation,2022-06-04 04:36:38,2022-06-04 04:36:54
2022-06-04 15:36:28,2022-06-04 15:36:48,Free_Living,annotator,Experimental situation,2022-06-04 04:36:54,2022-06-04 04:37:14
2022-06-04 15:36:48,2022-06-04 15:37:44,Free_Living,annotator,Experimental situation,2022-06-04 04:37:14,2022-06-04 04:38:10
2022-06-04 15:37:44,2022-06-04 15:37:47,Free_Living,annotator,Experimental situation,2022-06-04 04:38:10,2022-06-04 04:38:13
2022-06-04 15:37:47,2022-06-04 15:38:02,Free_Living,annotator,Experimental situation,2022-06-04 04:38:13,2022-06-04 04:38:28
2022-06-04 15:38:02,2022-06-04 15:38:55,Free_Living,annotator,Experimental situation,2022-06-04 04:38:28,2022-06-04 04:39:21
2022-06-04 15:38:55,2022-06-04 15:39:16,Free_Living,annotator,Experimental situation,2022-06-04 04:39:21,2022-06-04 04:39:42
2022-06-04 15:39:16,2022-06-04 15:39:59,Free_Living,annotator,Experimental situation,2022-06-04 04:39:42,2022-06-04 04:40:25
2022-06-04 15:39:59,2022-06-04 15:40:15,Free_Living,annotator,Experimental situation,2022-06-04 04:40:25,2022-06-04 04:40:41
2022-06-04 15:40:15,2022-06-04 15:40:21,Free_Living,annotator,Experimental situation,2022-06-04 04:40:41,2022-06-04 04:40:47
2022-06-04 15:40:21,2022-06-04 15:40:35,Free_Living,annotator,Experimental situation,2022-06-04 04:40:47,2022-06-04 04:41:01
2022-06-04 15:40:35,2022-06-04 15:40:48,Free_Living,annotator,Experimental situation,2022-06-04 04:41:01,2022-06-04 04:41:14
2022-06-04 15:40:48,2022-06-04 15:40:58,Free_Living,annotator,Experimental situation,2022-06-04 04:41:14,2022-06-04 04:41:24
2022-06-04 15:40:58,2022-06-04 15:41:10,Free_Living,annotator,Experimental situation,2022-06-04 04:41:24,2022-06-04 04:41:36
2022-06-04 15:41:10,2022-06-04 15:42:29,Free_Living,annotator,Experimental situation,2022-06-04 04:41:36,2022-06-04 04:42:55
2022-06-04 15:42:29,2022-06-04 15:43:30,Free_Living,annotator,Experimental situation,2022-06-04 04:42:55,2022-06-04 04:43:56
2022-06-04 15:43:30,2022-06-04 15:44:14,Free_Living,annotator,Experimental situation,2022-06-04 04:43:56,2022-06-04 04:44:40
2022-06-04 15:44:14,2022-06-04 15:44:30,Free_Living,annotator,Experimental situation,2022-06-04 04:44:40,2022-06-04 04:44:56
2022-06-04 15:44:30,2022-06-04 15:44:37,Free_Living,annotator,Experimental situation,2022-06-04 04:44:56,2022-06-04 04:45:03
2022-06-04 15:44:37,2022-06-04 15:44:50,Free_Living,annotator,Experimental situation,2022-06-04 04:45:03,2022-06-04 04:45:16
2022-06-04 15:44:50,2022-06-04 15:44:57,Free_Living,annotator,Experimental situation,2022-06-04 04:45:16,2022-06-04 04:45:23
2022-06-04 15:44:57,2022-06-04 15:45:07,Free_Living,annotator,Experimental situation,2022-06-04 04:45:23,2022-06-04 04:45:33
2022-06-04 15:45:07,2022-06-04 15:46:19,Free_Living,annotator,Experimental situation,2022-06-04 04:45:33,2022-06-04 04:46:45
2022-06-04 15:46:19,2022-06-04 15:46:41,Free_Living,annotator,Experimental situation,2022-06-04 04:46:45,2022-06-04 04:47:07
2022-06-04 15:46:41,2022-06-04 15:46:52,Free_Living,annotator,Experimental situation,2022-06-04 04:47:07,2022-06-04 04:47:18
2022-06-04 15:46:52,2022-06-04 15:47:02,Free_Living,annotator,Experimental situation,2022-06-04 04:47:18,2022-06-04 04:47:28
2022-06-04 15:47:02,2022-06-04 15:48:17,Free_Living,annotator,Experimental situation,2022-06-04 04:47:28,2022-06-04 04:48:43
2022-06-04 15:48:17,2022-06-04 15:48:45,Free_Living,annotator,Experimental situation,2022-06-04 04:48:43,2022-06-04 04:49:11
2022-06-04 15:48:45,2022-06-04 15:48:52,Free_Living,annotator,Experimental situation,2022-06-04 04:49:11,2022-06-04 04:49:18
2022-06-04 15:48:52,2022-06-04 15:49:08,Free_Living,annotator,Experimental situation,2022-06-04 04:49:18,2022-06-04 04:49:34
2022-06-04 15:49:08,2022-06-04 15:49:36,Free_Living,annotator,Experimental situation,2022-06-04 04:49:34,2022-06-04 04:50:02
2022-06-04 15:49:36,2022-06-04 15:49:53,Free_Living,annotator,Experimental situation,2022-06-04 04:50:02,2022-06-04 04:50:19
2022-06-04 15:49:53,2022-06-04 15:53:58,ES_VideoUnavailable/Indecipherable,annotator,Experimental situation,2022-06-04 04:50:19,2022-06-04 04:54:24
2022-06-04 15:53:58,2022-06-04 15:57:56,Free_Living,annotator,Experimental situation,2022-06-04 04:54:24,2022-06-04 04:58:22
2022-06-04 15:57:56,2022-06-04 15:59:33,Free_Living,annotator,Experimental situation,2022-06-04 04:58:22,2022-06-04 04:59:59
2022-06-04 15:59:33,2022-06-04 16:00:25,Free_Living,annotator,Experimental situation,2022-06-04 04:59:59,2022-06-04 05:00:51
2022-06-04 16:00:25,2022-06-04 16:05:54,Free_Living,annotator,Experimental situation,2022-06-04 05:00:51,2022-06-04 05:06:20
2022-06-04 16:05:54,2022-06-04 16:07:26,Free_Living,annotator,Experimental situation,2022-06-04 05:06:20,2022-06-04 05:07:52
2022-06-04 16:07:26,2022-06-04 16:07:33,Free_Living,annotator,Experimental situation,2022-06-04 05:07:52,2022-06-04 05:07:59
2022-06-04 16:07:33,2022-06-04 16:08:29,Free_Living,annotator,Experimental situation,2022-06-04 05:07:59,2022-06-04 05:08:55
2022-06-04 16:08:29,2022-06-04 16:08:34,Free_Living,annotator,Experimental situation,2022-06-04 05:08:55,2022-06-04 05:09:00
2022-06-04 16:08:34,2022-06-04 16:08:43,Free_Living,annotator,Experimental situation,2022-06-04 05:09:00,2022-06-04 05:09:09
2022-06-04 16:08:43,2022-06-04 16:08:46,Free_Living,annotator,Experimental situation,2022-06-04 05:09:09,2022-06-04 05:09:12
2022-06-04 16:08:46,2022-06-04 16:27:01,ES_VideoUnavailable/Indecipherable,annotator,Experimental situation,2022-06-04 05:09:12,2022-06-04 05:27:27
2022-06-04 16:27:01,2022-06-04 16:27:13,Free_Living,annotator,Experimental situation,2022-06-04 05:27:27,2022-06-04 05:27:39
2022-06-04 16:27:13,2022-06-04 16:27:20,Free_Living,annotator,Experimental situation,2022-06-04 05:27:39,2022-06-04 05:27:46
2022-06-04 16:27:20,2022-06-04 16:33:25,Free_Living,annotator,Experimental situation,2022-06-04 05:27:46,2022-06-04 05:33:51
2022-06-04 16:33:25,2022-06-04 16:33:44,Free_Living,annotator,Experimental situation,2022-06-04 05:33:51,2022-06-04 05:34:10
2022-06-04 16:33:44,2022-06-04 16:33:56,Free_Living,annotator,Experimental situation,2022-06-04 05:34:10,2022-06-04 05:34:22
2022-06-04 16:33:56,2022-06-04 16:34:00,Free_Living,annotator,Experimental situation,2022-06-04 05:34:22,2022-06-04 05:34:26
2022-06-04 16:34:00,2022-06-04 16:35:24,Free_Living,annotator,Experimental situation,2022-06-04 05:34:26,2022-06-04 05:35:50
2022-06-04 16:35:24,2022-06-04 16:35:28,Free_Living,annotator,Experimental situation,2022-06-04 05:35:50,2022-06-04 05:35:54
2022-06-04 16:35:28,2022-06-04 16:40:17,Free_Living,annotator,Experimental situation,2022-06-04 05:35:54,2022-06-04 05:40:43
2022-06-04 16:40:17,2022-06-04 16:40:50,Free_Living,annotator,Experimental situation,2022-06-04 05:40:43,2022-06-04 05:41:16
2022-06-04 16:40:50,2022-06-04 16:43:58,Free_Living,annotator,Experimental situation,2022-06-04 05:41:16,2022-06-04 05:44:24
2022-06-04 16:43:58,2022-06-04 16:44:48,Free_Living,annotator,Experimental situation,2022-06-04 05:44:24,2022-06-04 05:45:14
2022-06-04 16:44:48,2022-06-04 16:45:09,Free_Living,annotator,Experimental situation,2022-06-04 05:45:14,2022-06-04 05:45:35
2022-06-04 16:45:09,2022-06-04 16:48:59,Free_Living,annotator,Experimental situation,2022-06-04 05:45:35,2022-06-04 05:49:25
2022-06-04 16:48:59,2022-06-04 16:51:51,Free_Living,annotator,Experimental situation,2022-06-04 05:49:25,2022-06-04 05:52:17
2022-06-04 16:51:51,2022-06-04 16:51:54,Free_Living,annotator,Experimental situation,2022-06-04 05:52:17,2022-06-04 05:52:20
2022-06-04 16:51:54,2022-06-04 16:52:03,Free_Living,annotator,Experimental situation,2022-06-04 05:52:20,2022-06-04 05:52:29
2022-06-04 16:52:05,2022-06-04 17:02:08,Free_Living,annotator,Experimental situation,2022-06-04 05:52:31,2022-06-04 06:02:34
