START_TIME,STOP_TIME,PREDICTION,SOURCE,LABELSET,VIDEO_START_TIME,VIDEO_END_TIME
2022-05-20 08:42:55,2022-05-20 08:43:20,HLB_Unlabeled,annotator,HIGH LEVEL BEHAVIOR,2022-05-20 00:00:00,2022-05-20 00:00:25
2022-05-20 08:43:20,2022-05-20 08:43:42,HLB_Unlabeled,annotator,HIGH LEVEL BEHAVIOR,2022-05-20 00:00:25,2022-05-20 00:00:47
2022-05-20 08:43:42,2022-05-20 08:44:14,HLB_Unlabeled,annotator,HIGH LEVEL BEHAVIOR,2022-05-20 00:00:47,2022-05-20 00:01:19
2022-05-20 08:44:14,2022-05-20 08:46:35,Packing/Unpacking_Something,annotator,HIGH LEVEL BEHAVIOR,2022-05-20 00:01:19,2022-05-20 00:03:40
2022-05-20 08:46:35,2022-05-20 08:46:39,HLB_Unlabeled,annotator,HIGH LEVEL BEHAVIOR,2022-05-20 00:03:40,2022-05-20 00:03:44
2022-05-20 08:46:39,2022-05-20 08:55:48,HLB_Unlabeled,annotator,HIGH LEVEL BEHAVIOR,2022-05-20 00:03:44,2022-05-20 00:12:53
2022-05-20 08:55:48,2022-05-20 09:16:30,Using_Computer/Screen, WatchingTV/Movies,annotator,HIGH LEVEL BEHAVIOR,2022-05-20 00:12:53,2022-05-20 00:33:35
2022-05-20 09:16:30,2022-05-20 09:18:18,Using_Computer/Screen, WatchingTV/Movies,annotator,HIGH LEVEL BEHAVIOR,2022-05-20 00:33:35,2022-05-20 00:35:23
2022-05-20 09:18:18,2022-05-20 09:19:12,HLB_Unlabeled,annotator,HIGH LEVEL BEHAVIOR,2022-05-20 00:35:23,2022-05-20 00:36:17
2022-05-20 09:19:12,2022-05-20 09:19:17,HLB_Unlabeled,annotator,HIGH LEVEL BEHAVIOR,2022-05-20 00:36:17,2022-05-20 00:36:22
2022-05-20 09:19:17,2022-05-20 09:20:09,HLB_Unlabeled,annotator,HIGH LEVEL BEHAVIOR,2022-05-20 00:36:22,2022-05-20 00:37:14
2022-05-20 09:20:09,2022-05-20 09:20:32,HLB_Unlabeled,annotator,HIGH LEVEL BEHAVIOR,2022-05-20 00:37:14,2022-05-20 00:37:37
2022-05-20 09:20:32,2022-05-20 09:20:51,In_Transit_Active,annotator,HIGH LEVEL BEHAVIOR,2022-05-20 00:37:37,2022-05-20 00:37:56
2022-05-20 09:20:51,2022-05-20 09:21:03,In_Transit_Active,annotator,HIGH LEVEL BEHAVIOR,2022-05-20 00:37:56,2022-05-20 00:38:08
2022-05-20 09:21:03,2022-05-20 09:21:16,In_Transit_Active,annotator,HIGH LEVEL BEHAVIOR,2022-05-20 00:38:08,2022-05-20 00:38:21
2022-05-20 09:21:16,2022-05-20 09:21:51,In_Transit_Active,annotator,HIGH LEVEL BEHAVIOR,2022-05-20 00:38:21,2022-05-20 00:38:56
2022-05-20 09:21:51,2022-05-20 09:24:51,In_Transit_Active,annotator,HIGH LEVEL BEHAVIOR,2022-05-20 00:38:56,2022-05-20 00:41:56
2022-05-20 09:24:51,2022-05-20 09:25:02,In_Transit_Active,annotator,HIGH LEVEL BEHAVIOR,2022-05-20 00:41:56,2022-05-20 00:42:07
2022-05-20 09:25:02,2022-05-20 09:25:19,In_Transit_Active,annotator,HIGH LEVEL BEHAVIOR,2022-05-20 00:42:07,2022-05-20 00:42:24
2022-05-20 09:25:19,2022-05-20 09:25:44,In_Transit_Active,annotator,HIGH LEVEL BEHAVIOR,2022-05-20 00:42:24,2022-05-20 00:42:49
2022-05-20 09:25:44,2022-05-20 09:26:00,In_Transit_Active,annotator,HIGH LEVEL BEHAVIOR,2022-05-20 00:42:49,2022-05-20 00:43:05
2022-05-20 09:26:00,2022-05-20 09:26:44,HLB_Unlabeled,annotator,HIGH LEVEL BEHAVIOR,2022-05-20 00:43:05,2022-05-20 00:43:49
2022-05-20 09:26:44,2022-05-20 09:28:41,HLB_Unlabeled,annotator,HIGH LEVEL BEHAVIOR,2022-05-20 00:43:49,2022-05-20 00:45:46
2022-05-20 09:28:41,2022-05-20 09:28:49,In_Transit_Active,annotator,HIGH LEVEL BEHAVIOR,2022-05-20 00:45:46,2022-05-20 00:45:54
2022-05-20 09:28:49,2022-05-20 09:28:56,In_Transit_Passive_Train/Bus/Plane,annotator,HIGH LEVEL BEHAVIOR,2022-05-20 00:45:54,2022-05-20 00:46:01
2022-05-20 09:28:56,2022-05-20 09:30:23,In_Transit_Passive_Train/Bus/Plane,annotator,HIGH LEVEL BEHAVIOR,2022-05-20 00:46:01,2022-05-20 00:47:28
2022-05-20 09:30:23,2022-05-20 09:31:21,In_Transit_Passive_Train/Bus/Plane,annotator,HIGH LEVEL BEHAVIOR,2022-05-20 00:47:28,2022-05-20 00:48:26
2022-05-20 09:31:21,2022-05-20 09:32:42,In_Transit_Passive_Train/Bus/Plane,annotator,HIGH LEVEL BEHAVIOR,2022-05-20 00:48:26,2022-05-20 00:49:47
2022-05-20 09:32:42,2022-05-20 09:33:28,In_Transit_Active,annotator,HIGH LEVEL BEHAVIOR,2022-05-20 00:49:47,2022-05-20 00:50:33
2022-05-20 09:33:28,2022-05-20 09:33:45,In_Transit_Active,annotator,HIGH LEVEL BEHAVIOR,2022-05-20 00:50:33,2022-05-20 00:50:50
2022-05-20 09:33:45,2022-05-20 09:37:20,In_Transit_Active,annotator,HIGH LEVEL BEHAVIOR,2022-05-20 00:50:50,2022-05-20 00:54:25
2022-05-20 09:37:20,2022-05-20 09:37:58,In_Transit_Active,annotator,HIGH LEVEL BEHAVIOR,2022-05-20 00:54:25,2022-05-20 00:55:03
2022-05-20 09:37:58,2022-05-20 09:38:18,In_Transit_Active, Riding_Elevator_Up,annotator,HIGH LEVEL BEHAVIOR,2022-05-20 00:55:03,2022-05-20 00:55:23
2022-05-20 09:38:18,2022-05-20 09:39:17,In_Transit_Active,annotator,HIGH LEVEL BEHAVIOR,2022-05-20 00:55:23,2022-05-20 00:56:22
2022-05-20 09:39:17,2022-05-20 09:39:28,HLB_Unlabeled,annotator,HIGH LEVEL BEHAVIOR,2022-05-20 00:56:22,2022-05-20 00:56:33
2022-05-20 09:39:28,2022-05-20 09:39:49,HLB_Unlabeled,annotator,HIGH LEVEL BEHAVIOR,2022-05-20 00:56:33,2022-05-20 00:56:54
2022-05-20 09:39:49,2022-05-20 09:40:01,HLB_Unlabeled,annotator,HIGH LEVEL BEHAVIOR,2022-05-20 00:56:54,2022-05-20 00:57:06
2022-05-20 09:40:01,2022-05-20 09:40:17,HLB_Unlabeled,annotator,HIGH LEVEL BEHAVIOR,2022-05-20 00:57:06,2022-05-20 00:57:22
2022-05-20 09:40:17,2022-05-20 09:41:41,HLB_Unlabeled,annotator,HIGH LEVEL BEHAVIOR,2022-05-20 00:57:22,2022-05-20 00:58:46
2022-05-20 09:41:41,2022-05-20 09:42:01,HLB_Unlabeled,annotator,HIGH LEVEL BEHAVIOR,2022-05-20 00:58:46,2022-05-20 00:59:06
2022-05-20 09:42:01,2022-05-20 09:51:38,HLB_Unlabeled,annotator,HIGH LEVEL BEHAVIOR,2022-05-20 00:59:06,2022-05-20 01:08:43
2022-05-20 09:51:38,2022-05-20 09:52:06,HLB_Unlabeled,annotator,HIGH LEVEL BEHAVIOR,2022-05-20 01:08:43,2022-05-20 01:09:11
2022-05-20 09:52:06,2022-05-20 09:53:45,Cleaning,annotator,HIGH LEVEL BEHAVIOR,2022-05-20 01:09:11,2022-05-20 01:10:50
2022-05-20 09:53:45,2022-05-20 09:54:45,HLB_Unlabeled,annotator,HIGH LEVEL BEHAVIOR,2022-05-20 01:10:50,2022-05-20 01:11:50
2022-05-20 09:54:45,2022-05-20 09:55:08,HLB_Unlabeled,annotator,HIGH LEVEL BEHAVIOR,2022-05-20 01:11:50,2022-05-20 01:12:13
2022-05-20 09:55:08,2022-05-20 09:55:22,HLB_Unlabeled,annotator,HIGH LEVEL BEHAVIOR,2022-05-20 01:12:13,2022-05-20 01:12:27
2022-05-20 09:55:22,2022-05-20 09:55:36,HLB_Unlabeled,annotator,HIGH LEVEL BEHAVIOR,2022-05-20 01:12:27,2022-05-20 01:12:41
2022-05-20 09:55:36,2022-05-20 09:57:23,HLB_Unlabeled,annotator,HIGH LEVEL BEHAVIOR,2022-05-20 01:12:41,2022-05-20 01:14:28
2022-05-20 09:57:23,2022-05-20 09:57:39,HLB_Unlabeled,annotator,HIGH LEVEL BEHAVIOR,2022-05-20 01:14:28,2022-05-20 01:14:44
2022-05-20 09:57:39,2022-05-20 09:58:07,HLB_Unlabeled,annotator,HIGH LEVEL BEHAVIOR,2022-05-20 01:14:44,2022-05-20 01:15:12
2022-05-20 09:58:07,2022-05-20 09:58:20,HLB_Unlabeled,annotator,HIGH LEVEL BEHAVIOR,2022-05-20 01:15:12,2022-05-20 01:15:25
2022-05-20 09:58:20,2022-05-20 10:00:03,Cleaning,annotator,HIGH LEVEL BEHAVIOR,2022-05-20 01:15:25,2022-05-20 01:17:08
2022-05-20 10:00:03,2022-05-20 10:00:23,HLB_Unlabeled,annotator,HIGH LEVEL BEHAVIOR,2022-05-20 01:17:08,2022-05-20 01:17:28
2022-05-20 10:00:23,2022-05-20 10:02:22,HLB_Unlabeled,annotator,HIGH LEVEL BEHAVIOR,2022-05-20 01:17:28,2022-05-20 01:19:27
2022-05-20 10:02:22,2022-05-20 10:08:35,HLB_Indecipherable/Video_Insufficient,annotator,HIGH LEVEL BEHAVIOR,2022-05-20 01:19:27,2022-05-20 01:25:40
2022-05-20 10:08:35,2022-05-20 10:09:02,HLB_Unlabeled,annotator,HIGH LEVEL BEHAVIOR,2022-05-20 01:25:40,2022-05-20 01:26:07
2022-05-20 10:09:02,2022-05-20 10:09:11,HLB_Unlabeled,annotator,HIGH LEVEL BEHAVIOR,2022-05-20 01:26:07,2022-05-20 01:26:16
2022-05-20 10:09:11,2022-05-20 10:09:30,HLB_Unlabeled,annotator,HIGH LEVEL BEHAVIOR,2022-05-20 01:26:16,2022-05-20 01:26:35
2022-05-20 10:09:30,2022-05-20 10:10:06,In_Transit_Active,annotator,HIGH LEVEL BEHAVIOR,2022-05-20 01:26:35,2022-05-20 01:27:11
2022-05-20 10:10:06,2022-05-20 10:12:04,HLB_Unlabeled,annotator,HIGH LEVEL BEHAVIOR,2022-05-20 01:27:11,2022-05-20 01:29:09
2022-05-20 10:12:04,2022-05-20 10:12:20,WatchingTV/Movies,annotator,HIGH LEVEL BEHAVIOR,2022-05-20 01:29:09,2022-05-20 01:29:25
2022-05-20 10:12:20,2022-05-20 10:13:14,WatchingTV/Movies,annotator,HIGH LEVEL BEHAVIOR,2022-05-20 01:29:25,2022-05-20 01:30:19
2022-05-20 10:13:14,2022-05-20 10:32:09,WatchingTV/Movies,annotator,HIGH LEVEL BEHAVIOR,2022-05-20 01:30:19,2022-05-20 01:49:14
2022-05-20 10:32:09,2022-05-20 10:39:55,WatchingTV/Movies,annotator,HIGH LEVEL BEHAVIOR,2022-05-20 01:49:14,2022-05-20 01:57:00
2022-05-20 10:39:55,2022-05-20 10:41:24,WatchingTV/Movies,annotator,HIGH LEVEL BEHAVIOR,2022-05-20 01:57:00,2022-05-20 01:58:29
2022-05-20 10:41:24,2022-05-20 10:42:46,WatchingTV/Movies,annotator,HIGH LEVEL BEHAVIOR,2022-05-20 01:58:29,2022-05-20 01:59:51
2022-05-20 10:42:46,2022-05-20 10:43:54,WatchingTV/Movies,annotator,HIGH LEVEL BEHAVIOR,2022-05-20 01:59:51,2022-05-20 02:00:59
2022-05-20 10:43:54,2022-05-20 10:57:24,WatchingTV/Movies,annotator,HIGH LEVEL BEHAVIOR,2022-05-20 02:00:59,2022-05-20 02:14:29
2022-05-20 10:57:24,2022-05-20 11:20:19,WatchingTV/Movies,annotator,HIGH LEVEL BEHAVIOR,2022-05-20 02:14:29,2022-05-20 02:37:24
2022-05-20 11:20:19,2022-05-20 11:34:08,WatchingTV/Movies,annotator,HIGH LEVEL BEHAVIOR,2022-05-20 02:37:24,2022-05-20 02:51:13
2022-05-20 11:34:08,2022-05-20 11:34:29,In_Transit_Active,annotator,HIGH LEVEL BEHAVIOR,2022-05-20 02:51:13,2022-05-20 02:51:34
2022-05-20 11:34:29,2022-05-20 11:35:17,In_Transit_Active,annotator,HIGH LEVEL BEHAVIOR,2022-05-20 02:51:34,2022-05-20 02:52:22
2022-05-20 11:35:17,2022-05-20 11:35:25,In_Transit_Active,annotator,HIGH LEVEL BEHAVIOR,2022-05-20 02:52:22,2022-05-20 02:52:30
2022-05-20 11:35:25,2022-05-20 11:35:45,In_Transit_Active, Riding_Elevator_Down,annotator,HIGH LEVEL BEHAVIOR,2022-05-20 02:52:30,2022-05-20 02:52:50
2022-05-20 11:35:45,2022-05-20 11:36:08,In_Transit_Active,annotator,HIGH LEVEL BEHAVIOR,2022-05-20 02:52:50,2022-05-20 02:53:13
2022-05-20 11:36:08,2022-05-20 11:36:45,In_Transit_Active,annotator,HIGH LEVEL BEHAVIOR,2022-05-20 02:53:13,2022-05-20 02:53:50
2022-05-20 11:36:45,2022-05-20 11:37:05,In_Transit_Active, Riding_Elevator_Up,annotator,HIGH LEVEL BEHAVIOR,2022-05-20 02:53:50,2022-05-20 02:54:10
2022-05-20 11:37:05,2022-05-20 11:37:49,In_Transit_Active,annotator,HIGH LEVEL BEHAVIOR,2022-05-20 02:54:10,2022-05-20 02:54:54
2022-05-20 11:37:49,2022-05-20 11:38:34,HLB_Unlabeled,annotator,HIGH LEVEL BEHAVIOR,2022-05-20 02:54:54,2022-05-20 02:55:39
2022-05-20 11:38:34,2022-05-20 11:39:23,HLB_Unlabeled,annotator,HIGH LEVEL BEHAVIOR,2022-05-20 02:55:39,2022-05-20 02:56:28
2022-05-20 11:39:23,2022-05-20 11:47:57,WatchingTV/Movies, Eating/Dining,annotator,HIGH LEVEL BEHAVIOR,2022-05-20 02:56:28,2022-05-20 03:05:02
2022-05-20 11:47:57,2022-05-20 12:16:18,WatchingTV/Movies,annotator,HIGH LEVEL BEHAVIOR,2022-05-20 03:05:02,2022-05-20 03:33:23
2022-05-20 12:16:18,2022-05-20 12:16:42,In_Transit_Active,annotator,HIGH LEVEL BEHAVIOR,2022-05-20 03:33:23,2022-05-20 03:33:47
2022-05-20 12:16:42,2022-05-20 12:17:19,In_Transit_Active,annotator,HIGH LEVEL BEHAVIOR,2022-05-20 03:33:47,2022-05-20 03:34:24
2022-05-20 12:17:19,2022-05-20 12:21:02,WatchingTV/Movies, Eating/Dining,annotator,HIGH LEVEL BEHAVIOR,2022-05-20 03:34:24,2022-05-20 03:38:07
2022-05-20 12:21:02,2022-05-20 12:48:40,WatchingTV/Movies,annotator,HIGH LEVEL BEHAVIOR,2022-05-20 03:38:07,2022-05-20 04:05:45
2022-05-20 12:48:40,2022-05-20 12:49:34,WatchingTV/Movies,annotator,HIGH LEVEL BEHAVIOR,2022-05-20 04:05:45,2022-05-20 04:06:39
2022-05-20 12:49:34,2022-05-20 12:51:10,WatchingTV/Movies,annotator,HIGH LEVEL BEHAVIOR,2022-05-20 04:06:39,2022-05-20 04:08:15
2022-05-20 12:51:10,2022-05-20 12:51:30,In_Transit_Active,annotator,HIGH LEVEL BEHAVIOR,2022-05-20 04:08:15,2022-05-20 04:08:35
2022-05-20 12:51:30,2022-05-20 12:51:46,HLB_Unlabeled,annotator,HIGH LEVEL BEHAVIOR,2022-05-20 04:08:35,2022-05-20 04:08:51
2022-05-20 12:51:46,2022-05-20 12:52:06,In_Transit_Active,annotator,HIGH LEVEL BEHAVIOR,2022-05-20 04:08:51,2022-05-20 04:09:11
2022-05-20 12:52:06,2022-05-20 12:52:38,WatchingTV/Movies, Eating/Dining,annotator,HIGH LEVEL BEHAVIOR,2022-05-20 04:09:11,2022-05-20 04:09:43
2022-05-20 12:52:38,2022-05-20 13:01:44,Eating/Dining, Playing_Videogame,annotator,HIGH LEVEL BEHAVIOR,2022-05-20 04:09:43,2022-05-20 04:18:49
2022-05-20 13:01:44,2022-05-20 13:05:40,Eating/Dining, WatchingTV/Movies,annotator,HIGH LEVEL BEHAVIOR,2022-05-20 04:18:49,2022-05-20 04:22:45
2022-05-20 13:05:40,2022-05-20 13:09:39,WatchingTV/Movies,annotator,HIGH LEVEL BEHAVIOR,2022-05-20 04:22:45,2022-05-20 04:26:44
2022-05-20 13:09:39,2022-05-20 13:10:04,WatchingTV/Movies,annotator,HIGH LEVEL BEHAVIOR,2022-05-20 04:26:44,2022-05-20 04:27:09
2022-05-20 13:10:04,2022-05-20 13:10:40,HLB_Unlabeled,annotator,HIGH LEVEL BEHAVIOR,2022-05-20 04:27:09,2022-05-20 04:27:45
2022-05-20 13:10:40,2022-05-20 13:11:31,HLB_Unlabeled,annotator,HIGH LEVEL BEHAVIOR,2022-05-20 04:27:45,2022-05-20 04:28:36
2022-05-20 13:11:31,2022-05-20 13:13:48,HLB_Indecipherable/Video_Insufficient,annotator,HIGH LEVEL BEHAVIOR,2022-05-20 04:28:36,2022-05-20 04:30:53
2022-05-20 13:13:48,2022-05-20 13:14:29,HLB_Unlabeled,annotator,HIGH LEVEL BEHAVIOR,2022-05-20 04:30:53,2022-05-20 04:31:34
2022-05-20 13:14:29,2022-05-20 13:19:38,Sleeping,annotator,HIGH LEVEL BEHAVIOR,2022-05-20 04:31:34,2022-05-20 04:36:43
2022-05-20 13:19:38,2022-05-20 13:44:26,Sleeping,annotator,HIGH LEVEL BEHAVIOR,2022-05-20 04:36:43,2022-05-20 05:01:31
2022-05-20 13:44:29,2022-05-20 13:51:38,,annotator,HIGH LEVEL BEHAVIOR,2022-05-20 05:01:34,2022-05-20 05:08:43
2022-05-20 13:51:38,2022-05-20 13:52:25,,annotator,HIGH LEVEL BEHAVIOR,2022-05-20 05:08:43,2022-05-20 05:09:30
2022-05-20 13:52:25,2022-05-20 13:52:35,,annotator,HIGH LEVEL BEHAVIOR,2022-05-20 05:09:30,2022-05-20 05:09:40
2022-05-20 13:52:35,2022-05-20 13:58:26,,annotator,HIGH LEVEL BEHAVIOR,2022-05-20 05:09:40,2022-05-20 05:15:31
2022-05-20 13:58:26,2022-05-20 13:59:12,,annotator,HIGH LEVEL BEHAVIOR,2022-05-20 05:15:31,2022-05-20 05:16:17
2022-05-20 13:59:12,2022-05-20 14:00:12,,annotator,HIGH LEVEL BEHAVIOR,2022-05-20 05:16:17,2022-05-20 05:17:17
2022-05-20 14:00:12,2022-05-20 14:00:38,,annotator,HIGH LEVEL BEHAVIOR,2022-05-20 05:17:17,2022-05-20 05:17:43
2022-05-20 14:00:38,2022-05-20 14:01:02,Riding_Elevator_Down,annotator,HIGH LEVEL BEHAVIOR,2022-05-20 05:17:43,2022-05-20 05:18:07
2022-05-20 14:01:02,2022-05-20 14:01:47,,annotator,HIGH LEVEL BEHAVIOR,2022-05-20 05:18:07,2022-05-20 05:18:52
2022-05-20 14:01:47,2022-05-20 14:02:15,,annotator,HIGH LEVEL BEHAVIOR,2022-05-20 05:18:52,2022-05-20 05:19:20
2022-05-20 14:02:15,2022-05-20 14:02:27,,annotator,HIGH LEVEL BEHAVIOR,2022-05-20 05:19:20,2022-05-20 05:19:32
2022-05-20 14:02:27,2022-05-20 14:02:42,,annotator,HIGH LEVEL BEHAVIOR,2022-05-20 05:19:32,2022-05-20 05:19:47
2022-05-20 14:02:42,2022-05-20 14:03:26,Riding_Elevator_Up,annotator,HIGH LEVEL BEHAVIOR,2022-05-20 05:19:47,2022-05-20 05:20:31
2022-05-20 14:03:26,2022-05-20 14:03:57,,annotator,HIGH LEVEL BEHAVIOR,2022-05-20 05:20:31,2022-05-20 05:21:02
2022-05-20 14:03:57,2022-05-20 14:04:19,,annotator,HIGH LEVEL BEHAVIOR,2022-05-20 05:21:02,2022-05-20 05:21:24
2022-05-20 14:04:19,2022-05-20 14:17:19,,annotator,HIGH LEVEL BEHAVIOR,2022-05-20 05:21:24,2022-05-20 05:34:24
2022-05-20 14:17:19,2022-05-20 14:17:46,,annotator,HIGH LEVEL BEHAVIOR,2022-05-20 05:34:24,2022-05-20 05:34:51
2022-05-20 14:17:46,2022-05-20 14:18:22,,annotator,HIGH LEVEL BEHAVIOR,2022-05-20 05:34:51,2022-05-20 05:35:27
2022-05-20 14:18:22,2022-05-20 14:18:39,Riding_Elevator_Down,annotator,HIGH LEVEL BEHAVIOR,2022-05-20 05:35:27,2022-05-20 05:35:44
2022-05-20 14:18:39,2022-05-20 14:18:53,,annotator,HIGH LEVEL BEHAVIOR,2022-05-20 05:35:44,2022-05-20 05:35:58
2022-05-20 14:18:53,2022-05-20 14:20:11,,annotator,HIGH LEVEL BEHAVIOR,2022-05-20 05:35:58,2022-05-20 05:37:16
2022-05-20 14:20:11,2022-05-20 14:20:41,,annotator,HIGH LEVEL BEHAVIOR,2022-05-20 05:37:16,2022-05-20 05:37:46
2022-05-20 14:20:41,2022-05-20 14:21:06,Riding_Elevator_Up,annotator,HIGH LEVEL BEHAVIOR,2022-05-20 05:37:46,2022-05-20 05:38:11
2022-05-20 14:21:06,2022-05-20 14:22:13,,annotator,HIGH LEVEL BEHAVIOR,2022-05-20 05:38:11,2022-05-20 05:39:18
2022-05-20 14:22:13,2022-05-20 14:22:23,,annotator,HIGH LEVEL BEHAVIOR,2022-05-20 05:39:18,2022-05-20 05:39:28
2022-05-20 14:22:23,2022-05-20 14:22:34,,annotator,HIGH LEVEL BEHAVIOR,2022-05-20 05:39:28,2022-05-20 05:39:39
2022-05-20 14:22:34,2022-05-20 14:22:40,,annotator,HIGH LEVEL BEHAVIOR,2022-05-20 05:39:39,2022-05-20 05:39:45
2022-05-20 14:22:40,2022-05-20 14:23:02,,annotator,HIGH LEVEL BEHAVIOR,2022-05-20 05:39:45,2022-05-20 05:40:07
2022-05-20 14:23:02,2022-05-20 14:29:31,,annotator,HIGH LEVEL BEHAVIOR,2022-05-20 05:40:07,2022-05-20 05:46:36
2022-05-20 14:29:31,2022-05-20 14:30:23,,annotator,HIGH LEVEL BEHAVIOR,2022-05-20 05:46:36,2022-05-20 05:47:28
2022-05-20 14:30:23,2022-05-20 14:31:53,,annotator,HIGH LEVEL BEHAVIOR,2022-05-20 05:47:28,2022-05-20 05:48:58
2022-05-20 14:31:53,2022-05-20 14:32:07,,annotator,HIGH LEVEL BEHAVIOR,2022-05-20 05:48:58,2022-05-20 05:49:12
2022-05-20 14:32:07,2022-05-20 14:32:33,,annotator,HIGH LEVEL BEHAVIOR,2022-05-20 05:49:12,2022-05-20 05:49:38
2022-05-20 14:32:33,2022-05-20 14:32:49,,annotator,HIGH LEVEL BEHAVIOR,2022-05-20 05:49:38,2022-05-20 05:49:54
2022-05-20 14:32:49,2022-05-20 14:32:58,,annotator,HIGH LEVEL BEHAVIOR,2022-05-20 05:49:54,2022-05-20 05:50:03
2022-05-20 14:32:58,2022-05-20 14:33:06,,annotator,HIGH LEVEL BEHAVIOR,2022-05-20 05:50:03,2022-05-20 05:50:11
2022-05-20 14:33:06,2022-05-20 14:33:21,,annotator,HIGH LEVEL BEHAVIOR,2022-05-20 05:50:11,2022-05-20 05:50:26
2022-05-20 14:33:21,2022-05-20 14:33:38,,annotator,HIGH LEVEL BEHAVIOR,2022-05-20 05:50:26,2022-05-20 05:50:43
2022-05-20 14:33:38,2022-05-20 14:33:48,,annotator,HIGH LEVEL BEHAVIOR,2022-05-20 05:50:43,2022-05-20 05:50:53
2022-05-20 14:33:48,2022-05-20 14:34:00,,annotator,HIGH LEVEL BEHAVIOR,2022-05-20 05:50:53,2022-05-20 05:51:05
2022-05-20 14:34:00,2022-05-20 14:34:17,,annotator,HIGH LEVEL BEHAVIOR,2022-05-20 05:51:05,2022-05-20 05:51:22
2022-05-20 14:34:17,2022-05-20 14:34:35,,annotator,HIGH LEVEL BEHAVIOR,2022-05-20 05:51:22,2022-05-20 05:51:40
2022-05-20 14:34:35,2022-05-20 14:34:54,,annotator,HIGH LEVEL BEHAVIOR,2022-05-20 05:51:40,2022-05-20 05:51:59
2022-05-20 14:36:41,2022-05-20 14:36:49,,annotator,HIGH LEVEL BEHAVIOR,2022-05-20 05:53:46,2022-05-20 05:53:54
2022-05-20 14:36:49,2022-05-20 14:37:36,,annotator,HIGH LEVEL BEHAVIOR,2022-05-20 05:53:54,2022-05-20 05:54:41
2022-05-20 14:37:36,2022-05-20 14:37:51,,annotator,HIGH LEVEL BEHAVIOR,2022-05-20 05:54:41,2022-05-20 05:54:56
2022-05-20 14:37:51,2022-05-20 14:38:13,Riding_Elevator_Down,annotator,HIGH LEVEL BEHAVIOR,2022-05-20 05:54:56,2022-05-20 05:55:18
2022-05-20 14:38:13,2022-05-20 14:38:57,,annotator,HIGH LEVEL BEHAVIOR,2022-05-20 05:55:18,2022-05-20 05:56:02
2022-05-20 14:38:57,2022-05-20 14:39:33,Riding_Elevator_Up,annotator,HIGH LEVEL BEHAVIOR,2022-05-20 05:56:02,2022-05-20 05:56:38
2022-05-20 14:39:33,2022-05-20 14:40:32,,annotator,HIGH LEVEL BEHAVIOR,2022-05-20 05:56:38,2022-05-20 05:57:37
2022-05-20 14:40:32,2022-05-20 14:41:00,,annotator,HIGH LEVEL BEHAVIOR,2022-05-20 05:57:37,2022-05-20 05:58:05
2022-05-20 14:41:00,2022-05-20 14:41:38,,annotator,HIGH LEVEL BEHAVIOR,2022-05-20 05:58:05,2022-05-20 05:58:43
2022-05-20 14:41:38,2022-05-20 14:42:02,Riding_Elevator_Down,annotator,HIGH LEVEL BEHAVIOR,2022-05-20 05:58:43,2022-05-20 05:59:07
2022-05-20 14:42:02,2022-05-20 14:42:25,,annotator,HIGH LEVEL BEHAVIOR,2022-05-20 05:59:07,2022-05-20 05:59:30
2022-05-20 14:42:25,2022-05-20 14:44:43,,annotator,HIGH LEVEL BEHAVIOR,2022-05-20 05:59:30,2022-05-20 06:01:48
2022-05-20 14:44:43,2022-05-20 14:50:10,,annotator,HIGH LEVEL BEHAVIOR,2022-05-20 06:01:48,2022-05-20 06:07:15
2022-05-20 14:50:10,2022-05-20 14:50:55,,annotator,HIGH LEVEL BEHAVIOR,2022-05-20 06:07:15,2022-05-20 06:08:00
2022-05-20 14:50:55,2022-05-20 15:00:03,,annotator,HIGH LEVEL BEHAVIOR,2022-05-20 06:08:00,2022-05-20 06:17:08
2022-05-20 15:00:03,2022-05-20 15:00:16,,annotator,HIGH LEVEL BEHAVIOR,2022-05-20 06:17:08,2022-05-20 06:17:21
2022-05-20 15:00:16,2022-05-20 15:00:41,,annotator,HIGH LEVEL BEHAVIOR,2022-05-20 06:17:21,2022-05-20 06:17:46
2022-05-20 15:00:41,2022-05-20 15:02:13,,annotator,HIGH LEVEL BEHAVIOR,2022-05-20 06:17:46,2022-05-20 06:19:18
2022-05-20 15:02:13,2022-05-20 15:02:45,,annotator,HIGH LEVEL BEHAVIOR,2022-05-20 06:19:18,2022-05-20 06:19:50
2022-05-20 15:02:45,2022-05-20 15:04:14,,annotator,HIGH LEVEL BEHAVIOR,2022-05-20 06:19:50,2022-05-20 06:21:19
2022-05-20 15:04:14,2022-05-20 15:04:24,,annotator,HIGH LEVEL BEHAVIOR,2022-05-20 06:21:19,2022-05-20 06:21:29
2022-05-20 15:04:24,2022-05-20 15:15:35,Playing_Sports/Games,annotator,HIGH LEVEL BEHAVIOR,2022-05-20 06:21:29,2022-05-20 06:32:40
2022-05-20 15:15:35,2022-05-20 15:15:55,Playing_Sports/Games,annotator,HIGH LEVEL BEHAVIOR,2022-05-20 06:32:40,2022-05-20 06:33:00
2022-05-20 15:15:55,2022-05-20 15:18:24,,annotator,HIGH LEVEL BEHAVIOR,2022-05-20 06:33:00,2022-05-20 06:35:29
2022-05-20 15:18:24,2022-05-20 15:19:17,Playing_Sports/Games,annotator,HIGH LEVEL BEHAVIOR,2022-05-20 06:35:29,2022-05-20 06:36:22
2022-05-20 15:19:17,2022-05-20 15:19:52,Playing_Sports/Games,annotator,HIGH LEVEL BEHAVIOR,2022-05-20 06:36:22,2022-05-20 06:36:57
2022-05-20 15:19:52,2022-05-20 15:28:12,Playing_Sports/Games,annotator,HIGH LEVEL BEHAVIOR,2022-05-20 06:36:57,2022-05-20 06:45:17
2022-05-20 15:28:12,2022-05-20 15:28:41,,annotator,HIGH LEVEL BEHAVIOR,2022-05-20 06:45:17,2022-05-20 06:45:46
2022-05-20 15:28:41,2022-05-20 15:29:11,,annotator,HIGH LEVEL BEHAVIOR,2022-05-20 06:45:46,2022-05-20 06:46:16
2022-05-20 15:29:11,2022-05-20 15:39:12,,annotator,HIGH LEVEL BEHAVIOR,2022-05-20 06:46:16,2022-05-20 06:56:17
2022-05-20 15:39:12,2022-05-20 15:39:50,,annotator,HIGH LEVEL BEHAVIOR,2022-05-20 06:56:17,2022-05-20 06:56:55
2022-05-20 15:39:50,2022-05-20 15:40:39,,annotator,HIGH LEVEL BEHAVIOR,2022-05-20 06:56:55,2022-05-20 06:57:44
2022-05-20 15:40:39,2022-05-20 15:56:34,Playing_Sports/Games,annotator,HIGH LEVEL BEHAVIOR,2022-05-20 06:57:44,2022-05-20 07:13:39
