START_TIME,STOP_TIME,PREDICTION,SOURCE,LABELSET,VIDEO_START_TIME,VIDEO_END_TIME
2022-05-11 09:40:29,2022-05-11 09:53:42,Free_Living,annotator,Experimental situation,2022-05-11 00:00:01,2022-05-11 00:13:14
2022-05-11 09:53:46,2022-05-11 09:54:44,Free_Living,annotator,Experimental situation,2022-05-11 00:13:18,2022-05-11 00:14:16
2022-05-11 09:54:46,2022-05-11 09:55:04,Free_Living,annotator,Experimental situation,2022-05-11 00:14:18,2022-05-11 00:14:36
2022-05-11 09:55:05,2022-05-11 10:02:45,Free_Living,annotator,Experimental situation,2022-05-11 00:14:37,2022-05-11 00:22:17
2022-05-11 10:02:46,2022-05-11 10:03:32,Free_Living,annotator,Experimental situation,2022-05-11 00:22:18,2022-05-11 00:23:04
2022-05-11 10:03:33,2022-05-11 10:06:12,Free_Living,annotator,Experimental situation,2022-05-11 00:23:05,2022-05-11 00:25:44
2022-05-11 10:06:14,2022-05-11 10:18:15,Free_Living,annotator,Experimental situation,2022-05-11 00:25:46,2022-05-11 00:37:47
2022-05-11 10:18:18,2022-05-11 10:20:38,Free_Living,annotator,Experimental situation,2022-05-11 00:37:50,2022-05-11 00:40:10
2022-05-11 10:20:39,2022-05-11 10:36:07,Free_Living,annotator,Experimental situation,2022-05-11 00:40:11,2022-05-11 00:55:39
2022-05-11 10:36:22,2022-05-11 10:37:36,Free_Living,annotator,Experimental situation,2022-05-11 00:55:54,2022-05-11 00:57:08
2022-05-11 10:37:41,2022-05-11 10:40:37,Free_Living,annotator,Experimental situation,2022-05-11 00:57:13,2022-05-11 01:00:09
2022-05-11 10:40:41,2022-05-11 10:41:02,Free_Living,annotator,Experimental situation,2022-05-11 01:00:13,2022-05-11 01:00:34
2022-05-11 10:41:03,2022-05-11 10:41:16,Free_Living,annotator,Experimental situation,2022-05-11 01:00:35,2022-05-11 01:00:48
2022-05-11 10:41:18,2022-05-11 10:46:59,Free_Living,annotator,Experimental situation,2022-05-11 01:00:50,2022-05-11 01:06:31
2022-05-11 10:47:04,2022-05-11 10:47:36,Free_Living,annotator,Experimental situation,2022-05-11 01:06:36,2022-05-11 01:07:08
2022-05-11 10:47:38,2022-05-11 10:48:18,Free_Living,annotator,Experimental situation,2022-05-11 01:07:10,2022-05-11 01:07:50
2022-05-11 10:48:18,2022-05-11 10:48:23,Free_Living,annotator,Experimental situation,2022-05-11 01:07:50,2022-05-11 01:07:55
2022-05-11 10:48:34,2022-05-11 11:03:03,Free_Living,annotator,Experimental situation,2022-05-11 01:08:06,2022-05-11 01:22:35
2022-05-11 11:03:07,2022-05-11 11:04:02,Free_Living,annotator,Experimental situation,2022-05-11 01:22:39,2022-05-11 01:23:34
2022-05-11 11:04:07,2022-05-11 11:05:14,Free_Living,annotator,Experimental situation,2022-05-11 01:23:39,2022-05-11 01:24:46
2022-05-11 11:05:16,2022-05-11 11:08:04,Free_Living,annotator,Experimental situation,2022-05-11 01:24:48,2022-05-11 01:27:36
2022-05-11 11:08:06,2022-05-11 11:11:17,Free_Living,annotator,Experimental situation,2022-05-11 01:27:38,2022-05-11 01:30:49
2022-05-11 11:11:18,2022-05-11 11:16:13,Free_Living,annotator,Experimental situation,2022-05-11 01:30:50,2022-05-11 01:35:45
2022-05-11 11:16:25,2022-05-11 11:17:21,Free_Living,annotator,Experimental situation,2022-05-11 01:35:57,2022-05-11 01:36:53
2022-05-11 11:17:23,2022-05-11 11:28:33,Free_Living,annotator,Experimental situation,2022-05-11 01:36:55,2022-05-11 01:48:05
2022-05-11 11:28:40,2022-05-11 11:29:29,Free_Living,annotator,Experimental situation,2022-05-11 01:48:12,2022-05-11 01:49:01
2022-05-11 11:29:31,2022-05-11 11:37:42,Free_Living,annotator,Experimental situation,2022-05-11 01:49:03,2022-05-11 01:57:14
2022-05-11 11:37:43,2022-05-11 11:41:02,Free_Living,annotator,Experimental situation,2022-05-11 01:57:15,2022-05-11 02:00:34
2022-05-11 11:41:06,2022-05-11 11:41:38,Free_Living,annotator,Experimental situation,2022-05-11 02:00:38,2022-05-11 02:01:10
2022-05-11 11:41:39,2022-05-11 11:42:02,Free_Living,annotator,Experimental situation,2022-05-11 02:01:11,2022-05-11 02:01:34
2022-05-11 11:42:04,2022-05-11 11:42:34,Free_Living,annotator,Experimental situation,2022-05-11 02:01:36,2022-05-11 02:02:06
2022-05-11 11:42:35,2022-05-11 11:44:28,Free_Living,annotator,Experimental situation,2022-05-11 02:02:07,2022-05-11 02:04:00
2022-05-11 11:44:29,2022-05-11 11:45:13,Free_Living,annotator,Experimental situation,2022-05-11 02:04:01,2022-05-11 02:04:45
2022-05-11 11:45:15,2022-05-11 11:49:45,Free_Living,annotator,Experimental situation,2022-05-11 02:04:47,2022-05-11 02:09:17
2022-05-11 11:49:47,2022-05-11 11:50:03,Free_Living,annotator,Experimental situation,2022-05-11 02:09:19,2022-05-11 02:09:35
2022-05-11 11:50:04,2022-05-11 11:50:32,Free_Living,annotator,Experimental situation,2022-05-11 02:09:36,2022-05-11 02:10:04
2022-05-11 11:50:33,2022-05-11 11:51:01,Free_Living,annotator,Experimental situation,2022-05-11 02:10:05,2022-05-11 02:10:33
2022-05-11 11:51:02,2022-05-11 13:20:07,Free_Living,annotator,Experimental situation,2022-05-11 02:10:34,2022-05-11 03:39:39
2022-05-11 13:20:17,2022-05-11 13:21:11,Free_Living,annotator,Experimental situation,2022-05-11 03:39:49,2022-05-11 03:40:43
2022-05-11 13:21:11,2022-05-11 13:21:39,Free_Living,annotator,Experimental situation,2022-05-11 03:40:43,2022-05-11 03:41:11
2022-05-11 13:21:42,2022-05-11 13:22:19,Free_Living,annotator,Experimental situation,2022-05-11 03:41:14,2022-05-11 03:41:51
2022-05-11 13:22:23,2022-05-11 13:27:51,Free_Living,annotator,Experimental situation,2022-05-11 03:41:55,2022-05-11 03:47:23
2022-05-11 13:27:52,2022-05-11 13:28:23,Free_Living,annotator,Experimental situation,2022-05-11 03:47:24,2022-05-11 03:47:55
2022-05-11 13:28:26,2022-05-11 13:30:22,Free_Living,annotator,Experimental situation,2022-05-11 03:47:58,2022-05-11 03:49:54
2022-05-11 13:30:24,2022-05-11 13:30:56,Free_Living,annotator,Experimental situation,2022-05-11 03:49:56,2022-05-11 03:50:28
2022-05-11 13:30:57,2022-05-11 13:31:21,Free_Living,annotator,Experimental situation,2022-05-11 03:50:29,2022-05-11 03:50:53
2022-05-11 13:31:23,2022-05-11 13:32:58,Free_Living,annotator,Experimental situation,2022-05-11 03:50:55,2022-05-11 03:52:30
2022-05-11 13:32:59,2022-05-11 13:33:31,Free_Living,annotator,Experimental situation,2022-05-11 03:52:31,2022-05-11 03:53:03
2022-05-11 13:33:31,2022-05-11 13:33:50,Free_Living,annotator,Experimental situation,2022-05-11 03:53:03,2022-05-11 03:53:22
2022-05-11 13:33:51,2022-05-11 13:34:16,Free_Living,annotator,Experimental situation,2022-05-11 03:53:23,2022-05-11 03:53:48
2022-05-11 13:34:18,2022-05-11 13:36:20,Free_Living,annotator,Experimental situation,2022-05-11 03:53:50,2022-05-11 03:55:52
2022-05-11 13:36:21,2022-05-11 13:37:15,Free_Living,annotator,Experimental situation,2022-05-11 03:55:53,2022-05-11 03:56:47
2022-05-11 13:37:17,2022-05-11 13:42:18,Free_Living,annotator,Experimental situation,2022-05-11 03:56:49,2022-05-11 04:01:50
2022-05-11 13:42:21,2022-05-11 13:43:15,Free_Living,annotator,Experimental situation,2022-05-11 04:01:53,2022-05-11 04:02:47
2022-05-11 13:43:18,2022-05-11 13:43:42,Free_Living,annotator,Experimental situation,2022-05-11 04:02:50,2022-05-11 04:03:14
2022-05-11 13:43:43,2022-05-11 13:44:00,Free_Living,annotator,Experimental situation,2022-05-11 04:03:15,2022-05-11 04:03:32
2022-05-11 13:44:01,2022-05-11 13:45:10,Free_Living,annotator,Experimental situation,2022-05-11 04:03:33,2022-05-11 04:04:42
2022-05-11 13:45:11,2022-05-11 14:02:35,Free_Living,annotator,Experimental situation,2022-05-11 04:04:43,2022-05-11 04:22:07
2022-05-11 14:02:37,2022-05-11 14:04:06,Free_Living,annotator,Experimental situation,2022-05-11 04:22:09,2022-05-11 04:23:38
2022-05-11 14:04:07,2022-05-11 14:05:06,Free_Living,annotator,Experimental situation,2022-05-11 04:23:39,2022-05-11 04:24:38
2022-05-11 14:05:07,2022-05-11 14:05:33,Free_Living,annotator,Experimental situation,2022-05-11 04:24:39,2022-05-11 04:25:05
2022-05-11 14:05:34,2022-05-11 14:06:59,Free_Living,annotator,Experimental situation,2022-05-11 04:25:06,2022-05-11 04:26:31
2022-05-11 14:07:00,2022-05-11 14:07:15,Free_Living,annotator,Experimental situation,2022-05-11 04:26:32,2022-05-11 04:26:47
2022-05-11 14:07:15,2022-05-11 14:08:57,Free_Living,annotator,Experimental situation,2022-05-11 04:26:47,2022-05-11 04:28:29
2022-05-11 14:08:58,2022-05-11 14:09:55,Free_Living,annotator,Experimental situation,2022-05-11 04:28:30,2022-05-11 04:29:27
2022-05-11 14:09:56,2022-05-11 14:16:49,Free_Living,annotator,Experimental situation,2022-05-11 04:29:28,2022-05-11 04:36:21
