START_TIME,STOP_TIME,PREDICTION,SOURCE,LABELSET,VIDEO_START_TIME,VIDEO_END_TIME
2022-06-05 10:43:54,2022-06-05 10:43:59,Free_Living,annotator,Experimental situation,2022-06-05 00:00:00,2022-06-05 00:00:05
2022-06-05 10:43:59,2022-06-05 10:44:06,Free_Living,annotator,Experimental situation,2022-06-05 00:00:05,2022-06-05 00:00:12
2022-06-05 10:44:06,2022-06-05 10:44:44,Free_Living,annotator,Experimental situation,2022-06-05 00:00:12,2022-06-05 00:00:50
2022-06-05 10:44:44,2022-06-05 10:44:50,Free_Living,annotator,Experimental situation,2022-06-05 00:00:50,2022-06-05 00:00:56
2022-06-05 10:44:50,2022-06-05 10:45:03,Free_Living,annotator,Experimental situation,2022-06-05 00:00:56,2022-06-05 00:01:09
2022-06-05 10:45:03,2022-06-05 10:45:13,Free_Living,annotator,Experimental situation,2022-06-05 00:01:09,2022-06-05 00:01:19
2022-06-05 10:45:13,2022-06-05 10:45:36,Free_Living,annotator,Experimental situation,2022-06-05 00:01:19,2022-06-05 00:01:42
2022-06-05 10:45:36,2022-06-05 10:45:48,Free_Living,annotator,Experimental situation,2022-06-05 00:01:42,2022-06-05 00:01:54
2022-06-05 10:45:48,2022-06-05 10:46:12,Free_Living,annotator,Experimental situation,2022-06-05 00:01:54,2022-06-05 00:02:18
2022-06-05 10:46:12,2022-06-05 10:46:20,Free_Living,annotator,Experimental situation,2022-06-05 00:02:18,2022-06-05 00:02:26
2022-06-05 10:46:20,2022-06-05 10:46:35,Free_Living,annotator,Experimental situation,2022-06-05 00:02:26,2022-06-05 00:02:41
2022-06-05 10:46:35,2022-06-05 10:50:23,Free_Living,annotator,Experimental situation,2022-06-05 00:02:41,2022-06-05 00:06:29
2022-06-05 10:50:23,2022-06-05 10:50:40,Free_Living,annotator,Experimental situation,2022-06-05 00:06:29,2022-06-05 00:06:46
2022-06-05 10:50:40,2022-06-05 10:50:58,Free_Living,annotator,Experimental situation,2022-06-05 00:06:46,2022-06-05 00:07:04
2022-06-05 10:50:58,2022-06-05 10:51:08,Free_Living,annotator,Experimental situation,2022-06-05 00:07:04,2022-06-05 00:07:14
2022-06-05 10:51:08,2022-06-05 10:51:25,Free_Living,annotator,Experimental situation,2022-06-05 00:07:14,2022-06-05 00:07:31
2022-06-05 10:51:25,2022-06-05 10:51:30,Free_Living,annotator,Experimental situation,2022-06-05 00:07:31,2022-06-05 00:07:36
2022-06-05 10:51:30,2022-06-05 10:51:34,Free_Living,annotator,Experimental situation,2022-06-05 00:07:36,2022-06-05 00:07:40
2022-06-05 10:51:34,2022-06-05 10:51:38,Free_Living,annotator,Experimental situation,2022-06-05 00:07:40,2022-06-05 00:07:44
2022-06-05 10:51:38,2022-06-05 10:51:57,Free_Living,annotator,Experimental situation,2022-06-05 00:07:44,2022-06-05 00:08:03
2022-06-05 10:51:57,2022-06-05 10:52:09,Free_Living,annotator,Experimental situation,2022-06-05 00:08:03,2022-06-05 00:08:15
2022-06-05 10:52:09,2022-06-05 10:52:14,Free_Living,annotator,Experimental situation,2022-06-05 00:08:15,2022-06-05 00:08:20
2022-06-05 10:52:14,2022-06-05 10:52:20,Free_Living,annotator,Experimental situation,2022-06-05 00:08:20,2022-06-05 00:08:26
2022-06-05 10:52:20,2022-06-05 10:54:33,Free_Living,annotator,Experimental situation,2022-06-05 00:08:26,2022-06-05 00:10:39
2022-06-05 10:54:33,2022-06-05 10:54:40,Free_Living,annotator,Experimental situation,2022-06-05 00:10:39,2022-06-05 00:10:46
2022-06-05 10:54:40,2022-06-05 10:54:56,Free_Living,annotator,Experimental situation,2022-06-05 00:10:46,2022-06-05 00:11:02
2022-06-05 10:54:56,2022-06-05 10:55:14,Free_Living,annotator,Experimental situation,2022-06-05 00:11:02,2022-06-05 00:11:20
2022-06-05 10:55:14,2022-06-05 10:55:19,Free_Living,annotator,Experimental situation,2022-06-05 00:11:20,2022-06-05 00:11:25
2022-06-05 10:55:19,2022-06-05 10:56:05,Free_Living,annotator,Experimental situation,2022-06-05 00:11:25,2022-06-05 00:12:11
2022-06-05 10:56:05,2022-06-05 10:56:15,Free_Living,annotator,Experimental situation,2022-06-05 00:12:11,2022-06-05 00:12:21
2022-06-05 10:56:15,2022-06-05 10:56:19,Free_Living,annotator,Experimental situation,2022-06-05 00:12:21,2022-06-05 00:12:25
2022-06-05 10:56:19,2022-06-05 10:56:40,Free_Living,annotator,Experimental situation,2022-06-05 00:12:25,2022-06-05 00:12:46
2022-06-05 10:56:40,2022-06-05 10:56:44,Free_Living,annotator,Experimental situation,2022-06-05 00:12:46,2022-06-05 00:12:50
2022-06-05 10:56:44,2022-06-05 10:56:47,Free_Living,annotator,Experimental situation,2022-06-05 00:12:50,2022-06-05 00:12:53
2022-06-05 10:56:47,2022-06-05 10:57:10,Free_Living,annotator,Experimental situation,2022-06-05 00:12:53,2022-06-05 00:13:16
2022-06-05 10:57:10,2022-06-05 10:57:13,Free_Living,annotator,Experimental situation,2022-06-05 00:13:16,2022-06-05 00:13:19
2022-06-05 10:57:13,2022-06-05 10:57:22,Free_Living,annotator,Experimental situation,2022-06-05 00:13:19,2022-06-05 00:13:28
2022-06-05 10:57:22,2022-06-05 10:57:28,Free_Living,annotator,Experimental situation,2022-06-05 00:13:28,2022-06-05 00:13:34
2022-06-05 10:57:28,2022-06-05 10:57:44,Free_Living,annotator,Experimental situation,2022-06-05 00:13:34,2022-06-05 00:13:50
2022-06-05 10:57:44,2022-06-05 10:57:49,Free_Living,annotator,Experimental situation,2022-06-05 00:13:50,2022-06-05 00:13:55
2022-06-05 10:57:49,2022-06-05 10:58:25,Free_Living,annotator,Experimental situation,2022-06-05 00:13:55,2022-06-05 00:14:31
2022-06-05 10:58:25,2022-06-05 10:58:28,Free_Living,annotator,Experimental situation,2022-06-05 00:14:31,2022-06-05 00:14:34
2022-06-05 10:58:28,2022-06-05 10:58:45,Free_Living,annotator,Experimental situation,2022-06-05 00:14:34,2022-06-05 00:14:51
2022-06-05 10:58:45,2022-06-05 10:58:53,Free_Living,annotator,Experimental situation,2022-06-05 00:14:51,2022-06-05 00:14:59
2022-06-05 10:58:53,2022-06-05 10:58:56,Free_Living,annotator,Experimental situation,2022-06-05 00:14:59,2022-06-05 00:15:02
2022-06-05 10:58:56,2022-06-05 10:59:05,Free_Living,annotator,Experimental situation,2022-06-05 00:15:02,2022-06-05 00:15:11
2022-06-05 10:59:05,2022-06-05 10:59:09,Free_Living,annotator,Experimental situation,2022-06-05 00:15:11,2022-06-05 00:15:15
2022-06-05 10:59:09,2022-06-05 10:59:44,Free_Living,annotator,Experimental situation,2022-06-05 00:15:15,2022-06-05 00:15:50
2022-06-05 10:59:44,2022-06-05 10:59:48,Free_Living,annotator,Experimental situation,2022-06-05 00:15:50,2022-06-05 00:15:54
2022-06-05 10:59:48,2022-06-05 10:59:54,Free_Living,annotator,Experimental situation,2022-06-05 00:15:54,2022-06-05 00:16:00
2022-06-05 10:59:54,2022-06-05 10:59:59,Free_Living,annotator,Experimental situation,2022-06-05 00:16:00,2022-06-05 00:16:05
2022-06-05 10:59:59,2022-06-05 11:02:00,Free_Living,annotator,Experimental situation,2022-06-05 00:16:05,2022-06-05 00:18:06
2022-06-05 11:02:00,2022-06-05 11:02:07,Free_Living,annotator,Experimental situation,2022-06-05 00:18:06,2022-06-05 00:18:13
2022-06-05 11:02:07,2022-06-05 11:02:27,Free_Living,annotator,Experimental situation,2022-06-05 00:18:13,2022-06-05 00:18:33
2022-06-05 11:02:27,2022-06-05 11:02:37,Free_Living,annotator,Experimental situation,2022-06-05 00:18:33,2022-06-05 00:18:43
2022-06-05 11:02:37,2022-06-05 11:02:52,Free_Living,annotator,Experimental situation,2022-06-05 00:18:43,2022-06-05 00:18:58
2022-06-05 11:02:52,2022-06-05 11:03:16,Free_Living,annotator,Experimental situation,2022-06-05 00:18:58,2022-06-05 00:19:22
2022-06-05 11:03:17,2022-06-05 11:03:34,Free_Living,annotator,Experimental situation,2022-06-05 00:19:23,2022-06-05 00:19:40
2022-06-05 11:03:34,2022-06-05 11:03:57,Free_Living,annotator,Experimental situation,2022-06-05 00:19:40,2022-06-05 00:20:03
2022-06-05 11:03:57,2022-06-05 11:04:05,Free_Living,annotator,Experimental situation,2022-06-05 00:20:03,2022-06-05 00:20:11
2022-06-05 11:04:07,2022-06-05 11:05:17,Free_Living,annotator,Experimental situation,2022-06-05 00:20:13,2022-06-05 00:21:23
2022-06-05 11:05:17,2022-06-05 11:05:30,Free_Living,annotator,Experimental situation,2022-06-05 00:21:23,2022-06-05 00:21:36
2022-06-05 11:05:30,2022-06-05 11:06:59,Free_Living,annotator,Experimental situation,2022-06-05 00:21:36,2022-06-05 00:23:05
2022-06-05 11:06:59,2022-06-05 11:07:09,Free_Living,annotator,Experimental situation,2022-06-05 00:23:05,2022-06-05 00:23:15
2022-06-05 11:07:09,2022-06-05 11:07:15,Free_Living,annotator,Experimental situation,2022-06-05 00:23:15,2022-06-05 00:23:21
2022-06-05 11:07:15,2022-06-05 11:07:39,Free_Living,annotator,Experimental situation,2022-06-05 00:23:21,2022-06-05 00:23:45
2022-06-05 11:07:39,2022-06-05 11:07:53,Free_Living,annotator,Experimental situation,2022-06-05 00:23:45,2022-06-05 00:23:59
2022-06-05 11:07:53,2022-06-05 11:08:09,Free_Living,annotator,Experimental situation,2022-06-05 00:23:59,2022-06-05 00:24:15
2022-06-05 11:08:09,2022-06-05 11:09:28,Free_Living,annotator,Experimental situation,2022-06-05 00:24:15,2022-06-05 00:25:34
2022-06-05 11:09:28,2022-06-05 11:11:21,Free_Living,annotator,Experimental situation,2022-06-05 00:25:34,2022-06-05 00:27:27
2022-06-05 11:11:21,2022-06-05 11:11:55,Free_Living,annotator,Experimental situation,2022-06-05 00:27:27,2022-06-05 00:28:01
2022-06-05 11:11:55,2022-06-05 11:12:18,Free_Living,annotator,Experimental situation,2022-06-05 00:28:01,2022-06-05 00:28:24
2022-06-05 11:12:18,2022-06-05 11:12:41,Free_Living,annotator,Experimental situation,2022-06-05 00:28:24,2022-06-05 00:28:47
2022-06-05 11:12:41,2022-06-05 11:14:21,Free_Living,annotator,Experimental situation,2022-06-05 00:28:47,2022-06-05 00:30:27
2022-06-05 11:14:21,2022-06-05 11:16:46,Free_Living,annotator,Experimental situation,2022-06-05 00:30:27,2022-06-05 00:32:52
2022-06-05 11:16:46,2022-06-05 11:18:22,Free_Living,annotator,Experimental situation,2022-06-05 00:32:52,2022-06-05 00:34:28
2022-06-05 11:18:22,2022-06-05 11:19:05,Free_Living,annotator,Experimental situation,2022-06-05 00:34:28,2022-06-05 00:35:11
2022-06-05 11:19:05,2022-06-05 11:19:49,Free_Living,annotator,Experimental situation,2022-06-05 00:35:11,2022-06-05 00:35:55
2022-06-05 11:19:49,2022-06-05 11:19:59,Free_Living,annotator,Experimental situation,2022-06-05 00:35:55,2022-06-05 00:36:05
2022-06-05 11:19:59,2022-06-05 11:20:17,Free_Living,annotator,Experimental situation,2022-06-05 00:36:05,2022-06-05 00:36:23
2022-06-05 11:20:17,2022-06-05 11:31:01,Free_Living,annotator,Experimental situation,2022-06-05 00:36:23,2022-06-05 00:47:07
2022-06-05 11:31:01,2022-06-05 11:31:24,Free_Living,annotator,Experimental situation,2022-06-05 00:47:07,2022-06-05 00:47:30
2022-06-05 11:31:24,2022-06-05 11:57:26,Free_Living,annotator,Experimental situation,2022-06-05 00:47:30,2022-06-05 01:13:32
2022-06-05 11:57:26,2022-06-05 11:58:24,Free_Living,annotator,Experimental situation,2022-06-05 01:13:32,2022-06-05 01:14:30
2022-06-05 11:58:24,2022-06-05 11:59:08,Free_Living,annotator,Experimental situation,2022-06-05 01:14:30,2022-06-05 01:15:14
2022-06-05 11:59:08,2022-06-05 12:00:25,Free_Living,annotator,Experimental situation,2022-06-05 01:15:14,2022-06-05 01:16:31
2022-06-05 12:00:25,2022-06-05 12:01:23,Free_Living,annotator,Experimental situation,2022-06-05 01:16:31,2022-06-05 01:17:29
2022-06-05 12:01:23,2022-06-05 12:02:04,Free_Living,annotator,Experimental situation,2022-06-05 01:17:29,2022-06-05 01:18:10
2022-06-05 12:02:04,2022-06-05 12:16:16,Free_Living,annotator,Experimental situation,2022-06-05 01:18:10,2022-06-05 01:32:22
2022-06-05 12:16:16,2022-06-05 12:17:55,Free_Living,annotator,Experimental situation,2022-06-05 01:32:22,2022-06-05 01:34:01
2022-06-05 12:17:55,2022-06-05 12:22:35,Free_Living,annotator,Experimental situation,2022-06-05 01:34:01,2022-06-05 01:38:41
2022-06-05 12:22:35,2022-06-05 12:25:29,Free_Living,annotator,Experimental situation,2022-06-05 01:38:41,2022-06-05 01:41:35
2022-06-05 12:25:29,2022-06-05 12:25:38,Free_Living,annotator,Experimental situation,2022-06-05 01:41:35,2022-06-05 01:41:44
2022-06-05 12:25:38,2022-06-05 12:26:22,Free_Living,annotator,Experimental situation,2022-06-05 01:41:44,2022-06-05 01:42:28
2022-06-05 12:26:22,2022-06-05 12:26:33,Free_Living,annotator,Experimental situation,2022-06-05 01:42:28,2022-06-05 01:42:39
2022-06-05 12:26:33,2022-06-05 12:31:32,Free_Living,annotator,Experimental situation,2022-06-05 01:42:39,2022-06-05 01:47:38
2022-06-05 12:31:32,2022-06-05 12:31:43,Free_Living,annotator,Experimental situation,2022-06-05 01:47:38,2022-06-05 01:47:49
2022-06-05 12:31:43,2022-06-05 12:32:08,Free_Living,annotator,Experimental situation,2022-06-05 01:47:49,2022-06-05 01:48:14
2022-06-05 12:32:08,2022-06-05 12:32:21,Free_Living,annotator,Experimental situation,2022-06-05 01:48:14,2022-06-05 01:48:27
2022-06-05 12:32:21,2022-06-05 12:32:43,Free_Living,annotator,Experimental situation,2022-06-05 01:48:27,2022-06-05 01:48:49
2022-06-05 12:32:43,2022-06-05 12:32:59,Free_Living,annotator,Experimental situation,2022-06-05 01:48:49,2022-06-05 01:49:05
2022-06-05 12:32:59,2022-06-05 12:33:30,Free_Living,annotator,Experimental situation,2022-06-05 01:49:05,2022-06-05 01:49:36
2022-06-05 12:33:30,2022-06-05 12:34:30,Free_Living,annotator,Experimental situation,2022-06-05 01:49:36,2022-06-05 01:50:36
2022-06-05 12:34:30,2022-06-05 12:40:53,Free_Living,annotator,Experimental situation,2022-06-05 01:50:36,2022-06-05 01:56:59
2022-06-05 12:40:53,2022-06-05 12:43:32,Free_Living,annotator,Experimental situation,2022-06-05 01:56:59,2022-06-05 01:59:38
2022-06-05 12:43:32,2022-06-05 12:43:45,Free_Living,annotator,Experimental situation,2022-06-05 01:59:38,2022-06-05 01:59:51
2022-06-05 12:43:45,2022-06-05 12:45:23,Free_Living,annotator,Experimental situation,2022-06-05 01:59:51,2022-06-05 02:01:29
2022-06-05 12:45:23,2022-06-05 13:11:41,Free_Living,annotator,Experimental situation,2022-06-05 02:01:29,2022-06-05 02:27:47
2022-06-05 13:11:41,2022-06-05 13:12:04,Free_Living,annotator,Experimental situation,2022-06-05 02:27:47,2022-06-05 02:28:10
2022-06-05 13:12:04,2022-06-05 13:13:01,Free_Living,annotator,Experimental situation,2022-06-05 02:28:10,2022-06-05 02:29:07
2022-06-05 13:13:01,2022-06-05 13:14:42,Free_Living,annotator,Experimental situation,2022-06-05 02:29:07,2022-06-05 02:30:48
2022-06-05 13:14:42,2022-06-05 13:15:27,Free_Living,annotator,Experimental situation,2022-06-05 02:30:48,2022-06-05 02:31:33
2022-06-05 13:15:27,2022-06-05 13:17:12,Free_Living,annotator,Experimental situation,2022-06-05 02:31:33,2022-06-05 02:33:18
2022-06-05 13:17:12,2022-06-05 14:22:38,ES_VideoUnavailable/Indecipherable,annotator,Experimental situation,2022-06-05 02:33:18,2022-06-05 03:38:44
2022-06-05 14:22:38,2022-06-05 14:24:06,Free_Living,annotator,Experimental situation,2022-06-05 03:38:44,2022-06-05 03:40:12
2022-06-05 14:24:06,2022-06-05 14:26:10,Free_Living,annotator,Experimental situation,2022-06-05 03:40:12,2022-06-05 03:42:16
2022-06-05 14:26:10,2022-06-05 14:26:46,Free_Living,annotator,Experimental situation,2022-06-05 03:42:16,2022-06-05 03:42:52
2022-06-05 14:26:46,2022-06-05 14:28:32,Free_Living,annotator,Experimental situation,2022-06-05 03:42:52,2022-06-05 03:44:38
2022-06-05 14:28:32,2022-06-05 14:29:09,Free_Living,annotator,Experimental situation,2022-06-05 03:44:38,2022-06-05 03:45:15
2022-06-05 14:29:09,2022-06-05 15:07:26,Free_Living,annotator,Experimental situation,2022-06-05 03:45:15,2022-06-05 04:23:32
2022-06-05 15:07:26,2022-06-05 15:08:45,Free_Living,annotator,Experimental situation,2022-06-05 04:23:32,2022-06-05 04:24:51
2022-06-05 15:08:45,2022-06-05 15:09:31,Free_Living,annotator,Experimental situation,2022-06-05 04:24:51,2022-06-05 04:25:37
2022-06-05 15:09:31,2022-06-05 15:11:05,Free_Living,annotator,Experimental situation,2022-06-05 04:25:37,2022-06-05 04:27:11
2022-06-05 15:11:05,2022-06-05 15:11:33,Free_Living,annotator,Experimental situation,2022-06-05 04:27:11,2022-06-05 04:27:39
2022-06-05 15:11:33,2022-06-05 15:21:33,Free_Living,annotator,Experimental situation,2022-06-05 04:27:39,2022-06-05 04:37:39
2022-06-05 15:21:33,2022-06-05 15:21:44,Free_Living,annotator,Experimental situation,2022-06-05 04:37:39,2022-06-05 04:37:50
2022-06-05 15:21:44,2022-06-05 15:26:22,Free_Living,annotator,Experimental situation,2022-06-05 04:37:50,2022-06-05 04:42:28
2022-06-05 15:26:22,2022-06-05 15:26:36,Free_Living,annotator,Experimental situation,2022-06-05 04:42:28,2022-06-05 04:42:42
2022-06-05 15:26:36,2022-06-05 15:28:11,Free_Living,annotator,Experimental situation,2022-06-05 04:42:42,2022-06-05 04:44:17
2022-06-05 15:28:11,2022-06-05 15:28:40,Free_Living,annotator,Experimental situation,2022-06-05 04:44:17,2022-06-05 04:44:46
2022-06-05 15:28:40,2022-06-05 15:50:48,Free_Living,annotator,Experimental situation,2022-06-05 04:44:46,2022-06-05 05:06:54
2022-06-05 15:50:48,2022-06-05 15:52:03,Free_Living,annotator,Experimental situation,2022-06-05 05:06:54,2022-06-05 05:08:09
2022-06-05 15:52:03,2022-06-05 15:53:02,Free_Living,annotator,Experimental situation,2022-06-05 05:08:09,2022-06-05 05:09:08
2022-06-05 15:53:02,2022-06-05 15:54:55,Free_Living,annotator,Experimental situation,2022-06-05 05:09:08,2022-06-05 05:11:01
2022-06-05 15:54:55,2022-06-05 15:55:28,Free_Living,annotator,Experimental situation,2022-06-05 05:11:01,2022-06-05 05:11:34
2022-06-05 15:55:28,2022-06-05 15:56:13,Free_Living,annotator,Experimental situation,2022-06-05 05:11:34,2022-06-05 05:12:19
2022-06-05 15:56:13,2022-06-05 15:56:43,Free_Living,annotator,Experimental situation,2022-06-05 05:12:19,2022-06-05 05:12:49
2022-06-05 15:56:43,2022-06-05 15:56:59,Free_Living,annotator,Experimental situation,2022-06-05 05:12:49,2022-06-05 05:13:05
2022-06-05 15:56:59,2022-06-05 15:58:37,Free_Living,annotator,Experimental situation,2022-06-05 05:13:05,2022-06-05 05:14:43
2022-06-05 15:58:37,2022-06-05 15:59:57,Free_Living,annotator,Experimental situation,2022-06-05 05:14:43,2022-06-05 05:16:03
2022-06-05 15:59:57,2022-06-05 16:01:31,Free_Living,annotator,Experimental situation,2022-06-05 05:16:03,2022-06-05 05:17:37
2022-06-05 16:01:31,2022-06-05 16:05:50,Free_Living,annotator,Experimental situation,2022-06-05 05:17:37,2022-06-05 05:21:56
2022-06-05 16:05:50,2022-06-05 16:06:05,Free_Living,annotator,Experimental situation,2022-06-05 05:21:56,2022-06-05 05:22:11
2022-06-05 16:06:05,2022-06-05 16:07:35,Free_Living,annotator,Experimental situation,2022-06-05 05:22:11,2022-06-05 05:23:41
2022-06-05 16:07:35,2022-06-05 16:07:49,Free_Living,annotator,Experimental situation,2022-06-05 05:23:41,2022-06-05 05:23:55
2022-06-05 16:07:49,2022-06-05 16:08:57,Free_Living,annotator,Experimental situation,2022-06-05 05:23:55,2022-06-05 05:25:03
2022-06-05 16:08:57,2022-06-05 16:10:01,Free_Living,annotator,Experimental situation,2022-06-05 05:25:03,2022-06-05 05:26:07
2022-06-05 16:10:01,2022-06-05 16:13:12,Free_Living,annotator,Experimental situation,2022-06-05 05:26:07,2022-06-05 05:29:18
2022-06-05 16:13:12,2022-06-05 16:15:28,Free_Living,annotator,Experimental situation,2022-06-05 05:29:18,2022-06-05 05:31:34
2022-06-05 16:15:28,2022-06-05 16:15:53,Free_Living,annotator,Experimental situation,2022-06-05 05:31:34,2022-06-05 05:31:59
2022-06-05 16:15:53,2022-06-05 16:17:33,Free_Living,annotator,Experimental situation,2022-06-05 05:31:59,2022-06-05 05:33:39
2022-06-05 16:17:33,2022-06-05 16:18:09,Free_Living,annotator,Experimental situation,2022-06-05 05:33:39,2022-06-05 05:34:15
2022-06-05 16:18:09,2022-06-05 16:23:08,Free_Living,annotator,Experimental situation,2022-06-05 05:34:15,2022-06-05 05:39:14
2022-06-05 16:23:08,2022-06-05 16:24:26,Free_Living,annotator,Experimental situation,2022-06-05 05:39:14,2022-06-05 05:40:32
2022-06-05 16:24:26,2022-06-05 16:26:09,Free_Living,annotator,Experimental situation,2022-06-05 05:40:32,2022-06-05 05:42:15
2022-06-05 16:26:09,2022-06-05 16:28:06,Free_Living,annotator,Experimental situation,2022-06-05 05:42:15,2022-06-05 05:44:12
2022-06-05 16:28:06,2022-06-05 16:30:00,Free_Living,annotator,Experimental situation,2022-06-05 05:44:12,2022-06-05 05:46:06
2022-06-05 16:30:00,2022-06-05 16:32:31,Free_Living,annotator,Experimental situation,2022-06-05 05:46:06,2022-06-05 05:48:37
2022-06-05 16:32:31,2022-06-05 16:36:51,Free_Living,annotator,Experimental situation,2022-06-05 05:48:37,2022-06-05 05:52:57
2022-06-05 16:36:51,2022-06-05 16:37:11,Free_Living,annotator,Experimental situation,2022-06-05 05:52:57,2022-06-05 05:53:17
2022-06-05 16:37:11,2022-06-05 16:37:29,Free_Living,annotator,Experimental situation,2022-06-05 05:53:17,2022-06-05 05:53:35
2022-06-05 16:37:29,2022-06-05 16:37:46,Free_Living,annotator,Experimental situation,2022-06-05 05:53:35,2022-06-05 05:53:52
2022-06-05 16:37:46,2022-06-05 16:40:27,Free_Living,annotator,Experimental situation,2022-06-05 05:53:52,2022-06-05 05:56:33
2022-06-05 16:40:27,2022-06-05 16:40:51,Free_Living,annotator,Experimental situation,2022-06-05 05:56:33,2022-06-05 05:56:57
2022-06-05 16:40:51,2022-06-05 16:41:10,Free_Living,annotator,Experimental situation,2022-06-05 05:56:57,2022-06-05 05:57:16
2022-06-05 16:41:10,2022-06-05 16:41:36,Free_Living,annotator,Experimental situation,2022-06-05 05:57:16,2022-06-05 05:57:42
2022-06-05 16:41:36,2022-06-05 16:43:02,Free_Living,annotator,Experimental situation,2022-06-05 05:57:42,2022-06-05 05:59:08
2022-06-05 16:43:02,2022-06-05 16:46:36,Free_Living,annotator,Experimental situation,2022-06-05 05:59:08,2022-06-05 06:02:42
