START_TIME,STOP_TIME,PREDICTION,SOURCE,LABELSET,VIDEO_START_TIME,VIDEO_END_TIME
2022-05-13 07:05:28,2022-05-13 07:05:39,Holding_Other_Object_Light, Located_Indoors,annotator,Behavioral Parameters,2022-05-13 00:00:00,2022-05-13 00:00:11
2022-05-13 07:05:39,2022-05-13 07:06:05,Holding_Other_Object_Light, Located_Indoors,annotator,Behavioral Parameters,2022-05-13 00:00:11,2022-05-13 00:00:37
2022-05-13 07:06:05,2022-05-13 07:06:21,Holding_Other_Object_Light, Located_Indoors,annotator,Behavioral Parameters,2022-05-13 00:00:37,2022-05-13 00:00:53
2022-05-13 07:06:21,2022-05-13 07:06:55,Holding_Other_Object_Light, Located_Indoors, Handwriting,annotator,Behavioral Parameters,2022-05-13 00:00:53,2022-05-13 00:01:27
2022-05-13 07:06:55,2022-05-13 07:07:14,Holding_Other_Object_Light, Located_Indoors,annotator,Behavioral Parameters,2022-05-13 00:01:27,2022-05-13 00:01:46
2022-05-13 07:07:14,2022-05-13 07:07:56,Holding_Other_Object_Light, Located_Indoors,annotator,Behavioral Parameters,2022-05-13 00:01:46,2022-05-13 00:02:28
2022-05-13 07:07:56,2022-05-13 07:09:10,Holding_Other_Object_Light, Located_Indoors,annotator,Behavioral Parameters,2022-05-13 00:02:28,2022-05-13 00:03:42
2022-05-13 07:09:10,2022-05-13 07:09:44,Holding_Other_Object_Light, Located_Indoors,annotator,Behavioral Parameters,2022-05-13 00:03:42,2022-05-13 00:04:16
2022-05-13 07:09:44,2022-05-13 07:10:00,Holding_Other_Object_Light, Located_Indoors,annotator,Behavioral Parameters,2022-05-13 00:04:16,2022-05-13 00:04:32
2022-05-13 07:10:00,2022-05-13 07:10:11,Holding_Other_Object_Light, Located_Indoors, Holding_Drink,annotator,Behavioral Parameters,2022-05-13 00:04:32,2022-05-13 00:04:43
2022-05-13 07:10:11,2022-05-13 07:10:24,Holding_Other_Object_Light, Located_Indoors,annotator,Behavioral Parameters,2022-05-13 00:04:43,2022-05-13 00:04:56
2022-05-13 07:10:24,2022-05-13 07:12:17,Holding_Other_Object_Light, Located_Indoors, Holding_Solid_Food,annotator,Behavioral Parameters,2022-05-13 00:04:56,2022-05-13 00:06:49
2022-05-13 07:12:17,2022-05-13 07:12:29,Holding_Other_Object_Light, Located_Indoors,annotator,Behavioral Parameters,2022-05-13 00:06:49,2022-05-13 00:07:01
2022-05-13 07:12:29,2022-05-13 07:12:47,Holding_Other_Object_Light, Located_Indoors,annotator,Behavioral Parameters,2022-05-13 00:07:01,2022-05-13 00:07:19
2022-05-13 07:12:47,2022-05-13 07:13:09,Holding_Other_Object_Light, Located_Indoors,annotator,Behavioral Parameters,2022-05-13 00:07:19,2022-05-13 00:07:41
2022-05-13 07:13:09,2022-05-13 07:13:35,Holding_Other_Object_Light, Located_Indoors,annotator,Behavioral Parameters,2022-05-13 00:07:41,2022-05-13 00:08:07
2022-05-13 07:13:35,2022-05-13 07:14:02,Holding_Other_Object_Light, Located_Indoors,annotator,Behavioral Parameters,2022-05-13 00:08:07,2022-05-13 00:08:34
2022-05-13 07:14:02,2022-05-13 07:24:52,Holding_Other_Object_Light, Located_Indoors,annotator,Behavioral Parameters,2022-05-13 00:08:34,2022-05-13 00:19:24
2022-05-13 07:24:52,2022-05-13 07:25:12,Located_Indoors,annotator,Behavioral Parameters,2022-05-13 00:19:24,2022-05-13 00:19:44
2022-05-13 07:25:12,2022-05-13 07:25:40,Located_Indoors, Holding_Drink,annotator,Behavioral Parameters,2022-05-13 00:19:44,2022-05-13 00:20:12
2022-05-13 07:25:40,2022-05-13 07:26:00,Located_Indoors,annotator,Behavioral Parameters,2022-05-13 00:20:12,2022-05-13 00:20:32
2022-05-13 07:26:00,2022-05-13 07:26:18,Located_Indoors,annotator,Behavioral Parameters,2022-05-13 00:20:32,2022-05-13 00:20:50
2022-05-13 07:26:18,2022-05-13 07:26:35,Located_Indoors, Holding_Other_Object_Light,annotator,Behavioral Parameters,2022-05-13 00:20:50,2022-05-13 00:21:07
2022-05-13 07:26:35,2022-05-13 07:28:34,Located_Indoors, Holding_Other_Object_Light, Holding_Drink,annotator,Behavioral Parameters,2022-05-13 00:21:07,2022-05-13 00:23:06
2022-05-13 07:28:34,2022-05-13 07:29:13,Located_Indoors, Holding_Other_Object_Light, Holding_Drink,annotator,Behavioral Parameters,2022-05-13 00:23:06,2022-05-13 00:23:45
2022-05-13 07:29:13,2022-05-13 07:29:26,Located_Indoors, Holding_Other_Object_Light, Holding_Drink,annotator,Behavioral Parameters,2022-05-13 00:23:45,2022-05-13 00:23:58
2022-05-13 07:29:26,2022-05-13 07:29:51,Located_Indoors, Holding_Other_Object_Light, Holding_Drink,annotator,Behavioral Parameters,2022-05-13 00:23:58,2022-05-13 00:24:23
2022-05-13 07:29:51,2022-05-13 07:30:07,Located_Indoors, Holding_Other_Object_Light, Holding_Drink,annotator,Behavioral Parameters,2022-05-13 00:24:23,2022-05-13 00:24:39
2022-05-13 07:30:07,2022-05-13 07:30:41,Located_Indoors, Holding_Other_Object_Light, Holding_Drink,annotator,Behavioral Parameters,2022-05-13 00:24:39,2022-05-13 00:25:13
2022-05-13 07:30:41,2022-05-13 07:31:19,Holding_Other_Object_Light, Located_Outdoors,annotator,Behavioral Parameters,2022-05-13 00:25:13,2022-05-13 00:25:51
2022-05-13 07:31:19,2022-05-13 07:43:10,Located_Outdoors, Holding_Drink,annotator,Behavioral Parameters,2022-05-13 00:25:51,2022-05-13 00:37:42
2022-05-13 07:43:10,2022-05-13 07:43:34,Located_Outdoors, Holding_Other_Object_Light,annotator,Behavioral Parameters,2022-05-13 00:37:42,2022-05-13 00:38:06
2022-05-13 07:43:34,2022-05-13 07:44:08,Located_Outdoors, Holding_Other_Object_Light,annotator,Behavioral Parameters,2022-05-13 00:38:06,2022-05-13 00:38:40
2022-05-13 07:44:08,2022-05-13 07:44:33,Located_Outdoors, Holding_Other_Object_Light,annotator,Behavioral Parameters,2022-05-13 00:38:40,2022-05-13 00:39:05
2022-05-13 07:44:33,2022-05-13 07:51:29,Located_Outdoors, Holding_Other_Object_Light, Holding_Drink,annotator,Behavioral Parameters,2022-05-13 00:39:05,2022-05-13 00:46:01
2022-05-13 07:51:29,2022-05-13 07:52:12,Holding_Other_Object_Light, Holding_Drink, Located_Indoors,annotator,Behavioral Parameters,2022-05-13 00:46:01,2022-05-13 00:46:44
2022-05-13 07:52:12,2022-05-13 07:52:50,Holding_Other_Object_Light, Holding_Drink, Located_Indoors,annotator,Behavioral Parameters,2022-05-13 00:46:44,2022-05-13 00:47:22
2022-05-13 07:52:50,2022-05-13 07:53:29,Holding_Other_Object_Light, Holding_Drink, Located_Indoors,annotator,Behavioral Parameters,2022-05-13 00:47:22,2022-05-13 00:48:01
2022-05-13 07:53:29,2022-05-13 07:53:45,Holding_Other_Object_Light, Located_Indoors,annotator,Behavioral Parameters,2022-05-13 00:48:01,2022-05-13 00:48:17
2022-05-13 07:53:45,2022-05-13 07:55:23,Located_Indoors, Typing_Computer,annotator,Behavioral Parameters,2022-05-13 00:48:17,2022-05-13 00:49:55
2022-05-13 07:55:23,2022-05-13 07:55:31,Located_Indoors,annotator,Behavioral Parameters,2022-05-13 00:49:55,2022-05-13 00:50:03
2022-05-13 07:55:31,2022-05-13 07:55:52,Located_Indoors,annotator,Behavioral Parameters,2022-05-13 00:50:03,2022-05-13 00:50:24
2022-05-13 07:55:52,2022-05-13 07:56:00,Located_Indoors,annotator,Behavioral Parameters,2022-05-13 00:50:24,2022-05-13 00:50:32
2022-05-13 07:56:00,2022-05-13 07:56:38,Located_Indoors, Typing_Computer, Holding_Other_Object_Light,annotator,Behavioral Parameters,2022-05-13 00:50:32,2022-05-13 00:51:10
2022-05-13 07:56:38,2022-05-13 07:56:51,Located_Indoors, Holding_Other_Object_Light,annotator,Behavioral Parameters,2022-05-13 00:51:10,2022-05-13 00:51:23
2022-05-13 07:56:51,2022-05-13 07:57:09,Located_Indoors, Holding_Other_Object_Light, Typing_Computer,annotator,Behavioral Parameters,2022-05-13 00:51:23,2022-05-13 00:51:41
2022-05-13 07:57:09,2022-05-13 07:57:18,Located_Indoors,annotator,Behavioral Parameters,2022-05-13 00:51:41,2022-05-13 00:51:50
2022-05-13 07:57:18,2022-05-13 07:57:27,Located_Indoors,annotator,Behavioral Parameters,2022-05-13 00:51:50,2022-05-13 00:51:59
2022-05-13 07:57:27,2022-05-13 07:57:38,Located_Indoors,annotator,Behavioral Parameters,2022-05-13 00:51:59,2022-05-13 00:52:10
2022-05-13 07:57:38,2022-05-13 08:04:45,Located_Indoors, Typing_Computer,annotator,Behavioral Parameters,2022-05-13 00:52:10,2022-05-13 00:59:17
2022-05-13 08:04:45,2022-05-13 08:04:52,Located_Indoors,annotator,Behavioral Parameters,2022-05-13 00:59:17,2022-05-13 00:59:24
2022-05-13 08:04:52,2022-05-13 08:05:39,Located_Indoors, Holding_Other_Object_Light,annotator,Behavioral Parameters,2022-05-13 00:59:24,2022-05-13 01:00:11
2022-05-13 08:05:39,2022-05-13 08:05:47,Located_Indoors,annotator,Behavioral Parameters,2022-05-13 01:00:11,2022-05-13 01:00:19
2022-05-13 08:05:47,2022-05-13 08:21:18,Located_Indoors, Typing_Computer,annotator,Behavioral Parameters,2022-05-13 01:00:19,2022-05-13 01:15:50
2022-05-13 08:21:18,2022-05-13 08:21:35,Located_Indoors, Texting/Browsing_Phone,annotator,Behavioral Parameters,2022-05-13 01:15:50,2022-05-13 01:16:07
2022-05-13 08:21:35,2022-05-13 08:21:41,Located_Indoors,annotator,Behavioral Parameters,2022-05-13 01:16:07,2022-05-13 01:16:13
2022-05-13 08:21:41,2022-05-13 08:21:57,Located_Indoors, Holding_Other_Object_Light,annotator,Behavioral Parameters,2022-05-13 01:16:13,2022-05-13 01:16:29
2022-05-13 08:21:57,2022-05-13 08:22:08,Located_Indoors,annotator,Behavioral Parameters,2022-05-13 01:16:29,2022-05-13 01:16:40
2022-05-13 08:22:08,2022-05-13 09:48:00,CP_VideoUnavailable/Indecipherable,annotator,Behavioral Parameters,2022-05-13 01:16:40,2022-05-13 02:42:32
2022-05-13 09:48:00,2022-05-13 09:48:47,Holding_Drink, Holding_Other_Object_Light,annotator,Behavioral Parameters,2022-05-13 02:42:32,2022-05-13 02:43:19
2022-05-13 09:48:47,2022-05-13 09:49:32,Holding_Drink, Texting/Browsing_Phone,annotator,Behavioral Parameters,2022-05-13 02:43:19,2022-05-13 02:44:04
2022-05-13 09:49:32,2022-05-13 09:49:55,Holding_Drink, Texting/Browsing_Phone,annotator,Behavioral Parameters,2022-05-13 02:44:04,2022-05-13 02:44:27
2022-05-13 09:49:55,2022-05-13 09:50:23,Texting/Browsing_Phone, Located_Indoors,annotator,Behavioral Parameters,2022-05-13 02:44:27,2022-05-13 02:44:55
2022-05-13 09:50:23,2022-05-13 09:54:09,Located_Indoors,annotator,Behavioral Parameters,2022-05-13 02:44:55,2022-05-13 02:48:41
2022-05-13 09:54:09,2022-05-13 09:55:38,Located_Indoors, In_Conversation,annotator,Behavioral Parameters,2022-05-13 02:48:41,2022-05-13 02:50:10
2022-05-13 09:55:38,2022-05-13 09:56:53,Located_Indoors, In_Conversation,annotator,Behavioral Parameters,2022-05-13 02:50:10,2022-05-13 02:51:25
2022-05-13 09:56:53,2022-05-13 09:57:12,Located_Indoors, In_Conversation, Holding_Solid_Food,annotator,Behavioral Parameters,2022-05-13 02:51:25,2022-05-13 02:51:44
2022-05-13 09:57:12,2022-05-13 09:57:45,Located_Indoors, Holding_Solid_Food,annotator,Behavioral Parameters,2022-05-13 02:51:44,2022-05-13 02:52:17
2022-05-13 09:57:45,2022-05-13 09:57:58,Located_Indoors, Holding_Solid_Food,annotator,Behavioral Parameters,2022-05-13 02:52:17,2022-05-13 02:52:30
2022-05-13 09:57:58,2022-05-13 09:59:21,Located_Indoors, Holding_Solid_Food, Holding_Drink,annotator,Behavioral Parameters,2022-05-13 02:52:30,2022-05-13 02:53:53
2022-05-13 09:59:21,2022-05-13 10:11:43,Located_Indoors, Holding_Solid_Food, Holding_Drink, In_Conversation,annotator,Behavioral Parameters,2022-05-13 02:53:53,2022-05-13 03:06:15
2022-05-13 10:11:43,2022-05-13 10:12:12,Located_Indoors, Holding_Solid_Food,annotator,Behavioral Parameters,2022-05-13 03:06:15,2022-05-13 03:06:44
2022-05-13 10:12:12,2022-05-13 10:14:11,Located_Indoors, Holding_Drink, In_Conversation,annotator,Behavioral Parameters,2022-05-13 03:06:44,2022-05-13 03:08:43
2022-05-13 10:14:11,2022-05-13 10:15:18,Located_Indoors, Holding_Drink, In_Conversation,annotator,Behavioral Parameters,2022-05-13 03:08:43,2022-05-13 03:09:50
2022-05-13 10:15:18,2022-05-13 10:16:11,Located_Indoors, Holding_Drink, In_Conversation,annotator,Behavioral Parameters,2022-05-13 03:09:50,2022-05-13 03:10:43
2022-05-13 10:16:11,2022-05-13 10:16:57,Located_Indoors, Holding_Drink, In_Conversation, Holding_Other_Object_Light,annotator,Behavioral Parameters,2022-05-13 03:10:43,2022-05-13 03:11:29
2022-05-13 10:16:57,2022-05-13 10:17:16,Located_Indoors, Holding_Drink, In_Conversation, Holding_Other_Object_Light,annotator,Behavioral Parameters,2022-05-13 03:11:29,2022-05-13 03:11:48
2022-05-13 10:17:16,2022-05-13 10:18:05,Located_Indoors, Holding_Drink, In_Conversation,annotator,Behavioral Parameters,2022-05-13 03:11:48,2022-05-13 03:12:37
2022-05-13 10:18:05,2022-05-13 10:21:56,Located_Indoors, In_Conversation, Holding_Other_Object_Light,annotator,Behavioral Parameters,2022-05-13 03:12:37,2022-05-13 03:16:28
2022-05-13 10:21:56,2022-05-13 10:22:07,Located_Indoors, Holding_Other_Object_Light,annotator,Behavioral Parameters,2022-05-13 03:16:28,2022-05-13 03:16:39
2022-05-13 10:22:07,2022-05-13 10:33:03,Located_Indoors, Typing_Computer,annotator,Behavioral Parameters,2022-05-13 03:16:39,2022-05-13 03:27:35
2022-05-13 10:33:03,2022-05-13 10:48:42,Located_Indoors, Holding_Other_Object_Light,annotator,Behavioral Parameters,2022-05-13 03:27:35,2022-05-13 03:43:14
2022-05-13 10:48:42,2022-05-13 10:51:48,Located_Indoors, Typing_Computer,annotator,Behavioral Parameters,2022-05-13 03:43:14,2022-05-13 03:46:20
2022-05-13 10:51:48,2022-05-13 11:01:05,Located_Indoors, Typing_Computer, Browsing_Computer,annotator,Behavioral Parameters,2022-05-13 03:46:20,2022-05-13 03:55:37
2022-05-13 11:01:05,2022-05-13 11:04:00,Located_Indoors, Typing_Computer, Browsing_Computer, In_Conversation,annotator,Behavioral Parameters,2022-05-13 03:55:37,2022-05-13 03:58:32
2022-05-13 11:04:00,2022-05-13 11:28:56,Located_Indoors, Typing_Computer, Browsing_Computer, In_Conversation,annotator,Behavioral Parameters,2022-05-13 03:58:32,2022-05-13 04:23:28
2022-05-13 11:28:56,2022-05-13 11:29:29,Located_Indoors, In_Conversation,annotator,Behavioral Parameters,2022-05-13 04:23:28,2022-05-13 04:24:01
2022-05-13 11:29:29,2022-05-13 11:29:48,Located_Indoors, Holding_Other_Object_Light,annotator,Behavioral Parameters,2022-05-13 04:24:01,2022-05-13 04:24:20
2022-05-13 11:29:48,2022-05-13 11:30:04,Located_Indoors, Holding_Other_Object_Light,annotator,Behavioral Parameters,2022-05-13 04:24:20,2022-05-13 04:24:36
2022-05-13 11:30:04,2022-05-13 11:35:53,Located_Indoors, Holding_Other_Object_Light,annotator,Behavioral Parameters,2022-05-13 04:24:36,2022-05-13 04:30:25
2022-05-13 11:35:53,2022-05-13 11:36:04,Located_Indoors,annotator,Behavioral Parameters,2022-05-13 04:30:25,2022-05-13 04:30:36
2022-05-13 11:36:04,2022-05-13 11:36:20,Located_Indoors, Holding_Other_Object_Light,annotator,Behavioral Parameters,2022-05-13 04:30:36,2022-05-13 04:30:52
2022-05-13 11:36:20,2022-05-13 11:36:34,Located_Indoors, Holding_Other_Object_Light,annotator,Behavioral Parameters,2022-05-13 04:30:52,2022-05-13 04:31:06
2022-05-13 11:36:34,2022-05-13 11:37:30,Located_Indoors, Holding_Other_Object_Light, In_Conversation,annotator,Behavioral Parameters,2022-05-13 04:31:06,2022-05-13 04:32:02
2022-05-13 11:37:30,2022-05-13 11:39:09,Located_Indoors, Holding_Other_Object_Light,annotator,Behavioral Parameters,2022-05-13 04:32:02,2022-05-13 04:33:41
2022-05-13 11:39:09,2022-05-13 11:41:14,Located_Indoors, Typing_Computer,annotator,Behavioral Parameters,2022-05-13 04:33:41,2022-05-13 04:35:46
2022-05-13 11:41:14,2022-05-13 11:41:22,Located_Indoors,annotator,Behavioral Parameters,2022-05-13 04:35:46,2022-05-13 04:35:54
2022-05-13 11:41:22,2022-05-13 11:47:47,Located_Indoors, In_Conversation,annotator,Behavioral Parameters,2022-05-13 04:35:54,2022-05-13 04:42:19
2022-05-13 11:47:47,2022-05-13 11:48:03,Located_Indoors,annotator,Behavioral Parameters,2022-05-13 04:42:19,2022-05-13 04:42:35
2022-05-13 11:48:03,2022-05-13 11:48:19,Located_Indoors, In_Conversation,annotator,Behavioral Parameters,2022-05-13 04:42:35,2022-05-13 04:42:51
2022-05-13 11:48:19,2022-05-13 11:54:31,Located_Indoors, In_Conversation,annotator,Behavioral Parameters,2022-05-13 04:42:51,2022-05-13 04:49:03
2022-05-13 11:54:32,2022-05-13 12:19:45,Located_Indoors,annotator,Behavioral Parameters,2022-05-13 04:49:04,2022-05-13 05:14:17
2022-05-13 12:19:45,2022-05-13 12:21:21,Located_Indoors, Holding_Other_Object_Light,annotator,Behavioral Parameters,2022-05-13 05:14:17,2022-05-13 05:15:53
2022-05-13 12:21:21,2022-05-13 12:24:27,Located_Indoors, Holding_Other_Object_Light,annotator,Behavioral Parameters,2022-05-13 05:15:53,2022-05-13 05:18:59
2022-05-13 12:24:27,2022-05-13 12:25:22,Located_Indoors, Holding_Other_Object_Light,annotator,Behavioral Parameters,2022-05-13 05:18:59,2022-05-13 05:19:54
2022-05-13 12:25:22,2022-05-13 12:25:45,Located_Indoors, Holding_Other_Object_Light,annotator,Behavioral Parameters,2022-05-13 05:19:54,2022-05-13 05:20:17
2022-05-13 12:25:45,2022-05-13 12:27:13,Located_Indoors, Holding_Other_Object_Light, Texting/Browsing_Phone,annotator,Behavioral Parameters,2022-05-13 05:20:17,2022-05-13 05:21:45
2022-05-13 12:27:13,2022-05-13 12:33:30,Holding_Other_Object_Light, Located_Outdoors,annotator,Behavioral Parameters,2022-05-13 05:21:45,2022-05-13 05:28:02
2022-05-13 12:33:30,2022-05-13 12:34:08,Holding_Other_Object_Light, Located_Indoors,annotator,Behavioral Parameters,2022-05-13 05:28:02,2022-05-13 05:28:40
2022-05-13 12:34:08,2022-05-13 12:34:31,Holding_Other_Object_Light, Located_Indoors,annotator,Behavioral Parameters,2022-05-13 05:28:40,2022-05-13 05:29:03
2022-05-13 12:34:31,2022-05-13 12:34:51,Holding_Other_Object_Light, Located_Indoors,annotator,Behavioral Parameters,2022-05-13 05:29:03,2022-05-13 05:29:23
2022-05-13 12:34:51,2022-05-13 12:35:47,Holding_Other_Object_Light, Located_Indoors,annotator,Behavioral Parameters,2022-05-13 05:29:23,2022-05-13 05:30:19
2022-05-13 12:35:47,2022-05-13 12:35:58,Holding_Other_Object_Light, Located_Outdoors,annotator,Behavioral Parameters,2022-05-13 05:30:19,2022-05-13 05:30:30
2022-05-13 12:35:58,2022-05-13 12:41:33,Located_Outdoors,annotator,Behavioral Parameters,2022-05-13 05:30:30,2022-05-13 05:36:05
2022-05-13 12:41:33,2022-05-13 12:42:15,Located_Outdoors, Holding_Other_Object_Light,annotator,Behavioral Parameters,2022-05-13 05:36:05,2022-05-13 05:36:47
2022-05-13 12:42:16,2022-05-13 12:43:11,Located_Outdoors, Holding_Other_Object_Light,annotator,Behavioral Parameters,2022-05-13 05:36:48,2022-05-13 05:37:43
2022-05-13 12:43:11,2022-05-13 12:46:35,Holding_Other_Object_Heavy, Located_Indoors,annotator,Behavioral Parameters,2022-05-13 05:37:43,2022-05-13 05:41:07
2022-05-13 12:46:35,2022-05-13 12:48:13,Holding_Other_Object_Heavy, Located_Indoors, Texting/Browsing_Phone,annotator,Behavioral Parameters,2022-05-13 05:41:07,2022-05-13 05:42:45
2022-05-13 12:48:13,2022-05-13 12:48:45,Holding_Other_Object_Heavy, Located_Indoors,annotator,Behavioral Parameters,2022-05-13 05:42:45,2022-05-13 05:43:17
2022-05-13 12:48:45,2022-05-13 12:52:08,Holding_Other_Object_Heavy, Located_Indoors, Texting/Browsing_Phone,annotator,Behavioral Parameters,2022-05-13 05:43:17,2022-05-13 05:46:40
2022-05-13 12:52:08,2022-05-13 12:53:26,Holding_Other_Object_Heavy, Located_Indoors,annotator,Behavioral Parameters,2022-05-13 05:46:40,2022-05-13 05:47:58
2022-05-13 12:53:26,2022-05-13 12:55:14,Holding_Other_Object_Heavy, Located_Indoors,annotator,Behavioral Parameters,2022-05-13 05:47:58,2022-05-13 05:49:46
2022-05-13 12:55:14,2022-05-13 12:55:38,Located_Indoors, Carrying_Bag_On_Shoulder/Back_Heavy, Holding_Other_Object_Light,annotator,Behavioral Parameters,2022-05-13 05:49:46,2022-05-13 05:50:10
2022-05-13 12:55:38,2022-05-13 12:55:51,Located_Indoors, Carrying_Bag_On_Shoulder/Back_Heavy, Holding_Other_Object_Light,annotator,Behavioral Parameters,2022-05-13 05:50:10,2022-05-13 05:50:23
2022-05-13 12:55:51,2022-05-13 12:56:14,Located_Indoors, Carrying_Bag_On_Shoulder/Back_Heavy, Holding_Other_Object_Light,annotator,Behavioral Parameters,2022-05-13 05:50:23,2022-05-13 05:50:46
2022-05-13 12:56:14,2022-05-13 12:56:56,Carrying_Bag_On_Shoulder/Back_Heavy, Holding_Other_Object_Light, Located_Outdoors,annotator,Behavioral Parameters,2022-05-13 05:50:46,2022-05-13 05:51:28
2022-05-13 12:56:56,2022-05-13 12:58:07,Located_Outdoors, Texting/Browsing_Phone,annotator,Behavioral Parameters,2022-05-13 05:51:28,2022-05-13 05:52:39
2022-05-13 12:58:07,2022-05-13 13:12:48,Located_Outdoors,annotator,Behavioral Parameters,2022-05-13 05:52:39,2022-05-13 06:07:20
2022-05-13 13:12:48,2022-05-13 13:13:53,Located_Outdoors, Holding_Other_Object_Light, Texting/Browsing_Phone,annotator,Behavioral Parameters,2022-05-13 06:07:20,2022-05-13 06:08:25
2022-05-13 13:13:53,2022-05-13 13:14:47,Located_Outdoors,annotator,Behavioral Parameters,2022-05-13 06:08:25,2022-05-13 06:09:19
2022-05-13 13:14:47,2022-05-13 13:15:21,Located_Outdoors, Carrying_Bag_On_Shoulder/Back_Light,annotator,Behavioral Parameters,2022-05-13 06:09:19,2022-05-13 06:09:53
2022-05-13 13:15:22,2022-05-13 13:15:50,Located_Outdoors, Carrying_Bag_On_Shoulder/Back_Light, Holding_Other_Object_Light,annotator,Behavioral Parameters,2022-05-13 06:09:54,2022-05-13 06:10:22
2022-05-13 13:15:50,2022-05-13 13:16:15,Located_Outdoors, Carrying_Bag_On_Shoulder/Back_Light, Holding_Other_Object_Light,annotator,Behavioral Parameters,2022-05-13 06:10:22,2022-05-13 06:10:47
2022-05-13 13:16:15,2022-05-13 13:16:25,Located_Outdoors, Carrying_Bag_On_Shoulder/Back_Light, Holding_Other_Object_Light,annotator,Behavioral Parameters,2022-05-13 06:10:47,2022-05-13 06:10:57
2022-05-13 13:16:25,2022-05-13 13:16:56,Carrying_Bag_On_Shoulder/Back_Light, Holding_Other_Object_Light, Located_Indoors,annotator,Behavioral Parameters,2022-05-13 06:10:57,2022-05-13 06:11:28
2022-05-13 13:16:56,2022-05-13 13:17:07,Carrying_Bag_On_Shoulder/Back_Light, Holding_Other_Object_Light, Located_Indoors,annotator,Behavioral Parameters,2022-05-13 06:11:28,2022-05-13 06:11:39
2022-05-13 13:17:07,2022-05-13 13:17:31,Carrying_Bag_On_Shoulder/Back_Light, Located_Indoors,annotator,Behavioral Parameters,2022-05-13 06:11:39,2022-05-13 06:12:03
2022-05-13 13:17:31,2022-05-13 13:19:55,CP_VideoUnavailable/Indecipherable,annotator,Behavioral Parameters,2022-05-13 06:12:03,2022-05-13 06:14:27
2022-05-13 13:19:55,2022-05-13 13:20:21,Located_Indoors, Holding_Other_Object_Light,annotator,Behavioral Parameters,2022-05-13 06:14:27,2022-05-13 06:14:53
2022-05-13 13:20:21,2022-05-13 13:20:29,Located_Indoors,annotator,Behavioral Parameters,2022-05-13 06:14:53,2022-05-13 06:15:01
2022-05-13 13:20:29,2022-05-13 13:22:22,Located_Indoors, Holding_Other_Object_Light,annotator,Behavioral Parameters,2022-05-13 06:15:01,2022-05-13 06:16:54
2022-05-13 13:22:22,2022-05-13 13:23:41,Located_Indoors, Holding_Other_Object_Light,annotator,Behavioral Parameters,2022-05-13 06:16:54,2022-05-13 06:18:13
2022-05-13 13:23:41,2022-05-13 13:24:09,Located_Indoors, Holding_Other_Object_Light,annotator,Behavioral Parameters,2022-05-13 06:18:13,2022-05-13 06:18:41
2022-05-13 13:24:09,2022-05-13 13:24:55,Located_Indoors, Holding_Other_Object_Light,annotator,Behavioral Parameters,2022-05-13 06:18:41,2022-05-13 06:19:27
2022-05-13 13:24:55,2022-05-13 13:25:34,Located_Indoors, Holding_Other_Object_Light,annotator,Behavioral Parameters,2022-05-13 06:19:27,2022-05-13 06:20:06
2022-05-13 13:25:34,2022-05-13 13:27:12,Located_Indoors, Holding_Other_Object_Light,annotator,Behavioral Parameters,2022-05-13 06:20:06,2022-05-13 06:21:44
2022-05-13 13:27:12,2022-05-13 13:27:18,Located_Indoors, Holding_Other_Object_Light,annotator,Behavioral Parameters,2022-05-13 06:21:44,2022-05-13 06:21:50
2022-05-13 13:27:18,2022-05-13 13:27:39,Located_Indoors, Holding_Other_Object_Light,annotator,Behavioral Parameters,2022-05-13 06:21:50,2022-05-13 06:22:11
2022-05-13 13:27:39,2022-05-13 13:28:02,Located_Indoors, Holding_Other_Object_Light,annotator,Behavioral Parameters,2022-05-13 06:22:11,2022-05-13 06:22:34
2022-05-13 13:28:02,2022-05-13 13:28:36,Located_Indoors, Holding_Other_Object_Light,annotator,Behavioral Parameters,2022-05-13 06:22:34,2022-05-13 06:23:08
2022-05-13 13:28:36,2022-05-13 13:29:22,Located_Indoors, Holding_Other_Object_Light,annotator,Behavioral Parameters,2022-05-13 06:23:08,2022-05-13 06:23:54
2022-05-13 13:29:22,2022-05-13 13:30:56,Located_Indoors, Holding_Other_Object_Light,annotator,Behavioral Parameters,2022-05-13 06:23:54,2022-05-13 06:25:28
2022-05-13 13:30:56,2022-05-13 13:31:24,Located_Indoors, Holding_Other_Object_Light,annotator,Behavioral Parameters,2022-05-13 06:25:28,2022-05-13 06:25:56
2022-05-13 13:31:24,2022-05-13 13:35:08,Located_Indoors, Holding_Other_Object_Light,annotator,Behavioral Parameters,2022-05-13 06:25:56,2022-05-13 06:29:40
2022-05-13 13:35:08,2022-05-13 13:42:35,Located_Indoors, Holding_Other_Object_Light,annotator,Behavioral Parameters,2022-05-13 06:29:40,2022-05-13 06:37:07
2022-05-13 13:42:35,2022-05-13 13:47:01,Located_Indoors, Holding_Other_Object_Light,annotator,Behavioral Parameters,2022-05-13 06:37:07,2022-05-13 06:41:33
2022-05-13 13:47:01,2022-05-13 13:47:11,Located_Indoors, Holding_Other_Object_Light,annotator,Behavioral Parameters,2022-05-13 06:41:33,2022-05-13 06:41:43
2022-05-13 13:47:11,2022-05-13 13:58:17,Located_Indoors, Holding_Other_Object_Light,annotator,Behavioral Parameters,2022-05-13 06:41:43,2022-05-13 06:52:49
2022-05-13 13:58:17,2022-05-13 13:59:21,Located_Indoors, Holding_Other_Object_Light, Texting/Browsing_Phone,annotator,Behavioral Parameters,2022-05-13 06:52:49,2022-05-13 06:53:53
2022-05-13 13:59:21,2022-05-13 13:59:41,Located_Indoors, Holding_Other_Object_Light,annotator,Behavioral Parameters,2022-05-13 06:53:53,2022-05-13 06:54:13
2022-05-13 13:59:41,2022-05-13 14:00:27,Located_Indoors, Holding_Other_Object_Light,annotator,Behavioral Parameters,2022-05-13 06:54:13,2022-05-13 06:54:59
2022-05-13 14:00:27,2022-05-13 14:09:05,Located_Indoors,annotator,Behavioral Parameters,2022-05-13 06:54:59,2022-05-13 07:03:37
2022-05-13 14:09:05,2022-05-13 14:09:19,Located_Indoors,annotator,Behavioral Parameters,2022-05-13 07:03:37,2022-05-13 07:03:51
2022-05-13 14:09:19,2022-05-13 14:09:48,Located_Indoors, Holding_Drink,annotator,Behavioral Parameters,2022-05-13 07:03:51,2022-05-13 07:04:20
2022-05-13 14:09:48,2022-05-13 14:09:59,Located_Indoors, Holding_Drink, Holding_Other_Object_Light,annotator,Behavioral Parameters,2022-05-13 07:04:20,2022-05-13 07:04:31
2022-05-13 14:09:59,2022-05-13 14:13:09,Located_Indoors, Browsing_Computer,annotator,Behavioral Parameters,2022-05-13 07:04:31,2022-05-13 07:07:41
2022-05-13 14:13:09,2022-05-13 14:13:23,Located_Indoors, Browsing_Computer, Holding_Drink,annotator,Behavioral Parameters,2022-05-13 07:07:41,2022-05-13 07:07:55
2022-05-13 14:13:23,2022-05-13 14:20:19,Located_Indoors, Browsing_Computer,annotator,Behavioral Parameters,2022-05-13 07:07:55,2022-05-13 07:14:51
2022-05-13 14:20:19,2022-05-13 14:22:29,Located_Indoors, Browsing_Computer, Holding_Drink,annotator,Behavioral Parameters,2022-05-13 07:14:51,2022-05-13 07:17:01
2022-05-13 14:22:29,2022-05-13 14:26:36,Located_Indoors, Browsing_Computer,annotator,Behavioral Parameters,2022-05-13 07:17:01,2022-05-13 07:21:08
2022-05-13 14:26:36,2022-05-13 14:27:09,Located_Indoors, Browsing_Computer, Holding_Other_Object_Light,annotator,Behavioral Parameters,2022-05-13 07:21:08,2022-05-13 07:21:41
2022-05-13 14:27:09,2022-05-13 14:31:54,Located_Indoors, Browsing_Computer,annotator,Behavioral Parameters,2022-05-13 07:21:41,2022-05-13 07:26:26
2022-05-13 14:31:54,2022-05-13 14:32:16,Located_Indoors, Browsing_Computer, Holding_Other_Object_Light,annotator,Behavioral Parameters,2022-05-13 07:26:26,2022-05-13 07:26:48
2022-05-13 14:32:16,2022-05-13 14:33:49,Located_Indoors, Browsing_Computer,annotator,Behavioral Parameters,2022-05-13 07:26:48,2022-05-13 07:28:21
2022-05-13 14:33:49,2022-05-13 14:40:19,Located_Indoors, Browsing_Computer, Holding_Other_Object_Light,annotator,Behavioral Parameters,2022-05-13 07:28:21,2022-05-13 07:34:51
2022-05-13 14:40:19,2022-05-13 14:42:51,Located_Indoors, Browsing_Computer,annotator,Behavioral Parameters,2022-05-13 07:34:51,2022-05-13 07:37:23
2022-05-13 14:42:51,2022-05-13 14:45:15,Located_Indoors, Browsing_Computer,annotator,Behavioral Parameters,2022-05-13 07:37:23,2022-05-13 07:39:47
2022-05-13 14:45:15,2022-05-13 14:45:21,Located_Indoors,annotator,Behavioral Parameters,2022-05-13 07:39:47,2022-05-13 07:39:53
2022-05-13 14:45:21,2022-05-13 14:45:25,Located_Indoors, Holding_Other_Object_Light, Texting/Browsing_Phone,annotator,Behavioral Parameters,2022-05-13 07:39:53,2022-05-13 07:39:57
2022-05-13 14:45:25,2022-05-13 14:56:46,Located_Indoors, Holding_Other_Object_Light, Texting/Browsing_Phone,annotator,Behavioral Parameters,2022-05-13 07:39:57,2022-05-13 07:51:18
2022-05-13 14:56:46,2022-05-13 15:00:03,Located_Indoors, Browsing_Computer,annotator,Behavioral Parameters,2022-05-13 07:51:18,2022-05-13 07:54:35
2022-05-13 15:00:03,2022-05-13 15:00:39,Located_Indoors, Holding_Other_Object_Light, Texting/Browsing_Phone,annotator,Behavioral Parameters,2022-05-13 07:54:35,2022-05-13 07:55:11
2022-05-13 15:00:39,2022-05-13 15:04:39,Located_Indoors, Browsing_Computer,annotator,Behavioral Parameters,2022-05-13 07:55:11,2022-05-13 07:59:11
2022-05-13 15:04:41,2022-05-13 15:05:45,Located_Indoors,annotator,Behavioral Parameters,2022-05-13 07:59:13,2022-05-13 08:00:17
2022-05-13 15:04:51,2022-05-13 15:04:51,Located_Indoors,annotator,Behavioral Parameters,2022-05-13 07:59:23,2022-05-13 07:59:23
2022-05-13 15:05:45,2022-05-13 15:05:53,Located_Indoors, Holding_Other_Object_Light,annotator,Behavioral Parameters,2022-05-13 08:00:17,2022-05-13 08:00:25
2022-05-13 15:05:53,2022-05-13 15:07:11,Located_Indoors, Browsing_Computer,annotator,Behavioral Parameters,2022-05-13 08:00:25,2022-05-13 08:01:43
2022-05-13 15:07:11,2022-05-13 15:14:05,Located_Indoors,annotator,Behavioral Parameters,2022-05-13 08:01:43,2022-05-13 08:08:37
2022-05-13 15:14:05,2022-05-13 15:15:10,Located_Indoors, Browsing_Computer,annotator,Behavioral Parameters,2022-05-13 08:08:37,2022-05-13 08:09:42
2022-05-13 15:15:10,2022-05-13 15:23:01,Located_Indoors,annotator,Behavioral Parameters,2022-05-13 08:09:42,2022-05-13 08:17:33
2022-05-13 15:23:01,2022-05-13 15:24:03,Located_Indoors, Browsing_Computer,annotator,Behavioral Parameters,2022-05-13 08:17:33,2022-05-13 08:18:35
2022-05-13 15:24:03,2022-05-13 15:25:36,Located_Indoors,annotator,Behavioral Parameters,2022-05-13 08:18:35,2022-05-13 08:20:08
2022-05-13 15:25:36,2022-05-13 15:40:18,Located_Indoors, Holding_Other_Object_Light,annotator,Behavioral Parameters,2022-05-13 08:20:08,2022-05-13 08:34:50
2022-05-13 15:40:18,2022-05-13 15:41:20,Located_Indoors, Holding_Other_Object_Light,annotator,Behavioral Parameters,2022-05-13 08:34:50,2022-05-13 08:35:52
2022-05-13 15:41:20,2022-05-13 15:41:25,Located_Indoors,annotator,Behavioral Parameters,2022-05-13 08:35:52,2022-05-13 08:35:57
2022-05-13 15:41:25,2022-05-13 15:49:09,Located_Indoors, Holding_Other_Object_Light, Texting/Browsing_Phone,annotator,Behavioral Parameters,2022-05-13 08:35:57,2022-05-13 08:43:41
2022-05-13 15:49:09,2022-05-13 16:22:19,Located_Indoors, Holding_Other_Object_Light,annotator,Behavioral Parameters,2022-05-13 08:43:41,2022-05-13 09:16:51
2022-05-13 16:22:19,2022-05-13 16:22:31,Located_Indoors, Holding_Other_Object_Light,annotator,Behavioral Parameters,2022-05-13 09:16:51,2022-05-13 09:17:03
2022-05-13 16:22:31,2022-05-13 16:23:18,Located_Indoors, Holding_Other_Object_Light,annotator,Behavioral Parameters,2022-05-13 09:17:03,2022-05-13 09:17:50
2022-05-13 16:23:18,2022-05-13 16:25:22,Located_Indoors, Holding_Other_Object_Light,annotator,Behavioral Parameters,2022-05-13 09:17:50,2022-05-13 09:19:54
2022-05-13 16:25:22,2022-05-13 16:29:01,Located_Indoors, Holding_Other_Object_Light,annotator,Behavioral Parameters,2022-05-13 09:19:54,2022-05-13 09:23:33
2022-05-13 16:29:01,2022-05-13 16:30:19,Located_Indoors, Holding_Other_Object_Light,annotator,Behavioral Parameters,2022-05-13 09:23:33,2022-05-13 09:24:51
2022-05-13 16:30:19,2022-05-13 16:30:44,Located_Indoors, Holding_Other_Object_Light,annotator,Behavioral Parameters,2022-05-13 09:24:51,2022-05-13 09:25:16
2022-05-13 16:30:44,2022-05-13 16:31:05,Located_Indoors, Holding_Other_Object_Light, Texting/Browsing_Phone,annotator,Behavioral Parameters,2022-05-13 09:25:16,2022-05-13 09:25:37
2022-05-13 16:31:05,2022-05-13 16:31:13,Located_Indoors, Holding_Other_Object_Light, Texting/Browsing_Phone,annotator,Behavioral Parameters,2022-05-13 09:25:37,2022-05-13 09:25:45
2022-05-13 16:31:13,2022-05-13 16:31:29,Located_Indoors, Holding_Other_Object_Light, Texting/Browsing_Phone,annotator,Behavioral Parameters,2022-05-13 09:25:45,2022-05-13 09:26:01
2022-05-13 16:31:29,2022-05-13 16:45:30,Located_Indoors, Holding_Other_Object_Light, On_Video_Call/FaceTime, In_Conversation,annotator,Behavioral Parameters,2022-05-13 09:26:01,2022-05-13 09:40:02
2022-05-13 16:45:30,2022-05-13 16:48:33,Located_Indoors, Holding_Other_Object_Light, Texting/Browsing_Phone,annotator,Behavioral Parameters,2022-05-13 09:40:02,2022-05-13 09:43:05
2022-05-13 16:48:33,2022-05-13 16:48:41,Located_Indoors, Holding_Other_Object_Light, Texting/Browsing_Phone,annotator,Behavioral Parameters,2022-05-13 09:43:05,2022-05-13 09:43:13
2022-05-13 16:48:41,2022-05-13 16:49:12,Located_Indoors, Holding_Other_Object_Light, Texting/Browsing_Phone,annotator,Behavioral Parameters,2022-05-13 09:43:13,2022-05-13 09:43:44
2022-05-13 16:49:12,2022-05-13 17:11:31,Located_Indoors, Holding_Other_Object_Light,annotator,Behavioral Parameters,2022-05-13 09:43:44,2022-05-13 10:06:03
2022-05-13 17:11:34,2022-05-13 17:11:43,Located_Indoors, Holding_Other_Object_Light, Texting/Browsing_Phone,annotator,Behavioral Parameters,2022-05-13 10:06:06,2022-05-13 10:06:15
2022-05-13 17:11:36,2022-05-13 17:11:36,Located_Indoors, Holding_Other_Object_Light, Texting/Browsing_Phone,annotator,Behavioral Parameters,2022-05-13 10:06:08,2022-05-13 10:06:08
2022-05-13 17:11:43,2022-05-13 17:11:43,Located_Indoors, Holding_Other_Object_Light, Texting/Browsing_Phone,annotator,Behavioral Parameters,2022-05-13 10:06:15,2022-05-13 10:06:15
2022-05-13 17:11:43,2022-05-13 17:21:44,Located_Indoors,annotator,Behavioral Parameters,2022-05-13 10:06:15,2022-05-13 10:16:16
2022-05-13 17:12:15,2022-05-13 17:12:15,Located_Indoors, Holding_Other_Object_Light, Texting/Browsing_Phone,annotator,Behavioral Parameters,2022-05-13 10:06:47,2022-05-13 10:06:47
2022-05-13 17:21:44,2022-05-13 17:25:14,Located_Indoors, Holding_Other_Object_Light, Texting/Browsing_Phone,annotator,Behavioral Parameters,2022-05-13 10:16:16,2022-05-13 10:19:46
2022-05-13 17:25:14,2022-05-13 17:41:51,Located_Indoors,annotator,Behavioral Parameters,2022-05-13 10:19:46,2022-05-13 10:36:23
2022-05-13 17:41:51,2022-05-13 17:42:01,Located_Indoors, Holding_Other_Object_Light, Texting/Browsing_Phone,annotator,Behavioral Parameters,2022-05-13 10:36:23,2022-05-13 10:36:33
2022-05-13 17:42:01,2022-05-13 17:49:54,Located_Indoors, Holding_Other_Object_Light,annotator,Behavioral Parameters,2022-05-13 10:36:33,2022-05-13 10:44:26
2022-05-13 17:49:54,2022-05-13 17:53:31,Located_Indoors, Holding_Other_Object_Light,annotator,Behavioral Parameters,2022-05-13 10:44:26,2022-05-13 10:48:03
2022-05-13 17:53:33,2022-05-13 17:57:14,Located_Indoors, Holding_Other_Object_Light,annotator,Behavioral Parameters,2022-05-13 10:48:05,2022-05-13 10:51:46
2022-05-13 17:57:14,2022-05-13 17:57:32,Located_Indoors,annotator,Behavioral Parameters,2022-05-13 10:51:46,2022-05-13 10:52:04
2022-05-13 17:57:32,2022-05-13 17:57:34,Located_Indoors,annotator,Behavioral Parameters,2022-05-13 10:52:04,2022-05-13 10:52:06
2022-05-13 17:57:34,2022-05-13 17:58:25,Located_Indoors, Holding_Other_Object_Light,annotator,Behavioral Parameters,2022-05-13 10:52:06,2022-05-13 10:52:57
2022-05-13 17:58:25,2022-05-13 18:02:51,Located_Indoors,annotator,Behavioral Parameters,2022-05-13 10:52:57,2022-05-13 10:57:23
2022-05-13 18:02:51,2022-05-13 18:03:25,Located_Indoors, Holding_Other_Object_Light,annotator,Behavioral Parameters,2022-05-13 10:57:23,2022-05-13 10:57:57
2022-05-13 18:03:25,2022-05-13 18:04:58,Located_Indoors, Holding_Other_Object_Light, Texting/Browsing_Phone,annotator,Behavioral Parameters,2022-05-13 10:57:57,2022-05-13 10:59:30
2022-05-13 18:04:58,2022-05-13 18:25:18,Located_Indoors,annotator,Behavioral Parameters,2022-05-13 10:59:30,2022-05-13 11:19:50
2022-05-13 18:25:18,2022-05-13 18:25:31,Located_Indoors,annotator,Behavioral Parameters,2022-05-13 11:19:50,2022-05-13 11:20:03
2022-05-13 18:25:31,2022-05-13 18:25:39,Located_Indoors, Holding_Solid_Food,annotator,Behavioral Parameters,2022-05-13 11:20:03,2022-05-13 11:20:11
2022-05-13 18:25:39,2022-05-13 18:26:38,Located_Indoors, Holding_Solid_Food,annotator,Behavioral Parameters,2022-05-13 11:20:11,2022-05-13 11:21:10
2022-05-13 18:26:38,2022-05-13 18:27:31,Located_Indoors,annotator,Behavioral Parameters,2022-05-13 11:21:10,2022-05-13 11:22:03
2022-05-13 18:27:31,2022-05-13 18:28:22,Located_Indoors, Holding_Other_Object_Light,annotator,Behavioral Parameters,2022-05-13 11:22:03,2022-05-13 11:22:54
2022-05-13 18:28:22,2022-05-13 18:40:00,CP_VideoUnavailable/Indecipherable,annotator,Behavioral Parameters,2022-05-13 11:22:54,2022-05-13 11:34:32
2022-05-13 18:40:00,2022-05-13 18:40:29,Located_Indoors,annotator,Behavioral Parameters,2022-05-13 11:34:32,2022-05-13 11:35:01
2022-05-13 18:40:29,2022-05-13 18:41:37,Located_Indoors,annotator,Behavioral Parameters,2022-05-13 11:35:01,2022-05-13 11:36:09
2022-05-13 18:41:37,2022-05-13 18:42:19,Located_Indoors, Holding_Other_Object_Light,annotator,Behavioral Parameters,2022-05-13 11:36:09,2022-05-13 11:36:51
2022-05-13 18:42:19,2022-05-13 18:43:47,Located_Indoors,annotator,Behavioral Parameters,2022-05-13 11:36:51,2022-05-13 11:38:19
2022-05-13 18:43:47,2022-05-13 18:44:11,Located_Indoors,annotator,Behavioral Parameters,2022-05-13 11:38:19,2022-05-13 11:38:43
2022-05-13 18:44:11,2022-05-13 18:44:37,Located_Indoors, Holding_Other_Object_Light,annotator,Behavioral Parameters,2022-05-13 11:38:43,2022-05-13 11:39:09
2022-05-13 18:44:37,2022-05-13 18:44:54,Located_Indoors, Holding_Other_Object_Light,annotator,Behavioral Parameters,2022-05-13 11:39:09,2022-05-13 11:39:26
2022-05-13 18:44:54,2022-05-13 18:45:31,Located_Indoors, Holding_Other_Object_Light,annotator,Behavioral Parameters,2022-05-13 11:39:26,2022-05-13 11:40:03
2022-05-13 18:45:31,2022-05-13 18:46:41,Located_Indoors, Carrying_Bag_On_Shoulder/Back_Light,annotator,Behavioral Parameters,2022-05-13 11:40:03,2022-05-13 11:41:13
2022-05-13 18:46:41,2022-05-13 18:47:24,Located_Indoors, Holding_Other_Object_Light, Texting/Browsing_Phone,annotator,Behavioral Parameters,2022-05-13 11:41:13,2022-05-13 11:41:56
2022-05-13 18:47:24,2022-05-13 18:47:54,Located_Indoors, Holding_Other_Object_Light,annotator,Behavioral Parameters,2022-05-13 11:41:56,2022-05-13 11:42:26
2022-05-13 18:47:54,2022-05-13 18:48:13,Located_Indoors, Holding_Other_Object_Light,annotator,Behavioral Parameters,2022-05-13 11:42:26,2022-05-13 11:42:45
2022-05-13 18:48:13,2022-05-13 18:50:26,Located_Indoors, Holding_Other_Object_Light,annotator,Behavioral Parameters,2022-05-13 11:42:45,2022-05-13 11:44:58
2022-05-13 18:50:26,2022-05-13 18:50:44,Located_Indoors, Carrying_Bag_On_Shoulder/Back_Light,annotator,Behavioral Parameters,2022-05-13 11:44:58,2022-05-13 11:45:16
2022-05-13 18:50:44,2022-05-13 18:50:48,Carrying_Bag_On_Shoulder/Back_Light, Located_Outdoors,annotator,Behavioral Parameters,2022-05-13 11:45:16,2022-05-13 11:45:20
2022-05-13 18:50:48,2022-05-13 18:51:04,Carrying_Bag_On_Shoulder/Back_Light, Located_Outdoors,annotator,Behavioral Parameters,2022-05-13 11:45:20,2022-05-13 11:45:36
2022-05-13 18:51:04,2022-05-13 18:51:15,Located_Outdoors, Holding_Other_Object_Light,annotator,Behavioral Parameters,2022-05-13 11:45:36,2022-05-13 11:45:47
2022-05-13 18:51:15,2022-05-13 18:51:30,Located_Outdoors,annotator,Behavioral Parameters,2022-05-13 11:45:47,2022-05-13 11:46:02
2022-05-13 18:51:30,2022-05-13 19:05:34,Located_Outdoors,annotator,Behavioral Parameters,2022-05-13 11:46:02,2022-05-13 12:00:06
2022-05-13 19:05:34,2022-05-13 19:06:15,Located_Outdoors,annotator,Behavioral Parameters,2022-05-13 12:00:06,2022-05-13 12:00:47
2022-05-13 19:06:15,2022-05-13 19:06:20,Located_Outdoors, Carrying_Bag_On_Shoulder/Back_Light,annotator,Behavioral Parameters,2022-05-13 12:00:47,2022-05-13 12:00:52
2022-05-13 19:06:20,2022-05-13 19:07:07,Located_Outdoors, Carrying_Bag_On_Shoulder/Back_Light,annotator,Behavioral Parameters,2022-05-13 12:00:52,2022-05-13 12:01:39
2022-05-13 19:07:07,2022-05-13 19:09:00,Located_Outdoors, Carrying_Bag_On_Shoulder/Back_Light, Holding_Bag/BriefCase_Hand_Light,annotator,Behavioral Parameters,2022-05-13 12:01:39,2022-05-13 12:03:32
2022-05-13 19:09:00,2022-05-13 19:09:18,Located_Outdoors, Carrying_Bag_On_Shoulder/Back_Light, Holding_Bag/BriefCase_Hand_Light,annotator,Behavioral Parameters,2022-05-13 12:03:32,2022-05-13 12:03:50
2022-05-13 19:09:18,2022-05-13 19:11:30,Located_Outdoors, Carrying_Bag_On_Shoulder/Back_Light, Holding_Bag/BriefCase_Hand_Light,annotator,Behavioral Parameters,2022-05-13 12:03:50,2022-05-13 12:06:02
2022-05-13 19:11:30,2022-05-13 19:12:00,Located_Outdoors, Carrying_Bag_On_Shoulder/Back_Light, Holding_Bag/BriefCase_Hand_Light,annotator,Behavioral Parameters,2022-05-13 12:06:02,2022-05-13 12:06:32
2022-05-13 19:12:00,2022-05-13 19:12:20,Located_Outdoors, Carrying_Bag_On_Shoulder/Back_Light, Holding_Bag/BriefCase_Hand_Light,annotator,Behavioral Parameters,2022-05-13 12:06:32,2022-05-13 12:06:52
2022-05-13 19:12:20,2022-05-13 19:12:40,Located_Outdoors, Carrying_Bag_On_Shoulder/Back_Light, Holding_Bag/BriefCase_Hand_Light,annotator,Behavioral Parameters,2022-05-13 12:06:52,2022-05-13 12:07:12
2022-05-13 19:12:40,2022-05-13 19:18:28,Located_Outdoors, Carrying_Bag_On_Shoulder/Back_Light, Holding_Bag/BriefCase_Hand_Light,annotator,Behavioral Parameters,2022-05-13 12:07:12,2022-05-13 12:13:00
2022-05-13 19:18:28,2022-05-13 19:18:36,Located_Outdoors, Carrying_Bag_On_Shoulder/Back_Light, Holding_Other_Object_Light, Texting/Browsing_Phone,annotator,Behavioral Parameters,2022-05-13 12:13:00,2022-05-13 12:13:08
2022-05-13 19:18:36,2022-05-13 19:19:50,Located_Outdoors, Carrying_Bag_On_Shoulder/Back_Light, Holding_Other_Object_Light, Texting/Browsing_Phone,annotator,Behavioral Parameters,2022-05-13 12:13:08,2022-05-13 12:14:22
2022-05-13 19:19:50,2022-05-13 19:20:22,Located_Outdoors, Carrying_Bag_On_Shoulder/Back_Light, Holding_Other_Object_Light, Texting/Browsing_Phone,annotator,Behavioral Parameters,2022-05-13 12:14:22,2022-05-13 12:14:54
2022-05-13 19:20:22,2022-05-13 19:21:35,Located_Outdoors, Carrying_Bag_On_Shoulder/Back_Light, Holding_Other_Object_Light, Texting/Browsing_Phone,annotator,Behavioral Parameters,2022-05-13 12:14:54,2022-05-13 12:16:07
2022-05-13 19:21:35,2022-05-13 19:26:18,CP_VideoUnavailable/Indecipherable,annotator,Behavioral Parameters,2022-05-13 12:16:07,2022-05-13 12:20:50
2022-05-13 19:26:18,2022-05-13 20:12:15,Located_Outdoors, In_Conversation,annotator,Behavioral Parameters,2022-05-13 12:20:50,2022-05-13 13:06:47
2022-05-13 20:12:15,2022-05-13 20:14:04,Located_Outdoors, In_Conversation, Holding_Other_Object_Light, Texting/Browsing_Phone,annotator,Behavioral Parameters,2022-05-13 13:06:47,2022-05-13 13:08:36
2022-05-13 20:14:04,2022-05-13 20:15:52,Located_Outdoors, In_Conversation,annotator,Behavioral Parameters,2022-05-13 13:08:36,2022-05-13 13:10:24
2022-05-13 20:15:52,2022-05-13 20:16:23,Located_Outdoors, In_Conversation, Holding_Other_Object_Light, Texting/Browsing_Phone,annotator,Behavioral Parameters,2022-05-13 13:10:24,2022-05-13 13:10:55
2022-05-13 20:16:23,2022-05-13 20:21:34,Located_Outdoors, In_Conversation,annotator,Behavioral Parameters,2022-05-13 13:10:55,2022-05-13 13:16:06
2022-05-13 20:21:34,2022-05-13 20:21:39,Located_Outdoors, In_Conversation,annotator,Behavioral Parameters,2022-05-13 13:16:06,2022-05-13 13:16:11
2022-05-13 20:21:39,2022-05-13 21:20:51,Located_Outdoors,annotator,Behavioral Parameters,2022-05-13 13:16:11,2022-05-13 14:15:23
2022-05-13 21:20:54,2022-05-13 22:32:13,Located_Outdoors,annotator,Behavioral Parameters,2022-05-13 14:15:26,2022-05-13 15:26:45
2022-05-13 22:32:13,2022-05-13 22:32:56,Located_Indoors, Sync_Marker,annotator,Behavioral Parameters,2022-05-13 15:26:45,2022-05-13 15:27:28
