START_TIME,STOP_TIME,PREDICTION,SOURCE,LABELSET,VIDEO_START_TIME,VIDEO_END_TIME
2022-05-17 20:14:18,2022-05-17 20:16:18,Located_Indoors, In_Conversation,annotator,Behavioral Parameters,2022-05-17 00:00:08,2022-05-17 00:02:08
2022-05-17 20:16:21,2022-05-17 20:20:38,CP_VideoUnavailable/Indecipherable,annotator,Behavioral Parameters,2022-05-17 00:02:11,2022-05-17 00:06:28
2022-05-17 20:20:56,2022-05-17 21:09:32,Located_Indoors, In_Conversation,annotator,Behavioral Parameters,2022-05-17 00:06:46,2022-05-17 00:55:22
2022-05-17 21:09:38,2022-05-17 21:10:33,Located_Indoors, In_Conversation,annotator,Behavioral Parameters,2022-05-17 00:55:28,2022-05-17 00:56:23
2022-05-17 21:10:37,2022-05-17 21:12:18,CP_VideoUnavailable/Indecipherable,annotator,Behavioral Parameters,2022-05-17 00:56:27,2022-05-17 00:58:08
2022-05-17 21:12:34,2022-05-17 21:14:50,Located_Indoors,annotator,Behavioral Parameters,2022-05-17 00:58:24,2022-05-17 01:00:40
2022-05-17 21:14:52,2022-05-17 21:15:17,Located_Indoors, Texting/Browsing_Phone,annotator,Behavioral Parameters,2022-05-17 01:00:42,2022-05-17 01:01:07
2022-05-17 21:15:20,2022-05-17 21:15:30,Located_Indoors, Texting/Browsing_Phone,annotator,Behavioral Parameters,2022-05-17 01:01:10,2022-05-17 01:01:20
2022-05-17 21:15:32,2022-05-17 21:16:54,Texting/Browsing_Phone, Located_Outdoors,annotator,Behavioral Parameters,2022-05-17 01:01:22,2022-05-17 01:02:44
2022-05-17 21:16:55,2022-05-17 21:17:37,Texting/Browsing_Phone, Located_Indoors,annotator,Behavioral Parameters,2022-05-17 01:02:45,2022-05-17 01:03:27
2022-05-17 21:17:42,2022-05-17 21:18:09,Texting/Browsing_Phone, Located_Indoors,annotator,Behavioral Parameters,2022-05-17 01:03:32,2022-05-17 01:03:59
2022-05-17 21:18:10,2022-05-17 21:19:01,Located_Indoors,annotator,Behavioral Parameters,2022-05-17 01:04:00,2022-05-17 01:04:51
2022-05-17 21:19:02,2022-05-17 21:22:00,Located_Indoors, In_Conversation,annotator,Behavioral Parameters,2022-05-17 01:04:52,2022-05-17 01:07:50
2022-05-17 21:22:01,2022-05-17 21:22:59,Located_Indoors, In_Conversation, Texting/Browsing_Phone,annotator,Behavioral Parameters,2022-05-17 01:07:51,2022-05-17 01:08:49
2022-05-17 21:23:00,2022-05-17 21:24:10,Located_Indoors,annotator,Behavioral Parameters,2022-05-17 01:08:50,2022-05-17 01:10:00
2022-05-17 21:24:11,2022-05-17 21:26:49,Located_Indoors, Holding_Other_Object_Light,annotator,Behavioral Parameters,2022-05-17 01:10:01,2022-05-17 01:12:39
2022-05-17 21:26:50,2022-05-17 21:28:51,Located_Indoors, Holding_Other_Object_Light,annotator,Behavioral Parameters,2022-05-17 01:12:40,2022-05-17 01:14:41
2022-05-17 21:28:52,2022-05-17 21:33:01,Located_Indoors, Texting/Browsing_Phone,annotator,Behavioral Parameters,2022-05-17 01:14:42,2022-05-17 01:18:51
2022-05-17 21:33:02,2022-05-17 21:33:58,Located_Indoors, Texting/Browsing_Phone,annotator,Behavioral Parameters,2022-05-17 01:18:52,2022-05-17 01:19:48
2022-05-17 21:34:05,2022-05-17 21:35:58,Located_Indoors, Texting/Browsing_Phone,annotator,Behavioral Parameters,2022-05-17 01:19:55,2022-05-17 01:21:48
2022-05-17 21:36:00,2022-05-17 21:39:23,Located_Indoors,annotator,Behavioral Parameters,2022-05-17 01:21:50,2022-05-17 01:25:13
2022-05-17 21:39:26,2022-05-17 21:40:27,Located_Indoors, Texting/Browsing_Phone,annotator,Behavioral Parameters,2022-05-17 01:25:16,2022-05-17 01:26:17
2022-05-17 21:40:30,2022-05-17 21:40:46,Located_Indoors,annotator,Behavioral Parameters,2022-05-17 01:26:20,2022-05-17 01:26:36
2022-05-17 21:40:47,2022-05-17 22:02:46,CP_VideoUnavailable/Indecipherable,annotator,Behavioral Parameters,2022-05-17 01:26:37,2022-05-17 01:48:36
2022-05-17 22:02:47,2022-05-17 22:03:46,Located_Indoors, Texting/Browsing_Phone,annotator,Behavioral Parameters,2022-05-17 01:48:37,2022-05-17 01:49:36
2022-05-17 22:03:49,2022-05-17 22:04:18,Located_Indoors,annotator,Behavioral Parameters,2022-05-17 01:49:39,2022-05-17 01:50:08
2022-05-17 22:04:19,2022-05-17 22:07:12,Located_Outdoors,annotator,Behavioral Parameters,2022-05-17 01:50:09,2022-05-17 01:53:02
2022-05-17 22:07:14,2022-05-17 22:11:55,CP_VideoUnavailable/Indecipherable,annotator,Behavioral Parameters,2022-05-17 01:53:04,2022-05-17 01:57:45
2022-05-17 22:11:56,2022-05-17 22:14:28,Located_Outdoors,annotator,Behavioral Parameters,2022-05-17 01:57:46,2022-05-17 02:00:18
2022-05-17 22:14:30,2022-05-17 22:17:56,Located_Indoors,annotator,Behavioral Parameters,2022-05-17 02:00:20,2022-05-17 02:03:46
2022-05-17 22:17:58,2022-05-17 22:18:24,Located_Indoors,annotator,Behavioral Parameters,2022-05-17 02:03:48,2022-05-17 02:04:14
2022-05-17 22:18:27,2022-05-17 22:19:27,Located_Indoors,annotator,Behavioral Parameters,2022-05-17 02:04:17,2022-05-17 02:05:17
2022-05-17 22:19:27,2022-05-17 22:19:55,Located_Indoors,annotator,Behavioral Parameters,2022-05-17 02:05:17,2022-05-17 02:05:45
2022-05-17 22:19:57,2022-05-17 22:21:43,Located_Indoors,annotator,Behavioral Parameters,2022-05-17 02:05:47,2022-05-17 02:07:33
2022-05-17 22:21:45,2022-05-17 22:23:19,Located_Indoors, Holding_Other_Object_Light,annotator,Behavioral Parameters,2022-05-17 02:07:35,2022-05-17 02:09:09
2022-05-17 22:23:24,2022-05-17 22:29:56,Located_Indoors,annotator,Behavioral Parameters,2022-05-17 02:09:14,2022-05-17 02:15:46
2022-05-17 22:30:00,2022-05-17 22:30:26,Located_Indoors, Holding_Other_Object_Light,annotator,Behavioral Parameters,2022-05-17 02:15:50,2022-05-17 02:16:16
2022-05-17 22:30:28,2022-05-17 22:51:26,Located_Indoors, Texting/Browsing_Phone,annotator,Behavioral Parameters,2022-05-17 02:16:18,2022-05-17 02:37:16
2022-05-17 22:51:26,2022-05-17 22:52:22,CP_VideoUnavailable/Indecipherable,annotator,Behavioral Parameters,2022-05-17 02:37:16,2022-05-17 02:38:12
2022-05-17 22:52:22,2022-05-17 22:52:34,Located_Indoors, Holding_Other_Object_Light, Holding_Solid_Food,annotator,Behavioral Parameters,2022-05-17 02:38:12,2022-05-17 02:38:24
2022-05-17 22:52:34,2022-05-17 22:52:49,Located_Indoors, Holding_Solid_Food,annotator,Behavioral Parameters,2022-05-17 02:38:24,2022-05-17 02:38:39
2022-05-17 22:52:49,2022-05-17 22:52:55,Located_Indoors,annotator,Behavioral Parameters,2022-05-17 02:38:39,2022-05-17 02:38:45
2022-05-17 22:52:55,2022-05-17 22:53:13,Located_Indoors, Holding_Other_Object_Light,annotator,Behavioral Parameters,2022-05-17 02:38:45,2022-05-17 02:39:03
2022-05-17 22:53:13,2022-05-17 22:54:48,Located_Indoors, Holding_Other_Object_Light,annotator,Behavioral Parameters,2022-05-17 02:39:03,2022-05-17 02:40:38
2022-05-17 22:54:48,2022-05-17 22:55:02,Located_Indoors,annotator,Behavioral Parameters,2022-05-17 02:40:38,2022-05-17 02:40:52
2022-05-17 22:55:02,2022-05-17 22:55:59,Located_Indoors, Holding_Other_Object_Light, Holding_Solid_Food,annotator,Behavioral Parameters,2022-05-17 02:40:52,2022-05-17 02:41:49
2022-05-17 22:55:59,2022-05-17 22:56:27,Located_Indoors,annotator,Behavioral Parameters,2022-05-17 02:41:49,2022-05-17 02:42:17
2022-05-17 22:56:27,2022-05-17 22:57:48,Located_Indoors, Holding_Other_Object_Light,annotator,Behavioral Parameters,2022-05-17 02:42:17,2022-05-17 02:43:38
2022-05-17 22:57:48,2022-05-17 22:58:28,Located_Indoors, Holding_Solid_Food,annotator,Behavioral Parameters,2022-05-17 02:43:38,2022-05-17 02:44:18
2022-05-17 22:58:28,2022-05-17 22:58:58,Located_Indoors, Holding_Other_Object_Light,annotator,Behavioral Parameters,2022-05-17 02:44:18,2022-05-17 02:44:48
2022-05-17 22:58:58,2022-05-17 22:59:20,Located_Indoors, Holding_Solid_Food,annotator,Behavioral Parameters,2022-05-17 02:44:48,2022-05-17 02:45:10
2022-05-17 22:59:20,2022-05-17 23:00:12,Located_Indoors,annotator,Behavioral Parameters,2022-05-17 02:45:10,2022-05-17 02:46:02
2022-05-17 23:00:12,2022-05-17 23:03:11,Located_Indoors, Holding_Other_Object_Light,annotator,Behavioral Parameters,2022-05-17 02:46:02,2022-05-17 02:49:01
2022-05-17 23:03:11,2022-05-17 23:04:01,Located_Indoors,annotator,Behavioral Parameters,2022-05-17 02:49:01,2022-05-17 02:49:51
2022-05-17 23:04:01,2022-05-17 23:05:25,Located_Indoors, In_Conversation,annotator,Behavioral Parameters,2022-05-17 02:49:51,2022-05-17 02:51:15
2022-05-17 23:05:25,2022-05-17 23:05:52,Located_Indoors, CP_VideoUnavailable/Indecipherable,annotator,Behavioral Parameters,2022-05-17 02:51:15,2022-05-17 02:51:42
2022-05-17 23:05:52,2022-05-17 23:05:58,Located_Indoors,annotator,Behavioral Parameters,2022-05-17 02:51:42,2022-05-17 02:51:48
2022-05-17 23:05:58,2022-05-17 23:06:24,Located_Indoors, Holding_Drink,annotator,Behavioral Parameters,2022-05-17 02:51:48,2022-05-17 02:52:14
2022-05-17 23:06:24,2022-05-17 23:07:04,Located_Indoors, Holding_Drink, Holding_Other_Object_Light,annotator,Behavioral Parameters,2022-05-17 02:52:14,2022-05-17 02:52:54
2022-05-17 23:07:04,2022-05-17 23:09:01,Located_Indoors, In_Conversation,annotator,Behavioral Parameters,2022-05-17 02:52:54,2022-05-17 02:54:51
2022-05-17 23:09:01,2022-05-17 23:09:16,Located_Indoors, Holding_Other_Object_Light,annotator,Behavioral Parameters,2022-05-17 02:54:51,2022-05-17 02:55:06
2022-05-17 23:09:16,2022-05-17 23:11:38,Located_Indoors, In_Conversation,annotator,Behavioral Parameters,2022-05-17 02:55:06,2022-05-17 02:57:28
2022-05-17 23:11:38,2022-05-17 23:11:56,Located_Indoors, In_Conversation, Holding_Other_Object_Light,annotator,Behavioral Parameters,2022-05-17 02:57:28,2022-05-17 02:57:46
2022-05-17 23:11:56,2022-05-17 23:12:40,Located_Indoors, Holding_Other_Object_Light,annotator,Behavioral Parameters,2022-05-17 02:57:46,2022-05-17 02:58:30
2022-05-17 23:12:40,2022-05-17 23:14:34,Located_Indoors,annotator,Behavioral Parameters,2022-05-17 02:58:30,2022-05-17 03:00:24
2022-05-17 23:14:34,2022-05-17 23:15:28,Located_Indoors, In_Conversation,annotator,Behavioral Parameters,2022-05-17 03:00:24,2022-05-17 03:01:18
2022-05-17 23:15:28,2022-05-17 23:15:55,Located_Indoors,annotator,Behavioral Parameters,2022-05-17 03:01:18,2022-05-17 03:01:45
2022-05-17 23:15:55,2022-05-17 23:21:40,Located_Indoors, In_Conversation,annotator,Behavioral Parameters,2022-05-17 03:01:45,2022-05-17 03:07:30
2022-05-17 23:21:40,2022-05-17 23:23:17,Located_Indoors,annotator,Behavioral Parameters,2022-05-17 03:07:30,2022-05-17 03:09:07
2022-05-17 23:23:17,2022-05-17 23:24:25,Located_Indoors, In_Conversation,annotator,Behavioral Parameters,2022-05-17 03:09:07,2022-05-17 03:10:15
2022-05-17 23:24:25,2022-05-17 23:24:54,Located_Indoors,annotator,Behavioral Parameters,2022-05-17 03:10:15,2022-05-17 03:10:44
2022-05-17 23:24:54,2022-05-17 23:25:34,Located_Indoors, Texting/Browsing_Phone,annotator,Behavioral Parameters,2022-05-17 03:10:44,2022-05-17 03:11:24
2022-05-17 23:25:34,2022-05-17 23:26:34,Located_Indoors, CP_VideoUnavailable/Indecipherable,annotator,Behavioral Parameters,2022-05-17 03:11:24,2022-05-17 03:12:24
2022-05-17 23:26:34,2022-05-17 23:26:48,Located_Indoors, Holding_Other_Object_Light,annotator,Behavioral Parameters,2022-05-17 03:12:24,2022-05-17 03:12:38
2022-05-17 23:26:48,2022-05-17 23:28:02,Located_Indoors, Holding_Other_Object_Light,annotator,Behavioral Parameters,2022-05-17 03:12:38,2022-05-17 03:13:52
2022-05-17 23:28:02,2022-05-17 23:28:25,Located_Indoors,annotator,Behavioral Parameters,2022-05-17 03:13:52,2022-05-17 03:14:15
2022-05-17 23:28:25,2022-05-17 23:28:38,Located_Indoors,annotator,Behavioral Parameters,2022-05-17 03:14:15,2022-05-17 03:14:28
2022-05-17 23:28:38,2022-05-17 23:28:52,Located_Indoors, Holding_Other_Object_Light,annotator,Behavioral Parameters,2022-05-17 03:14:28,2022-05-17 03:14:42
2022-05-17 23:28:52,2022-05-17 23:29:12,Located_Indoors,annotator,Behavioral Parameters,2022-05-17 03:14:42,2022-05-17 03:15:02
2022-05-17 23:29:12,2022-05-17 23:32:11,Located_Indoors, CP_VideoUnavailable/Indecipherable,annotator,Behavioral Parameters,2022-05-17 03:15:02,2022-05-17 03:18:01
2022-05-17 23:32:11,2022-05-17 23:32:16,Located_Indoors,annotator,Behavioral Parameters,2022-05-17 03:18:01,2022-05-17 03:18:06
2022-05-17 23:32:16,2022-05-17 23:36:37,Located_Indoors, CP_VideoUnavailable/Indecipherable,annotator,Behavioral Parameters,2022-05-17 03:18:06,2022-05-17 03:22:27
2022-05-17 23:36:37,2022-05-17 23:37:46,Located_Indoors, Holding_Other_Object_Light,annotator,Behavioral Parameters,2022-05-17 03:22:27,2022-05-17 03:23:36
2022-05-17 23:37:46,2022-05-17 23:42:24,Located_Indoors, CP_VideoUnavailable/Indecipherable,annotator,Behavioral Parameters,2022-05-17 03:23:36,2022-05-17 03:28:14
2022-05-17 23:42:24,2022-05-17 23:42:36,Located_Indoors,annotator,Behavioral Parameters,2022-05-17 03:28:14,2022-05-17 03:28:26
2022-05-17 23:42:36,2022-05-17 23:43:58,Located_Indoors, CP_VideoUnavailable/Indecipherable,annotator,Behavioral Parameters,2022-05-17 03:28:26,2022-05-17 03:29:48
2022-05-17 23:43:58,2022-05-17 23:44:16,Located_Indoors,annotator,Behavioral Parameters,2022-05-17 03:29:48,2022-05-17 03:30:06
2022-05-17 23:44:16,2022-05-17 23:44:20,Located_Indoors,annotator,Behavioral Parameters,2022-05-17 03:30:06,2022-05-17 03:30:10
2022-05-17 23:44:20,2022-05-17 23:44:32,Located_Indoors, Texting/Browsing_Phone,annotator,Behavioral Parameters,2022-05-17 03:30:10,2022-05-17 03:30:22
2022-05-17 23:44:32,2022-05-17 23:44:46,Located_Indoors,annotator,Behavioral Parameters,2022-05-17 03:30:22,2022-05-17 03:30:36
2022-05-17 23:44:46,2022-05-17 23:45:13,Located_Indoors, Holding_Other_Object_Light,annotator,Behavioral Parameters,2022-05-17 03:30:36,2022-05-17 03:31:03
2022-05-17 23:45:13,2022-05-17 23:45:20,Located_Indoors,annotator,Behavioral Parameters,2022-05-17 03:31:03,2022-05-17 03:31:10
2022-05-17 23:45:20,2022-05-17 23:45:22,Located_Indoors, Texting/Browsing_Phone,annotator,Behavioral Parameters,2022-05-17 03:31:10,2022-05-17 03:31:12
2022-05-17 23:45:22,2022-05-17 23:45:26,Located_Indoors,annotator,Behavioral Parameters,2022-05-17 03:31:12,2022-05-17 03:31:16
2022-05-17 23:45:26,2022-05-17 23:45:36,Located_Indoors,annotator,Behavioral Parameters,2022-05-17 03:31:16,2022-05-17 03:31:26
2022-05-17 23:45:36,2022-05-17 23:45:57,Located_Indoors, Holding_Other_Object_Light,annotator,Behavioral Parameters,2022-05-17 03:31:26,2022-05-17 03:31:47
2022-05-17 23:45:57,2022-05-17 23:46:51,Located_Indoors, Holding_Other_Object_Light,annotator,Behavioral Parameters,2022-05-17 03:31:47,2022-05-17 03:32:41
2022-05-17 23:46:51,2022-05-17 23:47:20,Located_Indoors, Holding_Other_Object_Light,annotator,Behavioral Parameters,2022-05-17 03:32:41,2022-05-17 03:33:10
2022-05-17 23:47:20,2022-05-17 23:50:38,Located_Indoors, CP_VideoUnavailable/Indecipherable,annotator,Behavioral Parameters,2022-05-17 03:33:10,2022-05-17 03:36:28
2022-05-17 23:50:38,2022-05-17 23:50:45,Located_Indoors,annotator,Behavioral Parameters,2022-05-17 03:36:28,2022-05-17 03:36:35
2022-05-17 23:50:45,2022-05-17 23:50:52,Located_Indoors,annotator,Behavioral Parameters,2022-05-17 03:36:35,2022-05-17 03:36:42
2022-05-17 23:50:52,2022-05-17 23:52:04,Located_Indoors,annotator,Behavioral Parameters,2022-05-17 03:36:42,2022-05-17 03:37:54
