{
    "annotations": [
        {
            "id": "3b393477-f0b0-4fab-949a-f30e552ef511",
            "range": {
                "start": 0,
                "end": 183
            },
            "shape": {
                "x1": null,
                "x2": null,
                "y1": null,
                "y2": null
            },
            "comments": [
                {
                    "id": "699f7d7c-7bf6-eff1-e735-755a2d066a29",
                    "meta": {
                        "datetime": "2022-10-29T18:42:37.291Z",
                        "user_id": 2,
                        "user_name": "Harish"
                    },
                    "body": "[{\"category\":\"POSTURE\",\"selectedValue\":\"In_Position_Upright\"},{\"category\":\"HIGH LEVEL BEHAVIOR\",\"selectedValue\":[\"HLB_Unlabeled\"]},{\"category\":\"PA TYPE\",\"selectedValue\":\"Standing_With_Movement\"},{\"category\":\"Behavioral Parameters\",\"selectedValue\":[\"Located_Indoors\",\"In_Conversation\"]},{\"category\":\"Experimental situation\",\"selectedValue\":\"Free_Living\"}]"
                }
            ]
        },
        {
            "id": "e18f1909-2626-4ae0-83e7-9c854eb391a5",
            "range": {
                "start": 183,
                "end": 375
            },
            "shape": {
                "x1": null,
                "x2": null,
                "y1": null,
                "y2": null
            },
            "comments": [
                {
                    "id": "c924ddc9-f5cd-86c6-36e7-9ea6cfc83939",
                    "meta": {
                        "datetime": "2022-10-29T18:43:36.048Z",
                        "user_id": 2,
                        "user_name": "Harish"
                    },
                    "body": "[{\"category\":\"POSTURE\",\"selectedValue\":\"Posture_Indecipherable/Video_Insufficient\"},{\"category\":\"HIGH LEVEL BEHAVIOR\",\"selectedValue\":[\"HLB_Indecipherable/Video_Insufficient\"]},{\"category\":\"PA TYPE\",\"selectedValue\":\"PA_Type_VideoUnavailable/Indecipherable\"},{\"category\":\"Behavioral Parameters\",\"selectedValue\":[\"Located_Indoors\"]},{\"category\":\"Experimental situation\",\"selectedValue\":\"Free_Living\"}]"
                }
            ]
        },
        {
            "id": "f73effb3-a3d3-41ee-ba6d-1396b4b1614c",
            "range": {
                "start": 375,
                "end": 399
            },
            "shape": {
                "x1": null,
                "x2": null,
                "y1": null,
                "y2": null
            },
            "comments": [
                {
                    "id": "55878f68-e840-1457-410e-f7df6658dd42",
                    "meta": {
                        "datetime": "2022-10-29T18:43:58.080Z",
                        "user_id": 2,
                        "user_name": "Harish"
                    },
                    "body": "[{\"category\":\"POSTURE\",\"selectedValue\":\"In_Position_Upright\"},{\"category\":\"HIGH LEVEL BEHAVIOR\",\"selectedValue\":[\"HLB_Unlabeled\"]},{\"category\":\"PA TYPE\",\"selectedValue\":\"Walking\"},{\"category\":\"Behavioral Parameters\",\"selectedValue\":[\"Located_Indoors\"]},{\"category\":\"Experimental situation\",\"selectedValue\":\"Free_Living\"}]"
                }
            ]
        },
        {
            "id": "25080b0d-1a44-4a5a-9fe2-8375e9be75e9",
            "range": {
                "start": 399,
                "end": 434
            },
            "shape": {
                "x1": null,
                "x2": null,
                "y1": null,
                "y2": null
            },
            "comments": [
                {
                    "id": "8c6d87bf-66bf-5773-2f55-18d649b29c26",
                    "meta": {
                        "datetime": "2022-10-29T18:44:27.560Z",
                        "user_id": 2,
                        "user_name": "Harish"
                    },
                    "body": "[{\"category\":\"POSTURE\",\"selectedValue\":\"In_Position_Upright\"},{\"category\":\"HIGH LEVEL BEHAVIOR\",\"selectedValue\":[\"HLB_Unlabeled\"]},{\"category\":\"PA TYPE\",\"selectedValue\":\"Standing_With_Movement\"},{\"category\":\"Behavioral Parameters\",\"selectedValue\":[\"Located_Indoors\",\"In_Conversation\"]},{\"category\":\"Experimental situation\",\"selectedValue\":\"Free_Living\"}]"
                }
            ]
        },
        {
            "id": "e9d692bd-390b-40e1-909b-7827355f8f9b",
            "range": {
                "start": 434,
                "end": 465
            },
            "shape": {
                "x1": null,
                "x2": null,
                "y1": null,
                "y2": null
            },
            "comments": [
                {
                    "id": "3f67fca1-bcb5-fccf-089e-07eba30f2c3c",
                    "meta": {
                        "datetime": "2022-10-29T18:44:50.344Z",
                        "user_id": 2,
                        "user_name": "Harish"
                    },
                    "body": "[{\"category\":\"POSTURE\",\"selectedValue\":\"In_Position_Upright\"},{\"category\":\"HIGH LEVEL BEHAVIOR\",\"selectedValue\":[\"In_Transit_Active\"]},{\"category\":\"PA TYPE\",\"selectedValue\":\"Walking\"},{\"category\":\"Behavioral Parameters\",\"selectedValue\":[\"Located_Indoors\"]},{\"category\":\"Experimental situation\",\"selectedValue\":\"Free_Living\"}]"
                }
            ]
        },
        {
            "id": "611e761c-809d-4b07-9438-b89d523bbe05",
            "range": {
                "start": 465,
                "end": 514
            },
            "shape": {
                "x1": null,
                "x2": null,
                "y1": null,
                "y2": null
            },
            "comments": [
                {
                    "id": "84baf5fd-8a37-743a-fd26-0ac51eafee68",
                    "meta": {
                        "datetime": "2022-10-29T18:45:17.360Z",
                        "user_id": 2,
                        "user_name": "Harish"
                    },
                    "body": "[{\"category\":\"POSTURE\",\"selectedValue\":\"In_Position_Upright\"},{\"category\":\"HIGH LEVEL BEHAVIOR\",\"selectedValue\":[\"In_Bathroom\"]},{\"category\":\"PA TYPE\",\"selectedValue\":\"Standing_With_Movement\"},{\"category\":\"Behavioral Parameters\",\"selectedValue\":[\"Located_Indoors\"]},{\"category\":\"Experimental situation\",\"selectedValue\":\"Free_Living\"}]"
                }
            ]
        },
        {
            "id": "7a3127f4-5021-4e0a-a0ab-3362ac5165e3",
            "range": {
                "start": 514,
                "end": 528
            },
            "shape": {
                "x1": null,
                "x2": null,
                "y1": null,
                "y2": null
            },
            "comments": [
                {
                    "id": "364b657c-3027-311a-b783-3fff3a9d2804",
                    "meta": {
                        "datetime": "2022-10-29T18:45:30.311Z",
                        "user_id": 2,
                        "user_name": "Harish"
                    },
                    "body": "[{\"category\":\"POSTURE\",\"selectedValue\":\"In_Position_Upright\"},{\"category\":\"HIGH LEVEL BEHAVIOR\",\"selectedValue\":[\"In_Transit_Active\"]},{\"category\":\"PA TYPE\",\"selectedValue\":\"Walking\"},{\"category\":\"Behavioral Parameters\",\"selectedValue\":[\"Located_Indoors\"]},{\"category\":\"Experimental situation\",\"selectedValue\":\"Free_Living\"}]"
                }
            ]
        },
        {
            "id": "08346599-6d28-4669-972b-65bb84ead6e8",
            "range": {
                "start": 528,
                "end": 596
            },
            "shape": {
                "x1": null,
                "x2": null,
                "y1": null,
                "y2": null
            },
            "comments": [
                {
                    "id": "7ecb5b83-e23c-d031-c263-5bfddb770339",
                    "meta": {
                        "datetime": "2022-10-29T18:45:53.054Z",
                        "user_id": 2,
                        "user_name": "Harish"
                    },
                    "body": "[{\"category\":\"POSTURE\",\"selectedValue\":\"In_Position_Upright\"},{\"category\":\"HIGH LEVEL BEHAVIOR\",\"selectedValue\":[\"In_Transit_Active\"]},{\"category\":\"PA TYPE\",\"selectedValue\":\"Walking_Down_Stairs\"},{\"category\":\"Behavioral Parameters\",\"selectedValue\":[\"Located_Indoors\"]},{\"category\":\"Experimental situation\",\"selectedValue\":\"Free_Living\"}]"
                }
            ]
        },
        {
            "id": "30ac6224-775a-4d59-8ae8-47e0d99aa5b8",
            "range": {
                "start": 596,
                "end": 609
            },
            "shape": {
                "x1": null,
                "x2": null,
                "y1": null,
                "y2": null
            },
            "comments": [
                {
                    "id": "32883477-1809-1341-0ef3-dc1429e7e9c1",
                    "meta": {
                        "datetime": "2022-10-29T18:46:01.447Z",
                        "user_id": 2,
                        "user_name": "Harish"
                    },
                    "body": "[{\"category\":\"POSTURE\",\"selectedValue\":\"In_Position_Upright\"},{\"category\":\"HIGH LEVEL BEHAVIOR\",\"selectedValue\":[\"In_Transit_Active\"]},{\"category\":\"PA TYPE\",\"selectedValue\":\"Walking\"},{\"category\":\"Behavioral Parameters\",\"selectedValue\":[\"Located_Indoors\"]},{\"category\":\"Experimental situation\",\"selectedValue\":\"Free_Living\"}]"
                }
            ]
        },
        {
            "id": "398e0997-a189-4ae2-809b-492c4faab77c",
            "range": {
                "start": 609,
                "end": 627
            },
            "shape": {
                "x1": null,
                "x2": null,
                "y1": null,
                "y2": null
            },
            "comments": [
                {
                    "id": "89da97dc-7fe9-3a45-b10b-f8aa258ddcb0",
                    "meta": {
                        "datetime": "2022-10-29T18:46:13.159Z",
                        "user_id": 2,
                        "user_name": "Harish"
                    },
                    "body": "[{\"category\":\"POSTURE\",\"selectedValue\":\"In_Position_Upright\"},{\"category\":\"HIGH LEVEL BEHAVIOR\",\"selectedValue\":[\"In_Transit_Active\"]},{\"category\":\"PA TYPE\",\"selectedValue\":\"Walking\"},{\"category\":\"Behavioral Parameters\",\"selectedValue\":[\"Located_Outdoors\",\"Texting/Browsing_Phone\",\"Holding_Other_Object_Light\"]},{\"category\":\"Experimental situation\",\"selectedValue\":\"Free_Living\"}]"
                }
            ]
        },
        {
            "id": "da06d4ab-c3b9-47ad-86a3-d41799f05ae3",
            "range": {
                "start": 627,
                "end": 691
            },
            "shape": {
                "x1": null,
                "x2": null,
                "y1": null,
                "y2": null
            },
            "comments": [
                {
                    "id": "544d2a02-8ead-8f0b-1e5c-9ed9e3cda287",
                    "meta": {
                        "datetime": "2022-10-29T18:46:23.295Z",
                        "user_id": 2,
                        "user_name": "Harish"
                    },
                    "body": "[{\"category\":\"POSTURE\",\"selectedValue\":\"In_Position_Upright\"},{\"category\":\"HIGH LEVEL BEHAVIOR\",\"selectedValue\":[\"In_Transit_Active\"]},{\"category\":\"PA TYPE\",\"selectedValue\":\"Walking\"},{\"category\":\"Behavioral Parameters\",\"selectedValue\":[\"Located_Outdoors\"]},{\"category\":\"Experimental situation\",\"selectedValue\":\"Free_Living\"}]"
                }
            ]
        },
        {
            "id": "4f8a63fa-adef-4eee-95da-3644a48922e1",
            "range": {
                "start": 691,
                "end": 824
            },
            "shape": {
                "x1": null,
                "x2": null,
                "y1": null,
                "y2": null
            },
            "comments": [
                {
                    "id": "d3f2898d-2c47-7ae4-35fa-4407b741e9e4",
                    "meta": {
                        "datetime": "2022-10-29T18:47:01.023Z",
                        "user_id": 2,
                        "user_name": "Harish"
                    },
                    "body": "[{\"category\":\"POSTURE\",\"selectedValue\":\"In_Position_Upright\"},{\"category\":\"HIGH LEVEL BEHAVIOR\",\"selectedValue\":[\"Shopping_Grocery\"]},{\"category\":\"PA TYPE\",\"selectedValue\":\"Puttering_Around\"},{\"category\":\"Behavioral Parameters\",\"selectedValue\":[\"Located_Indoors\"]},{\"category\":\"Experimental situation\",\"selectedValue\":\"Free_Living\"}]"
                }
            ]
        },
        {
            "id": "76935040-4a8d-45d9-8cb4-cdf95aa27aed",
            "range": {
                "start": 824,
                "end": 859
            },
            "shape": {
                "x1": null,
                "x2": null,
                "y1": null,
                "y2": null
            },
            "comments": [
                {
                    "id": "a7e0f375-7dbb-a590-59b5-71d177ebeb25",
                    "meta": {
                        "datetime": "2022-10-29T18:47:24.431Z",
                        "user_id": 2,
                        "user_name": "Harish"
                    },
                    "body": "[{\"category\":\"POSTURE\",\"selectedValue\":\"In_Position_Upright\"},{\"category\":\"HIGH LEVEL BEHAVIOR\",\"selectedValue\":[\"Shopping_Grocery\"]},{\"category\":\"PA TYPE\",\"selectedValue\":\"Standing_With_Movement\"},{\"category\":\"Behavioral Parameters\",\"selectedValue\":[\"Located_Indoors\"]},{\"category\":\"Experimental situation\",\"selectedValue\":\"Free_Living\"}]"
                }
            ]
        },
        {
            "id": "8133b84c-c2c6-4d2d-a5f0-0e6bf580a537",
            "range": {
                "start": 859,
                "end": 864
            },
            "shape": {
                "x1": null,
                "x2": null,
                "y1": null,
                "y2": null
            },
            "comments": [
                {
                    "id": "1200a29d-9a0a-7f0e-192d-15352df454c9",
                    "meta": {
                        "datetime": "2022-10-29T18:47:36.799Z",
                        "user_id": 2,
                        "user_name": "Harish"
                    },
                    "body": "[{\"category\":\"POSTURE\",\"selectedValue\":\"In_Position_Upright\"},{\"category\":\"HIGH LEVEL BEHAVIOR\",\"selectedValue\":[\"In_Transit_Active\"]},{\"category\":\"PA TYPE\",\"selectedValue\":\"Walking\"},{\"category\":\"Behavioral Parameters\",\"selectedValue\":[\"Located_Indoors\",\"Holding_Other_Object_Light\"]},{\"category\":\"Experimental situation\",\"selectedValue\":\"Free_Living\"}]"
                }
            ]
        },
        {
            "id": "e5731e9e-e507-48c6-90f0-3faa857bb64a",
            "range": {
                "start": 864,
                "end": 1311
            },
            "shape": {
                "x1": null,
                "x2": null,
                "y1": null,
                "y2": null
            },
            "comments": [
                {
                    "id": "34ac8cc4-e4d9-1120-ee04-1a26e8b9d667",
                    "meta": {
                        "datetime": "2022-10-29T18:48:00.703Z",
                        "user_id": 2,
                        "user_name": "Harish"
                    },
                    "body": "[{\"category\":\"POSTURE\",\"selectedValue\":\"In_Position_Upright\"},{\"category\":\"HIGH LEVEL BEHAVIOR\",\"selectedValue\":[\"In_Transit_Active\"]},{\"category\":\"PA TYPE\",\"selectedValue\":\"Walking\"},{\"category\":\"Behavioral Parameters\",\"selectedValue\":[\"Holding_Other_Object_Light\",\"Located_Outdoors\"]},{\"category\":\"Experimental situation\",\"selectedValue\":\"Free_Living\"}]"
                }
            ]
        },
        {
            "id": "8d4778fe-4de2-4b35-adb5-ec9fca3dd66b",
            "range": {
                "start": 1311,
                "end": 1339
            },
            "shape": {
                "x1": null,
                "x2": null,
                "y1": null,
                "y2": null
            },
            "comments": [
                {
                    "id": "238b3efd-7f8a-196c-34bb-c50658475845",
                    "meta": {
                        "datetime": "2022-10-29T18:48:32.726Z",
                        "user_id": 2,
                        "user_name": "Harish"
                    },
                    "body": "[{\"category\":\"POSTURE\",\"selectedValue\":\"In_Position_Upright\"},{\"category\":\"HIGH LEVEL BEHAVIOR\",\"selectedValue\":[\"In_Transit_Active\"]},{\"category\":\"PA TYPE\",\"selectedValue\":\"Walking_Up_Stairs\"},{\"category\":\"Behavioral Parameters\",\"selectedValue\":[\"Holding_Other_Object_Light\",\"Located_Outdoors\"]},{\"category\":\"Experimental situation\",\"selectedValue\":\"Free_Living\"}]"
                }
            ]
        },
        {
            "id": "19f0cd1a-491f-4b9e-b963-057e8b48a362",
            "range": {
                "start": 1339,
                "end": 1363
            },
            "shape": {
                "x1": null,
                "x2": null,
                "y1": null,
                "y2": null
            },
            "comments": [
                {
                    "id": "4907c32b-0617-8b37-8d4b-7ea250517a2a",
                    "meta": {
                        "datetime": "2022-10-29T18:48:42.071Z",
                        "user_id": 2,
                        "user_name": "Harish"
                    },
                    "body": "[{\"category\":\"POSTURE\",\"selectedValue\":\"In_Position_Upright\"},{\"category\":\"HIGH LEVEL BEHAVIOR\",\"selectedValue\":[\"In_Transit_Active\"]},{\"category\":\"PA TYPE\",\"selectedValue\":\"Walking\"},{\"category\":\"Behavioral Parameters\",\"selectedValue\":[\"Holding_Other_Object_Light\",\"Located_Outdoors\"]},{\"category\":\"Experimental situation\",\"selectedValue\":\"Free_Living\"}]"
                }
            ]
        },
        {
            "id": "b048c5c2-a49a-4074-a804-f93e8ceaf169",
            "range": {
                "start": 1363,
                "end": 1381
            },
            "shape": {
                "x1": null,
                "x2": null,
                "y1": null,
                "y2": null
            },
            "comments": [
                {
                    "id": "7da95d1c-266e-cf49-02a1-42e632e7f496",
                    "meta": {
                        "datetime": "2022-10-29T18:49:12.598Z",
                        "user_id": 2,
                        "user_name": "Harish"
                    },
                    "body": "[{\"category\":\"POSTURE\",\"selectedValue\":\"In_Position_Upright\"},{\"category\":\"HIGH LEVEL BEHAVIOR\",\"selectedValue\":[\"In_Transit_Active\"]},{\"category\":\"PA TYPE\",\"selectedValue\":\"Walking_Down_Stairs\"},{\"category\":\"Behavioral Parameters\",\"selectedValue\":[\"Holding_Other_Object_Light\",\"Located_Outdoors\"]},{\"category\":\"Experimental situation\",\"selectedValue\":\"Free_Living\"}]"
                }
            ]
        },
        {
            "id": "9075ac61-007c-4749-bdfe-f598e3176fa7",
            "range": {
                "start": 1381,
                "end": 1518
            },
            "shape": {
                "x1": null,
                "x2": null,
                "y1": null,
                "y2": null
            },
            "comments": [
                {
                    "id": "d3a2788e-31e8-3df2-c43b-2462f218356b",
                    "meta": {
                        "datetime": "2022-10-29T18:49:23.599Z",
                        "user_id": 2,
                        "user_name": "Harish"
                    },
                    "body": "[{\"category\":\"POSTURE\",\"selectedValue\":\"In_Position_Upright\"},{\"category\":\"HIGH LEVEL BEHAVIOR\",\"selectedValue\":[\"In_Transit_Active\"]},{\"category\":\"PA TYPE\",\"selectedValue\":\"Walking\"},{\"category\":\"Behavioral Parameters\",\"selectedValue\":[\"Holding_Other_Object_Light\",\"Located_Outdoors\"]},{\"category\":\"Experimental situation\",\"selectedValue\":\"Free_Living\"}]"
                }
            ]
        },
        {
            "id": "99b550de-3c1d-4633-bc19-f51a52960ae6",
            "range": {
                "start": 1518,
                "end": 1551
            },
            "shape": {
                "x1": null,
                "x2": null,
                "y1": null,
                "y2": null
            },
            "comments": [
                {
                    "id": "dc105bbd-1cdd-6272-5294-554c03ea0337",
                    "meta": {
                        "datetime": "2022-10-29T18:49:38.399Z",
                        "user_id": 2,
                        "user_name": "Harish"
                    },
                    "body": "[{\"category\":\"POSTURE\",\"selectedValue\":\"In_Position_Upright\"},{\"category\":\"HIGH LEVEL BEHAVIOR\",\"selectedValue\":[\"In_Transit_Active\"]},{\"category\":\"PA TYPE\",\"selectedValue\":\"Walking\"},{\"category\":\"Behavioral Parameters\",\"selectedValue\":[\"Holding_Other_Object_Light\",\"Located_Indoors\"]},{\"category\":\"Experimental situation\",\"selectedValue\":\"Free_Living\"}]"
                }
            ]
        },
        {
            "id": "359981bf-9a42-46f2-8cb8-abaa8aadd310",
            "range": {
                "start": 1551,
                "end": 1577
            },
            "shape": {
                "x1": null,
                "x2": null,
                "y1": null,
                "y2": null
            },
            "comments": [
                {
                    "id": "2c0a814e-80bb-60a2-a220-3de91de6a9c6",
                    "meta": {
                        "datetime": "2022-10-29T18:49:55.856Z",
                        "user_id": 2,
                        "user_name": "Harish"
                    },
                    "body": "[{\"category\":\"POSTURE\",\"selectedValue\":\"In_Position_Upright\"},{\"category\":\"HIGH LEVEL BEHAVIOR\",\"selectedValue\":[\"Riding_Elevator_Up\"]},{\"category\":\"PA TYPE\",\"selectedValue\":\"Standing_With_Movement\"},{\"category\":\"Behavioral Parameters\",\"selectedValue\":[\"Holding_Other_Object_Light\",\"Located_Indoors\"]},{\"category\":\"Experimental situation\",\"selectedValue\":\"Free_Living\"}]"
                }
            ]
        },
        {
            "id": "82d07e35-5f51-47fb-90e2-956bfa6dfaa2",
            "range": {
                "start": 1577,
                "end": 1605
            },
            "shape": {
                "x1": null,
                "x2": null,
                "y1": null,
                "y2": null
            },
            "comments": [
                {
                    "id": "f2ec4d10-e9ee-821f-496d-0a4d21adbbc6",
                    "meta": {
                        "datetime": "2022-10-29T18:50:15.150Z",
                        "user_id": 2,
                        "user_name": "Harish"
                    },
                    "body": "[{\"category\":\"POSTURE\",\"selectedValue\":\"In_Position_Upright\"},{\"category\":\"HIGH LEVEL BEHAVIOR\",\"selectedValue\":[\"In_Transit_Active\"]},{\"category\":\"PA TYPE\",\"selectedValue\":\"Walking\"},{\"category\":\"Behavioral Parameters\",\"selectedValue\":[\"Holding_Other_Object_Light\",\"Located_Indoors\"]},{\"category\":\"Experimental situation\",\"selectedValue\":\"Free_Living\"}]"
                }
            ]
        },
        {
            "id": "9f494db2-482b-4f4d-ab12-69b8bcbc3cea",
            "range": {
                "start": 1605,
                "end": 1676
            },
            "shape": {
                "x1": null,
                "x2": null,
                "y1": null,
                "y2": null
            },
            "comments": [
                {
                    "id": "73331d2b-fcec-d3a1-cd93-c136c047dbec",
                    "meta": {
                        "datetime": "2022-10-29T18:50:49.511Z",
                        "user_id": 2,
                        "user_name": "Harish"
                    },
                    "body": "[{\"category\":\"POSTURE\",\"selectedValue\":\"In_Position_Upright\"},{\"category\":\"HIGH LEVEL BEHAVIOR\",\"selectedValue\":[\"HLB_Unlabeled\"]},{\"category\":\"PA TYPE\",\"selectedValue\":\"Standing_With_Movement\"},{\"category\":\"Behavioral Parameters\",\"selectedValue\":[\"Located_Indoors\",\"In_Conversation\"]},{\"category\":\"Experimental situation\",\"selectedValue\":\"Free_Living\"}]"
                }
            ]
        },
        {
            "id": "969a6e11-3231-4819-8c34-9e256942b788",
            "range": {
                "start": 1676,
                "end": 1769
            },
            "shape": {
                "x1": null,
                "x2": null,
                "y1": null,
                "y2": null
            },
            "comments": [
                {
                    "id": "3d23ac00-2091-0292-03de-5a283f7745de",
                    "meta": {
                        "datetime": "2022-10-29T18:51:15.182Z",
                        "user_id": 2,
                        "user_name": "Harish"
                    },
                    "body": "[{\"category\":\"POSTURE\",\"selectedValue\":\"Lying_On_Left_Side\"},{\"category\":\"HIGH LEVEL BEHAVIOR\",\"selectedValue\":[\"HLB_Unlabeled\"]},{\"category\":\"PA TYPE\",\"selectedValue\":\"Lying_With_Movement\"},{\"category\":\"Behavioral Parameters\",\"selectedValue\":[\"Located_Indoors\",\"In_Conversation\"]},{\"category\":\"Experimental situation\",\"selectedValue\":\"Free_Living\"}]"
                }
            ]
        },
        {
            "id": "ef16a336-e211-44a5-b838-c3778738ee3e",
            "range": {
                "start": 1769,
                "end": 1855
            },
            "shape": {
                "x1": null,
                "x2": null,
                "y1": null,
                "y2": null
            },
            "comments": [
                {
                    "id": "2087de56-cc98-f8f7-ae07-5a412f9279d3",
                    "meta": {
                        "datetime": "2022-10-29T18:51:31.982Z",
                        "user_id": 2,
                        "user_name": "Harish"
                    },
                    "body": "[{\"category\":\"POSTURE\",\"selectedValue\":\"Lying_On_Back\"},{\"category\":\"HIGH LEVEL BEHAVIOR\",\"selectedValue\":[\"HLB_Unlabeled\"]},{\"category\":\"PA TYPE\",\"selectedValue\":\"Lying_With_Movement\"},{\"category\":\"Behavioral Parameters\",\"selectedValue\":[\"Located_Indoors\",\"In_Conversation\",\"Holding_Other_Object_Light\",\"Texting/Browsing_Phone\"]},{\"category\":\"Experimental situation\",\"selectedValue\":\"Free_Living\"}]"
                }
            ]
        },
        {
            "id": "297b1b8f-11ba-4dd8-8899-fd442351a8a8",
            "range": {
                "start": 1855,
                "end": 1879
            },
            "shape": {
                "x1": null,
                "x2": null,
                "y1": null,
                "y2": null
            },
            "comments": [
                {
                    "id": "d01e604a-9acc-1c62-e99f-5cf0f73a7992",
                    "meta": {
                        "datetime": "2022-10-29T18:51:50.974Z",
                        "user_id": 2,
                        "user_name": "Harish"
                    },
                    "body": "[{\"category\":\"POSTURE\",\"selectedValue\":\"In_Position_Upright\"},{\"category\":\"HIGH LEVEL BEHAVIOR\",\"selectedValue\":[\"HLB_Unlabeled\"]},{\"category\":\"PA TYPE\",\"selectedValue\":\"Standing_With_Movement\"},{\"category\":\"Behavioral Parameters\",\"selectedValue\":[\"Located_Indoors\",\"In_Conversation\"]},{\"category\":\"Experimental situation\",\"selectedValue\":\"Free_Living\"}]"
                }
            ]
        },
        {
            "id": "7e4ec7c2-5699-4b60-802c-1514721167ed",
            "range": {
                "start": 1879,
                "end": 1882
            },
            "shape": {
                "x1": null,
                "x2": null,
                "y1": null,
                "y2": null
            },
            "comments": [
                {
                    "id": "ab5de25c-ddec-3749-2293-45847f42935b",
                    "meta": {
                        "datetime": "2022-10-29T18:52:03.916Z",
                        "user_id": 2,
                        "user_name": "Harish"
                    },
                    "body": "[{\"category\":\"POSTURE\",\"selectedValue\":\"In_Position_Upright\"},{\"category\":\"HIGH LEVEL BEHAVIOR\",\"selectedValue\":[\"HLB_Unlabeled\"]},{\"category\":\"PA TYPE\",\"selectedValue\":\"Walking\"},{\"category\":\"Behavioral Parameters\",\"selectedValue\":[\"Located_Indoors\",\"In_Conversation\"]},{\"category\":\"Experimental situation\",\"selectedValue\":\"Free_Living\"}]"
                }
            ]
        },
        {
            "id": "f450b29d-27e2-412f-ae7d-820e096a018c",
            "range": {
                "start": 1882,
                "end": 2018
            },
            "shape": {
                "x1": null,
                "x2": null,
                "y1": null,
                "y2": null
            },
            "comments": [
                {
                    "id": "ac41461b-ca27-6efe-b0fc-4b105254f1c1",
                    "meta": {
                        "datetime": "2022-10-29T18:52:34.789Z",
                        "user_id": 2,
                        "user_name": "Harish"
                    },
                    "body": "[{\"category\":\"POSTURE\",\"selectedValue\":\"In_Position_Upright\"},{\"category\":\"HIGH LEVEL BEHAVIOR\",\"selectedValue\":[\"HLB_Unlabeled\"]},{\"category\":\"PA TYPE\",\"selectedValue\":\"Walking\"},{\"category\":\"Behavioral Parameters\",\"selectedValue\":[\"Located_Indoors\",\"In_Conversation\"]},{\"category\":\"Experimental situation\",\"selectedValue\":\"Free_Living\"}]"
                }
            ]
        },
        {
            "id": "7437e6e0-8e49-40b0-8a6c-5efcaad52665",
            "range": {
                "start": 2018,
                "end": 2276
            },
            "shape": {
                "x1": null,
                "x2": null,
                "y1": null,
                "y2": null
            },
            "comments": [
                {
                    "id": "65854906-1007-d60f-a4d8-ab7b38ab4e28",
                    "meta": {
                        "datetime": "2022-10-30T16:35:12.503Z",
                        "user_id": 2,
                        "user_name": "Harish"
                    },
                    "body": "[{\"category\":\"POSTURE\",\"selectedValue\":\"In_Position_Upright\"},{\"category\":\"HIGH LEVEL BEHAVIOR\",\"selectedValue\":[\"Cooking/Prepping_Food\"]},{\"category\":\"PA TYPE\",\"selectedValue\":\"Puttering_Around\"},{\"category\":\"Behavioral Parameters\",\"selectedValue\":[\"Located_Indoors\",\"Holding_Other_Object_Light\",\"In_Conversation\"]},{\"category\":\"Experimental situation\",\"selectedValue\":\"Free_Living\"}]"
                }
            ]
        },
        {
            "id": "44f097e8-4049-45b1-83cf-535a70214d3f",
            "range": {
                "start": 2276,
                "end": 2306
            },
            "shape": {
                "x1": null,
                "x2": null,
                "y1": null,
                "y2": null
            },
            "comments": [
                {
                    "id": "1531cd37-8cac-d6b8-e020-b1f69ce4b8ff",
                    "meta": {
                        "datetime": "2022-10-30T16:35:29.843Z",
                        "user_id": 2,
                        "user_name": "Harish"
                    },
                    "body": "[{\"category\":\"POSTURE\",\"selectedValue\":\"In_Position_Upright\"},{\"category\":\"HIGH LEVEL BEHAVIOR\",\"selectedValue\":[\"Cooking/Prepping_Food\"]},{\"category\":\"PA TYPE\",\"selectedValue\":\"Puttering_Around\"},{\"category\":\"Behavioral Parameters\",\"selectedValue\":[\"Located_Indoors\",\"Holding_Other_Object_Light\",\"In_Conversation\",\"Texting/Browsing_Phone\"]},{\"category\":\"Experimental situation\",\"selectedValue\":\"Free_Living\"}]"
                }
            ]
        },
        {
            "id": "f137f5e0-30cd-4196-af09-6d713a2268ec",
            "range": {
                "start": 2306,
                "end": 3803
            },
            "shape": {
                "x1": null,
                "x2": null,
                "y1": null,
                "y2": null
            },
            "comments": [
                {
                    "id": "713d14c7-ca55-9191-aa41-cb5a74cf055c",
                    "meta": {
                        "datetime": "2022-10-30T16:38:00.444Z",
                        "user_id": 2,
                        "user_name": "Harish"
                    },
                    "body": "[{\"category\":\"POSTURE\",\"selectedValue\":\"Posture_Indecipherable/Video_Insufficient\"},{\"category\":\"HIGH LEVEL BEHAVIOR\",\"selectedValue\":[\"HLB_Indecipherable/Video_Insufficient\"]},{\"category\":\"PA TYPE\",\"selectedValue\":\"PA_Type_VideoUnavailable/Indecipherable\"},{\"category\":\"Behavioral Parameters\",\"selectedValue\":[\"Located_Indoors\"]},{\"category\":\"Experimental situation\",\"selectedValue\":\"Free_Living\"}]"
                }
            ]
        },
        {
            "id": "e5785888-ac21-4439-8784-8705cdebbc77",
            "range": {
                "start": 3803,
                "end": 3822
            },
            "shape": {
                "x1": null,
                "x2": null,
                "y1": null,
                "y2": null
            },
            "comments": [
                {
                    "id": "d206998b-b2f6-cbcc-16b5-3a88e863a72e",
                    "meta": {
                        "datetime": "2022-10-30T16:39:58.002Z",
                        "user_id": 2,
                        "user_name": "Harish"
                    },
                    "body": "[{\"category\":\"POSTURE\",\"selectedValue\":\"In_Position_Upright\"},{\"category\":\"HIGH LEVEL BEHAVIOR\",\"selectedValue\":[\"HLB_Unlabeled\"]},{\"category\":\"PA TYPE\",\"selectedValue\":\"Standing_With_Movement\"},{\"category\":\"Behavioral Parameters\",\"selectedValue\":[\"Located_Indoors\",\"Holding_Other_Object_Light\",\"Texting/Browsing_Phone\"]},{\"category\":\"Experimental situation\",\"selectedValue\":\"Free_Living\"}]"
                }
            ]
        },
        {
            "id": "f51375a9-e1f0-49c6-8f46-1f5da5f32241",
            "range": {
                "start": 3822,
                "end": 4479
            },
            "shape": {
                "x1": null,
                "x2": null,
                "y1": null,
                "y2": null
            },
            "comments": [
                {
                    "id": "c94a7fe0-1c4b-01a6-0254-bcf79c2f89bc",
                    "meta": {
                        "datetime": "2022-10-30T16:40:42.250Z",
                        "user_id": 2,
                        "user_name": "Harish"
                    },
                    "body": "[{\"category\":\"POSTURE\",\"selectedValue\":\"Posture_Indecipherable/Video_Insufficient\"},{\"category\":\"HIGH LEVEL BEHAVIOR\",\"selectedValue\":[\"HLB_Indecipherable/Video_Insufficient\"]},{\"category\":\"PA TYPE\",\"selectedValue\":\"PA_Type_VideoUnavailable/Indecipherable\"},{\"category\":\"Behavioral Parameters\",\"selectedValue\":[\"Located_Indoors\"]},{\"category\":\"Experimental situation\",\"selectedValue\":\"Free_Living\"}]"
                }
            ]
        },
        {
            "id": "bc3884c5-f0d8-4045-ac38-04b955ed5273",
            "range": {
                "start": 4479,
                "end": 4489
            },
            "shape": {
                "x1": null,
                "x2": null,
                "y1": null,
                "y2": null
            },
            "comments": [
                {
                    "id": "5bc6ff6f-50cc-25f5-c022-946fe2effdfe",
                    "meta": {
                        "datetime": "2022-10-30T16:47:29.938Z",
                        "user_id": 2,
                        "user_name": "Harish"
                    },
                    "body": "[{\"category\":\"POSTURE\",\"selectedValue\":\"In_Position_Upright\"},{\"category\":\"HIGH LEVEL BEHAVIOR\",\"selectedValue\":[\"HLB_Unlabeled\"]},{\"category\":\"PA TYPE\",\"selectedValue\":\"Walking\"},{\"category\":\"Behavioral Parameters\",\"selectedValue\":[\"Located_Indoors\"]},{\"category\":\"Experimental situation\",\"selectedValue\":\"Free_Living\"}]"
                }
            ]
        },
        {
            "id": "53417d8e-48ac-4163-b358-bfc09704d841",
            "range": {
                "start": 4489,
                "end": 4600
            },
            "shape": {
                "x1": null,
                "x2": null,
                "y1": null,
                "y2": null
            },
            "comments": [
                {
                    "id": "647922a8-5f0e-61fe-e6c0-b24edad475c6",
                    "meta": {
                        "datetime": "2022-10-30T16:47:55.026Z",
                        "user_id": 2,
                        "user_name": "Harish"
                    },
                    "body": "[{\"category\":\"POSTURE\",\"selectedValue\":\"In_Position_Upright\"},{\"category\":\"HIGH LEVEL BEHAVIOR\",\"selectedValue\":[\"HLB_Unlabeled\"]},{\"category\":\"PA TYPE\",\"selectedValue\":\"Standing_With_Movement\"},{\"category\":\"Behavioral Parameters\",\"selectedValue\":[\"Located_Indoors\",\"In_Conversation\"]},{\"category\":\"Experimental situation\",\"selectedValue\":\"Free_Living\"}]"
                }
            ]
        },
        {
            "id": "ec60aa08-8b1d-48e8-a770-efc939ce8a53",
            "range": {
                "start": 4600,
                "end": 4845
            },
            "shape": {
                "x1": null,
                "x2": null,
                "y1": null,
                "y2": null
            },
            "comments": [
                {
                    "id": "477a0758-9428-0526-d3c3-faa6d619da0f",
                    "meta": {
                        "datetime": "2022-10-30T16:48:18.992Z",
                        "user_id": 2,
                        "user_name": "Harish"
                    },
                    "body": "[{\"category\":\"POSTURE\",\"selectedValue\":\"In_Position_Sitting\"},{\"category\":\"HIGH LEVEL BEHAVIOR\",\"selectedValue\":[\"HLB_Unlabeled\"]},{\"category\":\"PA TYPE\",\"selectedValue\":\"Sitting_With_Movement\"},{\"category\":\"Behavioral Parameters\",\"selectedValue\":[\"Located_Indoors\",\"In_Conversation\"]},{\"category\":\"Experimental situation\",\"selectedValue\":\"Free_Living\"}]"
                }
            ]
        },
        {
            "id": "d0911e25-53e7-4338-8596-8c55adee7ba1",
            "range": {
                "start": 4845,
                "end": 4903
            },
            "shape": {
                "x1": null,
                "x2": null,
                "y1": null,
                "y2": null
            },
            "comments": [
                {
                    "id": "5279ec94-0bb1-f9dd-7152-345c8525499c",
                    "meta": {
                        "datetime": "2022-10-30T16:50:48.864Z",
                        "user_id": 2,
                        "user_name": "Harish"
                    },
                    "body": "[{\"category\":\"POSTURE\",\"selectedValue\":\"In_Position_Upright\"},{\"category\":\"HIGH LEVEL BEHAVIOR\",\"selectedValue\":[\"In_Transit_Active\"]},{\"category\":\"PA TYPE\",\"selectedValue\":\"Walking\"},{\"category\":\"Behavioral Parameters\",\"selectedValue\":[\"Located_Indoors\"]},{\"category\":\"Experimental situation\",\"selectedValue\":\"Free_Living\"}]"
                }
            ]
        },
        {
            "id": "8a889229-6051-4bee-89b2-c23a0f387a32",
            "range": {
                "start": 4903,
                "end": 4948
            },
            "shape": {
                "x1": null,
                "x2": null,
                "y1": null,
                "y2": null
            },
            "comments": [
                {
                    "id": "8b527528-ca99-c61d-9f5e-57d3cea1d384",
                    "meta": {
                        "datetime": "2022-10-30T16:51:13.449Z",
                        "user_id": 2,
                        "user_name": "Harish"
                    },
                    "body": "[{\"category\":\"POSTURE\",\"selectedValue\":\"In_Position_Upright\"},{\"category\":\"HIGH LEVEL BEHAVIOR\",\"selectedValue\":[\"In_Transit_Active\",\"Riding_Elevator_Down\"]},{\"category\":\"PA TYPE\",\"selectedValue\":\"Standing_With_Movement\"},{\"category\":\"Behavioral Parameters\",\"selectedValue\":[\"Located_Indoors\"]},{\"category\":\"Experimental situation\",\"selectedValue\":\"Free_Living\"}]"
                }
            ]
        },
        {
            "id": "ab59d4fa-8e07-4462-bec9-9444bbcee888",
            "range": {
                "start": 4948,
                "end": 4969
            },
            "shape": {
                "x1": null,
                "x2": null,
                "y1": null,
                "y2": null
            },
            "comments": [
                {
                    "id": "243c45d7-7549-e0fd-4122-d36a942c6194",
                    "meta": {
                        "datetime": "2022-10-30T16:51:25.880Z",
                        "user_id": 2,
                        "user_name": "Harish"
                    },
                    "body": "[{\"category\":\"POSTURE\",\"selectedValue\":\"In_Position_Upright\"},{\"category\":\"HIGH LEVEL BEHAVIOR\",\"selectedValue\":[\"In_Transit_Active\"]},{\"category\":\"PA TYPE\",\"selectedValue\":\"Walking\"},{\"category\":\"Behavioral Parameters\",\"selectedValue\":[\"Located_Indoors\"]},{\"category\":\"Experimental situation\",\"selectedValue\":\"Free_Living\"}]"
                }
            ]
        },
        {
            "id": "8a0cc1a8-2c82-4b91-8053-b7ea0f5fa877",
            "range": {
                "start": 4969,
                "end": 5357
            },
            "shape": {
                "x1": null,
                "x2": null,
                "y1": null,
                "y2": null
            },
            "comments": [
                {
                    "id": "26bb12b1-852a-46e1-2f3e-652353d8bbd2",
                    "meta": {
                        "datetime": "2022-10-30T16:51:50.336Z",
                        "user_id": 2,
                        "user_name": "Harish"
                    },
                    "body": "[{\"category\":\"POSTURE\",\"selectedValue\":\"In_Position_Upright\"},{\"category\":\"HIGH LEVEL BEHAVIOR\",\"selectedValue\":[\"In_Transit_Active\"]},{\"category\":\"PA TYPE\",\"selectedValue\":\"Walking\"},{\"category\":\"Behavioral Parameters\",\"selectedValue\":[\"Located_Outdoors\"]},{\"category\":\"Experimental situation\",\"selectedValue\":\"Free_Living\"}]"
                }
            ]
        },
        {
            "id": "ee8799e1-7a5e-454c-9a98-b12f0bac3e74",
            "range": {
                "start": 5357,
                "end": 5390
            },
            "shape": {
                "x1": null,
                "x2": null,
                "y1": null,
                "y2": null
            },
            "comments": [
                {
                    "id": "ed5c0b5e-439b-60dc-7d0c-59e45027e471",
                    "meta": {
                        "datetime": "2022-10-30T16:52:09.744Z",
                        "user_id": 2,
                        "user_name": "Harish"
                    },
                    "body": "[{\"category\":\"POSTURE\",\"selectedValue\":\"In_Position_Upright\"},{\"category\":\"HIGH LEVEL BEHAVIOR\",\"selectedValue\":[\"Meeting _Social_Gathering_In_Person\",\"In_Transit_Active\"]},{\"category\":\"PA TYPE\",\"selectedValue\":\"Walking\"},{\"category\":\"Behavioral Parameters\",\"selectedValue\":[\"Located_Outdoors\",\"In_Conversation\"]},{\"category\":\"Experimental situation\",\"selectedValue\":\"Free_Living\"}]"
                }
            ]
        },
        {
            "id": "8cf42fcd-8e2c-4513-931d-f51c174cfc6a",
            "range": {
                "start": 5390,
                "end": 5449
            },
            "shape": {
                "x1": null,
                "x2": null,
                "y1": null,
                "y2": null
            },
            "comments": [
                {
                    "id": "605e6d88-dec9-fcc2-870b-da775b91eb82",
                    "meta": {
                        "datetime": "2022-10-30T16:52:29.648Z",
                        "user_id": 2,
                        "user_name": "Harish"
                    },
                    "body": "[{\"category\":\"POSTURE\",\"selectedValue\":\"In_Position_Upright\"},{\"category\":\"HIGH LEVEL BEHAVIOR\",\"selectedValue\":[\"Meeting _Social_Gathering_In_Person\",\"In_Transit_Active\"]},{\"category\":\"PA TYPE\",\"selectedValue\":\"Walking\"},{\"category\":\"Behavioral Parameters\",\"selectedValue\":[\"In_Conversation\",\"Located_Indoors\"]},{\"category\":\"Experimental situation\",\"selectedValue\":\"Free_Living\"}]"
                }
            ]
        },
        {
            "id": "9d3bd999-7570-459f-bc17-8857075bb3df",
            "range": {
                "start": 5449,
                "end": 5511
            },
            "shape": {
                "x1": null,
                "x2": null,
                "y1": null,
                "y2": null
            },
            "comments": [
                {
                    "id": "cb30aa81-a7d7-9f1d-d147-58b552924cf6",
                    "meta": {
                        "datetime": "2022-10-30T16:52:50.728Z",
                        "user_id": 2,
                        "user_name": "Harish"
                    },
                    "body": "[{\"category\":\"POSTURE\",\"selectedValue\":\"In_Position_Sitting\"},{\"category\":\"HIGH LEVEL BEHAVIOR\",\"selectedValue\":[\"Meeting _Social_Gathering_In_Person\"]},{\"category\":\"PA TYPE\",\"selectedValue\":\"Sitting_With_Movement\"},{\"category\":\"Behavioral Parameters\",\"selectedValue\":[\"In_Conversation\",\"Located_Indoors\"]},{\"category\":\"Experimental situation\",\"selectedValue\":\"Free_Living\"}]"
                }
            ]
        },
        {
            "id": "0f902202-82aa-4e54-9388-7b952246c642",
            "range": {
                "start": 5511,
                "end": 8227
            },
            "shape": {
                "x1": null,
                "x2": null,
                "y1": null,
                "y2": null
            },
            "comments": [
                {
                    "id": "7f3c3b40-77da-7b9e-d334-c7a19ebf397c",
                    "meta": {
                        "datetime": "2022-10-30T16:56:45.576Z",
                        "user_id": 2,
                        "user_name": "Harish"
                    },
                    "body": "[{\"category\":\"POSTURE\",\"selectedValue\":\"In_Position_Sitting\"},{\"category\":\"HIGH LEVEL BEHAVIOR\",\"selectedValue\":[\"Meeting _Social_Gathering_In_Person\",\"Using_Computer/Screen\"]},{\"category\":\"PA TYPE\",\"selectedValue\":\"Sitting_With_Movement\"},{\"category\":\"Behavioral Parameters\",\"selectedValue\":[\"In_Conversation\",\"Located_Indoors\"]},{\"category\":\"Experimental situation\",\"selectedValue\":\"Free_Living\"}]"
                }
            ]
        },
        {
            "id": "9b87be71-390b-4220-bf5a-3274332d8d5a",
            "range": {
                "start": 8227,
                "end": 10607
            },
            "shape": {
                "x1": null,
                "x2": null,
                "y1": null,
                "y2": null
            },
            "comments": [
                {
                    "id": "924f3043-b208-8357-e080-b6b0d785f437",
                    "meta": {
                        "datetime": "2022-10-30T17:01:11.710Z",
                        "user_id": 2,
                        "user_name": "Harish"
                    },
                    "body": "[{\"category\":\"POSTURE\",\"selectedValue\":\"In_Position_Sitting\"},{\"category\":\"HIGH LEVEL BEHAVIOR\",\"selectedValue\":[\"Meeting _Social_Gathering_In_Person\"]},{\"category\":\"PA TYPE\",\"selectedValue\":\"Sitting_With_Movement\"},{\"category\":\"Behavioral Parameters\",\"selectedValue\":[\"In_Conversation\",\"Located_Indoors\"]},{\"category\":\"Experimental situation\",\"selectedValue\":\"Free_Living\"}]"
                }
            ]
        },
        {
            "id": "76096bba-fbe8-4e57-9d94-bb3b103dbe95",
            "range": {
                "start": 10607,
                "end": 10636
            },
            "shape": {
                "x1": null,
                "x2": null,
                "y1": null,
                "y2": null
            },
            "comments": [
                {
                    "id": "8063ccbb-6911-ca23-61bc-be015bc260d2",
                    "meta": {
                        "datetime": "2022-10-30T17:02:53.358Z",
                        "user_id": 2,
                        "user_name": "Harish"
                    },
                    "body": "[{\"category\":\"POSTURE\",\"selectedValue\":\"In_Position_Upright\"},{\"category\":\"HIGH LEVEL BEHAVIOR\",\"selectedValue\":[\"Meeting _Social_Gathering_In_Person\",\"Packing/Unpacking_Something\"]},{\"category\":\"PA TYPE\",\"selectedValue\":\"Standing_With_Movement\"},{\"category\":\"Behavioral Parameters\",\"selectedValue\":[\"In_Conversation\",\"Located_Indoors\"]},{\"category\":\"Experimental situation\",\"selectedValue\":\"Free_Living\"}]"
                }
            ]
        },
        {
            "id": "d4eeaf9d-dad1-43bd-87a8-1f1b09148975",
            "range": {
                "start": 10636,
                "end": 10669
            },
            "shape": {
                "x1": null,
                "x2": null,
                "y1": null,
                "y2": null
            },
            "comments": [
                {
                    "id": "218f7512-9d97-3400-747d-3885ac9a3909",
                    "meta": {
                        "datetime": "2022-10-30T17:03:07.686Z",
                        "user_id": 2,
                        "user_name": "Harish"
                    },
                    "body": "[{\"category\":\"POSTURE\",\"selectedValue\":\"In_Position_Upright\"},{\"category\":\"HIGH LEVEL BEHAVIOR\",\"selectedValue\":[\"Meeting _Social_Gathering_In_Person\"]},{\"category\":\"PA TYPE\",\"selectedValue\":\"Standing_With_Movement\"},{\"category\":\"Behavioral Parameters\",\"selectedValue\":[\"In_Conversation\",\"Located_Indoors\"]},{\"category\":\"Experimental situation\",\"selectedValue\":\"Free_Living\"}]"
                }
            ]
        },
        {
            "id": "ad1a58ed-94f3-4a86-af0e-7ba9492803ba",
            "range": {
                "start": 10669,
                "end": 10732
            },
            "shape": {
                "x1": null,
                "x2": null,
                "y1": null,
                "y2": null
            },
            "comments": [
                {
                    "id": "fd6ca2f6-a679-2cab-1786-2c0931f8c9b7",
                    "meta": {
                        "datetime": "2022-10-30T17:03:34.782Z",
                        "user_id": 2,
                        "user_name": "Harish"
                    },
                    "body": "[{\"category\":\"POSTURE\",\"selectedValue\":\"In_Position_Upright\"},{\"category\":\"HIGH LEVEL BEHAVIOR\",\"selectedValue\":[\"Meeting _Social_Gathering_In_Person\",\"In_Transit_Active\"]},{\"category\":\"PA TYPE\",\"selectedValue\":\"Walking\"},{\"category\":\"Behavioral Parameters\",\"selectedValue\":[\"In_Conversation\",\"Located_Indoors\"]},{\"category\":\"Experimental situation\",\"selectedValue\":\"Free_Living\"}]"
                }
            ]
        },
        {
            "id": "5810165a-01cc-43df-8020-67407deb2efb",
            "range": {
                "start": 10732,
                "end": 10739
            },
            "shape": {
                "x1": null,
                "x2": null,
                "y1": null,
                "y2": null
            },
            "comments": [
                {
                    "id": "f388b6d2-a271-192d-27eb-7696f7487976",
                    "meta": {
                        "datetime": "2022-10-30T17:03:54.462Z",
                        "user_id": 2,
                        "user_name": "Harish"
                    },
                    "body": "[{\"category\":\"POSTURE\",\"selectedValue\":\"In_Position_Upright\"},{\"category\":\"HIGH LEVEL BEHAVIOR\",\"selectedValue\":[\"Meeting _Social_Gathering_In_Person\",\"In_Transit_Active\"]},{\"category\":\"PA TYPE\",\"selectedValue\":\"Walking\"},{\"category\":\"Behavioral Parameters\",\"selectedValue\":[\"In_Conversation\",\"Located_Outdoors\"]},{\"category\":\"Experimental situation\",\"selectedValue\":\"Free_Living\"}]"
                }
            ]
        },
        {
            "id": "5a1f9df6-0693-4640-ab57-0937ead7d225",
            "range": {
                "start": 10739,
                "end": 10789
            },
            "shape": {
                "x1": null,
                "x2": null,
                "y1": null,
                "y2": null
            },
            "comments": [
                {
                    "id": "bdfcee21-4e4d-9e72-ef38-21f1f1ef33df",
                    "meta": {
                        "datetime": "2022-10-30T17:04:14.878Z",
                        "user_id": 2,
                        "user_name": "Harish"
                    },
                    "body": "[{\"category\":\"POSTURE\",\"selectedValue\":\"In_Position_Upright\"},{\"category\":\"HIGH LEVEL BEHAVIOR\",\"selectedValue\":[\"In_Transit_Active\",\"Meeting _Social_Gathering_In_Person\"]},{\"category\":\"PA TYPE\",\"selectedValue\":\"Walking\"},{\"category\":\"Behavioral Parameters\",\"selectedValue\":[\"In_Conversation\",\"Located_Outdoors\"]},{\"category\":\"Experimental situation\",\"selectedValue\":\"Free_Living\"}]"
                }
            ]
        },
        {
            "id": "565369e4-86fb-4724-af7b-6d7651194c4b",
            "range": {
                "start": 10789,
                "end": 10835
            },
            "shape": {
                "x1": null,
                "x2": null,
                "y1": null,
                "y2": null
            },
            "comments": [
                {
                    "id": "c94e7229-8cda-c2c3-eb9a-babe1ffc697c",
                    "meta": {
                        "datetime": "2022-10-30T17:04:33.551Z",
                        "user_id": 2,
                        "user_name": "Harish"
                    },
                    "body": "[{\"category\":\"POSTURE\",\"selectedValue\":\"In_Position_Upright\"},{\"category\":\"HIGH LEVEL BEHAVIOR\",\"selectedValue\":[\"Meeting _Social_Gathering_In_Person\"]},{\"category\":\"PA TYPE\",\"selectedValue\":\"Standing_With_Movement\"},{\"category\":\"Behavioral Parameters\",\"selectedValue\":[\"In_Conversation\",\"Located_Outdoors\"]},{\"category\":\"Experimental situation\",\"selectedValue\":\"Free_Living\"}]"
                }
            ]
        },
        {
            "id": "b7ab897a-a9ca-4d5d-b7fc-9b70b29e945a",
            "range": {
                "start": 10835,
                "end": 11199
            },
            "shape": {
                "x1": null,
                "x2": null,
                "y1": null,
                "y2": null
            },
            "comments": [
                {
                    "id": "3a8d2a5b-eb8e-0317-7a53-c9368e453aa3",
                    "meta": {
                        "datetime": "2022-10-30T17:05:35.150Z",
                        "user_id": 2,
                        "user_name": "Harish"
                    },
                    "body": "[{\"category\":\"POSTURE\",\"selectedValue\":\"In_Position_Upright\"},{\"category\":\"HIGH LEVEL BEHAVIOR\",\"selectedValue\":[\"In_Transit_Active\"]},{\"category\":\"PA TYPE\",\"selectedValue\":\"Walking\"},{\"category\":\"Behavioral Parameters\",\"selectedValue\":[\"Located_Outdoors\"]},{\"category\":\"Experimental situation\",\"selectedValue\":\"Free_Living\"}]"
                }
            ]
        },
        {
            "id": "e8195b9d-4da5-43f4-a06e-f3ef8bee03ac",
            "range": {
                "start": 11199,
                "end": 11236
            },
            "shape": {
                "x1": null,
                "x2": null,
                "y1": null,
                "y2": null
            },
            "comments": [
                {
                    "id": "5fd2fda3-2aa1-2824-bf91-893cf0d0bd39",
                    "meta": {
                        "datetime": "2022-10-30T17:05:51.390Z",
                        "user_id": 2,
                        "user_name": "Harish"
                    },
                    "body": "[{\"category\":\"POSTURE\",\"selectedValue\":\"In_Position_Upright\"},{\"category\":\"HIGH LEVEL BEHAVIOR\",\"selectedValue\":[\"In_Transit_Active\"]},{\"category\":\"PA TYPE\",\"selectedValue\":\"Walking\"},{\"category\":\"Behavioral Parameters\",\"selectedValue\":[\"Located_Indoors\"]},{\"category\":\"Experimental situation\",\"selectedValue\":\"Free_Living\"}]"
                }
            ]
        },
        {
            "id": "0f91d9b5-e434-4747-84f8-08832620ee78",
            "range": {
                "start": 11236,
                "end": 11265
            },
            "shape": {
                "x1": null,
                "x2": null,
                "y1": null,
                "y2": null
            },
            "comments": [
                {
                    "id": "dbfc3eab-7f41-bc81-758a-0f3198d15da1",
                    "meta": {
                        "datetime": "2022-10-30T17:06:10.798Z",
                        "user_id": 2,
                        "user_name": "Harish"
                    },
                    "body": "[{\"category\":\"POSTURE\",\"selectedValue\":\"In_Position_Upright\"},{\"category\":\"HIGH LEVEL BEHAVIOR\",\"selectedValue\":[\"In_Transit_Active\",\"Riding_Elevator_Up\"]},{\"category\":\"PA TYPE\",\"selectedValue\":\"Standing_With_Movement\"},{\"category\":\"Behavioral Parameters\",\"selectedValue\":[\"Located_Indoors\"]},{\"category\":\"Experimental situation\",\"selectedValue\":\"Free_Living\"}]"
                }
            ]
        },
        {
            "id": "2d79c2ba-b128-4be8-b0f3-8eed56984f45",
            "range": {
                "start": 11265,
                "end": 11311
            },
            "shape": {
                "x1": null,
                "x2": null,
                "y1": null,
                "y2": null
            },
            "comments": [
                {
                    "id": "fed83a62-23a2-af0c-e1d9-acf77e616353",
                    "meta": {
                        "datetime": "2022-10-30T17:06:34.565Z",
                        "user_id": 2,
                        "user_name": "Harish"
                    },
                    "body": "[{\"category\":\"POSTURE\",\"selectedValue\":\"In_Position_Upright\"},{\"category\":\"HIGH LEVEL BEHAVIOR\",\"selectedValue\":[\"In_Transit_Active\"]},{\"category\":\"PA TYPE\",\"selectedValue\":\"Walking\"},{\"category\":\"Behavioral Parameters\",\"selectedValue\":[\"Located_Indoors\"]},{\"category\":\"Experimental situation\",\"selectedValue\":\"Free_Living\"}]"
                }
            ]
        },
        {
            "id": "e59c9599-0476-4886-80d9-e53d42a9efed",
            "range": {
                "start": 11311,
                "end": 11398
            },
            "shape": {
                "x1": null,
                "x2": null,
                "y1": null,
                "y2": null
            },
            "comments": [
                {
                    "id": "c90fbb9d-5741-9ca1-a446-938a1a005e24",
                    "meta": {
                        "datetime": "2022-10-30T17:07:20.398Z",
                        "user_id": 2,
                        "user_name": "Harish"
                    },
                    "body": "[{\"category\":\"POSTURE\",\"selectedValue\":\"In_Position_Upright\"},{\"category\":\"HIGH LEVEL BEHAVIOR\",\"selectedValue\":[\"HLB_Unlabeled\"]},{\"category\":\"PA TYPE\",\"selectedValue\":\"Standing_With_Movement\"},{\"category\":\"Behavioral Parameters\",\"selectedValue\":[\"Located_Indoors\",\"In_Conversation\"]},{\"category\":\"Experimental situation\",\"selectedValue\":\"Free_Living\"}]"
                }
            ]
        },
        {
            "id": "cb236670-4f1d-4f8d-8b72-1fcec2e39706",
            "range": {
                "start": 11398,
                "end": 11743
            },
            "shape": {
                "x1": null,
                "x2": null,
                "y1": null,
                "y2": null
            },
            "comments": [
                {
                    "id": "20d2a53a-66e3-da4c-9c7f-6c695e8b939b",
                    "meta": {
                        "datetime": "2022-10-30T17:08:16.238Z",
                        "user_id": 2,
                        "user_name": "Harish"
                    },
                    "body": "[{\"category\":\"POSTURE\",\"selectedValue\":\"Posture_Indecipherable/Video_Insufficient\"},{\"category\":\"HIGH LEVEL BEHAVIOR\",\"selectedValue\":[\"HLB_Indecipherable/Video_Insufficient\"]},{\"category\":\"PA TYPE\",\"selectedValue\":\"PA_Type_VideoUnavailable/Indecipherable\"},{\"category\":\"Behavioral Parameters\",\"selectedValue\":[\"Located_Indoors\"]},{\"category\":\"Experimental situation\",\"selectedValue\":\"Free_Living\"}]"
                }
            ]
        },
        {
            "id": "2c127df7-f33a-433a-bf91-fb791ce426d9",
            "range": {
                "start": 11743,
                "end": 11829
            },
            "shape": {
                "x1": null,
                "x2": null,
                "y1": null,
                "y2": null
            },
            "comments": [
                {
                    "id": "992bd818-6264-d922-0346-a8ab0569283d",
                    "meta": {
                        "datetime": "2022-10-30T17:10:37.677Z",
                        "user_id": 2,
                        "user_name": "Harish"
                    },
                    "body": "[{\"category\":\"POSTURE\",\"selectedValue\":\"In_Position_Sitting\"},{\"category\":\"HIGH LEVEL BEHAVIOR\",\"selectedValue\":[\"HLB_Unlabeled\"]},{\"category\":\"PA TYPE\",\"selectedValue\":\"Sitting_With_Movement\"},{\"category\":\"Behavioral Parameters\",\"selectedValue\":[\"Located_Indoors\",\"In_Conversation\"]},{\"category\":\"Experimental situation\",\"selectedValue\":\"Free_Living\"}]"
                }
            ]
        },
        {
            "id": "17410e16-f255-43bc-a5b5-fadff0688963",
            "range": {
                "start": 11829,
                "end": 12210
            },
            "shape": {
                "x1": null,
                "x2": null,
                "y1": null,
                "y2": null
            },
            "comments": [
                {
                    "id": "53e6a371-f4e2-4484-ad33-0df14ff79d34",
                    "meta": {
                        "datetime": "2022-10-30T17:11:37.012Z",
                        "user_id": 2,
                        "user_name": "Harish"
                    },
                    "body": "[{\"category\":\"POSTURE\",\"selectedValue\":\"Posture_Indecipherable/Video_Insufficient\"},{\"category\":\"HIGH LEVEL BEHAVIOR\",\"selectedValue\":[\"HLB_Indecipherable/Video_Insufficient\"]},{\"category\":\"PA TYPE\",\"selectedValue\":\"PA_Type_VideoUnavailable/Indecipherable\"},{\"category\":\"Behavioral Parameters\",\"selectedValue\":[\"Located_Indoors\"]},{\"category\":\"Experimental situation\",\"selectedValue\":\"Free_Living\"}]"
                }
            ]
        },
        {
            "id": "58c89503-5bd8-4b56-b90e-fd5294d8bd74",
            "range": {
                "start": 12210,
                "end": 12221
            },
            "shape": {
                "x1": null,
                "x2": null,
                "y1": null,
                "y2": null
            },
            "comments": [
                {
                    "id": "88408ef6-9740-30cf-c138-f4abe54b1ab0",
                    "meta": {
                        "datetime": "2022-10-30T17:26:31.443Z",
                        "user_id": 2,
                        "user_name": "Harish"
                    },
                    "body": "[{\"category\":\"POSTURE\",\"selectedValue\":\"In_Position_Sitting\"},{\"category\":\"HIGH LEVEL BEHAVIOR\",\"selectedValue\":[\"HLB_Unlabeled\"]},{\"category\":\"PA TYPE\",\"selectedValue\":\"Sitting_With_Movement\"},{\"category\":\"Behavioral Parameters\",\"selectedValue\":[\"Located_Indoors\",\"In_Conversation\"]},{\"category\":\"Experimental situation\",\"selectedValue\":\"Free_Living\"}]"
                }
            ]
        },
        {
            "id": "a927f3f8-727a-44be-9ad8-23a95fbecb44",
            "range": {
                "start": 12221,
                "end": 12342
            },
            "shape": {
                "x1": null,
                "x2": null,
                "y1": null,
                "y2": null
            },
            "comments": [
                {
                    "id": "23949cf0-8d97-899b-14b8-5e2929d0bdde",
                    "meta": {
                        "datetime": "2022-10-30T17:30:15.952Z",
                        "user_id": 2,
                        "user_name": "Harish"
                    },
                    "body": "[{\"category\":\"POSTURE\",\"selectedValue\":\"Posture_Indecipherable/Video_Insufficient\"},{\"category\":\"HIGH LEVEL BEHAVIOR\",\"selectedValue\":[\"HLB_Indecipherable/Video_Insufficient\"]},{\"category\":\"PA TYPE\",\"selectedValue\":\"PA_Type_VideoUnavailable/Indecipherable\"},{\"category\":\"Behavioral Parameters\",\"selectedValue\":[\"Located_Indoors\"]},{\"category\":\"Experimental situation\",\"selectedValue\":\"Free_Living\"}]"
                }
            ]
        },
        {
            "id": "93415e64-5fe6-43cd-96bf-a8118531de1e",
            "range": {
                "start": 12342,
                "end": 12985
            },
            "shape": {
                "x1": null,
                "x2": null,
                "y1": null,
                "y2": null
            },
            "comments": [
                {
                    "id": "e18eaeab-2449-86e3-a29d-434afbf8b022",
                    "meta": {
                        "datetime": "2022-10-30T17:35:05.440Z",
                        "user_id": 2,
                        "user_name": "Harish"
                    },
                    "body": "[{\"category\":\"POSTURE\",\"selectedValue\":\"Lying_On_Left_Side\"},{\"category\":\"HIGH LEVEL BEHAVIOR\",\"selectedValue\":[\"HLB_Unlabeled\"]},{\"category\":\"PA TYPE\",\"selectedValue\":\"Lying_With_Movement\"},{\"category\":\"Behavioral Parameters\",\"selectedValue\":[\"Located_Indoors\",\"Holding_Other_Object_Light\",\"Texting/Browsing_Phone\"]},{\"category\":\"Experimental situation\",\"selectedValue\":\"Free_Living\"}]"
                }
            ]
        },
        {
            "id": "71a3411a-1fbb-4432-9d9a-9b2bd9a2ac0c",
            "range": {
                "start": 12985,
                "end": 13267
            },
            "shape": {
                "x1": null,
                "x2": null,
                "y1": null,
                "y2": null
            },
            "comments": [
                {
                    "id": "21039056-1d79-4232-4517-b38badc70cf5",
                    "meta": {
                        "datetime": "2022-10-30T17:35:56.881Z",
                        "user_id": 2,
                        "user_name": "Harish"
                    },
                    "body": "[{\"category\":\"POSTURE\",\"selectedValue\":\"Posture_Indecipherable/Video_Insufficient\"},{\"category\":\"HIGH LEVEL BEHAVIOR\",\"selectedValue\":[\"HLB_Indecipherable/Video_Insufficient\"]},{\"category\":\"PA TYPE\",\"selectedValue\":\"PA_Type_VideoUnavailable/Indecipherable\"},{\"category\":\"Behavioral Parameters\",\"selectedValue\":[\"Located_Indoors\"]},{\"category\":\"Experimental situation\",\"selectedValue\":\"Free_Living\"}]"
                }
            ]
        },
        {
            "id": "46a80799-9094-432a-8b6b-95e6d023ff91",
            "range": {
                "start": 13267,
                "end": 13474
            },
            "shape": {
                "x1": null,
                "x2": null,
                "y1": null,
                "y2": null
            },
            "comments": [
                {
                    "id": "67c9bf22-5873-3f81-ecb3-986558334632",
                    "meta": {
                        "datetime": "2022-10-30T17:38:46.360Z",
                        "user_id": 2,
                        "user_name": "Harish"
                    },
                    "body": "[{\"category\":\"POSTURE\",\"selectedValue\":\"In_Position_Sitting\"},{\"category\":\"HIGH LEVEL BEHAVIOR\",\"selectedValue\":[\"HLB_Unlabeled\"]},{\"category\":\"PA TYPE\",\"selectedValue\":\"Sitting_With_Movement\"},{\"category\":\"Behavioral Parameters\",\"selectedValue\":[\"Located_Indoors\",\"Holding_Other_Object_Light\",\"Texting/Browsing_Phone\",\"In_Conversation\"]},{\"category\":\"Experimental situation\",\"selectedValue\":\"Free_Living\"}]"
                }
            ]
        },
        {
            "id": "149c5186-a516-4ca1-a71a-fef1a80878bc",
            "range": {
                "start": 13474,
                "end": 14333
            },
            "shape": {
                "x1": null,
                "x2": null,
                "y1": null,
                "y2": null
            },
            "comments": [
                {
                    "id": "84b2f848-e410-eae4-b73e-7e6dec857303",
                    "meta": {
                        "datetime": "2022-10-30T17:42:19.105Z",
                        "user_id": 2,
                        "user_name": "Harish"
                    },
                    "body": "[{\"category\":\"POSTURE\",\"selectedValue\":\"In_Position_Sitting\"},{\"category\":\"HIGH LEVEL BEHAVIOR\",\"selectedValue\":[\"HLB_Unlabeled\"]},{\"category\":\"PA TYPE\",\"selectedValue\":\"Sitting_With_Movement\"},{\"category\":\"Behavioral Parameters\",\"selectedValue\":[\"Located_Indoors\",\"In_Conversation\"]},{\"category\":\"Experimental situation\",\"selectedValue\":\"Free_Living\"}]"
                }
            ]
        },
        {
            "id": "398793ce-9630-4290-ab3a-0fe7383bba0b",
            "range": {
                "start": 14333,
                "end": 14396
            },
            "shape": {
                "x1": null,
                "x2": null,
                "y1": null,
                "y2": null
            },
            "comments": [
                {
                    "id": "108e4372-7410-b3a6-d7ad-c69b922f315b",
                    "meta": {
                        "datetime": "2022-10-30T17:45:19.221Z",
                        "user_id": 2,
                        "user_name": "Harish"
                    },
                    "body": "[{\"category\":\"POSTURE\",\"selectedValue\":\"Posture_Indecipherable/Video_Insufficient\"},{\"category\":\"HIGH LEVEL BEHAVIOR\",\"selectedValue\":[\"HLB_Indecipherable/Video_Insufficient\"]},{\"category\":\"PA TYPE\",\"selectedValue\":\"PA_Type_VideoUnavailable/Indecipherable\"},{\"category\":\"Behavioral Parameters\",\"selectedValue\":[\"Located_Indoors\"]},{\"category\":\"Experimental situation\",\"selectedValue\":\"Free_Living\"}]"
                }
            ]
        },
        {
            "id": "65b9eafa-1ea5-45f8-9813-2972c0d96197",
            "range": {
                "start": 14396,
                "end": 15020
            },
            "shape": {
                "x1": null,
                "x2": null,
                "y1": null,
                "y2": null
            },
            "comments": [
                {
                    "id": "7208962e-f002-be8b-6874-6353a01c979a",
                    "meta": {
                        "datetime": "2022-10-30T17:47:29.518Z",
                        "user_id": 2,
                        "user_name": "Harish"
                    },
                    "body": "[{\"category\":\"POSTURE\",\"selectedValue\":\"Lying_On_Back\"},{\"category\":\"HIGH LEVEL BEHAVIOR\",\"selectedValue\":[\"HLB_Unlabeled\"]},{\"category\":\"PA TYPE\",\"selectedValue\":\"Lying_With_Movement\"},{\"category\":\"Behavioral Parameters\",\"selectedValue\":[\"Located_Indoors\",\"Holding_Other_Object_Light\",\"Texting/Browsing_Phone\",\"In_Conversation\"]},{\"category\":\"Experimental situation\",\"selectedValue\":\"Free_Living\"}]"
                }
            ]
        },
        {
            "id": "c7b050a3-fa09-4ca5-b055-285270788013",
            "range": {
                "start": 15020,
                "end": 15251
            },
            "shape": {
                "x1": null,
                "x2": null,
                "y1": null,
                "y2": null
            },
            "comments": [
                {
                    "id": "872c291b-db79-a974-614d-16eea40ca515",
                    "meta": {
                        "datetime": "2022-10-30T17:47:50.334Z",
                        "user_id": 2,
                        "user_name": "Harish"
                    },
                    "body": "[{\"category\":\"POSTURE\",\"selectedValue\":\"Lying_On_Back\"},{\"category\":\"HIGH LEVEL BEHAVIOR\",\"selectedValue\":[\"HLB_Unlabeled\"]},{\"category\":\"PA TYPE\",\"selectedValue\":\"Lying_With_Movement\"},{\"category\":\"Behavioral Parameters\",\"selectedValue\":[\"Located_Indoors\",\"In_Conversation\"]},{\"category\":\"Experimental situation\",\"selectedValue\":\"Free_Living\"}]"
                }
            ]
        },
        {
            "id": "4aeda1e3-5af5-4235-a090-328ee78db747",
            "range": {
                "start": 15251,
                "end": 15308
            },
            "shape": {
                "x1": null,
                "x2": null,
                "y1": null,
                "y2": null
            },
            "comments": [
                {
                    "id": "42da229d-3942-67c7-d965-d7509aca384a",
                    "meta": {
                        "datetime": "2022-10-30T17:48:16.117Z",
                        "user_id": 2,
                        "user_name": "Harish"
                    },
                    "body": "[{\"category\":\"POSTURE\",\"selectedValue\":\"Lying_On_Stomach\"},{\"category\":\"HIGH LEVEL BEHAVIOR\",\"selectedValue\":[\"HLB_Unlabeled\"]},{\"category\":\"PA TYPE\",\"selectedValue\":\"Lying_With_Movement\"},{\"category\":\"Behavioral Parameters\",\"selectedValue\":[\"Located_Indoors\",\"In_Conversation\",\"Holding_Other_Object_Light\",\"Texting/Browsing_Phone\"]},{\"category\":\"Experimental situation\",\"selectedValue\":\"Free_Living\"}]"
                }
            ]
        },
        {
            "id": "04fef114-1696-4ef5-b54a-d2b9a135157a",
            "range": {
                "start": 15308,
                "end": 16667
            },
            "shape": {
                "x1": null,
                "x2": null,
                "y1": null,
                "y2": null
            },
            "comments": [
                {
                    "id": "170dbbb1-f13f-4ca0-459d-829b1e56ed02",
                    "meta": {
                        "datetime": "2022-10-30T17:52:21.029Z",
                        "user_id": 2,
                        "user_name": "Harish"
                    },
                    "body": "[{\"category\":\"POSTURE\",\"selectedValue\":\"Lying_On_Right_Side\"},{\"category\":\"HIGH LEVEL BEHAVIOR\",\"selectedValue\":[\"HLB_Unlabeled\"]},{\"category\":\"PA TYPE\",\"selectedValue\":\"Lying_With_Movement\"},{\"category\":\"Behavioral Parameters\",\"selectedValue\":[\"Located_Indoors\",\"In_Conversation\",\"Holding_Other_Object_Light\",\"Texting/Browsing_Phone\"]},{\"category\":\"Experimental situation\",\"selectedValue\":\"Free_Living\"}]"
                }
            ]
        },
        {
            "id": "040cb204-078e-4b42-b2b9-6a8912d3c792",
            "range": {
                "start": 16667,
                "end": 16687
            },
            "shape": {
                "x1": null,
                "x2": null,
                "y1": null,
                "y2": null
            },
            "comments": [
                {
                    "id": "06fe4093-b6ce-f63a-79b3-3b627dc75522",
                    "meta": {
                        "datetime": "2022-10-30T17:52:37.174Z",
                        "user_id": 2,
                        "user_name": "Harish"
                    },
                    "body": "[{\"category\":\"POSTURE\",\"selectedValue\":\"In_Position_Upright\"},{\"category\":\"HIGH LEVEL BEHAVIOR\",\"selectedValue\":[\"HLB_Unlabeled\"]},{\"category\":\"PA TYPE\",\"selectedValue\":\"Synchronizing_Sensors\"},{\"category\":\"Behavioral Parameters\",\"selectedValue\":[\"Located_Indoors\"]},{\"category\":\"Experimental situation\",\"selectedValue\":\"Free_Living\"}]"
                }
            ]
        }
    ],
    "videoHash": 980132149
}