START_TIME,STOP_TIME,PREDICTION,SOURCE,LABELSET,VIDEO_START_TIME,VIDEO_END_TIME
2022-03-08 09:24:09,2022-03-08 09:56:29,BP_VideoUnavailable/Indecipherable,annotator,Behavioral Parameters,2022-03-08 00:00:05,2022-03-08 00:32:25
2022-03-08 09:56:29,2022-03-08 09:58:22,Located_Indoors,annotator,Behavioral Parameters,2022-03-08 00:32:25,2022-03-08 00:34:18
2022-03-08 09:58:22,2022-03-08 09:58:42,Located_Indoors,annotator,Behavioral Parameters,2022-03-08 00:34:18,2022-03-08 00:34:38
2022-03-08 09:58:42,2022-03-08 09:58:55,Located_Indoors, Holding_Other_Object_Light,annotator,Behavioral Parameters,2022-03-08 00:34:38,2022-03-08 00:34:51
2022-03-08 09:58:55,2022-03-08 09:59:41,Located_Indoors, Legs_Crossed,annotator,Behavioral Parameters,2022-03-08 00:34:51,2022-03-08 00:35:37
2022-03-08 09:59:47,2022-03-08 10:00:39,Located_Indoors, Texting/Browsing_Phone, Holding_Other_Object_Light,annotator,Behavioral Parameters,2022-03-08 00:35:43,2022-03-08 00:36:35
2022-03-08 10:00:39,2022-03-08 10:01:29,Located_Indoors, Holding_Other_Object_Light,annotator,Behavioral Parameters,2022-03-08 00:36:35,2022-03-08 00:37:25
2022-03-08 10:01:29,2022-03-08 10:01:47,Located_Indoors, Holding_Other_Object_Light,annotator,Behavioral Parameters,2022-03-08 00:37:25,2022-03-08 00:37:43
2022-03-08 10:01:57,2022-03-08 10:02:33,Located_Indoors, Holding_Other_Object_Light,annotator,Behavioral Parameters,2022-03-08 00:37:53,2022-03-08 00:38:29
2022-03-08 10:02:33,2022-03-08 10:05:13,Located_Indoors, Holding_Other_Object_Light,annotator,Behavioral Parameters,2022-03-08 00:38:29,2022-03-08 00:41:09
2022-03-08 10:05:13,2022-03-08 10:05:50,Located_Indoors, Holding_Other_Object_Light,annotator,Behavioral Parameters,2022-03-08 00:41:09,2022-03-08 00:41:46
2022-03-08 10:05:50,2022-03-08 10:08:00,Located_Indoors, Holding_Other_Object_Light, Texting/Browsing_Phone,annotator,Behavioral Parameters,2022-03-08 00:41:46,2022-03-08 00:43:56
2022-03-08 10:08:00,2022-03-08 10:09:33,Located_Indoors,annotator,Behavioral Parameters,2022-03-08 00:43:56,2022-03-08 00:45:29
2022-03-08 10:09:33,2022-03-08 10:10:07,Located_Indoors, Holding_Other_Object_Light,annotator,Behavioral Parameters,2022-03-08 00:45:29,2022-03-08 00:46:03
2022-03-08 10:10:43,2022-03-08 10:14:35,Located_Indoors, Holding_Other_Object_Light,annotator,Behavioral Parameters,2022-03-08 00:46:39,2022-03-08 00:50:31
2022-03-08 10:14:55,2022-03-08 10:20:20,Located_Indoors, Holding_Other_Object_Light,annotator,Behavioral Parameters,2022-03-08 00:50:51,2022-03-08 00:56:16
2022-03-08 10:20:20,2022-03-08 10:22:18,Located_Indoors, Holding_Other_Object_Light,annotator,Behavioral Parameters,2022-03-08 00:56:16,2022-03-08 00:58:14
2022-03-08 10:22:18,2022-03-08 10:25:22,Located_Indoors,annotator,Behavioral Parameters,2022-03-08 00:58:14,2022-03-08 01:01:18
2022-03-08 10:25:24,2022-03-08 10:26:56,Located_Indoors, Holding_Other_Object_Light, Texting/Browsing_Phone,annotator,Behavioral Parameters,2022-03-08 01:01:20,2022-03-08 01:02:52
2022-03-08 10:26:56,2022-03-08 10:30:48,Located_Indoors, Holding_Other_Object_Light,annotator,Behavioral Parameters,2022-03-08 01:02:52,2022-03-08 01:06:44
2022-03-08 10:30:48,2022-03-08 10:34:40,Located_Indoors, Holding_Other_Object_Light,annotator,Behavioral Parameters,2022-03-08 01:06:44,2022-03-08 01:10:36
2022-03-08 10:34:43,2022-03-08 10:35:07,Located_Indoors,annotator,Behavioral Parameters,2022-03-08 01:10:39,2022-03-08 01:11:03
2022-03-08 10:35:52,2022-03-08 10:46:38,Located_Indoors, Holding_Other_Object_Light,annotator,Behavioral Parameters,2022-03-08 01:11:48,2022-03-08 01:22:34
2022-03-08 10:46:49,2022-03-08 10:48:08,Located_Indoors, Holding_Other_Object_Light, Texting/Browsing_Phone,annotator,Behavioral Parameters,2022-03-08 01:22:45,2022-03-08 01:24:04
2022-03-08 10:48:08,2022-03-08 10:54:37,Located_Indoors, Holding_Solid_Food,annotator,Behavioral Parameters,2022-03-08 01:24:04,2022-03-08 01:30:33
2022-03-08 10:54:37,2022-03-08 10:55:08,Located_Indoors, Holding_Other_Object_Light,annotator,Behavioral Parameters,2022-03-08 01:30:33,2022-03-08 01:31:04
2022-03-08 10:55:08,2022-03-08 10:57:43,Located_Indoors,annotator,Behavioral Parameters,2022-03-08 01:31:04,2022-03-08 01:33:39
2022-03-08 10:57:43,2022-03-08 10:58:08,Located_Indoors, Holding_Drink,annotator,Behavioral Parameters,2022-03-08 01:33:39,2022-03-08 01:34:04
2022-03-08 10:58:08,2022-03-08 11:07:29,Located_Indoors, Holding_Solid_Food,annotator,Behavioral Parameters,2022-03-08 01:34:04,2022-03-08 01:43:25
2022-03-08 11:07:47,2022-03-08 11:08:53,Located_Indoors, Browsing_Computer,annotator,Behavioral Parameters,2022-03-08 01:43:43,2022-03-08 01:44:49
2022-03-08 11:08:53,2022-03-08 11:13:35,Located_Indoors, Holding_Solid_Food,annotator,Behavioral Parameters,2022-03-08 01:44:49,2022-03-08 01:49:31
2022-03-08 11:13:35,2022-03-08 11:14:11,Located_Indoors, Browsing_Computer,annotator,Behavioral Parameters,2022-03-08 01:49:31,2022-03-08 01:50:07
2022-03-08 11:14:11,2022-03-08 11:15:25,Located_Indoors,annotator,Behavioral Parameters,2022-03-08 01:50:07,2022-03-08 01:51:21
2022-03-08 11:15:25,2022-03-08 11:19:13,Located_Indoors, Browsing_Computer,annotator,Behavioral Parameters,2022-03-08 01:51:21,2022-03-08 01:55:09
2022-03-08 11:19:13,2022-03-08 11:19:41,Located_Indoors,annotator,Behavioral Parameters,2022-03-08 01:55:09,2022-03-08 01:55:37
2022-03-08 11:19:41,2022-03-08 11:20:22,Located_Indoors, Typing_Computer,annotator,Behavioral Parameters,2022-03-08 01:55:37,2022-03-08 01:56:18
2022-03-08 11:20:22,2022-03-08 11:25:20,Located_Indoors,annotator,Behavioral Parameters,2022-03-08 01:56:18,2022-03-08 02:01:16
2022-03-08 11:25:20,2022-03-08 11:25:38,Located_Indoors, Browsing_Computer,annotator,Behavioral Parameters,2022-03-08 02:01:16,2022-03-08 02:01:34
2022-03-08 11:25:38,2022-03-08 11:28:32,Located_Indoors, Holding_Other_Object_Light, Texting/Browsing_Phone,annotator,Behavioral Parameters,2022-03-08 02:01:34,2022-03-08 02:04:28
2022-03-08 11:28:32,2022-03-08 11:30:08,Located_Indoors, Browsing_Computer,annotator,Behavioral Parameters,2022-03-08 02:04:28,2022-03-08 02:06:04
2022-03-08 11:30:08,2022-03-08 11:30:50,Located_Indoors, Holding_Other_Object_Light, Texting/Browsing_Phone,annotator,Behavioral Parameters,2022-03-08 02:06:04,2022-03-08 02:06:46
2022-03-08 11:30:50,2022-03-08 11:37:08,Located_Indoors,annotator,Behavioral Parameters,2022-03-08 02:06:46,2022-03-08 02:13:04
2022-03-08 11:37:08,2022-03-08 11:38:04,Located_Indoors, Holding_Other_Object_Light, Texting/Browsing_Phone,annotator,Behavioral Parameters,2022-03-08 02:13:04,2022-03-08 02:14:00
2022-03-08 11:38:04,2022-03-08 11:38:12,Located_Indoors, Typing_Computer,annotator,Behavioral Parameters,2022-03-08 02:14:00,2022-03-08 02:14:08
2022-03-08 11:38:12,2022-03-08 11:40:10,Located_Indoors,annotator,Behavioral Parameters,2022-03-08 02:14:08,2022-03-08 02:16:06
2022-03-08 11:40:10,2022-03-08 11:40:50,Located_Indoors, Holding_Other_Object_Light, Texting/Browsing_Phone,annotator,Behavioral Parameters,2022-03-08 02:16:06,2022-03-08 02:16:46
2022-03-08 11:40:50,2022-03-08 11:43:51,Located_Indoors, Holding_Other_Object_Light, Texting/Browsing_Phone, Legs_Crossed,annotator,Behavioral Parameters,2022-03-08 02:16:46,2022-03-08 02:19:47
2022-03-08 11:43:51,2022-03-08 11:50:37,Located_Indoors, Holding_Other_Object_Light, Texting/Browsing_Phone,annotator,Behavioral Parameters,2022-03-08 02:19:47,2022-03-08 02:26:33
2022-03-08 11:50:37,2022-03-08 11:53:42,Located_Indoors, Holding_Other_Object_Light,annotator,Behavioral Parameters,2022-03-08 02:26:33,2022-03-08 02:29:38
2022-03-08 11:53:42,2022-03-08 11:57:16,Located_Indoors, Holding_Other_Object_Light,annotator,Behavioral Parameters,2022-03-08 02:29:38,2022-03-08 02:33:12
2022-03-08 11:57:20,2022-03-08 11:57:33,Located_Indoors,annotator,Behavioral Parameters,2022-03-08 02:33:16,2022-03-08 02:33:29
2022-03-08 11:57:41,2022-03-08 11:58:09,Located_Indoors, Holding_Other_Object_Light,annotator,Behavioral Parameters,2022-03-08 02:33:37,2022-03-08 02:34:05
2022-03-08 11:58:21,2022-03-08 11:59:02,Located_Indoors,annotator,Behavioral Parameters,2022-03-08 02:34:17,2022-03-08 02:34:58
2022-03-08 11:59:02,2022-03-08 11:59:53,Located_Indoors,annotator,Behavioral Parameters,2022-03-08 02:34:58,2022-03-08 02:35:49
2022-03-08 11:59:53,2022-03-08 12:00:05,Located_Indoors,annotator,Behavioral Parameters,2022-03-08 02:35:49,2022-03-08 02:36:01
2022-03-08 12:00:05,2022-03-08 12:00:17,Located_Indoors,annotator,Behavioral Parameters,2022-03-08 02:36:01,2022-03-08 02:36:13
2022-03-08 12:00:17,2022-03-08 12:00:25,Located_Indoors,annotator,Behavioral Parameters,2022-03-08 02:36:13,2022-03-08 02:36:21
2022-03-08 12:00:25,2022-03-08 12:00:39,Located_Indoors,annotator,Behavioral Parameters,2022-03-08 02:36:21,2022-03-08 02:36:35
2022-03-08 12:00:44,2022-03-08 12:02:06,Located_Outdoors,annotator,Behavioral Parameters,2022-03-08 02:36:40,2022-03-08 02:38:02
2022-03-08 12:02:06,2022-03-08 12:02:30,Located_Outdoors, Holding_Other_Object_Light, Texting/Browsing_Phone,annotator,Behavioral Parameters,2022-03-08 02:38:02,2022-03-08 02:38:26
2022-03-08 12:02:30,2022-03-08 12:02:38,Located_Indoors,annotator,Behavioral Parameters,2022-03-08 02:38:26,2022-03-08 02:38:34
2022-03-08 12:02:38,2022-03-08 12:02:49,Located_Indoors,annotator,Behavioral Parameters,2022-03-08 02:38:34,2022-03-08 02:38:45
2022-03-08 12:02:49,2022-03-08 12:03:01,Located_Indoors, Holding_Other_Object_Light, Texting/Browsing_Phone,annotator,Behavioral Parameters,2022-03-08 02:38:45,2022-03-08 02:38:57
2022-03-08 12:03:01,2022-03-08 12:03:44,Located_Indoors, In_Conversation,annotator,Behavioral Parameters,2022-03-08 02:38:57,2022-03-08 02:39:40
2022-03-08 12:03:44,2022-03-08 12:07:25,Located_Indoors, In_Conversation,annotator,Behavioral Parameters,2022-03-08 02:39:40,2022-03-08 02:43:21
2022-03-08 12:07:25,2022-03-08 12:07:55,Located_Indoors, In_Conversation,annotator,Behavioral Parameters,2022-03-08 02:43:21,2022-03-08 02:43:51
2022-03-08 12:07:55,2022-03-08 12:08:07,Located_Indoors,annotator,Behavioral Parameters,2022-03-08 02:43:51,2022-03-08 02:44:03
2022-03-08 12:08:08,2022-03-08 12:12:34,Located_Outdoors,annotator,Behavioral Parameters,2022-03-08 02:44:04,2022-03-08 02:48:30
2022-03-08 12:12:35,2022-03-08 12:13:04,Located_Indoors,annotator,Behavioral Parameters,2022-03-08 02:48:31,2022-03-08 02:49:00
2022-03-08 12:13:04,2022-03-08 12:13:24,Located_Indoors, Holding_Drink,annotator,Behavioral Parameters,2022-03-08 02:49:00,2022-03-08 02:49:20
2022-03-08 12:13:26,2022-03-08 12:13:38,Located_Indoors,annotator,Behavioral Parameters,2022-03-08 02:49:22,2022-03-08 02:49:34
2022-03-08 12:13:38,2022-03-08 12:14:11,Located_Indoors,annotator,Behavioral Parameters,2022-03-08 02:49:34,2022-03-08 02:50:07
2022-03-08 12:14:11,2022-03-08 12:14:35,Located_Indoors,annotator,Behavioral Parameters,2022-03-08 02:50:07,2022-03-08 02:50:31
2022-03-08 12:14:35,2022-03-08 12:14:50,Located_Indoors, Holding_Other_Object_Light, Texting/Browsing_Phone,annotator,Behavioral Parameters,2022-03-08 02:50:31,2022-03-08 02:50:46
2022-03-08 12:14:50,2022-03-08 12:15:05,Located_Indoors, Holding_Drink,annotator,Behavioral Parameters,2022-03-08 02:50:46,2022-03-08 02:51:01
2022-03-08 12:15:05,2022-03-08 12:18:22,Located_Indoors, Holding_Other_Object_Light, Texting/Browsing_Phone,annotator,Behavioral Parameters,2022-03-08 02:51:01,2022-03-08 02:54:18
2022-03-08 12:18:31,2022-03-08 12:23:04,Located_Indoors, In_Conversation,annotator,Behavioral Parameters,2022-03-08 02:54:27,2022-03-08 02:59:00
2022-03-08 12:23:04,2022-03-08 12:23:30,Located_Indoors, Holding_Drink,annotator,Behavioral Parameters,2022-03-08 02:59:00,2022-03-08 02:59:26
2022-03-08 12:23:42,2022-03-08 12:24:07,Located_Indoors, In_Conversation,annotator,Behavioral Parameters,2022-03-08 02:59:38,2022-03-08 03:00:03
2022-03-08 12:24:15,2022-03-08 12:24:54,Located_Indoors, In_Conversation, Holding_Other_Object_Light,annotator,Behavioral Parameters,2022-03-08 03:00:11,2022-03-08 03:00:50
2022-03-08 12:24:54,2022-03-08 12:25:22,Located_Indoors, Holding_Other_Object_Light,annotator,Behavioral Parameters,2022-03-08 03:00:50,2022-03-08 03:01:18
2022-03-08 12:25:22,2022-03-08 12:34:17,Located_Indoors, Holding_Other_Object_Light, In_Conversation,annotator,Behavioral Parameters,2022-03-08 03:01:18,2022-03-08 03:10:13
2022-03-08 12:34:17,2022-03-08 12:35:34,Located_Indoors, Holding_Other_Object_Light, Texting/Browsing_Phone,annotator,Behavioral Parameters,2022-03-08 03:10:13,2022-03-08 03:11:30
2022-03-08 12:35:37,2022-03-08 12:36:04,Located_Indoors,annotator,Behavioral Parameters,2022-03-08 03:11:33,2022-03-08 03:12:00
2022-03-08 12:36:04,2022-03-08 12:38:25,Located_Indoors, Holding_Other_Object_Light,annotator,Behavioral Parameters,2022-03-08 03:12:00,2022-03-08 03:14:21
2022-03-08 12:38:25,2022-03-08 12:38:35,Located_Indoors,annotator,Behavioral Parameters,2022-03-08 03:14:21,2022-03-08 03:14:31
2022-03-08 12:38:35,2022-03-08 12:39:03,Located_Indoors, Holding_Other_Object_Light,annotator,Behavioral Parameters,2022-03-08 03:14:31,2022-03-08 03:14:59
2022-03-08 12:39:03,2022-03-08 12:39:15,Located_Indoors,annotator,Behavioral Parameters,2022-03-08 03:14:59,2022-03-08 03:15:11
2022-03-08 12:39:15,2022-03-08 12:42:40,Located_Indoors, Holding_Other_Object_Light,annotator,Behavioral Parameters,2022-03-08 03:15:11,2022-03-08 03:18:36
2022-03-08 12:42:40,2022-03-08 12:42:50,Located_Indoors,annotator,Behavioral Parameters,2022-03-08 03:18:36,2022-03-08 03:18:46
2022-03-08 12:42:50,2022-03-08 12:45:16,Located_Indoors, Holding_Other_Object_Light,annotator,Behavioral Parameters,2022-03-08 03:18:46,2022-03-08 03:21:12
2022-03-08 12:45:16,2022-03-08 12:45:22,Located_Indoors, Holding_Other_Object_Light,annotator,Behavioral Parameters,2022-03-08 03:21:12,2022-03-08 03:21:18
2022-03-08 12:45:22,2022-03-08 12:45:49,Located_Indoors, Holding_Other_Object_Light, In_Conversation,annotator,Behavioral Parameters,2022-03-08 03:21:18,2022-03-08 03:21:45
2022-03-08 12:45:49,2022-03-08 12:45:58,Located_Indoors, Holding_Other_Object_Light, In_Conversation,annotator,Behavioral Parameters,2022-03-08 03:21:45,2022-03-08 03:21:54
2022-03-08 12:45:58,2022-03-08 12:46:31,Located_Indoors, Holding_Other_Object_Light, In_Conversation,annotator,Behavioral Parameters,2022-03-08 03:21:54,2022-03-08 03:22:27
2022-03-08 12:46:31,2022-03-08 12:46:39,Located_Indoors, Holding_Other_Object_Light, In_Conversation,annotator,Behavioral Parameters,2022-03-08 03:22:27,2022-03-08 03:22:35
2022-03-08 12:46:39,2022-03-08 12:47:51,Located_Indoors, Holding_Other_Object_Light, In_Conversation,annotator,Behavioral Parameters,2022-03-08 03:22:35,2022-03-08 03:23:47
2022-03-08 12:47:51,2022-03-08 12:48:13,Located_Indoors, Holding_Other_Object_Light, Texting/Browsing_Phone,annotator,Behavioral Parameters,2022-03-08 03:23:47,2022-03-08 03:24:09
2022-03-08 12:48:13,2022-03-08 12:50:36,Located_Indoors, Handwriting, In_Conversation,annotator,Behavioral Parameters,2022-03-08 03:24:09,2022-03-08 03:26:32
2022-03-08 12:50:40,2022-03-08 12:51:04,Located_Indoors, Holding_Other_Object_Light,annotator,Behavioral Parameters,2022-03-08 03:26:36,2022-03-08 03:27:00
2022-03-08 12:51:04,2022-03-08 13:00:23,Located_Indoors, Holding_Other_Object_Light,annotator,Behavioral Parameters,2022-03-08 03:27:00,2022-03-08 03:36:19
2022-03-08 13:00:23,2022-03-08 13:00:57,Located_Indoors, Holding_Other_Object_Light, In_Conversation,annotator,Behavioral Parameters,2022-03-08 03:36:19,2022-03-08 03:36:53
2022-03-08 13:00:57,2022-03-08 13:01:51,Located_Indoors, Holding_Other_Object_Light,annotator,Behavioral Parameters,2022-03-08 03:36:53,2022-03-08 03:37:47
2022-03-08 13:01:51,2022-03-08 13:02:16,Located_Indoors, Holding_Other_Object_Light,annotator,Behavioral Parameters,2022-03-08 03:37:47,2022-03-08 03:38:12
2022-03-08 13:02:16,2022-03-08 13:02:45,Located_Indoors, Holding_Other_Object_Light,annotator,Behavioral Parameters,2022-03-08 03:38:12,2022-03-08 03:38:41
2022-03-08 13:02:45,2022-03-08 13:03:57,Located_Indoors, In_Conversation,annotator,Behavioral Parameters,2022-03-08 03:38:41,2022-03-08 03:39:53
2022-03-08 13:03:57,2022-03-08 13:04:15,Located_Indoors,annotator,Behavioral Parameters,2022-03-08 03:39:53,2022-03-08 03:40:11
2022-03-08 13:04:16,2022-03-08 13:05:49,Located_Indoors,annotator,Behavioral Parameters,2022-03-08 03:40:12,2022-03-08 03:41:45
2022-03-08 13:05:49,2022-03-08 13:06:12,Located_Indoors,annotator,Behavioral Parameters,2022-03-08 03:41:45,2022-03-08 03:42:08
2022-03-08 13:06:12,2022-03-08 13:08:21,Located_Indoors, Holding_Other_Object_Light, In_Conversation,annotator,Behavioral Parameters,2022-03-08 03:42:08,2022-03-08 03:44:17
2022-03-08 13:08:21,2022-03-08 13:08:44,Located_Indoors, Holding_Other_Object_Light,annotator,Behavioral Parameters,2022-03-08 03:44:17,2022-03-08 03:44:40
2022-03-08 13:08:44,2022-03-08 13:09:06,Located_Indoors, Holding_Other_Object_Light,annotator,Behavioral Parameters,2022-03-08 03:44:40,2022-03-08 03:45:02
2022-03-08 13:09:06,2022-03-08 13:10:01,Located_Indoors, Holding_Other_Object_Light,annotator,Behavioral Parameters,2022-03-08 03:45:02,2022-03-08 03:45:57
2022-03-08 13:10:01,2022-03-08 13:10:47,Located_Indoors, Holding_Other_Object_Light,annotator,Behavioral Parameters,2022-03-08 03:45:57,2022-03-08 03:46:43
2022-03-08 13:10:47,2022-03-08 13:11:20,Located_Indoors, Holding_Other_Object_Light,annotator,Behavioral Parameters,2022-03-08 03:46:43,2022-03-08 03:47:16
2022-03-08 13:11:22,2022-03-08 13:12:03,Located_Indoors,annotator,Behavioral Parameters,2022-03-08 03:47:18,2022-03-08 03:47:59
2022-03-08 13:12:04,2022-03-08 13:12:51,Located_Indoors, Holding_Other_Object_Light,annotator,Behavioral Parameters,2022-03-08 03:48:00,2022-03-08 03:48:47
2022-03-08 13:13:00,2022-03-08 13:13:33,Located_Indoors, Holding_Other_Object_Light,annotator,Behavioral Parameters,2022-03-08 03:48:56,2022-03-08 03:49:29
2022-03-08 13:13:40,2022-03-08 13:13:51,Located_Indoors, Holding_Other_Object_Light,annotator,Behavioral Parameters,2022-03-08 03:49:36,2022-03-08 03:49:47
2022-03-08 13:13:52,2022-03-08 13:14:24,Located_Indoors, Holding_Other_Object_Light,annotator,Behavioral Parameters,2022-03-08 03:49:48,2022-03-08 03:50:20
2022-03-08 13:14:28,2022-03-08 13:14:50,Located_Indoors, Holding_Other_Object_Light,annotator,Behavioral Parameters,2022-03-08 03:50:24,2022-03-08 03:50:46
2022-03-08 13:15:28,2022-03-08 13:16:03,Located_Indoors, Holding_Other_Object_Light,annotator,Behavioral Parameters,2022-03-08 03:51:24,2022-03-08 03:51:59
2022-03-08 13:16:15,2022-03-08 13:16:34,Located_Indoors, Holding_Other_Object_Light,annotator,Behavioral Parameters,2022-03-08 03:52:11,2022-03-08 03:52:30
2022-03-08 13:16:36,2022-03-08 13:17:00,Located_Indoors, Holding_Other_Object_Light,annotator,Behavioral Parameters,2022-03-08 03:52:32,2022-03-08 03:52:56
2022-03-08 13:17:03,2022-03-08 13:17:15,Located_Indoors, Holding_Other_Object_Light,annotator,Behavioral Parameters,2022-03-08 03:52:59,2022-03-08 03:53:11
2022-03-08 13:17:15,2022-03-08 13:17:16,Located_Indoors, Holding_Other_Object_Light,annotator,Behavioral Parameters,2022-03-08 03:53:11,2022-03-08 03:53:12
2022-03-08 13:17:21,2022-03-08 13:17:51,Located_Indoors, Holding_Other_Object_Light,annotator,Behavioral Parameters,2022-03-08 03:53:17,2022-03-08 03:53:47
2022-03-08 13:17:58,2022-03-08 13:18:46,Located_Indoors, Holding_Other_Object_Light, Handwriting,annotator,Behavioral Parameters,2022-03-08 03:53:54,2022-03-08 03:54:42
2022-03-08 13:18:46,2022-03-08 13:19:25,Located_Indoors, Holding_Other_Object_Light,annotator,Behavioral Parameters,2022-03-08 03:54:42,2022-03-08 03:55:21
2022-03-08 13:19:26,2022-03-08 13:20:10,Located_Indoors, Holding_Other_Object_Light, In_Conversation,annotator,Behavioral Parameters,2022-03-08 03:55:22,2022-03-08 03:56:06
2022-03-08 13:20:12,2022-03-08 13:20:23,Located_Indoors, Holding_Other_Object_Light,annotator,Behavioral Parameters,2022-03-08 03:56:08,2022-03-08 03:56:19
2022-03-08 13:20:35,2022-03-08 13:20:42,Located_Indoors, Holding_Other_Object_Light,annotator,Behavioral Parameters,2022-03-08 03:56:31,2022-03-08 03:56:38
2022-03-08 13:20:47,2022-03-08 13:20:53,Located_Indoors, Holding_Other_Object_Light,annotator,Behavioral Parameters,2022-03-08 03:56:43,2022-03-08 03:56:49
2022-03-08 13:21:01,2022-03-08 13:22:02,Located_Indoors, Holding_Other_Object_Light,annotator,Behavioral Parameters,2022-03-08 03:56:57,2022-03-08 03:57:58
2022-03-08 13:22:03,2022-03-08 13:22:11,Located_Indoors,annotator,Behavioral Parameters,2022-03-08 03:57:59,2022-03-08 03:58:07
2022-03-08 13:22:12,2022-03-08 13:22:19,Located_Indoors, Texting/Browsing_Phone,annotator,Behavioral Parameters,2022-03-08 03:58:08,2022-03-08 03:58:15
2022-03-08 13:22:20,2022-03-08 13:22:39,Located_Indoors,annotator,Behavioral Parameters,2022-03-08 03:58:16,2022-03-08 03:58:35
2022-03-08 13:22:41,2022-03-08 13:25:10,Located_Indoors, Holding_Other_Object_Light,annotator,Behavioral Parameters,2022-03-08 03:58:37,2022-03-08 04:01:06
2022-03-08 13:25:11,2022-03-08 13:25:26,Located_Indoors, Holding_Other_Object_Light, Texting/Browsing_Phone,annotator,Behavioral Parameters,2022-03-08 04:01:07,2022-03-08 04:01:22
2022-03-08 13:25:27,2022-03-08 13:28:08,Located_Indoors, Holding_Other_Object_Light, Significantly_Higher_Effort_Than_Normal,annotator,Behavioral Parameters,2022-03-08 04:01:23,2022-03-08 04:04:04
2022-03-08 13:28:11,2022-03-08 13:28:48,Located_Indoors, Holding_Other_Object_Light,annotator,Behavioral Parameters,2022-03-08 04:04:07,2022-03-08 04:04:44
2022-03-08 13:28:49,2022-03-08 13:29:08,Located_Indoors, Holding_Other_Object_Light,annotator,Behavioral Parameters,2022-03-08 04:04:45,2022-03-08 04:05:04
2022-03-08 13:29:25,2022-03-08 13:30:28,Located_Indoors, Holding_Other_Object_Light,annotator,Behavioral Parameters,2022-03-08 04:05:21,2022-03-08 04:06:24
2022-03-08 13:30:29,2022-03-08 13:31:23,Located_Indoors, Holding_Other_Object_Light,annotator,Behavioral Parameters,2022-03-08 04:06:25,2022-03-08 04:07:19
2022-03-08 13:31:24,2022-03-08 13:32:45,Located_Indoors, Holding_Other_Object_Light,annotator,Behavioral Parameters,2022-03-08 04:07:20,2022-03-08 04:08:41
2022-03-08 13:32:48,2022-03-08 13:33:07,Located_Indoors, Holding_Other_Object_Light,annotator,Behavioral Parameters,2022-03-08 04:08:44,2022-03-08 04:09:03
2022-03-08 13:33:11,2022-03-08 13:33:45,Located_Indoors,annotator,Behavioral Parameters,2022-03-08 04:09:07,2022-03-08 04:09:41
2022-03-08 13:33:51,2022-03-08 13:34:03,Located_Indoors, Holding_Other_Object_Light,annotator,Behavioral Parameters,2022-03-08 04:09:47,2022-03-08 04:09:59
2022-03-08 13:34:06,2022-03-08 13:34:19,Located_Indoors, Holding_Other_Object_Light,annotator,Behavioral Parameters,2022-03-08 04:10:02,2022-03-08 04:10:15
2022-03-08 13:34:20,2022-03-08 13:35:05,Located_Indoors, Holding_Other_Object_Light,annotator,Behavioral Parameters,2022-03-08 04:10:16,2022-03-08 04:11:01
2022-03-08 13:35:07,2022-03-08 13:35:38,Located_Indoors, Holding_Other_Object_Light,annotator,Behavioral Parameters,2022-03-08 04:11:03,2022-03-08 04:11:34
2022-03-08 13:35:41,2022-03-08 13:35:50,Located_Indoors, Holding_Other_Object_Light,annotator,Behavioral Parameters,2022-03-08 04:11:37,2022-03-08 04:11:46
2022-03-08 13:35:51,2022-03-08 13:36:23,Located_Indoors, Holding_Other_Object_Light, Significantly_Higher_Effort_Than_Normal,annotator,Behavioral Parameters,2022-03-08 04:11:47,2022-03-08 04:12:19
2022-03-08 13:36:23,2022-03-08 13:36:46,Located_Indoors, Holding_Other_Object_Light,annotator,Behavioral Parameters,2022-03-08 04:12:19,2022-03-08 04:12:42
2022-03-08 13:36:53,2022-03-08 13:37:28,Located_Indoors, Holding_Other_Object_Light, Significantly_Higher_Effort_Than_Normal,annotator,Behavioral Parameters,2022-03-08 04:12:49,2022-03-08 04:13:24
2022-03-08 13:37:29,2022-03-08 13:39:17,Located_Indoors, Holding_Other_Object_Light,annotator,Behavioral Parameters,2022-03-08 04:13:25,2022-03-08 04:15:13
2022-03-08 13:39:20,2022-03-08 13:39:52,Located_Indoors, Holding_Other_Object_Light,annotator,Behavioral Parameters,2022-03-08 04:15:16,2022-03-08 04:15:48
2022-03-08 13:39:55,2022-03-08 13:40:49,Located_Indoors, Holding_Other_Object_Light,annotator,Behavioral Parameters,2022-03-08 04:15:51,2022-03-08 04:16:45
2022-03-08 13:41:10,2022-03-08 13:41:27,Located_Indoors, Holding_Other_Object_Light,annotator,Behavioral Parameters,2022-03-08 04:17:06,2022-03-08 04:17:23
2022-03-08 13:41:39,2022-03-08 13:41:49,Located_Indoors, Holding_Other_Object_Light,annotator,Behavioral Parameters,2022-03-08 04:17:35,2022-03-08 04:17:45
2022-03-08 13:41:55,2022-03-08 13:42:10,Located_Indoors, Holding_Other_Object_Light,annotator,Behavioral Parameters,2022-03-08 04:17:51,2022-03-08 04:18:06
2022-03-08 13:42:13,2022-03-08 13:42:39,Located_Indoors, Holding_Other_Object_Light,annotator,Behavioral Parameters,2022-03-08 04:18:09,2022-03-08 04:18:35
2022-03-08 13:42:43,2022-03-08 13:43:15,Located_Indoors, Texting/Browsing_Phone,annotator,Behavioral Parameters,2022-03-08 04:18:39,2022-03-08 04:19:11
2022-03-08 13:43:20,2022-03-08 13:43:28,Located_Indoors, Holding_Other_Object_Light,annotator,Behavioral Parameters,2022-03-08 04:19:16,2022-03-08 04:19:24
2022-03-08 13:43:36,2022-03-08 13:43:43,Located_Indoors, Holding_Other_Object_Light,annotator,Behavioral Parameters,2022-03-08 04:19:32,2022-03-08 04:19:39
2022-03-08 13:43:58,2022-03-08 13:45:40,Located_Indoors, Holding_Other_Object_Light, In_Conversation,annotator,Behavioral Parameters,2022-03-08 04:19:54,2022-03-08 04:21:36
2022-03-08 13:45:53,2022-03-08 13:47:31,Located_Indoors, Holding_Other_Object_Light,annotator,Behavioral Parameters,2022-03-08 04:21:49,2022-03-08 04:23:27
2022-03-08 13:47:38,2022-03-08 13:50:14,Located_Indoors, Holding_Other_Object_Light,annotator,Behavioral Parameters,2022-03-08 04:23:34,2022-03-08 04:26:10
2022-03-08 13:50:24,2022-03-08 13:51:01,Located_Indoors, Carrying_Bag_On_Shoulder/Back_Light,annotator,Behavioral Parameters,2022-03-08 04:26:20,2022-03-08 04:26:57
2022-03-08 13:51:03,2022-03-08 13:51:05,Located_Indoors, Carrying_Bag_On_Shoulder/Back_Light, Holding_Bag/BriefCase_Hand_Light,annotator,Behavioral Parameters,2022-03-08 04:26:59,2022-03-08 04:27:01
2022-03-08 13:51:06,2022-03-08 13:51:07,Located_Indoors, Carrying_Bag_On_Shoulder/Back_Light, Holding_Bag/BriefCase_Hand_Light,annotator,Behavioral Parameters,2022-03-08 04:27:02,2022-03-08 04:27:03
2022-03-08 13:51:08,2022-03-08 13:51:11,Located_Indoors, Carrying_Bag_On_Shoulder/Back_Light, Holding_Bag/BriefCase_Hand_Light,annotator,Behavioral Parameters,2022-03-08 04:27:04,2022-03-08 04:27:07
2022-03-08 13:51:13,2022-03-08 13:51:16,Located_Indoors, Carrying_Bag_On_Shoulder/Back_Light, Holding_Bag/BriefCase_Hand_Light,annotator,Behavioral Parameters,2022-03-08 04:27:09,2022-03-08 04:27:12
2022-03-08 13:51:17,2022-03-08 13:51:18,Located_Indoors, Carrying_Bag_On_Shoulder/Back_Light, Holding_Bag/BriefCase_Hand_Light,annotator,Behavioral Parameters,2022-03-08 04:27:13,2022-03-08 04:27:14
2022-03-08 13:51:18,2022-03-08 13:51:21,Located_Indoors, Carrying_Bag_On_Shoulder/Back_Light, Holding_Bag/BriefCase_Hand_Light,annotator,Behavioral Parameters,2022-03-08 04:27:14,2022-03-08 04:27:17
2022-03-08 13:51:25,2022-03-08 13:51:30,Located_Indoors, Carrying_Bag_On_Shoulder/Back_Light, Holding_Bag/BriefCase_Hand_Light,annotator,Behavioral Parameters,2022-03-08 04:27:21,2022-03-08 04:27:26
2022-03-08 13:51:31,2022-03-08 13:54:44,Carrying_Bag_On_Shoulder/Back_Light, Holding_Bag/BriefCase_Hand_Light, Located_Outdoors,annotator,Behavioral Parameters,2022-03-08 04:27:27,2022-03-08 04:30:40
2022-03-08 13:54:45,2022-03-08 13:54:58,Carrying_Bag_On_Shoulder/Back_Light, Holding_Bag/BriefCase_Hand_Light, Located_Indoors,annotator,Behavioral Parameters,2022-03-08 04:30:41,2022-03-08 04:30:54
2022-03-08 13:55:00,2022-03-08 13:55:10,Carrying_Bag_On_Shoulder/Back_Light, Holding_Bag/BriefCase_Hand_Light, Located_Indoors,annotator,Behavioral Parameters,2022-03-08 04:30:56,2022-03-08 04:31:06
2022-03-08 13:55:11,2022-03-08 13:55:30,Carrying_Bag_On_Shoulder/Back_Light, Holding_Bag/BriefCase_Hand_Light, Located_Indoors,annotator,Behavioral Parameters,2022-03-08 04:31:07,2022-03-08 04:31:26
2022-03-08 13:55:31,2022-03-08 13:55:39,Carrying_Bag_On_Shoulder/Back_Light, Holding_Bag/BriefCase_Hand_Light, Located_Indoors,annotator,Behavioral Parameters,2022-03-08 04:31:27,2022-03-08 04:31:35
2022-03-08 13:55:40,2022-03-08 13:55:48,Carrying_Bag_On_Shoulder/Back_Light, Holding_Bag/BriefCase_Hand_Light, Located_Indoors,annotator,Behavioral Parameters,2022-03-08 04:31:36,2022-03-08 04:31:44
2022-03-08 13:55:49,2022-03-08 13:55:57,Carrying_Bag_On_Shoulder/Back_Light, Holding_Bag/BriefCase_Hand_Light, Located_Indoors,annotator,Behavioral Parameters,2022-03-08 04:31:45,2022-03-08 04:31:53
2022-03-08 13:55:58,2022-03-08 13:56:18,Carrying_Bag_On_Shoulder/Back_Light, Holding_Bag/BriefCase_Hand_Light, Located_Indoors, Texting/Browsing_Phone,annotator,Behavioral Parameters,2022-03-08 04:31:54,2022-03-08 04:32:14
2022-03-08 13:56:18,2022-03-08 13:56:37,Carrying_Bag_On_Shoulder/Back_Light, Holding_Bag/BriefCase_Hand_Light, Located_Indoors, Texting/Browsing_Phone,annotator,Behavioral Parameters,2022-03-08 04:32:14,2022-03-08 04:32:33
2022-03-08 13:56:39,2022-03-08 13:57:07,Carrying_Bag_On_Shoulder/Back_Light, Holding_Bag/BriefCase_Hand_Light, Located_Indoors, Texting/Browsing_Phone,annotator,Behavioral Parameters,2022-03-08 04:32:35,2022-03-08 04:33:03
2022-03-08 13:57:09,2022-03-08 13:59:13,Carrying_Bag_On_Shoulder/Back_Light, Holding_Bag/BriefCase_Hand_Light, Located_Indoors, Texting/Browsing_Phone,annotator,Behavioral Parameters,2022-03-08 04:33:05,2022-03-08 04:35:09
2022-03-08 13:59:14,2022-03-08 13:59:22,Carrying_Bag_On_Shoulder/Back_Light, Holding_Bag/BriefCase_Hand_Light, Located_Indoors,annotator,Behavioral Parameters,2022-03-08 04:35:10,2022-03-08 04:35:18
2022-03-08 13:59:24,2022-03-08 13:59:42,Carrying_Bag_On_Shoulder/Back_Light, Located_Indoors,annotator,Behavioral Parameters,2022-03-08 04:35:20,2022-03-08 04:35:38
2022-03-08 13:59:53,2022-03-08 14:00:10,Carrying_Bag_On_Shoulder/Back_Light, Located_Indoors,annotator,Behavioral Parameters,2022-03-08 04:35:49,2022-03-08 04:36:06
2022-03-08 14:00:11,2022-03-08 14:00:19,Located_Indoors, Texting/Browsing_Phone,annotator,Behavioral Parameters,2022-03-08 04:36:07,2022-03-08 04:36:15
2022-03-08 14:00:22,2022-03-08 14:00:47,Located_Indoors,annotator,Behavioral Parameters,2022-03-08 04:36:18,2022-03-08 04:36:43
2022-03-08 14:00:48,2022-03-08 14:01:42,Located_Indoors, Texting/Browsing_Phone,annotator,Behavioral Parameters,2022-03-08 04:36:44,2022-03-08 04:37:38
2022-03-08 14:02:03,2022-03-08 14:07:03,Located_Indoors, In_Conversation,annotator,Behavioral Parameters,2022-03-08 04:37:59,2022-03-08 04:42:59
2022-03-08 14:07:08,2022-03-08 14:07:39,Located_Indoors, In_Conversation, Texting/Browsing_Phone,annotator,Behavioral Parameters,2022-03-08 04:43:04,2022-03-08 04:43:35
2022-03-08 14:10:42,2022-03-08 16:11:20,,annotator,Behavioral Parameters,2022-03-08 04:46:38,2022-03-08 06:47:16
2022-03-08 16:14:30,2022-03-08 17:01:45,,annotator,Behavioral Parameters,2022-03-08 06:50:26,2022-03-08 07:37:41
2022-03-08 17:02:06,2022-03-08 17:02:28,Located_Indoors,annotator,Behavioral Parameters,2022-03-08 07:38:02,2022-03-08 07:38:24
2022-03-08 17:02:45,2022-03-08 17:02:50,Located_Indoors,annotator,Behavioral Parameters,2022-03-08 07:38:41,2022-03-08 07:38:46
2022-03-08 17:02:54,2022-03-08 17:03:13,Located_Indoors,annotator,Behavioral Parameters,2022-03-08 07:38:50,2022-03-08 07:39:09
2022-03-08 17:04:50,2022-03-08 17:07:56,Located_Indoors, In_Conversation,annotator,Behavioral Parameters,2022-03-08 07:40:46,2022-03-08 07:43:52
2022-03-08 17:08:09,2022-03-08 17:08:19,Located_Indoors,annotator,Behavioral Parameters,2022-03-08 07:44:05,2022-03-08 07:44:15
2022-03-08 17:08:19,2022-03-08 17:08:41,Located_Indoors, Carrying_Bag_On_Shoulder/Back_Light,annotator,Behavioral Parameters,2022-03-08 07:44:15,2022-03-08 07:44:37
2022-03-08 17:08:41,2022-03-08 17:08:50,Located_Indoors, Carrying_Bag_On_Shoulder/Back_Light,annotator,Behavioral Parameters,2022-03-08 07:44:37,2022-03-08 07:44:46
2022-03-08 17:08:59,2022-03-08 17:09:24,Located_Indoors, Carrying_Bag_On_Shoulder/Back_Light,annotator,Behavioral Parameters,2022-03-08 07:44:55,2022-03-08 07:45:20
2022-03-08 17:09:24,2022-03-08 17:09:42,Located_Indoors, Carrying_Bag_On_Shoulder/Back_Light,annotator,Behavioral Parameters,2022-03-08 07:45:20,2022-03-08 07:45:38
2022-03-08 17:09:44,2022-03-08 17:10:08,Carrying_Bag_On_Shoulder/Back_Light, Located_Outdoors, Texting/Browsing_Phone,annotator,Behavioral Parameters,2022-03-08 07:45:40,2022-03-08 07:46:04
2022-03-08 17:10:10,2022-03-08 17:14:06,Carrying_Bag_On_Shoulder/Back_Light, Located_Outdoors,annotator,Behavioral Parameters,2022-03-08 07:46:06,2022-03-08 07:50:02
2022-03-08 17:14:10,2022-03-08 17:16:43,Carrying_Bag_On_Shoulder/Back_Light, Located_Outdoors,annotator,Behavioral Parameters,2022-03-08 07:50:06,2022-03-08 07:52:39
2022-03-08 17:16:44,2022-03-08 17:17:00,Carrying_Bag_On_Shoulder/Back_Light, Located_Indoors,annotator,Behavioral Parameters,2022-03-08 07:52:40,2022-03-08 07:52:56
2022-03-08 17:17:20,2022-03-08 17:24:25,Carrying_Bag_On_Shoulder/Back_Light, Located_Indoors, Texting/Browsing_Phone,annotator,Behavioral Parameters,2022-03-08 07:53:16,2022-03-08 08:00:21
2022-03-08 17:24:50,2022-03-08 17:25:11,Carrying_Bag_On_Shoulder/Back_Light, Located_Indoors, Texting/Browsing_Phone, In_Conversation,annotator,Behavioral Parameters,2022-03-08 08:00:46,2022-03-08 08:01:07
2022-03-08 17:25:11,2022-03-08 17:25:11,Carrying_Bag_On_Shoulder/Back_Light, Located_Indoors, Texting/Browsing_Phone, In_Conversation,annotator,Behavioral Parameters,2022-03-08 08:01:07,2022-03-08 08:01:07
2022-03-08 17:26:01,2022-03-08 17:27:13,Carrying_Bag_On_Shoulder/Back_Light, Located_Indoors, Texting/Browsing_Phone,annotator,Behavioral Parameters,2022-03-08 08:01:57,2022-03-08 08:03:09
2022-03-08 17:27:15,2022-03-08 17:27:41,Carrying_Bag_On_Shoulder/Back_Light, Located_Indoors,annotator,Behavioral Parameters,2022-03-08 08:03:11,2022-03-08 08:03:37
2022-03-08 17:27:52,2022-03-08 17:28:02,Carrying_Bag_On_Shoulder/Back_Light, Located_Indoors,annotator,Behavioral Parameters,2022-03-08 08:03:48,2022-03-08 08:03:58
2022-03-08 17:28:03,2022-03-08 17:28:49,Carrying_Bag_On_Shoulder/Back_Light, Located_Indoors, Holding_Other_Object_Light,annotator,Behavioral Parameters,2022-03-08 08:03:59,2022-03-08 08:04:45
2022-03-08 17:28:49,2022-03-08 17:28:57,Carrying_Bag_On_Shoulder/Back_Light, Located_Indoors, Holding_Other_Object_Light,annotator,Behavioral Parameters,2022-03-08 08:04:45,2022-03-08 08:04:53
2022-03-08 17:29:17,2022-03-08 17:29:19,Carrying_Bag_On_Shoulder/Back_Light, Located_Indoors, Holding_Other_Object_Light,annotator,Behavioral Parameters,2022-03-08 08:05:13,2022-03-08 08:05:15
2022-03-08 17:29:28,2022-03-08 17:29:29,Carrying_Bag_On_Shoulder/Back_Light, Located_Indoors, Holding_Other_Object_Light,annotator,Behavioral Parameters,2022-03-08 08:05:24,2022-03-08 08:05:25
2022-03-08 17:29:30,2022-03-08 17:29:40,Carrying_Bag_On_Shoulder/Back_Light, Located_Outdoors, Holding_Other_Object_Light,annotator,Behavioral Parameters,2022-03-08 08:05:26,2022-03-08 08:05:36
2022-03-08 17:29:42,2022-03-08 17:31:20,Carrying_Bag_On_Shoulder/Back_Light, Located_Outdoors,annotator,Behavioral Parameters,2022-03-08 08:05:38,2022-03-08 08:07:16
2022-03-08 17:31:22,2022-03-08 17:33:03,Carrying_Bag_On_Shoulder/Back_Light, Located_Outdoors,annotator,Behavioral Parameters,2022-03-08 08:07:18,2022-03-08 08:08:59
2022-03-08 17:33:04,2022-03-08 17:33:52,Carrying_Bag_On_Shoulder/Back_Light, Located_Outdoors, Holding_Other_Object_Light,annotator,Behavioral Parameters,2022-03-08 08:09:00,2022-03-08 08:09:48
2022-03-08 17:33:54,2022-03-08 17:34:44,Carrying_Bag_On_Shoulder/Back_Light, Located_Outdoors, Holding_Other_Object_Light,annotator,Behavioral Parameters,2022-03-08 08:09:50,2022-03-08 08:10:40
2022-03-08 17:34:46,2022-03-08 17:35:13,Carrying_Bag_On_Shoulder/Back_Light, Holding_Other_Object_Light, Located_Indoors,annotator,Behavioral Parameters,2022-03-08 08:10:42,2022-03-08 08:11:09
2022-03-08 17:35:14,2022-03-08 17:35:49,Carrying_Bag_On_Shoulder/Back_Light, Holding_Other_Object_Light, Located_Indoors,annotator,Behavioral Parameters,2022-03-08 08:11:10,2022-03-08 08:11:45
2022-03-08 17:35:52,2022-03-08 17:36:04,Carrying_Bag_On_Shoulder/Back_Light, Holding_Other_Object_Light, Located_Indoors,annotator,Behavioral Parameters,2022-03-08 08:11:48,2022-03-08 08:12:00
2022-03-08 17:36:08,2022-03-08 17:36:31,Located_Indoors,annotator,Behavioral Parameters,2022-03-08 08:12:04,2022-03-08 08:12:27
2022-03-08 17:36:34,2022-03-08 17:37:52,Located_Indoors,annotator,Behavioral Parameters,2022-03-08 08:12:30,2022-03-08 08:13:48
2022-03-08 17:38:08,2022-03-08 17:40:37,Texting/Browsing_Phone, Located_Indoors, Holding_Other_Object_Light,annotator,Behavioral Parameters,2022-03-08 08:14:04,2022-03-08 08:16:33
2022-03-08 17:40:39,2022-03-08 17:41:36,Texting/Browsing_Phone, Located_Indoors, Holding_Other_Object_Light,annotator,Behavioral Parameters,2022-03-08 08:16:35,2022-03-08 08:17:32
2022-03-08 17:41:36,2022-03-08 17:41:47,Texting/Browsing_Phone, Located_Indoors, Holding_Other_Object_Light,annotator,Behavioral Parameters,2022-03-08 08:17:32,2022-03-08 08:17:43
2022-03-08 17:41:50,2022-03-08 17:41:59,Located_Indoors,annotator,Behavioral Parameters,2022-03-08 08:17:46,2022-03-08 08:17:55
2022-03-08 17:42:01,2022-03-08 17:42:28,Located_Indoors,annotator,Behavioral Parameters,2022-03-08 08:17:57,2022-03-08 08:18:24
2022-03-08 17:42:30,2022-03-08 17:42:44,Located_Indoors, Holding_Other_Object_Light, Texting/Browsing_Phone,annotator,Behavioral Parameters,2022-03-08 08:18:26,2022-03-08 08:18:40
2022-03-08 17:42:44,2022-03-08 17:42:46,Located_Indoors, Holding_Other_Object_Light,annotator,Behavioral Parameters,2022-03-08 08:18:40,2022-03-08 08:18:42
2022-03-08 17:42:46,2022-03-08 17:43:13,Located_Indoors, Holding_Other_Object_Light, Texting/Browsing_Phone,annotator,Behavioral Parameters,2022-03-08 08:18:42,2022-03-08 08:19:09
2022-03-08 17:43:14,2022-03-08 17:43:40,Located_Indoors,annotator,Behavioral Parameters,2022-03-08 08:19:10,2022-03-08 08:19:36
2022-03-08 17:43:40,2022-03-08 17:43:55,Located_Indoors,annotator,Behavioral Parameters,2022-03-08 08:19:36,2022-03-08 08:19:51
2022-03-08 17:43:56,2022-03-08 17:44:09,Located_Indoors,annotator,Behavioral Parameters,2022-03-08 08:19:52,2022-03-08 08:20:05
2022-03-08 17:44:16,2022-03-08 17:44:44,Located_Indoors,annotator,Behavioral Parameters,2022-03-08 08:20:12,2022-03-08 08:20:40
2022-03-08 17:44:46,2022-03-08 17:45:27,Located_Indoors,annotator,Behavioral Parameters,2022-03-08 08:20:42,2022-03-08 08:21:23
2022-03-08 17:45:30,2022-03-08 17:45:37,Located_Indoors,annotator,Behavioral Parameters,2022-03-08 08:21:26,2022-03-08 08:21:33
2022-03-08 17:45:38,2022-03-08 17:46:51,Located_Indoors, Holding_Other_Object_Light,annotator,Behavioral Parameters,2022-03-08 08:21:34,2022-03-08 08:22:47
2022-03-08 17:46:55,2022-03-08 18:13:06,Located_Indoors, In_Conversation,annotator,Behavioral Parameters,2022-03-08 08:22:51,2022-03-08 08:49:02
2022-03-08 18:13:07,2022-03-08 18:13:51,Located_Indoors, In_Conversation,annotator,Behavioral Parameters,2022-03-08 08:49:03,2022-03-08 08:49:47
2022-03-08 18:13:52,2022-03-08 18:13:57,Located_Indoors, In_Conversation,annotator,Behavioral Parameters,2022-03-08 08:49:48,2022-03-08 08:49:53
2022-03-08 18:13:58,2022-03-08 18:15:38,Located_Indoors, In_Conversation, Holding_Other_Object_Light,annotator,Behavioral Parameters,2022-03-08 08:49:54,2022-03-08 08:51:34
2022-03-08 18:15:39,2022-03-08 18:15:48,Located_Indoors, In_Conversation, Holding_Other_Object_Light,annotator,Behavioral Parameters,2022-03-08 08:51:35,2022-03-08 08:51:44
2022-03-08 18:15:50,2022-03-08 18:19:12,Located_Indoors, In_Conversation, Holding_Other_Object_Light,annotator,Behavioral Parameters,2022-03-08 08:51:46,2022-03-08 08:55:08
2022-03-08 18:19:14,2022-03-08 18:19:27,Located_Indoors, In_Conversation, Holding_Other_Object_Light,annotator,Behavioral Parameters,2022-03-08 08:55:10,2022-03-08 08:55:23
2022-03-08 18:19:29,2022-03-08 18:20:31,Located_Indoors, In_Conversation,annotator,Behavioral Parameters,2022-03-08 08:55:25,2022-03-08 08:56:27
2022-03-08 18:20:35,2022-03-08 18:21:15,Located_Indoors, In_Conversation,annotator,Behavioral Parameters,2022-03-08 08:56:31,2022-03-08 08:57:11
2022-03-08 18:21:18,2022-03-08 18:23:20,Located_Indoors, In_Conversation,annotator,Behavioral Parameters,2022-03-08 08:57:14,2022-03-08 08:59:16
2022-03-08 18:23:21,2022-03-08 18:23:29,Located_Indoors, In_Conversation,annotator,Behavioral Parameters,2022-03-08 08:59:17,2022-03-08 08:59:25
2022-03-08 18:23:33,2022-03-08 18:23:43,Located_Indoors, Typing_Computer,annotator,Behavioral Parameters,2022-03-08 08:59:29,2022-03-08 08:59:39
2022-03-08 18:23:45,2022-03-08 18:25:39,Located_Indoors, Browsing_Computer,annotator,Behavioral Parameters,2022-03-08 08:59:41,2022-03-08 09:01:35
2022-03-08 18:25:43,2022-03-08 18:26:21,Located_Indoors,annotator,Behavioral Parameters,2022-03-08 09:01:39,2022-03-08 09:02:17
2022-03-08 18:26:27,2022-03-08 18:26:37,Located_Indoors,annotator,Behavioral Parameters,2022-03-08 09:02:23,2022-03-08 09:02:33
2022-03-08 18:26:39,2022-03-08 18:26:59,Located_Indoors,annotator,Behavioral Parameters,2022-03-08 09:02:35,2022-03-08 09:02:55
2022-03-08 18:27:02,2022-03-08 18:27:24,Located_Indoors,annotator,Behavioral Parameters,2022-03-08 09:02:58,2022-03-08 09:03:20
2022-03-08 18:27:25,2022-03-08 18:27:35,Located_Indoors,annotator,Behavioral Parameters,2022-03-08 09:03:21,2022-03-08 09:03:31
2022-03-08 18:27:36,2022-03-08 18:27:57,Located_Indoors, Holding_Drink,annotator,Behavioral Parameters,2022-03-08 09:03:32,2022-03-08 09:03:53
2022-03-08 18:27:59,2022-03-08 18:28:16,Located_Indoors, Browsing_Computer,annotator,Behavioral Parameters,2022-03-08 09:03:55,2022-03-08 09:04:12
2022-03-08 18:28:18,2022-03-08 18:29:59,Located_Indoors,annotator,Behavioral Parameters,2022-03-08 09:04:14,2022-03-08 09:05:55
2022-03-08 18:30:00,2022-03-08 18:30:22,Located_Indoors, Holding_Drink,annotator,Behavioral Parameters,2022-03-08 09:05:56,2022-03-08 09:06:18
2022-03-08 18:30:24,2022-03-08 18:32:48,Located_Indoors, Holding_Drink,annotator,Behavioral Parameters,2022-03-08 09:06:20,2022-03-08 09:08:44
2022-03-08 18:32:50,2022-03-08 18:36:17,Located_Indoors,annotator,Behavioral Parameters,2022-03-08 09:08:46,2022-03-08 09:12:13
2022-03-08 18:36:19,2022-03-08 18:36:39,Located_Indoors,annotator,Behavioral Parameters,2022-03-08 09:12:15,2022-03-08 09:12:35
2022-03-08 18:36:40,2022-03-08 18:37:32,Located_Indoors, Holding_Other_Object_Light,annotator,Behavioral Parameters,2022-03-08 09:12:36,2022-03-08 09:13:28
2022-03-08 18:37:34,2022-03-08 18:37:54,Located_Indoors, Holding_Other_Object_Light,annotator,Behavioral Parameters,2022-03-08 09:13:30,2022-03-08 09:13:50
2022-03-08 18:37:56,2022-03-08 18:38:38,Located_Indoors, Holding_Other_Object_Light,annotator,Behavioral Parameters,2022-03-08 09:13:52,2022-03-08 09:14:34
2022-03-08 18:38:39,2022-03-08 18:40:03,Located_Indoors, Holding_Other_Object_Light, Holding_Solid_Food,annotator,Behavioral Parameters,2022-03-08 09:14:35,2022-03-08 09:15:59
2022-03-08 18:40:04,2022-03-08 18:40:33,Located_Indoors, Holding_Other_Object_Light,annotator,Behavioral Parameters,2022-03-08 09:16:00,2022-03-08 09:16:29
2022-03-08 18:40:35,2022-03-08 18:41:10,Located_Indoors, Holding_Other_Object_Light, Holding_Solid_Food,annotator,Behavioral Parameters,2022-03-08 09:16:31,2022-03-08 09:17:06
2022-03-08 18:41:12,2022-03-08 18:42:45,Located_Indoors, Holding_Other_Object_Light, Holding_Solid_Food,annotator,Behavioral Parameters,2022-03-08 09:17:08,2022-03-08 09:18:41
2022-03-08 18:42:46,2022-03-08 18:44:40,Located_Indoors, Holding_Solid_Food,annotator,Behavioral Parameters,2022-03-08 09:18:42,2022-03-08 09:20:36
2022-03-08 18:44:43,2022-03-08 18:44:53,Located_Indoors, Holding_Solid_Food,annotator,Behavioral Parameters,2022-03-08 09:20:39,2022-03-08 09:20:49
2022-03-08 18:44:55,2022-03-08 18:45:05,Located_Indoors, Holding_Solid_Food,annotator,Behavioral Parameters,2022-03-08 09:20:51,2022-03-08 09:21:01
2022-03-08 18:45:07,2022-03-08 18:45:11,Located_Indoors,annotator,Behavioral Parameters,2022-03-08 09:21:03,2022-03-08 09:21:07
2022-03-08 18:45:13,2022-03-08 18:45:54,Located_Indoors,annotator,Behavioral Parameters,2022-03-08 09:21:09,2022-03-08 09:21:50
2022-03-08 18:45:54,2022-03-08 18:46:07,Located_Indoors, Holding_Drink,annotator,Behavioral Parameters,2022-03-08 09:21:50,2022-03-08 09:22:03
2022-03-08 18:46:09,2022-03-08 18:46:20,Located_Indoors,annotator,Behavioral Parameters,2022-03-08 09:22:05,2022-03-08 09:22:16
2022-03-08 18:46:20,2022-03-08 18:46:25,Located_Indoors,annotator,Behavioral Parameters,2022-03-08 09:22:16,2022-03-08 09:22:21
2022-03-08 18:46:27,2022-03-08 18:47:01,Located_Indoors, Browsing_Computer,annotator,Behavioral Parameters,2022-03-08 09:22:23,2022-03-08 09:22:57
2022-03-08 18:47:02,2022-03-08 18:47:10,Located_Indoors,annotator,Behavioral Parameters,2022-03-08 09:22:58,2022-03-08 09:23:06
2022-03-08 18:47:11,2022-03-08 18:50:57,Located_Indoors,annotator,Behavioral Parameters,2022-03-08 09:23:07,2022-03-08 09:26:53
2022-03-08 18:50:57,2022-03-08 18:51:24,Located_Indoors,annotator,Behavioral Parameters,2022-03-08 09:26:53,2022-03-08 09:27:20
2022-03-08 18:51:28,2022-03-08 18:55:06,Located_Indoors,annotator,Behavioral Parameters,2022-03-08 09:27:24,2022-03-08 09:31:02
2022-03-08 18:55:08,2022-03-08 18:55:29,Located_Indoors,annotator,Behavioral Parameters,2022-03-08 09:31:04,2022-03-08 09:31:25
2022-03-08 18:55:31,2022-03-08 18:58:10,Located_Indoors,annotator,Behavioral Parameters,2022-03-08 09:31:27,2022-03-08 09:34:06
2022-03-08 18:58:11,2022-03-08 19:00:07,Located_Indoors,annotator,Behavioral Parameters,2022-03-08 09:34:07,2022-03-08 09:36:03
2022-03-08 19:00:08,2022-03-08 19:00:15,Located_Indoors,annotator,Behavioral Parameters,2022-03-08 09:36:04,2022-03-08 09:36:11
2022-03-08 19:00:24,2022-03-08 19:10:40,Located_Indoors, Holding_Other_Object_Light, Holding_Solid_Food,annotator,Behavioral Parameters,2022-03-08 09:36:20,2022-03-08 09:46:36
2022-03-08 19:10:42,2022-03-08 19:11:11,Located_Indoors, Holding_Other_Object_Light, Holding_Solid_Food,annotator,Behavioral Parameters,2022-03-08 09:46:38,2022-03-08 09:47:07
2022-03-08 19:11:11,2022-03-08 19:11:29,Located_Indoors, Holding_Other_Object_Light, Holding_Drink,annotator,Behavioral Parameters,2022-03-08 09:47:07,2022-03-08 09:47:25
2022-03-08 19:11:32,2022-03-08 19:11:38,Located_Indoors, Holding_Other_Object_Light, Holding_Drink,annotator,Behavioral Parameters,2022-03-08 09:47:28,2022-03-08 09:47:34
2022-03-08 19:11:39,2022-03-08 19:11:42,Located_Indoors, Holding_Other_Object_Light, Holding_Drink,annotator,Behavioral Parameters,2022-03-08 09:47:35,2022-03-08 09:47:38
2022-03-08 19:11:44,2022-03-08 19:12:28,Located_Indoors,annotator,Behavioral Parameters,2022-03-08 09:47:40,2022-03-08 09:48:24
2022-03-08 19:12:28,2022-03-08 19:12:43,Located_Indoors, Holding_Drink,annotator,Behavioral Parameters,2022-03-08 09:48:24,2022-03-08 09:48:39
2022-03-08 19:12:44,2022-03-08 19:13:14,Located_Indoors,annotator,Behavioral Parameters,2022-03-08 09:48:40,2022-03-08 09:49:10
2022-03-08 19:13:32,2022-03-08 19:17:04,Located_Indoors, Holding_Solid_Food,annotator,Behavioral Parameters,2022-03-08 09:49:28,2022-03-08 09:53:00
2022-03-08 19:17:05,2022-03-08 19:17:15,Located_Indoors, Holding_Drink,annotator,Behavioral Parameters,2022-03-08 09:53:01,2022-03-08 09:53:11
2022-03-08 19:17:17,2022-03-08 19:21:30,Located_Indoors, Holding_Solid_Food,annotator,Behavioral Parameters,2022-03-08 09:53:13,2022-03-08 09:57:26
2022-03-08 19:21:37,2022-03-08 19:22:34,Located_Indoors,annotator,Behavioral Parameters,2022-03-08 09:57:33,2022-03-08 09:58:30
2022-03-08 19:22:41,2022-03-08 19:25:06,Located_Indoors, Holding_Solid_Food,annotator,Behavioral Parameters,2022-03-08 09:58:37,2022-03-08 10:01:02
2022-03-08 19:25:09,2022-03-08 19:28:29,Located_Indoors,annotator,Behavioral Parameters,2022-03-08 10:01:05,2022-03-08 10:04:25
2022-03-08 19:28:30,2022-03-08 19:30:49,Located_Indoors, Holding_Solid_Food,annotator,Behavioral Parameters,2022-03-08 10:04:26,2022-03-08 10:06:45
2022-03-08 19:30:50,2022-03-08 19:37:50,Located_Indoors,annotator,Behavioral Parameters,2022-03-08 10:06:46,2022-03-08 10:13:46
2022-03-08 19:37:52,2022-03-08 19:40:24,Located_Indoors,annotator,Behavioral Parameters,2022-03-08 10:13:48,2022-03-08 10:16:20
2022-03-08 19:40:24,2022-03-08 19:41:35,Located_Indoors, Holding_Solid_Food, In_Conversation,annotator,Behavioral Parameters,2022-03-08 10:16:20,2022-03-08 10:17:31
2022-03-08 19:41:35,2022-03-08 19:45:03,Located_Indoors,annotator,Behavioral Parameters,2022-03-08 10:17:31,2022-03-08 10:20:59
2022-03-08 19:45:03,2022-03-08 19:45:28,Located_Indoors, Holding_Other_Object_Light, Texting/Browsing_Phone,annotator,Behavioral Parameters,2022-03-08 10:20:59,2022-03-08 10:21:24
2022-03-08 19:45:28,2022-03-08 19:54:43,Located_Indoors,annotator,Behavioral Parameters,2022-03-08 10:21:24,2022-03-08 10:30:39
2022-03-08 19:54:43,2022-03-08 20:40:54,BP_VideoUnavailable/Indecipherable,annotator,Behavioral Parameters,2022-03-08 10:30:39,2022-03-08 11:16:50
2022-03-08 20:41:06,2022-03-08 20:41:19,Located_Indoors,annotator,Behavioral Parameters,2022-03-08 11:17:02,2022-03-08 11:17:15
2022-03-08 20:41:19,2022-03-08 20:41:56,BP_VideoUnavailable/Indecipherable,annotator,Behavioral Parameters,2022-03-08 11:17:15,2022-03-08 11:17:52
2022-03-08 20:41:56,2022-03-08 20:42:50,Located_Indoors, Holding_Other_Object_Light, Texting/Browsing_Phone,annotator,Behavioral Parameters,2022-03-08 11:17:52,2022-03-08 11:18:46
2022-03-08 20:42:50,2022-03-08 20:43:07,Located_Indoors, In_Conversation,annotator,Behavioral Parameters,2022-03-08 11:18:46,2022-03-08 11:19:03
2022-03-08 20:43:21,2022-03-08 21:20:02,Located_Indoors, Holding_Other_Object_Light, Texting/Browsing_Phone,annotator,Behavioral Parameters,2022-03-08 11:19:17,2022-03-08 11:55:58
2022-03-08 21:20:02,2022-03-08 21:20:48,Located_Indoors,annotator,Behavioral Parameters,2022-03-08 11:55:58,2022-03-08 11:56:44
2022-03-08 21:20:48,2022-03-08 21:22:40,Located_Indoors, Holding_Other_Object_Light, Texting/Browsing_Phone, Legs_Crossed,annotator,Behavioral Parameters,2022-03-08 11:56:44,2022-03-08 11:58:36
2022-03-08 21:22:40,2022-03-08 21:23:10,Located_Indoors, Browsing_Computer,annotator,Behavioral Parameters,2022-03-08 11:58:36,2022-03-08 11:59:06
2022-03-08 21:23:10,2022-03-08 21:24:09,Located_Indoors, Holding_Other_Object_Light, Texting/Browsing_Phone,annotator,Behavioral Parameters,2022-03-08 11:59:06,2022-03-08 12:00:05
2022-03-08 21:24:12,2022-03-08 21:34:19,Located_Indoors, Browsing_Computer,annotator,Behavioral Parameters,2022-03-08 12:00:08,2022-03-08 12:10:15
2022-03-08 21:34:22,2022-03-08 21:34:41,Located_Indoors,annotator,Behavioral Parameters,2022-03-08 12:10:18,2022-03-08 12:10:37
2022-03-08 21:34:41,2022-03-08 21:35:08,Located_Indoors, Holding_Drink,annotator,Behavioral Parameters,2022-03-08 12:10:37,2022-03-08 12:11:04
2022-03-08 21:35:08,2022-03-08 21:35:15,Located_Indoors,annotator,Behavioral Parameters,2022-03-08 12:11:04,2022-03-08 12:11:11
2022-03-08 21:35:15,2022-03-08 21:36:11,Located_Indoors, Browsing_Computer,annotator,Behavioral Parameters,2022-03-08 12:11:11,2022-03-08 12:12:07
2022-03-08 21:36:27,2022-03-08 21:37:56,Located_Indoors, Handwriting,annotator,Behavioral Parameters,2022-03-08 12:12:23,2022-03-08 12:13:52
2022-03-08 21:37:59,2022-03-08 21:38:30,Located_Indoors,annotator,Behavioral Parameters,2022-03-08 12:13:55,2022-03-08 12:14:26
2022-03-08 21:38:30,2022-03-08 21:44:14,Located_Indoors, Holding_Other_Object_Light, Texting/Browsing_Phone,annotator,Behavioral Parameters,2022-03-08 12:14:26,2022-03-08 12:20:10
2022-03-08 21:44:14,2022-03-08 21:53:01,Located_Indoors, Holding_Other_Object_Light, Handwriting,annotator,Behavioral Parameters,2022-03-08 12:20:10,2022-03-08 12:28:57
2022-03-08 21:53:01,2022-03-08 21:53:55,Located_Indoors, Holding_Other_Object_Light, Browsing_Computer,annotator,Behavioral Parameters,2022-03-08 12:28:57,2022-03-08 12:29:51
2022-03-08 21:53:55,2022-03-08 21:54:45,Located_Indoors, Holding_Other_Object_Light, Handwriting,annotator,Behavioral Parameters,2022-03-08 12:29:51,2022-03-08 12:30:41
2022-03-08 21:54:45,2022-03-08 21:55:22,Located_Indoors, Holding_Other_Object_Light, Texting/Browsing_Phone,annotator,Behavioral Parameters,2022-03-08 12:30:41,2022-03-08 12:31:18
2022-03-08 21:55:22,2022-03-08 22:05:42,Located_Indoors, Handwriting,annotator,Behavioral Parameters,2022-03-08 12:31:18,2022-03-08 12:41:38
2022-03-08 22:05:42,2022-03-08 22:05:57,Located_Indoors, Browsing_Computer,annotator,Behavioral Parameters,2022-03-08 12:41:38,2022-03-08 12:41:53
2022-03-08 22:05:57,2022-03-08 22:06:06,Located_Indoors, Holding_Other_Object_Light, Texting/Browsing_Phone,annotator,Behavioral Parameters,2022-03-08 12:41:53,2022-03-08 12:42:02
2022-03-08 22:06:06,2022-03-08 22:09:32,Located_Indoors, Browsing_Computer,annotator,Behavioral Parameters,2022-03-08 12:42:02,2022-03-08 12:45:28
2022-03-08 22:09:32,2022-03-08 22:09:53,Located_Indoors, Holding_Other_Object_Light, Handwriting,annotator,Behavioral Parameters,2022-03-08 12:45:28,2022-03-08 12:45:49
2022-03-08 22:09:58,2022-03-08 22:13:34,Located_Indoors, Holding_Other_Object_Light, Texting/Browsing_Phone,annotator,Behavioral Parameters,2022-03-08 12:45:54,2022-03-08 12:49:30
2022-03-08 22:13:34,2022-03-08 22:13:40,Located_Indoors, Browsing_Computer,annotator,Behavioral Parameters,2022-03-08 12:49:30,2022-03-08 12:49:36
2022-03-08 22:13:53,2022-03-08 22:19:32,Located_Indoors, Holding_Other_Object_Light, Handwriting,annotator,Behavioral Parameters,2022-03-08 12:49:49,2022-03-08 12:55:28
2022-03-08 22:19:32,2022-03-08 22:20:37,Located_Indoors, Holding_Other_Object_Light, Texting/Browsing_Phone,annotator,Behavioral Parameters,2022-03-08 12:55:28,2022-03-08 12:56:33
2022-03-08 22:20:37,2022-03-08 22:21:50,Located_Indoors, Browsing_Computer,annotator,Behavioral Parameters,2022-03-08 12:56:33,2022-03-08 12:57:46
2022-03-08 22:21:50,2022-03-08 22:23:58,Located_Indoors, Holding_Other_Object_Light, Handwriting,annotator,Behavioral Parameters,2022-03-08 12:57:46,2022-03-08 12:59:54
2022-03-08 22:23:58,2022-03-08 22:25:51,Located_Indoors, Browsing_Computer,annotator,Behavioral Parameters,2022-03-08 12:59:54,2022-03-08 13:01:47
2022-03-08 22:25:51,2022-03-08 22:27:52,Located_Indoors, Handwriting,annotator,Behavioral Parameters,2022-03-08 13:01:47,2022-03-08 13:03:48
2022-03-08 22:27:52,2022-03-08 22:28:25,Located_Indoors, Browsing_Computer,annotator,Behavioral Parameters,2022-03-08 13:03:48,2022-03-08 13:04:21
2022-03-08 22:28:25,2022-03-08 22:47:54,Located_Indoors, Holding_Other_Object_Light, Handwriting,annotator,Behavioral Parameters,2022-03-08 13:04:21,2022-03-08 13:23:50
2022-03-08 22:47:54,2022-03-08 22:53:55,Located_Indoors, Holding_Other_Object_Light, Texting/Browsing_Phone,annotator,Behavioral Parameters,2022-03-08 13:23:50,2022-03-08 13:29:51
2022-03-08 22:53:55,2022-03-08 22:54:11,Located_Indoors, Browsing_Computer,annotator,Behavioral Parameters,2022-03-08 13:29:51,2022-03-08 13:30:07
2022-03-08 22:54:11,2022-03-08 22:55:53,Located_Indoors, Handwriting,annotator,Behavioral Parameters,2022-03-08 13:30:07,2022-03-08 13:31:49
2022-03-08 22:55:53,2022-03-08 22:56:12,Located_Indoors, Browsing_Computer,annotator,Behavioral Parameters,2022-03-08 13:31:49,2022-03-08 13:32:08
2022-03-08 22:56:12,2022-03-08 22:57:14,Located_Indoors,annotator,Behavioral Parameters,2022-03-08 13:32:08,2022-03-08 13:33:10
2022-03-08 22:57:14,2022-03-08 22:57:52,Located_Indoors, Browsing_Computer,annotator,Behavioral Parameters,2022-03-08 13:33:10,2022-03-08 13:33:48
2022-03-08 22:57:53,2022-03-08 23:02:01,Located_Indoors, Handwriting,annotator,Behavioral Parameters,2022-03-08 13:33:49,2022-03-08 13:37:57
2022-03-08 23:02:01,2022-03-08 23:03:15,Located_Indoors, Browsing_Computer,annotator,Behavioral Parameters,2022-03-08 13:37:57,2022-03-08 13:39:11
2022-03-08 23:03:15,2022-03-08 23:03:37,Located_Indoors, Holding_Other_Object_Light, Texting/Browsing_Phone,annotator,Behavioral Parameters,2022-03-08 13:39:11,2022-03-08 13:39:33
2022-03-08 23:03:37,2022-03-08 23:11:58,Located_Indoors,annotator,Behavioral Parameters,2022-03-08 13:39:33,2022-03-08 13:47:54
2022-03-08 23:12:02,2022-03-08 23:12:39,Located_Indoors,annotator,Behavioral Parameters,2022-03-08 13:47:58,2022-03-08 13:48:35
2022-03-08 23:12:39,2022-03-08 23:12:46,Located_Indoors,annotator,Behavioral Parameters,2022-03-08 13:48:35,2022-03-08 13:48:42
2022-03-08 23:12:46,2022-03-08 23:13:00,Located_Indoors, Holding_Drink,annotator,Behavioral Parameters,2022-03-08 13:48:42,2022-03-08 13:48:56
2022-03-08 23:13:00,2022-03-08 23:13:23,Located_Indoors,annotator,Behavioral Parameters,2022-03-08 13:48:56,2022-03-08 13:49:19
2022-03-08 23:13:23,2022-03-08 23:34:52,Located_Indoors,annotator,Behavioral Parameters,2022-03-08 13:49:19,2022-03-08 14:10:48
2022-03-08 23:34:52,2022-03-08 23:35:17,Located_Indoors, Browsing_Computer,annotator,Behavioral Parameters,2022-03-08 14:10:48,2022-03-08 14:11:13
2022-03-08 23:35:17,2022-03-08 23:35:30,Located_Indoors, Holding_Other_Object_Light, Texting/Browsing_Phone,annotator,Behavioral Parameters,2022-03-08 14:11:13,2022-03-08 14:11:26
2022-03-08 23:35:30,2022-03-08 23:35:41,Located_Indoors, Browsing_Computer,annotator,Behavioral Parameters,2022-03-08 14:11:26,2022-03-08 14:11:37
2022-03-08 23:35:41,2022-03-08 23:38:10,Located_Indoors, Holding_Other_Object_Light, Handwriting,annotator,Behavioral Parameters,2022-03-08 14:11:37,2022-03-08 14:14:06
2022-03-08 23:38:10,2022-03-08 23:39:20,Located_Indoors, Holding_Other_Object_Light, Texting/Browsing_Phone,annotator,Behavioral Parameters,2022-03-08 14:14:06,2022-03-08 14:15:16
2022-03-08 23:39:20,2022-03-08 23:43:38,Located_Indoors, Holding_Other_Object_Light, Handwriting,annotator,Behavioral Parameters,2022-03-08 14:15:16,2022-03-08 14:19:34
2022-03-08 23:43:38,2022-03-08 23:44:21,Located_Indoors, Holding_Other_Object_Light, Texting/Browsing_Phone,annotator,Behavioral Parameters,2022-03-08 14:19:34,2022-03-08 14:20:17
2022-03-08 23:44:21,2022-03-08 23:45:24,Located_Indoors, Browsing_Computer,annotator,Behavioral Parameters,2022-03-08 14:20:17,2022-03-08 14:21:20
2022-03-08 23:45:24,2022-03-08 23:47:43,Located_Indoors, Holding_Other_Object_Light, Texting/Browsing_Phone,annotator,Behavioral Parameters,2022-03-08 14:21:20,2022-03-08 14:23:39
2022-03-08 23:47:43,2022-03-08 23:50:02,Located_Indoors, Holding_Other_Object_Light, Handwriting,annotator,Behavioral Parameters,2022-03-08 14:23:39,2022-03-08 14:25:58
2022-03-08 23:50:02,2022-03-08 23:52:07,Located_Indoors,annotator,Behavioral Parameters,2022-03-08 14:25:58,2022-03-08 14:28:03
2022-03-08 23:52:07,2022-03-08 23:52:51,Located_Indoors, Handwriting,annotator,Behavioral Parameters,2022-03-08 14:28:03,2022-03-08 14:28:47
2022-03-08 23:52:51,2022-03-08 23:58:40,Located_Indoors,annotator,Behavioral Parameters,2022-03-08 14:28:47,2022-03-08 14:34:36
2022-03-08 23:58:40,2022-03-08 23:59:01,Located_Indoors, Holding_Other_Object_Light, Texting/Browsing_Phone,annotator,Behavioral Parameters,2022-03-08 14:34:36,2022-03-08 14:34:57
2022-03-08 23:59:01,2022-03-09 00:00:13,Located_Indoors,annotator,Behavioral Parameters,2022-03-08 14:34:57,2022-03-08 14:36:09
2022-03-09 00:00:13,2022-03-09 00:18:22,Located_Indoors,annotator,Behavioral Parameters,2022-03-08 14:36:09,2022-03-08 14:54:18
2022-03-09 00:18:22,2022-03-09 00:21:20,Located_Indoors, Holding_Other_Object_Light, Texting/Browsing_Phone,annotator,Behavioral Parameters,2022-03-08 14:54:18,2022-03-08 14:57:16
2022-03-09 00:21:20,2022-03-09 00:24:25,Located_Indoors,annotator,Behavioral Parameters,2022-03-08 14:57:16,2022-03-08 15:00:21
2022-03-09 00:24:25,2022-03-09 00:26:20,Located_Indoors, Browsing_Computer,annotator,Behavioral Parameters,2022-03-08 15:00:21,2022-03-08 15:02:16
2022-03-09 00:26:20,2022-03-09 00:27:27,Located_Indoors,annotator,Behavioral Parameters,2022-03-08 15:02:16,2022-03-08 15:03:23
2022-03-09 00:27:27,2022-03-09 00:28:15,Located_Indoors, Handwriting,annotator,Behavioral Parameters,2022-03-08 15:03:23,2022-03-08 15:04:11
2022-03-09 00:28:15,2022-03-09 00:30:56,Located_Indoors,annotator,Behavioral Parameters,2022-03-08 15:04:11,2022-03-08 15:06:52
2022-03-09 00:30:56,2022-03-09 00:35:05,Located_Indoors, Holding_Other_Object_Light,annotator,Behavioral Parameters,2022-03-08 15:06:52,2022-03-08 15:11:01
2022-03-09 00:35:05,2022-03-09 00:37:41,Located_Indoors, Holding_Other_Object_Light, Browsing_Computer,annotator,Behavioral Parameters,2022-03-08 15:11:01,2022-03-08 15:13:37
2022-03-09 00:37:41,2022-03-09 00:41:05,Located_Indoors,annotator,Behavioral Parameters,2022-03-08 15:13:37,2022-03-08 15:17:01
2022-03-09 00:41:05,2022-03-09 00:42:29,Located_Indoors, Browsing_Computer,annotator,Behavioral Parameters,2022-03-08 15:17:01,2022-03-08 15:18:25
2022-03-09 00:42:29,2022-03-09 00:42:59,Located_Indoors, Handwriting,annotator,Behavioral Parameters,2022-03-08 15:18:25,2022-03-08 15:18:55
2022-03-09 00:42:59,2022-03-09 00:48:53,Located_Indoors, Handwriting, Browsing_Computer,annotator,Behavioral Parameters,2022-03-08 15:18:55,2022-03-08 15:24:49
2022-03-09 00:48:53,2022-03-09 00:49:25,Located_Indoors,annotator,Behavioral Parameters,2022-03-08 15:24:49,2022-03-08 15:25:21
2022-03-09 00:49:25,2022-03-09 00:51:18,Located_Indoors,annotator,Behavioral Parameters,2022-03-08 15:25:21,2022-03-08 15:27:14
2022-03-09 00:51:18,2022-03-09 00:58:46,Located_Indoors,annotator,Behavioral Parameters,2022-03-08 15:27:14,2022-03-08 15:34:42
2022-03-09 00:58:46,2022-03-09 00:59:00,BP_VideoUnavailable/Indecipherable,annotator,Behavioral Parameters,2022-03-08 15:34:42,2022-03-08 15:34:56
2022-03-09 00:59:00,2022-03-09 01:02:36,Located_Indoors,annotator,Behavioral Parameters,2022-03-08 15:34:56,2022-03-08 15:38:32
2022-03-09 01:02:36,2022-03-09 01:03:19,Located_Indoors, Browsing_Computer,annotator,Behavioral Parameters,2022-03-08 15:38:32,2022-03-08 15:39:15
2022-03-09 01:03:20,2022-03-09 01:07:50,Located_Indoors, Browsing_Computer,annotator,Behavioral Parameters,2022-03-08 15:39:16,2022-03-08 15:43:46
2022-03-09 01:07:58,2022-03-09 01:14:33,Located_Indoors,annotator,Behavioral Parameters,2022-03-08 15:43:54,2022-03-08 15:50:29
2022-03-09 01:15:16,2022-03-09 01:15:32,Located_Indoors, Browsing_Computer,annotator,Behavioral Parameters,2022-03-08 15:51:12,2022-03-08 15:51:28
2022-03-09 01:15:33,2022-03-09 01:17:23,Located_Indoors,annotator,Behavioral Parameters,2022-03-08 15:51:29,2022-03-08 15:53:19
2022-03-09 01:17:24,2022-03-09 01:17:34,Located_Indoors, Texting/Browsing_Phone,annotator,Behavioral Parameters,2022-03-08 15:53:20,2022-03-08 15:53:30
2022-03-09 01:18:22,2022-03-09 01:19:39,Located_Indoors,annotator,Behavioral Parameters,2022-03-08 15:54:18,2022-03-08 15:55:35
2022-03-09 01:19:46,2022-03-09 01:23:42,Located_Indoors,annotator,Behavioral Parameters,2022-03-08 15:55:42,2022-03-08 15:59:38
2022-03-09 01:24:02,2022-03-09 01:27:17,Located_Indoors,annotator,Behavioral Parameters,2022-03-08 15:59:58,2022-03-08 16:03:13
2022-03-09 01:27:56,2022-03-09 01:31:04,Located_Indoors,annotator,Behavioral Parameters,2022-03-08 16:03:52,2022-03-08 16:07:00
2022-03-09 01:31:06,2022-03-09 01:32:22,Located_Indoors, Browsing_Computer,annotator,Behavioral Parameters,2022-03-08 16:07:02,2022-03-08 16:08:18
2022-03-09 01:32:24,2022-03-09 01:33:05,Located_Indoors,annotator,Behavioral Parameters,2022-03-08 16:08:20,2022-03-08 16:09:01
