START_TIME,STOP_TIME,PREDICTION,SOURCE,LABELSET,VIDEO_START_TIME,VIDEO_END_TIME
2022-06-06 09:28:55,2022-06-06 09:30:32,Free_Living,annotator,Experimental situation,2022-06-06 00:00:05,2022-06-06 00:01:42
2022-06-06 09:30:32,2022-06-06 09:31:07,Free_Living,annotator,Experimental situation,2022-06-06 00:01:42,2022-06-06 00:02:17
2022-06-06 09:31:07,2022-06-06 09:31:51,Free_Living,annotator,Experimental situation,2022-06-06 00:02:17,2022-06-06 00:03:01
2022-06-06 09:31:51,2022-06-06 09:32:15,Free_Living,annotator,Experimental situation,2022-06-06 00:03:01,2022-06-06 00:03:25
2022-06-06 09:32:15,2022-06-06 09:32:41,Free_Living,annotator,Experimental situation,2022-06-06 00:03:25,2022-06-06 00:03:51
2022-06-06 09:32:41,2022-06-06 09:33:38,Free_Living,annotator,Experimental situation,2022-06-06 00:03:51,2022-06-06 00:04:48
2022-06-06 09:33:38,2022-06-06 09:33:56,Free_Living,annotator,Experimental situation,2022-06-06 00:04:48,2022-06-06 00:05:06
2022-06-06 09:33:56,2022-06-06 09:47:33,Free_Living,annotator,Experimental situation,2022-06-06 00:05:06,2022-06-06 00:18:43
2022-06-06 09:47:33,2022-06-06 09:47:48,Free_Living,annotator,Experimental situation,2022-06-06 00:18:43,2022-06-06 00:18:58
2022-06-06 09:47:48,2022-06-06 09:48:06,Free_Living,annotator,Experimental situation,2022-06-06 00:18:58,2022-06-06 00:19:16
2022-06-06 09:48:07,2022-06-06 09:48:34,Free_Living,annotator,Experimental situation,2022-06-06 00:19:17,2022-06-06 00:19:44
2022-06-06 09:48:34,2022-06-06 09:50:14,Free_Living,annotator,Experimental situation,2022-06-06 00:19:44,2022-06-06 00:21:24
2022-06-06 09:50:14,2022-06-06 10:44:34,Free_Living,annotator,Experimental situation,2022-06-06 00:21:24,2022-06-06 01:15:44
2022-06-06 10:44:34,2022-06-06 10:45:39,Free_Living,annotator,Experimental situation,2022-06-06 01:15:44,2022-06-06 01:16:49
2022-06-06 10:45:39,2022-06-06 10:53:13,Free_Living,annotator,Experimental situation,2022-06-06 01:16:49,2022-06-06 01:24:23
2022-06-06 10:53:13,2022-06-06 10:54:15,Free_Living,annotator,Experimental situation,2022-06-06 01:24:23,2022-06-06 01:25:25
2022-06-06 10:54:15,2022-06-06 10:59:37,Free_Living,annotator,Experimental situation,2022-06-06 01:25:25,2022-06-06 01:30:47
2022-06-06 10:59:37,2022-06-06 11:00:00,Free_Living,annotator,Experimental situation,2022-06-06 01:30:47,2022-06-06 01:31:10
2022-06-06 11:00:00,2022-06-06 11:27:54,Free_Living,annotator,Experimental situation,2022-06-06 01:31:10,2022-06-06 01:59:04
2022-06-06 11:27:54,2022-06-06 11:28:14,Free_Living,annotator,Experimental situation,2022-06-06 01:59:04,2022-06-06 01:59:24
2022-06-06 11:28:14,2022-06-06 11:29:04,Free_Living,annotator,Experimental situation,2022-06-06 01:59:24,2022-06-06 02:00:14
2022-06-06 11:29:04,2022-06-06 11:29:28,Free_Living,annotator,Experimental situation,2022-06-06 02:00:14,2022-06-06 02:00:38
2022-06-06 11:29:28,2022-06-06 11:29:45,Free_Living,annotator,Experimental situation,2022-06-06 02:00:38,2022-06-06 02:00:55
2022-06-06 11:29:45,2022-06-06 11:30:29,Free_Living,annotator,Experimental situation,2022-06-06 02:00:55,2022-06-06 02:01:39
2022-06-06 11:30:29,2022-06-06 11:31:42,Free_Living,annotator,Experimental situation,2022-06-06 02:01:39,2022-06-06 02:02:52
2022-06-06 11:31:42,2022-06-06 11:34:15,Free_Living,annotator,Experimental situation,2022-06-06 02:02:52,2022-06-06 02:05:25
2022-06-06 11:34:15,2022-06-06 11:35:06,Free_Living,annotator,Experimental situation,2022-06-06 02:05:25,2022-06-06 02:06:16
2022-06-06 11:35:06,2022-06-06 11:36:49,Free_Living,annotator,Experimental situation,2022-06-06 02:06:16,2022-06-06 02:07:59
2022-06-06 11:36:49,2022-06-06 11:39:40,Free_Living,annotator,Experimental situation,2022-06-06 02:07:59,2022-06-06 02:10:50
2022-06-06 11:39:40,2022-06-06 11:40:01,Free_Living,annotator,Experimental situation,2022-06-06 02:10:50,2022-06-06 02:11:11
2022-06-06 11:40:01,2022-06-06 11:40:47,Free_Living,annotator,Experimental situation,2022-06-06 02:11:11,2022-06-06 02:11:57
2022-06-06 11:40:47,2022-06-06 11:41:01,Free_Living,annotator,Experimental situation,2022-06-06 02:11:57,2022-06-06 02:12:11
2022-06-06 11:41:01,2022-06-06 11:43:45,Free_Living,annotator,Experimental situation,2022-06-06 02:12:11,2022-06-06 02:14:55
2022-06-06 11:43:45,2022-06-06 11:44:57,Free_Living,annotator,Experimental situation,2022-06-06 02:14:55,2022-06-06 02:16:07
2022-06-06 11:44:57,2022-06-06 11:45:53,Free_Living,annotator,Experimental situation,2022-06-06 02:16:07,2022-06-06 02:17:03
2022-06-06 11:45:53,2022-06-06 11:46:08,Free_Living,annotator,Experimental situation,2022-06-06 02:17:03,2022-06-06 02:17:18
2022-06-06 11:46:08,2022-06-06 11:47:02,Free_Living,annotator,Experimental situation,2022-06-06 02:17:18,2022-06-06 02:18:12
2022-06-06 11:47:02,2022-06-06 11:47:21,Free_Living,annotator,Experimental situation,2022-06-06 02:18:12,2022-06-06 02:18:31
2022-06-06 11:47:21,2022-06-06 11:47:44,Free_Living,annotator,Experimental situation,2022-06-06 02:18:31,2022-06-06 02:18:54
2022-06-06 11:47:44,2022-06-06 11:48:03,Free_Living,annotator,Experimental situation,2022-06-06 02:18:54,2022-06-06 02:19:13
2022-06-06 11:48:03,2022-06-06 11:48:27,Free_Living,annotator,Experimental situation,2022-06-06 02:19:13,2022-06-06 02:19:37
2022-06-06 11:48:27,2022-06-06 11:48:59,Free_Living,annotator,Experimental situation,2022-06-06 02:19:37,2022-06-06 02:20:09
2022-06-06 11:48:59,2022-06-06 11:53:09,Free_Living,annotator,Experimental situation,2022-06-06 02:20:09,2022-06-06 02:24:19
2022-06-06 11:53:09,2022-06-06 11:53:58,Free_Living,annotator,Experimental situation,2022-06-06 02:24:19,2022-06-06 02:25:08
2022-06-06 11:53:58,2022-06-06 11:54:29,Free_Living,annotator,Experimental situation,2022-06-06 02:25:08,2022-06-06 02:25:39
2022-06-06 11:54:29,2022-06-06 12:06:28,Free_Living,annotator,Experimental situation,2022-06-06 02:25:39,2022-06-06 02:37:38
2022-06-06 12:06:28,2022-06-06 12:08:38,Free_Living,annotator,Experimental situation,2022-06-06 02:37:38,2022-06-06 02:39:48
2022-06-06 12:08:38,2022-06-06 12:18:16,Free_Living,annotator,Experimental situation,2022-06-06 02:39:48,2022-06-06 02:49:26
2022-06-06 12:18:16,2022-06-06 12:19:50,Free_Living,annotator,Experimental situation,2022-06-06 02:49:26,2022-06-06 02:51:00
2022-06-06 12:19:50,2022-06-06 12:20:23,Free_Living,annotator,Experimental situation,2022-06-06 02:51:00,2022-06-06 02:51:33
2022-06-06 12:20:23,2022-06-06 12:20:57,Free_Living,annotator,Experimental situation,2022-06-06 02:51:33,2022-06-06 02:52:07
2022-06-06 12:20:57,2022-06-06 12:21:56,Free_Living,annotator,Experimental situation,2022-06-06 02:52:07,2022-06-06 02:53:06
2022-06-06 12:21:56,2022-06-06 12:22:08,Free_Living,annotator,Experimental situation,2022-06-06 02:53:06,2022-06-06 02:53:18
2022-06-06 12:22:08,2022-06-06 12:22:24,Free_Living,annotator,Experimental situation,2022-06-06 02:53:18,2022-06-06 02:53:34
2022-06-06 12:22:24,2022-06-06 12:25:46,Free_Living,annotator,Experimental situation,2022-06-06 02:53:34,2022-06-06 02:56:56
2022-06-06 12:25:46,2022-06-06 12:26:25,Free_Living,annotator,Experimental situation,2022-06-06 02:56:56,2022-06-06 02:57:35
2022-06-06 12:26:25,2022-06-06 12:29:17,Free_Living,annotator,Experimental situation,2022-06-06 02:57:35,2022-06-06 03:00:27
2022-06-06 12:29:17,2022-06-06 12:30:34,Free_Living,annotator,Experimental situation,2022-06-06 03:00:27,2022-06-06 03:01:44
2022-06-06 12:30:34,2022-06-06 12:30:47,Free_Living,annotator,Experimental situation,2022-06-06 03:01:44,2022-06-06 03:01:57
2022-06-06 12:30:47,2022-06-06 12:32:52,Free_Living,annotator,Experimental situation,2022-06-06 03:01:57,2022-06-06 03:04:02
2022-06-06 12:32:52,2022-06-06 12:33:22,Free_Living,annotator,Experimental situation,2022-06-06 03:04:02,2022-06-06 03:04:32
2022-06-06 12:33:22,2022-06-06 12:34:26,Free_Living,annotator,Experimental situation,2022-06-06 03:04:32,2022-06-06 03:05:36
2022-06-06 12:34:26,2022-06-06 12:35:26,Free_Living,annotator,Experimental situation,2022-06-06 03:05:36,2022-06-06 03:06:36
2022-06-06 12:35:26,2022-06-06 12:38:26,Free_Living,annotator,Experimental situation,2022-06-06 03:06:36,2022-06-06 03:09:36
2022-06-06 12:38:26,2022-06-06 12:40:40,Free_Living,annotator,Experimental situation,2022-06-06 03:09:36,2022-06-06 03:11:50
2022-06-06 12:40:40,2022-06-06 12:43:03,Free_Living,annotator,Experimental situation,2022-06-06 03:11:50,2022-06-06 03:14:13
2022-06-06 12:43:03,2022-06-06 12:44:05,Free_Living,annotator,Experimental situation,2022-06-06 03:14:13,2022-06-06 03:15:15
2022-06-06 12:44:05,2022-06-06 12:51:22,Free_Living,annotator,Experimental situation,2022-06-06 03:15:15,2022-06-06 03:22:32
2022-06-06 12:51:22,2022-06-06 12:51:37,Free_Living,annotator,Experimental situation,2022-06-06 03:22:32,2022-06-06 03:22:47
2022-06-06 12:51:37,2022-06-06 12:52:34,Free_Living,annotator,Experimental situation,2022-06-06 03:22:47,2022-06-06 03:23:44
2022-06-06 12:52:34,2022-06-06 12:53:17,Free_Living,annotator,Experimental situation,2022-06-06 03:23:44,2022-06-06 03:24:27
2022-06-06 12:53:17,2022-06-06 12:55:06,Free_Living,annotator,Experimental situation,2022-06-06 03:24:27,2022-06-06 03:26:16
2022-06-06 12:55:06,2022-06-06 12:56:43,Free_Living,annotator,Experimental situation,2022-06-06 03:26:16,2022-06-06 03:27:53
2022-06-06 12:56:43,2022-06-06 12:57:48,Free_Living,annotator,Experimental situation,2022-06-06 03:27:53,2022-06-06 03:28:58
2022-06-06 12:57:48,2022-06-06 12:58:00,Free_Living,annotator,Experimental situation,2022-06-06 03:28:58,2022-06-06 03:29:10
2022-06-06 12:58:00,2022-06-06 13:00:09,Free_Living,annotator,Experimental situation,2022-06-06 03:29:10,2022-06-06 03:31:19
2022-06-06 13:00:09,2022-06-06 13:01:03,Free_Living,annotator,Experimental situation,2022-06-06 03:31:19,2022-06-06 03:32:13
2022-06-06 13:01:03,2022-06-06 13:02:04,Free_Living,annotator,Experimental situation,2022-06-06 03:32:13,2022-06-06 03:33:14
2022-06-06 13:02:04,2022-06-06 13:03:54,Free_Living,annotator,Experimental situation,2022-06-06 03:33:14,2022-06-06 03:35:04
2022-06-06 13:03:54,2022-06-06 13:06:47,Free_Living,annotator,Experimental situation,2022-06-06 03:35:04,2022-06-06 03:37:57
2022-06-06 13:06:47,2022-06-06 13:08:15,Free_Living,annotator,Experimental situation,2022-06-06 03:37:57,2022-06-06 03:39:25
2022-06-06 13:08:15,2022-06-06 13:08:43,Free_Living,annotator,Experimental situation,2022-06-06 03:39:25,2022-06-06 03:39:53
2022-06-06 13:08:43,2022-06-06 13:08:49,Free_Living,annotator,Experimental situation,2022-06-06 03:39:53,2022-06-06 03:39:59
2022-06-06 13:08:49,2022-06-06 13:15:09,Free_Living,annotator,Experimental situation,2022-06-06 03:39:59,2022-06-06 03:46:19
2022-06-06 13:15:09,2022-06-06 13:15:23,Free_Living,annotator,Experimental situation,2022-06-06 03:46:19,2022-06-06 03:46:33
2022-06-06 13:15:23,2022-06-06 13:18:47,Free_Living,annotator,Experimental situation,2022-06-06 03:46:33,2022-06-06 03:49:57
2022-06-06 13:18:47,2022-06-06 13:19:00,Free_Living,annotator,Experimental situation,2022-06-06 03:49:57,2022-06-06 03:50:10
2022-06-06 13:19:00,2022-06-06 13:19:28,Free_Living,annotator,Experimental situation,2022-06-06 03:50:10,2022-06-06 03:50:38
2022-06-06 13:19:28,2022-06-06 13:19:45,Free_Living,annotator,Experimental situation,2022-06-06 03:50:38,2022-06-06 03:50:55
2022-06-06 13:19:45,2022-06-06 13:22:17,Free_Living,annotator,Experimental situation,2022-06-06 03:50:55,2022-06-06 03:53:27
2022-06-06 13:22:17,2022-06-06 13:22:55,Free_Living,annotator,Experimental situation,2022-06-06 03:53:27,2022-06-06 03:54:05
2022-06-06 13:22:55,2022-06-06 13:23:12,Free_Living,annotator,Experimental situation,2022-06-06 03:54:05,2022-06-06 03:54:22
2022-06-06 13:23:12,2022-06-06 13:23:23,Free_Living,annotator,Experimental situation,2022-06-06 03:54:22,2022-06-06 03:54:33
2022-06-06 13:23:23,2022-06-06 13:25:04,Free_Living,annotator,Experimental situation,2022-06-06 03:54:33,2022-06-06 03:56:14
2022-06-06 13:25:04,2022-06-06 13:25:22,Free_Living,annotator,Experimental situation,2022-06-06 03:56:14,2022-06-06 03:56:32
2022-06-06 13:25:22,2022-06-06 13:28:31,Free_Living,annotator,Experimental situation,2022-06-06 03:56:32,2022-06-06 03:59:41
2022-06-06 13:28:31,2022-06-06 13:28:49,Free_Living,annotator,Experimental situation,2022-06-06 03:59:41,2022-06-06 03:59:59
2022-06-06 13:28:49,2022-06-06 13:29:06,Free_Living,annotator,Experimental situation,2022-06-06 03:59:59,2022-06-06 04:00:16
2022-06-06 13:29:06,2022-06-06 13:29:38,Free_Living,annotator,Experimental situation,2022-06-06 04:00:16,2022-06-06 04:00:48
2022-06-06 13:29:38,2022-06-06 13:30:15,Free_Living,annotator,Experimental situation,2022-06-06 04:00:48,2022-06-06 04:01:25
2022-06-06 13:30:15,2022-06-06 13:39:21,Free_Living,annotator,Experimental situation,2022-06-06 04:01:25,2022-06-06 04:10:31
2022-06-06 13:39:21,2022-06-06 13:39:48,Free_Living,annotator,Experimental situation,2022-06-06 04:10:31,2022-06-06 04:10:58
2022-06-06 13:39:48,2022-06-06 13:50:56,Free_Living,annotator,Experimental situation,2022-06-06 04:10:58,2022-06-06 04:22:06
2022-06-06 13:50:56,2022-06-06 13:51:12,Free_Living,annotator,Experimental situation,2022-06-06 04:22:06,2022-06-06 04:22:22
2022-06-06 13:51:12,2022-06-06 13:55:16,Free_Living,annotator,Experimental situation,2022-06-06 04:22:22,2022-06-06 04:26:26
2022-06-06 13:55:16,2022-06-06 13:55:27,Free_Living,annotator,Experimental situation,2022-06-06 04:26:26,2022-06-06 04:26:37
2022-06-06 13:55:27,2022-06-06 13:57:47,Free_Living,annotator,Experimental situation,2022-06-06 04:26:37,2022-06-06 04:28:57
2022-06-06 13:57:47,2022-06-06 13:57:54,Free_Living,annotator,Experimental situation,2022-06-06 04:28:57,2022-06-06 04:29:04
2022-06-06 13:57:54,2022-06-06 14:01:11,Free_Living,annotator,Experimental situation,2022-06-06 04:29:04,2022-06-06 04:32:21
2022-06-06 14:01:11,2022-06-06 15:11:00,Free_Living,annotator,Experimental situation,2022-06-06 04:32:21,2022-06-06 05:42:10
2022-06-06 15:11:00,2022-06-06 15:11:31,Free_Living,annotator,Experimental situation,2022-06-06 05:42:10,2022-06-06 05:42:41
2022-06-06 15:11:31,2022-06-06 15:12:05,Free_Living,annotator,Experimental situation,2022-06-06 05:42:41,2022-06-06 05:43:15
2022-06-06 15:12:05,2022-06-06 15:12:22,Free_Living,annotator,Experimental situation,2022-06-06 05:43:15,2022-06-06 05:43:32
2022-06-06 15:12:22,2022-06-06 15:12:39,Free_Living,annotator,Experimental situation,2022-06-06 05:43:32,2022-06-06 05:43:49
2022-06-06 15:12:39,2022-06-06 15:13:49,Free_Living,annotator,Experimental situation,2022-06-06 05:43:49,2022-06-06 05:44:59
2022-06-06 15:13:49,2022-06-06 15:14:02,Free_Living,annotator,Experimental situation,2022-06-06 05:44:59,2022-06-06 05:45:12
2022-06-06 15:14:02,2022-06-06 15:14:55,Free_Living,annotator,Experimental situation,2022-06-06 05:45:12,2022-06-06 05:46:05
2022-06-06 15:14:55,2022-06-06 15:15:07,Free_Living,annotator,Experimental situation,2022-06-06 05:46:05,2022-06-06 05:46:17
2022-06-06 15:15:07,2022-06-06 15:19:51,Free_Living,annotator,Experimental situation,2022-06-06 05:46:17,2022-06-06 05:51:01
2022-06-06 15:19:51,2022-06-06 15:20:04,Free_Living,annotator,Experimental situation,2022-06-06 05:51:01,2022-06-06 05:51:14
2022-06-06 15:20:04,2022-06-06 15:21:23,Free_Living,annotator,Experimental situation,2022-06-06 05:51:14,2022-06-06 05:52:33
2022-06-06 15:21:23,2022-06-06 15:22:04,Free_Living,annotator,Experimental situation,2022-06-06 05:52:33,2022-06-06 05:53:14
2022-06-06 15:22:04,2022-06-06 15:22:12,Free_Living,annotator,Experimental situation,2022-06-06 05:53:14,2022-06-06 05:53:22
2022-06-06 15:22:12,2022-06-06 15:22:29,Free_Living,annotator,Experimental situation,2022-06-06 05:53:22,2022-06-06 05:53:39
2022-06-06 15:22:29,2022-06-06 15:22:57,Free_Living,annotator,Experimental situation,2022-06-06 05:53:39,2022-06-06 05:54:07
2022-06-06 15:22:57,2022-06-06 15:23:13,Free_Living,annotator,Experimental situation,2022-06-06 05:54:07,2022-06-06 05:54:23
2022-06-06 15:23:13,2022-06-06 15:23:43,Free_Living,annotator,Experimental situation,2022-06-06 05:54:23,2022-06-06 05:54:53
2022-06-06 15:23:43,2022-06-06 15:23:58,Free_Living,annotator,Experimental situation,2022-06-06 05:54:53,2022-06-06 05:55:08
2022-06-06 15:23:58,2022-06-06 15:40:13,Free_Living,annotator,Experimental situation,2022-06-06 05:55:08,2022-06-06 06:11:23
2022-06-06 15:40:13,2022-06-06 15:40:57,Free_Living,annotator,Experimental situation,2022-06-06 06:11:23,2022-06-06 06:12:07
2022-06-06 15:40:57,2022-06-06 15:41:22,Free_Living,annotator,Experimental situation,2022-06-06 06:12:07,2022-06-06 06:12:32
2022-06-06 15:41:22,2022-06-06 15:42:33,Free_Living,annotator,Experimental situation,2022-06-06 06:12:32,2022-06-06 06:13:43
2022-06-06 15:42:33,2022-06-06 15:44:39,Free_Living,annotator,Experimental situation,2022-06-06 06:13:43,2022-06-06 06:15:49
2022-06-06 15:44:39,2022-06-06 15:45:15,Free_Living,annotator,Experimental situation,2022-06-06 06:15:49,2022-06-06 06:16:25
2022-06-06 15:45:19,2022-06-06 15:45:58,Free_Living,annotator,Experimental situation,2022-06-06 06:16:29,2022-06-06 06:17:08
2022-06-06 15:45:58,2022-06-06 15:47:06,Free_Living,annotator,Experimental situation,2022-06-06 06:17:08,2022-06-06 06:18:16
2022-06-06 15:47:06,2022-06-06 15:47:20,Free_Living,annotator,Experimental situation,2022-06-06 06:18:16,2022-06-06 06:18:30
2022-06-06 15:47:20,2022-06-06 15:47:29,Free_Living,annotator,Experimental situation,2022-06-06 06:18:30,2022-06-06 06:18:39
2022-06-06 15:47:31,2022-06-06 15:48:13,Free_Living,annotator,Experimental situation,2022-06-06 06:18:41,2022-06-06 06:19:23
2022-06-06 15:48:13,2022-06-06 15:55:02,Free_Living,annotator,Experimental situation,2022-06-06 06:19:23,2022-06-06 06:26:12
2022-06-06 15:55:02,2022-06-06 15:56:27,Free_Living,annotator,Experimental situation,2022-06-06 06:26:12,2022-06-06 06:27:37
2022-06-06 15:56:27,2022-06-06 16:02:54,Free_Living,annotator,Experimental situation,2022-06-06 06:27:37,2022-06-06 06:34:04
2022-06-06 16:02:54,2022-06-06 16:04:05,Free_Living,annotator,Experimental situation,2022-06-06 06:34:04,2022-06-06 06:35:15
2022-06-06 16:04:05,2022-06-06 16:04:15,Free_Living,annotator,Experimental situation,2022-06-06 06:35:15,2022-06-06 06:35:25
2022-06-06 16:04:15,2022-06-06 16:04:54,Free_Living,annotator,Experimental situation,2022-06-06 06:35:25,2022-06-06 06:36:04
2022-06-06 16:04:54,2022-06-06 16:11:59,Free_Living,annotator,Experimental situation,2022-06-06 06:36:04,2022-06-06 06:43:09
2022-06-06 16:11:59,2022-06-06 16:13:18,Free_Living,annotator,Experimental situation,2022-06-06 06:43:09,2022-06-06 06:44:28
2022-06-06 16:13:18,2022-06-06 16:22:47,Free_Living,annotator,Experimental situation,2022-06-06 06:44:28,2022-06-06 06:53:57
2022-06-06 16:22:47,2022-06-06 16:25:45,Free_Living,annotator,Experimental situation,2022-06-06 06:53:57,2022-06-06 06:56:55
2022-06-06 16:25:45,2022-06-06 16:28:08,Free_Living,annotator,Experimental situation,2022-06-06 06:56:55,2022-06-06 06:59:18
2022-06-06 16:28:08,2022-06-06 16:28:25,Free_Living,annotator,Experimental situation,2022-06-06 06:59:18,2022-06-06 06:59:35
2022-06-06 16:28:25,2022-06-06 16:29:57,Free_Living,annotator,Experimental situation,2022-06-06 06:59:35,2022-06-06 07:01:07
2022-06-06 16:29:57,2022-06-06 16:30:16,Free_Living,annotator,Experimental situation,2022-06-06 07:01:07,2022-06-06 07:01:26
2022-06-06 16:30:16,2022-06-06 16:30:36,Free_Living,annotator,Experimental situation,2022-06-06 07:01:26,2022-06-06 07:01:46
2022-06-06 16:30:36,2022-06-06 16:31:00,Free_Living,annotator,Experimental situation,2022-06-06 07:01:46,2022-06-06 07:02:10
2022-06-06 16:31:00,2022-06-06 16:31:40,Free_Living,annotator,Experimental situation,2022-06-06 07:02:10,2022-06-06 07:02:50
2022-06-06 16:31:40,2022-06-06 16:32:47,Free_Living,annotator,Experimental situation,2022-06-06 07:02:50,2022-06-06 07:03:57
2022-06-06 16:32:47,2022-06-06 18:16:05,Free_Living,annotator,Experimental situation,2022-06-06 07:03:57,2022-06-06 08:47:15
2022-06-06 18:16:05,2022-06-06 18:16:38,Free_Living,annotator,Experimental situation,2022-06-06 08:47:15,2022-06-06 08:47:48
2022-06-06 18:16:38,2022-06-06 18:16:48,Free_Living,annotator,Experimental situation,2022-06-06 08:47:48,2022-06-06 08:47:58
2022-06-06 18:16:48,2022-06-06 18:22:07,Free_Living,annotator,Experimental situation,2022-06-06 08:47:58,2022-06-06 08:53:17
2022-06-06 18:22:07,2022-06-06 18:23:50,Free_Living,annotator,Experimental situation,2022-06-06 08:53:17,2022-06-06 08:55:00
2022-06-06 18:23:50,2022-06-06 18:24:12,Free_Living,annotator,Experimental situation,2022-06-06 08:55:00,2022-06-06 08:55:22
2022-06-06 18:24:12,2022-06-06 18:25:14,Free_Living,annotator,Experimental situation,2022-06-06 08:55:22,2022-06-06 08:56:24
2022-06-06 18:25:14,2022-06-06 18:25:37,Free_Living,annotator,Experimental situation,2022-06-06 08:56:24,2022-06-06 08:56:47
2022-06-06 18:25:37,2022-06-06 18:26:25,Free_Living,annotator,Experimental situation,2022-06-06 08:56:47,2022-06-06 08:57:35
2022-06-06 18:26:25,2022-06-06 18:26:56,Free_Living,annotator,Experimental situation,2022-06-06 08:57:35,2022-06-06 08:58:06
2022-06-06 18:26:56,2022-06-06 18:27:24,Free_Living,annotator,Experimental situation,2022-06-06 08:58:06,2022-06-06 08:58:34
2022-06-06 18:27:24,2022-06-06 18:27:45,Free_Living,annotator,Experimental situation,2022-06-06 08:58:34,2022-06-06 08:58:55
2022-06-06 18:27:45,2022-06-06 18:29:42,Free_Living,annotator,Experimental situation,2022-06-06 08:58:55,2022-06-06 09:00:52
2022-06-06 18:29:42,2022-06-06 18:29:58,Free_Living,annotator,Experimental situation,2022-06-06 09:00:52,2022-06-06 09:01:08
2022-06-06 18:29:58,2022-06-06 18:35:35,Free_Living,annotator,Experimental situation,2022-06-06 09:01:08,2022-06-06 09:06:45
2022-06-06 18:35:35,2022-06-06 18:41:55,Free_Living,annotator,Experimental situation,2022-06-06 09:06:45,2022-06-06 09:13:05
2022-06-06 18:41:55,2022-06-06 18:43:38,Free_Living,annotator,Experimental situation,2022-06-06 09:13:05,2022-06-06 09:14:48
2022-06-06 18:43:38,2022-06-06 18:52:27,Free_Living,annotator,Experimental situation,2022-06-06 09:14:48,2022-06-06 09:23:37
2022-06-06 18:52:27,2022-06-06 18:56:28,Free_Living,annotator,Experimental situation,2022-06-06 09:23:37,2022-06-06 09:27:38
2022-06-06 18:56:28,2022-06-06 19:09:12,Free_Living,annotator,Experimental situation,2022-06-06 09:27:38,2022-06-06 09:40:22
2022-06-06 19:09:12,2022-06-06 19:10:23,Free_Living,annotator,Experimental situation,2022-06-06 09:40:22,2022-06-06 09:41:33
2022-06-06 19:10:23,2022-06-06 19:21:08,Free_Living,annotator,Experimental situation,2022-06-06 09:41:33,2022-06-06 09:52:18
2022-06-06 19:21:08,2022-06-06 19:22:33,Free_Living,annotator,Experimental situation,2022-06-06 09:52:18,2022-06-06 09:53:43
2022-06-06 19:22:33,2022-06-06 19:30:03,Free_Living,annotator,Experimental situation,2022-06-06 09:53:43,2022-06-06 10:01:13
2022-06-06 19:30:03,2022-06-06 19:30:28,Free_Living,annotator,Experimental situation,2022-06-06 10:01:13,2022-06-06 10:01:38
2022-06-06 19:30:28,2022-06-06 19:31:05,Free_Living,annotator,Experimental situation,2022-06-06 10:01:38,2022-06-06 10:02:15
2022-06-06 19:31:05,2022-06-06 19:31:51,Free_Living,annotator,Experimental situation,2022-06-06 10:02:15,2022-06-06 10:03:01
2022-06-06 19:31:51,2022-06-06 19:39:23,Free_Living,annotator,Experimental situation,2022-06-06 10:03:01,2022-06-06 10:10:33
2022-06-06 19:39:23,2022-06-06 19:39:38,Free_Living,annotator,Experimental situation,2022-06-06 10:10:33,2022-06-06 10:10:48
2022-06-06 19:39:38,2022-06-06 19:40:01,Free_Living,annotator,Experimental situation,2022-06-06 10:10:48,2022-06-06 10:11:11
2022-06-06 19:40:06,2022-06-06 19:40:27,Free_Living,annotator,Experimental situation,2022-06-06 10:11:16,2022-06-06 10:11:37
2022-06-06 19:40:27,2022-06-06 19:40:48,Free_Living,annotator,Experimental situation,2022-06-06 10:11:37,2022-06-06 10:11:58
2022-06-06 19:40:48,2022-06-06 19:43:09,Free_Living,annotator,Experimental situation,2022-06-06 10:11:58,2022-06-06 10:14:19
2022-06-06 19:43:09,2022-06-06 19:43:21,Free_Living,annotator,Experimental situation,2022-06-06 10:14:19,2022-06-06 10:14:31
2022-06-06 19:43:21,2022-06-06 19:44:07,Free_Living,annotator,Experimental situation,2022-06-06 10:14:31,2022-06-06 10:15:17
2022-06-06 19:44:07,2022-06-06 19:49:07,Free_Living,annotator,Experimental situation,2022-06-06 10:15:17,2022-06-06 10:20:17
2022-06-06 19:49:07,2022-06-06 19:49:29,Free_Living,annotator,Experimental situation,2022-06-06 10:20:17,2022-06-06 10:20:39
2022-06-06 19:49:29,2022-06-06 19:50:11,Free_Living,annotator,Experimental situation,2022-06-06 10:20:39,2022-06-06 10:21:21
2022-06-06 19:50:11,2022-06-06 19:50:19,Free_Living,annotator,Experimental situation,2022-06-06 10:21:21,2022-06-06 10:21:29
2022-06-06 19:50:19,2022-06-06 19:50:45,Free_Living,annotator,Experimental situation,2022-06-06 10:21:29,2022-06-06 10:21:55
2022-06-06 19:50:45,2022-06-06 19:51:04,Free_Living,annotator,Experimental situation,2022-06-06 10:21:55,2022-06-06 10:22:14
2022-06-06 19:51:04,2022-06-06 19:51:33,Free_Living,annotator,Experimental situation,2022-06-06 10:22:14,2022-06-06 10:22:43
2022-06-06 19:51:33,2022-06-06 19:52:22,Free_Living,annotator,Experimental situation,2022-06-06 10:22:43,2022-06-06 10:23:32
2022-06-06 19:52:22,2022-06-06 19:52:55,Free_Living,annotator,Experimental situation,2022-06-06 10:23:32,2022-06-06 10:24:05
2022-06-06 19:52:55,2022-06-06 19:53:00,Free_Living,annotator,Experimental situation,2022-06-06 10:24:05,2022-06-06 10:24:10
2022-06-06 19:53:00,2022-06-06 19:53:21,Free_Living,annotator,Experimental situation,2022-06-06 10:24:10,2022-06-06 10:24:31
2022-06-06 19:53:21,2022-06-06 19:55:09,Free_Living,annotator,Experimental situation,2022-06-06 10:24:31,2022-06-06 10:26:19
2022-06-06 19:55:09,2022-06-06 19:56:54,Free_Living,annotator,Experimental situation,2022-06-06 10:26:19,2022-06-06 10:28:04
2022-06-06 19:56:54,2022-06-06 19:58:13,Free_Living,annotator,Experimental situation,2022-06-06 10:28:04,2022-06-06 10:29:23
2022-06-06 19:58:13,2022-06-06 19:59:32,Free_Living,annotator,Experimental situation,2022-06-06 10:29:23,2022-06-06 10:30:42
2022-06-06 19:59:32,2022-06-06 20:00:03,Free_Living,annotator,Experimental situation,2022-06-06 10:30:42,2022-06-06 10:31:13
2022-06-06 20:00:03,2022-06-06 20:14:31,Free_Living,annotator,Experimental situation,2022-06-06 10:31:13,2022-06-06 10:45:41
2022-06-06 20:14:31,2022-06-06 20:14:44,Free_Living,annotator,Experimental situation,2022-06-06 10:45:41,2022-06-06 10:45:54
2022-06-06 20:14:44,2022-06-06 20:16:04,Free_Living,annotator,Experimental situation,2022-06-06 10:45:54,2022-06-06 10:47:14
2022-06-06 20:16:04,2022-06-06 20:17:33,Free_Living,annotator,Experimental situation,2022-06-06 10:47:14,2022-06-06 10:48:43
2022-06-06 20:17:33,2022-06-06 20:17:49,Free_Living,annotator,Experimental situation,2022-06-06 10:48:43,2022-06-06 10:48:59
2022-06-06 20:17:49,2022-06-06 20:23:19,Free_Living,annotator,Experimental situation,2022-06-06 10:48:59,2022-06-06 10:54:29
2022-06-06 20:23:19,2022-06-06 20:24:00,Free_Living,annotator,Experimental situation,2022-06-06 10:54:29,2022-06-06 10:55:10
2022-06-06 20:24:00,2022-06-06 20:25:24,Free_Living,annotator,Experimental situation,2022-06-06 10:55:10,2022-06-06 10:56:34
2022-06-06 20:25:24,2022-06-06 20:29:32,Free_Living,annotator,Experimental situation,2022-06-06 10:56:34,2022-06-06 11:00:42
2022-06-06 20:29:32,2022-06-06 20:29:51,Free_Living,annotator,Experimental situation,2022-06-06 11:00:42,2022-06-06 11:01:01
2022-06-06 20:29:51,2022-06-06 20:34:30,Free_Living,annotator,Experimental situation,2022-06-06 11:01:01,2022-06-06 11:05:40
2022-06-06 20:34:30,2022-06-06 20:35:56,Free_Living,annotator,Experimental situation,2022-06-06 11:05:40,2022-06-06 11:07:06
2022-06-06 20:35:56,2022-06-06 20:41:52,Free_Living,annotator,Experimental situation,2022-06-06 11:07:06,2022-06-06 11:13:02
2022-06-06 20:41:52,2022-06-06 20:42:33,Free_Living,annotator,Experimental situation,2022-06-06 11:13:02,2022-06-06 11:13:43
2022-06-06 20:42:33,2022-06-06 20:48:27,Free_Living,annotator,Experimental situation,2022-06-06 11:13:43,2022-06-06 11:19:37
2022-06-06 20:48:27,2022-06-06 20:48:37,Free_Living,annotator,Experimental situation,2022-06-06 11:19:37,2022-06-06 11:19:47
2022-06-06 20:48:37,2022-06-06 20:50:01,Free_Living,annotator,Experimental situation,2022-06-06 11:19:47,2022-06-06 11:21:11
2022-06-06 20:50:01,2022-06-06 20:50:23,Free_Living,annotator,Experimental situation,2022-06-06 11:21:11,2022-06-06 11:21:33
2022-06-06 20:50:23,2022-06-06 20:53:22,Free_Living,annotator,Experimental situation,2022-06-06 11:21:33,2022-06-06 11:24:32
2022-06-06 20:53:22,2022-06-06 20:53:54,Free_Living,annotator,Experimental situation,2022-06-06 11:24:32,2022-06-06 11:25:04
2022-06-06 20:53:54,2022-06-06 20:55:38,Free_Living,annotator,Experimental situation,2022-06-06 11:25:04,2022-06-06 11:26:48
2022-06-06 20:55:38,2022-06-06 20:56:23,Free_Living,annotator,Experimental situation,2022-06-06 11:26:48,2022-06-06 11:27:33
2022-06-06 20:56:23,2022-06-06 20:56:52,Free_Living,annotator,Experimental situation,2022-06-06 11:27:33,2022-06-06 11:28:02
2022-06-06 20:56:52,2022-06-06 20:57:09,Free_Living,annotator,Experimental situation,2022-06-06 11:28:02,2022-06-06 11:28:19
2022-06-06 20:57:09,2022-06-06 20:59:15,Free_Living,annotator,Experimental situation,2022-06-06 11:28:19,2022-06-06 11:30:25
2022-06-06 20:59:15,2022-06-06 20:59:43,Free_Living,annotator,Experimental situation,2022-06-06 11:30:25,2022-06-06 11:30:53
2022-06-06 20:59:43,2022-06-06 20:59:57,Free_Living,annotator,Experimental situation,2022-06-06 11:30:53,2022-06-06 11:31:07
2022-06-06 20:59:57,2022-06-06 21:00:04,Free_Living,annotator,Experimental situation,2022-06-06 11:31:07,2022-06-06 11:31:14
2022-06-06 21:00:04,2022-06-06 21:19:35,Free_Living,annotator,Experimental situation,2022-06-06 11:31:14,2022-06-06 11:50:45
2022-06-06 21:19:35,2022-06-06 21:20:20,Free_Living,annotator,Experimental situation,2022-06-06 11:50:45,2022-06-06 11:51:30
2022-06-06 21:20:20,2022-06-06 21:20:53,Free_Living,annotator,Experimental situation,2022-06-06 11:51:30,2022-06-06 11:52:03
2022-06-06 21:20:53,2022-06-06 21:33:27,Free_Living,annotator,Experimental situation,2022-06-06 11:52:03,2022-06-06 12:04:37
