START_TIME,STOP_TIME,PREDICTION,SOURCE,LABELSET,VIDEO_START_TIME,VIDEO_END_TIME
2022-06-11 10:55:38,2022-06-11 10:56:49,Free_Living,annotator,Experimental situation,2022-06-11 00:00:00,2022-06-11 00:01:11
2022-06-11 10:56:49,2022-06-11 10:57:20,Free_Living,annotator,Experimental situation,2022-06-11 00:01:11,2022-06-11 00:01:42
2022-06-11 10:57:20,2022-06-11 11:00:08,Free_Living,annotator,Experimental situation,2022-06-11 00:01:42,2022-06-11 00:04:30
2022-06-11 11:00:08,2022-06-11 11:00:31,Free_Living,annotator,Experimental situation,2022-06-11 00:04:30,2022-06-11 00:04:53
2022-06-11 11:00:31,2022-06-11 11:02:51,Free_Living,annotator,Experimental situation,2022-06-11 00:04:53,2022-06-11 00:07:13
2022-06-11 11:02:51,2022-06-11 11:03:25,Free_Living,annotator,Experimental situation,2022-06-11 00:07:13,2022-06-11 00:07:47
2022-06-11 11:03:25,2022-06-11 11:03:55,Free_Living,annotator,Experimental situation,2022-06-11 00:07:47,2022-06-11 00:08:17
2022-06-11 11:03:55,2022-06-11 11:28:50,Free_Living,annotator,Experimental situation,2022-06-11 00:08:17,2022-06-11 00:33:12
2022-06-11 11:28:50,2022-06-11 11:29:48,Free_Living,annotator,Experimental situation,2022-06-11 00:33:12,2022-06-11 00:34:10
2022-06-11 11:29:48,2022-06-11 11:34:49,Free_Living,annotator,Experimental situation,2022-06-11 00:34:10,2022-06-11 00:39:11
2022-06-11 11:34:49,2022-06-11 11:35:21,Free_Living,annotator,Experimental situation,2022-06-11 00:39:11,2022-06-11 00:39:43
2022-06-11 11:35:21,2022-06-11 11:36:30,Free_Living,annotator,Experimental situation,2022-06-11 00:39:43,2022-06-11 00:40:52
2022-06-11 11:36:30,2022-06-11 11:36:39,Free_Living,annotator,Experimental situation,2022-06-11 00:40:52,2022-06-11 00:41:01
2022-06-11 11:36:39,2022-06-11 11:37:49,Free_Living,annotator,Experimental situation,2022-06-11 00:41:01,2022-06-11 00:42:11
2022-06-11 11:37:49,2022-06-11 11:38:14,Free_Living,annotator,Experimental situation,2022-06-11 00:42:11,2022-06-11 00:42:36
2022-06-11 11:38:14,2022-06-11 11:38:42,Free_Living,annotator,Experimental situation,2022-06-11 00:42:36,2022-06-11 00:43:04
2022-06-11 11:38:42,2022-06-11 11:39:12,Free_Living,annotator,Experimental situation,2022-06-11 00:43:04,2022-06-11 00:43:34
2022-06-11 11:39:12,2022-06-11 11:39:24,Free_Living,annotator,Experimental situation,2022-06-11 00:43:34,2022-06-11 00:43:46
2022-06-11 11:39:24,2022-06-11 11:40:28,Free_Living,annotator,Experimental situation,2022-06-11 00:43:46,2022-06-11 00:44:50
2022-06-11 11:40:28,2022-06-11 11:41:10,Free_Living,annotator,Experimental situation,2022-06-11 00:44:50,2022-06-11 00:45:32
2022-06-11 11:41:10,2022-06-11 11:41:36,Free_Living,annotator,Experimental situation,2022-06-11 00:45:32,2022-06-11 00:45:58
2022-06-11 11:41:36,2022-06-11 11:42:02,Free_Living,annotator,Experimental situation,2022-06-11 00:45:58,2022-06-11 00:46:24
2022-06-11 11:42:02,2022-06-11 11:42:32,Free_Living,annotator,Experimental situation,2022-06-11 00:46:24,2022-06-11 00:46:54
2022-06-11 11:42:32,2022-06-11 11:42:44,Free_Living,annotator,Experimental situation,2022-06-11 00:46:54,2022-06-11 00:47:06
2022-06-11 11:42:45,2022-06-11 11:43:22,Free_Living,annotator,Experimental situation,2022-06-11 00:47:07,2022-06-11 00:47:44
2022-06-11 11:43:26,2022-06-11 11:43:58,Free_Living,annotator,Experimental situation,2022-06-11 00:47:48,2022-06-11 00:48:20
2022-06-11 11:43:58,2022-06-11 11:44:32,Free_Living,annotator,Experimental situation,2022-06-11 00:48:20,2022-06-11 00:48:54
2022-06-11 11:44:32,2022-06-11 11:45:06,Free_Living,annotator,Experimental situation,2022-06-11 00:48:54,2022-06-11 00:49:28
2022-06-11 11:45:06,2022-06-11 11:45:23,Free_Living,annotator,Experimental situation,2022-06-11 00:49:28,2022-06-11 00:49:45
2022-06-11 11:45:23,2022-06-11 11:45:44,Free_Living,annotator,Experimental situation,2022-06-11 00:49:45,2022-06-11 00:50:06
2022-06-11 11:45:45,2022-06-11 11:46:43,Free_Living,annotator,Experimental situation,2022-06-11 00:50:07,2022-06-11 00:51:05
2022-06-11 11:46:43,2022-06-11 11:47:53,Free_Living,annotator,Experimental situation,2022-06-11 00:51:05,2022-06-11 00:52:15
2022-06-11 11:47:59,2022-06-11 11:48:51,Free_Living,annotator,Experimental situation,2022-06-11 00:52:21,2022-06-11 00:53:13
2022-06-11 11:48:51,2022-06-11 11:59:28,Free_Living,annotator,Experimental situation,2022-06-11 00:53:13,2022-06-11 01:03:50
2022-06-11 11:59:28,2022-06-11 12:00:18,Free_Living,annotator,Experimental situation,2022-06-11 01:03:50,2022-06-11 01:04:40
2022-06-11 12:00:18,2022-06-11 12:01:16,Free_Living,annotator,Experimental situation,2022-06-11 01:04:40,2022-06-11 01:05:38
2022-06-11 12:01:16,2022-06-11 12:01:28,Free_Living,annotator,Experimental situation,2022-06-11 01:05:38,2022-06-11 01:05:50
2022-06-11 12:01:30,2022-06-11 12:02:02,Free_Living,annotator,Experimental situation,2022-06-11 01:05:52,2022-06-11 01:06:24
2022-06-11 12:02:02,2022-06-11 12:04:23,Free_Living,annotator,Experimental situation,2022-06-11 01:06:24,2022-06-11 01:08:45
2022-06-11 12:04:23,2022-06-11 12:06:19,Free_Living,annotator,Experimental situation,2022-06-11 01:08:45,2022-06-11 01:10:41
2022-06-11 12:06:19,2022-06-11 12:06:41,Free_Living,annotator,Experimental situation,2022-06-11 01:10:41,2022-06-11 01:11:03
2022-06-11 12:06:41,2022-06-11 12:08:28,Free_Living,annotator,Experimental situation,2022-06-11 01:11:03,2022-06-11 01:12:50
2022-06-11 12:08:28,2022-06-11 12:09:38,Free_Living,annotator,Experimental situation,2022-06-11 01:12:50,2022-06-11 01:14:00
2022-06-11 12:09:38,2022-06-11 12:13:23,Free_Living,annotator,Experimental situation,2022-06-11 01:14:00,2022-06-11 01:17:45
2022-06-11 12:13:23,2022-06-11 12:13:45,Free_Living,annotator,Experimental situation,2022-06-11 01:17:45,2022-06-11 01:18:07
2022-06-11 12:13:45,2022-06-11 12:13:59,Free_Living,annotator,Experimental situation,2022-06-11 01:18:07,2022-06-11 01:18:21
2022-06-11 12:13:59,2022-06-11 12:15:10,Free_Living,annotator,Experimental situation,2022-06-11 01:18:21,2022-06-11 01:19:32
2022-06-11 12:15:10,2022-06-11 12:24:21,Free_Living,annotator,Experimental situation,2022-06-11 01:19:32,2022-06-11 01:28:43
2022-06-11 12:24:21,2022-06-11 12:25:29,Free_Living,annotator,Experimental situation,2022-06-11 01:28:43,2022-06-11 01:29:51
2022-06-11 12:25:29,2022-06-11 12:28:22,Free_Living,annotator,Experimental situation,2022-06-11 01:29:51,2022-06-11 01:32:44
2022-06-11 12:28:22,2022-06-11 12:29:11,Free_Living,annotator,Experimental situation,2022-06-11 01:32:44,2022-06-11 01:33:33
2022-06-11 12:29:11,2022-06-11 12:29:31,Free_Living,annotator,Experimental situation,2022-06-11 01:33:33,2022-06-11 01:33:53
2022-06-11 12:29:31,2022-06-11 12:33:18,Free_Living,annotator,Experimental situation,2022-06-11 01:33:53,2022-06-11 01:37:40
2022-06-11 12:33:18,2022-06-11 12:34:19,Free_Living,annotator,Experimental situation,2022-06-11 01:37:40,2022-06-11 01:38:41
2022-06-11 12:34:24,2022-06-11 12:35:08,Free_Living,annotator,Experimental situation,2022-06-11 01:38:46,2022-06-11 01:39:30
2022-06-11 12:35:08,2022-06-11 12:36:08,Free_Living,annotator,Experimental situation,2022-06-11 01:39:30,2022-06-11 01:40:30
2022-06-11 12:36:08,2022-06-11 12:40:00,Free_Living,annotator,Experimental situation,2022-06-11 01:40:30,2022-06-11 01:44:22
2022-06-11 12:40:00,2022-06-11 12:40:17,Free_Living,annotator,Experimental situation,2022-06-11 01:44:22,2022-06-11 01:44:39
2022-06-11 12:40:17,2022-06-11 12:40:57,Free_Living,annotator,Experimental situation,2022-06-11 01:44:39,2022-06-11 01:45:19
2022-06-11 12:40:57,2022-06-11 12:50:06,Free_Living,annotator,Experimental situation,2022-06-11 01:45:19,2022-06-11 01:54:28
2022-06-11 12:50:06,2022-06-11 12:50:33,Free_Living,annotator,Experimental situation,2022-06-11 01:54:28,2022-06-11 01:54:55
2022-06-11 12:50:33,2022-06-11 12:50:58,Free_Living,annotator,Experimental situation,2022-06-11 01:54:55,2022-06-11 01:55:20
2022-06-11 12:50:58,2022-06-11 12:51:58,Free_Living,annotator,Experimental situation,2022-06-11 01:55:20,2022-06-11 01:56:20
2022-06-11 12:51:58,2022-06-11 12:53:27,Free_Living,annotator,Experimental situation,2022-06-11 01:56:20,2022-06-11 01:57:49
2022-06-11 12:53:27,2022-06-11 12:54:39,Free_Living,annotator,Experimental situation,2022-06-11 01:57:49,2022-06-11 01:59:01
2022-06-11 12:54:41,2022-06-11 12:55:13,Free_Living,annotator,Experimental situation,2022-06-11 01:59:03,2022-06-11 01:59:35
2022-06-11 12:55:13,2022-06-11 12:55:56,Free_Living,annotator,Experimental situation,2022-06-11 01:59:35,2022-06-11 02:00:18
2022-06-11 12:55:56,2022-06-11 12:56:15,Free_Living,annotator,Experimental situation,2022-06-11 02:00:18,2022-06-11 02:00:37
2022-06-11 12:56:17,2022-06-11 12:56:34,Free_Living,annotator,Experimental situation,2022-06-11 02:00:39,2022-06-11 02:00:56
2022-06-11 12:56:34,2022-06-11 12:56:43,Free_Living,annotator,Experimental situation,2022-06-11 02:00:56,2022-06-11 02:01:05
2022-06-11 12:56:43,2022-06-11 12:58:23,Free_Living,annotator,Experimental situation,2022-06-11 02:01:05,2022-06-11 02:02:45
2022-06-11 12:58:23,2022-06-11 12:58:34,Free_Living,annotator,Experimental situation,2022-06-11 02:02:45,2022-06-11 02:02:56
2022-06-11 12:58:34,2022-06-11 13:03:40,Free_Living,annotator,Experimental situation,2022-06-11 02:02:56,2022-06-11 02:08:02
2022-06-11 13:03:43,2022-06-11 13:03:50,Free_Living,annotator,Experimental situation,2022-06-11 02:08:05,2022-06-11 02:08:12
2022-06-11 13:03:50,2022-06-11 13:05:10,Free_Living,annotator,Experimental situation,2022-06-11 02:08:12,2022-06-11 02:09:32
2022-06-11 13:05:10,2022-06-11 13:05:37,Free_Living,annotator,Experimental situation,2022-06-11 02:09:32,2022-06-11 02:09:59
2022-06-11 13:05:37,2022-06-11 13:06:18,Free_Living,annotator,Experimental situation,2022-06-11 02:09:59,2022-06-11 02:10:40
2022-06-11 13:06:18,2022-06-11 13:06:30,Free_Living,annotator,Experimental situation,2022-06-11 02:10:40,2022-06-11 02:10:52
2022-06-11 13:06:30,2022-06-11 13:07:31,Free_Living,annotator,Experimental situation,2022-06-11 02:10:52,2022-06-11 02:11:53
2022-06-11 13:07:31,2022-06-11 13:08:10,Free_Living,annotator,Experimental situation,2022-06-11 02:11:53,2022-06-11 02:12:32
2022-06-11 13:08:12,2022-06-11 13:08:48,Free_Living,annotator,Experimental situation,2022-06-11 02:12:34,2022-06-11 02:13:10
2022-06-11 13:08:50,2022-06-11 13:09:57,Free_Living,annotator,Experimental situation,2022-06-11 02:13:12,2022-06-11 02:14:19
2022-06-11 13:09:57,2022-06-11 13:22:35,Free_Living,annotator,Experimental situation,2022-06-11 02:14:19,2022-06-11 02:26:57
2022-06-11 13:22:35,2022-06-11 13:23:34,Free_Living,annotator,Experimental situation,2022-06-11 02:26:57,2022-06-11 02:27:56
2022-06-11 13:23:35,2022-06-11 13:25:25,Free_Living,annotator,Experimental situation,2022-06-11 02:27:57,2022-06-11 02:29:47
2022-06-11 13:25:25,2022-06-11 13:28:20,Free_Living,annotator,Experimental situation,2022-06-11 02:29:47,2022-06-11 02:32:42
2022-06-11 13:28:20,2022-06-11 13:30:17,Free_Living,annotator,Experimental situation,2022-06-11 02:32:42,2022-06-11 02:34:39
2022-06-11 13:30:17,2022-06-11 13:30:33,Free_Living,annotator,Experimental situation,2022-06-11 02:34:39,2022-06-11 02:34:55
2022-06-11 13:30:33,2022-06-11 13:33:37,Free_Living,annotator,Experimental situation,2022-06-11 02:34:55,2022-06-11 02:37:59
2022-06-11 13:33:37,2022-06-11 13:34:32,Free_Living,annotator,Experimental situation,2022-06-11 02:37:59,2022-06-11 02:38:54
2022-06-11 13:34:32,2022-06-11 13:35:19,Free_Living,annotator,Experimental situation,2022-06-11 02:38:54,2022-06-11 02:39:41
2022-06-11 13:35:19,2022-06-11 13:35:36,Free_Living,annotator,Experimental situation,2022-06-11 02:39:41,2022-06-11 02:39:58
2022-06-11 13:35:36,2022-06-11 13:36:57,Free_Living,annotator,Experimental situation,2022-06-11 02:39:58,2022-06-11 02:41:19
2022-06-11 13:36:57,2022-06-11 13:38:12,Free_Living,annotator,Experimental situation,2022-06-11 02:41:19,2022-06-11 02:42:34
2022-06-11 13:38:12,2022-06-11 13:38:29,Free_Living,annotator,Experimental situation,2022-06-11 02:42:34,2022-06-11 02:42:51
2022-06-11 13:38:29,2022-06-11 13:39:02,Free_Living,annotator,Experimental situation,2022-06-11 02:42:51,2022-06-11 02:43:24
2022-06-11 13:39:02,2022-06-11 13:45:23,Free_Living,annotator,Experimental situation,2022-06-11 02:43:24,2022-06-11 02:49:45
2022-06-11 13:45:23,2022-06-11 13:45:43,Free_Living,annotator,Experimental situation,2022-06-11 02:49:45,2022-06-11 02:50:05
2022-06-11 13:45:43,2022-06-11 13:46:01,Free_Living,annotator,Experimental situation,2022-06-11 02:50:05,2022-06-11 02:50:23
2022-06-11 13:46:01,2022-06-11 13:46:13,Free_Living,annotator,Experimental situation,2022-06-11 02:50:23,2022-06-11 02:50:35
2022-06-11 13:46:13,2022-06-11 13:46:28,Free_Living,annotator,Experimental situation,2022-06-11 02:50:35,2022-06-11 02:50:50
2022-06-11 13:46:28,2022-06-11 13:46:55,Free_Living,annotator,Experimental situation,2022-06-11 02:50:50,2022-06-11 02:51:17
2022-06-11 13:46:55,2022-06-11 13:47:50,Free_Living,annotator,Experimental situation,2022-06-11 02:51:17,2022-06-11 02:52:12
2022-06-11 13:47:50,2022-06-11 13:48:16,Free_Living,annotator,Experimental situation,2022-06-11 02:52:12,2022-06-11 02:52:38
2022-06-11 13:48:16,2022-06-11 13:48:52,Free_Living,annotator,Experimental situation,2022-06-11 02:52:38,2022-06-11 02:53:14
2022-06-11 13:48:52,2022-06-11 13:49:23,Free_Living,annotator,Experimental situation,2022-06-11 02:53:14,2022-06-11 02:53:45
2022-06-11 13:49:23,2022-06-11 13:49:36,Free_Living,annotator,Experimental situation,2022-06-11 02:53:45,2022-06-11 02:53:58
2022-06-11 13:49:36,2022-06-11 13:50:03,Free_Living,annotator,Experimental situation,2022-06-11 02:53:58,2022-06-11 02:54:25
2022-06-11 13:50:03,2022-06-11 13:50:16,Free_Living,annotator,Experimental situation,2022-06-11 02:54:25,2022-06-11 02:54:38
2022-06-11 13:50:16,2022-06-11 13:53:25,Free_Living,annotator,Experimental situation,2022-06-11 02:54:38,2022-06-11 02:57:47
2022-06-11 13:53:25,2022-06-11 13:58:53,Free_Living,annotator,Experimental situation,2022-06-11 02:57:47,2022-06-11 03:03:15
2022-06-11 13:58:53,2022-06-11 14:12:41,Free_Living,annotator,Experimental situation,2022-06-11 03:03:15,2022-06-11 03:17:03
2022-06-11 14:12:41,2022-06-11 14:26:33,Free_Living,annotator,Experimental situation,2022-06-11 03:17:03,2022-06-11 03:30:55
2022-06-11 14:26:33,2022-06-11 14:28:07,Free_Living,annotator,Experimental situation,2022-06-11 03:30:55,2022-06-11 03:32:29
2022-06-11 14:28:07,2022-06-11 14:40:31,Free_Living,annotator,Experimental situation,2022-06-11 03:32:29,2022-06-11 03:44:53
2022-06-11 14:40:35,2022-06-11 14:41:40,Free_Living,annotator,Experimental situation,2022-06-11 03:44:57,2022-06-11 03:46:02
2022-06-11 14:41:40,2022-06-11 14:48:39,Free_Living,annotator,Experimental situation,2022-06-11 03:46:02,2022-06-11 03:53:01
2022-06-11 14:48:39,2022-06-11 14:55:39,Free_Living,annotator,Experimental situation,2022-06-11 03:53:01,2022-06-11 04:00:01
