START_TIME,STOP_TIME,PREDICTION,SOURCE,LABELSET,VIDEO_START_TIME,VIDEO_END_TIME
2022-05-29 08:33:12,2022-05-29 08:33:39,Located_Indoors,annotator,Behavioral Parameters,2022-05-29 00:00:00,2022-05-29 00:00:27
2022-05-29 08:33:39,2022-05-29 08:33:44,Located_Indoors,annotator,Behavioral Parameters,2022-05-29 00:00:27,2022-05-29 00:00:32
2022-05-29 08:33:44,2022-05-29 08:36:17,Located_Indoors, Holding_Other_Object_Light,annotator,Behavioral Parameters,2022-05-29 00:00:32,2022-05-29 00:03:05
2022-05-29 08:36:17,2022-05-29 08:36:32,Located_Indoors, Holding_Other_Object_Light,annotator,Behavioral Parameters,2022-05-29 00:03:05,2022-05-29 00:03:20
2022-05-29 08:36:32,2022-05-29 08:39:18,Located_Indoors, Holding_Other_Object_Light,annotator,Behavioral Parameters,2022-05-29 00:03:20,2022-05-29 00:06:06
2022-05-29 08:39:18,2022-05-29 08:40:18,Located_Indoors, Holding_Other_Object_Light,annotator,Behavioral Parameters,2022-05-29 00:06:06,2022-05-29 00:07:06
2022-05-29 08:40:18,2022-05-29 08:40:26,Located_Indoors,annotator,Behavioral Parameters,2022-05-29 00:07:06,2022-05-29 00:07:14
2022-05-29 08:40:26,2022-05-29 08:41:35,Located_Indoors, Holding_Other_Object_Light,annotator,Behavioral Parameters,2022-05-29 00:07:14,2022-05-29 00:08:23
2022-05-29 08:41:35,2022-05-29 08:41:49,Located_Indoors, Holding_Other_Object_Light,annotator,Behavioral Parameters,2022-05-29 00:08:23,2022-05-29 00:08:37
2022-05-29 08:41:49,2022-05-29 08:42:14,Located_Indoors, Holding_Other_Object_Light,annotator,Behavioral Parameters,2022-05-29 00:08:37,2022-05-29 00:09:02
2022-05-29 08:42:14,2022-05-29 08:43:08,Located_Indoors, Holding_Other_Object_Light,annotator,Behavioral Parameters,2022-05-29 00:09:02,2022-05-29 00:09:56
2022-05-29 08:43:08,2022-05-29 08:43:44,Located_Indoors, Holding_Other_Object_Light,annotator,Behavioral Parameters,2022-05-29 00:09:56,2022-05-29 00:10:32
2022-05-29 08:43:44,2022-05-29 08:44:39,Located_Indoors, Holding_Other_Object_Light,annotator,Behavioral Parameters,2022-05-29 00:10:32,2022-05-29 00:11:27
2022-05-29 08:44:39,2022-05-29 08:45:31,Located_Indoors, Holding_Other_Object_Light,annotator,Behavioral Parameters,2022-05-29 00:11:27,2022-05-29 00:12:19
2022-05-29 08:45:31,2022-05-29 08:45:49,Located_Indoors, Holding_Other_Object_Light,annotator,Behavioral Parameters,2022-05-29 00:12:19,2022-05-29 00:12:37
2022-05-29 08:45:49,2022-05-29 08:46:20,Located_Indoors, Holding_Other_Object_Light,annotator,Behavioral Parameters,2022-05-29 00:12:37,2022-05-29 00:13:08
2022-05-29 08:46:20,2022-05-29 08:47:07,Located_Indoors, Holding_Other_Object_Light,annotator,Behavioral Parameters,2022-05-29 00:13:08,2022-05-29 00:13:55
2022-05-29 08:47:07,2022-05-29 08:49:25,Located_Indoors, Holding_Other_Object_Light,annotator,Behavioral Parameters,2022-05-29 00:13:55,2022-05-29 00:16:13
2022-05-29 08:49:25,2022-05-29 08:49:32,Located_Indoors, Holding_Other_Object_Light,annotator,Behavioral Parameters,2022-05-29 00:16:13,2022-05-29 00:16:20
2022-05-29 08:49:32,2022-05-29 08:49:52,Located_Indoors, Holding_Other_Object_Light,annotator,Behavioral Parameters,2022-05-29 00:16:20,2022-05-29 00:16:40
2022-05-29 08:49:52,2022-05-29 08:50:51,Located_Indoors, Holding_Other_Object_Light,annotator,Behavioral Parameters,2022-05-29 00:16:40,2022-05-29 00:17:39
2022-05-29 08:50:51,2022-05-29 08:51:06,Located_Indoors,annotator,Behavioral Parameters,2022-05-29 00:17:39,2022-05-29 00:17:54
2022-05-29 08:51:06,2022-05-29 08:52:19,BP_VideoUnavailable/Indecipherable,annotator,Behavioral Parameters,2022-05-29 00:17:54,2022-05-29 00:19:07
2022-05-29 08:52:19,2022-05-29 08:52:27,Located_Indoors,annotator,Behavioral Parameters,2022-05-29 00:19:07,2022-05-29 00:19:15
2022-05-29 08:52:27,2022-05-29 08:52:39,Located_Indoors,annotator,Behavioral Parameters,2022-05-29 00:19:15,2022-05-29 00:19:27
2022-05-29 08:52:39,2022-05-29 08:55:52,Located_Indoors, Texting/Browsing_Phone,annotator,Behavioral Parameters,2022-05-29 00:19:27,2022-05-29 00:22:40
2022-05-29 08:55:52,2022-05-29 08:56:29,Located_Indoors, In_Conversation,annotator,Behavioral Parameters,2022-05-29 00:22:40,2022-05-29 00:23:17
2022-05-29 08:56:29,2022-05-29 08:56:58,Located_Indoors, Texting/Browsing_Phone,annotator,Behavioral Parameters,2022-05-29 00:23:17,2022-05-29 00:23:46
2022-05-29 08:56:58,2022-05-29 08:57:03,Located_Indoors, Holding_Other_Object_Light,annotator,Behavioral Parameters,2022-05-29 00:23:46,2022-05-29 00:23:51
2022-05-29 08:57:03,2022-05-29 08:59:06,Located_Indoors, In_Conversation,annotator,Behavioral Parameters,2022-05-29 00:23:51,2022-05-29 00:25:54
2022-05-29 08:59:06,2022-05-29 08:59:32,Located_Indoors, Texting/Browsing_Phone,annotator,Behavioral Parameters,2022-05-29 00:25:54,2022-05-29 00:26:20
2022-05-29 08:59:32,2022-05-29 09:02:41,Located_Indoors, In_Conversation,annotator,Behavioral Parameters,2022-05-29 00:26:20,2022-05-29 00:29:29
2022-05-29 09:02:41,2022-05-29 09:02:55,Located_Indoors, In_Conversation, Holding_Solid_Food,annotator,Behavioral Parameters,2022-05-29 00:29:29,2022-05-29 00:29:43
2022-05-29 09:02:55,2022-05-29 09:03:26,Located_Indoors, In_Conversation,annotator,Behavioral Parameters,2022-05-29 00:29:43,2022-05-29 00:30:14
2022-05-29 09:03:26,2022-05-29 09:03:35,Located_Indoors, In_Conversation, Holding_Solid_Food,annotator,Behavioral Parameters,2022-05-29 00:30:14,2022-05-29 00:30:23
2022-05-29 09:03:35,2022-05-29 09:07:47,Located_Indoors, In_Conversation,annotator,Behavioral Parameters,2022-05-29 00:30:23,2022-05-29 00:34:35
2022-05-29 09:07:47,2022-05-29 09:08:12,Located_Indoors, In_Conversation, Holding_Other_Object_Light,annotator,Behavioral Parameters,2022-05-29 00:34:35,2022-05-29 00:35:00
2022-05-29 09:08:12,2022-05-29 09:08:18,Located_Indoors, In_Conversation, Holding_Other_Object_Light,annotator,Behavioral Parameters,2022-05-29 00:35:00,2022-05-29 00:35:06
2022-05-29 09:08:18,2022-05-29 09:08:47,Located_Indoors, In_Conversation, Holding_Solid_Food,annotator,Behavioral Parameters,2022-05-29 00:35:06,2022-05-29 00:35:35
2022-05-29 09:08:47,2022-05-29 09:09:12,Located_Indoors, In_Conversation,annotator,Behavioral Parameters,2022-05-29 00:35:35,2022-05-29 00:36:00
2022-05-29 09:09:12,2022-05-29 09:09:57,Located_Indoors, In_Conversation, Texting/Browsing_Phone,annotator,Behavioral Parameters,2022-05-29 00:36:00,2022-05-29 00:36:45
2022-05-29 09:09:57,2022-05-29 09:10:13,Located_Indoors, In_Conversation,annotator,Behavioral Parameters,2022-05-29 00:36:45,2022-05-29 00:37:01
2022-05-29 09:10:13,2022-05-29 09:10:20,Located_Indoors, In_Conversation, Holding_Solid_Food,annotator,Behavioral Parameters,2022-05-29 00:37:01,2022-05-29 00:37:08
2022-05-29 09:10:20,2022-05-29 09:10:26,Located_Indoors,annotator,Behavioral Parameters,2022-05-29 00:37:08,2022-05-29 00:37:14
2022-05-29 09:10:26,2022-05-29 09:11:10,Located_Indoors,annotator,Behavioral Parameters,2022-05-29 00:37:14,2022-05-29 00:37:58
2022-05-29 09:11:10,2022-05-29 09:11:16,Located_Indoors,annotator,Behavioral Parameters,2022-05-29 00:37:58,2022-05-29 00:38:04
2022-05-29 09:11:16,2022-05-29 09:13:07,Located_Indoors, BP_VideoUnavailable/Indecipherable,annotator,Behavioral Parameters,2022-05-29 00:38:04,2022-05-29 00:39:55
2022-05-29 09:13:07,2022-05-29 09:13:29,Located_Indoors,annotator,Behavioral Parameters,2022-05-29 00:39:55,2022-05-29 00:40:17
2022-05-29 09:13:29,2022-05-29 09:14:51,Located_Indoors, BP_VideoUnavailable/Indecipherable,annotator,Behavioral Parameters,2022-05-29 00:40:17,2022-05-29 00:41:39
2022-05-29 09:14:51,2022-05-29 09:15:17,Located_Indoors, Texting/Browsing_Phone,annotator,Behavioral Parameters,2022-05-29 00:41:39,2022-05-29 00:42:05
2022-05-29 09:15:17,2022-05-29 09:15:40,Located_Indoors, BP_VideoUnavailable/Indecipherable,annotator,Behavioral Parameters,2022-05-29 00:42:05,2022-05-29 00:42:28
2022-05-29 09:15:40,2022-05-29 09:16:33,Located_Indoors,annotator,Behavioral Parameters,2022-05-29 00:42:28,2022-05-29 00:43:21
2022-05-29 09:16:33,2022-05-29 09:29:50,BP_VideoUnavailable/Indecipherable,annotator,Behavioral Parameters,2022-05-29 00:43:21,2022-05-29 00:56:38
2022-05-29 09:29:50,2022-05-29 09:29:54,Located_Indoors, Holding_Other_Object_Light,annotator,Behavioral Parameters,2022-05-29 00:56:38,2022-05-29 00:56:42
2022-05-29 09:29:54,2022-05-29 09:30:59,Located_Indoors, BP_VideoUnavailable/Indecipherable,annotator,Behavioral Parameters,2022-05-29 00:56:42,2022-05-29 00:57:47
2022-05-29 09:30:59,2022-05-29 09:31:15,Located_Indoors, Holding_Other_Object_Light,annotator,Behavioral Parameters,2022-05-29 00:57:47,2022-05-29 00:58:03
2022-05-29 09:31:15,2022-05-29 09:31:24,Located_Indoors,annotator,Behavioral Parameters,2022-05-29 00:58:03,2022-05-29 00:58:12
2022-05-29 09:31:24,2022-05-29 09:31:35,Located_Indoors,annotator,Behavioral Parameters,2022-05-29 00:58:12,2022-05-29 00:58:23
2022-05-29 09:31:35,2022-05-29 09:31:41,Located_Indoors,annotator,Behavioral Parameters,2022-05-29 00:58:23,2022-05-29 00:58:29
2022-05-29 09:31:41,2022-05-29 09:31:51,Located_Indoors, Holding_Bag/BriefCase_Hand_Light,annotator,Behavioral Parameters,2022-05-29 00:58:29,2022-05-29 00:58:39
2022-05-29 09:31:51,2022-05-29 09:31:55,Located_Indoors, Holding_Bag/BriefCase_Hand_Light,annotator,Behavioral Parameters,2022-05-29 00:58:39,2022-05-29 00:58:43
2022-05-29 09:31:55,2022-05-29 09:32:08,Located_Indoors, Holding_Other_Object_Light,annotator,Behavioral Parameters,2022-05-29 00:58:43,2022-05-29 00:58:56
2022-05-29 09:32:08,2022-05-29 09:32:11,Located_Indoors,annotator,Behavioral Parameters,2022-05-29 00:58:56,2022-05-29 00:58:59
2022-05-29 09:32:11,2022-05-29 09:32:30,Located_Indoors, Holding_Other_Object_Light,annotator,Behavioral Parameters,2022-05-29 00:58:59,2022-05-29 00:59:18
2022-05-29 09:32:30,2022-05-29 09:32:40,Located_Indoors, Holding_Other_Object_Light,annotator,Behavioral Parameters,2022-05-29 00:59:18,2022-05-29 00:59:28
2022-05-29 09:32:40,2022-05-29 09:34:06,BP_VideoUnavailable/Indecipherable,annotator,Behavioral Parameters,2022-05-29 00:59:28,2022-05-29 01:00:54
2022-05-29 09:34:06,2022-05-29 09:34:33,Located_Indoors, Holding_Other_Object_Light,annotator,Behavioral Parameters,2022-05-29 01:00:54,2022-05-29 01:01:21
2022-05-29 09:34:33,2022-05-29 09:34:38,Located_Indoors,annotator,Behavioral Parameters,2022-05-29 01:01:21,2022-05-29 01:01:26
2022-05-29 09:34:38,2022-05-29 09:34:47,Located_Indoors,annotator,Behavioral Parameters,2022-05-29 01:01:26,2022-05-29 01:01:35
2022-05-29 09:34:47,2022-05-29 09:34:52,Located_Indoors,annotator,Behavioral Parameters,2022-05-29 01:01:35,2022-05-29 01:01:40
2022-05-29 09:34:52,2022-05-29 09:35:08,Located_Indoors,annotator,Behavioral Parameters,2022-05-29 01:01:40,2022-05-29 01:01:56
2022-05-29 09:35:08,2022-05-29 09:35:30,Located_Indoors,annotator,Behavioral Parameters,2022-05-29 01:01:56,2022-05-29 01:02:18
2022-05-29 09:35:30,2022-05-29 09:35:55,Located_Indoors, Holding_Other_Object_Light,annotator,Behavioral Parameters,2022-05-29 01:02:18,2022-05-29 01:02:43
2022-05-29 09:35:55,2022-05-29 09:36:17,Located_Indoors,annotator,Behavioral Parameters,2022-05-29 01:02:43,2022-05-29 01:03:05
2022-05-29 09:36:17,2022-05-29 09:36:26,Located_Indoors,annotator,Behavioral Parameters,2022-05-29 01:03:05,2022-05-29 01:03:14
2022-05-29 09:36:26,2022-05-29 09:37:08,Located_Indoors, Texting/Browsing_Phone,annotator,Behavioral Parameters,2022-05-29 01:03:14,2022-05-29 01:03:56
2022-05-29 09:37:08,2022-05-29 09:37:16,Located_Indoors,annotator,Behavioral Parameters,2022-05-29 01:03:56,2022-05-29 01:04:04
2022-05-29 09:37:16,2022-05-29 09:37:18,Located_Indoors, Holding_Other_Object_Light,annotator,Behavioral Parameters,2022-05-29 01:04:04,2022-05-29 01:04:06
2022-05-29 09:37:18,2022-05-29 09:37:25,Located_Indoors, Holding_Other_Object_Light,annotator,Behavioral Parameters,2022-05-29 01:04:06,2022-05-29 01:04:13
2022-05-29 09:37:25,2022-05-29 09:37:43,Located_Indoors, Holding_Other_Object_Light,annotator,Behavioral Parameters,2022-05-29 01:04:13,2022-05-29 01:04:31
2022-05-29 09:37:46,2022-05-29 09:38:13,Located_Indoors, Holding_Other_Object_Light,annotator,Behavioral Parameters,2022-05-29 01:04:34,2022-05-29 01:05:01
2022-05-29 09:38:13,2022-05-29 09:39:04,Holding_Other_Object_Light, Located_Outdoors,annotator,Behavioral Parameters,2022-05-29 01:05:01,2022-05-29 01:05:52
2022-05-29 09:39:06,2022-05-29 09:39:12,Holding_Other_Object_Light, Located_Outdoors,annotator,Behavioral Parameters,2022-05-29 01:05:54,2022-05-29 01:06:00
2022-05-29 09:39:12,2022-05-29 09:39:45,Located_Outdoors,annotator,Behavioral Parameters,2022-05-29 01:06:00,2022-05-29 01:06:33
2022-05-29 09:39:45,2022-05-29 09:39:53,Located_Outdoors,annotator,Behavioral Parameters,2022-05-29 01:06:33,2022-05-29 01:06:41
2022-05-29 09:39:53,2022-05-29 09:39:58,Located_Outdoors,annotator,Behavioral Parameters,2022-05-29 01:06:41,2022-05-29 01:06:46
2022-05-29 09:39:58,2022-05-29 09:40:03,Located_Outdoors, Holding_Bag/BriefCase_Hand_Light,annotator,Behavioral Parameters,2022-05-29 01:06:46,2022-05-29 01:06:51
2022-05-29 09:40:03,2022-05-29 09:40:07,Located_Outdoors, Holding_Bag/BriefCase_Hand_Light,annotator,Behavioral Parameters,2022-05-29 01:06:51,2022-05-29 01:06:55
2022-05-29 09:40:07,2022-05-29 09:44:49,Located_Outdoors, Holding_Bag/BriefCase_Hand_Light, Holding_Other_Object_Light,annotator,Behavioral Parameters,2022-05-29 01:06:55,2022-05-29 01:11:37
2022-05-29 09:44:49,2022-05-29 09:44:53,Located_Outdoors, Holding_Other_Object_Light,annotator,Behavioral Parameters,2022-05-29 01:11:37,2022-05-29 01:11:41
2022-05-29 09:44:53,2022-05-29 09:45:01,Located_Outdoors, Holding_Other_Object_Light,annotator,Behavioral Parameters,2022-05-29 01:11:41,2022-05-29 01:11:49
2022-05-29 09:45:01,2022-05-29 09:45:05,Located_Outdoors, Holding_Other_Object_Light,annotator,Behavioral Parameters,2022-05-29 01:11:49,2022-05-29 01:11:53
2022-05-29 09:45:05,2022-05-29 09:45:24,Located_Outdoors, Holding_Other_Object_Light,annotator,Behavioral Parameters,2022-05-29 01:11:53,2022-05-29 01:12:12
2022-05-29 09:45:24,2022-05-29 09:46:22,Located_Outdoors, Texting/Browsing_Phone,annotator,Behavioral Parameters,2022-05-29 01:12:12,2022-05-29 01:13:10
2022-05-29 09:46:22,2022-05-29 10:04:18,Located_Outdoors, In_Conversation,annotator,Behavioral Parameters,2022-05-29 01:13:10,2022-05-29 01:31:06
2022-05-29 10:04:18,2022-05-29 10:07:00,Located_Outdoors, Texting/Browsing_Phone,annotator,Behavioral Parameters,2022-05-29 01:31:06,2022-05-29 01:33:48
2022-05-29 10:07:00,2022-05-29 10:07:16,Located_Outdoors, Holding_Other_Object_Light,annotator,Behavioral Parameters,2022-05-29 01:33:48,2022-05-29 01:34:04
2022-05-29 10:07:16,2022-05-29 10:08:24,Located_Outdoors, Carrying_Bag_On_Shoulder/Back_Light, In_Conversation,annotator,Behavioral Parameters,2022-05-29 01:34:04,2022-05-29 01:35:12
2022-05-29 10:08:24,2022-05-29 10:08:35,Located_Outdoors, Carrying_Bag_On_Shoulder/Back_Light,annotator,Behavioral Parameters,2022-05-29 01:35:12,2022-05-29 01:35:23
2022-05-29 10:08:35,2022-05-29 10:08:42,Located_Outdoors, Carrying_Bag_On_Shoulder/Back_Light, Texting/Browsing_Phone,annotator,Behavioral Parameters,2022-05-29 01:35:23,2022-05-29 01:35:30
2022-05-29 10:08:42,2022-05-29 10:08:50,Located_Outdoors, Carrying_Bag_On_Shoulder/Back_Light, Texting/Browsing_Phone,annotator,Behavioral Parameters,2022-05-29 01:35:30,2022-05-29 01:35:38
2022-05-29 10:08:50,2022-05-29 10:08:55,Located_Outdoors, Carrying_Bag_On_Shoulder/Back_Light, Texting/Browsing_Phone,annotator,Behavioral Parameters,2022-05-29 01:35:38,2022-05-29 01:35:43
2022-05-29 10:08:55,2022-05-29 10:10:01,Located_Outdoors, Carrying_Bag_On_Shoulder/Back_Light,annotator,Behavioral Parameters,2022-05-29 01:35:43,2022-05-29 01:36:49
2022-05-29 10:10:01,2022-05-29 10:10:14,Located_Outdoors, Carrying_Bag_On_Shoulder/Back_Light, Texting/Browsing_Phone,annotator,Behavioral Parameters,2022-05-29 01:36:49,2022-05-29 01:37:02
2022-05-29 10:10:14,2022-05-29 10:13:36,Located_Outdoors, Carrying_Bag_On_Shoulder/Back_Light,annotator,Behavioral Parameters,2022-05-29 01:37:02,2022-05-29 01:40:24
2022-05-29 10:13:36,2022-05-29 10:13:48,Located_Outdoors, Carrying_Bag_On_Shoulder/Back_Light, Texting/Browsing_Phone,annotator,Behavioral Parameters,2022-05-29 01:40:24,2022-05-29 01:40:36
2022-05-29 10:13:48,2022-05-29 10:14:19,Located_Outdoors, Carrying_Bag_On_Shoulder/Back_Light,annotator,Behavioral Parameters,2022-05-29 01:40:36,2022-05-29 01:41:07
2022-05-29 10:14:19,2022-05-29 10:14:27,Located_Outdoors, Carrying_Bag_On_Shoulder/Back_Light, Texting/Browsing_Phone,annotator,Behavioral Parameters,2022-05-29 01:41:07,2022-05-29 01:41:15
2022-05-29 10:14:27,2022-05-29 10:16:46,Located_Outdoors, Carrying_Bag_On_Shoulder/Back_Light,annotator,Behavioral Parameters,2022-05-29 01:41:15,2022-05-29 01:43:34
2022-05-29 10:16:46,2022-05-29 10:17:21,Located_Outdoors, Carrying_Bag_On_Shoulder/Back_Light,annotator,Behavioral Parameters,2022-05-29 01:43:34,2022-05-29 01:44:09
2022-05-29 10:17:21,2022-05-29 10:18:08,Located_Outdoors, Carrying_Bag_On_Shoulder/Back_Light,annotator,Behavioral Parameters,2022-05-29 01:44:09,2022-05-29 01:44:56
2022-05-29 10:18:08,2022-05-29 10:18:16,Located_Outdoors, Carrying_Bag_On_Shoulder/Back_Light,annotator,Behavioral Parameters,2022-05-29 01:44:56,2022-05-29 01:45:04
2022-05-29 10:18:16,2022-05-29 10:19:00,Located_Outdoors, Carrying_Bag_On_Shoulder/Back_Light,annotator,Behavioral Parameters,2022-05-29 01:45:04,2022-05-29 01:45:48
2022-05-29 10:19:00,2022-05-29 10:19:06,Located_Outdoors, Carrying_Bag_On_Shoulder/Back_Light,annotator,Behavioral Parameters,2022-05-29 01:45:48,2022-05-29 01:45:54
2022-05-29 10:19:06,2022-05-29 10:20:33,Located_Outdoors, Carrying_Bag_On_Shoulder/Back_Light,annotator,Behavioral Parameters,2022-05-29 01:45:54,2022-05-29 01:47:21
2022-05-29 10:20:33,2022-05-29 10:20:47,Located_Outdoors, Carrying_Bag_On_Shoulder/Back_Light, Texting/Browsing_Phone,annotator,Behavioral Parameters,2022-05-29 01:47:21,2022-05-29 01:47:35
2022-05-29 10:20:47,2022-05-29 10:20:50,Located_Outdoors, Carrying_Bag_On_Shoulder/Back_Light, Texting/Browsing_Phone,annotator,Behavioral Parameters,2022-05-29 01:47:35,2022-05-29 01:47:38
2022-05-29 10:20:50,2022-05-29 10:21:12,Located_Outdoors, Carrying_Bag_On_Shoulder/Back_Light, Texting/Browsing_Phone,annotator,Behavioral Parameters,2022-05-29 01:47:38,2022-05-29 01:48:00
2022-05-29 10:21:12,2022-05-29 10:21:18,Located_Outdoors, Carrying_Bag_On_Shoulder/Back_Light, Texting/Browsing_Phone,annotator,Behavioral Parameters,2022-05-29 01:48:00,2022-05-29 01:48:06
2022-05-29 10:21:18,2022-05-29 10:22:32,Located_Outdoors, Carrying_Bag_On_Shoulder/Back_Light,annotator,Behavioral Parameters,2022-05-29 01:48:06,2022-05-29 01:49:20
2022-05-29 10:22:32,2022-05-29 10:22:51,Located_Outdoors, Carrying_Bag_On_Shoulder/Back_Light, Texting/Browsing_Phone,annotator,Behavioral Parameters,2022-05-29 01:49:20,2022-05-29 01:49:39
2022-05-29 10:22:51,2022-05-29 10:25:39,Located_Outdoors, Carrying_Bag_On_Shoulder/Back_Light,annotator,Behavioral Parameters,2022-05-29 01:49:39,2022-05-29 01:52:27
2022-05-29 10:25:39,2022-05-29 10:26:39,Located_Outdoors, Carrying_Bag_On_Shoulder/Back_Light, Holding_Other_Object_Light, In_Conversation,annotator,Behavioral Parameters,2022-05-29 01:52:27,2022-05-29 01:53:27
2022-05-29 10:26:39,2022-05-29 10:27:16,Located_Outdoors, Carrying_Bag_On_Shoulder/Back_Light,annotator,Behavioral Parameters,2022-05-29 01:53:27,2022-05-29 01:54:04
2022-05-29 10:27:16,2022-05-29 10:27:33,Located_Outdoors, Carrying_Bag_On_Shoulder/Back_Light, Texting/Browsing_Phone,annotator,Behavioral Parameters,2022-05-29 01:54:04,2022-05-29 01:54:21
2022-05-29 10:27:33,2022-05-29 10:28:04,Located_Outdoors, Carrying_Bag_On_Shoulder/Back_Light,annotator,Behavioral Parameters,2022-05-29 01:54:21,2022-05-29 01:54:52
2022-05-29 10:28:04,2022-05-29 10:28:11,Located_Outdoors, Carrying_Bag_On_Shoulder/Back_Light, Texting/Browsing_Phone,annotator,Behavioral Parameters,2022-05-29 01:54:52,2022-05-29 01:54:59
2022-05-29 10:28:11,2022-05-29 10:28:26,Located_Outdoors, Carrying_Bag_On_Shoulder/Back_Light, Holding_Other_Object_Light,annotator,Behavioral Parameters,2022-05-29 01:54:59,2022-05-29 01:55:14
2022-05-29 10:28:26,2022-05-29 10:28:31,Located_Outdoors, Carrying_Bag_On_Shoulder/Back_Light, Texting/Browsing_Phone,annotator,Behavioral Parameters,2022-05-29 01:55:14,2022-05-29 01:55:19
2022-05-29 10:28:31,2022-05-29 10:33:48,Located_Outdoors, Carrying_Bag_On_Shoulder/Back_Light,annotator,Behavioral Parameters,2022-05-29 01:55:19,2022-05-29 02:00:36
2022-05-29 10:33:48,2022-05-29 10:34:12,Located_Outdoors, Carrying_Bag_On_Shoulder/Back_Light, Texting/Browsing_Phone,annotator,Behavioral Parameters,2022-05-29 02:00:36,2022-05-29 02:01:00
2022-05-29 10:34:12,2022-05-29 10:34:17,Located_Outdoors, Carrying_Bag_On_Shoulder/Back_Light,annotator,Behavioral Parameters,2022-05-29 02:01:00,2022-05-29 02:01:05
2022-05-29 10:34:17,2022-05-29 10:34:38,Located_Outdoors, Carrying_Bag_On_Shoulder/Back_Light, Holding_Other_Object_Light,annotator,Behavioral Parameters,2022-05-29 02:01:05,2022-05-29 02:01:26
2022-05-29 10:34:38,2022-05-29 10:38:03,Located_Outdoors, Carrying_Bag_On_Shoulder/Back_Light,annotator,Behavioral Parameters,2022-05-29 02:01:26,2022-05-29 02:04:51
2022-05-29 10:38:03,2022-05-29 10:38:14,Located_Outdoors, Carrying_Bag_On_Shoulder/Back_Light,annotator,Behavioral Parameters,2022-05-29 02:04:51,2022-05-29 02:05:02
2022-05-29 10:38:14,2022-05-29 10:40:03,Located_Outdoors, Carrying_Bag_On_Shoulder/Back_Light,annotator,Behavioral Parameters,2022-05-29 02:05:02,2022-05-29 02:06:51
2022-05-29 10:40:03,2022-05-29 10:40:18,Located_Outdoors, Carrying_Bag_On_Shoulder/Back_Light, Texting/Browsing_Phone,annotator,Behavioral Parameters,2022-05-29 02:06:51,2022-05-29 02:07:06
2022-05-29 10:40:18,2022-05-29 10:41:20,Located_Outdoors, Carrying_Bag_On_Shoulder/Back_Light,annotator,Behavioral Parameters,2022-05-29 02:07:06,2022-05-29 02:08:08
2022-05-29 10:41:20,2022-05-29 10:44:13,Located_Outdoors, Carrying_Bag_On_Shoulder/Back_Light,annotator,Behavioral Parameters,2022-05-29 02:08:08,2022-05-29 02:11:01
2022-05-29 10:44:13,2022-05-29 10:44:38,Located_Outdoors, Carrying_Bag_On_Shoulder/Back_Light, Texting/Browsing_Phone,annotator,Behavioral Parameters,2022-05-29 02:11:01,2022-05-29 02:11:26
2022-05-29 10:44:38,2022-05-29 10:45:24,Located_Outdoors, Carrying_Bag_On_Shoulder/Back_Light,annotator,Behavioral Parameters,2022-05-29 02:11:26,2022-05-29 02:12:12
2022-05-29 10:45:24,2022-05-29 10:45:58,Located_Outdoors, Carrying_Bag_On_Shoulder/Back_Light, In_Conversation,annotator,Behavioral Parameters,2022-05-29 02:12:12,2022-05-29 02:12:46
2022-05-29 10:45:58,2022-05-29 10:46:10,Located_Outdoors, Carrying_Bag_On_Shoulder/Back_Light,annotator,Behavioral Parameters,2022-05-29 02:12:46,2022-05-29 02:12:58
2022-05-29 10:46:10,2022-05-29 10:46:27,Located_Outdoors, Carrying_Bag_On_Shoulder/Back_Light,annotator,Behavioral Parameters,2022-05-29 02:12:58,2022-05-29 02:13:15
2022-05-29 10:46:27,2022-05-29 10:46:45,Located_Outdoors, Carrying_Bag_On_Shoulder/Back_Light,annotator,Behavioral Parameters,2022-05-29 02:13:15,2022-05-29 02:13:33
2022-05-29 10:46:45,2022-05-29 10:46:51,Located_Outdoors, Carrying_Bag_On_Shoulder/Back_Light, Holding_Other_Object_Light,annotator,Behavioral Parameters,2022-05-29 02:13:33,2022-05-29 02:13:39
2022-05-29 10:46:51,2022-05-29 10:47:01,Located_Outdoors, Carrying_Bag_On_Shoulder/Back_Light, Holding_Other_Object_Light,annotator,Behavioral Parameters,2022-05-29 02:13:39,2022-05-29 02:13:49
2022-05-29 10:47:01,2022-05-29 10:47:09,Located_Outdoors, Carrying_Bag_On_Shoulder/Back_Light, Holding_Other_Object_Light,annotator,Behavioral Parameters,2022-05-29 02:13:49,2022-05-29 02:13:57
2022-05-29 10:47:09,2022-05-29 10:47:18,Located_Outdoors, Carrying_Bag_On_Shoulder/Back_Light, Holding_Other_Object_Light,annotator,Behavioral Parameters,2022-05-29 02:13:57,2022-05-29 02:14:06
2022-05-29 10:47:18,2022-05-29 10:47:37,Located_Outdoors, Carrying_Bag_On_Shoulder/Back_Light, Holding_Other_Object_Light,annotator,Behavioral Parameters,2022-05-29 02:14:06,2022-05-29 02:14:25
2022-05-29 10:47:37,2022-05-29 10:47:47,Located_Outdoors, Carrying_Bag_On_Shoulder/Back_Light,annotator,Behavioral Parameters,2022-05-29 02:14:25,2022-05-29 02:14:35
2022-05-29 10:47:47,2022-05-29 10:51:19,Located_Outdoors, Carrying_Bag_On_Shoulder/Back_Light,annotator,Behavioral Parameters,2022-05-29 02:14:35,2022-05-29 02:18:07
2022-05-29 10:51:19,2022-05-29 10:52:01,Located_Outdoors, Carrying_Bag_On_Shoulder/Back_Light, Texting/Browsing_Phone,annotator,Behavioral Parameters,2022-05-29 02:18:07,2022-05-29 02:18:49
2022-05-29 10:52:01,2022-05-29 10:52:28,Located_Outdoors, Carrying_Bag_On_Shoulder/Back_Light,annotator,Behavioral Parameters,2022-05-29 02:18:49,2022-05-29 02:19:16
2022-05-29 10:52:28,2022-05-29 10:52:41,Located_Outdoors, Carrying_Bag_On_Shoulder/Back_Light, In_Conversation,annotator,Behavioral Parameters,2022-05-29 02:19:16,2022-05-29 02:19:29
2022-05-29 10:52:41,2022-05-29 10:55:13,Located_Outdoors, Carrying_Bag_On_Shoulder/Back_Light,annotator,Behavioral Parameters,2022-05-29 02:19:29,2022-05-29 02:22:01
2022-05-29 10:55:13,2022-05-29 10:55:41,Located_Outdoors, Carrying_Bag_On_Shoulder/Back_Light,annotator,Behavioral Parameters,2022-05-29 02:22:01,2022-05-29 02:22:29
2022-05-29 10:55:41,2022-05-29 10:55:53,Located_Outdoors, Carrying_Bag_On_Shoulder/Back_Light,annotator,Behavioral Parameters,2022-05-29 02:22:29,2022-05-29 02:22:41
2022-05-29 10:55:53,2022-05-29 10:55:58,Located_Outdoors, Carrying_Bag_On_Shoulder/Back_Light,annotator,Behavioral Parameters,2022-05-29 02:22:41,2022-05-29 02:22:46
2022-05-29 10:55:58,2022-05-29 10:56:49,Located_Outdoors, Carrying_Bag_On_Shoulder/Back_Light,annotator,Behavioral Parameters,2022-05-29 02:22:46,2022-05-29 02:23:37
2022-05-29 10:56:49,2022-05-29 10:56:54,Located_Outdoors, Carrying_Bag_On_Shoulder/Back_Light,annotator,Behavioral Parameters,2022-05-29 02:23:37,2022-05-29 02:23:42
2022-05-29 10:56:54,2022-05-29 11:00:32,Located_Outdoors, Carrying_Bag_On_Shoulder/Back_Light,annotator,Behavioral Parameters,2022-05-29 02:23:42,2022-05-29 02:27:20
2022-05-29 11:00:32,2022-05-29 11:01:02,Located_Outdoors, Carrying_Bag_On_Shoulder/Back_Light, Texting/Browsing_Phone,annotator,Behavioral Parameters,2022-05-29 02:27:20,2022-05-29 02:27:50
2022-05-29 11:01:02,2022-05-29 11:03:23,Located_Outdoors, Carrying_Bag_On_Shoulder/Back_Light,annotator,Behavioral Parameters,2022-05-29 02:27:50,2022-05-29 02:30:11
2022-05-29 11:03:23,2022-05-29 11:03:59,Located_Outdoors, Carrying_Bag_On_Shoulder/Back_Light, In_Conversation,annotator,Behavioral Parameters,2022-05-29 02:30:11,2022-05-29 02:30:47
2022-05-29 11:03:59,2022-05-29 11:04:05,Located_Outdoors, Carrying_Bag_On_Shoulder/Back_Light, In_Conversation,annotator,Behavioral Parameters,2022-05-29 02:30:47,2022-05-29 02:30:53
2022-05-29 11:04:05,2022-05-29 11:04:31,Carrying_Bag_On_Shoulder/Back_Light, In_Conversation, Located_Outdoors,annotator,Behavioral Parameters,2022-05-29 02:30:53,2022-05-29 02:31:19
2022-05-29 11:04:31,2022-05-29 11:05:57,Carrying_Bag_On_Shoulder/Back_Light, Located_Outdoors,annotator,Behavioral Parameters,2022-05-29 02:31:19,2022-05-29 02:32:45
2022-05-29 11:05:57,2022-05-29 11:06:17,Carrying_Bag_On_Shoulder/Back_Light, Located_Outdoors,annotator,Behavioral Parameters,2022-05-29 02:32:45,2022-05-29 02:33:05
2022-05-29 11:06:17,2022-05-29 11:07:00,Carrying_Bag_On_Shoulder/Back_Light, Located_Outdoors, Texting/Browsing_Phone,annotator,Behavioral Parameters,2022-05-29 02:33:05,2022-05-29 02:33:48
2022-05-29 11:07:00,2022-05-29 11:07:35,Carrying_Bag_On_Shoulder/Back_Light, Located_Outdoors,annotator,Behavioral Parameters,2022-05-29 02:33:48,2022-05-29 02:34:23
2022-05-29 11:07:35,2022-05-29 11:08:37,Carrying_Bag_On_Shoulder/Back_Light, Located_Outdoors, In_Conversation,annotator,Behavioral Parameters,2022-05-29 02:34:23,2022-05-29 02:35:25
2022-05-29 11:08:37,2022-05-29 11:11:17,Carrying_Bag_On_Shoulder/Back_Light, Located_Outdoors,annotator,Behavioral Parameters,2022-05-29 02:35:25,2022-05-29 02:38:05
2022-05-29 11:11:17,2022-05-29 11:11:25,Carrying_Bag_On_Shoulder/Back_Light, Located_Outdoors,annotator,Behavioral Parameters,2022-05-29 02:38:05,2022-05-29 02:38:13
2022-05-29 11:11:25,2022-05-29 11:12:07,Carrying_Bag_On_Shoulder/Back_Light, Located_Outdoors,annotator,Behavioral Parameters,2022-05-29 02:38:13,2022-05-29 02:38:55
2022-05-29 11:12:07,2022-05-29 11:12:13,Carrying_Bag_On_Shoulder/Back_Light, Located_Outdoors,annotator,Behavioral Parameters,2022-05-29 02:38:55,2022-05-29 02:39:01
2022-05-29 11:12:13,2022-05-29 11:14:46,Carrying_Bag_On_Shoulder/Back_Light, Located_Outdoors,annotator,Behavioral Parameters,2022-05-29 02:39:01,2022-05-29 02:41:34
2022-05-29 11:14:46,2022-05-29 11:15:05,Carrying_Bag_On_Shoulder/Back_Light, Located_Outdoors, Texting/Browsing_Phone,annotator,Behavioral Parameters,2022-05-29 02:41:34,2022-05-29 02:41:53
2022-05-29 11:15:05,2022-05-29 11:17:24,Carrying_Bag_On_Shoulder/Back_Light, Located_Outdoors,annotator,Behavioral Parameters,2022-05-29 02:41:53,2022-05-29 02:44:12
2022-05-29 11:17:24,2022-05-29 11:17:34,Carrying_Bag_On_Shoulder/Back_Light, Located_Outdoors,annotator,Behavioral Parameters,2022-05-29 02:44:12,2022-05-29 02:44:22
2022-05-29 11:17:34,2022-05-29 11:18:22,Carrying_Bag_On_Shoulder/Back_Light, Located_Outdoors,annotator,Behavioral Parameters,2022-05-29 02:44:22,2022-05-29 02:45:10
2022-05-29 11:18:22,2022-05-29 11:18:48,Carrying_Bag_On_Shoulder/Back_Light, Located_Outdoors,annotator,Behavioral Parameters,2022-05-29 02:45:10,2022-05-29 02:45:36
2022-05-29 11:18:48,2022-05-29 11:19:05,Carrying_Bag_On_Shoulder/Back_Light, Located_Outdoors,annotator,Behavioral Parameters,2022-05-29 02:45:36,2022-05-29 02:45:53
2022-05-29 11:19:05,2022-05-29 11:19:10,Located_Outdoors, In_Conversation, Texting/Browsing_Phone,annotator,Behavioral Parameters,2022-05-29 02:45:53,2022-05-29 02:45:58
2022-05-29 11:19:10,2022-05-29 11:19:34,Located_Outdoors, In_Conversation, Carrying_Bag_On_Shoulder/Back_Light,annotator,Behavioral Parameters,2022-05-29 02:45:58,2022-05-29 02:46:22
2022-05-29 11:19:35,2022-05-29 11:20:05,Located_Outdoors, In_Conversation,annotator,Behavioral Parameters,2022-05-29 02:46:23,2022-05-29 02:46:53
2022-05-29 11:20:05,2022-05-29 11:20:23,Located_Outdoors, In_Conversation, Texting/Browsing_Phone,annotator,Behavioral Parameters,2022-05-29 02:46:53,2022-05-29 02:47:11
2022-05-29 11:20:23,2022-05-29 11:20:53,Located_Outdoors, In_Conversation,annotator,Behavioral Parameters,2022-05-29 02:47:11,2022-05-29 02:47:41
2022-05-29 11:20:53,2022-05-29 11:21:19,Located_Outdoors, In_Conversation, Texting/Browsing_Phone,annotator,Behavioral Parameters,2022-05-29 02:47:41,2022-05-29 02:48:07
2022-05-29 11:21:19,2022-05-29 11:24:14,Located_Outdoors, In_Conversation, Holding_Other_Object_Light,annotator,Behavioral Parameters,2022-05-29 02:48:07,2022-05-29 02:51:02
2022-05-29 11:24:14,2022-05-29 11:24:28,Located_Outdoors, In_Conversation,annotator,Behavioral Parameters,2022-05-29 02:51:02,2022-05-29 02:51:16
2022-05-29 11:24:28,2022-05-29 11:24:38,Located_Outdoors, In_Conversation, Holding_Bag/BriefCase_Hand_Light,annotator,Behavioral Parameters,2022-05-29 02:51:16,2022-05-29 02:51:26
2022-05-29 11:24:38,2022-05-29 11:24:57,Located_Outdoors, In_Conversation, Carrying_Bag_On_Shoulder/Back_Light,annotator,Behavioral Parameters,2022-05-29 02:51:26,2022-05-29 02:51:45
2022-05-29 11:24:57,2022-05-29 11:28:49,Located_Outdoors, Carrying_Bag_On_Shoulder/Back_Light,annotator,Behavioral Parameters,2022-05-29 02:51:45,2022-05-29 02:55:37
2022-05-29 11:28:49,2022-05-29 11:29:10,Located_Outdoors, Carrying_Bag_On_Shoulder/Back_Light, Texting/Browsing_Phone,annotator,Behavioral Parameters,2022-05-29 02:55:37,2022-05-29 02:55:58
2022-05-29 11:29:10,2022-05-29 11:31:25,Located_Outdoors, Carrying_Bag_On_Shoulder/Back_Light,annotator,Behavioral Parameters,2022-05-29 02:55:58,2022-05-29 02:58:13
2022-05-29 11:31:25,2022-05-29 11:31:44,Located_Outdoors, Carrying_Bag_On_Shoulder/Back_Light, Texting/Browsing_Phone,annotator,Behavioral Parameters,2022-05-29 02:58:13,2022-05-29 02:58:32
2022-05-29 11:31:44,2022-05-29 11:34:21,Located_Outdoors, Carrying_Bag_On_Shoulder/Back_Light,annotator,Behavioral Parameters,2022-05-29 02:58:32,2022-05-29 03:01:09
2022-05-29 11:34:21,2022-05-29 11:34:34,Located_Outdoors, Carrying_Bag_On_Shoulder/Back_Light,annotator,Behavioral Parameters,2022-05-29 03:01:09,2022-05-29 03:01:22
2022-05-29 11:34:34,2022-05-29 11:35:11,Located_Outdoors, Carrying_Bag_On_Shoulder/Back_Light,annotator,Behavioral Parameters,2022-05-29 03:01:22,2022-05-29 03:01:59
2022-05-29 11:35:11,2022-05-29 11:36:02,Located_Outdoors, Carrying_Bag_On_Shoulder/Back_Light, Holding_Other_Object_Light,annotator,Behavioral Parameters,2022-05-29 03:01:59,2022-05-29 03:02:50
2022-05-29 11:36:02,2022-05-29 11:36:17,Located_Outdoors, Carrying_Bag_On_Shoulder/Back_Light,annotator,Behavioral Parameters,2022-05-29 03:02:50,2022-05-29 03:03:05
2022-05-29 11:36:17,2022-05-29 11:36:36,Located_Outdoors, Carrying_Bag_On_Shoulder/Back_Light,annotator,Behavioral Parameters,2022-05-29 03:03:05,2022-05-29 03:03:24
2022-05-29 11:36:36,2022-05-29 11:36:45,Located_Outdoors, Carrying_Bag_On_Shoulder/Back_Light,annotator,Behavioral Parameters,2022-05-29 03:03:24,2022-05-29 03:03:33
2022-05-29 11:36:45,2022-05-29 11:36:50,Located_Outdoors, Carrying_Bag_On_Shoulder/Back_Light,annotator,Behavioral Parameters,2022-05-29 03:03:33,2022-05-29 03:03:38
2022-05-29 11:36:50,2022-05-29 11:36:54,Located_Outdoors, Carrying_Bag_On_Shoulder/Back_Light,annotator,Behavioral Parameters,2022-05-29 03:03:38,2022-05-29 03:03:42
2022-05-29 11:36:54,2022-05-29 11:37:09,Located_Outdoors, Carrying_Bag_On_Shoulder/Back_Light,annotator,Behavioral Parameters,2022-05-29 03:03:42,2022-05-29 03:03:57
2022-05-29 11:37:09,2022-05-29 11:39:31,Located_Outdoors, Carrying_Bag_On_Shoulder/Back_Light,annotator,Behavioral Parameters,2022-05-29 03:03:57,2022-05-29 03:06:19
2022-05-29 11:39:31,2022-05-29 11:39:40,Located_Outdoors, Carrying_Bag_On_Shoulder/Back_Light, Texting/Browsing_Phone,annotator,Behavioral Parameters,2022-05-29 03:06:19,2022-05-29 03:06:28
2022-05-29 11:39:40,2022-05-29 11:40:46,Located_Outdoors, Carrying_Bag_On_Shoulder/Back_Light,annotator,Behavioral Parameters,2022-05-29 03:06:28,2022-05-29 03:07:34
2022-05-29 11:40:46,2022-05-29 11:41:10,Located_Outdoors, Carrying_Bag_On_Shoulder/Back_Light, Texting/Browsing_Phone,annotator,Behavioral Parameters,2022-05-29 03:07:34,2022-05-29 03:07:58
2022-05-29 11:41:10,2022-05-29 11:41:46,Located_Outdoors, Carrying_Bag_On_Shoulder/Back_Light,annotator,Behavioral Parameters,2022-05-29 03:07:58,2022-05-29 03:08:34
2022-05-29 11:41:46,2022-05-29 11:41:53,Located_Outdoors, Carrying_Bag_On_Shoulder/Back_Light, Texting/Browsing_Phone,annotator,Behavioral Parameters,2022-05-29 03:08:34,2022-05-29 03:08:41
2022-05-29 11:41:53,2022-05-29 11:42:19,Located_Outdoors, Carrying_Bag_On_Shoulder/Back_Light,annotator,Behavioral Parameters,2022-05-29 03:08:41,2022-05-29 03:09:07
2022-05-29 11:42:19,2022-05-29 11:42:34,Located_Outdoors, Carrying_Bag_On_Shoulder/Back_Light,annotator,Behavioral Parameters,2022-05-29 03:09:07,2022-05-29 03:09:22
2022-05-29 11:42:34,2022-05-29 11:45:44,Located_Outdoors, Carrying_Bag_On_Shoulder/Back_Light,annotator,Behavioral Parameters,2022-05-29 03:09:22,2022-05-29 03:12:32
2022-05-29 11:45:44,2022-05-29 11:46:01,Located_Outdoors, Carrying_Bag_On_Shoulder/Back_Light, Texting/Browsing_Phone,annotator,Behavioral Parameters,2022-05-29 03:12:32,2022-05-29 03:12:49
2022-05-29 11:46:01,2022-05-29 11:46:18,Located_Outdoors, Carrying_Bag_On_Shoulder/Back_Light,annotator,Behavioral Parameters,2022-05-29 03:12:49,2022-05-29 03:13:06
2022-05-29 11:46:18,2022-05-29 11:46:29,Located_Outdoors, Carrying_Bag_On_Shoulder/Back_Light, Texting/Browsing_Phone,annotator,Behavioral Parameters,2022-05-29 03:13:06,2022-05-29 03:13:17
2022-05-29 11:46:29,2022-05-29 11:47:39,Located_Outdoors, Carrying_Bag_On_Shoulder/Back_Light,annotator,Behavioral Parameters,2022-05-29 03:13:17,2022-05-29 03:14:27
2022-05-29 11:47:39,2022-05-29 11:47:48,Located_Outdoors, Carrying_Bag_On_Shoulder/Back_Light, Texting/Browsing_Phone,annotator,Behavioral Parameters,2022-05-29 03:14:27,2022-05-29 03:14:36
2022-05-29 11:47:48,2022-05-29 11:48:33,Located_Outdoors, Carrying_Bag_On_Shoulder/Back_Light,annotator,Behavioral Parameters,2022-05-29 03:14:36,2022-05-29 03:15:21
2022-05-29 11:48:33,2022-05-29 11:48:46,Located_Outdoors,annotator,Behavioral Parameters,2022-05-29 03:15:21,2022-05-29 03:15:34
2022-05-29 11:48:46,2022-05-29 11:48:53,Located_Outdoors,annotator,Behavioral Parameters,2022-05-29 03:15:34,2022-05-29 03:15:41
2022-05-29 11:48:53,2022-05-29 11:50:13,Located_Outdoors,annotator,Behavioral Parameters,2022-05-29 03:15:41,2022-05-29 03:17:01
2022-05-29 11:50:13,2022-05-29 11:50:38,Located_Outdoors,annotator,Behavioral Parameters,2022-05-29 03:17:01,2022-05-29 03:17:26
2022-05-29 11:50:38,2022-05-29 11:50:41,Located_Outdoors,annotator,Behavioral Parameters,2022-05-29 03:17:26,2022-05-29 03:17:29
2022-05-29 11:50:41,2022-05-29 11:51:30,Located_Outdoors, In_Conversation,annotator,Behavioral Parameters,2022-05-29 03:17:29,2022-05-29 03:18:18
2022-05-29 11:51:30,2022-05-29 11:54:09,Located_Outdoors, In_Conversation, Holding_Other_Object_Light,annotator,Behavioral Parameters,2022-05-29 03:18:18,2022-05-29 03:20:57
2022-05-29 11:54:09,2022-05-29 11:54:52,Located_Outdoors, In_Conversation, Carrying_Bag_On_Shoulder/Back_Light,annotator,Behavioral Parameters,2022-05-29 03:20:57,2022-05-29 03:21:40
2022-05-29 11:54:52,2022-05-29 11:56:28,Located_Outdoors, Carrying_Bag_On_Shoulder/Back_Light,annotator,Behavioral Parameters,2022-05-29 03:21:40,2022-05-29 03:23:16
2022-05-29 11:56:28,2022-05-29 11:56:52,Located_Outdoors, Carrying_Bag_On_Shoulder/Back_Light,annotator,Behavioral Parameters,2022-05-29 03:23:16,2022-05-29 03:23:40
2022-05-29 11:56:52,2022-05-29 11:57:46,Located_Outdoors, Carrying_Bag_On_Shoulder/Back_Light,annotator,Behavioral Parameters,2022-05-29 03:23:40,2022-05-29 03:24:34
2022-05-29 11:57:46,2022-05-29 11:58:05,Located_Outdoors, Carrying_Bag_On_Shoulder/Back_Light, Texting/Browsing_Phone,annotator,Behavioral Parameters,2022-05-29 03:24:34,2022-05-29 03:24:53
2022-05-29 11:58:05,2022-05-29 12:01:58,Located_Outdoors, Carrying_Bag_On_Shoulder/Back_Light,annotator,Behavioral Parameters,2022-05-29 03:24:53,2022-05-29 03:28:46
2022-05-29 12:01:58,2022-05-29 12:02:19,Located_Outdoors, Carrying_Bag_On_Shoulder/Back_Light, In_Conversation,annotator,Behavioral Parameters,2022-05-29 03:28:46,2022-05-29 03:29:07
2022-05-29 12:02:19,2022-05-29 12:03:36,Located_Outdoors, Carrying_Bag_On_Shoulder/Back_Light,annotator,Behavioral Parameters,2022-05-29 03:29:07,2022-05-29 03:30:24
2022-05-29 12:03:36,2022-05-29 12:03:47,Located_Outdoors, Carrying_Bag_On_Shoulder/Back_Light,annotator,Behavioral Parameters,2022-05-29 03:30:24,2022-05-29 03:30:35
2022-05-29 12:03:47,2022-05-29 12:03:56,Located_Outdoors, Carrying_Bag_On_Shoulder/Back_Light,annotator,Behavioral Parameters,2022-05-29 03:30:35,2022-05-29 03:30:44
2022-05-29 12:03:56,2022-05-29 12:04:13,Located_Outdoors, Carrying_Bag_On_Shoulder/Back_Light,annotator,Behavioral Parameters,2022-05-29 03:30:44,2022-05-29 03:31:01
2022-05-29 12:04:13,2022-05-29 12:05:38,Located_Outdoors, Carrying_Bag_On_Shoulder/Back_Light,annotator,Behavioral Parameters,2022-05-29 03:31:01,2022-05-29 03:32:26
2022-05-29 12:05:38,2022-05-29 12:05:49,Located_Outdoors, Carrying_Bag_On_Shoulder/Back_Light, Holding_Other_Object_Light,annotator,Behavioral Parameters,2022-05-29 03:32:26,2022-05-29 03:32:37
2022-05-29 12:05:49,2022-05-29 12:07:23,Located_Outdoors, Carrying_Bag_On_Shoulder/Back_Light,annotator,Behavioral Parameters,2022-05-29 03:32:37,2022-05-29 03:34:11
2022-05-29 12:07:23,2022-05-29 12:08:09,Located_Outdoors, Carrying_Bag_On_Shoulder/Back_Light, In_Conversation,annotator,Behavioral Parameters,2022-05-29 03:34:11,2022-05-29 03:34:57
2022-05-29 12:08:09,2022-05-29 12:08:14,Located_Outdoors, Carrying_Bag_On_Shoulder/Back_Light, In_Conversation,annotator,Behavioral Parameters,2022-05-29 03:34:57,2022-05-29 03:35:02
2022-05-29 12:08:14,2022-05-29 12:09:11,Located_Outdoors, In_Conversation, Holding_Other_Object_Light,annotator,Behavioral Parameters,2022-05-29 03:35:02,2022-05-29 03:35:59
2022-05-29 12:09:11,2022-05-29 12:09:19,Located_Outdoors, In_Conversation, Holding_Other_Object_Light,annotator,Behavioral Parameters,2022-05-29 03:35:59,2022-05-29 03:36:07
2022-05-29 12:09:19,2022-05-29 12:09:36,Located_Outdoors, In_Conversation, Texting/Browsing_Phone,annotator,Behavioral Parameters,2022-05-29 03:36:07,2022-05-29 03:36:24
2022-05-29 12:09:36,2022-05-29 12:10:52,Located_Outdoors, In_Conversation,annotator,Behavioral Parameters,2022-05-29 03:36:24,2022-05-29 03:37:40
2022-05-29 12:10:52,2022-05-29 12:12:16,Located_Outdoors, Carrying_Bag_On_Shoulder/Back_Light,annotator,Behavioral Parameters,2022-05-29 03:37:40,2022-05-29 03:39:04
2022-05-29 12:12:16,2022-05-29 12:12:26,Located_Outdoors, Carrying_Bag_On_Shoulder/Back_Light,annotator,Behavioral Parameters,2022-05-29 03:39:04,2022-05-29 03:39:14
2022-05-29 12:12:26,2022-05-29 12:13:19,Located_Outdoors, Carrying_Bag_On_Shoulder/Back_Light,annotator,Behavioral Parameters,2022-05-29 03:39:14,2022-05-29 03:40:07
2022-05-29 12:13:19,2022-05-29 12:13:52,Located_Outdoors, Carrying_Bag_On_Shoulder/Back_Light, In_Conversation,annotator,Behavioral Parameters,2022-05-29 03:40:07,2022-05-29 03:40:40
2022-05-29 12:13:52,2022-05-29 12:14:20,Located_Outdoors, Carrying_Bag_On_Shoulder/Back_Light, In_Conversation, Texting/Browsing_Phone,annotator,Behavioral Parameters,2022-05-29 03:40:40,2022-05-29 03:41:08
2022-05-29 12:14:20,2022-05-29 12:15:30,Located_Outdoors, Carrying_Bag_On_Shoulder/Back_Light, In_Conversation,annotator,Behavioral Parameters,2022-05-29 03:41:08,2022-05-29 03:42:18
2022-05-29 12:15:30,2022-05-29 12:15:47,Located_Outdoors, Carrying_Bag_On_Shoulder/Back_Light,annotator,Behavioral Parameters,2022-05-29 03:42:18,2022-05-29 03:42:35
2022-05-29 12:15:47,2022-05-29 12:16:29,Located_Outdoors, Carrying_Bag_On_Shoulder/Back_Light,annotator,Behavioral Parameters,2022-05-29 03:42:35,2022-05-29 03:43:17
2022-05-29 12:16:29,2022-05-29 12:16:36,Located_Outdoors, Carrying_Bag_On_Shoulder/Back_Light, Holding_Other_Object_Light,annotator,Behavioral Parameters,2022-05-29 03:43:17,2022-05-29 03:43:24
2022-05-29 12:16:36,2022-05-29 12:17:18,Located_Outdoors, Carrying_Bag_On_Shoulder/Back_Light,annotator,Behavioral Parameters,2022-05-29 03:43:24,2022-05-29 03:44:06
2022-05-29 12:17:18,2022-05-29 12:17:34,Located_Outdoors, Carrying_Bag_On_Shoulder/Back_Light,annotator,Behavioral Parameters,2022-05-29 03:44:06,2022-05-29 03:44:22
2022-05-29 12:17:34,2022-05-29 12:17:39,Located_Outdoors, Carrying_Bag_On_Shoulder/Back_Light, Holding_Other_Object_Light,annotator,Behavioral Parameters,2022-05-29 03:44:22,2022-05-29 03:44:27
2022-05-29 12:17:39,2022-05-29 12:18:08,Located_Outdoors, Carrying_Bag_On_Shoulder/Back_Light,annotator,Behavioral Parameters,2022-05-29 03:44:27,2022-05-29 03:44:56
2022-05-29 12:18:08,2022-05-29 12:18:24,Located_Outdoors, Carrying_Bag_On_Shoulder/Back_Light, Texting/Browsing_Phone,annotator,Behavioral Parameters,2022-05-29 03:44:56,2022-05-29 03:45:12
2022-05-29 12:18:24,2022-05-29 12:19:38,Located_Outdoors, Carrying_Bag_On_Shoulder/Back_Light,annotator,Behavioral Parameters,2022-05-29 03:45:12,2022-05-29 03:46:26
2022-05-29 12:19:38,2022-05-29 12:20:07,Located_Outdoors, Carrying_Bag_On_Shoulder/Back_Light,annotator,Behavioral Parameters,2022-05-29 03:46:26,2022-05-29 03:46:55
2022-05-29 12:20:07,2022-05-29 12:20:14,Located_Outdoors, Carrying_Bag_On_Shoulder/Back_Light,annotator,Behavioral Parameters,2022-05-29 03:46:55,2022-05-29 03:47:02
2022-05-29 12:20:14,2022-05-29 12:20:22,Located_Outdoors, Carrying_Bag_On_Shoulder/Back_Light,annotator,Behavioral Parameters,2022-05-29 03:47:02,2022-05-29 03:47:10
2022-05-29 12:20:22,2022-05-29 12:20:46,Located_Outdoors, Carrying_Bag_On_Shoulder/Back_Light,annotator,Behavioral Parameters,2022-05-29 03:47:10,2022-05-29 03:47:34
2022-05-29 12:20:46,2022-05-29 12:20:59,Located_Outdoors, Carrying_Bag_On_Shoulder/Back_Light,annotator,Behavioral Parameters,2022-05-29 03:47:34,2022-05-29 03:47:47
2022-05-29 12:20:59,2022-05-29 12:21:18,Located_Outdoors, Carrying_Bag_On_Shoulder/Back_Light,annotator,Behavioral Parameters,2022-05-29 03:47:47,2022-05-29 03:48:06
2022-05-29 12:21:18,2022-05-29 12:22:27,Located_Outdoors, Carrying_Bag_On_Shoulder/Back_Light,annotator,Behavioral Parameters,2022-05-29 03:48:06,2022-05-29 03:49:15
2022-05-29 12:22:28,2022-05-29 12:22:40,Located_Outdoors, Carrying_Bag_On_Shoulder/Back_Light, Texting/Browsing_Phone,annotator,Behavioral Parameters,2022-05-29 03:49:16,2022-05-29 03:49:28
2022-05-29 12:22:40,2022-05-29 12:22:48,Located_Outdoors, Carrying_Bag_On_Shoulder/Back_Light,annotator,Behavioral Parameters,2022-05-29 03:49:28,2022-05-29 03:49:36
2022-05-29 12:22:48,2022-05-29 12:23:06,Located_Outdoors, Carrying_Bag_On_Shoulder/Back_Light,annotator,Behavioral Parameters,2022-05-29 03:49:36,2022-05-29 03:49:54
2022-05-29 12:23:06,2022-05-29 12:24:21,Located_Outdoors, Carrying_Bag_On_Shoulder/Back_Light,annotator,Behavioral Parameters,2022-05-29 03:49:54,2022-05-29 03:51:09
2022-05-29 12:24:21,2022-05-29 12:24:28,Located_Outdoors, Carrying_Bag_On_Shoulder/Back_Light, Texting/Browsing_Phone,annotator,Behavioral Parameters,2022-05-29 03:51:09,2022-05-29 03:51:16
2022-05-29 12:24:28,2022-05-29 12:24:38,Located_Outdoors, Carrying_Bag_On_Shoulder/Back_Light,annotator,Behavioral Parameters,2022-05-29 03:51:16,2022-05-29 03:51:26
2022-05-29 12:24:38,2022-05-29 12:24:54,Located_Outdoors, Carrying_Bag_On_Shoulder/Back_Light,annotator,Behavioral Parameters,2022-05-29 03:51:26,2022-05-29 03:51:42
2022-05-29 12:24:54,2022-05-29 12:25:41,Located_Outdoors, Carrying_Bag_On_Shoulder/Back_Light,annotator,Behavioral Parameters,2022-05-29 03:51:42,2022-05-29 03:52:29
2022-05-29 12:25:43,2022-05-29 12:26:20,Located_Outdoors, Carrying_Bag_On_Shoulder/Back_Light,annotator,Behavioral Parameters,2022-05-29 03:52:31,2022-05-29 03:53:08
2022-05-29 12:26:20,2022-05-29 12:26:28,Located_Outdoors, Carrying_Bag_On_Shoulder/Back_Light, Texting/Browsing_Phone,annotator,Behavioral Parameters,2022-05-29 03:53:08,2022-05-29 03:53:16
2022-05-29 12:26:28,2022-05-29 12:26:49,Located_Outdoors, Carrying_Bag_On_Shoulder/Back_Light,annotator,Behavioral Parameters,2022-05-29 03:53:16,2022-05-29 03:53:37
2022-05-29 12:26:49,2022-05-29 12:28:00,Located_Outdoors, Carrying_Bag_On_Shoulder/Back_Light, In_Conversation,annotator,Behavioral Parameters,2022-05-29 03:53:37,2022-05-29 03:54:48
2022-05-29 12:28:00,2022-05-29 12:29:26,Located_Outdoors, Carrying_Bag_On_Shoulder/Back_Light,annotator,Behavioral Parameters,2022-05-29 03:54:48,2022-05-29 03:56:14
2022-05-29 12:29:26,2022-05-29 12:29:59,Located_Outdoors, Carrying_Bag_On_Shoulder/Back_Light,annotator,Behavioral Parameters,2022-05-29 03:56:14,2022-05-29 03:56:47
2022-05-29 12:29:59,2022-05-29 12:30:29,Located_Outdoors, Carrying_Bag_On_Shoulder/Back_Light,annotator,Behavioral Parameters,2022-05-29 03:56:47,2022-05-29 03:57:17
2022-05-29 12:30:29,2022-05-29 12:32:13,Located_Outdoors, Carrying_Bag_On_Shoulder/Back_Light,annotator,Behavioral Parameters,2022-05-29 03:57:17,2022-05-29 03:59:01
2022-05-29 12:32:13,2022-05-29 12:32:40,Located_Outdoors, Carrying_Bag_On_Shoulder/Back_Light, Holding_Other_Object_Light,annotator,Behavioral Parameters,2022-05-29 03:59:01,2022-05-29 03:59:28
2022-05-29 12:32:40,2022-05-29 12:33:02,Located_Outdoors, Carrying_Bag_On_Shoulder/Back_Light,annotator,Behavioral Parameters,2022-05-29 03:59:28,2022-05-29 03:59:50
2022-05-29 12:33:02,2022-05-29 12:33:20,Located_Outdoors, Carrying_Bag_On_Shoulder/Back_Light,annotator,Behavioral Parameters,2022-05-29 03:59:50,2022-05-29 04:00:08
2022-05-29 12:33:20,2022-05-29 12:33:28,Located_Outdoors, Carrying_Bag_On_Shoulder/Back_Light,annotator,Behavioral Parameters,2022-05-29 04:00:08,2022-05-29 04:00:16
2022-05-29 12:33:28,2022-05-29 12:33:33,Located_Outdoors, Carrying_Bag_On_Shoulder/Back_Light, Texting/Browsing_Phone,annotator,Behavioral Parameters,2022-05-29 04:00:16,2022-05-29 04:00:21
2022-05-29 12:33:33,2022-05-29 12:34:04,Located_Outdoors, Carrying_Bag_On_Shoulder/Back_Light,annotator,Behavioral Parameters,2022-05-29 04:00:21,2022-05-29 04:00:52
2022-05-29 12:34:04,2022-05-29 12:34:20,Located_Outdoors, Holding_Bag/BriefCase_Hand_Light,annotator,Behavioral Parameters,2022-05-29 04:00:52,2022-05-29 04:01:08
2022-05-29 12:34:20,2022-05-29 12:34:41,Located_Outdoors, Carrying_Bag_On_Shoulder/Back_Light,annotator,Behavioral Parameters,2022-05-29 04:01:08,2022-05-29 04:01:29
2022-05-29 12:34:41,2022-05-29 12:34:47,Located_Outdoors, Carrying_Bag_On_Shoulder/Back_Light,annotator,Behavioral Parameters,2022-05-29 04:01:29,2022-05-29 04:01:35
2022-05-29 12:34:47,2022-05-29 12:35:15,Located_Outdoors, Carrying_Bag_On_Shoulder/Back_Light,annotator,Behavioral Parameters,2022-05-29 04:01:35,2022-05-29 04:02:03
2022-05-29 12:35:15,2022-05-29 12:36:12,Located_Outdoors, Carrying_Bag_On_Shoulder/Back_Light, In_Conversation, Texting/Browsing_Phone,annotator,Behavioral Parameters,2022-05-29 04:02:03,2022-05-29 04:03:00
2022-05-29 12:36:12,2022-05-29 12:37:12,Located_Outdoors, Carrying_Bag_On_Shoulder/Back_Light, In_Conversation, Holding_Other_Object_Light,annotator,Behavioral Parameters,2022-05-29 04:03:00,2022-05-29 04:04:00
2022-05-29 12:37:12,2022-05-29 12:37:52,Located_Outdoors, Carrying_Bag_On_Shoulder/Back_Light, In_Conversation, Texting/Browsing_Phone,annotator,Behavioral Parameters,2022-05-29 04:04:00,2022-05-29 04:04:40
2022-05-29 12:37:52,2022-05-29 12:38:44,Located_Outdoors, Carrying_Bag_On_Shoulder/Back_Light, In_Conversation,annotator,Behavioral Parameters,2022-05-29 04:04:40,2022-05-29 04:05:32
2022-05-29 12:38:44,2022-05-29 12:40:38,Located_Outdoors, Carrying_Bag_On_Shoulder/Back_Light, In_Conversation,annotator,Behavioral Parameters,2022-05-29 04:05:32,2022-05-29 04:07:26
2022-05-29 12:40:38,2022-05-29 12:41:20,Located_Outdoors, Carrying_Bag_On_Shoulder/Back_Light,annotator,Behavioral Parameters,2022-05-29 04:07:26,2022-05-29 04:08:08
2022-05-29 12:41:20,2022-05-29 12:41:27,Located_Outdoors, Carrying_Bag_On_Shoulder/Back_Light,annotator,Behavioral Parameters,2022-05-29 04:08:08,2022-05-29 04:08:15
2022-05-29 12:41:27,2022-05-29 12:43:06,Located_Outdoors, Carrying_Bag_On_Shoulder/Back_Light,annotator,Behavioral Parameters,2022-05-29 04:08:15,2022-05-29 04:09:54
2022-05-29 12:43:06,2022-05-29 12:44:28,Located_Outdoors, Carrying_Bag_On_Shoulder/Back_Light,annotator,Behavioral Parameters,2022-05-29 04:09:54,2022-05-29 04:11:16
2022-05-29 12:44:28,2022-05-29 12:44:58,Located_Outdoors, Carrying_Bag_On_Shoulder/Back_Light,annotator,Behavioral Parameters,2022-05-29 04:11:16,2022-05-29 04:11:46
2022-05-29 12:44:58,2022-05-29 12:45:21,Located_Outdoors, Carrying_Bag_On_Shoulder/Back_Light,annotator,Behavioral Parameters,2022-05-29 04:11:46,2022-05-29 04:12:09
2022-05-29 12:45:21,2022-05-29 12:45:26,Located_Outdoors, Carrying_Bag_On_Shoulder/Back_Light, Holding_Other_Object_Light,annotator,Behavioral Parameters,2022-05-29 04:12:09,2022-05-29 04:12:14
2022-05-29 12:45:26,2022-05-29 12:45:35,Located_Outdoors, Carrying_Bag_On_Shoulder/Back_Light, Holding_Other_Object_Light,annotator,Behavioral Parameters,2022-05-29 04:12:14,2022-05-29 04:12:23
2022-05-29 12:45:35,2022-05-29 12:46:25,Located_Outdoors, Carrying_Bag_On_Shoulder/Back_Light,annotator,Behavioral Parameters,2022-05-29 04:12:23,2022-05-29 04:13:13
2022-05-29 12:46:25,2022-05-29 12:46:39,Located_Outdoors, Carrying_Bag_On_Shoulder/Back_Light,annotator,Behavioral Parameters,2022-05-29 04:13:13,2022-05-29 04:13:27
2022-05-29 12:46:39,2022-05-29 12:47:07,Located_Outdoors, Carrying_Bag_On_Shoulder/Back_Light,annotator,Behavioral Parameters,2022-05-29 04:13:27,2022-05-29 04:13:55
2022-05-29 12:47:07,2022-05-29 12:47:30,Located_Outdoors, Carrying_Bag_On_Shoulder/Back_Light,annotator,Behavioral Parameters,2022-05-29 04:13:55,2022-05-29 04:14:18
2022-05-29 12:47:30,2022-05-29 12:47:52,Located_Outdoors, Carrying_Bag_On_Shoulder/Back_Light,annotator,Behavioral Parameters,2022-05-29 04:14:18,2022-05-29 04:14:40
2022-05-29 12:47:52,2022-05-29 12:48:19,Located_Outdoors, Carrying_Bag_On_Shoulder/Back_Light,annotator,Behavioral Parameters,2022-05-29 04:14:40,2022-05-29 04:15:07
2022-05-29 12:48:19,2022-05-29 12:48:30,Located_Outdoors, Carrying_Bag_On_Shoulder/Back_Light,annotator,Behavioral Parameters,2022-05-29 04:15:07,2022-05-29 04:15:18
2022-05-29 12:48:30,2022-05-29 12:48:53,Located_Outdoors, Carrying_Bag_On_Shoulder/Back_Light,annotator,Behavioral Parameters,2022-05-29 04:15:18,2022-05-29 04:15:41
2022-05-29 12:48:53,2022-05-29 12:49:03,Located_Outdoors, Carrying_Bag_On_Shoulder/Back_Light, Holding_Other_Object_Light,annotator,Behavioral Parameters,2022-05-29 04:15:41,2022-05-29 04:15:51
2022-05-29 12:49:03,2022-05-29 12:49:17,Located_Outdoors, Carrying_Bag_On_Shoulder/Back_Light,annotator,Behavioral Parameters,2022-05-29 04:15:51,2022-05-29 04:16:05
2022-05-29 12:49:17,2022-05-29 12:50:22,Located_Outdoors, Carrying_Bag_On_Shoulder/Back_Light,annotator,Behavioral Parameters,2022-05-29 04:16:05,2022-05-29 04:17:10
2022-05-29 12:50:22,2022-05-29 12:50:38,Located_Outdoors, Carrying_Bag_On_Shoulder/Back_Light,annotator,Behavioral Parameters,2022-05-29 04:17:10,2022-05-29 04:17:26
2022-05-29 12:50:38,2022-05-29 12:50:43,Located_Outdoors, Carrying_Bag_On_Shoulder/Back_Light, Holding_Other_Object_Light,annotator,Behavioral Parameters,2022-05-29 04:17:26,2022-05-29 04:17:31
2022-05-29 12:50:43,2022-05-29 12:51:30,Located_Outdoors, Carrying_Bag_On_Shoulder/Back_Light,annotator,Behavioral Parameters,2022-05-29 04:17:31,2022-05-29 04:18:18
2022-05-29 12:51:30,2022-05-29 12:51:34,Located_Outdoors, Carrying_Bag_On_Shoulder/Back_Light, Holding_Other_Object_Light,annotator,Behavioral Parameters,2022-05-29 04:18:18,2022-05-29 04:18:22
2022-05-29 12:51:34,2022-05-29 12:51:41,Located_Outdoors, Carrying_Bag_On_Shoulder/Back_Light,annotator,Behavioral Parameters,2022-05-29 04:18:22,2022-05-29 04:18:29
2022-05-29 12:51:41,2022-05-29 12:51:46,Located_Outdoors, Carrying_Bag_On_Shoulder/Back_Light, Holding_Other_Object_Light,annotator,Behavioral Parameters,2022-05-29 04:18:29,2022-05-29 04:18:34
2022-05-29 12:51:46,2022-05-29 12:51:53,Located_Outdoors, Carrying_Bag_On_Shoulder/Back_Light,annotator,Behavioral Parameters,2022-05-29 04:18:34,2022-05-29 04:18:41
2022-05-29 12:51:53,2022-05-29 12:52:19,Located_Outdoors, Carrying_Bag_On_Shoulder/Back_Light, Holding_Other_Object_Light,annotator,Behavioral Parameters,2022-05-29 04:18:41,2022-05-29 04:19:07
2022-05-29 12:52:19,2022-05-29 12:53:32,Located_Outdoors, Carrying_Bag_On_Shoulder/Back_Light,annotator,Behavioral Parameters,2022-05-29 04:19:07,2022-05-29 04:20:20
2022-05-29 12:53:32,2022-05-29 12:53:43,Located_Outdoors, Carrying_Bag_On_Shoulder/Back_Light,annotator,Behavioral Parameters,2022-05-29 04:20:20,2022-05-29 04:20:31
2022-05-29 12:53:43,2022-05-29 12:55:05,Located_Outdoors, Carrying_Bag_On_Shoulder/Back_Light,annotator,Behavioral Parameters,2022-05-29 04:20:31,2022-05-29 04:21:53
2022-05-29 12:55:05,2022-05-29 12:55:17,Located_Outdoors, Carrying_Bag_On_Shoulder/Back_Light,annotator,Behavioral Parameters,2022-05-29 04:21:53,2022-05-29 04:22:05
2022-05-29 12:55:17,2022-05-29 12:55:49,Located_Outdoors, Carrying_Bag_On_Shoulder/Back_Light,annotator,Behavioral Parameters,2022-05-29 04:22:05,2022-05-29 04:22:37
2022-05-29 12:55:49,2022-05-29 12:56:03,Located_Outdoors, Carrying_Bag_On_Shoulder/Back_Light,annotator,Behavioral Parameters,2022-05-29 04:22:37,2022-05-29 04:22:51
2022-05-29 12:56:03,2022-05-29 12:56:30,Located_Outdoors, Carrying_Bag_On_Shoulder/Back_Light,annotator,Behavioral Parameters,2022-05-29 04:22:51,2022-05-29 04:23:18
2022-05-29 12:56:30,2022-05-29 12:56:39,Located_Outdoors, Carrying_Bag_On_Shoulder/Back_Light, Texting/Browsing_Phone,annotator,Behavioral Parameters,2022-05-29 04:23:18,2022-05-29 04:23:27
2022-05-29 12:56:39,2022-05-29 12:57:07,Located_Outdoors, Carrying_Bag_On_Shoulder/Back_Light,annotator,Behavioral Parameters,2022-05-29 04:23:27,2022-05-29 04:23:55
2022-05-29 12:57:07,2022-05-29 12:57:13,Located_Outdoors, Carrying_Bag_On_Shoulder/Back_Light, Holding_Other_Object_Light,annotator,Behavioral Parameters,2022-05-29 04:23:55,2022-05-29 04:24:01
2022-05-29 12:57:13,2022-05-29 12:57:29,Located_Outdoors, Carrying_Bag_On_Shoulder/Back_Light,annotator,Behavioral Parameters,2022-05-29 04:24:01,2022-05-29 04:24:17
2022-05-29 12:57:29,2022-05-29 12:57:43,Located_Outdoors, Carrying_Bag_On_Shoulder/Back_Light,annotator,Behavioral Parameters,2022-05-29 04:24:17,2022-05-29 04:24:31
2022-05-29 12:57:43,2022-05-29 12:58:25,Located_Outdoors, Carrying_Bag_On_Shoulder/Back_Light,annotator,Behavioral Parameters,2022-05-29 04:24:31,2022-05-29 04:25:13
2022-05-29 12:58:25,2022-05-29 12:58:35,Located_Outdoors, Carrying_Bag_On_Shoulder/Back_Light,annotator,Behavioral Parameters,2022-05-29 04:25:13,2022-05-29 04:25:23
2022-05-29 12:58:35,2022-05-29 12:58:57,Located_Outdoors, Carrying_Bag_On_Shoulder/Back_Light,annotator,Behavioral Parameters,2022-05-29 04:25:23,2022-05-29 04:25:45
2022-05-29 12:58:57,2022-05-29 13:00:23,Located_Outdoors, Carrying_Bag_On_Shoulder/Back_Light, In_Conversation,annotator,Behavioral Parameters,2022-05-29 04:25:45,2022-05-29 04:27:11
2022-05-29 13:00:23,2022-05-29 13:00:44,Located_Outdoors, Carrying_Bag_On_Shoulder/Back_Light,annotator,Behavioral Parameters,2022-05-29 04:27:11,2022-05-29 04:27:32
2022-05-29 13:00:44,2022-05-29 13:01:11,Located_Outdoors, Carrying_Bag_On_Shoulder/Back_Light, Texting/Browsing_Phone,annotator,Behavioral Parameters,2022-05-29 04:27:32,2022-05-29 04:27:59
2022-05-29 13:01:11,2022-05-29 13:01:19,Located_Outdoors, Carrying_Bag_On_Shoulder/Back_Light,annotator,Behavioral Parameters,2022-05-29 04:27:59,2022-05-29 04:28:07
2022-05-29 13:01:19,2022-05-29 13:03:25,Located_Outdoors, Carrying_Bag_On_Shoulder/Back_Light,annotator,Behavioral Parameters,2022-05-29 04:28:07,2022-05-29 04:30:13
2022-05-29 13:03:25,2022-05-29 13:03:31,Located_Outdoors, Carrying_Bag_On_Shoulder/Back_Light,annotator,Behavioral Parameters,2022-05-29 04:30:13,2022-05-29 04:30:19
2022-05-29 13:03:31,2022-05-29 13:03:36,Located_Outdoors, Carrying_Bag_On_Shoulder/Back_Light,annotator,Behavioral Parameters,2022-05-29 04:30:19,2022-05-29 04:30:24
2022-05-29 13:03:36,2022-05-29 13:03:45,Located_Outdoors, Carrying_Bag_On_Shoulder/Back_Light, Texting/Browsing_Phone,annotator,Behavioral Parameters,2022-05-29 04:30:24,2022-05-29 04:30:33
2022-05-29 13:03:45,2022-05-29 13:03:56,Located_Outdoors, Carrying_Bag_On_Shoulder/Back_Light, Texting/Browsing_Phone,annotator,Behavioral Parameters,2022-05-29 04:30:33,2022-05-29 04:30:44
2022-05-29 13:03:56,2022-05-29 13:04:10,Located_Outdoors, Carrying_Bag_On_Shoulder/Back_Light,annotator,Behavioral Parameters,2022-05-29 04:30:44,2022-05-29 04:30:58
2022-05-29 13:04:10,2022-05-29 13:04:15,Located_Outdoors, Carrying_Bag_On_Shoulder/Back_Light,annotator,Behavioral Parameters,2022-05-29 04:30:58,2022-05-29 04:31:03
2022-05-29 13:04:15,2022-05-29 13:04:28,Located_Outdoors, Carrying_Bag_On_Shoulder/Back_Light, Texting/Browsing_Phone,annotator,Behavioral Parameters,2022-05-29 04:31:03,2022-05-29 04:31:16
2022-05-29 13:04:28,2022-05-29 13:05:00,Located_Outdoors, Carrying_Bag_On_Shoulder/Back_Light,annotator,Behavioral Parameters,2022-05-29 04:31:16,2022-05-29 04:31:48
2022-05-29 13:05:00,2022-05-29 13:05:13,Located_Outdoors, Carrying_Bag_On_Shoulder/Back_Light,annotator,Behavioral Parameters,2022-05-29 04:31:48,2022-05-29 04:32:01
2022-05-29 13:05:13,2022-05-29 13:06:33,Located_Outdoors, Carrying_Bag_On_Shoulder/Back_Light,annotator,Behavioral Parameters,2022-05-29 04:32:01,2022-05-29 04:33:21
2022-05-29 13:06:33,2022-05-29 13:06:41,Located_Outdoors, Carrying_Bag_On_Shoulder/Back_Light,annotator,Behavioral Parameters,2022-05-29 04:33:21,2022-05-29 04:33:29
2022-05-29 13:06:41,2022-05-29 13:07:02,Located_Outdoors, Carrying_Bag_On_Shoulder/Back_Light,annotator,Behavioral Parameters,2022-05-29 04:33:29,2022-05-29 04:33:50
2022-05-29 13:07:02,2022-05-29 13:07:07,Located_Outdoors, Carrying_Bag_On_Shoulder/Back_Light,annotator,Behavioral Parameters,2022-05-29 04:33:50,2022-05-29 04:33:55
2022-05-29 13:07:07,2022-05-29 13:07:34,Located_Outdoors, Carrying_Bag_On_Shoulder/Back_Light, Texting/Browsing_Phone,annotator,Behavioral Parameters,2022-05-29 04:33:55,2022-05-29 04:34:22
2022-05-29 13:07:34,2022-05-29 13:09:07,Located_Outdoors, Carrying_Bag_On_Shoulder/Back_Light, In_Conversation,annotator,Behavioral Parameters,2022-05-29 04:34:22,2022-05-29 04:35:55
2022-05-29 13:09:07,2022-05-29 13:09:46,Located_Outdoors, Carrying_Bag_On_Shoulder/Back_Light, In_Conversation, Holding_Other_Object_Light,annotator,Behavioral Parameters,2022-05-29 04:35:55,2022-05-29 04:36:34
2022-05-29 13:09:46,2022-05-29 13:09:59,Located_Outdoors, Carrying_Bag_On_Shoulder/Back_Light, In_Conversation,annotator,Behavioral Parameters,2022-05-29 04:36:34,2022-05-29 04:36:47
2022-05-29 13:09:59,2022-05-29 13:10:30,Located_Outdoors, Carrying_Bag_On_Shoulder/Back_Light,annotator,Behavioral Parameters,2022-05-29 04:36:47,2022-05-29 04:37:18
2022-05-29 13:10:30,2022-05-29 13:10:50,Located_Outdoors, Carrying_Bag_On_Shoulder/Back_Light, Texting/Browsing_Phone,annotator,Behavioral Parameters,2022-05-29 04:37:18,2022-05-29 04:37:38
2022-05-29 13:10:50,2022-05-29 13:11:09,Located_Outdoors, Carrying_Bag_On_Shoulder/Back_Light, Texting/Browsing_Phone,annotator,Behavioral Parameters,2022-05-29 04:37:38,2022-05-29 04:37:57
2022-05-29 13:11:09,2022-05-29 13:11:39,Located_Outdoors, Carrying_Bag_On_Shoulder/Back_Light, Holding_Other_Object_Light,annotator,Behavioral Parameters,2022-05-29 04:37:57,2022-05-29 04:38:27
2022-05-29 13:11:39,2022-05-29 13:11:59,Located_Outdoors, Carrying_Bag_On_Shoulder/Back_Light, Texting/Browsing_Phone,annotator,Behavioral Parameters,2022-05-29 04:38:27,2022-05-29 04:38:47
2022-05-29 13:11:59,2022-05-29 13:12:08,Located_Outdoors, Carrying_Bag_On_Shoulder/Back_Light, Holding_Other_Object_Light,annotator,Behavioral Parameters,2022-05-29 04:38:47,2022-05-29 04:38:56
2022-05-29 13:12:08,2022-05-29 13:13:26,Located_Outdoors, Carrying_Bag_On_Shoulder/Back_Light,annotator,Behavioral Parameters,2022-05-29 04:38:56,2022-05-29 04:40:14
2022-05-29 13:13:26,2022-05-29 13:13:39,Located_Outdoors, Carrying_Bag_On_Shoulder/Back_Light,annotator,Behavioral Parameters,2022-05-29 04:40:14,2022-05-29 04:40:27
2022-05-29 13:13:39,2022-05-29 13:14:32,Located_Outdoors, Carrying_Bag_On_Shoulder/Back_Light,annotator,Behavioral Parameters,2022-05-29 04:40:27,2022-05-29 04:41:20
2022-05-29 13:14:32,2022-05-29 13:14:49,Located_Outdoors, Carrying_Bag_On_Shoulder/Back_Light, Texting/Browsing_Phone,annotator,Behavioral Parameters,2022-05-29 04:41:20,2022-05-29 04:41:37
2022-05-29 13:14:49,2022-05-29 13:15:40,Located_Outdoors, Carrying_Bag_On_Shoulder/Back_Light,annotator,Behavioral Parameters,2022-05-29 04:41:37,2022-05-29 04:42:28
2022-05-29 13:15:40,2022-05-29 13:15:55,Located_Outdoors, Carrying_Bag_On_Shoulder/Back_Light, Texting/Browsing_Phone,annotator,Behavioral Parameters,2022-05-29 04:42:28,2022-05-29 04:42:43
2022-05-29 13:15:55,2022-05-29 13:16:05,Located_Outdoors, Carrying_Bag_On_Shoulder/Back_Light, In_Conversation,annotator,Behavioral Parameters,2022-05-29 04:42:43,2022-05-29 04:42:53
2022-05-29 13:16:05,2022-05-29 13:16:22,Located_Outdoors, Carrying_Bag_On_Shoulder/Back_Light,annotator,Behavioral Parameters,2022-05-29 04:42:53,2022-05-29 04:43:10
2022-05-29 13:16:22,2022-05-29 13:17:37,Located_Outdoors, Carrying_Bag_On_Shoulder/Back_Light,annotator,Behavioral Parameters,2022-05-29 04:43:10,2022-05-29 04:44:25
2022-05-29 13:17:37,2022-05-29 13:18:39,Located_Outdoors, Carrying_Bag_On_Shoulder/Back_Light,annotator,Behavioral Parameters,2022-05-29 04:44:25,2022-05-29 04:45:27
2022-05-29 13:18:39,2022-05-29 13:19:01,Located_Outdoors, Carrying_Bag_On_Shoulder/Back_Light, Holding_Other_Object_Light,annotator,Behavioral Parameters,2022-05-29 04:45:27,2022-05-29 04:45:49
2022-05-29 13:19:01,2022-05-29 13:19:43,Located_Outdoors, Carrying_Bag_On_Shoulder/Back_Light,annotator,Behavioral Parameters,2022-05-29 04:45:49,2022-05-29 04:46:31
2022-05-29 13:19:43,2022-05-29 13:19:56,Located_Outdoors, Carrying_Bag_On_Shoulder/Back_Light,annotator,Behavioral Parameters,2022-05-29 04:46:31,2022-05-29 04:46:44
2022-05-29 13:19:56,2022-05-29 13:20:09,Located_Outdoors, Carrying_Bag_On_Shoulder/Back_Light,annotator,Behavioral Parameters,2022-05-29 04:46:44,2022-05-29 04:46:57
2022-05-29 13:20:09,2022-05-29 13:21:17,Located_Outdoors, Carrying_Bag_On_Shoulder/Back_Light, Texting/Browsing_Phone,annotator,Behavioral Parameters,2022-05-29 04:46:57,2022-05-29 04:48:05
2022-05-29 13:21:17,2022-05-29 13:21:27,Located_Outdoors, Carrying_Bag_On_Shoulder/Back_Light,annotator,Behavioral Parameters,2022-05-29 04:48:05,2022-05-29 04:48:15
2022-05-29 13:21:27,2022-05-29 13:21:34,Located_Outdoors, Carrying_Bag_On_Shoulder/Back_Light,annotator,Behavioral Parameters,2022-05-29 04:48:15,2022-05-29 04:48:22
2022-05-29 13:21:34,2022-05-29 13:22:11,Located_Outdoors, Carrying_Bag_On_Shoulder/Back_Light, Holding_Other_Object_Light,annotator,Behavioral Parameters,2022-05-29 04:48:22,2022-05-29 04:48:59
2022-05-29 13:22:11,2022-05-29 13:22:18,Located_Outdoors, Carrying_Bag_On_Shoulder/Back_Light, Holding_Other_Object_Light,annotator,Behavioral Parameters,2022-05-29 04:48:59,2022-05-29 04:49:06
2022-05-29 13:22:18,2022-05-29 13:22:27,Located_Outdoors, Carrying_Bag_On_Shoulder/Back_Light,annotator,Behavioral Parameters,2022-05-29 04:49:06,2022-05-29 04:49:15
2022-05-29 13:22:27,2022-05-29 13:22:39,Located_Outdoors, Carrying_Bag_On_Shoulder/Back_Light, Holding_Other_Object_Light,annotator,Behavioral Parameters,2022-05-29 04:49:15,2022-05-29 04:49:27
2022-05-29 13:22:39,2022-05-29 13:22:47,Located_Outdoors, Carrying_Bag_On_Shoulder/Back_Light, Holding_Other_Object_Light,annotator,Behavioral Parameters,2022-05-29 04:49:27,2022-05-29 04:49:35
2022-05-29 13:22:47,2022-05-29 13:23:04,Located_Outdoors, Carrying_Bag_On_Shoulder/Back_Light, In_Conversation,annotator,Behavioral Parameters,2022-05-29 04:49:35,2022-05-29 04:49:52
2022-05-29 13:23:04,2022-05-29 13:23:34,Located_Outdoors, Carrying_Bag_On_Shoulder/Back_Light,annotator,Behavioral Parameters,2022-05-29 04:49:52,2022-05-29 04:50:22
2022-05-29 13:23:34,2022-05-29 13:23:55,Located_Outdoors, Carrying_Bag_On_Shoulder/Back_Light,annotator,Behavioral Parameters,2022-05-29 04:50:22,2022-05-29 04:50:43
2022-05-29 13:23:55,2022-05-29 13:24:07,Located_Outdoors, Carrying_Bag_On_Shoulder/Back_Light,annotator,Behavioral Parameters,2022-05-29 04:50:43,2022-05-29 04:50:55
2022-05-29 13:24:07,2022-05-29 13:24:13,Located_Outdoors, Carrying_Bag_On_Shoulder/Back_Light,annotator,Behavioral Parameters,2022-05-29 04:50:55,2022-05-29 04:51:01
2022-05-29 13:24:13,2022-05-29 13:24:20,Located_Outdoors, Carrying_Bag_On_Shoulder/Back_Light,annotator,Behavioral Parameters,2022-05-29 04:51:01,2022-05-29 04:51:08
2022-05-29 13:24:20,2022-05-29 13:26:10,Located_Outdoors, Carrying_Bag_On_Shoulder/Back_Light,annotator,Behavioral Parameters,2022-05-29 04:51:08,2022-05-29 04:52:58
2022-05-29 13:26:10,2022-05-29 13:26:20,Located_Outdoors, Carrying_Bag_On_Shoulder/Back_Light,annotator,Behavioral Parameters,2022-05-29 04:52:58,2022-05-29 04:53:08
2022-05-29 13:26:20,2022-05-29 13:26:26,Located_Outdoors, Carrying_Bag_On_Shoulder/Back_Light, Holding_Other_Object_Light,annotator,Behavioral Parameters,2022-05-29 04:53:08,2022-05-29 04:53:14
2022-05-29 13:26:26,2022-05-29 13:26:46,Located_Outdoors, Carrying_Bag_On_Shoulder/Back_Light,annotator,Behavioral Parameters,2022-05-29 04:53:14,2022-05-29 04:53:34
2022-05-29 13:26:46,2022-05-29 13:27:11,Located_Outdoors, Carrying_Bag_On_Shoulder/Back_Light,annotator,Behavioral Parameters,2022-05-29 04:53:34,2022-05-29 04:53:59
2022-05-29 13:27:11,2022-05-29 13:27:43,Located_Outdoors, Carrying_Bag_On_Shoulder/Back_Light,annotator,Behavioral Parameters,2022-05-29 04:53:59,2022-05-29 04:54:31
2022-05-29 13:27:43,2022-05-29 13:27:50,Located_Outdoors,annotator,Behavioral Parameters,2022-05-29 04:54:31,2022-05-29 04:54:38
2022-05-29 13:27:50,2022-05-29 13:28:10,Located_Outdoors, Holding_Other_Object_Light,annotator,Behavioral Parameters,2022-05-29 04:54:38,2022-05-29 04:54:58
2022-05-29 13:28:10,2022-05-29 13:28:41,Located_Outdoors, Holding_Other_Object_Light,annotator,Behavioral Parameters,2022-05-29 04:54:58,2022-05-29 04:55:29
2022-05-29 13:28:41,2022-05-29 13:30:08,Located_Outdoors, Holding_Other_Object_Light,annotator,Behavioral Parameters,2022-05-29 04:55:29,2022-05-29 04:56:56
2022-05-29 13:30:08,2022-05-29 13:30:15,Located_Outdoors, Holding_Solid_Food,annotator,Behavioral Parameters,2022-05-29 04:56:56,2022-05-29 04:57:03
2022-05-29 13:30:15,2022-05-29 13:34:52,Located_Outdoors, Holding_Solid_Food, In_Conversation,annotator,Behavioral Parameters,2022-05-29 04:57:03,2022-05-29 05:01:40
2022-05-29 13:34:52,2022-05-29 13:36:01,Located_Outdoors, Holding_Solid_Food, In_Conversation, Texting/Browsing_Phone,annotator,Behavioral Parameters,2022-05-29 05:01:40,2022-05-29 05:02:49
2022-05-29 13:36:02,2022-05-29 13:38:49,Located_Outdoors, In_Conversation, Holding_Solid_Food,annotator,Behavioral Parameters,2022-05-29 05:02:50,2022-05-29 05:05:37
2022-05-29 13:38:49,2022-05-29 13:40:34,Located_Outdoors, In_Conversation, Holding_Other_Object_Light,annotator,Behavioral Parameters,2022-05-29 05:05:37,2022-05-29 05:07:22
2022-05-29 13:40:34,2022-05-29 13:42:25,Located_Outdoors, BP_VideoUnavailable/Indecipherable,annotator,Behavioral Parameters,2022-05-29 05:07:22,2022-05-29 05:09:13
2022-05-29 13:42:25,2022-05-29 13:42:39,Located_Outdoors, In_Conversation, Holding_Other_Object_Light,annotator,Behavioral Parameters,2022-05-29 05:09:13,2022-05-29 05:09:27
2022-05-29 13:42:39,2022-05-29 13:48:39,Located_Outdoors, In_Conversation, Holding_Solid_Food,annotator,Behavioral Parameters,2022-05-29 05:09:27,2022-05-29 05:15:27
2022-05-29 13:48:39,2022-05-29 13:53:38,Located_Outdoors, In_Conversation,annotator,Behavioral Parameters,2022-05-29 05:15:27,2022-05-29 05:20:26
2022-05-29 13:53:38,2022-05-29 13:54:17,Located_Outdoors, In_Conversation, Holding_Other_Object_Light,annotator,Behavioral Parameters,2022-05-29 05:20:26,2022-05-29 05:21:05
2022-05-29 13:54:17,2022-05-29 13:54:26,Located_Outdoors, In_Conversation,annotator,Behavioral Parameters,2022-05-29 05:21:05,2022-05-29 05:21:14
2022-05-29 13:54:26,2022-05-29 13:54:44,Located_Outdoors, In_Conversation, Holding_Other_Object_Light,annotator,Behavioral Parameters,2022-05-29 05:21:14,2022-05-29 05:21:32
2022-05-29 13:54:44,2022-05-29 13:54:59,Located_Outdoors, In_Conversation, Holding_Other_Object_Light,annotator,Behavioral Parameters,2022-05-29 05:21:32,2022-05-29 05:21:47
2022-05-29 13:54:59,2022-05-29 13:55:04,Located_Outdoors, In_Conversation, Holding_Other_Object_Light,annotator,Behavioral Parameters,2022-05-29 05:21:47,2022-05-29 05:21:52
2022-05-29 13:55:04,2022-05-29 13:55:48,Located_Outdoors, In_Conversation, Holding_Other_Object_Light,annotator,Behavioral Parameters,2022-05-29 05:21:52,2022-05-29 05:22:36
2022-05-29 13:55:48,2022-05-29 13:57:09,Located_Outdoors, In_Conversation, Holding_Other_Object_Light, Holding_Solid_Food,annotator,Behavioral Parameters,2022-05-29 05:22:36,2022-05-29 05:23:57
2022-05-29 13:57:09,2022-05-29 13:59:18,Located_Outdoors, In_Conversation, Holding_Solid_Food,annotator,Behavioral Parameters,2022-05-29 05:23:57,2022-05-29 05:26:06
2022-05-29 13:59:18,2022-05-29 14:00:12,Located_Outdoors, In_Conversation, Holding_Other_Object_Light,annotator,Behavioral Parameters,2022-05-29 05:26:06,2022-05-29 05:27:00
2022-05-29 14:00:12,2022-05-29 14:00:56,Located_Outdoors, In_Conversation, Holding_Other_Object_Light,annotator,Behavioral Parameters,2022-05-29 05:27:00,2022-05-29 05:27:44
2022-05-29 14:00:56,2022-05-29 14:02:04,Located_Outdoors, In_Conversation,annotator,Behavioral Parameters,2022-05-29 05:27:44,2022-05-29 05:28:52
2022-05-29 14:02:04,2022-05-29 14:03:47,Located_Outdoors, In_Conversation, Holding_Other_Object_Light,annotator,Behavioral Parameters,2022-05-29 05:28:52,2022-05-29 05:30:35
2022-05-29 14:03:47,2022-05-29 14:04:11,Located_Outdoors, In_Conversation, Holding_Other_Object_Light,annotator,Behavioral Parameters,2022-05-29 05:30:35,2022-05-29 05:30:59
2022-05-29 14:04:11,2022-05-29 14:05:11,Located_Outdoors, In_Conversation,annotator,Behavioral Parameters,2022-05-29 05:30:59,2022-05-29 05:31:59
2022-05-29 14:05:11,2022-05-29 14:05:44,Located_Outdoors, In_Conversation, Holding_Other_Object_Light,annotator,Behavioral Parameters,2022-05-29 05:31:59,2022-05-29 05:32:32
2022-05-29 14:05:44,2022-05-29 14:06:30,Located_Outdoors, In_Conversation,annotator,Behavioral Parameters,2022-05-29 05:32:32,2022-05-29 05:33:18
2022-05-29 14:06:30,2022-05-29 14:06:54,Located_Outdoors, In_Conversation, Holding_Other_Object_Light,annotator,Behavioral Parameters,2022-05-29 05:33:18,2022-05-29 05:33:42
2022-05-29 14:06:54,2022-05-29 14:07:41,Located_Outdoors, In_Conversation,annotator,Behavioral Parameters,2022-05-29 05:33:42,2022-05-29 05:34:29
2022-05-29 14:07:41,2022-05-29 14:08:00,Located_Outdoors, In_Conversation, Texting/Browsing_Phone,annotator,Behavioral Parameters,2022-05-29 05:34:29,2022-05-29 05:34:48
2022-05-29 14:08:00,2022-05-29 14:08:15,Located_Outdoors, In_Conversation, Holding_Other_Object_Light,annotator,Behavioral Parameters,2022-05-29 05:34:48,2022-05-29 05:35:03
2022-05-29 14:08:15,2022-05-29 14:08:56,Located_Outdoors, In_Conversation, Texting/Browsing_Phone,annotator,Behavioral Parameters,2022-05-29 05:35:03,2022-05-29 05:35:44
2022-05-29 14:08:56,2022-05-29 14:09:38,Located_Outdoors, In_Conversation, Holding_Other_Object_Light,annotator,Behavioral Parameters,2022-05-29 05:35:44,2022-05-29 05:36:26
2022-05-29 14:09:38,2022-05-29 14:11:06,Located_Outdoors, In_Conversation, Holding_Other_Object_Light,annotator,Behavioral Parameters,2022-05-29 05:36:26,2022-05-29 05:37:54
2022-05-29 14:11:06,2022-05-29 14:11:15,Located_Outdoors, In_Conversation,annotator,Behavioral Parameters,2022-05-29 05:37:54,2022-05-29 05:38:03
2022-05-29 14:11:15,2022-05-29 14:12:09,Located_Outdoors,annotator,Behavioral Parameters,2022-05-29 05:38:03,2022-05-29 05:38:57
2022-05-29 14:12:09,2022-05-29 14:12:17,Located_Outdoors, Holding_Other_Object_Light,annotator,Behavioral Parameters,2022-05-29 05:38:57,2022-05-29 05:39:05
2022-05-29 14:12:17,2022-05-29 14:12:42,Located_Outdoors,annotator,Behavioral Parameters,2022-05-29 05:39:05,2022-05-29 05:39:30
2022-05-29 14:12:42,2022-05-29 14:12:54,Located_Outdoors,annotator,Behavioral Parameters,2022-05-29 05:39:30,2022-05-29 05:39:42
2022-05-29 14:12:54,2022-05-29 14:12:58,Located_Outdoors, Holding_Other_Object_Light,annotator,Behavioral Parameters,2022-05-29 05:39:42,2022-05-29 05:39:46
2022-05-29 14:12:58,2022-05-29 14:13:11,Located_Outdoors,annotator,Behavioral Parameters,2022-05-29 05:39:46,2022-05-29 05:39:59
2022-05-29 14:13:11,2022-05-29 14:14:01,Located_Outdoors, In_Conversation, Texting/Browsing_Phone,annotator,Behavioral Parameters,2022-05-29 05:39:59,2022-05-29 05:40:49
2022-05-29 14:14:01,2022-05-29 14:15:57,Located_Outdoors,annotator,Behavioral Parameters,2022-05-29 05:40:49,2022-05-29 05:42:45
2022-05-29 14:15:57,2022-05-29 14:16:15,Located_Outdoors, Texting/Browsing_Phone,annotator,Behavioral Parameters,2022-05-29 05:42:45,2022-05-29 05:43:03
2022-05-29 14:16:15,2022-05-29 14:18:10,Located_Outdoors,annotator,Behavioral Parameters,2022-05-29 05:43:03,2022-05-29 05:44:58
2022-05-29 14:18:10,2022-05-29 14:18:32,Located_Outdoors, Texting/Browsing_Phone,annotator,Behavioral Parameters,2022-05-29 05:44:58,2022-05-29 05:45:20
