START_TIME,STOP_TIME,PREDICTION,SOURCE,LABELSET,VIDEO_START_TIME,VIDEO_END_TIME
2022-05-12 09:43:09,2022-05-12 09:44:13,In_Position_Upright,annotator,POSTURE,2022-05-12 00:00:04,2022-05-12 00:01:08
2022-05-12 09:44:13,2022-05-12 09:44:44,In_Position_Upright,annotator,POSTURE,2022-05-12 00:01:08,2022-05-12 00:01:39
2022-05-12 09:44:44,2022-05-12 09:45:16,In_Position_Upright,annotator,POSTURE,2022-05-12 00:01:39,2022-05-12 00:02:11
2022-05-12 09:45:16,2022-05-12 09:46:27,Posture_Indecipherable/Video_Insufficient,annotator,POSTURE,2022-05-12 00:02:11,2022-05-12 00:03:22
2022-05-12 09:46:27,2022-05-12 09:48:42,Lying_On_Back,annotator,POSTURE,2022-05-12 00:03:22,2022-05-12 00:05:37
2022-05-12 09:48:42,2022-05-12 09:50:10,Lying_On_Back,annotator,POSTURE,2022-05-12 00:05:37,2022-05-12 00:07:05
2022-05-12 09:50:10,2022-05-12 09:54:09,Lying_On_Back,annotator,POSTURE,2022-05-12 00:07:05,2022-05-12 00:11:04
2022-05-12 09:54:15,2022-05-12 10:11:14,Lying_On_Back,annotator,POSTURE,2022-05-12 00:11:10,2022-05-12 00:28:09
2022-05-12 10:11:16,2022-05-12 10:16:06,Lying_On_Left_Side,annotator,POSTURE,2022-05-12 00:28:11,2022-05-12 00:33:01
2022-05-12 10:16:06,2022-05-12 10:51:35,Lying_On_Left_Side,annotator,POSTURE,2022-05-12 00:33:01,2022-05-12 01:08:30
2022-05-12 10:51:37,2022-05-12 11:07:48,Lying_On_Back,annotator,POSTURE,2022-05-12 01:08:32,2022-05-12 01:24:43
2022-05-12 11:07:48,2022-05-12 11:24:32,Lying_On_Back,annotator,POSTURE,2022-05-12 01:24:43,2022-05-12 01:41:27
2022-05-12 11:24:32,2022-05-12 11:24:50,Lying_On_Back,annotator,POSTURE,2022-05-12 01:41:27,2022-05-12 01:41:45
2022-05-12 11:24:50,2022-05-12 11:37:39,Lying_On_Back,annotator,POSTURE,2022-05-12 01:41:45,2022-05-12 01:54:34
2022-05-12 11:37:39,2022-05-12 11:37:51,Lying_On_Left_Side,annotator,POSTURE,2022-05-12 01:54:34,2022-05-12 01:54:46
2022-05-12 11:37:51,2022-05-12 11:45:59,Posture_Indecipherable/Video_Insufficient,annotator,POSTURE,2022-05-12 01:54:46,2022-05-12 02:02:54
2022-05-12 11:45:59,2022-05-12 11:58:30,Lying_On_Back,annotator,POSTURE,2022-05-12 02:02:54,2022-05-12 02:15:25
2022-05-12 11:58:30,2022-05-12 12:26:03,Posture_Indecipherable/Video_Insufficient,annotator,POSTURE,2022-05-12 02:15:25,2022-05-12 02:42:58
2022-05-12 12:26:03,2022-05-12 12:41:14,Posture_Indecipherable/Video_Insufficient,annotator,POSTURE,2022-05-12 02:42:58,2022-05-12 02:58:09
2022-05-12 12:41:14,2022-05-12 12:44:40,Lying_On_Back,annotator,POSTURE,2022-05-12 02:58:09,2022-05-12 03:01:35
2022-05-12 12:44:40,2022-05-12 12:52:10,Lying_On_Back,annotator,POSTURE,2022-05-12 03:01:35,2022-05-12 03:09:05
2022-05-12 12:52:10,2022-05-12 12:55:22,Lying_On_Back,annotator,POSTURE,2022-05-12 03:09:05,2022-05-12 03:12:17
2022-05-12 12:55:22,2022-05-12 13:24:26,Posture_Indecipherable/Video_Insufficient,annotator,POSTURE,2022-05-12 03:12:17,2022-05-12 03:41:21
2022-05-12 13:24:26,2022-05-12 13:56:24,Lying_On_Left_Side,annotator,POSTURE,2022-05-12 03:41:21,2022-05-12 04:13:19
2022-05-12 13:56:26,2022-05-12 14:11:05,Posture_Indecipherable/Video_Insufficient,annotator,POSTURE,2022-05-12 04:13:21,2022-05-12 04:28:00
2022-05-12 14:11:05,2022-05-12 14:27:02,Lying_On_Back,annotator,POSTURE,2022-05-12 04:28:00,2022-05-12 04:43:57
2022-05-12 14:27:02,2022-05-12 14:29:02,Posture_Indecipherable/Video_Insufficient,annotator,POSTURE,2022-05-12 04:43:57,2022-05-12 04:45:57
2022-05-12 14:29:02,2022-05-12 14:29:16,Lying_On_Back,annotator,POSTURE,2022-05-12 04:45:57,2022-05-12 04:46:11
2022-05-12 14:29:16,2022-05-12 14:30:59,Posture_Indecipherable/Video_Insufficient,annotator,POSTURE,2022-05-12 04:46:11,2022-05-12 04:47:54
2022-05-12 14:30:59,2022-05-12 14:31:58,In_Position_Upright,annotator,POSTURE,2022-05-12 04:47:54,2022-05-12 04:48:53
2022-05-12 14:31:58,2022-05-12 14:32:57,Posture_Indecipherable/Video_Insufficient,annotator,POSTURE,2022-05-12 04:48:53,2022-05-12 04:49:52
2022-05-12 14:32:57,2022-05-12 14:33:07,In_Position_Upright,annotator,POSTURE,2022-05-12 04:49:52,2022-05-12 04:50:02
2022-05-12 14:33:07,2022-05-12 14:33:30,In_Position_Upright,annotator,POSTURE,2022-05-12 04:50:02,2022-05-12 04:50:25
2022-05-12 14:33:30,2022-05-12 14:34:08,In_Position_Upright,annotator,POSTURE,2022-05-12 04:50:25,2022-05-12 04:51:03
2022-05-12 14:34:08,2022-05-12 14:35:02,In_Position_Upright,annotator,POSTURE,2022-05-12 04:51:03,2022-05-12 04:51:57
2022-05-12 14:35:02,2022-05-12 14:35:12,In_Position_Upright,annotator,POSTURE,2022-05-12 04:51:57,2022-05-12 04:52:07
2022-05-12 14:35:12,2022-05-12 14:37:35,In_Position_Upright,annotator,POSTURE,2022-05-12 04:52:07,2022-05-12 04:54:30
2022-05-12 14:37:35,2022-05-12 14:38:02,In_Position_Upright,annotator,POSTURE,2022-05-12 04:54:30,2022-05-12 04:54:57
2022-05-12 14:38:02,2022-05-12 14:38:09,In_Position_Upright,annotator,POSTURE,2022-05-12 04:54:57,2022-05-12 04:55:04
2022-05-12 14:38:09,2022-05-12 14:38:47,In_Position_Upright,annotator,POSTURE,2022-05-12 04:55:04,2022-05-12 04:55:42
2022-05-12 14:38:47,2022-05-12 14:39:01,In_Position_Upright,annotator,POSTURE,2022-05-12 04:55:42,2022-05-12 04:55:56
2022-05-12 14:39:01,2022-05-12 15:06:39,Posture_Indecipherable/Video_Insufficient,annotator,POSTURE,2022-05-12 04:55:56,2022-05-12 05:23:34
2022-05-12 15:06:39,2022-05-12 15:06:54,In_Position_Upright,annotator,POSTURE,2022-05-12 05:23:34,2022-05-12 05:23:49
2022-05-12 15:06:54,2022-05-12 15:07:33,In_Position_Upright,annotator,POSTURE,2022-05-12 05:23:49,2022-05-12 05:24:28
2022-05-12 15:07:33,2022-05-12 15:10:20,In_Position_Upright,annotator,POSTURE,2022-05-12 05:24:28,2022-05-12 05:27:15
2022-05-12 15:10:20,2022-05-12 15:10:28,In_Position_Upright,annotator,POSTURE,2022-05-12 05:27:15,2022-05-12 05:27:23
2022-05-12 15:10:28,2022-05-12 15:10:35,In_Position_Upright,annotator,POSTURE,2022-05-12 05:27:23,2022-05-12 05:27:30
2022-05-12 15:10:36,2022-05-12 15:10:48,Posture_Indecipherable/Video_Insufficient,annotator,POSTURE,2022-05-12 05:27:31,2022-05-12 05:27:43
2022-05-12 15:10:48,2022-05-12 15:13:32,In_Position_Upright,annotator,POSTURE,2022-05-12 05:27:43,2022-05-12 05:30:27
2022-05-12 15:13:32,2022-05-12 15:13:44,In_Position_Upright,annotator,POSTURE,2022-05-12 05:30:27,2022-05-12 05:30:39
2022-05-12 15:13:44,2022-05-12 15:15:33,In_Position_Upright,annotator,POSTURE,2022-05-12 05:30:39,2022-05-12 05:32:28
2022-05-12 15:15:33,2022-05-12 15:17:13,In_Position_Upright,annotator,POSTURE,2022-05-12 05:32:28,2022-05-12 05:34:08
2022-05-12 15:17:13,2022-05-12 15:17:38,In_Position_Upright,annotator,POSTURE,2022-05-12 05:34:08,2022-05-12 05:34:33
2022-05-12 15:17:38,2022-05-12 15:18:38,In_Position_Upright,annotator,POSTURE,2022-05-12 05:34:33,2022-05-12 05:35:33
2022-05-12 15:18:38,2022-05-12 15:19:22,In_Position_Upright,annotator,POSTURE,2022-05-12 05:35:33,2022-05-12 05:36:17
2022-05-12 15:19:22,2022-05-12 15:19:36,In_Position_Upright,annotator,POSTURE,2022-05-12 05:36:17,2022-05-12 05:36:31
2022-05-12 15:19:36,2022-05-12 15:19:52,In_Position_Upright,annotator,POSTURE,2022-05-12 05:36:31,2022-05-12 05:36:47
2022-05-12 15:19:52,2022-05-12 15:20:39,In_Position_Upright,annotator,POSTURE,2022-05-12 05:36:47,2022-05-12 05:37:34
2022-05-12 15:20:39,2022-05-12 15:20:54,In_Position_Upright,annotator,POSTURE,2022-05-12 05:37:34,2022-05-12 05:37:49
2022-05-12 15:20:59,2022-05-12 15:21:21,In_Position_Upright,annotator,POSTURE,2022-05-12 05:37:54,2022-05-12 05:38:16
2022-05-12 15:21:21,2022-05-12 15:21:51,In_Position_Upright,annotator,POSTURE,2022-05-12 05:38:16,2022-05-12 05:38:46
2022-05-12 15:21:51,2022-05-12 15:23:47,In_Position_Upright,annotator,POSTURE,2022-05-12 05:38:46,2022-05-12 05:40:42
2022-05-12 15:23:47,2022-05-12 15:23:52,In_Position_Upright,annotator,POSTURE,2022-05-12 05:40:42,2022-05-12 05:40:47
2022-05-12 15:23:52,2022-05-12 15:24:40,In_Position_Upright,annotator,POSTURE,2022-05-12 05:40:47,2022-05-12 05:41:35
2022-05-12 15:24:40,2022-05-12 15:25:50,In_Position_Upright,annotator,POSTURE,2022-05-12 05:41:35,2022-05-12 05:42:45
2022-05-12 15:25:50,2022-05-12 15:26:39,In_Position_Upright,annotator,POSTURE,2022-05-12 05:42:45,2022-05-12 05:43:34
2022-05-12 15:26:39,2022-05-12 15:26:53,In_Position_Upright,annotator,POSTURE,2022-05-12 05:43:34,2022-05-12 05:43:48
2022-05-12 15:26:53,2022-05-12 15:28:10,In_Position_Upright,annotator,POSTURE,2022-05-12 05:43:48,2022-05-12 05:45:05
2022-05-12 15:28:10,2022-05-12 15:31:00,In_Position_Sitting,annotator,POSTURE,2022-05-12 05:45:05,2022-05-12 05:47:55
2022-05-12 15:31:00,2022-05-12 15:32:11,In_Position_Upright,annotator,POSTURE,2022-05-12 05:47:55,2022-05-12 05:49:06
2022-05-12 15:32:11,2022-05-12 15:33:31,In_Position_Upright,annotator,POSTURE,2022-05-12 05:49:06,2022-05-12 05:50:26
2022-05-12 15:33:31,2022-05-12 15:37:31,In_Position_Sitting,annotator,POSTURE,2022-05-12 05:50:26,2022-05-12 05:54:26
2022-05-12 15:37:31,2022-05-12 15:39:52,In_Position_Upright,annotator,POSTURE,2022-05-12 05:54:26,2022-05-12 05:56:47
2022-05-12 15:39:52,2022-05-12 15:43:52,In_Position_Upright,annotator,POSTURE,2022-05-12 05:56:47,2022-05-12 06:00:47
2022-05-12 15:43:54,2022-05-12 15:44:26,In_Position_Upright,annotator,POSTURE,2022-05-12 06:00:49,2022-05-12 06:01:21
2022-05-12 15:44:26,2022-05-12 15:45:57,In_Position_Upright,annotator,POSTURE,2022-05-12 06:01:21,2022-05-12 06:02:52
2022-05-12 15:45:57,2022-05-12 15:46:31,In_Position_Upright,annotator,POSTURE,2022-05-12 06:02:52,2022-05-12 06:03:26
2022-05-12 15:46:31,2022-05-12 15:46:42,In_Position_Upright,annotator,POSTURE,2022-05-12 06:03:26,2022-05-12 06:03:37
2022-05-12 15:46:42,2022-05-12 15:47:26,In_Position_Upright,annotator,POSTURE,2022-05-12 06:03:37,2022-05-12 06:04:21
2022-05-12 15:47:26,2022-05-12 15:48:27,In_Position_Upright,annotator,POSTURE,2022-05-12 06:04:21,2022-05-12 06:05:22
2022-05-12 15:48:27,2022-05-12 15:57:18,In_Position_Sitting,annotator,POSTURE,2022-05-12 06:05:22,2022-05-12 06:14:13
2022-05-12 15:57:18,2022-05-12 15:57:39,In_Position_Sitting,annotator,POSTURE,2022-05-12 06:14:13,2022-05-12 06:14:34
2022-05-12 15:57:39,2022-05-12 15:59:59,In_Position_Sitting,annotator,POSTURE,2022-05-12 06:14:34,2022-05-12 06:16:54
2022-05-12 15:59:59,2022-05-12 16:14:29,In_Position_Sitting,annotator,POSTURE,2022-05-12 06:16:54,2022-05-12 06:31:24
2022-05-12 16:14:29,2022-05-12 16:15:29,In_Position_Sitting,annotator,POSTURE,2022-05-12 06:31:24,2022-05-12 06:32:24
2022-05-12 16:15:29,2022-05-12 16:16:03,In_Position_Sitting,annotator,POSTURE,2022-05-12 06:32:24,2022-05-12 06:32:58
2022-05-12 16:16:03,2022-05-12 16:16:09,In_Position_Upright,annotator,POSTURE,2022-05-12 06:32:58,2022-05-12 06:33:04
2022-05-12 16:16:09,2022-05-12 16:16:36,In_Position_Upright,annotator,POSTURE,2022-05-12 06:33:04,2022-05-12 06:33:31
2022-05-12 16:16:36,2022-05-12 16:16:51,In_Position_Upright,annotator,POSTURE,2022-05-12 06:33:31,2022-05-12 06:33:46
2022-05-12 16:16:51,2022-05-12 16:18:49,In_Position_Sitting,annotator,POSTURE,2022-05-12 06:33:46,2022-05-12 06:35:44
2022-05-12 16:18:49,2022-05-12 16:25:24,In_Position_Sitting,annotator,POSTURE,2022-05-12 06:35:44,2022-05-12 06:42:19
2022-05-12 16:25:24,2022-05-12 16:25:38,Posture_Indecipherable/Video_Insufficient,annotator,POSTURE,2022-05-12 06:42:19,2022-05-12 06:42:33
2022-05-12 16:25:38,2022-05-12 16:33:55,In_Position_Sitting,annotator,POSTURE,2022-05-12 06:42:33,2022-05-12 06:50:50
2022-05-12 16:33:55,2022-05-12 16:35:49,In_Position_Sitting,annotator,POSTURE,2022-05-12 06:50:50,2022-05-12 06:52:44
2022-05-12 16:35:49,2022-05-12 16:35:55,In_Position_Upright,annotator,POSTURE,2022-05-12 06:52:44,2022-05-12 06:52:50
2022-05-12 16:35:55,2022-05-12 16:36:36,In_Position_Upright,annotator,POSTURE,2022-05-12 06:52:50,2022-05-12 06:53:31
2022-05-12 16:36:36,2022-05-12 16:36:48,In_Position_Upright,annotator,POSTURE,2022-05-12 06:53:31,2022-05-12 06:53:43
2022-05-12 16:36:48,2022-05-12 16:38:02,In_Position_Sitting,annotator,POSTURE,2022-05-12 06:53:43,2022-05-12 06:54:57
2022-05-12 16:38:02,2022-05-12 16:40:39,In_Position_Sitting,annotator,POSTURE,2022-05-12 06:54:57,2022-05-12 06:57:34
2022-05-12 16:40:39,2022-05-12 16:40:50,In_Position_Sitting,annotator,POSTURE,2022-05-12 06:57:34,2022-05-12 06:57:45
2022-05-12 16:40:50,2022-05-12 16:42:04,In_Position_Sitting,annotator,POSTURE,2022-05-12 06:57:45,2022-05-12 06:58:59
2022-05-12 16:42:04,2022-05-12 16:46:05,In_Position_Sitting,annotator,POSTURE,2022-05-12 06:58:59,2022-05-12 07:03:00
2022-05-12 16:46:05,2022-05-12 16:46:25,In_Position_Sitting,annotator,POSTURE,2022-05-12 07:03:00,2022-05-12 07:03:20
2022-05-12 16:46:25,2022-05-12 16:51:00,In_Position_Sitting,annotator,POSTURE,2022-05-12 07:03:20,2022-05-12 07:07:55
2022-05-12 16:51:01,2022-05-12 16:51:23,In_Position_Upright,annotator,POSTURE,2022-05-12 07:07:56,2022-05-12 07:08:18
2022-05-12 16:51:23,2022-05-12 16:51:35,In_Position_Sitting,annotator,POSTURE,2022-05-12 07:08:18,2022-05-12 07:08:30
2022-05-12 16:51:35,2022-05-12 16:58:18,In_Position_Sitting,annotator,POSTURE,2022-05-12 07:08:30,2022-05-12 07:15:13
2022-05-12 16:58:18,2022-05-12 17:20:34,In_Position_Sitting,annotator,POSTURE,2022-05-12 07:15:13,2022-05-12 07:37:29
2022-05-12 17:20:34,2022-05-12 17:35:37,In_Position_Sitting,annotator,POSTURE,2022-05-12 07:37:29,2022-05-12 07:52:32
2022-05-12 17:35:37,2022-05-12 17:42:24,In_Position_Sitting,annotator,POSTURE,2022-05-12 07:52:32,2022-05-12 07:59:19
2022-05-12 17:42:24,2022-05-12 17:43:03,In_Position_Sitting,annotator,POSTURE,2022-05-12 07:59:19,2022-05-12 07:59:58
2022-05-12 17:43:03,2022-05-12 17:50:05,In_Position_Sitting,annotator,POSTURE,2022-05-12 07:59:58,2022-05-12 08:07:00
2022-05-12 17:50:05,2022-05-12 17:51:11,In_Position_Sitting,annotator,POSTURE,2022-05-12 08:07:00,2022-05-12 08:08:06
2022-05-12 17:51:11,2022-05-12 17:52:18,In_Position_Sitting,annotator,POSTURE,2022-05-12 08:08:06,2022-05-12 08:09:13
2022-05-12 17:52:18,2022-05-12 17:53:25,In_Position_Upright,annotator,POSTURE,2022-05-12 08:09:13,2022-05-12 08:10:20
2022-05-12 17:53:25,2022-05-12 17:53:59,In_Position_Upright,annotator,POSTURE,2022-05-12 08:10:20,2022-05-12 08:10:54
2022-05-12 17:53:59,2022-05-12 17:54:49,In_Position_Upright,annotator,POSTURE,2022-05-12 08:10:54,2022-05-12 08:11:44
2022-05-12 17:54:49,2022-05-12 17:54:55,In_Position_Sitting,annotator,POSTURE,2022-05-12 08:11:44,2022-05-12 08:11:50
2022-05-12 17:54:55,2022-05-12 18:01:58,In_Position_Sitting,annotator,POSTURE,2022-05-12 08:11:50,2022-05-12 08:18:53
2022-05-12 18:01:58,2022-05-12 18:04:29,In_Position_Sitting,annotator,POSTURE,2022-05-12 08:18:53,2022-05-12 08:21:24
2022-05-12 18:04:29,2022-05-12 18:11:45,In_Position_Sitting,annotator,POSTURE,2022-05-12 08:21:24,2022-05-12 08:28:40
2022-05-12 18:11:45,2022-05-12 18:12:37,In_Position_Sitting,annotator,POSTURE,2022-05-12 08:28:40,2022-05-12 08:29:32
2022-05-12 18:12:37,2022-05-12 18:20:42,In_Position_Sitting,annotator,POSTURE,2022-05-12 08:29:32,2022-05-12 08:37:37
2022-05-12 18:20:42,2022-05-12 18:24:22,In_Position_Sitting,annotator,POSTURE,2022-05-12 08:37:37,2022-05-12 08:41:17
2022-05-12 18:24:22,2022-05-12 18:28:01,In_Position_Sitting,annotator,POSTURE,2022-05-12 08:41:17,2022-05-12 08:44:56
2022-05-12 18:28:01,2022-05-12 18:28:46,In_Position_Sitting,annotator,POSTURE,2022-05-12 08:44:56,2022-05-12 08:45:41
2022-05-12 18:28:46,2022-05-12 18:29:39,In_Position_Sitting,annotator,POSTURE,2022-05-12 08:45:41,2022-05-12 08:46:34
2022-05-12 18:29:39,2022-05-12 18:30:43,In_Position_Sitting,annotator,POSTURE,2022-05-12 08:46:34,2022-05-12 08:47:38
2022-05-12 18:30:43,2022-05-12 18:43:28,In_Position_Sitting,annotator,POSTURE,2022-05-12 08:47:38,2022-05-12 09:00:23
2022-05-12 18:43:29,2022-05-12 18:46:34,In_Position_Sitting,annotator,POSTURE,2022-05-12 09:00:24,2022-05-12 09:03:29
2022-05-12 18:46:34,2022-05-12 18:48:32,In_Position_Sitting,annotator,POSTURE,2022-05-12 09:03:29,2022-05-12 09:05:27
2022-05-12 18:48:32,2022-05-12 18:49:53,In_Position_Sitting,annotator,POSTURE,2022-05-12 09:05:27,2022-05-12 09:06:48
2022-05-12 18:49:53,2022-05-12 18:51:11,In_Position_Sitting,annotator,POSTURE,2022-05-12 09:06:48,2022-05-12 09:08:06
2022-05-12 18:51:11,2022-05-12 19:12:46,In_Position_Sitting,annotator,POSTURE,2022-05-12 09:08:06,2022-05-12 09:29:41
2022-05-12 19:12:46,2022-05-12 19:13:21,In_Position_Sitting,annotator,POSTURE,2022-05-12 09:29:41,2022-05-12 09:30:16
2022-05-12 19:13:21,2022-05-12 19:22:55,In_Position_Sitting,annotator,POSTURE,2022-05-12 09:30:16,2022-05-12 09:39:50
2022-05-12 19:22:55,2022-05-12 19:23:14,In_Position_Upright,annotator,POSTURE,2022-05-12 09:39:50,2022-05-12 09:40:09
2022-05-12 19:23:14,2022-05-12 19:24:09,In_Position_Upright,annotator,POSTURE,2022-05-12 09:40:09,2022-05-12 09:41:04
2022-05-12 19:24:09,2022-05-12 19:24:17,In_Position_Upright,annotator,POSTURE,2022-05-12 09:41:04,2022-05-12 09:41:12
2022-05-12 19:24:17,2022-05-12 19:24:40,In_Position_Upright,annotator,POSTURE,2022-05-12 09:41:12,2022-05-12 09:41:35
2022-05-12 19:24:40,2022-05-12 19:24:45,In_Position_Upright,annotator,POSTURE,2022-05-12 09:41:35,2022-05-12 09:41:40
2022-05-12 19:24:45,2022-05-12 19:28:27,In_Position_Upright,annotator,POSTURE,2022-05-12 09:41:40,2022-05-12 09:45:22
2022-05-12 19:28:27,2022-05-12 19:29:53,In_Position_Upright,annotator,POSTURE,2022-05-12 09:45:22,2022-05-12 09:46:48
2022-05-12 19:29:53,2022-05-12 19:30:11,In_Position_Upright,annotator,POSTURE,2022-05-12 09:46:48,2022-05-12 09:47:06
2022-05-12 19:30:11,2022-05-12 19:30:38,In_Position_Upright,annotator,POSTURE,2022-05-12 09:47:06,2022-05-12 09:47:33
2022-05-12 19:30:38,2022-05-12 19:32:50,In_Position_Upright,annotator,POSTURE,2022-05-12 09:47:33,2022-05-12 09:49:45
2022-05-12 19:32:50,2022-05-12 19:32:58,In_Position_Upright,annotator,POSTURE,2022-05-12 09:49:45,2022-05-12 09:49:53
2022-05-12 19:32:58,2022-05-12 19:34:02,In_Position_Upright,annotator,POSTURE,2022-05-12 09:49:53,2022-05-12 09:50:57
2022-05-12 19:34:02,2022-05-12 19:34:07,In_Position_Upright,annotator,POSTURE,2022-05-12 09:50:57,2022-05-12 09:51:02
2022-05-12 19:34:07,2022-05-12 19:35:20,In_Position_Upright,annotator,POSTURE,2022-05-12 09:51:02,2022-05-12 09:52:15
2022-05-12 19:35:20,2022-05-12 19:35:56,In_Position_Upright,annotator,POSTURE,2022-05-12 09:52:15,2022-05-12 09:52:51
2022-05-12 19:35:56,2022-05-12 19:40:07,In_Position_Upright,annotator,POSTURE,2022-05-12 09:52:51,2022-05-12 09:57:02
2022-05-12 19:40:07,2022-05-12 19:40:13,In_Position_Upright,annotator,POSTURE,2022-05-12 09:57:02,2022-05-12 09:57:08
2022-05-12 19:40:13,2022-05-12 19:40:44,In_Position_Upright,annotator,POSTURE,2022-05-12 09:57:08,2022-05-12 09:57:39
2022-05-12 19:40:44,2022-05-12 19:41:02,In_Position_Upright,annotator,POSTURE,2022-05-12 09:57:39,2022-05-12 09:57:57
2022-05-12 19:41:02,2022-05-12 19:41:35,In_Position_Upright,annotator,POSTURE,2022-05-12 09:57:57,2022-05-12 09:58:30
2022-05-12 19:41:35,2022-05-12 19:41:51,In_Position_Upright,annotator,POSTURE,2022-05-12 09:58:30,2022-05-12 09:58:46
2022-05-12 19:41:51,2022-05-12 19:42:31,In_Position_Upright,annotator,POSTURE,2022-05-12 09:58:46,2022-05-12 09:59:26
2022-05-12 19:42:31,2022-05-12 19:42:59,In_Position_Upright,annotator,POSTURE,2022-05-12 09:59:26,2022-05-12 09:59:54
2022-05-12 19:42:59,2022-05-12 19:44:06,In_Position_Upright,annotator,POSTURE,2022-05-12 09:59:54,2022-05-12 10:01:01
2022-05-12 19:44:06,2022-05-12 19:44:35,In_Position_Upright,annotator,POSTURE,2022-05-12 10:01:01,2022-05-12 10:01:30
2022-05-12 19:44:35,2022-05-12 19:45:20,In_Position_Upright,annotator,POSTURE,2022-05-12 10:01:30,2022-05-12 10:02:15
2022-05-12 19:45:20,2022-05-12 19:45:23,In_Position_Upright,annotator,POSTURE,2022-05-12 10:02:15,2022-05-12 10:02:18
2022-05-12 19:45:23,2022-05-12 19:45:33,In_Position_Upright,annotator,POSTURE,2022-05-12 10:02:18,2022-05-12 10:02:28
2022-05-12 19:45:33,2022-05-12 19:45:49,In_Position_Upright,annotator,POSTURE,2022-05-12 10:02:28,2022-05-12 10:02:44
2022-05-12 19:45:49,2022-05-12 19:46:28,In_Position_Upright,annotator,POSTURE,2022-05-12 10:02:44,2022-05-12 10:03:23
2022-05-12 19:46:28,2022-05-12 19:46:36,In_Position_Upright,annotator,POSTURE,2022-05-12 10:03:23,2022-05-12 10:03:31
2022-05-12 19:46:36,2022-05-12 19:50:17,In_Position_Upright,annotator,POSTURE,2022-05-12 10:03:31,2022-05-12 10:07:12
2022-05-12 19:50:17,2022-05-12 19:53:52,In_Position_Sitting,annotator,POSTURE,2022-05-12 10:07:12,2022-05-12 10:10:47
2022-05-12 19:53:52,2022-05-12 19:54:05,In_Position_Upright,annotator,POSTURE,2022-05-12 10:10:47,2022-05-12 10:11:00
2022-05-12 19:54:05,2022-05-12 19:54:25,In_Position_Upright,annotator,POSTURE,2022-05-12 10:11:00,2022-05-12 10:11:20
2022-05-12 19:54:25,2022-05-12 19:55:03,In_Position_Upright,annotator,POSTURE,2022-05-12 10:11:20,2022-05-12 10:11:58
2022-05-12 19:55:03,2022-05-12 19:55:22,In_Position_Upright,annotator,POSTURE,2022-05-12 10:11:58,2022-05-12 10:12:17
2022-05-12 19:55:22,2022-05-12 19:55:26,In_Position_Upright,annotator,POSTURE,2022-05-12 10:12:17,2022-05-12 10:12:21
2022-05-12 19:55:26,2022-05-12 19:56:40,In_Position_Upright,annotator,POSTURE,2022-05-12 10:12:21,2022-05-12 10:13:35
2022-05-12 19:56:40,2022-05-12 19:56:57,In_Position_Upright,annotator,POSTURE,2022-05-12 10:13:35,2022-05-12 10:13:52
2022-05-12 19:56:57,2022-05-12 19:57:55,In_Position_Upright,annotator,POSTURE,2022-05-12 10:13:52,2022-05-12 10:14:50
2022-05-12 19:57:55,2022-05-12 19:58:16,In_Position_Upright,annotator,POSTURE,2022-05-12 10:14:50,2022-05-12 10:15:11
2022-05-12 19:58:16,2022-05-12 19:58:29,In_Position_Sitting,annotator,POSTURE,2022-05-12 10:15:11,2022-05-12 10:15:24
2022-05-12 19:58:29,2022-05-12 20:10:43,In_Position_Sitting,annotator,POSTURE,2022-05-12 10:15:24,2022-05-12 10:27:38
