START_TIME,STOP_TIME,PREDICTION,SOURCE,LABELSET,VIDEO_START_TIME,VIDEO_END_TIME
2022-06-03 09:27:45,2022-06-03 09:27:58,Free_Living,annotator,Experimental situation,2022-06-03 00:00:00,2022-06-03 00:00:13
2022-06-03 09:27:58,2022-06-03 09:28:21,Free_Living,annotator,Experimental situation,2022-06-03 00:00:13,2022-06-03 00:00:36
2022-06-03 09:28:21,2022-06-03 09:28:30,Free_Living,annotator,Experimental situation,2022-06-03 00:00:36,2022-06-03 00:00:45
2022-06-03 09:28:30,2022-06-03 09:28:35,Free_Living,annotator,Experimental situation,2022-06-03 00:00:45,2022-06-03 00:00:50
2022-06-03 09:28:35,2022-06-03 09:29:23,Free_Living,annotator,Experimental situation,2022-06-03 00:00:50,2022-06-03 00:01:38
2022-06-03 09:29:23,2022-06-03 09:29:38,Free_Living,annotator,Experimental situation,2022-06-03 00:01:38,2022-06-03 00:01:53
2022-06-03 09:29:38,2022-06-03 09:29:44,Free_Living,annotator,Experimental situation,2022-06-03 00:01:53,2022-06-03 00:01:59
2022-06-03 09:29:44,2022-06-03 09:30:00,Free_Living,annotator,Experimental situation,2022-06-03 00:01:59,2022-06-03 00:02:15
2022-06-03 09:30:00,2022-06-03 09:30:08,Free_Living,annotator,Experimental situation,2022-06-03 00:02:15,2022-06-03 00:02:23
2022-06-03 09:30:08,2022-06-03 09:30:28,Free_Living,annotator,Experimental situation,2022-06-03 00:02:23,2022-06-03 00:02:43
2022-06-03 09:30:28,2022-06-03 09:30:38,Free_Living,annotator,Experimental situation,2022-06-03 00:02:43,2022-06-03 00:02:53
2022-06-03 09:30:38,2022-06-03 09:30:45,Free_Living,annotator,Experimental situation,2022-06-03 00:02:53,2022-06-03 00:03:00
2022-06-03 09:30:45,2022-06-03 09:30:52,Free_Living,annotator,Experimental situation,2022-06-03 00:03:00,2022-06-03 00:03:07
2022-06-03 09:30:52,2022-06-03 09:30:55,Free_Living,annotator,Experimental situation,2022-06-03 00:03:07,2022-06-03 00:03:10
2022-06-03 09:30:55,2022-06-03 09:30:59,Free_Living,annotator,Experimental situation,2022-06-03 00:03:10,2022-06-03 00:03:14
2022-06-03 09:30:59,2022-06-03 09:31:17,Free_Living,annotator,Experimental situation,2022-06-03 00:03:14,2022-06-03 00:03:32
2022-06-03 09:31:17,2022-06-03 09:31:33,Free_Living,annotator,Experimental situation,2022-06-03 00:03:32,2022-06-03 00:03:48
2022-06-03 09:31:33,2022-06-03 09:31:41,Free_Living,annotator,Experimental situation,2022-06-03 00:03:48,2022-06-03 00:03:56
2022-06-03 09:31:41,2022-06-03 09:31:46,Free_Living,annotator,Experimental situation,2022-06-03 00:03:56,2022-06-03 00:04:01
2022-06-03 09:31:46,2022-06-03 09:31:53,Free_Living,annotator,Experimental situation,2022-06-03 00:04:01,2022-06-03 00:04:08
2022-06-03 09:31:53,2022-06-03 09:32:04,Free_Living,annotator,Experimental situation,2022-06-03 00:04:08,2022-06-03 00:04:19
2022-06-03 09:32:04,2022-06-03 09:32:25,Free_Living,annotator,Experimental situation,2022-06-03 00:04:19,2022-06-03 00:04:40
2022-06-03 09:32:25,2022-06-03 09:32:40,Free_Living,annotator,Experimental situation,2022-06-03 00:04:40,2022-06-03 00:04:55
2022-06-03 09:32:40,2022-06-03 09:33:12,Free_Living,annotator,Experimental situation,2022-06-03 00:04:55,2022-06-03 00:05:27
2022-06-03 09:33:12,2022-06-03 09:33:47,Free_Living,annotator,Experimental situation,2022-06-03 00:05:27,2022-06-03 00:06:02
2022-06-03 09:33:47,2022-06-03 09:34:18,Free_Living,annotator,Experimental situation,2022-06-03 00:06:02,2022-06-03 00:06:33
2022-06-03 09:34:18,2022-06-03 09:34:32,Free_Living,annotator,Experimental situation,2022-06-03 00:06:33,2022-06-03 00:06:47
2022-06-03 09:34:32,2022-06-03 09:34:38,Free_Living,annotator,Experimental situation,2022-06-03 00:06:47,2022-06-03 00:06:53
2022-06-03 09:34:38,2022-06-03 09:35:03,Free_Living,annotator,Experimental situation,2022-06-03 00:06:53,2022-06-03 00:07:18
2022-06-03 09:35:03,2022-06-03 09:35:09,Free_Living,annotator,Experimental situation,2022-06-03 00:07:18,2022-06-03 00:07:24
2022-06-03 09:35:09,2022-06-03 09:35:16,Free_Living,annotator,Experimental situation,2022-06-03 00:07:24,2022-06-03 00:07:31
2022-06-03 09:35:16,2022-06-03 09:35:28,Free_Living,annotator,Experimental situation,2022-06-03 00:07:31,2022-06-03 00:07:43
2022-06-03 09:35:28,2022-06-03 09:36:07,Free_Living,annotator,Experimental situation,2022-06-03 00:07:43,2022-06-03 00:08:22
2022-06-03 09:36:07,2022-06-03 09:36:33,Free_Living,annotator,Experimental situation,2022-06-03 00:08:22,2022-06-03 00:08:48
2022-06-03 09:36:33,2022-06-03 09:36:49,Free_Living,annotator,Experimental situation,2022-06-03 00:08:48,2022-06-03 00:09:04
2022-06-03 09:36:49,2022-06-03 09:37:00,Free_Living,annotator,Experimental situation,2022-06-03 00:09:04,2022-06-03 00:09:15
2022-06-03 09:37:00,2022-06-03 09:37:04,Free_Living,annotator,Experimental situation,2022-06-03 00:09:15,2022-06-03 00:09:19
2022-06-03 09:37:04,2022-06-03 09:37:09,Free_Living,annotator,Experimental situation,2022-06-03 00:09:19,2022-06-03 00:09:24
2022-06-03 09:37:09,2022-06-03 09:39:01,Free_Living,annotator,Experimental situation,2022-06-03 00:09:24,2022-06-03 00:11:16
2022-06-03 09:39:01,2022-06-03 09:39:49,Free_Living,annotator,Experimental situation,2022-06-03 00:11:16,2022-06-03 00:12:04
2022-06-03 09:39:49,2022-06-03 09:41:08,Free_Living,annotator,Experimental situation,2022-06-03 00:12:04,2022-06-03 00:13:23
2022-06-03 09:41:08,2022-06-03 09:41:26,Free_Living,annotator,Experimental situation,2022-06-03 00:13:23,2022-06-03 00:13:41
2022-06-03 09:41:26,2022-06-03 09:41:45,Free_Living,annotator,Experimental situation,2022-06-03 00:13:41,2022-06-03 00:14:00
2022-06-03 09:41:45,2022-06-03 09:43:31,Free_Living,annotator,Experimental situation,2022-06-03 00:14:00,2022-06-03 00:15:46
2022-06-03 09:43:31,2022-06-03 09:44:03,Free_Living,annotator,Experimental situation,2022-06-03 00:15:46,2022-06-03 00:16:18
2022-06-03 09:44:03,2022-06-03 09:44:26,Free_Living,annotator,Experimental situation,2022-06-03 00:16:18,2022-06-03 00:16:41
2022-06-03 09:44:26,2022-06-03 09:44:42,Free_Living,annotator,Experimental situation,2022-06-03 00:16:41,2022-06-03 00:16:57
2022-06-03 09:44:42,2022-06-03 09:48:07,Free_Living,annotator,Experimental situation,2022-06-03 00:16:57,2022-06-03 00:20:22
2022-06-03 09:48:07,2022-06-03 09:49:26,Free_Living,annotator,Experimental situation,2022-06-03 00:20:22,2022-06-03 00:21:41
2022-06-03 09:49:26,2022-06-03 09:50:30,Free_Living,annotator,Experimental situation,2022-06-03 00:21:41,2022-06-03 00:22:45
2022-06-03 09:50:30,2022-06-03 09:50:57,Free_Living,annotator,Experimental situation,2022-06-03 00:22:45,2022-06-03 00:23:12
2022-06-03 09:50:57,2022-06-03 09:51:30,Free_Living,annotator,Experimental situation,2022-06-03 00:23:12,2022-06-03 00:23:45
2022-06-03 09:51:30,2022-06-03 09:52:11,Free_Living,annotator,Experimental situation,2022-06-03 00:23:45,2022-06-03 00:24:26
2022-06-03 09:52:11,2022-06-03 09:52:38,Free_Living,annotator,Experimental situation,2022-06-03 00:24:26,2022-06-03 00:24:53
2022-06-03 09:52:38,2022-06-03 09:53:07,Free_Living,annotator,Experimental situation,2022-06-03 00:24:53,2022-06-03 00:25:22
2022-06-03 09:53:07,2022-06-03 09:53:48,Free_Living,annotator,Experimental situation,2022-06-03 00:25:22,2022-06-03 00:26:03
2022-06-03 09:53:48,2022-06-03 09:54:36,Free_Living,annotator,Experimental situation,2022-06-03 00:26:03,2022-06-03 00:26:51
2022-06-03 09:54:36,2022-06-03 09:54:58,Free_Living,annotator,Experimental situation,2022-06-03 00:26:51,2022-06-03 00:27:13
2022-06-03 09:54:58,2022-06-03 09:55:24,Free_Living,annotator,Experimental situation,2022-06-03 00:27:13,2022-06-03 00:27:39
2022-06-03 09:55:24,2022-06-03 09:55:51,Free_Living,annotator,Experimental situation,2022-06-03 00:27:39,2022-06-03 00:28:06
2022-06-03 09:55:51,2022-06-03 09:56:08,Free_Living,annotator,Experimental situation,2022-06-03 00:28:06,2022-06-03 00:28:23
2022-06-03 09:56:08,2022-06-03 09:56:38,Free_Living,annotator,Experimental situation,2022-06-03 00:28:23,2022-06-03 00:28:53
2022-06-03 09:56:38,2022-06-03 09:56:49,Free_Living,annotator,Experimental situation,2022-06-03 00:28:53,2022-06-03 00:29:04
2022-06-03 09:56:49,2022-06-03 09:57:01,Free_Living,annotator,Experimental situation,2022-06-03 00:29:04,2022-06-03 00:29:16
2022-06-03 09:57:01,2022-06-03 09:57:19,Free_Living,annotator,Experimental situation,2022-06-03 00:29:16,2022-06-03 00:29:34
2022-06-03 09:57:19,2022-06-03 09:59:16,Free_Living,annotator,Experimental situation,2022-06-03 00:29:34,2022-06-03 00:31:31
2022-06-03 09:59:16,2022-06-03 09:59:39,Free_Living,annotator,Experimental situation,2022-06-03 00:31:31,2022-06-03 00:31:54
2022-06-03 09:59:39,2022-06-03 09:59:56,Free_Living,annotator,Experimental situation,2022-06-03 00:31:54,2022-06-03 00:32:11
2022-06-03 09:59:56,2022-06-03 10:00:19,Free_Living,annotator,Experimental situation,2022-06-03 00:32:11,2022-06-03 00:32:34
2022-06-03 10:00:19,2022-06-03 10:02:29,Free_Living,annotator,Experimental situation,2022-06-03 00:32:34,2022-06-03 00:34:44
2022-06-03 10:02:29,2022-06-03 10:05:05,Free_Living,annotator,Experimental situation,2022-06-03 00:34:44,2022-06-03 00:37:20
2022-06-03 10:05:05,2022-06-03 10:06:31,Free_Living,annotator,Experimental situation,2022-06-03 00:37:20,2022-06-03 00:38:46
2022-06-03 10:06:31,2022-06-03 10:07:05,Free_Living,annotator,Experimental situation,2022-06-03 00:38:46,2022-06-03 00:39:20
2022-06-03 10:07:05,2022-06-03 10:09:55,Free_Living,annotator,Experimental situation,2022-06-03 00:39:20,2022-06-03 00:42:10
2022-06-03 10:09:55,2022-06-03 10:11:01,Free_Living,annotator,Experimental situation,2022-06-03 00:42:10,2022-06-03 00:43:16
2022-06-03 10:11:01,2022-06-03 10:13:13,Free_Living,annotator,Experimental situation,2022-06-03 00:43:16,2022-06-03 00:45:28
2022-06-03 10:13:13,2022-06-03 10:13:32,Free_Living,annotator,Experimental situation,2022-06-03 00:45:28,2022-06-03 00:45:47
2022-06-03 10:13:32,2022-06-03 10:13:57,Free_Living,annotator,Experimental situation,2022-06-03 00:45:47,2022-06-03 00:46:12
2022-06-03 10:13:32,2022-06-03 10:13:32,Free_Living,annotator,Experimental situation,2022-06-03 00:45:47,2022-06-03 00:45:47
2022-06-03 10:13:57,2022-06-03 10:14:20,Free_Living,annotator,Experimental situation,2022-06-03 00:46:12,2022-06-03 00:46:35
2022-06-03 10:14:20,2022-06-03 10:14:45,Free_Living,annotator,Experimental situation,2022-06-03 00:46:35,2022-06-03 00:47:00
2022-06-03 10:14:45,2022-06-03 10:15:02,Free_Living,annotator,Experimental situation,2022-06-03 00:47:00,2022-06-03 00:47:17
2022-06-03 10:15:02,2022-06-03 10:15:54,Free_Living,annotator,Experimental situation,2022-06-03 00:47:17,2022-06-03 00:48:09
2022-06-03 10:15:54,2022-06-03 10:16:35,Free_Living,annotator,Experimental situation,2022-06-03 00:48:09,2022-06-03 00:48:50
2022-06-03 10:16:35,2022-06-03 10:17:20,Free_Living,annotator,Experimental situation,2022-06-03 00:48:50,2022-06-03 00:49:35
2022-06-03 10:17:20,2022-06-03 10:17:58,Free_Living,annotator,Experimental situation,2022-06-03 00:49:35,2022-06-03 00:50:13
2022-06-03 10:17:58,2022-06-03 10:18:07,Free_Living,annotator,Experimental situation,2022-06-03 00:50:13,2022-06-03 00:50:22
2022-06-03 10:18:07,2022-06-03 10:18:53,Free_Living,annotator,Experimental situation,2022-06-03 00:50:22,2022-06-03 00:51:08
2022-06-03 10:18:53,2022-06-03 10:19:38,Free_Living,annotator,Experimental situation,2022-06-03 00:51:08,2022-06-03 00:51:53
2022-06-03 10:19:38,2022-06-03 10:20:56,Free_Living,annotator,Experimental situation,2022-06-03 00:51:53,2022-06-03 00:53:11
2022-06-03 10:20:56,2022-06-03 10:21:10,Free_Living,annotator,Experimental situation,2022-06-03 00:53:11,2022-06-03 00:53:25
2022-06-03 10:21:10,2022-06-03 10:21:20,Free_Living,annotator,Experimental situation,2022-06-03 00:53:25,2022-06-03 00:53:35
2022-06-03 10:21:20,2022-06-03 10:21:39,Free_Living,annotator,Experimental situation,2022-06-03 00:53:35,2022-06-03 00:53:54
2022-06-03 10:21:39,2022-06-03 10:22:26,Free_Living,annotator,Experimental situation,2022-06-03 00:53:54,2022-06-03 00:54:41
2022-06-03 10:22:26,2022-06-03 10:22:39,Free_Living,annotator,Experimental situation,2022-06-03 00:54:41,2022-06-03 00:54:54
2022-06-03 10:22:39,2022-06-03 10:22:50,Free_Living,annotator,Experimental situation,2022-06-03 00:54:54,2022-06-03 00:55:05
2022-06-03 10:22:50,2022-06-03 10:24:06,Free_Living,annotator,Experimental situation,2022-06-03 00:55:05,2022-06-03 00:56:21
2022-06-03 10:24:06,2022-06-03 10:24:28,Free_Living,annotator,Experimental situation,2022-06-03 00:56:21,2022-06-03 00:56:43
2022-06-03 10:24:28,2022-06-03 10:26:01,Free_Living,annotator,Experimental situation,2022-06-03 00:56:43,2022-06-03 00:58:16
2022-06-03 10:26:01,2022-06-03 10:27:29,Free_Living,annotator,Experimental situation,2022-06-03 00:58:16,2022-06-03 00:59:44
2022-06-03 10:27:29,2022-06-03 10:27:54,Free_Living,annotator,Experimental situation,2022-06-03 00:59:44,2022-06-03 01:00:09
2022-06-03 10:27:54,2022-06-03 10:28:09,Free_Living,annotator,Experimental situation,2022-06-03 01:00:09,2022-06-03 01:00:24
2022-06-03 10:28:09,2022-06-03 10:29:01,Free_Living,annotator,Experimental situation,2022-06-03 01:00:24,2022-06-03 01:01:16
2022-06-03 10:29:01,2022-06-03 10:29:26,Free_Living,annotator,Experimental situation,2022-06-03 01:01:16,2022-06-03 01:01:41
2022-06-03 10:29:26,2022-06-03 10:30:13,Free_Living,annotator,Experimental situation,2022-06-03 01:01:41,2022-06-03 01:02:28
2022-06-03 10:30:13,2022-06-03 10:30:42,Free_Living,annotator,Experimental situation,2022-06-03 01:02:28,2022-06-03 01:02:57
2022-06-03 10:30:42,2022-06-03 10:31:11,Free_Living,annotator,Experimental situation,2022-06-03 01:02:57,2022-06-03 01:03:26
2022-06-03 10:31:13,2022-06-03 10:31:55,Free_Living,annotator,Experimental situation,2022-06-03 01:03:28,2022-06-03 01:04:10
2022-06-03 10:31:55,2022-06-03 10:33:38,Free_Living,annotator,Experimental situation,2022-06-03 01:04:10,2022-06-03 01:05:53
2022-06-03 10:33:38,2022-06-03 10:34:10,Free_Living,annotator,Experimental situation,2022-06-03 01:05:53,2022-06-03 01:06:25
2022-06-03 10:34:10,2022-06-03 10:35:19,Free_Living,annotator,Experimental situation,2022-06-03 01:06:25,2022-06-03 01:07:34
2022-06-03 10:35:19,2022-06-03 10:35:48,Free_Living,annotator,Experimental situation,2022-06-03 01:07:34,2022-06-03 01:08:03
2022-06-03 10:35:48,2022-06-03 10:44:24,Free_Living,annotator,Experimental situation,2022-06-03 01:08:03,2022-06-03 01:16:39
2022-06-03 10:44:29,2022-06-03 10:45:12,Free_Living,annotator,Experimental situation,2022-06-03 01:16:44,2022-06-03 01:17:27
2022-06-03 10:45:12,2022-06-03 10:46:15,Free_Living,annotator,Experimental situation,2022-06-03 01:17:27,2022-06-03 01:18:30
2022-06-03 10:46:15,2022-06-03 10:46:30,Free_Living,annotator,Experimental situation,2022-06-03 01:18:30,2022-06-03 01:18:45
2022-06-03 10:46:30,2022-06-03 10:47:05,Free_Living,annotator,Experimental situation,2022-06-03 01:18:45,2022-06-03 01:19:20
2022-06-03 10:47:05,2022-06-03 10:48:20,Free_Living,annotator,Experimental situation,2022-06-03 01:19:20,2022-06-03 01:20:35
2022-06-03 10:48:20,2022-06-03 10:50:44,Free_Living,annotator,Experimental situation,2022-06-03 01:20:35,2022-06-03 01:22:59
2022-06-03 10:50:44,2022-06-03 10:51:15,Free_Living,annotator,Experimental situation,2022-06-03 01:22:59,2022-06-03 01:23:30
2022-06-03 10:51:15,2022-06-03 10:53:14,Free_Living,annotator,Experimental situation,2022-06-03 01:23:30,2022-06-03 01:25:29
2022-06-03 10:53:14,2022-06-03 10:57:53,Free_Living,annotator,Experimental situation,2022-06-03 01:25:29,2022-06-03 01:30:08
2022-06-03 10:57:53,2022-06-03 10:58:10,Free_Living,annotator,Experimental situation,2022-06-03 01:30:08,2022-06-03 01:30:25
2022-06-03 10:58:10,2022-06-03 11:00:15,Free_Living,annotator,Experimental situation,2022-06-03 01:30:25,2022-06-03 01:32:30
2022-06-03 11:00:15,2022-06-03 11:03:06,Free_Living,annotator,Experimental situation,2022-06-03 01:32:30,2022-06-03 01:35:21
2022-06-03 11:03:06,2022-06-03 11:09:21,Free_Living,annotator,Experimental situation,2022-06-03 01:35:21,2022-06-03 01:41:36
2022-06-03 11:09:21,2022-06-03 11:09:39,Free_Living,annotator,Experimental situation,2022-06-03 01:41:36,2022-06-03 01:41:54
2022-06-03 11:09:39,2022-06-03 11:12:15,Free_Living,annotator,Experimental situation,2022-06-03 01:41:54,2022-06-03 01:44:30
2022-06-03 11:12:15,2022-06-03 11:13:39,Free_Living,annotator,Experimental situation,2022-06-03 01:44:30,2022-06-03 01:45:54
2022-06-03 11:13:39,2022-06-03 11:16:16,Free_Living,annotator,Experimental situation,2022-06-03 01:45:54,2022-06-03 01:48:31
2022-06-03 11:16:16,2022-06-03 11:16:25,Free_Living,annotator,Experimental situation,2022-06-03 01:48:31,2022-06-03 01:48:40
2022-06-03 11:16:25,2022-06-03 11:16:37,Free_Living,annotator,Experimental situation,2022-06-03 01:48:40,2022-06-03 01:48:52
2022-06-03 11:16:37,2022-06-03 11:17:03,Free_Living,annotator,Experimental situation,2022-06-03 01:48:52,2022-06-03 01:49:18
2022-06-03 11:17:03,2022-06-03 11:27:19,Free_Living,annotator,Experimental situation,2022-06-03 01:49:18,2022-06-03 01:59:34
2022-06-03 11:27:19,2022-06-03 11:45:26,Free_Living,annotator,Experimental situation,2022-06-03 01:59:34,2022-06-03 02:17:41
2022-06-03 11:45:26,2022-06-03 11:46:32,Free_Living,annotator,Experimental situation,2022-06-03 02:17:41,2022-06-03 02:18:47
2022-06-03 11:46:32,2022-06-03 11:49:46,Free_Living,annotator,Experimental situation,2022-06-03 02:18:47,2022-06-03 02:22:01
2022-06-03 11:49:46,2022-06-03 11:50:32,Free_Living,annotator,Experimental situation,2022-06-03 02:22:01,2022-06-03 02:22:47
2022-06-03 11:50:32,2022-06-03 11:50:54,Free_Living,annotator,Experimental situation,2022-06-03 02:22:47,2022-06-03 02:23:09
2022-06-03 11:50:54,2022-06-03 11:51:20,Free_Living,annotator,Experimental situation,2022-06-03 02:23:09,2022-06-03 02:23:35
2022-06-03 11:51:20,2022-06-03 11:53:45,Free_Living,annotator,Experimental situation,2022-06-03 02:23:35,2022-06-03 02:26:00
2022-06-03 11:53:45,2022-06-03 11:54:13,Free_Living,annotator,Experimental situation,2022-06-03 02:26:00,2022-06-03 02:26:28
2022-06-03 11:54:13,2022-06-03 11:56:12,Free_Living,annotator,Experimental situation,2022-06-03 02:26:28,2022-06-03 02:28:27
2022-06-03 11:56:12,2022-06-03 11:56:31,Free_Living,annotator,Experimental situation,2022-06-03 02:28:27,2022-06-03 02:28:46
2022-06-03 11:56:31,2022-06-03 11:57:13,Free_Living,annotator,Experimental situation,2022-06-03 02:28:46,2022-06-03 02:29:28
2022-06-03 11:57:13,2022-06-03 11:57:31,Free_Living,annotator,Experimental situation,2022-06-03 02:29:28,2022-06-03 02:29:46
2022-06-03 11:57:31,2022-06-03 11:59:31,Free_Living,annotator,Experimental situation,2022-06-03 02:29:46,2022-06-03 02:31:46
2022-06-03 11:59:31,2022-06-03 11:59:50,Free_Living,annotator,Experimental situation,2022-06-03 02:31:46,2022-06-03 02:32:05
2022-06-03 11:59:50,2022-06-03 12:00:56,Free_Living,annotator,Experimental situation,2022-06-03 02:32:05,2022-06-03 02:33:11
2022-06-03 12:00:56,2022-06-03 12:01:17,Free_Living,annotator,Experimental situation,2022-06-03 02:33:11,2022-06-03 02:33:32
2022-06-03 12:01:17,2022-06-03 12:01:41,Free_Living,annotator,Experimental situation,2022-06-03 02:33:32,2022-06-03 02:33:56
2022-06-03 12:01:41,2022-06-03 12:02:08,Free_Living,annotator,Experimental situation,2022-06-03 02:33:56,2022-06-03 02:34:23
2022-06-03 12:02:31,2022-06-03 12:04:20,Free_Living,annotator,Experimental situation,2022-06-03 02:34:46,2022-06-03 02:36:35
2022-06-03 12:04:20,2022-06-03 12:04:20,Free_Living,annotator,Experimental situation,2022-06-03 02:36:35,2022-06-03 02:36:35
2022-06-03 12:04:38,2022-06-03 12:18:13,Lab_Indoors,annotator,Experimental situation,2022-06-03 02:36:53,2022-06-03 02:50:28
2022-06-03 12:18:13,2022-06-03 12:51:52,Lab_Indoors,annotator,Experimental situation,2022-06-03 02:50:28,2022-06-03 03:24:07
2022-06-03 12:51:52,2022-06-03 13:15:25,Lab_Indoors,annotator,Experimental situation,2022-06-03 03:24:07,2022-06-03 03:47:40
2022-06-03 13:17:12,2022-06-03 14:00:38,Lab_Indoors,annotator,Experimental situation,2022-06-03 03:49:27,2022-06-03 04:32:53
2022-06-03 14:00:42,2022-06-03 15:32:31,Lab_Indoors,annotator,Experimental situation,2022-06-03 04:32:57,2022-06-03 06:04:46
2022-06-03 15:33:07,2022-06-03 15:42:07,Lab_Indoors,annotator,Experimental situation,2022-06-03 06:05:22,2022-06-03 06:14:22
2022-06-03 15:42:07,2022-06-03 15:43:20,Lab_Indoors,annotator,Experimental situation,2022-06-03 06:14:22,2022-06-03 06:15:35
2022-06-03 15:43:20,2022-06-03 15:44:36,Lab_Indoors,annotator,Experimental situation,2022-06-03 06:15:35,2022-06-03 06:16:51
2022-06-03 15:44:36,2022-06-03 15:44:54,Lab_Indoors,annotator,Experimental situation,2022-06-03 06:16:51,2022-06-03 06:17:09
2022-06-03 15:44:54,2022-06-03 15:45:23,Lab_Indoors,annotator,Experimental situation,2022-06-03 06:17:09,2022-06-03 06:17:38
2022-06-03 15:45:23,2022-06-03 15:45:51,Lab_Indoors,annotator,Experimental situation,2022-06-03 06:17:38,2022-06-03 06:18:06
2022-06-03 15:45:51,2022-06-03 15:46:08,Lab_Indoors,annotator,Experimental situation,2022-06-03 06:18:06,2022-06-03 06:18:23
2022-06-03 15:46:08,2022-06-03 15:48:23,Free_Living,annotator,Experimental situation,2022-06-03 06:18:23,2022-06-03 06:20:38
2022-06-03 15:48:23,2022-06-03 15:48:43,Free_Living,annotator,Experimental situation,2022-06-03 06:20:38,2022-06-03 06:20:58
2022-06-03 15:48:43,2022-06-03 15:49:36,Free_Living,annotator,Experimental situation,2022-06-03 06:20:58,2022-06-03 06:21:51
2022-06-03 15:49:36,2022-06-03 15:49:57,Free_Living,annotator,Experimental situation,2022-06-03 06:21:51,2022-06-03 06:22:12
2022-06-03 15:49:57,2022-06-03 15:50:45,Free_Living,annotator,Experimental situation,2022-06-03 06:22:12,2022-06-03 06:23:00
2022-06-03 15:50:45,2022-06-03 15:53:18,Free_Living,annotator,Experimental situation,2022-06-03 06:23:00,2022-06-03 06:25:33
2022-06-03 15:53:18,2022-06-03 15:53:41,Free_Living,annotator,Experimental situation,2022-06-03 06:25:33,2022-06-03 06:25:56
2022-06-03 15:53:41,2022-06-03 15:54:27,Free_Living,annotator,Experimental situation,2022-06-03 06:25:56,2022-06-03 06:26:42
2022-06-03 15:54:27,2022-06-03 15:54:42,Free_Living,annotator,Experimental situation,2022-06-03 06:26:42,2022-06-03 06:26:57
2022-06-03 15:54:42,2022-06-03 15:58:59,Free_Living,annotator,Experimental situation,2022-06-03 06:26:57,2022-06-03 06:31:14
2022-06-03 15:58:59,2022-06-03 16:00:42,Free_Living,annotator,Experimental situation,2022-06-03 06:31:14,2022-06-03 06:32:57
2022-06-03 16:00:42,2022-06-03 16:01:07,Free_Living,annotator,Experimental situation,2022-06-03 06:32:57,2022-06-03 06:33:22
2022-06-03 16:01:07,2022-06-03 16:01:43,Free_Living,annotator,Experimental situation,2022-06-03 06:33:22,2022-06-03 06:33:58
2022-06-03 16:01:43,2022-06-03 16:03:05,Free_Living,annotator,Experimental situation,2022-06-03 06:33:58,2022-06-03 06:35:20
2022-06-03 16:03:05,2022-06-03 16:03:21,Free_Living,annotator,Experimental situation,2022-06-03 06:35:20,2022-06-03 06:35:36
2022-06-03 16:03:21,2022-06-03 16:03:49,Free_Living,annotator,Experimental situation,2022-06-03 06:35:36,2022-06-03 06:36:04
2022-06-03 16:03:49,2022-06-03 16:05:30,Free_Living,annotator,Experimental situation,2022-06-03 06:36:04,2022-06-03 06:37:45
2022-06-03 16:05:30,2022-06-03 16:05:46,Free_Living,annotator,Experimental situation,2022-06-03 06:37:45,2022-06-03 06:38:01
2022-06-03 16:05:46,2022-06-03 16:07:57,Free_Living,annotator,Experimental situation,2022-06-03 06:38:01,2022-06-03 06:40:12
2022-06-03 16:07:57,2022-06-03 16:09:57,Free_Living,annotator,Experimental situation,2022-06-03 06:40:12,2022-06-03 06:42:12
2022-06-03 16:09:57,2022-06-03 16:12:01,Free_Living,annotator,Experimental situation,2022-06-03 06:42:12,2022-06-03 06:44:16
2022-06-03 16:12:01,2022-06-03 16:14:55,Free_Living,annotator,Experimental situation,2022-06-03 06:44:16,2022-06-03 06:47:10
2022-06-03 16:14:55,2022-06-03 16:15:44,Free_Living,annotator,Experimental situation,2022-06-03 06:47:10,2022-06-03 06:47:59
2022-06-03 16:15:44,2022-06-03 16:16:11,Free_Living,annotator,Experimental situation,2022-06-03 06:47:59,2022-06-03 06:48:26
2022-06-03 16:16:11,2022-06-03 16:20:13,Free_Living,annotator,Experimental situation,2022-06-03 06:48:26,2022-06-03 06:52:28
2022-06-03 16:20:13,2022-06-03 16:20:37,Free_Living,annotator,Experimental situation,2022-06-03 06:52:28,2022-06-03 06:52:52
2022-06-03 16:20:37,2022-06-03 16:37:13,Free_Living,annotator,Experimental situation,2022-06-03 06:52:52,2022-06-03 07:09:28
2022-06-03 16:37:13,2022-06-03 16:37:37,Free_Living,annotator,Experimental situation,2022-06-03 07:09:28,2022-06-03 07:09:52
2022-06-03 16:37:37,2022-06-03 16:37:58,Free_Living,annotator,Experimental situation,2022-06-03 07:09:52,2022-06-03 07:10:13
2022-06-03 16:37:58,2022-06-03 16:39:46,Free_Living,annotator,Experimental situation,2022-06-03 07:10:13,2022-06-03 07:12:01
2022-06-03 16:39:46,2022-06-03 16:40:37,Free_Living,annotator,Experimental situation,2022-06-03 07:12:01,2022-06-03 07:12:52
2022-06-03 16:40:37,2022-06-03 16:43:10,Free_Living,annotator,Experimental situation,2022-06-03 07:12:52,2022-06-03 07:15:25
2022-06-03 16:43:10,2022-06-03 16:45:47,Free_Living,annotator,Experimental situation,2022-06-03 07:15:25,2022-06-03 07:18:02
2022-06-03 16:45:47,2022-06-03 16:46:16,Free_Living,annotator,Experimental situation,2022-06-03 07:18:02,2022-06-03 07:18:31
2022-06-03 16:46:16,2022-06-03 16:51:59,Free_Living,annotator,Experimental situation,2022-06-03 07:18:31,2022-06-03 07:24:14
2022-06-03 16:51:59,2022-06-03 16:52:14,Free_Living,annotator,Experimental situation,2022-06-03 07:24:14,2022-06-03 07:24:29
2022-06-03 16:52:14,2022-06-03 16:59:07,Free_Living,annotator,Experimental situation,2022-06-03 07:24:29,2022-06-03 07:31:22
2022-06-03 16:59:07,2022-06-03 16:59:40,Free_Living,annotator,Experimental situation,2022-06-03 07:31:22,2022-06-03 07:31:55
2022-06-03 16:59:40,2022-06-03 17:03:43,Free_Living,annotator,Experimental situation,2022-06-03 07:31:55,2022-06-03 07:35:58
2022-06-03 17:03:43,2022-06-03 17:04:15,Free_Living,annotator,Experimental situation,2022-06-03 07:35:58,2022-06-03 07:36:30
2022-06-03 17:04:15,2022-06-03 17:08:30,Free_Living,annotator,Experimental situation,2022-06-03 07:36:30,2022-06-03 07:40:45
2022-06-03 17:08:30,2022-06-03 17:11:57,Free_Living,annotator,Experimental situation,2022-06-03 07:40:45,2022-06-03 07:44:12
2022-06-03 17:11:57,2022-06-03 17:13:56,Free_Living,annotator,Experimental situation,2022-06-03 07:44:12,2022-06-03 07:46:11
