START_TIME,STOP_TIME,PREDICTION,SOURCE,LABELSET,VIDEO_START_TIME,VIDEO_END_TIME
2022-05-23 07:26:41,2022-05-23 07:28:03,Free_Living,annotator,Experimental situation,2022-05-23 00:00:00,2022-05-23 00:01:22
2022-05-23 07:28:03,2022-05-23 07:28:42,Free_Living,annotator,Experimental situation,2022-05-23 00:01:22,2022-05-23 00:02:01
2022-05-23 07:28:42,2022-05-23 07:35:31,Free_Living,annotator,Experimental situation,2022-05-23 00:02:01,2022-05-23 00:08:50
2022-05-23 07:35:31,2022-05-23 07:36:25,Free_Living,annotator,Experimental situation,2022-05-23 00:08:50,2022-05-23 00:09:44
2022-05-23 07:36:25,2022-05-23 07:40:44,Free_Living,annotator,Experimental situation,2022-05-23 00:09:44,2022-05-23 00:14:03
2022-05-23 07:40:44,2022-05-23 07:42:03,Free_Living,annotator,Experimental situation,2022-05-23 00:14:03,2022-05-23 00:15:22
2022-05-23 07:42:03,2022-05-23 07:42:36,Free_Living,annotator,Experimental situation,2022-05-23 00:15:22,2022-05-23 00:15:55
2022-05-23 07:42:36,2022-05-23 07:42:42,Free_Living,annotator,Experimental situation,2022-05-23 00:15:55,2022-05-23 00:16:01
2022-05-23 07:42:42,2022-05-23 07:42:53,Free_Living,annotator,Experimental situation,2022-05-23 00:16:01,2022-05-23 00:16:12
2022-05-23 07:42:53,2022-05-23 07:43:52,Free_Living,annotator,Experimental situation,2022-05-23 00:16:12,2022-05-23 00:17:11
2022-05-23 07:43:52,2022-05-23 07:44:40,Free_Living,annotator,Experimental situation,2022-05-23 00:17:11,2022-05-23 00:17:59
2022-05-23 07:44:40,2022-05-23 07:45:26,Free_Living,annotator,Experimental situation,2022-05-23 00:17:59,2022-05-23 00:18:45
2022-05-23 07:45:26,2022-05-23 07:46:00,Free_Living,annotator,Experimental situation,2022-05-23 00:18:45,2022-05-23 00:19:19
2022-05-23 07:46:00,2022-05-23 07:46:10,Free_Living,annotator,Experimental situation,2022-05-23 00:19:19,2022-05-23 00:19:29
2022-05-23 07:46:10,2022-05-23 07:46:30,Free_Living,annotator,Experimental situation,2022-05-23 00:19:29,2022-05-23 00:19:49
2022-05-23 07:46:30,2022-05-23 07:46:43,Free_Living,annotator,Experimental situation,2022-05-23 00:19:49,2022-05-23 00:20:02
2022-05-23 07:46:43,2022-05-23 07:47:32,Free_Living,annotator,Experimental situation,2022-05-23 00:20:02,2022-05-23 00:20:51
2022-05-23 07:47:32,2022-05-23 07:47:47,Free_Living,annotator,Experimental situation,2022-05-23 00:20:51,2022-05-23 00:21:06
2022-05-23 07:47:47,2022-05-23 07:48:06,Free_Living,annotator,Experimental situation,2022-05-23 00:21:06,2022-05-23 00:21:25
2022-05-23 07:48:06,2022-05-23 07:48:22,Free_Living,annotator,Experimental situation,2022-05-23 00:21:25,2022-05-23 00:21:41
2022-05-23 07:48:22,2022-05-23 07:48:33,Free_Living,annotator,Experimental situation,2022-05-23 00:21:41,2022-05-23 00:21:52
2022-05-23 07:48:33,2022-05-23 07:51:57,Free_Living,annotator,Experimental situation,2022-05-23 00:21:52,2022-05-23 00:25:16
2022-05-23 07:51:57,2022-05-23 07:52:53,Free_Living,annotator,Experimental situation,2022-05-23 00:25:16,2022-05-23 00:26:12
2022-05-23 07:52:53,2022-05-23 07:53:15,Free_Living,annotator,Experimental situation,2022-05-23 00:26:12,2022-05-23 00:26:34
2022-05-23 07:53:15,2022-05-23 07:53:40,Free_Living,annotator,Experimental situation,2022-05-23 00:26:34,2022-05-23 00:26:59
2022-05-23 07:53:40,2022-05-23 07:55:14,Free_Living,annotator,Experimental situation,2022-05-23 00:26:59,2022-05-23 00:28:33
2022-05-23 07:55:14,2022-05-23 07:55:32,Free_Living,annotator,Experimental situation,2022-05-23 00:28:33,2022-05-23 00:28:51
2022-05-23 07:55:32,2022-05-23 07:55:45,Free_Living,annotator,Experimental situation,2022-05-23 00:28:51,2022-05-23 00:29:04
2022-05-23 07:55:45,2022-05-23 07:56:23,Free_Living,annotator,Experimental situation,2022-05-23 00:29:04,2022-05-23 00:29:42
2022-05-23 07:56:23,2022-05-23 07:58:39,Free_Living,annotator,Experimental situation,2022-05-23 00:29:42,2022-05-23 00:31:58
2022-05-23 07:58:39,2022-05-23 07:59:28,Free_Living,annotator,Experimental situation,2022-05-23 00:31:58,2022-05-23 00:32:47
2022-05-23 07:59:28,2022-05-23 08:01:34,Free_Living,annotator,Experimental situation,2022-05-23 00:32:47,2022-05-23 00:34:53
2022-05-23 08:01:34,2022-05-23 08:02:23,Free_Living,annotator,Experimental situation,2022-05-23 00:34:53,2022-05-23 00:35:42
2022-05-23 08:02:23,2022-05-23 08:11:41,Free_Living,annotator,Experimental situation,2022-05-23 00:35:42,2022-05-23 00:45:00
2022-05-23 08:11:41,2022-05-23 08:31:04,Free_Living,annotator,Experimental situation,2022-05-23 00:45:00,2022-05-23 01:04:23
2022-05-23 08:31:04,2022-05-23 08:32:21,Free_Living,annotator,Experimental situation,2022-05-23 01:04:23,2022-05-23 01:05:40
2022-05-23 08:32:21,2022-05-23 08:33:10,Free_Living,annotator,Experimental situation,2022-05-23 01:05:40,2022-05-23 01:06:29
2022-05-23 08:33:10,2022-05-23 08:45:14,Free_Living,annotator,Experimental situation,2022-05-23 01:06:29,2022-05-23 01:18:33
2022-05-23 08:45:14,2022-05-23 08:47:51,Free_Living,annotator,Experimental situation,2022-05-23 01:18:33,2022-05-23 01:21:10
2022-05-23 08:47:51,2022-05-23 08:49:21,Free_Living,annotator,Experimental situation,2022-05-23 01:21:10,2022-05-23 01:22:40
2022-05-23 08:49:21,2022-05-23 08:50:59,Free_Living,annotator,Experimental situation,2022-05-23 01:22:40,2022-05-23 01:24:18
2022-05-23 08:50:59,2022-05-23 08:54:51,Free_Living,annotator,Experimental situation,2022-05-23 01:24:18,2022-05-23 01:28:10
2022-05-23 08:54:51,2022-05-23 08:56:29,Free_Living,annotator,Experimental situation,2022-05-23 01:28:10,2022-05-23 01:29:48
2022-05-23 08:56:29,2022-05-23 09:39:58,Free_Living,annotator,Experimental situation,2022-05-23 01:29:48,2022-05-23 02:13:17
2022-05-23 09:39:58,2022-05-23 09:41:27,Free_Living,annotator,Experimental situation,2022-05-23 02:13:17,2022-05-23 02:14:46
2022-05-23 09:41:27,2022-05-23 09:41:43,Free_Living,annotator,Experimental situation,2022-05-23 02:14:46,2022-05-23 02:15:02
2022-05-23 09:41:43,2022-05-23 09:42:45,Free_Living,annotator,Experimental situation,2022-05-23 02:15:02,2022-05-23 02:16:04
2022-05-23 09:42:45,2022-05-23 09:43:25,Free_Living,annotator,Experimental situation,2022-05-23 02:16:04,2022-05-23 02:16:44
2022-05-23 09:43:25,2022-05-23 09:43:40,Free_Living,annotator,Experimental situation,2022-05-23 02:16:44,2022-05-23 02:16:59
2022-05-23 09:43:40,2022-05-23 09:43:53,Free_Living,annotator,Experimental situation,2022-05-23 02:16:59,2022-05-23 02:17:12
2022-05-23 09:43:53,2022-05-23 09:47:16,Free_Living,annotator,Experimental situation,2022-05-23 02:17:12,2022-05-23 02:20:35
2022-05-23 09:47:16,2022-05-23 09:47:20,Free_Living,annotator,Experimental situation,2022-05-23 02:20:35,2022-05-23 02:20:39
2022-05-23 09:47:20,2022-05-23 09:48:03,Free_Living,annotator,Experimental situation,2022-05-23 02:20:39,2022-05-23 02:21:22
2022-05-23 09:48:03,2022-05-23 09:48:30,Free_Living,annotator,Experimental situation,2022-05-23 02:21:22,2022-05-23 02:21:49
2022-05-23 09:48:30,2022-05-23 09:49:22,Free_Living,annotator,Experimental situation,2022-05-23 02:21:49,2022-05-23 02:22:41
2022-05-23 09:49:22,2022-05-23 09:55:32,Free_Living,annotator,Experimental situation,2022-05-23 02:22:41,2022-05-23 02:28:51
2022-05-23 09:55:32,2022-05-23 10:01:14,Free_Living,annotator,Experimental situation,2022-05-23 02:28:51,2022-05-23 02:34:33
2022-05-23 10:01:14,2022-05-23 10:02:35,Free_Living,annotator,Experimental situation,2022-05-23 02:34:33,2022-05-23 02:35:54
2022-05-23 10:02:35,2022-05-23 10:05:40,Free_Living,annotator,Experimental situation,2022-05-23 02:35:54,2022-05-23 02:38:59
2022-05-23 10:05:40,2022-05-23 10:06:19,Free_Living,annotator,Experimental situation,2022-05-23 02:38:59,2022-05-23 02:39:38
2022-05-23 10:06:19,2022-05-23 10:07:03,Free_Living,annotator,Experimental situation,2022-05-23 02:39:38,2022-05-23 02:40:22
2022-05-23 10:07:03,2022-05-23 10:08:53,Free_Living,annotator,Experimental situation,2022-05-23 02:40:22,2022-05-23 02:42:12
2022-05-23 10:08:53,2022-05-23 10:16:22,Free_Living,annotator,Experimental situation,2022-05-23 02:42:12,2022-05-23 02:49:41
2022-05-23 10:16:22,2022-05-23 10:21:16,Free_Living,annotator,Experimental situation,2022-05-23 02:49:41,2022-05-23 02:54:35
2022-05-23 10:21:16,2022-05-23 10:26:34,Free_Living,annotator,Experimental situation,2022-05-23 02:54:35,2022-05-23 02:59:53
2022-05-23 10:26:34,2022-05-23 10:27:07,Free_Living,annotator,Experimental situation,2022-05-23 02:59:53,2022-05-23 03:00:26
2022-05-23 10:27:07,2022-05-23 10:37:11,Free_Living,annotator,Experimental situation,2022-05-23 03:00:26,2022-05-23 03:10:30
2022-05-23 10:37:11,2022-05-23 11:03:02,Free_Living,annotator,Experimental situation,2022-05-23 03:10:30,2022-05-23 03:36:21
2022-05-23 11:03:02,2022-05-23 11:11:21,Free_Living,annotator,Experimental situation,2022-05-23 03:36:21,2022-05-23 03:44:40
2022-05-23 11:11:21,2022-05-23 11:13:46,Free_Living,annotator,Experimental situation,2022-05-23 03:44:40,2022-05-23 03:47:05
2022-05-23 11:13:46,2022-05-23 11:20:58,Free_Living,annotator,Experimental situation,2022-05-23 03:47:05,2022-05-23 03:54:17
2022-05-23 11:20:58,2022-05-23 11:22:10,Free_Living,annotator,Experimental situation,2022-05-23 03:54:17,2022-05-23 03:55:29
2022-05-23 11:22:10,2022-05-23 11:22:46,Free_Living,annotator,Experimental situation,2022-05-23 03:55:29,2022-05-23 03:56:05
2022-05-23 11:22:46,2022-05-23 11:23:44,Free_Living,annotator,Experimental situation,2022-05-23 03:56:05,2022-05-23 03:57:03
2022-05-23 11:23:44,2022-05-23 11:23:50,Free_Living,annotator,Experimental situation,2022-05-23 03:57:03,2022-05-23 03:57:09
2022-05-23 11:23:50,2022-05-23 11:25:20,Free_Living,annotator,Experimental situation,2022-05-23 03:57:09,2022-05-23 03:58:39
2022-05-23 11:25:20,2022-05-23 11:25:44,Free_Living,annotator,Experimental situation,2022-05-23 03:58:39,2022-05-23 03:59:03
2022-05-23 11:25:44,2022-05-23 11:26:30,Free_Living,annotator,Experimental situation,2022-05-23 03:59:03,2022-05-23 03:59:49
2022-05-23 11:26:30,2022-05-23 11:26:34,Free_Living,annotator,Experimental situation,2022-05-23 03:59:49,2022-05-23 03:59:53
2022-05-23 11:26:34,2022-05-23 11:26:38,Free_Living,annotator,Experimental situation,2022-05-23 03:59:53,2022-05-23 03:59:57
2022-05-23 11:26:38,2022-05-23 11:26:57,Free_Living,annotator,Experimental situation,2022-05-23 03:59:57,2022-05-23 04:00:16
2022-05-23 11:26:57,2022-05-23 11:27:49,Free_Living,annotator,Experimental situation,2022-05-23 04:00:16,2022-05-23 04:01:08
2022-05-23 11:27:49,2022-05-23 11:28:10,Free_Living,annotator,Experimental situation,2022-05-23 04:01:08,2022-05-23 04:01:29
2022-05-23 11:28:10,2022-05-23 11:28:33,Free_Living,annotator,Experimental situation,2022-05-23 04:01:29,2022-05-23 04:01:52
2022-05-23 11:28:33,2022-05-23 11:28:46,Free_Living,annotator,Experimental situation,2022-05-23 04:01:52,2022-05-23 04:02:05
2022-05-23 11:28:46,2022-05-23 11:33:39,Free_Living,annotator,Experimental situation,2022-05-23 04:02:05,2022-05-23 04:06:58
2022-05-23 11:33:39,2022-05-23 11:34:05,Free_Living,annotator,Experimental situation,2022-05-23 04:06:58,2022-05-23 04:07:24
2022-05-23 11:34:05,2022-05-23 11:34:58,Free_Living,annotator,Experimental situation,2022-05-23 04:07:24,2022-05-23 04:08:17
2022-05-23 11:34:58,2022-05-23 11:35:09,Free_Living,annotator,Experimental situation,2022-05-23 04:08:17,2022-05-23 04:08:28
2022-05-23 11:35:09,2022-05-23 11:35:31,Free_Living,annotator,Experimental situation,2022-05-23 04:08:28,2022-05-23 04:08:50
2022-05-23 11:35:31,2022-05-23 11:36:21,Free_Living,annotator,Experimental situation,2022-05-23 04:08:50,2022-05-23 04:09:40
2022-05-23 11:36:21,2022-05-23 11:36:56,Free_Living,annotator,Experimental situation,2022-05-23 04:09:40,2022-05-23 04:10:15
2022-05-23 11:36:56,2022-05-23 11:46:47,Free_Living,annotator,Experimental situation,2022-05-23 04:10:15,2022-05-23 04:20:06
2022-05-23 11:46:47,2022-05-23 11:51:17,Free_Living,annotator,Experimental situation,2022-05-23 04:20:06,2022-05-23 04:24:36
2022-05-23 11:51:17,2022-05-23 11:51:37,Free_Living,annotator,Experimental situation,2022-05-23 04:24:36,2022-05-23 04:24:56
2022-05-23 11:51:37,2022-05-23 11:51:52,Free_Living,annotator,Experimental situation,2022-05-23 04:24:56,2022-05-23 04:25:11
2022-05-23 11:51:52,2022-05-23 11:53:00,Free_Living,annotator,Experimental situation,2022-05-23 04:25:11,2022-05-23 04:26:19
2022-05-23 11:53:00,2022-05-23 11:53:55,Free_Living,annotator,Experimental situation,2022-05-23 04:26:19,2022-05-23 04:27:14
2022-05-23 11:53:55,2022-05-23 11:54:25,Free_Living,annotator,Experimental situation,2022-05-23 04:27:14,2022-05-23 04:27:44
2022-05-23 11:54:25,2022-05-23 11:54:48,Free_Living,annotator,Experimental situation,2022-05-23 04:27:44,2022-05-23 04:28:07
2022-05-23 11:54:48,2022-05-23 11:56:04,Free_Living,annotator,Experimental situation,2022-05-23 04:28:07,2022-05-23 04:29:23
2022-05-23 11:56:04,2022-05-23 11:58:13,Free_Living,annotator,Experimental situation,2022-05-23 04:29:23,2022-05-23 04:31:32
2022-05-23 11:58:13,2022-05-23 11:58:37,Free_Living,annotator,Experimental situation,2022-05-23 04:31:32,2022-05-23 04:31:56
2022-05-23 11:58:37,2022-05-23 12:02:16,Free_Living,annotator,Experimental situation,2022-05-23 04:31:56,2022-05-23 04:35:35
2022-05-23 12:02:16,2022-05-23 12:03:07,Free_Living,annotator,Experimental situation,2022-05-23 04:35:35,2022-05-23 04:36:26
2022-05-23 12:03:07,2022-05-23 12:09:12,Free_Living,annotator,Experimental situation,2022-05-23 04:36:26,2022-05-23 04:42:31
2022-05-23 12:09:12,2022-05-23 12:10:26,Free_Living,annotator,Experimental situation,2022-05-23 04:42:31,2022-05-23 04:43:45
2022-05-23 12:10:26,2022-05-23 12:11:26,Free_Living,annotator,Experimental situation,2022-05-23 04:43:45,2022-05-23 04:44:45
2022-05-23 12:11:26,2022-05-23 12:14:23,Free_Living,annotator,Experimental situation,2022-05-23 04:44:45,2022-05-23 04:47:42
2022-05-23 12:14:23,2022-05-23 12:15:30,Free_Living,annotator,Experimental situation,2022-05-23 04:47:42,2022-05-23 04:48:49
2022-05-23 12:15:30,2022-05-23 12:16:46,Free_Living,annotator,Experimental situation,2022-05-23 04:48:49,2022-05-23 04:50:05
2022-05-23 12:16:46,2022-05-23 12:17:25,Free_Living,annotator,Experimental situation,2022-05-23 04:50:05,2022-05-23 04:50:44
2022-05-23 12:17:25,2022-05-23 12:17:46,Free_Living,annotator,Experimental situation,2022-05-23 04:50:44,2022-05-23 04:51:05
2022-05-23 12:17:46,2022-05-23 12:17:58,Free_Living,annotator,Experimental situation,2022-05-23 04:51:05,2022-05-23 04:51:17
2022-05-23 12:17:58,2022-05-23 12:18:14,Free_Living,annotator,Experimental situation,2022-05-23 04:51:17,2022-05-23 04:51:33
2022-05-23 12:18:14,2022-05-23 12:25:18,Free_Living,annotator,Experimental situation,2022-05-23 04:51:33,2022-05-23 04:58:37
2022-05-23 12:25:18,2022-05-23 12:26:36,Free_Living,annotator,Experimental situation,2022-05-23 04:58:37,2022-05-23 04:59:55
2022-05-23 12:26:36,2022-05-23 12:28:37,Free_Living,annotator,Experimental situation,2022-05-23 04:59:55,2022-05-23 05:01:56
2022-05-23 12:28:37,2022-05-23 12:28:44,Free_Living,annotator,Experimental situation,2022-05-23 05:01:56,2022-05-23 05:02:03
2022-05-23 12:28:44,2022-05-23 12:32:04,Free_Living,annotator,Experimental situation,2022-05-23 05:02:03,2022-05-23 05:05:23
2022-05-23 12:32:04,2022-05-23 12:34:46,Free_Living,annotator,Experimental situation,2022-05-23 05:05:23,2022-05-23 05:08:05
2022-05-23 12:34:46,2022-05-23 12:35:08,Free_Living,annotator,Experimental situation,2022-05-23 05:08:05,2022-05-23 05:08:27
2022-05-23 12:35:08,2022-05-23 12:51:52,Free_Living,annotator,Experimental situation,2022-05-23 05:08:27,2022-05-23 05:25:11
2022-05-23 12:51:52,2022-05-23 12:51:56,Free_Living,annotator,Experimental situation,2022-05-23 05:25:11,2022-05-23 05:25:15
2022-05-23 12:51:56,2022-05-23 12:53:48,Free_Living,annotator,Experimental situation,2022-05-23 05:25:15,2022-05-23 05:27:07
2022-05-23 12:53:48,2022-05-23 12:57:43,Free_Living,annotator,Experimental situation,2022-05-23 05:27:07,2022-05-23 05:31:02
2022-05-23 12:57:43,2022-05-23 13:05:43,Free_Living,annotator,Experimental situation,2022-05-23 05:31:02,2022-05-23 05:39:02
2022-05-23 13:05:43,2022-05-23 13:27:17,Free_Living,annotator,Experimental situation,2022-05-23 05:39:02,2022-05-23 06:00:36
