START_TIME,STOP_TIME,PREDICTION,SOURCE,LABELSET,VIDEO_START_TIME,VIDEO_END_TIME
2022-05-31 08:02:30,2022-05-31 08:03:26,Free_Living,annotator,Experimental situation,2022-05-31 00:00:00,2022-05-31 00:00:56
2022-05-31 08:03:26,2022-05-31 08:03:28,Free_Living,annotator,Experimental situation,2022-05-31 00:00:56,2022-05-31 00:00:58
2022-05-31 08:03:28,2022-05-31 08:03:33,Free_Living,annotator,Experimental situation,2022-05-31 00:00:58,2022-05-31 00:01:03
2022-05-31 08:03:33,2022-05-31 08:03:36,Free_Living,annotator,Experimental situation,2022-05-31 00:01:03,2022-05-31 00:01:06
2022-05-31 08:03:36,2022-05-31 08:03:58,Free_Living,annotator,Experimental situation,2022-05-31 00:01:06,2022-05-31 00:01:28
2022-05-31 08:03:58,2022-05-31 08:04:00,Free_Living,annotator,Experimental situation,2022-05-31 00:01:28,2022-05-31 00:01:30
2022-05-31 08:04:00,2022-05-31 08:04:04,Free_Living,annotator,Experimental situation,2022-05-31 00:01:30,2022-05-31 00:01:34
2022-05-31 08:04:04,2022-05-31 08:04:20,Free_Living,annotator,Experimental situation,2022-05-31 00:01:34,2022-05-31 00:01:50
2022-05-31 08:04:20,2022-05-31 08:04:26,Free_Living,annotator,Experimental situation,2022-05-31 00:01:50,2022-05-31 00:01:56
2022-05-31 08:04:26,2022-05-31 08:04:42,Free_Living,annotator,Experimental situation,2022-05-31 00:01:56,2022-05-31 00:02:12
2022-05-31 08:04:42,2022-05-31 08:04:45,Free_Living,annotator,Experimental situation,2022-05-31 00:02:12,2022-05-31 00:02:15
2022-05-31 08:04:45,2022-05-31 08:04:51,Free_Living,annotator,Experimental situation,2022-05-31 00:02:15,2022-05-31 00:02:21
2022-05-31 08:04:51,2022-05-31 08:05:05,Free_Living,annotator,Experimental situation,2022-05-31 00:02:21,2022-05-31 00:02:35
2022-05-31 08:05:05,2022-05-31 08:05:11,Free_Living,annotator,Experimental situation,2022-05-31 00:02:35,2022-05-31 00:02:41
2022-05-31 08:05:11,2022-05-31 08:05:38,Free_Living,annotator,Experimental situation,2022-05-31 00:02:41,2022-05-31 00:03:08
2022-05-31 08:05:38,2022-05-31 08:05:43,Free_Living,annotator,Experimental situation,2022-05-31 00:03:08,2022-05-31 00:03:13
2022-05-31 08:05:43,2022-05-31 08:06:19,Free_Living,annotator,Experimental situation,2022-05-31 00:03:13,2022-05-31 00:03:49
2022-05-31 08:06:19,2022-05-31 08:06:48,Free_Living,annotator,Experimental situation,2022-05-31 00:03:49,2022-05-31 00:04:18
2022-05-31 08:06:48,2022-05-31 08:09:05,Free_Living,annotator,Experimental situation,2022-05-31 00:04:18,2022-05-31 00:06:35
2022-05-31 08:09:05,2022-05-31 08:09:16,Free_Living,annotator,Experimental situation,2022-05-31 00:06:35,2022-05-31 00:06:46
2022-05-31 08:09:16,2022-05-31 08:12:03,Free_Living,annotator,Experimental situation,2022-05-31 00:06:46,2022-05-31 00:09:33
2022-05-31 08:12:03,2022-05-31 08:12:23,Free_Living,annotator,Experimental situation,2022-05-31 00:09:33,2022-05-31 00:09:53
2022-05-31 08:12:23,2022-05-31 08:12:27,Free_Living,annotator,Experimental situation,2022-05-31 00:09:53,2022-05-31 00:09:57
2022-05-31 08:12:27,2022-05-31 08:13:23,Free_Living,annotator,Experimental situation,2022-05-31 00:09:57,2022-05-31 00:10:53
2022-05-31 08:13:23,2022-05-31 08:15:56,ES_VideoUnavailable/Indecipherable,annotator,Experimental situation,2022-05-31 00:10:53,2022-05-31 00:13:26
2022-05-31 08:15:56,2022-05-31 08:40:03,Free_Living,annotator,Experimental situation,2022-05-31 00:13:26,2022-05-31 00:37:33
2022-05-31 08:40:03,2022-05-31 08:40:37,Free_Living,annotator,Experimental situation,2022-05-31 00:37:33,2022-05-31 00:38:07
2022-05-31 08:40:37,2022-05-31 08:40:59,Free_Living,annotator,Experimental situation,2022-05-31 00:38:07,2022-05-31 00:38:29
2022-05-31 08:40:59,2022-05-31 08:42:38,Free_Living,annotator,Experimental situation,2022-05-31 00:38:29,2022-05-31 00:40:08
2022-05-31 08:42:38,2022-05-31 08:44:09,Free_Living,annotator,Experimental situation,2022-05-31 00:40:08,2022-05-31 00:41:39
2022-05-31 08:44:09,2022-05-31 08:45:34,Free_Living,annotator,Experimental situation,2022-05-31 00:41:39,2022-05-31 00:43:04
2022-05-31 08:45:34,2022-05-31 08:46:40,Free_Living,annotator,Experimental situation,2022-05-31 00:43:04,2022-05-31 00:44:10
2022-05-31 08:46:40,2022-05-31 08:50:08,Free_Living,annotator,Experimental situation,2022-05-31 00:44:10,2022-05-31 00:47:38
2022-05-31 08:50:08,2022-05-31 08:50:26,Free_Living,annotator,Experimental situation,2022-05-31 00:47:38,2022-05-31 00:47:56
2022-05-31 08:50:26,2022-05-31 08:52:32,Free_Living,annotator,Experimental situation,2022-05-31 00:47:56,2022-05-31 00:50:02
2022-05-31 08:52:32,2022-05-31 08:53:58,Free_Living,annotator,Experimental situation,2022-05-31 00:50:02,2022-05-31 00:51:28
2022-05-31 08:53:58,2022-05-31 08:59:25,Free_Living,annotator,Experimental situation,2022-05-31 00:51:28,2022-05-31 00:56:55
2022-05-31 08:59:25,2022-05-31 08:59:49,Free_Living,annotator,Experimental situation,2022-05-31 00:56:55,2022-05-31 00:57:19
2022-05-31 08:59:49,2022-05-31 09:00:32,Free_Living,annotator,Experimental situation,2022-05-31 00:57:19,2022-05-31 00:58:02
2022-05-31 09:00:32,2022-05-31 09:04:18,Free_Living,annotator,Experimental situation,2022-05-31 00:58:02,2022-05-31 01:01:48
2022-05-31 09:04:18,2022-05-31 09:05:13,Free_Living,annotator,Experimental situation,2022-05-31 01:01:48,2022-05-31 01:02:43
2022-05-31 09:05:13,2022-05-31 09:09:05,Free_Living,annotator,Experimental situation,2022-05-31 01:02:43,2022-05-31 01:06:35
2022-05-31 09:09:05,2022-05-31 09:10:04,Free_Living,annotator,Experimental situation,2022-05-31 01:06:35,2022-05-31 01:07:34
2022-05-31 09:10:05,2022-05-31 09:10:31,Free_Living,annotator,Experimental situation,2022-05-31 01:07:35,2022-05-31 01:08:01
2022-05-31 09:10:31,2022-05-31 09:10:44,Free_Living,annotator,Experimental situation,2022-05-31 01:08:01,2022-05-31 01:08:14
2022-05-31 09:10:44,2022-05-31 09:12:41,Free_Living,annotator,Experimental situation,2022-05-31 01:08:14,2022-05-31 01:10:11
2022-05-31 09:12:41,2022-05-31 09:13:36,Free_Living,annotator,Experimental situation,2022-05-31 01:10:11,2022-05-31 01:11:06
2022-05-31 09:13:36,2022-05-31 09:19:17,Free_Living,annotator,Experimental situation,2022-05-31 01:11:06,2022-05-31 01:16:47
2022-05-31 09:19:17,2022-05-31 09:20:01,Free_Living,annotator,Experimental situation,2022-05-31 01:16:47,2022-05-31 01:17:31
2022-05-31 09:20:01,2022-05-31 09:20:43,Free_Living,annotator,Experimental situation,2022-05-31 01:17:31,2022-05-31 01:18:13
2022-05-31 09:20:44,2022-05-31 09:22:22,Free_Living,annotator,Experimental situation,2022-05-31 01:18:14,2022-05-31 01:19:52
2022-05-31 09:22:22,2022-05-31 09:31:34,Free_Living,annotator,Experimental situation,2022-05-31 01:19:52,2022-05-31 01:29:04
2022-05-31 09:31:34,2022-05-31 09:32:10,Free_Living,annotator,Experimental situation,2022-05-31 01:29:04,2022-05-31 01:29:40
2022-05-31 09:32:10,2022-05-31 09:33:01,Free_Living,annotator,Experimental situation,2022-05-31 01:29:40,2022-05-31 01:30:31
2022-05-31 09:33:01,2022-05-31 09:33:55,Free_Living,annotator,Experimental situation,2022-05-31 01:30:31,2022-05-31 01:31:25
2022-05-31 09:33:55,2022-05-31 09:36:01,Free_Living,annotator,Experimental situation,2022-05-31 01:31:25,2022-05-31 01:33:31
2022-05-31 09:36:01,2022-05-31 09:36:12,Free_Living,annotator,Experimental situation,2022-05-31 01:33:31,2022-05-31 01:33:42
2022-05-31 09:36:12,2022-05-31 09:37:58,Free_Living,annotator,Experimental situation,2022-05-31 01:33:42,2022-05-31 01:35:28
2022-05-31 09:37:58,2022-05-31 09:38:41,Free_Living,annotator,Experimental situation,2022-05-31 01:35:28,2022-05-31 01:36:11
2022-05-31 09:38:41,2022-05-31 09:40:26,Free_Living,annotator,Experimental situation,2022-05-31 01:36:11,2022-05-31 01:37:56
2022-05-31 09:40:26,2022-05-31 09:40:39,Free_Living,annotator,Experimental situation,2022-05-31 01:37:56,2022-05-31 01:38:09
2022-05-31 09:40:39,2022-05-31 09:41:06,Free_Living,annotator,Experimental situation,2022-05-31 01:38:09,2022-05-31 01:38:36
2022-05-31 09:41:06,2022-05-31 09:43:06,Free_Living,annotator,Experimental situation,2022-05-31 01:38:36,2022-05-31 01:40:36
2022-05-31 09:43:06,2022-05-31 09:44:34,Free_Living,annotator,Experimental situation,2022-05-31 01:40:36,2022-05-31 01:42:04
2022-05-31 09:44:34,2022-05-31 09:46:38,Free_Living,annotator,Experimental situation,2022-05-31 01:42:04,2022-05-31 01:44:08
2022-05-31 09:46:38,2022-05-31 09:46:41,Free_Living,annotator,Experimental situation,2022-05-31 01:44:08,2022-05-31 01:44:11
2022-05-31 09:46:41,2022-05-31 09:46:45,Free_Living,annotator,Experimental situation,2022-05-31 01:44:11,2022-05-31 01:44:15
2022-05-31 09:46:45,2022-05-31 09:46:47,Free_Living,annotator,Experimental situation,2022-05-31 01:44:15,2022-05-31 01:44:17
2022-05-31 09:46:47,2022-05-31 09:47:21,ES_VideoUnavailable/Indecipherable,annotator,Experimental situation,2022-05-31 01:44:17,2022-05-31 01:44:51
2022-05-31 09:47:21,2022-05-31 09:47:23,Free_Living,annotator,Experimental situation,2022-05-31 01:44:51,2022-05-31 01:44:53
2022-05-31 09:47:23,2022-05-31 09:47:30,Free_Living,annotator,Experimental situation,2022-05-31 01:44:53,2022-05-31 01:45:00
2022-05-31 09:47:30,2022-05-31 09:47:46,ES_VideoUnavailable/Indecipherable,annotator,Experimental situation,2022-05-31 01:45:00,2022-05-31 01:45:16
2022-05-31 09:47:46,2022-05-31 09:48:37,Free_Living,annotator,Experimental situation,2022-05-31 01:45:16,2022-05-31 01:46:07
2022-05-31 09:48:37,2022-05-31 09:48:39,Free_Living,annotator,Experimental situation,2022-05-31 01:46:07,2022-05-31 01:46:09
2022-05-31 09:48:39,2022-05-31 09:49:53,Free_Living,annotator,Experimental situation,2022-05-31 01:46:09,2022-05-31 01:47:23
2022-05-31 09:49:53,2022-05-31 09:49:57,Free_Living,annotator,Experimental situation,2022-05-31 01:47:23,2022-05-31 01:47:27
2022-05-31 09:49:57,2022-05-31 09:50:10,Free_Living,annotator,Experimental situation,2022-05-31 01:47:27,2022-05-31 01:47:40
2022-05-31 09:50:10,2022-05-31 09:50:16,Free_Living,annotator,Experimental situation,2022-05-31 01:47:40,2022-05-31 01:47:46
2022-05-31 09:50:16,2022-05-31 09:53:17,Free_Living,annotator,Experimental situation,2022-05-31 01:47:46,2022-05-31 01:50:47
2022-05-31 09:53:17,2022-05-31 09:54:37,Free_Living,annotator,Experimental situation,2022-05-31 01:50:47,2022-05-31 01:52:07
2022-05-31 09:54:37,2022-05-31 09:55:11,Free_Living,annotator,Experimental situation,2022-05-31 01:52:07,2022-05-31 01:52:41
2022-05-31 09:55:11,2022-05-31 09:55:41,Free_Living,annotator,Experimental situation,2022-05-31 01:52:41,2022-05-31 01:53:11
2022-05-31 09:55:41,2022-05-31 09:55:56,Free_Living,annotator,Experimental situation,2022-05-31 01:53:11,2022-05-31 01:53:26
2022-05-31 09:55:56,2022-05-31 09:56:18,Free_Living,annotator,Experimental situation,2022-05-31 01:53:26,2022-05-31 01:53:48
2022-05-31 09:56:18,2022-05-31 09:56:23,Free_Living,annotator,Experimental situation,2022-05-31 01:53:48,2022-05-31 01:53:53
2022-05-31 09:56:23,2022-05-31 09:56:29,Free_Living,annotator,Experimental situation,2022-05-31 01:53:53,2022-05-31 01:53:59
2022-05-31 09:56:29,2022-05-31 09:56:32,Free_Living,annotator,Experimental situation,2022-05-31 01:53:59,2022-05-31 01:54:02
2022-05-31 09:56:32,2022-05-31 09:56:37,Free_Living,annotator,Experimental situation,2022-05-31 01:54:02,2022-05-31 01:54:07
2022-05-31 09:56:37,2022-05-31 09:57:02,Free_Living,annotator,Experimental situation,2022-05-31 01:54:07,2022-05-31 01:54:32
2022-05-31 09:57:02,2022-05-31 09:57:20,Free_Living,annotator,Experimental situation,2022-05-31 01:54:32,2022-05-31 01:54:50
2022-05-31 09:57:20,2022-05-31 09:57:23,Free_Living,annotator,Experimental situation,2022-05-31 01:54:50,2022-05-31 01:54:53
2022-05-31 09:57:23,2022-05-31 09:57:25,Free_Living,annotator,Experimental situation,2022-05-31 01:54:53,2022-05-31 01:54:55
2022-05-31 09:57:25,2022-05-31 09:57:40,Free_Living,annotator,Experimental situation,2022-05-31 01:54:55,2022-05-31 01:55:10
2022-05-31 09:57:40,2022-05-31 09:57:55,Free_Living,annotator,Experimental situation,2022-05-31 01:55:10,2022-05-31 01:55:25
2022-05-31 09:57:55,2022-05-31 09:58:41,Free_Living,annotator,Experimental situation,2022-05-31 01:55:25,2022-05-31 01:56:11
2022-05-31 09:58:43,2022-05-31 09:58:54,Free_Living,annotator,Experimental situation,2022-05-31 01:56:13,2022-05-31 01:56:24
2022-05-31 09:58:54,2022-05-31 09:58:57,Free_Living,annotator,Experimental situation,2022-05-31 01:56:24,2022-05-31 01:56:27
2022-05-31 09:58:57,2022-05-31 09:58:58,Free_Living,annotator,Experimental situation,2022-05-31 01:56:27,2022-05-31 01:56:28
2022-05-31 09:58:58,2022-05-31 09:59:15,Free_Living,annotator,Experimental situation,2022-05-31 01:56:28,2022-05-31 01:56:45
2022-05-31 09:59:15,2022-05-31 09:59:29,Free_Living,annotator,Experimental situation,2022-05-31 01:56:45,2022-05-31 01:56:59
2022-05-31 09:59:29,2022-05-31 09:59:32,Free_Living,annotator,Experimental situation,2022-05-31 01:56:59,2022-05-31 01:57:02
2022-05-31 09:59:32,2022-05-31 09:59:37,Free_Living,annotator,Experimental situation,2022-05-31 01:57:02,2022-05-31 01:57:07
2022-05-31 09:59:37,2022-05-31 10:00:14,Free_Living,annotator,Experimental situation,2022-05-31 01:57:07,2022-05-31 01:57:44
2022-05-31 10:00:14,2022-05-31 10:00:31,Free_Living,annotator,Experimental situation,2022-05-31 01:57:44,2022-05-31 01:58:01
2022-05-31 10:00:31,2022-05-31 10:01:08,Free_Living,annotator,Experimental situation,2022-05-31 01:58:01,2022-05-31 01:58:38
2022-05-31 10:01:08,2022-05-31 10:01:19,Free_Living,annotator,Experimental situation,2022-05-31 01:58:38,2022-05-31 01:58:49
2022-05-31 10:01:19,2022-05-31 10:01:28,Free_Living,annotator,Experimental situation,2022-05-31 01:58:49,2022-05-31 01:58:58
2022-05-31 10:01:28,2022-05-31 10:02:00,Free_Living,annotator,Experimental situation,2022-05-31 01:58:58,2022-05-31 01:59:30
2022-05-31 10:02:00,2022-05-31 10:02:28,Free_Living,annotator,Experimental situation,2022-05-31 01:59:30,2022-05-31 01:59:58
2022-05-31 10:02:28,2022-05-31 10:02:36,Free_Living,annotator,Experimental situation,2022-05-31 01:59:58,2022-05-31 02:00:06
2022-05-31 10:02:36,2022-05-31 10:02:46,Free_Living,annotator,Experimental situation,2022-05-31 02:00:06,2022-05-31 02:00:16
2022-05-31 10:02:46,2022-05-31 10:03:02,Free_Living,annotator,Experimental situation,2022-05-31 02:00:16,2022-05-31 02:00:32
2022-05-31 10:03:02,2022-05-31 10:03:21,Free_Living,annotator,Experimental situation,2022-05-31 02:00:32,2022-05-31 02:00:51
2022-05-31 10:03:21,2022-05-31 10:03:29,Free_Living,annotator,Experimental situation,2022-05-31 02:00:51,2022-05-31 02:00:59
2022-05-31 10:03:29,2022-05-31 10:04:40,Free_Living,annotator,Experimental situation,2022-05-31 02:00:59,2022-05-31 02:02:10
