START_TIME,STOP_TIME,PREDICTION,SOURCE,LABELSET,VIDEO_START_TIME,VIDEO_END_TIME
2022-06-13 09:01:52,2022-06-13 09:02:24,,annotator,HIGH LEVEL BEHAVIOR,2022-06-13 00:00:00,2022-06-13 00:00:32
2022-06-13 09:02:24,2022-06-13 09:02:59,,annotator,HIGH LEVEL BEHAVIOR,2022-06-13 00:00:32,2022-06-13 00:01:07
2022-06-13 09:02:59,2022-06-13 09:29:49,HLB_Indecipherable/Video_Insufficient,annotator,HIGH LEVEL BEHAVIOR,2022-06-13 00:01:07,2022-06-13 00:27:57
2022-06-13 09:29:49,2022-06-13 09:32:27,Dressing/Undressing,annotator,HIGH LEVEL BEHAVIOR,2022-06-13 00:27:57,2022-06-13 00:30:35
2022-06-13 09:32:27,2022-06-13 09:32:33,In_Transit_Active,annotator,HIGH LEVEL BEHAVIOR,2022-06-13 00:30:35,2022-06-13 00:30:41
2022-06-13 09:32:33,2022-06-13 09:34:50,,annotator,HIGH LEVEL BEHAVIOR,2022-06-13 00:30:41,2022-06-13 00:32:58
2022-06-13 09:34:50,2022-06-13 09:38:19,Dressing/Undressing,annotator,HIGH LEVEL BEHAVIOR,2022-06-13 00:32:58,2022-06-13 00:36:27
2022-06-13 09:38:19,2022-06-13 09:39:46,,annotator,HIGH LEVEL BEHAVIOR,2022-06-13 00:36:27,2022-06-13 00:37:54
2022-06-13 09:39:46,2022-06-13 09:40:46,,annotator,HIGH LEVEL BEHAVIOR,2022-06-13 00:37:54,2022-06-13 00:38:54
2022-06-13 09:40:46,2022-06-13 09:41:03,In_Transit_Active,annotator,HIGH LEVEL BEHAVIOR,2022-06-13 00:38:54,2022-06-13 00:39:11
2022-06-13 09:41:03,2022-06-13 09:41:53,Grooming/Self_Care,annotator,HIGH LEVEL BEHAVIOR,2022-06-13 00:39:11,2022-06-13 00:40:01
2022-06-13 09:41:53,2022-06-13 09:43:05,Grooming/Self_Care,annotator,HIGH LEVEL BEHAVIOR,2022-06-13 00:40:01,2022-06-13 00:41:13
2022-06-13 09:43:05,2022-06-13 09:43:39,In_Transit_Active,annotator,HIGH LEVEL BEHAVIOR,2022-06-13 00:41:13,2022-06-13 00:41:47
2022-06-13 09:43:39,2022-06-13 09:44:25,,annotator,HIGH LEVEL BEHAVIOR,2022-06-13 00:41:47,2022-06-13 00:42:33
2022-06-13 09:44:25,2022-06-13 09:44:41,In_Transit_Active,annotator,HIGH LEVEL BEHAVIOR,2022-06-13 00:42:33,2022-06-13 00:42:49
2022-06-13 09:44:42,2022-06-13 09:45:08,Riding_Elevator_Down,annotator,HIGH LEVEL BEHAVIOR,2022-06-13 00:42:50,2022-06-13 00:43:16
2022-06-13 09:45:08,2022-06-13 09:45:19,In_Transit_Active,annotator,HIGH LEVEL BEHAVIOR,2022-06-13 00:43:16,2022-06-13 00:43:27
2022-06-13 09:45:19,2022-06-13 09:46:12,In_Transit_Active,annotator,HIGH LEVEL BEHAVIOR,2022-06-13 00:43:27,2022-06-13 00:44:20
2022-06-13 09:46:12,2022-06-13 09:46:40,In_Transit_Active,annotator,HIGH LEVEL BEHAVIOR,2022-06-13 00:44:20,2022-06-13 00:44:48
2022-06-13 09:46:40,2022-06-13 09:46:51,In_Transit_Active,annotator,HIGH LEVEL BEHAVIOR,2022-06-13 00:44:48,2022-06-13 00:44:59
2022-06-13 09:46:51,2022-06-13 09:47:00,In_Transit_Active,annotator,HIGH LEVEL BEHAVIOR,2022-06-13 00:44:59,2022-06-13 00:45:08
2022-06-13 09:47:00,2022-06-13 09:48:27,In_Transit_Active, Eating/Dining,annotator,HIGH LEVEL BEHAVIOR,2022-06-13 00:45:08,2022-06-13 00:46:35
2022-06-13 09:48:27,2022-06-13 09:48:42,In_Transit_Active, Eating/Dining,annotator,HIGH LEVEL BEHAVIOR,2022-06-13 00:46:35,2022-06-13 00:46:50
2022-06-13 09:48:42,2022-06-13 09:48:55,In_Transit_Active, Eating/Dining,annotator,HIGH LEVEL BEHAVIOR,2022-06-13 00:46:50,2022-06-13 00:47:03
2022-06-13 09:48:55,2022-06-13 09:49:00,In_Transit_Active, Eating/Dining,annotator,HIGH LEVEL BEHAVIOR,2022-06-13 00:47:03,2022-06-13 00:47:08
2022-06-13 09:49:00,2022-06-13 09:49:17,In_Transit_Active, Eating/Dining,annotator,HIGH LEVEL BEHAVIOR,2022-06-13 00:47:08,2022-06-13 00:47:25
2022-06-13 09:49:17,2022-06-13 09:49:21,In_Transit_Active, Eating/Dining,annotator,HIGH LEVEL BEHAVIOR,2022-06-13 00:47:25,2022-06-13 00:47:29
2022-06-13 09:49:21,2022-06-13 09:50:30,In_Transit_Active, Eating/Dining,annotator,HIGH LEVEL BEHAVIOR,2022-06-13 00:47:29,2022-06-13 00:48:38
2022-06-13 09:50:30,2022-06-13 09:50:36,In_Transit_Active, Eating/Dining,annotator,HIGH LEVEL BEHAVIOR,2022-06-13 00:48:38,2022-06-13 00:48:44
2022-06-13 09:50:36,2022-06-13 09:51:20,In_Transit_Active, Eating/Dining,annotator,HIGH LEVEL BEHAVIOR,2022-06-13 00:48:44,2022-06-13 00:49:28
2022-06-13 09:51:20,2022-06-13 09:51:24,In_Transit_Active,annotator,HIGH LEVEL BEHAVIOR,2022-06-13 00:49:28,2022-06-13 00:49:32
2022-06-13 09:51:24,2022-06-13 09:51:28,In_Transit_Active,annotator,HIGH LEVEL BEHAVIOR,2022-06-13 00:49:32,2022-06-13 00:49:36
2022-06-13 09:51:28,2022-06-13 09:51:37,In_Transit_Active,annotator,HIGH LEVEL BEHAVIOR,2022-06-13 00:49:36,2022-06-13 00:49:45
2022-06-13 09:51:37,2022-06-13 09:51:48,In_Transit_Active,annotator,HIGH LEVEL BEHAVIOR,2022-06-13 00:49:45,2022-06-13 00:49:56
2022-06-13 09:51:48,2022-06-13 09:52:17,In_Transit_Active,annotator,HIGH LEVEL BEHAVIOR,2022-06-13 00:49:56,2022-06-13 00:50:25
2022-06-13 09:52:18,2022-06-13 09:52:52,,annotator,HIGH LEVEL BEHAVIOR,2022-06-13 00:50:26,2022-06-13 00:51:00
2022-06-13 09:52:52,2022-06-13 09:53:15,Eating/Dining,annotator,HIGH LEVEL BEHAVIOR,2022-06-13 00:51:00,2022-06-13 00:51:23
2022-06-13 09:53:15,2022-06-13 09:57:22,,annotator,HIGH LEVEL BEHAVIOR,2022-06-13 00:51:23,2022-06-13 00:55:30
2022-06-13 09:57:22,2022-06-13 10:01:57,,annotator,HIGH LEVEL BEHAVIOR,2022-06-13 00:55:30,2022-06-13 01:00:05
2022-06-13 10:01:57,2022-06-13 10:02:48,,annotator,HIGH LEVEL BEHAVIOR,2022-06-13 01:00:05,2022-06-13 01:00:56
2022-06-13 10:02:48,2022-06-13 10:02:57,Eating/Dining,annotator,HIGH LEVEL BEHAVIOR,2022-06-13 01:00:56,2022-06-13 01:01:05
2022-06-13 10:02:57,2022-06-13 10:06:18,,annotator,HIGH LEVEL BEHAVIOR,2022-06-13 01:01:05,2022-06-13 01:04:26
2022-06-13 10:06:18,2022-06-13 10:10:58,,annotator,HIGH LEVEL BEHAVIOR,2022-06-13 01:04:26,2022-06-13 01:09:06
2022-06-13 10:10:58,2022-06-13 10:12:07,,annotator,HIGH LEVEL BEHAVIOR,2022-06-13 01:09:06,2022-06-13 01:10:15
2022-06-13 10:12:07,2022-06-13 10:13:33,,annotator,HIGH LEVEL BEHAVIOR,2022-06-13 01:10:15,2022-06-13 01:11:41
2022-06-13 10:13:33,2022-06-13 10:14:10,,annotator,HIGH LEVEL BEHAVIOR,2022-06-13 01:11:41,2022-06-13 01:12:18
2022-06-13 10:14:10,2022-06-13 10:19:24,,annotator,HIGH LEVEL BEHAVIOR,2022-06-13 01:12:18,2022-06-13 01:17:32
2022-06-13 10:19:24,2022-06-13 10:24:49,,annotator,HIGH LEVEL BEHAVIOR,2022-06-13 01:17:32,2022-06-13 01:22:57
2022-06-13 10:24:49,2022-06-13 10:25:01,Packing/Unpacking_Something,annotator,HIGH LEVEL BEHAVIOR,2022-06-13 01:22:57,2022-06-13 01:23:09
2022-06-13 10:25:01,2022-06-13 10:25:11,Using_Computer/Screen,annotator,HIGH LEVEL BEHAVIOR,2022-06-13 01:23:09,2022-06-13 01:23:19
2022-06-13 10:25:11,2022-06-13 10:28:11,Using_Computer/Screen,annotator,HIGH LEVEL BEHAVIOR,2022-06-13 01:23:19,2022-06-13 01:26:19
2022-06-13 10:28:11,2022-06-13 10:38:08,Using_Computer/Screen, WatchingTV/Movies,annotator,HIGH LEVEL BEHAVIOR,2022-06-13 01:26:19,2022-06-13 01:36:16
2022-06-13 10:38:08,2022-06-13 10:40:27,Using_Computer/Screen,annotator,HIGH LEVEL BEHAVIOR,2022-06-13 01:36:16,2022-06-13 01:38:35
2022-06-13 10:40:27,2022-06-13 10:40:34,Using_Computer/Screen,annotator,HIGH LEVEL BEHAVIOR,2022-06-13 01:38:35,2022-06-13 01:38:42
2022-06-13 10:40:34,2022-06-13 10:49:37,Using_Computer/Screen,annotator,HIGH LEVEL BEHAVIOR,2022-06-13 01:38:42,2022-06-13 01:47:45
2022-06-13 10:49:37,2022-06-13 10:50:28,Using_Computer/Screen,annotator,HIGH LEVEL BEHAVIOR,2022-06-13 01:47:45,2022-06-13 01:48:36
2022-06-13 10:50:28,2022-06-13 10:51:17,Using_Computer/Screen,annotator,HIGH LEVEL BEHAVIOR,2022-06-13 01:48:36,2022-06-13 01:49:25
2022-06-13 10:51:17,2022-06-13 11:14:34,Using_Computer/Screen,annotator,HIGH LEVEL BEHAVIOR,2022-06-13 01:49:25,2022-06-13 02:12:42
2022-06-13 11:14:34,2022-06-13 11:15:10,Packing/Unpacking_Something,annotator,HIGH LEVEL BEHAVIOR,2022-06-13 02:12:42,2022-06-13 02:13:18
2022-06-13 11:15:10,2022-06-13 11:16:16,In_Transit_Active,annotator,HIGH LEVEL BEHAVIOR,2022-06-13 02:13:18,2022-06-13 02:14:24
2022-06-13 11:16:16,2022-06-13 11:16:41,In_Transit_Active,annotator,HIGH LEVEL BEHAVIOR,2022-06-13 02:14:24,2022-06-13 02:14:49
2022-06-13 11:16:41,2022-06-13 11:16:47,In_Transit_Active,annotator,HIGH LEVEL BEHAVIOR,2022-06-13 02:14:49,2022-06-13 02:14:55
2022-06-13 11:16:47,2022-06-13 11:16:59,In_Transit_Active,annotator,HIGH LEVEL BEHAVIOR,2022-06-13 02:14:55,2022-06-13 02:15:07
2022-06-13 11:16:59,2022-06-13 11:18:01,In_Transit_Active,annotator,HIGH LEVEL BEHAVIOR,2022-06-13 02:15:07,2022-06-13 02:16:09
2022-06-13 11:18:01,2022-06-13 11:18:08,In_Transit_Active,annotator,HIGH LEVEL BEHAVIOR,2022-06-13 02:16:09,2022-06-13 02:16:16
2022-06-13 11:18:08,2022-06-13 11:19:51,In_Transit_Active,annotator,HIGH LEVEL BEHAVIOR,2022-06-13 02:16:16,2022-06-13 02:17:59
2022-06-13 11:19:51,2022-06-13 11:19:57,In_Transit_Active,annotator,HIGH LEVEL BEHAVIOR,2022-06-13 02:17:59,2022-06-13 02:18:05
2022-06-13 11:19:57,2022-06-13 11:20:24,In_Transit_Active,annotator,HIGH LEVEL BEHAVIOR,2022-06-13 02:18:05,2022-06-13 02:18:32
2022-06-13 11:20:24,2022-06-13 11:20:32,In_Transit_Active,annotator,HIGH LEVEL BEHAVIOR,2022-06-13 02:18:32,2022-06-13 02:18:40
2022-06-13 11:20:32,2022-06-13 11:20:49,In_Transit_Active,annotator,HIGH LEVEL BEHAVIOR,2022-06-13 02:18:40,2022-06-13 02:18:57
2022-06-13 11:20:49,2022-06-13 11:21:06,In_Transit_Active,annotator,HIGH LEVEL BEHAVIOR,2022-06-13 02:18:57,2022-06-13 02:19:14
2022-06-13 11:21:06,2022-06-13 11:22:43,In_Transit_Active,annotator,HIGH LEVEL BEHAVIOR,2022-06-13 02:19:14,2022-06-13 02:20:51
2022-06-13 11:22:43,2022-06-13 11:22:54,In_Transit_Active,annotator,HIGH LEVEL BEHAVIOR,2022-06-13 02:20:51,2022-06-13 02:21:02
2022-06-13 11:22:54,2022-06-13 11:23:10,In_Transit_Active,annotator,HIGH LEVEL BEHAVIOR,2022-06-13 02:21:02,2022-06-13 02:21:18
2022-06-13 11:23:10,2022-06-13 11:23:38,In_Transit_Active,annotator,HIGH LEVEL BEHAVIOR,2022-06-13 02:21:18,2022-06-13 02:21:46
2022-06-13 11:23:38,2022-06-13 11:24:19,In_Transit_Active,annotator,HIGH LEVEL BEHAVIOR,2022-06-13 02:21:46,2022-06-13 02:22:27
2022-06-13 11:24:19,2022-06-13 11:24:46,In_Transit_Active,annotator,HIGH LEVEL BEHAVIOR,2022-06-13 02:22:27,2022-06-13 02:22:54
2022-06-13 11:24:46,2022-06-13 11:24:59,In_Transit_Active,annotator,HIGH LEVEL BEHAVIOR,2022-06-13 02:22:54,2022-06-13 02:23:07
2022-06-13 11:24:59,2022-06-13 11:25:10,,annotator,HIGH LEVEL BEHAVIOR,2022-06-13 02:23:07,2022-06-13 02:23:18
2022-06-13 11:25:10,2022-06-13 11:25:50,Riding_Elevator_Up,annotator,HIGH LEVEL BEHAVIOR,2022-06-13 02:23:18,2022-06-13 02:23:58
2022-06-13 11:25:50,2022-06-13 11:26:04,,annotator,HIGH LEVEL BEHAVIOR,2022-06-13 02:23:58,2022-06-13 02:24:12
2022-06-13 11:26:04,2022-06-13 11:27:15,,annotator,HIGH LEVEL BEHAVIOR,2022-06-13 02:24:12,2022-06-13 02:25:23
2022-06-13 11:27:15,2022-06-13 11:28:50,Dressing/Undressing,annotator,HIGH LEVEL BEHAVIOR,2022-06-13 02:25:23,2022-06-13 02:26:58
2022-06-13 11:28:50,2022-06-13 11:30:07,,annotator,HIGH LEVEL BEHAVIOR,2022-06-13 02:26:58,2022-06-13 02:28:15
2022-06-13 11:30:07,2022-06-13 11:31:41,,annotator,HIGH LEVEL BEHAVIOR,2022-06-13 02:28:15,2022-06-13 02:29:49
2022-06-13 11:31:41,2022-06-13 11:32:31,,annotator,HIGH LEVEL BEHAVIOR,2022-06-13 02:29:49,2022-06-13 02:30:39
2022-06-13 11:32:31,2022-06-13 11:33:04,,annotator,HIGH LEVEL BEHAVIOR,2022-06-13 02:30:39,2022-06-13 02:31:12
2022-06-13 11:33:04,2022-06-13 11:33:53,Eating/Dining,annotator,HIGH LEVEL BEHAVIOR,2022-06-13 02:31:12,2022-06-13 02:32:01
2022-06-13 11:33:53,2022-06-13 11:34:20,In_Transit_Active,annotator,HIGH LEVEL BEHAVIOR,2022-06-13 02:32:01,2022-06-13 02:32:28
2022-06-13 11:34:20,2022-06-13 11:34:59,,annotator,HIGH LEVEL BEHAVIOR,2022-06-13 02:32:28,2022-06-13 02:33:07
2022-06-13 11:34:59,2022-06-13 11:35:03,In_Transit_Active,annotator,HIGH LEVEL BEHAVIOR,2022-06-13 02:33:07,2022-06-13 02:33:11
2022-06-13 11:35:03,2022-06-13 11:35:35,Riding_Elevator_Down,annotator,HIGH LEVEL BEHAVIOR,2022-06-13 02:33:11,2022-06-13 02:33:43
2022-06-13 11:35:35,2022-06-13 11:35:44,In_Transit_Active,annotator,HIGH LEVEL BEHAVIOR,2022-06-13 02:33:43,2022-06-13 02:33:52
2022-06-13 11:35:44,2022-06-13 11:36:42,In_Transit_Active,annotator,HIGH LEVEL BEHAVIOR,2022-06-13 02:33:52,2022-06-13 02:34:50
2022-06-13 11:36:42,2022-06-13 11:37:32,In_Transit_Active,annotator,HIGH LEVEL BEHAVIOR,2022-06-13 02:34:50,2022-06-13 02:35:40
2022-06-13 11:37:32,2022-06-13 11:37:38,In_Transit_Active,annotator,HIGH LEVEL BEHAVIOR,2022-06-13 02:35:40,2022-06-13 02:35:46
2022-06-13 11:37:38,2022-06-13 11:37:46,In_Transit_Active,annotator,HIGH LEVEL BEHAVIOR,2022-06-13 02:35:46,2022-06-13 02:35:54
2022-06-13 11:37:46,2022-06-13 11:37:50,,annotator,HIGH LEVEL BEHAVIOR,2022-06-13 02:35:54,2022-06-13 02:35:58
2022-06-13 11:37:50,2022-06-13 11:37:58,In_Transit_Active,annotator,HIGH LEVEL BEHAVIOR,2022-06-13 02:35:58,2022-06-13 02:36:06
2022-06-13 11:37:58,2022-06-13 11:38:50,In_Transit_Active,annotator,HIGH LEVEL BEHAVIOR,2022-06-13 02:36:06,2022-06-13 02:36:58
2022-06-13 11:38:50,2022-06-13 11:39:07,In_Transit_Active,annotator,HIGH LEVEL BEHAVIOR,2022-06-13 02:36:58,2022-06-13 02:37:15
2022-06-13 11:39:07,2022-06-13 11:39:14,,annotator,HIGH LEVEL BEHAVIOR,2022-06-13 02:37:15,2022-06-13 02:37:22
2022-06-13 11:39:14,2022-06-13 11:39:14,In_Transit_Active,annotator,HIGH LEVEL BEHAVIOR,2022-06-13 02:37:22,2022-06-13 02:37:22
2022-06-13 11:39:14,2022-06-13 11:39:27,In_Transit_Active,annotator,HIGH LEVEL BEHAVIOR,2022-06-13 02:37:22,2022-06-13 02:37:35
2022-06-13 11:39:27,2022-06-13 11:39:55,,annotator,HIGH LEVEL BEHAVIOR,2022-06-13 02:37:35,2022-06-13 02:38:03
2022-06-13 11:39:55,2022-06-13 11:40:20,In_Transit_Active,annotator,HIGH LEVEL BEHAVIOR,2022-06-13 02:38:03,2022-06-13 02:38:28
2022-06-13 11:40:20,2022-06-13 11:40:37,In_Transit_Active,annotator,HIGH LEVEL BEHAVIOR,2022-06-13 02:38:28,2022-06-13 02:38:45
2022-06-13 11:40:37,2022-06-13 11:41:01,In_Transit_Active,annotator,HIGH LEVEL BEHAVIOR,2022-06-13 02:38:45,2022-06-13 02:39:09
2022-06-13 11:41:01,2022-06-13 11:41:15,In_Transit_Active,annotator,HIGH LEVEL BEHAVIOR,2022-06-13 02:39:09,2022-06-13 02:39:23
2022-06-13 11:41:15,2022-06-13 11:41:33,,annotator,HIGH LEVEL BEHAVIOR,2022-06-13 02:39:23,2022-06-13 02:39:41
2022-06-13 11:41:33,2022-06-13 11:41:50,In_Transit_Active,annotator,HIGH LEVEL BEHAVIOR,2022-06-13 02:39:41,2022-06-13 02:39:58
2022-06-13 11:41:50,2022-06-13 11:43:58,HLB_Indecipherable/Video_Insufficient,annotator,HIGH LEVEL BEHAVIOR,2022-06-13 02:39:58,2022-06-13 02:42:06
2022-06-13 11:43:58,2022-06-13 11:44:39,,annotator,HIGH LEVEL BEHAVIOR,2022-06-13 02:42:06,2022-06-13 02:42:47
2022-06-13 11:44:39,2022-06-13 11:45:19,Doing_Resistance_Training,annotator,HIGH LEVEL BEHAVIOR,2022-06-13 02:42:47,2022-06-13 02:43:27
2022-06-13 11:45:19,2022-06-13 11:46:59,Doing_Resistance_Training,annotator,HIGH LEVEL BEHAVIOR,2022-06-13 02:43:27,2022-06-13 02:45:07
2022-06-13 11:46:59,2022-06-13 11:47:31,Doing_Resistance_Training,annotator,HIGH LEVEL BEHAVIOR,2022-06-13 02:45:07,2022-06-13 02:45:39
2022-06-13 11:47:31,2022-06-13 11:48:22,Doing_Resistance_Training,annotator,HIGH LEVEL BEHAVIOR,2022-06-13 02:45:39,2022-06-13 02:46:30
2022-06-13 11:48:22,2022-06-13 11:49:27,Doing_Resistance_Training,annotator,HIGH LEVEL BEHAVIOR,2022-06-13 02:46:30,2022-06-13 02:47:35
2022-06-13 11:49:27,2022-06-13 11:51:38,Doing_Resistance_Training,annotator,HIGH LEVEL BEHAVIOR,2022-06-13 02:47:35,2022-06-13 02:49:46
2022-06-13 11:51:38,2022-06-13 11:51:58,Doing_Resistance_Training,annotator,HIGH LEVEL BEHAVIOR,2022-06-13 02:49:46,2022-06-13 02:50:06
2022-06-13 11:51:58,2022-06-13 11:52:50,Doing_Resistance_Training,annotator,HIGH LEVEL BEHAVIOR,2022-06-13 02:50:06,2022-06-13 02:50:58
2022-06-13 11:52:50,2022-06-13 11:53:16,Doing_Resistance_Training,annotator,HIGH LEVEL BEHAVIOR,2022-06-13 02:50:58,2022-06-13 02:51:24
2022-06-13 11:53:16,2022-06-13 11:54:52,Doing_Resistance_Training,annotator,HIGH LEVEL BEHAVIOR,2022-06-13 02:51:24,2022-06-13 02:53:00
2022-06-13 11:54:52,2022-06-13 11:55:21,Doing_Resistance_Training,annotator,HIGH LEVEL BEHAVIOR,2022-06-13 02:53:00,2022-06-13 02:53:29
2022-06-13 11:55:21,2022-06-13 11:56:33,Doing_Resistance_Training,annotator,HIGH LEVEL BEHAVIOR,2022-06-13 02:53:29,2022-06-13 02:54:41
2022-06-13 11:56:33,2022-06-13 11:59:58,Doing_Resistance_Training,annotator,HIGH LEVEL BEHAVIOR,2022-06-13 02:54:41,2022-06-13 02:58:06
2022-06-13 11:59:58,2022-06-13 12:00:35,Doing_Resistance_Training,annotator,HIGH LEVEL BEHAVIOR,2022-06-13 02:58:06,2022-06-13 02:58:43
2022-06-13 12:00:35,2022-06-13 12:00:45,Doing_Resistance_Training,annotator,HIGH LEVEL BEHAVIOR,2022-06-13 02:58:43,2022-06-13 02:58:53
2022-06-13 12:00:45,2022-06-13 12:01:06,Doing_Resistance_Training,annotator,HIGH LEVEL BEHAVIOR,2022-06-13 02:58:53,2022-06-13 02:59:14
2022-06-13 12:01:06,2022-06-13 12:02:06,Doing_Resistance_Training,annotator,HIGH LEVEL BEHAVIOR,2022-06-13 02:59:14,2022-06-13 03:00:14
2022-06-13 12:02:06,2022-06-13 12:02:35,Doing_Resistance_Training,annotator,HIGH LEVEL BEHAVIOR,2022-06-13 03:00:14,2022-06-13 03:00:43
2022-06-13 12:02:35,2022-06-13 12:03:18,Doing_Resistance_Training,annotator,HIGH LEVEL BEHAVIOR,2022-06-13 03:00:43,2022-06-13 03:01:26
2022-06-13 12:03:18,2022-06-13 12:03:35,Doing_Resistance_Training,annotator,HIGH LEVEL BEHAVIOR,2022-06-13 03:01:26,2022-06-13 03:01:43
2022-06-13 12:03:35,2022-06-13 12:04:23,Doing_Resistance_Training,annotator,HIGH LEVEL BEHAVIOR,2022-06-13 03:01:43,2022-06-13 03:02:31
2022-06-13 12:04:23,2022-06-13 12:04:27,Doing_Resistance_Training,annotator,HIGH LEVEL BEHAVIOR,2022-06-13 03:02:31,2022-06-13 03:02:35
2022-06-13 12:04:27,2022-06-13 12:06:01,Doing_Resistance_Training,annotator,HIGH LEVEL BEHAVIOR,2022-06-13 03:02:35,2022-06-13 03:04:09
2022-06-13 12:06:01,2022-06-13 12:07:20,Doing_Resistance_Training,annotator,HIGH LEVEL BEHAVIOR,2022-06-13 03:04:09,2022-06-13 03:05:28
2022-06-13 12:07:20,2022-06-13 12:08:14,Doing_Resistance_Training,annotator,HIGH LEVEL BEHAVIOR,2022-06-13 03:05:28,2022-06-13 03:06:22
2022-06-13 12:08:14,2022-06-13 12:09:00,Doing_Resistance_Training,annotator,HIGH LEVEL BEHAVIOR,2022-06-13 03:06:22,2022-06-13 03:07:08
2022-06-13 12:09:00,2022-06-13 12:09:37,Doing_Resistance_Training,annotator,HIGH LEVEL BEHAVIOR,2022-06-13 03:07:08,2022-06-13 03:07:45
2022-06-13 12:09:37,2022-06-13 12:12:00,Doing_Resistance_Training,annotator,HIGH LEVEL BEHAVIOR,2022-06-13 03:07:45,2022-06-13 03:10:08
2022-06-13 12:12:00,2022-06-13 12:13:24,Doing_Resistance_Training,annotator,HIGH LEVEL BEHAVIOR,2022-06-13 03:10:08,2022-06-13 03:11:32
2022-06-13 12:13:24,2022-06-13 12:16:47,Doing_Resistance_Training,annotator,HIGH LEVEL BEHAVIOR,2022-06-13 03:11:32,2022-06-13 03:14:55
2022-06-13 12:16:47,2022-06-13 12:17:47,Doing_Resistance_Training,annotator,HIGH LEVEL BEHAVIOR,2022-06-13 03:14:55,2022-06-13 03:15:55
2022-06-13 12:17:47,2022-06-13 12:18:54,Doing_Resistance_Training,annotator,HIGH LEVEL BEHAVIOR,2022-06-13 03:15:55,2022-06-13 03:17:02
2022-06-13 12:18:54,2022-06-13 12:24:20,Doing_Resistance_Training,annotator,HIGH LEVEL BEHAVIOR,2022-06-13 03:17:02,2022-06-13 03:22:28
2022-06-13 12:24:20,2022-06-13 12:25:36,Doing_Resistance_Training,annotator,HIGH LEVEL BEHAVIOR,2022-06-13 03:22:28,2022-06-13 03:23:44
2022-06-13 12:25:36,2022-06-13 12:26:21,Doing_Resistance_Training,annotator,HIGH LEVEL BEHAVIOR,2022-06-13 03:23:44,2022-06-13 03:24:29
2022-06-13 12:26:21,2022-06-13 12:27:39,Doing_Resistance_Training,annotator,HIGH LEVEL BEHAVIOR,2022-06-13 03:24:29,2022-06-13 03:25:47
2022-06-13 12:27:39,2022-06-13 12:28:52,Doing_Resistance_Training,annotator,HIGH LEVEL BEHAVIOR,2022-06-13 03:25:47,2022-06-13 03:27:00
2022-06-13 12:28:52,2022-06-13 12:30:58,Doing_Resistance_Training,annotator,HIGH LEVEL BEHAVIOR,2022-06-13 03:27:00,2022-06-13 03:29:06
2022-06-13 12:30:58,2022-06-13 12:31:44,Doing_Resistance_Training,annotator,HIGH LEVEL BEHAVIOR,2022-06-13 03:29:06,2022-06-13 03:29:52
2022-06-13 12:31:44,2022-06-13 12:34:02,Doing_Resistance_Training,annotator,HIGH LEVEL BEHAVIOR,2022-06-13 03:29:52,2022-06-13 03:32:10
2022-06-13 12:34:02,2022-06-13 12:34:38,Doing_Resistance_Training,annotator,HIGH LEVEL BEHAVIOR,2022-06-13 03:32:10,2022-06-13 03:32:46
2022-06-13 12:34:38,2022-06-13 12:35:23,Doing_Resistance_Training,annotator,HIGH LEVEL BEHAVIOR,2022-06-13 03:32:46,2022-06-13 03:33:31
2022-06-13 12:35:23,2022-06-13 12:36:10,Doing_Resistance_Training,annotator,HIGH LEVEL BEHAVIOR,2022-06-13 03:33:31,2022-06-13 03:34:18
2022-06-13 12:36:10,2022-06-13 12:36:56,Doing_Resistance_Training,annotator,HIGH LEVEL BEHAVIOR,2022-06-13 03:34:18,2022-06-13 03:35:04
2022-06-13 12:36:56,2022-06-13 12:39:13,Doing_Resistance_Training,annotator,HIGH LEVEL BEHAVIOR,2022-06-13 03:35:04,2022-06-13 03:37:21
2022-06-13 12:39:13,2022-06-13 12:40:29,Doing_Resistance_Training,annotator,HIGH LEVEL BEHAVIOR,2022-06-13 03:37:21,2022-06-13 03:38:37
2022-06-13 12:40:29,2022-06-13 12:41:28,Doing_Resistance_Training,annotator,HIGH LEVEL BEHAVIOR,2022-06-13 03:38:37,2022-06-13 03:39:36
2022-06-13 12:41:29,2022-06-13 12:42:19,Doing_Resistance_Training,annotator,HIGH LEVEL BEHAVIOR,2022-06-13 03:39:37,2022-06-13 03:40:27
2022-06-13 12:42:22,2022-06-13 12:44:50,Doing_Resistance_Training,annotator,HIGH LEVEL BEHAVIOR,2022-06-13 03:40:30,2022-06-13 03:42:58
2022-06-13 12:44:51,2022-06-13 12:45:49,Doing_Resistance_Training,annotator,HIGH LEVEL BEHAVIOR,2022-06-13 03:42:59,2022-06-13 03:43:57
2022-06-13 12:45:49,2022-06-13 12:46:20,Doing_Resistance_Training,annotator,HIGH LEVEL BEHAVIOR,2022-06-13 03:43:57,2022-06-13 03:44:28
2022-06-13 12:46:20,2022-06-13 12:47:29,Doing_Resistance_Training,annotator,HIGH LEVEL BEHAVIOR,2022-06-13 03:44:28,2022-06-13 03:45:37
2022-06-13 12:47:29,2022-06-13 12:49:08,Doing_Resistance_Training,annotator,HIGH LEVEL BEHAVIOR,2022-06-13 03:45:37,2022-06-13 03:47:16
2022-06-13 12:49:08,2022-06-13 12:49:42,Doing_Resistance_Training,annotator,HIGH LEVEL BEHAVIOR,2022-06-13 03:47:16,2022-06-13 03:47:50
2022-06-13 12:49:42,2022-06-13 12:50:15,Doing_Resistance_Training,annotator,HIGH LEVEL BEHAVIOR,2022-06-13 03:47:50,2022-06-13 03:48:23
2022-06-13 12:50:15,2022-06-13 12:51:40,Doing_Resistance_Training,annotator,HIGH LEVEL BEHAVIOR,2022-06-13 03:48:23,2022-06-13 03:49:48
2022-06-13 12:51:40,2022-06-13 12:52:10,Doing_Resistance_Training,annotator,HIGH LEVEL BEHAVIOR,2022-06-13 03:49:48,2022-06-13 03:50:18
2022-06-13 12:52:10,2022-06-13 12:52:46,Doing_Resistance_Training,annotator,HIGH LEVEL BEHAVIOR,2022-06-13 03:50:18,2022-06-13 03:50:54
2022-06-13 12:52:46,2022-06-13 12:53:57,Doing_Resistance_Training,annotator,HIGH LEVEL BEHAVIOR,2022-06-13 03:50:54,2022-06-13 03:52:05
2022-06-13 12:53:57,2022-06-13 12:54:59,Doing_Resistance_Training,annotator,HIGH LEVEL BEHAVIOR,2022-06-13 03:52:05,2022-06-13 03:53:07
2022-06-13 12:54:59,2022-06-13 12:55:35,Doing_Resistance_Training,annotator,HIGH LEVEL BEHAVIOR,2022-06-13 03:53:07,2022-06-13 03:53:43
2022-06-13 12:55:35,2022-06-13 12:56:24,Doing_Resistance_Training,annotator,HIGH LEVEL BEHAVIOR,2022-06-13 03:53:43,2022-06-13 03:54:32
2022-06-13 12:56:24,2022-06-13 12:56:54,Doing_Resistance_Training,annotator,HIGH LEVEL BEHAVIOR,2022-06-13 03:54:32,2022-06-13 03:55:02
2022-06-13 12:56:54,2022-06-13 12:57:30,In_Transit_Active,annotator,HIGH LEVEL BEHAVIOR,2022-06-13 03:55:02,2022-06-13 03:55:38
2022-06-13 12:57:30,2022-06-13 12:57:38,,annotator,HIGH LEVEL BEHAVIOR,2022-06-13 03:55:38,2022-06-13 03:55:46
2022-06-13 12:57:38,2022-06-13 12:57:44,In_Transit_Active,annotator,HIGH LEVEL BEHAVIOR,2022-06-13 03:55:46,2022-06-13 03:55:52
2022-06-13 12:57:44,2022-06-13 12:57:59,In_Transit_Active,annotator,HIGH LEVEL BEHAVIOR,2022-06-13 03:55:52,2022-06-13 03:56:07
2022-06-13 12:57:59,2022-06-13 12:58:27,In_Transit_Active,annotator,HIGH LEVEL BEHAVIOR,2022-06-13 03:56:07,2022-06-13 03:56:35
2022-06-13 12:58:27,2022-06-13 12:58:54,,annotator,HIGH LEVEL BEHAVIOR,2022-06-13 03:56:35,2022-06-13 03:57:02
2022-06-13 12:58:54,2022-06-13 13:01:10,HLB_Indecipherable/Video_Insufficient,annotator,HIGH LEVEL BEHAVIOR,2022-06-13 03:57:02,2022-06-13 03:59:18
2022-06-13 13:01:10,2022-06-13 13:01:17,In_Transit_Active,annotator,HIGH LEVEL BEHAVIOR,2022-06-13 03:59:18,2022-06-13 03:59:25
2022-06-13 13:01:17,2022-06-13 13:01:28,,annotator,HIGH LEVEL BEHAVIOR,2022-06-13 03:59:25,2022-06-13 03:59:36
2022-06-13 13:01:28,2022-06-13 13:01:43,In_Transit_Active,annotator,HIGH LEVEL BEHAVIOR,2022-06-13 03:59:36,2022-06-13 03:59:51
2022-06-13 13:01:43,2022-06-13 13:02:23,In_Transit_Active,annotator,HIGH LEVEL BEHAVIOR,2022-06-13 03:59:51,2022-06-13 04:00:31
2022-06-13 13:02:23,2022-06-13 13:02:31,In_Transit_Active,annotator,HIGH LEVEL BEHAVIOR,2022-06-13 04:00:31,2022-06-13 04:00:39
2022-06-13 13:02:31,2022-06-13 13:03:02,In_Transit_Active,annotator,HIGH LEVEL BEHAVIOR,2022-06-13 04:00:39,2022-06-13 04:01:10
2022-06-13 13:03:02,2022-06-13 13:03:39,In_Transit_Active,annotator,HIGH LEVEL BEHAVIOR,2022-06-13 04:01:10,2022-06-13 04:01:47
2022-06-13 13:03:39,2022-06-13 13:04:28,In_Transit_Active,annotator,HIGH LEVEL BEHAVIOR,2022-06-13 04:01:47,2022-06-13 04:02:36
2022-06-13 13:04:28,2022-06-13 13:04:44,In_Transit_Active,annotator,HIGH LEVEL BEHAVIOR,2022-06-13 04:02:36,2022-06-13 04:02:52
2022-06-13 13:04:44,2022-06-13 13:04:52,,annotator,HIGH LEVEL BEHAVIOR,2022-06-13 04:02:52,2022-06-13 04:03:00
2022-06-13 13:04:52,2022-06-13 13:05:29,Riding_Elevator_Up,annotator,HIGH LEVEL BEHAVIOR,2022-06-13 04:03:00,2022-06-13 04:03:37
2022-06-13 13:05:29,2022-06-13 13:05:54,In_Transit_Active,annotator,HIGH LEVEL BEHAVIOR,2022-06-13 04:03:37,2022-06-13 04:04:02
2022-06-13 13:05:54,2022-06-13 13:06:12,Packing/Unpacking_Something,annotator,HIGH LEVEL BEHAVIOR,2022-06-13 04:04:02,2022-06-13 04:04:20
2022-06-13 13:06:12,2022-06-13 13:07:28,Cooking/Prepping_Food,annotator,HIGH LEVEL BEHAVIOR,2022-06-13 04:04:20,2022-06-13 04:05:36
2022-06-13 13:07:28,2022-06-13 13:08:22,Cooking/Prepping_Food, Cleaning,annotator,HIGH LEVEL BEHAVIOR,2022-06-13 04:05:36,2022-06-13 04:06:30
2022-06-13 13:08:22,2022-06-13 13:09:30,Cooking/Prepping_Food,annotator,HIGH LEVEL BEHAVIOR,2022-06-13 04:06:30,2022-06-13 04:07:38
2022-06-13 13:09:30,2022-06-13 13:10:14,Eating/Dining,annotator,HIGH LEVEL BEHAVIOR,2022-06-13 04:07:38,2022-06-13 04:08:22
2022-06-13 13:10:14,2022-06-13 13:10:35,Eating/Dining,annotator,HIGH LEVEL BEHAVIOR,2022-06-13 04:08:22,2022-06-13 04:08:43
2022-06-13 13:10:35,2022-06-13 13:12:51,Eating/Dining,annotator,HIGH LEVEL BEHAVIOR,2022-06-13 04:08:43,2022-06-13 04:10:59
2022-06-13 13:12:51,2022-06-13 13:13:15,Packing/Unpacking_Something,annotator,HIGH LEVEL BEHAVIOR,2022-06-13 04:10:59,2022-06-13 04:11:23
2022-06-13 13:13:15,2022-06-13 13:13:32,,annotator,HIGH LEVEL BEHAVIOR,2022-06-13 04:11:23,2022-06-13 04:11:40
2022-06-13 13:13:32,2022-06-13 13:19:29,Relaxing_Passive,annotator,HIGH LEVEL BEHAVIOR,2022-06-13 04:11:40,2022-06-13 04:17:37
2022-06-13 13:19:29,2022-06-13 13:20:03,In_Transit_Active,annotator,HIGH LEVEL BEHAVIOR,2022-06-13 04:17:37,2022-06-13 04:18:11
2022-06-13 13:20:03,2022-06-13 13:21:44,,annotator,HIGH LEVEL BEHAVIOR,2022-06-13 04:18:11,2022-06-13 04:19:52
2022-06-13 13:21:44,2022-06-13 13:21:48,In_Transit_Active,annotator,HIGH LEVEL BEHAVIOR,2022-06-13 04:19:52,2022-06-13 04:19:56
2022-06-13 13:21:48,2022-06-13 13:22:19,Riding_Elevator_Down,annotator,HIGH LEVEL BEHAVIOR,2022-06-13 04:19:56,2022-06-13 04:20:27
2022-06-13 13:22:19,2022-06-13 13:22:29,In_Transit_Active,annotator,HIGH LEVEL BEHAVIOR,2022-06-13 04:20:27,2022-06-13 04:20:37
2022-06-13 13:22:29,2022-06-13 13:23:01,In_Transit_Active,annotator,HIGH LEVEL BEHAVIOR,2022-06-13 04:20:37,2022-06-13 04:21:09
2022-06-13 13:23:01,2022-06-13 13:23:24,In_Transit_Active,annotator,HIGH LEVEL BEHAVIOR,2022-06-13 04:21:09,2022-06-13 04:21:32
2022-06-13 13:23:24,2022-06-13 13:23:55,In_Transit_Active,annotator,HIGH LEVEL BEHAVIOR,2022-06-13 04:21:32,2022-06-13 04:22:03
2022-06-13 13:23:55,2022-06-13 13:24:11,In_Transit_Active,annotator,HIGH LEVEL BEHAVIOR,2022-06-13 04:22:03,2022-06-13 04:22:19
2022-06-13 13:24:11,2022-06-13 13:24:18,In_Transit_Active,annotator,HIGH LEVEL BEHAVIOR,2022-06-13 04:22:19,2022-06-13 04:22:26
2022-06-13 13:24:26,2022-06-13 13:25:38,In_Transit_Active,annotator,HIGH LEVEL BEHAVIOR,2022-06-13 04:22:34,2022-06-13 04:23:46
2022-06-13 13:25:38,2022-06-13 13:25:55,In_Transit_Active,annotator,HIGH LEVEL BEHAVIOR,2022-06-13 04:23:46,2022-06-13 04:24:03
2022-06-13 13:25:55,2022-06-13 13:27:08,In_Transit_Active,annotator,HIGH LEVEL BEHAVIOR,2022-06-13 04:24:03,2022-06-13 04:25:16
2022-06-13 13:27:08,2022-06-13 13:27:18,In_Transit_Active,annotator,HIGH LEVEL BEHAVIOR,2022-06-13 04:25:16,2022-06-13 04:25:26
2022-06-13 13:27:18,2022-06-13 13:30:15,In_Transit_Active,annotator,HIGH LEVEL BEHAVIOR,2022-06-13 04:25:26,2022-06-13 04:28:23
2022-06-13 13:30:15,2022-06-13 13:36:59,Meeting _Social_Gathering_In_Person,annotator,HIGH LEVEL BEHAVIOR,2022-06-13 04:28:23,2022-06-13 04:35:07
2022-06-13 13:36:59,2022-06-13 13:37:42,In_Transit_Active,annotator,HIGH LEVEL BEHAVIOR,2022-06-13 04:35:07,2022-06-13 04:35:50
2022-06-13 13:37:42,2022-06-13 13:37:53,In_Transit_Active,annotator,HIGH LEVEL BEHAVIOR,2022-06-13 04:35:50,2022-06-13 04:36:01
2022-06-13 13:37:53,2022-06-13 13:38:02,In_Transit_Active,annotator,HIGH LEVEL BEHAVIOR,2022-06-13 04:36:01,2022-06-13 04:36:10
2022-06-13 13:38:02,2022-06-13 13:38:49,In_Transit_Active,annotator,HIGH LEVEL BEHAVIOR,2022-06-13 04:36:10,2022-06-13 04:36:57
2022-06-13 13:38:49,2022-06-13 13:38:54,In_Transit_Active,annotator,HIGH LEVEL BEHAVIOR,2022-06-13 04:36:57,2022-06-13 04:37:02
2022-06-13 13:38:54,2022-06-13 13:39:29,In_Transit_Active,annotator,HIGH LEVEL BEHAVIOR,2022-06-13 04:37:02,2022-06-13 04:37:37
2022-06-13 13:39:29,2022-06-13 13:39:32,In_Transit_Active,annotator,HIGH LEVEL BEHAVIOR,2022-06-13 04:37:37,2022-06-13 04:37:40
2022-06-13 13:39:34,2022-06-13 13:40:04,In_Transit_Active,annotator,HIGH LEVEL BEHAVIOR,2022-06-13 04:37:42,2022-06-13 04:38:12
2022-06-13 13:40:04,2022-06-13 13:40:20,,annotator,HIGH LEVEL BEHAVIOR,2022-06-13 04:38:12,2022-06-13 04:38:28
2022-06-13 13:40:20,2022-06-13 13:40:41,,annotator,HIGH LEVEL BEHAVIOR,2022-06-13 04:38:28,2022-06-13 04:38:49
2022-06-13 13:40:41,2022-06-13 13:42:24,Eating/Dining,annotator,HIGH LEVEL BEHAVIOR,2022-06-13 04:38:49,2022-06-13 04:40:32
2022-06-13 13:42:24,2022-06-13 13:42:58,,annotator,HIGH LEVEL BEHAVIOR,2022-06-13 04:40:32,2022-06-13 04:41:06
2022-06-13 13:42:58,2022-06-13 13:43:19,Cooking/Prepping_Food,annotator,HIGH LEVEL BEHAVIOR,2022-06-13 04:41:06,2022-06-13 04:41:27
2022-06-13 13:43:19,2022-06-13 13:43:34,In_Transit_Active,annotator,HIGH LEVEL BEHAVIOR,2022-06-13 04:41:27,2022-06-13 04:41:42
2022-06-13 13:43:34,2022-06-13 13:44:00,,annotator,HIGH LEVEL BEHAVIOR,2022-06-13 04:41:42,2022-06-13 04:42:08
2022-06-13 13:44:00,2022-06-13 13:44:31,In_Transit_Active,annotator,HIGH LEVEL BEHAVIOR,2022-06-13 04:42:08,2022-06-13 04:42:39
2022-06-13 13:44:31,2022-06-13 13:44:34,In_Transit_Active,annotator,HIGH LEVEL BEHAVIOR,2022-06-13 04:42:39,2022-06-13 04:42:42
2022-06-13 13:44:34,2022-06-13 13:44:44,In_Transit_Active,annotator,HIGH LEVEL BEHAVIOR,2022-06-13 04:42:42,2022-06-13 04:42:52
2022-06-13 13:44:44,2022-06-13 13:55:47,Eating/Dining, Meeting _Social_Gathering_In_Person,annotator,HIGH LEVEL BEHAVIOR,2022-06-13 04:42:52,2022-06-13 04:53:55
2022-06-13 13:55:47,2022-06-13 13:56:11,In_Transit_Active,annotator,HIGH LEVEL BEHAVIOR,2022-06-13 04:53:55,2022-06-13 04:54:19
2022-06-13 13:56:12,2022-06-13 14:03:50,Meeting _Social_Gathering_In_Person,annotator,HIGH LEVEL BEHAVIOR,2022-06-13 04:54:20,2022-06-13 05:01:58
2022-06-13 14:03:51,2022-06-13 14:04:22,In_Transit_Active,annotator,HIGH LEVEL BEHAVIOR,2022-06-13 05:01:59,2022-06-13 05:02:30
2022-06-13 14:04:22,2022-06-13 14:04:46,In_Transit_Active,annotator,HIGH LEVEL BEHAVIOR,2022-06-13 05:02:30,2022-06-13 05:02:54
2022-06-13 14:04:46,2022-06-13 14:05:04,In_Transit_Active,annotator,HIGH LEVEL BEHAVIOR,2022-06-13 05:02:54,2022-06-13 05:03:12
2022-06-13 14:05:04,2022-06-13 14:06:04,In_Transit_Active,annotator,HIGH LEVEL BEHAVIOR,2022-06-13 05:03:12,2022-06-13 05:04:12
2022-06-13 14:06:04,2022-06-13 14:06:06,In_Transit_Active,annotator,HIGH LEVEL BEHAVIOR,2022-06-13 05:04:12,2022-06-13 05:04:14
2022-06-13 14:06:06,2022-06-13 14:06:44,Packing/Unpacking_Something,annotator,HIGH LEVEL BEHAVIOR,2022-06-13 05:04:14,2022-06-13 05:04:52
2022-06-13 14:06:44,2022-06-13 14:07:32,In_Transit_Active,annotator,HIGH LEVEL BEHAVIOR,2022-06-13 05:04:52,2022-06-13 05:05:40
2022-06-13 14:07:32,2022-06-13 14:07:46,,annotator,HIGH LEVEL BEHAVIOR,2022-06-13 05:05:40,2022-06-13 05:05:54
2022-06-13 14:07:46,2022-06-13 14:07:58,In_Transit_Active,annotator,HIGH LEVEL BEHAVIOR,2022-06-13 05:05:54,2022-06-13 05:06:06
