START_TIME,STOP_TIME,PREDICTION,SOURCE,LABELSET,VIDEO_START_TIME,VIDEO_END_TIME
2022-05-26 08:44:49,2022-05-26 08:46:02,HLB_Indecipherable/Video_Insufficient,annotator,HIGH LEVEL BEHAVIOR,2022-05-26 00:00:08,2022-05-26 00:01:21
2022-05-26 08:46:02,2022-05-26 08:46:36,Grooming/Self_Care,annotator,HIGH LEVEL BEHAVIOR,2022-05-26 00:01:21,2022-05-26 00:01:55
2022-05-26 08:46:36,2022-05-26 08:47:25,In_Transit_Active,annotator,HIGH LEVEL BEHAVIOR,2022-05-26 00:01:55,2022-05-26 00:02:44
2022-05-26 08:47:25,2022-05-26 08:47:34,In_Transit_Active,annotator,HIGH LEVEL BEHAVIOR,2022-05-26 00:02:44,2022-05-26 00:02:53
2022-05-26 08:47:34,2022-05-26 08:48:30,Meeting _Social_Gathering_In_Person,annotator,HIGH LEVEL BEHAVIOR,2022-05-26 00:02:53,2022-05-26 00:03:49
2022-05-26 08:48:30,2022-05-26 08:49:17,Meeting _Social_Gathering_In_Person,annotator,HIGH LEVEL BEHAVIOR,2022-05-26 00:03:49,2022-05-26 00:04:36
2022-05-26 08:49:17,2022-05-26 08:51:20,Meeting _Social_Gathering_In_Person, Cooking/Prepping_Food,annotator,HIGH LEVEL BEHAVIOR,2022-05-26 00:04:36,2022-05-26 00:06:39
2022-05-26 08:51:20,2022-05-26 08:51:47,Meeting _Social_Gathering_In_Person,annotator,HIGH LEVEL BEHAVIOR,2022-05-26 00:06:39,2022-05-26 00:07:06
2022-05-26 08:51:47,2022-05-26 08:52:31,Meeting _Social_Gathering_In_Person, Dressing/Undressing,annotator,HIGH LEVEL BEHAVIOR,2022-05-26 00:07:06,2022-05-26 00:07:50
2022-05-26 08:52:31,2022-05-26 08:52:48,Meeting _Social_Gathering_In_Person,annotator,HIGH LEVEL BEHAVIOR,2022-05-26 00:07:50,2022-05-26 00:08:07
2022-05-26 08:52:48,2022-05-26 08:53:22,In_Transit_Active,annotator,HIGH LEVEL BEHAVIOR,2022-05-26 00:08:07,2022-05-26 00:08:41
2022-05-26 08:53:22,2022-05-26 09:00:14,Meeting _Social_Gathering_In_Person, Eating/Dining, In_Transit_Passive_Car,annotator,HIGH LEVEL BEHAVIOR,2022-05-26 00:08:41,2022-05-26 00:15:33
2022-05-26 09:00:14,2022-05-26 09:01:27,Meeting _Social_Gathering_In_Person, In_Transit_Passive_Car,annotator,HIGH LEVEL BEHAVIOR,2022-05-26 00:15:33,2022-05-26 00:16:46
2022-05-26 09:01:27,2022-05-26 09:02:20,In_Transit_Active,annotator,HIGH LEVEL BEHAVIOR,2022-05-26 00:16:46,2022-05-26 00:17:39
2022-05-26 09:02:20,2022-05-26 09:02:45,Riding_Escalator_Up,annotator,HIGH LEVEL BEHAVIOR,2022-05-26 00:17:39,2022-05-26 00:18:04
2022-05-26 09:02:45,2022-05-26 09:03:20,In_Transit_Active,annotator,HIGH LEVEL BEHAVIOR,2022-05-26 00:18:04,2022-05-26 00:18:39
2022-05-26 09:03:20,2022-05-26 09:03:39,In_Transit_Active,annotator,HIGH LEVEL BEHAVIOR,2022-05-26 00:18:39,2022-05-26 00:18:58
2022-05-26 09:03:39,2022-05-26 09:04:08,In_Transit_Active,annotator,HIGH LEVEL BEHAVIOR,2022-05-26 00:18:58,2022-05-26 00:19:27
2022-05-26 09:04:08,2022-05-26 09:04:21,In_Transit_Active,annotator,HIGH LEVEL BEHAVIOR,2022-05-26 00:19:27,2022-05-26 00:19:40
2022-05-26 09:04:21,2022-05-26 09:12:30,In_Transit_Passive_Train/Bus/Plane,annotator,HIGH LEVEL BEHAVIOR,2022-05-26 00:19:40,2022-05-26 00:27:49
2022-05-26 09:12:30,2022-05-26 09:12:44,In_Transit_Active,annotator,HIGH LEVEL BEHAVIOR,2022-05-26 00:27:49,2022-05-26 00:28:03
2022-05-26 09:12:44,2022-05-26 09:13:32,In_Transit_Passive_Train/Bus/Plane,annotator,HIGH LEVEL BEHAVIOR,2022-05-26 00:28:03,2022-05-26 00:28:51
2022-05-26 09:13:32,2022-05-26 09:14:46,In_Transit_Active,annotator,HIGH LEVEL BEHAVIOR,2022-05-26 00:28:51,2022-05-26 00:30:05
2022-05-26 09:14:46,2022-05-26 09:15:05,In_Transit_Active,annotator,HIGH LEVEL BEHAVIOR,2022-05-26 00:30:05,2022-05-26 00:30:24
2022-05-26 09:15:05,2022-05-26 09:15:37,In_Transit_Active,annotator,HIGH LEVEL BEHAVIOR,2022-05-26 00:30:24,2022-05-26 00:30:56
2022-05-26 09:15:37,2022-05-26 09:15:53,In_Transit_Active,annotator,HIGH LEVEL BEHAVIOR,2022-05-26 00:30:56,2022-05-26 00:31:12
2022-05-26 09:15:53,2022-05-26 09:17:14,In_Transit_Active,annotator,HIGH LEVEL BEHAVIOR,2022-05-26 00:31:12,2022-05-26 00:32:33
2022-05-26 09:17:14,2022-05-26 09:17:38,In_Transit_Active,annotator,HIGH LEVEL BEHAVIOR,2022-05-26 00:32:33,2022-05-26 00:32:57
2022-05-26 09:17:38,2022-05-26 09:26:11,HLB_Indecipherable/Video_Insufficient,annotator,HIGH LEVEL BEHAVIOR,2022-05-26 00:32:57,2022-05-26 00:41:30
2022-05-26 09:26:11,2022-05-26 09:26:25,,annotator,HIGH LEVEL BEHAVIOR,2022-05-26 00:41:30,2022-05-26 00:41:44
2022-05-26 09:26:25,2022-05-26 09:26:42,In_Transit_Active,annotator,HIGH LEVEL BEHAVIOR,2022-05-26 00:41:44,2022-05-26 00:42:01
2022-05-26 09:26:42,2022-05-26 09:27:32,Using_Computer/Screen,annotator,HIGH LEVEL BEHAVIOR,2022-05-26 00:42:01,2022-05-26 00:42:51
2022-05-26 09:27:32,2022-05-26 09:33:19,,annotator,HIGH LEVEL BEHAVIOR,2022-05-26 00:42:51,2022-05-26 00:48:38
2022-05-26 09:33:19,2022-05-26 09:34:39,Working_Other,annotator,HIGH LEVEL BEHAVIOR,2022-05-26 00:48:38,2022-05-26 00:49:58
2022-05-26 09:34:39,2022-05-26 09:38:36,,annotator,HIGH LEVEL BEHAVIOR,2022-05-26 00:49:58,2022-05-26 00:53:55
2022-05-26 09:38:36,2022-05-26 09:39:54,Using_Computer/Screen, Working_Other,annotator,HIGH LEVEL BEHAVIOR,2022-05-26 00:53:55,2022-05-26 00:55:13
2022-05-26 09:39:54,2022-05-26 09:40:19,Packing/Unpacking_Something,annotator,HIGH LEVEL BEHAVIOR,2022-05-26 00:55:13,2022-05-26 00:55:38
2022-05-26 09:40:19,2022-05-26 09:40:53,In_Transit_Active,annotator,HIGH LEVEL BEHAVIOR,2022-05-26 00:55:38,2022-05-26 00:56:12
2022-05-26 09:40:53,2022-05-26 09:41:34,In_Transit_Active,annotator,HIGH LEVEL BEHAVIOR,2022-05-26 00:56:12,2022-05-26 00:56:53
2022-05-26 09:41:34,2022-05-26 09:41:52,HLB_Indecipherable/Video_Insufficient,annotator,HIGH LEVEL BEHAVIOR,2022-05-26 00:56:53,2022-05-26 00:57:11
2022-05-26 09:41:52,2022-05-26 09:42:12,Grooming/Self_Care,annotator,HIGH LEVEL BEHAVIOR,2022-05-26 00:57:11,2022-05-26 00:57:31
2022-05-26 09:42:12,2022-05-26 09:42:48,In_Transit_Active,annotator,HIGH LEVEL BEHAVIOR,2022-05-26 00:57:31,2022-05-26 00:58:07
2022-05-26 09:42:48,2022-05-26 09:45:32,,annotator,HIGH LEVEL BEHAVIOR,2022-05-26 00:58:07,2022-05-26 01:00:51
2022-05-26 09:45:32,2022-05-26 09:46:05,HLB_Indecipherable/Video_Insufficient,annotator,HIGH LEVEL BEHAVIOR,2022-05-26 01:00:51,2022-05-26 01:01:24
2022-05-26 09:46:05,2022-05-26 09:49:49,Meeting _Social_Gathering_In_Person,annotator,HIGH LEVEL BEHAVIOR,2022-05-26 01:01:24,2022-05-26 01:05:08
2022-05-26 09:49:49,2022-05-26 09:50:30,Meeting _Social_Gathering_In_Person, Eating/Dining,annotator,HIGH LEVEL BEHAVIOR,2022-05-26 01:05:08,2022-05-26 01:05:49
2022-05-26 09:50:30,2022-05-26 09:52:14,Meeting _Social_Gathering_In_Person,annotator,HIGH LEVEL BEHAVIOR,2022-05-26 01:05:49,2022-05-26 01:07:33
2022-05-26 09:52:14,2022-05-26 10:25:04,Meeting _Social_Gathering_In_Person, Working_Other,annotator,HIGH LEVEL BEHAVIOR,2022-05-26 01:07:33,2022-05-26 01:40:23
2022-05-26 10:25:04,2022-05-26 10:26:01,Meeting _Social_Gathering_In_Person,annotator,HIGH LEVEL BEHAVIOR,2022-05-26 01:40:23,2022-05-26 01:41:20
2022-05-26 10:26:01,2022-05-26 10:27:03,Meeting _Social_Gathering_In_Person,annotator,HIGH LEVEL BEHAVIOR,2022-05-26 01:41:20,2022-05-26 01:42:22
2022-05-26 10:27:03,2022-05-26 10:27:50,Meeting _Social_Gathering_In_Person,annotator,HIGH LEVEL BEHAVIOR,2022-05-26 01:42:22,2022-05-26 01:43:09
2022-05-26 10:27:50,2022-05-26 10:31:46,Meeting _Social_Gathering_In_Person, Working_Other,annotator,HIGH LEVEL BEHAVIOR,2022-05-26 01:43:09,2022-05-26 01:47:05
2022-05-26 10:31:46,2022-05-26 10:32:30,Meeting _Social_Gathering_In_Person,annotator,HIGH LEVEL BEHAVIOR,2022-05-26 01:47:05,2022-05-26 01:47:49
2022-05-26 10:32:30,2022-05-26 11:04:59,Meeting _Social_Gathering_In_Person, Working_Other,annotator,HIGH LEVEL BEHAVIOR,2022-05-26 01:47:49,2022-05-26 02:20:18
2022-05-26 11:04:59,2022-05-26 11:05:17,In_Transit_Active,annotator,HIGH LEVEL BEHAVIOR,2022-05-26 02:20:18,2022-05-26 02:20:36
2022-05-26 11:05:17,2022-05-26 11:05:56,HLB_Indecipherable/Video_Insufficient,annotator,HIGH LEVEL BEHAVIOR,2022-05-26 02:20:36,2022-05-26 02:21:15
2022-05-26 11:05:56,2022-05-26 11:06:23,,annotator,HIGH LEVEL BEHAVIOR,2022-05-26 02:21:15,2022-05-26 02:21:42
2022-05-26 11:06:23,2022-05-26 11:06:50,In_Transit_Active,annotator,HIGH LEVEL BEHAVIOR,2022-05-26 02:21:42,2022-05-26 02:22:09
2022-05-26 11:06:50,2022-05-26 11:19:59,Meeting _Social_Gathering_In_Person,annotator,HIGH LEVEL BEHAVIOR,2022-05-26 02:22:09,2022-05-26 02:35:18
2022-05-26 11:19:59,2022-05-26 11:20:05,Meeting _Social_Gathering_In_Person,annotator,HIGH LEVEL BEHAVIOR,2022-05-26 02:35:18,2022-05-26 02:35:24
2022-05-26 11:20:05,2022-05-26 11:20:34,Meeting _Social_Gathering_In_Person, Packing/Unpacking_Something,annotator,HIGH LEVEL BEHAVIOR,2022-05-26 02:35:24,2022-05-26 02:35:53
2022-05-26 11:20:34,2022-05-26 11:20:55,Meeting _Social_Gathering_In_Person,annotator,HIGH LEVEL BEHAVIOR,2022-05-26 02:35:53,2022-05-26 02:36:14
2022-05-26 11:20:55,2022-05-26 11:21:23,In_Transit_Active,annotator,HIGH LEVEL BEHAVIOR,2022-05-26 02:36:14,2022-05-26 02:36:42
2022-05-26 11:21:23,2022-05-26 11:21:40,In_Transit_Active,annotator,HIGH LEVEL BEHAVIOR,2022-05-26 02:36:42,2022-05-26 02:36:59
2022-05-26 11:21:40,2022-05-26 11:21:55,In_Transit_Active,annotator,HIGH LEVEL BEHAVIOR,2022-05-26 02:36:59,2022-05-26 02:37:14
2022-05-26 11:21:55,2022-05-26 11:24:56,,annotator,HIGH LEVEL BEHAVIOR,2022-05-26 02:37:14,2022-05-26 02:40:15
2022-05-26 11:24:56,2022-05-26 11:25:42,Meeting _Social_Gathering_In_Person,annotator,HIGH LEVEL BEHAVIOR,2022-05-26 02:40:15,2022-05-26 02:41:01
2022-05-26 11:25:42,2022-05-26 11:31:10,Relaxing_Passive,annotator,HIGH LEVEL BEHAVIOR,2022-05-26 02:41:01,2022-05-26 02:46:29
2022-05-26 11:31:10,2022-05-26 11:34:40,Eating/Dining,annotator,HIGH LEVEL BEHAVIOR,2022-05-26 02:46:29,2022-05-26 02:49:59
2022-05-26 11:34:40,2022-05-26 11:35:43,HLB_Indecipherable/Video_Insufficient,annotator,HIGH LEVEL BEHAVIOR,2022-05-26 02:49:59,2022-05-26 02:51:02
2022-05-26 11:35:43,2022-05-26 11:47:01,Eating/Dining,annotator,HIGH LEVEL BEHAVIOR,2022-05-26 02:51:02,2022-05-26 03:02:20
2022-05-26 11:47:01,2022-05-26 12:01:47,Relaxing_Passive,annotator,HIGH LEVEL BEHAVIOR,2022-05-26 03:02:20,2022-05-26 03:17:06
2022-05-26 12:01:47,2022-05-26 12:02:45,HLB_Indecipherable/Video_Insufficient,annotator,HIGH LEVEL BEHAVIOR,2022-05-26 03:17:06,2022-05-26 03:18:04
2022-05-26 12:02:45,2022-05-26 12:02:57,In_Transit_Active,annotator,HIGH LEVEL BEHAVIOR,2022-05-26 03:18:04,2022-05-26 03:18:16
2022-05-26 12:02:57,2022-05-26 12:04:39,In_Transit_Active,annotator,HIGH LEVEL BEHAVIOR,2022-05-26 03:18:16,2022-05-26 03:19:58
2022-05-26 12:04:39,2022-05-26 12:05:04,In_Transit_Active,annotator,HIGH LEVEL BEHAVIOR,2022-05-26 03:19:58,2022-05-26 03:20:23
2022-05-26 12:05:04,2022-05-26 12:05:23,Riding_Elevator_Up,annotator,HIGH LEVEL BEHAVIOR,2022-05-26 03:20:23,2022-05-26 03:20:42
2022-05-26 12:05:23,2022-05-26 12:05:36,In_Transit_Active,annotator,HIGH LEVEL BEHAVIOR,2022-05-26 03:20:42,2022-05-26 03:20:55
2022-05-26 12:05:36,2022-05-26 12:06:01,In_Transit_Active, Meeting _Social_Gathering_In_Person,annotator,HIGH LEVEL BEHAVIOR,2022-05-26 03:20:55,2022-05-26 03:21:20
2022-05-26 12:06:01,2022-05-26 12:06:45,Meeting _Social_Gathering_In_Person,annotator,HIGH LEVEL BEHAVIOR,2022-05-26 03:21:20,2022-05-26 03:22:04
2022-05-26 12:06:45,2022-05-26 12:14:19,Meeting _Social_Gathering_In_Person,annotator,HIGH LEVEL BEHAVIOR,2022-05-26 03:22:04,2022-05-26 03:29:38
2022-05-26 12:14:19,2022-05-26 12:14:42,Meeting _Social_Gathering_In_Person,annotator,HIGH LEVEL BEHAVIOR,2022-05-26 03:29:38,2022-05-26 03:30:01
2022-05-26 12:14:42,2022-05-26 12:18:00,Meeting _Social_Gathering_In_Person,annotator,HIGH LEVEL BEHAVIOR,2022-05-26 03:30:01,2022-05-26 03:33:19
2022-05-26 12:18:00,2022-05-26 12:18:44,Meeting _Social_Gathering_In_Person,annotator,HIGH LEVEL BEHAVIOR,2022-05-26 03:33:19,2022-05-26 03:34:03
2022-05-26 12:18:44,2022-05-26 12:19:35,In_Transit_Active,annotator,HIGH LEVEL BEHAVIOR,2022-05-26 03:34:03,2022-05-26 03:34:54
2022-05-26 12:19:35,2022-05-26 12:25:38,HLB_Indecipherable/Video_Insufficient,annotator,HIGH LEVEL BEHAVIOR,2022-05-26 03:34:54,2022-05-26 03:40:57
2022-05-26 12:25:38,2022-05-26 12:25:55,,annotator,HIGH LEVEL BEHAVIOR,2022-05-26 03:40:57,2022-05-26 03:41:14
2022-05-26 12:25:55,2022-05-26 12:26:16,In_Transit_Active,annotator,HIGH LEVEL BEHAVIOR,2022-05-26 03:41:14,2022-05-26 03:41:35
2022-05-26 12:26:16,2022-05-26 12:27:09,,annotator,HIGH LEVEL BEHAVIOR,2022-05-26 03:41:35,2022-05-26 03:42:28
2022-05-26 12:27:13,2022-05-26 12:27:37,Riding_Elevator_Down,annotator,HIGH LEVEL BEHAVIOR,2022-05-26 03:42:32,2022-05-26 03:42:56
2022-05-26 12:27:37,2022-05-26 12:28:05,In_Transit_Active,annotator,HIGH LEVEL BEHAVIOR,2022-05-26 03:42:56,2022-05-26 03:43:24
2022-05-26 12:28:05,2022-05-26 12:29:52,In_Transit_Active,annotator,HIGH LEVEL BEHAVIOR,2022-05-26 03:43:24,2022-05-26 03:45:11
2022-05-26 12:29:52,2022-05-26 12:30:48,In_Transit_Active,annotator,HIGH LEVEL BEHAVIOR,2022-05-26 03:45:11,2022-05-26 03:46:07
2022-05-26 12:30:48,2022-05-26 12:31:07,Packing/Unpacking_Something,annotator,HIGH LEVEL BEHAVIOR,2022-05-26 03:46:07,2022-05-26 03:46:26
2022-05-26 12:31:07,2022-05-26 12:38:40,Using_Computer/Screen,annotator,HIGH LEVEL BEHAVIOR,2022-05-26 03:46:26,2022-05-26 03:53:59
2022-05-26 12:38:40,2022-05-26 12:45:07,,annotator,HIGH LEVEL BEHAVIOR,2022-05-26 03:53:59,2022-05-26 04:00:26
2022-05-26 12:45:07,2022-05-26 12:47:36,Using_Computer/Screen,annotator,HIGH LEVEL BEHAVIOR,2022-05-26 04:00:26,2022-05-26 04:02:55
2022-05-26 12:47:36,2022-05-26 12:51:10,,annotator,HIGH LEVEL BEHAVIOR,2022-05-26 04:02:55,2022-05-26 04:06:29
2022-05-26 12:51:10,2022-05-26 12:52:45,Using_Computer/Screen,annotator,HIGH LEVEL BEHAVIOR,2022-05-26 04:06:29,2022-05-26 04:08:04
2022-05-26 12:52:45,2022-05-26 12:55:48,,annotator,HIGH LEVEL BEHAVIOR,2022-05-26 04:08:04,2022-05-26 04:11:07
2022-05-26 12:55:48,2022-05-26 12:57:33,Using_Computer/Screen,annotator,HIGH LEVEL BEHAVIOR,2022-05-26 04:11:07,2022-05-26 04:12:52
2022-05-26 12:57:33,2022-05-26 12:58:01,Packing/Unpacking_Something,annotator,HIGH LEVEL BEHAVIOR,2022-05-26 04:12:52,2022-05-26 04:13:20
2022-05-26 12:58:01,2022-05-26 12:58:20,In_Transit_Active,annotator,HIGH LEVEL BEHAVIOR,2022-05-26 04:13:20,2022-05-26 04:13:39
2022-05-26 12:58:20,2022-05-26 12:58:45,HLB_Indecipherable/Video_Insufficient,annotator,HIGH LEVEL BEHAVIOR,2022-05-26 04:13:39,2022-05-26 04:14:04
2022-05-26 12:58:45,2022-05-26 12:58:50,,annotator,HIGH LEVEL BEHAVIOR,2022-05-26 04:14:04,2022-05-26 04:14:09
2022-05-26 12:58:50,2022-05-26 12:59:12,In_Transit_Active,annotator,HIGH LEVEL BEHAVIOR,2022-05-26 04:14:09,2022-05-26 04:14:31
2022-05-26 12:59:12,2022-05-26 13:01:04,In_Transit_Active,annotator,HIGH LEVEL BEHAVIOR,2022-05-26 04:14:31,2022-05-26 04:16:23
2022-05-26 13:01:04,2022-05-26 13:27:22,Relaxing_Passive,annotator,HIGH LEVEL BEHAVIOR,2022-05-26 04:16:23,2022-05-26 04:42:41
2022-05-26 13:27:22,2022-05-26 13:31:05,In_Transit_Active,annotator,HIGH LEVEL BEHAVIOR,2022-05-26 04:42:41,2022-05-26 04:46:24
2022-05-26 13:31:05,2022-05-26 13:32:02,In_Transit_Active,annotator,HIGH LEVEL BEHAVIOR,2022-05-26 04:46:24,2022-05-26 04:47:21
2022-05-26 13:32:02,2022-05-26 14:18:06,Meeting _Social_Gathering_In_Person,annotator,HIGH LEVEL BEHAVIOR,2022-05-26 04:47:21,2022-05-26 05:33:25
2022-05-26 14:18:06,2022-05-26 14:18:43,In_Transit_Active,annotator,HIGH LEVEL BEHAVIOR,2022-05-26 05:33:25,2022-05-26 05:34:02
2022-05-26 14:18:43,2022-05-26 14:19:26,HLB_Indecipherable/Video_Insufficient,annotator,HIGH LEVEL BEHAVIOR,2022-05-26 05:34:02,2022-05-26 05:34:45
2022-05-26 14:19:26,2022-05-26 14:19:50,,annotator,HIGH LEVEL BEHAVIOR,2022-05-26 05:34:45,2022-05-26 05:35:09
2022-05-26 14:19:50,2022-05-26 14:20:39,In_Transit_Active,annotator,HIGH LEVEL BEHAVIOR,2022-05-26 05:35:09,2022-05-26 05:35:58
2022-05-26 14:20:39,2022-05-26 14:47:00,Meeting _Social_Gathering_In_Person,annotator,HIGH LEVEL BEHAVIOR,2022-05-26 05:35:58,2022-05-26 06:02:19
2022-05-26 14:47:00,2022-05-26 14:47:35,In_Transit_Active,annotator,HIGH LEVEL BEHAVIOR,2022-05-26 06:02:19,2022-05-26 06:02:54
2022-05-26 14:47:35,2022-05-26 14:48:05,In_Transit_Active,annotator,HIGH LEVEL BEHAVIOR,2022-05-26 06:02:54,2022-05-26 06:03:24
2022-05-26 14:48:05,2022-05-26 14:50:28,In_Transit_Active,annotator,HIGH LEVEL BEHAVIOR,2022-05-26 06:03:24,2022-05-26 06:05:47
2022-05-26 14:50:28,2022-05-26 14:50:36,In_Transit_Active,annotator,HIGH LEVEL BEHAVIOR,2022-05-26 06:05:47,2022-05-26 06:05:55
2022-05-26 14:50:36,2022-05-26 14:51:08,In_Transit_Active,annotator,HIGH LEVEL BEHAVIOR,2022-05-26 06:05:55,2022-05-26 06:06:27
2022-05-26 14:51:08,2022-05-26 14:51:24,In_Transit_Active,annotator,HIGH LEVEL BEHAVIOR,2022-05-26 06:06:27,2022-05-26 06:06:43
2022-05-26 14:51:24,2022-05-26 14:52:09,Meeting _Social_Gathering_In_Person,annotator,HIGH LEVEL BEHAVIOR,2022-05-26 06:06:43,2022-05-26 06:07:28
2022-05-26 14:52:09,2022-05-26 14:52:55,Meeting _Social_Gathering_In_Person,annotator,HIGH LEVEL BEHAVIOR,2022-05-26 06:07:28,2022-05-26 06:08:14
2022-05-26 14:52:55,2022-05-26 14:54:04,In_Transit_Active,annotator,HIGH LEVEL BEHAVIOR,2022-05-26 06:08:14,2022-05-26 06:09:23
2022-05-26 14:54:04,2022-05-26 14:54:45,In_Transit_Active,annotator,HIGH LEVEL BEHAVIOR,2022-05-26 06:09:23,2022-05-26 06:10:04
2022-05-26 14:54:45,2022-05-26 15:11:12,In_Transit_Passive_Train/Bus/Plane,annotator,HIGH LEVEL BEHAVIOR,2022-05-26 06:10:04,2022-05-26 06:26:31
2022-05-26 15:11:12,2022-05-26 15:11:36,In_Transit_Active,annotator,HIGH LEVEL BEHAVIOR,2022-05-26 06:26:31,2022-05-26 06:26:55
2022-05-26 15:11:36,2022-05-26 15:12:15,In_Transit_Passive_Train/Bus/Plane,annotator,HIGH LEVEL BEHAVIOR,2022-05-26 06:26:55,2022-05-26 06:27:34
2022-05-26 15:12:15,2022-05-26 15:14:14,In_Transit_Active,annotator,HIGH LEVEL BEHAVIOR,2022-05-26 06:27:34,2022-05-26 06:29:33
2022-05-26 15:14:14,2022-05-26 15:21:08,In_Transit_Driving_Car,annotator,HIGH LEVEL BEHAVIOR,2022-05-26 06:29:33,2022-05-26 06:36:27
2022-05-26 15:21:08,2022-05-26 15:21:50,In_Transit_Active,annotator,HIGH LEVEL BEHAVIOR,2022-05-26 06:36:27,2022-05-26 06:37:09
2022-05-26 15:21:50,2022-05-26 15:22:28,Meeting _Social_Gathering_In_Person,annotator,HIGH LEVEL BEHAVIOR,2022-05-26 06:37:09,2022-05-26 06:37:47
2022-05-26 15:22:28,2022-05-26 15:26:06,Meeting _Social_Gathering_In_Person,annotator,HIGH LEVEL BEHAVIOR,2022-05-26 06:37:47,2022-05-26 06:41:25
2022-05-26 15:26:06,2022-05-26 15:26:52,HLB_Indecipherable/Video_Insufficient,annotator,HIGH LEVEL BEHAVIOR,2022-05-26 06:41:25,2022-05-26 06:42:11
2022-05-26 15:26:52,2022-05-26 15:27:46,Meeting _Social_Gathering_In_Person,annotator,HIGH LEVEL BEHAVIOR,2022-05-26 06:42:11,2022-05-26 06:43:05
2022-05-26 15:27:46,2022-05-26 15:28:25,Grooming/Self_Care,annotator,HIGH LEVEL BEHAVIOR,2022-05-26 06:43:05,2022-05-26 06:43:44
2022-05-26 15:28:25,2022-05-26 15:28:39,In_Transit_Active,annotator,HIGH LEVEL BEHAVIOR,2022-05-26 06:43:44,2022-05-26 06:43:58
2022-05-26 15:28:39,2022-05-26 15:29:07,Meeting _Social_Gathering_In_Person,annotator,HIGH LEVEL BEHAVIOR,2022-05-26 06:43:58,2022-05-26 06:44:26
2022-05-26 15:29:07,2022-05-26 15:29:40,Meeting _Social_Gathering_In_Person,annotator,HIGH LEVEL BEHAVIOR,2022-05-26 06:44:26,2022-05-26 06:44:59
2022-05-26 15:29:40,2022-05-26 16:23:41,HLB_Indecipherable/Video_Insufficient,annotator,HIGH LEVEL BEHAVIOR,2022-05-26 06:44:59,2022-05-26 07:39:00
2022-05-26 16:23:41,2022-05-26 16:27:12,Meeting _Social_Gathering_In_Person,annotator,HIGH LEVEL BEHAVIOR,2022-05-26 07:39:00,2022-05-26 07:42:31
2022-05-26 16:27:16,2022-05-26 16:41:13,Meeting _Social_Gathering_In_Person,annotator,HIGH LEVEL BEHAVIOR,2022-05-26 07:42:35,2022-05-26 07:56:32
2022-05-26 16:41:13,2022-05-26 16:41:40,In_Transit_Active,annotator,HIGH LEVEL BEHAVIOR,2022-05-26 07:56:32,2022-05-26 07:56:59
2022-05-26 16:41:40,2022-05-26 16:44:51,Meeting _Social_Gathering_In_Person, Cooking/Prepping_Food,annotator,HIGH LEVEL BEHAVIOR,2022-05-26 07:56:59,2022-05-26 08:00:10
2022-05-26 16:44:51,2022-05-26 16:47:09,Meeting _Social_Gathering_In_Person, Eating/Dining,annotator,HIGH LEVEL BEHAVIOR,2022-05-26 08:00:10,2022-05-26 08:02:28
2022-05-26 16:47:09,2022-05-26 16:48:23,Meeting _Social_Gathering_In_Person,annotator,HIGH LEVEL BEHAVIOR,2022-05-26 08:02:28,2022-05-26 08:03:42
2022-05-26 16:48:23,2022-05-26 16:48:38,In_Transit_Active,annotator,HIGH LEVEL BEHAVIOR,2022-05-26 08:03:42,2022-05-26 08:03:57
2022-05-26 16:48:38,2022-05-26 16:49:16,Meeting _Social_Gathering_In_Person,annotator,HIGH LEVEL BEHAVIOR,2022-05-26 08:03:57,2022-05-26 08:04:35
2022-05-26 16:49:16,2022-05-26 16:49:45,In_Transit_Active,annotator,HIGH LEVEL BEHAVIOR,2022-05-26 08:04:35,2022-05-26 08:05:04
2022-05-26 16:49:45,2022-05-26 16:53:45,Meeting _Social_Gathering_In_Person, Eating/Dining,annotator,HIGH LEVEL BEHAVIOR,2022-05-26 08:05:04,2022-05-26 08:09:04
2022-05-26 16:53:45,2022-05-26 16:57:55,Meeting _Social_Gathering_In_Person,annotator,HIGH LEVEL BEHAVIOR,2022-05-26 08:09:04,2022-05-26 08:13:14
2022-05-26 16:57:55,2022-05-26 16:58:08,HLB_Indecipherable/Video_Insufficient,annotator,HIGH LEVEL BEHAVIOR,2022-05-26 08:13:14,2022-05-26 08:13:27
2022-05-26 16:58:08,2022-05-26 16:58:13,,annotator,HIGH LEVEL BEHAVIOR,2022-05-26 08:13:27,2022-05-26 08:13:32
2022-05-26 16:58:13,2022-05-26 16:59:44,Meeting _Social_Gathering_In_Person,annotator,HIGH LEVEL BEHAVIOR,2022-05-26 08:13:32,2022-05-26 08:15:03
2022-05-26 16:59:44,2022-05-26 17:00:14,In_Transit_Active,annotator,HIGH LEVEL BEHAVIOR,2022-05-26 08:15:03,2022-05-26 08:15:33
2022-05-26 17:00:14,2022-05-26 17:31:07,Meeting _Social_Gathering_In_Person, In_Transit_Driving_Car,annotator,HIGH LEVEL BEHAVIOR,2022-05-26 08:15:33,2022-05-26 08:46:26
2022-05-26 17:31:07,2022-05-26 17:32:49,Meeting _Social_Gathering_In_Person, In_Transit_Active,annotator,HIGH LEVEL BEHAVIOR,2022-05-26 08:46:26,2022-05-26 08:48:08
2022-05-26 17:32:49,2022-05-26 17:34:12,Meeting _Social_Gathering_In_Person, In_Transit_Active,annotator,HIGH LEVEL BEHAVIOR,2022-05-26 08:48:08,2022-05-26 08:49:31
2022-05-26 17:34:12,2022-05-26 17:34:42,Meeting _Social_Gathering_In_Person, Riding_Escalator_Up,annotator,HIGH LEVEL BEHAVIOR,2022-05-26 08:49:31,2022-05-26 08:50:01
2022-05-26 17:34:42,2022-05-26 17:52:45,Meeting _Social_Gathering_In_Person, Shopping_Non-Grocery,annotator,HIGH LEVEL BEHAVIOR,2022-05-26 08:50:01,2022-05-26 09:08:04
2022-05-26 17:52:45,2022-05-26 17:53:23,Meeting _Social_Gathering_In_Person, In_Transit_Active,annotator,HIGH LEVEL BEHAVIOR,2022-05-26 09:08:04,2022-05-26 09:08:42
2022-05-26 17:53:23,2022-05-26 17:53:50,Meeting _Social_Gathering_In_Person, Riding_Escalator_Down,annotator,HIGH LEVEL BEHAVIOR,2022-05-26 09:08:42,2022-05-26 09:09:09
2022-05-26 17:53:50,2022-05-26 17:54:06,Meeting _Social_Gathering_In_Person, In_Transit_Active,annotator,HIGH LEVEL BEHAVIOR,2022-05-26 09:09:09,2022-05-26 09:09:25
2022-05-26 17:54:06,2022-05-26 17:55:03,Meeting _Social_Gathering_In_Person,annotator,HIGH LEVEL BEHAVIOR,2022-05-26 09:09:25,2022-05-26 09:10:22
2022-05-26 17:55:03,2022-05-26 17:56:33,Meeting _Social_Gathering_In_Person, In_Transit_Active,annotator,HIGH LEVEL BEHAVIOR,2022-05-26 09:10:22,2022-05-26 09:11:52
2022-05-26 17:56:33,2022-05-26 17:57:31,Meeting _Social_Gathering_In_Person, In_Transit_Active,annotator,HIGH LEVEL BEHAVIOR,2022-05-26 09:11:52,2022-05-26 09:12:50
2022-05-26 17:57:31,2022-05-26 18:01:54,Meeting _Social_Gathering_In_Person, In_Transit_Driving_Car,annotator,HIGH LEVEL BEHAVIOR,2022-05-26 09:12:50,2022-05-26 09:17:13
2022-05-26 18:01:54,2022-05-26 18:02:49,Meeting _Social_Gathering_In_Person, In_Transit_Active,annotator,HIGH LEVEL BEHAVIOR,2022-05-26 09:17:13,2022-05-26 09:18:08
2022-05-26 18:02:49,2022-05-26 18:04:57,Meeting _Social_Gathering_In_Person, Shopping_Non-Grocery,annotator,HIGH LEVEL BEHAVIOR,2022-05-26 09:18:08,2022-05-26 09:20:16
2022-05-26 18:04:57,2022-05-26 18:05:23,Meeting _Social_Gathering_In_Person, In_Transit_Active,annotator,HIGH LEVEL BEHAVIOR,2022-05-26 09:20:16,2022-05-26 09:20:42
2022-05-26 18:05:23,2022-05-26 18:07:57,In_Transit_Driving_Car,annotator,HIGH LEVEL BEHAVIOR,2022-05-26 09:20:42,2022-05-26 09:23:16
2022-05-26 18:07:57,2022-05-26 18:08:53,In_Transit_Active,annotator,HIGH LEVEL BEHAVIOR,2022-05-26 09:23:16,2022-05-26 09:24:12
2022-05-26 18:08:53,2022-05-26 18:19:18,Meeting _Social_Gathering_In_Person, Shopping_Non-Grocery,annotator,HIGH LEVEL BEHAVIOR,2022-05-26 09:24:12,2022-05-26 09:34:37
2022-05-26 18:19:18,2022-05-26 18:20:59,Dressing/Undressing,annotator,HIGH LEVEL BEHAVIOR,2022-05-26 09:34:37,2022-05-26 09:36:18
2022-05-26 18:20:59,2022-05-26 18:23:45,Shopping_Non-Grocery,annotator,HIGH LEVEL BEHAVIOR,2022-05-26 09:36:18,2022-05-26 09:39:04
2022-05-26 18:23:45,2022-05-26 18:27:39,Meeting _Social_Gathering_In_Person, Dressing/Undressing,annotator,HIGH LEVEL BEHAVIOR,2022-05-26 09:39:04,2022-05-26 09:42:58
2022-05-26 18:27:39,2022-05-26 18:32:44,Meeting _Social_Gathering_In_Person, Shopping_Non-Grocery,annotator,HIGH LEVEL BEHAVIOR,2022-05-26 09:42:58,2022-05-26 09:48:03
2022-05-26 18:32:44,2022-05-26 18:34:29,Meeting _Social_Gathering_In_Person, Dressing/Undressing,annotator,HIGH LEVEL BEHAVIOR,2022-05-26 09:48:03,2022-05-26 09:49:48
2022-05-26 18:34:29,2022-05-26 18:46:30,Meeting _Social_Gathering_In_Person, Shopping_Non-Grocery,annotator,HIGH LEVEL BEHAVIOR,2022-05-26 09:49:48,2022-05-26 10:01:49
