START_TIME,STOP_TIME,PREDICTION,SOURCE,LABELSET,VIDEO_START_TIME,VIDEO_END_TIME
2022-05-21 10:42:47,2022-05-21 10:42:56,Using_Computer/Screen,annotator,HIGH LEVEL BEHAVIOR,2022-05-21 00:00:29,2022-05-21 00:00:38
2022-05-21 10:42:58,2022-05-21 10:43:39,HLB_Unlabeled,annotator,HIGH LEVEL BEHAVIOR,2022-05-21 00:00:40,2022-05-21 00:01:21
2022-05-21 10:43:41,2022-05-21 10:44:26,In_Transit_Active,annotator,HIGH LEVEL BEHAVIOR,2022-05-21 00:01:23,2022-05-21 00:02:08
2022-05-21 10:44:28,2022-05-21 10:45:05,HLB_Indecipherable/Video_Insufficient,annotator,HIGH LEVEL BEHAVIOR,2022-05-21 00:02:10,2022-05-21 00:02:47
2022-05-21 10:45:09,2022-05-21 10:45:19,In_Bathroom,annotator,HIGH LEVEL BEHAVIOR,2022-05-21 00:02:51,2022-05-21 00:03:01
2022-05-21 10:45:21,2022-05-21 10:46:32,In_Transit_Active,annotator,HIGH LEVEL BEHAVIOR,2022-05-21 00:03:03,2022-05-21 00:04:14
2022-05-21 10:46:33,2022-05-21 11:21:48,WatchingTV/Movies,annotator,HIGH LEVEL BEHAVIOR,2022-05-21 00:04:15,2022-05-21 00:39:30
2022-05-21 11:21:52,2022-05-21 11:22:51,In_Transit_Active,annotator,HIGH LEVEL BEHAVIOR,2022-05-21 00:39:34,2022-05-21 00:40:33
2022-05-21 11:22:53,2022-05-21 11:29:31,WatchingTV/Movies,annotator,HIGH LEVEL BEHAVIOR,2022-05-21 00:40:35,2022-05-21 00:47:13
2022-05-21 11:29:34,2022-05-21 11:35:41,Cooking/Prepping_Food, Meeting _Social_Gathering_In_Person,annotator,HIGH LEVEL BEHAVIOR,2022-05-21 00:47:16,2022-05-21 00:53:23
2022-05-21 11:35:44,2022-05-21 11:37:45,In_Transit_Active,annotator,HIGH LEVEL BEHAVIOR,2022-05-21 00:53:26,2022-05-21 00:55:27
2022-05-21 11:37:46,2022-05-21 11:45:43,Cooking/Prepping_Food, Meeting _Social_Gathering_In_Person,annotator,HIGH LEVEL BEHAVIOR,2022-05-21 00:55:28,2022-05-21 01:03:25
2022-05-21 11:45:44,2022-05-21 11:46:22,In_Transit_Active,annotator,HIGH LEVEL BEHAVIOR,2022-05-21 01:03:26,2022-05-21 01:04:04
2022-05-21 11:46:25,2022-05-21 11:46:57,Riding_Elevator_Down,annotator,HIGH LEVEL BEHAVIOR,2022-05-21 01:04:07,2022-05-21 01:04:39
2022-05-21 11:47:00,2022-05-21 11:47:21,In_Transit_Active,annotator,HIGH LEVEL BEHAVIOR,2022-05-21 01:04:42,2022-05-21 01:05:03
2022-05-21 11:47:22,2022-05-21 11:47:40,In_Transit_Active,annotator,HIGH LEVEL BEHAVIOR,2022-05-21 01:05:04,2022-05-21 01:05:22
2022-05-21 11:47:41,2022-05-21 11:49:52,In_Transit_Active, Shopping_Grocery,annotator,HIGH LEVEL BEHAVIOR,2022-05-21 01:05:23,2022-05-21 01:07:34
2022-05-21 11:49:59,2022-05-21 11:50:20,In_Transit_Active,annotator,HIGH LEVEL BEHAVIOR,2022-05-21 01:07:41,2022-05-21 01:08:02
2022-05-21 11:50:21,2022-05-21 11:50:54,In_Transit_Active,annotator,HIGH LEVEL BEHAVIOR,2022-05-21 01:08:03,2022-05-21 01:08:36
2022-05-21 11:50:55,2022-05-21 11:51:20,In_Transit_Active,annotator,HIGH LEVEL BEHAVIOR,2022-05-21 01:08:37,2022-05-21 01:09:02
2022-05-21 11:51:20,2022-05-21 11:51:54,In_Transit_Active,annotator,HIGH LEVEL BEHAVIOR,2022-05-21 01:09:02,2022-05-21 01:09:36
2022-05-21 11:51:54,2022-05-21 11:51:59,In_Transit_Active,annotator,HIGH LEVEL BEHAVIOR,2022-05-21 01:09:36,2022-05-21 01:09:41
2022-05-21 11:51:59,2022-05-21 11:52:10,In_Transit_Active,annotator,HIGH LEVEL BEHAVIOR,2022-05-21 01:09:41,2022-05-21 01:09:52
2022-05-21 11:52:10,2022-05-21 11:52:29,In_Transit_Active,annotator,HIGH LEVEL BEHAVIOR,2022-05-21 01:09:52,2022-05-21 01:10:11
2022-05-21 11:52:29,2022-05-21 11:52:35,Doing_Common_Housework_Light, In_Transit_Active,annotator,HIGH LEVEL BEHAVIOR,2022-05-21 01:10:11,2022-05-21 01:10:17
2022-05-21 11:52:35,2022-05-21 11:52:57,Meeting _Social_Gathering_In_Person,annotator,HIGH LEVEL BEHAVIOR,2022-05-21 01:10:17,2022-05-21 01:10:39
2022-05-21 11:52:57,2022-05-21 11:53:01,Meeting _Social_Gathering_In_Person, Eating/Dining,annotator,HIGH LEVEL BEHAVIOR,2022-05-21 01:10:39,2022-05-21 01:10:43
2022-05-21 11:53:01,2022-05-21 11:53:21,Meeting _Social_Gathering_In_Person,annotator,HIGH LEVEL BEHAVIOR,2022-05-21 01:10:43,2022-05-21 01:11:03
2022-05-21 11:53:21,2022-05-21 11:53:33,Meeting _Social_Gathering_In_Person,annotator,HIGH LEVEL BEHAVIOR,2022-05-21 01:11:03,2022-05-21 01:11:15
2022-05-21 11:53:33,2022-05-21 11:53:48,Meeting _Social_Gathering_In_Person,annotator,HIGH LEVEL BEHAVIOR,2022-05-21 01:11:15,2022-05-21 01:11:30
2022-05-21 11:53:48,2022-05-21 11:54:40,Meeting _Social_Gathering_In_Person,annotator,HIGH LEVEL BEHAVIOR,2022-05-21 01:11:30,2022-05-21 01:12:22
2022-05-21 11:54:40,2022-05-21 11:55:29,Meeting _Social_Gathering_In_Person,annotator,HIGH LEVEL BEHAVIOR,2022-05-21 01:12:22,2022-05-21 01:13:11
2022-05-21 11:55:29,2022-05-21 11:57:24,Meeting _Social_Gathering_In_Person,annotator,HIGH LEVEL BEHAVIOR,2022-05-21 01:13:11,2022-05-21 01:15:06
2022-05-21 11:57:24,2022-05-21 11:57:56,Meeting _Social_Gathering_In_Person,annotator,HIGH LEVEL BEHAVIOR,2022-05-21 01:15:06,2022-05-21 01:15:38
2022-05-21 11:57:56,2022-05-21 11:58:04,Meeting _Social_Gathering_In_Person,annotator,HIGH LEVEL BEHAVIOR,2022-05-21 01:15:38,2022-05-21 01:15:46
2022-05-21 11:58:04,2022-05-21 11:59:46,Meeting _Social_Gathering_In_Person, Cooking/Prepping_Food,annotator,HIGH LEVEL BEHAVIOR,2022-05-21 01:15:46,2022-05-21 01:17:28
2022-05-21 11:59:46,2022-05-21 11:59:46,Meeting _Social_Gathering_In_Person, Cooking/Prepping_Food,annotator,HIGH LEVEL BEHAVIOR,2022-05-21 01:17:28,2022-05-21 01:17:28
2022-05-21 11:59:46,2022-05-21 12:00:11,Meeting _Social_Gathering_In_Person, Cooking/Prepping_Food,annotator,HIGH LEVEL BEHAVIOR,2022-05-21 01:17:28,2022-05-21 01:17:53
2022-05-21 12:00:11,2022-05-21 12:00:24,Meeting _Social_Gathering_In_Person, Cooking/Prepping_Food,annotator,HIGH LEVEL BEHAVIOR,2022-05-21 01:17:53,2022-05-21 01:18:06
2022-05-21 12:00:24,2022-05-21 12:00:40,Meeting _Social_Gathering_In_Person, Cooking/Prepping_Food, Cleaning,annotator,HIGH LEVEL BEHAVIOR,2022-05-21 01:18:06,2022-05-21 01:18:22
2022-05-21 12:00:40,2022-05-21 12:00:44,Meeting _Social_Gathering_In_Person, Cooking/Prepping_Food,annotator,HIGH LEVEL BEHAVIOR,2022-05-21 01:18:22,2022-05-21 01:18:26
2022-05-21 12:00:44,2022-05-21 12:01:10,Meeting _Social_Gathering_In_Person, Cooking/Prepping_Food,annotator,HIGH LEVEL BEHAVIOR,2022-05-21 01:18:26,2022-05-21 01:18:52
2022-05-21 12:01:10,2022-05-21 12:02:27,Meeting _Social_Gathering_In_Person, Cooking/Prepping_Food,annotator,HIGH LEVEL BEHAVIOR,2022-05-21 01:18:52,2022-05-21 01:20:09
2022-05-21 12:02:27,2022-05-21 12:02:33,Meeting _Social_Gathering_In_Person, Cooking/Prepping_Food, Doing_Common_Housework_Light,annotator,HIGH LEVEL BEHAVIOR,2022-05-21 01:20:09,2022-05-21 01:20:15
2022-05-21 12:02:33,2022-05-21 12:02:41,Meeting _Social_Gathering_In_Person, Cooking/Prepping_Food,annotator,HIGH LEVEL BEHAVIOR,2022-05-21 01:20:15,2022-05-21 01:20:23
2022-05-21 12:02:41,2022-05-21 12:02:49,Meeting _Social_Gathering_In_Person, Cooking/Prepping_Food,annotator,HIGH LEVEL BEHAVIOR,2022-05-21 01:20:23,2022-05-21 01:20:31
2022-05-21 12:02:49,2022-05-21 12:03:04,Meeting _Social_Gathering_In_Person, Cooking/Prepping_Food,annotator,HIGH LEVEL BEHAVIOR,2022-05-21 01:20:31,2022-05-21 01:20:46
2022-05-21 12:03:05,2022-05-21 12:03:25,Meeting _Social_Gathering_In_Person, Doing_Common_Housework_Light,annotator,HIGH LEVEL BEHAVIOR,2022-05-21 01:20:47,2022-05-21 01:21:07
2022-05-21 12:03:25,2022-05-21 12:03:37,Meeting _Social_Gathering_In_Person,annotator,HIGH LEVEL BEHAVIOR,2022-05-21 01:21:07,2022-05-21 01:21:19
2022-05-21 12:03:37,2022-05-21 12:03:41,Meeting _Social_Gathering_In_Person,annotator,HIGH LEVEL BEHAVIOR,2022-05-21 01:21:19,2022-05-21 01:21:23
2022-05-21 12:03:41,2022-05-21 12:03:51,Meeting _Social_Gathering_In_Person, Cooking/Prepping_Food,annotator,HIGH LEVEL BEHAVIOR,2022-05-21 01:21:23,2022-05-21 01:21:33
2022-05-21 12:03:51,2022-05-21 12:03:57,Meeting _Social_Gathering_In_Person, Cooking/Prepping_Food,annotator,HIGH LEVEL BEHAVIOR,2022-05-21 01:21:33,2022-05-21 01:21:39
2022-05-21 12:03:57,2022-05-21 12:04:06,Meeting _Social_Gathering_In_Person, Cooking/Prepping_Food,annotator,HIGH LEVEL BEHAVIOR,2022-05-21 01:21:39,2022-05-21 01:21:48
2022-05-21 12:04:06,2022-05-21 12:04:14,Meeting _Social_Gathering_In_Person, Cooking/Prepping_Food,annotator,HIGH LEVEL BEHAVIOR,2022-05-21 01:21:48,2022-05-21 01:21:56
2022-05-21 12:04:14,2022-05-21 12:04:17,Meeting _Social_Gathering_In_Person, Cooking/Prepping_Food,annotator,HIGH LEVEL BEHAVIOR,2022-05-21 01:21:56,2022-05-21 01:21:59
2022-05-21 12:04:17,2022-05-21 12:05:26,Meeting _Social_Gathering_In_Person, Eating/Dining,annotator,HIGH LEVEL BEHAVIOR,2022-05-21 01:21:59,2022-05-21 01:23:08
2022-05-21 12:05:26,2022-05-21 12:05:35,Meeting _Social_Gathering_In_Person, In_Transit_Active,annotator,HIGH LEVEL BEHAVIOR,2022-05-21 01:23:08,2022-05-21 01:23:17
2022-05-21 12:05:35,2022-05-21 12:05:47,Meeting _Social_Gathering_In_Person, Cooking/Prepping_Food,annotator,HIGH LEVEL BEHAVIOR,2022-05-21 01:23:17,2022-05-21 01:23:29
2022-05-21 12:05:47,2022-05-21 12:06:33,Meeting _Social_Gathering_In_Person, Cooking/Prepping_Food,annotator,HIGH LEVEL BEHAVIOR,2022-05-21 01:23:29,2022-05-21 01:24:15
2022-05-21 12:06:33,2022-05-21 12:06:45,Meeting _Social_Gathering_In_Person, Cooking/Prepping_Food,annotator,HIGH LEVEL BEHAVIOR,2022-05-21 01:24:15,2022-05-21 01:24:27
2022-05-21 12:06:45,2022-05-21 12:06:49,Meeting _Social_Gathering_In_Person, Cooking/Prepping_Food,annotator,HIGH LEVEL BEHAVIOR,2022-05-21 01:24:27,2022-05-21 01:24:31
2022-05-21 12:06:49,2022-05-21 12:07:24,Meeting _Social_Gathering_In_Person, Cooking/Prepping_Food,annotator,HIGH LEVEL BEHAVIOR,2022-05-21 01:24:31,2022-05-21 01:25:06
2022-05-21 12:07:24,2022-05-21 12:07:57,Meeting _Social_Gathering_In_Person, Cooking/Prepping_Food,annotator,HIGH LEVEL BEHAVIOR,2022-05-21 01:25:06,2022-05-21 01:25:39
2022-05-21 12:07:57,2022-05-21 12:08:27,Meeting _Social_Gathering_In_Person, Cooking/Prepping_Food,annotator,HIGH LEVEL BEHAVIOR,2022-05-21 01:25:39,2022-05-21 01:26:09
2022-05-21 12:08:27,2022-05-21 12:08:40,In_Transit_Active,annotator,HIGH LEVEL BEHAVIOR,2022-05-21 01:26:09,2022-05-21 01:26:22
2022-05-21 12:08:40,2022-05-21 12:08:45,In_Transit_Active,annotator,HIGH LEVEL BEHAVIOR,2022-05-21 01:26:22,2022-05-21 01:26:27
2022-05-21 12:08:45,2022-05-21 12:08:58,In_Transit_Active,annotator,HIGH LEVEL BEHAVIOR,2022-05-21 01:26:27,2022-05-21 01:26:40
2022-05-21 12:08:58,2022-05-21 12:09:09,In_Transit_Active,annotator,HIGH LEVEL BEHAVIOR,2022-05-21 01:26:40,2022-05-21 01:26:51
2022-05-21 12:09:09,2022-05-21 12:09:40,In_Transit_Active,annotator,HIGH LEVEL BEHAVIOR,2022-05-21 01:26:51,2022-05-21 01:27:22
2022-05-21 12:09:41,2022-05-21 12:09:46,In_Transit_Active,annotator,HIGH LEVEL BEHAVIOR,2022-05-21 01:27:23,2022-05-21 01:27:28
2022-05-21 12:09:46,2022-05-21 12:09:46,In_Transit_Active,annotator,HIGH LEVEL BEHAVIOR,2022-05-21 01:27:28,2022-05-21 01:27:28
2022-05-21 12:09:46,2022-05-21 12:09:50,In_Transit_Active,annotator,HIGH LEVEL BEHAVIOR,2022-05-21 01:27:28,2022-05-21 01:27:32
2022-05-21 12:09:50,2022-05-21 12:10:12,Meeting _Social_Gathering_In_Person,annotator,HIGH LEVEL BEHAVIOR,2022-05-21 01:27:32,2022-05-21 01:27:54
2022-05-21 12:10:12,2022-05-21 12:10:28,Meeting _Social_Gathering_In_Person,annotator,HIGH LEVEL BEHAVIOR,2022-05-21 01:27:54,2022-05-21 01:28:10
2022-05-21 12:10:28,2022-05-21 12:10:44,Meeting _Social_Gathering_In_Person, Eating/Dining,annotator,HIGH LEVEL BEHAVIOR,2022-05-21 01:28:10,2022-05-21 01:28:26
2022-05-21 12:10:44,2022-05-21 12:10:49,Meeting _Social_Gathering_In_Person, Eating/Dining,annotator,HIGH LEVEL BEHAVIOR,2022-05-21 01:28:26,2022-05-21 01:28:31
2022-05-21 12:10:49,2022-05-21 12:10:57,Meeting _Social_Gathering_In_Person, Eating/Dining,annotator,HIGH LEVEL BEHAVIOR,2022-05-21 01:28:31,2022-05-21 01:28:39
2022-05-21 12:10:57,2022-05-21 12:11:00,Meeting _Social_Gathering_In_Person, Eating/Dining,annotator,HIGH LEVEL BEHAVIOR,2022-05-21 01:28:39,2022-05-21 01:28:42
2022-05-21 12:11:00,2022-05-21 12:11:23,Meeting _Social_Gathering_In_Person, Eating/Dining,annotator,HIGH LEVEL BEHAVIOR,2022-05-21 01:28:42,2022-05-21 01:29:05
2022-05-21 12:11:23,2022-05-21 12:11:32,Meeting _Social_Gathering_In_Person, Eating/Dining,annotator,HIGH LEVEL BEHAVIOR,2022-05-21 01:29:05,2022-05-21 01:29:14
2022-05-21 12:11:32,2022-05-21 12:12:07,Meeting _Social_Gathering_In_Person, Eating/Dining,annotator,HIGH LEVEL BEHAVIOR,2022-05-21 01:29:14,2022-05-21 01:29:49
2022-05-21 12:12:07,2022-05-21 12:12:55,Meeting _Social_Gathering_In_Person, Eating/Dining,annotator,HIGH LEVEL BEHAVIOR,2022-05-21 01:29:49,2022-05-21 01:30:37
2022-05-21 12:12:55,2022-05-21 12:13:02,Meeting _Social_Gathering_In_Person, Eating/Dining,annotator,HIGH LEVEL BEHAVIOR,2022-05-21 01:30:37,2022-05-21 01:30:44
2022-05-21 12:13:02,2022-05-21 12:13:52,Meeting _Social_Gathering_In_Person, Eating/Dining,annotator,HIGH LEVEL BEHAVIOR,2022-05-21 01:30:44,2022-05-21 01:31:34
2022-05-21 12:13:52,2022-05-21 12:13:59,Meeting _Social_Gathering_In_Person, Eating/Dining, In_Transit_Active,annotator,HIGH LEVEL BEHAVIOR,2022-05-21 01:31:34,2022-05-21 01:31:41
2022-05-21 12:13:59,2022-05-21 12:14:18,Meeting _Social_Gathering_In_Person, Eating/Dining, Using_Computer/Screen,annotator,HIGH LEVEL BEHAVIOR,2022-05-21 01:31:41,2022-05-21 01:32:00
2022-05-21 12:14:18,2022-05-21 12:14:35,Meeting _Social_Gathering_In_Person, Eating/Dining, Using_Computer/Screen, WatchingTV/Movies,annotator,HIGH LEVEL BEHAVIOR,2022-05-21 01:32:00,2022-05-21 01:32:17
2022-05-21 12:14:35,2022-05-21 12:14:48,Meeting _Social_Gathering_In_Person, Eating/Dining, Using_Computer/Screen, WatchingTV/Movies,annotator,HIGH LEVEL BEHAVIOR,2022-05-21 01:32:17,2022-05-21 01:32:30
2022-05-21 12:14:48,2022-05-21 12:15:58,Meeting _Social_Gathering_In_Person, Eating/Dining, Using_Computer/Screen, WatchingTV/Movies,annotator,HIGH LEVEL BEHAVIOR,2022-05-21 01:32:30,2022-05-21 01:33:40
2022-05-21 12:15:58,2022-05-21 12:16:09,Meeting _Social_Gathering_In_Person, In_Transit_Active,annotator,HIGH LEVEL BEHAVIOR,2022-05-21 01:33:40,2022-05-21 01:33:51
2022-05-21 12:16:09,2022-05-21 12:16:13,Meeting _Social_Gathering_In_Person, In_Transit_Active,annotator,HIGH LEVEL BEHAVIOR,2022-05-21 01:33:51,2022-05-21 01:33:55
2022-05-21 12:16:13,2022-05-21 12:16:16,Meeting _Social_Gathering_In_Person, In_Transit_Active,annotator,HIGH LEVEL BEHAVIOR,2022-05-21 01:33:55,2022-05-21 01:33:58
2022-05-21 12:16:17,2022-05-21 12:16:38,Meeting _Social_Gathering_In_Person, Eating/Dining, WatchingTV/Movies, Using_Computer/Screen,annotator,HIGH LEVEL BEHAVIOR,2022-05-21 01:33:59,2022-05-21 01:34:20
2022-05-21 12:16:38,2022-05-21 12:18:15,WatchingTV/Movies, Using_Computer/Screen,annotator,HIGH LEVEL BEHAVIOR,2022-05-21 01:34:20,2022-05-21 01:35:57
2022-05-21 12:18:15,2022-05-21 12:18:46,WatchingTV/Movies, Using_Computer/Screen,annotator,HIGH LEVEL BEHAVIOR,2022-05-21 01:35:57,2022-05-21 01:36:28
2022-05-21 12:18:46,2022-05-21 12:19:39,WatchingTV/Movies, Using_Computer/Screen,annotator,HIGH LEVEL BEHAVIOR,2022-05-21 01:36:28,2022-05-21 01:37:21
2022-05-21 12:19:39,2022-05-21 12:19:47,WatchingTV/Movies, Using_Computer/Screen, Eating/Dining,annotator,HIGH LEVEL BEHAVIOR,2022-05-21 01:37:21,2022-05-21 01:37:29
2022-05-21 12:19:47,2022-05-21 12:20:18,WatchingTV/Movies, Using_Computer/Screen,annotator,HIGH LEVEL BEHAVIOR,2022-05-21 01:37:29,2022-05-21 01:38:00
2022-05-21 12:20:18,2022-05-21 12:20:47,WatchingTV/Movies, Using_Computer/Screen,annotator,HIGH LEVEL BEHAVIOR,2022-05-21 01:38:00,2022-05-21 01:38:29
2022-05-21 12:20:47,2022-05-21 12:20:58,WatchingTV/Movies, Using_Computer/Screen, Eating/Dining,annotator,HIGH LEVEL BEHAVIOR,2022-05-21 01:38:29,2022-05-21 01:38:40
2022-05-21 12:20:58,2022-05-21 12:21:10,WatchingTV/Movies, Using_Computer/Screen, Eating/Dining,annotator,HIGH LEVEL BEHAVIOR,2022-05-21 01:38:40,2022-05-21 01:38:52
2022-05-21 12:21:10,2022-05-21 12:21:23,WatchingTV/Movies, Using_Computer/Screen, Eating/Dining,annotator,HIGH LEVEL BEHAVIOR,2022-05-21 01:38:52,2022-05-21 01:39:05
2022-05-21 12:21:23,2022-05-21 12:21:39,WatchingTV/Movies, Using_Computer/Screen, Eating/Dining,annotator,HIGH LEVEL BEHAVIOR,2022-05-21 01:39:05,2022-05-21 01:39:21
2022-05-21 12:21:39,2022-05-21 12:22:16,WatchingTV/Movies, Using_Computer/Screen,annotator,HIGH LEVEL BEHAVIOR,2022-05-21 01:39:21,2022-05-21 01:39:58
2022-05-21 12:22:16,2022-05-21 12:22:28,WatchingTV/Movies, Using_Computer/Screen, Eating/Dining,annotator,HIGH LEVEL BEHAVIOR,2022-05-21 01:39:58,2022-05-21 01:40:10
2022-05-21 12:22:28,2022-05-21 12:23:18,WatchingTV/Movies, Using_Computer/Screen,annotator,HIGH LEVEL BEHAVIOR,2022-05-21 01:40:10,2022-05-21 01:41:00
2022-05-21 12:23:18,2022-05-21 12:23:25,WatchingTV/Movies, Using_Computer/Screen, Eating/Dining,annotator,HIGH LEVEL BEHAVIOR,2022-05-21 01:41:00,2022-05-21 01:41:07
2022-05-21 12:23:25,2022-05-21 12:24:24,WatchingTV/Movies, Using_Computer/Screen,annotator,HIGH LEVEL BEHAVIOR,2022-05-21 01:41:07,2022-05-21 01:42:06
2022-05-21 12:24:24,2022-05-21 12:25:18,Using_Computer/Screen, In_Transit_Active,annotator,HIGH LEVEL BEHAVIOR,2022-05-21 01:42:06,2022-05-21 01:43:00
2022-05-21 12:25:18,2022-05-21 12:25:31,Using_Computer/Screen,annotator,HIGH LEVEL BEHAVIOR,2022-05-21 01:43:00,2022-05-21 01:43:13
2022-05-21 12:25:31,2022-05-21 12:25:37,Using_Computer/Screen,annotator,HIGH LEVEL BEHAVIOR,2022-05-21 01:43:13,2022-05-21 01:43:19
2022-05-21 12:25:37,2022-05-21 12:26:54,Using_Computer/Screen, Meeting_Virtual,annotator,HIGH LEVEL BEHAVIOR,2022-05-21 01:43:19,2022-05-21 01:44:36
2022-05-21 12:26:53,2022-05-21 12:27:23,Using_Computer/Screen, Meeting_Virtual,annotator,HIGH LEVEL BEHAVIOR,2022-05-21 01:44:35,2022-05-21 01:45:05
2022-05-21 12:27:25,2022-05-21 12:29:26,Using_Computer/Screen, Meeting_Virtual,annotator,HIGH LEVEL BEHAVIOR,2022-05-21 01:45:07,2022-05-21 01:47:08
2022-05-21 12:29:27,2022-05-21 12:31:47,Using_Computer/Screen, Meeting_Virtual,annotator,HIGH LEVEL BEHAVIOR,2022-05-21 01:47:09,2022-05-21 01:49:29
2022-05-21 12:31:51,2022-05-21 12:31:58,Using_Computer/Screen, Meeting_Virtual,annotator,HIGH LEVEL BEHAVIOR,2022-05-21 01:49:33,2022-05-21 01:49:40
2022-05-21 12:31:58,2022-05-21 12:32:14,Using_Computer/Screen, Meeting_Virtual,annotator,HIGH LEVEL BEHAVIOR,2022-05-21 01:49:40,2022-05-21 01:49:56
2022-05-21 12:32:14,2022-05-21 12:32:22,Using_Computer/Screen, Meeting_Virtual,annotator,HIGH LEVEL BEHAVIOR,2022-05-21 01:49:56,2022-05-21 01:50:04
2022-05-21 12:32:22,2022-05-21 12:34:39,Using_Computer/Screen, Meeting_Virtual,annotator,HIGH LEVEL BEHAVIOR,2022-05-21 01:50:04,2022-05-21 01:52:21
2022-05-21 12:34:40,2022-05-21 12:34:50,Using_Computer/Screen, Meeting_Virtual,annotator,HIGH LEVEL BEHAVIOR,2022-05-21 01:52:22,2022-05-21 01:52:32
2022-05-21 12:34:50,2022-05-21 12:35:08,Using_Computer/Screen, Meeting_Virtual,annotator,HIGH LEVEL BEHAVIOR,2022-05-21 01:52:32,2022-05-21 01:52:50
2022-05-21 12:35:11,2022-05-21 12:35:19,Using_Computer/Screen, Meeting_Virtual,annotator,HIGH LEVEL BEHAVIOR,2022-05-21 01:52:53,2022-05-21 01:53:01
2022-05-21 12:35:19,2022-05-21 12:38:08,Using_Computer/Screen, Meeting_Virtual,annotator,HIGH LEVEL BEHAVIOR,2022-05-21 01:53:01,2022-05-21 01:55:50
2022-05-21 12:38:08,2022-05-21 12:40:55,HLB_Indecipherable/Video_Insufficient,annotator,HIGH LEVEL BEHAVIOR,2022-05-21 01:55:50,2022-05-21 01:58:37
2022-05-21 12:40:55,2022-05-21 12:41:27,Meeting_Virtual, Using_Computer/Screen,annotator,HIGH LEVEL BEHAVIOR,2022-05-21 01:58:37,2022-05-21 01:59:09
2022-05-21 12:41:27,2022-05-21 12:41:39,Using_Computer/Screen,annotator,HIGH LEVEL BEHAVIOR,2022-05-21 01:59:09,2022-05-21 01:59:21
2022-05-21 12:41:39,2022-05-21 12:41:42,In_Transit_Active,annotator,HIGH LEVEL BEHAVIOR,2022-05-21 01:59:21,2022-05-21 01:59:24
2022-05-21 12:41:42,2022-05-21 12:42:15,In_Transit_Active,annotator,HIGH LEVEL BEHAVIOR,2022-05-21 01:59:24,2022-05-21 01:59:57
2022-05-21 12:42:15,2022-05-21 12:42:23,Meeting _Social_Gathering_In_Person,annotator,HIGH LEVEL BEHAVIOR,2022-05-21 01:59:57,2022-05-21 02:00:05
2022-05-21 12:42:23,2022-05-21 12:43:01,Meeting _Social_Gathering_In_Person,annotator,HIGH LEVEL BEHAVIOR,2022-05-21 02:00:05,2022-05-21 02:00:43
2022-05-21 12:43:01,2022-05-21 12:43:17,Meeting _Social_Gathering_In_Person, Eating/Dining,annotator,HIGH LEVEL BEHAVIOR,2022-05-21 02:00:43,2022-05-21 02:00:59
2022-05-21 12:43:17,2022-05-21 12:43:56,Meeting _Social_Gathering_In_Person, Eating/Dining,annotator,HIGH LEVEL BEHAVIOR,2022-05-21 02:00:59,2022-05-21 02:01:38
2022-05-21 12:43:56,2022-05-21 12:44:19,Meeting _Social_Gathering_In_Person, Eating/Dining,annotator,HIGH LEVEL BEHAVIOR,2022-05-21 02:01:38,2022-05-21 02:02:01
2022-05-21 12:44:19,2022-05-21 12:44:40,Meeting _Social_Gathering_In_Person, Eating/Dining,annotator,HIGH LEVEL BEHAVIOR,2022-05-21 02:02:01,2022-05-21 02:02:22
2022-05-21 12:44:40,2022-05-21 12:45:49,Meeting _Social_Gathering_In_Person, Eating/Dining,annotator,HIGH LEVEL BEHAVIOR,2022-05-21 02:02:22,2022-05-21 02:03:31
2022-05-21 12:45:49,2022-05-21 12:46:10,Meeting _Social_Gathering_In_Person, Eating/Dining,annotator,HIGH LEVEL BEHAVIOR,2022-05-21 02:03:31,2022-05-21 02:03:52
2022-05-21 12:46:10,2022-05-21 12:46:17,Meeting _Social_Gathering_In_Person, In_Transit_Active,annotator,HIGH LEVEL BEHAVIOR,2022-05-21 02:03:52,2022-05-21 02:03:59
2022-05-21 12:46:17,2022-05-21 12:46:26,Meeting _Social_Gathering_In_Person, Eating/Dining,annotator,HIGH LEVEL BEHAVIOR,2022-05-21 02:03:59,2022-05-21 02:04:08
2022-05-21 12:46:26,2022-05-21 12:47:09,Eating/Dining, WatchingTV/Movies,annotator,HIGH LEVEL BEHAVIOR,2022-05-21 02:04:08,2022-05-21 02:04:51
2022-05-21 12:47:09,2022-05-21 12:47:18,Eating/Dining, WatchingTV/Movies,annotator,HIGH LEVEL BEHAVIOR,2022-05-21 02:04:51,2022-05-21 02:05:00
2022-05-21 12:47:18,2022-05-21 12:48:19,Eating/Dining, WatchingTV/Movies,annotator,HIGH LEVEL BEHAVIOR,2022-05-21 02:05:00,2022-05-21 02:06:01
2022-05-21 12:48:19,2022-05-21 12:48:23,Eating/Dining, WatchingTV/Movies,annotator,HIGH LEVEL BEHAVIOR,2022-05-21 02:06:01,2022-05-21 02:06:05
2022-05-21 12:48:23,2022-05-21 12:48:57,Eating/Dining, WatchingTV/Movies,annotator,HIGH LEVEL BEHAVIOR,2022-05-21 02:06:05,2022-05-21 02:06:39
2022-05-21 12:48:57,2022-05-21 12:50:10,Eating/Dining, WatchingTV/Movies,annotator,HIGH LEVEL BEHAVIOR,2022-05-21 02:06:39,2022-05-21 02:07:52
2022-05-21 12:50:10,2022-05-21 12:50:18,Eating/Dining, WatchingTV/Movies,annotator,HIGH LEVEL BEHAVIOR,2022-05-21 02:07:52,2022-05-21 02:08:00
2022-05-21 12:50:18,2022-05-21 12:50:28,Eating/Dining, WatchingTV/Movies,annotator,HIGH LEVEL BEHAVIOR,2022-05-21 02:08:00,2022-05-21 02:08:10
2022-05-21 12:50:28,2022-05-21 12:50:42,Eating/Dining,annotator,HIGH LEVEL BEHAVIOR,2022-05-21 02:08:10,2022-05-21 02:08:24
2022-05-21 12:50:42,2022-05-21 12:51:08,Eating/Dining,annotator,HIGH LEVEL BEHAVIOR,2022-05-21 02:08:24,2022-05-21 02:08:50
2022-05-21 12:51:08,2022-05-21 12:51:19,In_Transit_Active,annotator,HIGH LEVEL BEHAVIOR,2022-05-21 02:08:50,2022-05-21 02:09:01
2022-05-21 12:51:20,2022-05-21 12:51:29,In_Transit_Active,annotator,HIGH LEVEL BEHAVIOR,2022-05-21 02:09:02,2022-05-21 02:09:11
2022-05-21 12:51:29,2022-05-21 12:51:29,In_Transit_Active,annotator,HIGH LEVEL BEHAVIOR,2022-05-21 02:09:11,2022-05-21 02:09:11
2022-05-21 12:51:29,2022-05-21 12:51:44,In_Transit_Active,annotator,HIGH LEVEL BEHAVIOR,2022-05-21 02:09:11,2022-05-21 02:09:26
2022-05-21 12:51:44,2022-05-21 12:52:04,In_Transit_Active,annotator,HIGH LEVEL BEHAVIOR,2022-05-21 02:09:26,2022-05-21 02:09:46
2022-05-21 12:52:04,2022-05-21 12:56:50,HLB_Indecipherable/Video_Insufficient,annotator,HIGH LEVEL BEHAVIOR,2022-05-21 02:09:46,2022-05-21 02:14:32
2022-05-21 12:56:50,2022-05-21 12:57:00,In_Transit_Active,annotator,HIGH LEVEL BEHAVIOR,2022-05-21 02:14:32,2022-05-21 02:14:42
2022-05-21 12:57:00,2022-05-21 12:57:19,Grooming/Self_Care,annotator,HIGH LEVEL BEHAVIOR,2022-05-21 02:14:42,2022-05-21 02:15:01
2022-05-21 12:57:19,2022-05-21 12:57:20,In_Transit_Active,annotator,HIGH LEVEL BEHAVIOR,2022-05-21 02:15:01,2022-05-21 02:15:02
2022-05-21 12:57:20,2022-05-21 12:57:33,In_Transit_Active,annotator,HIGH LEVEL BEHAVIOR,2022-05-21 02:15:02,2022-05-21 02:15:15
2022-05-21 12:57:33,2022-05-21 12:57:40,In_Transit_Active,annotator,HIGH LEVEL BEHAVIOR,2022-05-21 02:15:15,2022-05-21 02:15:22
2022-05-21 12:57:40,2022-05-21 12:57:58,In_Transit_Active,annotator,HIGH LEVEL BEHAVIOR,2022-05-21 02:15:22,2022-05-21 02:15:40
2022-05-21 12:57:58,2022-05-21 12:58:23,Meeting _Social_Gathering_In_Person, WatchingTV/Movies,annotator,HIGH LEVEL BEHAVIOR,2022-05-21 02:15:40,2022-05-21 02:16:05
2022-05-21 12:58:23,2022-05-21 12:58:47,Meeting _Social_Gathering_In_Person, WatchingTV/Movies,annotator,HIGH LEVEL BEHAVIOR,2022-05-21 02:16:05,2022-05-21 02:16:29
2022-05-21 12:58:47,2022-05-21 12:58:49,Meeting _Social_Gathering_In_Person, WatchingTV/Movies,annotator,HIGH LEVEL BEHAVIOR,2022-05-21 02:16:29,2022-05-21 02:16:31
2022-05-21 12:58:49,2022-05-21 12:59:01,Meeting _Social_Gathering_In_Person, WatchingTV/Movies,annotator,HIGH LEVEL BEHAVIOR,2022-05-21 02:16:31,2022-05-21 02:16:43
2022-05-21 12:59:01,2022-05-21 12:59:27,Meeting _Social_Gathering_In_Person, WatchingTV/Movies,annotator,HIGH LEVEL BEHAVIOR,2022-05-21 02:16:43,2022-05-21 02:17:09
2022-05-21 12:59:28,2022-05-21 12:59:53,Meeting _Social_Gathering_In_Person,annotator,HIGH LEVEL BEHAVIOR,2022-05-21 02:17:10,2022-05-21 02:17:35
2022-05-21 12:59:53,2022-05-21 13:00:18,Meeting _Social_Gathering_In_Person,annotator,HIGH LEVEL BEHAVIOR,2022-05-21 02:17:35,2022-05-21 02:18:00
2022-05-21 13:00:18,2022-05-21 13:00:23,Meeting _Social_Gathering_In_Person,annotator,HIGH LEVEL BEHAVIOR,2022-05-21 02:18:00,2022-05-21 02:18:05
2022-05-21 13:00:23,2022-05-21 13:00:43,Meeting _Social_Gathering_In_Person,annotator,HIGH LEVEL BEHAVIOR,2022-05-21 02:18:05,2022-05-21 02:18:25
2022-05-21 13:00:43,2022-05-21 13:01:01,Meeting _Social_Gathering_In_Person,annotator,HIGH LEVEL BEHAVIOR,2022-05-21 02:18:25,2022-05-21 02:18:43
2022-05-21 13:01:01,2022-05-21 13:01:07,In_Transit_Active,annotator,HIGH LEVEL BEHAVIOR,2022-05-21 02:18:43,2022-05-21 02:18:49
2022-05-21 13:01:07,2022-05-21 13:01:25,In_Transit_Active,annotator,HIGH LEVEL BEHAVIOR,2022-05-21 02:18:49,2022-05-21 02:19:07
2022-05-21 13:01:25,2022-05-21 13:01:36,In_Transit_Active,annotator,HIGH LEVEL BEHAVIOR,2022-05-21 02:19:07,2022-05-21 02:19:18
2022-05-21 13:01:36,2022-05-21 13:01:55,In_Transit_Active,annotator,HIGH LEVEL BEHAVIOR,2022-05-21 02:19:18,2022-05-21 02:19:37
2022-05-21 13:01:55,2022-05-21 13:02:07,In_Transit_Active,annotator,HIGH LEVEL BEHAVIOR,2022-05-21 02:19:37,2022-05-21 02:19:49
2022-05-21 13:02:07,2022-05-21 13:02:18,In_Transit_Active,annotator,HIGH LEVEL BEHAVIOR,2022-05-21 02:19:49,2022-05-21 02:20:00
2022-05-21 13:02:18,2022-05-21 13:02:23,In_Transit_Active,annotator,HIGH LEVEL BEHAVIOR,2022-05-21 02:20:00,2022-05-21 02:20:05
2022-05-21 13:02:23,2022-05-21 13:05:49,In_Transit_Active,annotator,HIGH LEVEL BEHAVIOR,2022-05-21 02:20:05,2022-05-21 02:23:31
2022-05-21 13:05:49,2022-05-21 13:05:55,In_Transit_Active,annotator,HIGH LEVEL BEHAVIOR,2022-05-21 02:23:31,2022-05-21 02:23:37
2022-05-21 13:05:55,2022-05-21 13:06:26,In_Transit_Active,annotator,HIGH LEVEL BEHAVIOR,2022-05-21 02:23:37,2022-05-21 02:24:08
2022-05-21 13:06:26,2022-05-21 13:06:45,In_Transit_Active,annotator,HIGH LEVEL BEHAVIOR,2022-05-21 02:24:08,2022-05-21 02:24:27
2022-05-21 13:06:45,2022-05-21 13:07:16,In_Transit_Active,annotator,HIGH LEVEL BEHAVIOR,2022-05-21 02:24:27,2022-05-21 02:24:58
2022-05-21 13:07:16,2022-05-21 13:07:21,In_Transit_Active,annotator,HIGH LEVEL BEHAVIOR,2022-05-21 02:24:58,2022-05-21 02:25:03
2022-05-21 13:07:21,2022-05-21 13:07:35,In_Transit_Active,annotator,HIGH LEVEL BEHAVIOR,2022-05-21 02:25:03,2022-05-21 02:25:17
2022-05-21 13:07:35,2022-05-21 13:07:51,In_Transit_Active,annotator,HIGH LEVEL BEHAVIOR,2022-05-21 02:25:17,2022-05-21 02:25:33
2022-05-21 13:07:51,2022-05-21 13:08:01,In_Transit_Active,annotator,HIGH LEVEL BEHAVIOR,2022-05-21 02:25:33,2022-05-21 02:25:43
2022-05-21 13:08:01,2022-05-21 13:08:09,Doing_Alternative_Exercise/Therapy/Stretching,annotator,HIGH LEVEL BEHAVIOR,2022-05-21 02:25:43,2022-05-21 02:25:51
2022-05-21 13:08:09,2022-05-21 13:08:13,Doing_Alternative_Exercise/Therapy/Stretching,annotator,HIGH LEVEL BEHAVIOR,2022-05-21 02:25:51,2022-05-21 02:25:55
2022-05-21 13:08:13,2022-05-21 13:08:43,Doing_Alternative_Exercise/Therapy/Stretching,annotator,HIGH LEVEL BEHAVIOR,2022-05-21 02:25:55,2022-05-21 02:26:25
2022-05-21 13:08:43,2022-05-21 13:08:59,In_Transit_Active,annotator,HIGH LEVEL BEHAVIOR,2022-05-21 02:26:25,2022-05-21 02:26:41
2022-05-21 13:08:59,2022-05-21 13:09:28,Packing/Unpacking_Something,annotator,HIGH LEVEL BEHAVIOR,2022-05-21 02:26:41,2022-05-21 02:27:10
2022-05-21 13:09:28,2022-05-21 13:09:55,Packing/Unpacking_Something,annotator,HIGH LEVEL BEHAVIOR,2022-05-21 02:27:10,2022-05-21 02:27:37
2022-05-21 13:09:55,2022-05-21 13:10:18,Packing/Unpacking_Something, Meeting _Social_Gathering_In_Person,annotator,HIGH LEVEL BEHAVIOR,2022-05-21 02:27:37,2022-05-21 02:28:00
2022-05-21 13:10:18,2022-05-21 13:10:32,Packing/Unpacking_Something, Meeting _Social_Gathering_In_Person,annotator,HIGH LEVEL BEHAVIOR,2022-05-21 02:28:00,2022-05-21 02:28:14
2022-05-21 13:10:32,2022-05-21 13:11:17,Meeting _Social_Gathering_In_Person,annotator,HIGH LEVEL BEHAVIOR,2022-05-21 02:28:14,2022-05-21 02:28:59
2022-05-21 13:11:17,2022-05-21 13:12:10,Meeting _Social_Gathering_In_Person, Playing_Sports/Games,annotator,HIGH LEVEL BEHAVIOR,2022-05-21 02:28:59,2022-05-21 02:29:52
2022-05-21 13:12:10,2022-05-21 13:12:42,Meeting _Social_Gathering_In_Person, Playing_Sports/Games,annotator,HIGH LEVEL BEHAVIOR,2022-05-21 02:29:52,2022-05-21 02:30:24
2022-05-21 13:12:42,2022-05-21 13:13:09,Meeting _Social_Gathering_In_Person, Playing_Sports/Games,annotator,HIGH LEVEL BEHAVIOR,2022-05-21 02:30:24,2022-05-21 02:30:51
2022-05-21 13:13:09,2022-05-21 13:30:04,Meeting _Social_Gathering_In_Person, Playing_Sports/Games,annotator,HIGH LEVEL BEHAVIOR,2022-05-21 02:30:51,2022-05-21 02:47:46
2022-05-21 13:30:04,2022-05-21 13:30:31,HLB_Indecipherable/Video_Insufficient,annotator,HIGH LEVEL BEHAVIOR,2022-05-21 02:47:46,2022-05-21 02:48:13
2022-05-21 13:30:31,2022-05-21 13:30:54,Meeting _Social_Gathering_In_Person, Playing_Sports/Games,annotator,HIGH LEVEL BEHAVIOR,2022-05-21 02:48:13,2022-05-21 02:48:36
2022-05-21 13:30:54,2022-05-21 13:30:54,Meeting _Social_Gathering_In_Person, Playing_Sports/Games,annotator,HIGH LEVEL BEHAVIOR,2022-05-21 02:48:36,2022-05-21 02:48:36
2022-05-21 13:30:54,2022-05-21 13:31:23,Meeting _Social_Gathering_In_Person, Playing_Sports/Games,annotator,HIGH LEVEL BEHAVIOR,2022-05-21 02:48:36,2022-05-21 02:49:05
2022-05-21 13:31:23,2022-05-21 13:31:46,Meeting _Social_Gathering_In_Person, Playing_Sports/Games,annotator,HIGH LEVEL BEHAVIOR,2022-05-21 02:49:05,2022-05-21 02:49:28
2022-05-21 13:31:46,2022-05-21 13:38:44,Meeting _Social_Gathering_In_Person, Playing_Sports/Games,annotator,HIGH LEVEL BEHAVIOR,2022-05-21 02:49:28,2022-05-21 02:56:26
2022-05-21 13:38:44,2022-05-21 13:38:47,Meeting _Social_Gathering_In_Person, Playing_Sports/Games,annotator,HIGH LEVEL BEHAVIOR,2022-05-21 02:56:26,2022-05-21 02:56:29
2022-05-21 13:38:47,2022-05-21 14:08:14,Meeting _Social_Gathering_In_Person, Playing_Sports/Games,annotator,HIGH LEVEL BEHAVIOR,2022-05-21 02:56:29,2022-05-21 03:25:56
2022-05-21 14:08:14,2022-05-21 14:08:50,HLB_Indecipherable/Video_Insufficient,annotator,HIGH LEVEL BEHAVIOR,2022-05-21 03:25:56,2022-05-21 03:26:32
2022-05-21 14:08:50,2022-05-21 14:09:00,Meeting _Social_Gathering_In_Person,annotator,HIGH LEVEL BEHAVIOR,2022-05-21 03:26:32,2022-05-21 03:26:42
2022-05-21 14:09:00,2022-05-21 14:09:38,Meeting _Social_Gathering_In_Person,annotator,HIGH LEVEL BEHAVIOR,2022-05-21 03:26:42,2022-05-21 03:27:20
2022-05-21 14:09:38,2022-05-21 14:11:11,Meeting _Social_Gathering_In_Person,annotator,HIGH LEVEL BEHAVIOR,2022-05-21 03:27:20,2022-05-21 03:28:53
2022-05-21 14:11:11,2022-05-21 14:11:46,Meeting _Social_Gathering_In_Person, In_Transit_Active,annotator,HIGH LEVEL BEHAVIOR,2022-05-21 03:28:53,2022-05-21 03:29:28
2022-05-21 14:11:46,2022-05-21 14:11:53,In_Transit_Active,annotator,HIGH LEVEL BEHAVIOR,2022-05-21 03:29:28,2022-05-21 03:29:35
2022-05-21 14:11:53,2022-05-21 14:13:05,In_Transit_Active,annotator,HIGH LEVEL BEHAVIOR,2022-05-21 03:29:35,2022-05-21 03:30:47
2022-05-21 14:13:05,2022-05-21 14:13:19,In_Transit_Active,annotator,HIGH LEVEL BEHAVIOR,2022-05-21 03:30:47,2022-05-21 03:31:01
2022-05-21 14:13:19,2022-05-21 14:13:39,In_Transit_Active,annotator,HIGH LEVEL BEHAVIOR,2022-05-21 03:31:01,2022-05-21 03:31:21
2022-05-21 14:13:39,2022-05-21 14:13:52,In_Transit_Active,annotator,HIGH LEVEL BEHAVIOR,2022-05-21 03:31:21,2022-05-21 03:31:34
2022-05-21 14:13:52,2022-05-21 14:14:13,In_Transit_Active,annotator,HIGH LEVEL BEHAVIOR,2022-05-21 03:31:34,2022-05-21 03:31:55
2022-05-21 14:14:13,2022-05-21 14:15:40,In_Transit_Active,annotator,HIGH LEVEL BEHAVIOR,2022-05-21 03:31:55,2022-05-21 03:33:22
2022-05-21 14:15:40,2022-05-21 14:19:46,In_Transit_Active,annotator,HIGH LEVEL BEHAVIOR,2022-05-21 03:33:22,2022-05-21 03:37:28
2022-05-21 14:19:46,2022-05-21 14:19:53,Shopping_Grocery,annotator,HIGH LEVEL BEHAVIOR,2022-05-21 03:37:28,2022-05-21 03:37:35
2022-05-21 14:19:53,2022-05-21 14:20:00,Shopping_Grocery,annotator,HIGH LEVEL BEHAVIOR,2022-05-21 03:37:35,2022-05-21 03:37:42
2022-05-21 14:20:02,2022-05-21 14:20:51,In_Transit_Active,annotator,HIGH LEVEL BEHAVIOR,2022-05-21 03:37:44,2022-05-21 03:38:33
2022-05-21 14:20:21,2022-05-21 14:20:21,Shopping_Grocery,annotator,HIGH LEVEL BEHAVIOR,2022-05-21 03:38:03,2022-05-21 03:38:03
2022-05-21 14:20:25,2022-05-21 14:20:25,In_Transit_Active,annotator,HIGH LEVEL BEHAVIOR,2022-05-21 03:38:07,2022-05-21 03:38:07
2022-05-21 14:20:50,2022-05-21 14:20:50,In_Transit_Active,annotator,HIGH LEVEL BEHAVIOR,2022-05-21 03:38:32,2022-05-21 03:38:32
2022-05-21 14:20:51,2022-05-21 14:21:06,In_Transit_Active,annotator,HIGH LEVEL BEHAVIOR,2022-05-21 03:38:33,2022-05-21 03:38:48
2022-05-21 14:21:06,2022-05-21 14:21:13,In_Transit_Active,annotator,HIGH LEVEL BEHAVIOR,2022-05-21 03:38:48,2022-05-21 03:38:55
2022-05-21 14:21:13,2022-05-21 14:21:35,In_Transit_Active,annotator,HIGH LEVEL BEHAVIOR,2022-05-21 03:38:55,2022-05-21 03:39:17
2022-05-21 14:21:35,2022-05-21 14:21:46,In_Transit_Active, Riding_Elevator_Up,annotator,HIGH LEVEL BEHAVIOR,2022-05-21 03:39:17,2022-05-21 03:39:28
2022-05-21 14:21:46,2022-05-21 14:22:01,In_Transit_Active, Riding_Elevator_Up,annotator,HIGH LEVEL BEHAVIOR,2022-05-21 03:39:28,2022-05-21 03:39:43
2022-05-21 14:22:01,2022-05-21 14:22:34,In_Transit_Active,annotator,HIGH LEVEL BEHAVIOR,2022-05-21 03:39:43,2022-05-21 03:40:16
2022-05-21 14:22:34,2022-05-21 14:22:48,In_Transit_Active,annotator,HIGH LEVEL BEHAVIOR,2022-05-21 03:40:16,2022-05-21 03:40:30
2022-05-21 14:22:48,2022-05-21 14:23:02,In_Transit_Active, Meeting _Social_Gathering_In_Person,annotator,HIGH LEVEL BEHAVIOR,2022-05-21 03:40:30,2022-05-21 03:40:44
2022-05-21 14:23:02,2022-05-21 14:23:22,In_Transit_Active,annotator,HIGH LEVEL BEHAVIOR,2022-05-21 03:40:44,2022-05-21 03:41:04
2022-05-21 14:23:22,2022-05-21 14:23:36,In_Transit_Active,annotator,HIGH LEVEL BEHAVIOR,2022-05-21 03:41:04,2022-05-21 03:41:18
2022-05-21 14:23:36,2022-05-21 14:24:52,Meeting _Social_Gathering_In_Person,annotator,HIGH LEVEL BEHAVIOR,2022-05-21 03:41:18,2022-05-21 03:42:34
2022-05-21 14:24:52,2022-05-21 14:24:57,In_Transit_Active,annotator,HIGH LEVEL BEHAVIOR,2022-05-21 03:42:34,2022-05-21 03:42:39
2022-05-21 14:24:57,2022-05-21 14:25:01,HLB_Unlabeled,annotator,HIGH LEVEL BEHAVIOR,2022-05-21 03:42:39,2022-05-21 03:42:43
2022-05-21 14:24:57,2022-05-21 14:24:57,In_Transit_Active,annotator,HIGH LEVEL BEHAVIOR,2022-05-21 03:42:39,2022-05-21 03:42:39
2022-05-21 14:25:01,2022-05-21 14:25:05,HLB_Unlabeled,annotator,HIGH LEVEL BEHAVIOR,2022-05-21 03:42:43,2022-05-21 03:42:47
2022-05-21 14:25:05,2022-05-21 14:25:29,WatchingTV/Movies,annotator,HIGH LEVEL BEHAVIOR,2022-05-21 03:42:47,2022-05-21 03:43:11
2022-05-21 14:25:29,2022-05-21 14:25:46,WatchingTV/Movies,annotator,HIGH LEVEL BEHAVIOR,2022-05-21 03:43:11,2022-05-21 03:43:28
2022-05-21 14:25:46,2022-05-21 14:25:59,WatchingTV/Movies,annotator,HIGH LEVEL BEHAVIOR,2022-05-21 03:43:28,2022-05-21 03:43:41
2022-05-21 14:25:59,2022-05-21 14:26:52,WatchingTV/Movies,annotator,HIGH LEVEL BEHAVIOR,2022-05-21 03:43:41,2022-05-21 03:44:34
2022-05-21 14:26:52,2022-05-21 14:27:05,WatchingTV/Movies,annotator,HIGH LEVEL BEHAVIOR,2022-05-21 03:44:34,2022-05-21 03:44:47
2022-05-21 14:27:05,2022-05-21 14:27:39,WatchingTV/Movies,annotator,HIGH LEVEL BEHAVIOR,2022-05-21 03:44:47,2022-05-21 03:45:21
2022-05-21 14:27:39,2022-05-21 14:28:24,WatchingTV/Movies,annotator,HIGH LEVEL BEHAVIOR,2022-05-21 03:45:21,2022-05-21 03:46:06
2022-05-21 14:28:24,2022-05-21 14:28:51,WatchingTV/Movies,annotator,HIGH LEVEL BEHAVIOR,2022-05-21 03:46:06,2022-05-21 03:46:33
2022-05-21 14:28:51,2022-05-21 14:29:04,WatchingTV/Movies,annotator,HIGH LEVEL BEHAVIOR,2022-05-21 03:46:33,2022-05-21 03:46:46
2022-05-21 14:29:04,2022-05-21 14:31:11,WatchingTV/Movies,annotator,HIGH LEVEL BEHAVIOR,2022-05-21 03:46:46,2022-05-21 03:48:53
2022-05-21 14:31:11,2022-05-21 14:31:14,WatchingTV/Movies,annotator,HIGH LEVEL BEHAVIOR,2022-05-21 03:48:53,2022-05-21 03:48:56
2022-05-21 14:31:14,2022-05-21 14:31:18,WatchingTV/Movies,annotator,HIGH LEVEL BEHAVIOR,2022-05-21 03:48:56,2022-05-21 03:49:00
2022-05-21 14:31:18,2022-05-21 14:31:33,WatchingTV/Movies,annotator,HIGH LEVEL BEHAVIOR,2022-05-21 03:49:00,2022-05-21 03:49:15
2022-05-21 14:31:33,2022-05-21 14:34:19,WatchingTV/Movies,annotator,HIGH LEVEL BEHAVIOR,2022-05-21 03:49:15,2022-05-21 03:52:01
2022-05-21 14:34:19,2022-05-21 14:34:38,WatchingTV/Movies,annotator,HIGH LEVEL BEHAVIOR,2022-05-21 03:52:01,2022-05-21 03:52:20
2022-05-21 14:34:38,2022-05-21 14:35:33,WatchingTV/Movies,annotator,HIGH LEVEL BEHAVIOR,2022-05-21 03:52:20,2022-05-21 03:53:15
2022-05-21 14:35:33,2022-05-21 14:36:11,WatchingTV/Movies,annotator,HIGH LEVEL BEHAVIOR,2022-05-21 03:53:15,2022-05-21 03:53:53
2022-05-21 14:36:11,2022-05-21 14:36:24,WatchingTV/Movies,annotator,HIGH LEVEL BEHAVIOR,2022-05-21 03:53:53,2022-05-21 03:54:06
2022-05-21 14:36:24,2022-05-21 14:39:10,WatchingTV/Movies,annotator,HIGH LEVEL BEHAVIOR,2022-05-21 03:54:06,2022-05-21 03:56:52
2022-05-21 14:39:10,2022-05-21 14:39:30,WatchingTV/Movies,annotator,HIGH LEVEL BEHAVIOR,2022-05-21 03:56:52,2022-05-21 03:57:12
2022-05-21 14:39:30,2022-05-21 14:40:58,WatchingTV/Movies,annotator,HIGH LEVEL BEHAVIOR,2022-05-21 03:57:12,2022-05-21 03:58:40
2022-05-21 14:40:58,2022-05-21 14:44:58,WatchingTV/Movies,annotator,HIGH LEVEL BEHAVIOR,2022-05-21 03:58:40,2022-05-21 04:02:40
2022-05-21 14:44:58,2022-05-21 14:45:55,WatchingTV/Movies,annotator,HIGH LEVEL BEHAVIOR,2022-05-21 04:02:40,2022-05-21 04:03:37
2022-05-21 14:45:55,2022-05-21 14:46:13,WatchingTV/Movies,annotator,HIGH LEVEL BEHAVIOR,2022-05-21 04:03:37,2022-05-21 04:03:55
2022-05-21 14:46:13,2022-05-21 14:47:31,WatchingTV/Movies,annotator,HIGH LEVEL BEHAVIOR,2022-05-21 04:03:55,2022-05-21 04:05:13
2022-05-21 14:47:31,2022-05-21 14:47:37,WatchingTV/Movies,annotator,HIGH LEVEL BEHAVIOR,2022-05-21 04:05:13,2022-05-21 04:05:19
2022-05-21 14:47:37,2022-05-21 14:49:07,WatchingTV/Movies,annotator,HIGH LEVEL BEHAVIOR,2022-05-21 04:05:19,2022-05-21 04:06:49
2022-05-21 14:49:07,2022-05-21 14:49:25,WatchingTV/Movies,annotator,HIGH LEVEL BEHAVIOR,2022-05-21 04:06:49,2022-05-21 04:07:07
2022-05-21 14:49:25,2022-05-21 14:50:44,WatchingTV/Movies,annotator,HIGH LEVEL BEHAVIOR,2022-05-21 04:07:07,2022-05-21 04:08:26
2022-05-21 14:50:45,2022-05-21 14:51:15,Meeting _Social_Gathering_In_Person,annotator,HIGH LEVEL BEHAVIOR,2022-05-21 04:08:27,2022-05-21 04:08:57
2022-05-21 14:51:15,2022-05-21 14:51:23,Meeting _Social_Gathering_In_Person,annotator,HIGH LEVEL BEHAVIOR,2022-05-21 04:08:57,2022-05-21 04:09:05
2022-05-21 14:51:23,2022-05-21 14:53:46,Meeting _Social_Gathering_In_Person,annotator,HIGH LEVEL BEHAVIOR,2022-05-21 04:09:05,2022-05-21 04:11:28
2022-05-21 14:53:46,2022-05-21 14:53:56,Meeting _Social_Gathering_In_Person,annotator,HIGH LEVEL BEHAVIOR,2022-05-21 04:11:28,2022-05-21 04:11:38
2022-05-21 14:53:56,2022-05-21 14:54:31,In_Transit_Active,annotator,HIGH LEVEL BEHAVIOR,2022-05-21 04:11:38,2022-05-21 04:12:13
2022-05-21 14:54:31,2022-05-21 15:01:10,HLB_Indecipherable/Video_Insufficient,annotator,HIGH LEVEL BEHAVIOR,2022-05-21 04:12:13,2022-05-21 04:18:52
2022-05-21 15:01:10,2022-05-21 15:01:23,In_Transit_Active,annotator,HIGH LEVEL BEHAVIOR,2022-05-21 04:18:52,2022-05-21 04:19:05
2022-05-21 15:01:23,2022-05-21 15:02:02,In_Transit_Active,annotator,HIGH LEVEL BEHAVIOR,2022-05-21 04:19:05,2022-05-21 04:19:44
2022-05-21 15:02:02,2022-05-21 15:02:48,Meeting _Social_Gathering_In_Person, WatchingTV/Movies,annotator,HIGH LEVEL BEHAVIOR,2022-05-21 04:19:44,2022-05-21 04:20:30
2022-05-21 15:02:48,2022-05-21 15:03:01,Meeting _Social_Gathering_In_Person, WatchingTV/Movies,annotator,HIGH LEVEL BEHAVIOR,2022-05-21 04:20:30,2022-05-21 04:20:43
2022-05-21 15:03:01,2022-05-21 15:03:27,Meeting _Social_Gathering_In_Person, WatchingTV/Movies,annotator,HIGH LEVEL BEHAVIOR,2022-05-21 04:20:43,2022-05-21 04:21:09
2022-05-21 15:03:27,2022-05-21 15:04:31,Meeting _Social_Gathering_In_Person, WatchingTV/Movies,annotator,HIGH LEVEL BEHAVIOR,2022-05-21 04:21:09,2022-05-21 04:22:13
2022-05-21 15:04:31,2022-05-21 15:04:37,Meeting _Social_Gathering_In_Person, WatchingTV/Movies,annotator,HIGH LEVEL BEHAVIOR,2022-05-21 04:22:13,2022-05-21 04:22:19
2022-05-21 15:04:37,2022-05-21 15:04:56,In_Transit_Active,annotator,HIGH LEVEL BEHAVIOR,2022-05-21 04:22:19,2022-05-21 04:22:38
2022-05-21 15:04:56,2022-05-21 15:04:58,In_Transit_Active,annotator,HIGH LEVEL BEHAVIOR,2022-05-21 04:22:38,2022-05-21 04:22:40
2022-05-21 15:04:58,2022-05-21 15:05:14,In_Transit_Active,annotator,HIGH LEVEL BEHAVIOR,2022-05-21 04:22:40,2022-05-21 04:22:56
2022-05-21 15:05:14,2022-05-21 15:05:22,Doing_Common_Housework_Light,annotator,HIGH LEVEL BEHAVIOR,2022-05-21 04:22:56,2022-05-21 04:23:04
2022-05-21 15:05:22,2022-05-21 15:05:52,In_Transit_Active,annotator,HIGH LEVEL BEHAVIOR,2022-05-21 04:23:04,2022-05-21 04:23:34
2022-05-21 15:05:52,2022-05-21 15:06:02,Meeting _Social_Gathering_In_Person, WatchingTV/Movies,annotator,HIGH LEVEL BEHAVIOR,2022-05-21 04:23:34,2022-05-21 04:23:44
2022-05-21 15:06:02,2022-05-21 15:07:00,Meeting _Social_Gathering_In_Person, WatchingTV/Movies,annotator,HIGH LEVEL BEHAVIOR,2022-05-21 04:23:44,2022-05-21 04:24:42
2022-05-21 15:07:00,2022-05-21 15:07:23,Meeting _Social_Gathering_In_Person, WatchingTV/Movies,annotator,HIGH LEVEL BEHAVIOR,2022-05-21 04:24:42,2022-05-21 04:25:05
2022-05-21 15:07:23,2022-05-21 15:09:14,Meeting _Social_Gathering_In_Person, WatchingTV/Movies,annotator,HIGH LEVEL BEHAVIOR,2022-05-21 04:25:05,2022-05-21 04:26:56
2022-05-21 15:09:14,2022-05-21 15:10:05,Meeting _Social_Gathering_In_Person, WatchingTV/Movies,annotator,HIGH LEVEL BEHAVIOR,2022-05-21 04:26:56,2022-05-21 04:27:47
2022-05-21 15:10:05,2022-05-21 15:12:03,Meeting _Social_Gathering_In_Person, WatchingTV/Movies,annotator,HIGH LEVEL BEHAVIOR,2022-05-21 04:27:47,2022-05-21 04:29:45
2022-05-21 15:12:03,2022-05-21 15:12:38,Meeting _Social_Gathering_In_Person, WatchingTV/Movies,annotator,HIGH LEVEL BEHAVIOR,2022-05-21 04:29:45,2022-05-21 04:30:20
2022-05-21 15:12:38,2022-05-21 15:13:03,Meeting _Social_Gathering_In_Person, WatchingTV/Movies,annotator,HIGH LEVEL BEHAVIOR,2022-05-21 04:30:20,2022-05-21 04:30:45
2022-05-21 15:13:03,2022-05-21 15:14:35,Meeting _Social_Gathering_In_Person, WatchingTV/Movies,annotator,HIGH LEVEL BEHAVIOR,2022-05-21 04:30:45,2022-05-21 04:32:17
2022-05-21 15:14:35,2022-05-21 15:14:44,Meeting _Social_Gathering_In_Person, WatchingTV/Movies,annotator,HIGH LEVEL BEHAVIOR,2022-05-21 04:32:17,2022-05-21 04:32:26
2022-05-21 15:14:44,2022-05-21 15:14:51,Meeting _Social_Gathering_In_Person, WatchingTV/Movies,annotator,HIGH LEVEL BEHAVIOR,2022-05-21 04:32:26,2022-05-21 04:32:33
2022-05-21 15:14:51,2022-05-21 15:15:53,Meeting _Social_Gathering_In_Person, WatchingTV/Movies,annotator,HIGH LEVEL BEHAVIOR,2022-05-21 04:32:33,2022-05-21 04:33:35
