START_TIME,STOP_TIME,PREDICTION,SOURCE,LABELSET,VIDEO_START_TIME,VIDEO_END_TIME
2022-05-30 13:27:10,2022-05-30 13:27:42,,annotator,HIGH LEVEL BEHAVIOR,2022-05-30 00:00:00,2022-05-30 00:00:32
2022-05-30 13:27:45,2022-05-30 13:27:49,,annotator,HIGH LEVEL BEHAVIOR,2022-05-30 00:00:35,2022-05-30 00:00:39
2022-05-30 13:27:49,2022-05-30 13:27:56,,annotator,HIGH LEVEL BEHAVIOR,2022-05-30 00:00:39,2022-05-30 00:00:46
2022-05-30 13:27:56,2022-05-30 13:28:20,,annotator,HIGH LEVEL BEHAVIOR,2022-05-30 00:00:46,2022-05-30 00:01:10
2022-05-30 13:28:22,2022-05-30 13:29:23,,annotator,HIGH LEVEL BEHAVIOR,2022-05-30 00:01:12,2022-05-30 00:02:13
2022-05-30 13:29:25,2022-05-30 13:30:37,,annotator,HIGH LEVEL BEHAVIOR,2022-05-30 00:02:15,2022-05-30 00:03:27
2022-05-30 13:30:37,2022-05-30 13:39:55,,annotator,HIGH LEVEL BEHAVIOR,2022-05-30 00:03:27,2022-05-30 00:12:45
2022-05-30 13:39:55,2022-05-30 13:40:27,,annotator,HIGH LEVEL BEHAVIOR,2022-05-30 00:12:45,2022-05-30 00:13:17
2022-05-30 13:40:29,2022-05-30 13:40:35,,annotator,HIGH LEVEL BEHAVIOR,2022-05-30 00:13:19,2022-05-30 00:13:25
2022-05-30 13:40:36,2022-05-30 13:40:43,,annotator,HIGH LEVEL BEHAVIOR,2022-05-30 00:13:26,2022-05-30 00:13:33
2022-05-30 13:40:43,2022-05-30 13:41:00,Dressing/Undressing,annotator,HIGH LEVEL BEHAVIOR,2022-05-30 00:13:33,2022-05-30 00:13:50
2022-05-30 13:41:00,2022-05-30 13:41:26,,annotator,HIGH LEVEL BEHAVIOR,2022-05-30 00:13:50,2022-05-30 00:14:16
2022-05-30 13:41:26,2022-05-30 13:42:05,,annotator,HIGH LEVEL BEHAVIOR,2022-05-30 00:14:16,2022-05-30 00:14:55
2022-05-30 13:42:05,2022-05-30 13:43:15,Packing/Unpacking_Something,annotator,HIGH LEVEL BEHAVIOR,2022-05-30 00:14:55,2022-05-30 00:16:05
2022-05-30 13:43:21,2022-05-30 13:43:29,Packing/Unpacking_Something,annotator,HIGH LEVEL BEHAVIOR,2022-05-30 00:16:11,2022-05-30 00:16:19
2022-05-30 13:43:29,2022-05-30 13:44:16,Packing/Unpacking_Something,annotator,HIGH LEVEL BEHAVIOR,2022-05-30 00:16:19,2022-05-30 00:17:06
2022-05-30 13:44:25,2022-05-30 13:45:20,,annotator,HIGH LEVEL BEHAVIOR,2022-05-30 00:17:15,2022-05-30 00:18:10
2022-05-30 13:45:22,2022-05-30 13:45:41,,annotator,HIGH LEVEL BEHAVIOR,2022-05-30 00:18:12,2022-05-30 00:18:31
2022-05-30 13:45:41,2022-05-30 13:45:58,,annotator,HIGH LEVEL BEHAVIOR,2022-05-30 00:18:31,2022-05-30 00:18:48
2022-05-30 13:45:58,2022-05-30 13:46:34,Packing/Unpacking_Something,annotator,HIGH LEVEL BEHAVIOR,2022-05-30 00:18:48,2022-05-30 00:19:24
2022-05-30 13:46:34,2022-05-30 13:46:53,Packing/Unpacking_Something,annotator,HIGH LEVEL BEHAVIOR,2022-05-30 00:19:24,2022-05-30 00:19:43
2022-05-30 13:46:53,2022-05-30 13:47:09,Packing/Unpacking_Something,annotator,HIGH LEVEL BEHAVIOR,2022-05-30 00:19:43,2022-05-30 00:19:59
2022-05-30 13:47:09,2022-05-30 13:47:18,,annotator,HIGH LEVEL BEHAVIOR,2022-05-30 00:19:59,2022-05-30 00:20:08
2022-05-30 13:47:23,2022-05-30 13:47:36,Dressing/Undressing,annotator,HIGH LEVEL BEHAVIOR,2022-05-30 00:20:13,2022-05-30 00:20:26
2022-05-30 13:47:40,2022-05-30 13:47:47,In_Transit_Active,annotator,HIGH LEVEL BEHAVIOR,2022-05-30 00:20:30,2022-05-30 00:20:37
2022-05-30 13:47:47,2022-05-30 13:48:22,In_Transit_Active,annotator,HIGH LEVEL BEHAVIOR,2022-05-30 00:20:37,2022-05-30 00:21:12
2022-05-30 13:48:22,2022-05-30 13:48:28,In_Transit_Active,annotator,HIGH LEVEL BEHAVIOR,2022-05-30 00:21:12,2022-05-30 00:21:18
2022-05-30 13:48:28,2022-05-30 13:48:45,In_Transit_Active, Riding_Elevator_Down,annotator,HIGH LEVEL BEHAVIOR,2022-05-30 00:21:18,2022-05-30 00:21:35
2022-05-30 13:48:45,2022-05-30 13:49:11,In_Transit_Active, Riding_Elevator_Down,annotator,HIGH LEVEL BEHAVIOR,2022-05-30 00:21:35,2022-05-30 00:22:01
2022-05-30 13:49:11,2022-05-30 13:49:23,In_Transit_Active, Riding_Elevator_Down,annotator,HIGH LEVEL BEHAVIOR,2022-05-30 00:22:01,2022-05-30 00:22:13
2022-05-30 13:49:23,2022-05-30 13:49:59,In_Transit_Active,annotator,HIGH LEVEL BEHAVIOR,2022-05-30 00:22:13,2022-05-30 00:22:49
2022-05-30 13:49:59,2022-05-30 13:57:51,In_Transit_Active,annotator,HIGH LEVEL BEHAVIOR,2022-05-30 00:22:49,2022-05-30 00:30:41
2022-05-30 13:57:51,2022-05-30 13:58:36,In_Transit_Active,annotator,HIGH LEVEL BEHAVIOR,2022-05-30 00:30:41,2022-05-30 00:31:26
2022-05-30 13:58:36,2022-05-30 13:59:01,In_Transit_Active,annotator,HIGH LEVEL BEHAVIOR,2022-05-30 00:31:26,2022-05-30 00:31:51
2022-05-30 13:59:01,2022-05-30 13:59:08,In_Transit_Active,annotator,HIGH LEVEL BEHAVIOR,2022-05-30 00:31:51,2022-05-30 00:31:58
2022-05-30 13:59:09,2022-05-30 13:59:13,In_Transit_Active,annotator,HIGH LEVEL BEHAVIOR,2022-05-30 00:31:59,2022-05-30 00:32:03
2022-05-30 13:59:13,2022-05-30 13:59:34,In_Transit_Active,annotator,HIGH LEVEL BEHAVIOR,2022-05-30 00:32:03,2022-05-30 00:32:24
2022-05-30 13:59:34,2022-05-30 14:00:08,,annotator,HIGH LEVEL BEHAVIOR,2022-05-30 00:32:24,2022-05-30 00:32:58
2022-05-30 14:00:08,2022-05-30 14:00:27,,annotator,HIGH LEVEL BEHAVIOR,2022-05-30 00:32:58,2022-05-30 00:33:17
2022-05-30 14:00:30,2022-05-30 14:00:46,,annotator,HIGH LEVEL BEHAVIOR,2022-05-30 00:33:20,2022-05-30 00:33:36
2022-05-30 14:00:46,2022-05-30 14:01:06,,annotator,HIGH LEVEL BEHAVIOR,2022-05-30 00:33:36,2022-05-30 00:33:56
2022-05-30 14:01:15,2022-05-30 14:07:26,Eating/Dining,annotator,HIGH LEVEL BEHAVIOR,2022-05-30 00:34:05,2022-05-30 00:40:16
2022-05-30 14:07:46,2022-05-30 14:09:39,Eating/Dining,annotator,HIGH LEVEL BEHAVIOR,2022-05-30 00:40:36,2022-05-30 00:42:29
2022-05-30 14:09:39,2022-05-30 14:13:16,Eating/Dining, Meeting _Social_Gathering_In_Person,annotator,HIGH LEVEL BEHAVIOR,2022-05-30 00:42:29,2022-05-30 00:46:06
2022-05-30 14:13:16,2022-05-30 14:15:38,Meeting _Social_Gathering_In_Person,annotator,HIGH LEVEL BEHAVIOR,2022-05-30 00:46:06,2022-05-30 00:48:28
2022-05-30 14:15:38,2022-05-30 14:21:25,Meeting _Social_Gathering_In_Person,annotator,HIGH LEVEL BEHAVIOR,2022-05-30 00:48:28,2022-05-30 00:54:15
2022-05-30 14:21:25,2022-05-30 14:21:49,Meeting _Social_Gathering_In_Person,annotator,HIGH LEVEL BEHAVIOR,2022-05-30 00:54:15,2022-05-30 00:54:39
2022-05-30 14:21:49,2022-05-30 14:22:22,Meeting _Social_Gathering_In_Person,annotator,HIGH LEVEL BEHAVIOR,2022-05-30 00:54:39,2022-05-30 00:55:12
2022-05-30 14:22:22,2022-05-30 14:24:17,Meeting _Social_Gathering_In_Person,annotator,HIGH LEVEL BEHAVIOR,2022-05-30 00:55:12,2022-05-30 00:57:07
2022-05-30 14:24:17,2022-05-30 14:27:23,Meeting _Social_Gathering_In_Person,annotator,HIGH LEVEL BEHAVIOR,2022-05-30 00:57:07,2022-05-30 01:00:13
2022-05-30 14:27:23,2022-05-30 14:27:35,Meeting _Social_Gathering_In_Person,annotator,HIGH LEVEL BEHAVIOR,2022-05-30 01:00:13,2022-05-30 01:00:25
2022-05-30 14:27:35,2022-05-30 14:31:30,Meeting _Social_Gathering_In_Person,annotator,HIGH LEVEL BEHAVIOR,2022-05-30 01:00:25,2022-05-30 01:04:20
2022-05-30 14:31:30,2022-05-30 14:31:45,Meeting _Social_Gathering_In_Person,annotator,HIGH LEVEL BEHAVIOR,2022-05-30 01:04:20,2022-05-30 01:04:35
2022-05-30 14:31:45,2022-05-30 14:33:21,Meeting _Social_Gathering_In_Person,annotator,HIGH LEVEL BEHAVIOR,2022-05-30 01:04:35,2022-05-30 01:06:11
2022-05-30 14:33:27,2022-05-30 14:34:04,Meeting _Social_Gathering_In_Person,annotator,HIGH LEVEL BEHAVIOR,2022-05-30 01:06:17,2022-05-30 01:06:54
2022-05-30 14:34:10,2022-05-30 14:34:24,,annotator,HIGH LEVEL BEHAVIOR,2022-05-30 01:07:00,2022-05-30 01:07:14
2022-05-30 14:34:24,2022-05-30 14:34:47,,annotator,HIGH LEVEL BEHAVIOR,2022-05-30 01:07:14,2022-05-30 01:07:37
2022-05-30 14:34:47,2022-05-30 14:34:50,,annotator,HIGH LEVEL BEHAVIOR,2022-05-30 01:07:37,2022-05-30 01:07:40
2022-05-30 14:34:50,2022-05-30 14:35:00,,annotator,HIGH LEVEL BEHAVIOR,2022-05-30 01:07:40,2022-05-30 01:07:50
2022-05-30 14:35:01,2022-05-30 14:35:06,,annotator,HIGH LEVEL BEHAVIOR,2022-05-30 01:07:51,2022-05-30 01:07:56
2022-05-30 14:35:06,2022-05-30 14:35:14,In_Transit_Active,annotator,HIGH LEVEL BEHAVIOR,2022-05-30 01:07:56,2022-05-30 01:08:04
2022-05-30 14:35:14,2022-05-30 14:43:02,In_Transit_Active,annotator,HIGH LEVEL BEHAVIOR,2022-05-30 01:08:04,2022-05-30 01:15:52
2022-05-30 14:43:03,2022-05-30 14:43:49,Shopping_Non-Grocery,annotator,HIGH LEVEL BEHAVIOR,2022-05-30 01:15:53,2022-05-30 01:16:39
2022-05-30 14:43:49,2022-05-30 14:44:05,Shopping_Non-Grocery,annotator,HIGH LEVEL BEHAVIOR,2022-05-30 01:16:39,2022-05-30 01:16:55
2022-05-30 14:44:05,2022-05-30 14:45:00,Shopping_Non-Grocery,annotator,HIGH LEVEL BEHAVIOR,2022-05-30 01:16:55,2022-05-30 01:17:50
2022-05-30 14:45:00,2022-05-30 14:45:10,Shopping_Non-Grocery,annotator,HIGH LEVEL BEHAVIOR,2022-05-30 01:17:50,2022-05-30 01:18:00
2022-05-30 14:45:10,2022-05-30 14:45:27,Shopping_Non-Grocery,annotator,HIGH LEVEL BEHAVIOR,2022-05-30 01:18:00,2022-05-30 01:18:17
2022-05-30 14:45:27,2022-05-30 14:45:46,Shopping_Non-Grocery,annotator,HIGH LEVEL BEHAVIOR,2022-05-30 01:18:17,2022-05-30 01:18:36
2022-05-30 14:45:46,2022-05-30 14:47:33,Shopping_Non-Grocery,annotator,HIGH LEVEL BEHAVIOR,2022-05-30 01:18:36,2022-05-30 01:20:23
2022-05-30 14:47:33,2022-05-30 14:48:58,Shopping_Non-Grocery,annotator,HIGH LEVEL BEHAVIOR,2022-05-30 01:20:23,2022-05-30 01:21:48
2022-05-30 14:48:58,2022-05-30 14:49:23,Shopping_Non-Grocery,annotator,HIGH LEVEL BEHAVIOR,2022-05-30 01:21:48,2022-05-30 01:22:13
2022-05-30 14:49:23,2022-05-30 14:50:07,Shopping_Non-Grocery,annotator,HIGH LEVEL BEHAVIOR,2022-05-30 01:22:13,2022-05-30 01:22:57
2022-05-30 14:50:07,2022-05-30 14:50:34,Shopping_Non-Grocery,annotator,HIGH LEVEL BEHAVIOR,2022-05-30 01:22:57,2022-05-30 01:23:24
2022-05-30 14:50:34,2022-05-30 14:50:56,Shopping_Non-Grocery,annotator,HIGH LEVEL BEHAVIOR,2022-05-30 01:23:24,2022-05-30 01:23:46
2022-05-30 14:50:56,2022-05-30 14:51:30,Shopping_Non-Grocery,annotator,HIGH LEVEL BEHAVIOR,2022-05-30 01:23:46,2022-05-30 01:24:20
2022-05-30 14:51:30,2022-05-30 14:51:51,Shopping_Non-Grocery,annotator,HIGH LEVEL BEHAVIOR,2022-05-30 01:24:20,2022-05-30 01:24:41
2022-05-30 14:51:51,2022-05-30 14:52:44,In_Transit_Active,annotator,HIGH LEVEL BEHAVIOR,2022-05-30 01:24:41,2022-05-30 01:25:34
2022-05-30 14:52:44,2022-05-30 14:54:00,Shopping_Non-Grocery,annotator,HIGH LEVEL BEHAVIOR,2022-05-30 01:25:34,2022-05-30 01:26:50
2022-05-30 14:54:00,2022-05-30 14:54:19,Shopping_Non-Grocery,annotator,HIGH LEVEL BEHAVIOR,2022-05-30 01:26:50,2022-05-30 01:27:09
2022-05-30 14:54:19,2022-05-30 14:57:12,Shopping_Non-Grocery,annotator,HIGH LEVEL BEHAVIOR,2022-05-30 01:27:09,2022-05-30 01:30:02
2022-05-30 14:57:18,2022-05-30 14:59:01,In_Transit_Active,annotator,HIGH LEVEL BEHAVIOR,2022-05-30 01:30:08,2022-05-30 01:31:51
2022-05-30 14:59:01,2022-05-30 14:59:12,In_Transit_Active,annotator,HIGH LEVEL BEHAVIOR,2022-05-30 01:31:51,2022-05-30 01:32:02
2022-05-30 14:59:12,2022-05-30 14:59:33,In_Transit_Active,annotator,HIGH LEVEL BEHAVIOR,2022-05-30 01:32:02,2022-05-30 01:32:23
2022-05-30 14:59:33,2022-05-30 14:59:45,In_Transit_Active,annotator,HIGH LEVEL BEHAVIOR,2022-05-30 01:32:23,2022-05-30 01:32:35
2022-05-30 14:59:45,2022-05-30 15:01:37,,annotator,HIGH LEVEL BEHAVIOR,2022-05-30 01:32:35,2022-05-30 01:34:27
2022-05-30 15:01:37,2022-05-30 15:01:49,,annotator,HIGH LEVEL BEHAVIOR,2022-05-30 01:34:27,2022-05-30 01:34:39
2022-05-30 15:01:50,2022-05-30 15:02:04,,annotator,HIGH LEVEL BEHAVIOR,2022-05-30 01:34:40,2022-05-30 01:34:54
2022-05-30 15:02:04,2022-05-30 15:04:28,,annotator,HIGH LEVEL BEHAVIOR,2022-05-30 01:34:54,2022-05-30 01:37:18
2022-05-30 15:04:30,2022-05-30 15:04:58,HLB_Indecipherable/Video_Insufficient,annotator,HIGH LEVEL BEHAVIOR,2022-05-30 01:37:20,2022-05-30 01:37:48
2022-05-30 15:04:58,2022-05-30 15:10:09,Meeting _Social_Gathering_In_Person,annotator,HIGH LEVEL BEHAVIOR,2022-05-30 01:37:48,2022-05-30 01:42:59
2022-05-30 15:10:09,2022-05-30 15:10:56,Meeting _Social_Gathering_In_Person,annotator,HIGH LEVEL BEHAVIOR,2022-05-30 01:42:59,2022-05-30 01:43:46
2022-05-30 15:10:56,2022-05-30 15:11:05,Meeting _Social_Gathering_In_Person,annotator,HIGH LEVEL BEHAVIOR,2022-05-30 01:43:46,2022-05-30 01:43:55
2022-05-30 15:11:06,2022-05-30 15:11:11,,annotator,HIGH LEVEL BEHAVIOR,2022-05-30 01:43:56,2022-05-30 01:44:01
2022-05-30 15:11:11,2022-05-30 15:11:13,,annotator,HIGH LEVEL BEHAVIOR,2022-05-30 01:44:01,2022-05-30 01:44:03
2022-05-30 15:11:13,2022-05-30 15:11:18,,annotator,HIGH LEVEL BEHAVIOR,2022-05-30 01:44:03,2022-05-30 01:44:08
2022-05-30 15:11:18,2022-05-30 15:11:35,,annotator,HIGH LEVEL BEHAVIOR,2022-05-30 01:44:08,2022-05-30 01:44:25
2022-05-30 15:11:35,2022-05-30 15:11:45,,annotator,HIGH LEVEL BEHAVIOR,2022-05-30 01:44:25,2022-05-30 01:44:35
2022-05-30 15:11:45,2022-05-30 15:15:41,Meeting _Social_Gathering_In_Person,annotator,HIGH LEVEL BEHAVIOR,2022-05-30 01:44:35,2022-05-30 01:48:31
2022-05-30 15:15:41,2022-05-30 15:16:07,Meeting _Social_Gathering_In_Person,annotator,HIGH LEVEL BEHAVIOR,2022-05-30 01:48:31,2022-05-30 01:48:57
2022-05-30 15:16:07,2022-05-30 15:20:22,Meeting _Social_Gathering_In_Person,annotator,HIGH LEVEL BEHAVIOR,2022-05-30 01:48:57,2022-05-30 01:53:12
2022-05-30 15:20:24,2022-05-30 15:20:38,In_Transit_Active,annotator,HIGH LEVEL BEHAVIOR,2022-05-30 01:53:14,2022-05-30 01:53:28
2022-05-30 15:20:39,2022-05-30 15:38:16,In_Transit_Active,annotator,HIGH LEVEL BEHAVIOR,2022-05-30 01:53:29,2022-05-30 02:11:06
2022-05-30 15:38:16,2022-05-30 15:38:56,In_Transit_Active,annotator,HIGH LEVEL BEHAVIOR,2022-05-30 02:11:06,2022-05-30 02:11:46
2022-05-30 15:38:56,2022-05-30 15:39:08,In_Transit_Active,annotator,HIGH LEVEL BEHAVIOR,2022-05-30 02:11:46,2022-05-30 02:11:58
2022-05-30 15:39:08,2022-05-30 15:39:14,In_Transit_Active,annotator,HIGH LEVEL BEHAVIOR,2022-05-30 02:11:58,2022-05-30 02:12:04
2022-05-30 15:39:14,2022-05-30 15:39:52,In_Transit_Active, Riding_Elevator_Up,annotator,HIGH LEVEL BEHAVIOR,2022-05-30 02:12:04,2022-05-30 02:12:42
2022-05-30 15:39:56,2022-05-30 15:40:06,In_Transit_Active,annotator,HIGH LEVEL BEHAVIOR,2022-05-30 02:12:46,2022-05-30 02:12:56
2022-05-30 15:40:12,2022-05-30 15:40:18,Dressing/Undressing,annotator,HIGH LEVEL BEHAVIOR,2022-05-30 02:13:02,2022-05-30 02:13:08
2022-05-30 15:40:18,2022-05-30 15:40:25,,annotator,HIGH LEVEL BEHAVIOR,2022-05-30 02:13:08,2022-05-30 02:13:15
2022-05-30 15:40:25,2022-05-30 15:40:39,,annotator,HIGH LEVEL BEHAVIOR,2022-05-30 02:13:15,2022-05-30 02:13:29
2022-05-30 15:40:41,2022-05-30 15:41:14,Using_Computer/Screen,annotator,HIGH LEVEL BEHAVIOR,2022-05-30 02:13:31,2022-05-30 02:14:04
2022-05-30 15:41:21,2022-05-30 15:42:34,HLB_Indecipherable/Video_Insufficient,annotator,HIGH LEVEL BEHAVIOR,2022-05-30 02:14:11,2022-05-30 02:15:24
2022-05-30 15:42:34,2022-05-30 15:44:37,Using_Computer/Screen,annotator,HIGH LEVEL BEHAVIOR,2022-05-30 02:15:24,2022-05-30 02:17:27
2022-05-30 15:44:37,2022-05-30 15:52:11,Using_Computer/Screen,annotator,HIGH LEVEL BEHAVIOR,2022-05-30 02:17:27,2022-05-30 02:25:01
2022-05-30 15:52:11,2022-05-30 15:53:30,Using_Computer/Screen,annotator,HIGH LEVEL BEHAVIOR,2022-05-30 02:25:01,2022-05-30 02:26:20
2022-05-30 15:53:30,2022-05-30 15:56:32,Using_Computer/Screen,annotator,HIGH LEVEL BEHAVIOR,2022-05-30 02:26:20,2022-05-30 02:29:22
2022-05-30 15:56:32,2022-05-30 15:57:45,Using_Computer/Screen,annotator,HIGH LEVEL BEHAVIOR,2022-05-30 02:29:22,2022-05-30 02:30:35
2022-05-30 15:57:45,2022-05-30 15:58:03,Using_Computer/Screen,annotator,HIGH LEVEL BEHAVIOR,2022-05-30 02:30:35,2022-05-30 02:30:53
2022-05-30 15:58:05,2022-05-30 16:05:51,HLB_Indecipherable/Video_Insufficient,annotator,HIGH LEVEL BEHAVIOR,2022-05-30 02:30:55,2022-05-30 02:38:41
2022-05-30 16:05:54,2022-05-30 16:08:19,,annotator,HIGH LEVEL BEHAVIOR,2022-05-30 02:38:44,2022-05-30 02:41:09
2022-05-30 16:08:19,2022-05-30 16:09:54,,annotator,HIGH LEVEL BEHAVIOR,2022-05-30 02:41:09,2022-05-30 02:42:44
2022-05-30 16:09:54,2022-05-30 16:13:47,,annotator,HIGH LEVEL BEHAVIOR,2022-05-30 02:42:44,2022-05-30 02:46:37
2022-05-30 16:13:47,2022-05-30 16:19:11,Relaxing_Passive,annotator,HIGH LEVEL BEHAVIOR,2022-05-30 02:46:37,2022-05-30 02:52:01
2022-05-30 16:19:11,2022-05-30 16:19:29,Relaxing_Passive,annotator,HIGH LEVEL BEHAVIOR,2022-05-30 02:52:01,2022-05-30 02:52:19
2022-05-30 16:19:29,2022-05-30 16:21:18,Relaxing_Passive,annotator,HIGH LEVEL BEHAVIOR,2022-05-30 02:52:19,2022-05-30 02:54:08
2022-05-30 16:21:21,2022-05-30 16:32:54,HLB_Indecipherable/Video_Insufficient,annotator,HIGH LEVEL BEHAVIOR,2022-05-30 02:54:11,2022-05-30 03:05:44
2022-05-30 16:32:57,2022-05-30 16:33:59,Using_Computer/Screen,annotator,HIGH LEVEL BEHAVIOR,2022-05-30 03:05:47,2022-05-30 03:06:49
2022-05-30 16:33:59,2022-05-30 16:36:02,Using_Computer/Screen,annotator,HIGH LEVEL BEHAVIOR,2022-05-30 03:06:49,2022-05-30 03:08:52
2022-05-30 16:36:02,2022-05-30 16:36:28,Using_Computer/Screen,annotator,HIGH LEVEL BEHAVIOR,2022-05-30 03:08:52,2022-05-30 03:09:18
2022-05-30 16:36:28,2022-05-30 16:43:27,Using_Computer/Screen,annotator,HIGH LEVEL BEHAVIOR,2022-05-30 03:09:18,2022-05-30 03:16:17
2022-05-30 16:43:27,2022-05-30 16:43:57,Using_Computer/Screen,annotator,HIGH LEVEL BEHAVIOR,2022-05-30 03:16:17,2022-05-30 03:16:47
2022-05-30 16:43:57,2022-05-30 16:45:12,Using_Computer/Screen,annotator,HIGH LEVEL BEHAVIOR,2022-05-30 03:16:47,2022-05-30 03:18:02
2022-05-30 16:45:12,2022-05-30 16:45:36,Using_Computer/Screen,annotator,HIGH LEVEL BEHAVIOR,2022-05-30 03:18:02,2022-05-30 03:18:26
2022-05-30 16:45:36,2022-05-30 16:45:57,Using_Computer/Screen,annotator,HIGH LEVEL BEHAVIOR,2022-05-30 03:18:26,2022-05-30 03:18:47
2022-05-30 16:45:57,2022-05-30 16:46:36,Using_Computer/Screen,annotator,HIGH LEVEL BEHAVIOR,2022-05-30 03:18:47,2022-05-30 03:19:26
2022-05-30 16:46:36,2022-05-30 16:46:44,Using_Computer/Screen,annotator,HIGH LEVEL BEHAVIOR,2022-05-30 03:19:26,2022-05-30 03:19:34
2022-05-30 16:46:44,2022-05-30 16:46:56,Using_Computer/Screen,annotator,HIGH LEVEL BEHAVIOR,2022-05-30 03:19:34,2022-05-30 03:19:46
2022-05-30 16:46:56,2022-05-30 16:47:29,Using_Computer/Screen,annotator,HIGH LEVEL BEHAVIOR,2022-05-30 03:19:46,2022-05-30 03:20:19
2022-05-30 16:47:29,2022-05-30 16:52:04,Using_Computer/Screen,annotator,HIGH LEVEL BEHAVIOR,2022-05-30 03:20:19,2022-05-30 03:24:54
2022-05-30 16:52:07,2022-05-30 16:53:16,Using_Computer/Screen,annotator,HIGH LEVEL BEHAVIOR,2022-05-30 03:24:57,2022-05-30 03:26:06
2022-05-30 16:53:16,2022-05-30 16:53:38,Using_Computer/Screen,annotator,HIGH LEVEL BEHAVIOR,2022-05-30 03:26:06,2022-05-30 03:26:28
2022-05-30 16:53:38,2022-05-30 16:56:30,Using_Computer/Screen,annotator,HIGH LEVEL BEHAVIOR,2022-05-30 03:26:28,2022-05-30 03:29:20
2022-05-30 16:56:30,2022-05-30 16:57:02,Using_Computer/Screen,annotator,HIGH LEVEL BEHAVIOR,2022-05-30 03:29:20,2022-05-30 03:29:52
2022-05-30 16:57:02,2022-05-30 16:57:32,Using_Computer/Screen,annotator,HIGH LEVEL BEHAVIOR,2022-05-30 03:29:52,2022-05-30 03:30:22
2022-05-30 16:57:32,2022-05-30 17:09:07,Using_Computer/Screen,annotator,HIGH LEVEL BEHAVIOR,2022-05-30 03:30:22,2022-05-30 03:41:57
2022-05-30 17:09:07,2022-05-30 17:09:43,Using_Computer/Screen,annotator,HIGH LEVEL BEHAVIOR,2022-05-30 03:41:57,2022-05-30 03:42:33
2022-05-30 17:09:43,2022-05-30 17:10:00,Using_Computer/Screen,annotator,HIGH LEVEL BEHAVIOR,2022-05-30 03:42:33,2022-05-30 03:42:50
2022-05-30 17:10:00,2022-05-30 17:12:47,Using_Computer/Screen,annotator,HIGH LEVEL BEHAVIOR,2022-05-30 03:42:50,2022-05-30 03:45:37
2022-05-30 17:12:47,2022-05-30 17:13:43,Using_Computer/Screen,annotator,HIGH LEVEL BEHAVIOR,2022-05-30 03:45:37,2022-05-30 03:46:33
2022-05-30 17:13:45,2022-05-30 17:14:21,Using_Computer/Screen,annotator,HIGH LEVEL BEHAVIOR,2022-05-30 03:46:35,2022-05-30 03:47:11
2022-05-30 17:14:21,2022-05-30 17:14:46,Using_Computer/Screen,annotator,HIGH LEVEL BEHAVIOR,2022-05-30 03:47:11,2022-05-30 03:47:36
2022-05-30 17:14:46,2022-05-30 17:15:12,Using_Computer/Screen,annotator,HIGH LEVEL BEHAVIOR,2022-05-30 03:47:36,2022-05-30 03:48:02
2022-05-30 17:15:12,2022-05-30 17:15:45,Using_Computer/Screen,annotator,HIGH LEVEL BEHAVIOR,2022-05-30 03:48:02,2022-05-30 03:48:35
2022-05-30 17:15:45,2022-05-30 17:16:56,Using_Computer/Screen,annotator,HIGH LEVEL BEHAVIOR,2022-05-30 03:48:35,2022-05-30 03:49:46
2022-05-30 17:16:56,2022-05-30 17:17:33,Using_Computer/Screen,annotator,HIGH LEVEL BEHAVIOR,2022-05-30 03:49:46,2022-05-30 03:50:23
2022-05-30 17:17:33,2022-05-30 17:18:41,Using_Computer/Screen,annotator,HIGH LEVEL BEHAVIOR,2022-05-30 03:50:23,2022-05-30 03:51:31
2022-05-30 17:18:43,2022-05-30 17:18:59,,annotator,HIGH LEVEL BEHAVIOR,2022-05-30 03:51:33,2022-05-30 03:51:49
2022-05-30 17:18:59,2022-05-30 17:19:18,,annotator,HIGH LEVEL BEHAVIOR,2022-05-30 03:51:49,2022-05-30 03:52:08
2022-05-30 17:19:18,2022-05-30 17:19:23,,annotator,HIGH LEVEL BEHAVIOR,2022-05-30 03:52:08,2022-05-30 03:52:13
2022-05-30 17:19:23,2022-05-30 17:20:06,,annotator,HIGH LEVEL BEHAVIOR,2022-05-30 03:52:13,2022-05-30 03:52:56
2022-05-30 17:20:06,2022-05-30 17:20:17,,annotator,HIGH LEVEL BEHAVIOR,2022-05-30 03:52:56,2022-05-30 03:53:07
2022-05-30 17:20:17,2022-05-30 17:20:23,,annotator,HIGH LEVEL BEHAVIOR,2022-05-30 03:53:07,2022-05-30 03:53:13
2022-05-30 17:20:26,2022-05-30 17:23:36,Using_Computer/Screen,annotator,HIGH LEVEL BEHAVIOR,2022-05-30 03:53:16,2022-05-30 03:56:26
2022-05-30 17:23:36,2022-05-30 17:24:21,Using_Computer/Screen,annotator,HIGH LEVEL BEHAVIOR,2022-05-30 03:56:26,2022-05-30 03:57:11
2022-05-30 17:24:21,2022-05-30 17:24:32,Using_Computer/Screen,annotator,HIGH LEVEL BEHAVIOR,2022-05-30 03:57:11,2022-05-30 03:57:22
2022-05-30 17:24:32,2022-05-30 17:25:17,Using_Computer/Screen,annotator,HIGH LEVEL BEHAVIOR,2022-05-30 03:57:22,2022-05-30 03:58:07
2022-05-30 17:25:17,2022-05-30 17:25:29,Using_Computer/Screen,annotator,HIGH LEVEL BEHAVIOR,2022-05-30 03:58:07,2022-05-30 03:58:19
2022-05-30 17:25:29,2022-05-30 17:26:13,Using_Computer/Screen,annotator,HIGH LEVEL BEHAVIOR,2022-05-30 03:58:19,2022-05-30 03:59:03
2022-05-30 17:26:13,2022-05-30 17:27:16,Using_Computer/Screen,annotator,HIGH LEVEL BEHAVIOR,2022-05-30 03:59:03,2022-05-30 04:00:06
2022-05-30 17:27:16,2022-05-30 17:32:27,Using_Computer/Screen,annotator,HIGH LEVEL BEHAVIOR,2022-05-30 04:00:06,2022-05-30 04:05:17
2022-05-30 17:32:27,2022-05-30 17:37:13,Using_Computer/Screen,annotator,HIGH LEVEL BEHAVIOR,2022-05-30 04:05:17,2022-05-30 04:10:03
2022-05-30 17:37:13,2022-05-30 17:45:29,Using_Computer/Screen,annotator,HIGH LEVEL BEHAVIOR,2022-05-30 04:10:03,2022-05-30 04:18:19
2022-05-30 17:45:29,2022-05-30 17:47:38,Using_Computer/Screen,annotator,HIGH LEVEL BEHAVIOR,2022-05-30 04:18:19,2022-05-30 04:20:28
2022-05-30 17:47:39,2022-05-30 17:48:59,Using_Computer/Screen,annotator,HIGH LEVEL BEHAVIOR,2022-05-30 04:20:29,2022-05-30 04:21:49
2022-05-30 17:48:59,2022-05-30 17:50:54,Using_Computer/Screen,annotator,HIGH LEVEL BEHAVIOR,2022-05-30 04:21:49,2022-05-30 04:23:44
2022-05-30 17:50:54,2022-05-30 17:51:51,Using_Computer/Screen,annotator,HIGH LEVEL BEHAVIOR,2022-05-30 04:23:44,2022-05-30 04:24:41
2022-05-30 17:51:51,2022-05-30 17:53:55,Using_Computer/Screen,annotator,HIGH LEVEL BEHAVIOR,2022-05-30 04:24:41,2022-05-30 04:26:45
2022-05-30 17:53:55,2022-05-30 18:01:39,Using_Computer/Screen,annotator,HIGH LEVEL BEHAVIOR,2022-05-30 04:26:45,2022-05-30 04:34:29
2022-05-30 18:01:39,2022-05-30 18:02:04,Using_Computer/Screen,annotator,HIGH LEVEL BEHAVIOR,2022-05-30 04:34:29,2022-05-30 04:34:54
2022-05-30 18:02:04,2022-05-30 18:02:22,Using_Computer/Screen,annotator,HIGH LEVEL BEHAVIOR,2022-05-30 04:34:54,2022-05-30 04:35:12
2022-05-30 18:02:22,2022-05-30 18:04:39,Using_Computer/Screen,annotator,HIGH LEVEL BEHAVIOR,2022-05-30 04:35:12,2022-05-30 04:37:29
2022-05-30 18:04:39,2022-05-30 18:05:04,Using_Computer/Screen,annotator,HIGH LEVEL BEHAVIOR,2022-05-30 04:37:29,2022-05-30 04:37:54
2022-05-30 18:05:04,2022-05-30 18:05:11,Using_Computer/Screen,annotator,HIGH LEVEL BEHAVIOR,2022-05-30 04:37:54,2022-05-30 04:38:01
2022-05-30 18:05:11,2022-05-30 18:06:09,Using_Computer/Screen,annotator,HIGH LEVEL BEHAVIOR,2022-05-30 04:38:01,2022-05-30 04:38:59
2022-05-30 18:06:09,2022-05-30 18:06:20,Using_Computer/Screen,annotator,HIGH LEVEL BEHAVIOR,2022-05-30 04:38:59,2022-05-30 04:39:10
2022-05-30 18:06:20,2022-05-30 18:06:54,Using_Computer/Screen,annotator,HIGH LEVEL BEHAVIOR,2022-05-30 04:39:10,2022-05-30 04:39:44
2022-05-30 18:06:54,2022-05-30 18:08:06,Using_Computer/Screen,annotator,HIGH LEVEL BEHAVIOR,2022-05-30 04:39:44,2022-05-30 04:40:56
2022-05-30 18:08:06,2022-05-30 18:09:11,Using_Computer/Screen,annotator,HIGH LEVEL BEHAVIOR,2022-05-30 04:40:56,2022-05-30 04:42:01
2022-05-30 18:09:11,2022-05-30 18:11:42,Using_Computer/Screen,annotator,HIGH LEVEL BEHAVIOR,2022-05-30 04:42:01,2022-05-30 04:44:32
2022-05-30 18:11:42,2022-05-30 18:11:49,Using_Computer/Screen,annotator,HIGH LEVEL BEHAVIOR,2022-05-30 04:44:32,2022-05-30 04:44:39
2022-05-30 18:11:49,2022-05-30 18:12:14,Using_Computer/Screen,annotator,HIGH LEVEL BEHAVIOR,2022-05-30 04:44:39,2022-05-30 04:45:04
2022-05-30 18:12:14,2022-05-30 18:13:38,Using_Computer/Screen,annotator,HIGH LEVEL BEHAVIOR,2022-05-30 04:45:04,2022-05-30 04:46:28
2022-05-30 18:13:38,2022-05-30 18:13:48,Using_Computer/Screen,annotator,HIGH LEVEL BEHAVIOR,2022-05-30 04:46:28,2022-05-30 04:46:38
2022-05-30 18:13:48,2022-05-30 18:17:11,Using_Computer/Screen,annotator,HIGH LEVEL BEHAVIOR,2022-05-30 04:46:38,2022-05-30 04:50:01
2022-05-30 18:17:11,2022-05-30 18:17:24,Using_Computer/Screen,annotator,HIGH LEVEL BEHAVIOR,2022-05-30 04:50:01,2022-05-30 04:50:14
2022-05-30 18:17:24,2022-05-30 18:18:08,Using_Computer/Screen,annotator,HIGH LEVEL BEHAVIOR,2022-05-30 04:50:14,2022-05-30 04:50:58
2022-05-30 18:18:08,2022-05-30 18:18:29,Using_Computer/Screen,annotator,HIGH LEVEL BEHAVIOR,2022-05-30 04:50:58,2022-05-30 04:51:19
2022-05-30 18:18:29,2022-05-30 18:22:11,Using_Computer/Screen,annotator,HIGH LEVEL BEHAVIOR,2022-05-30 04:51:19,2022-05-30 04:55:01
2022-05-30 18:22:11,2022-05-30 18:23:07,Using_Computer/Screen,annotator,HIGH LEVEL BEHAVIOR,2022-05-30 04:55:01,2022-05-30 04:55:57
2022-05-30 18:23:07,2022-05-30 18:24:00,Using_Computer/Screen,annotator,HIGH LEVEL BEHAVIOR,2022-05-30 04:55:57,2022-05-30 04:56:50
2022-05-30 18:24:00,2022-05-30 18:24:18,Using_Computer/Screen,annotator,HIGH LEVEL BEHAVIOR,2022-05-30 04:56:50,2022-05-30 04:57:08
2022-05-30 18:24:18,2022-05-30 18:25:57,Using_Computer/Screen,annotator,HIGH LEVEL BEHAVIOR,2022-05-30 04:57:08,2022-05-30 04:58:47
2022-05-30 18:25:57,2022-05-30 18:26:07,Using_Computer/Screen,annotator,HIGH LEVEL BEHAVIOR,2022-05-30 04:58:47,2022-05-30 04:58:57
2022-05-30 18:26:07,2022-05-30 18:26:34,Using_Computer/Screen,annotator,HIGH LEVEL BEHAVIOR,2022-05-30 04:58:57,2022-05-30 04:59:24
2022-05-30 18:26:34,2022-05-30 18:26:46,Using_Computer/Screen,annotator,HIGH LEVEL BEHAVIOR,2022-05-30 04:59:24,2022-05-30 04:59:36
2022-05-30 18:26:46,2022-05-30 18:28:16,Using_Computer/Screen,annotator,HIGH LEVEL BEHAVIOR,2022-05-30 04:59:36,2022-05-30 05:01:06
2022-05-30 18:28:16,2022-05-30 18:29:36,Using_Computer/Screen,annotator,HIGH LEVEL BEHAVIOR,2022-05-30 05:01:06,2022-05-30 05:02:26
2022-05-30 18:29:36,2022-05-30 18:33:30,Using_Computer/Screen,annotator,HIGH LEVEL BEHAVIOR,2022-05-30 05:02:26,2022-05-30 05:06:20
2022-05-30 18:33:30,2022-05-30 18:33:49,Using_Computer/Screen,annotator,HIGH LEVEL BEHAVIOR,2022-05-30 05:06:20,2022-05-30 05:06:39
2022-05-30 18:33:49,2022-05-30 18:34:33,Using_Computer/Screen,annotator,HIGH LEVEL BEHAVIOR,2022-05-30 05:06:39,2022-05-30 05:07:23
2022-05-30 18:34:33,2022-05-30 18:35:52,Using_Computer/Screen,annotator,HIGH LEVEL BEHAVIOR,2022-05-30 05:07:23,2022-05-30 05:08:42
2022-05-30 18:35:52,2022-05-30 18:36:05,Using_Computer/Screen,annotator,HIGH LEVEL BEHAVIOR,2022-05-30 05:08:42,2022-05-30 05:08:55
2022-05-30 18:36:05,2022-05-30 18:37:21,Using_Computer/Screen,annotator,HIGH LEVEL BEHAVIOR,2022-05-30 05:08:55,2022-05-30 05:10:11
2022-05-30 18:37:21,2022-05-30 18:37:40,Using_Computer/Screen,annotator,HIGH LEVEL BEHAVIOR,2022-05-30 05:10:11,2022-05-30 05:10:30
2022-05-30 18:37:40,2022-05-30 18:37:53,Using_Computer/Screen,annotator,HIGH LEVEL BEHAVIOR,2022-05-30 05:10:30,2022-05-30 05:10:43
2022-05-30 18:37:53,2022-05-30 18:40:21,Using_Computer/Screen,annotator,HIGH LEVEL BEHAVIOR,2022-05-30 05:10:43,2022-05-30 05:13:11
2022-05-30 18:40:21,2022-05-30 18:40:48,Using_Computer/Screen,annotator,HIGH LEVEL BEHAVIOR,2022-05-30 05:13:11,2022-05-30 05:13:38
2022-05-30 18:40:48,2022-05-30 18:41:10,Using_Computer/Screen,annotator,HIGH LEVEL BEHAVIOR,2022-05-30 05:13:38,2022-05-30 05:14:00
2022-05-30 18:41:10,2022-05-30 18:43:56,Using_Computer/Screen,annotator,HIGH LEVEL BEHAVIOR,2022-05-30 05:14:00,2022-05-30 05:16:46
2022-05-30 18:43:56,2022-05-30 18:44:48,Using_Computer/Screen,annotator,HIGH LEVEL BEHAVIOR,2022-05-30 05:16:46,2022-05-30 05:17:38
2022-05-30 18:44:48,2022-05-30 18:45:08,Using_Computer/Screen,annotator,HIGH LEVEL BEHAVIOR,2022-05-30 05:17:38,2022-05-30 05:17:58
2022-05-30 18:45:08,2022-05-30 18:46:06,Using_Computer/Screen,annotator,HIGH LEVEL BEHAVIOR,2022-05-30 05:17:58,2022-05-30 05:18:56
2022-05-30 18:46:06,2022-05-30 18:46:31,Using_Computer/Screen,annotator,HIGH LEVEL BEHAVIOR,2022-05-30 05:18:56,2022-05-30 05:19:21
2022-05-30 18:46:31,2022-05-30 18:48:09,Using_Computer/Screen,annotator,HIGH LEVEL BEHAVIOR,2022-05-30 05:19:21,2022-05-30 05:20:59
2022-05-30 18:48:09,2022-05-30 18:48:23,Using_Computer/Screen,annotator,HIGH LEVEL BEHAVIOR,2022-05-30 05:20:59,2022-05-30 05:21:13
2022-05-30 18:48:23,2022-05-30 18:48:32,Using_Computer/Screen,annotator,HIGH LEVEL BEHAVIOR,2022-05-30 05:21:13,2022-05-30 05:21:22
2022-05-30 18:48:32,2022-05-30 18:49:21,Using_Computer/Screen,annotator,HIGH LEVEL BEHAVIOR,2022-05-30 05:21:22,2022-05-30 05:22:11
2022-05-30 18:49:21,2022-05-30 18:52:10,Using_Computer/Screen,annotator,HIGH LEVEL BEHAVIOR,2022-05-30 05:22:11,2022-05-30 05:25:00
2022-05-30 18:52:10,2022-05-30 18:52:14,In_Transit_Active,annotator,HIGH LEVEL BEHAVIOR,2022-05-30 05:25:00,2022-05-30 05:25:04
2022-05-30 18:52:14,2022-05-30 18:56:52,HLB_Indecipherable/Video_Insufficient,annotator,HIGH LEVEL BEHAVIOR,2022-05-30 05:25:04,2022-05-30 05:29:42
2022-05-30 18:56:52,2022-05-30 18:59:31,HLB_Unlabeled,annotator,HIGH LEVEL BEHAVIOR,2022-05-30 05:29:42,2022-05-30 05:32:21
2022-05-30 18:59:31,2022-05-30 18:59:43,HLB_Unlabeled,annotator,HIGH LEVEL BEHAVIOR,2022-05-30 05:32:21,2022-05-30 05:32:33
2022-05-30 18:59:43,2022-05-30 18:59:47,Using_Computer/Screen,annotator,HIGH LEVEL BEHAVIOR,2022-05-30 05:32:33,2022-05-30 05:32:37
2022-05-30 18:59:47,2022-05-30 18:59:49,In_Transit_Active,annotator,HIGH LEVEL BEHAVIOR,2022-05-30 05:32:37,2022-05-30 05:32:39
2022-05-30 18:59:49,2022-05-30 19:00:13,HLB_Indecipherable/Video_Insufficient,annotator,HIGH LEVEL BEHAVIOR,2022-05-30 05:32:39,2022-05-30 05:33:03
2022-05-30 19:00:13,2022-05-30 19:00:21,Using_Computer/Screen,annotator,HIGH LEVEL BEHAVIOR,2022-05-30 05:33:03,2022-05-30 05:33:11
2022-05-30 19:00:21,2022-05-30 19:00:27,Using_Computer/Screen,annotator,HIGH LEVEL BEHAVIOR,2022-05-30 05:33:11,2022-05-30 05:33:17
2022-05-30 19:00:27,2022-05-30 19:00:42,Using_Computer/Screen,annotator,HIGH LEVEL BEHAVIOR,2022-05-30 05:33:17,2022-05-30 05:33:32
2022-05-30 19:00:42,2022-05-30 19:02:29,Using_Computer/Screen,annotator,HIGH LEVEL BEHAVIOR,2022-05-30 05:33:32,2022-05-30 05:35:19
2022-05-30 19:02:29,2022-05-30 19:03:23,Using_Computer/Screen,annotator,HIGH LEVEL BEHAVIOR,2022-05-30 05:35:19,2022-05-30 05:36:13
2022-05-30 19:03:23,2022-05-30 19:03:28,In_Transit_Active,annotator,HIGH LEVEL BEHAVIOR,2022-05-30 05:36:13,2022-05-30 05:36:18
2022-05-30 19:03:28,2022-05-30 19:05:14,Grooming/Self_Care,annotator,HIGH LEVEL BEHAVIOR,2022-05-30 05:36:18,2022-05-30 05:38:04
2022-05-30 19:05:14,2022-05-30 19:05:21,In_Transit_Active,annotator,HIGH LEVEL BEHAVIOR,2022-05-30 05:38:04,2022-05-30 05:38:11
2022-05-30 19:05:21,2022-05-30 19:05:39,Using_Computer/Screen,annotator,HIGH LEVEL BEHAVIOR,2022-05-30 05:38:11,2022-05-30 05:38:29
2022-05-30 19:05:39,2022-05-30 19:05:41,Using_Computer/Screen,annotator,HIGH LEVEL BEHAVIOR,2022-05-30 05:38:29,2022-05-30 05:38:31
2022-05-30 19:05:41,2022-05-30 19:07:15,Using_Computer/Screen,annotator,HIGH LEVEL BEHAVIOR,2022-05-30 05:38:31,2022-05-30 05:40:05
2022-05-30 19:07:15,2022-05-30 19:07:30,Using_Computer/Screen,annotator,HIGH LEVEL BEHAVIOR,2022-05-30 05:40:05,2022-05-30 05:40:20
2022-05-30 19:07:30,2022-05-30 19:08:08,Using_Computer/Screen,annotator,HIGH LEVEL BEHAVIOR,2022-05-30 05:40:20,2022-05-30 05:40:58
2022-05-30 19:08:08,2022-05-30 19:08:35,Using_Computer/Screen,annotator,HIGH LEVEL BEHAVIOR,2022-05-30 05:40:58,2022-05-30 05:41:25
2022-05-30 19:08:35,2022-05-30 19:11:54,Using_Computer/Screen,annotator,HIGH LEVEL BEHAVIOR,2022-05-30 05:41:25,2022-05-30 05:44:44
2022-05-30 19:11:54,2022-05-30 19:12:19,Using_Computer/Screen,annotator,HIGH LEVEL BEHAVIOR,2022-05-30 05:44:44,2022-05-30 05:45:09
2022-05-30 19:12:19,2022-05-30 19:13:56,Using_Computer/Screen,annotator,HIGH LEVEL BEHAVIOR,2022-05-30 05:45:09,2022-05-30 05:46:46
2022-05-30 19:13:56,2022-05-30 19:15:35,Using_Computer/Screen,annotator,HIGH LEVEL BEHAVIOR,2022-05-30 05:46:46,2022-05-30 05:48:25
2022-05-30 19:15:35,2022-05-30 19:15:45,Using_Computer/Screen,annotator,HIGH LEVEL BEHAVIOR,2022-05-30 05:48:25,2022-05-30 05:48:35
2022-05-30 19:15:45,2022-05-30 19:16:28,Using_Computer/Screen,annotator,HIGH LEVEL BEHAVIOR,2022-05-30 05:48:35,2022-05-30 05:49:18
2022-05-30 19:16:28,2022-05-30 19:16:38,Using_Computer/Screen,annotator,HIGH LEVEL BEHAVIOR,2022-05-30 05:49:18,2022-05-30 05:49:28
2022-05-30 19:16:40,2022-05-30 19:17:03,Using_Computer/Screen,annotator,HIGH LEVEL BEHAVIOR,2022-05-30 05:49:30,2022-05-30 05:49:53
2022-05-30 19:17:03,2022-05-30 19:18:13,Using_Computer/Screen,annotator,HIGH LEVEL BEHAVIOR,2022-05-30 05:49:53,2022-05-30 05:51:03
2022-05-30 19:18:13,2022-05-30 19:18:18,Using_Computer/Screen,annotator,HIGH LEVEL BEHAVIOR,2022-05-30 05:51:03,2022-05-30 05:51:08
2022-05-30 19:18:18,2022-05-30 19:18:39,Using_Computer/Screen,annotator,HIGH LEVEL BEHAVIOR,2022-05-30 05:51:08,2022-05-30 05:51:29
2022-05-30 19:18:39,2022-05-30 19:18:48,In_Transit_Active,annotator,HIGH LEVEL BEHAVIOR,2022-05-30 05:51:29,2022-05-30 05:51:38
2022-05-30 19:18:48,2022-05-30 19:19:00,Doing_Common_Housework_Light,annotator,HIGH LEVEL BEHAVIOR,2022-05-30 05:51:38,2022-05-30 05:51:50
2022-05-30 19:19:00,2022-05-30 19:19:19,In_Transit_Active,annotator,HIGH LEVEL BEHAVIOR,2022-05-30 05:51:50,2022-05-30 05:52:09
2022-05-30 19:19:19,2022-05-30 19:19:34,Doing_Common_Housework_Light,annotator,HIGH LEVEL BEHAVIOR,2022-05-30 05:52:09,2022-05-30 05:52:24
2022-05-30 19:19:34,2022-05-30 19:20:19,In_Transit_Active,annotator,HIGH LEVEL BEHAVIOR,2022-05-30 05:52:24,2022-05-30 05:53:09
2022-05-30 19:20:19,2022-05-30 19:20:30,In_Transit_Active,annotator,HIGH LEVEL BEHAVIOR,2022-05-30 05:53:09,2022-05-30 05:53:20
2022-05-30 19:20:30,2022-05-30 19:20:52,In_Transit_Active,annotator,HIGH LEVEL BEHAVIOR,2022-05-30 05:53:20,2022-05-30 05:53:42
2022-05-30 19:20:52,2022-05-30 19:21:02,In_Transit_Active,annotator,HIGH LEVEL BEHAVIOR,2022-05-30 05:53:42,2022-05-30 05:53:52
2022-05-30 19:21:02,2022-05-30 19:21:31,In_Transit_Active,annotator,HIGH LEVEL BEHAVIOR,2022-05-30 05:53:52,2022-05-30 05:54:21
2022-05-30 19:21:31,2022-05-30 19:22:08,Doing_Laundry,annotator,HIGH LEVEL BEHAVIOR,2022-05-30 05:54:21,2022-05-30 05:54:58
2022-05-30 19:22:08,2022-05-30 19:22:38,Doing_Laundry,annotator,HIGH LEVEL BEHAVIOR,2022-05-30 05:54:58,2022-05-30 05:55:28
2022-05-30 19:22:38,2022-05-30 19:23:56,Doing_Laundry,annotator,HIGH LEVEL BEHAVIOR,2022-05-30 05:55:28,2022-05-30 05:56:46
2022-05-30 19:23:56,2022-05-30 19:24:32,Doing_Laundry,annotator,HIGH LEVEL BEHAVIOR,2022-05-30 05:56:46,2022-05-30 05:57:22
2022-05-30 19:24:32,2022-05-30 19:25:07,In_Transit_Active,annotator,HIGH LEVEL BEHAVIOR,2022-05-30 05:57:22,2022-05-30 05:57:57
2022-05-30 19:25:07,2022-05-30 19:26:07,Using_Computer/Screen,annotator,HIGH LEVEL BEHAVIOR,2022-05-30 05:57:57,2022-05-30 05:58:57
2022-05-30 19:26:07,2022-05-30 19:26:29,Using_Computer/Screen,annotator,HIGH LEVEL BEHAVIOR,2022-05-30 05:58:57,2022-05-30 05:59:19
2022-05-30 19:26:29,2022-05-30 19:27:29,Using_Computer/Screen,annotator,HIGH LEVEL BEHAVIOR,2022-05-30 05:59:19,2022-05-30 06:00:19
2022-05-30 19:27:29,2022-05-30 19:28:37,Using_Computer/Screen,annotator,HIGH LEVEL BEHAVIOR,2022-05-30 06:00:19,2022-05-30 06:01:27
2022-05-30 19:28:37,2022-05-30 19:28:47,Using_Computer/Screen,annotator,HIGH LEVEL BEHAVIOR,2022-05-30 06:01:27,2022-05-30 06:01:37
2022-05-30 19:28:47,2022-05-30 19:31:11,Using_Computer/Screen,annotator,HIGH LEVEL BEHAVIOR,2022-05-30 06:01:37,2022-05-30 06:04:01
2022-05-30 19:31:11,2022-05-30 19:31:22,Using_Computer/Screen,annotator,HIGH LEVEL BEHAVIOR,2022-05-30 06:04:01,2022-05-30 06:04:12
2022-05-30 19:31:22,2022-05-30 19:32:56,Using_Computer/Screen,annotator,HIGH LEVEL BEHAVIOR,2022-05-30 06:04:12,2022-05-30 06:05:46
2022-05-30 19:32:56,2022-05-30 19:35:01,Using_Computer/Screen,annotator,HIGH LEVEL BEHAVIOR,2022-05-30 06:05:46,2022-05-30 06:07:51
2022-05-30 19:35:01,2022-05-30 19:35:31,Using_Computer/Screen,annotator,HIGH LEVEL BEHAVIOR,2022-05-30 06:07:51,2022-05-30 06:08:21
2022-05-30 19:35:31,2022-05-30 19:36:11,Using_Computer/Screen,annotator,HIGH LEVEL BEHAVIOR,2022-05-30 06:08:21,2022-05-30 06:09:01
2022-05-30 19:36:11,2022-05-30 19:37:12,Using_Computer/Screen,annotator,HIGH LEVEL BEHAVIOR,2022-05-30 06:09:01,2022-05-30 06:10:02
2022-05-30 19:37:12,2022-05-30 19:37:20,Using_Computer/Screen,annotator,HIGH LEVEL BEHAVIOR,2022-05-30 06:10:02,2022-05-30 06:10:10
2022-05-30 19:37:20,2022-05-30 19:38:01,Using_Computer/Screen,annotator,HIGH LEVEL BEHAVIOR,2022-05-30 06:10:10,2022-05-30 06:10:51
2022-05-30 19:38:01,2022-05-30 19:41:08,Using_Computer/Screen,annotator,HIGH LEVEL BEHAVIOR,2022-05-30 06:10:51,2022-05-30 06:13:58
2022-05-30 19:41:08,2022-05-30 19:41:34,Using_Computer/Screen,annotator,HIGH LEVEL BEHAVIOR,2022-05-30 06:13:58,2022-05-30 06:14:24
2022-05-30 19:41:34,2022-05-30 19:46:43,Using_Computer/Screen,annotator,HIGH LEVEL BEHAVIOR,2022-05-30 06:14:24,2022-05-30 06:19:33
2022-05-30 19:46:43,2022-05-30 19:47:44,Using_Computer/Screen,annotator,HIGH LEVEL BEHAVIOR,2022-05-30 06:19:33,2022-05-30 06:20:34
2022-05-30 19:47:44,2022-05-30 19:47:52,Using_Computer/Screen,annotator,HIGH LEVEL BEHAVIOR,2022-05-30 06:20:34,2022-05-30 06:20:42
2022-05-30 19:47:52,2022-05-30 19:48:16,Using_Computer/Screen,annotator,HIGH LEVEL BEHAVIOR,2022-05-30 06:20:42,2022-05-30 06:21:06
2022-05-30 19:48:16,2022-05-30 19:48:34,Doing_Common_Housework_Light,annotator,HIGH LEVEL BEHAVIOR,2022-05-30 06:21:06,2022-05-30 06:21:24
2022-05-30 19:48:34,2022-05-30 19:51:28,HLB_Indecipherable/Video_Insufficient,annotator,HIGH LEVEL BEHAVIOR,2022-05-30 06:21:24,2022-05-30 06:24:18
2022-05-30 19:51:28,2022-05-30 19:51:39,HLB_Unlabeled,annotator,HIGH LEVEL BEHAVIOR,2022-05-30 06:24:18,2022-05-30 06:24:29
2022-05-30 19:51:39,2022-05-30 19:52:29,HLB_Indecipherable/Video_Insufficient,annotator,HIGH LEVEL BEHAVIOR,2022-05-30 06:24:29,2022-05-30 06:25:19
2022-05-30 19:52:29,2022-05-30 19:52:46,Using_Computer/Screen,annotator,HIGH LEVEL BEHAVIOR,2022-05-30 06:25:19,2022-05-30 06:25:36
2022-05-30 19:52:46,2022-05-30 19:53:10,HLB_Unlabeled,annotator,HIGH LEVEL BEHAVIOR,2022-05-30 06:25:36,2022-05-30 06:26:00
2022-05-30 19:53:10,2022-05-30 19:53:33,Dressing/Undressing,annotator,HIGH LEVEL BEHAVIOR,2022-05-30 06:26:00,2022-05-30 06:26:23
2022-05-30 19:53:33,2022-05-30 19:53:42,HLB_Unlabeled,annotator,HIGH LEVEL BEHAVIOR,2022-05-30 06:26:23,2022-05-30 06:26:32
2022-05-30 19:53:42,2022-05-30 19:54:11,HLB_Unlabeled,annotator,HIGH LEVEL BEHAVIOR,2022-05-30 06:26:32,2022-05-30 06:27:01
2022-05-30 19:54:11,2022-05-30 19:54:28,In_Transit_Active,annotator,HIGH LEVEL BEHAVIOR,2022-05-30 06:27:01,2022-05-30 06:27:18
2022-05-30 19:54:28,2022-05-30 19:54:42,In_Transit_Active, Dressing/Undressing,annotator,HIGH LEVEL BEHAVIOR,2022-05-30 06:27:18,2022-05-30 06:27:32
2022-05-30 19:54:42,2022-05-30 19:54:54,In_Transit_Active, Dressing/Undressing,annotator,HIGH LEVEL BEHAVIOR,2022-05-30 06:27:32,2022-05-30 06:27:44
2022-05-30 19:54:54,2022-05-30 19:54:59,In_Transit_Active,annotator,HIGH LEVEL BEHAVIOR,2022-05-30 06:27:44,2022-05-30 06:27:49
2022-05-30 19:54:59,2022-05-30 19:55:53,In_Transit_Active,annotator,HIGH LEVEL BEHAVIOR,2022-05-30 06:27:49,2022-05-30 06:28:43
2022-05-30 19:55:53,2022-05-30 19:56:44,In_Transit_Active, Riding_Elevator_Down,annotator,HIGH LEVEL BEHAVIOR,2022-05-30 06:28:43,2022-05-30 06:29:34
2022-05-30 19:56:44,2022-05-30 19:56:50,In_Transit_Active,annotator,HIGH LEVEL BEHAVIOR,2022-05-30 06:29:34,2022-05-30 06:29:40
2022-05-30 19:56:50,2022-05-30 19:56:51,In_Transit_Active,annotator,HIGH LEVEL BEHAVIOR,2022-05-30 06:29:40,2022-05-30 06:29:41
2022-05-30 19:56:51,2022-05-30 19:56:51,In_Transit_Active,annotator,HIGH LEVEL BEHAVIOR,2022-05-30 06:29:41,2022-05-30 06:29:41
2022-05-30 19:56:51,2022-05-30 19:57:14,In_Transit_Active,annotator,HIGH LEVEL BEHAVIOR,2022-05-30 06:29:41,2022-05-30 06:30:04
2022-05-30 19:57:14,2022-05-30 19:57:53,In_Transit_Active,annotator,HIGH LEVEL BEHAVIOR,2022-05-30 06:30:04,2022-05-30 06:30:43
2022-05-30 19:57:53,2022-05-30 19:58:37,In_Transit_Active,annotator,HIGH LEVEL BEHAVIOR,2022-05-30 06:30:43,2022-05-30 06:31:27
2022-05-30 19:58:37,2022-05-30 19:59:13,In_Transit_Active,annotator,HIGH LEVEL BEHAVIOR,2022-05-30 06:31:27,2022-05-30 06:32:03
2022-05-30 19:59:13,2022-05-30 19:59:16,In_Transit_Active, Meeting _Social_Gathering_In_Person,annotator,HIGH LEVEL BEHAVIOR,2022-05-30 06:32:03,2022-05-30 06:32:06
2022-05-30 19:59:16,2022-05-30 19:59:35,In_Transit_Active, Meeting _Social_Gathering_In_Person,annotator,HIGH LEVEL BEHAVIOR,2022-05-30 06:32:06,2022-05-30 06:32:25
2022-05-30 19:59:35,2022-05-30 19:59:55,In_Transit_Active, Meeting _Social_Gathering_In_Person, Riding_Elevator_Up,annotator,HIGH LEVEL BEHAVIOR,2022-05-30 06:32:25,2022-05-30 06:32:45
2022-05-30 19:59:55,2022-05-30 20:00:28,In_Transit_Active, Meeting _Social_Gathering_In_Person,annotator,HIGH LEVEL BEHAVIOR,2022-05-30 06:32:45,2022-05-30 06:33:18
2022-05-30 20:00:28,2022-05-30 20:01:00,Meeting _Social_Gathering_In_Person,annotator,HIGH LEVEL BEHAVIOR,2022-05-30 06:33:18,2022-05-30 06:33:50
2022-05-30 20:01:00,2022-05-30 20:02:29,Meeting _Social_Gathering_In_Person,annotator,HIGH LEVEL BEHAVIOR,2022-05-30 06:33:50,2022-05-30 06:35:19
2022-05-30 20:02:29,2022-05-30 20:03:04,Meeting _Social_Gathering_In_Person,annotator,HIGH LEVEL BEHAVIOR,2022-05-30 06:35:19,2022-05-30 06:35:54
2022-05-30 20:03:04,2022-05-30 20:03:37,Meeting _Social_Gathering_In_Person,annotator,HIGH LEVEL BEHAVIOR,2022-05-30 06:35:54,2022-05-30 06:36:27
2022-05-30 20:03:37,2022-05-30 20:05:12,Meeting _Social_Gathering_In_Person,annotator,HIGH LEVEL BEHAVIOR,2022-05-30 06:36:27,2022-05-30 06:38:02
2022-05-30 20:05:12,2022-05-30 20:05:16,Meeting _Social_Gathering_In_Person,annotator,HIGH LEVEL BEHAVIOR,2022-05-30 06:38:02,2022-05-30 06:38:06
2022-05-30 20:05:16,2022-05-30 20:06:20,Meeting _Social_Gathering_In_Person,annotator,HIGH LEVEL BEHAVIOR,2022-05-30 06:38:06,2022-05-30 06:39:10
2022-05-30 20:06:20,2022-05-30 20:06:29,Meeting _Social_Gathering_In_Person, Dressing/Undressing,annotator,HIGH LEVEL BEHAVIOR,2022-05-30 06:39:10,2022-05-30 06:39:19
2022-05-30 20:06:29,2022-05-30 20:10:16,Meeting _Social_Gathering_In_Person,annotator,HIGH LEVEL BEHAVIOR,2022-05-30 06:39:19,2022-05-30 06:43:06
2022-05-30 20:10:16,2022-05-30 20:10:26,Meeting _Social_Gathering_In_Person,annotator,HIGH LEVEL BEHAVIOR,2022-05-30 06:43:06,2022-05-30 06:43:16
2022-05-30 20:10:26,2022-05-30 20:10:30,Meeting _Social_Gathering_In_Person,annotator,HIGH LEVEL BEHAVIOR,2022-05-30 06:43:16,2022-05-30 06:43:20
2022-05-30 20:10:30,2022-05-30 20:10:58,Meeting _Social_Gathering_In_Person,annotator,HIGH LEVEL BEHAVIOR,2022-05-30 06:43:20,2022-05-30 06:43:48
2022-05-30 20:10:58,2022-05-30 20:13:05,Meeting _Social_Gathering_In_Person,annotator,HIGH LEVEL BEHAVIOR,2022-05-30 06:43:48,2022-05-30 06:45:55
2022-05-30 20:13:05,2022-05-30 20:13:23,Meeting _Social_Gathering_In_Person,annotator,HIGH LEVEL BEHAVIOR,2022-05-30 06:45:55,2022-05-30 06:46:13
2022-05-30 20:13:23,2022-05-30 20:15:29,Meeting _Social_Gathering_In_Person,annotator,HIGH LEVEL BEHAVIOR,2022-05-30 06:46:13,2022-05-30 06:48:19
2022-05-30 20:15:29,2022-05-30 20:15:55,Meeting _Social_Gathering_In_Person,annotator,HIGH LEVEL BEHAVIOR,2022-05-30 06:48:19,2022-05-30 06:48:45
2022-05-30 20:15:55,2022-05-30 20:18:04,Meeting _Social_Gathering_In_Person,annotator,HIGH LEVEL BEHAVIOR,2022-05-30 06:48:45,2022-05-30 06:50:54
2022-05-30 20:18:04,2022-05-30 20:28:57,Meeting _Social_Gathering_In_Person,annotator,HIGH LEVEL BEHAVIOR,2022-05-30 06:50:54,2022-05-30 07:01:47
2022-05-30 20:28:57,2022-05-30 20:29:52,Meeting _Social_Gathering_In_Person,annotator,HIGH LEVEL BEHAVIOR,2022-05-30 07:01:47,2022-05-30 07:02:42
2022-05-30 20:29:52,2022-05-30 20:41:38,Meeting _Social_Gathering_In_Person,annotator,HIGH LEVEL BEHAVIOR,2022-05-30 07:02:42,2022-05-30 07:14:28
2022-05-30 20:41:38,2022-05-30 20:43:21,Meeting _Social_Gathering_In_Person,annotator,HIGH LEVEL BEHAVIOR,2022-05-30 07:14:28,2022-05-30 07:16:11
2022-05-30 20:43:21,2022-05-30 20:43:56,Meeting _Social_Gathering_In_Person,annotator,HIGH LEVEL BEHAVIOR,2022-05-30 07:16:11,2022-05-30 07:16:46
2022-05-30 20:43:56,2022-05-30 20:45:15,Meeting _Social_Gathering_In_Person, Dressing/Undressing,annotator,HIGH LEVEL BEHAVIOR,2022-05-30 07:16:46,2022-05-30 07:18:05
2022-05-30 20:45:15,2022-05-30 20:45:40,In_Transit_Active,annotator,HIGH LEVEL BEHAVIOR,2022-05-30 07:18:05,2022-05-30 07:18:30
2022-05-30 20:45:40,2022-05-30 20:45:47,In_Transit_Active,annotator,HIGH LEVEL BEHAVIOR,2022-05-30 07:18:30,2022-05-30 07:18:37
2022-05-30 20:45:47,2022-05-30 20:45:52,In_Transit_Active,annotator,HIGH LEVEL BEHAVIOR,2022-05-30 07:18:37,2022-05-30 07:18:42
2022-05-30 20:45:52,2022-05-30 20:46:12,In_Transit_Active, Riding_Elevator_Down,annotator,HIGH LEVEL BEHAVIOR,2022-05-30 07:18:42,2022-05-30 07:19:02
2022-05-30 20:46:12,2022-05-30 20:46:28,In_Transit_Active,annotator,HIGH LEVEL BEHAVIOR,2022-05-30 07:19:02,2022-05-30 07:19:18
2022-05-30 20:46:28,2022-05-30 20:47:36,In_Transit_Active,annotator,HIGH LEVEL BEHAVIOR,2022-05-30 07:19:18,2022-05-30 07:20:26
2022-05-30 20:47:36,2022-05-30 20:47:47,In_Transit_Active,annotator,HIGH LEVEL BEHAVIOR,2022-05-30 07:20:26,2022-05-30 07:20:37
2022-05-30 20:47:47,2022-05-30 20:48:13,In_Transit_Active,annotator,HIGH LEVEL BEHAVIOR,2022-05-30 07:20:37,2022-05-30 07:21:03
2022-05-30 20:48:13,2022-05-30 20:48:25,In_Transit_Active,annotator,HIGH LEVEL BEHAVIOR,2022-05-30 07:21:03,2022-05-30 07:21:15
2022-05-30 20:48:25,2022-05-30 20:48:59,In_Transit_Active,annotator,HIGH LEVEL BEHAVIOR,2022-05-30 07:21:15,2022-05-30 07:21:49
2022-05-30 20:48:59,2022-05-30 20:49:37,In_Transit_Active, Riding_Elevator_Up,annotator,HIGH LEVEL BEHAVIOR,2022-05-30 07:21:49,2022-05-30 07:22:27
2022-05-30 20:49:37,2022-05-30 20:49:59,In_Transit_Active,annotator,HIGH LEVEL BEHAVIOR,2022-05-30 07:22:27,2022-05-30 07:22:49
2022-05-30 20:49:59,2022-05-30 20:50:02,In_Transit_Active,annotator,HIGH LEVEL BEHAVIOR,2022-05-30 07:22:49,2022-05-30 07:22:52
2022-05-30 20:50:02,2022-05-30 20:51:12,In_Transit_Active,annotator,HIGH LEVEL BEHAVIOR,2022-05-30 07:22:52,2022-05-30 07:24:02
2022-05-30 20:51:12,2022-05-30 20:51:45,HLB_Indecipherable/Video_Insufficient,annotator,HIGH LEVEL BEHAVIOR,2022-05-30 07:24:02,2022-05-30 07:24:35
2022-05-30 20:51:45,2022-05-30 20:54:03,Doing_Laundry,annotator,HIGH LEVEL BEHAVIOR,2022-05-30 07:24:35,2022-05-30 07:26:53
2022-05-30 20:54:03,2022-05-30 20:54:15,Doing_Laundry,annotator,HIGH LEVEL BEHAVIOR,2022-05-30 07:26:53,2022-05-30 07:27:05
2022-05-30 20:54:15,2022-05-30 20:54:26,Doing_Laundry,annotator,HIGH LEVEL BEHAVIOR,2022-05-30 07:27:05,2022-05-30 07:27:16
2022-05-30 20:54:26,2022-05-30 20:54:46,In_Transit_Active,annotator,HIGH LEVEL BEHAVIOR,2022-05-30 07:27:16,2022-05-30 07:27:36
2022-05-30 20:54:46,2022-05-30 20:54:56,In_Transit_Active,annotator,HIGH LEVEL BEHAVIOR,2022-05-30 07:27:36,2022-05-30 07:27:46
2022-05-30 20:54:56,2022-05-30 20:55:48,In_Transit_Active,annotator,HIGH LEVEL BEHAVIOR,2022-05-30 07:27:46,2022-05-30 07:28:38
2022-05-30 20:55:48,2022-05-30 20:55:59,HLB_Unlabeled,annotator,HIGH LEVEL BEHAVIOR,2022-05-30 07:28:38,2022-05-30 07:28:49
2022-05-30 20:55:59,2022-05-30 20:56:04,Using_Computer/Screen,annotator,HIGH LEVEL BEHAVIOR,2022-05-30 07:28:49,2022-05-30 07:28:54
2022-05-30 20:56:04,2022-05-30 20:57:45,Using_Computer/Screen,annotator,HIGH LEVEL BEHAVIOR,2022-05-30 07:28:54,2022-05-30 07:30:35
2022-05-30 20:57:45,2022-05-30 20:57:49,Using_Computer/Screen,annotator,HIGH LEVEL BEHAVIOR,2022-05-30 07:30:35,2022-05-30 07:30:39
2022-05-30 20:57:49,2022-05-30 20:58:37,Using_Computer/Screen,annotator,HIGH LEVEL BEHAVIOR,2022-05-30 07:30:39,2022-05-30 07:31:27
2022-05-30 20:58:37,2022-05-30 20:58:46,Using_Computer/Screen,annotator,HIGH LEVEL BEHAVIOR,2022-05-30 07:31:27,2022-05-30 07:31:36
2022-05-30 20:58:46,2022-05-30 20:58:57,Using_Computer/Screen,annotator,HIGH LEVEL BEHAVIOR,2022-05-30 07:31:36,2022-05-30 07:31:47
2022-05-30 20:58:57,2022-05-30 20:59:24,Using_Computer/Screen,annotator,HIGH LEVEL BEHAVIOR,2022-05-30 07:31:47,2022-05-30 07:32:14
2022-05-30 20:59:24,2022-05-30 20:59:30,Using_Computer/Screen,annotator,HIGH LEVEL BEHAVIOR,2022-05-30 07:32:14,2022-05-30 07:32:20
2022-05-30 20:59:30,2022-05-30 21:02:07,Using_Computer/Screen,annotator,HIGH LEVEL BEHAVIOR,2022-05-30 07:32:20,2022-05-30 07:34:57
2022-05-30 21:02:07,2022-05-30 21:02:13,Using_Computer/Screen,annotator,HIGH LEVEL BEHAVIOR,2022-05-30 07:34:57,2022-05-30 07:35:03
2022-05-30 21:02:13,2022-05-30 21:03:26,Using_Computer/Screen,annotator,HIGH LEVEL BEHAVIOR,2022-05-30 07:35:03,2022-05-30 07:36:16
2022-05-30 21:03:26,2022-05-30 21:03:38,Using_Computer/Screen,annotator,HIGH LEVEL BEHAVIOR,2022-05-30 07:36:16,2022-05-30 07:36:28
2022-05-30 21:03:38,2022-05-30 21:11:02,Using_Computer/Screen,annotator,HIGH LEVEL BEHAVIOR,2022-05-30 07:36:28,2022-05-30 07:43:52
2022-05-30 21:11:02,2022-05-30 21:12:00,Using_Computer/Screen,annotator,HIGH LEVEL BEHAVIOR,2022-05-30 07:43:52,2022-05-30 07:44:50
2022-05-30 21:12:00,2022-05-30 21:15:39,Using_Computer/Screen,annotator,HIGH LEVEL BEHAVIOR,2022-05-30 07:44:50,2022-05-30 07:48:29
2022-05-30 21:15:39,2022-05-30 21:15:52,Using_Computer/Screen,annotator,HIGH LEVEL BEHAVIOR,2022-05-30 07:48:29,2022-05-30 07:48:42
2022-05-30 21:15:52,2022-05-30 21:16:16,Using_Computer/Screen,annotator,HIGH LEVEL BEHAVIOR,2022-05-30 07:48:42,2022-05-30 07:49:06
2022-05-30 21:16:16,2022-05-30 21:16:28,Using_Computer/Screen,annotator,HIGH LEVEL BEHAVIOR,2022-05-30 07:49:06,2022-05-30 07:49:18
2022-05-30 21:16:28,2022-05-30 21:17:18,Using_Computer/Screen,annotator,HIGH LEVEL BEHAVIOR,2022-05-30 07:49:18,2022-05-30 07:50:08
2022-05-30 21:17:18,2022-05-30 21:17:41,Using_Computer/Screen,annotator,HIGH LEVEL BEHAVIOR,2022-05-30 07:50:08,2022-05-30 07:50:31
2022-05-30 21:17:41,2022-05-30 21:18:46,Using_Computer/Screen,annotator,HIGH LEVEL BEHAVIOR,2022-05-30 07:50:31,2022-05-30 07:51:36
2022-05-30 21:18:46,2022-05-30 21:22:11,Using_Computer/Screen,annotator,HIGH LEVEL BEHAVIOR,2022-05-30 07:51:36,2022-05-30 07:55:01
2022-05-30 21:22:11,2022-05-30 21:22:23,Using_Computer/Screen,annotator,HIGH LEVEL BEHAVIOR,2022-05-30 07:55:01,2022-05-30 07:55:13
2022-05-30 21:22:23,2022-05-30 21:23:33,Using_Computer/Screen,annotator,HIGH LEVEL BEHAVIOR,2022-05-30 07:55:13,2022-05-30 07:56:23
2022-05-30 21:23:33,2022-05-30 21:23:39,Using_Computer/Screen,annotator,HIGH LEVEL BEHAVIOR,2022-05-30 07:56:23,2022-05-30 07:56:29
2022-05-30 21:23:39,2022-05-30 21:23:49,Using_Computer/Screen,annotator,HIGH LEVEL BEHAVIOR,2022-05-30 07:56:29,2022-05-30 07:56:39
2022-05-30 21:23:49,2022-05-30 21:24:00,Using_Computer/Screen,annotator,HIGH LEVEL BEHAVIOR,2022-05-30 07:56:39,2022-05-30 07:56:50
2022-05-30 21:24:00,2022-05-30 21:24:26,Using_Computer/Screen,annotator,HIGH LEVEL BEHAVIOR,2022-05-30 07:56:50,2022-05-30 07:57:16
2022-05-30 21:24:26,2022-05-30 21:24:51,Using_Computer/Screen,annotator,HIGH LEVEL BEHAVIOR,2022-05-30 07:57:16,2022-05-30 07:57:41
2022-05-30 21:24:51,2022-05-30 21:25:22,Using_Computer/Screen,annotator,HIGH LEVEL BEHAVIOR,2022-05-30 07:57:41,2022-05-30 07:58:12
2022-05-30 21:25:22,2022-05-30 21:25:41,Using_Computer/Screen,annotator,HIGH LEVEL BEHAVIOR,2022-05-30 07:58:12,2022-05-30 07:58:31
2022-05-30 21:25:41,2022-05-30 21:25:54,Using_Computer/Screen,annotator,HIGH LEVEL BEHAVIOR,2022-05-30 07:58:31,2022-05-30 07:58:44
2022-05-30 21:25:54,2022-05-30 21:26:12,Using_Computer/Screen,annotator,HIGH LEVEL BEHAVIOR,2022-05-30 07:58:44,2022-05-30 07:59:02
2022-05-30 21:26:12,2022-05-30 21:29:28,Using_Computer/Screen,annotator,HIGH LEVEL BEHAVIOR,2022-05-30 07:59:02,2022-05-30 08:02:18
2022-05-30 21:29:28,2022-05-30 21:29:44,Using_Computer/Screen,annotator,HIGH LEVEL BEHAVIOR,2022-05-30 08:02:18,2022-05-30 08:02:34
2022-05-30 21:29:44,2022-05-30 21:30:07,Using_Computer/Screen,annotator,HIGH LEVEL BEHAVIOR,2022-05-30 08:02:34,2022-05-30 08:02:57
2022-05-30 21:30:07,2022-05-30 21:30:48,Using_Computer/Screen,annotator,HIGH LEVEL BEHAVIOR,2022-05-30 08:02:57,2022-05-30 08:03:38
2022-05-30 21:30:48,2022-05-30 21:30:53,Using_Computer/Screen,annotator,HIGH LEVEL BEHAVIOR,2022-05-30 08:03:38,2022-05-30 08:03:43
2022-05-30 21:30:53,2022-05-30 21:31:35,Using_Computer/Screen,annotator,HIGH LEVEL BEHAVIOR,2022-05-30 08:03:43,2022-05-30 08:04:25
2022-05-30 21:31:35,2022-05-30 21:32:34,Using_Computer/Screen,annotator,HIGH LEVEL BEHAVIOR,2022-05-30 08:04:25,2022-05-30 08:05:24
2022-05-30 21:32:34,2022-05-30 21:33:05,Using_Computer/Screen,annotator,HIGH LEVEL BEHAVIOR,2022-05-30 08:05:24,2022-05-30 08:05:55
2022-05-30 21:33:05,2022-05-30 21:43:07,Using_Computer/Screen,annotator,HIGH LEVEL BEHAVIOR,2022-05-30 08:05:55,2022-05-30 08:15:57
2022-05-30 21:43:07,2022-05-30 21:43:39,Using_Computer/Screen,annotator,HIGH LEVEL BEHAVIOR,2022-05-30 08:15:57,2022-05-30 08:16:29
2022-05-30 21:43:39,2022-05-30 21:44:05,Using_Computer/Screen,annotator,HIGH LEVEL BEHAVIOR,2022-05-30 08:16:29,2022-05-30 08:16:55
2022-05-30 21:44:07,2022-05-30 21:45:05,Using_Computer/Screen,annotator,HIGH LEVEL BEHAVIOR,2022-05-30 08:16:57,2022-05-30 08:17:55
2022-05-30 21:45:05,2022-05-30 21:46:48,Using_Computer/Screen, Playing_Videogame,annotator,HIGH LEVEL BEHAVIOR,2022-05-30 08:17:55,2022-05-30 08:19:38
2022-05-30 21:45:05,2022-05-30 21:45:05,Using_Computer/Screen,annotator,HIGH LEVEL BEHAVIOR,2022-05-30 08:17:55,2022-05-30 08:17:55
2022-05-30 21:46:48,2022-05-30 21:47:09,Using_Computer/Screen,annotator,HIGH LEVEL BEHAVIOR,2022-05-30 08:19:38,2022-05-30 08:19:59
2022-05-30 21:47:09,2022-05-30 21:47:52,Using_Computer/Screen,annotator,HIGH LEVEL BEHAVIOR,2022-05-30 08:19:59,2022-05-30 08:20:42
2022-05-30 21:47:52,2022-05-30 21:48:21,Using_Computer/Screen,annotator,HIGH LEVEL BEHAVIOR,2022-05-30 08:20:42,2022-05-30 08:21:11
2022-05-30 21:48:21,2022-05-30 21:58:11,Using_Computer/Screen, Playing_Videogame,annotator,HIGH LEVEL BEHAVIOR,2022-05-30 08:21:11,2022-05-30 08:31:01
2022-05-30 21:58:11,2022-05-30 21:58:32,Using_Computer/Screen,annotator,HIGH LEVEL BEHAVIOR,2022-05-30 08:31:01,2022-05-30 08:31:22
2022-05-30 21:58:32,2022-05-30 21:58:54,Using_Computer/Screen, Playing_Videogame,annotator,HIGH LEVEL BEHAVIOR,2022-05-30 08:31:22,2022-05-30 08:31:44
2022-05-30 21:58:54,2022-05-30 21:59:20,Using_Computer/Screen,annotator,HIGH LEVEL BEHAVIOR,2022-05-30 08:31:44,2022-05-30 08:32:10
2022-05-30 21:59:20,2022-05-30 21:59:58,Using_Computer/Screen, Meeting_Virtual,annotator,HIGH LEVEL BEHAVIOR,2022-05-30 08:32:10,2022-05-30 08:32:48
2022-05-30 21:59:58,2022-05-30 22:01:46,Using_Computer/Screen, Meeting_Virtual,annotator,HIGH LEVEL BEHAVIOR,2022-05-30 08:32:48,2022-05-30 08:34:36
2022-05-30 22:01:46,2022-05-30 22:01:57,HLB_Indecipherable/Video_Insufficient,annotator,HIGH LEVEL BEHAVIOR,2022-05-30 08:34:36,2022-05-30 08:34:47
2022-05-30 22:01:57,2022-05-30 22:03:21,Using_Computer/Screen, Meeting_Virtual,annotator,HIGH LEVEL BEHAVIOR,2022-05-30 08:34:47,2022-05-30 08:36:11
2022-05-30 22:03:21,2022-05-30 22:03:49,HLB_Indecipherable/Video_Insufficient,annotator,HIGH LEVEL BEHAVIOR,2022-05-30 08:36:11,2022-05-30 08:36:39
2022-05-30 22:03:49,2022-05-30 22:08:13,Using_Computer/Screen, Meeting_Virtual,annotator,HIGH LEVEL BEHAVIOR,2022-05-30 08:36:39,2022-05-30 08:41:03
2022-05-30 22:08:13,2022-05-30 22:08:50,Using_Computer/Screen, Meeting_Virtual,annotator,HIGH LEVEL BEHAVIOR,2022-05-30 08:41:03,2022-05-30 08:41:40
2022-05-30 22:08:50,2022-05-30 22:08:59,Using_Computer/Screen, Meeting_Virtual,annotator,HIGH LEVEL BEHAVIOR,2022-05-30 08:41:40,2022-05-30 08:41:49
2022-05-30 22:08:59,2022-05-30 22:10:56,Using_Computer/Screen, Meeting_Virtual,annotator,HIGH LEVEL BEHAVIOR,2022-05-30 08:41:49,2022-05-30 08:43:46
2022-05-30 22:10:56,2022-05-30 22:11:55,Using_Computer/Screen, Meeting_Virtual,annotator,HIGH LEVEL BEHAVIOR,2022-05-30 08:43:46,2022-05-30 08:44:45
2022-05-30 22:11:55,2022-05-30 22:12:07,Using_Computer/Screen,annotator,HIGH LEVEL BEHAVIOR,2022-05-30 08:44:45,2022-05-30 08:44:57
2022-05-30 22:12:07,2022-05-30 22:51:18,Using_Computer/Screen, Playing_Videogame,annotator,HIGH LEVEL BEHAVIOR,2022-05-30 08:44:57,2022-05-30 09:24:08
2022-05-30 22:51:18,2022-05-30 23:12:45,Using_Computer/Screen, Playing_Videogame,annotator,HIGH LEVEL BEHAVIOR,2022-05-30 09:24:08,2022-05-30 09:45:35
2022-05-30 23:12:45,2022-05-30 23:12:55,In_Transit_Active,annotator,HIGH LEVEL BEHAVIOR,2022-05-30 09:45:35,2022-05-30 09:45:45
2022-05-30 23:12:55,2022-05-30 23:13:53,In_Transit_Active,annotator,HIGH LEVEL BEHAVIOR,2022-05-30 09:45:45,2022-05-30 09:46:43
2022-05-30 23:13:53,2022-05-30 23:13:59,In_Transit_Active,annotator,HIGH LEVEL BEHAVIOR,2022-05-30 09:46:43,2022-05-30 09:46:49
2022-05-30 23:13:59,2022-05-30 23:14:21,In_Transit_Active,annotator,HIGH LEVEL BEHAVIOR,2022-05-30 09:46:49,2022-05-30 09:47:11
2022-05-30 23:14:25,2022-05-30 23:14:39,In_Transit_Active, Riding_Elevator_Down,annotator,HIGH LEVEL BEHAVIOR,2022-05-30 09:47:15,2022-05-30 09:47:29
2022-05-30 23:14:39,2022-05-30 23:14:59,In_Transit_Active, Riding_Elevator_Down,annotator,HIGH LEVEL BEHAVIOR,2022-05-30 09:47:29,2022-05-30 09:47:49
2022-05-30 23:14:59,2022-05-30 23:15:11,In_Transit_Active, Riding_Elevator_Down,annotator,HIGH LEVEL BEHAVIOR,2022-05-30 09:47:49,2022-05-30 09:48:01
2022-05-30 23:15:11,2022-05-30 23:15:52,In_Transit_Active,annotator,HIGH LEVEL BEHAVIOR,2022-05-30 09:48:01,2022-05-30 09:48:42
2022-05-30 23:15:52,2022-05-30 23:16:13,Meeting _Social_Gathering_In_Person,annotator,HIGH LEVEL BEHAVIOR,2022-05-30 09:48:42,2022-05-30 09:49:03
2022-05-30 23:16:13,2022-05-30 23:16:43,In_Transit_Active,annotator,HIGH LEVEL BEHAVIOR,2022-05-30 09:49:03,2022-05-30 09:49:33
2022-05-30 23:16:43,2022-05-30 23:17:46,In_Transit_Active,annotator,HIGH LEVEL BEHAVIOR,2022-05-30 09:49:33,2022-05-30 09:50:36
2022-05-30 23:17:46,2022-05-30 23:18:01,In_Transit_Active,annotator,HIGH LEVEL BEHAVIOR,2022-05-30 09:50:36,2022-05-30 09:50:51
2022-05-30 23:18:01,2022-05-30 23:18:29,In_Transit_Active, Riding_Elevator_Up,annotator,HIGH LEVEL BEHAVIOR,2022-05-30 09:50:51,2022-05-30 09:51:19
2022-05-30 23:18:29,2022-05-30 23:18:39,In_Transit_Active, Riding_Elevator_Up,annotator,HIGH LEVEL BEHAVIOR,2022-05-30 09:51:19,2022-05-30 09:51:29
2022-05-30 23:18:39,2022-05-30 23:19:08,In_Transit_Active,annotator,HIGH LEVEL BEHAVIOR,2022-05-30 09:51:29,2022-05-30 09:51:58
2022-05-30 23:19:08,2022-05-30 23:20:11,Packing/Unpacking_Something,annotator,HIGH LEVEL BEHAVIOR,2022-05-30 09:51:58,2022-05-30 09:53:01
2022-05-30 23:20:11,2022-05-30 23:20:46,Using_Computer/Screen,annotator,HIGH LEVEL BEHAVIOR,2022-05-30 09:53:01,2022-05-30 09:53:36
2022-05-30 23:20:46,2022-05-30 23:25:20,Using_Computer/Screen, Eating/Dining,annotator,HIGH LEVEL BEHAVIOR,2022-05-30 09:53:36,2022-05-30 09:58:10
2022-05-30 23:25:20,2022-05-30 23:25:59,Using_Computer/Screen, Eating/Dining,annotator,HIGH LEVEL BEHAVIOR,2022-05-30 09:58:10,2022-05-30 09:58:49
2022-05-30 23:25:59,2022-05-30 23:26:48,Using_Computer/Screen, Eating/Dining,annotator,HIGH LEVEL BEHAVIOR,2022-05-30 09:58:49,2022-05-30 09:59:38
2022-05-30 23:26:48,2022-05-30 23:27:04,Using_Computer/Screen, Eating/Dining,annotator,HIGH LEVEL BEHAVIOR,2022-05-30 09:59:38,2022-05-30 09:59:54
2022-05-30 23:27:04,2022-05-30 23:29:30,Using_Computer/Screen, Eating/Dining,annotator,HIGH LEVEL BEHAVIOR,2022-05-30 09:59:54,2022-05-30 10:02:20
2022-05-30 23:29:30,2022-05-30 23:29:41,Using_Computer/Screen, Eating/Dining,annotator,HIGH LEVEL BEHAVIOR,2022-05-30 10:02:20,2022-05-30 10:02:31
2022-05-30 23:29:41,2022-05-30 23:31:09,Using_Computer/Screen, Eating/Dining,annotator,HIGH LEVEL BEHAVIOR,2022-05-30 10:02:31,2022-05-30 10:03:59
2022-05-30 23:31:09,2022-05-30 23:31:22,Using_Computer/Screen, Eating/Dining,annotator,HIGH LEVEL BEHAVIOR,2022-05-30 10:03:59,2022-05-30 10:04:12
2022-05-30 23:31:22,2022-05-30 23:32:23,Using_Computer/Screen, Eating/Dining,annotator,HIGH LEVEL BEHAVIOR,2022-05-30 10:04:12,2022-05-30 10:05:13
2022-05-30 23:32:23,2022-05-30 23:32:37,Using_Computer/Screen, Doing_Common_Housework_Light,annotator,HIGH LEVEL BEHAVIOR,2022-05-30 10:05:13,2022-05-30 10:05:27
2022-05-30 23:32:37,2022-05-30 23:32:38,In_Transit_Active,annotator,HIGH LEVEL BEHAVIOR,2022-05-30 10:05:27,2022-05-30 10:05:28
2022-05-30 23:32:38,2022-05-30 23:33:07,HLB_Indecipherable/Video_Insufficient,annotator,HIGH LEVEL BEHAVIOR,2022-05-30 10:05:28,2022-05-30 10:05:57
2022-05-30 23:33:07,2022-05-30 23:33:12,In_Transit_Active,annotator,HIGH LEVEL BEHAVIOR,2022-05-30 10:05:57,2022-05-30 10:06:02
2022-05-30 23:33:12,2022-05-30 23:33:17,Using_Computer/Screen,annotator,HIGH LEVEL BEHAVIOR,2022-05-30 10:06:02,2022-05-30 10:06:07
2022-05-30 23:33:20,2022-05-30 23:33:47,Using_Computer/Screen,annotator,HIGH LEVEL BEHAVIOR,2022-05-30 10:06:10,2022-05-30 10:06:37
2022-05-30 23:33:47,2022-05-30 23:34:32,Using_Computer/Screen,annotator,HIGH LEVEL BEHAVIOR,2022-05-30 10:06:37,2022-05-30 10:07:22
2022-05-30 23:34:32,2022-05-30 23:35:57,Using_Computer/Screen,annotator,HIGH LEVEL BEHAVIOR,2022-05-30 10:07:22,2022-05-30 10:08:47
2022-05-30 23:35:57,2022-05-30 23:36:05,Using_Computer/Screen,annotator,HIGH LEVEL BEHAVIOR,2022-05-30 10:08:47,2022-05-30 10:08:55
2022-05-30 23:36:05,2022-05-30 23:36:20,Using_Computer/Screen,annotator,HIGH LEVEL BEHAVIOR,2022-05-30 10:08:55,2022-05-30 10:09:10
2022-05-30 23:36:20,2022-05-30 23:36:40,Using_Computer/Screen,annotator,HIGH LEVEL BEHAVIOR,2022-05-30 10:09:10,2022-05-30 10:09:30
2022-05-30 23:36:40,2022-05-30 23:36:51,Using_Computer/Screen,annotator,HIGH LEVEL BEHAVIOR,2022-05-30 10:09:30,2022-05-30 10:09:41
2022-05-30 23:36:51,2022-05-30 23:37:00,Using_Computer/Screen,annotator,HIGH LEVEL BEHAVIOR,2022-05-30 10:09:41,2022-05-30 10:09:50
2022-05-30 23:37:00,2022-05-30 23:37:17,Using_Computer/Screen,annotator,HIGH LEVEL BEHAVIOR,2022-05-30 10:09:50,2022-05-30 10:10:07
2022-05-30 23:37:17,2022-05-30 23:37:21,Using_Computer/Screen,annotator,HIGH LEVEL BEHAVIOR,2022-05-30 10:10:07,2022-05-30 10:10:11
2022-05-30 23:37:21,2022-05-30 23:37:41,Using_Computer/Screen,annotator,HIGH LEVEL BEHAVIOR,2022-05-30 10:10:11,2022-05-30 10:10:31
2022-05-30 23:37:41,2022-05-30 23:37:45,Using_Computer/Screen,annotator,HIGH LEVEL BEHAVIOR,2022-05-30 10:10:31,2022-05-30 10:10:35
2022-05-30 23:37:45,2022-05-30 23:39:08,Using_Computer/Screen,annotator,HIGH LEVEL BEHAVIOR,2022-05-30 10:10:35,2022-05-30 10:11:58
2022-05-30 23:39:08,2022-05-30 23:39:13,Using_Computer/Screen,annotator,HIGH LEVEL BEHAVIOR,2022-05-30 10:11:58,2022-05-30 10:12:03
2022-05-30 23:39:13,2022-05-30 23:39:21,Using_Computer/Screen,annotator,HIGH LEVEL BEHAVIOR,2022-05-30 10:12:03,2022-05-30 10:12:11
2022-05-30 23:39:21,2022-05-30 23:39:27,Using_Computer/Screen,annotator,HIGH LEVEL BEHAVIOR,2022-05-30 10:12:11,2022-05-30 10:12:17
2022-05-30 23:39:27,2022-05-30 23:40:11,Using_Computer/Screen,annotator,HIGH LEVEL BEHAVIOR,2022-05-30 10:12:17,2022-05-30 10:13:01
2022-05-30 23:40:11,2022-05-30 23:40:15,Using_Computer/Screen,annotator,HIGH LEVEL BEHAVIOR,2022-05-30 10:13:01,2022-05-30 10:13:05
2022-05-30 23:40:15,2022-05-30 23:41:00,Using_Computer/Screen,annotator,HIGH LEVEL BEHAVIOR,2022-05-30 10:13:05,2022-05-30 10:13:50
2022-05-30 23:41:00,2022-05-30 23:41:08,Using_Computer/Screen,annotator,HIGH LEVEL BEHAVIOR,2022-05-30 10:13:50,2022-05-30 10:13:58
2022-05-30 23:41:08,2022-05-30 23:41:51,Using_Computer/Screen,annotator,HIGH LEVEL BEHAVIOR,2022-05-30 10:13:58,2022-05-30 10:14:41
2022-05-30 23:41:51,2022-05-30 23:42:04,Using_Computer/Screen,annotator,HIGH LEVEL BEHAVIOR,2022-05-30 10:14:41,2022-05-30 10:14:54
2022-05-30 23:42:04,2022-05-30 23:42:08,Using_Computer/Screen,annotator,HIGH LEVEL BEHAVIOR,2022-05-30 10:14:54,2022-05-30 10:14:58
2022-05-30 23:42:08,2022-05-30 23:44:06,Using_Computer/Screen,annotator,HIGH LEVEL BEHAVIOR,2022-05-30 10:14:58,2022-05-30 10:16:56
2022-05-30 23:44:06,2022-05-30 23:44:14,Using_Computer/Screen,annotator,HIGH LEVEL BEHAVIOR,2022-05-30 10:16:56,2022-05-30 10:17:04
2022-05-30 23:44:14,2022-05-30 23:44:30,Using_Computer/Screen,annotator,HIGH LEVEL BEHAVIOR,2022-05-30 10:17:04,2022-05-30 10:17:20
2022-05-30 23:44:30,2022-05-30 23:44:38,Using_Computer/Screen,annotator,HIGH LEVEL BEHAVIOR,2022-05-30 10:17:20,2022-05-30 10:17:28
2022-05-30 23:44:38,2022-05-30 23:44:48,Using_Computer/Screen,annotator,HIGH LEVEL BEHAVIOR,2022-05-30 10:17:28,2022-05-30 10:17:38
2022-05-30 23:44:48,2022-05-30 23:44:53,Using_Computer/Screen,annotator,HIGH LEVEL BEHAVIOR,2022-05-30 10:17:38,2022-05-30 10:17:43
2022-05-30 23:44:53,2022-05-30 23:45:04,Using_Computer/Screen,annotator,HIGH LEVEL BEHAVIOR,2022-05-30 10:17:43,2022-05-30 10:17:54
2022-05-30 23:45:04,2022-05-30 23:45:16,Using_Computer/Screen,annotator,HIGH LEVEL BEHAVIOR,2022-05-30 10:17:54,2022-05-30 10:18:06
2022-05-30 23:45:16,2022-05-30 23:45:24,Using_Computer/Screen,annotator,HIGH LEVEL BEHAVIOR,2022-05-30 10:18:06,2022-05-30 10:18:14
2022-05-30 23:45:24,2022-05-30 23:45:49,Using_Computer/Screen,annotator,HIGH LEVEL BEHAVIOR,2022-05-30 10:18:14,2022-05-30 10:18:39
2022-05-30 23:45:49,2022-05-30 23:46:57,Using_Computer/Screen,annotator,HIGH LEVEL BEHAVIOR,2022-05-30 10:18:39,2022-05-30 10:19:47
2022-05-30 23:46:57,2022-05-30 23:47:04,Using_Computer/Screen,annotator,HIGH LEVEL BEHAVIOR,2022-05-30 10:19:47,2022-05-30 10:19:54
2022-05-30 23:47:04,2022-05-30 23:47:26,Using_Computer/Screen,annotator,HIGH LEVEL BEHAVIOR,2022-05-30 10:19:54,2022-05-30 10:20:16
2022-05-30 23:47:26,2022-05-30 23:47:32,Using_Computer/Screen,annotator,HIGH LEVEL BEHAVIOR,2022-05-30 10:20:16,2022-05-30 10:20:22
2022-05-30 23:47:32,2022-05-30 23:48:08,Using_Computer/Screen,annotator,HIGH LEVEL BEHAVIOR,2022-05-30 10:20:22,2022-05-30 10:20:58
2022-05-30 23:48:08,2022-05-30 23:48:14,Using_Computer/Screen,annotator,HIGH LEVEL BEHAVIOR,2022-05-30 10:20:58,2022-05-30 10:21:04
2022-05-30 23:48:14,2022-05-30 23:48:37,Using_Computer/Screen,annotator,HIGH LEVEL BEHAVIOR,2022-05-30 10:21:04,2022-05-30 10:21:27
2022-05-30 23:48:37,2022-05-30 23:52:47,Using_Computer/Screen,annotator,HIGH LEVEL BEHAVIOR,2022-05-30 10:21:27,2022-05-30 10:25:37
2022-05-30 23:52:47,2022-05-30 23:52:54,Using_Computer/Screen,annotator,HIGH LEVEL BEHAVIOR,2022-05-30 10:25:37,2022-05-30 10:25:44
2022-05-30 23:52:54,2022-05-30 23:53:15,Using_Computer/Screen,annotator,HIGH LEVEL BEHAVIOR,2022-05-30 10:25:44,2022-05-30 10:26:05
2022-05-30 23:53:15,2022-05-30 23:53:19,Using_Computer/Screen,annotator,HIGH LEVEL BEHAVIOR,2022-05-30 10:26:05,2022-05-30 10:26:09
2022-05-30 23:53:19,2022-05-30 23:53:36,Using_Computer/Screen,annotator,HIGH LEVEL BEHAVIOR,2022-05-30 10:26:09,2022-05-30 10:26:26
2022-05-30 23:53:36,2022-05-30 23:54:19,Using_Computer/Screen,annotator,HIGH LEVEL BEHAVIOR,2022-05-30 10:26:26,2022-05-30 10:27:09
2022-05-30 23:54:19,2022-05-30 23:54:34,Using_Computer/Screen,annotator,HIGH LEVEL BEHAVIOR,2022-05-30 10:27:09,2022-05-30 10:27:24
2022-05-30 23:54:34,2022-05-30 23:54:53,Using_Computer/Screen,annotator,HIGH LEVEL BEHAVIOR,2022-05-30 10:27:24,2022-05-30 10:27:43
2022-05-30 23:54:53,2022-05-30 23:55:02,Using_Computer/Screen,annotator,HIGH LEVEL BEHAVIOR,2022-05-30 10:27:43,2022-05-30 10:27:52
2022-05-30 23:55:02,2022-05-30 23:55:44,Using_Computer/Screen,annotator,HIGH LEVEL BEHAVIOR,2022-05-30 10:27:52,2022-05-30 10:28:34
2022-05-30 23:55:44,2022-05-30 23:55:53,Using_Computer/Screen,annotator,HIGH LEVEL BEHAVIOR,2022-05-30 10:28:34,2022-05-30 10:28:43
2022-05-30 23:55:53,2022-05-30 23:56:44,Using_Computer/Screen,annotator,HIGH LEVEL BEHAVIOR,2022-05-30 10:28:43,2022-05-30 10:29:34
2022-05-30 23:56:48,2022-05-30 23:56:59,Using_Computer/Screen,annotator,HIGH LEVEL BEHAVIOR,2022-05-30 10:29:38,2022-05-30 10:29:49
2022-05-30 23:56:59,2022-05-30 23:57:03,Using_Computer/Screen,annotator,HIGH LEVEL BEHAVIOR,2022-05-30 10:29:49,2022-05-30 10:29:53
2022-05-30 23:57:03,2022-05-30 23:59:34,Using_Computer/Screen,annotator,HIGH LEVEL BEHAVIOR,2022-05-30 10:29:53,2022-05-30 10:32:24
2022-05-30 23:59:37,2022-05-30 23:59:42,Using_Computer/Screen,annotator,HIGH LEVEL BEHAVIOR,2022-05-30 10:32:27,2022-05-30 10:32:32
2022-05-30 23:59:44,2022-05-31 00:04:40,Using_Computer/Screen,annotator,HIGH LEVEL BEHAVIOR,2022-05-30 10:32:34,2022-05-30 10:37:30
