START_TIME,STOP_TIME,PREDICTION,SOURCE,LABELSET,VIDEO_START_TIME,VIDEO_END_TIME
2022-06-07 09:31:28,2022-06-07 09:32:10,Located_Indoors,annotator,Behavioral Parameters,2022-06-07 00:01:20,2022-06-07 00:02:02
2022-06-07 09:32:17,2022-06-07 09:32:27,Located_Indoors, Carrying_Bag_On_Shoulder/Back_Heavy,annotator,Behavioral Parameters,2022-06-07 00:02:09,2022-06-07 00:02:19
2022-06-07 09:32:28,2022-06-07 09:32:35,Located_Indoors, Carrying_Bag_On_Shoulder/Back_Heavy,annotator,Behavioral Parameters,2022-06-07 00:02:20,2022-06-07 00:02:27
2022-06-07 09:32:35,2022-06-07 09:32:42,Located_Indoors, Carrying_Bag_On_Shoulder/Back_Heavy,annotator,Behavioral Parameters,2022-06-07 00:02:27,2022-06-07 00:02:34
2022-06-07 09:32:45,2022-06-07 09:33:50,Located_Indoors,annotator,Behavioral Parameters,2022-06-07 00:02:37,2022-06-07 00:03:42
2022-06-07 09:34:07,2022-06-07 09:34:20,Located_Indoors, Carrying_Bag_On_Shoulder/Back_Heavy,annotator,Behavioral Parameters,2022-06-07 00:03:59,2022-06-07 00:04:12
2022-06-07 09:34:22,2022-06-07 09:34:40,Located_Indoors,annotator,Behavioral Parameters,2022-06-07 00:04:14,2022-06-07 00:04:32
2022-06-07 09:34:40,2022-06-07 09:34:47,Located_Indoors, Carrying_Bag_On_Shoulder/Back_Heavy,annotator,Behavioral Parameters,2022-06-07 00:04:32,2022-06-07 00:04:39
2022-06-07 09:34:53,2022-06-07 09:36:26,Carrying_Bag_On_Shoulder/Back_Heavy, Located_Outdoors, Texting/Browsing_Phone,annotator,Behavioral Parameters,2022-06-07 00:04:45,2022-06-07 00:06:18
2022-06-07 09:36:27,2022-06-07 09:37:50,Carrying_Bag_On_Shoulder/Back_Heavy, Located_Outdoors,annotator,Behavioral Parameters,2022-06-07 00:06:19,2022-06-07 00:07:42
2022-06-07 09:37:51,2022-06-07 09:39:23,Carrying_Bag_On_Shoulder/Back_Heavy, Located_Outdoors, Texting/Browsing_Phone,annotator,Behavioral Parameters,2022-06-07 00:07:43,2022-06-07 00:09:15
2022-06-07 09:39:23,2022-06-07 09:40:00,Carrying_Bag_On_Shoulder/Back_Heavy, Located_Outdoors,annotator,Behavioral Parameters,2022-06-07 00:09:15,2022-06-07 00:09:52
2022-06-07 09:40:00,2022-06-07 09:40:57,Carrying_Bag_On_Shoulder/Back_Heavy, Located_Outdoors, Texting/Browsing_Phone,annotator,Behavioral Parameters,2022-06-07 00:09:52,2022-06-07 00:10:49
2022-06-07 09:40:57,2022-06-07 09:41:38,Carrying_Bag_On_Shoulder/Back_Heavy, Located_Outdoors,annotator,Behavioral Parameters,2022-06-07 00:10:49,2022-06-07 00:11:30
2022-06-07 09:41:38,2022-06-07 09:46:35,Carrying_Bag_On_Shoulder/Back_Heavy, Located_Outdoors, Texting/Browsing_Phone,annotator,Behavioral Parameters,2022-06-07 00:11:30,2022-06-07 00:16:27
2022-06-07 09:46:35,2022-06-07 09:47:09,Carrying_Bag_On_Shoulder/Back_Heavy, Located_Outdoors, Texting/Browsing_Phone,annotator,Behavioral Parameters,2022-06-07 00:16:27,2022-06-07 00:17:01
2022-06-07 09:47:15,2022-06-07 09:48:45,Carrying_Bag_On_Shoulder/Back_Heavy, Located_Outdoors, Texting/Browsing_Phone,annotator,Behavioral Parameters,2022-06-07 00:17:07,2022-06-07 00:18:37
2022-06-07 09:48:46,2022-06-07 09:50:08,Carrying_Bag_On_Shoulder/Back_Heavy, Located_Outdoors, In_Conversation,annotator,Behavioral Parameters,2022-06-07 00:18:38,2022-06-07 00:20:00
2022-06-07 09:50:08,2022-06-07 09:50:45,Carrying_Bag_On_Shoulder/Back_Heavy, Located_Outdoors,annotator,Behavioral Parameters,2022-06-07 00:20:00,2022-06-07 00:20:37
2022-06-07 09:50:46,2022-06-07 09:50:57,Carrying_Bag_On_Shoulder/Back_Heavy, Located_Indoors,annotator,Behavioral Parameters,2022-06-07 00:20:38,2022-06-07 00:20:49
2022-06-07 09:50:57,2022-06-07 09:51:10,Carrying_Bag_On_Shoulder/Back_Heavy, Located_Indoors,annotator,Behavioral Parameters,2022-06-07 00:20:49,2022-06-07 00:21:02
2022-06-07 09:51:11,2022-06-07 09:51:29,Carrying_Bag_On_Shoulder/Back_Heavy, Located_Indoors,annotator,Behavioral Parameters,2022-06-07 00:21:03,2022-06-07 00:21:21
2022-06-07 09:51:37,2022-06-07 09:52:01,Located_Indoors,annotator,Behavioral Parameters,2022-06-07 00:21:29,2022-06-07 00:21:53
2022-06-07 09:52:03,2022-06-07 11:29:33,Located_Indoors, Browsing_Computer, Typing_Computer,annotator,Behavioral Parameters,2022-06-07 00:21:55,2022-06-07 01:59:25
2022-06-07 11:29:35,2022-06-07 11:29:51,Located_Indoors,annotator,Behavioral Parameters,2022-06-07 01:59:27,2022-06-07 01:59:43
2022-06-07 11:29:52,2022-06-07 11:30:39,Located_Indoors, Carrying_Bag_On_Shoulder/Back_Heavy,annotator,Behavioral Parameters,2022-06-07 01:59:44,2022-06-07 02:00:31
2022-06-07 11:30:39,2022-06-07 11:31:04,Located_Indoors, Carrying_Bag_On_Shoulder/Back_Heavy,annotator,Behavioral Parameters,2022-06-07 02:00:31,2022-06-07 02:00:56
2022-06-07 11:31:04,2022-06-07 11:31:18,Located_Indoors, Carrying_Bag_On_Shoulder/Back_Heavy,annotator,Behavioral Parameters,2022-06-07 02:00:56,2022-06-07 02:01:10
2022-06-07 11:31:19,2022-06-07 11:31:31,Carrying_Bag_On_Shoulder/Back_Heavy, Located_Outdoors, In_Conversation,annotator,Behavioral Parameters,2022-06-07 02:01:11,2022-06-07 02:01:23
2022-06-07 11:31:32,2022-06-07 11:32:47,Carrying_Bag_On_Shoulder/Back_Heavy, Located_Outdoors, In_Conversation,annotator,Behavioral Parameters,2022-06-07 02:01:24,2022-06-07 02:02:39
2022-06-07 11:32:48,2022-06-07 11:35:26,Carrying_Bag_On_Shoulder/Back_Heavy, Located_Outdoors,annotator,Behavioral Parameters,2022-06-07 02:02:40,2022-06-07 02:05:18
2022-06-07 11:35:27,2022-06-07 11:35:53,Carrying_Bag_On_Shoulder/Back_Heavy, Located_Outdoors,annotator,Behavioral Parameters,2022-06-07 02:05:19,2022-06-07 02:05:45
2022-06-07 11:35:54,2022-06-07 11:36:27,Carrying_Bag_On_Shoulder/Back_Heavy, Located_Outdoors, In_Conversation,annotator,Behavioral Parameters,2022-06-07 02:05:46,2022-06-07 02:06:19
2022-06-07 11:36:28,2022-06-07 11:42:28,Carrying_Bag_On_Shoulder/Back_Heavy, Located_Outdoors, In_Conversation,annotator,Behavioral Parameters,2022-06-07 02:06:20,2022-06-07 02:12:20
2022-06-07 11:42:29,2022-06-07 11:42:56,Carrying_Bag_On_Shoulder/Back_Heavy, Located_Outdoors, In_Conversation, Texting/Browsing_Phone,annotator,Behavioral Parameters,2022-06-07 02:12:21,2022-06-07 02:12:48
2022-06-07 11:42:57,2022-06-07 11:43:16,Carrying_Bag_On_Shoulder/Back_Heavy, Located_Outdoors, In_Conversation,annotator,Behavioral Parameters,2022-06-07 02:12:49,2022-06-07 02:13:08
2022-06-07 11:43:17,2022-06-07 11:43:33,Carrying_Bag_On_Shoulder/Back_Heavy, Located_Outdoors, In_Conversation, Texting/Browsing_Phone,annotator,Behavioral Parameters,2022-06-07 02:13:09,2022-06-07 02:13:25
2022-06-07 11:43:34,2022-06-07 11:47:56,Carrying_Bag_On_Shoulder/Back_Heavy, Located_Outdoors,annotator,Behavioral Parameters,2022-06-07 02:13:26,2022-06-07 02:17:48
2022-06-07 11:47:56,2022-06-07 11:48:07,Carrying_Bag_On_Shoulder/Back_Heavy, Located_Indoors,annotator,Behavioral Parameters,2022-06-07 02:17:48,2022-06-07 02:17:59
2022-06-07 11:48:12,2022-06-07 11:48:52,Carrying_Bag_On_Shoulder/Back_Heavy, Located_Indoors, In_Conversation,annotator,Behavioral Parameters,2022-06-07 02:18:04,2022-06-07 02:18:44
2022-06-07 11:48:53,2022-06-07 11:49:10,Carrying_Bag_On_Shoulder/Back_Heavy, Located_Indoors, In_Conversation,annotator,Behavioral Parameters,2022-06-07 02:18:45,2022-06-07 02:19:02
2022-06-07 11:49:10,2022-06-07 11:49:39,Carrying_Bag_On_Shoulder/Back_Heavy, Located_Indoors, In_Conversation,annotator,Behavioral Parameters,2022-06-07 02:19:02,2022-06-07 02:19:31
2022-06-07 11:49:39,2022-06-07 11:50:04,Carrying_Bag_On_Shoulder/Back_Heavy, Located_Indoors, In_Conversation,annotator,Behavioral Parameters,2022-06-07 02:19:31,2022-06-07 02:19:56
2022-06-07 11:50:18,2022-06-07 11:50:32,Located_Indoors, In_Conversation,annotator,Behavioral Parameters,2022-06-07 02:20:10,2022-06-07 02:20:24
2022-06-07 11:50:32,2022-06-07 11:50:46,Located_Indoors, In_Conversation,annotator,Behavioral Parameters,2022-06-07 02:20:24,2022-06-07 02:20:38
2022-06-07 11:50:51,2022-06-07 11:57:59,Located_Indoors, In_Conversation, Browsing_Computer, Typing_Computer,annotator,Behavioral Parameters,2022-06-07 02:20:43,2022-06-07 02:27:51
2022-06-07 11:58:04,2022-06-07 12:01:26,Located_Indoors,annotator,Behavioral Parameters,2022-06-07 02:27:56,2022-06-07 02:31:18
2022-06-07 12:01:33,2022-06-07 12:15:44,Located_Indoors, In_Conversation, Browsing_Computer, Typing_Computer,annotator,Behavioral Parameters,2022-06-07 02:31:25,2022-06-07 02:45:36
2022-06-07 12:15:46,2022-06-07 12:15:53,Located_Indoors, In_Conversation,annotator,Behavioral Parameters,2022-06-07 02:45:38,2022-06-07 02:45:45
2022-06-07 12:15:54,2022-06-07 12:16:01,Located_Indoors, In_Conversation,annotator,Behavioral Parameters,2022-06-07 02:45:46,2022-06-07 02:45:53
2022-06-07 12:16:02,2022-06-07 12:16:57,Located_Indoors, In_Conversation,annotator,Behavioral Parameters,2022-06-07 02:45:54,2022-06-07 02:46:49
2022-06-07 12:16:58,2022-06-07 12:17:24,Located_Indoors, In_Conversation, Texting/Browsing_Phone,annotator,Behavioral Parameters,2022-06-07 02:46:50,2022-06-07 02:47:16
2022-06-07 12:17:24,2022-06-07 12:18:25,Located_Indoors, In_Conversation, Texting/Browsing_Phone,annotator,Behavioral Parameters,2022-06-07 02:47:16,2022-06-07 02:48:17
2022-06-07 12:18:26,2022-06-07 12:18:46,Located_Indoors, In_Conversation,annotator,Behavioral Parameters,2022-06-07 02:48:18,2022-06-07 02:48:38
2022-06-07 12:18:48,2022-06-07 12:19:03,Located_Indoors, In_Conversation,annotator,Behavioral Parameters,2022-06-07 02:48:40,2022-06-07 02:48:55
2022-06-07 12:19:08,2022-06-07 12:19:44,Located_Indoors, In_Conversation,annotator,Behavioral Parameters,2022-06-07 02:49:00,2022-06-07 02:49:36
2022-06-07 12:19:45,2022-06-07 12:20:39,Located_Indoors, In_Conversation,annotator,Behavioral Parameters,2022-06-07 02:49:37,2022-06-07 02:50:31
2022-06-07 12:20:44,2022-06-07 12:21:55,Located_Indoors,annotator,Behavioral Parameters,2022-06-07 02:50:36,2022-06-07 02:51:47
2022-06-07 12:21:55,2022-06-07 12:21:59,Located_Indoors,annotator,Behavioral Parameters,2022-06-07 02:51:47,2022-06-07 02:51:51
2022-06-07 12:21:59,2022-06-07 12:22:35,Located_Indoors,annotator,Behavioral Parameters,2022-06-07 02:51:51,2022-06-07 02:52:27
2022-06-07 12:22:36,2022-06-07 12:23:18,Located_Indoors, In_Conversation,annotator,Behavioral Parameters,2022-06-07 02:52:28,2022-06-07 02:53:10
2022-06-07 12:23:29,2022-06-07 12:23:41,Located_Indoors, In_Conversation,annotator,Behavioral Parameters,2022-06-07 02:53:21,2022-06-07 02:53:33
2022-06-07 12:23:45,2022-06-07 12:23:50,Located_Indoors, In_Conversation, Texting/Browsing_Phone,annotator,Behavioral Parameters,2022-06-07 02:53:37,2022-06-07 02:53:42
2022-06-07 12:24:00,2022-06-07 12:24:16,Located_Indoors, In_Conversation,annotator,Behavioral Parameters,2022-06-07 02:53:52,2022-06-07 02:54:08
2022-06-07 12:24:16,2022-06-07 12:24:40,Located_Indoors, In_Conversation,annotator,Behavioral Parameters,2022-06-07 02:54:08,2022-06-07 02:54:32
2022-06-07 12:24:41,2022-06-07 12:26:48,Located_Indoors,annotator,Behavioral Parameters,2022-06-07 02:54:33,2022-06-07 02:56:40
2022-06-07 12:26:58,2022-06-07 12:32:36,Located_Indoors, In_Conversation,annotator,Behavioral Parameters,2022-06-07 02:56:50,2022-06-07 03:02:28
2022-06-07 12:32:37,2022-06-07 12:33:05,Located_Indoors, In_Conversation, Texting/Browsing_Phone,annotator,Behavioral Parameters,2022-06-07 03:02:29,2022-06-07 03:02:57
2022-06-07 12:33:13,2022-06-07 12:34:55,Located_Indoors, In_Conversation,annotator,Behavioral Parameters,2022-06-07 03:03:05,2022-06-07 03:04:47
2022-06-07 12:34:56,2022-06-07 12:35:54,Located_Indoors, In_Conversation,annotator,Behavioral Parameters,2022-06-07 03:04:48,2022-06-07 03:05:46
2022-06-07 12:35:54,2022-06-07 12:36:03,Located_Indoors, In_Conversation,annotator,Behavioral Parameters,2022-06-07 03:05:46,2022-06-07 03:05:55
2022-06-07 12:36:08,2022-06-07 12:41:40,Located_Indoors,annotator,Behavioral Parameters,2022-06-07 03:06:00,2022-06-07 03:11:32
2022-06-07 12:41:43,2022-06-07 12:41:58,Located_Indoors,annotator,Behavioral Parameters,2022-06-07 03:11:35,2022-06-07 03:11:50
2022-06-07 12:42:00,2022-06-07 12:48:45,Located_Indoors,annotator,Behavioral Parameters,2022-06-07 03:11:52,2022-06-07 03:18:37
2022-06-07 12:48:51,2022-06-07 12:49:01,Located_Indoors,annotator,Behavioral Parameters,2022-06-07 03:18:43,2022-06-07 03:18:53
2022-06-07 12:49:01,2022-06-07 12:49:26,Located_Indoors, In_Conversation,annotator,Behavioral Parameters,2022-06-07 03:18:53,2022-06-07 03:19:18
2022-06-07 12:49:37,2022-06-07 12:50:17,Located_Indoors, In_Conversation,annotator,Behavioral Parameters,2022-06-07 03:19:29,2022-06-07 03:20:09
2022-06-07 12:50:18,2022-06-07 12:51:08,Located_Indoors, In_Conversation,annotator,Behavioral Parameters,2022-06-07 03:20:10,2022-06-07 03:21:00
2022-06-07 12:51:15,2022-06-07 12:51:36,Located_Indoors, In_Conversation, Texting/Browsing_Phone,annotator,Behavioral Parameters,2022-06-07 03:21:07,2022-06-07 03:21:28
2022-06-07 12:51:37,2022-06-07 12:52:01,Located_Indoors, In_Conversation, Texting/Browsing_Phone,annotator,Behavioral Parameters,2022-06-07 03:21:29,2022-06-07 03:21:53
2022-06-07 12:52:04,2022-06-07 12:54:04,Located_Indoors, In_Conversation,annotator,Behavioral Parameters,2022-06-07 03:21:56,2022-06-07 03:23:56
2022-06-07 12:54:04,2022-06-07 12:54:16,Located_Indoors, In_Conversation,annotator,Behavioral Parameters,2022-06-07 03:23:56,2022-06-07 03:24:08
2022-06-07 12:54:16,2022-06-07 12:54:48,Located_Indoors, In_Conversation,annotator,Behavioral Parameters,2022-06-07 03:24:08,2022-06-07 03:24:40
2022-06-07 12:54:52,2022-06-07 12:59:42,Located_Indoors, In_Conversation,annotator,Behavioral Parameters,2022-06-07 03:24:44,2022-06-07 03:29:34
2022-06-07 13:00:28,2022-06-07 13:01:17,Located_Indoors, In_Conversation,annotator,Behavioral Parameters,2022-06-07 03:30:20,2022-06-07 03:31:09
2022-06-07 13:01:18,2022-06-07 13:05:59,Located_Indoors, In_Conversation,annotator,Behavioral Parameters,2022-06-07 03:31:10,2022-06-07 03:35:51
2022-06-07 13:06:01,2022-06-07 13:10:37,Located_Indoors, In_Conversation,annotator,Behavioral Parameters,2022-06-07 03:35:53,2022-06-07 03:40:29
2022-06-07 13:10:38,2022-06-07 13:10:49,Located_Indoors,annotator,Behavioral Parameters,2022-06-07 03:40:30,2022-06-07 03:40:41
2022-06-07 13:10:51,2022-06-07 13:11:10,Located_Indoors,annotator,Behavioral Parameters,2022-06-07 03:40:43,2022-06-07 03:41:02
2022-06-07 13:11:16,2022-06-07 13:11:48,Located_Indoors, In_Conversation,annotator,Behavioral Parameters,2022-06-07 03:41:08,2022-06-07 03:41:40
2022-06-07 13:11:50,2022-06-07 13:12:08,Located_Indoors, In_Conversation, Texting/Browsing_Phone,annotator,Behavioral Parameters,2022-06-07 03:41:42,2022-06-07 03:42:00
2022-06-07 13:12:11,2022-06-07 13:14:12,Located_Indoors, In_Conversation, Texting/Browsing_Phone,annotator,Behavioral Parameters,2022-06-07 03:42:03,2022-06-07 03:44:04
2022-06-07 13:14:13,2022-06-07 13:14:54,Located_Indoors, In_Conversation,annotator,Behavioral Parameters,2022-06-07 03:44:05,2022-06-07 03:44:46
2022-06-07 13:14:59,2022-06-07 13:27:04,Located_Indoors,annotator,Behavioral Parameters,2022-06-07 03:44:51,2022-06-07 03:56:56
2022-06-07 13:27:16,2022-06-07 13:27:51,Located_Indoors, In_Conversation,annotator,Behavioral Parameters,2022-06-07 03:57:08,2022-06-07 03:57:43
2022-06-07 13:27:52,2022-06-07 13:29:47,Located_Indoors, In_Conversation,annotator,Behavioral Parameters,2022-06-07 03:57:44,2022-06-07 03:59:39
2022-06-07 13:29:48,2022-06-07 13:34:35,Located_Indoors, Browsing_Computer, Typing_Computer,annotator,Behavioral Parameters,2022-06-07 03:59:40,2022-06-07 04:04:27
2022-06-07 13:34:36,2022-06-07 13:38:51,Located_Indoors, Browsing_Computer, Texting/Browsing_Phone, On_Video_Call/FaceTime,annotator,Behavioral Parameters,2022-06-07 04:04:28,2022-06-07 04:08:43
2022-06-07 13:38:52,2022-06-07 13:41:02,Located_Indoors, Browsing_Computer, On_Video_Call/FaceTime,annotator,Behavioral Parameters,2022-06-07 04:08:44,2022-06-07 04:10:54
2022-06-07 13:41:02,2022-06-07 13:42:37,Located_Indoors, Browsing_Computer, On_Video_Call/FaceTime, Texting/Browsing_Phone,annotator,Behavioral Parameters,2022-06-07 04:10:54,2022-06-07 04:12:29
2022-06-07 13:42:38,2022-06-07 13:42:47,Located_Indoors, Browsing_Computer, On_Video_Call/FaceTime,annotator,Behavioral Parameters,2022-06-07 04:12:30,2022-06-07 04:12:39
2022-06-07 13:42:48,2022-06-07 13:44:02,Located_Indoors, Browsing_Computer, On_Video_Call/FaceTime, Texting/Browsing_Phone,annotator,Behavioral Parameters,2022-06-07 04:12:40,2022-06-07 04:13:54
2022-06-07 13:44:03,2022-06-07 13:44:22,Located_Indoors, Browsing_Computer, On_Video_Call/FaceTime,annotator,Behavioral Parameters,2022-06-07 04:13:55,2022-06-07 04:14:14
2022-06-07 13:44:22,2022-06-07 13:47:32,Located_Indoors, Browsing_Computer, On_Video_Call/FaceTime, Texting/Browsing_Phone,annotator,Behavioral Parameters,2022-06-07 04:14:14,2022-06-07 04:17:24
2022-06-07 13:47:34,2022-06-07 13:48:14,Located_Indoors, Browsing_Computer, On_Video_Call/FaceTime,annotator,Behavioral Parameters,2022-06-07 04:17:26,2022-06-07 04:18:06
2022-06-07 13:48:14,2022-06-07 13:49:47,Located_Indoors, Browsing_Computer, On_Video_Call/FaceTime, Texting/Browsing_Phone,annotator,Behavioral Parameters,2022-06-07 04:18:06,2022-06-07 04:19:39
2022-06-07 13:49:48,2022-06-07 13:50:04,Located_Indoors, On_Video_Call/FaceTime, Texting/Browsing_Phone,annotator,Behavioral Parameters,2022-06-07 04:19:40,2022-06-07 04:19:56
2022-06-07 13:50:11,2022-06-07 13:54:27,Located_Indoors,annotator,Behavioral Parameters,2022-06-07 04:20:03,2022-06-07 04:24:19
2022-06-07 13:54:28,2022-06-07 13:55:19,On_Video_Call/FaceTime, Browsing_Computer, Located_Indoors,annotator,Behavioral Parameters,2022-06-07 04:24:20,2022-06-07 04:25:11
2022-06-07 13:55:19,2022-06-07 13:58:54,On_Video_Call/FaceTime, Browsing_Computer, Located_Indoors, Texting/Browsing_Phone,annotator,Behavioral Parameters,2022-06-07 04:25:11,2022-06-07 04:28:46
2022-06-07 13:58:55,2022-06-07 13:59:11,Located_Indoors, Texting/Browsing_Phone,annotator,Behavioral Parameters,2022-06-07 04:28:47,2022-06-07 04:29:03
2022-06-07 13:59:12,2022-06-07 13:59:31,Located_Indoors, Texting/Browsing_Phone,annotator,Behavioral Parameters,2022-06-07 04:29:04,2022-06-07 04:29:23
2022-06-07 13:59:31,2022-06-07 13:59:45,Located_Indoors, Texting/Browsing_Phone,annotator,Behavioral Parameters,2022-06-07 04:29:23,2022-06-07 04:29:37
2022-06-07 13:59:46,2022-06-07 14:01:05,Texting/Browsing_Phone, Located_Outdoors,annotator,Behavioral Parameters,2022-06-07 04:29:38,2022-06-07 04:30:57
2022-06-07 14:01:06,2022-06-07 14:01:17,Texting/Browsing_Phone, Located_Indoors,annotator,Behavioral Parameters,2022-06-07 04:30:58,2022-06-07 04:31:09
2022-06-07 14:01:18,2022-06-07 14:02:03,Texting/Browsing_Phone, Located_Indoors, On_Video_Call/FaceTime,annotator,Behavioral Parameters,2022-06-07 04:31:10,2022-06-07 04:31:55
2022-06-07 14:02:04,2022-06-07 14:03:13,Texting/Browsing_Phone, On_Phone_Call, Located_Outdoors,annotator,Behavioral Parameters,2022-06-07 04:31:56,2022-06-07 04:33:05
2022-06-07 14:03:16,2022-06-07 14:08:57,Texting/Browsing_Phone, Located_Indoors, On_Video_Call/FaceTime, Holding_Bag/BriefCase_Hand_Light,annotator,Behavioral Parameters,2022-06-07 04:33:08,2022-06-07 04:38:49
2022-06-07 14:08:57,2022-06-07 14:09:27,Located_Indoors, On_Video_Call/FaceTime, Holding_Bag/BriefCase_Hand_Light, In_Conversation,annotator,Behavioral Parameters,2022-06-07 04:38:49,2022-06-07 04:39:19
2022-06-07 14:09:29,2022-06-07 14:09:35,Located_Indoors, On_Video_Call/FaceTime, Holding_Bag/BriefCase_Hand_Light, In_Conversation,annotator,Behavioral Parameters,2022-06-07 04:39:21,2022-06-07 04:39:27
2022-06-07 14:09:35,2022-06-07 14:09:49,Located_Indoors, On_Video_Call/FaceTime, Holding_Bag/BriefCase_Hand_Light, In_Conversation,annotator,Behavioral Parameters,2022-06-07 04:39:27,2022-06-07 04:39:41
2022-06-07 14:09:53,2022-06-07 14:10:06,Located_Indoors, On_Video_Call/FaceTime, Holding_Bag/BriefCase_Hand_Light, In_Conversation,annotator,Behavioral Parameters,2022-06-07 04:39:45,2022-06-07 04:39:58
2022-06-07 14:10:18,2022-06-07 14:11:22,Located_Indoors, On_Video_Call/FaceTime, In_Conversation,annotator,Behavioral Parameters,2022-06-07 04:40:10,2022-06-07 04:41:14
2022-06-07 14:11:22,2022-06-07 14:16:49,Located_Indoors, On_Video_Call/FaceTime,annotator,Behavioral Parameters,2022-06-07 04:41:14,2022-06-07 04:46:41
2022-06-07 14:16:49,2022-06-07 14:23:52,Located_Indoors, On_Video_Call/FaceTime, Texting/Browsing_Phone,annotator,Behavioral Parameters,2022-06-07 04:46:41,2022-06-07 04:53:44
2022-06-07 14:23:57,2022-06-07 14:24:26,Located_Indoors, On_Video_Call/FaceTime,annotator,Behavioral Parameters,2022-06-07 04:53:49,2022-06-07 04:54:18
2022-06-07 14:24:27,2022-06-07 14:27:05,Located_Indoors, On_Video_Call/FaceTime, Texting/Browsing_Phone,annotator,Behavioral Parameters,2022-06-07 04:54:19,2022-06-07 04:56:57
2022-06-07 14:27:05,2022-06-07 14:31:47,Located_Indoors, On_Video_Call/FaceTime, Texting/Browsing_Phone,annotator,Behavioral Parameters,2022-06-07 04:56:57,2022-06-07 05:01:39
2022-06-07 14:31:48,2022-06-07 14:32:37,Located_Indoors, On_Video_Call/FaceTime,annotator,Behavioral Parameters,2022-06-07 05:01:40,2022-06-07 05:02:29
2022-06-07 14:32:39,2022-06-07 14:33:32,Located_Indoors, On_Video_Call/FaceTime,annotator,Behavioral Parameters,2022-06-07 05:02:31,2022-06-07 05:03:24
2022-06-07 14:33:33,2022-06-07 14:34:35,Located_Indoors, On_Video_Call/FaceTime, Browsing_Computer,annotator,Behavioral Parameters,2022-06-07 05:03:25,2022-06-07 05:04:27
2022-06-07 14:34:36,2022-06-07 14:56:05,Located_Indoors, Browsing_Computer,annotator,Behavioral Parameters,2022-06-07 05:04:28,2022-06-07 05:25:57
2022-06-07 14:56:07,2022-06-07 14:56:20,Located_Indoors, Browsing_Computer,annotator,Behavioral Parameters,2022-06-07 05:25:59,2022-06-07 05:26:12
2022-06-07 14:56:21,2022-06-07 14:56:36,Located_Indoors, Holding_Other_Object_Heavy,annotator,Behavioral Parameters,2022-06-07 05:26:13,2022-06-07 05:26:28
2022-06-07 14:56:57,2022-06-07 14:57:49,Located_Indoors, Texting/Browsing_Phone, On_Video_Call/FaceTime,annotator,Behavioral Parameters,2022-06-07 05:26:49,2022-06-07 05:27:41
2022-06-07 14:57:49,2022-06-07 15:01:56,Located_Indoors, On_Video_Call/FaceTime,annotator,Behavioral Parameters,2022-06-07 05:27:41,2022-06-07 05:31:48
2022-06-07 15:01:58,2022-06-07 15:25:46,Located_Indoors, On_Video_Call/FaceTime, Browsing_Computer,annotator,Behavioral Parameters,2022-06-07 05:31:50,2022-06-07 05:55:38
2022-06-07 15:25:46,2022-06-07 15:25:53,Located_Indoors, Browsing_Computer, Texting/Browsing_Phone,annotator,Behavioral Parameters,2022-06-07 05:55:38,2022-06-07 05:55:45
2022-06-07 15:25:56,2022-06-07 15:26:13,Located_Indoors, Texting/Browsing_Phone,annotator,Behavioral Parameters,2022-06-07 05:55:48,2022-06-07 05:56:05
2022-06-07 15:26:16,2022-06-07 15:29:06,Located_Indoors,annotator,Behavioral Parameters,2022-06-07 05:56:08,2022-06-07 05:58:58
2022-06-07 15:29:14,2022-06-07 15:29:32,Located_Indoors, Texting/Browsing_Phone,annotator,Behavioral Parameters,2022-06-07 05:59:06,2022-06-07 05:59:24
2022-06-07 15:29:33,2022-06-07 15:30:02,Located_Indoors, Texting/Browsing_Phone, Browsing_Computer,annotator,Behavioral Parameters,2022-06-07 05:59:25,2022-06-07 05:59:54
2022-06-07 15:30:04,2022-06-07 16:08:43,Located_Indoors, Browsing_Computer, Typing_Computer, In_Conversation,annotator,Behavioral Parameters,2022-06-07 05:59:56,2022-06-07 06:38:35
2022-06-07 16:08:45,2022-06-07 16:08:56,Located_Indoors, Browsing_Computer, In_Conversation, Texting/Browsing_Phone,annotator,Behavioral Parameters,2022-06-07 06:38:37,2022-06-07 06:38:48
2022-06-07 16:08:57,2022-06-07 16:09:38,Located_Indoors, Browsing_Computer, In_Conversation, Typing_Computer,annotator,Behavioral Parameters,2022-06-07 06:38:49,2022-06-07 06:39:30
2022-06-07 16:09:40,2022-06-07 16:11:30,Located_Indoors, Texting/Browsing_Phone,annotator,Behavioral Parameters,2022-06-07 06:39:32,2022-06-07 06:41:22
2022-06-07 16:11:31,2022-06-07 16:13:23,Located_Indoors, Browsing_Computer, In_Conversation,annotator,Behavioral Parameters,2022-06-07 06:41:23,2022-06-07 06:43:15
2022-06-07 16:13:23,2022-06-07 16:15:45,Located_Indoors, In_Conversation, Texting/Browsing_Phone,annotator,Behavioral Parameters,2022-06-07 06:43:15,2022-06-07 06:45:37
2022-06-07 16:15:49,2022-06-07 16:38:04,Located_Indoors, In_Conversation, Browsing_Computer, Typing_Computer,annotator,Behavioral Parameters,2022-06-07 06:45:41,2022-06-07 07:07:56
2022-06-07 16:38:05,2022-06-07 16:38:38,Located_Indoors, In_Conversation, Texting/Browsing_Phone,annotator,Behavioral Parameters,2022-06-07 07:07:57,2022-06-07 07:08:30
2022-06-07 16:38:49,2022-06-07 16:47:25,Located_Indoors, In_Conversation, Browsing_Computer, Typing_Computer,annotator,Behavioral Parameters,2022-06-07 07:08:41,2022-06-07 07:17:17
2022-06-07 16:47:26,2022-06-07 16:52:40,Located_Indoors,annotator,Behavioral Parameters,2022-06-07 07:17:18,2022-06-07 07:22:32
2022-06-07 16:52:41,2022-06-07 16:53:02,Located_Indoors, In_Conversation,annotator,Behavioral Parameters,2022-06-07 07:22:33,2022-06-07 07:22:54
2022-06-07 16:53:03,2022-06-07 16:55:45,Located_Indoors, In_Conversation, Browsing_Computer,annotator,Behavioral Parameters,2022-06-07 07:22:55,2022-06-07 07:25:37
2022-06-07 16:55:45,2022-06-07 16:58:47,Located_Indoors, In_Conversation, Browsing_Computer, Typing_Computer,annotator,Behavioral Parameters,2022-06-07 07:25:37,2022-06-07 07:28:39
