{
    "annotations": [
        {
            "id": "389325dc-0a8b-4674-8ed8-b4213765dd01",
            "range": {
                "start": 3,
                "end": 185
            },
            "shape": {
                "x1": null,
                "x2": null,
                "y1": null,
                "y2": null
            },
            "comments": [
                {
                    "id": "a75ed5cf-e122-4392-b49b-25a3af959ac0",
                    "meta": {
                        "datetime": "2022-10-05T15:14:57.962Z",
                        "user_id": 2,
                        "user_name": "Harish"
                    },
                    "body": "[{\"category\":\"POSTURE\",\"selectedValue\":\"Posture_Indecipherable/Video_Insufficient\"},{\"category\":\"HIGH LEVEL BEHAVIOR\",\"selectedValue\":[\"HLB_Indecipherable/Video_Insufficient\"]},{\"category\":\"PA TYPE\",\"selectedValue\":\"PA_Type_VideoUnavailable/Indecipherable\"},{\"category\":\"Behavioral Parameters\",\"selectedValue\":[\"CP_VideoUnavailable/Indecipherable\"]},{\"category\":\"Experimental situation\",\"selectedValue\":\"Free_Living\"}]"
                }
            ]
        },
        {
            "id": "f24260d6-f4ed-467b-a38c-51b6353dc7d4",
            "range": {
                "start": 188,
                "end": 217
            },
            "shape": {
                "x1": null,
                "x2": null,
                "y1": null,
                "y2": null
            },
            "comments": [
                {
                    "id": "9fbf8726-8873-93d0-3b33-d1a6d3df6da2",
                    "meta": {
                        "datetime": "2022-10-05T15:15:20.907Z",
                        "user_id": 2,
                        "user_name": "Harish"
                    },
                    "body": "[{\"category\":\"POSTURE\",\"selectedValue\":\"In_Position_Upright\"},{\"category\":\"HIGH LEVEL BEHAVIOR\",\"selectedValue\":[\"HLB_Unlabeled\"]},{\"category\":\"PA TYPE\",\"selectedValue\":\"Synchronizing_Sensors\"},{\"category\":\"Behavioral Parameters\",\"selectedValue\":[\"Located_Indoors\"]},{\"category\":\"Experimental situation\",\"selectedValue\":\"Free_Living\"}]"
                }
            ]
        },
        {
            "id": "1321cb51-8861-4996-8db2-c48b139afdd7",
            "range": {
                "start": 219,
                "end": 307
            },
            "shape": {
                "x1": null,
                "x2": null,
                "y1": null,
                "y2": null
            },
            "comments": [
                {
                    "id": "d9a87e98-074a-9b41-b402-db9572b2a969",
                    "meta": {
                        "datetime": "2022-10-05T15:16:32.819Z",
                        "user_id": 2,
                        "user_name": "Harish"
                    },
                    "body": "[{\"category\":\"POSTURE\",\"selectedValue\":\"In_Position_Upright\"},{\"category\":\"HIGH LEVEL BEHAVIOR\",\"selectedValue\":[\"In_Transit_Active\"]},{\"category\":\"PA TYPE\",\"selectedValue\":\"Walking\"},{\"category\":\"Behavioral Parameters\",\"selectedValue\":[\"Located_Indoors\"]},{\"category\":\"Experimental situation\",\"selectedValue\":\"Free_Living\"}]"
                }
            ]
        },
        {
            "id": "13d3a2b8-36f4-47e4-b48e-9b8c19ee9a39",
            "range": {
                "start": 308,
                "end": 2218
            },
            "shape": {
                "x1": null,
                "x2": null,
                "y1": null,
                "y2": null
            },
            "comments": [
                {
                    "id": "cc9c99e1-0902-66b6-79b9-7eb041757663",
                    "meta": {
                        "datetime": "2022-10-05T15:19:29.402Z",
                        "user_id": 2,
                        "user_name": "Harish"
                    },
                    "body": "[{\"category\":\"POSTURE\",\"selectedValue\":\"In_Position_Sitting\"},{\"category\":\"HIGH LEVEL BEHAVIOR\",\"selectedValue\":[\"Watching_Lecture\",\"Meeting_Virtual\"]},{\"category\":\"PA TYPE\",\"selectedValue\":\"Sitting_With_Movement\"},{\"category\":\"Behavioral Parameters\",\"selectedValue\":[\"Located_Indoors\",\"Handwriting\"]},{\"category\":\"Experimental situation\",\"selectedValue\":\"Free_Living\"}]"
                }
            ]
        },
        {
            "id": "5a6466bc-f3b3-4ca1-b1ed-563610baeb84",
            "range": {
                "start": 2224,
                "end": 2269
            },
            "shape": {
                "x1": null,
                "x2": null,
                "y1": null,
                "y2": null
            },
            "comments": [
                {
                    "id": "54243884-eb7e-fc2f-8386-e7961c1977ce",
                    "meta": {
                        "datetime": "2022-10-05T15:20:04.562Z",
                        "user_id": 2,
                        "user_name": "Harish"
                    },
                    "body": "[{\"category\":\"POSTURE\",\"selectedValue\":\"In_Position_Upright\"},{\"category\":\"HIGH LEVEL BEHAVIOR\",\"selectedValue\":[\"In_Transit_Active\"]},{\"category\":\"PA TYPE\",\"selectedValue\":\"Walking\"},{\"category\":\"Behavioral Parameters\",\"selectedValue\":[\"Located_Indoors\"]},{\"category\":\"Experimental situation\",\"selectedValue\":\"Free_Living\"}]"
                }
            ]
        },
        {
            "id": "4ae35e0b-65bf-4308-8890-30e413ae985c",
            "range": {
                "start": 2271,
                "end": 2445
            },
            "shape": {
                "x1": null,
                "x2": null,
                "y1": null,
                "y2": null
            },
            "comments": [
                {
                    "id": "21a7b9e2-812c-2ed0-7ee3-0129d8a48436",
                    "meta": {
                        "datetime": "2022-10-05T15:20:32.345Z",
                        "user_id": 2,
                        "user_name": "Harish"
                    },
                    "body": "[{\"category\":\"POSTURE\",\"selectedValue\":\"In_Position_Sitting\"},{\"category\":\"HIGH LEVEL BEHAVIOR\",\"selectedValue\":[\"Eating/Dining\"]},{\"category\":\"PA TYPE\",\"selectedValue\":\"Sitting_With_Movement\"},{\"category\":\"Behavioral Parameters\",\"selectedValue\":[\"Located_Indoors\",\"Texting/Browsing_Phone\",\"Holding_Solid_Food\"]},{\"category\":\"Experimental situation\",\"selectedValue\":\"Free_Living\"}]"
                }
            ]
        },
        {
            "id": "11d7ed1d-3a4d-4303-9a4b-dab002bd9be5",
            "range": {
                "start": 2449,
                "end": 3778
            },
            "shape": {
                "x1": null,
                "x2": null,
                "y1": null,
                "y2": null
            },
            "comments": [
                {
                    "id": "b71b394c-c428-88b0-00e3-4f2529fb6f60",
                    "meta": {
                        "datetime": "2022-10-05T15:21:26.352Z",
                        "user_id": 2,
                        "user_name": "Harish"
                    },
                    "body": "[{\"category\":\"POSTURE\",\"selectedValue\":\"In_Position_Sitting\"},{\"category\":\"HIGH LEVEL BEHAVIOR\",\"selectedValue\":[\"Meeting_Virtual\",\"Watching_Lecture\"]},{\"category\":\"PA TYPE\",\"selectedValue\":\"Sitting_With_Movement\"},{\"category\":\"Behavioral Parameters\",\"selectedValue\":[\"Located_Indoors\",\"Handwriting\"]},{\"category\":\"Experimental situation\",\"selectedValue\":\"Free_Living\"}]"
                }
            ]
        },
        {
            "id": "3fc9c2b2-aca9-4727-ab81-4b23fc80ed7c",
            "range": {
                "start": 3782,
                "end": 3953
            },
            "shape": {
                "x1": null,
                "x2": null,
                "y1": null,
                "y2": null
            },
            "comments": [
                {
                    "id": "75300015-28be-ccbd-d409-88f8ec452eda",
                    "meta": {
                        "datetime": "2022-10-05T15:21:43.487Z",
                        "user_id": 2,
                        "user_name": "Harish"
                    },
                    "body": "[{\"category\":\"POSTURE\",\"selectedValue\":\"In_Position_Sitting\"},{\"category\":\"HIGH LEVEL BEHAVIOR\",\"selectedValue\":[\"Meeting_Virtual\",\"Watching_Lecture\"]},{\"category\":\"PA TYPE\",\"selectedValue\":\"Sitting_With_Movement\"},{\"category\":\"Behavioral Parameters\",\"selectedValue\":[\"Located_Indoors\",\"Texting/Browsing_Phone\"]},{\"category\":\"Experimental situation\",\"selectedValue\":\"Free_Living\"}]"
                }
            ]
        },
        {
            "id": "ca3460fc-e052-4304-8b15-4cc74318ce95",
            "range": {
                "start": 3959,
                "end": 4131
            },
            "shape": {
                "x1": null,
                "x2": null,
                "y1": null,
                "y2": null
            },
            "comments": [
                {
                    "id": "281403f0-d96d-fedb-0ef0-87cc12daba56",
                    "meta": {
                        "datetime": "2022-10-05T15:21:58.303Z",
                        "user_id": 2,
                        "user_name": "Harish"
                    },
                    "body": "[{\"category\":\"POSTURE\",\"selectedValue\":\"In_Position_Sitting\"},{\"category\":\"HIGH LEVEL BEHAVIOR\",\"selectedValue\":[\"Meeting_Virtual\",\"Watching_Lecture\"]},{\"category\":\"PA TYPE\",\"selectedValue\":\"Sitting_With_Movement\"},{\"category\":\"Behavioral Parameters\",\"selectedValue\":[\"Located_Indoors\",\"Texting/Browsing_Phone\"]},{\"category\":\"Experimental situation\",\"selectedValue\":\"Free_Living\"}]"
                }
            ]
        },
        {
            "id": "9ff55dde-5ada-472d-bdff-81119f3da4a6",
            "range": {
                "start": 4133,
                "end": 4395
            },
            "shape": {
                "x1": null,
                "x2": null,
                "y1": null,
                "y2": null
            },
            "comments": [
                {
                    "id": "f85cd868-7e20-372d-6fe8-64ab5cf20b57",
                    "meta": {
                        "datetime": "2022-10-05T15:22:36.688Z",
                        "user_id": 2,
                        "user_name": "Harish"
                    },
                    "body": "[{\"category\":\"POSTURE\",\"selectedValue\":\"In_Position_Sitting\"},{\"category\":\"HIGH LEVEL BEHAVIOR\",\"selectedValue\":[\"Meeting_Virtual\",\"Watching_Lecture\"]},{\"category\":\"PA TYPE\",\"selectedValue\":\"Sitting_With_Movement\"},{\"category\":\"Behavioral Parameters\",\"selectedValue\":[\"Located_Indoors\"]},{\"category\":\"Experimental situation\",\"selectedValue\":\"Free_Living\"}]"
                }
            ]
        },
        {
            "id": "0fa67863-7a83-4031-904d-2aaad17abbd9",
            "range": {
                "start": 4406,
                "end": 4566
            },
            "shape": {
                "x1": null,
                "x2": null,
                "y1": null,
                "y2": null
            },
            "comments": [
                {
                    "id": "0d5d6e60-bb61-8a48-3a91-e09022756969",
                    "meta": {
                        "datetime": "2022-10-05T15:23:44.367Z",
                        "user_id": 2,
                        "user_name": "Harish"
                    },
                    "body": "[{\"category\":\"POSTURE\",\"selectedValue\":\"In_Position_Sitting\"},{\"category\":\"HIGH LEVEL BEHAVIOR\",\"selectedValue\":[\"Meeting_Virtual\",\"Watching_Lecture\"]},{\"category\":\"PA TYPE\",\"selectedValue\":\"Sitting_With_Movement\"},{\"category\":\"Behavioral Parameters\",\"selectedValue\":[\"Located_Indoors\",\"Texting/Browsing_Phone\"]},{\"category\":\"Experimental situation\",\"selectedValue\":\"Free_Living\"}]"
                }
            ]
        },
        {
            "id": "528c0b11-5f28-4285-a0dc-cf8849f76676",
            "range": {
                "start": 4571,
                "end": 5993
            },
            "shape": {
                "x1": null,
                "x2": null,
                "y1": null,
                "y2": null
            },
            "comments": [
                {
                    "id": "812d9512-9cdf-38ed-37a8-a728b3e0b083",
                    "meta": {
                        "datetime": "2022-10-05T15:24:41.959Z",
                        "user_id": 2,
                        "user_name": "Harish"
                    },
                    "body": "[{\"category\":\"POSTURE\",\"selectedValue\":\"In_Position_Sitting\"},{\"category\":\"HIGH LEVEL BEHAVIOR\",\"selectedValue\":[\"Meeting_Virtual\",\"Watching_Lecture\"]},{\"category\":\"PA TYPE\",\"selectedValue\":\"Sitting_With_Movement\"},{\"category\":\"Behavioral Parameters\",\"selectedValue\":[\"Located_Indoors\",\"Texting/Browsing_Phone\",\"Handwriting\"]},{\"category\":\"Experimental situation\",\"selectedValue\":\"Free_Living\"}]"
                }
            ]
        },
        {
            "id": "56e2ce4d-8f7d-413e-9f6c-e7e5f0f91e52",
            "range": {
                "start": 5996,
                "end": 6034
            },
            "shape": {
                "x1": null,
                "x2": null,
                "y1": null,
                "y2": null
            },
            "comments": [
                {
                    "id": "7661c3b7-b7da-1815-9d56-72986073cdf2",
                    "meta": {
                        "datetime": "2022-10-05T15:25:06.687Z",
                        "user_id": 2,
                        "user_name": "Harish"
                    },
                    "body": "[{\"category\":\"POSTURE\",\"selectedValue\":\"In_Position_Sitting\"},{\"category\":\"HIGH LEVEL BEHAVIOR\",\"selectedValue\":[\"Packing/Unpacking_Something\"]},{\"category\":\"PA TYPE\",\"selectedValue\":\"Sitting_With_Movement\"},{\"category\":\"Behavioral Parameters\",\"selectedValue\":[\"Located_Indoors\"]},{\"category\":\"Experimental situation\",\"selectedValue\":\"Free_Living\"}]"
                }
            ]
        },
        {
            "id": "44ab5957-913c-4a3c-bbf9-84e75dd89ac7",
            "range": {
                "start": 6043,
                "end": 6201
            },
            "shape": {
                "x1": null,
                "x2": null,
                "y1": null,
                "y2": null
            },
            "comments": [
                {
                    "id": "72b625ec-21d1-0c9c-1b0c-b68eb702ad5a",
                    "meta": {
                        "datetime": "2022-10-05T15:27:53.942Z",
                        "user_id": 2,
                        "user_name": "Harish"
                    },
                    "body": "[{\"category\":\"POSTURE\",\"selectedValue\":\"In_Position_Upright\"},{\"category\":\"HIGH LEVEL BEHAVIOR\",\"selectedValue\":[\"In_Transit_Active\"]},{\"category\":\"PA TYPE\",\"selectedValue\":\"Walking\"},{\"category\":\"Behavioral Parameters\",\"selectedValue\":[\"Located_Indoors\"]},{\"category\":\"Experimental situation\",\"selectedValue\":\"Free_Living\"}]"
                }
            ]
        },
        {
            "id": "6780db6e-c81a-49b8-960f-1bfead10c31b",
            "range": {
                "start": 6204,
                "end": 6264
            },
            "shape": {
                "x1": null,
                "x2": null,
                "y1": null,
                "y2": null
            },
            "comments": [
                {
                    "id": "926c63c5-11ff-dc01-4810-f422bdfba181",
                    "meta": {
                        "datetime": "2022-10-05T15:28:15.245Z",
                        "user_id": 2,
                        "user_name": "Harish"
                    },
                    "body": "[{\"category\":\"POSTURE\",\"selectedValue\":\"In_Position_Upright\"},{\"category\":\"HIGH LEVEL BEHAVIOR\",\"selectedValue\":[\"Dressing/Undressing\"]},{\"category\":\"PA TYPE\",\"selectedValue\":\"Standing_With_Movement\"},{\"category\":\"Behavioral Parameters\",\"selectedValue\":[\"Located_Indoors\"]},{\"category\":\"Experimental situation\",\"selectedValue\":\"Free_Living\"}]"
                }
            ]
        },
        {
            "id": "21b59184-b594-4246-a68e-4b35b4965b13",
            "range": {
                "start": 6267,
                "end": 6397
            },
            "shape": {
                "x1": null,
                "x2": null,
                "y1": null,
                "y2": null
            },
            "comments": [
                {
                    "id": "8989e748-5537-d071-ef5a-1344cdb805f4",
                    "meta": {
                        "datetime": "2022-10-05T15:28:48.636Z",
                        "user_id": 2,
                        "user_name": "Harish"
                    },
                    "body": "[{\"category\":\"POSTURE\",\"selectedValue\":\"In_Position_Upright\"},{\"category\":\"HIGH LEVEL BEHAVIOR\",\"selectedValue\":[\"In_Transit_Active\"]},{\"category\":\"PA TYPE\",\"selectedValue\":\"Walking\"},{\"category\":\"Behavioral Parameters\",\"selectedValue\":[\"Located_Indoors\",\"Texting/Browsing_Phone\"]},{\"category\":\"Experimental situation\",\"selectedValue\":\"Free_Living\"}]"
                }
            ]
        },
        {
            "id": "97350453-a996-4779-b94e-2a7e41ecadba",
            "range": {
                "start": 6404,
                "end": 6483
            },
            "shape": {
                "x1": null,
                "x2": null,
                "y1": null,
                "y2": null
            },
            "comments": [
                {
                    "id": "edf687e6-8651-51d7-7b32-0a738481531d",
                    "meta": {
                        "datetime": "2022-10-05T15:29:05.277Z",
                        "user_id": 2,
                        "user_name": "Harish"
                    },
                    "body": "[{\"category\":\"POSTURE\",\"selectedValue\":\"In_Position_Upright\"},{\"category\":\"HIGH LEVEL BEHAVIOR\",\"selectedValue\":[\"In_Transit_Active\"]},{\"category\":\"PA TYPE\",\"selectedValue\":\"Walking\"},{\"category\":\"Behavioral Parameters\",\"selectedValue\":[\"Located_Indoors\"]},{\"category\":\"Experimental situation\",\"selectedValue\":\"Free_Living\"}]"
                }
            ]
        },
        {
            "id": "9e2393c1-7f6c-4b02-940e-319656228e3f",
            "range": {
                "start": 6485,
                "end": 6506
            },
            "shape": {
                "x1": null,
                "x2": null,
                "y1": null,
                "y2": null
            },
            "comments": [
                {
                    "id": "8ce18e35-cfd2-2112-2f28-4d74218f5b58",
                    "meta": {
                        "datetime": "2022-10-05T15:29:21.373Z",
                        "user_id": 2,
                        "user_name": "Harish"
                    },
                    "body": "[{\"category\":\"POSTURE\",\"selectedValue\":\"In_Position_Upright\"},{\"category\":\"HIGH LEVEL BEHAVIOR\",\"selectedValue\":[\"Riding_Elevator_Down\"]},{\"category\":\"PA TYPE\",\"selectedValue\":\"Standing_With_Movement\"},{\"category\":\"Behavioral Parameters\",\"selectedValue\":[\"Located_Indoors\"]},{\"category\":\"Experimental situation\",\"selectedValue\":\"Free_Living\"}]"
                }
            ]
        },
        {
            "id": "f3fcf7c1-8b92-4786-ae95-8a3fc69cb7ae",
            "range": {
                "start": 6510,
                "end": 6528
            },
            "shape": {
                "x1": null,
                "x2": null,
                "y1": null,
                "y2": null
            },
            "comments": [
                {
                    "id": "77bad754-5310-509b-0be9-4f3e5d388040",
                    "meta": {
                        "datetime": "2022-10-05T15:32:39.779Z",
                        "user_id": 2,
                        "user_name": "Harish"
                    },
                    "body": "[{\"category\":\"POSTURE\",\"selectedValue\":\"In_Position_Upright\"},{\"category\":\"HIGH LEVEL BEHAVIOR\",\"selectedValue\":[\"In_Transit_Active\"]},{\"category\":\"PA TYPE\",\"selectedValue\":\"Walking\"},{\"category\":\"Behavioral Parameters\",\"selectedValue\":[\"Located_Indoors\"]},{\"category\":\"Experimental situation\",\"selectedValue\":\"Free_Living\"}]"
                }
            ]
        },
        {
            "id": "cf0dc6a6-703f-4c8a-9d81-783a85c346a0",
            "range": {
                "start": 6530,
                "end": 6793
            },
            "shape": {
                "x1": null,
                "x2": null,
                "y1": null,
                "y2": null
            },
            "comments": [
                {
                    "id": "389b82b6-976a-5f6a-59ce-c6493e972f29",
                    "meta": {
                        "datetime": "2022-10-05T15:33:02.355Z",
                        "user_id": 2,
                        "user_name": "Harish"
                    },
                    "body": "[{\"category\":\"POSTURE\",\"selectedValue\":\"In_Position_Upright\"},{\"category\":\"HIGH LEVEL BEHAVIOR\",\"selectedValue\":[\"In_Transit_Active\"]},{\"category\":\"PA TYPE\",\"selectedValue\":\"Walking\"},{\"category\":\"Behavioral Parameters\",\"selectedValue\":[\"Located_Outdoors\"]},{\"category\":\"Experimental situation\",\"selectedValue\":\"Free_Living\"}]"
                }
            ]
        },
        {
            "id": "d6441ce0-55b0-4ad7-be7b-a69990f61614",
            "range": {
                "start": 6795,
                "end": 6849
            },
            "shape": {
                "x1": null,
                "x2": null,
                "y1": null,
                "y2": null
            },
            "comments": [
                {
                    "id": "17728fe7-a985-203b-509a-ae7513564ecb",
                    "meta": {
                        "datetime": "2022-10-05T15:33:52.300Z",
                        "user_id": 2,
                        "user_name": "Harish"
                    },
                    "body": "[{\"category\":\"POSTURE\",\"selectedValue\":\"In_Position_Upright\"},{\"category\":\"HIGH LEVEL BEHAVIOR\",\"selectedValue\":[\"In_Transit_Active\"]},{\"category\":\"PA TYPE\",\"selectedValue\":\"Walking_Up_Stairs\"},{\"category\":\"Behavioral Parameters\",\"selectedValue\":[\"Located_Indoors\"]},{\"category\":\"Experimental situation\",\"selectedValue\":\"Free_Living\"}]"
                }
            ]
        },
        {
            "id": "cd110ec1-3945-48a0-91de-2a8d67758729",
            "range": {
                "start": 6850,
                "end": 6879
            },
            "shape": {
                "x1": null,
                "x2": null,
                "y1": null,
                "y2": null
            },
            "comments": [
                {
                    "id": "a9e6cb47-b728-d0df-5729-2c7bf281ec13",
                    "meta": {
                        "datetime": "2022-10-05T15:33:59.915Z",
                        "user_id": 2,
                        "user_name": "Harish"
                    },
                    "body": "[{\"category\":\"POSTURE\",\"selectedValue\":\"In_Position_Upright\"},{\"category\":\"HIGH LEVEL BEHAVIOR\",\"selectedValue\":[\"In_Transit_Active\"]},{\"category\":\"PA TYPE\",\"selectedValue\":\"Walking\"},{\"category\":\"Behavioral Parameters\",\"selectedValue\":[\"Located_Indoors\"]},{\"category\":\"Experimental situation\",\"selectedValue\":\"Free_Living\"}]"
                }
            ]
        },
        {
            "id": "d25fbc9e-3ec3-4df3-8e06-35466ff103f6",
            "range": {
                "start": 6879,
                "end": 6993
            },
            "shape": {
                "x1": null,
                "x2": null,
                "y1": null,
                "y2": null
            },
            "comments": [
                {
                    "id": "f8b78419-b426-be6a-895d-9ebcfa00047b",
                    "meta": {
                        "datetime": "2022-10-05T15:36:29.970Z",
                        "user_id": 2,
                        "user_name": "Harish"
                    },
                    "body": "[{\"category\":\"POSTURE\",\"selectedValue\":\"In_Position_Sitting\"},{\"category\":\"HIGH LEVEL BEHAVIOR\",\"selectedValue\":[\"Watching_Lecture\"]},{\"category\":\"PA TYPE\",\"selectedValue\":\"Sitting_With_Movement\"},{\"category\":\"Behavioral Parameters\",\"selectedValue\":[\"Located_Indoors\"]},{\"category\":\"Experimental situation\",\"selectedValue\":\"Free_Living\"}]"
                }
            ]
        },
        {
            "id": "4dee192d-ba4c-4738-8ad8-6d8fd83fad43",
            "range": {
                "start": 7002,
                "end": 7117
            },
            "shape": {
                "x1": null,
                "x2": null,
                "y1": null,
                "y2": null
            },
            "comments": [
                {
                    "id": "4f4a1605-3976-7026-3120-b47a10100e92",
                    "meta": {
                        "datetime": "2022-10-05T15:37:10.178Z",
                        "user_id": 2,
                        "user_name": "Harish"
                    },
                    "body": "[{\"category\":\"POSTURE\",\"selectedValue\":\"In_Position_Upright\"},{\"category\":\"HIGH LEVEL BEHAVIOR\",\"selectedValue\":[\"Meeting _Social_Gathering_In_Person\"]},{\"category\":\"PA TYPE\",\"selectedValue\":\"Walking\"},{\"category\":\"Behavioral Parameters\",\"selectedValue\":[\"Located_Indoors\"]},{\"category\":\"Experimental situation\",\"selectedValue\":\"Free_Living\"}]"
                }
            ]
        },
        {
            "id": "4ee5334d-f456-429a-b112-79822dcbe804",
            "range": {
                "start": 7124,
                "end": 13013
            },
            "shape": {
                "x1": null,
                "x2": null,
                "y1": null,
                "y2": null
            },
            "comments": [
                {
                    "id": "58b5accf-61d1-f674-a443-4fc8aa02c2e4",
                    "meta": {
                        "datetime": "2022-10-05T15:48:09.854Z",
                        "user_id": 2,
                        "user_name": "Harish"
                    },
                    "body": "[{\"category\":\"POSTURE\",\"selectedValue\":\"In_Position_Sitting\"},{\"category\":\"HIGH LEVEL BEHAVIOR\",\"selectedValue\":[\"Meeting _Social_Gathering_In_Person\",\"Using_Computer/Screen\"]},{\"category\":\"PA TYPE\",\"selectedValue\":\"Sitting_With_Movement\"},{\"category\":\"Behavioral Parameters\",\"selectedValue\":[\"Located_Indoors\",\"Handwriting\",\"In_Conversation\"]},{\"category\":\"Experimental situation\",\"selectedValue\":\"Free_Living\"}]"
                }
            ]
        },
        {
            "id": "24d64a10-0135-4274-851a-8bd58268c986",
            "range": {
                "start": 13036,
                "end": 13065
            },
            "shape": {
                "x1": null,
                "x2": null,
                "y1": null,
                "y2": null
            },
            "comments": [
                {
                    "id": "dd26619a-637b-6c9a-45f4-340f8d01724c",
                    "meta": {
                        "datetime": "2022-10-05T15:48:36.860Z",
                        "user_id": 2,
                        "user_name": "Harish"
                    },
                    "body": "[{\"category\":\"POSTURE\",\"selectedValue\":\"In_Position_Sitting\"},{\"category\":\"HIGH LEVEL BEHAVIOR\",\"selectedValue\":[\"Packing/Unpacking_Something\"]},{\"category\":\"PA TYPE\",\"selectedValue\":\"Sitting_With_Movement\"},{\"category\":\"Behavioral Parameters\",\"selectedValue\":[\"Located_Indoors\"]},{\"category\":\"Experimental situation\",\"selectedValue\":\"Free_Living\"}]"
                }
            ]
        },
        {
            "id": "d1ca8ef4-f8e2-42fe-a550-54bb93d36fec",
            "range": {
                "start": 13067,
                "end": 13087
            },
            "shape": {
                "x1": null,
                "x2": null,
                "y1": null,
                "y2": null
            },
            "comments": [
                {
                    "id": "e2f554f3-96cd-13c9-89ff-e3bda50b7d8c",
                    "meta": {
                        "datetime": "2022-10-05T15:49:13.605Z",
                        "user_id": 2,
                        "user_name": "Harish"
                    },
                    "body": "[{\"category\":\"POSTURE\",\"selectedValue\":\"In_Position_Upright\"},{\"category\":\"HIGH LEVEL BEHAVIOR\",\"selectedValue\":[\"In_Transit_Active\"]},{\"category\":\"PA TYPE\",\"selectedValue\":\"Walking\"},{\"category\":\"Behavioral Parameters\",\"selectedValue\":[\"Located_Indoors\"]},{\"category\":\"Experimental situation\",\"selectedValue\":\"Free_Living\"}]"
                }
            ]
        },
        {
            "id": "384eec0a-49c7-4cf0-bfb9-bf1dd5777563",
            "range": {
                "start": 13089,
                "end": 13141
            },
            "shape": {
                "x1": null,
                "x2": null,
                "y1": null,
                "y2": null
            },
            "comments": [
                {
                    "id": "0e5da4fa-0667-b541-c9ab-2ebe5efbb3a0",
                    "meta": {
                        "datetime": "2022-10-05T15:49:33.883Z",
                        "user_id": 2,
                        "user_name": "Harish"
                    },
                    "body": "[{\"category\":\"POSTURE\",\"selectedValue\":\"In_Position_Upright\"},{\"category\":\"HIGH LEVEL BEHAVIOR\",\"selectedValue\":[\"In_Transit_Active\"]},{\"category\":\"PA TYPE\",\"selectedValue\":\"Walking_Down_Stairs\"},{\"category\":\"Behavioral Parameters\",\"selectedValue\":[\"Located_Indoors\"]},{\"category\":\"Experimental situation\",\"selectedValue\":\"Free_Living\"}]"
                }
            ]
        },
        {
            "id": "b74f0b40-b7dd-4d59-a30e-403b1441f99c",
            "range": {
                "start": 13144,
                "end": 13266
            },
            "shape": {
                "x1": null,
                "x2": null,
                "y1": null,
                "y2": null
            },
            "comments": [
                {
                    "id": "daa12177-8d26-7cd4-1574-0f85ad9714ee",
                    "meta": {
                        "datetime": "2022-10-05T15:50:03.789Z",
                        "user_id": 2,
                        "user_name": "Harish"
                    },
                    "body": "[{\"category\":\"POSTURE\",\"selectedValue\":\"Posture_Indecipherable/Video_Insufficient\"},{\"category\":\"HIGH LEVEL BEHAVIOR\",\"selectedValue\":[\"HLB_Indecipherable/Video_Insufficient\"]},{\"category\":\"PA TYPE\",\"selectedValue\":\"PA_Type_VideoUnavailable/Indecipherable\"},{\"category\":\"Behavioral Parameters\",\"selectedValue\":[\"CP_VideoUnavailable/Indecipherable\"]},{\"category\":\"Experimental situation\",\"selectedValue\":\"Free_Living\"}]"
                }
            ]
        },
        {
            "id": "5a0ecb2a-3004-48a2-9afd-a7271aae8587",
            "range": {
                "start": 13272,
                "end": 13319
            },
            "shape": {
                "x1": null,
                "x2": null,
                "y1": null,
                "y2": null
            },
            "comments": [
                {
                    "id": "185b31e4-1955-b9a3-71b7-85eedbb5d927",
                    "meta": {
                        "datetime": "2022-10-05T15:50:31.563Z",
                        "user_id": 2,
                        "user_name": "Harish"
                    },
                    "body": "[{\"category\":\"POSTURE\",\"selectedValue\":\"In_Position_Upright\"},{\"category\":\"HIGH LEVEL BEHAVIOR\",\"selectedValue\":[\"In_Transit_Active\"]},{\"category\":\"PA TYPE\",\"selectedValue\":\"Walking\"},{\"category\":\"Behavioral Parameters\",\"selectedValue\":[\"Located_Outdoors\"]},{\"category\":\"Experimental situation\",\"selectedValue\":\"Free_Living\"}]"
                }
            ]
        },
        {
            "id": "dd7407d8-64c3-4fad-807c-b3b9630f1837",
            "range": {
                "start": 13321,
                "end": 13486
            },
            "shape": {
                "x1": null,
                "x2": null,
                "y1": null,
                "y2": null
            },
            "comments": [
                {
                    "id": "32331537-1c1d-0774-9fbe-8e103f7082c5",
                    "meta": {
                        "datetime": "2022-10-05T15:53:48.812Z",
                        "user_id": 2,
                        "user_name": "Harish"
                    },
                    "body": "[{\"category\":\"POSTURE\",\"selectedValue\":\"In_Position_Upright\"},{\"category\":\"HIGH LEVEL BEHAVIOR\",\"selectedValue\":[\"Meeting _Social_Gathering_In_Person\"]},{\"category\":\"PA TYPE\",\"selectedValue\":\"Walking\"},{\"category\":\"Behavioral Parameters\",\"selectedValue\":[\"Located_Indoors\"]},{\"category\":\"Experimental situation\",\"selectedValue\":\"Free_Living\"}]"
                }
            ]
        },
        {
            "id": "ed114ab7-2167-43fe-98f8-42763035e11a",
            "range": {
                "start": 13490,
                "end": 13695
            },
            "shape": {
                "x1": null,
                "x2": null,
                "y1": null,
                "y2": null
            },
            "comments": [
                {
                    "id": "0545dde3-f14e-8a09-9ef3-88d30eb469d7",
                    "meta": {
                        "datetime": "2022-10-05T15:54:18.445Z",
                        "user_id": 2,
                        "user_name": "Harish"
                    },
                    "body": "[{\"category\":\"POSTURE\",\"selectedValue\":\"In_Position_Sitting\"},{\"category\":\"HIGH LEVEL BEHAVIOR\",\"selectedValue\":[\"HLB_Unlabeled\"]},{\"category\":\"PA TYPE\",\"selectedValue\":\"Sitting_With_Movement\"},{\"category\":\"Behavioral Parameters\",\"selectedValue\":[\"Located_Indoors\",\"Texting/Browsing_Phone\"]},{\"category\":\"Experimental situation\",\"selectedValue\":\"Free_Living\"}]"
                }
            ]
        },
        {
            "id": "ba79a9e2-f292-4603-b34c-c5862c4d44d5",
            "range": {
                "start": 13710,
                "end": 14090
            },
            "shape": {
                "x1": null,
                "x2": null,
                "y1": null,
                "y2": null
            },
            "comments": [
                {
                    "id": "312a382b-f18d-efcd-7d75-966a8ff71696",
                    "meta": {
                        "datetime": "2022-10-05T15:55:38.644Z",
                        "user_id": 2,
                        "user_name": "Harish"
                    },
                    "body": "[{\"category\":\"POSTURE\",\"selectedValue\":\"In_Position_Upright\"},{\"category\":\"HIGH LEVEL BEHAVIOR\",\"selectedValue\":[\"In_Transit_Active\"]},{\"category\":\"PA TYPE\",\"selectedValue\":\"Walking\"},{\"category\":\"Behavioral Parameters\",\"selectedValue\":[\"Holding_Other_Object_Light\",\"Located_Outdoors\"]},{\"category\":\"Experimental situation\",\"selectedValue\":\"Free_Living\"}]"
                }
            ]
        },
        {
            "id": "2976f0b1-617c-4731-b70e-788f435b53ab",
            "range": {
                "start": 14092,
                "end": 14167
            },
            "shape": {
                "x1": null,
                "x2": null,
                "y1": null,
                "y2": null
            },
            "comments": [
                {
                    "id": "0d4cccff-0b94-ec28-4e49-b386ff10ebf2",
                    "meta": {
                        "datetime": "2022-10-05T15:58:19.491Z",
                        "user_id": 2,
                        "user_name": "Harish"
                    },
                    "body": "[{\"category\":\"POSTURE\",\"selectedValue\":\"In_Position_Upright\"},{\"category\":\"HIGH LEVEL BEHAVIOR\",\"selectedValue\":[\"Riding_Elevator_Up\"]},{\"category\":\"PA TYPE\",\"selectedValue\":\"Standing_With_Movement\"},{\"category\":\"Behavioral Parameters\",\"selectedValue\":[\"Located_Outdoors\",\"Holding_Other_Object_Light\",\"Texting/Browsing_Phone\"]},{\"category\":\"Experimental situation\",\"selectedValue\":\"Free_Living\"}]"
                }
            ]
        },
        {
            "id": "33967896-8842-4b32-8de5-b4bca86f0171",
            "range": {
                "start": 14169,
                "end": 14216
            },
            "shape": {
                "x1": null,
                "x2": null,
                "y1": null,
                "y2": null
            },
            "comments": [
                {
                    "id": "546430f0-29aa-3edf-c1b5-1644512e811e",
                    "meta": {
                        "datetime": "2022-10-05T15:58:38.184Z",
                        "user_id": 2,
                        "user_name": "Harish"
                    },
                    "body": "[{\"category\":\"POSTURE\",\"selectedValue\":\"In_Position_Upright\"},{\"category\":\"HIGH LEVEL BEHAVIOR\",\"selectedValue\":[\"In_Transit_Active\"]},{\"category\":\"PA TYPE\",\"selectedValue\":\"Walking\"},{\"category\":\"Behavioral Parameters\",\"selectedValue\":[\"Holding_Other_Object_Light\",\"Texting/Browsing_Phone\",\"Located_Indoors\"]},{\"category\":\"Experimental situation\",\"selectedValue\":\"Free_Living\"}]"
                }
            ]
        },
        {
            "id": "631c53ff-301e-4351-b41b-7a5c58264f60",
            "range": {
                "start": 14218,
                "end": 14321
            },
            "shape": {
                "x1": null,
                "x2": null,
                "y1": null,
                "y2": null
            },
            "comments": [
                {
                    "id": "4860cea3-dd7f-df77-cd28-c77ff94b46ad",
                    "meta": {
                        "datetime": "2022-10-05T15:59:31.106Z",
                        "user_id": 2,
                        "user_name": "Harish"
                    },
                    "body": "[{\"category\":\"POSTURE\",\"selectedValue\":\"In_Position_Upright\"},{\"category\":\"HIGH LEVEL BEHAVIOR\",\"selectedValue\":[\"HLB_Unlabeled\"]},{\"category\":\"PA TYPE\",\"selectedValue\":\"Standing_With_Movement\"},{\"category\":\"Behavioral Parameters\",\"selectedValue\":[\"Texting/Browsing_Phone\",\"Located_Indoors\"]},{\"category\":\"Experimental situation\",\"selectedValue\":\"Free_Living\"}]"
                }
            ]
        },
        {
            "id": "35fe3f29-544d-49c9-8520-e6359be330e8",
            "range": {
                "start": 14323,
                "end": 16688
            },
            "shape": {
                "x1": null,
                "x2": null,
                "y1": null,
                "y2": null
            },
            "comments": [
                {
                    "id": "db14d3cc-cf51-ed85-69e4-697ea544e317",
                    "meta": {
                        "datetime": "2022-10-05T16:02:18.331Z",
                        "user_id": 2,
                        "user_name": "Harish"
                    },
                    "body": "[{\"category\":\"POSTURE\",\"selectedValue\":\"In_Position_Sitting\"},{\"category\":\"HIGH LEVEL BEHAVIOR\",\"selectedValue\":[\"Eating/Dining\"]},{\"category\":\"PA TYPE\",\"selectedValue\":\"Sitting_With_Movement\"},{\"category\":\"Behavioral Parameters\",\"selectedValue\":[\"Texting/Browsing_Phone\",\"Located_Indoors\"]},{\"category\":\"Experimental situation\",\"selectedValue\":\"Free_Living\"}]"
                }
            ]
        },
        {
            "id": "fa82fa9c-b656-4e5d-b0c8-e931434bbb1c",
            "range": {
                "start": 16691,
                "end": 17332
            },
            "shape": {
                "x1": null,
                "x2": null,
                "y1": null,
                "y2": null
            },
            "comments": [
                {
                    "id": "1daaa659-f35a-8d6d-d383-e51fde05c543",
                    "meta": {
                        "datetime": "2022-10-05T16:04:54.342Z",
                        "user_id": 2,
                        "user_name": "Harish"
                    },
                    "body": "[{\"category\":\"POSTURE\",\"selectedValue\":\"Posture_Indecipherable/Video_Insufficient\"},{\"category\":\"HIGH LEVEL BEHAVIOR\",\"selectedValue\":[\"HLB_Indecipherable/Video_Insufficient\"]},{\"category\":\"PA TYPE\",\"selectedValue\":\"PA_Type_VideoUnavailable/Indecipherable\"},{\"category\":\"Behavioral Parameters\",\"selectedValue\":[\"CP_VideoUnavailable/Indecipherable\"]},{\"category\":\"Experimental situation\",\"selectedValue\":\"Free_Living\"}]"
                }
            ]
        },
        {
            "id": "456c9e53-84b2-4858-9d6e-8734b2b8ced3",
            "range": {
                "start": 17334,
                "end": 17482
            },
            "shape": {
                "x1": null,
                "x2": null,
                "y1": null,
                "y2": null
            },
            "comments": [
                {
                    "id": "6c1d3add-e5c6-0fa1-2d2d-9159dddaad36",
                    "meta": {
                        "datetime": "2022-10-05T16:06:22.016Z",
                        "user_id": 2,
                        "user_name": "Harish"
                    },
                    "body": "[{\"category\":\"POSTURE\",\"selectedValue\":\"In_Position_Sitting\"},{\"category\":\"HIGH LEVEL BEHAVIOR\",\"selectedValue\":[\"HLB_Unlabeled\"]},{\"category\":\"PA TYPE\",\"selectedValue\":\"Sitting_With_Movement\"},{\"category\":\"Behavioral Parameters\",\"selectedValue\":[\"Located_Indoors\",\"Texting/Browsing_Phone\"]},{\"category\":\"Experimental situation\",\"selectedValue\":\"Free_Living\"}]"
                }
            ]
        },
        {
            "id": "a6e7c2b6-51e8-4164-8576-eb023b1a2c1e",
            "range": {
                "start": 17493,
                "end": 17586
            },
            "shape": {
                "x1": null,
                "x2": null,
                "y1": null,
                "y2": null
            },
            "comments": [
                {
                    "id": "164d5462-c343-de8a-1808-fbfd93a49370",
                    "meta": {
                        "datetime": "2022-10-05T16:10:32.943Z",
                        "user_id": 2,
                        "user_name": "Harish"
                    },
                    "body": "[{\"category\":\"POSTURE\",\"selectedValue\":\"In_Position_Upright\"},{\"category\":\"HIGH LEVEL BEHAVIOR\",\"selectedValue\":[\"Dressing/Undressing\"]},{\"category\":\"PA TYPE\",\"selectedValue\":\"Walking\"},{\"category\":\"Behavioral Parameters\",\"selectedValue\":[\"Located_Indoors\"]},{\"category\":\"Experimental situation\",\"selectedValue\":\"Free_Living\"}]"
                }
            ]
        },
        {
            "id": "06afa4c1-6a1e-419e-8d0c-8bc024d5db03",
            "range": {
                "start": 17588,
                "end": 17680
            },
            "shape": {
                "x1": null,
                "x2": null,
                "y1": null,
                "y2": null
            },
            "comments": [
                {
                    "id": "c398c2e4-15c4-b43a-c125-2cef653c986b",
                    "meta": {
                        "datetime": "2022-10-05T16:11:02.375Z",
                        "user_id": 2,
                        "user_name": "Harish"
                    },
                    "body": "[{\"category\":\"POSTURE\",\"selectedValue\":\"Posture_Indecipherable/Video_Insufficient\"},{\"category\":\"HIGH LEVEL BEHAVIOR\",\"selectedValue\":[\"HLB_Indecipherable/Video_Insufficient\"]},{\"category\":\"PA TYPE\",\"selectedValue\":\"PA_Type_VideoUnavailable/Indecipherable\"},{\"category\":\"Behavioral Parameters\",\"selectedValue\":[\"CP_VideoUnavailable/Indecipherable\"]},{\"category\":\"Experimental situation\",\"selectedValue\":\"Free_Living\"}]"
                }
            ]
        },
        {
            "id": "02dd788b-9c50-49bf-984e-c985474a08a3",
            "range": {
                "start": 17685,
                "end": 17751
            },
            "shape": {
                "x1": null,
                "x2": null,
                "y1": null,
                "y2": null
            },
            "comments": [
                {
                    "id": "6441ae35-dbab-72a2-6aba-928d74b63024",
                    "meta": {
                        "datetime": "2022-10-05T16:12:11.992Z",
                        "user_id": 2,
                        "user_name": "Harish"
                    },
                    "body": "[{\"category\":\"POSTURE\",\"selectedValue\":\"In_Position_Upright\"},{\"category\":\"HIGH LEVEL BEHAVIOR\",\"selectedValue\":[\"Dressing/Undressing\"]},{\"category\":\"PA TYPE\",\"selectedValue\":\"Walking\"},{\"category\":\"Behavioral Parameters\",\"selectedValue\":[\"Located_Indoors\"]},{\"category\":\"Experimental situation\",\"selectedValue\":\"Free_Living\"}]"
                }
            ]
        },
        {
            "id": "d1727b4a-939c-4db8-8d10-6d568f08d514",
            "range": {
                "start": 17755,
                "end": 17841
            },
            "shape": {
                "x1": null,
                "x2": null,
                "y1": null,
                "y2": null
            },
            "comments": [
                {
                    "id": "efef8f56-80d5-b89a-473e-7ee314179afb",
                    "meta": {
                        "datetime": "2022-10-05T16:12:37.319Z",
                        "user_id": 2,
                        "user_name": "Harish"
                    },
                    "body": "[{\"category\":\"POSTURE\",\"selectedValue\":\"Posture_Indecipherable/Video_Insufficient\"},{\"category\":\"HIGH LEVEL BEHAVIOR\",\"selectedValue\":[\"HLB_Indecipherable/Video_Insufficient\"]},{\"category\":\"PA TYPE\",\"selectedValue\":\"PA_Type_VideoUnavailable/Indecipherable\"},{\"category\":\"Behavioral Parameters\",\"selectedValue\":[\"CP_VideoUnavailable/Indecipherable\"]},{\"category\":\"Experimental situation\",\"selectedValue\":\"Free_Living\"}]"
                }
            ]
        },
        {
            "id": "3ce5a931-2001-418c-a257-51f672eec8ed",
            "range": {
                "start": 17851,
                "end": 17972
            },
            "shape": {
                "x1": null,
                "x2": null,
                "y1": null,
                "y2": null
            },
            "comments": [
                {
                    "id": "b956243f-6a3d-fb32-879b-8bb159c96908",
                    "meta": {
                        "datetime": "2022-10-05T16:15:38.534Z",
                        "user_id": 2,
                        "user_name": "Harish"
                    },
                    "body": "[{\"category\":\"POSTURE\",\"selectedValue\":\"In_Position_Upright\"},{\"category\":\"HIGH LEVEL BEHAVIOR\",\"selectedValue\":[\"Doing_Common_Housework\"]},{\"category\":\"PA TYPE\",\"selectedValue\":\"Walking\"},{\"category\":\"Behavioral Parameters\",\"selectedValue\":[\"Located_Indoors\"]},{\"category\":\"Experimental situation\",\"selectedValue\":\"Free_Living\"}]"
                }
            ]
        },
        {
            "id": "8047ccf8-f945-4952-8aa0-b4a45ec74d59",
            "range": {
                "start": 17978,
                "end": 17997
            },
            "shape": {
                "x1": null,
                "x2": null,
                "y1": null,
                "y2": null
            },
            "comments": [
                {
                    "id": "a87f6f5d-f735-b805-7706-c28082f663b2",
                    "meta": {
                        "datetime": "2022-10-05T16:16:26.676Z",
                        "user_id": 2,
                        "user_name": "Harish"
                    },
                    "body": "[{\"category\":\"POSTURE\",\"selectedValue\":\"In_Position_Upright\"},{\"category\":\"HIGH LEVEL BEHAVIOR\",\"selectedValue\":[\"Doing_Common_Housework\"]},{\"category\":\"PA TYPE\",\"selectedValue\":\"Washing_Hands\"},{\"category\":\"Behavioral Parameters\",\"selectedValue\":[\"Located_Indoors\"]},{\"category\":\"Experimental situation\",\"selectedValue\":\"Free_Living\"}]"
                }
            ]
        },
        {
            "id": "8db17535-10ef-4ad2-99cc-df116b5516a6",
            "range": {
                "start": 18000,
                "end": 18063
            },
            "shape": {
                "x1": null,
                "x2": null,
                "y1": null,
                "y2": null
            },
            "comments": [
                {
                    "id": "c38c3535-221a-f146-eccb-5585548df57e",
                    "meta": {
                        "datetime": "2022-10-05T16:26:03.363Z",
                        "user_id": 2,
                        "user_name": "Harish"
                    },
                    "body": "[{\"category\":\"POSTURE\",\"selectedValue\":\"In_Position_Upright\"},{\"category\":\"HIGH LEVEL BEHAVIOR\",\"selectedValue\":[\"Doing_Common_Housework\"]},{\"category\":\"PA TYPE\",\"selectedValue\":\"Walking\"},{\"category\":\"Behavioral Parameters\",\"selectedValue\":[\"Located_Indoors\"]},{\"category\":\"Experimental situation\",\"selectedValue\":\"Free_Living\"}]"
                }
            ]
        },
        {
            "id": "1166ea9b-ff8e-4cfa-96a5-80c4f74b91f6",
            "range": {
                "start": 18066,
                "end": 18085
            },
            "shape": {
                "x1": null,
                "x2": null,
                "y1": null,
                "y2": null
            },
            "comments": [
                {
                    "id": "7b2f10e8-e673-aaf4-6579-6b6658b8dab8",
                    "meta": {
                        "datetime": "2022-10-05T16:27:08.539Z",
                        "user_id": 2,
                        "user_name": "Harish"
                    },
                    "body": "[{\"category\":\"POSTURE\",\"selectedValue\":\"In_Position_Upright\"},{\"category\":\"HIGH LEVEL BEHAVIOR\",\"selectedValue\":[\"In_Transit_Active\"]},{\"category\":\"PA TYPE\",\"selectedValue\":\"Walking\"},{\"category\":\"Behavioral Parameters\",\"selectedValue\":[\"Located_Indoors\",\"Holding_Other_Object_Light\"]},{\"category\":\"Experimental situation\",\"selectedValue\":\"Free_Living\"}]"
                }
            ]
        },
        {
            "id": "61970a1a-e34a-43c0-bbff-fde7969fe3c0",
            "range": {
                "start": 18087,
                "end": 18133
            },
            "shape": {
                "x1": null,
                "x2": null,
                "y1": null,
                "y2": null
            },
            "comments": [
                {
                    "id": "036f426e-b921-32ab-4175-9816600a5ce4",
                    "meta": {
                        "datetime": "2022-10-05T16:27:54.500Z",
                        "user_id": 2,
                        "user_name": "Harish"
                    },
                    "body": "[{\"category\":\"POSTURE\",\"selectedValue\":\"In_Position_Upright\"},{\"category\":\"HIGH LEVEL BEHAVIOR\",\"selectedValue\":[\"Riding_Elevator_Down\"]},{\"category\":\"PA TYPE\",\"selectedValue\":\"Standing_With_Movement\"},{\"category\":\"Behavioral Parameters\",\"selectedValue\":[\"Located_Indoors\",\"Holding_Other_Object_Light\"]},{\"category\":\"Experimental situation\",\"selectedValue\":\"Free_Living\"}]"
                }
            ]
        },
        {
            "id": "0bce6bbe-ba0b-4a02-bc38-e3636da96e8b",
            "range": {
                "start": 18134,
                "end": 18199
            },
            "shape": {
                "x1": null,
                "x2": null,
                "y1": null,
                "y2": null
            },
            "comments": [
                {
                    "id": "215ca3aa-7288-de07-970d-80c1fd1d7149",
                    "meta": {
                        "datetime": "2022-10-05T16:33:03.530Z",
                        "user_id": 2,
                        "user_name": "Harish"
                    },
                    "body": "[{\"category\":\"POSTURE\",\"selectedValue\":\"In_Position_Upright\"},{\"category\":\"HIGH LEVEL BEHAVIOR\",\"selectedValue\":[\"In_Transit_Active\"]},{\"category\":\"PA TYPE\",\"selectedValue\":\"Walking\"},{\"category\":\"Behavioral Parameters\",\"selectedValue\":[\"Located_Outdoors\"]},{\"category\":\"Experimental situation\",\"selectedValue\":\"Free_Living\"}]"
                }
            ]
        },
        {
            "id": "dc2bfaea-af2b-4b11-bd76-ebe6075a86d3",
            "range": {
                "start": 18201,
                "end": 18219
            },
            "shape": {
                "x1": null,
                "x2": null,
                "y1": null,
                "y2": null
            },
            "comments": [
                {
                    "id": "a5af783a-a94d-cf17-484e-a01f8cbe7b5b",
                    "meta": {
                        "datetime": "2022-10-05T16:33:17.039Z",
                        "user_id": 2,
                        "user_name": "Harish"
                    },
                    "body": "[{\"category\":\"POSTURE\",\"selectedValue\":\"In_Position_Upright\"},{\"category\":\"HIGH LEVEL BEHAVIOR\",\"selectedValue\":[\"In_Transit_Active\"]},{\"category\":\"PA TYPE\",\"selectedValue\":\"Walking\"},{\"category\":\"Behavioral Parameters\",\"selectedValue\":[\"Located_Indoors\"]},{\"category\":\"Experimental situation\",\"selectedValue\":\"Free_Living\"}]"
                }
            ]
        },
        {
            "id": "497b0ad8-23ab-49c5-8ce3-4599e953f1fb",
            "range": {
                "start": 18219,
                "end": 18246
            },
            "shape": {
                "x1": null,
                "x2": null,
                "y1": null,
                "y2": null
            },
            "comments": [
                {
                    "id": "f1a2dd3b-b5f2-bb71-779d-9f3c6738df7b",
                    "meta": {
                        "datetime": "2022-10-05T16:33:35.769Z",
                        "user_id": 2,
                        "user_name": "Harish"
                    },
                    "body": "[{\"category\":\"POSTURE\",\"selectedValue\":\"In_Position_Upright\"},{\"category\":\"HIGH LEVEL BEHAVIOR\",\"selectedValue\":[\"Riding_Elevator_Up\"]},{\"category\":\"PA TYPE\",\"selectedValue\":\"Standing_With_Movement\"},{\"category\":\"Behavioral Parameters\",\"selectedValue\":[\"Located_Indoors\",\"Texting/Browsing_Phone\"]},{\"category\":\"Experimental situation\",\"selectedValue\":\"Free_Living\"}]"
                }
            ]
        },
        {
            "id": "241600df-6b7f-4745-b66d-3764338f8490",
            "range": {
                "start": 18261,
                "end": 18289
            },
            "shape": {
                "x1": null,
                "x2": null,
                "y1": null,
                "y2": null
            },
            "comments": [
                {
                    "id": "a5a9f609-e8da-3563-e790-bee9beb38f3c",
                    "meta": {
                        "datetime": "2022-10-05T16:35:31.689Z",
                        "user_id": 2,
                        "user_name": "Harish"
                    },
                    "body": "[{\"category\":\"POSTURE\",\"selectedValue\":\"In_Position_Upright\"},{\"category\":\"HIGH LEVEL BEHAVIOR\",\"selectedValue\":[\"In_Transit_Active\"]},{\"category\":\"PA TYPE\",\"selectedValue\":\"Walking\"},{\"category\":\"Behavioral Parameters\",\"selectedValue\":[\"Located_Indoors\"]},{\"category\":\"Experimental situation\",\"selectedValue\":\"Free_Living\"}]"
                }
            ]
        },
        {
            "id": "3ad9408f-0d5d-48e7-a4cb-e82ce5464574",
            "range": {
                "start": 18297,
                "end": 18730
            },
            "shape": {
                "x1": null,
                "x2": null,
                "y1": null,
                "y2": null
            },
            "comments": [
                {
                    "id": "bde4d069-d60e-93b7-65c8-5d6d1c7ee786",
                    "meta": {
                        "datetime": "2022-10-05T16:36:18.489Z",
                        "user_id": 2,
                        "user_name": "Harish"
                    },
                    "body": "[{\"category\":\"POSTURE\",\"selectedValue\":\"In_Position_Upright\"},{\"category\":\"HIGH LEVEL BEHAVIOR\",\"selectedValue\":[\"Meeting _Social_Gathering_In_Person\"]},{\"category\":\"PA TYPE\",\"selectedValue\":\"Standing_With_Movement\"},{\"category\":\"Behavioral Parameters\",\"selectedValue\":[\"Located_Indoors\",\"In_Conversation\"]},{\"category\":\"Experimental situation\",\"selectedValue\":\"Free_Living\"}]"
                }
            ]
        },
        {
            "id": "1ce83afc-a7a8-460d-96be-6dbd3420c4fe",
            "range": {
                "start": 18732,
                "end": 30316
            },
            "shape": {
                "x1": null,
                "x2": null,
                "y1": null,
                "y2": null
            },
            "comments": [
                {
                    "id": "cc18164e-1e91-84c9-1609-8fb9b6829abe",
                    "meta": {
                        "datetime": "2022-10-05T16:41:56.432Z",
                        "user_id": 2,
                        "user_name": "Harish"
                    },
                    "body": "[{\"category\":\"POSTURE\",\"selectedValue\":\"Posture_Indecipherable/Video_Insufficient\"},{\"category\":\"HIGH LEVEL BEHAVIOR\",\"selectedValue\":[\"HLB_Indecipherable/Video_Insufficient\"]},{\"category\":\"PA TYPE\",\"selectedValue\":\"PA_Type_VideoUnavailable/Indecipherable\"},{\"category\":\"Behavioral Parameters\",\"selectedValue\":[\"CP_VideoUnavailable/Indecipherable\"]},{\"category\":\"Experimental situation\",\"selectedValue\":\"Free_Living\"}]"
                }
            ]
        },
        {
            "id": "16186e3e-738c-4c81-8a68-5be6e119a251",
            "range": {
                "start": 30321,
                "end": 30525
            },
            "shape": {
                "x1": null,
                "x2": null,
                "y1": null,
                "y2": null
            },
            "comments": [
                {
                    "id": "a6d9e06c-c883-d201-74ea-9697d13e80f2",
                    "meta": {
                        "datetime": "2022-10-05T16:44:29.743Z",
                        "user_id": 2,
                        "user_name": "Harish"
                    },
                    "body": "[{\"category\":\"POSTURE\",\"selectedValue\":\"In_Position_Upright\"},{\"category\":\"HIGH LEVEL BEHAVIOR\",\"selectedValue\":[\"Meeting _Social_Gathering_In_Person\"]},{\"category\":\"PA TYPE\",\"selectedValue\":\"Standing_With_Movement\"},{\"category\":\"Behavioral Parameters\",\"selectedValue\":[\"Located_Indoors\",\"In_Conversation\",\"Texting/Browsing_Phone\"]},{\"category\":\"Experimental situation\",\"selectedValue\":\"Free_Living\"}]"
                }
            ]
        },
        {
            "id": "34a1ba93-a8fd-48e5-a163-8946926c74bb",
            "range": {
                "start": 30526,
                "end": 30580
            },
            "shape": {
                "x1": null,
                "x2": null,
                "y1": null,
                "y2": null
            },
            "comments": [
                {
                    "id": "fdf0a4be-e5ba-3a69-b1e2-d3bc8109e9c8",
                    "meta": {
                        "datetime": "2022-10-05T16:45:33.452Z",
                        "user_id": 2,
                        "user_name": "Harish"
                    },
                    "body": "[{\"category\":\"POSTURE\",\"selectedValue\":\"In_Position_Upright\"},{\"category\":\"HIGH LEVEL BEHAVIOR\",\"selectedValue\":[\"In_Transit_Active\"]},{\"category\":\"PA TYPE\",\"selectedValue\":\"Walking\"},{\"category\":\"Behavioral Parameters\",\"selectedValue\":[\"Located_Indoors\",\"Texting/Browsing_Phone\"]},{\"category\":\"Experimental situation\",\"selectedValue\":\"Free_Living\"}]"
                }
            ]
        },
        {
            "id": "08325481-5874-47d2-a0e0-78cd4afeadad",
            "range": {
                "start": 30581,
                "end": 30600
            },
            "shape": {
                "x1": null,
                "x2": null,
                "y1": null,
                "y2": null
            },
            "comments": [
                {
                    "id": "ebb2686e-b8ab-7577-c317-11470e54fd7e",
                    "meta": {
                        "datetime": "2022-10-05T16:48:02.032Z",
                        "user_id": 2,
                        "user_name": "Harish"
                    },
                    "body": "[{\"category\":\"POSTURE\",\"selectedValue\":\"In_Position_Upright\"},{\"category\":\"HIGH LEVEL BEHAVIOR\",\"selectedValue\":[\"Riding_Elevator_Down\"]},{\"category\":\"PA TYPE\",\"selectedValue\":\"Standing_With_Movement\"},{\"category\":\"Behavioral Parameters\",\"selectedValue\":[\"Located_Indoors\",\"Texting/Browsing_Phone\"]},{\"category\":\"Experimental situation\",\"selectedValue\":\"Free_Living\"}]"
                }
            ]
        },
        {
            "id": "fd73ae66-f492-4fda-a782-8b34b7ac9930",
            "range": {
                "start": 30600,
                "end": 30615
            },
            "shape": {
                "x1": null,
                "x2": null,
                "y1": null,
                "y2": null
            },
            "comments": [
                {
                    "id": "473c713f-e5a0-d978-96f3-33095c5026d8",
                    "meta": {
                        "datetime": "2022-10-05T16:49:56.766Z",
                        "user_id": 2,
                        "user_name": "Harish"
                    },
                    "body": "[{\"category\":\"POSTURE\",\"selectedValue\":\"In_Position_Upright\"},{\"category\":\"HIGH LEVEL BEHAVIOR\",\"selectedValue\":[\"In_Transit_Active\"]},{\"category\":\"PA TYPE\",\"selectedValue\":\"Walking\"},{\"category\":\"Behavioral Parameters\",\"selectedValue\":[\"Located_Indoors\"]},{\"category\":\"Experimental situation\",\"selectedValue\":\"Free_Living\"}]"
                }
            ]
        },
        {
            "id": "b7ad4e1f-4715-4cbc-bd28-a2a3e6b4b1d6",
            "range": {
                "start": 30615,
                "end": 30649
            },
            "shape": {
                "x1": null,
                "x2": null,
                "y1": null,
                "y2": null
            },
            "comments": [
                {
                    "id": "ba5ff8cc-afa0-25c1-cef5-fd9ee8b5ee70",
                    "meta": {
                        "datetime": "2022-10-05T16:51:09.221Z",
                        "user_id": 2,
                        "user_name": "Harish"
                    },
                    "body": "[{\"category\":\"POSTURE\",\"selectedValue\":\"In_Position_Upright\"},{\"category\":\"HIGH LEVEL BEHAVIOR\",\"selectedValue\":[\"In_Transit_Active\"]},{\"category\":\"PA TYPE\",\"selectedValue\":\"Walking\"},{\"category\":\"Behavioral Parameters\",\"selectedValue\":[\"Located_Outdoors\"]},{\"category\":\"Experimental situation\",\"selectedValue\":\"Free_Living\"}]"
                }
            ]
        }
    ],
    "videoHash": 1096388780
}