START_TIME,STOP_TIME,PREDICTION,SOURCE,LABELSET,VIDEO_START_TIME,VIDEO_END_TIME
2022-03-31 01:03:13,2022-03-31 01:03:38,Located_Indoors,annotator,Behavioral Parameters,2022-03-30 00:00:11,2022-03-30 00:00:36
2022-03-31 01:03:38,2022-03-31 01:04:01,Located_Indoors,annotator,Behavioral Parameters,2022-03-30 00:00:36,2022-03-30 00:00:59
2022-03-31 01:04:02,2022-03-31 01:04:07,Located_Indoors, Holding_Other_Object_Light,annotator,Behavioral Parameters,2022-03-30 00:01:00,2022-03-30 00:01:05
2022-03-31 01:04:07,2022-03-31 01:04:38,Located_Indoors,annotator,Behavioral Parameters,2022-03-30 00:01:05,2022-03-30 00:01:36
2022-03-31 01:04:47,2022-03-31 01:05:33,Located_Indoors,annotator,Behavioral Parameters,2022-03-30 00:01:45,2022-03-30 00:02:31
2022-03-31 01:05:38,2022-03-31 01:05:56,Located_Indoors, Holding_Other_Object_Light,annotator,Behavioral Parameters,2022-03-30 00:02:36,2022-03-30 00:02:54
2022-03-31 01:05:58,2022-03-31 01:06:38,Located_Indoors, Holding_Other_Object_Light,annotator,Behavioral Parameters,2022-03-30 00:02:56,2022-03-30 00:03:36
2022-03-31 01:06:48,2022-03-31 01:07:06,Located_Indoors, Holding_Other_Object_Light,annotator,Behavioral Parameters,2022-03-30 00:03:46,2022-03-30 00:04:04
2022-03-31 01:07:07,2022-03-31 01:07:35,Located_Indoors, Holding_Other_Object_Light,annotator,Behavioral Parameters,2022-03-30 00:04:05,2022-03-30 00:04:33
2022-03-31 01:07:36,2022-03-31 01:09:07,Located_Indoors,annotator,Behavioral Parameters,2022-03-30 00:04:34,2022-03-30 00:06:05
2022-03-31 01:09:12,2022-03-31 01:09:23,Located_Indoors,annotator,Behavioral Parameters,2022-03-30 00:06:10,2022-03-30 00:06:21
2022-03-31 01:09:24,2022-03-31 01:11:48,Located_Indoors, Texting/Browsing_Phone,annotator,Behavioral Parameters,2022-03-30 00:06:22,2022-03-30 00:08:46
2022-03-31 01:11:50,2022-03-31 01:12:03,Located_Indoors, Texting/Browsing_Phone, Holding_Drink,annotator,Behavioral Parameters,2022-03-30 00:08:48,2022-03-30 00:09:01
2022-03-31 01:12:04,2022-03-31 01:13:42,Located_Indoors, Texting/Browsing_Phone,annotator,Behavioral Parameters,2022-03-30 00:09:02,2022-03-30 00:10:40
2022-03-31 01:13:47,2022-03-31 01:14:24,Located_Indoors,annotator,Behavioral Parameters,2022-03-30 00:10:45,2022-03-30 00:11:22
2022-03-31 01:14:26,2022-03-31 01:17:29,Located_Indoors, Texting/Browsing_Phone,annotator,Behavioral Parameters,2022-03-30 00:11:24,2022-03-30 00:14:27
2022-03-31 01:17:31,2022-03-31 01:31:48,Located_Indoors, Browsing_Computer,annotator,Behavioral Parameters,2022-03-30 00:14:29,2022-03-30 00:28:46
2022-03-31 01:31:49,2022-03-31 01:32:31,Located_Indoors, Handwriting,annotator,Behavioral Parameters,2022-03-30 00:28:47,2022-03-30 00:29:29
2022-03-31 01:32:33,2022-03-31 01:32:49,Located_Indoors,annotator,Behavioral Parameters,2022-03-30 00:29:31,2022-03-30 00:29:47
2022-03-31 01:32:51,2022-03-31 01:33:03,Located_Indoors, Holding_Drink,annotator,Behavioral Parameters,2022-03-30 00:29:49,2022-03-30 00:30:01
2022-03-31 01:33:06,2022-03-31 01:34:37,Located_Indoors, Texting/Browsing_Phone,annotator,Behavioral Parameters,2022-03-30 00:30:04,2022-03-30 00:31:35
2022-03-31 01:34:40,2022-03-31 01:34:46,Located_Indoors, Holding_Drink,annotator,Behavioral Parameters,2022-03-30 00:31:38,2022-03-30 00:31:44
2022-03-31 01:34:52,2022-03-31 01:38:16,Located_Indoors, Browsing_Computer,annotator,Behavioral Parameters,2022-03-30 00:31:50,2022-03-30 00:35:14
2022-03-31 01:38:17,2022-03-31 01:38:59,Located_Indoors, Texting/Browsing_Phone,annotator,Behavioral Parameters,2022-03-30 00:35:15,2022-03-30 00:35:57
2022-03-31 01:39:01,2022-03-31 01:42:20,Located_Indoors, Browsing_Computer,annotator,Behavioral Parameters,2022-03-30 00:35:59,2022-03-30 00:39:18
2022-03-31 01:42:34,2022-03-31 01:43:04,Located_Indoors,annotator,Behavioral Parameters,2022-03-30 00:39:32,2022-03-30 00:40:02
2022-03-31 01:43:09,2022-03-31 01:43:35,Located_Indoors,annotator,Behavioral Parameters,2022-03-30 00:40:07,2022-03-30 00:40:33
2022-03-31 01:43:36,2022-03-31 01:44:31,Located_Indoors,annotator,Behavioral Parameters,2022-03-30 00:40:34,2022-03-30 00:41:29
2022-03-31 01:44:32,2022-03-31 01:45:31,Located_Indoors,annotator,Behavioral Parameters,2022-03-30 00:41:30,2022-03-30 00:42:29
2022-03-31 01:45:32,2022-03-31 01:46:22,Located_Indoors,annotator,Behavioral Parameters,2022-03-30 00:42:30,2022-03-30 00:43:20
2022-03-31 01:46:23,2022-03-31 01:46:34,Located_Indoors,annotator,Behavioral Parameters,2022-03-30 00:43:21,2022-03-30 00:43:32
2022-03-31 01:46:35,2022-03-31 01:46:40,Located_Indoors,annotator,Behavioral Parameters,2022-03-30 00:43:33,2022-03-30 00:43:38
2022-03-31 01:46:42,2022-03-31 01:47:08,Located_Indoors,annotator,Behavioral Parameters,2022-03-30 00:43:40,2022-03-30 00:44:06
2022-03-31 01:47:10,2022-03-31 01:47:23,Located_Indoors,annotator,Behavioral Parameters,2022-03-30 00:44:08,2022-03-30 00:44:21
2022-03-31 01:47:25,2022-03-31 01:48:07,Located_Indoors, On_Phone_Call,annotator,Behavioral Parameters,2022-03-30 00:44:23,2022-03-30 00:45:05
2022-03-31 01:48:09,2022-03-31 01:48:32,Located_Indoors, On_Phone_Call,annotator,Behavioral Parameters,2022-03-30 00:45:07,2022-03-30 00:45:30
2022-03-31 01:48:34,2022-03-31 01:48:50,Located_Indoors,annotator,Behavioral Parameters,2022-03-30 00:45:32,2022-03-30 00:45:48
2022-03-31 01:48:51,2022-03-31 01:49:09,Located_Indoors, Holding_Other_Object_Light,annotator,Behavioral Parameters,2022-03-30 00:45:49,2022-03-30 00:46:07
2022-03-31 01:49:10,2022-03-31 01:51:00,Located_Indoors, Holding_Other_Object_Light,annotator,Behavioral Parameters,2022-03-30 00:46:08,2022-03-30 00:47:58
2022-03-31 01:51:04,2022-03-31 01:51:27,Located_Indoors, Holding_Other_Object_Light,annotator,Behavioral Parameters,2022-03-30 00:48:02,2022-03-30 00:48:25
2022-03-31 01:51:30,2022-03-31 01:52:00,Located_Indoors,annotator,Behavioral Parameters,2022-03-30 00:48:28,2022-03-30 00:48:58
2022-03-31 01:52:02,2022-03-31 01:52:19,Located_Indoors,annotator,Behavioral Parameters,2022-03-30 00:49:00,2022-03-30 00:49:17
2022-03-31 01:52:21,2022-03-31 01:52:53,Located_Indoors,annotator,Behavioral Parameters,2022-03-30 00:49:19,2022-03-30 00:49:51
2022-03-31 01:52:54,2022-03-31 01:53:19,Located_Indoors,annotator,Behavioral Parameters,2022-03-30 00:49:52,2022-03-30 00:50:17
2022-03-31 01:53:21,2022-03-31 01:53:59,Located_Indoors,annotator,Behavioral Parameters,2022-03-30 00:50:19,2022-03-30 00:50:57
2022-03-31 01:54:07,2022-03-31 01:54:17,Located_Indoors,annotator,Behavioral Parameters,2022-03-30 00:51:05,2022-03-30 00:51:15
2022-03-31 01:54:19,2022-03-31 01:55:52,Located_Indoors, Texting/Browsing_Phone,annotator,Behavioral Parameters,2022-03-30 00:51:17,2022-03-30 00:52:50
2022-03-31 01:55:57,2022-03-31 01:58:36,Located_Indoors,annotator,Behavioral Parameters,2022-03-30 00:52:55,2022-03-30 00:55:34
2022-03-31 01:58:38,2022-03-31 01:58:58,Located_Indoors,annotator,Behavioral Parameters,2022-03-30 00:55:36,2022-03-30 00:55:56
2022-03-31 01:59:03,2022-03-31 01:59:24,Located_Indoors,annotator,Behavioral Parameters,2022-03-30 00:56:01,2022-03-30 00:56:22
2022-03-31 01:59:29,2022-03-31 02:00:11,Located_Indoors,annotator,Behavioral Parameters,2022-03-30 00:56:27,2022-03-30 00:57:09
2022-03-31 02:00:13,2022-03-31 02:00:28,Located_Indoors,annotator,Behavioral Parameters,2022-03-30 00:57:11,2022-03-30 00:57:26
2022-03-31 02:00:31,2022-03-31 02:00:42,Located_Indoors, Texting/Browsing_Phone,annotator,Behavioral Parameters,2022-03-30 00:57:29,2022-03-30 00:57:40
2022-03-31 02:00:46,2022-03-31 02:10:33,Located_Indoors,annotator,Behavioral Parameters,2022-03-30 00:57:44,2022-03-30 01:07:31
2022-03-31 02:10:37,2022-03-31 02:12:56,Located_Indoors, Handwriting,annotator,Behavioral Parameters,2022-03-30 01:07:35,2022-03-30 01:09:54
2022-03-31 02:12:57,2022-03-31 02:14:48,Located_Indoors,annotator,Behavioral Parameters,2022-03-30 01:09:55,2022-03-30 01:11:46
2022-03-31 02:14:49,2022-03-31 02:15:40,Located_Indoors, Handwriting,annotator,Behavioral Parameters,2022-03-30 01:11:47,2022-03-30 01:12:38
2022-03-31 02:15:41,2022-03-31 02:16:19,Located_Indoors,annotator,Behavioral Parameters,2022-03-30 01:12:39,2022-03-30 01:13:17
2022-03-31 02:16:20,2022-03-31 02:16:45,Located_Indoors, Handwriting,annotator,Behavioral Parameters,2022-03-30 01:13:18,2022-03-30 01:13:43
2022-03-31 02:16:46,2022-03-31 02:17:02,Located_Indoors, Handwriting,annotator,Behavioral Parameters,2022-03-30 01:13:44,2022-03-30 01:14:00
2022-03-31 02:17:03,2022-03-31 02:19:51,Located_Indoors,annotator,Behavioral Parameters,2022-03-30 01:14:01,2022-03-30 01:16:49
2022-03-31 02:20:00,2022-03-31 02:21:35,Located_Indoors, Texting/Browsing_Phone,annotator,Behavioral Parameters,2022-03-30 01:16:58,2022-03-30 01:18:33
2022-03-31 02:21:37,2022-03-31 02:21:58,Located_Indoors,annotator,Behavioral Parameters,2022-03-30 01:18:35,2022-03-30 01:18:56
2022-03-31 02:22:04,2022-03-31 02:25:20,Located_Indoors, Texting/Browsing_Phone,annotator,Behavioral Parameters,2022-03-30 01:19:02,2022-03-30 01:22:18
2022-03-31 02:25:24,2022-03-31 02:29:21,Located_Indoors, Handwriting,annotator,Behavioral Parameters,2022-03-30 01:22:22,2022-03-30 01:26:19
2022-03-31 02:29:22,2022-03-31 02:31:00,Located_Indoors, Handwriting,annotator,Behavioral Parameters,2022-03-30 01:26:20,2022-03-30 01:27:58
2022-03-31 02:31:02,2022-03-31 02:32:25,Located_Indoors, Texting/Browsing_Phone,annotator,Behavioral Parameters,2022-03-30 01:28:00,2022-03-30 01:29:23
2022-03-31 02:32:31,2022-03-31 02:35:27,Located_Indoors,annotator,Behavioral Parameters,2022-03-30 01:29:29,2022-03-30 01:32:25
2022-03-31 02:35:34,2022-03-31 02:36:50,Located_Indoors, Browsing_Computer,annotator,Behavioral Parameters,2022-03-30 01:32:32,2022-03-30 01:33:48
2022-03-31 02:36:51,2022-03-31 02:36:58,Located_Indoors, Handwriting,annotator,Behavioral Parameters,2022-03-30 01:33:49,2022-03-30 01:33:56
2022-03-31 02:37:01,2022-03-31 02:37:32,Located_Indoors, Handwriting,annotator,Behavioral Parameters,2022-03-30 01:33:59,2022-03-30 01:34:30
2022-03-31 02:37:36,2022-03-31 02:38:37,Located_Indoors, Browsing_Computer,annotator,Behavioral Parameters,2022-03-30 01:34:34,2022-03-30 01:35:35
2022-03-31 02:38:38,2022-03-31 02:38:50,Located_Indoors, Handwriting,annotator,Behavioral Parameters,2022-03-30 01:35:36,2022-03-30 01:35:48
2022-03-31 02:38:55,2022-03-31 02:39:02,Located_Indoors,annotator,Behavioral Parameters,2022-03-30 01:35:53,2022-03-30 01:36:00
2022-03-31 02:39:04,2022-03-31 02:39:27,Located_Indoors,annotator,Behavioral Parameters,2022-03-30 01:36:02,2022-03-30 01:36:25
2022-03-31 02:39:30,2022-03-31 02:39:55,Located_Indoors, Texting/Browsing_Phone,annotator,Behavioral Parameters,2022-03-30 01:36:28,2022-03-30 01:36:53
2022-03-31 02:39:59,2022-03-31 02:40:20,Located_Indoors,annotator,Behavioral Parameters,2022-03-30 01:36:57,2022-03-30 01:37:18
2022-03-31 02:40:26,2022-03-31 02:41:23,Located_Indoors,annotator,Behavioral Parameters,2022-03-30 01:37:24,2022-03-30 01:38:21
2022-03-31 02:41:24,2022-03-31 02:42:09,Located_Indoors,annotator,Behavioral Parameters,2022-03-30 01:38:22,2022-03-30 01:39:07
2022-03-31 02:42:10,2022-03-31 02:42:22,Located_Indoors,annotator,Behavioral Parameters,2022-03-30 01:39:08,2022-03-30 01:39:20
2022-03-31 02:42:23,2022-03-31 02:42:29,Located_Indoors,annotator,Behavioral Parameters,2022-03-30 01:39:21,2022-03-30 01:39:27
2022-03-31 02:42:30,2022-03-31 02:42:39,Located_Indoors,annotator,Behavioral Parameters,2022-03-30 01:39:28,2022-03-30 01:39:37
2022-03-31 02:42:42,2022-03-31 02:42:48,Located_Indoors,annotator,Behavioral Parameters,2022-03-30 01:39:40,2022-03-30 01:39:46
2022-03-31 02:42:51,2022-03-31 02:42:52,Located_Indoors,annotator,Behavioral Parameters,2022-03-30 01:39:49,2022-03-30 01:39:50
2022-03-31 02:42:53,2022-03-31 02:43:10,Located_Indoors,annotator,Behavioral Parameters,2022-03-30 01:39:51,2022-03-30 01:40:08
2022-03-31 02:43:22,2022-03-31 02:44:12,Located_Indoors,annotator,Behavioral Parameters,2022-03-30 01:40:20,2022-03-30 01:41:10
2022-03-31 02:44:17,2022-03-31 02:44:31,Located_Indoors,annotator,Behavioral Parameters,2022-03-30 01:41:15,2022-03-30 01:41:29
2022-03-31 02:44:32,2022-03-31 02:47:24,Located_Indoors, Texting/Browsing_Phone,annotator,Behavioral Parameters,2022-03-30 01:41:30,2022-03-30 01:44:22
2022-03-31 02:47:29,2022-03-31 02:48:30,Located_Indoors,annotator,Behavioral Parameters,2022-03-30 01:44:27,2022-03-30 01:45:28
2022-03-31 02:48:48,2022-03-31 02:50:23,Located_Indoors,annotator,Behavioral Parameters,2022-03-30 01:45:46,2022-03-30 01:47:21
2022-03-31 02:50:24,2022-03-31 02:50:28,Located_Indoors, Holding_Other_Object_Light,annotator,Behavioral Parameters,2022-03-30 01:47:22,2022-03-30 01:47:26
2022-03-31 02:50:40,2022-03-31 02:50:55,Located_Indoors, Holding_Other_Object_Light,annotator,Behavioral Parameters,2022-03-30 01:47:38,2022-03-30 01:47:53
2022-03-31 02:50:59,2022-03-31 02:52:00,Located_Indoors,annotator,Behavioral Parameters,2022-03-30 01:47:57,2022-03-30 01:48:58
2022-03-31 02:52:19,2022-03-31 02:56:52,Located_Indoors,annotator,Behavioral Parameters,2022-03-30 01:49:17,2022-03-30 01:53:50
2022-03-31 02:56:55,2022-03-31 02:57:26,Located_Indoors, Handwriting,annotator,Behavioral Parameters,2022-03-30 01:53:53,2022-03-30 01:54:24
2022-03-31 02:57:32,2022-03-31 02:57:53,Located_Indoors, Handwriting,annotator,Behavioral Parameters,2022-03-30 01:54:30,2022-03-30 01:54:51
2022-03-31 02:57:58,2022-03-31 02:59:24,Located_Indoors,annotator,Behavioral Parameters,2022-03-30 01:54:56,2022-03-30 01:56:22
2022-03-31 02:59:28,2022-03-31 03:00:22,Located_Indoors,annotator,Behavioral Parameters,2022-03-30 01:56:26,2022-03-30 01:57:20
2022-03-31 03:00:23,2022-03-31 03:01:54,Located_Indoors, Handwriting,annotator,Behavioral Parameters,2022-03-30 01:57:21,2022-03-30 01:58:52
2022-03-31 03:01:59,2022-03-31 03:03:02,Located_Indoors, Handwriting,annotator,Behavioral Parameters,2022-03-30 01:58:57,2022-03-30 02:00:00
2022-03-31 03:03:03,2022-03-31 03:03:42,Located_Indoors,annotator,Behavioral Parameters,2022-03-30 02:00:01,2022-03-30 02:00:40
2022-03-31 03:03:42,2022-03-31 03:04:50,Located_Indoors, Handwriting,annotator,Behavioral Parameters,2022-03-30 02:00:40,2022-03-30 02:01:48
2022-03-31 03:04:51,2022-03-31 03:06:53,Located_Indoors,annotator,Behavioral Parameters,2022-03-30 02:01:49,2022-03-30 02:03:51
2022-03-31 03:06:54,2022-03-31 03:07:13,Located_Indoors, Handwriting,annotator,Behavioral Parameters,2022-03-30 02:03:52,2022-03-30 02:04:11
2022-03-31 03:07:14,2022-03-31 03:07:44,Located_Indoors, Texting/Browsing_Phone,annotator,Behavioral Parameters,2022-03-30 02:04:12,2022-03-30 02:04:42
2022-03-31 03:07:50,2022-03-31 03:12:16,Located_Indoors,annotator,Behavioral Parameters,2022-03-30 02:04:48,2022-03-30 02:09:14
2022-03-31 03:12:19,2022-03-31 03:14:05,Located_Indoors, Texting/Browsing_Phone,annotator,Behavioral Parameters,2022-03-30 02:09:17,2022-03-30 02:11:03
2022-03-31 03:14:09,2022-03-31 03:20:53,Located_Indoors,annotator,Behavioral Parameters,2022-03-30 02:11:07,2022-03-30 02:17:51
2022-03-31 03:20:53,2022-03-31 03:22:40,Located_Indoors, Browsing_Computer,annotator,Behavioral Parameters,2022-03-30 02:17:51,2022-03-30 02:19:38
2022-03-31 03:22:44,2022-03-31 03:26:02,Located_Indoors,annotator,Behavioral Parameters,2022-03-30 02:19:42,2022-03-30 02:23:00
2022-03-31 03:26:05,2022-03-31 03:26:44,Located_Indoors, Handwriting,annotator,Behavioral Parameters,2022-03-30 02:23:03,2022-03-30 02:23:42
2022-03-31 03:26:46,2022-03-31 03:27:20,Located_Indoors,annotator,Behavioral Parameters,2022-03-30 02:23:44,2022-03-30 02:24:18
2022-03-31 03:27:22,2022-03-31 03:30:46,Located_Indoors, Handwriting,annotator,Behavioral Parameters,2022-03-30 02:24:20,2022-03-30 02:27:44
2022-03-31 03:30:54,2022-03-31 03:31:37,Located_Indoors,annotator,Behavioral Parameters,2022-03-30 02:27:52,2022-03-30 02:28:35
2022-03-31 03:31:45,2022-03-31 03:32:29,Located_Indoors, Holding_Other_Object_Light,annotator,Behavioral Parameters,2022-03-30 02:28:43,2022-03-30 02:29:27
2022-03-31 03:32:30,2022-03-31 03:32:53,Located_Indoors, Holding_Other_Object_Light,annotator,Behavioral Parameters,2022-03-30 02:29:28,2022-03-30 02:29:51
2022-03-31 03:32:55,2022-03-31 03:33:58,Located_Indoors, Holding_Other_Object_Light,annotator,Behavioral Parameters,2022-03-30 02:29:53,2022-03-30 02:30:56
2022-03-31 03:33:59,2022-03-31 03:34:26,Located_Indoors, Holding_Other_Object_Light,annotator,Behavioral Parameters,2022-03-30 02:30:57,2022-03-30 02:31:24
2022-03-31 03:34:27,2022-03-31 03:34:55,Located_Indoors, Holding_Other_Object_Light,annotator,Behavioral Parameters,2022-03-30 02:31:25,2022-03-30 02:31:53
2022-03-31 03:34:56,2022-03-31 03:35:26,Located_Indoors, Holding_Other_Object_Light,annotator,Behavioral Parameters,2022-03-30 02:31:54,2022-03-30 02:32:24
2022-03-31 03:35:36,2022-03-31 03:35:50,Located_Indoors,annotator,Behavioral Parameters,2022-03-30 02:32:34,2022-03-30 02:32:48
2022-03-31 03:36:11,2022-03-31 03:51:34,Located_Indoors,annotator,Behavioral Parameters,2022-03-30 02:33:09,2022-03-30 02:48:32
2022-03-31 03:51:38,2022-03-31 03:52:03,Located_Indoors,annotator,Behavioral Parameters,2022-03-30 02:48:36,2022-03-30 02:49:01
2022-03-31 03:52:06,2022-03-31 03:52:29,Located_Indoors, Texting/Browsing_Phone,annotator,Behavioral Parameters,2022-03-30 02:49:04,2022-03-30 02:49:27
2022-03-31 03:52:30,2022-03-31 03:52:39,Located_Indoors,annotator,Behavioral Parameters,2022-03-30 02:49:28,2022-03-30 02:49:37
2022-03-31 03:52:41,2022-03-31 04:03:04,Located_Indoors,annotator,Behavioral Parameters,2022-03-30 02:49:39,2022-03-30 03:00:02
2022-03-31 04:03:08,2022-03-31 04:12:04,Located_Indoors, Texting/Browsing_Phone,annotator,Behavioral Parameters,2022-03-30 03:00:06,2022-03-30 03:09:02
2022-03-31 04:12:11,2022-03-31 04:14:00,Located_Indoors,annotator,Behavioral Parameters,2022-03-30 03:09:09,2022-03-30 03:10:58
2022-03-31 04:14:03,2022-03-31 04:14:15,Located_Indoors, Handwriting,annotator,Behavioral Parameters,2022-03-30 03:11:01,2022-03-30 03:11:13
2022-03-31 04:14:29,2022-03-31 04:24:46,Located_Indoors, Browsing_Computer,annotator,Behavioral Parameters,2022-03-30 03:11:27,2022-03-30 03:21:44
2022-03-31 04:24:56,2022-03-31 04:44:55,Located_Indoors, Browsing_Computer,annotator,Behavioral Parameters,2022-03-30 03:21:54,2022-03-30 03:41:53
2022-03-31 04:44:59,2022-03-31 04:49:08,Located_Indoors, Browsing_Computer,annotator,Behavioral Parameters,2022-03-30 03:41:57,2022-03-30 03:46:06
2022-03-31 04:49:09,2022-03-31 04:50:18,Located_Indoors, Texting/Browsing_Phone,annotator,Behavioral Parameters,2022-03-30 03:46:07,2022-03-30 03:47:16
2022-03-31 04:50:23,2022-03-31 04:51:27,Located_Indoors, Handwriting,annotator,Behavioral Parameters,2022-03-30 03:47:21,2022-03-30 03:48:25
2022-03-31 04:51:28,2022-03-31 04:52:02,Located_Indoors, Handwriting,annotator,Behavioral Parameters,2022-03-30 03:48:26,2022-03-30 03:49:00
2022-03-31 04:52:28,2022-03-31 04:52:53,Located_Indoors,annotator,Behavioral Parameters,2022-03-30 03:49:26,2022-03-30 03:49:51
2022-03-31 04:52:53,2022-03-31 04:53:27,Located_Indoors, Texting/Browsing_Phone,annotator,Behavioral Parameters,2022-03-30 03:49:51,2022-03-30 03:50:25
2022-03-31 04:53:46,2022-03-31 05:18:24,Located_Indoors, Browsing_Computer,annotator,Behavioral Parameters,2022-03-30 03:50:44,2022-03-30 04:15:22
2022-03-31 05:18:25,2022-03-31 05:20:57,Located_Indoors, Texting/Browsing_Phone,annotator,Behavioral Parameters,2022-03-30 04:15:23,2022-03-30 04:17:55
2022-03-31 05:22:02,2022-03-31 05:22:08,Located_Indoors, Carrying_Bag_On_Shoulder/Back_Light,annotator,Behavioral Parameters,2022-03-30 04:19:00,2022-03-30 04:19:06
2022-03-31 05:22:15,2022-03-31 05:22:23,Located_Indoors, Carrying_Bag_On_Shoulder/Back_Light, Texting/Browsing_Phone,annotator,Behavioral Parameters,2022-03-30 04:19:13,2022-03-30 04:19:21
2022-03-31 05:22:30,2022-03-31 05:22:56,Located_Indoors, Carrying_Bag_On_Shoulder/Back_Light,annotator,Behavioral Parameters,2022-03-30 04:19:28,2022-03-30 04:19:54
2022-03-31 05:22:58,2022-03-31 05:23:16,Located_Indoors, Carrying_Bag_On_Shoulder/Back_Light,annotator,Behavioral Parameters,2022-03-30 04:19:56,2022-03-30 04:20:14
2022-03-31 05:23:25,2022-03-31 05:24:26,Located_Indoors,annotator,Behavioral Parameters,2022-03-30 04:20:23,2022-03-30 04:21:24
2022-03-31 05:24:28,2022-03-31 05:26:18,Located_Indoors,annotator,Behavioral Parameters,2022-03-30 04:21:26,2022-03-30 04:23:16
2022-03-31 05:26:21,2022-03-31 05:26:32,Located_Indoors,annotator,Behavioral Parameters,2022-03-30 04:23:19,2022-03-30 04:23:30
2022-03-31 05:26:35,2022-03-31 05:26:56,Located_Indoors, Sync_Marker,annotator,Behavioral Parameters,2022-03-30 04:23:33,2022-03-30 04:23:54
2022-03-31 05:26:59,2022-03-31 05:27:08,Located_Indoors,annotator,Behavioral Parameters,2022-03-30 04:23:57,2022-03-30 04:24:06
