START_TIME,STOP_TIME,PREDICTION,SOURCE,LABELSET,VIDEO_START_TIME,VIDEO_END_TIME
2022-06-09 07:01:23,2022-06-09 07:02:15,Holding_Other_Object_Light,annotator,Behavioral Parameters,2022-06-09 00:00:01,2022-06-09 00:00:53
2022-06-09 07:02:15,2022-06-09 07:02:39,Holding_Other_Object_Light,annotator,Behavioral Parameters,2022-06-09 00:00:53,2022-06-09 00:01:17
2022-06-09 07:02:39,2022-06-09 07:02:43,Holding_Other_Object_Light,annotator,Behavioral Parameters,2022-06-09 00:01:17,2022-06-09 00:01:21
2022-06-09 07:02:43,2022-06-09 07:03:22,Texting/Browsing_Phone,annotator,Behavioral Parameters,2022-06-09 00:01:21,2022-06-09 00:02:00
2022-06-09 07:03:22,2022-06-09 07:03:32,Holding_Other_Object_Light, Located_Indoors,annotator,Behavioral Parameters,2022-06-09 00:02:00,2022-06-09 00:02:10
2022-06-09 07:03:32,2022-06-09 07:04:09,Holding_Other_Object_Light, Located_Indoors, Texting/Browsing_Phone,annotator,Behavioral Parameters,2022-06-09 00:02:10,2022-06-09 00:02:47
2022-06-09 07:04:09,2022-06-09 07:04:52,Holding_Other_Object_Light, Located_Indoors, Texting/Browsing_Phone,annotator,Behavioral Parameters,2022-06-09 00:02:47,2022-06-09 00:03:30
2022-06-09 07:04:52,2022-06-09 07:08:17,Located_Indoors,annotator,Behavioral Parameters,2022-06-09 00:03:30,2022-06-09 00:06:55
2022-06-09 07:08:17,2022-06-09 07:08:35,Located_Indoors, Legs_Crossed,annotator,Behavioral Parameters,2022-06-09 00:06:55,2022-06-09 00:07:13
2022-06-09 07:08:35,2022-06-09 07:09:45,Located_Indoors,annotator,Behavioral Parameters,2022-06-09 00:07:13,2022-06-09 00:08:23
2022-06-09 07:09:45,2022-06-09 07:11:01,Located_Indoors,annotator,Behavioral Parameters,2022-06-09 00:08:23,2022-06-09 00:09:39
2022-06-09 07:11:01,2022-06-09 07:11:17,Located_Indoors, Typing_Computer,annotator,Behavioral Parameters,2022-06-09 00:09:39,2022-06-09 00:09:55
2022-06-09 07:11:17,2022-06-09 07:11:33,Located_Indoors, Texting/Browsing_Phone,annotator,Behavioral Parameters,2022-06-09 00:09:55,2022-06-09 00:10:11
2022-06-09 07:11:33,2022-06-09 07:12:46,Located_Indoors,annotator,Behavioral Parameters,2022-06-09 00:10:11,2022-06-09 00:11:24
2022-06-09 07:12:46,2022-06-09 07:12:57,Located_Indoors, Typing_Computer,annotator,Behavioral Parameters,2022-06-09 00:11:24,2022-06-09 00:11:35
2022-06-09 07:12:57,2022-06-09 07:13:50,Located_Indoors, Typing_Computer,annotator,Behavioral Parameters,2022-06-09 00:11:35,2022-06-09 00:12:28
2022-06-09 07:13:50,2022-06-09 07:15:41,Located_Indoors,annotator,Behavioral Parameters,2022-06-09 00:12:28,2022-06-09 00:14:19
2022-06-09 07:15:41,2022-06-09 07:17:59,Located_Indoors,annotator,Behavioral Parameters,2022-06-09 00:14:19,2022-06-09 00:16:37
2022-06-09 07:17:59,2022-06-09 07:19:03,Located_Indoors, Typing_Computer,annotator,Behavioral Parameters,2022-06-09 00:16:37,2022-06-09 00:17:41
2022-06-09 07:19:03,2022-06-09 07:20:51,Located_Indoors, Typing_Computer,annotator,Behavioral Parameters,2022-06-09 00:17:41,2022-06-09 00:19:29
2022-06-09 07:20:51,2022-06-09 07:28:34,Located_Indoors,annotator,Behavioral Parameters,2022-06-09 00:19:29,2022-06-09 00:27:12
2022-06-09 07:28:34,2022-06-09 07:31:00,Located_Indoors, Texting/Browsing_Phone,annotator,Behavioral Parameters,2022-06-09 00:27:12,2022-06-09 00:29:38
2022-06-09 07:31:00,2022-06-09 07:31:17,Located_Indoors,annotator,Behavioral Parameters,2022-06-09 00:29:38,2022-06-09 00:29:55
2022-06-09 07:31:17,2022-06-09 07:32:12,Located_Indoors, Texting/Browsing_Phone,annotator,Behavioral Parameters,2022-06-09 00:29:55,2022-06-09 00:30:50
2022-06-09 07:32:12,2022-06-09 07:33:09,Located_Indoors, Typing_Computer,annotator,Behavioral Parameters,2022-06-09 00:30:50,2022-06-09 00:31:47
2022-06-09 07:33:09,2022-06-09 07:33:51,Located_Indoors,annotator,Behavioral Parameters,2022-06-09 00:31:47,2022-06-09 00:32:29
2022-06-09 07:33:51,2022-06-09 07:38:28,Located_Indoors, Texting/Browsing_Phone,annotator,Behavioral Parameters,2022-06-09 00:32:29,2022-06-09 00:37:06
2022-06-09 07:38:28,2022-06-09 07:39:11,Located_Indoors, Holding_Other_Object_Light,annotator,Behavioral Parameters,2022-06-09 00:37:06,2022-06-09 00:37:49
2022-06-09 07:39:11,2022-06-09 07:40:28,Located_Indoors, Holding_Other_Object_Light, Legs_Crossed,annotator,Behavioral Parameters,2022-06-09 00:37:49,2022-06-09 00:39:06
2022-06-09 07:40:28,2022-06-09 07:41:36,Located_Indoors, Holding_Other_Object_Light,annotator,Behavioral Parameters,2022-06-09 00:39:06,2022-06-09 00:40:14
2022-06-09 07:41:36,2022-06-09 07:41:47,Located_Indoors, Texting/Browsing_Phone,annotator,Behavioral Parameters,2022-06-09 00:40:14,2022-06-09 00:40:25
2022-06-09 07:41:47,2022-06-09 07:42:29,Located_Indoors, Holding_Other_Object_Light,annotator,Behavioral Parameters,2022-06-09 00:40:25,2022-06-09 00:41:07
2022-06-09 07:42:29,2022-06-09 07:42:57,Located_Indoors, Holding_Solid_Food,annotator,Behavioral Parameters,2022-06-09 00:41:07,2022-06-09 00:41:35
2022-06-09 07:42:57,2022-06-09 07:46:22,Located_Indoors, Holding_Solid_Food, Texting/Browsing_Phone,annotator,Behavioral Parameters,2022-06-09 00:41:35,2022-06-09 00:45:00
2022-06-09 07:46:22,2022-06-09 07:46:31,Located_Indoors, Holding_Other_Object_Light,annotator,Behavioral Parameters,2022-06-09 00:45:00,2022-06-09 00:45:09
2022-06-09 07:46:31,2022-06-09 07:46:41,Located_Indoors,annotator,Behavioral Parameters,2022-06-09 00:45:09,2022-06-09 00:45:19
2022-06-09 07:46:41,2022-06-09 07:46:59,Located_Indoors,annotator,Behavioral Parameters,2022-06-09 00:45:19,2022-06-09 00:45:37
2022-06-09 07:46:59,2022-06-09 07:47:10,Located_Outdoors,annotator,Behavioral Parameters,2022-06-09 00:45:37,2022-06-09 00:45:48
2022-06-09 07:47:10,2022-06-09 07:50:45,Located_Outdoors,annotator,Behavioral Parameters,2022-06-09 00:45:48,2022-06-09 00:49:23
2022-06-09 07:50:45,2022-06-09 07:51:29,Located_Outdoors, Texting/Browsing_Phone,annotator,Behavioral Parameters,2022-06-09 00:49:23,2022-06-09 00:50:07
2022-06-09 07:51:29,2022-06-09 07:51:56,Located_Outdoors, Holding_Other_Object_Light,annotator,Behavioral Parameters,2022-06-09 00:50:07,2022-06-09 00:50:34
2022-06-09 07:51:56,2022-06-09 07:55:10,Located_Outdoors,annotator,Behavioral Parameters,2022-06-09 00:50:34,2022-06-09 00:53:48
2022-06-09 07:55:10,2022-06-09 07:55:48,Located_Outdoors,annotator,Behavioral Parameters,2022-06-09 00:53:48,2022-06-09 00:54:26
2022-06-09 07:55:48,2022-06-09 07:57:50,Located_Outdoors,annotator,Behavioral Parameters,2022-06-09 00:54:26,2022-06-09 00:56:28
2022-06-09 07:57:50,2022-06-09 07:58:10,Located_Outdoors,annotator,Behavioral Parameters,2022-06-09 00:56:28,2022-06-09 00:56:48
2022-06-09 07:58:10,2022-06-09 08:00:54,Located_Outdoors,annotator,Behavioral Parameters,2022-06-09 00:56:48,2022-06-09 00:59:32
2022-06-09 08:00:54,2022-06-09 08:00:59,Located_Outdoors,annotator,Behavioral Parameters,2022-06-09 00:59:32,2022-06-09 00:59:37
2022-06-09 08:00:59,2022-06-09 08:01:31,Located_Indoors, Texting/Browsing_Phone,annotator,Behavioral Parameters,2022-06-09 00:59:37,2022-06-09 01:00:09
2022-06-09 08:01:31,2022-06-09 08:02:28,Located_Outdoors,annotator,Behavioral Parameters,2022-06-09 01:00:09,2022-06-09 01:01:06
2022-06-09 08:02:28,2022-06-09 08:02:41,Located_Indoors,annotator,Behavioral Parameters,2022-06-09 01:01:06,2022-06-09 01:01:19
2022-06-09 08:02:41,2022-06-09 08:03:01,Located_Indoors,annotator,Behavioral Parameters,2022-06-09 01:01:19,2022-06-09 01:01:39
2022-06-09 08:03:01,2022-06-09 08:03:25,Located_Indoors, Texting/Browsing_Phone,annotator,Behavioral Parameters,2022-06-09 01:01:39,2022-06-09 01:02:03
2022-06-09 08:03:25,2022-06-09 08:03:31,Located_Indoors, Texting/Browsing_Phone,annotator,Behavioral Parameters,2022-06-09 01:02:03,2022-06-09 01:02:09
2022-06-09 08:03:31,2022-06-09 08:04:01,Located_Indoors, Texting/Browsing_Phone,annotator,Behavioral Parameters,2022-06-09 01:02:09,2022-06-09 01:02:39
2022-06-09 08:04:01,2022-06-09 08:04:46,Located_Indoors,annotator,Behavioral Parameters,2022-06-09 01:02:39,2022-06-09 01:03:24
2022-06-09 08:04:46,2022-06-09 08:05:13,Located_Indoors, Holding_Other_Object_Light,annotator,Behavioral Parameters,2022-06-09 01:03:24,2022-06-09 01:03:51
2022-06-09 08:05:13,2022-06-09 08:07:31,Located_Indoors, In_Conversation,annotator,Behavioral Parameters,2022-06-09 01:03:51,2022-06-09 01:06:09
2022-06-09 08:07:31,2022-06-09 08:11:24,Located_Indoors, In_Conversation,annotator,Behavioral Parameters,2022-06-09 01:06:09,2022-06-09 01:10:02
2022-06-09 08:11:24,2022-06-09 08:11:57,Located_Indoors, In_Conversation,annotator,Behavioral Parameters,2022-06-09 01:10:02,2022-06-09 01:10:35
2022-06-09 08:11:57,2022-06-09 08:12:27,Located_Indoors, Typing_Computer,annotator,Behavioral Parameters,2022-06-09 01:10:35,2022-06-09 01:11:05
2022-06-09 08:12:27,2022-06-09 08:23:04,Located_Indoors, In_Conversation,annotator,Behavioral Parameters,2022-06-09 01:11:05,2022-06-09 01:21:42
2022-06-09 08:23:04,2022-06-09 08:23:52,Located_Indoors, Typing_Computer,annotator,Behavioral Parameters,2022-06-09 01:21:42,2022-06-09 01:22:30
2022-06-09 08:23:52,2022-06-09 08:26:46,Located_Indoors, In_Conversation,annotator,Behavioral Parameters,2022-06-09 01:22:30,2022-06-09 01:25:24
2022-06-09 08:26:46,2022-06-09 08:27:19,Located_Indoors, Typing_Computer,annotator,Behavioral Parameters,2022-06-09 01:25:24,2022-06-09 01:25:57
2022-06-09 08:27:19,2022-06-09 08:27:58,Located_Indoors, In_Conversation,annotator,Behavioral Parameters,2022-06-09 01:25:57,2022-06-09 01:26:36
2022-06-09 08:27:58,2022-06-09 08:28:32,Located_Indoors, Typing_Computer,annotator,Behavioral Parameters,2022-06-09 01:26:36,2022-06-09 01:27:10
2022-06-09 08:28:32,2022-06-09 08:30:18,Located_Indoors, In_Conversation,annotator,Behavioral Parameters,2022-06-09 01:27:10,2022-06-09 01:28:56
2022-06-09 08:30:18,2022-06-09 08:32:07,Located_Indoors, Typing_Computer,annotator,Behavioral Parameters,2022-06-09 01:28:56,2022-06-09 01:30:45
2022-06-09 08:32:07,2022-06-09 08:32:37,Located_Indoors,annotator,Behavioral Parameters,2022-06-09 01:30:45,2022-06-09 01:31:15
2022-06-09 08:32:37,2022-06-09 08:34:23,Located_Indoors, In_Conversation,annotator,Behavioral Parameters,2022-06-09 01:31:15,2022-06-09 01:33:01
2022-06-09 08:34:23,2022-06-09 08:36:52,Located_Indoors,annotator,Behavioral Parameters,2022-06-09 01:33:01,2022-06-09 01:35:30
2022-06-09 08:36:52,2022-06-09 08:40:31,Located_Indoors, In_Conversation,annotator,Behavioral Parameters,2022-06-09 01:35:30,2022-06-09 01:39:09
2022-06-09 08:40:31,2022-06-09 08:41:08,Located_Indoors, Typing_Computer,annotator,Behavioral Parameters,2022-06-09 01:39:09,2022-06-09 01:39:46
2022-06-09 08:41:08,2022-06-09 08:42:56,Located_Indoors, In_Conversation,annotator,Behavioral Parameters,2022-06-09 01:39:46,2022-06-09 01:41:34
2022-06-09 08:42:56,2022-06-09 08:43:24,Located_Indoors, Typing_Computer,annotator,Behavioral Parameters,2022-06-09 01:41:34,2022-06-09 01:42:02
2022-06-09 08:43:24,2022-06-09 08:44:03,Located_Indoors, In_Conversation,annotator,Behavioral Parameters,2022-06-09 01:42:02,2022-06-09 01:42:41
2022-06-09 08:44:03,2022-06-09 08:44:45,Located_Indoors, Typing_Computer,annotator,Behavioral Parameters,2022-06-09 01:42:41,2022-06-09 01:43:23
2022-06-09 08:44:45,2022-06-09 08:47:42,Located_Indoors, In_Conversation,annotator,Behavioral Parameters,2022-06-09 01:43:23,2022-06-09 01:46:20
2022-06-09 08:47:42,2022-06-09 08:50:49,Located_Indoors,annotator,Behavioral Parameters,2022-06-09 01:46:20,2022-06-09 01:49:27
2022-06-09 08:50:49,2022-06-09 08:51:40,Located_Indoors, In_Conversation,annotator,Behavioral Parameters,2022-06-09 01:49:27,2022-06-09 01:50:18
2022-06-09 08:51:40,2022-06-09 08:52:13,Located_Indoors, In_Conversation, Holding_Other_Object_Light,annotator,Behavioral Parameters,2022-06-09 01:50:18,2022-06-09 01:50:51
2022-06-09 08:52:13,2022-06-09 08:54:31,Located_Indoors, Texting/Browsing_Phone,annotator,Behavioral Parameters,2022-06-09 01:50:51,2022-06-09 01:53:09
2022-06-09 08:54:31,2022-06-09 08:57:21,Located_Indoors,annotator,Behavioral Parameters,2022-06-09 01:53:09,2022-06-09 01:55:59
2022-06-09 08:57:21,2022-06-09 09:00:38,Located_Indoors, In_Conversation,annotator,Behavioral Parameters,2022-06-09 01:55:59,2022-06-09 01:59:16
2022-06-09 09:00:38,2022-06-09 09:01:16,Located_Indoors, Texting/Browsing_Phone,annotator,Behavioral Parameters,2022-06-09 01:59:16,2022-06-09 01:59:54
2022-06-09 09:01:16,2022-06-09 09:01:53,Located_Indoors, In_Conversation,annotator,Behavioral Parameters,2022-06-09 01:59:54,2022-06-09 02:00:31
2022-06-09 09:01:53,2022-06-09 09:02:03,Located_Indoors, Typing_Computer,annotator,Behavioral Parameters,2022-06-09 02:00:31,2022-06-09 02:00:41
2022-06-09 09:02:03,2022-06-09 09:07:47,Located_Indoors, In_Conversation,annotator,Behavioral Parameters,2022-06-09 02:00:41,2022-06-09 02:06:25
2022-06-09 09:07:47,2022-06-09 09:08:08,Located_Indoors, Holding_Other_Object_Light,annotator,Behavioral Parameters,2022-06-09 02:06:25,2022-06-09 02:06:46
2022-06-09 09:08:08,2022-06-09 09:10:50,Located_Indoors,annotator,Behavioral Parameters,2022-06-09 02:06:46,2022-06-09 02:09:28
2022-06-09 09:10:50,2022-06-09 09:13:38,Located_Indoors, Texting/Browsing_Phone,annotator,Behavioral Parameters,2022-06-09 02:09:28,2022-06-09 02:12:16
2022-06-09 09:13:38,2022-06-09 09:14:43,Located_Indoors,annotator,Behavioral Parameters,2022-06-09 02:12:16,2022-06-09 02:13:21
2022-06-09 09:14:43,2022-06-09 09:15:07,Located_Indoors, In_Conversation,annotator,Behavioral Parameters,2022-06-09 02:13:21,2022-06-09 02:13:45
2022-06-09 09:15:07,2022-06-09 09:16:32,Located_Indoors,annotator,Behavioral Parameters,2022-06-09 02:13:45,2022-06-09 02:15:10
2022-06-09 09:16:32,2022-06-09 09:16:53,Located_Indoors, Typing_Computer,annotator,Behavioral Parameters,2022-06-09 02:15:10,2022-06-09 02:15:31
2022-06-09 09:16:53,2022-06-09 09:23:22,Located_Indoors, In_Conversation,annotator,Behavioral Parameters,2022-06-09 02:15:31,2022-06-09 02:22:00
2022-06-09 09:23:22,2022-06-09 09:23:47,Located_Indoors, In_Conversation,annotator,Behavioral Parameters,2022-06-09 02:22:00,2022-06-09 02:22:25
2022-06-09 09:23:47,2022-06-09 09:26:24,Located_Indoors, In_Conversation,annotator,Behavioral Parameters,2022-06-09 02:22:25,2022-06-09 02:25:02
2022-06-09 09:26:24,2022-06-09 09:29:40,Located_Indoors, In_Conversation,annotator,Behavioral Parameters,2022-06-09 02:25:02,2022-06-09 02:28:18
2022-06-09 09:29:40,2022-06-09 09:29:48,Located_Indoors, In_Conversation, Typing_Computer,annotator,Behavioral Parameters,2022-06-09 02:28:18,2022-06-09 02:28:26
2022-06-09 09:29:48,2022-06-09 09:31:33,Located_Indoors,annotator,Behavioral Parameters,2022-06-09 02:28:26,2022-06-09 02:30:11
2022-06-09 09:31:33,2022-06-09 09:35:01,Located_Indoors, In_Conversation,annotator,Behavioral Parameters,2022-06-09 02:30:11,2022-06-09 02:33:39
2022-06-09 09:35:01,2022-06-09 09:35:51,Located_Indoors, Holding_Other_Object_Light,annotator,Behavioral Parameters,2022-06-09 02:33:39,2022-06-09 02:34:29
2022-06-09 09:35:51,2022-06-09 09:36:28,Located_Indoors, Holding_Other_Object_Light,annotator,Behavioral Parameters,2022-06-09 02:34:29,2022-06-09 02:35:06
2022-06-09 09:36:28,2022-06-09 09:37:38,Located_Indoors, Holding_Other_Object_Light,annotator,Behavioral Parameters,2022-06-09 02:35:06,2022-06-09 02:36:16
2022-06-09 09:37:38,2022-06-09 09:38:45,Located_Indoors, Carrying_Bag_On_Shoulder/Back_Light, Texting/Browsing_Phone,annotator,Behavioral Parameters,2022-06-09 02:36:16,2022-06-09 02:37:23
2022-06-09 09:38:45,2022-06-09 09:39:28,Located_Indoors, Carrying_Bag_On_Shoulder/Back_Light, Texting/Browsing_Phone,annotator,Behavioral Parameters,2022-06-09 02:37:23,2022-06-09 02:38:06
2022-06-09 09:39:28,2022-06-09 09:39:43,Located_Indoors, Carrying_Bag_On_Shoulder/Back_Light, Texting/Browsing_Phone,annotator,Behavioral Parameters,2022-06-09 02:38:06,2022-06-09 02:38:21
2022-06-09 09:39:43,2022-06-09 09:40:13,Located_Indoors, Carrying_Bag_On_Shoulder/Back_Light, Texting/Browsing_Phone,annotator,Behavioral Parameters,2022-06-09 02:38:21,2022-06-09 02:38:51
2022-06-09 09:40:13,2022-06-09 09:40:29,Located_Indoors, Carrying_Bag_On_Shoulder/Back_Light, Texting/Browsing_Phone,annotator,Behavioral Parameters,2022-06-09 02:38:51,2022-06-09 02:39:07
2022-06-09 09:40:29,2022-06-09 09:40:45,Carrying_Bag_On_Shoulder/Back_Light, Texting/Browsing_Phone, Located_Outdoors,annotator,Behavioral Parameters,2022-06-09 02:39:07,2022-06-09 02:39:23
2022-06-09 09:40:45,2022-06-09 09:42:19,Carrying_Bag_On_Shoulder/Back_Light, Located_Outdoors,annotator,Behavioral Parameters,2022-06-09 02:39:23,2022-06-09 02:40:57
2022-06-09 09:42:19,2022-06-09 09:43:07,Carrying_Bag_On_Shoulder/Back_Light, Located_Outdoors, Texting/Browsing_Phone,annotator,Behavioral Parameters,2022-06-09 02:40:57,2022-06-09 02:41:45
2022-06-09 09:43:07,2022-06-09 09:46:06,Carrying_Bag_On_Shoulder/Back_Light, Located_Outdoors,annotator,Behavioral Parameters,2022-06-09 02:41:45,2022-06-09 02:44:44
2022-06-09 09:46:06,2022-06-09 09:46:27,Carrying_Bag_On_Shoulder/Back_Light, Located_Indoors,annotator,Behavioral Parameters,2022-06-09 02:44:44,2022-06-09 02:45:05
2022-06-09 09:46:27,2022-06-09 09:46:43,Carrying_Bag_On_Shoulder/Back_Light, Located_Indoors,annotator,Behavioral Parameters,2022-06-09 02:45:05,2022-06-09 02:45:21
2022-06-09 09:46:43,2022-06-09 09:47:07,Carrying_Bag_On_Shoulder/Back_Light, Located_Indoors,annotator,Behavioral Parameters,2022-06-09 02:45:21,2022-06-09 02:45:45
2022-06-09 09:47:07,2022-06-09 09:49:43,Located_Indoors,annotator,Behavioral Parameters,2022-06-09 02:45:45,2022-06-09 02:48:21
2022-06-09 09:49:43,2022-06-09 09:52:03,Located_Indoors, Texting/Browsing_Phone,annotator,Behavioral Parameters,2022-06-09 02:48:21,2022-06-09 02:50:41
2022-06-09 09:52:03,2022-06-09 09:55:02,Located_Indoors, Texting/Browsing_Phone,annotator,Behavioral Parameters,2022-06-09 02:50:41,2022-06-09 02:53:40
2022-06-09 09:55:02,2022-06-09 09:59:27,Located_Indoors, Texting/Browsing_Phone,annotator,Behavioral Parameters,2022-06-09 02:53:40,2022-06-09 02:58:05
2022-06-09 09:59:27,2022-06-09 10:02:43,Located_Indoors, Texting/Browsing_Phone,annotator,Behavioral Parameters,2022-06-09 02:58:05,2022-06-09 03:01:21
2022-06-09 10:02:43,2022-06-09 10:03:25,Located_Indoors,annotator,Behavioral Parameters,2022-06-09 03:01:21,2022-06-09 03:02:03
2022-06-09 10:03:25,2022-06-09 10:04:21,Located_Indoors,annotator,Behavioral Parameters,2022-06-09 03:02:03,2022-06-09 03:02:59
2022-06-09 10:04:21,2022-06-09 10:04:44,Located_Indoors,annotator,Behavioral Parameters,2022-06-09 03:02:59,2022-06-09 03:03:22
2022-06-09 10:04:44,2022-06-09 10:07:33,Located_Indoors, Texting/Browsing_Phone,annotator,Behavioral Parameters,2022-06-09 03:03:22,2022-06-09 03:06:11
2022-06-09 10:07:33,2022-06-09 10:07:42,Located_Indoors,annotator,Behavioral Parameters,2022-06-09 03:06:11,2022-06-09 03:06:20
2022-06-09 10:07:42,2022-06-09 10:09:24,Located_Indoors,annotator,Behavioral Parameters,2022-06-09 03:06:20,2022-06-09 03:08:02
2022-06-09 10:09:24,2022-06-09 10:09:43,Located_Indoors, Browsing_Computer,annotator,Behavioral Parameters,2022-06-09 03:08:02,2022-06-09 03:08:21
2022-06-09 10:09:43,2022-06-09 10:12:08,Located_Indoors,annotator,Behavioral Parameters,2022-06-09 03:08:21,2022-06-09 03:10:46
2022-06-09 10:12:08,2022-06-09 10:12:17,Located_Indoors, Browsing_Computer,annotator,Behavioral Parameters,2022-06-09 03:10:46,2022-06-09 03:10:55
2022-06-09 10:12:17,2022-06-09 10:12:31,Located_Indoors,annotator,Behavioral Parameters,2022-06-09 03:10:55,2022-06-09 03:11:09
2022-06-09 10:12:31,2022-06-09 10:13:04,Located_Indoors, Browsing_Computer,annotator,Behavioral Parameters,2022-06-09 03:11:09,2022-06-09 03:11:42
2022-06-09 10:13:04,2022-06-09 10:13:11,Located_Indoors,annotator,Behavioral Parameters,2022-06-09 03:11:42,2022-06-09 03:11:49
2022-06-09 10:13:11,2022-06-09 10:13:57,Located_Indoors, Texting/Browsing_Phone,annotator,Behavioral Parameters,2022-06-09 03:11:49,2022-06-09 03:12:35
2022-06-09 10:13:57,2022-06-09 10:14:09,Located_Indoors,annotator,Behavioral Parameters,2022-06-09 03:12:35,2022-06-09 03:12:47
2022-06-09 10:14:09,2022-06-09 10:15:34,Located_Indoors, Browsing_Computer,annotator,Behavioral Parameters,2022-06-09 03:12:47,2022-06-09 03:14:12
2022-06-09 10:15:34,2022-06-09 10:17:02,Located_Indoors, Texting/Browsing_Phone,annotator,Behavioral Parameters,2022-06-09 03:14:12,2022-06-09 03:15:40
2022-06-09 10:17:02,2022-06-09 10:18:11,Located_Indoors,annotator,Behavioral Parameters,2022-06-09 03:15:40,2022-06-09 03:16:49
2022-06-09 10:18:11,2022-06-09 10:18:26,Located_Indoors, Legs_Crossed,annotator,Behavioral Parameters,2022-06-09 03:16:49,2022-06-09 03:17:04
2022-06-09 10:18:26,2022-06-09 10:19:53,Located_Indoors,annotator,Behavioral Parameters,2022-06-09 03:17:04,2022-06-09 03:18:31
2022-06-09 10:19:53,2022-06-09 10:21:01,Located_Indoors, Browsing_Computer,annotator,Behavioral Parameters,2022-06-09 03:18:31,2022-06-09 03:19:39
2022-06-09 10:21:01,2022-06-09 10:21:07,Located_Indoors,annotator,Behavioral Parameters,2022-06-09 03:19:39,2022-06-09 03:19:45
2022-06-09 10:21:07,2022-06-09 10:21:26,Located_Indoors, In_Conversation,annotator,Behavioral Parameters,2022-06-09 03:19:45,2022-06-09 03:20:04
2022-06-09 10:21:26,2022-06-09 10:21:33,Located_Indoors,annotator,Behavioral Parameters,2022-06-09 03:20:04,2022-06-09 03:20:11
2022-06-09 10:21:33,2022-06-09 10:21:54,Located_Indoors,annotator,Behavioral Parameters,2022-06-09 03:20:11,2022-06-09 03:20:32
2022-06-09 10:21:54,2022-06-09 10:22:57,Located_Indoors,annotator,Behavioral Parameters,2022-06-09 03:20:32,2022-06-09 03:21:35
2022-06-09 10:22:57,2022-06-09 10:23:39,Located_Indoors, Browsing_Computer,annotator,Behavioral Parameters,2022-06-09 03:21:35,2022-06-09 03:22:17
2022-06-09 10:23:39,2022-06-09 10:24:43,Located_Indoors,annotator,Behavioral Parameters,2022-06-09 03:22:17,2022-06-09 03:23:21
2022-06-09 10:24:43,2022-06-09 10:25:28,Located_Indoors, Browsing_Computer,annotator,Behavioral Parameters,2022-06-09 03:23:21,2022-06-09 03:24:06
2022-06-09 10:25:28,2022-06-09 10:28:20,Located_Indoors, Texting/Browsing_Phone,annotator,Behavioral Parameters,2022-06-09 03:24:06,2022-06-09 03:26:58
2022-06-09 10:28:20,2022-06-09 10:30:18,Located_Indoors, Browsing_Computer,annotator,Behavioral Parameters,2022-06-09 03:26:58,2022-06-09 03:28:56
2022-06-09 10:30:18,2022-06-09 10:30:28,Located_Indoors, Texting/Browsing_Phone,annotator,Behavioral Parameters,2022-06-09 03:28:56,2022-06-09 03:29:06
2022-06-09 10:30:28,2022-06-09 10:32:21,Located_Indoors,annotator,Behavioral Parameters,2022-06-09 03:29:06,2022-06-09 03:30:59
2022-06-09 10:32:21,2022-06-09 10:32:27,Located_Indoors, Browsing_Computer,annotator,Behavioral Parameters,2022-06-09 03:30:59,2022-06-09 03:31:05
2022-06-09 10:32:27,2022-06-09 10:32:45,Located_Indoors,annotator,Behavioral Parameters,2022-06-09 03:31:05,2022-06-09 03:31:23
2022-06-09 10:32:45,2022-06-09 10:38:01,Located_Indoors, Browsing_Computer,annotator,Behavioral Parameters,2022-06-09 03:31:23,2022-06-09 03:36:39
2022-06-09 10:38:01,2022-06-09 10:38:52,Located_Indoors,annotator,Behavioral Parameters,2022-06-09 03:36:39,2022-06-09 03:37:30
2022-06-09 10:38:52,2022-06-09 10:41:23,Located_Indoors, Browsing_Computer,annotator,Behavioral Parameters,2022-06-09 03:37:30,2022-06-09 03:40:01
2022-06-09 10:41:23,2022-06-09 10:42:33,Located_Indoors,annotator,Behavioral Parameters,2022-06-09 03:40:01,2022-06-09 03:41:11
2022-06-09 10:42:33,2022-06-09 10:42:45,Located_Indoors, Browsing_Computer,annotator,Behavioral Parameters,2022-06-09 03:41:11,2022-06-09 03:41:23
2022-06-09 10:42:45,2022-06-09 10:43:31,Located_Indoors, Texting/Browsing_Phone,annotator,Behavioral Parameters,2022-06-09 03:41:23,2022-06-09 03:42:09
2022-06-09 10:43:31,2022-06-09 10:44:02,Located_Indoors,annotator,Behavioral Parameters,2022-06-09 03:42:09,2022-06-09 03:42:40
2022-06-09 10:44:02,2022-06-09 10:45:22,Located_Indoors, Browsing_Computer,annotator,Behavioral Parameters,2022-06-09 03:42:40,2022-06-09 03:44:00
2022-06-09 10:45:22,2022-06-09 10:48:13,Located_Indoors,annotator,Behavioral Parameters,2022-06-09 03:44:00,2022-06-09 03:46:51
2022-06-09 10:48:13,2022-06-09 10:49:39,Located_Indoors, Browsing_Computer,annotator,Behavioral Parameters,2022-06-09 03:46:51,2022-06-09 03:48:17
2022-06-09 10:49:39,2022-06-09 10:51:12,Located_Indoors,annotator,Behavioral Parameters,2022-06-09 03:48:17,2022-06-09 03:49:50
2022-06-09 10:51:12,2022-06-09 10:58:45,Located_Indoors, Texting/Browsing_Phone,annotator,Behavioral Parameters,2022-06-09 03:49:50,2022-06-09 03:57:23
2022-06-09 10:58:45,2022-06-09 10:59:48,Located_Indoors, Browsing_Computer,annotator,Behavioral Parameters,2022-06-09 03:57:23,2022-06-09 03:58:26
2022-06-09 10:59:48,2022-06-09 11:00:49,Located_Indoors, Texting/Browsing_Phone,annotator,Behavioral Parameters,2022-06-09 03:58:26,2022-06-09 03:59:27
2022-06-09 11:00:49,2022-06-09 11:02:00,Located_Indoors,annotator,Behavioral Parameters,2022-06-09 03:59:27,2022-06-09 04:00:38
2022-06-09 11:02:00,2022-06-09 11:02:54,Located_Indoors, Browsing_Computer,annotator,Behavioral Parameters,2022-06-09 04:00:38,2022-06-09 04:01:32
2022-06-09 11:02:54,2022-06-09 11:03:24,Located_Indoors, Texting/Browsing_Phone,annotator,Behavioral Parameters,2022-06-09 04:01:32,2022-06-09 04:02:02
2022-06-09 11:03:24,2022-06-09 11:05:13,Located_Indoors, Browsing_Computer,annotator,Behavioral Parameters,2022-06-09 04:02:02,2022-06-09 04:03:51
2022-06-09 11:05:13,2022-06-09 11:06:05,Located_Indoors,annotator,Behavioral Parameters,2022-06-09 04:03:51,2022-06-09 04:04:43
2022-06-09 11:06:05,2022-06-09 11:08:13,Located_Indoors, Browsing_Computer,annotator,Behavioral Parameters,2022-06-09 04:04:43,2022-06-09 04:06:51
2022-06-09 11:08:26,2022-06-09 11:09:00,Located_Indoors, Browsing_Computer,annotator,Behavioral Parameters,2022-06-09 04:07:04,2022-06-09 04:07:38
2022-06-09 11:09:00,2022-06-09 11:10:33,Located_Indoors,annotator,Behavioral Parameters,2022-06-09 04:07:38,2022-06-09 04:09:11
2022-06-09 11:10:33,2022-06-09 11:11:08,Located_Indoors, Browsing_Computer,annotator,Behavioral Parameters,2022-06-09 04:09:11,2022-06-09 04:09:46
2022-06-09 11:11:08,2022-06-09 11:11:57,Located_Indoors, Typing_Computer,annotator,Behavioral Parameters,2022-06-09 04:09:46,2022-06-09 04:10:35
2022-06-09 11:11:57,2022-06-09 11:15:11,Located_Indoors, Browsing_Computer,annotator,Behavioral Parameters,2022-06-09 04:10:35,2022-06-09 04:13:49
2022-06-09 11:15:11,2022-06-09 11:17:25,Located_Indoors, Texting/Browsing_Phone,annotator,Behavioral Parameters,2022-06-09 04:13:49,2022-06-09 04:16:03
2022-06-09 11:17:25,2022-06-09 11:18:57,Located_Indoors,annotator,Behavioral Parameters,2022-06-09 04:16:03,2022-06-09 04:17:35
2022-06-09 11:18:57,2022-06-09 11:21:11,Located_Indoors, Texting/Browsing_Phone,annotator,Behavioral Parameters,2022-06-09 04:17:35,2022-06-09 04:19:49
2022-06-09 11:21:11,2022-06-09 11:21:17,Located_Indoors,annotator,Behavioral Parameters,2022-06-09 04:19:49,2022-06-09 04:19:55
2022-06-09 11:21:17,2022-06-09 11:22:51,Located_Indoors, Browsing_Computer,annotator,Behavioral Parameters,2022-06-09 04:19:55,2022-06-09 04:21:29
2022-06-09 11:22:51,2022-06-09 11:24:20,Located_Indoors,annotator,Behavioral Parameters,2022-06-09 04:21:29,2022-06-09 04:22:58
2022-06-09 11:24:20,2022-06-09 11:24:25,Located_Indoors, Texting/Browsing_Phone,annotator,Behavioral Parameters,2022-06-09 04:22:58,2022-06-09 04:23:03
2022-06-09 11:24:25,2022-06-09 11:25:10,Located_Indoors,annotator,Behavioral Parameters,2022-06-09 04:23:03,2022-06-09 04:23:48
2022-06-09 11:25:10,2022-06-09 11:26:01,Located_Indoors, Texting/Browsing_Phone,annotator,Behavioral Parameters,2022-06-09 04:23:48,2022-06-09 04:24:39
2022-06-09 11:26:01,2022-06-09 11:26:31,Located_Indoors,annotator,Behavioral Parameters,2022-06-09 04:24:39,2022-06-09 04:25:09
2022-06-09 11:26:31,2022-06-09 11:27:09,Located_Indoors,annotator,Behavioral Parameters,2022-06-09 04:25:09,2022-06-09 04:25:47
2022-06-09 11:27:09,2022-06-09 11:27:35,Located_Indoors, Carrying_Bag_On_Shoulder/Back_Light,annotator,Behavioral Parameters,2022-06-09 04:25:47,2022-06-09 04:26:13
2022-06-09 11:27:35,2022-06-09 11:27:39,Carrying_Bag_On_Shoulder/Back_Light, Located_Outdoors,annotator,Behavioral Parameters,2022-06-09 04:26:13,2022-06-09 04:26:17
2022-06-09 11:27:39,2022-06-09 11:27:49,Carrying_Bag_On_Shoulder/Back_Light, Located_Outdoors, Texting/Browsing_Phone,annotator,Behavioral Parameters,2022-06-09 04:26:17,2022-06-09 04:26:27
2022-06-09 11:27:49,2022-06-09 11:36:05,Carrying_Bag_On_Shoulder/Back_Light, Located_Outdoors, On_Phone_Call,annotator,Behavioral Parameters,2022-06-09 04:26:27,2022-06-09 04:34:43
2022-06-09 11:36:05,2022-06-09 11:37:00,Carrying_Bag_On_Shoulder/Back_Light, Located_Outdoors,annotator,Behavioral Parameters,2022-06-09 04:34:43,2022-06-09 04:35:38
2022-06-09 11:37:00,2022-06-09 11:37:19,Carrying_Bag_On_Shoulder/Back_Light, Located_Outdoors,annotator,Behavioral Parameters,2022-06-09 04:35:38,2022-06-09 04:35:57
2022-06-09 11:37:19,2022-06-09 11:43:32,Carrying_Bag_On_Shoulder/Back_Light, Located_Outdoors,annotator,Behavioral Parameters,2022-06-09 04:35:57,2022-06-09 04:42:10
2022-06-09 11:43:32,2022-06-09 11:43:37,Carrying_Bag_On_Shoulder/Back_Light, Located_Outdoors,annotator,Behavioral Parameters,2022-06-09 04:42:10,2022-06-09 04:42:15
2022-06-09 11:43:37,2022-06-09 11:43:44,Carrying_Bag_On_Shoulder/Back_Light, Located_Outdoors,annotator,Behavioral Parameters,2022-06-09 04:42:15,2022-06-09 04:42:22
2022-06-09 11:43:44,2022-06-09 11:46:21,Carrying_Bag_On_Shoulder/Back_Light, Located_Outdoors,annotator,Behavioral Parameters,2022-06-09 04:42:22,2022-06-09 04:44:59
2022-06-09 11:46:21,2022-06-09 11:46:53,Carrying_Bag_On_Shoulder/Back_Light, Located_Outdoors,annotator,Behavioral Parameters,2022-06-09 04:44:59,2022-06-09 04:45:31
2022-06-09 11:46:53,2022-06-09 11:47:03,Carrying_Bag_On_Shoulder/Back_Light, Located_Outdoors,annotator,Behavioral Parameters,2022-06-09 04:45:31,2022-06-09 04:45:41
2022-06-09 11:47:03,2022-06-09 11:50:46,Carrying_Bag_On_Shoulder/Back_Light, Located_Outdoors, On_Phone_Call,annotator,Behavioral Parameters,2022-06-09 04:45:41,2022-06-09 04:49:24
2022-06-09 11:50:46,2022-06-09 11:51:02,Carrying_Bag_On_Shoulder/Back_Light, Located_Outdoors, On_Phone_Call,annotator,Behavioral Parameters,2022-06-09 04:49:24,2022-06-09 04:49:40
2022-06-09 11:51:02,2022-06-09 11:51:07,Carrying_Bag_On_Shoulder/Back_Light, Located_Outdoors, On_Phone_Call,annotator,Behavioral Parameters,2022-06-09 04:49:40,2022-06-09 04:49:45
2022-06-09 11:51:07,2022-06-09 11:51:29,Carrying_Bag_On_Shoulder/Back_Light, Located_Outdoors,annotator,Behavioral Parameters,2022-06-09 04:49:45,2022-06-09 04:50:07
2022-06-09 11:51:29,2022-06-09 11:51:37,Carrying_Bag_On_Shoulder/Back_Light, Located_Outdoors, On_Phone_Call,annotator,Behavioral Parameters,2022-06-09 04:50:07,2022-06-09 04:50:15
2022-06-09 11:51:37,2022-06-09 11:51:38,Carrying_Bag_On_Shoulder/Back_Light, On_Phone_Call, Located_Indoors,annotator,Behavioral Parameters,2022-06-09 04:50:15,2022-06-09 04:50:16
2022-06-09 11:51:38,2022-06-09 11:51:56,Carrying_Bag_On_Shoulder/Back_Light, On_Phone_Call, Located_Indoors,annotator,Behavioral Parameters,2022-06-09 04:50:16,2022-06-09 04:50:34
2022-06-09 11:51:56,2022-06-09 11:52:12,Carrying_Bag_On_Shoulder/Back_Light, Located_Indoors, Texting/Browsing_Phone,annotator,Behavioral Parameters,2022-06-09 04:50:34,2022-06-09 04:50:50
2022-06-09 11:52:12,2022-06-09 11:52:25,Carrying_Bag_On_Shoulder/Back_Light, Located_Indoors,annotator,Behavioral Parameters,2022-06-09 04:50:50,2022-06-09 04:51:03
2022-06-09 11:52:25,2022-06-09 11:52:33,Located_Indoors,annotator,Behavioral Parameters,2022-06-09 04:51:03,2022-06-09 04:51:11
2022-06-09 11:52:33,2022-06-09 11:52:37,Located_Indoors, Holding_Other_Object_Light,annotator,Behavioral Parameters,2022-06-09 04:51:11,2022-06-09 04:51:15
2022-06-09 11:52:37,2022-06-09 11:52:47,Located_Indoors, Holding_Other_Object_Light,annotator,Behavioral Parameters,2022-06-09 04:51:15,2022-06-09 04:51:25
2022-06-09 11:52:47,2022-06-09 11:53:35,Located_Indoors, Holding_Other_Object_Light,annotator,Behavioral Parameters,2022-06-09 04:51:25,2022-06-09 04:52:13
2022-06-09 11:53:35,2022-06-09 11:53:40,Located_Indoors, Holding_Other_Object_Light,annotator,Behavioral Parameters,2022-06-09 04:52:13,2022-06-09 04:52:18
2022-06-09 11:53:40,2022-06-09 11:53:49,Located_Indoors, Holding_Other_Object_Light,annotator,Behavioral Parameters,2022-06-09 04:52:18,2022-06-09 04:52:27
2022-06-09 11:53:49,2022-06-09 11:53:56,Located_Indoors, Holding_Other_Object_Light,annotator,Behavioral Parameters,2022-06-09 04:52:27,2022-06-09 04:52:34
2022-06-09 11:53:56,2022-06-09 11:54:19,Located_Indoors,annotator,Behavioral Parameters,2022-06-09 04:52:34,2022-06-09 04:52:57
2022-06-09 11:54:19,2022-06-09 11:54:53,Located_Indoors, Texting/Browsing_Phone,annotator,Behavioral Parameters,2022-06-09 04:52:57,2022-06-09 04:53:31
2022-06-09 11:54:53,2022-06-09 11:55:14,Located_Indoors,annotator,Behavioral Parameters,2022-06-09 04:53:31,2022-06-09 04:53:52
2022-06-09 11:55:14,2022-06-09 11:55:26,Located_Indoors,annotator,Behavioral Parameters,2022-06-09 04:53:52,2022-06-09 04:54:04
2022-06-09 11:55:26,2022-06-09 11:55:34,Located_Indoors, Texting/Browsing_Phone,annotator,Behavioral Parameters,2022-06-09 04:54:04,2022-06-09 04:54:12
2022-06-09 11:55:34,2022-06-09 11:56:13,Located_Indoors, Texting/Browsing_Phone,annotator,Behavioral Parameters,2022-06-09 04:54:12,2022-06-09 04:54:51
2022-06-09 11:56:13,2022-06-09 11:56:16,Located_Indoors, Texting/Browsing_Phone,annotator,Behavioral Parameters,2022-06-09 04:54:51,2022-06-09 04:54:54
2022-06-09 11:56:16,2022-06-09 11:56:25,Located_Indoors,annotator,Behavioral Parameters,2022-06-09 04:54:54,2022-06-09 04:55:03
2022-06-09 11:56:25,2022-06-09 11:59:24,Located_Indoors,annotator,Behavioral Parameters,2022-06-09 04:55:03,2022-06-09 04:58:02
2022-06-09 11:59:25,2022-06-09 12:00:23,Located_Indoors,annotator,Behavioral Parameters,2022-06-09 04:58:03,2022-06-09 04:59:01
2022-06-09 12:00:24,2022-06-09 12:00:30,Located_Indoors,annotator,Behavioral Parameters,2022-06-09 04:59:02,2022-06-09 04:59:08
2022-06-09 12:00:32,2022-06-09 12:00:43,Located_Indoors, Texting/Browsing_Phone,annotator,Behavioral Parameters,2022-06-09 04:59:10,2022-06-09 04:59:21
2022-06-09 12:00:43,2022-06-09 12:02:12,Located_Indoors,annotator,Behavioral Parameters,2022-06-09 04:59:21,2022-06-09 05:00:50
2022-06-09 12:02:12,2022-06-09 12:02:33,Located_Indoors, Texting/Browsing_Phone,annotator,Behavioral Parameters,2022-06-09 05:00:50,2022-06-09 05:01:11
2022-06-09 12:02:33,2022-06-09 12:04:14,Located_Indoors, Holding_Solid_Food,annotator,Behavioral Parameters,2022-06-09 05:01:11,2022-06-09 05:02:52
2022-06-09 12:04:14,2022-06-09 12:06:45,Located_Indoors,annotator,Behavioral Parameters,2022-06-09 05:02:52,2022-06-09 05:05:23
2022-06-09 12:06:45,2022-06-09 12:07:57,Located_Indoors,annotator,Behavioral Parameters,2022-06-09 05:05:23,2022-06-09 05:06:35
2022-06-09 12:07:57,2022-06-09 12:08:35,Located_Indoors, Holding_Other_Object_Light,annotator,Behavioral Parameters,2022-06-09 05:06:35,2022-06-09 05:07:13
2022-06-09 12:08:37,2022-06-09 12:08:39,Located_Indoors,annotator,Behavioral Parameters,2022-06-09 05:07:15,2022-06-09 05:07:17
2022-06-09 12:08:39,2022-06-09 12:08:49,Located_Indoors,annotator,Behavioral Parameters,2022-06-09 05:07:17,2022-06-09 05:07:27
2022-06-09 12:08:49,2022-06-09 12:09:02,Located_Indoors, Holding_Other_Object_Light,annotator,Behavioral Parameters,2022-06-09 05:07:27,2022-06-09 05:07:40
2022-06-09 12:09:02,2022-06-09 12:09:11,Located_Indoors, Holding_Drink,annotator,Behavioral Parameters,2022-06-09 05:07:40,2022-06-09 05:07:49
2022-06-09 12:09:11,2022-06-09 12:15:19,Located_Indoors,annotator,Behavioral Parameters,2022-06-09 05:07:49,2022-06-09 05:13:57
2022-06-09 12:15:19,2022-06-09 12:15:25,Located_Indoors, Holding_Other_Object_Light,annotator,Behavioral Parameters,2022-06-09 05:13:57,2022-06-09 05:14:03
2022-06-09 12:15:25,2022-06-09 12:16:03,Located_Indoors, Holding_Other_Object_Light,annotator,Behavioral Parameters,2022-06-09 05:14:03,2022-06-09 05:14:41
2022-06-09 12:16:03,2022-06-09 12:16:09,Located_Indoors,annotator,Behavioral Parameters,2022-06-09 05:14:41,2022-06-09 05:14:47
2022-06-09 12:16:09,2022-06-09 12:16:23,Located_Indoors, Holding_Solid_Food,annotator,Behavioral Parameters,2022-06-09 05:14:47,2022-06-09 05:15:01
2022-06-09 12:16:23,2022-06-09 12:19:11,Located_Indoors, Holding_Solid_Food,annotator,Behavioral Parameters,2022-06-09 05:15:01,2022-06-09 05:17:49
2022-06-09 12:19:11,2022-06-09 12:19:29,Located_Indoors,annotator,Behavioral Parameters,2022-06-09 05:17:49,2022-06-09 05:18:07
2022-06-09 12:19:29,2022-06-09 12:21:59,Located_Indoors,annotator,Behavioral Parameters,2022-06-09 05:18:07,2022-06-09 05:20:37
2022-06-09 12:21:59,2022-06-09 12:31:09,CP_VideoUnavailable/Indecipherable,annotator,Behavioral Parameters,2022-06-09 05:20:37,2022-06-09 05:29:47
2022-06-09 12:31:09,2022-06-09 12:31:38,Located_Indoors,annotator,Behavioral Parameters,2022-06-09 05:29:47,2022-06-09 05:30:16
2022-06-09 12:32:00,2022-06-09 12:32:00,Located_Indoors, Holding_Other_Object_Light,annotator,Behavioral Parameters,2022-06-09 05:30:38,2022-06-09 05:30:38
2022-06-09 12:32:01,2022-06-09 12:32:12,Located_Indoors, Holding_Other_Object_Light,annotator,Behavioral Parameters,2022-06-09 05:30:39,2022-06-09 05:30:50
2022-06-09 12:32:14,2022-06-09 12:32:25,Located_Indoors, Holding_Other_Object_Light,annotator,Behavioral Parameters,2022-06-09 05:30:52,2022-06-09 05:31:03
2022-06-09 12:32:25,2022-06-09 12:32:32,Located_Indoors, Holding_Other_Object_Light,annotator,Behavioral Parameters,2022-06-09 05:31:03,2022-06-09 05:31:10
2022-06-09 12:32:32,2022-06-09 12:32:53,Located_Indoors, Holding_Other_Object_Light,annotator,Behavioral Parameters,2022-06-09 05:31:10,2022-06-09 05:31:31
2022-06-09 12:32:53,2022-06-09 12:33:01,Located_Indoors, Holding_Other_Object_Light,annotator,Behavioral Parameters,2022-06-09 05:31:31,2022-06-09 05:31:39
2022-06-09 12:33:01,2022-06-09 12:33:08,Located_Indoors, Holding_Other_Object_Light,annotator,Behavioral Parameters,2022-06-09 05:31:39,2022-06-09 05:31:46
2022-06-09 12:33:08,2022-06-09 12:33:26,Located_Indoors, Holding_Other_Object_Light,annotator,Behavioral Parameters,2022-06-09 05:31:46,2022-06-09 05:32:04
2022-06-09 12:33:26,2022-06-09 12:33:28,Located_Indoors, Holding_Other_Object_Light,annotator,Behavioral Parameters,2022-06-09 05:32:04,2022-06-09 05:32:06
2022-06-09 12:33:28,2022-06-09 12:33:34,Holding_Other_Object_Light, Located_Outdoors,annotator,Behavioral Parameters,2022-06-09 05:32:06,2022-06-09 05:32:12
2022-06-09 12:33:34,2022-06-09 12:33:42,Holding_Other_Object_Light, Located_Outdoors,annotator,Behavioral Parameters,2022-06-09 05:32:12,2022-06-09 05:32:20
2022-06-09 12:33:42,2022-06-09 12:35:36,Holding_Other_Object_Light, Located_Outdoors,annotator,Behavioral Parameters,2022-06-09 05:32:20,2022-06-09 05:34:14
2022-06-09 12:35:36,2022-06-09 12:36:00,Holding_Other_Object_Light, Located_Outdoors, Texting/Browsing_Phone,annotator,Behavioral Parameters,2022-06-09 05:34:14,2022-06-09 05:34:38
2022-06-09 12:36:00,2022-06-09 12:41:02,Holding_Other_Object_Light, Located_Outdoors,annotator,Behavioral Parameters,2022-06-09 05:34:38,2022-06-09 05:39:40
2022-06-09 12:41:02,2022-06-09 13:26:47,CP_VideoUnavailable/Indecipherable,annotator,Behavioral Parameters,2022-06-09 05:39:40,2022-06-09 06:25:25
