START_TIME,STOP_TIME,PREDICTION,SOURCE,LABELSET,VIDEO_START_TIME,VIDEO_END_TIME
2022-05-27 10:58:27,2022-05-27 10:59:23,Located_Indoors, Holding_Other_Object_Light,annotator,Behavioral Parameters,2022-05-27 00:00:13,2022-05-27 00:01:09
2022-05-27 10:59:23,2022-05-27 10:59:59,Located_Indoors,annotator,Behavioral Parameters,2022-05-27 00:01:09,2022-05-27 00:01:45
2022-05-27 10:59:59,2022-05-27 11:01:10,Located_Indoors, Holding_Other_Object_Light,annotator,Behavioral Parameters,2022-05-27 00:01:45,2022-05-27 00:02:56
2022-05-27 11:01:10,2022-05-27 11:01:42,Located_Indoors, Holding_Other_Object_Light,annotator,Behavioral Parameters,2022-05-27 00:02:56,2022-05-27 00:03:28
2022-05-27 11:01:42,2022-05-27 11:02:08,Located_Indoors, Holding_Other_Object_Light,annotator,Behavioral Parameters,2022-05-27 00:03:28,2022-05-27 00:03:54
2022-05-27 11:02:08,2022-05-27 11:03:16,Located_Outdoors,annotator,Behavioral Parameters,2022-05-27 00:03:54,2022-05-27 00:05:02
2022-05-27 11:03:16,2022-05-27 11:03:39,Located_Indoors,annotator,Behavioral Parameters,2022-05-27 00:05:02,2022-05-27 00:05:25
2022-05-27 11:03:39,2022-05-27 11:03:58,Located_Indoors,annotator,Behavioral Parameters,2022-05-27 00:05:25,2022-05-27 00:05:44
2022-05-27 11:03:58,2022-05-27 11:04:27,Located_Indoors, Holding_Other_Object_Light,annotator,Behavioral Parameters,2022-05-27 00:05:44,2022-05-27 00:06:13
2022-05-27 11:04:27,2022-05-27 11:04:43,Located_Indoors, Holding_Other_Object_Light,annotator,Behavioral Parameters,2022-05-27 00:06:13,2022-05-27 00:06:29
2022-05-27 11:04:43,2022-05-27 11:04:54,Located_Indoors,annotator,Behavioral Parameters,2022-05-27 00:06:29,2022-05-27 00:06:40
2022-05-27 11:04:54,2022-05-27 11:05:38,Located_Indoors, Holding_Other_Object_Light,annotator,Behavioral Parameters,2022-05-27 00:06:40,2022-05-27 00:07:24
2022-05-27 11:05:38,2022-05-27 11:05:53,Located_Indoors, Holding_Other_Object_Light,annotator,Behavioral Parameters,2022-05-27 00:07:24,2022-05-27 00:07:39
2022-05-27 11:05:53,2022-05-27 11:06:05,Located_Indoors, Holding_Other_Object_Light,annotator,Behavioral Parameters,2022-05-27 00:07:39,2022-05-27 00:07:51
2022-05-27 11:06:05,2022-05-27 11:07:13,Holding_Other_Object_Light, Located_Outdoors,annotator,Behavioral Parameters,2022-05-27 00:07:51,2022-05-27 00:08:59
2022-05-27 11:07:13,2022-05-27 11:07:59,Holding_Other_Object_Light, Located_Indoors,annotator,Behavioral Parameters,2022-05-27 00:08:59,2022-05-27 00:09:45
2022-05-27 11:07:59,2022-05-27 11:08:37,Holding_Other_Object_Light, Located_Indoors,annotator,Behavioral Parameters,2022-05-27 00:09:45,2022-05-27 00:10:23
2022-05-27 11:08:37,2022-05-27 11:09:19,Holding_Other_Object_Light, Located_Indoors,annotator,Behavioral Parameters,2022-05-27 00:10:23,2022-05-27 00:11:05
2022-05-27 11:09:19,2022-05-27 11:10:22,Located_Indoors,annotator,Behavioral Parameters,2022-05-27 00:11:05,2022-05-27 00:12:08
2022-05-27 11:10:22,2022-05-27 11:13:57,Located_Indoors, Browsing_Computer,annotator,Behavioral Parameters,2022-05-27 00:12:08,2022-05-27 00:15:43
2022-05-27 11:13:57,2022-05-27 11:48:45,Located_Indoors,annotator,Behavioral Parameters,2022-05-27 00:15:43,2022-05-27 00:50:31
2022-05-27 11:48:45,2022-05-27 11:50:17,Located_Indoors, Holding_Other_Object_Light, Texting/Browsing_Phone,annotator,Behavioral Parameters,2022-05-27 00:50:31,2022-05-27 00:52:03
2022-05-27 11:50:17,2022-05-27 11:53:06,Located_Indoors,annotator,Behavioral Parameters,2022-05-27 00:52:03,2022-05-27 00:54:52
2022-05-27 11:53:06,2022-05-27 11:53:39,Located_Indoors, Holding_Other_Object_Light, Texting/Browsing_Phone,annotator,Behavioral Parameters,2022-05-27 00:54:52,2022-05-27 00:55:25
2022-05-27 11:53:39,2022-05-27 12:09:04,Located_Indoors,annotator,Behavioral Parameters,2022-05-27 00:55:25,2022-05-27 01:10:50
2022-05-27 12:09:04,2022-05-27 12:10:13,Located_Indoors,annotator,Behavioral Parameters,2022-05-27 01:10:50,2022-05-27 01:11:59
2022-05-27 12:10:13,2022-05-27 12:10:44,Located_Indoors,annotator,Behavioral Parameters,2022-05-27 01:11:59,2022-05-27 01:12:30
2022-05-27 12:10:44,2022-05-27 12:11:08,Located_Indoors,annotator,Behavioral Parameters,2022-05-27 01:12:30,2022-05-27 01:12:54
2022-05-27 12:11:09,2022-05-27 12:12:16,Located_Outdoors,annotator,Behavioral Parameters,2022-05-27 01:12:55,2022-05-27 01:14:02
2022-05-27 12:12:16,2022-05-27 12:12:37,Located_Indoors,annotator,Behavioral Parameters,2022-05-27 01:14:02,2022-05-27 01:14:23
2022-05-27 12:12:37,2022-05-27 12:12:54,Located_Indoors,annotator,Behavioral Parameters,2022-05-27 01:14:23,2022-05-27 01:14:40
2022-05-27 12:12:54,2022-05-27 12:13:16,Located_Indoors,annotator,Behavioral Parameters,2022-05-27 01:14:40,2022-05-27 01:15:02
2022-05-27 12:13:16,2022-05-27 12:16:20,Located_Indoors,annotator,Behavioral Parameters,2022-05-27 01:15:02,2022-05-27 01:18:06
2022-05-27 12:16:20,2022-05-27 12:17:42,Located_Indoors,annotator,Behavioral Parameters,2022-05-27 01:18:06,2022-05-27 01:19:28
2022-05-27 12:17:42,2022-05-27 12:18:18,Located_Indoors, Holding_Other_Object_Light, Texting/Browsing_Phone,annotator,Behavioral Parameters,2022-05-27 01:19:28,2022-05-27 01:20:04
2022-05-27 12:18:18,2022-05-27 12:18:38,Located_Indoors, Holding_Other_Object_Light, Texting/Browsing_Phone,annotator,Behavioral Parameters,2022-05-27 01:20:04,2022-05-27 01:20:24
2022-05-27 12:18:38,2022-05-27 12:18:55,Located_Indoors, Holding_Other_Object_Light, Texting/Browsing_Phone,annotator,Behavioral Parameters,2022-05-27 01:20:24,2022-05-27 01:20:41
2022-05-27 12:18:55,2022-05-27 12:20:01,Holding_Other_Object_Light, Texting/Browsing_Phone, Located_Outdoors,annotator,Behavioral Parameters,2022-05-27 01:20:41,2022-05-27 01:21:47
2022-05-27 12:20:01,2022-05-27 12:22:28,Located_Indoors, Holding_Solid_Food,annotator,Behavioral Parameters,2022-05-27 01:21:47,2022-05-27 01:24:14
2022-05-27 12:22:28,2022-05-27 12:22:49,Located_Outdoors,annotator,Behavioral Parameters,2022-05-27 01:24:14,2022-05-27 01:24:35
2022-05-27 12:22:49,2022-05-27 12:23:34,Located_Indoors, Holding_Solid_Food,annotator,Behavioral Parameters,2022-05-27 01:24:35,2022-05-27 01:25:20
2022-05-27 12:23:34,2022-05-27 12:24:06,Located_Indoors, Holding_Solid_Food,annotator,Behavioral Parameters,2022-05-27 01:25:20,2022-05-27 01:25:52
2022-05-27 12:24:06,2022-05-27 12:24:54,Located_Indoors, Holding_Solid_Food,annotator,Behavioral Parameters,2022-05-27 01:25:52,2022-05-27 01:26:40
2022-05-27 12:24:54,2022-05-27 12:25:13,Located_Indoors,annotator,Behavioral Parameters,2022-05-27 01:26:40,2022-05-27 01:26:59
2022-05-27 12:25:13,2022-05-27 12:26:54,Located_Indoors,annotator,Behavioral Parameters,2022-05-27 01:26:59,2022-05-27 01:28:40
2022-05-27 12:26:54,2022-05-27 12:27:11,Located_Indoors, Holding_Other_Object_Light, Texting/Browsing_Phone,annotator,Behavioral Parameters,2022-05-27 01:28:40,2022-05-27 01:28:57
2022-05-27 12:27:11,2022-05-27 13:05:36,Located_Indoors, Holding_Other_Object_Light,annotator,Behavioral Parameters,2022-05-27 01:28:57,2022-05-27 02:07:22
2022-05-27 13:05:36,2022-05-27 13:06:28,Located_Indoors,annotator,Behavioral Parameters,2022-05-27 02:07:22,2022-05-27 02:08:14
2022-05-27 13:06:28,2022-05-27 13:07:01,Located_Indoors, Holding_Other_Object_Light, Texting/Browsing_Phone,annotator,Behavioral Parameters,2022-05-27 02:08:14,2022-05-27 02:08:47
2022-05-27 13:07:01,2022-05-27 13:08:01,Located_Indoors,annotator,Behavioral Parameters,2022-05-27 02:08:47,2022-05-27 02:09:47
2022-05-27 13:08:01,2022-05-27 13:08:38,Located_Indoors,annotator,Behavioral Parameters,2022-05-27 02:09:47,2022-05-27 02:10:24
2022-05-27 13:08:38,2022-05-27 13:09:10,Located_Indoors,annotator,Behavioral Parameters,2022-05-27 02:10:24,2022-05-27 02:10:56
2022-05-27 13:09:10,2022-05-27 13:18:45,Located_Outdoors,annotator,Behavioral Parameters,2022-05-27 02:10:56,2022-05-27 02:20:31
2022-05-27 13:18:45,2022-05-27 13:20:38,Located_Indoors, Holding_Solid_Food, Holding_Drink,annotator,Behavioral Parameters,2022-05-27 02:20:31,2022-05-27 02:22:24
2022-05-27 13:20:38,2022-05-27 13:26:27,Located_Indoors, Holding_Drink, Holding_Solid_Food,annotator,Behavioral Parameters,2022-05-27 02:22:24,2022-05-27 02:28:13
2022-05-27 13:26:27,2022-05-27 13:26:43,Located_Indoors, Holding_Other_Object_Light, Texting/Browsing_Phone,annotator,Behavioral Parameters,2022-05-27 02:28:13,2022-05-27 02:28:29
2022-05-27 13:26:43,2022-05-27 13:27:44,Located_Indoors, Holding_Solid_Food,annotator,Behavioral Parameters,2022-05-27 02:28:29,2022-05-27 02:29:30
2022-05-27 13:27:44,2022-05-27 13:32:31,Located_Indoors, Holding_Drink, Holding_Other_Object_Light, Texting/Browsing_Phone,annotator,Behavioral Parameters,2022-05-27 02:29:30,2022-05-27 02:34:17
2022-05-27 13:32:31,2022-05-27 13:33:14,Located_Indoors, Holding_Other_Object_Light,annotator,Behavioral Parameters,2022-05-27 02:34:17,2022-05-27 02:35:00
2022-05-27 13:33:14,2022-05-27 13:33:20,Located_Indoors,annotator,Behavioral Parameters,2022-05-27 02:35:00,2022-05-27 02:35:06
2022-05-27 13:33:20,2022-05-27 13:33:28,Located_Indoors,annotator,Behavioral Parameters,2022-05-27 02:35:06,2022-05-27 02:35:14
2022-05-27 13:33:28,2022-05-27 13:42:46,Located_Outdoors,annotator,Behavioral Parameters,2022-05-27 02:35:14,2022-05-27 02:44:32
2022-05-27 13:42:46,2022-05-27 13:43:34,Located_Indoors,annotator,Behavioral Parameters,2022-05-27 02:44:32,2022-05-27 02:45:20
2022-05-27 13:43:34,2022-05-27 13:44:13,Located_Indoors,annotator,Behavioral Parameters,2022-05-27 02:45:20,2022-05-27 02:45:59
2022-05-27 13:44:13,2022-05-27 13:44:49,Located_Indoors,annotator,Behavioral Parameters,2022-05-27 02:45:59,2022-05-27 02:46:35
2022-05-27 13:44:49,2022-05-27 13:50:21,Located_Indoors,annotator,Behavioral Parameters,2022-05-27 02:46:35,2022-05-27 02:52:07
2022-05-27 13:50:21,2022-05-27 13:50:50,Located_Indoors, Holding_Other_Object_Light, Texting/Browsing_Phone,annotator,Behavioral Parameters,2022-05-27 02:52:07,2022-05-27 02:52:36
2022-05-27 13:50:50,2022-05-27 13:51:41,Located_Indoors,annotator,Behavioral Parameters,2022-05-27 02:52:36,2022-05-27 02:53:27
2022-05-27 13:51:41,2022-05-27 13:53:08,BP_VideoUnavailable/Indecipherable,annotator,Behavioral Parameters,2022-05-27 02:53:27,2022-05-27 02:54:54
2022-05-27 13:53:08,2022-05-27 14:11:53,Located_Indoors,annotator,Behavioral Parameters,2022-05-27 02:54:54,2022-05-27 03:13:39
2022-05-27 14:11:53,2022-05-27 14:18:51,BP_VideoUnavailable/Indecipherable,annotator,Behavioral Parameters,2022-05-27 03:13:39,2022-05-27 03:20:37
2022-05-27 14:18:51,2022-05-27 14:47:34,Located_Indoors,annotator,Behavioral Parameters,2022-05-27 03:20:37,2022-05-27 03:49:20
2022-05-27 14:47:34,2022-05-27 14:49:23,Located_Indoors, Holding_Other_Object_Light, Texting/Browsing_Phone,annotator,Behavioral Parameters,2022-05-27 03:49:20,2022-05-27 03:51:09
2022-05-27 14:49:23,2022-05-27 16:02:30,Located_Indoors,annotator,Behavioral Parameters,2022-05-27 03:51:09,2022-05-27 05:04:16
2022-05-27 16:02:30,2022-05-27 16:04:05,BP_VideoUnavailable/Indecipherable,annotator,Behavioral Parameters,2022-05-27 05:04:16,2022-05-27 05:05:51
2022-05-27 16:04:05,2022-05-27 16:04:41,Located_Indoors, Holding_Other_Object_Light,annotator,Behavioral Parameters,2022-05-27 05:05:51,2022-05-27 05:06:27
2022-05-27 16:04:41,2022-05-27 16:05:23,Located_Indoors, Holding_Other_Object_Light,annotator,Behavioral Parameters,2022-05-27 05:06:27,2022-05-27 05:07:09
2022-05-27 16:05:23,2022-05-27 16:07:36,Located_Indoors,annotator,Behavioral Parameters,2022-05-27 05:07:09,2022-05-27 05:09:22
2022-05-27 16:07:36,2022-05-27 16:08:14,Located_Indoors,annotator,Behavioral Parameters,2022-05-27 05:09:22,2022-05-27 05:10:00
2022-05-27 16:08:14,2022-05-27 16:08:55,Located_Indoors,annotator,Behavioral Parameters,2022-05-27 05:10:00,2022-05-27 05:10:41
2022-05-27 16:08:55,2022-05-27 16:09:24,Located_Indoors,annotator,Behavioral Parameters,2022-05-27 05:10:41,2022-05-27 05:11:10
2022-05-27 16:09:24,2022-05-27 16:16:02,Located_Outdoors, Holding_Other_Object_Light,annotator,Behavioral Parameters,2022-05-27 05:11:10,2022-05-27 05:17:48
2022-05-27 16:16:02,2022-05-27 16:16:20,Located_Outdoors,annotator,Behavioral Parameters,2022-05-27 05:17:48,2022-05-27 05:18:06
2022-05-27 16:16:20,2022-05-27 16:16:45,Located_Outdoors,annotator,Behavioral Parameters,2022-05-27 05:18:06,2022-05-27 05:18:31
2022-05-27 16:16:45,2022-05-27 16:17:11,Located_Outdoors,annotator,Behavioral Parameters,2022-05-27 05:18:31,2022-05-27 05:18:57
2022-05-27 16:17:11,2022-05-27 16:17:51,Located_Outdoors,annotator,Behavioral Parameters,2022-05-27 05:18:57,2022-05-27 05:19:37
2022-05-27 16:17:51,2022-05-27 16:18:38,Located_Outdoors,annotator,Behavioral Parameters,2022-05-27 05:19:37,2022-05-27 05:20:24
2022-05-27 16:18:38,2022-05-27 17:14:35,Located_Outdoors,annotator,Behavioral Parameters,2022-05-27 05:20:24,2022-05-27 06:16:21
2022-05-27 17:14:35,2022-05-27 17:15:26,Located_Outdoors, Holding_Other_Object_Light,annotator,Behavioral Parameters,2022-05-27 06:16:21,2022-05-27 06:17:12
2022-05-27 17:15:26,2022-05-27 17:15:49,Located_Outdoors,annotator,Behavioral Parameters,2022-05-27 06:17:12,2022-05-27 06:17:35
2022-05-27 17:15:49,2022-05-27 17:16:15,Located_Outdoors,annotator,Behavioral Parameters,2022-05-27 06:17:35,2022-05-27 06:18:01
2022-05-27 17:16:15,2022-05-27 17:16:33,Located_Outdoors,annotator,Behavioral Parameters,2022-05-27 06:18:01,2022-05-27 06:18:19
2022-05-27 17:16:33,2022-05-27 17:21:32,Located_Outdoors,annotator,Behavioral Parameters,2022-05-27 06:18:19,2022-05-27 06:23:18
2022-05-27 17:21:32,2022-05-27 17:23:11,BP_VideoUnavailable/Indecipherable,annotator,Behavioral Parameters,2022-05-27 06:23:18,2022-05-27 06:24:57
2022-05-27 17:23:11,2022-05-27 17:26:10,Located_Indoors, Holding_Drink,annotator,Behavioral Parameters,2022-05-27 06:24:57,2022-05-27 06:27:56
2022-05-27 17:26:10,2022-05-27 17:27:55,BP_VideoUnavailable/Indecipherable,annotator,Behavioral Parameters,2022-05-27 06:27:56,2022-05-27 06:29:41
2022-05-27 17:27:55,2022-05-27 17:28:21,Located_Indoors, Holding_Drink,annotator,Behavioral Parameters,2022-05-27 06:29:41,2022-05-27 06:30:07
2022-05-27 17:28:21,2022-05-27 17:41:28,Holding_Drink, Holding_Other_Object_Light, Located_Outdoors,annotator,Behavioral Parameters,2022-05-27 06:30:07,2022-05-27 06:43:14
2022-05-27 17:41:28,2022-05-27 17:42:41,Located_Indoors, Holding_Other_Object_Light, Texting/Browsing_Phone,annotator,Behavioral Parameters,2022-05-27 06:43:14,2022-05-27 06:44:27
2022-05-27 17:42:41,2022-05-27 17:43:19,Located_Indoors, Holding_Other_Object_Light, Texting/Browsing_Phone,annotator,Behavioral Parameters,2022-05-27 06:44:27,2022-05-27 06:45:05
2022-05-27 17:43:19,2022-05-27 17:44:00,Located_Indoors,annotator,Behavioral Parameters,2022-05-27 06:45:05,2022-05-27 06:45:46
2022-05-27 17:44:00,2022-05-27 17:48:40,Located_Indoors,annotator,Behavioral Parameters,2022-05-27 06:45:46,2022-05-27 06:50:26
2022-05-27 17:48:40,2022-05-27 17:57:24,BP_VideoUnavailable/Indecipherable,annotator,Behavioral Parameters,2022-05-27 06:50:26,2022-05-27 06:59:10
2022-05-27 17:57:24,2022-05-27 17:58:04,Located_Indoors, Holding_Other_Object_Light,annotator,Behavioral Parameters,2022-05-27 06:59:10,2022-05-27 06:59:50
2022-05-27 17:58:06,2022-05-27 17:58:18,Located_Indoors, Holding_Drink,annotator,Behavioral Parameters,2022-05-27 06:59:52,2022-05-27 07:00:04
2022-05-27 17:58:18,2022-05-27 17:59:41,Located_Indoors, Holding_Other_Object_Light,annotator,Behavioral Parameters,2022-05-27 07:00:04,2022-05-27 07:01:27
2022-05-27 17:59:41,2022-05-27 17:59:48,Located_Indoors, Holding_Drink,annotator,Behavioral Parameters,2022-05-27 07:01:27,2022-05-27 07:01:34
2022-05-27 17:59:48,2022-05-27 18:05:13,Located_Indoors, Holding_Drink, Holding_Other_Object_Light, Texting/Browsing_Phone,annotator,Behavioral Parameters,2022-05-27 07:01:34,2022-05-27 07:06:59
2022-05-27 18:05:13,2022-05-27 18:10:07,Located_Indoors, Holding_Other_Object_Light, Texting/Browsing_Phone,annotator,Behavioral Parameters,2022-05-27 07:06:59,2022-05-27 07:11:53
2022-05-27 18:10:07,2022-05-27 18:22:59,Located_Indoors,annotator,Behavioral Parameters,2022-05-27 07:11:53,2022-05-27 07:24:45
2022-05-27 18:22:59,2022-05-27 18:23:15,Located_Indoors,annotator,Behavioral Parameters,2022-05-27 07:24:45,2022-05-27 07:25:01
2022-05-27 18:23:15,2022-05-27 18:41:52,Located_Indoors,annotator,Behavioral Parameters,2022-05-27 07:25:01,2022-05-27 07:43:38
2022-05-27 18:41:52,2022-05-27 18:43:09,Located_Indoors, Holding_Other_Object_Light, Texting/Browsing_Phone,annotator,Behavioral Parameters,2022-05-27 07:43:38,2022-05-27 07:44:55
2022-05-27 18:43:09,2022-05-27 18:52:00,Located_Indoors,annotator,Behavioral Parameters,2022-05-27 07:44:55,2022-05-27 07:53:46
2022-05-27 18:52:00,2022-05-27 18:54:27,Located_Indoors, Holding_Other_Object_Light, Texting/Browsing_Phone,annotator,Behavioral Parameters,2022-05-27 07:53:46,2022-05-27 07:56:13
2022-05-27 18:54:27,2022-05-27 20:02:22,Located_Indoors,annotator,Behavioral Parameters,2022-05-27 07:56:13,2022-05-27 09:04:08
2022-05-27 20:02:22,2022-05-27 20:03:25,Located_Indoors, Typing_Computer,annotator,Behavioral Parameters,2022-05-27 09:04:08,2022-05-27 09:05:11
2022-05-27 20:03:25,2022-05-27 20:07:43,Located_Indoors, Typing_Computer,annotator,Behavioral Parameters,2022-05-27 09:05:11,2022-05-27 09:09:29
2022-05-27 20:07:43,2022-05-27 20:29:52,Located_Indoors, Browsing_Computer, Typing_Computer,annotator,Behavioral Parameters,2022-05-27 09:09:29,2022-05-27 09:31:38
2022-05-27 20:29:52,2022-05-27 20:36:52,BP_VideoUnavailable/Indecipherable,annotator,Behavioral Parameters,2022-05-27 09:31:38,2022-05-27 09:38:38
2022-05-27 20:36:52,2022-05-27 20:37:36,Located_Indoors, Browsing_Computer,annotator,Behavioral Parameters,2022-05-27 09:38:38,2022-05-27 09:39:22
2022-05-27 20:37:36,2022-05-27 20:38:06,Located_Indoors,annotator,Behavioral Parameters,2022-05-27 09:39:22,2022-05-27 09:39:52
2022-05-27 20:38:06,2022-05-27 20:53:27,Located_Indoors, Browsing_Computer,annotator,Behavioral Parameters,2022-05-27 09:39:52,2022-05-27 09:55:13
2022-05-27 20:53:27,2022-05-27 20:55:11,Located_Indoors,annotator,Behavioral Parameters,2022-05-27 09:55:13,2022-05-27 09:56:57
2022-05-27 20:55:11,2022-05-27 20:57:49,Located_Indoors, Browsing_Computer,annotator,Behavioral Parameters,2022-05-27 09:56:57,2022-05-27 09:59:35
2022-05-27 20:57:49,2022-05-27 20:58:38,Located_Indoors, Holding_Other_Object_Light, Texting/Browsing_Phone,annotator,Behavioral Parameters,2022-05-27 09:59:35,2022-05-27 10:00:24
2022-05-27 20:58:38,2022-05-27 21:09:52,Located_Indoors, Browsing_Computer,annotator,Behavioral Parameters,2022-05-27 10:00:24,2022-05-27 10:11:38
