START_TIME,STOP_TIME,PREDICTION,SOURCE,LABELSET,VIDEO_START_TIME,VIDEO_END_TIME
2022-03-08 20:09:11,2022-03-08 20:10:24,Free_Living,annotator,Experimental situation,2022-03-08 00:00:07,2022-03-08 00:01:20
2022-03-08 20:10:24,2022-03-08 20:10:52,Free_Living,annotator,Experimental situation,2022-03-08 00:01:20,2022-03-08 00:01:48
2022-03-08 20:10:52,2022-03-08 20:10:59,Free_Living,annotator,Experimental situation,2022-03-08 00:01:48,2022-03-08 00:01:55
2022-03-08 20:10:59,2022-03-08 20:12:48,Free_Living,annotator,Experimental situation,2022-03-08 00:01:55,2022-03-08 00:03:44
2022-03-08 20:12:48,2022-03-08 20:13:19,ES_VideoUnavailable/Indecipherable,annotator,Experimental situation,2022-03-08 00:03:44,2022-03-08 00:04:15
2022-03-08 20:13:19,2022-03-08 20:24:22,Free_Living,annotator,Experimental situation,2022-03-08 00:04:15,2022-03-08 00:15:18
2022-03-08 20:24:22,2022-03-08 20:26:08,Free_Living,annotator,Experimental situation,2022-03-08 00:15:18,2022-03-08 00:17:04
2022-03-08 20:26:21,2022-03-08 21:03:56,Free_Living,annotator,Experimental situation,2022-03-08 00:17:17,2022-03-08 00:54:52
2022-03-08 21:03:56,2022-03-08 21:05:56,ES_VideoUnavailable/Indecipherable,annotator,Experimental situation,2022-03-08 00:54:52,2022-03-08 00:56:52
2022-03-08 21:05:56,2022-03-08 21:07:18,Free_Living,annotator,Experimental situation,2022-03-08 00:56:52,2022-03-08 00:58:14
2022-03-08 21:07:18,2022-03-08 21:09:10,ES_VideoUnavailable/Indecipherable,annotator,Experimental situation,2022-03-08 00:58:14,2022-03-08 01:00:06
2022-03-08 21:09:10,2022-03-08 21:10:07,Free_Living,annotator,Experimental situation,2022-03-08 01:00:06,2022-03-08 01:01:03
2022-03-08 21:10:07,2022-03-08 21:14:05,Free_Living,annotator,Experimental situation,2022-03-08 01:01:03,2022-03-08 01:05:01
2022-03-08 21:14:05,2022-03-08 21:14:51,Free_Living,annotator,Experimental situation,2022-03-08 01:05:01,2022-03-08 01:05:47
2022-03-08 21:14:51,2022-03-08 21:15:22,Free_Living,annotator,Experimental situation,2022-03-08 01:05:47,2022-03-08 01:06:18
2022-03-08 21:15:37,2022-03-08 21:15:58,Free_Living,annotator,Experimental situation,2022-03-08 01:06:33,2022-03-08 01:06:54
2022-03-08 21:15:58,2022-03-08 21:16:15,Free_Living,annotator,Experimental situation,2022-03-08 01:06:54,2022-03-08 01:07:11
2022-03-08 21:16:15,2022-03-08 21:22:27,Free_Living,annotator,Experimental situation,2022-03-08 01:07:11,2022-03-08 01:13:23
2022-03-08 21:22:27,2022-03-08 21:22:37,ES_VideoUnavailable/Indecipherable,annotator,Experimental situation,2022-03-08 01:13:23,2022-03-08 01:13:33
2022-03-08 21:22:37,2022-03-08 21:33:19,Free_Living,annotator,Experimental situation,2022-03-08 01:13:33,2022-03-08 01:24:15
2022-03-08 21:33:19,2022-03-08 21:34:15,Free_Living,annotator,Experimental situation,2022-03-08 01:24:15,2022-03-08 01:25:11
2022-03-08 21:34:15,2022-03-08 21:37:23,Free_Living,annotator,Experimental situation,2022-03-08 01:25:11,2022-03-08 01:28:19
2022-03-08 21:37:23,2022-03-08 21:38:08,ES_VideoUnavailable/Indecipherable,annotator,Experimental situation,2022-03-08 01:28:19,2022-03-08 01:29:04
2022-03-08 21:38:08,2022-03-08 21:39:24,Free_Living,annotator,Experimental situation,2022-03-08 01:29:04,2022-03-08 01:30:20
2022-03-08 21:39:24,2022-03-08 21:42:11,Free_Living,annotator,Experimental situation,2022-03-08 01:30:20,2022-03-08 01:33:07
2022-03-08 21:42:11,2022-03-08 21:42:56,ES_VideoUnavailable/Indecipherable,annotator,Experimental situation,2022-03-08 01:33:07,2022-03-08 01:33:52
2022-03-08 21:42:56,2022-03-08 21:48:26,Free_Living,annotator,Experimental situation,2022-03-08 01:33:52,2022-03-08 01:39:22
2022-03-08 21:48:26,2022-03-08 21:49:14,Free_Living,annotator,Experimental situation,2022-03-08 01:39:22,2022-03-08 01:40:10
2022-03-08 21:49:14,2022-03-08 21:49:42,Free_Living,annotator,Experimental situation,2022-03-08 01:40:10,2022-03-08 01:40:38
2022-03-08 21:49:42,2022-03-08 21:51:06,Free_Living,annotator,Experimental situation,2022-03-08 01:40:38,2022-03-08 01:42:02
2022-03-08 21:51:06,2022-03-08 21:51:37,Free_Living,annotator,Experimental situation,2022-03-08 01:42:02,2022-03-08 01:42:33
2022-03-08 21:51:37,2022-03-08 21:51:56,Free_Living,annotator,Experimental situation,2022-03-08 01:42:33,2022-03-08 01:42:52
2022-03-08 21:51:56,2022-03-08 21:52:11,Free_Living,annotator,Experimental situation,2022-03-08 01:42:52,2022-03-08 01:43:07
2022-03-08 21:52:12,2022-03-08 21:52:47,Free_Living,annotator,Experimental situation,2022-03-08 01:43:08,2022-03-08 01:43:43
2022-03-08 21:52:47,2022-03-08 21:53:07,Free_Living,annotator,Experimental situation,2022-03-08 01:43:43,2022-03-08 01:44:03
2022-03-08 21:53:07,2022-03-08 21:54:54,Free_Living,annotator,Experimental situation,2022-03-08 01:44:03,2022-03-08 01:45:50
2022-03-08 21:54:54,2022-03-08 21:59:42,Free_Living,annotator,Experimental situation,2022-03-08 01:45:50,2022-03-08 01:50:38
2022-03-08 21:59:42,2022-03-08 22:01:33,Free_Living,annotator,Experimental situation,2022-03-08 01:50:38,2022-03-08 01:52:29
2022-03-08 22:01:33,2022-03-08 22:01:49,Free_Living,annotator,Experimental situation,2022-03-08 01:52:29,2022-03-08 01:52:45
2022-03-08 22:01:49,2022-03-08 22:02:19,Free_Living,annotator,Experimental situation,2022-03-08 01:52:45,2022-03-08 01:53:15
2022-03-08 22:02:19,2022-03-08 22:02:56,Free_Living,annotator,Experimental situation,2022-03-08 01:53:15,2022-03-08 01:53:52
2022-03-08 22:02:56,2022-03-08 22:03:47,ES_VideoUnavailable/Indecipherable,annotator,Experimental situation,2022-03-08 01:53:52,2022-03-08 01:54:43
