START_TIME,STOP_TIME,PREDICTION,SOURCE,LABELSET,VIDEO_START_TIME,VIDEO_END_TIME
2022-05-24 18:35:54,2022-05-24 18:40:51,HLB_Indecipherable/Video_Insufficient,annotator,HIGH LEVEL BEHAVIOR,2022-05-24 00:00:00,2022-05-24 00:04:57
2022-05-24 18:40:51,2022-05-24 18:41:27,Meeting _Social_Gathering_In_Person,annotator,HIGH LEVEL BEHAVIOR,2022-05-24 00:04:57,2022-05-24 00:05:33
2022-05-24 18:41:27,2022-05-24 18:42:34,Meeting _Social_Gathering_In_Person,annotator,HIGH LEVEL BEHAVIOR,2022-05-24 00:05:33,2022-05-24 00:06:40
2022-05-24 18:42:36,2022-05-24 18:42:52,,annotator,HIGH LEVEL BEHAVIOR,2022-05-24 00:06:42,2022-05-24 00:06:58
2022-05-24 18:42:52,2022-05-24 18:43:06,,annotator,HIGH LEVEL BEHAVIOR,2022-05-24 00:06:58,2022-05-24 00:07:12
2022-05-24 18:43:06,2022-05-24 18:43:10,,annotator,HIGH LEVEL BEHAVIOR,2022-05-24 00:07:12,2022-05-24 00:07:16
2022-05-24 18:43:10,2022-05-24 18:43:29,Riding_Elevator_Down,annotator,HIGH LEVEL BEHAVIOR,2022-05-24 00:07:16,2022-05-24 00:07:35
2022-05-24 18:43:29,2022-05-24 18:43:43,In_Transit_Active,annotator,HIGH LEVEL BEHAVIOR,2022-05-24 00:07:35,2022-05-24 00:07:49
2022-05-24 18:43:43,2022-05-24 18:44:52,In_Transit_Active,annotator,HIGH LEVEL BEHAVIOR,2022-05-24 00:07:49,2022-05-24 00:08:58
2022-05-24 18:44:52,2022-05-24 18:45:06,In_Transit_Active,annotator,HIGH LEVEL BEHAVIOR,2022-05-24 00:08:58,2022-05-24 00:09:12
2022-05-24 18:45:06,2022-05-24 18:45:28,In_Transit_Active,annotator,HIGH LEVEL BEHAVIOR,2022-05-24 00:09:12,2022-05-24 00:09:34
2022-05-24 18:45:28,2022-05-24 18:46:40,HLB_Indecipherable/Video_Insufficient,annotator,HIGH LEVEL BEHAVIOR,2022-05-24 00:09:34,2022-05-24 00:10:46
2022-05-24 18:46:40,2022-05-24 18:46:48,Riding_Elevator_Up,annotator,HIGH LEVEL BEHAVIOR,2022-05-24 00:10:46,2022-05-24 00:10:54
2022-05-24 18:46:48,2022-05-24 18:46:56,,annotator,HIGH LEVEL BEHAVIOR,2022-05-24 00:10:54,2022-05-24 00:11:02
2022-05-24 18:46:56,2022-05-24 18:47:01,,annotator,HIGH LEVEL BEHAVIOR,2022-05-24 00:11:02,2022-05-24 00:11:07
2022-05-24 18:47:01,2022-05-24 18:47:13,,annotator,HIGH LEVEL BEHAVIOR,2022-05-24 00:11:07,2022-05-24 00:11:19
2022-05-24 18:47:13,2022-05-24 18:47:17,,annotator,HIGH LEVEL BEHAVIOR,2022-05-24 00:11:19,2022-05-24 00:11:23
2022-05-24 18:47:17,2022-05-24 18:47:22,,annotator,HIGH LEVEL BEHAVIOR,2022-05-24 00:11:23,2022-05-24 00:11:28
2022-05-24 18:47:22,2022-05-24 18:47:36,,annotator,HIGH LEVEL BEHAVIOR,2022-05-24 00:11:28,2022-05-24 00:11:42
2022-05-24 18:47:36,2022-05-24 18:47:39,,annotator,HIGH LEVEL BEHAVIOR,2022-05-24 00:11:42,2022-05-24 00:11:45
2022-05-24 18:47:39,2022-05-24 18:48:00,,annotator,HIGH LEVEL BEHAVIOR,2022-05-24 00:11:45,2022-05-24 00:12:06
2022-05-24 18:48:00,2022-05-24 18:48:06,,annotator,HIGH LEVEL BEHAVIOR,2022-05-24 00:12:06,2022-05-24 00:12:12
2022-05-24 18:48:10,2022-05-24 18:48:21,,annotator,HIGH LEVEL BEHAVIOR,2022-05-24 00:12:16,2022-05-24 00:12:27
2022-05-24 18:48:21,2022-05-24 18:48:33,Packing/Unpacking_Something,annotator,HIGH LEVEL BEHAVIOR,2022-05-24 00:12:27,2022-05-24 00:12:39
2022-05-24 18:48:33,2022-05-24 19:06:39,Using_Computer/Screen,annotator,HIGH LEVEL BEHAVIOR,2022-05-24 00:12:39,2022-05-24 00:30:45
2022-05-24 19:06:39,2022-05-24 19:07:15,,annotator,HIGH LEVEL BEHAVIOR,2022-05-24 00:30:45,2022-05-24 00:31:21
2022-05-24 19:07:15,2022-05-24 19:07:46,,annotator,HIGH LEVEL BEHAVIOR,2022-05-24 00:31:21,2022-05-24 00:31:52
2022-05-24 19:07:46,2022-05-24 19:37:38,HLB_Indecipherable/Video_Insufficient,annotator,HIGH LEVEL BEHAVIOR,2022-05-24 00:31:52,2022-05-24 01:01:44
2022-05-24 19:37:38,2022-05-24 19:39:01,Dressing/Undressing,annotator,HIGH LEVEL BEHAVIOR,2022-05-24 01:01:44,2022-05-24 01:03:07
2022-05-24 19:39:01,2022-05-24 19:39:32,,annotator,HIGH LEVEL BEHAVIOR,2022-05-24 01:03:07,2022-05-24 01:03:38
2022-05-24 19:39:32,2022-05-24 19:40:27,,annotator,HIGH LEVEL BEHAVIOR,2022-05-24 01:03:38,2022-05-24 01:04:33
2022-05-24 19:40:27,2022-05-24 19:40:38,,annotator,HIGH LEVEL BEHAVIOR,2022-05-24 01:04:33,2022-05-24 01:04:44
2022-05-24 19:40:38,2022-05-24 19:41:02,,annotator,HIGH LEVEL BEHAVIOR,2022-05-24 01:04:44,2022-05-24 01:05:08
2022-05-24 19:41:02,2022-05-24 19:42:45,,annotator,HIGH LEVEL BEHAVIOR,2022-05-24 01:05:08,2022-05-24 01:06:51
2022-05-24 19:42:45,2022-05-24 19:42:58,,annotator,HIGH LEVEL BEHAVIOR,2022-05-24 01:06:51,2022-05-24 01:07:04
2022-05-24 19:42:58,2022-05-24 19:43:53,Using_Computer/Screen,annotator,HIGH LEVEL BEHAVIOR,2022-05-24 01:07:04,2022-05-24 01:07:59
2022-05-24 19:43:53,2022-05-24 19:44:09,Using_Computer/Screen,annotator,HIGH LEVEL BEHAVIOR,2022-05-24 01:07:59,2022-05-24 01:08:15
2022-05-24 19:44:09,2022-05-24 19:44:40,Using_Computer/Screen,annotator,HIGH LEVEL BEHAVIOR,2022-05-24 01:08:15,2022-05-24 01:08:46
2022-05-24 19:44:40,2022-05-24 19:45:07,Using_Computer/Screen,annotator,HIGH LEVEL BEHAVIOR,2022-05-24 01:08:46,2022-05-24 01:09:13
2022-05-24 19:45:07,2022-05-24 19:45:31,Using_Computer/Screen,annotator,HIGH LEVEL BEHAVIOR,2022-05-24 01:09:13,2022-05-24 01:09:37
2022-05-24 19:45:31,2022-05-24 19:45:53,Using_Computer/Screen,annotator,HIGH LEVEL BEHAVIOR,2022-05-24 01:09:37,2022-05-24 01:09:59
2022-05-24 19:45:53,2022-05-24 19:46:16,Using_Computer/Screen,annotator,HIGH LEVEL BEHAVIOR,2022-05-24 01:09:59,2022-05-24 01:10:22
2022-05-24 19:46:16,2022-05-24 19:46:25,Using_Computer/Screen,annotator,HIGH LEVEL BEHAVIOR,2022-05-24 01:10:22,2022-05-24 01:10:31
2022-05-24 19:46:25,2022-05-24 19:46:53,Using_Computer/Screen,annotator,HIGH LEVEL BEHAVIOR,2022-05-24 01:10:31,2022-05-24 01:10:59
2022-05-24 19:46:53,2022-05-24 19:47:09,Using_Computer/Screen,annotator,HIGH LEVEL BEHAVIOR,2022-05-24 01:10:59,2022-05-24 01:11:15
2022-05-24 19:47:09,2022-05-24 19:48:11,Using_Computer/Screen,annotator,HIGH LEVEL BEHAVIOR,2022-05-24 01:11:15,2022-05-24 01:12:17
2022-05-24 19:48:11,2022-05-24 19:48:21,Using_Computer/Screen,annotator,HIGH LEVEL BEHAVIOR,2022-05-24 01:12:17,2022-05-24 01:12:27
2022-05-24 19:48:22,2022-05-24 19:49:30,Using_Computer/Screen, WatchingTV/Movies,annotator,HIGH LEVEL BEHAVIOR,2022-05-24 01:12:28,2022-05-24 01:13:36
2022-05-24 19:49:30,2022-05-24 19:49:37,Using_Computer/Screen, WatchingTV/Movies,annotator,HIGH LEVEL BEHAVIOR,2022-05-24 01:13:36,2022-05-24 01:13:43
2022-05-24 19:49:37,2022-05-24 19:53:40,Using_Computer/Screen, WatchingTV/Movies,annotator,HIGH LEVEL BEHAVIOR,2022-05-24 01:13:43,2022-05-24 01:17:46
2022-05-24 19:53:40,2022-05-24 19:55:39,Using_Computer/Screen, WatchingTV/Movies,annotator,HIGH LEVEL BEHAVIOR,2022-05-24 01:17:46,2022-05-24 01:19:45
2022-05-24 19:55:39,2022-05-24 19:55:55,Using_Computer/Screen, WatchingTV/Movies,annotator,HIGH LEVEL BEHAVIOR,2022-05-24 01:19:45,2022-05-24 01:20:01
2022-05-24 19:55:55,2022-05-24 19:56:55,Using_Computer/Screen, WatchingTV/Movies,annotator,HIGH LEVEL BEHAVIOR,2022-05-24 01:20:01,2022-05-24 01:21:01
2022-05-24 19:56:55,2022-05-24 19:57:48,,annotator,HIGH LEVEL BEHAVIOR,2022-05-24 01:21:01,2022-05-24 01:21:54
2022-05-24 19:57:48,2022-05-24 19:59:43,HLB_Other,annotator,HIGH LEVEL BEHAVIOR,2022-05-24 01:21:54,2022-05-24 01:23:49
2022-05-24 19:59:43,2022-05-24 20:04:50,,annotator,HIGH LEVEL BEHAVIOR,2022-05-24 01:23:49,2022-05-24 01:28:56
2022-05-24 20:04:50,2022-05-24 20:10:55,,annotator,HIGH LEVEL BEHAVIOR,2022-05-24 01:28:56,2022-05-24 01:35:01
2022-05-24 20:10:55,2022-05-24 20:12:30,HLB_Indecipherable/Video_Insufficient,annotator,HIGH LEVEL BEHAVIOR,2022-05-24 01:35:01,2022-05-24 01:36:36
2022-05-24 20:12:30,2022-05-24 20:14:46,HLB_Indecipherable/Video_Insufficient,annotator,HIGH LEVEL BEHAVIOR,2022-05-24 01:36:36,2022-05-24 01:38:52
2022-05-24 20:14:46,2022-05-24 20:15:03,HLB_Indecipherable/Video_Insufficient,annotator,HIGH LEVEL BEHAVIOR,2022-05-24 01:38:52,2022-05-24 01:39:09
2022-05-24 20:15:03,2022-05-24 20:15:18,,annotator,HIGH LEVEL BEHAVIOR,2022-05-24 01:39:09,2022-05-24 01:39:24
2022-05-24 20:15:18,2022-05-24 20:15:23,,annotator,HIGH LEVEL BEHAVIOR,2022-05-24 01:39:24,2022-05-24 01:39:29
2022-05-24 20:15:23,2022-05-24 20:15:28,,annotator,HIGH LEVEL BEHAVIOR,2022-05-24 01:39:29,2022-05-24 01:39:34
2022-05-24 20:15:28,2022-05-24 20:15:34,,annotator,HIGH LEVEL BEHAVIOR,2022-05-24 01:39:34,2022-05-24 01:39:40
2022-05-24 20:15:34,2022-05-24 20:15:47,,annotator,HIGH LEVEL BEHAVIOR,2022-05-24 01:39:40,2022-05-24 01:39:53
2022-05-24 20:15:47,2022-05-24 20:15:59,,annotator,HIGH LEVEL BEHAVIOR,2022-05-24 01:39:53,2022-05-24 01:40:05
2022-05-24 20:15:59,2022-05-24 20:16:35,,annotator,HIGH LEVEL BEHAVIOR,2022-05-24 01:40:05,2022-05-24 01:40:41
2022-05-24 20:16:35,2022-05-24 20:16:43,,annotator,HIGH LEVEL BEHAVIOR,2022-05-24 01:40:41,2022-05-24 01:40:49
2022-05-24 20:16:43,2022-05-24 20:17:02,,annotator,HIGH LEVEL BEHAVIOR,2022-05-24 01:40:49,2022-05-24 01:41:08
2022-05-24 20:17:02,2022-05-24 20:18:19,WatchingTV/Movies,annotator,HIGH LEVEL BEHAVIOR,2022-05-24 01:41:08,2022-05-24 01:42:25
2022-05-24 20:18:19,2022-05-24 20:18:31,WatchingTV/Movies,annotator,HIGH LEVEL BEHAVIOR,2022-05-24 01:42:25,2022-05-24 01:42:37
2022-05-24 20:18:31,2022-05-24 20:18:48,WatchingTV/Movies,annotator,HIGH LEVEL BEHAVIOR,2022-05-24 01:42:37,2022-05-24 01:42:54
2022-05-24 20:18:48,2022-05-24 20:19:51,WatchingTV/Movies,annotator,HIGH LEVEL BEHAVIOR,2022-05-24 01:42:54,2022-05-24 01:43:57
2022-05-24 20:19:51,2022-05-24 20:20:33,WatchingTV/Movies, Packing/Unpacking_Something,annotator,HIGH LEVEL BEHAVIOR,2022-05-24 01:43:57,2022-05-24 01:44:39
2022-05-24 20:20:33,2022-05-24 20:25:44,WatchingTV/Movies,annotator,HIGH LEVEL BEHAVIOR,2022-05-24 01:44:39,2022-05-24 01:49:50
2022-05-24 20:25:44,2022-05-24 20:30:53,Using_Computer/Screen,annotator,HIGH LEVEL BEHAVIOR,2022-05-24 01:49:50,2022-05-24 01:54:59
2022-05-24 20:30:53,2022-05-24 20:36:22,WatchingTV/Movies,annotator,HIGH LEVEL BEHAVIOR,2022-05-24 01:54:59,2022-05-24 02:00:28
2022-05-24 20:36:22,2022-05-24 20:38:02,WatchingTV/Movies,annotator,HIGH LEVEL BEHAVIOR,2022-05-24 02:00:28,2022-05-24 02:02:08
2022-05-24 20:38:02,2022-05-24 20:38:13,HLB_Other,annotator,HIGH LEVEL BEHAVIOR,2022-05-24 02:02:08,2022-05-24 02:02:19
2022-05-24 20:38:13,2022-05-24 20:38:50,,annotator,HIGH LEVEL BEHAVIOR,2022-05-24 02:02:19,2022-05-24 02:02:56
2022-05-24 20:38:50,2022-05-24 20:39:02,,annotator,HIGH LEVEL BEHAVIOR,2022-05-24 02:02:56,2022-05-24 02:03:08
2022-05-24 20:39:02,2022-05-24 20:39:14,,annotator,HIGH LEVEL BEHAVIOR,2022-05-24 02:03:08,2022-05-24 02:03:20
2022-05-24 20:39:14,2022-05-24 20:39:22,Meeting _Social_Gathering_In_Person,annotator,HIGH LEVEL BEHAVIOR,2022-05-24 02:03:20,2022-05-24 02:03:28
2022-05-24 20:39:22,2022-05-24 20:39:51,Meeting _Social_Gathering_In_Person,annotator,HIGH LEVEL BEHAVIOR,2022-05-24 02:03:28,2022-05-24 02:03:57
2022-05-24 20:39:51,2022-05-24 20:39:57,Meeting _Social_Gathering_In_Person,annotator,HIGH LEVEL BEHAVIOR,2022-05-24 02:03:57,2022-05-24 02:04:03
2022-05-24 20:39:57,2022-05-24 20:40:32,Meeting _Social_Gathering_In_Person,annotator,HIGH LEVEL BEHAVIOR,2022-05-24 02:04:03,2022-05-24 02:04:38
2022-05-24 20:40:32,2022-05-24 20:40:38,Meeting _Social_Gathering_In_Person,annotator,HIGH LEVEL BEHAVIOR,2022-05-24 02:04:38,2022-05-24 02:04:44
2022-05-24 20:40:38,2022-05-24 20:40:50,Meeting _Social_Gathering_In_Person,annotator,HIGH LEVEL BEHAVIOR,2022-05-24 02:04:44,2022-05-24 02:04:56
2022-05-24 20:40:50,2022-05-24 20:41:26,Meeting _Social_Gathering_In_Person,annotator,HIGH LEVEL BEHAVIOR,2022-05-24 02:04:56,2022-05-24 02:05:32
2022-05-24 20:41:26,2022-05-24 20:41:29,Meeting _Social_Gathering_In_Person,annotator,HIGH LEVEL BEHAVIOR,2022-05-24 02:05:32,2022-05-24 02:05:35
2022-05-24 20:41:29,2022-05-24 20:41:33,Meeting _Social_Gathering_In_Person,annotator,HIGH LEVEL BEHAVIOR,2022-05-24 02:05:35,2022-05-24 02:05:39
2022-05-24 20:41:33,2022-05-24 20:41:36,Meeting _Social_Gathering_In_Person,annotator,HIGH LEVEL BEHAVIOR,2022-05-24 02:05:39,2022-05-24 02:05:42
2022-05-24 20:41:36,2022-05-24 20:41:38,,annotator,HIGH LEVEL BEHAVIOR,2022-05-24 02:05:42,2022-05-24 02:05:44
2022-05-24 20:41:39,2022-05-24 20:41:43,,annotator,HIGH LEVEL BEHAVIOR,2022-05-24 02:05:45,2022-05-24 02:05:49
2022-05-24 20:41:43,2022-05-24 20:42:59,WatchingTV/Movies,annotator,HIGH LEVEL BEHAVIOR,2022-05-24 02:05:49,2022-05-24 02:07:05
2022-05-24 20:42:59,2022-05-24 20:44:41,Using_Computer/Screen,annotator,HIGH LEVEL BEHAVIOR,2022-05-24 02:07:05,2022-05-24 02:08:47
2022-05-24 20:44:41,2022-05-24 20:46:59,WatchingTV/Movies,annotator,HIGH LEVEL BEHAVIOR,2022-05-24 02:08:47,2022-05-24 02:11:05
2022-05-24 20:46:59,2022-05-24 20:47:19,WatchingTV/Movies,annotator,HIGH LEVEL BEHAVIOR,2022-05-24 02:11:05,2022-05-24 02:11:25
2022-05-24 20:47:19,2022-05-24 20:54:52,Using_Computer/Screen,annotator,HIGH LEVEL BEHAVIOR,2022-05-24 02:11:25,2022-05-24 02:18:58
2022-05-24 20:54:52,2022-05-24 20:54:59,Using_Computer/Screen,annotator,HIGH LEVEL BEHAVIOR,2022-05-24 02:18:58,2022-05-24 02:19:05
2022-05-24 20:54:59,2022-05-24 20:55:21,Using_Computer/Screen,annotator,HIGH LEVEL BEHAVIOR,2022-05-24 02:19:05,2022-05-24 02:19:27
2022-05-24 20:55:21,2022-05-24 20:55:27,Using_Computer/Screen,annotator,HIGH LEVEL BEHAVIOR,2022-05-24 02:19:27,2022-05-24 02:19:33
2022-05-24 20:55:27,2022-05-24 20:59:37,Using_Computer/Screen,annotator,HIGH LEVEL BEHAVIOR,2022-05-24 02:19:33,2022-05-24 02:23:43
2022-05-24 20:59:37,2022-05-24 21:01:02,,annotator,HIGH LEVEL BEHAVIOR,2022-05-24 02:23:43,2022-05-24 02:25:08
2022-05-24 21:01:02,2022-05-24 21:01:31,,annotator,HIGH LEVEL BEHAVIOR,2022-05-24 02:25:08,2022-05-24 02:25:37
2022-05-24 21:01:31,2022-05-24 21:13:21,Using_Computer/Screen,annotator,HIGH LEVEL BEHAVIOR,2022-05-24 02:25:37,2022-05-24 02:37:27
2022-05-24 21:13:21,2022-05-24 21:13:59,,annotator,HIGH LEVEL BEHAVIOR,2022-05-24 02:37:27,2022-05-24 02:38:05
2022-05-24 21:13:59,2022-05-24 21:16:33,Using_Computer/Screen,annotator,HIGH LEVEL BEHAVIOR,2022-05-24 02:38:05,2022-05-24 02:40:39
2022-05-24 21:16:33,2022-05-24 21:17:25,Using_Computer/Screen,annotator,HIGH LEVEL BEHAVIOR,2022-05-24 02:40:39,2022-05-24 02:41:31
2022-05-24 21:17:25,2022-05-24 21:19:40,Using_Computer/Screen,annotator,HIGH LEVEL BEHAVIOR,2022-05-24 02:41:31,2022-05-24 02:43:46
2022-05-24 21:19:40,2022-05-24 21:20:08,,annotator,HIGH LEVEL BEHAVIOR,2022-05-24 02:43:46,2022-05-24 02:44:14
2022-05-24 21:20:08,2022-05-24 21:25:59,Using_Computer/Screen,annotator,HIGH LEVEL BEHAVIOR,2022-05-24 02:44:14,2022-05-24 02:50:05
2022-05-24 21:25:59,2022-05-24 21:26:19,,annotator,HIGH LEVEL BEHAVIOR,2022-05-24 02:50:05,2022-05-24 02:50:25
2022-05-24 21:26:19,2022-05-24 21:31:00,Using_Computer/Screen,annotator,HIGH LEVEL BEHAVIOR,2022-05-24 02:50:25,2022-05-24 02:55:06
2022-05-24 21:31:00,2022-05-24 21:31:55,Using_Computer/Screen,annotator,HIGH LEVEL BEHAVIOR,2022-05-24 02:55:06,2022-05-24 02:56:01
2022-05-24 21:31:55,2022-05-24 21:32:31,Using_Computer/Screen,annotator,HIGH LEVEL BEHAVIOR,2022-05-24 02:56:01,2022-05-24 02:56:37
2022-05-24 21:32:31,2022-05-24 21:33:10,Using_Computer/Screen,annotator,HIGH LEVEL BEHAVIOR,2022-05-24 02:56:37,2022-05-24 02:57:16
2022-05-24 21:33:10,2022-05-24 21:35:57,Using_Computer/Screen,annotator,HIGH LEVEL BEHAVIOR,2022-05-24 02:57:16,2022-05-24 03:00:03
2022-05-24 21:35:57,2022-05-24 21:36:24,Using_Computer/Screen,annotator,HIGH LEVEL BEHAVIOR,2022-05-24 03:00:03,2022-05-24 03:00:30
2022-05-24 21:36:24,2022-05-24 21:38:48,Using_Computer/Screen,annotator,HIGH LEVEL BEHAVIOR,2022-05-24 03:00:30,2022-05-24 03:02:54
2022-05-24 21:38:48,2022-05-24 21:39:30,Using_Computer/Screen,annotator,HIGH LEVEL BEHAVIOR,2022-05-24 03:02:54,2022-05-24 03:03:36
2022-05-24 21:39:30,2022-05-24 21:39:36,Using_Computer/Screen,annotator,HIGH LEVEL BEHAVIOR,2022-05-24 03:03:36,2022-05-24 03:03:42
2022-05-24 21:39:36,2022-05-24 21:39:51,Using_Computer/Screen,annotator,HIGH LEVEL BEHAVIOR,2022-05-24 03:03:42,2022-05-24 03:03:57
2022-05-24 21:39:51,2022-05-24 21:40:13,Using_Computer/Screen,annotator,HIGH LEVEL BEHAVIOR,2022-05-24 03:03:57,2022-05-24 03:04:19
2022-05-24 21:40:13,2022-05-24 21:46:23,Using_Computer/Screen,annotator,HIGH LEVEL BEHAVIOR,2022-05-24 03:04:19,2022-05-24 03:10:29
2022-05-24 21:46:23,2022-05-24 21:47:48,Using_Computer/Screen,annotator,HIGH LEVEL BEHAVIOR,2022-05-24 03:10:29,2022-05-24 03:11:54
2022-05-24 21:47:48,2022-05-24 21:50:13,Using_Computer/Screen,annotator,HIGH LEVEL BEHAVIOR,2022-05-24 03:11:54,2022-05-24 03:14:19
2022-05-24 21:50:13,2022-05-24 21:55:53,Using_Computer/Screen,annotator,HIGH LEVEL BEHAVIOR,2022-05-24 03:14:19,2022-05-24 03:19:59
