START_TIME,STOP_TIME,PREDICTION,SOURCE,LABELSET,VIDEO_START_TIME,VIDEO_END_TIME
2022-06-01 13:34:55,2022-06-01 13:53:41,Texting/Browsing_Phone, Located_Indoors,annotator,Behavioral Parameters,2022-06-01 00:00:01,2022-06-01 00:18:47
2022-06-01 13:53:41,2022-06-01 13:58:16,Located_Indoors, In_Conversation,annotator,Behavioral Parameters,2022-06-01 00:18:47,2022-06-01 00:23:22
2022-06-01 13:58:16,2022-06-01 14:01:19,Located_Indoors, Texting/Browsing_Phone,annotator,Behavioral Parameters,2022-06-01 00:23:22,2022-06-01 00:26:25
2022-06-01 14:01:19,2022-06-01 14:01:44,Located_Indoors, Texting/Browsing_Phone,annotator,Behavioral Parameters,2022-06-01 00:26:25,2022-06-01 00:26:50
2022-06-01 14:01:44,2022-06-01 14:01:51,Located_Indoors,annotator,Behavioral Parameters,2022-06-01 00:26:50,2022-06-01 00:26:57
2022-06-01 14:01:51,2022-06-01 14:02:07,Located_Indoors,annotator,Behavioral Parameters,2022-06-01 00:26:57,2022-06-01 00:27:13
2022-06-01 14:02:07,2022-06-01 14:02:25,Located_Indoors, In_Conversation,annotator,Behavioral Parameters,2022-06-01 00:27:13,2022-06-01 00:27:31
2022-06-01 14:02:25,2022-06-01 14:02:45,Located_Indoors, In_Conversation, Texting/Browsing_Phone,annotator,Behavioral Parameters,2022-06-01 00:27:31,2022-06-01 00:27:51
2022-06-01 14:02:45,2022-06-01 14:02:51,Located_Indoors, In_Conversation,annotator,Behavioral Parameters,2022-06-01 00:27:51,2022-06-01 00:27:57
2022-06-01 14:02:51,2022-06-01 14:03:24,Located_Indoors, In_Conversation, Texting/Browsing_Phone,annotator,Behavioral Parameters,2022-06-01 00:27:57,2022-06-01 00:28:30
2022-06-01 14:03:24,2022-06-01 14:03:41,Located_Indoors, In_Conversation, Texting/Browsing_Phone,annotator,Behavioral Parameters,2022-06-01 00:28:30,2022-06-01 00:28:47
2022-06-01 14:03:41,2022-06-01 14:05:27,Located_Indoors,annotator,Behavioral Parameters,2022-06-01 00:28:47,2022-06-01 00:30:33
2022-06-01 14:05:27,2022-06-01 14:05:32,Located_Indoors,annotator,Behavioral Parameters,2022-06-01 00:30:33,2022-06-01 00:30:38
2022-06-01 14:05:32,2022-06-01 14:06:35,Located_Indoors, In_Conversation,annotator,Behavioral Parameters,2022-06-01 00:30:38,2022-06-01 00:31:41
2022-06-01 14:06:35,2022-06-01 14:07:01,Located_Indoors, In_Conversation,annotator,Behavioral Parameters,2022-06-01 00:31:41,2022-06-01 00:32:07
2022-06-01 14:07:01,2022-06-01 14:08:22,Located_Indoors, In_Conversation,annotator,Behavioral Parameters,2022-06-01 00:32:07,2022-06-01 00:33:28
2022-06-01 14:08:22,2022-06-01 14:08:37,Located_Indoors, In_Conversation,annotator,Behavioral Parameters,2022-06-01 00:33:28,2022-06-01 00:33:43
2022-06-01 14:08:37,2022-06-01 14:09:15,Located_Indoors, In_Conversation,annotator,Behavioral Parameters,2022-06-01 00:33:43,2022-06-01 00:34:21
2022-06-01 14:09:15,2022-06-01 14:09:32,Located_Indoors, In_Conversation,annotator,Behavioral Parameters,2022-06-01 00:34:21,2022-06-01 00:34:38
2022-06-01 14:09:32,2022-06-01 14:09:40,Located_Indoors, In_Conversation,annotator,Behavioral Parameters,2022-06-01 00:34:38,2022-06-01 00:34:46
2022-06-01 14:09:40,2022-06-01 14:10:11,Located_Indoors, Holding_Drink,annotator,Behavioral Parameters,2022-06-01 00:34:46,2022-06-01 00:35:17
2022-06-01 14:10:11,2022-06-01 14:10:44,Located_Indoors, Holding_Drink, Browsing_Computer,annotator,Behavioral Parameters,2022-06-01 00:35:17,2022-06-01 00:35:50
2022-06-01 14:10:44,2022-06-01 14:13:09,Located_Indoors, Browsing_Computer,annotator,Behavioral Parameters,2022-06-01 00:35:50,2022-06-01 00:38:15
2022-06-01 14:13:09,2022-06-01 14:15:03,Located_Indoors, Browsing_Computer, In_Conversation,annotator,Behavioral Parameters,2022-06-01 00:38:15,2022-06-01 00:40:09
2022-06-01 14:15:03,2022-06-01 14:36:41,Located_Indoors, Browsing_Computer,annotator,Behavioral Parameters,2022-06-01 00:40:09,2022-06-01 01:01:47
2022-06-01 14:36:41,2022-06-01 14:43:29,Located_Indoors, Browsing_Computer, Holding_Drink,annotator,Behavioral Parameters,2022-06-01 01:01:47,2022-06-01 01:08:35
2022-06-01 14:43:29,2022-06-01 14:50:31,Located_Indoors, Browsing_Computer, Texting/Browsing_Phone,annotator,Behavioral Parameters,2022-06-01 01:08:35,2022-06-01 01:15:37
2022-06-01 14:50:31,2022-06-01 14:55:01,Located_Indoors, Browsing_Computer,annotator,Behavioral Parameters,2022-06-01 01:15:37,2022-06-01 01:20:07
2022-06-01 14:55:01,2022-06-01 15:04:07,Located_Indoors, Browsing_Computer, Typing_Computer, In_Conversation,annotator,Behavioral Parameters,2022-06-01 01:20:07,2022-06-01 01:29:13
2022-06-01 15:04:07,2022-06-01 15:09:41,Located_Indoors, In_Conversation,annotator,Behavioral Parameters,2022-06-01 01:29:13,2022-06-01 01:34:47
2022-06-01 15:09:41,2022-06-01 15:09:55,Located_Indoors, In_Conversation, Browsing_Computer,annotator,Behavioral Parameters,2022-06-01 01:34:47,2022-06-01 01:35:01
2022-06-01 15:09:55,2022-06-01 15:14:24,Located_Indoors, In_Conversation, Browsing_Computer, Typing_Computer,annotator,Behavioral Parameters,2022-06-01 01:35:01,2022-06-01 01:39:30
2022-06-01 15:14:24,2022-06-01 15:14:49,Located_Indoors,annotator,Behavioral Parameters,2022-06-01 01:39:30,2022-06-01 01:39:55
2022-06-01 15:14:49,2022-06-01 15:15:26,Located_Indoors, In_Conversation,annotator,Behavioral Parameters,2022-06-01 01:39:55,2022-06-01 01:40:32
2022-06-01 15:15:26,2022-06-01 15:19:35,Located_Indoors, In_Conversation,annotator,Behavioral Parameters,2022-06-01 01:40:32,2022-06-01 01:44:41
2022-06-01 15:19:35,2022-06-01 15:19:42,Located_Indoors, In_Conversation,annotator,Behavioral Parameters,2022-06-01 01:44:41,2022-06-01 01:44:48
2022-06-01 15:19:42,2022-06-01 15:19:57,Located_Indoors, In_Conversation,annotator,Behavioral Parameters,2022-06-01 01:44:48,2022-06-01 01:45:03
2022-06-01 15:19:57,2022-06-01 15:20:06,Located_Indoors, In_Conversation,annotator,Behavioral Parameters,2022-06-01 01:45:03,2022-06-01 01:45:12
2022-06-01 15:20:06,2022-06-01 15:20:26,Located_Indoors, In_Conversation,annotator,Behavioral Parameters,2022-06-01 01:45:12,2022-06-01 01:45:32
2022-06-01 15:20:26,2022-06-01 15:23:19,Located_Indoors, In_Conversation, Browsing_Computer,annotator,Behavioral Parameters,2022-06-01 01:45:32,2022-06-01 01:48:25
2022-06-01 15:23:19,2022-06-01 15:23:35,Located_Indoors,annotator,Behavioral Parameters,2022-06-01 01:48:25,2022-06-01 01:48:41
2022-06-01 15:23:35,2022-06-01 15:23:46,Located_Indoors,annotator,Behavioral Parameters,2022-06-01 01:48:41,2022-06-01 01:48:52
2022-06-01 15:23:46,2022-06-01 15:24:01,Located_Indoors,annotator,Behavioral Parameters,2022-06-01 01:48:52,2022-06-01 01:49:07
2022-06-01 15:24:01,2022-06-01 15:24:36,Located_Indoors, Texting/Browsing_Phone,annotator,Behavioral Parameters,2022-06-01 01:49:07,2022-06-01 01:49:42
2022-06-01 15:24:36,2022-06-01 15:24:56,Located_Indoors, In_Conversation,annotator,Behavioral Parameters,2022-06-01 01:49:42,2022-06-01 01:50:02
2022-06-01 15:24:56,2022-06-01 15:25:20,Located_Indoors,annotator,Behavioral Parameters,2022-06-01 01:50:02,2022-06-01 01:50:26
2022-06-01 15:25:20,2022-06-01 15:25:38,Located_Indoors,annotator,Behavioral Parameters,2022-06-01 01:50:26,2022-06-01 01:50:44
2022-06-01 15:25:38,2022-06-01 15:26:05,Located_Indoors, Texting/Browsing_Phone, In_Conversation,annotator,Behavioral Parameters,2022-06-01 01:50:44,2022-06-01 01:51:11
2022-06-01 15:26:05,2022-06-01 15:26:23,Located_Indoors, Texting/Browsing_Phone, In_Conversation,annotator,Behavioral Parameters,2022-06-01 01:51:11,2022-06-01 01:51:29
2022-06-01 15:26:23,2022-06-01 15:29:14,Located_Indoors, In_Conversation,annotator,Behavioral Parameters,2022-06-01 01:51:29,2022-06-01 01:54:20
2022-06-01 15:29:14,2022-06-01 15:29:26,Located_Indoors, In_Conversation, Texting/Browsing_Phone,annotator,Behavioral Parameters,2022-06-01 01:54:20,2022-06-01 01:54:32
2022-06-01 15:29:26,2022-06-01 15:30:34,Located_Indoors, In_Conversation, Texting/Browsing_Phone,annotator,Behavioral Parameters,2022-06-01 01:54:32,2022-06-01 01:55:40
2022-06-01 15:30:34,2022-06-01 15:30:50,Located_Indoors,annotator,Behavioral Parameters,2022-06-01 01:55:40,2022-06-01 01:55:56
2022-06-01 15:30:50,2022-06-01 15:31:43,Located_Indoors, In_Conversation,annotator,Behavioral Parameters,2022-06-01 01:55:56,2022-06-01 01:56:49
2022-06-01 15:31:43,2022-06-01 15:45:55,Located_Indoors, In_Conversation, Browsing_Computer,annotator,Behavioral Parameters,2022-06-01 01:56:49,2022-06-01 02:11:01
2022-06-01 15:45:55,2022-06-01 15:48:55,Browsing_Computer, In_Conversation, Located_Indoors,annotator,Behavioral Parameters,2022-06-01 02:11:01,2022-06-01 02:14:01
2022-06-01 15:48:55,2022-06-01 15:49:01,Located_Indoors, Texting/Browsing_Phone,annotator,Behavioral Parameters,2022-06-01 02:14:01,2022-06-01 02:14:07
2022-06-01 15:49:01,2022-06-01 15:49:16,Located_Indoors, Texting/Browsing_Phone,annotator,Behavioral Parameters,2022-06-01 02:14:07,2022-06-01 02:14:22
2022-06-01 15:49:16,2022-06-01 15:49:38,Located_Indoors, Texting/Browsing_Phone,annotator,Behavioral Parameters,2022-06-01 02:14:22,2022-06-01 02:14:44
2022-06-01 15:49:38,2022-06-01 15:50:59,Located_Indoors, Texting/Browsing_Phone, In_Conversation,annotator,Behavioral Parameters,2022-06-01 02:14:44,2022-06-01 02:16:05
2022-06-01 15:50:59,2022-06-01 15:51:08,Located_Indoors, Texting/Browsing_Phone, In_Conversation,annotator,Behavioral Parameters,2022-06-01 02:16:05,2022-06-01 02:16:14
2022-06-01 15:51:08,2022-06-01 15:51:27,Located_Indoors, In_Conversation, Browsing_Computer,annotator,Behavioral Parameters,2022-06-01 02:16:14,2022-06-01 02:16:33
2022-06-01 15:51:27,2022-06-01 15:51:40,Located_Indoors,annotator,Behavioral Parameters,2022-06-01 02:16:33,2022-06-01 02:16:46
2022-06-01 15:51:40,2022-06-01 15:52:34,Located_Indoors, In_Conversation,annotator,Behavioral Parameters,2022-06-01 02:16:46,2022-06-01 02:17:40
2022-06-01 15:52:34,2022-06-01 15:52:42,Located_Indoors,annotator,Behavioral Parameters,2022-06-01 02:17:40,2022-06-01 02:17:48
2022-06-01 15:52:42,2022-06-01 15:53:28,Located_Indoors, Texting/Browsing_Phone,annotator,Behavioral Parameters,2022-06-01 02:17:48,2022-06-01 02:18:34
2022-06-01 15:53:28,2022-06-01 15:55:05,Located_Indoors,annotator,Behavioral Parameters,2022-06-01 02:18:34,2022-06-01 02:20:11
2022-06-01 15:55:05,2022-06-01 15:55:10,Located_Indoors,annotator,Behavioral Parameters,2022-06-01 02:20:11,2022-06-01 02:20:16
2022-06-01 15:55:10,2022-06-01 15:55:30,Located_Indoors, In_Conversation,annotator,Behavioral Parameters,2022-06-01 02:20:16,2022-06-01 02:20:36
2022-06-01 15:55:30,2022-06-01 15:55:48,Located_Indoors,annotator,Behavioral Parameters,2022-06-01 02:20:36,2022-06-01 02:20:54
2022-06-01 15:55:48,2022-06-01 15:56:07,Located_Indoors,annotator,Behavioral Parameters,2022-06-01 02:20:54,2022-06-01 02:21:13
2022-06-01 15:56:07,2022-06-01 15:56:11,Located_Indoors,annotator,Behavioral Parameters,2022-06-01 02:21:13,2022-06-01 02:21:17
2022-06-01 15:56:11,2022-06-01 15:56:51,Located_Indoors,annotator,Behavioral Parameters,2022-06-01 02:21:17,2022-06-01 02:21:57
2022-06-01 15:56:51,2022-06-01 15:59:40,Located_Indoors,annotator,Behavioral Parameters,2022-06-01 02:21:57,2022-06-01 02:24:46
2022-06-01 15:59:40,2022-06-01 15:59:55,Located_Indoors, In_Conversation,annotator,Behavioral Parameters,2022-06-01 02:24:46,2022-06-01 02:25:01
2022-06-01 15:59:55,2022-06-01 16:00:59,Located_Indoors, In_Conversation,annotator,Behavioral Parameters,2022-06-01 02:25:01,2022-06-01 02:26:05
2022-06-01 16:00:59,2022-06-01 16:01:18,Located_Indoors, Texting/Browsing_Phone,annotator,Behavioral Parameters,2022-06-01 02:26:05,2022-06-01 02:26:24
2022-06-01 16:01:18,2022-06-01 16:03:26,Located_Indoors, In_Conversation,annotator,Behavioral Parameters,2022-06-01 02:26:24,2022-06-01 02:28:32
2022-06-01 16:03:26,2022-06-01 16:04:13,Located_Indoors, In_Conversation, Browsing_Computer,annotator,Behavioral Parameters,2022-06-01 02:28:32,2022-06-01 02:29:19
2022-06-01 16:04:13,2022-06-01 16:04:43,Located_Indoors, In_Conversation,annotator,Behavioral Parameters,2022-06-01 02:29:19,2022-06-01 02:29:49
2022-06-01 16:04:43,2022-06-01 16:11:02,Located_Indoors, In_Conversation, Texting/Browsing_Phone,annotator,Behavioral Parameters,2022-06-01 02:29:49,2022-06-01 02:36:08
2022-06-01 16:11:02,2022-06-01 16:14:19,Located_Indoors, In_Conversation,annotator,Behavioral Parameters,2022-06-01 02:36:08,2022-06-01 02:39:25
2022-06-01 16:14:19,2022-06-01 16:16:34,Located_Indoors, In_Conversation, Browsing_Computer,annotator,Behavioral Parameters,2022-06-01 02:39:25,2022-06-01 02:41:40
2022-06-01 16:16:34,2022-06-01 16:17:01,Located_Indoors, In_Conversation, Texting/Browsing_Phone,annotator,Behavioral Parameters,2022-06-01 02:41:40,2022-06-01 02:42:07
2022-06-01 16:17:01,2022-06-01 16:17:20,Located_Indoors, In_Conversation,annotator,Behavioral Parameters,2022-06-01 02:42:07,2022-06-01 02:42:26
2022-06-01 16:17:20,2022-06-01 16:20:09,Located_Indoors, In_Conversation, Browsing_Computer,annotator,Behavioral Parameters,2022-06-01 02:42:26,2022-06-01 02:45:15
2022-06-01 16:20:09,2022-06-01 16:21:32,Located_Indoors, In_Conversation,annotator,Behavioral Parameters,2022-06-01 02:45:15,2022-06-01 02:46:38
2022-06-01 16:21:32,2022-06-01 16:23:12,Located_Indoors, In_Conversation, Browsing_Computer,annotator,Behavioral Parameters,2022-06-01 02:46:38,2022-06-01 02:48:18
2022-06-01 16:23:12,2022-06-01 16:23:46,Located_Indoors, In_Conversation,annotator,Behavioral Parameters,2022-06-01 02:48:18,2022-06-01 02:48:52
2022-06-01 16:23:46,2022-06-01 16:24:30,Located_Indoors, In_Conversation, Holding_Other_Object_Light,annotator,Behavioral Parameters,2022-06-01 02:48:52,2022-06-01 02:49:36
2022-06-01 16:24:30,2022-06-01 16:24:58,Located_Indoors, In_Conversation, Holding_Other_Object_Light, Carrying_Bag_On_Shoulder/Back_Light,annotator,Behavioral Parameters,2022-06-01 02:49:36,2022-06-01 02:50:04
2022-06-01 16:24:58,2022-06-01 16:25:22,Located_Indoors, In_Conversation, Holding_Other_Object_Light, Carrying_Bag_On_Shoulder/Back_Light,annotator,Behavioral Parameters,2022-06-01 02:50:04,2022-06-01 02:50:28
2022-06-01 16:25:22,2022-06-01 16:25:36,Located_Indoors, In_Conversation, Holding_Other_Object_Light, Carrying_Bag_On_Shoulder/Back_Light,annotator,Behavioral Parameters,2022-06-01 02:50:28,2022-06-01 02:50:42
2022-06-01 16:25:36,2022-06-01 16:27:41,In_Conversation, Holding_Other_Object_Light, Carrying_Bag_On_Shoulder/Back_Light, Located_Outdoors,annotator,Behavioral Parameters,2022-06-01 02:50:42,2022-06-01 02:52:47
2022-06-01 16:27:41,2022-06-01 16:27:56,In_Conversation, Holding_Other_Object_Light, Carrying_Bag_On_Shoulder/Back_Light, Located_Outdoors,annotator,Behavioral Parameters,2022-06-01 02:52:47,2022-06-01 02:53:02
2022-06-01 16:27:56,2022-06-01 16:33:28,In_Conversation, Holding_Other_Object_Light, Carrying_Bag_On_Shoulder/Back_Light, Located_Outdoors,annotator,Behavioral Parameters,2022-06-01 02:53:02,2022-06-01 02:58:34
2022-06-01 16:33:28,2022-06-01 16:33:34,In_Conversation, Holding_Other_Object_Light, Carrying_Bag_On_Shoulder/Back_Light, Located_Outdoors,annotator,Behavioral Parameters,2022-06-01 02:58:34,2022-06-01 02:58:40
2022-06-01 16:33:34,2022-06-01 16:33:48,In_Conversation, Holding_Other_Object_Light, Carrying_Bag_On_Shoulder/Back_Light, Located_Outdoors,annotator,Behavioral Parameters,2022-06-01 02:58:40,2022-06-01 02:58:54
2022-06-01 16:33:48,2022-06-01 16:36:16,In_Conversation, Holding_Other_Object_Light, Carrying_Bag_On_Shoulder/Back_Light, Located_Outdoors,annotator,Behavioral Parameters,2022-06-01 02:58:54,2022-06-01 03:01:22
2022-06-01 16:36:16,2022-06-01 16:36:30,In_Conversation, Holding_Other_Object_Light, Carrying_Bag_On_Shoulder/Back_Light, Located_Outdoors,annotator,Behavioral Parameters,2022-06-01 03:01:22,2022-06-01 03:01:36
2022-06-01 16:36:30,2022-06-01 16:37:17,In_Conversation, Holding_Other_Object_Light, Carrying_Bag_On_Shoulder/Back_Light, Located_Outdoors,annotator,Behavioral Parameters,2022-06-01 03:01:36,2022-06-01 03:02:23
2022-06-01 16:37:17,2022-06-01 16:37:22,In_Conversation, Holding_Other_Object_Light, Carrying_Bag_On_Shoulder/Back_Light, Located_Outdoors,annotator,Behavioral Parameters,2022-06-01 03:02:23,2022-06-01 03:02:28
2022-06-01 16:37:22,2022-06-01 16:38:22,In_Conversation, Holding_Other_Object_Light, Carrying_Bag_On_Shoulder/Back_Light, Located_Outdoors,annotator,Behavioral Parameters,2022-06-01 03:02:28,2022-06-01 03:03:28
2022-06-01 16:38:22,2022-06-01 16:38:22,In_Conversation, Holding_Other_Object_Light, Carrying_Bag_On_Shoulder/Back_Light, Located_Outdoors,annotator,Behavioral Parameters,2022-06-01 03:03:28,2022-06-01 03:03:28
2022-06-01 16:38:56,2022-06-01 16:38:56,In_Conversation, Holding_Other_Object_Light, Carrying_Bag_On_Shoulder/Back_Light, Located_Indoors,annotator,Behavioral Parameters,2022-06-01 03:04:02,2022-06-01 03:04:02
2022-06-01 16:39:25,2022-06-01 16:39:25,In_Conversation, Holding_Other_Object_Light, Carrying_Bag_On_Shoulder/Back_Light, Located_Indoors,annotator,Behavioral Parameters,2022-06-01 03:04:31,2022-06-01 03:04:31
2022-06-01 16:41:40,2022-06-01 16:54:00,Located_Indoors,annotator,Behavioral Parameters,2022-06-01 03:06:46,2022-06-01 03:19:06
2022-06-01 16:54:00,2022-06-01 16:54:00,Located_Indoors,annotator,Behavioral Parameters,2022-06-01 03:19:06,2022-06-01 03:19:06
2022-06-01 16:54:03,2022-06-01 16:54:21,Located_Indoors, Texting/Browsing_Phone,annotator,Behavioral Parameters,2022-06-01 03:19:09,2022-06-01 03:19:27
2022-06-01 16:54:21,2022-06-01 16:54:31,Located_Indoors, Texting/Browsing_Phone,annotator,Behavioral Parameters,2022-06-01 03:19:27,2022-06-01 03:19:37
2022-06-01 16:54:31,2022-06-01 16:54:55,Located_Indoors,annotator,Behavioral Parameters,2022-06-01 03:19:37,2022-06-01 03:20:01
2022-06-01 16:54:55,2022-06-01 16:55:06,Located_Indoors, In_Conversation, Carrying_Bag_On_Shoulder/Back_Light,annotator,Behavioral Parameters,2022-06-01 03:20:01,2022-06-01 03:20:12
2022-06-01 16:55:06,2022-06-01 16:55:44,Located_Indoors, In_Conversation, Carrying_Bag_On_Shoulder/Back_Light,annotator,Behavioral Parameters,2022-06-01 03:20:12,2022-06-01 03:20:50
2022-06-01 16:55:46,2022-06-01 16:56:33,Carrying_Bag_On_Shoulder/Back_Light, Located_Outdoors, In_Conversation,annotator,Behavioral Parameters,2022-06-01 03:20:52,2022-06-01 03:21:39
2022-06-01 16:56:33,2022-06-01 16:59:19,Carrying_Bag_On_Shoulder/Back_Light, Located_Outdoors,annotator,Behavioral Parameters,2022-06-01 03:21:39,2022-06-01 03:24:25
2022-06-01 16:59:19,2022-06-01 16:59:43,Carrying_Bag_On_Shoulder/Back_Light, Located_Outdoors,annotator,Behavioral Parameters,2022-06-01 03:24:25,2022-06-01 03:24:49
2022-06-01 16:59:43,2022-06-01 16:59:53,Carrying_Bag_On_Shoulder/Back_Light, Located_Outdoors,annotator,Behavioral Parameters,2022-06-01 03:24:49,2022-06-01 03:24:59
2022-06-01 16:59:53,2022-06-01 17:00:50,Carrying_Bag_On_Shoulder/Back_Light, Located_Outdoors,annotator,Behavioral Parameters,2022-06-01 03:24:59,2022-06-01 03:25:56
2022-06-01 17:00:50,2022-06-01 17:01:25,Carrying_Bag_On_Shoulder/Back_Light, Located_Outdoors,annotator,Behavioral Parameters,2022-06-01 03:25:56,2022-06-01 03:26:31
2022-06-01 17:01:25,2022-06-01 17:05:38,Carrying_Bag_On_Shoulder/Back_Light, Located_Outdoors, Texting/Browsing_Phone,annotator,Behavioral Parameters,2022-06-01 03:26:31,2022-06-01 03:30:44
2022-06-01 17:05:38,2022-06-01 17:06:15,Carrying_Bag_On_Shoulder/Back_Light, Located_Outdoors, Texting/Browsing_Phone,annotator,Behavioral Parameters,2022-06-01 03:30:44,2022-06-01 03:31:21
2022-06-01 17:06:15,2022-06-01 17:13:34,Carrying_Bag_On_Shoulder/Back_Light, Located_Outdoors, Texting/Browsing_Phone,annotator,Behavioral Parameters,2022-06-01 03:31:21,2022-06-01 03:38:40
2022-06-01 17:13:34,2022-06-01 17:14:29,Carrying_Bag_On_Shoulder/Back_Light, Located_Outdoors, Texting/Browsing_Phone,annotator,Behavioral Parameters,2022-06-01 03:38:40,2022-06-01 03:39:35
2022-06-01 17:14:29,2022-06-01 17:19:14,Carrying_Bag_On_Shoulder/Back_Light, Located_Outdoors, Texting/Browsing_Phone,annotator,Behavioral Parameters,2022-06-01 03:39:35,2022-06-01 03:44:20
2022-06-01 17:19:14,2022-06-01 17:19:24,Carrying_Bag_On_Shoulder/Back_Light, Located_Outdoors,annotator,Behavioral Parameters,2022-06-01 03:44:20,2022-06-01 03:44:30
2022-06-01 17:19:24,2022-06-01 17:19:39,Carrying_Bag_On_Shoulder/Back_Light, Located_Indoors,annotator,Behavioral Parameters,2022-06-01 03:44:30,2022-06-01 03:44:45
2022-06-01 17:19:39,2022-06-01 17:19:51,Carrying_Bag_On_Shoulder/Back_Light, Located_Indoors,annotator,Behavioral Parameters,2022-06-01 03:44:45,2022-06-01 03:44:57
2022-06-01 17:19:51,2022-06-01 17:20:19,Located_Indoors,annotator,Behavioral Parameters,2022-06-01 03:44:57,2022-06-01 03:45:25
2022-06-01 17:20:19,2022-06-01 17:29:09,Located_Indoors,annotator,Behavioral Parameters,2022-06-01 03:45:25,2022-06-01 03:54:15
2022-06-01 17:29:09,2022-06-01 17:30:11,Located_Indoors,annotator,Behavioral Parameters,2022-06-01 03:54:15,2022-06-01 03:55:17
2022-06-01 17:30:11,2022-06-01 17:30:21,Located_Indoors,annotator,Behavioral Parameters,2022-06-01 03:55:17,2022-06-01 03:55:27
2022-06-01 17:30:21,2022-06-01 17:30:30,Located_Indoors,annotator,Behavioral Parameters,2022-06-01 03:55:27,2022-06-01 03:55:36
2022-06-01 17:30:30,2022-06-01 17:30:37,Located_Indoors,annotator,Behavioral Parameters,2022-06-01 03:55:36,2022-06-01 03:55:43
2022-06-01 17:30:37,2022-06-01 17:31:32,Located_Indoors, In_Conversation,annotator,Behavioral Parameters,2022-06-01 03:55:43,2022-06-01 03:56:38
2022-06-01 17:31:32,2022-06-01 17:31:43,Located_Indoors, In_Conversation,annotator,Behavioral Parameters,2022-06-01 03:56:38,2022-06-01 03:56:49
2022-06-01 17:31:43,2022-06-01 17:32:20,Located_Indoors,annotator,Behavioral Parameters,2022-06-01 03:56:49,2022-06-01 03:57:26
2022-06-01 17:32:20,2022-06-01 17:32:23,Located_Indoors,annotator,Behavioral Parameters,2022-06-01 03:57:26,2022-06-01 03:57:29
2022-06-01 17:32:23,2022-06-01 17:32:43,Located_Indoors, Holding_Solid_Food,annotator,Behavioral Parameters,2022-06-01 03:57:29,2022-06-01 03:57:49
2022-06-01 17:32:43,2022-06-01 17:33:03,Located_Indoors, Holding_Solid_Food, In_Conversation,annotator,Behavioral Parameters,2022-06-01 03:57:49,2022-06-01 03:58:09
2022-06-01 17:33:03,2022-06-01 17:33:10,Located_Indoors, Holding_Solid_Food, In_Conversation,annotator,Behavioral Parameters,2022-06-01 03:58:09,2022-06-01 03:58:16
2022-06-01 17:33:10,2022-06-01 17:33:20,Located_Indoors, Holding_Solid_Food, In_Conversation,annotator,Behavioral Parameters,2022-06-01 03:58:16,2022-06-01 03:58:26
2022-06-01 17:33:20,2022-06-01 17:33:56,Located_Indoors, Holding_Solid_Food, In_Conversation,annotator,Behavioral Parameters,2022-06-01 03:58:26,2022-06-01 03:59:02
2022-06-01 17:33:56,2022-06-01 17:34:10,Located_Indoors, Holding_Solid_Food, In_Conversation,annotator,Behavioral Parameters,2022-06-01 03:59:02,2022-06-01 03:59:16
2022-06-01 17:34:10,2022-06-01 17:34:19,Located_Indoors, Holding_Solid_Food, In_Conversation,annotator,Behavioral Parameters,2022-06-01 03:59:16,2022-06-01 03:59:25
2022-06-01 17:34:19,2022-06-01 17:34:39,Located_Indoors, Holding_Solid_Food, In_Conversation,annotator,Behavioral Parameters,2022-06-01 03:59:25,2022-06-01 03:59:45
2022-06-01 17:34:39,2022-06-01 17:34:39,Located_Indoors, Holding_Solid_Food, In_Conversation,annotator,Behavioral Parameters,2022-06-01 03:59:45,2022-06-01 03:59:45
2022-06-01 17:34:39,2022-06-01 17:34:50,Located_Indoors, Holding_Solid_Food, In_Conversation, Holding_Other_Object_Light,annotator,Behavioral Parameters,2022-06-01 03:59:45,2022-06-01 03:59:56
2022-06-01 17:34:50,2022-06-01 17:35:10,Located_Indoors, Holding_Solid_Food, In_Conversation, Holding_Other_Object_Light,annotator,Behavioral Parameters,2022-06-01 03:59:56,2022-06-01 04:00:16
2022-06-01 17:35:10,2022-06-01 17:36:15,Located_Indoors, Holding_Solid_Food, Holding_Other_Object_Light,annotator,Behavioral Parameters,2022-06-01 04:00:16,2022-06-01 04:01:21
2022-06-01 17:36:15,2022-06-01 17:36:19,Located_Indoors, Holding_Solid_Food, Holding_Other_Object_Light,annotator,Behavioral Parameters,2022-06-01 04:01:21,2022-06-01 04:01:25
2022-06-01 17:36:19,2022-06-01 17:36:28,Located_Indoors, Holding_Solid_Food, Holding_Other_Object_Light,annotator,Behavioral Parameters,2022-06-01 04:01:25,2022-06-01 04:01:34
2022-06-01 17:36:28,2022-06-01 17:38:02,Located_Indoors, Holding_Solid_Food, Holding_Other_Object_Light,annotator,Behavioral Parameters,2022-06-01 04:01:34,2022-06-01 04:03:08
2022-06-01 17:38:02,2022-06-01 17:38:08,Located_Indoors, Holding_Solid_Food, Holding_Other_Object_Light,annotator,Behavioral Parameters,2022-06-01 04:03:08,2022-06-01 04:03:14
2022-06-01 17:38:08,2022-06-01 17:38:17,Located_Indoors, Holding_Solid_Food, Holding_Other_Object_Light,annotator,Behavioral Parameters,2022-06-01 04:03:14,2022-06-01 04:03:23
2022-06-01 17:38:17,2022-06-01 17:38:28,Located_Indoors, In_Conversation,annotator,Behavioral Parameters,2022-06-01 04:03:23,2022-06-01 04:03:34
2022-06-01 17:38:28,2022-06-01 17:39:20,Located_Indoors, In_Conversation,annotator,Behavioral Parameters,2022-06-01 04:03:34,2022-06-01 04:04:26
2022-06-01 17:39:20,2022-06-01 17:39:33,Located_Indoors, In_Conversation,annotator,Behavioral Parameters,2022-06-01 04:04:26,2022-06-01 04:04:39
2022-06-01 17:39:33,2022-06-01 17:42:54,In_Conversation, Located_Outdoors,annotator,Behavioral Parameters,2022-06-01 04:04:39,2022-06-01 04:08:00
2022-06-01 17:42:54,2022-06-01 17:43:39,Holding_Other_Object_Light, Located_Indoors,annotator,Behavioral Parameters,2022-06-01 04:08:00,2022-06-01 04:08:45
