START_TIME,STOP_TIME,PREDICTION,SOURCE,LABELSET,VIDEO_START_TIME,VIDEO_END_TIME
2022-02-20 10:15:10,2022-02-20 10:15:15,BP_VideoUnavailable/Indecipherable,annotator,Behavioral Parameters,2022-02-20 00:00:00,2022-02-20 00:00:05
2022-02-20 10:15:20,2022-02-20 10:15:38,Located_Indoors, Holding_Other_Object_Light,annotator,Behavioral Parameters,2022-02-20 00:00:10,2022-02-20 00:00:28
2022-02-20 10:15:41,2022-02-20 10:16:13,Located_Indoors,annotator,Behavioral Parameters,2022-02-20 00:00:31,2022-02-20 00:01:03
2022-02-20 10:16:15,2022-02-20 10:16:21,Located_Indoors, Holding_Other_Object_Light,annotator,Behavioral Parameters,2022-02-20 00:01:05,2022-02-20 00:01:11
2022-02-20 10:16:20,2022-02-20 10:16:21,Located_Indoors, Holding_Other_Object_Light,annotator,Behavioral Parameters,2022-02-20 00:01:10,2022-02-20 00:01:11
2022-02-20 10:16:25,2022-02-20 10:16:44,Located_Indoors, Holding_Other_Object_Light,annotator,Behavioral Parameters,2022-02-20 00:01:15,2022-02-20 00:01:34
2022-02-20 10:16:50,2022-02-20 10:17:13,Located_Indoors, Holding_Other_Object_Light, Texting/Browsing_Phone,annotator,Behavioral Parameters,2022-02-20 00:01:40,2022-02-20 00:02:03
2022-02-20 10:17:17,2022-02-20 10:17:22,Located_Indoors, Typing_Computer,annotator,Behavioral Parameters,2022-02-20 00:02:07,2022-02-20 00:02:12
2022-02-20 10:17:27,2022-02-20 10:18:12,Located_Indoors, Browsing_Computer,annotator,Behavioral Parameters,2022-02-20 00:02:17,2022-02-20 00:03:02
2022-02-20 10:18:16,2022-02-20 10:18:35,Located_Indoors, Typing_Computer,annotator,Behavioral Parameters,2022-02-20 00:03:06,2022-02-20 00:03:25
2022-02-20 10:18:38,2022-02-20 10:18:59,Located_Indoors, Holding_Drink,annotator,Behavioral Parameters,2022-02-20 00:03:28,2022-02-20 00:03:49
2022-02-20 10:19:01,2022-02-20 10:19:24,Located_Indoors, Browsing_Computer,annotator,Behavioral Parameters,2022-02-20 00:03:51,2022-02-20 00:04:14
2022-02-20 10:19:27,2022-02-20 10:19:31,Located_Indoors, Browsing_Computer, Holding_Drink,annotator,Behavioral Parameters,2022-02-20 00:04:17,2022-02-20 00:04:21
2022-02-20 10:19:34,2022-02-20 10:22:24,Located_Indoors, Browsing_Computer,annotator,Behavioral Parameters,2022-02-20 00:04:24,2022-02-20 00:07:14
2022-02-20 10:22:27,2022-02-20 10:22:41,Located_Indoors, Typing_Computer,annotator,Behavioral Parameters,2022-02-20 00:07:17,2022-02-20 00:07:31
2022-02-20 10:22:43,2022-02-20 10:26:05,Located_Indoors, Browsing_Computer,annotator,Behavioral Parameters,2022-02-20 00:07:33,2022-02-20 00:10:55
2022-02-20 10:26:10,2022-02-20 10:46:00,Located_Indoors,annotator,Behavioral Parameters,2022-02-20 00:11:00,2022-02-20 00:30:50
2022-02-20 10:46:08,2022-02-20 10:46:23,Located_Indoors, Browsing_Computer,annotator,Behavioral Parameters,2022-02-20 00:30:58,2022-02-20 00:31:13
2022-02-20 10:46:27,2022-02-20 10:47:24,Located_Indoors,annotator,Behavioral Parameters,2022-02-20 00:31:17,2022-02-20 00:32:14
2022-02-20 10:47:28,2022-02-20 10:49:23,Located_Indoors, Browsing_Computer,annotator,Behavioral Parameters,2022-02-20 00:32:18,2022-02-20 00:34:13
2022-02-20 10:49:31,2022-02-20 10:53:24,Located_Indoors, Browsing_Computer,annotator,Behavioral Parameters,2022-02-20 00:34:21,2022-02-20 00:38:14
2022-02-20 10:53:30,2022-02-20 10:54:47,Located_Indoors, Holding_Other_Object_Light, Texting/Browsing_Phone,annotator,Behavioral Parameters,2022-02-20 00:38:20,2022-02-20 00:39:37
2022-02-20 10:54:52,2022-02-20 10:55:04,Located_Indoors, Browsing_Computer,annotator,Behavioral Parameters,2022-02-20 00:39:42,2022-02-20 00:39:54
2022-02-20 10:55:12,2022-02-20 10:55:37,Located_Indoors, Texting/Browsing_Phone, Holding_Other_Object_Light,annotator,Behavioral Parameters,2022-02-20 00:40:02,2022-02-20 00:40:27
2022-02-20 10:55:42,2022-02-20 10:56:21,Located_Indoors, Browsing_Computer,annotator,Behavioral Parameters,2022-02-20 00:40:32,2022-02-20 00:41:11
2022-02-20 10:56:25,2022-02-20 10:56:59,Located_Indoors, Typing_Computer,annotator,Behavioral Parameters,2022-02-20 00:41:15,2022-02-20 00:41:49
2022-02-20 10:57:04,2022-02-20 10:57:44,Located_Indoors, Browsing_Computer,annotator,Behavioral Parameters,2022-02-20 00:41:54,2022-02-20 00:42:34
2022-02-20 10:57:47,2022-02-20 10:59:34,Located_Indoors, Holding_Other_Object_Heavy, Texting/Browsing_Phone,annotator,Behavioral Parameters,2022-02-20 00:42:37,2022-02-20 00:44:24
2022-02-20 10:59:40,2022-02-20 11:01:04,Located_Indoors, Browsing_Computer,annotator,Behavioral Parameters,2022-02-20 00:44:30,2022-02-20 00:45:54
2022-02-20 11:01:11,2022-02-20 11:04:04,Located_Indoors,annotator,Behavioral Parameters,2022-02-20 00:46:01,2022-02-20 00:48:54
2022-02-20 11:04:10,2022-02-20 11:07:23,Located_Indoors, Browsing_Computer,annotator,Behavioral Parameters,2022-02-20 00:49:00,2022-02-20 00:52:13
2022-02-20 11:07:29,2022-02-20 11:14:25,Located_Indoors,annotator,Behavioral Parameters,2022-02-20 00:52:19,2022-02-20 00:59:15
2022-02-20 11:14:31,2022-02-20 11:18:40,Located_Indoors, Browsing_Computer,annotator,Behavioral Parameters,2022-02-20 00:59:21,2022-02-20 01:03:30
2022-02-20 11:18:49,2022-02-20 11:21:29,Located_Indoors,annotator,Behavioral Parameters,2022-02-20 01:03:39,2022-02-20 01:06:19
2022-02-20 11:21:34,2022-02-20 11:22:46,Located_Indoors, Browsing_Computer,annotator,Behavioral Parameters,2022-02-20 01:06:24,2022-02-20 01:07:36
2022-02-20 11:22:51,2022-02-20 11:34:01,Located_Indoors,annotator,Behavioral Parameters,2022-02-20 01:07:41,2022-02-20 01:18:51
2022-02-20 11:34:04,2022-02-20 11:34:52,Located_Indoors, Holding_Other_Object_Light, Texting/Browsing_Phone,annotator,Behavioral Parameters,2022-02-20 01:18:54,2022-02-20 01:19:42
2022-02-20 11:34:57,2022-02-20 11:35:36,Located_Indoors, Holding_Other_Object_Light, Texting/Browsing_Phone,annotator,Behavioral Parameters,2022-02-20 01:19:47,2022-02-20 01:20:26
2022-02-20 11:35:38,2022-02-20 11:35:52,Located_Indoors, Holding_Other_Object_Light, Texting/Browsing_Phone,annotator,Behavioral Parameters,2022-02-20 01:20:28,2022-02-20 01:20:42
2022-02-20 11:35:58,2022-02-20 11:36:16,Located_Indoors,annotator,Behavioral Parameters,2022-02-20 01:20:48,2022-02-20 01:21:06
2022-02-20 11:36:18,2022-02-20 11:37:28,Located_Indoors, Holding_Other_Object_Light, Texting/Browsing_Phone, In_Conversation,annotator,Behavioral Parameters,2022-02-20 01:21:08,2022-02-20 01:22:18
2022-02-20 11:37:32,2022-02-20 11:40:57,Located_Indoors,annotator,Behavioral Parameters,2022-02-20 01:22:22,2022-02-20 01:25:47
2022-02-20 11:41:11,2022-02-20 11:42:50,Located_Indoors, Holding_Other_Object_Light,annotator,Behavioral Parameters,2022-02-20 01:26:01,2022-02-20 01:27:40
2022-02-20 11:42:53,2022-02-20 11:43:06,Located_Indoors, Holding_Drink,annotator,Behavioral Parameters,2022-02-20 01:27:43,2022-02-20 01:27:56
2022-02-20 11:43:11,2022-02-20 11:53:12,Located_Indoors, Holding_Other_Object_Light,annotator,Behavioral Parameters,2022-02-20 01:28:01,2022-02-20 01:38:02
2022-02-20 11:53:18,2022-02-20 11:54:40,Located_Indoors, Browsing_Computer,annotator,Behavioral Parameters,2022-02-20 01:38:08,2022-02-20 01:39:30
2022-02-20 11:54:43,2022-02-20 11:58:49,Located_Indoors,annotator,Behavioral Parameters,2022-02-20 01:39:33,2022-02-20 01:43:39
2022-02-20 11:58:56,2022-02-20 11:59:36,Located_Indoors, Holding_Other_Object_Light,annotator,Behavioral Parameters,2022-02-20 01:43:46,2022-02-20 01:44:26
2022-02-20 11:59:39,2022-02-20 11:59:58,Located_Indoors,annotator,Behavioral Parameters,2022-02-20 01:44:29,2022-02-20 01:44:48
2022-02-20 12:00:00,2022-02-20 12:00:09,Located_Indoors,annotator,Behavioral Parameters,2022-02-20 01:44:50,2022-02-20 01:44:59
2022-02-20 12:00:11,2022-02-20 12:00:32,Located_Indoors,annotator,Behavioral Parameters,2022-02-20 01:45:01,2022-02-20 01:45:22
2022-02-20 12:00:35,2022-02-20 12:14:36,Located_Indoors, Legs_Uncrossed, In_Conversation,annotator,Behavioral Parameters,2022-02-20 01:45:25,2022-02-20 01:59:26
2022-02-20 12:14:46,2022-02-20 12:15:09,Located_Indoors, In_Conversation,annotator,Behavioral Parameters,2022-02-20 01:59:36,2022-02-20 01:59:59
2022-02-20 12:15:10,2022-02-20 12:15:24,Located_Indoors, In_Conversation,annotator,Behavioral Parameters,2022-02-20 02:00:00,2022-02-20 02:00:14
2022-02-20 12:15:26,2022-02-20 12:15:31,Located_Indoors, In_Conversation,annotator,Behavioral Parameters,2022-02-20 02:00:16,2022-02-20 02:00:21
2022-02-20 12:15:32,2022-02-20 12:15:46,In_Conversation, Located_Outdoors,annotator,Behavioral Parameters,2022-02-20 02:00:22,2022-02-20 02:00:36
2022-02-20 12:15:48,2022-02-20 12:15:53,In_Conversation, Located_Outdoors,annotator,Behavioral Parameters,2022-02-20 02:00:38,2022-02-20 02:00:43
2022-02-20 12:15:56,2022-02-20 12:17:13,In_Conversation, Located_Outdoors,annotator,Behavioral Parameters,2022-02-20 02:00:46,2022-02-20 02:02:03
2022-02-20 12:17:16,2022-02-20 12:17:23,In_Conversation, Located_Indoors,annotator,Behavioral Parameters,2022-02-20 02:02:06,2022-02-20 02:02:13
2022-02-20 12:17:25,2022-02-20 12:17:30,In_Conversation, Located_Indoors,annotator,Behavioral Parameters,2022-02-20 02:02:15,2022-02-20 02:02:20
2022-02-20 12:17:32,2022-02-20 12:18:06,In_Conversation, Located_Indoors,annotator,Behavioral Parameters,2022-02-20 02:02:22,2022-02-20 02:02:56
2022-02-20 12:18:07,2022-02-20 12:18:09,In_Conversation, Located_Indoors,annotator,Behavioral Parameters,2022-02-20 02:02:57,2022-02-20 02:02:59
2022-02-20 12:18:10,2022-02-20 12:18:15,In_Conversation, Located_Indoors,annotator,Behavioral Parameters,2022-02-20 02:03:00,2022-02-20 02:03:05
2022-02-20 12:18:18,2022-02-20 12:18:40,In_Conversation, Located_Indoors,annotator,Behavioral Parameters,2022-02-20 02:03:08,2022-02-20 02:03:30
2022-02-20 12:18:47,2022-02-20 12:19:21,Located_Indoors,annotator,Behavioral Parameters,2022-02-20 02:03:37,2022-02-20 02:04:11
2022-02-20 12:19:24,2022-02-20 12:20:54,Located_Indoors, Holding_Solid_Food, Holding_Other_Object_Light,annotator,Behavioral Parameters,2022-02-20 02:04:14,2022-02-20 02:05:44
2022-02-20 12:20:56,2022-02-20 12:21:08,Located_Indoors,annotator,Behavioral Parameters,2022-02-20 02:05:46,2022-02-20 02:05:58
2022-02-20 12:21:09,2022-02-20 12:21:26,Located_Indoors, Holding_Other_Object_Light, Holding_Solid_Food,annotator,Behavioral Parameters,2022-02-20 02:05:59,2022-02-20 02:06:16
2022-02-20 12:21:27,2022-02-20 12:21:51,Located_Indoors,annotator,Behavioral Parameters,2022-02-20 02:06:17,2022-02-20 02:06:41
2022-02-20 12:21:52,2022-02-20 12:21:59,Located_Indoors, Holding_Other_Object_Light,annotator,Behavioral Parameters,2022-02-20 02:06:42,2022-02-20 02:06:49
2022-02-20 12:22:01,2022-02-20 12:22:21,Located_Indoors, Holding_Other_Object_Light,annotator,Behavioral Parameters,2022-02-20 02:06:51,2022-02-20 02:07:11
2022-02-20 12:22:27,2022-02-20 12:44:49,Located_Indoors, Holding_Other_Object_Light, Holding_Solid_Food, In_Conversation,annotator,Behavioral Parameters,2022-02-20 02:07:17,2022-02-20 02:29:39
2022-02-20 12:44:55,2022-02-20 12:45:18,Located_Indoors, Holding_Other_Object_Light, Holding_Solid_Food, Texting/Browsing_Phone,annotator,Behavioral Parameters,2022-02-20 02:29:45,2022-02-20 02:30:08
2022-02-20 12:45:21,2022-02-20 12:45:33,Located_Indoors, Holding_Solid_Food,annotator,Behavioral Parameters,2022-02-20 02:30:11,2022-02-20 02:30:23
2022-02-20 12:45:36,2022-02-20 12:46:22,Located_Indoors, In_Conversation,annotator,Behavioral Parameters,2022-02-20 02:30:26,2022-02-20 02:31:12
2022-02-20 12:46:26,2022-02-20 12:49:13,Located_Indoors, In_Conversation, Holding_Solid_Food,annotator,Behavioral Parameters,2022-02-20 02:31:16,2022-02-20 02:34:03
2022-02-20 12:49:15,2022-02-20 12:49:29,Located_Indoors, In_Conversation,annotator,Behavioral Parameters,2022-02-20 02:34:05,2022-02-20 02:34:19
2022-02-20 12:49:32,2022-02-20 12:51:14,Located_Indoors, In_Conversation, Holding_Solid_Food,annotator,Behavioral Parameters,2022-02-20 02:34:22,2022-02-20 02:36:04
2022-02-20 12:51:19,2022-02-20 12:57:45,Located_Indoors, In_Conversation,annotator,Behavioral Parameters,2022-02-20 02:36:09,2022-02-20 02:42:35
2022-02-20 12:57:54,2022-02-20 12:58:27,Located_Indoors, In_Conversation, Holding_Solid_Food,annotator,Behavioral Parameters,2022-02-20 02:42:44,2022-02-20 02:43:17
2022-02-20 12:58:31,2022-02-20 13:00:42,Located_Indoors, In_Conversation,annotator,Behavioral Parameters,2022-02-20 02:43:21,2022-02-20 02:45:32
2022-02-20 13:00:46,2022-02-20 13:01:28,Located_Indoors, In_Conversation, Holding_Other_Object_Light,annotator,Behavioral Parameters,2022-02-20 02:45:36,2022-02-20 02:46:18
2022-02-20 13:01:31,2022-02-20 13:02:16,Located_Indoors, Holding_Other_Object_Light,annotator,Behavioral Parameters,2022-02-20 02:46:21,2022-02-20 02:47:06
2022-02-20 13:02:19,2022-02-20 13:02:32,Located_Indoors, In_Conversation,annotator,Behavioral Parameters,2022-02-20 02:47:09,2022-02-20 02:47:22
2022-02-20 13:02:35,2022-02-20 13:02:39,Located_Indoors, In_Conversation,annotator,Behavioral Parameters,2022-02-20 02:47:25,2022-02-20 02:47:29
2022-02-20 13:02:41,2022-02-20 13:04:13,In_Conversation, Located_Outdoors,annotator,Behavioral Parameters,2022-02-20 02:47:31,2022-02-20 02:49:03
2022-02-20 13:04:15,2022-02-20 13:04:33,In_Conversation, Located_Indoors,annotator,Behavioral Parameters,2022-02-20 02:49:05,2022-02-20 02:49:23
2022-02-20 13:04:35,2022-02-20 13:05:15,In_Conversation, Located_Indoors,annotator,Behavioral Parameters,2022-02-20 02:49:25,2022-02-20 02:50:05
2022-02-20 13:05:16,2022-02-20 13:05:26,In_Conversation, Located_Indoors,annotator,Behavioral Parameters,2022-02-20 02:50:06,2022-02-20 02:50:16
2022-02-20 13:05:27,2022-02-20 13:05:44,Located_Indoors,annotator,Behavioral Parameters,2022-02-20 02:50:17,2022-02-20 02:50:34
2022-02-20 13:05:46,2022-02-20 13:05:50,Located_Indoors,annotator,Behavioral Parameters,2022-02-20 02:50:36,2022-02-20 02:50:40
2022-02-20 13:05:51,2022-02-20 13:06:31,Located_Indoors, Holding_Other_Object_Light, Texting/Browsing_Phone,annotator,Behavioral Parameters,2022-02-20 02:50:41,2022-02-20 02:51:21
2022-02-20 13:06:32,2022-02-20 13:06:53,Located_Indoors, On_Phone_Call,annotator,Behavioral Parameters,2022-02-20 02:51:22,2022-02-20 02:51:43
2022-02-20 13:06:57,2022-02-20 13:08:39,Located_Indoors, On_Phone_Call, Holding_Other_Object_Light,annotator,Behavioral Parameters,2022-02-20 02:51:47,2022-02-20 02:53:29
2022-02-20 13:08:45,2022-02-20 13:10:14,Located_Indoors, On_Phone_Call, Holding_Other_Object_Light,annotator,Behavioral Parameters,2022-02-20 02:53:35,2022-02-20 02:55:04
2022-02-20 13:10:17,2022-02-20 13:10:28,Located_Indoors, On_Phone_Call, Holding_Other_Object_Light,annotator,Behavioral Parameters,2022-02-20 02:55:07,2022-02-20 02:55:18
2022-02-20 13:10:30,2022-02-20 13:11:36,Located_Indoors, Holding_Other_Object_Light, Texting/Browsing_Phone,annotator,Behavioral Parameters,2022-02-20 02:55:20,2022-02-20 02:56:26
2022-02-20 13:11:38,2022-02-20 13:26:34,Located_Indoors, Holding_Other_Object_Light, On_Phone_Call,annotator,Behavioral Parameters,2022-02-20 02:56:28,2022-02-20 03:11:24
2022-02-20 13:26:41,2022-02-20 13:27:07,Located_Indoors, Holding_Other_Object_Light,annotator,Behavioral Parameters,2022-02-20 03:11:31,2022-02-20 03:11:57
2022-02-20 13:27:09,2022-02-20 13:28:38,Located_Indoors, Holding_Other_Object_Light,annotator,Behavioral Parameters,2022-02-20 03:11:59,2022-02-20 03:13:28
2022-02-20 13:28:40,2022-02-20 13:29:04,Located_Indoors, Holding_Other_Object_Light, Holding_Drink,annotator,Behavioral Parameters,2022-02-20 03:13:30,2022-02-20 03:13:54
2022-02-20 13:29:06,2022-02-20 13:29:17,Located_Indoors, Holding_Other_Object_Light, Holding_Drink,annotator,Behavioral Parameters,2022-02-20 03:13:56,2022-02-20 03:14:07
2022-02-20 13:29:20,2022-02-20 13:29:24,Located_Indoors, Holding_Other_Object_Light, Holding_Drink,annotator,Behavioral Parameters,2022-02-20 03:14:10,2022-02-20 03:14:14
2022-02-20 13:29:25,2022-02-20 13:29:37,Located_Indoors, Holding_Book/Reader,annotator,Behavioral Parameters,2022-02-20 03:14:15,2022-02-20 03:14:27
2022-02-20 13:29:40,2022-02-20 13:29:50,Located_Indoors, Holding_Other_Object_Light,annotator,Behavioral Parameters,2022-02-20 03:14:30,2022-02-20 03:14:40
2022-02-20 13:30:00,2022-02-20 13:30:34,Located_Indoors, Holding_Other_Object_Light, Texting/Browsing_Phone,annotator,Behavioral Parameters,2022-02-20 03:14:50,2022-02-20 03:15:24
2022-02-20 13:30:35,2022-02-20 13:30:47,Located_Indoors, Browsing_Computer,annotator,Behavioral Parameters,2022-02-20 03:15:25,2022-02-20 03:15:37
2022-02-20 13:30:49,2022-02-20 13:30:58,Located_Indoors, Typing_Computer,annotator,Behavioral Parameters,2022-02-20 03:15:39,2022-02-20 03:15:48
2022-02-20 13:31:01,2022-02-20 13:31:08,Located_Indoors, Browsing_Computer,annotator,Behavioral Parameters,2022-02-20 03:15:51,2022-02-20 03:15:58
2022-02-20 13:31:11,2022-02-20 13:38:14,Located_Indoors,annotator,Behavioral Parameters,2022-02-20 03:16:01,2022-02-20 03:23:04
2022-02-20 13:38:17,2022-02-20 13:38:27,Located_Indoors,annotator,Behavioral Parameters,2022-02-20 03:23:07,2022-02-20 03:23:17
2022-02-20 13:38:35,2022-02-20 13:46:00,Located_Indoors, Legs_Uncrossed,annotator,Behavioral Parameters,2022-02-20 03:23:25,2022-02-20 03:30:50
2022-02-20 13:46:06,2022-02-20 13:46:57,Located_Indoors, Legs_Uncrossed, Browsing_Computer,annotator,Behavioral Parameters,2022-02-20 03:30:56,2022-02-20 03:31:47
2022-02-20 13:47:01,2022-02-20 13:54:09,Located_Indoors, Legs_Uncrossed,annotator,Behavioral Parameters,2022-02-20 03:31:51,2022-02-20 03:38:59
2022-02-20 13:54:18,2022-02-20 13:59:44,Located_Indoors, Legs_Uncrossed, Browsing_Computer,annotator,Behavioral Parameters,2022-02-20 03:39:08,2022-02-20 03:44:34
2022-02-20 13:59:48,2022-02-20 14:02:22,Located_Indoors,annotator,Behavioral Parameters,2022-02-20 03:44:38,2022-02-20 03:47:12
2022-02-20 14:02:27,2022-02-20 14:03:49,Located_Indoors, Browsing_Computer,annotator,Behavioral Parameters,2022-02-20 03:47:17,2022-02-20 03:48:39
2022-02-20 14:03:56,2022-02-20 14:05:25,Located_Indoors,annotator,Behavioral Parameters,2022-02-20 03:48:46,2022-02-20 03:50:15
2022-02-20 14:05:30,2022-02-20 14:06:48,Located_Indoors, Browsing_Computer,annotator,Behavioral Parameters,2022-02-20 03:50:20,2022-02-20 03:51:38
2022-02-20 14:06:51,2022-02-20 14:14:21,Located_Indoors,annotator,Behavioral Parameters,2022-02-20 03:51:41,2022-02-20 03:59:11
2022-02-20 14:14:25,2022-02-20 14:14:30,Located_Indoors, Holding_Drink,annotator,Behavioral Parameters,2022-02-20 03:59:15,2022-02-20 03:59:20
2022-02-20 14:14:33,2022-02-20 14:14:44,Located_Indoors,annotator,Behavioral Parameters,2022-02-20 03:59:23,2022-02-20 03:59:34
2022-02-20 14:14:51,2022-02-20 14:14:55,Located_Indoors, Holding_Drink,annotator,Behavioral Parameters,2022-02-20 03:59:41,2022-02-20 03:59:45
2022-02-20 14:14:58,2022-02-20 14:30:16,Located_Indoors,annotator,Behavioral Parameters,2022-02-20 03:59:48,2022-02-20 04:15:06
2022-02-20 14:30:20,2022-02-20 14:30:59,Located_Indoors, Browsing_Computer,annotator,Behavioral Parameters,2022-02-20 04:15:10,2022-02-20 04:15:49
2022-02-20 14:31:05,2022-02-20 14:31:58,Located_Indoors,annotator,Behavioral Parameters,2022-02-20 04:15:55,2022-02-20 04:16:48
2022-02-20 14:32:02,2022-02-20 14:35:37,Located_Indoors, Browsing_Computer,annotator,Behavioral Parameters,2022-02-20 04:16:52,2022-02-20 04:20:27
2022-02-20 14:35:39,2022-02-20 14:36:17,Located_Indoors, Holding_Other_Object_Light, Texting/Browsing_Phone,annotator,Behavioral Parameters,2022-02-20 04:20:29,2022-02-20 04:21:07
2022-02-20 14:36:20,2022-02-20 14:36:33,Located_Indoors, Holding_Other_Object_Light, Browsing_Computer,annotator,Behavioral Parameters,2022-02-20 04:21:10,2022-02-20 04:21:23
2022-02-20 14:36:38,2022-02-20 14:37:46,Located_Indoors,annotator,Behavioral Parameters,2022-02-20 04:21:28,2022-02-20 04:22:36
2022-02-20 14:37:49,2022-02-20 14:45:25,Located_Indoors, Browsing_Computer,annotator,Behavioral Parameters,2022-02-20 04:22:39,2022-02-20 04:30:15
2022-02-20 14:45:28,2022-02-20 14:45:47,Located_Indoors, Typing_Computer,annotator,Behavioral Parameters,2022-02-20 04:30:18,2022-02-20 04:30:37
2022-02-20 14:45:50,2022-02-20 14:46:39,Located_Indoors, Browsing_Computer,annotator,Behavioral Parameters,2022-02-20 04:30:40,2022-02-20 04:31:29
2022-02-20 14:46:42,2022-02-20 14:46:55,Located_Indoors, Holding_Book/Reader, Browsing_Computer,annotator,Behavioral Parameters,2022-02-20 04:31:32,2022-02-20 04:31:45
2022-02-20 14:46:58,2022-02-20 14:47:10,Located_Indoors, Holding_Book/Reader, Texting/Browsing_Phone,annotator,Behavioral Parameters,2022-02-20 04:31:48,2022-02-20 04:32:00
2022-02-20 14:47:13,2022-02-20 14:48:54,Located_Indoors, Holding_Book/Reader, Browsing_Computer,annotator,Behavioral Parameters,2022-02-20 04:32:03,2022-02-20 04:33:44
2022-02-20 14:49:03,2022-02-20 14:51:08,Located_Indoors, Holding_Book/Reader, Legs_Crossed,annotator,Behavioral Parameters,2022-02-20 04:33:53,2022-02-20 04:35:58
2022-02-20 14:51:12,2022-02-20 14:51:24,Located_Indoors, Holding_Book/Reader, Holding_Other_Object_Light,annotator,Behavioral Parameters,2022-02-20 04:36:02,2022-02-20 04:36:14
2022-02-20 14:51:27,2022-02-20 14:53:35,Located_Indoors, Holding_Book/Reader,annotator,Behavioral Parameters,2022-02-20 04:36:17,2022-02-20 04:38:25
2022-02-20 14:53:39,2022-02-20 14:54:23,Located_Indoors, Holding_Book/Reader, Holding_Other_Object_Light, Texting/Browsing_Phone,annotator,Behavioral Parameters,2022-02-20 04:38:29,2022-02-20 04:39:13
2022-02-20 14:54:27,2022-02-20 14:56:24,Located_Indoors, Holding_Book/Reader, Legs_Crossed,annotator,Behavioral Parameters,2022-02-20 04:39:17,2022-02-20 04:41:14
2022-02-20 14:56:29,2022-02-20 14:58:18,Located_Indoors, Holding_Book/Reader, Legs_Uncrossed,annotator,Behavioral Parameters,2022-02-20 04:41:19,2022-02-20 04:43:08
2022-02-20 14:58:21,2022-02-20 15:10:18,Located_Indoors, Holding_Book/Reader,annotator,Behavioral Parameters,2022-02-20 04:43:11,2022-02-20 04:55:08
2022-02-20 15:10:22,2022-02-20 15:12:19,Located_Indoors, Holding_Book/Reader, Legs_Crossed,annotator,Behavioral Parameters,2022-02-20 04:55:12,2022-02-20 04:57:09
2022-02-20 15:12:25,2022-02-20 15:16:21,Located_Indoors, Holding_Book/Reader, Legs_Crossed, Texting/Browsing_Phone, Holding_Other_Object_Light,annotator,Behavioral Parameters,2022-02-20 04:57:15,2022-02-20 05:01:11
2022-02-20 15:16:23,2022-02-20 15:24:14,Located_Indoors, Holding_Book/Reader, Legs_Crossed,annotator,Behavioral Parameters,2022-02-20 05:01:13,2022-02-20 05:09:04
2022-02-20 15:24:19,2022-02-20 15:27:30,Located_Indoors, Legs_Uncrossed, Texting/Browsing_Phone, Holding_Other_Object_Light,annotator,Behavioral Parameters,2022-02-20 05:09:09,2022-02-20 05:12:20
2022-02-20 15:27:33,2022-02-20 15:37:27,Located_Indoors, Legs_Crossed, Holding_Book/Reader,annotator,Behavioral Parameters,2022-02-20 05:12:23,2022-02-20 05:22:17
2022-02-20 15:37:31,2022-02-20 15:50:51,Located_Indoors, Legs_Uncrossed, Texting/Browsing_Phone, Holding_Other_Object_Light,annotator,Behavioral Parameters,2022-02-20 05:22:21,2022-02-20 05:35:41
2022-02-20 15:50:55,2022-02-20 15:51:53,Located_Indoors, Holding_Book/Reader,annotator,Behavioral Parameters,2022-02-20 05:35:45,2022-02-20 05:36:43
2022-02-20 15:51:57,2022-02-20 15:52:10,Located_Indoors, Holding_Book/Reader,annotator,Behavioral Parameters,2022-02-20 05:36:47,2022-02-20 05:37:00
2022-02-20 15:52:10,2022-02-20 15:52:38,Located_Indoors, Holding_Book/Reader,annotator,Behavioral Parameters,2022-02-20 05:37:00,2022-02-20 05:37:28
2022-02-20 15:52:43,2022-02-20 15:58:05,Located_Indoors, BP_VideoUnavailable/Indecipherable,annotator,Behavioral Parameters,2022-02-20 05:37:33,2022-02-20 05:42:55
2022-02-20 15:58:11,2022-02-20 15:58:28,Located_Indoors, Holding_Book/Reader,annotator,Behavioral Parameters,2022-02-20 05:43:01,2022-02-20 05:43:18
2022-02-20 15:58:31,2022-02-20 15:58:40,Located_Indoors, Holding_Book/Reader,annotator,Behavioral Parameters,2022-02-20 05:43:21,2022-02-20 05:43:30
2022-02-20 15:58:44,2022-02-20 15:59:39,Located_Indoors, Browsing_Computer,annotator,Behavioral Parameters,2022-02-20 05:43:34,2022-02-20 05:44:29
2022-02-20 15:59:44,2022-02-20 16:13:44,Located_Indoors,annotator,Behavioral Parameters,2022-02-20 05:44:34,2022-02-20 05:58:34
2022-02-20 16:13:50,2022-02-20 16:17:19,Located_Indoors, Browsing_Computer,annotator,Behavioral Parameters,2022-02-20 05:58:40,2022-02-20 06:02:09
2022-02-20 16:17:24,2022-02-20 16:22:29,Located_Indoors,annotator,Behavioral Parameters,2022-02-20 06:02:14,2022-02-20 06:07:19
2022-02-20 16:22:40,2022-02-20 16:23:07,Located_Indoors, Browsing_Computer,annotator,Behavioral Parameters,2022-02-20 06:07:30,2022-02-20 06:07:57
2022-02-20 16:23:11,2022-02-20 16:27:57,Located_Indoors,annotator,Behavioral Parameters,2022-02-20 06:08:01,2022-02-20 06:12:47
2022-02-20 16:28:02,2022-02-20 16:28:36,Located_Indoors, Holding_Other_Object_Light, Texting/Browsing_Phone,annotator,Behavioral Parameters,2022-02-20 06:12:52,2022-02-20 06:13:26
2022-02-20 16:28:42,2022-02-20 16:41:17,Located_Indoors,annotator,Behavioral Parameters,2022-02-20 06:13:32,2022-02-20 06:26:07
2022-02-20 16:41:26,2022-02-20 16:42:31,Located_Indoors, Holding_Other_Object_Light, Texting/Browsing_Phone,annotator,Behavioral Parameters,2022-02-20 06:26:16,2022-02-20 06:27:21
2022-02-20 16:42:38,2022-02-20 16:45:34,Located_Indoors,annotator,Behavioral Parameters,2022-02-20 06:27:28,2022-02-20 06:30:24
2022-02-20 16:45:39,2022-02-20 16:46:47,Located_Indoors, Browsing_Computer,annotator,Behavioral Parameters,2022-02-20 06:30:29,2022-02-20 06:31:37
2022-02-20 16:46:51,2022-02-20 16:50:16,Located_Indoors,annotator,Behavioral Parameters,2022-02-20 06:31:41,2022-02-20 06:35:06
2022-02-20 16:50:21,2022-02-20 16:50:57,Located_Indoors, Browsing_Computer,annotator,Behavioral Parameters,2022-02-20 06:35:11,2022-02-20 06:35:47
2022-02-20 16:51:01,2022-02-20 16:51:58,Located_Indoors,annotator,Behavioral Parameters,2022-02-20 06:35:51,2022-02-20 06:36:48
2022-02-20 16:52:03,2022-02-20 16:53:08,Located_Indoors, Browsing_Computer,annotator,Behavioral Parameters,2022-02-20 06:36:53,2022-02-20 06:37:58
2022-02-20 16:53:11,2022-02-20 16:56:28,Located_Indoors,annotator,Behavioral Parameters,2022-02-20 06:38:01,2022-02-20 06:41:18
2022-02-20 16:56:40,2022-02-20 16:57:34,Located_Indoors, Typing_Computer,annotator,Behavioral Parameters,2022-02-20 06:41:30,2022-02-20 06:42:24
2022-02-20 16:57:38,2022-02-20 16:57:57,Located_Indoors, Browsing_Computer,annotator,Behavioral Parameters,2022-02-20 06:42:28,2022-02-20 06:42:47
2022-02-20 16:58:02,2022-02-20 16:58:29,Located_Indoors, Typing_Computer,annotator,Behavioral Parameters,2022-02-20 06:42:52,2022-02-20 06:43:19
2022-02-20 16:58:35,2022-02-20 16:59:42,Located_Indoors, Browsing_Computer,annotator,Behavioral Parameters,2022-02-20 06:43:25,2022-02-20 06:44:32
2022-02-20 16:59:49,2022-02-20 17:10:12,Located_Indoors,annotator,Behavioral Parameters,2022-02-20 06:44:39,2022-02-20 06:55:02
2022-02-20 17:10:17,2022-02-20 17:10:55,Located_Indoors, Browsing_Computer,annotator,Behavioral Parameters,2022-02-20 06:55:07,2022-02-20 06:55:45
2022-02-20 17:10:59,2022-02-20 17:19:20,Located_Indoors,annotator,Behavioral Parameters,2022-02-20 06:55:49,2022-02-20 07:04:10
2022-02-20 17:19:25,2022-02-20 17:19:48,Located_Indoors, Browsing_Computer,annotator,Behavioral Parameters,2022-02-20 07:04:15,2022-02-20 07:04:38
2022-02-20 17:19:54,2022-02-20 17:38:14,Located_Indoors,annotator,Behavioral Parameters,2022-02-20 07:04:44,2022-02-20 07:23:04
2022-02-20 17:38:18,2022-02-20 17:38:33,Located_Indoors, Typing_Computer,annotator,Behavioral Parameters,2022-02-20 07:23:08,2022-02-20 07:23:23
2022-02-20 17:38:37,2022-02-20 17:40:15,Located_Indoors, Browsing_Computer,annotator,Behavioral Parameters,2022-02-20 07:23:27,2022-02-20 07:25:05
2022-02-20 17:40:23,2022-02-20 17:41:46,Located_Indoors,annotator,Behavioral Parameters,2022-02-20 07:25:13,2022-02-20 07:26:36
2022-02-20 17:41:48,2022-02-20 17:43:00,Located_Indoors, Typing_Computer,annotator,Behavioral Parameters,2022-02-20 07:26:38,2022-02-20 07:27:50
2022-02-20 17:43:05,2022-02-20 17:48:34,Located_Indoors,annotator,Behavioral Parameters,2022-02-20 07:27:55,2022-02-20 07:33:24
2022-02-20 17:48:38,2022-02-20 17:48:55,Located_Indoors, Typing_Computer,annotator,Behavioral Parameters,2022-02-20 07:33:28,2022-02-20 07:33:45
2022-02-20 17:49:00,2022-02-20 18:00:23,Located_Indoors,annotator,Behavioral Parameters,2022-02-20 07:33:50,2022-02-20 07:45:13
2022-02-20 18:00:29,2022-02-20 18:00:54,Located_Indoors, Browsing_Computer,annotator,Behavioral Parameters,2022-02-20 07:45:19,2022-02-20 07:45:44
2022-02-20 18:00:57,2022-02-20 18:01:12,Located_Indoors, Texting/Browsing_Phone, Holding_Other_Object_Light, Holding_Book/Reader,annotator,Behavioral Parameters,2022-02-20 07:45:47,2022-02-20 07:46:02
2022-02-20 18:01:16,2022-02-20 18:04:11,Located_Indoors,annotator,Behavioral Parameters,2022-02-20 07:46:06,2022-02-20 07:49:01
2022-02-20 18:04:13,2022-02-20 18:05:34,Located_Indoors, Holding_Other_Object_Light, Texting/Browsing_Phone,annotator,Behavioral Parameters,2022-02-20 07:49:03,2022-02-20 07:50:24
2022-02-20 18:05:40,2022-02-20 18:05:58,Located_Indoors, Browsing_Computer,annotator,Behavioral Parameters,2022-02-20 07:50:30,2022-02-20 07:50:48
2022-02-20 18:06:01,2022-02-20 18:08:39,Located_Indoors, Holding_Other_Object_Light, Texting/Browsing_Phone,annotator,Behavioral Parameters,2022-02-20 07:50:51,2022-02-20 07:53:29
2022-02-20 18:08:43,2022-02-20 18:09:47,Located_Indoors, Browsing_Computer,annotator,Behavioral Parameters,2022-02-20 07:53:33,2022-02-20 07:54:37
2022-02-20 18:09:51,2022-02-20 18:10:30,Located_Indoors, Texting/Browsing_Phone, Holding_Other_Object_Light,annotator,Behavioral Parameters,2022-02-20 07:54:41,2022-02-20 07:55:20
2022-02-20 18:10:36,2022-02-20 18:10:39,Located_Indoors, Browsing_Computer,annotator,Behavioral Parameters,2022-02-20 07:55:26,2022-02-20 07:55:29
2022-02-20 18:10:42,2022-02-20 18:11:06,Located_Indoors, Holding_Other_Object_Light, Texting/Browsing_Phone,annotator,Behavioral Parameters,2022-02-20 07:55:32,2022-02-20 07:55:56
2022-02-20 18:11:09,2022-02-20 18:12:35,Located_Indoors, Browsing_Computer,annotator,Behavioral Parameters,2022-02-20 07:55:59,2022-02-20 07:57:25
2022-02-20 18:12:40,2022-02-20 18:12:51,Located_Indoors, Texting/Browsing_Phone, Holding_Other_Object_Light,annotator,Behavioral Parameters,2022-02-20 07:57:30,2022-02-20 07:57:41
2022-02-20 18:12:54,2022-02-20 18:14:24,Located_Indoors, Browsing_Computer,annotator,Behavioral Parameters,2022-02-20 07:57:44,2022-02-20 07:59:14
2022-02-20 18:14:26,2022-02-20 18:14:36,Located_Indoors, Holding_Other_Object_Light, Texting/Browsing_Phone,annotator,Behavioral Parameters,2022-02-20 07:59:16,2022-02-20 07:59:26
2022-02-20 18:14:44,2022-02-20 18:15:47,Located_Indoors, Browsing_Computer,annotator,Behavioral Parameters,2022-02-20 07:59:34,2022-02-20 08:00:37
2022-02-20 18:15:53,2022-02-20 18:16:50,Located_Indoors, Typing_Computer,annotator,Behavioral Parameters,2022-02-20 08:00:43,2022-02-20 08:01:40
2022-02-20 18:16:56,2022-02-20 18:17:45,Located_Indoors, Browsing_Computer,annotator,Behavioral Parameters,2022-02-20 08:01:46,2022-02-20 08:02:35
2022-02-20 18:17:48,2022-02-20 18:18:59,Located_Indoors, Typing_Computer,annotator,Behavioral Parameters,2022-02-20 08:02:38,2022-02-20 08:03:49
2022-02-20 18:19:01,2022-02-20 18:19:10,Located_Indoors,annotator,Behavioral Parameters,2022-02-20 08:03:51,2022-02-20 08:04:00
2022-02-20 18:19:13,2022-02-20 18:19:42,Located_Indoors, Typing_Computer,annotator,Behavioral Parameters,2022-02-20 08:04:03,2022-02-20 08:04:32
2022-02-20 18:19:45,2022-02-20 18:20:20,Located_Indoors, Holding_Other_Object_Light, Texting/Browsing_Phone,annotator,Behavioral Parameters,2022-02-20 08:04:35,2022-02-20 08:05:10
2022-02-20 18:20:22,2022-02-20 18:21:27,Located_Indoors, Browsing_Computer,annotator,Behavioral Parameters,2022-02-20 08:05:12,2022-02-20 08:06:17
2022-02-20 18:21:31,2022-02-20 18:22:29,Located_Indoors, Typing_Computer,annotator,Behavioral Parameters,2022-02-20 08:06:21,2022-02-20 08:07:19
2022-02-20 18:22:32,2022-02-20 18:22:42,Located_Indoors, Holding_Other_Object_Light,annotator,Behavioral Parameters,2022-02-20 08:07:22,2022-02-20 08:07:32
2022-02-20 18:22:45,2022-02-20 18:27:27,Located_Indoors, BP_VideoUnavailable/Indecipherable,annotator,Behavioral Parameters,2022-02-20 08:07:35,2022-02-20 08:12:17
2022-02-20 18:27:34,2022-02-20 18:28:09,Located_Indoors, Holding_Other_Object_Light,annotator,Behavioral Parameters,2022-02-20 08:12:24,2022-02-20 08:12:59
2022-02-20 18:28:14,2022-02-20 18:28:51,Located_Indoors, Browsing_Computer,annotator,Behavioral Parameters,2022-02-20 08:13:04,2022-02-20 08:13:41
2022-02-20 18:28:54,2022-02-20 18:29:09,Located_Indoors, Texting/Browsing_Phone, Holding_Other_Object_Light,annotator,Behavioral Parameters,2022-02-20 08:13:44,2022-02-20 08:13:59
2022-02-20 18:29:14,2022-02-20 18:29:45,Located_Indoors, Texting/Browsing_Phone, Holding_Other_Object_Light,annotator,Behavioral Parameters,2022-02-20 08:14:04,2022-02-20 08:14:35
2022-02-20 18:29:46,2022-02-20 18:30:16,Located_Indoors, Holding_Other_Object_Light,annotator,Behavioral Parameters,2022-02-20 08:14:36,2022-02-20 08:15:06
2022-02-20 18:30:18,2022-02-20 18:30:24,Located_Indoors,annotator,Behavioral Parameters,2022-02-20 08:15:08,2022-02-20 08:15:14
2022-02-20 18:30:27,2022-02-20 18:30:48,Located_Indoors,annotator,Behavioral Parameters,2022-02-20 08:15:17,2022-02-20 08:15:38
2022-02-20 18:30:51,2022-02-20 18:33:32,Located_Indoors, In_Conversation,annotator,Behavioral Parameters,2022-02-20 08:15:41,2022-02-20 08:18:22
2022-02-20 18:33:37,2022-02-20 18:33:51,Located_Indoors, In_Conversation,annotator,Behavioral Parameters,2022-02-20 08:18:27,2022-02-20 08:18:41
2022-02-20 18:33:53,2022-02-20 18:34:03,Located_Indoors, In_Conversation,annotator,Behavioral Parameters,2022-02-20 08:18:43,2022-02-20 08:18:53
2022-02-20 18:34:06,2022-02-20 18:40:23,In_Conversation, Located_Outdoors,annotator,Behavioral Parameters,2022-02-20 08:18:56,2022-02-20 08:25:13
2022-02-20 18:40:29,2022-02-20 18:42:47,In_Conversation, Located_Indoors,annotator,Behavioral Parameters,2022-02-20 08:25:19,2022-02-20 08:27:37
2022-02-20 18:42:50,2022-02-20 18:43:09,In_Conversation, Located_Indoors, Holding_Other_Object_Light, Texting/Browsing_Phone,annotator,Behavioral Parameters,2022-02-20 08:27:40,2022-02-20 08:27:59
2022-02-20 18:43:15,2022-02-20 18:44:05,Located_Indoors, In_Conversation,annotator,Behavioral Parameters,2022-02-20 08:28:05,2022-02-20 08:28:55
2022-02-20 18:44:07,2022-02-20 18:45:11,Located_Indoors, Holding_Other_Object_Light, Texting/Browsing_Phone,annotator,Behavioral Parameters,2022-02-20 08:28:57,2022-02-20 08:30:01
2022-02-20 18:45:16,2022-02-20 18:45:36,Located_Indoors, Holding_Other_Object_Light,annotator,Behavioral Parameters,2022-02-20 08:30:06,2022-02-20 08:30:26
2022-02-20 18:45:38,2022-02-20 18:46:08,Located_Indoors, Holding_Other_Object_Light, In_Conversation,annotator,Behavioral Parameters,2022-02-20 08:30:28,2022-02-20 08:30:58
2022-02-20 18:46:10,2022-02-20 18:46:47,Located_Indoors, Holding_Other_Object_Light, Texting/Browsing_Phone,annotator,Behavioral Parameters,2022-02-20 08:31:00,2022-02-20 08:31:37
2022-02-20 18:46:55,2022-02-20 18:47:27,Located_Indoors, Holding_Other_Object_Light,annotator,Behavioral Parameters,2022-02-20 08:31:45,2022-02-20 08:32:17
2022-02-20 18:47:33,2022-02-20 18:47:41,Located_Indoors, Holding_Other_Object_Light,annotator,Behavioral Parameters,2022-02-20 08:32:23,2022-02-20 08:32:31
2022-02-20 18:47:44,2022-02-20 18:53:12,Holding_Other_Object_Light, Located_Outdoors, In_Conversation,annotator,Behavioral Parameters,2022-02-20 08:32:34,2022-02-20 08:38:02
2022-02-20 18:53:15,2022-02-20 18:53:20,Holding_Other_Object_Light, In_Conversation, Located_Indoors,annotator,Behavioral Parameters,2022-02-20 08:38:05,2022-02-20 08:38:10
2022-02-20 18:53:21,2022-02-20 18:53:35,Holding_Other_Object_Light, In_Conversation, Located_Indoors,annotator,Behavioral Parameters,2022-02-20 08:38:11,2022-02-20 08:38:25
2022-02-20 18:53:37,2022-02-20 18:54:21,Holding_Other_Object_Light, In_Conversation, Located_Indoors,annotator,Behavioral Parameters,2022-02-20 08:38:27,2022-02-20 08:39:11
2022-02-20 18:54:24,2022-02-20 18:54:46,Holding_Other_Object_Light, In_Conversation, Located_Indoors,annotator,Behavioral Parameters,2022-02-20 08:39:14,2022-02-20 08:39:36
2022-02-20 18:54:48,2022-02-20 18:55:15,Holding_Other_Object_Light, In_Conversation, Located_Indoors,annotator,Behavioral Parameters,2022-02-20 08:39:38,2022-02-20 08:40:05
2022-02-20 18:55:18,2022-02-20 18:55:59,Holding_Other_Object_Light, In_Conversation, Located_Indoors,annotator,Behavioral Parameters,2022-02-20 08:40:08,2022-02-20 08:40:49
2022-02-20 18:56:10,2022-02-20 19:03:10,Holding_Other_Object_Light, Located_Indoors, In_Conversation, Holding_Solid_Food, Legs_Uncrossed,annotator,Behavioral Parameters,2022-02-20 08:41:00,2022-02-20 08:48:00
2022-02-20 19:03:18,2022-02-20 19:11:25,Holding_Other_Object_Light, Located_Indoors, In_Conversation, Holding_Solid_Food, Legs_Crossed,annotator,Behavioral Parameters,2022-02-20 08:48:08,2022-02-20 08:56:15
2022-02-20 19:11:32,2022-02-20 19:12:07,Located_Indoors, In_Conversation,annotator,Behavioral Parameters,2022-02-20 08:56:22,2022-02-20 08:56:57
2022-02-20 19:12:24,2022-02-20 19:17:53,Located_Indoors, In_Conversation,annotator,Behavioral Parameters,2022-02-20 08:57:14,2022-02-20 09:02:43
2022-02-20 19:17:57,2022-02-20 19:18:31,Located_Indoors, In_Conversation, Holding_Other_Object_Light, Texting/Browsing_Phone,annotator,Behavioral Parameters,2022-02-20 09:02:47,2022-02-20 09:03:21
2022-02-20 19:18:35,2022-02-20 19:19:27,Located_Indoors, In_Conversation, Texting/Browsing_Phone,annotator,Behavioral Parameters,2022-02-20 09:03:25,2022-02-20 09:04:17
2022-02-20 19:19:30,2022-02-20 19:19:30,Located_Indoors, In_Conversation, Texting/Browsing_Phone,annotator,Behavioral Parameters,2022-02-20 09:04:20,2022-02-20 09:04:20
2022-02-20 19:19:34,2022-02-20 19:20:07,Located_Indoors, In_Conversation, Texting/Browsing_Phone, Holding_Other_Object_Light,annotator,Behavioral Parameters,2022-02-20 09:04:24,2022-02-20 09:04:57
2022-02-20 19:20:12,2022-02-20 19:20:36,Located_Indoors, In_Conversation, Holding_Other_Object_Light,annotator,Behavioral Parameters,2022-02-20 09:05:02,2022-02-20 09:05:26
2022-02-20 19:20:41,2022-02-20 19:21:13,Located_Indoors, In_Conversation, Holding_Other_Object_Light, Texting/Browsing_Phone,annotator,Behavioral Parameters,2022-02-20 09:05:31,2022-02-20 09:06:03
2022-02-20 19:21:20,2022-02-20 19:22:12,Located_Indoors, In_Conversation, Holding_Other_Object_Light,annotator,Behavioral Parameters,2022-02-20 09:06:10,2022-02-20 09:07:02
2022-02-20 19:22:21,2022-02-20 19:28:30,Located_Indoors, In_Conversation, Holding_Other_Object_Light, Texting/Browsing_Phone,annotator,Behavioral Parameters,2022-02-20 09:07:11,2022-02-20 09:13:20
2022-02-20 19:28:34,2022-02-20 19:30:51,Located_Indoors, In_Conversation, Holding_Other_Object_Light,annotator,Behavioral Parameters,2022-02-20 09:13:24,2022-02-20 09:15:41
2022-02-20 19:30:53,2022-02-20 19:38:11,Located_Indoors, Holding_Other_Object_Light, Texting/Browsing_Phone, In_Conversation,annotator,Behavioral Parameters,2022-02-20 09:15:43,2022-02-20 09:23:01
2022-02-20 19:38:16,2022-02-20 19:43:21,Located_Indoors, In_Conversation,annotator,Behavioral Parameters,2022-02-20 09:23:06,2022-02-20 09:28:11
2022-02-20 19:43:29,2022-02-20 19:44:47,Located_Indoors, In_Conversation, Holding_Other_Object_Light, Texting/Browsing_Phone,annotator,Behavioral Parameters,2022-02-20 09:28:19,2022-02-20 09:29:37
2022-02-20 19:44:51,2022-02-20 19:47:28,Located_Indoors, In_Conversation,annotator,Behavioral Parameters,2022-02-20 09:29:41,2022-02-20 09:32:18
2022-02-20 19:47:33,2022-02-20 19:47:59,Located_Indoors, In_Conversation, Holding_Other_Object_Light,annotator,Behavioral Parameters,2022-02-20 09:32:23,2022-02-20 09:32:49
2022-02-20 19:48:05,2022-02-20 19:49:16,Located_Indoors, In_Conversation,annotator,Behavioral Parameters,2022-02-20 09:32:55,2022-02-20 09:34:06
2022-02-20 19:49:20,2022-02-20 19:49:54,Located_Indoors, In_Conversation, Holding_Other_Object_Light, Texting/Browsing_Phone,annotator,Behavioral Parameters,2022-02-20 09:34:10,2022-02-20 09:34:44
2022-02-20 19:50:03,2022-02-20 19:50:42,Located_Indoors, In_Conversation,annotator,Behavioral Parameters,2022-02-20 09:34:53,2022-02-20 09:35:32
2022-02-20 19:50:45,2022-02-20 19:52:09,Located_Indoors, In_Conversation, Holding_Other_Object_Light,annotator,Behavioral Parameters,2022-02-20 09:35:35,2022-02-20 09:36:59
2022-02-20 19:52:17,2022-02-20 19:53:23,Located_Indoors, In_Conversation, Holding_Other_Object_Light, Texting/Browsing_Phone, Legs_Crossed,annotator,Behavioral Parameters,2022-02-20 09:37:07,2022-02-20 09:38:13
2022-02-20 19:53:34,2022-02-20 19:54:00,Located_Indoors, In_Conversation,annotator,Behavioral Parameters,2022-02-20 09:38:24,2022-02-20 09:38:50
2022-02-20 19:54:08,2022-02-20 19:54:32,Located_Indoors, Holding_Other_Object_Light,annotator,Behavioral Parameters,2022-02-20 09:38:58,2022-02-20 09:39:22
2022-02-20 19:54:35,2022-02-20 19:54:49,Located_Indoors, Holding_Other_Object_Light, Texting/Browsing_Phone,annotator,Behavioral Parameters,2022-02-20 09:39:25,2022-02-20 09:39:39
2022-02-20 19:54:52,2022-02-20 19:55:43,Located_Indoors, Holding_Other_Object_Light,annotator,Behavioral Parameters,2022-02-20 09:39:42,2022-02-20 09:40:33
2022-02-20 19:55:44,2022-02-20 19:55:52,Located_Indoors, Holding_Other_Object_Light,annotator,Behavioral Parameters,2022-02-20 09:40:34,2022-02-20 09:40:42
2022-02-20 19:55:54,2022-02-20 19:56:14,Located_Indoors, Holding_Other_Object_Light,annotator,Behavioral Parameters,2022-02-20 09:40:44,2022-02-20 09:41:04
2022-02-20 19:56:20,2022-02-20 19:56:30,Located_Indoors, Holding_Other_Object_Light,annotator,Behavioral Parameters,2022-02-20 09:41:10,2022-02-20 09:41:20
2022-02-20 19:56:31,2022-02-20 19:56:41,Located_Indoors, Holding_Drink,annotator,Behavioral Parameters,2022-02-20 09:41:21,2022-02-20 09:41:31
2022-02-20 19:56:49,2022-02-20 19:58:14,Located_Indoors, Browsing_Computer, Holding_Other_Object_Light,annotator,Behavioral Parameters,2022-02-20 09:41:39,2022-02-20 09:43:04
2022-02-20 19:58:20,2022-02-20 19:58:50,Located_Indoors, Holding_Other_Object_Light, Texting/Browsing_Phone,annotator,Behavioral Parameters,2022-02-20 09:43:10,2022-02-20 09:43:40
2022-02-20 19:58:54,2022-02-20 19:59:54,Located_Indoors, Browsing_Computer, Holding_Other_Object_Light,annotator,Behavioral Parameters,2022-02-20 09:43:44,2022-02-20 09:44:44
2022-02-20 19:59:59,2022-02-20 20:00:15,Located_Indoors, Browsing_Computer,annotator,Behavioral Parameters,2022-02-20 09:44:49,2022-02-20 09:45:05
2022-02-20 20:00:19,2022-02-20 20:01:44,Located_Indoors, Holding_Other_Object_Light, Texting/Browsing_Phone,annotator,Behavioral Parameters,2022-02-20 09:45:09,2022-02-20 09:46:34
2022-02-20 20:01:49,2022-02-20 20:02:09,Located_Indoors, Browsing_Computer,annotator,Behavioral Parameters,2022-02-20 09:46:39,2022-02-20 09:46:59
2022-02-20 20:02:12,2022-02-20 20:02:20,Located_Indoors, Holding_Other_Object_Light, Texting/Browsing_Phone,annotator,Behavioral Parameters,2022-02-20 09:47:02,2022-02-20 09:47:10
2022-02-20 20:02:28,2022-02-20 20:05:12,Located_Indoors, Browsing_Computer,annotator,Behavioral Parameters,2022-02-20 09:47:18,2022-02-20 09:50:02
2022-02-20 20:05:21,2022-02-20 20:08:07,Located_Indoors, Browsing_Computer, On_Video_Call/FaceTime, In_Conversation, Holding_Other_Object_Light,annotator,Behavioral Parameters,2022-02-20 09:50:11,2022-02-20 09:52:57
2022-02-20 20:08:14,2022-02-20 20:11:04,Located_Indoors, Browsing_Computer, On_Video_Call/FaceTime, In_Conversation,annotator,Behavioral Parameters,2022-02-20 09:53:04,2022-02-20 09:55:54
2022-02-20 20:11:16,2022-02-20 20:13:38,Located_Indoors, Holding_Other_Object_Light, Texting/Browsing_Phone,annotator,Behavioral Parameters,2022-02-20 09:56:06,2022-02-20 09:58:28
2022-02-20 20:13:44,2022-02-20 20:14:37,Located_Indoors, Holding_Other_Object_Light,annotator,Behavioral Parameters,2022-02-20 09:58:34,2022-02-20 09:59:27
2022-02-20 20:14:38,2022-02-20 20:14:59,Located_Indoors, Holding_Other_Object_Light,annotator,Behavioral Parameters,2022-02-20 09:59:28,2022-02-20 09:59:49
2022-02-20 20:15:02,2022-02-20 20:15:09,Located_Indoors, Holding_Other_Object_Light, Texting/Browsing_Phone,annotator,Behavioral Parameters,2022-02-20 09:59:52,2022-02-20 09:59:59
2022-02-20 20:15:11,2022-02-20 20:16:17,Located_Indoors, Holding_Other_Object_Light, Texting/Browsing_Phone,annotator,Behavioral Parameters,2022-02-20 10:00:01,2022-02-20 10:01:07
2022-02-20 20:16:19,2022-02-20 20:16:35,Located_Indoors, Holding_Other_Object_Light, Texting/Browsing_Phone,annotator,Behavioral Parameters,2022-02-20 10:01:09,2022-02-20 10:01:25
2022-02-20 20:16:37,2022-02-20 20:16:55,Located_Indoors, Holding_Other_Object_Light,annotator,Behavioral Parameters,2022-02-20 10:01:27,2022-02-20 10:01:45
2022-02-20 20:16:56,2022-02-20 20:17:06,Located_Indoors, Holding_Other_Object_Light,annotator,Behavioral Parameters,2022-02-20 10:01:46,2022-02-20 10:01:56
2022-02-20 20:17:08,2022-02-20 20:17:41,Located_Indoors, Holding_Other_Object_Light, In_Conversation,annotator,Behavioral Parameters,2022-02-20 10:01:58,2022-02-20 10:02:31
2022-02-20 20:17:46,2022-02-20 20:19:07,Located_Indoors, Holding_Other_Object_Light, In_Conversation, Texting/Browsing_Phone,annotator,Behavioral Parameters,2022-02-20 10:02:36,2022-02-20 10:03:57
2022-02-20 20:19:15,2022-02-20 20:19:57,Located_Indoors, In_Conversation,annotator,Behavioral Parameters,2022-02-20 10:04:05,2022-02-20 10:04:47
2022-02-20 20:20:01,2022-02-20 20:20:53,Located_Indoors, In_Conversation, Texting/Browsing_Phone, Holding_Other_Object_Light,annotator,Behavioral Parameters,2022-02-20 10:04:51,2022-02-20 10:05:43
2022-02-20 20:20:58,2022-02-20 20:21:26,Located_Indoors, In_Conversation,annotator,Behavioral Parameters,2022-02-20 10:05:48,2022-02-20 10:06:16
2022-02-20 20:21:29,2022-02-20 20:24:46,Located_Indoors, In_Conversation, Texting/Browsing_Phone, Holding_Other_Object_Light,annotator,Behavioral Parameters,2022-02-20 10:06:19,2022-02-20 10:09:36
2022-02-20 20:24:50,2022-02-20 20:25:03,Located_Indoors, In_Conversation,annotator,Behavioral Parameters,2022-02-20 10:09:40,2022-02-20 10:09:53
2022-02-20 20:25:07,2022-02-20 20:25:32,Located_Indoors, In_Conversation, Texting/Browsing_Phone, Holding_Other_Object_Light,annotator,Behavioral Parameters,2022-02-20 10:09:57,2022-02-20 10:10:22
2022-02-20 20:25:37,2022-02-20 20:26:43,Located_Indoors, In_Conversation, Holding_Other_Object_Light,annotator,Behavioral Parameters,2022-02-20 10:10:27,2022-02-20 10:11:33
2022-02-20 20:26:48,2022-02-20 20:29:31,Located_Indoors, In_Conversation, Holding_Other_Object_Light, Texting/Browsing_Phone,annotator,Behavioral Parameters,2022-02-20 10:11:38,2022-02-20 10:14:21
2022-02-20 20:29:37,2022-02-20 20:30:40,Located_Indoors, In_Conversation, Holding_Other_Object_Light,annotator,Behavioral Parameters,2022-02-20 10:14:27,2022-02-20 10:15:30
2022-02-20 20:30:43,2022-02-20 20:30:56,Located_Indoors, In_Conversation, Holding_Other_Object_Light, Texting/Browsing_Phone,annotator,Behavioral Parameters,2022-02-20 10:15:33,2022-02-20 10:15:46
2022-02-20 20:31:00,2022-02-20 20:31:58,Located_Indoors, In_Conversation, Holding_Other_Object_Light,annotator,Behavioral Parameters,2022-02-20 10:15:50,2022-02-20 10:16:48
2022-02-20 20:32:01,2022-02-20 20:32:24,Located_Indoors, In_Conversation, Holding_Other_Object_Light, Texting/Browsing_Phone,annotator,Behavioral Parameters,2022-02-20 10:16:51,2022-02-20 10:17:14
2022-02-20 20:32:27,2022-02-20 20:33:25,Located_Indoors, In_Conversation,annotator,Behavioral Parameters,2022-02-20 10:17:17,2022-02-20 10:18:15
2022-02-20 20:33:29,2022-02-20 20:33:39,Located_Indoors, In_Conversation, Texting/Browsing_Phone, Holding_Other_Object_Light,annotator,Behavioral Parameters,2022-02-20 10:18:19,2022-02-20 10:18:29
2022-02-20 20:33:45,2022-02-20 20:34:14,Located_Indoors, In_Conversation,annotator,Behavioral Parameters,2022-02-20 10:18:35,2022-02-20 10:19:04
2022-02-20 20:34:20,2022-02-20 20:34:23,Located_Indoors, In_Conversation, Holding_Other_Object_Light,annotator,Behavioral Parameters,2022-02-20 10:19:10,2022-02-20 10:19:13
2022-02-20 20:34:28,2022-02-20 20:35:26,Located_Indoors, In_Conversation,annotator,Behavioral Parameters,2022-02-20 10:19:18,2022-02-20 10:20:16
2022-02-20 20:35:31,2022-02-20 20:36:39,Located_Indoors, In_Conversation, Holding_Other_Object_Light, Texting/Browsing_Phone,annotator,Behavioral Parameters,2022-02-20 10:20:21,2022-02-20 10:21:29
2022-02-20 20:36:44,2022-02-20 20:44:35,Located_Indoors, In_Conversation, Holding_Other_Object_Light,annotator,Behavioral Parameters,2022-02-20 10:21:34,2022-02-20 10:29:25
2022-02-20 20:44:40,2022-02-20 20:46:11,Located_Indoors, In_Conversation, Holding_Other_Object_Light,annotator,Behavioral Parameters,2022-02-20 10:29:30,2022-02-20 10:31:01
2022-02-20 20:46:17,2022-02-20 22:03:14,Located_Indoors, In_Conversation, Holding_Other_Object_Light,annotator,Behavioral Parameters,2022-02-20 10:31:07,2022-02-20 11:48:04
2022-02-20 22:03:17,2022-02-20 22:03:57,Located_Indoors,annotator,Behavioral Parameters,2022-02-20 11:48:07,2022-02-20 11:48:47
2022-02-20 22:04:02,2022-02-20 22:04:21,Located_Indoors, Holding_Other_Object_Light,annotator,Behavioral Parameters,2022-02-20 11:48:52,2022-02-20 11:49:11
2022-02-20 22:04:23,2022-02-20 22:04:50,Located_Indoors, Holding_Other_Object_Light, Texting/Browsing_Phone,annotator,Behavioral Parameters,2022-02-20 11:49:13,2022-02-20 11:49:40
2022-02-20 22:04:52,2022-02-20 22:05:49,Located_Indoors, Holding_Other_Object_Light,annotator,Behavioral Parameters,2022-02-20 11:49:42,2022-02-20 11:50:39
2022-02-20 22:05:51,2022-02-20 22:05:57,Located_Indoors, Holding_Other_Object_Light,annotator,Behavioral Parameters,2022-02-20 11:50:41,2022-02-20 11:50:47
2022-02-20 22:05:59,2022-02-20 22:06:18,Located_Indoors, Holding_Other_Object_Light,annotator,Behavioral Parameters,2022-02-20 11:50:49,2022-02-20 11:51:08
2022-02-20 22:06:19,2022-02-20 22:06:35,Located_Indoors, Holding_Other_Object_Light,annotator,Behavioral Parameters,2022-02-20 11:51:09,2022-02-20 11:51:25
2022-02-20 22:06:38,2022-02-20 22:08:03,Located_Indoors, Holding_Other_Object_Light, Texting/Browsing_Phone,annotator,Behavioral Parameters,2022-02-20 11:51:28,2022-02-20 11:52:53
2022-02-20 22:08:15,2022-02-20 22:08:20,Located_Indoors, Holding_Drink,annotator,Behavioral Parameters,2022-02-20 11:53:05,2022-02-20 11:53:10
2022-02-20 22:08:23,2022-02-20 22:09:26,Located_Indoors, Browsing_Computer,annotator,Behavioral Parameters,2022-02-20 11:53:13,2022-02-20 11:54:16
2022-02-20 22:09:29,2022-02-20 22:36:43,Located_Indoors, Browsing_Computer, Typing_Computer,annotator,Behavioral Parameters,2022-02-20 11:54:19,2022-02-20 12:21:33
2022-02-20 22:36:52,2022-02-20 22:50:23,Located_Indoors, Browsing_Computer, Holding_Other_Object_Light,annotator,Behavioral Parameters,2022-02-20 12:21:42,2022-02-20 12:35:13
2022-02-20 22:50:31,2022-02-20 23:15:38,Located_Indoors, Browsing_Computer, Typing_Computer,annotator,Behavioral Parameters,2022-02-20 12:35:21,2022-02-20 13:00:28
2022-02-20 23:15:43,2022-02-20 23:16:21,Located_Indoors, Browsing_Computer,annotator,Behavioral Parameters,2022-02-20 13:00:33,2022-02-20 13:01:11
2022-02-20 23:16:26,2022-02-20 23:19:21,Located_Indoors, Typing_Computer,annotator,Behavioral Parameters,2022-02-20 13:01:16,2022-02-20 13:04:11
2022-02-20 23:19:26,2022-02-20 23:19:42,Located_Indoors,annotator,Behavioral Parameters,2022-02-20 13:04:16,2022-02-20 13:04:32
2022-02-20 23:19:46,2022-02-20 23:21:21,Located_Indoors, Typing_Computer,annotator,Behavioral Parameters,2022-02-20 13:04:36,2022-02-20 13:06:11
2022-02-20 23:21:27,2022-02-20 23:21:39,Located_Indoors, Browsing_Computer,annotator,Behavioral Parameters,2022-02-20 13:06:17,2022-02-20 13:06:29
2022-02-20 23:21:44,2022-02-20 23:22:55,Located_Indoors, Typing_Computer,annotator,Behavioral Parameters,2022-02-20 13:06:34,2022-02-20 13:07:45
2022-02-20 23:23:02,2022-02-20 23:24:36,Located_Indoors, Browsing_Computer,annotator,Behavioral Parameters,2022-02-20 13:07:52,2022-02-20 13:09:26
2022-02-20 23:24:40,2022-02-20 23:27:38,Located_Indoors, Typing_Computer,annotator,Behavioral Parameters,2022-02-20 13:09:30,2022-02-20 13:12:28
2022-02-20 23:27:44,2022-02-20 23:28:46,Located_Indoors, Browsing_Computer,annotator,Behavioral Parameters,2022-02-20 13:12:34,2022-02-20 13:13:36
2022-02-20 23:28:51,2022-02-20 23:29:25,Located_Indoors, Holding_Other_Object_Light, Texting/Browsing_Phone,annotator,Behavioral Parameters,2022-02-20 13:13:41,2022-02-20 13:14:15
2022-02-20 23:29:31,2022-02-20 23:34:29,Located_Indoors, Browsing_Computer,annotator,Behavioral Parameters,2022-02-20 13:14:21,2022-02-20 13:19:19
2022-02-20 23:34:36,2022-02-21 00:34:56,Located_Indoors, Browsing_Computer, Typing_Computer,annotator,Behavioral Parameters,2022-02-20 13:19:26,2022-02-20 14:19:46
2022-02-21 00:35:02,2022-02-21 00:35:19,Located_Indoors, Browsing_Computer,annotator,Behavioral Parameters,2022-02-20 14:19:52,2022-02-20 14:20:09
2022-02-21 00:35:24,2022-02-21 00:35:33,Located_Indoors, Browsing_Computer, Holding_Drink,annotator,Behavioral Parameters,2022-02-20 14:20:14,2022-02-20 14:20:23
2022-02-21 00:35:38,2022-02-21 00:36:34,Located_Indoors,annotator,Behavioral Parameters,2022-02-20 14:20:28,2022-02-20 14:21:24
2022-02-21 00:36:37,2022-02-21 00:36:54,Located_Indoors, Holding_Other_Object_Light, Texting/Browsing_Phone,annotator,Behavioral Parameters,2022-02-20 14:21:27,2022-02-20 14:21:44
2022-02-21 00:37:00,2022-02-21 00:37:40,Located_Indoors,annotator,Behavioral Parameters,2022-02-20 14:21:50,2022-02-20 14:22:30
2022-02-21 00:37:45,2022-02-21 00:39:56,Located_Indoors, Typing_Computer,annotator,Behavioral Parameters,2022-02-20 14:22:35,2022-02-20 14:24:46
2022-02-21 00:40:01,2022-02-21 00:41:13,Located_Indoors, Browsing_Computer,annotator,Behavioral Parameters,2022-02-20 14:24:51,2022-02-20 14:26:03
2022-02-21 00:41:16,2022-02-21 00:43:14,Located_Indoors,annotator,Behavioral Parameters,2022-02-20 14:26:06,2022-02-20 14:28:04
2022-02-21 00:43:20,2022-02-21 00:45:28,Located_Indoors, Typing_Computer, Browsing_Computer,annotator,Behavioral Parameters,2022-02-20 14:28:10,2022-02-20 14:30:18
2022-02-21 00:45:35,2022-02-21 00:52:45,Located_Indoors, Browsing_Computer,annotator,Behavioral Parameters,2022-02-20 14:30:25,2022-02-20 14:37:35
2022-02-21 00:52:51,2022-02-21 00:55:33,Located_Indoors, Browsing_Computer, Typing_Computer,annotator,Behavioral Parameters,2022-02-20 14:37:41,2022-02-20 14:40:23
2022-02-21 00:55:44,2022-02-21 00:57:06,Located_Indoors,annotator,Behavioral Parameters,2022-02-20 14:40:34,2022-02-20 14:41:56
2022-02-21 00:57:13,2022-02-21 00:59:51,Located_Indoors, Browsing_Computer,annotator,Behavioral Parameters,2022-02-20 14:42:03,2022-02-20 14:44:41
2022-02-21 00:59:55,2022-02-21 01:00:02,Located_Indoors, Holding_Book/Reader,annotator,Behavioral Parameters,2022-02-20 14:44:45,2022-02-20 14:44:52
2022-02-21 01:00:05,2022-02-21 01:04:17,Located_Indoors, Browsing_Computer,annotator,Behavioral Parameters,2022-02-20 14:44:55,2022-02-20 14:49:07
2022-02-21 01:04:22,2022-02-21 01:06:44,Located_Indoors,annotator,Behavioral Parameters,2022-02-20 14:49:12,2022-02-20 14:51:34
