START_TIME,STOP_TIME,PREDICTION,SOURCE,LABELSET,VIDEO_START_TIME,VIDEO_END_TIME
2022-05-18 09:17:03,2022-05-18 09:17:22,Free_Living,annotator,Experimental situation,2022-05-18 00:00:05,2022-05-18 00:00:24
2022-05-18 09:17:25,2022-05-18 09:17:45,Free_Living,annotator,Experimental situation,2022-05-18 00:00:27,2022-05-18 00:00:47
2022-05-18 09:17:45,2022-05-18 09:18:00,Free_Living,annotator,Experimental situation,2022-05-18 00:00:47,2022-05-18 00:01:02
2022-05-18 09:18:00,2022-05-18 09:18:09,Free_Living,annotator,Experimental situation,2022-05-18 00:01:02,2022-05-18 00:01:11
2022-05-18 09:18:10,2022-05-18 09:19:28,Free_Living,annotator,Experimental situation,2022-05-18 00:01:12,2022-05-18 00:02:30
2022-05-18 09:19:28,2022-05-18 09:20:12,Free_Living,annotator,Experimental situation,2022-05-18 00:02:30,2022-05-18 00:03:14
2022-05-18 09:20:12,2022-05-18 09:20:33,Free_Living,annotator,Experimental situation,2022-05-18 00:03:14,2022-05-18 00:03:35
2022-05-18 09:20:33,2022-05-18 09:21:35,Free_Living,annotator,Experimental situation,2022-05-18 00:03:35,2022-05-18 00:04:37
2022-05-18 09:21:36,2022-05-18 09:21:53,Free_Living,annotator,Experimental situation,2022-05-18 00:04:38,2022-05-18 00:04:55
2022-05-18 09:21:53,2022-05-18 09:25:54,Free_Living,annotator,Experimental situation,2022-05-18 00:04:55,2022-05-18 00:08:56
2022-05-18 09:25:55,2022-05-18 09:25:58,Free_Living,annotator,Experimental situation,2022-05-18 00:08:57,2022-05-18 00:09:00
2022-05-18 09:26:00,2022-05-18 09:27:53,Free_Living,annotator,Experimental situation,2022-05-18 00:09:02,2022-05-18 00:10:55
2022-05-18 09:27:53,2022-05-18 09:28:15,Free_Living,annotator,Experimental situation,2022-05-18 00:10:55,2022-05-18 00:11:17
2022-05-18 09:28:15,2022-05-18 09:42:04,ES_VideoUnavailable/Indecipherable,annotator,Experimental situation,2022-05-18 00:11:17,2022-05-18 00:25:06
2022-05-18 09:42:06,2022-05-18 09:42:41,Free_Living,annotator,Experimental situation,2022-05-18 00:25:08,2022-05-18 00:25:43
2022-05-18 09:42:41,2022-05-18 09:42:52,Free_Living,annotator,Experimental situation,2022-05-18 00:25:43,2022-05-18 00:25:54
2022-05-18 09:42:52,2022-05-18 09:42:59,Free_Living,annotator,Experimental situation,2022-05-18 00:25:54,2022-05-18 00:26:01
2022-05-18 09:42:59,2022-05-18 09:43:13,Free_Living,annotator,Experimental situation,2022-05-18 00:26:01,2022-05-18 00:26:15
2022-05-18 09:43:13,2022-05-18 09:43:48,Free_Living,annotator,Experimental situation,2022-05-18 00:26:15,2022-05-18 00:26:50
2022-05-18 09:43:48,2022-05-18 09:43:55,Free_Living,annotator,Experimental situation,2022-05-18 00:26:50,2022-05-18 00:26:57
2022-05-18 09:43:55,2022-05-18 09:44:08,Free_Living,annotator,Experimental situation,2022-05-18 00:26:57,2022-05-18 00:27:10
2022-05-18 09:44:08,2022-05-18 09:44:24,Free_Living,annotator,Experimental situation,2022-05-18 00:27:10,2022-05-18 00:27:26
2022-05-18 09:44:24,2022-05-18 09:44:32,Free_Living,annotator,Experimental situation,2022-05-18 00:27:26,2022-05-18 00:27:34
2022-05-18 09:44:32,2022-05-18 09:44:43,Free_Living,annotator,Experimental situation,2022-05-18 00:27:34,2022-05-18 00:27:45
2022-05-18 09:44:43,2022-05-18 09:44:49,Free_Living,annotator,Experimental situation,2022-05-18 00:27:45,2022-05-18 00:27:51
2022-05-18 09:44:49,2022-05-18 09:44:53,Free_Living,annotator,Experimental situation,2022-05-18 00:27:51,2022-05-18 00:27:55
2022-05-18 09:44:53,2022-05-18 09:45:03,Free_Living,annotator,Experimental situation,2022-05-18 00:27:55,2022-05-18 00:28:05
2022-05-18 09:45:03,2022-05-18 09:45:24,Free_Living,annotator,Experimental situation,2022-05-18 00:28:05,2022-05-18 00:28:26
2022-05-18 09:45:24,2022-05-18 09:48:09,Free_Living,annotator,Experimental situation,2022-05-18 00:28:26,2022-05-18 00:31:11
2022-05-18 09:48:09,2022-05-18 09:48:38,Free_Living,annotator,Experimental situation,2022-05-18 00:31:11,2022-05-18 00:31:40
2022-05-18 09:48:38,2022-05-18 09:49:04,Free_Living,annotator,Experimental situation,2022-05-18 00:31:40,2022-05-18 00:32:06
2022-05-18 09:49:04,2022-05-18 09:49:32,Free_Living,annotator,Experimental situation,2022-05-18 00:32:06,2022-05-18 00:32:34
2022-05-18 09:49:32,2022-05-18 10:10:17,ES_VideoUnavailable/Indecipherable,annotator,Experimental situation,2022-05-18 00:32:34,2022-05-18 00:53:19
2022-05-18 10:10:17,2022-05-18 10:10:42,Free_Living,annotator,Experimental situation,2022-05-18 00:53:19,2022-05-18 00:53:44
2022-05-18 10:10:42,2022-05-18 10:10:44,Free_Living,annotator,Experimental situation,2022-05-18 00:53:44,2022-05-18 00:53:46
2022-05-18 10:10:44,2022-05-18 10:11:22,Free_Living,annotator,Experimental situation,2022-05-18 00:53:46,2022-05-18 00:54:24
2022-05-18 10:11:29,2022-05-18 10:11:40,Free_Living,annotator,Experimental situation,2022-05-18 00:54:31,2022-05-18 00:54:42
2022-05-18 10:11:42,2022-05-18 10:11:52,Free_Living,annotator,Experimental situation,2022-05-18 00:54:44,2022-05-18 00:54:54
2022-05-18 10:11:52,2022-05-18 10:12:55,Free_Living,annotator,Experimental situation,2022-05-18 00:54:54,2022-05-18 00:55:57
2022-05-18 10:12:55,2022-05-18 10:13:02,Free_Living,annotator,Experimental situation,2022-05-18 00:55:57,2022-05-18 00:56:04
2022-05-18 10:13:02,2022-05-18 10:13:07,Free_Living,annotator,Experimental situation,2022-05-18 00:56:04,2022-05-18 00:56:09
2022-05-18 10:13:07,2022-05-18 10:13:18,Free_Living,annotator,Experimental situation,2022-05-18 00:56:09,2022-05-18 00:56:20
2022-05-18 10:13:18,2022-05-18 10:13:23,Free_Living,annotator,Experimental situation,2022-05-18 00:56:20,2022-05-18 00:56:25
2022-05-18 10:13:23,2022-05-18 10:13:27,Free_Living,annotator,Experimental situation,2022-05-18 00:56:25,2022-05-18 00:56:29
2022-05-18 10:13:27,2022-05-18 10:14:15,Free_Living,annotator,Experimental situation,2022-05-18 00:56:29,2022-05-18 00:57:17
2022-05-18 10:14:15,2022-05-18 10:14:25,Free_Living,annotator,Experimental situation,2022-05-18 00:57:17,2022-05-18 00:57:27
2022-05-18 10:14:25,2022-05-18 10:14:29,Free_Living,annotator,Experimental situation,2022-05-18 00:57:27,2022-05-18 00:57:31
2022-05-18 10:14:29,2022-05-18 10:14:37,Free_Living,annotator,Experimental situation,2022-05-18 00:57:31,2022-05-18 00:57:39
2022-05-18 10:14:37,2022-05-18 10:14:40,Free_Living,annotator,Experimental situation,2022-05-18 00:57:39,2022-05-18 00:57:42
2022-05-18 10:14:40,2022-05-18 10:14:47,Free_Living,annotator,Experimental situation,2022-05-18 00:57:42,2022-05-18 00:57:49
2022-05-18 10:14:47,2022-05-18 10:14:53,Free_Living,annotator,Experimental situation,2022-05-18 00:57:49,2022-05-18 00:57:55
2022-05-18 10:14:56,2022-05-18 10:15:11,Free_Living,annotator,Experimental situation,2022-05-18 00:57:58,2022-05-18 00:58:13
2022-05-18 10:15:11,2022-05-18 10:15:41,Free_Living,annotator,Experimental situation,2022-05-18 00:58:13,2022-05-18 00:58:43
2022-05-18 10:15:41,2022-05-18 10:15:49,Free_Living,annotator,Experimental situation,2022-05-18 00:58:43,2022-05-18 00:58:51
2022-05-18 10:15:49,2022-05-18 10:15:54,Free_Living,annotator,Experimental situation,2022-05-18 00:58:51,2022-05-18 00:58:56
2022-05-18 10:15:54,2022-05-18 10:15:58,Free_Living,annotator,Experimental situation,2022-05-18 00:58:56,2022-05-18 00:59:00
2022-05-18 10:15:58,2022-05-18 10:17:31,Free_Living,annotator,Experimental situation,2022-05-18 00:59:00,2022-05-18 01:00:33
2022-05-18 10:17:31,2022-05-18 10:17:34,Free_Living,annotator,Experimental situation,2022-05-18 01:00:33,2022-05-18 01:00:36
2022-05-18 10:17:34,2022-05-18 10:17:39,Free_Living,annotator,Experimental situation,2022-05-18 01:00:36,2022-05-18 01:00:41
2022-05-18 10:17:39,2022-05-18 10:17:42,Free_Living,annotator,Experimental situation,2022-05-18 01:00:41,2022-05-18 01:00:44
2022-05-18 10:17:39,2022-05-18 10:17:39,Free_Living,annotator,Experimental situation,2022-05-18 01:00:41,2022-05-18 01:00:41
2022-05-18 10:17:42,2022-05-18 10:17:51,Free_Living,annotator,Experimental situation,2022-05-18 01:00:44,2022-05-18 01:00:53
2022-05-18 10:17:51,2022-05-18 10:18:10,Free_Living,annotator,Experimental situation,2022-05-18 01:00:53,2022-05-18 01:01:12
2022-05-18 10:18:16,2022-05-18 10:18:41,Free_Living,annotator,Experimental situation,2022-05-18 01:01:18,2022-05-18 01:01:43
2022-05-18 10:18:41,2022-05-18 10:18:53,Free_Living,annotator,Experimental situation,2022-05-18 01:01:43,2022-05-18 01:01:55
2022-05-18 10:18:53,2022-05-18 10:19:02,Free_Living,annotator,Experimental situation,2022-05-18 01:01:55,2022-05-18 01:02:04
2022-05-18 10:19:02,2022-05-18 10:19:06,Free_Living,annotator,Experimental situation,2022-05-18 01:02:04,2022-05-18 01:02:08
2022-05-18 10:19:12,2022-05-18 10:19:28,Free_Living,annotator,Experimental situation,2022-05-18 01:02:14,2022-05-18 01:02:30
2022-05-18 10:19:14,2022-05-18 10:19:14,Free_Living,annotator,Experimental situation,2022-05-18 01:02:16,2022-05-18 01:02:16
2022-05-18 10:19:26,2022-05-18 10:19:26,Free_Living,annotator,Experimental situation,2022-05-18 01:02:28,2022-05-18 01:02:28
2022-05-18 10:19:28,2022-05-18 10:19:28,Free_Living,annotator,Experimental situation,2022-05-18 01:02:30,2022-05-18 01:02:30
2022-05-18 10:19:28,2022-05-18 10:19:35,Free_Living,annotator,Experimental situation,2022-05-18 01:02:30,2022-05-18 01:02:37
2022-05-18 10:19:35,2022-05-18 10:19:55,Free_Living,annotator,Experimental situation,2022-05-18 01:02:37,2022-05-18 01:02:57
2022-05-18 10:19:55,2022-05-18 10:20:04,Free_Living,annotator,Experimental situation,2022-05-18 01:02:57,2022-05-18 01:03:06
2022-05-18 10:19:56,2022-05-18 10:19:56,Free_Living,annotator,Experimental situation,2022-05-18 01:02:58,2022-05-18 01:02:58
2022-05-18 10:20:04,2022-05-18 10:20:16,Free_Living,annotator,Experimental situation,2022-05-18 01:03:06,2022-05-18 01:03:18
2022-05-18 10:20:07,2022-05-18 10:20:07,Free_Living,annotator,Experimental situation,2022-05-18 01:03:09,2022-05-18 01:03:09
2022-05-18 10:20:16,2022-05-18 10:20:33,Free_Living,annotator,Experimental situation,2022-05-18 01:03:18,2022-05-18 01:03:35
2022-05-18 10:20:33,2022-05-18 10:24:06,Free_Living,annotator,Experimental situation,2022-05-18 01:03:35,2022-05-18 01:07:08
2022-05-18 10:24:06,2022-05-18 10:24:30,Free_Living,annotator,Experimental situation,2022-05-18 01:07:08,2022-05-18 01:07:32
2022-05-18 10:24:30,2022-05-18 10:24:50,Free_Living,annotator,Experimental situation,2022-05-18 01:07:32,2022-05-18 01:07:52
2022-05-18 10:24:50,2022-05-18 10:24:55,Free_Living,annotator,Experimental situation,2022-05-18 01:07:52,2022-05-18 01:07:57
2022-05-18 10:24:55,2022-05-18 10:25:18,Free_Living,annotator,Experimental situation,2022-05-18 01:07:57,2022-05-18 01:08:20
2022-05-18 10:25:18,2022-05-18 10:25:39,Free_Living,annotator,Experimental situation,2022-05-18 01:08:20,2022-05-18 01:08:41
2022-05-18 10:25:39,2022-05-18 10:25:45,Free_Living,annotator,Experimental situation,2022-05-18 01:08:41,2022-05-18 01:08:47
2022-05-18 10:25:45,2022-05-18 10:26:06,Free_Living,annotator,Experimental situation,2022-05-18 01:08:47,2022-05-18 01:09:08
2022-05-18 10:26:06,2022-05-18 10:26:32,Free_Living,annotator,Experimental situation,2022-05-18 01:09:08,2022-05-18 01:09:34
2022-05-18 10:26:32,2022-05-18 10:26:54,Free_Living,annotator,Experimental situation,2022-05-18 01:09:34,2022-05-18 01:09:56
2022-05-18 10:26:54,2022-05-18 10:28:06,Free_Living,annotator,Experimental situation,2022-05-18 01:09:56,2022-05-18 01:11:08
2022-05-18 10:28:06,2022-05-18 10:28:38,Free_Living,annotator,Experimental situation,2022-05-18 01:11:08,2022-05-18 01:11:40
2022-05-18 10:28:38,2022-05-18 10:29:24,Free_Living,annotator,Experimental situation,2022-05-18 01:11:40,2022-05-18 01:12:26
2022-05-18 10:29:24,2022-05-18 10:30:13,Free_Living,annotator,Experimental situation,2022-05-18 01:12:26,2022-05-18 01:13:15
2022-05-18 10:30:13,2022-05-18 10:30:25,Free_Living,annotator,Experimental situation,2022-05-18 01:13:15,2022-05-18 01:13:27
2022-05-18 10:30:25,2022-05-18 10:32:16,Free_Living,annotator,Experimental situation,2022-05-18 01:13:27,2022-05-18 01:15:18
2022-05-18 10:32:22,2022-05-18 10:32:29,Free_Living,annotator,Experimental situation,2022-05-18 01:15:24,2022-05-18 01:15:31
2022-05-18 10:32:30,2022-05-18 10:33:59,Free_Living,annotator,Experimental situation,2022-05-18 01:15:32,2022-05-18 01:17:01
2022-05-18 10:34:00,2022-05-18 10:34:17,Free_Living,annotator,Experimental situation,2022-05-18 01:17:02,2022-05-18 01:17:19
2022-05-18 10:34:17,2022-05-18 10:34:23,Free_Living,annotator,Experimental situation,2022-05-18 01:17:19,2022-05-18 01:17:25
2022-05-18 10:34:23,2022-05-18 10:35:12,Free_Living,annotator,Experimental situation,2022-05-18 01:17:25,2022-05-18 01:18:14
2022-05-18 10:35:12,2022-05-18 10:35:25,Free_Living,annotator,Experimental situation,2022-05-18 01:18:14,2022-05-18 01:18:27
2022-05-18 10:35:25,2022-05-18 10:36:16,Free_Living,annotator,Experimental situation,2022-05-18 01:18:27,2022-05-18 01:19:18
2022-05-18 10:36:16,2022-05-18 10:36:28,Free_Living,annotator,Experimental situation,2022-05-18 01:19:18,2022-05-18 01:19:30
2022-05-18 10:36:28,2022-05-18 10:36:37,Free_Living,annotator,Experimental situation,2022-05-18 01:19:30,2022-05-18 01:19:39
2022-05-18 10:36:40,2022-05-18 10:40:30,Free_Living,annotator,Experimental situation,2022-05-18 01:19:42,2022-05-18 01:23:32
2022-05-18 10:40:31,2022-05-18 10:40:46,Free_Living,annotator,Experimental situation,2022-05-18 01:23:33,2022-05-18 01:23:48
2022-05-18 10:40:46,2022-05-18 10:41:03,Free_Living,annotator,Experimental situation,2022-05-18 01:23:48,2022-05-18 01:24:05
2022-05-18 10:41:03,2022-05-18 10:41:19,Free_Living,annotator,Experimental situation,2022-05-18 01:24:05,2022-05-18 01:24:21
2022-05-18 10:41:19,2022-05-18 10:41:34,Free_Living,annotator,Experimental situation,2022-05-18 01:24:21,2022-05-18 01:24:36
2022-05-18 10:41:36,2022-05-18 10:42:00,Free_Living,annotator,Experimental situation,2022-05-18 01:24:38,2022-05-18 01:25:02
2022-05-18 10:42:00,2022-05-18 10:42:40,Free_Living,annotator,Experimental situation,2022-05-18 01:25:02,2022-05-18 01:25:42
2022-05-18 10:42:40,2022-05-18 10:42:57,Free_Living,annotator,Experimental situation,2022-05-18 01:25:42,2022-05-18 01:25:59
2022-05-18 10:42:57,2022-05-18 10:43:02,Free_Living,annotator,Experimental situation,2022-05-18 01:25:59,2022-05-18 01:26:04
2022-05-18 10:43:02,2022-05-18 10:43:35,Free_Living,annotator,Experimental situation,2022-05-18 01:26:04,2022-05-18 01:26:37
2022-05-18 10:43:04,2022-05-18 10:43:04,Free_Living,annotator,Experimental situation,2022-05-18 01:26:06,2022-05-18 01:26:06
2022-05-18 10:43:41,2022-05-18 10:44:00,Free_Living,annotator,Experimental situation,2022-05-18 01:26:43,2022-05-18 01:27:02
2022-05-18 10:44:00,2022-05-18 10:44:28,Free_Living,annotator,Experimental situation,2022-05-18 01:27:02,2022-05-18 01:27:30
2022-05-18 10:44:29,2022-05-18 10:44:45,Free_Living,annotator,Experimental situation,2022-05-18 01:27:31,2022-05-18 01:27:47
2022-05-18 10:44:48,2022-05-18 10:45:10,Free_Living,annotator,Experimental situation,2022-05-18 01:27:50,2022-05-18 01:28:12
2022-05-18 10:45:10,2022-05-18 10:45:37,Free_Living,annotator,Experimental situation,2022-05-18 01:28:12,2022-05-18 01:28:39
2022-05-18 10:45:37,2022-05-18 10:48:28,Free_Living,annotator,Experimental situation,2022-05-18 01:28:39,2022-05-18 01:31:30
2022-05-18 10:48:28,2022-05-18 10:48:40,Free_Living,annotator,Experimental situation,2022-05-18 01:31:30,2022-05-18 01:31:42
2022-05-18 10:48:40,2022-05-18 10:49:06,Free_Living,annotator,Experimental situation,2022-05-18 01:31:42,2022-05-18 01:32:08
2022-05-18 10:49:06,2022-05-18 10:49:17,Free_Living,annotator,Experimental situation,2022-05-18 01:32:08,2022-05-18 01:32:19
2022-05-18 10:49:17,2022-05-18 10:49:45,Free_Living,annotator,Experimental situation,2022-05-18 01:32:19,2022-05-18 01:32:47
2022-05-18 10:49:45,2022-05-18 10:50:05,Free_Living,annotator,Experimental situation,2022-05-18 01:32:47,2022-05-18 01:33:07
2022-05-18 10:50:05,2022-05-18 10:50:39,Free_Living,annotator,Experimental situation,2022-05-18 01:33:07,2022-05-18 01:33:41
2022-05-18 10:50:39,2022-05-18 10:50:49,Free_Living,annotator,Experimental situation,2022-05-18 01:33:41,2022-05-18 01:33:51
2022-05-18 10:50:49,2022-05-18 10:51:11,Free_Living,annotator,Experimental situation,2022-05-18 01:33:51,2022-05-18 01:34:13
2022-05-18 10:51:11,2022-05-18 10:51:31,Free_Living,annotator,Experimental situation,2022-05-18 01:34:13,2022-05-18 01:34:33
2022-05-18 10:51:31,2022-05-18 10:52:27,Free_Living,annotator,Experimental situation,2022-05-18 01:34:33,2022-05-18 01:35:29
2022-05-18 10:52:27,2022-05-18 10:53:00,Free_Living,annotator,Experimental situation,2022-05-18 01:35:29,2022-05-18 01:36:02
2022-05-18 10:53:00,2022-05-18 10:53:05,Free_Living,annotator,Experimental situation,2022-05-18 01:36:02,2022-05-18 01:36:07
2022-05-18 10:53:05,2022-05-18 10:53:16,Free_Living,annotator,Experimental situation,2022-05-18 01:36:07,2022-05-18 01:36:18
2022-05-18 10:53:16,2022-05-18 10:53:42,Free_Living,annotator,Experimental situation,2022-05-18 01:36:18,2022-05-18 01:36:44
2022-05-18 10:53:42,2022-05-18 11:02:02,Free_Living,annotator,Experimental situation,2022-05-18 01:36:44,2022-05-18 01:45:04
2022-05-18 11:02:02,2022-05-18 11:03:21,Free_Living,annotator,Experimental situation,2022-05-18 01:45:04,2022-05-18 01:46:23
2022-05-18 11:03:21,2022-05-18 11:03:45,Free_Living,annotator,Experimental situation,2022-05-18 01:46:23,2022-05-18 01:46:47
2022-05-18 11:03:45,2022-05-18 11:04:58,Free_Living,annotator,Experimental situation,2022-05-18 01:46:47,2022-05-18 01:48:00
2022-05-18 11:04:58,2022-05-18 11:05:07,Free_Living,annotator,Experimental situation,2022-05-18 01:48:00,2022-05-18 01:48:09
2022-05-18 11:05:07,2022-05-18 11:05:17,Free_Living,annotator,Experimental situation,2022-05-18 01:48:09,2022-05-18 01:48:19
2022-05-18 11:05:17,2022-05-18 11:05:26,Free_Living,annotator,Experimental situation,2022-05-18 01:48:19,2022-05-18 01:48:28
2022-05-18 11:05:26,2022-05-18 11:06:39,Free_Living,annotator,Experimental situation,2022-05-18 01:48:28,2022-05-18 01:49:41
2022-05-18 11:06:39,2022-05-18 11:07:47,Free_Living,annotator,Experimental situation,2022-05-18 01:49:41,2022-05-18 01:50:49
2022-05-18 11:07:47,2022-05-18 11:08:15,Free_Living,annotator,Experimental situation,2022-05-18 01:50:49,2022-05-18 01:51:17
2022-05-18 11:08:15,2022-05-18 11:08:26,Free_Living,annotator,Experimental situation,2022-05-18 01:51:17,2022-05-18 01:51:28
2022-05-18 11:08:26,2022-05-18 11:09:42,Free_Living,annotator,Experimental situation,2022-05-18 01:51:28,2022-05-18 01:52:44
2022-05-18 11:09:42,2022-05-18 11:10:43,Free_Living,annotator,Experimental situation,2022-05-18 01:52:44,2022-05-18 01:53:45
2022-05-18 11:10:43,2022-05-18 11:10:56,Free_Living,annotator,Experimental situation,2022-05-18 01:53:45,2022-05-18 01:53:58
2022-05-18 11:10:56,2022-05-18 11:11:43,Free_Living,annotator,Experimental situation,2022-05-18 01:53:58,2022-05-18 01:54:45
2022-05-18 11:11:43,2022-05-18 11:11:49,Free_Living,annotator,Experimental situation,2022-05-18 01:54:45,2022-05-18 01:54:51
2022-05-18 11:11:49,2022-05-18 11:12:46,Free_Living,annotator,Experimental situation,2022-05-18 01:54:51,2022-05-18 01:55:48
2022-05-18 11:12:46,2022-05-18 11:13:40,Free_Living,annotator,Experimental situation,2022-05-18 01:55:48,2022-05-18 01:56:42
2022-05-18 11:13:40,2022-05-18 11:13:59,Free_Living,annotator,Experimental situation,2022-05-18 01:56:42,2022-05-18 01:57:01
2022-05-18 11:13:59,2022-05-18 11:14:28,Free_Living,annotator,Experimental situation,2022-05-18 01:57:01,2022-05-18 01:57:30
2022-05-18 11:14:28,2022-05-18 11:14:51,Free_Living,annotator,Experimental situation,2022-05-18 01:57:30,2022-05-18 01:57:53
2022-05-18 11:14:51,2022-05-18 11:18:06,Free_Living,annotator,Experimental situation,2022-05-18 01:57:53,2022-05-18 02:01:08
2022-05-18 11:18:06,2022-05-18 11:18:50,Free_Living,annotator,Experimental situation,2022-05-18 02:01:08,2022-05-18 02:01:52
2022-05-18 11:18:50,2022-05-18 11:18:54,Free_Living,annotator,Experimental situation,2022-05-18 02:01:52,2022-05-18 02:01:56
2022-05-18 11:18:54,2022-05-18 11:19:11,Free_Living,annotator,Experimental situation,2022-05-18 02:01:56,2022-05-18 02:02:13
2022-05-18 11:19:11,2022-05-18 11:19:28,Free_Living,annotator,Experimental situation,2022-05-18 02:02:13,2022-05-18 02:02:30
2022-05-18 11:19:28,2022-05-18 11:19:41,Free_Living,annotator,Experimental situation,2022-05-18 02:02:30,2022-05-18 02:02:43
2022-05-18 11:19:41,2022-05-18 11:19:52,Free_Living,annotator,Experimental situation,2022-05-18 02:02:43,2022-05-18 02:02:54
2022-05-18 11:19:52,2022-05-18 11:20:29,Free_Living,annotator,Experimental situation,2022-05-18 02:02:54,2022-05-18 02:03:31
2022-05-18 11:20:29,2022-05-18 11:21:15,Free_Living,annotator,Experimental situation,2022-05-18 02:03:31,2022-05-18 02:04:17
2022-05-18 11:21:15,2022-05-18 11:22:33,Free_Living,annotator,Experimental situation,2022-05-18 02:04:17,2022-05-18 02:05:35
2022-05-18 11:22:33,2022-05-18 11:22:58,Free_Living,annotator,Experimental situation,2022-05-18 02:05:35,2022-05-18 02:06:00
2022-05-18 11:22:58,2022-05-18 11:23:13,Free_Living,annotator,Experimental situation,2022-05-18 02:06:00,2022-05-18 02:06:15
2022-05-18 11:23:13,2022-05-18 11:23:13,Free_Living,annotator,Experimental situation,2022-05-18 02:06:15,2022-05-18 02:06:15
2022-05-18 11:23:13,2022-05-18 11:23:35,Free_Living,annotator,Experimental situation,2022-05-18 02:06:15,2022-05-18 02:06:37
2022-05-18 11:23:35,2022-05-18 11:24:06,Free_Living,annotator,Experimental situation,2022-05-18 02:06:37,2022-05-18 02:07:08
2022-05-18 11:24:06,2022-05-18 11:24:42,Free_Living,annotator,Experimental situation,2022-05-18 02:07:08,2022-05-18 02:07:44
2022-05-18 11:24:42,2022-05-18 11:24:59,Free_Living,annotator,Experimental situation,2022-05-18 02:07:44,2022-05-18 02:08:01
2022-05-18 11:24:44,2022-05-18 11:24:44,Free_Living,annotator,Experimental situation,2022-05-18 02:07:46,2022-05-18 02:07:46
2022-05-18 11:24:58,2022-05-18 11:24:58,Free_Living,annotator,Experimental situation,2022-05-18 02:08:00,2022-05-18 02:08:00
2022-05-18 11:24:59,2022-05-18 11:25:12,Free_Living,annotator,Experimental situation,2022-05-18 02:08:01,2022-05-18 02:08:14
2022-05-18 11:25:12,2022-05-18 11:25:29,Free_Living,annotator,Experimental situation,2022-05-18 02:08:14,2022-05-18 02:08:31
2022-05-18 11:25:29,2022-05-18 11:25:55,Free_Living,annotator,Experimental situation,2022-05-18 02:08:31,2022-05-18 02:08:57
2022-05-18 11:25:55,2022-05-18 11:26:31,Free_Living,annotator,Experimental situation,2022-05-18 02:08:57,2022-05-18 02:09:33
2022-05-18 11:26:31,2022-05-18 11:27:02,Free_Living,annotator,Experimental situation,2022-05-18 02:09:33,2022-05-18 02:10:04
2022-05-18 11:27:02,2022-05-18 11:27:29,Free_Living,annotator,Experimental situation,2022-05-18 02:10:04,2022-05-18 02:10:31
2022-05-18 11:27:29,2022-05-18 11:28:16,Free_Living,annotator,Experimental situation,2022-05-18 02:10:31,2022-05-18 02:11:18
2022-05-18 11:28:16,2022-05-18 11:28:32,Free_Living,annotator,Experimental situation,2022-05-18 02:11:18,2022-05-18 02:11:34
2022-05-18 11:28:32,2022-05-18 11:28:46,Free_Living,annotator,Experimental situation,2022-05-18 02:11:34,2022-05-18 02:11:48
2022-05-18 11:28:46,2022-05-18 11:29:02,Free_Living,annotator,Experimental situation,2022-05-18 02:11:48,2022-05-18 02:12:04
2022-05-18 11:29:02,2022-05-18 11:29:16,Free_Living,annotator,Experimental situation,2022-05-18 02:12:04,2022-05-18 02:12:18
2022-05-18 11:29:16,2022-05-18 11:29:51,Free_Living,annotator,Experimental situation,2022-05-18 02:12:18,2022-05-18 02:12:53
2022-05-18 11:29:51,2022-05-18 11:30:05,Free_Living,annotator,Experimental situation,2022-05-18 02:12:53,2022-05-18 02:13:07
2022-05-18 11:30:05,2022-05-18 11:30:09,Free_Living,annotator,Experimental situation,2022-05-18 02:13:07,2022-05-18 02:13:11
2022-05-18 11:30:09,2022-05-18 11:30:18,Free_Living,annotator,Experimental situation,2022-05-18 02:13:11,2022-05-18 02:13:20
2022-05-18 11:30:18,2022-05-18 11:30:24,Free_Living,annotator,Experimental situation,2022-05-18 02:13:20,2022-05-18 02:13:26
2022-05-18 11:30:24,2022-05-18 11:30:36,Free_Living,annotator,Experimental situation,2022-05-18 02:13:26,2022-05-18 02:13:38
2022-05-18 11:30:36,2022-05-18 11:30:46,Free_Living,annotator,Experimental situation,2022-05-18 02:13:38,2022-05-18 02:13:48
2022-05-18 11:30:44,2022-05-18 11:30:56,Free_Living,annotator,Experimental situation,2022-05-18 02:13:46,2022-05-18 02:13:58
2022-05-18 11:30:56,2022-05-18 11:31:45,Free_Living,annotator,Experimental situation,2022-05-18 02:13:58,2022-05-18 02:14:47
2022-05-18 11:31:43,2022-05-18 11:31:53,Free_Living,annotator,Experimental situation,2022-05-18 02:14:45,2022-05-18 02:14:55
2022-05-18 11:31:53,2022-05-18 11:32:35,Free_Living,annotator,Experimental situation,2022-05-18 02:14:55,2022-05-18 02:15:37
2022-05-18 11:32:35,2022-05-18 11:33:13,Free_Living,annotator,Experimental situation,2022-05-18 02:15:37,2022-05-18 02:16:15
2022-05-18 11:33:13,2022-05-18 11:33:19,Free_Living,annotator,Experimental situation,2022-05-18 02:16:15,2022-05-18 02:16:21
2022-05-18 11:33:19,2022-05-18 11:33:51,Free_Living,annotator,Experimental situation,2022-05-18 02:16:21,2022-05-18 02:16:53
2022-05-18 11:33:51,2022-05-18 11:34:08,Free_Living,annotator,Experimental situation,2022-05-18 02:16:53,2022-05-18 02:17:10
2022-05-18 11:34:08,2022-05-18 11:34:32,Free_Living,annotator,Experimental situation,2022-05-18 02:17:10,2022-05-18 02:17:34
2022-05-18 11:34:32,2022-05-18 11:34:39,Free_Living,annotator,Experimental situation,2022-05-18 02:17:34,2022-05-18 02:17:41
2022-05-18 11:34:39,2022-05-18 11:34:57,Free_Living,annotator,Experimental situation,2022-05-18 02:17:41,2022-05-18 02:17:59
2022-05-18 11:34:57,2022-05-18 11:35:35,Free_Living,annotator,Experimental situation,2022-05-18 02:17:59,2022-05-18 02:18:37
2022-05-18 11:35:35,2022-05-18 11:35:55,Free_Living,annotator,Experimental situation,2022-05-18 02:18:37,2022-05-18 02:18:57
2022-05-18 11:35:55,2022-05-18 11:36:20,Free_Living,annotator,Experimental situation,2022-05-18 02:18:57,2022-05-18 02:19:22
2022-05-18 11:36:20,2022-05-18 11:36:42,Free_Living,annotator,Experimental situation,2022-05-18 02:19:22,2022-05-18 02:19:44
2022-05-18 11:36:42,2022-05-18 11:37:23,Free_Living,annotator,Experimental situation,2022-05-18 02:19:44,2022-05-18 02:20:25
2022-05-18 11:37:23,2022-05-18 11:37:32,Free_Living,annotator,Experimental situation,2022-05-18 02:20:25,2022-05-18 02:20:34
2022-05-18 11:37:32,2022-05-18 11:37:46,Free_Living,annotator,Experimental situation,2022-05-18 02:20:34,2022-05-18 02:20:48
2022-05-18 11:37:46,2022-05-18 11:38:11,Free_Living,annotator,Experimental situation,2022-05-18 02:20:48,2022-05-18 02:21:13
2022-05-18 11:38:20,2022-05-18 11:39:05,Free_Living,annotator,Experimental situation,2022-05-18 02:21:22,2022-05-18 02:22:07
2022-05-18 11:39:05,2022-05-18 11:41:42,Free_Living,annotator,Experimental situation,2022-05-18 02:22:07,2022-05-18 02:24:44
2022-05-18 11:41:42,2022-05-18 11:42:02,Free_Living,annotator,Experimental situation,2022-05-18 02:24:44,2022-05-18 02:25:04
2022-05-18 11:42:02,2022-05-18 11:43:30,Free_Living,annotator,Experimental situation,2022-05-18 02:25:04,2022-05-18 02:26:32
2022-05-18 11:43:30,2022-05-18 11:43:36,Free_Living,annotator,Experimental situation,2022-05-18 02:26:32,2022-05-18 02:26:38
2022-05-18 11:43:36,2022-05-18 11:43:41,Free_Living,annotator,Experimental situation,2022-05-18 02:26:38,2022-05-18 02:26:43
2022-05-18 11:43:41,2022-05-18 11:44:04,Free_Living,annotator,Experimental situation,2022-05-18 02:26:43,2022-05-18 02:27:06
2022-05-18 11:44:04,2022-05-18 11:44:17,Free_Living,annotator,Experimental situation,2022-05-18 02:27:06,2022-05-18 02:27:19
2022-05-18 11:44:22,2022-05-18 11:44:37,Free_Living,annotator,Experimental situation,2022-05-18 02:27:24,2022-05-18 02:27:39
2022-05-18 11:44:37,2022-05-18 11:48:07,Free_Living,annotator,Experimental situation,2022-05-18 02:27:39,2022-05-18 02:31:09
2022-05-18 11:48:07,2022-05-18 11:50:11,Free_Living,annotator,Experimental situation,2022-05-18 02:31:09,2022-05-18 02:33:13
2022-05-18 11:50:14,2022-05-18 11:51:39,Free_Living,annotator,Experimental situation,2022-05-18 02:33:16,2022-05-18 02:34:41
2022-05-18 11:51:43,2022-05-18 11:52:27,Free_Living,annotator,Experimental situation,2022-05-18 02:34:45,2022-05-18 02:35:29
2022-05-18 11:52:27,2022-05-18 11:55:22,Free_Living,annotator,Experimental situation,2022-05-18 02:35:29,2022-05-18 02:38:24
2022-05-18 11:55:24,2022-05-18 11:55:43,Free_Living,annotator,Experimental situation,2022-05-18 02:38:26,2022-05-18 02:38:45
2022-05-18 11:55:44,2022-05-18 11:56:39,Free_Living,annotator,Experimental situation,2022-05-18 02:38:46,2022-05-18 02:39:41
2022-05-18 11:56:39,2022-05-18 11:56:47,Free_Living,annotator,Experimental situation,2022-05-18 02:39:41,2022-05-18 02:39:49
2022-05-18 11:56:47,2022-05-18 11:58:33,Free_Living,annotator,Experimental situation,2022-05-18 02:39:49,2022-05-18 02:41:35
2022-05-18 11:58:33,2022-05-18 11:59:38,Free_Living,annotator,Experimental situation,2022-05-18 02:41:35,2022-05-18 02:42:40
2022-05-18 11:59:38,2022-05-18 11:59:58,Free_Living,annotator,Experimental situation,2022-05-18 02:42:40,2022-05-18 02:43:00
2022-05-18 11:59:58,2022-05-18 12:00:39,Free_Living,annotator,Experimental situation,2022-05-18 02:43:00,2022-05-18 02:43:41
2022-05-18 12:00:39,2022-05-18 12:00:50,Free_Living,annotator,Experimental situation,2022-05-18 02:43:41,2022-05-18 02:43:52
2022-05-18 12:00:50,2022-05-18 12:05:17,Free_Living,annotator,Experimental situation,2022-05-18 02:43:52,2022-05-18 02:48:19
2022-05-18 12:05:33,2022-05-18 12:05:33,Free_Living,annotator,Experimental situation,2022-05-18 02:48:35,2022-05-18 02:48:35
2022-05-18 12:05:33,2022-05-18 12:06:08,Free_Living,annotator,Experimental situation,2022-05-18 02:48:35,2022-05-18 02:49:10
2022-05-18 12:06:08,2022-05-18 12:06:15,Free_Living,annotator,Experimental situation,2022-05-18 02:49:10,2022-05-18 02:49:17
2022-05-18 12:06:15,2022-05-18 12:06:26,Free_Living,annotator,Experimental situation,2022-05-18 02:49:17,2022-05-18 02:49:28
2022-05-18 12:06:26,2022-05-18 12:06:38,Free_Living,annotator,Experimental situation,2022-05-18 02:49:28,2022-05-18 02:49:40
2022-05-18 12:06:38,2022-05-18 12:06:50,Free_Living,annotator,Experimental situation,2022-05-18 02:49:40,2022-05-18 02:49:52
2022-05-18 12:06:50,2022-05-18 12:07:16,Free_Living,annotator,Experimental situation,2022-05-18 02:49:52,2022-05-18 02:50:18
2022-05-18 12:07:16,2022-05-18 12:07:25,Free_Living,annotator,Experimental situation,2022-05-18 02:50:18,2022-05-18 02:50:27
2022-05-18 12:07:25,2022-05-18 12:07:38,Free_Living,annotator,Experimental situation,2022-05-18 02:50:27,2022-05-18 02:50:40
2022-05-18 12:07:38,2022-05-18 12:08:10,Free_Living,annotator,Experimental situation,2022-05-18 02:50:40,2022-05-18 02:51:12
2022-05-18 12:08:12,2022-05-18 12:08:19,Free_Living,annotator,Experimental situation,2022-05-18 02:51:14,2022-05-18 02:51:21
2022-05-18 12:08:24,2022-05-18 12:11:39,Free_Living,annotator,Experimental situation,2022-05-18 02:51:26,2022-05-18 02:54:41
2022-05-18 12:11:46,2022-05-18 12:12:16,Free_Living,annotator,Experimental situation,2022-05-18 02:54:48,2022-05-18 02:55:18
2022-05-18 12:12:16,2022-05-18 12:14:20,Free_Living,annotator,Experimental situation,2022-05-18 02:55:18,2022-05-18 02:57:22
2022-05-18 12:14:20,2022-05-18 12:14:41,Free_Living,annotator,Experimental situation,2022-05-18 02:57:22,2022-05-18 02:57:43
2022-05-18 12:14:41,2022-05-18 12:24:28,Free_Living,annotator,Experimental situation,2022-05-18 02:57:43,2022-05-18 03:07:30
2022-05-18 12:24:28,2022-05-18 12:24:41,Free_Living,annotator,Experimental situation,2022-05-18 03:07:30,2022-05-18 03:07:43
2022-05-18 12:24:41,2022-05-18 12:26:11,Free_Living,annotator,Experimental situation,2022-05-18 03:07:43,2022-05-18 03:09:13
2022-05-18 12:26:11,2022-05-18 12:30:40,Free_Living,annotator,Experimental situation,2022-05-18 03:09:13,2022-05-18 03:13:42
2022-05-18 12:30:38,2022-05-18 12:30:40,Free_Living,annotator,Experimental situation,2022-05-18 03:13:40,2022-05-18 03:13:42
2022-05-18 12:30:40,2022-05-18 12:32:56,Free_Living,annotator,Experimental situation,2022-05-18 03:13:42,2022-05-18 03:15:58
2022-05-18 12:32:56,2022-05-18 12:33:45,Free_Living,annotator,Experimental situation,2022-05-18 03:15:58,2022-05-18 03:16:47
2022-05-18 12:33:45,2022-05-18 12:34:52,Free_Living,annotator,Experimental situation,2022-05-18 03:16:47,2022-05-18 03:17:54
2022-05-18 12:34:52,2022-05-18 12:35:28,Free_Living,annotator,Experimental situation,2022-05-18 03:17:54,2022-05-18 03:18:30
2022-05-18 12:35:28,2022-05-18 12:36:13,Free_Living,annotator,Experimental situation,2022-05-18 03:18:30,2022-05-18 03:19:15
2022-05-18 12:36:13,2022-05-18 12:36:58,Free_Living,annotator,Experimental situation,2022-05-18 03:19:15,2022-05-18 03:20:00
2022-05-18 12:36:58,2022-05-18 12:37:04,Free_Living,annotator,Experimental situation,2022-05-18 03:20:00,2022-05-18 03:20:06
2022-05-18 12:37:04,2022-05-18 12:44:48,Free_Living,annotator,Experimental situation,2022-05-18 03:20:06,2022-05-18 03:27:50
2022-05-18 12:44:48,2022-05-18 12:45:10,Free_Living,annotator,Experimental situation,2022-05-18 03:27:50,2022-05-18 03:28:12
2022-05-18 12:45:10,2022-05-18 12:49:57,Free_Living,annotator,Experimental situation,2022-05-18 03:28:12,2022-05-18 03:32:59
2022-05-18 12:49:57,2022-05-18 12:50:32,Free_Living,annotator,Experimental situation,2022-05-18 03:32:59,2022-05-18 03:33:34
2022-05-18 12:50:42,2022-05-18 12:50:54,Free_Living,annotator,Experimental situation,2022-05-18 03:33:44,2022-05-18 03:33:56
2022-05-18 12:50:54,2022-05-18 12:51:17,Free_Living,annotator,Experimental situation,2022-05-18 03:33:56,2022-05-18 03:34:19
2022-05-18 12:51:17,2022-05-18 12:51:33,Free_Living,annotator,Experimental situation,2022-05-18 03:34:19,2022-05-18 03:34:35
2022-05-18 12:51:33,2022-05-18 12:51:45,Free_Living,annotator,Experimental situation,2022-05-18 03:34:35,2022-05-18 03:34:47
2022-05-18 12:51:45,2022-05-18 12:52:11,Free_Living,annotator,Experimental situation,2022-05-18 03:34:47,2022-05-18 03:35:13
2022-05-18 12:52:11,2022-05-18 12:52:23,Free_Living,annotator,Experimental situation,2022-05-18 03:35:13,2022-05-18 03:35:25
2022-05-18 12:52:23,2022-05-18 12:52:53,Free_Living,annotator,Experimental situation,2022-05-18 03:35:25,2022-05-18 03:35:55
2022-05-18 12:52:53,2022-05-18 12:58:12,Free_Living,annotator,Experimental situation,2022-05-18 03:35:55,2022-05-18 03:41:14
2022-05-18 12:58:13,2022-05-18 12:59:08,Free_Living,annotator,Experimental situation,2022-05-18 03:41:15,2022-05-18 03:42:10
2022-05-18 12:59:08,2022-05-18 13:00:28,Free_Living,annotator,Experimental situation,2022-05-18 03:42:10,2022-05-18 03:43:30
2022-05-18 13:00:31,2022-05-18 13:00:40,Free_Living,annotator,Experimental situation,2022-05-18 03:43:33,2022-05-18 03:43:42
2022-05-18 13:00:40,2022-05-18 13:00:59,Free_Living,annotator,Experimental situation,2022-05-18 03:43:42,2022-05-18 03:44:01
2022-05-18 13:00:59,2022-05-18 13:01:12,Free_Living,annotator,Experimental situation,2022-05-18 03:44:01,2022-05-18 03:44:14
2022-05-18 13:01:12,2022-05-18 13:01:34,Free_Living,annotator,Experimental situation,2022-05-18 03:44:14,2022-05-18 03:44:36
2022-05-18 13:01:34,2022-05-18 13:01:55,Free_Living,annotator,Experimental situation,2022-05-18 03:44:36,2022-05-18 03:44:57
2022-05-18 13:01:55,2022-05-18 13:02:15,Free_Living,annotator,Experimental situation,2022-05-18 03:44:57,2022-05-18 03:45:17
2022-05-18 13:02:15,2022-05-18 13:03:01,Free_Living,annotator,Experimental situation,2022-05-18 03:45:17,2022-05-18 03:46:03
2022-05-18 13:03:01,2022-05-18 13:05:11,Free_Living,annotator,Experimental situation,2022-05-18 03:46:03,2022-05-18 03:48:13
2022-05-18 13:05:11,2022-05-18 13:05:31,Free_Living,annotator,Experimental situation,2022-05-18 03:48:13,2022-05-18 03:48:33
2022-05-18 13:05:33,2022-05-18 13:06:11,Free_Living,annotator,Experimental situation,2022-05-18 03:48:35,2022-05-18 03:49:13
2022-05-18 13:06:11,2022-05-18 13:06:17,Free_Living,annotator,Experimental situation,2022-05-18 03:49:13,2022-05-18 03:49:19
2022-05-18 13:06:17,2022-05-18 13:08:49,Free_Living,annotator,Experimental situation,2022-05-18 03:49:19,2022-05-18 03:51:51
2022-05-18 13:08:49,2022-05-18 13:10:06,Free_Living,annotator,Experimental situation,2022-05-18 03:51:51,2022-05-18 03:53:08
2022-05-18 13:10:07,2022-05-18 13:12:01,Free_Living,annotator,Experimental situation,2022-05-18 03:53:09,2022-05-18 03:55:03
2022-05-18 13:12:02,2022-05-18 13:12:43,Free_Living,annotator,Experimental situation,2022-05-18 03:55:04,2022-05-18 03:55:45
2022-05-18 13:12:43,2022-05-18 13:13:17,Free_Living,annotator,Experimental situation,2022-05-18 03:55:45,2022-05-18 03:56:19
2022-05-18 13:13:17,2022-05-18 13:13:28,Free_Living,annotator,Experimental situation,2022-05-18 03:56:19,2022-05-18 03:56:30
2022-05-18 13:13:28,2022-05-18 13:14:02,Free_Living,annotator,Experimental situation,2022-05-18 03:56:30,2022-05-18 03:57:04
2022-05-18 13:14:02,2022-05-18 13:14:32,Free_Living,annotator,Experimental situation,2022-05-18 03:57:04,2022-05-18 03:57:34
2022-05-18 13:14:32,2022-05-18 13:15:02,Free_Living,annotator,Experimental situation,2022-05-18 03:57:34,2022-05-18 03:58:04
2022-05-18 13:15:02,2022-05-18 13:15:16,Free_Living,annotator,Experimental situation,2022-05-18 03:58:04,2022-05-18 03:58:18
2022-05-18 13:15:16,2022-05-18 13:17:06,Free_Living,annotator,Experimental situation,2022-05-18 03:58:18,2022-05-18 04:00:08
2022-05-18 13:17:06,2022-05-18 13:17:14,Free_Living,annotator,Experimental situation,2022-05-18 04:00:08,2022-05-18 04:00:16
2022-05-18 13:17:14,2022-05-18 13:17:40,Free_Living,annotator,Experimental situation,2022-05-18 04:00:16,2022-05-18 04:00:42
2022-05-18 13:17:40,2022-05-18 13:17:45,Free_Living,annotator,Experimental situation,2022-05-18 04:00:42,2022-05-18 04:00:47
2022-05-18 13:17:45,2022-05-18 13:18:45,Free_Living,annotator,Experimental situation,2022-05-18 04:00:47,2022-05-18 04:01:47
2022-05-18 13:18:45,2022-05-18 13:18:55,Free_Living,annotator,Experimental situation,2022-05-18 04:01:47,2022-05-18 04:01:57
2022-05-18 13:18:55,2022-05-18 13:19:05,Free_Living,annotator,Experimental situation,2022-05-18 04:01:57,2022-05-18 04:02:07
2022-05-18 13:19:05,2022-05-18 13:19:19,Free_Living,annotator,Experimental situation,2022-05-18 04:02:07,2022-05-18 04:02:21
2022-05-18 13:19:19,2022-05-18 13:20:09,Free_Living,annotator,Experimental situation,2022-05-18 04:02:21,2022-05-18 04:03:11
2022-05-18 13:20:09,2022-05-18 13:20:48,Free_Living,annotator,Experimental situation,2022-05-18 04:03:11,2022-05-18 04:03:50
2022-05-18 13:20:48,2022-05-18 13:21:10,Free_Living,annotator,Experimental situation,2022-05-18 04:03:50,2022-05-18 04:04:12
2022-05-18 13:21:10,2022-05-18 13:22:38,Free_Living,annotator,Experimental situation,2022-05-18 04:04:12,2022-05-18 04:05:40
2022-05-18 13:22:38,2022-05-18 13:22:55,Free_Living,annotator,Experimental situation,2022-05-18 04:05:40,2022-05-18 04:05:57
2022-05-18 13:22:55,2022-05-18 13:23:25,Free_Living,annotator,Experimental situation,2022-05-18 04:05:57,2022-05-18 04:06:27
2022-05-18 13:23:25,2022-05-18 13:23:41,Free_Living,annotator,Experimental situation,2022-05-18 04:06:27,2022-05-18 04:06:43
2022-05-18 13:23:41,2022-05-18 13:24:07,Free_Living,annotator,Experimental situation,2022-05-18 04:06:43,2022-05-18 04:07:09
2022-05-18 13:24:07,2022-05-18 13:24:29,Free_Living,annotator,Experimental situation,2022-05-18 04:07:09,2022-05-18 04:07:31
2022-05-18 13:24:29,2022-05-18 13:25:18,Free_Living,annotator,Experimental situation,2022-05-18 04:07:31,2022-05-18 04:08:20
2022-05-18 13:25:18,2022-05-18 13:25:25,Free_Living,annotator,Experimental situation,2022-05-18 04:08:20,2022-05-18 04:08:27
2022-05-18 13:25:30,2022-05-18 13:25:52,Free_Living,annotator,Experimental situation,2022-05-18 04:08:32,2022-05-18 04:08:54
2022-05-18 13:25:31,2022-05-18 13:25:31,Free_Living,annotator,Experimental situation,2022-05-18 04:08:33,2022-05-18 04:08:33
2022-05-18 13:25:45,2022-05-18 13:25:45,Free_Living,annotator,Experimental situation,2022-05-18 04:08:47,2022-05-18 04:08:47
2022-05-18 13:25:52,2022-05-18 13:26:05,Free_Living,annotator,Experimental situation,2022-05-18 04:08:54,2022-05-18 04:09:07
2022-05-18 13:25:53,2022-05-18 13:25:53,Free_Living,annotator,Experimental situation,2022-05-18 04:08:55,2022-05-18 04:08:55
2022-05-18 13:26:05,2022-05-18 13:26:10,Free_Living,annotator,Experimental situation,2022-05-18 04:09:07,2022-05-18 04:09:12
2022-05-18 13:26:10,2022-05-18 13:26:15,Free_Living,annotator,Experimental situation,2022-05-18 04:09:12,2022-05-18 04:09:17
2022-05-18 13:26:15,2022-05-18 13:26:21,Free_Living,annotator,Experimental situation,2022-05-18 04:09:17,2022-05-18 04:09:23
2022-05-18 13:26:21,2022-05-18 13:26:44,Free_Living,annotator,Experimental situation,2022-05-18 04:09:23,2022-05-18 04:09:46
2022-05-18 13:26:44,2022-05-18 13:27:07,Free_Living,annotator,Experimental situation,2022-05-18 04:09:46,2022-05-18 04:10:09
2022-05-18 13:27:07,2022-05-18 13:27:50,Free_Living,annotator,Experimental situation,2022-05-18 04:10:09,2022-05-18 04:10:52
2022-05-18 13:27:50,2022-05-18 13:28:32,Free_Living,annotator,Experimental situation,2022-05-18 04:10:52,2022-05-18 04:11:34
2022-05-18 13:28:32,2022-05-18 13:28:59,Free_Living,annotator,Experimental situation,2022-05-18 04:11:34,2022-05-18 04:12:01
2022-05-18 13:28:59,2022-05-18 13:29:36,Free_Living,annotator,Experimental situation,2022-05-18 04:12:01,2022-05-18 04:12:38
2022-05-18 13:29:36,2022-05-18 13:29:44,Free_Living,annotator,Experimental situation,2022-05-18 04:12:38,2022-05-18 04:12:46
2022-05-18 13:29:44,2022-05-18 13:30:12,Free_Living,annotator,Experimental situation,2022-05-18 04:12:46,2022-05-18 04:13:14
2022-05-18 13:30:12,2022-05-18 13:30:42,Free_Living,annotator,Experimental situation,2022-05-18 04:13:14,2022-05-18 04:13:44
2022-05-18 13:30:42,2022-05-18 13:30:48,Free_Living,annotator,Experimental situation,2022-05-18 04:13:44,2022-05-18 04:13:50
2022-05-18 13:30:48,2022-05-18 13:30:55,Free_Living,annotator,Experimental situation,2022-05-18 04:13:50,2022-05-18 04:13:57
2022-05-18 13:30:55,2022-05-18 13:31:56,Free_Living,annotator,Experimental situation,2022-05-18 04:13:57,2022-05-18 04:14:58
2022-05-18 13:31:56,2022-05-18 13:32:10,Free_Living,annotator,Experimental situation,2022-05-18 04:14:58,2022-05-18 04:15:12
2022-05-18 13:32:10,2022-05-18 13:32:13,Free_Living,annotator,Experimental situation,2022-05-18 04:15:12,2022-05-18 04:15:15
2022-05-18 13:32:13,2022-05-18 13:32:23,Free_Living,annotator,Experimental situation,2022-05-18 04:15:15,2022-05-18 04:15:25
2022-05-18 13:32:23,2022-05-18 13:32:36,Free_Living,annotator,Experimental situation,2022-05-18 04:15:25,2022-05-18 04:15:38
2022-05-18 13:32:36,2022-05-18 13:32:43,Free_Living,annotator,Experimental situation,2022-05-18 04:15:38,2022-05-18 04:15:45
2022-05-18 13:32:43,2022-05-18 13:32:51,Free_Living,annotator,Experimental situation,2022-05-18 04:15:45,2022-05-18 04:15:53
2022-05-18 13:32:51,2022-05-18 13:33:11,Free_Living,annotator,Experimental situation,2022-05-18 04:15:53,2022-05-18 04:16:13
2022-05-18 13:33:11,2022-05-18 13:33:31,Free_Living,annotator,Experimental situation,2022-05-18 04:16:13,2022-05-18 04:16:33
2022-05-18 13:33:31,2022-05-18 13:33:43,Free_Living,annotator,Experimental situation,2022-05-18 04:16:33,2022-05-18 04:16:45
2022-05-18 13:33:43,2022-05-18 13:33:55,Free_Living,annotator,Experimental situation,2022-05-18 04:16:45,2022-05-18 04:16:57
2022-05-18 13:33:55,2022-05-18 13:42:52,Free_Living,annotator,Experimental situation,2022-05-18 04:16:57,2022-05-18 04:25:54
2022-05-18 13:42:52,2022-05-18 13:43:01,Free_Living,annotator,Experimental situation,2022-05-18 04:25:54,2022-05-18 04:26:03
2022-05-18 13:43:01,2022-05-18 13:43:31,Free_Living,annotator,Experimental situation,2022-05-18 04:26:03,2022-05-18 04:26:33
2022-05-18 13:43:31,2022-05-18 13:43:52,Free_Living,annotator,Experimental situation,2022-05-18 04:26:33,2022-05-18 04:26:54
2022-05-18 13:44:03,2022-05-18 14:21:33,Free_Living,annotator,Experimental situation,2022-05-18 04:27:05,2022-05-18 05:04:35
2022-05-18 14:21:33,2022-05-18 16:42:16,Free_Living,annotator,Experimental situation,2022-05-18 05:04:35,2022-05-18 07:25:18
2022-05-18 16:42:16,2022-05-18 16:51:52,Free_Living,annotator,Experimental situation,2022-05-18 07:25:18,2022-05-18 07:34:54
2022-05-18 16:51:52,2022-05-18 16:54:14,Free_Living,annotator,Experimental situation,2022-05-18 07:34:54,2022-05-18 07:37:16
2022-05-18 16:54:14,2022-05-18 16:58:52,Free_Living,annotator,Experimental situation,2022-05-18 07:37:16,2022-05-18 07:41:54
2022-05-18 16:58:52,2022-05-18 16:59:12,Free_Living,annotator,Experimental situation,2022-05-18 07:41:54,2022-05-18 07:42:14
2022-05-18 16:59:12,2022-05-18 16:59:22,Free_Living,annotator,Experimental situation,2022-05-18 07:42:14,2022-05-18 07:42:24
2022-05-18 16:59:22,2022-05-18 16:59:45,Free_Living,annotator,Experimental situation,2022-05-18 07:42:24,2022-05-18 07:42:47
2022-05-18 16:59:45,2022-05-18 16:59:59,Free_Living,annotator,Experimental situation,2022-05-18 07:42:47,2022-05-18 07:43:01
2022-05-18 16:59:59,2022-05-18 17:00:16,Free_Living,annotator,Experimental situation,2022-05-18 07:43:01,2022-05-18 07:43:18
2022-05-18 17:00:16,2022-05-18 17:00:53,Free_Living,annotator,Experimental situation,2022-05-18 07:43:18,2022-05-18 07:43:55
2022-05-18 17:00:53,2022-05-18 17:01:01,Free_Living,annotator,Experimental situation,2022-05-18 07:43:55,2022-05-18 07:44:03
2022-05-18 17:01:01,2022-05-18 17:01:32,Free_Living,annotator,Experimental situation,2022-05-18 07:44:03,2022-05-18 07:44:34
2022-05-18 17:01:32,2022-05-18 17:01:41,Free_Living,annotator,Experimental situation,2022-05-18 07:44:34,2022-05-18 07:44:43
2022-05-18 17:01:41,2022-05-18 17:01:58,Free_Living,annotator,Experimental situation,2022-05-18 07:44:43,2022-05-18 07:45:00
2022-05-18 17:01:58,2022-05-18 17:02:24,Free_Living,annotator,Experimental situation,2022-05-18 07:45:00,2022-05-18 07:45:26
2022-05-18 17:02:24,2022-05-18 17:02:59,Free_Living,annotator,Experimental situation,2022-05-18 07:45:26,2022-05-18 07:46:01
2022-05-18 17:02:59,2022-05-18 17:03:21,Free_Living,annotator,Experimental situation,2022-05-18 07:46:01,2022-05-18 07:46:23
2022-05-18 17:03:21,2022-05-18 17:03:53,Free_Living,annotator,Experimental situation,2022-05-18 07:46:23,2022-05-18 07:46:55
2022-05-18 17:03:53,2022-05-18 17:04:04,Free_Living,annotator,Experimental situation,2022-05-18 07:46:55,2022-05-18 07:47:06
2022-05-18 17:04:04,2022-05-18 17:04:18,Free_Living,annotator,Experimental situation,2022-05-18 07:47:06,2022-05-18 07:47:20
2022-05-18 17:04:18,2022-05-18 17:04:39,Free_Living,annotator,Experimental situation,2022-05-18 07:47:20,2022-05-18 07:47:41
2022-05-18 17:04:39,2022-05-18 17:05:04,Free_Living,annotator,Experimental situation,2022-05-18 07:47:41,2022-05-18 07:48:06
2022-05-18 17:05:04,2022-05-18 17:05:09,Free_Living,annotator,Experimental situation,2022-05-18 07:48:06,2022-05-18 07:48:11
2022-05-18 17:05:09,2022-05-18 17:05:17,Free_Living,annotator,Experimental situation,2022-05-18 07:48:11,2022-05-18 07:48:19
2022-05-18 17:05:17,2022-05-18 17:05:33,Free_Living,annotator,Experimental situation,2022-05-18 07:48:19,2022-05-18 07:48:35
2022-05-18 17:05:33,2022-05-18 17:06:06,Free_Living,annotator,Experimental situation,2022-05-18 07:48:35,2022-05-18 07:49:08
2022-05-18 17:06:06,2022-05-18 17:06:17,Free_Living,annotator,Experimental situation,2022-05-18 07:49:08,2022-05-18 07:49:19
2022-05-18 17:06:17,2022-05-18 17:06:53,Free_Living,annotator,Experimental situation,2022-05-18 07:49:19,2022-05-18 07:49:55
2022-05-18 17:06:53,2022-05-18 17:07:12,Free_Living,annotator,Experimental situation,2022-05-18 07:49:55,2022-05-18 07:50:14
2022-05-18 17:07:12,2022-05-18 17:07:36,Free_Living,annotator,Experimental situation,2022-05-18 07:50:14,2022-05-18 07:50:38
2022-05-18 17:07:36,2022-05-18 17:09:30,Free_Living,annotator,Experimental situation,2022-05-18 07:50:38,2022-05-18 07:52:32
2022-05-18 17:09:30,2022-05-18 17:10:07,Free_Living,annotator,Experimental situation,2022-05-18 07:52:32,2022-05-18 07:53:09
2022-05-18 17:10:07,2022-05-18 17:10:24,Free_Living,annotator,Experimental situation,2022-05-18 07:53:09,2022-05-18 07:53:26
2022-05-18 17:10:24,2022-05-18 17:10:46,Free_Living,annotator,Experimental situation,2022-05-18 07:53:26,2022-05-18 07:53:48
2022-05-18 17:10:46,2022-05-18 17:11:12,Free_Living,annotator,Experimental situation,2022-05-18 07:53:48,2022-05-18 07:54:14
2022-05-18 17:11:12,2022-05-18 17:11:57,Free_Living,annotator,Experimental situation,2022-05-18 07:54:14,2022-05-18 07:54:59
2022-05-18 17:11:57,2022-05-18 17:12:09,Free_Living,annotator,Experimental situation,2022-05-18 07:54:59,2022-05-18 07:55:11
2022-05-18 17:12:09,2022-05-18 17:14:16,Free_Living,annotator,Experimental situation,2022-05-18 07:55:11,2022-05-18 07:57:18
2022-05-18 17:14:16,2022-05-18 17:14:44,Free_Living,annotator,Experimental situation,2022-05-18 07:57:18,2022-05-18 07:57:46
2022-05-18 17:14:44,2022-05-18 17:15:22,Free_Living,annotator,Experimental situation,2022-05-18 07:57:46,2022-05-18 07:58:24
2022-05-18 17:15:22,2022-05-18 17:15:26,Free_Living,annotator,Experimental situation,2022-05-18 07:58:24,2022-05-18 07:58:28
2022-05-18 17:15:26,2022-05-18 17:15:37,Free_Living,annotator,Experimental situation,2022-05-18 07:58:28,2022-05-18 07:58:39
2022-05-18 17:15:37,2022-05-18 17:15:46,Free_Living,annotator,Experimental situation,2022-05-18 07:58:39,2022-05-18 07:58:48
2022-05-18 17:15:48,2022-05-18 17:15:53,Free_Living,annotator,Experimental situation,2022-05-18 07:58:50,2022-05-18 07:58:55
2022-05-18 17:16:01,2022-05-18 17:16:11,Free_Living,annotator,Experimental situation,2022-05-18 07:59:03,2022-05-18 07:59:13
2022-05-18 17:16:01,2022-05-18 17:16:01,Free_Living,annotator,Experimental situation,2022-05-18 07:59:03,2022-05-18 07:59:03
2022-05-18 17:16:11,2022-05-18 17:16:42,Free_Living,annotator,Experimental situation,2022-05-18 07:59:13,2022-05-18 07:59:44
2022-05-18 17:16:42,2022-05-18 17:17:59,Free_Living,annotator,Experimental situation,2022-05-18 07:59:44,2022-05-18 08:01:01
2022-05-18 17:17:59,2022-05-18 17:18:18,Free_Living,annotator,Experimental situation,2022-05-18 08:01:01,2022-05-18 08:01:20
2022-05-18 17:18:18,2022-05-18 17:18:26,Free_Living,annotator,Experimental situation,2022-05-18 08:01:20,2022-05-18 08:01:28
2022-05-18 17:18:26,2022-05-18 17:20:43,Free_Living,annotator,Experimental situation,2022-05-18 08:01:28,2022-05-18 08:03:45
2022-05-18 17:20:43,2022-05-18 17:21:31,Free_Living,annotator,Experimental situation,2022-05-18 08:03:45,2022-05-18 08:04:33
2022-05-18 17:21:31,2022-05-18 17:22:25,Free_Living,annotator,Experimental situation,2022-05-18 08:04:33,2022-05-18 08:05:27
2022-05-18 17:22:25,2022-05-18 17:24:32,Free_Living,annotator,Experimental situation,2022-05-18 08:05:27,2022-05-18 08:07:34
2022-05-18 17:24:32,2022-05-18 17:24:49,Free_Living,annotator,Experimental situation,2022-05-18 08:07:34,2022-05-18 08:07:51
2022-05-18 17:24:49,2022-05-18 17:25:08,Free_Living,annotator,Experimental situation,2022-05-18 08:07:51,2022-05-18 08:08:10
2022-05-18 17:25:08,2022-05-18 17:26:13,Free_Living,annotator,Experimental situation,2022-05-18 08:08:10,2022-05-18 08:09:15
2022-05-18 17:26:13,2022-05-18 17:27:26,Free_Living,annotator,Experimental situation,2022-05-18 08:09:15,2022-05-18 08:10:28
2022-05-18 17:27:26,2022-05-18 17:29:12,Free_Living,annotator,Experimental situation,2022-05-18 08:10:28,2022-05-18 08:12:14
2022-05-18 17:29:12,2022-05-18 17:29:34,Free_Living,annotator,Experimental situation,2022-05-18 08:12:14,2022-05-18 08:12:36
2022-05-18 17:29:34,2022-05-18 17:30:16,Free_Living,annotator,Experimental situation,2022-05-18 08:12:36,2022-05-18 08:13:18
2022-05-18 17:30:16,2022-05-18 17:30:51,Free_Living,annotator,Experimental situation,2022-05-18 08:13:18,2022-05-18 08:13:53
2022-05-18 17:30:51,2022-05-18 17:31:55,Free_Living,annotator,Experimental situation,2022-05-18 08:13:53,2022-05-18 08:14:57
2022-05-18 17:31:55,2022-05-18 17:32:12,Free_Living,annotator,Experimental situation,2022-05-18 08:14:57,2022-05-18 08:15:14
2022-05-18 17:32:12,2022-05-18 17:32:24,Free_Living,annotator,Experimental situation,2022-05-18 08:15:14,2022-05-18 08:15:26
2022-05-18 17:32:24,2022-05-18 17:32:55,Free_Living,annotator,Experimental situation,2022-05-18 08:15:26,2022-05-18 08:15:57
2022-05-18 17:32:55,2022-05-18 17:33:16,Free_Living,annotator,Experimental situation,2022-05-18 08:15:57,2022-05-18 08:16:18
2022-05-18 17:33:16,2022-05-18 17:33:29,Free_Living,annotator,Experimental situation,2022-05-18 08:16:18,2022-05-18 08:16:31
2022-05-18 17:33:29,2022-05-18 17:34:19,Free_Living,annotator,Experimental situation,2022-05-18 08:16:31,2022-05-18 08:17:21
2022-05-18 17:34:19,2022-05-18 17:34:59,Free_Living,annotator,Experimental situation,2022-05-18 08:17:21,2022-05-18 08:18:01
2022-05-18 17:34:59,2022-05-18 17:36:03,Free_Living,annotator,Experimental situation,2022-05-18 08:18:01,2022-05-18 08:19:05
2022-05-18 17:36:03,2022-05-18 17:36:39,Free_Living,annotator,Experimental situation,2022-05-18 08:19:05,2022-05-18 08:19:41
2022-05-18 17:36:39,2022-05-18 17:37:00,Free_Living,annotator,Experimental situation,2022-05-18 08:19:41,2022-05-18 08:20:02
2022-05-18 17:37:00,2022-05-18 17:37:57,Free_Living,annotator,Experimental situation,2022-05-18 08:20:02,2022-05-18 08:20:59
2022-05-18 17:37:57,2022-05-18 17:38:34,Free_Living,annotator,Experimental situation,2022-05-18 08:20:59,2022-05-18 08:21:36
2022-05-18 17:38:34,2022-05-18 17:39:23,Free_Living,annotator,Experimental situation,2022-05-18 08:21:36,2022-05-18 08:22:25
2022-05-18 17:39:23,2022-05-18 17:39:43,Free_Living,annotator,Experimental situation,2022-05-18 08:22:25,2022-05-18 08:22:45
2022-05-18 17:39:43,2022-05-18 17:40:04,Free_Living,annotator,Experimental situation,2022-05-18 08:22:45,2022-05-18 08:23:06
2022-05-18 17:40:04,2022-05-18 17:40:46,Free_Living,annotator,Experimental situation,2022-05-18 08:23:06,2022-05-18 08:23:48
2022-05-18 17:40:46,2022-05-18 17:40:55,Free_Living,annotator,Experimental situation,2022-05-18 08:23:48,2022-05-18 08:23:57
2022-05-18 17:40:55,2022-05-18 17:41:25,Free_Living,annotator,Experimental situation,2022-05-18 08:23:57,2022-05-18 08:24:27
2022-05-18 17:41:25,2022-05-18 17:41:31,Free_Living,annotator,Experimental situation,2022-05-18 08:24:27,2022-05-18 08:24:33
2022-05-18 17:41:31,2022-05-18 17:41:57,Free_Living,annotator,Experimental situation,2022-05-18 08:24:33,2022-05-18 08:24:59
2022-05-18 17:41:57,2022-05-18 17:42:22,Free_Living,annotator,Experimental situation,2022-05-18 08:24:59,2022-05-18 08:25:24
2022-05-18 17:42:22,2022-05-18 17:42:52,Free_Living,annotator,Experimental situation,2022-05-18 08:25:24,2022-05-18 08:25:54
2022-05-18 17:42:52,2022-05-18 17:43:14,Free_Living,annotator,Experimental situation,2022-05-18 08:25:54,2022-05-18 08:26:16
2022-05-18 17:43:14,2022-05-18 17:43:31,Free_Living,annotator,Experimental situation,2022-05-18 08:26:16,2022-05-18 08:26:33
2022-05-18 17:43:31,2022-05-18 17:44:01,Free_Living,annotator,Experimental situation,2022-05-18 08:26:33,2022-05-18 08:27:03
2022-05-18 17:44:01,2022-05-18 17:46:18,Free_Living,annotator,Experimental situation,2022-05-18 08:27:03,2022-05-18 08:29:20
2022-05-18 17:46:18,2022-05-18 17:46:29,Free_Living,annotator,Experimental situation,2022-05-18 08:29:20,2022-05-18 08:29:31
2022-05-18 17:46:29,2022-05-18 17:47:35,Free_Living,annotator,Experimental situation,2022-05-18 08:29:31,2022-05-18 08:30:37
2022-05-18 17:47:35,2022-05-18 17:49:36,Free_Living,annotator,Experimental situation,2022-05-18 08:30:37,2022-05-18 08:32:38
2022-05-18 17:49:36,2022-05-18 17:50:10,Free_Living,annotator,Experimental situation,2022-05-18 08:32:38,2022-05-18 08:33:12
2022-05-18 17:50:10,2022-05-18 17:50:26,Free_Living,annotator,Experimental situation,2022-05-18 08:33:12,2022-05-18 08:33:28
2022-05-18 17:50:26,2022-05-18 17:51:17,Free_Living,annotator,Experimental situation,2022-05-18 08:33:28,2022-05-18 08:34:19
2022-05-18 17:51:18,2022-05-18 17:51:29,Free_Living,annotator,Experimental situation,2022-05-18 08:34:20,2022-05-18 08:34:31
2022-05-18 17:51:29,2022-05-18 17:52:05,Free_Living,annotator,Experimental situation,2022-05-18 08:34:31,2022-05-18 08:35:07
2022-05-18 17:52:05,2022-05-18 17:52:25,Free_Living,annotator,Experimental situation,2022-05-18 08:35:07,2022-05-18 08:35:27
2022-05-18 17:52:25,2022-05-18 17:53:25,Free_Living,annotator,Experimental situation,2022-05-18 08:35:27,2022-05-18 08:36:27
2022-05-18 17:53:25,2022-05-18 17:53:53,Free_Living,annotator,Experimental situation,2022-05-18 08:36:27,2022-05-18 08:36:55
2022-05-18 17:53:53,2022-05-18 17:54:20,Free_Living,annotator,Experimental situation,2022-05-18 08:36:55,2022-05-18 08:37:22
2022-05-18 17:54:20,2022-05-18 17:54:52,Free_Living,annotator,Experimental situation,2022-05-18 08:37:22,2022-05-18 08:37:54
2022-05-18 17:54:52,2022-05-18 17:55:08,Free_Living,annotator,Experimental situation,2022-05-18 08:37:54,2022-05-18 08:38:10
2022-05-18 17:55:08,2022-05-18 17:55:31,Free_Living,annotator,Experimental situation,2022-05-18 08:38:10,2022-05-18 08:38:33
2022-05-18 17:55:31,2022-05-18 17:55:44,Free_Living,annotator,Experimental situation,2022-05-18 08:38:33,2022-05-18 08:38:46
2022-05-18 17:55:44,2022-05-18 17:56:14,Free_Living,annotator,Experimental situation,2022-05-18 08:38:46,2022-05-18 08:39:16
2022-05-18 17:56:14,2022-05-18 17:56:23,Free_Living,annotator,Experimental situation,2022-05-18 08:39:16,2022-05-18 08:39:25
2022-05-18 17:56:23,2022-05-18 17:56:38,Free_Living,annotator,Experimental situation,2022-05-18 08:39:25,2022-05-18 08:39:40
2022-05-18 17:56:38,2022-05-18 17:56:56,Free_Living,annotator,Experimental situation,2022-05-18 08:39:40,2022-05-18 08:39:58
2022-05-18 17:56:56,2022-05-18 17:57:04,Free_Living,annotator,Experimental situation,2022-05-18 08:39:58,2022-05-18 08:40:06
2022-05-18 17:57:04,2022-05-18 17:58:30,Free_Living,annotator,Experimental situation,2022-05-18 08:40:06,2022-05-18 08:41:32
2022-05-18 17:58:30,2022-05-18 17:59:05,Free_Living,annotator,Experimental situation,2022-05-18 08:41:32,2022-05-18 08:42:07
2022-05-18 17:59:05,2022-05-18 17:59:45,Free_Living,annotator,Experimental situation,2022-05-18 08:42:07,2022-05-18 08:42:47
2022-05-18 17:59:45,2022-05-18 18:00:06,Free_Living,annotator,Experimental situation,2022-05-18 08:42:47,2022-05-18 08:43:08
2022-05-18 18:00:06,2022-05-18 18:00:51,Free_Living,annotator,Experimental situation,2022-05-18 08:43:08,2022-05-18 08:43:53
2022-05-18 18:00:51,2022-05-18 18:01:16,Free_Living,annotator,Experimental situation,2022-05-18 08:43:53,2022-05-18 08:44:18
2022-05-18 18:01:16,2022-05-18 18:01:29,Free_Living,annotator,Experimental situation,2022-05-18 08:44:18,2022-05-18 08:44:31
2022-05-18 18:01:29,2022-05-18 18:01:39,Free_Living,annotator,Experimental situation,2022-05-18 08:44:31,2022-05-18 08:44:41
2022-05-18 18:01:39,2022-05-18 18:01:54,Free_Living,annotator,Experimental situation,2022-05-18 08:44:41,2022-05-18 08:44:56
2022-05-18 18:01:54,2022-05-18 18:03:35,Free_Living,annotator,Experimental situation,2022-05-18 08:44:56,2022-05-18 08:46:37
2022-05-18 18:03:35,2022-05-18 18:04:53,Free_Living,annotator,Experimental situation,2022-05-18 08:46:37,2022-05-18 08:47:55
2022-05-18 18:04:53,2022-05-18 18:06:06,Free_Living,annotator,Experimental situation,2022-05-18 08:47:55,2022-05-18 08:49:08
2022-05-18 18:06:06,2022-05-18 18:06:16,Free_Living,annotator,Experimental situation,2022-05-18 08:49:08,2022-05-18 08:49:18
2022-05-18 18:06:16,2022-05-18 18:08:26,Free_Living,annotator,Experimental situation,2022-05-18 08:49:18,2022-05-18 08:51:28
2022-05-18 18:08:26,2022-05-18 18:08:31,Free_Living,annotator,Experimental situation,2022-05-18 08:51:28,2022-05-18 08:51:33
2022-05-18 18:08:31,2022-05-18 18:08:41,Free_Living,annotator,Experimental situation,2022-05-18 08:51:33,2022-05-18 08:51:43
2022-05-18 18:08:41,2022-05-18 18:09:13,Free_Living,annotator,Experimental situation,2022-05-18 08:51:43,2022-05-18 08:52:15
2022-05-18 18:09:13,2022-05-18 18:09:48,Free_Living,annotator,Experimental situation,2022-05-18 08:52:15,2022-05-18 08:52:50
2022-05-18 18:09:48,2022-05-18 18:10:08,Free_Living,annotator,Experimental situation,2022-05-18 08:52:50,2022-05-18 08:53:10
2022-05-18 18:10:08,2022-05-18 18:10:18,Free_Living,annotator,Experimental situation,2022-05-18 08:53:10,2022-05-18 08:53:20
2022-05-18 18:10:18,2022-05-18 18:10:47,Free_Living,annotator,Experimental situation,2022-05-18 08:53:20,2022-05-18 08:53:49
2022-05-18 18:10:47,2022-05-18 18:10:56,Free_Living,annotator,Experimental situation,2022-05-18 08:53:49,2022-05-18 08:53:58
2022-05-18 18:10:56,2022-05-18 18:11:08,Free_Living,annotator,Experimental situation,2022-05-18 08:53:58,2022-05-18 08:54:10
2022-05-18 18:11:08,2022-05-18 18:11:55,Free_Living,annotator,Experimental situation,2022-05-18 08:54:10,2022-05-18 08:54:57
2022-05-18 18:11:55,2022-05-18 18:12:31,Free_Living,annotator,Experimental situation,2022-05-18 08:54:57,2022-05-18 08:55:33
2022-05-18 18:12:31,2022-05-18 18:12:47,Free_Living,annotator,Experimental situation,2022-05-18 08:55:33,2022-05-18 08:55:49
2022-05-18 18:12:47,2022-05-18 18:13:10,Free_Living,annotator,Experimental situation,2022-05-18 08:55:49,2022-05-18 08:56:12
2022-05-18 18:13:10,2022-05-18 18:13:17,Free_Living,annotator,Experimental situation,2022-05-18 08:56:12,2022-05-18 08:56:19
2022-05-18 18:13:17,2022-05-18 18:13:48,Free_Living,annotator,Experimental situation,2022-05-18 08:56:19,2022-05-18 08:56:50
2022-05-18 18:13:48,2022-05-18 18:14:08,Free_Living,annotator,Experimental situation,2022-05-18 08:56:50,2022-05-18 08:57:10
2022-05-18 18:14:08,2022-05-18 18:15:26,Free_Living,annotator,Experimental situation,2022-05-18 08:57:10,2022-05-18 08:58:28
2022-05-18 18:15:26,2022-05-18 18:15:40,Free_Living,annotator,Experimental situation,2022-05-18 08:58:28,2022-05-18 08:58:42
2022-05-18 18:15:40,2022-05-18 18:15:58,Free_Living,annotator,Experimental situation,2022-05-18 08:58:42,2022-05-18 08:59:00
2022-05-18 18:15:58,2022-05-18 18:16:18,Free_Living,annotator,Experimental situation,2022-05-18 08:59:00,2022-05-18 08:59:20
2022-05-18 18:16:18,2022-05-18 18:16:25,Free_Living,annotator,Experimental situation,2022-05-18 08:59:20,2022-05-18 08:59:27
2022-05-18 18:16:25,2022-05-18 18:16:34,Free_Living,annotator,Experimental situation,2022-05-18 08:59:27,2022-05-18 08:59:36
2022-05-18 18:16:34,2022-05-18 18:17:02,Free_Living,annotator,Experimental situation,2022-05-18 08:59:36,2022-05-18 09:00:04
2022-05-18 18:17:02,2022-05-18 18:19:13,Free_Living,annotator,Experimental situation,2022-05-18 09:00:04,2022-05-18 09:02:15
2022-05-18 18:19:13,2022-05-18 18:19:26,Free_Living,annotator,Experimental situation,2022-05-18 09:02:15,2022-05-18 09:02:28
2022-05-18 18:19:26,2022-05-18 18:19:32,Free_Living,annotator,Experimental situation,2022-05-18 09:02:28,2022-05-18 09:02:34
2022-05-18 18:19:32,2022-05-18 18:19:44,Free_Living,annotator,Experimental situation,2022-05-18 09:02:34,2022-05-18 09:02:46
2022-05-18 18:19:44,2022-05-18 18:19:52,Free_Living,annotator,Experimental situation,2022-05-18 09:02:46,2022-05-18 09:02:54
2022-05-18 18:19:52,2022-05-18 18:20:25,Free_Living,annotator,Experimental situation,2022-05-18 09:02:54,2022-05-18 09:03:27
2022-05-18 18:20:25,2022-05-18 18:20:32,Free_Living,annotator,Experimental situation,2022-05-18 09:03:27,2022-05-18 09:03:34
2022-05-18 18:20:32,2022-05-18 18:21:01,Free_Living,annotator,Experimental situation,2022-05-18 09:03:34,2022-05-18 09:04:03
2022-05-18 18:21:01,2022-05-18 18:21:36,Free_Living,annotator,Experimental situation,2022-05-18 09:04:03,2022-05-18 09:04:38
2022-05-18 18:21:36,2022-05-18 18:21:57,Free_Living,annotator,Experimental situation,2022-05-18 09:04:38,2022-05-18 09:04:59
2022-05-18 18:21:57,2022-05-18 18:22:13,Free_Living,annotator,Experimental situation,2022-05-18 09:04:59,2022-05-18 09:05:15
2022-05-18 18:22:13,2022-05-18 18:22:19,Free_Living,annotator,Experimental situation,2022-05-18 09:05:15,2022-05-18 09:05:21
2022-05-18 18:22:19,2022-05-18 18:22:30,Free_Living,annotator,Experimental situation,2022-05-18 09:05:21,2022-05-18 09:05:32
2022-05-18 18:22:36,2022-05-18 18:22:49,Free_Living,annotator,Experimental situation,2022-05-18 09:05:38,2022-05-18 09:05:51
2022-05-18 18:22:49,2022-05-18 18:22:57,Free_Living,annotator,Experimental situation,2022-05-18 09:05:51,2022-05-18 09:05:59
2022-05-18 18:22:57,2022-05-18 18:23:10,Free_Living,annotator,Experimental situation,2022-05-18 09:05:59,2022-05-18 09:06:12
2022-05-18 18:23:10,2022-05-18 18:23:36,Free_Living,annotator,Experimental situation,2022-05-18 09:06:12,2022-05-18 09:06:38
2022-05-18 18:23:36,2022-05-18 18:23:52,Free_Living,annotator,Experimental situation,2022-05-18 09:06:38,2022-05-18 09:06:54
2022-05-18 18:23:52,2022-05-18 18:24:14,Free_Living,annotator,Experimental situation,2022-05-18 09:06:54,2022-05-18 09:07:16
2022-05-18 18:24:14,2022-05-18 18:24:45,Free_Living,annotator,Experimental situation,2022-05-18 09:07:16,2022-05-18 09:07:47
2022-05-18 18:24:45,2022-05-18 18:26:11,Free_Living,annotator,Experimental situation,2022-05-18 09:07:47,2022-05-18 09:09:13
2022-05-18 18:26:11,2022-05-18 18:26:19,Free_Living,annotator,Experimental situation,2022-05-18 09:09:13,2022-05-18 09:09:21
2022-05-18 18:26:19,2022-05-18 18:26:39,Free_Living,annotator,Experimental situation,2022-05-18 09:09:21,2022-05-18 09:09:41
2022-05-18 18:26:39,2022-05-18 18:28:40,Free_Living,annotator,Experimental situation,2022-05-18 09:09:41,2022-05-18 09:11:42
2022-05-18 18:28:40,2022-05-18 18:28:53,Free_Living,annotator,Experimental situation,2022-05-18 09:11:42,2022-05-18 09:11:55
2022-05-18 18:28:53,2022-05-18 18:29:03,Free_Living,annotator,Experimental situation,2022-05-18 09:11:55,2022-05-18 09:12:05
2022-05-18 18:29:03,2022-05-18 18:29:59,Free_Living,annotator,Experimental situation,2022-05-18 09:12:05,2022-05-18 09:13:01
2022-05-18 18:29:59,2022-05-18 18:30:05,Free_Living,annotator,Experimental situation,2022-05-18 09:13:01,2022-05-18 09:13:07
2022-05-18 18:30:05,2022-05-18 18:30:28,Free_Living,annotator,Experimental situation,2022-05-18 09:13:07,2022-05-18 09:13:30
2022-05-18 18:30:28,2022-05-18 18:30:35,Free_Living,annotator,Experimental situation,2022-05-18 09:13:30,2022-05-18 09:13:37
2022-05-18 18:30:35,2022-05-18 18:31:29,Free_Living,annotator,Experimental situation,2022-05-18 09:13:37,2022-05-18 09:14:31
2022-05-18 18:31:29,2022-05-18 18:31:33,Free_Living,annotator,Experimental situation,2022-05-18 09:14:31,2022-05-18 09:14:35
2022-05-18 18:31:33,2022-05-18 18:31:34,Free_Living,annotator,Experimental situation,2022-05-18 09:14:35,2022-05-18 09:14:36
2022-05-18 18:31:34,2022-05-18 18:32:29,Free_Living,annotator,Experimental situation,2022-05-18 09:14:36,2022-05-18 09:15:31
2022-05-18 18:32:29,2022-05-18 18:32:38,Free_Living,annotator,Experimental situation,2022-05-18 09:15:31,2022-05-18 09:15:40
2022-05-18 18:32:38,2022-05-18 18:32:57,Free_Living,annotator,Experimental situation,2022-05-18 09:15:40,2022-05-18 09:15:59
2022-05-18 18:32:57,2022-05-18 18:33:01,Free_Living,annotator,Experimental situation,2022-05-18 09:15:59,2022-05-18 09:16:03
2022-05-18 18:33:01,2022-05-18 18:33:33,Free_Living,annotator,Experimental situation,2022-05-18 09:16:03,2022-05-18 09:16:35
2022-05-18 18:33:33,2022-05-18 18:33:45,Free_Living,annotator,Experimental situation,2022-05-18 09:16:35,2022-05-18 09:16:47
2022-05-18 18:33:45,2022-05-18 18:36:55,Free_Living,annotator,Experimental situation,2022-05-18 09:16:47,2022-05-18 09:19:57
2022-05-18 18:36:55,2022-05-18 18:36:55,Free_Living,annotator,Experimental situation,2022-05-18 09:19:57,2022-05-18 09:19:57
2022-05-18 18:36:57,2022-05-18 18:37:17,Free_Living,annotator,Experimental situation,2022-05-18 09:19:59,2022-05-18 09:20:19
2022-05-18 18:37:17,2022-05-18 18:37:46,Free_Living,annotator,Experimental situation,2022-05-18 09:20:19,2022-05-18 09:20:48
2022-05-18 18:37:17,2022-05-18 18:37:17,Free_Living,annotator,Experimental situation,2022-05-18 09:20:19,2022-05-18 09:20:19
2022-05-18 18:37:47,2022-05-18 18:44:02,Free_Living,annotator,Experimental situation,2022-05-18 09:20:49,2022-05-18 09:27:04
2022-05-18 18:44:02,2022-05-18 18:44:11,Free_Living,annotator,Experimental situation,2022-05-18 09:27:04,2022-05-18 09:27:13
2022-05-18 18:44:13,2022-05-18 18:48:15,Free_Living,annotator,Experimental situation,2022-05-18 09:27:15,2022-05-18 09:31:17
2022-05-18 18:48:15,2022-05-18 18:56:00,Free_Living,annotator,Experimental situation,2022-05-18 09:31:17,2022-05-18 09:39:02
2022-05-18 18:56:04,2022-05-18 18:56:29,Free_Living,annotator,Experimental situation,2022-05-18 09:39:06,2022-05-18 09:39:31
2022-05-18 18:56:29,2022-05-18 18:56:48,Free_Living,annotator,Experimental situation,2022-05-18 09:39:31,2022-05-18 09:39:50
2022-05-18 18:56:48,2022-05-18 18:57:25,Free_Living,annotator,Experimental situation,2022-05-18 09:39:50,2022-05-18 09:40:27
2022-05-18 18:57:25,2022-05-18 18:57:58,Free_Living,annotator,Experimental situation,2022-05-18 09:40:27,2022-05-18 09:41:00
2022-05-18 18:58:00,2022-05-18 18:58:20,Free_Living,annotator,Experimental situation,2022-05-18 09:41:02,2022-05-18 09:41:22
2022-05-18 18:58:20,2022-05-18 19:00:29,Free_Living,annotator,Experimental situation,2022-05-18 09:41:22,2022-05-18 09:43:31
2022-05-18 19:00:29,2022-05-18 19:00:29,Free_Living,annotator,Experimental situation,2022-05-18 09:43:31,2022-05-18 09:43:31
2022-05-18 19:00:33,2022-05-18 19:07:01,Free_Living,annotator,Experimental situation,2022-05-18 09:43:35,2022-05-18 09:50:03
2022-05-18 19:07:01,2022-05-18 19:07:01,Free_Living,annotator,Experimental situation,2022-05-18 09:50:03,2022-05-18 09:50:03
2022-05-18 19:07:01,2022-05-18 19:07:41,Free_Living,annotator,Experimental situation,2022-05-18 09:50:03,2022-05-18 09:50:43
2022-05-18 19:07:41,2022-05-18 19:09:14,Free_Living,annotator,Experimental situation,2022-05-18 09:50:43,2022-05-18 09:52:16
2022-05-18 19:09:14,2022-05-18 19:10:34,Free_Living,annotator,Experimental situation,2022-05-18 09:52:16,2022-05-18 09:53:36
2022-05-18 19:10:38,2022-05-18 19:12:48,Free_Living,annotator,Experimental situation,2022-05-18 09:53:40,2022-05-18 09:55:50
2022-05-18 19:11:12,2022-05-18 19:11:12,Free_Living,annotator,Experimental situation,2022-05-18 09:54:14,2022-05-18 09:54:14
2022-05-18 19:12:48,2022-05-18 19:13:05,Free_Living,annotator,Experimental situation,2022-05-18 09:55:50,2022-05-18 09:56:07
2022-05-18 19:13:05,2022-05-18 19:13:30,Free_Living,annotator,Experimental situation,2022-05-18 09:56:07,2022-05-18 09:56:32
2022-05-18 19:13:30,2022-05-18 19:14:09,Free_Living,annotator,Experimental situation,2022-05-18 09:56:32,2022-05-18 09:57:11
2022-05-18 19:14:09,2022-05-18 19:14:22,Free_Living,annotator,Experimental situation,2022-05-18 09:57:11,2022-05-18 09:57:24
2022-05-18 19:14:22,2022-05-18 19:14:40,Free_Living,annotator,Experimental situation,2022-05-18 09:57:24,2022-05-18 09:57:42
2022-05-18 19:14:40,2022-05-18 19:15:24,Free_Living,annotator,Experimental situation,2022-05-18 09:57:42,2022-05-18 09:58:26
2022-05-18 19:15:28,2022-05-18 19:28:32,Free_Living,annotator,Experimental situation,2022-05-18 09:58:30,2022-05-18 10:11:34
2022-05-18 19:28:31,2022-05-18 19:28:32,Free_Living,annotator,Experimental situation,2022-05-18 10:11:33,2022-05-18 10:11:34
2022-05-18 19:28:32,2022-05-18 19:32:27,Free_Living,annotator,Experimental situation,2022-05-18 10:11:34,2022-05-18 10:15:29
2022-05-18 19:32:27,2022-05-18 19:33:42,Free_Living,annotator,Experimental situation,2022-05-18 10:15:29,2022-05-18 10:16:44
2022-05-18 19:33:42,2022-05-18 19:38:05,Free_Living,annotator,Experimental situation,2022-05-18 10:16:44,2022-05-18 10:21:07
2022-05-18 19:38:05,2022-05-18 19:38:33,Free_Living,annotator,Experimental situation,2022-05-18 10:21:07,2022-05-18 10:21:35
2022-05-18 19:38:33,2022-05-18 19:50:02,Free_Living,annotator,Experimental situation,2022-05-18 10:21:35,2022-05-18 10:33:04
2022-05-18 19:50:02,2022-05-18 19:53:16,Free_Living,annotator,Experimental situation,2022-05-18 10:33:04,2022-05-18 10:36:18
2022-05-18 19:53:16,2022-05-18 19:53:50,Free_Living,annotator,Experimental situation,2022-05-18 10:36:18,2022-05-18 10:36:52
2022-05-18 19:53:50,2022-05-18 19:54:04,Free_Living,annotator,Experimental situation,2022-05-18 10:36:52,2022-05-18 10:37:06
2022-05-18 19:54:04,2022-05-18 19:54:14,Free_Living,annotator,Experimental situation,2022-05-18 10:37:06,2022-05-18 10:37:16
2022-05-18 19:54:14,2022-05-18 19:54:23,Free_Living,annotator,Experimental situation,2022-05-18 10:37:16,2022-05-18 10:37:25
2022-05-18 19:54:23,2022-05-18 19:59:45,Free_Living,annotator,Experimental situation,2022-05-18 10:37:25,2022-05-18 10:42:47
2022-05-18 19:59:45,2022-05-18 20:00:19,Free_Living,annotator,Experimental situation,2022-05-18 10:42:47,2022-05-18 10:43:21
2022-05-18 20:00:19,2022-05-18 20:00:36,Free_Living,annotator,Experimental situation,2022-05-18 10:43:21,2022-05-18 10:43:38
2022-05-18 20:00:36,2022-05-18 20:01:09,Free_Living,annotator,Experimental situation,2022-05-18 10:43:38,2022-05-18 10:44:11
2022-05-18 20:01:09,2022-05-18 20:01:33,Free_Living,annotator,Experimental situation,2022-05-18 10:44:11,2022-05-18 10:44:35
2022-05-18 20:01:33,2022-05-18 20:01:41,Free_Living,annotator,Experimental situation,2022-05-18 10:44:35,2022-05-18 10:44:43
2022-05-18 20:01:41,2022-05-18 20:01:59,Free_Living,annotator,Experimental situation,2022-05-18 10:44:43,2022-05-18 10:45:01
2022-05-18 20:01:59,2022-05-18 20:02:55,Free_Living,annotator,Experimental situation,2022-05-18 10:45:01,2022-05-18 10:45:57
2022-05-18 20:02:55,2022-05-18 20:04:13,Free_Living,annotator,Experimental situation,2022-05-18 10:45:57,2022-05-18 10:47:15
2022-05-18 20:04:13,2022-05-18 20:04:24,Free_Living,annotator,Experimental situation,2022-05-18 10:47:15,2022-05-18 10:47:26
2022-05-18 20:04:24,2022-05-18 20:04:33,Free_Living,annotator,Experimental situation,2022-05-18 10:47:26,2022-05-18 10:47:35
2022-05-18 20:04:33,2022-05-18 20:04:40,Free_Living,annotator,Experimental situation,2022-05-18 10:47:35,2022-05-18 10:47:42
2022-05-18 20:04:40,2022-05-18 20:05:19,Free_Living,annotator,Experimental situation,2022-05-18 10:47:42,2022-05-18 10:48:21
2022-05-18 20:05:19,2022-05-18 20:07:53,Free_Living,annotator,Experimental situation,2022-05-18 10:48:21,2022-05-18 10:50:55
2022-05-18 20:07:53,2022-05-18 20:08:04,Free_Living,annotator,Experimental situation,2022-05-18 10:50:55,2022-05-18 10:51:06
2022-05-18 20:08:04,2022-05-18 20:09:41,Free_Living,annotator,Experimental situation,2022-05-18 10:51:06,2022-05-18 10:52:43
2022-05-18 20:09:41,2022-05-18 20:09:46,Free_Living,annotator,Experimental situation,2022-05-18 10:52:43,2022-05-18 10:52:48
2022-05-18 20:09:46,2022-05-18 20:09:59,Free_Living,annotator,Experimental situation,2022-05-18 10:52:48,2022-05-18 10:53:01
2022-05-18 20:09:59,2022-05-18 20:10:05,Free_Living,annotator,Experimental situation,2022-05-18 10:53:01,2022-05-18 10:53:07
2022-05-18 20:10:05,2022-05-18 20:10:15,Free_Living,annotator,Experimental situation,2022-05-18 10:53:07,2022-05-18 10:53:17
2022-05-18 20:10:15,2022-05-18 20:11:02,Free_Living,annotator,Experimental situation,2022-05-18 10:53:17,2022-05-18 10:54:04
2022-05-18 20:11:02,2022-05-18 20:11:16,Free_Living,annotator,Experimental situation,2022-05-18 10:54:04,2022-05-18 10:54:18
2022-05-18 20:11:16,2022-05-18 20:11:28,Free_Living,annotator,Experimental situation,2022-05-18 10:54:18,2022-05-18 10:54:30
2022-05-18 20:11:28,2022-05-18 20:11:38,Free_Living,annotator,Experimental situation,2022-05-18 10:54:30,2022-05-18 10:54:40
2022-05-18 20:11:38,2022-05-18 20:11:43,Free_Living,annotator,Experimental situation,2022-05-18 10:54:40,2022-05-18 10:54:45
2022-05-18 20:11:43,2022-05-18 20:12:31,Free_Living,annotator,Experimental situation,2022-05-18 10:54:45,2022-05-18 10:55:33
2022-05-18 20:12:31,2022-05-18 20:12:47,Free_Living,annotator,Experimental situation,2022-05-18 10:55:33,2022-05-18 10:55:49
2022-05-18 20:12:47,2022-05-18 20:13:40,Free_Living,annotator,Experimental situation,2022-05-18 10:55:49,2022-05-18 10:56:42
2022-05-18 20:13:40,2022-05-18 20:13:44,Free_Living,annotator,Experimental situation,2022-05-18 10:56:42,2022-05-18 10:56:46
2022-05-18 20:13:44,2022-05-18 20:14:12,Free_Living,annotator,Experimental situation,2022-05-18 10:56:46,2022-05-18 10:57:14
2022-05-18 20:14:12,2022-05-18 20:14:25,Free_Living,annotator,Experimental situation,2022-05-18 10:57:14,2022-05-18 10:57:27
2022-05-18 20:14:25,2022-05-18 20:14:41,Free_Living,annotator,Experimental situation,2022-05-18 10:57:27,2022-05-18 10:57:43
2022-05-18 20:14:41,2022-05-18 20:14:51,Free_Living,annotator,Experimental situation,2022-05-18 10:57:43,2022-05-18 10:57:53
2022-05-18 20:14:51,2022-05-18 20:14:59,Free_Living,annotator,Experimental situation,2022-05-18 10:57:53,2022-05-18 10:58:01
2022-05-18 20:14:59,2022-05-18 20:18:36,Free_Living,annotator,Experimental situation,2022-05-18 10:58:01,2022-05-18 11:01:38
2022-05-18 20:18:36,2022-05-18 20:18:41,Free_Living,annotator,Experimental situation,2022-05-18 11:01:38,2022-05-18 11:01:43
2022-05-18 20:18:41,2022-05-18 20:18:52,Free_Living,annotator,Experimental situation,2022-05-18 11:01:43,2022-05-18 11:01:54
2022-05-18 20:18:52,2022-05-18 20:22:55,Free_Living,annotator,Experimental situation,2022-05-18 11:01:54,2022-05-18 11:05:57
2022-05-18 20:22:55,2022-05-18 20:23:48,Free_Living,annotator,Experimental situation,2022-05-18 11:05:57,2022-05-18 11:06:50
2022-05-18 20:23:48,2022-05-18 20:23:55,Free_Living,annotator,Experimental situation,2022-05-18 11:06:50,2022-05-18 11:06:57
2022-05-18 20:23:55,2022-05-18 20:24:04,Free_Living,annotator,Experimental situation,2022-05-18 11:06:57,2022-05-18 11:07:06
2022-05-18 20:24:04,2022-05-18 20:24:28,Free_Living,annotator,Experimental situation,2022-05-18 11:07:06,2022-05-18 11:07:30
2022-05-18 20:24:28,2022-05-18 20:24:57,Free_Living,annotator,Experimental situation,2022-05-18 11:07:30,2022-05-18 11:07:59
2022-05-18 20:24:57,2022-05-18 20:25:35,Free_Living,annotator,Experimental situation,2022-05-18 11:07:59,2022-05-18 11:08:37
2022-05-18 20:25:35,2022-05-18 20:25:59,Free_Living,annotator,Experimental situation,2022-05-18 11:08:37,2022-05-18 11:09:01
2022-05-18 20:25:59,2022-05-18 20:27:01,Free_Living,annotator,Experimental situation,2022-05-18 11:09:01,2022-05-18 11:10:03
2022-05-18 20:27:01,2022-05-18 20:27:37,Free_Living,annotator,Experimental situation,2022-05-18 11:10:03,2022-05-18 11:10:39
2022-05-18 20:27:37,2022-05-18 20:27:59,Free_Living,annotator,Experimental situation,2022-05-18 11:10:39,2022-05-18 11:11:01
2022-05-18 20:27:59,2022-05-18 20:28:26,Free_Living,annotator,Experimental situation,2022-05-18 11:11:01,2022-05-18 11:11:28
2022-05-18 20:28:26,2022-05-18 20:28:50,Free_Living,annotator,Experimental situation,2022-05-18 11:11:28,2022-05-18 11:11:52
2022-05-18 20:28:50,2022-05-18 20:29:12,Free_Living,annotator,Experimental situation,2022-05-18 11:11:52,2022-05-18 11:12:14
2022-05-18 20:29:12,2022-05-18 20:29:41,Free_Living,annotator,Experimental situation,2022-05-18 11:12:14,2022-05-18 11:12:43
2022-05-18 20:29:41,2022-05-18 20:29:53,Free_Living,annotator,Experimental situation,2022-05-18 11:12:43,2022-05-18 11:12:55
2022-05-18 20:29:53,2022-05-18 20:30:51,Free_Living,annotator,Experimental situation,2022-05-18 11:12:55,2022-05-18 11:13:53
2022-05-18 20:30:51,2022-05-18 20:31:19,Free_Living,annotator,Experimental situation,2022-05-18 11:13:53,2022-05-18 11:14:21
2022-05-18 20:31:19,2022-05-18 20:31:43,Free_Living,annotator,Experimental situation,2022-05-18 11:14:21,2022-05-18 11:14:45
2022-05-18 20:31:43,2022-05-18 20:32:03,Free_Living,annotator,Experimental situation,2022-05-18 11:14:45,2022-05-18 11:15:05
2022-05-18 20:32:03,2022-05-18 20:32:11,Free_Living,annotator,Experimental situation,2022-05-18 11:15:05,2022-05-18 11:15:13
2022-05-18 20:32:11,2022-05-18 20:33:00,Free_Living,annotator,Experimental situation,2022-05-18 11:15:13,2022-05-18 11:16:02
2022-05-18 20:33:00,2022-05-18 20:33:32,Free_Living,annotator,Experimental situation,2022-05-18 11:16:02,2022-05-18 11:16:34
2022-05-18 20:33:32,2022-05-18 20:33:54,Free_Living,annotator,Experimental situation,2022-05-18 11:16:34,2022-05-18 11:16:56
2022-05-18 20:33:54,2022-05-18 20:34:20,Free_Living,annotator,Experimental situation,2022-05-18 11:16:56,2022-05-18 11:17:22
2022-05-18 20:34:20,2022-05-18 20:34:29,Free_Living,annotator,Experimental situation,2022-05-18 11:17:22,2022-05-18 11:17:31
2022-05-18 20:34:29,2022-05-18 20:34:42,Free_Living,annotator,Experimental situation,2022-05-18 11:17:31,2022-05-18 11:17:44
2022-05-18 20:34:42,2022-05-18 20:34:46,Free_Living,annotator,Experimental situation,2022-05-18 11:17:44,2022-05-18 11:17:48
2022-05-18 20:34:46,2022-05-18 20:35:00,Free_Living,annotator,Experimental situation,2022-05-18 11:17:48,2022-05-18 11:18:02
2022-05-18 20:35:00,2022-05-18 20:35:15,Free_Living,annotator,Experimental situation,2022-05-18 11:18:02,2022-05-18 11:18:17
2022-05-18 20:35:15,2022-05-18 20:35:23,Free_Living,annotator,Experimental situation,2022-05-18 11:18:17,2022-05-18 11:18:25
2022-05-18 20:35:23,2022-05-18 20:35:30,Free_Living,annotator,Experimental situation,2022-05-18 11:18:25,2022-05-18 11:18:32
2022-05-18 20:35:30,2022-05-18 20:36:02,Free_Living,annotator,Experimental situation,2022-05-18 11:18:32,2022-05-18 11:19:04
2022-05-18 20:36:02,2022-05-18 20:36:17,Free_Living,annotator,Experimental situation,2022-05-18 11:19:04,2022-05-18 11:19:19
2022-05-18 20:36:17,2022-05-18 20:36:41,Free_Living,annotator,Experimental situation,2022-05-18 11:19:19,2022-05-18 11:19:43
2022-05-18 20:36:41,2022-05-18 20:37:11,Free_Living,annotator,Experimental situation,2022-05-18 11:19:43,2022-05-18 11:20:13
2022-05-18 20:37:11,2022-05-18 20:37:20,Free_Living,annotator,Experimental situation,2022-05-18 11:20:13,2022-05-18 11:20:22
2022-05-18 20:37:20,2022-05-18 20:37:30,Free_Living,annotator,Experimental situation,2022-05-18 11:20:22,2022-05-18 11:20:32
2022-05-18 20:37:30,2022-05-18 20:37:48,Free_Living,annotator,Experimental situation,2022-05-18 11:20:32,2022-05-18 11:20:50
2022-05-18 20:37:48,2022-05-18 20:39:18,Free_Living,annotator,Experimental situation,2022-05-18 11:20:50,2022-05-18 11:22:20
2022-05-18 20:39:18,2022-05-18 20:46:03,Free_Living,annotator,Experimental situation,2022-05-18 11:22:20,2022-05-18 11:29:05
2022-05-18 20:46:03,2022-05-18 20:47:34,Free_Living,annotator,Experimental situation,2022-05-18 11:29:05,2022-05-18 11:30:36
2022-05-18 20:47:34,2022-05-18 20:47:56,Free_Living,annotator,Experimental situation,2022-05-18 11:30:36,2022-05-18 11:30:58
2022-05-18 20:47:56,2022-05-18 20:48:32,Free_Living,annotator,Experimental situation,2022-05-18 11:30:58,2022-05-18 11:31:34
2022-05-18 20:48:32,2022-05-18 20:48:49,Free_Living,annotator,Experimental situation,2022-05-18 11:31:34,2022-05-18 11:31:51
2022-05-18 20:48:49,2022-05-18 20:48:55,Free_Living,annotator,Experimental situation,2022-05-18 11:31:51,2022-05-18 11:31:57
2022-05-18 20:48:55,2022-05-18 20:49:21,Free_Living,annotator,Experimental situation,2022-05-18 11:31:57,2022-05-18 11:32:23
2022-05-18 20:49:21,2022-05-18 20:50:00,Free_Living,annotator,Experimental situation,2022-05-18 11:32:23,2022-05-18 11:33:02
2022-05-18 20:50:00,2022-05-18 20:50:28,Free_Living,annotator,Experimental situation,2022-05-18 11:33:02,2022-05-18 11:33:30
2022-05-18 20:50:28,2022-05-18 20:52:02,Free_Living,annotator,Experimental situation,2022-05-18 11:33:30,2022-05-18 11:35:04
2022-05-18 20:52:02,2022-05-18 20:54:28,Free_Living,annotator,Experimental situation,2022-05-18 11:35:04,2022-05-18 11:37:30
2022-05-18 20:54:28,2022-05-18 20:54:36,Free_Living,annotator,Experimental situation,2022-05-18 11:37:30,2022-05-18 11:37:38
2022-05-18 20:54:36,2022-05-18 20:54:54,Free_Living,annotator,Experimental situation,2022-05-18 11:37:38,2022-05-18 11:37:56
2022-05-18 20:54:54,2022-05-18 20:54:54,Free_Living,annotator,Experimental situation,2022-05-18 11:37:56,2022-05-18 11:37:56
2022-05-18 20:54:54,2022-05-18 21:03:17,Free_Living,annotator,Experimental situation,2022-05-18 11:37:56,2022-05-18 11:46:19
2022-05-18 21:03:17,2022-05-18 21:03:43,Free_Living,annotator,Experimental situation,2022-05-18 11:46:19,2022-05-18 11:46:45
2022-05-18 21:03:43,2022-05-18 21:08:21,Free_Living,annotator,Experimental situation,2022-05-18 11:46:45,2022-05-18 11:51:23
2022-05-18 21:08:21,2022-05-18 21:08:34,Free_Living,annotator,Experimental situation,2022-05-18 11:51:23,2022-05-18 11:51:36
2022-05-18 21:08:36,2022-05-18 21:08:47,Free_Living,annotator,Experimental situation,2022-05-18 11:51:38,2022-05-18 11:51:49
2022-05-18 21:08:47,2022-05-18 21:09:22,Free_Living,annotator,Experimental situation,2022-05-18 11:51:49,2022-05-18 11:52:24
2022-05-18 21:09:22,2022-05-18 21:09:32,Free_Living,annotator,Experimental situation,2022-05-18 11:52:24,2022-05-18 11:52:34
2022-05-18 21:09:32,2022-05-18 21:09:41,Free_Living,annotator,Experimental situation,2022-05-18 11:52:34,2022-05-18 11:52:43
2022-05-18 21:09:41,2022-05-18 21:09:56,Free_Living,annotator,Experimental situation,2022-05-18 11:52:43,2022-05-18 11:52:58
2022-05-18 21:09:56,2022-05-18 21:10:24,Free_Living,annotator,Experimental situation,2022-05-18 11:52:58,2022-05-18 11:53:26
2022-05-18 21:10:24,2022-05-18 21:11:02,Free_Living,annotator,Experimental situation,2022-05-18 11:53:26,2022-05-18 11:54:04
2022-05-18 21:11:02,2022-05-18 21:16:44,Free_Living,annotator,Experimental situation,2022-05-18 11:54:04,2022-05-18 11:59:46
2022-05-18 21:16:44,2022-05-18 21:17:32,Free_Living,annotator,Experimental situation,2022-05-18 11:59:46,2022-05-18 12:00:34
2022-05-18 21:17:32,2022-05-18 21:17:37,Free_Living,annotator,Experimental situation,2022-05-18 12:00:34,2022-05-18 12:00:39
2022-05-18 21:17:37,2022-05-18 21:18:45,Free_Living,annotator,Experimental situation,2022-05-18 12:00:39,2022-05-18 12:01:47
2022-05-18 21:18:45,2022-05-18 21:29:22,Free_Living,annotator,Experimental situation,2022-05-18 12:01:47,2022-05-18 12:12:24
2022-05-18 21:29:22,2022-05-18 21:29:32,Free_Living,annotator,Experimental situation,2022-05-18 12:12:24,2022-05-18 12:12:34
2022-05-18 21:29:32,2022-05-18 21:47:13,Free_Living,annotator,Experimental situation,2022-05-18 12:12:34,2022-05-18 12:30:15
2022-05-18 21:47:13,2022-05-18 21:54:59,Free_Living,annotator,Experimental situation,2022-05-18 12:30:15,2022-05-18 12:38:01
2022-05-18 21:54:59,2022-05-18 22:01:52,Free_Living,annotator,Experimental situation,2022-05-18 12:38:01,2022-05-18 12:44:54
2022-05-18 22:01:52,2022-05-18 22:02:24,Free_Living,annotator,Experimental situation,2022-05-18 12:44:54,2022-05-18 12:45:26
2022-05-18 22:02:24,2022-05-18 22:05:18,Free_Living,annotator,Experimental situation,2022-05-18 12:45:26,2022-05-18 12:48:20
2022-05-18 22:05:18,2022-05-18 22:05:34,Free_Living,annotator,Experimental situation,2022-05-18 12:48:20,2022-05-18 12:48:36
2022-05-18 22:05:34,2022-05-18 22:07:29,Free_Living,annotator,Experimental situation,2022-05-18 12:48:36,2022-05-18 12:50:31
2022-05-18 22:07:29,2022-05-18 22:07:41,Free_Living,annotator,Experimental situation,2022-05-18 12:50:31,2022-05-18 12:50:43
2022-05-18 22:07:41,2022-05-18 22:10:37,Free_Living,annotator,Experimental situation,2022-05-18 12:50:43,2022-05-18 12:53:39
2022-05-18 22:10:37,2022-05-18 22:11:47,Free_Living,annotator,Experimental situation,2022-05-18 12:53:39,2022-05-18 12:54:49
2022-05-18 22:11:47,2022-05-18 22:12:04,Free_Living,annotator,Experimental situation,2022-05-18 12:54:49,2022-05-18 12:55:06
2022-05-18 22:12:04,2022-05-18 22:12:45,Free_Living,annotator,Experimental situation,2022-05-18 12:55:06,2022-05-18 12:55:47
2022-05-18 22:12:45,2022-05-18 22:13:02,Free_Living,annotator,Experimental situation,2022-05-18 12:55:47,2022-05-18 12:56:04
2022-05-18 22:13:02,2022-05-18 22:13:15,Free_Living,annotator,Experimental situation,2022-05-18 12:56:04,2022-05-18 12:56:17
2022-05-18 22:13:15,2022-05-18 22:23:42,Free_Living,annotator,Experimental situation,2022-05-18 12:56:17,2022-05-18 13:06:44
2022-05-18 22:23:42,2022-05-18 22:23:50,Free_Living,annotator,Experimental situation,2022-05-18 13:06:44,2022-05-18 13:06:52
2022-05-18 22:23:50,2022-05-18 22:24:00,Free_Living,annotator,Experimental situation,2022-05-18 13:06:52,2022-05-18 13:07:02
2022-05-18 22:24:00,2022-05-18 22:24:08,Free_Living,annotator,Experimental situation,2022-05-18 13:07:02,2022-05-18 13:07:10
2022-05-18 22:24:08,2022-05-18 22:24:14,Free_Living,annotator,Experimental situation,2022-05-18 13:07:10,2022-05-18 13:07:16
2022-05-18 22:24:14,2022-05-18 22:25:35,Free_Living,annotator,Experimental situation,2022-05-18 13:07:16,2022-05-18 13:08:37
2022-05-18 22:25:35,2022-05-18 22:26:01,Free_Living,annotator,Experimental situation,2022-05-18 13:08:37,2022-05-18 13:09:03
2022-05-18 22:26:01,2022-05-18 22:26:17,Free_Living,annotator,Experimental situation,2022-05-18 13:09:03,2022-05-18 13:09:19
2022-05-18 22:26:17,2022-05-18 22:26:28,Free_Living,annotator,Experimental situation,2022-05-18 13:09:19,2022-05-18 13:09:30
2022-05-18 22:26:28,2022-05-18 22:26:48,Free_Living,annotator,Experimental situation,2022-05-18 13:09:30,2022-05-18 13:09:50
2022-05-18 22:26:48,2022-05-18 22:27:30,Free_Living,annotator,Experimental situation,2022-05-18 13:09:50,2022-05-18 13:10:32
2022-05-18 22:27:30,2022-05-18 22:27:49,Free_Living,annotator,Experimental situation,2022-05-18 13:10:32,2022-05-18 13:10:51
2022-05-18 22:27:49,2022-05-18 22:28:09,Free_Living,annotator,Experimental situation,2022-05-18 13:10:51,2022-05-18 13:11:11
2022-05-18 22:28:09,2022-05-18 22:28:44,Free_Living,annotator,Experimental situation,2022-05-18 13:11:11,2022-05-18 13:11:46
2022-05-18 22:28:46,2022-05-18 22:31:24,Free_Living,annotator,Experimental situation,2022-05-18 13:11:48,2022-05-18 13:14:26
2022-05-18 22:39:06,2022-05-18 22:42:04,Free_Living,annotator,Experimental situation,2022-05-18 13:22:08,2022-05-18 13:25:06
2022-05-18 22:42:04,2022-05-18 22:42:50,Free_Living,annotator,Experimental situation,2022-05-18 13:25:06,2022-05-18 13:25:52
2022-05-18 22:42:04,2022-05-18 22:42:04,Free_Living,annotator,Experimental situation,2022-05-18 13:25:06,2022-05-18 13:25:06
2022-05-18 22:42:43,2022-05-18 22:42:43,Free_Living,annotator,Experimental situation,2022-05-18 13:25:45,2022-05-18 13:25:45
2022-05-18 22:42:43,2022-05-18 22:42:43,Free_Living,annotator,Experimental situation,2022-05-18 13:25:45,2022-05-18 13:25:45
2022-05-18 22:42:50,2022-05-18 22:43:12,Free_Living,annotator,Experimental situation,2022-05-18 13:25:52,2022-05-18 13:26:14
2022-05-18 22:43:12,2022-05-18 22:43:50,Free_Living,annotator,Experimental situation,2022-05-18 13:26:14,2022-05-18 13:26:52
2022-05-18 22:43:50,2022-05-18 22:44:06,Free_Living,annotator,Experimental situation,2022-05-18 13:26:52,2022-05-18 13:27:08
2022-05-18 22:44:06,2022-05-18 22:44:32,Free_Living,annotator,Experimental situation,2022-05-18 13:27:08,2022-05-18 13:27:34
2022-05-18 22:44:32,2022-05-18 22:44:39,Free_Living,annotator,Experimental situation,2022-05-18 13:27:34,2022-05-18 13:27:41
2022-05-18 22:44:39,2022-05-18 22:44:59,Free_Living,annotator,Experimental situation,2022-05-18 13:27:41,2022-05-18 13:28:01
2022-05-18 22:44:59,2022-05-18 22:45:09,Free_Living,annotator,Experimental situation,2022-05-18 13:28:01,2022-05-18 13:28:11
2022-05-18 22:45:09,2022-05-18 23:13:03,Free_Living,annotator,Experimental situation,2022-05-18 13:28:11,2022-05-18 13:56:05
2022-05-18 23:13:03,2022-05-18 23:13:21,Free_Living,annotator,Experimental situation,2022-05-18 13:56:05,2022-05-18 13:56:23
2022-05-18 23:13:21,2022-05-18 23:13:31,Free_Living,annotator,Experimental situation,2022-05-18 13:56:23,2022-05-18 13:56:33
2022-05-18 23:13:31,2022-05-18 23:13:35,Free_Living,annotator,Experimental situation,2022-05-18 13:56:33,2022-05-18 13:56:37
2022-05-18 23:13:35,2022-05-18 23:13:48,Free_Living,annotator,Experimental situation,2022-05-18 13:56:37,2022-05-18 13:56:50
2022-05-18 23:13:48,2022-05-18 23:34:53,Free_Living,annotator,Experimental situation,2022-05-18 13:56:50,2022-05-18 14:17:55
2022-05-18 23:34:53,2022-05-18 23:35:11,Free_Living,annotator,Experimental situation,2022-05-18 14:17:55,2022-05-18 14:18:13
2022-05-18 23:35:11,2022-05-18 23:36:36,Free_Living,annotator,Experimental situation,2022-05-18 14:18:13,2022-05-18 14:19:38
2022-05-18 23:36:36,2022-05-18 23:38:44,Free_Living,annotator,Experimental situation,2022-05-18 14:19:38,2022-05-18 14:21:46
2022-05-18 23:38:44,2022-05-18 23:39:19,Free_Living,annotator,Experimental situation,2022-05-18 14:21:46,2022-05-18 14:22:21
2022-05-18 23:39:19,2022-05-18 23:40:55,Free_Living,annotator,Experimental situation,2022-05-18 14:22:21,2022-05-18 14:23:57
2022-05-18 23:40:55,2022-05-18 23:45:26,Free_Living,annotator,Experimental situation,2022-05-18 14:23:57,2022-05-18 14:28:28
2022-05-18 23:45:26,2022-05-18 23:45:50,Free_Living,annotator,Experimental situation,2022-05-18 14:28:28,2022-05-18 14:28:52
2022-05-18 23:45:50,2022-05-18 23:46:48,Free_Living,annotator,Experimental situation,2022-05-18 14:28:52,2022-05-18 14:29:50
2022-05-18 23:46:48,2022-05-18 23:50:41,Free_Living,annotator,Experimental situation,2022-05-18 14:29:50,2022-05-18 14:33:43
2022-05-18 23:50:41,2022-05-18 23:51:26,Free_Living,annotator,Experimental situation,2022-05-18 14:33:43,2022-05-18 14:34:28
2022-05-18 23:51:26,2022-05-18 23:51:40,Free_Living,annotator,Experimental situation,2022-05-18 14:34:28,2022-05-18 14:34:42
2022-05-18 23:51:40,2022-05-18 23:52:34,Free_Living,annotator,Experimental situation,2022-05-18 14:34:42,2022-05-18 14:35:36
2022-05-18 23:52:34,2022-05-19 00:04:00,Free_Living,annotator,Experimental situation,2022-05-18 14:35:36,2022-05-18 14:47:02
2022-05-19 00:04:00,2022-05-19 00:24:42,Free_Living,annotator,Experimental situation,2022-05-18 14:47:02,2022-05-18 15:07:44
2022-05-19 00:24:42,2022-05-19 00:25:01,Free_Living,annotator,Experimental situation,2022-05-18 15:07:44,2022-05-18 15:08:03
2022-05-19 00:25:01,2022-05-19 00:28:09,Free_Living,annotator,Experimental situation,2022-05-18 15:08:03,2022-05-18 15:11:11
2022-05-19 00:28:09,2022-05-19 00:37:06,Free_Living,annotator,Experimental situation,2022-05-18 15:11:11,2022-05-18 15:20:08
2022-05-19 00:37:06,2022-05-19 00:40:26,Free_Living,annotator,Experimental situation,2022-05-18 15:20:08,2022-05-18 15:23:28
2022-05-19 00:40:26,2022-05-19 00:41:11,Free_Living,annotator,Experimental situation,2022-05-18 15:23:28,2022-05-18 15:24:13
2022-05-19 00:41:11,2022-05-19 00:45:30,Free_Living,annotator,Experimental situation,2022-05-18 15:24:13,2022-05-18 15:28:32
2022-05-19 00:45:30,2022-05-19 00:57:54,Free_Living,annotator,Experimental situation,2022-05-18 15:28:32,2022-05-18 15:40:56
2022-05-19 00:57:54,2022-05-19 00:58:39,Free_Living,annotator,Experimental situation,2022-05-18 15:40:56,2022-05-18 15:41:41
2022-05-19 00:58:39,2022-05-19 01:05:25,Free_Living,annotator,Experimental situation,2022-05-18 15:41:41,2022-05-18 15:48:27
2022-05-19 01:05:25,2022-05-19 01:06:24,Free_Living,annotator,Experimental situation,2022-05-18 15:48:27,2022-05-18 15:49:26
2022-05-19 01:06:24,2022-05-19 01:08:22,Free_Living,annotator,Experimental situation,2022-05-18 15:49:26,2022-05-18 15:51:24
2022-05-19 01:08:22,2022-05-19 01:09:25,Free_Living,annotator,Experimental situation,2022-05-18 15:51:24,2022-05-18 15:52:27
2022-05-19 01:09:25,2022-05-19 01:10:11,Free_Living,annotator,Experimental situation,2022-05-18 15:52:27,2022-05-18 15:53:13
2022-05-19 01:10:11,2022-05-19 01:10:21,Free_Living,annotator,Experimental situation,2022-05-18 15:53:13,2022-05-18 15:53:23
2022-05-19 01:10:21,2022-05-19 01:10:43,Free_Living,annotator,Experimental situation,2022-05-18 15:53:23,2022-05-18 15:53:45
2022-05-19 01:10:43,2022-05-19 01:10:56,Free_Living,annotator,Experimental situation,2022-05-18 15:53:45,2022-05-18 15:53:58
2022-05-19 01:10:56,2022-05-19 01:11:21,Free_Living,annotator,Experimental situation,2022-05-18 15:53:58,2022-05-18 15:54:23
2022-05-19 01:11:21,2022-05-19 01:11:35,Free_Living,annotator,Experimental situation,2022-05-18 15:54:23,2022-05-18 15:54:37
2022-05-19 01:11:35,2022-05-19 01:11:54,Free_Living,annotator,Experimental situation,2022-05-18 15:54:37,2022-05-18 15:54:56
2022-05-19 01:11:54,2022-05-19 01:13:08,Free_Living,annotator,Experimental situation,2022-05-18 15:54:56,2022-05-18 15:56:10
2022-05-19 01:13:08,2022-05-19 01:13:15,Free_Living,annotator,Experimental situation,2022-05-18 15:56:10,2022-05-18 15:56:17
2022-05-19 01:13:15,2022-05-19 01:14:04,Free_Living,annotator,Experimental situation,2022-05-18 15:56:17,2022-05-18 15:57:06
