START_TIME,STOP_TIME,PREDICTION,SOURCE,LABELSET,VIDEO_START_TIME,VIDEO_END_TIME
2022-06-02 11:07:44,2022-06-02 11:08:09,Located_Indoors,annotator,Behavioral Parameters,2022-06-02 00:00:00,2022-06-02 00:00:25
2022-06-02 11:08:09,2022-06-02 11:09:17,Located_Indoors,annotator,Behavioral Parameters,2022-06-02 00:00:25,2022-06-02 00:01:33
2022-06-02 11:09:17,2022-06-02 11:13:40,Located_Indoors, In_Conversation,annotator,Behavioral Parameters,2022-06-02 00:01:33,2022-06-02 00:05:56
2022-06-02 11:13:40,2022-06-02 11:14:05,Located_Indoors,annotator,Behavioral Parameters,2022-06-02 00:05:56,2022-06-02 00:06:21
2022-06-02 11:14:05,2022-06-02 11:14:15,Located_Indoors,annotator,Behavioral Parameters,2022-06-02 00:06:21,2022-06-02 00:06:31
2022-06-02 11:14:15,2022-06-02 11:15:37,Located_Indoors,annotator,Behavioral Parameters,2022-06-02 00:06:31,2022-06-02 00:07:53
2022-06-02 11:15:37,2022-06-02 11:15:58,Located_Indoors,annotator,Behavioral Parameters,2022-06-02 00:07:53,2022-06-02 00:08:14
2022-06-02 11:15:58,2022-06-02 11:17:34,Located_Indoors,annotator,Behavioral Parameters,2022-06-02 00:08:14,2022-06-02 00:09:50
2022-06-02 11:17:34,2022-06-02 11:29:11,Located_Indoors, Holding_Other_Object_Light,annotator,Behavioral Parameters,2022-06-02 00:09:50,2022-06-02 00:21:27
2022-06-02 11:29:11,2022-06-02 11:35:56,Located_Indoors,annotator,Behavioral Parameters,2022-06-02 00:21:27,2022-06-02 00:28:12
2022-06-02 11:35:56,2022-06-02 11:37:03,Located_Indoors,annotator,Behavioral Parameters,2022-06-02 00:28:12,2022-06-02 00:29:19
2022-06-02 11:37:03,2022-06-02 11:37:16,Located_Indoors,annotator,Behavioral Parameters,2022-06-02 00:29:19,2022-06-02 00:29:32
2022-06-02 11:37:16,2022-06-02 11:37:56,Located_Indoors, Texting/Browsing_Phone,annotator,Behavioral Parameters,2022-06-02 00:29:32,2022-06-02 00:30:12
2022-06-02 11:37:56,2022-06-02 11:38:09,Located_Indoors,annotator,Behavioral Parameters,2022-06-02 00:30:12,2022-06-02 00:30:25
2022-06-02 11:38:09,2022-06-02 11:38:57,Located_Indoors,annotator,Behavioral Parameters,2022-06-02 00:30:25,2022-06-02 00:31:13
2022-06-02 11:38:57,2022-06-02 11:39:10,Located_Indoors, Texting/Browsing_Phone,annotator,Behavioral Parameters,2022-06-02 00:31:13,2022-06-02 00:31:26
2022-06-02 11:39:10,2022-06-02 11:39:25,Located_Indoors,annotator,Behavioral Parameters,2022-06-02 00:31:26,2022-06-02 00:31:41
2022-06-02 11:39:25,2022-06-02 11:40:39,Located_Outdoors,annotator,Behavioral Parameters,2022-06-02 00:31:41,2022-06-02 00:32:55
2022-06-02 11:40:39,2022-06-02 11:40:52,Located_Outdoors, Texting/Browsing_Phone,annotator,Behavioral Parameters,2022-06-02 00:32:55,2022-06-02 00:33:08
2022-06-02 11:40:52,2022-06-02 11:41:04,Located_Outdoors,annotator,Behavioral Parameters,2022-06-02 00:33:08,2022-06-02 00:33:20
2022-06-02 11:41:04,2022-06-02 11:41:10,Located_Outdoors, Texting/Browsing_Phone,annotator,Behavioral Parameters,2022-06-02 00:33:20,2022-06-02 00:33:26
2022-06-02 11:41:11,2022-06-02 11:41:39,Located_Outdoors,annotator,Behavioral Parameters,2022-06-02 00:33:27,2022-06-02 00:33:55
2022-06-02 11:41:39,2022-06-02 11:42:11,Located_Indoors,annotator,Behavioral Parameters,2022-06-02 00:33:55,2022-06-02 00:34:27
2022-06-02 11:42:11,2022-06-02 11:42:27,Located_Indoors,annotator,Behavioral Parameters,2022-06-02 00:34:27,2022-06-02 00:34:43
2022-06-02 11:42:27,2022-06-02 11:42:38,Located_Indoors,annotator,Behavioral Parameters,2022-06-02 00:34:43,2022-06-02 00:34:54
2022-06-02 11:42:38,2022-06-02 11:44:15,Located_Outdoors,annotator,Behavioral Parameters,2022-06-02 00:34:54,2022-06-02 00:36:31
2022-06-02 11:44:15,2022-06-02 11:44:35,Located_Outdoors, Texting/Browsing_Phone,annotator,Behavioral Parameters,2022-06-02 00:36:31,2022-06-02 00:36:51
2022-06-02 11:44:35,2022-06-02 11:46:13,Located_Outdoors,annotator,Behavioral Parameters,2022-06-02 00:36:51,2022-06-02 00:38:29
2022-06-02 11:46:13,2022-06-02 11:46:43,Located_Indoors,annotator,Behavioral Parameters,2022-06-02 00:38:29,2022-06-02 00:38:59
2022-06-02 11:46:43,2022-06-02 13:16:04,Located_Indoors, Typing_Computer,annotator,Behavioral Parameters,2022-06-02 00:38:59,2022-06-02 02:08:20
2022-06-02 13:16:04,2022-06-02 13:16:39,Located_Indoors,annotator,Behavioral Parameters,2022-06-02 02:08:20,2022-06-02 02:08:55
2022-06-02 13:16:39,2022-06-02 13:17:33,Located_Indoors, Carrying_Bag_On_Shoulder/Back_Light,annotator,Behavioral Parameters,2022-06-02 02:08:55,2022-06-02 02:09:49
2022-06-02 13:17:33,2022-06-02 13:19:06,Located_Indoors, Carrying_Bag_On_Shoulder/Back_Light,annotator,Behavioral Parameters,2022-06-02 02:09:49,2022-06-02 02:11:22
2022-06-02 13:19:06,2022-06-02 13:19:49,Located_Indoors, Carrying_Bag_On_Shoulder/Back_Light, Texting/Browsing_Phone,annotator,Behavioral Parameters,2022-06-02 02:11:22,2022-06-02 02:12:05
2022-06-02 13:19:50,2022-06-02 13:20:16,Located_Indoors, Carrying_Bag_On_Shoulder/Back_Light, Texting/Browsing_Phone,annotator,Behavioral Parameters,2022-06-02 02:12:06,2022-06-02 02:12:32
2022-06-02 13:20:16,2022-06-02 13:21:08,Carrying_Bag_On_Shoulder/Back_Light, Texting/Browsing_Phone, Located_Outdoors,annotator,Behavioral Parameters,2022-06-02 02:12:32,2022-06-02 02:13:24
2022-06-02 13:21:08,2022-06-02 13:27:28,Carrying_Bag_On_Shoulder/Back_Light, Located_Outdoors,annotator,Behavioral Parameters,2022-06-02 02:13:24,2022-06-02 02:19:44
2022-06-02 13:27:28,2022-06-02 13:27:36,Carrying_Bag_On_Shoulder/Back_Light, Located_Indoors,annotator,Behavioral Parameters,2022-06-02 02:19:44,2022-06-02 02:19:52
2022-06-02 13:27:36,2022-06-02 13:27:40,Carrying_Bag_On_Shoulder/Back_Light, Located_Indoors,annotator,Behavioral Parameters,2022-06-02 02:19:52,2022-06-02 02:19:56
2022-06-02 13:27:40,2022-06-02 13:28:05,Carrying_Bag_On_Shoulder/Back_Light, Located_Indoors, Holding_Other_Object_Light,annotator,Behavioral Parameters,2022-06-02 02:19:56,2022-06-02 02:20:21
2022-06-02 13:28:05,2022-06-02 13:28:17,Carrying_Bag_On_Shoulder/Back_Light, Located_Indoors,annotator,Behavioral Parameters,2022-06-02 02:20:21,2022-06-02 02:20:33
2022-06-02 13:28:17,2022-06-02 13:28:21,Carrying_Bag_On_Shoulder/Back_Light, Located_Indoors,annotator,Behavioral Parameters,2022-06-02 02:20:33,2022-06-02 02:20:37
2022-06-02 13:28:21,2022-06-02 13:28:27,Carrying_Bag_On_Shoulder/Back_Light, Located_Indoors,annotator,Behavioral Parameters,2022-06-02 02:20:37,2022-06-02 02:20:43
2022-06-02 13:28:27,2022-06-02 13:29:32,Located_Indoors, In_Conversation,annotator,Behavioral Parameters,2022-06-02 02:20:43,2022-06-02 02:21:48
2022-06-02 13:29:32,2022-06-02 13:31:47,Located_Indoors,annotator,Behavioral Parameters,2022-06-02 02:21:48,2022-06-02 02:24:03
2022-06-02 13:31:47,2022-06-02 13:31:54,Located_Indoors, Holding_Drink,annotator,Behavioral Parameters,2022-06-02 02:24:03,2022-06-02 02:24:10
2022-06-02 13:31:54,2022-06-02 13:39:25,Located_Indoors,annotator,Behavioral Parameters,2022-06-02 02:24:10,2022-06-02 02:31:41
2022-06-02 13:39:25,2022-06-02 13:39:35,Located_Indoors, Holding_Drink, In_Conversation,annotator,Behavioral Parameters,2022-06-02 02:31:41,2022-06-02 02:31:51
2022-06-02 13:39:35,2022-06-02 13:40:07,Located_Indoors, In_Conversation,annotator,Behavioral Parameters,2022-06-02 02:31:51,2022-06-02 02:32:23
2022-06-02 13:40:07,2022-06-02 13:40:18,Located_Indoors, Texting/Browsing_Phone,annotator,Behavioral Parameters,2022-06-02 02:32:23,2022-06-02 02:32:34
2022-06-02 13:40:18,2022-06-02 13:40:24,Located_Indoors, Holding_Drink, In_Conversation,annotator,Behavioral Parameters,2022-06-02 02:32:34,2022-06-02 02:32:40
2022-06-02 13:40:24,2022-06-02 13:41:44,Located_Indoors, In_Conversation,annotator,Behavioral Parameters,2022-06-02 02:32:40,2022-06-02 02:34:00
2022-06-02 13:41:44,2022-06-02 13:41:48,Located_Indoors, In_Conversation,annotator,Behavioral Parameters,2022-06-02 02:34:00,2022-06-02 02:34:04
2022-06-02 13:41:48,2022-06-02 13:42:35,Located_Indoors,annotator,Behavioral Parameters,2022-06-02 02:34:04,2022-06-02 02:34:51
2022-06-02 13:42:35,2022-06-02 13:42:37,Located_Indoors, Holding_Solid_Food,annotator,Behavioral Parameters,2022-06-02 02:34:51,2022-06-02 02:34:53
2022-06-02 13:42:37,2022-06-02 13:43:00,Located_Indoors, Holding_Solid_Food, In_Conversation,annotator,Behavioral Parameters,2022-06-02 02:34:53,2022-06-02 02:35:16
2022-06-02 13:43:00,2022-06-02 13:43:05,Located_Indoors, In_Conversation, Holding_Drink, Texting/Browsing_Phone,annotator,Behavioral Parameters,2022-06-02 02:35:16,2022-06-02 02:35:21
2022-06-02 13:43:05,2022-06-02 13:50:26,Located_Indoors, In_Conversation, Holding_Solid_Food,annotator,Behavioral Parameters,2022-06-02 02:35:21,2022-06-02 02:42:42
2022-06-02 13:50:26,2022-06-02 13:51:13,Located_Indoors, In_Conversation, Holding_Drink,annotator,Behavioral Parameters,2022-06-02 02:42:42,2022-06-02 02:43:29
2022-06-02 13:51:13,2022-06-02 13:52:08,Located_Indoors, In_Conversation, Holding_Drink, Texting/Browsing_Phone,annotator,Behavioral Parameters,2022-06-02 02:43:29,2022-06-02 02:44:24
2022-06-02 13:52:08,2022-06-02 13:52:47,Located_Indoors, In_Conversation, Texting/Browsing_Phone,annotator,Behavioral Parameters,2022-06-02 02:44:24,2022-06-02 02:45:03
2022-06-02 13:52:47,2022-06-02 13:53:38,Located_Indoors, In_Conversation, Texting/Browsing_Phone, Holding_Drink,annotator,Behavioral Parameters,2022-06-02 02:45:03,2022-06-02 02:45:54
2022-06-02 13:53:38,2022-06-02 13:54:00,Located_Indoors, In_Conversation,annotator,Behavioral Parameters,2022-06-02 02:45:54,2022-06-02 02:46:16
2022-06-02 13:54:00,2022-06-02 13:54:40,Located_Indoors, In_Conversation, Holding_Other_Object_Light, Carrying_Bag_On_Shoulder/Back_Light,annotator,Behavioral Parameters,2022-06-02 02:46:16,2022-06-02 02:46:56
2022-06-02 13:54:40,2022-06-02 13:54:44,Located_Indoors, In_Conversation, Holding_Other_Object_Light, Carrying_Bag_On_Shoulder/Back_Light,annotator,Behavioral Parameters,2022-06-02 02:46:56,2022-06-02 02:47:00
2022-06-02 13:54:44,2022-06-02 13:55:18,Located_Indoors, In_Conversation, Holding_Other_Object_Light, Carrying_Bag_On_Shoulder/Back_Light,annotator,Behavioral Parameters,2022-06-02 02:47:00,2022-06-02 02:47:34
2022-06-02 13:55:18,2022-06-02 13:55:43,Located_Indoors, Carrying_Bag_On_Shoulder/Back_Light,annotator,Behavioral Parameters,2022-06-02 02:47:34,2022-06-02 02:47:59
2022-06-02 13:55:43,2022-06-02 13:56:14,Located_Indoors, Carrying_Bag_On_Shoulder/Back_Light, Holding_Other_Object_Light,annotator,Behavioral Parameters,2022-06-02 02:47:59,2022-06-02 02:48:30
2022-06-02 13:56:14,2022-06-02 13:56:32,Located_Indoors, Carrying_Bag_On_Shoulder/Back_Light, Holding_Other_Object_Light,annotator,Behavioral Parameters,2022-06-02 02:48:30,2022-06-02 02:48:48
2022-06-02 13:56:32,2022-06-02 13:56:38,Located_Indoors, Carrying_Bag_On_Shoulder/Back_Light, Holding_Other_Object_Light,annotator,Behavioral Parameters,2022-06-02 02:48:48,2022-06-02 02:48:54
2022-06-02 13:56:38,2022-06-02 13:57:08,Located_Indoors, Carrying_Bag_On_Shoulder/Back_Light, Holding_Other_Object_Light, In_Conversation,annotator,Behavioral Parameters,2022-06-02 02:48:54,2022-06-02 02:49:24
2022-06-02 13:57:08,2022-06-02 13:57:16,Located_Indoors, Carrying_Bag_On_Shoulder/Back_Light, Holding_Other_Object_Light, In_Conversation,annotator,Behavioral Parameters,2022-06-02 02:49:24,2022-06-02 02:49:32
2022-06-02 13:57:18,2022-06-02 14:02:40,Carrying_Bag_On_Shoulder/Back_Light, Holding_Other_Object_Light, Located_Outdoors, In_Conversation,annotator,Behavioral Parameters,2022-06-02 02:49:34,2022-06-02 02:54:56
2022-06-02 14:02:40,2022-06-02 14:02:45,Carrying_Bag_On_Shoulder/Back_Light, Holding_Other_Object_Light, In_Conversation, Located_Indoors,annotator,Behavioral Parameters,2022-06-02 02:54:56,2022-06-02 02:55:01
2022-06-02 14:02:45,2022-06-02 14:02:52,Carrying_Bag_On_Shoulder/Back_Light, Holding_Other_Object_Light, Located_Indoors,annotator,Behavioral Parameters,2022-06-02 02:55:01,2022-06-02 02:55:08
2022-06-02 14:02:52,2022-06-02 14:03:11,Carrying_Bag_On_Shoulder/Back_Light, Holding_Other_Object_Light, Located_Indoors,annotator,Behavioral Parameters,2022-06-02 02:55:08,2022-06-02 02:55:27
2022-06-02 14:03:11,2022-06-02 14:03:41,Carrying_Bag_On_Shoulder/Back_Light, Holding_Other_Object_Light, Located_Indoors, In_Conversation,annotator,Behavioral Parameters,2022-06-02 02:55:27,2022-06-02 02:55:57
2022-06-02 14:03:41,2022-06-02 14:03:49,Located_Indoors,annotator,Behavioral Parameters,2022-06-02 02:55:57,2022-06-02 02:56:05
2022-06-02 14:03:49,2022-06-02 14:04:12,Located_Indoors,annotator,Behavioral Parameters,2022-06-02 02:56:05,2022-06-02 02:56:28
2022-06-02 14:04:12,2022-06-02 14:05:12,Located_Indoors,annotator,Behavioral Parameters,2022-06-02 02:56:28,2022-06-02 02:57:28
2022-06-02 14:05:12,2022-06-02 14:07:05,Located_Indoors, In_Conversation,annotator,Behavioral Parameters,2022-06-02 02:57:28,2022-06-02 02:59:21
2022-06-02 14:07:05,2022-06-02 14:12:08,Located_Indoors, Typing_Computer, Browsing_Computer,annotator,Behavioral Parameters,2022-06-02 02:59:21,2022-06-02 03:04:24
2022-06-02 14:12:08,2022-06-02 14:17:39,Located_Indoors, Typing_Computer, Browsing_Computer, In_Conversation,annotator,Behavioral Parameters,2022-06-02 03:04:24,2022-06-02 03:09:55
2022-06-02 14:17:39,2022-06-02 14:17:56,Located_Indoors, In_Conversation, Texting/Browsing_Phone,annotator,Behavioral Parameters,2022-06-02 03:09:55,2022-06-02 03:10:12
2022-06-02 14:17:56,2022-06-02 14:21:26,Located_Indoors, Typing_Computer, Browsing_Computer,annotator,Behavioral Parameters,2022-06-02 03:10:12,2022-06-02 03:13:42
2022-06-02 14:21:26,2022-06-02 14:22:38,Located_Indoors, Texting/Browsing_Phone,annotator,Behavioral Parameters,2022-06-02 03:13:42,2022-06-02 03:14:54
2022-06-02 14:22:38,2022-06-02 14:24:28,Located_Indoors, Browsing_Computer, Typing_Computer,annotator,Behavioral Parameters,2022-06-02 03:14:54,2022-06-02 03:16:44
2022-06-02 14:24:28,2022-06-02 14:32:39,Located_Indoors, Browsing_Computer, Typing_Computer, In_Conversation,annotator,Behavioral Parameters,2022-06-02 03:16:44,2022-06-02 03:24:55
2022-06-02 14:32:39,2022-06-02 14:33:26,Located_Indoors, Browsing_Computer, Typing_Computer,annotator,Behavioral Parameters,2022-06-02 03:24:55,2022-06-02 03:25:42
2022-06-02 14:33:26,2022-06-02 14:33:37,Located_Indoors, Browsing_Computer, Typing_Computer, Texting/Browsing_Phone,annotator,Behavioral Parameters,2022-06-02 03:25:42,2022-06-02 03:25:53
2022-06-02 14:33:37,2022-06-02 14:34:03,Located_Indoors, Browsing_Computer, Typing_Computer,annotator,Behavioral Parameters,2022-06-02 03:25:53,2022-06-02 03:26:19
2022-06-02 14:34:03,2022-06-02 14:34:31,Located_Indoors, Browsing_Computer, Texting/Browsing_Phone,annotator,Behavioral Parameters,2022-06-02 03:26:19,2022-06-02 03:26:47
2022-06-02 14:34:31,2022-06-02 14:37:22,Located_Indoors, Browsing_Computer, Typing_Computer,annotator,Behavioral Parameters,2022-06-02 03:26:47,2022-06-02 03:29:38
2022-06-02 14:37:22,2022-06-02 14:37:38,Located_Indoors, Browsing_Computer, Texting/Browsing_Phone,annotator,Behavioral Parameters,2022-06-02 03:29:38,2022-06-02 03:29:54
2022-06-02 14:37:38,2022-06-02 14:37:49,Located_Indoors, Browsing_Computer,annotator,Behavioral Parameters,2022-06-02 03:29:54,2022-06-02 03:30:05
2022-06-02 14:37:49,2022-06-02 14:38:39,Located_Indoors, Texting/Browsing_Phone,annotator,Behavioral Parameters,2022-06-02 03:30:05,2022-06-02 03:30:55
2022-06-02 14:37:49,2022-06-02 14:37:49,Located_Indoors, Browsing_Computer, Texting/Browsing_Phone,annotator,Behavioral Parameters,2022-06-02 03:30:05,2022-06-02 03:30:05
2022-06-02 14:38:39,2022-06-02 14:40:26,Located_Indoors, Typing_Computer, Browsing_Computer,annotator,Behavioral Parameters,2022-06-02 03:30:55,2022-06-02 03:32:42
2022-06-02 14:40:26,2022-06-02 14:41:19,Located_Indoors, Texting/Browsing_Phone,annotator,Behavioral Parameters,2022-06-02 03:32:42,2022-06-02 03:33:35
2022-06-02 14:41:19,2022-06-02 14:42:25,Located_Indoors, Typing_Computer, Browsing_Computer,annotator,Behavioral Parameters,2022-06-02 03:33:35,2022-06-02 03:34:41
2022-06-02 14:42:25,2022-06-02 14:42:47,Located_Indoors, Texting/Browsing_Phone,annotator,Behavioral Parameters,2022-06-02 03:34:41,2022-06-02 03:35:03
2022-06-02 14:42:47,2022-06-02 14:43:38,Located_Indoors, Typing_Computer, Browsing_Computer,annotator,Behavioral Parameters,2022-06-02 03:35:03,2022-06-02 03:35:54
2022-06-02 14:43:38,2022-06-02 14:48:50,Located_Indoors, Texting/Browsing_Phone,annotator,Behavioral Parameters,2022-06-02 03:35:54,2022-06-02 03:41:06
2022-06-02 14:48:50,2022-06-02 14:49:01,Located_Indoors, Texting/Browsing_Phone,annotator,Behavioral Parameters,2022-06-02 03:41:06,2022-06-02 03:41:17
2022-06-02 14:49:01,2022-06-02 14:49:15,Located_Indoors, Texting/Browsing_Phone,annotator,Behavioral Parameters,2022-06-02 03:41:17,2022-06-02 03:41:31
2022-06-02 14:49:15,2022-06-02 14:58:37,Located_Indoors, Texting/Browsing_Phone, On_Phone_Call,annotator,Behavioral Parameters,2022-06-02 03:41:31,2022-06-02 03:50:53
2022-06-02 14:58:37,2022-06-02 14:58:53,Located_Indoors, Texting/Browsing_Phone, On_Phone_Call, In_Conversation,annotator,Behavioral Parameters,2022-06-02 03:50:53,2022-06-02 03:51:09
2022-06-02 14:58:53,2022-06-02 15:02:26,Located_Indoors, Texting/Browsing_Phone, On_Phone_Call,annotator,Behavioral Parameters,2022-06-02 03:51:09,2022-06-02 03:54:42
2022-06-02 15:02:26,2022-06-02 15:03:02,Located_Indoors,annotator,Behavioral Parameters,2022-06-02 03:54:42,2022-06-02 03:55:18
2022-06-02 15:03:02,2022-06-02 15:03:28,Located_Indoors, Typing_Computer, Browsing_Computer,annotator,Behavioral Parameters,2022-06-02 03:55:18,2022-06-02 03:55:44
2022-06-02 15:03:28,2022-06-02 15:03:39,Located_Indoors, Browsing_Computer, Texting/Browsing_Phone,annotator,Behavioral Parameters,2022-06-02 03:55:44,2022-06-02 03:55:55
2022-06-02 15:03:39,2022-06-02 15:06:28,Located_Indoors, Browsing_Computer, Typing_Computer,annotator,Behavioral Parameters,2022-06-02 03:55:55,2022-06-02 03:58:44
2022-06-02 15:06:28,2022-06-02 15:07:19,Located_Indoors, Browsing_Computer, In_Conversation,annotator,Behavioral Parameters,2022-06-02 03:58:44,2022-06-02 03:59:35
2022-06-02 15:07:19,2022-06-02 15:07:57,Located_Indoors, Browsing_Computer, Typing_Computer,annotator,Behavioral Parameters,2022-06-02 03:59:35,2022-06-02 04:00:13
2022-06-02 15:07:57,2022-06-02 15:08:42,Located_Indoors, Browsing_Computer, In_Conversation,annotator,Behavioral Parameters,2022-06-02 04:00:13,2022-06-02 04:00:58
2022-06-02 15:08:42,2022-06-02 15:10:07,Located_Indoors, Browsing_Computer, In_Conversation, Typing_Computer,annotator,Behavioral Parameters,2022-06-02 04:00:58,2022-06-02 04:02:23
2022-06-02 15:10:07,2022-06-02 15:10:23,Located_Indoors, In_Conversation, Browsing_Computer, Texting/Browsing_Phone,annotator,Behavioral Parameters,2022-06-02 04:02:23,2022-06-02 04:02:39
2022-06-02 15:10:23,2022-06-02 15:10:56,Located_Indoors, In_Conversation, Browsing_Computer, Typing_Computer,annotator,Behavioral Parameters,2022-06-02 04:02:39,2022-06-02 04:03:12
2022-06-02 15:10:56,2022-06-02 15:12:37,Located_Indoors, In_Conversation,annotator,Behavioral Parameters,2022-06-02 04:03:12,2022-06-02 04:04:53
2022-06-02 15:12:37,2022-06-02 15:13:39,Located_Indoors, In_Conversation, Typing_Computer, Browsing_Computer,annotator,Behavioral Parameters,2022-06-02 04:04:53,2022-06-02 04:05:55
2022-06-02 15:13:39,2022-06-02 15:15:12,Located_Indoors,annotator,Behavioral Parameters,2022-06-02 04:05:55,2022-06-02 04:07:28
2022-06-02 15:15:12,2022-06-02 15:15:36,Located_Indoors, Carrying_Bag_On_Shoulder/Back_Light,annotator,Behavioral Parameters,2022-06-02 04:07:28,2022-06-02 04:07:52
2022-06-02 15:15:36,2022-06-02 15:15:44,Located_Indoors, Carrying_Bag_On_Shoulder/Back_Light,annotator,Behavioral Parameters,2022-06-02 04:07:52,2022-06-02 04:08:00
2022-06-02 15:15:44,2022-06-02 15:15:55,Carrying_Bag_On_Shoulder/Back_Light, Located_Outdoors,annotator,Behavioral Parameters,2022-06-02 04:08:00,2022-06-02 04:08:11
2022-06-02 15:15:55,2022-06-02 15:16:10,Carrying_Bag_On_Shoulder/Back_Light, Located_Outdoors, Texting/Browsing_Phone,annotator,Behavioral Parameters,2022-06-02 04:08:11,2022-06-02 04:08:26
2022-06-02 15:16:10,2022-06-02 15:17:46,Carrying_Bag_On_Shoulder/Back_Light, Located_Outdoors,annotator,Behavioral Parameters,2022-06-02 04:08:26,2022-06-02 04:10:02
2022-06-02 15:17:46,2022-06-02 15:18:06,Carrying_Bag_On_Shoulder/Back_Light, Located_Indoors,annotator,Behavioral Parameters,2022-06-02 04:10:02,2022-06-02 04:10:22
2022-06-02 15:18:06,2022-06-02 15:18:26,Carrying_Bag_On_Shoulder/Back_Light, Located_Indoors,annotator,Behavioral Parameters,2022-06-02 04:10:22,2022-06-02 04:10:42
2022-06-02 15:18:26,2022-06-02 15:18:54,Carrying_Bag_On_Shoulder/Back_Light, Located_Indoors, Texting/Browsing_Phone,annotator,Behavioral Parameters,2022-06-02 04:10:42,2022-06-02 04:11:10
2022-06-02 15:18:54,2022-06-02 15:19:42,Carrying_Bag_On_Shoulder/Back_Light, Located_Indoors,annotator,Behavioral Parameters,2022-06-02 04:11:10,2022-06-02 04:11:58
2022-06-02 15:19:42,2022-06-02 15:20:09,Located_Indoors,annotator,Behavioral Parameters,2022-06-02 04:11:58,2022-06-02 04:12:25
2022-06-02 15:20:09,2022-06-02 15:21:10,Located_Indoors, In_Conversation,annotator,Behavioral Parameters,2022-06-02 04:12:25,2022-06-02 04:13:26
2022-06-02 15:21:10,2022-06-02 15:21:32,Located_Indoors, Typing_Computer, Browsing_Computer,annotator,Behavioral Parameters,2022-06-02 04:13:26,2022-06-02 04:13:48
2022-06-02 15:21:32,2022-06-02 15:21:45,Located_Indoors, Browsing_Computer, In_Conversation,annotator,Behavioral Parameters,2022-06-02 04:13:48,2022-06-02 04:14:01
2022-06-02 15:21:45,2022-06-02 15:22:37,Located_Indoors,annotator,Behavioral Parameters,2022-06-02 04:14:01,2022-06-02 04:14:53
2022-06-02 15:22:37,2022-06-02 15:23:15,Located_Indoors, Holding_Drink,annotator,Behavioral Parameters,2022-06-02 04:14:53,2022-06-02 04:15:31
2022-06-02 15:23:15,2022-06-02 15:29:43,Located_Indoors,annotator,Behavioral Parameters,2022-06-02 04:15:31,2022-06-02 04:21:59
2022-06-02 15:29:43,2022-06-02 15:33:16,Located_Indoors, Browsing_Computer, Typing_Computer,annotator,Behavioral Parameters,2022-06-02 04:21:59,2022-06-02 04:25:32
2022-06-02 15:33:16,2022-06-02 15:33:39,Located_Indoors, Browsing_Computer,annotator,Behavioral Parameters,2022-06-02 04:25:32,2022-06-02 04:25:55
2022-06-02 15:33:39,2022-06-02 15:34:19,Located_Indoors,annotator,Behavioral Parameters,2022-06-02 04:25:55,2022-06-02 04:26:35
2022-06-02 15:34:20,2022-06-02 16:13:28,Located_Indoors, Typing_Computer, Browsing_Computer,annotator,Behavioral Parameters,2022-06-02 04:26:36,2022-06-02 05:05:44
2022-06-02 16:13:28,2022-06-02 16:14:30,Located_Indoors, In_Conversation,annotator,Behavioral Parameters,2022-06-02 05:05:44,2022-06-02 05:06:46
2022-06-02 16:14:30,2022-06-02 16:35:45,Located_Indoors, Typing_Computer, Browsing_Computer,annotator,Behavioral Parameters,2022-06-02 05:06:46,2022-06-02 05:28:01
2022-06-02 16:35:45,2022-06-02 16:36:28,Located_Indoors, In_Conversation,annotator,Behavioral Parameters,2022-06-02 05:28:01,2022-06-02 05:28:44
2022-06-02 16:36:28,2022-06-02 16:37:28,Located_Indoors, Carrying_Bag_On_Shoulder/Back_Light,annotator,Behavioral Parameters,2022-06-02 05:28:44,2022-06-02 05:29:44
2022-06-02 16:37:28,2022-06-02 16:38:09,Located_Indoors, Carrying_Bag_On_Shoulder/Back_Light,annotator,Behavioral Parameters,2022-06-02 05:29:44,2022-06-02 05:30:25
2022-06-02 16:38:09,2022-06-02 16:38:28,Carrying_Bag_On_Shoulder/Back_Light, Located_Outdoors,annotator,Behavioral Parameters,2022-06-02 05:30:25,2022-06-02 05:30:44
2022-06-02 16:38:28,2022-06-02 16:38:29,Carrying_Bag_On_Shoulder/Back_Light, Located_Outdoors, Texting/Browsing_Phone,annotator,Behavioral Parameters,2022-06-02 05:30:44,2022-06-02 05:30:45
2022-06-02 16:38:29,2022-06-02 16:39:03,Located_Outdoors,annotator,Behavioral Parameters,2022-06-02 05:30:45,2022-06-02 05:31:19
2022-06-02 16:39:03,2022-06-02 16:39:30,Located_Outdoors, Browsing_Computer,annotator,Behavioral Parameters,2022-06-02 05:31:19,2022-06-02 05:31:46
2022-06-02 16:39:32,2022-06-02 16:39:47,Located_Outdoors, Browsing_Computer, In_Conversation,annotator,Behavioral Parameters,2022-06-02 05:31:48,2022-06-02 05:32:03
2022-06-02 16:39:47,2022-06-02 16:40:25,Located_Outdoors, In_Conversation,annotator,Behavioral Parameters,2022-06-02 05:32:03,2022-06-02 05:32:41
2022-06-02 16:40:25,2022-06-02 16:43:29,Located_Outdoors,annotator,Behavioral Parameters,2022-06-02 05:32:41,2022-06-02 05:35:45
2022-06-02 16:43:29,2022-06-02 16:43:53,Located_Outdoors,annotator,Behavioral Parameters,2022-06-02 05:35:45,2022-06-02 05:36:09
2022-06-02 16:43:53,2022-06-02 16:44:22,Located_Outdoors,annotator,Behavioral Parameters,2022-06-02 05:36:09,2022-06-02 05:36:38
2022-06-02 16:44:22,2022-06-02 16:44:58,Located_Outdoors,annotator,Behavioral Parameters,2022-06-02 05:36:38,2022-06-02 05:37:14
2022-06-02 16:44:58,2022-06-02 16:55:48,Located_Outdoors,annotator,Behavioral Parameters,2022-06-02 05:37:14,2022-06-02 05:48:04
2022-06-02 16:55:48,2022-06-02 16:57:33,Located_Outdoors, In_Conversation, Texting/Browsing_Phone,annotator,Behavioral Parameters,2022-06-02 05:48:04,2022-06-02 05:49:49
2022-06-02 16:57:33,2022-06-02 16:57:46,Located_Outdoors, Texting/Browsing_Phone,annotator,Behavioral Parameters,2022-06-02 05:49:49,2022-06-02 05:50:02
2022-06-02 16:57:46,2022-06-02 16:59:40,Located_Outdoors,annotator,Behavioral Parameters,2022-06-02 05:50:02,2022-06-02 05:51:56
2022-06-02 16:59:40,2022-06-02 16:59:46,Located_Outdoors, Texting/Browsing_Phone,annotator,Behavioral Parameters,2022-06-02 05:51:56,2022-06-02 05:52:02
2022-06-02 16:59:46,2022-06-02 17:00:06,Located_Outdoors,annotator,Behavioral Parameters,2022-06-02 05:52:02,2022-06-02 05:52:22
2022-06-02 17:00:06,2022-06-02 17:00:29,Texting/Browsing_Phone,annotator,Behavioral Parameters,2022-06-02 05:52:22,2022-06-02 05:52:45
2022-06-02 17:00:29,2022-06-02 17:00:51,Texting/Browsing_Phone,annotator,Behavioral Parameters,2022-06-02 05:52:45,2022-06-02 05:53:07
2022-06-02 17:00:51,2022-06-02 17:01:11,Located_Outdoors, Texting/Browsing_Phone,annotator,Behavioral Parameters,2022-06-02 05:53:07,2022-06-02 05:53:27
2022-06-02 17:01:11,2022-06-02 17:01:48,Located_Outdoors,annotator,Behavioral Parameters,2022-06-02 05:53:27,2022-06-02 05:54:04
2022-06-02 17:01:48,2022-06-02 17:02:12,Located_Outdoors, In_Conversation,annotator,Behavioral Parameters,2022-06-02 05:54:04,2022-06-02 05:54:28
2022-06-02 17:02:13,2022-06-02 17:02:37,Located_Outdoors,annotator,Behavioral Parameters,2022-06-02 05:54:29,2022-06-02 05:54:53
2022-06-02 17:02:37,2022-06-02 17:02:55,Located_Outdoors,annotator,Behavioral Parameters,2022-06-02 05:54:53,2022-06-02 05:55:11
2022-06-02 17:02:55,2022-06-02 17:05:43,Located_Outdoors, In_Conversation, Texting/Browsing_Phone,annotator,Behavioral Parameters,2022-06-02 05:55:11,2022-06-02 05:57:59
2022-06-02 17:05:43,2022-06-02 17:06:48,Located_Outdoors, In_Conversation, Texting/Browsing_Phone,annotator,Behavioral Parameters,2022-06-02 05:57:59,2022-06-02 05:59:04
2022-06-02 17:06:48,2022-06-02 17:07:38,Located_Outdoors,annotator,Behavioral Parameters,2022-06-02 05:59:04,2022-06-02 05:59:54
2022-06-02 17:07:38,2022-06-02 17:09:06,Located_Indoors,annotator,Behavioral Parameters,2022-06-02 05:59:54,2022-06-02 06:01:22
2022-06-02 17:09:06,2022-06-02 17:09:11,Located_Indoors, Texting/Browsing_Phone,annotator,Behavioral Parameters,2022-06-02 06:01:22,2022-06-02 06:01:27
2022-06-02 17:09:11,2022-06-02 17:09:45,Located_Indoors,annotator,Behavioral Parameters,2022-06-02 06:01:27,2022-06-02 06:02:01
2022-06-02 17:09:45,2022-06-02 17:10:43,Located_Indoors, Texting/Browsing_Phone,annotator,Behavioral Parameters,2022-06-02 06:02:01,2022-06-02 06:02:59
2022-06-02 17:10:44,2022-06-02 17:10:55,Located_Indoors, In_Conversation,annotator,Behavioral Parameters,2022-06-02 06:03:00,2022-06-02 06:03:11
2022-06-02 17:10:58,2022-06-02 17:11:21,Located_Indoors, In_Conversation,annotator,Behavioral Parameters,2022-06-02 06:03:14,2022-06-02 06:03:37
2022-06-02 17:11:22,2022-06-02 17:15:52,Located_Indoors, Browsing_Computer, In_Conversation,annotator,Behavioral Parameters,2022-06-02 06:03:38,2022-06-02 06:08:08
2022-06-02 17:15:53,2022-06-02 17:16:31,Located_Indoors, Browsing_Computer,annotator,Behavioral Parameters,2022-06-02 06:08:09,2022-06-02 06:08:47
2022-06-02 17:16:32,2022-06-02 17:21:43,Located_Indoors, In_Conversation, Browsing_Computer,annotator,Behavioral Parameters,2022-06-02 06:08:48,2022-06-02 06:13:59
2022-06-02 17:21:43,2022-06-02 17:23:38,Located_Indoors, Texting/Browsing_Phone,annotator,Behavioral Parameters,2022-06-02 06:13:59,2022-06-02 06:15:54
2022-06-02 17:23:38,2022-06-02 17:24:17,Located_Indoors, In_Conversation,annotator,Behavioral Parameters,2022-06-02 06:15:54,2022-06-02 06:16:33
2022-06-02 17:24:17,2022-06-02 17:24:35,Located_Indoors, In_Conversation, Texting/Browsing_Phone,annotator,Behavioral Parameters,2022-06-02 06:16:33,2022-06-02 06:16:51
2022-06-02 17:24:35,2022-06-02 17:28:43,Located_Indoors, In_Conversation, Browsing_Computer,annotator,Behavioral Parameters,2022-06-02 06:16:51,2022-06-02 06:20:59
2022-06-02 17:28:43,2022-06-02 17:30:20,Located_Indoors, In_Conversation, Browsing_Computer,annotator,Behavioral Parameters,2022-06-02 06:20:59,2022-06-02 06:22:36
2022-06-02 17:30:20,2022-06-02 17:30:33,Located_Indoors, In_Conversation, Texting/Browsing_Phone,annotator,Behavioral Parameters,2022-06-02 06:22:36,2022-06-02 06:22:49
2022-06-02 17:30:33,2022-06-02 17:33:16,Located_Indoors, In_Conversation, Browsing_Computer,annotator,Behavioral Parameters,2022-06-02 06:22:49,2022-06-02 06:25:32
2022-06-02 17:33:16,2022-06-02 17:52:29,Located_Indoors, CP_VideoUnavailable/Indecipherable,annotator,Behavioral Parameters,2022-06-02 06:25:32,2022-06-02 06:44:45
2022-06-02 17:52:29,2022-06-02 17:59:25,Located_Indoors,annotator,Behavioral Parameters,2022-06-02 06:44:45,2022-06-02 06:51:41
2022-06-02 17:59:25,2022-06-02 18:04:35,Located_Indoors, In_Conversation,annotator,Behavioral Parameters,2022-06-02 06:51:41,2022-06-02 06:56:51
2022-06-02 18:04:35,2022-06-02 18:05:22,Located_Indoors, In_Conversation, Texting/Browsing_Phone,annotator,Behavioral Parameters,2022-06-02 06:56:51,2022-06-02 06:57:38
2022-06-02 18:05:22,2022-06-02 18:14:06,Located_Indoors, In_Conversation, Browsing_Computer,annotator,Behavioral Parameters,2022-06-02 06:57:38,2022-06-02 07:06:22
2022-06-02 18:14:06,2022-06-02 18:16:21,Located_Indoors, In_Conversation,annotator,Behavioral Parameters,2022-06-02 07:06:22,2022-06-02 07:08:37
2022-06-02 18:16:21,2022-06-02 18:23:55,Located_Indoors, CP_VideoUnavailable/Indecipherable,annotator,Behavioral Parameters,2022-06-02 07:08:37,2022-06-02 07:16:11
2022-06-02 18:23:55,2022-06-02 18:24:32,Located_Indoors, In_Conversation,annotator,Behavioral Parameters,2022-06-02 07:16:11,2022-06-02 07:16:48
2022-06-02 18:24:32,2022-06-02 18:30:11,Located_Indoors, In_Conversation, Holding_Solid_Food, Browsing_Computer,annotator,Behavioral Parameters,2022-06-02 07:16:48,2022-06-02 07:22:27
2022-06-02 18:30:11,2022-06-02 18:31:32,Located_Indoors, In_Conversation,annotator,Behavioral Parameters,2022-06-02 07:22:27,2022-06-02 07:23:48
2022-06-02 18:31:32,2022-06-02 18:31:40,Located_Indoors, In_Conversation,annotator,Behavioral Parameters,2022-06-02 07:23:48,2022-06-02 07:23:56
2022-06-02 18:31:40,2022-06-02 18:32:12,Located_Indoors, In_Conversation, Browsing_Computer,annotator,Behavioral Parameters,2022-06-02 07:23:56,2022-06-02 07:24:28
2022-06-02 18:32:12,2022-06-02 18:36:40,Located_Indoors, In_Conversation,annotator,Behavioral Parameters,2022-06-02 07:24:28,2022-06-02 07:28:56
2022-06-02 18:36:40,2022-06-02 18:37:05,Located_Indoors, In_Conversation, Browsing_Computer,annotator,Behavioral Parameters,2022-06-02 07:28:56,2022-06-02 07:29:21
2022-06-02 18:37:05,2022-06-02 18:38:07,Located_Indoors, In_Conversation, Texting/Browsing_Phone,annotator,Behavioral Parameters,2022-06-02 07:29:21,2022-06-02 07:30:23
2022-06-02 18:38:07,2022-06-02 18:39:40,Located_Indoors, In_Conversation, Holding_Other_Object_Light,annotator,Behavioral Parameters,2022-06-02 07:30:23,2022-06-02 07:31:56
2022-06-02 18:39:40,2022-06-02 18:40:36,Located_Indoors, In_Conversation, Texting/Browsing_Phone,annotator,Behavioral Parameters,2022-06-02 07:31:56,2022-06-02 07:32:52
2022-06-02 18:40:36,2022-06-02 18:41:40,Located_Indoors, Browsing_Computer,annotator,Behavioral Parameters,2022-06-02 07:32:52,2022-06-02 07:33:56
2022-06-02 18:41:40,2022-06-02 18:42:29,Located_Indoors, In_Conversation,annotator,Behavioral Parameters,2022-06-02 07:33:56,2022-06-02 07:34:45
2022-06-02 18:42:29,2022-06-02 18:42:43,Located_Indoors,annotator,Behavioral Parameters,2022-06-02 07:34:45,2022-06-02 07:34:59
2022-06-02 18:42:43,2022-06-02 18:43:31,Located_Indoors, Holding_Other_Object_Light, Texting/Browsing_Phone,annotator,Behavioral Parameters,2022-06-02 07:34:59,2022-06-02 07:35:47
2022-06-02 18:43:31,2022-06-02 18:48:33,Browsing_Computer,annotator,Behavioral Parameters,2022-06-02 07:35:47,2022-06-02 07:40:49
2022-06-02 18:48:33,2022-06-02 18:48:47,Browsing_Computer, In_Conversation,annotator,Behavioral Parameters,2022-06-02 07:40:49,2022-06-02 07:41:03
2022-06-02 18:48:47,2022-06-02 18:55:53,Browsing_Computer, Located_Indoors,annotator,Behavioral Parameters,2022-06-02 07:41:03,2022-06-02 07:48:09
2022-06-02 18:55:53,2022-06-02 18:59:04,Located_Indoors, In_Conversation, Texting/Browsing_Phone,annotator,Behavioral Parameters,2022-06-02 07:48:09,2022-06-02 07:51:20
2022-06-02 18:59:04,2022-06-02 19:02:02,Located_Indoors, In_Conversation, Browsing_Computer,annotator,Behavioral Parameters,2022-06-02 07:51:20,2022-06-02 07:54:18
2022-06-02 19:02:02,2022-06-02 19:08:48,Located_Indoors, In_Conversation, Browsing_Computer,annotator,Behavioral Parameters,2022-06-02 07:54:18,2022-06-02 08:01:04
2022-06-02 19:08:48,2022-06-02 19:09:43,Located_Indoors,annotator,Behavioral Parameters,2022-06-02 08:01:04,2022-06-02 08:01:59
2022-06-02 19:09:43,2022-06-02 19:09:58,Located_Indoors, In_Conversation,annotator,Behavioral Parameters,2022-06-02 08:01:59,2022-06-02 08:02:14
2022-06-02 19:09:58,2022-06-02 19:11:24,Located_Indoors, In_Conversation, Carrying_Bag_On_Shoulder/Back_Light,annotator,Behavioral Parameters,2022-06-02 08:02:14,2022-06-02 08:03:40
2022-06-02 19:11:24,2022-06-02 19:11:37,Located_Indoors, Carrying_Bag_On_Shoulder/Back_Light,annotator,Behavioral Parameters,2022-06-02 08:03:40,2022-06-02 08:03:53
2022-06-02 19:11:37,2022-06-02 19:12:53,Carrying_Bag_On_Shoulder/Back_Light, Located_Outdoors,annotator,Behavioral Parameters,2022-06-02 08:03:53,2022-06-02 08:05:09
2022-06-02 19:12:53,2022-06-02 19:13:13,Carrying_Bag_On_Shoulder/Back_Light, Located_Outdoors,annotator,Behavioral Parameters,2022-06-02 08:05:09,2022-06-02 08:05:29
2022-06-02 19:13:13,2022-06-02 19:13:36,Carrying_Bag_On_Shoulder/Back_Light, Located_Outdoors,annotator,Behavioral Parameters,2022-06-02 08:05:29,2022-06-02 08:05:52
2022-06-02 19:13:36,2022-06-02 19:13:55,Carrying_Bag_On_Shoulder/Back_Light, Located_Outdoors,annotator,Behavioral Parameters,2022-06-02 08:05:52,2022-06-02 08:06:11
2022-06-02 19:13:55,2022-06-02 19:14:26,Carrying_Bag_On_Shoulder/Back_Light, Located_Outdoors,annotator,Behavioral Parameters,2022-06-02 08:06:11,2022-06-02 08:06:42
2022-06-02 19:14:26,2022-06-02 19:14:51,Carrying_Bag_On_Shoulder/Back_Light, Located_Outdoors, Texting/Browsing_Phone,annotator,Behavioral Parameters,2022-06-02 08:06:42,2022-06-02 08:07:07
2022-06-02 19:14:51,2022-06-02 19:16:03,Carrying_Bag_On_Shoulder/Back_Light, Located_Outdoors,annotator,Behavioral Parameters,2022-06-02 08:07:07,2022-06-02 08:08:19
2022-06-02 19:16:03,2022-06-02 19:16:11,Carrying_Bag_On_Shoulder/Back_Light, Located_Indoors,annotator,Behavioral Parameters,2022-06-02 08:08:19,2022-06-02 08:08:27
2022-06-02 19:16:11,2022-06-02 19:16:45,Carrying_Bag_On_Shoulder/Back_Light, Located_Indoors,annotator,Behavioral Parameters,2022-06-02 08:08:27,2022-06-02 08:09:01
2022-06-02 19:16:45,2022-06-02 19:16:52,Carrying_Bag_On_Shoulder/Back_Light, Located_Indoors, Texting/Browsing_Phone,annotator,Behavioral Parameters,2022-06-02 08:09:01,2022-06-02 08:09:08
2022-06-02 19:16:52,2022-06-02 19:17:25,Carrying_Bag_On_Shoulder/Back_Light, Located_Indoors, Texting/Browsing_Phone,annotator,Behavioral Parameters,2022-06-02 08:09:08,2022-06-02 08:09:41
2022-06-02 19:17:25,2022-06-02 19:17:39,Carrying_Bag_On_Shoulder/Back_Light, Located_Indoors, Texting/Browsing_Phone,annotator,Behavioral Parameters,2022-06-02 08:09:41,2022-06-02 08:09:55
2022-06-02 19:17:39,2022-06-02 19:18:39,Carrying_Bag_On_Shoulder/Back_Light, Located_Indoors,annotator,Behavioral Parameters,2022-06-02 08:09:55,2022-06-02 08:10:55
2022-06-02 19:18:39,2022-06-02 19:21:19,Located_Indoors,annotator,Behavioral Parameters,2022-06-02 08:10:55,2022-06-02 08:13:35
2022-06-02 19:21:19,2022-06-02 19:22:03,Located_Indoors, Holding_Other_Object_Light,annotator,Behavioral Parameters,2022-06-02 08:13:35,2022-06-02 08:14:19
2022-06-02 19:22:03,2022-06-02 19:23:32,Located_Indoors,annotator,Behavioral Parameters,2022-06-02 08:14:19,2022-06-02 08:15:48
2022-06-02 19:23:32,2022-06-02 19:25:06,Located_Indoors,annotator,Behavioral Parameters,2022-06-02 08:15:48,2022-06-02 08:17:22
2022-06-02 19:25:06,2022-06-02 19:25:27,Located_Indoors, Texting/Browsing_Phone,annotator,Behavioral Parameters,2022-06-02 08:17:22,2022-06-02 08:17:43
2022-06-02 19:25:27,2022-06-02 19:26:33,Located_Indoors,annotator,Behavioral Parameters,2022-06-02 08:17:43,2022-06-02 08:18:49
2022-06-02 19:26:33,2022-06-02 19:27:23,Located_Indoors, On_Video_Call/FaceTime,annotator,Behavioral Parameters,2022-06-02 08:18:49,2022-06-02 08:19:39
2022-06-02 19:27:23,2022-06-02 19:29:14,Located_Indoors, Holding_Solid_Food,annotator,Behavioral Parameters,2022-06-02 08:19:39,2022-06-02 08:21:30
2022-06-02 19:29:14,2022-06-02 19:29:58,Located_Indoors, Holding_Solid_Food,annotator,Behavioral Parameters,2022-06-02 08:21:30,2022-06-02 08:22:14
2022-06-02 19:29:58,2022-06-02 19:31:44,Located_Indoors, Holding_Solid_Food,annotator,Behavioral Parameters,2022-06-02 08:22:14,2022-06-02 08:24:00
2022-06-02 19:31:44,2022-06-02 19:34:27,Located_Indoors, Holding_Other_Object_Light, Texting/Browsing_Phone,annotator,Behavioral Parameters,2022-06-02 08:24:00,2022-06-02 08:26:43
2022-06-02 19:34:27,2022-06-02 19:40:25,Located_Indoors, CP_VideoUnavailable/Indecipherable,annotator,Behavioral Parameters,2022-06-02 08:26:43,2022-06-02 08:32:41
2022-06-02 19:40:25,2022-06-02 19:41:07,Located_Indoors,annotator,Behavioral Parameters,2022-06-02 08:32:41,2022-06-02 08:33:23
2022-06-02 19:41:07,2022-06-02 19:41:45,Located_Indoors,annotator,Behavioral Parameters,2022-06-02 08:33:23,2022-06-02 08:34:01
2022-06-02 19:41:45,2022-06-02 19:42:23,Located_Indoors, Texting/Browsing_Phone,annotator,Behavioral Parameters,2022-06-02 08:34:01,2022-06-02 08:34:39
2022-06-02 19:42:23,2022-06-02 19:43:12,Located_Indoors, Texting/Browsing_Phone,annotator,Behavioral Parameters,2022-06-02 08:34:39,2022-06-02 08:35:28
2022-06-02 19:43:12,2022-06-02 19:43:22,Located_Indoors, Texting/Browsing_Phone,annotator,Behavioral Parameters,2022-06-02 08:35:28,2022-06-02 08:35:38
2022-06-02 19:43:22,2022-06-02 19:44:02,Located_Indoors, Texting/Browsing_Phone,annotator,Behavioral Parameters,2022-06-02 08:35:38,2022-06-02 08:36:18
2022-06-02 19:44:02,2022-06-02 19:44:24,Located_Indoors,annotator,Behavioral Parameters,2022-06-02 08:36:18,2022-06-02 08:36:40
2022-06-02 19:44:24,2022-06-02 19:44:58,Located_Outdoors,annotator,Behavioral Parameters,2022-06-02 08:36:40,2022-06-02 08:37:14
2022-06-02 19:44:58,2022-06-02 19:45:09,Located_Outdoors, Texting/Browsing_Phone,annotator,Behavioral Parameters,2022-06-02 08:37:14,2022-06-02 08:37:25
2022-06-02 19:45:09,2022-06-02 19:46:38,Located_Outdoors,annotator,Behavioral Parameters,2022-06-02 08:37:25,2022-06-02 08:38:54
2022-06-02 19:46:38,2022-06-02 19:47:44,Located_Outdoors, Texting/Browsing_Phone,annotator,Behavioral Parameters,2022-06-02 08:38:54,2022-06-02 08:40:00
2022-06-02 19:47:44,2022-06-02 19:49:54,Located_Outdoors,annotator,Behavioral Parameters,2022-06-02 08:40:00,2022-06-02 08:42:10
2022-06-02 19:49:54,2022-06-02 19:50:07,Located_Outdoors,annotator,Behavioral Parameters,2022-06-02 08:42:10,2022-06-02 08:42:23
2022-06-02 19:50:07,2022-06-02 19:51:36,Located_Outdoors,annotator,Behavioral Parameters,2022-06-02 08:42:23,2022-06-02 08:43:52
2022-06-02 19:51:36,2022-06-02 19:51:51,Located_Outdoors,annotator,Behavioral Parameters,2022-06-02 08:43:52,2022-06-02 08:44:07
2022-06-02 19:51:51,2022-06-02 19:54:47,Located_Outdoors,annotator,Behavioral Parameters,2022-06-02 08:44:07,2022-06-02 08:47:03
2022-06-02 19:54:47,2022-06-02 19:55:09,Located_Indoors,annotator,Behavioral Parameters,2022-06-02 08:47:03,2022-06-02 08:47:25
2022-06-02 19:55:09,2022-06-02 19:55:30,Located_Indoors, Texting/Browsing_Phone,annotator,Behavioral Parameters,2022-06-02 08:47:25,2022-06-02 08:47:46
2022-06-02 19:55:30,2022-06-02 19:56:09,Located_Indoors,annotator,Behavioral Parameters,2022-06-02 08:47:46,2022-06-02 08:48:25
2022-06-02 19:56:09,2022-06-02 19:56:32,Located_Indoors, Texting/Browsing_Phone,annotator,Behavioral Parameters,2022-06-02 08:48:25,2022-06-02 08:48:48
2022-06-02 19:56:32,2022-06-02 20:04:14,Located_Indoors, Texting/Browsing_Phone, In_Conversation,annotator,Behavioral Parameters,2022-06-02 08:48:48,2022-06-02 08:56:30
2022-06-02 20:04:14,2022-06-02 20:06:56,Located_Indoors, In_Conversation,annotator,Behavioral Parameters,2022-06-02 08:56:30,2022-06-02 08:59:12
2022-06-02 20:06:56,2022-06-02 20:07:28,Located_Indoors,annotator,Behavioral Parameters,2022-06-02 08:59:12,2022-06-02 08:59:44
2022-06-02 20:07:28,2022-06-02 20:08:57,Located_Indoors, Holding_Other_Object_Light,annotator,Behavioral Parameters,2022-06-02 08:59:44,2022-06-02 09:01:13
2022-06-02 20:08:57,2022-06-02 20:57:15,Located_Indoors, In_Conversation,annotator,Behavioral Parameters,2022-06-02 09:01:13,2022-06-02 09:49:31
2022-06-02 20:57:15,2022-06-02 20:58:07,Located_Indoors,annotator,Behavioral Parameters,2022-06-02 09:49:31,2022-06-02 09:50:23
2022-06-02 20:58:07,2022-06-02 20:59:21,Located_Indoors, Holding_Other_Object_Light,annotator,Behavioral Parameters,2022-06-02 09:50:23,2022-06-02 09:51:37
2022-06-02 20:59:21,2022-06-02 20:59:30,Located_Indoors, Holding_Other_Object_Light,annotator,Behavioral Parameters,2022-06-02 09:51:37,2022-06-02 09:51:46
2022-06-02 20:59:30,2022-06-02 20:59:47,Located_Indoors, Holding_Other_Object_Light,annotator,Behavioral Parameters,2022-06-02 09:51:46,2022-06-02 09:52:03
2022-06-02 20:59:47,2022-06-02 21:00:15,Located_Indoors,annotator,Behavioral Parameters,2022-06-02 09:52:03,2022-06-02 09:52:31
2022-06-02 21:00:15,2022-06-02 21:01:27,Located_Indoors, Texting/Browsing_Phone,annotator,Behavioral Parameters,2022-06-02 09:52:31,2022-06-02 09:53:43
2022-06-02 21:01:27,2022-06-02 21:01:35,Located_Indoors, Texting/Browsing_Phone,annotator,Behavioral Parameters,2022-06-02 09:53:43,2022-06-02 09:53:51
2022-06-02 21:01:35,2022-06-02 21:03:07,Located_Indoors, Texting/Browsing_Phone,annotator,Behavioral Parameters,2022-06-02 09:53:51,2022-06-02 09:55:23
2022-06-02 21:03:07,2022-06-02 21:03:38,Located_Indoors, Texting/Browsing_Phone,annotator,Behavioral Parameters,2022-06-02 09:55:23,2022-06-02 09:55:54
2022-06-02 21:03:38,2022-06-02 21:03:58,Located_Indoors,annotator,Behavioral Parameters,2022-06-02 09:55:54,2022-06-02 09:56:14
2022-06-02 21:03:58,2022-06-02 21:04:21,Located_Indoors, Holding_Other_Object_Light,annotator,Behavioral Parameters,2022-06-02 09:56:14,2022-06-02 09:56:37
2022-06-02 21:04:21,2022-06-02 21:04:34,Located_Indoors,annotator,Behavioral Parameters,2022-06-02 09:56:37,2022-06-02 09:56:50
2022-06-02 21:04:34,2022-06-02 21:07:08,Located_Indoors, Texting/Browsing_Phone,annotator,Behavioral Parameters,2022-06-02 09:56:50,2022-06-02 09:59:24
2022-06-02 21:07:08,2022-06-02 21:07:49,Located_Indoors, Texting/Browsing_Phone,annotator,Behavioral Parameters,2022-06-02 09:59:24,2022-06-02 10:00:05
2022-06-02 21:07:49,2022-06-02 21:08:09,Located_Indoors,annotator,Behavioral Parameters,2022-06-02 10:00:05,2022-06-02 10:00:25
2022-06-02 21:08:09,2022-06-02 21:08:31,Located_Indoors,annotator,Behavioral Parameters,2022-06-02 10:00:25,2022-06-02 10:00:47
2022-06-02 21:08:31,2022-06-02 21:08:40,Located_Indoors,annotator,Behavioral Parameters,2022-06-02 10:00:47,2022-06-02 10:00:56
2022-06-02 21:08:40,2022-06-02 21:08:48,Texting/Browsing_Phone,annotator,Behavioral Parameters,2022-06-02 10:00:56,2022-06-02 10:01:04
2022-06-02 21:08:48,2022-06-02 21:08:56,On_Phone_Call,annotator,Behavioral Parameters,2022-06-02 10:01:04,2022-06-02 10:01:12
2022-06-02 21:08:56,2022-06-02 21:09:05,Texting/Browsing_Phone,annotator,Behavioral Parameters,2022-06-02 10:01:12,2022-06-02 10:01:21
2022-06-02 21:09:05,2022-06-02 21:09:23,Texting/Browsing_Phone, In_Conversation, Located_Outdoors,annotator,Behavioral Parameters,2022-06-02 10:01:21,2022-06-02 10:01:39
2022-06-02 21:09:23,2022-06-02 21:09:52,Texting/Browsing_Phone, In_Conversation, Located_Outdoors,annotator,Behavioral Parameters,2022-06-02 10:01:39,2022-06-02 10:02:08
2022-06-02 21:09:52,2022-06-02 21:17:26,Located_Outdoors,annotator,Behavioral Parameters,2022-06-02 10:02:08,2022-06-02 10:09:42
2022-06-02 21:17:26,2022-06-02 21:17:38,Located_Outdoors,annotator,Behavioral Parameters,2022-06-02 10:09:42,2022-06-02 10:09:54
2022-06-02 21:17:38,2022-06-02 21:19:52,Located_Outdoors,annotator,Behavioral Parameters,2022-06-02 10:09:54,2022-06-02 10:12:08
2022-06-02 21:19:52,2022-06-02 21:20:09,Located_Outdoors, Texting/Browsing_Phone,annotator,Behavioral Parameters,2022-06-02 10:12:08,2022-06-02 10:12:25
2022-06-02 21:20:09,2022-06-02 21:20:39,Located_Outdoors, In_Conversation,annotator,Behavioral Parameters,2022-06-02 10:12:25,2022-06-02 10:12:55
2022-06-02 21:20:39,2022-06-02 21:21:04,Located_Indoors, Holding_Other_Object_Light,annotator,Behavioral Parameters,2022-06-02 10:12:55,2022-06-02 10:13:20
2022-06-02 21:21:04,2022-06-02 21:21:10,Located_Indoors, Holding_Other_Object_Light, Texting/Browsing_Phone,annotator,Behavioral Parameters,2022-06-02 10:13:20,2022-06-02 10:13:26
2022-06-02 21:21:10,2022-06-02 21:21:15,Located_Indoors, Holding_Other_Object_Light,annotator,Behavioral Parameters,2022-06-02 10:13:26,2022-06-02 10:13:31
2022-06-02 21:21:15,2022-06-02 21:21:23,Located_Indoors, Holding_Other_Object_Light,annotator,Behavioral Parameters,2022-06-02 10:13:31,2022-06-02 10:13:39
2022-06-02 21:21:23,2022-06-02 21:21:51,Located_Indoors, Holding_Other_Object_Light, In_Conversation,annotator,Behavioral Parameters,2022-06-02 10:13:39,2022-06-02 10:14:07
2022-06-02 21:21:51,2022-06-02 21:21:58,Located_Indoors, Holding_Other_Object_Light,annotator,Behavioral Parameters,2022-06-02 10:14:07,2022-06-02 10:14:14
2022-06-02 21:21:58,2022-06-02 21:22:22,Located_Indoors, Holding_Other_Object_Light,annotator,Behavioral Parameters,2022-06-02 10:14:14,2022-06-02 10:14:38
2022-06-02 21:22:22,2022-06-02 21:22:30,Located_Indoors,annotator,Behavioral Parameters,2022-06-02 10:14:38,2022-06-02 10:14:46
2022-06-02 21:22:30,2022-06-02 21:22:47,Located_Indoors, In_Conversation,annotator,Behavioral Parameters,2022-06-02 10:14:46,2022-06-02 10:15:03
2022-06-02 21:22:47,2022-06-02 21:23:18,Located_Indoors,annotator,Behavioral Parameters,2022-06-02 10:15:03,2022-06-02 10:15:34
2022-06-02 21:23:18,2022-06-02 21:23:34,Located_Indoors, In_Conversation,annotator,Behavioral Parameters,2022-06-02 10:15:34,2022-06-02 10:15:50
2022-06-02 21:23:34,2022-06-02 21:24:12,Located_Indoors,annotator,Behavioral Parameters,2022-06-02 10:15:50,2022-06-02 10:16:28
2022-06-02 21:24:12,2022-06-02 21:25:02,Located_Indoors,annotator,Behavioral Parameters,2022-06-02 10:16:28,2022-06-02 10:17:18
2022-06-02 21:25:02,2022-06-02 21:25:13,Located_Indoors,annotator,Behavioral Parameters,2022-06-02 10:17:18,2022-06-02 10:17:29
2022-06-02 21:25:13,2022-06-02 21:25:57,Located_Indoors,annotator,Behavioral Parameters,2022-06-02 10:17:29,2022-06-02 10:18:13
2022-06-02 21:25:57,2022-06-02 21:31:54,Located_Indoors, BP_Other,annotator,Behavioral Parameters,2022-06-02 10:18:13,2022-06-02 10:24:10
2022-06-02 21:31:54,2022-06-02 21:34:04,Located_Indoors,annotator,Behavioral Parameters,2022-06-02 10:24:10,2022-06-02 10:26:20
2022-06-02 21:34:04,2022-06-02 21:34:46,Located_Indoors,annotator,Behavioral Parameters,2022-06-02 10:26:20,2022-06-02 10:27:02
2022-06-02 21:34:46,2022-06-02 21:34:59,Located_Indoors,annotator,Behavioral Parameters,2022-06-02 10:27:02,2022-06-02 10:27:15
2022-06-02 21:34:59,2022-06-02 21:35:16,Located_Indoors, Texting/Browsing_Phone,annotator,Behavioral Parameters,2022-06-02 10:27:15,2022-06-02 10:27:32
2022-06-02 21:35:16,2022-06-02 21:35:35,Located_Indoors, Texting/Browsing_Phone,annotator,Behavioral Parameters,2022-06-02 10:27:32,2022-06-02 10:27:51
2022-06-02 21:35:35,2022-06-02 21:36:09,Located_Indoors, Holding_Other_Object_Light,annotator,Behavioral Parameters,2022-06-02 10:27:51,2022-06-02 10:28:25
2022-06-02 21:36:09,2022-06-02 21:37:00,Located_Indoors, Typing_Computer, Browsing_Computer,annotator,Behavioral Parameters,2022-06-02 10:28:25,2022-06-02 10:29:16
2022-06-02 21:37:00,2022-06-02 21:43:02,Located_Indoors, BP_VideoUnavailable/Indecipherable,annotator,Behavioral Parameters,2022-06-02 10:29:16,2022-06-02 10:35:18
2022-06-02 21:43:02,2022-06-02 21:43:05,Located_Indoors, Texting/Browsing_Phone,annotator,Behavioral Parameters,2022-06-02 10:35:18,2022-06-02 10:35:21
2022-06-02 21:43:05,2022-06-02 21:48:28,Located_Indoors, BP_VideoUnavailable/Indecipherable,annotator,Behavioral Parameters,2022-06-02 10:35:21,2022-06-02 10:40:44
2022-06-02 21:48:28,2022-06-02 21:50:07,Located_Indoors, In_Conversation, Browsing_Computer,annotator,Behavioral Parameters,2022-06-02 10:40:44,2022-06-02 10:42:23
2022-06-02 21:50:07,2022-06-02 21:50:32,Located_Indoors, In_Conversation, Browsing_Computer, Texting/Browsing_Phone,annotator,Behavioral Parameters,2022-06-02 10:42:23,2022-06-02 10:42:48
2022-06-02 21:50:32,2022-06-02 21:58:10,Located_Indoors, In_Conversation, Browsing_Computer, Typing_Computer,annotator,Behavioral Parameters,2022-06-02 10:42:48,2022-06-02 10:50:26
2022-06-02 21:58:10,2022-06-02 21:58:26,Located_Indoors, In_Conversation, Texting/Browsing_Phone,annotator,Behavioral Parameters,2022-06-02 10:50:26,2022-06-02 10:50:42
2022-06-02 21:58:26,2022-06-02 21:58:59,Located_Indoors, In_Conversation,annotator,Behavioral Parameters,2022-06-02 10:50:42,2022-06-02 10:51:15
2022-06-02 21:58:59,2022-06-02 21:59:45,Located_Indoors, In_Conversation, Texting/Browsing_Phone,annotator,Behavioral Parameters,2022-06-02 10:51:15,2022-06-02 10:52:01
2022-06-02 21:59:45,2022-06-02 22:00:46,Located_Indoors, In_Conversation, Browsing_Computer, Typing_Computer,annotator,Behavioral Parameters,2022-06-02 10:52:01,2022-06-02 10:53:02
2022-06-02 22:00:46,2022-06-02 22:02:02,Located_Indoors, In_Conversation, Texting/Browsing_Phone,annotator,Behavioral Parameters,2022-06-02 10:53:02,2022-06-02 10:54:18
2022-06-02 22:02:02,2022-06-02 22:04:21,Located_Indoors, In_Conversation, Typing_Computer, Browsing_Computer,annotator,Behavioral Parameters,2022-06-02 10:54:18,2022-06-02 10:56:37
2022-06-02 22:04:21,2022-06-02 22:04:36,Located_Indoors, In_Conversation, Texting/Browsing_Phone,annotator,Behavioral Parameters,2022-06-02 10:56:37,2022-06-02 10:56:52
2022-06-02 22:04:36,2022-06-02 22:07:44,Located_Indoors, In_Conversation, Typing_Computer, Browsing_Computer,annotator,Behavioral Parameters,2022-06-02 10:56:52,2022-06-02 11:00:00
2022-06-02 22:07:44,2022-06-02 22:08:31,Located_Indoors, In_Conversation, Texting/Browsing_Phone,annotator,Behavioral Parameters,2022-06-02 11:00:00,2022-06-02 11:00:47
2022-06-02 22:08:31,2022-06-02 22:09:37,Located_Indoors, Holding_Solid_Food,annotator,Behavioral Parameters,2022-06-02 11:00:47,2022-06-02 11:01:53
2022-06-02 22:09:37,2022-06-02 22:09:43,Located_Indoors, Holding_Solid_Food,annotator,Behavioral Parameters,2022-06-02 11:01:53,2022-06-02 11:01:59
2022-06-02 22:09:43,2022-06-02 22:11:08,Located_Indoors, Holding_Solid_Food, Texting/Browsing_Phone, Browsing_Computer,annotator,Behavioral Parameters,2022-06-02 11:01:59,2022-06-02 11:03:24
2022-06-02 22:11:08,2022-06-02 22:11:45,Located_Indoors, Holding_Solid_Food,annotator,Behavioral Parameters,2022-06-02 11:03:24,2022-06-02 11:04:01
2022-06-02 22:11:45,2022-06-02 22:11:50,Located_Indoors, Holding_Solid_Food,annotator,Behavioral Parameters,2022-06-02 11:04:01,2022-06-02 11:04:06
2022-06-02 22:11:50,2022-06-02 22:12:14,Located_Indoors, Holding_Solid_Food,annotator,Behavioral Parameters,2022-06-02 11:04:06,2022-06-02 11:04:30
2022-06-02 22:12:14,2022-06-02 22:12:32,Located_Indoors, Holding_Solid_Food, Holding_Other_Object_Light,annotator,Behavioral Parameters,2022-06-02 11:04:30,2022-06-02 11:04:48
2022-06-02 22:12:32,2022-06-02 22:20:00,Located_Indoors, Browsing_Computer,annotator,Behavioral Parameters,2022-06-02 11:04:48,2022-06-02 11:12:16
2022-06-02 22:20:00,2022-06-02 22:21:19,Located_Indoors, Texting/Browsing_Phone,annotator,Behavioral Parameters,2022-06-02 11:12:16,2022-06-02 11:13:35
2022-06-02 22:21:19,2022-06-02 22:23:45,Located_Indoors, Browsing_Computer, Typing_Computer,annotator,Behavioral Parameters,2022-06-02 11:13:35,2022-06-02 11:16:01
2022-06-02 22:23:45,2022-06-02 22:33:43,Located_Indoors, Browsing_Computer, Typing_Computer, In_Conversation,annotator,Behavioral Parameters,2022-06-02 11:16:01,2022-06-02 11:25:59
2022-06-02 22:33:43,2022-06-02 22:36:32,Located_Indoors, Browsing_Computer, Typing_Computer,annotator,Behavioral Parameters,2022-06-02 11:25:59,2022-06-02 11:28:48
2022-06-02 22:36:32,2022-06-02 22:37:22,Located_Indoors, Texting/Browsing_Phone,annotator,Behavioral Parameters,2022-06-02 11:28:48,2022-06-02 11:29:38
2022-06-02 22:37:22,2022-06-02 22:39:13,Located_Indoors, Texting/Browsing_Phone, Typing_Computer, Browsing_Computer, In_Conversation,annotator,Behavioral Parameters,2022-06-02 11:29:38,2022-06-02 11:31:29
2022-06-02 22:39:13,2022-06-02 22:42:04,Located_Indoors, Typing_Computer, Browsing_Computer,annotator,Behavioral Parameters,2022-06-02 11:31:29,2022-06-02 11:34:20
2022-06-02 22:42:04,2022-06-02 22:43:31,Located_Indoors, BP_VideoUnavailable/Indecipherable,annotator,Behavioral Parameters,2022-06-02 11:34:20,2022-06-02 11:35:47
2022-06-02 22:43:31,2022-06-02 22:44:32,Located_Indoors, In_Conversation, Browsing_Computer, Typing_Computer, Texting/Browsing_Phone,annotator,Behavioral Parameters,2022-06-02 11:35:47,2022-06-02 11:36:48
2022-06-02 22:44:32,2022-06-02 22:44:45,Located_Indoors,annotator,Behavioral Parameters,2022-06-02 11:36:48,2022-06-02 11:37:01
2022-06-02 22:44:45,2022-06-02 22:44:55,Located_Indoors, Holding_Other_Object_Light,annotator,Behavioral Parameters,2022-06-02 11:37:01,2022-06-02 11:37:11
2022-06-02 22:44:55,2022-06-02 22:53:35,Located_Indoors, Browsing_Computer,annotator,Behavioral Parameters,2022-06-02 11:37:11,2022-06-02 11:45:51
2022-06-02 22:53:35,2022-06-02 22:53:49,Located_Indoors,annotator,Behavioral Parameters,2022-06-02 11:45:51,2022-06-02 11:46:05
2022-06-02 22:53:49,2022-06-02 22:54:16,Located_Indoors,annotator,Behavioral Parameters,2022-06-02 11:46:05,2022-06-02 11:46:32
2022-06-02 22:54:16,2022-06-02 22:58:26,Located_Indoors, On_Phone_Call,annotator,Behavioral Parameters,2022-06-02 11:46:32,2022-06-02 11:50:42
2022-06-02 22:58:26,2022-06-02 22:58:32,Located_Indoors, On_Phone_Call,annotator,Behavioral Parameters,2022-06-02 11:50:42,2022-06-02 11:50:48
2022-06-02 22:58:32,2022-06-02 22:59:44,Located_Indoors, Texting/Browsing_Phone,annotator,Behavioral Parameters,2022-06-02 11:50:48,2022-06-02 11:52:00
2022-06-02 22:59:44,2022-06-02 23:01:13,Located_Indoors, In_Conversation,annotator,Behavioral Parameters,2022-06-02 11:52:00,2022-06-02 11:53:29
2022-06-02 23:01:13,2022-06-02 23:01:31,Located_Indoors,annotator,Behavioral Parameters,2022-06-02 11:53:29,2022-06-02 11:53:47
2022-06-02 23:01:31,2022-06-02 23:21:03,Located_Indoors,annotator,Behavioral Parameters,2022-06-02 11:53:47,2022-06-02 12:13:19
2022-06-02 23:21:03,2022-06-02 23:22:03,Located_Indoors,annotator,Behavioral Parameters,2022-06-02 12:13:19,2022-06-02 12:14:19
2022-06-02 23:22:03,2022-06-02 23:22:59,Located_Indoors, Holding_Other_Object_Light, In_Conversation,annotator,Behavioral Parameters,2022-06-02 12:14:19,2022-06-02 12:15:15
2022-06-02 23:22:59,2022-06-02 23:24:00,Located_Indoors, Holding_Other_Object_Light,annotator,Behavioral Parameters,2022-06-02 12:15:15,2022-06-02 12:16:16
2022-06-02 23:24:00,2022-06-02 23:25:53,Located_Indoors, Holding_Other_Object_Light,annotator,Behavioral Parameters,2022-06-02 12:16:16,2022-06-02 12:18:09
2022-06-02 23:25:53,2022-06-02 23:25:55,Located_Indoors,annotator,Behavioral Parameters,2022-06-02 12:18:09,2022-06-02 12:18:11
2022-06-02 23:25:55,2022-06-02 23:28:11,Located_Indoors, In_Conversation, Holding_Solid_Food,annotator,Behavioral Parameters,2022-06-02 12:18:11,2022-06-02 12:20:27
2022-06-02 23:28:11,2022-06-02 23:44:32,Located_Indoors, Browsing_Computer,annotator,Behavioral Parameters,2022-06-02 12:20:27,2022-06-02 12:36:48
2022-06-02 23:44:32,2022-06-02 23:45:17,Located_Indoors,annotator,Behavioral Parameters,2022-06-02 12:36:48,2022-06-02 12:37:33
2022-06-02 23:45:17,2022-06-02 23:48:56,Located_Indoors, Browsing_Computer, Holding_Solid_Food,annotator,Behavioral Parameters,2022-06-02 12:37:33,2022-06-02 12:41:12
2022-06-02 23:48:56,2022-06-02 23:51:04,Located_Indoors, Browsing_Computer,annotator,Behavioral Parameters,2022-06-02 12:41:12,2022-06-02 12:43:20
2022-06-02 23:51:04,2022-06-02 23:51:08,Located_Indoors, Browsing_Computer,annotator,Behavioral Parameters,2022-06-02 12:43:20,2022-06-02 12:43:24
2022-06-02 23:51:08,2022-06-02 23:59:26,Located_Indoors, Browsing_Computer,annotator,Behavioral Parameters,2022-06-02 12:43:24,2022-06-02 12:51:42
2022-06-02 23:59:26,2022-06-03 00:01:37,Located_Indoors, Texting/Browsing_Phone,annotator,Behavioral Parameters,2022-06-02 12:51:42,2022-06-02 12:53:53
2022-06-03 00:01:37,2022-06-03 00:02:55,Located_Indoors, In_Conversation,annotator,Behavioral Parameters,2022-06-02 12:53:53,2022-06-02 12:55:11
2022-06-03 00:02:55,2022-06-03 00:05:08,Located_Indoors, In_Conversation, Browsing_Computer,annotator,Behavioral Parameters,2022-06-02 12:55:11,2022-06-02 12:57:24
2022-06-03 00:05:08,2022-06-03 00:05:48,Located_Indoors, Texting/Browsing_Phone,annotator,Behavioral Parameters,2022-06-02 12:57:24,2022-06-02 12:58:04
2022-06-03 00:05:48,2022-06-03 00:08:12,Located_Indoors, Browsing_Computer,annotator,Behavioral Parameters,2022-06-02 12:58:04,2022-06-02 13:00:28
2022-06-03 00:08:12,2022-06-03 00:08:42,Located_Indoors, Browsing_Computer, In_Conversation,annotator,Behavioral Parameters,2022-06-02 13:00:28,2022-06-02 13:00:58
2022-06-03 00:08:42,2022-06-03 00:08:50,Located_Indoors, In_Conversation, Browsing_Computer,annotator,Behavioral Parameters,2022-06-02 13:00:58,2022-06-02 13:01:06
2022-06-03 00:08:50,2022-06-03 00:12:49,Located_Indoors, Browsing_Computer,annotator,Behavioral Parameters,2022-06-02 13:01:06,2022-06-02 13:05:05
2022-06-03 00:12:49,2022-06-03 00:13:07,Located_Indoors,annotator,Behavioral Parameters,2022-06-02 13:05:05,2022-06-02 13:05:23
2022-06-03 00:13:07,2022-06-03 00:13:50,Located_Indoors, In_Conversation,annotator,Behavioral Parameters,2022-06-02 13:05:23,2022-06-02 13:06:06
2022-06-03 00:13:50,2022-06-03 00:24:24,Located_Indoors, Browsing_Computer,annotator,Behavioral Parameters,2022-06-02 13:06:06,2022-06-02 13:16:40
2022-06-03 00:24:24,2022-06-03 00:25:06,Located_Indoors,annotator,Behavioral Parameters,2022-06-02 13:16:40,2022-06-02 13:17:22
2022-06-03 00:25:06,2022-06-03 00:27:20,Located_Indoors, Texting/Browsing_Phone, In_Conversation,annotator,Behavioral Parameters,2022-06-02 13:17:22,2022-06-02 13:19:36
2022-06-03 00:27:20,2022-06-03 00:27:44,Located_Indoors, In_Conversation,annotator,Behavioral Parameters,2022-06-02 13:19:36,2022-06-02 13:20:00
2022-06-03 00:27:44,2022-06-03 00:30:09,Located_Indoors,annotator,Behavioral Parameters,2022-06-02 13:20:00,2022-06-02 13:22:25
2022-06-03 00:30:09,2022-06-03 00:32:26,Located_Indoors, Texting/Browsing_Phone,annotator,Behavioral Parameters,2022-06-02 13:22:25,2022-06-02 13:24:42
2022-06-03 00:32:26,2022-06-03 00:35:15,Located_Indoors,annotator,Behavioral Parameters,2022-06-02 13:24:42,2022-06-02 13:27:31
2022-06-03 00:35:15,2022-06-03 00:36:39,Located_Indoors, Texting/Browsing_Phone,annotator,Behavioral Parameters,2022-06-02 13:27:31,2022-06-02 13:28:55
2022-06-03 00:36:39,2022-06-03 00:37:25,Located_Indoors,annotator,Behavioral Parameters,2022-06-02 13:28:55,2022-06-02 13:29:41
2022-06-03 00:37:25,2022-06-03 00:38:59,Located_Indoors,annotator,Behavioral Parameters,2022-06-02 13:29:41,2022-06-02 13:31:15
2022-06-03 00:38:59,2022-06-03 00:39:34,Located_Indoors, In_Conversation, Browsing_Computer,annotator,Behavioral Parameters,2022-06-02 13:31:15,2022-06-02 13:31:50
2022-06-03 00:39:34,2022-06-03 00:41:06,Located_Indoors, Browsing_Computer,annotator,Behavioral Parameters,2022-06-02 13:31:50,2022-06-02 13:33:22
2022-06-03 00:41:06,2022-06-03 00:41:28,Located_Indoors, Browsing_Computer, In_Conversation,annotator,Behavioral Parameters,2022-06-02 13:33:22,2022-06-02 13:33:44
2022-06-03 00:41:28,2022-06-03 00:42:05,Located_Indoors, Browsing_Computer,annotator,Behavioral Parameters,2022-06-02 13:33:44,2022-06-02 13:34:21
2022-06-03 00:42:05,2022-06-03 00:44:20,Located_Indoors, Texting/Browsing_Phone,annotator,Behavioral Parameters,2022-06-02 13:34:21,2022-06-02 13:36:36
2022-06-03 00:44:20,2022-06-03 00:44:37,Located_Indoors,annotator,Behavioral Parameters,2022-06-02 13:36:36,2022-06-02 13:36:53
2022-06-03 00:44:37,2022-06-03 00:45:07,Located_Indoors, Texting/Browsing_Phone,annotator,Behavioral Parameters,2022-06-02 13:36:53,2022-06-02 13:37:23
2022-06-03 00:45:07,2022-06-03 00:49:37,Located_Indoors, Browsing_Computer,annotator,Behavioral Parameters,2022-06-02 13:37:23,2022-06-02 13:41:53
2022-06-03 00:49:37,2022-06-03 00:51:42,Located_Indoors, Texting/Browsing_Phone,annotator,Behavioral Parameters,2022-06-02 13:41:53,2022-06-02 13:43:58
2022-06-03 00:51:42,2022-06-03 00:52:17,Located_Indoors, Browsing_Computer,annotator,Behavioral Parameters,2022-06-02 13:43:58,2022-06-02 13:44:33
2022-06-03 00:52:17,2022-06-03 00:53:20,Located_Indoors, Texting/Browsing_Phone,annotator,Behavioral Parameters,2022-06-02 13:44:33,2022-06-02 13:45:36
2022-06-03 00:53:20,2022-06-03 00:56:06,Located_Indoors, Browsing_Computer,annotator,Behavioral Parameters,2022-06-02 13:45:36,2022-06-02 13:48:22
2022-06-03 00:56:06,2022-06-03 00:57:09,Located_Indoors, In_Conversation,annotator,Behavioral Parameters,2022-06-02 13:48:22,2022-06-02 13:49:25
2022-06-03 00:57:09,2022-06-03 00:58:40,Located_Indoors, Browsing_Computer,annotator,Behavioral Parameters,2022-06-02 13:49:25,2022-06-02 13:50:56
2022-06-03 00:58:40,2022-06-03 00:59:29,Located_Indoors, In_Conversation,annotator,Behavioral Parameters,2022-06-02 13:50:56,2022-06-02 13:51:45
2022-06-03 00:59:29,2022-06-03 01:00:37,Located_Indoors, In_Conversation, Texting/Browsing_Phone,annotator,Behavioral Parameters,2022-06-02 13:51:45,2022-06-02 13:52:53
2022-06-03 01:00:37,2022-06-03 01:04:53,Located_Indoors, BP_VideoUnavailable/Indecipherable,annotator,Behavioral Parameters,2022-06-02 13:52:53,2022-06-02 13:57:09
2022-06-03 01:04:53,2022-06-03 01:12:08,Located_Indoors, On_Video_Call/FaceTime, Texting/Browsing_Phone,annotator,Behavioral Parameters,2022-06-02 13:57:09,2022-06-02 14:04:24
