START_TIME,STOP_TIME,PREDICTION,SOURCE,LABELSET,VIDEO_START_TIME,VIDEO_END_TIME
2022-03-28 20:28:46,2022-03-28 20:29:42,HLB_Indecipherable/Video_Insufficient,annotator,HIGH LEVEL BEHAVIOR,2022-03-28 00:00:00,2022-03-28 00:00:56
2022-03-28 20:29:42,2022-03-28 20:31:25,Meeting _Social_Gathering_In_Person,annotator,HIGH LEVEL BEHAVIOR,2022-03-28 00:00:56,2022-03-28 00:02:39
2022-03-28 20:31:25,2022-03-28 20:32:24,Meeting _Social_Gathering_In_Person,annotator,HIGH LEVEL BEHAVIOR,2022-03-28 00:02:39,2022-03-28 00:03:38
2022-03-28 20:32:24,2022-03-28 20:36:58,Meeting _Social_Gathering_In_Person,annotator,HIGH LEVEL BEHAVIOR,2022-03-28 00:03:38,2022-03-28 00:08:12
2022-03-28 20:36:58,2022-03-28 20:39:17,HLB_Indecipherable/Video_Insufficient,annotator,HIGH LEVEL BEHAVIOR,2022-03-28 00:08:12,2022-03-28 00:10:31
2022-03-28 20:39:19,2022-03-28 20:52:51,Meeting _Social_Gathering_In_Person,annotator,HIGH LEVEL BEHAVIOR,2022-03-28 00:10:33,2022-03-28 00:24:05
2022-03-28 20:52:51,2022-03-28 20:56:31,Meeting _Social_Gathering_In_Person,annotator,HIGH LEVEL BEHAVIOR,2022-03-28 00:24:05,2022-03-28 00:27:45
2022-03-28 20:56:31,2022-03-28 20:58:04,Meeting _Social_Gathering_In_Person,annotator,HIGH LEVEL BEHAVIOR,2022-03-28 00:27:45,2022-03-28 00:29:18
2022-03-28 20:58:04,2022-03-28 21:09:43,HLB_Indecipherable/Video_Insufficient,annotator,HIGH LEVEL BEHAVIOR,2022-03-28 00:29:18,2022-03-28 00:40:57
2022-03-28 21:09:43,2022-03-28 21:13:40,Meeting _Social_Gathering_In_Person,annotator,HIGH LEVEL BEHAVIOR,2022-03-28 00:40:57,2022-03-28 00:44:54
2022-03-28 21:13:40,2022-03-28 21:15:23,Dressing/Undressing, Packing/Unpacking_Something,annotator,HIGH LEVEL BEHAVIOR,2022-03-28 00:44:54,2022-03-28 00:46:37
2022-03-28 21:15:23,2022-03-28 21:15:39,In_Transit_Active,annotator,HIGH LEVEL BEHAVIOR,2022-03-28 00:46:37,2022-03-28 00:46:53
2022-03-28 21:15:54,2022-03-28 21:16:14,Riding_Elevator_Down,annotator,HIGH LEVEL BEHAVIOR,2022-03-28 00:47:08,2022-03-28 00:47:28
2022-03-28 21:16:14,2022-03-28 21:16:26,In_Transit_Active,annotator,HIGH LEVEL BEHAVIOR,2022-03-28 00:47:28,2022-03-28 00:47:40
2022-03-28 21:16:26,2022-03-28 21:24:38,In_Transit_Active,annotator,HIGH LEVEL BEHAVIOR,2022-03-28 00:47:40,2022-03-28 00:55:52
2022-03-28 21:24:42,2022-03-28 21:24:58,In_Transit_Active,annotator,HIGH LEVEL BEHAVIOR,2022-03-28 00:55:56,2022-03-28 00:56:12
2022-03-28 21:25:00,2022-03-28 21:25:42,HLB_Other,annotator,HIGH LEVEL BEHAVIOR,2022-03-28 00:56:14,2022-03-28 00:56:56
2022-03-28 21:25:42,2022-03-28 21:26:15,Riding_Elevator_Up,annotator,HIGH LEVEL BEHAVIOR,2022-03-28 00:56:56,2022-03-28 00:57:29
2022-03-28 21:26:15,2022-03-28 21:26:52,In_Transit_Active,annotator,HIGH LEVEL BEHAVIOR,2022-03-28 00:57:29,2022-03-28 00:58:06
2022-03-28 21:26:52,2022-03-28 21:27:04,In_Transit_Active,annotator,HIGH LEVEL BEHAVIOR,2022-03-28 00:58:06,2022-03-28 00:58:18
2022-03-28 21:27:04,2022-03-28 21:28:14,HLB_Indecipherable/Video_Insufficient,annotator,HIGH LEVEL BEHAVIOR,2022-03-28 00:58:18,2022-03-28 00:59:28
2022-03-28 21:28:14,2022-03-28 21:28:29,In_Transit_Active,annotator,HIGH LEVEL BEHAVIOR,2022-03-28 00:59:28,2022-03-28 00:59:43
2022-03-28 21:28:46,2022-03-28 21:29:48,HLB_Other,annotator,HIGH LEVEL BEHAVIOR,2022-03-28 01:00:00,2022-03-28 01:01:02
2022-03-28 21:29:48,2022-03-28 21:32:28,HLB_Indecipherable/Video_Insufficient,annotator,HIGH LEVEL BEHAVIOR,2022-03-28 01:01:02,2022-03-28 01:03:42
2022-03-28 21:32:32,2022-03-28 21:33:06,,annotator,HIGH LEVEL BEHAVIOR,2022-03-28 01:03:46,2022-03-28 01:04:20
2022-03-28 21:33:06,2022-03-28 21:33:53,,annotator,HIGH LEVEL BEHAVIOR,2022-03-28 01:04:20,2022-03-28 01:05:07
2022-03-28 21:33:53,2022-03-28 21:34:33,In_Transit_Active,annotator,HIGH LEVEL BEHAVIOR,2022-03-28 01:05:07,2022-03-28 01:05:47
2022-03-28 21:34:34,2022-03-28 21:34:52,HLB_Indecipherable/Video_Insufficient,annotator,HIGH LEVEL BEHAVIOR,2022-03-28 01:05:48,2022-03-28 01:06:06
2022-03-28 21:34:52,2022-03-28 21:37:28,HLB_Indecipherable/Video_Insufficient,annotator,HIGH LEVEL BEHAVIOR,2022-03-28 01:06:06,2022-03-28 01:08:42
2022-03-28 21:37:28,2022-03-28 21:37:33,Eating/Dining,annotator,HIGH LEVEL BEHAVIOR,2022-03-28 01:08:42,2022-03-28 01:08:47
2022-03-28 21:37:33,2022-03-28 21:43:56,HLB_Indecipherable/Video_Insufficient,annotator,HIGH LEVEL BEHAVIOR,2022-03-28 01:08:47,2022-03-28 01:15:10
2022-03-28 21:43:56,2022-03-28 21:44:18,Eating/Dining,annotator,HIGH LEVEL BEHAVIOR,2022-03-28 01:15:10,2022-03-28 01:15:32
2022-03-28 21:44:18,2022-03-28 21:44:31,HLB_Indecipherable/Video_Insufficient,annotator,HIGH LEVEL BEHAVIOR,2022-03-28 01:15:32,2022-03-28 01:15:45
2022-03-28 21:44:31,2022-03-28 21:46:09,Using_Computer/Screen,annotator,HIGH LEVEL BEHAVIOR,2022-03-28 01:15:45,2022-03-28 01:17:23
2022-03-28 21:46:09,2022-03-28 21:46:35,HLB_Indecipherable/Video_Insufficient,annotator,HIGH LEVEL BEHAVIOR,2022-03-28 01:17:23,2022-03-28 01:17:49
2022-03-28 21:46:35,2022-03-28 21:47:04,Eating/Dining,annotator,HIGH LEVEL BEHAVIOR,2022-03-28 01:17:49,2022-03-28 01:18:18
2022-03-28 21:47:04,2022-03-28 21:47:26,HLB_Indecipherable/Video_Insufficient,annotator,HIGH LEVEL BEHAVIOR,2022-03-28 01:18:18,2022-03-28 01:18:40
2022-03-28 21:47:26,2022-03-28 21:47:55,Eating/Dining,annotator,HIGH LEVEL BEHAVIOR,2022-03-28 01:18:40,2022-03-28 01:19:09
2022-03-28 21:47:55,2022-03-28 21:49:06,Eating/Dining, Using_Computer/Screen,annotator,HIGH LEVEL BEHAVIOR,2022-03-28 01:19:09,2022-03-28 01:20:20
2022-03-28 21:49:06,2022-03-28 21:50:24,Meeting_Virtual,annotator,HIGH LEVEL BEHAVIOR,2022-03-28 01:20:20,2022-03-28 01:21:38
2022-03-28 21:50:24,2022-03-28 21:50:48,HLB_Indecipherable/Video_Insufficient,annotator,HIGH LEVEL BEHAVIOR,2022-03-28 01:21:38,2022-03-28 01:22:02
2022-03-28 21:50:51,2022-03-28 21:59:12,HLB_Other,annotator,HIGH LEVEL BEHAVIOR,2022-03-28 01:22:05,2022-03-28 01:30:26
2022-03-28 21:59:12,2022-03-28 21:59:25,HLB_Other,annotator,HIGH LEVEL BEHAVIOR,2022-03-28 01:30:26,2022-03-28 01:30:39
2022-03-28 22:00:00,2022-03-28 22:08:18,HLB_Other,annotator,HIGH LEVEL BEHAVIOR,2022-03-28 01:31:14,2022-03-28 01:39:32
2022-03-28 22:08:18,2022-03-28 22:10:52,HLB_Other,annotator,HIGH LEVEL BEHAVIOR,2022-03-28 01:39:32,2022-03-28 01:42:06
2022-03-28 22:10:52,2022-03-28 22:12:36,HLB_Indecipherable/Video_Insufficient,annotator,HIGH LEVEL BEHAVIOR,2022-03-28 01:42:06,2022-03-28 01:43:50
2022-03-28 22:12:36,2022-03-28 22:13:21,HLB_Other,annotator,HIGH LEVEL BEHAVIOR,2022-03-28 01:43:50,2022-03-28 01:44:35
2022-03-28 22:13:25,2022-03-28 22:17:32,HLB_Indecipherable/Video_Insufficient,annotator,HIGH LEVEL BEHAVIOR,2022-03-28 01:44:39,2022-03-28 01:48:46
2022-03-28 22:17:32,2022-03-28 22:17:56,HLB_Other,annotator,HIGH LEVEL BEHAVIOR,2022-03-28 01:48:46,2022-03-28 01:49:10
2022-03-28 22:17:56,2022-03-28 22:18:39,HLB_Indecipherable/Video_Insufficient,annotator,HIGH LEVEL BEHAVIOR,2022-03-28 01:49:10,2022-03-28 01:49:53
2022-03-28 22:18:42,2022-03-28 22:19:17,Using_Computer/Screen,annotator,HIGH LEVEL BEHAVIOR,2022-03-28 01:49:56,2022-03-28 01:50:31
2022-03-28 22:19:17,2022-03-28 22:19:53,Using_Computer/Screen,annotator,HIGH LEVEL BEHAVIOR,2022-03-28 01:50:31,2022-03-28 01:51:07
2022-03-28 22:19:53,2022-03-28 22:21:41,Using_Computer/Screen,annotator,HIGH LEVEL BEHAVIOR,2022-03-28 01:51:07,2022-03-28 01:52:55
2022-03-28 22:21:41,2022-03-28 22:23:15,Using_Computer/Screen,annotator,HIGH LEVEL BEHAVIOR,2022-03-28 01:52:55,2022-03-28 01:54:29
2022-03-28 22:23:15,2022-03-28 22:26:53,Meeting_Virtual,annotator,HIGH LEVEL BEHAVIOR,2022-03-28 01:54:29,2022-03-28 01:58:07
2022-03-28 22:26:53,2022-03-28 22:27:26,Meeting_Virtual, Eating/Dining,annotator,HIGH LEVEL BEHAVIOR,2022-03-28 01:58:07,2022-03-28 01:58:40
2022-03-28 22:27:26,2022-03-28 22:28:45,Meeting_Virtual,annotator,HIGH LEVEL BEHAVIOR,2022-03-28 01:58:40,2022-03-28 01:59:59
2022-03-28 22:28:45,2022-03-28 22:33:10,Meeting_Virtual, Eating/Dining,annotator,HIGH LEVEL BEHAVIOR,2022-03-28 01:59:59,2022-03-28 02:04:24
2022-03-28 22:33:10,2022-03-28 22:33:51,Meeting_Virtual,annotator,HIGH LEVEL BEHAVIOR,2022-03-28 02:04:24,2022-03-28 02:05:05
2022-03-28 22:33:51,2022-03-28 22:35:09,Meeting_Virtual, Eating/Dining,annotator,HIGH LEVEL BEHAVIOR,2022-03-28 02:05:05,2022-03-28 02:06:23
2022-03-28 22:35:09,2022-03-28 22:39:00,Using_Computer/Screen,annotator,HIGH LEVEL BEHAVIOR,2022-03-28 02:06:23,2022-03-28 02:10:14
2022-03-28 22:39:00,2022-03-28 22:39:34,Using_Computer/Screen,annotator,HIGH LEVEL BEHAVIOR,2022-03-28 02:10:14,2022-03-28 02:10:48
2022-03-28 22:39:34,2022-03-28 22:40:53,Using_Computer/Screen,annotator,HIGH LEVEL BEHAVIOR,2022-03-28 02:10:48,2022-03-28 02:12:07
2022-03-28 22:40:53,2022-03-28 22:48:10,Using_Computer/Screen,annotator,HIGH LEVEL BEHAVIOR,2022-03-28 02:12:07,2022-03-28 02:19:24
2022-03-28 22:48:10,2022-03-28 22:58:37,Using_Computer/Screen,annotator,HIGH LEVEL BEHAVIOR,2022-03-28 02:19:24,2022-03-28 02:29:51
2022-03-28 22:58:37,2022-03-28 23:02:54,Using_Computer/Screen,annotator,HIGH LEVEL BEHAVIOR,2022-03-28 02:29:51,2022-03-28 02:34:08
2022-03-28 23:02:54,2022-03-28 23:06:59,Using_Computer/Screen,annotator,HIGH LEVEL BEHAVIOR,2022-03-28 02:34:08,2022-03-28 02:38:13
2022-03-28 23:06:59,2022-03-28 23:08:23,Using_Computer/Screen,annotator,HIGH LEVEL BEHAVIOR,2022-03-28 02:38:13,2022-03-28 02:39:37
2022-03-28 23:08:23,2022-03-28 23:14:23,Using_Computer/Screen,annotator,HIGH LEVEL BEHAVIOR,2022-03-28 02:39:37,2022-03-28 02:45:37
2022-03-28 23:14:23,2022-03-28 23:14:58,Using_Computer/Screen,annotator,HIGH LEVEL BEHAVIOR,2022-03-28 02:45:37,2022-03-28 02:46:12
2022-03-28 23:14:58,2022-03-28 23:17:29,Using_Computer/Screen,annotator,HIGH LEVEL BEHAVIOR,2022-03-28 02:46:12,2022-03-28 02:48:43
2022-03-28 23:17:29,2022-03-28 23:31:32,HLB_Indecipherable/Video_Insufficient,annotator,HIGH LEVEL BEHAVIOR,2022-03-28 02:48:43,2022-03-28 03:02:46
2022-03-28 23:31:32,2022-03-28 23:31:45,Using_Computer/Screen,annotator,HIGH LEVEL BEHAVIOR,2022-03-28 03:02:46,2022-03-28 03:02:59
2022-03-28 23:31:45,2022-03-28 23:52:40,HLB_Indecipherable/Video_Insufficient,annotator,HIGH LEVEL BEHAVIOR,2022-03-28 03:02:59,2022-03-28 03:23:54
2022-03-28 23:52:40,2022-03-28 23:52:51,Using_Computer/Screen,annotator,HIGH LEVEL BEHAVIOR,2022-03-28 03:23:54,2022-03-28 03:24:05
2022-03-28 23:52:51,2022-03-29 00:12:19,Using_Computer/Screen,annotator,HIGH LEVEL BEHAVIOR,2022-03-28 03:24:05,2022-03-28 03:43:33
2022-03-29 00:12:19,2022-03-29 00:12:31,Using_Computer/Screen, Eating/Dining,annotator,HIGH LEVEL BEHAVIOR,2022-03-28 03:43:33,2022-03-28 03:43:45
2022-03-29 00:12:31,2022-03-29 00:14:49,HLB_Indecipherable/Video_Insufficient,annotator,HIGH LEVEL BEHAVIOR,2022-03-28 03:43:45,2022-03-28 03:46:03
2022-03-29 00:14:49,2022-03-29 00:15:12,Using_Computer/Screen, HLB_Other,annotator,HIGH LEVEL BEHAVIOR,2022-03-28 03:46:03,2022-03-28 03:46:26
2022-03-29 00:15:12,2022-03-29 00:19:23,Using_Computer/Screen,annotator,HIGH LEVEL BEHAVIOR,2022-03-28 03:46:26,2022-03-28 03:50:37
2022-03-29 00:19:23,2022-03-29 00:20:07,Using_Computer/Screen, WatchingTV/Movies,annotator,HIGH LEVEL BEHAVIOR,2022-03-28 03:50:37,2022-03-28 03:51:21
2022-03-29 00:20:07,2022-03-29 00:21:04,Using_Computer/Screen, WatchingTV/Movies,annotator,HIGH LEVEL BEHAVIOR,2022-03-28 03:51:21,2022-03-28 03:52:18
2022-03-29 00:21:04,2022-03-29 00:21:30,Using_Computer/Screen, WatchingTV/Movies,annotator,HIGH LEVEL BEHAVIOR,2022-03-28 03:52:18,2022-03-28 03:52:44
2022-03-29 00:21:30,2022-03-29 00:22:04,Using_Computer/Screen, WatchingTV/Movies,annotator,HIGH LEVEL BEHAVIOR,2022-03-28 03:52:44,2022-03-28 03:53:18
2022-03-29 00:22:04,2022-03-29 00:22:23,Using_Computer/Screen, WatchingTV/Movies, HLB_Other,annotator,HIGH LEVEL BEHAVIOR,2022-03-28 03:53:18,2022-03-28 03:53:37
2022-03-29 00:22:23,2022-03-29 00:22:52,Relaxing_Passive,annotator,HIGH LEVEL BEHAVIOR,2022-03-28 03:53:37,2022-03-28 03:54:06
2022-03-29 00:22:52,2022-03-29 00:23:07,Relaxing_Passive,annotator,HIGH LEVEL BEHAVIOR,2022-03-28 03:54:06,2022-03-28 03:54:21
2022-03-29 00:23:09,2022-03-29 00:23:22,In_Transit_Active,annotator,HIGH LEVEL BEHAVIOR,2022-03-28 03:54:23,2022-03-28 03:54:36
2022-03-29 00:23:22,2022-03-29 00:23:36,In_Transit_Active,annotator,HIGH LEVEL BEHAVIOR,2022-03-28 03:54:36,2022-03-28 03:54:50
2022-03-29 00:23:36,2022-03-29 00:24:04,HLB_Other,annotator,HIGH LEVEL BEHAVIOR,2022-03-28 03:54:50,2022-03-28 03:55:18
