timestamp,AUC_sum
1644375600.0,0.0
1644375610.0,0.0
1644375620.0,0.0
1644375630.0,0.0
1644375640.0,0.0
1644375650.0,0.0
1644375660.0,0.0
1644375670.0,0.0
1644375680.0,0.0
1644375690.0,0.0
1644375700.0,0.0
1644375710.0,0.0
1644375720.0,0.0
1644375730.0,0.0
1644375740.0,0.0
1644375750.0,0.0
1644375760.0,0.0
1644375770.0,0.0
1644375780.0,0.0
1644375790.0,0.0
1644375800.0,0.0
1644375810.0,0.0
1644375820.0,0.0
1644375830.0,0.0
1644375840.0,0.0
1644375850.0,0.0
1644375860.0,0.0
1644375870.0,0.0
1644375880.0,0.0
1644375890.0,0.0
1644375900.0,0.0
1644375910.0,0.0
1644375920.0,0.0
1644375930.0,0.0
1644375940.0,0.0
1644375950.0,0.0
1644375960.0,0.0
1644375970.0,0.0
1644375980.0,0.0
1644375990.0,0.0
1644376000.0,0.0
1644376010.0,0.0
1644376020.0,0.0
1644376030.0,0.0
1644376040.0,0.0
1644376050.0,0.0
1644376060.0,0.0
1644376070.0,0.0
1644376080.0,0.0
1644376090.0,0.0
1644376100.0,0.0
1644376110.0,0.0
1644376120.0,0.0
1644376130.0,0.0
1644376140.0,0.0
1644376150.0,0.0
1644376160.0,0.0
1644376170.0,0.0
1644376180.0,0.0
1644376190.0,0.0
1644376200.0,0.0
1644376210.0,0.0
1644376220.0,0.0
1644376230.0,0.0
1644376240.0,0.0
1644376250.0,0.0
1644376260.0,0.0
1644376270.0,0.0
1644376280.0,0.0
1644376290.0,0.0
1644376300.0,0.0
1644376310.0,0.0
1644376320.0,0.0
1644376330.0,0.0
1644376340.0,0.0
1644376350.0,0.0
1644376360.0,0.0
1644376370.0,0.0
1644376380.0,0.0
1644376390.0,0.0
1644376400.0,0.0
1644376410.0,0.0
1644376420.0,0.0
1644376430.0,0.0
1644376440.0,0.0
1644376450.0,0.0
1644376460.0,0.0
1644376470.0,0.0
1644376480.0,0.0
1644376490.0,0.0
1644376500.0,0.0
1644376510.0,0.0
1644376520.0,0.0
1644376530.0,0.0
1644376540.0,0.0
1644376550.0,0.0
1644376560.0,0.0
1644376570.0,0.0
1644376580.0,0.0
1644376590.0,0.0
1644376600.0,0.0
1644376610.0,0.0
1644376620.0,0.0
1644376630.0,0.0
1644376640.0,0.0
1644376650.0,0.0
1644376660.0,0.0
1644376670.0,0.0
1644376680.0,0.0
1644376690.0,0.0
1644376700.0,0.0
1644376710.0,0.0
1644376720.0,0.0
1644376730.0,0.0
1644376740.0,0.0
1644376750.0,0.0
1644376760.0,0.0
1644376770.0,0.0
1644376780.0,0.0
1644376790.0,0.0
1644376800.0,0.0
1644376810.0,0.0
1644376820.0,0.0
1644376830.0,0.0
1644376840.0,0.0
1644376850.0,0.0
1644376860.0,0.0
1644376870.0,0.0
1644376880.0,0.0
1644376890.0,0.0
1644376900.0,0.0
1644376910.0,0.0
1644376920.0,0.0
1644376930.0,0.0
1644376940.0,0.0
1644376950.0,0.0
1644376960.0,0.0
1644376970.0,0.0
1644376980.0,0.0
1644376990.0,0.0
1644377000.0,0.0
1644377010.0,0.0
1644377020.0,0.0
1644377030.0,0.0
1644377040.0,0.0
1644377050.0,0.0
1644377060.0,0.0
1644377070.0,0.0
1644377080.0,0.0
1644377090.0,0.0
1644377100.0,0.0
1644377110.0,0.0
1644377120.0,0.0
1644377130.0,0.0
1644377140.0,0.0
1644377150.0,0.0
1644377160.0,0.0
1644377170.0,0.0
1644377180.0,0.0
1644377190.0,0.0
1644377200.0,0.0
1644377210.0,0.0
1644377220.0,0.0
1644377230.0,0.0
1644377240.0,0.0
1644377250.0,0.0
1644377260.0,0.0
1644377270.0,0.0
1644377280.0,0.0
1644377290.0,0.0
1644377300.0,0.0
1644377310.0,0.0
1644377320.0,0.0
1644377330.0,0.0
1644377340.0,0.0
1644377350.0,0.0
1644377360.0,0.0
1644377370.0,0.0
1644377380.0,0.0
1644377390.0,0.0
1644377400.0,0.0
1644377410.0,0.0
1644377420.0,0.0
1644377430.0,0.0
1644377440.0,0.0
1644377450.0,0.0
1644377460.0,0.0
1644377470.0,0.0
1644377480.0,0.0
1644377490.0,0.0
1644377500.0,0.0
1644377510.0,0.0
1644377520.0,0.0
1644377530.0,0.0
1644377540.0,0.0
1644377550.0,0.0
1644377560.0,0.0
1644377570.0,0.0
1644377580.0,0.0
1644377590.0,0.0
1644377600.0,0.0
1644377610.0,0.0
1644377620.0,0.0
1644377630.0,0.0
1644377640.0,0.0
1644377650.0,0.0
1644377660.0,0.0
1644377670.0,0.0
1644377680.0,0.0
1644377690.0,0.0
1644377700.0,0.0
1644377710.0,0.0
1644377720.0,0.0
1644377730.0,0.0
1644377740.0,0.0
1644377750.0,0.0
1644377760.0,0.0
1644377770.0,0.0
1644377780.0,0.0
1644377790.0,0.0
1644377800.0,0.0
1644377810.0,0.0
1644377820.0,0.0
1644377830.0,0.0
1644377840.0,0.0
1644377850.0,0.0
1644377860.0,0.0
1644377870.0,0.0
1644377880.0,0.0
1644377890.0,0.0
1644377900.0,0.0
1644377910.0,0.0
1644377920.0,0.0
1644377930.0,0.0
1644377940.0,0.0
1644377950.0,0.0
1644377960.0,0.0
1644377970.0,0.0
1644377980.0,0.0
1644377990.0,0.0
1644378000.0,0.0
1644378010.0,0.0
1644378020.0,0.0
1644378030.0,0.0
1644378040.0,0.0
1644378050.0,0.0
1644378060.0,0.0
1644378070.0,0.0
1644378080.0,0.0
1644378090.0,0.0
1644378100.0,0.0
1644378110.0,0.0
1644378120.0,0.0
1644378130.0,0.0
1644378140.0,0.0
1644378150.0,0.0
1644378160.0,0.0
1644378170.0,0.0
1644378180.0,0.0
1644378190.0,0.0
1644378200.0,0.0
1644378210.0,0.0
1644378220.0,0.0
1644378230.0,0.0
1644378240.0,0.0
1644378250.0,0.0
1644378260.0,0.0
1644378270.0,0.0
1644378280.0,0.0
1644378290.0,0.0
1644378300.0,0.0
1644378310.0,0.0
1644378320.0,0.0
1644378330.0,0.0
1644378340.0,0.0
1644378350.0,0.0
1644378360.0,0.0
1644378370.0,0.0
1644378380.0,0.0
1644378390.0,0.0
1644378400.0,0.0
1644378410.0,0.0
1644378420.0,0.0
1644378430.0,0.0
1644378440.0,0.0
1644378450.0,0.0
1644378460.0,0.0
1644378470.0,0.0
1644378480.0,0.0
1644378490.0,0.0
1644378500.0,0.0
1644378510.0,0.0
1644378520.0,0.0
1644378530.0,0.0
1644378540.0,0.0
1644378550.0,0.0
1644378560.0,0.0
1644378570.0,0.0
1644378580.0,0.0
1644378590.0,0.0
1644378600.0,0.0
1644378610.0,0.0
1644378620.0,0.0
1644378630.0,0.0
1644378640.0,0.0
1644378650.0,0.0
1644378660.0,0.0
1644378670.0,0.0
1644378680.0,0.0
1644378690.0,0.0
1644378700.0,0.0
1644378710.0,0.0
1644378720.0,0.0
1644378730.0,0.0
1644378740.0,0.0
1644378750.0,0.0
1644378760.0,0.0
1644378770.0,0.0
1644378780.0,0.0
1644378790.0,0.0
1644378800.0,0.0
1644378810.0,0.0
1644378820.0,0.0
1644378830.0,0.0
1644378840.0,0.0
1644378850.0,0.0
1644378860.0,0.0
1644378870.0,0.0
1644378880.0,0.0
1644378890.0,0.0
1644378900.0,0.0
1644378910.0,0.0
1644378920.0,0.0
1644378930.0,0.0
1644378940.0,0.0
1644378950.0,0.0
1644378960.0,0.0
1644378970.0,0.0
1644378980.0,0.0
1644378990.0,0.0
1644379000.0,0.0
1644379010.0,0.0
1644379020.0,0.0
1644379030.0,0.0
1644379040.0,0.0
1644379050.0,0.0
1644379060.0,0.0
1644379070.0,0.0
1644379080.0,0.0
1644379090.0,0.0
1644379100.0,0.0
1644379110.0,0.0
1644379120.0,0.0
1644379130.0,0.0
1644379140.0,0.0
1644379150.0,0.0
1644379160.0,0.0
1644379170.0,0.0
1644379180.0,0.0
1644379190.0,0.0
1644379200.0,0.0
1644379210.0,0.0
1644379220.0,0.0
1644379230.0,0.0
1644379240.0,0.0
1644379250.0,0.0
1644379260.0,0.0
1644379270.0,0.0
1644379280.0,0.0
1644379290.0,0.0
1644379300.0,0.0
1644379310.0,0.0
1644379320.0,0.0
1644379330.0,0.0
1644379340.0,0.0
1644379350.0,0.0
1644379360.0,0.0
1644379370.0,0.0
1644379380.0,0.0
1644379390.0,0.0
1644379400.0,0.0
1644379410.0,0.0
1644379420.0,0.0
1644379430.0,0.0
1644379440.0,0.0
1644379450.0,0.0
1644379460.0,0.0
1644379470.0,0.0
1644379480.0,0.0
1644379490.0,0.0
1644379500.0,0.0
1644379510.0,0.0
1644379520.0,0.0
1644379530.0,0.0
1644379540.0,0.0
1644379550.0,0.0
1644379560.0,0.0
1644379570.0,0.0
1644379580.0,0.0
1644379590.0,0.0
1644379600.0,0.0
1644379610.0,0.0
1644379620.0,0.0
1644379630.0,0.0
1644379640.0,0.0
1644379650.0,0.0
1644379660.0,0.0
1644379670.0,0.0
1644379680.0,0.0
1644379690.0,0.0
1644379700.0,0.0
1644379710.0,0.0
1644379720.0,0.0
1644379730.0,0.0
1644379740.0,0.0
1644379750.0,0.0
1644379760.0,0.0
1644379770.0,0.0
1644379780.0,0.0
1644379790.0,0.0
1644379800.0,0.0
1644379810.0,0.0
1644379820.0,0.0
1644379830.0,0.0
1644379840.0,0.0
1644379850.0,0.0
1644379860.0,0.0
1644379870.0,0.0
1644379880.0,0.0
1644379890.0,0.0
1644379900.0,0.0
1644379910.0,0.0
1644379920.0,0.0
1644379930.0,0.0
1644379940.0,0.0
1644379950.0,0.0
1644379960.0,0.0
1644379970.0,0.0
1644379980.0,0.0
1644379990.0,0.0
1644380000.0,0.0
1644380010.0,0.0
1644380020.0,0.0
1644380030.0,0.0
1644380040.0,0.0
1644380050.0,0.0
1644380060.0,0.0
1644380070.0,0.0
1644380080.0,0.0
1644380090.0,0.0
1644380100.0,0.0
1644380110.0,0.0
1644380120.0,0.0
1644380130.0,0.0
1644380140.0,0.0
1644380150.0,0.0
1644380160.0,0.0
1644380170.0,0.0
1644380180.0,0.0
1644380190.0,0.0
1644380200.0,0.0
1644380210.0,0.0
1644380220.0,0.0
1644380230.0,0.0
1644380240.0,0.0
1644380250.0,0.0
1644380260.0,0.0
1644380270.0,0.0
1644380280.0,0.0
1644380290.0,0.0
1644380300.0,0.0
1644380310.0,0.0
1644380320.0,0.0
1644380330.0,0.0
1644380340.0,0.0
1644380350.0,0.0
1644380360.0,0.0
1644380370.0,0.0
1644380380.0,0.0
1644380390.0,0.0
1644380400.0,0.0
1644380410.0,0.0
1644380420.0,0.0
1644380430.0,0.0
1644380440.0,0.0
1644380450.0,0.0
1644380460.0,0.0
1644380470.0,0.0
1644380480.0,0.0
1644380490.0,0.0
1644380500.0,0.0
1644380510.0,0.0
1644380520.0,0.0
1644380530.0,0.0
1644380540.0,0.0
1644380550.0,0.0
1644380560.0,0.0
1644380570.0,0.0
1644380580.0,0.0
1644380590.0,0.0
1644380600.0,0.0
1644380610.0,0.0
1644380620.0,0.0
1644380630.0,0.0
1644380640.0,0.0
1644380650.0,0.0
1644380660.0,0.0
1644380670.0,0.0
1644380680.0,0.0
1644380690.0,0.0
1644380700.0,0.0
1644380710.0,0.0
1644380720.0,0.0
1644380730.0,0.0
1644380740.0,0.0
1644380750.0,0.0
1644380760.0,0.0
1644380770.0,0.0
1644380780.0,0.0
1644380790.0,0.0
1644380800.0,0.0
1644380810.0,0.0
1644380820.0,0.0
1644380830.0,0.0
1644380840.0,0.0
1644380850.0,0.0
1644380860.0,0.0
1644380870.0,0.0
1644380880.0,0.0
1644380890.0,0.0
1644380900.0,0.0
1644380910.0,0.0
1644380920.0,0.0
1644380930.0,0.0
1644380940.0,0.0
1644380950.0,0.0
1644380960.0,0.0
1644380970.0,0.0
1644380980.0,0.0
1644380990.0,0.0
1644381000.0,0.0
1644381010.0,0.0
1644381020.0,0.0
1644381030.0,0.0
1644381040.0,0.0
1644381050.0,0.0
1644381060.0,0.0
1644381070.0,0.0
1644381080.0,0.0
1644381090.0,0.0
1644381100.0,0.0
1644381110.0,0.0
1644381120.0,0.0
1644381130.0,0.0
1644381140.0,0.0
1644381150.0,0.0
1644381160.0,0.0
1644381170.0,0.0
1644381180.0,0.0
1644381190.0,0.0
1644381200.0,0.0
1644381210.0,0.0
1644381220.0,0.0
1644381230.0,0.0
1644381240.0,0.0
1644381250.0,0.0
1644381260.0,0.0
1644381270.0,0.0
1644381280.0,0.0
1644381290.0,0.0
1644381300.0,0.0
1644381310.0,0.0
1644381320.0,0.0
1644381330.0,0.0
1644381340.0,0.0
1644381350.0,0.0
1644381360.0,0.0
1644381370.0,0.0
1644381380.0,0.0
1644381390.0,0.0
1644381400.0,0.0
1644381410.0,0.0
1644381420.0,0.0
1644381430.0,0.0
1644381440.0,0.0
1644381450.0,0.0
1644381460.0,0.0
1644381470.0,0.0
1644381480.0,0.0
1644381490.0,0.0
1644381500.0,0.0
1644381510.0,0.0
1644381520.0,0.0
1644381530.0,0.0
1644381540.0,0.0
1644381550.0,0.0
1644381560.0,0.0
1644381570.0,0.0
1644381580.0,0.0
1644381590.0,0.0
1644381600.0,0.0
1644381610.0,0.0
1644381620.0,0.0
1644381630.0,0.0
1644381640.0,0.0
1644381650.0,0.0
1644381660.0,0.0
1644381670.0,0.0
1644381680.0,0.0
1644381690.0,0.0
1644381700.0,0.0
1644381710.0,0.0
1644381720.0,0.0
1644381730.0,0.0
1644381740.0,0.0
1644381750.0,0.0
1644381760.0,0.0
1644381770.0,0.0
1644381780.0,0.0
1644381790.0,0.0
1644381800.0,0.0
1644381810.0,0.0
1644381820.0,0.0
1644381830.0,0.0
1644381840.0,0.0
1644381850.0,0.0
1644381860.0,0.0
1644381870.0,0.0
1644381880.0,0.0
1644381890.0,0.0
1644381900.0,0.0
1644381910.0,0.0
1644381920.0,0.0
1644381930.0,0.0
1644381940.0,0.0
1644381950.0,0.0
1644381960.0,0.0
1644381970.0,0.0
1644381980.0,0.0
1644381990.0,0.0
1644382000.0,0.0
1644382010.0,0.0
1644382020.0,0.0
1644382030.0,0.0
1644382040.0,0.0
1644382050.0,0.0
1644382060.0,0.0
1644382070.0,0.0
1644382080.0,0.0
1644382090.0,0.0
1644382100.0,0.0
1644382110.0,0.0
1644382120.0,0.0
1644382130.0,0.0
1644382140.0,0.0
1644382150.0,0.0
1644382160.0,0.0
1644382170.0,0.0
1644382180.0,0.0
1644382190.0,0.0
1644382200.0,0.0
1644382210.0,0.0
1644382220.0,0.0
1644382230.0,0.0
1644382240.0,0.0
1644382250.0,0.0
1644382260.0,0.0
1644382270.0,0.0
1644382280.0,0.0
1644382290.0,0.0
1644382300.0,0.0
1644382310.0,0.0
1644382320.0,0.0
1644382330.0,0.0
1644382340.0,0.0
1644382350.0,0.0
1644382360.0,0.0
1644382370.0,0.0
1644382380.0,0.0
1644382390.0,0.0
1644382400.0,0.0
1644382410.0,0.0
1644382420.0,0.0
1644382430.0,0.0
1644382440.0,0.0
1644382450.0,0.0
1644382460.0,0.0
1644382470.0,0.0
1644382480.0,0.0
1644382490.0,0.0
1644382500.0,0.0
1644382510.0,0.0
1644382520.0,0.0
1644382530.0,0.0
1644382540.0,0.0
1644382550.0,0.0
1644382560.0,0.0
1644382570.0,0.0
1644382580.0,0.0
1644382590.0,0.0
1644382600.0,0.0
1644382610.0,0.0
1644382620.0,0.0
1644382630.0,0.0
1644382640.0,0.0
1644382650.0,0.0
1644382660.0,0.0
1644382670.0,0.0
1644382680.0,0.0
1644382690.0,0.0
1644382700.0,0.0
1644382710.0,0.0
1644382720.0,0.0
1644382730.0,0.0
1644382740.0,0.0
1644382750.0,0.0
1644382760.0,0.0
1644382770.0,0.0
1644382780.0,0.0
1644382790.0,0.0
1644382800.0,0.0
1644382810.0,0.0
1644382820.0,0.0
1644382830.0,0.0
1644382840.0,0.0
1644382850.0,0.0
1644382860.0,0.0
1644382870.0,0.0
1644382880.0,0.0
1644382890.0,0.0
1644382900.0,0.0
1644382910.0,0.0
1644382920.0,0.0
1644382930.0,0.0
1644382940.0,0.0
1644382950.0,0.0
1644382960.0,0.0
1644382970.0,0.0
1644382980.0,0.0
1644382990.0,0.0
1644383000.0,0.0
1644383010.0,0.0
1644383020.0,0.0
1644383030.0,0.0
1644383040.0,0.0
1644383050.0,0.0
1644383060.0,0.0
1644383070.0,0.0
1644383080.0,0.0
1644383090.0,0.0
1644383100.0,0.0
1644383110.0,0.0
1644383120.0,0.0
1644383130.0,0.0
1644383140.0,0.0
1644383150.0,0.0
1644383160.0,0.0
1644383170.0,0.0
1644383180.0,0.0
1644383190.0,0.0
1644383200.0,0.0
1644383210.0,0.0
1644383220.0,0.0
1644383230.0,0.0
1644383240.0,0.0
1644383250.0,0.0
1644383260.0,0.0
1644383270.0,0.0
1644383280.0,0.0
1644383290.0,0.0
1644383300.0,0.0
1644383310.0,0.0
1644383320.0,0.0
1644383330.0,0.0
1644383340.0,0.0
1644383350.0,0.0
1644383360.0,0.0
1644383370.0,0.0
1644383380.0,0.0
1644383390.0,0.0
1644383400.0,0.0
1644383410.0,0.0
1644383420.0,0.0
1644383430.0,0.0
1644383440.0,0.0
1644383450.0,0.0
1644383460.0,0.0
1644383470.0,0.0
1644383480.0,0.0
1644383490.0,0.0
1644383500.0,0.0
1644383510.0,0.0
1644383520.0,0.0
1644383530.0,0.0
1644383540.0,0.0
1644383550.0,0.0
1644383560.0,0.0
1644383570.0,0.0
1644383580.0,0.0
1644383590.0,0.0
1644383600.0,0.0
1644383610.0,0.0
1644383620.0,0.0
1644383630.0,0.0
1644383640.0,0.0
1644383650.0,0.0
1644383660.0,0.0
1644383670.0,0.0
1644383680.0,0.0
1644383690.0,0.0
1644383700.0,0.0
1644383710.0,0.0
1644383720.0,0.0
1644383730.0,0.0
1644383740.0,0.0
1644383750.0,0.0
1644383760.0,0.0
1644383770.0,0.0
1644383780.0,0.0
1644383790.0,0.0
1644383800.0,0.0
1644383810.0,0.0
1644383820.0,0.0
1644383830.0,0.0
1644383840.0,0.0
1644383850.0,0.0
1644383860.0,0.0
1644383870.0,0.0
1644383880.0,0.0
1644383890.0,0.0
1644383900.0,0.0
1644383910.0,0.0
1644383920.0,0.0
1644383930.0,0.0
1644383940.0,0.0
1644383950.0,0.0
1644383960.0,0.0
1644383970.0,0.0
1644383980.0,0.0
1644383990.0,0.0
1644384000.0,0.0
1644384010.0,0.0
1644384020.0,0.0
1644384030.0,0.0
1644384040.0,0.0
1644384050.0,0.0
1644384060.0,0.0
1644384070.0,0.0
1644384080.0,0.0
1644384090.0,0.0
1644384100.0,0.0
1644384110.0,0.0
1644384120.0,0.0
1644384130.0,0.0
1644384140.0,0.0
1644384150.0,0.0
1644384160.0,0.0
1644384170.0,0.0
1644384180.0,0.0
1644384190.0,0.0
1644384200.0,0.0
1644384210.0,0.0
1644384220.0,0.0
1644384230.0,0.0
1644384240.0,0.0
1644384250.0,0.0
1644384260.0,0.0
1644384270.0,0.0
1644384280.0,0.0
1644384290.0,0.0
1644384300.0,0.0
1644384310.0,0.0
1644384320.0,0.0
1644384330.0,0.0
1644384340.0,0.0
1644384350.0,0.0
1644384360.0,0.0
1644384370.0,0.0
1644384380.0,0.0
1644384390.0,0.0
1644384400.0,0.0
1644384410.0,0.0
1644384420.0,0.0
1644384430.0,0.0
1644384440.0,0.0
1644384450.0,0.0
1644384460.0,0.0
1644384470.0,0.0
1644384480.0,0.0
1644384490.0,0.0
1644384500.0,0.0
1644384510.0,0.0
1644384520.0,0.0
1644384530.0,0.0
1644384540.0,0.0
1644384550.0,0.0
1644384560.0,0.0
1644384570.0,0.0
1644384580.0,0.0
1644384590.0,0.0
1644384600.0,0.0
1644384610.0,0.0
1644384620.0,0.0
1644384630.0,0.0
1644384640.0,0.0
1644384650.0,0.0
1644384660.0,0.0
1644384670.0,0.0
1644384680.0,0.0
1644384690.0,0.0
1644384700.0,0.0
1644384710.0,0.0
1644384720.0,0.0
1644384730.0,0.0
1644384740.0,0.0
1644384750.0,0.0
1644384760.0,0.0
1644384770.0,0.0
1644384780.0,0.0
1644384790.0,0.0
1644384800.0,0.0
1644384810.0,0.0
1644384820.0,0.0
1644384830.0,0.0
1644384840.0,0.0
1644384850.0,0.0
1644384860.0,0.0
1644384870.0,0.0
1644384880.0,0.0
1644384890.0,0.0
1644384900.0,0.0
1644384910.0,0.0
1644384920.0,0.0
1644384930.0,0.0
1644384940.0,0.0
1644384950.0,0.0
1644384960.0,0.0
1644384970.0,0.0
1644384980.0,0.0
1644384990.0,0.0
1644385000.0,0.0
1644385010.0,0.0
1644385020.0,0.0
1644385030.0,0.0
1644385040.0,0.0
1644385050.0,0.0
1644385060.0,0.0
1644385070.0,0.0
1644385080.0,0.0
1644385090.0,0.0
1644385100.0,0.0
1644385110.0,0.0
1644385120.0,0.0
1644385130.0,0.0
1644385140.0,0.0
1644385150.0,0.0
1644385160.0,0.0
1644385170.0,0.0
1644385180.0,0.0
1644385190.0,0.0
1644385200.0,0.0
1644385210.0,0.0
1644385220.0,0.0
1644385230.0,0.0
1644385240.0,0.0
1644385250.0,0.0
1644385260.0,0.0
1644385270.0,0.0
1644385280.0,0.0
1644385290.0,0.0
1644385300.0,0.0
1644385310.0,0.0
1644385320.0,0.0
1644385330.0,0.0
1644385340.0,0.0
1644385350.0,0.0
1644385360.0,0.0
1644385370.0,0.0
1644385380.0,0.0
1644385390.0,0.0
1644385400.0,0.0
1644385410.0,0.0
1644385420.0,0.0
1644385430.0,0.0
1644385440.0,0.0
1644385450.0,0.0
1644385460.0,0.0
1644385470.0,0.0
1644385480.0,0.0
1644385490.0,0.0
1644385500.0,0.0
1644385510.0,0.0
1644385520.0,0.0
1644385530.0,0.0
1644385540.0,0.0
1644385550.0,0.0
1644385560.0,0.0
1644385570.0,0.0
1644385580.0,0.0
1644385590.0,0.0
1644385600.0,0.0
1644385610.0,0.0
1644385620.0,0.0
1644385630.0,0.0
1644385640.0,0.0
1644385650.0,0.0
1644385660.0,0.0
1644385670.0,0.0
1644385680.0,0.0
1644385690.0,0.0
1644385700.0,0.0
1644385710.0,0.0
1644385720.0,0.0
1644385730.0,0.0
1644385740.0,0.0
1644385750.0,0.0
1644385760.0,0.0
1644385770.0,0.0
1644385780.0,0.0
1644385790.0,0.0
1644385800.0,0.0
1644385810.0,0.0
1644385820.0,0.0
1644385830.0,0.0
1644385840.0,0.0
1644385850.0,0.0
1644385860.0,0.0
1644385870.0,0.0
1644385880.0,0.0
1644385890.0,0.0
1644385900.0,0.0
1644385910.0,0.0
1644385920.0,0.0
1644385930.0,0.0
1644385940.0,0.0
1644385950.0,0.0
1644385960.0,0.0
1644385970.0,0.0
1644385980.0,0.0
1644385990.0,0.0
1644386000.0,0.0
1644386010.0,0.0
1644386020.0,0.0
1644386030.0,0.0
1644386040.0,0.0
1644386050.0,0.0
1644386060.0,0.0
1644386070.0,0.0
1644386080.0,0.0
1644386090.0,0.0
1644386100.0,0.0
1644386110.0,0.0
1644386120.0,0.0
1644386130.0,0.0
1644386140.0,0.0
1644386150.0,0.0
1644386160.0,0.0
1644386170.0,0.0
1644386180.0,0.0
1644386190.0,0.0
1644386200.0,0.0
1644386210.0,0.0
1644386220.0,0.0
1644386230.0,0.0
1644386240.0,0.0
1644386250.0,0.0
1644386260.0,0.0
1644386270.0,0.0
1644386280.0,0.0
1644386290.0,0.0
1644386300.0,0.0
1644386310.0,0.0
1644386320.0,0.0
1644386330.0,0.0
1644386340.0,0.0
1644386350.0,0.0
1644386360.0,0.0
1644386370.0,0.0
1644386380.0,0.0
1644386390.0,0.0
1644386400.0,0.0
1644386410.0,0.0
1644386420.0,0.0
1644386430.0,0.0
1644386440.0,0.0
1644386450.0,0.0
1644386460.0,0.0
1644386470.0,0.0
1644386480.0,0.0
1644386490.0,0.0
1644386500.0,0.0
1644386510.0,0.0
1644386520.0,0.0
1644386530.0,0.0
1644386540.0,0.0
1644386550.0,0.0
1644386560.0,0.0
1644386570.0,0.0
1644386580.0,0.0
1644386590.0,0.0
1644386600.0,0.0
1644386610.0,0.0
1644386620.0,0.0
1644386630.0,0.0
1644386640.0,0.0
1644386650.0,0.0
1644386660.0,0.0
1644386670.0,0.0
1644386680.0,0.0
1644386690.0,0.0
1644386700.0,0.0
1644386710.0,0.0
1644386720.0,0.0
1644386730.0,0.0
1644386740.0,0.0
1644386750.0,0.0
1644386760.0,0.0
1644386770.0,0.0
1644386780.0,0.0
1644386790.0,0.0
1644386800.0,0.0
1644386810.0,0.0
1644386820.0,0.0
1644386830.0,0.0
1644386840.0,0.0
1644386850.0,0.0
1644386860.0,0.0
1644386870.0,0.0
1644386880.0,0.0
1644386890.0,0.0
1644386900.0,0.0
1644386910.0,0.0
1644386920.0,0.0
1644386930.0,0.0
1644386940.0,0.0
1644386950.0,0.0
1644386960.0,0.0
1644386970.0,0.0
1644386980.0,0.0
1644386990.0,0.0
1644387000.0,0.0
1644387010.0,0.0
1644387020.0,0.0
1644387030.0,0.0
1644387040.0,0.0
1644387050.0,0.0
1644387060.0,0.0
1644387070.0,0.0
1644387080.0,0.0
1644387090.0,0.0
1644387100.0,0.0
1644387110.0,0.0
1644387120.0,0.0
1644387130.0,0.0
1644387140.0,0.0
1644387150.0,0.0
1644387160.0,0.0
1644387170.0,0.0
1644387180.0,0.0
1644387190.0,0.0
1644387200.0,0.0
1644387210.0,0.0
1644387220.0,0.0
1644387230.0,0.0
1644387240.0,0.0
1644387250.0,0.0
1644387260.0,0.0
1644387270.0,0.0
1644387280.0,0.0
1644387290.0,0.0
1644387300.0,0.0
1644387310.0,0.0
1644387320.0,0.0
1644387330.0,0.0
1644387340.0,0.0
1644387350.0,0.0
1644387360.0,0.0
1644387370.0,0.0
1644387380.0,0.0
1644387390.0,0.0
1644387400.0,0.0
1644387410.0,0.0
1644387420.0,0.0
1644387430.0,0.0
1644387440.0,0.0
1644387450.0,0.0
1644387460.0,0.0
1644387470.0,0.0
1644387480.0,0.0
1644387490.0,0.0
1644387500.0,0.0
1644387510.0,0.0
1644387520.0,0.0
1644387530.0,0.0
1644387540.0,0.0
1644387550.0,0.0
1644387560.0,0.0
1644387570.0,0.0
1644387580.0,0.0
1644387590.0,0.0
1644387600.0,0.0
1644387610.0,0.0
1644387620.0,0.0
1644387630.0,0.0
1644387640.0,0.0
1644387650.0,0.0
1644387660.0,0.0
1644387670.0,0.0
1644387680.0,0.0
1644387690.0,0.0
1644387700.0,0.0
1644387710.0,0.0
1644387720.0,0.0
1644387730.0,0.0
1644387740.0,0.0
1644387750.0,0.0
1644387760.0,0.0
1644387770.0,0.0
1644387780.0,0.0
1644387790.0,0.0
1644387800.0,0.0
1644387810.0,0.0
1644387820.0,0.0
1644387830.0,0.0
1644387840.0,0.0
1644387850.0,0.0
1644387860.0,0.0
1644387870.0,0.0
1644387880.0,0.0
1644387890.0,0.0
1644387900.0,0.0
1644387910.0,0.0
1644387920.0,0.0
1644387930.0,0.0
1644387940.0,0.0
1644387950.0,0.0
1644387960.0,0.0
1644387970.0,0.0
1644387980.0,0.0
1644387990.0,0.0
1644388000.0,0.0
1644388010.0,0.0
1644388020.0,0.0
1644388030.0,0.0
1644388040.0,0.0
1644388050.0,0.0
1644388060.0,0.0
1644388070.0,0.0
1644388080.0,0.0
1644388090.0,0.0
1644388100.0,0.0
1644388110.0,0.0
1644388120.0,0.0
1644388130.0,0.0
1644388140.0,0.0
1644388150.0,0.0
1644388160.0,0.0
1644388170.0,0.0
1644388180.0,0.0
1644388190.0,0.0
1644388200.0,0.0
1644388210.0,0.0
1644388220.0,0.0
1644388230.0,0.0
1644388240.0,0.0
1644388250.0,0.0
1644388260.0,0.0
1644388270.0,0.0
1644388280.0,0.0
1644388290.0,0.0
1644388300.0,0.0
1644388310.0,0.0
1644388320.0,0.0
1644388330.0,0.0
1644388340.0,0.0
1644388350.0,0.0
1644388360.0,0.0
1644388370.0,0.0
1644388380.0,0.0
1644388390.0,0.0
1644388400.0,0.0
1644388410.0,0.0
1644388420.0,0.0
1644388430.0,0.0
1644388440.0,0.0
1644388450.0,0.0
1644388460.0,0.0
1644388470.0,0.0
1644388480.0,0.0
1644388490.0,0.0
1644388500.0,0.0
1644388510.0,0.0
1644388520.0,0.0
1644388530.0,0.0
1644388540.0,0.0
1644388550.0,0.0
1644388560.0,0.0
1644388570.0,0.0
1644388580.0,0.0
1644388590.0,0.0
1644388600.0,0.0
1644388610.0,0.0
1644388620.0,0.0
1644388630.0,0.0
1644388640.0,0.0
1644388650.0,0.0
1644388660.0,0.0
1644388670.0,0.0
1644388680.0,0.0
1644388690.0,0.0
1644388700.0,0.0
1644388710.0,0.0
1644388720.0,0.0
1644388730.0,0.0
1644388740.0,0.0
1644388750.0,0.0
1644388760.0,0.0
1644388770.0,0.0
1644388780.0,0.0
1644388790.0,0.0
1644388800.0,0.0
1644388810.0,0.0
1644388820.0,0.0
1644388830.0,0.0
1644388840.0,0.0
1644388850.0,0.0
1644388860.0,0.0
1644388870.0,0.0
1644388880.0,0.0
1644388890.0,0.0
1644388900.0,0.0
1644388910.0,0.0
1644388920.0,0.0
1644388930.0,0.0
1644388940.0,0.0
1644388950.0,0.0
1644388960.0,0.0
1644388970.0,0.0
1644388980.0,0.0
1644388990.0,0.0
1644389000.0,0.0
1644389010.0,0.0
1644389020.0,0.0
1644389030.0,0.0
1644389040.0,0.0
1644389050.0,0.0
1644389060.0,0.0
1644389070.0,0.0
1644389080.0,0.0
1644389090.0,0.0
1644389100.0,0.0
1644389110.0,0.0
1644389120.0,0.0
1644389130.0,0.0
1644389140.0,0.0
1644389150.0,0.0
1644389160.0,0.0
1644389170.0,0.0
1644389180.0,0.0
1644389190.0,0.0
1644389200.0,0.0
1644389210.0,0.0
1644389220.0,0.0
1644389230.0,0.0
1644389240.0,0.0
1644389250.0,0.0
1644389260.0,0.0
1644389270.0,0.0
1644389280.0,0.0
1644389290.0,0.0
1644389300.0,0.0
1644389310.0,0.0
1644389320.0,0.0
1644389330.0,0.0
1644389340.0,0.0
1644389350.0,0.0
1644389360.0,0.0
1644389370.0,0.0
1644389380.0,0.0
1644389390.0,0.0
1644389400.0,0.0
1644389410.0,0.0
1644389420.0,0.0
1644389430.0,0.0
1644389440.0,0.0
1644389450.0,0.0
1644389460.0,0.0
1644389470.0,0.0
1644389480.0,0.0
1644389490.0,0.0
1644389500.0,0.0
1644389510.0,0.0
1644389520.0,0.0
1644389530.0,0.0
1644389540.0,0.0
1644389550.0,0.0
1644389560.0,0.0
1644389570.0,0.0
1644389580.0,0.0
1644389590.0,0.0
1644389600.0,0.0
1644389610.0,0.0
1644389620.0,0.0
1644389630.0,0.0
1644389640.0,0.0
1644389650.0,0.0
1644389660.0,0.0
1644389670.0,0.0
1644389680.0,0.0
1644389690.0,0.0
1644389700.0,0.0
1644389710.0,0.0
1644389720.0,0.0
1644389730.0,0.0
1644389740.0,0.0
1644389750.0,0.0
1644389760.0,0.0
1644389770.0,0.0
1644389780.0,0.0
1644389790.0,0.0
1644389800.0,0.0
1644389810.0,0.0
1644389820.0,0.0
1644389830.0,0.0
1644389840.0,0.0
1644389850.0,0.0
1644389860.0,0.0
1644389870.0,0.0
1644389880.0,0.0
1644389890.0,0.0
1644389900.0,0.0
1644389910.0,0.0
1644389920.0,0.0
1644389930.0,0.0
1644389940.0,0.0
1644389950.0,0.0
1644389960.0,0.0
1644389970.0,0.0
1644389980.0,0.0
1644389990.0,0.0
1644390000.0,0.0
1644390010.0,0.0
1644390020.0,0.0
1644390030.0,0.0
1644390040.0,0.0
1644390050.0,0.0
1644390060.0,0.0
1644390070.0,0.0
1644390080.0,0.0
1644390090.0,0.0
1644390100.0,0.0
1644390110.0,0.0
1644390120.0,0.0
1644390130.0,0.0
1644390140.0,0.0
1644390150.0,0.0
1644390160.0,0.0
1644390170.0,0.0
1644390180.0,0.0
1644390190.0,0.0
1644390200.0,0.0
1644390210.0,0.0
1644390220.0,0.0
1644390230.0,0.0
1644390240.0,0.0
1644390250.0,0.0
1644390260.0,0.0
1644390270.0,0.0
1644390280.0,0.0
1644390290.0,0.0
1644390300.0,0.0
1644390310.0,0.0
1644390320.0,0.0
1644390330.0,0.0
1644390340.0,0.0
1644390350.0,0.0
1644390360.0,0.0
1644390370.0,0.0
1644390380.0,0.0
1644390390.0,0.0
1644390400.0,0.0
1644390410.0,0.0
1644390420.0,0.0
1644390430.0,0.0
1644390440.0,0.0
1644390450.0,0.0
1644390460.0,0.0
1644390470.0,0.0
1644390480.0,0.0
1644390490.0,0.0
1644390500.0,0.0
1644390510.0,0.0
1644390520.0,0.0
1644390530.0,0.0
1644390540.0,0.0
1644390550.0,0.0
1644390560.0,0.0
1644390570.0,0.0
1644390580.0,0.0
1644390590.0,0.0
1644390600.0,0.0
1644390610.0,0.0
1644390620.0,0.0
1644390630.0,0.0
1644390640.0,0.0
1644390650.0,0.0
1644390660.0,0.0
1644390670.0,0.0
1644390680.0,0.0
1644390690.0,0.0
1644390700.0,0.0
1644390710.0,0.0
1644390720.0,0.0
1644390730.0,0.0
1644390740.0,0.0
1644390750.0,0.0
1644390760.0,0.0
1644390770.0,0.0
1644390780.0,0.0
1644390790.0,0.0
1644390800.0,0.0
1644390810.0,0.0
1644390820.0,0.0
1644390830.0,0.0
1644390840.0,0.0
1644390850.0,0.0
1644390860.0,0.0
1644390870.0,0.0
1644390880.0,0.0
1644390890.0,0.0
1644390900.0,0.0
1644390910.0,0.0
1644390920.0,0.0
1644390930.0,0.0
1644390940.0,0.0
1644390950.0,0.0
1644390960.0,0.0
1644390970.0,0.0
1644390980.0,0.0
1644390990.0,0.0
1644391000.0,0.0
1644391010.0,0.0
1644391020.0,0.0
1644391030.0,0.0
1644391040.0,0.0
1644391050.0,0.0
1644391060.0,0.0
1644391070.0,0.0
1644391080.0,0.0
1644391090.0,0.0
1644391100.0,0.0
1644391110.0,0.0
1644391120.0,0.0
1644391130.0,0.0
1644391140.0,0.0
1644391150.0,0.0
1644391160.0,0.0
1644391170.0,0.0
1644391180.0,0.0
1644391190.0,0.0
1644391200.0,0.0
1644391210.0,0.0
1644391220.0,0.0
1644391230.0,0.0
1644391240.0,0.0
1644391250.0,0.0
1644391260.0,0.0
1644391270.0,0.0
1644391280.0,0.0
1644391290.0,0.0
1644391300.0,0.0
1644391310.0,0.0
1644391320.0,0.0
1644391330.0,0.0
1644391340.0,0.0
1644391350.0,0.0
1644391360.0,0.0
1644391370.0,0.0
1644391380.0,0.0
1644391390.0,0.0
1644391400.0,0.0
1644391410.0,0.0
1644391420.0,0.0
1644391430.0,0.0
1644391440.0,0.0
1644391450.0,0.0
1644391460.0,0.0
1644391470.0,0.0
1644391480.0,0.0
1644391490.0,0.0
1644391500.0,0.0
1644391510.0,0.0
1644391520.0,0.0
1644391530.0,0.0
1644391540.0,0.0
1644391550.0,0.0
1644391560.0,0.0
1644391570.0,0.0
1644391580.0,0.0
1644391590.0,0.0
1644391600.0,0.0
1644391610.0,0.0
1644391620.0,0.0
1644391630.0,0.0
1644391640.0,0.0
1644391650.0,0.0
1644391660.0,0.0
1644391670.0,0.0
1644391680.0,0.0
1644391690.0,0.0
1644391700.0,0.0
1644391710.0,0.0
1644391720.0,0.0
1644391730.0,0.0
1644391740.0,0.0
1644391750.0,0.0
1644391760.0,0.0
1644391770.0,0.0
1644391780.0,0.0
1644391790.0,0.0
1644391800.0,0.0
1644391810.0,0.0
1644391820.0,0.0
1644391830.0,0.0
1644391840.0,0.0
1644391850.0,0.0
1644391860.0,0.0
1644391870.0,0.0
1644391880.0,0.0
1644391890.0,0.0
1644391900.0,0.0
1644391910.0,0.0
1644391920.0,0.0
1644391930.0,0.0
1644391940.0,0.0
1644391950.0,0.0
1644391960.0,0.0
1644391970.0,0.0
1644391980.0,0.0
1644391990.0,0.0
1644392000.0,0.0
1644392010.0,0.0
1644392020.0,0.0
1644392030.0,0.0
1644392040.0,0.0
1644392050.0,0.0
1644392060.0,0.0
1644392070.0,0.0
1644392080.0,0.0
1644392090.0,0.0
1644392100.0,0.0
1644392110.0,0.0
1644392120.0,0.0
1644392130.0,0.0
1644392140.0,0.0
1644392150.0,0.0
1644392160.0,0.0
1644392170.0,0.0
1644392180.0,0.0
1644392190.0,0.0
1644392200.0,0.0
1644392210.0,0.0
1644392220.0,0.0
1644392230.0,0.0
1644392240.0,0.0
1644392250.0,0.0
1644392260.0,0.0
1644392270.0,0.0
1644392280.0,0.0
1644392290.0,0.0
1644392300.0,0.0
1644392310.0,0.0
1644392320.0,0.0
1644392330.0,0.0
1644392340.0,0.0
1644392350.0,0.0
1644392360.0,0.0
1644392370.0,0.0
1644392380.0,0.0
1644392390.0,0.0
1644392400.0,0.0
1644392410.0,0.0
1644392420.0,0.0
1644392430.0,0.0
1644392440.0,0.0
1644392450.0,0.0
1644392460.0,0.0
1644392470.0,0.0
1644392480.0,0.0
1644392490.0,0.0
1644392500.0,0.0
1644392510.0,0.0
1644392520.0,0.0
1644392530.0,0.0
1644392540.0,0.0
1644392550.0,0.0
1644392560.0,0.0
1644392570.0,0.0
1644392580.0,0.0
1644392590.0,0.0
1644392600.0,0.0
1644392610.0,0.0
1644392620.0,0.0
1644392630.0,0.0
1644392640.0,0.0
1644392650.0,0.0
1644392660.0,0.0
1644392670.0,0.0
1644392680.0,0.0
1644392690.0,0.0
1644392700.0,0.0
1644392710.0,0.0
1644392720.0,0.0
1644392730.0,0.0
1644392740.0,0.0
1644392750.0,0.0
1644392760.0,0.0
1644392770.0,0.0
1644392780.0,0.0
1644392790.0,0.0
1644392800.0,0.0
1644392810.0,0.0
1644392820.0,0.0
1644392830.0,0.0
1644392840.0,0.0
1644392850.0,0.0
1644392860.0,0.0
1644392870.0,0.0
1644392880.0,0.0
1644392890.0,0.0
1644392900.0,0.0
1644392910.0,0.0
1644392920.0,0.0
1644392930.0,0.0
1644392940.0,0.0
1644392950.0,0.0
1644392960.0,0.0
1644392970.0,0.0
1644392980.0,0.0
1644392990.0,0.0
1644393000.0,0.0
1644393010.0,0.0
1644393020.0,0.0
1644393030.0,0.0
1644393040.0,0.0
1644393050.0,0.0
1644393060.0,0.0
1644393070.0,0.0
1644393080.0,0.0
1644393090.0,0.0
1644393100.0,0.0
1644393110.0,0.0
1644393120.0,0.0
1644393130.0,0.0
1644393140.0,0.0
1644393150.0,0.0
1644393160.0,0.0
1644393170.0,0.0
1644393180.0,0.0
1644393190.0,0.0
1644393200.0,0.0
1644393210.0,0.0
1644393220.0,0.0
1644393230.0,0.0
1644393240.0,0.0
1644393250.0,0.0
1644393260.0,0.0
1644393270.0,0.0
1644393280.0,0.0
1644393290.0,0.0
1644393300.0,0.0
1644393310.0,0.0
1644393320.0,0.0
1644393330.0,0.0
1644393340.0,0.0
1644393350.0,0.0
1644393360.0,0.0
1644393370.0,0.0
1644393380.0,0.0
1644393390.0,0.0
1644393400.0,0.0
1644393410.0,0.0
1644393420.0,0.0
1644393430.0,0.0
1644393440.0,0.0
1644393450.0,0.0
1644393460.0,0.0
1644393470.0,0.0
1644393480.0,0.0
1644393490.0,0.0
1644393500.0,0.0
1644393510.0,0.0
1644393520.0,0.0
1644393530.0,0.0
1644393540.0,0.0
1644393550.0,0.0
1644393560.0,0.0
1644393570.0,0.0
1644393580.0,0.0
1644393590.0,0.0
1644393600.0,0.0
1644393610.0,0.0
1644393620.0,0.0
1644393630.0,0.0
1644393640.0,0.0
1644393650.0,0.0
1644393660.0,0.0
1644393670.0,0.0
1644393680.0,0.0
1644393690.0,0.0
1644393700.0,0.0
1644393710.0,0.0
1644393720.0,0.0
1644393730.0,0.0
1644393740.0,0.0
1644393750.0,0.0
1644393760.0,0.0
1644393770.0,0.0
1644393780.0,0.0
1644393790.0,0.0
1644393800.0,0.0
1644393810.0,0.0
1644393820.0,0.0
1644393830.0,0.0
1644393840.0,0.0
1644393850.0,0.0
1644393860.0,0.0
1644393870.0,0.0
1644393880.0,0.0
1644393890.0,0.0
1644393900.0,0.0
1644393910.0,0.0
1644393920.0,0.0
1644393930.0,0.0
1644393940.0,0.0
1644393950.0,0.0
1644393960.0,0.0
1644393970.0,0.0
1644393980.0,0.0
1644393990.0,0.0
1644394000.0,0.0
1644394010.0,0.0
1644394020.0,0.0
1644394030.0,0.0
1644394040.0,0.0
1644394050.0,0.0
1644394060.0,0.0
1644394070.0,0.0
1644394080.0,0.0
1644394090.0,0.0
1644394100.0,0.0
1644394110.0,0.0
1644394120.0,0.0
1644394130.0,0.0
1644394140.0,0.0
1644394150.0,0.0
1644394160.0,0.0
1644394170.0,0.0
1644394180.0,0.0
1644394190.0,0.0
1644394200.0,0.0
1644394210.0,0.0
1644394220.0,0.0
1644394230.0,0.0
1644394240.0,0.0
1644394250.0,0.0
1644394260.0,0.0
1644394270.0,0.0
1644394280.0,0.0
1644394290.0,0.0
1644394300.0,0.0
1644394310.0,0.0
1644394320.0,0.0
1644394330.0,0.0
1644394340.0,0.0
1644394350.0,0.0
1644394360.0,0.0
1644394370.0,0.0
1644394380.0,0.0
1644394390.0,0.0
1644394400.0,0.0
1644394410.0,0.0
1644394420.0,0.0
1644394430.0,0.0
1644394440.0,0.0
1644394450.0,0.0
1644394460.0,0.0
1644394470.0,0.0
1644394480.0,0.0
1644394490.0,0.0
1644394500.0,0.0
1644394510.0,0.0
1644394520.0,0.0
1644394530.0,0.0
1644394540.0,0.0
1644394550.0,0.0
1644394560.0,0.0
1644394570.0,0.0
1644394580.0,0.0
1644394590.0,0.0
1644394600.0,0.0
1644394610.0,0.0
1644394620.0,0.0
1644394630.0,0.0
1644394640.0,0.0
1644394650.0,0.0
1644394660.0,0.0
1644394670.0,0.0
1644394680.0,0.0
1644394690.0,0.0
1644394700.0,0.0
1644394710.0,0.0
1644394720.0,0.0
1644394730.0,0.0
1644394740.0,0.0
1644394750.0,0.0
1644394760.0,0.0
1644394770.0,0.0
1644394780.0,0.0
1644394790.0,0.0
1644394800.0,0.0
1644394810.0,0.0
1644394820.0,0.0
1644394830.0,0.0
1644394840.0,0.0
1644394850.0,0.0
1644394860.0,0.0
1644394870.0,0.0
1644394880.0,0.0
1644394890.0,0.0
1644394900.0,0.0
1644394910.0,0.0
1644394920.0,0.0
1644394930.0,0.0
1644394940.0,0.0
1644394950.0,0.0
1644394960.0,0.0
1644394970.0,0.0
1644394980.0,0.0
1644394990.0,0.0
1644395000.0,0.0
1644395010.0,0.0
1644395020.0,0.0
1644395030.0,0.0
1644395040.0,0.0
1644395050.0,0.0
1644395060.0,0.0
1644395070.0,0.0
1644395080.0,0.0
1644395090.0,0.0
1644395100.0,0.0
1644395110.0,0.0
1644395120.0,0.0
1644395130.0,0.0
1644395140.0,0.0
1644395150.0,0.0
1644395160.0,0.0
1644395170.0,0.0
1644395180.0,0.0
1644395190.0,0.0
1644395200.0,0.0
1644395210.0,0.0
1644395220.0,0.0
1644395230.0,0.0
1644395240.0,0.0
1644395250.0,0.0
1644395260.0,0.0
1644395270.0,0.0
1644395280.0,0.0
1644395290.0,0.0
1644395300.0,0.0
1644395310.0,0.0
1644395320.0,0.0
1644395330.0,0.0
1644395340.0,0.0
1644395350.0,0.0
1644395360.0,0.0
1644395370.0,0.0
1644395380.0,0.0
1644395390.0,0.0
1644395400.0,0.0
1644395410.0,0.0
1644395420.0,0.0
1644395430.0,0.0
1644395440.0,0.0
1644395450.0,0.0
1644395460.0,0.0
1644395470.0,0.0
1644395480.0,0.0
1644395490.0,0.0
1644395500.0,0.0
1644395510.0,0.0
1644395520.0,0.0
1644395530.0,0.0
1644395540.0,0.0
1644395550.0,0.0
1644395560.0,0.0
1644395570.0,0.0
1644395580.0,0.0
1644395590.0,0.0
1644395600.0,0.0
1644395610.0,0.0
1644395620.0,0.0
1644395630.0,0.0
1644395640.0,0.0
1644395650.0,0.0
1644395660.0,0.0
1644395670.0,0.0
1644395680.0,0.0
1644395690.0,0.0
1644395700.0,0.0
1644395710.0,0.0
1644395720.0,0.0
1644395730.0,0.0
1644395740.0,0.0
1644395750.0,0.0
1644395760.0,0.0
1644395770.0,0.0
1644395780.0,0.0
1644395790.0,0.0
1644395800.0,0.0
1644395810.0,0.0
1644395820.0,0.0
1644395830.0,0.0
1644395840.0,0.0
1644395850.0,0.0
1644395860.0,0.0
1644395870.0,0.0
1644395880.0,0.0
1644395890.0,0.0
1644395900.0,0.0
1644395910.0,0.0
1644395920.0,0.0
1644395930.0,0.0
1644395940.0,0.0
1644395950.0,0.0
1644395960.0,0.0
1644395970.0,0.0
1644395980.0,0.0
1644395990.0,0.0
1644396000.0,0.0
1644396010.0,0.0
1644396020.0,0.0
1644396030.0,0.0
1644396040.0,0.0
1644396050.0,0.0
1644396060.0,0.0
1644396070.0,0.0
1644396080.0,0.0
1644396090.0,0.0
1644396100.0,0.0
1644396110.0,0.0
1644396120.0,0.0
1644396130.0,0.0
1644396140.0,0.0
1644396150.0,0.0
1644396160.0,0.0
1644396170.0,0.0
1644396180.0,0.0
1644396190.0,0.0
1644396200.0,0.0
1644396210.0,0.0
1644396220.0,0.0
1644396230.0,0.0
1644396240.0,0.0
1644396250.0,0.0
1644396260.0,0.0
1644396270.0,0.0
1644396280.0,0.0
1644396290.0,0.0
1644396300.0,0.0
1644396310.0,0.0
1644396320.0,0.0
1644396330.0,0.0
1644396340.0,0.0
1644396350.0,0.0
1644396360.0,0.0
1644396370.0,0.0
1644396380.0,0.0
1644396390.0,0.0
1644396400.0,0.0
1644396410.0,0.0
1644396420.0,0.0
1644396430.0,0.0
1644396440.0,0.0
1644396450.0,0.0
1644396460.0,0.0
1644396470.0,0.0
1644396480.0,0.0
1644396490.0,0.0
1644396500.0,0.0
1644396510.0,0.0
1644396520.0,0.0
1644396530.0,0.0
1644396540.0,0.0
1644396550.0,0.0
1644396560.0,0.0
1644396570.0,0.0
1644396580.0,0.0
1644396590.0,0.0
1644396600.0,0.0
1644396610.0,0.0
1644396620.0,0.0
1644396630.0,0.0
1644396640.0,0.0
1644396650.0,0.0
1644396660.0,0.0
1644396670.0,0.0
1644396680.0,0.0
1644396690.0,0.0
1644396700.0,0.0
1644396710.0,0.0
1644396720.0,0.0
1644396730.0,0.0
1644396740.0,0.0
1644396750.0,0.0
1644396760.0,0.0
1644396770.0,0.0
1644396780.0,0.0
1644396790.0,0.0
1644396800.0,0.0
1644396810.0,0.0
1644396820.0,0.0
1644396830.0,0.0
1644396840.0,0.0
1644396850.0,0.0
1644396860.0,0.0
1644396870.0,0.0
1644396880.0,0.0
1644396890.0,0.0
1644396900.0,0.0
1644396910.0,0.0
1644396920.0,0.0
1644396930.0,0.0
1644396940.0,0.0
1644396950.0,0.0
1644396960.0,0.0
1644396970.0,0.0
1644396980.0,0.0
1644396990.0,0.0
1644397000.0,0.0
1644397010.0,0.0
1644397020.0,0.0
1644397030.0,0.0
1644397040.0,0.0
1644397050.0,0.0
1644397060.0,0.0
1644397070.0,0.0
1644397080.0,0.0
1644397090.0,0.0
1644397100.0,0.0
1644397110.0,0.0
1644397120.0,0.0
1644397130.0,0.0
1644397140.0,0.0
1644397150.0,0.0
1644397160.0,0.0
1644397170.0,0.0
1644397180.0,0.0
1644397190.0,0.0
1644397200.0,0.0
1644397210.0,0.0
1644397220.0,0.0
1644397230.0,0.0
1644397240.0,0.0
1644397250.0,0.0
1644397260.0,0.0
1644397270.0,0.0
1644397280.0,0.0
1644397290.0,0.0
1644397300.0,0.0
1644397310.0,0.0
1644397320.0,0.0
1644397330.0,0.0
1644397340.0,0.0
1644397350.0,0.0
1644397360.0,0.0
1644397370.0,0.0
1644397380.0,0.0
1644397390.0,0.0
1644397400.0,0.0
1644397410.0,0.0
1644397420.0,0.0
1644397430.0,0.0
1644397440.0,0.0
1644397450.0,0.0
1644397460.0,0.0
1644397470.0,0.0
1644397480.0,0.0
1644397490.0,0.0
1644397500.0,0.0
1644397510.0,0.0
1644397520.0,0.0
1644397530.0,0.0
1644397540.0,0.0
1644397550.0,0.0
1644397560.0,0.0
1644397570.0,0.0
1644397580.0,0.0
1644397590.0,0.0
1644397600.0,0.0
1644397610.0,0.0
1644397620.0,0.0
1644397630.0,0.0
1644397640.0,0.0
1644397650.0,0.0
1644397660.0,0.0
1644397670.0,0.0
1644397680.0,0.0
1644397690.0,0.0
1644397700.0,0.0
1644397710.0,0.0
1644397720.0,0.0
1644397730.0,0.0
1644397740.0,0.0
1644397750.0,0.0
1644397760.0,0.0
1644397770.0,0.0
1644397780.0,0.0
1644397790.0,0.0
1644397800.0,0.0
1644397810.0,0.0
1644397820.0,0.0
1644397830.0,0.0
1644397840.0,0.0
1644397850.0,0.0
1644397860.0,0.0
1644397870.0,0.0
1644397880.0,0.0
1644397890.0,0.0
1644397900.0,0.0
1644397910.0,0.0
1644397920.0,0.0
1644397930.0,0.0
1644397940.0,0.0
1644397950.0,0.0
1644397960.0,0.0
1644397970.0,0.0
1644397980.0,0.0
1644397990.0,0.0
1644398000.0,0.0
1644398010.0,0.0
1644398020.0,0.0
1644398030.0,0.0
1644398040.0,0.0
1644398050.0,0.0
1644398060.0,0.0
1644398070.0,0.0
1644398080.0,0.0
1644398090.0,0.0
1644398100.0,0.0
1644398110.0,0.0
1644398120.0,0.0
1644398130.0,0.0
1644398140.0,0.0
1644398150.0,0.0
1644398160.0,0.0
1644398170.0,0.0
1644398180.0,0.0
1644398190.0,0.0
1644398200.0,0.0
1644398210.0,0.0
1644398220.0,0.0
1644398230.0,0.0
1644398240.0,0.0
1644398250.0,0.0
1644398260.0,0.0
1644398270.0,0.0
1644398280.0,0.0
1644398290.0,0.0
1644398300.0,0.0
1644398310.0,0.0
1644398320.0,0.0
1644398330.0,0.0
1644398340.0,0.0
1644398350.0,0.0
1644398360.0,0.0
1644398370.0,0.0
1644398380.0,0.0
1644398390.0,0.0
1644398400.0,0.0
1644398410.0,0.0
1644398420.0,0.0
1644398430.0,0.0
1644398440.0,0.0
1644398450.0,0.0
1644398460.0,0.0
1644398470.0,0.0
1644398480.0,0.0
1644398490.0,0.0
1644398500.0,0.0
1644398510.0,0.0
1644398520.0,0.0
1644398530.0,0.0
1644398540.0,0.0
1644398550.0,0.0
1644398560.0,0.0
1644398570.0,0.0
1644398580.0,0.0
1644398590.0,0.0
1644398600.0,0.0
1644398610.0,0.0
1644398620.0,0.0
1644398630.0,0.0
1644398640.0,0.0
1644398650.0,0.0
1644398660.0,0.0
1644398670.0,0.0
1644398680.0,0.0
1644398690.0,0.0
1644398700.0,0.0
1644398710.0,0.0
1644398720.0,0.0
1644398730.0,0.0
1644398740.0,0.0
1644398750.0,0.0
1644398760.0,0.0
1644398770.0,0.0
1644398780.0,0.0
1644398790.0,0.0
1644398800.0,0.0
1644398810.0,0.0
1644398820.0,0.0
1644398830.0,0.0
1644398840.0,0.0
1644398850.0,0.0
1644398860.0,0.0
1644398870.0,0.0
1644398880.0,0.0
1644398890.0,0.0
1644398900.0,0.0
1644398910.0,0.0
1644398920.0,0.0
1644398930.0,0.0
1644398940.0,0.0
1644398950.0,0.0
1644398960.0,0.0
1644398970.0,0.0
1644398980.0,0.0
1644398990.0,0.0
1644399000.0,0.0
1644399010.0,0.0
1644399020.0,0.0
1644399030.0,0.0
1644399040.0,0.0
1644399050.0,0.0
1644399060.0,0.0
1644399070.0,0.0
1644399080.0,0.0
1644399090.0,0.0
1644399100.0,0.0
1644399110.0,0.0
1644399120.0,0.0
1644399130.0,0.0
1644399140.0,0.0
1644399150.0,0.0
1644399160.0,0.0
1644399170.0,0.0
1644399180.0,0.0
1644399190.0,0.0
1644399200.0,0.0
1644399210.0,0.0
1644399220.0,0.0
1644399230.0,0.0
1644399240.0,0.0
1644399250.0,0.0
1644399260.0,0.0
1644399270.0,0.0
1644399280.0,0.0
1644399290.0,0.0
1644399300.0,0.0
1644399310.0,0.0
1644399320.0,0.0
1644399330.0,0.0
1644399340.0,0.0
1644399350.0,0.0
1644399360.0,0.0
1644399370.0,0.0
1644399380.0,0.0
1644399390.0,0.0
1644399400.0,0.0
1644399410.0,0.0
1644399420.0,0.0
1644399430.0,0.0
1644399440.0,0.0
1644399450.0,0.0
1644399460.0,0.0
1644399470.0,0.0
1644399480.0,0.0
1644399490.0,0.0
1644399500.0,0.0
1644399510.0,0.0
1644399520.0,0.0
1644399530.0,0.0
1644399540.0,0.0
1644399550.0,0.0
1644399560.0,0.0
1644399570.0,0.0
1644399580.0,0.0
1644399590.0,0.0
1644399600.0,0.0
1644399610.0,0.0
1644399620.0,0.0
1644399630.0,0.0
1644399640.0,0.0
1644399650.0,0.0
1644399660.0,0.0
1644399670.0,0.0
1644399680.0,0.0
1644399690.0,0.0
1644399700.0,0.0
1644399710.0,0.0
1644399720.0,0.0
1644399730.0,0.0
1644399740.0,0.0
1644399750.0,0.0
1644399760.0,0.0
1644399770.0,0.0
1644399780.0,0.0
1644399790.0,0.0
1644399800.0,0.0
1644399810.0,0.0
1644399820.0,0.0
1644399830.0,0.0
1644399840.0,0.0
1644399850.0,0.0
1644399860.0,0.0
1644399870.0,0.0
1644399880.0,0.0
1644399890.0,0.0
1644399900.0,0.0
1644399910.0,0.0
1644399920.0,0.0
1644399930.0,0.0
1644399940.0,0.0
1644399950.0,0.0
1644399960.0,0.0
1644399970.0,0.0
1644399980.0,0.0
1644399990.0,0.0
1644400000.0,0.0
1644400010.0,0.0
1644400020.0,0.0
1644400030.0,0.0
1644400040.0,0.0
1644400050.0,0.0
1644400060.0,0.0
1644400070.0,0.0
1644400080.0,0.0
1644400090.0,0.0
1644400100.0,0.0
1644400110.0,0.0
1644400120.0,0.0
1644400130.0,0.0
1644400140.0,0.0
1644400150.0,0.0
1644400160.0,0.0
1644400170.0,0.0
1644400180.0,0.0
1644400190.0,0.0
1644400200.0,0.0
1644400210.0,0.0
1644400220.0,0.0
1644400230.0,0.0
1644400240.0,0.0
1644400250.0,0.0
1644400260.0,0.0
1644400270.0,0.0
1644400280.0,0.0
1644400290.0,0.0
1644400300.0,0.0
1644400310.0,0.0
1644400320.0,0.0
1644400330.0,0.0
1644400340.0,0.0
1644400350.0,0.0
1644400360.0,0.0
1644400370.0,0.0
1644400380.0,0.0
1644400390.0,0.0
1644400400.0,0.0
1644400410.0,0.0
1644400420.0,0.0
1644400430.0,0.0
1644400440.0,0.0
1644400450.0,0.0
1644400460.0,0.0
1644400470.0,0.0
1644400480.0,0.0
1644400490.0,0.0
1644400500.0,0.0
1644400510.0,0.0
1644400520.0,0.0
1644400530.0,0.0
1644400540.0,0.0
1644400550.0,0.0
1644400560.0,0.0
1644400570.0,0.0
1644400580.0,0.0
1644400590.0,0.0
1644400600.0,0.0
1644400610.0,0.0
1644400620.0,0.0
1644400630.0,0.0
1644400640.0,0.0
1644400650.0,0.0
1644400660.0,0.0
1644400670.0,0.0
1644400680.0,0.0
1644400690.0,0.0
1644400700.0,0.0
1644400710.0,0.0
1644400720.0,0.0
1644400730.0,0.0
1644400740.0,0.0
1644400750.0,0.0
1644400760.0,0.0
1644400770.0,0.0
1644400780.0,0.0
1644400790.0,0.0
1644400800.0,0.0
1644400810.0,0.0
1644400820.0,0.0
1644400830.0,0.0
1644400840.0,0.0
1644400850.0,0.0
1644400860.0,0.0
1644400870.0,0.0
1644400880.0,0.0
1644400890.0,0.0
1644400900.0,0.0
1644400910.0,0.0
1644400920.0,0.0
1644400930.0,0.0
1644400940.0,0.0
1644400950.0,0.0
1644400960.0,0.0
1644400970.0,0.0
1644400980.0,0.0
1644400990.0,0.0
1644401000.0,0.0
1644401010.0,0.0
1644401020.0,0.0
1644401030.0,0.0
1644401040.0,0.0
1644401050.0,0.0
1644401060.0,0.0
1644401070.0,0.0
1644401080.0,0.0
1644401090.0,0.0
1644401100.0,0.0
1644401110.0,0.0
1644401120.0,0.0
1644401130.0,0.0
1644401140.0,0.0
1644401150.0,0.0
1644401160.0,0.0
1644401170.0,0.0
1644401180.0,0.0
1644401190.0,0.0
1644401200.0,0.0
1644401210.0,0.0
1644401220.0,0.0
1644401230.0,0.0
1644401240.0,0.0
1644401250.0,0.0
1644401260.0,0.0
1644401270.0,0.0
1644401280.0,0.0
1644401290.0,0.0
1644401300.0,0.0
1644401310.0,0.0
1644401320.0,0.0
1644401330.0,0.0
1644401340.0,0.0
1644401350.0,0.0
1644401360.0,0.0
1644401370.0,0.0
1644401380.0,0.0
1644401390.0,0.0
1644401400.0,0.0
1644401410.0,0.0
1644401420.0,0.0
1644401430.0,0.0
1644401440.0,0.0
1644401450.0,0.0
1644401460.0,0.0
1644401470.0,0.0
1644401480.0,0.0
1644401490.0,0.0
1644401500.0,0.0
1644401510.0,0.0
1644401520.0,0.0
1644401530.0,0.0
1644401540.0,0.0
1644401550.0,0.0
1644401560.0,0.0
1644401570.0,0.0
1644401580.0,0.0
1644401590.0,0.0
1644401600.0,0.0
1644401610.0,0.0
1644401620.0,0.0
1644401630.0,0.0
1644401640.0,0.0
1644401650.0,0.0
1644401660.0,0.0
1644401670.0,0.0
1644401680.0,0.0
1644401690.0,0.0
1644401700.0,0.0
1644401710.0,0.0
1644401720.0,0.0
1644401730.0,0.0
1644401740.0,0.0
1644401750.0,0.0
1644401760.0,0.0
1644401770.0,0.0
1644401780.0,0.0
1644401790.0,0.0
1644401800.0,0.0
1644401810.0,0.0
1644401820.0,0.0
1644401830.0,0.0
1644401840.0,0.0
1644401850.0,0.0
1644401860.0,0.0
1644401870.0,0.0
1644401880.0,0.0
1644401890.0,0.0
1644401900.0,0.0
1644401910.0,0.0
1644401920.0,0.0
1644401930.0,0.0
1644401940.0,0.0
1644401950.0,0.0
1644401960.0,0.0
1644401970.0,0.0
1644401980.0,0.0
1644401990.0,0.0
1644402000.0,0.0
1644402010.0,0.0
1644402020.0,0.0
1644402030.0,0.0
1644402040.0,0.0
1644402050.0,0.0
1644402060.0,0.0
1644402070.0,0.0
1644402080.0,0.0
1644402090.0,0.0
1644402100.0,0.0
1644402110.0,0.0
1644402120.0,0.0
1644402130.0,0.0
1644402140.0,0.0
1644402150.0,0.0
1644402160.0,0.0
1644402170.0,0.0
1644402180.0,0.0
1644402190.0,0.0
1644402200.0,0.0
1644402210.0,0.0
1644402220.0,0.0
1644402230.0,0.0
1644402240.0,0.0
1644402250.0,0.0
1644402260.0,0.0
1644402270.0,0.0
1644402280.0,0.0
1644402290.0,0.0
1644402300.0,0.0
1644402310.0,0.0
1644402320.0,0.0
1644402330.0,0.0
1644402340.0,0.0
1644402350.0,0.0
1644402360.0,0.0
1644402370.0,0.0
1644402380.0,0.0
1644402390.0,0.0
1644402400.0,0.0
1644402410.0,0.0
1644402420.0,0.0
1644402430.0,0.0
1644402440.0,0.0
1644402450.0,0.0
1644402460.0,0.0
1644402470.0,0.0
1644402480.0,0.0
1644402490.0,0.0
1644402500.0,0.0
1644402510.0,0.0
1644402520.0,0.0
1644402530.0,0.0
1644402540.0,0.0
1644402550.0,0.0
1644402560.0,0.0
1644402570.0,0.0
1644402580.0,0.0
1644402590.0,0.0
1644402600.0,0.0
1644402610.0,0.0
1644402620.0,0.0
1644402630.0,0.0
1644402640.0,0.0
1644402650.0,0.0
1644402660.0,0.0
1644402670.0,0.0
1644402680.0,0.0
1644402690.0,0.0
1644402700.0,0.0
1644402710.0,0.0
1644402720.0,0.0
1644402730.0,0.0
1644402740.0,0.0
1644402750.0,0.0
1644402760.0,0.0
1644402770.0,0.0
1644402780.0,0.0
1644402790.0,0.0
1644402800.0,0.0
1644402810.0,0.0
1644402820.0,0.0
1644402830.0,0.0
1644402840.0,0.0
1644402850.0,0.0
1644402860.0,0.0
1644402870.0,0.0
1644402880.0,0.0
1644402890.0,0.0
1644402900.0,0.0
1644402910.0,0.0
1644402920.0,0.0
1644402930.0,0.0
1644402940.0,0.0
1644402950.0,0.0
1644402960.0,0.0
1644402970.0,0.0
1644402980.0,0.0
1644402990.0,0.0
1644403000.0,0.0
1644403010.0,0.0
1644403020.0,0.0
1644403030.0,0.0
1644403040.0,0.0
1644403050.0,0.0
1644403060.0,0.0
1644403070.0,0.0
1644403080.0,0.0
1644403090.0,0.0
1644403100.0,0.0
1644403110.0,0.0
1644403120.0,0.0
1644403130.0,0.0
1644403140.0,0.0
1644403150.0,0.0
1644403160.0,0.0
1644403170.0,0.0
1644403180.0,0.0
1644403190.0,0.0
1644403200.0,0.0
1644403210.0,0.0
1644403220.0,0.0
1644403230.0,0.0
1644403240.0,0.0
1644403250.0,0.0
1644403260.0,0.0
1644403270.0,0.0
1644403280.0,0.0
1644403290.0,0.0
1644403300.0,0.0
1644403310.0,0.0
1644403320.0,0.0
1644403330.0,0.0
1644403340.0,0.0
1644403350.0,0.0
1644403360.0,0.0
1644403370.0,0.0
1644403380.0,0.0
1644403390.0,0.0
1644403400.0,0.0
1644403410.0,0.0
1644403420.0,0.0
1644403430.0,0.0
1644403440.0,0.0
1644403450.0,0.0
1644403460.0,0.0
1644403470.0,0.0
1644403480.0,0.0
1644403490.0,0.0
1644403500.0,0.0
1644403510.0,0.0
1644403520.0,0.0
1644403530.0,0.0
1644403540.0,0.0
1644403550.0,0.0
1644403560.0,0.0
1644403570.0,0.0
1644403580.0,0.0
1644403590.0,0.0
1644403600.0,0.0
1644403610.0,0.0
1644403620.0,0.0
1644403630.0,0.0
1644403640.0,0.0
1644403650.0,0.0
1644403660.0,0.0
1644403670.0,0.0
1644403680.0,0.0
1644403690.0,0.0
1644403700.0,0.0
1644403710.0,0.0
1644403720.0,0.0
1644403730.0,0.0
1644403740.0,0.0
1644403750.0,0.0
1644403760.0,0.0
1644403770.0,0.0
1644403780.0,0.0
1644403790.0,0.0
1644403800.0,0.0
1644403810.0,0.0
1644403820.0,0.0
1644403830.0,0.0
1644403840.0,0.0
1644403850.0,0.0
1644403860.0,0.0
1644403870.0,0.0
1644403880.0,0.0
1644403890.0,0.0
1644403900.0,0.0
1644403910.0,0.0
1644403920.0,0.0
1644403930.0,0.0
1644403940.0,0.0
1644403950.0,0.0
1644403960.0,0.0
1644403970.0,0.0
1644403980.0,0.0
1644403990.0,0.0
1644404000.0,0.0
1644404010.0,0.0
1644404020.0,0.0
1644404030.0,0.0
1644404040.0,0.0
1644404050.0,0.0
1644404060.0,0.0
1644404070.0,0.0
1644404080.0,0.0
1644404090.0,0.0
1644404100.0,0.0
1644404110.0,0.0
1644404120.0,0.0
1644404130.0,0.0
1644404140.0,0.0
1644404150.0,0.0
1644404160.0,0.0
1644404170.0,0.0
1644404180.0,0.0
1644404190.0,0.0
1644404200.0,0.0
1644404210.0,0.0
1644404220.0,0.0
1644404230.0,0.0
1644404240.0,0.0
1644404250.0,0.0
1644404260.0,0.0
1644404270.0,0.0
1644404280.0,0.0
1644404290.0,0.0
1644404300.0,0.0
1644404310.0,0.0
1644404320.0,0.0
1644404330.0,0.0
1644404340.0,0.0
1644404350.0,0.0
1644404360.0,0.0
1644404370.0,0.0
1644404380.0,0.0
1644404390.0,0.0
1644404400.0,0.0
1644404410.0,0.0
1644404420.0,0.0
1644404430.0,0.0
1644404440.0,0.0
1644404450.0,0.0
1644404460.0,0.0
1644404470.0,0.0
1644404480.0,0.0
1644404490.0,0.0
1644404500.0,0.0
1644404510.0,0.0
1644404520.0,0.0
1644404530.0,0.0
1644404540.0,0.0
1644404550.0,0.0
1644404560.0,0.0
1644404570.0,0.0
1644404580.0,0.0
1644404590.0,0.0
1644404600.0,0.0
1644404610.0,0.0
1644404620.0,0.0
1644404630.0,0.0
1644404640.0,0.0
1644404650.0,0.0
1644404660.0,0.0
1644404670.0,0.0
1644404680.0,0.0
1644404690.0,0.0
1644404700.0,0.0
1644404710.0,0.0
1644404720.0,0.0
1644404730.0,0.0
1644404740.0,0.0
1644404750.0,0.0
1644404760.0,0.0
1644404770.0,0.0
1644404780.0,0.0
1644404790.0,0.0
1644404800.0,0.0
1644404810.0,0.0
1644404820.0,0.0
1644404830.0,0.0
1644404840.0,0.0
1644404850.0,0.0
1644404860.0,0.0
1644404870.0,0.0
1644404880.0,0.0
1644404890.0,0.0
1644404900.0,0.0
1644404910.0,0.0
1644404920.0,0.0
1644404930.0,0.0
1644404940.0,0.0
1644404950.0,0.0
1644404960.0,0.0
1644404970.0,0.0
1644404980.0,0.0
1644404990.0,0.0
1644405000.0,0.0
1644405010.0,0.0
1644405020.0,0.0
1644405030.0,0.0
1644405040.0,0.0
1644405050.0,0.0
1644405060.0,0.0
1644405070.0,0.0
1644405080.0,0.0
1644405090.0,0.0
1644405100.0,0.0
1644405110.0,0.0
1644405120.0,0.0
1644405130.0,0.0
1644405140.0,0.0
1644405150.0,0.0
1644405160.0,0.0
1644405170.0,0.0
1644405180.0,0.0
1644405190.0,0.0
1644405200.0,0.0
1644405210.0,0.0
1644405220.0,0.0
1644405230.0,0.0
1644405240.0,0.0
1644405250.0,0.0
1644405260.0,0.0
1644405270.0,0.0
1644405280.0,0.0
1644405290.0,0.0
1644405300.0,0.0
1644405310.0,0.0
1644405320.0,0.0
1644405330.0,0.0
1644405340.0,0.0
1644405350.0,0.0
1644405360.0,0.0
1644405370.0,0.0
1644405380.0,0.0
1644405390.0,0.0
1644405400.0,0.0
1644405410.0,0.0
1644405420.0,0.0
1644405430.0,0.0
1644405440.0,0.0
1644405450.0,0.0
1644405460.0,0.0
1644405470.0,0.0
1644405480.0,0.0
1644405490.0,0.0
1644405500.0,0.0
1644405510.0,0.0
1644405520.0,0.0
1644405530.0,0.0
1644405540.0,0.0
1644405550.0,0.0
1644405560.0,0.0
1644405570.0,0.0
1644405580.0,0.0
1644405590.0,0.0
1644405600.0,0.0
1644405610.0,0.0
1644405620.0,0.0
1644405630.0,0.0
1644405640.0,0.0
1644405650.0,0.0
1644405660.0,0.0
1644405670.0,0.0
1644405680.0,0.0
1644405690.0,0.0
1644405700.0,0.0
1644405710.0,0.0
1644405720.0,0.0
1644405730.0,0.0
1644405740.0,0.0
1644405750.0,0.0
1644405760.0,0.0
1644405770.0,0.0
1644405780.0,0.0
1644405790.0,0.0
1644405800.0,0.0
1644405810.0,0.0
1644405820.0,0.0
1644405830.0,0.0
1644405840.0,0.0
1644405850.0,0.0
1644405860.0,0.0
1644405870.0,0.0
1644405880.0,0.0
1644405890.0,0.0
1644405900.0,0.0
1644405910.0,0.0
1644405920.0,0.0
1644405930.0,0.0
1644405940.0,0.0
1644405950.0,0.0
1644405960.0,0.0
1644405970.0,0.0
1644405980.0,0.0
1644405990.0,0.0
1644406000.0,0.0
1644406010.0,0.0
1644406020.0,0.0
1644406030.0,0.0
1644406040.0,0.0
1644406050.0,0.0
1644406060.0,0.0
1644406070.0,0.0
1644406080.0,0.0
1644406090.0,0.0
1644406100.0,0.0
1644406110.0,0.0
1644406120.0,0.0
1644406130.0,0.0
1644406140.0,0.0
1644406150.0,0.0
1644406160.0,0.0
1644406170.0,0.0
1644406180.0,0.0
1644406190.0,0.0
1644406200.0,0.0
1644406210.0,0.0
1644406220.0,0.0
1644406230.0,0.0
1644406240.0,0.0
1644406250.0,0.0
1644406260.0,0.0
1644406270.0,0.0
1644406280.0,0.0
1644406290.0,0.0
1644406300.0,0.0
1644406310.0,0.0
1644406320.0,0.0
1644406330.0,0.0
1644406340.0,0.0
1644406350.0,0.0
1644406360.0,0.0
1644406370.0,0.0
1644406380.0,0.0
1644406390.0,0.0
1644406400.0,0.0
1644406410.0,0.0
1644406420.0,0.0
1644406430.0,0.0
1644406440.0,0.0
1644406450.0,0.0
1644406460.0,0.0
1644406470.0,0.0
1644406480.0,0.0
1644406490.0,0.0
1644406500.0,0.0
1644406510.0,0.0
1644406520.0,0.0
1644406530.0,0.0
1644406540.0,0.0
1644406550.0,0.0
1644406560.0,0.0
1644406570.0,0.0
1644406580.0,0.0
1644406590.0,0.0
1644406600.0,0.0
1644406610.0,0.0
1644406620.0,0.0
1644406630.0,0.0
1644406640.0,0.0
1644406650.0,0.0
1644406660.0,0.0
1644406670.0,0.0
1644406680.0,0.0
1644406690.0,0.0
1644406700.0,0.0
1644406710.0,0.0
1644406720.0,0.0
1644406730.0,0.0
1644406740.0,0.0
1644406750.0,0.0
1644406760.0,0.0
1644406770.0,0.0
1644406780.0,0.0
1644406790.0,0.0
1644406800.0,0.0
1644406810.0,0.0
1644406820.0,0.0
1644406830.0,0.0
1644406840.0,0.0
1644406850.0,0.0
1644406860.0,0.0
1644406870.0,0.0
1644406880.0,0.0
1644406890.0,0.0
1644406900.0,0.0
1644406910.0,0.0
1644406920.0,0.0
1644406930.0,0.0
1644406940.0,0.0
1644406950.0,0.0
1644406960.0,0.0
1644406970.0,0.0
1644406980.0,0.0
1644406990.0,0.0
1644407000.0,0.0
1644407010.0,0.0
1644407020.0,0.0
1644407030.0,0.0
1644407040.0,0.0
1644407050.0,0.0
1644407060.0,0.0
1644407070.0,0.0
1644407080.0,0.0
1644407090.0,0.0
1644407100.0,0.0
1644407110.0,0.0
1644407120.0,0.0
1644407130.0,0.0
1644407140.0,0.0
1644407150.0,0.0
1644407160.0,0.0
1644407170.0,0.0
1644407180.0,0.0
1644407190.0,0.0
1644407200.0,0.0
1644407210.0,0.0
1644407220.0,0.0
1644407230.0,0.0
1644407240.0,0.0
1644407250.0,0.0
1644407260.0,0.0
1644407270.0,0.0
1644407280.0,0.0
1644407290.0,0.0
1644407300.0,0.0
1644407310.0,0.0
1644407320.0,0.0
1644407330.0,0.0
1644407340.0,0.0
1644407350.0,0.0
1644407360.0,0.0
1644407370.0,0.0
1644407380.0,0.0
1644407390.0,0.0
1644407400.0,0.0
1644407410.0,0.0
1644407420.0,0.0
1644407430.0,0.0
1644407440.0,0.0
1644407450.0,0.0
1644407460.0,0.0
1644407470.0,0.0
1644407480.0,0.0
1644407490.0,0.0
1644407500.0,0.0
1644407510.0,0.0
1644407520.0,0.0
1644407530.0,0.0
1644407540.0,0.0
1644407550.0,0.0
1644407560.0,0.0
1644407570.0,0.0
1644407580.0,0.0
1644407590.0,0.0
1644407600.0,0.0
1644407610.0,0.0
1644407620.0,0.0
1644407630.0,0.0
1644407640.0,0.0
1644407650.0,0.0
1644407660.0,0.0
1644407670.0,0.0
1644407680.0,0.0
1644407690.0,0.0
1644407700.0,0.0
1644407710.0,0.0
1644407720.0,0.0
1644407730.0,0.0
1644407740.0,0.0
1644407750.0,0.0
1644407760.0,0.0
1644407770.0,0.0
1644407780.0,0.0
1644407790.0,0.0
1644407800.0,0.0
1644407810.0,0.0
1644407820.0,0.0
1644407830.0,0.0
1644407840.0,0.0
1644407850.0,0.0
1644407860.0,0.0
1644407870.0,0.0
1644407880.0,0.0
1644407890.0,0.0
1644407900.0,0.0
1644407910.0,0.0
1644407920.0,0.0
1644407930.0,0.0
1644407940.0,0.0
1644407950.0,0.0
1644407960.0,0.0
1644407970.0,0.0
1644407980.0,0.0
1644407990.0,0.0
1644408000.0,0.0
1644408010.0,0.0
1644408020.0,0.0
1644408030.0,0.0
1644408040.0,0.0
1644408050.0,0.0
1644408060.0,0.0
1644408070.0,0.0
1644408080.0,0.0
1644408090.0,0.0
1644408100.0,0.0
1644408110.0,0.0
1644408120.0,0.0
1644408130.0,0.0
1644408140.0,0.0
1644408150.0,0.0
1644408160.0,0.0
1644408170.0,0.0
1644408180.0,0.0
1644408190.0,0.0
1644408200.0,0.0
1644408210.0,0.0
1644408220.0,0.0
1644408230.0,0.0
1644408240.0,0.0
1644408250.0,0.0
1644408260.0,0.0
1644408270.0,0.0
1644408280.0,0.0
1644408290.0,0.0
1644408300.0,0.0
1644408310.0,0.0
1644408320.0,0.0
1644408330.0,0.0
1644408340.0,0.0
1644408350.0,0.0
1644408360.0,0.0
1644408370.0,0.0
1644408380.0,0.0
1644408390.0,0.0
1644408400.0,0.0
1644408410.0,0.0
1644408420.0,0.0
1644408430.0,0.0
1644408440.0,0.0
1644408450.0,0.0
1644408460.0,0.0
1644408470.0,0.0
1644408480.0,0.0
1644408490.0,0.0
1644408500.0,0.0
1644408510.0,0.0
1644408520.0,0.0
1644408530.0,0.0
1644408540.0,0.0
1644408550.0,0.0
1644408560.0,0.0
1644408570.0,0.0
1644408580.0,0.0
1644408590.0,0.0
1644408600.0,0.0
1644408610.0,0.0
1644408620.0,0.0
1644408630.0,0.0
1644408640.0,0.0
1644408650.0,0.0
1644408660.0,0.0
1644408670.0,0.0
1644408680.0,0.0
1644408690.0,0.0
1644408700.0,0.0
1644408710.0,0.0
1644408720.0,0.0
1644408730.0,0.0
1644408740.0,0.0
1644408750.0,0.0
1644408760.0,0.0
1644408770.0,0.0
1644408780.0,0.0
1644408790.0,0.0
1644408800.0,0.0
1644408810.0,0.0
1644408820.0,0.0
1644408830.0,0.0
1644408840.0,0.0
1644408850.0,0.0
1644408860.0,0.0
1644408870.0,0.0
1644408880.0,0.0
1644408890.0,0.0
1644408900.0,0.0
1644408910.0,0.0
1644408920.0,0.0
1644408930.0,0.0
1644408940.0,0.0
1644408950.0,0.0
1644408960.0,0.0
1644408970.0,0.0
1644408980.0,0.0
1644408990.0,0.0
1644409000.0,0.0
1644409010.0,0.0
1644409020.0,0.0
1644409030.0,0.0
1644409040.0,0.0
1644409050.0,0.0
1644409060.0,0.0
1644409070.0,0.0
1644409080.0,0.0
1644409090.0,0.0
1644409100.0,0.0
1644409110.0,0.0
1644409120.0,0.0
1644409130.0,0.0
1644409140.0,0.0
1644409150.0,0.0
1644409160.0,0.0
1644409170.0,0.0
1644409180.0,0.0
1644409190.0,0.0
1644409200.0,0.0
1644409210.0,0.0
1644409220.0,0.0
1644409230.0,0.0
1644409240.0,0.0
1644409250.0,0.0
1644409260.0,0.0
1644409270.0,0.0
1644409280.0,0.0
1644409290.0,0.0
1644409300.0,0.0
1644409310.0,0.0
1644409320.0,0.0
1644409330.0,0.0
1644409340.0,0.0
1644409350.0,0.0
1644409360.0,0.0
1644409370.0,0.0
1644409380.0,0.0
1644409390.0,0.0
1644409400.0,0.0
1644409410.0,0.0
1644409420.0,0.0
1644409430.0,0.0
1644409440.0,0.0
1644409450.0,0.0
1644409460.0,0.0
1644409470.0,0.0
1644409480.0,0.0
1644409490.0,0.0
1644409500.0,0.0
1644409510.0,0.0
1644409520.0,0.0
1644409530.0,0.0
1644409540.0,0.0
1644409550.0,0.0
1644409560.0,0.0
1644409570.0,0.0
1644409580.0,0.0
1644409590.0,0.0
1644409600.0,0.0
1644409610.0,0.0
1644409620.0,0.0
1644409630.0,0.0
1644409640.0,0.0
1644409650.0,0.0
1644409660.0,0.0
1644409670.0,0.0
1644409680.0,0.0
1644409690.0,0.0
1644409700.0,0.0
1644409710.0,0.0
1644409720.0,0.0
1644409730.0,0.0
1644409740.0,0.0
1644409750.0,0.0
1644409760.0,0.0
1644409770.0,0.0
1644409780.0,0.0
1644409790.0,0.0
1644409800.0,0.0
1644409810.0,0.0
1644409820.0,0.0
1644409830.0,0.0
1644409840.0,0.0
1644409850.0,0.0
1644409860.0,0.0
1644409870.0,0.0
1644409880.0,0.0
1644409890.0,0.0
1644409900.0,0.0
1644409910.0,0.0
1644409920.0,0.0
1644409930.0,0.0
1644409940.0,0.0
1644409950.0,0.0
1644409960.0,0.0
1644409970.0,0.0
1644409980.0,0.0
1644409990.0,0.0
1644410000.0,0.0
1644410010.0,0.0
1644410020.0,0.0
1644410030.0,0.0
1644410040.0,0.0
1644410050.0,0.0
1644410060.0,0.0
1644410070.0,0.0
1644410080.0,0.0
1644410090.0,0.0
1644410100.0,0.0
1644410110.0,0.0
1644410120.0,0.0
1644410130.0,0.0
1644410140.0,0.0
1644410150.0,0.0
1644410160.0,0.0
1644410170.0,0.0
1644410180.0,0.0
1644410190.0,0.0
1644410200.0,0.0
1644410210.0,0.0
1644410220.0,0.0
1644410230.0,0.0
1644410240.0,0.0
1644410250.0,0.0
1644410260.0,0.0
1644410270.0,0.0
1644410280.0,0.0
1644410290.0,0.0
1644410300.0,0.0
1644410310.0,0.0
1644410320.0,0.0
1644410330.0,0.0
1644410340.0,0.0
1644410350.0,0.0
1644410360.0,0.0
1644410370.0,0.0
1644410380.0,0.0
1644410390.0,0.0
1644410400.0,0.0
1644410410.0,0.0
1644410420.0,0.0
1644410430.0,0.0
1644410440.0,0.0
1644410450.0,0.0
1644410460.0,0.0
1644410470.0,0.0
1644410480.0,0.0
1644410490.0,0.0
1644410500.0,0.0
1644410510.0,0.0
1644410520.0,0.0
1644410530.0,0.0
1644410540.0,0.0
1644410550.0,0.0
1644410560.0,0.0
1644410570.0,0.0
1644410580.0,0.0
1644410590.0,0.0
1644410600.0,0.0
1644410610.0,0.0
1644410620.0,0.0
1644410630.0,0.0
1644410640.0,0.0
1644410650.0,0.0
1644410660.0,0.0
1644410670.0,0.0
1644410680.0,0.0
1644410690.0,0.0
1644410700.0,0.0
1644410710.0,0.0
1644410720.0,0.0
1644410730.0,0.0
1644410740.0,0.0
1644410750.0,0.0
1644410760.0,0.0
1644410770.0,0.0
1644410780.0,0.0
1644410790.0,0.0
1644410800.0,0.0
1644410810.0,0.0
1644410820.0,0.0
1644410830.0,0.0
1644410840.0,0.0
1644410850.0,0.0
1644410860.0,0.0
1644410870.0,0.0
1644410880.0,0.0
1644410890.0,0.0
1644410900.0,0.0
1644410910.0,0.0
1644410920.0,0.0
1644410930.0,0.0
1644410940.0,0.0
1644410950.0,0.0
1644410960.0,0.0
1644410970.0,0.0
1644410980.0,0.0
1644410990.0,0.0
1644411000.0,0.0
1644411010.0,0.0
1644411020.0,0.0
1644411030.0,0.0
1644411040.0,0.0
1644411050.0,0.0
1644411060.0,0.0
1644411070.0,0.0
1644411080.0,0.0
1644411090.0,0.0
1644411100.0,0.0
1644411110.0,0.0
1644411120.0,0.0
1644411130.0,0.0
1644411140.0,0.0
1644411150.0,0.0
1644411160.0,0.0
1644411170.0,0.0
1644411180.0,0.0
1644411190.0,0.0
1644411200.0,0.0
1644411210.0,0.0
1644411220.0,0.0
1644411230.0,0.0
1644411240.0,0.0
1644411250.0,0.0
1644411260.0,0.0
1644411270.0,0.0
1644411280.0,0.0
1644411290.0,0.0
1644411300.0,0.0
1644411310.0,0.0
1644411320.0,0.0
1644411330.0,0.0
1644411340.0,0.0
1644411350.0,0.0
1644411360.0,0.0
1644411370.0,0.0
1644411380.0,0.0
1644411390.0,0.0
1644411400.0,0.0
1644411410.0,0.0
1644411420.0,0.0
1644411430.0,0.0
1644411440.0,0.0
1644411450.0,0.0
1644411460.0,0.0
1644411470.0,0.0
1644411480.0,0.0
1644411490.0,0.0
1644411500.0,0.0
1644411510.0,0.0
1644411520.0,0.0
1644411530.0,0.0
1644411540.0,0.0
1644411550.0,0.0
1644411560.0,0.0
1644411570.0,0.0
1644411580.0,0.0
1644411590.0,0.0
1644411600.0,0.0
1644411610.0,0.0
1644411620.0,0.0
1644411630.0,0.0
1644411640.0,0.0
1644411650.0,0.0
1644411660.0,0.0
1644411670.0,0.0
1644411680.0,0.0
1644411690.0,0.0
1644411700.0,0.0
1644411710.0,0.0
1644411720.0,0.0
1644411730.0,0.0
1644411740.0,0.0
1644411750.0,0.0
1644411760.0,0.0
1644411770.0,0.0
1644411780.0,0.0
1644411790.0,0.0
1644411800.0,0.0
1644411810.0,0.0
1644411820.0,0.0
1644411830.0,0.0
1644411840.0,0.0
1644411850.0,0.0
1644411860.0,0.0
1644411870.0,0.0
1644411880.0,0.0
1644411890.0,0.0
1644411900.0,0.0
1644411910.0,0.0
1644411920.0,0.0
1644411930.0,0.0
1644411940.0,0.0
1644411950.0,0.0
1644411960.0,0.0
1644411970.0,0.0
1644411980.0,0.0
1644411990.0,0.0
1644412000.0,0.0
1644412010.0,0.0
1644412020.0,0.0
1644412030.0,0.0
1644412040.0,0.0
1644412050.0,0.0
1644412060.0,0.0
1644412070.0,0.0
1644412080.0,0.0
1644412090.0,0.0
1644412100.0,0.0
1644412110.0,0.0
1644412120.0,0.0
1644412130.0,0.0
1644412140.0,0.0
1644412150.0,0.0
1644412160.0,0.0
1644412170.0,0.0
1644412180.0,0.0
1644412190.0,0.0
1644412200.0,0.0
1644412210.0,0.0
1644412220.0,0.0
1644412230.0,0.0
1644412240.0,0.0
1644412250.0,0.0
1644412260.0,0.0
1644412270.0,0.0
1644412280.0,0.0
1644412290.0,0.0
1644412300.0,0.0
1644412310.0,0.0
1644412320.0,0.0
1644412330.0,0.0
1644412340.0,0.0
1644412350.0,0.0
1644412360.0,0.0
1644412370.0,0.0
1644412380.0,0.0
1644412390.0,0.0
1644412400.0,0.0
1644412410.0,0.0
1644412420.0,0.0
1644412430.0,0.0
1644412440.0,0.0
1644412450.0,0.0
1644412460.0,0.0
1644412470.0,0.0
1644412480.0,0.0
1644412490.0,0.0
1644412500.0,0.0
1644412510.0,0.0
1644412520.0,0.0
1644412530.0,0.0
1644412540.0,0.0
1644412550.0,0.0
1644412560.0,0.0
1644412570.0,0.0
1644412580.0,0.0
1644412590.0,0.0
1644412600.0,0.0
1644412610.0,0.0
1644412620.0,0.0
1644412630.0,0.0
1644412640.0,0.0
1644412650.0,0.0
1644412660.0,0.0
1644412670.0,0.0
1644412680.0,0.0
1644412690.0,0.0
1644412700.0,0.0
1644412710.0,0.0
1644412720.0,0.0
1644412730.0,0.0
1644412740.0,0.0
1644412750.0,0.0
1644412760.0,0.0
1644412770.0,0.0
1644412780.0,0.0
1644412790.0,0.0
1644412800.0,0.0
1644412810.0,0.0
1644412820.0,0.0
1644412830.0,0.0
1644412840.0,0.0
1644412850.0,0.0
1644412860.0,0.0
1644412870.0,0.0
1644412880.0,0.0
1644412890.0,0.0
1644412900.0,0.0
1644412910.0,0.0
1644412920.0,0.0
1644412930.0,0.0
1644412940.0,0.0
1644412950.0,0.0
1644412960.0,0.0
1644412970.0,0.0
1644412980.0,0.0
1644412990.0,0.0
1644413000.0,0.0
1644413010.0,0.0
1644413020.0,0.0
1644413030.0,0.0
1644413040.0,0.0
1644413050.0,0.0
1644413060.0,0.0
1644413070.0,0.0
1644413080.0,0.0
1644413090.0,0.0
1644413100.0,0.0
1644413110.0,0.0
1644413120.0,0.0
1644413130.0,0.0
1644413140.0,0.0
1644413150.0,0.0
1644413160.0,0.0
1644413170.0,0.0
1644413180.0,0.0
1644413190.0,0.0
1644413200.0,0.0
1644413210.0,0.0
1644413220.0,0.0
1644413230.0,0.0
1644413240.0,0.0
1644413250.0,0.0
1644413260.0,0.0
1644413270.0,0.0
1644413280.0,0.0
1644413290.0,0.0
1644413300.0,0.0
1644413310.0,0.0
1644413320.0,0.0
1644413330.0,0.0
1644413340.0,0.0
1644413350.0,0.0
1644413360.0,0.0
1644413370.0,0.0
1644413380.0,0.0
1644413390.0,0.0
1644413400.0,0.0
1644413410.0,0.0
1644413420.0,0.0
1644413430.0,0.0
1644413440.0,0.0
1644413450.0,0.0
1644413460.0,0.0
1644413470.0,0.0
1644413480.0,0.0
1644413490.0,0.0
1644413500.0,0.0
1644413510.0,0.0
1644413520.0,0.0
1644413530.0,0.0
1644413540.0,0.0
1644413550.0,0.0
1644413560.0,0.0
1644413570.0,0.0
1644413580.0,0.0
1644413590.0,0.0
1644413600.0,0.0
1644413610.0,0.0
1644413620.0,0.0
1644413630.0,0.0
1644413640.0,0.0
1644413650.0,0.0
1644413660.0,0.0
1644413670.0,0.0
1644413680.0,0.0
1644413690.0,0.0
1644413700.0,0.0
1644413710.0,0.0
1644413720.0,0.0
1644413730.0,0.0
1644413740.0,0.0
1644413750.0,0.0
1644413760.0,0.0
1644413770.0,0.0
1644413780.0,0.0
1644413790.0,0.0
1644413800.0,0.0
1644413810.0,0.0
1644413820.0,0.0
1644413830.0,0.0
1644413840.0,0.0
1644413850.0,0.0
1644413860.0,0.0
1644413870.0,0.0
1644413880.0,0.0
1644413890.0,0.0
1644413900.0,0.0
1644413910.0,0.0
1644413920.0,0.0
1644413930.0,0.0
1644413940.0,0.0
1644413950.0,0.0
1644413960.0,0.0
1644413970.0,0.0
1644413980.0,0.0
1644413990.0,0.0
1644414000.0,0.0
1644414010.0,0.0
1644414020.0,0.0
1644414030.0,0.0
1644414040.0,0.0
1644414050.0,0.0
1644414060.0,0.0
1644414070.0,0.0
1644414080.0,0.0
1644414090.0,0.0
1644414100.0,0.0
1644414110.0,0.0
1644414120.0,0.0
1644414130.0,0.0
1644414140.0,0.0
1644414150.0,0.0
1644414160.0,0.0
1644414170.0,0.0
1644414180.0,0.0
1644414190.0,0.0
1644414200.0,0.0
1644414210.0,0.0
1644414220.0,0.0
1644414230.0,0.0
1644414240.0,0.0
1644414250.0,0.0
1644414260.0,0.0
1644414270.0,0.0
1644414280.0,0.0
1644414290.0,0.0
1644414300.0,0.0
1644414310.0,0.0
1644414320.0,0.0
1644414330.0,0.0
1644414340.0,0.0
1644414350.0,0.0
1644414360.0,0.0
1644414370.0,0.0
1644414380.0,0.0
1644414390.0,0.0
1644414400.0,0.0
1644414410.0,0.0
1644414420.0,0.0
1644414430.0,0.0
1644414440.0,0.0
1644414450.0,0.0
1644414460.0,0.0
1644414470.0,0.0
1644414480.0,0.0
1644414490.0,0.0
1644414500.0,0.0
1644414510.0,0.0
1644414520.0,0.0
1644414530.0,0.0
1644414540.0,0.0
1644414550.0,0.0
1644414560.0,0.0
1644414570.0,0.0
1644414580.0,0.0
1644414590.0,0.0
1644414600.0,0.0
1644414610.0,0.0
1644414620.0,0.0
1644414630.0,0.0
1644414640.0,0.0
1644414650.0,0.0
1644414660.0,0.0
1644414670.0,0.0
1644414680.0,0.0
1644414690.0,0.0
1644414700.0,0.0
1644414710.0,0.0
1644414720.0,0.0
1644414730.0,0.0
1644414740.0,0.0
1644414750.0,0.0
1644414760.0,0.0
1644414770.0,0.0
1644414780.0,0.0
1644414790.0,0.0
1644414800.0,0.0
1644414810.0,0.0
1644414820.0,0.0
1644414830.0,0.0
1644414840.0,0.0
1644414850.0,0.0
1644414860.0,0.0
1644414870.0,0.0
1644414880.0,0.0
1644414890.0,0.0
1644414900.0,0.0
1644414910.0,0.0
1644414920.0,0.0
1644414930.0,0.0
1644414940.0,0.0
1644414950.0,0.0
1644414960.0,0.0
1644414970.0,0.0
1644414980.0,0.0
1644414990.0,0.0
1644415000.0,0.0
1644415010.0,0.0
1644415020.0,0.0
1644415030.0,0.0
1644415040.0,0.0
1644415050.0,0.0
1644415060.0,0.0
1644415070.0,0.0
1644415080.0,0.0
1644415090.0,0.0
1644415100.0,0.0
1644415110.0,0.0
1644415120.0,0.0
1644415130.0,0.0
1644415140.0,0.0
1644415150.0,0.0
1644415160.0,0.0
1644415170.0,0.0
1644415180.0,0.0
1644415190.0,0.0
1644415200.0,0.0
1644415210.0,0.0
1644415220.0,0.0
1644415230.0,0.0
1644415240.0,0.0
1644415250.0,0.0
1644415260.0,0.0
1644415270.0,0.0
1644415280.0,0.0
1644415290.0,0.0
1644415300.0,0.0
1644415310.0,0.0
1644415320.0,0.0
1644415330.0,0.0
1644415340.0,0.0
1644415350.0,0.0
1644415360.0,0.0
1644415370.0,0.0
1644415380.0,0.0
1644415390.0,0.0
1644415400.0,0.0
1644415410.0,0.0
1644415420.0,0.0
1644415430.0,0.0
1644415440.0,0.0
1644415450.0,0.0
1644415460.0,0.0
1644415470.0,0.0
1644415480.0,0.0
1644415490.0,0.0
1644415500.0,0.0
1644415510.0,0.0
1644415520.0,0.0
1644415530.0,0.0
1644415540.0,0.0
1644415550.0,0.0
1644415560.0,0.0
1644415570.0,0.0
1644415580.0,0.0
1644415590.0,0.0
1644415600.0,0.0
1644415610.0,0.0
1644415620.0,0.0
1644415630.0,0.0
1644415640.0,0.0
1644415650.0,0.0
1644415660.0,0.0
1644415670.0,0.0
1644415680.0,0.0
1644415690.0,0.0
1644415700.0,0.0
1644415710.0,0.0
1644415720.0,0.0
1644415730.0,0.0
1644415740.0,0.0
1644415750.0,0.0
1644415760.0,0.0
1644415770.0,0.0
1644415780.0,0.0
1644415790.0,0.0
1644415800.0,0.0
1644415810.0,0.0
1644415820.0,0.0
1644415830.0,0.0
1644415840.0,0.0
1644415850.0,0.0
1644415860.0,0.0
1644415870.0,0.0
1644415880.0,0.0
1644415890.0,0.0
1644415900.0,0.0
1644415910.0,0.0
1644415920.0,0.0
1644415930.0,0.0
1644415940.0,0.0
1644415950.0,0.0
1644415960.0,0.0
1644415970.0,0.0
1644415980.0,0.0
1644415990.0,0.0
1644416000.0,0.0
1644416010.0,0.0
1644416020.0,0.0
1644416030.0,0.0
1644416040.0,0.0
1644416050.0,0.0
1644416060.0,0.0
1644416070.0,0.0
1644416080.0,0.0
1644416090.0,0.0
1644416100.0,0.0
1644416110.0,0.0
1644416120.0,0.0
1644416130.0,0.0
1644416140.0,0.0
1644416150.0,0.0
1644416160.0,0.0
1644416170.0,0.0
1644416180.0,0.0
1644416190.0,0.0
1644416200.0,0.0
1644416210.0,0.0
1644416220.0,0.0
1644416230.0,0.0
1644416240.0,0.0
1644416250.0,0.0
1644416260.0,0.0
1644416270.0,0.0
1644416280.0,0.0
1644416290.0,0.0
1644416300.0,0.0
1644416310.0,0.0
1644416320.0,0.0
1644416330.0,0.0
1644416340.0,0.0
1644416350.0,0.0
1644416360.0,0.0
1644416370.0,0.0
1644416380.0,0.0
1644416390.0,0.0
1644416400.0,0.0
1644416410.0,0.0
1644416420.0,0.0
1644416430.0,0.0
1644416440.0,0.0
1644416450.0,0.0
1644416460.0,0.0
1644416470.0,0.0
1644416480.0,0.0
1644416490.0,0.0
1644416500.0,0.0
1644416510.0,0.0
1644416520.0,0.0
1644416530.0,0.0
1644416540.0,0.0
1644416550.0,0.0
1644416560.0,0.0
1644416570.0,0.0
1644416580.0,0.0
1644416590.0,0.0
1644416600.0,0.0
1644416610.0,0.0
1644416620.0,0.0
1644416630.0,0.0
1644416640.0,0.0
1644416650.0,0.0
1644416660.0,0.0
1644416670.0,0.0
1644416680.0,0.0
1644416690.0,0.0
1644416700.0,0.0
1644416710.0,0.0
1644416720.0,0.0
1644416730.0,0.0
1644416740.0,0.0
1644416750.0,0.0
1644416760.0,0.0
1644416770.0,0.0
1644416780.0,0.0
1644416790.0,0.0
1644416800.0,0.0
1644416810.0,0.0
1644416820.0,0.0
1644416830.0,0.0
1644416840.0,0.0
1644416850.0,0.0
1644416860.0,0.0
1644416870.0,0.0
1644416880.0,0.0
1644416890.0,0.0
1644416900.0,0.0
1644416910.0,0.0
1644416920.0,0.0
1644416930.0,0.0
1644416940.0,0.0
1644416950.0,0.0
1644416960.0,0.0
1644416970.0,0.0
1644416980.0,0.0
1644416990.0,0.0
1644417000.0,0.0
1644417010.0,0.0
1644417020.0,0.0
1644417030.0,0.0
1644417040.0,0.0
1644417050.0,0.0
1644417060.0,0.0
1644417070.0,0.0
1644417080.0,0.0
1644417090.0,0.0
1644417100.0,0.0
1644417110.0,0.0
1644417120.0,0.0
1644417130.0,0.0
1644417140.0,0.0
1644417150.0,0.0
1644417160.0,0.0
1644417170.0,0.0
1644417180.0,0.0
1644417190.0,0.0
1644417200.0,0.0
1644417210.0,0.0
1644417220.0,0.0
1644417230.0,0.0
1644417240.0,0.0
1644417250.0,0.0
1644417260.0,0.0
1644417270.0,0.0
1644417280.0,0.0
1644417290.0,0.0
1644417300.0,0.0
1644417310.0,0.0
1644417320.0,0.0
1644417330.0,0.0
1644417340.0,0.0
1644417350.0,0.0
1644417360.0,0.0
1644417370.0,0.0
1644417380.0,0.0
1644417390.0,0.0
1644417400.0,0.0
1644417410.0,0.0
1644417420.0,0.0
1644417430.0,0.0
1644417440.0,0.0
1644417450.0,0.0
1644417460.0,0.0
1644417470.0,0.0
1644417480.0,0.0
1644417490.0,0.0
1644417500.0,0.0
1644417510.0,0.0
1644417520.0,0.0
1644417530.0,0.0
1644417540.0,0.0
1644417550.0,0.0
1644417560.0,0.0
1644417570.0,0.0
1644417580.0,0.0
1644417590.0,0.0
1644417600.0,0.0
1644417610.0,0.0
1644417620.0,0.0
1644417630.0,0.0
1644417640.0,0.0
1644417650.0,0.0
1644417660.0,0.0
1644417670.0,0.0
1644417680.0,0.0
1644417690.0,0.0
1644417700.0,0.0
1644417710.0,0.0
1644417720.0,0.0
1644417730.0,0.0
1644417740.0,0.0
1644417750.0,0.0
1644417760.0,0.0
1644417770.0,0.0
1644417780.0,0.0
1644417790.0,0.0
1644417800.0,0.0
1644417810.0,0.0
1644417820.0,0.0
1644417830.0,0.0
1644417840.0,0.0
1644417850.0,0.0
1644417860.0,0.0
1644417870.0,0.0
1644417880.0,0.0
1644417890.0,0.0
1644417900.0,0.0
1644417910.0,0.0
1644417920.0,0.0
1644417930.0,0.0
1644417940.0,0.0
1644417950.0,0.0
1644417960.0,0.0
1644417970.0,0.0
1644417980.0,0.0
1644417990.0,0.0
1644418000.0,0.0
1644418010.0,0.0
1644418020.0,0.0
1644418030.0,0.0
1644418040.0,0.0
1644418050.0,0.0
1644418060.0,0.0
1644418070.0,0.0
1644418080.0,0.0
1644418090.0,0.0
1644418100.0,0.0
1644418110.0,0.0
1644418120.0,0.0
1644418130.0,0.0
1644418140.0,0.0
1644418150.0,0.0
1644418160.0,0.0
1644418170.0,0.0
1644418180.0,0.0
1644418190.0,0.0
1644418200.0,0.0
1644418210.0,0.0
1644418220.0,0.0
1644418230.0,0.0
1644418240.0,0.0
1644418250.0,0.0
1644418260.0,0.0
1644418270.0,0.0
1644418280.0,0.0
1644418290.0,0.0
1644418300.0,0.0
1644418310.0,0.0
1644418320.0,0.0
1644418330.0,0.0
1644418340.0,0.0
1644418350.0,0.0
1644418360.0,0.0
1644418370.0,0.0
1644418380.0,0.0
1644418390.0,0.0
1644418400.0,0.0
1644418410.0,0.0
1644418420.0,0.0
1644418430.0,0.0
1644418440.0,0.0
1644418450.0,0.0
1644418460.0,0.0
1644418470.0,0.0
1644418480.0,0.0
1644418490.0,0.0
1644418500.0,0.0
1644418510.0,0.0
1644418520.0,0.0
1644418530.0,0.0
1644418540.0,0.0
1644418550.0,0.0
1644418560.0,0.0
1644418570.0,0.0
1644418580.0,0.0
1644418590.0,0.0
1644418600.0,0.0
1644418610.0,0.0
1644418620.0,0.0
1644418630.0,0.0
1644418640.0,0.0
1644418650.0,0.0
1644418660.0,0.0
1644418670.0,0.0
1644418680.0,0.0
1644418690.0,0.0
1644418700.0,0.0
1644418710.0,0.0
1644418720.0,0.0
1644418730.0,0.0
1644418740.0,0.0
1644418750.0,0.0
1644418760.0,0.0
1644418770.0,0.0
1644418780.0,0.0
1644418790.0,0.0
1644418800.0,0.0
1644418810.0,0.0
1644418820.0,0.0
1644418830.0,0.0
1644418840.0,0.0
1644418850.0,0.0
1644418860.0,0.0
1644418870.0,0.0
1644418880.0,0.0
1644418890.0,0.0
1644418900.0,0.0
1644418910.0,0.0
1644418920.0,0.0
1644418930.0,0.0
1644418940.0,0.0
1644418950.0,0.0
1644418960.0,0.0
1644418970.0,0.0
1644418980.0,0.0
1644418990.0,0.0
1644419000.0,0.0
1644419010.0,0.0
1644419020.0,0.0
1644419030.0,0.0
1644419040.0,0.0
1644419050.0,0.0
1644419060.0,0.0
1644419070.0,0.0
1644419080.0,0.0
1644419090.0,0.0
1644419100.0,0.0
1644419110.0,0.0
1644419120.0,0.0
1644419130.0,0.0
1644419140.0,0.0
1644419150.0,0.0
1644419160.0,0.0
1644419170.0,0.0
1644419180.0,0.0
1644419190.0,0.0
1644419200.0,0.0
1644419210.0,0.0
1644419220.0,0.0
1644419230.0,0.0
1644419240.0,0.0
1644419250.0,0.0
1644419260.0,0.0
1644419270.0,0.0
1644419280.0,0.0
1644419290.0,0.0
1644419300.0,0.0
1644419310.0,0.0
1644419320.0,0.0
1644419330.0,0.0
1644419340.0,0.0
1644419350.0,0.0
1644419360.0,0.0
1644419370.0,0.0
1644419380.0,0.0
1644419390.0,0.0
1644419400.0,0.0
1644419410.0,0.0
1644419420.0,0.0
1644419430.0,0.0
1644419440.0,0.0
1644419450.0,0.0
1644419460.0,0.0
1644419470.0,0.0
1644419480.0,0.0
1644419490.0,0.0
1644419500.0,0.0
1644419510.0,0.0
1644419520.0,0.0
1644419530.0,0.0
1644419540.0,0.0
1644419550.0,0.0
1644419560.0,0.0
1644419570.0,0.0
1644419580.0,0.0
1644419590.0,0.0
1644419600.0,0.0
1644419610.0,0.0
1644419620.0,0.0
1644419630.0,0.0
1644419640.0,0.0
1644419650.0,0.0
1644419660.0,0.0
1644419670.0,0.0
1644419680.0,0.0
1644419690.0,0.0
1644419700.0,0.0
1644419710.0,0.0
1644419720.0,0.0
1644419730.0,0.0
1644419740.0,0.0
1644419750.0,0.0
1644419760.0,0.0
1644419770.0,0.0
1644419780.0,0.0
1644419790.0,0.0
1644419800.0,0.0
1644419810.0,0.0
1644419820.0,0.0
1644419830.0,0.0
1644419840.0,0.0
1644419850.0,0.0
1644419860.0,0.0
1644419870.0,0.0
1644419880.0,0.0
1644419890.0,0.0
1644419900.0,0.0
1644419910.0,0.0
1644419920.0,0.0
1644419930.0,0.0
1644419940.0,0.0
1644419950.0,0.0
1644419960.0,0.0
1644419970.0,0.0
1644419980.0,0.0
1644419990.0,0.0
1644420000.0,0.0
1644420010.0,0.0
1644420020.0,0.0
1644420030.0,0.0
1644420040.0,0.0
1644420050.0,0.0
1644420060.0,0.0
1644420070.0,0.0
1644420080.0,0.0
1644420090.0,0.0
1644420100.0,0.0
1644420110.0,0.0
1644420120.0,0.0
1644420130.0,0.0
1644420140.0,0.0
1644420150.0,0.0
1644420160.0,0.0
1644420170.0,0.0
1644420180.0,0.0
1644420190.0,0.0
1644420200.0,0.0
1644420210.0,0.0
1644420220.0,0.0
1644420230.0,0.0
1644420240.0,0.0
1644420250.0,0.0
1644420260.0,0.0
1644420270.0,0.0
1644420280.0,0.0
1644420290.0,0.0
1644420300.0,0.0
1644420310.0,0.0
1644420320.0,0.0
1644420330.0,0.0
1644420340.0,0.0
1644420350.0,0.0
1644420360.0,0.0
1644420370.0,0.0
1644420380.0,0.0
1644420390.0,0.0
1644420400.0,0.0
1644420410.0,0.0
1644420420.0,0.0
1644420430.0,0.0
1644420440.0,0.0
1644420450.0,0.0
1644420460.0,0.0
1644420470.0,0.0
1644420480.0,0.0
1644420490.0,0.0
1644420500.0,0.0
1644420510.0,0.0
1644420520.0,0.0
1644420530.0,0.0
1644420540.0,0.0
1644420550.0,0.0
1644420560.0,0.0
1644420570.0,0.0
1644420580.0,0.0
1644420590.0,0.0
1644420600.0,0.0
1644420610.0,0.0
1644420620.0,0.0
1644420630.0,0.0
1644420640.0,0.0
1644420650.0,0.0
1644420660.0,0.0
1644420670.0,0.0
1644420680.0,0.0
1644420690.0,0.0
1644420700.0,0.0
1644420710.0,0.0
1644420720.0,0.0
1644420730.0,0.0
1644420740.0,0.0
1644420750.0,0.0
1644420760.0,0.0
1644420770.0,0.0
1644420780.0,0.0
1644420790.0,0.0
1644420800.0,0.0
1644420810.0,0.0
1644420820.0,0.0
1644420830.0,0.0
1644420840.0,0.0
1644420850.0,0.0
1644420860.0,0.0
1644420870.0,0.0
1644420880.0,0.0
1644420890.0,0.0
1644420900.0,0.0
1644420910.0,0.0
1644420920.0,0.0
1644420930.0,0.0
1644420940.0,0.0
1644420950.0,0.0
1644420960.0,0.0
1644420970.0,0.0
1644420980.0,0.0
1644420990.0,0.0
1644421000.0,0.0
1644421010.0,0.0
1644421020.0,0.0
1644421030.0,0.0
1644421040.0,0.0
1644421050.0,0.0
1644421060.0,0.0
1644421070.0,0.0
1644421080.0,0.0
1644421090.0,0.0
1644421100.0,0.0
1644421110.0,0.0
1644421120.0,0.0
1644421130.0,0.0
1644421140.0,0.0
1644421150.0,0.0
1644421160.0,0.0
1644421170.0,0.0
1644421180.0,0.0
1644421190.0,0.0
1644421200.0,0.0
1644421210.0,0.0
1644421220.0,0.0
1644421230.0,0.0
1644421240.0,0.0
1644421250.0,0.0
1644421260.0,0.0
1644421270.0,0.0
1644421280.0,0.0
1644421290.0,0.0
1644421300.0,0.0
1644421310.0,0.0
1644421320.0,0.0
1644421330.0,0.0
1644421340.0,0.0
1644421350.0,0.0
1644421360.0,0.0
1644421370.0,0.0
1644421380.0,0.0
1644421390.0,0.0
1644421400.0,0.0
1644421410.0,0.0
1644421420.0,0.0
1644421430.0,0.0
1644421440.0,0.0
1644421450.0,0.0
1644421460.0,0.0
1644421470.0,0.0
1644421480.0,0.0
1644421490.0,0.0
1644421500.0,0.0
1644421510.0,0.0
1644421520.0,0.0
1644421530.0,0.0
1644421540.0,0.0
1644421550.0,0.0
1644421560.0,0.0
1644421570.0,0.0
1644421580.0,0.0
1644421590.0,0.0
1644421600.0,0.0
1644421610.0,0.0
1644421620.0,0.0
1644421630.0,0.0
1644421640.0,0.0
1644421650.0,0.0
1644421660.0,0.0
1644421670.0,0.0
1644421680.0,0.0
1644421690.0,0.0
1644421700.0,0.0
1644421710.0,0.0
1644421720.0,0.0
1644421730.0,0.0
1644421740.0,0.0
1644421750.0,0.0
1644421760.0,0.0
1644421770.0,0.0
1644421780.0,0.0
1644421790.0,0.0
1644421800.0,0.0
1644421810.0,0.0
1644421820.0,0.0
1644421830.0,0.0
1644421840.0,0.0
1644421850.0,0.0
1644421860.0,0.0
1644421870.0,0.0
1644421880.0,0.0
1644421890.0,0.0
1644421900.0,0.0
1644421910.0,0.0
1644421920.0,0.0
1644421930.0,0.0
1644421940.0,0.0
1644421950.0,0.0
1644421960.0,0.0
1644421970.0,0.0
1644421980.0,0.0
1644421990.0,0.0
1644422000.0,0.0
1644422010.0,0.0
1644422020.0,0.0
1644422030.0,0.0
1644422040.0,0.0
1644422050.0,0.0
1644422060.0,0.0
1644422070.0,0.0
1644422080.0,0.0
1644422090.0,0.0
1644422100.0,0.0
1644422110.0,0.0
1644422120.0,0.0
1644422130.0,0.0
1644422140.0,0.0
1644422150.0,0.0
1644422160.0,0.0
1644422170.0,0.0
1644422180.0,0.0
1644422190.0,0.0
1644422200.0,0.0
1644422210.0,0.0
1644422220.0,0.0
1644422230.0,0.0
1644422240.0,0.0
1644422250.0,0.0
1644422260.0,0.0
1644422270.0,0.0
1644422280.0,0.0
1644422290.0,0.0
1644422300.0,0.0
1644422310.0,0.0
1644422320.0,0.0
1644422330.0,0.0
1644422340.0,0.0
1644422350.0,0.0
1644422360.0,0.0
1644422370.0,0.0
1644422380.0,0.0
1644422390.0,0.0
