START_TIME,STOP_TIME,PREDICTION,SOURCE,LABELSET,VIDEO_START_TIME,VIDEO_END_TIME
2022-06-02 13:28:52,2022-06-02 13:29:23,In_Transit_Active,annotator,HIGH LEVEL BEHAVIOR,2022-06-02 00:01:06,2022-06-02 00:01:37
2022-06-02 13:29:25,2022-06-02 13:29:54,Riding_Elevator_Down,annotator,HIGH LEVEL BEHAVIOR,2022-06-02 00:01:39,2022-06-02 00:02:08
2022-06-02 13:29:55,2022-06-02 13:30:07,In_Transit_Active,annotator,HIGH LEVEL BEHAVIOR,2022-06-02 00:02:09,2022-06-02 00:02:21
2022-06-02 13:30:08,2022-06-02 13:31:03,In_Transit_Active,annotator,HIGH LEVEL BEHAVIOR,2022-06-02 00:02:22,2022-06-02 00:03:17
2022-06-02 13:31:04,2022-06-02 13:31:34,In_Transit_Active,annotator,HIGH LEVEL BEHAVIOR,2022-06-02 00:03:18,2022-06-02 00:03:48
2022-06-02 13:31:35,2022-06-02 13:31:58,In_Transit_Active,annotator,HIGH LEVEL BEHAVIOR,2022-06-02 00:03:49,2022-06-02 00:04:12
2022-06-02 13:32:00,2022-06-02 15:11:41,Watching_Lecture, Using_Computer/Screen,annotator,HIGH LEVEL BEHAVIOR,2022-06-02 00:04:14,2022-06-02 01:43:55
2022-06-02 15:11:53,2022-06-02 15:12:52,In_Transit_Active,annotator,HIGH LEVEL BEHAVIOR,2022-06-02 01:44:07,2022-06-02 01:45:06
2022-06-02 15:12:54,2022-06-02 15:13:25,In_Transit_Active,annotator,HIGH LEVEL BEHAVIOR,2022-06-02 01:45:08,2022-06-02 01:45:39
2022-06-02 15:13:26,2022-06-02 15:13:44,In_Transit_Active,annotator,HIGH LEVEL BEHAVIOR,2022-06-02 01:45:40,2022-06-02 01:45:58
2022-06-02 15:13:45,2022-06-02 15:14:53,In_Transit_Active,annotator,HIGH LEVEL BEHAVIOR,2022-06-02 01:45:59,2022-06-02 01:47:07
2022-06-02 15:14:55,2022-06-02 15:15:15,Riding_Escalator_Up,annotator,HIGH LEVEL BEHAVIOR,2022-06-02 01:47:09,2022-06-02 01:47:29
2022-06-02 15:15:17,2022-06-02 15:22:54,In_Transit_Active,annotator,HIGH LEVEL BEHAVIOR,2022-06-02 01:47:31,2022-06-02 01:55:08
2022-06-02 15:22:55,2022-06-02 15:24:00,HLB_Unlabeled,annotator,HIGH LEVEL BEHAVIOR,2022-06-02 01:55:09,2022-06-02 01:56:14
2022-06-02 15:24:02,2022-06-02 15:24:31,Meeting _Social_Gathering_In_Person,annotator,HIGH LEVEL BEHAVIOR,2022-06-02 01:56:16,2022-06-02 01:56:45
2022-06-02 15:24:31,2022-06-02 15:25:25,In_Transit_Active,annotator,HIGH LEVEL BEHAVIOR,2022-06-02 01:56:45,2022-06-02 01:57:39
2022-06-02 15:25:27,2022-06-02 15:28:18,Meeting _Social_Gathering_In_Person,annotator,HIGH LEVEL BEHAVIOR,2022-06-02 01:57:41,2022-06-02 02:00:32
2022-06-02 15:28:21,2022-06-02 15:32:25,Meeting _Social_Gathering_In_Person, Using_Computer/Screen,annotator,HIGH LEVEL BEHAVIOR,2022-06-02 02:00:35,2022-06-02 02:04:39
2022-06-02 15:32:29,2022-06-02 15:32:36,Meeting _Social_Gathering_In_Person, Using_Computer/Screen,annotator,HIGH LEVEL BEHAVIOR,2022-06-02 02:04:43,2022-06-02 02:04:50
2022-06-02 15:32:36,2022-06-02 15:32:46,In_Transit_Active,annotator,HIGH LEVEL BEHAVIOR,2022-06-02 02:04:50,2022-06-02 02:05:00
2022-06-02 15:32:46,2022-06-02 15:32:53,Grooming/Self_Care,annotator,HIGH LEVEL BEHAVIOR,2022-06-02 02:05:00,2022-06-02 02:05:07
2022-06-02 15:32:53,2022-06-02 15:32:59,In_Transit_Active,annotator,HIGH LEVEL BEHAVIOR,2022-06-02 02:05:07,2022-06-02 02:05:13
2022-06-02 15:32:59,2022-06-02 15:33:09,Using_Computer/Screen,annotator,HIGH LEVEL BEHAVIOR,2022-06-02 02:05:13,2022-06-02 02:05:23
2022-06-02 15:33:09,2022-06-02 15:33:43,,annotator,HIGH LEVEL BEHAVIOR,2022-06-02 02:05:23,2022-06-02 02:05:57
2022-06-02 15:33:43,2022-06-02 15:33:56,In_Transit_Active,annotator,HIGH LEVEL BEHAVIOR,2022-06-02 02:05:57,2022-06-02 02:06:10
2022-06-02 15:33:56,2022-06-02 15:34:16,,annotator,HIGH LEVEL BEHAVIOR,2022-06-02 02:06:10,2022-06-02 02:06:30
2022-06-02 15:34:16,2022-06-02 15:34:38,,annotator,HIGH LEVEL BEHAVIOR,2022-06-02 02:06:30,2022-06-02 02:06:52
2022-06-02 15:34:38,2022-06-02 15:44:07,HLB_Indecipherable/Video_Insufficient,annotator,HIGH LEVEL BEHAVIOR,2022-06-02 02:06:52,2022-06-02 02:16:21
2022-06-02 15:44:07,2022-06-02 15:44:18,In_Transit_Active,annotator,HIGH LEVEL BEHAVIOR,2022-06-02 02:16:21,2022-06-02 02:16:32
2022-06-02 15:44:18,2022-06-02 15:44:47,,annotator,HIGH LEVEL BEHAVIOR,2022-06-02 02:16:32,2022-06-02 02:17:01
2022-06-02 15:44:47,2022-06-02 15:46:17,,annotator,HIGH LEVEL BEHAVIOR,2022-06-02 02:17:01,2022-06-02 02:18:31
2022-06-02 15:46:17,2022-06-02 15:47:22,,annotator,HIGH LEVEL BEHAVIOR,2022-06-02 02:18:31,2022-06-02 02:19:36
2022-06-02 15:47:22,2022-06-02 15:47:36,In_Transit_Active,annotator,HIGH LEVEL BEHAVIOR,2022-06-02 02:19:36,2022-06-02 02:19:50
2022-06-02 15:47:36,2022-06-02 15:48:01,In_Transit_Active,annotator,HIGH LEVEL BEHAVIOR,2022-06-02 02:19:50,2022-06-02 02:20:15
2022-06-02 15:48:01,2022-06-02 15:48:03,In_Transit_Active,annotator,HIGH LEVEL BEHAVIOR,2022-06-02 02:20:15,2022-06-02 02:20:17
2022-06-02 15:48:03,2022-06-02 15:48:07,In_Transit_Active,annotator,HIGH LEVEL BEHAVIOR,2022-06-02 02:20:17,2022-06-02 02:20:21
2022-06-02 15:48:07,2022-06-02 15:48:13,In_Transit_Active,annotator,HIGH LEVEL BEHAVIOR,2022-06-02 02:20:21,2022-06-02 02:20:27
2022-06-02 15:48:13,2022-06-02 15:50:10,In_Transit_Active,annotator,HIGH LEVEL BEHAVIOR,2022-06-02 02:20:27,2022-06-02 02:22:24
2022-06-02 15:50:10,2022-06-02 15:50:40,In_Transit_Active,annotator,HIGH LEVEL BEHAVIOR,2022-06-02 02:22:24,2022-06-02 02:22:54
2022-06-02 15:50:40,2022-06-02 15:50:53,In_Transit_Active,annotator,HIGH LEVEL BEHAVIOR,2022-06-02 02:22:54,2022-06-02 02:23:07
2022-06-02 15:50:53,2022-06-02 15:51:04,In_Transit_Active,annotator,HIGH LEVEL BEHAVIOR,2022-06-02 02:23:07,2022-06-02 02:23:18
2022-06-02 15:51:05,2022-06-02 15:51:21,In_Transit_Active,annotator,HIGH LEVEL BEHAVIOR,2022-06-02 02:23:19,2022-06-02 02:23:35
2022-06-02 15:51:22,2022-06-02 15:53:46,In_Transit_Active,annotator,HIGH LEVEL BEHAVIOR,2022-06-02 02:23:36,2022-06-02 02:26:00
2022-06-02 15:53:46,2022-06-02 15:54:09,,annotator,HIGH LEVEL BEHAVIOR,2022-06-02 02:26:00,2022-06-02 02:26:23
2022-06-02 15:54:09,2022-06-02 15:55:23,In_Transit_Active,annotator,HIGH LEVEL BEHAVIOR,2022-06-02 02:26:23,2022-06-02 02:27:37
2022-06-02 15:55:23,2022-06-02 15:55:31,,annotator,HIGH LEVEL BEHAVIOR,2022-06-02 02:27:37,2022-06-02 02:27:45
2022-06-02 15:55:31,2022-06-02 15:55:40,In_Transit_Active,annotator,HIGH LEVEL BEHAVIOR,2022-06-02 02:27:45,2022-06-02 02:27:54
2022-06-02 15:55:40,2022-06-02 15:55:43,,annotator,HIGH LEVEL BEHAVIOR,2022-06-02 02:27:54,2022-06-02 02:27:57
2022-06-02 15:55:43,2022-06-02 15:57:15,In_Transit_Active,annotator,HIGH LEVEL BEHAVIOR,2022-06-02 02:27:57,2022-06-02 02:29:29
2022-06-02 15:57:15,2022-06-02 15:58:31,,annotator,HIGH LEVEL BEHAVIOR,2022-06-02 02:29:29,2022-06-02 02:30:45
2022-06-02 15:58:31,2022-06-02 16:00:15,In_Transit_Active,annotator,HIGH LEVEL BEHAVIOR,2022-06-02 02:30:45,2022-06-02 02:32:29
2022-06-02 16:00:15,2022-06-02 16:00:26,In_Transit_Active,annotator,HIGH LEVEL BEHAVIOR,2022-06-02 02:32:29,2022-06-02 02:32:40
2022-06-02 16:00:26,2022-06-02 16:03:52,Meeting _Social_Gathering_In_Person,annotator,HIGH LEVEL BEHAVIOR,2022-06-02 02:32:40,2022-06-02 02:36:06
2022-06-02 16:03:52,2022-06-02 16:05:12,Meeting _Social_Gathering_In_Person,annotator,HIGH LEVEL BEHAVIOR,2022-06-02 02:36:06,2022-06-02 02:37:26
2022-06-02 16:05:12,2022-06-02 16:05:16,In_Transit_Active,annotator,HIGH LEVEL BEHAVIOR,2022-06-02 02:37:26,2022-06-02 02:37:30
2022-06-02 16:05:16,2022-06-02 16:05:23,In_Transit_Active,annotator,HIGH LEVEL BEHAVIOR,2022-06-02 02:37:30,2022-06-02 02:37:37
2022-06-02 16:05:23,2022-06-02 16:05:33,In_Transit_Active,annotator,HIGH LEVEL BEHAVIOR,2022-06-02 02:37:37,2022-06-02 02:37:47
2022-06-02 16:05:33,2022-06-02 16:05:56,In_Transit_Active,annotator,HIGH LEVEL BEHAVIOR,2022-06-02 02:37:47,2022-06-02 02:38:10
2022-06-02 16:05:56,2022-06-02 16:06:17,In_Transit_Active,annotator,HIGH LEVEL BEHAVIOR,2022-06-02 02:38:10,2022-06-02 02:38:31
2022-06-02 16:06:17,2022-06-02 16:07:03,In_Transit_Active,annotator,HIGH LEVEL BEHAVIOR,2022-06-02 02:38:31,2022-06-02 02:39:17
2022-06-02 16:07:04,2022-06-02 16:07:08,In_Transit_Active,annotator,HIGH LEVEL BEHAVIOR,2022-06-02 02:39:18,2022-06-02 02:39:22
2022-06-02 16:07:08,2022-06-02 16:07:16,In_Transit_Active,annotator,HIGH LEVEL BEHAVIOR,2022-06-02 02:39:22,2022-06-02 02:39:30
2022-06-02 16:07:16,2022-06-02 16:07:23,In_Transit_Active,annotator,HIGH LEVEL BEHAVIOR,2022-06-02 02:39:30,2022-06-02 02:39:37
2022-06-02 16:07:23,2022-06-02 16:07:29,,annotator,HIGH LEVEL BEHAVIOR,2022-06-02 02:39:37,2022-06-02 02:39:43
2022-06-02 16:07:30,2022-06-02 16:07:39,,annotator,HIGH LEVEL BEHAVIOR,2022-06-02 02:39:44,2022-06-02 02:39:53
2022-06-02 16:07:39,2022-06-02 16:07:49,,annotator,HIGH LEVEL BEHAVIOR,2022-06-02 02:39:53,2022-06-02 02:40:03
2022-06-02 16:07:49,2022-06-02 16:07:57,In_Transit_Active,annotator,HIGH LEVEL BEHAVIOR,2022-06-02 02:40:03,2022-06-02 02:40:11
2022-06-02 16:07:57,2022-06-02 16:08:25,Riding_Elevator_Up,annotator,HIGH LEVEL BEHAVIOR,2022-06-02 02:40:11,2022-06-02 02:40:39
2022-06-02 16:08:25,2022-06-02 16:08:40,In_Transit_Active,annotator,HIGH LEVEL BEHAVIOR,2022-06-02 02:40:39,2022-06-02 02:40:54
2022-06-02 16:08:40,2022-06-02 16:08:43,,annotator,HIGH LEVEL BEHAVIOR,2022-06-02 02:40:54,2022-06-02 02:40:57
2022-06-02 16:08:43,2022-06-02 16:15:23,HLB_Indecipherable/Video_Insufficient,annotator,HIGH LEVEL BEHAVIOR,2022-06-02 02:40:57,2022-06-02 02:47:37
2022-06-02 16:15:23,2022-06-02 16:16:10,Meeting _Social_Gathering_In_Person,annotator,HIGH LEVEL BEHAVIOR,2022-06-02 02:47:37,2022-06-02 02:48:24
2022-06-02 16:16:10,2022-06-02 16:16:19,Meeting _Social_Gathering_In_Person, In_Transit_Active,annotator,HIGH LEVEL BEHAVIOR,2022-06-02 02:48:24,2022-06-02 02:48:33
2022-06-02 16:16:19,2022-06-02 16:16:57,Meeting _Social_Gathering_In_Person, Using_Computer/Screen,annotator,HIGH LEVEL BEHAVIOR,2022-06-02 02:48:33,2022-06-02 02:49:11
2022-06-02 16:16:57,2022-06-02 16:17:04,Meeting _Social_Gathering_In_Person, Using_Computer/Screen,annotator,HIGH LEVEL BEHAVIOR,2022-06-02 02:49:11,2022-06-02 02:49:18
2022-06-02 16:17:04,2022-06-02 16:17:10,Meeting _Social_Gathering_In_Person, Using_Computer/Screen,annotator,HIGH LEVEL BEHAVIOR,2022-06-02 02:49:18,2022-06-02 02:49:24
2022-06-02 16:17:10,2022-06-02 16:18:14,Meeting _Social_Gathering_In_Person, Using_Computer/Screen,annotator,HIGH LEVEL BEHAVIOR,2022-06-02 02:49:24,2022-06-02 02:50:28
2022-06-02 16:18:14,2022-06-02 16:18:28,Meeting _Social_Gathering_In_Person,annotator,HIGH LEVEL BEHAVIOR,2022-06-02 02:50:28,2022-06-02 02:50:42
2022-06-02 16:18:28,2022-06-02 16:18:42,In_Transit_Active,annotator,HIGH LEVEL BEHAVIOR,2022-06-02 02:50:42,2022-06-02 02:50:56
2022-06-02 16:18:42,2022-06-02 16:19:13,Riding_Elevator_Down,annotator,HIGH LEVEL BEHAVIOR,2022-06-02 02:50:56,2022-06-02 02:51:27
2022-06-02 16:19:13,2022-06-02 16:19:23,In_Transit_Active,annotator,HIGH LEVEL BEHAVIOR,2022-06-02 02:51:27,2022-06-02 02:51:37
2022-06-02 16:19:23,2022-06-02 16:19:29,In_Transit_Active,annotator,HIGH LEVEL BEHAVIOR,2022-06-02 02:51:37,2022-06-02 02:51:43
2022-06-02 16:19:29,2022-06-02 16:19:41,In_Transit_Active,annotator,HIGH LEVEL BEHAVIOR,2022-06-02 02:51:43,2022-06-02 02:51:55
2022-06-02 16:19:41,2022-06-02 16:20:34,In_Transit_Active,annotator,HIGH LEVEL BEHAVIOR,2022-06-02 02:51:55,2022-06-02 02:52:48
2022-06-02 16:20:34,2022-06-02 16:21:33,,annotator,HIGH LEVEL BEHAVIOR,2022-06-02 02:52:48,2022-06-02 02:53:47
2022-06-02 16:21:33,2022-06-02 16:21:50,In_Transit_Active,annotator,HIGH LEVEL BEHAVIOR,2022-06-02 02:53:47,2022-06-02 02:54:04
2022-06-02 16:21:50,2022-06-02 16:24:25,In_Transit_Active,annotator,HIGH LEVEL BEHAVIOR,2022-06-02 02:54:04,2022-06-02 02:56:39
2022-06-02 16:24:25,2022-06-02 16:28:52,Meeting _Social_Gathering_In_Person,annotator,HIGH LEVEL BEHAVIOR,2022-06-02 02:56:39,2022-06-02 03:01:06
2022-06-02 16:28:52,2022-06-02 16:29:10,Meeting _Social_Gathering_In_Person,annotator,HIGH LEVEL BEHAVIOR,2022-06-02 03:01:06,2022-06-02 03:01:24
2022-06-02 16:29:10,2022-06-02 16:32:51,Meeting _Social_Gathering_In_Person,annotator,HIGH LEVEL BEHAVIOR,2022-06-02 03:01:24,2022-06-02 03:05:05
2022-06-02 16:32:51,2022-06-02 16:33:27,Meeting _Social_Gathering_In_Person,annotator,HIGH LEVEL BEHAVIOR,2022-06-02 03:05:05,2022-06-02 03:05:41
2022-06-02 16:33:27,2022-06-02 16:37:23,Meeting _Social_Gathering_In_Person,annotator,HIGH LEVEL BEHAVIOR,2022-06-02 03:05:41,2022-06-02 03:09:37
2022-06-02 16:37:23,2022-06-02 16:37:54,In_Transit_Active,annotator,HIGH LEVEL BEHAVIOR,2022-06-02 03:09:37,2022-06-02 03:10:08
2022-06-02 16:37:54,2022-06-02 16:38:05,In_Transit_Active,annotator,HIGH LEVEL BEHAVIOR,2022-06-02 03:10:08,2022-06-02 03:10:19
2022-06-02 16:38:05,2022-06-02 16:38:21,In_Transit_Active,annotator,HIGH LEVEL BEHAVIOR,2022-06-02 03:10:19,2022-06-02 03:10:35
2022-06-02 16:38:21,2022-06-02 16:38:28,In_Transit_Active,annotator,HIGH LEVEL BEHAVIOR,2022-06-02 03:10:35,2022-06-02 03:10:42
2022-06-02 16:38:28,2022-06-02 16:38:38,In_Transit_Active,annotator,HIGH LEVEL BEHAVIOR,2022-06-02 03:10:42,2022-06-02 03:10:52
2022-06-02 16:38:38,2022-06-02 16:40:09,In_Transit_Active,annotator,HIGH LEVEL BEHAVIOR,2022-06-02 03:10:52,2022-06-02 03:12:23
2022-06-02 16:40:09,2022-06-02 16:40:20,,annotator,HIGH LEVEL BEHAVIOR,2022-06-02 03:12:23,2022-06-02 03:12:34
2022-06-02 16:40:20,2022-06-02 16:40:43,In_Transit_Active,annotator,HIGH LEVEL BEHAVIOR,2022-06-02 03:12:34,2022-06-02 03:12:57
2022-06-02 16:40:43,2022-06-02 16:41:04,In_Transit_Active, Shopping_Grocery,annotator,HIGH LEVEL BEHAVIOR,2022-06-02 03:12:57,2022-06-02 03:13:18
2022-06-02 16:41:04,2022-06-02 16:41:13,Shopping_Grocery,annotator,HIGH LEVEL BEHAVIOR,2022-06-02 03:13:18,2022-06-02 03:13:27
2022-06-02 16:41:13,2022-06-02 16:41:19,Shopping_Grocery, In_Transit_Active,annotator,HIGH LEVEL BEHAVIOR,2022-06-02 03:13:27,2022-06-02 03:13:33
2022-06-02 16:41:19,2022-06-02 16:42:22,Shopping_Grocery,annotator,HIGH LEVEL BEHAVIOR,2022-06-02 03:13:33,2022-06-02 03:14:36
2022-06-02 16:42:22,2022-06-02 16:42:33,In_Transit_Active, Shopping_Grocery,annotator,HIGH LEVEL BEHAVIOR,2022-06-02 03:14:36,2022-06-02 03:14:47
2022-06-02 16:42:33,2022-06-02 16:43:06,Shopping_Grocery,annotator,HIGH LEVEL BEHAVIOR,2022-06-02 03:14:47,2022-06-02 03:15:20
2022-06-02 16:43:06,2022-06-02 16:43:14,In_Transit_Active,annotator,HIGH LEVEL BEHAVIOR,2022-06-02 03:15:20,2022-06-02 03:15:28
2022-06-02 16:43:14,2022-06-02 16:44:55,In_Transit_Active,annotator,HIGH LEVEL BEHAVIOR,2022-06-02 03:15:28,2022-06-02 03:17:09
2022-06-02 16:44:55,2022-06-02 16:47:34,Meeting _Social_Gathering_In_Person,annotator,HIGH LEVEL BEHAVIOR,2022-06-02 03:17:09,2022-06-02 03:19:48
2022-06-02 16:47:34,2022-06-02 16:48:08,In_Transit_Active,annotator,HIGH LEVEL BEHAVIOR,2022-06-02 03:19:48,2022-06-02 03:20:22
2022-06-02 16:48:08,2022-06-02 16:48:21,In_Transit_Active,annotator,HIGH LEVEL BEHAVIOR,2022-06-02 03:20:22,2022-06-02 03:20:35
2022-06-02 16:48:21,2022-06-02 16:49:15,,annotator,HIGH LEVEL BEHAVIOR,2022-06-02 03:20:35,2022-06-02 03:21:29
2022-06-02 16:49:15,2022-06-02 16:49:20,In_Transit_Active,annotator,HIGH LEVEL BEHAVIOR,2022-06-02 03:21:29,2022-06-02 03:21:34
2022-06-02 16:49:20,2022-06-02 16:50:20,,annotator,HIGH LEVEL BEHAVIOR,2022-06-02 03:21:34,2022-06-02 03:22:34
2022-06-02 16:50:20,2022-06-02 16:50:27,In_Transit_Active,annotator,HIGH LEVEL BEHAVIOR,2022-06-02 03:22:34,2022-06-02 03:22:41
2022-06-02 16:50:27,2022-06-02 16:50:28,In_Transit_Active,annotator,HIGH LEVEL BEHAVIOR,2022-06-02 03:22:41,2022-06-02 03:22:42
2022-06-02 16:50:28,2022-06-02 16:50:34,In_Transit_Active,annotator,HIGH LEVEL BEHAVIOR,2022-06-02 03:22:42,2022-06-02 03:22:48
2022-06-02 16:50:34,2022-06-02 16:51:00,In_Transit_Active,annotator,HIGH LEVEL BEHAVIOR,2022-06-02 03:22:48,2022-06-02 03:23:14
2022-06-02 16:51:00,2022-06-02 16:51:14,In_Transit_Active, Eating/Dining,annotator,HIGH LEVEL BEHAVIOR,2022-06-02 03:23:14,2022-06-02 03:23:28
2022-06-02 16:51:14,2022-06-02 16:52:10,Eating/Dining,annotator,HIGH LEVEL BEHAVIOR,2022-06-02 03:23:28,2022-06-02 03:24:24
2022-06-02 16:52:10,2022-06-02 16:52:25,Eating/Dining, In_Transit_Active,annotator,HIGH LEVEL BEHAVIOR,2022-06-02 03:24:24,2022-06-02 03:24:39
2022-06-02 16:52:25,2022-06-02 16:52:46,Eating/Dining,annotator,HIGH LEVEL BEHAVIOR,2022-06-02 03:24:39,2022-06-02 03:25:00
2022-06-02 16:52:46,2022-06-02 16:52:52,Eating/Dining, In_Transit_Active,annotator,HIGH LEVEL BEHAVIOR,2022-06-02 03:25:00,2022-06-02 03:25:06
2022-06-02 16:52:52,2022-06-02 16:53:00,Eating/Dining,annotator,HIGH LEVEL BEHAVIOR,2022-06-02 03:25:06,2022-06-02 03:25:14
2022-06-02 16:53:00,2022-06-02 16:53:09,Eating/Dining, In_Transit_Active,annotator,HIGH LEVEL BEHAVIOR,2022-06-02 03:25:14,2022-06-02 03:25:23
2022-06-02 16:53:09,2022-06-02 16:55:02,Eating/Dining, Meeting _Social_Gathering_In_Person,annotator,HIGH LEVEL BEHAVIOR,2022-06-02 03:25:23,2022-06-02 03:27:16
2022-06-02 16:55:02,2022-06-02 16:55:16,Meeting _Social_Gathering_In_Person, In_Transit_Active,annotator,HIGH LEVEL BEHAVIOR,2022-06-02 03:27:16,2022-06-02 03:27:30
2022-06-02 16:55:16,2022-06-02 16:59:16,Meeting _Social_Gathering_In_Person,annotator,HIGH LEVEL BEHAVIOR,2022-06-02 03:27:30,2022-06-02 03:31:30
2022-06-02 16:59:16,2022-06-02 16:59:22,Meeting _Social_Gathering_In_Person, In_Transit_Active,annotator,HIGH LEVEL BEHAVIOR,2022-06-02 03:31:30,2022-06-02 03:31:36
2022-06-02 16:59:22,2022-06-02 16:59:30,Meeting _Social_Gathering_In_Person, In_Transit_Active,annotator,HIGH LEVEL BEHAVIOR,2022-06-02 03:31:36,2022-06-02 03:31:44
2022-06-02 16:59:30,2022-06-02 16:59:40,In_Transit_Active,annotator,HIGH LEVEL BEHAVIOR,2022-06-02 03:31:44,2022-06-02 03:31:54
2022-06-02 16:59:40,2022-06-02 16:59:57,,annotator,HIGH LEVEL BEHAVIOR,2022-06-02 03:31:54,2022-06-02 03:32:11
2022-06-02 16:59:57,2022-06-02 17:00:30,Meeting _Social_Gathering_In_Person,annotator,HIGH LEVEL BEHAVIOR,2022-06-02 03:32:11,2022-06-02 03:32:44
2022-06-02 17:00:30,2022-06-02 17:01:12,Meeting _Social_Gathering_In_Person,annotator,HIGH LEVEL BEHAVIOR,2022-06-02 03:32:44,2022-06-02 03:33:26
2022-06-02 17:01:12,2022-06-02 17:01:25,In_Transit_Active,annotator,HIGH LEVEL BEHAVIOR,2022-06-02 03:33:26,2022-06-02 03:33:39
2022-06-02 17:01:25,2022-06-02 17:01:51,,annotator,HIGH LEVEL BEHAVIOR,2022-06-02 03:33:39,2022-06-02 03:34:05
2022-06-02 17:01:51,2022-06-02 17:19:12,HLB_Indecipherable/Video_Insufficient,annotator,HIGH LEVEL BEHAVIOR,2022-06-02 03:34:05,2022-06-02 03:51:26
2022-06-02 17:19:13,2022-06-02 17:20:56,Eating/Dining,annotator,HIGH LEVEL BEHAVIOR,2022-06-02 03:51:27,2022-06-02 03:53:10
2022-06-02 17:20:58,2022-06-02 17:21:26,Playing_Videogame, Relaxing_Passive,annotator,HIGH LEVEL BEHAVIOR,2022-06-02 03:53:12,2022-06-02 03:53:40
2022-06-02 17:21:26,2022-06-02 17:21:38,In_Transit_Active,annotator,HIGH LEVEL BEHAVIOR,2022-06-02 03:53:40,2022-06-02 03:53:52
2022-06-02 17:21:38,2022-06-02 17:25:42,Playing_Videogame, Relaxing_Passive,annotator,HIGH LEVEL BEHAVIOR,2022-06-02 03:53:52,2022-06-02 03:57:56
2022-06-02 17:25:42,2022-06-02 17:26:03,Playing_Videogame, Relaxing_Passive,annotator,HIGH LEVEL BEHAVIOR,2022-06-02 03:57:56,2022-06-02 03:58:17
2022-06-02 17:26:03,2022-06-02 17:33:58,Playing_Videogame, Relaxing_Passive,annotator,HIGH LEVEL BEHAVIOR,2022-06-02 03:58:17,2022-06-02 04:06:12
2022-06-02 17:33:58,2022-06-02 17:34:08,In_Transit_Active,annotator,HIGH LEVEL BEHAVIOR,2022-06-02 04:06:12,2022-06-02 04:06:22
2022-06-02 17:34:08,2022-06-02 17:34:39,,annotator,HIGH LEVEL BEHAVIOR,2022-06-02 04:06:22,2022-06-02 04:06:53
2022-06-02 17:34:39,2022-06-02 17:35:24,HLB_Indecipherable/Video_Insufficient,annotator,HIGH LEVEL BEHAVIOR,2022-06-02 04:06:53,2022-06-02 04:07:38
2022-06-02 17:35:24,2022-06-02 17:35:54,,annotator,HIGH LEVEL BEHAVIOR,2022-06-02 04:07:38,2022-06-02 04:08:08
2022-06-02 17:35:54,2022-06-02 17:37:50,,annotator,HIGH LEVEL BEHAVIOR,2022-06-02 04:08:08,2022-06-02 04:10:04
2022-06-02 17:37:50,2022-06-02 17:38:09,In_Transit_Active,annotator,HIGH LEVEL BEHAVIOR,2022-06-02 04:10:04,2022-06-02 04:10:23
2022-06-02 17:38:09,2022-06-02 17:40:02,Meeting _Social_Gathering_In_Person,annotator,HIGH LEVEL BEHAVIOR,2022-06-02 04:10:23,2022-06-02 04:12:16
2022-06-02 17:40:02,2022-06-02 17:40:34,In_Transit_Active,annotator,HIGH LEVEL BEHAVIOR,2022-06-02 04:12:16,2022-06-02 04:12:48
2022-06-02 17:40:34,2022-06-02 17:42:22,Cooking/Prepping_Food,annotator,HIGH LEVEL BEHAVIOR,2022-06-02 04:12:48,2022-06-02 04:14:36
2022-06-02 17:42:22,2022-06-02 17:43:15,Meeting _Social_Gathering_In_Person,annotator,HIGH LEVEL BEHAVIOR,2022-06-02 04:14:36,2022-06-02 04:15:29
2022-06-02 17:43:15,2022-06-02 17:45:19,Meeting _Social_Gathering_In_Person,annotator,HIGH LEVEL BEHAVIOR,2022-06-02 04:15:29,2022-06-02 04:17:33
2022-06-02 17:45:19,2022-06-02 17:52:41,Cooking/Prepping_Food,annotator,HIGH LEVEL BEHAVIOR,2022-06-02 04:17:33,2022-06-02 04:24:55
2022-06-02 17:52:41,2022-06-02 17:53:03,In_Transit_Active,annotator,HIGH LEVEL BEHAVIOR,2022-06-02 04:24:55,2022-06-02 04:25:17
2022-06-02 17:53:03,2022-06-02 17:59:11,Eating/Dining,annotator,HIGH LEVEL BEHAVIOR,2022-06-02 04:25:17,2022-06-02 04:31:25
2022-06-02 17:59:11,2022-06-02 18:00:22,Eating/Dining,annotator,HIGH LEVEL BEHAVIOR,2022-06-02 04:31:25,2022-06-02 04:32:36
2022-06-02 18:00:22,2022-06-02 18:00:32,In_Transit_Active,annotator,HIGH LEVEL BEHAVIOR,2022-06-02 04:32:36,2022-06-02 04:32:46
2022-06-02 18:00:32,2022-06-02 18:00:37,In_Transit_Active,annotator,HIGH LEVEL BEHAVIOR,2022-06-02 04:32:46,2022-06-02 04:32:51
2022-06-02 18:00:37,2022-06-02 18:00:43,Meeting _Social_Gathering_In_Person,annotator,HIGH LEVEL BEHAVIOR,2022-06-02 04:32:51,2022-06-02 04:32:57
2022-06-02 18:00:43,2022-06-02 18:00:49,Meeting _Social_Gathering_In_Person, In_Transit_Active,annotator,HIGH LEVEL BEHAVIOR,2022-06-02 04:32:57,2022-06-02 04:33:03
2022-06-02 18:00:49,2022-06-02 18:04:10,Meeting _Social_Gathering_In_Person,annotator,HIGH LEVEL BEHAVIOR,2022-06-02 04:33:03,2022-06-02 04:36:24
2022-06-02 18:04:10,2022-06-02 18:08:23,Meeting _Social_Gathering_In_Person,annotator,HIGH LEVEL BEHAVIOR,2022-06-02 04:36:24,2022-06-02 04:40:37
2022-06-02 18:08:23,2022-06-02 18:09:54,Meeting _Social_Gathering_In_Person,annotator,HIGH LEVEL BEHAVIOR,2022-06-02 04:40:37,2022-06-02 04:42:08
2022-06-02 18:09:54,2022-06-02 18:11:54,Meeting _Social_Gathering_In_Person,annotator,HIGH LEVEL BEHAVIOR,2022-06-02 04:42:08,2022-06-02 04:44:08
2022-06-02 18:11:54,2022-06-02 18:12:03,In_Transit_Active,annotator,HIGH LEVEL BEHAVIOR,2022-06-02 04:44:08,2022-06-02 04:44:17
2022-06-02 18:12:03,2022-06-02 18:12:50,Cooking/Prepping_Food,annotator,HIGH LEVEL BEHAVIOR,2022-06-02 04:44:17,2022-06-02 04:45:04
2022-06-02 18:12:50,2022-06-02 18:14:13,Cooking/Prepping_Food,annotator,HIGH LEVEL BEHAVIOR,2022-06-02 04:45:04,2022-06-02 04:46:27
2022-06-02 18:14:13,2022-06-02 18:14:24,Cooking/Prepping_Food,annotator,HIGH LEVEL BEHAVIOR,2022-06-02 04:46:27,2022-06-02 04:46:38
2022-06-02 18:14:24,2022-06-02 18:14:52,Cooking/Prepping_Food,annotator,HIGH LEVEL BEHAVIOR,2022-06-02 04:46:38,2022-06-02 04:47:06
2022-06-02 18:14:52,2022-06-02 18:14:57,Cooking/Prepping_Food,annotator,HIGH LEVEL BEHAVIOR,2022-06-02 04:47:06,2022-06-02 04:47:11
2022-06-02 18:14:57,2022-06-02 18:15:03,Eating/Dining, In_Transit_Active,annotator,HIGH LEVEL BEHAVIOR,2022-06-02 04:47:11,2022-06-02 04:47:17
2022-06-02 18:15:03,2022-06-02 18:16:29,Eating/Dining, Meeting _Social_Gathering_In_Person,annotator,HIGH LEVEL BEHAVIOR,2022-06-02 04:47:17,2022-06-02 04:48:43
2022-06-02 18:16:29,2022-06-02 18:16:38,Meeting _Social_Gathering_In_Person,annotator,HIGH LEVEL BEHAVIOR,2022-06-02 04:48:43,2022-06-02 04:48:52
2022-06-02 18:16:38,2022-06-02 18:17:25,Meeting _Social_Gathering_In_Person, Using_Computer/Screen,annotator,HIGH LEVEL BEHAVIOR,2022-06-02 04:48:52,2022-06-02 04:49:39
2022-06-02 18:17:25,2022-06-02 18:18:27,Meeting _Social_Gathering_In_Person, Using_Computer/Screen,annotator,HIGH LEVEL BEHAVIOR,2022-06-02 04:49:39,2022-06-02 04:50:41
2022-06-02 18:18:27,2022-06-02 18:18:42,Meeting _Social_Gathering_In_Person, Using_Computer/Screen,annotator,HIGH LEVEL BEHAVIOR,2022-06-02 04:50:41,2022-06-02 04:50:56
2022-06-02 18:18:42,2022-06-02 18:18:58,Meeting _Social_Gathering_In_Person, Using_Computer/Screen,annotator,HIGH LEVEL BEHAVIOR,2022-06-02 04:50:56,2022-06-02 04:51:12
2022-06-02 18:18:58,2022-06-02 18:20:54,Meeting _Social_Gathering_In_Person, Using_Computer/Screen,annotator,HIGH LEVEL BEHAVIOR,2022-06-02 04:51:12,2022-06-02 04:53:08
2022-06-02 18:20:54,2022-06-02 18:21:25,Meeting _Social_Gathering_In_Person, Using_Computer/Screen,annotator,HIGH LEVEL BEHAVIOR,2022-06-02 04:53:08,2022-06-02 04:53:39
2022-06-02 18:21:25,2022-06-02 18:21:34,Meeting _Social_Gathering_In_Person, Using_Computer/Screen,annotator,HIGH LEVEL BEHAVIOR,2022-06-02 04:53:39,2022-06-02 04:53:48
2022-06-02 18:21:34,2022-06-02 18:21:44,Meeting _Social_Gathering_In_Person, Using_Computer/Screen,annotator,HIGH LEVEL BEHAVIOR,2022-06-02 04:53:48,2022-06-02 04:53:58
2022-06-02 18:21:44,2022-06-02 18:21:48,Meeting _Social_Gathering_In_Person, Using_Computer/Screen,annotator,HIGH LEVEL BEHAVIOR,2022-06-02 04:53:58,2022-06-02 04:54:02
2022-06-02 18:21:48,2022-06-02 18:23:55,Meeting _Social_Gathering_In_Person, Using_Computer/Screen,annotator,HIGH LEVEL BEHAVIOR,2022-06-02 04:54:02,2022-06-02 04:56:09
2022-06-02 18:23:55,2022-06-02 18:24:23,Meeting _Social_Gathering_In_Person, Using_Computer/Screen,annotator,HIGH LEVEL BEHAVIOR,2022-06-02 04:56:09,2022-06-02 04:56:37
2022-06-02 18:24:23,2022-06-02 18:25:31,Meeting _Social_Gathering_In_Person, Using_Computer/Screen,annotator,HIGH LEVEL BEHAVIOR,2022-06-02 04:56:37,2022-06-02 04:57:45
2022-06-02 18:25:31,2022-06-02 18:26:20,Meeting _Social_Gathering_In_Person, Using_Computer/Screen,annotator,HIGH LEVEL BEHAVIOR,2022-06-02 04:57:45,2022-06-02 04:58:34
2022-06-02 18:26:20,2022-06-02 18:26:36,Meeting _Social_Gathering_In_Person, Using_Computer/Screen,annotator,HIGH LEVEL BEHAVIOR,2022-06-02 04:58:34,2022-06-02 04:58:50
2022-06-02 18:26:36,2022-06-02 18:27:24,Meeting _Social_Gathering_In_Person, Using_Computer/Screen,annotator,HIGH LEVEL BEHAVIOR,2022-06-02 04:58:50,2022-06-02 04:59:38
2022-06-02 18:27:24,2022-06-02 18:27:45,Meeting _Social_Gathering_In_Person, Using_Computer/Screen,annotator,HIGH LEVEL BEHAVIOR,2022-06-02 04:59:38,2022-06-02 04:59:59
2022-06-02 18:27:45,2022-06-02 18:28:13,Meeting _Social_Gathering_In_Person, Using_Computer/Screen,annotator,HIGH LEVEL BEHAVIOR,2022-06-02 04:59:59,2022-06-02 05:00:27
2022-06-02 18:28:13,2022-06-02 18:29:00,Meeting _Social_Gathering_In_Person, Using_Computer/Screen,annotator,HIGH LEVEL BEHAVIOR,2022-06-02 05:00:27,2022-06-02 05:01:14
2022-06-02 18:29:00,2022-06-02 18:31:48,Meeting _Social_Gathering_In_Person, Using_Computer/Screen,annotator,HIGH LEVEL BEHAVIOR,2022-06-02 05:01:14,2022-06-02 05:04:02
2022-06-02 18:31:48,2022-06-02 18:31:59,Meeting _Social_Gathering_In_Person, Using_Computer/Screen,annotator,HIGH LEVEL BEHAVIOR,2022-06-02 05:04:02,2022-06-02 05:04:13
2022-06-02 18:31:59,2022-06-02 18:32:28,Meeting _Social_Gathering_In_Person, Using_Computer/Screen,annotator,HIGH LEVEL BEHAVIOR,2022-06-02 05:04:13,2022-06-02 05:04:42
2022-06-02 18:32:28,2022-06-02 18:32:51,Meeting _Social_Gathering_In_Person, Using_Computer/Screen,annotator,HIGH LEVEL BEHAVIOR,2022-06-02 05:04:42,2022-06-02 05:05:05
2022-06-02 18:32:51,2022-06-02 18:33:04,Meeting _Social_Gathering_In_Person, Using_Computer/Screen,annotator,HIGH LEVEL BEHAVIOR,2022-06-02 05:05:05,2022-06-02 05:05:18
2022-06-02 18:33:04,2022-06-02 18:34:31,Meeting _Social_Gathering_In_Person, Using_Computer/Screen,annotator,HIGH LEVEL BEHAVIOR,2022-06-02 05:05:18,2022-06-02 05:06:45
2022-06-02 18:34:31,2022-06-02 18:35:17,Meeting _Social_Gathering_In_Person, Using_Computer/Screen,annotator,HIGH LEVEL BEHAVIOR,2022-06-02 05:06:45,2022-06-02 05:07:31
2022-06-02 18:35:17,2022-06-02 18:35:41,Meeting _Social_Gathering_In_Person, Using_Computer/Screen,annotator,HIGH LEVEL BEHAVIOR,2022-06-02 05:07:31,2022-06-02 05:07:55
2022-06-02 18:35:41,2022-06-02 18:36:07,Meeting _Social_Gathering_In_Person, Using_Computer/Screen,annotator,HIGH LEVEL BEHAVIOR,2022-06-02 05:07:55,2022-06-02 05:08:21
2022-06-02 18:36:07,2022-06-02 18:39:05,Meeting _Social_Gathering_In_Person, Using_Computer/Screen,annotator,HIGH LEVEL BEHAVIOR,2022-06-02 05:08:21,2022-06-02 05:11:19
2022-06-02 18:39:05,2022-06-02 18:39:41,Meeting _Social_Gathering_In_Person, Using_Computer/Screen,annotator,HIGH LEVEL BEHAVIOR,2022-06-02 05:11:19,2022-06-02 05:11:55
2022-06-02 18:39:41,2022-06-02 18:41:52,Meeting _Social_Gathering_In_Person, Using_Computer/Screen,annotator,HIGH LEVEL BEHAVIOR,2022-06-02 05:11:55,2022-06-02 05:14:06
2022-06-02 18:41:52,2022-06-02 18:42:17,Meeting _Social_Gathering_In_Person, Using_Computer/Screen,annotator,HIGH LEVEL BEHAVIOR,2022-06-02 05:14:06,2022-06-02 05:14:31
2022-06-02 18:42:17,2022-06-02 18:46:02,Meeting _Social_Gathering_In_Person, Using_Computer/Screen,annotator,HIGH LEVEL BEHAVIOR,2022-06-02 05:14:31,2022-06-02 05:18:16
2022-06-02 18:46:02,2022-06-02 18:46:25,Meeting _Social_Gathering_In_Person, Using_Computer/Screen,annotator,HIGH LEVEL BEHAVIOR,2022-06-02 05:18:16,2022-06-02 05:18:39
2022-06-02 18:46:25,2022-06-02 18:47:50,Meeting _Social_Gathering_In_Person, Using_Computer/Screen,annotator,HIGH LEVEL BEHAVIOR,2022-06-02 05:18:39,2022-06-02 05:20:04
2022-06-02 18:47:50,2022-06-02 18:47:55,Meeting _Social_Gathering_In_Person, Using_Computer/Screen,annotator,HIGH LEVEL BEHAVIOR,2022-06-02 05:20:04,2022-06-02 05:20:09
2022-06-02 18:47:55,2022-06-02 18:49:32,Meeting _Social_Gathering_In_Person, Using_Computer/Screen,annotator,HIGH LEVEL BEHAVIOR,2022-06-02 05:20:09,2022-06-02 05:21:46
2022-06-02 18:49:32,2022-06-02 18:50:37,Meeting _Social_Gathering_In_Person, Using_Computer/Screen,annotator,HIGH LEVEL BEHAVIOR,2022-06-02 05:21:46,2022-06-02 05:22:51
2022-06-02 18:50:37,2022-06-02 18:50:42,Meeting _Social_Gathering_In_Person, Using_Computer/Screen,annotator,HIGH LEVEL BEHAVIOR,2022-06-02 05:22:51,2022-06-02 05:22:56
2022-06-02 18:50:42,2022-06-02 18:52:00,Meeting _Social_Gathering_In_Person, Using_Computer/Screen,annotator,HIGH LEVEL BEHAVIOR,2022-06-02 05:22:56,2022-06-02 05:24:14
2022-06-02 18:52:00,2022-06-02 18:53:12,Meeting _Social_Gathering_In_Person, Using_Computer/Screen,annotator,HIGH LEVEL BEHAVIOR,2022-06-02 05:24:14,2022-06-02 05:25:26
2022-06-02 18:53:12,2022-06-02 18:54:00,Meeting _Social_Gathering_In_Person, Using_Computer/Screen,annotator,HIGH LEVEL BEHAVIOR,2022-06-02 05:25:26,2022-06-02 05:26:14
2022-06-02 18:54:00,2022-06-02 18:54:17,Meeting _Social_Gathering_In_Person, Using_Computer/Screen,annotator,HIGH LEVEL BEHAVIOR,2022-06-02 05:26:14,2022-06-02 05:26:31
2022-06-02 18:54:17,2022-06-02 18:56:23,Meeting _Social_Gathering_In_Person, Using_Computer/Screen,annotator,HIGH LEVEL BEHAVIOR,2022-06-02 05:26:31,2022-06-02 05:28:37
2022-06-02 18:56:23,2022-06-02 18:58:10,Meeting _Social_Gathering_In_Person, Using_Computer/Screen,annotator,HIGH LEVEL BEHAVIOR,2022-06-02 05:28:37,2022-06-02 05:30:24
2022-06-02 18:58:10,2022-06-02 18:58:16,Meeting _Social_Gathering_In_Person,annotator,HIGH LEVEL BEHAVIOR,2022-06-02 05:30:24,2022-06-02 05:30:30
2022-06-02 18:58:16,2022-06-02 18:58:21,Meeting _Social_Gathering_In_Person,annotator,HIGH LEVEL BEHAVIOR,2022-06-02 05:30:30,2022-06-02 05:30:35
2022-06-02 18:58:21,2022-06-02 18:58:39,Meeting _Social_Gathering_In_Person, Packing/Unpacking_Something,annotator,HIGH LEVEL BEHAVIOR,2022-06-02 05:30:35,2022-06-02 05:30:53
2022-06-02 18:58:39,2022-06-02 18:58:55,Meeting _Social_Gathering_In_Person,annotator,HIGH LEVEL BEHAVIOR,2022-06-02 05:30:53,2022-06-02 05:31:09
2022-06-02 18:58:55,2022-06-02 18:59:05,Meeting _Social_Gathering_In_Person,annotator,HIGH LEVEL BEHAVIOR,2022-06-02 05:31:09,2022-06-02 05:31:19
2022-06-02 18:59:05,2022-06-02 18:59:14,Meeting _Social_Gathering_In_Person, In_Transit_Active,annotator,HIGH LEVEL BEHAVIOR,2022-06-02 05:31:19,2022-06-02 05:31:28
2022-06-02 18:59:14,2022-06-02 18:59:40,Meeting _Social_Gathering_In_Person,annotator,HIGH LEVEL BEHAVIOR,2022-06-02 05:31:28,2022-06-02 05:31:54
2022-06-02 18:59:40,2022-06-02 18:59:59,Meeting _Social_Gathering_In_Person, Eating/Dining,annotator,HIGH LEVEL BEHAVIOR,2022-06-02 05:31:54,2022-06-02 05:32:13
2022-06-02 18:59:59,2022-06-02 19:00:06,Meeting _Social_Gathering_In_Person, In_Transit_Active,annotator,HIGH LEVEL BEHAVIOR,2022-06-02 05:32:13,2022-06-02 05:32:20
2022-06-02 19:00:06,2022-06-02 19:00:20,Meeting _Social_Gathering_In_Person,annotator,HIGH LEVEL BEHAVIOR,2022-06-02 05:32:20,2022-06-02 05:32:34
2022-06-02 19:00:20,2022-06-02 19:00:29,Meeting _Social_Gathering_In_Person, In_Transit_Active,annotator,HIGH LEVEL BEHAVIOR,2022-06-02 05:32:34,2022-06-02 05:32:43
2022-06-02 19:00:29,2022-06-02 19:00:49,Meeting _Social_Gathering_In_Person,annotator,HIGH LEVEL BEHAVIOR,2022-06-02 05:32:43,2022-06-02 05:33:03
2022-06-02 19:00:50,2022-06-02 19:01:02,In_Transit_Active, Eating/Dining,annotator,HIGH LEVEL BEHAVIOR,2022-06-02 05:33:04,2022-06-02 05:33:16
2022-06-02 19:01:02,2022-06-02 19:01:25,In_Transit_Active, Eating/Dining,annotator,HIGH LEVEL BEHAVIOR,2022-06-02 05:33:16,2022-06-02 05:33:39
2022-06-02 19:01:25,2022-06-02 19:01:48,In_Transit_Active,annotator,HIGH LEVEL BEHAVIOR,2022-06-02 05:33:39,2022-06-02 05:34:02
2022-06-02 19:01:48,2022-06-02 19:02:11,In_Transit_Active,annotator,HIGH LEVEL BEHAVIOR,2022-06-02 05:34:02,2022-06-02 05:34:25
2022-06-02 19:02:11,2022-06-02 19:03:26,In_Transit_Active,annotator,HIGH LEVEL BEHAVIOR,2022-06-02 05:34:25,2022-06-02 05:35:40
2022-06-02 19:03:26,2022-06-02 19:03:40,In_Transit_Active,annotator,HIGH LEVEL BEHAVIOR,2022-06-02 05:35:40,2022-06-02 05:35:54
2022-06-02 19:03:40,2022-06-02 19:04:01,In_Transit_Active,annotator,HIGH LEVEL BEHAVIOR,2022-06-02 05:35:54,2022-06-02 05:36:15
2022-06-02 19:04:01,2022-06-02 19:04:38,In_Transit_Active,annotator,HIGH LEVEL BEHAVIOR,2022-06-02 05:36:15,2022-06-02 05:36:52
2022-06-02 19:04:38,2022-06-02 19:04:54,In_Transit_Active,annotator,HIGH LEVEL BEHAVIOR,2022-06-02 05:36:52,2022-06-02 05:37:08
2022-06-02 19:04:54,2022-06-02 19:05:00,In_Transit_Active,annotator,HIGH LEVEL BEHAVIOR,2022-06-02 05:37:08,2022-06-02 05:37:14
2022-06-02 19:05:00,2022-06-02 19:05:11,In_Transit_Active,annotator,HIGH LEVEL BEHAVIOR,2022-06-02 05:37:14,2022-06-02 05:37:25
2022-06-02 19:05:11,2022-06-02 19:05:55,In_Transit_Active,annotator,HIGH LEVEL BEHAVIOR,2022-06-02 05:37:25,2022-06-02 05:38:09
2022-06-02 19:05:55,2022-06-02 19:07:19,In_Transit_Active,annotator,HIGH LEVEL BEHAVIOR,2022-06-02 05:38:09,2022-06-02 05:39:33
2022-06-02 19:07:19,2022-06-02 19:07:40,In_Transit_Active,annotator,HIGH LEVEL BEHAVIOR,2022-06-02 05:39:33,2022-06-02 05:39:54
2022-06-02 19:07:40,2022-06-02 19:08:16,In_Transit_Active,annotator,HIGH LEVEL BEHAVIOR,2022-06-02 05:39:54,2022-06-02 05:40:30
2022-06-02 19:08:16,2022-06-02 19:08:33,In_Transit_Active,annotator,HIGH LEVEL BEHAVIOR,2022-06-02 05:40:30,2022-06-02 05:40:47
2022-06-02 19:08:33,2022-06-02 19:08:44,In_Transit_Active,annotator,HIGH LEVEL BEHAVIOR,2022-06-02 05:40:47,2022-06-02 05:40:58
2022-06-02 19:08:44,2022-06-02 19:09:09,In_Transit_Active,annotator,HIGH LEVEL BEHAVIOR,2022-06-02 05:40:58,2022-06-02 05:41:23
2022-06-02 19:09:09,2022-06-02 19:10:40,In_Transit_Active,annotator,HIGH LEVEL BEHAVIOR,2022-06-02 05:41:23,2022-06-02 05:42:54
2022-06-02 19:10:40,2022-06-02 19:10:55,In_Transit_Active,annotator,HIGH LEVEL BEHAVIOR,2022-06-02 05:42:54,2022-06-02 05:43:09
2022-06-02 19:10:55,2022-06-02 19:12:16,In_Transit_Active,annotator,HIGH LEVEL BEHAVIOR,2022-06-02 05:43:09,2022-06-02 05:44:30
2022-06-02 19:12:16,2022-06-02 19:13:22,In_Transit_Active,annotator,HIGH LEVEL BEHAVIOR,2022-06-02 05:44:30,2022-06-02 05:45:36
2022-06-02 19:13:22,2022-06-02 19:13:37,In_Transit_Active,annotator,HIGH LEVEL BEHAVIOR,2022-06-02 05:45:36,2022-06-02 05:45:51
2022-06-02 19:13:37,2022-06-02 19:13:50,In_Transit_Active,annotator,HIGH LEVEL BEHAVIOR,2022-06-02 05:45:51,2022-06-02 05:46:04
2022-06-02 19:13:50,2022-06-02 19:14:06,In_Transit_Active,annotator,HIGH LEVEL BEHAVIOR,2022-06-02 05:46:04,2022-06-02 05:46:20
2022-06-02 19:14:06,2022-06-02 19:14:45,In_Transit_Active,annotator,HIGH LEVEL BEHAVIOR,2022-06-02 05:46:20,2022-06-02 05:46:59
2022-06-02 19:14:45,2022-06-02 19:14:54,In_Transit_Active,annotator,HIGH LEVEL BEHAVIOR,2022-06-02 05:46:59,2022-06-02 05:47:08
2022-06-02 19:14:54,2022-06-02 19:15:09,In_Transit_Active,annotator,HIGH LEVEL BEHAVIOR,2022-06-02 05:47:08,2022-06-02 05:47:23
2022-06-02 19:15:09,2022-06-02 19:16:35,In_Transit_Active,annotator,HIGH LEVEL BEHAVIOR,2022-06-02 05:47:23,2022-06-02 05:48:49
2022-06-02 19:16:35,2022-06-02 19:17:42,In_Transit_Active,annotator,HIGH LEVEL BEHAVIOR,2022-06-02 05:48:49,2022-06-02 05:49:56
2022-06-02 19:17:42,2022-06-02 19:18:35,In_Transit_Active,annotator,HIGH LEVEL BEHAVIOR,2022-06-02 05:49:56,2022-06-02 05:50:49
2022-06-02 19:18:35,2022-06-02 19:19:29,In_Transit_Active,annotator,HIGH LEVEL BEHAVIOR,2022-06-02 05:50:49,2022-06-02 05:51:43
2022-06-02 19:19:29,2022-06-02 19:19:44,In_Transit_Active,annotator,HIGH LEVEL BEHAVIOR,2022-06-02 05:51:43,2022-06-02 05:51:58
2022-06-02 19:19:44,2022-06-02 19:22:33,In_Transit_Active,annotator,HIGH LEVEL BEHAVIOR,2022-06-02 05:51:58,2022-06-02 05:54:47
2022-06-02 19:22:33,2022-06-02 19:22:57,In_Transit_Active,annotator,HIGH LEVEL BEHAVIOR,2022-06-02 05:54:47,2022-06-02 05:55:11
2022-06-02 19:22:57,2022-06-02 19:24:05,In_Transit_Active,annotator,HIGH LEVEL BEHAVIOR,2022-06-02 05:55:11,2022-06-02 05:56:19
2022-06-02 19:24:05,2022-06-02 19:25:05,Meeting _Social_Gathering_In_Person,annotator,HIGH LEVEL BEHAVIOR,2022-06-02 05:56:19,2022-06-02 05:57:19
2022-06-02 19:25:05,2022-06-02 19:26:17,In_Transit_Active,annotator,HIGH LEVEL BEHAVIOR,2022-06-02 05:57:19,2022-06-02 05:58:31
2022-06-02 19:26:17,2022-06-02 19:26:20,In_Transit_Active,annotator,HIGH LEVEL BEHAVIOR,2022-06-02 05:58:31,2022-06-02 05:58:34
2022-06-02 19:26:20,2022-06-02 19:26:24,In_Transit_Active,annotator,HIGH LEVEL BEHAVIOR,2022-06-02 05:58:34,2022-06-02 05:58:38
2022-06-02 19:26:24,2022-06-02 19:26:39,In_Transit_Active,annotator,HIGH LEVEL BEHAVIOR,2022-06-02 05:58:38,2022-06-02 05:58:53
2022-06-02 19:26:39,2022-06-02 19:27:46,Meeting _Social_Gathering_In_Person,annotator,HIGH LEVEL BEHAVIOR,2022-06-02 05:58:53,2022-06-02 06:00:00
2022-06-02 19:27:46,2022-06-02 19:27:51,Meeting _Social_Gathering_In_Person,annotator,HIGH LEVEL BEHAVIOR,2022-06-02 06:00:00,2022-06-02 06:00:05
2022-06-02 19:27:51,2022-06-02 19:28:08,Meeting _Social_Gathering_In_Person, Using_Computer/Screen,annotator,HIGH LEVEL BEHAVIOR,2022-06-02 06:00:05,2022-06-02 06:00:22
2022-06-02 19:28:08,2022-06-02 19:28:59,Meeting _Social_Gathering_In_Person,annotator,HIGH LEVEL BEHAVIOR,2022-06-02 06:00:22,2022-06-02 06:01:13
2022-06-02 19:28:59,2022-06-02 19:29:05,Meeting _Social_Gathering_In_Person, Packing/Unpacking_Something,annotator,HIGH LEVEL BEHAVIOR,2022-06-02 06:01:13,2022-06-02 06:01:19
2022-06-02 19:29:05,2022-06-02 19:29:49,Meeting _Social_Gathering_In_Person,annotator,HIGH LEVEL BEHAVIOR,2022-06-02 06:01:19,2022-06-02 06:02:03
2022-06-02 19:29:49,2022-06-02 19:29:53,Meeting _Social_Gathering_In_Person, In_Transit_Active,annotator,HIGH LEVEL BEHAVIOR,2022-06-02 06:02:03,2022-06-02 06:02:07
2022-06-02 19:29:53,2022-06-02 19:29:58,Meeting _Social_Gathering_In_Person,annotator,HIGH LEVEL BEHAVIOR,2022-06-02 06:02:07,2022-06-02 06:02:12
2022-06-02 19:29:58,2022-06-02 19:47:15,Meeting _Social_Gathering_In_Person, Playing_Videogame,annotator,HIGH LEVEL BEHAVIOR,2022-06-02 06:02:12,2022-06-02 06:19:29
2022-06-02 19:47:15,2022-06-02 19:50:44,Meeting _Social_Gathering_In_Person, Playing_Videogame,annotator,HIGH LEVEL BEHAVIOR,2022-06-02 06:19:29,2022-06-02 06:22:58
2022-06-02 19:50:44,2022-06-02 19:50:56,Meeting _Social_Gathering_In_Person, Playing_Videogame,annotator,HIGH LEVEL BEHAVIOR,2022-06-02 06:22:58,2022-06-02 06:23:10
2022-06-02 19:51:00,2022-06-02 19:58:26,Meeting _Social_Gathering_In_Person, Playing_Videogame,annotator,HIGH LEVEL BEHAVIOR,2022-06-02 06:23:14,2022-06-02 06:30:40
2022-06-02 19:58:26,2022-06-02 19:58:32,Meeting _Social_Gathering_In_Person, Playing_Videogame,annotator,HIGH LEVEL BEHAVIOR,2022-06-02 06:30:40,2022-06-02 06:30:46
2022-06-02 19:58:32,2022-06-02 20:20:16,Meeting _Social_Gathering_In_Person, Playing_Videogame,annotator,HIGH LEVEL BEHAVIOR,2022-06-02 06:30:46,2022-06-02 06:52:30
2022-06-02 20:20:16,2022-06-02 20:20:24,Meeting _Social_Gathering_In_Person,annotator,HIGH LEVEL BEHAVIOR,2022-06-02 06:52:30,2022-06-02 06:52:38
2022-06-02 20:20:24,2022-06-02 20:20:29,Meeting _Social_Gathering_In_Person,annotator,HIGH LEVEL BEHAVIOR,2022-06-02 06:52:38,2022-06-02 06:52:43
2022-06-02 20:20:29,2022-06-02 20:20:38,Meeting _Social_Gathering_In_Person,annotator,HIGH LEVEL BEHAVIOR,2022-06-02 06:52:43,2022-06-02 06:52:52
2022-06-02 20:20:38,2022-06-02 20:21:45,Meeting _Social_Gathering_In_Person,annotator,HIGH LEVEL BEHAVIOR,2022-06-02 06:52:52,2022-06-02 06:53:59
2022-06-02 20:21:45,2022-06-02 20:21:50,In_Transit_Active,annotator,HIGH LEVEL BEHAVIOR,2022-06-02 06:53:59,2022-06-02 06:54:04
2022-06-02 20:21:50,2022-06-02 20:22:03,Eating/Dining,annotator,HIGH LEVEL BEHAVIOR,2022-06-02 06:54:04,2022-06-02 06:54:17
2022-06-02 20:22:03,2022-06-02 20:22:08,Eating/Dining,annotator,HIGH LEVEL BEHAVIOR,2022-06-02 06:54:17,2022-06-02 06:54:22
2022-06-02 20:22:08,2022-06-02 20:22:12,Eating/Dining,annotator,HIGH LEVEL BEHAVIOR,2022-06-02 06:54:22,2022-06-02 06:54:26
2022-06-02 20:22:12,2022-06-02 20:24:49,Eating/Dining,annotator,HIGH LEVEL BEHAVIOR,2022-06-02 06:54:26,2022-06-02 06:57:03
2022-06-02 20:24:49,2022-06-02 20:24:54,In_Transit_Active,annotator,HIGH LEVEL BEHAVIOR,2022-06-02 06:57:03,2022-06-02 06:57:08
2022-06-02 20:24:54,2022-06-02 20:24:59,In_Transit_Active,annotator,HIGH LEVEL BEHAVIOR,2022-06-02 06:57:08,2022-06-02 06:57:13
2022-06-02 20:24:59,2022-06-02 20:25:09,In_Transit_Active,annotator,HIGH LEVEL BEHAVIOR,2022-06-02 06:57:13,2022-06-02 06:57:23
2022-06-02 20:25:09,2022-06-02 20:25:25,In_Transit_Active,annotator,HIGH LEVEL BEHAVIOR,2022-06-02 06:57:23,2022-06-02 06:57:39
2022-06-02 20:25:25,2022-06-02 20:25:37,In_Transit_Active,annotator,HIGH LEVEL BEHAVIOR,2022-06-02 06:57:39,2022-06-02 06:57:51
2022-06-02 20:25:37,2022-06-02 20:26:06,In_Transit_Active,annotator,HIGH LEVEL BEHAVIOR,2022-06-02 06:57:51,2022-06-02 06:58:20
2022-06-02 20:26:06,2022-06-02 20:30:30,Relaxing_Passive,annotator,HIGH LEVEL BEHAVIOR,2022-06-02 06:58:20,2022-06-02 07:02:44
2022-06-02 20:30:30,2022-06-02 20:35:17,Relaxing_Passive,annotator,HIGH LEVEL BEHAVIOR,2022-06-02 07:02:44,2022-06-02 07:07:31
2022-06-02 20:35:17,2022-06-02 20:54:45,Relaxing_Passive,annotator,HIGH LEVEL BEHAVIOR,2022-06-02 07:07:31,2022-06-02 07:26:59
2022-06-02 20:54:45,2022-06-02 20:54:56,Relaxing_Passive,annotator,HIGH LEVEL BEHAVIOR,2022-06-02 07:26:59,2022-06-02 07:27:10
2022-06-02 20:54:56,2022-06-02 21:01:56,Relaxing_Passive,annotator,HIGH LEVEL BEHAVIOR,2022-06-02 07:27:10,2022-06-02 07:34:10
2022-06-02 21:01:56,2022-06-02 21:02:55,Relaxing_Passive,annotator,HIGH LEVEL BEHAVIOR,2022-06-02 07:34:10,2022-06-02 07:35:09
2022-06-02 21:02:55,2022-06-02 21:03:04,In_Transit_Active,annotator,HIGH LEVEL BEHAVIOR,2022-06-02 07:35:09,2022-06-02 07:35:18
2022-06-02 21:03:04,2022-06-02 21:03:27,In_Transit_Active,annotator,HIGH LEVEL BEHAVIOR,2022-06-02 07:35:18,2022-06-02 07:35:41
2022-06-02 21:03:27,2022-06-02 21:03:38,In_Transit_Active,annotator,HIGH LEVEL BEHAVIOR,2022-06-02 07:35:41,2022-06-02 07:35:52
2022-06-02 21:03:38,2022-06-02 21:05:18,Meeting _Social_Gathering_In_Person,annotator,HIGH LEVEL BEHAVIOR,2022-06-02 07:35:52,2022-06-02 07:37:32
2022-06-02 21:05:18,2022-06-02 21:05:43,Meeting _Social_Gathering_In_Person,annotator,HIGH LEVEL BEHAVIOR,2022-06-02 07:37:32,2022-06-02 07:37:57
2022-06-02 21:05:43,2022-06-02 21:06:23,Meeting _Social_Gathering_In_Person, WatchingTV/Movies,annotator,HIGH LEVEL BEHAVIOR,2022-06-02 07:37:57,2022-06-02 07:38:37
2022-06-02 21:06:23,2022-06-02 21:07:21,Meeting _Social_Gathering_In_Person, WatchingTV/Movies,annotator,HIGH LEVEL BEHAVIOR,2022-06-02 07:38:37,2022-06-02 07:39:35
2022-06-02 21:07:21,2022-06-02 21:13:44,Meeting _Social_Gathering_In_Person, WatchingTV/Movies,annotator,HIGH LEVEL BEHAVIOR,2022-06-02 07:39:35,2022-06-02 07:45:58
2022-06-02 21:13:44,2022-06-02 21:15:28,Meeting _Social_Gathering_In_Person, WatchingTV/Movies,annotator,HIGH LEVEL BEHAVIOR,2022-06-02 07:45:58,2022-06-02 07:47:42
2022-06-02 21:15:28,2022-06-02 21:16:05,Meeting _Social_Gathering_In_Person, WatchingTV/Movies,annotator,HIGH LEVEL BEHAVIOR,2022-06-02 07:47:42,2022-06-02 07:48:19
2022-06-02 21:16:05,2022-06-02 21:21:05,Meeting _Social_Gathering_In_Person, WatchingTV/Movies,annotator,HIGH LEVEL BEHAVIOR,2022-06-02 07:48:19,2022-06-02 07:53:19
2022-06-02 21:21:05,2022-06-02 21:21:31,Meeting _Social_Gathering_In_Person, WatchingTV/Movies,annotator,HIGH LEVEL BEHAVIOR,2022-06-02 07:53:19,2022-06-02 07:53:45
2022-06-02 21:21:31,2022-06-02 21:21:57,Meeting _Social_Gathering_In_Person, WatchingTV/Movies,annotator,HIGH LEVEL BEHAVIOR,2022-06-02 07:53:45,2022-06-02 07:54:11
2022-06-02 21:21:57,2022-06-02 21:22:10,Meeting _Social_Gathering_In_Person, WatchingTV/Movies,annotator,HIGH LEVEL BEHAVIOR,2022-06-02 07:54:11,2022-06-02 07:54:24
2022-06-02 21:22:10,2022-06-02 21:27:16,Meeting _Social_Gathering_In_Person, WatchingTV/Movies,annotator,HIGH LEVEL BEHAVIOR,2022-06-02 07:54:24,2022-06-02 07:59:30
2022-06-02 21:27:16,2022-06-02 21:27:40,Meeting _Social_Gathering_In_Person, WatchingTV/Movies,annotator,HIGH LEVEL BEHAVIOR,2022-06-02 07:59:30,2022-06-02 07:59:54
2022-06-02 21:27:40,2022-06-02 21:28:06,Meeting _Social_Gathering_In_Person, WatchingTV/Movies,annotator,HIGH LEVEL BEHAVIOR,2022-06-02 07:59:54,2022-06-02 08:00:20
2022-06-02 21:28:06,2022-06-02 21:28:13,Meeting _Social_Gathering_In_Person, WatchingTV/Movies,annotator,HIGH LEVEL BEHAVIOR,2022-06-02 08:00:20,2022-06-02 08:00:27
2022-06-02 21:28:13,2022-06-02 21:29:04,Meeting _Social_Gathering_In_Person, WatchingTV/Movies,annotator,HIGH LEVEL BEHAVIOR,2022-06-02 08:00:27,2022-06-02 08:01:18
2022-06-02 21:29:04,2022-06-02 21:29:17,In_Transit_Active,annotator,HIGH LEVEL BEHAVIOR,2022-06-02 08:01:18,2022-06-02 08:01:31
2022-06-02 21:29:17,2022-06-02 21:29:23,In_Transit_Active,annotator,HIGH LEVEL BEHAVIOR,2022-06-02 08:01:31,2022-06-02 08:01:37
2022-06-02 21:29:23,2022-06-02 21:29:28,In_Transit_Active,annotator,HIGH LEVEL BEHAVIOR,2022-06-02 08:01:37,2022-06-02 08:01:42
2022-06-02 21:29:28,2022-06-02 21:32:01,Meeting_Virtual,annotator,HIGH LEVEL BEHAVIOR,2022-06-02 08:01:42,2022-06-02 08:04:15
2022-06-02 21:32:01,2022-06-02 21:32:13,In_Transit_Active,annotator,HIGH LEVEL BEHAVIOR,2022-06-02 08:04:15,2022-06-02 08:04:27
2022-06-02 21:32:13,2022-06-02 21:34:54,Meeting _Social_Gathering_In_Person, WatchingTV/Movies,annotator,HIGH LEVEL BEHAVIOR,2022-06-02 08:04:27,2022-06-02 08:07:08
2022-06-02 21:34:54,2022-06-02 21:35:11,Meeting _Social_Gathering_In_Person, WatchingTV/Movies,annotator,HIGH LEVEL BEHAVIOR,2022-06-02 08:07:08,2022-06-02 08:07:25
2022-06-02 21:35:11,2022-06-02 21:37:12,Meeting _Social_Gathering_In_Person, WatchingTV/Movies,annotator,HIGH LEVEL BEHAVIOR,2022-06-02 08:07:25,2022-06-02 08:09:26
2022-06-02 21:37:12,2022-06-02 21:39:10,Meeting _Social_Gathering_In_Person, WatchingTV/Movies,annotator,HIGH LEVEL BEHAVIOR,2022-06-02 08:09:26,2022-06-02 08:11:24
2022-06-02 21:39:10,2022-06-02 21:41:16,Meeting _Social_Gathering_In_Person, WatchingTV/Movies,annotator,HIGH LEVEL BEHAVIOR,2022-06-02 08:11:24,2022-06-02 08:13:30
2022-06-02 21:41:16,2022-06-02 21:43:55,Meeting _Social_Gathering_In_Person, WatchingTV/Movies,annotator,HIGH LEVEL BEHAVIOR,2022-06-02 08:13:30,2022-06-02 08:16:09
2022-06-02 21:43:55,2022-06-02 21:44:09,Meeting _Social_Gathering_In_Person, WatchingTV/Movies,annotator,HIGH LEVEL BEHAVIOR,2022-06-02 08:16:09,2022-06-02 08:16:23
2022-06-02 21:44:09,2022-06-02 21:46:53,Meeting _Social_Gathering_In_Person, WatchingTV/Movies,annotator,HIGH LEVEL BEHAVIOR,2022-06-02 08:16:23,2022-06-02 08:19:07
2022-06-02 21:46:53,2022-06-02 21:51:21,Meeting _Social_Gathering_In_Person, WatchingTV/Movies,annotator,HIGH LEVEL BEHAVIOR,2022-06-02 08:19:07,2022-06-02 08:23:35
2022-06-02 21:51:21,2022-06-02 21:51:33,Meeting _Social_Gathering_In_Person, WatchingTV/Movies,annotator,HIGH LEVEL BEHAVIOR,2022-06-02 08:23:35,2022-06-02 08:23:47
2022-06-02 21:51:33,2022-06-02 21:52:18,Meeting _Social_Gathering_In_Person, WatchingTV/Movies,annotator,HIGH LEVEL BEHAVIOR,2022-06-02 08:23:47,2022-06-02 08:24:32
2022-06-02 21:52:18,2022-06-02 21:54:07,Meeting _Social_Gathering_In_Person, WatchingTV/Movies,annotator,HIGH LEVEL BEHAVIOR,2022-06-02 08:24:32,2022-06-02 08:26:21
2022-06-02 21:54:07,2022-06-02 21:54:18,Meeting _Social_Gathering_In_Person, WatchingTV/Movies,annotator,HIGH LEVEL BEHAVIOR,2022-06-02 08:26:21,2022-06-02 08:26:32
2022-06-02 21:54:18,2022-06-02 21:54:31,Meeting _Social_Gathering_In_Person, WatchingTV/Movies,annotator,HIGH LEVEL BEHAVIOR,2022-06-02 08:26:32,2022-06-02 08:26:45
2022-06-02 21:54:31,2022-06-02 22:11:49,Meeting _Social_Gathering_In_Person, WatchingTV/Movies,annotator,HIGH LEVEL BEHAVIOR,2022-06-02 08:26:45,2022-06-02 08:44:03
2022-06-02 22:11:49,2022-06-02 22:13:25,HLB_Indecipherable/Video_Insufficient,annotator,HIGH LEVEL BEHAVIOR,2022-06-02 08:44:03,2022-06-02 08:45:39
2022-06-02 22:13:25,2022-06-02 22:14:10,WatchingTV/Movies, Meeting _Social_Gathering_In_Person, Relaxing_Passive,annotator,HIGH LEVEL BEHAVIOR,2022-06-02 08:45:39,2022-06-02 08:46:24
2022-06-02 22:14:10,2022-06-02 22:21:16,WatchingTV/Movies, Meeting _Social_Gathering_In_Person, Relaxing_Passive,annotator,HIGH LEVEL BEHAVIOR,2022-06-02 08:46:24,2022-06-02 08:53:30
2022-06-02 22:21:16,2022-06-02 22:24:27,WatchingTV/Movies, Meeting _Social_Gathering_In_Person, Relaxing_Passive,annotator,HIGH LEVEL BEHAVIOR,2022-06-02 08:53:30,2022-06-02 08:56:41
2022-06-02 22:24:27,2022-06-02 22:29:23,WatchingTV/Movies, Meeting _Social_Gathering_In_Person, Relaxing_Passive,annotator,HIGH LEVEL BEHAVIOR,2022-06-02 08:56:41,2022-06-02 09:01:37
2022-06-02 22:29:23,2022-06-02 22:36:09,WatchingTV/Movies, Meeting _Social_Gathering_In_Person, Relaxing_Passive,annotator,HIGH LEVEL BEHAVIOR,2022-06-02 09:01:37,2022-06-02 09:08:23
2022-06-02 22:36:09,2022-06-02 22:36:23,WatchingTV/Movies, Meeting _Social_Gathering_In_Person, Relaxing_Passive,annotator,HIGH LEVEL BEHAVIOR,2022-06-02 09:08:23,2022-06-02 09:08:37
2022-06-02 22:36:23,2022-06-02 22:37:03,WatchingTV/Movies, Meeting _Social_Gathering_In_Person, Relaxing_Passive,annotator,HIGH LEVEL BEHAVIOR,2022-06-02 09:08:37,2022-06-02 09:09:17
2022-06-02 22:37:09,2022-06-02 22:38:20,WatchingTV/Movies, Meeting _Social_Gathering_In_Person, Relaxing_Passive,annotator,HIGH LEVEL BEHAVIOR,2022-06-02 09:09:23,2022-06-02 09:10:34
2022-06-02 22:38:21,2022-06-02 22:41:37,WatchingTV/Movies, Meeting _Social_Gathering_In_Person, Relaxing_Passive,annotator,HIGH LEVEL BEHAVIOR,2022-06-02 09:10:35,2022-06-02 09:13:51
2022-06-02 22:41:37,2022-06-02 22:41:40,WatchingTV/Movies, Meeting _Social_Gathering_In_Person, Relaxing_Passive,annotator,HIGH LEVEL BEHAVIOR,2022-06-02 09:13:51,2022-06-02 09:13:54
2022-06-02 22:41:40,2022-06-02 22:47:46,WatchingTV/Movies, Meeting _Social_Gathering_In_Person, Relaxing_Passive,annotator,HIGH LEVEL BEHAVIOR,2022-06-02 09:13:54,2022-06-02 09:20:00
2022-06-02 22:47:46,2022-06-02 22:48:16,WatchingTV/Movies, Meeting _Social_Gathering_In_Person, Relaxing_Passive,annotator,HIGH LEVEL BEHAVIOR,2022-06-02 09:20:00,2022-06-02 09:20:30
2022-06-02 22:48:16,2022-06-02 22:48:33,WatchingTV/Movies, Meeting _Social_Gathering_In_Person, Relaxing_Passive,annotator,HIGH LEVEL BEHAVIOR,2022-06-02 09:20:30,2022-06-02 09:20:47
2022-06-02 22:48:33,2022-06-02 22:48:36,WatchingTV/Movies, Meeting _Social_Gathering_In_Person, Relaxing_Passive,annotator,HIGH LEVEL BEHAVIOR,2022-06-02 09:20:47,2022-06-02 09:20:50
2022-06-02 22:48:36,2022-06-02 22:50:49,WatchingTV/Movies, Meeting _Social_Gathering_In_Person, Relaxing_Passive,annotator,HIGH LEVEL BEHAVIOR,2022-06-02 09:20:50,2022-06-02 09:23:03
2022-06-02 22:50:49,2022-06-02 22:51:27,WatchingTV/Movies, Meeting _Social_Gathering_In_Person, Relaxing_Passive,annotator,HIGH LEVEL BEHAVIOR,2022-06-02 09:23:03,2022-06-02 09:23:41
2022-06-02 22:51:27,2022-06-02 22:56:18,WatchingTV/Movies, Meeting _Social_Gathering_In_Person, Relaxing_Passive,annotator,HIGH LEVEL BEHAVIOR,2022-06-02 09:23:41,2022-06-02 09:28:32
2022-06-02 22:56:18,2022-06-02 22:56:44,HLB_Indecipherable/Video_Insufficient,annotator,HIGH LEVEL BEHAVIOR,2022-06-02 09:28:32,2022-06-02 09:28:58
2022-06-02 22:56:44,2022-06-02 22:56:52,Meeting _Social_Gathering_In_Person,annotator,HIGH LEVEL BEHAVIOR,2022-06-02 09:28:58,2022-06-02 09:29:06
2022-06-02 22:56:52,2022-06-02 22:57:33,HLB_Indecipherable/Video_Insufficient,annotator,HIGH LEVEL BEHAVIOR,2022-06-02 09:29:06,2022-06-02 09:29:47
2022-06-02 22:57:33,2022-06-02 22:58:04,Meeting _Social_Gathering_In_Person, WatchingTV/Movies,annotator,HIGH LEVEL BEHAVIOR,2022-06-02 09:29:47,2022-06-02 09:30:18
2022-06-02 22:58:06,2022-06-02 22:58:25,Meeting _Social_Gathering_In_Person, In_Transit_Active,annotator,HIGH LEVEL BEHAVIOR,2022-06-02 09:30:20,2022-06-02 09:30:39
2022-06-02 22:58:25,2022-06-02 22:58:44,In_Transit_Active,annotator,HIGH LEVEL BEHAVIOR,2022-06-02 09:30:39,2022-06-02 09:30:58
2022-06-02 22:58:44,2022-06-02 22:58:50,In_Transit_Active,annotator,HIGH LEVEL BEHAVIOR,2022-06-02 09:30:58,2022-06-02 09:31:04
2022-06-02 22:58:50,2022-06-02 23:14:47,HLB_Indecipherable/Video_Insufficient,annotator,HIGH LEVEL BEHAVIOR,2022-06-02 09:31:04,2022-06-02 09:47:01
2022-06-02 23:14:47,2022-06-02 23:15:12,In_Transit_Active,annotator,HIGH LEVEL BEHAVIOR,2022-06-02 09:47:01,2022-06-02 09:47:26
2022-06-02 23:15:12,2022-06-02 23:15:50,WatchingTV/Movies, Meeting _Social_Gathering_In_Person,annotator,HIGH LEVEL BEHAVIOR,2022-06-02 09:47:26,2022-06-02 09:48:04
2022-06-02 23:15:50,2022-06-02 23:17:53,WatchingTV/Movies, Meeting _Social_Gathering_In_Person,annotator,HIGH LEVEL BEHAVIOR,2022-06-02 09:48:04,2022-06-02 09:50:07
2022-06-02 23:17:53,2022-06-02 23:19:34,HLB_Indecipherable/Video_Insufficient,annotator,HIGH LEVEL BEHAVIOR,2022-06-02 09:50:07,2022-06-02 09:51:48
2022-06-02 23:19:34,2022-06-02 23:19:40,Meeting _Social_Gathering_In_Person, WatchingTV/Movies,annotator,HIGH LEVEL BEHAVIOR,2022-06-02 09:51:48,2022-06-02 09:51:54
2022-06-02 23:19:40,2022-06-02 23:31:35,Meeting _Social_Gathering_In_Person, WatchingTV/Movies,annotator,HIGH LEVEL BEHAVIOR,2022-06-02 09:51:54,2022-06-02 10:03:49
2022-06-02 23:31:35,2022-06-02 23:31:46,Meeting _Social_Gathering_In_Person, In_Transit_Active,annotator,HIGH LEVEL BEHAVIOR,2022-06-02 10:03:49,2022-06-02 10:04:00
2022-06-02 23:31:46,2022-06-02 23:32:35,,annotator,HIGH LEVEL BEHAVIOR,2022-06-02 10:04:00,2022-06-02 10:04:49
