START_TIME,STOP_TIME,PREDICTION,SOURCE,LABELSET,VIDEO_START_TIME,VIDEO_END_TIME
2022-05-31 08:02:30,2022-05-31 08:03:26,Located_Indoors, Holding_Other_Object_Light,annotator,Behavioral Parameters,2022-05-31 00:00:00,2022-05-31 00:00:56
2022-05-31 08:03:26,2022-05-31 08:03:28,Located_Indoors, Holding_Other_Object_Light,annotator,Behavioral Parameters,2022-05-31 00:00:56,2022-05-31 00:00:58
2022-05-31 08:03:28,2022-05-31 08:03:33,Located_Indoors, Holding_Other_Object_Light,annotator,Behavioral Parameters,2022-05-31 00:00:58,2022-05-31 00:01:03
2022-05-31 08:03:33,2022-05-31 08:03:36,Located_Indoors, Holding_Other_Object_Light,annotator,Behavioral Parameters,2022-05-31 00:01:03,2022-05-31 00:01:06
2022-05-31 08:03:36,2022-05-31 08:03:58,Located_Indoors, Holding_Other_Object_Light,annotator,Behavioral Parameters,2022-05-31 00:01:06,2022-05-31 00:01:28
2022-05-31 08:03:58,2022-05-31 08:04:00,Located_Indoors, Holding_Bag/BriefCase_Hand_Light,annotator,Behavioral Parameters,2022-05-31 00:01:28,2022-05-31 00:01:30
2022-05-31 08:04:00,2022-05-31 08:04:04,Located_Indoors, Holding_Bag/BriefCase_Hand_Light,annotator,Behavioral Parameters,2022-05-31 00:01:30,2022-05-31 00:01:34
2022-05-31 08:04:04,2022-05-31 08:04:20,Located_Indoors,annotator,Behavioral Parameters,2022-05-31 00:01:34,2022-05-31 00:01:50
2022-05-31 08:04:20,2022-05-31 08:04:26,Located_Indoors, Carrying_Bag_On_Shoulder/Back_Light,annotator,Behavioral Parameters,2022-05-31 00:01:50,2022-05-31 00:01:56
2022-05-31 08:04:26,2022-05-31 08:04:42,Located_Indoors, Carrying_Bag_On_Shoulder/Back_Light, Holding_Other_Object_Light,annotator,Behavioral Parameters,2022-05-31 00:01:56,2022-05-31 00:02:12
2022-05-31 08:04:42,2022-05-31 08:04:45,Located_Indoors, Carrying_Bag_On_Shoulder/Back_Light,annotator,Behavioral Parameters,2022-05-31 00:02:12,2022-05-31 00:02:15
2022-05-31 08:04:45,2022-05-31 08:04:51,Located_Indoors, Carrying_Bag_On_Shoulder/Back_Light, Holding_Other_Object_Light,annotator,Behavioral Parameters,2022-05-31 00:02:15,2022-05-31 00:02:21
2022-05-31 08:04:51,2022-05-31 08:05:05,Located_Indoors, Carrying_Bag_On_Shoulder/Back_Light, Holding_Other_Object_Light,annotator,Behavioral Parameters,2022-05-31 00:02:21,2022-05-31 00:02:35
2022-05-31 08:05:05,2022-05-31 08:05:11,Located_Indoors, Carrying_Bag_On_Shoulder/Back_Light,annotator,Behavioral Parameters,2022-05-31 00:02:35,2022-05-31 00:02:41
2022-05-31 08:05:11,2022-05-31 08:05:38,Located_Indoors, Carrying_Bag_On_Shoulder/Back_Light, Texting/Browsing_Phone,annotator,Behavioral Parameters,2022-05-31 00:02:41,2022-05-31 00:03:08
2022-05-31 08:05:38,2022-05-31 08:05:43,Located_Indoors, Carrying_Bag_On_Shoulder/Back_Light, Texting/Browsing_Phone,annotator,Behavioral Parameters,2022-05-31 00:03:08,2022-05-31 00:03:13
2022-05-31 08:05:43,2022-05-31 08:06:19,Located_Indoors, Carrying_Bag_On_Shoulder/Back_Light, Texting/Browsing_Phone,annotator,Behavioral Parameters,2022-05-31 00:03:13,2022-05-31 00:03:49
2022-05-31 08:06:19,2022-05-31 08:06:48,Located_Indoors, Carrying_Bag_On_Shoulder/Back_Light, Texting/Browsing_Phone,annotator,Behavioral Parameters,2022-05-31 00:03:49,2022-05-31 00:04:18
2022-05-31 08:06:48,2022-05-31 08:09:05,Carrying_Bag_On_Shoulder/Back_Light, Texting/Browsing_Phone, Located_Outdoors,annotator,Behavioral Parameters,2022-05-31 00:04:18,2022-05-31 00:06:35
2022-05-31 08:09:05,2022-05-31 08:09:16,Carrying_Bag_On_Shoulder/Back_Light, Located_Outdoors,annotator,Behavioral Parameters,2022-05-31 00:06:35,2022-05-31 00:06:46
2022-05-31 08:09:16,2022-05-31 08:12:03,Carrying_Bag_On_Shoulder/Back_Light, Located_Outdoors, Texting/Browsing_Phone,annotator,Behavioral Parameters,2022-05-31 00:06:46,2022-05-31 00:09:33
2022-05-31 08:12:03,2022-05-31 08:12:23,Carrying_Bag_On_Shoulder/Back_Light, Located_Outdoors,annotator,Behavioral Parameters,2022-05-31 00:09:33,2022-05-31 00:09:53
2022-05-31 08:12:23,2022-05-31 08:12:27,Carrying_Bag_On_Shoulder/Back_Light, Located_Outdoors,annotator,Behavioral Parameters,2022-05-31 00:09:53,2022-05-31 00:09:57
2022-05-31 08:12:27,2022-05-31 08:13:23,Carrying_Bag_On_Shoulder/Back_Light, Located_Indoors,annotator,Behavioral Parameters,2022-05-31 00:09:57,2022-05-31 00:10:53
2022-05-31 08:13:23,2022-05-31 08:15:56,BP_VideoUnavailable/Indecipherable,annotator,Behavioral Parameters,2022-05-31 00:10:53,2022-05-31 00:13:26
2022-05-31 08:15:56,2022-05-31 08:40:03,Located_Indoors, Browsing_Computer,annotator,Behavioral Parameters,2022-05-31 00:13:26,2022-05-31 00:37:33
2022-05-31 08:40:03,2022-05-31 08:40:37,Located_Indoors, Browsing_Computer, Holding_Other_Object_Light,annotator,Behavioral Parameters,2022-05-31 00:37:33,2022-05-31 00:38:07
2022-05-31 08:40:37,2022-05-31 08:40:59,Located_Indoors, Browsing_Computer,annotator,Behavioral Parameters,2022-05-31 00:38:07,2022-05-31 00:38:29
2022-05-31 08:40:59,2022-05-31 08:42:38,Located_Indoors, Typing_Computer,annotator,Behavioral Parameters,2022-05-31 00:38:29,2022-05-31 00:40:08
2022-05-31 08:42:38,2022-05-31 08:44:09,Located_Indoors,annotator,Behavioral Parameters,2022-05-31 00:40:08,2022-05-31 00:41:39
2022-05-31 08:44:09,2022-05-31 08:45:34,Located_Indoors, Typing_Computer,annotator,Behavioral Parameters,2022-05-31 00:41:39,2022-05-31 00:43:04
2022-05-31 08:45:34,2022-05-31 08:46:40,Located_Indoors, Browsing_Computer,annotator,Behavioral Parameters,2022-05-31 00:43:04,2022-05-31 00:44:10
2022-05-31 08:46:40,2022-05-31 08:50:08,Located_Indoors, Typing_Computer,annotator,Behavioral Parameters,2022-05-31 00:44:10,2022-05-31 00:47:38
2022-05-31 08:50:08,2022-05-31 08:50:26,Located_Indoors,annotator,Behavioral Parameters,2022-05-31 00:47:38,2022-05-31 00:47:56
2022-05-31 08:50:26,2022-05-31 08:52:32,Located_Indoors, Typing_Computer,annotator,Behavioral Parameters,2022-05-31 00:47:56,2022-05-31 00:50:02
2022-05-31 08:52:32,2022-05-31 08:53:58,Located_Indoors, Browsing_Computer,annotator,Behavioral Parameters,2022-05-31 00:50:02,2022-05-31 00:51:28
2022-05-31 08:53:58,2022-05-31 08:59:25,Located_Indoors, Typing_Computer,annotator,Behavioral Parameters,2022-05-31 00:51:28,2022-05-31 00:56:55
2022-05-31 08:59:25,2022-05-31 08:59:49,Located_Indoors,annotator,Behavioral Parameters,2022-05-31 00:56:55,2022-05-31 00:57:19
2022-05-31 08:59:49,2022-05-31 09:00:32,Located_Indoors, Browsing_Computer,annotator,Behavioral Parameters,2022-05-31 00:57:19,2022-05-31 00:58:02
2022-05-31 09:00:32,2022-05-31 09:04:18,Located_Indoors, Typing_Computer,annotator,Behavioral Parameters,2022-05-31 00:58:02,2022-05-31 01:01:48
2022-05-31 09:04:18,2022-05-31 09:05:13,Located_Indoors, Browsing_Computer,annotator,Behavioral Parameters,2022-05-31 01:01:48,2022-05-31 01:02:43
2022-05-31 09:05:13,2022-05-31 09:09:05,Located_Indoors, Typing_Computer,annotator,Behavioral Parameters,2022-05-31 01:02:43,2022-05-31 01:06:35
2022-05-31 09:09:05,2022-05-31 09:10:04,Located_Indoors, Browsing_Computer,annotator,Behavioral Parameters,2022-05-31 01:06:35,2022-05-31 01:07:34
2022-05-31 09:10:05,2022-05-31 09:10:31,Located_Indoors, Typing_Computer,annotator,Behavioral Parameters,2022-05-31 01:07:35,2022-05-31 01:08:01
2022-05-31 09:10:31,2022-05-31 09:10:44,Located_Indoors,annotator,Behavioral Parameters,2022-05-31 01:08:01,2022-05-31 01:08:14
2022-05-31 09:10:44,2022-05-31 09:12:41,Located_Indoors, Typing_Computer,annotator,Behavioral Parameters,2022-05-31 01:08:14,2022-05-31 01:10:11
2022-05-31 09:12:41,2022-05-31 09:13:36,Located_Indoors, Browsing_Computer,annotator,Behavioral Parameters,2022-05-31 01:10:11,2022-05-31 01:11:06
2022-05-31 09:13:36,2022-05-31 09:19:17,Located_Indoors, Typing_Computer,annotator,Behavioral Parameters,2022-05-31 01:11:06,2022-05-31 01:16:47
2022-05-31 09:19:17,2022-05-31 09:20:01,Located_Indoors, Browsing_Computer,annotator,Behavioral Parameters,2022-05-31 01:16:47,2022-05-31 01:17:31
2022-05-31 09:20:01,2022-05-31 09:20:43,Located_Indoors, Typing_Computer,annotator,Behavioral Parameters,2022-05-31 01:17:31,2022-05-31 01:18:13
2022-05-31 09:20:44,2022-05-31 09:22:22,Located_Indoors, Browsing_Computer,annotator,Behavioral Parameters,2022-05-31 01:18:14,2022-05-31 01:19:52
2022-05-31 09:22:22,2022-05-31 09:31:34,Located_Indoors, Typing_Computer,annotator,Behavioral Parameters,2022-05-31 01:19:52,2022-05-31 01:29:04
2022-05-31 09:31:34,2022-05-31 09:32:10,Located_Indoors, Browsing_Computer,annotator,Behavioral Parameters,2022-05-31 01:29:04,2022-05-31 01:29:40
2022-05-31 09:32:10,2022-05-31 09:33:01,Located_Indoors, Typing_Computer,annotator,Behavioral Parameters,2022-05-31 01:29:40,2022-05-31 01:30:31
2022-05-31 09:33:01,2022-05-31 09:33:55,Located_Indoors,annotator,Behavioral Parameters,2022-05-31 01:30:31,2022-05-31 01:31:25
2022-05-31 09:33:55,2022-05-31 09:36:01,Located_Indoors, Typing_Computer,annotator,Behavioral Parameters,2022-05-31 01:31:25,2022-05-31 01:33:31
2022-05-31 09:36:01,2022-05-31 09:36:12,Located_Indoors,annotator,Behavioral Parameters,2022-05-31 01:33:31,2022-05-31 01:33:42
2022-05-31 09:36:12,2022-05-31 09:37:58,Located_Indoors, Typing_Computer,annotator,Behavioral Parameters,2022-05-31 01:33:42,2022-05-31 01:35:28
2022-05-31 09:37:58,2022-05-31 09:38:41,Located_Indoors,annotator,Behavioral Parameters,2022-05-31 01:35:28,2022-05-31 01:36:11
2022-05-31 09:38:41,2022-05-31 09:40:26,Located_Indoors, Typing_Computer,annotator,Behavioral Parameters,2022-05-31 01:36:11,2022-05-31 01:37:56
2022-05-31 09:40:26,2022-05-31 09:40:39,Located_Indoors,annotator,Behavioral Parameters,2022-05-31 01:37:56,2022-05-31 01:38:09
2022-05-31 09:40:39,2022-05-31 09:41:06,Located_Indoors, Browsing_Computer,annotator,Behavioral Parameters,2022-05-31 01:38:09,2022-05-31 01:38:36
2022-05-31 09:41:06,2022-05-31 09:43:06,Located_Indoors, Typing_Computer,annotator,Behavioral Parameters,2022-05-31 01:38:36,2022-05-31 01:40:36
2022-05-31 09:43:06,2022-05-31 09:44:34,Located_Indoors, Browsing_Computer,annotator,Behavioral Parameters,2022-05-31 01:40:36,2022-05-31 01:42:04
2022-05-31 09:44:34,2022-05-31 09:46:38,Located_Indoors, Holding_Other_Object_Light,annotator,Behavioral Parameters,2022-05-31 01:42:04,2022-05-31 01:44:08
2022-05-31 09:46:38,2022-05-31 09:46:41,Located_Indoors, Browsing_Computer,annotator,Behavioral Parameters,2022-05-31 01:44:08,2022-05-31 01:44:11
2022-05-31 09:46:41,2022-05-31 09:46:45,Located_Indoors, Holding_Other_Object_Light,annotator,Behavioral Parameters,2022-05-31 01:44:11,2022-05-31 01:44:15
2022-05-31 09:46:45,2022-05-31 09:46:47,Located_Indoors, Holding_Other_Object_Light,annotator,Behavioral Parameters,2022-05-31 01:44:15,2022-05-31 01:44:17
2022-05-31 09:46:47,2022-05-31 09:47:21,Located_Indoors, BP_VideoUnavailable/Indecipherable,annotator,Behavioral Parameters,2022-05-31 01:44:17,2022-05-31 01:44:51
2022-05-31 09:47:21,2022-05-31 09:47:23,Located_Indoors,annotator,Behavioral Parameters,2022-05-31 01:44:51,2022-05-31 01:44:53
2022-05-31 09:47:23,2022-05-31 09:47:30,Located_Indoors, Holding_Other_Object_Light,annotator,Behavioral Parameters,2022-05-31 01:44:53,2022-05-31 01:45:00
2022-05-31 09:47:30,2022-05-31 09:47:46,BP_VideoUnavailable/Indecipherable,annotator,Behavioral Parameters,2022-05-31 01:45:00,2022-05-31 01:45:16
2022-05-31 09:47:46,2022-05-31 09:48:37,Located_Indoors, Carrying_Bag_On_Shoulder/Back_Light,annotator,Behavioral Parameters,2022-05-31 01:45:16,2022-05-31 01:46:07
2022-05-31 09:48:37,2022-05-31 09:48:39,Carrying_Bag_On_Shoulder/Back_Light, Located_Outdoors,annotator,Behavioral Parameters,2022-05-31 01:46:07,2022-05-31 01:46:09
2022-05-31 09:48:39,2022-05-31 09:49:53,Carrying_Bag_On_Shoulder/Back_Light, Located_Outdoors,annotator,Behavioral Parameters,2022-05-31 01:46:09,2022-05-31 01:47:23
2022-05-31 09:49:53,2022-05-31 09:49:57,Carrying_Bag_On_Shoulder/Back_Light, Located_Outdoors, Texting/Browsing_Phone,annotator,Behavioral Parameters,2022-05-31 01:47:23,2022-05-31 01:47:27
2022-05-31 09:49:57,2022-05-31 09:50:10,Carrying_Bag_On_Shoulder/Back_Light, Located_Outdoors, Texting/Browsing_Phone,annotator,Behavioral Parameters,2022-05-31 01:47:27,2022-05-31 01:47:40
2022-05-31 09:50:10,2022-05-31 09:50:16,Carrying_Bag_On_Shoulder/Back_Light, Located_Outdoors, Texting/Browsing_Phone,annotator,Behavioral Parameters,2022-05-31 01:47:40,2022-05-31 01:47:46
2022-05-31 09:50:16,2022-05-31 09:53:17,Carrying_Bag_On_Shoulder/Back_Light, Located_Outdoors, Texting/Browsing_Phone,annotator,Behavioral Parameters,2022-05-31 01:47:46,2022-05-31 01:50:47
2022-05-31 09:53:17,2022-05-31 09:54:37,Carrying_Bag_On_Shoulder/Back_Light, Located_Outdoors,annotator,Behavioral Parameters,2022-05-31 01:50:47,2022-05-31 01:52:07
2022-05-31 09:54:37,2022-05-31 09:55:11,Carrying_Bag_On_Shoulder/Back_Light, Located_Indoors,annotator,Behavioral Parameters,2022-05-31 01:52:07,2022-05-31 01:52:41
2022-05-31 09:55:11,2022-05-31 09:55:41,Carrying_Bag_On_Shoulder/Back_Light, Located_Indoors, Texting/Browsing_Phone,annotator,Behavioral Parameters,2022-05-31 01:52:41,2022-05-31 01:53:11
2022-05-31 09:55:41,2022-05-31 09:55:56,Carrying_Bag_On_Shoulder/Back_Light, Located_Indoors, Texting/Browsing_Phone,annotator,Behavioral Parameters,2022-05-31 01:53:11,2022-05-31 01:53:26
2022-05-31 09:55:56,2022-05-31 09:56:18,Carrying_Bag_On_Shoulder/Back_Light, Located_Indoors, Holding_Other_Object_Light,annotator,Behavioral Parameters,2022-05-31 01:53:26,2022-05-31 01:53:48
2022-05-31 09:56:18,2022-05-31 09:56:23,Carrying_Bag_On_Shoulder/Back_Light, Located_Indoors, Holding_Other_Object_Light,annotator,Behavioral Parameters,2022-05-31 01:53:48,2022-05-31 01:53:53
2022-05-31 09:56:23,2022-05-31 09:56:29,Carrying_Bag_On_Shoulder/Back_Light, Located_Indoors, Holding_Other_Object_Light,annotator,Behavioral Parameters,2022-05-31 01:53:53,2022-05-31 01:53:59
2022-05-31 09:56:29,2022-05-31 09:56:32,Carrying_Bag_On_Shoulder/Back_Light, Located_Indoors, Holding_Other_Object_Light,annotator,Behavioral Parameters,2022-05-31 01:53:59,2022-05-31 01:54:02
2022-05-31 09:56:32,2022-05-31 09:56:37,Carrying_Bag_On_Shoulder/Back_Light, Located_Indoors, Texting/Browsing_Phone,annotator,Behavioral Parameters,2022-05-31 01:54:02,2022-05-31 01:54:07
2022-05-31 09:56:37,2022-05-31 09:57:02,Located_Indoors, Holding_Other_Object_Light,annotator,Behavioral Parameters,2022-05-31 01:54:07,2022-05-31 01:54:32
2022-05-31 09:57:02,2022-05-31 09:57:20,Located_Indoors, Holding_Other_Object_Light,annotator,Behavioral Parameters,2022-05-31 01:54:32,2022-05-31 01:54:50
2022-05-31 09:57:20,2022-05-31 09:57:23,Located_Indoors, Holding_Drink,annotator,Behavioral Parameters,2022-05-31 01:54:50,2022-05-31 01:54:53
2022-05-31 09:57:23,2022-05-31 09:57:25,Located_Indoors, Holding_Drink,annotator,Behavioral Parameters,2022-05-31 01:54:53,2022-05-31 01:54:55
2022-05-31 09:57:25,2022-05-31 09:57:40,Located_Indoors, Holding_Drink,annotator,Behavioral Parameters,2022-05-31 01:54:55,2022-05-31 01:55:10
2022-05-31 09:57:40,2022-05-31 09:57:55,Located_Indoors, Holding_Drink,annotator,Behavioral Parameters,2022-05-31 01:55:10,2022-05-31 01:55:25
2022-05-31 09:57:55,2022-05-31 09:58:41,Located_Indoors, Holding_Other_Object_Light,annotator,Behavioral Parameters,2022-05-31 01:55:25,2022-05-31 01:56:11
2022-05-31 09:58:43,2022-05-31 09:58:54,Located_Indoors, Holding_Other_Object_Light,annotator,Behavioral Parameters,2022-05-31 01:56:13,2022-05-31 01:56:24
2022-05-31 09:58:54,2022-05-31 09:58:57,Located_Indoors, Holding_Other_Object_Light,annotator,Behavioral Parameters,2022-05-31 01:56:24,2022-05-31 01:56:27
2022-05-31 09:58:57,2022-05-31 09:58:58,Located_Indoors,annotator,Behavioral Parameters,2022-05-31 01:56:27,2022-05-31 01:56:28
2022-05-31 09:58:58,2022-05-31 09:59:15,Located_Indoors,annotator,Behavioral Parameters,2022-05-31 01:56:28,2022-05-31 01:56:45
2022-05-31 09:59:15,2022-05-31 09:59:29,Located_Indoors,annotator,Behavioral Parameters,2022-05-31 01:56:45,2022-05-31 01:56:59
2022-05-31 09:59:29,2022-05-31 09:59:32,Located_Indoors,annotator,Behavioral Parameters,2022-05-31 01:56:59,2022-05-31 01:57:02
2022-05-31 09:59:32,2022-05-31 09:59:37,Located_Indoors,annotator,Behavioral Parameters,2022-05-31 01:57:02,2022-05-31 01:57:07
2022-05-31 09:59:37,2022-05-31 10:00:14,Located_Indoors,annotator,Behavioral Parameters,2022-05-31 01:57:07,2022-05-31 01:57:44
2022-05-31 10:00:14,2022-05-31 10:00:31,Located_Indoors, Holding_Solid_Food,annotator,Behavioral Parameters,2022-05-31 01:57:44,2022-05-31 01:58:01
2022-05-31 10:00:31,2022-05-31 10:01:08,Located_Indoors, Holding_Other_Object_Light,annotator,Behavioral Parameters,2022-05-31 01:58:01,2022-05-31 01:58:38
2022-05-31 10:01:08,2022-05-31 10:01:19,Located_Indoors, Holding_Other_Object_Light,annotator,Behavioral Parameters,2022-05-31 01:58:38,2022-05-31 01:58:49
2022-05-31 10:01:19,2022-05-31 10:01:28,Located_Indoors, Holding_Drink,annotator,Behavioral Parameters,2022-05-31 01:58:49,2022-05-31 01:58:58
2022-05-31 10:01:28,2022-05-31 10:02:00,Located_Indoors, Holding_Solid_Food,annotator,Behavioral Parameters,2022-05-31 01:58:58,2022-05-31 01:59:30
2022-05-31 10:02:00,2022-05-31 10:02:28,Located_Indoors,annotator,Behavioral Parameters,2022-05-31 01:59:30,2022-05-31 01:59:58
2022-05-31 10:02:28,2022-05-31 10:02:36,Located_Indoors, Holding_Drink,annotator,Behavioral Parameters,2022-05-31 01:59:58,2022-05-31 02:00:06
2022-05-31 10:02:36,2022-05-31 10:02:46,Located_Indoors, Holding_Solid_Food,annotator,Behavioral Parameters,2022-05-31 02:00:06,2022-05-31 02:00:16
2022-05-31 10:02:46,2022-05-31 10:03:02,Located_Indoors,annotator,Behavioral Parameters,2022-05-31 02:00:16,2022-05-31 02:00:32
2022-05-31 10:03:02,2022-05-31 10:03:21,Located_Indoors, Holding_Solid_Food,annotator,Behavioral Parameters,2022-05-31 02:00:32,2022-05-31 02:00:51
2022-05-31 10:03:21,2022-05-31 10:03:29,Located_Indoors, Holding_Drink,annotator,Behavioral Parameters,2022-05-31 02:00:51,2022-05-31 02:00:59
2022-05-31 10:03:29,2022-05-31 10:04:40,Located_Indoors,annotator,Behavioral Parameters,2022-05-31 02:00:59,2022-05-31 02:02:10
2022-05-31 10:04:40,2022-05-31 10:05:26,Located_Indoors, Browsing_Computer,annotator,Behavioral Parameters,2022-05-31 02:02:10,2022-05-31 02:02:56
2022-05-31 10:05:26,2022-05-31 10:07:00,Located_Indoors,annotator,Behavioral Parameters,2022-05-31 02:02:56,2022-05-31 02:04:30
2022-05-31 10:07:00,2022-05-31 10:07:18,Located_Indoors, Browsing_Computer,annotator,Behavioral Parameters,2022-05-31 02:04:30,2022-05-31 02:04:48
2022-05-31 10:07:18,2022-05-31 10:08:28,BP_VideoUnavailable/Indecipherable,annotator,Behavioral Parameters,2022-05-31 02:04:48,2022-05-31 02:05:58
2022-05-31 10:08:28,2022-05-31 10:08:35,Located_Indoors, Holding_Drink,annotator,Behavioral Parameters,2022-05-31 02:05:58,2022-05-31 02:06:05
2022-05-31 10:08:35,2022-05-31 10:11:48,Located_Indoors,annotator,Behavioral Parameters,2022-05-31 02:06:05,2022-05-31 02:09:18
2022-05-31 10:11:48,2022-05-31 10:12:57,Located_Indoors, Browsing_Computer,annotator,Behavioral Parameters,2022-05-31 02:09:18,2022-05-31 02:10:27
2022-05-31 10:12:57,2022-05-31 10:13:54,Located_Indoors, Texting/Browsing_Phone,annotator,Behavioral Parameters,2022-05-31 02:10:27,2022-05-31 02:11:24
2022-05-31 10:13:54,2022-05-31 10:14:06,Located_Indoors, Browsing_Computer,annotator,Behavioral Parameters,2022-05-31 02:11:24,2022-05-31 02:11:36
2022-05-31 10:14:06,2022-05-31 10:14:50,Located_Indoors,annotator,Behavioral Parameters,2022-05-31 02:11:36,2022-05-31 02:12:20
2022-05-31 10:14:50,2022-05-31 10:15:48,Located_Indoors, Browsing_Computer,annotator,Behavioral Parameters,2022-05-31 02:12:20,2022-05-31 02:13:18
2022-05-31 10:15:48,2022-05-31 10:15:54,Located_Indoors, In_Conversation,annotator,Behavioral Parameters,2022-05-31 02:13:18,2022-05-31 02:13:24
2022-05-31 10:15:54,2022-05-31 10:16:59,Located_Indoors, Browsing_Computer,annotator,Behavioral Parameters,2022-05-31 02:13:24,2022-05-31 02:14:29
2022-05-31 10:16:59,2022-05-31 10:23:16,Located_Indoors,annotator,Behavioral Parameters,2022-05-31 02:14:29,2022-05-31 02:20:46
2022-05-31 10:23:16,2022-05-31 10:23:40,Located_Indoors, Browsing_Computer,annotator,Behavioral Parameters,2022-05-31 02:20:46,2022-05-31 02:21:10
2022-05-31 10:23:40,2022-05-31 10:32:35,Located_Indoors,annotator,Behavioral Parameters,2022-05-31 02:21:10,2022-05-31 02:30:05
2022-05-31 10:32:35,2022-05-31 10:35:34,Located_Indoors, Texting/Browsing_Phone,annotator,Behavioral Parameters,2022-05-31 02:30:05,2022-05-31 02:33:04
2022-05-31 10:35:34,2022-05-31 10:36:19,Located_Indoors, Browsing_Computer, Holding_Other_Object_Light,annotator,Behavioral Parameters,2022-05-31 02:33:04,2022-05-31 02:33:49
2022-05-31 10:36:19,2022-05-31 10:37:28,Located_Indoors, Browsing_Computer,annotator,Behavioral Parameters,2022-05-31 02:33:49,2022-05-31 02:34:58
2022-05-31 10:37:28,2022-05-31 10:38:44,Located_Indoors,annotator,Behavioral Parameters,2022-05-31 02:34:58,2022-05-31 02:36:14
2022-05-31 10:38:44,2022-05-31 10:39:36,Located_Indoors, Browsing_Computer,annotator,Behavioral Parameters,2022-05-31 02:36:14,2022-05-31 02:37:06
2022-05-31 10:39:36,2022-05-31 10:42:39,Located_Indoors,annotator,Behavioral Parameters,2022-05-31 02:37:06,2022-05-31 02:40:09
2022-05-31 10:42:39,2022-05-31 10:44:01,Located_Indoors, Browsing_Computer,annotator,Behavioral Parameters,2022-05-31 02:40:09,2022-05-31 02:41:31
2022-05-31 10:44:01,2022-05-31 10:44:23,Located_Indoors,annotator,Behavioral Parameters,2022-05-31 02:41:31,2022-05-31 02:41:53
2022-05-31 10:44:23,2022-05-31 10:45:03,Located_Indoors, Browsing_Computer,annotator,Behavioral Parameters,2022-05-31 02:41:53,2022-05-31 02:42:33
2022-05-31 10:45:03,2022-05-31 10:53:40,Located_Indoors,annotator,Behavioral Parameters,2022-05-31 02:42:33,2022-05-31 02:51:10
2022-05-31 10:53:40,2022-05-31 10:54:07,Located_Indoors, Browsing_Computer,annotator,Behavioral Parameters,2022-05-31 02:51:10,2022-05-31 02:51:37
2022-05-31 10:54:07,2022-05-31 10:54:50,Located_Indoors,annotator,Behavioral Parameters,2022-05-31 02:51:37,2022-05-31 02:52:20
2022-05-31 10:54:50,2022-05-31 10:55:31,Located_Indoors, Browsing_Computer,annotator,Behavioral Parameters,2022-05-31 02:52:20,2022-05-31 02:53:01
2022-05-31 10:55:31,2022-05-31 10:55:43,Located_Indoors, Texting/Browsing_Phone,annotator,Behavioral Parameters,2022-05-31 02:53:01,2022-05-31 02:53:13
2022-05-31 10:55:43,2022-05-31 10:57:50,Located_Indoors,annotator,Behavioral Parameters,2022-05-31 02:53:13,2022-05-31 02:55:20
2022-05-31 10:57:50,2022-05-31 10:58:09,Located_Indoors, Browsing_Computer,annotator,Behavioral Parameters,2022-05-31 02:55:20,2022-05-31 02:55:39
2022-05-31 10:58:09,2022-05-31 10:59:10,Located_Indoors, Texting/Browsing_Phone,annotator,Behavioral Parameters,2022-05-31 02:55:39,2022-05-31 02:56:40
2022-05-31 10:59:10,2022-05-31 11:01:08,Located_Indoors,annotator,Behavioral Parameters,2022-05-31 02:56:40,2022-05-31 02:58:38
2022-05-31 11:01:08,2022-05-31 11:04:15,Located_Indoors, Browsing_Computer,annotator,Behavioral Parameters,2022-05-31 02:58:38,2022-05-31 03:01:45
2022-05-31 11:04:15,2022-05-31 11:04:20,Located_Indoors,annotator,Behavioral Parameters,2022-05-31 03:01:45,2022-05-31 03:01:50
2022-05-31 11:04:20,2022-05-31 11:06:28,Located_Indoors,annotator,Behavioral Parameters,2022-05-31 03:01:50,2022-05-31 03:03:58
2022-05-31 11:06:28,2022-05-31 11:06:55,Located_Indoors, Texting/Browsing_Phone,annotator,Behavioral Parameters,2022-05-31 03:03:58,2022-05-31 03:04:25
2022-05-31 11:06:55,2022-05-31 11:08:46,Located_Indoors,annotator,Behavioral Parameters,2022-05-31 03:04:25,2022-05-31 03:06:16
2022-05-31 11:08:46,2022-05-31 11:11:03,Located_Indoors, Texting/Browsing_Phone,annotator,Behavioral Parameters,2022-05-31 03:06:16,2022-05-31 03:08:33
2022-05-31 11:11:03,2022-05-31 11:11:20,Located_Indoors,annotator,Behavioral Parameters,2022-05-31 03:08:33,2022-05-31 03:08:50
2022-05-31 11:11:20,2022-05-31 11:13:16,Located_Indoors, Texting/Browsing_Phone,annotator,Behavioral Parameters,2022-05-31 03:08:50,2022-05-31 03:10:46
2022-05-31 11:13:16,2022-05-31 11:13:33,Located_Indoors, Browsing_Computer,annotator,Behavioral Parameters,2022-05-31 03:10:46,2022-05-31 03:11:03
2022-05-31 11:13:33,2022-05-31 11:35:13,BP_VideoUnavailable/Indecipherable,annotator,Behavioral Parameters,2022-05-31 03:11:03,2022-05-31 03:32:43
2022-05-31 11:35:13,2022-05-31 11:43:04,Located_Indoors, Texting/Browsing_Phone,annotator,Behavioral Parameters,2022-05-31 03:32:43,2022-05-31 03:40:34
2022-05-31 11:43:04,2022-05-31 11:43:44,Located_Indoors, Holding_Other_Object_Light,annotator,Behavioral Parameters,2022-05-31 03:40:34,2022-05-31 03:41:14
2022-05-31 11:43:44,2022-05-31 11:51:42,Located_Indoors, Texting/Browsing_Phone,annotator,Behavioral Parameters,2022-05-31 03:41:14,2022-05-31 03:49:12
2022-05-31 11:51:42,2022-05-31 11:57:11,Located_Indoors, Texting/Browsing_Phone,annotator,Behavioral Parameters,2022-05-31 03:49:12,2022-05-31 03:54:41
2022-05-31 11:57:11,2022-05-31 11:57:31,Located_Indoors, Texting/Browsing_Phone,annotator,Behavioral Parameters,2022-05-31 03:54:41,2022-05-31 03:55:01
2022-05-31 11:57:31,2022-05-31 12:07:07,Located_Indoors, Texting/Browsing_Phone,annotator,Behavioral Parameters,2022-05-31 03:55:01,2022-05-31 04:04:37
