START_TIME,STOP_TIME,PREDICTION,SOURCE,LABELSET,VIDEO_START_TIME,VIDEO_END_TIME
2021-11-03 06:56:31,2021-11-03 06:56:52,Free_Living,annotator,Experimental situation,2021-11-03 00:00:00,2021-11-03 00:00:21
2021-11-03 06:56:52,2021-11-03 06:56:57,Free_Living,annotator,Experimental situation,2021-11-03 00:00:21,2021-11-03 00:00:26
2021-11-03 06:56:57,2021-11-03 06:57:16,Free_Living,annotator,Experimental situation,2021-11-03 00:00:26,2021-11-03 00:00:45
2021-11-03 06:57:16,2021-11-03 06:57:21,Free_Living,annotator,Experimental situation,2021-11-03 00:00:45,2021-11-03 00:00:50
2021-11-03 06:57:21,2021-11-03 06:58:17,Free_Living,annotator,Experimental situation,2021-11-03 00:00:50,2021-11-03 00:01:46
2021-11-03 06:58:17,2021-11-03 07:17:54,Free_Living,annotator,Experimental situation,2021-11-03 00:01:46,2021-11-03 00:21:23
2021-11-03 07:17:54,2021-11-03 07:18:16,Free_Living,annotator,Experimental situation,2021-11-03 00:21:23,2021-11-03 00:21:45
2021-11-03 07:18:16,2021-11-03 07:18:54,Free_Living,annotator,Experimental situation,2021-11-03 00:21:45,2021-11-03 00:22:23
2021-11-03 07:18:54,2021-11-03 07:18:59,Free_Living,annotator,Experimental situation,2021-11-03 00:22:23,2021-11-03 00:22:28
2021-11-03 07:18:59,2021-11-03 07:19:21,Free_Living,annotator,Experimental situation,2021-11-03 00:22:28,2021-11-03 00:22:50
2021-11-03 07:19:21,2021-11-03 07:19:38,Free_Living,annotator,Experimental situation,2021-11-03 00:22:50,2021-11-03 00:23:07
2021-11-03 07:19:38,2021-11-03 07:19:50,Free_Living,annotator,Experimental situation,2021-11-03 00:23:07,2021-11-03 00:23:19
2021-11-03 07:19:50,2021-11-03 07:19:57,Free_Living,annotator,Experimental situation,2021-11-03 00:23:19,2021-11-03 00:23:26
2021-11-03 07:19:57,2021-11-03 07:20:03,Free_Living,annotator,Experimental situation,2021-11-03 00:23:26,2021-11-03 00:23:32
2021-11-03 07:20:03,2021-11-03 07:20:39,Free_Living,annotator,Experimental situation,2021-11-03 00:23:32,2021-11-03 00:24:08
2021-11-03 07:20:39,2021-11-03 07:36:05,Free_Living,annotator,Experimental situation,2021-11-03 00:24:08,2021-11-03 00:39:34
2021-11-03 07:36:05,2021-11-03 07:36:41,Free_Living,annotator,Experimental situation,2021-11-03 00:39:34,2021-11-03 00:40:10
2021-11-03 07:36:41,2021-11-03 07:36:45,Free_Living,annotator,Experimental situation,2021-11-03 00:40:10,2021-11-03 00:40:14
2021-11-03 07:36:45,2021-11-03 07:36:52,Free_Living,annotator,Experimental situation,2021-11-03 00:40:14,2021-11-03 00:40:21
2021-11-03 07:36:52,2021-11-03 07:37:07,Free_Living,annotator,Experimental situation,2021-11-03 00:40:21,2021-11-03 00:40:36
2021-11-03 07:37:08,2021-11-03 07:37:31,Free_Living,annotator,Experimental situation,2021-11-03 00:40:37,2021-11-03 00:41:00
2021-11-03 07:37:31,2021-11-03 07:37:58,Free_Living,annotator,Experimental situation,2021-11-03 00:41:00,2021-11-03 00:41:27
2021-11-03 07:37:58,2021-11-03 07:38:29,Free_Living,annotator,Experimental situation,2021-11-03 00:41:27,2021-11-03 00:41:58
2021-11-03 07:38:29,2021-11-03 07:38:42,Free_Living,annotator,Experimental situation,2021-11-03 00:41:58,2021-11-03 00:42:11
2021-11-03 07:38:42,2021-11-03 07:38:45,Free_Living,annotator,Experimental situation,2021-11-03 00:42:11,2021-11-03 00:42:14
2021-11-03 07:38:45,2021-11-03 07:39:11,Free_Living,annotator,Experimental situation,2021-11-03 00:42:14,2021-11-03 00:42:40
2021-11-03 07:39:11,2021-11-03 07:39:26,Free_Living,annotator,Experimental situation,2021-11-03 00:42:40,2021-11-03 00:42:55
2021-11-03 07:39:26,2021-11-03 07:40:56,Free_Living,annotator,Experimental situation,2021-11-03 00:42:55,2021-11-03 00:44:25
2021-11-03 07:40:56,2021-11-03 07:45:12,Free_Living,annotator,Experimental situation,2021-11-03 00:44:25,2021-11-03 00:48:41
2021-11-03 07:45:12,2021-11-03 07:46:42,Free_Living,annotator,Experimental situation,2021-11-03 00:48:41,2021-11-03 00:50:11
2021-11-03 07:46:42,2021-11-03 07:46:50,Free_Living,annotator,Experimental situation,2021-11-03 00:50:11,2021-11-03 00:50:19
2021-11-03 07:46:50,2021-11-03 07:47:03,Free_Living,annotator,Experimental situation,2021-11-03 00:50:19,2021-11-03 00:50:32
2021-11-03 07:47:03,2021-11-03 07:47:37,Free_Living,annotator,Experimental situation,2021-11-03 00:50:32,2021-11-03 00:51:06
2021-11-03 07:47:37,2021-11-03 07:48:40,Free_Living,annotator,Experimental situation,2021-11-03 00:51:06,2021-11-03 00:52:09
2021-11-03 07:48:40,2021-11-03 07:49:52,Free_Living,annotator,Experimental situation,2021-11-03 00:52:09,2021-11-03 00:53:21
2021-11-03 07:49:52,2021-11-03 07:50:38,Free_Living,annotator,Experimental situation,2021-11-03 00:53:21,2021-11-03 00:54:07
2021-11-03 07:50:38,2021-11-03 07:50:49,Free_Living,annotator,Experimental situation,2021-11-03 00:54:07,2021-11-03 00:54:18
2021-11-03 07:50:49,2021-11-03 07:50:56,Free_Living,annotator,Experimental situation,2021-11-03 00:54:18,2021-11-03 00:54:25
2021-11-03 07:50:56,2021-11-03 07:51:33,Free_Living,annotator,Experimental situation,2021-11-03 00:54:25,2021-11-03 00:55:02
2021-11-03 07:51:33,2021-11-03 07:51:42,Free_Living,annotator,Experimental situation,2021-11-03 00:55:02,2021-11-03 00:55:11
2021-11-03 07:51:42,2021-11-03 07:52:10,Free_Living,annotator,Experimental situation,2021-11-03 00:55:11,2021-11-03 00:55:39
2021-11-03 07:52:10,2021-11-03 07:52:42,Free_Living,annotator,Experimental situation,2021-11-03 00:55:39,2021-11-03 00:56:11
2021-11-03 07:52:42,2021-11-03 07:54:05,Free_Living,annotator,Experimental situation,2021-11-03 00:56:11,2021-11-03 00:57:34
2021-11-03 07:54:05,2021-11-03 07:55:43,Free_Living,annotator,Experimental situation,2021-11-03 00:57:34,2021-11-03 00:59:12
2021-11-03 07:55:43,2021-11-03 08:02:59,Free_Living,annotator,Experimental situation,2021-11-03 00:59:12,2021-11-03 01:06:28
2021-11-03 08:02:59,2021-11-03 08:04:47,Free_Living,annotator,Experimental situation,2021-11-03 01:06:28,2021-11-03 01:08:16
2021-11-03 08:04:47,2021-11-03 08:24:08,Free_Living,annotator,Experimental situation,2021-11-03 01:08:16,2021-11-03 01:27:37
2021-11-03 08:24:08,2021-11-03 08:27:09,Free_Living,annotator,Experimental situation,2021-11-03 01:27:37,2021-11-03 01:30:38
2021-11-03 08:27:09,2021-11-03 08:27:14,Free_Living,annotator,Experimental situation,2021-11-03 01:30:38,2021-11-03 01:30:43
2021-11-03 08:27:14,2021-11-03 08:28:11,Free_Living,annotator,Experimental situation,2021-11-03 01:30:43,2021-11-03 01:31:40
2021-11-03 08:28:11,2021-11-03 08:28:54,Free_Living,annotator,Experimental situation,2021-11-03 01:31:40,2021-11-03 01:32:23
2021-11-03 08:28:54,2021-11-03 08:29:39,Free_Living,annotator,Experimental situation,2021-11-03 01:32:23,2021-11-03 01:33:08
2021-11-03 08:29:39,2021-11-03 08:29:51,Free_Living,annotator,Experimental situation,2021-11-03 01:33:08,2021-11-03 01:33:20
2021-11-03 08:29:51,2021-11-03 08:30:00,Free_Living,annotator,Experimental situation,2021-11-03 01:33:20,2021-11-03 01:33:29
2021-11-03 08:30:00,2021-11-03 08:30:47,Free_Living,annotator,Experimental situation,2021-11-03 01:33:29,2021-11-03 01:34:16
2021-11-03 08:30:47,2021-11-03 08:31:17,Free_Living,annotator,Experimental situation,2021-11-03 01:34:16,2021-11-03 01:34:46
2021-11-03 08:31:17,2021-11-03 08:32:09,Free_Living,annotator,Experimental situation,2021-11-03 01:34:46,2021-11-03 01:35:38
2021-11-03 08:32:10,2021-11-03 08:32:14,Free_Living,annotator,Experimental situation,2021-11-03 01:35:39,2021-11-03 01:35:43
2021-11-03 08:32:14,2021-11-03 08:32:18,Free_Living,annotator,Experimental situation,2021-11-03 01:35:43,2021-11-03 01:35:47
2021-11-03 08:32:18,2021-11-03 08:32:22,Free_Living,annotator,Experimental situation,2021-11-03 01:35:47,2021-11-03 01:35:51
2021-11-03 08:32:22,2021-11-03 08:38:14,Free_Living,annotator,Experimental situation,2021-11-03 01:35:51,2021-11-03 01:41:43
2021-11-03 08:38:14,2021-11-03 08:38:17,Free_Living,annotator,Experimental situation,2021-11-03 01:41:43,2021-11-03 01:41:46
2021-11-03 08:38:17,2021-11-03 08:38:19,Free_Living,annotator,Experimental situation,2021-11-03 01:41:46,2021-11-03 01:41:48
2021-11-03 08:38:19,2021-11-03 08:38:21,Free_Living,annotator,Experimental situation,2021-11-03 01:41:48,2021-11-03 01:41:50
2021-11-03 08:38:21,2021-11-03 08:38:24,Free_Living,annotator,Experimental situation,2021-11-03 01:41:50,2021-11-03 01:41:53
2021-11-03 08:38:25,2021-11-03 08:38:56,Free_Living,annotator,Experimental situation,2021-11-03 01:41:54,2021-11-03 01:42:25
2021-11-03 08:38:56,2021-11-03 08:39:14,Free_Living,annotator,Experimental situation,2021-11-03 01:42:25,2021-11-03 01:42:43
2021-11-03 08:39:14,2021-11-03 08:39:16,Free_Living,annotator,Experimental situation,2021-11-03 01:42:43,2021-11-03 01:42:45
2021-11-03 08:39:16,2021-11-03 08:39:22,Free_Living,annotator,Experimental situation,2021-11-03 01:42:45,2021-11-03 01:42:51
2021-11-03 08:39:22,2021-11-03 08:39:30,Free_Living,annotator,Experimental situation,2021-11-03 01:42:51,2021-11-03 01:42:59
2021-11-03 08:39:30,2021-11-03 08:39:38,Free_Living,annotator,Experimental situation,2021-11-03 01:42:59,2021-11-03 01:43:07
2021-11-03 08:39:38,2021-11-03 08:39:46,Free_Living,annotator,Experimental situation,2021-11-03 01:43:07,2021-11-03 01:43:15
2021-11-03 08:39:46,2021-11-03 08:40:22,Free_Living,annotator,Experimental situation,2021-11-03 01:43:15,2021-11-03 01:43:51
2021-11-03 08:40:22,2021-11-03 08:41:16,Free_Living,annotator,Experimental situation,2021-11-03 01:43:51,2021-11-03 01:44:45
2021-11-03 08:41:16,2021-11-03 08:41:28,Free_Living,annotator,Experimental situation,2021-11-03 01:44:45,2021-11-03 01:44:57
2021-11-03 08:41:28,2021-11-03 08:41:45,Free_Living,annotator,Experimental situation,2021-11-03 01:44:57,2021-11-03 01:45:14
2021-11-03 08:41:45,2021-11-03 08:42:01,Free_Living,annotator,Experimental situation,2021-11-03 01:45:14,2021-11-03 01:45:30
2021-11-03 08:42:02,2021-11-03 08:42:20,Free_Living,annotator,Experimental situation,2021-11-03 01:45:31,2021-11-03 01:45:49
2021-11-03 08:42:20,2021-11-03 08:42:31,Free_Living,annotator,Experimental situation,2021-11-03 01:45:49,2021-11-03 01:46:00
2021-11-03 08:42:31,2021-11-03 08:42:37,Free_Living,annotator,Experimental situation,2021-11-03 01:46:00,2021-11-03 01:46:06
2021-11-03 08:42:37,2021-11-03 08:43:44,Free_Living,annotator,Experimental situation,2021-11-03 01:46:06,2021-11-03 01:47:13
2021-11-03 08:43:45,2021-11-03 08:44:05,Free_Living,annotator,Experimental situation,2021-11-03 01:47:14,2021-11-03 01:47:34
2021-11-03 08:44:05,2021-11-03 08:44:49,Free_Living,annotator,Experimental situation,2021-11-03 01:47:34,2021-11-03 01:48:18
2021-11-03 08:44:50,2021-11-03 08:45:04,Free_Living,annotator,Experimental situation,2021-11-03 01:48:19,2021-11-03 01:48:33
2021-11-03 08:45:05,2021-11-03 08:45:15,Free_Living,annotator,Experimental situation,2021-11-03 01:48:34,2021-11-03 01:48:44
2021-11-03 08:45:16,2021-11-03 08:45:29,Free_Living,annotator,Experimental situation,2021-11-03 01:48:45,2021-11-03 01:48:58
2021-11-03 08:45:30,2021-11-03 08:46:42,Free_Living,annotator,Experimental situation,2021-11-03 01:48:59,2021-11-03 01:50:11
2021-11-03 08:46:43,2021-11-03 08:46:57,Free_Living,annotator,Experimental situation,2021-11-03 01:50:12,2021-11-03 01:50:26
2021-11-03 08:47:02,2021-11-03 08:49:25,Free_Living,annotator,Experimental situation,2021-11-03 01:50:31,2021-11-03 01:52:54
2021-11-03 08:49:26,2021-11-03 08:55:05,Free_Living,annotator,Experimental situation,2021-11-03 01:52:55,2021-11-03 01:58:34
2021-11-03 08:55:06,2021-11-03 08:55:30,Free_Living,annotator,Experimental situation,2021-11-03 01:58:35,2021-11-03 01:58:59
2021-11-03 08:55:32,2021-11-03 08:56:10,Free_Living,annotator,Experimental situation,2021-11-03 01:59:01,2021-11-03 01:59:39
2021-11-03 08:56:11,2021-11-03 08:56:23,Free_Living,annotator,Experimental situation,2021-11-03 01:59:40,2021-11-03 01:59:52
2021-11-03 08:56:25,2021-11-03 08:57:47,Free_Living,annotator,Experimental situation,2021-11-03 01:59:54,2021-11-03 02:01:16
2021-11-03 08:57:49,2021-11-03 09:25:31,Free_Living,annotator,Experimental situation,2021-11-03 02:01:18,2021-11-03 02:29:00
2021-11-03 09:25:34,2021-11-03 09:26:06,Free_Living,annotator,Experimental situation,2021-11-03 02:29:03,2021-11-03 02:29:35
2021-11-03 09:26:08,2021-11-03 09:29:24,Free_Living,annotator,Experimental situation,2021-11-03 02:29:37,2021-11-03 02:32:53
2021-11-03 09:29:25,2021-11-03 09:29:45,Free_Living,annotator,Experimental situation,2021-11-03 02:32:54,2021-11-03 02:33:14
2021-11-03 09:29:46,2021-11-03 09:32:51,Free_Living,annotator,Experimental situation,2021-11-03 02:33:15,2021-11-03 02:36:20
2021-11-03 09:32:53,2021-11-03 09:38:15,Free_Living,annotator,Experimental situation,2021-11-03 02:36:22,2021-11-03 02:41:44
2021-11-03 09:38:18,2021-11-03 09:42:53,Free_Living,annotator,Experimental situation,2021-11-03 02:41:47,2021-11-03 02:46:22
2021-11-03 09:43:00,2021-11-03 10:32:39,Free_Living,annotator,Experimental situation,2021-11-03 02:46:29,2021-11-03 03:36:08
2021-11-03 10:32:42,2021-11-03 10:48:15,Free_Living,annotator,Experimental situation,2021-11-03 03:36:11,2021-11-03 03:51:44
2021-11-03 10:48:18,2021-11-03 10:49:01,Free_Living,annotator,Experimental situation,2021-11-03 03:51:47,2021-11-03 03:52:30
2021-11-03 10:49:01,2021-11-03 10:52:35,Free_Living,annotator,Experimental situation,2021-11-03 03:52:30,2021-11-03 03:56:04
2021-11-03 10:52:36,2021-11-03 10:53:30,Free_Living,annotator,Experimental situation,2021-11-03 03:56:05,2021-11-03 03:56:59
2021-11-03 10:53:31,2021-11-03 10:54:34,Free_Living,annotator,Experimental situation,2021-11-03 03:57:00,2021-11-03 03:58:03
2021-11-03 10:54:35,2021-11-03 10:54:54,Free_Living,annotator,Experimental situation,2021-11-03 03:58:04,2021-11-03 03:58:23
2021-11-03 10:54:55,2021-11-03 10:54:57,Free_Living,annotator,Experimental situation,2021-11-03 03:58:24,2021-11-03 03:58:26
2021-11-03 10:54:58,2021-11-03 10:55:29,Free_Living,annotator,Experimental situation,2021-11-03 03:58:27,2021-11-03 03:58:58
2021-11-03 10:55:32,2021-11-03 10:55:40,Free_Living,annotator,Experimental situation,2021-11-03 03:59:01,2021-11-03 03:59:09
2021-11-03 10:55:41,2021-11-03 10:57:53,Free_Living,annotator,Experimental situation,2021-11-03 03:59:10,2021-11-03 04:01:22
2021-11-03 10:57:54,2021-11-03 10:58:29,Free_Living,annotator,Experimental situation,2021-11-03 04:01:23,2021-11-03 04:01:58
2021-11-03 10:58:31,2021-11-03 10:58:42,Free_Living,annotator,Experimental situation,2021-11-03 04:02:00,2021-11-03 04:02:11
2021-11-03 10:58:43,2021-11-03 10:58:56,Free_Living,annotator,Experimental situation,2021-11-03 04:02:12,2021-11-03 04:02:25
2021-11-03 10:58:58,2021-11-03 11:06:04,Free_Living,annotator,Experimental situation,2021-11-03 04:02:27,2021-11-03 04:09:33
2021-11-03 11:06:06,2021-11-03 11:07:22,Free_Living,annotator,Experimental situation,2021-11-03 04:09:35,2021-11-03 04:10:51
2021-11-03 11:07:23,2021-11-03 11:10:06,Free_Living,annotator,Experimental situation,2021-11-03 04:10:52,2021-11-03 04:13:35
2021-11-03 11:10:06,2021-11-03 11:10:56,Free_Living,annotator,Experimental situation,2021-11-03 04:13:35,2021-11-03 04:14:25
2021-11-03 11:10:57,2021-11-03 11:12:32,Free_Living,annotator,Experimental situation,2021-11-03 04:14:26,2021-11-03 04:16:01
2021-11-03 11:12:34,2021-11-03 11:14:02,Free_Living,annotator,Experimental situation,2021-11-03 04:16:03,2021-11-03 04:17:31
2021-11-03 11:14:03,2021-11-03 11:15:33,Free_Living,annotator,Experimental situation,2021-11-03 04:17:32,2021-11-03 04:19:02
2021-11-03 11:15:34,2021-11-03 11:16:15,Free_Living,annotator,Experimental situation,2021-11-03 04:19:03,2021-11-03 04:19:44
2021-11-03 11:16:16,2021-11-03 11:16:29,Free_Living,annotator,Experimental situation,2021-11-03 04:19:45,2021-11-03 04:19:58
2021-11-03 11:16:30,2021-11-03 11:16:58,Free_Living,annotator,Experimental situation,2021-11-03 04:19:59,2021-11-03 04:20:27
2021-11-03 11:16:59,2021-11-03 11:47:01,Free_Living,annotator,Experimental situation,2021-11-03 04:20:28,2021-11-03 04:50:30
2021-11-03 11:47:01,2021-11-03 11:47:04,Free_Living,annotator,Experimental situation,2021-11-03 04:50:30,2021-11-03 04:50:33
2021-11-03 11:47:05,2021-11-03 11:47:15,Free_Living,annotator,Experimental situation,2021-11-03 04:50:34,2021-11-03 04:50:44
2021-11-03 11:47:15,2021-11-03 11:47:23,Free_Living,annotator,Experimental situation,2021-11-03 04:50:44,2021-11-03 04:50:52
2021-11-03 11:47:25,2021-11-03 11:48:24,Free_Living,annotator,Experimental situation,2021-11-03 04:50:54,2021-11-03 04:51:53
2021-11-03 11:48:25,2021-11-03 12:36:54,Free_Living,annotator,Experimental situation,2021-11-03 04:51:54,2021-11-03 05:40:23
2021-11-03 12:36:55,2021-11-03 12:37:07,Free_Living,annotator,Experimental situation,2021-11-03 05:40:24,2021-11-03 05:40:36
2021-11-03 12:37:08,2021-11-03 12:37:45,Free_Living,annotator,Experimental situation,2021-11-03 05:40:37,2021-11-03 05:41:14
2021-11-03 12:37:49,2021-11-03 12:42:02,Free_Living,annotator,Experimental situation,2021-11-03 05:41:18,2021-11-03 05:45:31
2021-11-03 12:42:02,2021-11-03 12:45:51,Free_Living,annotator,Experimental situation,2021-11-03 05:45:31,2021-11-03 05:49:20
2021-11-03 12:45:53,2021-11-03 12:50:17,Free_Living,annotator,Experimental situation,2021-11-03 05:49:22,2021-11-03 05:53:46
2021-11-03 12:50:18,2021-11-03 12:50:55,Free_Living,annotator,Experimental situation,2021-11-03 05:53:47,2021-11-03 05:54:24
2021-11-03 12:50:55,2021-11-03 12:51:13,Free_Living,annotator,Experimental situation,2021-11-03 05:54:24,2021-11-03 05:54:42
2021-11-03 12:51:14,2021-11-03 12:51:45,Free_Living,annotator,Experimental situation,2021-11-03 05:54:43,2021-11-03 05:55:14
2021-11-03 12:51:46,2021-11-03 12:52:14,Free_Living,annotator,Experimental situation,2021-11-03 05:55:15,2021-11-03 05:55:43
2021-11-03 12:52:14,2021-11-03 12:53:55,Free_Living,annotator,Experimental situation,2021-11-03 05:55:43,2021-11-03 05:57:24
2021-11-03 12:53:56,2021-11-03 12:54:00,Free_Living,annotator,Experimental situation,2021-11-03 05:57:25,2021-11-03 05:57:29
2021-11-03 12:54:00,2021-11-03 12:54:07,Free_Living,annotator,Experimental situation,2021-11-03 05:57:29,2021-11-03 05:57:36
2021-11-03 12:54:08,2021-11-03 12:54:42,Free_Living,annotator,Experimental situation,2021-11-03 05:57:37,2021-11-03 05:58:11
2021-11-03 12:54:43,2021-11-03 12:55:11,Free_Living,annotator,Experimental situation,2021-11-03 05:58:12,2021-11-03 05:58:40
2021-11-03 12:55:13,2021-11-03 12:55:54,Free_Living,annotator,Experimental situation,2021-11-03 05:58:42,2021-11-03 05:59:23
2021-11-03 12:55:55,2021-11-03 13:08:35,Free_Living,annotator,Experimental situation,2021-11-03 05:59:24,2021-11-03 06:12:04
2021-11-03 13:08:36,2021-11-03 13:14:51,Free_Living,annotator,Experimental situation,2021-11-03 06:12:05,2021-11-03 06:18:20
2021-11-03 13:14:53,2021-11-03 13:18:07,Free_Living,annotator,Experimental situation,2021-11-03 06:18:22,2021-11-03 06:21:36
2021-11-03 13:18:08,2021-11-03 13:18:47,Free_Living,annotator,Experimental situation,2021-11-03 06:21:37,2021-11-03 06:22:16
2021-11-03 13:18:47,2021-11-03 13:19:16,Free_Living,annotator,Experimental situation,2021-11-03 06:22:16,2021-11-03 06:22:45
2021-11-03 13:19:16,2021-11-03 13:21:41,Free_Living,annotator,Experimental situation,2021-11-03 06:22:45,2021-11-03 06:25:10
2021-11-03 13:21:41,2021-11-03 13:22:51,Free_Living,annotator,Experimental situation,2021-11-03 06:25:10,2021-11-03 06:26:20
2021-11-03 13:22:51,2021-11-03 13:23:17,Free_Living,annotator,Experimental situation,2021-11-03 06:26:20,2021-11-03 06:26:46
2021-11-03 13:23:17,2021-11-03 13:40:32,Free_Living,annotator,Experimental situation,2021-11-03 06:26:46,2021-11-03 06:44:01
2021-11-03 13:40:32,2021-11-03 13:41:12,Free_Living,annotator,Experimental situation,2021-11-03 06:44:01,2021-11-03 06:44:41
2021-11-03 13:41:12,2021-11-03 13:47:22,Free_Living,annotator,Experimental situation,2021-11-03 06:44:41,2021-11-03 06:50:51
2021-11-03 13:47:22,2021-11-03 14:00:55,Free_Living,annotator,Experimental situation,2021-11-03 06:50:51,2021-11-03 07:04:24
2021-11-03 14:00:55,2021-11-03 14:47:44,Free_Living,annotator,Experimental situation,2021-11-03 07:04:24,2021-11-03 07:51:13
2021-11-03 14:47:44,2021-11-03 14:49:45,Free_Living,annotator,Experimental situation,2021-11-03 07:51:13,2021-11-03 07:53:14
2021-11-03 14:49:45,2021-11-03 15:01:59,Free_Living,annotator,Experimental situation,2021-11-03 07:53:14,2021-11-03 08:05:28
2021-11-03 15:01:59,2021-11-03 15:03:38,Free_Living,annotator,Experimental situation,2021-11-03 08:05:28,2021-11-03 08:07:07
2021-11-03 15:03:38,2021-11-03 15:09:38,Free_Living,annotator,Experimental situation,2021-11-03 08:07:07,2021-11-03 08:13:07
2021-11-03 15:09:38,2021-11-03 15:10:15,Free_Living,annotator,Experimental situation,2021-11-03 08:13:07,2021-11-03 08:13:44
2021-11-03 15:10:15,2021-11-03 15:10:24,Free_Living,annotator,Experimental situation,2021-11-03 08:13:44,2021-11-03 08:13:53
2021-11-03 15:10:24,2021-11-03 15:10:41,Free_Living,annotator,Experimental situation,2021-11-03 08:13:53,2021-11-03 08:14:10
2021-11-03 15:10:41,2021-11-03 15:20:23,Free_Living,annotator,Experimental situation,2021-11-03 08:14:10,2021-11-03 08:23:52
2021-11-03 15:20:23,2021-11-03 15:21:10,Free_Living,annotator,Experimental situation,2021-11-03 08:23:52,2021-11-03 08:24:39
2021-11-03 15:21:10,2021-11-03 15:21:38,Free_Living,annotator,Experimental situation,2021-11-03 08:24:39,2021-11-03 08:25:07
2021-11-03 15:21:38,2021-11-03 15:23:34,Free_Living,annotator,Experimental situation,2021-11-03 08:25:07,2021-11-03 08:27:03
2021-11-03 15:23:34,2021-11-03 15:24:43,Free_Living,annotator,Experimental situation,2021-11-03 08:27:03,2021-11-03 08:28:12
2021-11-03 15:24:43,2021-11-03 15:37:54,Free_Living,annotator,Experimental situation,2021-11-03 08:28:12,2021-11-03 08:41:23
2021-11-03 15:37:54,2021-11-03 15:39:00,Free_Living,annotator,Experimental situation,2021-11-03 08:41:23,2021-11-03 08:42:29
2021-11-03 15:39:01,2021-11-03 15:40:25,Free_Living,annotator,Experimental situation,2021-11-03 08:42:30,2021-11-03 08:43:54
2021-11-03 15:40:25,2021-11-03 15:40:41,Free_Living,annotator,Experimental situation,2021-11-03 08:43:54,2021-11-03 08:44:10
2021-11-03 15:40:41,2021-11-03 15:43:28,Free_Living,annotator,Experimental situation,2021-11-03 08:44:10,2021-11-03 08:46:57
2021-11-03 15:43:28,2021-11-03 15:44:19,Free_Living,annotator,Experimental situation,2021-11-03 08:46:57,2021-11-03 08:47:48
2021-11-03 15:44:21,2021-11-03 15:47:03,Free_Living,annotator,Experimental situation,2021-11-03 08:47:50,2021-11-03 08:50:32
2021-11-03 15:47:03,2021-11-03 15:47:16,Free_Living,annotator,Experimental situation,2021-11-03 08:50:32,2021-11-03 08:50:45
2021-11-03 15:47:16,2021-11-03 15:47:23,Free_Living,annotator,Experimental situation,2021-11-03 08:50:45,2021-11-03 08:50:52
2021-11-03 15:47:23,2021-11-03 15:47:39,Free_Living,annotator,Experimental situation,2021-11-03 08:50:52,2021-11-03 08:51:08
2021-11-03 15:47:39,2021-11-03 15:52:51,Free_Living,annotator,Experimental situation,2021-11-03 08:51:08,2021-11-03 08:56:20
2021-11-03 15:52:51,2021-11-03 15:53:00,Free_Living,annotator,Experimental situation,2021-11-03 08:56:20,2021-11-03 08:56:29
2021-11-03 15:53:00,2021-11-03 15:53:21,Free_Living,annotator,Experimental situation,2021-11-03 08:56:29,2021-11-03 08:56:50
2021-11-03 15:53:21,2021-11-03 16:02:52,Free_Living,annotator,Experimental situation,2021-11-03 08:56:50,2021-11-03 09:06:21
2021-11-03 16:02:53,2021-11-03 16:03:47,Free_Living,annotator,Experimental situation,2021-11-03 09:06:22,2021-11-03 09:07:16
2021-11-03 16:03:47,2021-11-03 16:04:03,Free_Living,annotator,Experimental situation,2021-11-03 09:07:16,2021-11-03 09:07:32
2021-11-03 16:04:03,2021-11-03 16:04:28,Free_Living,annotator,Experimental situation,2021-11-03 09:07:32,2021-11-03 09:07:57
2021-11-03 16:04:28,2021-11-03 16:04:44,Free_Living,annotator,Experimental situation,2021-11-03 09:07:57,2021-11-03 09:08:13
2021-11-03 16:04:44,2021-11-03 16:05:50,Free_Living,annotator,Experimental situation,2021-11-03 09:08:13,2021-11-03 09:09:19
2021-11-03 16:05:50,2021-11-03 16:06:32,Free_Living,annotator,Experimental situation,2021-11-03 09:09:19,2021-11-03 09:10:01
2021-11-03 16:06:32,2021-11-03 16:10:46,Free_Living,annotator,Experimental situation,2021-11-03 09:10:01,2021-11-03 09:14:15
2021-11-03 16:10:46,2021-11-03 16:12:12,Free_Living,annotator,Experimental situation,2021-11-03 09:14:15,2021-11-03 09:15:41
2021-11-03 16:12:12,2021-11-03 16:12:41,Free_Living,annotator,Experimental situation,2021-11-03 09:15:41,2021-11-03 09:16:10
2021-11-03 16:12:41,2021-11-03 16:12:54,Free_Living,annotator,Experimental situation,2021-11-03 09:16:10,2021-11-03 09:16:23
2021-11-03 16:12:54,2021-11-03 16:13:04,Free_Living,annotator,Experimental situation,2021-11-03 09:16:23,2021-11-03 09:16:33
2021-11-03 16:13:04,2021-11-03 16:16:19,Free_Living,annotator,Experimental situation,2021-11-03 09:16:33,2021-11-03 09:19:48
2021-11-03 16:16:19,2021-11-03 16:16:37,Free_Living,annotator,Experimental situation,2021-11-03 09:19:48,2021-11-03 09:20:06
2021-11-03 16:16:37,2021-11-03 16:23:19,Free_Living,annotator,Experimental situation,2021-11-03 09:20:06,2021-11-03 09:26:48
2021-11-03 16:23:19,2021-11-03 16:23:36,Free_Living,annotator,Experimental situation,2021-11-03 09:26:48,2021-11-03 09:27:05
2021-11-03 16:23:36,2021-11-03 16:28:04,Free_Living,annotator,Experimental situation,2021-11-03 09:27:05,2021-11-03 09:31:33
2021-11-03 16:28:04,2021-11-03 16:28:29,Free_Living,annotator,Experimental situation,2021-11-03 09:31:33,2021-11-03 09:31:58
2021-11-03 16:28:29,2021-11-03 16:28:41,Free_Living,annotator,Experimental situation,2021-11-03 09:31:58,2021-11-03 09:32:10
2021-11-03 16:28:41,2021-11-03 16:28:47,Free_Living,annotator,Experimental situation,2021-11-03 09:32:10,2021-11-03 09:32:16
2021-11-03 16:28:47,2021-11-03 16:29:13,Free_Living,annotator,Experimental situation,2021-11-03 09:32:16,2021-11-03 09:32:42
2021-11-03 16:29:13,2021-11-03 16:29:58,Free_Living,annotator,Experimental situation,2021-11-03 09:32:42,2021-11-03 09:33:27
2021-11-03 16:29:58,2021-11-03 16:34:31,Free_Living,annotator,Experimental situation,2021-11-03 09:33:27,2021-11-03 09:38:00
2021-11-03 16:34:31,2021-11-03 16:35:10,Free_Living,annotator,Experimental situation,2021-11-03 09:38:00,2021-11-03 09:38:39
2021-11-03 16:35:10,2021-11-03 16:39:17,Free_Living,annotator,Experimental situation,2021-11-03 09:38:39,2021-11-03 09:42:46
2021-11-03 16:39:17,2021-11-03 16:40:07,Free_Living,annotator,Experimental situation,2021-11-03 09:42:46,2021-11-03 09:43:36
2021-11-03 16:40:07,2021-11-03 17:01:29,Free_Living,annotator,Experimental situation,2021-11-03 09:43:36,2021-11-03 10:04:58
2021-11-03 17:01:29,2021-11-03 17:01:56,Free_Living,annotator,Experimental situation,2021-11-03 10:04:58,2021-11-03 10:05:25
2021-11-03 17:01:56,2021-11-03 17:02:12,Free_Living,annotator,Experimental situation,2021-11-03 10:05:25,2021-11-03 10:05:41
2021-11-03 17:02:12,2021-11-03 17:02:21,Free_Living,annotator,Experimental situation,2021-11-03 10:05:41,2021-11-03 10:05:50
2021-11-03 17:02:21,2021-11-03 17:02:34,Free_Living,annotator,Experimental situation,2021-11-03 10:05:50,2021-11-03 10:06:03
2021-11-03 17:02:34,2021-11-03 17:05:49,Free_Living,annotator,Experimental situation,2021-11-03 10:06:03,2021-11-03 10:09:18
2021-11-03 17:05:49,2021-11-03 17:05:58,Free_Living,annotator,Experimental situation,2021-11-03 10:09:18,2021-11-03 10:09:27
2021-11-03 17:05:58,2021-11-03 17:24:29,Free_Living,annotator,Experimental situation,2021-11-03 10:09:27,2021-11-03 10:27:58
2021-11-03 17:24:29,2021-11-03 17:26:10,Free_Living,annotator,Experimental situation,2021-11-03 10:27:58,2021-11-03 10:29:39
2021-11-03 17:26:10,2021-11-03 17:26:39,Free_Living,annotator,Experimental situation,2021-11-03 10:29:39,2021-11-03 10:30:08
2021-11-03 17:26:39,2021-11-03 17:27:41,Free_Living,annotator,Experimental situation,2021-11-03 10:30:08,2021-11-03 10:31:10
2021-11-03 17:27:41,2021-11-03 17:29:18,Free_Living,annotator,Experimental situation,2021-11-03 10:31:10,2021-11-03 10:32:47
2021-11-03 17:29:18,2021-11-03 17:29:38,Free_Living,annotator,Experimental situation,2021-11-03 10:32:47,2021-11-03 10:33:07
2021-11-03 17:29:38,2021-11-03 17:31:13,Free_Living,annotator,Experimental situation,2021-11-03 10:33:07,2021-11-03 10:34:42
2021-11-03 17:31:13,2021-11-03 17:31:52,Free_Living,annotator,Experimental situation,2021-11-03 10:34:42,2021-11-03 10:35:21
2021-11-03 17:31:52,2021-11-03 17:32:13,Free_Living,annotator,Experimental situation,2021-11-03 10:35:21,2021-11-03 10:35:42
2021-11-03 17:32:13,2021-11-03 17:36:58,Free_Living,annotator,Experimental situation,2021-11-03 10:35:42,2021-11-03 10:40:27
2021-11-03 17:36:58,2021-11-03 17:41:02,Free_Living,annotator,Experimental situation,2021-11-03 10:40:27,2021-11-03 10:44:31
2021-11-03 17:41:02,2021-11-03 17:41:29,Free_Living,annotator,Experimental situation,2021-11-03 10:44:31,2021-11-03 10:44:58
2021-11-03 17:41:29,2021-11-03 17:42:55,Free_Living,annotator,Experimental situation,2021-11-03 10:44:58,2021-11-03 10:46:24
2021-11-03 17:42:55,2021-11-03 17:48:39,Free_Living,annotator,Experimental situation,2021-11-03 10:46:24,2021-11-03 10:52:08
2021-11-03 17:48:39,2021-11-03 17:51:22,Free_Living,annotator,Experimental situation,2021-11-03 10:52:08,2021-11-03 10:54:51
2021-11-03 17:51:22,2021-11-03 17:52:36,Free_Living,annotator,Experimental situation,2021-11-03 10:54:51,2021-11-03 10:56:05
2021-11-03 17:52:36,2021-11-03 17:53:03,Free_Living,annotator,Experimental situation,2021-11-03 10:56:05,2021-11-03 10:56:32
2021-11-03 17:53:03,2021-11-03 17:53:37,Free_Living,annotator,Experimental situation,2021-11-03 10:56:32,2021-11-03 10:57:06
2021-11-03 17:53:37,2021-11-03 17:57:43,Free_Living,annotator,Experimental situation,2021-11-03 10:57:06,2021-11-03 11:01:12
2021-11-03 17:57:43,2021-11-03 18:01:22,Free_Living,annotator,Experimental situation,2021-11-03 11:01:12,2021-11-03 11:04:51
2021-11-03 18:01:22,2021-11-03 18:04:04,Free_Living,annotator,Experimental situation,2021-11-03 11:04:51,2021-11-03 11:07:33
2021-11-03 18:04:04,2021-11-03 18:06:58,Free_Living,annotator,Experimental situation,2021-11-03 11:07:33,2021-11-03 11:10:27
2021-11-03 18:06:58,2021-11-03 18:08:07,Free_Living,annotator,Experimental situation,2021-11-03 11:10:27,2021-11-03 11:11:36
2021-11-03 18:08:07,2021-11-03 18:08:30,Free_Living,annotator,Experimental situation,2021-11-03 11:11:36,2021-11-03 11:11:59
2021-11-03 18:08:30,2021-11-03 18:12:03,Free_Living,annotator,Experimental situation,2021-11-03 11:11:59,2021-11-03 11:15:32
2021-11-03 18:12:03,2021-11-03 18:12:41,Free_Living,annotator,Experimental situation,2021-11-03 11:15:32,2021-11-03 11:16:10
2021-11-03 18:12:41,2021-11-03 18:14:05,Free_Living,annotator,Experimental situation,2021-11-03 11:16:10,2021-11-03 11:17:34
2021-11-03 18:14:05,2021-11-03 18:14:23,Free_Living,annotator,Experimental situation,2021-11-03 11:17:34,2021-11-03 11:17:52
2021-11-03 18:14:23,2021-11-03 18:15:18,Free_Living,annotator,Experimental situation,2021-11-03 11:17:52,2021-11-03 11:18:47
2021-11-03 18:15:18,2021-11-03 18:20:36,Free_Living,annotator,Experimental situation,2021-11-03 11:18:47,2021-11-03 11:24:05
2021-11-03 18:20:36,2021-11-03 18:20:50,Free_Living,annotator,Experimental situation,2021-11-03 11:24:05,2021-11-03 11:24:19
2021-11-03 18:20:50,2021-11-03 18:32:05,Free_Living,annotator,Experimental situation,2021-11-03 11:24:19,2021-11-03 11:35:34
2021-11-03 18:32:05,2021-11-03 18:32:19,Free_Living,annotator,Experimental situation,2021-11-03 11:35:34,2021-11-03 11:35:48
2021-11-03 18:32:19,2021-11-03 18:33:45,Free_Living,annotator,Experimental situation,2021-11-03 11:35:48,2021-11-03 11:37:14
2021-11-03 18:33:45,2021-11-03 18:38:24,Free_Living,annotator,Experimental situation,2021-11-03 11:37:14,2021-11-03 11:41:53
2021-11-03 18:38:24,2021-11-03 18:41:03,Free_Living,annotator,Experimental situation,2021-11-03 11:41:53,2021-11-03 11:44:32
2021-11-03 18:41:03,2021-11-03 18:41:52,Free_Living,annotator,Experimental situation,2021-11-03 11:44:32,2021-11-03 11:45:21
2021-11-03 18:41:52,2021-11-03 18:46:14,Free_Living,annotator,Experimental situation,2021-11-03 11:45:21,2021-11-03 11:49:43
2021-11-03 18:46:14,2021-11-03 18:53:42,Free_Living,annotator,Experimental situation,2021-11-03 11:49:43,2021-11-03 11:57:11
2021-11-03 18:53:42,2021-11-03 18:55:36,Free_Living,annotator,Experimental situation,2021-11-03 11:57:11,2021-11-03 11:59:05
2021-11-03 18:55:36,2021-11-03 19:08:47,Free_Living,annotator,Experimental situation,2021-11-03 11:59:05,2021-11-03 12:12:16
2021-11-03 19:08:47,2021-11-03 19:46:00,Free_Living,annotator,Experimental situation,2021-11-03 12:12:16,2021-11-03 12:49:29
2021-11-03 19:46:00,2021-11-03 19:47:06,Free_Living,annotator,Experimental situation,2021-11-03 12:49:29,2021-11-03 12:50:35
2021-11-03 19:47:06,2021-11-03 19:53:32,Free_Living,annotator,Experimental situation,2021-11-03 12:50:35,2021-11-03 12:57:01
2021-11-03 19:53:32,2021-11-03 19:53:55,Free_Living,annotator,Experimental situation,2021-11-03 12:57:01,2021-11-03 12:57:24
2021-11-03 19:53:55,2021-11-03 19:54:22,Free_Living,annotator,Experimental situation,2021-11-03 12:57:24,2021-11-03 12:57:51
2021-11-03 19:54:22,2021-11-03 19:57:35,Free_Living,annotator,Experimental situation,2021-11-03 12:57:51,2021-11-03 13:01:04
2021-11-03 19:57:35,2021-11-03 19:58:03,Free_Living,annotator,Experimental situation,2021-11-03 13:01:04,2021-11-03 13:01:32
2021-11-03 19:58:05,2021-11-03 19:58:21,Free_Living,annotator,Experimental situation,2021-11-03 13:01:34,2021-11-03 13:01:50
2021-11-03 19:58:21,2021-11-03 19:58:25,Free_Living,annotator,Experimental situation,2021-11-03 13:01:50,2021-11-03 13:01:54
2021-11-03 19:58:25,2021-11-03 20:00:21,Free_Living,annotator,Experimental situation,2021-11-03 13:01:54,2021-11-03 13:03:50
2021-11-03 20:00:21,2021-11-03 20:00:46,Free_Living,annotator,Experimental situation,2021-11-03 13:03:50,2021-11-03 13:04:15
2021-11-03 20:00:46,2021-11-03 20:01:08,Free_Living,annotator,Experimental situation,2021-11-03 13:04:15,2021-11-03 13:04:37
2021-11-03 20:01:08,2021-11-03 20:05:24,Free_Living,annotator,Experimental situation,2021-11-03 13:04:37,2021-11-03 13:08:53
2021-11-03 20:05:24,2021-11-03 20:13:36,Free_Living,annotator,Experimental situation,2021-11-03 13:08:53,2021-11-03 13:17:05
2021-11-03 20:13:36,2021-11-03 20:13:54,Free_Living,annotator,Experimental situation,2021-11-03 13:17:05,2021-11-03 13:17:23
2021-11-03 20:13:54,2021-11-03 20:13:59,Free_Living,annotator,Experimental situation,2021-11-03 13:17:23,2021-11-03 13:17:28
2021-11-03 20:13:59,2021-11-03 20:28:05,Free_Living,annotator,Experimental situation,2021-11-03 13:17:28,2021-11-03 13:31:34
2021-11-03 20:28:05,2021-11-03 20:30:33,Free_Living,annotator,Experimental situation,2021-11-03 13:31:34,2021-11-03 13:34:02
2021-11-03 20:30:33,2021-11-03 20:30:44,Free_Living,annotator,Experimental situation,2021-11-03 13:34:02,2021-11-03 13:34:13
2021-11-03 20:30:44,2021-11-03 20:30:54,Free_Living,annotator,Experimental situation,2021-11-03 13:34:13,2021-11-03 13:34:23
2021-11-03 20:30:54,2021-11-03 20:31:13,Free_Living,annotator,Experimental situation,2021-11-03 13:34:23,2021-11-03 13:34:42
2021-11-03 20:31:13,2021-11-03 20:31:45,Free_Living,annotator,Experimental situation,2021-11-03 13:34:42,2021-11-03 13:35:14
2021-11-03 20:31:45,2021-11-03 20:32:25,Free_Living,annotator,Experimental situation,2021-11-03 13:35:14,2021-11-03 13:35:54
2021-11-03 20:32:25,2021-11-03 20:32:47,Free_Living,annotator,Experimental situation,2021-11-03 13:35:54,2021-11-03 13:36:16
2021-11-03 20:32:47,2021-11-03 20:36:36,Free_Living,annotator,Experimental situation,2021-11-03 13:36:16,2021-11-03 13:40:05
2021-11-03 20:36:36,2021-11-03 20:36:56,Free_Living,annotator,Experimental situation,2021-11-03 13:40:05,2021-11-03 13:40:25
2021-11-03 20:36:56,2021-11-03 20:37:32,Free_Living,annotator,Experimental situation,2021-11-03 13:40:25,2021-11-03 13:41:01
2021-11-03 20:37:32,2021-11-03 20:38:40,Free_Living,annotator,Experimental situation,2021-11-03 13:41:01,2021-11-03 13:42:09
2021-11-03 20:38:40,2021-11-03 20:40:51,Free_Living,annotator,Experimental situation,2021-11-03 13:42:09,2021-11-03 13:44:20
2021-11-03 20:40:51,2021-11-03 20:57:35,Free_Living,annotator,Experimental situation,2021-11-03 13:44:20,2021-11-03 14:01:04
2021-11-03 20:57:35,2021-11-03 21:01:27,Free_Living,annotator,Experimental situation,2021-11-03 14:01:04,2021-11-03 14:04:56
2021-11-03 21:01:27,2021-11-03 21:06:57,Free_Living,annotator,Experimental situation,2021-11-03 14:04:56,2021-11-03 14:10:26
2021-11-03 21:06:57,2021-11-03 21:32:57,Free_Living,annotator,Experimental situation,2021-11-03 14:10:26,2021-11-03 14:36:26
2021-11-03 21:32:57,2021-11-03 21:33:10,Free_Living,annotator,Experimental situation,2021-11-03 14:36:26,2021-11-03 14:36:39
2021-11-03 21:33:10,2021-11-03 21:33:57,Free_Living,annotator,Experimental situation,2021-11-03 14:36:39,2021-11-03 14:37:26
2021-11-03 21:33:57,2021-11-03 21:35:50,Free_Living,annotator,Experimental situation,2021-11-03 14:37:26,2021-11-03 14:39:19
2021-11-03 21:35:50,2021-11-03 21:38:53,Free_Living,annotator,Experimental situation,2021-11-03 14:39:19,2021-11-03 14:42:22
2021-11-03 21:38:53,2021-11-03 21:40:35,Free_Living,annotator,Experimental situation,2021-11-03 14:42:22,2021-11-03 14:44:04
2021-11-03 21:40:35,2021-11-03 21:40:39,Free_Living,annotator,Experimental situation,2021-11-03 14:44:04,2021-11-03 14:44:08
2021-11-03 21:40:39,2021-11-03 21:40:47,Free_Living,annotator,Experimental situation,2021-11-03 14:44:08,2021-11-03 14:44:16
2021-11-03 21:40:48,2021-11-03 21:45:06,Free_Living,annotator,Experimental situation,2021-11-03 14:44:17,2021-11-03 14:48:35
2021-11-03 21:45:06,2021-11-03 21:45:13,Free_Living,annotator,Experimental situation,2021-11-03 14:48:35,2021-11-03 14:48:42
2021-11-03 21:45:13,2021-11-03 21:45:19,Free_Living,annotator,Experimental situation,2021-11-03 14:48:42,2021-11-03 14:48:48
2021-11-03 21:45:19,2021-11-03 21:45:44,Free_Living,annotator,Experimental situation,2021-11-03 14:48:48,2021-11-03 14:49:13
2021-11-03 21:45:44,2021-11-03 21:46:07,Free_Living,annotator,Experimental situation,2021-11-03 14:49:13,2021-11-03 14:49:36
2021-11-03 21:46:07,2021-11-03 21:46:15,Free_Living,annotator,Experimental situation,2021-11-03 14:49:36,2021-11-03 14:49:44
2021-11-03 21:46:15,2021-11-03 21:46:29,Free_Living,annotator,Experimental situation,2021-11-03 14:49:44,2021-11-03 14:49:58
2021-11-03 21:46:29,2021-11-03 21:46:38,Free_Living,annotator,Experimental situation,2021-11-03 14:49:58,2021-11-03 14:50:07
2021-11-03 21:46:38,2021-11-03 21:46:45,Free_Living,annotator,Experimental situation,2021-11-03 14:50:07,2021-11-03 14:50:14
2021-11-03 21:46:45,2021-11-03 21:47:19,Free_Living,annotator,Experimental situation,2021-11-03 14:50:14,2021-11-03 14:50:48
2021-11-03 21:47:19,2021-11-03 21:48:25,Free_Living,annotator,Experimental situation,2021-11-03 14:50:48,2021-11-03 14:51:54
2021-11-03 21:48:25,2021-11-03 21:49:08,Free_Living,annotator,Experimental situation,2021-11-03 14:51:54,2021-11-03 14:52:37
2021-11-03 21:49:08,2021-11-03 21:50:30,Free_Living,annotator,Experimental situation,2021-11-03 14:52:37,2021-11-03 14:53:59
2021-11-03 21:50:30,2021-11-03 22:09:29,Free_Living,annotator,Experimental situation,2021-11-03 14:53:59,2021-11-03 15:12:58
2021-11-03 22:09:29,2021-11-03 22:19:32,Free_Living,annotator,Experimental situation,2021-11-03 15:12:58,2021-11-03 15:23:01
2021-11-03 22:19:33,2021-11-03 22:19:59,Free_Living,annotator,Experimental situation,2021-11-03 15:23:02,2021-11-03 15:23:28
2021-11-03 22:19:59,2021-11-03 22:20:07,Free_Living,annotator,Experimental situation,2021-11-03 15:23:28,2021-11-03 15:23:36
2021-11-03 22:20:09,2021-11-03 22:20:37,Free_Living,annotator,Experimental situation,2021-11-03 15:23:38,2021-11-03 15:24:06
2021-11-03 22:20:37,2021-11-03 22:20:49,Free_Living,annotator,Experimental situation,2021-11-03 15:24:06,2021-11-03 15:24:18
2021-11-03 22:20:49,2021-11-03 22:21:34,Free_Living,annotator,Experimental situation,2021-11-03 15:24:18,2021-11-03 15:25:03
2021-11-03 22:21:34,2021-11-03 22:21:47,Free_Living,annotator,Experimental situation,2021-11-03 15:25:03,2021-11-03 15:25:16
2021-11-03 22:21:47,2021-11-03 22:22:03,Free_Living,annotator,Experimental situation,2021-11-03 15:25:16,2021-11-03 15:25:32
2021-11-03 22:22:03,2021-11-03 22:22:51,Free_Living,annotator,Experimental situation,2021-11-03 15:25:32,2021-11-03 15:26:20
2021-11-03 22:22:51,2021-11-03 22:23:06,Free_Living,annotator,Experimental situation,2021-11-03 15:26:20,2021-11-03 15:26:35
2021-11-03 22:23:06,2021-11-03 22:23:22,Free_Living,annotator,Experimental situation,2021-11-03 15:26:35,2021-11-03 15:26:51
2021-11-03 22:23:22,2021-11-03 22:23:51,Free_Living,annotator,Experimental situation,2021-11-03 15:26:51,2021-11-03 15:27:20
2021-11-03 22:23:51,2021-11-03 22:25:29,Free_Living,annotator,Experimental situation,2021-11-03 15:27:20,2021-11-03 15:28:58
2021-11-03 22:25:29,2021-11-03 22:36:17,Free_Living,annotator,Experimental situation,2021-11-03 15:28:58,2021-11-03 15:39:46
2021-11-03 22:36:17,2021-11-03 22:36:39,Free_Living,annotator,Experimental situation,2021-11-03 15:39:46,2021-11-03 15:40:08
2021-11-03 22:36:39,2021-11-03 22:41:23,Free_Living,annotator,Experimental situation,2021-11-03 15:40:08,2021-11-03 15:44:52
2021-11-03 22:41:23,2021-11-03 22:42:36,Free_Living,annotator,Experimental situation,2021-11-03 15:44:52,2021-11-03 15:46:05
2021-11-03 22:42:36,2021-11-03 22:42:47,Free_Living,annotator,Experimental situation,2021-11-03 15:46:05,2021-11-03 15:46:16
2021-11-03 22:42:47,2021-11-03 22:45:59,Free_Living,annotator,Experimental situation,2021-11-03 15:46:16,2021-11-03 15:49:28
2021-11-03 22:45:59,2021-11-03 22:50:59,Free_Living,annotator,Experimental situation,2021-11-03 15:49:28,2021-11-03 15:54:28
2021-11-03 22:50:59,2021-11-03 22:51:40,Free_Living,annotator,Experimental situation,2021-11-03 15:54:28,2021-11-03 15:55:09
2021-11-03 22:51:40,2021-11-03 22:52:13,Free_Living,annotator,Experimental situation,2021-11-03 15:55:09,2021-11-03 15:55:42
2021-11-03 22:52:13,2021-11-03 22:52:29,Free_Living,annotator,Experimental situation,2021-11-03 15:55:42,2021-11-03 15:55:58
2021-11-03 22:52:29,2021-11-03 23:09:49,Free_Living,annotator,Experimental situation,2021-11-03 15:55:58,2021-11-03 16:13:18
2021-11-03 23:09:49,2021-11-03 23:10:51,Free_Living,annotator,Experimental situation,2021-11-03 16:13:18,2021-11-03 16:14:20
2021-11-03 23:10:51,2021-11-03 23:11:14,Free_Living,annotator,Experimental situation,2021-11-03 16:14:20,2021-11-03 16:14:43
2021-11-03 23:11:14,2021-11-03 23:12:43,Free_Living,annotator,Experimental situation,2021-11-03 16:14:43,2021-11-03 16:16:12
2021-11-03 23:12:43,2021-11-03 23:13:45,Free_Living,annotator,Experimental situation,2021-11-03 16:16:12,2021-11-03 16:17:14
2021-11-03 23:13:45,2021-11-03 23:13:55,Free_Living,annotator,Experimental situation,2021-11-03 16:17:14,2021-11-03 16:17:24
2021-11-03 23:13:55,2021-11-03 23:14:05,Free_Living,annotator,Experimental situation,2021-11-03 16:17:24,2021-11-03 16:17:34
2021-11-03 23:14:07,2021-11-03 23:17:56,Free_Living,annotator,Experimental situation,2021-11-03 16:17:36,2021-11-03 16:21:25
2021-11-03 23:18:01,2021-11-03 23:18:23,Free_Living,annotator,Experimental situation,2021-11-03 16:21:30,2021-11-03 16:21:52
2021-11-03 23:18:23,2021-11-03 23:31:38,Free_Living,annotator,Experimental situation,2021-11-03 16:21:52,2021-11-03 16:35:07
2021-11-03 23:31:40,2021-11-03 23:36:15,Free_Living,annotator,Experimental situation,2021-11-03 16:35:09,2021-11-03 16:39:44
2021-11-03 23:36:15,2021-11-03 23:36:38,Free_Living,annotator,Experimental situation,2021-11-03 16:39:44,2021-11-03 16:40:07
2021-11-03 23:36:38,2021-11-03 23:37:11,Free_Living,annotator,Experimental situation,2021-11-03 16:40:07,2021-11-03 16:40:40
2021-11-03 23:37:11,2021-11-03 23:38:22,Free_Living,annotator,Experimental situation,2021-11-03 16:40:40,2021-11-03 16:41:51
2021-11-03 23:38:22,2021-11-03 23:39:11,Free_Living,annotator,Experimental situation,2021-11-03 16:41:51,2021-11-03 16:42:40
2021-11-03 23:39:11,2021-11-04 00:35:12,Free_Living,annotator,Experimental situation,2021-11-03 16:42:40,2021-11-03 17:38:41
2021-11-04 00:35:13,2021-11-04 00:36:05,Free_Living,annotator,Experimental situation,2021-11-03 17:38:42,2021-11-03 17:39:34
