START_TIME,STOP_TIME,PREDICTION,SOURCE,LABELSET,VIDEO_START_TIME,VIDEO_END_TIME
2022-05-16 09:31:13,2022-05-16 09:31:36,Located_Indoors,annotator,Behavioral Parameters,2022-05-16 00:00:00,2022-05-16 00:00:23
2022-05-16 09:31:36,2022-05-16 09:41:40,Located_Indoors, Holding_Other_Object_Light, Texting/Browsing_Phone,annotator,Behavioral Parameters,2022-05-16 00:00:23,2022-05-16 00:10:27
2022-05-16 09:41:40,2022-05-16 09:42:17,Located_Indoors,annotator,Behavioral Parameters,2022-05-16 00:10:27,2022-05-16 00:11:04
2022-05-16 09:42:17,2022-05-16 09:42:21,Located_Indoors,annotator,Behavioral Parameters,2022-05-16 00:11:04,2022-05-16 00:11:08
2022-05-16 09:42:21,2022-05-16 09:55:46,Located_Indoors,annotator,Behavioral Parameters,2022-05-16 00:11:08,2022-05-16 00:24:33
2022-05-16 09:55:46,2022-05-16 09:56:09,Located_Indoors,annotator,Behavioral Parameters,2022-05-16 00:24:33,2022-05-16 00:24:56
2022-05-16 09:56:09,2022-05-16 09:56:50,Located_Indoors,annotator,Behavioral Parameters,2022-05-16 00:24:56,2022-05-16 00:25:37
2022-05-16 09:56:50,2022-05-16 09:59:38,Located_Indoors,annotator,Behavioral Parameters,2022-05-16 00:25:37,2022-05-16 00:28:25
2022-05-16 09:59:38,2022-05-16 09:59:43,Located_Indoors,annotator,Behavioral Parameters,2022-05-16 00:28:25,2022-05-16 00:28:30
2022-05-16 09:59:43,2022-05-16 10:00:40,Located_Indoors,annotator,Behavioral Parameters,2022-05-16 00:28:30,2022-05-16 00:29:27
2022-05-16 10:00:40,2022-05-16 10:00:55,Located_Indoors,annotator,Behavioral Parameters,2022-05-16 00:29:27,2022-05-16 00:29:42
2022-05-16 10:00:55,2022-05-16 10:01:54,Located_Indoors, Browsing_Computer,annotator,Behavioral Parameters,2022-05-16 00:29:42,2022-05-16 00:30:41
2022-05-16 10:01:54,2022-05-16 10:04:05,Located_Indoors,annotator,Behavioral Parameters,2022-05-16 00:30:41,2022-05-16 00:32:52
2022-05-16 10:04:05,2022-05-16 10:04:44,Located_Indoors, Holding_Other_Object_Light,annotator,Behavioral Parameters,2022-05-16 00:32:52,2022-05-16 00:33:31
2022-05-16 10:04:44,2022-05-16 10:39:11,Located_Indoors, Holding_Other_Object_Light,annotator,Behavioral Parameters,2022-05-16 00:33:31,2022-05-16 01:07:58
2022-05-16 10:39:11,2022-05-16 10:39:39,Located_Indoors, Holding_Other_Object_Light,annotator,Behavioral Parameters,2022-05-16 01:07:58,2022-05-16 01:08:26
2022-05-16 10:39:39,2022-05-16 10:39:58,Located_Indoors,annotator,Behavioral Parameters,2022-05-16 01:08:26,2022-05-16 01:08:45
2022-05-16 10:39:58,2022-05-16 10:40:03,Located_Indoors, Holding_Other_Object_Light, Texting/Browsing_Phone,annotator,Behavioral Parameters,2022-05-16 01:08:45,2022-05-16 01:08:50
2022-05-16 10:40:03,2022-05-16 10:50:32,Located_Indoors,annotator,Behavioral Parameters,2022-05-16 01:08:50,2022-05-16 01:19:19
2022-05-16 10:50:32,2022-05-16 11:13:22,Located_Indoors, Holding_Other_Object_Light, Browsing_Computer,annotator,Behavioral Parameters,2022-05-16 01:19:19,2022-05-16 01:42:09
2022-05-16 11:13:22,2022-05-16 11:29:12,Located_Indoors, Holding_Other_Object_Light, Texting/Browsing_Phone,annotator,Behavioral Parameters,2022-05-16 01:42:09,2022-05-16 01:57:59
2022-05-16 11:29:12,2022-05-16 11:30:04,Located_Indoors,annotator,Behavioral Parameters,2022-05-16 01:57:59,2022-05-16 01:58:51
2022-05-16 11:30:04,2022-05-16 11:30:22,Located_Indoors, Holding_Other_Object_Light,annotator,Behavioral Parameters,2022-05-16 01:58:51,2022-05-16 01:59:09
2022-05-16 11:30:22,2022-05-16 11:30:45,Located_Indoors,annotator,Behavioral Parameters,2022-05-16 01:59:09,2022-05-16 01:59:32
2022-05-16 11:30:45,2022-05-16 11:31:38,Located_Indoors,annotator,Behavioral Parameters,2022-05-16 01:59:32,2022-05-16 02:00:25
2022-05-16 11:31:38,2022-05-16 11:31:54,Located_Indoors, Holding_Other_Object_Light, Texting/Browsing_Phone,annotator,Behavioral Parameters,2022-05-16 02:00:25,2022-05-16 02:00:41
2022-05-16 11:31:54,2022-05-16 11:32:13,Located_Indoors, Holding_Other_Object_Light, Texting/Browsing_Phone, In_Conversation,annotator,Behavioral Parameters,2022-05-16 02:00:41,2022-05-16 02:01:00
2022-05-16 11:32:13,2022-05-16 11:32:30,Located_Indoors, In_Conversation,annotator,Behavioral Parameters,2022-05-16 02:01:00,2022-05-16 02:01:17
2022-05-16 11:32:30,2022-05-16 11:32:52,Located_Indoors, In_Conversation,annotator,Behavioral Parameters,2022-05-16 02:01:17,2022-05-16 02:01:39
2022-05-16 11:32:52,2022-05-16 11:33:23,Located_Indoors,annotator,Behavioral Parameters,2022-05-16 02:01:39,2022-05-16 02:02:10
2022-05-16 11:33:23,2022-05-16 11:36:01,Located_Indoors, Holding_Other_Object_Light, In_Conversation,annotator,Behavioral Parameters,2022-05-16 02:02:10,2022-05-16 02:04:48
2022-05-16 11:36:01,2022-05-16 11:36:21,Located_Indoors, Holding_Other_Object_Light, In_Conversation,annotator,Behavioral Parameters,2022-05-16 02:04:48,2022-05-16 02:05:08
2022-05-16 11:36:21,2022-05-16 11:36:45,Located_Indoors, Holding_Other_Object_Light,annotator,Behavioral Parameters,2022-05-16 02:05:08,2022-05-16 02:05:32
2022-05-16 11:36:45,2022-05-16 11:37:49,Located_Indoors, Holding_Other_Object_Light, In_Conversation,annotator,Behavioral Parameters,2022-05-16 02:05:32,2022-05-16 02:06:36
2022-05-16 11:37:49,2022-05-16 11:38:22,Located_Indoors, Holding_Other_Object_Light, In_Conversation,annotator,Behavioral Parameters,2022-05-16 02:06:36,2022-05-16 02:07:09
2022-05-16 11:38:22,2022-05-16 11:38:45,Located_Indoors, Holding_Other_Object_Light,annotator,Behavioral Parameters,2022-05-16 02:07:09,2022-05-16 02:07:32
2022-05-16 11:38:45,2022-05-16 11:38:57,Located_Indoors, Holding_Other_Object_Light,annotator,Behavioral Parameters,2022-05-16 02:07:32,2022-05-16 02:07:44
2022-05-16 11:38:57,2022-05-16 11:51:14,Located_Indoors, Holding_Other_Object_Light, Texting/Browsing_Phone,annotator,Behavioral Parameters,2022-05-16 02:07:44,2022-05-16 02:20:01
2022-05-16 11:51:14,2022-05-16 11:52:31,Located_Indoors,annotator,Behavioral Parameters,2022-05-16 02:20:01,2022-05-16 02:21:18
2022-05-16 11:52:31,2022-05-16 11:53:00,Located_Indoors,annotator,Behavioral Parameters,2022-05-16 02:21:18,2022-05-16 02:21:47
2022-05-16 11:53:00,2022-05-16 11:53:25,Located_Indoors,annotator,Behavioral Parameters,2022-05-16 02:21:47,2022-05-16 02:22:12
2022-05-16 11:53:25,2022-05-16 11:53:44,Located_Indoors,annotator,Behavioral Parameters,2022-05-16 02:22:12,2022-05-16 02:22:31
2022-05-16 11:53:44,2022-05-16 11:54:07,Located_Indoors,annotator,Behavioral Parameters,2022-05-16 02:22:31,2022-05-16 02:22:54
2022-05-16 11:54:07,2022-05-16 11:54:14,Located_Indoors,annotator,Behavioral Parameters,2022-05-16 02:22:54,2022-05-16 02:23:01
2022-05-16 11:54:14,2022-05-16 11:55:26,Located_Indoors,annotator,Behavioral Parameters,2022-05-16 02:23:01,2022-05-16 02:24:13
2022-05-16 11:55:26,2022-05-16 11:56:03,Located_Indoors,annotator,Behavioral Parameters,2022-05-16 02:24:13,2022-05-16 02:24:50
2022-05-16 11:56:03,2022-05-16 11:56:13,Located_Indoors,annotator,Behavioral Parameters,2022-05-16 02:24:50,2022-05-16 02:25:00
2022-05-16 11:56:13,2022-05-16 11:56:29,Located_Indoors,annotator,Behavioral Parameters,2022-05-16 02:25:00,2022-05-16 02:25:16
2022-05-16 11:56:29,2022-05-16 11:57:40,Located_Indoors,annotator,Behavioral Parameters,2022-05-16 02:25:16,2022-05-16 02:26:27
2022-05-16 11:57:40,2022-05-16 11:57:45,Located_Indoors,annotator,Behavioral Parameters,2022-05-16 02:26:27,2022-05-16 02:26:32
2022-05-16 11:57:45,2022-05-16 11:58:07,Located_Indoors, Holding_Other_Object_Light, Texting/Browsing_Phone,annotator,Behavioral Parameters,2022-05-16 02:26:32,2022-05-16 02:26:54
2022-05-16 11:58:07,2022-05-16 11:58:34,Located_Indoors, Holding_Other_Object_Light,annotator,Behavioral Parameters,2022-05-16 02:26:54,2022-05-16 02:27:21
2022-05-16 11:58:34,2022-05-16 11:59:11,Located_Indoors, Holding_Other_Object_Light,annotator,Behavioral Parameters,2022-05-16 02:27:21,2022-05-16 02:27:58
2022-05-16 11:59:11,2022-05-16 11:59:22,Holding_Other_Object_Light, Located_Outdoors,annotator,Behavioral Parameters,2022-05-16 02:27:58,2022-05-16 02:28:09
2022-05-16 11:59:22,2022-05-16 11:59:53,Holding_Other_Object_Light, Located_Outdoors,annotator,Behavioral Parameters,2022-05-16 02:28:09,2022-05-16 02:28:40
2022-05-16 11:59:53,2022-05-16 12:00:19,Holding_Other_Object_Light, Located_Outdoors,annotator,Behavioral Parameters,2022-05-16 02:28:40,2022-05-16 02:29:06
2022-05-16 12:00:19,2022-05-16 12:01:04,Holding_Other_Object_Light, Located_Indoors,annotator,Behavioral Parameters,2022-05-16 02:29:06,2022-05-16 02:29:51
2022-05-16 12:01:04,2022-05-16 12:01:51,Holding_Other_Object_Light, Located_Indoors,annotator,Behavioral Parameters,2022-05-16 02:29:51,2022-05-16 02:30:38
2022-05-16 12:01:51,2022-05-16 12:02:50,Holding_Other_Object_Light, Located_Indoors,annotator,Behavioral Parameters,2022-05-16 02:30:38,2022-05-16 02:31:37
2022-05-16 12:02:50,2022-05-16 12:03:19,Holding_Other_Object_Light, Located_Outdoors,annotator,Behavioral Parameters,2022-05-16 02:31:37,2022-05-16 02:32:06
2022-05-16 12:03:19,2022-05-16 12:04:04,Holding_Other_Object_Light, Located_Outdoors,annotator,Behavioral Parameters,2022-05-16 02:32:06,2022-05-16 02:32:51
2022-05-16 12:04:04,2022-05-16 12:04:16,Holding_Other_Object_Light, Located_Outdoors,annotator,Behavioral Parameters,2022-05-16 02:32:51,2022-05-16 02:33:03
2022-05-16 12:04:16,2022-05-16 12:05:20,Holding_Other_Object_Light, Located_Indoors,annotator,Behavioral Parameters,2022-05-16 02:33:03,2022-05-16 02:34:07
2022-05-16 12:05:20,2022-05-16 12:06:00,Holding_Other_Object_Light, Located_Indoors,annotator,Behavioral Parameters,2022-05-16 02:34:07,2022-05-16 02:34:47
2022-05-16 12:06:00,2022-05-16 12:06:31,Holding_Other_Object_Light, Located_Indoors,annotator,Behavioral Parameters,2022-05-16 02:34:47,2022-05-16 02:35:18
2022-05-16 12:06:31,2022-05-16 12:06:53,Holding_Other_Object_Light, Located_Indoors,annotator,Behavioral Parameters,2022-05-16 02:35:18,2022-05-16 02:35:40
2022-05-16 12:06:53,2022-05-16 12:07:19,Holding_Other_Object_Light, Located_Indoors,annotator,Behavioral Parameters,2022-05-16 02:35:40,2022-05-16 02:36:06
2022-05-16 12:07:19,2022-05-16 12:08:17,Located_Indoors, In_Conversation,annotator,Behavioral Parameters,2022-05-16 02:36:06,2022-05-16 02:37:04
2022-05-16 12:08:17,2022-05-16 12:34:26,Located_Indoors, In_Conversation, Holding_Other_Object_Light, Texting/Browsing_Phone,annotator,Behavioral Parameters,2022-05-16 02:37:04,2022-05-16 03:03:13
2022-05-16 12:34:26,2022-05-16 12:34:56,Located_Indoors,annotator,Behavioral Parameters,2022-05-16 03:03:13,2022-05-16 03:03:43
2022-05-16 12:34:56,2022-05-16 12:35:07,Located_Indoors,annotator,Behavioral Parameters,2022-05-16 03:03:43,2022-05-16 03:03:54
2022-05-16 12:35:07,2022-05-16 12:35:17,Located_Indoors, Holding_Other_Object_Light,annotator,Behavioral Parameters,2022-05-16 03:03:54,2022-05-16 03:04:04
2022-05-16 12:35:17,2022-05-16 12:35:56,Located_Indoors, Holding_Other_Object_Light,annotator,Behavioral Parameters,2022-05-16 03:04:04,2022-05-16 03:04:43
2022-05-16 12:35:56,2022-05-16 12:51:49,Located_Indoors, Browsing_Computer,annotator,Behavioral Parameters,2022-05-16 03:04:43,2022-05-16 03:20:36
2022-05-16 12:51:49,2022-05-16 12:53:54,Located_Indoors, Holding_Other_Object_Light, Texting/Browsing_Phone,annotator,Behavioral Parameters,2022-05-16 03:20:36,2022-05-16 03:22:41
2022-05-16 12:53:54,2022-05-16 12:58:24,Located_Indoors, Holding_Other_Object_Light, Browsing_Computer,annotator,Behavioral Parameters,2022-05-16 03:22:41,2022-05-16 03:27:11
2022-05-16 12:58:24,2022-05-16 12:58:55,Located_Indoors,annotator,Behavioral Parameters,2022-05-16 03:27:11,2022-05-16 03:27:42
2022-05-16 12:58:55,2022-05-16 12:59:12,Located_Indoors,annotator,Behavioral Parameters,2022-05-16 03:27:42,2022-05-16 03:27:59
2022-05-16 12:59:12,2022-05-16 12:59:16,Located_Indoors,annotator,Behavioral Parameters,2022-05-16 03:27:59,2022-05-16 03:28:03
2022-05-16 12:59:16,2022-05-16 13:00:58,Located_Indoors,annotator,Behavioral Parameters,2022-05-16 03:28:03,2022-05-16 03:29:45
2022-05-16 13:00:58,2022-05-16 13:01:04,Located_Indoors,annotator,Behavioral Parameters,2022-05-16 03:29:45,2022-05-16 03:29:51
2022-05-16 13:01:04,2022-05-16 13:03:41,Located_Indoors, Holding_Other_Object_Light,annotator,Behavioral Parameters,2022-05-16 03:29:51,2022-05-16 03:32:28
2022-05-16 13:03:41,2022-05-16 13:04:12,Located_Indoors,annotator,Behavioral Parameters,2022-05-16 03:32:28,2022-05-16 03:32:59
2022-05-16 13:04:12,2022-05-16 13:04:38,Located_Indoors, Holding_Other_Object_Light,annotator,Behavioral Parameters,2022-05-16 03:32:59,2022-05-16 03:33:25
2022-05-16 13:04:38,2022-05-16 13:05:13,Located_Indoors,annotator,Behavioral Parameters,2022-05-16 03:33:25,2022-05-16 03:34:00
2022-05-16 13:05:13,2022-05-16 13:06:53,Located_Indoors,annotator,Behavioral Parameters,2022-05-16 03:34:00,2022-05-16 03:35:40
2022-05-16 13:06:53,2022-05-16 13:07:12,Located_Indoors, Holding_Other_Object_Light, Texting/Browsing_Phone,annotator,Behavioral Parameters,2022-05-16 03:35:40,2022-05-16 03:35:59
2022-05-16 13:07:12,2022-05-16 13:07:46,Located_Indoors,annotator,Behavioral Parameters,2022-05-16 03:35:59,2022-05-16 03:36:33
2022-05-16 13:07:46,2022-05-16 13:07:58,Located_Indoors,annotator,Behavioral Parameters,2022-05-16 03:36:33,2022-05-16 03:36:45
2022-05-16 13:07:58,2022-05-16 13:08:25,Located_Indoors,annotator,Behavioral Parameters,2022-05-16 03:36:45,2022-05-16 03:37:12
2022-05-16 13:08:25,2022-05-16 13:08:32,Located_Indoors,annotator,Behavioral Parameters,2022-05-16 03:37:12,2022-05-16 03:37:19
2022-05-16 13:08:32,2022-05-16 13:08:58,Located_Indoors,annotator,Behavioral Parameters,2022-05-16 03:37:19,2022-05-16 03:37:45
2022-05-16 13:08:58,2022-05-16 13:09:47,Located_Indoors,annotator,Behavioral Parameters,2022-05-16 03:37:45,2022-05-16 03:38:34
2022-05-16 13:09:47,2022-05-16 13:10:22,Located_Indoors,annotator,Behavioral Parameters,2022-05-16 03:38:34,2022-05-16 03:39:09
2022-05-16 13:10:22,2022-05-16 13:10:54,Located_Indoors,annotator,Behavioral Parameters,2022-05-16 03:39:09,2022-05-16 03:39:41
2022-05-16 13:10:54,2022-05-16 13:12:13,Located_Outdoors,annotator,Behavioral Parameters,2022-05-16 03:39:41,2022-05-16 03:41:00
2022-05-16 13:12:13,2022-05-16 13:12:38,Located_Indoors,annotator,Behavioral Parameters,2022-05-16 03:41:00,2022-05-16 03:41:25
2022-05-16 13:12:38,2022-05-16 13:13:13,Located_Indoors,annotator,Behavioral Parameters,2022-05-16 03:41:25,2022-05-16 03:42:00
2022-05-16 13:13:13,2022-05-16 13:13:38,Located_Indoors,annotator,Behavioral Parameters,2022-05-16 03:42:00,2022-05-16 03:42:25
2022-05-16 13:13:38,2022-05-16 13:13:45,Located_Indoors, In_Conversation,annotator,Behavioral Parameters,2022-05-16 03:42:25,2022-05-16 03:42:32
2022-05-16 13:13:45,2022-05-16 13:13:54,Located_Indoors, In_Conversation, Holding_Other_Object_Light, Texting/Browsing_Phone,annotator,Behavioral Parameters,2022-05-16 03:42:32,2022-05-16 03:42:41
2022-05-16 13:13:54,2022-05-16 13:24:04,Located_Indoors, In_Conversation,annotator,Behavioral Parameters,2022-05-16 03:42:41,2022-05-16 03:52:51
2022-05-16 13:24:04,2022-05-16 13:24:30,Located_Indoors, In_Conversation,annotator,Behavioral Parameters,2022-05-16 03:52:51,2022-05-16 03:53:17
2022-05-16 13:24:30,2022-05-16 13:24:53,Located_Indoors, In_Conversation,annotator,Behavioral Parameters,2022-05-16 03:53:17,2022-05-16 03:53:40
2022-05-16 13:24:53,2022-05-16 13:27:35,Located_Indoors,annotator,Behavioral Parameters,2022-05-16 03:53:40,2022-05-16 03:56:22
2022-05-16 13:27:36,2022-05-16 13:27:38,Located_Indoors,annotator,Behavioral Parameters,2022-05-16 03:56:23,2022-05-16 03:56:25
2022-05-16 13:27:38,2022-05-16 13:28:04,Located_Indoors,annotator,Behavioral Parameters,2022-05-16 03:56:25,2022-05-16 03:56:51
2022-05-16 13:28:04,2022-05-16 13:29:07,Located_Indoors,annotator,Behavioral Parameters,2022-05-16 03:56:51,2022-05-16 03:57:54
2022-05-16 13:29:07,2022-05-16 13:29:20,Located_Indoors,annotator,Behavioral Parameters,2022-05-16 03:57:54,2022-05-16 03:58:07
2022-05-16 13:29:20,2022-05-16 13:29:32,Located_Outdoors,annotator,Behavioral Parameters,2022-05-16 03:58:07,2022-05-16 03:58:19
2022-05-16 13:29:32,2022-05-16 13:29:45,Located_Outdoors, Holding_Other_Object_Light, Texting/Browsing_Phone,annotator,Behavioral Parameters,2022-05-16 03:58:19,2022-05-16 03:58:32
2022-05-16 13:29:45,2022-05-16 13:31:30,Located_Outdoors, Holding_Other_Object_Light,annotator,Behavioral Parameters,2022-05-16 03:58:32,2022-05-16 04:00:17
2022-05-16 13:31:30,2022-05-16 13:32:14,Holding_Other_Object_Light, Located_Indoors,annotator,Behavioral Parameters,2022-05-16 04:00:17,2022-05-16 04:01:01
2022-05-16 13:32:14,2022-05-16 13:32:52,Holding_Other_Object_Light, Located_Indoors,annotator,Behavioral Parameters,2022-05-16 04:01:01,2022-05-16 04:01:39
2022-05-16 13:32:52,2022-05-16 13:33:09,Holding_Other_Object_Light, Located_Indoors,annotator,Behavioral Parameters,2022-05-16 04:01:39,2022-05-16 04:01:56
2022-05-16 13:33:09,2022-05-16 13:33:22,Holding_Other_Object_Light, Located_Indoors,annotator,Behavioral Parameters,2022-05-16 04:01:56,2022-05-16 04:02:09
2022-05-16 13:33:22,2022-05-16 13:33:51,Holding_Other_Object_Light, Located_Indoors,annotator,Behavioral Parameters,2022-05-16 04:02:09,2022-05-16 04:02:38
2022-05-16 13:33:51,2022-05-16 13:34:00,Holding_Other_Object_Light, Located_Indoors, In_Conversation,annotator,Behavioral Parameters,2022-05-16 04:02:38,2022-05-16 04:02:47
2022-05-16 13:34:00,2022-05-16 13:34:06,Holding_Other_Object_Light, Located_Indoors, In_Conversation,annotator,Behavioral Parameters,2022-05-16 04:02:47,2022-05-16 04:02:53
2022-05-16 13:34:06,2022-05-16 13:34:11,Holding_Other_Object_Light, Located_Indoors, In_Conversation,annotator,Behavioral Parameters,2022-05-16 04:02:53,2022-05-16 04:02:58
2022-05-16 13:34:11,2022-05-16 13:34:38,Holding_Other_Object_Light, Located_Indoors, In_Conversation,annotator,Behavioral Parameters,2022-05-16 04:02:58,2022-05-16 04:03:25
2022-05-16 13:34:38,2022-05-16 13:35:04,Located_Indoors,annotator,Behavioral Parameters,2022-05-16 04:03:25,2022-05-16 04:03:51
2022-05-16 13:35:04,2022-05-16 13:35:18,Located_Indoors,annotator,Behavioral Parameters,2022-05-16 04:03:51,2022-05-16 04:04:05
2022-05-16 13:35:18,2022-05-16 13:36:31,Located_Indoors,annotator,Behavioral Parameters,2022-05-16 04:04:05,2022-05-16 04:05:18
2022-05-16 13:36:31,2022-05-16 13:37:56,Located_Indoors,annotator,Behavioral Parameters,2022-05-16 04:05:18,2022-05-16 04:06:43
2022-05-16 13:37:56,2022-05-16 13:38:17,Located_Indoors,annotator,Behavioral Parameters,2022-05-16 04:06:43,2022-05-16 04:07:04
2022-05-16 13:38:17,2022-05-16 13:44:03,Located_Indoors, Holding_Other_Object_Light,annotator,Behavioral Parameters,2022-05-16 04:07:04,2022-05-16 04:12:50
2022-05-16 13:44:03,2022-05-16 13:44:34,Located_Indoors, Holding_Other_Object_Light, Texting/Browsing_Phone,annotator,Behavioral Parameters,2022-05-16 04:12:50,2022-05-16 04:13:21
2022-05-16 13:44:34,2022-05-16 13:56:27,Located_Indoors, Browsing_Computer,annotator,Behavioral Parameters,2022-05-16 04:13:21,2022-05-16 04:25:14
2022-05-16 13:56:27,2022-05-16 13:57:08,Located_Indoors,annotator,Behavioral Parameters,2022-05-16 04:25:14,2022-05-16 04:25:55
2022-05-16 13:57:08,2022-05-16 13:57:42,Located_Indoors,annotator,Behavioral Parameters,2022-05-16 04:25:55,2022-05-16 04:26:29
2022-05-16 13:57:42,2022-05-16 13:58:10,Located_Indoors, Holding_Other_Object_Light,annotator,Behavioral Parameters,2022-05-16 04:26:29,2022-05-16 04:26:57
2022-05-16 13:58:10,2022-05-16 13:58:52,Located_Indoors, Holding_Other_Object_Light,annotator,Behavioral Parameters,2022-05-16 04:26:57,2022-05-16 04:27:39
2022-05-16 13:58:52,2022-05-16 13:59:26,Located_Indoors, Holding_Other_Object_Light,annotator,Behavioral Parameters,2022-05-16 04:27:39,2022-05-16 04:28:13
2022-05-16 13:59:26,2022-05-16 13:59:32,Holding_Other_Object_Light, Located_Outdoors,annotator,Behavioral Parameters,2022-05-16 04:28:13,2022-05-16 04:28:19
2022-05-16 13:59:32,2022-05-16 14:02:43,Holding_Other_Object_Light, Located_Outdoors,annotator,Behavioral Parameters,2022-05-16 04:28:19,2022-05-16 04:31:30
2022-05-16 14:02:43,2022-05-16 14:03:34,Holding_Other_Object_Light, Located_Outdoors,annotator,Behavioral Parameters,2022-05-16 04:31:30,2022-05-16 04:32:21
2022-05-16 14:03:34,2022-05-16 14:05:48,Holding_Other_Object_Light, Located_Outdoors,annotator,Behavioral Parameters,2022-05-16 04:32:21,2022-05-16 04:34:35
2022-05-16 14:05:48,2022-05-16 14:05:56,Holding_Other_Object_Light, Located_Outdoors,annotator,Behavioral Parameters,2022-05-16 04:34:35,2022-05-16 04:34:43
2022-05-16 14:05:56,2022-05-16 14:05:58,Holding_Other_Object_Light, Located_Indoors,annotator,Behavioral Parameters,2022-05-16 04:34:43,2022-05-16 04:34:45
2022-05-16 14:05:58,2022-05-16 14:06:04,Holding_Other_Object_Light, Located_Indoors,annotator,Behavioral Parameters,2022-05-16 04:34:45,2022-05-16 04:34:51
2022-05-16 14:06:04,2022-05-16 14:07:34,Located_Indoors, In_Conversation,annotator,Behavioral Parameters,2022-05-16 04:34:51,2022-05-16 04:36:21
2022-05-16 14:07:34,2022-05-16 14:07:47,Located_Indoors,annotator,Behavioral Parameters,2022-05-16 04:36:21,2022-05-16 04:36:34
2022-05-16 14:07:47,2022-05-16 14:08:05,Located_Indoors,annotator,Behavioral Parameters,2022-05-16 04:36:34,2022-05-16 04:36:52
2022-05-16 14:08:05,2022-05-16 14:08:11,Located_Indoors,annotator,Behavioral Parameters,2022-05-16 04:36:52,2022-05-16 04:36:58
2022-05-16 14:08:11,2022-05-16 14:08:36,Located_Indoors, In_Conversation,annotator,Behavioral Parameters,2022-05-16 04:36:58,2022-05-16 04:37:23
2022-05-16 14:08:36,2022-05-16 14:08:55,Located_Indoors, Holding_Other_Object_Light,annotator,Behavioral Parameters,2022-05-16 04:37:23,2022-05-16 04:37:42
2022-05-16 14:08:55,2022-05-16 14:09:10,Located_Indoors,annotator,Behavioral Parameters,2022-05-16 04:37:42,2022-05-16 04:37:57
2022-05-16 14:09:10,2022-05-16 14:10:03,Located_Indoors, In_Conversation,annotator,Behavioral Parameters,2022-05-16 04:37:57,2022-05-16 04:38:50
2022-05-16 14:10:03,2022-05-16 14:10:30,Located_Indoors,annotator,Behavioral Parameters,2022-05-16 04:38:50,2022-05-16 04:39:17
2022-05-16 14:10:30,2022-05-16 14:10:40,Located_Indoors, Holding_Drink,annotator,Behavioral Parameters,2022-05-16 04:39:17,2022-05-16 04:39:27
2022-05-16 14:10:40,2022-05-16 14:12:00,Located_Indoors, Holding_Drink,annotator,Behavioral Parameters,2022-05-16 04:39:27,2022-05-16 04:40:47
2022-05-16 14:12:00,2022-05-16 14:12:28,Located_Indoors,annotator,Behavioral Parameters,2022-05-16 04:40:47,2022-05-16 04:41:15
2022-05-16 14:12:28,2022-05-16 14:12:31,Located_Indoors,annotator,Behavioral Parameters,2022-05-16 04:41:15,2022-05-16 04:41:18
2022-05-16 14:12:31,2022-05-16 14:13:22,Located_Indoors,annotator,Behavioral Parameters,2022-05-16 04:41:18,2022-05-16 04:42:09
2022-05-16 14:13:22,2022-05-16 14:13:53,Located_Indoors,annotator,Behavioral Parameters,2022-05-16 04:42:09,2022-05-16 04:42:40
2022-05-16 14:13:53,2022-05-16 14:14:03,Located_Indoors, In_Conversation,annotator,Behavioral Parameters,2022-05-16 04:42:40,2022-05-16 04:42:50
2022-05-16 14:14:03,2022-05-16 14:15:31,Located_Indoors, Holding_Other_Object_Light,annotator,Behavioral Parameters,2022-05-16 04:42:50,2022-05-16 04:44:18
2022-05-16 14:15:31,2022-05-16 14:16:43,Located_Indoors, Holding_Other_Object_Light,annotator,Behavioral Parameters,2022-05-16 04:44:18,2022-05-16 04:45:30
2022-05-16 14:16:43,2022-05-16 14:19:15,Located_Indoors, Holding_Other_Object_Light,annotator,Behavioral Parameters,2022-05-16 04:45:30,2022-05-16 04:48:02
2022-05-16 14:19:15,2022-05-16 14:20:47,Located_Indoors, Holding_Other_Object_Light, Texting/Browsing_Phone,annotator,Behavioral Parameters,2022-05-16 04:48:02,2022-05-16 04:49:34
2022-05-16 14:20:47,2022-05-16 14:22:34,Located_Indoors, Holding_Other_Object_Light,annotator,Behavioral Parameters,2022-05-16 04:49:34,2022-05-16 04:51:21
2022-05-16 14:22:34,2022-05-16 14:26:28,Located_Indoors, Holding_Other_Object_Light, Texting/Browsing_Phone,annotator,Behavioral Parameters,2022-05-16 04:51:21,2022-05-16 04:55:15
2022-05-16 14:26:28,2022-05-16 14:27:25,Located_Indoors, Holding_Other_Object_Light,annotator,Behavioral Parameters,2022-05-16 04:55:15,2022-05-16 04:56:12
2022-05-16 14:27:25,2022-05-16 14:27:38,Located_Indoors,annotator,Behavioral Parameters,2022-05-16 04:56:12,2022-05-16 04:56:25
2022-05-16 14:27:38,2022-05-16 14:27:58,Located_Indoors,annotator,Behavioral Parameters,2022-05-16 04:56:25,2022-05-16 04:56:45
2022-05-16 14:27:58,2022-05-16 14:28:09,Located_Indoors, Holding_Other_Object_Light,annotator,Behavioral Parameters,2022-05-16 04:56:45,2022-05-16 04:56:56
2022-05-16 14:28:09,2022-05-16 14:29:08,Located_Indoors,annotator,Behavioral Parameters,2022-05-16 04:56:56,2022-05-16 04:57:55
2022-05-16 14:29:08,2022-05-16 14:29:21,Located_Indoors, Holding_Drink,annotator,Behavioral Parameters,2022-05-16 04:57:55,2022-05-16 04:58:08
2022-05-16 14:29:21,2022-05-16 14:30:09,Located_Indoors,annotator,Behavioral Parameters,2022-05-16 04:58:08,2022-05-16 04:58:56
2022-05-16 14:30:09,2022-05-16 14:32:05,Located_Indoors, Holding_Other_Object_Light,annotator,Behavioral Parameters,2022-05-16 04:58:56,2022-05-16 05:00:52
2022-05-16 14:32:05,2022-05-16 14:32:14,Located_Indoors, Holding_Other_Object_Light,annotator,Behavioral Parameters,2022-05-16 05:00:52,2022-05-16 05:01:01
2022-05-16 14:32:14,2022-05-16 14:32:29,Located_Indoors, Holding_Other_Object_Light, Texting/Browsing_Phone,annotator,Behavioral Parameters,2022-05-16 05:01:01,2022-05-16 05:01:16
2022-05-16 14:32:29,2022-05-16 14:33:26,Located_Indoors, Holding_Other_Object_Light,annotator,Behavioral Parameters,2022-05-16 05:01:16,2022-05-16 05:02:13
2022-05-16 14:33:26,2022-05-16 14:35:42,Located_Indoors, Holding_Other_Object_Light, Texting/Browsing_Phone,annotator,Behavioral Parameters,2022-05-16 05:02:13,2022-05-16 05:04:29
2022-05-16 14:35:42,2022-05-16 14:35:59,Located_Indoors, Holding_Other_Object_Light,annotator,Behavioral Parameters,2022-05-16 05:04:29,2022-05-16 05:04:46
2022-05-16 14:35:59,2022-05-16 14:36:32,Located_Indoors, Holding_Other_Object_Light, Texting/Browsing_Phone,annotator,Behavioral Parameters,2022-05-16 05:04:46,2022-05-16 05:05:19
2022-05-16 14:36:32,2022-05-16 14:37:04,Located_Indoors, Holding_Other_Object_Light,annotator,Behavioral Parameters,2022-05-16 05:05:19,2022-05-16 05:05:51
2022-05-16 14:37:04,2022-05-16 14:38:24,Located_Indoors, Holding_Other_Object_Light, Texting/Browsing_Phone,annotator,Behavioral Parameters,2022-05-16 05:05:51,2022-05-16 05:07:11
2022-05-16 14:38:24,2022-05-16 14:38:54,Located_Indoors, Holding_Other_Object_Light,annotator,Behavioral Parameters,2022-05-16 05:07:11,2022-05-16 05:07:41
2022-05-16 14:38:54,2022-05-16 14:44:38,Located_Indoors, Holding_Other_Object_Light, Texting/Browsing_Phone,annotator,Behavioral Parameters,2022-05-16 05:07:41,2022-05-16 05:13:25
2022-05-16 14:44:38,2022-05-16 14:45:38,Located_Indoors, Holding_Other_Object_Light,annotator,Behavioral Parameters,2022-05-16 05:13:25,2022-05-16 05:14:25
2022-05-16 14:45:38,2022-05-16 14:46:23,Located_Indoors, Holding_Other_Object_Light,annotator,Behavioral Parameters,2022-05-16 05:14:25,2022-05-16 05:15:10
2022-05-16 14:46:23,2022-05-16 14:46:47,Located_Indoors,annotator,Behavioral Parameters,2022-05-16 05:15:10,2022-05-16 05:15:34
2022-05-16 14:46:47,2022-05-16 14:47:29,Located_Indoors, Holding_Drink,annotator,Behavioral Parameters,2022-05-16 05:15:34,2022-05-16 05:16:16
2022-05-16 14:47:29,2022-05-16 14:49:42,Located_Indoors,annotator,Behavioral Parameters,2022-05-16 05:16:16,2022-05-16 05:18:29
2022-05-16 14:49:42,2022-05-16 15:01:00,Located_Indoors, Holding_Other_Object_Light, Texting/Browsing_Phone,annotator,Behavioral Parameters,2022-05-16 05:18:29,2022-05-16 05:29:47
2022-05-16 15:01:00,2022-05-16 15:02:06,Located_Indoors, Holding_Other_Object_Light,annotator,Behavioral Parameters,2022-05-16 05:29:47,2022-05-16 05:30:53
2022-05-16 15:02:06,2022-05-16 15:02:15,Located_Indoors,annotator,Behavioral Parameters,2022-05-16 05:30:53,2022-05-16 05:31:02
2022-05-16 15:02:15,2022-05-16 15:02:22,Located_Indoors, Holding_Other_Object_Light,annotator,Behavioral Parameters,2022-05-16 05:31:02,2022-05-16 05:31:09
2022-05-16 15:02:22,2022-05-16 15:02:25,Located_Indoors, Holding_Other_Object_Light,annotator,Behavioral Parameters,2022-05-16 05:31:09,2022-05-16 05:31:12
2022-05-16 15:02:25,2022-05-16 15:03:08,Holding_Other_Object_Light, Located_Outdoors,annotator,Behavioral Parameters,2022-05-16 05:31:12,2022-05-16 05:31:55
2022-05-16 15:03:08,2022-05-16 15:03:12,Holding_Other_Object_Light, Located_Outdoors,annotator,Behavioral Parameters,2022-05-16 05:31:55,2022-05-16 05:31:59
2022-05-16 15:03:12,2022-05-16 15:03:15,Holding_Other_Object_Light, Located_Outdoors,annotator,Behavioral Parameters,2022-05-16 05:31:59,2022-05-16 05:32:02
2022-05-16 15:03:15,2022-05-16 15:03:32,Holding_Other_Object_Light, Located_Indoors,annotator,Behavioral Parameters,2022-05-16 05:32:02,2022-05-16 05:32:19
2022-05-16 15:03:32,2022-05-16 15:03:56,Holding_Other_Object_Light, Located_Indoors,annotator,Behavioral Parameters,2022-05-16 05:32:19,2022-05-16 05:32:43
2022-05-16 15:03:56,2022-05-16 15:04:24,Holding_Other_Object_Light, Located_Indoors,annotator,Behavioral Parameters,2022-05-16 05:32:43,2022-05-16 05:33:11
2022-05-16 15:04:24,2022-05-16 15:04:41,Holding_Other_Object_Light, Located_Indoors,annotator,Behavioral Parameters,2022-05-16 05:33:11,2022-05-16 05:33:28
2022-05-16 15:04:41,2022-05-16 15:05:01,Holding_Other_Object_Light, Located_Indoors,annotator,Behavioral Parameters,2022-05-16 05:33:28,2022-05-16 05:33:48
2022-05-16 15:05:01,2022-05-16 15:05:05,Holding_Other_Object_Light, Located_Indoors,annotator,Behavioral Parameters,2022-05-16 05:33:48,2022-05-16 05:33:52
2022-05-16 15:05:05,2022-05-16 15:06:04,Holding_Other_Object_Light, Located_Indoors, In_Conversation,annotator,Behavioral Parameters,2022-05-16 05:33:52,2022-05-16 05:34:51
2022-05-16 15:06:04,2022-05-16 15:06:14,Holding_Other_Object_Light, Located_Indoors,annotator,Behavioral Parameters,2022-05-16 05:34:51,2022-05-16 05:35:01
2022-05-16 15:06:14,2022-05-16 15:06:46,Holding_Other_Object_Light, Located_Outdoors,annotator,Behavioral Parameters,2022-05-16 05:35:01,2022-05-16 05:35:33
2022-05-16 15:06:46,2022-05-16 15:06:53,Holding_Other_Object_Light, Located_Outdoors,annotator,Behavioral Parameters,2022-05-16 05:35:33,2022-05-16 05:35:40
2022-05-16 15:06:53,2022-05-16 15:08:04,Holding_Other_Object_Light, Located_Outdoors,annotator,Behavioral Parameters,2022-05-16 05:35:40,2022-05-16 05:36:51
2022-05-16 15:08:04,2022-05-16 15:09:37,Holding_Other_Object_Light, Located_Outdoors,annotator,Behavioral Parameters,2022-05-16 05:36:51,2022-05-16 05:38:24
2022-05-16 15:09:37,2022-05-16 15:10:36,Holding_Other_Object_Light, Located_Indoors,annotator,Behavioral Parameters,2022-05-16 05:38:24,2022-05-16 05:39:23
2022-05-16 15:10:36,2022-05-16 15:11:38,Holding_Other_Object_Light, Located_Indoors, On_Phone_Call,annotator,Behavioral Parameters,2022-05-16 05:39:23,2022-05-16 05:40:25
2022-05-16 15:11:38,2022-05-16 15:11:50,Holding_Other_Object_Light, Located_Indoors, On_Phone_Call,annotator,Behavioral Parameters,2022-05-16 05:40:25,2022-05-16 05:40:37
2022-05-16 15:11:50,2022-05-16 15:13:41,Holding_Other_Object_Light, Located_Indoors, On_Phone_Call,annotator,Behavioral Parameters,2022-05-16 05:40:37,2022-05-16 05:42:28
2022-05-16 15:13:41,2022-05-16 15:14:01,Holding_Other_Object_Light, Located_Indoors,annotator,Behavioral Parameters,2022-05-16 05:42:28,2022-05-16 05:42:48
2022-05-16 15:14:01,2022-05-16 15:14:19,Holding_Other_Object_Light, Located_Indoors,annotator,Behavioral Parameters,2022-05-16 05:42:48,2022-05-16 05:43:06
2022-05-16 15:14:19,2022-05-16 15:15:12,Holding_Other_Object_Light, Located_Outdoors,annotator,Behavioral Parameters,2022-05-16 05:43:06,2022-05-16 05:43:59
2022-05-16 15:15:12,2022-05-16 15:19:06,Holding_Other_Object_Light, Located_Outdoors,annotator,Behavioral Parameters,2022-05-16 05:43:59,2022-05-16 05:47:53
2022-05-16 15:19:06,2022-05-16 15:20:54,Holding_Other_Object_Light, Located_Outdoors,annotator,Behavioral Parameters,2022-05-16 05:47:53,2022-05-16 05:49:41
2022-05-16 15:20:54,2022-05-16 15:21:33,Holding_Other_Object_Light, Located_Outdoors,annotator,Behavioral Parameters,2022-05-16 05:49:41,2022-05-16 05:50:20
2022-05-16 15:21:33,2022-05-16 15:21:39,Holding_Other_Object_Light, Located_Outdoors,annotator,Behavioral Parameters,2022-05-16 05:50:20,2022-05-16 05:50:26
2022-05-16 15:21:39,2022-05-16 15:22:18,Holding_Other_Object_Light, Located_Indoors,annotator,Behavioral Parameters,2022-05-16 05:50:26,2022-05-16 05:51:05
2022-05-16 15:22:18,2022-05-16 15:22:56,Holding_Other_Object_Light, Located_Indoors,annotator,Behavioral Parameters,2022-05-16 05:51:05,2022-05-16 05:51:43
2022-05-16 15:22:56,2022-05-16 15:23:19,Holding_Other_Object_Light, Located_Indoors,annotator,Behavioral Parameters,2022-05-16 05:51:43,2022-05-16 05:52:06
2022-05-16 15:23:19,2022-05-16 15:24:00,Holding_Other_Object_Light, Located_Indoors, In_Conversation,annotator,Behavioral Parameters,2022-05-16 05:52:06,2022-05-16 05:52:47
2022-05-16 15:24:00,2022-05-16 15:24:35,Holding_Other_Object_Light, Located_Indoors,annotator,Behavioral Parameters,2022-05-16 05:52:47,2022-05-16 05:53:22
2022-05-16 15:24:35,2022-05-16 15:25:37,Located_Indoors, In_Conversation,annotator,Behavioral Parameters,2022-05-16 05:53:22,2022-05-16 05:54:24
2022-05-16 15:25:37,2022-05-16 15:26:39,Located_Indoors, In_Conversation,annotator,Behavioral Parameters,2022-05-16 05:54:24,2022-05-16 05:55:26
2022-05-16 15:26:39,2022-05-16 15:27:43,Located_Indoors, In_Conversation,annotator,Behavioral Parameters,2022-05-16 05:55:26,2022-05-16 05:56:30
2022-05-16 15:27:43,2022-05-16 15:28:58,Located_Indoors, In_Conversation,annotator,Behavioral Parameters,2022-05-16 05:56:30,2022-05-16 05:57:45
2022-05-16 15:28:58,2022-05-16 15:33:10,Located_Indoors, In_Conversation, Holding_Other_Object_Light, Texting/Browsing_Phone,annotator,Behavioral Parameters,2022-05-16 05:57:45,2022-05-16 06:01:57
2022-05-16 15:33:10,2022-05-16 15:33:48,Located_Indoors, In_Conversation,annotator,Behavioral Parameters,2022-05-16 06:01:57,2022-05-16 06:02:35
2022-05-16 15:33:48,2022-05-16 15:34:28,Located_Indoors, Holding_Other_Object_Light,annotator,Behavioral Parameters,2022-05-16 06:02:35,2022-05-16 06:03:15
2022-05-16 15:34:28,2022-05-16 15:34:50,Located_Indoors, Holding_Other_Object_Light,annotator,Behavioral Parameters,2022-05-16 06:03:15,2022-05-16 06:03:37
2022-05-16 15:34:50,2022-05-16 15:35:04,Located_Indoors, Holding_Other_Object_Light, Texting/Browsing_Phone,annotator,Behavioral Parameters,2022-05-16 06:03:37,2022-05-16 06:03:51
2022-05-16 15:35:04,2022-05-16 15:35:43,Located_Indoors, Browsing_Computer,annotator,Behavioral Parameters,2022-05-16 06:03:51,2022-05-16 06:04:30
2022-05-16 15:35:43,2022-05-16 15:38:38,Located_Indoors,annotator,Behavioral Parameters,2022-05-16 06:04:30,2022-05-16 06:07:25
2022-05-16 15:38:38,2022-05-16 15:39:05,Located_Indoors, Holding_Other_Object_Light,annotator,Behavioral Parameters,2022-05-16 06:07:25,2022-05-16 06:07:52
2022-05-16 15:39:05,2022-05-16 15:50:07,Located_Indoors, Holding_Other_Object_Light, Texting/Browsing_Phone,annotator,Behavioral Parameters,2022-05-16 06:07:52,2022-05-16 06:18:54
2022-05-16 15:50:07,2022-05-16 15:50:24,Located_Indoors, Holding_Other_Object_Light,annotator,Behavioral Parameters,2022-05-16 06:18:54,2022-05-16 06:19:11
2022-05-16 15:50:24,2022-05-16 15:50:51,Located_Indoors, Holding_Other_Object_Light,annotator,Behavioral Parameters,2022-05-16 06:19:11,2022-05-16 06:19:38
2022-05-16 15:50:51,2022-05-16 15:51:11,Located_Indoors, Holding_Other_Object_Light,annotator,Behavioral Parameters,2022-05-16 06:19:38,2022-05-16 06:19:58
2022-05-16 15:51:11,2022-05-16 15:51:30,Located_Indoors,annotator,Behavioral Parameters,2022-05-16 06:19:58,2022-05-16 06:20:17
2022-05-16 15:51:30,2022-05-16 15:51:46,Located_Indoors, Holding_Other_Object_Light,annotator,Behavioral Parameters,2022-05-16 06:20:17,2022-05-16 06:20:33
2022-05-16 15:51:46,2022-05-16 15:52:02,Located_Indoors, Holding_Other_Object_Light,annotator,Behavioral Parameters,2022-05-16 06:20:33,2022-05-16 06:20:49
2022-05-16 15:52:02,2022-05-16 15:52:46,Located_Indoors, Holding_Other_Object_Light,annotator,Behavioral Parameters,2022-05-16 06:20:49,2022-05-16 06:21:33
2022-05-16 15:52:46,2022-05-16 15:53:26,Located_Indoors, Holding_Other_Object_Light,annotator,Behavioral Parameters,2022-05-16 06:21:33,2022-05-16 06:22:13
2022-05-16 15:53:26,2022-05-16 15:53:43,Located_Indoors,annotator,Behavioral Parameters,2022-05-16 06:22:13,2022-05-16 06:22:30
2022-05-16 15:53:43,2022-05-16 15:54:31,Located_Indoors, Holding_Other_Object_Light,annotator,Behavioral Parameters,2022-05-16 06:22:30,2022-05-16 06:23:18
2022-05-16 15:54:31,2022-05-16 15:57:12,Located_Indoors, Holding_Other_Object_Light, Texting/Browsing_Phone,annotator,Behavioral Parameters,2022-05-16 06:23:18,2022-05-16 06:25:59
2022-05-16 15:57:12,2022-05-16 15:57:23,Located_Indoors, Holding_Other_Object_Light,annotator,Behavioral Parameters,2022-05-16 06:25:59,2022-05-16 06:26:10
2022-05-16 15:57:23,2022-05-16 16:07:03,Located_Indoors, Holding_Other_Object_Light, Texting/Browsing_Phone,annotator,Behavioral Parameters,2022-05-16 06:26:10,2022-05-16 06:35:50
2022-05-16 16:07:03,2022-05-16 16:07:33,Located_Indoors, Holding_Other_Object_Light, Texting/Browsing_Phone,annotator,Behavioral Parameters,2022-05-16 06:35:50,2022-05-16 06:36:20
2022-05-16 16:07:33,2022-05-16 16:07:39,Located_Indoors, Holding_Other_Object_Light,annotator,Behavioral Parameters,2022-05-16 06:36:20,2022-05-16 06:36:26
2022-05-16 16:07:39,2022-05-16 16:16:54,Located_Indoors, Holding_Other_Object_Light,annotator,Behavioral Parameters,2022-05-16 06:36:26,2022-05-16 06:45:41
2022-05-16 16:16:54,2022-05-16 16:18:55,Located_Indoors, Holding_Other_Object_Light,annotator,Behavioral Parameters,2022-05-16 06:45:41,2022-05-16 06:47:42
2022-05-16 16:18:55,2022-05-16 16:20:23,Located_Indoors, Holding_Other_Object_Light,annotator,Behavioral Parameters,2022-05-16 06:47:42,2022-05-16 06:49:10
2022-05-16 16:20:23,2022-05-16 16:20:53,Located_Indoors, Holding_Other_Object_Light,annotator,Behavioral Parameters,2022-05-16 06:49:10,2022-05-16 06:49:40
2022-05-16 16:20:53,2022-05-16 16:21:44,Located_Indoors, Holding_Other_Object_Light, In_Conversation,annotator,Behavioral Parameters,2022-05-16 06:49:40,2022-05-16 06:50:31
2022-05-16 16:21:44,2022-05-16 16:22:50,Located_Indoors, Holding_Other_Object_Light,annotator,Behavioral Parameters,2022-05-16 06:50:31,2022-05-16 06:51:37
2022-05-16 16:22:50,2022-05-16 16:24:12,Located_Indoors, In_Conversation,annotator,Behavioral Parameters,2022-05-16 06:51:37,2022-05-16 06:52:59
2022-05-16 16:24:12,2022-05-16 16:25:43,Located_Indoors, In_Conversation,annotator,Behavioral Parameters,2022-05-16 06:52:59,2022-05-16 06:54:30
2022-05-16 16:25:43,2022-05-16 16:26:38,Located_Indoors, In_Conversation,annotator,Behavioral Parameters,2022-05-16 06:54:30,2022-05-16 06:55:25
2022-05-16 16:26:38,2022-05-16 16:28:28,Located_Indoors, In_Conversation,annotator,Behavioral Parameters,2022-05-16 06:55:25,2022-05-16 06:57:15
2022-05-16 16:28:28,2022-05-16 16:29:08,Located_Indoors,annotator,Behavioral Parameters,2022-05-16 06:57:15,2022-05-16 06:57:55
2022-05-16 16:29:08,2022-05-16 16:35:55,Located_Indoors, Holding_Other_Object_Light,annotator,Behavioral Parameters,2022-05-16 06:57:55,2022-05-16 07:04:42
2022-05-16 16:35:57,2022-05-16 16:36:16,Located_Indoors, Holding_Other_Object_Light,annotator,Behavioral Parameters,2022-05-16 07:04:44,2022-05-16 07:05:03
2022-05-16 16:36:16,2022-05-16 16:36:33,Located_Indoors,annotator,Behavioral Parameters,2022-05-16 07:05:03,2022-05-16 07:05:20
2022-05-16 16:36:33,2022-05-16 16:36:47,Located_Indoors, Holding_Drink,annotator,Behavioral Parameters,2022-05-16 07:05:20,2022-05-16 07:05:34
2022-05-16 16:36:47,2022-05-16 16:37:05,Located_Indoors,annotator,Behavioral Parameters,2022-05-16 07:05:34,2022-05-16 07:05:52
2022-05-16 16:37:05,2022-05-16 16:37:18,Located_Indoors,annotator,Behavioral Parameters,2022-05-16 07:05:52,2022-05-16 07:06:05
2022-05-16 16:37:18,2022-05-16 16:53:01,CP_VideoUnavailable/Indecipherable,annotator,Behavioral Parameters,2022-05-16 07:06:05,2022-05-16 07:21:48
2022-05-16 16:53:01,2022-05-16 16:53:33,Located_Indoors, Holding_Other_Object_Light,annotator,Behavioral Parameters,2022-05-16 07:21:48,2022-05-16 07:22:20
2022-05-16 16:53:33,2022-05-16 16:53:39,Located_Indoors,annotator,Behavioral Parameters,2022-05-16 07:22:20,2022-05-16 07:22:26
2022-05-16 16:53:39,2022-05-16 16:54:10,Located_Indoors,annotator,Behavioral Parameters,2022-05-16 07:22:26,2022-05-16 07:22:57
2022-05-16 16:54:10,2022-05-16 16:54:39,Located_Indoors,annotator,Behavioral Parameters,2022-05-16 07:22:57,2022-05-16 07:23:26
2022-05-16 16:54:39,2022-05-16 16:55:00,Located_Indoors,annotator,Behavioral Parameters,2022-05-16 07:23:26,2022-05-16 07:23:47
2022-05-16 16:55:00,2022-05-16 16:55:16,Located_Indoors,annotator,Behavioral Parameters,2022-05-16 07:23:47,2022-05-16 07:24:03
2022-05-16 16:55:16,2022-05-16 17:00:33,Located_Indoors, Browsing_Computer,annotator,Behavioral Parameters,2022-05-16 07:24:03,2022-05-16 07:29:20
2022-05-16 17:00:33,2022-05-16 17:24:43,Located_Indoors, Browsing_Computer, In_Conversation, On_Video_Call/FaceTime,annotator,Behavioral Parameters,2022-05-16 07:29:20,2022-05-16 07:53:30
2022-05-16 17:24:43,2022-05-16 17:25:01,Located_Indoors,annotator,Behavioral Parameters,2022-05-16 07:53:30,2022-05-16 07:53:48
2022-05-16 17:25:01,2022-05-16 17:25:36,Located_Indoors, In_Conversation,annotator,Behavioral Parameters,2022-05-16 07:53:48,2022-05-16 07:54:23
2022-05-16 17:25:36,2022-05-16 17:25:43,Located_Indoors, In_Conversation,annotator,Behavioral Parameters,2022-05-16 07:54:23,2022-05-16 07:54:30
2022-05-16 17:25:43,2022-05-16 17:26:04,Located_Indoors, In_Conversation,annotator,Behavioral Parameters,2022-05-16 07:54:30,2022-05-16 07:54:51
2022-05-16 17:26:04,2022-05-16 17:26:22,Located_Indoors,annotator,Behavioral Parameters,2022-05-16 07:54:51,2022-05-16 07:55:09
2022-05-16 17:26:22,2022-05-16 17:26:28,Located_Indoors,annotator,Behavioral Parameters,2022-05-16 07:55:09,2022-05-16 07:55:15
2022-05-16 17:26:28,2022-05-16 17:30:58,Located_Indoors, Holding_Other_Object_Light,annotator,Behavioral Parameters,2022-05-16 07:55:15,2022-05-16 07:59:45
2022-05-16 17:30:58,2022-05-16 17:33:32,Located_Indoors, Holding_Other_Object_Light,annotator,Behavioral Parameters,2022-05-16 07:59:45,2022-05-16 08:02:19
2022-05-16 17:33:32,2022-05-16 17:34:17,Located_Indoors, Holding_Other_Object_Light,annotator,Behavioral Parameters,2022-05-16 08:02:19,2022-05-16 08:03:04
2022-05-16 17:34:17,2022-05-16 17:34:43,Located_Indoors, Browsing_Computer,annotator,Behavioral Parameters,2022-05-16 08:03:04,2022-05-16 08:03:30
2022-05-16 17:34:43,2022-05-16 18:03:02,Located_Indoors, Holding_Other_Object_Light, Texting/Browsing_Phone,annotator,Behavioral Parameters,2022-05-16 08:03:30,2022-05-16 08:31:49
2022-05-16 18:03:02,2022-05-16 18:03:30,Located_Indoors,annotator,Behavioral Parameters,2022-05-16 08:31:49,2022-05-16 08:32:17
2022-05-16 18:03:30,2022-05-16 18:03:43,Located_Indoors, Holding_Other_Object_Light,annotator,Behavioral Parameters,2022-05-16 08:32:17,2022-05-16 08:32:30
2022-05-16 18:03:43,2022-05-16 18:04:15,Located_Indoors, Holding_Other_Object_Light,annotator,Behavioral Parameters,2022-05-16 08:32:30,2022-05-16 08:33:02
2022-05-16 18:04:15,2022-05-16 18:05:04,Located_Indoors, Holding_Other_Object_Light,annotator,Behavioral Parameters,2022-05-16 08:33:02,2022-05-16 08:33:51
2022-05-16 18:05:04,2022-05-16 18:05:23,Located_Indoors, Holding_Other_Object_Light,annotator,Behavioral Parameters,2022-05-16 08:33:51,2022-05-16 08:34:10
2022-05-16 18:05:23,2022-05-16 18:05:30,Located_Indoors, Holding_Other_Object_Light,annotator,Behavioral Parameters,2022-05-16 08:34:10,2022-05-16 08:34:17
2022-05-16 18:05:30,2022-05-16 18:13:08,Located_Indoors, Holding_Other_Object_Light,annotator,Behavioral Parameters,2022-05-16 08:34:17,2022-05-16 08:41:55
2022-05-16 18:13:08,2022-05-16 18:13:45,Located_Indoors, Holding_Other_Object_Light,annotator,Behavioral Parameters,2022-05-16 08:41:55,2022-05-16 08:42:32
2022-05-16 18:13:45,2022-05-16 18:14:20,Located_Indoors, Holding_Other_Object_Light,annotator,Behavioral Parameters,2022-05-16 08:42:32,2022-05-16 08:43:07
2022-05-16 18:14:20,2022-05-16 18:14:30,Located_Indoors, Holding_Other_Object_Light,annotator,Behavioral Parameters,2022-05-16 08:43:07,2022-05-16 08:43:17
2022-05-16 18:14:30,2022-05-16 18:15:26,Located_Indoors, Holding_Other_Object_Light,annotator,Behavioral Parameters,2022-05-16 08:43:17,2022-05-16 08:44:13
2022-05-16 18:15:26,2022-05-16 18:17:37,Located_Indoors, Holding_Other_Object_Light,annotator,Behavioral Parameters,2022-05-16 08:44:13,2022-05-16 08:46:24
2022-05-16 18:17:37,2022-05-16 18:17:51,Located_Indoors,annotator,Behavioral Parameters,2022-05-16 08:46:24,2022-05-16 08:46:38
2022-05-16 18:17:51,2022-05-16 18:18:51,Located_Indoors,annotator,Behavioral Parameters,2022-05-16 08:46:38,2022-05-16 08:47:38
2022-05-16 18:18:51,2022-05-16 18:19:43,Located_Indoors, Holding_Other_Object_Light, Texting/Browsing_Phone,annotator,Behavioral Parameters,2022-05-16 08:47:38,2022-05-16 08:48:30
2022-05-16 18:19:43,2022-05-16 18:20:15,Located_Indoors, Holding_Other_Object_Light,annotator,Behavioral Parameters,2022-05-16 08:48:30,2022-05-16 08:49:02
2022-05-16 18:20:15,2022-05-16 18:20:46,Located_Indoors,annotator,Behavioral Parameters,2022-05-16 08:49:02,2022-05-16 08:49:33
2022-05-16 18:20:46,2022-05-16 18:21:34,Located_Indoors, Holding_Other_Object_Light, Texting/Browsing_Phone,annotator,Behavioral Parameters,2022-05-16 08:49:33,2022-05-16 08:50:21
2022-05-16 18:21:34,2022-05-16 18:22:11,Located_Indoors, Holding_Other_Object_Light, Texting/Browsing_Phone,annotator,Behavioral Parameters,2022-05-16 08:50:21,2022-05-16 08:50:58
2022-05-16 18:22:11,2022-05-16 18:22:31,Located_Indoors,annotator,Behavioral Parameters,2022-05-16 08:50:58,2022-05-16 08:51:18
2022-05-16 18:22:31,2022-05-16 18:22:37,Located_Indoors,annotator,Behavioral Parameters,2022-05-16 08:51:18,2022-05-16 08:51:24
2022-05-16 18:22:37,2022-05-16 18:22:53,Located_Indoors,annotator,Behavioral Parameters,2022-05-16 08:51:24,2022-05-16 08:51:40
2022-05-16 18:22:53,2022-05-16 18:23:51,Located_Indoors, Holding_Other_Object_Light,annotator,Behavioral Parameters,2022-05-16 08:51:40,2022-05-16 08:52:38
2022-05-16 18:23:51,2022-05-16 18:24:13,Located_Indoors, Holding_Other_Object_Light,annotator,Behavioral Parameters,2022-05-16 08:52:38,2022-05-16 08:53:00
2022-05-16 18:24:13,2022-05-16 18:27:28,Located_Indoors, Holding_Other_Object_Light,annotator,Behavioral Parameters,2022-05-16 08:53:00,2022-05-16 08:56:15
2022-05-16 18:27:28,2022-05-16 18:28:40,Located_Indoors, Holding_Other_Object_Light,annotator,Behavioral Parameters,2022-05-16 08:56:15,2022-05-16 08:57:27
2022-05-16 18:28:40,2022-05-16 19:04:53,Located_Indoors, Holding_Other_Object_Light, Texting/Browsing_Phone,annotator,Behavioral Parameters,2022-05-16 08:57:27,2022-05-16 09:33:40
2022-05-16 19:04:53,2022-05-16 19:05:18,Located_Indoors,annotator,Behavioral Parameters,2022-05-16 09:33:40,2022-05-16 09:34:05
2022-05-16 19:05:18,2022-05-16 19:05:38,Located_Indoors,annotator,Behavioral Parameters,2022-05-16 09:34:05,2022-05-16 09:34:25
2022-05-16 19:05:38,2022-05-16 19:05:47,Located_Indoors,annotator,Behavioral Parameters,2022-05-16 09:34:25,2022-05-16 09:34:34
2022-05-16 19:05:47,2022-05-16 19:07:35,Located_Indoors, Holding_Other_Object_Light,annotator,Behavioral Parameters,2022-05-16 09:34:34,2022-05-16 09:36:22
2022-05-16 19:07:35,2022-05-16 19:08:02,Located_Indoors, Holding_Other_Object_Light,annotator,Behavioral Parameters,2022-05-16 09:36:22,2022-05-16 09:36:49
2022-05-16 19:08:02,2022-05-16 19:08:11,Located_Indoors, Holding_Other_Object_Light,annotator,Behavioral Parameters,2022-05-16 09:36:49,2022-05-16 09:36:58
2022-05-16 19:08:11,2022-05-16 19:09:51,Located_Indoors, Holding_Other_Object_Light,annotator,Behavioral Parameters,2022-05-16 09:36:58,2022-05-16 09:38:38
2022-05-16 19:09:51,2022-05-16 19:11:14,Located_Indoors, Holding_Other_Object_Light,annotator,Behavioral Parameters,2022-05-16 09:38:38,2022-05-16 09:40:01
2022-05-16 19:11:14,2022-05-16 19:12:22,Located_Indoors,annotator,Behavioral Parameters,2022-05-16 09:40:01,2022-05-16 09:41:09
2022-05-16 19:12:22,2022-05-16 19:12:47,Located_Indoors,annotator,Behavioral Parameters,2022-05-16 09:41:09,2022-05-16 09:41:34
2022-05-16 19:12:47,2022-05-16 19:13:43,Located_Indoors,annotator,Behavioral Parameters,2022-05-16 09:41:34,2022-05-16 09:42:30
2022-05-16 19:13:43,2022-05-16 19:16:03,Located_Indoors, Holding_Other_Object_Light,annotator,Behavioral Parameters,2022-05-16 09:42:30,2022-05-16 09:44:50
2022-05-16 19:16:03,2022-05-16 19:19:03,Located_Indoors, Holding_Other_Object_Light,annotator,Behavioral Parameters,2022-05-16 09:44:50,2022-05-16 09:47:50
2022-05-16 19:19:03,2022-05-16 19:19:21,Located_Indoors,annotator,Behavioral Parameters,2022-05-16 09:47:50,2022-05-16 09:48:08
2022-05-16 19:19:21,2022-05-16 19:19:33,Located_Indoors,annotator,Behavioral Parameters,2022-05-16 09:48:08,2022-05-16 09:48:20
2022-05-16 19:19:33,2022-05-16 19:20:28,Located_Indoors,annotator,Behavioral Parameters,2022-05-16 09:48:20,2022-05-16 09:49:15
2022-05-16 19:20:28,2022-05-16 19:24:38,Located_Indoors, Holding_Other_Object_Light, Texting/Browsing_Phone,annotator,Behavioral Parameters,2022-05-16 09:49:15,2022-05-16 09:53:25
2022-05-16 19:24:38,2022-05-16 19:25:59,Located_Indoors, Browsing_Computer,annotator,Behavioral Parameters,2022-05-16 09:53:25,2022-05-16 09:54:46
2022-05-16 19:25:59,2022-05-16 19:26:26,Located_Indoors,annotator,Behavioral Parameters,2022-05-16 09:54:46,2022-05-16 09:55:13
2022-05-16 19:26:26,2022-05-16 19:26:49,Located_Indoors,annotator,Behavioral Parameters,2022-05-16 09:55:13,2022-05-16 09:55:36
2022-05-16 19:26:49,2022-05-16 19:28:02,Located_Indoors, Browsing_Computer,annotator,Behavioral Parameters,2022-05-16 09:55:36,2022-05-16 09:56:49
2022-05-16 19:28:02,2022-05-16 19:28:19,Located_Indoors, Holding_Other_Object_Light, Texting/Browsing_Phone,annotator,Behavioral Parameters,2022-05-16 09:56:49,2022-05-16 09:57:06
2022-05-16 19:28:19,2022-05-16 19:29:04,Located_Indoors,annotator,Behavioral Parameters,2022-05-16 09:57:06,2022-05-16 09:57:51
2022-05-16 19:29:04,2022-05-16 19:31:38,Located_Indoors, Typing_Computer,annotator,Behavioral Parameters,2022-05-16 09:57:51,2022-05-16 10:00:25
2022-05-16 19:31:38,2022-05-16 19:32:25,Located_Indoors, Browsing_Computer,annotator,Behavioral Parameters,2022-05-16 10:00:25,2022-05-16 10:01:12
2022-05-16 19:32:25,2022-05-16 19:32:39,Located_Indoors, Holding_Other_Object_Light, Texting/Browsing_Phone,annotator,Behavioral Parameters,2022-05-16 10:01:12,2022-05-16 10:01:26
2022-05-16 19:32:39,2022-05-16 19:33:25,Located_Indoors, Browsing_Computer,annotator,Behavioral Parameters,2022-05-16 10:01:26,2022-05-16 10:02:12
2022-05-16 19:33:25,2022-05-16 19:34:37,Located_Indoors, Typing_Computer,annotator,Behavioral Parameters,2022-05-16 10:02:12,2022-05-16 10:03:24
2022-05-16 19:34:37,2022-05-16 19:34:54,Located_Indoors, Holding_Other_Object_Light, Texting/Browsing_Phone,annotator,Behavioral Parameters,2022-05-16 10:03:24,2022-05-16 10:03:41
2022-05-16 19:34:54,2022-05-16 19:39:46,Located_Indoors, Typing_Computer,annotator,Behavioral Parameters,2022-05-16 10:03:41,2022-05-16 10:08:33
2022-05-16 19:39:46,2022-05-16 19:40:51,Located_Indoors, Browsing_Computer,annotator,Behavioral Parameters,2022-05-16 10:08:33,2022-05-16 10:09:38
2022-05-16 19:40:51,2022-05-16 19:42:45,Located_Indoors, Typing_Computer,annotator,Behavioral Parameters,2022-05-16 10:09:38,2022-05-16 10:11:32
2022-05-16 19:42:45,2022-05-16 19:42:58,Located_Indoors, Browsing_Computer,annotator,Behavioral Parameters,2022-05-16 10:11:32,2022-05-16 10:11:45
2022-05-16 19:42:58,2022-05-16 19:43:54,Located_Indoors,annotator,Behavioral Parameters,2022-05-16 10:11:45,2022-05-16 10:12:41
2022-05-16 19:43:54,2022-05-16 19:58:26,Located_Indoors, Typing_Computer,annotator,Behavioral Parameters,2022-05-16 10:12:41,2022-05-16 10:27:13
2022-05-16 19:58:26,2022-05-16 19:59:17,Located_Indoors, Browsing_Computer,annotator,Behavioral Parameters,2022-05-16 10:27:13,2022-05-16 10:28:04
2022-05-16 19:59:17,2022-05-16 20:03:17,Located_Indoors, Typing_Computer,annotator,Behavioral Parameters,2022-05-16 10:28:04,2022-05-16 10:32:04
2022-05-16 20:03:17,2022-05-16 20:03:33,Located_Indoors, Holding_Other_Object_Light, Texting/Browsing_Phone,annotator,Behavioral Parameters,2022-05-16 10:32:04,2022-05-16 10:32:20
2022-05-16 20:03:33,2022-05-16 20:04:47,Located_Indoors, Typing_Computer,annotator,Behavioral Parameters,2022-05-16 10:32:20,2022-05-16 10:33:34
2022-05-16 20:04:47,2022-05-16 20:05:17,Located_Indoors, Browsing_Computer,annotator,Behavioral Parameters,2022-05-16 10:33:34,2022-05-16 10:34:04
2022-05-16 20:05:17,2022-05-16 20:07:30,Located_Indoors, Holding_Other_Object_Light, Texting/Browsing_Phone,annotator,Behavioral Parameters,2022-05-16 10:34:04,2022-05-16 10:36:17
2022-05-16 20:07:30,2022-05-16 20:13:21,Located_Indoors, Browsing_Computer,annotator,Behavioral Parameters,2022-05-16 10:36:17,2022-05-16 10:42:08
2022-05-16 20:13:21,2022-05-16 20:14:14,Located_Indoors, Holding_Other_Object_Light, Texting/Browsing_Phone,annotator,Behavioral Parameters,2022-05-16 10:42:08,2022-05-16 10:43:01
2022-05-16 20:14:14,2022-05-16 20:19:38,Located_Indoors, Browsing_Computer,annotator,Behavioral Parameters,2022-05-16 10:43:01,2022-05-16 10:48:25
2022-05-16 20:19:38,2022-05-16 20:20:56,Located_Indoors, Holding_Other_Object_Light, Texting/Browsing_Phone,annotator,Behavioral Parameters,2022-05-16 10:48:25,2022-05-16 10:49:43
2022-05-16 20:20:56,2022-05-16 20:25:05,Located_Indoors, Browsing_Computer,annotator,Behavioral Parameters,2022-05-16 10:49:43,2022-05-16 10:53:52
2022-05-16 20:25:05,2022-05-16 20:25:35,Located_Indoors,annotator,Behavioral Parameters,2022-05-16 10:53:52,2022-05-16 10:54:22
2022-05-16 20:25:35,2022-05-16 20:25:55,Located_Indoors, In_Conversation,annotator,Behavioral Parameters,2022-05-16 10:54:22,2022-05-16 10:54:42
2022-05-16 20:25:55,2022-05-16 20:26:22,Located_Indoors,annotator,Behavioral Parameters,2022-05-16 10:54:42,2022-05-16 10:55:09
2022-05-16 20:26:22,2022-05-16 20:54:24,Located_Indoors, Holding_Other_Object_Light, Texting/Browsing_Phone,annotator,Behavioral Parameters,2022-05-16 10:55:09,2022-05-16 11:23:11
2022-05-16 20:54:24,2022-05-16 20:55:00,Located_Indoors,annotator,Behavioral Parameters,2022-05-16 11:23:11,2022-05-16 11:23:47
2022-05-16 20:55:00,2022-05-16 20:55:13,Located_Indoors,annotator,Behavioral Parameters,2022-05-16 11:23:47,2022-05-16 11:24:00
2022-05-16 20:55:13,2022-05-16 20:56:20,Located_Indoors, In_Conversation,annotator,Behavioral Parameters,2022-05-16 11:24:00,2022-05-16 11:25:07
2022-05-16 20:56:20,2022-05-16 20:56:42,Located_Indoors,annotator,Behavioral Parameters,2022-05-16 11:25:07,2022-05-16 11:25:29
2022-05-16 20:56:42,2022-05-16 20:58:29,Located_Indoors, In_Conversation,annotator,Behavioral Parameters,2022-05-16 11:25:29,2022-05-16 11:27:16
2022-05-16 20:58:29,2022-05-16 20:58:40,Located_Indoors, In_Conversation, Holding_Other_Object_Light,annotator,Behavioral Parameters,2022-05-16 11:27:16,2022-05-16 11:27:27
2022-05-16 20:58:40,2022-05-16 20:59:15,Located_Indoors, In_Conversation, Holding_Other_Object_Light,annotator,Behavioral Parameters,2022-05-16 11:27:27,2022-05-16 11:28:02
2022-05-16 20:59:15,2022-05-16 21:00:44,Located_Indoors, In_Conversation, Holding_Other_Object_Light,annotator,Behavioral Parameters,2022-05-16 11:28:02,2022-05-16 11:29:31
2022-05-16 21:00:44,2022-05-16 21:00:54,Located_Indoors, In_Conversation, Holding_Other_Object_Light,annotator,Behavioral Parameters,2022-05-16 11:29:31,2022-05-16 11:29:41
2022-05-16 21:00:54,2022-05-16 21:01:16,Located_Indoors, In_Conversation, Holding_Other_Object_Light,annotator,Behavioral Parameters,2022-05-16 11:29:41,2022-05-16 11:30:03
2022-05-16 21:01:16,2022-05-16 21:01:40,Located_Indoors, In_Conversation, Holding_Other_Object_Light,annotator,Behavioral Parameters,2022-05-16 11:30:03,2022-05-16 11:30:27
2022-05-16 21:01:40,2022-05-16 21:02:53,Located_Indoors, In_Conversation, Holding_Other_Object_Light,annotator,Behavioral Parameters,2022-05-16 11:30:27,2022-05-16 11:31:40
2022-05-16 21:02:53,2022-05-16 21:03:03,Located_Indoors, In_Conversation, Holding_Other_Object_Light,annotator,Behavioral Parameters,2022-05-16 11:31:40,2022-05-16 11:31:50
2022-05-16 21:03:03,2022-05-16 21:08:28,Located_Indoors, In_Conversation, Holding_Other_Object_Light,annotator,Behavioral Parameters,2022-05-16 11:31:50,2022-05-16 11:37:15
2022-05-16 21:08:28,2022-05-16 21:42:36,Located_Indoors, In_Conversation, Holding_Other_Object_Light,annotator,Behavioral Parameters,2022-05-16 11:37:15,2022-05-16 12:11:23
2022-05-16 21:42:36,2022-05-16 21:42:50,Located_Indoors,annotator,Behavioral Parameters,2022-05-16 12:11:23,2022-05-16 12:11:37
2022-05-16 21:42:50,2022-05-16 21:43:08,Located_Indoors, Holding_Other_Object_Light,annotator,Behavioral Parameters,2022-05-16 12:11:37,2022-05-16 12:11:55
2022-05-16 21:43:08,2022-05-16 21:43:31,Located_Indoors, Holding_Other_Object_Light, In_Conversation,annotator,Behavioral Parameters,2022-05-16 12:11:55,2022-05-16 12:12:18
2022-05-16 21:43:31,2022-05-16 21:43:54,Located_Indoors, Holding_Other_Object_Light, In_Conversation, Texting/Browsing_Phone,annotator,Behavioral Parameters,2022-05-16 12:12:18,2022-05-16 12:12:41
2022-05-16 21:43:54,2022-05-16 21:44:39,Located_Indoors, Holding_Other_Object_Light, In_Conversation,annotator,Behavioral Parameters,2022-05-16 12:12:41,2022-05-16 12:13:26
2022-05-16 21:44:39,2022-05-16 21:46:01,Located_Indoors, Holding_Other_Object_Light, In_Conversation, Texting/Browsing_Phone,annotator,Behavioral Parameters,2022-05-16 12:13:26,2022-05-16 12:14:48
2022-05-16 21:46:01,2022-05-16 21:46:12,Located_Indoors, Holding_Other_Object_Light, In_Conversation,annotator,Behavioral Parameters,2022-05-16 12:14:48,2022-05-16 12:14:59
2022-05-16 21:46:12,2022-05-16 21:47:11,Located_Indoors,annotator,Behavioral Parameters,2022-05-16 12:14:59,2022-05-16 12:15:58
2022-05-16 21:47:11,2022-05-16 21:47:29,Located_Indoors, Holding_Other_Object_Light, Texting/Browsing_Phone, In_Conversation,annotator,Behavioral Parameters,2022-05-16 12:15:58,2022-05-16 12:16:16
2022-05-16 21:47:29,2022-05-16 21:47:50,Located_Indoors, Holding_Other_Object_Light, In_Conversation,annotator,Behavioral Parameters,2022-05-16 12:16:16,2022-05-16 12:16:37
2022-05-16 21:47:50,2022-05-16 21:48:53,Located_Indoors, Holding_Other_Object_Light, In_Conversation, Texting/Browsing_Phone,annotator,Behavioral Parameters,2022-05-16 12:16:37,2022-05-16 12:17:40
2022-05-16 21:48:53,2022-05-16 21:49:10,Located_Indoors, Holding_Other_Object_Light, In_Conversation,annotator,Behavioral Parameters,2022-05-16 12:17:40,2022-05-16 12:17:57
2022-05-16 21:49:10,2022-05-16 21:49:42,Located_Indoors, In_Conversation,annotator,Behavioral Parameters,2022-05-16 12:17:57,2022-05-16 12:18:29
2022-05-16 21:49:42,2022-05-16 21:50:11,Located_Indoors, In_Conversation, Holding_Other_Object_Light,annotator,Behavioral Parameters,2022-05-16 12:18:29,2022-05-16 12:18:58
2022-05-16 21:50:11,2022-05-16 21:51:02,Located_Indoors, In_Conversation, Holding_Other_Object_Light,annotator,Behavioral Parameters,2022-05-16 12:18:58,2022-05-16 12:19:49
2022-05-16 21:51:02,2022-05-16 21:51:37,Located_Indoors, In_Conversation, Holding_Other_Object_Light,annotator,Behavioral Parameters,2022-05-16 12:19:49,2022-05-16 12:20:24
2022-05-16 21:51:37,2022-05-16 21:51:53,Located_Indoors, In_Conversation, Holding_Other_Object_Light,annotator,Behavioral Parameters,2022-05-16 12:20:24,2022-05-16 12:20:40
2022-05-16 21:51:53,2022-05-16 21:52:07,Located_Indoors, In_Conversation, Holding_Other_Object_Light,annotator,Behavioral Parameters,2022-05-16 12:20:40,2022-05-16 12:20:54
2022-05-16 21:52:07,2022-05-16 21:53:08,Located_Indoors, In_Conversation, Holding_Other_Object_Light, Texting/Browsing_Phone,annotator,Behavioral Parameters,2022-05-16 12:20:54,2022-05-16 12:21:55
2022-05-16 21:53:08,2022-05-16 21:53:14,Located_Indoors,annotator,Behavioral Parameters,2022-05-16 12:21:55,2022-05-16 12:22:01
2022-05-16 21:53:14,2022-05-16 21:53:31,Located_Indoors,annotator,Behavioral Parameters,2022-05-16 12:22:01,2022-05-16 12:22:18
2022-05-16 21:53:31,2022-05-16 21:53:37,Located_Indoors, Holding_Solid_Food,annotator,Behavioral Parameters,2022-05-16 12:22:18,2022-05-16 12:22:24
2022-05-16 21:53:37,2022-05-16 21:53:55,Located_Indoors, Holding_Other_Object_Light,annotator,Behavioral Parameters,2022-05-16 12:22:24,2022-05-16 12:22:42
2022-05-16 21:53:55,2022-05-16 21:54:24,Located_Indoors, Holding_Other_Object_Light, Texting/Browsing_Phone,annotator,Behavioral Parameters,2022-05-16 12:22:42,2022-05-16 12:23:11
2022-05-16 21:54:24,2022-05-16 21:54:55,Located_Indoors, Holding_Other_Object_Light,annotator,Behavioral Parameters,2022-05-16 12:23:11,2022-05-16 12:23:42
2022-05-16 21:54:55,2022-05-16 21:56:19,Located_Indoors,annotator,Behavioral Parameters,2022-05-16 12:23:42,2022-05-16 12:25:06
2022-05-16 21:56:19,2022-05-16 21:56:33,Located_Indoors,annotator,Behavioral Parameters,2022-05-16 12:25:06,2022-05-16 12:25:20
2022-05-16 21:56:33,2022-05-16 21:56:50,Located_Indoors, In_Conversation,annotator,Behavioral Parameters,2022-05-16 12:25:20,2022-05-16 12:25:37
2022-05-16 21:56:50,2022-05-16 21:57:32,Located_Indoors, In_Conversation, Holding_Other_Object_Light,annotator,Behavioral Parameters,2022-05-16 12:25:37,2022-05-16 12:26:19
2022-05-16 21:57:32,2022-05-16 21:57:50,Located_Indoors, Holding_Other_Object_Light,annotator,Behavioral Parameters,2022-05-16 12:26:19,2022-05-16 12:26:37
2022-05-16 21:57:50,2022-05-16 21:58:02,Located_Indoors, Holding_Other_Object_Light, In_Conversation,annotator,Behavioral Parameters,2022-05-16 12:26:37,2022-05-16 12:26:49
2022-05-16 21:58:02,2022-05-16 21:58:26,Located_Indoors, Holding_Other_Object_Light,annotator,Behavioral Parameters,2022-05-16 12:26:49,2022-05-16 12:27:13
2022-05-16 21:58:26,2022-05-16 21:58:30,Located_Indoors, Holding_Other_Object_Light,annotator,Behavioral Parameters,2022-05-16 12:27:13,2022-05-16 12:27:17
2022-05-16 21:58:30,2022-05-16 22:00:24,Located_Indoors, Holding_Other_Object_Light,annotator,Behavioral Parameters,2022-05-16 12:27:17,2022-05-16 12:29:11
2022-05-16 22:00:24,2022-05-16 22:07:28,Located_Indoors, Holding_Other_Object_Light,annotator,Behavioral Parameters,2022-05-16 12:29:11,2022-05-16 12:36:15
2022-05-16 22:07:28,2022-05-16 22:07:43,Located_Indoors, Holding_Other_Object_Light,annotator,Behavioral Parameters,2022-05-16 12:36:15,2022-05-16 12:36:30
2022-05-16 22:07:43,2022-05-16 22:08:10,Located_Indoors, Holding_Other_Object_Light,annotator,Behavioral Parameters,2022-05-16 12:36:30,2022-05-16 12:36:57
2022-05-16 22:08:10,2022-05-16 22:08:25,Located_Indoors, In_Conversation,annotator,Behavioral Parameters,2022-05-16 12:36:57,2022-05-16 12:37:12
2022-05-16 22:08:25,2022-05-16 22:09:48,Located_Indoors,annotator,Behavioral Parameters,2022-05-16 12:37:12,2022-05-16 12:38:35
2022-05-16 22:09:48,2022-05-16 22:12:23,Located_Indoors,annotator,Behavioral Parameters,2022-05-16 12:38:35,2022-05-16 12:41:10
2022-05-16 22:12:23,2022-05-16 22:13:17,Located_Indoors,annotator,Behavioral Parameters,2022-05-16 12:41:10,2022-05-16 12:42:04
2022-05-16 22:13:17,2022-05-16 22:13:57,Located_Indoors,annotator,Behavioral Parameters,2022-05-16 12:42:04,2022-05-16 12:42:44
2022-05-16 22:13:57,2022-05-16 22:21:16,Located_Indoors, Holding_Other_Object_Light,annotator,Behavioral Parameters,2022-05-16 12:42:44,2022-05-16 12:50:03
2022-05-16 22:21:16,2022-05-16 22:47:54,Located_Indoors,annotator,Behavioral Parameters,2022-05-16 12:50:03,2022-05-16 13:16:41
2022-05-16 22:47:54,2022-05-16 22:48:23,Located_Indoors, Holding_Other_Object_Light, Browsing_Computer,annotator,Behavioral Parameters,2022-05-16 13:16:41,2022-05-16 13:17:10
2022-05-16 22:48:23,2022-05-17 00:02:51,Located_Indoors,annotator,Behavioral Parameters,2022-05-16 13:17:10,2022-05-16 14:31:38
2022-05-17 00:02:52,2022-05-17 00:03:50,Located_Indoors,annotator,Behavioral Parameters,2022-05-16 14:31:39,2022-05-16 14:32:37
2022-05-17 00:03:50,2022-05-17 00:12:01,Located_Indoors, Holding_Other_Object_Light,annotator,Behavioral Parameters,2022-05-16 14:32:37,2022-05-16 14:40:48
2022-05-17 00:12:01,2022-05-17 00:13:05,Located_Indoors,annotator,Behavioral Parameters,2022-05-16 14:40:48,2022-05-16 14:41:52
2022-05-17 00:13:05,2022-05-17 00:13:42,Located_Indoors,annotator,Behavioral Parameters,2022-05-16 14:41:52,2022-05-16 14:42:29
2022-05-17 00:13:42,2022-05-17 00:13:54,Located_Indoors,annotator,Behavioral Parameters,2022-05-16 14:42:29,2022-05-16 14:42:41
2022-05-17 00:13:54,2022-05-17 00:16:40,Located_Indoors, Holding_Other_Object_Light, Texting/Browsing_Phone,annotator,Behavioral Parameters,2022-05-16 14:42:41,2022-05-16 14:45:27
2022-05-17 00:16:40,2022-05-17 00:17:37,Located_Indoors,annotator,Behavioral Parameters,2022-05-16 14:45:27,2022-05-16 14:46:24
2022-05-17 00:17:37,2022-05-17 00:17:49,Located_Indoors,annotator,Behavioral Parameters,2022-05-16 14:46:24,2022-05-16 14:46:36
2022-05-17 00:17:49,2022-05-17 00:17:56,Located_Indoors,annotator,Behavioral Parameters,2022-05-16 14:46:36,2022-05-16 14:46:43
2022-05-17 00:17:56,2022-05-17 00:19:25,Located_Indoors,annotator,Behavioral Parameters,2022-05-16 14:46:43,2022-05-16 14:48:12
2022-05-17 00:19:25,2022-05-17 00:19:32,Located_Indoors,annotator,Behavioral Parameters,2022-05-16 14:48:12,2022-05-16 14:48:19
2022-05-17 00:19:32,2022-05-17 00:19:55,Located_Indoors,annotator,Behavioral Parameters,2022-05-16 14:48:19,2022-05-16 14:48:42
2022-05-17 00:19:55,2022-05-17 00:20:04,Located_Indoors,annotator,Behavioral Parameters,2022-05-16 14:48:42,2022-05-16 14:48:51
2022-05-17 00:20:04,2022-05-17 00:20:21,Located_Indoors,annotator,Behavioral Parameters,2022-05-16 14:48:51,2022-05-16 14:49:08
2022-05-17 00:20:21,2022-05-17 00:21:05,Located_Indoors, Holding_Drink,annotator,Behavioral Parameters,2022-05-16 14:49:08,2022-05-16 14:49:52
2022-05-17 00:21:05,2022-05-17 00:21:30,Located_Indoors,annotator,Behavioral Parameters,2022-05-16 14:49:52,2022-05-16 14:50:17
2022-05-17 00:21:30,2022-05-17 00:24:37,Located_Indoors,annotator,Behavioral Parameters,2022-05-16 14:50:17,2022-05-16 14:53:24
2022-05-17 00:24:37,2022-05-17 00:24:57,Located_Indoors,annotator,Behavioral Parameters,2022-05-16 14:53:24,2022-05-16 14:53:44
2022-05-17 00:24:57,2022-05-17 00:25:07,Located_Indoors, Holding_Drink,annotator,Behavioral Parameters,2022-05-16 14:53:44,2022-05-16 14:53:54
2022-05-17 00:25:07,2022-05-17 00:25:43,Located_Indoors,annotator,Behavioral Parameters,2022-05-16 14:53:54,2022-05-16 14:54:30
2022-05-17 00:25:43,2022-05-17 00:37:16,Located_Indoors, Holding_Other_Object_Light, Texting/Browsing_Phone,annotator,Behavioral Parameters,2022-05-16 14:54:30,2022-05-16 15:06:03
2022-05-17 00:37:16,2022-05-17 00:37:37,Located_Indoors,annotator,Behavioral Parameters,2022-05-16 15:06:03,2022-05-16 15:06:24
2022-05-17 00:37:37,2022-05-17 00:42:15,Located_Indoors, In_Conversation, Holding_Drink,annotator,Behavioral Parameters,2022-05-16 15:06:24,2022-05-16 15:11:02
2022-05-17 00:42:15,2022-05-17 00:42:39,Located_Indoors,annotator,Behavioral Parameters,2022-05-16 15:11:02,2022-05-16 15:11:26
2022-05-17 00:42:39,2022-05-17 00:43:20,Located_Indoors, In_Conversation,annotator,Behavioral Parameters,2022-05-16 15:11:26,2022-05-16 15:12:07
2022-05-17 00:43:20,2022-05-17 00:44:35,Located_Indoors,annotator,Behavioral Parameters,2022-05-16 15:12:07,2022-05-16 15:13:22
2022-05-17 00:44:35,2022-05-17 00:45:16,Located_Indoors, In_Conversation,annotator,Behavioral Parameters,2022-05-16 15:13:22,2022-05-16 15:14:03
2022-05-17 00:45:16,2022-05-17 00:45:18,Located_Indoors,annotator,Behavioral Parameters,2022-05-16 15:14:03,2022-05-16 15:14:05
2022-05-17 00:45:18,2022-05-17 00:45:28,Located_Indoors,annotator,Behavioral Parameters,2022-05-16 15:14:05,2022-05-16 15:14:15
2022-05-17 00:45:28,2022-05-17 01:04:19,Located_Indoors,annotator,Behavioral Parameters,2022-05-16 15:14:15,2022-05-16 15:33:06
2022-05-17 01:04:19,2022-05-17 01:04:41,Located_Indoors,annotator,Behavioral Parameters,2022-05-16 15:33:06,2022-05-16 15:33:28
2022-05-17 01:04:41,2022-05-17 01:05:06,Located_Indoors,annotator,Behavioral Parameters,2022-05-16 15:33:28,2022-05-16 15:33:53
2022-05-17 01:05:06,2022-05-17 01:05:31,Located_Indoors,annotator,Behavioral Parameters,2022-05-16 15:33:53,2022-05-16 15:34:18
2022-05-17 01:05:31,2022-05-17 01:06:25,Located_Indoors,annotator,Behavioral Parameters,2022-05-16 15:34:18,2022-05-16 15:35:12
2022-05-17 01:06:25,2022-05-17 01:07:05,Located_Indoors,annotator,Behavioral Parameters,2022-05-16 15:35:12,2022-05-16 15:35:52
2022-05-17 01:07:05,2022-05-17 01:09:41,Located_Indoors, Holding_Other_Object_Light,annotator,Behavioral Parameters,2022-05-16 15:35:52,2022-05-16 15:38:28
