START_TIME,STOP_TIME,PREDICTION,SOURCE,LABELSET,VIDEO_START_TIME,VIDEO_END_TIME
2022-04-01 12:39:28,2022-04-01 13:00:38,HLB_Indecipherable/Video_Insufficient,annotator,HIGH LEVEL BEHAVIOR,2022-04-01 00:00:00,2022-04-01 00:21:10
2022-04-01 13:00:38,2022-04-01 13:01:59,HLB_Other,annotator,HIGH LEVEL BEHAVIOR,2022-04-01 00:21:10,2022-04-01 00:22:31
2022-04-01 13:01:59,2022-04-01 13:04:24,HLB_Indecipherable/Video_Insufficient,annotator,HIGH LEVEL BEHAVIOR,2022-04-01 00:22:31,2022-04-01 00:24:56
2022-04-01 13:04:24,2022-04-01 13:04:35,HLB_Other,annotator,HIGH LEVEL BEHAVIOR,2022-04-01 00:24:56,2022-04-01 00:25:07
2022-04-01 13:04:35,2022-04-01 13:06:22,HLB_Unlabeled,annotator,HIGH LEVEL BEHAVIOR,2022-04-01 00:25:07,2022-04-01 00:26:54
2022-04-01 13:06:22,2022-04-01 13:06:31,HLB_Unlabeled,annotator,HIGH LEVEL BEHAVIOR,2022-04-01 00:26:54,2022-04-01 00:27:03
2022-04-01 13:06:31,2022-04-01 13:07:34,Using_Computer/Screen,annotator,HIGH LEVEL BEHAVIOR,2022-04-01 00:27:03,2022-04-01 00:28:06
2022-04-01 13:07:34,2022-04-01 13:11:32,HLB_Indecipherable/Video_Insufficient,annotator,HIGH LEVEL BEHAVIOR,2022-04-01 00:28:06,2022-04-01 00:32:04
2022-04-01 13:11:32,2022-04-01 13:11:51,HLB_Unlabeled,annotator,HIGH LEVEL BEHAVIOR,2022-04-01 00:32:04,2022-04-01 00:32:23
2022-04-01 13:11:51,2022-04-01 13:12:18,HLB_Unlabeled,annotator,HIGH LEVEL BEHAVIOR,2022-04-01 00:32:23,2022-04-01 00:32:50
2022-04-01 13:12:18,2022-04-01 13:12:32,HLB_Unlabeled,annotator,HIGH LEVEL BEHAVIOR,2022-04-01 00:32:50,2022-04-01 00:33:04
2022-04-01 13:12:32,2022-04-01 13:14:16,HLB_Unlabeled,annotator,HIGH LEVEL BEHAVIOR,2022-04-01 00:33:04,2022-04-01 00:34:48
2022-04-01 13:14:16,2022-04-01 13:15:04,HLB_Unlabeled,annotator,HIGH LEVEL BEHAVIOR,2022-04-01 00:34:48,2022-04-01 00:35:36
2022-04-01 13:15:04,2022-04-01 13:16:13,HLB_Unlabeled,annotator,HIGH LEVEL BEHAVIOR,2022-04-01 00:35:36,2022-04-01 00:36:45
2022-04-01 13:16:13,2022-04-01 13:17:42,HLB_Indecipherable/Video_Insufficient,annotator,HIGH LEVEL BEHAVIOR,2022-04-01 00:36:45,2022-04-01 00:38:14
2022-04-01 13:17:42,2022-04-01 13:40:02,HLB_Indecipherable/Video_Insufficient,annotator,HIGH LEVEL BEHAVIOR,2022-04-01 00:38:14,2022-04-01 01:00:34
2022-04-01 13:40:02,2022-04-01 13:40:30,HLB_Unlabeled,annotator,HIGH LEVEL BEHAVIOR,2022-04-01 01:00:34,2022-04-01 01:01:02
2022-04-01 13:40:30,2022-04-01 13:40:38,In_Bathroom,annotator,HIGH LEVEL BEHAVIOR,2022-04-01 01:01:02,2022-04-01 01:01:10
2022-04-01 13:40:38,2022-04-01 13:40:53,In_Bathroom,annotator,HIGH LEVEL BEHAVIOR,2022-04-01 01:01:10,2022-04-01 01:01:25
2022-04-01 13:40:53,2022-04-01 13:41:08,In_Bathroom, Grooming/Self_Care,annotator,HIGH LEVEL BEHAVIOR,2022-04-01 01:01:25,2022-04-01 01:01:40
2022-04-01 13:41:08,2022-04-01 13:41:15,In_Bathroom,annotator,HIGH LEVEL BEHAVIOR,2022-04-01 01:01:40,2022-04-01 01:01:47
2022-04-01 13:41:15,2022-04-01 13:41:18,In_Transit_Active,annotator,HIGH LEVEL BEHAVIOR,2022-04-01 01:01:47,2022-04-01 01:01:50
2022-04-01 13:41:18,2022-04-01 13:41:32,HLB_Unlabeled,annotator,HIGH LEVEL BEHAVIOR,2022-04-01 01:01:50,2022-04-01 01:02:04
2022-04-01 13:41:38,2022-04-01 14:01:32,HLB_Indecipherable/Video_Insufficient,annotator,HIGH LEVEL BEHAVIOR,2022-04-01 01:02:10,2022-04-01 01:22:04
2022-04-01 14:01:32,2022-04-01 14:02:19,HLB_Unlabeled,annotator,HIGH LEVEL BEHAVIOR,2022-04-01 01:22:04,2022-04-01 01:22:51
2022-04-01 14:02:19,2022-04-01 14:03:30,HLB_Other, In_Transit_Active,annotator,HIGH LEVEL BEHAVIOR,2022-04-01 01:22:51,2022-04-01 01:24:02
2022-04-01 14:03:30,2022-04-01 14:03:55,HLB_Other, In_Transit_Active,annotator,HIGH LEVEL BEHAVIOR,2022-04-01 01:24:02,2022-04-01 01:24:27
2022-04-01 14:03:57,2022-04-01 14:05:26,In_Transit_Active, HLB_Other,annotator,HIGH LEVEL BEHAVIOR,2022-04-01 01:24:29,2022-04-01 01:25:58
2022-04-01 14:05:26,2022-04-01 14:06:20,In_Transit_Active,annotator,HIGH LEVEL BEHAVIOR,2022-04-01 01:25:58,2022-04-01 01:26:52
2022-04-01 14:06:20,2022-04-01 14:06:56,HLB_Unlabeled,annotator,HIGH LEVEL BEHAVIOR,2022-04-01 01:26:52,2022-04-01 01:27:28
2022-04-01 14:06:56,2022-04-01 14:07:48,HLB_Unlabeled,annotator,HIGH LEVEL BEHAVIOR,2022-04-01 01:27:28,2022-04-01 01:28:20
2022-04-01 14:07:48,2022-04-01 14:08:00,HLB_Unlabeled,annotator,HIGH LEVEL BEHAVIOR,2022-04-01 01:28:20,2022-04-01 01:28:32
2022-04-01 14:08:00,2022-04-01 14:08:07,HLB_Unlabeled,annotator,HIGH LEVEL BEHAVIOR,2022-04-01 01:28:32,2022-04-01 01:28:39
2022-04-01 14:08:07,2022-04-01 14:08:52,HLB_Unlabeled,annotator,HIGH LEVEL BEHAVIOR,2022-04-01 01:28:39,2022-04-01 01:29:24
2022-04-01 14:08:52,2022-04-01 14:08:58,HLB_Unlabeled,annotator,HIGH LEVEL BEHAVIOR,2022-04-01 01:29:24,2022-04-01 01:29:30
2022-04-01 14:08:58,2022-04-01 14:10:45,HLB_Unlabeled,annotator,HIGH LEVEL BEHAVIOR,2022-04-01 01:29:30,2022-04-01 01:31:17
2022-04-01 14:10:45,2022-04-01 14:11:50,In_Transit_Active,annotator,HIGH LEVEL BEHAVIOR,2022-04-01 01:31:17,2022-04-01 01:32:22
2022-04-01 14:11:50,2022-04-01 14:13:01,HLB_Unlabeled,annotator,HIGH LEVEL BEHAVIOR,2022-04-01 01:32:22,2022-04-01 01:33:33
2022-04-01 14:13:01,2022-04-01 14:13:26,Using_Computer/Screen, WatchingTV/Movies,annotator,HIGH LEVEL BEHAVIOR,2022-04-01 01:33:33,2022-04-01 01:33:58
2022-04-01 14:13:26,2022-04-01 14:13:26,Using_Computer/Screen, WatchingTV/Movies,annotator,HIGH LEVEL BEHAVIOR,2022-04-01 01:33:58,2022-04-01 01:33:58
2022-04-01 14:13:27,2022-04-01 14:17:52,Using_Computer/Screen, WatchingTV/Movies, Eating/Dining,annotator,HIGH LEVEL BEHAVIOR,2022-04-01 01:33:59,2022-04-01 01:38:24
2022-04-01 14:17:52,2022-04-01 14:18:23,HLB_Unlabeled,annotator,HIGH LEVEL BEHAVIOR,2022-04-01 01:38:24,2022-04-01 01:38:55
2022-04-01 14:18:23,2022-04-01 14:19:31,In_Transit_Active,annotator,HIGH LEVEL BEHAVIOR,2022-04-01 01:38:55,2022-04-01 01:40:03
2022-04-01 14:19:31,2022-04-01 14:20:03,In_Transit_Active, HLB_Other,annotator,HIGH LEVEL BEHAVIOR,2022-04-01 01:40:03,2022-04-01 01:40:35
2022-04-01 14:20:03,2022-04-01 14:20:11,In_Transit_Active,annotator,HIGH LEVEL BEHAVIOR,2022-04-01 01:40:35,2022-04-01 01:40:43
2022-04-01 14:20:11,2022-04-01 14:21:03,In_Transit_Active, HLB_Other,annotator,HIGH LEVEL BEHAVIOR,2022-04-01 01:40:43,2022-04-01 01:41:35
2022-04-01 14:21:03,2022-04-01 14:21:18,HLB_Unlabeled,annotator,HIGH LEVEL BEHAVIOR,2022-04-01 01:41:35,2022-04-01 01:41:50
2022-04-01 14:21:18,2022-04-01 14:21:41,HLB_Other, In_Transit_Active,annotator,HIGH LEVEL BEHAVIOR,2022-04-01 01:41:50,2022-04-01 01:42:13
2022-04-01 14:21:41,2022-04-01 14:21:55,HLB_Unlabeled,annotator,HIGH LEVEL BEHAVIOR,2022-04-01 01:42:13,2022-04-01 01:42:27
2022-04-01 14:21:55,2022-04-01 14:21:58,In_Transit_Active,annotator,HIGH LEVEL BEHAVIOR,2022-04-01 01:42:27,2022-04-01 01:42:30
2022-04-01 14:21:58,2022-04-01 14:22:04,In_Transit_Active,annotator,HIGH LEVEL BEHAVIOR,2022-04-01 01:42:30,2022-04-01 01:42:36
2022-04-01 14:22:04,2022-04-01 14:22:45,In_Transit_Active,annotator,HIGH LEVEL BEHAVIOR,2022-04-01 01:42:36,2022-04-01 01:43:17
2022-04-01 14:22:45,2022-04-01 14:23:59,HLB_Unlabeled,annotator,HIGH LEVEL BEHAVIOR,2022-04-01 01:43:17,2022-04-01 01:44:31
2022-04-01 14:23:59,2022-04-01 14:25:24,HLB_Unlabeled,annotator,HIGH LEVEL BEHAVIOR,2022-04-01 01:44:31,2022-04-01 01:45:56
2022-04-01 14:25:24,2022-04-01 14:29:25,HLB_Unlabeled,annotator,HIGH LEVEL BEHAVIOR,2022-04-01 01:45:56,2022-04-01 01:49:57
2022-04-01 14:29:25,2022-04-01 14:29:48,HLB_Unlabeled,annotator,HIGH LEVEL BEHAVIOR,2022-04-01 01:49:57,2022-04-01 01:50:20
2022-04-01 14:29:48,2022-04-01 14:30:17,HLB_Unlabeled,annotator,HIGH LEVEL BEHAVIOR,2022-04-01 01:50:20,2022-04-01 01:50:49
2022-04-01 14:30:17,2022-04-01 14:31:32,HLB_Unlabeled,annotator,HIGH LEVEL BEHAVIOR,2022-04-01 01:50:49,2022-04-01 01:52:04
2022-04-01 14:31:32,2022-04-01 15:19:07,HLB_Indecipherable/Video_Insufficient,annotator,HIGH LEVEL BEHAVIOR,2022-04-01 01:52:04,2022-04-01 02:39:39
2022-04-01 15:19:07,2022-04-01 15:19:51,In_Transit_Active,annotator,HIGH LEVEL BEHAVIOR,2022-04-01 02:39:39,2022-04-01 02:40:23
2022-04-01 15:19:51,2022-04-01 15:20:44,In_Transit_Active,annotator,HIGH LEVEL BEHAVIOR,2022-04-01 02:40:23,2022-04-01 02:41:16
2022-04-01 15:20:44,2022-04-01 15:21:45,HLB_Unlabeled,annotator,HIGH LEVEL BEHAVIOR,2022-04-01 02:41:16,2022-04-01 02:42:17
2022-04-01 15:21:45,2022-04-01 15:21:55,In_Transit_Active,annotator,HIGH LEVEL BEHAVIOR,2022-04-01 02:42:17,2022-04-01 02:42:27
2022-04-01 15:21:55,2022-04-01 15:29:16,HLB_Unlabeled,annotator,HIGH LEVEL BEHAVIOR,2022-04-01 02:42:27,2022-04-01 02:49:48
2022-04-01 15:29:16,2022-04-01 15:29:29,In_Transit_Active,annotator,HIGH LEVEL BEHAVIOR,2022-04-01 02:49:48,2022-04-01 02:50:01
2022-04-01 15:29:29,2022-04-01 15:29:43,In_Transit_Active,annotator,HIGH LEVEL BEHAVIOR,2022-04-01 02:50:01,2022-04-01 02:50:15
2022-04-01 15:29:43,2022-04-01 15:31:50,HLB_Unlabeled,annotator,HIGH LEVEL BEHAVIOR,2022-04-01 02:50:15,2022-04-01 02:52:22
2022-04-01 15:31:50,2022-04-01 15:32:07,HLB_Unlabeled,annotator,HIGH LEVEL BEHAVIOR,2022-04-01 02:52:22,2022-04-01 02:52:39
2022-04-01 15:32:07,2022-04-01 15:33:46,HLB_Unlabeled,annotator,HIGH LEVEL BEHAVIOR,2022-04-01 02:52:39,2022-04-01 02:54:18
2022-04-01 15:33:46,2022-04-01 15:50:17,HLB_Unlabeled,annotator,HIGH LEVEL BEHAVIOR,2022-04-01 02:54:18,2022-04-01 03:10:49
2022-04-01 15:50:17,2022-04-01 15:50:35,HLB_Unlabeled,annotator,HIGH LEVEL BEHAVIOR,2022-04-01 03:10:49,2022-04-01 03:11:07
2022-04-01 15:50:35,2022-04-01 15:50:48,In_Transit_Active,annotator,HIGH LEVEL BEHAVIOR,2022-04-01 03:11:07,2022-04-01 03:11:20
2022-04-01 15:50:48,2022-04-01 15:51:08,In_Transit_Active,annotator,HIGH LEVEL BEHAVIOR,2022-04-01 03:11:20,2022-04-01 03:11:40
2022-04-01 15:51:08,2022-04-01 15:52:28,HLB_Unlabeled,annotator,HIGH LEVEL BEHAVIOR,2022-04-01 03:11:40,2022-04-01 03:13:00
2022-04-01 15:52:28,2022-04-01 15:52:39,In_Transit_Active,annotator,HIGH LEVEL BEHAVIOR,2022-04-01 03:13:00,2022-04-01 03:13:11
2022-04-01 15:52:39,2022-04-01 15:53:18,In_Transit_Active,annotator,HIGH LEVEL BEHAVIOR,2022-04-01 03:13:11,2022-04-01 03:13:50
2022-04-01 15:53:18,2022-04-01 15:54:11,In_Transit_Active,annotator,HIGH LEVEL BEHAVIOR,2022-04-01 03:13:50,2022-04-01 03:14:43
2022-04-01 15:54:11,2022-04-01 15:55:11,In_Transit_Active,annotator,HIGH LEVEL BEHAVIOR,2022-04-01 03:14:43,2022-04-01 03:15:43
2022-04-01 15:55:11,2022-04-01 15:55:45,In_Transit_Active,annotator,HIGH LEVEL BEHAVIOR,2022-04-01 03:15:43,2022-04-01 03:16:17
2022-04-01 15:55:45,2022-04-01 15:58:26,In_Transit_Active,annotator,HIGH LEVEL BEHAVIOR,2022-04-01 03:16:17,2022-04-01 03:18:58
2022-04-01 15:58:26,2022-04-01 15:58:35,In_Transit_Active,annotator,HIGH LEVEL BEHAVIOR,2022-04-01 03:18:58,2022-04-01 03:19:07
2022-04-01 15:58:35,2022-04-01 15:58:40,In_Transit_Active,annotator,HIGH LEVEL BEHAVIOR,2022-04-01 03:19:07,2022-04-01 03:19:12
2022-04-01 15:58:40,2022-04-01 15:59:36,In_Transit_Active,annotator,HIGH LEVEL BEHAVIOR,2022-04-01 03:19:12,2022-04-01 03:20:08
2022-04-01 15:59:36,2022-04-01 15:59:44,In_Transit_Active,annotator,HIGH LEVEL BEHAVIOR,2022-04-01 03:20:08,2022-04-01 03:20:16
2022-04-01 15:59:44,2022-04-01 16:01:06,HLB_Unlabeled,annotator,HIGH LEVEL BEHAVIOR,2022-04-01 03:20:16,2022-04-01 03:21:38
2022-04-01 16:01:06,2022-04-01 16:01:13,In_Transit_Active,annotator,HIGH LEVEL BEHAVIOR,2022-04-01 03:21:38,2022-04-01 03:21:45
2022-04-01 16:01:13,2022-04-01 16:01:56,HLB_Unlabeled,annotator,HIGH LEVEL BEHAVIOR,2022-04-01 03:21:45,2022-04-01 03:22:28
2022-04-01 16:02:02,2022-04-01 16:02:44,Dressing/Undressing,annotator,HIGH LEVEL BEHAVIOR,2022-04-01 03:22:34,2022-04-01 03:23:16
2022-04-01 16:02:44,2022-04-01 16:03:34,In_Transit_Active,annotator,HIGH LEVEL BEHAVIOR,2022-04-01 03:23:16,2022-04-01 03:24:06
2022-04-01 16:03:34,2022-04-01 16:03:46,In_Transit_Active,annotator,HIGH LEVEL BEHAVIOR,2022-04-01 03:24:06,2022-04-01 03:24:18
2022-04-01 16:03:57,2022-04-01 16:09:18,In_Transit_Active,annotator,HIGH LEVEL BEHAVIOR,2022-04-01 03:24:29,2022-04-01 03:29:50
2022-04-01 16:09:18,2022-04-01 16:11:36,In_Transit_Active,annotator,HIGH LEVEL BEHAVIOR,2022-04-01 03:29:50,2022-04-01 03:32:08
2022-04-01 16:11:36,2022-04-01 16:12:04,In_Transit_Active,annotator,HIGH LEVEL BEHAVIOR,2022-04-01 03:32:08,2022-04-01 03:32:36
2022-04-01 16:12:04,2022-04-01 16:13:01,In_Transit_Active,annotator,HIGH LEVEL BEHAVIOR,2022-04-01 03:32:36,2022-04-01 03:33:33
2022-04-01 16:13:01,2022-04-01 16:13:24,In_Transit_Active, Riding_Elevator_Up,annotator,HIGH LEVEL BEHAVIOR,2022-04-01 03:33:33,2022-04-01 03:33:56
2022-04-01 16:13:24,2022-04-01 16:13:34,In_Transit_Active,annotator,HIGH LEVEL BEHAVIOR,2022-04-01 03:33:56,2022-04-01 03:34:06
2022-04-01 16:13:34,2022-04-01 16:14:08,Meeting _Social_Gathering_In_Person,annotator,HIGH LEVEL BEHAVIOR,2022-04-01 03:34:06,2022-04-01 03:34:40
2022-04-01 16:14:08,2022-04-01 16:14:30,Meeting _Social_Gathering_In_Person,annotator,HIGH LEVEL BEHAVIOR,2022-04-01 03:34:40,2022-04-01 03:35:02
2022-04-01 16:14:30,2022-04-01 16:15:08,Meeting _Social_Gathering_In_Person,annotator,HIGH LEVEL BEHAVIOR,2022-04-01 03:35:02,2022-04-01 03:35:40
2022-04-01 16:15:08,2022-04-01 16:19:28,Meeting _Social_Gathering_In_Person,annotator,HIGH LEVEL BEHAVIOR,2022-04-01 03:35:40,2022-04-01 03:40:00
2022-04-01 16:19:28,2022-04-01 16:21:12,,annotator,HIGH LEVEL BEHAVIOR,2022-04-01 03:40:00,2022-04-01 03:41:44
2022-04-01 16:21:12,2022-04-01 16:24:28,Meeting _Social_Gathering_In_Person,annotator,HIGH LEVEL BEHAVIOR,2022-04-01 03:41:44,2022-04-01 03:45:00
2022-04-01 16:24:28,2022-04-01 16:25:01,In_Transit_Active,annotator,HIGH LEVEL BEHAVIOR,2022-04-01 03:45:00,2022-04-01 03:45:33
2022-04-01 16:25:01,2022-04-01 16:25:33,In_Transit_Active,annotator,HIGH LEVEL BEHAVIOR,2022-04-01 03:45:33,2022-04-01 03:46:05
2022-04-01 16:25:33,2022-04-01 16:25:59,In_Transit_Active, Riding_Elevator_Down,annotator,HIGH LEVEL BEHAVIOR,2022-04-01 03:46:05,2022-04-01 03:46:31
2022-04-01 16:25:59,2022-04-01 16:26:14,In_Transit_Active,annotator,HIGH LEVEL BEHAVIOR,2022-04-01 03:46:31,2022-04-01 03:46:46
2022-04-01 16:26:14,2022-04-01 16:28:16,In_Transit_Active,annotator,HIGH LEVEL BEHAVIOR,2022-04-01 03:46:46,2022-04-01 03:48:48
2022-04-01 16:28:16,2022-04-01 16:30:53,In_Transit_Active,annotator,HIGH LEVEL BEHAVIOR,2022-04-01 03:48:48,2022-04-01 03:51:25
2022-04-01 16:30:54,2022-04-01 16:31:29,In_Transit_Active,annotator,HIGH LEVEL BEHAVIOR,2022-04-01 03:51:26,2022-04-01 03:52:01
2022-04-01 16:31:29,2022-04-01 16:31:51,In_Transit_Active,annotator,HIGH LEVEL BEHAVIOR,2022-04-01 03:52:01,2022-04-01 03:52:23
2022-04-01 16:31:51,2022-04-01 16:32:36,In_Transit_Active,annotator,HIGH LEVEL BEHAVIOR,2022-04-01 03:52:23,2022-04-01 03:53:08
2022-04-01 16:32:36,2022-04-01 16:34:26,In_Transit_Active,annotator,HIGH LEVEL BEHAVIOR,2022-04-01 03:53:08,2022-04-01 03:54:58
2022-04-01 16:34:26,2022-04-01 16:35:37,In_Transit_Active,annotator,HIGH LEVEL BEHAVIOR,2022-04-01 03:54:58,2022-04-01 03:56:09
2022-04-01 16:35:38,2022-04-01 16:38:04,,annotator,HIGH LEVEL BEHAVIOR,2022-04-01 03:56:10,2022-04-01 03:58:36
2022-04-01 16:38:04,2022-04-01 16:44:31,,annotator,HIGH LEVEL BEHAVIOR,2022-04-01 03:58:36,2022-04-01 04:05:03
2022-04-01 16:44:31,2022-04-01 16:45:07,,annotator,HIGH LEVEL BEHAVIOR,2022-04-01 04:05:03,2022-04-01 04:05:39
2022-04-01 16:45:07,2022-04-01 16:45:13,,annotator,HIGH LEVEL BEHAVIOR,2022-04-01 04:05:39,2022-04-01 04:05:45
2022-04-01 16:45:18,2022-04-01 16:48:28,,annotator,HIGH LEVEL BEHAVIOR,2022-04-01 04:05:50,2022-04-01 04:09:00
2022-04-01 16:48:31,2022-04-01 16:48:31,,annotator,HIGH LEVEL BEHAVIOR,2022-04-01 04:09:03,2022-04-01 04:09:03
2022-04-01 16:48:31,2022-04-01 16:50:38,,annotator,HIGH LEVEL BEHAVIOR,2022-04-01 04:09:03,2022-04-01 04:11:10
2022-04-01 16:48:31,2022-04-01 16:48:31,,annotator,HIGH LEVEL BEHAVIOR,2022-04-01 04:09:03,2022-04-01 04:09:03
2022-04-01 16:50:39,2022-04-01 16:51:05,,annotator,HIGH LEVEL BEHAVIOR,2022-04-01 04:11:11,2022-04-01 04:11:37
2022-04-01 16:51:05,2022-04-01 16:51:17,,annotator,HIGH LEVEL BEHAVIOR,2022-04-01 04:11:37,2022-04-01 04:11:49
2022-04-01 16:51:17,2022-04-01 17:03:38,,annotator,HIGH LEVEL BEHAVIOR,2022-04-01 04:11:49,2022-04-01 04:24:10
2022-04-01 17:03:38,2022-04-01 17:04:10,In_Transit_Active,annotator,HIGH LEVEL BEHAVIOR,2022-04-01 04:24:10,2022-04-01 04:24:42
2022-04-01 17:04:10,2022-04-01 17:04:24,In_Transit_Active,annotator,HIGH LEVEL BEHAVIOR,2022-04-01 04:24:42,2022-04-01 04:24:56
2022-04-01 17:04:24,2022-04-01 17:04:47,In_Transit_Active,annotator,HIGH LEVEL BEHAVIOR,2022-04-01 04:24:56,2022-04-01 04:25:19
2022-04-01 17:04:47,2022-04-01 17:05:41,In_Transit_Active,annotator,HIGH LEVEL BEHAVIOR,2022-04-01 04:25:19,2022-04-01 04:26:13
2022-04-01 17:05:41,2022-04-01 17:06:11,In_Transit_Active,annotator,HIGH LEVEL BEHAVIOR,2022-04-01 04:26:13,2022-04-01 04:26:43
2022-04-01 17:06:11,2022-04-01 17:07:15,In_Transit_Active,annotator,HIGH LEVEL BEHAVIOR,2022-04-01 04:26:43,2022-04-01 04:27:47
2022-04-01 17:07:15,2022-04-01 17:08:37,In_Transit_Active,annotator,HIGH LEVEL BEHAVIOR,2022-04-01 04:27:47,2022-04-01 04:29:09
2022-04-01 17:08:37,2022-04-01 17:09:52,In_Transit_Active,annotator,HIGH LEVEL BEHAVIOR,2022-04-01 04:29:09,2022-04-01 04:30:24
2022-04-01 17:09:52,2022-04-01 17:10:19,In_Transit_Active,annotator,HIGH LEVEL BEHAVIOR,2022-04-01 04:30:24,2022-04-01 04:30:51
2022-04-01 17:10:19,2022-04-01 17:10:53,In_Transit_Active, Meeting _Social_Gathering_In_Person,annotator,HIGH LEVEL BEHAVIOR,2022-04-01 04:30:51,2022-04-01 04:31:25
2022-04-01 17:11:07,2022-04-01 17:15:21,Meeting _Social_Gathering_In_Person,annotator,HIGH LEVEL BEHAVIOR,2022-04-01 04:31:39,2022-04-01 04:35:53
2022-04-01 17:15:21,2022-04-01 17:20:15,Meeting _Social_Gathering_In_Person,annotator,HIGH LEVEL BEHAVIOR,2022-04-01 04:35:53,2022-04-01 04:40:47
2022-04-01 17:20:15,2022-04-01 17:59:41,,annotator,HIGH LEVEL BEHAVIOR,2022-04-01 04:40:47,2022-04-01 05:20:13
2022-04-01 17:59:41,2022-04-01 18:14:53,Meeting _Social_Gathering_In_Person, Using_Computer/Screen,annotator,HIGH LEVEL BEHAVIOR,2022-04-01 05:20:13,2022-04-01 05:35:25
2022-04-01 18:20:40,2022-04-02 01:08:19,,annotator,HIGH LEVEL BEHAVIOR,2022-04-01 05:41:12,2022-04-01 12:28:51
2022-04-02 01:08:23,2022-04-02 01:08:47,In_Transit_Active,annotator,HIGH LEVEL BEHAVIOR,2022-04-01 12:28:55,2022-04-01 12:29:19
2022-04-02 01:08:47,2022-04-02 01:08:59,In_Transit_Active,annotator,HIGH LEVEL BEHAVIOR,2022-04-01 12:29:19,2022-04-01 12:29:31
2022-04-02 01:08:59,2022-04-02 01:09:10,In_Transit_Active,annotator,HIGH LEVEL BEHAVIOR,2022-04-01 12:29:31,2022-04-01 12:29:42
2022-04-02 01:09:10,2022-04-02 01:10:38,In_Transit_Active, HLB_Other,annotator,HIGH LEVEL BEHAVIOR,2022-04-01 12:29:42,2022-04-01 12:31:10
2022-04-02 01:10:38,2022-04-02 01:12:37,,annotator,HIGH LEVEL BEHAVIOR,2022-04-01 12:31:10,2022-04-01 12:33:09
2022-04-02 01:12:37,2022-04-02 01:13:05,Meeting _Social_Gathering_In_Person,annotator,HIGH LEVEL BEHAVIOR,2022-04-01 12:33:09,2022-04-01 12:33:37
2022-04-02 01:13:05,2022-04-02 01:13:20,Meeting _Social_Gathering_In_Person, In_Transit_Active,annotator,HIGH LEVEL BEHAVIOR,2022-04-01 12:33:37,2022-04-01 12:33:52
2022-04-02 01:13:20,2022-04-02 01:13:41,Meeting _Social_Gathering_In_Person, In_Transit_Active,annotator,HIGH LEVEL BEHAVIOR,2022-04-01 12:33:52,2022-04-01 12:34:13
2022-04-02 01:13:41,2022-04-02 01:13:52,Meeting _Social_Gathering_In_Person, In_Transit_Active,annotator,HIGH LEVEL BEHAVIOR,2022-04-01 12:34:13,2022-04-01 12:34:24
2022-04-02 01:13:52,2022-04-02 01:13:57,Meeting _Social_Gathering_In_Person, In_Transit_Active,annotator,HIGH LEVEL BEHAVIOR,2022-04-01 12:34:24,2022-04-01 12:34:29
2022-04-02 01:13:57,2022-04-02 01:14:10,Meeting _Social_Gathering_In_Person, In_Transit_Active,annotator,HIGH LEVEL BEHAVIOR,2022-04-01 12:34:29,2022-04-01 12:34:42
2022-04-02 01:14:10,2022-04-02 01:14:33,Meeting _Social_Gathering_In_Person, Grooming/Self_Care,annotator,HIGH LEVEL BEHAVIOR,2022-04-01 12:34:42,2022-04-01 12:35:05
2022-04-02 01:14:33,2022-04-02 01:14:46,Meeting _Social_Gathering_In_Person, Grooming/Self_Care,annotator,HIGH LEVEL BEHAVIOR,2022-04-01 12:35:05,2022-04-01 12:35:18
2022-04-02 01:14:46,2022-04-02 05:21:56,,annotator,HIGH LEVEL BEHAVIOR,2022-04-01 12:35:18,2022-04-01 16:42:28
2022-04-02 05:21:56,2022-04-02 05:22:48,HLB_Other, In_Transit_Active,annotator,HIGH LEVEL BEHAVIOR,2022-04-01 16:42:28,2022-04-01 16:43:20
2022-04-02 05:22:48,2022-04-02 05:23:00,In_Transit_Active,annotator,HIGH LEVEL BEHAVIOR,2022-04-01 16:43:20,2022-04-01 16:43:32
2022-04-02 05:23:00,2022-04-02 05:23:04,In_Transit_Active,annotator,HIGH LEVEL BEHAVIOR,2022-04-01 16:43:32,2022-04-01 16:43:36
2022-04-02 05:23:04,2022-04-02 05:23:38,In_Transit_Active,annotator,HIGH LEVEL BEHAVIOR,2022-04-01 16:43:36,2022-04-01 16:44:10
2022-04-02 05:23:38,2022-04-02 05:23:55,In_Transit_Active,annotator,HIGH LEVEL BEHAVIOR,2022-04-01 16:44:10,2022-04-01 16:44:27
2022-04-02 05:23:55,2022-04-02 05:24:07,In_Transit_Active,annotator,HIGH LEVEL BEHAVIOR,2022-04-01 16:44:27,2022-04-01 16:44:39
2022-04-02 05:24:07,2022-04-02 05:25:35,,annotator,HIGH LEVEL BEHAVIOR,2022-04-01 16:44:39,2022-04-01 16:46:07
2022-04-02 05:25:35,2022-04-02 05:36:52,,annotator,HIGH LEVEL BEHAVIOR,2022-04-01 16:46:07,2022-04-01 16:57:24
2022-04-02 05:36:52,2022-04-02 05:37:04,In_Transit_Active,annotator,HIGH LEVEL BEHAVIOR,2022-04-01 16:57:24,2022-04-01 16:57:36
2022-04-02 05:38:09,2022-04-02 05:38:27,,annotator,HIGH LEVEL BEHAVIOR,2022-04-01 16:58:41,2022-04-01 16:58:59
