START_TIME,STOP_TIME,PREDICTION,SOURCE,LABELSET,VIDEO_START_TIME,VIDEO_END_TIME
2022-06-09 09:52:28,2022-06-09 09:52:56,Free_Living,annotator,Experimental situation,2022-06-09 00:00:00,2022-06-09 00:00:28
2022-06-09 09:52:56,2022-06-09 09:53:03,Free_Living,annotator,Experimental situation,2022-06-09 00:00:28,2022-06-09 00:00:35
2022-06-09 09:53:03,2022-06-09 09:53:25,Free_Living,annotator,Experimental situation,2022-06-09 00:00:35,2022-06-09 00:00:57
2022-06-09 09:53:25,2022-06-09 09:53:32,Free_Living,annotator,Experimental situation,2022-06-09 00:00:57,2022-06-09 00:01:04
2022-06-09 09:53:32,2022-06-09 09:53:52,Free_Living,annotator,Experimental situation,2022-06-09 00:01:04,2022-06-09 00:01:24
2022-06-09 09:53:52,2022-06-09 09:53:57,Free_Living,annotator,Experimental situation,2022-06-09 00:01:24,2022-06-09 00:01:29
2022-06-09 09:53:57,2022-06-09 09:54:03,Free_Living,annotator,Experimental situation,2022-06-09 00:01:29,2022-06-09 00:01:35
2022-06-09 09:54:03,2022-06-09 09:54:29,Free_Living,annotator,Experimental situation,2022-06-09 00:01:35,2022-06-09 00:02:01
2022-06-09 09:54:29,2022-06-09 09:54:36,Free_Living,annotator,Experimental situation,2022-06-09 00:02:01,2022-06-09 00:02:08
2022-06-09 09:54:36,2022-06-09 09:55:02,Free_Living,annotator,Experimental situation,2022-06-09 00:02:08,2022-06-09 00:02:34
2022-06-09 09:55:02,2022-06-09 09:55:48,Free_Living,annotator,Experimental situation,2022-06-09 00:02:34,2022-06-09 00:03:20
2022-06-09 09:55:48,2022-06-09 09:55:57,Free_Living,annotator,Experimental situation,2022-06-09 00:03:20,2022-06-09 00:03:29
2022-06-09 09:55:57,2022-06-09 09:56:04,Free_Living,annotator,Experimental situation,2022-06-09 00:03:29,2022-06-09 00:03:36
2022-06-09 09:56:04,2022-06-09 09:56:33,Free_Living,annotator,Experimental situation,2022-06-09 00:03:36,2022-06-09 00:04:05
2022-06-09 09:56:33,2022-06-09 09:56:48,Free_Living,annotator,Experimental situation,2022-06-09 00:04:05,2022-06-09 00:04:20
2022-06-09 09:56:50,2022-06-09 09:57:14,Free_Living,annotator,Experimental situation,2022-06-09 00:04:22,2022-06-09 00:04:46
2022-06-09 09:57:14,2022-06-09 09:57:28,Free_Living,annotator,Experimental situation,2022-06-09 00:04:46,2022-06-09 00:05:00
2022-06-09 09:57:28,2022-06-09 09:57:38,Free_Living,annotator,Experimental situation,2022-06-09 00:05:00,2022-06-09 00:05:10
2022-06-09 09:57:38,2022-06-09 09:58:31,Free_Living,annotator,Experimental situation,2022-06-09 00:05:10,2022-06-09 00:06:03
2022-06-09 09:58:31,2022-06-09 09:59:08,Free_Living,annotator,Experimental situation,2022-06-09 00:06:03,2022-06-09 00:06:40
2022-06-09 09:59:08,2022-06-09 10:01:16,Free_Living,annotator,Experimental situation,2022-06-09 00:06:40,2022-06-09 00:08:48
2022-06-09 10:01:16,2022-06-09 10:03:32,Free_Living,annotator,Experimental situation,2022-06-09 00:08:48,2022-06-09 00:11:04
2022-06-09 10:03:32,2022-06-09 10:03:40,Free_Living,annotator,Experimental situation,2022-06-09 00:11:04,2022-06-09 00:11:12
2022-06-09 10:03:40,2022-06-09 10:03:55,Free_Living,annotator,Experimental situation,2022-06-09 00:11:12,2022-06-09 00:11:27
2022-06-09 10:03:55,2022-06-09 10:05:09,Free_Living,annotator,Experimental situation,2022-06-09 00:11:27,2022-06-09 00:12:41
2022-06-09 10:05:09,2022-06-09 10:07:02,Free_Living,annotator,Experimental situation,2022-06-09 00:12:41,2022-06-09 00:14:34
2022-06-09 10:07:02,2022-06-09 10:07:23,Free_Living,annotator,Experimental situation,2022-06-09 00:14:34,2022-06-09 00:14:55
2022-06-09 10:07:23,2022-06-09 10:08:02,Free_Living,annotator,Experimental situation,2022-06-09 00:14:55,2022-06-09 00:15:34
2022-06-09 10:08:02,2022-06-09 10:08:09,Free_Living,annotator,Experimental situation,2022-06-09 00:15:34,2022-06-09 00:15:41
2022-06-09 10:08:09,2022-06-09 10:08:37,Free_Living,annotator,Experimental situation,2022-06-09 00:15:41,2022-06-09 00:16:09
2022-06-09 10:08:37,2022-06-09 10:08:51,Free_Living,annotator,Experimental situation,2022-06-09 00:16:09,2022-06-09 00:16:23
2022-06-09 10:08:51,2022-06-09 10:09:01,Free_Living,annotator,Experimental situation,2022-06-09 00:16:23,2022-06-09 00:16:33
2022-06-09 10:09:01,2022-06-09 10:09:11,Free_Living,annotator,Experimental situation,2022-06-09 00:16:33,2022-06-09 00:16:43
2022-06-09 10:09:11,2022-06-09 10:09:18,Free_Living,annotator,Experimental situation,2022-06-09 00:16:43,2022-06-09 00:16:50
2022-06-09 10:09:18,2022-06-09 10:09:41,Free_Living,annotator,Experimental situation,2022-06-09 00:16:50,2022-06-09 00:17:13
2022-06-09 10:09:41,2022-06-09 10:10:04,Free_Living,annotator,Experimental situation,2022-06-09 00:17:13,2022-06-09 00:17:36
2022-06-09 10:10:04,2022-06-09 10:10:18,Free_Living,annotator,Experimental situation,2022-06-09 00:17:36,2022-06-09 00:17:50
2022-06-09 10:10:18,2022-06-09 10:10:27,Free_Living,annotator,Experimental situation,2022-06-09 00:17:50,2022-06-09 00:17:59
2022-06-09 10:10:27,2022-06-09 10:10:40,Free_Living,annotator,Experimental situation,2022-06-09 00:17:59,2022-06-09 00:18:12
2022-06-09 10:10:40,2022-06-09 10:11:48,Free_Living,annotator,Experimental situation,2022-06-09 00:18:12,2022-06-09 00:19:20
2022-06-09 10:11:48,2022-06-09 10:12:34,Free_Living,annotator,Experimental situation,2022-06-09 00:19:20,2022-06-09 00:20:06
2022-06-09 10:12:34,2022-06-09 10:13:10,Free_Living,annotator,Experimental situation,2022-06-09 00:20:06,2022-06-09 00:20:42
2022-06-09 10:13:10,2022-06-09 10:14:47,Free_Living,annotator,Experimental situation,2022-06-09 00:20:42,2022-06-09 00:22:19
2022-06-09 10:14:47,2022-06-09 10:17:10,Free_Living,annotator,Experimental situation,2022-06-09 00:22:19,2022-06-09 00:24:42
2022-06-09 10:17:10,2022-06-09 10:17:29,Free_Living,annotator,Experimental situation,2022-06-09 00:24:42,2022-06-09 00:25:01
2022-06-09 10:17:29,2022-06-09 10:17:52,Free_Living,annotator,Experimental situation,2022-06-09 00:25:01,2022-06-09 00:25:24
2022-06-09 10:17:52,2022-06-09 10:18:12,Free_Living,annotator,Experimental situation,2022-06-09 00:25:24,2022-06-09 00:25:44
2022-06-09 10:18:12,2022-06-09 10:18:25,Free_Living,annotator,Experimental situation,2022-06-09 00:25:44,2022-06-09 00:25:57
2022-06-09 10:18:25,2022-06-09 10:19:43,Free_Living,annotator,Experimental situation,2022-06-09 00:25:57,2022-06-09 00:27:15
2022-06-09 10:19:43,2022-06-09 10:20:41,Free_Living,annotator,Experimental situation,2022-06-09 00:27:15,2022-06-09 00:28:13
2022-06-09 10:20:41,2022-06-09 10:21:00,Free_Living,annotator,Experimental situation,2022-06-09 00:28:13,2022-06-09 00:28:32
2022-06-09 10:21:00,2022-06-09 10:22:39,Free_Living,annotator,Experimental situation,2022-06-09 00:28:32,2022-06-09 00:30:11
2022-06-09 10:22:39,2022-06-09 10:22:57,Free_Living,annotator,Experimental situation,2022-06-09 00:30:11,2022-06-09 00:30:29
2022-06-09 10:22:57,2022-06-09 10:23:33,Free_Living,annotator,Experimental situation,2022-06-09 00:30:29,2022-06-09 00:31:05
2022-06-09 10:23:33,2022-06-09 10:24:00,Free_Living,annotator,Experimental situation,2022-06-09 00:31:05,2022-06-09 00:31:32
2022-06-09 10:24:00,2022-06-09 10:24:05,Free_Living,annotator,Experimental situation,2022-06-09 00:31:32,2022-06-09 00:31:37
2022-06-09 10:24:05,2022-06-09 10:24:12,Free_Living,annotator,Experimental situation,2022-06-09 00:31:37,2022-06-09 00:31:44
2022-06-09 10:24:12,2022-06-09 10:24:15,Free_Living,annotator,Experimental situation,2022-06-09 00:31:44,2022-06-09 00:31:47
2022-06-09 10:24:15,2022-06-09 10:24:24,Free_Living,annotator,Experimental situation,2022-06-09 00:31:47,2022-06-09 00:31:56
2022-06-09 10:24:24,2022-06-09 10:39:08,ES_VideoUnavailable/Indecipherable,annotator,Experimental situation,2022-06-09 00:31:56,2022-06-09 00:46:40
2022-06-09 10:39:08,2022-06-09 10:39:18,Free_Living,annotator,Experimental situation,2022-06-09 00:46:40,2022-06-09 00:46:50
2022-06-09 10:39:18,2022-06-09 10:39:23,Free_Living,annotator,Experimental situation,2022-06-09 00:46:50,2022-06-09 00:46:55
2022-06-09 10:39:23,2022-06-09 10:39:28,Free_Living,annotator,Experimental situation,2022-06-09 00:46:55,2022-06-09 00:47:00
2022-06-09 10:39:28,2022-06-09 10:39:39,Free_Living,annotator,Experimental situation,2022-06-09 00:47:00,2022-06-09 00:47:11
2022-06-09 10:39:39,2022-06-09 10:39:46,Free_Living,annotator,Experimental situation,2022-06-09 00:47:11,2022-06-09 00:47:18
2022-06-09 10:39:46,2022-06-09 10:40:19,Free_Living,annotator,Experimental situation,2022-06-09 00:47:18,2022-06-09 00:47:51
2022-06-09 10:40:19,2022-06-09 10:40:29,Free_Living,annotator,Experimental situation,2022-06-09 00:47:51,2022-06-09 00:48:01
2022-06-09 10:40:29,2022-06-09 10:40:34,Free_Living,annotator,Experimental situation,2022-06-09 00:48:01,2022-06-09 00:48:06
2022-06-09 10:40:34,2022-06-09 10:40:56,Free_Living,annotator,Experimental situation,2022-06-09 00:48:06,2022-06-09 00:48:28
2022-06-09 10:40:56,2022-06-09 10:41:00,Free_Living,annotator,Experimental situation,2022-06-09 00:48:28,2022-06-09 00:48:32
2022-06-09 10:41:00,2022-06-09 10:41:17,Free_Living,annotator,Experimental situation,2022-06-09 00:48:32,2022-06-09 00:48:49
2022-06-09 10:41:17,2022-06-09 10:43:22,Free_Living,annotator,Experimental situation,2022-06-09 00:48:49,2022-06-09 00:50:54
2022-06-09 10:43:22,2022-06-09 10:43:27,Free_Living,annotator,Experimental situation,2022-06-09 00:50:54,2022-06-09 00:50:59
2022-06-09 10:43:27,2022-06-09 10:44:21,Free_Living,annotator,Experimental situation,2022-06-09 00:50:59,2022-06-09 00:51:53
2022-06-09 10:44:21,2022-06-09 10:45:37,Free_Living,annotator,Experimental situation,2022-06-09 00:51:53,2022-06-09 00:53:09
2022-06-09 10:45:37,2022-06-09 10:46:02,Free_Living,annotator,Experimental situation,2022-06-09 00:53:09,2022-06-09 00:53:34
2022-06-09 10:46:02,2022-06-09 10:46:45,Free_Living,annotator,Experimental situation,2022-06-09 00:53:34,2022-06-09 00:54:17
2022-06-09 10:46:45,2022-06-09 10:47:59,Free_Living,annotator,Experimental situation,2022-06-09 00:54:17,2022-06-09 00:55:31
2022-06-09 10:47:59,2022-06-09 10:53:40,Free_Living,annotator,Experimental situation,2022-06-09 00:55:31,2022-06-09 01:01:12
2022-06-09 10:53:40,2022-06-09 10:54:32,Free_Living,annotator,Experimental situation,2022-06-09 01:01:12,2022-06-09 01:02:04
2022-06-09 10:54:32,2022-06-09 10:55:54,Free_Living,annotator,Experimental situation,2022-06-09 01:02:04,2022-06-09 01:03:26
2022-06-09 10:55:54,2022-06-09 10:56:50,Free_Living,annotator,Experimental situation,2022-06-09 01:03:26,2022-06-09 01:04:22
2022-06-09 10:56:50,2022-06-09 10:58:50,Free_Living,annotator,Experimental situation,2022-06-09 01:04:22,2022-06-09 01:06:22
2022-06-09 10:58:50,2022-06-09 10:59:15,Free_Living,annotator,Experimental situation,2022-06-09 01:06:22,2022-06-09 01:06:47
2022-06-09 10:59:15,2022-06-09 10:59:51,Free_Living,annotator,Experimental situation,2022-06-09 01:06:47,2022-06-09 01:07:23
2022-06-09 10:59:51,2022-06-09 10:59:55,Free_Living,annotator,Experimental situation,2022-06-09 01:07:23,2022-06-09 01:07:27
2022-06-09 10:59:55,2022-06-09 11:00:15,Free_Living,annotator,Experimental situation,2022-06-09 01:07:27,2022-06-09 01:07:47
2022-06-09 11:00:15,2022-06-09 11:00:24,Free_Living,annotator,Experimental situation,2022-06-09 01:07:47,2022-06-09 01:07:56
2022-06-09 11:00:24,2022-06-09 11:01:04,Free_Living,annotator,Experimental situation,2022-06-09 01:07:56,2022-06-09 01:08:36
2022-06-09 11:01:04,2022-06-09 11:01:10,Free_Living,annotator,Experimental situation,2022-06-09 01:08:36,2022-06-09 01:08:42
2022-06-09 11:01:10,2022-06-09 11:01:44,Free_Living,annotator,Experimental situation,2022-06-09 01:08:42,2022-06-09 01:09:16
2022-06-09 11:01:44,2022-06-09 11:01:50,Free_Living,annotator,Experimental situation,2022-06-09 01:09:16,2022-06-09 01:09:22
2022-06-09 11:01:50,2022-06-09 11:02:05,Free_Living,annotator,Experimental situation,2022-06-09 01:09:22,2022-06-09 01:09:37
2022-06-09 11:02:05,2022-06-09 11:02:38,Free_Living,annotator,Experimental situation,2022-06-09 01:09:37,2022-06-09 01:10:10
2022-06-09 11:02:38,2022-06-09 11:02:48,Free_Living,annotator,Experimental situation,2022-06-09 01:10:10,2022-06-09 01:10:20
2022-06-09 11:02:48,2022-06-09 11:03:16,Free_Living,annotator,Experimental situation,2022-06-09 01:10:20,2022-06-09 01:10:48
2022-06-09 11:03:16,2022-06-09 11:04:05,Free_Living,annotator,Experimental situation,2022-06-09 01:10:48,2022-06-09 01:11:37
2022-06-09 11:04:05,2022-06-09 11:04:16,Free_Living,annotator,Experimental situation,2022-06-09 01:11:37,2022-06-09 01:11:48
2022-06-09 11:04:16,2022-06-09 11:04:28,Free_Living,annotator,Experimental situation,2022-06-09 01:11:48,2022-06-09 01:12:00
2022-06-09 11:04:28,2022-06-09 11:04:33,Free_Living,annotator,Experimental situation,2022-06-09 01:12:00,2022-06-09 01:12:05
2022-06-09 11:04:33,2022-06-09 11:05:06,Free_Living,annotator,Experimental situation,2022-06-09 01:12:05,2022-06-09 01:12:38
2022-06-09 11:05:06,2022-06-09 11:05:11,Free_Living,annotator,Experimental situation,2022-06-09 01:12:38,2022-06-09 01:12:43
2022-06-09 11:05:11,2022-06-09 11:05:20,Free_Living,annotator,Experimental situation,2022-06-09 01:12:43,2022-06-09 01:12:52
2022-06-09 11:05:20,2022-06-09 11:05:30,Free_Living,annotator,Experimental situation,2022-06-09 01:12:52,2022-06-09 01:13:02
2022-06-09 11:05:30,2022-06-09 11:05:47,Free_Living,annotator,Experimental situation,2022-06-09 01:13:02,2022-06-09 01:13:19
2022-06-09 11:05:47,2022-06-09 11:06:12,Free_Living,annotator,Experimental situation,2022-06-09 01:13:19,2022-06-09 01:13:44
2022-06-09 11:06:12,2022-06-09 11:08:03,Free_Living,annotator,Experimental situation,2022-06-09 01:13:44,2022-06-09 01:15:35
2022-06-09 11:08:03,2022-06-09 11:08:13,Free_Living,annotator,Experimental situation,2022-06-09 01:15:35,2022-06-09 01:15:45
2022-06-09 11:08:13,2022-06-09 11:08:34,Free_Living,annotator,Experimental situation,2022-06-09 01:15:45,2022-06-09 01:16:06
2022-06-09 11:08:34,2022-06-09 11:08:45,Free_Living,annotator,Experimental situation,2022-06-09 01:16:06,2022-06-09 01:16:17
2022-06-09 11:08:45,2022-06-09 11:09:30,Free_Living,annotator,Experimental situation,2022-06-09 01:16:17,2022-06-09 01:17:02
2022-06-09 11:09:30,2022-06-09 11:09:34,Free_Living,annotator,Experimental situation,2022-06-09 01:17:02,2022-06-09 01:17:06
2022-06-09 11:09:34,2022-06-09 11:10:30,Free_Living,annotator,Experimental situation,2022-06-09 01:17:06,2022-06-09 01:18:02
2022-06-09 11:10:30,2022-06-09 11:10:35,Free_Living,annotator,Experimental situation,2022-06-09 01:18:02,2022-06-09 01:18:07
2022-06-09 11:10:35,2022-06-09 11:10:47,Free_Living,annotator,Experimental situation,2022-06-09 01:18:07,2022-06-09 01:18:19
2022-06-09 11:10:47,2022-06-09 11:10:56,Free_Living,annotator,Experimental situation,2022-06-09 01:18:19,2022-06-09 01:18:28
2022-06-09 11:10:56,2022-06-09 11:11:03,Free_Living,annotator,Experimental situation,2022-06-09 01:18:28,2022-06-09 01:18:35
2022-06-09 11:11:03,2022-06-09 11:11:06,Free_Living,annotator,Experimental situation,2022-06-09 01:18:35,2022-06-09 01:18:38
2022-06-09 11:11:06,2022-06-09 11:11:33,Free_Living,annotator,Experimental situation,2022-06-09 01:18:38,2022-06-09 01:19:05
2022-06-09 11:11:33,2022-06-09 11:11:36,Free_Living,annotator,Experimental situation,2022-06-09 01:19:05,2022-06-09 01:19:08
2022-06-09 11:11:36,2022-06-09 11:14:24,Free_Living,annotator,Experimental situation,2022-06-09 01:19:08,2022-06-09 01:21:56
2022-06-09 11:14:24,2022-06-09 11:14:52,Free_Living,annotator,Experimental situation,2022-06-09 01:21:56,2022-06-09 01:22:24
2022-06-09 11:14:52,2022-06-09 11:14:57,Free_Living,annotator,Experimental situation,2022-06-09 01:22:24,2022-06-09 01:22:29
2022-06-09 11:14:57,2022-06-09 11:15:14,Free_Living,annotator,Experimental situation,2022-06-09 01:22:29,2022-06-09 01:22:46
2022-06-09 11:15:14,2022-06-09 11:15:23,Free_Living,annotator,Experimental situation,2022-06-09 01:22:46,2022-06-09 01:22:55
2022-06-09 11:15:23,2022-06-09 11:15:29,Free_Living,annotator,Experimental situation,2022-06-09 01:22:55,2022-06-09 01:23:01
2022-06-09 11:15:29,2022-06-09 11:15:59,Free_Living,annotator,Experimental situation,2022-06-09 01:23:01,2022-06-09 01:23:31
2022-06-09 11:15:59,2022-06-09 11:16:21,Free_Living,annotator,Experimental situation,2022-06-09 01:23:31,2022-06-09 01:23:53
2022-06-09 11:16:21,2022-06-09 11:16:29,Free_Living,annotator,Experimental situation,2022-06-09 01:23:53,2022-06-09 01:24:01
2022-06-09 11:16:29,2022-06-09 11:16:55,Free_Living,annotator,Experimental situation,2022-06-09 01:24:01,2022-06-09 01:24:27
2022-06-09 11:16:55,2022-06-09 11:17:06,Free_Living,annotator,Experimental situation,2022-06-09 01:24:27,2022-06-09 01:24:38
2022-06-09 11:17:06,2022-06-09 11:17:34,Free_Living,annotator,Experimental situation,2022-06-09 01:24:38,2022-06-09 01:25:06
2022-06-09 11:17:34,2022-06-09 11:19:06,Free_Living,annotator,Experimental situation,2022-06-09 01:25:06,2022-06-09 01:26:38
2022-06-09 11:19:06,2022-06-09 11:19:15,Free_Living,annotator,Experimental situation,2022-06-09 01:26:38,2022-06-09 01:26:47
2022-06-09 11:19:15,2022-06-09 11:19:19,Free_Living,annotator,Experimental situation,2022-06-09 01:26:47,2022-06-09 01:26:51
2022-06-09 11:19:19,2022-06-09 11:19:28,Free_Living,annotator,Experimental situation,2022-06-09 01:26:51,2022-06-09 01:27:00
2022-06-09 11:19:28,2022-06-09 11:20:10,Free_Living,annotator,Experimental situation,2022-06-09 01:27:00,2022-06-09 01:27:42
2022-06-09 11:20:10,2022-06-09 11:20:26,Free_Living,annotator,Experimental situation,2022-06-09 01:27:42,2022-06-09 01:27:58
2022-06-09 11:20:26,2022-06-09 11:20:31,Free_Living,annotator,Experimental situation,2022-06-09 01:27:58,2022-06-09 01:28:03
2022-06-09 11:20:31,2022-06-09 11:20:39,Free_Living,annotator,Experimental situation,2022-06-09 01:28:03,2022-06-09 01:28:11
2022-06-09 11:20:39,2022-06-09 11:20:46,Free_Living,annotator,Experimental situation,2022-06-09 01:28:11,2022-06-09 01:28:18
2022-06-09 11:20:46,2022-06-09 11:21:04,Free_Living,annotator,Experimental situation,2022-06-09 01:28:18,2022-06-09 01:28:36
2022-06-09 11:21:04,2022-06-09 11:21:08,Free_Living,annotator,Experimental situation,2022-06-09 01:28:36,2022-06-09 01:28:40
2022-06-09 11:21:08,2022-06-09 11:21:11,Free_Living,annotator,Experimental situation,2022-06-09 01:28:40,2022-06-09 01:28:43
2022-06-09 11:21:11,2022-06-09 11:21:36,Free_Living,annotator,Experimental situation,2022-06-09 01:28:43,2022-06-09 01:29:08
2022-06-09 11:21:36,2022-06-09 11:21:47,Free_Living,annotator,Experimental situation,2022-06-09 01:29:08,2022-06-09 01:29:19
2022-06-09 11:21:47,2022-06-09 11:21:52,Free_Living,annotator,Experimental situation,2022-06-09 01:29:19,2022-06-09 01:29:24
2022-06-09 11:21:52,2022-06-09 11:22:03,Free_Living,annotator,Experimental situation,2022-06-09 01:29:24,2022-06-09 01:29:35
2022-06-09 11:22:03,2022-06-09 11:22:28,Free_Living,annotator,Experimental situation,2022-06-09 01:29:35,2022-06-09 01:30:00
2022-06-09 11:22:28,2022-06-09 11:22:39,Free_Living,annotator,Experimental situation,2022-06-09 01:30:00,2022-06-09 01:30:11
2022-06-09 11:22:39,2022-06-09 11:22:54,Free_Living,annotator,Experimental situation,2022-06-09 01:30:11,2022-06-09 01:30:26
2022-06-09 11:22:54,2022-06-09 11:23:17,Free_Living,annotator,Experimental situation,2022-06-09 01:30:26,2022-06-09 01:30:49
2022-06-09 11:23:17,2022-06-09 11:24:42,Free_Living,annotator,Experimental situation,2022-06-09 01:30:49,2022-06-09 01:32:14
2022-06-09 11:24:42,2022-06-09 11:25:18,Free_Living,annotator,Experimental situation,2022-06-09 01:32:14,2022-06-09 01:32:50
2022-06-09 11:25:18,2022-06-09 11:26:29,Free_Living,annotator,Experimental situation,2022-06-09 01:32:50,2022-06-09 01:34:01
2022-06-09 11:26:29,2022-06-09 11:26:33,Free_Living,annotator,Experimental situation,2022-06-09 01:34:01,2022-06-09 01:34:05
2022-06-09 11:26:33,2022-06-09 11:26:52,Free_Living,annotator,Experimental situation,2022-06-09 01:34:05,2022-06-09 01:34:24
2022-06-09 11:26:52,2022-06-09 11:26:59,Free_Living,annotator,Experimental situation,2022-06-09 01:34:24,2022-06-09 01:34:31
2022-06-09 11:26:59,2022-06-09 11:27:03,Free_Living,annotator,Experimental situation,2022-06-09 01:34:31,2022-06-09 01:34:35
2022-06-09 11:27:03,2022-06-09 11:27:17,Free_Living,annotator,Experimental situation,2022-06-09 01:34:35,2022-06-09 01:34:49
2022-06-09 11:27:17,2022-06-09 11:27:51,Free_Living,annotator,Experimental situation,2022-06-09 01:34:49,2022-06-09 01:35:23
2022-06-09 11:27:52,2022-06-09 11:27:56,Free_Living,annotator,Experimental situation,2022-06-09 01:35:24,2022-06-09 01:35:28
2022-06-09 11:27:56,2022-06-09 11:28:02,Free_Living,annotator,Experimental situation,2022-06-09 01:35:28,2022-06-09 01:35:34
2022-06-09 11:28:02,2022-06-09 11:28:04,Free_Living,annotator,Experimental situation,2022-06-09 01:35:34,2022-06-09 01:35:36
2022-06-09 11:28:04,2022-06-09 11:29:27,Free_Living,annotator,Experimental situation,2022-06-09 01:35:36,2022-06-09 01:36:59
2022-06-09 11:29:27,2022-06-09 11:29:31,Free_Living,annotator,Experimental situation,2022-06-09 01:36:59,2022-06-09 01:37:03
2022-06-09 11:29:31,2022-06-09 11:29:41,Free_Living,annotator,Experimental situation,2022-06-09 01:37:03,2022-06-09 01:37:13
2022-06-09 11:29:41,2022-06-09 11:29:56,Free_Living,annotator,Experimental situation,2022-06-09 01:37:13,2022-06-09 01:37:28
2022-06-09 11:29:56,2022-06-09 11:30:18,Free_Living,annotator,Experimental situation,2022-06-09 01:37:28,2022-06-09 01:37:50
2022-06-09 11:30:18,2022-06-09 11:31:19,Free_Living,annotator,Experimental situation,2022-06-09 01:37:50,2022-06-09 01:38:51
2022-06-09 11:31:22,2022-06-09 11:31:55,Free_Living,annotator,Experimental situation,2022-06-09 01:38:54,2022-06-09 01:39:27
2022-06-09 11:31:57,2022-06-09 11:32:20,Free_Living,annotator,Experimental situation,2022-06-09 01:39:29,2022-06-09 01:39:52
2022-06-09 11:32:20,2022-06-09 11:32:25,Free_Living,annotator,Experimental situation,2022-06-09 01:39:52,2022-06-09 01:39:57
2022-06-09 11:32:25,2022-06-09 11:32:30,Free_Living,annotator,Experimental situation,2022-06-09 01:39:57,2022-06-09 01:40:02
2022-06-09 11:32:30,2022-06-09 11:32:38,Free_Living,annotator,Experimental situation,2022-06-09 01:40:02,2022-06-09 01:40:10
2022-06-09 11:32:38,2022-06-09 11:32:46,Free_Living,annotator,Experimental situation,2022-06-09 01:40:10,2022-06-09 01:40:18
2022-06-09 11:32:46,2022-06-09 11:32:49,Free_Living,annotator,Experimental situation,2022-06-09 01:40:18,2022-06-09 01:40:21
2022-06-09 11:32:49,2022-06-09 11:33:12,Free_Living,annotator,Experimental situation,2022-06-09 01:40:21,2022-06-09 01:40:44
2022-06-09 11:33:12,2022-06-09 11:33:25,Free_Living,annotator,Experimental situation,2022-06-09 01:40:44,2022-06-09 01:40:57
2022-06-09 11:33:27,2022-06-09 11:34:33,Free_Living,annotator,Experimental situation,2022-06-09 01:40:59,2022-06-09 01:42:05
2022-06-09 11:34:33,2022-06-09 11:35:15,Free_Living,annotator,Experimental situation,2022-06-09 01:42:05,2022-06-09 01:42:47
2022-06-09 11:35:15,2022-06-09 11:35:22,Free_Living,annotator,Experimental situation,2022-06-09 01:42:47,2022-06-09 01:42:54
2022-06-09 11:35:22,2022-06-09 11:35:36,Free_Living,annotator,Experimental situation,2022-06-09 01:42:54,2022-06-09 01:43:08
2022-06-09 11:35:38,2022-06-09 11:35:54,Free_Living,annotator,Experimental situation,2022-06-09 01:43:10,2022-06-09 01:43:26
2022-06-09 11:35:55,2022-06-09 11:36:02,Free_Living,annotator,Experimental situation,2022-06-09 01:43:27,2022-06-09 01:43:34
2022-06-09 11:36:02,2022-06-09 11:36:06,Free_Living,annotator,Experimental situation,2022-06-09 01:43:34,2022-06-09 01:43:38
2022-06-09 11:36:06,2022-06-09 11:36:21,Free_Living,annotator,Experimental situation,2022-06-09 01:43:38,2022-06-09 01:43:53
2022-06-09 11:36:21,2022-06-09 11:36:25,Free_Living,annotator,Experimental situation,2022-06-09 01:43:53,2022-06-09 01:43:57
2022-06-09 11:36:26,2022-06-09 11:39:53,Free_Living,annotator,Experimental situation,2022-06-09 01:43:58,2022-06-09 01:47:25
2022-06-09 11:39:53,2022-06-09 11:40:24,Free_Living,annotator,Experimental situation,2022-06-09 01:47:25,2022-06-09 01:47:56
2022-06-09 11:40:24,2022-06-09 11:40:56,Free_Living,annotator,Experimental situation,2022-06-09 01:47:56,2022-06-09 01:48:28
2022-06-09 11:40:56,2022-06-09 11:41:05,Free_Living,annotator,Experimental situation,2022-06-09 01:48:28,2022-06-09 01:48:37
2022-06-09 11:41:05,2022-06-09 11:41:12,Free_Living,annotator,Experimental situation,2022-06-09 01:48:37,2022-06-09 01:48:44
2022-06-09 11:41:12,2022-06-09 11:41:15,Free_Living,annotator,Experimental situation,2022-06-09 01:48:44,2022-06-09 01:48:47
2022-06-09 11:41:15,2022-06-09 11:41:21,Free_Living,annotator,Experimental situation,2022-06-09 01:48:47,2022-06-09 01:48:53
2022-06-09 11:41:21,2022-06-09 11:41:26,Free_Living,annotator,Experimental situation,2022-06-09 01:48:53,2022-06-09 01:48:58
2022-06-09 11:41:26,2022-06-09 11:41:33,Free_Living,annotator,Experimental situation,2022-06-09 01:48:58,2022-06-09 01:49:05
2022-06-09 11:41:33,2022-06-09 11:42:16,Free_Living,annotator,Experimental situation,2022-06-09 01:49:05,2022-06-09 01:49:48
2022-06-09 11:42:16,2022-06-09 11:42:59,Free_Living,annotator,Experimental situation,2022-06-09 01:49:48,2022-06-09 01:50:31
2022-06-09 11:42:59,2022-06-09 11:43:02,Free_Living,annotator,Experimental situation,2022-06-09 01:50:31,2022-06-09 01:50:34
2022-06-09 11:43:02,2022-06-09 11:43:08,Free_Living,annotator,Experimental situation,2022-06-09 01:50:34,2022-06-09 01:50:40
2022-06-09 11:43:08,2022-06-09 11:43:17,Free_Living,annotator,Experimental situation,2022-06-09 01:50:40,2022-06-09 01:50:49
2022-06-09 11:43:17,2022-06-09 11:43:23,Free_Living,annotator,Experimental situation,2022-06-09 01:50:49,2022-06-09 01:50:55
2022-06-09 11:43:23,2022-06-09 11:43:34,Free_Living,annotator,Experimental situation,2022-06-09 01:50:55,2022-06-09 01:51:06
2022-06-09 11:43:34,2022-06-09 11:43:39,Free_Living,annotator,Experimental situation,2022-06-09 01:51:06,2022-06-09 01:51:11
2022-06-09 11:43:39,2022-06-09 11:44:12,Free_Living,annotator,Experimental situation,2022-06-09 01:51:11,2022-06-09 01:51:44
2022-06-09 11:44:12,2022-06-09 11:44:24,Free_Living,annotator,Experimental situation,2022-06-09 01:51:44,2022-06-09 01:51:56
2022-06-09 11:44:24,2022-06-09 11:44:43,Free_Living,annotator,Experimental situation,2022-06-09 01:51:56,2022-06-09 01:52:15
2022-06-09 11:44:43,2022-06-09 11:44:47,Free_Living,annotator,Experimental situation,2022-06-09 01:52:15,2022-06-09 01:52:19
2022-06-09 11:44:47,2022-06-09 11:46:22,Free_Living,annotator,Experimental situation,2022-06-09 01:52:19,2022-06-09 01:53:54
2022-06-09 11:46:22,2022-06-09 11:46:28,Free_Living,annotator,Experimental situation,2022-06-09 01:53:54,2022-06-09 01:54:00
2022-06-09 11:46:28,2022-06-09 11:46:35,Free_Living,annotator,Experimental situation,2022-06-09 01:54:00,2022-06-09 01:54:07
2022-06-09 11:46:35,2022-06-09 11:46:51,Free_Living,annotator,Experimental situation,2022-06-09 01:54:07,2022-06-09 01:54:23
2022-06-09 11:46:52,2022-06-09 11:47:12,Free_Living,annotator,Experimental situation,2022-06-09 01:54:24,2022-06-09 01:54:44
2022-06-09 11:47:12,2022-06-09 11:47:55,Free_Living,annotator,Experimental situation,2022-06-09 01:54:44,2022-06-09 01:55:27
2022-06-09 11:47:57,2022-06-09 11:48:14,Free_Living,annotator,Experimental situation,2022-06-09 01:55:29,2022-06-09 01:55:46
2022-06-09 11:48:14,2022-06-09 11:48:34,Free_Living,annotator,Experimental situation,2022-06-09 01:55:46,2022-06-09 01:56:06
2022-06-09 11:48:34,2022-06-09 11:48:39,Free_Living,annotator,Experimental situation,2022-06-09 01:56:06,2022-06-09 01:56:11
2022-06-09 11:48:39,2022-06-09 11:50:17,Free_Living,annotator,Experimental situation,2022-06-09 01:56:11,2022-06-09 01:57:49
2022-06-09 11:50:21,2022-06-09 11:50:47,Free_Living,annotator,Experimental situation,2022-06-09 01:57:53,2022-06-09 01:58:19
2022-06-09 11:50:47,2022-06-09 11:51:01,Free_Living,annotator,Experimental situation,2022-06-09 01:58:19,2022-06-09 01:58:33
2022-06-09 11:51:01,2022-06-09 11:51:43,Free_Living,annotator,Experimental situation,2022-06-09 01:58:33,2022-06-09 01:59:15
2022-06-09 11:51:43,2022-06-09 11:51:48,Free_Living,annotator,Experimental situation,2022-06-09 01:59:15,2022-06-09 01:59:20
2022-06-09 11:51:48,2022-06-09 11:51:59,Free_Living,annotator,Experimental situation,2022-06-09 01:59:20,2022-06-09 01:59:31
2022-06-09 11:51:59,2022-06-09 11:52:26,Free_Living,annotator,Experimental situation,2022-06-09 01:59:31,2022-06-09 01:59:58
2022-06-09 11:52:26,2022-06-09 11:52:27,Free_Living,annotator,Experimental situation,2022-06-09 01:59:58,2022-06-09 01:59:59
2022-06-09 11:52:27,2022-06-09 11:52:36,Free_Living,annotator,Experimental situation,2022-06-09 01:59:59,2022-06-09 02:00:08
2022-06-09 11:52:36,2022-06-09 11:52:49,Free_Living,annotator,Experimental situation,2022-06-09 02:00:08,2022-06-09 02:00:21
2022-06-09 11:52:49,2022-06-09 11:54:58,Free_Living,annotator,Experimental situation,2022-06-09 02:00:21,2022-06-09 02:02:30
