START_TIME,STOP_TIME,PREDICTION,SOURCE,LABELSET,VIDEO_START_TIME,VIDEO_END_TIME
2022-05-11 09:40:28,2022-05-11 09:53:41,Free_Living,annotator,Experimental situation,2022-05-11 00:00:01,2022-05-11 00:13:14
2022-05-11 09:53:45,2022-05-11 09:54:43,Free_Living,annotator,Experimental situation,2022-05-11 00:13:18,2022-05-11 00:14:16
2022-05-11 09:54:45,2022-05-11 09:55:03,Free_Living,annotator,Experimental situation,2022-05-11 00:14:18,2022-05-11 00:14:36
2022-05-11 09:55:04,2022-05-11 10:02:44,Free_Living,annotator,Experimental situation,2022-05-11 00:14:37,2022-05-11 00:22:17
2022-05-11 10:02:45,2022-05-11 10:03:31,Free_Living,annotator,Experimental situation,2022-05-11 00:22:18,2022-05-11 00:23:04
2022-05-11 10:03:32,2022-05-11 10:06:11,Free_Living,annotator,Experimental situation,2022-05-11 00:23:05,2022-05-11 00:25:44
2022-05-11 10:06:13,2022-05-11 10:18:14,Free_Living,annotator,Experimental situation,2022-05-11 00:25:46,2022-05-11 00:37:47
2022-05-11 10:18:17,2022-05-11 10:20:37,Free_Living,annotator,Experimental situation,2022-05-11 00:37:50,2022-05-11 00:40:10
2022-05-11 10:20:38,2022-05-11 10:36:06,Free_Living,annotator,Experimental situation,2022-05-11 00:40:11,2022-05-11 00:55:39
2022-05-11 10:36:21,2022-05-11 10:37:35,Free_Living,annotator,Experimental situation,2022-05-11 00:55:54,2022-05-11 00:57:08
2022-05-11 10:37:40,2022-05-11 10:40:36,Free_Living,annotator,Experimental situation,2022-05-11 00:57:13,2022-05-11 01:00:09
2022-05-11 10:40:40,2022-05-11 10:41:01,Free_Living,annotator,Experimental situation,2022-05-11 01:00:13,2022-05-11 01:00:34
2022-05-11 10:41:02,2022-05-11 10:41:15,Free_Living,annotator,Experimental situation,2022-05-11 01:00:35,2022-05-11 01:00:48
2022-05-11 10:41:17,2022-05-11 10:46:58,Free_Living,annotator,Experimental situation,2022-05-11 01:00:50,2022-05-11 01:06:31
2022-05-11 10:47:03,2022-05-11 10:47:35,Free_Living,annotator,Experimental situation,2022-05-11 01:06:36,2022-05-11 01:07:08
2022-05-11 10:47:37,2022-05-11 10:48:17,Free_Living,annotator,Experimental situation,2022-05-11 01:07:10,2022-05-11 01:07:50
2022-05-11 10:48:17,2022-05-11 10:48:22,Free_Living,annotator,Experimental situation,2022-05-11 01:07:50,2022-05-11 01:07:55
2022-05-11 10:48:33,2022-05-11 11:03:02,Free_Living,annotator,Experimental situation,2022-05-11 01:08:06,2022-05-11 01:22:35
2022-05-11 11:03:06,2022-05-11 11:04:01,Free_Living,annotator,Experimental situation,2022-05-11 01:22:39,2022-05-11 01:23:34
2022-05-11 11:04:06,2022-05-11 11:05:13,Free_Living,annotator,Experimental situation,2022-05-11 01:23:39,2022-05-11 01:24:46
2022-05-11 11:05:15,2022-05-11 11:08:03,Free_Living,annotator,Experimental situation,2022-05-11 01:24:48,2022-05-11 01:27:36
2022-05-11 11:08:05,2022-05-11 11:11:16,Free_Living,annotator,Experimental situation,2022-05-11 01:27:38,2022-05-11 01:30:49
2022-05-11 11:11:17,2022-05-11 11:16:12,Free_Living,annotator,Experimental situation,2022-05-11 01:30:50,2022-05-11 01:35:45
2022-05-11 11:16:24,2022-05-11 11:17:20,Free_Living,annotator,Experimental situation,2022-05-11 01:35:57,2022-05-11 01:36:53
2022-05-11 11:17:22,2022-05-11 11:28:32,Free_Living,annotator,Experimental situation,2022-05-11 01:36:55,2022-05-11 01:48:05
2022-05-11 11:28:39,2022-05-11 11:29:28,Free_Living,annotator,Experimental situation,2022-05-11 01:48:12,2022-05-11 01:49:01
2022-05-11 11:29:30,2022-05-11 11:37:41,Free_Living,annotator,Experimental situation,2022-05-11 01:49:03,2022-05-11 01:57:14
2022-05-11 11:37:42,2022-05-11 11:41:01,Free_Living,annotator,Experimental situation,2022-05-11 01:57:15,2022-05-11 02:00:34
2022-05-11 11:41:05,2022-05-11 11:41:37,Free_Living,annotator,Experimental situation,2022-05-11 02:00:38,2022-05-11 02:01:10
2022-05-11 11:41:38,2022-05-11 11:42:01,Free_Living,annotator,Experimental situation,2022-05-11 02:01:11,2022-05-11 02:01:34
2022-05-11 11:42:03,2022-05-11 11:42:33,Free_Living,annotator,Experimental situation,2022-05-11 02:01:36,2022-05-11 02:02:06
2022-05-11 11:42:34,2022-05-11 11:44:27,Free_Living,annotator,Experimental situation,2022-05-11 02:02:07,2022-05-11 02:04:00
2022-05-11 11:44:28,2022-05-11 11:45:12,Free_Living,annotator,Experimental situation,2022-05-11 02:04:01,2022-05-11 02:04:45
2022-05-11 11:45:14,2022-05-11 11:49:44,Free_Living,annotator,Experimental situation,2022-05-11 02:04:47,2022-05-11 02:09:17
2022-05-11 11:49:46,2022-05-11 11:50:02,Free_Living,annotator,Experimental situation,2022-05-11 02:09:19,2022-05-11 02:09:35
2022-05-11 11:50:03,2022-05-11 11:50:31,Free_Living,annotator,Experimental situation,2022-05-11 02:09:36,2022-05-11 02:10:04
2022-05-11 11:50:32,2022-05-11 11:51:00,Free_Living,annotator,Experimental situation,2022-05-11 02:10:05,2022-05-11 02:10:33
2022-05-11 11:51:01,2022-05-11 13:20:06,Free_Living,annotator,Experimental situation,2022-05-11 02:10:34,2022-05-11 03:39:39
2022-05-11 13:20:16,2022-05-11 13:21:10,Free_Living,annotator,Experimental situation,2022-05-11 03:39:49,2022-05-11 03:40:43
2022-05-11 13:21:10,2022-05-11 13:21:38,Free_Living,annotator,Experimental situation,2022-05-11 03:40:43,2022-05-11 03:41:11
2022-05-11 13:21:41,2022-05-11 13:22:18,Free_Living,annotator,Experimental situation,2022-05-11 03:41:14,2022-05-11 03:41:51
2022-05-11 13:22:22,2022-05-11 13:27:50,Free_Living,annotator,Experimental situation,2022-05-11 03:41:55,2022-05-11 03:47:23
2022-05-11 13:27:51,2022-05-11 13:28:22,Free_Living,annotator,Experimental situation,2022-05-11 03:47:24,2022-05-11 03:47:55
2022-05-11 13:28:25,2022-05-11 13:30:21,Free_Living,annotator,Experimental situation,2022-05-11 03:47:58,2022-05-11 03:49:54
2022-05-11 13:30:23,2022-05-11 13:30:55,Free_Living,annotator,Experimental situation,2022-05-11 03:49:56,2022-05-11 03:50:28
2022-05-11 13:30:56,2022-05-11 13:31:20,Free_Living,annotator,Experimental situation,2022-05-11 03:50:29,2022-05-11 03:50:53
2022-05-11 13:31:22,2022-05-11 13:32:57,Free_Living,annotator,Experimental situation,2022-05-11 03:50:55,2022-05-11 03:52:30
2022-05-11 13:32:58,2022-05-11 13:33:30,Free_Living,annotator,Experimental situation,2022-05-11 03:52:31,2022-05-11 03:53:03
2022-05-11 13:33:30,2022-05-11 13:33:49,Free_Living,annotator,Experimental situation,2022-05-11 03:53:03,2022-05-11 03:53:22
2022-05-11 13:33:50,2022-05-11 13:34:15,Free_Living,annotator,Experimental situation,2022-05-11 03:53:23,2022-05-11 03:53:48
2022-05-11 13:34:17,2022-05-11 13:36:19,Free_Living,annotator,Experimental situation,2022-05-11 03:53:50,2022-05-11 03:55:52
2022-05-11 13:36:20,2022-05-11 13:37:14,Free_Living,annotator,Experimental situation,2022-05-11 03:55:53,2022-05-11 03:56:47
2022-05-11 13:37:16,2022-05-11 13:42:17,Free_Living,annotator,Experimental situation,2022-05-11 03:56:49,2022-05-11 04:01:50
2022-05-11 13:42:20,2022-05-11 13:43:14,Free_Living,annotator,Experimental situation,2022-05-11 04:01:53,2022-05-11 04:02:47
2022-05-11 13:43:17,2022-05-11 13:43:41,Free_Living,annotator,Experimental situation,2022-05-11 04:02:50,2022-05-11 04:03:14
2022-05-11 13:43:42,2022-05-11 13:43:59,Free_Living,annotator,Experimental situation,2022-05-11 04:03:15,2022-05-11 04:03:32
2022-05-11 13:44:00,2022-05-11 13:45:09,Free_Living,annotator,Experimental situation,2022-05-11 04:03:33,2022-05-11 04:04:42
2022-05-11 13:45:10,2022-05-11 14:02:34,Free_Living,annotator,Experimental situation,2022-05-11 04:04:43,2022-05-11 04:22:07
2022-05-11 14:02:36,2022-05-11 14:04:05,Free_Living,annotator,Experimental situation,2022-05-11 04:22:09,2022-05-11 04:23:38
2022-05-11 14:04:06,2022-05-11 14:05:05,Free_Living,annotator,Experimental situation,2022-05-11 04:23:39,2022-05-11 04:24:38
2022-05-11 14:05:06,2022-05-11 14:05:32,Free_Living,annotator,Experimental situation,2022-05-11 04:24:39,2022-05-11 04:25:05
2022-05-11 14:05:33,2022-05-11 14:06:58,Free_Living,annotator,Experimental situation,2022-05-11 04:25:06,2022-05-11 04:26:31
2022-05-11 14:06:59,2022-05-11 14:07:14,Free_Living,annotator,Experimental situation,2022-05-11 04:26:32,2022-05-11 04:26:47
2022-05-11 14:07:14,2022-05-11 14:08:56,Free_Living,annotator,Experimental situation,2022-05-11 04:26:47,2022-05-11 04:28:29
2022-05-11 14:08:57,2022-05-11 14:09:54,Free_Living,annotator,Experimental situation,2022-05-11 04:28:30,2022-05-11 04:29:27
2022-05-11 14:09:55,2022-05-11 14:16:48,Free_Living,annotator,Experimental situation,2022-05-11 04:29:28,2022-05-11 04:36:21
2022-05-11 14:16:56,2022-05-11 14:16:56,Free_Living,annotator,Experimental situation,2022-05-11 04:36:29,2022-05-11 04:36:29
2022-05-11 14:16:56,2022-05-11 14:17:03,Free_Living,annotator,Experimental situation,2022-05-11 04:36:29,2022-05-11 04:36:36
2022-05-11 14:17:03,2022-05-11 14:17:10,Free_Living,annotator,Experimental situation,2022-05-11 04:36:36,2022-05-11 04:36:43
2022-05-11 14:17:10,2022-05-11 14:17:43,Free_Living,annotator,Experimental situation,2022-05-11 04:36:43,2022-05-11 04:37:16
2022-05-11 14:17:43,2022-05-11 14:18:02,Free_Living,annotator,Experimental situation,2022-05-11 04:37:16,2022-05-11 04:37:35
2022-05-11 14:18:02,2022-05-11 14:18:53,Free_Living,annotator,Experimental situation,2022-05-11 04:37:35,2022-05-11 04:38:26
2022-05-11 14:18:53,2022-05-11 14:18:57,Free_Living,annotator,Experimental situation,2022-05-11 04:38:26,2022-05-11 04:38:30
2022-05-11 14:18:57,2022-05-11 14:19:09,Free_Living,annotator,Experimental situation,2022-05-11 04:38:30,2022-05-11 04:38:42
2022-05-11 14:19:09,2022-05-11 14:19:28,Free_Living,annotator,Experimental situation,2022-05-11 04:38:42,2022-05-11 04:39:01
2022-05-11 14:19:28,2022-05-11 14:19:47,Free_Living,annotator,Experimental situation,2022-05-11 04:39:01,2022-05-11 04:39:20
2022-05-11 14:19:47,2022-05-11 14:20:21,Free_Living,annotator,Experimental situation,2022-05-11 04:39:20,2022-05-11 04:39:54
2022-05-11 14:20:23,2022-05-11 14:21:28,Free_Living,annotator,Experimental situation,2022-05-11 04:39:56,2022-05-11 04:41:01
2022-05-11 14:21:28,2022-05-11 14:21:47,Free_Living,annotator,Experimental situation,2022-05-11 04:41:01,2022-05-11 04:41:20
2022-05-11 14:21:47,2022-05-11 14:21:59,Free_Living,annotator,Experimental situation,2022-05-11 04:41:20,2022-05-11 04:41:32
2022-05-11 14:21:59,2022-05-11 14:22:26,Free_Living,annotator,Experimental situation,2022-05-11 04:41:32,2022-05-11 04:41:59
2022-05-11 14:22:26,2022-05-11 14:23:13,Free_Living,annotator,Experimental situation,2022-05-11 04:41:59,2022-05-11 04:42:46
2022-05-11 14:23:13,2022-05-11 14:23:46,Free_Living,annotator,Experimental situation,2022-05-11 04:42:46,2022-05-11 04:43:19
2022-05-11 14:23:46,2022-05-11 14:24:11,Free_Living,annotator,Experimental situation,2022-05-11 04:43:19,2022-05-11 04:43:44
2022-05-11 14:24:11,2022-05-11 14:24:34,Free_Living,annotator,Experimental situation,2022-05-11 04:43:44,2022-05-11 04:44:07
2022-05-11 14:24:34,2022-05-11 14:25:38,Free_Living,annotator,Experimental situation,2022-05-11 04:44:07,2022-05-11 04:45:11
2022-05-11 14:25:38,2022-05-11 14:27:01,Free_Living,annotator,Experimental situation,2022-05-11 04:45:11,2022-05-11 04:46:34
2022-05-11 14:27:01,2022-05-11 14:29:06,Free_Living,annotator,Experimental situation,2022-05-11 04:46:34,2022-05-11 04:48:39
2022-05-11 14:29:06,2022-05-11 14:29:34,Free_Living,annotator,Experimental situation,2022-05-11 04:48:39,2022-05-11 04:49:07
2022-05-11 14:29:34,2022-05-11 14:30:02,Free_Living,annotator,Experimental situation,2022-05-11 04:49:07,2022-05-11 04:49:35
2022-05-11 14:30:02,2022-05-11 14:31:27,Free_Living,annotator,Experimental situation,2022-05-11 04:49:35,2022-05-11 04:51:00
2022-05-11 14:31:27,2022-05-11 14:33:06,Free_Living,annotator,Experimental situation,2022-05-11 04:51:00,2022-05-11 04:52:39
2022-05-11 14:33:06,2022-05-11 14:33:24,Free_Living,annotator,Experimental situation,2022-05-11 04:52:39,2022-05-11 04:52:57
2022-05-11 14:33:24,2022-05-11 14:34:16,Free_Living,annotator,Experimental situation,2022-05-11 04:52:57,2022-05-11 04:53:49
2022-05-11 14:34:16,2022-05-11 14:35:09,Free_Living,annotator,Experimental situation,2022-05-11 04:53:49,2022-05-11 04:54:42
2022-05-11 14:35:09,2022-05-11 14:36:40,Free_Living,annotator,Experimental situation,2022-05-11 04:54:42,2022-05-11 04:56:13
2022-05-11 14:36:40,2022-05-11 14:37:31,Free_Living,annotator,Experimental situation,2022-05-11 04:56:13,2022-05-11 04:57:04
2022-05-11 14:37:31,2022-05-11 14:38:07,Free_Living,annotator,Experimental situation,2022-05-11 04:57:04,2022-05-11 04:57:40
2022-05-11 14:38:07,2022-05-11 14:41:02,Free_Living,annotator,Experimental situation,2022-05-11 04:57:40,2022-05-11 05:00:35
2022-05-11 14:41:02,2022-05-11 14:41:09,Free_Living,annotator,Experimental situation,2022-05-11 05:00:35,2022-05-11 05:00:42
2022-05-11 14:41:09,2022-05-11 14:42:25,Free_Living,annotator,Experimental situation,2022-05-11 05:00:42,2022-05-11 05:01:58
2022-05-11 14:42:25,2022-05-11 14:45:06,Free_Living,annotator,Experimental situation,2022-05-11 05:01:58,2022-05-11 05:04:39
2022-05-11 14:45:06,2022-05-11 14:45:30,Free_Living,annotator,Experimental situation,2022-05-11 05:04:39,2022-05-11 05:05:03
2022-05-11 14:45:30,2022-05-11 14:45:38,Free_Living,annotator,Experimental situation,2022-05-11 05:05:03,2022-05-11 05:05:11
2022-05-11 14:45:38,2022-05-11 14:46:57,Free_Living,annotator,Experimental situation,2022-05-11 05:05:11,2022-05-11 05:06:30
2022-05-11 14:46:57,2022-05-11 14:47:31,Free_Living,annotator,Experimental situation,2022-05-11 05:06:30,2022-05-11 05:07:04
2022-05-11 14:47:31,2022-05-11 14:47:50,Free_Living,annotator,Experimental situation,2022-05-11 05:07:04,2022-05-11 05:07:23
2022-05-11 14:47:50,2022-05-11 14:49:00,Free_Living,annotator,Experimental situation,2022-05-11 05:07:23,2022-05-11 05:08:33
2022-05-11 14:49:00,2022-05-11 14:49:14,Free_Living,annotator,Experimental situation,2022-05-11 05:08:33,2022-05-11 05:08:47
2022-05-11 14:49:14,2022-05-11 14:49:17,Free_Living,annotator,Experimental situation,2022-05-11 05:08:47,2022-05-11 05:08:50
2022-05-11 14:49:17,2022-05-11 14:50:28,Free_Living,annotator,Experimental situation,2022-05-11 05:08:50,2022-05-11 05:10:01
2022-05-11 14:50:28,2022-05-11 14:50:33,Free_Living,annotator,Experimental situation,2022-05-11 05:10:01,2022-05-11 05:10:06
2022-05-11 14:50:33,2022-05-11 14:51:08,Free_Living,annotator,Experimental situation,2022-05-11 05:10:06,2022-05-11 05:10:41
2022-05-11 14:51:08,2022-05-11 14:57:30,Free_Living,annotator,Experimental situation,2022-05-11 05:10:41,2022-05-11 05:17:03
2022-05-11 14:57:30,2022-05-11 14:58:10,Free_Living,annotator,Experimental situation,2022-05-11 05:17:03,2022-05-11 05:17:43
2022-05-11 14:58:10,2022-05-11 14:58:42,Free_Living,annotator,Experimental situation,2022-05-11 05:17:43,2022-05-11 05:18:15
2022-05-11 14:58:42,2022-05-11 14:59:05,Free_Living,annotator,Experimental situation,2022-05-11 05:18:15,2022-05-11 05:18:38
2022-05-11 14:59:05,2022-05-11 14:59:38,Free_Living,annotator,Experimental situation,2022-05-11 05:18:38,2022-05-11 05:19:11
2022-05-11 14:59:38,2022-05-11 15:00:10,Free_Living,annotator,Experimental situation,2022-05-11 05:19:11,2022-05-11 05:19:43
2022-05-11 15:00:10,2022-05-11 15:00:29,Free_Living,annotator,Experimental situation,2022-05-11 05:19:43,2022-05-11 05:20:02
2022-05-11 15:00:29,2022-05-11 15:00:48,Free_Living,annotator,Experimental situation,2022-05-11 05:20:02,2022-05-11 05:20:21
2022-05-11 15:00:48,2022-05-11 15:08:43,Free_Living,annotator,Experimental situation,2022-05-11 05:20:21,2022-05-11 05:28:16
2022-05-11 15:08:43,2022-05-11 15:09:02,Free_Living,annotator,Experimental situation,2022-05-11 05:28:16,2022-05-11 05:28:35
2022-05-11 15:09:02,2022-05-11 15:09:39,Free_Living,annotator,Experimental situation,2022-05-11 05:28:35,2022-05-11 05:29:12
2022-05-11 15:09:39,2022-05-11 15:10:36,Free_Living,annotator,Experimental situation,2022-05-11 05:29:12,2022-05-11 05:30:09
2022-05-11 15:10:36,2022-05-11 15:11:10,Free_Living,annotator,Experimental situation,2022-05-11 05:30:09,2022-05-11 05:30:43
2022-05-11 15:11:10,2022-05-11 15:11:16,Free_Living,annotator,Experimental situation,2022-05-11 05:30:43,2022-05-11 05:30:49
2022-05-11 15:11:16,2022-05-11 15:11:45,Free_Living,annotator,Experimental situation,2022-05-11 05:30:49,2022-05-11 05:31:18
2022-05-11 15:11:45,2022-05-11 15:12:03,Free_Living,annotator,Experimental situation,2022-05-11 05:31:18,2022-05-11 05:31:36
2022-05-11 15:12:03,2022-05-11 15:16:45,Free_Living,annotator,Experimental situation,2022-05-11 05:31:36,2022-05-11 05:36:18
2022-05-11 15:16:45,2022-05-11 15:17:14,Free_Living,annotator,Experimental situation,2022-05-11 05:36:18,2022-05-11 05:36:47
2022-05-11 15:17:14,2022-05-11 15:19:05,Free_Living,annotator,Experimental situation,2022-05-11 05:36:47,2022-05-11 05:38:38
2022-05-11 15:19:05,2022-05-11 15:19:43,Free_Living,annotator,Experimental situation,2022-05-11 05:38:38,2022-05-11 05:39:16
2022-05-11 15:19:43,2022-05-11 15:20:05,Free_Living,annotator,Experimental situation,2022-05-11 05:39:16,2022-05-11 05:39:38
2022-05-11 15:20:05,2022-05-11 15:21:09,Free_Living,annotator,Experimental situation,2022-05-11 05:39:38,2022-05-11 05:40:42
2022-05-11 15:21:09,2022-05-11 15:21:15,Free_Living,annotator,Experimental situation,2022-05-11 05:40:42,2022-05-11 05:40:48
2022-05-11 15:21:15,2022-05-11 15:21:33,Free_Living,annotator,Experimental situation,2022-05-11 05:40:48,2022-05-11 05:41:06
2022-05-11 15:21:33,2022-05-11 15:22:02,Free_Living,annotator,Experimental situation,2022-05-11 05:41:06,2022-05-11 05:41:35
2022-05-11 15:22:02,2022-05-11 15:22:33,Free_Living,annotator,Experimental situation,2022-05-11 05:41:35,2022-05-11 05:42:06
2022-05-11 15:22:33,2022-05-11 15:25:44,Free_Living,annotator,Experimental situation,2022-05-11 05:42:06,2022-05-11 05:45:17
2022-05-11 15:25:44,2022-05-11 15:26:03,Free_Living,annotator,Experimental situation,2022-05-11 05:45:17,2022-05-11 05:45:36
2022-05-11 15:26:03,2022-05-11 15:26:31,Free_Living,annotator,Experimental situation,2022-05-11 05:45:36,2022-05-11 05:46:04
2022-05-11 15:26:31,2022-05-11 15:40:38,Free_Living,annotator,Experimental situation,2022-05-11 05:46:04,2022-05-11 06:00:11
2022-05-11 15:40:40,2022-05-11 16:09:03,Free_Living,annotator,Experimental situation,2022-05-11 06:00:13,2022-05-11 06:28:36
2022-05-11 16:09:03,2022-05-11 16:22:47,Free_Living,annotator,Experimental situation,2022-05-11 06:28:36,2022-05-11 06:42:20
2022-05-11 16:22:47,2022-05-11 17:00:49,Free_Living,annotator,Experimental situation,2022-05-11 06:42:20,2022-05-11 07:20:22
2022-05-11 17:00:49,2022-05-11 17:07:03,Free_Living,annotator,Experimental situation,2022-05-11 07:20:22,2022-05-11 07:26:36
2022-05-11 17:07:03,2022-05-11 17:43:19,Free_Living,annotator,Experimental situation,2022-05-11 07:26:36,2022-05-11 08:02:52
2022-05-11 17:43:19,2022-05-11 19:06:49,Free_Living,annotator,Experimental situation,2022-05-11 08:02:52,2022-05-11 09:26:22
2022-05-11 19:06:49,2022-05-11 19:08:50,Free_Living,annotator,Experimental situation,2022-05-11 09:26:22,2022-05-11 09:28:23
2022-05-11 19:08:50,2022-05-11 19:11:08,Free_Living,annotator,Experimental situation,2022-05-11 09:28:23,2022-05-11 09:30:41
2022-05-11 19:11:08,2022-05-11 19:22:30,Free_Living,annotator,Experimental situation,2022-05-11 09:30:41,2022-05-11 09:42:03
2022-05-11 19:22:30,2022-05-11 19:40:53,Free_Living,annotator,Experimental situation,2022-05-11 09:42:03,2022-05-11 10:00:26
2022-05-11 19:40:53,2022-05-11 20:08:40,Free_Living,annotator,Experimental situation,2022-05-11 10:00:26,2022-05-11 10:28:13
2022-05-11 20:08:40,2022-05-11 20:11:54,Free_Living,annotator,Experimental situation,2022-05-11 10:28:13,2022-05-11 10:31:27
2022-05-11 20:11:54,2022-05-11 20:12:08,Free_Living,annotator,Experimental situation,2022-05-11 10:31:27,2022-05-11 10:31:41
2022-05-11 20:12:08,2022-05-11 20:12:23,Free_Living,annotator,Experimental situation,2022-05-11 10:31:41,2022-05-11 10:31:56
2022-05-11 20:12:23,2022-05-11 20:12:59,Free_Living,annotator,Experimental situation,2022-05-11 10:31:56,2022-05-11 10:32:32
2022-05-11 20:12:59,2022-05-11 20:13:08,Free_Living,annotator,Experimental situation,2022-05-11 10:32:32,2022-05-11 10:32:41
2022-05-11 20:13:08,2022-05-11 20:13:30,Free_Living,annotator,Experimental situation,2022-05-11 10:32:41,2022-05-11 10:33:03
2022-05-11 20:13:30,2022-05-11 20:15:34,Free_Living,annotator,Experimental situation,2022-05-11 10:33:03,2022-05-11 10:35:07
2022-05-11 20:15:34,2022-05-11 20:16:17,Free_Living,annotator,Experimental situation,2022-05-11 10:35:07,2022-05-11 10:35:50
2022-05-11 20:16:17,2022-05-11 20:17:47,Free_Living,annotator,Experimental situation,2022-05-11 10:35:50,2022-05-11 10:37:20
2022-05-11 20:17:47,2022-05-11 20:17:58,Free_Living,annotator,Experimental situation,2022-05-11 10:37:20,2022-05-11 10:37:31
2022-05-11 20:17:58,2022-05-11 20:18:02,Free_Living,annotator,Experimental situation,2022-05-11 10:37:31,2022-05-11 10:37:35
2022-05-11 20:18:02,2022-05-11 20:18:23,Free_Living,annotator,Experimental situation,2022-05-11 10:37:35,2022-05-11 10:37:56
2022-05-11 20:18:23,2022-05-11 20:18:29,Free_Living,annotator,Experimental situation,2022-05-11 10:37:56,2022-05-11 10:38:02
2022-05-11 20:18:29,2022-05-11 20:18:39,Free_Living,annotator,Experimental situation,2022-05-11 10:38:02,2022-05-11 10:38:12
2022-05-11 20:18:39,2022-05-11 20:38:49,Free_Living,annotator,Experimental situation,2022-05-11 10:38:12,2022-05-11 10:58:22
2022-05-11 20:38:49,2022-05-11 20:39:48,Free_Living,annotator,Experimental situation,2022-05-11 10:58:22,2022-05-11 10:59:21
2022-05-11 20:39:48,2022-05-11 20:39:57,Free_Living,annotator,Experimental situation,2022-05-11 10:59:21,2022-05-11 10:59:30
2022-05-11 20:39:57,2022-05-11 20:41:53,Free_Living,annotator,Experimental situation,2022-05-11 10:59:30,2022-05-11 11:01:26
2022-05-11 20:41:53,2022-05-11 20:42:01,Free_Living,annotator,Experimental situation,2022-05-11 11:01:26,2022-05-11 11:01:34
2022-05-11 20:42:01,2022-05-11 20:43:10,Free_Living,annotator,Experimental situation,2022-05-11 11:01:34,2022-05-11 11:02:43
2022-05-11 20:43:10,2022-05-11 20:43:26,Free_Living,annotator,Experimental situation,2022-05-11 11:02:43,2022-05-11 11:02:59
2022-05-11 20:43:26,2022-05-11 20:43:37,Free_Living,annotator,Experimental situation,2022-05-11 11:02:59,2022-05-11 11:03:10
2022-05-11 20:43:37,2022-05-11 20:43:46,Free_Living,annotator,Experimental situation,2022-05-11 11:03:10,2022-05-11 11:03:19
2022-05-11 20:43:46,2022-05-11 20:47:08,Free_Living,annotator,Experimental situation,2022-05-11 11:03:19,2022-05-11 11:06:41
2022-05-11 20:47:08,2022-05-11 20:48:11,Free_Living,annotator,Experimental situation,2022-05-11 11:06:41,2022-05-11 11:07:44
2022-05-11 20:48:11,2022-05-11 20:48:31,Free_Living,annotator,Experimental situation,2022-05-11 11:07:44,2022-05-11 11:08:04
2022-05-11 20:48:31,2022-05-11 20:56:26,Free_Living,annotator,Experimental situation,2022-05-11 11:08:04,2022-05-11 11:15:59
2022-05-11 20:56:26,2022-05-11 21:12:26,Free_Living,annotator,Experimental situation,2022-05-11 11:15:59,2022-05-11 11:31:59
2022-05-11 21:12:26,2022-05-11 21:12:30,Free_Living,annotator,Experimental situation,2022-05-11 11:31:59,2022-05-11 11:32:03
2022-05-11 21:12:30,2022-05-11 21:12:46,Free_Living,annotator,Experimental situation,2022-05-11 11:32:03,2022-05-11 11:32:19
2022-05-11 21:12:46,2022-05-11 21:12:59,Free_Living,annotator,Experimental situation,2022-05-11 11:32:19,2022-05-11 11:32:32
2022-05-11 21:12:59,2022-05-11 21:31:39,Free_Living,annotator,Experimental situation,2022-05-11 11:32:32,2022-05-11 11:51:12
2022-05-11 21:31:39,2022-05-11 21:36:57,Free_Living,annotator,Experimental situation,2022-05-11 11:51:12,2022-05-11 11:56:30
2022-05-11 21:36:57,2022-05-11 21:41:08,Free_Living,annotator,Experimental situation,2022-05-11 11:56:30,2022-05-11 12:00:41
2022-05-11 21:41:08,2022-05-11 21:41:39,Free_Living,annotator,Experimental situation,2022-05-11 12:00:41,2022-05-11 12:01:12
2022-05-11 21:41:39,2022-05-11 21:41:56,Free_Living,annotator,Experimental situation,2022-05-11 12:01:12,2022-05-11 12:01:29
2022-05-11 21:41:56,2022-05-11 21:42:18,Free_Living,annotator,Experimental situation,2022-05-11 12:01:29,2022-05-11 12:01:51
2022-05-11 21:42:18,2022-05-11 21:42:37,Free_Living,annotator,Experimental situation,2022-05-11 12:01:51,2022-05-11 12:02:10
2022-05-11 21:42:37,2022-05-11 21:43:10,Free_Living,annotator,Experimental situation,2022-05-11 12:02:10,2022-05-11 12:02:43
2022-05-11 21:43:10,2022-05-11 21:45:15,Free_Living,annotator,Experimental situation,2022-05-11 12:02:43,2022-05-11 12:04:48
2022-05-11 21:45:15,2022-05-11 21:48:29,Free_Living,annotator,Experimental situation,2022-05-11 12:04:48,2022-05-11 12:08:02
2022-05-11 21:48:29,2022-05-11 21:51:06,Free_Living,annotator,Experimental situation,2022-05-11 12:08:02,2022-05-11 12:10:39
2022-05-11 21:51:06,2022-05-11 21:51:17,Free_Living,annotator,Experimental situation,2022-05-11 12:10:39,2022-05-11 12:10:50
2022-05-11 21:51:17,2022-05-11 22:08:36,Free_Living,annotator,Experimental situation,2022-05-11 12:10:50,2022-05-11 12:28:09
2022-05-11 22:08:36,2022-05-11 22:09:12,Free_Living,annotator,Experimental situation,2022-05-11 12:28:09,2022-05-11 12:28:45
2022-05-11 22:09:12,2022-05-11 22:15:15,Free_Living,annotator,Experimental situation,2022-05-11 12:28:45,2022-05-11 12:34:48
2022-05-11 22:15:15,2022-05-11 22:16:12,Free_Living,annotator,Experimental situation,2022-05-11 12:34:48,2022-05-11 12:35:45
2022-05-11 22:16:12,2022-05-11 22:16:31,Free_Living,annotator,Experimental situation,2022-05-11 12:35:45,2022-05-11 12:36:04
2022-05-11 22:16:31,2022-05-11 22:16:51,Free_Living,annotator,Experimental situation,2022-05-11 12:36:04,2022-05-11 12:36:24
2022-05-11 22:16:51,2022-05-11 22:17:36,Free_Living,annotator,Experimental situation,2022-05-11 12:36:24,2022-05-11 12:37:09
2022-05-11 22:17:36,2022-05-11 22:18:00,Free_Living,annotator,Experimental situation,2022-05-11 12:37:09,2022-05-11 12:37:33
2022-05-11 22:18:00,2022-05-11 22:18:19,Free_Living,annotator,Experimental situation,2022-05-11 12:37:33,2022-05-11 12:37:52
2022-05-11 22:18:19,2022-05-11 22:20:36,Free_Living,annotator,Experimental situation,2022-05-11 12:37:52,2022-05-11 12:40:09
2022-05-11 22:20:36,2022-05-11 22:20:38,Free_Living,annotator,Experimental situation,2022-05-11 12:40:09,2022-05-11 12:40:11
2022-05-11 22:20:38,2022-05-11 22:21:05,Free_Living,annotator,Experimental situation,2022-05-11 12:40:11,2022-05-11 12:40:38
2022-05-11 22:21:05,2022-05-11 22:21:50,Free_Living,annotator,Experimental situation,2022-05-11 12:40:38,2022-05-11 12:41:23
2022-05-11 22:21:50,2022-05-11 22:23:01,Free_Living,annotator,Experimental situation,2022-05-11 12:41:23,2022-05-11 12:42:34
2022-05-11 22:23:01,2022-05-11 22:24:59,Free_Living,annotator,Experimental situation,2022-05-11 12:42:34,2022-05-11 12:44:32
2022-05-11 22:24:59,2022-05-11 22:26:03,Free_Living,annotator,Experimental situation,2022-05-11 12:44:32,2022-05-11 12:45:36
2022-05-11 22:26:03,2022-05-11 22:26:58,Free_Living,annotator,Experimental situation,2022-05-11 12:45:36,2022-05-11 12:46:31
2022-05-11 22:26:58,2022-05-11 22:31:25,Free_Living,annotator,Experimental situation,2022-05-11 12:46:31,2022-05-11 12:50:58
2022-05-11 22:31:25,2022-05-11 22:32:16,Free_Living,annotator,Experimental situation,2022-05-11 12:50:58,2022-05-11 12:51:49
2022-05-11 22:32:16,2022-05-11 22:32:20,Free_Living,annotator,Experimental situation,2022-05-11 12:51:49,2022-05-11 12:51:53
2022-05-11 22:32:20,2022-05-11 22:33:00,Free_Living,annotator,Experimental situation,2022-05-11 12:51:53,2022-05-11 12:52:33
2022-05-11 22:33:00,2022-05-11 22:33:15,Free_Living,annotator,Experimental situation,2022-05-11 12:52:33,2022-05-11 12:52:48
2022-05-11 22:33:15,2022-05-11 22:34:55,Free_Living,annotator,Experimental situation,2022-05-11 12:52:48,2022-05-11 12:54:28
2022-05-11 22:34:55,2022-05-11 22:36:16,Free_Living,annotator,Experimental situation,2022-05-11 12:54:28,2022-05-11 12:55:49
2022-05-11 22:36:16,2022-05-11 22:36:47,Free_Living,annotator,Experimental situation,2022-05-11 12:55:49,2022-05-11 12:56:20
2022-05-11 22:36:47,2022-05-11 22:37:04,Free_Living,annotator,Experimental situation,2022-05-11 12:56:20,2022-05-11 12:56:37
2022-05-11 22:37:04,2022-05-11 22:37:34,Free_Living,annotator,Experimental situation,2022-05-11 12:56:37,2022-05-11 12:57:07
2022-05-11 22:37:34,2022-05-11 22:37:56,Free_Living,annotator,Experimental situation,2022-05-11 12:57:07,2022-05-11 12:57:29
2022-05-11 22:37:56,2022-05-11 22:38:37,Free_Living,annotator,Experimental situation,2022-05-11 12:57:29,2022-05-11 12:58:10
2022-05-11 22:38:37,2022-05-11 22:39:22,Free_Living,annotator,Experimental situation,2022-05-11 12:58:10,2022-05-11 12:58:55
2022-05-11 22:39:22,2022-05-11 22:44:52,Free_Living,annotator,Experimental situation,2022-05-11 12:58:55,2022-05-11 13:04:25
2022-05-11 22:44:52,2022-05-11 22:47:13,Free_Living,annotator,Experimental situation,2022-05-11 13:04:25,2022-05-11 13:06:46
2022-05-11 22:47:13,2022-05-11 22:47:33,Free_Living,annotator,Experimental situation,2022-05-11 13:06:46,2022-05-11 13:07:06
2022-05-11 22:47:33,2022-05-11 22:50:56,Free_Living,annotator,Experimental situation,2022-05-11 13:07:06,2022-05-11 13:10:29
2022-05-11 22:50:56,2022-05-11 22:51:10,Free_Living,annotator,Experimental situation,2022-05-11 13:10:29,2022-05-11 13:10:43
2022-05-11 22:51:10,2022-05-11 22:51:28,Free_Living,annotator,Experimental situation,2022-05-11 13:10:43,2022-05-11 13:11:01
2022-05-11 22:51:28,2022-05-11 22:52:17,Free_Living,annotator,Experimental situation,2022-05-11 13:11:01,2022-05-11 13:11:50
2022-05-11 22:52:17,2022-05-11 22:52:53,Free_Living,annotator,Experimental situation,2022-05-11 13:11:50,2022-05-11 13:12:26
2022-05-11 22:52:53,2022-05-11 22:59:08,Free_Living,annotator,Experimental situation,2022-05-11 13:12:26,2022-05-11 13:18:41
2022-05-11 22:59:08,2022-05-11 23:01:23,Free_Living,annotator,Experimental situation,2022-05-11 13:18:41,2022-05-11 13:20:56
2022-05-11 23:01:23,2022-05-11 23:01:49,Free_Living,annotator,Experimental situation,2022-05-11 13:20:56,2022-05-11 13:21:22
2022-05-11 23:01:49,2022-05-11 23:01:57,Free_Living,annotator,Experimental situation,2022-05-11 13:21:22,2022-05-11 13:21:30
2022-05-11 23:01:57,2022-05-11 23:02:19,Free_Living,annotator,Experimental situation,2022-05-11 13:21:30,2022-05-11 13:21:52
2022-05-11 23:02:19,2022-05-11 23:02:42,Free_Living,annotator,Experimental situation,2022-05-11 13:21:52,2022-05-11 13:22:15
2022-05-11 23:02:42,2022-05-11 23:03:32,Free_Living,annotator,Experimental situation,2022-05-11 13:22:15,2022-05-11 13:23:05
2022-05-11 23:03:32,2022-05-11 23:03:36,Free_Living,annotator,Experimental situation,2022-05-11 13:23:05,2022-05-11 13:23:09
2022-05-11 23:03:36,2022-05-11 23:04:15,Free_Living,annotator,Experimental situation,2022-05-11 13:23:09,2022-05-11 13:23:48
2022-05-11 23:04:15,2022-05-11 23:04:27,Free_Living,annotator,Experimental situation,2022-05-11 13:23:48,2022-05-11 13:24:00
2022-05-11 23:04:27,2022-05-11 23:28:06,Free_Living,annotator,Experimental situation,2022-05-11 13:24:00,2022-05-11 13:47:39
2022-05-11 23:28:06,2022-05-11 23:28:23,Free_Living,annotator,Experimental situation,2022-05-11 13:47:39,2022-05-11 13:47:56
2022-05-11 23:28:23,2022-05-11 23:29:20,Free_Living,annotator,Experimental situation,2022-05-11 13:47:56,2022-05-11 13:48:53
2022-05-11 23:29:20,2022-05-11 23:31:30,Free_Living,annotator,Experimental situation,2022-05-11 13:48:53,2022-05-11 13:51:03
2022-05-11 23:31:30,2022-05-11 23:38:04,Free_Living,annotator,Experimental situation,2022-05-11 13:51:03,2022-05-11 13:57:37
2022-05-11 23:38:04,2022-05-11 23:44:58,Free_Living,annotator,Experimental situation,2022-05-11 13:57:37,2022-05-11 14:04:31
2022-05-11 23:44:58,2022-05-11 23:47:41,Free_Living,annotator,Experimental situation,2022-05-11 14:04:31,2022-05-11 14:07:14
2022-05-11 23:47:41,2022-05-11 23:48:50,Free_Living,annotator,Experimental situation,2022-05-11 14:07:14,2022-05-11 14:08:23
2022-05-11 23:48:50,2022-05-11 23:48:59,Free_Living,annotator,Experimental situation,2022-05-11 14:08:23,2022-05-11 14:08:32
2022-05-11 23:48:59,2022-05-11 23:49:17,Free_Living,annotator,Experimental situation,2022-05-11 14:08:32,2022-05-11 14:08:50
2022-05-11 23:49:17,2022-05-11 23:49:30,Free_Living,annotator,Experimental situation,2022-05-11 14:08:50,2022-05-11 14:09:03
2022-05-11 23:49:30,2022-05-11 23:50:08,Free_Living,annotator,Experimental situation,2022-05-11 14:09:03,2022-05-11 14:09:41
2022-05-11 23:50:08,2022-05-11 23:50:24,Free_Living,annotator,Experimental situation,2022-05-11 14:09:41,2022-05-11 14:09:57
2022-05-11 23:50:24,2022-05-11 23:51:28,Free_Living,annotator,Experimental situation,2022-05-11 14:09:57,2022-05-11 14:11:01
2022-05-11 23:51:28,2022-05-11 23:51:40,Free_Living,annotator,Experimental situation,2022-05-11 14:11:01,2022-05-11 14:11:13
2022-05-11 23:51:40,2022-05-11 23:54:03,Free_Living,annotator,Experimental situation,2022-05-11 14:11:13,2022-05-11 14:13:36
2022-05-11 23:54:03,2022-05-11 23:54:54,Free_Living,annotator,Experimental situation,2022-05-11 14:13:36,2022-05-11 14:14:27
2022-05-11 23:54:54,2022-05-11 23:56:20,Free_Living,annotator,Experimental situation,2022-05-11 14:14:27,2022-05-11 14:15:53
2022-05-11 23:56:20,2022-05-11 23:56:30,Free_Living,annotator,Experimental situation,2022-05-11 14:15:53,2022-05-11 14:16:03
2022-05-11 23:56:30,2022-05-11 23:57:41,Free_Living,annotator,Experimental situation,2022-05-11 14:16:03,2022-05-11 14:17:14
2022-05-11 23:57:41,2022-05-12 00:17:50,Free_Living,annotator,Experimental situation,2022-05-11 14:17:14,2022-05-11 14:37:23
2022-05-12 00:17:50,2022-05-12 00:19:59,Free_Living,annotator,Experimental situation,2022-05-11 14:37:23,2022-05-11 14:39:32
2022-05-12 00:19:59,2022-05-12 00:29:07,Free_Living,annotator,Experimental situation,2022-05-11 14:39:32,2022-05-11 14:48:40
2022-05-12 00:29:07,2022-05-12 00:29:19,Free_Living,annotator,Experimental situation,2022-05-11 14:48:40,2022-05-11 14:48:52
2022-05-12 00:29:19,2022-05-12 00:29:29,Free_Living,annotator,Experimental situation,2022-05-11 14:48:52,2022-05-11 14:49:02
2022-05-12 00:29:29,2022-05-12 00:31:36,Free_Living,annotator,Experimental situation,2022-05-11 14:49:02,2022-05-11 14:51:09
2022-05-12 00:31:36,2022-05-12 00:33:20,Free_Living,annotator,Experimental situation,2022-05-11 14:51:09,2022-05-11 14:52:53
2022-05-12 00:33:20,2022-05-12 00:34:33,Free_Living,annotator,Experimental situation,2022-05-11 14:52:53,2022-05-11 14:54:06
2022-05-12 00:34:33,2022-05-12 00:40:31,Free_Living,annotator,Experimental situation,2022-05-11 14:54:06,2022-05-11 15:00:04
2022-05-12 00:40:31,2022-05-12 00:40:37,Free_Living,annotator,Experimental situation,2022-05-11 15:00:04,2022-05-11 15:00:10
2022-05-12 00:40:37,2022-05-12 00:40:56,Free_Living,annotator,Experimental situation,2022-05-11 15:00:10,2022-05-11 15:00:29
2022-05-12 00:40:56,2022-05-12 00:41:08,Free_Living,annotator,Experimental situation,2022-05-11 15:00:29,2022-05-11 15:00:41
2022-05-12 00:41:08,2022-05-12 01:21:02,Free_Living,annotator,Experimental situation,2022-05-11 15:00:41,2022-05-11 15:40:35
2022-05-12 01:21:02,2022-05-12 01:41:25,Free_Living,annotator,Experimental situation,2022-05-11 15:40:35,2022-05-11 16:00:58
2022-05-12 01:41:25,2022-05-12 01:57:28,Free_Living,annotator,Experimental situation,2022-05-11 16:00:58,2022-05-11 16:17:01
2022-05-12 01:57:28,2022-05-12 01:58:21,Free_Living,annotator,Experimental situation,2022-05-11 16:17:01,2022-05-11 16:17:54
2022-05-12 01:58:21,2022-05-12 01:59:19,Free_Living,annotator,Experimental situation,2022-05-11 16:17:54,2022-05-11 16:18:52
2022-05-12 01:59:19,2022-05-12 01:59:33,Free_Living,annotator,Experimental situation,2022-05-11 16:18:52,2022-05-11 16:19:06
