START_TIME,STOP_TIME,PREDICTION,SOURCE,LABELSET,VIDEO_START_TIME,VIDEO_END_TIME
2022-02-01 10:08:15,2022-02-01 10:08:36,Administering_Child/Elder/Other_Adult,annotator,HIGH LEVEL BEHAVIOR,2022-02-01 00:00:02,2022-02-01 00:00:23
2022-02-01 10:08:55,2022-02-01 10:09:03,Using_Computer/Screen,annotator,HIGH LEVEL BEHAVIOR,2022-02-01 00:00:42,2022-02-01 00:00:50
2022-02-01 10:09:21,2022-02-01 10:22:24,Relaxing_Passive,annotator,HIGH LEVEL BEHAVIOR,2022-02-01 00:01:08,2022-02-01 00:14:11
2022-02-01 10:22:24,2022-02-01 10:32:07,Relaxing_Passive,annotator,HIGH LEVEL BEHAVIOR,2022-02-01 00:14:11,2022-02-01 00:23:54
2022-02-01 10:32:07,2022-02-01 10:35:27,Relaxing_Passive,annotator,HIGH LEVEL BEHAVIOR,2022-02-01 00:23:54,2022-02-01 00:27:14
2022-02-01 10:35:27,2022-02-01 10:40:45,HLB_Indecipherable/Video_Insufficient,annotator,HIGH LEVEL BEHAVIOR,2022-02-01 00:27:14,2022-02-01 00:32:32
2022-02-01 10:40:45,2022-02-01 10:44:23,,annotator,HIGH LEVEL BEHAVIOR,2022-02-01 00:32:32,2022-02-01 00:36:10
2022-02-01 10:44:23,2022-02-01 10:46:38,,annotator,HIGH LEVEL BEHAVIOR,2022-02-01 00:36:10,2022-02-01 00:38:25
2022-02-01 10:46:38,2022-02-01 10:48:51,,annotator,HIGH LEVEL BEHAVIOR,2022-02-01 00:38:25,2022-02-01 00:40:38
2022-02-01 10:48:55,2022-02-01 10:49:26,Dressing/Undressing,annotator,HIGH LEVEL BEHAVIOR,2022-02-01 00:40:42,2022-02-01 00:41:13
2022-02-01 10:49:27,2022-02-01 13:13:56,HLB_Indecipherable/Video_Insufficient,annotator,HIGH LEVEL BEHAVIOR,2022-02-01 00:41:14,2022-02-01 03:05:43
2022-02-01 13:14:04,2022-02-01 13:14:16,,annotator,HIGH LEVEL BEHAVIOR,2022-02-01 03:05:51,2022-02-01 03:06:03
2022-02-01 13:14:16,2022-02-01 13:14:41,,annotator,HIGH LEVEL BEHAVIOR,2022-02-01 03:06:03,2022-02-01 03:06:28
2022-02-01 13:14:42,2022-02-01 13:18:18,,annotator,HIGH LEVEL BEHAVIOR,2022-02-01 03:06:29,2022-02-01 03:10:05
2022-02-01 13:18:18,2022-02-01 13:34:14,Relaxing_Passive,annotator,HIGH LEVEL BEHAVIOR,2022-02-01 03:10:05,2022-02-01 03:26:01
2022-02-01 13:34:14,2022-02-01 13:34:32,In_Transit_Active,annotator,HIGH LEVEL BEHAVIOR,2022-02-01 03:26:01,2022-02-01 03:26:19
2022-02-01 13:34:32,2022-02-01 13:34:48,Using_Computer/Screen,annotator,HIGH LEVEL BEHAVIOR,2022-02-01 03:26:19,2022-02-01 03:26:35
2022-02-01 13:34:48,2022-02-01 13:35:40,Using_Computer/Screen,annotator,HIGH LEVEL BEHAVIOR,2022-02-01 03:26:35,2022-02-01 03:27:27
2022-02-01 13:35:41,2022-02-01 13:37:29,Using_Computer/Screen, Meeting_Virtual,annotator,HIGH LEVEL BEHAVIOR,2022-02-01 03:27:28,2022-02-01 03:29:16
2022-02-01 13:37:29,2022-02-01 13:39:01,Using_Computer/Screen, Meeting_Virtual,annotator,HIGH LEVEL BEHAVIOR,2022-02-01 03:29:16,2022-02-01 03:30:48
2022-02-01 13:39:01,2022-02-01 13:39:05,Meeting_Virtual,annotator,HIGH LEVEL BEHAVIOR,2022-02-01 03:30:48,2022-02-01 03:30:52
2022-02-01 13:39:05,2022-02-01 13:42:02,Meeting_Virtual,annotator,HIGH LEVEL BEHAVIOR,2022-02-01 03:30:52,2022-02-01 03:33:49
2022-02-01 13:42:02,2022-02-01 13:42:17,Meeting_Virtual,annotator,HIGH LEVEL BEHAVIOR,2022-02-01 03:33:49,2022-02-01 03:34:04
2022-02-01 13:42:17,2022-02-01 13:42:35,Meeting_Virtual,annotator,HIGH LEVEL BEHAVIOR,2022-02-01 03:34:04,2022-02-01 03:34:22
2022-02-01 13:42:35,2022-02-01 13:44:04,Meeting_Virtual,annotator,HIGH LEVEL BEHAVIOR,2022-02-01 03:34:22,2022-02-01 03:35:51
2022-02-01 13:44:04,2022-02-01 13:49:22,Meeting_Virtual,annotator,HIGH LEVEL BEHAVIOR,2022-02-01 03:35:51,2022-02-01 03:41:09
2022-02-01 13:49:22,2022-02-01 13:55:35,Meeting_Virtual,annotator,HIGH LEVEL BEHAVIOR,2022-02-01 03:41:09,2022-02-01 03:47:22
2022-02-01 13:55:35,2022-02-01 13:56:50,Meeting_Virtual,annotator,HIGH LEVEL BEHAVIOR,2022-02-01 03:47:22,2022-02-01 03:48:37
2022-02-01 13:56:50,2022-02-01 14:14:13,Meeting_Virtual,annotator,HIGH LEVEL BEHAVIOR,2022-02-01 03:48:37,2022-02-01 04:06:00
2022-02-01 14:14:13,2022-02-01 14:18:42,Meeting_Virtual, Playing_Videogame,annotator,HIGH LEVEL BEHAVIOR,2022-02-01 04:06:00,2022-02-01 04:10:29
2022-02-01 14:18:42,2022-02-01 14:19:10,Meeting_Virtual,annotator,HIGH LEVEL BEHAVIOR,2022-02-01 04:10:29,2022-02-01 04:10:57
2022-02-01 14:19:10,2022-02-01 14:20:45,Meeting_Virtual,annotator,HIGH LEVEL BEHAVIOR,2022-02-01 04:10:57,2022-02-01 04:12:32
2022-02-01 14:20:45,2022-02-01 14:22:40,Meeting_Virtual,annotator,HIGH LEVEL BEHAVIOR,2022-02-01 04:12:32,2022-02-01 04:14:27
2022-02-01 14:22:40,2022-02-01 14:23:06,Meeting_Virtual,annotator,HIGH LEVEL BEHAVIOR,2022-02-01 04:14:27,2022-02-01 04:14:53
2022-02-01 14:23:06,2022-02-01 14:28:13,Meeting_Virtual,annotator,HIGH LEVEL BEHAVIOR,2022-02-01 04:14:53,2022-02-01 04:20:00
2022-02-01 14:28:13,2022-02-01 14:33:26,,annotator,HIGH LEVEL BEHAVIOR,2022-02-01 04:20:00,2022-02-01 04:25:13
2022-02-01 14:33:26,2022-02-01 14:35:51,,annotator,HIGH LEVEL BEHAVIOR,2022-02-01 04:25:13,2022-02-01 04:27:38
2022-02-01 14:35:53,2022-02-01 14:36:12,Meeting_Virtual,annotator,HIGH LEVEL BEHAVIOR,2022-02-01 04:27:40,2022-02-01 04:27:59
2022-02-01 14:36:12,2022-02-01 14:45:23,Meeting_Virtual,annotator,HIGH LEVEL BEHAVIOR,2022-02-01 04:27:59,2022-02-01 04:37:10
2022-02-01 14:45:23,2022-02-01 14:51:11,Meeting_Virtual,annotator,HIGH LEVEL BEHAVIOR,2022-02-01 04:37:10,2022-02-01 04:42:58
2022-02-01 14:51:12,2022-02-01 14:58:57,Meeting_Virtual,annotator,HIGH LEVEL BEHAVIOR,2022-02-01 04:42:59,2022-02-01 04:50:44
2022-02-01 14:58:57,2022-02-01 15:01:19,Meeting_Virtual,annotator,HIGH LEVEL BEHAVIOR,2022-02-01 04:50:44,2022-02-01 04:53:06
2022-02-01 15:01:19,2022-02-01 15:10:29,Meeting_Virtual,annotator,HIGH LEVEL BEHAVIOR,2022-02-01 04:53:06,2022-02-01 05:02:16
2022-02-01 15:10:29,2022-02-01 15:12:02,Meeting_Virtual,annotator,HIGH LEVEL BEHAVIOR,2022-02-01 05:02:16,2022-02-01 05:03:49
2022-02-01 15:12:11,2022-02-01 15:14:29,Meeting_Virtual, Using_Computer/Screen,annotator,HIGH LEVEL BEHAVIOR,2022-02-01 05:03:58,2022-02-01 05:06:16
2022-02-01 15:14:38,2022-02-01 15:14:54,HLB_Unlabeled,annotator,HIGH LEVEL BEHAVIOR,2022-02-01 05:06:25,2022-02-01 05:06:41
2022-02-01 15:15:54,2022-02-01 15:16:24,HLB_Unlabeled,annotator,HIGH LEVEL BEHAVIOR,2022-02-01 05:07:41,2022-02-01 05:08:11
2022-02-01 15:16:30,2022-02-01 15:22:44,HLB_Unlabeled,annotator,HIGH LEVEL BEHAVIOR,2022-02-01 05:08:17,2022-02-01 05:14:31
2022-02-01 15:22:48,2022-02-01 15:30:42,HLB_Unlabeled,annotator,HIGH LEVEL BEHAVIOR,2022-02-01 05:14:35,2022-02-01 05:22:29
2022-02-01 15:30:57,2022-02-01 15:31:40,HLB_Unlabeled,annotator,HIGH LEVEL BEHAVIOR,2022-02-01 05:22:44,2022-02-01 05:23:27
2022-02-01 15:31:43,2022-02-01 15:32:14,HLB_Unlabeled,annotator,HIGH LEVEL BEHAVIOR,2022-02-01 05:23:30,2022-02-01 05:24:01
2022-02-01 15:32:18,2022-02-01 15:33:04,HLB_Unlabeled,annotator,HIGH LEVEL BEHAVIOR,2022-02-01 05:24:05,2022-02-01 05:24:51
2022-02-01 15:33:08,2022-02-01 15:33:18,HLB_Unlabeled,annotator,HIGH LEVEL BEHAVIOR,2022-02-01 05:24:55,2022-02-01 05:25:05
2022-02-01 15:33:18,2022-02-01 15:33:27,HLB_Unlabeled,annotator,HIGH LEVEL BEHAVIOR,2022-02-01 05:25:05,2022-02-01 05:25:14
2022-02-01 15:33:35,2022-02-01 15:33:58,HLB_Unlabeled,annotator,HIGH LEVEL BEHAVIOR,2022-02-01 05:25:22,2022-02-01 05:25:45
2022-02-01 15:34:21,2022-02-01 15:34:56,In_Transit_Active,annotator,HIGH LEVEL BEHAVIOR,2022-02-01 05:26:08,2022-02-01 05:26:43
2022-02-01 15:35:21,2022-02-01 15:35:59,In_Transit_Driving_Car,annotator,HIGH LEVEL BEHAVIOR,2022-02-01 05:27:08,2022-02-01 05:27:46
2022-02-01 15:36:01,2022-02-01 15:36:09,In_Transit_Driving_Car,annotator,HIGH LEVEL BEHAVIOR,2022-02-01 05:27:48,2022-02-01 05:27:56
2022-02-01 15:36:14,2022-02-01 15:36:22,In_Transit_Driving_Car,annotator,HIGH LEVEL BEHAVIOR,2022-02-01 05:28:01,2022-02-01 05:28:09
2022-02-01 15:36:26,2022-02-01 15:37:24,In_Transit_Driving_Car,annotator,HIGH LEVEL BEHAVIOR,2022-02-01 05:28:13,2022-02-01 05:29:11
2022-02-01 15:37:26,2022-02-01 15:37:43,In_Transit_Driving_Car,annotator,HIGH LEVEL BEHAVIOR,2022-02-01 05:29:13,2022-02-01 05:29:30
2022-02-01 15:38:02,2022-02-01 15:39:41,In_Transit_Driving_Car,annotator,HIGH LEVEL BEHAVIOR,2022-02-01 05:29:49,2022-02-01 05:31:28
2022-02-01 15:39:44,2022-02-01 15:41:44,In_Transit_Driving_Car,annotator,HIGH LEVEL BEHAVIOR,2022-02-01 05:31:31,2022-02-01 05:33:31
2022-02-01 15:41:45,2022-02-01 15:42:36,HLB_Unlabeled,annotator,HIGH LEVEL BEHAVIOR,2022-02-01 05:33:32,2022-02-01 05:34:23
2022-02-01 15:42:49,2022-02-01 15:43:09,In_Transit_Active,annotator,HIGH LEVEL BEHAVIOR,2022-02-01 05:34:36,2022-02-01 05:34:56
2022-02-01 15:43:12,2022-02-01 15:46:39,In_Transit_Active,annotator,HIGH LEVEL BEHAVIOR,2022-02-01 05:34:59,2022-02-01 05:38:26
2022-02-01 15:46:46,2022-02-01 15:47:05,In_Transit_Active,annotator,HIGH LEVEL BEHAVIOR,2022-02-01 05:38:33,2022-02-01 05:38:52
2022-02-01 15:47:06,2022-02-01 15:47:24,In_Transit_Active, Riding_Elevator_Up,annotator,HIGH LEVEL BEHAVIOR,2022-02-01 05:38:53,2022-02-01 05:39:11
2022-02-01 15:47:25,2022-02-01 15:47:34,In_Transit_Active,annotator,HIGH LEVEL BEHAVIOR,2022-02-01 05:39:12,2022-02-01 05:39:21
2022-02-01 15:47:39,2022-02-01 15:47:59,HLB_Unlabeled,annotator,HIGH LEVEL BEHAVIOR,2022-02-01 05:39:26,2022-02-01 05:39:46
2022-02-01 15:48:02,2022-02-01 15:48:14,HLB_Unlabeled,annotator,HIGH LEVEL BEHAVIOR,2022-02-01 05:39:49,2022-02-01 05:40:01
2022-02-01 15:48:16,2022-02-01 15:50:20,HLB_Unlabeled,annotator,HIGH LEVEL BEHAVIOR,2022-02-01 05:40:03,2022-02-01 05:42:07
2022-02-01 15:50:22,2022-02-01 15:50:49,In_Transit_Active,annotator,HIGH LEVEL BEHAVIOR,2022-02-01 05:42:09,2022-02-01 05:42:36
2022-02-01 15:50:50,2022-02-01 15:51:06,In_Transit_Active, Riding_Elevator_Down,annotator,HIGH LEVEL BEHAVIOR,2022-02-01 05:42:37,2022-02-01 05:42:53
2022-02-01 15:51:08,2022-02-01 15:51:22,In_Transit_Active,annotator,HIGH LEVEL BEHAVIOR,2022-02-01 05:42:55,2022-02-01 05:43:09
2022-02-01 15:51:24,2022-02-01 15:51:26,In_Transit_Active,annotator,HIGH LEVEL BEHAVIOR,2022-02-01 05:43:11,2022-02-01 05:43:13
2022-02-01 15:51:29,2022-02-01 15:53:04,In_Transit_Active,annotator,HIGH LEVEL BEHAVIOR,2022-02-01 05:43:16,2022-02-01 05:44:51
2022-02-01 15:53:06,2022-02-01 15:53:35,In_Transit_Active,annotator,HIGH LEVEL BEHAVIOR,2022-02-01 05:44:53,2022-02-01 05:45:22
2022-02-01 15:53:37,2022-02-01 15:55:04,In_Transit_Active,annotator,HIGH LEVEL BEHAVIOR,2022-02-01 05:45:24,2022-02-01 05:46:51
2022-02-01 15:55:08,2022-02-01 15:55:28,In_Transit_Active,annotator,HIGH LEVEL BEHAVIOR,2022-02-01 05:46:55,2022-02-01 05:47:15
2022-02-01 15:55:29,2022-02-01 15:55:46,In_Transit_Active,annotator,HIGH LEVEL BEHAVIOR,2022-02-01 05:47:16,2022-02-01 05:47:33
2022-02-01 15:55:47,2022-02-01 15:55:56,In_Transit_Active,annotator,HIGH LEVEL BEHAVIOR,2022-02-01 05:47:34,2022-02-01 05:47:43
2022-02-01 15:55:59,2022-02-01 15:56:00,In_Transit_Active,annotator,HIGH LEVEL BEHAVIOR,2022-02-01 05:47:46,2022-02-01 05:47:47
2022-02-01 15:56:03,2022-02-01 15:56:08,In_Transit_Active,annotator,HIGH LEVEL BEHAVIOR,2022-02-01 05:47:50,2022-02-01 05:47:55
2022-02-01 15:56:13,2022-02-01 15:56:19,In_Transit_Active,annotator,HIGH LEVEL BEHAVIOR,2022-02-01 05:48:00,2022-02-01 05:48:06
2022-02-01 15:56:25,2022-02-01 15:56:29,In_Transit_Active,annotator,HIGH LEVEL BEHAVIOR,2022-02-01 05:48:12,2022-02-01 05:48:16
2022-02-01 15:56:32,2022-02-01 15:56:43,HLB_Unlabeled,annotator,HIGH LEVEL BEHAVIOR,2022-02-01 05:48:19,2022-02-01 05:48:30
2022-02-01 15:56:44,2022-02-01 15:57:02,HLB_Unlabeled,annotator,HIGH LEVEL BEHAVIOR,2022-02-01 05:48:31,2022-02-01 05:48:49
2022-02-01 15:57:24,2022-02-01 15:57:37,HLB_Unlabeled,annotator,HIGH LEVEL BEHAVIOR,2022-02-01 05:49:11,2022-02-01 05:49:24
2022-02-01 15:58:02,2022-02-01 15:58:35,HLB_Unlabeled,annotator,HIGH LEVEL BEHAVIOR,2022-02-01 05:49:49,2022-02-01 05:50:22
2022-02-01 15:58:37,2022-02-01 15:59:28,HLB_Unlabeled,annotator,HIGH LEVEL BEHAVIOR,2022-02-01 05:50:24,2022-02-01 05:51:15
2022-02-01 16:02:07,2022-02-01 16:24:08,Using_Computer/Screen,annotator,HIGH LEVEL BEHAVIOR,2022-02-01 05:53:54,2022-02-01 06:15:55
2022-02-01 16:24:17,2022-02-01 16:25:30,Using_Computer/Screen,annotator,HIGH LEVEL BEHAVIOR,2022-02-01 06:16:04,2022-02-01 06:17:17
2022-02-01 16:25:53,2022-02-01 16:39:12,Using_Computer/Screen,annotator,HIGH LEVEL BEHAVIOR,2022-02-01 06:17:40,2022-02-01 06:30:59
2022-02-01 16:39:18,2022-02-01 16:39:57,Using_Computer/Screen,annotator,HIGH LEVEL BEHAVIOR,2022-02-01 06:31:05,2022-02-01 06:31:44
2022-02-01 16:40:00,2022-02-01 16:50:11,Using_Computer/Screen,annotator,HIGH LEVEL BEHAVIOR,2022-02-01 06:31:47,2022-02-01 06:41:58
2022-02-01 16:50:13,2022-02-01 16:51:12,Using_Computer/Screen,annotator,HIGH LEVEL BEHAVIOR,2022-02-01 06:42:00,2022-02-01 06:42:59
2022-02-01 16:51:15,2022-02-01 16:54:45,Using_Computer/Screen,annotator,HIGH LEVEL BEHAVIOR,2022-02-01 06:43:02,2022-02-01 06:46:32
2022-02-01 16:54:59,2022-02-01 16:56:15,Using_Computer/Screen,annotator,HIGH LEVEL BEHAVIOR,2022-02-01 06:46:46,2022-02-01 06:48:02
2022-02-01 16:56:28,2022-02-01 16:56:44,Using_Computer/Screen,annotator,HIGH LEVEL BEHAVIOR,2022-02-01 06:48:15,2022-02-01 06:48:31
2022-02-01 16:56:45,2022-02-01 17:01:41,Using_Computer/Screen,annotator,HIGH LEVEL BEHAVIOR,2022-02-01 06:48:32,2022-02-01 06:53:28
2022-02-01 17:01:42,2022-02-01 17:03:10,Using_Computer/Screen,annotator,HIGH LEVEL BEHAVIOR,2022-02-01 06:53:29,2022-02-01 06:54:57
2022-02-01 17:03:24,2022-02-01 17:03:55,Using_Computer/Screen,annotator,HIGH LEVEL BEHAVIOR,2022-02-01 06:55:11,2022-02-01 06:55:42
2022-02-01 17:03:56,2022-02-01 17:07:13,Using_Computer/Screen,annotator,HIGH LEVEL BEHAVIOR,2022-02-01 06:55:43,2022-02-01 06:59:00
2022-02-01 17:07:20,2022-02-01 17:07:39,Using_Computer/Screen,annotator,HIGH LEVEL BEHAVIOR,2022-02-01 06:59:07,2022-02-01 06:59:26
2022-02-01 17:07:40,2022-02-01 17:07:57,Using_Computer/Screen,annotator,HIGH LEVEL BEHAVIOR,2022-02-01 06:59:27,2022-02-01 06:59:44
2022-02-01 17:08:27,2022-02-01 17:08:37,Using_Computer/Screen,annotator,HIGH LEVEL BEHAVIOR,2022-02-01 07:00:14,2022-02-01 07:00:24
2022-02-01 17:08:36,2022-02-01 17:08:37,Using_Computer/Screen,annotator,HIGH LEVEL BEHAVIOR,2022-02-01 07:00:23,2022-02-01 07:00:24
2022-02-01 17:08:47,2022-02-01 17:09:03,Using_Computer/Screen,annotator,HIGH LEVEL BEHAVIOR,2022-02-01 07:00:34,2022-02-01 07:00:50
2022-02-01 17:09:11,2022-02-01 17:14:04,Using_Computer/Screen,annotator,HIGH LEVEL BEHAVIOR,2022-02-01 07:00:58,2022-02-01 07:05:51
2022-02-01 17:14:13,2022-02-01 17:14:26,Using_Computer/Screen,annotator,HIGH LEVEL BEHAVIOR,2022-02-01 07:06:00,2022-02-01 07:06:13
2022-02-01 17:14:33,2022-02-01 17:34:32,Using_Computer/Screen,annotator,HIGH LEVEL BEHAVIOR,2022-02-01 07:06:20,2022-02-01 07:26:19
2022-02-01 17:34:36,2022-02-01 17:34:56,Working_Other,annotator,HIGH LEVEL BEHAVIOR,2022-02-01 07:26:23,2022-02-01 07:26:43
2022-02-01 17:35:06,2022-02-01 17:36:43,Working_Other, Meeting _Social_Gathering_In_Person,annotator,HIGH LEVEL BEHAVIOR,2022-02-01 07:26:53,2022-02-01 07:28:30
2022-02-01 17:37:03,2022-02-01 17:37:19,HLB_Unlabeled,annotator,HIGH LEVEL BEHAVIOR,2022-02-01 07:28:50,2022-02-01 07:29:06
2022-02-01 17:37:20,2022-02-01 17:38:34,Meeting _Social_Gathering_In_Person, Dressing/Undressing,annotator,HIGH LEVEL BEHAVIOR,2022-02-01 07:29:07,2022-02-01 07:30:21
2022-02-01 17:38:34,2022-02-01 17:38:54,Meeting _Social_Gathering_In_Person,annotator,HIGH LEVEL BEHAVIOR,2022-02-01 07:30:21,2022-02-01 07:30:41
2022-02-01 17:38:54,2022-02-01 17:39:36,Meeting _Social_Gathering_In_Person,annotator,HIGH LEVEL BEHAVIOR,2022-02-01 07:30:41,2022-02-01 07:31:23
2022-02-01 17:39:36,2022-02-01 17:39:54,In_Transit_Active,annotator,HIGH LEVEL BEHAVIOR,2022-02-01 07:31:23,2022-02-01 07:31:41
2022-02-01 17:39:54,2022-02-01 17:40:30,In_Transit_Active,annotator,HIGH LEVEL BEHAVIOR,2022-02-01 07:31:41,2022-02-01 07:32:17
2022-02-01 17:40:30,2022-02-01 17:40:51,In_Transit_Active,annotator,HIGH LEVEL BEHAVIOR,2022-02-01 07:32:17,2022-02-01 07:32:38
2022-02-01 17:40:57,2022-02-01 17:41:12,In_Transit_Active,annotator,HIGH LEVEL BEHAVIOR,2022-02-01 07:32:44,2022-02-01 07:32:59
2022-02-01 17:41:12,2022-02-01 17:41:17,In_Transit_Active,annotator,HIGH LEVEL BEHAVIOR,2022-02-01 07:32:59,2022-02-01 07:33:04
2022-02-01 17:41:17,2022-02-01 17:42:34,In_Transit_Active,annotator,HIGH LEVEL BEHAVIOR,2022-02-01 07:33:04,2022-02-01 07:34:21
2022-02-01 17:42:34,2022-02-01 17:43:19,In_Transit_Active,annotator,HIGH LEVEL BEHAVIOR,2022-02-01 07:34:21,2022-02-01 07:35:06
2022-02-01 17:43:19,2022-02-01 17:45:01,In_Transit_Active,annotator,HIGH LEVEL BEHAVIOR,2022-02-01 07:35:06,2022-02-01 07:36:48
2022-02-01 17:45:01,2022-02-01 17:45:24,In_Transit_Active,annotator,HIGH LEVEL BEHAVIOR,2022-02-01 07:36:48,2022-02-01 07:37:11
2022-02-01 17:45:24,2022-02-01 17:45:41,In_Transit_Active,annotator,HIGH LEVEL BEHAVIOR,2022-02-01 07:37:11,2022-02-01 07:37:28
2022-02-01 17:45:41,2022-02-01 17:45:47,In_Transit_Active,annotator,HIGH LEVEL BEHAVIOR,2022-02-01 07:37:28,2022-02-01 07:37:34
2022-02-01 17:45:47,2022-02-01 17:45:53,In_Transit_Active,annotator,HIGH LEVEL BEHAVIOR,2022-02-01 07:37:34,2022-02-01 07:37:40
2022-02-01 17:45:53,2022-02-01 17:45:57,In_Transit_Active,annotator,HIGH LEVEL BEHAVIOR,2022-02-01 07:37:40,2022-02-01 07:37:44
2022-02-01 17:46:05,2022-02-01 17:46:27,In_Transit_Active,annotator,HIGH LEVEL BEHAVIOR,2022-02-01 07:37:52,2022-02-01 07:38:14
2022-02-01 17:46:28,2022-02-01 17:48:40,Dressing/Undressing,annotator,HIGH LEVEL BEHAVIOR,2022-02-01 07:38:15,2022-02-01 07:40:27
2022-02-01 17:48:40,2022-02-01 17:48:47,,annotator,HIGH LEVEL BEHAVIOR,2022-02-01 07:40:27,2022-02-01 07:40:34
2022-02-01 17:48:47,2022-02-01 17:49:12,Grooming/Self_Care,annotator,HIGH LEVEL BEHAVIOR,2022-02-01 07:40:34,2022-02-01 07:40:59
2022-02-01 17:49:13,2022-02-01 17:49:46,In_Transit_Active,annotator,HIGH LEVEL BEHAVIOR,2022-02-01 07:41:00,2022-02-01 07:41:33
2022-02-01 17:49:46,2022-02-01 17:50:38,In_Transit_Active,annotator,HIGH LEVEL BEHAVIOR,2022-02-01 07:41:33,2022-02-01 07:42:25
2022-02-01 17:50:38,2022-02-01 17:51:10,In_Transit_Active,annotator,HIGH LEVEL BEHAVIOR,2022-02-01 07:42:25,2022-02-01 07:42:57
2022-02-01 17:51:10,2022-02-01 17:51:43,Exercising_Gym_Other,annotator,HIGH LEVEL BEHAVIOR,2022-02-01 07:42:57,2022-02-01 07:43:30
2022-02-01 17:51:43,2022-02-01 17:51:53,Exercising_Gym_Other,annotator,HIGH LEVEL BEHAVIOR,2022-02-01 07:43:30,2022-02-01 07:43:40
2022-02-01 17:51:53,2022-02-01 17:52:49,Exercising_Gym_Other,annotator,HIGH LEVEL BEHAVIOR,2022-02-01 07:43:40,2022-02-01 07:44:36
2022-02-01 17:52:49,2022-02-01 17:53:02,Exercising_Gym_Other,annotator,HIGH LEVEL BEHAVIOR,2022-02-01 07:44:36,2022-02-01 07:44:49
2022-02-01 17:53:02,2022-02-01 17:53:42,Exercising_Gym_Other, Doing_Resistance_Training,annotator,HIGH LEVEL BEHAVIOR,2022-02-01 07:44:49,2022-02-01 07:45:29
2022-02-01 17:53:42,2022-02-01 17:54:06,Exercising_Gym_Other, Doing_Resistance_Training,annotator,HIGH LEVEL BEHAVIOR,2022-02-01 07:45:29,2022-02-01 07:45:53
2022-02-01 17:54:06,2022-02-01 17:55:22,Exercising_Gym_Other, Doing_Resistance_Training,annotator,HIGH LEVEL BEHAVIOR,2022-02-01 07:45:53,2022-02-01 07:47:09
2022-02-01 17:55:23,2022-02-01 17:56:18,Exercising_Gym_Other, Doing_Resistance_Training,annotator,HIGH LEVEL BEHAVIOR,2022-02-01 07:47:10,2022-02-01 07:48:05
2022-02-01 17:56:18,2022-02-01 17:57:37,Exercising_Gym_Other, Doing_Resistance_Training,annotator,HIGH LEVEL BEHAVIOR,2022-02-01 07:48:05,2022-02-01 07:49:24
2022-02-01 17:57:37,2022-02-01 17:58:35,Exercising_Gym_Other, Doing_Resistance_Training,annotator,HIGH LEVEL BEHAVIOR,2022-02-01 07:49:24,2022-02-01 07:50:22
2022-02-01 17:58:35,2022-02-01 18:00:34,Exercising_Gym_Other, Doing_Resistance_Training,annotator,HIGH LEVEL BEHAVIOR,2022-02-01 07:50:22,2022-02-01 07:52:21
2022-02-01 18:00:34,2022-02-01 18:01:41,Exercising_Gym_Other, Doing_Resistance_Training,annotator,HIGH LEVEL BEHAVIOR,2022-02-01 07:52:21,2022-02-01 07:53:28
2022-02-01 18:01:41,2022-02-01 18:02:24,Exercising_Gym_Other, Doing_Resistance_Training,annotator,HIGH LEVEL BEHAVIOR,2022-02-01 07:53:28,2022-02-01 07:54:11
2022-02-01 18:02:24,2022-02-01 18:02:50,Exercising_Gym_Other,annotator,HIGH LEVEL BEHAVIOR,2022-02-01 07:54:11,2022-02-01 07:54:37
2022-02-01 18:02:50,2022-02-01 18:03:08,Exercising_Gym_Other,annotator,HIGH LEVEL BEHAVIOR,2022-02-01 07:54:37,2022-02-01 07:54:55
2022-02-01 18:03:08,2022-02-01 18:03:25,Exercising_Gym_Other,annotator,HIGH LEVEL BEHAVIOR,2022-02-01 07:54:55,2022-02-01 07:55:12
2022-02-01 18:03:26,2022-02-01 18:04:10,Exercising_Gym_Other, Doing_Resistance_Training,annotator,HIGH LEVEL BEHAVIOR,2022-02-01 07:55:13,2022-02-01 07:55:57
2022-02-01 18:04:10,2022-02-01 18:04:34,Exercising_Gym_Other, Doing_Resistance_Training,annotator,HIGH LEVEL BEHAVIOR,2022-02-01 07:55:57,2022-02-01 07:56:21
2022-02-01 18:04:37,2022-02-01 18:05:21,Exercising_Gym_Other,annotator,HIGH LEVEL BEHAVIOR,2022-02-01 07:56:24,2022-02-01 07:57:08
2022-02-01 18:05:21,2022-02-01 18:06:35,Exercising_Gym_Other, Doing_Resistance_Training,annotator,HIGH LEVEL BEHAVIOR,2022-02-01 07:57:08,2022-02-01 07:58:22
2022-02-01 18:06:35,2022-02-01 18:07:12,Exercising_Gym_Other, Doing_Resistance_Training,annotator,HIGH LEVEL BEHAVIOR,2022-02-01 07:58:22,2022-02-01 07:58:59
2022-02-01 18:07:12,2022-02-01 18:08:57,Exercising_Gym_Other, Doing_Resistance_Training,annotator,HIGH LEVEL BEHAVIOR,2022-02-01 07:58:59,2022-02-01 08:00:44
2022-02-01 18:08:58,2022-02-01 18:09:08,Exercising_Gym_Other,annotator,HIGH LEVEL BEHAVIOR,2022-02-01 08:00:45,2022-02-01 08:00:55
2022-02-01 18:09:08,2022-02-01 18:09:30,Exercising_Gym_Other,annotator,HIGH LEVEL BEHAVIOR,2022-02-01 08:00:55,2022-02-01 08:01:17
2022-02-01 18:09:30,2022-02-01 18:10:02,Exercising_Gym_Other,annotator,HIGH LEVEL BEHAVIOR,2022-02-01 08:01:17,2022-02-01 08:01:49
2022-02-01 18:10:02,2022-02-01 18:10:49,Exercising_Gym_Other,annotator,HIGH LEVEL BEHAVIOR,2022-02-01 08:01:49,2022-02-01 08:02:36
2022-02-01 18:10:49,2022-02-01 18:12:57,Exercising_Gym_Other,annotator,HIGH LEVEL BEHAVIOR,2022-02-01 08:02:36,2022-02-01 08:04:44
2022-02-01 18:12:57,2022-02-01 18:13:35,Exercising_Gym_Other,annotator,HIGH LEVEL BEHAVIOR,2022-02-01 08:04:44,2022-02-01 08:05:22
2022-02-01 18:13:35,2022-02-01 18:14:11,Exercising_Gym_Other,annotator,HIGH LEVEL BEHAVIOR,2022-02-01 08:05:22,2022-02-01 08:05:58
2022-02-01 18:14:11,2022-02-01 18:16:38,Exercising_Gym_Other,annotator,HIGH LEVEL BEHAVIOR,2022-02-01 08:05:58,2022-02-01 08:08:25
2022-02-01 18:16:38,2022-02-01 18:16:57,Exercising_Gym_Other,annotator,HIGH LEVEL BEHAVIOR,2022-02-01 08:08:25,2022-02-01 08:08:44
2022-02-01 18:16:57,2022-02-01 18:17:11,Exercising_Gym_Other,annotator,HIGH LEVEL BEHAVIOR,2022-02-01 08:08:44,2022-02-01 08:08:58
2022-02-01 18:17:12,2022-02-01 18:17:21,Exercising_Gym_Other,annotator,HIGH LEVEL BEHAVIOR,2022-02-01 08:08:59,2022-02-01 08:09:08
2022-02-01 18:17:24,2022-02-01 18:17:47,Exercising_Gym_Other,annotator,HIGH LEVEL BEHAVIOR,2022-02-01 08:09:11,2022-02-01 08:09:34
2022-02-01 18:17:45,2022-02-01 18:18:10,Exercising_Gym_Other, Doing_Resistance_Training,annotator,HIGH LEVEL BEHAVIOR,2022-02-01 08:09:32,2022-02-01 08:09:57
2022-02-01 18:18:10,2022-02-01 18:38:04,Exercising_Gym_Other, Doing_Resistance_Training,annotator,HIGH LEVEL BEHAVIOR,2022-02-01 08:09:57,2022-02-01 08:29:51
2022-02-01 18:38:04,2022-02-01 18:38:12,Exercising_Gym_Other,annotator,HIGH LEVEL BEHAVIOR,2022-02-01 08:29:51,2022-02-01 08:29:59
2022-02-01 18:38:12,2022-02-01 18:38:48,Exercising_Gym_Other, Doing_Resistance_Training,annotator,HIGH LEVEL BEHAVIOR,2022-02-01 08:29:59,2022-02-01 08:30:35
2022-02-01 18:38:49,2022-02-01 18:39:50,Exercising_Gym_Other, Doing_Resistance_Training,annotator,HIGH LEVEL BEHAVIOR,2022-02-01 08:30:36,2022-02-01 08:31:37
2022-02-01 18:39:50,2022-02-01 18:40:38,Exercising_Gym_Other, Doing_Resistance_Training,annotator,HIGH LEVEL BEHAVIOR,2022-02-01 08:31:37,2022-02-01 08:32:25
2022-02-01 18:40:38,2022-02-01 18:40:50,Exercising_Gym_Other,annotator,HIGH LEVEL BEHAVIOR,2022-02-01 08:32:25,2022-02-01 08:32:37
2022-02-01 18:40:50,2022-02-01 18:41:29,In_Transit_Active,annotator,HIGH LEVEL BEHAVIOR,2022-02-01 08:32:37,2022-02-01 08:33:16
2022-02-01 18:41:29,2022-02-01 18:42:07,In_Transit_Active,annotator,HIGH LEVEL BEHAVIOR,2022-02-01 08:33:16,2022-02-01 08:33:54
2022-02-01 18:42:07,2022-02-01 18:42:57,,annotator,HIGH LEVEL BEHAVIOR,2022-02-01 08:33:54,2022-02-01 08:34:44
2022-02-01 18:42:57,2022-02-01 18:43:44,HLB_Indecipherable/Video_Insufficient,annotator,HIGH LEVEL BEHAVIOR,2022-02-01 08:34:44,2022-02-01 08:35:31
2022-02-01 18:43:44,2022-02-01 18:44:03,,annotator,HIGH LEVEL BEHAVIOR,2022-02-01 08:35:31,2022-02-01 08:35:50
2022-02-01 18:44:25,2022-02-01 18:44:54,Grooming/Self_Care,annotator,HIGH LEVEL BEHAVIOR,2022-02-01 08:36:12,2022-02-01 08:36:41
2022-02-01 18:44:54,2022-02-01 18:45:08,,annotator,HIGH LEVEL BEHAVIOR,2022-02-01 08:36:41,2022-02-01 08:36:55
2022-02-01 18:45:08,2022-02-01 18:45:39,Dressing/Undressing,annotator,HIGH LEVEL BEHAVIOR,2022-02-01 08:36:55,2022-02-01 08:37:26
2022-02-01 18:45:39,2022-02-01 18:46:05,In_Transit_Active,annotator,HIGH LEVEL BEHAVIOR,2022-02-01 08:37:26,2022-02-01 08:37:52
2022-02-01 18:46:05,2022-02-01 18:46:19,In_Transit_Active,annotator,HIGH LEVEL BEHAVIOR,2022-02-01 08:37:52,2022-02-01 08:38:06
2022-02-01 18:46:22,2022-02-01 18:46:38,In_Transit_Active,annotator,HIGH LEVEL BEHAVIOR,2022-02-01 08:38:09,2022-02-01 08:38:25
2022-02-01 18:46:38,2022-02-01 18:47:44,Shopping_Grocery,annotator,HIGH LEVEL BEHAVIOR,2022-02-01 08:38:25,2022-02-01 08:39:31
2022-02-01 18:47:44,2022-02-01 18:49:09,Shopping_Grocery,annotator,HIGH LEVEL BEHAVIOR,2022-02-01 08:39:31,2022-02-01 08:40:56
2022-02-01 18:49:09,2022-02-01 18:49:30,Shopping_Grocery,annotator,HIGH LEVEL BEHAVIOR,2022-02-01 08:40:56,2022-02-01 08:41:17
2022-02-01 18:49:30,2022-02-01 18:50:00,Shopping_Grocery,annotator,HIGH LEVEL BEHAVIOR,2022-02-01 08:41:17,2022-02-01 08:41:47
2022-02-01 18:50:00,2022-02-01 18:50:44,Shopping_Grocery,annotator,HIGH LEVEL BEHAVIOR,2022-02-01 08:41:47,2022-02-01 08:42:31
2022-02-01 18:50:44,2022-02-01 18:51:01,In_Transit_Active,annotator,HIGH LEVEL BEHAVIOR,2022-02-01 08:42:31,2022-02-01 08:42:48
2022-02-01 18:51:01,2022-02-01 18:51:31,In_Transit_Active,annotator,HIGH LEVEL BEHAVIOR,2022-02-01 08:42:48,2022-02-01 08:43:18
2022-02-01 18:51:31,2022-02-01 18:51:38,In_Transit_Active,annotator,HIGH LEVEL BEHAVIOR,2022-02-01 08:43:18,2022-02-01 08:43:25
2022-02-01 18:51:38,2022-02-01 18:52:05,In_Transit_Active,annotator,HIGH LEVEL BEHAVIOR,2022-02-01 08:43:25,2022-02-01 08:43:52
2022-02-01 18:52:45,2022-02-01 18:55:17,In_Transit_Active,annotator,HIGH LEVEL BEHAVIOR,2022-02-01 08:44:32,2022-02-01 08:47:04
2022-02-01 18:55:17,2022-02-01 18:57:02,Meeting _Social_Gathering_In_Person,annotator,HIGH LEVEL BEHAVIOR,2022-02-01 08:47:04,2022-02-01 08:48:49
2022-02-01 18:57:02,2022-02-01 18:57:51,Meeting _Social_Gathering_In_Person,annotator,HIGH LEVEL BEHAVIOR,2022-02-01 08:48:49,2022-02-01 08:49:38
2022-02-01 18:57:51,2022-02-01 19:04:38,Meeting _Social_Gathering_In_Person, Eating/Dining,annotator,HIGH LEVEL BEHAVIOR,2022-02-01 08:49:38,2022-02-01 08:56:25
2022-02-01 19:04:38,2022-02-01 19:05:06,Meeting _Social_Gathering_In_Person, Eating/Dining,annotator,HIGH LEVEL BEHAVIOR,2022-02-01 08:56:25,2022-02-01 08:56:53
2022-02-01 19:05:06,2022-02-01 19:11:10,Meeting _Social_Gathering_In_Person, Eating/Dining,annotator,HIGH LEVEL BEHAVIOR,2022-02-01 08:56:53,2022-02-01 09:02:57
2022-02-01 19:11:10,2022-02-01 19:16:44,Meeting _Social_Gathering_In_Person,annotator,HIGH LEVEL BEHAVIOR,2022-02-01 09:02:57,2022-02-01 09:08:31
2022-02-01 19:16:44,2022-02-01 19:18:54,Meeting _Social_Gathering_In_Person,annotator,HIGH LEVEL BEHAVIOR,2022-02-01 09:08:31,2022-02-01 09:10:41
2022-02-01 19:18:54,2022-02-01 19:21:26,Meeting _Social_Gathering_In_Person,annotator,HIGH LEVEL BEHAVIOR,2022-02-01 09:10:41,2022-02-01 09:13:13
2022-02-01 19:21:26,2022-02-01 19:28:16,Meeting _Social_Gathering_In_Person, Playing_Videogame,annotator,HIGH LEVEL BEHAVIOR,2022-02-01 09:13:13,2022-02-01 09:20:03
2022-02-01 19:28:16,2022-02-01 19:29:30,Meeting _Social_Gathering_In_Person,annotator,HIGH LEVEL BEHAVIOR,2022-02-01 09:20:03,2022-02-01 09:21:17
2022-02-01 19:29:30,2022-02-01 19:29:41,Meeting _Social_Gathering_In_Person,annotator,HIGH LEVEL BEHAVIOR,2022-02-01 09:21:17,2022-02-01 09:21:28
2022-02-01 19:29:46,2022-02-01 19:32:02,Meeting _Social_Gathering_In_Person,annotator,HIGH LEVEL BEHAVIOR,2022-02-01 09:21:33,2022-02-01 09:23:49
2022-02-01 19:32:05,2022-02-01 19:33:14,Meeting _Social_Gathering_In_Person,annotator,HIGH LEVEL BEHAVIOR,2022-02-01 09:23:52,2022-02-01 09:25:01
2022-02-01 19:33:15,2022-02-01 19:53:05,Meeting _Social_Gathering_In_Person,annotator,HIGH LEVEL BEHAVIOR,2022-02-01 09:25:02,2022-02-01 09:44:52
2022-02-01 19:53:05,2022-02-01 19:54:35,Meeting _Social_Gathering_In_Person,annotator,HIGH LEVEL BEHAVIOR,2022-02-01 09:44:52,2022-02-01 09:46:22
2022-02-01 19:54:35,2022-02-01 19:55:34,Meeting _Social_Gathering_In_Person,annotator,HIGH LEVEL BEHAVIOR,2022-02-01 09:46:22,2022-02-01 09:47:21
2022-02-01 19:55:34,2022-02-01 19:57:55,Meeting _Social_Gathering_In_Person,annotator,HIGH LEVEL BEHAVIOR,2022-02-01 09:47:21,2022-02-01 09:49:42
2022-02-01 19:57:55,2022-02-01 20:01:30,Meeting _Social_Gathering_In_Person,annotator,HIGH LEVEL BEHAVIOR,2022-02-01 09:49:42,2022-02-01 09:53:17
2022-02-01 20:01:30,2022-02-01 20:02:38,Meeting _Social_Gathering_In_Person,annotator,HIGH LEVEL BEHAVIOR,2022-02-01 09:53:17,2022-02-01 09:54:25
2022-02-01 20:02:38,2022-02-01 20:07:31,Meeting _Social_Gathering_In_Person,annotator,HIGH LEVEL BEHAVIOR,2022-02-01 09:54:25,2022-02-01 09:59:18
2022-02-01 20:07:37,2022-02-01 20:08:00,In_Transit_Active,annotator,HIGH LEVEL BEHAVIOR,2022-02-01 09:59:24,2022-02-01 09:59:47
2022-02-01 20:08:00,2022-02-01 20:08:12,In_Transit_Active,annotator,HIGH LEVEL BEHAVIOR,2022-02-01 09:59:47,2022-02-01 09:59:59
2022-02-01 20:08:12,2022-02-01 20:09:48,In_Transit_Active,annotator,HIGH LEVEL BEHAVIOR,2022-02-01 09:59:59,2022-02-01 10:01:35
2022-02-01 20:09:48,2022-02-01 20:12:05,In_Transit_Active,annotator,HIGH LEVEL BEHAVIOR,2022-02-01 10:01:35,2022-02-01 10:03:52
2022-02-01 20:12:06,2022-02-01 20:12:27,In_Transit_Active,annotator,HIGH LEVEL BEHAVIOR,2022-02-01 10:03:53,2022-02-01 10:04:14
2022-02-01 20:12:29,2022-02-01 20:12:53,In_Transit_Active, Riding_Elevator_Up,annotator,HIGH LEVEL BEHAVIOR,2022-02-01 10:04:16,2022-02-01 10:04:40
2022-02-01 20:12:54,2022-02-01 20:13:02,In_Transit_Active,annotator,HIGH LEVEL BEHAVIOR,2022-02-01 10:04:41,2022-02-01 10:04:49
2022-02-01 20:13:02,2022-02-01 20:13:14,In_Transit_Active,annotator,HIGH LEVEL BEHAVIOR,2022-02-01 10:04:49,2022-02-01 10:05:01
2022-02-01 20:13:14,2022-02-01 20:13:21,In_Transit_Active,annotator,HIGH LEVEL BEHAVIOR,2022-02-01 10:05:01,2022-02-01 10:05:08
2022-02-01 20:13:21,2022-02-01 20:13:47,Meeting_Formal_Gathering_In_Person,annotator,HIGH LEVEL BEHAVIOR,2022-02-01 10:05:08,2022-02-01 10:05:34
2022-02-01 20:13:59,2022-02-01 20:16:46,Meeting_Formal_Gathering_In_Person,annotator,HIGH LEVEL BEHAVIOR,2022-02-01 10:05:46,2022-02-01 10:08:33
2022-02-01 20:16:47,2022-02-01 20:19:25,Meeting_Formal_Gathering_In_Person,annotator,HIGH LEVEL BEHAVIOR,2022-02-01 10:08:34,2022-02-01 10:11:12
2022-02-01 20:19:33,2022-02-01 20:20:13,Meeting_Formal_Gathering_In_Person,annotator,HIGH LEVEL BEHAVIOR,2022-02-01 10:11:20,2022-02-01 10:12:00
2022-02-01 20:20:19,2022-02-01 20:21:13,Meeting_Formal_Gathering_In_Person,annotator,HIGH LEVEL BEHAVIOR,2022-02-01 10:12:06,2022-02-01 10:13:00
2022-02-01 20:21:11,2022-02-01 20:21:27,Meeting_Formal_Gathering_In_Person,annotator,HIGH LEVEL BEHAVIOR,2022-02-01 10:12:58,2022-02-01 10:13:14
2022-02-01 20:21:33,2022-02-01 20:22:00,Meeting_Formal_Gathering_In_Person,annotator,HIGH LEVEL BEHAVIOR,2022-02-01 10:13:20,2022-02-01 10:13:47
2022-02-01 20:22:00,2022-02-01 20:24:25,Meeting_Formal_Gathering_In_Person,annotator,HIGH LEVEL BEHAVIOR,2022-02-01 10:13:47,2022-02-01 10:16:12
2022-02-01 20:24:25,2022-02-01 20:25:10,Meeting_Formal_Gathering_In_Person,annotator,HIGH LEVEL BEHAVIOR,2022-02-01 10:16:12,2022-02-01 10:16:57
2022-02-01 20:25:10,2022-02-01 20:32:08,Meeting_Formal_Gathering_In_Person,annotator,HIGH LEVEL BEHAVIOR,2022-02-01 10:16:57,2022-02-01 10:23:55
2022-02-01 20:32:08,2022-02-01 20:35:52,Meeting_Formal_Gathering_In_Person,annotator,HIGH LEVEL BEHAVIOR,2022-02-01 10:23:55,2022-02-01 10:27:39
2022-02-01 20:35:52,2022-02-01 20:37:29,Meeting_Formal_Gathering_In_Person,annotator,HIGH LEVEL BEHAVIOR,2022-02-01 10:27:39,2022-02-01 10:29:16
2022-02-01 20:37:29,2022-02-01 20:43:01,Meeting_Formal_Gathering_In_Person,annotator,HIGH LEVEL BEHAVIOR,2022-02-01 10:29:16,2022-02-01 10:34:48
2022-02-01 20:43:01,2022-02-01 20:44:34,Meeting_Formal_Gathering_In_Person,annotator,HIGH LEVEL BEHAVIOR,2022-02-01 10:34:48,2022-02-01 10:36:21
2022-02-01 20:44:34,2022-02-01 20:49:41,Meeting_Formal_Gathering_In_Person,annotator,HIGH LEVEL BEHAVIOR,2022-02-01 10:36:21,2022-02-01 10:41:28
2022-02-01 20:49:42,2022-02-01 20:57:52,Meeting_Formal_Gathering_In_Person,annotator,HIGH LEVEL BEHAVIOR,2022-02-01 10:41:29,2022-02-01 10:49:39
2022-02-01 20:57:52,2022-02-01 20:59:54,Meeting_Formal_Gathering_In_Person,annotator,HIGH LEVEL BEHAVIOR,2022-02-01 10:49:39,2022-02-01 10:51:41
2022-02-01 20:59:54,2022-02-01 21:03:56,Meeting_Formal_Gathering_In_Person,annotator,HIGH LEVEL BEHAVIOR,2022-02-01 10:51:41,2022-02-01 10:55:43
2022-02-01 21:03:56,2022-02-01 21:07:22,Meeting_Formal_Gathering_In_Person,annotator,HIGH LEVEL BEHAVIOR,2022-02-01 10:55:43,2022-02-01 10:59:09
2022-02-01 21:07:23,2022-02-01 21:10:07,Dressing/Undressing,annotator,HIGH LEVEL BEHAVIOR,2022-02-01 10:59:10,2022-02-01 11:01:54
2022-02-01 21:10:07,2022-02-01 21:10:31,Dressing/Undressing,annotator,HIGH LEVEL BEHAVIOR,2022-02-01 11:01:54,2022-02-01 11:02:18
2022-02-01 21:10:31,2022-02-01 21:10:40,In_Transit_Active,annotator,HIGH LEVEL BEHAVIOR,2022-02-01 11:02:18,2022-02-01 11:02:27
2022-02-01 21:10:40,2022-02-01 21:11:03,In_Transit_Active, Riding_Elevator_Down,annotator,HIGH LEVEL BEHAVIOR,2022-02-01 11:02:27,2022-02-01 11:02:50
2022-02-01 21:11:03,2022-02-01 21:11:12,In_Transit_Active,annotator,HIGH LEVEL BEHAVIOR,2022-02-01 11:02:50,2022-02-01 11:02:59
2022-02-01 21:11:12,2022-02-01 21:11:28,In_Transit_Active,annotator,HIGH LEVEL BEHAVIOR,2022-02-01 11:02:59,2022-02-01 11:03:15
2022-02-01 21:11:54,2022-02-01 21:11:59,In_Transit_Active,annotator,HIGH LEVEL BEHAVIOR,2022-02-01 11:03:41,2022-02-01 11:03:46
2022-02-01 21:11:59,2022-02-01 21:12:24,In_Transit_Active,annotator,HIGH LEVEL BEHAVIOR,2022-02-01 11:03:46,2022-02-01 11:04:11
2022-02-01 21:12:24,2022-02-01 21:12:39,In_Transit_Active,annotator,HIGH LEVEL BEHAVIOR,2022-02-01 11:04:11,2022-02-01 11:04:26
2022-02-01 21:12:39,2022-02-01 21:16:17,In_Transit_Active,annotator,HIGH LEVEL BEHAVIOR,2022-02-01 11:04:26,2022-02-01 11:08:04
2022-02-01 21:16:18,2022-02-01 21:16:29,Loading/Unloading_Vehicle,annotator,HIGH LEVEL BEHAVIOR,2022-02-01 11:08:05,2022-02-01 11:08:16
2022-02-01 21:16:29,2022-02-01 21:33:37,In_Transit_Driving_Car,annotator,HIGH LEVEL BEHAVIOR,2022-02-01 11:08:16,2022-02-01 11:25:24
2022-02-01 21:33:37,2022-02-01 21:34:07,Loading/Unloading_Vehicle,annotator,HIGH LEVEL BEHAVIOR,2022-02-01 11:25:24,2022-02-01 11:25:54
2022-02-01 21:34:07,2022-02-01 21:35:07,In_Transit_Driving_Car,annotator,HIGH LEVEL BEHAVIOR,2022-02-01 11:25:54,2022-02-01 11:26:54
2022-02-01 21:35:08,2022-02-01 21:35:35,,annotator,HIGH LEVEL BEHAVIOR,2022-02-01 11:26:55,2022-02-01 11:27:22
2022-02-01 21:35:35,2022-02-01 21:39:33,In_Transit_Driving_Car,annotator,HIGH LEVEL BEHAVIOR,2022-02-01 11:27:22,2022-02-01 11:31:20
2022-02-01 21:39:33,2022-02-01 21:39:51,In_Transit_Active,annotator,HIGH LEVEL BEHAVIOR,2022-02-01 11:31:20,2022-02-01 11:31:38
2022-02-01 21:39:51,2022-02-01 21:40:00,In_Transit_Active,annotator,HIGH LEVEL BEHAVIOR,2022-02-01 11:31:38,2022-02-01 11:31:47
2022-02-01 21:40:00,2022-02-01 21:40:20,In_Transit_Active,annotator,HIGH LEVEL BEHAVIOR,2022-02-01 11:31:47,2022-02-01 11:32:07
2022-02-01 21:40:20,2022-02-01 21:41:52,In_Transit_Driving_Car,annotator,HIGH LEVEL BEHAVIOR,2022-02-01 11:32:07,2022-02-01 11:33:39
2022-02-01 21:41:52,2022-02-01 21:42:43,In_Transit_Driving_Car,annotator,HIGH LEVEL BEHAVIOR,2022-02-01 11:33:39,2022-02-01 11:34:30
2022-02-01 21:42:43,2022-02-01 21:43:12,In_Transit_Driving_Car,annotator,HIGH LEVEL BEHAVIOR,2022-02-01 11:34:30,2022-02-01 11:34:59
2022-02-01 21:43:12,2022-02-01 21:43:34,Loading/Unloading_Vehicle,annotator,HIGH LEVEL BEHAVIOR,2022-02-01 11:34:59,2022-02-01 11:35:21
2022-02-01 21:43:34,2022-02-01 21:45:04,In_Transit_Active,annotator,HIGH LEVEL BEHAVIOR,2022-02-01 11:35:21,2022-02-01 11:36:51
2022-02-01 21:45:04,2022-02-01 21:46:49,Meeting _Social_Gathering_In_Person,annotator,HIGH LEVEL BEHAVIOR,2022-02-01 11:36:51,2022-02-01 11:38:36
2022-02-01 21:46:49,2022-02-01 21:46:59,In_Transit_Active,annotator,HIGH LEVEL BEHAVIOR,2022-02-01 11:38:36,2022-02-01 11:38:46
2022-02-01 21:46:59,2022-02-01 21:47:20,In_Transit_Active,annotator,HIGH LEVEL BEHAVIOR,2022-02-01 11:38:46,2022-02-01 11:39:07
2022-02-01 21:47:20,2022-02-01 21:49:15,Playing_Musical_Instrument,annotator,HIGH LEVEL BEHAVIOR,2022-02-01 11:39:07,2022-02-01 11:41:02
2022-02-01 21:49:15,2022-02-01 21:49:48,,annotator,HIGH LEVEL BEHAVIOR,2022-02-01 11:41:02,2022-02-01 11:41:35
2022-02-01 21:49:49,2022-02-01 21:50:52,Doing_Alternative_Exercise/Therapy/Stretching,annotator,HIGH LEVEL BEHAVIOR,2022-02-01 11:41:36,2022-02-01 11:42:39
2022-02-01 21:50:52,2022-02-01 21:51:15,In_Transit_Active,annotator,HIGH LEVEL BEHAVIOR,2022-02-01 11:42:39,2022-02-01 11:43:02
2022-02-01 21:51:15,2022-02-01 21:55:42,Playing_Musical_Instrument,annotator,HIGH LEVEL BEHAVIOR,2022-02-01 11:43:02,2022-02-01 11:47:29
2022-02-01 21:55:42,2022-02-01 21:55:54,In_Transit_Active,annotator,HIGH LEVEL BEHAVIOR,2022-02-01 11:47:29,2022-02-01 11:47:41
2022-02-01 21:55:54,2022-02-01 21:56:08,In_Transit_Active,annotator,HIGH LEVEL BEHAVIOR,2022-02-01 11:47:41,2022-02-01 11:47:55
2022-02-01 21:56:13,2022-02-01 21:56:33,In_Transit_Active,annotator,HIGH LEVEL BEHAVIOR,2022-02-01 11:48:00,2022-02-01 11:48:20
2022-02-01 21:56:33,2022-02-01 21:57:22,Playing_Musical_Instrument,annotator,HIGH LEVEL BEHAVIOR,2022-02-01 11:48:20,2022-02-01 11:49:09
2022-02-01 21:57:22,2022-02-01 22:04:00,Playing_Musical_Instrument,annotator,HIGH LEVEL BEHAVIOR,2022-02-01 11:49:09,2022-02-01 11:55:47
2022-02-01 22:04:01,2022-02-01 22:04:43,Playing_Musical_Instrument,annotator,HIGH LEVEL BEHAVIOR,2022-02-01 11:55:48,2022-02-01 11:56:30
2022-02-01 22:04:43,2022-02-01 22:16:29,Meeting _Social_Gathering_In_Person,annotator,HIGH LEVEL BEHAVIOR,2022-02-01 11:56:30,2022-02-01 12:08:16
2022-02-01 22:16:29,2022-02-01 22:17:17,Meeting _Social_Gathering_In_Person,annotator,HIGH LEVEL BEHAVIOR,2022-02-01 12:08:16,2022-02-01 12:09:04
2022-02-01 22:17:41,2022-02-01 22:26:08,Meeting _Social_Gathering_In_Person,annotator,HIGH LEVEL BEHAVIOR,2022-02-01 12:09:28,2022-02-01 12:17:55
2022-02-01 22:26:09,2022-02-01 22:42:29,Playing_Musical_Instrument,annotator,HIGH LEVEL BEHAVIOR,2022-02-01 12:17:56,2022-02-01 12:34:16
2022-02-01 22:42:29,2022-02-01 22:42:47,,annotator,HIGH LEVEL BEHAVIOR,2022-02-01 12:34:16,2022-02-01 12:34:34
2022-02-01 22:42:47,2022-02-01 22:42:55,In_Transit_Active,annotator,HIGH LEVEL BEHAVIOR,2022-02-01 12:34:34,2022-02-01 12:34:42
2022-02-01 22:42:55,2022-02-01 22:43:01,In_Transit_Active,annotator,HIGH LEVEL BEHAVIOR,2022-02-01 12:34:42,2022-02-01 12:34:48
2022-02-01 22:43:01,2022-02-01 22:43:05,Cleaning,annotator,HIGH LEVEL BEHAVIOR,2022-02-01 12:34:48,2022-02-01 12:34:52
2022-02-01 22:43:05,2022-02-01 22:43:34,Cleaning,annotator,HIGH LEVEL BEHAVIOR,2022-02-01 12:34:52,2022-02-01 12:35:21
2022-02-01 22:43:34,2022-02-01 22:43:47,,annotator,HIGH LEVEL BEHAVIOR,2022-02-01 12:35:21,2022-02-01 12:35:34
2022-02-01 22:43:47,2022-02-01 22:44:51,Using_Computer/Screen,annotator,HIGH LEVEL BEHAVIOR,2022-02-01 12:35:34,2022-02-01 12:36:38
2022-02-01 22:44:51,2022-02-01 22:45:01,Cleaning,annotator,HIGH LEVEL BEHAVIOR,2022-02-01 12:36:38,2022-02-01 12:36:48
2022-02-01 22:45:01,2022-02-01 22:52:46,Cleaning,annotator,HIGH LEVEL BEHAVIOR,2022-02-01 12:36:48,2022-02-01 12:44:33
2022-02-01 22:52:46,2022-02-01 22:54:49,Doing_Common_Housework,annotator,HIGH LEVEL BEHAVIOR,2022-02-01 12:44:33,2022-02-01 12:46:36
2022-02-01 22:54:49,2022-02-01 22:56:50,Using_Computer/Screen, Meeting _Social_Gathering_In_Person,annotator,HIGH LEVEL BEHAVIOR,2022-02-01 12:46:36,2022-02-01 12:48:37
2022-02-01 22:56:50,2022-02-01 23:04:38,Using_Computer/Screen, Meeting _Social_Gathering_In_Person,annotator,HIGH LEVEL BEHAVIOR,2022-02-01 12:48:37,2022-02-01 12:56:25
2022-02-01 23:04:38,2022-02-01 23:07:18,Using_Computer/Screen, Meeting _Social_Gathering_In_Person,annotator,HIGH LEVEL BEHAVIOR,2022-02-01 12:56:25,2022-02-01 12:59:05
2022-02-01 23:07:19,2022-02-01 23:11:20,Using_Computer/Screen, Meeting _Social_Gathering_In_Person,annotator,HIGH LEVEL BEHAVIOR,2022-02-01 12:59:06,2022-02-01 13:03:07
2022-02-01 23:11:20,2022-02-01 23:12:52,Using_Computer/Screen, Meeting _Social_Gathering_In_Person,annotator,HIGH LEVEL BEHAVIOR,2022-02-01 13:03:07,2022-02-01 13:04:39
2022-02-01 23:12:52,2022-02-01 23:30:02,Using_Computer/Screen, Meeting _Social_Gathering_In_Person,annotator,HIGH LEVEL BEHAVIOR,2022-02-01 13:04:39,2022-02-01 13:21:49
2022-02-01 23:30:02,2022-02-01 23:37:28,Meeting _Social_Gathering_In_Person,annotator,HIGH LEVEL BEHAVIOR,2022-02-01 13:21:49,2022-02-01 13:29:15
2022-02-01 23:37:33,2022-02-01 23:37:55,Meeting _Social_Gathering_In_Person,annotator,HIGH LEVEL BEHAVIOR,2022-02-01 13:29:20,2022-02-01 13:29:42
2022-02-01 23:38:21,2022-02-01 23:46:18,Meeting _Social_Gathering_In_Person,annotator,HIGH LEVEL BEHAVIOR,2022-02-01 13:30:08,2022-02-01 13:38:05
2022-02-01 23:46:18,2022-02-01 23:46:39,Meeting _Social_Gathering_In_Person,annotator,HIGH LEVEL BEHAVIOR,2022-02-01 13:38:05,2022-02-01 13:38:26
2022-02-01 23:46:39,2022-02-01 23:46:49,Meeting _Social_Gathering_In_Person, Doing_Dishes,annotator,HIGH LEVEL BEHAVIOR,2022-02-01 13:38:26,2022-02-01 13:38:36
2022-02-01 23:46:49,2022-02-01 23:48:23,Meeting _Social_Gathering_In_Person,annotator,HIGH LEVEL BEHAVIOR,2022-02-01 13:38:36,2022-02-01 13:40:10
2022-02-01 23:48:24,2022-02-01 23:49:04,Meeting _Social_Gathering_In_Person,annotator,HIGH LEVEL BEHAVIOR,2022-02-01 13:40:11,2022-02-01 13:40:51
2022-02-01 23:49:04,2022-02-01 23:49:19,Meeting _Social_Gathering_In_Person,annotator,HIGH LEVEL BEHAVIOR,2022-02-01 13:40:51,2022-02-01 13:41:06
2022-02-01 23:49:20,2022-02-01 23:49:32,Meeting _Social_Gathering_In_Person,annotator,HIGH LEVEL BEHAVIOR,2022-02-01 13:41:07,2022-02-01 13:41:19
2022-02-01 23:49:32,2022-02-01 23:50:31,Meeting _Social_Gathering_In_Person,annotator,HIGH LEVEL BEHAVIOR,2022-02-01 13:41:19,2022-02-01 13:42:18
2022-02-01 23:50:31,2022-02-01 23:50:33,Meeting _Social_Gathering_In_Person,annotator,HIGH LEVEL BEHAVIOR,2022-02-01 13:42:18,2022-02-01 13:42:20
2022-02-01 23:50:37,2022-02-01 23:50:45,Meeting _Social_Gathering_In_Person,annotator,HIGH LEVEL BEHAVIOR,2022-02-01 13:42:24,2022-02-01 13:42:32
2022-02-01 23:50:45,2022-02-01 23:53:48,Meeting _Social_Gathering_In_Person,annotator,HIGH LEVEL BEHAVIOR,2022-02-01 13:42:32,2022-02-01 13:45:35
2022-02-01 23:50:47,2022-02-01 23:50:47,Meeting _Social_Gathering_In_Person,annotator,HIGH LEVEL BEHAVIOR,2022-02-01 13:42:34,2022-02-01 13:42:34
2022-02-01 23:53:49,2022-02-01 23:54:44,Meeting _Social_Gathering_In_Person,annotator,HIGH LEVEL BEHAVIOR,2022-02-01 13:45:36,2022-02-01 13:46:31
2022-02-01 23:54:44,2022-02-01 23:59:03,Meeting _Social_Gathering_In_Person, Eating/Dining,annotator,HIGH LEVEL BEHAVIOR,2022-02-01 13:46:31,2022-02-01 13:50:50
2022-02-01 23:59:03,2022-02-01 23:59:09,Meeting _Social_Gathering_In_Person,annotator,HIGH LEVEL BEHAVIOR,2022-02-01 13:50:50,2022-02-01 13:50:56
2022-02-01 23:59:10,2022-02-01 23:59:37,Meeting _Social_Gathering_In_Person,annotator,HIGH LEVEL BEHAVIOR,2022-02-01 13:50:57,2022-02-01 13:51:24
2022-02-01 23:59:37,2022-02-02 00:04:05,Meeting _Social_Gathering_In_Person, Using_Computer/Screen,annotator,HIGH LEVEL BEHAVIOR,2022-02-01 13:51:24,2022-02-01 13:55:52
2022-02-02 00:04:05,2022-02-02 00:04:16,Meeting _Social_Gathering_In_Person,annotator,HIGH LEVEL BEHAVIOR,2022-02-01 13:55:52,2022-02-01 13:56:03
2022-02-02 00:04:16,2022-02-02 00:06:29,Meeting _Social_Gathering_In_Person,annotator,HIGH LEVEL BEHAVIOR,2022-02-01 13:56:03,2022-02-01 13:58:16
2022-02-02 00:06:30,2022-02-02 00:06:46,Meeting _Social_Gathering_In_Person,annotator,HIGH LEVEL BEHAVIOR,2022-02-01 13:58:17,2022-02-01 13:58:33
2022-02-02 00:06:46,2022-02-02 00:06:55,Meeting _Social_Gathering_In_Person,annotator,HIGH LEVEL BEHAVIOR,2022-02-01 13:58:33,2022-02-01 13:58:42
2022-02-02 00:06:55,2022-02-02 00:07:26,,annotator,HIGH LEVEL BEHAVIOR,2022-02-01 13:58:42,2022-02-01 13:59:13
2022-02-02 00:07:27,2022-02-02 00:08:12,Grooming/Self_Care,annotator,HIGH LEVEL BEHAVIOR,2022-02-01 13:59:14,2022-02-01 13:59:59
2022-02-02 00:08:12,2022-02-02 00:08:46,Grooming/Self_Care,annotator,HIGH LEVEL BEHAVIOR,2022-02-01 13:59:59,2022-02-01 14:00:33
2022-02-02 00:08:46,2022-02-02 00:09:03,Grooming/Self_Care,annotator,HIGH LEVEL BEHAVIOR,2022-02-01 14:00:33,2022-02-01 14:00:50
2022-02-02 00:09:03,2022-02-02 00:10:21,Packing/Unpacking_Something,annotator,HIGH LEVEL BEHAVIOR,2022-02-01 14:00:50,2022-02-01 14:02:08
2022-02-02 00:10:21,2022-02-02 00:10:39,Grooming/Self_Care,annotator,HIGH LEVEL BEHAVIOR,2022-02-01 14:02:08,2022-02-01 14:02:26
2022-02-02 00:10:39,2022-02-02 00:10:48,Grooming/Self_Care,annotator,HIGH LEVEL BEHAVIOR,2022-02-01 14:02:26,2022-02-01 14:02:35
2022-02-02 00:10:48,2022-02-02 00:10:59,,annotator,HIGH LEVEL BEHAVIOR,2022-02-01 14:02:35,2022-02-01 14:02:46
2022-02-02 00:10:59,2022-02-02 00:11:42,,annotator,HIGH LEVEL BEHAVIOR,2022-02-01 14:02:46,2022-02-01 14:03:29
