START_TIME,STOP_TIME,PREDICTION,SOURCE,LABELSET,VIDEO_START_TIME,VIDEO_END_TIME
2022-05-15 08:37:20,2022-05-15 08:38:51,Free_Living,annotator,Experimental situation,2022-05-15 00:00:00,2022-05-15 00:01:31
2022-05-15 08:38:51,2022-05-15 08:39:39,Free_Living,annotator,Experimental situation,2022-05-15 00:01:31,2022-05-15 00:02:19
2022-05-15 08:39:39,2022-05-15 08:39:59,Free_Living,annotator,Experimental situation,2022-05-15 00:02:19,2022-05-15 00:02:39
2022-05-15 08:39:59,2022-05-15 08:40:09,Free_Living,annotator,Experimental situation,2022-05-15 00:02:39,2022-05-15 00:02:49
2022-05-15 08:40:09,2022-05-15 08:42:42,Free_Living,annotator,Experimental situation,2022-05-15 00:02:49,2022-05-15 00:05:22
2022-05-15 08:42:42,2022-05-15 08:42:50,Free_Living,annotator,Experimental situation,2022-05-15 00:05:22,2022-05-15 00:05:30
2022-05-15 08:42:50,2022-05-15 08:43:17,Free_Living,annotator,Experimental situation,2022-05-15 00:05:30,2022-05-15 00:05:57
2022-05-15 08:43:17,2022-05-15 08:43:44,Free_Living,annotator,Experimental situation,2022-05-15 00:05:57,2022-05-15 00:06:24
2022-05-15 08:43:44,2022-05-15 08:44:29,Free_Living,annotator,Experimental situation,2022-05-15 00:06:24,2022-05-15 00:07:09
2022-05-15 08:44:29,2022-05-15 08:44:37,Free_Living,annotator,Experimental situation,2022-05-15 00:07:09,2022-05-15 00:07:17
2022-05-15 08:44:37,2022-05-15 08:51:58,Free_Living,annotator,Experimental situation,2022-05-15 00:07:17,2022-05-15 00:14:38
2022-05-15 08:51:58,2022-05-15 08:52:46,Free_Living,annotator,Experimental situation,2022-05-15 00:14:38,2022-05-15 00:15:26
2022-05-15 08:52:46,2022-05-15 08:53:45,Free_Living,annotator,Experimental situation,2022-05-15 00:15:26,2022-05-15 00:16:25
2022-05-15 08:53:45,2022-05-15 09:06:17,Free_Living,annotator,Experimental situation,2022-05-15 00:16:25,2022-05-15 00:28:57
2022-05-15 09:06:17,2022-05-15 09:06:34,Free_Living,annotator,Experimental situation,2022-05-15 00:28:57,2022-05-15 00:29:14
2022-05-15 09:06:34,2022-05-15 09:07:04,Free_Living,annotator,Experimental situation,2022-05-15 00:29:14,2022-05-15 00:29:44
2022-05-15 09:07:04,2022-05-15 09:15:20,Free_Living,annotator,Experimental situation,2022-05-15 00:29:44,2022-05-15 00:38:00
2022-05-15 09:15:20,2022-05-15 09:17:22,Free_Living,annotator,Experimental situation,2022-05-15 00:38:00,2022-05-15 00:40:02
2022-05-15 09:17:22,2022-05-15 09:17:42,Free_Living,annotator,Experimental situation,2022-05-15 00:40:02,2022-05-15 00:40:22
2022-05-15 09:17:42,2022-05-15 09:17:59,Free_Living,annotator,Experimental situation,2022-05-15 00:40:22,2022-05-15 00:40:39
2022-05-15 09:17:59,2022-05-15 09:22:05,Free_Living,annotator,Experimental situation,2022-05-15 00:40:39,2022-05-15 00:44:45
2022-05-15 09:22:05,2022-05-15 09:32:48,Free_Living,annotator,Experimental situation,2022-05-15 00:44:45,2022-05-15 00:55:28
2022-05-15 09:32:48,2022-05-15 09:35:59,Free_Living,annotator,Experimental situation,2022-05-15 00:55:28,2022-05-15 00:58:39
2022-05-15 09:35:59,2022-05-15 09:36:56,Free_Living,annotator,Experimental situation,2022-05-15 00:58:39,2022-05-15 00:59:36
2022-05-15 09:36:56,2022-05-15 09:37:38,Free_Living,annotator,Experimental situation,2022-05-15 00:59:36,2022-05-15 01:00:18
2022-05-15 09:37:38,2022-05-15 09:37:47,Free_Living,annotator,Experimental situation,2022-05-15 01:00:18,2022-05-15 01:00:27
2022-05-15 09:37:47,2022-05-15 09:38:26,Free_Living,annotator,Experimental situation,2022-05-15 01:00:27,2022-05-15 01:01:06
2022-05-15 09:38:26,2022-05-15 09:38:45,Free_Living,annotator,Experimental situation,2022-05-15 01:01:06,2022-05-15 01:01:25
2022-05-15 09:38:45,2022-05-15 09:39:00,Free_Living,annotator,Experimental situation,2022-05-15 01:01:25,2022-05-15 01:01:40
2022-05-15 09:39:00,2022-05-15 09:39:08,Free_Living,annotator,Experimental situation,2022-05-15 01:01:40,2022-05-15 01:01:48
2022-05-15 09:39:08,2022-05-15 09:39:32,Free_Living,annotator,Experimental situation,2022-05-15 01:01:48,2022-05-15 01:02:12
2022-05-15 09:39:32,2022-05-15 09:39:56,Free_Living,annotator,Experimental situation,2022-05-15 01:02:12,2022-05-15 01:02:36
2022-05-15 09:39:56,2022-05-15 09:46:05,Free_Living,annotator,Experimental situation,2022-05-15 01:02:36,2022-05-15 01:08:45
2022-05-15 09:46:05,2022-05-15 09:48:50,Free_Living,annotator,Experimental situation,2022-05-15 01:08:45,2022-05-15 01:11:30
2022-05-15 09:48:50,2022-05-15 09:58:57,Free_Living,annotator,Experimental situation,2022-05-15 01:11:30,2022-05-15 01:21:37
2022-05-15 09:58:57,2022-05-15 10:00:57,Free_Living,annotator,Experimental situation,2022-05-15 01:21:37,2022-05-15 01:23:37
2022-05-15 10:00:57,2022-05-15 10:01:28,Free_Living,annotator,Experimental situation,2022-05-15 01:23:37,2022-05-15 01:24:08
2022-05-15 10:01:28,2022-05-15 10:01:39,Free_Living,annotator,Experimental situation,2022-05-15 01:24:08,2022-05-15 01:24:19
2022-05-15 10:01:39,2022-05-15 10:31:42,Free_Living,annotator,Experimental situation,2022-05-15 01:24:19,2022-05-15 01:54:22
2022-05-15 10:31:42,2022-05-15 10:33:27,Free_Living,annotator,Experimental situation,2022-05-15 01:54:22,2022-05-15 01:56:07
2022-05-15 10:33:27,2022-05-15 10:37:26,Free_Living,annotator,Experimental situation,2022-05-15 01:56:07,2022-05-15 02:00:06
2022-05-15 10:37:26,2022-05-15 11:07:05,Free_Living,annotator,Experimental situation,2022-05-15 02:00:06,2022-05-15 02:29:45
2022-05-15 11:07:05,2022-05-15 11:07:27,Free_Living,annotator,Experimental situation,2022-05-15 02:29:45,2022-05-15 02:30:07
2022-05-15 11:07:27,2022-05-15 11:08:55,Free_Living,annotator,Experimental situation,2022-05-15 02:30:07,2022-05-15 02:31:35
2022-05-15 11:08:55,2022-05-15 11:26:53,Free_Living,annotator,Experimental situation,2022-05-15 02:31:35,2022-05-15 02:49:33
2022-05-15 11:26:53,2022-05-15 11:27:34,Free_Living,annotator,Experimental situation,2022-05-15 02:49:33,2022-05-15 02:50:14
2022-05-15 11:27:34,2022-05-15 11:27:46,Free_Living,annotator,Experimental situation,2022-05-15 02:50:14,2022-05-15 02:50:26
2022-05-15 11:27:46,2022-05-15 11:28:01,Free_Living,annotator,Experimental situation,2022-05-15 02:50:26,2022-05-15 02:50:41
2022-05-15 11:28:01,2022-05-15 11:28:24,Free_Living,annotator,Experimental situation,2022-05-15 02:50:41,2022-05-15 02:51:04
2022-05-15 11:28:24,2022-05-15 11:28:45,Free_Living,annotator,Experimental situation,2022-05-15 02:51:04,2022-05-15 02:51:25
2022-05-15 11:28:45,2022-05-15 11:29:18,Free_Living,annotator,Experimental situation,2022-05-15 02:51:25,2022-05-15 02:51:58
2022-05-15 11:29:18,2022-05-15 11:29:34,Free_Living,annotator,Experimental situation,2022-05-15 02:51:58,2022-05-15 02:52:14
2022-05-15 11:29:34,2022-05-15 11:30:03,Free_Living,annotator,Experimental situation,2022-05-15 02:52:14,2022-05-15 02:52:43
2022-05-15 11:30:03,2022-05-15 11:30:10,Free_Living,annotator,Experimental situation,2022-05-15 02:52:43,2022-05-15 02:52:50
2022-05-15 11:30:10,2022-05-15 11:30:30,Free_Living,annotator,Experimental situation,2022-05-15 02:52:50,2022-05-15 02:53:10
2022-05-15 11:30:30,2022-05-15 11:33:05,Free_Living,annotator,Experimental situation,2022-05-15 02:53:10,2022-05-15 02:55:45
2022-05-15 11:33:05,2022-05-15 11:39:37,Free_Living,annotator,Experimental situation,2022-05-15 02:55:45,2022-05-15 03:02:17
2022-05-15 11:39:37,2022-05-15 11:53:27,Free_Living,annotator,Experimental situation,2022-05-15 03:02:17,2022-05-15 03:16:07
2022-05-15 11:53:27,2022-05-15 11:53:29,Free_Living,annotator,Experimental situation,2022-05-15 03:16:07,2022-05-15 03:16:09
2022-05-15 11:53:29,2022-05-15 12:12:04,Free_Living,annotator,Experimental situation,2022-05-15 03:16:09,2022-05-15 03:34:44
2022-05-15 12:12:04,2022-05-15 12:12:23,Free_Living,annotator,Experimental situation,2022-05-15 03:34:44,2022-05-15 03:35:03
2022-05-15 12:12:23,2022-05-15 12:29:45,Free_Living,annotator,Experimental situation,2022-05-15 03:35:03,2022-05-15 03:52:25
2022-05-15 12:29:47,2022-05-15 12:30:30,Free_Living,annotator,Experimental situation,2022-05-15 03:52:27,2022-05-15 03:53:10
2022-05-15 12:30:30,2022-05-15 12:33:28,Free_Living,annotator,Experimental situation,2022-05-15 03:53:10,2022-05-15 03:56:08
2022-05-15 12:33:29,2022-05-15 12:34:34,Free_Living,annotator,Experimental situation,2022-05-15 03:56:09,2022-05-15 03:57:14
2022-05-15 12:34:35,2022-05-15 12:44:41,Free_Living,annotator,Experimental situation,2022-05-15 03:57:15,2022-05-15 04:07:21
2022-05-15 12:44:41,2022-05-15 12:45:08,Free_Living,annotator,Experimental situation,2022-05-15 04:07:21,2022-05-15 04:07:48
2022-05-15 12:45:08,2022-05-15 12:46:34,Free_Living,annotator,Experimental situation,2022-05-15 04:07:48,2022-05-15 04:09:14
2022-05-15 12:46:34,2022-05-15 12:46:56,Free_Living,annotator,Experimental situation,2022-05-15 04:09:14,2022-05-15 04:09:36
2022-05-15 12:46:56,2022-05-15 12:47:12,Free_Living,annotator,Experimental situation,2022-05-15 04:09:36,2022-05-15 04:09:52
2022-05-15 12:47:12,2022-05-15 12:48:34,Free_Living,annotator,Experimental situation,2022-05-15 04:09:52,2022-05-15 04:11:14
2022-05-15 12:48:34,2022-05-15 12:49:09,Free_Living,annotator,Experimental situation,2022-05-15 04:11:14,2022-05-15 04:11:49
2022-05-15 12:49:09,2022-05-15 12:49:32,Free_Living,annotator,Experimental situation,2022-05-15 04:11:49,2022-05-15 04:12:12
2022-05-15 12:49:32,2022-05-15 12:50:44,Free_Living,annotator,Experimental situation,2022-05-15 04:12:12,2022-05-15 04:13:24
2022-05-15 12:50:44,2022-05-15 12:52:18,Free_Living,annotator,Experimental situation,2022-05-15 04:13:24,2022-05-15 04:14:58
2022-05-15 12:52:18,2022-05-15 12:53:21,Free_Living,annotator,Experimental situation,2022-05-15 04:14:58,2022-05-15 04:16:01
2022-05-15 12:53:21,2022-05-15 12:54:28,Free_Living,annotator,Experimental situation,2022-05-15 04:16:01,2022-05-15 04:17:08
2022-05-15 12:54:28,2022-05-15 12:54:40,Free_Living,annotator,Experimental situation,2022-05-15 04:17:08,2022-05-15 04:17:20
2022-05-15 12:54:40,2022-05-15 12:56:12,Free_Living,annotator,Experimental situation,2022-05-15 04:17:20,2022-05-15 04:18:52
2022-05-15 12:56:12,2022-05-15 12:57:13,Free_Living,annotator,Experimental situation,2022-05-15 04:18:52,2022-05-15 04:19:53
2022-05-15 12:57:13,2022-05-15 12:57:59,Free_Living,annotator,Experimental situation,2022-05-15 04:19:53,2022-05-15 04:20:39
2022-05-15 12:57:59,2022-05-15 12:58:15,Free_Living,annotator,Experimental situation,2022-05-15 04:20:39,2022-05-15 04:20:55
2022-05-15 12:58:15,2022-05-15 12:59:03,Free_Living,annotator,Experimental situation,2022-05-15 04:20:55,2022-05-15 04:21:43
2022-05-15 12:59:03,2022-05-15 13:05:54,Free_Living,annotator,Experimental situation,2022-05-15 04:21:43,2022-05-15 04:28:34
2022-05-15 13:05:54,2022-05-15 13:06:28,Free_Living,annotator,Experimental situation,2022-05-15 04:28:34,2022-05-15 04:29:08
2022-05-15 13:06:28,2022-05-15 13:07:35,Free_Living,annotator,Experimental situation,2022-05-15 04:29:08,2022-05-15 04:30:15
2022-05-15 13:07:35,2022-05-15 13:11:14,Free_Living,annotator,Experimental situation,2022-05-15 04:30:15,2022-05-15 04:33:54
2022-05-15 13:11:14,2022-05-15 13:11:45,Free_Living,annotator,Experimental situation,2022-05-15 04:33:54,2022-05-15 04:34:25
2022-05-15 13:11:45,2022-05-15 13:15:38,Free_Living,annotator,Experimental situation,2022-05-15 04:34:25,2022-05-15 04:38:18
2022-05-15 13:15:38,2022-05-15 13:16:51,Free_Living,annotator,Experimental situation,2022-05-15 04:38:18,2022-05-15 04:39:31
2022-05-15 13:16:51,2022-05-15 13:18:47,Free_Living,annotator,Experimental situation,2022-05-15 04:39:31,2022-05-15 04:41:27
2022-05-15 13:18:47,2022-05-15 13:18:52,Free_Living,annotator,Experimental situation,2022-05-15 04:41:27,2022-05-15 04:41:32
2022-05-15 13:18:52,2022-05-15 13:20:34,Free_Living,annotator,Experimental situation,2022-05-15 04:41:32,2022-05-15 04:43:14
2022-05-15 13:20:34,2022-05-15 13:21:04,Free_Living,annotator,Experimental situation,2022-05-15 04:43:14,2022-05-15 04:43:44
2022-05-15 13:21:04,2022-05-15 13:21:38,Free_Living,annotator,Experimental situation,2022-05-15 04:43:44,2022-05-15 04:44:18
2022-05-15 13:21:38,2022-05-15 13:40:34,Free_Living,annotator,Experimental situation,2022-05-15 04:44:18,2022-05-15 05:03:14
2022-05-15 13:40:34,2022-05-15 13:41:53,Free_Living,annotator,Experimental situation,2022-05-15 05:03:14,2022-05-15 05:04:33
2022-05-15 13:41:53,2022-05-15 13:42:04,Free_Living,annotator,Experimental situation,2022-05-15 05:04:33,2022-05-15 05:04:44
2022-05-15 13:42:04,2022-05-15 13:42:37,Free_Living,annotator,Experimental situation,2022-05-15 05:04:44,2022-05-15 05:05:17
2022-05-15 13:42:37,2022-05-15 13:42:54,Free_Living,annotator,Experimental situation,2022-05-15 05:05:17,2022-05-15 05:05:34
2022-05-15 13:42:54,2022-05-15 13:43:06,Free_Living,annotator,Experimental situation,2022-05-15 05:05:34,2022-05-15 05:05:46
2022-05-15 13:43:06,2022-05-15 13:43:32,Free_Living,annotator,Experimental situation,2022-05-15 05:05:46,2022-05-15 05:06:12
2022-05-15 13:43:32,2022-05-15 14:37:25,Free_Living,annotator,Experimental situation,2022-05-15 05:06:12,2022-05-15 06:00:05
2022-05-15 14:37:25,2022-05-15 14:47:04,Free_Living,annotator,Experimental situation,2022-05-15 06:00:05,2022-05-15 06:09:44
2022-05-15 14:47:04,2022-05-15 14:49:58,Free_Living,annotator,Experimental situation,2022-05-15 06:09:44,2022-05-15 06:12:38
2022-05-15 14:49:58,2022-05-15 14:56:33,Free_Living,annotator,Experimental situation,2022-05-15 06:12:38,2022-05-15 06:19:13
2022-05-15 14:56:33,2022-05-15 15:15:39,Free_Living,annotator,Experimental situation,2022-05-15 06:19:13,2022-05-15 06:38:19
2022-05-15 15:15:39,2022-05-15 15:22:56,Free_Living,annotator,Experimental situation,2022-05-15 06:38:19,2022-05-15 06:45:36
2022-05-15 15:22:56,2022-05-15 15:24:22,Free_Living,annotator,Experimental situation,2022-05-15 06:45:36,2022-05-15 06:47:02
2022-05-15 15:24:22,2022-05-15 15:32:13,Free_Living,annotator,Experimental situation,2022-05-15 06:47:02,2022-05-15 06:54:53
2022-05-15 15:32:13,2022-05-15 15:34:47,Free_Living,annotator,Experimental situation,2022-05-15 06:54:53,2022-05-15 06:57:27
2022-05-15 15:34:47,2022-05-15 16:02:12,Free_Living,annotator,Experimental situation,2022-05-15 06:57:27,2022-05-15 07:24:52
2022-05-15 16:02:12,2022-05-15 16:02:45,Free_Living,annotator,Experimental situation,2022-05-15 07:24:52,2022-05-15 07:25:25
2022-05-15 16:02:45,2022-05-15 16:03:23,Free_Living,annotator,Experimental situation,2022-05-15 07:25:25,2022-05-15 07:26:03
2022-05-15 16:03:23,2022-05-15 16:03:36,Free_Living,annotator,Experimental situation,2022-05-15 07:26:03,2022-05-15 07:26:16
2022-05-15 16:03:36,2022-05-15 16:03:59,Free_Living,annotator,Experimental situation,2022-05-15 07:26:16,2022-05-15 07:26:39
2022-05-15 16:03:59,2022-05-15 16:04:03,Free_Living,annotator,Experimental situation,2022-05-15 07:26:39,2022-05-15 07:26:43
2022-05-15 16:04:03,2022-05-15 16:04:05,Free_Living,annotator,Experimental situation,2022-05-15 07:26:43,2022-05-15 07:26:45
2022-05-15 16:04:05,2022-05-15 16:04:13,Free_Living,annotator,Experimental situation,2022-05-15 07:26:45,2022-05-15 07:26:53
2022-05-15 16:04:13,2022-05-15 16:04:57,Free_Living,annotator,Experimental situation,2022-05-15 07:26:53,2022-05-15 07:27:37
2022-05-15 16:04:57,2022-05-15 16:21:35,Free_Living,annotator,Experimental situation,2022-05-15 07:27:37,2022-05-15 07:44:15
2022-05-15 16:21:35,2022-05-15 16:28:54,Free_Living,annotator,Experimental situation,2022-05-15 07:44:15,2022-05-15 07:51:34
2022-05-15 16:28:54,2022-05-15 16:29:37,Free_Living,annotator,Experimental situation,2022-05-15 07:51:34,2022-05-15 07:52:17
2022-05-15 16:29:37,2022-05-15 16:29:59,Free_Living,annotator,Experimental situation,2022-05-15 07:52:17,2022-05-15 07:52:39
2022-05-15 16:29:59,2022-05-15 16:37:44,Free_Living,annotator,Experimental situation,2022-05-15 07:52:39,2022-05-15 08:00:24
