START_TIME,STOP_TIME,PREDICTION,SOURCE,LABELSET,VIDEO_START_TIME,VIDEO_END_TIME
2021-12-06 09:02:18,2021-12-06 09:11:13,Free_Living,annotator,Experimental situation,2021-12-06 00:03:10,2021-12-06 00:12:05
2021-12-06 09:11:16,2021-12-06 09:11:36,Free_Living,annotator,Experimental situation,2021-12-06 00:12:08,2021-12-06 00:12:28
2021-12-06 09:11:37,2021-12-06 09:11:44,Free_Living,annotator,Experimental situation,2021-12-06 00:12:29,2021-12-06 00:12:36
2021-12-06 09:11:44,2021-12-06 09:11:48,Free_Living,annotator,Experimental situation,2021-12-06 00:12:36,2021-12-06 00:12:40
2021-12-06 09:11:49,2021-12-06 09:15:52,Free_Living,annotator,Experimental situation,2021-12-06 00:12:41,2021-12-06 00:16:44
2021-12-06 09:15:54,2021-12-06 09:16:18,Free_Living,annotator,Experimental situation,2021-12-06 00:16:46,2021-12-06 00:17:10
2021-12-06 09:16:18,2021-12-06 09:24:55,Free_Living,annotator,Experimental situation,2021-12-06 00:17:10,2021-12-06 00:25:47
2021-12-06 09:24:56,2021-12-06 09:25:19,Free_Living,annotator,Experimental situation,2021-12-06 00:25:48,2021-12-06 00:26:11
2021-12-06 09:25:19,2021-12-06 09:29:53,Free_Living,annotator,Experimental situation,2021-12-06 00:26:11,2021-12-06 00:30:45
2021-12-06 09:29:54,2021-12-06 09:30:45,Free_Living,annotator,Experimental situation,2021-12-06 00:30:46,2021-12-06 00:31:37
2021-12-06 09:30:46,2021-12-06 09:33:03,Free_Living,annotator,Experimental situation,2021-12-06 00:31:38,2021-12-06 00:33:55
2021-12-06 09:33:04,2021-12-06 09:33:22,Free_Living,annotator,Experimental situation,2021-12-06 00:33:56,2021-12-06 00:34:14
2021-12-06 09:33:22,2021-12-06 09:33:45,Free_Living,annotator,Experimental situation,2021-12-06 00:34:14,2021-12-06 00:34:37
2021-12-06 09:33:45,2021-12-06 09:35:29,Free_Living,annotator,Experimental situation,2021-12-06 00:34:37,2021-12-06 00:36:21
2021-12-06 09:35:29,2021-12-06 09:37:11,Free_Living,annotator,Experimental situation,2021-12-06 00:36:21,2021-12-06 00:38:03
2021-12-06 09:37:11,2021-12-06 09:37:52,Free_Living,annotator,Experimental situation,2021-12-06 00:38:03,2021-12-06 00:38:44
2021-12-06 09:37:53,2021-12-06 09:39:43,Free_Living,annotator,Experimental situation,2021-12-06 00:38:45,2021-12-06 00:40:35
2021-12-06 09:39:45,2021-12-06 09:40:02,Free_Living,annotator,Experimental situation,2021-12-06 00:40:37,2021-12-06 00:40:54
2021-12-06 09:40:02,2021-12-06 09:45:21,Free_Living,annotator,Experimental situation,2021-12-06 00:40:54,2021-12-06 00:46:13
2021-12-06 09:45:22,2021-12-06 09:47:40,Free_Living,annotator,Experimental situation,2021-12-06 00:46:14,2021-12-06 00:48:32
2021-12-06 09:47:40,2021-12-06 09:50:19,Free_Living,annotator,Experimental situation,2021-12-06 00:48:32,2021-12-06 00:51:11
2021-12-06 09:50:19,2021-12-06 10:16:03,Free_Living,annotator,Experimental situation,2021-12-06 00:51:11,2021-12-06 01:16:55
2021-12-06 10:16:04,2021-12-06 10:17:05,Free_Living,annotator,Experimental situation,2021-12-06 01:16:56,2021-12-06 01:17:57
2021-12-06 10:17:07,2021-12-06 10:17:25,Free_Living,annotator,Experimental situation,2021-12-06 01:17:59,2021-12-06 01:18:17
2021-12-06 10:17:26,2021-12-06 10:21:06,Free_Living,annotator,Experimental situation,2021-12-06 01:18:18,2021-12-06 01:21:58
2021-12-06 10:21:06,2021-12-06 10:23:21,Free_Living,annotator,Experimental situation,2021-12-06 01:21:58,2021-12-06 01:24:13
2021-12-06 10:23:22,2021-12-06 10:23:25,Free_Living,annotator,Experimental situation,2021-12-06 01:24:14,2021-12-06 01:24:17
2021-12-06 10:23:26,2021-12-06 10:23:30,Free_Living,annotator,Experimental situation,2021-12-06 01:24:18,2021-12-06 01:24:22
2021-12-06 10:23:30,2021-12-06 10:24:21,Free_Living,annotator,Experimental situation,2021-12-06 01:24:22,2021-12-06 01:25:13
2021-12-06 10:24:22,2021-12-06 10:24:25,Free_Living,annotator,Experimental situation,2021-12-06 01:25:14,2021-12-06 01:25:17
2021-12-06 10:24:26,2021-12-06 10:24:42,Free_Living,annotator,Experimental situation,2021-12-06 01:25:18,2021-12-06 01:25:34
2021-12-06 10:24:43,2021-12-06 10:46:00,Free_Living,annotator,Experimental situation,2021-12-06 01:25:35,2021-12-06 01:46:52
2021-12-06 10:46:01,2021-12-06 10:47:22,Free_Living,annotator,Experimental situation,2021-12-06 01:46:53,2021-12-06 01:48:14
2021-12-06 10:47:22,2021-12-06 10:53:58,Free_Living,annotator,Experimental situation,2021-12-06 01:48:14,2021-12-06 01:54:50
2021-12-06 10:53:59,2021-12-06 10:54:19,Free_Living,annotator,Experimental situation,2021-12-06 01:54:51,2021-12-06 01:55:11
2021-12-06 10:54:29,2021-12-06 11:32:19,Free_Living,annotator,Experimental situation,2021-12-06 01:55:21,2021-12-06 02:33:11
2021-12-06 11:32:20,2021-12-06 11:35:22,Free_Living,annotator,Experimental situation,2021-12-06 02:33:12,2021-12-06 02:36:14
2021-12-06 11:35:24,2021-12-06 11:35:54,Free_Living,annotator,Experimental situation,2021-12-06 02:36:16,2021-12-06 02:36:46
2021-12-06 11:35:55,2021-12-06 11:36:28,Free_Living,annotator,Experimental situation,2021-12-06 02:36:47,2021-12-06 02:37:20
2021-12-06 11:36:29,2021-12-06 11:36:36,Free_Living,annotator,Experimental situation,2021-12-06 02:37:21,2021-12-06 02:37:28
2021-12-06 11:36:37,2021-12-06 11:36:47,Free_Living,annotator,Experimental situation,2021-12-06 02:37:29,2021-12-06 02:37:39
2021-12-06 11:36:49,2021-12-06 11:37:24,Free_Living,annotator,Experimental situation,2021-12-06 02:37:41,2021-12-06 02:38:16
2021-12-06 11:37:26,2021-12-06 11:37:36,Free_Living,annotator,Experimental situation,2021-12-06 02:38:18,2021-12-06 02:38:28
2021-12-06 11:37:37,2021-12-06 11:39:44,Free_Living,annotator,Experimental situation,2021-12-06 02:38:29,2021-12-06 02:40:36
2021-12-06 11:39:45,2021-12-06 11:39:50,Free_Living,annotator,Experimental situation,2021-12-06 02:40:37,2021-12-06 02:40:42
2021-12-06 11:39:50,2021-12-06 11:40:10,Free_Living,annotator,Experimental situation,2021-12-06 02:40:42,2021-12-06 02:41:02
2021-12-06 11:40:10,2021-12-06 11:40:31,Free_Living,annotator,Experimental situation,2021-12-06 02:41:02,2021-12-06 02:41:23
2021-12-06 11:40:31,2021-12-06 11:41:06,Free_Living,annotator,Experimental situation,2021-12-06 02:41:23,2021-12-06 02:41:58
2021-12-06 11:41:07,2021-12-06 11:41:26,Free_Living,annotator,Experimental situation,2021-12-06 02:41:59,2021-12-06 02:42:18
2021-12-06 11:41:27,2021-12-06 11:42:06,Free_Living,annotator,Experimental situation,2021-12-06 02:42:19,2021-12-06 02:42:58
2021-12-06 11:42:12,2021-12-06 11:43:12,Free_Living,annotator,Experimental situation,2021-12-06 02:43:04,2021-12-06 02:44:04
2021-12-06 11:43:13,2021-12-06 11:55:35,Free_Living,annotator,Experimental situation,2021-12-06 02:44:05,2021-12-06 02:56:27
2021-12-06 11:55:37,2021-12-06 13:01:06,Free_Living,annotator,Experimental situation,2021-12-06 02:56:29,2021-12-06 04:01:58
2021-12-06 13:01:08,2021-12-06 13:02:16,Free_Living,annotator,Experimental situation,2021-12-06 04:02:00,2021-12-06 04:03:08
2021-12-06 13:02:17,2021-12-06 13:27:46,Free_Living,annotator,Experimental situation,2021-12-06 04:03:09,2021-12-06 04:28:38
2021-12-06 13:27:47,2021-12-06 13:29:01,Free_Living,annotator,Experimental situation,2021-12-06 04:28:39,2021-12-06 04:29:53
2021-12-06 13:29:02,2021-12-06 13:29:24,Free_Living,annotator,Experimental situation,2021-12-06 04:29:54,2021-12-06 04:30:16
2021-12-06 13:29:25,2021-12-06 13:29:56,Free_Living,annotator,Experimental situation,2021-12-06 04:30:17,2021-12-06 04:30:48
2021-12-06 13:29:57,2021-12-06 13:30:19,Free_Living,annotator,Experimental situation,2021-12-06 04:30:49,2021-12-06 04:31:11
2021-12-06 13:30:20,2021-12-06 13:30:46,Free_Living,annotator,Experimental situation,2021-12-06 04:31:12,2021-12-06 04:31:38
2021-12-06 13:30:46,2021-12-06 13:30:58,Free_Living,annotator,Experimental situation,2021-12-06 04:31:38,2021-12-06 04:31:50
2021-12-06 13:31:00,2021-12-06 13:33:07,Free_Living,annotator,Experimental situation,2021-12-06 04:31:52,2021-12-06 04:33:59
2021-12-06 13:33:08,2021-12-06 13:33:18,Free_Living,annotator,Experimental situation,2021-12-06 04:34:00,2021-12-06 04:34:10
2021-12-06 13:33:19,2021-12-06 13:33:41,Free_Living,annotator,Experimental situation,2021-12-06 04:34:11,2021-12-06 04:34:33
2021-12-06 13:33:42,2021-12-06 13:33:50,Free_Living,annotator,Experimental situation,2021-12-06 04:34:34,2021-12-06 04:34:42
2021-12-06 13:33:51,2021-12-06 13:34:07,Free_Living,annotator,Experimental situation,2021-12-06 04:34:43,2021-12-06 04:34:59
2021-12-06 13:34:09,2021-12-06 13:36:37,Free_Living,annotator,Experimental situation,2021-12-06 04:35:01,2021-12-06 04:37:29
2021-12-06 13:36:39,2021-12-06 14:38:33,Free_Living,annotator,Experimental situation,2021-12-06 04:37:31,2021-12-06 05:39:25
2021-12-06 14:38:34,2021-12-06 14:40:21,Free_Living,annotator,Experimental situation,2021-12-06 05:39:26,2021-12-06 05:41:13
2021-12-06 14:40:27,2021-12-06 14:41:02,Free_Living,annotator,Experimental situation,2021-12-06 05:41:19,2021-12-06 05:41:54
2021-12-06 14:41:03,2021-12-06 14:41:34,Free_Living,annotator,Experimental situation,2021-12-06 05:41:55,2021-12-06 05:42:26
2021-12-06 14:41:35,2021-12-06 14:42:02,Free_Living,annotator,Experimental situation,2021-12-06 05:42:27,2021-12-06 05:42:54
2021-12-06 14:42:04,2021-12-06 14:42:11,Free_Living,annotator,Experimental situation,2021-12-06 05:42:56,2021-12-06 05:43:03
2021-12-06 14:42:12,2021-12-06 14:42:30,Free_Living,annotator,Experimental situation,2021-12-06 05:43:04,2021-12-06 05:43:22
2021-12-06 14:42:32,2021-12-06 14:42:46,Free_Living,annotator,Experimental situation,2021-12-06 05:43:24,2021-12-06 05:43:38
2021-12-06 14:42:49,2021-12-06 14:46:44,Free_Living,annotator,Experimental situation,2021-12-06 05:43:41,2021-12-06 05:47:36
2021-12-06 14:46:44,2021-12-06 14:46:51,Free_Living,annotator,Experimental situation,2021-12-06 05:47:36,2021-12-06 05:47:43
2021-12-06 14:46:51,2021-12-06 14:47:01,Free_Living,annotator,Experimental situation,2021-12-06 05:47:43,2021-12-06 05:47:53
2021-12-06 14:47:02,2021-12-06 14:47:30,Free_Living,annotator,Experimental situation,2021-12-06 05:47:54,2021-12-06 05:48:22
2021-12-06 14:47:32,2021-12-06 15:02:10,Free_Living,annotator,Experimental situation,2021-12-06 05:48:24,2021-12-06 06:03:02
2021-12-06 15:02:11,2021-12-06 15:03:34,Free_Living,annotator,Experimental situation,2021-12-06 06:03:03,2021-12-06 06:04:26
2021-12-06 15:03:34,2021-12-06 15:03:42,Free_Living,annotator,Experimental situation,2021-12-06 06:04:26,2021-12-06 06:04:34
2021-12-06 15:03:43,2021-12-06 15:03:45,Free_Living,annotator,Experimental situation,2021-12-06 06:04:35,2021-12-06 06:04:37
2021-12-06 15:03:45,2021-12-06 15:03:59,Free_Living,annotator,Experimental situation,2021-12-06 06:04:37,2021-12-06 06:04:51
2021-12-06 15:03:59,2021-12-06 15:04:02,Free_Living,annotator,Experimental situation,2021-12-06 06:04:51,2021-12-06 06:04:54
2021-12-06 15:04:02,2021-12-06 15:04:21,Free_Living,annotator,Experimental situation,2021-12-06 06:04:54,2021-12-06 06:05:13
2021-12-06 15:04:22,2021-12-06 15:04:24,Free_Living,annotator,Experimental situation,2021-12-06 06:05:14,2021-12-06 06:05:16
2021-12-06 15:04:25,2021-12-06 15:06:38,Free_Living,annotator,Experimental situation,2021-12-06 06:05:17,2021-12-06 06:07:30
2021-12-06 15:06:39,2021-12-06 15:06:43,Free_Living,annotator,Experimental situation,2021-12-06 06:07:31,2021-12-06 06:07:35
2021-12-06 15:06:45,2021-12-06 15:07:20,Free_Living,annotator,Experimental situation,2021-12-06 06:07:37,2021-12-06 06:08:12
2021-12-06 15:07:20,2021-12-06 15:07:24,Free_Living,annotator,Experimental situation,2021-12-06 06:08:12,2021-12-06 06:08:16
2021-12-06 15:07:25,2021-12-06 15:07:29,Free_Living,annotator,Experimental situation,2021-12-06 06:08:17,2021-12-06 06:08:21
2021-12-06 15:07:30,2021-12-06 15:07:45,Free_Living,annotator,Experimental situation,2021-12-06 06:08:22,2021-12-06 06:08:37
2021-12-06 15:07:46,2021-12-06 15:08:35,Free_Living,annotator,Experimental situation,2021-12-06 06:08:38,2021-12-06 06:09:27
2021-12-06 15:08:36,2021-12-06 15:08:47,Free_Living,annotator,Experimental situation,2021-12-06 06:09:28,2021-12-06 06:09:39
2021-12-06 15:08:47,2021-12-06 15:08:52,Free_Living,annotator,Experimental situation,2021-12-06 06:09:39,2021-12-06 06:09:44
2021-12-06 15:08:53,2021-12-06 15:08:54,Free_Living,annotator,Experimental situation,2021-12-06 06:09:45,2021-12-06 06:09:46
2021-12-06 15:08:56,2021-12-06 15:09:33,Free_Living,annotator,Experimental situation,2021-12-06 06:09:48,2021-12-06 06:10:25
2021-12-06 15:09:34,2021-12-06 15:09:36,Free_Living,annotator,Experimental situation,2021-12-06 06:10:26,2021-12-06 06:10:28
2021-12-06 15:09:37,2021-12-06 15:09:48,Free_Living,annotator,Experimental situation,2021-12-06 06:10:29,2021-12-06 06:10:40
2021-12-06 15:09:49,2021-12-06 15:10:10,Free_Living,annotator,Experimental situation,2021-12-06 06:10:41,2021-12-06 06:11:02
2021-12-06 15:10:10,2021-12-06 15:10:34,Free_Living,annotator,Experimental situation,2021-12-06 06:11:02,2021-12-06 06:11:26
2021-12-06 15:10:35,2021-12-06 15:10:57,Free_Living,annotator,Experimental situation,2021-12-06 06:11:27,2021-12-06 06:11:49
2021-12-06 15:10:58,2021-12-06 15:13:47,Free_Living,annotator,Experimental situation,2021-12-06 06:11:50,2021-12-06 06:14:39
2021-12-06 15:13:49,2021-12-06 15:16:38,Free_Living,annotator,Experimental situation,2021-12-06 06:14:41,2021-12-06 06:17:30
2021-12-06 15:16:39,2021-12-06 15:17:08,Free_Living,annotator,Experimental situation,2021-12-06 06:17:31,2021-12-06 06:18:00
2021-12-06 15:17:10,2021-12-06 15:18:21,Free_Living,annotator,Experimental situation,2021-12-06 06:18:02,2021-12-06 06:19:13
2021-12-06 15:18:22,2021-12-06 15:20:11,Free_Living,annotator,Experimental situation,2021-12-06 06:19:14,2021-12-06 06:21:03
2021-12-06 15:20:12,2021-12-06 15:21:20,Free_Living,annotator,Experimental situation,2021-12-06 06:21:04,2021-12-06 06:22:12
2021-12-06 15:21:21,2021-12-06 15:29:01,Free_Living,annotator,Experimental situation,2021-12-06 06:22:13,2021-12-06 06:29:53
2021-12-06 15:29:03,2021-12-06 15:29:28,Free_Living,annotator,Experimental situation,2021-12-06 06:29:55,2021-12-06 06:30:20
2021-12-06 15:29:29,2021-12-06 16:08:10,Free_Living,annotator,Experimental situation,2021-12-06 06:30:21,2021-12-06 07:09:02
2021-12-06 16:08:11,2021-12-06 16:14:49,Free_Living,annotator,Experimental situation,2021-12-06 07:09:03,2021-12-06 07:15:41
2021-12-06 16:14:55,2021-12-06 16:20:16,Free_Living,annotator,Experimental situation,2021-12-06 07:15:47,2021-12-06 07:21:08
2021-12-06 16:20:18,2021-12-06 16:22:10,Free_Living,annotator,Experimental situation,2021-12-06 07:21:10,2021-12-06 07:23:02
2021-12-06 16:22:11,2021-12-06 16:27:48,Free_Living,annotator,Experimental situation,2021-12-06 07:23:03,2021-12-06 07:28:40
2021-12-06 16:27:52,2021-12-06 16:29:09,Free_Living,annotator,Experimental situation,2021-12-06 07:28:44,2021-12-06 07:30:01
2021-12-06 16:29:13,2021-12-06 16:45:41,Free_Living,annotator,Experimental situation,2021-12-06 07:30:05,2021-12-06 07:46:33
2021-12-06 16:45:42,2021-12-06 16:45:59,Free_Living,annotator,Experimental situation,2021-12-06 07:46:34,2021-12-06 07:46:51
2021-12-06 16:46:01,2021-12-06 16:46:29,Free_Living,annotator,Experimental situation,2021-12-06 07:46:53,2021-12-06 07:47:21
2021-12-06 16:46:35,2021-12-06 16:49:24,Free_Living,annotator,Experimental situation,2021-12-06 07:47:27,2021-12-06 07:50:16
2021-12-06 16:49:25,2021-12-06 16:50:00,Free_Living,annotator,Experimental situation,2021-12-06 07:50:17,2021-12-06 07:50:52
2021-12-06 16:50:02,2021-12-06 16:50:21,Free_Living,annotator,Experimental situation,2021-12-06 07:50:54,2021-12-06 07:51:13
2021-12-06 16:50:22,2021-12-06 16:50:34,Free_Living,annotator,Experimental situation,2021-12-06 07:51:14,2021-12-06 07:51:26
2021-12-06 16:50:35,2021-12-06 16:50:39,Free_Living,annotator,Experimental situation,2021-12-06 07:51:27,2021-12-06 07:51:31
2021-12-06 16:50:40,2021-12-06 17:07:18,Free_Living,annotator,Experimental situation,2021-12-06 07:51:32,2021-12-06 08:08:10
2021-12-06 17:07:19,2021-12-06 17:07:21,Free_Living,annotator,Experimental situation,2021-12-06 08:08:11,2021-12-06 08:08:13
2021-12-06 17:07:21,2021-12-06 17:10:25,Free_Living,annotator,Experimental situation,2021-12-06 08:08:13,2021-12-06 08:11:17
2021-12-06 17:10:26,2021-12-06 17:10:44,Free_Living,annotator,Experimental situation,2021-12-06 08:11:18,2021-12-06 08:11:36
2021-12-06 17:10:45,2021-12-06 17:11:17,Free_Living,annotator,Experimental situation,2021-12-06 08:11:37,2021-12-06 08:12:09
2021-12-06 17:11:20,2021-12-06 17:20:00,Free_Living,annotator,Experimental situation,2021-12-06 08:12:12,2021-12-06 08:20:52
2021-12-06 17:20:03,2021-12-06 17:24:12,Free_Living,annotator,Experimental situation,2021-12-06 08:20:55,2021-12-06 08:25:04
2021-12-06 17:24:13,2021-12-06 17:24:32,Free_Living,annotator,Experimental situation,2021-12-06 08:25:05,2021-12-06 08:25:24
2021-12-06 17:24:32,2021-12-06 17:41:34,Free_Living,annotator,Experimental situation,2021-12-06 08:25:24,2021-12-06 08:42:26
2021-12-06 17:41:35,2021-12-06 17:43:32,Free_Living,annotator,Experimental situation,2021-12-06 08:42:27,2021-12-06 08:44:24
2021-12-06 17:43:33,2021-12-06 17:43:37,Free_Living,annotator,Experimental situation,2021-12-06 08:44:25,2021-12-06 08:44:29
2021-12-06 17:43:38,2021-12-06 17:43:41,Free_Living,annotator,Experimental situation,2021-12-06 08:44:30,2021-12-06 08:44:33
2021-12-06 17:43:43,2021-12-06 17:43:54,Free_Living,annotator,Experimental situation,2021-12-06 08:44:35,2021-12-06 08:44:46
2021-12-06 17:43:56,2021-12-06 17:44:34,Free_Living,annotator,Experimental situation,2021-12-06 08:44:48,2021-12-06 08:45:26
2021-12-06 17:44:35,2021-12-06 17:50:16,Free_Living,annotator,Experimental situation,2021-12-06 08:45:27,2021-12-06 08:51:08
2021-12-06 17:50:21,2021-12-06 17:50:36,Free_Living,annotator,Experimental situation,2021-12-06 08:51:13,2021-12-06 08:51:28
2021-12-06 17:50:37,2021-12-06 17:53:02,Free_Living,annotator,Experimental situation,2021-12-06 08:51:29,2021-12-06 08:53:54
2021-12-06 17:53:03,2021-12-06 17:53:27,Free_Living,annotator,Experimental situation,2021-12-06 08:53:55,2021-12-06 08:54:19
2021-12-06 17:53:28,2021-12-06 17:53:36,Free_Living,annotator,Experimental situation,2021-12-06 08:54:20,2021-12-06 08:54:28
2021-12-06 17:53:37,2021-12-06 17:53:43,Free_Living,annotator,Experimental situation,2021-12-06 08:54:29,2021-12-06 08:54:35
2021-12-06 17:53:44,2021-12-06 17:53:46,Free_Living,annotator,Experimental situation,2021-12-06 08:54:36,2021-12-06 08:54:38
2021-12-06 17:53:47,2021-12-06 17:57:05,Free_Living,annotator,Experimental situation,2021-12-06 08:54:39,2021-12-06 08:57:57
2021-12-06 17:57:06,2021-12-06 19:16:03,Free_Living,annotator,Experimental situation,2021-12-06 08:57:58,2021-12-06 10:16:55
2021-12-06 19:16:05,2021-12-06 19:17:19,Free_Living,annotator,Experimental situation,2021-12-06 10:16:57,2021-12-06 10:18:11
2021-12-06 19:17:20,2021-12-06 19:17:31,Free_Living,annotator,Experimental situation,2021-12-06 10:18:12,2021-12-06 10:18:23
2021-12-06 19:17:32,2021-12-06 19:17:36,Free_Living,annotator,Experimental situation,2021-12-06 10:18:24,2021-12-06 10:18:28
2021-12-06 19:17:37,2021-12-06 19:18:12,Free_Living,annotator,Experimental situation,2021-12-06 10:18:29,2021-12-06 10:19:04
2021-12-06 19:18:12,2021-12-06 19:18:34,Free_Living,annotator,Experimental situation,2021-12-06 10:19:04,2021-12-06 10:19:26
2021-12-06 19:18:35,2021-12-06 19:18:57,Free_Living,annotator,Experimental situation,2021-12-06 10:19:27,2021-12-06 10:19:49
2021-12-06 19:18:58,2021-12-06 19:19:07,Free_Living,annotator,Experimental situation,2021-12-06 10:19:50,2021-12-06 10:19:59
2021-12-06 19:19:07,2021-12-06 19:36:07,Free_Living,annotator,Experimental situation,2021-12-06 10:19:59,2021-12-06 10:36:59
2021-12-06 19:36:09,2021-12-06 19:38:39,Free_Living,annotator,Experimental situation,2021-12-06 10:37:01,2021-12-06 10:39:31
2021-12-06 19:38:41,2021-12-06 19:38:55,Free_Living,annotator,Experimental situation,2021-12-06 10:39:33,2021-12-06 10:39:47
2021-12-06 19:38:58,2021-12-06 19:43:15,Free_Living,annotator,Experimental situation,2021-12-06 10:39:50,2021-12-06 10:44:07
2021-12-06 19:43:18,2021-12-06 19:43:25,Free_Living,annotator,Experimental situation,2021-12-06 10:44:10,2021-12-06 10:44:17
2021-12-06 19:43:26,2021-12-06 19:43:38,Free_Living,annotator,Experimental situation,2021-12-06 10:44:18,2021-12-06 10:44:30
2021-12-06 19:43:38,2021-12-06 19:43:44,Free_Living,annotator,Experimental situation,2021-12-06 10:44:30,2021-12-06 10:44:36
2021-12-06 19:43:45,2021-12-06 19:44:20,Free_Living,annotator,Experimental situation,2021-12-06 10:44:37,2021-12-06 10:45:12
2021-12-06 19:44:21,2021-12-06 19:44:41,Free_Living,annotator,Experimental situation,2021-12-06 10:45:13,2021-12-06 10:45:33
2021-12-06 19:44:42,2021-12-06 19:45:13,Free_Living,annotator,Experimental situation,2021-12-06 10:45:34,2021-12-06 10:46:05
2021-12-06 19:45:13,2021-12-06 19:45:21,Free_Living,annotator,Experimental situation,2021-12-06 10:46:05,2021-12-06 10:46:13
2021-12-06 19:45:22,2021-12-06 19:45:28,Free_Living,annotator,Experimental situation,2021-12-06 10:46:14,2021-12-06 10:46:20
2021-12-06 19:45:29,2021-12-06 19:45:55,Free_Living,annotator,Experimental situation,2021-12-06 10:46:21,2021-12-06 10:46:47
2021-12-06 19:45:57,2021-12-06 19:59:51,Free_Living,annotator,Experimental situation,2021-12-06 10:46:49,2021-12-06 11:00:43
2021-12-06 19:59:52,2021-12-06 20:01:18,Free_Living,annotator,Experimental situation,2021-12-06 11:00:44,2021-12-06 11:02:10
2021-12-06 20:01:19,2021-12-06 20:01:24,Free_Living,annotator,Experimental situation,2021-12-06 11:02:11,2021-12-06 11:02:16
2021-12-06 20:01:26,2021-12-06 20:01:59,Free_Living,annotator,Experimental situation,2021-12-06 11:02:18,2021-12-06 11:02:51
2021-12-06 20:02:00,2021-12-06 20:02:22,Free_Living,annotator,Experimental situation,2021-12-06 11:02:52,2021-12-06 11:03:14
2021-12-06 20:02:23,2021-12-06 20:03:42,Free_Living,annotator,Experimental situation,2021-12-06 11:03:15,2021-12-06 11:04:34
2021-12-06 20:03:44,2021-12-06 20:09:10,Free_Living,annotator,Experimental situation,2021-12-06 11:04:36,2021-12-06 11:10:02
