START_TIME,STOP_TIME,PREDICTION,SOURCE,LABELSET,VIDEO_START_TIME,VIDEO_END_TIME
2022-05-29 13:30:58,2022-05-29 13:31:17,HLB_Unlabeled,annotator,HIGH LEVEL BEHAVIOR,2022-05-29 00:00:08,2022-05-29 00:00:27
2022-05-29 13:31:18,2022-05-29 13:52:32,Using_Computer/Screen,annotator,HIGH LEVEL BEHAVIOR,2022-05-29 00:00:28,2022-05-29 00:21:42
2022-05-29 13:52:38,2022-05-29 13:57:00,HLB_Indecipherable/Video_Insufficient,annotator,HIGH LEVEL BEHAVIOR,2022-05-29 00:21:48,2022-05-29 00:26:10
2022-05-29 13:57:01,2022-05-29 14:03:58,Meeting_Virtual, Using_Computer/Screen,annotator,HIGH LEVEL BEHAVIOR,2022-05-29 00:26:11,2022-05-29 00:33:08
2022-05-29 14:04:00,2022-05-29 14:14:16,Using_Computer/Screen,annotator,HIGH LEVEL BEHAVIOR,2022-05-29 00:33:10,2022-05-29 00:43:26
2022-05-29 14:14:18,2022-05-29 14:37:00,HLB_Indecipherable/Video_Insufficient,annotator,HIGH LEVEL BEHAVIOR,2022-05-29 00:43:28,2022-05-29 01:06:10
2022-05-29 14:37:03,2022-05-29 14:49:17,Using_Computer/Screen,annotator,HIGH LEVEL BEHAVIOR,2022-05-29 01:06:13,2022-05-29 01:18:27
2022-05-29 14:49:19,2022-05-29 14:50:33,HLB_Indecipherable/Video_Insufficient,annotator,HIGH LEVEL BEHAVIOR,2022-05-29 01:18:29,2022-05-29 01:19:43
2022-05-29 14:50:36,2022-05-29 14:50:55,In_Transit_Active,annotator,HIGH LEVEL BEHAVIOR,2022-05-29 01:19:46,2022-05-29 01:20:05
2022-05-29 14:50:59,2022-05-29 14:52:52,In_Transit_Active,annotator,HIGH LEVEL BEHAVIOR,2022-05-29 01:20:09,2022-05-29 01:22:02
2022-05-29 14:52:54,2022-05-29 14:53:50,Riding_Elevator_Down,annotator,HIGH LEVEL BEHAVIOR,2022-05-29 01:22:04,2022-05-29 01:23:00
2022-05-29 14:53:52,2022-05-29 14:54:15,In_Transit_Active,annotator,HIGH LEVEL BEHAVIOR,2022-05-29 01:23:02,2022-05-29 01:23:25
2022-05-29 14:54:25,2022-05-29 14:55:37,HLB_Unlabeled,annotator,HIGH LEVEL BEHAVIOR,2022-05-29 01:23:35,2022-05-29 01:24:47
2022-05-29 14:55:39,2022-05-29 14:58:15,HLB_Other,annotator,HIGH LEVEL BEHAVIOR,2022-05-29 01:24:49,2022-05-29 01:27:25
2022-05-29 14:58:19,2022-05-29 15:01:11,In_Transit_Active, Meeting _Social_Gathering_In_Person,annotator,HIGH LEVEL BEHAVIOR,2022-05-29 01:27:29,2022-05-29 01:30:21
2022-05-29 15:01:17,2022-05-29 15:01:32,In_Transit_Active, Meeting _Social_Gathering_In_Person,annotator,HIGH LEVEL BEHAVIOR,2022-05-29 01:30:27,2022-05-29 01:30:42
2022-05-29 15:01:34,2022-05-29 15:03:04,In_Transit_Active,annotator,HIGH LEVEL BEHAVIOR,2022-05-29 01:30:44,2022-05-29 01:32:14
2022-05-29 15:03:06,2022-05-29 15:04:04,In_Transit_Active,annotator,HIGH LEVEL BEHAVIOR,2022-05-29 01:32:16,2022-05-29 01:33:14
2022-05-29 15:04:05,2022-05-29 15:23:56,Eating/Dining, Meeting _Social_Gathering_In_Person,annotator,HIGH LEVEL BEHAVIOR,2022-05-29 01:33:15,2022-05-29 01:53:06
2022-05-29 15:23:58,2022-05-29 15:24:51,HLB_Indecipherable/Video_Insufficient,annotator,HIGH LEVEL BEHAVIOR,2022-05-29 01:53:08,2022-05-29 01:54:01
2022-05-29 15:24:54,2022-05-29 15:33:51,Eating/Dining,annotator,HIGH LEVEL BEHAVIOR,2022-05-29 01:54:04,2022-05-29 02:03:01
2022-05-29 15:33:53,2022-05-29 15:34:24,In_Transit_Active,annotator,HIGH LEVEL BEHAVIOR,2022-05-29 02:03:03,2022-05-29 02:03:34
2022-05-29 15:34:25,2022-05-29 15:35:01,In_Transit_Active,annotator,HIGH LEVEL BEHAVIOR,2022-05-29 02:03:35,2022-05-29 02:04:11
2022-05-29 15:35:03,2022-05-29 15:38:51,In_Transit_Active,annotator,HIGH LEVEL BEHAVIOR,2022-05-29 02:04:13,2022-05-29 02:08:01
2022-05-29 15:38:52,2022-05-29 15:41:21,HLB_Other,annotator,HIGH LEVEL BEHAVIOR,2022-05-29 02:08:02,2022-05-29 02:10:31
2022-05-29 15:41:25,2022-05-29 15:42:42,In_Transit_Active,annotator,HIGH LEVEL BEHAVIOR,2022-05-29 02:10:35,2022-05-29 02:11:52
2022-05-29 15:42:44,2022-05-29 15:43:24,Riding_Elevator_Up,annotator,HIGH LEVEL BEHAVIOR,2022-05-29 02:11:54,2022-05-29 02:12:34
2022-05-29 15:43:26,2022-05-29 15:43:57,In_Transit_Active,annotator,HIGH LEVEL BEHAVIOR,2022-05-29 02:12:36,2022-05-29 02:13:07
2022-05-29 15:44:03,2022-05-29 16:14:13,Using_Computer/Screen,annotator,HIGH LEVEL BEHAVIOR,2022-05-29 02:13:13,2022-05-29 02:43:23
2022-05-29 16:14:16,2022-05-29 16:38:37,HLB_Indecipherable/Video_Insufficient,annotator,HIGH LEVEL BEHAVIOR,2022-05-29 02:43:26,2022-05-29 03:07:47
2022-05-29 16:38:42,2022-05-29 17:51:33,Using_Computer/Screen,annotator,HIGH LEVEL BEHAVIOR,2022-05-29 03:07:52,2022-05-29 04:20:43
2022-05-29 17:51:35,2022-05-29 17:52:28,In_Transit_Active,annotator,HIGH LEVEL BEHAVIOR,2022-05-29 04:20:45,2022-05-29 04:21:38
2022-05-29 17:52:29,2022-05-29 18:11:09,Using_Computer/Screen,annotator,HIGH LEVEL BEHAVIOR,2022-05-29 04:21:39,2022-05-29 04:40:19
2022-05-29 18:11:13,2022-05-29 18:23:54,HLB_Unlabeled,annotator,HIGH LEVEL BEHAVIOR,2022-05-29 04:40:23,2022-05-29 04:53:04
2022-05-29 18:23:56,2022-05-29 18:47:33,HLB_Unlabeled,annotator,HIGH LEVEL BEHAVIOR,2022-05-29 04:53:06,2022-05-29 05:16:43
2022-05-29 18:47:38,2022-05-29 18:48:27,In_Transit_Active,annotator,HIGH LEVEL BEHAVIOR,2022-05-29 05:16:48,2022-05-29 05:17:37
2022-05-29 18:48:29,2022-05-29 19:12:07,Using_Computer/Screen,annotator,HIGH LEVEL BEHAVIOR,2022-05-29 05:17:39,2022-05-29 05:41:17
2022-05-29 19:12:10,2022-05-29 19:30:14,HLB_Unlabeled,annotator,HIGH LEVEL BEHAVIOR,2022-05-29 05:41:20,2022-05-29 05:59:24
2022-05-29 19:30:17,2022-05-29 20:43:43,Using_Computer/Screen,annotator,HIGH LEVEL BEHAVIOR,2022-05-29 05:59:27,2022-05-29 07:12:53
2022-05-29 20:43:49,2022-05-29 20:45:00,Dressing/Undressing,annotator,HIGH LEVEL BEHAVIOR,2022-05-29 07:12:59,2022-05-29 07:14:10
2022-05-29 20:45:02,2022-05-29 20:45:41,Using_Computer/Screen,annotator,HIGH LEVEL BEHAVIOR,2022-05-29 07:14:12,2022-05-29 07:14:51
2022-05-29 20:45:44,2022-05-29 20:46:35,Meeting _Social_Gathering_In_Person,annotator,HIGH LEVEL BEHAVIOR,2022-05-29 07:14:54,2022-05-29 07:15:45
2022-05-29 20:46:37,2022-05-29 21:35:33,Using_Computer/Screen,annotator,HIGH LEVEL BEHAVIOR,2022-05-29 07:15:47,2022-05-29 08:04:43
2022-05-29 21:35:35,2022-05-29 21:36:43,,annotator,HIGH LEVEL BEHAVIOR,2022-05-29 08:04:45,2022-05-29 08:05:53
2022-05-29 21:36:55,2022-05-29 21:37:18,Cleaning,annotator,HIGH LEVEL BEHAVIOR,2022-05-29 08:06:05,2022-05-29 08:06:28
2022-05-29 21:37:22,2022-05-29 21:37:40,In_Transit_Active,annotator,HIGH LEVEL BEHAVIOR,2022-05-29 08:06:32,2022-05-29 08:06:50
2022-05-29 21:37:46,2022-05-29 21:37:56,HLB_Unlabeled,annotator,HIGH LEVEL BEHAVIOR,2022-05-29 08:06:56,2022-05-29 08:07:06
2022-05-29 21:38:00,2022-05-29 22:41:09,HLB_Indecipherable/Video_Insufficient,annotator,HIGH LEVEL BEHAVIOR,2022-05-29 08:07:10,2022-05-29 09:10:19
2022-05-29 22:41:13,2022-05-29 22:46:20,WatchingTV/Movies, Meeting _Social_Gathering_In_Person,annotator,HIGH LEVEL BEHAVIOR,2022-05-29 09:10:23,2022-05-29 09:15:30
2022-05-29 22:46:21,2022-05-29 23:16:06,WatchingTV/Movies, Meeting _Social_Gathering_In_Person,annotator,HIGH LEVEL BEHAVIOR,2022-05-29 09:15:31,2022-05-29 09:45:16
2022-05-29 23:16:11,2022-05-29 23:17:32,HLB_Indecipherable/Video_Insufficient,annotator,HIGH LEVEL BEHAVIOR,2022-05-29 09:45:21,2022-05-29 09:46:42
2022-05-29 23:17:34,2022-05-29 23:18:44,In_Transit_Active,annotator,HIGH LEVEL BEHAVIOR,2022-05-29 09:46:44,2022-05-29 09:47:54
2022-05-29 23:18:46,2022-05-29 23:19:23,Riding_Elevator_Down,annotator,HIGH LEVEL BEHAVIOR,2022-05-29 09:47:56,2022-05-29 09:48:33
2022-05-29 23:19:26,2022-05-29 23:19:48,In_Transit_Active,annotator,HIGH LEVEL BEHAVIOR,2022-05-29 09:48:36,2022-05-29 09:48:58
2022-05-29 23:19:55,2022-05-29 23:20:44,In_Transit_Active,annotator,HIGH LEVEL BEHAVIOR,2022-05-29 09:49:05,2022-05-29 09:49:54
2022-05-29 23:20:52,2022-05-29 23:21:36,In_Transit_Active,annotator,HIGH LEVEL BEHAVIOR,2022-05-29 09:50:02,2022-05-29 09:50:46
2022-05-29 23:21:36,2022-05-29 23:21:47,In_Transit_Active,annotator,HIGH LEVEL BEHAVIOR,2022-05-29 09:50:46,2022-05-29 09:50:57
2022-05-29 23:21:47,2022-05-29 23:22:06,In_Transit_Active,annotator,HIGH LEVEL BEHAVIOR,2022-05-29 09:50:57,2022-05-29 09:51:16
2022-05-29 23:22:06,2022-05-29 23:22:44,In_Transit_Active, Riding_Elevator_Up,annotator,HIGH LEVEL BEHAVIOR,2022-05-29 09:51:16,2022-05-29 09:51:54
2022-05-29 23:23:13,2022-05-29 23:23:13,In_Transit_Active,annotator,HIGH LEVEL BEHAVIOR,2022-05-29 09:52:23,2022-05-29 09:52:23
2022-05-29 23:23:16,2022-05-29 23:24:08,Cooking/Prepping_Food,annotator,HIGH LEVEL BEHAVIOR,2022-05-29 09:52:26,2022-05-29 09:53:18
2022-05-29 23:24:08,2022-05-29 23:24:28,Eating/Dining,annotator,HIGH LEVEL BEHAVIOR,2022-05-29 09:53:18,2022-05-29 09:53:38
2022-05-29 23:24:28,2022-05-29 23:33:12,Eating/Dining, WatchingTV/Movies,annotator,HIGH LEVEL BEHAVIOR,2022-05-29 09:53:38,2022-05-29 10:02:22
2022-05-29 23:33:12,2022-05-29 23:34:33,,annotator,HIGH LEVEL BEHAVIOR,2022-05-29 10:02:22,2022-05-29 10:03:43
2022-05-29 23:34:33,2022-05-29 23:42:44,Eating/Dining, WatchingTV/Movies,annotator,HIGH LEVEL BEHAVIOR,2022-05-29 10:03:43,2022-05-29 10:11:54
2022-05-29 23:42:44,2022-05-29 23:44:23,Eating/Dining, WatchingTV/Movies,annotator,HIGH LEVEL BEHAVIOR,2022-05-29 10:11:54,2022-05-29 10:13:33
2022-05-29 23:44:23,2022-05-29 23:44:52,HLB_Indecipherable/Video_Insufficient,annotator,HIGH LEVEL BEHAVIOR,2022-05-29 10:13:33,2022-05-29 10:14:02
2022-05-29 23:44:52,2022-05-29 23:45:47,WatchingTV/Movies,annotator,HIGH LEVEL BEHAVIOR,2022-05-29 10:14:02,2022-05-29 10:14:57
2022-05-29 23:45:47,2022-05-29 23:46:22,WatchingTV/Movies,annotator,HIGH LEVEL BEHAVIOR,2022-05-29 10:14:57,2022-05-29 10:15:32
2022-05-29 23:46:22,2022-05-29 23:47:13,WatchingTV/Movies,annotator,HIGH LEVEL BEHAVIOR,2022-05-29 10:15:32,2022-05-29 10:16:23
2022-05-29 23:47:13,2022-05-29 23:49:42,WatchingTV/Movies,annotator,HIGH LEVEL BEHAVIOR,2022-05-29 10:16:23,2022-05-29 10:18:52
2022-05-29 23:49:42,2022-05-29 23:54:59,WatchingTV/Movies,annotator,HIGH LEVEL BEHAVIOR,2022-05-29 10:18:52,2022-05-29 10:24:09
2022-05-29 23:54:59,2022-05-29 23:58:08,,annotator,HIGH LEVEL BEHAVIOR,2022-05-29 10:24:09,2022-05-29 10:27:18
2022-05-29 23:58:08,2022-05-30 00:03:51,,annotator,HIGH LEVEL BEHAVIOR,2022-05-29 10:27:18,2022-05-29 10:33:01
2022-05-30 00:03:51,2022-05-30 00:05:08,,annotator,HIGH LEVEL BEHAVIOR,2022-05-29 10:33:01,2022-05-29 10:34:18
2022-05-30 00:05:08,2022-05-30 00:06:44,WatchingTV/Movies,annotator,HIGH LEVEL BEHAVIOR,2022-05-29 10:34:18,2022-05-29 10:35:54
2022-05-30 00:06:44,2022-05-30 00:07:03,WatchingTV/Movies,annotator,HIGH LEVEL BEHAVIOR,2022-05-29 10:35:54,2022-05-29 10:36:13
2022-05-30 00:07:03,2022-05-30 00:10:01,Relaxing_Passive,annotator,HIGH LEVEL BEHAVIOR,2022-05-29 10:36:13,2022-05-29 10:39:11
2022-05-30 00:10:01,2022-05-30 00:10:51,Relaxing_Passive,annotator,HIGH LEVEL BEHAVIOR,2022-05-29 10:39:11,2022-05-29 10:40:01
2022-05-30 00:10:51,2022-05-30 00:11:25,Relaxing_Passive,annotator,HIGH LEVEL BEHAVIOR,2022-05-29 10:40:01,2022-05-29 10:40:35
2022-05-30 00:11:25,2022-05-30 00:13:11,Relaxing_Passive,annotator,HIGH LEVEL BEHAVIOR,2022-05-29 10:40:35,2022-05-29 10:42:21
2022-05-30 00:13:11,2022-05-30 00:15:06,Relaxing_Passive, WatchingTV/Movies,annotator,HIGH LEVEL BEHAVIOR,2022-05-29 10:42:21,2022-05-29 10:44:16
2022-05-30 00:15:06,2022-05-30 00:15:36,Relaxing_Passive,annotator,HIGH LEVEL BEHAVIOR,2022-05-29 10:44:16,2022-05-29 10:44:46
2022-05-30 00:15:36,2022-05-30 00:16:23,Relaxing_Passive, WatchingTV/Movies,annotator,HIGH LEVEL BEHAVIOR,2022-05-29 10:44:46,2022-05-29 10:45:33
2022-05-30 00:16:23,2022-05-30 00:20:54,Relaxing_Passive, WatchingTV/Movies,annotator,HIGH LEVEL BEHAVIOR,2022-05-29 10:45:33,2022-05-29 10:50:04
2022-05-30 00:20:54,2022-05-30 00:21:10,In_Transit_Active,annotator,HIGH LEVEL BEHAVIOR,2022-05-29 10:50:04,2022-05-29 10:50:20
2022-05-30 00:21:22,2022-05-30 00:22:51,,annotator,HIGH LEVEL BEHAVIOR,2022-05-29 10:50:32,2022-05-29 10:52:01
2022-05-30 00:22:41,2022-05-30 00:22:41,,annotator,HIGH LEVEL BEHAVIOR,2022-05-29 10:51:51,2022-05-29 10:51:51
2022-05-30 00:22:51,2022-05-30 00:23:15,,annotator,HIGH LEVEL BEHAVIOR,2022-05-29 10:52:01,2022-05-29 10:52:25
2022-05-30 00:23:15,2022-05-30 00:23:56,In_Transit_Active,annotator,HIGH LEVEL BEHAVIOR,2022-05-29 10:52:25,2022-05-29 10:53:06
2022-05-30 00:23:56,2022-05-30 00:26:48,Relaxing_Passive, WatchingTV/Movies,annotator,HIGH LEVEL BEHAVIOR,2022-05-29 10:53:06,2022-05-29 10:55:58
2022-05-30 00:26:48,2022-05-30 00:27:04,Relaxing_Passive, WatchingTV/Movies,annotator,HIGH LEVEL BEHAVIOR,2022-05-29 10:55:58,2022-05-29 10:56:14
2022-05-30 00:27:04,2022-05-30 00:28:55,Relaxing_Passive, WatchingTV/Movies,annotator,HIGH LEVEL BEHAVIOR,2022-05-29 10:56:14,2022-05-29 10:58:05
2022-05-30 00:28:55,2022-05-30 00:29:22,Relaxing_Passive,annotator,HIGH LEVEL BEHAVIOR,2022-05-29 10:58:05,2022-05-29 10:58:32
2022-05-30 00:29:27,2022-05-30 00:29:56,Meeting _Social_Gathering_In_Person,annotator,HIGH LEVEL BEHAVIOR,2022-05-29 10:58:37,2022-05-29 10:59:06
2022-05-30 00:29:56,2022-05-30 00:37:12,Meeting _Social_Gathering_In_Person,annotator,HIGH LEVEL BEHAVIOR,2022-05-29 10:59:06,2022-05-29 11:06:22
2022-05-30 00:37:16,2022-05-30 00:37:29,HLB_Indecipherable/Video_Insufficient,annotator,HIGH LEVEL BEHAVIOR,2022-05-29 11:06:26,2022-05-29 11:06:39
2022-05-30 00:37:29,2022-05-30 00:39:06,Meeting _Social_Gathering_In_Person,annotator,HIGH LEVEL BEHAVIOR,2022-05-29 11:06:39,2022-05-29 11:08:16
2022-05-30 00:39:06,2022-05-30 00:40:18,HLB_Indecipherable/Video_Insufficient,annotator,HIGH LEVEL BEHAVIOR,2022-05-29 11:08:16,2022-05-29 11:09:28
2022-05-30 00:40:18,2022-05-30 00:42:13,Meeting _Social_Gathering_In_Person,annotator,HIGH LEVEL BEHAVIOR,2022-05-29 11:09:28,2022-05-29 11:11:23
2022-05-30 00:42:13,2022-05-30 00:42:28,Meeting _Social_Gathering_In_Person,annotator,HIGH LEVEL BEHAVIOR,2022-05-29 11:11:23,2022-05-29 11:11:38
2022-05-30 00:42:28,2022-05-30 00:43:40,Meeting _Social_Gathering_In_Person, Eating/Dining,annotator,HIGH LEVEL BEHAVIOR,2022-05-29 11:11:38,2022-05-29 11:12:50
2022-05-30 00:43:40,2022-05-30 00:44:16,Meeting _Social_Gathering_In_Person,annotator,HIGH LEVEL BEHAVIOR,2022-05-29 11:12:50,2022-05-29 11:13:26
2022-05-30 00:44:16,2022-05-30 00:48:20,Meeting _Social_Gathering_In_Person,annotator,HIGH LEVEL BEHAVIOR,2022-05-29 11:13:26,2022-05-29 11:17:30
2022-05-30 00:48:20,2022-05-30 00:48:44,Meeting _Social_Gathering_In_Person,annotator,HIGH LEVEL BEHAVIOR,2022-05-29 11:17:30,2022-05-29 11:17:54
2022-05-30 00:48:44,2022-05-30 00:49:43,HLB_Indecipherable/Video_Insufficient,annotator,HIGH LEVEL BEHAVIOR,2022-05-29 11:17:54,2022-05-29 11:18:53
2022-05-30 00:49:43,2022-05-30 00:50:32,Meeting _Social_Gathering_In_Person, Dressing/Undressing,annotator,HIGH LEVEL BEHAVIOR,2022-05-29 11:18:53,2022-05-29 11:19:42
2022-05-30 00:50:32,2022-05-30 00:51:11,Meeting _Social_Gathering_In_Person, In_Transit_Active,annotator,HIGH LEVEL BEHAVIOR,2022-05-29 11:19:42,2022-05-29 11:20:21
2022-05-30 00:51:11,2022-05-30 00:52:04,Meeting _Social_Gathering_In_Person, Riding_Elevator_Down,annotator,HIGH LEVEL BEHAVIOR,2022-05-29 11:20:21,2022-05-29 11:21:14
2022-05-30 00:52:04,2022-05-30 00:52:47,Meeting _Social_Gathering_In_Person, In_Transit_Active,annotator,HIGH LEVEL BEHAVIOR,2022-05-29 11:21:14,2022-05-29 11:21:57
2022-05-30 00:52:47,2022-05-30 00:58:18,Meeting _Social_Gathering_In_Person, In_Transit_Active,annotator,HIGH LEVEL BEHAVIOR,2022-05-29 11:21:57,2022-05-29 11:27:28
2022-05-30 00:58:18,2022-05-30 00:59:36,Meeting _Social_Gathering_In_Person,annotator,HIGH LEVEL BEHAVIOR,2022-05-29 11:27:28,2022-05-29 11:28:46
2022-05-30 00:59:36,2022-05-30 01:07:49,Meeting _Social_Gathering_In_Person, In_Transit_Active,annotator,HIGH LEVEL BEHAVIOR,2022-05-29 11:28:46,2022-05-29 11:36:59
2022-05-30 01:07:49,2022-05-30 01:09:43,HLB_Indecipherable/Video_Insufficient,annotator,HIGH LEVEL BEHAVIOR,2022-05-29 11:36:59,2022-05-29 11:38:53
2022-05-30 01:09:43,2022-05-30 01:10:21,Meeting _Social_Gathering_In_Person,annotator,HIGH LEVEL BEHAVIOR,2022-05-29 11:38:53,2022-05-29 11:39:31
2022-05-30 01:10:21,2022-05-30 01:10:56,Meeting _Social_Gathering_In_Person,annotator,HIGH LEVEL BEHAVIOR,2022-05-29 11:39:31,2022-05-29 11:40:06
2022-05-30 01:10:56,2022-05-30 01:25:13,HLB_Indecipherable/Video_Insufficient,annotator,HIGH LEVEL BEHAVIOR,2022-05-29 11:40:06,2022-05-29 11:54:23
2022-05-30 01:25:13,2022-05-30 01:42:21,Meeting _Social_Gathering_In_Person, In_Transit_Active,annotator,HIGH LEVEL BEHAVIOR,2022-05-29 11:54:23,2022-05-29 12:11:31
2022-05-30 01:42:21,2022-05-30 03:05:49,HLB_Indecipherable/Video_Insufficient,annotator,HIGH LEVEL BEHAVIOR,2022-05-29 12:11:31,2022-05-29 13:34:59
2022-05-30 03:05:49,2022-05-30 03:06:36,Meeting _Social_Gathering_In_Person, In_Transit_Active,annotator,HIGH LEVEL BEHAVIOR,2022-05-29 13:34:59,2022-05-29 13:35:46
2022-05-30 03:06:36,2022-05-30 03:14:52,Meeting _Social_Gathering_In_Person, In_Transit_Passive_Car,annotator,HIGH LEVEL BEHAVIOR,2022-05-29 13:35:46,2022-05-29 13:44:02
2022-05-30 03:14:52,2022-05-30 03:16:51,Meeting _Social_Gathering_In_Person, In_Transit_Active,annotator,HIGH LEVEL BEHAVIOR,2022-05-29 13:44:02,2022-05-29 13:46:01
2022-05-30 03:16:51,2022-05-30 03:18:08,Meeting _Social_Gathering_In_Person,annotator,HIGH LEVEL BEHAVIOR,2022-05-29 13:46:01,2022-05-29 13:47:18
2022-05-30 03:18:08,2022-05-30 03:21:51,Meeting _Social_Gathering_In_Person,annotator,HIGH LEVEL BEHAVIOR,2022-05-29 13:47:18,2022-05-29 13:51:01
2022-05-30 03:21:51,2022-05-30 03:23:59,Meeting _Social_Gathering_In_Person,annotator,HIGH LEVEL BEHAVIOR,2022-05-29 13:51:01,2022-05-29 13:53:09
2022-05-30 03:23:59,2022-05-30 03:28:35,Meeting _Social_Gathering_In_Person,annotator,HIGH LEVEL BEHAVIOR,2022-05-29 13:53:09,2022-05-29 13:57:45
2022-05-30 03:28:35,2022-05-30 03:32:13,Meeting _Social_Gathering_In_Person,annotator,HIGH LEVEL BEHAVIOR,2022-05-29 13:57:45,2022-05-29 14:01:23
2022-05-30 03:32:13,2022-05-30 03:33:02,Meeting _Social_Gathering_In_Person,annotator,HIGH LEVEL BEHAVIOR,2022-05-29 14:01:23,2022-05-29 14:02:12
2022-05-30 03:33:02,2022-05-30 03:33:38,Meeting _Social_Gathering_In_Person, Riding_Elevator_Up,annotator,HIGH LEVEL BEHAVIOR,2022-05-29 14:02:12,2022-05-29 14:02:48
2022-05-30 03:33:38,2022-05-30 03:34:59,Meeting _Social_Gathering_In_Person,annotator,HIGH LEVEL BEHAVIOR,2022-05-29 14:02:48,2022-05-29 14:04:09
2022-05-30 03:34:59,2022-05-30 03:42:35,Meeting _Social_Gathering_In_Person,annotator,HIGH LEVEL BEHAVIOR,2022-05-29 14:04:09,2022-05-29 14:11:45
2022-05-30 03:42:35,2022-05-30 03:43:08,Meeting _Social_Gathering_In_Person, Eating/Dining,annotator,HIGH LEVEL BEHAVIOR,2022-05-29 14:11:45,2022-05-29 14:12:18
2022-05-30 03:43:08,2022-05-30 03:53:57,Relaxing_Passive,annotator,HIGH LEVEL BEHAVIOR,2022-05-29 14:12:18,2022-05-29 14:23:07
2022-05-30 03:53:57,2022-05-30 03:55:10,HLB_Indecipherable/Video_Insufficient,annotator,HIGH LEVEL BEHAVIOR,2022-05-29 14:23:07,2022-05-29 14:24:20
2022-05-30 03:55:10,2022-05-30 03:59:17,HLB_Indecipherable/Video_Insufficient,annotator,HIGH LEVEL BEHAVIOR,2022-05-29 14:24:20,2022-05-29 14:28:27
2022-05-30 03:59:17,2022-05-30 03:59:59,Cooking/Prepping_Food,annotator,HIGH LEVEL BEHAVIOR,2022-05-29 14:28:27,2022-05-29 14:29:09
2022-05-30 03:59:59,2022-05-30 04:00:33,In_Transit_Active,annotator,HIGH LEVEL BEHAVIOR,2022-05-29 14:29:09,2022-05-29 14:29:43
2022-05-30 04:00:33,2022-05-30 04:02:29,HLB_Other,annotator,HIGH LEVEL BEHAVIOR,2022-05-29 14:29:43,2022-05-29 14:31:39
2022-05-30 04:02:29,2022-05-30 04:05:09,HLB_Indecipherable/Video_Insufficient,annotator,HIGH LEVEL BEHAVIOR,2022-05-29 14:31:39,2022-05-29 14:34:19
