START_TIME,STOP_TIME,PREDICTION,SOURCE,LABELSET,VIDEO_START_TIME,VIDEO_END_TIME
2022-06-11 09:10:40,2022-06-11 09:11:09,Located_Indoors, Holding_Other_Object_Light,annotator,Behavioral Parameters,2022-06-11 00:00:00,2022-06-11 00:00:29
2022-06-11 09:11:09,2022-06-11 09:11:51,Located_Indoors,annotator,Behavioral Parameters,2022-06-11 00:00:29,2022-06-11 00:01:11
2022-06-11 09:11:51,2022-06-11 09:21:53,Located_Indoors, Texting/Browsing_Phone,annotator,Behavioral Parameters,2022-06-11 00:01:11,2022-06-11 00:11:13
2022-06-11 09:21:53,2022-06-11 09:23:17,Located_Indoors, Holding_Other_Object_Light,annotator,Behavioral Parameters,2022-06-11 00:11:13,2022-06-11 00:12:37
2022-06-11 09:23:17,2022-06-11 09:50:18,Located_Indoors, Texting/Browsing_Phone,annotator,Behavioral Parameters,2022-06-11 00:12:37,2022-06-11 00:39:38
2022-06-11 09:50:18,2022-06-11 09:50:59,Located_Indoors, Holding_Other_Object_Light,annotator,Behavioral Parameters,2022-06-11 00:39:38,2022-06-11 00:40:19
2022-06-11 09:50:59,2022-06-11 09:51:37,Located_Indoors, Texting/Browsing_Phone,annotator,Behavioral Parameters,2022-06-11 00:40:19,2022-06-11 00:40:57
2022-06-11 09:51:37,2022-06-11 09:52:32,Located_Indoors, Holding_Other_Object_Light,annotator,Behavioral Parameters,2022-06-11 00:40:57,2022-06-11 00:41:52
2022-06-11 09:52:32,2022-06-11 09:53:27,Located_Indoors, Texting/Browsing_Phone,annotator,Behavioral Parameters,2022-06-11 00:41:52,2022-06-11 00:42:47
2022-06-11 09:53:27,2022-06-11 09:53:43,Located_Indoors, Holding_Other_Object_Light,annotator,Behavioral Parameters,2022-06-11 00:42:47,2022-06-11 00:43:03
2022-06-11 09:53:43,2022-06-11 10:02:09,Located_Indoors, Texting/Browsing_Phone,annotator,Behavioral Parameters,2022-06-11 00:43:03,2022-06-11 00:51:29
2022-06-11 10:02:09,2022-06-11 10:08:58,Located_Indoors, Holding_Other_Object_Light,annotator,Behavioral Parameters,2022-06-11 00:51:29,2022-06-11 00:58:18
2022-06-11 10:08:58,2022-06-11 10:10:27,Located_Indoors, Texting/Browsing_Phone,annotator,Behavioral Parameters,2022-06-11 00:58:18,2022-06-11 00:59:47
2022-06-11 10:10:27,2022-06-11 10:19:57,Located_Indoors, Holding_Other_Object_Light,annotator,Behavioral Parameters,2022-06-11 00:59:47,2022-06-11 01:09:17
2022-06-11 10:19:57,2022-06-11 10:22:54,Located_Indoors, Texting/Browsing_Phone,annotator,Behavioral Parameters,2022-06-11 01:09:17,2022-06-11 01:12:14
2022-06-11 10:22:58,2022-06-11 10:23:02,Located_Indoors, Holding_Other_Object_Light,annotator,Behavioral Parameters,2022-06-11 01:12:18,2022-06-11 01:12:22
2022-06-11 10:23:02,2022-06-11 10:23:08,Located_Indoors, Holding_Other_Object_Light,annotator,Behavioral Parameters,2022-06-11 01:12:22,2022-06-11 01:12:28
2022-06-11 10:23:08,2022-06-11 10:23:15,Located_Indoors, Holding_Other_Object_Light,annotator,Behavioral Parameters,2022-06-11 01:12:28,2022-06-11 01:12:35
2022-06-11 10:23:15,2022-06-11 10:24:01,Located_Indoors, Holding_Other_Object_Light,annotator,Behavioral Parameters,2022-06-11 01:12:35,2022-06-11 01:13:21
2022-06-11 10:24:01,2022-06-11 10:24:06,Located_Indoors, Holding_Other_Object_Light,annotator,Behavioral Parameters,2022-06-11 01:13:21,2022-06-11 01:13:26
2022-06-11 10:24:06,2022-06-11 10:24:43,Located_Indoors, Texting/Browsing_Phone,annotator,Behavioral Parameters,2022-06-11 01:13:26,2022-06-11 01:14:03
2022-06-11 10:24:43,2022-06-11 10:24:52,Located_Indoors, Texting/Browsing_Phone,annotator,Behavioral Parameters,2022-06-11 01:14:03,2022-06-11 01:14:12
2022-06-11 10:24:52,2022-06-11 10:25:07,Located_Indoors, Holding_Other_Object_Light,annotator,Behavioral Parameters,2022-06-11 01:14:12,2022-06-11 01:14:27
2022-06-11 10:25:07,2022-06-11 10:25:21,Located_Indoors, Holding_Other_Object_Light,annotator,Behavioral Parameters,2022-06-11 01:14:27,2022-06-11 01:14:41
2022-06-11 10:25:21,2022-06-11 10:25:32,Located_Indoors, Holding_Other_Object_Light,annotator,Behavioral Parameters,2022-06-11 01:14:41,2022-06-11 01:14:52
2022-06-11 10:25:32,2022-06-11 10:25:45,Located_Indoors,annotator,Behavioral Parameters,2022-06-11 01:14:52,2022-06-11 01:15:05
2022-06-11 10:25:45,2022-06-11 10:25:50,Located_Indoors, Holding_Other_Object_Light,annotator,Behavioral Parameters,2022-06-11 01:15:05,2022-06-11 01:15:10
2022-06-11 10:25:50,2022-06-11 10:25:55,Located_Indoors, Holding_Other_Object_Light,annotator,Behavioral Parameters,2022-06-11 01:15:10,2022-06-11 01:15:15
2022-06-11 10:25:55,2022-06-11 10:26:15,Located_Indoors, Holding_Other_Object_Light,annotator,Behavioral Parameters,2022-06-11 01:15:15,2022-06-11 01:15:35
2022-06-11 10:26:15,2022-06-11 10:26:25,Located_Indoors, Holding_Other_Object_Light,annotator,Behavioral Parameters,2022-06-11 01:15:35,2022-06-11 01:15:45
2022-06-11 10:26:25,2022-06-11 10:26:31,Located_Indoors, Holding_Solid_Food,annotator,Behavioral Parameters,2022-06-11 01:15:45,2022-06-11 01:15:51
2022-06-11 10:26:31,2022-06-11 10:26:45,Located_Indoors, Holding_Other_Object_Light, Texting/Browsing_Phone,annotator,Behavioral Parameters,2022-06-11 01:15:51,2022-06-11 01:16:05
2022-06-11 10:26:46,2022-06-11 10:27:22,Located_Indoors, Texting/Browsing_Phone,annotator,Behavioral Parameters,2022-06-11 01:16:06,2022-06-11 01:16:42
2022-06-11 10:27:22,2022-06-11 10:32:37,Located_Indoors, Texting/Browsing_Phone, Holding_Solid_Food,annotator,Behavioral Parameters,2022-06-11 01:16:42,2022-06-11 01:21:57
2022-06-11 10:32:37,2022-06-11 10:33:26,Located_Indoors, Holding_Solid_Food,annotator,Behavioral Parameters,2022-06-11 01:21:57,2022-06-11 01:22:46
2022-06-11 10:33:26,2022-06-11 10:36:33,Located_Indoors, Texting/Browsing_Phone,annotator,Behavioral Parameters,2022-06-11 01:22:46,2022-06-11 01:25:53
2022-06-11 10:36:33,2022-06-11 10:36:38,Located_Indoors, Texting/Browsing_Phone,annotator,Behavioral Parameters,2022-06-11 01:25:53,2022-06-11 01:25:58
2022-06-11 10:36:41,2022-06-11 10:37:51,Located_Indoors, Holding_Other_Object_Light,annotator,Behavioral Parameters,2022-06-11 01:26:01,2022-06-11 01:27:11
2022-06-11 10:37:51,2022-06-11 10:38:48,Located_Indoors, Texting/Browsing_Phone,annotator,Behavioral Parameters,2022-06-11 01:27:11,2022-06-11 01:28:08
2022-06-11 10:38:48,2022-06-11 10:39:02,Located_Indoors, Holding_Other_Object_Light,annotator,Behavioral Parameters,2022-06-11 01:28:08,2022-06-11 01:28:22
2022-06-11 10:39:02,2022-06-11 10:42:21,Located_Indoors, Texting/Browsing_Phone,annotator,Behavioral Parameters,2022-06-11 01:28:22,2022-06-11 01:31:41
2022-06-11 10:42:21,2022-06-11 10:45:05,Located_Indoors, Holding_Other_Object_Light,annotator,Behavioral Parameters,2022-06-11 01:31:41,2022-06-11 01:34:25
2022-06-11 10:45:05,2022-06-11 10:49:38,Located_Indoors, Texting/Browsing_Phone,annotator,Behavioral Parameters,2022-06-11 01:34:25,2022-06-11 01:38:58
2022-06-11 10:49:38,2022-06-11 10:50:37,Located_Indoors, Holding_Other_Object_Light,annotator,Behavioral Parameters,2022-06-11 01:38:58,2022-06-11 01:39:57
2022-06-11 10:50:37,2022-06-11 10:53:13,Located_Indoors, Texting/Browsing_Phone,annotator,Behavioral Parameters,2022-06-11 01:39:57,2022-06-11 01:42:33
2022-06-11 10:53:13,2022-06-11 10:54:17,Located_Indoors, Holding_Other_Object_Light,annotator,Behavioral Parameters,2022-06-11 01:42:33,2022-06-11 01:43:37
2022-06-11 10:54:17,2022-06-11 10:55:08,Located_Indoors, Texting/Browsing_Phone,annotator,Behavioral Parameters,2022-06-11 01:43:37,2022-06-11 01:44:28
2022-06-11 10:55:08,2022-06-11 10:56:08,Located_Indoors, Holding_Other_Object_Light,annotator,Behavioral Parameters,2022-06-11 01:44:28,2022-06-11 01:45:28
2022-06-11 10:56:08,2022-06-11 10:56:43,Located_Indoors, Texting/Browsing_Phone,annotator,Behavioral Parameters,2022-06-11 01:45:28,2022-06-11 01:46:03
2022-06-11 10:56:43,2022-06-11 11:00:58,Located_Indoors, Holding_Other_Object_Light,annotator,Behavioral Parameters,2022-06-11 01:46:03,2022-06-11 01:50:18
2022-06-11 11:00:58,2022-06-11 11:01:33,Located_Indoors, Texting/Browsing_Phone,annotator,Behavioral Parameters,2022-06-11 01:50:18,2022-06-11 01:50:53
2022-06-11 11:01:33,2022-06-11 11:02:52,Located_Indoors, Holding_Other_Object_Light,annotator,Behavioral Parameters,2022-06-11 01:50:53,2022-06-11 01:52:12
2022-06-11 11:02:52,2022-06-11 11:03:09,Located_Indoors, Texting/Browsing_Phone,annotator,Behavioral Parameters,2022-06-11 01:52:12,2022-06-11 01:52:29
2022-06-11 11:03:09,2022-06-11 11:04:47,Located_Indoors, Holding_Other_Object_Light,annotator,Behavioral Parameters,2022-06-11 01:52:29,2022-06-11 01:54:07
2022-06-11 11:04:47,2022-06-11 11:05:39,Located_Indoors, Texting/Browsing_Phone,annotator,Behavioral Parameters,2022-06-11 01:54:07,2022-06-11 01:54:59
2022-06-11 11:05:39,2022-06-11 11:10:22,Located_Indoors, Holding_Other_Object_Light,annotator,Behavioral Parameters,2022-06-11 01:54:59,2022-06-11 01:59:42
2022-06-11 11:10:22,2022-06-11 11:10:46,Located_Indoors, Texting/Browsing_Phone,annotator,Behavioral Parameters,2022-06-11 01:59:42,2022-06-11 02:00:06
2022-06-11 11:10:48,2022-06-11 11:12:56,Located_Indoors, Holding_Other_Object_Light,annotator,Behavioral Parameters,2022-06-11 02:00:08,2022-06-11 02:02:16
2022-06-11 11:12:56,2022-06-11 11:15:00,Located_Indoors, Texting/Browsing_Phone,annotator,Behavioral Parameters,2022-06-11 02:02:16,2022-06-11 02:04:20
2022-06-11 11:15:00,2022-06-11 11:15:58,Located_Indoors, Holding_Other_Object_Light,annotator,Behavioral Parameters,2022-06-11 02:04:20,2022-06-11 02:05:18
2022-06-11 11:15:58,2022-06-11 11:36:38,Located_Indoors, Texting/Browsing_Phone,annotator,Behavioral Parameters,2022-06-11 02:05:18,2022-06-11 02:25:58
2022-06-11 11:36:38,2022-06-11 11:37:29,Located_Indoors, Holding_Other_Object_Light,annotator,Behavioral Parameters,2022-06-11 02:25:58,2022-06-11 02:26:49
2022-06-11 11:37:29,2022-06-11 11:43:33,Located_Indoors, Texting/Browsing_Phone,annotator,Behavioral Parameters,2022-06-11 02:26:49,2022-06-11 02:32:53
2022-06-11 11:43:35,2022-06-11 11:45:58,Located_Indoors, Holding_Other_Object_Light,annotator,Behavioral Parameters,2022-06-11 02:32:55,2022-06-11 02:35:18
2022-06-11 11:45:58,2022-06-11 11:50:31,Located_Indoors, Holding_Other_Object_Light,annotator,Behavioral Parameters,2022-06-11 02:35:18,2022-06-11 02:39:51
2022-06-11 11:50:31,2022-06-11 11:52:19,Located_Indoors, Texting/Browsing_Phone,annotator,Behavioral Parameters,2022-06-11 02:39:51,2022-06-11 02:41:39
2022-06-11 11:52:19,2022-06-11 11:58:40,Located_Indoors, Holding_Other_Object_Light,annotator,Behavioral Parameters,2022-06-11 02:41:39,2022-06-11 02:48:00
2022-06-11 11:58:40,2022-06-11 12:07:12,Located_Indoors, Texting/Browsing_Phone,annotator,Behavioral Parameters,2022-06-11 02:48:00,2022-06-11 02:56:32
2022-06-11 12:07:12,2022-06-11 12:08:22,Located_Indoors, Holding_Other_Object_Light,annotator,Behavioral Parameters,2022-06-11 02:56:32,2022-06-11 02:57:42
2022-06-11 12:08:22,2022-06-11 12:15:32,Located_Indoors, Texting/Browsing_Phone,annotator,Behavioral Parameters,2022-06-11 02:57:42,2022-06-11 03:04:52
2022-06-11 12:15:35,2022-06-11 12:16:10,Located_Indoors, Holding_Other_Object_Light,annotator,Behavioral Parameters,2022-06-11 03:04:55,2022-06-11 03:05:30
2022-06-11 12:16:10,2022-06-11 12:16:20,Located_Indoors, Holding_Other_Object_Light,annotator,Behavioral Parameters,2022-06-11 03:05:30,2022-06-11 03:05:40
2022-06-11 12:16:24,2022-06-11 12:16:40,Located_Indoors, Texting/Browsing_Phone,annotator,Behavioral Parameters,2022-06-11 03:05:44,2022-06-11 03:06:00
2022-06-11 12:16:40,2022-06-11 12:18:55,Located_Indoors, Holding_Other_Object_Light,annotator,Behavioral Parameters,2022-06-11 03:06:00,2022-06-11 03:08:15
2022-06-11 12:18:56,2022-06-11 12:19:01,Located_Indoors, Holding_Other_Object_Light,annotator,Behavioral Parameters,2022-06-11 03:08:16,2022-06-11 03:08:21
2022-06-11 12:19:01,2022-06-11 12:19:18,Located_Indoors, Holding_Other_Object_Light,annotator,Behavioral Parameters,2022-06-11 03:08:21,2022-06-11 03:08:38
2022-06-11 12:19:18,2022-06-11 12:19:32,Located_Indoors, Holding_Other_Object_Light,annotator,Behavioral Parameters,2022-06-11 03:08:38,2022-06-11 03:08:52
2022-06-11 12:19:32,2022-06-11 12:19:40,Located_Indoors,annotator,Behavioral Parameters,2022-06-11 03:08:52,2022-06-11 03:09:00
2022-06-11 12:19:40,2022-06-11 12:19:46,Located_Indoors,annotator,Behavioral Parameters,2022-06-11 03:09:00,2022-06-11 03:09:06
2022-06-11 12:19:46,2022-06-11 12:19:54,Located_Indoors,annotator,Behavioral Parameters,2022-06-11 03:09:06,2022-06-11 03:09:14
2022-06-11 12:19:54,2022-06-11 12:19:59,Located_Indoors,annotator,Behavioral Parameters,2022-06-11 03:09:14,2022-06-11 03:09:19
2022-06-11 12:19:59,2022-06-11 12:20:40,Located_Indoors,annotator,Behavioral Parameters,2022-06-11 03:09:19,2022-06-11 03:10:00
2022-06-11 12:20:40,2022-06-11 12:20:50,Located_Indoors,annotator,Behavioral Parameters,2022-06-11 03:10:00,2022-06-11 03:10:10
2022-06-11 12:20:50,2022-06-11 12:21:26,Located_Indoors, Holding_Other_Object_Light,annotator,Behavioral Parameters,2022-06-11 03:10:10,2022-06-11 03:10:46
2022-06-11 12:21:26,2022-06-11 12:21:36,Located_Indoors, Holding_Other_Object_Light,annotator,Behavioral Parameters,2022-06-11 03:10:46,2022-06-11 03:10:56
2022-06-11 12:21:36,2022-06-11 12:21:56,Located_Indoors, Holding_Other_Object_Light,annotator,Behavioral Parameters,2022-06-11 03:10:56,2022-06-11 03:11:16
2022-06-11 12:21:56,2022-06-11 12:22:12,Located_Indoors, Holding_Other_Object_Light,annotator,Behavioral Parameters,2022-06-11 03:11:16,2022-06-11 03:11:32
2022-06-11 12:22:12,2022-06-11 12:22:21,Located_Indoors, Holding_Other_Object_Light,annotator,Behavioral Parameters,2022-06-11 03:11:32,2022-06-11 03:11:41
2022-06-11 12:22:21,2022-06-11 12:22:26,Located_Indoors, Holding_Other_Object_Light,annotator,Behavioral Parameters,2022-06-11 03:11:41,2022-06-11 03:11:46
2022-06-11 12:22:26,2022-06-11 12:22:33,Located_Indoors, Holding_Other_Object_Light,annotator,Behavioral Parameters,2022-06-11 03:11:46,2022-06-11 03:11:53
2022-06-11 12:22:33,2022-06-11 12:22:38,Located_Indoors, Holding_Other_Object_Light,annotator,Behavioral Parameters,2022-06-11 03:11:53,2022-06-11 03:11:58
2022-06-11 12:22:38,2022-06-11 12:22:46,Located_Indoors, Holding_Other_Object_Light,annotator,Behavioral Parameters,2022-06-11 03:11:58,2022-06-11 03:12:06
2022-06-11 12:22:46,2022-06-11 12:22:54,Located_Indoors, Holding_Other_Object_Light,annotator,Behavioral Parameters,2022-06-11 03:12:06,2022-06-11 03:12:14
2022-06-11 12:22:54,2022-06-11 12:22:58,Located_Indoors, Holding_Other_Object_Light,annotator,Behavioral Parameters,2022-06-11 03:12:14,2022-06-11 03:12:18
2022-06-11 12:23:00,2022-06-11 12:23:35,Located_Indoors, Texting/Browsing_Phone,annotator,Behavioral Parameters,2022-06-11 03:12:20,2022-06-11 03:12:55
2022-06-11 12:23:35,2022-06-11 12:23:49,Located_Indoors, Holding_Other_Object_Light,annotator,Behavioral Parameters,2022-06-11 03:12:55,2022-06-11 03:13:09
2022-06-11 12:23:49,2022-06-11 12:27:03,Located_Indoors, Texting/Browsing_Phone,annotator,Behavioral Parameters,2022-06-11 03:13:09,2022-06-11 03:16:23
2022-06-11 12:27:03,2022-06-11 12:27:08,Located_Indoors, Holding_Other_Object_Light,annotator,Behavioral Parameters,2022-06-11 03:16:23,2022-06-11 03:16:28
2022-06-11 12:27:08,2022-06-11 12:27:21,Located_Indoors, Texting/Browsing_Phone,annotator,Behavioral Parameters,2022-06-11 03:16:28,2022-06-11 03:16:41
2022-06-11 12:27:21,2022-06-11 12:29:27,Located_Indoors, Holding_Other_Object_Light,annotator,Behavioral Parameters,2022-06-11 03:16:41,2022-06-11 03:18:47
2022-06-11 12:29:27,2022-06-11 12:29:39,Located_Indoors, Holding_Other_Object_Light, Texting/Browsing_Phone,annotator,Behavioral Parameters,2022-06-11 03:18:47,2022-06-11 03:18:59
2022-06-11 12:29:39,2022-06-11 12:39:59,Located_Indoors, Holding_Other_Object_Light,annotator,Behavioral Parameters,2022-06-11 03:18:59,2022-06-11 03:29:19
2022-06-11 12:39:59,2022-06-11 12:42:05,Located_Indoors, Texting/Browsing_Phone,annotator,Behavioral Parameters,2022-06-11 03:29:19,2022-06-11 03:31:25
2022-06-11 12:42:05,2022-06-11 12:58:36,Located_Indoors, Holding_Other_Object_Light,annotator,Behavioral Parameters,2022-06-11 03:31:25,2022-06-11 03:47:56
2022-06-11 12:58:36,2022-06-11 12:59:15,Located_Indoors, Holding_Other_Object_Light, Texting/Browsing_Phone,annotator,Behavioral Parameters,2022-06-11 03:47:56,2022-06-11 03:48:35
2022-06-11 12:59:15,2022-06-11 13:00:58,Located_Indoors, Texting/Browsing_Phone,annotator,Behavioral Parameters,2022-06-11 03:48:35,2022-06-11 03:50:18
2022-06-11 13:00:59,2022-06-11 13:10:28,Located_Indoors, Texting/Browsing_Phone,annotator,Behavioral Parameters,2022-06-11 03:50:19,2022-06-11 03:59:48
2022-06-11 13:10:28,2022-06-11 13:13:22,Located_Indoors,annotator,Behavioral Parameters,2022-06-11 03:59:48,2022-06-11 04:02:42
2022-06-11 13:13:22,2022-06-11 13:14:05,Located_Indoors, Texting/Browsing_Phone,annotator,Behavioral Parameters,2022-06-11 04:02:42,2022-06-11 04:03:25
2022-06-11 13:14:05,2022-06-11 13:17:12,Located_Indoors, On_Phone_Call,annotator,Behavioral Parameters,2022-06-11 04:03:25,2022-06-11 04:06:32
2022-06-11 13:17:12,2022-06-11 13:21:49,Located_Indoors, Texting/Browsing_Phone,annotator,Behavioral Parameters,2022-06-11 04:06:32,2022-06-11 04:11:09
2022-06-11 13:21:49,2022-06-11 13:26:42,Located_Indoors, On_Phone_Call,annotator,Behavioral Parameters,2022-06-11 04:11:09,2022-06-11 04:16:02
2022-06-11 13:26:42,2022-06-11 13:27:08,Located_Indoors, Texting/Browsing_Phone,annotator,Behavioral Parameters,2022-06-11 04:16:02,2022-06-11 04:16:28
2022-06-11 13:27:08,2022-06-11 13:30:38,Located_Indoors, Holding_Other_Object_Light, On_Phone_Call,annotator,Behavioral Parameters,2022-06-11 04:16:28,2022-06-11 04:19:58
2022-06-11 13:30:38,2022-06-11 13:33:00,Located_Indoors, Texting/Browsing_Phone,annotator,Behavioral Parameters,2022-06-11 04:19:58,2022-06-11 04:22:20
2022-06-11 13:33:02,2022-06-11 13:33:13,Located_Indoors,annotator,Behavioral Parameters,2022-06-11 04:22:22,2022-06-11 04:22:33
2022-06-11 13:33:13,2022-06-11 13:33:29,Located_Indoors,annotator,Behavioral Parameters,2022-06-11 04:22:33,2022-06-11 04:22:49
2022-06-11 13:33:29,2022-06-11 13:33:32,Located_Indoors,annotator,Behavioral Parameters,2022-06-11 04:22:49,2022-06-11 04:22:52
2022-06-11 13:33:32,2022-06-11 13:33:50,Located_Indoors,annotator,Behavioral Parameters,2022-06-11 04:22:52,2022-06-11 04:23:10
2022-06-11 13:33:50,2022-06-11 13:33:57,Located_Indoors,annotator,Behavioral Parameters,2022-06-11 04:23:10,2022-06-11 04:23:17
2022-06-11 13:33:57,2022-06-11 13:34:02,Located_Indoors, Holding_Other_Object_Light,annotator,Behavioral Parameters,2022-06-11 04:23:17,2022-06-11 04:23:22
2022-06-11 13:34:02,2022-06-11 13:34:38,Located_Indoors, In_Conversation,annotator,Behavioral Parameters,2022-06-11 04:23:22,2022-06-11 04:23:58
2022-06-11 13:34:38,2022-06-11 13:34:48,Located_Indoors, In_Conversation,annotator,Behavioral Parameters,2022-06-11 04:23:58,2022-06-11 04:24:08
2022-06-11 13:34:48,2022-06-11 13:35:28,Located_Indoors, Holding_Other_Object_Light, In_Conversation,annotator,Behavioral Parameters,2022-06-11 04:24:08,2022-06-11 04:24:48
2022-06-11 13:35:28,2022-06-11 13:35:39,Located_Indoors, Holding_Other_Object_Light, In_Conversation,annotator,Behavioral Parameters,2022-06-11 04:24:48,2022-06-11 04:24:59
2022-06-11 13:35:39,2022-06-11 13:36:14,Located_Indoors, Holding_Other_Object_Light, In_Conversation,annotator,Behavioral Parameters,2022-06-11 04:24:59,2022-06-11 04:25:34
2022-06-11 13:36:14,2022-06-11 13:36:22,Located_Indoors, Holding_Other_Object_Light, In_Conversation,annotator,Behavioral Parameters,2022-06-11 04:25:34,2022-06-11 04:25:42
2022-06-11 13:36:22,2022-06-11 13:36:46,Located_Indoors, Holding_Other_Object_Light, In_Conversation,annotator,Behavioral Parameters,2022-06-11 04:25:42,2022-06-11 04:26:06
2022-06-11 13:36:46,2022-06-11 13:36:52,Located_Indoors, Holding_Other_Object_Light, In_Conversation,annotator,Behavioral Parameters,2022-06-11 04:26:06,2022-06-11 04:26:12
2022-06-11 13:36:52,2022-06-11 13:37:17,Located_Indoors, Holding_Other_Object_Light, In_Conversation,annotator,Behavioral Parameters,2022-06-11 04:26:12,2022-06-11 04:26:37
2022-06-11 13:37:17,2022-06-11 13:37:27,Located_Indoors, Holding_Other_Object_Light, In_Conversation,annotator,Behavioral Parameters,2022-06-11 04:26:37,2022-06-11 04:26:47
2022-06-11 13:37:27,2022-06-11 13:37:42,Located_Indoors, Holding_Other_Object_Light, In_Conversation,annotator,Behavioral Parameters,2022-06-11 04:26:47,2022-06-11 04:27:02
2022-06-11 13:37:42,2022-06-11 13:37:51,Located_Indoors, Holding_Other_Object_Light, In_Conversation,annotator,Behavioral Parameters,2022-06-11 04:27:02,2022-06-11 04:27:11
2022-06-11 13:37:51,2022-06-11 13:38:01,Located_Indoors, Holding_Other_Object_Light, In_Conversation,annotator,Behavioral Parameters,2022-06-11 04:27:11,2022-06-11 04:27:21
2022-06-11 13:38:01,2022-06-11 13:38:10,Located_Indoors,annotator,Behavioral Parameters,2022-06-11 04:27:21,2022-06-11 04:27:30
2022-06-11 13:38:10,2022-06-11 13:38:15,Located_Indoors,annotator,Behavioral Parameters,2022-06-11 04:27:30,2022-06-11 04:27:35
2022-06-11 13:38:15,2022-06-11 13:39:25,Located_Indoors, Holding_Other_Object_Light,annotator,Behavioral Parameters,2022-06-11 04:27:35,2022-06-11 04:28:45
2022-06-11 13:39:25,2022-06-11 13:40:19,Located_Indoors, Holding_Other_Object_Light,annotator,Behavioral Parameters,2022-06-11 04:28:45,2022-06-11 04:29:39
2022-06-11 13:40:19,2022-06-11 13:40:27,Located_Indoors, Holding_Other_Object_Light,annotator,Behavioral Parameters,2022-06-11 04:29:39,2022-06-11 04:29:47
2022-06-11 13:40:27,2022-06-11 13:41:16,Located_Indoors, Holding_Other_Object_Light,annotator,Behavioral Parameters,2022-06-11 04:29:47,2022-06-11 04:30:36
2022-06-11 13:41:16,2022-06-11 13:41:18,Located_Indoors, Holding_Other_Object_Light,annotator,Behavioral Parameters,2022-06-11 04:30:36,2022-06-11 04:30:38
2022-06-11 13:41:18,2022-06-11 13:41:26,Located_Indoors, Holding_Other_Object_Light,annotator,Behavioral Parameters,2022-06-11 04:30:38,2022-06-11 04:30:46
2022-06-11 13:41:26,2022-06-11 13:41:28,Located_Indoors, Holding_Other_Object_Light,annotator,Behavioral Parameters,2022-06-11 04:30:46,2022-06-11 04:30:48
2022-06-11 13:41:28,2022-06-11 13:41:35,Located_Indoors, Holding_Other_Object_Light,annotator,Behavioral Parameters,2022-06-11 04:30:48,2022-06-11 04:30:55
2022-06-11 13:41:35,2022-06-11 13:41:42,Located_Indoors, Holding_Other_Object_Light,annotator,Behavioral Parameters,2022-06-11 04:30:55,2022-06-11 04:31:02
2022-06-11 13:41:42,2022-06-11 13:41:58,Located_Indoors, Holding_Other_Object_Light,annotator,Behavioral Parameters,2022-06-11 04:31:02,2022-06-11 04:31:18
2022-06-11 13:41:58,2022-06-11 13:42:01,Located_Indoors, Holding_Other_Object_Light,annotator,Behavioral Parameters,2022-06-11 04:31:18,2022-06-11 04:31:21
2022-06-11 13:42:01,2022-06-11 13:42:13,Located_Indoors, Holding_Other_Object_Light,annotator,Behavioral Parameters,2022-06-11 04:31:21,2022-06-11 04:31:33
2022-06-11 13:42:13,2022-06-11 13:42:15,Located_Indoors, Holding_Other_Object_Light,annotator,Behavioral Parameters,2022-06-11 04:31:33,2022-06-11 04:31:35
2022-06-11 13:42:15,2022-06-11 13:43:22,Located_Indoors, Holding_Other_Object_Light,annotator,Behavioral Parameters,2022-06-11 04:31:35,2022-06-11 04:32:42
2022-06-11 13:43:22,2022-06-11 13:43:30,Located_Indoors, Holding_Other_Object_Light,annotator,Behavioral Parameters,2022-06-11 04:32:42,2022-06-11 04:32:50
2022-06-11 13:43:30,2022-06-11 13:44:13,Located_Indoors, Holding_Other_Object_Light,annotator,Behavioral Parameters,2022-06-11 04:32:50,2022-06-11 04:33:33
2022-06-11 13:44:13,2022-06-11 13:44:18,Located_Indoors, Holding_Other_Object_Light,annotator,Behavioral Parameters,2022-06-11 04:33:33,2022-06-11 04:33:38
2022-06-11 13:44:18,2022-06-11 13:44:22,Located_Indoors, Holding_Other_Object_Light,annotator,Behavioral Parameters,2022-06-11 04:33:38,2022-06-11 04:33:42
2022-06-11 13:44:22,2022-06-11 13:44:35,Located_Indoors, Holding_Other_Object_Light,annotator,Behavioral Parameters,2022-06-11 04:33:42,2022-06-11 04:33:55
2022-06-11 13:44:35,2022-06-11 13:44:54,Located_Indoors, Holding_Other_Object_Light,annotator,Behavioral Parameters,2022-06-11 04:33:55,2022-06-11 04:34:14
2022-06-11 13:44:55,2022-06-11 13:45:00,Located_Indoors, Holding_Other_Object_Light,annotator,Behavioral Parameters,2022-06-11 04:34:15,2022-06-11 04:34:20
2022-06-11 13:45:02,2022-06-11 13:45:09,Located_Indoors,annotator,Behavioral Parameters,2022-06-11 04:34:22,2022-06-11 04:34:29
2022-06-11 13:45:09,2022-06-11 13:46:27,Located_Indoors, Holding_Solid_Food, Texting/Browsing_Phone,annotator,Behavioral Parameters,2022-06-11 04:34:29,2022-06-11 04:35:47
2022-06-11 13:46:27,2022-06-11 13:46:48,Located_Indoors, Texting/Browsing_Phone,annotator,Behavioral Parameters,2022-06-11 04:35:47,2022-06-11 04:36:08
2022-06-11 13:46:48,2022-06-11 13:48:36,Located_Indoors, Texting/Browsing_Phone, Holding_Solid_Food,annotator,Behavioral Parameters,2022-06-11 04:36:08,2022-06-11 04:37:56
2022-06-11 13:48:36,2022-06-11 13:48:49,Located_Indoors, Texting/Browsing_Phone,annotator,Behavioral Parameters,2022-06-11 04:37:56,2022-06-11 04:38:09
2022-06-11 13:48:49,2022-06-11 13:49:26,Located_Indoors, Texting/Browsing_Phone, Holding_Solid_Food,annotator,Behavioral Parameters,2022-06-11 04:38:09,2022-06-11 04:38:46
2022-06-11 13:49:26,2022-06-11 13:49:58,Located_Indoors, Texting/Browsing_Phone,annotator,Behavioral Parameters,2022-06-11 04:38:46,2022-06-11 04:39:18
2022-06-11 13:49:58,2022-06-11 13:50:24,Located_Indoors, Texting/Browsing_Phone, Holding_Solid_Food,annotator,Behavioral Parameters,2022-06-11 04:39:18,2022-06-11 04:39:44
2022-06-11 13:50:24,2022-06-11 13:51:37,Located_Indoors, Texting/Browsing_Phone,annotator,Behavioral Parameters,2022-06-11 04:39:44,2022-06-11 04:40:57
2022-06-11 13:51:39,2022-06-11 13:52:01,Located_Indoors, Holding_Other_Object_Light,annotator,Behavioral Parameters,2022-06-11 04:40:59,2022-06-11 04:41:21
2022-06-11 13:52:01,2022-06-11 13:52:12,Located_Indoors, Holding_Solid_Food,annotator,Behavioral Parameters,2022-06-11 04:41:21,2022-06-11 04:41:32
2022-06-11 13:52:12,2022-06-11 13:52:28,Located_Indoors, Holding_Solid_Food, Holding_Other_Object_Light,annotator,Behavioral Parameters,2022-06-11 04:41:32,2022-06-11 04:41:48
2022-06-11 13:52:28,2022-06-11 13:52:50,Located_Indoors, Holding_Other_Object_Light, Texting/Browsing_Phone,annotator,Behavioral Parameters,2022-06-11 04:41:48,2022-06-11 04:42:10
2022-06-11 13:52:50,2022-06-11 13:53:06,Located_Indoors, Holding_Solid_Food,annotator,Behavioral Parameters,2022-06-11 04:42:10,2022-06-11 04:42:26
2022-06-11 13:53:06,2022-06-11 13:54:04,Located_Indoors, Holding_Solid_Food, Texting/Browsing_Phone,annotator,Behavioral Parameters,2022-06-11 04:42:26,2022-06-11 04:43:24
2022-06-11 13:54:04,2022-06-11 13:54:56,Located_Indoors, Texting/Browsing_Phone,annotator,Behavioral Parameters,2022-06-11 04:43:24,2022-06-11 04:44:16
2022-06-11 13:54:56,2022-06-11 13:57:46,Located_Indoors, Holding_Other_Object_Light,annotator,Behavioral Parameters,2022-06-11 04:44:16,2022-06-11 04:47:06
2022-06-11 13:57:46,2022-06-11 13:58:38,Located_Indoors, Texting/Browsing_Phone,annotator,Behavioral Parameters,2022-06-11 04:47:06,2022-06-11 04:47:58
2022-06-11 13:58:38,2022-06-11 13:59:50,Located_Indoors, Holding_Other_Object_Light,annotator,Behavioral Parameters,2022-06-11 04:47:58,2022-06-11 04:49:10
2022-06-11 13:59:50,2022-06-11 14:00:11,Located_Indoors, Texting/Browsing_Phone,annotator,Behavioral Parameters,2022-06-11 04:49:10,2022-06-11 04:49:31
2022-06-11 14:00:11,2022-06-11 14:03:01,Located_Indoors, Holding_Other_Object_Light,annotator,Behavioral Parameters,2022-06-11 04:49:31,2022-06-11 04:52:21
2022-06-11 14:03:02,2022-06-11 14:03:16,Located_Indoors, Holding_Other_Object_Light,annotator,Behavioral Parameters,2022-06-11 04:52:22,2022-06-11 04:52:36
2022-06-11 14:03:16,2022-06-11 14:03:25,Located_Indoors, Holding_Other_Object_Light,annotator,Behavioral Parameters,2022-06-11 04:52:36,2022-06-11 04:52:45
2022-06-11 14:03:25,2022-06-11 14:03:31,Located_Indoors, Holding_Other_Object_Light,annotator,Behavioral Parameters,2022-06-11 04:52:45,2022-06-11 04:52:51
2022-06-11 14:03:31,2022-06-11 14:08:29,BP_VideoUnavailable/Indecipherable,annotator,Behavioral Parameters,2022-06-11 04:52:51,2022-06-11 04:57:49
2022-06-11 14:08:29,2022-06-11 14:08:36,Located_Indoors, Holding_Other_Object_Light,annotator,Behavioral Parameters,2022-06-11 04:57:49,2022-06-11 04:57:56
2022-06-11 14:08:36,2022-06-11 14:09:13,Located_Indoors, Holding_Other_Object_Light,annotator,Behavioral Parameters,2022-06-11 04:57:56,2022-06-11 04:58:33
2022-06-11 14:09:13,2022-06-11 14:09:19,Located_Indoors, Holding_Other_Object_Light,annotator,Behavioral Parameters,2022-06-11 04:58:33,2022-06-11 04:58:39
2022-06-11 14:09:19,2022-06-11 14:09:23,Located_Indoors, Holding_Other_Object_Light,annotator,Behavioral Parameters,2022-06-11 04:58:39,2022-06-11 04:58:43
2022-06-11 14:09:23,2022-06-11 14:09:27,Located_Indoors, Holding_Other_Object_Light,annotator,Behavioral Parameters,2022-06-11 04:58:43,2022-06-11 04:58:47
2022-06-11 14:09:27,2022-06-11 14:09:34,Located_Indoors, Holding_Other_Object_Light,annotator,Behavioral Parameters,2022-06-11 04:58:47,2022-06-11 04:58:54
2022-06-11 14:09:34,2022-06-11 14:09:40,Located_Indoors, Holding_Other_Object_Light,annotator,Behavioral Parameters,2022-06-11 04:58:54,2022-06-11 04:59:00
2022-06-11 14:09:40,2022-06-11 14:09:53,Located_Indoors, Holding_Other_Object_Light,annotator,Behavioral Parameters,2022-06-11 04:59:00,2022-06-11 04:59:13
2022-06-11 14:09:53,2022-06-11 14:10:04,Located_Indoors, Texting/Browsing_Phone,annotator,Behavioral Parameters,2022-06-11 04:59:13,2022-06-11 04:59:24
2022-06-11 14:10:04,2022-06-11 14:10:22,Located_Indoors, Holding_Other_Object_Light,annotator,Behavioral Parameters,2022-06-11 04:59:24,2022-06-11 04:59:42
2022-06-11 14:10:22,2022-06-11 14:10:43,Located_Indoors, Holding_Other_Object_Light,annotator,Behavioral Parameters,2022-06-11 04:59:42,2022-06-11 05:00:03
2022-06-11 14:10:43,2022-06-11 14:10:47,Holding_Other_Object_Light, Located_Outdoors,annotator,Behavioral Parameters,2022-06-11 05:00:03,2022-06-11 05:00:07
2022-06-11 14:10:47,2022-06-11 14:10:56,Holding_Other_Object_Light, Located_Outdoors,annotator,Behavioral Parameters,2022-06-11 05:00:07,2022-06-11 05:00:16
2022-06-11 14:10:56,2022-06-11 14:13:07,Located_Outdoors, In_Conversation,annotator,Behavioral Parameters,2022-06-11 05:00:16,2022-06-11 05:02:27
2022-06-11 14:13:07,2022-06-11 14:13:56,Located_Outdoors, In_Conversation,annotator,Behavioral Parameters,2022-06-11 05:02:27,2022-06-11 05:03:16
2022-06-11 14:13:56,2022-06-11 14:14:12,Located_Outdoors, In_Conversation,annotator,Behavioral Parameters,2022-06-11 05:03:16,2022-06-11 05:03:32
2022-06-11 14:14:12,2022-06-11 14:14:14,Located_Outdoors, In_Conversation, Holding_Other_Object_Light,annotator,Behavioral Parameters,2022-06-11 05:03:32,2022-06-11 05:03:34
2022-06-11 14:14:14,2022-06-11 14:15:49,Located_Outdoors, In_Conversation, Holding_Other_Object_Light,annotator,Behavioral Parameters,2022-06-11 05:03:34,2022-06-11 05:05:09
2022-06-11 14:15:49,2022-06-11 14:16:16,Located_Outdoors, In_Conversation, Texting/Browsing_Phone,annotator,Behavioral Parameters,2022-06-11 05:05:09,2022-06-11 05:05:36
2022-06-11 14:16:16,2022-06-11 14:20:06,Located_Outdoors, In_Conversation, Holding_Other_Object_Light,annotator,Behavioral Parameters,2022-06-11 05:05:36,2022-06-11 05:09:26
2022-06-11 14:20:06,2022-06-11 14:20:51,Located_Outdoors, In_Conversation, Texting/Browsing_Phone,annotator,Behavioral Parameters,2022-06-11 05:09:26,2022-06-11 05:10:11
2022-06-11 14:20:51,2022-06-11 14:22:20,Located_Outdoors, In_Conversation, Holding_Other_Object_Light,annotator,Behavioral Parameters,2022-06-11 05:10:11,2022-06-11 05:11:40
2022-06-11 14:22:20,2022-06-11 14:22:42,Located_Outdoors, In_Conversation, Holding_Other_Object_Light,annotator,Behavioral Parameters,2022-06-11 05:11:40,2022-06-11 05:12:02
2022-06-11 14:22:42,2022-06-11 14:22:51,Located_Outdoors, In_Conversation, Holding_Other_Object_Light,annotator,Behavioral Parameters,2022-06-11 05:12:02,2022-06-11 05:12:11
2022-06-11 14:22:51,2022-06-11 14:22:59,Located_Outdoors, In_Conversation, Holding_Other_Object_Light,annotator,Behavioral Parameters,2022-06-11 05:12:11,2022-06-11 05:12:19
2022-06-11 14:22:59,2022-06-11 14:23:02,Located_Outdoors, In_Conversation, Texting/Browsing_Phone,annotator,Behavioral Parameters,2022-06-11 05:12:19,2022-06-11 05:12:22
2022-06-11 14:23:02,2022-06-11 14:24:31,Located_Outdoors, In_Conversation,annotator,Behavioral Parameters,2022-06-11 05:12:22,2022-06-11 05:13:51
2022-06-11 14:24:31,2022-06-11 14:24:44,Located_Outdoors, In_Conversation,annotator,Behavioral Parameters,2022-06-11 05:13:51,2022-06-11 05:14:04
2022-06-11 14:24:44,2022-06-11 14:25:41,Located_Outdoors, In_Conversation,annotator,Behavioral Parameters,2022-06-11 05:14:04,2022-06-11 05:15:01
2022-06-11 14:25:41,2022-06-11 14:25:54,Located_Outdoors, In_Conversation, Holding_Other_Object_Light,annotator,Behavioral Parameters,2022-06-11 05:15:01,2022-06-11 05:15:14
2022-06-11 14:25:54,2022-06-11 14:26:28,Located_Outdoors, In_Conversation, Holding_Drink,annotator,Behavioral Parameters,2022-06-11 05:15:14,2022-06-11 05:15:48
2022-06-11 14:26:28,2022-06-11 14:26:40,Located_Outdoors, In_Conversation, Holding_Drink,annotator,Behavioral Parameters,2022-06-11 05:15:48,2022-06-11 05:16:00
2022-06-11 14:26:40,2022-06-11 14:26:46,Located_Outdoors, In_Conversation,annotator,Behavioral Parameters,2022-06-11 05:16:00,2022-06-11 05:16:06
2022-06-11 14:26:46,2022-06-11 14:26:53,Located_Outdoors, In_Conversation,annotator,Behavioral Parameters,2022-06-11 05:16:06,2022-06-11 05:16:13
2022-06-11 14:26:53,2022-06-11 14:27:01,Located_Outdoors, In_Conversation, Holding_Other_Object_Light,annotator,Behavioral Parameters,2022-06-11 05:16:13,2022-06-11 05:16:21
2022-06-11 14:27:02,2022-06-11 14:27:29,Located_Outdoors, In_Conversation, Holding_Other_Object_Light,annotator,Behavioral Parameters,2022-06-11 05:16:22,2022-06-11 05:16:49
2022-06-11 14:27:29,2022-06-11 14:29:39,Located_Outdoors, In_Conversation,annotator,Behavioral Parameters,2022-06-11 05:16:49,2022-06-11 05:18:59
2022-06-11 14:29:39,2022-06-11 14:29:44,Located_Outdoors, In_Conversation, Texting/Browsing_Phone,annotator,Behavioral Parameters,2022-06-11 05:18:59,2022-06-11 05:19:04
2022-06-11 14:29:44,2022-06-11 14:30:00,Located_Outdoors, In_Conversation,annotator,Behavioral Parameters,2022-06-11 05:19:04,2022-06-11 05:19:20
2022-06-11 14:30:00,2022-06-11 14:30:23,Located_Outdoors, In_Conversation, Texting/Browsing_Phone,annotator,Behavioral Parameters,2022-06-11 05:19:20,2022-06-11 05:19:43
2022-06-11 14:30:23,2022-06-11 14:30:25,Located_Outdoors, In_Conversation, Texting/Browsing_Phone,annotator,Behavioral Parameters,2022-06-11 05:19:43,2022-06-11 05:19:45
2022-06-11 14:30:25,2022-06-11 14:30:44,Located_Outdoors, In_Conversation,annotator,Behavioral Parameters,2022-06-11 05:19:45,2022-06-11 05:20:04
2022-06-11 14:30:44,2022-06-11 14:31:19,Located_Outdoors, In_Conversation,annotator,Behavioral Parameters,2022-06-11 05:20:04,2022-06-11 05:20:39
2022-06-11 14:31:19,2022-06-11 14:31:26,Located_Outdoors, In_Conversation,annotator,Behavioral Parameters,2022-06-11 05:20:39,2022-06-11 05:20:46
2022-06-11 14:31:26,2022-06-11 14:31:41,Located_Outdoors, In_Conversation, Holding_Other_Object_Light,annotator,Behavioral Parameters,2022-06-11 05:20:46,2022-06-11 05:21:01
2022-06-11 14:31:41,2022-06-11 14:35:32,Located_Outdoors, In_Conversation, Holding_Drink,annotator,Behavioral Parameters,2022-06-11 05:21:01,2022-06-11 05:24:52
2022-06-11 14:35:32,2022-06-11 14:36:12,Located_Outdoors, In_Conversation, Holding_Drink, Texting/Browsing_Phone,annotator,Behavioral Parameters,2022-06-11 05:24:52,2022-06-11 05:25:32
2022-06-11 14:36:12,2022-06-11 14:37:23,Located_Outdoors, In_Conversation, Holding_Drink,annotator,Behavioral Parameters,2022-06-11 05:25:32,2022-06-11 05:26:43
2022-06-11 14:37:23,2022-06-11 14:38:12,Located_Outdoors, In_Conversation, Holding_Drink, Texting/Browsing_Phone,annotator,Behavioral Parameters,2022-06-11 05:26:43,2022-06-11 05:27:32
2022-06-11 14:38:12,2022-06-11 14:40:25,Located_Outdoors, In_Conversation, Holding_Drink,annotator,Behavioral Parameters,2022-06-11 05:27:32,2022-06-11 05:29:45
2022-06-11 14:40:25,2022-06-11 14:40:33,Located_Outdoors, In_Conversation, Holding_Drink,annotator,Behavioral Parameters,2022-06-11 05:29:45,2022-06-11 05:29:53
2022-06-11 14:40:33,2022-06-11 14:40:38,Located_Outdoors, In_Conversation, Holding_Drink,annotator,Behavioral Parameters,2022-06-11 05:29:53,2022-06-11 05:29:58
2022-06-11 14:40:38,2022-06-11 14:42:57,Located_Outdoors, In_Conversation, Holding_Drink,annotator,Behavioral Parameters,2022-06-11 05:29:58,2022-06-11 05:32:17
2022-06-11 14:42:57,2022-06-11 14:43:15,Located_Outdoors, In_Conversation, Holding_Drink,annotator,Behavioral Parameters,2022-06-11 05:32:17,2022-06-11 05:32:35
2022-06-11 14:43:15,2022-06-11 14:46:07,Located_Outdoors, In_Conversation, Holding_Drink,annotator,Behavioral Parameters,2022-06-11 05:32:35,2022-06-11 05:35:27
2022-06-11 14:46:07,2022-06-11 14:46:13,Located_Outdoors, In_Conversation, Holding_Drink,annotator,Behavioral Parameters,2022-06-11 05:35:27,2022-06-11 05:35:33
2022-06-11 14:46:13,2022-06-11 14:46:18,Located_Outdoors, In_Conversation, Holding_Drink,annotator,Behavioral Parameters,2022-06-11 05:35:33,2022-06-11 05:35:38
2022-06-11 14:46:18,2022-06-11 14:46:22,Located_Outdoors, In_Conversation, Holding_Drink,annotator,Behavioral Parameters,2022-06-11 05:35:38,2022-06-11 05:35:42
2022-06-11 14:46:22,2022-06-11 14:46:43,Located_Outdoors, In_Conversation, Holding_Other_Object_Light,annotator,Behavioral Parameters,2022-06-11 05:35:42,2022-06-11 05:36:03
2022-06-11 14:46:43,2022-06-11 14:46:47,Located_Outdoors, In_Conversation, Holding_Other_Object_Light,annotator,Behavioral Parameters,2022-06-11 05:36:03,2022-06-11 05:36:07
2022-06-11 14:46:48,2022-06-11 14:46:57,Located_Outdoors, In_Conversation, Holding_Other_Object_Light,annotator,Behavioral Parameters,2022-06-11 05:36:08,2022-06-11 05:36:17
2022-06-11 14:46:57,2022-06-11 14:46:59,Located_Outdoors, In_Conversation,annotator,Behavioral Parameters,2022-06-11 05:36:17,2022-06-11 05:36:19
2022-06-11 14:46:59,2022-06-11 14:47:19,Located_Outdoors, In_Conversation,annotator,Behavioral Parameters,2022-06-11 05:36:19,2022-06-11 05:36:39
2022-06-11 14:47:19,2022-06-11 14:47:43,Located_Outdoors, In_Conversation, Holding_Other_Object_Light,annotator,Behavioral Parameters,2022-06-11 05:36:39,2022-06-11 05:37:03
2022-06-11 14:47:43,2022-06-11 14:47:48,Located_Outdoors, In_Conversation, Holding_Other_Object_Light,annotator,Behavioral Parameters,2022-06-11 05:37:03,2022-06-11 05:37:08
2022-06-11 14:47:48,2022-06-11 14:48:02,Located_Outdoors, In_Conversation,annotator,Behavioral Parameters,2022-06-11 05:37:08,2022-06-11 05:37:22
2022-06-11 14:48:02,2022-06-11 14:48:10,Located_Outdoors, In_Conversation,annotator,Behavioral Parameters,2022-06-11 05:37:22,2022-06-11 05:37:30
2022-06-11 14:48:10,2022-06-11 14:49:14,Located_Outdoors, In_Conversation,annotator,Behavioral Parameters,2022-06-11 05:37:30,2022-06-11 05:38:34
2022-06-11 14:49:14,2022-06-11 14:49:33,Located_Outdoors, In_Conversation,annotator,Behavioral Parameters,2022-06-11 05:38:34,2022-06-11 05:38:53
2022-06-11 14:49:33,2022-06-11 14:50:40,Located_Outdoors, In_Conversation,annotator,Behavioral Parameters,2022-06-11 05:38:53,2022-06-11 05:40:00
2022-06-11 14:50:40,2022-06-11 14:50:46,Located_Outdoors, In_Conversation,annotator,Behavioral Parameters,2022-06-11 05:40:00,2022-06-11 05:40:06
