START_TIME,STOP_TIME,PREDICTION,SOURCE,LABELSET,VIDEO_START_TIME,VIDEO_END_TIME
2022-03-27 15:04:06,2022-03-27 15:04:25,Free_Living,annotator,Experimental situation,2022-03-27 00:00:00,2022-03-27 00:00:19
2022-03-27 15:04:25,2022-03-27 15:10:18,Free_Living,annotator,Experimental situation,2022-03-27 00:00:19,2022-03-27 00:06:12
2022-03-27 15:10:18,2022-03-27 15:11:03,Free_Living,annotator,Experimental situation,2022-03-27 00:06:12,2022-03-27 00:06:57
2022-03-27 15:11:03,2022-03-27 15:16:04,Free_Living,annotator,Experimental situation,2022-03-27 00:06:57,2022-03-27 00:11:58
2022-03-27 15:16:04,2022-03-27 15:19:16,Free_Living,annotator,Experimental situation,2022-03-27 00:11:58,2022-03-27 00:15:10
2022-03-27 15:19:16,2022-03-27 15:20:57,Free_Living,annotator,Experimental situation,2022-03-27 00:15:10,2022-03-27 00:16:51
2022-03-27 15:20:57,2022-03-27 15:21:41,Free_Living,annotator,Experimental situation,2022-03-27 00:16:51,2022-03-27 00:17:35
2022-03-27 15:21:41,2022-03-27 15:22:09,Free_Living,annotator,Experimental situation,2022-03-27 00:17:35,2022-03-27 00:18:03
2022-03-27 15:22:09,2022-03-27 15:22:29,Free_Living,annotator,Experimental situation,2022-03-27 00:18:03,2022-03-27 00:18:23
2022-03-27 15:22:29,2022-03-27 15:25:24,Free_Living,annotator,Experimental situation,2022-03-27 00:18:23,2022-03-27 00:21:18
2022-03-27 15:25:24,2022-03-27 16:03:11,Free_Living,annotator,Experimental situation,2022-03-27 00:21:18,2022-03-27 00:59:05
2022-03-27 16:03:11,2022-03-27 16:23:45,Free_Living,annotator,Experimental situation,2022-03-27 00:59:05,2022-03-27 01:19:39
2022-03-27 16:23:45,2022-03-27 16:28:40,Free_Living,annotator,Experimental situation,2022-03-27 01:19:39,2022-03-27 01:24:34
2022-03-27 16:28:40,2022-03-27 16:40:26,ES_VideoUnavailable/Indecipherable,annotator,Experimental situation,2022-03-27 01:24:34,2022-03-27 01:36:20
2022-03-27 16:40:26,2022-03-27 16:48:44,Free_Living,annotator,Experimental situation,2022-03-27 01:36:20,2022-03-27 01:44:38
2022-03-27 16:48:44,2022-03-27 16:51:44,ES_VideoUnavailable/Indecipherable,annotator,Experimental situation,2022-03-27 01:44:38,2022-03-27 01:47:38
2022-03-27 16:51:44,2022-03-27 17:27:01,Free_Living,annotator,Experimental situation,2022-03-27 01:47:38,2022-03-27 02:22:55
2022-03-27 17:27:01,2022-03-27 18:00:52,Free_Living,annotator,Experimental situation,2022-03-27 02:22:55,2022-03-27 02:56:46
2022-03-27 18:00:52,2022-03-27 18:01:24,Free_Living,annotator,Experimental situation,2022-03-27 02:56:46,2022-03-27 02:57:18
2022-03-27 18:01:24,2022-03-27 18:01:53,Free_Living,annotator,Experimental situation,2022-03-27 02:57:18,2022-03-27 02:57:47
2022-03-27 18:01:53,2022-03-27 18:02:24,Free_Living,annotator,Experimental situation,2022-03-27 02:57:47,2022-03-27 02:58:18
2022-03-27 18:02:24,2022-03-27 18:02:33,Free_Living,annotator,Experimental situation,2022-03-27 02:58:18,2022-03-27 02:58:27
2022-03-27 18:02:33,2022-03-27 18:02:37,Free_Living,annotator,Experimental situation,2022-03-27 02:58:27,2022-03-27 02:58:31
2022-03-27 18:02:37,2022-03-27 18:02:45,Free_Living,annotator,Experimental situation,2022-03-27 02:58:31,2022-03-27 02:58:39
2022-03-27 18:02:53,2022-03-27 18:05:22,Free_Living,annotator,Experimental situation,2022-03-27 02:58:47,2022-03-27 03:01:16
2022-03-27 18:05:22,2022-03-27 18:06:08,Free_Living,annotator,Experimental situation,2022-03-27 03:01:16,2022-03-27 03:02:02
2022-03-27 18:06:08,2022-03-27 18:08:58,Free_Living,annotator,Experimental situation,2022-03-27 03:02:02,2022-03-27 03:04:52
2022-03-27 18:08:58,2022-03-27 18:11:11,Free_Living,annotator,Experimental situation,2022-03-27 03:04:52,2022-03-27 03:07:05
2022-03-27 18:11:11,2022-03-27 18:12:49,ES_VideoUnavailable/Indecipherable,annotator,Experimental situation,2022-03-27 03:07:05,2022-03-27 03:08:43
2022-03-27 18:12:49,2022-03-27 18:21:08,Free_Living,annotator,Experimental situation,2022-03-27 03:08:43,2022-03-27 03:17:02
2022-03-27 18:21:08,2022-03-27 18:21:42,ES_VideoUnavailable/Indecipherable,annotator,Experimental situation,2022-03-27 03:17:02,2022-03-27 03:17:36
2022-03-27 18:21:42,2022-03-27 18:24:40,Free_Living,annotator,Experimental situation,2022-03-27 03:17:36,2022-03-27 03:20:34
2022-03-27 18:24:40,2022-03-27 18:25:01,Free_Living,annotator,Experimental situation,2022-03-27 03:20:34,2022-03-27 03:20:55
2022-03-27 18:25:01,2022-03-27 18:29:24,Free_Living,annotator,Experimental situation,2022-03-27 03:20:55,2022-03-27 03:25:18
2022-03-27 18:29:24,2022-03-27 18:31:49,ES_VideoUnavailable/Indecipherable,annotator,Experimental situation,2022-03-27 03:25:18,2022-03-27 03:27:43
2022-03-27 18:31:49,2022-03-27 18:34:03,Free_Living,annotator,Experimental situation,2022-03-27 03:27:43,2022-03-27 03:29:57
2022-03-27 18:34:03,2022-03-27 18:34:34,ES_VideoUnavailable/Indecipherable,annotator,Experimental situation,2022-03-27 03:29:57,2022-03-27 03:30:28
2022-03-27 18:34:34,2022-03-27 18:35:46,Free_Living,annotator,Experimental situation,2022-03-27 03:30:28,2022-03-27 03:31:40
2022-03-27 18:35:46,2022-03-27 18:36:19,Free_Living,annotator,Experimental situation,2022-03-27 03:31:40,2022-03-27 03:32:13
2022-03-27 18:36:23,2022-03-27 18:40:59,ES_VideoUnavailable/Indecipherable,annotator,Experimental situation,2022-03-27 03:32:17,2022-03-27 03:36:53
2022-03-27 18:40:59,2022-03-27 18:49:54,Free_Living,annotator,Experimental situation,2022-03-27 03:36:53,2022-03-27 03:45:48
2022-03-27 18:49:54,2022-03-27 18:51:09,Free_Living,annotator,Experimental situation,2022-03-27 03:45:48,2022-03-27 03:47:03
2022-03-27 18:51:09,2022-03-27 19:13:35,Free_Living,annotator,Experimental situation,2022-03-27 03:47:03,2022-03-27 04:09:29
2022-03-27 19:13:35,2022-03-27 19:26:03,Free_Living,annotator,Experimental situation,2022-03-27 04:09:29,2022-03-27 04:21:57
2022-03-27 19:26:03,2022-03-27 19:27:52,Free_Living,annotator,Experimental situation,2022-03-27 04:21:57,2022-03-27 04:23:46
2022-03-27 19:27:52,2022-03-27 19:28:52,Free_Living,annotator,Experimental situation,2022-03-27 04:23:46,2022-03-27 04:24:46
2022-03-27 19:28:52,2022-03-27 19:34:32,Free_Living,annotator,Experimental situation,2022-03-27 04:24:46,2022-03-27 04:30:26
2022-03-27 19:34:32,2022-03-28 00:09:03,ES_VideoUnavailable/Indecipherable,annotator,Experimental situation,2022-03-27 04:30:26,2022-03-27 09:04:57
2022-03-28 00:09:03,2022-03-28 00:09:23,Free_Living,annotator,Experimental situation,2022-03-27 09:04:57,2022-03-27 09:05:17
