{
    "annotations": [
        {
            "id": "79d0e663-017d-445c-badf-4606e2600595",
            "range": {
                "start": 0,
                "end": 19
            },
            "shape": {
                "x1": null,
                "x2": null,
                "y1": null,
                "y2": null
            },
            "comments": [
                {
                    "id": "93f34c42-eec4-2ff4-9841-2ee1bae44fe9",
                    "meta": {
                        "datetime": "2022-04-01T15:14:28.960Z",
                        "user_id": 2,
                        "user_name": "Harish"
                    },
                    "body": "[{\"category\":\"POSTURE\",\"selectedValue\":\"In_Position_Upright\"},{\"category\":\"HIGH LEVEL BEHAVIOR\",\"selectedValue\":[]},{\"category\":\"PA TYPE\",\"selectedValue\":\"Synchronizing_Sensors\"},{\"category\":\"Behavioral Parameters\",\"selectedValue\":[\"Located_Indoors\"]},{\"category\":\"Experimental situation\",\"selectedValue\":\"Free_Living\"}]"
                }
            ]
        },
        {
            "id": "299b26e6-ae11-4833-beb0-5fa1980e0236",
            "range": {
                "start": 19,
                "end": 372
            },
            "shape": {
                "x1": null,
                "x2": null,
                "y1": null,
                "y2": null
            },
            "comments": [
                {
                    "id": "265a3e2d-9cef-335c-9dfb-c35c7ecdbd05",
                    "meta": {
                        "datetime": "2022-04-01T15:17:37.152Z",
                        "user_id": 2,
                        "user_name": "Harish"
                    },
                    "body": "[{\"category\":\"POSTURE\",\"selectedValue\":\"In_Position_Upright\"},{\"category\":\"HIGH LEVEL BEHAVIOR\",\"selectedValue\":[\"Cooking/Prepping_Food\"]},{\"category\":\"PA TYPE\",\"selectedValue\":\"Puttering_Around\"},{\"category\":\"Behavioral Parameters\",\"selectedValue\":[\"Located_Indoors\",\"Holding_Other_Object_Light\",\"Holding_Solid_Food\"]},{\"category\":\"Experimental situation\",\"selectedValue\":\"Free_Living\"}]"
                }
            ]
        },
        {
            "id": "bd34a84f-2189-48b5-a156-85d2685e6767",
            "range": {
                "start": 372,
                "end": 417
            },
            "shape": {
                "x1": null,
                "x2": null,
                "y1": null,
                "y2": null
            },
            "comments": [
                {
                    "id": "ed8ef6ad-bebb-8343-c94b-00f51f119f0a",
                    "meta": {
                        "datetime": "2022-04-01T15:18:35.416Z",
                        "user_id": 2,
                        "user_name": "Harish"
                    },
                    "body": "[{\"category\":\"POSTURE\",\"selectedValue\":\"In_Position_Upright\"},{\"category\":\"HIGH LEVEL BEHAVIOR\",\"selectedValue\":[]},{\"category\":\"PA TYPE\",\"selectedValue\":\"Standing_With_Movement\"},{\"category\":\"Behavioral Parameters\",\"selectedValue\":[\"Located_Indoors\",\"Holding_Other_Object_Light\",\"Texting/Browsing_Phone\"]},{\"category\":\"Experimental situation\",\"selectedValue\":\"Free_Living\"}]"
                }
            ]
        },
        {
            "id": "c3d9c1dc-4e7f-4015-b46c-8ca09cec00ee",
            "range": {
                "start": 417,
                "end": 718
            },
            "shape": {
                "x1": null,
                "x2": null,
                "y1": null,
                "y2": null
            },
            "comments": [
                {
                    "id": "ace58f14-ec1a-4f4b-61f0-f8234076ce1f",
                    "meta": {
                        "datetime": "2022-04-01T15:20:31.774Z",
                        "user_id": 2,
                        "user_name": "Harish"
                    },
                    "body": "[{\"category\":\"POSTURE\",\"selectedValue\":\"In_Position_Upright\"},{\"category\":\"HIGH LEVEL BEHAVIOR\",\"selectedValue\":[\"Cooking/Prepping_Food\"]},{\"category\":\"PA TYPE\",\"selectedValue\":\"Puttering_Around\"},{\"category\":\"Behavioral Parameters\",\"selectedValue\":[\"Located_Indoors\",\"Holding_Other_Object_Light\"]},{\"category\":\"Experimental situation\",\"selectedValue\":\"Free_Living\"}]"
                }
            ]
        },
        {
            "id": "8e84a6b3-f374-4259-9a46-de2fcfe60067",
            "range": {
                "start": 718,
                "end": 910
            },
            "shape": {
                "x1": null,
                "x2": null,
                "y1": null,
                "y2": null
            },
            "comments": [
                {
                    "id": "93e71d1a-6f5e-7fa5-8f3d-9de7cfc5bfd7",
                    "meta": {
                        "datetime": "2022-04-01T15:21:29.087Z",
                        "user_id": 2,
                        "user_name": "Harish"
                    },
                    "body": "[{\"category\":\"POSTURE\",\"selectedValue\":\"In_Position_Sitting\"},{\"category\":\"HIGH LEVEL BEHAVIOR\",\"selectedValue\":[\"Eating/Dining\"]},{\"category\":\"PA TYPE\",\"selectedValue\":\"Sitting_With_Movement\"},{\"category\":\"Behavioral Parameters\",\"selectedValue\":[\"Located_Indoors\",\"Holding_Other_Object_Light\"]},{\"category\":\"Experimental situation\",\"selectedValue\":\"Free_Living\"}]"
                }
            ]
        },
        {
            "id": "4be26036-f42a-463c-8068-449e7ec43ff9",
            "range": {
                "start": 910,
                "end": 1011
            },
            "shape": {
                "x1": null,
                "x2": null,
                "y1": null,
                "y2": null
            },
            "comments": [
                {
                    "id": "f3d62393-2a91-c18c-7374-f2578236758f",
                    "meta": {
                        "datetime": "2022-04-01T15:22:02.759Z",
                        "user_id": 2,
                        "user_name": "Harish"
                    },
                    "body": "[{\"category\":\"POSTURE\",\"selectedValue\":\"In_Position_Sitting\"},{\"category\":\"HIGH LEVEL BEHAVIOR\",\"selectedValue\":[]},{\"category\":\"PA TYPE\",\"selectedValue\":\"Sitting_With_Movement\"},{\"category\":\"Behavioral Parameters\",\"selectedValue\":[\"Located_Indoors\",\"Holding_Other_Object_Light\",\"Texting/Browsing_Phone\"]},{\"category\":\"Experimental situation\",\"selectedValue\":\"Free_Living\"}]"
                }
            ]
        },
        {
            "id": "f9dcee8e-da25-436d-91b6-a09c6175ba18",
            "range": {
                "start": 1011,
                "end": 1055
            },
            "shape": {
                "x1": null,
                "x2": null,
                "y1": null,
                "y2": null
            },
            "comments": [
                {
                    "id": "9bb20e9d-9d1f-c498-2209-bbebd24e8334",
                    "meta": {
                        "datetime": "2022-04-01T15:22:17.640Z",
                        "user_id": 2,
                        "user_name": "Harish"
                    },
                    "body": "[{\"category\":\"POSTURE\",\"selectedValue\":\"In_Position_Sitting\"},{\"category\":\"HIGH LEVEL BEHAVIOR\",\"selectedValue\":[]},{\"category\":\"PA TYPE\",\"selectedValue\":\"Sitting_With_Movement\"},{\"category\":\"Behavioral Parameters\",\"selectedValue\":[\"Located_Indoors\",\"Holding_Other_Object_Light\",\"Texting/Browsing_Phone\"]},{\"category\":\"Experimental situation\",\"selectedValue\":\"Free_Living\"}]"
                }
            ]
        },
        {
            "id": "6040f1ec-384e-40d6-8b7c-50889f375d13",
            "range": {
                "start": 1055,
                "end": 1083
            },
            "shape": {
                "x1": null,
                "x2": null,
                "y1": null,
                "y2": null
            },
            "comments": [
                {
                    "id": "ed0910b6-2d79-bb23-5de4-7b2d31721e38",
                    "meta": {
                        "datetime": "2022-04-01T15:22:46.861Z",
                        "user_id": 2,
                        "user_name": "Harish"
                    },
                    "body": "[{\"category\":\"POSTURE\",\"selectedValue\":\"In_Position_Upright\"},{\"category\":\"HIGH LEVEL BEHAVIOR\",\"selectedValue\":[\"Eating/Dining\"]},{\"category\":\"PA TYPE\",\"selectedValue\":\"Standing_With_Movement\"},{\"category\":\"Behavioral Parameters\",\"selectedValue\":[\"Located_Indoors\",\"Holding_Drink\"]},{\"category\":\"Experimental situation\",\"selectedValue\":\"Free_Living\"}]"
                }
            ]
        },
        {
            "id": "a62f192c-0129-4be0-bda6-44d8997f5b52",
            "range": {
                "start": 1083,
                "end": 1103
            },
            "shape": {
                "x1": null,
                "x2": null,
                "y1": null,
                "y2": null
            },
            "comments": [
                {
                    "id": "122157cf-536c-1518-92f2-4590a1e42109",
                    "meta": {
                        "datetime": "2022-04-01T15:23:09.252Z",
                        "user_id": 2,
                        "user_name": "Harish"
                    },
                    "body": "[{\"category\":\"POSTURE\",\"selectedValue\":\"In_Position_Upright\"},{\"category\":\"HIGH LEVEL BEHAVIOR\",\"selectedValue\":[\"In_Transit_Active\"]},{\"category\":\"PA TYPE\",\"selectedValue\":\"Puttering_Around\"},{\"category\":\"Behavioral Parameters\",\"selectedValue\":[\"Located_Indoors\"]},{\"category\":\"Experimental situation\",\"selectedValue\":\"Free_Living\"}]"
                }
            ]
        },
        {
            "id": "37fccf87-6ea5-44b5-b47f-ef7ecdf141fd",
            "range": {
                "start": 1103,
                "end": 1278
            },
            "shape": {
                "x1": null,
                "x2": null,
                "y1": null,
                "y2": null
            },
            "comments": [
                {
                    "id": "83f116e3-cdc6-9ee6-605a-e25a9b8286d1",
                    "meta": {
                        "datetime": "2022-04-01T15:24:06.945Z",
                        "user_id": 2,
                        "user_name": "Harish"
                    },
                    "body": "[{\"category\":\"POSTURE\",\"selectedValue\":\"In_Position_Sitting\"},{\"category\":\"HIGH LEVEL BEHAVIOR\",\"selectedValue\":[\"Using_Computer/Screen\"]},{\"category\":\"PA TYPE\",\"selectedValue\":\"Sitting_With_Movement\"},{\"category\":\"Behavioral Parameters\",\"selectedValue\":[\"Located_Indoors\",\"Browsing_Computer\"]},{\"category\":\"Experimental situation\",\"selectedValue\":\"Free_Living\"}]"
                }
            ]
        },
        {
            "id": "58c71b83-fdb2-43da-bc24-88f7fce342f4",
            "range": {
                "start": 1278,
                "end": 3545
            },
            "shape": {
                "x1": null,
                "x2": null,
                "y1": null,
                "y2": null
            },
            "comments": [
                {
                    "id": "6038397b-1f0c-151c-fe04-1ef12b17ffaa",
                    "meta": {
                        "datetime": "2022-04-01T15:26:43.639Z",
                        "user_id": 2,
                        "user_name": "Harish"
                    },
                    "body": "[{\"category\":\"POSTURE\",\"selectedValue\":\"In_Position_Sitting\"},{\"category\":\"HIGH LEVEL BEHAVIOR\",\"selectedValue\":[\"Using_Computer/Screen\"]},{\"category\":\"PA TYPE\",\"selectedValue\":\"Sitting_With_Movement\"},{\"category\":\"Behavioral Parameters\",\"selectedValue\":[\"Located_Indoors\",\"Browsing_Computer\"]},{\"category\":\"Experimental situation\",\"selectedValue\":\"Free_Living\"}]"
                }
            ]
        },
        {
            "id": "227d05ba-d678-471b-8896-6b602a4c678a",
            "range": {
                "start": 3545,
                "end": 4779
            },
            "shape": {
                "x1": null,
                "x2": null,
                "y1": null,
                "y2": null
            },
            "comments": [
                {
                    "id": "3308fd2a-d7b3-430f-5caf-dcfe307a2be1",
                    "meta": {
                        "datetime": "2022-04-01T15:28:07.150Z",
                        "user_id": 2,
                        "user_name": "Harish"
                    },
                    "body": "[{\"category\":\"POSTURE\",\"selectedValue\":\"In_Position_Sitting\"},{\"category\":\"HIGH LEVEL BEHAVIOR\",\"selectedValue\":[\"Using_Computer/Screen\",\"WatchingTV/Movies\"]},{\"category\":\"PA TYPE\",\"selectedValue\":\"Sitting_With_Movement\"},{\"category\":\"Behavioral Parameters\",\"selectedValue\":[\"Located_Indoors\"]},{\"category\":\"Experimental situation\",\"selectedValue\":\"Free_Living\"}]"
                }
            ]
        },
        {
            "id": "1ae2c5b4-e9e6-4ef1-b5d9-21ee8f8aca54",
            "range": {
                "start": 4779,
                "end": 5074
            },
            "shape": {
                "x1": null,
                "x2": null,
                "y1": null,
                "y2": null
            },
            "comments": [
                {
                    "id": "eb42efd8-3ee9-6d93-cb9b-05dff10b2141",
                    "meta": {
                        "datetime": "2022-04-01T15:28:46.438Z",
                        "user_id": 2,
                        "user_name": "Harish"
                    },
                    "body": "[{\"category\":\"POSTURE\",\"selectedValue\":\"In_Position_Sitting\"},{\"category\":\"HIGH LEVEL BEHAVIOR\",\"selectedValue\":[\"Using_Computer/Screen\"]},{\"category\":\"PA TYPE\",\"selectedValue\":\"Sitting_With_Movement\"},{\"category\":\"Behavioral Parameters\",\"selectedValue\":[\"Located_Indoors\",\"Browsing_Computer\"]},{\"category\":\"Experimental situation\",\"selectedValue\":\"Free_Living\"}]"
                }
            ]
        },
        {
            "id": "05e11a17-4162-4819-91c4-a7e1914891bc",
            "range": {
                "start": 5074,
                "end": 5780
            },
            "shape": {
                "x1": null,
                "x2": null,
                "y1": null,
                "y2": null
            },
            "comments": [
                {
                    "id": "d25b5417-7993-0225-2632-6e999d5d7004",
                    "meta": {
                        "datetime": "2022-04-01T15:30:01.497Z",
                        "user_id": 2,
                        "user_name": "Harish"
                    },
                    "body": "[{\"category\":\"POSTURE\",\"selectedValue\":\"Posture_Indecipherable/Video_Insufficient\"},{\"category\":\"HIGH LEVEL BEHAVIOR\",\"selectedValue\":[\"HLB_Indecipherable/Video_Insufficient\"]},{\"category\":\"PA TYPE\",\"selectedValue\":\"PA_Type_VideoUnavailable/Indecipherable\"},{\"category\":\"Behavioral Parameters\",\"selectedValue\":[\"BP_VideoUnavailable/Indecipherable\"]},{\"category\":\"Experimental situation\",\"selectedValue\":\"ES_VideoUnavailable/Indecipherable\"}]"
                }
            ]
        },
        {
            "id": "5949aa7c-4e0f-46d1-a00e-013209cd66ae",
            "range": {
                "start": 5780,
                "end": 6278
            },
            "shape": {
                "x1": null,
                "x2": null,
                "y1": null,
                "y2": null
            },
            "comments": [
                {
                    "id": "c6e7b5e1-9e57-4653-231e-4e8224d112da",
                    "meta": {
                        "datetime": "2022-04-01T15:30:48.574Z",
                        "user_id": 2,
                        "user_name": "Harish"
                    },
                    "body": "[{\"category\":\"POSTURE\",\"selectedValue\":\"In_Position_Sitting\"},{\"category\":\"HIGH LEVEL BEHAVIOR\",\"selectedValue\":[\"HLB_Indecipherable/Video_Insufficient\"]},{\"category\":\"PA TYPE\",\"selectedValue\":\"Sitting_With_Movement\"},{\"category\":\"Behavioral Parameters\",\"selectedValue\":[\"Located_Indoors\"]},{\"category\":\"Experimental situation\",\"selectedValue\":\"Free_Living\"}]"
                }
            ]
        },
        {
            "id": "092a6a25-8b54-4397-a65d-731fe447edcd",
            "range": {
                "start": 6278,
                "end": 6458
            },
            "shape": {
                "x1": null,
                "x2": null,
                "y1": null,
                "y2": null
            },
            "comments": [
                {
                    "id": "6c665205-b047-2cf3-c29e-ce8e4888500e",
                    "meta": {
                        "datetime": "2022-04-01T15:31:15.715Z",
                        "user_id": 2,
                        "user_name": "Harish"
                    },
                    "body": "[{\"category\":\"POSTURE\",\"selectedValue\":\"Posture_Indecipherable/Video_Insufficient\"},{\"category\":\"HIGH LEVEL BEHAVIOR\",\"selectedValue\":[\"HLB_Indecipherable/Video_Insufficient\"]},{\"category\":\"PA TYPE\",\"selectedValue\":\"PA_Type_VideoUnavailable/Indecipherable\"},{\"category\":\"Behavioral Parameters\",\"selectedValue\":[\"BP_VideoUnavailable/Indecipherable\"]},{\"category\":\"Experimental situation\",\"selectedValue\":\"ES_VideoUnavailable/Indecipherable\"}]"
                }
            ]
        },
        {
            "id": "be74fd69-ff3f-4441-86e5-17fe8a2a8a41",
            "range": {
                "start": 6458,
                "end": 8575
            },
            "shape": {
                "x1": null,
                "x2": null,
                "y1": null,
                "y2": null
            },
            "comments": [
                {
                    "id": "166e8ca2-ba30-cacb-63ad-5b3b96edf6d5",
                    "meta": {
                        "datetime": "2022-04-01T15:34:19.291Z",
                        "user_id": 2,
                        "user_name": "Harish"
                    },
                    "body": "[{\"category\":\"POSTURE\",\"selectedValue\":\"In_Position_Sitting\"},{\"category\":\"HIGH LEVEL BEHAVIOR\",\"selectedValue\":[\"HLB_Indecipherable/Video_Insufficient\"]},{\"category\":\"PA TYPE\",\"selectedValue\":\"Sitting_With_Movement\"},{\"category\":\"Behavioral Parameters\",\"selectedValue\":[\"Located_Indoors\"]},{\"category\":\"Experimental situation\",\"selectedValue\":\"Free_Living\"}]"
                }
            ]
        },
        {
            "id": "67ec9444-f684-4eac-987d-fb0142b7ee24",
            "range": {
                "start": 8575,
                "end": 10606
            },
            "shape": {
                "x1": null,
                "x2": null,
                "y1": null,
                "y2": null
            },
            "comments": [
                {
                    "id": "1a060a10-830c-c1cd-f67e-5fb7302cc9f4",
                    "meta": {
                        "datetime": "2022-04-01T15:37:27.602Z",
                        "user_id": 2,
                        "user_name": "Harish"
                    },
                    "body": "[{\"category\":\"POSTURE\",\"selectedValue\":\"In_Position_Sitting\"},{\"category\":\"HIGH LEVEL BEHAVIOR\",\"selectedValue\":[\"Using_Computer/Screen\"]},{\"category\":\"PA TYPE\",\"selectedValue\":\"Sitting_With_Movement\"},{\"category\":\"Behavioral Parameters\",\"selectedValue\":[\"Located_Indoors\",\"Browsing_Computer\"]},{\"category\":\"Experimental situation\",\"selectedValue\":\"Free_Living\"}]"
                }
            ]
        },
        {
            "id": "ff4289fb-9461-40b8-8ea0-155954496534",
            "range": {
                "start": 10606,
                "end": 10638
            },
            "shape": {
                "x1": null,
                "x2": null,
                "y1": null,
                "y2": null
            },
            "comments": [
                {
                    "id": "8eddcfee-b316-bf17-2e0e-46ffd39e52d3",
                    "meta": {
                        "datetime": "2022-04-01T15:38:15.283Z",
                        "user_id": 2,
                        "user_name": "Harish"
                    },
                    "body": "[{\"category\":\"POSTURE\",\"selectedValue\":\"In_Position_Upright\"},{\"category\":\"HIGH LEVEL BEHAVIOR\",\"selectedValue\":[\"Dressing/Undressing\"]},{\"category\":\"PA TYPE\",\"selectedValue\":\"Puttering_Around\"},{\"category\":\"Behavioral Parameters\",\"selectedValue\":[\"Located_Indoors\",\"Holding_Other_Object_Light\"]},{\"category\":\"Experimental situation\",\"selectedValue\":\"Free_Living\"}]"
                }
            ]
        },
        {
            "id": "c43ef890-8c1e-4eda-ab41-8a672067c270",
            "range": {
                "start": 10638,
                "end": 10667
            },
            "shape": {
                "x1": null,
                "x2": null,
                "y1": null,
                "y2": null
            },
            "comments": [
                {
                    "id": "f6d340e1-db46-cf76-a776-c938df59d496",
                    "meta": {
                        "datetime": "2022-04-01T15:38:40.978Z",
                        "user_id": 2,
                        "user_name": "Harish"
                    },
                    "body": "[{\"category\":\"POSTURE\",\"selectedValue\":\"In_Position_Upright\"},{\"category\":\"HIGH LEVEL BEHAVIOR\",\"selectedValue\":[\"In_Transit_Active\"]},{\"category\":\"PA TYPE\",\"selectedValue\":\"Walking\"},{\"category\":\"Behavioral Parameters\",\"selectedValue\":[\"Located_Indoors\"]},{\"category\":\"Experimental situation\",\"selectedValue\":\"Free_Living\"}]"
                }
            ]
        },
        {
            "id": "f9de3ea4-4482-4a52-8a90-a6f031306599",
            "range": {
                "start": 10667,
                "end": 10698
            },
            "shape": {
                "x1": null,
                "x2": null,
                "y1": null,
                "y2": null
            },
            "comments": [
                {
                    "id": "6de84223-c326-3ff0-3394-a4d928a6f8b8",
                    "meta": {
                        "datetime": "2022-04-01T15:38:57.786Z",
                        "user_id": 2,
                        "user_name": "Harish"
                    },
                    "body": "[{\"category\":\"POSTURE\",\"selectedValue\":\"In_Position_Upright\"},{\"category\":\"HIGH LEVEL BEHAVIOR\",\"selectedValue\":[\"In_Transit_Active\"]},{\"category\":\"PA TYPE\",\"selectedValue\":\"Walking_Down_Stairs\"},{\"category\":\"Behavioral Parameters\",\"selectedValue\":[\"Located_Indoors\"]},{\"category\":\"Experimental situation\",\"selectedValue\":\"Free_Living\"}]"
                }
            ]
        },
        {
            "id": "a4508222-519d-4782-a154-786f385e0d8b",
            "range": {
                "start": 10698,
                "end": 10707
            },
            "shape": {
                "x1": null,
                "x2": null,
                "y1": null,
                "y2": null
            },
            "comments": [
                {
                    "id": "b8bcebe5-2226-a952-5843-cb26927f08b4",
                    "meta": {
                        "datetime": "2022-04-01T15:39:17.760Z",
                        "user_id": 2,
                        "user_name": "Harish"
                    },
                    "body": "[{\"category\":\"POSTURE\",\"selectedValue\":\"In_Position_Upright\"},{\"category\":\"HIGH LEVEL BEHAVIOR\",\"selectedValue\":[\"In_Transit_Active\"]},{\"category\":\"PA TYPE\",\"selectedValue\":\"Walking\"},{\"category\":\"Behavioral Parameters\",\"selectedValue\":[\"Located_Indoors\"]},{\"category\":\"Experimental situation\",\"selectedValue\":\"Free_Living\"}]"
                }
            ]
        },
        {
            "id": "08eccc35-2107-4914-90ed-1ba0a412c451",
            "range": {
                "start": 10707,
                "end": 10711
            },
            "shape": {
                "x1": null,
                "x2": null,
                "y1": null,
                "y2": null
            },
            "comments": [
                {
                    "id": "54a28580-a920-7741-40d4-8e97f03dc7ab",
                    "meta": {
                        "datetime": "2022-04-01T15:39:25.556Z",
                        "user_id": 2,
                        "user_name": "Harish"
                    },
                    "body": "[{\"category\":\"POSTURE\",\"selectedValue\":\"In_Position_Upright\"},{\"category\":\"HIGH LEVEL BEHAVIOR\",\"selectedValue\":[\"In_Transit_Active\"]},{\"category\":\"PA TYPE\",\"selectedValue\":\"Walking_Down_Stairs\"},{\"category\":\"Behavioral Parameters\",\"selectedValue\":[\"Located_Indoors\"]},{\"category\":\"Experimental situation\",\"selectedValue\":\"Free_Living\"}]"
                }
            ]
        },
        {
            "id": "2ee92498-24be-4a72-afc7-f7f036920ac5",
            "range": {
                "start": 10711,
                "end": 10719
            },
            "shape": {
                "x1": null,
                "x2": null,
                "y1": null,
                "y2": null
            },
            "comments": [
                {
                    "id": "d1deaa9a-d83e-84bd-2457-fe61b95500c2",
                    "meta": {
                        "datetime": "2022-04-01T15:39:40.742Z",
                        "user_id": 2,
                        "user_name": "Harish"
                    },
                    "body": "[{\"category\":\"POSTURE\",\"selectedValue\":\"In_Position_Upright\"},{\"category\":\"HIGH LEVEL BEHAVIOR\",\"selectedValue\":[\"In_Transit_Active\"]},{\"category\":\"PA TYPE\",\"selectedValue\":\"Walking\"},{\"category\":\"Behavioral Parameters\",\"selectedValue\":[\"Located_Indoors\"]},{\"category\":\"Experimental situation\",\"selectedValue\":\"Free_Living\"}]"
                }
            ]
        },
        {
            "id": "959bd2a3-8478-496f-9fcf-17e8b728d16a",
            "range": {
                "start": 10727,
                "end": 10876
            },
            "shape": {
                "x1": null,
                "x2": null,
                "y1": null,
                "y2": null
            },
            "comments": [
                {
                    "id": "0153f51d-fb1d-1626-bb36-752a87d4ac0e",
                    "meta": {
                        "datetime": "2022-04-01T15:40:41.490Z",
                        "user_id": 2,
                        "user_name": "Harish"
                    },
                    "body": "[{\"category\":\"POSTURE\",\"selectedValue\":\"In_Position_Upright\"},{\"category\":\"HIGH LEVEL BEHAVIOR\",\"selectedValue\":[\"In_Transit_Active\"]},{\"category\":\"PA TYPE\",\"selectedValue\":\"Walking\"},{\"category\":\"Behavioral Parameters\",\"selectedValue\":[\"Located_Outdoors\"]},{\"category\":\"Experimental situation\",\"selectedValue\":\"Free_Living\"}]"
                }
            ]
        },
        {
            "id": "6eaaa7b8-9c4b-4a48-b062-50c8bcba15e5",
            "range": {
                "start": 10876,
                "end": 10922
            },
            "shape": {
                "x1": null,
                "x2": null,
                "y1": null,
                "y2": null
            },
            "comments": [
                {
                    "id": "c9914b30-a47c-3c68-3c4c-b064f231dbb4",
                    "meta": {
                        "datetime": "2022-04-01T15:41:01.364Z",
                        "user_id": 2,
                        "user_name": "Harish"
                    },
                    "body": "[{\"category\":\"POSTURE\",\"selectedValue\":\"In_Position_Upright\"},{\"category\":\"HIGH LEVEL BEHAVIOR\",\"selectedValue\":[\"In_Transit_Active\"]},{\"category\":\"PA TYPE\",\"selectedValue\":\"Walking\"},{\"category\":\"Behavioral Parameters\",\"selectedValue\":[\"Located_Indoors\"]},{\"category\":\"Experimental situation\",\"selectedValue\":\"Free_Living\"}]"
                }
            ]
        },
        {
            "id": "d491ac89-b80b-4db3-97f7-595a0a6b2dea",
            "range": {
                "start": 10922,
                "end": 11092
            },
            "shape": {
                "x1": null,
                "x2": null,
                "y1": null,
                "y2": null
            },
            "comments": [
                {
                    "id": "170f4409-c863-223b-c398-84991012a68f",
                    "meta": {
                        "datetime": "2022-04-01T15:42:21.508Z",
                        "user_id": 2,
                        "user_name": "Harish"
                    },
                    "body": "[{\"category\":\"POSTURE\",\"selectedValue\":\"In_Position_Upright\"},{\"category\":\"HIGH LEVEL BEHAVIOR\",\"selectedValue\":[\"HLB_Other\"]},{\"category\":\"PA TYPE\",\"selectedValue\":\"Puttering_Around\"},{\"category\":\"Behavioral Parameters\",\"selectedValue\":[\"Located_Indoors\",\"Holding_Other_Object_Light\",\"Holding_Drink\"]},{\"category\":\"Experimental situation\",\"selectedValue\":\"Free_Living\"}]"
                }
            ]
        },
        {
            "id": "e91dd1d3-db76-4f26-92b7-cc2aa7e09ac3",
            "range": {
                "start": 11092,
                "end": 11225
            },
            "shape": {
                "x1": null,
                "x2": null,
                "y1": null,
                "y2": null
            },
            "comments": [
                {
                    "id": "1f6366a9-f7d7-3cd8-dfc9-575473d11edd",
                    "meta": {
                        "datetime": "2022-04-01T15:44:53.691Z",
                        "user_id": 2,
                        "user_name": "Harish"
                    },
                    "body": "[{\"category\":\"POSTURE\",\"selectedValue\":\"In_Position_Sitting\"},{\"category\":\"HIGH LEVEL BEHAVIOR\",\"selectedValue\":[\"Eating/Dining\",\"Meeting _Social_Gathering_In_Person\"]},{\"category\":\"PA TYPE\",\"selectedValue\":\"Sitting_With_Movement\"},{\"category\":\"Behavioral Parameters\",\"selectedValue\":[\"Located_Indoors\",\"Holding_Other_Object_Light\",\"Texting/Browsing_Phone\"]},{\"category\":\"Experimental situation\",\"selectedValue\":\"Free_Living\"}]"
                }
            ]
        },
        {
            "id": "3925341b-e615-4243-9379-62e9b250b186",
            "range": {
                "start": 11225,
                "end": 11323
            },
            "shape": {
                "x1": null,
                "x2": null,
                "y1": null,
                "y2": null
            },
            "comments": [
                {
                    "id": "fd2b196b-546e-09bc-c151-f6d9ca131c13",
                    "meta": {
                        "datetime": "2022-04-01T15:45:48.721Z",
                        "user_id": 2,
                        "user_name": "Harish"
                    },
                    "body": "[{\"category\":\"POSTURE\",\"selectedValue\":\"Posture_Indecipherable/Video_Insufficient\"},{\"category\":\"HIGH LEVEL BEHAVIOR\",\"selectedValue\":[\"HLB_Indecipherable/Video_Insufficient\"]},{\"category\":\"PA TYPE\",\"selectedValue\":\"PA_Type_VideoUnavailable/Indecipherable\"},{\"category\":\"Behavioral Parameters\",\"selectedValue\":[\"BP_VideoUnavailable/Indecipherable\"]},{\"category\":\"Experimental situation\",\"selectedValue\":\"ES_VideoUnavailable/Indecipherable\"}]"
                }
            ]
        },
        {
            "id": "45a48092-2bde-47d8-af78-0446d20265e6",
            "range": {
                "start": 11323,
                "end": 11822
            },
            "shape": {
                "x1": null,
                "x2": null,
                "y1": null,
                "y2": null
            },
            "comments": [
                {
                    "id": "c8e3c976-15a6-c24f-3a30-b5bd9b5e0649",
                    "meta": {
                        "datetime": "2022-04-01T15:48:00.970Z",
                        "user_id": 2,
                        "user_name": "Harish"
                    },
                    "body": "[{\"category\":\"POSTURE\",\"selectedValue\":\"In_Position_Sitting\"},{\"category\":\"HIGH LEVEL BEHAVIOR\",\"selectedValue\":[\"Eating/Dining\",\"Meeting _Social_Gathering_In_Person\"]},{\"category\":\"PA TYPE\",\"selectedValue\":\"Sitting_With_Movement\"},{\"category\":\"Behavioral Parameters\",\"selectedValue\":[\"Located_Indoors\",\"Holding_Other_Object_Light\",\"Texting/Browsing_Phone\",\"In_Conversation\"]},{\"category\":\"Experimental situation\",\"selectedValue\":\"Free_Living\"}]"
                }
            ]
        },
        {
            "id": "6ed751a7-f81b-475d-95d4-81737a061966",
            "range": {
                "start": 11822,
                "end": 11856
            },
            "shape": {
                "x1": null,
                "x2": null,
                "y1": null,
                "y2": null
            },
            "comments": [
                {
                    "id": "f386c6dd-25f8-46cf-1098-f630c06ecc0d",
                    "meta": {
                        "datetime": "2022-04-01T15:48:33.856Z",
                        "user_id": 2,
                        "user_name": "Harish"
                    },
                    "body": "[{\"category\":\"POSTURE\",\"selectedValue\":\"Posture_Indecipherable/Video_Insufficient\"},{\"category\":\"HIGH LEVEL BEHAVIOR\",\"selectedValue\":[\"HLB_Indecipherable/Video_Insufficient\"]},{\"category\":\"PA TYPE\",\"selectedValue\":\"PA_Type_VideoUnavailable/Indecipherable\"},{\"category\":\"Behavioral Parameters\",\"selectedValue\":[\"BP_VideoUnavailable/Indecipherable\"]},{\"category\":\"Experimental situation\",\"selectedValue\":\"ES_VideoUnavailable/Indecipherable\"}]"
                }
            ]
        },
        {
            "id": "8175594e-fc2f-40c4-aa0a-2d95cd39b74a",
            "range": {
                "start": 11856,
                "end": 12034
            },
            "shape": {
                "x1": null,
                "x2": null,
                "y1": null,
                "y2": null
            },
            "comments": [
                {
                    "id": "d9e7e0d5-baf8-bd7b-58b9-f123f6f77bfe",
                    "meta": {
                        "datetime": "2022-04-01T15:49:52.468Z",
                        "user_id": 2,
                        "user_name": "Harish"
                    },
                    "body": "[{\"category\":\"POSTURE\",\"selectedValue\":\"In_Position_Sitting\"},{\"category\":\"HIGH LEVEL BEHAVIOR\",\"selectedValue\":[\"Eating/Dining\",\"Meeting _Social_Gathering_In_Person\"]},{\"category\":\"PA TYPE\",\"selectedValue\":\"Sitting_With_Movement\"},{\"category\":\"Behavioral Parameters\",\"selectedValue\":[\"Located_Indoors\",\"Holding_Other_Object_Light\",\"In_Conversation\"]},{\"category\":\"Experimental situation\",\"selectedValue\":\"Free_Living\"}]"
                }
            ]
        },
        {
            "id": "75f2bb9d-a65c-4587-b78b-4c231f64346f",
            "range": {
                "start": 12034,
                "end": 12055
            },
            "shape": {
                "x1": null,
                "x2": null,
                "y1": null,
                "y2": null
            },
            "comments": [
                {
                    "id": "8821af34-660f-4962-8755-e19b32986320",
                    "meta": {
                        "datetime": "2022-04-01T15:50:30.240Z",
                        "user_id": 2,
                        "user_name": "Harish"
                    },
                    "body": "[{\"category\":\"POSTURE\",\"selectedValue\":\"In_Position_Upright\"},{\"category\":\"HIGH LEVEL BEHAVIOR\",\"selectedValue\":[\"HLB_Other\"]},{\"category\":\"PA TYPE\",\"selectedValue\":\"Puttering_Around\"},{\"category\":\"Behavioral Parameters\",\"selectedValue\":[\"Located_Indoors\",\"Holding_Drink\"]},{\"category\":\"Experimental situation\",\"selectedValue\":\"Free_Living\"}]"
                }
            ]
        },
        {
            "id": "59f237b6-44f5-4809-81c5-8d43a033df91",
            "range": {
                "start": 12055,
                "end": 12318
            },
            "shape": {
                "x1": null,
                "x2": null,
                "y1": null,
                "y2": null
            },
            "comments": [
                {
                    "id": "bd37c68d-eee0-5986-f6d2-154021f85fe9",
                    "meta": {
                        "datetime": "2022-04-01T15:56:49.127Z",
                        "user_id": 2,
                        "user_name": "Harish"
                    },
                    "body": "[{\"category\":\"POSTURE\",\"selectedValue\":\"In_Position_Sitting\"},{\"category\":\"HIGH LEVEL BEHAVIOR\",\"selectedValue\":[\"Eating/Dining\",\"Meeting _Social_Gathering_In_Person\"]},{\"category\":\"PA TYPE\",\"selectedValue\":\"Sitting_With_Movement\"},{\"category\":\"Behavioral Parameters\",\"selectedValue\":[\"Located_Indoors\",\"In_Conversation\"]},{\"category\":\"Experimental situation\",\"selectedValue\":\"Free_Living\"}]"
                }
            ]
        },
        {
            "id": "fa233652-fedc-47f7-a375-6da75670211f",
            "range": {
                "start": 12318,
                "end": 12463
            },
            "shape": {
                "x1": null,
                "x2": null,
                "y1": null,
                "y2": null
            },
            "comments": [
                {
                    "id": "b7e1de62-c3db-7885-d543-efceb3ecf63e",
                    "meta": {
                        "datetime": "2022-04-01T15:57:40.790Z",
                        "user_id": 2,
                        "user_name": "Harish"
                    },
                    "body": "[{\"category\":\"POSTURE\",\"selectedValue\":\"Posture_Indecipherable/Video_Insufficient\"},{\"category\":\"HIGH LEVEL BEHAVIOR\",\"selectedValue\":[\"HLB_Indecipherable/Video_Insufficient\"]},{\"category\":\"PA TYPE\",\"selectedValue\":\"PA_Type_VideoUnavailable/Indecipherable\"},{\"category\":\"Behavioral Parameters\",\"selectedValue\":[\"BP_VideoUnavailable/Indecipherable\"]},{\"category\":\"Experimental situation\",\"selectedValue\":\"ES_VideoUnavailable/Indecipherable\"}]"
                }
            ]
        },
        {
            "id": "ab2a1418-1306-4733-bdb2-10120e9f325f",
            "range": {
                "start": 12463,
                "end": 12597
            },
            "shape": {
                "x1": null,
                "x2": null,
                "y1": null,
                "y2": null
            },
            "comments": [
                {
                    "id": "6f351f35-bfa4-d097-1c04-d6b2e69c080c",
                    "meta": {
                        "datetime": "2022-04-01T15:58:43.668Z",
                        "user_id": 2,
                        "user_name": "Harish"
                    },
                    "body": "[{\"category\":\"POSTURE\",\"selectedValue\":\"In_Position_Upright\"},{\"category\":\"HIGH LEVEL BEHAVIOR\",\"selectedValue\":[\"In_Transit_Active\"]},{\"category\":\"PA TYPE\",\"selectedValue\":\"Walking\"},{\"category\":\"Behavioral Parameters\",\"selectedValue\":[\"Located_Outdoors\"]},{\"category\":\"Experimental situation\",\"selectedValue\":\"Free_Living\"}]"
                }
            ]
        },
        {
            "id": "bd448f24-eb65-4910-a073-ccdf1b8a08e1",
            "range": {
                "start": 12597,
                "end": 12628
            },
            "shape": {
                "x1": null,
                "x2": null,
                "y1": null,
                "y2": null
            },
            "comments": [
                {
                    "id": "2f5f45a3-312d-cd79-bf56-16892ab65f32",
                    "meta": {
                        "datetime": "2022-04-01T15:59:25.151Z",
                        "user_id": 2,
                        "user_name": "Harish"
                    },
                    "body": "[{\"category\":\"POSTURE\",\"selectedValue\":\"Posture_Indecipherable/Video_Insufficient\"},{\"category\":\"HIGH LEVEL BEHAVIOR\",\"selectedValue\":[\"HLB_Indecipherable/Video_Insufficient\"]},{\"category\":\"PA TYPE\",\"selectedValue\":\"PA_Type_VideoUnavailable/Indecipherable\"},{\"category\":\"Behavioral Parameters\",\"selectedValue\":[\"BP_VideoUnavailable/Indecipherable\"]},{\"category\":\"Experimental situation\",\"selectedValue\":\"ES_VideoUnavailable/Indecipherable\"}]"
                }
            ]
        },
        {
            "id": "468ca8c1-ab7d-475e-8b21-d43ba9b614f9",
            "range": {
                "start": 12628,
                "end": 12700
            },
            "shape": {
                "x1": null,
                "x2": null,
                "y1": null,
                "y2": null
            },
            "comments": [
                {
                    "id": "8f3d8901-af6a-e855-f392-dc67682650d6",
                    "meta": {
                        "datetime": "2022-04-01T16:01:08.477Z",
                        "user_id": 2,
                        "user_name": "Harish"
                    },
                    "body": "[{\"category\":\"POSTURE\",\"selectedValue\":\"In_Position_Upright\"},{\"category\":\"HIGH LEVEL BEHAVIOR\",\"selectedValue\":[\"In_Transit_Active\"]},{\"category\":\"PA TYPE\",\"selectedValue\":\"Walking_Up_Stairs\"},{\"category\":\"Behavioral Parameters\",\"selectedValue\":[\"Located_Indoors\",\"Holding_Other_Object_Light\",\"Texting/Browsing_Phone\"]},{\"category\":\"Experimental situation\",\"selectedValue\":\"Free_Living\"}]"
                }
            ]
        },
        {
            "id": "330eb8a7-cb15-4544-858f-758e75a46910",
            "range": {
                "start": 12700,
                "end": 12733
            },
            "shape": {
                "x1": null,
                "x2": null,
                "y1": null,
                "y2": null
            },
            "comments": [
                {
                    "id": "171b6097-96c3-8fee-4b21-95dc637fe886",
                    "meta": {
                        "datetime": "2022-04-01T16:01:57.441Z",
                        "user_id": 2,
                        "user_name": "Harish"
                    },
                    "body": "[{\"category\":\"POSTURE\",\"selectedValue\":\"In_Position_Upright\"},{\"category\":\"HIGH LEVEL BEHAVIOR\",\"selectedValue\":[\"In_Transit_Active\"]},{\"category\":\"PA TYPE\",\"selectedValue\":\"Walking\"},{\"category\":\"Behavioral Parameters\",\"selectedValue\":[\"Located_Indoors\",\"Holding_Other_Object_Light\",\"Texting/Browsing_Phone\"]},{\"category\":\"Experimental situation\",\"selectedValue\":\"Free_Living\"}]"
                }
            ]
        },
        {
            "id": "703049b1-37d6-429d-b4db-cc87c589b20a",
            "range": {
                "start": 12737,
                "end": 13013
            },
            "shape": {
                "x1": null,
                "x2": null,
                "y1": null,
                "y2": null
            },
            "comments": [
                {
                    "id": "85c7e399-64f0-2d1b-10b3-20e8431178bc",
                    "meta": {
                        "datetime": "2022-04-01T16:02:35.489Z",
                        "user_id": 2,
                        "user_name": "Harish"
                    },
                    "body": "[{\"category\":\"POSTURE\",\"selectedValue\":\"Posture_Indecipherable/Video_Insufficient\"},{\"category\":\"HIGH LEVEL BEHAVIOR\",\"selectedValue\":[\"HLB_Indecipherable/Video_Insufficient\"]},{\"category\":\"PA TYPE\",\"selectedValue\":\"PA_Type_VideoUnavailable/Indecipherable\"},{\"category\":\"Behavioral Parameters\",\"selectedValue\":[\"BP_VideoUnavailable/Indecipherable\"]},{\"category\":\"Experimental situation\",\"selectedValue\":\"ES_VideoUnavailable/Indecipherable\"}]"
                }
            ]
        },
        {
            "id": "a31805ea-d880-44e0-af46-61b483754b77",
            "range": {
                "start": 13013,
                "end": 13548
            },
            "shape": {
                "x1": null,
                "x2": null,
                "y1": null,
                "y2": null
            },
            "comments": [
                {
                    "id": "9af844e2-0f6a-1dba-63dd-940ff131f15e",
                    "meta": {
                        "datetime": "2022-04-01T16:05:09.552Z",
                        "user_id": 2,
                        "user_name": "Harish"
                    },
                    "body": "[{\"category\":\"POSTURE\",\"selectedValue\":\"In_Position_Sitting\"},{\"category\":\"HIGH LEVEL BEHAVIOR\",\"selectedValue\":[\"Using_Computer/Screen\"]},{\"category\":\"PA TYPE\",\"selectedValue\":\"Sitting_With_Movement\"},{\"category\":\"Behavioral Parameters\",\"selectedValue\":[\"Located_Indoors\",\"Browsing_Computer\"]},{\"category\":\"Experimental situation\",\"selectedValue\":\"Free_Living\"}]"
                }
            ]
        },
        {
            "id": "0f451615-2562-4a7d-92b2-89db80e526db",
            "range": {
                "start": 13548,
                "end": 13623
            },
            "shape": {
                "x1": null,
                "x2": null,
                "y1": null,
                "y2": null
            },
            "comments": [
                {
                    "id": "eed8f754-1449-09c0-c9af-395d55430440",
                    "meta": {
                        "datetime": "2022-04-01T16:05:52.114Z",
                        "user_id": 2,
                        "user_name": "Harish"
                    },
                    "body": "[{\"category\":\"POSTURE\",\"selectedValue\":\"In_Position_Sitting\"},{\"category\":\"HIGH LEVEL BEHAVIOR\",\"selectedValue\":[\"HLB_Indecipherable/Video_Insufficient\"]},{\"category\":\"PA TYPE\",\"selectedValue\":\"Sitting_With_Movement\"},{\"category\":\"Behavioral Parameters\",\"selectedValue\":[\"Located_Indoors\",\"Holding_Other_Object_Light\"]},{\"category\":\"Experimental situation\",\"selectedValue\":\"Free_Living\"}]"
                }
            ]
        },
        {
            "id": "323216a5-5826-4368-a62d-70decd936896",
            "range": {
                "start": 13623,
                "end": 14969
            },
            "shape": {
                "x1": null,
                "x2": null,
                "y1": null,
                "y2": null
            },
            "comments": [
                {
                    "id": "399a2c24-99ed-8e01-2238-6ca796407221",
                    "meta": {
                        "datetime": "2022-04-01T16:07:09.258Z",
                        "user_id": 2,
                        "user_name": "Harish"
                    },
                    "body": "[{\"category\":\"POSTURE\",\"selectedValue\":\"In_Position_Sitting\"},{\"category\":\"HIGH LEVEL BEHAVIOR\",\"selectedValue\":[\"Using_Computer/Screen\"]},{\"category\":\"PA TYPE\",\"selectedValue\":\"Sitting_With_Movement\"},{\"category\":\"Behavioral Parameters\",\"selectedValue\":[\"Located_Indoors\",\"Browsing_Computer\"]},{\"category\":\"Experimental situation\",\"selectedValue\":\"Free_Living\"}]"
                }
            ]
        },
        {
            "id": "27d31179-896e-4b05-81fa-d6bd983c83d3",
            "range": {
                "start": 14969,
                "end": 15717
            },
            "shape": {
                "x1": null,
                "x2": null,
                "y1": null,
                "y2": null
            },
            "comments": [
                {
                    "id": "d2a2b8c9-d022-a312-df39-97e08f0623e9",
                    "meta": {
                        "datetime": "2022-04-01T16:08:04.753Z",
                        "user_id": 2,
                        "user_name": "Harish"
                    },
                    "body": "[{\"category\":\"POSTURE\",\"selectedValue\":\"In_Position_Sitting\"},{\"category\":\"HIGH LEVEL BEHAVIOR\",\"selectedValue\":[\"Using_Computer/Screen\",\"Playing_Videogame\"]},{\"category\":\"PA TYPE\",\"selectedValue\":\"Sitting_With_Movement\"},{\"category\":\"Behavioral Parameters\",\"selectedValue\":[\"Located_Indoors\"]},{\"category\":\"Experimental situation\",\"selectedValue\":\"Free_Living\"}]"
                }
            ]
        },
        {
            "id": "70b9c246-fb40-44e2-b909-682bf6e2855f",
            "range": {
                "start": 15717,
                "end": 15826
            },
            "shape": {
                "x1": null,
                "x2": null,
                "y1": null,
                "y2": null
            },
            "comments": [
                {
                    "id": "7de1f92f-c0ce-a884-c9fe-8bf409d3028b",
                    "meta": {
                        "datetime": "2022-04-01T16:08:33.704Z",
                        "user_id": 2,
                        "user_name": "Harish"
                    },
                    "body": "[{\"category\":\"POSTURE\",\"selectedValue\":\"In_Position_Sitting\"},{\"category\":\"HIGH LEVEL BEHAVIOR\",\"selectedValue\":[\"Using_Computer/Screen\"]},{\"category\":\"PA TYPE\",\"selectedValue\":\"Sitting_With_Movement\"},{\"category\":\"Behavioral Parameters\",\"selectedValue\":[\"Located_Indoors\",\"Browsing_Computer\"]},{\"category\":\"Experimental situation\",\"selectedValue\":\"Free_Living\"}]"
                }
            ]
        },
        {
            "id": "6d86b580-3a37-48e9-af11-44356940b35e",
            "range": {
                "start": 15826,
                "end": 15886
            },
            "shape": {
                "x1": null,
                "x2": null,
                "y1": null,
                "y2": null
            },
            "comments": [
                {
                    "id": "1c46e8a8-05ae-cc8e-d8c7-8be2efef83e7",
                    "meta": {
                        "datetime": "2022-04-01T16:08:53.790Z",
                        "user_id": 2,
                        "user_name": "Harish"
                    },
                    "body": "[{\"category\":\"POSTURE\",\"selectedValue\":\"In_Position_Sitting\"},{\"category\":\"HIGH LEVEL BEHAVIOR\",\"selectedValue\":[]},{\"category\":\"PA TYPE\",\"selectedValue\":\"Sitting_With_Movement\"},{\"category\":\"Behavioral Parameters\",\"selectedValue\":[\"Located_Indoors\",\"Holding_Other_Object_Light\",\"Texting/Browsing_Phone\"]},{\"category\":\"Experimental situation\",\"selectedValue\":\"Free_Living\"}]"
                }
            ]
        },
        {
            "id": "a580787d-980e-4df4-9b7f-11facc871529",
            "range": {
                "start": 15886,
                "end": 16226
            },
            "shape": {
                "x1": null,
                "x2": null,
                "y1": null,
                "y2": null
            },
            "comments": [
                {
                    "id": "03fbf6c5-18c5-10a2-1fd9-d92ed44c146d",
                    "meta": {
                        "datetime": "2022-04-01T16:09:33.619Z",
                        "user_id": 2,
                        "user_name": "Harish"
                    },
                    "body": "[{\"category\":\"POSTURE\",\"selectedValue\":\"In_Position_Sitting\"},{\"category\":\"HIGH LEVEL BEHAVIOR\",\"selectedValue\":[\"Using_Computer/Screen\"]},{\"category\":\"PA TYPE\",\"selectedValue\":\"Sitting_With_Movement\"},{\"category\":\"Behavioral Parameters\",\"selectedValue\":[\"Located_Indoors\",\"Browsing_Computer\"]},{\"category\":\"Experimental situation\",\"selectedValue\":\"Free_Living\"}]"
                }
            ]
        },
        {
            "id": "1ec17014-93f3-4f85-9664-a0185f66d167",
            "range": {
                "start": 16226,
                "end": 32697
            },
            "shape": {
                "x1": null,
                "x2": null,
                "y1": null,
                "y2": null
            },
            "comments": [
                {
                    "id": "a4d5d995-d1b8-5ed3-e42b-212a9081b625",
                    "meta": {
                        "datetime": "2022-04-01T16:17:27.603Z",
                        "user_id": 2,
                        "user_name": "Harish"
                    },
                    "body": "[{\"category\":\"POSTURE\",\"selectedValue\":\"Posture_Indecipherable/Video_Insufficient\"},{\"category\":\"HIGH LEVEL BEHAVIOR\",\"selectedValue\":[\"HLB_Indecipherable/Video_Insufficient\"]},{\"category\":\"PA TYPE\",\"selectedValue\":\"PA_Type_VideoUnavailable/Indecipherable\"},{\"category\":\"Behavioral Parameters\",\"selectedValue\":[\"BP_VideoUnavailable/Indecipherable\"]},{\"category\":\"Experimental situation\",\"selectedValue\":\"ES_VideoUnavailable/Indecipherable\"}]"
                }
            ]
        },
        {
            "id": "9a05a97a-f531-478b-97df-db0a7ff49501",
            "range": {
                "start": 32697,
                "end": 32717
            },
            "shape": {
                "x1": null,
                "x2": null,
                "y1": null,
                "y2": null
            },
            "comments": [
                {
                    "id": "ad210b98-222e-0477-f897-d072ec76994d",
                    "meta": {
                        "datetime": "2022-04-01T16:18:24.376Z",
                        "user_id": 2,
                        "user_name": "Harish"
                    },
                    "body": "[{\"category\":\"POSTURE\",\"selectedValue\":\"In_Position_Upright\"},{\"category\":\"HIGH LEVEL BEHAVIOR\",\"selectedValue\":[]},{\"category\":\"PA TYPE\",\"selectedValue\":\"Synchronizing_Sensors\"},{\"category\":\"Behavioral Parameters\",\"selectedValue\":[\"Located_Indoors\"]},{\"category\":\"Experimental situation\",\"selectedValue\":\"Free_Living\"}]"
                }
            ]
        }
    ],
    "videoHash": -1749911473
}