START_TIME,STOP_TIME,PREDICTION,SOURCE,LABELSET,VIDEO_START_TIME,VIDEO_END_TIME
2022-05-24 20:07:55,2022-05-24 20:08:23,Located_Indoors, In_Conversation,annotator,Behavioral Parameters,2022-05-24 00:00:00,2022-05-24 00:00:28
2022-05-24 20:08:23,2022-05-24 20:08:40,Located_Indoors, In_Conversation,annotator,Behavioral Parameters,2022-05-24 00:00:28,2022-05-24 00:00:45
2022-05-24 20:08:40,2022-05-24 20:08:49,Located_Indoors, In_Conversation, Holding_Other_Object_Light,annotator,Behavioral Parameters,2022-05-24 00:00:45,2022-05-24 00:00:54
2022-05-24 20:08:49,2022-05-24 20:08:56,Located_Indoors, In_Conversation,annotator,Behavioral Parameters,2022-05-24 00:00:54,2022-05-24 00:01:01
2022-05-24 20:08:56,2022-05-24 20:09:20,Located_Indoors, In_Conversation,annotator,Behavioral Parameters,2022-05-24 00:01:01,2022-05-24 00:01:25
2022-05-24 20:09:20,2022-05-24 20:09:50,Located_Indoors, In_Conversation,annotator,Behavioral Parameters,2022-05-24 00:01:25,2022-05-24 00:01:55
2022-05-24 20:09:50,2022-05-24 20:10:09,Located_Indoors, In_Conversation,annotator,Behavioral Parameters,2022-05-24 00:01:55,2022-05-24 00:02:14
2022-05-24 20:10:09,2022-05-24 20:10:16,Located_Indoors, In_Conversation,annotator,Behavioral Parameters,2022-05-24 00:02:14,2022-05-24 00:02:21
2022-05-24 20:10:16,2022-05-24 20:10:48,Located_Indoors, In_Conversation,annotator,Behavioral Parameters,2022-05-24 00:02:21,2022-05-24 00:02:53
2022-05-24 20:10:48,2022-05-24 20:10:52,Located_Indoors, In_Conversation,annotator,Behavioral Parameters,2022-05-24 00:02:53,2022-05-24 00:02:57
2022-05-24 20:10:52,2022-05-24 20:16:28,Located_Indoors, BP_VideoUnavailable/Indecipherable,annotator,Behavioral Parameters,2022-05-24 00:02:57,2022-05-24 00:08:33
2022-05-24 20:16:28,2022-05-24 20:16:54,Located_Indoors, In_Conversation,annotator,Behavioral Parameters,2022-05-24 00:08:33,2022-05-24 00:08:59
2022-05-24 20:16:54,2022-05-24 20:16:58,Located_Indoors, In_Conversation,annotator,Behavioral Parameters,2022-05-24 00:08:59,2022-05-24 00:09:03
2022-05-24 20:16:58,2022-05-24 20:17:06,Located_Indoors, In_Conversation,annotator,Behavioral Parameters,2022-05-24 00:09:03,2022-05-24 00:09:11
2022-05-24 20:17:06,2022-05-24 20:17:11,Located_Indoors, In_Conversation,annotator,Behavioral Parameters,2022-05-24 00:09:11,2022-05-24 00:09:16
2022-05-24 20:17:11,2022-05-24 20:20:02,Located_Indoors, In_Conversation,annotator,Behavioral Parameters,2022-05-24 00:09:16,2022-05-24 00:12:07
2022-05-24 20:20:02,2022-05-24 20:20:29,Located_Indoors, In_Conversation,annotator,Behavioral Parameters,2022-05-24 00:12:07,2022-05-24 00:12:34
2022-05-24 20:20:29,2022-05-24 20:20:45,Located_Indoors, In_Conversation, Holding_Other_Object_Light,annotator,Behavioral Parameters,2022-05-24 00:12:34,2022-05-24 00:12:50
2022-05-24 20:20:45,2022-05-24 20:23:10,Located_Indoors, In_Conversation,annotator,Behavioral Parameters,2022-05-24 00:12:50,2022-05-24 00:15:15
2022-05-24 20:23:10,2022-05-24 20:23:12,Located_Indoors, In_Conversation, Holding_Other_Object_Light,annotator,Behavioral Parameters,2022-05-24 00:15:15,2022-05-24 00:15:17
2022-05-24 20:23:12,2022-05-24 20:24:57,Located_Indoors, In_Conversation,annotator,Behavioral Parameters,2022-05-24 00:15:17,2022-05-24 00:17:02
2022-05-24 20:24:57,2022-05-24 20:25:12,Located_Indoors, In_Conversation,annotator,Behavioral Parameters,2022-05-24 00:17:02,2022-05-24 00:17:17
2022-05-24 20:25:12,2022-05-24 20:25:32,Located_Indoors, In_Conversation,annotator,Behavioral Parameters,2022-05-24 00:17:17,2022-05-24 00:17:37
2022-05-24 20:25:32,2022-05-24 20:25:44,Located_Indoors, In_Conversation,annotator,Behavioral Parameters,2022-05-24 00:17:37,2022-05-24 00:17:49
2022-05-24 20:25:44,2022-05-24 20:26:17,Located_Indoors, In_Conversation,annotator,Behavioral Parameters,2022-05-24 00:17:49,2022-05-24 00:18:22
2022-05-24 20:26:17,2022-05-24 20:26:40,Located_Indoors, In_Conversation,annotator,Behavioral Parameters,2022-05-24 00:18:22,2022-05-24 00:18:45
2022-05-24 20:26:40,2022-05-24 20:26:47,Located_Indoors, In_Conversation,annotator,Behavioral Parameters,2022-05-24 00:18:45,2022-05-24 00:18:52
2022-05-24 20:26:47,2022-05-24 20:27:06,Located_Indoors, In_Conversation, Texting/Browsing_Phone,annotator,Behavioral Parameters,2022-05-24 00:18:52,2022-05-24 00:19:11
2022-05-24 20:27:06,2022-05-24 20:27:22,Located_Indoors, In_Conversation, Holding_Other_Object_Light,annotator,Behavioral Parameters,2022-05-24 00:19:11,2022-05-24 00:19:27
2022-05-24 20:27:22,2022-05-24 20:28:43,Located_Indoors, In_Conversation,annotator,Behavioral Parameters,2022-05-24 00:19:27,2022-05-24 00:20:48
2022-05-24 20:28:43,2022-05-24 20:28:55,Located_Indoors, In_Conversation, BP_VideoUnavailable/Indecipherable,annotator,Behavioral Parameters,2022-05-24 00:20:48,2022-05-24 00:21:00
2022-05-24 20:28:55,2022-05-24 20:29:07,Located_Indoors, In_Conversation,annotator,Behavioral Parameters,2022-05-24 00:21:00,2022-05-24 00:21:12
2022-05-24 20:29:07,2022-05-24 20:30:12,Located_Indoors, In_Conversation, Holding_Other_Object_Light,annotator,Behavioral Parameters,2022-05-24 00:21:12,2022-05-24 00:22:17
2022-05-24 20:30:12,2022-05-24 20:30:20,Located_Indoors, In_Conversation, Holding_Other_Object_Light,annotator,Behavioral Parameters,2022-05-24 00:22:17,2022-05-24 00:22:25
2022-05-24 20:30:20,2022-05-24 20:31:13,Located_Indoors, In_Conversation, Holding_Other_Object_Light,annotator,Behavioral Parameters,2022-05-24 00:22:25,2022-05-24 00:23:18
2022-05-24 20:31:13,2022-05-24 20:31:29,Located_Indoors, In_Conversation,annotator,Behavioral Parameters,2022-05-24 00:23:18,2022-05-24 00:23:34
2022-05-24 20:31:29,2022-05-24 20:31:52,Located_Indoors, In_Conversation, Holding_Other_Object_Light,annotator,Behavioral Parameters,2022-05-24 00:23:34,2022-05-24 00:23:57
2022-05-24 20:31:52,2022-05-24 20:32:11,Located_Indoors, In_Conversation, Texting/Browsing_Phone,annotator,Behavioral Parameters,2022-05-24 00:23:57,2022-05-24 00:24:16
2022-05-24 20:32:11,2022-05-24 20:32:42,Located_Indoors, In_Conversation,annotator,Behavioral Parameters,2022-05-24 00:24:16,2022-05-24 00:24:47
2022-05-24 20:32:42,2022-05-24 20:33:24,Located_Indoors, In_Conversation, Holding_Other_Object_Light,annotator,Behavioral Parameters,2022-05-24 00:24:47,2022-05-24 00:25:29
2022-05-24 20:33:24,2022-05-24 20:34:39,Located_Indoors, In_Conversation,annotator,Behavioral Parameters,2022-05-24 00:25:29,2022-05-24 00:26:44
2022-05-24 20:34:39,2022-05-24 20:35:21,Located_Indoors, In_Conversation,annotator,Behavioral Parameters,2022-05-24 00:26:44,2022-05-24 00:27:26
2022-05-24 20:35:21,2022-05-24 20:35:54,Located_Indoors, In_Conversation,annotator,Behavioral Parameters,2022-05-24 00:27:26,2022-05-24 00:27:59
2022-05-24 20:35:54,2022-05-24 20:35:59,Located_Indoors, In_Conversation, Holding_Other_Object_Light,annotator,Behavioral Parameters,2022-05-24 00:27:59,2022-05-24 00:28:04
2022-05-24 20:35:59,2022-05-24 20:36:24,Located_Indoors, In_Conversation, Holding_Other_Object_Light,annotator,Behavioral Parameters,2022-05-24 00:28:04,2022-05-24 00:28:29
2022-05-24 20:36:24,2022-05-24 20:36:43,Located_Indoors, In_Conversation,annotator,Behavioral Parameters,2022-05-24 00:28:29,2022-05-24 00:28:48
2022-05-24 20:36:45,2022-05-24 21:02:32,Located_Indoors, In_Conversation,annotator,Behavioral Parameters,2022-05-24 00:28:50,2022-05-24 00:54:37
2022-05-24 21:02:32,2022-05-24 21:02:45,Located_Indoors, In_Conversation, Holding_Other_Object_Light, Texting/Browsing_Phone,annotator,Behavioral Parameters,2022-05-24 00:54:37,2022-05-24 00:54:50
2022-05-24 21:02:45,2022-05-24 21:03:06,Located_Indoors, In_Conversation,annotator,Behavioral Parameters,2022-05-24 00:54:50,2022-05-24 00:55:11
2022-05-24 21:03:06,2022-05-24 21:04:39,Located_Indoors, In_Conversation, Holding_Other_Object_Light, Texting/Browsing_Phone,annotator,Behavioral Parameters,2022-05-24 00:55:11,2022-05-24 00:56:44
2022-05-24 21:04:39,2022-05-24 21:07:40,Located_Indoors, In_Conversation,annotator,Behavioral Parameters,2022-05-24 00:56:44,2022-05-24 00:59:45
2022-05-24 21:07:40,2022-05-24 21:08:50,Located_Indoors, In_Conversation,annotator,Behavioral Parameters,2022-05-24 00:59:45,2022-05-24 01:00:55
2022-05-24 21:08:50,2022-05-24 21:10:07,Located_Indoors, In_Conversation, Carrying_Bag_On_Shoulder/Back_Light,annotator,Behavioral Parameters,2022-05-24 01:00:55,2022-05-24 01:02:12
2022-05-24 21:10:07,2022-05-24 21:10:36,Located_Indoors, Carrying_Bag_On_Shoulder/Back_Light,annotator,Behavioral Parameters,2022-05-24 01:02:12,2022-05-24 01:02:41
2022-05-24 21:10:36,2022-05-24 21:10:59,Located_Indoors, Carrying_Bag_On_Shoulder/Back_Light,annotator,Behavioral Parameters,2022-05-24 01:02:41,2022-05-24 01:03:04
2022-05-24 21:10:59,2022-05-24 21:11:06,Located_Indoors, Carrying_Bag_On_Shoulder/Back_Light,annotator,Behavioral Parameters,2022-05-24 01:03:04,2022-05-24 01:03:11
2022-05-24 21:11:06,2022-05-24 21:11:21,Located_Indoors, Carrying_Bag_On_Shoulder/Back_Light,annotator,Behavioral Parameters,2022-05-24 01:03:11,2022-05-24 01:03:26
2022-05-24 21:11:21,2022-05-24 21:11:33,Located_Indoors, Carrying_Bag_On_Shoulder/Back_Light, Holding_Other_Object_Light,annotator,Behavioral Parameters,2022-05-24 01:03:26,2022-05-24 01:03:38
2022-05-24 21:11:33,2022-05-24 21:11:45,Located_Indoors, Carrying_Bag_On_Shoulder/Back_Light, Holding_Other_Object_Light,annotator,Behavioral Parameters,2022-05-24 01:03:38,2022-05-24 01:03:50
2022-05-24 21:11:45,2022-05-24 21:12:37,Located_Indoors, Carrying_Bag_On_Shoulder/Back_Light,annotator,Behavioral Parameters,2022-05-24 01:03:50,2022-05-24 01:04:42
2022-05-24 21:12:37,2022-05-24 21:12:58,Located_Indoors, Carrying_Bag_On_Shoulder/Back_Light,annotator,Behavioral Parameters,2022-05-24 01:04:42,2022-05-24 01:05:03
2022-05-24 21:12:58,2022-05-24 21:13:20,Located_Indoors, Carrying_Bag_On_Shoulder/Back_Light,annotator,Behavioral Parameters,2022-05-24 01:05:03,2022-05-24 01:05:25
2022-05-24 21:13:20,2022-05-24 21:14:33,Carrying_Bag_On_Shoulder/Back_Light, Located_Outdoors,annotator,Behavioral Parameters,2022-05-24 01:05:25,2022-05-24 01:06:38
2022-05-24 21:14:33,2022-05-24 21:14:51,Carrying_Bag_On_Shoulder/Back_Light, Located_Indoors,annotator,Behavioral Parameters,2022-05-24 01:06:38,2022-05-24 01:06:56
2022-05-24 21:14:51,2022-05-24 21:29:11,Carrying_Bag_On_Shoulder/Back_Light, Located_Indoors, Holding_Other_Object_Light, Texting/Browsing_Phone,annotator,Behavioral Parameters,2022-05-24 01:06:56,2022-05-24 01:21:16
2022-05-24 21:29:11,2022-05-24 21:29:26,Carrying_Bag_On_Shoulder/Back_Light, Located_Indoors, Holding_Other_Object_Light, Texting/Browsing_Phone,annotator,Behavioral Parameters,2022-05-24 01:21:16,2022-05-24 01:21:31
2022-05-24 21:29:26,2022-05-24 21:29:42,Carrying_Bag_On_Shoulder/Back_Light, Located_Indoors,annotator,Behavioral Parameters,2022-05-24 01:21:31,2022-05-24 01:21:47
2022-05-24 21:29:42,2022-05-24 21:29:45,Carrying_Bag_On_Shoulder/Back_Light, Located_Outdoors,annotator,Behavioral Parameters,2022-05-24 01:21:47,2022-05-24 01:21:50
2022-05-24 21:29:45,2022-05-24 21:30:48,Carrying_Bag_On_Shoulder/Back_Light, Located_Outdoors, Holding_Other_Object_Light, Texting/Browsing_Phone,annotator,Behavioral Parameters,2022-05-24 01:21:50,2022-05-24 01:22:53
2022-05-24 21:30:48,2022-05-24 21:31:56,Carrying_Bag_On_Shoulder/Back_Light, Located_Outdoors,annotator,Behavioral Parameters,2022-05-24 01:22:53,2022-05-24 01:24:01
2022-05-24 21:31:56,2022-05-24 21:32:12,Carrying_Bag_On_Shoulder/Back_Light, Located_Outdoors,annotator,Behavioral Parameters,2022-05-24 01:24:01,2022-05-24 01:24:17
2022-05-24 21:32:12,2022-05-24 21:42:57,Located_Outdoors, In_Conversation,annotator,Behavioral Parameters,2022-05-24 01:24:17,2022-05-24 01:35:02
2022-05-24 21:42:57,2022-05-24 21:57:41,Located_Outdoors, In_Conversation, Holding_Other_Object_Light, Texting/Browsing_Phone,annotator,Behavioral Parameters,2022-05-24 01:35:02,2022-05-24 01:49:46
2022-05-24 21:57:41,2022-05-24 21:59:21,Located_Outdoors, In_Conversation,annotator,Behavioral Parameters,2022-05-24 01:49:46,2022-05-24 01:51:26
2022-05-24 21:59:21,2022-05-24 22:03:59,Located_Outdoors, In_Conversation, Holding_Other_Object_Light, Texting/Browsing_Phone,annotator,Behavioral Parameters,2022-05-24 01:51:26,2022-05-24 01:56:04
2022-05-24 22:03:59,2022-05-24 22:04:18,Located_Outdoors,annotator,Behavioral Parameters,2022-05-24 01:56:04,2022-05-24 01:56:23
2022-05-24 22:04:18,2022-05-24 22:04:35,Located_Outdoors, Holding_Other_Object_Light,annotator,Behavioral Parameters,2022-05-24 01:56:23,2022-05-24 01:56:40
2022-05-24 22:04:35,2022-05-24 22:04:56,Holding_Other_Object_Light, Located_Indoors,annotator,Behavioral Parameters,2022-05-24 01:56:40,2022-05-24 01:57:01
2022-05-24 22:04:56,2022-05-24 22:05:15,Located_Indoors, Holding_Other_Object_Light, Texting/Browsing_Phone,annotator,Behavioral Parameters,2022-05-24 01:57:01,2022-05-24 01:57:20
2022-05-24 22:05:15,2022-05-24 22:06:10,Located_Indoors, In_Conversation,annotator,Behavioral Parameters,2022-05-24 01:57:20,2022-05-24 01:58:15
2022-05-24 22:06:10,2022-05-24 22:07:46,Located_Indoors, In_Conversation,annotator,Behavioral Parameters,2022-05-24 01:58:15,2022-05-24 01:59:51
2022-05-24 22:07:46,2022-05-24 22:08:04,Located_Indoors, In_Conversation, Holding_Other_Object_Light,annotator,Behavioral Parameters,2022-05-24 01:59:51,2022-05-24 02:00:09
2022-05-24 22:08:04,2022-05-24 22:08:07,Located_Indoors,annotator,Behavioral Parameters,2022-05-24 02:00:09,2022-05-24 02:00:12
2022-05-24 22:08:07,2022-05-24 22:08:41,Located_Indoors,annotator,Behavioral Parameters,2022-05-24 02:00:12,2022-05-24 02:00:46
2022-05-24 22:08:41,2022-05-24 22:08:49,Located_Indoors, Holding_Other_Object_Light,annotator,Behavioral Parameters,2022-05-24 02:00:46,2022-05-24 02:00:54
2022-05-24 22:08:49,2022-05-24 22:10:16,Located_Indoors, Holding_Other_Object_Light,annotator,Behavioral Parameters,2022-05-24 02:00:54,2022-05-24 02:02:21
2022-05-24 22:10:16,2022-05-24 22:11:20,Located_Indoors, Holding_Other_Object_Light, Texting/Browsing_Phone, In_Conversation,annotator,Behavioral Parameters,2022-05-24 02:02:21,2022-05-24 02:03:25
2022-05-24 22:11:20,2022-05-24 22:16:32,Located_Indoors, Holding_Other_Object_Light, In_Conversation, On_Video_Call/FaceTime,annotator,Behavioral Parameters,2022-05-24 02:03:25,2022-05-24 02:08:37
2022-05-24 22:16:32,2022-05-24 22:16:36,Located_Indoors, Holding_Other_Object_Light, In_Conversation,annotator,Behavioral Parameters,2022-05-24 02:08:37,2022-05-24 02:08:41
2022-05-24 22:16:36,2022-05-24 22:17:14,Located_Indoors, Holding_Other_Object_Light, In_Conversation,annotator,Behavioral Parameters,2022-05-24 02:08:41,2022-05-24 02:09:19
2022-05-24 22:17:14,2022-05-24 22:17:58,Located_Indoors, Holding_Other_Object_Light,annotator,Behavioral Parameters,2022-05-24 02:09:19,2022-05-24 02:10:03
2022-05-24 22:17:58,2022-05-24 22:18:18,Located_Indoors, Holding_Other_Object_Light,annotator,Behavioral Parameters,2022-05-24 02:10:03,2022-05-24 02:10:23
2022-05-24 22:18:18,2022-05-24 22:18:22,Located_Indoors, Holding_Other_Object_Light,annotator,Behavioral Parameters,2022-05-24 02:10:23,2022-05-24 02:10:27
2022-05-24 22:18:22,2022-05-24 22:18:41,Located_Indoors, Holding_Other_Object_Light,annotator,Behavioral Parameters,2022-05-24 02:10:27,2022-05-24 02:10:46
2022-05-24 22:18:41,2022-05-24 22:18:52,Located_Indoors, Holding_Other_Object_Light,annotator,Behavioral Parameters,2022-05-24 02:10:46,2022-05-24 02:10:57
2022-05-24 22:18:52,2022-05-24 22:19:14,Located_Indoors, Holding_Other_Object_Light, On_Video_Call/FaceTime, In_Conversation,annotator,Behavioral Parameters,2022-05-24 02:10:57,2022-05-24 02:11:19
2022-05-24 22:19:14,2022-05-24 22:23:28,Located_Indoors, Holding_Other_Object_Light, On_Video_Call/FaceTime, In_Conversation,annotator,Behavioral Parameters,2022-05-24 02:11:19,2022-05-24 02:15:33
2022-05-24 22:23:28,2022-05-24 22:23:44,Located_Indoors,annotator,Behavioral Parameters,2022-05-24 02:15:33,2022-05-24 02:15:49
2022-05-24 22:23:44,2022-05-24 22:24:30,Located_Indoors,annotator,Behavioral Parameters,2022-05-24 02:15:49,2022-05-24 02:16:35
2022-05-24 22:24:30,2022-05-24 22:24:39,Located_Indoors,annotator,Behavioral Parameters,2022-05-24 02:16:35,2022-05-24 02:16:44
2022-05-24 22:24:39,2022-05-24 22:35:29,Located_Indoors, In_Conversation, On_Video_Call/FaceTime, Holding_Other_Object_Light,annotator,Behavioral Parameters,2022-05-24 02:16:44,2022-05-24 02:27:34
2022-05-24 22:35:29,2022-05-24 22:35:49,Located_Indoors, Holding_Other_Object_Light,annotator,Behavioral Parameters,2022-05-24 02:27:34,2022-05-24 02:27:54
2022-05-24 22:35:49,2022-05-24 22:36:18,Located_Indoors, Texting/Browsing_Phone,annotator,Behavioral Parameters,2022-05-24 02:27:54,2022-05-24 02:28:23
2022-05-24 22:36:18,2022-05-24 22:38:18,Located_Indoors, Texting/Browsing_Phone, On_Video_Call/FaceTime, In_Conversation,annotator,Behavioral Parameters,2022-05-24 02:28:23,2022-05-24 02:30:23
2022-05-24 22:38:18,2022-05-24 22:38:35,Located_Indoors, Texting/Browsing_Phone, On_Video_Call/FaceTime, In_Conversation, Holding_Other_Object_Light,annotator,Behavioral Parameters,2022-05-24 02:30:23,2022-05-24 02:30:40
2022-05-24 22:38:35,2022-05-24 22:38:53,Located_Indoors, Texting/Browsing_Phone, On_Video_Call/FaceTime, In_Conversation, Holding_Other_Object_Light,annotator,Behavioral Parameters,2022-05-24 02:30:40,2022-05-24 02:30:58
2022-05-24 22:38:53,2022-05-24 22:39:54,Located_Indoors, Texting/Browsing_Phone, On_Video_Call/FaceTime, In_Conversation,annotator,Behavioral Parameters,2022-05-24 02:30:58,2022-05-24 02:31:59
2022-05-24 22:39:54,2022-05-24 22:40:12,Located_Indoors, Texting/Browsing_Phone, On_Video_Call/FaceTime, In_Conversation, Holding_Other_Object_Light,annotator,Behavioral Parameters,2022-05-24 02:31:59,2022-05-24 02:32:17
2022-05-24 22:40:12,2022-05-24 22:40:58,Located_Indoors, Texting/Browsing_Phone, On_Video_Call/FaceTime, In_Conversation,annotator,Behavioral Parameters,2022-05-24 02:32:17,2022-05-24 02:33:03
2022-05-24 22:40:58,2022-05-24 22:43:10,Located_Indoors, Texting/Browsing_Phone, On_Video_Call/FaceTime, In_Conversation,annotator,Behavioral Parameters,2022-05-24 02:33:03,2022-05-24 02:35:15
2022-05-24 22:43:10,2022-05-24 22:47:50,Located_Indoors, On_Video_Call/FaceTime, In_Conversation, Browsing_Computer,annotator,Behavioral Parameters,2022-05-24 02:35:15,2022-05-24 02:39:55
2022-05-24 22:47:50,2022-05-24 22:51:35,Located_Indoors, On_Video_Call/FaceTime, In_Conversation,annotator,Behavioral Parameters,2022-05-24 02:39:55,2022-05-24 02:43:40
2022-05-24 22:51:35,2022-05-24 22:52:31,Located_Indoors, On_Video_Call/FaceTime, In_Conversation, Browsing_Computer,annotator,Behavioral Parameters,2022-05-24 02:43:40,2022-05-24 02:44:36
2022-05-24 22:52:31,2022-05-24 22:54:18,Located_Indoors, On_Video_Call/FaceTime, In_Conversation, Browsing_Computer, Holding_Other_Object_Light, Handwriting,annotator,Behavioral Parameters,2022-05-24 02:44:36,2022-05-24 02:46:23
2022-05-24 22:54:18,2022-05-24 22:54:47,Located_Indoors, On_Video_Call/FaceTime, In_Conversation, Browsing_Computer,annotator,Behavioral Parameters,2022-05-24 02:46:23,2022-05-24 02:46:52
2022-05-24 22:54:47,2022-05-24 22:57:18,Located_Indoors, On_Video_Call/FaceTime, In_Conversation, Browsing_Computer, Holding_Other_Object_Light, Handwriting,annotator,Behavioral Parameters,2022-05-24 02:46:52,2022-05-24 02:49:23
2022-05-24 22:57:18,2022-05-24 22:59:58,Located_Indoors, On_Video_Call/FaceTime, In_Conversation, Holding_Other_Object_Light,annotator,Behavioral Parameters,2022-05-24 02:49:23,2022-05-24 02:52:03
2022-05-24 22:59:58,2022-05-24 23:00:25,Located_Indoors, On_Video_Call/FaceTime, In_Conversation, Holding_Other_Object_Light, Browsing_Computer,annotator,Behavioral Parameters,2022-05-24 02:52:03,2022-05-24 02:52:30
2022-05-24 23:00:25,2022-05-24 23:01:27,Located_Indoors, On_Video_Call/FaceTime, In_Conversation, Holding_Other_Object_Light, Handwriting,annotator,Behavioral Parameters,2022-05-24 02:52:30,2022-05-24 02:53:32
2022-05-24 23:01:27,2022-05-24 23:01:51,Located_Indoors, On_Video_Call/FaceTime, In_Conversation, Holding_Other_Object_Light, Browsing_Computer,annotator,Behavioral Parameters,2022-05-24 02:53:32,2022-05-24 02:53:56
2022-05-24 23:01:51,2022-05-24 23:03:28,Located_Indoors, On_Video_Call/FaceTime, In_Conversation, Holding_Other_Object_Light, Handwriting,annotator,Behavioral Parameters,2022-05-24 02:53:56,2022-05-24 02:55:33
2022-05-24 23:03:28,2022-05-24 23:03:44,Located_Indoors, On_Video_Call/FaceTime, In_Conversation,annotator,Behavioral Parameters,2022-05-24 02:55:33,2022-05-24 02:55:49
2022-05-24 23:03:44,2022-05-24 23:06:26,Located_Indoors, On_Video_Call/FaceTime, In_Conversation, Holding_Other_Object_Light, Handwriting,annotator,Behavioral Parameters,2022-05-24 02:55:49,2022-05-24 02:58:31
2022-05-24 23:06:26,2022-05-24 23:08:49,Located_Indoors, On_Video_Call/FaceTime, In_Conversation,annotator,Behavioral Parameters,2022-05-24 02:58:31,2022-05-24 03:00:54
2022-05-24 23:08:49,2022-05-24 23:09:20,Located_Indoors, On_Video_Call/FaceTime, In_Conversation, Holding_Other_Object_Light,annotator,Behavioral Parameters,2022-05-24 03:00:54,2022-05-24 03:01:25
2022-05-24 23:09:20,2022-05-24 23:09:49,Located_Indoors,annotator,Behavioral Parameters,2022-05-24 03:01:25,2022-05-24 03:01:54
2022-05-24 23:09:49,2022-05-24 23:10:02,Located_Indoors, Holding_Other_Object_Light, Texting/Browsing_Phone,annotator,Behavioral Parameters,2022-05-24 03:01:54,2022-05-24 03:02:07
2022-05-24 23:10:02,2022-05-24 23:13:56,Located_Indoors, Browsing_Computer,annotator,Behavioral Parameters,2022-05-24 03:02:07,2022-05-24 03:06:01
2022-05-24 23:13:56,2022-05-24 23:27:21,Located_Indoors, Holding_Other_Object_Light, Handwriting,annotator,Behavioral Parameters,2022-05-24 03:06:01,2022-05-24 03:19:26
2022-05-24 23:27:21,2022-05-24 23:32:32,Located_Indoors, Holding_Other_Object_Light, Texting/Browsing_Phone,annotator,Behavioral Parameters,2022-05-24 03:19:26,2022-05-24 03:24:37
2022-05-24 23:32:33,2022-05-24 23:32:45,Located_Indoors,annotator,Behavioral Parameters,2022-05-24 03:24:38,2022-05-24 03:24:50
2022-05-24 23:32:45,2022-05-24 23:34:02,Located_Indoors,annotator,Behavioral Parameters,2022-05-24 03:24:50,2022-05-24 03:26:07
2022-05-24 23:34:02,2022-05-24 23:44:53,CP_VideoUnavailable/Indecipherable,annotator,Behavioral Parameters,2022-05-24 03:26:07,2022-05-24 03:36:58
2022-05-24 23:44:53,2022-05-24 23:45:44,Located_Indoors,annotator,Behavioral Parameters,2022-05-24 03:36:58,2022-05-24 03:37:49
