START_TIME,STOP_TIME,PREDICTION,SOURCE,LABELSET,VIDEO_START_TIME,VIDEO_END_TIME
2022-06-10 08:51:46,2022-06-10 08:52:39,Free_Living,annotator,Experimental situation,2022-06-10 00:01:05,2022-06-10 00:01:58
2022-06-10 08:52:40,2022-06-10 08:53:25,Free_Living,annotator,Experimental situation,2022-06-10 00:01:59,2022-06-10 00:02:44
2022-06-10 08:53:28,2022-06-10 08:54:37,Free_Living,annotator,Experimental situation,2022-06-10 00:02:47,2022-06-10 00:03:56
2022-06-10 08:54:38,2022-06-10 08:59:24,Free_Living,annotator,Experimental situation,2022-06-10 00:03:57,2022-06-10 00:08:43
2022-06-10 08:59:26,2022-06-10 09:02:07,Free_Living,annotator,Experimental situation,2022-06-10 00:08:45,2022-06-10 00:11:26
2022-06-10 09:02:07,2022-06-10 09:06:31,Free_Living,annotator,Experimental situation,2022-06-10 00:11:26,2022-06-10 00:15:50
2022-06-10 09:06:33,2022-06-10 09:18:17,Free_Living,annotator,Experimental situation,2022-06-10 00:15:52,2022-06-10 00:27:36
2022-06-10 09:18:23,2022-06-10 09:19:05,Free_Living,annotator,Experimental situation,2022-06-10 00:27:42,2022-06-10 00:28:24
2022-06-10 09:19:08,2022-06-10 09:33:51,Free_Living,annotator,Experimental situation,2022-06-10 00:28:27,2022-06-10 00:43:10
2022-06-10 09:33:56,2022-06-10 09:34:35,Free_Living,annotator,Experimental situation,2022-06-10 00:43:15,2022-06-10 00:43:54
2022-06-10 09:34:38,2022-06-10 09:35:20,Free_Living,annotator,Experimental situation,2022-06-10 00:43:57,2022-06-10 00:44:39
2022-06-10 09:35:21,2022-06-10 09:36:58,Free_Living,annotator,Experimental situation,2022-06-10 00:44:40,2022-06-10 00:46:17
2022-06-10 09:37:00,2022-06-10 09:38:43,Free_Living,annotator,Experimental situation,2022-06-10 00:46:19,2022-06-10 00:48:02
2022-06-10 09:38:43,2022-06-10 09:40:47,Free_Living,annotator,Experimental situation,2022-06-10 00:48:02,2022-06-10 00:50:06
2022-06-10 09:40:50,2022-06-10 09:42:10,Free_Living,annotator,Experimental situation,2022-06-10 00:50:09,2022-06-10 00:51:29
2022-06-10 09:42:11,2022-06-10 09:42:29,Free_Living,annotator,Experimental situation,2022-06-10 00:51:30,2022-06-10 00:51:48
2022-06-10 09:42:31,2022-06-10 09:50:53,Free_Living,annotator,Experimental situation,2022-06-10 00:51:50,2022-06-10 01:00:12
2022-06-10 09:50:58,2022-06-10 09:56:25,Free_Living,annotator,Experimental situation,2022-06-10 01:00:17,2022-06-10 01:05:44
2022-06-10 09:56:27,2022-06-10 10:01:18,Free_Living,annotator,Experimental situation,2022-06-10 01:05:46,2022-06-10 01:10:37
2022-06-10 10:01:19,2022-06-10 10:01:47,Free_Living,annotator,Experimental situation,2022-06-10 01:10:38,2022-06-10 01:11:06
2022-06-10 10:01:48,2022-06-10 10:02:30,Free_Living,annotator,Experimental situation,2022-06-10 01:11:07,2022-06-10 01:11:49
2022-06-10 10:02:31,2022-06-10 10:03:21,Free_Living,annotator,Experimental situation,2022-06-10 01:11:50,2022-06-10 01:12:40
2022-06-10 10:03:22,2022-06-10 10:03:50,Free_Living,annotator,Experimental situation,2022-06-10 01:12:41,2022-06-10 01:13:09
2022-06-10 10:03:51,2022-06-10 10:05:08,Free_Living,annotator,Experimental situation,2022-06-10 01:13:10,2022-06-10 01:14:27
2022-06-10 10:05:10,2022-06-10 10:12:27,Free_Living,annotator,Experimental situation,2022-06-10 01:14:29,2022-06-10 01:21:46
2022-06-10 10:15:19,2022-06-10 13:24:53,Free_Living,annotator,Experimental situation,2022-06-10 01:24:38,2022-06-10 04:34:12
2022-06-10 13:24:55,2022-06-10 13:25:46,Free_Living,annotator,Experimental situation,2022-06-10 04:34:14,2022-06-10 04:35:05
2022-06-10 13:25:46,2022-06-10 13:34:12,Free_Living,annotator,Experimental situation,2022-06-10 04:35:05,2022-06-10 04:43:31
2022-06-10 13:34:14,2022-06-10 13:35:51,Free_Living,annotator,Experimental situation,2022-06-10 04:43:33,2022-06-10 04:45:10
2022-06-10 13:35:51,2022-06-10 13:36:26,Free_Living,annotator,Experimental situation,2022-06-10 04:45:10,2022-06-10 04:45:45
2022-06-10 13:36:28,2022-06-10 13:44:23,Free_Living,annotator,Experimental situation,2022-06-10 04:45:47,2022-06-10 04:53:42
2022-06-10 13:44:26,2022-06-10 13:45:10,Free_Living,annotator,Experimental situation,2022-06-10 04:53:45,2022-06-10 04:54:29
2022-06-10 13:45:34,2022-06-10 13:47:03,Free_Living,annotator,Experimental situation,2022-06-10 04:54:53,2022-06-10 04:56:22
2022-06-10 13:47:05,2022-06-10 13:47:42,Free_Living,annotator,Experimental situation,2022-06-10 04:56:24,2022-06-10 04:57:01
2022-06-10 13:47:43,2022-06-10 13:53:59,Free_Living,annotator,Experimental situation,2022-06-10 04:57:02,2022-06-10 05:03:18
2022-06-10 13:54:01,2022-06-10 13:54:31,Free_Living,annotator,Experimental situation,2022-06-10 05:03:20,2022-06-10 05:03:50
2022-06-10 13:54:32,2022-06-10 13:55:02,Free_Living,annotator,Experimental situation,2022-06-10 05:03:51,2022-06-10 05:04:21
2022-06-10 13:55:04,2022-06-10 13:55:47,Free_Living,annotator,Experimental situation,2022-06-10 05:04:23,2022-06-10 05:05:06
2022-06-10 13:55:51,2022-06-10 13:59:36,Free_Living,annotator,Experimental situation,2022-06-10 05:05:10,2022-06-10 05:08:55
2022-06-10 13:59:39,2022-06-10 17:18:20,Free_Living,annotator,Experimental situation,2022-06-10 05:08:58,2022-06-10 08:27:39
2022-06-10 17:18:20,2022-06-10 17:19:02,Free_Living,annotator,Experimental situation,2022-06-10 08:27:39,2022-06-10 08:28:21
2022-06-10 17:19:02,2022-06-10 17:19:37,Free_Living,annotator,Experimental situation,2022-06-10 08:28:21,2022-06-10 08:28:56
2022-06-10 17:19:37,2022-06-10 17:19:57,Free_Living,annotator,Experimental situation,2022-06-10 08:28:56,2022-06-10 08:29:16
2022-06-10 17:19:57,2022-06-10 17:20:13,Free_Living,annotator,Experimental situation,2022-06-10 08:29:16,2022-06-10 08:29:32
2022-06-10 17:20:13,2022-06-10 17:36:11,Free_Living,annotator,Experimental situation,2022-06-10 08:29:32,2022-06-10 08:45:30
2022-06-10 17:36:11,2022-06-10 17:37:11,Free_Living,annotator,Experimental situation,2022-06-10 08:45:30,2022-06-10 08:46:30
2022-06-10 17:37:11,2022-06-10 17:58:39,Free_Living,annotator,Experimental situation,2022-06-10 08:46:30,2022-06-10 09:07:58
2022-06-10 17:58:39,2022-06-10 18:02:25,Free_Living,annotator,Experimental situation,2022-06-10 09:07:58,2022-06-10 09:11:44
2022-06-10 18:02:25,2022-06-10 18:26:28,Free_Living,annotator,Experimental situation,2022-06-10 09:11:44,2022-06-10 09:35:47
2022-06-10 18:26:28,2022-06-10 18:29:39,Free_Living,annotator,Experimental situation,2022-06-10 09:35:47,2022-06-10 09:38:58
2022-06-10 18:29:39,2022-06-10 19:19:25,Free_Living,annotator,Experimental situation,2022-06-10 09:38:58,2022-06-10 10:28:44
2022-06-10 19:19:25,2022-06-10 19:21:31,Free_Living,annotator,Experimental situation,2022-06-10 10:28:44,2022-06-10 10:30:50
2022-06-10 19:21:31,2022-06-10 19:30:27,Free_Living,annotator,Experimental situation,2022-06-10 10:30:50,2022-06-10 10:39:46
2022-06-10 19:30:27,2022-06-10 19:33:17,Free_Living,annotator,Experimental situation,2022-06-10 10:39:46,2022-06-10 10:42:36
2022-06-10 19:33:17,2022-06-10 19:39:15,Free_Living,annotator,Experimental situation,2022-06-10 10:42:36,2022-06-10 10:48:34
2022-06-10 19:39:15,2022-06-10 19:40:16,Free_Living,annotator,Experimental situation,2022-06-10 10:48:34,2022-06-10 10:49:35
2022-06-10 19:40:16,2022-06-10 20:18:18,Free_Living,annotator,Experimental situation,2022-06-10 10:49:35,2022-06-10 11:27:37
2022-06-10 20:18:18,2022-06-10 20:18:49,Free_Living,annotator,Experimental situation,2022-06-10 11:27:37,2022-06-10 11:28:08
2022-06-10 20:18:49,2022-06-10 20:22:32,Free_Living,annotator,Experimental situation,2022-06-10 11:28:08,2022-06-10 11:31:51
2022-06-10 20:22:32,2022-06-10 20:22:49,Free_Living,annotator,Experimental situation,2022-06-10 11:31:51,2022-06-10 11:32:08
2022-06-10 20:22:49,2022-06-10 20:23:05,Free_Living,annotator,Experimental situation,2022-06-10 11:32:08,2022-06-10 11:32:24
2022-06-10 20:23:05,2022-06-10 20:23:46,Free_Living,annotator,Experimental situation,2022-06-10 11:32:24,2022-06-10 11:33:05
2022-06-10 20:23:46,2022-06-10 20:24:31,Free_Living,annotator,Experimental situation,2022-06-10 11:33:05,2022-06-10 11:33:50
2022-06-10 20:24:31,2022-06-10 20:32:44,Free_Living,annotator,Experimental situation,2022-06-10 11:33:50,2022-06-10 11:42:03
2022-06-10 20:32:44,2022-06-10 20:34:37,Free_Living,annotator,Experimental situation,2022-06-10 11:42:03,2022-06-10 11:43:56
2022-06-10 20:34:37,2022-06-10 20:42:35,Free_Living,annotator,Experimental situation,2022-06-10 11:43:56,2022-06-10 11:51:54
2022-06-10 20:42:35,2022-06-10 20:43:03,Free_Living,annotator,Experimental situation,2022-06-10 11:51:54,2022-06-10 11:52:22
2022-06-10 20:43:03,2022-06-10 20:43:34,Free_Living,annotator,Experimental situation,2022-06-10 11:52:22,2022-06-10 11:52:53
2022-06-10 20:43:34,2022-06-10 20:43:48,Free_Living,annotator,Experimental situation,2022-06-10 11:52:53,2022-06-10 11:53:07
2022-06-10 20:43:48,2022-06-10 20:45:22,Free_Living,annotator,Experimental situation,2022-06-10 11:53:07,2022-06-10 11:54:41
2022-06-10 20:45:22,2022-06-10 20:45:24,Free_Living,annotator,Experimental situation,2022-06-10 11:54:41,2022-06-10 11:54:43
2022-06-10 20:45:24,2022-06-10 20:48:51,Free_Living,annotator,Experimental situation,2022-06-10 11:54:43,2022-06-10 11:58:10
2022-06-10 20:48:51,2022-06-10 20:49:21,Free_Living,annotator,Experimental situation,2022-06-10 11:58:10,2022-06-10 11:58:40
2022-06-10 20:49:21,2022-06-10 20:49:58,Free_Living,annotator,Experimental situation,2022-06-10 11:58:40,2022-06-10 11:59:17
2022-06-10 20:49:58,2022-06-10 20:50:07,Free_Living,annotator,Experimental situation,2022-06-10 11:59:17,2022-06-10 11:59:26
2022-06-10 20:50:07,2022-06-10 20:50:32,Free_Living,annotator,Experimental situation,2022-06-10 11:59:26,2022-06-10 11:59:51
2022-06-10 20:50:32,2022-06-10 21:09:42,Free_Living,annotator,Experimental situation,2022-06-10 11:59:51,2022-06-10 12:19:01
2022-06-10 21:09:42,2022-06-10 21:09:48,Free_Living,annotator,Experimental situation,2022-06-10 12:19:01,2022-06-10 12:19:07
2022-06-10 21:09:48,2022-06-10 21:11:21,Free_Living,annotator,Experimental situation,2022-06-10 12:19:07,2022-06-10 12:20:40
2022-06-10 21:11:21,2022-06-10 21:13:47,Free_Living,annotator,Experimental situation,2022-06-10 12:20:40,2022-06-10 12:23:06
2022-06-10 21:13:47,2022-06-10 21:16:26,Free_Living,annotator,Experimental situation,2022-06-10 12:23:06,2022-06-10 12:25:45
2022-06-10 21:16:26,2022-06-10 21:17:09,Free_Living,annotator,Experimental situation,2022-06-10 12:25:45,2022-06-10 12:26:28
2022-06-10 21:17:09,2022-06-10 21:18:02,Free_Living,annotator,Experimental situation,2022-06-10 12:26:28,2022-06-10 12:27:21
2022-06-10 21:18:02,2022-06-10 21:19:06,Free_Living,annotator,Experimental situation,2022-06-10 12:27:21,2022-06-10 12:28:25
2022-06-10 21:19:06,2022-06-10 21:19:08,Free_Living,annotator,Experimental situation,2022-06-10 12:28:25,2022-06-10 12:28:27
2022-06-10 21:19:08,2022-06-10 21:19:41,Free_Living,annotator,Experimental situation,2022-06-10 12:28:27,2022-06-10 12:29:00
2022-06-10 21:19:41,2022-06-10 21:26:41,Free_Living,annotator,Experimental situation,2022-06-10 12:29:00,2022-06-10 12:36:00
2022-06-10 21:26:41,2022-06-10 21:27:06,Free_Living,annotator,Experimental situation,2022-06-10 12:36:00,2022-06-10 12:36:25
2022-06-10 21:27:06,2022-06-10 21:30:35,Free_Living,annotator,Experimental situation,2022-06-10 12:36:25,2022-06-10 12:39:54
2022-06-10 21:30:35,2022-06-10 21:30:46,Free_Living,annotator,Experimental situation,2022-06-10 12:39:54,2022-06-10 12:40:05
2022-06-10 21:30:46,2022-06-10 21:31:18,Free_Living,annotator,Experimental situation,2022-06-10 12:40:05,2022-06-10 12:40:37
2022-06-10 21:31:18,2022-06-10 21:31:31,Free_Living,annotator,Experimental situation,2022-06-10 12:40:37,2022-06-10 12:40:50
2022-06-10 21:31:31,2022-06-10 21:31:56,Free_Living,annotator,Experimental situation,2022-06-10 12:40:50,2022-06-10 12:41:15
2022-06-10 21:31:56,2022-06-10 21:32:09,Free_Living,annotator,Experimental situation,2022-06-10 12:41:15,2022-06-10 12:41:28
2022-06-10 21:32:09,2022-06-10 21:33:32,Free_Living,annotator,Experimental situation,2022-06-10 12:41:28,2022-06-10 12:42:51
2022-06-10 21:33:32,2022-06-10 21:35:24,Free_Living,annotator,Experimental situation,2022-06-10 12:42:51,2022-06-10 12:44:43
2022-06-10 21:35:24,2022-06-10 21:35:41,Free_Living,annotator,Experimental situation,2022-06-10 12:44:43,2022-06-10 12:45:00
