START_TIME,STOP_TIME,PREDICTION,SOURCE,LABELSET,VIDEO_START_TIME,VIDEO_END_TIME
2022-02-25 09:07:25,2022-02-25 09:08:26,Free_Living,annotator,Experimental situation,2022-02-25 00:00:00,2022-02-25 00:01:01
2022-02-25 09:08:27,2022-02-25 09:09:10,Free_Living,annotator,Experimental situation,2022-02-25 00:01:02,2022-02-25 00:01:45
2022-02-25 09:09:11,2022-02-25 09:09:49,Free_Living,annotator,Experimental situation,2022-02-25 00:01:46,2022-02-25 00:02:24
2022-02-25 09:09:50,2022-02-25 09:09:56,Free_Living,annotator,Experimental situation,2022-02-25 00:02:25,2022-02-25 00:02:31
2022-02-25 09:09:57,2022-02-25 09:10:44,Free_Living,annotator,Experimental situation,2022-02-25 00:02:32,2022-02-25 00:03:19
2022-02-25 09:10:44,2022-02-25 09:11:52,Free_Living,annotator,Experimental situation,2022-02-25 00:03:19,2022-02-25 00:04:27
2022-02-25 09:11:52,2022-02-25 09:12:14,Free_Living,annotator,Experimental situation,2022-02-25 00:04:27,2022-02-25 00:04:49
2022-02-25 09:12:14,2022-02-25 09:12:21,Free_Living,annotator,Experimental situation,2022-02-25 00:04:49,2022-02-25 00:04:56
2022-02-25 09:12:23,2022-02-25 09:12:43,Free_Living,annotator,Experimental situation,2022-02-25 00:04:58,2022-02-25 00:05:18
2022-02-25 09:12:44,2022-02-25 09:13:13,Free_Living,annotator,Experimental situation,2022-02-25 00:05:19,2022-02-25 00:05:48
2022-02-25 09:13:14,2022-02-25 09:13:37,Free_Living,annotator,Experimental situation,2022-02-25 00:05:49,2022-02-25 00:06:12
2022-02-25 09:13:37,2022-02-25 09:13:44,Free_Living,annotator,Experimental situation,2022-02-25 00:06:12,2022-02-25 00:06:19
2022-02-25 09:13:44,2022-02-25 09:14:10,Free_Living,annotator,Experimental situation,2022-02-25 00:06:19,2022-02-25 00:06:45
2022-02-25 09:14:11,2022-02-25 09:14:24,Free_Living,annotator,Experimental situation,2022-02-25 00:06:46,2022-02-25 00:06:59
2022-02-25 09:14:25,2022-02-25 09:14:30,Free_Living,annotator,Experimental situation,2022-02-25 00:07:00,2022-02-25 00:07:05
2022-02-25 09:14:32,2022-02-25 09:14:46,Free_Living,annotator,Experimental situation,2022-02-25 00:07:07,2022-02-25 00:07:21
2022-02-25 09:14:46,2022-02-25 09:14:53,Free_Living,annotator,Experimental situation,2022-02-25 00:07:21,2022-02-25 00:07:28
2022-02-25 09:14:53,2022-02-25 09:15:36,Free_Living,annotator,Experimental situation,2022-02-25 00:07:28,2022-02-25 00:08:11
2022-02-25 09:15:37,2022-02-25 09:15:51,Free_Living,annotator,Experimental situation,2022-02-25 00:08:12,2022-02-25 00:08:26
2022-02-25 09:15:51,2022-02-25 09:16:11,Free_Living,annotator,Experimental situation,2022-02-25 00:08:26,2022-02-25 00:08:46
2022-02-25 09:16:11,2022-02-25 09:16:28,Free_Living,annotator,Experimental situation,2022-02-25 00:08:46,2022-02-25 00:09:03
2022-02-25 09:16:28,2022-02-25 09:16:39,Free_Living,annotator,Experimental situation,2022-02-25 00:09:03,2022-02-25 00:09:14
2022-02-25 09:16:41,2022-02-25 09:17:04,Free_Living,annotator,Experimental situation,2022-02-25 00:09:16,2022-02-25 00:09:39
2022-02-25 09:17:07,2022-02-25 09:17:11,Free_Living,annotator,Experimental situation,2022-02-25 00:09:42,2022-02-25 00:09:46
2022-02-25 09:17:11,2022-02-25 09:21:28,Free_Living,annotator,Experimental situation,2022-02-25 00:09:46,2022-02-25 00:14:03
2022-02-25 09:21:29,2022-02-25 09:21:55,Free_Living,annotator,Experimental situation,2022-02-25 00:14:04,2022-02-25 00:14:30
2022-02-25 09:21:56,2022-02-25 09:22:25,Free_Living,annotator,Experimental situation,2022-02-25 00:14:31,2022-02-25 00:15:00
2022-02-25 09:22:25,2022-02-25 09:23:25,Free_Living,annotator,Experimental situation,2022-02-25 00:15:00,2022-02-25 00:16:00
2022-02-25 09:23:25,2022-02-25 09:23:51,Free_Living,annotator,Experimental situation,2022-02-25 00:16:00,2022-02-25 00:16:26
2022-02-25 09:23:51,2022-02-25 09:24:29,Free_Living,annotator,Experimental situation,2022-02-25 00:16:26,2022-02-25 00:17:04
2022-02-25 09:24:29,2022-02-25 09:25:18,Free_Living,annotator,Experimental situation,2022-02-25 00:17:04,2022-02-25 00:17:53
2022-02-25 09:25:26,2022-02-25 09:27:08,Free_Living,annotator,Experimental situation,2022-02-25 00:18:01,2022-02-25 00:19:43
2022-02-25 09:27:09,2022-02-25 09:30:08,Free_Living,annotator,Experimental situation,2022-02-25 00:19:44,2022-02-25 00:22:43
2022-02-25 09:30:11,2022-02-25 09:30:41,Free_Living,annotator,Experimental situation,2022-02-25 00:22:46,2022-02-25 00:23:16
2022-02-25 09:30:52,2022-02-25 09:32:12,Free_Living,annotator,Experimental situation,2022-02-25 00:23:27,2022-02-25 00:24:47
2022-02-25 09:32:14,2022-02-25 09:33:06,Free_Living,annotator,Experimental situation,2022-02-25 00:24:49,2022-02-25 00:25:41
2022-02-25 09:33:08,2022-02-25 09:39:03,Free_Living,annotator,Experimental situation,2022-02-25 00:25:43,2022-02-25 00:31:38
2022-02-25 09:39:03,2022-02-25 09:39:23,Free_Living,annotator,Experimental situation,2022-02-25 00:31:38,2022-02-25 00:31:58
2022-02-25 09:39:29,2022-02-25 09:40:36,Free_Living,annotator,Experimental situation,2022-02-25 00:32:04,2022-02-25 00:33:11
2022-02-25 09:40:42,2022-02-25 09:40:46,Free_Living,annotator,Experimental situation,2022-02-25 00:33:17,2022-02-25 00:33:21
2022-02-25 09:40:46,2022-02-25 09:43:13,Free_Living,annotator,Experimental situation,2022-02-25 00:33:21,2022-02-25 00:35:48
2022-02-25 09:43:14,2022-02-25 09:43:36,Free_Living,annotator,Experimental situation,2022-02-25 00:35:49,2022-02-25 00:36:11
2022-02-25 09:43:36,2022-02-25 09:43:41,Free_Living,annotator,Experimental situation,2022-02-25 00:36:11,2022-02-25 00:36:16
2022-02-25 09:43:43,2022-02-25 09:44:32,Free_Living,annotator,Experimental situation,2022-02-25 00:36:18,2022-02-25 00:37:07
2022-02-25 09:44:34,2022-02-25 09:45:56,Free_Living,annotator,Experimental situation,2022-02-25 00:37:09,2022-02-25 00:38:31
2022-02-25 09:45:57,2022-02-25 09:48:41,Free_Living,annotator,Experimental situation,2022-02-25 00:38:32,2022-02-25 00:41:16
2022-02-25 09:48:45,2022-02-25 09:49:33,Free_Living,annotator,Experimental situation,2022-02-25 00:41:20,2022-02-25 00:42:08
2022-02-25 09:49:35,2022-02-25 09:49:54,Free_Living,annotator,Experimental situation,2022-02-25 00:42:10,2022-02-25 00:42:29
2022-02-25 09:49:56,2022-02-25 09:50:52,Free_Living,annotator,Experimental situation,2022-02-25 00:42:31,2022-02-25 00:43:27
2022-02-25 09:50:54,2022-02-25 09:51:06,Free_Living,annotator,Experimental situation,2022-02-25 00:43:29,2022-02-25 00:43:41
2022-02-25 09:51:06,2022-02-25 09:52:01,Free_Living,annotator,Experimental situation,2022-02-25 00:43:41,2022-02-25 00:44:36
2022-02-25 09:52:03,2022-02-25 09:52:27,Free_Living,annotator,Experimental situation,2022-02-25 00:44:38,2022-02-25 00:45:02
2022-02-25 09:52:29,2022-02-25 09:52:58,Free_Living,annotator,Experimental situation,2022-02-25 00:45:04,2022-02-25 00:45:33
2022-02-25 09:53:00,2022-02-25 09:53:12,Free_Living,annotator,Experimental situation,2022-02-25 00:45:35,2022-02-25 00:45:47
2022-02-25 09:53:13,2022-02-25 09:53:17,Free_Living,annotator,Experimental situation,2022-02-25 00:45:48,2022-02-25 00:45:52
2022-02-25 09:53:18,2022-02-25 09:53:52,Free_Living,annotator,Experimental situation,2022-02-25 00:45:53,2022-02-25 00:46:27
2022-02-25 09:53:53,2022-02-25 09:56:11,Free_Living,annotator,Experimental situation,2022-02-25 00:46:28,2022-02-25 00:48:46
2022-02-25 09:56:11,2022-02-25 09:56:41,Free_Living,annotator,Experimental situation,2022-02-25 00:48:46,2022-02-25 00:49:16
2022-02-25 09:56:49,2022-02-25 09:56:57,Free_Living,annotator,Experimental situation,2022-02-25 00:49:24,2022-02-25 00:49:32
2022-02-25 09:56:57,2022-02-25 09:57:01,Free_Living,annotator,Experimental situation,2022-02-25 00:49:32,2022-02-25 00:49:36
2022-02-25 09:57:01,2022-02-25 09:57:08,Free_Living,annotator,Experimental situation,2022-02-25 00:49:36,2022-02-25 00:49:43
2022-02-25 09:57:08,2022-02-25 10:03:08,Free_Living,annotator,Experimental situation,2022-02-25 00:49:43,2022-02-25 00:55:43
2022-02-25 10:03:09,2022-02-25 10:07:00,Free_Living,annotator,Experimental situation,2022-02-25 00:55:44,2022-02-25 00:59:35
2022-02-25 10:07:01,2022-02-25 10:09:30,Free_Living,annotator,Experimental situation,2022-02-25 00:59:36,2022-02-25 01:02:05
2022-02-25 10:09:30,2022-02-25 10:09:50,Free_Living,annotator,Experimental situation,2022-02-25 01:02:05,2022-02-25 01:02:25
2022-02-25 10:09:52,2022-02-25 10:10:15,Free_Living,annotator,Experimental situation,2022-02-25 01:02:27,2022-02-25 01:02:50
2022-02-25 10:10:16,2022-02-25 10:16:19,Free_Living,annotator,Experimental situation,2022-02-25 01:02:51,2022-02-25 01:08:54
2022-02-25 10:16:20,2022-02-25 10:16:24,Free_Living,annotator,Experimental situation,2022-02-25 01:08:55,2022-02-25 01:08:59
2022-02-25 10:16:24,2022-02-25 10:22:02,Free_Living,annotator,Experimental situation,2022-02-25 01:08:59,2022-02-25 01:14:37
2022-02-25 10:22:02,2022-02-25 10:22:09,Free_Living,annotator,Experimental situation,2022-02-25 01:14:37,2022-02-25 01:14:44
2022-02-25 10:22:09,2022-02-25 10:27:28,Free_Living,annotator,Experimental situation,2022-02-25 01:14:44,2022-02-25 01:20:03
2022-02-25 10:27:31,2022-02-25 10:27:38,Free_Living,annotator,Experimental situation,2022-02-25 01:20:06,2022-02-25 01:20:13
2022-02-25 10:27:39,2022-02-25 10:28:20,Free_Living,annotator,Experimental situation,2022-02-25 01:20:14,2022-02-25 01:20:55
2022-02-25 10:28:20,2022-02-25 10:28:59,Free_Living,annotator,Experimental situation,2022-02-25 01:20:55,2022-02-25 01:21:34
2022-02-25 10:29:00,2022-02-25 10:31:41,Free_Living,annotator,Experimental situation,2022-02-25 01:21:35,2022-02-25 01:24:16
2022-02-25 10:31:42,2022-02-25 10:32:13,Free_Living,annotator,Experimental situation,2022-02-25 01:24:17,2022-02-25 01:24:48
2022-02-25 10:32:22,2022-02-25 10:32:58,Free_Living,annotator,Experimental situation,2022-02-25 01:24:57,2022-02-25 01:25:33
2022-02-25 10:32:58,2022-02-25 10:33:17,Free_Living,annotator,Experimental situation,2022-02-25 01:25:33,2022-02-25 01:25:52
2022-02-25 10:33:18,2022-02-25 10:33:41,Free_Living,annotator,Experimental situation,2022-02-25 01:25:53,2022-02-25 01:26:16
2022-02-25 10:33:41,2022-02-25 10:34:23,Free_Living,annotator,Experimental situation,2022-02-25 01:26:16,2022-02-25 01:26:58
2022-02-25 10:34:24,2022-02-25 10:35:34,Free_Living,annotator,Experimental situation,2022-02-25 01:26:59,2022-02-25 01:28:09
2022-02-25 10:35:36,2022-02-25 10:36:15,Free_Living,annotator,Experimental situation,2022-02-25 01:28:11,2022-02-25 01:28:50
2022-02-25 10:36:15,2022-02-25 10:36:43,Free_Living,annotator,Experimental situation,2022-02-25 01:28:50,2022-02-25 01:29:18
2022-02-25 10:36:45,2022-02-25 10:37:19,Free_Living,annotator,Experimental situation,2022-02-25 01:29:20,2022-02-25 01:29:54
2022-02-25 10:37:19,2022-02-25 10:38:02,Free_Living,annotator,Experimental situation,2022-02-25 01:29:54,2022-02-25 01:30:37
2022-02-25 10:38:02,2022-02-25 11:03:19,Free_Living,annotator,Experimental situation,2022-02-25 01:30:37,2022-02-25 01:55:54
2022-02-25 11:03:20,2022-02-25 11:03:50,Free_Living,annotator,Experimental situation,2022-02-25 01:55:55,2022-02-25 01:56:25
2022-02-25 11:03:50,2022-02-25 11:05:49,Free_Living,annotator,Experimental situation,2022-02-25 01:56:25,2022-02-25 01:58:24
2022-02-25 11:05:49,2022-02-25 11:06:10,Free_Living,annotator,Experimental situation,2022-02-25 01:58:24,2022-02-25 01:58:45
2022-02-25 11:06:10,2022-02-25 11:06:22,Free_Living,annotator,Experimental situation,2022-02-25 01:58:45,2022-02-25 01:58:57
2022-02-25 11:06:22,2022-02-25 11:06:37,Free_Living,annotator,Experimental situation,2022-02-25 01:58:57,2022-02-25 01:59:12
2022-02-25 11:06:37,2022-02-25 11:06:41,Free_Living,annotator,Experimental situation,2022-02-25 01:59:12,2022-02-25 01:59:16
2022-02-25 11:06:41,2022-02-25 11:06:53,Free_Living,annotator,Experimental situation,2022-02-25 01:59:16,2022-02-25 01:59:28
2022-02-25 11:06:53,2022-02-25 11:07:04,Free_Living,annotator,Experimental situation,2022-02-25 01:59:28,2022-02-25 01:59:39
2022-02-25 11:07:04,2022-02-25 11:07:26,Free_Living,annotator,Experimental situation,2022-02-25 01:59:39,2022-02-25 02:00:01
2022-02-25 11:07:29,2022-02-25 11:07:38,Free_Living,annotator,Experimental situation,2022-02-25 02:00:04,2022-02-25 02:00:13
2022-02-25 11:07:38,2022-02-25 11:07:54,Free_Living,annotator,Experimental situation,2022-02-25 02:00:13,2022-02-25 02:00:29
2022-02-25 11:07:54,2022-02-25 11:08:51,Free_Living,annotator,Experimental situation,2022-02-25 02:00:29,2022-02-25 02:01:26
2022-02-25 11:08:51,2022-02-25 11:08:54,Free_Living,annotator,Experimental situation,2022-02-25 02:01:26,2022-02-25 02:01:29
2022-02-25 11:08:55,2022-02-25 11:09:54,Free_Living,annotator,Experimental situation,2022-02-25 02:01:30,2022-02-25 02:02:29
2022-02-25 11:09:54,2022-02-25 11:10:05,Free_Living,annotator,Experimental situation,2022-02-25 02:02:29,2022-02-25 02:02:40
2022-02-25 11:10:06,2022-02-25 11:10:28,Free_Living,annotator,Experimental situation,2022-02-25 02:02:41,2022-02-25 02:03:03
2022-02-25 11:10:33,2022-02-25 11:11:06,Free_Living,annotator,Experimental situation,2022-02-25 02:03:08,2022-02-25 02:03:41
2022-02-25 11:11:08,2022-02-25 11:11:09,Free_Living,annotator,Experimental situation,2022-02-25 02:03:43,2022-02-25 02:03:44
2022-02-25 11:11:10,2022-02-25 11:11:45,Free_Living,annotator,Experimental situation,2022-02-25 02:03:45,2022-02-25 02:04:20
2022-02-25 11:11:45,2022-02-25 11:12:43,Free_Living,annotator,Experimental situation,2022-02-25 02:04:20,2022-02-25 02:05:18
2022-02-25 11:12:44,2022-02-25 11:13:16,Free_Living,annotator,Experimental situation,2022-02-25 02:05:19,2022-02-25 02:05:51
2022-02-25 11:13:16,2022-02-25 11:13:36,Free_Living,annotator,Experimental situation,2022-02-25 02:05:51,2022-02-25 02:06:11
2022-02-25 11:13:36,2022-02-25 11:13:46,Free_Living,annotator,Experimental situation,2022-02-25 02:06:11,2022-02-25 02:06:21
2022-02-25 11:13:49,2022-02-25 11:14:21,Free_Living,annotator,Experimental situation,2022-02-25 02:06:24,2022-02-25 02:06:56
2022-02-25 11:14:21,2022-02-25 11:14:26,Free_Living,annotator,Experimental situation,2022-02-25 02:06:56,2022-02-25 02:07:01
2022-02-25 11:14:26,2022-02-25 11:14:51,Free_Living,annotator,Experimental situation,2022-02-25 02:07:01,2022-02-25 02:07:26
2022-02-25 11:14:52,2022-02-25 11:15:05,Free_Living,annotator,Experimental situation,2022-02-25 02:07:27,2022-02-25 02:07:40
2022-02-25 11:15:06,2022-02-25 11:16:05,Free_Living,annotator,Experimental situation,2022-02-25 02:07:41,2022-02-25 02:08:40
2022-02-25 11:16:08,2022-02-25 11:16:30,Free_Living,annotator,Experimental situation,2022-02-25 02:08:43,2022-02-25 02:09:05
2022-02-25 11:16:30,2022-02-25 11:17:10,Free_Living,annotator,Experimental situation,2022-02-25 02:09:05,2022-02-25 02:09:45
2022-02-25 11:17:12,2022-02-25 11:17:25,Free_Living,annotator,Experimental situation,2022-02-25 02:09:47,2022-02-25 02:10:00
2022-02-25 11:17:28,2022-02-25 11:17:39,Free_Living,annotator,Experimental situation,2022-02-25 02:10:03,2022-02-25 02:10:14
2022-02-25 11:17:39,2022-02-25 11:17:43,Free_Living,annotator,Experimental situation,2022-02-25 02:10:14,2022-02-25 02:10:18
2022-02-25 11:17:44,2022-02-25 11:17:50,Free_Living,annotator,Experimental situation,2022-02-25 02:10:19,2022-02-25 02:10:25
2022-02-25 11:17:52,2022-02-25 11:20:40,Free_Living,annotator,Experimental situation,2022-02-25 02:10:27,2022-02-25 02:13:15
2022-02-25 11:20:45,2022-02-25 11:20:54,Free_Living,annotator,Experimental situation,2022-02-25 02:13:20,2022-02-25 02:13:29
2022-02-25 11:20:54,2022-02-25 11:21:21,Free_Living,annotator,Experimental situation,2022-02-25 02:13:29,2022-02-25 02:13:56
2022-02-25 11:21:21,2022-02-25 11:21:41,Free_Living,annotator,Experimental situation,2022-02-25 02:13:56,2022-02-25 02:14:16
2022-02-25 11:21:41,2022-02-25 11:22:30,Free_Living,annotator,Experimental situation,2022-02-25 02:14:16,2022-02-25 02:15:05
2022-02-25 11:22:30,2022-02-25 11:22:35,Free_Living,annotator,Experimental situation,2022-02-25 02:15:05,2022-02-25 02:15:10
2022-02-25 11:22:35,2022-02-25 11:23:43,Free_Living,annotator,Experimental situation,2022-02-25 02:15:10,2022-02-25 02:16:18
2022-02-25 11:23:43,2022-02-25 11:24:54,Free_Living,annotator,Experimental situation,2022-02-25 02:16:18,2022-02-25 02:17:29
2022-02-25 11:24:54,2022-02-25 11:25:03,Free_Living,annotator,Experimental situation,2022-02-25 02:17:29,2022-02-25 02:17:38
2022-02-25 11:25:03,2022-02-25 11:25:35,Free_Living,annotator,Experimental situation,2022-02-25 02:17:38,2022-02-25 02:18:10
2022-02-25 11:25:35,2022-02-25 11:25:58,Free_Living,annotator,Experimental situation,2022-02-25 02:18:10,2022-02-25 02:18:33
2022-02-25 11:25:58,2022-02-25 11:26:34,Free_Living,annotator,Experimental situation,2022-02-25 02:18:33,2022-02-25 02:19:09
2022-02-25 11:26:34,2022-02-25 11:27:12,Free_Living,annotator,Experimental situation,2022-02-25 02:19:09,2022-02-25 02:19:47
2022-02-25 11:27:14,2022-02-25 11:27:28,Free_Living,annotator,Experimental situation,2022-02-25 02:19:49,2022-02-25 02:20:03
2022-02-25 11:27:29,2022-02-25 11:27:48,Free_Living,annotator,Experimental situation,2022-02-25 02:20:04,2022-02-25 02:20:23
2022-02-25 11:27:50,2022-02-25 11:27:54,Free_Living,annotator,Experimental situation,2022-02-25 02:20:25,2022-02-25 02:20:29
2022-02-25 11:27:54,2022-02-25 11:28:08,Free_Living,annotator,Experimental situation,2022-02-25 02:20:29,2022-02-25 02:20:43
2022-02-25 11:28:09,2022-02-25 11:28:34,Free_Living,annotator,Experimental situation,2022-02-25 02:20:44,2022-02-25 02:21:09
2022-02-25 11:28:34,2022-02-25 11:28:48,Free_Living,annotator,Experimental situation,2022-02-25 02:21:09,2022-02-25 02:21:23
2022-02-25 11:28:48,2022-02-25 11:29:22,Free_Living,annotator,Experimental situation,2022-02-25 02:21:23,2022-02-25 02:21:57
2022-02-25 11:29:23,2022-02-25 11:30:05,Free_Living,annotator,Experimental situation,2022-02-25 02:21:58,2022-02-25 02:22:40
2022-02-25 11:29:36,2022-02-25 11:29:37,Free_Living,annotator,Experimental situation,2022-02-25 02:22:11,2022-02-25 02:22:12
2022-02-25 11:30:01,2022-02-25 11:30:05,Free_Living,annotator,Experimental situation,2022-02-25 02:22:36,2022-02-25 02:22:40
2022-02-25 11:30:07,2022-02-25 11:30:49,Free_Living,annotator,Experimental situation,2022-02-25 02:22:42,2022-02-25 02:23:24
2022-02-25 11:30:49,2022-02-25 11:31:11,Free_Living,annotator,Experimental situation,2022-02-25 02:23:24,2022-02-25 02:23:46
2022-02-25 11:31:11,2022-02-25 11:31:31,Free_Living,annotator,Experimental situation,2022-02-25 02:23:46,2022-02-25 02:24:06
2022-02-25 11:31:31,2022-02-25 11:31:53,Free_Living,annotator,Experimental situation,2022-02-25 02:24:06,2022-02-25 02:24:28
2022-02-25 11:31:53,2022-02-25 11:32:21,Free_Living,annotator,Experimental situation,2022-02-25 02:24:28,2022-02-25 02:24:56
2022-02-25 11:32:21,2022-02-25 11:32:38,Free_Living,annotator,Experimental situation,2022-02-25 02:24:56,2022-02-25 02:25:13
2022-02-25 11:32:38,2022-02-25 11:32:48,Free_Living,annotator,Experimental situation,2022-02-25 02:25:13,2022-02-25 02:25:23
2022-02-25 11:32:49,2022-02-25 11:32:57,Free_Living,annotator,Experimental situation,2022-02-25 02:25:24,2022-02-25 02:25:32
2022-02-25 11:32:57,2022-02-25 11:32:57,Free_Living,annotator,Experimental situation,2022-02-25 02:25:32,2022-02-25 02:25:32
2022-02-25 11:32:58,2022-02-25 11:33:36,Free_Living,annotator,Experimental situation,2022-02-25 02:25:33,2022-02-25 02:26:11
2022-02-25 11:33:37,2022-02-25 11:34:48,Free_Living,annotator,Experimental situation,2022-02-25 02:26:12,2022-02-25 02:27:23
2022-02-25 11:34:48,2022-02-25 11:35:31,Free_Living,annotator,Experimental situation,2022-02-25 02:27:23,2022-02-25 02:28:06
2022-02-25 11:35:32,2022-02-25 11:35:59,Free_Living,annotator,Experimental situation,2022-02-25 02:28:07,2022-02-25 02:28:34
2022-02-25 11:35:59,2022-02-25 11:36:23,Free_Living,annotator,Experimental situation,2022-02-25 02:28:34,2022-02-25 02:28:58
2022-02-25 11:36:23,2022-02-25 11:37:14,Free_Living,annotator,Experimental situation,2022-02-25 02:28:58,2022-02-25 02:29:49
2022-02-25 11:37:14,2022-02-25 11:38:09,Free_Living,annotator,Experimental situation,2022-02-25 02:29:49,2022-02-25 02:30:44
2022-02-25 11:38:09,2022-02-25 11:40:23,Free_Living,annotator,Experimental situation,2022-02-25 02:30:44,2022-02-25 02:32:58
2022-02-25 11:40:23,2022-02-25 11:42:43,Free_Living,annotator,Experimental situation,2022-02-25 02:32:58,2022-02-25 02:35:18
2022-02-25 11:42:43,2022-02-25 11:43:30,Free_Living,annotator,Experimental situation,2022-02-25 02:35:18,2022-02-25 02:36:05
2022-02-25 11:43:31,2022-02-25 11:44:27,Free_Living,annotator,Experimental situation,2022-02-25 02:36:06,2022-02-25 02:37:02
2022-02-25 11:44:28,2022-02-25 11:44:43,Free_Living,annotator,Experimental situation,2022-02-25 02:37:03,2022-02-25 02:37:18
2022-02-25 11:44:44,2022-02-25 11:45:03,Free_Living,annotator,Experimental situation,2022-02-25 02:37:19,2022-02-25 02:37:38
2022-02-25 11:45:03,2022-02-25 11:46:36,Free_Living,annotator,Experimental situation,2022-02-25 02:37:38,2022-02-25 02:39:11
2022-02-25 11:46:38,2022-02-25 11:46:48,Free_Living,annotator,Experimental situation,2022-02-25 02:39:13,2022-02-25 02:39:23
2022-02-25 11:46:48,2022-02-25 11:46:59,Free_Living,annotator,Experimental situation,2022-02-25 02:39:23,2022-02-25 02:39:34
2022-02-25 11:46:59,2022-02-25 11:47:13,Free_Living,annotator,Experimental situation,2022-02-25 02:39:34,2022-02-25 02:39:48
2022-02-25 11:47:14,2022-02-25 11:48:10,Free_Living,annotator,Experimental situation,2022-02-25 02:39:49,2022-02-25 02:40:45
2022-02-25 11:48:11,2022-02-25 11:48:23,Free_Living,annotator,Experimental situation,2022-02-25 02:40:46,2022-02-25 02:40:58
2022-02-25 11:48:24,2022-02-25 11:48:41,Free_Living,annotator,Experimental situation,2022-02-25 02:40:59,2022-02-25 02:41:16
2022-02-25 11:48:42,2022-02-25 11:49:08,Free_Living,annotator,Experimental situation,2022-02-25 02:41:17,2022-02-25 02:41:43
2022-02-25 11:49:09,2022-02-25 11:49:13,Free_Living,annotator,Experimental situation,2022-02-25 02:41:44,2022-02-25 02:41:48
2022-02-25 11:49:13,2022-02-25 11:49:26,Free_Living,annotator,Experimental situation,2022-02-25 02:41:48,2022-02-25 02:42:01
2022-02-25 11:49:26,2022-02-25 11:49:31,Free_Living,annotator,Experimental situation,2022-02-25 02:42:01,2022-02-25 02:42:06
2022-02-25 11:49:31,2022-02-25 11:53:57,Free_Living,annotator,Experimental situation,2022-02-25 02:42:06,2022-02-25 02:46:32
2022-02-25 11:53:57,2022-02-25 11:54:16,Free_Living,annotator,Experimental situation,2022-02-25 02:46:32,2022-02-25 02:46:51
2022-02-25 11:54:16,2022-02-25 11:54:46,Free_Living,annotator,Experimental situation,2022-02-25 02:46:51,2022-02-25 02:47:21
2022-02-25 11:54:46,2022-02-25 11:56:15,Free_Living,annotator,Experimental situation,2022-02-25 02:47:21,2022-02-25 02:48:50
2022-02-25 11:56:16,2022-02-25 11:57:35,Free_Living,annotator,Experimental situation,2022-02-25 02:48:51,2022-02-25 02:50:10
2022-02-25 11:57:36,2022-02-25 11:57:46,Free_Living,annotator,Experimental situation,2022-02-25 02:50:11,2022-02-25 02:50:21
2022-02-25 11:57:46,2022-02-25 11:58:09,Free_Living,annotator,Experimental situation,2022-02-25 02:50:21,2022-02-25 02:50:44
2022-02-25 11:58:09,2022-02-25 11:58:15,Free_Living,annotator,Experimental situation,2022-02-25 02:50:44,2022-02-25 02:50:50
2022-02-25 11:58:15,2022-02-25 11:59:02,Free_Living,annotator,Experimental situation,2022-02-25 02:50:50,2022-02-25 02:51:37
2022-02-25 11:59:03,2022-02-25 11:59:13,Free_Living,annotator,Experimental situation,2022-02-25 02:51:38,2022-02-25 02:51:48
2022-02-25 11:59:13,2022-02-25 12:02:18,Free_Living,annotator,Experimental situation,2022-02-25 02:51:48,2022-02-25 02:54:53
2022-02-25 12:02:18,2022-02-25 12:02:31,Free_Living,annotator,Experimental situation,2022-02-25 02:54:53,2022-02-25 02:55:06
2022-02-25 12:02:31,2022-02-25 12:03:49,Free_Living,annotator,Experimental situation,2022-02-25 02:55:06,2022-02-25 02:56:24
2022-02-25 12:03:49,2022-02-25 12:04:34,Free_Living,annotator,Experimental situation,2022-02-25 02:56:24,2022-02-25 02:57:09
2022-02-25 12:04:34,2022-02-25 12:04:57,Free_Living,annotator,Experimental situation,2022-02-25 02:57:09,2022-02-25 02:57:32
2022-02-25 12:04:57,2022-02-25 12:05:05,Free_Living,annotator,Experimental situation,2022-02-25 02:57:32,2022-02-25 02:57:40
2022-02-25 12:05:08,2022-02-25 12:05:10,Free_Living,annotator,Experimental situation,2022-02-25 02:57:43,2022-02-25 02:57:45
2022-02-25 12:05:10,2022-02-25 12:05:32,Free_Living,annotator,Experimental situation,2022-02-25 02:57:45,2022-02-25 02:58:07
2022-02-25 12:05:33,2022-02-25 12:05:58,Free_Living,annotator,Experimental situation,2022-02-25 02:58:08,2022-02-25 02:58:33
2022-02-25 12:05:58,2022-02-25 12:06:23,Free_Living,annotator,Experimental situation,2022-02-25 02:58:33,2022-02-25 02:58:58
2022-02-25 12:06:23,2022-02-25 12:07:26,Free_Living,annotator,Experimental situation,2022-02-25 02:58:58,2022-02-25 03:00:01
2022-02-25 12:07:27,2022-02-25 12:08:16,Free_Living,annotator,Experimental situation,2022-02-25 03:00:02,2022-02-25 03:00:51
2022-02-25 12:08:16,2022-02-25 12:08:25,Free_Living,annotator,Experimental situation,2022-02-25 03:00:51,2022-02-25 03:01:00
2022-02-25 12:08:25,2022-02-25 12:08:39,Free_Living,annotator,Experimental situation,2022-02-25 03:01:00,2022-02-25 03:01:14
2022-02-25 12:08:41,2022-02-25 12:09:19,Free_Living,annotator,Experimental situation,2022-02-25 03:01:16,2022-02-25 03:01:54
2022-02-25 12:09:20,2022-02-25 12:09:42,Free_Living,annotator,Experimental situation,2022-02-25 03:01:55,2022-02-25 03:02:17
2022-02-25 12:09:42,2022-02-25 12:10:27,Free_Living,annotator,Experimental situation,2022-02-25 03:02:17,2022-02-25 03:03:02
2022-02-25 12:10:27,2022-02-25 12:10:44,Free_Living,annotator,Experimental situation,2022-02-25 03:03:02,2022-02-25 03:03:19
2022-02-25 12:10:44,2022-02-25 12:12:50,Free_Living,annotator,Experimental situation,2022-02-25 03:03:19,2022-02-25 03:05:25
2022-02-25 12:12:50,2022-02-25 12:13:30,Free_Living,annotator,Experimental situation,2022-02-25 03:05:25,2022-02-25 03:06:05
2022-02-25 12:13:30,2022-02-25 12:13:43,Free_Living,annotator,Experimental situation,2022-02-25 03:06:05,2022-02-25 03:06:18
2022-02-25 12:13:44,2022-02-25 12:13:53,Free_Living,annotator,Experimental situation,2022-02-25 03:06:19,2022-02-25 03:06:28
2022-02-25 12:13:53,2022-02-25 12:14:24,Free_Living,annotator,Experimental situation,2022-02-25 03:06:28,2022-02-25 03:06:59
2022-02-25 12:14:24,2022-02-25 12:14:46,Free_Living,annotator,Experimental situation,2022-02-25 03:06:59,2022-02-25 03:07:21
2022-02-25 12:14:46,2022-02-25 12:14:52,Free_Living,annotator,Experimental situation,2022-02-25 03:07:21,2022-02-25 03:07:27
2022-02-25 12:14:52,2022-02-25 12:15:24,Free_Living,annotator,Experimental situation,2022-02-25 03:07:27,2022-02-25 03:07:59
2022-02-25 12:15:24,2022-02-25 12:16:24,Free_Living,annotator,Experimental situation,2022-02-25 03:07:59,2022-02-25 03:08:59
2022-02-25 12:16:24,2022-02-25 12:16:33,Free_Living,annotator,Experimental situation,2022-02-25 03:08:59,2022-02-25 03:09:08
2022-02-25 12:16:33,2022-02-25 12:16:47,Free_Living,annotator,Experimental situation,2022-02-25 03:09:08,2022-02-25 03:09:22
2022-02-25 12:16:47,2022-02-25 12:16:57,Free_Living,annotator,Experimental situation,2022-02-25 03:09:22,2022-02-25 03:09:32
2022-02-25 12:16:57,2022-02-25 12:17:10,Free_Living,annotator,Experimental situation,2022-02-25 03:09:32,2022-02-25 03:09:45
2022-02-25 12:17:10,2022-02-25 12:17:33,Free_Living,annotator,Experimental situation,2022-02-25 03:09:45,2022-02-25 03:10:08
2022-02-25 12:17:39,2022-02-25 12:17:49,Free_Living,annotator,Experimental situation,2022-02-25 03:10:14,2022-02-25 03:10:24
2022-02-25 12:17:51,2022-02-25 12:25:12,Free_Living,annotator,Experimental situation,2022-02-25 03:10:26,2022-02-25 03:17:47
2022-02-25 12:25:15,2022-02-25 12:26:04,Free_Living,annotator,Experimental situation,2022-02-25 03:17:50,2022-02-25 03:18:39
2022-02-25 12:26:04,2022-02-25 12:26:33,Free_Living,annotator,Experimental situation,2022-02-25 03:18:39,2022-02-25 03:19:08
2022-02-25 12:26:33,2022-02-25 12:26:39,Free_Living,annotator,Experimental situation,2022-02-25 03:19:08,2022-02-25 03:19:14
2022-02-25 12:26:40,2022-02-25 12:28:41,Free_Living,annotator,Experimental situation,2022-02-25 03:19:15,2022-02-25 03:21:16
2022-02-25 12:28:42,2022-02-25 12:29:01,Free_Living,annotator,Experimental situation,2022-02-25 03:21:17,2022-02-25 03:21:36
2022-02-25 12:29:02,2022-02-25 12:29:05,Free_Living,annotator,Experimental situation,2022-02-25 03:21:37,2022-02-25 03:21:40
2022-02-25 12:29:05,2022-02-25 12:29:10,Free_Living,annotator,Experimental situation,2022-02-25 03:21:40,2022-02-25 03:21:45
2022-02-25 12:29:11,2022-02-25 12:31:13,Free_Living,annotator,Experimental situation,2022-02-25 03:21:46,2022-02-25 03:23:48
2022-02-25 12:31:13,2022-02-25 12:31:53,Free_Living,annotator,Experimental situation,2022-02-25 03:23:48,2022-02-25 03:24:28
2022-02-25 12:31:54,2022-02-25 12:32:08,Free_Living,annotator,Experimental situation,2022-02-25 03:24:29,2022-02-25 03:24:43
2022-02-25 12:32:08,2022-02-25 12:32:15,Free_Living,annotator,Experimental situation,2022-02-25 03:24:43,2022-02-25 03:24:50
2022-02-25 12:32:15,2022-02-25 12:32:56,Free_Living,annotator,Experimental situation,2022-02-25 03:24:50,2022-02-25 03:25:31
2022-02-25 12:32:57,2022-02-25 12:35:08,Free_Living,annotator,Experimental situation,2022-02-25 03:25:32,2022-02-25 03:27:43
2022-02-25 12:35:08,2022-02-25 12:35:24,Free_Living,annotator,Experimental situation,2022-02-25 03:27:43,2022-02-25 03:27:59
2022-02-25 12:35:24,2022-02-25 12:39:44,Free_Living,annotator,Experimental situation,2022-02-25 03:27:59,2022-02-25 03:32:19
2022-02-25 12:39:45,2022-02-25 12:40:33,Free_Living,annotator,Experimental situation,2022-02-25 03:32:20,2022-02-25 03:33:08
2022-02-25 12:40:34,2022-02-25 12:42:33,Free_Living,annotator,Experimental situation,2022-02-25 03:33:09,2022-02-25 03:35:08
2022-02-25 12:42:33,2022-02-25 12:42:59,Free_Living,annotator,Experimental situation,2022-02-25 03:35:08,2022-02-25 03:35:34
2022-02-25 12:43:00,2022-02-25 12:43:27,Free_Living,annotator,Experimental situation,2022-02-25 03:35:35,2022-02-25 03:36:02
2022-02-25 12:43:28,2022-02-25 12:48:00,Free_Living,annotator,Experimental situation,2022-02-25 03:36:03,2022-02-25 03:40:35
2022-02-25 12:48:06,2022-02-25 12:48:27,Free_Living,annotator,Experimental situation,2022-02-25 03:40:41,2022-02-25 03:41:02
2022-02-25 12:48:34,2022-02-25 12:49:44,Free_Living,annotator,Experimental situation,2022-02-25 03:41:09,2022-02-25 03:42:19
2022-02-25 12:49:44,2022-02-25 12:50:16,Free_Living,annotator,Experimental situation,2022-02-25 03:42:19,2022-02-25 03:42:51
2022-02-25 12:50:18,2022-02-25 12:52:48,Free_Living,annotator,Experimental situation,2022-02-25 03:42:53,2022-02-25 03:45:23
2022-02-25 12:52:50,2022-02-25 12:54:47,Free_Living,annotator,Experimental situation,2022-02-25 03:45:25,2022-02-25 03:47:22
2022-02-25 12:54:49,2022-02-25 12:58:04,Free_Living,annotator,Experimental situation,2022-02-25 03:47:24,2022-02-25 03:50:39
2022-02-25 12:58:05,2022-02-25 13:03:52,Free_Living,annotator,Experimental situation,2022-02-25 03:50:40,2022-02-25 03:56:27
2022-02-25 13:03:52,2022-02-25 13:04:08,Free_Living,annotator,Experimental situation,2022-02-25 03:56:27,2022-02-25 03:56:43
2022-02-25 13:04:09,2022-02-25 13:04:52,Free_Living,annotator,Experimental situation,2022-02-25 03:56:44,2022-02-25 03:57:27
2022-02-25 13:04:52,2022-02-25 13:04:57,Free_Living,annotator,Experimental situation,2022-02-25 03:57:27,2022-02-25 03:57:32
2022-02-25 13:04:58,2022-02-25 13:05:31,Free_Living,annotator,Experimental situation,2022-02-25 03:57:33,2022-02-25 03:58:06
2022-02-25 13:05:33,2022-02-25 13:07:02,Free_Living,annotator,Experimental situation,2022-02-25 03:58:08,2022-02-25 03:59:37
2022-02-25 13:07:02,2022-02-25 13:07:39,Free_Living,annotator,Experimental situation,2022-02-25 03:59:37,2022-02-25 04:00:14
2022-02-25 13:07:39,2022-02-25 13:07:59,Free_Living,annotator,Experimental situation,2022-02-25 04:00:14,2022-02-25 04:00:34
2022-02-25 13:08:01,2022-02-25 13:11:14,Free_Living,annotator,Experimental situation,2022-02-25 04:00:36,2022-02-25 04:03:49
2022-02-25 13:11:15,2022-02-25 13:11:59,Free_Living,annotator,Experimental situation,2022-02-25 04:03:50,2022-02-25 04:04:34
2022-02-25 13:12:01,2022-02-25 13:12:58,Free_Living,annotator,Experimental situation,2022-02-25 04:04:36,2022-02-25 04:05:33
2022-02-25 13:12:59,2022-02-25 13:16:45,Free_Living,annotator,Experimental situation,2022-02-25 04:05:34,2022-02-25 04:09:20
2022-02-25 13:16:45,2022-02-25 13:22:07,Free_Living,annotator,Experimental situation,2022-02-25 04:09:20,2022-02-25 04:14:42
2022-02-25 13:22:08,2022-02-25 13:23:26,Free_Living,annotator,Experimental situation,2022-02-25 04:14:43,2022-02-25 04:16:01
2022-02-25 13:23:26,2022-02-25 13:25:28,Free_Living,annotator,Experimental situation,2022-02-25 04:16:01,2022-02-25 04:18:03
2022-02-25 13:25:29,2022-02-25 13:25:40,Free_Living,annotator,Experimental situation,2022-02-25 04:18:04,2022-02-25 04:18:15
2022-02-25 13:25:41,2022-02-25 13:25:51,Free_Living,annotator,Experimental situation,2022-02-25 04:18:16,2022-02-25 04:18:26
2022-02-25 13:25:51,2022-02-25 13:32:15,Free_Living,annotator,Experimental situation,2022-02-25 04:18:26,2022-02-25 04:24:50
2022-02-25 13:32:16,2022-02-25 13:32:39,Free_Living,annotator,Experimental situation,2022-02-25 04:24:51,2022-02-25 04:25:14
2022-02-25 13:32:40,2022-02-25 13:32:57,Free_Living,annotator,Experimental situation,2022-02-25 04:25:15,2022-02-25 04:25:32
2022-02-25 13:32:57,2022-02-25 13:33:33,Free_Living,annotator,Experimental situation,2022-02-25 04:25:32,2022-02-25 04:26:08
2022-02-25 13:33:33,2022-02-25 13:34:50,Free_Living,annotator,Experimental situation,2022-02-25 04:26:08,2022-02-25 04:27:25
2022-02-25 13:34:51,2022-02-25 13:35:55,Free_Living,annotator,Experimental situation,2022-02-25 04:27:26,2022-02-25 04:28:30
2022-02-25 13:35:56,2022-02-25 13:36:06,Free_Living,annotator,Experimental situation,2022-02-25 04:28:31,2022-02-25 04:28:41
2022-02-25 13:36:06,2022-02-25 13:36:14,Free_Living,annotator,Experimental situation,2022-02-25 04:28:41,2022-02-25 04:28:49
2022-02-25 13:36:15,2022-02-25 13:36:41,Free_Living,annotator,Experimental situation,2022-02-25 04:28:50,2022-02-25 04:29:16
2022-02-25 13:36:41,2022-02-25 13:38:34,Free_Living,annotator,Experimental situation,2022-02-25 04:29:16,2022-02-25 04:31:09
2022-02-25 13:38:35,2022-02-25 13:40:11,Free_Living,annotator,Experimental situation,2022-02-25 04:31:10,2022-02-25 04:32:46
2022-02-25 13:40:11,2022-02-25 13:40:38,Free_Living,annotator,Experimental situation,2022-02-25 04:32:46,2022-02-25 04:33:13
2022-02-25 13:40:39,2022-02-25 13:40:59,Free_Living,annotator,Experimental situation,2022-02-25 04:33:14,2022-02-25 04:33:34
2022-02-25 13:41:00,2022-02-25 13:41:45,Free_Living,annotator,Experimental situation,2022-02-25 04:33:35,2022-02-25 04:34:20
2022-02-25 13:41:46,2022-02-25 13:51:06,Free_Living,annotator,Experimental situation,2022-02-25 04:34:21,2022-02-25 04:43:41
2022-02-25 13:51:08,2022-02-25 13:53:44,Free_Living,annotator,Experimental situation,2022-02-25 04:43:43,2022-02-25 04:46:19
2022-02-25 13:53:44,2022-02-25 13:54:11,Free_Living,annotator,Experimental situation,2022-02-25 04:46:19,2022-02-25 04:46:46
2022-02-25 13:54:12,2022-02-25 13:54:33,Free_Living,annotator,Experimental situation,2022-02-25 04:46:47,2022-02-25 04:47:08
2022-02-25 13:54:35,2022-02-25 13:55:56,Free_Living,annotator,Experimental situation,2022-02-25 04:47:10,2022-02-25 04:48:31
2022-02-25 13:55:59,2022-02-25 13:56:06,Free_Living,annotator,Experimental situation,2022-02-25 04:48:34,2022-02-25 04:48:41
2022-02-25 13:56:07,2022-02-25 13:56:37,Free_Living,annotator,Experimental situation,2022-02-25 04:48:42,2022-02-25 04:49:12
2022-02-25 13:56:39,2022-02-25 13:57:14,Free_Living,annotator,Experimental situation,2022-02-25 04:49:14,2022-02-25 04:49:49
2022-02-25 13:57:15,2022-02-25 14:00:34,Free_Living,annotator,Experimental situation,2022-02-25 04:49:50,2022-02-25 04:53:09
2022-02-25 14:00:34,2022-02-25 14:01:04,Free_Living,annotator,Experimental situation,2022-02-25 04:53:09,2022-02-25 04:53:39
2022-02-25 14:01:06,2022-02-25 14:02:24,Free_Living,annotator,Experimental situation,2022-02-25 04:53:41,2022-02-25 04:54:59
2022-02-25 14:02:24,2022-02-25 14:02:36,Free_Living,annotator,Experimental situation,2022-02-25 04:54:59,2022-02-25 04:55:11
2022-02-25 14:02:37,2022-02-25 14:03:41,Free_Living,annotator,Experimental situation,2022-02-25 04:55:12,2022-02-25 04:56:16
2022-02-25 14:03:44,2022-02-25 14:08:06,Free_Living,annotator,Experimental situation,2022-02-25 04:56:19,2022-02-25 05:00:41
2022-02-25 14:08:06,2022-02-25 14:08:30,Free_Living,annotator,Experimental situation,2022-02-25 05:00:41,2022-02-25 05:01:05
2022-02-25 14:08:34,2022-02-25 14:08:49,Free_Living,annotator,Experimental situation,2022-02-25 05:01:09,2022-02-25 05:01:24
2022-02-25 14:08:49,2022-02-25 14:09:33,Free_Living,annotator,Experimental situation,2022-02-25 05:01:24,2022-02-25 05:02:08
2022-02-25 14:09:35,2022-02-25 14:09:57,Free_Living,annotator,Experimental situation,2022-02-25 05:02:10,2022-02-25 05:02:32
2022-02-25 14:09:57,2022-02-25 14:11:06,Free_Living,annotator,Experimental situation,2022-02-25 05:02:32,2022-02-25 05:03:41
2022-02-25 14:11:15,2022-02-25 14:11:20,Free_Living,annotator,Experimental situation,2022-02-25 05:03:50,2022-02-25 05:03:55
2022-02-25 14:11:21,2022-02-25 14:12:19,Free_Living,annotator,Experimental situation,2022-02-25 05:03:56,2022-02-25 05:04:54
2022-02-25 14:12:21,2022-02-25 14:15:17,Free_Living,annotator,Experimental situation,2022-02-25 05:04:56,2022-02-25 05:07:52
2022-02-25 14:15:17,2022-02-25 14:17:35,Free_Living,annotator,Experimental situation,2022-02-25 05:07:52,2022-02-25 05:10:10
2022-02-25 14:17:35,2022-02-25 14:17:42,Free_Living,annotator,Experimental situation,2022-02-25 05:10:10,2022-02-25 05:10:17
2022-02-25 14:17:42,2022-02-25 14:24:12,Free_Living,annotator,Experimental situation,2022-02-25 05:10:17,2022-02-25 05:16:47
2022-02-25 14:24:14,2022-02-25 14:25:12,Free_Living,annotator,Experimental situation,2022-02-25 05:16:49,2022-02-25 05:17:47
2022-02-25 14:25:14,2022-02-25 14:26:07,Free_Living,annotator,Experimental situation,2022-02-25 05:17:49,2022-02-25 05:18:42
2022-02-25 14:26:07,2022-02-25 14:26:43,Free_Living,annotator,Experimental situation,2022-02-25 05:18:42,2022-02-25 05:19:18
2022-02-25 14:26:44,2022-02-25 14:26:48,Free_Living,annotator,Experimental situation,2022-02-25 05:19:19,2022-02-25 05:19:23
2022-02-25 14:26:49,2022-02-25 14:27:26,Free_Living,annotator,Experimental situation,2022-02-25 05:19:24,2022-02-25 05:20:01
2022-02-25 14:27:28,2022-02-25 14:29:04,Free_Living,annotator,Experimental situation,2022-02-25 05:20:03,2022-02-25 05:21:39
2022-02-25 14:29:08,2022-02-25 14:29:22,Free_Living,annotator,Experimental situation,2022-02-25 05:21:43,2022-02-25 05:21:57
2022-02-25 14:29:23,2022-02-25 14:34:14,Free_Living,annotator,Experimental situation,2022-02-25 05:21:58,2022-02-25 05:26:49
2022-02-25 14:34:14,2022-02-25 14:34:51,Free_Living,annotator,Experimental situation,2022-02-25 05:26:49,2022-02-25 05:27:26
2022-02-25 14:34:51,2022-02-25 14:35:13,Free_Living,annotator,Experimental situation,2022-02-25 05:27:26,2022-02-25 05:27:48
2022-02-25 14:35:16,2022-02-25 14:35:21,Free_Living,annotator,Experimental situation,2022-02-25 05:27:51,2022-02-25 05:27:56
2022-02-25 14:35:22,2022-02-25 14:35:32,Free_Living,annotator,Experimental situation,2022-02-25 05:27:57,2022-02-25 05:28:07
2022-02-25 14:35:33,2022-02-25 14:35:38,Free_Living,annotator,Experimental situation,2022-02-25 05:28:08,2022-02-25 05:28:13
2022-02-25 14:35:42,2022-02-25 14:36:05,Free_Living,annotator,Experimental situation,2022-02-25 05:28:17,2022-02-25 05:28:40
2022-02-25 14:36:07,2022-02-25 14:36:29,Free_Living,annotator,Experimental situation,2022-02-25 05:28:42,2022-02-25 05:29:04
2022-02-25 14:36:30,2022-02-25 14:36:58,Free_Living,annotator,Experimental situation,2022-02-25 05:29:05,2022-02-25 05:29:33
2022-02-25 14:36:59,2022-02-25 14:37:31,Free_Living,annotator,Experimental situation,2022-02-25 05:29:34,2022-02-25 05:30:06
2022-02-25 14:37:31,2022-02-25 14:37:42,Free_Living,annotator,Experimental situation,2022-02-25 05:30:06,2022-02-25 05:30:17
2022-02-25 14:37:42,2022-02-25 14:37:53,Free_Living,annotator,Experimental situation,2022-02-25 05:30:17,2022-02-25 05:30:28
2022-02-25 14:37:54,2022-02-25 14:38:13,Free_Living,annotator,Experimental situation,2022-02-25 05:30:29,2022-02-25 05:30:48
2022-02-25 14:38:14,2022-02-25 14:39:05,Free_Living,annotator,Experimental situation,2022-02-25 05:30:49,2022-02-25 05:31:40
2022-02-25 14:39:05,2022-02-25 14:39:34,Free_Living,annotator,Experimental situation,2022-02-25 05:31:40,2022-02-25 05:32:09
2022-02-25 14:39:34,2022-02-25 14:40:34,Free_Living,annotator,Experimental situation,2022-02-25 05:32:09,2022-02-25 05:33:09
2022-02-25 14:40:36,2022-02-25 14:41:54,Free_Living,annotator,Experimental situation,2022-02-25 05:33:11,2022-02-25 05:34:29
2022-02-25 14:41:55,2022-02-25 14:41:59,Free_Living,annotator,Experimental situation,2022-02-25 05:34:30,2022-02-25 05:34:34
2022-02-25 14:42:00,2022-02-25 14:42:16,Free_Living,annotator,Experimental situation,2022-02-25 05:34:35,2022-02-25 05:34:51
2022-02-25 14:42:17,2022-02-25 14:42:32,Free_Living,annotator,Experimental situation,2022-02-25 05:34:52,2022-02-25 05:35:07
2022-02-25 14:42:32,2022-02-25 14:42:33,Free_Living,annotator,Experimental situation,2022-02-25 05:35:07,2022-02-25 05:35:08
2022-02-25 14:42:33,2022-02-25 14:42:45,Free_Living,annotator,Experimental situation,2022-02-25 05:35:08,2022-02-25 05:35:20
2022-02-25 14:42:48,2022-02-25 14:42:54,Free_Living,annotator,Experimental situation,2022-02-25 05:35:23,2022-02-25 05:35:29
2022-02-25 14:42:57,2022-02-25 14:45:31,Free_Living,annotator,Experimental situation,2022-02-25 05:35:32,2022-02-25 05:38:06
2022-02-25 14:45:32,2022-02-25 14:45:49,Free_Living,annotator,Experimental situation,2022-02-25 05:38:07,2022-02-25 05:38:24
2022-02-25 14:45:50,2022-02-25 14:46:12,Free_Living,annotator,Experimental situation,2022-02-25 05:38:25,2022-02-25 05:38:47
2022-02-25 14:46:13,2022-02-25 14:48:21,Free_Living,annotator,Experimental situation,2022-02-25 05:38:48,2022-02-25 05:40:56
2022-02-25 14:48:24,2022-02-25 14:50:00,Free_Living,annotator,Experimental situation,2022-02-25 05:40:59,2022-02-25 05:42:35
2022-02-25 14:50:02,2022-02-25 14:51:02,Free_Living,annotator,Experimental situation,2022-02-25 05:42:37,2022-02-25 05:43:37
2022-02-25 14:51:02,2022-02-25 14:52:51,Free_Living,annotator,Experimental situation,2022-02-25 05:43:37,2022-02-25 05:45:26
2022-02-25 14:52:52,2022-02-25 14:54:59,Free_Living,annotator,Experimental situation,2022-02-25 05:45:27,2022-02-25 05:47:34
2022-02-25 14:55:01,2022-02-25 14:55:09,Free_Living,annotator,Experimental situation,2022-02-25 05:47:36,2022-02-25 05:47:44
2022-02-25 14:55:10,2022-02-25 14:55:51,Free_Living,annotator,Experimental situation,2022-02-25 05:47:45,2022-02-25 05:48:26
2022-02-25 14:55:52,2022-02-25 14:56:01,Free_Living,annotator,Experimental situation,2022-02-25 05:48:27,2022-02-25 05:48:36
2022-02-25 14:56:02,2022-02-25 14:57:12,Free_Living,annotator,Experimental situation,2022-02-25 05:48:37,2022-02-25 05:49:47
2022-02-25 14:57:15,2022-02-25 14:57:20,Free_Living,annotator,Experimental situation,2022-02-25 05:49:50,2022-02-25 05:49:55
2022-02-25 14:57:21,2022-02-25 14:57:29,Free_Living,annotator,Experimental situation,2022-02-25 05:49:56,2022-02-25 05:50:04
2022-02-25 14:57:29,2022-02-25 14:57:35,Free_Living,annotator,Experimental situation,2022-02-25 05:50:04,2022-02-25 05:50:10
2022-02-25 14:57:35,2022-02-25 14:58:12,Free_Living,annotator,Experimental situation,2022-02-25 05:50:10,2022-02-25 05:50:47
2022-02-25 14:58:14,2022-02-25 14:58:49,Free_Living,annotator,Experimental situation,2022-02-25 05:50:49,2022-02-25 05:51:24
2022-02-25 14:58:50,2022-02-25 14:59:49,Free_Living,annotator,Experimental situation,2022-02-25 05:51:25,2022-02-25 05:52:24
2022-02-25 14:59:50,2022-02-25 15:00:54,Free_Living,annotator,Experimental situation,2022-02-25 05:52:25,2022-02-25 05:53:29
2022-02-25 15:00:54,2022-02-25 15:02:27,Free_Living,annotator,Experimental situation,2022-02-25 05:53:29,2022-02-25 05:55:02
2022-02-25 15:02:29,2022-02-25 15:03:00,Free_Living,annotator,Experimental situation,2022-02-25 05:55:04,2022-02-25 05:55:35
2022-02-25 15:03:01,2022-02-25 15:03:24,Free_Living,annotator,Experimental situation,2022-02-25 05:55:36,2022-02-25 05:55:59
2022-02-25 15:03:26,2022-02-25 15:03:41,Free_Living,annotator,Experimental situation,2022-02-25 05:56:01,2022-02-25 05:56:16
2022-02-25 15:03:41,2022-02-25 15:03:49,Free_Living,annotator,Experimental situation,2022-02-25 05:56:16,2022-02-25 05:56:24
2022-02-25 15:03:49,2022-02-25 15:04:26,Free_Living,annotator,Experimental situation,2022-02-25 05:56:24,2022-02-25 05:57:01
2022-02-25 15:04:27,2022-02-25 15:04:41,Free_Living,annotator,Experimental situation,2022-02-25 05:57:02,2022-02-25 05:57:16
2022-02-25 15:04:42,2022-02-25 15:05:06,Free_Living,annotator,Experimental situation,2022-02-25 05:57:17,2022-02-25 05:57:41
2022-02-25 15:05:07,2022-02-25 15:05:19,Free_Living,annotator,Experimental situation,2022-02-25 05:57:42,2022-02-25 05:57:54
2022-02-25 15:05:20,2022-02-25 15:06:21,Free_Living,annotator,Experimental situation,2022-02-25 05:57:55,2022-02-25 05:58:56
2022-02-25 15:06:23,2022-02-25 15:06:42,Free_Living,annotator,Experimental situation,2022-02-25 05:58:58,2022-02-25 05:59:17
2022-02-25 15:06:43,2022-02-25 15:07:10,Free_Living,annotator,Experimental situation,2022-02-25 05:59:18,2022-02-25 05:59:45
2022-02-25 15:07:12,2022-02-25 15:07:29,Free_Living,annotator,Experimental situation,2022-02-25 05:59:47,2022-02-25 06:00:04
2022-02-25 15:07:32,2022-02-25 15:07:51,Free_Living,annotator,Experimental situation,2022-02-25 06:00:07,2022-02-25 06:00:26
2022-02-25 15:07:51,2022-02-25 15:08:11,Free_Living,annotator,Experimental situation,2022-02-25 06:00:26,2022-02-25 06:00:46
2022-02-25 15:08:11,2022-02-25 15:08:27,Free_Living,annotator,Experimental situation,2022-02-25 06:00:46,2022-02-25 06:01:02
2022-02-25 15:08:37,2022-02-25 15:09:03,Free_Living,annotator,Experimental situation,2022-02-25 06:01:12,2022-02-25 06:01:38
2022-02-25 15:09:16,2022-02-25 15:09:43,Free_Living,annotator,Experimental situation,2022-02-25 06:01:51,2022-02-25 06:02:18
2022-02-25 15:09:47,2022-02-25 15:10:09,Free_Living,annotator,Experimental situation,2022-02-25 06:02:22,2022-02-25 06:02:44
2022-02-25 15:10:11,2022-02-25 15:10:26,Free_Living,annotator,Experimental situation,2022-02-25 06:02:46,2022-02-25 06:03:01
2022-02-25 15:10:36,2022-02-25 15:11:53,Free_Living,annotator,Experimental situation,2022-02-25 06:03:11,2022-02-25 06:04:28
2022-02-25 15:12:03,2022-02-25 15:13:39,Free_Living,annotator,Experimental situation,2022-02-25 06:04:38,2022-02-25 06:06:14
2022-02-25 15:13:49,2022-02-25 15:14:21,Free_Living,annotator,Experimental situation,2022-02-25 06:06:24,2022-02-25 06:06:56
2022-02-25 15:14:33,2022-02-25 15:16:40,Free_Living,annotator,Experimental situation,2022-02-25 06:07:08,2022-02-25 06:09:15
2022-02-25 15:16:51,2022-02-25 15:18:07,Free_Living,annotator,Experimental situation,2022-02-25 06:09:26,2022-02-25 06:10:42
2022-02-25 15:18:09,2022-02-25 15:18:15,Free_Living,annotator,Experimental situation,2022-02-25 06:10:44,2022-02-25 06:10:50
2022-02-25 15:18:19,2022-02-25 15:20:58,Free_Living,annotator,Experimental situation,2022-02-25 06:10:54,2022-02-25 06:13:33
2022-02-25 15:21:04,2022-02-25 15:21:11,Free_Living,annotator,Experimental situation,2022-02-25 06:13:39,2022-02-25 06:13:46
2022-02-25 15:21:16,2022-02-25 15:21:41,Free_Living,annotator,Experimental situation,2022-02-25 06:13:51,2022-02-25 06:14:16
2022-02-25 15:21:43,2022-02-25 15:21:59,Free_Living,annotator,Experimental situation,2022-02-25 06:14:18,2022-02-25 06:14:34
2022-02-25 15:22:02,2022-02-25 15:22:14,Free_Living,annotator,Experimental situation,2022-02-25 06:14:37,2022-02-25 06:14:49
2022-02-25 15:22:20,2022-02-25 15:22:54,Free_Living,annotator,Experimental situation,2022-02-25 06:14:55,2022-02-25 06:15:29
2022-02-25 15:23:06,2022-02-25 15:23:41,Free_Living,annotator,Experimental situation,2022-02-25 06:15:41,2022-02-25 06:16:16
2022-02-25 15:23:54,2022-02-25 15:24:08,Free_Living,annotator,Experimental situation,2022-02-25 06:16:29,2022-02-25 06:16:43
2022-02-25 15:24:16,2022-02-25 15:24:52,Free_Living,annotator,Experimental situation,2022-02-25 06:16:51,2022-02-25 06:17:27
2022-02-25 15:24:55,2022-02-25 15:26:11,Free_Living,annotator,Experimental situation,2022-02-25 06:17:30,2022-02-25 06:18:46
2022-02-25 15:26:15,2022-02-25 15:39:39,Free_Living,annotator,Experimental situation,2022-02-25 06:18:50,2022-02-25 06:32:14
2022-02-25 15:39:43,2022-02-25 15:40:00,Free_Living,annotator,Experimental situation,2022-02-25 06:32:18,2022-02-25 06:32:35
2022-02-25 15:40:04,2022-02-25 15:48:11,Free_Living,annotator,Experimental situation,2022-02-25 06:32:39,2022-02-25 06:40:46
2022-02-25 15:48:15,2022-02-25 15:52:54,Free_Living,annotator,Experimental situation,2022-02-25 06:40:50,2022-02-25 06:45:29
2022-02-25 15:53:14,2022-02-25 15:53:27,Free_Living,annotator,Experimental situation,2022-02-25 06:45:49,2022-02-25 06:46:02
2022-02-25 15:53:27,2022-02-25 15:53:45,Free_Living,annotator,Experimental situation,2022-02-25 06:46:02,2022-02-25 06:46:20
2022-02-25 15:53:50,2022-02-25 16:03:09,Free_Living,annotator,Experimental situation,2022-02-25 06:46:25,2022-02-25 06:55:44
2022-02-25 16:03:17,2022-02-25 16:08:24,Free_Living,annotator,Experimental situation,2022-02-25 06:55:52,2022-02-25 07:00:59
2022-02-25 16:08:30,2022-02-25 16:11:10,Free_Living,annotator,Experimental situation,2022-02-25 07:01:05,2022-02-25 07:03:45
2022-02-25 16:11:16,2022-02-25 16:13:20,Free_Living,annotator,Experimental situation,2022-02-25 07:03:51,2022-02-25 07:05:55
2022-02-25 16:13:27,2022-02-25 16:37:57,Free_Living,annotator,Experimental situation,2022-02-25 07:06:02,2022-02-25 07:30:32
2022-02-25 16:38:03,2022-02-25 16:44:14,Free_Living,annotator,Experimental situation,2022-02-25 07:30:38,2022-02-25 07:36:49
2022-02-25 16:44:17,2022-02-25 16:47:07,Free_Living,annotator,Experimental situation,2022-02-25 07:36:52,2022-02-25 07:39:42
2022-02-25 16:47:12,2022-02-25 16:56:20,Free_Living,annotator,Experimental situation,2022-02-25 07:39:47,2022-02-25 07:48:55
2022-02-25 16:56:25,2022-02-25 17:05:11,Free_Living,annotator,Experimental situation,2022-02-25 07:49:00,2022-02-25 07:57:46
2022-02-25 17:05:16,2022-02-25 17:08:45,Free_Living,annotator,Experimental situation,2022-02-25 07:57:51,2022-02-25 08:01:20
2022-02-25 17:08:53,2022-02-25 17:30:55,Free_Living,annotator,Experimental situation,2022-02-25 08:01:28,2022-02-25 08:23:30
2022-02-25 17:31:00,2022-02-25 17:33:02,Free_Living,annotator,Experimental situation,2022-02-25 08:23:35,2022-02-25 08:25:37
2022-02-25 17:33:08,2022-02-25 17:33:13,Free_Living,annotator,Experimental situation,2022-02-25 08:25:43,2022-02-25 08:25:48
2022-02-25 17:33:17,2022-02-25 17:33:57,ES_VideoUnavailable/Indecipherable,annotator,Experimental situation,2022-02-25 08:25:52,2022-02-25 08:26:32
2022-02-25 17:34:29,2022-02-25 17:35:46,Free_Living,annotator,Experimental situation,2022-02-25 08:27:04,2022-02-25 08:28:21
2022-02-25 17:35:46,2022-02-25 17:36:38,Free_Living,annotator,Experimental situation,2022-02-25 08:28:21,2022-02-25 08:29:13
2022-02-25 17:36:38,2022-02-25 17:36:54,Free_Living,annotator,Experimental situation,2022-02-25 08:29:13,2022-02-25 08:29:29
2022-02-25 17:36:54,2022-02-25 17:37:03,Free_Living,annotator,Experimental situation,2022-02-25 08:29:29,2022-02-25 08:29:38
2022-02-25 17:37:03,2022-02-25 17:37:38,Free_Living,annotator,Experimental situation,2022-02-25 08:29:38,2022-02-25 08:30:13
2022-02-25 17:37:38,2022-02-25 17:38:36,Free_Living,annotator,Experimental situation,2022-02-25 08:30:13,2022-02-25 08:31:11
2022-02-25 17:38:36,2022-02-25 17:38:53,Free_Living,annotator,Experimental situation,2022-02-25 08:31:11,2022-02-25 08:31:28
2022-02-25 17:38:53,2022-02-25 17:39:26,Free_Living,annotator,Experimental situation,2022-02-25 08:31:28,2022-02-25 08:32:01
2022-02-25 17:39:26,2022-02-25 17:44:35,Free_Living,annotator,Experimental situation,2022-02-25 08:32:01,2022-02-25 08:37:10
2022-02-25 17:44:35,2022-02-25 17:46:49,Free_Living,annotator,Experimental situation,2022-02-25 08:37:10,2022-02-25 08:39:24
2022-02-25 17:46:49,2022-02-25 17:46:56,Free_Living,annotator,Experimental situation,2022-02-25 08:39:24,2022-02-25 08:39:31
2022-02-25 17:46:56,2022-02-25 17:48:20,Free_Living,annotator,Experimental situation,2022-02-25 08:39:31,2022-02-25 08:40:55
2022-02-25 17:48:20,2022-02-25 17:48:52,Free_Living,annotator,Experimental situation,2022-02-25 08:40:55,2022-02-25 08:41:27
2022-02-25 17:48:52,2022-02-25 17:49:19,Free_Living,annotator,Experimental situation,2022-02-25 08:41:27,2022-02-25 08:41:54
2022-02-25 17:49:19,2022-02-25 17:49:40,Free_Living,annotator,Experimental situation,2022-02-25 08:41:54,2022-02-25 08:42:15
2022-02-25 17:49:40,2022-02-25 17:50:58,Free_Living,annotator,Experimental situation,2022-02-25 08:42:15,2022-02-25 08:43:33
2022-02-25 17:50:58,2022-02-25 17:51:25,Free_Living,annotator,Experimental situation,2022-02-25 08:43:33,2022-02-25 08:44:00
2022-02-25 17:51:34,2022-02-25 17:52:01,Free_Living,annotator,Experimental situation,2022-02-25 08:44:09,2022-02-25 08:44:36
2022-02-25 17:52:01,2022-02-25 17:52:50,Free_Living,annotator,Experimental situation,2022-02-25 08:44:36,2022-02-25 08:45:25
2022-02-25 17:52:50,2022-02-25 17:53:03,Free_Living,annotator,Experimental situation,2022-02-25 08:45:25,2022-02-25 08:45:38
2022-02-25 17:53:17,2022-02-25 17:53:29,Free_Living,annotator,Experimental situation,2022-02-25 08:45:52,2022-02-25 08:46:04
2022-02-25 17:53:33,2022-02-25 17:54:16,Free_Living,annotator,Experimental situation,2022-02-25 08:46:08,2022-02-25 08:46:51
2022-02-25 17:54:16,2022-02-25 17:54:30,Free_Living,annotator,Experimental situation,2022-02-25 08:46:51,2022-02-25 08:47:05
2022-02-25 17:54:30,2022-02-25 17:54:47,Free_Living,annotator,Experimental situation,2022-02-25 08:47:05,2022-02-25 08:47:22
2022-02-25 17:54:47,2022-02-25 17:55:08,Free_Living,annotator,Experimental situation,2022-02-25 08:47:22,2022-02-25 08:47:43
2022-02-25 17:55:08,2022-02-25 17:56:02,Free_Living,annotator,Experimental situation,2022-02-25 08:47:43,2022-02-25 08:48:37
2022-02-25 17:56:02,2022-02-25 17:56:39,Free_Living,annotator,Experimental situation,2022-02-25 08:48:37,2022-02-25 08:49:14
2022-02-25 17:56:39,2022-02-25 17:56:55,Free_Living,annotator,Experimental situation,2022-02-25 08:49:14,2022-02-25 08:49:30
2022-02-25 17:56:56,2022-02-26 01:38:47,ES_VideoUnavailable/Indecipherable,annotator,Experimental situation,2022-02-25 08:49:31,2022-02-25 16:31:22
2022-02-26 01:38:52,2022-02-26 01:46:47,ES_VideoUnavailable/Indecipherable,annotator,Experimental situation,2022-02-25 16:31:27,2022-02-25 16:39:22
2022-02-26 01:47:00,2022-02-26 01:49:23,Free_Living,annotator,Experimental situation,2022-02-25 16:39:35,2022-02-25 16:41:58
2022-02-26 01:49:33,2022-02-26 01:52:50,Free_Living,annotator,Experimental situation,2022-02-25 16:42:08,2022-02-25 16:45:25
2022-02-26 01:52:52,2022-02-26 02:03:16,Free_Living,annotator,Experimental situation,2022-02-25 16:45:27,2022-02-25 16:55:51
2022-02-26 02:03:22,2022-02-26 02:04:58,Free_Living,annotator,Experimental situation,2022-02-25 16:55:57,2022-02-25 16:57:33
2022-02-26 02:05:00,2022-02-26 02:05:06,Free_Living,annotator,Experimental situation,2022-02-25 16:57:35,2022-02-25 16:57:41
2022-02-26 02:05:07,2022-02-26 02:05:46,Free_Living,annotator,Experimental situation,2022-02-25 16:57:42,2022-02-25 16:58:21
2022-02-26 02:05:49,2022-02-26 02:07:47,Free_Living,annotator,Experimental situation,2022-02-25 16:58:24,2022-02-25 17:00:22
2022-02-26 02:07:49,2022-02-26 02:08:01,Free_Living,annotator,Experimental situation,2022-02-25 17:00:24,2022-02-25 17:00:36
2022-02-26 02:08:02,2022-02-26 02:11:05,Free_Living,annotator,Experimental situation,2022-02-25 17:00:37,2022-02-25 17:03:40
2022-02-26 02:11:23,2022-02-26 02:11:39,Free_Living,annotator,Experimental situation,2022-02-25 17:03:58,2022-02-25 17:04:14
2022-02-26 02:11:39,2022-02-26 02:17:14,Free_Living,annotator,Experimental situation,2022-02-25 17:04:14,2022-02-25 17:09:49
2022-02-26 02:17:16,2022-02-26 02:19:52,Free_Living,annotator,Experimental situation,2022-02-25 17:09:51,2022-02-25 17:12:27
2022-02-26 02:19:53,2022-02-26 02:21:37,Free_Living,annotator,Experimental situation,2022-02-25 17:12:28,2022-02-25 17:14:12
2022-02-26 02:21:39,2022-02-26 02:23:13,Free_Living,annotator,Experimental situation,2022-02-25 17:14:14,2022-02-25 17:15:48
2022-02-26 02:23:11,2022-02-26 02:23:11,Free_Living,annotator,Experimental situation,2022-02-25 17:15:46,2022-02-25 17:15:46
2022-02-26 02:23:14,2022-02-26 02:24:38,Free_Living,annotator,Experimental situation,2022-02-25 17:15:49,2022-02-25 17:17:13
2022-02-26 02:23:17,2022-02-26 02:23:17,Free_Living,annotator,Experimental situation,2022-02-25 17:15:52,2022-02-25 17:15:52
2022-02-26 02:24:41,2022-02-26 02:27:59,Free_Living,annotator,Experimental situation,2022-02-25 17:17:16,2022-02-25 17:20:34
2022-02-26 02:28:10,2022-02-26 02:28:31,Free_Living,annotator,Experimental situation,2022-02-25 17:20:45,2022-02-25 17:21:06
2022-02-26 02:28:32,2022-02-26 02:31:39,Free_Living,annotator,Experimental situation,2022-02-25 17:21:07,2022-02-25 17:24:14
2022-02-26 02:31:42,2022-02-26 02:33:48,Free_Living,annotator,Experimental situation,2022-02-25 17:24:17,2022-02-25 17:26:23
