START_TIME,STOP_TIME,PREDICTION,SOURCE,LABELSET,VIDEO_START_TIME,VIDEO_END_TIME
2022-05-05 10:22:28,2022-05-05 10:23:14,Free_Living,annotator,Experimental situation,2022-05-05 00:00:00,2022-05-05 00:00:46
2022-05-05 10:23:17,2022-05-05 10:23:30,Free_Living,annotator,Experimental situation,2022-05-05 00:00:49,2022-05-05 00:01:02
2022-05-05 10:23:30,2022-05-05 10:24:20,Free_Living,annotator,Experimental situation,2022-05-05 00:01:02,2022-05-05 00:01:52
2022-05-05 10:24:27,2022-05-05 10:31:33,Free_Living,annotator,Experimental situation,2022-05-05 00:01:59,2022-05-05 00:09:05
2022-05-05 10:31:33,2022-05-05 10:31:57,Free_Living,annotator,Experimental situation,2022-05-05 00:09:05,2022-05-05 00:09:29
2022-05-05 10:32:14,2022-05-05 10:33:16,Free_Living,annotator,Experimental situation,2022-05-05 00:09:46,2022-05-05 00:10:48
2022-05-05 10:33:16,2022-05-05 10:33:46,Free_Living,annotator,Experimental situation,2022-05-05 00:10:48,2022-05-05 00:11:18
2022-05-05 10:33:46,2022-05-05 10:34:13,Free_Living,annotator,Experimental situation,2022-05-05 00:11:18,2022-05-05 00:11:45
2022-05-05 10:34:13,2022-05-05 10:39:22,Free_Living,annotator,Experimental situation,2022-05-05 00:11:45,2022-05-05 00:16:54
2022-05-05 10:39:22,2022-05-05 10:39:55,Free_Living,annotator,Experimental situation,2022-05-05 00:16:54,2022-05-05 00:17:27
2022-05-05 10:39:55,2022-05-05 10:40:18,Free_Living,annotator,Experimental situation,2022-05-05 00:17:27,2022-05-05 00:17:50
2022-05-05 10:40:18,2022-05-05 10:44:20,Free_Living,annotator,Experimental situation,2022-05-05 00:17:50,2022-05-05 00:21:52
2022-05-05 10:44:27,2022-05-05 10:45:50,Free_Living,annotator,Experimental situation,2022-05-05 00:21:59,2022-05-05 00:23:22
2022-05-05 10:46:17,2022-05-05 10:49:10,Free_Living,annotator,Experimental situation,2022-05-05 00:23:49,2022-05-05 00:26:42
2022-05-05 10:49:10,2022-05-05 10:57:20,Free_Living,annotator,Experimental situation,2022-05-05 00:26:42,2022-05-05 00:34:52
2022-05-05 10:57:20,2022-05-05 11:00:45,Free_Living,annotator,Experimental situation,2022-05-05 00:34:52,2022-05-05 00:38:17
2022-05-05 11:00:45,2022-05-05 11:02:08,Free_Living,annotator,Experimental situation,2022-05-05 00:38:17,2022-05-05 00:39:40
2022-05-05 11:02:08,2022-05-05 11:02:55,Free_Living,annotator,Experimental situation,2022-05-05 00:39:40,2022-05-05 00:40:27
2022-05-05 11:02:57,2022-05-05 11:05:34,Free_Living,annotator,Experimental situation,2022-05-05 00:40:29,2022-05-05 00:43:06
2022-05-05 11:05:33,2022-05-05 11:05:33,Free_Living,annotator,Experimental situation,2022-05-05 00:43:05,2022-05-05 00:43:05
2022-05-05 11:05:34,2022-05-05 11:17:48,Free_Living,annotator,Experimental situation,2022-05-05 00:43:06,2022-05-05 00:55:20
2022-05-05 11:17:52,2022-05-05 11:18:20,Free_Living,annotator,Experimental situation,2022-05-05 00:55:24,2022-05-05 00:55:52
2022-05-05 11:18:20,2022-05-05 11:24:34,Free_Living,annotator,Experimental situation,2022-05-05 00:55:52,2022-05-05 01:02:06
2022-05-05 11:24:34,2022-05-05 11:29:06,Free_Living,annotator,Experimental situation,2022-05-05 01:02:06,2022-05-05 01:06:38
2022-05-05 11:29:06,2022-05-05 11:30:06,Free_Living,annotator,Experimental situation,2022-05-05 01:06:38,2022-05-05 01:07:38
2022-05-05 11:30:06,2022-05-05 11:30:06,Free_Living,annotator,Experimental situation,2022-05-05 01:07:38,2022-05-05 01:07:38
2022-05-05 11:30:28,2022-05-05 11:31:19,Free_Living,annotator,Experimental situation,2022-05-05 01:08:00,2022-05-05 01:08:51
2022-05-05 11:31:19,2022-05-05 11:31:31,Free_Living,annotator,Experimental situation,2022-05-05 01:08:51,2022-05-05 01:09:03
2022-05-05 11:31:31,2022-05-05 11:32:45,Free_Living,annotator,Experimental situation,2022-05-05 01:09:03,2022-05-05 01:10:17
2022-05-05 11:32:49,2022-05-05 11:39:54,Free_Living,annotator,Experimental situation,2022-05-05 01:10:21,2022-05-05 01:17:26
2022-05-05 11:39:54,2022-05-05 11:40:51,Free_Living,annotator,Experimental situation,2022-05-05 01:17:26,2022-05-05 01:18:23
2022-05-05 11:40:51,2022-05-05 11:42:21,Free_Living,annotator,Experimental situation,2022-05-05 01:18:23,2022-05-05 01:19:53
2022-05-05 11:42:42,2022-05-05 11:44:35,Free_Living,annotator,Experimental situation,2022-05-05 01:20:14,2022-05-05 01:22:07
2022-05-05 11:44:35,2022-05-05 11:47:33,Free_Living,annotator,Experimental situation,2022-05-05 01:22:07,2022-05-05 01:25:05
2022-05-05 11:47:33,2022-05-05 11:50:06,Free_Living,annotator,Experimental situation,2022-05-05 01:25:05,2022-05-05 01:27:38
2022-05-05 11:50:13,2022-05-05 11:51:03,Free_Living,annotator,Experimental situation,2022-05-05 01:27:45,2022-05-05 01:28:35
2022-05-05 11:51:05,2022-05-05 11:51:51,Free_Living,annotator,Experimental situation,2022-05-05 01:28:37,2022-05-05 01:29:23
2022-05-05 11:51:51,2022-05-05 11:53:47,Free_Living,annotator,Experimental situation,2022-05-05 01:29:23,2022-05-05 01:31:19
2022-05-05 11:53:47,2022-05-05 11:53:56,Free_Living,annotator,Experimental situation,2022-05-05 01:31:19,2022-05-05 01:31:28
2022-05-05 11:53:56,2022-05-05 11:54:38,Free_Living,annotator,Experimental situation,2022-05-05 01:31:28,2022-05-05 01:32:10
2022-05-05 11:54:39,2022-05-05 11:56:46,Free_Living,annotator,Experimental situation,2022-05-05 01:32:11,2022-05-05 01:34:18
2022-05-05 11:56:46,2022-05-05 11:57:54,Free_Living,annotator,Experimental situation,2022-05-05 01:34:18,2022-05-05 01:35:26
2022-05-05 11:57:54,2022-05-05 11:59:33,Free_Living,annotator,Experimental situation,2022-05-05 01:35:26,2022-05-05 01:37:05
2022-05-05 11:59:33,2022-05-05 11:59:58,Free_Living,annotator,Experimental situation,2022-05-05 01:37:05,2022-05-05 01:37:30
2022-05-05 11:59:58,2022-05-05 12:01:49,Free_Living,annotator,Experimental situation,2022-05-05 01:37:30,2022-05-05 01:39:21
2022-05-05 12:01:49,2022-05-05 12:02:56,Free_Living,annotator,Experimental situation,2022-05-05 01:39:21,2022-05-05 01:40:28
2022-05-05 12:02:56,2022-05-05 12:04:12,Free_Living,annotator,Experimental situation,2022-05-05 01:40:28,2022-05-05 01:41:44
2022-05-05 12:04:12,2022-05-05 12:04:51,Free_Living,annotator,Experimental situation,2022-05-05 01:41:44,2022-05-05 01:42:23
2022-05-05 12:04:51,2022-05-05 12:06:03,Free_Living,annotator,Experimental situation,2022-05-05 01:42:23,2022-05-05 01:43:35
2022-05-05 12:06:03,2022-05-05 12:07:17,Free_Living,annotator,Experimental situation,2022-05-05 01:43:35,2022-05-05 01:44:49
2022-05-05 12:07:32,2022-05-05 12:08:57,Free_Living,annotator,Experimental situation,2022-05-05 01:45:04,2022-05-05 01:46:29
2022-05-05 12:09:01,2022-05-05 12:15:34,Free_Living,annotator,Experimental situation,2022-05-05 01:46:33,2022-05-05 01:53:06
2022-05-05 12:15:38,2022-05-05 12:16:49,Free_Living,annotator,Experimental situation,2022-05-05 01:53:10,2022-05-05 01:54:21
2022-05-05 12:16:55,2022-05-05 12:23:54,Free_Living,annotator,Experimental situation,2022-05-05 01:54:27,2022-05-05 02:01:26
2022-05-05 12:23:54,2022-05-05 12:26:51,Free_Living,annotator,Experimental situation,2022-05-05 02:01:26,2022-05-05 02:04:23
2022-05-05 12:26:51,2022-05-05 12:28:39,Free_Living,annotator,Experimental situation,2022-05-05 02:04:23,2022-05-05 02:06:11
2022-05-05 12:28:42,2022-05-05 12:29:08,Free_Living,annotator,Experimental situation,2022-05-05 02:06:14,2022-05-05 02:06:40
2022-05-05 12:29:08,2022-05-05 12:39:01,Free_Living,annotator,Experimental situation,2022-05-05 02:06:40,2022-05-05 02:16:33
2022-05-05 12:39:05,2022-05-05 12:39:53,Free_Living,annotator,Experimental situation,2022-05-05 02:16:37,2022-05-05 02:17:25
2022-05-05 12:39:53,2022-05-05 12:44:59,Free_Living,annotator,Experimental situation,2022-05-05 02:17:25,2022-05-05 02:22:31
2022-05-05 12:44:59,2022-05-05 12:45:33,Free_Living,annotator,Experimental situation,2022-05-05 02:22:31,2022-05-05 02:23:05
2022-05-05 12:45:40,2022-05-05 12:46:05,Free_Living,annotator,Experimental situation,2022-05-05 02:23:12,2022-05-05 02:23:37
2022-05-05 12:46:05,2022-05-05 12:46:41,Free_Living,annotator,Experimental situation,2022-05-05 02:23:37,2022-05-05 02:24:13
2022-05-05 12:46:41,2022-05-05 12:49:45,Free_Living,annotator,Experimental situation,2022-05-05 02:24:13,2022-05-05 02:27:17
2022-05-05 12:50:01,2022-05-05 12:52:10,Free_Living,annotator,Experimental situation,2022-05-05 02:27:33,2022-05-05 02:29:42
2022-05-05 12:52:10,2022-05-05 12:52:54,Free_Living,annotator,Experimental situation,2022-05-05 02:29:42,2022-05-05 02:30:26
2022-05-05 12:52:54,2022-05-05 12:53:31,Free_Living,annotator,Experimental situation,2022-05-05 02:30:26,2022-05-05 02:31:03
2022-05-05 12:53:31,2022-05-05 12:54:00,Free_Living,annotator,Experimental situation,2022-05-05 02:31:03,2022-05-05 02:31:32
2022-05-05 12:54:09,2022-05-05 13:00:09,Free_Living,annotator,Experimental situation,2022-05-05 02:31:41,2022-05-05 02:37:41
2022-05-05 13:00:13,2022-05-05 13:01:19,Free_Living,annotator,Experimental situation,2022-05-05 02:37:45,2022-05-05 02:38:51
2022-05-05 13:01:19,2022-05-05 13:02:17,Free_Living,annotator,Experimental situation,2022-05-05 02:38:51,2022-05-05 02:39:49
2022-05-05 13:02:17,2022-05-05 13:11:39,Free_Living,annotator,Experimental situation,2022-05-05 02:39:49,2022-05-05 02:49:11
2022-05-05 13:11:39,2022-05-05 13:12:03,Free_Living,annotator,Experimental situation,2022-05-05 02:49:11,2022-05-05 02:49:35
2022-05-05 13:12:03,2022-05-05 13:13:03,Free_Living,annotator,Experimental situation,2022-05-05 02:49:35,2022-05-05 02:50:35
2022-05-05 13:13:03,2022-05-05 13:15:44,Free_Living,annotator,Experimental situation,2022-05-05 02:50:35,2022-05-05 02:53:16
2022-05-05 13:15:44,2022-05-05 13:17:19,Free_Living,annotator,Experimental situation,2022-05-05 02:53:16,2022-05-05 02:54:51
2022-05-05 13:17:22,2022-05-05 13:18:50,Free_Living,annotator,Experimental situation,2022-05-05 02:54:54,2022-05-05 02:56:22
2022-05-05 13:18:50,2022-05-05 13:20:08,Free_Living,annotator,Experimental situation,2022-05-05 02:56:22,2022-05-05 02:57:40
2022-05-05 13:20:18,2022-05-05 13:21:22,Free_Living,annotator,Experimental situation,2022-05-05 02:57:50,2022-05-05 02:58:54
2022-05-05 13:21:22,2022-05-05 13:21:47,Free_Living,annotator,Experimental situation,2022-05-05 02:58:54,2022-05-05 02:59:19
2022-05-05 13:21:59,2022-05-05 13:23:25,Free_Living,annotator,Experimental situation,2022-05-05 02:59:31,2022-05-05 03:00:57
2022-05-05 13:23:29,2022-05-05 13:27:47,Free_Living,annotator,Experimental situation,2022-05-05 03:01:01,2022-05-05 03:05:19
2022-05-05 13:27:47,2022-05-05 13:29:03,Free_Living,annotator,Experimental situation,2022-05-05 03:05:19,2022-05-05 03:06:35
2022-05-05 13:29:03,2022-05-05 13:29:28,Free_Living,annotator,Experimental situation,2022-05-05 03:06:35,2022-05-05 03:07:00
2022-05-05 13:29:28,2022-05-05 13:31:59,Free_Living,annotator,Experimental situation,2022-05-05 03:07:00,2022-05-05 03:09:31
2022-05-05 13:31:59,2022-05-05 13:38:30,Free_Living,annotator,Experimental situation,2022-05-05 03:09:31,2022-05-05 03:16:02
2022-05-05 13:38:30,2022-05-05 13:41:01,Free_Living,annotator,Experimental situation,2022-05-05 03:16:02,2022-05-05 03:18:33
2022-05-05 13:41:01,2022-05-05 13:41:52,Free_Living,annotator,Experimental situation,2022-05-05 03:18:33,2022-05-05 03:19:24
2022-05-05 13:41:56,2022-05-05 13:43:57,Free_Living,annotator,Experimental situation,2022-05-05 03:19:28,2022-05-05 03:21:29
2022-05-05 13:43:57,2022-05-05 13:44:26,Free_Living,annotator,Experimental situation,2022-05-05 03:21:29,2022-05-05 03:21:58
2022-05-05 13:44:26,2022-05-05 13:44:26,Free_Living,annotator,Experimental situation,2022-05-05 03:21:58,2022-05-05 03:21:58
2022-05-05 13:44:28,2022-05-05 13:46:05,Free_Living,annotator,Experimental situation,2022-05-05 03:22:00,2022-05-05 03:23:37
2022-05-05 13:46:05,2022-05-05 13:46:27,Free_Living,annotator,Experimental situation,2022-05-05 03:23:37,2022-05-05 03:23:59
2022-05-05 13:46:27,2022-05-05 13:53:40,Free_Living,annotator,Experimental situation,2022-05-05 03:23:59,2022-05-05 03:31:12
2022-05-05 13:53:40,2022-05-05 13:56:41,Free_Living,annotator,Experimental situation,2022-05-05 03:31:12,2022-05-05 03:34:13
2022-05-05 13:56:41,2022-05-05 13:57:00,Free_Living,annotator,Experimental situation,2022-05-05 03:34:13,2022-05-05 03:34:32
2022-05-05 13:57:00,2022-05-05 13:58:46,Free_Living,annotator,Experimental situation,2022-05-05 03:34:32,2022-05-05 03:36:18
2022-05-05 13:58:46,2022-05-05 14:01:17,Free_Living,annotator,Experimental situation,2022-05-05 03:36:18,2022-05-05 03:38:49
2022-05-05 14:01:17,2022-05-05 14:01:45,Free_Living,annotator,Experimental situation,2022-05-05 03:38:49,2022-05-05 03:39:17
2022-05-05 14:01:45,2022-05-05 14:01:59,Free_Living,annotator,Experimental situation,2022-05-05 03:39:17,2022-05-05 03:39:31
2022-05-05 14:02:16,2022-05-05 14:02:58,Free_Living,annotator,Experimental situation,2022-05-05 03:39:48,2022-05-05 03:40:30
2022-05-05 14:03:12,2022-05-05 14:04:17,Free_Living,annotator,Experimental situation,2022-05-05 03:40:44,2022-05-05 03:41:49
2022-05-05 14:04:17,2022-05-05 14:04:39,Free_Living,annotator,Experimental situation,2022-05-05 03:41:49,2022-05-05 03:42:11
2022-05-05 14:04:44,2022-05-05 14:05:53,Free_Living,annotator,Experimental situation,2022-05-05 03:42:16,2022-05-05 03:43:25
2022-05-05 14:05:53,2022-05-05 14:06:13,Free_Living,annotator,Experimental situation,2022-05-05 03:43:25,2022-05-05 03:43:45
2022-05-05 14:06:13,2022-05-05 14:06:46,Free_Living,annotator,Experimental situation,2022-05-05 03:43:45,2022-05-05 03:44:18
2022-05-05 14:06:46,2022-05-05 14:08:04,Free_Living,annotator,Experimental situation,2022-05-05 03:44:18,2022-05-05 03:45:36
2022-05-05 14:08:04,2022-05-05 14:09:02,Free_Living,annotator,Experimental situation,2022-05-05 03:45:36,2022-05-05 03:46:34
2022-05-05 14:09:02,2022-05-05 14:09:39,Free_Living,annotator,Experimental situation,2022-05-05 03:46:34,2022-05-05 03:47:11
2022-05-05 14:09:39,2022-05-05 14:10:02,Free_Living,annotator,Experimental situation,2022-05-05 03:47:11,2022-05-05 03:47:34
2022-05-05 14:10:02,2022-05-05 14:12:17,Free_Living,annotator,Experimental situation,2022-05-05 03:47:34,2022-05-05 03:49:49
2022-05-05 14:12:17,2022-05-05 14:12:37,Free_Living,annotator,Experimental situation,2022-05-05 03:49:49,2022-05-05 03:50:09
2022-05-05 14:12:37,2022-05-05 14:14:36,Free_Living,annotator,Experimental situation,2022-05-05 03:50:09,2022-05-05 03:52:08
2022-05-05 14:14:36,2022-05-05 14:14:59,Free_Living,annotator,Experimental situation,2022-05-05 03:52:08,2022-05-05 03:52:31
2022-05-05 14:14:59,2022-05-05 14:15:06,Free_Living,annotator,Experimental situation,2022-05-05 03:52:31,2022-05-05 03:52:38
2022-05-05 14:15:06,2022-05-05 14:15:52,Free_Living,annotator,Experimental situation,2022-05-05 03:52:38,2022-05-05 03:53:24
2022-05-05 14:15:54,2022-05-05 14:18:41,Free_Living,annotator,Experimental situation,2022-05-05 03:53:26,2022-05-05 03:56:13
2022-05-05 14:18:41,2022-05-05 14:28:16,Free_Living,annotator,Experimental situation,2022-05-05 03:56:13,2022-05-05 04:05:48
2022-05-05 14:28:27,2022-05-05 14:32:33,Free_Living,annotator,Experimental situation,2022-05-05 04:05:59,2022-05-05 04:10:05
2022-05-05 14:32:33,2022-05-05 14:33:53,Free_Living,annotator,Experimental situation,2022-05-05 04:10:05,2022-05-05 04:11:25
2022-05-05 14:33:53,2022-05-05 14:43:21,Free_Living,annotator,Experimental situation,2022-05-05 04:11:25,2022-05-05 04:20:53
2022-05-05 14:43:21,2022-05-05 14:43:35,Free_Living,annotator,Experimental situation,2022-05-05 04:20:53,2022-05-05 04:21:07
2022-05-05 14:43:35,2022-05-05 14:45:17,Free_Living,annotator,Experimental situation,2022-05-05 04:21:07,2022-05-05 04:22:49
2022-05-05 14:45:32,2022-05-05 14:51:51,Free_Living,annotator,Experimental situation,2022-05-05 04:23:04,2022-05-05 04:29:23
2022-05-05 14:52:01,2022-05-05 14:52:55,Free_Living,annotator,Experimental situation,2022-05-05 04:29:33,2022-05-05 04:30:27
2022-05-05 14:52:55,2022-05-05 14:53:01,Free_Living,annotator,Experimental situation,2022-05-05 04:30:27,2022-05-05 04:30:33
2022-05-05 14:53:01,2022-05-05 14:53:10,Free_Living,annotator,Experimental situation,2022-05-05 04:30:33,2022-05-05 04:30:42
2022-05-05 14:53:10,2022-05-05 14:57:42,Free_Living,annotator,Experimental situation,2022-05-05 04:30:42,2022-05-05 04:35:14
2022-05-05 14:57:42,2022-05-05 14:58:18,Free_Living,annotator,Experimental situation,2022-05-05 04:35:14,2022-05-05 04:35:50
2022-05-05 14:58:18,2022-05-05 14:58:41,Free_Living,annotator,Experimental situation,2022-05-05 04:35:50,2022-05-05 04:36:13
2022-05-05 14:58:41,2022-05-05 14:59:16,Free_Living,annotator,Experimental situation,2022-05-05 04:36:13,2022-05-05 04:36:48
2022-05-05 14:59:16,2022-05-05 15:00:01,Free_Living,annotator,Experimental situation,2022-05-05 04:36:48,2022-05-05 04:37:33
2022-05-05 15:00:01,2022-05-05 15:00:21,Free_Living,annotator,Experimental situation,2022-05-05 04:37:33,2022-05-05 04:37:53
2022-05-05 15:02:41,2022-05-05 15:02:41,Free_Living,annotator,Experimental situation,2022-05-05 04:40:13,2022-05-05 04:40:13
2022-05-05 15:03:39,2022-05-05 15:03:40,Free_Living,annotator,Experimental situation,2022-05-05 04:41:11,2022-05-05 04:41:12
2022-05-05 15:07:31,2022-05-05 15:07:47,Free_Living,annotator,Experimental situation,2022-05-05 04:45:03,2022-05-05 04:45:19
2022-05-05 15:07:47,2022-05-05 15:08:04,Free_Living,annotator,Experimental situation,2022-05-05 04:45:19,2022-05-05 04:45:36
2022-05-05 15:08:04,2022-05-05 15:08:30,Free_Living,annotator,Experimental situation,2022-05-05 04:45:36,2022-05-05 04:46:02
2022-05-05 15:08:30,2022-05-05 15:09:19,Free_Living,annotator,Experimental situation,2022-05-05 04:46:02,2022-05-05 04:46:51
2022-05-05 15:09:19,2022-05-05 15:09:49,Free_Living,annotator,Experimental situation,2022-05-05 04:46:51,2022-05-05 04:47:21
2022-05-05 15:09:49,2022-05-05 15:10:06,Free_Living,annotator,Experimental situation,2022-05-05 04:47:21,2022-05-05 04:47:38
2022-05-05 15:10:06,2022-05-05 15:11:07,Free_Living,annotator,Experimental situation,2022-05-05 04:47:38,2022-05-05 04:48:39
2022-05-05 15:11:07,2022-05-05 15:11:27,Free_Living,annotator,Experimental situation,2022-05-05 04:48:39,2022-05-05 04:48:59
2022-05-05 15:11:27,2022-05-05 15:11:38,Free_Living,annotator,Experimental situation,2022-05-05 04:48:59,2022-05-05 04:49:10
2022-05-05 15:11:38,2022-05-05 15:12:25,Free_Living,annotator,Experimental situation,2022-05-05 04:49:10,2022-05-05 04:49:57
2022-05-05 15:12:25,2022-05-05 15:13:18,Free_Living,annotator,Experimental situation,2022-05-05 04:49:57,2022-05-05 04:50:50
2022-05-05 15:13:18,2022-05-05 15:13:34,Free_Living,annotator,Experimental situation,2022-05-05 04:50:50,2022-05-05 04:51:06
2022-05-05 15:13:40,2022-05-05 17:32:37,Free_Living,annotator,Experimental situation,2022-05-05 04:51:12,2022-05-05 07:10:09
2022-05-05 17:32:37,2022-05-05 17:34:21,Free_Living,annotator,Experimental situation,2022-05-05 07:10:09,2022-05-05 07:11:53
2022-05-05 17:34:21,2022-05-05 17:34:37,Free_Living,annotator,Experimental situation,2022-05-05 07:11:53,2022-05-05 07:12:09
2022-05-05 17:34:37,2022-05-05 17:34:49,Free_Living,annotator,Experimental situation,2022-05-05 07:12:09,2022-05-05 07:12:21
2022-05-05 17:34:49,2022-05-05 17:35:12,Free_Living,annotator,Experimental situation,2022-05-05 07:12:21,2022-05-05 07:12:44
2022-05-05 17:35:12,2022-05-05 17:36:11,Free_Living,annotator,Experimental situation,2022-05-05 07:12:44,2022-05-05 07:13:43
2022-05-05 17:36:11,2022-05-05 17:38:28,Free_Living,annotator,Experimental situation,2022-05-05 07:13:43,2022-05-05 07:16:00
2022-05-05 17:38:28,2022-05-05 17:38:33,Free_Living,annotator,Experimental situation,2022-05-05 07:16:00,2022-05-05 07:16:05
2022-05-05 17:38:33,2022-05-05 17:38:53,Free_Living,annotator,Experimental situation,2022-05-05 07:16:05,2022-05-05 07:16:25
2022-05-05 17:38:53,2022-05-05 17:38:59,Free_Living,annotator,Experimental situation,2022-05-05 07:16:25,2022-05-05 07:16:31
2022-05-05 17:38:59,2022-05-05 17:39:36,Free_Living,annotator,Experimental situation,2022-05-05 07:16:31,2022-05-05 07:17:08
2022-05-05 17:39:36,2022-05-05 17:39:41,Free_Living,annotator,Experimental situation,2022-05-05 07:17:08,2022-05-05 07:17:13
2022-05-05 17:39:41,2022-05-05 17:40:17,Free_Living,annotator,Experimental situation,2022-05-05 07:17:13,2022-05-05 07:17:49
2022-05-05 17:40:17,2022-05-05 17:42:05,Free_Living,annotator,Experimental situation,2022-05-05 07:17:49,2022-05-05 07:19:37
2022-05-05 17:42:05,2022-05-05 17:42:46,Free_Living,annotator,Experimental situation,2022-05-05 07:19:37,2022-05-05 07:20:18
2022-05-05 17:42:46,2022-05-05 17:43:38,Free_Living,annotator,Experimental situation,2022-05-05 07:20:18,2022-05-05 07:21:10
2022-05-05 17:43:38,2022-05-05 17:44:19,Free_Living,annotator,Experimental situation,2022-05-05 07:21:10,2022-05-05 07:21:51
2022-05-05 17:44:56,2022-05-05 17:46:17,Free_Living,annotator,Experimental situation,2022-05-05 07:22:28,2022-05-05 07:23:49
2022-05-05 17:46:21,2022-05-05 17:50:41,Free_Living,annotator,Experimental situation,2022-05-05 07:23:53,2022-05-05 07:28:13
2022-05-05 17:50:41,2022-05-05 17:51:42,Free_Living,annotator,Experimental situation,2022-05-05 07:28:13,2022-05-05 07:29:14
2022-05-05 17:51:49,2022-05-05 18:45:43,Free_Living,annotator,Experimental situation,2022-05-05 07:29:21,2022-05-05 08:23:15
2022-05-05 18:45:43,2022-05-05 18:53:56,Free_Living,annotator,Experimental situation,2022-05-05 08:23:15,2022-05-05 08:31:28
2022-05-05 18:53:56,2022-05-05 18:57:08,Free_Living,annotator,Experimental situation,2022-05-05 08:31:28,2022-05-05 08:34:40
