START_TIME,STOP_TIME,PREDICTION,SOURCE,LABELSET,VIDEO_START_TIME,VIDEO_END_TIME
2022-02-27 10:20:37,2022-02-27 10:20:54,Located_Indoors,annotator,Behavioral Parameters,2022-02-27 00:00:00,2022-02-27 00:00:17
2022-02-27 10:20:57,2022-02-27 10:21:32,Located_Indoors, Holding_Other_Object_Light,annotator,Behavioral Parameters,2022-02-27 00:00:20,2022-02-27 00:00:55
2022-02-27 10:21:33,2022-02-27 10:22:10,Located_Indoors, Holding_Other_Object_Light, Texting/Browsing_Phone,annotator,Behavioral Parameters,2022-02-27 00:00:56,2022-02-27 00:01:33
2022-02-27 10:22:10,2022-02-27 10:22:16,Located_Indoors, Holding_Other_Object_Light, Texting/Browsing_Phone,annotator,Behavioral Parameters,2022-02-27 00:01:33,2022-02-27 00:01:39
2022-02-27 10:22:18,2022-02-27 10:22:30,Located_Indoors,annotator,Behavioral Parameters,2022-02-27 00:01:41,2022-02-27 00:01:53
2022-02-27 10:22:30,2022-02-27 10:22:36,Located_Outdoors, Holding_Other_Object_Light,annotator,Behavioral Parameters,2022-02-27 00:01:53,2022-02-27 00:01:59
2022-02-27 10:22:36,2022-02-27 10:27:35,Located_Outdoors, Texting/Browsing_Phone, Holding_Other_Object_Light,annotator,Behavioral Parameters,2022-02-27 00:01:59,2022-02-27 00:06:58
2022-02-27 10:27:35,2022-02-27 10:27:45,Located_Outdoors, Texting/Browsing_Phone, Holding_Other_Object_Light,annotator,Behavioral Parameters,2022-02-27 00:06:58,2022-02-27 00:07:08
2022-02-27 10:27:46,2022-02-27 10:27:54,Located_Outdoors, Texting/Browsing_Phone, Holding_Other_Object_Light,annotator,Behavioral Parameters,2022-02-27 00:07:09,2022-02-27 00:07:17
2022-02-27 10:27:54,2022-02-27 10:28:54,Located_Outdoors, Texting/Browsing_Phone, Holding_Other_Object_Light,annotator,Behavioral Parameters,2022-02-27 00:07:17,2022-02-27 00:08:17
2022-02-27 10:28:54,2022-02-27 10:30:29,Located_Outdoors, Texting/Browsing_Phone, Holding_Other_Object_Light,annotator,Behavioral Parameters,2022-02-27 00:08:17,2022-02-27 00:09:52
2022-02-27 10:30:29,2022-02-27 10:31:56,Located_Outdoors,annotator,Behavioral Parameters,2022-02-27 00:09:52,2022-02-27 00:11:19
2022-02-27 10:32:01,2022-02-27 10:32:13,Located_Indoors,annotator,Behavioral Parameters,2022-02-27 00:11:24,2022-02-27 00:11:36
2022-02-27 10:32:13,2022-02-27 10:32:23,Located_Indoors, Holding_Other_Object_Light, Texting/Browsing_Phone,annotator,Behavioral Parameters,2022-02-27 00:11:36,2022-02-27 00:11:46
2022-02-27 10:32:26,2022-02-27 10:32:56,Located_Indoors,annotator,Behavioral Parameters,2022-02-27 00:11:49,2022-02-27 00:12:19
2022-02-27 10:32:57,2022-02-27 10:33:07,Located_Indoors,annotator,Behavioral Parameters,2022-02-27 00:12:20,2022-02-27 00:12:30
2022-02-27 10:33:07,2022-02-27 10:33:12,Located_Indoors,annotator,Behavioral Parameters,2022-02-27 00:12:30,2022-02-27 00:12:35
2022-02-27 10:33:12,2022-02-27 10:33:13,Located_Indoors,annotator,Behavioral Parameters,2022-02-27 00:12:35,2022-02-27 00:12:36
2022-02-27 10:33:19,2022-02-27 10:34:30,Located_Indoors,annotator,Behavioral Parameters,2022-02-27 00:12:42,2022-02-27 00:13:53
2022-02-27 10:34:34,2022-02-27 10:34:37,Located_Indoors,annotator,Behavioral Parameters,2022-02-27 00:13:57,2022-02-27 00:14:00
2022-02-27 10:34:38,2022-02-27 10:34:44,Located_Indoors, Holding_Other_Object_Light,annotator,Behavioral Parameters,2022-02-27 00:14:01,2022-02-27 00:14:07
2022-02-27 10:34:45,2022-02-27 10:35:13,Located_Indoors, Holding_Other_Object_Light,annotator,Behavioral Parameters,2022-02-27 00:14:08,2022-02-27 00:14:36
2022-02-27 10:35:15,2022-02-27 10:35:23,Located_Indoors,annotator,Behavioral Parameters,2022-02-27 00:14:38,2022-02-27 00:14:46
2022-02-27 10:35:25,2022-02-27 10:35:58,Located_Indoors, Browsing_Computer,annotator,Behavioral Parameters,2022-02-27 00:14:48,2022-02-27 00:15:21
2022-02-27 10:35:59,2022-02-27 10:36:25,Located_Indoors, Texting/Browsing_Phone, Holding_Other_Object_Light,annotator,Behavioral Parameters,2022-02-27 00:15:22,2022-02-27 00:15:48
2022-02-27 10:36:26,2022-02-27 10:37:34,Located_Indoors, Browsing_Computer,annotator,Behavioral Parameters,2022-02-27 00:15:49,2022-02-27 00:16:57
2022-02-27 10:37:36,2022-02-27 10:37:49,Located_Indoors, Texting/Browsing_Phone, Holding_Other_Object_Light,annotator,Behavioral Parameters,2022-02-27 00:16:59,2022-02-27 00:17:12
2022-02-27 10:37:52,2022-02-27 10:37:59,Located_Indoors, Browsing_Computer,annotator,Behavioral Parameters,2022-02-27 00:17:15,2022-02-27 00:17:22
2022-02-27 10:38:00,2022-02-27 10:38:21,Located_Indoors,annotator,Behavioral Parameters,2022-02-27 00:17:23,2022-02-27 00:17:44
2022-02-27 10:38:21,2022-02-27 10:40:08,Located_Indoors, Browsing_Computer,annotator,Behavioral Parameters,2022-02-27 00:17:44,2022-02-27 00:19:31
2022-02-27 10:40:09,2022-02-27 10:40:19,Located_Indoors, Texting/Browsing_Phone, Holding_Other_Object_Light,annotator,Behavioral Parameters,2022-02-27 00:19:32,2022-02-27 00:19:42
2022-02-27 10:40:19,2022-02-27 10:41:07,Located_Indoors, Texting/Browsing_Phone,annotator,Behavioral Parameters,2022-02-27 00:19:42,2022-02-27 00:20:30
2022-02-27 10:41:07,2022-02-27 10:41:24,Located_Indoors,annotator,Behavioral Parameters,2022-02-27 00:20:30,2022-02-27 00:20:47
2022-02-27 10:41:24,2022-02-27 10:41:53,Located_Indoors, Browsing_Computer,annotator,Behavioral Parameters,2022-02-27 00:20:47,2022-02-27 00:21:16
2022-02-27 10:41:53,2022-02-27 10:44:13,Located_Indoors,annotator,Behavioral Parameters,2022-02-27 00:21:16,2022-02-27 00:23:36
2022-02-27 10:44:14,2022-02-27 10:45:12,Located_Indoors, Typing_Computer,annotator,Behavioral Parameters,2022-02-27 00:23:37,2022-02-27 00:24:35
2022-02-27 10:45:13,2022-02-27 10:54:14,Located_Indoors, Browsing_Computer,annotator,Behavioral Parameters,2022-02-27 00:24:36,2022-02-27 00:33:37
2022-02-27 10:54:15,2022-02-27 10:58:01,Located_Indoors, Browsing_Computer,annotator,Behavioral Parameters,2022-02-27 00:33:38,2022-02-27 00:37:24
2022-02-27 10:58:02,2022-02-27 10:58:29,Located_Indoors,annotator,Behavioral Parameters,2022-02-27 00:37:25,2022-02-27 00:37:52
2022-02-27 10:58:29,2022-02-27 11:04:42,Located_Indoors, Browsing_Computer,annotator,Behavioral Parameters,2022-02-27 00:37:52,2022-02-27 00:44:05
2022-02-27 11:04:43,2022-02-27 11:04:54,Located_Indoors,annotator,Behavioral Parameters,2022-02-27 00:44:06,2022-02-27 00:44:17
2022-02-27 11:04:55,2022-02-27 11:04:56,Located_Indoors,annotator,Behavioral Parameters,2022-02-27 00:44:18,2022-02-27 00:44:19
2022-02-27 11:04:57,2022-02-27 11:05:02,Located_Indoors, Holding_Book/Reader,annotator,Behavioral Parameters,2022-02-27 00:44:20,2022-02-27 00:44:25
2022-02-27 11:05:03,2022-02-27 11:05:15,Located_Indoors, Holding_Book/Reader,annotator,Behavioral Parameters,2022-02-27 00:44:26,2022-02-27 00:44:38
2022-02-27 11:05:17,2022-02-27 11:07:53,Located_Indoors,annotator,Behavioral Parameters,2022-02-27 00:44:40,2022-02-27 00:47:16
2022-02-27 11:07:55,2022-02-27 11:10:58,Located_Indoors, Browsing_Computer,annotator,Behavioral Parameters,2022-02-27 00:47:18,2022-02-27 00:50:21
2022-02-27 11:10:59,2022-02-27 11:12:25,Located_Indoors, In_Conversation,annotator,Behavioral Parameters,2022-02-27 00:50:22,2022-02-27 00:51:48
2022-02-27 11:12:25,2022-02-27 11:13:28,Located_Indoors, Browsing_Computer, In_Conversation,annotator,Behavioral Parameters,2022-02-27 00:51:48,2022-02-27 00:52:51
2022-02-27 11:13:28,2022-02-27 11:20:51,Located_Indoors, Browsing_Computer,annotator,Behavioral Parameters,2022-02-27 00:52:51,2022-02-27 01:00:14
2022-02-27 11:20:45,2022-02-27 11:20:51,Located_Indoors, Browsing_Computer,annotator,Behavioral Parameters,2022-02-27 01:00:08,2022-02-27 01:00:14
2022-02-27 11:20:51,2022-02-27 11:21:07,Located_Indoors, Typing_Computer,annotator,Behavioral Parameters,2022-02-27 01:00:14,2022-02-27 01:00:30
2022-02-27 11:21:07,2022-02-27 11:21:20,Located_Indoors, Browsing_Computer,annotator,Behavioral Parameters,2022-02-27 01:00:30,2022-02-27 01:00:43
2022-02-27 11:21:21,2022-02-27 11:21:46,Located_Indoors,annotator,Behavioral Parameters,2022-02-27 01:00:44,2022-02-27 01:01:09
2022-02-27 11:21:46,2022-02-27 11:22:20,Located_Indoors,annotator,Behavioral Parameters,2022-02-27 01:01:09,2022-02-27 01:01:43
2022-02-27 11:22:20,2022-02-27 11:32:23,Located_Indoors, Browsing_Computer,annotator,Behavioral Parameters,2022-02-27 01:01:43,2022-02-27 01:11:46
2022-02-27 11:32:23,2022-02-27 11:33:20,Located_Indoors, In_Conversation,annotator,Behavioral Parameters,2022-02-27 01:11:46,2022-02-27 01:12:43
2022-02-27 11:33:21,2022-02-27 11:33:49,Located_Indoors, In_Conversation, Browsing_Computer,annotator,Behavioral Parameters,2022-02-27 01:12:44,2022-02-27 01:13:12
2022-02-27 11:33:50,2022-02-27 11:34:18,Located_Indoors, Holding_Other_Object_Light, Texting/Browsing_Phone,annotator,Behavioral Parameters,2022-02-27 01:13:13,2022-02-27 01:13:41
2022-02-27 11:34:18,2022-02-27 11:34:55,Located_Indoors,annotator,Behavioral Parameters,2022-02-27 01:13:41,2022-02-27 01:14:18
2022-02-27 11:34:58,2022-02-27 11:35:07,Located_Indoors, Carrying_Bag_On_Shoulder/Back_Light,annotator,Behavioral Parameters,2022-02-27 01:14:21,2022-02-27 01:14:30
2022-02-27 11:35:07,2022-02-27 11:36:29,Located_Indoors, Carrying_Bag_On_Shoulder/Back_Light,annotator,Behavioral Parameters,2022-02-27 01:14:30,2022-02-27 01:15:52
2022-02-27 11:36:30,2022-02-27 11:41:22,Carrying_Bag_On_Shoulder/Back_Light, Located_Outdoors,annotator,Behavioral Parameters,2022-02-27 01:15:53,2022-02-27 01:20:45
2022-02-27 11:41:22,2022-02-27 11:41:24,Carrying_Bag_On_Shoulder/Back_Light, Located_Outdoors,annotator,Behavioral Parameters,2022-02-27 01:20:45,2022-02-27 01:20:47
2022-02-27 11:41:27,2022-02-27 11:41:29,Carrying_Bag_On_Shoulder/Back_Light, Located_Outdoors,annotator,Behavioral Parameters,2022-02-27 01:20:50,2022-02-27 01:20:52
2022-02-27 11:41:30,2022-02-27 11:41:32,Carrying_Bag_On_Shoulder/Back_Light, Located_Outdoors,annotator,Behavioral Parameters,2022-02-27 01:20:53,2022-02-27 01:20:55
2022-02-27 11:41:32,2022-02-27 11:42:09,Carrying_Bag_On_Shoulder/Back_Light, Located_Outdoors,annotator,Behavioral Parameters,2022-02-27 01:20:55,2022-02-27 01:21:32
2022-02-27 11:42:09,2022-02-27 11:42:37,Carrying_Bag_On_Shoulder/Back_Light, Located_Outdoors, Texting/Browsing_Phone, Holding_Other_Object_Light,annotator,Behavioral Parameters,2022-02-27 01:21:32,2022-02-27 01:22:00
2022-02-27 11:42:37,2022-02-27 11:43:54,Carrying_Bag_On_Shoulder/Back_Light, Located_Outdoors, Holding_Other_Object_Light, Texting/Browsing_Phone,annotator,Behavioral Parameters,2022-02-27 01:22:00,2022-02-27 01:23:17
2022-02-27 11:43:55,2022-02-27 11:46:21,Carrying_Bag_On_Shoulder/Back_Light, Located_Outdoors,annotator,Behavioral Parameters,2022-02-27 01:23:18,2022-02-27 01:25:44
2022-02-27 11:46:21,2022-02-27 11:46:31,Located_Indoors, Carrying_Bag_On_Shoulder/Back_Light,annotator,Behavioral Parameters,2022-02-27 01:25:44,2022-02-27 01:25:54
2022-02-27 11:46:32,2022-02-27 11:47:03,Located_Indoors, Carrying_Bag_On_Shoulder/Back_Light, Holding_Other_Object_Light, Texting/Browsing_Phone,annotator,Behavioral Parameters,2022-02-27 01:25:55,2022-02-27 01:26:26
2022-02-27 11:47:04,2022-02-27 11:47:16,Located_Indoors, Carrying_Bag_On_Shoulder/Back_Light,annotator,Behavioral Parameters,2022-02-27 01:26:27,2022-02-27 01:26:39
2022-02-27 11:47:16,2022-02-27 12:00:29,BP_VideoUnavailable/Indecipherable,annotator,Behavioral Parameters,2022-02-27 01:26:39,2022-02-27 01:39:52
2022-02-27 12:00:30,2022-02-27 12:01:38,Located_Indoors,annotator,Behavioral Parameters,2022-02-27 01:39:53,2022-02-27 01:41:01
2022-02-27 12:01:39,2022-02-27 12:04:18,Located_Indoors, Texting/Browsing_Phone, Holding_Other_Object_Light,annotator,Behavioral Parameters,2022-02-27 01:41:02,2022-02-27 01:43:41
2022-02-27 12:04:19,2022-02-27 12:04:37,Located_Indoors,annotator,Behavioral Parameters,2022-02-27 01:43:42,2022-02-27 01:44:00
2022-02-27 12:04:37,2022-02-27 12:05:00,Located_Indoors, Texting/Browsing_Phone, Holding_Other_Object_Light,annotator,Behavioral Parameters,2022-02-27 01:44:00,2022-02-27 01:44:23
2022-02-27 12:05:02,2022-02-27 12:06:25,Located_Indoors,annotator,Behavioral Parameters,2022-02-27 01:44:25,2022-02-27 01:45:48
2022-02-27 12:06:26,2022-02-27 12:06:50,Located_Indoors,annotator,Behavioral Parameters,2022-02-27 01:45:49,2022-02-27 01:46:13
2022-02-27 12:06:51,2022-02-27 12:07:00,Located_Indoors, Holding_Drink, Holding_Other_Object_Light,annotator,Behavioral Parameters,2022-02-27 01:46:14,2022-02-27 01:46:23
2022-02-27 12:07:01,2022-02-27 12:07:22,Located_Indoors, Texting/Browsing_Phone, Holding_Other_Object_Light,annotator,Behavioral Parameters,2022-02-27 01:46:24,2022-02-27 01:46:45
2022-02-27 12:07:24,2022-02-27 12:07:39,Located_Indoors, Holding_Other_Object_Light,annotator,Behavioral Parameters,2022-02-27 01:46:47,2022-02-27 01:47:02
2022-02-27 12:07:43,2022-02-27 12:08:08,Located_Indoors,annotator,Behavioral Parameters,2022-02-27 01:47:06,2022-02-27 01:47:31
2022-02-27 12:08:09,2022-02-27 12:08:33,Located_Indoors, Holding_Other_Object_Light,annotator,Behavioral Parameters,2022-02-27 01:47:32,2022-02-27 01:47:56
2022-02-27 12:08:33,2022-02-27 12:08:55,Located_Indoors, Holding_Other_Object_Light, Texting/Browsing_Phone,annotator,Behavioral Parameters,2022-02-27 01:47:56,2022-02-27 01:48:18
2022-02-27 12:08:56,2022-02-27 12:09:04,Located_Indoors, Holding_Other_Object_Light, Texting/Browsing_Phone,annotator,Behavioral Parameters,2022-02-27 01:48:19,2022-02-27 01:48:27
2022-02-27 12:09:05,2022-02-27 12:10:11,Holding_Other_Object_Light, Located_Outdoors,annotator,Behavioral Parameters,2022-02-27 01:48:28,2022-02-27 01:49:34
2022-02-27 12:10:13,2022-02-27 12:11:32,Located_Outdoors,annotator,Behavioral Parameters,2022-02-27 01:49:36,2022-02-27 01:50:55
2022-02-27 12:11:32,2022-02-27 12:11:50,Located_Indoors, Texting/Browsing_Phone, Holding_Other_Object_Light,annotator,Behavioral Parameters,2022-02-27 01:50:55,2022-02-27 01:51:13
2022-02-27 12:11:51,2022-02-27 12:11:54,Located_Indoors, Texting/Browsing_Phone, Holding_Other_Object_Light,annotator,Behavioral Parameters,2022-02-27 01:51:14,2022-02-27 01:51:17
2022-02-27 12:11:54,2022-02-27 12:11:59,Located_Indoors,annotator,Behavioral Parameters,2022-02-27 01:51:17,2022-02-27 01:51:22
2022-02-27 12:11:59,2022-02-27 12:12:03,Located_Indoors,annotator,Behavioral Parameters,2022-02-27 01:51:22,2022-02-27 01:51:26
2022-02-27 12:12:03,2022-02-27 12:12:07,Located_Indoors,annotator,Behavioral Parameters,2022-02-27 01:51:26,2022-02-27 01:51:30
2022-02-27 12:12:07,2022-02-27 12:12:55,Located_Indoors, Holding_Other_Object_Light,annotator,Behavioral Parameters,2022-02-27 01:51:30,2022-02-27 01:52:18
2022-02-27 12:12:55,2022-02-27 12:13:13,Located_Indoors,annotator,Behavioral Parameters,2022-02-27 01:52:18,2022-02-27 01:52:36
2022-02-27 12:13:13,2022-02-27 12:13:46,Located_Indoors,annotator,Behavioral Parameters,2022-02-27 01:52:36,2022-02-27 01:53:09
2022-02-27 12:13:46,2022-02-27 12:13:51,Located_Indoors, Holding_Drink,annotator,Behavioral Parameters,2022-02-27 01:53:09,2022-02-27 01:53:14
2022-02-27 12:13:51,2022-02-27 12:14:02,Located_Indoors, Holding_Other_Object_Light,annotator,Behavioral Parameters,2022-02-27 01:53:14,2022-02-27 01:53:25
2022-02-27 12:14:03,2022-02-27 12:14:23,Located_Indoors, Holding_Other_Object_Light,annotator,Behavioral Parameters,2022-02-27 01:53:26,2022-02-27 01:53:46
2022-02-27 12:14:27,2022-02-27 12:16:38,Located_Indoors, Holding_Other_Object_Light, Holding_Solid_Food, In_Conversation,annotator,Behavioral Parameters,2022-02-27 01:53:50,2022-02-27 01:56:01
2022-02-27 12:16:38,2022-02-27 12:18:40,Located_Indoors, Holding_Other_Object_Light, Holding_Solid_Food, In_Conversation,annotator,Behavioral Parameters,2022-02-27 01:56:01,2022-02-27 01:58:03
2022-02-27 12:18:40,2022-02-27 12:18:56,Located_Indoors, Holding_Other_Object_Light, Holding_Solid_Food, In_Conversation, Texting/Browsing_Phone,annotator,Behavioral Parameters,2022-02-27 01:58:03,2022-02-27 01:58:19
2022-02-27 12:18:56,2022-02-27 12:19:08,Located_Indoors, Holding_Other_Object_Light, Holding_Solid_Food, In_Conversation,annotator,Behavioral Parameters,2022-02-27 01:58:19,2022-02-27 01:58:31
2022-02-27 12:19:08,2022-02-27 12:20:12,Located_Indoors, Holding_Other_Object_Light, Holding_Solid_Food, In_Conversation, Texting/Browsing_Phone,annotator,Behavioral Parameters,2022-02-27 01:58:31,2022-02-27 01:59:35
2022-02-27 12:20:17,2022-02-27 12:20:21,Located_Indoors, Holding_Other_Object_Light, Holding_Solid_Food, In_Conversation, Texting/Browsing_Phone,annotator,Behavioral Parameters,2022-02-27 01:59:40,2022-02-27 01:59:44
2022-02-27 12:20:24,2022-02-27 12:20:41,Located_Indoors, Holding_Other_Object_Light, In_Conversation,annotator,Behavioral Parameters,2022-02-27 01:59:47,2022-02-27 02:00:04
2022-02-27 12:20:41,2022-02-27 12:23:47,Located_Indoors, Holding_Other_Object_Light, In_Conversation, Holding_Solid_Food,annotator,Behavioral Parameters,2022-02-27 02:00:04,2022-02-27 02:03:10
2022-02-27 12:23:49,2022-02-27 12:23:56,Located_Indoors, In_Conversation,annotator,Behavioral Parameters,2022-02-27 02:03:12,2022-02-27 02:03:19
2022-02-27 12:23:57,2022-02-27 12:24:08,Located_Indoors, In_Conversation,annotator,Behavioral Parameters,2022-02-27 02:03:20,2022-02-27 02:03:31
2022-02-27 12:24:09,2022-02-27 12:24:15,Located_Indoors, In_Conversation,annotator,Behavioral Parameters,2022-02-27 02:03:32,2022-02-27 02:03:38
2022-02-27 12:24:17,2022-02-27 12:28:09,Located_Indoors, In_Conversation, Legs_Crossed,annotator,Behavioral Parameters,2022-02-27 02:03:40,2022-02-27 02:07:32
2022-02-27 12:28:11,2022-02-27 12:30:05,Located_Indoors, In_Conversation,annotator,Behavioral Parameters,2022-02-27 02:07:34,2022-02-27 02:09:28
2022-02-27 12:30:06,2022-02-27 12:30:15,Located_Indoors, In_Conversation, Holding_Other_Object_Light,annotator,Behavioral Parameters,2022-02-27 02:09:29,2022-02-27 02:09:38
2022-02-27 12:30:15,2022-02-27 12:31:55,Located_Indoors, In_Conversation,annotator,Behavioral Parameters,2022-02-27 02:09:38,2022-02-27 02:11:18
2022-02-27 12:31:55,2022-02-27 12:32:47,Located_Indoors, In_Conversation, Texting/Browsing_Phone, Holding_Other_Object_Light,annotator,Behavioral Parameters,2022-02-27 02:11:18,2022-02-27 02:12:10
2022-02-27 12:32:47,2022-02-27 12:33:15,Located_Indoors, In_Conversation, Texting/Browsing_Phone,annotator,Behavioral Parameters,2022-02-27 02:12:10,2022-02-27 02:12:38
2022-02-27 12:33:15,2022-02-27 12:33:35,Located_Indoors, In_Conversation, Texting/Browsing_Phone, Holding_Other_Object_Light,annotator,Behavioral Parameters,2022-02-27 02:12:38,2022-02-27 02:12:58
2022-02-27 12:33:36,2022-02-27 12:33:41,Located_Indoors,annotator,Behavioral Parameters,2022-02-27 02:12:59,2022-02-27 02:13:04
2022-02-27 12:33:41,2022-02-27 12:33:46,Located_Indoors,annotator,Behavioral Parameters,2022-02-27 02:13:04,2022-02-27 02:13:09
2022-02-27 12:33:46,2022-02-27 12:33:49,Located_Indoors, Holding_Other_Object_Light,annotator,Behavioral Parameters,2022-02-27 02:13:09,2022-02-27 02:13:12
2022-02-27 12:33:49,2022-02-27 12:33:52,Located_Indoors, Holding_Other_Object_Light,annotator,Behavioral Parameters,2022-02-27 02:13:12,2022-02-27 02:13:15
2022-02-27 12:33:52,2022-02-27 12:34:51,Located_Indoors, Holding_Other_Object_Light,annotator,Behavioral Parameters,2022-02-27 02:13:15,2022-02-27 02:14:14
2022-02-27 12:34:51,2022-02-27 12:36:23,BP_VideoUnavailable/Indecipherable,annotator,Behavioral Parameters,2022-02-27 02:14:14,2022-02-27 02:15:46
2022-02-27 12:36:23,2022-02-27 12:36:52,Holding_Other_Object_Light,annotator,Behavioral Parameters,2022-02-27 02:15:46,2022-02-27 02:16:15
2022-02-27 12:36:52,2022-02-27 12:37:19,Holding_Other_Object_Light, Texting/Browsing_Phone,annotator,Behavioral Parameters,2022-02-27 02:16:15,2022-02-27 02:16:42
2022-02-27 12:37:19,2022-02-27 12:37:31,Holding_Other_Object_Light, Texting/Browsing_Phone,annotator,Behavioral Parameters,2022-02-27 02:16:42,2022-02-27 02:16:54
2022-02-27 12:37:31,2022-02-27 12:37:36,Holding_Other_Object_Light, Texting/Browsing_Phone,annotator,Behavioral Parameters,2022-02-27 02:16:54,2022-02-27 02:16:59
2022-02-27 12:37:36,2022-02-27 12:37:57,Holding_Other_Object_Light, Texting/Browsing_Phone,annotator,Behavioral Parameters,2022-02-27 02:16:59,2022-02-27 02:17:20
2022-02-27 12:37:57,2022-02-27 12:39:25,BP_VideoUnavailable/Indecipherable,annotator,Behavioral Parameters,2022-02-27 02:17:20,2022-02-27 02:18:48
2022-02-27 12:39:25,2022-02-27 12:39:27,Holding_Other_Object_Light, Located_Indoors, Texting/Browsing_Phone,annotator,Behavioral Parameters,2022-02-27 02:18:48,2022-02-27 02:18:50
2022-02-27 12:39:27,2022-02-27 12:39:42,Holding_Other_Object_Light, Located_Indoors,annotator,Behavioral Parameters,2022-02-27 02:18:50,2022-02-27 02:19:05
2022-02-27 12:39:42,2022-02-27 12:39:50,Holding_Other_Object_Light, Located_Indoors,annotator,Behavioral Parameters,2022-02-27 02:19:05,2022-02-27 02:19:13
2022-02-27 12:39:50,2022-02-27 12:39:55,Holding_Other_Object_Light, Located_Indoors,annotator,Behavioral Parameters,2022-02-27 02:19:13,2022-02-27 02:19:18
2022-02-27 12:39:55,2022-02-27 12:40:06,Holding_Other_Object_Light, Located_Indoors,annotator,Behavioral Parameters,2022-02-27 02:19:18,2022-02-27 02:19:29
2022-02-27 12:40:06,2022-02-27 12:40:29,Located_Indoors,annotator,Behavioral Parameters,2022-02-27 02:19:29,2022-02-27 02:19:52
2022-02-27 12:40:29,2022-02-27 12:40:57,Located_Indoors, Holding_Other_Object_Light, Texting/Browsing_Phone,annotator,Behavioral Parameters,2022-02-27 02:19:52,2022-02-27 02:20:20
2022-02-27 12:40:57,2022-02-27 12:41:09,Located_Indoors, Holding_Other_Object_Light, Texting/Browsing_Phone,annotator,Behavioral Parameters,2022-02-27 02:20:20,2022-02-27 02:20:32
2022-02-27 12:41:09,2022-02-27 12:41:16,Located_Indoors, Holding_Other_Object_Light, Texting/Browsing_Phone,annotator,Behavioral Parameters,2022-02-27 02:20:32,2022-02-27 02:20:39
2022-02-27 12:41:16,2022-02-27 12:41:22,Located_Indoors, Holding_Other_Object_Light, Texting/Browsing_Phone,annotator,Behavioral Parameters,2022-02-27 02:20:39,2022-02-27 02:20:45
2022-02-27 12:41:22,2022-02-27 12:41:32,Located_Indoors, Holding_Other_Object_Light, Texting/Browsing_Phone,annotator,Behavioral Parameters,2022-02-27 02:20:45,2022-02-27 02:20:55
2022-02-27 12:41:32,2022-02-27 12:42:01,Located_Indoors,annotator,Behavioral Parameters,2022-02-27 02:20:55,2022-02-27 02:21:24
2022-02-27 12:42:01,2022-02-27 12:42:04,Located_Indoors,annotator,Behavioral Parameters,2022-02-27 02:21:24,2022-02-27 02:21:27
2022-02-27 12:42:04,2022-02-27 12:42:17,Located_Indoors,annotator,Behavioral Parameters,2022-02-27 02:21:27,2022-02-27 02:21:40
2022-02-27 12:42:17,2022-02-27 12:46:36,Located_Outdoors, Holding_Other_Object_Light, Texting/Browsing_Phone,annotator,Behavioral Parameters,2022-02-27 02:21:40,2022-02-27 02:25:59
2022-02-27 12:46:36,2022-02-27 12:48:20,Located_Outdoors,annotator,Behavioral Parameters,2022-02-27 02:25:59,2022-02-27 02:27:43
2022-02-27 12:48:20,2022-02-27 12:50:28,Located_Outdoors,annotator,Behavioral Parameters,2022-02-27 02:27:43,2022-02-27 02:29:51
2022-02-27 12:50:28,2022-02-27 12:51:50,Located_Outdoors,annotator,Behavioral Parameters,2022-02-27 02:29:51,2022-02-27 02:31:13
2022-02-27 12:51:50,2022-02-27 12:52:07,Located_Outdoors,annotator,Behavioral Parameters,2022-02-27 02:31:13,2022-02-27 02:31:30
2022-02-27 12:52:07,2022-02-27 12:52:31,Located_Outdoors, Holding_Other_Object_Light, Texting/Browsing_Phone,annotator,Behavioral Parameters,2022-02-27 02:31:30,2022-02-27 02:31:54
2022-02-27 12:52:31,2022-02-27 12:59:32,Located_Outdoors, In_Conversation,annotator,Behavioral Parameters,2022-02-27 02:31:54,2022-02-27 02:38:55
2022-02-27 12:59:32,2022-02-27 13:00:12,Located_Indoors,annotator,Behavioral Parameters,2022-02-27 02:38:55,2022-02-27 02:39:35
2022-02-27 13:00:12,2022-02-27 13:00:49,Located_Indoors,annotator,Behavioral Parameters,2022-02-27 02:39:35,2022-02-27 02:40:12
2022-02-27 13:00:49,2022-02-27 13:00:59,Located_Indoors,annotator,Behavioral Parameters,2022-02-27 02:40:12,2022-02-27 02:40:22
2022-02-27 13:00:59,2022-02-27 13:01:12,Located_Indoors,annotator,Behavioral Parameters,2022-02-27 02:40:22,2022-02-27 02:40:35
2022-02-27 13:01:12,2022-02-27 13:01:31,Located_Indoors,annotator,Behavioral Parameters,2022-02-27 02:40:35,2022-02-27 02:40:54
2022-02-27 13:01:31,2022-02-27 13:01:43,Located_Indoors, Holding_Other_Object_Light, Texting/Browsing_Phone,annotator,Behavioral Parameters,2022-02-27 02:40:54,2022-02-27 02:41:06
2022-02-27 13:01:43,2022-02-27 13:05:19,Located_Indoors, In_Conversation,annotator,Behavioral Parameters,2022-02-27 02:41:06,2022-02-27 02:44:42
2022-02-27 13:05:19,2022-02-27 13:05:29,Located_Indoors, In_Conversation, Holding_Other_Object_Light, Texting/Browsing_Phone,annotator,Behavioral Parameters,2022-02-27 02:44:42,2022-02-27 02:44:52
2022-02-27 13:05:29,2022-02-27 13:06:16,Located_Indoors, In_Conversation,annotator,Behavioral Parameters,2022-02-27 02:44:52,2022-02-27 02:45:39
2022-02-27 13:06:16,2022-02-27 13:06:28,Located_Indoors,annotator,Behavioral Parameters,2022-02-27 02:45:39,2022-02-27 02:45:51
2022-02-27 13:06:28,2022-02-27 13:07:53,Located_Indoors, In_Conversation,annotator,Behavioral Parameters,2022-02-27 02:45:51,2022-02-27 02:47:16
2022-02-27 13:07:53,2022-02-27 13:09:36,Located_Indoors, Texting/Browsing_Phone, In_Conversation, Holding_Other_Object_Light,annotator,Behavioral Parameters,2022-02-27 02:47:16,2022-02-27 02:48:59
2022-02-27 13:09:36,2022-02-27 13:11:43,Located_Indoors, In_Conversation, Holding_Other_Object_Light,annotator,Behavioral Parameters,2022-02-27 02:48:59,2022-02-27 02:51:06
2022-02-27 13:11:43,2022-02-27 13:12:09,Located_Indoors, In_Conversation, Holding_Other_Object_Light, Texting/Browsing_Phone,annotator,Behavioral Parameters,2022-02-27 02:51:06,2022-02-27 02:51:32
2022-02-27 13:12:09,2022-02-27 13:16:53,Located_Indoors, In_Conversation, Holding_Other_Object_Light,annotator,Behavioral Parameters,2022-02-27 02:51:32,2022-02-27 02:56:16
2022-02-27 13:16:53,2022-02-27 13:17:09,Located_Indoors, In_Conversation, Holding_Other_Object_Light,annotator,Behavioral Parameters,2022-02-27 02:56:16,2022-02-27 02:56:32
2022-02-27 13:17:09,2022-02-27 13:18:34,Located_Indoors, Holding_Other_Object_Light,annotator,Behavioral Parameters,2022-02-27 02:56:32,2022-02-27 02:57:57
2022-02-27 13:18:34,2022-02-27 13:19:21,Located_Indoors,annotator,Behavioral Parameters,2022-02-27 02:57:57,2022-02-27 02:58:44
2022-02-27 13:19:21,2022-02-27 13:23:51,Located_Outdoors, Holding_Other_Object_Light,annotator,Behavioral Parameters,2022-02-27 02:58:44,2022-02-27 03:03:14
2022-02-27 13:23:51,2022-02-27 13:24:04,Located_Indoors, Holding_Other_Object_Light,annotator,Behavioral Parameters,2022-02-27 03:03:14,2022-02-27 03:03:27
2022-02-27 13:24:04,2022-02-27 13:24:25,Located_Indoors, Holding_Other_Object_Light,annotator,Behavioral Parameters,2022-02-27 03:03:27,2022-02-27 03:03:48
2022-02-27 13:24:25,2022-02-27 13:24:34,Located_Indoors, Holding_Other_Object_Light,annotator,Behavioral Parameters,2022-02-27 03:03:48,2022-02-27 03:03:57
2022-02-27 13:24:34,2022-02-27 13:25:21,Located_Indoors, Holding_Other_Object_Light,annotator,Behavioral Parameters,2022-02-27 03:03:57,2022-02-27 03:04:44
2022-02-27 13:25:21,2022-02-27 13:25:35,Located_Indoors, Holding_Other_Object_Light,annotator,Behavioral Parameters,2022-02-27 03:04:44,2022-02-27 03:04:58
2022-02-27 13:25:35,2022-02-27 13:38:37,Located_Indoors, Holding_Other_Object_Light, In_Conversation,annotator,Behavioral Parameters,2022-02-27 03:04:58,2022-02-27 03:18:00
2022-02-27 13:38:37,2022-02-27 13:41:48,Located_Indoors, In_Conversation,annotator,Behavioral Parameters,2022-02-27 03:18:00,2022-02-27 03:21:11
2022-02-27 13:41:48,2022-02-27 13:42:05,Located_Indoors, In_Conversation, Holding_Other_Object_Light, Texting/Browsing_Phone,annotator,Behavioral Parameters,2022-02-27 03:21:11,2022-02-27 03:21:28
2022-02-27 13:42:05,2022-02-27 13:48:06,Located_Indoors, In_Conversation,annotator,Behavioral Parameters,2022-02-27 03:21:28,2022-02-27 03:27:29
2022-02-27 13:48:06,2022-02-27 13:51:13,Located_Indoors, In_Conversation, Holding_Other_Object_Light,annotator,Behavioral Parameters,2022-02-27 03:27:29,2022-02-27 03:30:36
2022-02-27 13:51:15,2022-02-27 14:11:07,Located_Indoors, In_Conversation, Holding_Other_Object_Light,annotator,Behavioral Parameters,2022-02-27 03:30:38,2022-02-27 03:50:30
2022-02-27 14:11:08,2022-02-27 14:14:26,Located_Indoors, Holding_Other_Object_Light, In_Conversation,annotator,Behavioral Parameters,2022-02-27 03:50:31,2022-02-27 03:53:49
2022-02-27 14:14:26,2022-02-27 14:15:49,Located_Indoors, In_Conversation,annotator,Behavioral Parameters,2022-02-27 03:53:49,2022-02-27 03:55:12
2022-02-27 14:15:49,2022-02-27 14:17:08,Located_Indoors, In_Conversation, Holding_Other_Object_Light,annotator,Behavioral Parameters,2022-02-27 03:55:12,2022-02-27 03:56:31
2022-02-27 14:17:08,2022-02-27 14:17:36,Located_Indoors, In_Conversation, Texting/Browsing_Phone,annotator,Behavioral Parameters,2022-02-27 03:56:31,2022-02-27 03:56:59
2022-02-27 14:17:36,2022-02-27 14:18:15,Located_Indoors, In_Conversation,annotator,Behavioral Parameters,2022-02-27 03:56:59,2022-02-27 03:57:38
2022-02-27 14:18:15,2022-02-27 14:19:38,Located_Indoors, In_Conversation, Holding_Other_Object_Light,annotator,Behavioral Parameters,2022-02-27 03:57:38,2022-02-27 03:59:01
2022-02-27 14:19:38,2022-02-27 14:20:05,Located_Indoors, In_Conversation, Holding_Drink,annotator,Behavioral Parameters,2022-02-27 03:59:01,2022-02-27 03:59:28
2022-02-27 14:20:05,2022-02-27 14:22:12,Located_Indoors, In_Conversation, Holding_Other_Object_Light,annotator,Behavioral Parameters,2022-02-27 03:59:28,2022-02-27 04:01:35
2022-02-27 14:22:12,2022-02-27 14:22:43,Located_Indoors, In_Conversation, Texting/Browsing_Phone,annotator,Behavioral Parameters,2022-02-27 04:01:35,2022-02-27 04:02:06
2022-02-27 14:22:44,2022-02-27 14:23:16,Located_Indoors, In_Conversation,annotator,Behavioral Parameters,2022-02-27 04:02:07,2022-02-27 04:02:39
2022-02-27 14:23:16,2022-02-27 14:25:38,Located_Indoors, In_Conversation, Holding_Other_Object_Light,annotator,Behavioral Parameters,2022-02-27 04:02:39,2022-02-27 04:05:01
2022-02-27 14:25:38,2022-02-27 14:25:50,Located_Indoors, In_Conversation, Holding_Other_Object_Light, Holding_Drink,annotator,Behavioral Parameters,2022-02-27 04:05:01,2022-02-27 04:05:13
2022-02-27 14:25:50,2022-02-27 14:27:50,Located_Indoors, In_Conversation, Holding_Other_Object_Light,annotator,Behavioral Parameters,2022-02-27 04:05:13,2022-02-27 04:07:13
2022-02-27 14:27:50,2022-02-27 14:31:21,Located_Indoors, In_Conversation,annotator,Behavioral Parameters,2022-02-27 04:07:13,2022-02-27 04:10:44
2022-02-27 14:31:21,2022-02-27 14:32:14,Located_Indoors, In_Conversation, Texting/Browsing_Phone,annotator,Behavioral Parameters,2022-02-27 04:10:44,2022-02-27 04:11:37
2022-02-27 14:32:14,2022-02-27 14:33:38,Located_Indoors, In_Conversation,annotator,Behavioral Parameters,2022-02-27 04:11:37,2022-02-27 04:13:01
2022-02-27 14:33:38,2022-02-27 14:35:14,Located_Indoors, In_Conversation, Texting/Browsing_Phone,annotator,Behavioral Parameters,2022-02-27 04:13:01,2022-02-27 04:14:37
2022-02-27 14:35:14,2022-02-27 14:38:55,Located_Indoors, In_Conversation,annotator,Behavioral Parameters,2022-02-27 04:14:37,2022-02-27 04:18:18
2022-02-27 14:38:55,2022-02-27 14:39:06,Located_Indoors, In_Conversation, Holding_Other_Object_Light,annotator,Behavioral Parameters,2022-02-27 04:18:18,2022-02-27 04:18:29
2022-02-27 14:39:06,2022-02-27 14:48:56,Located_Indoors, In_Conversation,annotator,Behavioral Parameters,2022-02-27 04:18:29,2022-02-27 04:28:19
2022-02-27 14:48:56,2022-02-27 14:50:04,Located_Indoors, In_Conversation, Holding_Other_Object_Light,annotator,Behavioral Parameters,2022-02-27 04:28:19,2022-02-27 04:29:27
2022-02-27 14:50:04,2022-02-27 14:53:48,Located_Indoors, In_Conversation,annotator,Behavioral Parameters,2022-02-27 04:29:27,2022-02-27 04:33:11
2022-02-27 14:53:48,2022-02-27 14:53:55,Located_Indoors, In_Conversation, Holding_Drink,annotator,Behavioral Parameters,2022-02-27 04:33:11,2022-02-27 04:33:18
2022-02-27 14:53:55,2022-02-27 14:54:59,Located_Indoors, In_Conversation,annotator,Behavioral Parameters,2022-02-27 04:33:18,2022-02-27 04:34:22
2022-02-27 14:54:59,2022-02-27 14:55:27,Located_Indoors, In_Conversation, Texting/Browsing_Phone,annotator,Behavioral Parameters,2022-02-27 04:34:22,2022-02-27 04:34:50
2022-02-27 14:55:27,2022-02-27 15:00:25,Located_Indoors, In_Conversation,annotator,Behavioral Parameters,2022-02-27 04:34:50,2022-02-27 04:39:48
2022-02-27 15:00:25,2022-02-27 15:02:52,Located_Indoors, In_Conversation, Holding_Other_Object_Light,annotator,Behavioral Parameters,2022-02-27 04:39:48,2022-02-27 04:42:15
2022-02-27 15:02:52,2022-02-27 15:05:14,Located_Indoors, In_Conversation,annotator,Behavioral Parameters,2022-02-27 04:42:15,2022-02-27 04:44:37
2022-02-27 15:05:14,2022-02-27 15:05:23,Located_Indoors, In_Conversation, Texting/Browsing_Phone,annotator,Behavioral Parameters,2022-02-27 04:44:37,2022-02-27 04:44:46
2022-02-27 15:05:23,2022-02-27 15:08:01,Located_Indoors, In_Conversation,annotator,Behavioral Parameters,2022-02-27 04:44:46,2022-02-27 04:47:24
2022-02-27 15:08:01,2022-02-27 15:08:29,Located_Indoors, In_Conversation, Texting/Browsing_Phone,annotator,Behavioral Parameters,2022-02-27 04:47:24,2022-02-27 04:47:52
2022-02-27 15:08:29,2022-02-27 15:09:09,Located_Indoors, In_Conversation,annotator,Behavioral Parameters,2022-02-27 04:47:52,2022-02-27 04:48:32
2022-02-27 15:09:13,2022-02-27 15:09:43,Located_Indoors, In_Conversation,annotator,Behavioral Parameters,2022-02-27 04:48:36,2022-02-27 04:49:06
2022-02-27 15:09:43,2022-02-27 15:10:13,Located_Indoors, In_Conversation, Holding_Other_Object_Light,annotator,Behavioral Parameters,2022-02-27 04:49:06,2022-02-27 04:49:36
2022-02-27 15:10:13,2022-02-27 15:10:28,Located_Indoors, In_Conversation,annotator,Behavioral Parameters,2022-02-27 04:49:36,2022-02-27 04:49:51
2022-02-27 15:10:28,2022-02-27 15:10:55,Located_Indoors, In_Conversation, Holding_Other_Object_Light,annotator,Behavioral Parameters,2022-02-27 04:49:51,2022-02-27 04:50:18
2022-02-27 15:10:55,2022-02-27 15:11:15,Located_Indoors, In_Conversation,annotator,Behavioral Parameters,2022-02-27 04:50:18,2022-02-27 04:50:38
2022-02-27 15:11:15,2022-02-27 15:11:51,Located_Indoors, In_Conversation,annotator,Behavioral Parameters,2022-02-27 04:50:38,2022-02-27 04:51:14
2022-02-27 15:11:51,2022-02-27 15:12:05,Located_Indoors, In_Conversation,annotator,Behavioral Parameters,2022-02-27 04:51:14,2022-02-27 04:51:28
2022-02-27 15:12:05,2022-02-27 15:12:19,Located_Indoors, In_Conversation,annotator,Behavioral Parameters,2022-02-27 04:51:28,2022-02-27 04:51:42
2022-02-27 15:12:19,2022-02-27 15:13:12,Located_Outdoors,annotator,Behavioral Parameters,2022-02-27 04:51:42,2022-02-27 04:52:35
2022-02-27 15:13:12,2022-02-27 15:13:50,Located_Indoors,annotator,Behavioral Parameters,2022-02-27 04:52:35,2022-02-27 04:53:13
2022-02-27 15:13:50,2022-02-27 15:14:44,Located_Indoors,annotator,Behavioral Parameters,2022-02-27 04:53:13,2022-02-27 04:54:07
2022-02-27 15:14:44,2022-02-27 15:16:12,Located_Indoors, Texting/Browsing_Phone,annotator,Behavioral Parameters,2022-02-27 04:54:07,2022-02-27 04:55:35
2022-02-27 15:16:12,2022-02-27 15:16:27,Located_Indoors, Texting/Browsing_Phone, Holding_Solid_Food,annotator,Behavioral Parameters,2022-02-27 04:55:35,2022-02-27 04:55:50
2022-02-27 15:16:31,2022-02-27 15:16:57,Located_Indoors, Holding_Solid_Food, Texting/Browsing_Phone,annotator,Behavioral Parameters,2022-02-27 04:55:54,2022-02-27 04:56:20
2022-02-27 15:16:57,2022-02-27 15:23:40,Located_Indoors, Holding_Solid_Food, On_Video_Call/FaceTime,annotator,Behavioral Parameters,2022-02-27 04:56:20,2022-02-27 05:03:03
2022-02-27 15:23:40,2022-02-27 15:27:34,Located_Indoors, Holding_Solid_Food, In_Conversation,annotator,Behavioral Parameters,2022-02-27 05:03:03,2022-02-27 05:06:57
2022-02-27 15:27:34,2022-02-27 15:30:16,Located_Indoors, Holding_Solid_Food, Texting/Browsing_Phone,annotator,Behavioral Parameters,2022-02-27 05:06:57,2022-02-27 05:09:39
2022-02-27 15:30:18,2022-02-27 15:33:25,Located_Indoors, Holding_Solid_Food, In_Conversation,annotator,Behavioral Parameters,2022-02-27 05:09:41,2022-02-27 05:12:48
2022-02-27 15:33:25,2022-02-27 15:33:36,Located_Indoors, Holding_Solid_Food, In_Conversation,annotator,Behavioral Parameters,2022-02-27 05:12:48,2022-02-27 05:12:59
2022-02-27 15:33:36,2022-02-27 15:33:55,Located_Indoors,annotator,Behavioral Parameters,2022-02-27 05:12:59,2022-02-27 05:13:18
2022-02-27 15:33:55,2022-02-27 15:35:43,Located_Outdoors,annotator,Behavioral Parameters,2022-02-27 05:13:18,2022-02-27 05:15:06
2022-02-27 15:35:43,2022-02-27 15:36:06,Located_Outdoors,annotator,Behavioral Parameters,2022-02-27 05:15:06,2022-02-27 05:15:29
2022-02-27 15:36:06,2022-02-27 15:38:34,Located_Outdoors,annotator,Behavioral Parameters,2022-02-27 05:15:29,2022-02-27 05:17:57
2022-02-27 15:38:35,2022-02-27 15:38:56,Located_Outdoors,annotator,Behavioral Parameters,2022-02-27 05:17:58,2022-02-27 05:18:19
2022-02-27 15:38:56,2022-02-27 15:39:11,Located_Outdoors,annotator,Behavioral Parameters,2022-02-27 05:18:19,2022-02-27 05:18:34
2022-02-27 15:39:11,2022-02-27 15:39:29,Located_Outdoors,annotator,Behavioral Parameters,2022-02-27 05:18:34,2022-02-27 05:18:52
2022-02-27 15:39:29,2022-02-27 15:39:46,Located_Outdoors,annotator,Behavioral Parameters,2022-02-27 05:18:52,2022-02-27 05:19:09
2022-02-27 15:39:46,2022-02-27 15:40:33,Located_Outdoors, Holding_Other_Object_Light,annotator,Behavioral Parameters,2022-02-27 05:19:09,2022-02-27 05:19:56
2022-02-27 15:40:33,2022-02-27 15:42:00,Located_Outdoors,annotator,Behavioral Parameters,2022-02-27 05:19:56,2022-02-27 05:21:23
2022-02-27 15:42:00,2022-02-27 15:42:19,Located_Outdoors, Texting/Browsing_Phone,annotator,Behavioral Parameters,2022-02-27 05:21:23,2022-02-27 05:21:42
2022-02-27 15:42:19,2022-02-27 15:42:28,Located_Outdoors,annotator,Behavioral Parameters,2022-02-27 05:21:42,2022-02-27 05:21:51
2022-02-27 15:42:28,2022-02-27 15:42:55,Located_Outdoors, Texting/Browsing_Phone,annotator,Behavioral Parameters,2022-02-27 05:21:51,2022-02-27 05:22:18
2022-02-27 15:42:55,2022-02-27 15:45:07,Located_Outdoors, In_Conversation,annotator,Behavioral Parameters,2022-02-27 05:22:18,2022-02-27 05:24:30
2022-02-27 15:45:07,2022-02-27 15:45:23,Located_Outdoors,annotator,Behavioral Parameters,2022-02-27 05:24:30,2022-02-27 05:24:46
2022-02-27 15:45:30,2022-02-27 15:51:19,Located_Outdoors, In_Conversation,annotator,Behavioral Parameters,2022-02-27 05:24:53,2022-02-27 05:30:42
2022-02-27 15:51:19,2022-02-27 15:52:21,Located_Outdoors, In_Conversation, Texting/Browsing_Phone,annotator,Behavioral Parameters,2022-02-27 05:30:42,2022-02-27 05:31:44
2022-02-27 15:52:21,2022-02-27 15:52:45,Located_Outdoors, In_Conversation, Legs_Crossed,annotator,Behavioral Parameters,2022-02-27 05:31:44,2022-02-27 05:32:08
2022-02-27 15:52:45,2022-02-27 15:54:26,Located_Outdoors, In_Conversation,annotator,Behavioral Parameters,2022-02-27 05:32:08,2022-02-27 05:33:49
2022-02-27 15:54:26,2022-02-27 15:54:53,Located_Outdoors, In_Conversation,annotator,Behavioral Parameters,2022-02-27 05:33:49,2022-02-27 05:34:16
2022-02-27 15:54:53,2022-02-27 15:55:46,Located_Outdoors, In_Conversation, Texting/Browsing_Phone,annotator,Behavioral Parameters,2022-02-27 05:34:16,2022-02-27 05:35:09
2022-02-27 15:55:47,2022-02-27 15:56:07,Located_Outdoors,annotator,Behavioral Parameters,2022-02-27 05:35:10,2022-02-27 05:35:30
2022-02-27 15:56:07,2022-02-27 15:56:18,Located_Outdoors,annotator,Behavioral Parameters,2022-02-27 05:35:30,2022-02-27 05:35:41
2022-02-27 15:56:18,2022-02-27 15:57:16,Located_Outdoors,annotator,Behavioral Parameters,2022-02-27 05:35:41,2022-02-27 05:36:39
2022-02-27 15:57:16,2022-02-27 15:57:59,Located_Outdoors,annotator,Behavioral Parameters,2022-02-27 05:36:39,2022-02-27 05:37:22
2022-02-27 15:57:59,2022-02-27 16:00:11,Located_Outdoors, Texting/Browsing_Phone,annotator,Behavioral Parameters,2022-02-27 05:37:22,2022-02-27 05:39:34
2022-02-27 16:00:11,2022-02-27 16:00:53,Located_Outdoors,annotator,Behavioral Parameters,2022-02-27 05:39:34,2022-02-27 05:40:16
2022-02-27 16:00:53,2022-02-27 16:01:23,Located_Outdoors, In_Conversation,annotator,Behavioral Parameters,2022-02-27 05:40:16,2022-02-27 05:40:46
2022-02-27 16:01:23,2022-02-27 16:04:20,Located_Outdoors, In_Conversation,annotator,Behavioral Parameters,2022-02-27 05:40:46,2022-02-27 05:43:43
2022-02-27 16:04:20,2022-02-27 16:04:38,Located_Outdoors, In_Conversation, Texting/Browsing_Phone,annotator,Behavioral Parameters,2022-02-27 05:43:43,2022-02-27 05:44:01
2022-02-27 16:04:38,2022-02-27 16:09:19,Located_Outdoors, In_Conversation,annotator,Behavioral Parameters,2022-02-27 05:44:01,2022-02-27 05:48:42
2022-02-27 16:09:19,2022-02-27 16:12:25,Located_Outdoors, In_Conversation, Texting/Browsing_Phone,annotator,Behavioral Parameters,2022-02-27 05:48:42,2022-02-27 05:51:48
2022-02-27 16:12:25,2022-02-27 16:12:40,Located_Outdoors, In_Conversation,annotator,Behavioral Parameters,2022-02-27 05:51:48,2022-02-27 05:52:03
2022-02-27 16:12:40,2022-02-27 16:12:53,Located_Outdoors, In_Conversation,annotator,Behavioral Parameters,2022-02-27 05:52:03,2022-02-27 05:52:16
2022-02-27 16:12:53,2022-02-27 16:13:30,Located_Outdoors, In_Conversation, Holding_Other_Object_Light,annotator,Behavioral Parameters,2022-02-27 05:52:16,2022-02-27 05:52:53
2022-02-27 16:13:30,2022-02-27 16:17:40,Located_Outdoors, Holding_Other_Object_Light,annotator,Behavioral Parameters,2022-02-27 05:52:53,2022-02-27 05:57:03
2022-02-27 16:17:40,2022-02-27 16:17:56,Located_Outdoors, Holding_Other_Object_Light, Texting/Browsing_Phone,annotator,Behavioral Parameters,2022-02-27 05:57:03,2022-02-27 05:57:19
2022-02-27 16:17:56,2022-02-27 16:22:46,Located_Outdoors, Holding_Other_Object_Light,annotator,Behavioral Parameters,2022-02-27 05:57:19,2022-02-27 06:02:09
2022-02-27 16:22:46,2022-02-27 16:24:17,Located_Outdoors,annotator,Behavioral Parameters,2022-02-27 06:02:09,2022-02-27 06:03:40
2022-02-27 16:24:17,2022-02-27 16:24:25,Located_Indoors,annotator,Behavioral Parameters,2022-02-27 06:03:40,2022-02-27 06:03:48
2022-02-27 16:24:25,2022-02-27 16:24:41,Located_Indoors, Texting/Browsing_Phone,annotator,Behavioral Parameters,2022-02-27 06:03:48,2022-02-27 06:04:04
2022-02-27 16:24:41,2022-02-27 16:24:59,Located_Indoors, Texting/Browsing_Phone,annotator,Behavioral Parameters,2022-02-27 06:04:04,2022-02-27 06:04:22
2022-02-27 16:24:59,2022-02-27 16:25:48,Located_Indoors, Texting/Browsing_Phone,annotator,Behavioral Parameters,2022-02-27 06:04:22,2022-02-27 06:05:11
