START_TIME,STOP_TIME,PREDICTION,SOURCE,LABELSET,VIDEO_START_TIME,VIDEO_END_TIME
2022-02-27 10:20:37,2022-02-27 10:20:54,,annotator,HIGH LEVEL BEHAVIOR,2022-02-27 00:00:00,2022-02-27 00:00:17
2022-02-27 10:20:57,2022-02-27 10:21:32,In_Transit_Active,annotator,HIGH LEVEL BEHAVIOR,2022-02-27 00:00:20,2022-02-27 00:00:55
2022-02-27 10:21:33,2022-02-27 10:22:10,In_Transit_Active,annotator,HIGH LEVEL BEHAVIOR,2022-02-27 00:00:56,2022-02-27 00:01:33
2022-02-27 10:22:10,2022-02-27 10:22:16,In_Transit_Active,annotator,HIGH LEVEL BEHAVIOR,2022-02-27 00:01:33,2022-02-27 00:01:39
2022-02-27 10:22:18,2022-02-27 10:22:30,HLB_Other,annotator,HIGH LEVEL BEHAVIOR,2022-02-27 00:01:41,2022-02-27 00:01:53
2022-02-27 10:22:30,2022-02-27 10:22:36,In_Transit_Active,annotator,HIGH LEVEL BEHAVIOR,2022-02-27 00:01:53,2022-02-27 00:01:59
2022-02-27 10:22:36,2022-02-27 10:27:35,In_Transit_Active,annotator,HIGH LEVEL BEHAVIOR,2022-02-27 00:01:59,2022-02-27 00:06:58
2022-02-27 10:27:35,2022-02-27 10:27:45,In_Transit_Active,annotator,HIGH LEVEL BEHAVIOR,2022-02-27 00:06:58,2022-02-27 00:07:08
2022-02-27 10:27:46,2022-02-27 10:27:54,In_Transit_Active,annotator,HIGH LEVEL BEHAVIOR,2022-02-27 00:07:09,2022-02-27 00:07:17
2022-02-27 10:27:54,2022-02-27 10:28:54,In_Transit_Active,annotator,HIGH LEVEL BEHAVIOR,2022-02-27 00:07:17,2022-02-27 00:08:17
2022-02-27 10:28:54,2022-02-27 10:30:29,In_Transit_Active,annotator,HIGH LEVEL BEHAVIOR,2022-02-27 00:08:17,2022-02-27 00:09:52
2022-02-27 10:30:29,2022-02-27 10:31:56,In_Transit_Active,annotator,HIGH LEVEL BEHAVIOR,2022-02-27 00:09:52,2022-02-27 00:11:19
2022-02-27 10:32:01,2022-02-27 10:32:13,In_Transit_Active,annotator,HIGH LEVEL BEHAVIOR,2022-02-27 00:11:24,2022-02-27 00:11:36
2022-02-27 10:32:13,2022-02-27 10:32:23,In_Transit_Active,annotator,HIGH LEVEL BEHAVIOR,2022-02-27 00:11:36,2022-02-27 00:11:46
2022-02-27 10:32:26,2022-02-27 10:32:56,In_Transit_Active,annotator,HIGH LEVEL BEHAVIOR,2022-02-27 00:11:49,2022-02-27 00:12:19
2022-02-27 10:32:57,2022-02-27 10:33:07,In_Transit_Active,annotator,HIGH LEVEL BEHAVIOR,2022-02-27 00:12:20,2022-02-27 00:12:30
2022-02-27 10:33:07,2022-02-27 10:33:12,In_Transit_Active,annotator,HIGH LEVEL BEHAVIOR,2022-02-27 00:12:30,2022-02-27 00:12:35
2022-02-27 10:33:12,2022-02-27 10:33:13,In_Transit_Active,annotator,HIGH LEVEL BEHAVIOR,2022-02-27 00:12:35,2022-02-27 00:12:36
2022-02-27 10:33:19,2022-02-27 10:34:30,Meeting_Formal_Gathering_In_Person,annotator,HIGH LEVEL BEHAVIOR,2022-02-27 00:12:42,2022-02-27 00:13:53
2022-02-27 10:34:34,2022-02-27 10:34:37,Packing/Unpacking_Something, Meeting_Formal_Gathering_In_Person,annotator,HIGH LEVEL BEHAVIOR,2022-02-27 00:13:57,2022-02-27 00:14:00
2022-02-27 10:34:38,2022-02-27 10:34:44,Meeting_Formal_Gathering_In_Person,annotator,HIGH LEVEL BEHAVIOR,2022-02-27 00:14:01,2022-02-27 00:14:07
2022-02-27 10:34:45,2022-02-27 10:35:13,Meeting_Formal_Gathering_In_Person,annotator,HIGH LEVEL BEHAVIOR,2022-02-27 00:14:08,2022-02-27 00:14:36
2022-02-27 10:35:15,2022-02-27 10:35:23,Meeting_Formal_Gathering_In_Person, Using_Computer/Screen,annotator,HIGH LEVEL BEHAVIOR,2022-02-27 00:14:38,2022-02-27 00:14:46
2022-02-27 10:35:25,2022-02-27 10:35:58,Meeting_Formal_Gathering_In_Person, Using_Computer/Screen,annotator,HIGH LEVEL BEHAVIOR,2022-02-27 00:14:48,2022-02-27 00:15:21
2022-02-27 10:35:59,2022-02-27 10:36:25,Meeting_Formal_Gathering_In_Person, Using_Computer/Screen,annotator,HIGH LEVEL BEHAVIOR,2022-02-27 00:15:22,2022-02-27 00:15:48
2022-02-27 10:36:26,2022-02-27 10:37:34,Meeting_Formal_Gathering_In_Person, Using_Computer/Screen,annotator,HIGH LEVEL BEHAVIOR,2022-02-27 00:15:49,2022-02-27 00:16:57
2022-02-27 10:37:36,2022-02-27 10:37:49,Meeting_Formal_Gathering_In_Person, Using_Computer/Screen,annotator,HIGH LEVEL BEHAVIOR,2022-02-27 00:16:59,2022-02-27 00:17:12
2022-02-27 10:37:52,2022-02-27 10:37:59,Meeting_Formal_Gathering_In_Person, Using_Computer/Screen,annotator,HIGH LEVEL BEHAVIOR,2022-02-27 00:17:15,2022-02-27 00:17:22
2022-02-27 10:38:00,2022-02-27 10:38:21,Meeting_Formal_Gathering_In_Person, Using_Computer/Screen,annotator,HIGH LEVEL BEHAVIOR,2022-02-27 00:17:23,2022-02-27 00:17:44
2022-02-27 10:38:21,2022-02-27 10:40:08,Meeting_Formal_Gathering_In_Person, Using_Computer/Screen,annotator,HIGH LEVEL BEHAVIOR,2022-02-27 00:17:44,2022-02-27 00:19:31
2022-02-27 10:40:09,2022-02-27 10:40:19,Meeting_Formal_Gathering_In_Person, Using_Computer/Screen,annotator,HIGH LEVEL BEHAVIOR,2022-02-27 00:19:32,2022-02-27 00:19:42
2022-02-27 10:40:19,2022-02-27 10:41:07,Meeting_Formal_Gathering_In_Person, Using_Computer/Screen,annotator,HIGH LEVEL BEHAVIOR,2022-02-27 00:19:42,2022-02-27 00:20:30
2022-02-27 10:41:07,2022-02-27 10:41:24,Meeting_Formal_Gathering_In_Person, Using_Computer/Screen,annotator,HIGH LEVEL BEHAVIOR,2022-02-27 00:20:30,2022-02-27 00:20:47
2022-02-27 10:41:24,2022-02-27 10:41:53,Meeting_Formal_Gathering_In_Person, Using_Computer/Screen,annotator,HIGH LEVEL BEHAVIOR,2022-02-27 00:20:47,2022-02-27 00:21:16
2022-02-27 10:41:53,2022-02-27 10:44:13,Meeting_Formal_Gathering_In_Person, Using_Computer/Screen,annotator,HIGH LEVEL BEHAVIOR,2022-02-27 00:21:16,2022-02-27 00:23:36
2022-02-27 10:44:14,2022-02-27 10:45:12,Meeting_Formal_Gathering_In_Person, Using_Computer/Screen,annotator,HIGH LEVEL BEHAVIOR,2022-02-27 00:23:37,2022-02-27 00:24:35
2022-02-27 10:45:13,2022-02-27 10:54:14,Meeting_Formal_Gathering_In_Person, Using_Computer/Screen,annotator,HIGH LEVEL BEHAVIOR,2022-02-27 00:24:36,2022-02-27 00:33:37
2022-02-27 10:54:15,2022-02-27 10:58:01,Meeting_Formal_Gathering_In_Person, Using_Computer/Screen,annotator,HIGH LEVEL BEHAVIOR,2022-02-27 00:33:38,2022-02-27 00:37:24
2022-02-27 10:58:02,2022-02-27 10:58:29,Meeting_Formal_Gathering_In_Person, Using_Computer/Screen,annotator,HIGH LEVEL BEHAVIOR,2022-02-27 00:37:25,2022-02-27 00:37:52
2022-02-27 10:58:29,2022-02-27 11:04:42,Meeting_Formal_Gathering_In_Person, Using_Computer/Screen,annotator,HIGH LEVEL BEHAVIOR,2022-02-27 00:37:52,2022-02-27 00:44:05
2022-02-27 11:04:43,2022-02-27 11:04:54,Meeting_Formal_Gathering_In_Person, Using_Computer/Screen,annotator,HIGH LEVEL BEHAVIOR,2022-02-27 00:44:06,2022-02-27 00:44:17
2022-02-27 11:04:55,2022-02-27 11:04:56,Meeting_Formal_Gathering_In_Person, Using_Computer/Screen, Packing/Unpacking_Something,annotator,HIGH LEVEL BEHAVIOR,2022-02-27 00:44:18,2022-02-27 00:44:19
2022-02-27 11:04:57,2022-02-27 11:05:02,Meeting_Formal_Gathering_In_Person, Using_Computer/Screen, Packing/Unpacking_Something,annotator,HIGH LEVEL BEHAVIOR,2022-02-27 00:44:20,2022-02-27 00:44:25
2022-02-27 11:05:03,2022-02-27 11:05:15,Meeting_Formal_Gathering_In_Person, Using_Computer/Screen, Packing/Unpacking_Something,annotator,HIGH LEVEL BEHAVIOR,2022-02-27 00:44:26,2022-02-27 00:44:38
2022-02-27 11:05:17,2022-02-27 11:07:53,Meeting_Formal_Gathering_In_Person, Using_Computer/Screen,annotator,HIGH LEVEL BEHAVIOR,2022-02-27 00:44:40,2022-02-27 00:47:16
2022-02-27 11:07:55,2022-02-27 11:10:58,Meeting_Formal_Gathering_In_Person, Using_Computer/Screen,annotator,HIGH LEVEL BEHAVIOR,2022-02-27 00:47:18,2022-02-27 00:50:21
2022-02-27 11:10:59,2022-02-27 11:12:25,Meeting_Formal_Gathering_In_Person, Using_Computer/Screen,annotator,HIGH LEVEL BEHAVIOR,2022-02-27 00:50:22,2022-02-27 00:51:48
2022-02-27 11:12:25,2022-02-27 11:13:28,Meeting_Formal_Gathering_In_Person, Using_Computer/Screen,annotator,HIGH LEVEL BEHAVIOR,2022-02-27 00:51:48,2022-02-27 00:52:51
2022-02-27 11:13:28,2022-02-27 11:20:51,Meeting_Formal_Gathering_In_Person, Using_Computer/Screen,annotator,HIGH LEVEL BEHAVIOR,2022-02-27 00:52:51,2022-02-27 01:00:14
2022-02-27 11:20:45,2022-02-27 11:20:51,Meeting_Formal_Gathering_In_Person, Using_Computer/Screen,annotator,HIGH LEVEL BEHAVIOR,2022-02-27 01:00:08,2022-02-27 01:00:14
2022-02-27 11:20:51,2022-02-27 11:21:07,Meeting_Formal_Gathering_In_Person, Using_Computer/Screen,annotator,HIGH LEVEL BEHAVIOR,2022-02-27 01:00:14,2022-02-27 01:00:30
2022-02-27 11:21:07,2022-02-27 11:21:20,Meeting_Formal_Gathering_In_Person, Using_Computer/Screen,annotator,HIGH LEVEL BEHAVIOR,2022-02-27 01:00:30,2022-02-27 01:00:43
2022-02-27 11:21:21,2022-02-27 11:21:46,Meeting_Formal_Gathering_In_Person, Using_Computer/Screen,annotator,HIGH LEVEL BEHAVIOR,2022-02-27 01:00:44,2022-02-27 01:01:09
2022-02-27 11:21:46,2022-02-27 11:22:20,Meeting_Formal_Gathering_In_Person, Using_Computer/Screen,annotator,HIGH LEVEL BEHAVIOR,2022-02-27 01:01:09,2022-02-27 01:01:43
2022-02-27 11:22:20,2022-02-27 11:32:23,Meeting_Formal_Gathering_In_Person, Using_Computer/Screen,annotator,HIGH LEVEL BEHAVIOR,2022-02-27 01:01:43,2022-02-27 01:11:46
2022-02-27 11:32:23,2022-02-27 11:33:20,Meeting_Formal_Gathering_In_Person, Using_Computer/Screen,annotator,HIGH LEVEL BEHAVIOR,2022-02-27 01:11:46,2022-02-27 01:12:43
2022-02-27 11:33:21,2022-02-27 11:33:49,Meeting_Formal_Gathering_In_Person, Using_Computer/Screen,annotator,HIGH LEVEL BEHAVIOR,2022-02-27 01:12:44,2022-02-27 01:13:12
2022-02-27 11:33:50,2022-02-27 11:34:18,Meeting_Formal_Gathering_In_Person, Using_Computer/Screen,annotator,HIGH LEVEL BEHAVIOR,2022-02-27 01:13:13,2022-02-27 01:13:41
2022-02-27 11:34:18,2022-02-27 11:34:55,Meeting_Formal_Gathering_In_Person, Using_Computer/Screen, Packing/Unpacking_Something,annotator,HIGH LEVEL BEHAVIOR,2022-02-27 01:13:41,2022-02-27 01:14:18
2022-02-27 11:34:58,2022-02-27 11:35:07,Meeting_Formal_Gathering_In_Person,annotator,HIGH LEVEL BEHAVIOR,2022-02-27 01:14:21,2022-02-27 01:14:30
2022-02-27 11:35:07,2022-02-27 11:36:29,In_Transit_Active,annotator,HIGH LEVEL BEHAVIOR,2022-02-27 01:14:30,2022-02-27 01:15:52
2022-02-27 11:36:30,2022-02-27 11:41:22,In_Transit_Active,annotator,HIGH LEVEL BEHAVIOR,2022-02-27 01:15:53,2022-02-27 01:20:45
2022-02-27 11:41:22,2022-02-27 11:41:24,In_Transit_Active,annotator,HIGH LEVEL BEHAVIOR,2022-02-27 01:20:45,2022-02-27 01:20:47
2022-02-27 11:41:27,2022-02-27 11:41:29,In_Transit_Active,annotator,HIGH LEVEL BEHAVIOR,2022-02-27 01:20:50,2022-02-27 01:20:52
2022-02-27 11:41:30,2022-02-27 11:41:32,In_Transit_Active,annotator,HIGH LEVEL BEHAVIOR,2022-02-27 01:20:53,2022-02-27 01:20:55
2022-02-27 11:41:32,2022-02-27 11:42:09,In_Transit_Active,annotator,HIGH LEVEL BEHAVIOR,2022-02-27 01:20:55,2022-02-27 01:21:32
2022-02-27 11:42:09,2022-02-27 11:42:37,In_Transit_Active,annotator,HIGH LEVEL BEHAVIOR,2022-02-27 01:21:32,2022-02-27 01:22:00
2022-02-27 11:42:37,2022-02-27 11:43:54,In_Transit_Active,annotator,HIGH LEVEL BEHAVIOR,2022-02-27 01:22:00,2022-02-27 01:23:17
2022-02-27 11:43:55,2022-02-27 11:46:21,In_Transit_Active,annotator,HIGH LEVEL BEHAVIOR,2022-02-27 01:23:18,2022-02-27 01:25:44
2022-02-27 11:46:21,2022-02-27 11:46:31,In_Transit_Active,annotator,HIGH LEVEL BEHAVIOR,2022-02-27 01:25:44,2022-02-27 01:25:54
2022-02-27 11:46:32,2022-02-27 11:47:03,In_Transit_Active,annotator,HIGH LEVEL BEHAVIOR,2022-02-27 01:25:55,2022-02-27 01:26:26
2022-02-27 11:47:04,2022-02-27 11:47:16,In_Transit_Active,annotator,HIGH LEVEL BEHAVIOR,2022-02-27 01:26:27,2022-02-27 01:26:39
2022-02-27 11:47:16,2022-02-27 12:00:29,HLB_Indecipherable/Video_Insufficient,annotator,HIGH LEVEL BEHAVIOR,2022-02-27 01:26:39,2022-02-27 01:39:52
2022-02-27 12:00:30,2022-02-27 12:01:38,Cleaning,annotator,HIGH LEVEL BEHAVIOR,2022-02-27 01:39:53,2022-02-27 01:41:01
2022-02-27 12:01:39,2022-02-27 12:04:18,Meeting _Social_Gathering_In_Person,annotator,HIGH LEVEL BEHAVIOR,2022-02-27 01:41:02,2022-02-27 01:43:41
2022-02-27 12:04:19,2022-02-27 12:04:37,Meeting _Social_Gathering_In_Person,annotator,HIGH LEVEL BEHAVIOR,2022-02-27 01:43:42,2022-02-27 01:44:00
2022-02-27 12:04:37,2022-02-27 12:05:00,,annotator,HIGH LEVEL BEHAVIOR,2022-02-27 01:44:00,2022-02-27 01:44:23
2022-02-27 12:05:02,2022-02-27 12:06:25,Cleaning,annotator,HIGH LEVEL BEHAVIOR,2022-02-27 01:44:25,2022-02-27 01:45:48
2022-02-27 12:06:26,2022-02-27 12:06:50,In_Transit_Active,annotator,HIGH LEVEL BEHAVIOR,2022-02-27 01:45:49,2022-02-27 01:46:13
2022-02-27 12:06:51,2022-02-27 12:07:00,,annotator,HIGH LEVEL BEHAVIOR,2022-02-27 01:46:14,2022-02-27 01:46:23
2022-02-27 12:07:01,2022-02-27 12:07:22,,annotator,HIGH LEVEL BEHAVIOR,2022-02-27 01:46:24,2022-02-27 01:46:45
2022-02-27 12:07:24,2022-02-27 12:07:39,,annotator,HIGH LEVEL BEHAVIOR,2022-02-27 01:46:47,2022-02-27 01:47:02
2022-02-27 12:07:43,2022-02-27 12:08:08,In_Transit_Active,annotator,HIGH LEVEL BEHAVIOR,2022-02-27 01:47:06,2022-02-27 01:47:31
2022-02-27 12:08:09,2022-02-27 12:08:33,In_Transit_Active,annotator,HIGH LEVEL BEHAVIOR,2022-02-27 01:47:32,2022-02-27 01:47:56
2022-02-27 12:08:33,2022-02-27 12:08:55,In_Transit_Active,annotator,HIGH LEVEL BEHAVIOR,2022-02-27 01:47:56,2022-02-27 01:48:18
2022-02-27 12:08:56,2022-02-27 12:09:04,In_Transit_Active,annotator,HIGH LEVEL BEHAVIOR,2022-02-27 01:48:19,2022-02-27 01:48:27
2022-02-27 12:09:05,2022-02-27 12:10:11,In_Transit_Active,annotator,HIGH LEVEL BEHAVIOR,2022-02-27 01:48:28,2022-02-27 01:49:34
2022-02-27 12:10:13,2022-02-27 12:11:32,In_Transit_Active,annotator,HIGH LEVEL BEHAVIOR,2022-02-27 01:49:36,2022-02-27 01:50:55
2022-02-27 12:11:32,2022-02-27 12:11:50,In_Transit_Active,annotator,HIGH LEVEL BEHAVIOR,2022-02-27 01:50:55,2022-02-27 01:51:13
2022-02-27 12:11:51,2022-02-27 12:11:54,In_Transit_Active,annotator,HIGH LEVEL BEHAVIOR,2022-02-27 01:51:14,2022-02-27 01:51:17
2022-02-27 12:11:54,2022-02-27 12:11:59,In_Transit_Active,annotator,HIGH LEVEL BEHAVIOR,2022-02-27 01:51:17,2022-02-27 01:51:22
2022-02-27 12:11:59,2022-02-27 12:12:03,In_Transit_Active,annotator,HIGH LEVEL BEHAVIOR,2022-02-27 01:51:22,2022-02-27 01:51:26
2022-02-27 12:12:03,2022-02-27 12:12:07,In_Transit_Active,annotator,HIGH LEVEL BEHAVIOR,2022-02-27 01:51:26,2022-02-27 01:51:30
2022-02-27 12:12:07,2022-02-27 12:12:55,Cleaning,annotator,HIGH LEVEL BEHAVIOR,2022-02-27 01:51:30,2022-02-27 01:52:18
2022-02-27 12:12:55,2022-02-27 12:13:13,HLB_Other,annotator,HIGH LEVEL BEHAVIOR,2022-02-27 01:52:18,2022-02-27 01:52:36
2022-02-27 12:13:13,2022-02-27 12:13:46,Meeting _Social_Gathering_In_Person,annotator,HIGH LEVEL BEHAVIOR,2022-02-27 01:52:36,2022-02-27 01:53:09
2022-02-27 12:13:46,2022-02-27 12:13:51,Meeting _Social_Gathering_In_Person, Eating/Dining,annotator,HIGH LEVEL BEHAVIOR,2022-02-27 01:53:09,2022-02-27 01:53:14
2022-02-27 12:13:51,2022-02-27 12:14:02,Meeting _Social_Gathering_In_Person,annotator,HIGH LEVEL BEHAVIOR,2022-02-27 01:53:14,2022-02-27 01:53:25
2022-02-27 12:14:03,2022-02-27 12:14:23,Meeting _Social_Gathering_In_Person,annotator,HIGH LEVEL BEHAVIOR,2022-02-27 01:53:26,2022-02-27 01:53:46
2022-02-27 12:14:27,2022-02-27 12:16:38,Meeting _Social_Gathering_In_Person, Eating/Dining,annotator,HIGH LEVEL BEHAVIOR,2022-02-27 01:53:50,2022-02-27 01:56:01
2022-02-27 12:16:38,2022-02-27 12:18:40,Meeting _Social_Gathering_In_Person, Eating/Dining,annotator,HIGH LEVEL BEHAVIOR,2022-02-27 01:56:01,2022-02-27 01:58:03
2022-02-27 12:18:40,2022-02-27 12:18:56,Meeting _Social_Gathering_In_Person, Eating/Dining,annotator,HIGH LEVEL BEHAVIOR,2022-02-27 01:58:03,2022-02-27 01:58:19
2022-02-27 12:18:56,2022-02-27 12:19:08,Meeting _Social_Gathering_In_Person, Eating/Dining,annotator,HIGH LEVEL BEHAVIOR,2022-02-27 01:58:19,2022-02-27 01:58:31
2022-02-27 12:19:08,2022-02-27 12:20:12,Meeting _Social_Gathering_In_Person, Eating/Dining,annotator,HIGH LEVEL BEHAVIOR,2022-02-27 01:58:31,2022-02-27 01:59:35
2022-02-27 12:20:17,2022-02-27 12:20:21,Meeting _Social_Gathering_In_Person, Eating/Dining,annotator,HIGH LEVEL BEHAVIOR,2022-02-27 01:59:40,2022-02-27 01:59:44
2022-02-27 12:20:24,2022-02-27 12:20:41,Meeting _Social_Gathering_In_Person,annotator,HIGH LEVEL BEHAVIOR,2022-02-27 01:59:47,2022-02-27 02:00:04
2022-02-27 12:20:41,2022-02-27 12:23:47,Meeting _Social_Gathering_In_Person, Eating/Dining,annotator,HIGH LEVEL BEHAVIOR,2022-02-27 02:00:04,2022-02-27 02:03:10
2022-02-27 12:23:49,2022-02-27 12:23:56,Meeting _Social_Gathering_In_Person,annotator,HIGH LEVEL BEHAVIOR,2022-02-27 02:03:12,2022-02-27 02:03:19
2022-02-27 12:23:57,2022-02-27 12:24:08,Meeting _Social_Gathering_In_Person, Grooming/Self_Care,annotator,HIGH LEVEL BEHAVIOR,2022-02-27 02:03:20,2022-02-27 02:03:31
2022-02-27 12:24:09,2022-02-27 12:24:15,Meeting _Social_Gathering_In_Person,annotator,HIGH LEVEL BEHAVIOR,2022-02-27 02:03:32,2022-02-27 02:03:38
2022-02-27 12:24:17,2022-02-27 12:28:09,Meeting _Social_Gathering_In_Person,annotator,HIGH LEVEL BEHAVIOR,2022-02-27 02:03:40,2022-02-27 02:07:32
2022-02-27 12:28:11,2022-02-27 12:30:05,Meeting _Social_Gathering_In_Person,annotator,HIGH LEVEL BEHAVIOR,2022-02-27 02:07:34,2022-02-27 02:09:28
2022-02-27 12:30:06,2022-02-27 12:30:15,Meeting _Social_Gathering_In_Person,annotator,HIGH LEVEL BEHAVIOR,2022-02-27 02:09:29,2022-02-27 02:09:38
2022-02-27 12:30:15,2022-02-27 12:31:55,Meeting _Social_Gathering_In_Person,annotator,HIGH LEVEL BEHAVIOR,2022-02-27 02:09:38,2022-02-27 02:11:18
2022-02-27 12:31:55,2022-02-27 12:32:47,Meeting _Social_Gathering_In_Person,annotator,HIGH LEVEL BEHAVIOR,2022-02-27 02:11:18,2022-02-27 02:12:10
2022-02-27 12:32:47,2022-02-27 12:33:15,Meeting _Social_Gathering_In_Person,annotator,HIGH LEVEL BEHAVIOR,2022-02-27 02:12:10,2022-02-27 02:12:38
2022-02-27 12:33:15,2022-02-27 12:33:35,Meeting _Social_Gathering_In_Person,annotator,HIGH LEVEL BEHAVIOR,2022-02-27 02:12:38,2022-02-27 02:12:58
2022-02-27 12:33:36,2022-02-27 12:33:41,,annotator,HIGH LEVEL BEHAVIOR,2022-02-27 02:12:59,2022-02-27 02:13:04
2022-02-27 12:33:41,2022-02-27 12:33:46,,annotator,HIGH LEVEL BEHAVIOR,2022-02-27 02:13:04,2022-02-27 02:13:09
2022-02-27 12:33:46,2022-02-27 12:33:49,,annotator,HIGH LEVEL BEHAVIOR,2022-02-27 02:13:09,2022-02-27 02:13:12
2022-02-27 12:33:49,2022-02-27 12:33:52,,annotator,HIGH LEVEL BEHAVIOR,2022-02-27 02:13:12,2022-02-27 02:13:15
2022-02-27 12:33:52,2022-02-27 12:34:51,,annotator,HIGH LEVEL BEHAVIOR,2022-02-27 02:13:15,2022-02-27 02:14:14
2022-02-27 12:34:51,2022-02-27 12:36:23,HLB_Indecipherable/Video_Insufficient,annotator,HIGH LEVEL BEHAVIOR,2022-02-27 02:14:14,2022-02-27 02:15:46
2022-02-27 12:36:23,2022-02-27 12:36:52,Dressing/Undressing,annotator,HIGH LEVEL BEHAVIOR,2022-02-27 02:15:46,2022-02-27 02:16:15
2022-02-27 12:36:52,2022-02-27 12:37:19,,annotator,HIGH LEVEL BEHAVIOR,2022-02-27 02:16:15,2022-02-27 02:16:42
2022-02-27 12:37:19,2022-02-27 12:37:31,,annotator,HIGH LEVEL BEHAVIOR,2022-02-27 02:16:42,2022-02-27 02:16:54
2022-02-27 12:37:31,2022-02-27 12:37:36,,annotator,HIGH LEVEL BEHAVIOR,2022-02-27 02:16:54,2022-02-27 02:16:59
2022-02-27 12:37:36,2022-02-27 12:37:57,,annotator,HIGH LEVEL BEHAVIOR,2022-02-27 02:16:59,2022-02-27 02:17:20
2022-02-27 12:37:57,2022-02-27 12:39:25,HLB_Indecipherable/Video_Insufficient,annotator,HIGH LEVEL BEHAVIOR,2022-02-27 02:17:20,2022-02-27 02:18:48
2022-02-27 12:39:25,2022-02-27 12:39:27,,annotator,HIGH LEVEL BEHAVIOR,2022-02-27 02:18:48,2022-02-27 02:18:50
2022-02-27 12:39:27,2022-02-27 12:39:42,,annotator,HIGH LEVEL BEHAVIOR,2022-02-27 02:18:50,2022-02-27 02:19:05
2022-02-27 12:39:42,2022-02-27 12:39:50,,annotator,HIGH LEVEL BEHAVIOR,2022-02-27 02:19:05,2022-02-27 02:19:13
2022-02-27 12:39:50,2022-02-27 12:39:55,Dressing/Undressing,annotator,HIGH LEVEL BEHAVIOR,2022-02-27 02:19:13,2022-02-27 02:19:18
2022-02-27 12:39:55,2022-02-27 12:40:06,Dressing/Undressing,annotator,HIGH LEVEL BEHAVIOR,2022-02-27 02:19:18,2022-02-27 02:19:29
2022-02-27 12:40:06,2022-02-27 12:40:29,,annotator,HIGH LEVEL BEHAVIOR,2022-02-27 02:19:29,2022-02-27 02:19:52
2022-02-27 12:40:29,2022-02-27 12:40:57,,annotator,HIGH LEVEL BEHAVIOR,2022-02-27 02:19:52,2022-02-27 02:20:20
2022-02-27 12:40:57,2022-02-27 12:41:09,,annotator,HIGH LEVEL BEHAVIOR,2022-02-27 02:20:20,2022-02-27 02:20:32
2022-02-27 12:41:09,2022-02-27 12:41:16,,annotator,HIGH LEVEL BEHAVIOR,2022-02-27 02:20:32,2022-02-27 02:20:39
2022-02-27 12:41:16,2022-02-27 12:41:22,,annotator,HIGH LEVEL BEHAVIOR,2022-02-27 02:20:39,2022-02-27 02:20:45
2022-02-27 12:41:22,2022-02-27 12:41:32,,annotator,HIGH LEVEL BEHAVIOR,2022-02-27 02:20:45,2022-02-27 02:20:55
2022-02-27 12:41:32,2022-02-27 12:42:01,,annotator,HIGH LEVEL BEHAVIOR,2022-02-27 02:20:55,2022-02-27 02:21:24
2022-02-27 12:42:01,2022-02-27 12:42:04,,annotator,HIGH LEVEL BEHAVIOR,2022-02-27 02:21:24,2022-02-27 02:21:27
2022-02-27 12:42:04,2022-02-27 12:42:17,,annotator,HIGH LEVEL BEHAVIOR,2022-02-27 02:21:27,2022-02-27 02:21:40
2022-02-27 12:42:17,2022-02-27 12:46:36,In_Transit_Active,annotator,HIGH LEVEL BEHAVIOR,2022-02-27 02:21:40,2022-02-27 02:25:59
2022-02-27 12:46:36,2022-02-27 12:48:20,In_Transit_Active,annotator,HIGH LEVEL BEHAVIOR,2022-02-27 02:25:59,2022-02-27 02:27:43
2022-02-27 12:48:20,2022-02-27 12:50:28,In_Transit_Active,annotator,HIGH LEVEL BEHAVIOR,2022-02-27 02:27:43,2022-02-27 02:29:51
2022-02-27 12:50:28,2022-02-27 12:51:50,In_Transit_Passive_Train/Bus/Plane,annotator,HIGH LEVEL BEHAVIOR,2022-02-27 02:29:51,2022-02-27 02:31:13
2022-02-27 12:51:50,2022-02-27 12:52:07,In_Transit_Passive_Train/Bus/Plane,annotator,HIGH LEVEL BEHAVIOR,2022-02-27 02:31:13,2022-02-27 02:31:30
2022-02-27 12:52:07,2022-02-27 12:52:31,In_Transit_Passive_Train/Bus/Plane,annotator,HIGH LEVEL BEHAVIOR,2022-02-27 02:31:30,2022-02-27 02:31:54
2022-02-27 12:52:31,2022-02-27 12:59:32,In_Transit_Passive_Train/Bus/Plane,annotator,HIGH LEVEL BEHAVIOR,2022-02-27 02:31:54,2022-02-27 02:38:55
2022-02-27 12:59:32,2022-02-27 13:00:12,,annotator,HIGH LEVEL BEHAVIOR,2022-02-27 02:38:55,2022-02-27 02:39:35
2022-02-27 13:00:12,2022-02-27 13:00:49,,annotator,HIGH LEVEL BEHAVIOR,2022-02-27 02:39:35,2022-02-27 02:40:12
2022-02-27 13:00:49,2022-02-27 13:00:59,,annotator,HIGH LEVEL BEHAVIOR,2022-02-27 02:40:12,2022-02-27 02:40:22
2022-02-27 13:00:59,2022-02-27 13:01:12,,annotator,HIGH LEVEL BEHAVIOR,2022-02-27 02:40:22,2022-02-27 02:40:35
2022-02-27 13:01:12,2022-02-27 13:01:31,,annotator,HIGH LEVEL BEHAVIOR,2022-02-27 02:40:35,2022-02-27 02:40:54
2022-02-27 13:01:31,2022-02-27 13:01:43,,annotator,HIGH LEVEL BEHAVIOR,2022-02-27 02:40:54,2022-02-27 02:41:06
2022-02-27 13:01:43,2022-02-27 13:05:19,Meeting _Social_Gathering_In_Person,annotator,HIGH LEVEL BEHAVIOR,2022-02-27 02:41:06,2022-02-27 02:44:42
2022-02-27 13:05:19,2022-02-27 13:05:29,Meeting _Social_Gathering_In_Person,annotator,HIGH LEVEL BEHAVIOR,2022-02-27 02:44:42,2022-02-27 02:44:52
2022-02-27 13:05:29,2022-02-27 13:06:16,Meeting _Social_Gathering_In_Person,annotator,HIGH LEVEL BEHAVIOR,2022-02-27 02:44:52,2022-02-27 02:45:39
2022-02-27 13:06:16,2022-02-27 13:06:28,,annotator,HIGH LEVEL BEHAVIOR,2022-02-27 02:45:39,2022-02-27 02:45:51
2022-02-27 13:06:28,2022-02-27 13:07:53,In_Transit_Passive_Train/Bus/Plane,annotator,HIGH LEVEL BEHAVIOR,2022-02-27 02:45:51,2022-02-27 02:47:16
2022-02-27 13:07:53,2022-02-27 13:09:36,In_Transit_Passive_Train/Bus/Plane,annotator,HIGH LEVEL BEHAVIOR,2022-02-27 02:47:16,2022-02-27 02:48:59
2022-02-27 13:09:36,2022-02-27 13:11:43,In_Transit_Passive_Train/Bus/Plane,annotator,HIGH LEVEL BEHAVIOR,2022-02-27 02:48:59,2022-02-27 02:51:06
2022-02-27 13:11:43,2022-02-27 13:12:09,In_Transit_Passive_Train/Bus/Plane,annotator,HIGH LEVEL BEHAVIOR,2022-02-27 02:51:06,2022-02-27 02:51:32
2022-02-27 13:12:09,2022-02-27 13:16:53,In_Transit_Passive_Train/Bus/Plane,annotator,HIGH LEVEL BEHAVIOR,2022-02-27 02:51:32,2022-02-27 02:56:16
2022-02-27 13:16:53,2022-02-27 13:17:09,In_Transit_Passive_Train/Bus/Plane,annotator,HIGH LEVEL BEHAVIOR,2022-02-27 02:56:16,2022-02-27 02:56:32
2022-02-27 13:17:09,2022-02-27 13:18:34,,annotator,HIGH LEVEL BEHAVIOR,2022-02-27 02:56:32,2022-02-27 02:57:57
2022-02-27 13:18:34,2022-02-27 13:19:21,,annotator,HIGH LEVEL BEHAVIOR,2022-02-27 02:57:57,2022-02-27 02:58:44
2022-02-27 13:19:21,2022-02-27 13:23:51,In_Transit_Active,annotator,HIGH LEVEL BEHAVIOR,2022-02-27 02:58:44,2022-02-27 03:03:14
2022-02-27 13:23:51,2022-02-27 13:24:04,,annotator,HIGH LEVEL BEHAVIOR,2022-02-27 03:03:14,2022-02-27 03:03:27
2022-02-27 13:24:04,2022-02-27 13:24:25,,annotator,HIGH LEVEL BEHAVIOR,2022-02-27 03:03:27,2022-02-27 03:03:48
2022-02-27 13:24:25,2022-02-27 13:24:34,,annotator,HIGH LEVEL BEHAVIOR,2022-02-27 03:03:48,2022-02-27 03:03:57
2022-02-27 13:24:34,2022-02-27 13:25:21,,annotator,HIGH LEVEL BEHAVIOR,2022-02-27 03:03:57,2022-02-27 03:04:44
2022-02-27 13:25:21,2022-02-27 13:25:35,,annotator,HIGH LEVEL BEHAVIOR,2022-02-27 03:04:44,2022-02-27 03:04:58
2022-02-27 13:25:35,2022-02-27 13:38:37,Meeting _Social_Gathering_In_Person,annotator,HIGH LEVEL BEHAVIOR,2022-02-27 03:04:58,2022-02-27 03:18:00
2022-02-27 13:38:37,2022-02-27 13:41:48,Meeting _Social_Gathering_In_Person,annotator,HIGH LEVEL BEHAVIOR,2022-02-27 03:18:00,2022-02-27 03:21:11
2022-02-27 13:41:48,2022-02-27 13:42:05,Meeting _Social_Gathering_In_Person,annotator,HIGH LEVEL BEHAVIOR,2022-02-27 03:21:11,2022-02-27 03:21:28
2022-02-27 13:42:05,2022-02-27 13:48:06,Meeting _Social_Gathering_In_Person,annotator,HIGH LEVEL BEHAVIOR,2022-02-27 03:21:28,2022-02-27 03:27:29
2022-02-27 13:48:06,2022-02-27 13:51:13,Meeting _Social_Gathering_In_Person, Eating/Dining,annotator,HIGH LEVEL BEHAVIOR,2022-02-27 03:27:29,2022-02-27 03:30:36
2022-02-27 13:51:15,2022-02-27 14:11:07,Meeting _Social_Gathering_In_Person, Eating/Dining,annotator,HIGH LEVEL BEHAVIOR,2022-02-27 03:30:38,2022-02-27 03:50:30
2022-02-27 14:11:08,2022-02-27 14:14:26,Meeting _Social_Gathering_In_Person, Eating/Dining,annotator,HIGH LEVEL BEHAVIOR,2022-02-27 03:50:31,2022-02-27 03:53:49
2022-02-27 14:14:26,2022-02-27 14:15:49,Meeting _Social_Gathering_In_Person, Eating/Dining,annotator,HIGH LEVEL BEHAVIOR,2022-02-27 03:53:49,2022-02-27 03:55:12
2022-02-27 14:15:49,2022-02-27 14:17:08,Meeting _Social_Gathering_In_Person, Eating/Dining,annotator,HIGH LEVEL BEHAVIOR,2022-02-27 03:55:12,2022-02-27 03:56:31
2022-02-27 14:17:08,2022-02-27 14:17:36,Meeting _Social_Gathering_In_Person, Eating/Dining,annotator,HIGH LEVEL BEHAVIOR,2022-02-27 03:56:31,2022-02-27 03:56:59
2022-02-27 14:17:36,2022-02-27 14:18:15,Meeting _Social_Gathering_In_Person, Eating/Dining,annotator,HIGH LEVEL BEHAVIOR,2022-02-27 03:56:59,2022-02-27 03:57:38
2022-02-27 14:18:15,2022-02-27 14:19:38,Meeting _Social_Gathering_In_Person, Eating/Dining,annotator,HIGH LEVEL BEHAVIOR,2022-02-27 03:57:38,2022-02-27 03:59:01
2022-02-27 14:19:38,2022-02-27 14:20:05,Meeting _Social_Gathering_In_Person, Eating/Dining,annotator,HIGH LEVEL BEHAVIOR,2022-02-27 03:59:01,2022-02-27 03:59:28
2022-02-27 14:20:05,2022-02-27 14:22:12,Meeting _Social_Gathering_In_Person, Eating/Dining,annotator,HIGH LEVEL BEHAVIOR,2022-02-27 03:59:28,2022-02-27 04:01:35
2022-02-27 14:22:12,2022-02-27 14:22:43,Meeting _Social_Gathering_In_Person, Eating/Dining,annotator,HIGH LEVEL BEHAVIOR,2022-02-27 04:01:35,2022-02-27 04:02:06
2022-02-27 14:22:44,2022-02-27 14:23:16,Meeting _Social_Gathering_In_Person, Eating/Dining,annotator,HIGH LEVEL BEHAVIOR,2022-02-27 04:02:07,2022-02-27 04:02:39
2022-02-27 14:23:16,2022-02-27 14:25:38,Meeting _Social_Gathering_In_Person, Eating/Dining,annotator,HIGH LEVEL BEHAVIOR,2022-02-27 04:02:39,2022-02-27 04:05:01
2022-02-27 14:25:38,2022-02-27 14:25:50,Meeting _Social_Gathering_In_Person, Eating/Dining,annotator,HIGH LEVEL BEHAVIOR,2022-02-27 04:05:01,2022-02-27 04:05:13
2022-02-27 14:25:50,2022-02-27 14:27:50,Meeting _Social_Gathering_In_Person, Eating/Dining,annotator,HIGH LEVEL BEHAVIOR,2022-02-27 04:05:13,2022-02-27 04:07:13
2022-02-27 14:27:50,2022-02-27 14:31:21,Meeting _Social_Gathering_In_Person,annotator,HIGH LEVEL BEHAVIOR,2022-02-27 04:07:13,2022-02-27 04:10:44
2022-02-27 14:31:21,2022-02-27 14:32:14,Meeting _Social_Gathering_In_Person,annotator,HIGH LEVEL BEHAVIOR,2022-02-27 04:10:44,2022-02-27 04:11:37
2022-02-27 14:32:14,2022-02-27 14:33:38,Meeting _Social_Gathering_In_Person,annotator,HIGH LEVEL BEHAVIOR,2022-02-27 04:11:37,2022-02-27 04:13:01
2022-02-27 14:33:38,2022-02-27 14:35:14,Meeting _Social_Gathering_In_Person,annotator,HIGH LEVEL BEHAVIOR,2022-02-27 04:13:01,2022-02-27 04:14:37
2022-02-27 14:35:14,2022-02-27 14:38:55,Meeting _Social_Gathering_In_Person,annotator,HIGH LEVEL BEHAVIOR,2022-02-27 04:14:37,2022-02-27 04:18:18
2022-02-27 14:38:55,2022-02-27 14:39:06,Meeting _Social_Gathering_In_Person,annotator,HIGH LEVEL BEHAVIOR,2022-02-27 04:18:18,2022-02-27 04:18:29
2022-02-27 14:39:06,2022-02-27 14:48:56,Meeting _Social_Gathering_In_Person,annotator,HIGH LEVEL BEHAVIOR,2022-02-27 04:18:29,2022-02-27 04:28:19
2022-02-27 14:48:56,2022-02-27 14:50:04,Meeting _Social_Gathering_In_Person, Eating/Dining,annotator,HIGH LEVEL BEHAVIOR,2022-02-27 04:28:19,2022-02-27 04:29:27
2022-02-27 14:50:04,2022-02-27 14:53:48,Meeting _Social_Gathering_In_Person,annotator,HIGH LEVEL BEHAVIOR,2022-02-27 04:29:27,2022-02-27 04:33:11
2022-02-27 14:53:48,2022-02-27 14:53:55,Meeting _Social_Gathering_In_Person, Eating/Dining,annotator,HIGH LEVEL BEHAVIOR,2022-02-27 04:33:11,2022-02-27 04:33:18
2022-02-27 14:53:55,2022-02-27 14:54:59,Meeting _Social_Gathering_In_Person,annotator,HIGH LEVEL BEHAVIOR,2022-02-27 04:33:18,2022-02-27 04:34:22
2022-02-27 14:54:59,2022-02-27 14:55:27,Meeting _Social_Gathering_In_Person,annotator,HIGH LEVEL BEHAVIOR,2022-02-27 04:34:22,2022-02-27 04:34:50
2022-02-27 14:55:27,2022-02-27 15:00:25,Meeting _Social_Gathering_In_Person,annotator,HIGH LEVEL BEHAVIOR,2022-02-27 04:34:50,2022-02-27 04:39:48
2022-02-27 15:00:25,2022-02-27 15:02:52,Meeting _Social_Gathering_In_Person, HLB_Other,annotator,HIGH LEVEL BEHAVIOR,2022-02-27 04:39:48,2022-02-27 04:42:15
2022-02-27 15:02:52,2022-02-27 15:05:14,Meeting _Social_Gathering_In_Person,annotator,HIGH LEVEL BEHAVIOR,2022-02-27 04:42:15,2022-02-27 04:44:37
2022-02-27 15:05:14,2022-02-27 15:05:23,Meeting _Social_Gathering_In_Person,annotator,HIGH LEVEL BEHAVIOR,2022-02-27 04:44:37,2022-02-27 04:44:46
2022-02-27 15:05:23,2022-02-27 15:08:01,Meeting _Social_Gathering_In_Person,annotator,HIGH LEVEL BEHAVIOR,2022-02-27 04:44:46,2022-02-27 04:47:24
2022-02-27 15:08:01,2022-02-27 15:08:29,Meeting _Social_Gathering_In_Person,annotator,HIGH LEVEL BEHAVIOR,2022-02-27 04:47:24,2022-02-27 04:47:52
2022-02-27 15:08:29,2022-02-27 15:09:09,Meeting _Social_Gathering_In_Person,annotator,HIGH LEVEL BEHAVIOR,2022-02-27 04:47:52,2022-02-27 04:48:32
2022-02-27 15:09:13,2022-02-27 15:09:43,Meeting _Social_Gathering_In_Person,annotator,HIGH LEVEL BEHAVIOR,2022-02-27 04:48:36,2022-02-27 04:49:06
2022-02-27 15:09:43,2022-02-27 15:10:13,Meeting _Social_Gathering_In_Person,annotator,HIGH LEVEL BEHAVIOR,2022-02-27 04:49:06,2022-02-27 04:49:36
2022-02-27 15:10:13,2022-02-27 15:10:28,Meeting _Social_Gathering_In_Person, HLB_Other,annotator,HIGH LEVEL BEHAVIOR,2022-02-27 04:49:36,2022-02-27 04:49:51
2022-02-27 15:10:28,2022-02-27 15:10:55,Meeting _Social_Gathering_In_Person,annotator,HIGH LEVEL BEHAVIOR,2022-02-27 04:49:51,2022-02-27 04:50:18
2022-02-27 15:10:55,2022-02-27 15:11:15,Meeting _Social_Gathering_In_Person,annotator,HIGH LEVEL BEHAVIOR,2022-02-27 04:50:18,2022-02-27 04:50:38
2022-02-27 15:11:15,2022-02-27 15:11:51,Meeting _Social_Gathering_In_Person, In_Transit_Active,annotator,HIGH LEVEL BEHAVIOR,2022-02-27 04:50:38,2022-02-27 04:51:14
2022-02-27 15:11:51,2022-02-27 15:12:05,Meeting _Social_Gathering_In_Person, In_Transit_Active,annotator,HIGH LEVEL BEHAVIOR,2022-02-27 04:51:14,2022-02-27 04:51:28
2022-02-27 15:12:05,2022-02-27 15:12:19,Meeting _Social_Gathering_In_Person, In_Transit_Active,annotator,HIGH LEVEL BEHAVIOR,2022-02-27 04:51:28,2022-02-27 04:51:42
2022-02-27 15:12:19,2022-02-27 15:13:12,Meeting _Social_Gathering_In_Person, In_Transit_Active,annotator,HIGH LEVEL BEHAVIOR,2022-02-27 04:51:42,2022-02-27 04:52:35
2022-02-27 15:13:12,2022-02-27 15:13:50,Meeting _Social_Gathering_In_Person, In_Transit_Active,annotator,HIGH LEVEL BEHAVIOR,2022-02-27 04:52:35,2022-02-27 04:53:13
2022-02-27 15:13:50,2022-02-27 15:14:44,Meeting _Social_Gathering_In_Person,annotator,HIGH LEVEL BEHAVIOR,2022-02-27 04:53:13,2022-02-27 04:54:07
2022-02-27 15:14:44,2022-02-27 15:16:12,Meeting _Social_Gathering_In_Person,annotator,HIGH LEVEL BEHAVIOR,2022-02-27 04:54:07,2022-02-27 04:55:35
2022-02-27 15:16:12,2022-02-27 15:16:27,Meeting _Social_Gathering_In_Person,annotator,HIGH LEVEL BEHAVIOR,2022-02-27 04:55:35,2022-02-27 04:55:50
2022-02-27 15:16:31,2022-02-27 15:16:57,Meeting _Social_Gathering_In_Person, Eating/Dining,annotator,HIGH LEVEL BEHAVIOR,2022-02-27 04:55:54,2022-02-27 04:56:20
2022-02-27 15:16:57,2022-02-27 15:23:40,Meeting _Social_Gathering_In_Person, Eating/Dining, Meeting_Virtual,annotator,HIGH LEVEL BEHAVIOR,2022-02-27 04:56:20,2022-02-27 05:03:03
2022-02-27 15:23:40,2022-02-27 15:27:34,Meeting _Social_Gathering_In_Person, Eating/Dining,annotator,HIGH LEVEL BEHAVIOR,2022-02-27 05:03:03,2022-02-27 05:06:57
2022-02-27 15:27:34,2022-02-27 15:30:16,Meeting _Social_Gathering_In_Person, Eating/Dining,annotator,HIGH LEVEL BEHAVIOR,2022-02-27 05:06:57,2022-02-27 05:09:39
2022-02-27 15:30:18,2022-02-27 15:33:25,Meeting _Social_Gathering_In_Person, Eating/Dining,annotator,HIGH LEVEL BEHAVIOR,2022-02-27 05:09:41,2022-02-27 05:12:48
2022-02-27 15:33:25,2022-02-27 15:33:36,Meeting _Social_Gathering_In_Person, Eating/Dining,annotator,HIGH LEVEL BEHAVIOR,2022-02-27 05:12:48,2022-02-27 05:12:59
2022-02-27 15:33:36,2022-02-27 15:33:55,Meeting _Social_Gathering_In_Person, In_Transit_Active,annotator,HIGH LEVEL BEHAVIOR,2022-02-27 05:12:59,2022-02-27 05:13:18
2022-02-27 15:33:55,2022-02-27 15:35:43,Meeting _Social_Gathering_In_Person, In_Transit_Active,annotator,HIGH LEVEL BEHAVIOR,2022-02-27 05:13:18,2022-02-27 05:15:06
2022-02-27 15:35:43,2022-02-27 15:36:06,Meeting _Social_Gathering_In_Person, In_Transit_Active,annotator,HIGH LEVEL BEHAVIOR,2022-02-27 05:15:06,2022-02-27 05:15:29
2022-02-27 15:36:06,2022-02-27 15:38:34,Meeting _Social_Gathering_In_Person, In_Transit_Active,annotator,HIGH LEVEL BEHAVIOR,2022-02-27 05:15:29,2022-02-27 05:17:57
2022-02-27 15:38:35,2022-02-27 15:38:56,Meeting _Social_Gathering_In_Person, In_Transit_Active, Riding_Escalator_Down,annotator,HIGH LEVEL BEHAVIOR,2022-02-27 05:17:58,2022-02-27 05:18:19
2022-02-27 15:38:56,2022-02-27 15:39:11,Meeting _Social_Gathering_In_Person, In_Transit_Active,annotator,HIGH LEVEL BEHAVIOR,2022-02-27 05:18:19,2022-02-27 05:18:34
2022-02-27 15:39:11,2022-02-27 15:39:29,Meeting _Social_Gathering_In_Person, In_Transit_Active, Riding_Escalator_Down,annotator,HIGH LEVEL BEHAVIOR,2022-02-27 05:18:34,2022-02-27 05:18:52
2022-02-27 15:39:29,2022-02-27 15:39:46,Meeting _Social_Gathering_In_Person, In_Transit_Active,annotator,HIGH LEVEL BEHAVIOR,2022-02-27 05:18:52,2022-02-27 05:19:09
2022-02-27 15:39:46,2022-02-27 15:40:33,Meeting _Social_Gathering_In_Person, In_Transit_Active, HLB_Other,annotator,HIGH LEVEL BEHAVIOR,2022-02-27 05:19:09,2022-02-27 05:19:56
2022-02-27 15:40:33,2022-02-27 15:42:00,Meeting _Social_Gathering_In_Person, In_Transit_Active,annotator,HIGH LEVEL BEHAVIOR,2022-02-27 05:19:56,2022-02-27 05:21:23
2022-02-27 15:42:00,2022-02-27 15:42:19,Meeting _Social_Gathering_In_Person, In_Transit_Active,annotator,HIGH LEVEL BEHAVIOR,2022-02-27 05:21:23,2022-02-27 05:21:42
2022-02-27 15:42:19,2022-02-27 15:42:28,Meeting _Social_Gathering_In_Person, In_Transit_Active,annotator,HIGH LEVEL BEHAVIOR,2022-02-27 05:21:42,2022-02-27 05:21:51
2022-02-27 15:42:28,2022-02-27 15:42:55,Meeting _Social_Gathering_In_Person, In_Transit_Active,annotator,HIGH LEVEL BEHAVIOR,2022-02-27 05:21:51,2022-02-27 05:22:18
2022-02-27 15:42:55,2022-02-27 15:45:07,Meeting _Social_Gathering_In_Person, In_Transit_Active,annotator,HIGH LEVEL BEHAVIOR,2022-02-27 05:22:18,2022-02-27 05:24:30
2022-02-27 15:45:07,2022-02-27 15:45:23,Meeting _Social_Gathering_In_Person, In_Transit_Active,annotator,HIGH LEVEL BEHAVIOR,2022-02-27 05:24:30,2022-02-27 05:24:46
2022-02-27 15:45:30,2022-02-27 15:51:19,Meeting _Social_Gathering_In_Person, In_Transit_Passive_Train/Bus/Plane,annotator,HIGH LEVEL BEHAVIOR,2022-02-27 05:24:53,2022-02-27 05:30:42
2022-02-27 15:51:19,2022-02-27 15:52:21,Meeting _Social_Gathering_In_Person, In_Transit_Passive_Train/Bus/Plane,annotator,HIGH LEVEL BEHAVIOR,2022-02-27 05:30:42,2022-02-27 05:31:44
2022-02-27 15:52:21,2022-02-27 15:52:45,Meeting _Social_Gathering_In_Person, In_Transit_Passive_Train/Bus/Plane,annotator,HIGH LEVEL BEHAVIOR,2022-02-27 05:31:44,2022-02-27 05:32:08
2022-02-27 15:52:45,2022-02-27 15:54:26,Meeting _Social_Gathering_In_Person, In_Transit_Passive_Train/Bus/Plane,annotator,HIGH LEVEL BEHAVIOR,2022-02-27 05:32:08,2022-02-27 05:33:49
2022-02-27 15:54:26,2022-02-27 15:54:53,Meeting _Social_Gathering_In_Person, In_Transit_Passive_Train/Bus/Plane,annotator,HIGH LEVEL BEHAVIOR,2022-02-27 05:33:49,2022-02-27 05:34:16
2022-02-27 15:54:53,2022-02-27 15:55:46,Meeting _Social_Gathering_In_Person, In_Transit_Passive_Train/Bus/Plane,annotator,HIGH LEVEL BEHAVIOR,2022-02-27 05:34:16,2022-02-27 05:35:09
2022-02-27 15:55:47,2022-02-27 15:56:07,Meeting _Social_Gathering_In_Person, In_Transit_Active,annotator,HIGH LEVEL BEHAVIOR,2022-02-27 05:35:10,2022-02-27 05:35:30
2022-02-27 15:56:07,2022-02-27 15:56:18,Meeting _Social_Gathering_In_Person, In_Transit_Active,annotator,HIGH LEVEL BEHAVIOR,2022-02-27 05:35:30,2022-02-27 05:35:41
2022-02-27 15:56:18,2022-02-27 15:57:16,Meeting _Social_Gathering_In_Person, In_Transit_Active,annotator,HIGH LEVEL BEHAVIOR,2022-02-27 05:35:41,2022-02-27 05:36:39
2022-02-27 15:57:16,2022-02-27 15:57:59,Meeting _Social_Gathering_In_Person, In_Transit_Active,annotator,HIGH LEVEL BEHAVIOR,2022-02-27 05:36:39,2022-02-27 05:37:22
2022-02-27 15:57:59,2022-02-27 16:00:11,Meeting _Social_Gathering_In_Person, In_Transit_Active,annotator,HIGH LEVEL BEHAVIOR,2022-02-27 05:37:22,2022-02-27 05:39:34
2022-02-27 16:00:11,2022-02-27 16:00:53,Meeting _Social_Gathering_In_Person, In_Transit_Active,annotator,HIGH LEVEL BEHAVIOR,2022-02-27 05:39:34,2022-02-27 05:40:16
2022-02-27 16:00:53,2022-02-27 16:01:23,Meeting _Social_Gathering_In_Person, In_Transit_Active,annotator,HIGH LEVEL BEHAVIOR,2022-02-27 05:40:16,2022-02-27 05:40:46
2022-02-27 16:01:23,2022-02-27 16:04:20,Meeting _Social_Gathering_In_Person, In_Transit_Passive_Train/Bus/Plane,annotator,HIGH LEVEL BEHAVIOR,2022-02-27 05:40:46,2022-02-27 05:43:43
2022-02-27 16:04:20,2022-02-27 16:04:38,Meeting _Social_Gathering_In_Person, In_Transit_Passive_Train/Bus/Plane,annotator,HIGH LEVEL BEHAVIOR,2022-02-27 05:43:43,2022-02-27 05:44:01
2022-02-27 16:04:38,2022-02-27 16:09:19,Meeting _Social_Gathering_In_Person, In_Transit_Passive_Train/Bus/Plane,annotator,HIGH LEVEL BEHAVIOR,2022-02-27 05:44:01,2022-02-27 05:48:42
2022-02-27 16:09:19,2022-02-27 16:12:25,Meeting _Social_Gathering_In_Person, In_Transit_Passive_Train/Bus/Plane,annotator,HIGH LEVEL BEHAVIOR,2022-02-27 05:48:42,2022-02-27 05:51:48
2022-02-27 16:12:25,2022-02-27 16:12:40,Meeting _Social_Gathering_In_Person, In_Transit_Passive_Train/Bus/Plane,annotator,HIGH LEVEL BEHAVIOR,2022-02-27 05:51:48,2022-02-27 05:52:03
2022-02-27 16:12:40,2022-02-27 16:12:53,Meeting _Social_Gathering_In_Person, In_Transit_Active,annotator,HIGH LEVEL BEHAVIOR,2022-02-27 05:52:03,2022-02-27 05:52:16
2022-02-27 16:12:53,2022-02-27 16:13:30,Meeting _Social_Gathering_In_Person, In_Transit_Active,annotator,HIGH LEVEL BEHAVIOR,2022-02-27 05:52:16,2022-02-27 05:52:53
2022-02-27 16:13:30,2022-02-27 16:17:40,Meeting _Social_Gathering_In_Person, In_Transit_Active,annotator,HIGH LEVEL BEHAVIOR,2022-02-27 05:52:53,2022-02-27 05:57:03
2022-02-27 16:17:40,2022-02-27 16:17:56,Meeting _Social_Gathering_In_Person, In_Transit_Active,annotator,HIGH LEVEL BEHAVIOR,2022-02-27 05:57:03,2022-02-27 05:57:19
2022-02-27 16:17:56,2022-02-27 16:22:46,Meeting _Social_Gathering_In_Person, In_Transit_Active,annotator,HIGH LEVEL BEHAVIOR,2022-02-27 05:57:19,2022-02-27 06:02:09
2022-02-27 16:22:46,2022-02-27 16:24:17,In_Transit_Active,annotator,HIGH LEVEL BEHAVIOR,2022-02-27 06:02:09,2022-02-27 06:03:40
2022-02-27 16:24:17,2022-02-27 16:24:25,In_Transit_Active,annotator,HIGH LEVEL BEHAVIOR,2022-02-27 06:03:40,2022-02-27 06:03:48
2022-02-27 16:24:25,2022-02-27 16:24:41,In_Transit_Active,annotator,HIGH LEVEL BEHAVIOR,2022-02-27 06:03:48,2022-02-27 06:04:04
2022-02-27 16:24:41,2022-02-27 16:24:59,In_Transit_Active,annotator,HIGH LEVEL BEHAVIOR,2022-02-27 06:04:04,2022-02-27 06:04:22
2022-02-27 16:24:59,2022-02-27 16:25:48,In_Transit_Active,annotator,HIGH LEVEL BEHAVIOR,2022-02-27 06:04:22,2022-02-27 06:05:11
