START_TIME,STOP_TIME,PREDICTION,SOURCE,LABELSET,VIDEO_START_TIME,VIDEO_END_TIME
2022-02-18 08:04:29,2022-02-18 08:04:57,Free_Living,annotator,Experimental situation,2022-02-18 00:00:49,2022-02-18 00:01:17
2022-02-18 08:05:04,2022-02-18 08:05:30,Free_Living,annotator,Experimental situation,2022-02-18 00:01:24,2022-02-18 00:01:50
2022-02-18 08:05:30,2022-02-18 08:06:22,Free_Living,annotator,Experimental situation,2022-02-18 00:01:50,2022-02-18 00:02:42
2022-02-18 08:06:31,2022-02-18 08:06:56,Free_Living,annotator,Experimental situation,2022-02-18 00:02:51,2022-02-18 00:03:16
2022-02-18 08:06:57,2022-02-18 08:11:12,Free_Living,annotator,Experimental situation,2022-02-18 00:03:17,2022-02-18 00:07:32
2022-02-18 08:11:14,2022-02-18 08:26:15,Free_Living,annotator,Experimental situation,2022-02-18 00:07:34,2022-02-18 00:22:35
2022-02-18 08:26:16,2022-02-18 08:27:08,Free_Living,annotator,Experimental situation,2022-02-18 00:22:36,2022-02-18 00:23:28
2022-02-18 08:27:11,2022-02-18 08:30:32,Free_Living,annotator,Experimental situation,2022-02-18 00:23:31,2022-02-18 00:26:52
2022-02-18 08:30:35,2022-02-18 08:31:23,Free_Living,annotator,Experimental situation,2022-02-18 00:26:55,2022-02-18 00:27:43
2022-02-18 08:31:27,2022-02-18 08:36:17,Free_Living,annotator,Experimental situation,2022-02-18 00:27:47,2022-02-18 00:32:37
2022-02-18 08:36:20,2022-02-18 08:36:51,Free_Living,annotator,Experimental situation,2022-02-18 00:32:40,2022-02-18 00:33:11
2022-02-18 08:36:55,2022-02-18 08:43:03,Free_Living,annotator,Experimental situation,2022-02-18 00:33:15,2022-02-18 00:39:23
2022-02-18 08:43:11,2022-02-18 08:46:51,Free_Living,annotator,Experimental situation,2022-02-18 00:39:31,2022-02-18 00:43:11
2022-02-18 08:46:56,2022-02-18 08:48:44,Free_Living,annotator,Experimental situation,2022-02-18 00:43:16,2022-02-18 00:45:04
2022-02-18 08:48:47,2022-02-18 09:21:42,Free_Living,annotator,Experimental situation,2022-02-18 00:45:07,2022-02-18 01:18:02
2022-02-18 09:21:46,2022-02-18 09:21:51,Free_Living,annotator,Experimental situation,2022-02-18 01:18:06,2022-02-18 01:18:11
2022-02-18 09:21:53,2022-02-18 09:21:57,Free_Living,annotator,Experimental situation,2022-02-18 01:18:13,2022-02-18 01:18:17
2022-02-18 09:22:00,2022-02-18 09:22:10,Free_Living,annotator,Experimental situation,2022-02-18 01:18:20,2022-02-18 01:18:30
2022-02-18 09:22:12,2022-02-18 09:22:37,Free_Living,annotator,Experimental situation,2022-02-18 01:18:32,2022-02-18 01:18:57
2022-02-18 09:22:37,2022-02-18 09:23:10,Free_Living,annotator,Experimental situation,2022-02-18 01:18:57,2022-02-18 01:19:30
2022-02-18 09:23:10,2022-02-18 09:23:15,Free_Living,annotator,Experimental situation,2022-02-18 01:19:30,2022-02-18 01:19:35
2022-02-18 09:23:17,2022-02-18 09:24:10,Free_Living,annotator,Experimental situation,2022-02-18 01:19:37,2022-02-18 01:20:30
2022-02-18 09:24:11,2022-02-18 09:24:18,Free_Living,annotator,Experimental situation,2022-02-18 01:20:31,2022-02-18 01:20:38
2022-02-18 09:24:20,2022-02-18 09:24:56,Free_Living,annotator,Experimental situation,2022-02-18 01:20:40,2022-02-18 01:21:16
2022-02-18 09:24:59,2022-02-18 09:25:34,Free_Living,annotator,Experimental situation,2022-02-18 01:21:19,2022-02-18 01:21:54
2022-02-18 09:25:47,2022-02-18 09:27:09,Free_Living,annotator,Experimental situation,2022-02-18 01:22:07,2022-02-18 01:23:29
2022-02-18 09:27:13,2022-02-18 09:27:34,Free_Living,annotator,Experimental situation,2022-02-18 01:23:33,2022-02-18 01:23:54
2022-02-18 09:27:37,2022-02-18 09:29:37,Free_Living,annotator,Experimental situation,2022-02-18 01:23:57,2022-02-18 01:25:57
2022-02-18 09:29:42,2022-02-18 09:30:05,Free_Living,annotator,Experimental situation,2022-02-18 01:26:02,2022-02-18 01:26:25
2022-02-18 09:30:06,2022-02-18 09:30:32,Free_Living,annotator,Experimental situation,2022-02-18 01:26:26,2022-02-18 01:26:52
2022-02-18 09:30:33,2022-02-18 09:32:57,Free_Living,annotator,Experimental situation,2022-02-18 01:26:53,2022-02-18 01:29:17
2022-02-18 09:32:58,2022-02-18 09:33:10,Free_Living,annotator,Experimental situation,2022-02-18 01:29:18,2022-02-18 01:29:30
2022-02-18 09:33:11,2022-02-18 09:33:47,Free_Living,annotator,Experimental situation,2022-02-18 01:29:31,2022-02-18 01:30:07
2022-02-18 09:33:47,2022-02-18 09:34:08,Free_Living,annotator,Experimental situation,2022-02-18 01:30:07,2022-02-18 01:30:28
2022-02-18 09:34:09,2022-02-18 09:34:20,Free_Living,annotator,Experimental situation,2022-02-18 01:30:29,2022-02-18 01:30:40
2022-02-18 09:34:21,2022-02-18 09:35:11,Free_Living,annotator,Experimental situation,2022-02-18 01:30:41,2022-02-18 01:31:31
2022-02-18 09:35:14,2022-02-18 09:39:20,Free_Living,annotator,Experimental situation,2022-02-18 01:31:34,2022-02-18 01:35:40
2022-02-18 09:39:21,2022-02-18 09:39:29,Free_Living,annotator,Experimental situation,2022-02-18 01:35:41,2022-02-18 01:35:49
2022-02-18 09:39:29,2022-02-18 09:39:41,Free_Living,annotator,Experimental situation,2022-02-18 01:35:49,2022-02-18 01:36:01
2022-02-18 09:39:42,2022-02-18 09:40:00,Free_Living,annotator,Experimental situation,2022-02-18 01:36:02,2022-02-18 01:36:20
2022-02-18 09:40:05,2022-02-18 09:41:13,Free_Living,annotator,Experimental situation,2022-02-18 01:36:25,2022-02-18 01:37:33
2022-02-18 09:41:13,2022-02-18 09:44:23,Free_Living,annotator,Experimental situation,2022-02-18 01:37:33,2022-02-18 01:40:43
2022-02-18 09:44:27,2022-02-18 09:44:47,Free_Living,annotator,Experimental situation,2022-02-18 01:40:47,2022-02-18 01:41:07
2022-02-18 09:44:50,2022-02-18 09:45:03,Free_Living,annotator,Experimental situation,2022-02-18 01:41:10,2022-02-18 01:41:23
2022-02-18 09:45:07,2022-02-18 09:54:20,Free_Living,annotator,Experimental situation,2022-02-18 01:41:27,2022-02-18 01:50:40
2022-02-18 09:54:21,2022-02-18 09:54:41,Free_Living,annotator,Experimental situation,2022-02-18 01:50:41,2022-02-18 01:51:01
2022-02-18 09:54:42,2022-02-18 10:32:51,Free_Living,annotator,Experimental situation,2022-02-18 01:51:02,2022-02-18 02:29:11
2022-02-18 10:32:51,2022-02-18 10:33:33,Free_Living,annotator,Experimental situation,2022-02-18 02:29:11,2022-02-18 02:29:53
2022-02-18 10:33:36,2022-02-18 10:42:27,Free_Living,annotator,Experimental situation,2022-02-18 02:29:56,2022-02-18 02:38:47
2022-02-18 10:42:27,2022-02-18 10:42:52,Free_Living,annotator,Experimental situation,2022-02-18 02:38:47,2022-02-18 02:39:12
2022-02-18 10:42:53,2022-02-18 10:59:51,Free_Living,annotator,Experimental situation,2022-02-18 02:39:13,2022-02-18 02:56:11
2022-02-18 10:59:51,2022-02-18 11:00:30,Free_Living,annotator,Experimental situation,2022-02-18 02:56:11,2022-02-18 02:56:50
2022-02-18 11:00:34,2022-02-18 11:09:58,Free_Living,annotator,Experimental situation,2022-02-18 02:56:54,2022-02-18 03:06:18
2022-02-18 11:09:58,2022-02-18 11:11:19,Free_Living,annotator,Experimental situation,2022-02-18 03:06:18,2022-02-18 03:07:39
2022-02-18 11:11:37,2022-02-18 11:11:43,Free_Living,annotator,Experimental situation,2022-02-18 03:07:57,2022-02-18 03:08:03
2022-02-18 11:11:44,2022-02-18 11:12:32,Free_Living,annotator,Experimental situation,2022-02-18 03:08:04,2022-02-18 03:08:52
2022-02-18 11:12:33,2022-02-18 11:12:38,Free_Living,annotator,Experimental situation,2022-02-18 03:08:53,2022-02-18 03:08:58
2022-02-18 11:12:42,2022-02-18 11:15:01,Free_Living,annotator,Experimental situation,2022-02-18 03:09:02,2022-02-18 03:11:21
2022-02-18 11:15:02,2022-02-18 11:15:44,Free_Living,annotator,Experimental situation,2022-02-18 03:11:22,2022-02-18 03:12:04
2022-02-18 11:15:50,2022-02-18 11:17:41,Free_Living,annotator,Experimental situation,2022-02-18 03:12:10,2022-02-18 03:14:01
2022-02-18 11:17:46,2022-02-18 11:17:55,Free_Living,annotator,Experimental situation,2022-02-18 03:14:06,2022-02-18 03:14:15
2022-02-18 11:17:56,2022-02-18 11:19:15,Free_Living,annotator,Experimental situation,2022-02-18 03:14:16,2022-02-18 03:15:35
2022-02-18 11:19:19,2022-02-18 11:20:04,Free_Living,annotator,Experimental situation,2022-02-18 03:15:39,2022-02-18 03:16:24
2022-02-18 11:20:05,2022-02-18 11:20:22,Free_Living,annotator,Experimental situation,2022-02-18 03:16:25,2022-02-18 03:16:42
2022-02-18 11:20:23,2022-02-18 11:21:44,Free_Living,annotator,Experimental situation,2022-02-18 03:16:43,2022-02-18 03:18:04
2022-02-18 11:21:46,2022-02-18 11:22:10,Free_Living,annotator,Experimental situation,2022-02-18 03:18:06,2022-02-18 03:18:30
2022-02-18 11:22:10,2022-02-18 11:22:24,Free_Living,annotator,Experimental situation,2022-02-18 03:18:30,2022-02-18 03:18:44
2022-02-18 11:22:24,2022-02-18 11:22:33,Free_Living,annotator,Experimental situation,2022-02-18 03:18:44,2022-02-18 03:18:53
2022-02-18 11:22:34,2022-02-18 11:22:46,Free_Living,annotator,Experimental situation,2022-02-18 03:18:54,2022-02-18 03:19:06
2022-02-18 11:22:47,2022-02-18 11:30:39,Free_Living,annotator,Experimental situation,2022-02-18 03:19:07,2022-02-18 03:26:59
2022-02-18 11:30:43,2022-02-18 11:31:46,Free_Living,annotator,Experimental situation,2022-02-18 03:27:03,2022-02-18 03:28:06
2022-02-18 11:31:47,2022-02-18 11:36:16,Free_Living,annotator,Experimental situation,2022-02-18 03:28:07,2022-02-18 03:32:36
2022-02-18 11:36:16,2022-02-18 11:36:42,Free_Living,annotator,Experimental situation,2022-02-18 03:32:36,2022-02-18 03:33:02
2022-02-18 11:36:44,2022-02-18 11:37:08,Free_Living,annotator,Experimental situation,2022-02-18 03:33:04,2022-02-18 03:33:28
2022-02-18 11:37:08,2022-02-18 11:37:38,Free_Living,annotator,Experimental situation,2022-02-18 03:33:28,2022-02-18 03:33:58
2022-02-18 11:37:39,2022-02-18 11:38:52,Free_Living,annotator,Experimental situation,2022-02-18 03:33:59,2022-02-18 03:35:12
2022-02-18 11:38:52,2022-02-18 11:39:40,Free_Living,annotator,Experimental situation,2022-02-18 03:35:12,2022-02-18 03:36:00
2022-02-18 11:39:41,2022-02-18 11:39:55,Free_Living,annotator,Experimental situation,2022-02-18 03:36:01,2022-02-18 03:36:15
2022-02-18 11:39:55,2022-02-18 11:40:09,Free_Living,annotator,Experimental situation,2022-02-18 03:36:15,2022-02-18 03:36:29
2022-02-18 11:40:10,2022-02-18 11:41:00,Free_Living,annotator,Experimental situation,2022-02-18 03:36:30,2022-02-18 03:37:20
2022-02-18 11:41:00,2022-02-18 11:42:07,Free_Living,annotator,Experimental situation,2022-02-18 03:37:20,2022-02-18 03:38:27
2022-02-18 11:42:08,2022-02-18 11:42:25,Free_Living,annotator,Experimental situation,2022-02-18 03:38:28,2022-02-18 03:38:45
2022-02-18 11:42:26,2022-02-18 11:43:48,Free_Living,annotator,Experimental situation,2022-02-18 03:38:46,2022-02-18 03:40:08
2022-02-18 11:43:48,2022-02-18 11:44:10,Free_Living,annotator,Experimental situation,2022-02-18 03:40:08,2022-02-18 03:40:30
2022-02-18 11:44:12,2022-02-18 11:46:32,Free_Living,annotator,Experimental situation,2022-02-18 03:40:32,2022-02-18 03:42:52
2022-02-18 11:46:32,2022-02-18 11:46:42,Free_Living,annotator,Experimental situation,2022-02-18 03:42:52,2022-02-18 03:43:02
2022-02-18 11:46:44,2022-02-18 11:47:24,Free_Living,annotator,Experimental situation,2022-02-18 03:43:04,2022-02-18 03:43:44
2022-02-18 11:47:26,2022-02-18 11:47:35,Free_Living,annotator,Experimental situation,2022-02-18 03:43:46,2022-02-18 03:43:55
2022-02-18 11:47:36,2022-02-18 11:48:54,Free_Living,annotator,Experimental situation,2022-02-18 03:43:56,2022-02-18 03:45:14
2022-02-18 11:48:57,2022-02-18 11:49:39,Free_Living,annotator,Experimental situation,2022-02-18 03:45:17,2022-02-18 03:45:59
2022-02-18 11:49:40,2022-02-18 11:50:27,Free_Living,annotator,Experimental situation,2022-02-18 03:46:00,2022-02-18 03:46:47
2022-02-18 11:50:30,2022-02-18 11:50:44,Free_Living,annotator,Experimental situation,2022-02-18 03:46:50,2022-02-18 03:47:04
2022-02-18 11:50:49,2022-02-18 11:54:04,Free_Living,annotator,Experimental situation,2022-02-18 03:47:09,2022-02-18 03:50:24
2022-02-18 11:54:05,2022-02-18 11:54:28,Free_Living,annotator,Experimental situation,2022-02-18 03:50:25,2022-02-18 03:50:48
2022-02-18 11:54:28,2022-02-18 11:54:50,Free_Living,annotator,Experimental situation,2022-02-18 03:50:48,2022-02-18 03:51:10
2022-02-18 11:54:51,2022-02-18 11:55:16,Free_Living,annotator,Experimental situation,2022-02-18 03:51:11,2022-02-18 03:51:36
2022-02-18 11:55:16,2022-02-18 11:59:17,Free_Living,annotator,Experimental situation,2022-02-18 03:51:36,2022-02-18 03:55:37
2022-02-18 11:59:19,2022-02-18 11:59:29,Free_Living,annotator,Experimental situation,2022-02-18 03:55:39,2022-02-18 03:55:49
2022-02-18 11:59:33,2022-02-18 11:59:49,Free_Living,annotator,Experimental situation,2022-02-18 03:55:53,2022-02-18 03:56:09
2022-02-18 11:59:50,2022-02-18 12:00:34,Free_Living,annotator,Experimental situation,2022-02-18 03:56:10,2022-02-18 03:56:54
2022-02-18 12:00:35,2022-02-18 12:01:53,Free_Living,annotator,Experimental situation,2022-02-18 03:56:55,2022-02-18 03:58:13
2022-02-18 12:01:54,2022-02-18 12:02:11,Free_Living,annotator,Experimental situation,2022-02-18 03:58:14,2022-02-18 03:58:31
2022-02-18 12:02:18,2022-02-18 12:02:41,Free_Living,annotator,Experimental situation,2022-02-18 03:58:38,2022-02-18 03:59:01
2022-02-18 12:02:42,2022-02-18 12:04:52,Free_Living,annotator,Experimental situation,2022-02-18 03:59:02,2022-02-18 04:01:12
2022-02-18 12:04:54,2022-02-18 12:06:54,Free_Living,annotator,Experimental situation,2022-02-18 04:01:14,2022-02-18 04:03:14
2022-02-18 12:06:54,2022-02-18 12:07:23,Free_Living,annotator,Experimental situation,2022-02-18 04:03:14,2022-02-18 04:03:43
2022-02-18 12:07:23,2022-02-18 12:07:50,Free_Living,annotator,Experimental situation,2022-02-18 04:03:43,2022-02-18 04:04:10
2022-02-18 12:07:51,2022-02-18 12:07:58,Free_Living,annotator,Experimental situation,2022-02-18 04:04:11,2022-02-18 04:04:18
2022-02-18 12:07:59,2022-02-18 12:09:18,Free_Living,annotator,Experimental situation,2022-02-18 04:04:19,2022-02-18 04:05:38
2022-02-18 12:09:18,2022-02-18 12:12:31,Free_Living,annotator,Experimental situation,2022-02-18 04:05:38,2022-02-18 04:08:51
2022-02-18 12:12:32,2022-02-18 12:18:42,Free_Living,annotator,Experimental situation,2022-02-18 04:08:52,2022-02-18 04:15:02
2022-02-18 12:18:47,2022-02-18 12:19:08,Free_Living,annotator,Experimental situation,2022-02-18 04:15:07,2022-02-18 04:15:28
2022-02-18 12:19:08,2022-02-18 12:19:40,Free_Living,annotator,Experimental situation,2022-02-18 04:15:28,2022-02-18 04:16:00
2022-02-18 12:19:40,2022-02-18 12:20:48,Free_Living,annotator,Experimental situation,2022-02-18 04:16:00,2022-02-18 04:17:08
2022-02-18 12:20:48,2022-02-18 12:20:53,Free_Living,annotator,Experimental situation,2022-02-18 04:17:08,2022-02-18 04:17:13
2022-02-18 12:20:53,2022-02-18 12:21:01,Free_Living,annotator,Experimental situation,2022-02-18 04:17:13,2022-02-18 04:17:21
2022-02-18 12:21:01,2022-02-18 12:21:23,Free_Living,annotator,Experimental situation,2022-02-18 04:17:21,2022-02-18 04:17:43
2022-02-18 12:21:23,2022-02-18 12:21:33,Free_Living,annotator,Experimental situation,2022-02-18 04:17:43,2022-02-18 04:17:53
2022-02-18 12:21:33,2022-02-18 12:21:45,Free_Living,annotator,Experimental situation,2022-02-18 04:17:53,2022-02-18 04:18:05
2022-02-18 12:21:45,2022-02-18 12:21:49,Free_Living,annotator,Experimental situation,2022-02-18 04:18:05,2022-02-18 04:18:09
2022-02-18 12:21:49,2022-02-18 12:22:00,Free_Living,annotator,Experimental situation,2022-02-18 04:18:09,2022-02-18 04:18:20
2022-02-18 12:22:00,2022-02-18 12:22:08,Free_Living,annotator,Experimental situation,2022-02-18 04:18:20,2022-02-18 04:18:28
2022-02-18 12:22:08,2022-02-18 12:22:28,Free_Living,annotator,Experimental situation,2022-02-18 04:18:28,2022-02-18 04:18:48
2022-02-18 12:22:32,2022-02-18 12:23:10,Free_Living,annotator,Experimental situation,2022-02-18 04:18:52,2022-02-18 04:19:30
2022-02-18 12:23:10,2022-02-18 12:29:40,ES_VideoUnavailable/Indecipherable,annotator,Experimental situation,2022-02-18 04:19:30,2022-02-18 04:26:00
2022-02-18 12:29:40,2022-02-18 12:29:50,Free_Living,annotator,Experimental situation,2022-02-18 04:26:00,2022-02-18 04:26:10
2022-02-18 12:29:58,2022-02-18 12:30:15,Free_Living,annotator,Experimental situation,2022-02-18 04:26:18,2022-02-18 04:26:35
2022-02-18 12:30:15,2022-02-18 12:30:26,Free_Living,annotator,Experimental situation,2022-02-18 04:26:35,2022-02-18 04:26:46
2022-02-18 12:30:32,2022-02-18 12:30:41,Free_Living,annotator,Experimental situation,2022-02-18 04:26:52,2022-02-18 04:27:01
2022-02-18 12:30:41,2022-02-18 12:30:44,Free_Living,annotator,Experimental situation,2022-02-18 04:27:01,2022-02-18 04:27:04
2022-02-18 12:30:45,2022-02-18 12:31:17,Free_Living,annotator,Experimental situation,2022-02-18 04:27:05,2022-02-18 04:27:37
2022-02-18 12:31:17,2022-02-18 12:31:21,Free_Living,annotator,Experimental situation,2022-02-18 04:27:37,2022-02-18 04:27:41
2022-02-18 12:31:22,2022-02-18 12:31:27,Free_Living,annotator,Experimental situation,2022-02-18 04:27:42,2022-02-18 04:27:47
2022-02-18 12:31:31,2022-02-18 12:32:36,Free_Living,annotator,Experimental situation,2022-02-18 04:27:51,2022-02-18 04:28:56
2022-02-18 12:32:36,2022-02-18 12:32:43,Free_Living,annotator,Experimental situation,2022-02-18 04:28:56,2022-02-18 04:29:03
2022-02-18 12:32:43,2022-02-18 12:33:06,Free_Living,annotator,Experimental situation,2022-02-18 04:29:03,2022-02-18 04:29:26
2022-02-18 12:33:06,2022-02-18 12:33:54,Free_Living,annotator,Experimental situation,2022-02-18 04:29:26,2022-02-18 04:30:14
2022-02-18 12:33:54,2022-02-18 12:34:58,Free_Living,annotator,Experimental situation,2022-02-18 04:30:14,2022-02-18 04:31:18
2022-02-18 12:34:58,2022-02-18 12:35:15,Free_Living,annotator,Experimental situation,2022-02-18 04:31:18,2022-02-18 04:31:35
2022-02-18 12:35:15,2022-02-18 12:36:43,Free_Living,annotator,Experimental situation,2022-02-18 04:31:35,2022-02-18 04:33:03
2022-02-18 12:36:43,2022-02-18 12:36:54,Free_Living,annotator,Experimental situation,2022-02-18 04:33:03,2022-02-18 04:33:14
2022-02-18 12:36:54,2022-02-18 12:38:29,Free_Living,annotator,Experimental situation,2022-02-18 04:33:14,2022-02-18 04:34:49
2022-02-18 12:38:29,2022-02-18 12:38:38,Free_Living,annotator,Experimental situation,2022-02-18 04:34:49,2022-02-18 04:34:58
2022-02-18 12:38:38,2022-02-18 12:39:14,Free_Living,annotator,Experimental situation,2022-02-18 04:34:58,2022-02-18 04:35:34
2022-02-18 12:39:16,2022-02-18 12:41:03,Free_Living,annotator,Experimental situation,2022-02-18 04:35:36,2022-02-18 04:37:23
2022-02-18 12:41:03,2022-02-18 12:41:16,Free_Living,annotator,Experimental situation,2022-02-18 04:37:23,2022-02-18 04:37:36
2022-02-18 12:41:16,2022-02-18 12:41:42,Free_Living,annotator,Experimental situation,2022-02-18 04:37:36,2022-02-18 04:38:02
2022-02-18 12:41:42,2022-02-18 12:42:05,Free_Living,annotator,Experimental situation,2022-02-18 04:38:02,2022-02-18 04:38:25
2022-02-18 12:42:05,2022-02-18 12:43:51,Free_Living,annotator,Experimental situation,2022-02-18 04:38:25,2022-02-18 04:40:11
2022-02-18 12:43:58,2022-02-18 12:44:38,Free_Living,annotator,Experimental situation,2022-02-18 04:40:18,2022-02-18 04:40:58
2022-02-18 12:44:38,2022-02-18 12:45:07,Free_Living,annotator,Experimental situation,2022-02-18 04:40:58,2022-02-18 04:41:27
2022-02-18 12:45:14,2022-02-18 12:45:21,Free_Living,annotator,Experimental situation,2022-02-18 04:41:34,2022-02-18 04:41:41
2022-02-18 12:45:23,2022-02-18 12:46:36,Free_Living,annotator,Experimental situation,2022-02-18 04:41:43,2022-02-18 04:42:56
2022-02-18 12:46:36,2022-02-18 12:47:01,Free_Living,annotator,Experimental situation,2022-02-18 04:42:56,2022-02-18 04:43:21
2022-02-18 12:47:01,2022-02-18 12:47:09,Free_Living,annotator,Experimental situation,2022-02-18 04:43:21,2022-02-18 04:43:29
2022-02-18 12:47:09,2022-02-18 12:47:47,Free_Living,annotator,Experimental situation,2022-02-18 04:43:29,2022-02-18 04:44:07
2022-02-18 12:47:47,2022-02-18 12:51:27,Free_Living,annotator,Experimental situation,2022-02-18 04:44:07,2022-02-18 04:47:47
2022-02-18 12:51:27,2022-02-18 12:51:37,Free_Living,annotator,Experimental situation,2022-02-18 04:47:47,2022-02-18 04:47:57
2022-02-18 12:51:37,2022-02-18 12:52:33,Free_Living,annotator,Experimental situation,2022-02-18 04:47:57,2022-02-18 04:48:53
2022-02-18 12:52:33,2022-02-18 12:53:12,Free_Living,annotator,Experimental situation,2022-02-18 04:48:53,2022-02-18 04:49:32
2022-02-18 12:53:12,2022-02-18 12:53:29,Free_Living,annotator,Experimental situation,2022-02-18 04:49:32,2022-02-18 04:49:49
2022-02-18 12:53:29,2022-02-18 12:54:07,Free_Living,annotator,Experimental situation,2022-02-18 04:49:49,2022-02-18 04:50:27
2022-02-18 12:54:07,2022-02-18 12:55:50,Free_Living,annotator,Experimental situation,2022-02-18 04:50:27,2022-02-18 04:52:10
2022-02-18 12:55:50,2022-02-18 12:56:14,Free_Living,annotator,Experimental situation,2022-02-18 04:52:10,2022-02-18 04:52:34
2022-02-18 12:56:14,2022-02-18 12:58:05,Free_Living,annotator,Experimental situation,2022-02-18 04:52:34,2022-02-18 04:54:25
2022-02-18 12:58:05,2022-02-18 12:58:28,Free_Living,annotator,Experimental situation,2022-02-18 04:54:25,2022-02-18 04:54:48
2022-02-18 12:58:28,2022-02-18 13:06:27,Free_Living,annotator,Experimental situation,2022-02-18 04:54:48,2022-02-18 05:02:47
2022-02-18 13:06:27,2022-02-18 13:06:37,Free_Living,annotator,Experimental situation,2022-02-18 05:02:47,2022-02-18 05:02:57
2022-02-18 13:06:49,2022-02-18 13:11:22,Free_Living,annotator,Experimental situation,2022-02-18 05:03:09,2022-02-18 05:07:42
2022-02-18 13:11:25,2022-02-18 13:12:52,Free_Living,annotator,Experimental situation,2022-02-18 05:07:45,2022-02-18 05:09:12
2022-02-18 13:12:52,2022-02-18 13:13:03,Free_Living,annotator,Experimental situation,2022-02-18 05:09:12,2022-02-18 05:09:23
2022-02-18 13:13:41,2022-02-18 13:18:24,Free_Living,annotator,Experimental situation,2022-02-18 05:10:01,2022-02-18 05:14:44
2022-02-18 13:18:24,2022-02-18 13:18:31,Free_Living,annotator,Experimental situation,2022-02-18 05:14:44,2022-02-18 05:14:51
2022-02-18 13:18:31,2022-02-18 13:40:46,Free_Living,annotator,Experimental situation,2022-02-18 05:14:51,2022-02-18 05:37:06
2022-02-18 13:40:49,2022-02-18 13:41:47,Free_Living,annotator,Experimental situation,2022-02-18 05:37:09,2022-02-18 05:38:07
2022-02-18 13:41:47,2022-02-18 13:43:51,Free_Living,annotator,Experimental situation,2022-02-18 05:38:07,2022-02-18 05:40:11
2022-02-18 13:43:51,2022-02-18 13:44:01,Free_Living,annotator,Experimental situation,2022-02-18 05:40:11,2022-02-18 05:40:21
2022-02-18 13:44:01,2022-02-18 13:52:07,Free_Living,annotator,Experimental situation,2022-02-18 05:40:21,2022-02-18 05:48:27
2022-02-18 13:52:14,2022-02-18 13:52:29,Free_Living,annotator,Experimental situation,2022-02-18 05:48:34,2022-02-18 05:48:49
2022-02-18 13:52:29,2022-02-18 13:56:43,Free_Living,annotator,Experimental situation,2022-02-18 05:48:49,2022-02-18 05:53:03
2022-02-18 13:56:43,2022-02-18 13:56:51,Free_Living,annotator,Experimental situation,2022-02-18 05:53:03,2022-02-18 05:53:11
2022-02-18 13:56:51,2022-02-18 13:58:33,Free_Living,annotator,Experimental situation,2022-02-18 05:53:11,2022-02-18 05:54:53
2022-02-18 13:58:33,2022-02-18 13:58:42,Free_Living,annotator,Experimental situation,2022-02-18 05:54:53,2022-02-18 05:55:02
2022-02-18 13:58:42,2022-02-18 13:59:48,Free_Living,annotator,Experimental situation,2022-02-18 05:55:02,2022-02-18 05:56:08
2022-02-18 13:59:48,2022-02-18 14:03:59,Free_Living,annotator,Experimental situation,2022-02-18 05:56:08,2022-02-18 06:00:19
2022-02-18 14:04:01,2022-02-18 14:04:28,Free_Living,annotator,Experimental situation,2022-02-18 06:00:21,2022-02-18 06:00:48
2022-02-18 14:04:28,2022-02-18 14:05:06,Free_Living,annotator,Experimental situation,2022-02-18 06:00:48,2022-02-18 06:01:26
2022-02-18 14:05:12,2022-02-18 14:05:29,Free_Living,annotator,Experimental situation,2022-02-18 06:01:32,2022-02-18 06:01:49
2022-02-18 14:05:33,2022-02-18 14:33:59,Free_Living,annotator,Experimental situation,2022-02-18 06:01:53,2022-02-18 06:30:19
2022-02-18 14:33:59,2022-02-18 14:34:12,Free_Living,annotator,Experimental situation,2022-02-18 06:30:19,2022-02-18 06:30:32
2022-02-18 14:34:12,2022-02-18 14:36:04,Free_Living,annotator,Experimental situation,2022-02-18 06:30:32,2022-02-18 06:32:24
2022-02-18 14:36:04,2022-02-18 14:36:11,Free_Living,annotator,Experimental situation,2022-02-18 06:32:24,2022-02-18 06:32:31
2022-02-18 14:36:11,2022-02-18 14:36:43,Free_Living,annotator,Experimental situation,2022-02-18 06:32:31,2022-02-18 06:33:03
2022-02-18 14:36:43,2022-02-18 14:55:26,Free_Living,annotator,Experimental situation,2022-02-18 06:33:03,2022-02-18 06:51:46
2022-02-18 14:55:38,2022-02-18 14:58:36,Free_Living,annotator,Experimental situation,2022-02-18 06:51:58,2022-02-18 06:54:56
2022-02-18 14:58:36,2022-02-18 15:00:20,Free_Living,annotator,Experimental situation,2022-02-18 06:54:56,2022-02-18 06:56:40
2022-02-18 15:00:20,2022-02-18 15:01:09,Free_Living,annotator,Experimental situation,2022-02-18 06:56:40,2022-02-18 06:57:29
2022-02-18 15:01:09,2022-02-18 15:01:47,Free_Living,annotator,Experimental situation,2022-02-18 06:57:29,2022-02-18 06:58:07
2022-02-18 15:01:47,2022-02-18 15:02:58,Free_Living,annotator,Experimental situation,2022-02-18 06:58:07,2022-02-18 06:59:18
2022-02-18 15:03:03,2022-02-18 15:03:37,Free_Living,annotator,Experimental situation,2022-02-18 06:59:23,2022-02-18 06:59:57
2022-02-18 15:03:39,2022-02-18 15:04:54,Free_Living,annotator,Experimental situation,2022-02-18 06:59:59,2022-02-18 07:01:14
2022-02-18 15:04:54,2022-02-18 15:05:05,Free_Living,annotator,Experimental situation,2022-02-18 07:01:14,2022-02-18 07:01:25
2022-02-18 15:05:05,2022-02-18 15:05:48,Free_Living,annotator,Experimental situation,2022-02-18 07:01:25,2022-02-18 07:02:08
2022-02-18 15:05:48,2022-02-18 15:05:55,Free_Living,annotator,Experimental situation,2022-02-18 07:02:08,2022-02-18 07:02:15
2022-02-18 15:05:55,2022-02-18 15:07:08,Free_Living,annotator,Experimental situation,2022-02-18 07:02:15,2022-02-18 07:03:28
2022-02-18 15:07:18,2022-02-18 15:07:51,Free_Living,annotator,Experimental situation,2022-02-18 07:03:38,2022-02-18 07:04:11
2022-02-18 15:07:51,2022-02-18 15:08:04,Free_Living,annotator,Experimental situation,2022-02-18 07:04:11,2022-02-18 07:04:24
2022-02-18 15:08:04,2022-02-18 15:16:32,Free_Living,annotator,Experimental situation,2022-02-18 07:04:24,2022-02-18 07:12:52
2022-02-18 15:16:32,2022-02-18 15:17:27,Free_Living,annotator,Experimental situation,2022-02-18 07:12:52,2022-02-18 07:13:47
2022-02-18 15:17:27,2022-02-18 15:19:07,Free_Living,annotator,Experimental situation,2022-02-18 07:13:47,2022-02-18 07:15:27
2022-02-18 15:19:07,2022-02-18 15:22:44,Free_Living,annotator,Experimental situation,2022-02-18 07:15:27,2022-02-18 07:19:04
2022-02-18 15:22:44,2022-02-18 15:23:12,Free_Living,annotator,Experimental situation,2022-02-18 07:19:04,2022-02-18 07:19:32
2022-02-18 15:23:12,2022-02-18 15:24:07,Free_Living,annotator,Experimental situation,2022-02-18 07:19:32,2022-02-18 07:20:27
2022-02-18 15:24:07,2022-02-18 15:24:14,Free_Living,annotator,Experimental situation,2022-02-18 07:20:27,2022-02-18 07:20:34
2022-02-18 15:24:14,2022-02-18 15:34:25,Free_Living,annotator,Experimental situation,2022-02-18 07:20:34,2022-02-18 07:30:45
2022-02-18 15:34:27,2022-02-18 15:38:42,Free_Living,annotator,Experimental situation,2022-02-18 07:30:47,2022-02-18 07:35:02
2022-02-18 15:38:42,2022-02-18 15:38:58,Free_Living,annotator,Experimental situation,2022-02-18 07:35:02,2022-02-18 07:35:18
2022-02-18 15:38:58,2022-02-18 15:40:40,Free_Living,annotator,Experimental situation,2022-02-18 07:35:18,2022-02-18 07:37:00
2022-02-18 15:40:40,2022-02-18 15:41:11,Free_Living,annotator,Experimental situation,2022-02-18 07:37:00,2022-02-18 07:37:31
2022-02-18 15:41:11,2022-02-18 15:41:48,Free_Living,annotator,Experimental situation,2022-02-18 07:37:31,2022-02-18 07:38:08
2022-02-18 15:41:48,2022-02-18 15:41:59,Free_Living,annotator,Experimental situation,2022-02-18 07:38:08,2022-02-18 07:38:19
2022-02-18 15:41:59,2022-02-18 15:43:18,Free_Living,annotator,Experimental situation,2022-02-18 07:38:19,2022-02-18 07:39:38
2022-02-18 15:43:18,2022-02-18 15:43:45,Free_Living,annotator,Experimental situation,2022-02-18 07:39:38,2022-02-18 07:40:05
2022-02-18 15:43:45,2022-02-18 15:44:16,Free_Living,annotator,Experimental situation,2022-02-18 07:40:05,2022-02-18 07:40:36
2022-02-18 15:44:16,2022-02-18 15:46:12,Free_Living,annotator,Experimental situation,2022-02-18 07:40:36,2022-02-18 07:42:32
2022-02-18 15:46:12,2022-02-18 15:46:37,Free_Living,annotator,Experimental situation,2022-02-18 07:42:32,2022-02-18 07:42:57
2022-02-18 15:46:37,2022-02-18 15:47:30,Free_Living,annotator,Experimental situation,2022-02-18 07:42:57,2022-02-18 07:43:50
2022-02-18 15:47:30,2022-02-18 15:48:10,Free_Living,annotator,Experimental situation,2022-02-18 07:43:50,2022-02-18 07:44:30
2022-02-18 15:48:10,2022-02-18 15:50:03,Free_Living,annotator,Experimental situation,2022-02-18 07:44:30,2022-02-18 07:46:23
2022-02-18 15:50:14,2022-02-18 15:51:09,Free_Living,annotator,Experimental situation,2022-02-18 07:46:34,2022-02-18 07:47:29
2022-02-18 15:51:09,2022-02-18 15:53:57,Free_Living,annotator,Experimental situation,2022-02-18 07:47:29,2022-02-18 07:50:17
2022-02-18 15:53:57,2022-02-18 15:54:26,Free_Living,annotator,Experimental situation,2022-02-18 07:50:17,2022-02-18 07:50:46
2022-02-18 15:54:26,2022-02-18 15:59:22,Free_Living,annotator,Experimental situation,2022-02-18 07:50:46,2022-02-18 07:55:42
2022-02-18 15:59:25,2022-02-18 15:59:31,Free_Living,annotator,Experimental situation,2022-02-18 07:55:45,2022-02-18 07:55:51
2022-02-18 15:59:31,2022-02-18 15:59:45,Free_Living,annotator,Experimental situation,2022-02-18 07:55:51,2022-02-18 07:56:05
2022-02-18 15:59:45,2022-02-18 16:00:48,Free_Living,annotator,Experimental situation,2022-02-18 07:56:05,2022-02-18 07:57:08
2022-02-18 16:00:48,2022-02-18 16:01:16,Free_Living,annotator,Experimental situation,2022-02-18 07:57:08,2022-02-18 07:57:36
2022-02-18 16:01:16,2022-02-18 16:01:26,Free_Living,annotator,Experimental situation,2022-02-18 07:57:36,2022-02-18 07:57:46
2022-02-18 16:01:26,2022-02-18 16:02:01,Free_Living,annotator,Experimental situation,2022-02-18 07:57:46,2022-02-18 07:58:21
2022-02-18 16:02:01,2022-02-18 16:02:19,Free_Living,annotator,Experimental situation,2022-02-18 07:58:21,2022-02-18 07:58:39
2022-02-18 16:02:24,2022-02-18 16:02:24,ES_Other,annotator,Experimental situation,2022-02-18 07:58:44,2022-02-18 07:58:44
2022-02-18 16:02:27,2022-02-18 16:03:24,Free_Living,annotator,Experimental situation,2022-02-18 07:58:47,2022-02-18 07:59:44
2022-02-18 16:03:24,2022-02-18 16:16:39,Free_Living,annotator,Experimental situation,2022-02-18 07:59:44,2022-02-18 08:12:59
2022-02-18 16:16:39,2022-02-18 16:25:04,Free_Living,annotator,Experimental situation,2022-02-18 08:12:59,2022-02-18 08:21:24
2022-02-18 16:25:04,2022-02-18 16:27:04,Free_Living,annotator,Experimental situation,2022-02-18 08:21:24,2022-02-18 08:23:24
2022-02-18 16:27:04,2022-02-18 16:27:32,Free_Living,annotator,Experimental situation,2022-02-18 08:23:24,2022-02-18 08:23:52
2022-02-18 16:27:36,2022-02-18 16:28:16,Free_Living,annotator,Experimental situation,2022-02-18 08:23:56,2022-02-18 08:24:36
2022-02-18 16:28:16,2022-02-18 16:29:03,Free_Living,annotator,Experimental situation,2022-02-18 08:24:36,2022-02-18 08:25:23
2022-02-18 16:29:24,2022-02-18 16:31:05,Free_Living,annotator,Experimental situation,2022-02-18 08:25:44,2022-02-18 08:27:25
2022-02-18 16:31:06,2022-02-18 16:40:27,Free_Living,annotator,Experimental situation,2022-02-18 08:27:26,2022-02-18 08:36:47
2022-02-18 16:40:27,2022-02-18 17:09:02,Free_Living,annotator,Experimental situation,2022-02-18 08:36:47,2022-02-18 09:05:22
2022-02-18 17:09:02,2022-02-18 17:13:01,Free_Living,annotator,Experimental situation,2022-02-18 09:05:22,2022-02-18 09:09:21
2022-02-18 17:13:01,2022-02-18 17:18:13,Free_Living,annotator,Experimental situation,2022-02-18 09:09:21,2022-02-18 09:14:33
2022-02-18 17:18:13,2022-02-18 17:18:23,Free_Living,annotator,Experimental situation,2022-02-18 09:14:33,2022-02-18 09:14:43
2022-02-18 17:18:23,2022-02-18 17:18:35,Free_Living,annotator,Experimental situation,2022-02-18 09:14:43,2022-02-18 09:14:55
2022-02-18 17:18:36,2022-02-18 17:19:05,Free_Living,annotator,Experimental situation,2022-02-18 09:14:56,2022-02-18 09:15:25
2022-02-18 17:19:05,2022-02-18 17:19:21,Free_Living,annotator,Experimental situation,2022-02-18 09:15:25,2022-02-18 09:15:41
2022-02-18 17:19:21,2022-02-18 17:19:54,Free_Living,annotator,Experimental situation,2022-02-18 09:15:41,2022-02-18 09:16:14
2022-02-18 17:19:54,2022-02-18 17:26:15,Free_Living,annotator,Experimental situation,2022-02-18 09:16:14,2022-02-18 09:22:35
2022-02-18 17:26:15,2022-02-18 17:29:12,Free_Living,annotator,Experimental situation,2022-02-18 09:22:35,2022-02-18 09:25:32
2022-02-18 17:29:13,2022-02-18 17:29:50,Free_Living,annotator,Experimental situation,2022-02-18 09:25:33,2022-02-18 09:26:10
2022-02-18 17:29:50,2022-02-18 17:31:41,Free_Living,annotator,Experimental situation,2022-02-18 09:26:10,2022-02-18 09:28:01
2022-02-18 17:31:41,2022-02-18 17:32:42,Free_Living,annotator,Experimental situation,2022-02-18 09:28:01,2022-02-18 09:29:02
2022-02-18 17:32:42,2022-02-18 17:35:36,Free_Living,annotator,Experimental situation,2022-02-18 09:29:02,2022-02-18 09:31:56
2022-02-18 17:35:36,2022-02-18 17:37:38,Free_Living,annotator,Experimental situation,2022-02-18 09:31:56,2022-02-18 09:33:58
2022-02-18 17:37:38,2022-02-18 17:43:11,Free_Living,annotator,Experimental situation,2022-02-18 09:33:58,2022-02-18 09:39:31
2022-02-18 17:43:11,2022-02-18 17:43:34,Free_Living,annotator,Experimental situation,2022-02-18 09:39:31,2022-02-18 09:39:54
2022-02-18 17:43:35,2022-02-18 17:44:15,Free_Living,annotator,Experimental situation,2022-02-18 09:39:55,2022-02-18 09:40:35
2022-02-18 17:44:15,2022-02-18 17:44:48,Free_Living,annotator,Experimental situation,2022-02-18 09:40:35,2022-02-18 09:41:08
2022-02-18 17:44:48,2022-02-18 17:48:14,Free_Living,annotator,Experimental situation,2022-02-18 09:41:08,2022-02-18 09:44:34
2022-02-18 17:48:14,2022-02-18 17:53:42,Free_Living,annotator,Experimental situation,2022-02-18 09:44:34,2022-02-18 09:50:02
2022-02-18 17:53:42,2022-02-18 17:53:52,Free_Living,annotator,Experimental situation,2022-02-18 09:50:02,2022-02-18 09:50:12
2022-02-18 17:53:52,2022-02-18 17:54:10,Free_Living,annotator,Experimental situation,2022-02-18 09:50:12,2022-02-18 09:50:30
2022-02-18 17:54:10,2022-02-18 17:55:35,Free_Living,annotator,Experimental situation,2022-02-18 09:50:30,2022-02-18 09:51:55
2022-02-18 17:55:38,2022-02-18 17:58:41,Free_Living,annotator,Experimental situation,2022-02-18 09:51:58,2022-02-18 09:55:01
2022-02-18 17:58:41,2022-02-18 18:00:15,Free_Living,annotator,Experimental situation,2022-02-18 09:55:01,2022-02-18 09:56:35
2022-02-18 18:00:15,2022-02-18 18:00:23,Free_Living,annotator,Experimental situation,2022-02-18 09:56:35,2022-02-18 09:56:43
2022-02-18 18:00:23,2022-02-18 18:00:33,Free_Living,annotator,Experimental situation,2022-02-18 09:56:43,2022-02-18 09:56:53
2022-02-18 18:00:33,2022-02-18 18:00:51,Free_Living,annotator,Experimental situation,2022-02-18 09:56:53,2022-02-18 09:57:11
2022-02-18 18:00:51,2022-02-18 18:04:55,Free_Living,annotator,Experimental situation,2022-02-18 09:57:11,2022-02-18 10:01:15
2022-02-18 18:04:55,2022-02-18 18:11:18,Free_Living,annotator,Experimental situation,2022-02-18 10:01:15,2022-02-18 10:07:38
2022-02-18 18:11:18,2022-02-18 18:12:38,Free_Living,annotator,Experimental situation,2022-02-18 10:07:38,2022-02-18 10:08:58
2022-02-18 18:12:38,2022-02-18 18:21:07,Free_Living,annotator,Experimental situation,2022-02-18 10:08:58,2022-02-18 10:17:27
2022-02-18 18:21:07,2022-02-18 18:23:26,Free_Living,annotator,Experimental situation,2022-02-18 10:17:27,2022-02-18 10:19:46
2022-02-18 18:23:26,2022-02-18 18:24:11,Free_Living,annotator,Experimental situation,2022-02-18 10:19:46,2022-02-18 10:20:31
2022-02-18 18:24:12,2022-02-18 18:24:29,Free_Living,annotator,Experimental situation,2022-02-18 10:20:32,2022-02-18 10:20:49
2022-02-18 18:24:31,2022-02-18 18:25:56,Free_Living,annotator,Experimental situation,2022-02-18 10:20:51,2022-02-18 10:22:16
2022-02-18 18:25:59,2022-02-18 18:26:04,Free_Living,annotator,Experimental situation,2022-02-18 10:22:19,2022-02-18 10:22:24
2022-02-18 18:26:10,2022-02-18 18:26:24,Free_Living,annotator,Experimental situation,2022-02-18 10:22:30,2022-02-18 10:22:44
2022-02-18 18:26:25,2022-02-18 18:27:08,Free_Living,annotator,Experimental situation,2022-02-18 10:22:45,2022-02-18 10:23:28
2022-02-18 18:27:10,2022-02-18 18:27:29,Free_Living,annotator,Experimental situation,2022-02-18 10:23:30,2022-02-18 10:23:49
2022-02-18 18:27:30,2022-02-18 18:27:49,Free_Living,annotator,Experimental situation,2022-02-18 10:23:50,2022-02-18 10:24:09
2022-02-18 18:27:51,2022-02-18 18:28:04,Free_Living,annotator,Experimental situation,2022-02-18 10:24:11,2022-02-18 10:24:24
2022-02-18 18:28:05,2022-02-18 18:29:29,Free_Living,annotator,Experimental situation,2022-02-18 10:24:25,2022-02-18 10:25:49
2022-02-18 18:29:30,2022-02-18 18:29:38,Free_Living,annotator,Experimental situation,2022-02-18 10:25:50,2022-02-18 10:25:58
2022-02-18 18:29:39,2022-02-18 18:29:52,Free_Living,annotator,Experimental situation,2022-02-18 10:25:59,2022-02-18 10:26:12
2022-02-18 18:29:54,2022-02-18 18:31:08,Free_Living,annotator,Experimental situation,2022-02-18 10:26:14,2022-02-18 10:27:28
2022-02-18 18:31:09,2022-02-18 18:31:21,Free_Living,annotator,Experimental situation,2022-02-18 10:27:29,2022-02-18 10:27:41
2022-02-18 18:31:21,2022-02-18 18:31:33,Free_Living,annotator,Experimental situation,2022-02-18 10:27:41,2022-02-18 10:27:53
2022-02-18 18:31:33,2022-02-18 18:31:37,Free_Living,annotator,Experimental situation,2022-02-18 10:27:53,2022-02-18 10:27:57
2022-02-18 18:31:37,2022-02-18 18:32:03,Free_Living,annotator,Experimental situation,2022-02-18 10:27:57,2022-02-18 10:28:23
2022-02-18 18:32:05,2022-02-18 18:34:46,Free_Living,annotator,Experimental situation,2022-02-18 10:28:25,2022-02-18 10:31:06
2022-02-18 18:34:46,2022-02-18 18:34:50,Free_Living,annotator,Experimental situation,2022-02-18 10:31:06,2022-02-18 10:31:10
2022-02-18 18:34:50,2022-02-18 18:34:53,Free_Living,annotator,Experimental situation,2022-02-18 10:31:10,2022-02-18 10:31:13
2022-02-18 18:34:54,2022-02-18 18:35:24,Free_Living,annotator,Experimental situation,2022-02-18 10:31:14,2022-02-18 10:31:44
2022-02-18 18:35:24,2022-02-18 18:35:36,Free_Living,annotator,Experimental situation,2022-02-18 10:31:44,2022-02-18 10:31:56
2022-02-18 18:35:36,2022-02-18 18:35:41,Free_Living,annotator,Experimental situation,2022-02-18 10:31:56,2022-02-18 10:32:01
2022-02-18 18:35:41,2022-02-18 18:36:08,Free_Living,annotator,Experimental situation,2022-02-18 10:32:01,2022-02-18 10:32:28
2022-02-18 18:36:09,2022-02-18 18:42:19,Free_Living,annotator,Experimental situation,2022-02-18 10:32:29,2022-02-18 10:38:39
2022-02-18 18:42:20,2022-02-18 18:42:26,Free_Living,annotator,Experimental situation,2022-02-18 10:38:40,2022-02-18 10:38:46
2022-02-18 18:42:27,2022-02-18 18:43:45,Free_Living,annotator,Experimental situation,2022-02-18 10:38:47,2022-02-18 10:40:05
2022-02-18 18:43:48,2022-02-18 18:43:58,Free_Living,annotator,Experimental situation,2022-02-18 10:40:08,2022-02-18 10:40:18
2022-02-18 18:43:58,2022-02-18 18:44:18,Free_Living,annotator,Experimental situation,2022-02-18 10:40:18,2022-02-18 10:40:38
2022-02-18 18:44:18,2022-02-18 18:44:31,Free_Living,annotator,Experimental situation,2022-02-18 10:40:38,2022-02-18 10:40:51
2022-02-18 18:44:33,2022-02-18 18:45:25,Free_Living,annotator,Experimental situation,2022-02-18 10:40:53,2022-02-18 10:41:45
2022-02-18 18:45:26,2022-02-18 18:46:52,Free_Living,annotator,Experimental situation,2022-02-18 10:41:46,2022-02-18 10:43:12
2022-02-18 18:46:53,2022-02-18 18:47:02,Free_Living,annotator,Experimental situation,2022-02-18 10:43:13,2022-02-18 10:43:22
2022-02-18 18:47:02,2022-02-18 18:47:15,Free_Living,annotator,Experimental situation,2022-02-18 10:43:22,2022-02-18 10:43:35
2022-02-18 18:47:16,2022-02-18 18:47:44,Free_Living,annotator,Experimental situation,2022-02-18 10:43:36,2022-02-18 10:44:04
2022-02-18 18:47:44,2022-02-18 18:47:56,Free_Living,annotator,Experimental situation,2022-02-18 10:44:04,2022-02-18 10:44:16
2022-02-18 18:47:57,2022-02-18 18:48:28,Free_Living,annotator,Experimental situation,2022-02-18 10:44:17,2022-02-18 10:44:48
2022-02-18 18:48:28,2022-02-18 18:48:43,Free_Living,annotator,Experimental situation,2022-02-18 10:44:48,2022-02-18 10:45:03
2022-02-18 18:48:43,2022-02-18 18:48:50,Free_Living,annotator,Experimental situation,2022-02-18 10:45:03,2022-02-18 10:45:10
2022-02-18 18:48:50,2022-02-18 18:50:48,Free_Living,annotator,Experimental situation,2022-02-18 10:45:10,2022-02-18 10:47:08
2022-02-18 18:50:48,2022-02-18 18:51:13,Free_Living,annotator,Experimental situation,2022-02-18 10:47:08,2022-02-18 10:47:33
2022-02-18 18:51:16,2022-02-18 18:52:08,Free_Living,annotator,Experimental situation,2022-02-18 10:47:36,2022-02-18 10:48:28
2022-02-18 18:52:08,2022-02-18 18:52:15,Free_Living,annotator,Experimental situation,2022-02-18 10:48:28,2022-02-18 10:48:35
2022-02-18 18:52:15,2022-02-18 18:52:55,Free_Living,annotator,Experimental situation,2022-02-18 10:48:35,2022-02-18 10:49:15
2022-02-18 18:52:55,2022-02-18 18:54:01,Free_Living,annotator,Experimental situation,2022-02-18 10:49:15,2022-02-18 10:50:21
2022-02-18 18:54:01,2022-02-18 18:54:05,Free_Living,annotator,Experimental situation,2022-02-18 10:50:21,2022-02-18 10:50:25
2022-02-18 18:54:05,2022-02-18 18:54:08,Free_Living,annotator,Experimental situation,2022-02-18 10:50:25,2022-02-18 10:50:28
2022-02-18 18:54:09,2022-02-18 18:54:50,Free_Living,annotator,Experimental situation,2022-02-18 10:50:29,2022-02-18 10:51:10
2022-02-18 18:54:50,2022-02-18 18:54:52,Free_Living,annotator,Experimental situation,2022-02-18 10:51:10,2022-02-18 10:51:12
2022-02-18 18:54:53,2022-02-18 18:55:16,Free_Living,annotator,Experimental situation,2022-02-18 10:51:13,2022-02-18 10:51:36
2022-02-18 18:55:16,2022-02-18 18:55:32,Free_Living,annotator,Experimental situation,2022-02-18 10:51:36,2022-02-18 10:51:52
2022-02-18 18:55:32,2022-02-18 18:55:43,Free_Living,annotator,Experimental situation,2022-02-18 10:51:52,2022-02-18 10:52:03
2022-02-18 18:55:44,2022-02-18 18:56:05,Free_Living,annotator,Experimental situation,2022-02-18 10:52:04,2022-02-18 10:52:25
2022-02-18 18:56:06,2022-02-18 18:56:21,Free_Living,annotator,Experimental situation,2022-02-18 10:52:26,2022-02-18 10:52:41
2022-02-18 18:56:21,2022-02-18 18:56:25,Free_Living,annotator,Experimental situation,2022-02-18 10:52:41,2022-02-18 10:52:45
2022-02-18 18:56:26,2022-02-18 19:01:41,Free_Living,annotator,Experimental situation,2022-02-18 10:52:46,2022-02-18 10:58:01
2022-02-18 19:01:41,2022-02-18 19:01:47,Free_Living,annotator,Experimental situation,2022-02-18 10:58:01,2022-02-18 10:58:07
2022-02-18 19:01:47,2022-02-18 19:01:58,Free_Living,annotator,Experimental situation,2022-02-18 10:58:07,2022-02-18 10:58:18
2022-02-18 19:01:59,2022-02-18 19:02:16,Free_Living,annotator,Experimental situation,2022-02-18 10:58:19,2022-02-18 10:58:36
2022-02-18 19:02:16,2022-02-18 19:02:36,Free_Living,annotator,Experimental situation,2022-02-18 10:58:36,2022-02-18 10:58:56
2022-02-18 19:02:36,2022-02-18 19:02:47,Free_Living,annotator,Experimental situation,2022-02-18 10:58:56,2022-02-18 10:59:07
2022-02-18 19:02:47,2022-02-18 19:02:59,Free_Living,annotator,Experimental situation,2022-02-18 10:59:07,2022-02-18 10:59:19
2022-02-18 19:02:59,2022-02-18 19:03:05,Free_Living,annotator,Experimental situation,2022-02-18 10:59:19,2022-02-18 10:59:25
2022-02-18 19:03:07,2022-02-18 19:03:28,Free_Living,annotator,Experimental situation,2022-02-18 10:59:27,2022-02-18 10:59:48
2022-02-18 19:03:28,2022-02-18 19:03:59,Free_Living,annotator,Experimental situation,2022-02-18 10:59:48,2022-02-18 11:00:19
2022-02-18 19:03:59,2022-02-18 19:04:07,Free_Living,annotator,Experimental situation,2022-02-18 11:00:19,2022-02-18 11:00:27
2022-02-18 19:04:14,2022-02-18 19:04:23,Free_Living,annotator,Experimental situation,2022-02-18 11:00:34,2022-02-18 11:00:43
2022-02-18 19:04:23,2022-02-18 19:04:40,Free_Living,annotator,Experimental situation,2022-02-18 11:00:43,2022-02-18 11:01:00
2022-02-18 19:04:40,2022-02-18 19:05:08,Free_Living,annotator,Experimental situation,2022-02-18 11:01:00,2022-02-18 11:01:28
2022-02-18 19:05:08,2022-02-18 19:05:25,Free_Living,annotator,Experimental situation,2022-02-18 11:01:28,2022-02-18 11:01:45
2022-02-18 19:05:25,2022-02-18 19:05:39,Free_Living,annotator,Experimental situation,2022-02-18 11:01:45,2022-02-18 11:01:59
2022-02-18 19:05:39,2022-02-18 19:05:49,Free_Living,annotator,Experimental situation,2022-02-18 11:01:59,2022-02-18 11:02:09
2022-02-18 19:05:50,2022-02-18 19:06:07,Free_Living,annotator,Experimental situation,2022-02-18 11:02:10,2022-02-18 11:02:27
2022-02-18 19:06:08,2022-02-18 19:06:30,Free_Living,annotator,Experimental situation,2022-02-18 11:02:28,2022-02-18 11:02:50
2022-02-18 19:06:31,2022-02-18 19:07:45,Free_Living,annotator,Experimental situation,2022-02-18 11:02:51,2022-02-18 11:04:05
2022-02-18 19:07:46,2022-02-18 19:07:56,Free_Living,annotator,Experimental situation,2022-02-18 11:04:06,2022-02-18 11:04:16
2022-02-18 19:07:56,2022-02-18 19:08:08,Free_Living,annotator,Experimental situation,2022-02-18 11:04:16,2022-02-18 11:04:28
2022-02-18 19:08:08,2022-02-18 19:08:20,Free_Living,annotator,Experimental situation,2022-02-18 11:04:28,2022-02-18 11:04:40
2022-02-18 19:08:23,2022-02-18 19:14:42,Free_Living,annotator,Experimental situation,2022-02-18 11:04:43,2022-02-18 11:11:02
2022-02-18 19:14:43,2022-02-18 19:14:49,Free_Living,annotator,Experimental situation,2022-02-18 11:11:03,2022-02-18 11:11:09
2022-02-18 19:14:49,2022-02-18 19:15:02,Free_Living,annotator,Experimental situation,2022-02-18 11:11:09,2022-02-18 11:11:22
2022-02-18 19:15:04,2022-02-18 19:15:28,Free_Living,annotator,Experimental situation,2022-02-18 11:11:24,2022-02-18 11:11:48
2022-02-18 19:15:28,2022-02-18 19:16:36,Free_Living,annotator,Experimental situation,2022-02-18 11:11:48,2022-02-18 11:12:56
2022-02-18 19:16:37,2022-02-18 19:18:51,Free_Living,annotator,Experimental situation,2022-02-18 11:12:57,2022-02-18 11:15:11
2022-02-18 19:18:51,2022-02-18 19:19:02,Free_Living,annotator,Experimental situation,2022-02-18 11:15:11,2022-02-18 11:15:22
2022-02-18 19:19:02,2022-02-18 19:20:26,Free_Living,annotator,Experimental situation,2022-02-18 11:15:22,2022-02-18 11:16:46
2022-02-18 19:20:27,2022-02-18 19:35:00,Free_Living,annotator,Experimental situation,2022-02-18 11:16:47,2022-02-18 11:31:20
2022-02-18 19:35:00,2022-02-18 19:36:36,Free_Living,annotator,Experimental situation,2022-02-18 11:31:20,2022-02-18 11:32:56
2022-02-18 19:36:37,2022-02-18 19:37:28,Free_Living,annotator,Experimental situation,2022-02-18 11:32:57,2022-02-18 11:33:48
2022-02-18 19:37:28,2022-02-18 19:58:35,Free_Living,annotator,Experimental situation,2022-02-18 11:33:48,2022-02-18 11:54:55
2022-02-18 19:58:35,2022-02-18 19:58:42,Free_Living,annotator,Experimental situation,2022-02-18 11:54:55,2022-02-18 11:55:02
2022-02-18 19:58:42,2022-02-18 19:59:09,Free_Living,annotator,Experimental situation,2022-02-18 11:55:02,2022-02-18 11:55:29
2022-02-18 19:59:10,2022-02-18 20:00:01,Free_Living,annotator,Experimental situation,2022-02-18 11:55:30,2022-02-18 11:56:21
2022-02-18 20:00:01,2022-02-18 20:00:23,Free_Living,annotator,Experimental situation,2022-02-18 11:56:21,2022-02-18 11:56:43
2022-02-18 20:00:23,2022-02-18 20:00:40,Free_Living,annotator,Experimental situation,2022-02-18 11:56:43,2022-02-18 11:57:00
2022-02-18 20:00:40,2022-02-18 20:00:48,Free_Living,annotator,Experimental situation,2022-02-18 11:57:00,2022-02-18 11:57:08
2022-02-18 20:00:48,2022-02-18 20:02:08,Free_Living,annotator,Experimental situation,2022-02-18 11:57:08,2022-02-18 11:58:28
2022-02-18 20:02:09,2022-02-18 20:02:21,Free_Living,annotator,Experimental situation,2022-02-18 11:58:29,2022-02-18 11:58:41
2022-02-18 20:02:21,2022-02-18 20:02:30,Free_Living,annotator,Experimental situation,2022-02-18 11:58:41,2022-02-18 11:58:50
2022-02-18 20:02:33,2022-02-18 20:03:06,Free_Living,annotator,Experimental situation,2022-02-18 11:58:53,2022-02-18 11:59:26
2022-02-18 20:03:06,2022-02-18 20:03:17,Free_Living,annotator,Experimental situation,2022-02-18 11:59:26,2022-02-18 11:59:37
2022-02-18 20:03:18,2022-02-18 20:04:59,Free_Living,annotator,Experimental situation,2022-02-18 11:59:38,2022-02-18 12:01:19
2022-02-18 20:05:01,2022-02-18 20:05:58,Free_Living,annotator,Experimental situation,2022-02-18 12:01:21,2022-02-18 12:02:18
2022-02-18 20:05:58,2022-02-18 20:09:09,Free_Living,annotator,Experimental situation,2022-02-18 12:02:18,2022-02-18 12:05:29
2022-02-18 20:09:09,2022-02-18 20:09:29,Free_Living,annotator,Experimental situation,2022-02-18 12:05:29,2022-02-18 12:05:49
2022-02-18 20:09:29,2022-02-18 20:18:01,Free_Living,annotator,Experimental situation,2022-02-18 12:05:49,2022-02-18 12:14:21
2022-02-18 20:18:01,2022-02-18 20:19:21,Free_Living,annotator,Experimental situation,2022-02-18 12:14:21,2022-02-18 12:15:41
2022-02-18 20:19:21,2022-02-18 20:19:40,Free_Living,annotator,Experimental situation,2022-02-18 12:15:41,2022-02-18 12:16:00
2022-02-18 20:19:40,2022-02-18 20:29:12,Free_Living,annotator,Experimental situation,2022-02-18 12:16:00,2022-02-18 12:25:32
2022-02-18 20:29:13,2022-02-18 20:29:24,Free_Living,annotator,Experimental situation,2022-02-18 12:25:33,2022-02-18 12:25:44
2022-02-18 20:29:24,2022-02-18 20:41:04,Free_Living,annotator,Experimental situation,2022-02-18 12:25:44,2022-02-18 12:37:24
2022-02-18 20:41:05,2022-02-18 20:56:33,Free_Living,annotator,Experimental situation,2022-02-18 12:37:25,2022-02-18 12:52:53
2022-02-18 20:56:33,2022-02-18 20:56:33,Free_Living,annotator,Experimental situation,2022-02-18 12:52:53,2022-02-18 12:52:53
2022-02-18 20:56:33,2022-02-18 20:56:33,Free_Living,annotator,Experimental situation,2022-02-18 12:52:53,2022-02-18 12:52:53
2022-02-18 20:56:33,2022-02-18 20:56:33,Free_Living,annotator,Experimental situation,2022-02-18 12:52:53,2022-02-18 12:52:53
2022-02-18 20:56:33,2022-02-18 20:56:33,Free_Living,annotator,Experimental situation,2022-02-18 12:52:53,2022-02-18 12:52:53
2022-02-18 20:56:33,2022-02-18 20:56:33,Free_Living,annotator,Experimental situation,2022-02-18 12:52:53,2022-02-18 12:52:53
2022-02-18 20:56:33,2022-02-18 20:56:33,Free_Living,annotator,Experimental situation,2022-02-18 12:52:53,2022-02-18 12:52:53
2022-02-18 20:56:33,2022-02-18 20:56:33,Free_Living,annotator,Experimental situation,2022-02-18 12:52:53,2022-02-18 12:52:53
2022-02-18 20:56:35,2022-02-18 20:57:13,Free_Living,annotator,Experimental situation,2022-02-18 12:52:55,2022-02-18 12:53:33
2022-02-18 20:57:13,2022-02-18 20:58:21,Free_Living,annotator,Experimental situation,2022-02-18 12:53:33,2022-02-18 12:54:41
2022-02-18 20:58:27,2022-02-18 20:58:44,Free_Living,annotator,Experimental situation,2022-02-18 12:54:47,2022-02-18 12:55:04
2022-02-18 20:58:45,2022-02-18 20:58:56,Free_Living,annotator,Experimental situation,2022-02-18 12:55:05,2022-02-18 12:55:16
2022-02-18 20:58:56,2022-02-18 20:59:14,Free_Living,annotator,Experimental situation,2022-02-18 12:55:16,2022-02-18 12:55:34
2022-02-18 20:59:21,2022-02-18 21:00:37,Free_Living,annotator,Experimental situation,2022-02-18 12:55:41,2022-02-18 12:56:57
2022-02-18 21:00:38,2022-02-18 21:07:15,Free_Living,annotator,Experimental situation,2022-02-18 12:56:58,2022-02-18 13:03:35
2022-02-18 21:07:15,2022-02-18 21:08:05,Free_Living,annotator,Experimental situation,2022-02-18 13:03:35,2022-02-18 13:04:25
2022-02-18 21:08:05,2022-02-18 21:12:06,Free_Living,annotator,Experimental situation,2022-02-18 13:04:25,2022-02-18 13:08:26
2022-02-18 21:12:12,2022-02-18 21:18:46,Free_Living,annotator,Experimental situation,2022-02-18 13:08:32,2022-02-18 13:15:06
2022-02-18 21:18:47,2022-02-18 21:19:10,Free_Living,annotator,Experimental situation,2022-02-18 13:15:07,2022-02-18 13:15:30
2022-02-18 21:19:10,2022-02-18 21:32:35,Free_Living,annotator,Experimental situation,2022-02-18 13:15:30,2022-02-18 13:28:55
2022-02-18 21:32:36,2022-02-18 21:47:30,Free_Living,annotator,Experimental situation,2022-02-18 13:28:56,2022-02-18 13:43:50
2022-02-18 21:47:31,2022-02-18 21:47:58,Free_Living,annotator,Experimental situation,2022-02-18 13:43:51,2022-02-18 13:44:18
2022-02-18 21:47:58,2022-02-18 21:48:25,Free_Living,annotator,Experimental situation,2022-02-18 13:44:18,2022-02-18 13:44:45
2022-02-18 21:48:26,2022-02-18 21:48:49,Free_Living,annotator,Experimental situation,2022-02-18 13:44:46,2022-02-18 13:45:09
2022-02-18 21:48:49,2022-02-18 21:50:22,Free_Living,annotator,Experimental situation,2022-02-18 13:45:09,2022-02-18 13:46:42
2022-02-18 21:50:23,2022-02-18 21:50:37,Free_Living,annotator,Experimental situation,2022-02-18 13:46:43,2022-02-18 13:46:57
2022-02-18 21:50:37,2022-02-18 22:26:54,Free_Living,annotator,Experimental situation,2022-02-18 13:46:57,2022-02-18 14:23:14
2022-02-18 22:26:54,2022-02-18 22:27:19,Free_Living,annotator,Experimental situation,2022-02-18 14:23:14,2022-02-18 14:23:39
2022-02-18 22:27:21,2022-02-18 22:28:03,Free_Living,annotator,Experimental situation,2022-02-18 14:23:41,2022-02-18 14:24:23
2022-02-18 22:28:04,2022-02-18 22:28:52,Free_Living,annotator,Experimental situation,2022-02-18 14:24:24,2022-02-18 14:25:12
2022-02-18 22:28:52,2022-02-18 22:29:14,Free_Living,annotator,Experimental situation,2022-02-18 14:25:12,2022-02-18 14:25:34
2022-02-18 22:29:15,2022-02-18 22:30:31,Free_Living,annotator,Experimental situation,2022-02-18 14:25:35,2022-02-18 14:26:51
2022-02-18 22:30:31,2022-02-18 22:31:03,Free_Living,annotator,Experimental situation,2022-02-18 14:26:51,2022-02-18 14:27:23
2022-02-18 22:31:03,2022-02-18 22:31:20,Free_Living,annotator,Experimental situation,2022-02-18 14:27:23,2022-02-18 14:27:40
2022-02-18 22:31:21,2022-02-18 22:31:38,Free_Living,annotator,Experimental situation,2022-02-18 14:27:41,2022-02-18 14:27:58
2022-02-18 22:31:39,2022-02-18 22:32:29,Free_Living,annotator,Experimental situation,2022-02-18 14:27:59,2022-02-18 14:28:49
2022-02-18 22:32:29,2022-02-18 22:36:07,Free_Living,annotator,Experimental situation,2022-02-18 14:28:49,2022-02-18 14:32:27
2022-02-18 22:36:07,2022-02-18 22:36:38,Free_Living,annotator,Experimental situation,2022-02-18 14:32:27,2022-02-18 14:32:58
2022-02-18 22:36:38,2022-02-18 22:37:47,Free_Living,annotator,Experimental situation,2022-02-18 14:32:58,2022-02-18 14:34:07
2022-02-18 22:37:47,2022-02-18 22:37:58,Free_Living,annotator,Experimental situation,2022-02-18 14:34:07,2022-02-18 14:34:18
2022-02-18 22:38:00,2022-02-18 22:38:18,Free_Living,annotator,Experimental situation,2022-02-18 14:34:20,2022-02-18 14:34:38
2022-02-18 22:38:18,2022-02-18 22:38:53,Free_Living,annotator,Experimental situation,2022-02-18 14:34:38,2022-02-18 14:35:13
2022-02-18 22:38:55,2022-02-18 22:39:16,Free_Living,annotator,Experimental situation,2022-02-18 14:35:15,2022-02-18 14:35:36
2022-02-18 22:39:16,2022-02-18 22:39:23,Free_Living,annotator,Experimental situation,2022-02-18 14:35:36,2022-02-18 14:35:43
2022-02-18 22:39:23,2022-02-18 22:39:37,Free_Living,annotator,Experimental situation,2022-02-18 14:35:43,2022-02-18 14:35:57
2022-02-18 22:39:37,2022-02-18 22:40:08,Free_Living,annotator,Experimental situation,2022-02-18 14:35:57,2022-02-18 14:36:28
2022-02-18 22:40:09,2022-02-18 22:40:16,Free_Living,annotator,Experimental situation,2022-02-18 14:36:29,2022-02-18 14:36:36
2022-02-18 22:40:17,2022-02-18 22:40:41,Free_Living,annotator,Experimental situation,2022-02-18 14:36:37,2022-02-18 14:37:01
2022-02-18 22:40:43,2022-02-18 22:41:08,Free_Living,annotator,Experimental situation,2022-02-18 14:37:03,2022-02-18 14:37:28
2022-02-18 22:41:08,2022-02-18 22:42:03,Free_Living,annotator,Experimental situation,2022-02-18 14:37:28,2022-02-18 14:38:23
2022-02-18 22:42:04,2022-02-18 22:42:09,Free_Living,annotator,Experimental situation,2022-02-18 14:38:24,2022-02-18 14:38:29
2022-02-18 22:42:14,2022-02-18 22:42:38,Free_Living,annotator,Experimental situation,2022-02-18 14:38:34,2022-02-18 14:38:58
2022-02-18 22:42:43,2022-02-18 22:44:14,Free_Living,annotator,Experimental situation,2022-02-18 14:39:03,2022-02-18 14:40:34
2022-02-18 22:44:15,2022-02-18 22:44:46,Free_Living,annotator,Experimental situation,2022-02-18 14:40:35,2022-02-18 14:41:06
2022-02-18 22:44:51,2022-02-18 22:45:00,Free_Living,annotator,Experimental situation,2022-02-18 14:41:11,2022-02-18 14:41:20
2022-02-18 22:45:02,2022-02-18 22:45:12,Free_Living,annotator,Experimental situation,2022-02-18 14:41:22,2022-02-18 14:41:32
2022-02-18 22:45:14,2022-02-18 22:45:35,Free_Living,annotator,Experimental situation,2022-02-18 14:41:34,2022-02-18 14:41:55
2022-02-18 22:45:36,2022-02-18 22:46:02,Free_Living,annotator,Experimental situation,2022-02-18 14:41:56,2022-02-18 14:42:22
2022-02-18 22:46:03,2022-02-18 22:47:42,Free_Living,annotator,Experimental situation,2022-02-18 14:42:23,2022-02-18 14:44:02
2022-02-18 22:47:49,2022-02-19 00:15:32,Free_Living,annotator,Experimental situation,2022-02-18 14:44:09,2022-02-18 16:11:52
2022-02-19 00:15:32,2022-02-19 00:16:08,Free_Living,annotator,Experimental situation,2022-02-18 16:11:52,2022-02-18 16:12:28
2022-02-19 00:16:09,2022-02-19 00:24:08,Free_Living,annotator,Experimental situation,2022-02-18 16:12:29,2022-02-18 16:20:28
2022-02-19 00:24:08,2022-02-19 00:24:27,Free_Living,annotator,Experimental situation,2022-02-18 16:20:28,2022-02-18 16:20:47
2022-02-19 00:24:27,2022-02-19 00:30:27,Free_Living,annotator,Experimental situation,2022-02-18 16:20:47,2022-02-18 16:26:47
2022-02-19 00:30:29,2022-02-19 00:31:32,Free_Living,annotator,Experimental situation,2022-02-18 16:26:49,2022-02-18 16:27:52
2022-02-19 00:31:33,2022-02-19 00:44:45,Free_Living,annotator,Experimental situation,2022-02-18 16:27:53,2022-02-18 16:41:05
2022-02-19 00:44:46,2022-02-19 00:44:53,Free_Living,annotator,Experimental situation,2022-02-18 16:41:06,2022-02-18 16:41:13
2022-02-19 00:44:53,2022-02-19 00:54:01,Free_Living,annotator,Experimental situation,2022-02-18 16:41:13,2022-02-18 16:50:21
2022-02-19 00:54:02,2022-02-19 00:54:09,Free_Living,annotator,Experimental situation,2022-02-18 16:50:22,2022-02-18 16:50:29
2022-02-19 00:54:09,2022-02-19 01:00:52,Free_Living,annotator,Experimental situation,2022-02-18 16:50:29,2022-02-18 16:57:12
2022-02-19 01:00:53,2022-02-19 01:05:15,Free_Living,annotator,Experimental situation,2022-02-18 16:57:13,2022-02-18 17:01:35
2022-02-19 01:05:16,2022-02-19 01:05:34,Free_Living,annotator,Experimental situation,2022-02-18 17:01:36,2022-02-18 17:01:54
2022-02-19 01:05:35,2022-02-19 01:05:41,Free_Living,annotator,Experimental situation,2022-02-18 17:01:55,2022-02-18 17:02:01
2022-02-19 01:05:41,2022-02-19 01:06:38,Free_Living,annotator,Experimental situation,2022-02-18 17:02:01,2022-02-18 17:02:58
2022-02-19 01:06:39,2022-02-19 01:06:50,Free_Living,annotator,Experimental situation,2022-02-18 17:02:59,2022-02-18 17:03:10
2022-02-19 01:06:54,2022-02-19 01:07:21,Free_Living,annotator,Experimental situation,2022-02-18 17:03:14,2022-02-18 17:03:41
2022-02-19 01:07:23,2022-02-19 01:07:40,Free_Living,annotator,Experimental situation,2022-02-18 17:03:43,2022-02-18 17:04:00
