START_TIME,STOP_TIME,PREDICTION,SOURCE,LABELSET,VIDEO_START_TIME,VIDEO_END_TIME
2022-01-24 08:57:48,2022-01-24 08:59:10,Located_Indoors,annotator,Behavioral Parameters,2022-01-24 00:00:30,2022-01-24 00:01:52
2022-01-24 08:59:13,2022-01-24 09:00:23,Located_Indoors,annotator,Behavioral Parameters,2022-01-24 00:01:55,2022-01-24 00:03:05
2022-01-24 09:00:24,2022-01-24 09:01:33,Located_Indoors, Texting/Browsing_Phone,annotator,Behavioral Parameters,2022-01-24 00:03:06,2022-01-24 00:04:15
2022-01-24 09:01:41,2022-01-24 09:02:11,Located_Indoors,annotator,Behavioral Parameters,2022-01-24 00:04:23,2022-01-24 00:04:53
2022-01-24 09:02:13,2022-01-24 09:02:44,Located_Indoors, Texting/Browsing_Phone,annotator,Behavioral Parameters,2022-01-24 00:04:55,2022-01-24 00:05:26
2022-01-24 09:02:46,2022-01-24 09:03:01,Located_Indoors,annotator,Behavioral Parameters,2022-01-24 00:05:28,2022-01-24 00:05:43
2022-01-24 09:03:02,2022-01-24 09:03:49,Located_Indoors,annotator,Behavioral Parameters,2022-01-24 00:05:44,2022-01-24 00:06:31
2022-01-24 09:03:52,2022-01-24 09:20:22,Located_Indoors,annotator,Behavioral Parameters,2022-01-24 00:06:34,2022-01-24 00:23:04
2022-01-24 09:20:27,2022-01-24 09:20:39,Located_Indoors,annotator,Behavioral Parameters,2022-01-24 00:23:09,2022-01-24 00:23:21
2022-01-24 09:20:41,2022-01-24 09:22:39,Located_Indoors,annotator,Behavioral Parameters,2022-01-24 00:23:23,2022-01-24 00:25:21
2022-01-24 09:22:43,2022-01-24 09:23:07,Located_Indoors,annotator,Behavioral Parameters,2022-01-24 00:25:25,2022-01-24 00:25:49
2022-01-24 09:23:12,2022-01-24 09:23:22,Located_Indoors,annotator,Behavioral Parameters,2022-01-24 00:25:54,2022-01-24 00:26:04
2022-01-24 09:23:24,2022-01-24 09:23:48,Located_Indoors,annotator,Behavioral Parameters,2022-01-24 00:26:06,2022-01-24 00:26:30
2022-01-24 09:23:53,2022-01-24 09:24:14,Located_Indoors,annotator,Behavioral Parameters,2022-01-24 00:26:35,2022-01-24 00:26:56
2022-01-24 09:24:18,2022-01-24 09:24:48,Located_Indoors, Carrying_Bag_On_Shoulder/Back_Light,annotator,Behavioral Parameters,2022-01-24 00:27:00,2022-01-24 00:27:30
2022-01-24 09:24:50,2022-01-24 09:24:52,Located_Indoors, Carrying_Bag_On_Shoulder/Back_Light,annotator,Behavioral Parameters,2022-01-24 00:27:32,2022-01-24 00:27:34
2022-01-24 09:24:53,2022-01-24 09:24:55,Located_Indoors, Carrying_Bag_On_Shoulder/Back_Light,annotator,Behavioral Parameters,2022-01-24 00:27:35,2022-01-24 00:27:37
2022-01-24 09:24:57,2022-01-24 09:24:59,Located_Indoors, Carrying_Bag_On_Shoulder/Back_Light,annotator,Behavioral Parameters,2022-01-24 00:27:39,2022-01-24 00:27:41
2022-01-24 09:25:01,2022-01-24 09:25:04,Located_Indoors, Carrying_Bag_On_Shoulder/Back_Light,annotator,Behavioral Parameters,2022-01-24 00:27:43,2022-01-24 00:27:46
2022-01-24 09:25:06,2022-01-24 09:25:08,Located_Indoors, Carrying_Bag_On_Shoulder/Back_Light,annotator,Behavioral Parameters,2022-01-24 00:27:48,2022-01-24 00:27:50
2022-01-24 09:25:10,2022-01-24 09:25:12,Located_Indoors, Carrying_Bag_On_Shoulder/Back_Light,annotator,Behavioral Parameters,2022-01-24 00:27:52,2022-01-24 00:27:54
2022-01-24 09:25:14,2022-01-24 09:25:16,Located_Indoors, Carrying_Bag_On_Shoulder/Back_Light,annotator,Behavioral Parameters,2022-01-24 00:27:56,2022-01-24 00:27:58
2022-01-24 09:25:18,2022-01-24 09:25:20,Located_Indoors, Carrying_Bag_On_Shoulder/Back_Light,annotator,Behavioral Parameters,2022-01-24 00:28:00,2022-01-24 00:28:02
2022-01-24 09:25:24,2022-01-24 09:25:55,Carrying_Bag_On_Shoulder/Back_Light, Texting/Browsing_Phone, Located_Outdoors,annotator,Behavioral Parameters,2022-01-24 00:28:06,2022-01-24 00:28:37
2022-01-24 09:25:56,2022-01-24 09:28:39,Carrying_Bag_On_Shoulder/Back_Light, Texting/Browsing_Phone, Located_Outdoors,annotator,Behavioral Parameters,2022-01-24 00:28:38,2022-01-24 00:31:21
2022-01-24 09:28:40,2022-01-24 09:28:41,Carrying_Bag_On_Shoulder/Back_Light, Texting/Browsing_Phone, Located_Outdoors,annotator,Behavioral Parameters,2022-01-24 00:31:22,2022-01-24 00:31:23
2022-01-24 09:28:44,2022-01-24 09:28:47,Carrying_Bag_On_Shoulder/Back_Light, Texting/Browsing_Phone, Located_Outdoors,annotator,Behavioral Parameters,2022-01-24 00:31:26,2022-01-24 00:31:29
2022-01-24 09:28:49,2022-01-24 09:28:50,Carrying_Bag_On_Shoulder/Back_Light, Texting/Browsing_Phone, Located_Outdoors,annotator,Behavioral Parameters,2022-01-24 00:31:31,2022-01-24 00:31:32
2022-01-24 09:28:50,2022-01-24 09:28:52,Carrying_Bag_On_Shoulder/Back_Light, Texting/Browsing_Phone, Located_Outdoors,annotator,Behavioral Parameters,2022-01-24 00:31:32,2022-01-24 00:31:34
2022-01-24 09:28:53,2022-01-24 09:28:56,Carrying_Bag_On_Shoulder/Back_Light, Texting/Browsing_Phone, Located_Outdoors,annotator,Behavioral Parameters,2022-01-24 00:31:35,2022-01-24 00:31:38
2022-01-24 09:28:58,2022-01-24 09:29:11,Carrying_Bag_On_Shoulder/Back_Light, Texting/Browsing_Phone, Located_Outdoors,annotator,Behavioral Parameters,2022-01-24 00:31:40,2022-01-24 00:31:53
2022-01-24 09:29:11,2022-01-24 09:29:14,Carrying_Bag_On_Shoulder/Back_Light, Texting/Browsing_Phone, Located_Outdoors,annotator,Behavioral Parameters,2022-01-24 00:31:53,2022-01-24 00:31:56
2022-01-24 09:29:16,2022-01-24 09:29:18,Carrying_Bag_On_Shoulder/Back_Light, Texting/Browsing_Phone, Located_Outdoors,annotator,Behavioral Parameters,2022-01-24 00:31:58,2022-01-24 00:32:00
2022-01-24 09:29:20,2022-01-24 09:29:23,Carrying_Bag_On_Shoulder/Back_Light, Texting/Browsing_Phone, Located_Outdoors,annotator,Behavioral Parameters,2022-01-24 00:32:02,2022-01-24 00:32:05
2022-01-24 09:29:25,2022-01-24 09:29:37,Carrying_Bag_On_Shoulder/Back_Light, Texting/Browsing_Phone, Located_Outdoors,annotator,Behavioral Parameters,2022-01-24 00:32:07,2022-01-24 00:32:19
2022-01-24 09:29:38,2022-01-24 09:30:17,Carrying_Bag_On_Shoulder/Back_Light, Located_Outdoors,annotator,Behavioral Parameters,2022-01-24 00:32:20,2022-01-24 00:32:59
2022-01-24 09:30:24,2022-01-24 09:30:43,Carrying_Bag_On_Shoulder/Back_Light, Located_Outdoors,annotator,Behavioral Parameters,2022-01-24 00:33:06,2022-01-24 00:33:25
2022-01-24 09:30:49,2022-01-24 09:34:34,Carrying_Bag_On_Shoulder/Back_Light, Located_Outdoors,annotator,Behavioral Parameters,2022-01-24 00:33:31,2022-01-24 00:37:16
2022-01-24 09:34:34,2022-01-24 09:34:40,Carrying_Bag_On_Shoulder/Back_Light, Located_Outdoors,annotator,Behavioral Parameters,2022-01-24 00:37:16,2022-01-24 00:37:22
2022-01-24 09:34:41,2022-01-24 09:35:45,Carrying_Bag_On_Shoulder/Back_Light, Located_Indoors,annotator,Behavioral Parameters,2022-01-24 00:37:23,2022-01-24 00:38:27
2022-01-24 09:35:45,2022-01-24 09:35:51,Carrying_Bag_On_Shoulder/Back_Light, Located_Indoors,annotator,Behavioral Parameters,2022-01-24 00:38:27,2022-01-24 00:38:33
2022-01-24 09:35:55,2022-01-24 09:36:03,Carrying_Bag_On_Shoulder/Back_Light, Located_Indoors,annotator,Behavioral Parameters,2022-01-24 00:38:37,2022-01-24 00:38:45
2022-01-24 09:36:05,2022-01-24 09:36:57,Carrying_Bag_On_Shoulder/Back_Light, Located_Indoors,annotator,Behavioral Parameters,2022-01-24 00:38:47,2022-01-24 00:39:39
2022-01-24 09:37:25,2022-01-24 09:37:39,Carrying_Bag_On_Shoulder/Back_Light, Located_Indoors,annotator,Behavioral Parameters,2022-01-24 00:40:07,2022-01-24 00:40:21
2022-01-24 09:37:49,2022-01-24 09:38:39,Located_Indoors,annotator,Behavioral Parameters,2022-01-24 00:40:31,2022-01-24 00:41:21
2022-01-24 09:38:41,2022-01-24 09:39:27,Located_Indoors, Carrying_Bag_On_Shoulder/Back_Light,annotator,Behavioral Parameters,2022-01-24 00:41:23,2022-01-24 00:42:09
2022-01-24 09:39:35,2022-01-24 09:40:58,Located_Indoors, Texting/Browsing_Phone,annotator,Behavioral Parameters,2022-01-24 00:42:17,2022-01-24 00:43:40
2022-01-24 09:41:05,2022-01-24 09:44:55,Located_Indoors, Browsing_Computer,annotator,Behavioral Parameters,2022-01-24 00:43:47,2022-01-24 00:47:37
2022-01-24 09:45:03,2022-01-24 09:47:08,Located_Indoors,annotator,Behavioral Parameters,2022-01-24 00:47:45,2022-01-24 00:49:50
2022-01-24 09:47:12,2022-01-24 10:15:15,Located_Indoors, Browsing_Computer,annotator,Behavioral Parameters,2022-01-24 00:49:54,2022-01-24 01:17:57
2022-01-24 10:15:20,2022-01-24 10:17:06,Located_Indoors, Browsing_Computer,annotator,Behavioral Parameters,2022-01-24 01:18:02,2022-01-24 01:19:48
2022-01-24 10:17:28,2022-01-24 10:22:58,Located_Indoors, Browsing_Computer, Typing_Computer,annotator,Behavioral Parameters,2022-01-24 01:20:10,2022-01-24 01:25:40
2022-01-24 10:23:08,2022-01-24 10:24:02,Located_Indoors, Browsing_Computer,annotator,Behavioral Parameters,2022-01-24 01:25:50,2022-01-24 01:26:44
2022-01-24 10:24:16,2022-01-24 10:28:07,Located_Indoors, Browsing_Computer,annotator,Behavioral Parameters,2022-01-24 01:26:58,2022-01-24 01:30:49
2022-01-24 10:28:24,2022-01-24 10:30:34,Located_Indoors, Browsing_Computer, Holding_Other_Object_Light,annotator,Behavioral Parameters,2022-01-24 01:31:06,2022-01-24 01:33:16
2022-01-24 10:30:36,2022-01-24 10:31:13,Located_Indoors, Browsing_Computer,annotator,Behavioral Parameters,2022-01-24 01:33:18,2022-01-24 01:33:55
2022-01-24 10:31:27,2022-01-24 10:38:07,Located_Indoors, Browsing_Computer,annotator,Behavioral Parameters,2022-01-24 01:34:09,2022-01-24 01:40:49
2022-01-24 10:38:19,2022-01-24 10:51:30,Located_Indoors, Browsing_Computer,annotator,Behavioral Parameters,2022-01-24 01:41:01,2022-01-24 01:54:12
2022-01-24 10:51:39,2022-01-24 10:52:08,Located_Indoors,annotator,Behavioral Parameters,2022-01-24 01:54:21,2022-01-24 01:54:50
2022-01-24 10:52:08,2022-01-24 10:52:37,Located_Indoors, Texting/Browsing_Phone,annotator,Behavioral Parameters,2022-01-24 01:54:50,2022-01-24 01:55:19
2022-01-24 10:52:39,2022-01-24 10:53:47,Located_Indoors,annotator,Behavioral Parameters,2022-01-24 01:55:21,2022-01-24 01:56:29
2022-01-24 10:56:12,2022-01-24 10:57:14,Located_Indoors,annotator,Behavioral Parameters,2022-01-24 01:58:54,2022-01-24 01:59:56
2022-01-24 10:57:17,2022-01-24 11:12:42,Located_Indoors, Browsing_Computer,annotator,Behavioral Parameters,2022-01-24 01:59:59,2022-01-24 02:15:24
2022-01-24 11:12:45,2022-01-24 11:13:38,Located_Indoors, Browsing_Computer, Texting/Browsing_Phone,annotator,Behavioral Parameters,2022-01-24 02:15:27,2022-01-24 02:16:20
2022-01-24 11:13:39,2022-01-24 11:27:27,Located_Indoors, Browsing_Computer,annotator,Behavioral Parameters,2022-01-24 02:16:21,2022-01-24 02:30:09
2022-01-24 11:27:39,2022-01-24 11:28:42,Located_Indoors, Texting/Browsing_Phone,annotator,Behavioral Parameters,2022-01-24 02:30:21,2022-01-24 02:31:24
2022-01-24 11:29:30,2022-01-24 11:29:38,Located_Indoors,annotator,Behavioral Parameters,2022-01-24 02:32:12,2022-01-24 02:32:20
2022-01-24 11:29:49,2022-01-24 11:30:34,Located_Indoors, Carrying_Bag_On_Shoulder/Back_Light,annotator,Behavioral Parameters,2022-01-24 02:32:31,2022-01-24 02:33:16
2022-01-24 11:30:36,2022-01-24 11:31:24,Located_Indoors, Carrying_Bag_On_Shoulder/Back_Light,annotator,Behavioral Parameters,2022-01-24 02:33:18,2022-01-24 02:34:06
2022-01-24 11:31:25,2022-01-24 11:31:32,Located_Indoors, Carrying_Bag_On_Shoulder/Back_Light,annotator,Behavioral Parameters,2022-01-24 02:34:07,2022-01-24 02:34:14
2022-01-24 11:31:35,2022-01-24 11:31:41,Located_Indoors, Carrying_Bag_On_Shoulder/Back_Light,annotator,Behavioral Parameters,2022-01-24 02:34:17,2022-01-24 02:34:23
2022-01-24 11:31:42,2022-01-24 11:32:08,Located_Indoors, Carrying_Bag_On_Shoulder/Back_Light,annotator,Behavioral Parameters,2022-01-24 02:34:24,2022-01-24 02:34:50
2022-01-24 11:32:10,2022-01-24 11:36:14,Carrying_Bag_On_Shoulder/Back_Light, Located_Outdoors,annotator,Behavioral Parameters,2022-01-24 02:34:52,2022-01-24 02:38:56
2022-01-24 11:36:17,2022-01-24 11:36:34,Carrying_Bag_On_Shoulder/Back_Light, Located_Indoors,annotator,Behavioral Parameters,2022-01-24 02:38:59,2022-01-24 02:39:16
2022-01-24 11:36:34,2022-01-24 11:36:38,Carrying_Bag_On_Shoulder/Back_Light, Located_Indoors,annotator,Behavioral Parameters,2022-01-24 02:39:16,2022-01-24 02:39:20
2022-01-24 11:36:40,2022-01-24 11:36:41,Carrying_Bag_On_Shoulder/Back_Light, Located_Indoors,annotator,Behavioral Parameters,2022-01-24 02:39:22,2022-01-24 02:39:23
2022-01-24 11:36:42,2022-01-24 11:36:46,Carrying_Bag_On_Shoulder/Back_Light, Located_Indoors,annotator,Behavioral Parameters,2022-01-24 02:39:24,2022-01-24 02:39:28
2022-01-24 11:36:51,2022-01-24 11:36:55,Carrying_Bag_On_Shoulder/Back_Light, Located_Indoors,annotator,Behavioral Parameters,2022-01-24 02:39:33,2022-01-24 02:39:37
2022-01-24 11:37:00,2022-01-24 11:37:05,Carrying_Bag_On_Shoulder/Back_Light, Located_Indoors,annotator,Behavioral Parameters,2022-01-24 02:39:42,2022-01-24 02:39:47
2022-01-24 11:37:07,2022-01-24 11:37:25,Carrying_Bag_On_Shoulder/Back_Light, Located_Indoors,annotator,Behavioral Parameters,2022-01-24 02:39:49,2022-01-24 02:40:07
2022-01-24 11:37:35,2022-01-24 11:39:07,Carrying_Bag_On_Shoulder/Back_Light, Located_Indoors,annotator,Behavioral Parameters,2022-01-24 02:40:17,2022-01-24 02:41:49
2022-01-24 11:40:11,2022-01-24 11:44:14,Located_Indoors, Browsing_Computer,annotator,Behavioral Parameters,2022-01-24 02:42:53,2022-01-24 02:46:56
2022-01-24 11:44:16,2022-01-24 11:44:57,Located_Indoors,annotator,Behavioral Parameters,2022-01-24 02:46:58,2022-01-24 02:47:39
2022-01-24 11:44:58,2022-01-24 12:01:19,Located_Indoors, Browsing_Computer,annotator,Behavioral Parameters,2022-01-24 02:47:40,2022-01-24 03:04:01
2022-01-24 12:01:24,2022-01-24 12:02:08,Located_Indoors,annotator,Behavioral Parameters,2022-01-24 03:04:06,2022-01-24 03:04:50
2022-01-24 12:02:16,2022-01-24 12:13:08,Located_Indoors,annotator,Behavioral Parameters,2022-01-24 03:04:58,2022-01-24 03:15:50
2022-01-24 12:13:14,2022-01-24 12:14:18,Located_Indoors, Texting/Browsing_Phone,annotator,Behavioral Parameters,2022-01-24 03:15:56,2022-01-24 03:17:00
2022-01-24 12:14:23,2022-01-24 12:25:08,Located_Indoors,annotator,Behavioral Parameters,2022-01-24 03:17:05,2022-01-24 03:27:50
2022-01-24 12:25:10,2022-01-24 12:25:44,Located_Indoors, Texting/Browsing_Phone,annotator,Behavioral Parameters,2022-01-24 03:27:52,2022-01-24 03:28:26
2022-01-24 12:25:53,2022-01-24 12:33:53,Located_Indoors,annotator,Behavioral Parameters,2022-01-24 03:28:35,2022-01-24 03:36:35
2022-01-24 12:34:04,2022-01-24 12:38:32,Located_Indoors, Texting/Browsing_Phone,annotator,Behavioral Parameters,2022-01-24 03:36:46,2022-01-24 03:41:14
2022-01-24 12:38:34,2022-01-24 12:39:18,Located_Indoors, Texting/Browsing_Phone,annotator,Behavioral Parameters,2022-01-24 03:41:16,2022-01-24 03:42:00
2022-01-24 12:39:19,2022-01-24 12:41:45,Located_Indoors, Texting/Browsing_Phone,annotator,Behavioral Parameters,2022-01-24 03:42:01,2022-01-24 03:44:27
2022-01-24 12:41:47,2022-01-24 12:51:50,Located_Indoors,annotator,Behavioral Parameters,2022-01-24 03:44:29,2022-01-24 03:54:32
2022-01-24 12:51:52,2022-01-24 12:52:21,Located_Indoors, Texting/Browsing_Phone,annotator,Behavioral Parameters,2022-01-24 03:54:34,2022-01-24 03:55:03
2022-01-24 12:52:22,2022-01-24 12:58:52,Located_Indoors,annotator,Behavioral Parameters,2022-01-24 03:55:04,2022-01-24 04:01:34
2022-01-24 12:59:00,2022-01-24 13:00:10,Located_Indoors, Texting/Browsing_Phone,annotator,Behavioral Parameters,2022-01-24 04:01:42,2022-01-24 04:02:52
2022-01-24 13:00:15,2022-01-24 13:01:23,Located_Indoors, Texting/Browsing_Phone,annotator,Behavioral Parameters,2022-01-24 04:02:57,2022-01-24 04:04:05
2022-01-24 13:01:25,2022-01-24 13:02:41,Located_Indoors,annotator,Behavioral Parameters,2022-01-24 04:04:07,2022-01-24 04:05:23
2022-01-24 13:03:15,2022-01-24 13:04:25,Located_Indoors,annotator,Behavioral Parameters,2022-01-24 04:05:57,2022-01-24 04:07:07
2022-01-24 13:04:26,2022-01-24 13:04:41,Located_Indoors, Texting/Browsing_Phone,annotator,Behavioral Parameters,2022-01-24 04:07:08,2022-01-24 04:07:23
2022-01-24 13:04:56,2022-01-24 13:17:58,Located_Indoors,annotator,Behavioral Parameters,2022-01-24 04:07:38,2022-01-24 04:20:40
2022-01-24 13:18:02,2022-01-24 13:19:35,Located_Indoors, Texting/Browsing_Phone,annotator,Behavioral Parameters,2022-01-24 04:20:44,2022-01-24 04:22:17
2022-01-24 13:20:14,2022-01-24 13:22:15,Located_Indoors,annotator,Behavioral Parameters,2022-01-24 04:22:56,2022-01-24 04:24:57
2022-01-24 13:22:15,2022-01-24 13:22:55,Located_Indoors,annotator,Behavioral Parameters,2022-01-24 04:24:57,2022-01-24 04:25:37
2022-01-24 13:22:57,2022-01-24 13:23:00,Located_Indoors,annotator,Behavioral Parameters,2022-01-24 04:25:39,2022-01-24 04:25:42
2022-01-24 13:23:05,2022-01-24 13:23:10,Located_Indoors,annotator,Behavioral Parameters,2022-01-24 04:25:47,2022-01-24 04:25:52
2022-01-24 13:23:17,2022-01-24 13:23:22,Located_Indoors,annotator,Behavioral Parameters,2022-01-24 04:25:59,2022-01-24 04:26:04
2022-01-24 13:23:25,2022-01-24 13:23:25,Located_Indoors,annotator,Behavioral Parameters,2022-01-24 04:26:07,2022-01-24 04:26:07
2022-01-24 13:23:28,2022-01-24 13:23:34,Located_Indoors,annotator,Behavioral Parameters,2022-01-24 04:26:10,2022-01-24 04:26:16
2022-01-24 13:23:37,2022-01-24 13:24:01,Located_Indoors,annotator,Behavioral Parameters,2022-01-24 04:26:19,2022-01-24 04:26:43
2022-01-24 13:24:03,2022-01-24 13:24:36,Located_Outdoors,annotator,Behavioral Parameters,2022-01-24 04:26:45,2022-01-24 04:27:18
2022-01-24 13:24:50,2022-01-24 13:25:49,Located_Outdoors, Texting/Browsing_Phone,annotator,Behavioral Parameters,2022-01-24 04:27:32,2022-01-24 04:28:31
2022-01-24 13:25:50,2022-01-24 13:25:58,Located_Outdoors, Texting/Browsing_Phone,annotator,Behavioral Parameters,2022-01-24 04:28:32,2022-01-24 04:28:40
2022-01-24 13:26:02,2022-01-24 13:26:06,Located_Outdoors, Texting/Browsing_Phone,annotator,Behavioral Parameters,2022-01-24 04:28:44,2022-01-24 04:28:48
2022-01-24 13:26:10,2022-01-24 13:26:13,Located_Outdoors, Texting/Browsing_Phone,annotator,Behavioral Parameters,2022-01-24 04:28:52,2022-01-24 04:28:55
2022-01-24 13:26:15,2022-01-24 13:26:41,Located_Outdoors, Texting/Browsing_Phone,annotator,Behavioral Parameters,2022-01-24 04:28:57,2022-01-24 04:29:23
2022-01-24 13:26:57,2022-01-24 13:30:11,Located_Outdoors,annotator,Behavioral Parameters,2022-01-24 04:29:39,2022-01-24 04:32:53
2022-01-24 13:30:24,2022-01-24 13:30:33,Located_Indoors,annotator,Behavioral Parameters,2022-01-24 04:33:06,2022-01-24 04:33:15
2022-01-24 13:30:35,2022-01-24 13:31:07,Located_Indoors,annotator,Behavioral Parameters,2022-01-24 04:33:17,2022-01-24 04:33:49
2022-01-24 13:31:11,2022-01-24 13:31:51,Located_Indoors, Carrying_Bag_On_Shoulder/Back_Light,annotator,Behavioral Parameters,2022-01-24 04:33:53,2022-01-24 04:34:33
2022-01-24 13:31:52,2022-01-24 13:32:49,Located_Indoors,annotator,Behavioral Parameters,2022-01-24 04:34:34,2022-01-24 04:35:31
2022-01-24 13:32:51,2022-01-24 13:34:12,Located_Indoors,annotator,Behavioral Parameters,2022-01-24 04:35:33,2022-01-24 04:36:54
2022-01-24 13:34:14,2022-01-24 13:35:14,Located_Indoors,annotator,Behavioral Parameters,2022-01-24 04:36:56,2022-01-24 04:37:56
2022-01-24 13:35:18,2022-01-24 13:35:58,Located_Indoors,annotator,Behavioral Parameters,2022-01-24 04:38:00,2022-01-24 04:38:40
2022-01-24 13:36:00,2022-01-24 13:36:14,Located_Indoors,annotator,Behavioral Parameters,2022-01-24 04:38:42,2022-01-24 04:38:56
2022-01-24 13:36:23,2022-01-24 13:37:03,Located_Indoors,annotator,Behavioral Parameters,2022-01-24 04:39:05,2022-01-24 04:39:45
2022-01-24 13:37:04,2022-01-24 13:37:44,Located_Indoors,annotator,Behavioral Parameters,2022-01-24 04:39:46,2022-01-24 04:40:26
2022-01-24 13:37:46,2022-01-24 13:38:52,Located_Indoors,annotator,Behavioral Parameters,2022-01-24 04:40:28,2022-01-24 04:41:34
2022-01-24 13:38:55,2022-01-24 13:39:30,Located_Indoors, Texting/Browsing_Phone,annotator,Behavioral Parameters,2022-01-24 04:41:37,2022-01-24 04:42:12
2022-01-24 13:39:33,2022-01-24 13:43:55,Located_Indoors, Browsing_Computer,annotator,Behavioral Parameters,2022-01-24 04:42:15,2022-01-24 04:46:37
2022-01-24 13:43:58,2022-01-24 13:44:31,Located_Indoors,annotator,Behavioral Parameters,2022-01-24 04:46:40,2022-01-24 04:47:13
2022-01-24 13:44:33,2022-01-24 13:45:56,Located_Indoors,annotator,Behavioral Parameters,2022-01-24 04:47:15,2022-01-24 04:48:38
2022-01-24 13:45:57,2022-01-24 13:46:14,Located_Indoors, Holding_Solid_Food,annotator,Behavioral Parameters,2022-01-24 04:48:39,2022-01-24 04:48:56
2022-01-24 13:46:15,2022-01-24 13:46:20,Located_Indoors, Holding_Solid_Food,annotator,Behavioral Parameters,2022-01-24 04:48:57,2022-01-24 04:49:02
2022-01-24 13:46:23,2022-01-24 13:47:40,Located_Indoors, Holding_Solid_Food, On_Video_Call/FaceTime,annotator,Behavioral Parameters,2022-01-24 04:49:05,2022-01-24 04:50:22
2022-01-24 13:47:42,2022-01-24 13:47:51,Located_Indoors, Holding_Solid_Food, Texting/Browsing_Phone,annotator,Behavioral Parameters,2022-01-24 04:50:24,2022-01-24 04:50:33
2022-01-24 13:48:10,2022-01-24 13:50:50,Located_Indoors, Holding_Solid_Food,annotator,Behavioral Parameters,2022-01-24 04:50:52,2022-01-24 04:53:32
2022-01-24 13:50:52,2022-01-24 13:52:45,Located_Indoors, Holding_Drink,annotator,Behavioral Parameters,2022-01-24 04:53:34,2022-01-24 04:55:27
2022-01-24 13:52:47,2022-01-24 13:53:12,Located_Indoors,annotator,Behavioral Parameters,2022-01-24 04:55:29,2022-01-24 04:55:54
2022-01-24 13:53:34,2022-01-24 13:57:30,Located_Indoors,annotator,Behavioral Parameters,2022-01-24 04:56:16,2022-01-24 05:00:12
2022-01-24 13:58:03,2022-01-24 14:06:02,Located_Indoors,annotator,Behavioral Parameters,2022-01-24 05:00:45,2022-01-24 05:08:44
2022-01-24 14:06:04,2022-01-24 14:06:57,Located_Indoors, Texting/Browsing_Phone,annotator,Behavioral Parameters,2022-01-24 05:08:46,2022-01-24 05:09:39
2022-01-24 14:06:58,2022-01-24 14:08:33,Located_Indoors, Texting/Browsing_Phone,annotator,Behavioral Parameters,2022-01-24 05:09:40,2022-01-24 05:11:15
2022-01-24 14:08:34,2022-01-24 14:10:55,Located_Indoors,annotator,Behavioral Parameters,2022-01-24 05:11:16,2022-01-24 05:13:37
2022-01-24 14:10:56,2022-01-24 14:16:06,Located_Indoors,annotator,Behavioral Parameters,2022-01-24 05:13:38,2022-01-24 05:18:48
2022-01-24 14:16:07,2022-01-24 14:22:33,Located_Indoors, Texting/Browsing_Phone,annotator,Behavioral Parameters,2022-01-24 05:18:49,2022-01-24 05:25:15
2022-01-24 14:22:35,2022-01-24 14:25:55,Located_Indoors, Texting/Browsing_Phone,annotator,Behavioral Parameters,2022-01-24 05:25:17,2022-01-24 05:28:37
2022-01-24 14:25:56,2022-01-24 14:27:03,Located_Indoors, Texting/Browsing_Phone,annotator,Behavioral Parameters,2022-01-24 05:28:38,2022-01-24 05:29:45
2022-01-24 14:27:31,2022-01-24 14:30:08,Located_Indoors, Holding_Solid_Food,annotator,Behavioral Parameters,2022-01-24 05:30:13,2022-01-24 05:32:50
2022-01-24 14:30:09,2022-01-24 14:31:19,Located_Indoors,annotator,Behavioral Parameters,2022-01-24 05:32:51,2022-01-24 05:34:01
2022-01-24 14:31:20,2022-01-24 14:31:40,Located_Indoors, Texting/Browsing_Phone,annotator,Behavioral Parameters,2022-01-24 05:34:02,2022-01-24 05:34:22
2022-01-24 14:32:52,2022-01-24 14:39:12,Located_Indoors, Texting/Browsing_Phone,annotator,Behavioral Parameters,2022-01-24 05:35:34,2022-01-24 05:41:54
2022-01-24 14:39:15,2022-01-24 14:40:08,Located_Indoors,annotator,Behavioral Parameters,2022-01-24 05:41:57,2022-01-24 05:42:50
2022-01-24 14:40:14,2022-01-24 14:56:25,Located_Indoors,annotator,Behavioral Parameters,2022-01-24 05:42:56,2022-01-24 05:59:07
2022-01-24 14:56:27,2022-01-24 14:58:15,Located_Indoors, Texting/Browsing_Phone,annotator,Behavioral Parameters,2022-01-24 05:59:09,2022-01-24 06:00:57
2022-01-24 14:58:18,2022-01-24 15:07:25,Located_Indoors,annotator,Behavioral Parameters,2022-01-24 06:01:00,2022-01-24 06:10:07
2022-01-24 15:07:30,2022-01-24 15:08:39,Located_Indoors,annotator,Behavioral Parameters,2022-01-24 06:10:12,2022-01-24 06:11:21
2022-01-24 15:08:42,2022-01-24 15:09:58,Located_Indoors,annotator,Behavioral Parameters,2022-01-24 06:11:24,2022-01-24 06:12:40
2022-01-24 15:10:02,2022-01-24 15:10:28,Located_Indoors,annotator,Behavioral Parameters,2022-01-24 06:12:44,2022-01-24 06:13:10
2022-01-24 15:10:30,2022-01-24 15:11:48,Located_Indoors,annotator,Behavioral Parameters,2022-01-24 06:13:12,2022-01-24 06:14:30
2022-01-24 15:11:50,2022-01-24 15:12:36,Located_Indoors,annotator,Behavioral Parameters,2022-01-24 06:14:32,2022-01-24 06:15:18
2022-01-24 15:17:23,2022-01-24 15:18:10,Located_Indoors,annotator,Behavioral Parameters,2022-01-24 06:20:05,2022-01-24 06:20:52
2022-01-24 15:18:16,2022-01-24 15:32:43,Located_Indoors, Texting/Browsing_Phone,annotator,Behavioral Parameters,2022-01-24 06:20:58,2022-01-24 06:35:25
2022-01-24 15:32:46,2022-01-24 15:32:58,Located_Indoors,annotator,Behavioral Parameters,2022-01-24 06:35:28,2022-01-24 06:35:40
2022-01-24 15:33:45,2022-01-24 15:34:04,Located_Indoors,annotator,Behavioral Parameters,2022-01-24 06:36:27,2022-01-24 06:36:46
2022-01-24 15:34:06,2022-01-24 15:34:09,Located_Indoors,annotator,Behavioral Parameters,2022-01-24 06:36:48,2022-01-24 06:36:51
2022-01-24 15:34:10,2022-01-24 15:34:13,Located_Indoors,annotator,Behavioral Parameters,2022-01-24 06:36:52,2022-01-24 06:36:55
2022-01-24 15:34:15,2022-01-24 15:34:18,Located_Indoors,annotator,Behavioral Parameters,2022-01-24 06:36:57,2022-01-24 06:37:00
2022-01-24 15:34:20,2022-01-24 15:34:23,Located_Indoors,annotator,Behavioral Parameters,2022-01-24 06:37:02,2022-01-24 06:37:05
2022-01-24 15:34:27,2022-01-24 15:34:29,Located_Indoors,annotator,Behavioral Parameters,2022-01-24 06:37:09,2022-01-24 06:37:11
2022-01-24 15:34:32,2022-01-24 15:34:35,Located_Indoors,annotator,Behavioral Parameters,2022-01-24 06:37:14,2022-01-24 06:37:17
2022-01-24 15:34:38,2022-01-24 15:34:41,Located_Indoors,annotator,Behavioral Parameters,2022-01-24 06:37:20,2022-01-24 06:37:23
2022-01-24 15:34:44,2022-01-24 15:34:47,Located_Indoors,annotator,Behavioral Parameters,2022-01-24 06:37:26,2022-01-24 06:37:29
2022-01-24 15:34:50,2022-01-24 15:34:52,Located_Indoors,annotator,Behavioral Parameters,2022-01-24 06:37:32,2022-01-24 06:37:34
2022-01-24 15:34:57,2022-01-24 15:36:49,Located_Outdoors, Carrying_Bag_On_Shoulder/Back_Light,annotator,Behavioral Parameters,2022-01-24 06:37:39,2022-01-24 06:39:31
2022-01-24 15:36:50,2022-01-24 15:36:51,Located_Outdoors, Carrying_Bag_On_Shoulder/Back_Light,annotator,Behavioral Parameters,2022-01-24 06:39:32,2022-01-24 06:39:33
2022-01-24 15:36:54,2022-01-24 15:36:56,Located_Outdoors, Carrying_Bag_On_Shoulder/Back_Light,annotator,Behavioral Parameters,2022-01-24 06:39:36,2022-01-24 06:39:38
2022-01-24 15:36:58,2022-01-24 15:37:22,Located_Outdoors, Carrying_Bag_On_Shoulder/Back_Light,annotator,Behavioral Parameters,2022-01-24 06:39:40,2022-01-24 06:40:04
2022-01-24 15:37:23,2022-01-24 15:37:30,Located_Outdoors, Carrying_Bag_On_Shoulder/Back_Light,annotator,Behavioral Parameters,2022-01-24 06:40:05,2022-01-24 06:40:12
2022-01-24 15:37:31,2022-01-24 15:41:14,Located_Outdoors, Carrying_Bag_On_Shoulder/Back_Light,annotator,Behavioral Parameters,2022-01-24 06:40:13,2022-01-24 06:43:56
2022-01-24 15:41:16,2022-01-24 15:42:05,Carrying_Bag_On_Shoulder/Back_Light, Located_Indoors,annotator,Behavioral Parameters,2022-01-24 06:43:58,2022-01-24 06:44:47
2022-01-24 15:42:07,2022-01-24 15:42:16,Located_Indoors,annotator,Behavioral Parameters,2022-01-24 06:44:49,2022-01-24 06:44:58
2022-01-24 15:42:17,2022-01-24 15:43:01,Located_Indoors,annotator,Behavioral Parameters,2022-01-24 06:44:59,2022-01-24 06:45:43
2022-01-24 15:43:04,2022-01-24 15:44:27,Located_Indoors, Texting/Browsing_Phone,annotator,Behavioral Parameters,2022-01-24 06:45:46,2022-01-24 06:47:09
2022-01-24 15:44:39,2022-01-24 15:45:25,Located_Indoors,annotator,Behavioral Parameters,2022-01-24 06:47:21,2022-01-24 06:48:07
2022-01-24 15:45:51,2022-01-24 15:45:57,Located_Indoors,annotator,Behavioral Parameters,2022-01-24 06:48:33,2022-01-24 06:48:39
2022-01-24 15:46:00,2022-01-24 15:48:30,Located_Indoors,annotator,Behavioral Parameters,2022-01-24 06:48:42,2022-01-24 06:51:12
2022-01-24 15:48:32,2022-01-24 15:49:58,Located_Indoors, Handwriting,annotator,Behavioral Parameters,2022-01-24 06:51:14,2022-01-24 06:52:40
2022-01-24 15:50:24,2022-01-24 16:22:56,Located_Indoors,annotator,Behavioral Parameters,2022-01-24 06:53:06,2022-01-24 07:25:38
2022-01-24 16:22:57,2022-01-24 16:24:50,Located_Indoors, Texting/Browsing_Phone,annotator,Behavioral Parameters,2022-01-24 07:25:39,2022-01-24 07:27:32
2022-01-24 16:24:52,2022-01-24 16:25:17,Located_Indoors,annotator,Behavioral Parameters,2022-01-24 07:27:34,2022-01-24 07:27:59
2022-01-24 16:25:29,2022-01-24 16:25:34,Located_Indoors,annotator,Behavioral Parameters,2022-01-24 07:28:11,2022-01-24 07:28:16
2022-01-24 16:25:35,2022-01-24 16:26:12,Located_Indoors,annotator,Behavioral Parameters,2022-01-24 07:28:17,2022-01-24 07:28:54
2022-01-24 16:26:13,2022-01-24 16:28:51,Located_Indoors,annotator,Behavioral Parameters,2022-01-24 07:28:55,2022-01-24 07:31:33
2022-01-24 16:29:06,2022-01-24 16:29:54,Located_Indoors, Carrying_Bag_On_Shoulder/Back_Light,annotator,Behavioral Parameters,2022-01-24 07:31:48,2022-01-24 07:32:36
2022-01-24 16:29:57,2022-01-24 16:30:40,Located_Indoors, Carrying_Bag_On_Shoulder/Back_Light,annotator,Behavioral Parameters,2022-01-24 07:32:39,2022-01-24 07:33:22
2022-01-24 16:30:57,2022-01-24 16:31:33,Located_Indoors, Carrying_Bag_On_Shoulder/Back_Light,annotator,Behavioral Parameters,2022-01-24 07:33:39,2022-01-24 07:34:15
2022-01-24 16:31:42,2022-01-24 16:31:55,Located_Indoors, Carrying_Bag_On_Shoulder/Back_Light, Texting/Browsing_Phone,annotator,Behavioral Parameters,2022-01-24 07:34:24,2022-01-24 07:34:37
2022-01-24 16:31:58,2022-01-24 16:32:00,Located_Indoors, Carrying_Bag_On_Shoulder/Back_Light,annotator,Behavioral Parameters,2022-01-24 07:34:40,2022-01-24 07:34:42
2022-01-24 16:32:09,2022-01-24 16:32:54,Carrying_Bag_On_Shoulder/Back_Light, Located_Outdoors,annotator,Behavioral Parameters,2022-01-24 07:34:51,2022-01-24 07:35:36
2022-01-24 16:33:14,2022-01-24 16:33:34,Carrying_Bag_On_Shoulder/Back_Light, Located_Outdoors,annotator,Behavioral Parameters,2022-01-24 07:35:56,2022-01-24 07:36:16
2022-01-24 16:33:44,2022-01-24 16:35:34,Carrying_Bag_On_Shoulder/Back_Light, Located_Outdoors,annotator,Behavioral Parameters,2022-01-24 07:36:26,2022-01-24 07:38:16
2022-01-24 16:35:38,2022-01-24 16:35:44,Carrying_Bag_On_Shoulder/Back_Light, Located_Outdoors,annotator,Behavioral Parameters,2022-01-24 07:38:20,2022-01-24 07:38:26
2022-01-24 16:35:48,2022-01-24 16:36:08,Carrying_Bag_On_Shoulder/Back_Light, Located_Outdoors,annotator,Behavioral Parameters,2022-01-24 07:38:30,2022-01-24 07:38:50
2022-01-24 16:36:08,2022-01-24 16:38:14,Carrying_Bag_On_Shoulder/Back_Light, Located_Outdoors,annotator,Behavioral Parameters,2022-01-24 07:38:50,2022-01-24 07:40:56
2022-01-24 16:36:08,2022-01-24 16:36:08,Located_Indoors, Carrying_Bag_On_Shoulder/Back_Light,annotator,Behavioral Parameters,2022-01-24 07:38:50,2022-01-24 07:38:50
2022-01-24 16:36:16,2022-01-24 16:38:15,Carrying_Bag_On_Shoulder/Back_Light, Located_Outdoors,annotator,Behavioral Parameters,2022-01-24 07:38:58,2022-01-24 07:40:57
2022-01-24 16:38:15,2022-01-24 16:38:29,Carrying_Bag_On_Shoulder/Back_Light, Located_Indoors,annotator,Behavioral Parameters,2022-01-24 07:40:57,2022-01-24 07:41:11
2022-01-24 16:38:32,2022-01-24 16:39:30,Carrying_Bag_On_Shoulder/Back_Light, Located_Outdoors,annotator,Behavioral Parameters,2022-01-24 07:41:14,2022-01-24 07:42:12
2022-01-24 16:39:45,2022-01-24 16:39:58,Carrying_Bag_On_Shoulder/Back_Light, Located_Indoors,annotator,Behavioral Parameters,2022-01-24 07:42:27,2022-01-24 07:42:40
2022-01-24 16:40:00,2022-01-24 16:40:47,Carrying_Bag_On_Shoulder/Back_Light, Located_Outdoors,annotator,Behavioral Parameters,2022-01-24 07:42:42,2022-01-24 07:43:29
2022-01-24 16:40:50,2022-01-24 16:41:17,Carrying_Bag_On_Shoulder/Back_Light, Located_Indoors,annotator,Behavioral Parameters,2022-01-24 07:43:32,2022-01-24 07:43:59
2022-01-24 16:41:45,2022-01-24 16:42:17,Carrying_Bag_On_Shoulder/Back_Light, Located_Indoors,annotator,Behavioral Parameters,2022-01-24 07:44:27,2022-01-24 07:44:59
2022-01-24 16:42:18,2022-01-24 16:42:37,Carrying_Bag_On_Shoulder/Back_Light, Located_Indoors,annotator,Behavioral Parameters,2022-01-24 07:45:00,2022-01-24 07:45:19
2022-01-24 16:42:44,2022-01-24 16:44:04,Carrying_Bag_On_Shoulder/Back_Light, Located_Indoors,annotator,Behavioral Parameters,2022-01-24 07:45:26,2022-01-24 07:46:46
2022-01-24 16:44:03,2022-01-24 16:44:04,Carrying_Bag_On_Shoulder/Back_Light, Located_Indoors,annotator,Behavioral Parameters,2022-01-24 07:46:45,2022-01-24 07:46:46
2022-01-24 16:44:39,2022-01-24 16:45:43,Located_Indoors,annotator,Behavioral Parameters,2022-01-24 07:47:21,2022-01-24 07:48:25
2022-01-24 16:45:56,2022-01-24 16:48:55,Located_Indoors,annotator,Behavioral Parameters,2022-01-24 07:48:38,2022-01-24 07:51:37
2022-01-24 16:50:07,2022-01-24 16:50:20,Located_Indoors,annotator,Behavioral Parameters,2022-01-24 07:52:49,2022-01-24 07:53:02
2022-01-24 16:50:21,2022-01-24 16:50:22,Located_Indoors,annotator,Behavioral Parameters,2022-01-24 07:53:03,2022-01-24 07:53:04
2022-01-24 16:50:24,2022-01-24 16:50:27,Located_Indoors,annotator,Behavioral Parameters,2022-01-24 07:53:06,2022-01-24 07:53:09
2022-01-24 16:50:29,2022-01-24 16:50:32,Located_Indoors,annotator,Behavioral Parameters,2022-01-24 07:53:11,2022-01-24 07:53:14
2022-01-24 16:50:34,2022-01-24 16:50:38,Located_Indoors,annotator,Behavioral Parameters,2022-01-24 07:53:16,2022-01-24 07:53:20
2022-01-24 16:50:39,2022-01-24 16:50:42,Located_Indoors,annotator,Behavioral Parameters,2022-01-24 07:53:21,2022-01-24 07:53:24
2022-01-24 16:50:44,2022-01-24 16:50:48,Located_Indoors,annotator,Behavioral Parameters,2022-01-24 07:53:26,2022-01-24 07:53:30
2022-01-24 16:50:49,2022-01-24 16:50:52,Located_Indoors,annotator,Behavioral Parameters,2022-01-24 07:53:31,2022-01-24 07:53:34
2022-01-24 16:50:54,2022-01-24 16:50:57,Located_Indoors,annotator,Behavioral Parameters,2022-01-24 07:53:36,2022-01-24 07:53:39
2022-01-24 16:50:58,2022-01-24 16:51:01,Located_Indoors,annotator,Behavioral Parameters,2022-01-24 07:53:40,2022-01-24 07:53:43
2022-01-24 16:51:05,2022-01-24 16:51:26,Located_Outdoors,annotator,Behavioral Parameters,2022-01-24 07:53:47,2022-01-24 07:54:08
2022-01-24 16:51:28,2022-01-24 16:51:46,Located_Indoors,annotator,Behavioral Parameters,2022-01-24 07:54:10,2022-01-24 07:54:28
2022-01-24 16:51:46,2022-01-24 16:52:13,Located_Indoors, Holding_Other_Object_Light,annotator,Behavioral Parameters,2022-01-24 07:54:28,2022-01-24 07:54:55
2022-01-24 16:52:14,2022-01-24 16:52:20,Located_Indoors, Holding_Other_Object_Light,annotator,Behavioral Parameters,2022-01-24 07:54:56,2022-01-24 07:55:02
2022-01-24 16:52:20,2022-01-24 16:53:21,Located_Indoors, Holding_Other_Object_Light,annotator,Behavioral Parameters,2022-01-24 07:55:02,2022-01-24 07:56:03
2022-01-24 16:53:21,2022-01-24 16:54:12,Located_Indoors, Holding_Other_Object_Light,annotator,Behavioral Parameters,2022-01-24 07:56:03,2022-01-24 07:56:54
2022-01-24 16:54:12,2022-01-24 16:54:49,Located_Indoors, Holding_Other_Object_Light,annotator,Behavioral Parameters,2022-01-24 07:56:54,2022-01-24 07:57:31
2022-01-24 16:54:49,2022-01-24 16:55:32,Located_Indoors, Holding_Other_Object_Light,annotator,Behavioral Parameters,2022-01-24 07:57:31,2022-01-24 07:58:14
2022-01-24 16:55:32,2022-01-24 16:55:41,Located_Indoors, Holding_Other_Object_Light,annotator,Behavioral Parameters,2022-01-24 07:58:14,2022-01-24 07:58:23
2022-01-24 16:55:41,2022-01-24 16:55:49,Located_Indoors, Holding_Other_Object_Light,annotator,Behavioral Parameters,2022-01-24 07:58:23,2022-01-24 07:58:31
2022-01-24 16:55:49,2022-01-24 16:56:17,Located_Indoors, Holding_Other_Object_Light,annotator,Behavioral Parameters,2022-01-24 07:58:31,2022-01-24 07:58:59
2022-01-24 16:56:17,2022-01-24 16:57:55,Located_Indoors, Holding_Other_Object_Light,annotator,Behavioral Parameters,2022-01-24 07:58:59,2022-01-24 08:00:37
2022-01-24 16:57:55,2022-01-24 16:58:00,Located_Indoors, Holding_Other_Object_Light,annotator,Behavioral Parameters,2022-01-24 08:00:37,2022-01-24 08:00:42
2022-01-24 16:58:01,2022-01-24 16:58:09,Located_Indoors, Holding_Other_Object_Light,annotator,Behavioral Parameters,2022-01-24 08:00:43,2022-01-24 08:00:51
2022-01-24 16:58:10,2022-01-24 16:58:28,Located_Indoors, Holding_Other_Object_Light,annotator,Behavioral Parameters,2022-01-24 08:00:52,2022-01-24 08:01:10
2022-01-24 16:58:28,2022-01-24 16:58:54,Located_Indoors, Holding_Other_Object_Light,annotator,Behavioral Parameters,2022-01-24 08:01:10,2022-01-24 08:01:36
2022-01-24 16:58:54,2022-01-24 16:59:22,Located_Indoors, Holding_Other_Object_Light,annotator,Behavioral Parameters,2022-01-24 08:01:36,2022-01-24 08:02:04
2022-01-24 16:59:22,2022-01-24 16:59:34,Located_Indoors, Holding_Drink,annotator,Behavioral Parameters,2022-01-24 08:02:04,2022-01-24 08:02:16
2022-01-24 16:59:34,2022-01-24 17:05:16,Located_Indoors, Texting/Browsing_Phone,annotator,Behavioral Parameters,2022-01-24 08:02:16,2022-01-24 08:07:58
2022-01-24 17:05:17,2022-01-24 17:06:10,Located_Indoors, Texting/Browsing_Phone,annotator,Behavioral Parameters,2022-01-24 08:07:59,2022-01-24 08:08:52
2022-01-24 17:06:38,2022-01-24 17:14:28,Located_Indoors, Texting/Browsing_Phone,annotator,Behavioral Parameters,2022-01-24 08:09:20,2022-01-24 08:17:10
2022-01-24 17:14:28,2022-01-24 17:15:41,Located_Indoors,annotator,Behavioral Parameters,2022-01-24 08:17:10,2022-01-24 08:18:23
2022-01-24 17:15:41,2022-01-24 17:17:32,Located_Indoors, Texting/Browsing_Phone,annotator,Behavioral Parameters,2022-01-24 08:18:23,2022-01-24 08:20:14
2022-01-24 17:17:33,2022-01-24 17:17:40,Located_Indoors, Texting/Browsing_Phone,annotator,Behavioral Parameters,2022-01-24 08:20:15,2022-01-24 08:20:22
2022-01-24 17:17:40,2022-01-24 17:17:52,Located_Indoors,annotator,Behavioral Parameters,2022-01-24 08:20:22,2022-01-24 08:20:34
2022-01-24 17:17:53,2022-01-24 17:18:34,BP_VideoUnavailable/Indecipherable,annotator,Behavioral Parameters,2022-01-24 08:20:35,2022-01-24 08:21:16
2022-01-24 17:18:34,2022-01-24 17:27:40,Located_Indoors, Texting/Browsing_Phone,annotator,Behavioral Parameters,2022-01-24 08:21:16,2022-01-24 08:30:22
2022-01-24 17:27:40,2022-01-24 17:27:51,Located_Indoors,annotator,Behavioral Parameters,2022-01-24 08:30:22,2022-01-24 08:30:33
2022-01-24 17:27:51,2022-01-24 17:28:22,Located_Indoors,annotator,Behavioral Parameters,2022-01-24 08:30:33,2022-01-24 08:31:04
2022-01-24 17:28:22,2022-01-24 17:28:30,Located_Indoors,annotator,Behavioral Parameters,2022-01-24 08:31:04,2022-01-24 08:31:12
2022-01-24 17:28:30,2022-01-24 17:28:50,Located_Indoors,annotator,Behavioral Parameters,2022-01-24 08:31:12,2022-01-24 08:31:32
2022-01-24 17:29:10,2022-01-24 17:29:42,Located_Indoors, Holding_Other_Object_Light,annotator,Behavioral Parameters,2022-01-24 08:31:52,2022-01-24 08:32:24
2022-01-24 17:29:43,2022-01-24 17:30:43,Located_Indoors, Texting/Browsing_Phone, In_Conversation,annotator,Behavioral Parameters,2022-01-24 08:32:25,2022-01-24 08:33:25
2022-01-24 17:30:43,2022-01-24 17:30:57,Located_Indoors,annotator,Behavioral Parameters,2022-01-24 08:33:25,2022-01-24 08:33:39
2022-01-24 17:30:57,2022-01-24 17:31:27,Located_Indoors,annotator,Behavioral Parameters,2022-01-24 08:33:39,2022-01-24 08:34:09
2022-01-24 17:31:27,2022-01-24 17:32:37,Located_Outdoors,annotator,Behavioral Parameters,2022-01-24 08:34:09,2022-01-24 08:35:19
2022-01-24 17:32:37,2022-01-24 17:32:47,Located_Indoors,annotator,Behavioral Parameters,2022-01-24 08:35:19,2022-01-24 08:35:29
2022-01-24 17:32:47,2022-01-24 17:35:54,Located_Indoors, Browsing_Computer,annotator,Behavioral Parameters,2022-01-24 08:35:29,2022-01-24 08:38:36
2022-01-24 17:35:54,2022-01-24 17:37:20,Located_Indoors, Holding_Other_Object_Light,annotator,Behavioral Parameters,2022-01-24 08:38:36,2022-01-24 08:40:02
2022-01-24 17:37:20,2022-01-24 17:37:26,Located_Indoors, Holding_Other_Object_Light,annotator,Behavioral Parameters,2022-01-24 08:40:02,2022-01-24 08:40:08
2022-01-24 17:37:26,2022-01-24 17:37:58,Holding_Other_Object_Light, Located_Outdoors,annotator,Behavioral Parameters,2022-01-24 08:40:08,2022-01-24 08:40:40
2022-01-24 17:37:58,2022-01-24 17:38:07,Holding_Other_Object_Light, Located_Indoors,annotator,Behavioral Parameters,2022-01-24 08:40:40,2022-01-24 08:40:49
2022-01-24 17:38:07,2022-01-24 17:39:56,Holding_Other_Object_Light, Located_Indoors,annotator,Behavioral Parameters,2022-01-24 08:40:49,2022-01-24 08:42:38
2022-01-24 17:39:56,2022-01-24 17:40:33,Holding_Other_Object_Light, Located_Indoors,annotator,Behavioral Parameters,2022-01-24 08:42:38,2022-01-24 08:43:15
2022-01-24 17:40:33,2022-01-24 17:40:42,Holding_Other_Object_Light, Located_Indoors,annotator,Behavioral Parameters,2022-01-24 08:43:15,2022-01-24 08:43:24
2022-01-24 17:40:42,2022-01-24 17:42:03,Holding_Other_Object_Light, Located_Outdoors,annotator,Behavioral Parameters,2022-01-24 08:43:24,2022-01-24 08:44:45
2022-01-24 17:42:03,2022-01-24 17:42:18,Holding_Other_Object_Light, Located_Indoors,annotator,Behavioral Parameters,2022-01-24 08:44:45,2022-01-24 08:45:00
2022-01-24 17:42:18,2022-01-24 17:42:58,Holding_Other_Object_Light, Located_Indoors, Texting/Browsing_Phone, In_Conversation,annotator,Behavioral Parameters,2022-01-24 08:45:00,2022-01-24 08:45:40
2022-01-24 17:42:58,2022-01-24 17:43:44,Holding_Other_Object_Light, Located_Indoors, Texting/Browsing_Phone,annotator,Behavioral Parameters,2022-01-24 08:45:40,2022-01-24 08:46:26
2022-01-24 17:43:44,2022-01-24 17:45:28,Located_Indoors, Texting/Browsing_Phone,annotator,Behavioral Parameters,2022-01-24 08:46:26,2022-01-24 08:48:10
2022-01-24 17:45:28,2022-01-24 17:46:08,Located_Indoors, Texting/Browsing_Phone, In_Conversation,annotator,Behavioral Parameters,2022-01-24 08:48:10,2022-01-24 08:48:50
2022-01-24 17:46:08,2022-01-24 17:46:16,Located_Indoors, Texting/Browsing_Phone,annotator,Behavioral Parameters,2022-01-24 08:48:50,2022-01-24 08:48:58
2022-01-24 17:46:16,2022-01-24 17:46:33,Located_Indoors, Texting/Browsing_Phone,annotator,Behavioral Parameters,2022-01-24 08:48:58,2022-01-24 08:49:15
2022-01-24 17:46:33,2022-01-24 17:46:43,Located_Indoors, Texting/Browsing_Phone,annotator,Behavioral Parameters,2022-01-24 08:49:15,2022-01-24 08:49:25
2022-01-24 17:46:43,2022-01-24 17:51:24,BP_VideoUnavailable/Indecipherable,annotator,Behavioral Parameters,2022-01-24 08:49:25,2022-01-24 08:54:06
2022-01-24 17:51:30,2022-01-24 17:52:27,Located_Indoors, Texting/Browsing_Phone,annotator,Behavioral Parameters,2022-01-24 08:54:12,2022-01-24 08:55:09
2022-01-24 17:52:27,2022-01-24 17:52:37,Located_Indoors, Texting/Browsing_Phone,annotator,Behavioral Parameters,2022-01-24 08:55:09,2022-01-24 08:55:19
2022-01-24 17:52:38,2022-01-24 17:52:51,Located_Indoors, Texting/Browsing_Phone,annotator,Behavioral Parameters,2022-01-24 08:55:20,2022-01-24 08:55:33
2022-01-24 17:52:51,2022-01-24 17:53:46,Located_Indoors, Texting/Browsing_Phone,annotator,Behavioral Parameters,2022-01-24 08:55:33,2022-01-24 08:56:28
2022-01-24 17:53:46,2022-01-24 17:54:07,Located_Indoors,annotator,Behavioral Parameters,2022-01-24 08:56:28,2022-01-24 08:56:49
2022-01-24 17:54:07,2022-01-24 17:54:16,Located_Indoors,annotator,Behavioral Parameters,2022-01-24 08:56:49,2022-01-24 08:56:58
2022-01-24 17:54:16,2022-01-24 17:54:35,Located_Indoors,annotator,Behavioral Parameters,2022-01-24 08:56:58,2022-01-24 08:57:17
2022-01-24 17:54:35,2022-01-24 17:54:55,Located_Indoors,annotator,Behavioral Parameters,2022-01-24 08:57:17,2022-01-24 08:57:37
2022-01-24 17:54:55,2022-01-24 17:55:06,Located_Indoors,annotator,Behavioral Parameters,2022-01-24 08:57:37,2022-01-24 08:57:48
2022-01-24 17:55:06,2022-01-24 17:56:29,Located_Indoors, Texting/Browsing_Phone, Legs_Crossed,annotator,Behavioral Parameters,2022-01-24 08:57:48,2022-01-24 08:59:11
2022-01-24 17:56:29,2022-01-24 17:56:48,Located_Indoors, Texting/Browsing_Phone,annotator,Behavioral Parameters,2022-01-24 08:59:11,2022-01-24 08:59:30
2022-01-24 17:56:48,2022-01-24 17:59:15,Located_Indoors, Texting/Browsing_Phone,annotator,Behavioral Parameters,2022-01-24 08:59:30,2022-01-24 09:01:57
2022-01-24 17:59:16,2022-01-24 17:59:28,Located_Indoors, Texting/Browsing_Phone,annotator,Behavioral Parameters,2022-01-24 09:01:58,2022-01-24 09:02:10
2022-01-24 17:59:29,2022-01-24 18:00:08,Located_Indoors, Texting/Browsing_Phone,annotator,Behavioral Parameters,2022-01-24 09:02:11,2022-01-24 09:02:50
2022-01-24 18:00:09,2022-01-24 18:00:14,Located_Indoors, Texting/Browsing_Phone,annotator,Behavioral Parameters,2022-01-24 09:02:51,2022-01-24 09:02:56
2022-01-24 18:00:14,2022-01-24 18:00:35,Located_Indoors, Holding_Other_Object_Light,annotator,Behavioral Parameters,2022-01-24 09:02:56,2022-01-24 09:03:17
2022-01-24 18:00:35,2022-01-24 18:07:08,Located_Indoors, In_Conversation, On_Video_Call/FaceTime,annotator,Behavioral Parameters,2022-01-24 09:03:17,2022-01-24 09:09:50
2022-01-24 18:07:08,2022-01-24 18:07:23,Located_Indoors, In_Conversation, On_Video_Call/FaceTime,annotator,Behavioral Parameters,2022-01-24 09:09:50,2022-01-24 09:10:05
2022-01-24 18:07:23,2022-01-24 18:07:43,Located_Indoors, In_Conversation, On_Video_Call/FaceTime,annotator,Behavioral Parameters,2022-01-24 09:10:05,2022-01-24 09:10:25
2022-01-24 18:07:43,2022-01-24 18:08:37,Located_Indoors, Browsing_Computer,annotator,Behavioral Parameters,2022-01-24 09:10:25,2022-01-24 09:11:19
2022-01-24 18:08:37,2022-01-24 18:09:11,Located_Indoors,annotator,Behavioral Parameters,2022-01-24 09:11:19,2022-01-24 09:11:53
2022-01-24 18:09:11,2022-01-24 18:09:47,Located_Indoors,annotator,Behavioral Parameters,2022-01-24 09:11:53,2022-01-24 09:12:29
2022-01-24 18:09:47,2022-01-24 18:11:46,Texting/Browsing_Phone, Located_Indoors,annotator,Behavioral Parameters,2022-01-24 09:12:29,2022-01-24 09:14:28
2022-01-24 18:11:46,2022-01-24 18:11:55,Texting/Browsing_Phone, Located_Indoors,annotator,Behavioral Parameters,2022-01-24 09:14:28,2022-01-24 09:14:37
2022-01-24 18:11:56,2022-01-24 18:12:41,Texting/Browsing_Phone, Located_Indoors,annotator,Behavioral Parameters,2022-01-24 09:14:38,2022-01-24 09:15:23
2022-01-24 18:12:41,2022-01-24 18:12:55,Texting/Browsing_Phone, Located_Indoors, Holding_Other_Object_Light,annotator,Behavioral Parameters,2022-01-24 09:15:23,2022-01-24 09:15:37
2022-01-24 18:12:55,2022-01-24 18:13:05,Texting/Browsing_Phone, Located_Indoors, Holding_Other_Object_Light,annotator,Behavioral Parameters,2022-01-24 09:15:37,2022-01-24 09:15:47
2022-01-24 18:13:05,2022-01-24 18:14:31,Located_Indoors, Holding_Other_Object_Light, Handwriting,annotator,Behavioral Parameters,2022-01-24 09:15:47,2022-01-24 09:17:13
2022-01-24 18:14:32,2022-01-24 18:15:35,Located_Indoors, Holding_Other_Object_Light,annotator,Behavioral Parameters,2022-01-24 09:17:14,2022-01-24 09:18:17
2022-01-24 18:15:36,2022-01-24 18:16:30,Located_Indoors, Holding_Other_Object_Light, Handwriting,annotator,Behavioral Parameters,2022-01-24 09:18:18,2022-01-24 09:19:12
2022-01-24 18:16:30,2022-01-24 18:17:38,Located_Indoors, Holding_Other_Object_Light,annotator,Behavioral Parameters,2022-01-24 09:19:12,2022-01-24 09:20:20
2022-01-24 18:17:38,2022-01-24 18:22:13,Located_Indoors, Holding_Other_Object_Light, Handwriting,annotator,Behavioral Parameters,2022-01-24 09:20:20,2022-01-24 09:24:55
2022-01-24 18:22:13,2022-01-24 18:30:28,Located_Indoors, Holding_Other_Object_Light,annotator,Behavioral Parameters,2022-01-24 09:24:55,2022-01-24 09:33:10
2022-01-24 18:30:28,2022-01-24 18:30:41,Located_Indoors, Holding_Other_Object_Light,annotator,Behavioral Parameters,2022-01-24 09:33:10,2022-01-24 09:33:23
2022-01-24 18:30:43,2022-01-24 18:33:26,Located_Indoors, Texting/Browsing_Phone,annotator,Behavioral Parameters,2022-01-24 09:33:25,2022-01-24 09:36:08
2022-01-24 18:33:26,2022-01-24 18:34:13,Located_Indoors,annotator,Behavioral Parameters,2022-01-24 09:36:08,2022-01-24 09:36:55
2022-01-24 18:34:13,2022-01-24 18:35:28,,annotator,Behavioral Parameters,2022-01-24 09:36:55,2022-01-24 09:38:10
2022-01-24 18:35:28,2022-01-24 18:35:33,Located_Indoors, Texting/Browsing_Phone,annotator,Behavioral Parameters,2022-01-24 09:38:10,2022-01-24 09:38:15
2022-01-24 18:35:33,2022-01-24 18:35:45,Located_Indoors, Texting/Browsing_Phone,annotator,Behavioral Parameters,2022-01-24 09:38:15,2022-01-24 09:38:27
2022-01-24 18:35:45,2022-01-24 18:36:08,Located_Indoors, Handwriting,annotator,Behavioral Parameters,2022-01-24 09:38:27,2022-01-24 09:38:50
2022-01-24 18:36:08,2022-01-24 18:36:47,Located_Indoors, Holding_Other_Object_Light,annotator,Behavioral Parameters,2022-01-24 09:38:50,2022-01-24 09:39:29
2022-01-24 18:36:47,2022-01-24 18:38:34,Located_Indoors, Handwriting,annotator,Behavioral Parameters,2022-01-24 09:39:29,2022-01-24 09:41:16
2022-01-24 18:38:34,2022-01-24 18:39:24,Located_Indoors, Holding_Other_Object_Light,annotator,Behavioral Parameters,2022-01-24 09:41:16,2022-01-24 09:42:06
2022-01-24 18:39:24,2022-01-24 18:39:28,Located_Indoors, Holding_Other_Object_Light,annotator,Behavioral Parameters,2022-01-24 09:42:06,2022-01-24 09:42:10
2022-01-24 18:39:31,2022-01-24 18:40:21,Located_Indoors, Holding_Other_Object_Light, Handwriting,annotator,Behavioral Parameters,2022-01-24 09:42:13,2022-01-24 09:43:03
2022-01-24 18:40:21,2022-01-24 18:40:32,Located_Indoors, Holding_Other_Object_Light, Handwriting,annotator,Behavioral Parameters,2022-01-24 09:43:03,2022-01-24 09:43:14
2022-01-24 18:40:32,2022-01-24 18:41:14,Located_Indoors, Holding_Other_Object_Light, Handwriting,annotator,Behavioral Parameters,2022-01-24 09:43:14,2022-01-24 09:43:56
2022-01-24 18:41:14,2022-01-24 18:43:12,Located_Indoors, Holding_Other_Object_Light,annotator,Behavioral Parameters,2022-01-24 09:43:56,2022-01-24 09:45:54
2022-01-24 18:43:12,2022-01-24 18:43:52,Located_Indoors, Holding_Other_Object_Light, Handwriting,annotator,Behavioral Parameters,2022-01-24 09:45:54,2022-01-24 09:46:34
2022-01-24 18:43:52,2022-01-24 18:45:06,Located_Indoors, Holding_Other_Object_Light,annotator,Behavioral Parameters,2022-01-24 09:46:34,2022-01-24 09:47:48
2022-01-24 18:45:06,2022-01-24 18:45:49,Located_Indoors,annotator,Behavioral Parameters,2022-01-24 09:47:48,2022-01-24 09:48:31
2022-01-24 18:45:49,2022-01-24 18:46:58,Located_Indoors, Holding_Other_Object_Light,annotator,Behavioral Parameters,2022-01-24 09:48:31,2022-01-24 09:49:40
2022-01-24 18:46:58,2022-01-24 18:47:31,Located_Indoors,annotator,Behavioral Parameters,2022-01-24 09:49:40,2022-01-24 09:50:13
2022-01-24 18:47:31,2022-01-24 18:48:08,Located_Indoors, Holding_Other_Object_Light,annotator,Behavioral Parameters,2022-01-24 09:50:13,2022-01-24 09:50:50
2022-01-24 18:48:09,2022-01-24 18:48:24,Located_Indoors,annotator,Behavioral Parameters,2022-01-24 09:50:51,2022-01-24 09:51:06
2022-01-24 18:48:24,2022-01-24 18:49:00,Located_Indoors, Legs_Crossed, Holding_Other_Object_Light,annotator,Behavioral Parameters,2022-01-24 09:51:06,2022-01-24 09:51:42
2022-01-24 18:49:00,2022-01-24 18:49:27,Located_Indoors, Legs_Crossed, Handwriting,annotator,Behavioral Parameters,2022-01-24 09:51:42,2022-01-24 09:52:09
2022-01-24 18:49:27,2022-01-24 18:55:23,Located_Indoors, Legs_Crossed,annotator,Behavioral Parameters,2022-01-24 09:52:09,2022-01-24 09:58:05
2022-01-24 18:55:23,2022-01-24 18:56:37,Located_Indoors, Legs_Crossed, Handwriting,annotator,Behavioral Parameters,2022-01-24 09:58:05,2022-01-24 09:59:19
2022-01-24 18:56:51,2022-01-24 19:00:31,Located_Indoors, Legs_Crossed, Holding_Other_Object_Light, On_Phone_Call, In_Conversation,annotator,Behavioral Parameters,2022-01-24 09:59:33,2022-01-24 10:03:13
2022-01-24 19:00:40,2022-01-24 19:01:03,Located_Indoors, Legs_Crossed, On_Phone_Call, In_Conversation, Handwriting,annotator,Behavioral Parameters,2022-01-24 10:03:22,2022-01-24 10:03:45
2022-01-24 19:01:04,2022-01-24 19:06:54,Located_Indoors, Legs_Crossed,annotator,Behavioral Parameters,2022-01-24 10:03:46,2022-01-24 10:09:36
2022-01-24 19:06:54,2022-01-24 19:08:00,Located_Indoors, Legs_Uncrossed, Texting/Browsing_Phone,annotator,Behavioral Parameters,2022-01-24 10:09:36,2022-01-24 10:10:42
2022-01-24 19:08:01,2022-01-24 19:08:35,Located_Indoors,annotator,Behavioral Parameters,2022-01-24 10:10:43,2022-01-24 10:11:17
2022-01-24 19:08:37,2022-01-24 19:09:42,BP_VideoUnavailable/Indecipherable,annotator,Behavioral Parameters,2022-01-24 10:11:19,2022-01-24 10:12:24
2022-01-24 19:09:42,2022-01-24 19:09:55,Located_Indoors,annotator,Behavioral Parameters,2022-01-24 10:12:24,2022-01-24 10:12:37
2022-01-24 19:09:55,2022-01-24 19:10:09,Located_Indoors, Texting/Browsing_Phone,annotator,Behavioral Parameters,2022-01-24 10:12:37,2022-01-24 10:12:51
2022-01-24 19:10:09,2022-01-24 19:10:37,Located_Indoors, Texting/Browsing_Phone,annotator,Behavioral Parameters,2022-01-24 10:12:51,2022-01-24 10:13:19
2022-01-24 19:10:37,2022-01-24 19:10:44,Located_Indoors, Handwriting,annotator,Behavioral Parameters,2022-01-24 10:13:19,2022-01-24 10:13:26
2022-01-24 19:10:44,2022-01-24 19:10:58,Located_Indoors,annotator,Behavioral Parameters,2022-01-24 10:13:26,2022-01-24 10:13:40
2022-01-24 19:10:59,2022-01-24 19:11:18,Located_Indoors,annotator,Behavioral Parameters,2022-01-24 10:13:41,2022-01-24 10:14:00
2022-01-24 19:11:18,2022-01-24 19:11:25,Located_Indoors, Holding_Drink,annotator,Behavioral Parameters,2022-01-24 10:14:00,2022-01-24 10:14:07
2022-01-24 19:11:25,2022-01-24 19:11:33,Located_Indoors, Holding_Drink,annotator,Behavioral Parameters,2022-01-24 10:14:07,2022-01-24 10:14:15
2022-01-24 19:11:33,2022-01-24 19:12:28,Located_Indoors, Holding_Other_Object_Light,annotator,Behavioral Parameters,2022-01-24 10:14:15,2022-01-24 10:15:10
2022-01-24 19:12:28,2022-01-24 19:13:33,Located_Indoors, Legs_Uncrossed, Texting/Browsing_Phone,annotator,Behavioral Parameters,2022-01-24 10:15:10,2022-01-24 10:16:15
2022-01-24 19:13:33,2022-01-24 19:16:15,Located_Indoors, Browsing_Computer,annotator,Behavioral Parameters,2022-01-24 10:16:15,2022-01-24 10:18:57
2022-01-24 19:16:15,2022-01-24 19:18:55,Located_Indoors, Handwriting,annotator,Behavioral Parameters,2022-01-24 10:18:57,2022-01-24 10:21:37
2022-01-24 19:18:55,2022-01-24 19:23:07,Located_Indoors, Browsing_Computer, Holding_Other_Object_Light,annotator,Behavioral Parameters,2022-01-24 10:21:37,2022-01-24 10:25:49
2022-01-24 19:23:07,2022-01-24 19:24:05,Located_Indoors, Browsing_Computer, Texting/Browsing_Phone,annotator,Behavioral Parameters,2022-01-24 10:25:49,2022-01-24 10:26:47
2022-01-24 19:24:05,2022-01-24 19:26:47,Located_Indoors, Browsing_Computer, Holding_Other_Object_Light,annotator,Behavioral Parameters,2022-01-24 10:26:47,2022-01-24 10:29:29
2022-01-24 19:26:47,2022-01-24 19:30:21,Located_Indoors, Browsing_Computer, Handwriting,annotator,Behavioral Parameters,2022-01-24 10:29:29,2022-01-24 10:33:03
2022-01-24 19:30:21,2022-01-24 19:32:29,Located_Indoors, Texting/Browsing_Phone,annotator,Behavioral Parameters,2022-01-24 10:33:03,2022-01-24 10:35:11
2022-01-24 19:32:29,2022-01-24 19:32:41,Handwriting, Located_Indoors,annotator,Behavioral Parameters,2022-01-24 10:35:11,2022-01-24 10:35:23
2022-01-24 19:32:41,2022-01-24 19:33:00,Handwriting, Located_Indoors,annotator,Behavioral Parameters,2022-01-24 10:35:23,2022-01-24 10:35:42
2022-01-24 19:33:00,2022-01-24 19:33:08,Located_Indoors,annotator,Behavioral Parameters,2022-01-24 10:35:42,2022-01-24 10:35:50
2022-01-24 19:33:08,2022-01-24 19:33:23,Located_Indoors, Browsing_Computer,annotator,Behavioral Parameters,2022-01-24 10:35:50,2022-01-24 10:36:05
2022-01-24 19:33:23,2022-01-24 19:34:05,Located_Indoors, Texting/Browsing_Phone,annotator,Behavioral Parameters,2022-01-24 10:36:05,2022-01-24 10:36:47
2022-01-24 19:34:05,2022-01-24 19:34:28,Located_Indoors,annotator,Behavioral Parameters,2022-01-24 10:36:47,2022-01-24 10:37:10
2022-01-24 19:34:28,2022-01-24 19:38:17,Located_Indoors, Texting/Browsing_Phone, Browsing_Computer,annotator,Behavioral Parameters,2022-01-24 10:37:10,2022-01-24 10:40:59
2022-01-24 19:38:17,2022-01-24 19:51:01,Located_Indoors, Browsing_Computer,annotator,Behavioral Parameters,2022-01-24 10:40:59,2022-01-24 10:53:43
2022-01-24 19:51:01,2022-01-24 19:51:25,Located_Indoors, Texting/Browsing_Phone,annotator,Behavioral Parameters,2022-01-24 10:53:43,2022-01-24 10:54:07
2022-01-24 19:51:25,2022-01-24 19:51:40,Located_Indoors,annotator,Behavioral Parameters,2022-01-24 10:54:07,2022-01-24 10:54:22
2022-01-24 19:51:40,2022-01-24 19:52:10,Located_Indoors,annotator,Behavioral Parameters,2022-01-24 10:54:22,2022-01-24 10:54:52
2022-01-24 19:52:23,2022-01-24 19:55:11,BP_VideoUnavailable/Indecipherable,annotator,Behavioral Parameters,2022-01-24 10:55:05,2022-01-24 10:57:53
2022-01-24 19:55:11,2022-01-24 19:55:33,Located_Indoors, Browsing_Computer,annotator,Behavioral Parameters,2022-01-24 10:57:53,2022-01-24 10:58:15
2022-01-24 19:55:33,2022-01-24 20:09:19,Located_Indoors, Texting/Browsing_Phone,annotator,Behavioral Parameters,2022-01-24 10:58:15,2022-01-24 11:12:01
2022-01-24 20:09:19,2022-01-24 20:10:10,Located_Indoors, Browsing_Computer,annotator,Behavioral Parameters,2022-01-24 11:12:01,2022-01-24 11:12:52
2022-01-24 20:10:11,2022-01-24 20:19:37,Located_Indoors, Texting/Browsing_Phone,annotator,Behavioral Parameters,2022-01-24 11:12:53,2022-01-24 11:22:19
2022-01-24 20:19:37,2022-01-24 20:22:55,Located_Indoors, Browsing_Computer,annotator,Behavioral Parameters,2022-01-24 11:22:19,2022-01-24 11:25:37
2022-01-24 20:22:56,2022-01-24 20:36:26,Located_Indoors, Texting/Browsing_Phone,annotator,Behavioral Parameters,2022-01-24 11:25:38,2022-01-24 11:39:08
2022-01-24 20:36:26,2022-01-24 20:36:48,Located_Indoors, Holding_Other_Object_Light,annotator,Behavioral Parameters,2022-01-24 11:39:08,2022-01-24 11:39:30
2022-01-24 20:36:48,2022-01-24 20:45:22,Located_Indoors, Browsing_Computer,annotator,Behavioral Parameters,2022-01-24 11:39:30,2022-01-24 11:48:04
2022-01-24 20:45:23,2022-01-24 20:46:00,Located_Indoors, Texting/Browsing_Phone,annotator,Behavioral Parameters,2022-01-24 11:48:05,2022-01-24 11:48:42
2022-01-24 20:46:00,2022-01-24 20:47:27,Located_Indoors, Browsing_Computer,annotator,Behavioral Parameters,2022-01-24 11:48:42,2022-01-24 11:50:09
2022-01-24 20:48:50,2022-01-24 21:08:37,Located_Indoors, Browsing_Computer,annotator,Behavioral Parameters,2022-01-24 11:51:32,2022-01-24 12:11:19
2022-01-24 21:08:38,2022-01-24 21:12:25,Located_Indoors, Browsing_Computer, Typing_Computer,annotator,Behavioral Parameters,2022-01-24 12:11:20,2022-01-24 12:15:07
2022-01-24 21:12:25,2022-01-24 21:13:39,Located_Indoors, Browsing_Computer,annotator,Behavioral Parameters,2022-01-24 12:15:07,2022-01-24 12:16:21
2022-01-24 21:13:39,2022-01-24 21:14:15,Located_Indoors, On_Video_Call/FaceTime,annotator,Behavioral Parameters,2022-01-24 12:16:21,2022-01-24 12:16:57
2022-01-24 21:14:43,2022-01-24 21:15:52,Located_Indoors, On_Video_Call/FaceTime,annotator,Behavioral Parameters,2022-01-24 12:17:25,2022-01-24 12:18:34
2022-01-24 21:15:53,2022-01-24 21:16:34,Located_Indoors, On_Video_Call/FaceTime,annotator,Behavioral Parameters,2022-01-24 12:18:35,2022-01-24 12:19:16
2022-01-24 21:16:34,2022-01-24 21:20:11,Located_Indoors, On_Video_Call/FaceTime,annotator,Behavioral Parameters,2022-01-24 12:19:16,2022-01-24 12:22:53
2022-01-24 21:20:11,2022-01-24 21:20:18,Located_Indoors, On_Video_Call/FaceTime,annotator,Behavioral Parameters,2022-01-24 12:22:53,2022-01-24 12:23:00
2022-01-24 21:20:18,2022-01-24 21:20:38,Located_Indoors,annotator,Behavioral Parameters,2022-01-24 12:23:00,2022-01-24 12:23:20
2022-01-24 21:20:38,2022-01-24 21:21:07,Located_Indoors, Texting/Browsing_Phone,annotator,Behavioral Parameters,2022-01-24 12:23:20,2022-01-24 12:23:49
2022-01-24 21:21:07,2022-01-24 21:35:54,Located_Indoors, Browsing_Computer, Typing_Computer,annotator,Behavioral Parameters,2022-01-24 12:23:49,2022-01-24 12:38:36
2022-01-24 21:35:54,2022-01-24 21:36:47,Located_Indoors, Handwriting,annotator,Behavioral Parameters,2022-01-24 12:38:36,2022-01-24 12:39:29
2022-01-24 21:36:47,2022-01-24 21:37:16,Located_Indoors, Texting/Browsing_Phone,annotator,Behavioral Parameters,2022-01-24 12:39:29,2022-01-24 12:39:58
2022-01-24 21:37:16,2022-01-24 21:45:35,Located_Indoors, Typing_Computer, Browsing_Computer,annotator,Behavioral Parameters,2022-01-24 12:39:58,2022-01-24 12:48:17
2022-01-24 21:45:37,2022-01-24 21:45:46,Located_Indoors,annotator,Behavioral Parameters,2022-01-24 12:48:19,2022-01-24 12:48:28
2022-01-24 21:45:47,2022-01-24 21:46:27,Located_Indoors, Holding_Solid_Food,annotator,Behavioral Parameters,2022-01-24 12:48:29,2022-01-24 12:49:09
2022-01-24 21:46:27,2022-01-24 21:46:37,Located_Indoors, Holding_Solid_Food,annotator,Behavioral Parameters,2022-01-24 12:49:09,2022-01-24 12:49:19
2022-01-24 21:46:45,2022-01-24 21:47:41,Located_Indoors, Holding_Solid_Food,annotator,Behavioral Parameters,2022-01-24 12:49:27,2022-01-24 12:50:23
2022-01-24 21:47:44,2022-01-24 21:48:29,Located_Indoors, Holding_Solid_Food,annotator,Behavioral Parameters,2022-01-24 12:50:26,2022-01-24 12:51:11
2022-01-24 21:48:30,2022-01-24 21:48:43,Located_Indoors, Holding_Solid_Food,annotator,Behavioral Parameters,2022-01-24 12:51:12,2022-01-24 12:51:25
2022-01-24 21:48:43,2022-01-24 21:49:06,Located_Indoors, Holding_Solid_Food,annotator,Behavioral Parameters,2022-01-24 12:51:25,2022-01-24 12:51:48
2022-01-24 21:49:06,2022-01-24 21:49:17,Located_Indoors,annotator,Behavioral Parameters,2022-01-24 12:51:48,2022-01-24 12:51:59
2022-01-24 21:49:23,2022-01-24 21:49:34,Located_Indoors,annotator,Behavioral Parameters,2022-01-24 12:52:05,2022-01-24 12:52:16
2022-01-24 21:49:34,2022-01-24 21:49:50,Located_Indoors, Texting/Browsing_Phone,annotator,Behavioral Parameters,2022-01-24 12:52:16,2022-01-24 12:52:32
2022-01-24 21:49:50,2022-01-24 21:57:18,Located_Indoors, Holding_Solid_Food,annotator,Behavioral Parameters,2022-01-24 12:52:32,2022-01-24 13:00:00
2022-01-24 21:57:19,2022-01-24 21:57:29,Located_Indoors,annotator,Behavioral Parameters,2022-01-24 13:00:01,2022-01-24 13:00:11
2022-01-24 21:57:29,2022-01-24 21:58:56,Located_Indoors, Holding_Other_Object_Light, Holding_Solid_Food,annotator,Behavioral Parameters,2022-01-24 13:00:11,2022-01-24 13:01:38
2022-01-24 21:58:56,2022-01-24 22:07:37,Located_Indoors, Holding_Other_Object_Light, Holding_Solid_Food,annotator,Behavioral Parameters,2022-01-24 13:01:38,2022-01-24 13:10:19
2022-01-24 22:07:37,2022-01-24 22:11:43,Located_Indoors, Holding_Other_Object_Light,annotator,Behavioral Parameters,2022-01-24 13:10:19,2022-01-24 13:14:25
2022-01-24 22:11:45,2022-01-24 22:12:26,Located_Indoors, Holding_Other_Object_Light,annotator,Behavioral Parameters,2022-01-24 13:14:27,2022-01-24 13:15:08
2022-01-24 22:12:26,2022-01-24 22:19:57,Located_Indoors, Holding_Other_Object_Light,annotator,Behavioral Parameters,2022-01-24 13:15:08,2022-01-24 13:22:39
2022-01-24 22:20:16,2022-01-24 22:20:40,Located_Indoors, Holding_Other_Object_Light,annotator,Behavioral Parameters,2022-01-24 13:22:58,2022-01-24 13:23:22
2022-01-24 22:20:40,2022-01-24 22:20:46,Located_Indoors, Holding_Other_Object_Light,annotator,Behavioral Parameters,2022-01-24 13:23:22,2022-01-24 13:23:28
2022-01-24 22:20:46,2022-01-24 22:22:14,Located_Indoors, Holding_Other_Object_Light,annotator,Behavioral Parameters,2022-01-24 13:23:28,2022-01-24 13:24:56
2022-01-24 22:22:15,2022-01-24 22:24:02,Located_Indoors, Holding_Other_Object_Light,annotator,Behavioral Parameters,2022-01-24 13:24:57,2022-01-24 13:26:44
2022-01-24 22:24:02,2022-01-24 22:24:22,Located_Indoors, Texting/Browsing_Phone,annotator,Behavioral Parameters,2022-01-24 13:26:44,2022-01-24 13:27:04
2022-01-24 22:24:22,2022-01-24 22:24:39,Located_Indoors, Holding_Other_Object_Light,annotator,Behavioral Parameters,2022-01-24 13:27:04,2022-01-24 13:27:21
2022-01-24 22:24:39,2022-01-24 22:31:59,Located_Indoors, Holding_Other_Object_Light,annotator,Behavioral Parameters,2022-01-24 13:27:21,2022-01-24 13:34:41
2022-01-24 22:32:00,2022-01-24 22:32:43,Located_Indoors, Holding_Other_Object_Light,annotator,Behavioral Parameters,2022-01-24 13:34:42,2022-01-24 13:35:25
2022-01-24 22:32:43,2022-01-24 22:33:06,Located_Indoors, Holding_Other_Object_Light,annotator,Behavioral Parameters,2022-01-24 13:35:25,2022-01-24 13:35:48
2022-01-24 22:33:12,2022-01-24 22:34:07,Located_Indoors, Legs_Crossed, Holding_Solid_Food,annotator,Behavioral Parameters,2022-01-24 13:35:54,2022-01-24 13:36:49
2022-01-24 22:34:11,2022-01-24 22:37:46,Located_Indoors, Legs_Crossed, Holding_Solid_Food,annotator,Behavioral Parameters,2022-01-24 13:36:53,2022-01-24 13:40:28
2022-01-24 22:37:46,2022-01-24 22:38:29,Located_Indoors, Holding_Drink,annotator,Behavioral Parameters,2022-01-24 13:40:28,2022-01-24 13:41:11
2022-01-24 22:38:29,2022-01-24 22:38:52,Located_Indoors, In_Conversation,annotator,Behavioral Parameters,2022-01-24 13:41:11,2022-01-24 13:41:34
2022-01-24 22:38:52,2022-01-24 22:39:12,Located_Indoors, Holding_Other_Object_Light,annotator,Behavioral Parameters,2022-01-24 13:41:34,2022-01-24 13:41:54
2022-01-24 22:39:19,2022-01-24 22:42:28,Located_Indoors, Holding_Other_Object_Light,annotator,Behavioral Parameters,2022-01-24 13:42:01,2022-01-24 13:45:10
2022-01-24 22:42:28,2022-01-24 22:52:11,Located_Indoors, Holding_Other_Object_Light,annotator,Behavioral Parameters,2022-01-24 13:45:10,2022-01-24 13:54:53
2022-01-24 22:52:14,2022-01-24 22:52:42,Located_Indoors,annotator,Behavioral Parameters,2022-01-24 13:54:56,2022-01-24 13:55:24
2022-01-24 22:52:42,2022-01-24 22:53:45,Located_Indoors, In_Conversation,annotator,Behavioral Parameters,2022-01-24 13:55:24,2022-01-24 13:56:27
2022-01-24 22:53:45,2022-01-24 22:58:18,Located_Indoors, In_Conversation,annotator,Behavioral Parameters,2022-01-24 13:56:27,2022-01-24 14:01:00
2022-01-24 22:58:18,2022-01-24 22:58:46,Located_Indoors, In_Conversation,annotator,Behavioral Parameters,2022-01-24 14:01:00,2022-01-24 14:01:28
2022-01-24 22:58:48,2022-01-24 23:01:13,Located_Indoors, In_Conversation,annotator,Behavioral Parameters,2022-01-24 14:01:30,2022-01-24 14:03:55
2022-01-24 23:01:13,2022-01-24 23:02:19,Located_Indoors,annotator,Behavioral Parameters,2022-01-24 14:03:55,2022-01-24 14:05:01
2022-01-24 23:02:19,2022-01-24 23:02:36,Located_Indoors,annotator,Behavioral Parameters,2022-01-24 14:05:01,2022-01-24 14:05:18
