START_TIME,STOP_TIME,PREDICTION,SOURCE,LABELSET,VIDEO_START_TIME,VIDEO_END_TIME
2022-05-24 18:35:53,2022-05-24 18:40:50,HLB_Indecipherable/Video_Insufficient,annotator,HIGH LEVEL BEHAVIOR,2022-05-24 00:00:00,2022-05-24 00:04:57
2022-05-24 18:40:50,2022-05-24 18:41:26,Meeting _Social_Gathering_In_Person,annotator,HIGH LEVEL BEHAVIOR,2022-05-24 00:04:57,2022-05-24 00:05:33
2022-05-24 18:41:26,2022-05-24 18:42:33,Meeting _Social_Gathering_In_Person,annotator,HIGH LEVEL BEHAVIOR,2022-05-24 00:05:33,2022-05-24 00:06:40
2022-05-24 18:42:35,2022-05-24 18:42:51,,annotator,HIGH LEVEL BEHAVIOR,2022-05-24 00:06:42,2022-05-24 00:06:58
2022-05-24 18:42:51,2022-05-24 18:43:05,,annotator,HIGH LEVEL BEHAVIOR,2022-05-24 00:06:58,2022-05-24 00:07:12
2022-05-24 18:43:05,2022-05-24 18:43:09,,annotator,HIGH LEVEL BEHAVIOR,2022-05-24 00:07:12,2022-05-24 00:07:16
2022-05-24 18:43:09,2022-05-24 18:43:28,Riding_Elevator_Down,annotator,HIGH LEVEL BEHAVIOR,2022-05-24 00:07:16,2022-05-24 00:07:35
2022-05-24 18:43:28,2022-05-24 18:43:42,In_Transit_Active,annotator,HIGH LEVEL BEHAVIOR,2022-05-24 00:07:35,2022-05-24 00:07:49
2022-05-24 18:43:42,2022-05-24 18:44:51,In_Transit_Active,annotator,HIGH LEVEL BEHAVIOR,2022-05-24 00:07:49,2022-05-24 00:08:58
2022-05-24 18:44:51,2022-05-24 18:45:05,In_Transit_Active,annotator,HIGH LEVEL BEHAVIOR,2022-05-24 00:08:58,2022-05-24 00:09:12
2022-05-24 18:45:05,2022-05-24 18:45:27,In_Transit_Active,annotator,HIGH LEVEL BEHAVIOR,2022-05-24 00:09:12,2022-05-24 00:09:34
2022-05-24 18:45:27,2022-05-24 18:46:39,HLB_Indecipherable/Video_Insufficient,annotator,HIGH LEVEL BEHAVIOR,2022-05-24 00:09:34,2022-05-24 00:10:46
2022-05-24 18:46:39,2022-05-24 18:46:47,Riding_Elevator_Up,annotator,HIGH LEVEL BEHAVIOR,2022-05-24 00:10:46,2022-05-24 00:10:54
2022-05-24 18:46:47,2022-05-24 18:46:55,,annotator,HIGH LEVEL BEHAVIOR,2022-05-24 00:10:54,2022-05-24 00:11:02
2022-05-24 18:46:55,2022-05-24 18:47:00,,annotator,HIGH LEVEL BEHAVIOR,2022-05-24 00:11:02,2022-05-24 00:11:07
2022-05-24 18:47:00,2022-05-24 18:47:12,,annotator,HIGH LEVEL BEHAVIOR,2022-05-24 00:11:07,2022-05-24 00:11:19
2022-05-24 18:47:12,2022-05-24 18:47:16,,annotator,HIGH LEVEL BEHAVIOR,2022-05-24 00:11:19,2022-05-24 00:11:23
2022-05-24 18:47:16,2022-05-24 18:47:21,,annotator,HIGH LEVEL BEHAVIOR,2022-05-24 00:11:23,2022-05-24 00:11:28
2022-05-24 18:47:21,2022-05-24 18:47:35,,annotator,HIGH LEVEL BEHAVIOR,2022-05-24 00:11:28,2022-05-24 00:11:42
2022-05-24 18:47:35,2022-05-24 18:47:38,,annotator,HIGH LEVEL BEHAVIOR,2022-05-24 00:11:42,2022-05-24 00:11:45
2022-05-24 18:47:38,2022-05-24 18:47:59,,annotator,HIGH LEVEL BEHAVIOR,2022-05-24 00:11:45,2022-05-24 00:12:06
2022-05-24 18:47:59,2022-05-24 18:48:05,,annotator,HIGH LEVEL BEHAVIOR,2022-05-24 00:12:06,2022-05-24 00:12:12
2022-05-24 18:48:09,2022-05-24 18:48:20,,annotator,HIGH LEVEL BEHAVIOR,2022-05-24 00:12:16,2022-05-24 00:12:27
2022-05-24 18:48:20,2022-05-24 18:48:32,Packing/Unpacking_Something,annotator,HIGH LEVEL BEHAVIOR,2022-05-24 00:12:27,2022-05-24 00:12:39
2022-05-24 18:48:32,2022-05-24 19:06:38,Using_Computer/Screen,annotator,HIGH LEVEL BEHAVIOR,2022-05-24 00:12:39,2022-05-24 00:30:45
2022-05-24 19:06:38,2022-05-24 19:07:14,,annotator,HIGH LEVEL BEHAVIOR,2022-05-24 00:30:45,2022-05-24 00:31:21
2022-05-24 19:07:14,2022-05-24 19:07:45,,annotator,HIGH LEVEL BEHAVIOR,2022-05-24 00:31:21,2022-05-24 00:31:52
2022-05-24 19:07:45,2022-05-24 19:37:37,HLB_Indecipherable/Video_Insufficient,annotator,HIGH LEVEL BEHAVIOR,2022-05-24 00:31:52,2022-05-24 01:01:44
2022-05-24 19:37:37,2022-05-24 19:39:00,Dressing/Undressing,annotator,HIGH LEVEL BEHAVIOR,2022-05-24 01:01:44,2022-05-24 01:03:07
2022-05-24 19:39:00,2022-05-24 19:39:31,,annotator,HIGH LEVEL BEHAVIOR,2022-05-24 01:03:07,2022-05-24 01:03:38
2022-05-24 19:39:31,2022-05-24 19:40:26,,annotator,HIGH LEVEL BEHAVIOR,2022-05-24 01:03:38,2022-05-24 01:04:33
2022-05-24 19:40:26,2022-05-24 19:40:37,,annotator,HIGH LEVEL BEHAVIOR,2022-05-24 01:04:33,2022-05-24 01:04:44
2022-05-24 19:40:37,2022-05-24 19:41:01,,annotator,HIGH LEVEL BEHAVIOR,2022-05-24 01:04:44,2022-05-24 01:05:08
2022-05-24 19:41:01,2022-05-24 19:42:44,,annotator,HIGH LEVEL BEHAVIOR,2022-05-24 01:05:08,2022-05-24 01:06:51
2022-05-24 19:42:44,2022-05-24 19:42:57,,annotator,HIGH LEVEL BEHAVIOR,2022-05-24 01:06:51,2022-05-24 01:07:04
2022-05-24 19:42:57,2022-05-24 19:43:52,Using_Computer/Screen,annotator,HIGH LEVEL BEHAVIOR,2022-05-24 01:07:04,2022-05-24 01:07:59
2022-05-24 19:43:52,2022-05-24 19:44:08,Using_Computer/Screen,annotator,HIGH LEVEL BEHAVIOR,2022-05-24 01:07:59,2022-05-24 01:08:15
2022-05-24 19:44:08,2022-05-24 19:44:39,Using_Computer/Screen,annotator,HIGH LEVEL BEHAVIOR,2022-05-24 01:08:15,2022-05-24 01:08:46
2022-05-24 19:44:39,2022-05-24 19:45:06,Using_Computer/Screen,annotator,HIGH LEVEL BEHAVIOR,2022-05-24 01:08:46,2022-05-24 01:09:13
2022-05-24 19:45:06,2022-05-24 19:45:30,Using_Computer/Screen,annotator,HIGH LEVEL BEHAVIOR,2022-05-24 01:09:13,2022-05-24 01:09:37
2022-05-24 19:45:30,2022-05-24 19:45:52,Using_Computer/Screen,annotator,HIGH LEVEL BEHAVIOR,2022-05-24 01:09:37,2022-05-24 01:09:59
2022-05-24 19:45:52,2022-05-24 19:46:15,Using_Computer/Screen,annotator,HIGH LEVEL BEHAVIOR,2022-05-24 01:09:59,2022-05-24 01:10:22
2022-05-24 19:46:15,2022-05-24 19:46:24,Using_Computer/Screen,annotator,HIGH LEVEL BEHAVIOR,2022-05-24 01:10:22,2022-05-24 01:10:31
2022-05-24 19:46:24,2022-05-24 19:46:52,Using_Computer/Screen,annotator,HIGH LEVEL BEHAVIOR,2022-05-24 01:10:31,2022-05-24 01:10:59
2022-05-24 19:46:52,2022-05-24 19:47:08,Using_Computer/Screen,annotator,HIGH LEVEL BEHAVIOR,2022-05-24 01:10:59,2022-05-24 01:11:15
2022-05-24 19:47:08,2022-05-24 19:48:10,Using_Computer/Screen,annotator,HIGH LEVEL BEHAVIOR,2022-05-24 01:11:15,2022-05-24 01:12:17
2022-05-24 19:48:10,2022-05-24 19:48:20,Using_Computer/Screen,annotator,HIGH LEVEL BEHAVIOR,2022-05-24 01:12:17,2022-05-24 01:12:27
2022-05-24 19:48:21,2022-05-24 19:49:29,Using_Computer/Screen, WatchingTV/Movies,annotator,HIGH LEVEL BEHAVIOR,2022-05-24 01:12:28,2022-05-24 01:13:36
2022-05-24 19:49:29,2022-05-24 19:49:36,Using_Computer/Screen, WatchingTV/Movies,annotator,HIGH LEVEL BEHAVIOR,2022-05-24 01:13:36,2022-05-24 01:13:43
2022-05-24 19:49:36,2022-05-24 19:53:39,Using_Computer/Screen, WatchingTV/Movies,annotator,HIGH LEVEL BEHAVIOR,2022-05-24 01:13:43,2022-05-24 01:17:46
2022-05-24 19:53:39,2022-05-24 19:55:38,Using_Computer/Screen, WatchingTV/Movies,annotator,HIGH LEVEL BEHAVIOR,2022-05-24 01:17:46,2022-05-24 01:19:45
2022-05-24 19:55:38,2022-05-24 19:55:54,Using_Computer/Screen, WatchingTV/Movies,annotator,HIGH LEVEL BEHAVIOR,2022-05-24 01:19:45,2022-05-24 01:20:01
2022-05-24 19:55:54,2022-05-24 19:56:54,Using_Computer/Screen, WatchingTV/Movies,annotator,HIGH LEVEL BEHAVIOR,2022-05-24 01:20:01,2022-05-24 01:21:01
2022-05-24 19:56:54,2022-05-24 19:57:47,,annotator,HIGH LEVEL BEHAVIOR,2022-05-24 01:21:01,2022-05-24 01:21:54
2022-05-24 19:57:47,2022-05-24 19:59:42,HLB_Other,annotator,HIGH LEVEL BEHAVIOR,2022-05-24 01:21:54,2022-05-24 01:23:49
2022-05-24 19:59:42,2022-05-24 20:04:49,,annotator,HIGH LEVEL BEHAVIOR,2022-05-24 01:23:49,2022-05-24 01:28:56
2022-05-24 20:04:49,2022-05-24 20:10:54,,annotator,HIGH LEVEL BEHAVIOR,2022-05-24 01:28:56,2022-05-24 01:35:01
2022-05-24 20:10:54,2022-05-24 20:12:29,HLB_Indecipherable/Video_Insufficient,annotator,HIGH LEVEL BEHAVIOR,2022-05-24 01:35:01,2022-05-24 01:36:36
2022-05-24 20:12:29,2022-05-24 20:14:45,HLB_Indecipherable/Video_Insufficient,annotator,HIGH LEVEL BEHAVIOR,2022-05-24 01:36:36,2022-05-24 01:38:52
2022-05-24 20:14:45,2022-05-24 20:15:02,HLB_Indecipherable/Video_Insufficient,annotator,HIGH LEVEL BEHAVIOR,2022-05-24 01:38:52,2022-05-24 01:39:09
2022-05-24 20:15:02,2022-05-24 20:15:17,,annotator,HIGH LEVEL BEHAVIOR,2022-05-24 01:39:09,2022-05-24 01:39:24
2022-05-24 20:15:17,2022-05-24 20:15:22,,annotator,HIGH LEVEL BEHAVIOR,2022-05-24 01:39:24,2022-05-24 01:39:29
2022-05-24 20:15:22,2022-05-24 20:15:27,,annotator,HIGH LEVEL BEHAVIOR,2022-05-24 01:39:29,2022-05-24 01:39:34
2022-05-24 20:15:27,2022-05-24 20:15:33,,annotator,HIGH LEVEL BEHAVIOR,2022-05-24 01:39:34,2022-05-24 01:39:40
2022-05-24 20:15:33,2022-05-24 20:15:46,,annotator,HIGH LEVEL BEHAVIOR,2022-05-24 01:39:40,2022-05-24 01:39:53
2022-05-24 20:15:46,2022-05-24 20:15:58,,annotator,HIGH LEVEL BEHAVIOR,2022-05-24 01:39:53,2022-05-24 01:40:05
2022-05-24 20:15:58,2022-05-24 20:16:34,,annotator,HIGH LEVEL BEHAVIOR,2022-05-24 01:40:05,2022-05-24 01:40:41
2022-05-24 20:16:34,2022-05-24 20:16:42,,annotator,HIGH LEVEL BEHAVIOR,2022-05-24 01:40:41,2022-05-24 01:40:49
2022-05-24 20:16:42,2022-05-24 20:17:01,,annotator,HIGH LEVEL BEHAVIOR,2022-05-24 01:40:49,2022-05-24 01:41:08
2022-05-24 20:17:01,2022-05-24 20:18:18,WatchingTV/Movies,annotator,HIGH LEVEL BEHAVIOR,2022-05-24 01:41:08,2022-05-24 01:42:25
2022-05-24 20:18:18,2022-05-24 20:18:30,WatchingTV/Movies,annotator,HIGH LEVEL BEHAVIOR,2022-05-24 01:42:25,2022-05-24 01:42:37
2022-05-24 20:18:30,2022-05-24 20:18:47,WatchingTV/Movies,annotator,HIGH LEVEL BEHAVIOR,2022-05-24 01:42:37,2022-05-24 01:42:54
2022-05-24 20:18:47,2022-05-24 20:19:50,WatchingTV/Movies,annotator,HIGH LEVEL BEHAVIOR,2022-05-24 01:42:54,2022-05-24 01:43:57
2022-05-24 20:19:50,2022-05-24 20:20:32,WatchingTV/Movies, Packing/Unpacking_Something,annotator,HIGH LEVEL BEHAVIOR,2022-05-24 01:43:57,2022-05-24 01:44:39
2022-05-24 20:20:32,2022-05-24 20:25:43,WatchingTV/Movies,annotator,HIGH LEVEL BEHAVIOR,2022-05-24 01:44:39,2022-05-24 01:49:50
2022-05-24 20:25:43,2022-05-24 20:30:52,Using_Computer/Screen,annotator,HIGH LEVEL BEHAVIOR,2022-05-24 01:49:50,2022-05-24 01:54:59
2022-05-24 20:30:52,2022-05-24 20:36:21,WatchingTV/Movies,annotator,HIGH LEVEL BEHAVIOR,2022-05-24 01:54:59,2022-05-24 02:00:28
2022-05-24 20:36:21,2022-05-24 20:38:01,WatchingTV/Movies,annotator,HIGH LEVEL BEHAVIOR,2022-05-24 02:00:28,2022-05-24 02:02:08
2022-05-24 20:38:01,2022-05-24 20:38:12,HLB_Other,annotator,HIGH LEVEL BEHAVIOR,2022-05-24 02:02:08,2022-05-24 02:02:19
2022-05-24 20:38:12,2022-05-24 20:38:49,,annotator,HIGH LEVEL BEHAVIOR,2022-05-24 02:02:19,2022-05-24 02:02:56
2022-05-24 20:38:49,2022-05-24 20:39:01,,annotator,HIGH LEVEL BEHAVIOR,2022-05-24 02:02:56,2022-05-24 02:03:08
2022-05-24 20:39:01,2022-05-24 20:39:13,,annotator,HIGH LEVEL BEHAVIOR,2022-05-24 02:03:08,2022-05-24 02:03:20
2022-05-24 20:39:13,2022-05-24 20:39:21,Meeting _Social_Gathering_In_Person,annotator,HIGH LEVEL BEHAVIOR,2022-05-24 02:03:20,2022-05-24 02:03:28
2022-05-24 20:39:21,2022-05-24 20:39:50,Meeting _Social_Gathering_In_Person,annotator,HIGH LEVEL BEHAVIOR,2022-05-24 02:03:28,2022-05-24 02:03:57
2022-05-24 20:39:50,2022-05-24 20:39:56,Meeting _Social_Gathering_In_Person,annotator,HIGH LEVEL BEHAVIOR,2022-05-24 02:03:57,2022-05-24 02:04:03
2022-05-24 20:39:56,2022-05-24 20:40:31,Meeting _Social_Gathering_In_Person,annotator,HIGH LEVEL BEHAVIOR,2022-05-24 02:04:03,2022-05-24 02:04:38
2022-05-24 20:40:31,2022-05-24 20:40:37,Meeting _Social_Gathering_In_Person,annotator,HIGH LEVEL BEHAVIOR,2022-05-24 02:04:38,2022-05-24 02:04:44
2022-05-24 20:40:37,2022-05-24 20:40:49,Meeting _Social_Gathering_In_Person,annotator,HIGH LEVEL BEHAVIOR,2022-05-24 02:04:44,2022-05-24 02:04:56
2022-05-24 20:40:49,2022-05-24 20:41:25,Meeting _Social_Gathering_In_Person,annotator,HIGH LEVEL BEHAVIOR,2022-05-24 02:04:56,2022-05-24 02:05:32
2022-05-24 20:41:25,2022-05-24 20:41:28,Meeting _Social_Gathering_In_Person,annotator,HIGH LEVEL BEHAVIOR,2022-05-24 02:05:32,2022-05-24 02:05:35
2022-05-24 20:41:28,2022-05-24 20:41:32,Meeting _Social_Gathering_In_Person,annotator,HIGH LEVEL BEHAVIOR,2022-05-24 02:05:35,2022-05-24 02:05:39
2022-05-24 20:41:32,2022-05-24 20:41:35,Meeting _Social_Gathering_In_Person,annotator,HIGH LEVEL BEHAVIOR,2022-05-24 02:05:39,2022-05-24 02:05:42
2022-05-24 20:41:35,2022-05-24 20:41:37,,annotator,HIGH LEVEL BEHAVIOR,2022-05-24 02:05:42,2022-05-24 02:05:44
2022-05-24 20:41:38,2022-05-24 20:41:42,,annotator,HIGH LEVEL BEHAVIOR,2022-05-24 02:05:45,2022-05-24 02:05:49
2022-05-24 20:41:42,2022-05-24 20:42:58,WatchingTV/Movies,annotator,HIGH LEVEL BEHAVIOR,2022-05-24 02:05:49,2022-05-24 02:07:05
2022-05-24 20:42:58,2022-05-24 20:44:40,Using_Computer/Screen,annotator,HIGH LEVEL BEHAVIOR,2022-05-24 02:07:05,2022-05-24 02:08:47
2022-05-24 20:44:40,2022-05-24 20:46:58,WatchingTV/Movies,annotator,HIGH LEVEL BEHAVIOR,2022-05-24 02:08:47,2022-05-24 02:11:05
2022-05-24 20:46:58,2022-05-24 20:47:18,WatchingTV/Movies,annotator,HIGH LEVEL BEHAVIOR,2022-05-24 02:11:05,2022-05-24 02:11:25
2022-05-24 20:47:18,2022-05-24 20:54:51,Using_Computer/Screen,annotator,HIGH LEVEL BEHAVIOR,2022-05-24 02:11:25,2022-05-24 02:18:58
2022-05-24 20:54:51,2022-05-24 20:54:58,Using_Computer/Screen,annotator,HIGH LEVEL BEHAVIOR,2022-05-24 02:18:58,2022-05-24 02:19:05
2022-05-24 20:54:58,2022-05-24 20:55:20,Using_Computer/Screen,annotator,HIGH LEVEL BEHAVIOR,2022-05-24 02:19:05,2022-05-24 02:19:27
2022-05-24 20:55:20,2022-05-24 20:55:26,Using_Computer/Screen,annotator,HIGH LEVEL BEHAVIOR,2022-05-24 02:19:27,2022-05-24 02:19:33
2022-05-24 20:55:26,2022-05-24 20:59:36,Using_Computer/Screen,annotator,HIGH LEVEL BEHAVIOR,2022-05-24 02:19:33,2022-05-24 02:23:43
2022-05-24 20:59:36,2022-05-24 21:01:01,,annotator,HIGH LEVEL BEHAVIOR,2022-05-24 02:23:43,2022-05-24 02:25:08
2022-05-24 21:01:01,2022-05-24 21:01:30,,annotator,HIGH LEVEL BEHAVIOR,2022-05-24 02:25:08,2022-05-24 02:25:37
2022-05-24 21:01:30,2022-05-24 21:13:20,Using_Computer/Screen,annotator,HIGH LEVEL BEHAVIOR,2022-05-24 02:25:37,2022-05-24 02:37:27
2022-05-24 21:13:20,2022-05-24 21:13:58,,annotator,HIGH LEVEL BEHAVIOR,2022-05-24 02:37:27,2022-05-24 02:38:05
2022-05-24 21:13:58,2022-05-24 21:16:32,Using_Computer/Screen,annotator,HIGH LEVEL BEHAVIOR,2022-05-24 02:38:05,2022-05-24 02:40:39
2022-05-24 21:16:32,2022-05-24 21:17:24,Using_Computer/Screen,annotator,HIGH LEVEL BEHAVIOR,2022-05-24 02:40:39,2022-05-24 02:41:31
2022-05-24 21:17:24,2022-05-24 21:19:39,Using_Computer/Screen,annotator,HIGH LEVEL BEHAVIOR,2022-05-24 02:41:31,2022-05-24 02:43:46
2022-05-24 21:19:39,2022-05-24 21:20:07,,annotator,HIGH LEVEL BEHAVIOR,2022-05-24 02:43:46,2022-05-24 02:44:14
2022-05-24 21:20:07,2022-05-24 21:25:58,Using_Computer/Screen,annotator,HIGH LEVEL BEHAVIOR,2022-05-24 02:44:14,2022-05-24 02:50:05
2022-05-24 21:25:58,2022-05-24 21:26:18,,annotator,HIGH LEVEL BEHAVIOR,2022-05-24 02:50:05,2022-05-24 02:50:25
2022-05-24 21:26:18,2022-05-24 21:30:59,Using_Computer/Screen,annotator,HIGH LEVEL BEHAVIOR,2022-05-24 02:50:25,2022-05-24 02:55:06
2022-05-24 21:30:59,2022-05-24 21:31:54,Using_Computer/Screen,annotator,HIGH LEVEL BEHAVIOR,2022-05-24 02:55:06,2022-05-24 02:56:01
2022-05-24 21:31:54,2022-05-24 21:32:30,Using_Computer/Screen,annotator,HIGH LEVEL BEHAVIOR,2022-05-24 02:56:01,2022-05-24 02:56:37
2022-05-24 21:32:30,2022-05-24 21:33:09,Using_Computer/Screen,annotator,HIGH LEVEL BEHAVIOR,2022-05-24 02:56:37,2022-05-24 02:57:16
2022-05-24 21:33:09,2022-05-24 21:35:56,Using_Computer/Screen,annotator,HIGH LEVEL BEHAVIOR,2022-05-24 02:57:16,2022-05-24 03:00:03
2022-05-24 21:35:56,2022-05-24 21:36:23,Using_Computer/Screen,annotator,HIGH LEVEL BEHAVIOR,2022-05-24 03:00:03,2022-05-24 03:00:30
2022-05-24 21:36:23,2022-05-24 21:38:47,Using_Computer/Screen,annotator,HIGH LEVEL BEHAVIOR,2022-05-24 03:00:30,2022-05-24 03:02:54
2022-05-24 21:38:47,2022-05-24 21:39:29,Using_Computer/Screen,annotator,HIGH LEVEL BEHAVIOR,2022-05-24 03:02:54,2022-05-24 03:03:36
2022-05-24 21:39:29,2022-05-24 21:39:35,Using_Computer/Screen,annotator,HIGH LEVEL BEHAVIOR,2022-05-24 03:03:36,2022-05-24 03:03:42
2022-05-24 21:39:35,2022-05-24 21:39:50,Using_Computer/Screen,annotator,HIGH LEVEL BEHAVIOR,2022-05-24 03:03:42,2022-05-24 03:03:57
2022-05-24 21:39:50,2022-05-24 21:40:12,Using_Computer/Screen,annotator,HIGH LEVEL BEHAVIOR,2022-05-24 03:03:57,2022-05-24 03:04:19
2022-05-24 21:40:12,2022-05-24 21:46:22,Using_Computer/Screen,annotator,HIGH LEVEL BEHAVIOR,2022-05-24 03:04:19,2022-05-24 03:10:29
2022-05-24 21:46:22,2022-05-24 21:47:47,Using_Computer/Screen,annotator,HIGH LEVEL BEHAVIOR,2022-05-24 03:10:29,2022-05-24 03:11:54
2022-05-24 21:47:47,2022-05-24 21:50:12,Using_Computer/Screen,annotator,HIGH LEVEL BEHAVIOR,2022-05-24 03:11:54,2022-05-24 03:14:19
2022-05-24 21:50:12,2022-05-24 21:55:52,Using_Computer/Screen,annotator,HIGH LEVEL BEHAVIOR,2022-05-24 03:14:19,2022-05-24 03:19:59
2022-05-24 21:55:52,2022-05-24 21:57:06,Using_Computer/Screen,annotator,HIGH LEVEL BEHAVIOR,2022-05-24 03:19:59,2022-05-24 03:21:13
2022-05-24 21:57:06,2022-05-24 22:01:48,Using_Computer/Screen,annotator,HIGH LEVEL BEHAVIOR,2022-05-24 03:21:13,2022-05-24 03:25:55
2022-05-24 22:01:48,2022-05-24 22:01:59,Using_Computer/Screen,annotator,HIGH LEVEL BEHAVIOR,2022-05-24 03:25:55,2022-05-24 03:26:06
2022-05-24 22:01:59,2022-05-24 22:02:22,Using_Computer/Screen,annotator,HIGH LEVEL BEHAVIOR,2022-05-24 03:26:06,2022-05-24 03:26:29
2022-05-24 22:02:22,2022-05-24 22:02:37,Using_Computer/Screen,annotator,HIGH LEVEL BEHAVIOR,2022-05-24 03:26:29,2022-05-24 03:26:44
2022-05-24 22:02:37,2022-05-24 22:15:29,Using_Computer/Screen,annotator,HIGH LEVEL BEHAVIOR,2022-05-24 03:26:44,2022-05-24 03:39:36
2022-05-24 22:15:29,2022-05-24 22:16:48,Using_Computer/Screen, Playing_Videogame,annotator,HIGH LEVEL BEHAVIOR,2022-05-24 03:39:36,2022-05-24 03:40:55
2022-05-24 22:16:48,2022-05-24 22:16:56,Using_Computer/Screen, Playing_Videogame,annotator,HIGH LEVEL BEHAVIOR,2022-05-24 03:40:55,2022-05-24 03:41:03
2022-05-24 22:16:57,2022-05-24 22:17:10,,annotator,HIGH LEVEL BEHAVIOR,2022-05-24 03:41:04,2022-05-24 03:41:17
2022-05-24 22:17:10,2022-05-24 22:17:28,,annotator,HIGH LEVEL BEHAVIOR,2022-05-24 03:41:17,2022-05-24 03:41:35
2022-05-24 22:17:28,2022-05-24 22:17:33,,annotator,HIGH LEVEL BEHAVIOR,2022-05-24 03:41:35,2022-05-24 03:41:40
2022-05-24 22:17:33,2022-05-24 22:18:31,Cooking/Prepping_Food,annotator,HIGH LEVEL BEHAVIOR,2022-05-24 03:41:40,2022-05-24 03:42:38
2022-05-24 22:18:31,2022-05-24 22:18:35,Cooking/Prepping_Food,annotator,HIGH LEVEL BEHAVIOR,2022-05-24 03:42:38,2022-05-24 03:42:42
2022-05-24 22:18:35,2022-05-24 22:19:03,Cooking/Prepping_Food,annotator,HIGH LEVEL BEHAVIOR,2022-05-24 03:42:42,2022-05-24 03:43:10
2022-05-24 22:19:03,2022-05-24 22:19:25,Cooking/Prepping_Food,annotator,HIGH LEVEL BEHAVIOR,2022-05-24 03:43:10,2022-05-24 03:43:32
2022-05-24 22:19:25,2022-05-24 22:19:36,Cooking/Prepping_Food,annotator,HIGH LEVEL BEHAVIOR,2022-05-24 03:43:32,2022-05-24 03:43:43
2022-05-24 22:19:36,2022-05-24 22:19:38,Cooking/Prepping_Food,annotator,HIGH LEVEL BEHAVIOR,2022-05-24 03:43:43,2022-05-24 03:43:45
2022-05-24 22:19:38,2022-05-24 22:19:43,Cooking/Prepping_Food,annotator,HIGH LEVEL BEHAVIOR,2022-05-24 03:43:45,2022-05-24 03:43:50
2022-05-24 22:19:43,2022-05-24 22:19:45,Cooking/Prepping_Food,annotator,HIGH LEVEL BEHAVIOR,2022-05-24 03:43:50,2022-05-24 03:43:52
2022-05-24 22:19:45,2022-05-24 22:19:56,Cooking/Prepping_Food,annotator,HIGH LEVEL BEHAVIOR,2022-05-24 03:43:52,2022-05-24 03:44:03
2022-05-24 22:19:56,2022-05-24 22:19:59,Cooking/Prepping_Food,annotator,HIGH LEVEL BEHAVIOR,2022-05-24 03:44:03,2022-05-24 03:44:06
2022-05-24 22:19:59,2022-05-24 22:20:25,Cooking/Prepping_Food,annotator,HIGH LEVEL BEHAVIOR,2022-05-24 03:44:06,2022-05-24 03:44:32
2022-05-24 22:20:25,2022-05-24 22:20:35,Cooking/Prepping_Food,annotator,HIGH LEVEL BEHAVIOR,2022-05-24 03:44:32,2022-05-24 03:44:42
2022-05-24 22:20:35,2022-05-24 22:20:40,Cooking/Prepping_Food,annotator,HIGH LEVEL BEHAVIOR,2022-05-24 03:44:42,2022-05-24 03:44:47
2022-05-24 22:20:40,2022-05-24 22:20:58,Cooking/Prepping_Food,annotator,HIGH LEVEL BEHAVIOR,2022-05-24 03:44:47,2022-05-24 03:45:05
2022-05-24 22:20:58,2022-05-24 22:21:01,Cooking/Prepping_Food,annotator,HIGH LEVEL BEHAVIOR,2022-05-24 03:45:05,2022-05-24 03:45:08
2022-05-24 22:21:01,2022-05-24 22:21:05,Cooking/Prepping_Food,annotator,HIGH LEVEL BEHAVIOR,2022-05-24 03:45:08,2022-05-24 03:45:12
2022-05-24 22:21:05,2022-05-24 22:21:08,Cooking/Prepping_Food,annotator,HIGH LEVEL BEHAVIOR,2022-05-24 03:45:12,2022-05-24 03:45:15
2022-05-24 22:21:08,2022-05-24 22:21:30,Cooking/Prepping_Food,annotator,HIGH LEVEL BEHAVIOR,2022-05-24 03:45:15,2022-05-24 03:45:37
2022-05-24 22:21:30,2022-05-24 22:21:48,Cooking/Prepping_Food,annotator,HIGH LEVEL BEHAVIOR,2022-05-24 03:45:37,2022-05-24 03:45:55
2022-05-24 22:21:48,2022-05-24 22:22:04,Cooking/Prepping_Food,annotator,HIGH LEVEL BEHAVIOR,2022-05-24 03:45:55,2022-05-24 03:46:11
2022-05-24 22:22:04,2022-05-24 22:22:13,Cooking/Prepping_Food,annotator,HIGH LEVEL BEHAVIOR,2022-05-24 03:46:11,2022-05-24 03:46:20
2022-05-24 22:22:13,2022-05-24 22:22:39,Cooking/Prepping_Food,annotator,HIGH LEVEL BEHAVIOR,2022-05-24 03:46:20,2022-05-24 03:46:46
2022-05-24 22:22:39,2022-05-24 22:23:05,Cooking/Prepping_Food, Doing_Dishes,annotator,HIGH LEVEL BEHAVIOR,2022-05-24 03:46:46,2022-05-24 03:47:12
2022-05-24 22:23:05,2022-05-24 22:23:08,Cooking/Prepping_Food,annotator,HIGH LEVEL BEHAVIOR,2022-05-24 03:47:12,2022-05-24 03:47:15
2022-05-24 22:23:08,2022-05-24 22:24:07,Cooking/Prepping_Food,annotator,HIGH LEVEL BEHAVIOR,2022-05-24 03:47:15,2022-05-24 03:48:14
2022-05-24 22:24:07,2022-05-24 22:24:10,Cooking/Prepping_Food,annotator,HIGH LEVEL BEHAVIOR,2022-05-24 03:48:14,2022-05-24 03:48:17
2022-05-24 22:24:10,2022-05-24 22:24:30,Cooking/Prepping_Food,annotator,HIGH LEVEL BEHAVIOR,2022-05-24 03:48:17,2022-05-24 03:48:37
2022-05-24 22:24:30,2022-05-24 22:24:33,Cooking/Prepping_Food,annotator,HIGH LEVEL BEHAVIOR,2022-05-24 03:48:37,2022-05-24 03:48:40
2022-05-24 22:24:33,2022-05-24 22:25:23,Cooking/Prepping_Food,annotator,HIGH LEVEL BEHAVIOR,2022-05-24 03:48:40,2022-05-24 03:49:30
2022-05-24 22:25:23,2022-05-24 22:25:27,Cooking/Prepping_Food,annotator,HIGH LEVEL BEHAVIOR,2022-05-24 03:49:30,2022-05-24 03:49:34
2022-05-24 22:25:27,2022-05-24 22:26:32,Cooking/Prepping_Food,annotator,HIGH LEVEL BEHAVIOR,2022-05-24 03:49:34,2022-05-24 03:50:39
2022-05-24 22:26:32,2022-05-24 22:26:36,Cooking/Prepping_Food,annotator,HIGH LEVEL BEHAVIOR,2022-05-24 03:50:39,2022-05-24 03:50:43
2022-05-24 22:26:36,2022-05-24 22:26:41,Cooking/Prepping_Food,annotator,HIGH LEVEL BEHAVIOR,2022-05-24 03:50:43,2022-05-24 03:50:48
2022-05-24 22:26:41,2022-05-24 22:26:46,Cooking/Prepping_Food,annotator,HIGH LEVEL BEHAVIOR,2022-05-24 03:50:48,2022-05-24 03:50:53
2022-05-24 22:26:46,2022-05-24 22:27:45,Doing_Dishes,annotator,HIGH LEVEL BEHAVIOR,2022-05-24 03:50:53,2022-05-24 03:51:52
2022-05-24 22:27:45,2022-05-24 22:27:52,Cooking/Prepping_Food,annotator,HIGH LEVEL BEHAVIOR,2022-05-24 03:51:52,2022-05-24 03:51:59
2022-05-24 22:27:52,2022-05-24 22:28:25,Cooking/Prepping_Food,annotator,HIGH LEVEL BEHAVIOR,2022-05-24 03:51:59,2022-05-24 03:52:32
2022-05-24 22:28:25,2022-05-24 22:28:40,,annotator,HIGH LEVEL BEHAVIOR,2022-05-24 03:52:32,2022-05-24 03:52:47
2022-05-24 22:28:42,2022-05-24 22:28:50,,annotator,HIGH LEVEL BEHAVIOR,2022-05-24 03:52:49,2022-05-24 03:52:57
2022-05-24 22:28:50,2022-05-24 22:29:11,Using_Computer/Screen, Playing_Videogame,annotator,HIGH LEVEL BEHAVIOR,2022-05-24 03:52:57,2022-05-24 03:53:18
2022-05-24 22:29:11,2022-05-24 22:29:23,Using_Computer/Screen, Playing_Videogame, Eating/Dining,annotator,HIGH LEVEL BEHAVIOR,2022-05-24 03:53:18,2022-05-24 03:53:30
2022-05-24 22:29:23,2022-05-24 22:30:07,Using_Computer/Screen, Playing_Videogame, Eating/Dining,annotator,HIGH LEVEL BEHAVIOR,2022-05-24 03:53:30,2022-05-24 03:54:14
2022-05-24 22:30:07,2022-05-24 22:30:15,Using_Computer/Screen, Playing_Videogame, Eating/Dining,annotator,HIGH LEVEL BEHAVIOR,2022-05-24 03:54:14,2022-05-24 03:54:22
2022-05-24 22:30:15,2022-05-24 22:30:31,Using_Computer/Screen, Playing_Videogame, Eating/Dining,annotator,HIGH LEVEL BEHAVIOR,2022-05-24 03:54:22,2022-05-24 03:54:38
2022-05-24 22:30:31,2022-05-24 22:30:39,Using_Computer/Screen, Playing_Videogame, Eating/Dining,annotator,HIGH LEVEL BEHAVIOR,2022-05-24 03:54:38,2022-05-24 03:54:46
2022-05-24 22:30:39,2022-05-24 22:31:36,Using_Computer/Screen, Playing_Videogame, Eating/Dining,annotator,HIGH LEVEL BEHAVIOR,2022-05-24 03:54:46,2022-05-24 03:55:43
2022-05-24 22:31:36,2022-05-24 22:31:45,Using_Computer/Screen, Playing_Videogame, Eating/Dining,annotator,HIGH LEVEL BEHAVIOR,2022-05-24 03:55:43,2022-05-24 03:55:52
2022-05-24 22:31:45,2022-05-24 22:31:53,Using_Computer/Screen, Playing_Videogame, Eating/Dining,annotator,HIGH LEVEL BEHAVIOR,2022-05-24 03:55:52,2022-05-24 03:56:00
2022-05-24 22:31:53,2022-05-24 22:32:10,Using_Computer/Screen, Playing_Videogame, Eating/Dining,annotator,HIGH LEVEL BEHAVIOR,2022-05-24 03:56:00,2022-05-24 03:56:17
2022-05-24 22:32:10,2022-05-24 22:32:51,Using_Computer/Screen, Playing_Videogame, Eating/Dining,annotator,HIGH LEVEL BEHAVIOR,2022-05-24 03:56:17,2022-05-24 03:56:58
2022-05-24 22:32:51,2022-05-24 22:33:15,Using_Computer/Screen, Playing_Videogame, Eating/Dining,annotator,HIGH LEVEL BEHAVIOR,2022-05-24 03:56:58,2022-05-24 03:57:22
2022-05-24 22:33:15,2022-05-24 22:34:20,Using_Computer/Screen, Playing_Videogame, Eating/Dining,annotator,HIGH LEVEL BEHAVIOR,2022-05-24 03:57:22,2022-05-24 03:58:27
2022-05-24 22:34:20,2022-05-24 22:34:35,Using_Computer/Screen, Playing_Videogame, Eating/Dining,annotator,HIGH LEVEL BEHAVIOR,2022-05-24 03:58:27,2022-05-24 03:58:42
2022-05-24 22:34:35,2022-05-24 22:34:41,Using_Computer/Screen, Playing_Videogame, Eating/Dining,annotator,HIGH LEVEL BEHAVIOR,2022-05-24 03:58:42,2022-05-24 03:58:48
2022-05-24 22:34:41,2022-05-24 22:35:17,Using_Computer/Screen, Playing_Videogame, Eating/Dining,annotator,HIGH LEVEL BEHAVIOR,2022-05-24 03:58:48,2022-05-24 03:59:24
2022-05-24 22:35:17,2022-05-24 22:36:01,Using_Computer/Screen,annotator,HIGH LEVEL BEHAVIOR,2022-05-24 03:59:24,2022-05-24 04:00:08
2022-05-24 22:36:01,2022-05-24 22:36:04,Using_Computer/Screen,annotator,HIGH LEVEL BEHAVIOR,2022-05-24 04:00:08,2022-05-24 04:00:11
2022-05-24 22:36:04,2022-05-24 22:36:26,Using_Computer/Screen,annotator,HIGH LEVEL BEHAVIOR,2022-05-24 04:00:11,2022-05-24 04:00:33
2022-05-24 22:36:26,2022-05-24 22:37:17,Using_Computer/Screen,annotator,HIGH LEVEL BEHAVIOR,2022-05-24 04:00:33,2022-05-24 04:01:24
2022-05-24 22:37:17,2022-05-24 22:37:34,Using_Computer/Screen,annotator,HIGH LEVEL BEHAVIOR,2022-05-24 04:01:24,2022-05-24 04:01:41
2022-05-24 22:37:34,2022-05-24 22:38:03,Using_Computer/Screen,annotator,HIGH LEVEL BEHAVIOR,2022-05-24 04:01:41,2022-05-24 04:02:10
2022-05-24 22:38:03,2022-05-24 22:38:29,Using_Computer/Screen,annotator,HIGH LEVEL BEHAVIOR,2022-05-24 04:02:10,2022-05-24 04:02:36
2022-05-24 22:38:29,2022-05-24 22:39:02,Using_Computer/Screen,annotator,HIGH LEVEL BEHAVIOR,2022-05-24 04:02:36,2022-05-24 04:03:09
2022-05-24 22:39:02,2022-05-24 22:39:34,Using_Computer/Screen,annotator,HIGH LEVEL BEHAVIOR,2022-05-24 04:03:09,2022-05-24 04:03:41
2022-05-24 22:39:34,2022-05-24 22:39:45,Using_Computer/Screen,annotator,HIGH LEVEL BEHAVIOR,2022-05-24 04:03:41,2022-05-24 04:03:52
2022-05-24 22:39:45,2022-05-24 22:40:00,Using_Computer/Screen,annotator,HIGH LEVEL BEHAVIOR,2022-05-24 04:03:52,2022-05-24 04:04:07
2022-05-24 22:40:00,2022-05-24 22:40:19,Using_Computer/Screen,annotator,HIGH LEVEL BEHAVIOR,2022-05-24 04:04:07,2022-05-24 04:04:26
2022-05-24 22:40:19,2022-05-24 22:40:37,Using_Computer/Screen,annotator,HIGH LEVEL BEHAVIOR,2022-05-24 04:04:26,2022-05-24 04:04:44
2022-05-24 22:40:37,2022-05-24 22:41:26,Using_Computer/Screen,annotator,HIGH LEVEL BEHAVIOR,2022-05-24 04:04:44,2022-05-24 04:05:33
2022-05-24 22:41:26,2022-05-24 22:41:32,Using_Computer/Screen,annotator,HIGH LEVEL BEHAVIOR,2022-05-24 04:05:33,2022-05-24 04:05:39
2022-05-24 22:41:32,2022-05-24 22:41:51,Using_Computer/Screen,annotator,HIGH LEVEL BEHAVIOR,2022-05-24 04:05:39,2022-05-24 04:05:58
2022-05-24 22:41:51,2022-05-24 22:41:59,Using_Computer/Screen,annotator,HIGH LEVEL BEHAVIOR,2022-05-24 04:05:58,2022-05-24 04:06:06
2022-05-24 22:41:59,2022-05-24 22:42:23,Using_Computer/Screen,annotator,HIGH LEVEL BEHAVIOR,2022-05-24 04:06:06,2022-05-24 04:06:30
2022-05-24 22:42:23,2022-05-24 22:42:30,Using_Computer/Screen,annotator,HIGH LEVEL BEHAVIOR,2022-05-24 04:06:30,2022-05-24 04:06:37
2022-05-24 22:42:30,2022-05-24 22:43:08,Using_Computer/Screen,annotator,HIGH LEVEL BEHAVIOR,2022-05-24 04:06:37,2022-05-24 04:07:15
2022-05-24 22:43:08,2022-05-24 22:43:43,Using_Computer/Screen,annotator,HIGH LEVEL BEHAVIOR,2022-05-24 04:07:15,2022-05-24 04:07:50
2022-05-24 22:43:43,2022-05-24 22:45:35,Using_Computer/Screen,annotator,HIGH LEVEL BEHAVIOR,2022-05-24 04:07:50,2022-05-24 04:09:42
2022-05-24 22:45:35,2022-05-24 22:45:48,Using_Computer/Screen,annotator,HIGH LEVEL BEHAVIOR,2022-05-24 04:09:42,2022-05-24 04:09:55
2022-05-24 22:45:48,2022-05-24 22:46:36,Using_Computer/Screen,annotator,HIGH LEVEL BEHAVIOR,2022-05-24 04:09:55,2022-05-24 04:10:43
2022-05-24 22:46:36,2022-05-24 22:48:28,Using_Computer/Screen, Playing_Videogame,annotator,HIGH LEVEL BEHAVIOR,2022-05-24 04:10:43,2022-05-24 04:12:35
2022-05-24 22:48:28,2022-05-24 22:48:47,Using_Computer/Screen, Playing_Videogame,annotator,HIGH LEVEL BEHAVIOR,2022-05-24 04:12:35,2022-05-24 04:12:54
2022-05-24 22:48:47,2022-05-24 22:49:00,Using_Computer/Screen, Playing_Videogame,annotator,HIGH LEVEL BEHAVIOR,2022-05-24 04:12:54,2022-05-24 04:13:07
2022-05-24 22:49:00,2022-05-24 22:49:16,Using_Computer/Screen, Playing_Videogame,annotator,HIGH LEVEL BEHAVIOR,2022-05-24 04:13:07,2022-05-24 04:13:23
2022-05-24 22:49:16,2022-05-24 22:50:36,Using_Computer/Screen, Playing_Videogame,annotator,HIGH LEVEL BEHAVIOR,2022-05-24 04:13:23,2022-05-24 04:14:43
2022-05-24 22:50:36,2022-05-24 22:50:59,Using_Computer/Screen, Playing_Videogame,annotator,HIGH LEVEL BEHAVIOR,2022-05-24 04:14:43,2022-05-24 04:15:06
2022-05-24 22:50:59,2022-05-24 22:51:35,Using_Computer/Screen, Playing_Videogame,annotator,HIGH LEVEL BEHAVIOR,2022-05-24 04:15:06,2022-05-24 04:15:42
2022-05-24 22:51:35,2022-05-24 22:51:43,Using_Computer/Screen, Playing_Videogame,annotator,HIGH LEVEL BEHAVIOR,2022-05-24 04:15:42,2022-05-24 04:15:50
2022-05-24 22:51:43,2022-05-24 22:52:50,Using_Computer/Screen, Playing_Videogame,annotator,HIGH LEVEL BEHAVIOR,2022-05-24 04:15:50,2022-05-24 04:16:57
2022-05-24 22:52:50,2022-05-25 01:17:04,Playing_Videogame, Using_Computer/Screen,annotator,HIGH LEVEL BEHAVIOR,2022-05-24 04:16:57,2022-05-24 06:41:11
2022-05-25 01:17:04,2022-05-25 01:17:52,,annotator,HIGH LEVEL BEHAVIOR,2022-05-24 06:41:11,2022-05-24 06:41:59
2022-05-25 01:17:52,2022-05-25 03:20:18,Using_Computer/Screen, Playing_Videogame,annotator,HIGH LEVEL BEHAVIOR,2022-05-24 06:41:59,2022-05-24 08:44:25
2022-05-25 03:20:18,2022-05-25 03:21:19,,annotator,HIGH LEVEL BEHAVIOR,2022-05-24 08:44:25,2022-05-24 08:45:26
2022-05-25 03:21:19,2022-05-25 03:53:43,Using_Computer/Screen, Playing_Videogame,annotator,HIGH LEVEL BEHAVIOR,2022-05-24 08:45:26,2022-05-24 09:17:50
2022-05-25 03:53:43,2022-05-25 04:00:40,Using_Computer/Screen,annotator,HIGH LEVEL BEHAVIOR,2022-05-24 09:17:50,2022-05-24 09:24:47
2022-05-25 04:00:41,2022-05-25 04:01:25,,annotator,HIGH LEVEL BEHAVIOR,2022-05-24 09:24:48,2022-05-24 09:25:32
