START_TIME,STOP_TIME,PREDICTION,SOURCE,LABELSET,VIDEO_START_TIME,VIDEO_END_TIME
2022-05-11 14:13:08,2022-05-11 14:17:15,Free_Living,annotator,Experimental situation,2022-05-11 00:00:00,2022-05-11 00:04:07
2022-05-11 14:17:15,2022-05-11 14:18:30,Free_Living,annotator,Experimental situation,2022-05-11 00:04:07,2022-05-11 00:05:22
2022-05-11 14:18:30,2022-05-11 14:19:16,Free_Living,annotator,Experimental situation,2022-05-11 00:05:22,2022-05-11 00:06:08
2022-05-11 14:19:16,2022-05-11 14:19:35,Free_Living,annotator,Experimental situation,2022-05-11 00:06:08,2022-05-11 00:06:27
2022-05-11 14:19:35,2022-05-11 14:21:02,Free_Living,annotator,Experimental situation,2022-05-11 00:06:27,2022-05-11 00:07:54
2022-05-11 14:21:02,2022-05-11 14:21:16,Free_Living,annotator,Experimental situation,2022-05-11 00:07:54,2022-05-11 00:08:08
2022-05-11 14:21:16,2022-05-11 14:22:26,Free_Living,annotator,Experimental situation,2022-05-11 00:08:08,2022-05-11 00:09:18
2022-05-11 14:22:26,2022-05-11 14:23:27,Free_Living,annotator,Experimental situation,2022-05-11 00:09:18,2022-05-11 00:10:19
2022-05-11 14:23:27,2022-05-11 14:23:52,Free_Living,annotator,Experimental situation,2022-05-11 00:10:19,2022-05-11 00:10:44
2022-05-11 14:23:52,2022-05-11 14:24:15,Free_Living,annotator,Experimental situation,2022-05-11 00:10:44,2022-05-11 00:11:07
2022-05-11 14:24:15,2022-05-11 14:25:12,Free_Living,annotator,Experimental situation,2022-05-11 00:11:07,2022-05-11 00:12:04
2022-05-11 14:25:12,2022-05-11 14:25:35,Free_Living,annotator,Experimental situation,2022-05-11 00:12:04,2022-05-11 00:12:27
2022-05-11 14:25:35,2022-05-11 14:25:49,Free_Living,annotator,Experimental situation,2022-05-11 00:12:27,2022-05-11 00:12:41
2022-05-11 14:25:49,2022-05-11 14:26:00,Free_Living,annotator,Experimental situation,2022-05-11 00:12:41,2022-05-11 00:12:52
2022-05-11 14:26:00,2022-05-11 14:26:51,Free_Living,annotator,Experimental situation,2022-05-11 00:12:52,2022-05-11 00:13:43
2022-05-11 14:26:51,2022-05-11 14:27:19,Free_Living,annotator,Experimental situation,2022-05-11 00:13:43,2022-05-11 00:14:11
2022-05-11 14:27:19,2022-05-11 14:34:37,Free_Living,annotator,Experimental situation,2022-05-11 00:14:11,2022-05-11 00:21:29
2022-05-11 14:34:37,2022-05-11 14:39:33,Free_Living,annotator,Experimental situation,2022-05-11 00:21:29,2022-05-11 00:26:25
2022-05-11 14:39:33,2022-05-11 14:40:18,Free_Living,annotator,Experimental situation,2022-05-11 00:26:25,2022-05-11 00:27:10
2022-05-11 14:40:18,2022-05-11 14:42:33,Free_Living,annotator,Experimental situation,2022-05-11 00:27:10,2022-05-11 00:29:25
2022-05-11 14:42:33,2022-05-11 14:44:55,Free_Living,annotator,Experimental situation,2022-05-11 00:29:25,2022-05-11 00:31:47
2022-05-11 14:44:55,2022-05-11 14:44:56,Free_Living,annotator,Experimental situation,2022-05-11 00:31:47,2022-05-11 00:31:48
2022-05-11 14:45:02,2022-05-11 14:45:17,Free_Living,annotator,Experimental situation,2022-05-11 00:31:54,2022-05-11 00:32:09
2022-05-11 14:45:17,2022-05-11 14:45:24,Free_Living,annotator,Experimental situation,2022-05-11 00:32:09,2022-05-11 00:32:16
2022-05-11 14:45:19,2022-05-11 14:45:19,Free_Living,annotator,Experimental situation,2022-05-11 00:32:11,2022-05-11 00:32:11
2022-05-11 14:45:24,2022-05-11 14:46:08,Free_Living,annotator,Experimental situation,2022-05-11 00:32:16,2022-05-11 00:33:00
2022-05-11 14:46:08,2022-05-11 14:48:06,Free_Living,annotator,Experimental situation,2022-05-11 00:33:00,2022-05-11 00:34:58
2022-05-11 14:48:06,2022-05-11 14:48:34,Free_Living,annotator,Experimental situation,2022-05-11 00:34:58,2022-05-11 00:35:26
2022-05-11 14:48:36,2022-05-11 14:49:05,Free_Living,annotator,Experimental situation,2022-05-11 00:35:28,2022-05-11 00:35:57
2022-05-11 14:49:05,2022-05-11 14:57:55,Free_Living,annotator,Experimental situation,2022-05-11 00:35:57,2022-05-11 00:44:47
2022-05-11 14:57:55,2022-05-11 14:58:49,Free_Living,annotator,Experimental situation,2022-05-11 00:44:47,2022-05-11 00:45:41
2022-05-11 14:58:49,2022-05-11 14:59:02,Free_Living,annotator,Experimental situation,2022-05-11 00:45:41,2022-05-11 00:45:54
2022-05-11 14:59:02,2022-05-11 14:59:12,Free_Living,annotator,Experimental situation,2022-05-11 00:45:54,2022-05-11 00:46:04
2022-05-11 14:59:12,2022-05-11 14:59:30,Free_Living,annotator,Experimental situation,2022-05-11 00:46:04,2022-05-11 00:46:22
2022-05-11 14:59:33,2022-05-11 15:01:13,Free_Living,annotator,Experimental situation,2022-05-11 00:46:25,2022-05-11 00:48:05
2022-05-11 15:01:13,2022-05-11 15:11:26,Free_Living,annotator,Experimental situation,2022-05-11 00:48:05,2022-05-11 00:58:18
2022-05-11 15:11:26,2022-05-11 15:11:44,Free_Living,annotator,Experimental situation,2022-05-11 00:58:18,2022-05-11 00:58:36
2022-05-11 15:11:44,2022-05-11 15:21:23,Free_Living,annotator,Experimental situation,2022-05-11 00:58:36,2022-05-11 01:08:15
2022-05-11 15:21:23,2022-05-11 15:21:53,Free_Living,annotator,Experimental situation,2022-05-11 01:08:15,2022-05-11 01:08:45
2022-05-11 15:21:53,2022-05-11 15:22:42,Free_Living,annotator,Experimental situation,2022-05-11 01:08:45,2022-05-11 01:09:34
2022-05-11 15:22:42,2022-05-11 15:23:40,Free_Living,annotator,Experimental situation,2022-05-11 01:09:34,2022-05-11 01:10:32
2022-05-11 15:23:40,2022-05-11 15:24:51,Free_Living,annotator,Experimental situation,2022-05-11 01:10:32,2022-05-11 01:11:43
2022-05-11 15:24:55,2022-05-11 15:26:13,Free_Living,annotator,Experimental situation,2022-05-11 01:11:47,2022-05-11 01:13:05
2022-05-11 15:26:13,2022-05-11 15:26:52,Free_Living,annotator,Experimental situation,2022-05-11 01:13:05,2022-05-11 01:13:44
2022-05-11 15:26:52,2022-05-11 15:27:44,Free_Living,annotator,Experimental situation,2022-05-11 01:13:44,2022-05-11 01:14:36
2022-05-11 15:27:44,2022-05-11 15:27:50,Free_Living,annotator,Experimental situation,2022-05-11 01:14:36,2022-05-11 01:14:42
2022-05-11 15:27:50,2022-05-11 15:28:18,Free_Living,annotator,Experimental situation,2022-05-11 01:14:42,2022-05-11 01:15:10
2022-05-11 15:28:18,2022-05-11 15:29:16,Free_Living,annotator,Experimental situation,2022-05-11 01:15:10,2022-05-11 01:16:08
2022-05-11 15:29:16,2022-05-11 15:33:41,Free_Living,annotator,Experimental situation,2022-05-11 01:16:08,2022-05-11 01:20:33
2022-05-11 15:33:41,2022-05-11 15:34:01,Free_Living,annotator,Experimental situation,2022-05-11 01:20:33,2022-05-11 01:20:53
2022-05-11 15:34:01,2022-05-11 15:35:43,Free_Living,annotator,Experimental situation,2022-05-11 01:20:53,2022-05-11 01:22:35
2022-05-11 15:35:43,2022-05-11 15:36:09,Free_Living,annotator,Experimental situation,2022-05-11 01:22:35,2022-05-11 01:23:01
2022-05-11 15:36:09,2022-05-11 15:36:31,Free_Living,annotator,Experimental situation,2022-05-11 01:23:01,2022-05-11 01:23:23
2022-05-11 15:36:31,2022-05-11 15:36:58,Free_Living,annotator,Experimental situation,2022-05-11 01:23:23,2022-05-11 01:23:50
2022-05-11 15:36:58,2022-05-11 15:37:18,Free_Living,annotator,Experimental situation,2022-05-11 01:23:50,2022-05-11 01:24:10
2022-05-11 15:37:18,2022-05-11 15:37:37,Free_Living,annotator,Experimental situation,2022-05-11 01:24:10,2022-05-11 01:24:29
2022-05-11 15:37:40,2022-05-11 15:57:17,Free_Living,annotator,Experimental situation,2022-05-11 01:24:32,2022-05-11 01:44:09
2022-05-11 15:57:19,2022-05-11 15:58:14,Free_Living,annotator,Experimental situation,2022-05-11 01:44:11,2022-05-11 01:45:06
2022-05-11 15:58:14,2022-05-11 15:58:47,Free_Living,annotator,Experimental situation,2022-05-11 01:45:06,2022-05-11 01:45:39
2022-05-11 15:58:47,2022-05-11 15:58:53,Free_Living,annotator,Experimental situation,2022-05-11 01:45:39,2022-05-11 01:45:45
2022-05-11 15:58:53,2022-05-11 15:59:04,Free_Living,annotator,Experimental situation,2022-05-11 01:45:45,2022-05-11 01:45:56
2022-05-11 15:59:04,2022-05-11 15:59:27,Free_Living,annotator,Experimental situation,2022-05-11 01:45:56,2022-05-11 01:46:19
2022-05-11 15:59:27,2022-05-11 16:27:35,Free_Living,annotator,Experimental situation,2022-05-11 01:46:19,2022-05-11 02:14:27
2022-05-11 16:27:35,2022-05-11 16:28:00,Free_Living,annotator,Experimental situation,2022-05-11 02:14:27,2022-05-11 02:14:52
2022-05-11 16:28:00,2022-05-11 16:28:30,Free_Living,annotator,Experimental situation,2022-05-11 02:14:52,2022-05-11 02:15:22
2022-05-11 16:28:30,2022-05-11 16:28:39,Free_Living,annotator,Experimental situation,2022-05-11 02:15:22,2022-05-11 02:15:31
2022-05-11 16:28:39,2022-05-11 16:29:00,Free_Living,annotator,Experimental situation,2022-05-11 02:15:31,2022-05-11 02:15:52
2022-05-11 16:29:00,2022-05-11 16:29:10,Free_Living,annotator,Experimental situation,2022-05-11 02:15:52,2022-05-11 02:16:02
2022-05-11 16:29:10,2022-05-11 16:29:51,Free_Living,annotator,Experimental situation,2022-05-11 02:16:02,2022-05-11 02:16:43
2022-05-11 16:29:51,2022-05-11 16:30:21,Free_Living,annotator,Experimental situation,2022-05-11 02:16:43,2022-05-11 02:17:13
2022-05-11 16:30:24,2022-05-11 16:31:00,Free_Living,annotator,Experimental situation,2022-05-11 02:17:16,2022-05-11 02:17:52
2022-05-11 16:31:00,2022-05-11 16:43:45,Free_Living,annotator,Experimental situation,2022-05-11 02:17:52,2022-05-11 02:30:37
2022-05-11 16:43:46,2022-05-11 16:44:06,Free_Living,annotator,Experimental situation,2022-05-11 02:30:38,2022-05-11 02:30:58
2022-05-11 16:44:06,2022-05-11 16:52:56,Free_Living,annotator,Experimental situation,2022-05-11 02:30:58,2022-05-11 02:39:48
2022-05-11 16:52:58,2022-05-11 16:53:09,Free_Living,annotator,Experimental situation,2022-05-11 02:39:50,2022-05-11 02:40:01
2022-05-11 16:53:26,2022-05-11 16:53:52,Free_Living,annotator,Experimental situation,2022-05-11 02:40:18,2022-05-11 02:40:44
2022-05-11 16:53:53,2022-05-11 17:00:25,Free_Living,annotator,Experimental situation,2022-05-11 02:40:45,2022-05-11 02:47:17
2022-05-11 17:00:25,2022-05-11 17:01:52,Free_Living,annotator,Experimental situation,2022-05-11 02:47:17,2022-05-11 02:48:44
2022-05-11 17:01:52,2022-05-11 17:03:27,Free_Living,annotator,Experimental situation,2022-05-11 02:48:44,2022-05-11 02:50:19
2022-05-11 17:03:28,2022-05-11 17:03:39,Free_Living,annotator,Experimental situation,2022-05-11 02:50:20,2022-05-11 02:50:31
2022-05-11 17:03:40,2022-05-11 17:04:04,Free_Living,annotator,Experimental situation,2022-05-11 02:50:32,2022-05-11 02:50:56
2022-05-11 17:04:04,2022-05-11 17:04:17,Free_Living,annotator,Experimental situation,2022-05-11 02:50:56,2022-05-11 02:51:09
2022-05-11 17:04:19,2022-05-11 17:08:36,Free_Living,annotator,Experimental situation,2022-05-11 02:51:11,2022-05-11 02:55:28
2022-05-11 17:08:39,2022-05-11 17:09:23,Free_Living,annotator,Experimental situation,2022-05-11 02:55:31,2022-05-11 02:56:15
2022-05-11 17:09:23,2022-05-11 17:09:50,Free_Living,annotator,Experimental situation,2022-05-11 02:56:15,2022-05-11 02:56:42
2022-05-11 17:09:52,2022-05-11 17:09:59,Free_Living,annotator,Experimental situation,2022-05-11 02:56:44,2022-05-11 02:56:51
2022-05-11 17:09:59,2022-05-11 17:10:18,Free_Living,annotator,Experimental situation,2022-05-11 02:56:51,2022-05-11 02:57:10
2022-05-11 17:10:18,2022-05-11 17:10:50,Free_Living,annotator,Experimental situation,2022-05-11 02:57:10,2022-05-11 02:57:42
2022-05-11 17:10:50,2022-05-11 17:11:09,Free_Living,annotator,Experimental situation,2022-05-11 02:57:42,2022-05-11 02:58:01
2022-05-11 17:11:09,2022-05-11 17:12:50,Free_Living,annotator,Experimental situation,2022-05-11 02:58:01,2022-05-11 02:59:42
2022-05-11 17:12:50,2022-05-11 17:13:08,Free_Living,annotator,Experimental situation,2022-05-11 02:59:42,2022-05-11 03:00:00
2022-05-11 17:13:10,2022-05-11 17:13:45,Free_Living,annotator,Experimental situation,2022-05-11 03:00:02,2022-05-11 03:00:37
2022-05-11 17:13:47,2022-05-11 17:14:03,Free_Living,annotator,Experimental situation,2022-05-11 03:00:39,2022-05-11 03:00:55
2022-05-11 17:14:03,2022-05-11 17:15:06,Free_Living,annotator,Experimental situation,2022-05-11 03:00:55,2022-05-11 03:01:58
2022-05-11 17:15:06,2022-05-11 17:15:13,Free_Living,annotator,Experimental situation,2022-05-11 03:01:58,2022-05-11 03:02:05
2022-05-11 17:15:15,2022-05-11 17:52:44,Free_Living,annotator,Experimental situation,2022-05-11 03:02:07,2022-05-11 03:39:36
2022-05-11 17:52:45,2022-05-11 17:52:57,Free_Living,annotator,Experimental situation,2022-05-11 03:39:37,2022-05-11 03:39:49
2022-05-11 17:52:57,2022-05-11 17:53:17,Free_Living,annotator,Experimental situation,2022-05-11 03:39:49,2022-05-11 03:40:09
2022-05-11 17:53:17,2022-05-11 18:08:13,Free_Living,annotator,Experimental situation,2022-05-11 03:40:09,2022-05-11 03:55:05
2022-05-11 18:08:13,2022-05-11 18:08:59,Free_Living,annotator,Experimental situation,2022-05-11 03:55:05,2022-05-11 03:55:51
2022-05-11 18:08:59,2022-05-11 18:11:46,Free_Living,annotator,Experimental situation,2022-05-11 03:55:51,2022-05-11 03:58:38
2022-05-11 18:11:47,2022-05-11 18:12:24,Free_Living,annotator,Experimental situation,2022-05-11 03:58:39,2022-05-11 03:59:16
2022-05-11 18:12:24,2022-05-11 18:12:27,Free_Living,annotator,Experimental situation,2022-05-11 03:59:16,2022-05-11 03:59:19
2022-05-11 18:12:33,2022-05-11 18:32:48,Free_Living,annotator,Experimental situation,2022-05-11 03:59:25,2022-05-11 04:19:40
