START_TIME,STOP_TIME,PREDICTION,SOURCE,LABELSET,VIDEO_START_TIME,VIDEO_END_TIME
2022-05-11 14:13:08,2022-05-11 14:17:15,Using_Computer/Screen,annotator,HIGH LEVEL BEHAVIOR,2022-05-11 00:00:00,2022-05-11 00:04:07
2022-05-11 14:17:15,2022-05-11 14:18:30,Using_Computer/Screen,annotator,HIGH LEVEL BEHAVIOR,2022-05-11 00:04:07,2022-05-11 00:05:22
2022-05-11 14:18:30,2022-05-11 14:19:16,Using_Computer/Screen,annotator,HIGH LEVEL BEHAVIOR,2022-05-11 00:05:22,2022-05-11 00:06:08
2022-05-11 14:19:16,2022-05-11 14:19:35,Using_Computer/Screen,annotator,HIGH LEVEL BEHAVIOR,2022-05-11 00:06:08,2022-05-11 00:06:27
2022-05-11 14:19:35,2022-05-11 14:21:02,Using_Computer/Screen,annotator,HIGH LEVEL BEHAVIOR,2022-05-11 00:06:27,2022-05-11 00:07:54
2022-05-11 14:21:02,2022-05-11 14:21:16,Using_Computer/Screen,annotator,HIGH LEVEL BEHAVIOR,2022-05-11 00:07:54,2022-05-11 00:08:08
2022-05-11 14:21:16,2022-05-11 14:22:26,Using_Computer/Screen,annotator,HIGH LEVEL BEHAVIOR,2022-05-11 00:08:08,2022-05-11 00:09:18
2022-05-11 14:22:26,2022-05-11 14:23:27,Using_Computer/Screen,annotator,HIGH LEVEL BEHAVIOR,2022-05-11 00:09:18,2022-05-11 00:10:19
2022-05-11 14:23:27,2022-05-11 14:23:52,Using_Computer/Screen,annotator,HIGH LEVEL BEHAVIOR,2022-05-11 00:10:19,2022-05-11 00:10:44
2022-05-11 14:23:52,2022-05-11 14:24:15,Using_Computer/Screen,annotator,HIGH LEVEL BEHAVIOR,2022-05-11 00:10:44,2022-05-11 00:11:07
2022-05-11 14:24:15,2022-05-11 14:25:12,Using_Computer/Screen,annotator,HIGH LEVEL BEHAVIOR,2022-05-11 00:11:07,2022-05-11 00:12:04
2022-05-11 14:25:12,2022-05-11 14:25:35,Using_Computer/Screen,annotator,HIGH LEVEL BEHAVIOR,2022-05-11 00:12:04,2022-05-11 00:12:27
2022-05-11 14:25:35,2022-05-11 14:25:49,Using_Computer/Screen,annotator,HIGH LEVEL BEHAVIOR,2022-05-11 00:12:27,2022-05-11 00:12:41
2022-05-11 14:25:49,2022-05-11 14:26:00,Using_Computer/Screen,annotator,HIGH LEVEL BEHAVIOR,2022-05-11 00:12:41,2022-05-11 00:12:52
2022-05-11 14:26:00,2022-05-11 14:26:51,Using_Computer/Screen,annotator,HIGH LEVEL BEHAVIOR,2022-05-11 00:12:52,2022-05-11 00:13:43
2022-05-11 14:26:51,2022-05-11 14:27:19,Using_Computer/Screen,annotator,HIGH LEVEL BEHAVIOR,2022-05-11 00:13:43,2022-05-11 00:14:11
2022-05-11 14:27:19,2022-05-11 14:34:37,Using_Computer/Screen,annotator,HIGH LEVEL BEHAVIOR,2022-05-11 00:14:11,2022-05-11 00:21:29
2022-05-11 14:34:37,2022-05-11 14:39:33,Using_Computer/Screen,annotator,HIGH LEVEL BEHAVIOR,2022-05-11 00:21:29,2022-05-11 00:26:25
2022-05-11 14:39:33,2022-05-11 14:40:18,Using_Computer/Screen,annotator,HIGH LEVEL BEHAVIOR,2022-05-11 00:26:25,2022-05-11 00:27:10
2022-05-11 14:40:18,2022-05-11 14:42:33,Using_Computer/Screen,annotator,HIGH LEVEL BEHAVIOR,2022-05-11 00:27:10,2022-05-11 00:29:25
2022-05-11 14:42:33,2022-05-11 14:44:55,Using_Computer/Screen,annotator,HIGH LEVEL BEHAVIOR,2022-05-11 00:29:25,2022-05-11 00:31:47
2022-05-11 14:44:55,2022-05-11 14:44:56,Using_Computer/Screen,annotator,HIGH LEVEL BEHAVIOR,2022-05-11 00:31:47,2022-05-11 00:31:48
2022-05-11 14:45:02,2022-05-11 14:45:17,,annotator,HIGH LEVEL BEHAVIOR,2022-05-11 00:31:54,2022-05-11 00:32:09
2022-05-11 14:45:17,2022-05-11 14:45:24,,annotator,HIGH LEVEL BEHAVIOR,2022-05-11 00:32:09,2022-05-11 00:32:16
2022-05-11 14:45:19,2022-05-11 14:45:19,,annotator,HIGH LEVEL BEHAVIOR,2022-05-11 00:32:11,2022-05-11 00:32:11
2022-05-11 14:45:24,2022-05-11 14:46:08,,annotator,HIGH LEVEL BEHAVIOR,2022-05-11 00:32:16,2022-05-11 00:33:00
2022-05-11 14:46:08,2022-05-11 14:48:06,,annotator,HIGH LEVEL BEHAVIOR,2022-05-11 00:33:00,2022-05-11 00:34:58
2022-05-11 14:48:06,2022-05-11 14:48:34,,annotator,HIGH LEVEL BEHAVIOR,2022-05-11 00:34:58,2022-05-11 00:35:26
2022-05-11 14:48:36,2022-05-11 14:49:05,,annotator,HIGH LEVEL BEHAVIOR,2022-05-11 00:35:28,2022-05-11 00:35:57
2022-05-11 14:49:05,2022-05-11 14:57:55,Working_Other, Using_Computer/Screen,annotator,HIGH LEVEL BEHAVIOR,2022-05-11 00:35:57,2022-05-11 00:44:47
2022-05-11 14:57:55,2022-05-11 14:58:49,Working_Other, Using_Computer/Screen,annotator,HIGH LEVEL BEHAVIOR,2022-05-11 00:44:47,2022-05-11 00:45:41
2022-05-11 14:58:49,2022-05-11 14:59:02,Working_Other,annotator,HIGH LEVEL BEHAVIOR,2022-05-11 00:45:41,2022-05-11 00:45:54
2022-05-11 14:59:02,2022-05-11 14:59:12,Working_Other,annotator,HIGH LEVEL BEHAVIOR,2022-05-11 00:45:54,2022-05-11 00:46:04
2022-05-11 14:59:12,2022-05-11 14:59:30,Working_Other,annotator,HIGH LEVEL BEHAVIOR,2022-05-11 00:46:04,2022-05-11 00:46:22
2022-05-11 14:59:33,2022-05-11 15:01:13,Working_Other,annotator,HIGH LEVEL BEHAVIOR,2022-05-11 00:46:25,2022-05-11 00:48:05
2022-05-11 15:01:13,2022-05-11 15:11:26,Working_Other,annotator,HIGH LEVEL BEHAVIOR,2022-05-11 00:48:05,2022-05-11 00:58:18
2022-05-11 15:11:26,2022-05-11 15:11:44,Working_Other,annotator,HIGH LEVEL BEHAVIOR,2022-05-11 00:58:18,2022-05-11 00:58:36
2022-05-11 15:11:44,2022-05-11 15:21:23,HLB_Indecipherable/Video_Insufficient,annotator,HIGH LEVEL BEHAVIOR,2022-05-11 00:58:36,2022-05-11 01:08:15
2022-05-11 15:21:23,2022-05-11 15:21:53,Working_Other,annotator,HIGH LEVEL BEHAVIOR,2022-05-11 01:08:15,2022-05-11 01:08:45
2022-05-11 15:21:53,2022-05-11 15:22:42,Working_Other, Using_Computer/Screen,annotator,HIGH LEVEL BEHAVIOR,2022-05-11 01:08:45,2022-05-11 01:09:34
2022-05-11 15:22:42,2022-05-11 15:23:40,Working_Other,annotator,HIGH LEVEL BEHAVIOR,2022-05-11 01:09:34,2022-05-11 01:10:32
2022-05-11 15:23:40,2022-05-11 15:24:51,Working_Other,annotator,HIGH LEVEL BEHAVIOR,2022-05-11 01:10:32,2022-05-11 01:11:43
2022-05-11 15:24:55,2022-05-11 15:26:13,Working_Other, Packing/Unpacking_Something,annotator,HIGH LEVEL BEHAVIOR,2022-05-11 01:11:47,2022-05-11 01:13:05
2022-05-11 15:26:13,2022-05-11 15:26:52,Working_Other,annotator,HIGH LEVEL BEHAVIOR,2022-05-11 01:13:05,2022-05-11 01:13:44
2022-05-11 15:26:52,2022-05-11 15:27:44,Working_Other,annotator,HIGH LEVEL BEHAVIOR,2022-05-11 01:13:44,2022-05-11 01:14:36
2022-05-11 15:27:44,2022-05-11 15:27:50,Working_Other,annotator,HIGH LEVEL BEHAVIOR,2022-05-11 01:14:36,2022-05-11 01:14:42
2022-05-11 15:27:50,2022-05-11 15:28:18,Riding_Escalator_Down,annotator,HIGH LEVEL BEHAVIOR,2022-05-11 01:14:42,2022-05-11 01:15:10
2022-05-11 15:28:18,2022-05-11 15:29:16,,annotator,HIGH LEVEL BEHAVIOR,2022-05-11 01:15:10,2022-05-11 01:16:08
2022-05-11 15:29:16,2022-05-11 15:33:41,In_Transit_Active,annotator,HIGH LEVEL BEHAVIOR,2022-05-11 01:16:08,2022-05-11 01:20:33
2022-05-11 15:33:41,2022-05-11 15:34:01,In_Transit_Active,annotator,HIGH LEVEL BEHAVIOR,2022-05-11 01:20:33,2022-05-11 01:20:53
2022-05-11 15:34:01,2022-05-11 15:35:43,In_Transit_Active,annotator,HIGH LEVEL BEHAVIOR,2022-05-11 01:20:53,2022-05-11 01:22:35
2022-05-11 15:35:43,2022-05-11 15:36:09,In_Transit_Active,annotator,HIGH LEVEL BEHAVIOR,2022-05-11 01:22:35,2022-05-11 01:23:01
2022-05-11 15:36:09,2022-05-11 15:36:31,In_Transit_Active,annotator,HIGH LEVEL BEHAVIOR,2022-05-11 01:23:01,2022-05-11 01:23:23
2022-05-11 15:36:31,2022-05-11 15:36:58,Riding_Escalator_Down, In_Transit_Active,annotator,HIGH LEVEL BEHAVIOR,2022-05-11 01:23:23,2022-05-11 01:23:50
2022-05-11 15:36:58,2022-05-11 15:37:18,In_Transit_Active,annotator,HIGH LEVEL BEHAVIOR,2022-05-11 01:23:50,2022-05-11 01:24:10
2022-05-11 15:37:18,2022-05-11 15:37:37,,annotator,HIGH LEVEL BEHAVIOR,2022-05-11 01:24:10,2022-05-11 01:24:29
2022-05-11 15:37:40,2022-05-11 15:57:17,In_Transit_Driving_Car,annotator,HIGH LEVEL BEHAVIOR,2022-05-11 01:24:32,2022-05-11 01:44:09
2022-05-11 15:57:19,2022-05-11 15:58:14,In_Transit_Active,annotator,HIGH LEVEL BEHAVIOR,2022-05-11 01:44:11,2022-05-11 01:45:06
2022-05-11 15:58:14,2022-05-11 15:58:47,In_Transit_Active,annotator,HIGH LEVEL BEHAVIOR,2022-05-11 01:45:06,2022-05-11 01:45:39
2022-05-11 15:58:47,2022-05-11 15:58:53,In_Transit_Active,annotator,HIGH LEVEL BEHAVIOR,2022-05-11 01:45:39,2022-05-11 01:45:45
2022-05-11 15:58:53,2022-05-11 15:59:04,In_Transit_Active,annotator,HIGH LEVEL BEHAVIOR,2022-05-11 01:45:45,2022-05-11 01:45:56
2022-05-11 15:59:04,2022-05-11 15:59:27,Riding_Escalator_Up,annotator,HIGH LEVEL BEHAVIOR,2022-05-11 01:45:56,2022-05-11 01:46:19
2022-05-11 15:59:27,2022-05-11 16:27:35,HLB_Indecipherable/Video_Insufficient,annotator,HIGH LEVEL BEHAVIOR,2022-05-11 01:46:19,2022-05-11 02:14:27
2022-05-11 16:27:35,2022-05-11 16:28:00,,annotator,HIGH LEVEL BEHAVIOR,2022-05-11 02:14:27,2022-05-11 02:14:52
2022-05-11 16:28:00,2022-05-11 16:28:30,,annotator,HIGH LEVEL BEHAVIOR,2022-05-11 02:14:52,2022-05-11 02:15:22
2022-05-11 16:28:30,2022-05-11 16:28:39,,annotator,HIGH LEVEL BEHAVIOR,2022-05-11 02:15:22,2022-05-11 02:15:31
2022-05-11 16:28:39,2022-05-11 16:29:00,Riding_Escalator_Down,annotator,HIGH LEVEL BEHAVIOR,2022-05-11 02:15:31,2022-05-11 02:15:52
2022-05-11 16:29:00,2022-05-11 16:29:10,In_Transit_Active,annotator,HIGH LEVEL BEHAVIOR,2022-05-11 02:15:52,2022-05-11 02:16:02
2022-05-11 16:29:10,2022-05-11 16:29:51,In_Transit_Active,annotator,HIGH LEVEL BEHAVIOR,2022-05-11 02:16:02,2022-05-11 02:16:43
2022-05-11 16:29:51,2022-05-11 16:30:21,In_Transit_Active,annotator,HIGH LEVEL BEHAVIOR,2022-05-11 02:16:43,2022-05-11 02:17:13
2022-05-11 16:30:24,2022-05-11 16:31:00,,annotator,HIGH LEVEL BEHAVIOR,2022-05-11 02:17:16,2022-05-11 02:17:52
2022-05-11 16:31:00,2022-05-11 16:43:45,In_Transit_Driving_Car,annotator,HIGH LEVEL BEHAVIOR,2022-05-11 02:17:52,2022-05-11 02:30:37
2022-05-11 16:43:46,2022-05-11 16:44:06,,annotator,HIGH LEVEL BEHAVIOR,2022-05-11 02:30:38,2022-05-11 02:30:58
2022-05-11 16:44:06,2022-05-11 16:52:56,Shopping_Grocery,annotator,HIGH LEVEL BEHAVIOR,2022-05-11 02:30:58,2022-05-11 02:39:48
2022-05-11 16:52:58,2022-05-11 16:53:09,Shopping_Grocery,annotator,HIGH LEVEL BEHAVIOR,2022-05-11 02:39:50,2022-05-11 02:40:01
2022-05-11 16:53:26,2022-05-11 16:53:52,Shopping_Grocery,annotator,HIGH LEVEL BEHAVIOR,2022-05-11 02:40:18,2022-05-11 02:40:44
2022-05-11 16:53:53,2022-05-11 17:00:25,Shopping_Grocery,annotator,HIGH LEVEL BEHAVIOR,2022-05-11 02:40:45,2022-05-11 02:47:17
2022-05-11 17:00:25,2022-05-11 17:01:52,Shopping_Grocery,annotator,HIGH LEVEL BEHAVIOR,2022-05-11 02:47:17,2022-05-11 02:48:44
2022-05-11 17:01:52,2022-05-11 17:03:27,Shopping_Grocery, Packing/Unpacking_Something,annotator,HIGH LEVEL BEHAVIOR,2022-05-11 02:48:44,2022-05-11 02:50:19
2022-05-11 17:03:28,2022-05-11 17:03:39,,annotator,HIGH LEVEL BEHAVIOR,2022-05-11 02:50:20,2022-05-11 02:50:31
2022-05-11 17:03:40,2022-05-11 17:04:04,,annotator,HIGH LEVEL BEHAVIOR,2022-05-11 02:50:32,2022-05-11 02:50:56
2022-05-11 17:04:04,2022-05-11 17:04:17,Loading/Unloading_Vehicle,annotator,HIGH LEVEL BEHAVIOR,2022-05-11 02:50:56,2022-05-11 02:51:09
2022-05-11 17:04:19,2022-05-11 17:08:36,In_Transit_Driving_Car,annotator,HIGH LEVEL BEHAVIOR,2022-05-11 02:51:11,2022-05-11 02:55:28
2022-05-11 17:08:39,2022-05-11 17:09:23,Loading/Unloading_Vehicle,annotator,HIGH LEVEL BEHAVIOR,2022-05-11 02:55:31,2022-05-11 02:56:15
2022-05-11 17:09:23,2022-05-11 17:09:50,,annotator,HIGH LEVEL BEHAVIOR,2022-05-11 02:56:15,2022-05-11 02:56:42
2022-05-11 17:09:52,2022-05-11 17:09:59,,annotator,HIGH LEVEL BEHAVIOR,2022-05-11 02:56:44,2022-05-11 02:56:51
2022-05-11 17:09:59,2022-05-11 17:10:18,,annotator,HIGH LEVEL BEHAVIOR,2022-05-11 02:56:51,2022-05-11 02:57:10
2022-05-11 17:10:18,2022-05-11 17:10:50,,annotator,HIGH LEVEL BEHAVIOR,2022-05-11 02:57:10,2022-05-11 02:57:42
2022-05-11 17:10:50,2022-05-11 17:11:09,,annotator,HIGH LEVEL BEHAVIOR,2022-05-11 02:57:42,2022-05-11 02:58:01
2022-05-11 17:11:09,2022-05-11 17:12:50,HLB_Indecipherable/Video_Insufficient,annotator,HIGH LEVEL BEHAVIOR,2022-05-11 02:58:01,2022-05-11 02:59:42
2022-05-11 17:12:50,2022-05-11 17:13:08,,annotator,HIGH LEVEL BEHAVIOR,2022-05-11 02:59:42,2022-05-11 03:00:00
2022-05-11 17:13:10,2022-05-11 17:13:45,Eating/Dining,annotator,HIGH LEVEL BEHAVIOR,2022-05-11 03:00:02,2022-05-11 03:00:37
2022-05-11 17:13:47,2022-05-11 17:14:03,,annotator,HIGH LEVEL BEHAVIOR,2022-05-11 03:00:39,2022-05-11 03:00:55
2022-05-11 17:14:03,2022-05-11 17:15:06,Cooking/Prepping_Food,annotator,HIGH LEVEL BEHAVIOR,2022-05-11 03:00:55,2022-05-11 03:01:58
2022-05-11 17:15:06,2022-05-11 17:15:13,,annotator,HIGH LEVEL BEHAVIOR,2022-05-11 03:01:58,2022-05-11 03:02:05
2022-05-11 17:15:15,2022-05-11 17:52:44,Eating/Dining, Relaxing_Passive,annotator,HIGH LEVEL BEHAVIOR,2022-05-11 03:02:07,2022-05-11 03:39:36
2022-05-11 17:52:45,2022-05-11 17:52:57,,annotator,HIGH LEVEL BEHAVIOR,2022-05-11 03:39:37,2022-05-11 03:39:49
2022-05-11 17:52:57,2022-05-11 17:53:17,Packing/Unpacking_Something,annotator,HIGH LEVEL BEHAVIOR,2022-05-11 03:39:49,2022-05-11 03:40:09
2022-05-11 17:53:17,2022-05-11 18:08:13,Cooking/Prepping_Food,annotator,HIGH LEVEL BEHAVIOR,2022-05-11 03:40:09,2022-05-11 03:55:05
2022-05-11 18:08:13,2022-05-11 18:08:59,Cooking/Prepping_Food,annotator,HIGH LEVEL BEHAVIOR,2022-05-11 03:55:05,2022-05-11 03:55:51
2022-05-11 18:08:59,2022-05-11 18:11:46,Cooking/Prepping_Food,annotator,HIGH LEVEL BEHAVIOR,2022-05-11 03:55:51,2022-05-11 03:58:38
2022-05-11 18:11:47,2022-05-11 18:12:24,Cooking/Prepping_Food,annotator,HIGH LEVEL BEHAVIOR,2022-05-11 03:58:39,2022-05-11 03:59:16
2022-05-11 18:12:24,2022-05-11 18:12:27,Cooking/Prepping_Food,annotator,HIGH LEVEL BEHAVIOR,2022-05-11 03:59:16,2022-05-11 03:59:19
2022-05-11 18:12:33,2022-05-11 18:32:48,Eating/Dining,annotator,HIGH LEVEL BEHAVIOR,2022-05-11 03:59:25,2022-05-11 04:19:40
