START_TIME,STOP_TIME,PREDICTION,SOURCE,LABELSET,VIDEO_START_TIME,VIDEO_END_TIME
2022-05-11 09:40:29,2022-05-11 09:53:42,Free_Living,annotator,Experimental situation,2022-05-11 00:00:01,2022-05-11 00:13:14
2022-05-11 09:53:46,2022-05-11 09:54:44,Free_Living,annotator,Experimental situation,2022-05-11 00:13:18,2022-05-11 00:14:16
2022-05-11 09:54:46,2022-05-11 09:55:04,Free_Living,annotator,Experimental situation,2022-05-11 00:14:18,2022-05-11 00:14:36
2022-05-11 09:55:05,2022-05-11 10:02:45,Free_Living,annotator,Experimental situation,2022-05-11 00:14:37,2022-05-11 00:22:17
2022-05-11 10:02:46,2022-05-11 10:03:32,Free_Living,annotator,Experimental situation,2022-05-11 00:22:18,2022-05-11 00:23:04
2022-05-11 10:03:33,2022-05-11 10:06:12,Free_Living,annotator,Experimental situation,2022-05-11 00:23:05,2022-05-11 00:25:44
2022-05-11 10:06:14,2022-05-11 10:18:15,Free_Living,annotator,Experimental situation,2022-05-11 00:25:46,2022-05-11 00:37:47
2022-05-11 10:18:18,2022-05-11 10:20:38,Free_Living,annotator,Experimental situation,2022-05-11 00:37:50,2022-05-11 00:40:10
2022-05-11 10:20:39,2022-05-11 10:36:07,Free_Living,annotator,Experimental situation,2022-05-11 00:40:11,2022-05-11 00:55:39
2022-05-11 10:36:22,2022-05-11 10:37:36,Free_Living,annotator,Experimental situation,2022-05-11 00:55:54,2022-05-11 00:57:08
2022-05-11 10:37:41,2022-05-11 10:40:37,Free_Living,annotator,Experimental situation,2022-05-11 00:57:13,2022-05-11 01:00:09
2022-05-11 10:40:41,2022-05-11 10:41:02,Free_Living,annotator,Experimental situation,2022-05-11 01:00:13,2022-05-11 01:00:34
2022-05-11 10:41:03,2022-05-11 10:41:16,Free_Living,annotator,Experimental situation,2022-05-11 01:00:35,2022-05-11 01:00:48
2022-05-11 10:41:18,2022-05-11 10:46:59,Free_Living,annotator,Experimental situation,2022-05-11 01:00:50,2022-05-11 01:06:31
2022-05-11 10:47:04,2022-05-11 10:47:36,Free_Living,annotator,Experimental situation,2022-05-11 01:06:36,2022-05-11 01:07:08
2022-05-11 10:47:38,2022-05-11 10:48:18,Free_Living,annotator,Experimental situation,2022-05-11 01:07:10,2022-05-11 01:07:50
2022-05-11 10:48:18,2022-05-11 10:48:23,Free_Living,annotator,Experimental situation,2022-05-11 01:07:50,2022-05-11 01:07:55
2022-05-11 10:48:34,2022-05-11 11:03:03,Free_Living,annotator,Experimental situation,2022-05-11 01:08:06,2022-05-11 01:22:35
2022-05-11 11:03:07,2022-05-11 11:04:02,Free_Living,annotator,Experimental situation,2022-05-11 01:22:39,2022-05-11 01:23:34
2022-05-11 11:04:07,2022-05-11 11:05:14,Free_Living,annotator,Experimental situation,2022-05-11 01:23:39,2022-05-11 01:24:46
2022-05-11 11:05:16,2022-05-11 11:08:04,Free_Living,annotator,Experimental situation,2022-05-11 01:24:48,2022-05-11 01:27:36
2022-05-11 11:08:06,2022-05-11 11:11:17,Free_Living,annotator,Experimental situation,2022-05-11 01:27:38,2022-05-11 01:30:49
2022-05-11 11:11:18,2022-05-11 11:16:13,Free_Living,annotator,Experimental situation,2022-05-11 01:30:50,2022-05-11 01:35:45
2022-05-11 11:16:25,2022-05-11 11:17:21,Free_Living,annotator,Experimental situation,2022-05-11 01:35:57,2022-05-11 01:36:53
2022-05-11 11:17:23,2022-05-11 11:28:33,Free_Living,annotator,Experimental situation,2022-05-11 01:36:55,2022-05-11 01:48:05
2022-05-11 11:28:40,2022-05-11 11:29:29,Free_Living,annotator,Experimental situation,2022-05-11 01:48:12,2022-05-11 01:49:01
2022-05-11 11:29:31,2022-05-11 11:37:42,Free_Living,annotator,Experimental situation,2022-05-11 01:49:03,2022-05-11 01:57:14
2022-05-11 11:37:43,2022-05-11 11:41:02,Free_Living,annotator,Experimental situation,2022-05-11 01:57:15,2022-05-11 02:00:34
2022-05-11 11:41:06,2022-05-11 11:41:38,Free_Living,annotator,Experimental situation,2022-05-11 02:00:38,2022-05-11 02:01:10
2022-05-11 11:41:39,2022-05-11 11:42:02,Free_Living,annotator,Experimental situation,2022-05-11 02:01:11,2022-05-11 02:01:34
2022-05-11 11:42:04,2022-05-11 11:42:34,Free_Living,annotator,Experimental situation,2022-05-11 02:01:36,2022-05-11 02:02:06
2022-05-11 11:42:35,2022-05-11 11:44:28,Free_Living,annotator,Experimental situation,2022-05-11 02:02:07,2022-05-11 02:04:00
2022-05-11 11:44:29,2022-05-11 11:45:13,Free_Living,annotator,Experimental situation,2022-05-11 02:04:01,2022-05-11 02:04:45
2022-05-11 11:45:15,2022-05-11 11:49:45,Free_Living,annotator,Experimental situation,2022-05-11 02:04:47,2022-05-11 02:09:17
2022-05-11 11:49:47,2022-05-11 11:50:03,Free_Living,annotator,Experimental situation,2022-05-11 02:09:19,2022-05-11 02:09:35
2022-05-11 11:50:04,2022-05-11 11:50:32,Free_Living,annotator,Experimental situation,2022-05-11 02:09:36,2022-05-11 02:10:04
2022-05-11 11:50:33,2022-05-11 11:51:01,Free_Living,annotator,Experimental situation,2022-05-11 02:10:05,2022-05-11 02:10:33
2022-05-11 11:51:02,2022-05-11 13:20:07,Free_Living,annotator,Experimental situation,2022-05-11 02:10:34,2022-05-11 03:39:39
2022-05-11 13:20:17,2022-05-11 13:21:11,Free_Living,annotator,Experimental situation,2022-05-11 03:39:49,2022-05-11 03:40:43
2022-05-11 13:21:11,2022-05-11 13:21:39,Free_Living,annotator,Experimental situation,2022-05-11 03:40:43,2022-05-11 03:41:11
2022-05-11 13:21:42,2022-05-11 13:22:19,Free_Living,annotator,Experimental situation,2022-05-11 03:41:14,2022-05-11 03:41:51
2022-05-11 13:22:23,2022-05-11 13:27:51,Free_Living,annotator,Experimental situation,2022-05-11 03:41:55,2022-05-11 03:47:23
2022-05-11 13:27:52,2022-05-11 13:28:23,Free_Living,annotator,Experimental situation,2022-05-11 03:47:24,2022-05-11 03:47:55
2022-05-11 13:28:26,2022-05-11 13:30:22,Free_Living,annotator,Experimental situation,2022-05-11 03:47:58,2022-05-11 03:49:54
2022-05-11 13:30:24,2022-05-11 13:30:56,Free_Living,annotator,Experimental situation,2022-05-11 03:49:56,2022-05-11 03:50:28
2022-05-11 13:30:57,2022-05-11 13:31:21,Free_Living,annotator,Experimental situation,2022-05-11 03:50:29,2022-05-11 03:50:53
2022-05-11 13:31:23,2022-05-11 13:32:58,Free_Living,annotator,Experimental situation,2022-05-11 03:50:55,2022-05-11 03:52:30
2022-05-11 13:32:59,2022-05-11 13:33:31,Free_Living,annotator,Experimental situation,2022-05-11 03:52:31,2022-05-11 03:53:03
2022-05-11 13:33:31,2022-05-11 13:33:50,Free_Living,annotator,Experimental situation,2022-05-11 03:53:03,2022-05-11 03:53:22
2022-05-11 13:33:51,2022-05-11 13:34:16,Free_Living,annotator,Experimental situation,2022-05-11 03:53:23,2022-05-11 03:53:48
2022-05-11 13:34:18,2022-05-11 13:36:20,Free_Living,annotator,Experimental situation,2022-05-11 03:53:50,2022-05-11 03:55:52
2022-05-11 13:36:21,2022-05-11 13:37:15,Free_Living,annotator,Experimental situation,2022-05-11 03:55:53,2022-05-11 03:56:47
2022-05-11 13:37:17,2022-05-11 13:42:18,Free_Living,annotator,Experimental situation,2022-05-11 03:56:49,2022-05-11 04:01:50
2022-05-11 13:42:21,2022-05-11 13:43:15,Free_Living,annotator,Experimental situation,2022-05-11 04:01:53,2022-05-11 04:02:47
2022-05-11 13:43:18,2022-05-11 13:43:42,Free_Living,annotator,Experimental situation,2022-05-11 04:02:50,2022-05-11 04:03:14
2022-05-11 13:43:43,2022-05-11 13:44:00,Free_Living,annotator,Experimental situation,2022-05-11 04:03:15,2022-05-11 04:03:32
2022-05-11 13:44:01,2022-05-11 13:45:10,Free_Living,annotator,Experimental situation,2022-05-11 04:03:33,2022-05-11 04:04:42
2022-05-11 13:45:11,2022-05-11 14:02:35,Free_Living,annotator,Experimental situation,2022-05-11 04:04:43,2022-05-11 04:22:07
2022-05-11 14:02:37,2022-05-11 14:04:06,Free_Living,annotator,Experimental situation,2022-05-11 04:22:09,2022-05-11 04:23:38
2022-05-11 14:04:07,2022-05-11 14:05:06,Free_Living,annotator,Experimental situation,2022-05-11 04:23:39,2022-05-11 04:24:38
2022-05-11 14:05:07,2022-05-11 14:05:33,Free_Living,annotator,Experimental situation,2022-05-11 04:24:39,2022-05-11 04:25:05
2022-05-11 14:05:34,2022-05-11 14:06:59,Free_Living,annotator,Experimental situation,2022-05-11 04:25:06,2022-05-11 04:26:31
2022-05-11 14:07:00,2022-05-11 14:07:15,Free_Living,annotator,Experimental situation,2022-05-11 04:26:32,2022-05-11 04:26:47
2022-05-11 14:07:15,2022-05-11 14:08:57,Free_Living,annotator,Experimental situation,2022-05-11 04:26:47,2022-05-11 04:28:29
2022-05-11 14:08:58,2022-05-11 14:09:55,Free_Living,annotator,Experimental situation,2022-05-11 04:28:30,2022-05-11 04:29:27
2022-05-11 14:09:56,2022-05-11 14:16:49,Free_Living,annotator,Experimental situation,2022-05-11 04:29:28,2022-05-11 04:36:21
2022-05-11 14:16:57,2022-05-11 14:16:57,Free_Living,annotator,Experimental situation,2022-05-11 04:36:29,2022-05-11 04:36:29
2022-05-11 14:16:57,2022-05-11 14:17:04,Free_Living,annotator,Experimental situation,2022-05-11 04:36:29,2022-05-11 04:36:36
2022-05-11 14:17:04,2022-05-11 14:17:11,Free_Living,annotator,Experimental situation,2022-05-11 04:36:36,2022-05-11 04:36:43
2022-05-11 14:17:11,2022-05-11 14:17:44,Free_Living,annotator,Experimental situation,2022-05-11 04:36:43,2022-05-11 04:37:16
2022-05-11 14:17:44,2022-05-11 14:18:03,Free_Living,annotator,Experimental situation,2022-05-11 04:37:16,2022-05-11 04:37:35
2022-05-11 14:18:03,2022-05-11 14:18:54,Free_Living,annotator,Experimental situation,2022-05-11 04:37:35,2022-05-11 04:38:26
2022-05-11 14:18:54,2022-05-11 14:18:58,Free_Living,annotator,Experimental situation,2022-05-11 04:38:26,2022-05-11 04:38:30
2022-05-11 14:18:58,2022-05-11 14:19:10,Free_Living,annotator,Experimental situation,2022-05-11 04:38:30,2022-05-11 04:38:42
2022-05-11 14:19:10,2022-05-11 14:19:29,Free_Living,annotator,Experimental situation,2022-05-11 04:38:42,2022-05-11 04:39:01
2022-05-11 14:19:29,2022-05-11 14:19:48,Free_Living,annotator,Experimental situation,2022-05-11 04:39:01,2022-05-11 04:39:20
2022-05-11 14:19:48,2022-05-11 14:20:22,Free_Living,annotator,Experimental situation,2022-05-11 04:39:20,2022-05-11 04:39:54
2022-05-11 14:20:24,2022-05-11 14:21:29,Free_Living,annotator,Experimental situation,2022-05-11 04:39:56,2022-05-11 04:41:01
2022-05-11 14:21:29,2022-05-11 14:21:48,Free_Living,annotator,Experimental situation,2022-05-11 04:41:01,2022-05-11 04:41:20
2022-05-11 14:21:48,2022-05-11 14:22:00,Free_Living,annotator,Experimental situation,2022-05-11 04:41:20,2022-05-11 04:41:32
2022-05-11 14:22:00,2022-05-11 14:22:27,Free_Living,annotator,Experimental situation,2022-05-11 04:41:32,2022-05-11 04:41:59
2022-05-11 14:22:27,2022-05-11 14:23:14,Free_Living,annotator,Experimental situation,2022-05-11 04:41:59,2022-05-11 04:42:46
2022-05-11 14:23:14,2022-05-11 14:23:47,Free_Living,annotator,Experimental situation,2022-05-11 04:42:46,2022-05-11 04:43:19
2022-05-11 14:23:47,2022-05-11 14:24:12,Free_Living,annotator,Experimental situation,2022-05-11 04:43:19,2022-05-11 04:43:44
2022-05-11 14:24:12,2022-05-11 14:24:35,Free_Living,annotator,Experimental situation,2022-05-11 04:43:44,2022-05-11 04:44:07
2022-05-11 14:24:35,2022-05-11 14:25:39,Free_Living,annotator,Experimental situation,2022-05-11 04:44:07,2022-05-11 04:45:11
2022-05-11 14:25:39,2022-05-11 14:27:02,Free_Living,annotator,Experimental situation,2022-05-11 04:45:11,2022-05-11 04:46:34
2022-05-11 14:27:02,2022-05-11 14:29:07,Free_Living,annotator,Experimental situation,2022-05-11 04:46:34,2022-05-11 04:48:39
2022-05-11 14:29:07,2022-05-11 14:29:35,Free_Living,annotator,Experimental situation,2022-05-11 04:48:39,2022-05-11 04:49:07
2022-05-11 14:29:35,2022-05-11 14:30:03,Free_Living,annotator,Experimental situation,2022-05-11 04:49:07,2022-05-11 04:49:35
2022-05-11 14:30:03,2022-05-11 14:31:28,Free_Living,annotator,Experimental situation,2022-05-11 04:49:35,2022-05-11 04:51:00
2022-05-11 14:31:28,2022-05-11 14:33:07,Free_Living,annotator,Experimental situation,2022-05-11 04:51:00,2022-05-11 04:52:39
2022-05-11 14:33:07,2022-05-11 14:33:25,Free_Living,annotator,Experimental situation,2022-05-11 04:52:39,2022-05-11 04:52:57
2022-05-11 14:33:25,2022-05-11 14:34:17,Free_Living,annotator,Experimental situation,2022-05-11 04:52:57,2022-05-11 04:53:49
2022-05-11 14:34:17,2022-05-11 14:35:10,Free_Living,annotator,Experimental situation,2022-05-11 04:53:49,2022-05-11 04:54:42
2022-05-11 14:35:10,2022-05-11 14:36:41,Free_Living,annotator,Experimental situation,2022-05-11 04:54:42,2022-05-11 04:56:13
2022-05-11 14:36:41,2022-05-11 14:37:32,Free_Living,annotator,Experimental situation,2022-05-11 04:56:13,2022-05-11 04:57:04
2022-05-11 14:37:32,2022-05-11 14:38:08,Free_Living,annotator,Experimental situation,2022-05-11 04:57:04,2022-05-11 04:57:40
2022-05-11 14:38:08,2022-05-11 14:41:03,Free_Living,annotator,Experimental situation,2022-05-11 04:57:40,2022-05-11 05:00:35
2022-05-11 14:41:03,2022-05-11 14:41:10,Free_Living,annotator,Experimental situation,2022-05-11 05:00:35,2022-05-11 05:00:42
2022-05-11 14:41:10,2022-05-11 14:42:26,Free_Living,annotator,Experimental situation,2022-05-11 05:00:42,2022-05-11 05:01:58
2022-05-11 14:42:26,2022-05-11 14:45:07,Free_Living,annotator,Experimental situation,2022-05-11 05:01:58,2022-05-11 05:04:39
2022-05-11 14:45:07,2022-05-11 14:45:31,Free_Living,annotator,Experimental situation,2022-05-11 05:04:39,2022-05-11 05:05:03
2022-05-11 14:45:31,2022-05-11 14:45:39,Free_Living,annotator,Experimental situation,2022-05-11 05:05:03,2022-05-11 05:05:11
2022-05-11 14:45:39,2022-05-11 14:46:58,Free_Living,annotator,Experimental situation,2022-05-11 05:05:11,2022-05-11 05:06:30
2022-05-11 14:46:58,2022-05-11 14:47:32,Free_Living,annotator,Experimental situation,2022-05-11 05:06:30,2022-05-11 05:07:04
2022-05-11 14:47:32,2022-05-11 14:47:51,Free_Living,annotator,Experimental situation,2022-05-11 05:07:04,2022-05-11 05:07:23
2022-05-11 14:47:51,2022-05-11 14:49:01,Free_Living,annotator,Experimental situation,2022-05-11 05:07:23,2022-05-11 05:08:33
2022-05-11 14:49:01,2022-05-11 14:49:15,Free_Living,annotator,Experimental situation,2022-05-11 05:08:33,2022-05-11 05:08:47
2022-05-11 14:49:15,2022-05-11 14:49:18,Free_Living,annotator,Experimental situation,2022-05-11 05:08:47,2022-05-11 05:08:50
2022-05-11 14:49:18,2022-05-11 14:50:29,Free_Living,annotator,Experimental situation,2022-05-11 05:08:50,2022-05-11 05:10:01
2022-05-11 14:50:29,2022-05-11 14:50:34,Free_Living,annotator,Experimental situation,2022-05-11 05:10:01,2022-05-11 05:10:06
2022-05-11 14:50:34,2022-05-11 14:51:09,Free_Living,annotator,Experimental situation,2022-05-11 05:10:06,2022-05-11 05:10:41
2022-05-11 14:51:09,2022-05-11 14:57:31,Free_Living,annotator,Experimental situation,2022-05-11 05:10:41,2022-05-11 05:17:03
2022-05-11 14:57:31,2022-05-11 14:58:11,Free_Living,annotator,Experimental situation,2022-05-11 05:17:03,2022-05-11 05:17:43
2022-05-11 14:58:11,2022-05-11 14:58:43,Free_Living,annotator,Experimental situation,2022-05-11 05:17:43,2022-05-11 05:18:15
2022-05-11 14:58:43,2022-05-11 14:59:06,Free_Living,annotator,Experimental situation,2022-05-11 05:18:15,2022-05-11 05:18:38
2022-05-11 14:59:06,2022-05-11 14:59:39,Free_Living,annotator,Experimental situation,2022-05-11 05:18:38,2022-05-11 05:19:11
2022-05-11 14:59:39,2022-05-11 15:00:11,Free_Living,annotator,Experimental situation,2022-05-11 05:19:11,2022-05-11 05:19:43
2022-05-11 15:00:11,2022-05-11 15:00:30,Free_Living,annotator,Experimental situation,2022-05-11 05:19:43,2022-05-11 05:20:02
2022-05-11 15:00:30,2022-05-11 15:00:49,Free_Living,annotator,Experimental situation,2022-05-11 05:20:02,2022-05-11 05:20:21
2022-05-11 15:00:49,2022-05-11 15:08:44,Free_Living,annotator,Experimental situation,2022-05-11 05:20:21,2022-05-11 05:28:16
2022-05-11 15:08:44,2022-05-11 15:09:03,Free_Living,annotator,Experimental situation,2022-05-11 05:28:16,2022-05-11 05:28:35
2022-05-11 15:09:03,2022-05-11 15:09:40,Free_Living,annotator,Experimental situation,2022-05-11 05:28:35,2022-05-11 05:29:12
2022-05-11 15:09:40,2022-05-11 15:10:37,Free_Living,annotator,Experimental situation,2022-05-11 05:29:12,2022-05-11 05:30:09
2022-05-11 15:10:37,2022-05-11 15:11:11,Free_Living,annotator,Experimental situation,2022-05-11 05:30:09,2022-05-11 05:30:43
2022-05-11 15:11:11,2022-05-11 15:11:17,Free_Living,annotator,Experimental situation,2022-05-11 05:30:43,2022-05-11 05:30:49
2022-05-11 15:11:17,2022-05-11 15:11:46,Free_Living,annotator,Experimental situation,2022-05-11 05:30:49,2022-05-11 05:31:18
2022-05-11 15:11:46,2022-05-11 15:12:04,Free_Living,annotator,Experimental situation,2022-05-11 05:31:18,2022-05-11 05:31:36
2022-05-11 15:12:04,2022-05-11 15:16:46,Free_Living,annotator,Experimental situation,2022-05-11 05:31:36,2022-05-11 05:36:18
2022-05-11 15:16:46,2022-05-11 15:17:15,Free_Living,annotator,Experimental situation,2022-05-11 05:36:18,2022-05-11 05:36:47
2022-05-11 15:17:15,2022-05-11 15:19:06,Free_Living,annotator,Experimental situation,2022-05-11 05:36:47,2022-05-11 05:38:38
2022-05-11 15:19:06,2022-05-11 15:19:44,Free_Living,annotator,Experimental situation,2022-05-11 05:38:38,2022-05-11 05:39:16
2022-05-11 15:19:44,2022-05-11 15:20:06,Free_Living,annotator,Experimental situation,2022-05-11 05:39:16,2022-05-11 05:39:38
2022-05-11 15:20:06,2022-05-11 15:21:10,Free_Living,annotator,Experimental situation,2022-05-11 05:39:38,2022-05-11 05:40:42
2022-05-11 15:21:10,2022-05-11 15:21:16,Free_Living,annotator,Experimental situation,2022-05-11 05:40:42,2022-05-11 05:40:48
2022-05-11 15:21:16,2022-05-11 15:21:34,Free_Living,annotator,Experimental situation,2022-05-11 05:40:48,2022-05-11 05:41:06
2022-05-11 15:21:34,2022-05-11 15:22:03,Free_Living,annotator,Experimental situation,2022-05-11 05:41:06,2022-05-11 05:41:35
2022-05-11 15:22:03,2022-05-11 15:22:34,Free_Living,annotator,Experimental situation,2022-05-11 05:41:35,2022-05-11 05:42:06
2022-05-11 15:22:34,2022-05-11 15:25:45,Free_Living,annotator,Experimental situation,2022-05-11 05:42:06,2022-05-11 05:45:17
2022-05-11 15:25:45,2022-05-11 15:26:04,Free_Living,annotator,Experimental situation,2022-05-11 05:45:17,2022-05-11 05:45:36
2022-05-11 15:26:04,2022-05-11 15:26:32,Free_Living,annotator,Experimental situation,2022-05-11 05:45:36,2022-05-11 05:46:04
2022-05-11 15:26:32,2022-05-11 15:40:39,Free_Living,annotator,Experimental situation,2022-05-11 05:46:04,2022-05-11 06:00:11
2022-05-11 15:40:41,2022-05-11 16:09:04,Free_Living,annotator,Experimental situation,2022-05-11 06:00:13,2022-05-11 06:28:36
2022-05-11 16:09:04,2022-05-11 16:22:48,Free_Living,annotator,Experimental situation,2022-05-11 06:28:36,2022-05-11 06:42:20
2022-05-11 16:22:48,2022-05-11 17:00:50,Free_Living,annotator,Experimental situation,2022-05-11 06:42:20,2022-05-11 07:20:22
2022-05-11 17:00:50,2022-05-11 17:07:04,Free_Living,annotator,Experimental situation,2022-05-11 07:20:22,2022-05-11 07:26:36
2022-05-11 17:07:04,2022-05-11 17:43:20,Free_Living,annotator,Experimental situation,2022-05-11 07:26:36,2022-05-11 08:02:52
2022-05-11 17:43:20,2022-05-11 19:06:50,Free_Living,annotator,Experimental situation,2022-05-11 08:02:52,2022-05-11 09:26:22
2022-05-11 19:06:50,2022-05-11 19:08:51,Free_Living,annotator,Experimental situation,2022-05-11 09:26:22,2022-05-11 09:28:23
2022-05-11 19:08:51,2022-05-11 19:11:09,Free_Living,annotator,Experimental situation,2022-05-11 09:28:23,2022-05-11 09:30:41
2022-05-11 19:11:09,2022-05-11 19:22:31,Free_Living,annotator,Experimental situation,2022-05-11 09:30:41,2022-05-11 09:42:03
2022-05-11 19:22:31,2022-05-11 19:40:54,Free_Living,annotator,Experimental situation,2022-05-11 09:42:03,2022-05-11 10:00:26
2022-05-11 19:40:54,2022-05-11 20:08:41,Free_Living,annotator,Experimental situation,2022-05-11 10:00:26,2022-05-11 10:28:13
2022-05-11 20:08:41,2022-05-11 20:11:55,Free_Living,annotator,Experimental situation,2022-05-11 10:28:13,2022-05-11 10:31:27
2022-05-11 20:11:55,2022-05-11 20:12:09,Free_Living,annotator,Experimental situation,2022-05-11 10:31:27,2022-05-11 10:31:41
2022-05-11 20:12:09,2022-05-11 20:12:24,Free_Living,annotator,Experimental situation,2022-05-11 10:31:41,2022-05-11 10:31:56
2022-05-11 20:12:24,2022-05-11 20:13:00,Free_Living,annotator,Experimental situation,2022-05-11 10:31:56,2022-05-11 10:32:32
2022-05-11 20:13:00,2022-05-11 20:13:09,Free_Living,annotator,Experimental situation,2022-05-11 10:32:32,2022-05-11 10:32:41
2022-05-11 20:13:09,2022-05-11 20:13:31,Free_Living,annotator,Experimental situation,2022-05-11 10:32:41,2022-05-11 10:33:03
2022-05-11 20:13:31,2022-05-11 20:15:35,Free_Living,annotator,Experimental situation,2022-05-11 10:33:03,2022-05-11 10:35:07
2022-05-11 20:15:35,2022-05-11 20:16:18,Free_Living,annotator,Experimental situation,2022-05-11 10:35:07,2022-05-11 10:35:50
2022-05-11 20:16:18,2022-05-11 20:17:48,Free_Living,annotator,Experimental situation,2022-05-11 10:35:50,2022-05-11 10:37:20
2022-05-11 20:17:48,2022-05-11 20:17:59,Free_Living,annotator,Experimental situation,2022-05-11 10:37:20,2022-05-11 10:37:31
2022-05-11 20:17:59,2022-05-11 20:18:03,Free_Living,annotator,Experimental situation,2022-05-11 10:37:31,2022-05-11 10:37:35
2022-05-11 20:18:03,2022-05-11 20:18:24,Free_Living,annotator,Experimental situation,2022-05-11 10:37:35,2022-05-11 10:37:56
2022-05-11 20:18:24,2022-05-11 20:18:30,Free_Living,annotator,Experimental situation,2022-05-11 10:37:56,2022-05-11 10:38:02
2022-05-11 20:18:30,2022-05-11 20:18:40,Free_Living,annotator,Experimental situation,2022-05-11 10:38:02,2022-05-11 10:38:12
2022-05-11 20:18:40,2022-05-11 20:38:50,Free_Living,annotator,Experimental situation,2022-05-11 10:38:12,2022-05-11 10:58:22
2022-05-11 20:38:50,2022-05-11 20:39:49,Free_Living,annotator,Experimental situation,2022-05-11 10:58:22,2022-05-11 10:59:21
2022-05-11 20:39:49,2022-05-11 20:39:58,Free_Living,annotator,Experimental situation,2022-05-11 10:59:21,2022-05-11 10:59:30
2022-05-11 20:39:58,2022-05-11 20:41:54,Free_Living,annotator,Experimental situation,2022-05-11 10:59:30,2022-05-11 11:01:26
2022-05-11 20:41:54,2022-05-11 20:42:02,Free_Living,annotator,Experimental situation,2022-05-11 11:01:26,2022-05-11 11:01:34
2022-05-11 20:42:02,2022-05-11 20:43:11,Free_Living,annotator,Experimental situation,2022-05-11 11:01:34,2022-05-11 11:02:43
2022-05-11 20:43:11,2022-05-11 20:43:27,Free_Living,annotator,Experimental situation,2022-05-11 11:02:43,2022-05-11 11:02:59
2022-05-11 20:43:27,2022-05-11 20:43:38,Free_Living,annotator,Experimental situation,2022-05-11 11:02:59,2022-05-11 11:03:10
2022-05-11 20:43:38,2022-05-11 20:43:47,Free_Living,annotator,Experimental situation,2022-05-11 11:03:10,2022-05-11 11:03:19
2022-05-11 20:43:47,2022-05-11 20:47:09,Free_Living,annotator,Experimental situation,2022-05-11 11:03:19,2022-05-11 11:06:41
2022-05-11 20:47:09,2022-05-11 20:48:12,Free_Living,annotator,Experimental situation,2022-05-11 11:06:41,2022-05-11 11:07:44
2022-05-11 20:48:12,2022-05-11 20:48:32,Free_Living,annotator,Experimental situation,2022-05-11 11:07:44,2022-05-11 11:08:04
2022-05-11 20:48:32,2022-05-11 20:56:27,Free_Living,annotator,Experimental situation,2022-05-11 11:08:04,2022-05-11 11:15:59
2022-05-11 20:56:27,2022-05-11 21:12:27,Free_Living,annotator,Experimental situation,2022-05-11 11:15:59,2022-05-11 11:31:59
2022-05-11 21:12:27,2022-05-11 21:12:31,Free_Living,annotator,Experimental situation,2022-05-11 11:31:59,2022-05-11 11:32:03
2022-05-11 21:12:31,2022-05-11 21:12:47,Free_Living,annotator,Experimental situation,2022-05-11 11:32:03,2022-05-11 11:32:19
2022-05-11 21:12:47,2022-05-11 21:13:00,Free_Living,annotator,Experimental situation,2022-05-11 11:32:19,2022-05-11 11:32:32
2022-05-11 21:13:00,2022-05-11 21:31:40,Free_Living,annotator,Experimental situation,2022-05-11 11:32:32,2022-05-11 11:51:12
2022-05-11 21:31:40,2022-05-11 21:36:58,Free_Living,annotator,Experimental situation,2022-05-11 11:51:12,2022-05-11 11:56:30
2022-05-11 21:36:58,2022-05-11 21:41:09,Free_Living,annotator,Experimental situation,2022-05-11 11:56:30,2022-05-11 12:00:41
2022-05-11 21:41:09,2022-05-11 21:41:40,Free_Living,annotator,Experimental situation,2022-05-11 12:00:41,2022-05-11 12:01:12
2022-05-11 21:41:40,2022-05-11 21:41:57,Free_Living,annotator,Experimental situation,2022-05-11 12:01:12,2022-05-11 12:01:29
2022-05-11 21:41:57,2022-05-11 21:42:19,Free_Living,annotator,Experimental situation,2022-05-11 12:01:29,2022-05-11 12:01:51
2022-05-11 21:42:19,2022-05-11 21:42:38,Free_Living,annotator,Experimental situation,2022-05-11 12:01:51,2022-05-11 12:02:10
2022-05-11 21:42:38,2022-05-11 21:43:11,Free_Living,annotator,Experimental situation,2022-05-11 12:02:10,2022-05-11 12:02:43
2022-05-11 21:43:11,2022-05-11 21:45:16,Free_Living,annotator,Experimental situation,2022-05-11 12:02:43,2022-05-11 12:04:48
2022-05-11 21:45:16,2022-05-11 21:48:30,Free_Living,annotator,Experimental situation,2022-05-11 12:04:48,2022-05-11 12:08:02
2022-05-11 21:48:30,2022-05-11 21:51:07,Free_Living,annotator,Experimental situation,2022-05-11 12:08:02,2022-05-11 12:10:39
2022-05-11 21:51:07,2022-05-11 21:51:18,Free_Living,annotator,Experimental situation,2022-05-11 12:10:39,2022-05-11 12:10:50
2022-05-11 21:51:18,2022-05-11 22:08:37,Free_Living,annotator,Experimental situation,2022-05-11 12:10:50,2022-05-11 12:28:09
2022-05-11 22:08:37,2022-05-11 22:09:13,Free_Living,annotator,Experimental situation,2022-05-11 12:28:09,2022-05-11 12:28:45
2022-05-11 22:09:13,2022-05-11 22:15:16,Free_Living,annotator,Experimental situation,2022-05-11 12:28:45,2022-05-11 12:34:48
2022-05-11 22:15:16,2022-05-11 22:16:13,Free_Living,annotator,Experimental situation,2022-05-11 12:34:48,2022-05-11 12:35:45
2022-05-11 22:16:13,2022-05-11 22:16:32,Free_Living,annotator,Experimental situation,2022-05-11 12:35:45,2022-05-11 12:36:04
2022-05-11 22:16:32,2022-05-11 22:16:52,Free_Living,annotator,Experimental situation,2022-05-11 12:36:04,2022-05-11 12:36:24
2022-05-11 22:16:52,2022-05-11 22:17:37,Free_Living,annotator,Experimental situation,2022-05-11 12:36:24,2022-05-11 12:37:09
2022-05-11 22:17:37,2022-05-11 22:18:01,Free_Living,annotator,Experimental situation,2022-05-11 12:37:09,2022-05-11 12:37:33
2022-05-11 22:18:01,2022-05-11 22:18:20,Free_Living,annotator,Experimental situation,2022-05-11 12:37:33,2022-05-11 12:37:52
2022-05-11 22:18:20,2022-05-11 22:20:37,Free_Living,annotator,Experimental situation,2022-05-11 12:37:52,2022-05-11 12:40:09
2022-05-11 22:20:37,2022-05-11 22:20:39,Free_Living,annotator,Experimental situation,2022-05-11 12:40:09,2022-05-11 12:40:11
2022-05-11 22:20:39,2022-05-11 22:21:06,Free_Living,annotator,Experimental situation,2022-05-11 12:40:11,2022-05-11 12:40:38
2022-05-11 22:21:06,2022-05-11 22:21:51,Free_Living,annotator,Experimental situation,2022-05-11 12:40:38,2022-05-11 12:41:23
2022-05-11 22:21:51,2022-05-11 22:23:02,Free_Living,annotator,Experimental situation,2022-05-11 12:41:23,2022-05-11 12:42:34
2022-05-11 22:23:02,2022-05-11 22:25:00,Free_Living,annotator,Experimental situation,2022-05-11 12:42:34,2022-05-11 12:44:32
2022-05-11 22:25:00,2022-05-11 22:26:04,Free_Living,annotator,Experimental situation,2022-05-11 12:44:32,2022-05-11 12:45:36
2022-05-11 22:26:04,2022-05-11 22:26:59,Free_Living,annotator,Experimental situation,2022-05-11 12:45:36,2022-05-11 12:46:31
2022-05-11 22:26:59,2022-05-11 22:31:26,Free_Living,annotator,Experimental situation,2022-05-11 12:46:31,2022-05-11 12:50:58
2022-05-11 22:31:26,2022-05-11 22:32:17,Free_Living,annotator,Experimental situation,2022-05-11 12:50:58,2022-05-11 12:51:49
2022-05-11 22:32:17,2022-05-11 22:32:21,Free_Living,annotator,Experimental situation,2022-05-11 12:51:49,2022-05-11 12:51:53
2022-05-11 22:32:21,2022-05-11 22:33:01,Free_Living,annotator,Experimental situation,2022-05-11 12:51:53,2022-05-11 12:52:33
2022-05-11 22:33:01,2022-05-11 22:33:16,Free_Living,annotator,Experimental situation,2022-05-11 12:52:33,2022-05-11 12:52:48
2022-05-11 22:33:16,2022-05-11 22:34:56,Free_Living,annotator,Experimental situation,2022-05-11 12:52:48,2022-05-11 12:54:28
2022-05-11 22:34:56,2022-05-11 22:36:17,Free_Living,annotator,Experimental situation,2022-05-11 12:54:28,2022-05-11 12:55:49
2022-05-11 22:36:17,2022-05-11 22:36:48,Free_Living,annotator,Experimental situation,2022-05-11 12:55:49,2022-05-11 12:56:20
2022-05-11 22:36:48,2022-05-11 22:37:05,Free_Living,annotator,Experimental situation,2022-05-11 12:56:20,2022-05-11 12:56:37
2022-05-11 22:37:05,2022-05-11 22:37:35,Free_Living,annotator,Experimental situation,2022-05-11 12:56:37,2022-05-11 12:57:07
2022-05-11 22:37:35,2022-05-11 22:37:57,Free_Living,annotator,Experimental situation,2022-05-11 12:57:07,2022-05-11 12:57:29
2022-05-11 22:37:57,2022-05-11 22:38:38,Free_Living,annotator,Experimental situation,2022-05-11 12:57:29,2022-05-11 12:58:10
2022-05-11 22:38:38,2022-05-11 22:39:23,Free_Living,annotator,Experimental situation,2022-05-11 12:58:10,2022-05-11 12:58:55
2022-05-11 22:39:23,2022-05-11 22:44:53,Free_Living,annotator,Experimental situation,2022-05-11 12:58:55,2022-05-11 13:04:25
2022-05-11 22:44:53,2022-05-11 22:47:14,Free_Living,annotator,Experimental situation,2022-05-11 13:04:25,2022-05-11 13:06:46
2022-05-11 22:47:14,2022-05-11 22:47:34,Free_Living,annotator,Experimental situation,2022-05-11 13:06:46,2022-05-11 13:07:06
2022-05-11 22:47:34,2022-05-11 22:50:57,Free_Living,annotator,Experimental situation,2022-05-11 13:07:06,2022-05-11 13:10:29
2022-05-11 22:50:57,2022-05-11 22:51:11,Free_Living,annotator,Experimental situation,2022-05-11 13:10:29,2022-05-11 13:10:43
2022-05-11 22:51:11,2022-05-11 22:51:29,Free_Living,annotator,Experimental situation,2022-05-11 13:10:43,2022-05-11 13:11:01
2022-05-11 22:51:29,2022-05-11 22:52:18,Free_Living,annotator,Experimental situation,2022-05-11 13:11:01,2022-05-11 13:11:50
2022-05-11 22:52:18,2022-05-11 22:52:54,Free_Living,annotator,Experimental situation,2022-05-11 13:11:50,2022-05-11 13:12:26
2022-05-11 22:52:54,2022-05-11 22:59:09,Free_Living,annotator,Experimental situation,2022-05-11 13:12:26,2022-05-11 13:18:41
2022-05-11 22:59:09,2022-05-11 23:01:24,Free_Living,annotator,Experimental situation,2022-05-11 13:18:41,2022-05-11 13:20:56
2022-05-11 23:01:24,2022-05-11 23:01:50,Free_Living,annotator,Experimental situation,2022-05-11 13:20:56,2022-05-11 13:21:22
2022-05-11 23:01:50,2022-05-11 23:01:58,Free_Living,annotator,Experimental situation,2022-05-11 13:21:22,2022-05-11 13:21:30
2022-05-11 23:01:58,2022-05-11 23:02:20,Free_Living,annotator,Experimental situation,2022-05-11 13:21:30,2022-05-11 13:21:52
2022-05-11 23:02:20,2022-05-11 23:02:43,Free_Living,annotator,Experimental situation,2022-05-11 13:21:52,2022-05-11 13:22:15
2022-05-11 23:02:43,2022-05-11 23:03:33,Free_Living,annotator,Experimental situation,2022-05-11 13:22:15,2022-05-11 13:23:05
2022-05-11 23:03:33,2022-05-11 23:03:37,Free_Living,annotator,Experimental situation,2022-05-11 13:23:05,2022-05-11 13:23:09
2022-05-11 23:03:37,2022-05-11 23:04:16,Free_Living,annotator,Experimental situation,2022-05-11 13:23:09,2022-05-11 13:23:48
2022-05-11 23:04:16,2022-05-11 23:04:28,Free_Living,annotator,Experimental situation,2022-05-11 13:23:48,2022-05-11 13:24:00
2022-05-11 23:04:28,2022-05-11 23:28:07,Free_Living,annotator,Experimental situation,2022-05-11 13:24:00,2022-05-11 13:47:39
2022-05-11 23:28:07,2022-05-11 23:28:24,Free_Living,annotator,Experimental situation,2022-05-11 13:47:39,2022-05-11 13:47:56
2022-05-11 23:28:24,2022-05-11 23:29:21,Free_Living,annotator,Experimental situation,2022-05-11 13:47:56,2022-05-11 13:48:53
2022-05-11 23:29:21,2022-05-11 23:31:31,Free_Living,annotator,Experimental situation,2022-05-11 13:48:53,2022-05-11 13:51:03
2022-05-11 23:31:31,2022-05-11 23:38:05,Free_Living,annotator,Experimental situation,2022-05-11 13:51:03,2022-05-11 13:57:37
2022-05-11 23:38:05,2022-05-11 23:44:59,Free_Living,annotator,Experimental situation,2022-05-11 13:57:37,2022-05-11 14:04:31
2022-05-11 23:44:59,2022-05-11 23:47:42,Free_Living,annotator,Experimental situation,2022-05-11 14:04:31,2022-05-11 14:07:14
