START_TIME,STOP_TIME,PREDICTION,SOURCE,LABELSET,VIDEO_START_TIME,VIDEO_END_TIME
2022-06-08 09:13:34,2022-06-08 09:13:56,Located_Indoors,annotator,Behavioral Parameters,2022-06-08 00:00:00,2022-06-08 00:00:22
2022-06-08 09:13:56,2022-06-08 09:13:58,BP_VideoUnavailable/Indecipherable,annotator,Behavioral Parameters,2022-06-08 00:00:22,2022-06-08 00:00:24
2022-06-08 09:13:58,2022-06-08 09:14:05,Located_Indoors,annotator,Behavioral Parameters,2022-06-08 00:00:24,2022-06-08 00:00:31
2022-06-08 09:14:05,2022-06-08 09:14:10,Located_Indoors,annotator,Behavioral Parameters,2022-06-08 00:00:31,2022-06-08 00:00:36
2022-06-08 09:14:10,2022-06-08 09:14:14,Located_Indoors,annotator,Behavioral Parameters,2022-06-08 00:00:36,2022-06-08 00:00:40
2022-06-08 09:14:14,2022-06-08 09:14:40,Located_Indoors,annotator,Behavioral Parameters,2022-06-08 00:00:40,2022-06-08 00:01:06
2022-06-08 09:14:40,2022-06-08 09:14:48,Located_Indoors,annotator,Behavioral Parameters,2022-06-08 00:01:06,2022-06-08 00:01:14
2022-06-08 09:14:48,2022-06-08 09:15:03,Located_Indoors, Holding_Other_Object_Light,annotator,Behavioral Parameters,2022-06-08 00:01:14,2022-06-08 00:01:29
2022-06-08 09:15:03,2022-06-08 10:01:35,Located_Indoors, Texting/Browsing_Phone,annotator,Behavioral Parameters,2022-06-08 00:01:29,2022-06-08 00:48:01
2022-06-08 09:15:03,2022-06-08 09:15:12,Located_Indoors, Holding_Other_Object_Light,annotator,Behavioral Parameters,2022-06-08 00:01:29,2022-06-08 00:01:38
2022-06-08 10:01:35,2022-06-08 10:01:35,Located_Indoors,annotator,Behavioral Parameters,2022-06-08 00:48:01,2022-06-08 00:48:01
2022-06-08 10:01:35,2022-06-08 10:01:59,Located_Indoors,annotator,Behavioral Parameters,2022-06-08 00:48:01,2022-06-08 00:48:25
2022-06-08 10:01:59,2022-06-08 10:02:37,Located_Indoors, Holding_Other_Object_Light,annotator,Behavioral Parameters,2022-06-08 00:48:25,2022-06-08 00:49:03
2022-06-08 10:02:01,2022-06-08 10:02:01,Located_Indoors, Holding_Other_Object_Light,annotator,Behavioral Parameters,2022-06-08 00:48:27,2022-06-08 00:48:27
2022-06-08 10:02:37,2022-06-08 10:02:50,Located_Indoors,annotator,Behavioral Parameters,2022-06-08 00:49:03,2022-06-08 00:49:16
2022-06-08 10:02:47,2022-06-08 10:02:47,Located_Indoors,annotator,Behavioral Parameters,2022-06-08 00:49:13,2022-06-08 00:49:13
2022-06-08 10:02:50,2022-06-08 10:03:54,Located_Indoors,annotator,Behavioral Parameters,2022-06-08 00:49:16,2022-06-08 00:50:20
2022-06-08 10:03:54,2022-06-08 10:04:00,Located_Indoors,annotator,Behavioral Parameters,2022-06-08 00:50:20,2022-06-08 00:50:26
2022-06-08 10:04:00,2022-06-08 10:04:19,Located_Indoors,annotator,Behavioral Parameters,2022-06-08 00:50:26,2022-06-08 00:50:45
2022-06-08 10:04:19,2022-06-08 10:04:27,Located_Indoors,annotator,Behavioral Parameters,2022-06-08 00:50:45,2022-06-08 00:50:53
2022-06-08 10:04:27,2022-06-08 10:05:12,Located_Indoors,annotator,Behavioral Parameters,2022-06-08 00:50:53,2022-06-08 00:51:38
2022-06-08 10:05:12,2022-06-08 10:05:39,Located_Indoors,annotator,Behavioral Parameters,2022-06-08 00:51:38,2022-06-08 00:52:05
2022-06-08 10:05:39,2022-06-08 10:05:54,Located_Indoors,annotator,Behavioral Parameters,2022-06-08 00:52:05,2022-06-08 00:52:20
2022-06-08 10:05:54,2022-06-08 10:06:03,Located_Indoors, Holding_Other_Object_Light,annotator,Behavioral Parameters,2022-06-08 00:52:20,2022-06-08 00:52:29
2022-06-08 10:06:03,2022-06-08 10:06:14,Located_Indoors, Holding_Other_Object_Light,annotator,Behavioral Parameters,2022-06-08 00:52:29,2022-06-08 00:52:40
2022-06-08 10:06:14,2022-06-08 10:06:16,Located_Indoors, Holding_Other_Object_Light,annotator,Behavioral Parameters,2022-06-08 00:52:40,2022-06-08 00:52:42
2022-06-08 10:06:16,2022-06-08 10:06:21,Located_Indoors, Holding_Other_Object_Light,annotator,Behavioral Parameters,2022-06-08 00:52:42,2022-06-08 00:52:47
2022-06-08 10:06:21,2022-06-08 10:06:27,Located_Indoors, Holding_Other_Object_Light,annotator,Behavioral Parameters,2022-06-08 00:52:47,2022-06-08 00:52:53
2022-06-08 10:06:30,2022-06-08 10:06:30,Located_Indoors, Texting/Browsing_Phone,annotator,Behavioral Parameters,2022-06-08 00:52:56,2022-06-08 00:52:56
2022-06-08 10:06:30,2022-06-08 10:06:38,Located_Indoors,annotator,Behavioral Parameters,2022-06-08 00:52:56,2022-06-08 00:53:04
2022-06-08 10:06:38,2022-06-08 10:06:41,Located_Indoors,annotator,Behavioral Parameters,2022-06-08 00:53:04,2022-06-08 00:53:07
2022-06-08 10:06:41,2022-06-08 10:07:11,Located_Indoors, Texting/Browsing_Phone,annotator,Behavioral Parameters,2022-06-08 00:53:07,2022-06-08 00:53:37
2022-06-08 10:07:11,2022-06-08 10:07:31,Located_Indoors, On_Video_Call/FaceTime,annotator,Behavioral Parameters,2022-06-08 00:53:37,2022-06-08 00:53:57
2022-06-08 10:07:31,2022-06-08 10:11:27,Located_Indoors, On_Video_Call/FaceTime, Texting/Browsing_Phone,annotator,Behavioral Parameters,2022-06-08 00:53:57,2022-06-08 00:57:53
2022-06-08 10:11:27,2022-06-08 10:11:57,Located_Indoors, On_Video_Call/FaceTime,annotator,Behavioral Parameters,2022-06-08 00:57:53,2022-06-08 00:58:23
2022-06-08 10:11:57,2022-06-08 10:12:04,Located_Indoors, On_Video_Call/FaceTime, Texting/Browsing_Phone,annotator,Behavioral Parameters,2022-06-08 00:58:23,2022-06-08 00:58:30
2022-06-08 10:12:04,2022-06-08 10:13:01,Located_Indoors, On_Video_Call/FaceTime,annotator,Behavioral Parameters,2022-06-08 00:58:30,2022-06-08 00:59:27
2022-06-08 10:13:01,2022-06-08 10:13:09,Located_Indoors, On_Video_Call/FaceTime,annotator,Behavioral Parameters,2022-06-08 00:59:27,2022-06-08 00:59:35
2022-06-08 10:13:09,2022-06-08 10:15:36,Located_Indoors, On_Video_Call/FaceTime,annotator,Behavioral Parameters,2022-06-08 00:59:35,2022-06-08 01:02:02
2022-06-08 10:15:36,2022-06-08 10:15:51,Located_Indoors, On_Video_Call/FaceTime,annotator,Behavioral Parameters,2022-06-08 01:02:02,2022-06-08 01:02:17
2022-06-08 10:15:51,2022-06-08 10:17:08,Located_Indoors, On_Video_Call/FaceTime, Holding_Other_Object_Light,annotator,Behavioral Parameters,2022-06-08 01:02:17,2022-06-08 01:03:34
2022-06-08 10:17:08,2022-06-08 10:17:54,Located_Indoors, On_Video_Call/FaceTime,annotator,Behavioral Parameters,2022-06-08 01:03:34,2022-06-08 01:04:20
2022-06-08 10:17:54,2022-06-08 10:18:35,Located_Indoors, On_Video_Call/FaceTime, Holding_Other_Object_Light,annotator,Behavioral Parameters,2022-06-08 01:04:20,2022-06-08 01:05:01
2022-06-08 10:18:35,2022-06-08 10:18:56,Located_Indoors, On_Video_Call/FaceTime, Holding_Other_Object_Light,annotator,Behavioral Parameters,2022-06-08 01:05:01,2022-06-08 01:05:22
2022-06-08 10:18:56,2022-06-08 10:19:52,Located_Indoors, Holding_Other_Object_Light,annotator,Behavioral Parameters,2022-06-08 01:05:22,2022-06-08 01:06:18
2022-06-08 10:19:52,2022-06-08 10:24:14,Located_Indoors, Holding_Other_Object_Light,annotator,Behavioral Parameters,2022-06-08 01:06:18,2022-06-08 01:10:40
2022-06-08 10:24:14,2022-06-08 10:24:52,Located_Indoors, Holding_Other_Object_Light,annotator,Behavioral Parameters,2022-06-08 01:10:40,2022-06-08 01:11:18
2022-06-08 10:24:52,2022-06-08 10:25:34,Located_Indoors, Holding_Other_Object_Light,annotator,Behavioral Parameters,2022-06-08 01:11:18,2022-06-08 01:12:00
2022-06-08 10:25:34,2022-06-08 10:32:38,BP_VideoUnavailable/Indecipherable,annotator,Behavioral Parameters,2022-06-08 01:12:00,2022-06-08 01:19:04
2022-06-08 10:32:38,2022-06-08 10:32:52,Located_Indoors,annotator,Behavioral Parameters,2022-06-08 01:19:04,2022-06-08 01:19:18
2022-06-08 10:32:52,2022-06-08 10:34:05,Located_Indoors, Holding_Other_Object_Light,annotator,Behavioral Parameters,2022-06-08 01:19:18,2022-06-08 01:20:31
2022-06-08 10:34:05,2022-06-08 10:35:22,Located_Indoors, Holding_Other_Object_Light,annotator,Behavioral Parameters,2022-06-08 01:20:31,2022-06-08 01:21:48
2022-06-08 10:35:22,2022-06-08 10:35:35,Located_Indoors,annotator,Behavioral Parameters,2022-06-08 01:21:48,2022-06-08 01:22:01
2022-06-08 10:35:35,2022-06-08 10:35:38,Located_Indoors, Texting/Browsing_Phone,annotator,Behavioral Parameters,2022-06-08 01:22:01,2022-06-08 01:22:04
2022-06-08 10:35:38,2022-06-08 10:35:51,Located_Indoors, Holding_Drink,annotator,Behavioral Parameters,2022-06-08 01:22:04,2022-06-08 01:22:17
2022-06-08 10:35:51,2022-06-08 10:36:03,Located_Indoors, Holding_Other_Object_Light,annotator,Behavioral Parameters,2022-06-08 01:22:17,2022-06-08 01:22:29
2022-06-08 10:36:03,2022-06-08 10:36:12,Located_Indoors, Texting/Browsing_Phone,annotator,Behavioral Parameters,2022-06-08 01:22:29,2022-06-08 01:22:38
2022-06-08 10:36:12,2022-06-08 10:36:20,Located_Indoors,annotator,Behavioral Parameters,2022-06-08 01:22:38,2022-06-08 01:22:46
2022-06-08 10:36:20,2022-06-08 10:36:31,Located_Indoors, Texting/Browsing_Phone,annotator,Behavioral Parameters,2022-06-08 01:22:46,2022-06-08 01:22:57
2022-06-08 10:36:31,2022-06-08 10:36:48,Located_Indoors,annotator,Behavioral Parameters,2022-06-08 01:22:57,2022-06-08 01:23:14
2022-06-08 10:36:48,2022-06-08 10:37:09,Located_Indoors,annotator,Behavioral Parameters,2022-06-08 01:23:14,2022-06-08 01:23:35
2022-06-08 10:37:09,2022-06-08 10:37:17,Located_Indoors,annotator,Behavioral Parameters,2022-06-08 01:23:35,2022-06-08 01:23:43
2022-06-08 10:37:17,2022-06-08 10:37:27,Located_Indoors,annotator,Behavioral Parameters,2022-06-08 01:23:43,2022-06-08 01:23:53
2022-06-08 10:37:27,2022-06-08 10:37:46,Located_Indoors, Texting/Browsing_Phone,annotator,Behavioral Parameters,2022-06-08 01:23:53,2022-06-08 01:24:12
2022-06-08 10:37:46,2022-06-08 10:38:02,Located_Indoors, Texting/Browsing_Phone,annotator,Behavioral Parameters,2022-06-08 01:24:12,2022-06-08 01:24:28
2022-06-08 10:38:02,2022-06-08 10:38:14,Texting/Browsing_Phone, Located_Outdoors,annotator,Behavioral Parameters,2022-06-08 01:24:28,2022-06-08 01:24:40
2022-06-08 10:38:14,2022-06-08 10:39:59,Located_Outdoors,annotator,Behavioral Parameters,2022-06-08 01:24:40,2022-06-08 01:26:25
2022-06-08 10:39:59,2022-06-08 10:40:11,Located_Indoors,annotator,Behavioral Parameters,2022-06-08 01:26:25,2022-06-08 01:26:37
2022-06-08 10:40:11,2022-06-08 10:40:16,Located_Indoors, In_Conversation,annotator,Behavioral Parameters,2022-06-08 01:26:37,2022-06-08 01:26:42
2022-06-08 10:40:16,2022-06-08 10:40:26,Located_Indoors,annotator,Behavioral Parameters,2022-06-08 01:26:42,2022-06-08 01:26:52
2022-06-08 10:40:26,2022-06-08 10:41:08,Located_Indoors,annotator,Behavioral Parameters,2022-06-08 01:26:52,2022-06-08 01:27:34
2022-06-08 10:41:08,2022-06-08 10:41:29,Located_Indoors,annotator,Behavioral Parameters,2022-06-08 01:27:34,2022-06-08 01:27:55
2022-06-08 10:41:29,2022-06-08 10:41:33,Located_Indoors, In_Conversation, Holding_Other_Object_Light,annotator,Behavioral Parameters,2022-06-08 01:27:55,2022-06-08 01:27:59
2022-06-08 10:41:33,2022-06-08 10:41:53,Located_Indoors,annotator,Behavioral Parameters,2022-06-08 01:27:59,2022-06-08 01:28:19
2022-06-08 10:41:53,2022-06-08 10:42:47,Located_Indoors, Holding_Other_Object_Light,annotator,Behavioral Parameters,2022-06-08 01:28:19,2022-06-08 01:29:13
2022-06-08 10:42:48,2022-06-08 10:43:22,Located_Indoors,annotator,Behavioral Parameters,2022-06-08 01:29:14,2022-06-08 01:29:48
2022-06-08 10:43:22,2022-06-08 10:43:41,Located_Indoors,annotator,Behavioral Parameters,2022-06-08 01:29:48,2022-06-08 01:30:07
2022-06-08 10:43:41,2022-06-08 10:44:19,Located_Indoors,annotator,Behavioral Parameters,2022-06-08 01:30:07,2022-06-08 01:30:45
2022-06-08 10:44:19,2022-06-08 10:45:04,Located_Indoors, Holding_Other_Object_Light,annotator,Behavioral Parameters,2022-06-08 01:30:45,2022-06-08 01:31:30
2022-06-08 10:45:04,2022-06-08 10:46:21,Located_Indoors,annotator,Behavioral Parameters,2022-06-08 01:31:30,2022-06-08 01:32:47
2022-06-08 10:46:21,2022-06-08 10:46:53,Located_Indoors, Holding_Drink,annotator,Behavioral Parameters,2022-06-08 01:32:47,2022-06-08 01:33:19
2022-06-08 10:46:53,2022-06-08 10:47:10,Located_Indoors, Holding_Drink,annotator,Behavioral Parameters,2022-06-08 01:33:19,2022-06-08 01:33:36
2022-06-08 10:47:10,2022-06-08 10:47:26,Located_Indoors, Texting/Browsing_Phone,annotator,Behavioral Parameters,2022-06-08 01:33:36,2022-06-08 01:33:52
2022-06-08 10:47:26,2022-06-08 10:47:45,Located_Indoors, Holding_Other_Object_Light,annotator,Behavioral Parameters,2022-06-08 01:33:52,2022-06-08 01:34:11
2022-06-08 10:47:45,2022-06-08 10:47:55,Located_Indoors,annotator,Behavioral Parameters,2022-06-08 01:34:11,2022-06-08 01:34:21
2022-06-08 10:47:55,2022-06-08 10:48:14,Located_Indoors, Holding_Drink,annotator,Behavioral Parameters,2022-06-08 01:34:21,2022-06-08 01:34:40
2022-06-08 10:48:14,2022-06-08 10:48:23,Located_Indoors,annotator,Behavioral Parameters,2022-06-08 01:34:40,2022-06-08 01:34:49
2022-06-08 10:48:23,2022-06-08 10:48:52,Located_Indoors, Holding_Other_Object_Light,annotator,Behavioral Parameters,2022-06-08 01:34:49,2022-06-08 01:35:18
2022-06-08 10:48:52,2022-06-08 10:51:35,Located_Indoors,annotator,Behavioral Parameters,2022-06-08 01:35:18,2022-06-08 01:38:01
2022-06-08 10:51:35,2022-06-08 10:52:10,Located_Indoors, Texting/Browsing_Phone,annotator,Behavioral Parameters,2022-06-08 01:38:01,2022-06-08 01:38:36
2022-06-08 10:52:10,2022-06-08 10:52:30,Located_Indoors,annotator,Behavioral Parameters,2022-06-08 01:38:36,2022-06-08 01:38:56
2022-06-08 10:52:35,2022-06-08 10:52:39,Located_Indoors,annotator,Behavioral Parameters,2022-06-08 01:39:01,2022-06-08 01:39:05
2022-06-08 10:52:39,2022-06-08 10:52:39,Located_Indoors,annotator,Behavioral Parameters,2022-06-08 01:39:05,2022-06-08 01:39:05
2022-06-08 10:52:42,2022-06-08 10:53:16,Located_Indoors, Holding_Other_Object_Heavy,annotator,Behavioral Parameters,2022-06-08 01:39:08,2022-06-08 01:39:42
2022-06-08 10:53:11,2022-06-08 10:54:50,Located_Indoors,annotator,Behavioral Parameters,2022-06-08 01:39:37,2022-06-08 01:41:16
2022-06-08 10:54:48,2022-06-08 10:54:48,Located_Indoors,annotator,Behavioral Parameters,2022-06-08 01:41:14,2022-06-08 01:41:14
2022-06-08 10:54:55,2022-06-08 10:55:08,Located_Indoors,annotator,Behavioral Parameters,2022-06-08 01:41:21,2022-06-08 01:41:34
2022-06-08 10:55:08,2022-06-08 10:55:52,Located_Indoors, Holding_Other_Object_Heavy,annotator,Behavioral Parameters,2022-06-08 01:41:34,2022-06-08 01:42:18
2022-06-08 10:55:52,2022-06-08 10:57:40,Located_Indoors,annotator,Behavioral Parameters,2022-06-08 01:42:18,2022-06-08 01:44:06
2022-06-08 10:57:40,2022-06-08 10:57:58,Located_Indoors, Holding_Drink,annotator,Behavioral Parameters,2022-06-08 01:44:06,2022-06-08 01:44:24
2022-06-08 10:57:58,2022-06-08 10:58:12,Located_Indoors,annotator,Behavioral Parameters,2022-06-08 01:44:24,2022-06-08 01:44:38
2022-06-08 10:58:12,2022-06-08 10:58:56,Located_Indoors,annotator,Behavioral Parameters,2022-06-08 01:44:38,2022-06-08 01:45:22
2022-06-08 10:58:12,2022-06-08 10:58:12,Located_Indoors,annotator,Behavioral Parameters,2022-06-08 01:44:38,2022-06-08 01:44:38
2022-06-08 10:59:00,2022-06-08 10:59:46,Located_Indoors, Holding_Other_Object_Heavy,annotator,Behavioral Parameters,2022-06-08 01:45:26,2022-06-08 01:46:12
2022-06-08 10:59:47,2022-06-08 11:00:00,Located_Indoors, Texting/Browsing_Phone,annotator,Behavioral Parameters,2022-06-08 01:46:13,2022-06-08 01:46:26
2022-06-08 11:00:03,2022-06-08 11:02:21,Located_Indoors, Texting/Browsing_Phone,annotator,Behavioral Parameters,2022-06-08 01:46:29,2022-06-08 01:48:47
2022-06-08 11:02:21,2022-06-08 11:04:55,Located_Indoors,annotator,Behavioral Parameters,2022-06-08 01:48:47,2022-06-08 01:51:21
2022-06-08 11:04:55,2022-06-08 11:05:15,Located_Indoors,annotator,Behavioral Parameters,2022-06-08 01:51:21,2022-06-08 01:51:41
2022-06-08 11:05:15,2022-06-08 11:06:03,Located_Indoors, Holding_Other_Object_Heavy,annotator,Behavioral Parameters,2022-06-08 01:51:41,2022-06-08 01:52:29
2022-06-08 11:06:03,2022-06-08 11:08:14,Located_Indoors,annotator,Behavioral Parameters,2022-06-08 01:52:29,2022-06-08 01:54:40
2022-06-08 11:08:14,2022-06-08 11:08:41,Located_Indoors, Holding_Other_Object_Light,annotator,Behavioral Parameters,2022-06-08 01:54:40,2022-06-08 01:55:07
2022-06-08 11:08:41,2022-06-08 11:08:51,Located_Indoors,annotator,Behavioral Parameters,2022-06-08 01:55:07,2022-06-08 01:55:17
2022-06-08 11:08:51,2022-06-08 11:12:41,Located_Indoors, Texting/Browsing_Phone,annotator,Behavioral Parameters,2022-06-08 01:55:17,2022-06-08 01:59:07
2022-06-08 11:12:41,2022-06-08 11:12:41,Located_Indoors,annotator,Behavioral Parameters,2022-06-08 01:59:07,2022-06-08 01:59:07
2022-06-08 11:12:41,2022-06-08 11:12:50,Located_Indoors,annotator,Behavioral Parameters,2022-06-08 01:59:07,2022-06-08 01:59:16
2022-06-08 11:12:50,2022-06-08 11:12:52,Located_Indoors, Holding_Other_Object_Light,annotator,Behavioral Parameters,2022-06-08 01:59:16,2022-06-08 01:59:18
2022-06-08 11:12:50,2022-06-08 11:12:50,Located_Indoors, Holding_Other_Object_Light,annotator,Behavioral Parameters,2022-06-08 01:59:16,2022-06-08 01:59:16
2022-06-08 11:12:52,2022-06-08 11:13:37,Located_Indoors,annotator,Behavioral Parameters,2022-06-08 01:59:18,2022-06-08 02:00:03
2022-06-08 11:13:37,2022-06-08 11:14:17,Located_Indoors, Holding_Other_Object_Light,annotator,Behavioral Parameters,2022-06-08 02:00:03,2022-06-08 02:00:43
2022-06-08 11:14:17,2022-06-08 11:14:28,Located_Indoors,annotator,Behavioral Parameters,2022-06-08 02:00:43,2022-06-08 02:00:54
2022-06-08 11:14:28,2022-06-08 11:14:50,Located_Indoors, Holding_Other_Object_Heavy,annotator,Behavioral Parameters,2022-06-08 02:00:54,2022-06-08 02:01:16
2022-06-08 11:14:52,2022-06-08 11:15:01,Located_Indoors, Holding_Other_Object_Light,annotator,Behavioral Parameters,2022-06-08 02:01:18,2022-06-08 02:01:27
2022-06-08 11:15:06,2022-06-08 11:15:15,Located_Indoors,annotator,Behavioral Parameters,2022-06-08 02:01:32,2022-06-08 02:01:41
2022-06-08 11:15:13,2022-06-08 11:16:18,Located_Indoors,annotator,Behavioral Parameters,2022-06-08 02:01:39,2022-06-08 02:02:44
2022-06-08 11:16:18,2022-06-08 11:16:45,Located_Indoors, Holding_Drink,annotator,Behavioral Parameters,2022-06-08 02:02:44,2022-06-08 02:03:11
2022-06-08 11:16:45,2022-06-08 11:17:00,Located_Indoors, Texting/Browsing_Phone,annotator,Behavioral Parameters,2022-06-08 02:03:11,2022-06-08 02:03:26
2022-06-08 11:17:00,2022-06-08 11:17:35,Located_Indoors, Holding_Other_Object_Light,annotator,Behavioral Parameters,2022-06-08 02:03:26,2022-06-08 02:04:01
2022-06-08 11:17:35,2022-06-08 11:19:20,Located_Indoors, Texting/Browsing_Phone,annotator,Behavioral Parameters,2022-06-08 02:04:01,2022-06-08 02:05:46
2022-06-08 11:19:20,2022-06-08 11:19:34,Located_Indoors,annotator,Behavioral Parameters,2022-06-08 02:05:46,2022-06-08 02:06:00
2022-06-08 11:19:34,2022-06-08 11:21:03,Located_Indoors,annotator,Behavioral Parameters,2022-06-08 02:06:00,2022-06-08 02:07:29
2022-06-08 11:21:03,2022-06-08 11:21:55,Located_Indoors, Texting/Browsing_Phone,annotator,Behavioral Parameters,2022-06-08 02:07:29,2022-06-08 02:08:21
2022-06-08 11:21:55,2022-06-08 11:23:26,Located_Indoors, Texting/Browsing_Phone,annotator,Behavioral Parameters,2022-06-08 02:08:21,2022-06-08 02:09:52
2022-06-08 11:23:26,2022-06-08 11:23:33,Located_Indoors, Texting/Browsing_Phone,annotator,Behavioral Parameters,2022-06-08 02:09:52,2022-06-08 02:09:59
2022-06-08 11:23:33,2022-06-08 11:24:52,Located_Indoors,annotator,Behavioral Parameters,2022-06-08 02:09:59,2022-06-08 02:11:18
2022-06-08 11:24:52,2022-06-08 11:26:25,Located_Indoors, Texting/Browsing_Phone,annotator,Behavioral Parameters,2022-06-08 02:11:18,2022-06-08 02:12:51
2022-06-08 11:26:25,2022-06-08 11:27:42,Located_Indoors,annotator,Behavioral Parameters,2022-06-08 02:12:51,2022-06-08 02:14:08
2022-06-08 11:27:42,2022-06-08 11:28:14,Located_Indoors,annotator,Behavioral Parameters,2022-06-08 02:14:08,2022-06-08 02:14:40
2022-06-08 11:28:14,2022-06-08 11:28:40,Located_Indoors,annotator,Behavioral Parameters,2022-06-08 02:14:40,2022-06-08 02:15:06
2022-06-08 11:28:40,2022-06-08 11:28:57,Located_Indoors,annotator,Behavioral Parameters,2022-06-08 02:15:06,2022-06-08 02:15:23
2022-06-08 11:28:57,2022-06-08 11:29:36,Located_Indoors, Holding_Other_Object_Light,annotator,Behavioral Parameters,2022-06-08 02:15:23,2022-06-08 02:16:02
2022-06-08 11:29:36,2022-06-08 11:30:15,Located_Indoors, Texting/Browsing_Phone,annotator,Behavioral Parameters,2022-06-08 02:16:02,2022-06-08 02:16:41
2022-06-08 11:30:15,2022-06-08 11:31:06,Located_Indoors,annotator,Behavioral Parameters,2022-06-08 02:16:41,2022-06-08 02:17:32
2022-06-08 11:31:06,2022-06-08 11:32:30,Located_Indoors,annotator,Behavioral Parameters,2022-06-08 02:17:32,2022-06-08 02:18:56
2022-06-08 11:32:30,2022-06-08 11:33:15,Located_Indoors,annotator,Behavioral Parameters,2022-06-08 02:18:56,2022-06-08 02:19:41
2022-06-08 11:33:15,2022-06-08 11:37:24,Located_Indoors, Texting/Browsing_Phone,annotator,Behavioral Parameters,2022-06-08 02:19:41,2022-06-08 02:23:50
2022-06-08 11:37:24,2022-06-08 11:37:49,Located_Indoors,annotator,Behavioral Parameters,2022-06-08 02:23:50,2022-06-08 02:24:15
2022-06-08 11:37:49,2022-06-08 11:37:59,Located_Indoors,annotator,Behavioral Parameters,2022-06-08 02:24:15,2022-06-08 02:24:25
2022-06-08 11:37:59,2022-06-08 11:38:16,Located_Indoors, Holding_Other_Object_Light,annotator,Behavioral Parameters,2022-06-08 02:24:25,2022-06-08 02:24:42
2022-06-08 11:38:16,2022-06-08 11:38:28,Located_Indoors,annotator,Behavioral Parameters,2022-06-08 02:24:42,2022-06-08 02:24:54
2022-06-08 11:38:28,2022-06-08 11:39:19,Located_Indoors,annotator,Behavioral Parameters,2022-06-08 02:24:54,2022-06-08 02:25:45
2022-06-08 11:39:19,2022-06-08 11:39:28,Located_Indoors,annotator,Behavioral Parameters,2022-06-08 02:25:45,2022-06-08 02:25:54
2022-06-08 11:39:28,2022-06-08 11:39:53,Located_Indoors, Holding_Other_Object_Light,annotator,Behavioral Parameters,2022-06-08 02:25:54,2022-06-08 02:26:19
2022-06-08 11:39:53,2022-06-08 11:40:54,Located_Indoors,annotator,Behavioral Parameters,2022-06-08 02:26:19,2022-06-08 02:27:20
2022-06-08 11:40:54,2022-06-08 11:41:23,Located_Indoors, Holding_Drink, Holding_Other_Object_Light,annotator,Behavioral Parameters,2022-06-08 02:27:20,2022-06-08 02:27:49
2022-06-08 11:41:23,2022-06-08 11:41:39,Located_Indoors, Holding_Drink, Holding_Other_Object_Light,annotator,Behavioral Parameters,2022-06-08 02:27:49,2022-06-08 02:28:05
2022-06-08 11:41:39,2022-06-08 11:42:16,Located_Indoors, Holding_Drink, Holding_Other_Object_Light,annotator,Behavioral Parameters,2022-06-08 02:28:05,2022-06-08 02:28:42
2022-06-08 11:42:16,2022-06-08 11:42:32,Located_Indoors,annotator,Behavioral Parameters,2022-06-08 02:28:42,2022-06-08 02:28:58
2022-06-08 11:42:32,2022-06-08 11:42:56,Located_Indoors, BP_VideoUnavailable/Indecipherable,annotator,Behavioral Parameters,2022-06-08 02:28:58,2022-06-08 02:29:22
2022-06-08 11:42:56,2022-06-08 11:43:14,Located_Indoors, Holding_Other_Object_Light,annotator,Behavioral Parameters,2022-06-08 02:29:22,2022-06-08 02:29:40
2022-06-08 11:43:14,2022-06-08 11:44:01,Located_Indoors, Holding_Other_Object_Light,annotator,Behavioral Parameters,2022-06-08 02:29:40,2022-06-08 02:30:27
2022-06-08 11:44:01,2022-06-08 11:44:06,Located_Indoors,annotator,Behavioral Parameters,2022-06-08 02:30:27,2022-06-08 02:30:32
2022-06-08 11:44:06,2022-06-08 11:44:25,Located_Indoors,annotator,Behavioral Parameters,2022-06-08 02:30:32,2022-06-08 02:30:51
2022-06-08 11:44:25,2022-06-08 11:44:38,Located_Indoors,annotator,Behavioral Parameters,2022-06-08 02:30:51,2022-06-08 02:31:04
2022-06-08 11:44:38,2022-06-08 11:45:01,Located_Indoors,annotator,Behavioral Parameters,2022-06-08 02:31:04,2022-06-08 02:31:27
2022-06-08 11:45:01,2022-06-08 11:45:14,Located_Indoors,annotator,Behavioral Parameters,2022-06-08 02:31:27,2022-06-08 02:31:40
2022-06-08 11:45:14,2022-06-08 11:45:22,Located_Indoors,annotator,Behavioral Parameters,2022-06-08 02:31:40,2022-06-08 02:31:48
2022-06-08 11:45:22,2022-06-08 11:46:09,Located_Indoors, Holding_Other_Object_Light,annotator,Behavioral Parameters,2022-06-08 02:31:48,2022-06-08 02:32:35
2022-06-08 11:46:09,2022-06-08 11:46:33,Located_Indoors,annotator,Behavioral Parameters,2022-06-08 02:32:35,2022-06-08 02:32:59
2022-06-08 11:46:33,2022-06-08 11:46:50,Located_Indoors, Holding_Other_Object_Light, Holding_Drink,annotator,Behavioral Parameters,2022-06-08 02:32:59,2022-06-08 02:33:16
2022-06-08 11:46:50,2022-06-08 11:47:06,Located_Indoors, Holding_Other_Object_Light, Holding_Drink,annotator,Behavioral Parameters,2022-06-08 02:33:16,2022-06-08 02:33:32
2022-06-08 11:47:06,2022-06-08 11:47:41,Located_Indoors, Holding_Other_Object_Light, Holding_Drink,annotator,Behavioral Parameters,2022-06-08 02:33:32,2022-06-08 02:34:07
2022-06-08 11:47:41,2022-06-08 11:47:53,Located_Indoors, Holding_Other_Object_Light, Holding_Drink,annotator,Behavioral Parameters,2022-06-08 02:34:07,2022-06-08 02:34:19
2022-06-08 11:47:53,2022-06-08 11:48:12,Located_Indoors, Holding_Other_Object_Light,annotator,Behavioral Parameters,2022-06-08 02:34:19,2022-06-08 02:34:38
2022-06-08 11:48:12,2022-06-08 11:48:24,Located_Indoors, Carrying_Bag_On_Shoulder/Back_Light,annotator,Behavioral Parameters,2022-06-08 02:34:38,2022-06-08 02:34:50
2022-06-08 11:48:24,2022-06-08 11:48:33,Located_Indoors, Carrying_Bag_On_Shoulder/Back_Light, In_Conversation,annotator,Behavioral Parameters,2022-06-08 02:34:50,2022-06-08 02:34:59
2022-06-08 11:48:33,2022-06-08 11:48:46,Located_Indoors, Carrying_Bag_On_Shoulder/Back_Light,annotator,Behavioral Parameters,2022-06-08 02:34:59,2022-06-08 02:35:12
2022-06-08 11:48:46,2022-06-08 11:48:51,Located_Indoors, Carrying_Bag_On_Shoulder/Back_Light, Holding_Other_Object_Light,annotator,Behavioral Parameters,2022-06-08 02:35:12,2022-06-08 02:35:17
2022-06-08 11:48:51,2022-06-08 11:49:38,Located_Indoors, Carrying_Bag_On_Shoulder/Back_Light,annotator,Behavioral Parameters,2022-06-08 02:35:17,2022-06-08 02:36:04
2022-06-08 11:49:38,2022-06-08 11:49:51,Located_Indoors, Carrying_Bag_On_Shoulder/Back_Light,annotator,Behavioral Parameters,2022-06-08 02:36:04,2022-06-08 02:36:17
2022-06-08 11:49:51,2022-06-08 11:49:59,Carrying_Bag_On_Shoulder/Back_Light, Located_Outdoors,annotator,Behavioral Parameters,2022-06-08 02:36:17,2022-06-08 02:36:25
2022-06-08 11:49:59,2022-06-08 11:50:15,Carrying_Bag_On_Shoulder/Back_Light, Located_Outdoors, Texting/Browsing_Phone,annotator,Behavioral Parameters,2022-06-08 02:36:25,2022-06-08 02:36:41
2022-06-08 11:50:15,2022-06-08 11:51:59,Carrying_Bag_On_Shoulder/Back_Light, Located_Outdoors,annotator,Behavioral Parameters,2022-06-08 02:36:41,2022-06-08 02:38:25
2022-06-08 11:51:59,2022-06-08 11:52:12,Carrying_Bag_On_Shoulder/Back_Light, Located_Indoors,annotator,Behavioral Parameters,2022-06-08 02:38:25,2022-06-08 02:38:38
2022-06-08 11:52:12,2022-06-08 11:53:05,Carrying_Bag_On_Shoulder/Back_Light, Located_Indoors, Texting/Browsing_Phone,annotator,Behavioral Parameters,2022-06-08 02:38:38,2022-06-08 02:39:31
2022-06-08 11:53:05,2022-06-08 11:53:13,Carrying_Bag_On_Shoulder/Back_Light, Located_Indoors, Texting/Browsing_Phone,annotator,Behavioral Parameters,2022-06-08 02:39:31,2022-06-08 02:39:39
2022-06-08 11:53:13,2022-06-08 11:53:46,Carrying_Bag_On_Shoulder/Back_Light, Located_Indoors, Texting/Browsing_Phone,annotator,Behavioral Parameters,2022-06-08 02:39:39,2022-06-08 02:40:12
2022-06-08 11:53:46,2022-06-08 11:54:23,Carrying_Bag_On_Shoulder/Back_Light, Located_Indoors, Texting/Browsing_Phone,annotator,Behavioral Parameters,2022-06-08 02:40:12,2022-06-08 02:40:49
2022-06-08 11:54:23,2022-06-08 11:54:48,Located_Indoors, Texting/Browsing_Phone,annotator,Behavioral Parameters,2022-06-08 02:40:49,2022-06-08 02:41:14
2022-06-08 11:54:48,2022-06-08 11:55:03,Located_Indoors, Holding_Other_Object_Light,annotator,Behavioral Parameters,2022-06-08 02:41:14,2022-06-08 02:41:29
2022-06-08 11:55:03,2022-06-08 11:56:15,Located_Indoors, Texting/Browsing_Phone,annotator,Behavioral Parameters,2022-06-08 02:41:29,2022-06-08 02:42:41
2022-06-08 11:56:15,2022-06-08 11:58:21,Located_Indoors, Texting/Browsing_Phone,annotator,Behavioral Parameters,2022-06-08 02:42:41,2022-06-08 02:44:47
2022-06-08 11:58:21,2022-06-08 11:58:40,Located_Indoors,annotator,Behavioral Parameters,2022-06-08 02:44:47,2022-06-08 02:45:06
2022-06-08 11:58:40,2022-06-08 11:59:03,Located_Indoors, Holding_Other_Object_Light,annotator,Behavioral Parameters,2022-06-08 02:45:06,2022-06-08 02:45:29
2022-06-08 11:59:03,2022-06-08 12:02:39,Located_Indoors, Holding_Other_Object_Light,annotator,Behavioral Parameters,2022-06-08 02:45:29,2022-06-08 02:49:05
2022-06-08 12:02:39,2022-06-08 12:02:41,Located_Indoors,annotator,Behavioral Parameters,2022-06-08 02:49:05,2022-06-08 02:49:07
2022-06-08 12:02:41,2022-06-08 12:02:54,Located_Indoors,annotator,Behavioral Parameters,2022-06-08 02:49:07,2022-06-08 02:49:20
2022-06-08 12:02:54,2022-06-08 12:03:18,Located_Indoors,annotator,Behavioral Parameters,2022-06-08 02:49:20,2022-06-08 02:49:44
2022-06-08 12:03:18,2022-06-08 12:03:46,Located_Indoors, Holding_Other_Object_Light,annotator,Behavioral Parameters,2022-06-08 02:49:44,2022-06-08 02:50:12
2022-06-08 12:03:46,2022-06-08 12:04:11,Located_Indoors, Holding_Other_Object_Light,annotator,Behavioral Parameters,2022-06-08 02:50:12,2022-06-08 02:50:37
2022-06-08 12:04:11,2022-06-08 12:04:44,Located_Indoors, Holding_Other_Object_Light,annotator,Behavioral Parameters,2022-06-08 02:50:37,2022-06-08 02:51:10
2022-06-08 12:04:44,2022-06-08 12:05:08,Located_Indoors, Holding_Other_Object_Light,annotator,Behavioral Parameters,2022-06-08 02:51:10,2022-06-08 02:51:34
2022-06-08 12:05:08,2022-06-08 12:05:21,Located_Indoors,annotator,Behavioral Parameters,2022-06-08 02:51:34,2022-06-08 02:51:47
2022-06-08 12:05:21,2022-06-08 12:05:29,Located_Indoors, Texting/Browsing_Phone,annotator,Behavioral Parameters,2022-06-08 02:51:47,2022-06-08 02:51:55
2022-06-08 12:05:29,2022-06-08 12:05:44,Located_Indoors,annotator,Behavioral Parameters,2022-06-08 02:51:55,2022-06-08 02:52:10
2022-06-08 12:05:44,2022-06-08 12:06:03,Located_Indoors, Texting/Browsing_Phone,annotator,Behavioral Parameters,2022-06-08 02:52:10,2022-06-08 02:52:29
2022-06-08 12:06:03,2022-06-08 12:06:10,Located_Indoors, Texting/Browsing_Phone,annotator,Behavioral Parameters,2022-06-08 02:52:29,2022-06-08 02:52:36
2022-06-08 12:06:10,2022-06-08 12:06:35,Located_Indoors,annotator,Behavioral Parameters,2022-06-08 02:52:36,2022-06-08 02:53:01
2022-06-08 12:06:35,2022-06-08 12:06:44,Located_Indoors, Texting/Browsing_Phone,annotator,Behavioral Parameters,2022-06-08 02:53:01,2022-06-08 02:53:10
2022-06-08 12:06:44,2022-06-08 12:06:51,Located_Indoors,annotator,Behavioral Parameters,2022-06-08 02:53:10,2022-06-08 02:53:17
2022-06-08 12:06:51,2022-06-08 12:07:01,Located_Outdoors, Texting/Browsing_Phone,annotator,Behavioral Parameters,2022-06-08 02:53:17,2022-06-08 02:53:27
2022-06-08 12:07:01,2022-06-08 12:07:46,Located_Outdoors,annotator,Behavioral Parameters,2022-06-08 02:53:27,2022-06-08 02:54:12
2022-06-08 12:07:46,2022-06-08 12:08:12,Located_Indoors,annotator,Behavioral Parameters,2022-06-08 02:54:12,2022-06-08 02:54:38
2022-06-08 12:08:12,2022-06-08 12:08:16,Located_Indoors, Texting/Browsing_Phone,annotator,Behavioral Parameters,2022-06-08 02:54:38,2022-06-08 02:54:42
2022-06-08 12:08:16,2022-06-08 12:08:35,Located_Indoors,annotator,Behavioral Parameters,2022-06-08 02:54:42,2022-06-08 02:55:01
2022-06-08 12:08:35,2022-06-08 12:08:45,Located_Indoors,annotator,Behavioral Parameters,2022-06-08 02:55:01,2022-06-08 02:55:11
2022-06-08 12:08:45,2022-06-08 12:10:13,Located_Outdoors,annotator,Behavioral Parameters,2022-06-08 02:55:11,2022-06-08 02:56:39
2022-06-08 12:10:13,2022-06-08 12:10:30,Located_Outdoors,annotator,Behavioral Parameters,2022-06-08 02:56:39,2022-06-08 02:56:56
2022-06-08 12:10:30,2022-06-08 12:14:59,Located_Outdoors,annotator,Behavioral Parameters,2022-06-08 02:56:56,2022-06-08 03:01:25
2022-06-08 12:14:59,2022-06-08 12:15:07,Located_Outdoors, Texting/Browsing_Phone,annotator,Behavioral Parameters,2022-06-08 03:01:25,2022-06-08 03:01:33
2022-06-08 12:15:07,2022-06-08 12:15:27,Located_Outdoors,annotator,Behavioral Parameters,2022-06-08 03:01:33,2022-06-08 03:01:53
2022-06-08 12:15:27,2022-06-08 12:15:34,Located_Indoors,annotator,Behavioral Parameters,2022-06-08 03:01:53,2022-06-08 03:02:00
2022-06-08 12:15:34,2022-06-08 12:15:40,Located_Indoors,annotator,Behavioral Parameters,2022-06-08 03:02:00,2022-06-08 03:02:06
2022-06-08 12:15:40,2022-06-08 12:16:16,Located_Indoors,annotator,Behavioral Parameters,2022-06-08 03:02:06,2022-06-08 03:02:42
2022-06-08 12:16:16,2022-06-08 12:17:00,Located_Indoors,annotator,Behavioral Parameters,2022-06-08 03:02:42,2022-06-08 03:03:26
2022-06-08 12:17:00,2022-06-08 12:17:10,Located_Indoors, In_Conversation, Holding_Other_Object_Light,annotator,Behavioral Parameters,2022-06-08 03:03:26,2022-06-08 03:03:36
2022-06-08 12:17:10,2022-06-08 12:17:56,Located_Indoors, Holding_Other_Object_Light,annotator,Behavioral Parameters,2022-06-08 03:03:36,2022-06-08 03:04:22
2022-06-08 12:17:56,2022-06-08 12:17:58,Located_Indoors, Holding_Other_Object_Light, Texting/Browsing_Phone,annotator,Behavioral Parameters,2022-06-08 03:04:22,2022-06-08 03:04:24
2022-06-08 12:17:58,2022-06-08 12:18:50,Located_Indoors, Holding_Other_Object_Light, In_Conversation,annotator,Behavioral Parameters,2022-06-08 03:04:24,2022-06-08 03:05:16
2022-06-08 12:18:50,2022-06-08 12:19:12,Located_Indoors, Holding_Other_Object_Light,annotator,Behavioral Parameters,2022-06-08 03:05:16,2022-06-08 03:05:38
2022-06-08 12:19:12,2022-06-08 12:19:19,Located_Indoors, Holding_Other_Object_Light,annotator,Behavioral Parameters,2022-06-08 03:05:38,2022-06-08 03:05:45
2022-06-08 12:19:19,2022-06-08 12:19:38,Located_Indoors, Holding_Other_Object_Light,annotator,Behavioral Parameters,2022-06-08 03:05:45,2022-06-08 03:06:04
2022-06-08 12:19:38,2022-06-08 12:19:50,Located_Indoors,annotator,Behavioral Parameters,2022-06-08 03:06:04,2022-06-08 03:06:16
2022-06-08 12:19:50,2022-06-08 12:20:15,Located_Indoors, Holding_Drink, Holding_Other_Object_Light,annotator,Behavioral Parameters,2022-06-08 03:06:16,2022-06-08 03:06:41
2022-06-08 12:20:15,2022-06-08 12:20:22,Located_Indoors,annotator,Behavioral Parameters,2022-06-08 03:06:41,2022-06-08 03:06:48
2022-06-08 12:20:22,2022-06-08 12:20:31,Located_Indoors, Texting/Browsing_Phone,annotator,Behavioral Parameters,2022-06-08 03:06:48,2022-06-08 03:06:57
2022-06-08 12:20:31,2022-06-08 12:21:04,Located_Indoors, BP_VideoUnavailable/Indecipherable,annotator,Behavioral Parameters,2022-06-08 03:06:57,2022-06-08 03:07:30
2022-06-08 12:21:04,2022-06-08 12:21:21,Located_Indoors, Holding_Other_Object_Light,annotator,Behavioral Parameters,2022-06-08 03:07:30,2022-06-08 03:07:47
2022-06-08 12:21:21,2022-06-08 12:21:35,Located_Indoors, Texting/Browsing_Phone,annotator,Behavioral Parameters,2022-06-08 03:07:47,2022-06-08 03:08:01
2022-06-08 12:21:35,2022-06-08 12:22:18,Located_Indoors, Holding_Other_Object_Light,annotator,Behavioral Parameters,2022-06-08 03:08:01,2022-06-08 03:08:44
2022-06-08 12:22:18,2022-06-08 12:22:35,Located_Indoors, Texting/Browsing_Phone,annotator,Behavioral Parameters,2022-06-08 03:08:44,2022-06-08 03:09:01
2022-06-08 12:22:35,2022-06-08 12:23:23,Located_Indoors, Holding_Other_Object_Light,annotator,Behavioral Parameters,2022-06-08 03:09:01,2022-06-08 03:09:49
2022-06-08 12:23:23,2022-06-08 12:24:20,Located_Indoors, Holding_Other_Object_Light,annotator,Behavioral Parameters,2022-06-08 03:09:49,2022-06-08 03:10:46
2022-06-08 12:24:20,2022-06-08 12:24:28,Located_Indoors, Holding_Drink,annotator,Behavioral Parameters,2022-06-08 03:10:46,2022-06-08 03:10:54
2022-06-08 12:24:28,2022-06-08 12:24:45,Located_Indoors, Holding_Other_Object_Light, Holding_Solid_Food,annotator,Behavioral Parameters,2022-06-08 03:10:54,2022-06-08 03:11:11
2022-06-08 12:24:45,2022-06-08 12:24:52,Located_Indoors, Holding_Other_Object_Light, In_Conversation,annotator,Behavioral Parameters,2022-06-08 03:11:11,2022-06-08 03:11:18
2022-06-08 12:24:52,2022-06-08 12:24:54,Located_Indoors, Holding_Other_Object_Light, In_Conversation, Holding_Solid_Food,annotator,Behavioral Parameters,2022-06-08 03:11:18,2022-06-08 03:11:20
2022-06-08 12:24:54,2022-06-08 12:25:14,Located_Indoors, In_Conversation, Holding_Solid_Food,annotator,Behavioral Parameters,2022-06-08 03:11:20,2022-06-08 03:11:40
2022-06-08 12:25:14,2022-06-08 12:25:51,Located_Indoors, In_Conversation,annotator,Behavioral Parameters,2022-06-08 03:11:40,2022-06-08 03:12:17
2022-06-08 12:25:51,2022-06-08 12:25:57,Located_Indoors, In_Conversation, Holding_Other_Object_Light, Holding_Solid_Food,annotator,Behavioral Parameters,2022-06-08 03:12:17,2022-06-08 03:12:23
2022-06-08 12:25:57,2022-06-08 12:26:19,Located_Indoors, In_Conversation, Holding_Solid_Food,annotator,Behavioral Parameters,2022-06-08 03:12:23,2022-06-08 03:12:45
2022-06-08 12:26:19,2022-06-08 12:26:27,Located_Indoors, In_Conversation,annotator,Behavioral Parameters,2022-06-08 03:12:45,2022-06-08 03:12:53
2022-06-08 12:26:27,2022-06-08 12:26:48,Located_Indoors, In_Conversation, Holding_Drink,annotator,Behavioral Parameters,2022-06-08 03:12:53,2022-06-08 03:13:14
2022-06-08 12:26:48,2022-06-08 12:27:14,Located_Indoors, In_Conversation,annotator,Behavioral Parameters,2022-06-08 03:13:14,2022-06-08 03:13:40
2022-06-08 12:27:14,2022-06-08 12:27:20,Located_Indoors, In_Conversation, Holding_Other_Object_Light, Holding_Solid_Food,annotator,Behavioral Parameters,2022-06-08 03:13:40,2022-06-08 03:13:46
2022-06-08 12:27:20,2022-06-08 12:27:23,Located_Indoors, In_Conversation, Holding_Solid_Food,annotator,Behavioral Parameters,2022-06-08 03:13:46,2022-06-08 03:13:49
2022-06-08 12:27:23,2022-06-08 12:27:26,Located_Indoors, In_Conversation,annotator,Behavioral Parameters,2022-06-08 03:13:49,2022-06-08 03:13:52
2022-06-08 12:27:26,2022-06-08 12:27:32,Located_Indoors, In_Conversation, Holding_Other_Object_Light,annotator,Behavioral Parameters,2022-06-08 03:13:52,2022-06-08 03:13:58
2022-06-08 12:27:32,2022-06-08 12:28:10,Located_Indoors, Holding_Other_Object_Light,annotator,Behavioral Parameters,2022-06-08 03:13:58,2022-06-08 03:14:36
2022-06-08 12:28:10,2022-06-08 12:28:15,Located_Indoors, Holding_Drink,annotator,Behavioral Parameters,2022-06-08 03:14:36,2022-06-08 03:14:41
2022-06-08 12:28:15,2022-06-08 12:28:17,Located_Indoors, Holding_Drink,annotator,Behavioral Parameters,2022-06-08 03:14:41,2022-06-08 03:14:43
2022-06-08 12:28:15,2022-06-08 12:28:15,Located_Indoors, Holding_Drink,annotator,Behavioral Parameters,2022-06-08 03:14:41,2022-06-08 03:14:41
2022-06-08 12:28:17,2022-06-08 12:29:14,Located_Indoors, Holding_Other_Object_Light,annotator,Behavioral Parameters,2022-06-08 03:14:43,2022-06-08 03:15:40
2022-06-08 12:29:14,2022-06-08 12:29:24,Located_Indoors, Holding_Drink,annotator,Behavioral Parameters,2022-06-08 03:15:40,2022-06-08 03:15:50
2022-06-08 12:29:24,2022-06-08 12:29:26,Located_Indoors, Holding_Other_Object_Light,annotator,Behavioral Parameters,2022-06-08 03:15:50,2022-06-08 03:15:52
2022-06-08 12:29:26,2022-06-08 12:29:34,Located_Indoors, Holding_Other_Object_Light,annotator,Behavioral Parameters,2022-06-08 03:15:52,2022-06-08 03:16:00
2022-06-08 12:29:34,2022-06-08 12:29:40,Located_Indoors, Holding_Other_Object_Light,annotator,Behavioral Parameters,2022-06-08 03:16:00,2022-06-08 03:16:06
2022-06-08 12:29:40,2022-06-08 12:30:08,Located_Indoors, Holding_Other_Object_Light,annotator,Behavioral Parameters,2022-06-08 03:16:06,2022-06-08 03:16:34
2022-06-08 12:30:08,2022-06-08 12:30:37,Located_Indoors,annotator,Behavioral Parameters,2022-06-08 03:16:34,2022-06-08 03:17:03
2022-06-08 12:30:37,2022-06-08 12:30:50,Located_Indoors, In_Conversation,annotator,Behavioral Parameters,2022-06-08 03:17:03,2022-06-08 03:17:16
2022-06-08 12:30:50,2022-06-08 12:33:01,Located_Indoors, Holding_Other_Object_Light,annotator,Behavioral Parameters,2022-06-08 03:17:16,2022-06-08 03:19:27
2022-06-08 12:33:01,2022-06-08 12:33:02,Located_Indoors,annotator,Behavioral Parameters,2022-06-08 03:19:27,2022-06-08 03:19:28
2022-06-08 12:33:02,2022-06-08 12:33:15,Located_Indoors, Holding_Other_Object_Light,annotator,Behavioral Parameters,2022-06-08 03:19:28,2022-06-08 03:19:41
2022-06-08 12:33:02,2022-06-08 12:33:02,Located_Indoors, Holding_Other_Object_Light,annotator,Behavioral Parameters,2022-06-08 03:19:28,2022-06-08 03:19:28
2022-06-08 12:33:15,2022-06-08 12:33:22,Located_Indoors,annotator,Behavioral Parameters,2022-06-08 03:19:41,2022-06-08 03:19:48
2022-06-08 12:33:22,2022-06-08 12:33:25,Located_Indoors, Holding_Other_Object_Light,annotator,Behavioral Parameters,2022-06-08 03:19:48,2022-06-08 03:19:51
2022-06-08 12:33:25,2022-06-08 12:33:43,Located_Indoors, Holding_Other_Object_Light,annotator,Behavioral Parameters,2022-06-08 03:19:51,2022-06-08 03:20:09
2022-06-08 12:33:43,2022-06-08 12:33:57,Located_Indoors,annotator,Behavioral Parameters,2022-06-08 03:20:09,2022-06-08 03:20:23
2022-06-08 12:34:01,2022-06-08 12:53:59,BP_VideoUnavailable/Indecipherable,annotator,Behavioral Parameters,2022-06-08 03:20:27,2022-06-08 03:40:25
2022-06-08 12:53:59,2022-06-08 12:54:00,In_Conversation, Located_Indoors, Holding_Other_Object_Light,annotator,Behavioral Parameters,2022-06-08 03:40:25,2022-06-08 03:40:26
2022-06-08 12:54:00,2022-06-08 12:54:01,In_Conversation, Located_Indoors, Holding_Other_Object_Light,annotator,Behavioral Parameters,2022-06-08 03:40:26,2022-06-08 03:40:27
2022-06-08 12:54:10,2022-06-08 12:58:16,Located_Indoors, In_Conversation,annotator,Behavioral Parameters,2022-06-08 03:40:36,2022-06-08 03:44:42
2022-06-08 12:58:16,2022-06-08 12:59:14,Located_Indoors, In_Conversation, Holding_Drink,annotator,Behavioral Parameters,2022-06-08 03:44:42,2022-06-08 03:45:40
2022-06-08 12:59:14,2022-06-08 12:59:31,Located_Indoors, In_Conversation, Texting/Browsing_Phone,annotator,Behavioral Parameters,2022-06-08 03:45:40,2022-06-08 03:45:57
2022-06-08 12:59:31,2022-06-08 13:00:38,Located_Indoors, In_Conversation,annotator,Behavioral Parameters,2022-06-08 03:45:57,2022-06-08 03:47:04
2022-06-08 13:00:38,2022-06-08 13:01:00,Located_Indoors, In_Conversation, Texting/Browsing_Phone,annotator,Behavioral Parameters,2022-06-08 03:47:04,2022-06-08 03:47:26
2022-06-08 13:01:00,2022-06-08 13:01:20,Located_Indoors, In_Conversation,annotator,Behavioral Parameters,2022-06-08 03:47:26,2022-06-08 03:47:46
2022-06-08 13:01:20,2022-06-08 13:03:47,Located_Indoors, In_Conversation,annotator,Behavioral Parameters,2022-06-08 03:47:46,2022-06-08 03:50:13
2022-06-08 13:03:47,2022-06-08 13:04:30,Located_Indoors, In_Conversation, Texting/Browsing_Phone,annotator,Behavioral Parameters,2022-06-08 03:50:13,2022-06-08 03:50:56
2022-06-08 13:04:30,2022-06-08 13:07:32,Located_Indoors, In_Conversation,annotator,Behavioral Parameters,2022-06-08 03:50:56,2022-06-08 03:53:58
2022-06-08 13:07:32,2022-06-08 13:07:52,Located_Indoors, Texting/Browsing_Phone,annotator,Behavioral Parameters,2022-06-08 03:53:58,2022-06-08 03:54:18
2022-06-08 13:07:52,2022-06-08 13:08:12,Located_Indoors,annotator,Behavioral Parameters,2022-06-08 03:54:18,2022-06-08 03:54:38
2022-06-08 13:08:12,2022-06-08 13:10:44,Located_Indoors, In_Conversation,annotator,Behavioral Parameters,2022-06-08 03:54:38,2022-06-08 03:57:10
2022-06-08 13:10:44,2022-06-08 13:10:48,Located_Indoors, In_Conversation, Holding_Drink,annotator,Behavioral Parameters,2022-06-08 03:57:10,2022-06-08 03:57:14
2022-06-08 13:10:48,2022-06-08 13:19:37,Located_Indoors, In_Conversation,annotator,Behavioral Parameters,2022-06-08 03:57:14,2022-06-08 04:06:03
2022-06-08 13:19:37,2022-06-08 13:19:51,Located_Indoors, In_Conversation, Holding_Other_Object_Light,annotator,Behavioral Parameters,2022-06-08 04:06:03,2022-06-08 04:06:17
2022-06-08 13:19:51,2022-06-08 13:25:15,Located_Indoors, In_Conversation,annotator,Behavioral Parameters,2022-06-08 04:06:17,2022-06-08 04:11:41
2022-06-08 13:25:15,2022-06-08 13:25:31,Located_Indoors, In_Conversation, Texting/Browsing_Phone,annotator,Behavioral Parameters,2022-06-08 04:11:41,2022-06-08 04:11:57
2022-06-08 13:25:31,2022-06-08 13:26:36,Located_Indoors, In_Conversation,annotator,Behavioral Parameters,2022-06-08 04:11:57,2022-06-08 04:13:02
2022-06-08 13:26:36,2022-06-08 13:27:09,Located_Indoors, In_Conversation, Holding_Other_Object_Light, Carrying_Bag_On_Shoulder/Back_Light,annotator,Behavioral Parameters,2022-06-08 04:13:02,2022-06-08 04:13:35
2022-06-08 13:27:09,2022-06-08 13:28:21,Located_Indoors, Holding_Other_Object_Light, Carrying_Bag_On_Shoulder/Back_Light,annotator,Behavioral Parameters,2022-06-08 04:13:35,2022-06-08 04:14:47
2022-06-08 13:28:21,2022-06-08 13:28:29,Located_Indoors, Holding_Other_Object_Light, Carrying_Bag_On_Shoulder/Back_Light, Holding_Solid_Food,annotator,Behavioral Parameters,2022-06-08 04:14:47,2022-06-08 04:14:55
2022-06-08 13:28:29,2022-06-08 13:28:46,Located_Indoors, Holding_Other_Object_Light, Carrying_Bag_On_Shoulder/Back_Light, Holding_Solid_Food,annotator,Behavioral Parameters,2022-06-08 04:14:55,2022-06-08 04:15:12
2022-06-08 13:28:46,2022-06-08 13:29:24,Located_Indoors, Carrying_Bag_On_Shoulder/Back_Light, Holding_Solid_Food, In_Conversation,annotator,Behavioral Parameters,2022-06-08 04:15:12,2022-06-08 04:15:50
2022-06-08 13:29:24,2022-06-08 13:29:35,Located_Indoors, Carrying_Bag_On_Shoulder/Back_Light, Holding_Solid_Food,annotator,Behavioral Parameters,2022-06-08 04:15:50,2022-06-08 04:16:01
2022-06-08 13:29:35,2022-06-08 13:29:45,Located_Indoors, Carrying_Bag_On_Shoulder/Back_Light, Holding_Solid_Food,annotator,Behavioral Parameters,2022-06-08 04:16:01,2022-06-08 04:16:11
2022-06-08 13:29:45,2022-06-08 13:30:04,Located_Indoors, Carrying_Bag_On_Shoulder/Back_Light, Holding_Solid_Food,annotator,Behavioral Parameters,2022-06-08 04:16:11,2022-06-08 04:16:30
2022-06-08 13:30:04,2022-06-08 13:33:17,Carrying_Bag_On_Shoulder/Back_Light, Holding_Solid_Food, Located_Outdoors,annotator,Behavioral Parameters,2022-06-08 04:16:30,2022-06-08 04:19:43
2022-06-08 13:33:17,2022-06-08 13:33:40,Carrying_Bag_On_Shoulder/Back_Light, Holding_Solid_Food, Located_Outdoors, Texting/Browsing_Phone,annotator,Behavioral Parameters,2022-06-08 04:19:43,2022-06-08 04:20:06
2022-06-08 13:33:40,2022-06-08 13:34:01,Carrying_Bag_On_Shoulder/Back_Light, Holding_Solid_Food, Located_Outdoors, Texting/Browsing_Phone,annotator,Behavioral Parameters,2022-06-08 04:20:06,2022-06-08 04:20:27
2022-06-08 13:34:01,2022-06-08 13:35:37,Carrying_Bag_On_Shoulder/Back_Light, Holding_Solid_Food, Located_Outdoors,annotator,Behavioral Parameters,2022-06-08 04:20:27,2022-06-08 04:22:03
2022-06-08 13:35:37,2022-06-08 13:36:07,Carrying_Bag_On_Shoulder/Back_Light, Holding_Solid_Food, Located_Outdoors,annotator,Behavioral Parameters,2022-06-08 04:22:03,2022-06-08 04:22:33
2022-06-08 13:36:07,2022-06-08 13:36:12,Carrying_Bag_On_Shoulder/Back_Light, Holding_Solid_Food, Located_Outdoors, Texting/Browsing_Phone,annotator,Behavioral Parameters,2022-06-08 04:22:33,2022-06-08 04:22:38
2022-06-08 13:36:12,2022-06-08 13:36:18,Carrying_Bag_On_Shoulder/Back_Light, Holding_Solid_Food, Located_Outdoors,annotator,Behavioral Parameters,2022-06-08 04:22:38,2022-06-08 04:22:44
2022-06-08 13:36:18,2022-06-08 13:36:40,Carrying_Bag_On_Shoulder/Back_Light, Holding_Solid_Food, Located_Outdoors, Texting/Browsing_Phone,annotator,Behavioral Parameters,2022-06-08 04:22:44,2022-06-08 04:23:06
2022-06-08 13:36:40,2022-06-08 13:38:13,Carrying_Bag_On_Shoulder/Back_Light, Holding_Solid_Food, Located_Outdoors,annotator,Behavioral Parameters,2022-06-08 04:23:06,2022-06-08 04:24:39
2022-06-08 13:38:13,2022-06-08 13:38:40,Carrying_Bag_On_Shoulder/Back_Light, Holding_Solid_Food, Located_Outdoors, Texting/Browsing_Phone,annotator,Behavioral Parameters,2022-06-08 04:24:39,2022-06-08 04:25:06
2022-06-08 13:38:40,2022-06-08 13:40:16,Carrying_Bag_On_Shoulder/Back_Light, Holding_Solid_Food, Located_Outdoors,annotator,Behavioral Parameters,2022-06-08 04:25:06,2022-06-08 04:26:42
2022-06-08 13:40:16,2022-06-08 13:40:18,Carrying_Bag_On_Shoulder/Back_Light, Holding_Solid_Food, Located_Indoors,annotator,Behavioral Parameters,2022-06-08 04:26:42,2022-06-08 04:26:44
2022-06-08 13:40:18,2022-06-08 13:40:26,Carrying_Bag_On_Shoulder/Back_Light, Holding_Solid_Food, Located_Indoors,annotator,Behavioral Parameters,2022-06-08 04:26:44,2022-06-08 04:26:52
2022-06-08 13:40:26,2022-06-08 13:40:45,Carrying_Bag_On_Shoulder/Back_Light, Holding_Solid_Food, Located_Indoors,annotator,Behavioral Parameters,2022-06-08 04:26:52,2022-06-08 04:27:11
2022-06-08 13:40:45,2022-06-08 13:41:26,Carrying_Bag_On_Shoulder/Back_Light, Holding_Solid_Food, Located_Indoors,annotator,Behavioral Parameters,2022-06-08 04:27:11,2022-06-08 04:27:52
2022-06-08 13:41:26,2022-06-08 13:42:04,Carrying_Bag_On_Shoulder/Back_Light, Holding_Solid_Food, Located_Outdoors,annotator,Behavioral Parameters,2022-06-08 04:27:52,2022-06-08 04:28:30
2022-06-08 13:42:04,2022-06-08 13:42:12,Carrying_Bag_On_Shoulder/Back_Light, Holding_Solid_Food, Located_Outdoors,annotator,Behavioral Parameters,2022-06-08 04:28:30,2022-06-08 04:28:38
2022-06-08 13:42:12,2022-06-08 13:42:31,Carrying_Bag_On_Shoulder/Back_Light, Holding_Solid_Food, Located_Outdoors,annotator,Behavioral Parameters,2022-06-08 04:28:38,2022-06-08 04:28:57
2022-06-08 13:42:31,2022-06-08 13:42:44,Carrying_Bag_On_Shoulder/Back_Light, Holding_Solid_Food, Located_Indoors,annotator,Behavioral Parameters,2022-06-08 04:28:57,2022-06-08 04:29:10
2022-06-08 13:42:44,2022-06-08 13:43:00,Carrying_Bag_On_Shoulder/Back_Light, Holding_Solid_Food, Located_Indoors,annotator,Behavioral Parameters,2022-06-08 04:29:10,2022-06-08 04:29:26
2022-06-08 13:43:00,2022-06-08 13:43:31,Carrying_Bag_On_Shoulder/Back_Light, Holding_Solid_Food, Located_Indoors,annotator,Behavioral Parameters,2022-06-08 04:29:26,2022-06-08 04:29:57
2022-06-08 13:43:31,2022-06-08 13:44:04,Carrying_Bag_On_Shoulder/Back_Light, Holding_Solid_Food, Located_Indoors,annotator,Behavioral Parameters,2022-06-08 04:29:57,2022-06-08 04:30:30
2022-06-08 13:44:04,2022-06-08 13:44:16,Carrying_Bag_On_Shoulder/Back_Light, Located_Indoors,annotator,Behavioral Parameters,2022-06-08 04:30:30,2022-06-08 04:30:42
2022-06-08 13:44:16,2022-06-08 13:44:34,Located_Indoors,annotator,Behavioral Parameters,2022-06-08 04:30:42,2022-06-08 04:31:00
2022-06-08 13:44:34,2022-06-08 13:45:12,Located_Indoors, Holding_Other_Object_Light,annotator,Behavioral Parameters,2022-06-08 04:31:00,2022-06-08 04:31:38
2022-06-08 13:45:12,2022-06-08 13:45:45,Located_Indoors,annotator,Behavioral Parameters,2022-06-08 04:31:38,2022-06-08 04:32:11
2022-06-08 13:45:45,2022-06-08 13:45:57,Located_Indoors, Holding_Other_Object_Light,annotator,Behavioral Parameters,2022-06-08 04:32:11,2022-06-08 04:32:23
2022-06-08 13:45:45,2022-06-08 13:45:45,Located_Indoors,annotator,Behavioral Parameters,2022-06-08 04:32:11,2022-06-08 04:32:11
2022-06-08 13:45:57,2022-06-08 13:46:17,Located_Indoors, Texting/Browsing_Phone,annotator,Behavioral Parameters,2022-06-08 04:32:23,2022-06-08 04:32:43
2022-06-08 13:46:17,2022-06-08 13:46:39,Located_Indoors, Holding_Other_Object_Light,annotator,Behavioral Parameters,2022-06-08 04:32:43,2022-06-08 04:33:05
2022-06-08 13:46:39,2022-06-08 13:47:10,Located_Indoors, Texting/Browsing_Phone,annotator,Behavioral Parameters,2022-06-08 04:33:05,2022-06-08 04:33:36
2022-06-08 13:47:10,2022-06-08 14:03:26,Located_Indoors, Texting/Browsing_Phone,annotator,Behavioral Parameters,2022-06-08 04:33:36,2022-06-08 04:49:52
2022-06-08 14:03:26,2022-06-08 14:05:59,Located_Indoors, Texting/Browsing_Phone,annotator,Behavioral Parameters,2022-06-08 04:49:52,2022-06-08 04:52:25
2022-06-08 14:05:59,2022-06-08 14:33:01,BP_VideoUnavailable/Indecipherable,annotator,Behavioral Parameters,2022-06-08 04:52:25,2022-06-08 05:19:27
2022-06-08 14:33:02,2022-06-08 14:33:26,Located_Indoors,annotator,Behavioral Parameters,2022-06-08 05:19:28,2022-06-08 05:19:52
2022-06-08 14:33:26,2022-06-08 14:33:34,Located_Indoors,annotator,Behavioral Parameters,2022-06-08 05:19:52,2022-06-08 05:20:00
2022-06-08 14:33:36,2022-06-08 14:34:30,Located_Indoors, Holding_Other_Object_Light,annotator,Behavioral Parameters,2022-06-08 05:20:02,2022-06-08 05:20:56
2022-06-08 14:34:30,2022-06-08 14:52:53,Located_Indoors, Texting/Browsing_Phone,annotator,Behavioral Parameters,2022-06-08 05:20:56,2022-06-08 05:39:19
2022-06-08 14:52:55,2022-06-08 14:53:32,Located_Indoors, Texting/Browsing_Phone,annotator,Behavioral Parameters,2022-06-08 05:39:21,2022-06-08 05:39:58
2022-06-08 14:53:32,2022-06-08 14:53:41,Located_Indoors,annotator,Behavioral Parameters,2022-06-08 05:39:58,2022-06-08 05:40:07
2022-06-08 14:53:41,2022-06-08 14:54:28,Located_Indoors, Holding_Other_Object_Light,annotator,Behavioral Parameters,2022-06-08 05:40:07,2022-06-08 05:40:54
2022-06-08 14:54:28,2022-06-08 14:56:36,Located_Indoors,annotator,Behavioral Parameters,2022-06-08 05:40:54,2022-06-08 05:43:02
2022-06-08 14:56:36,2022-06-08 14:56:49,Located_Indoors, Holding_Other_Object_Light,annotator,Behavioral Parameters,2022-06-08 05:43:02,2022-06-08 05:43:15
2022-06-08 14:56:49,2022-06-08 14:57:31,Located_Indoors,annotator,Behavioral Parameters,2022-06-08 05:43:15,2022-06-08 05:43:57
2022-06-08 14:57:31,2022-06-08 14:57:42,Located_Indoors, Texting/Browsing_Phone,annotator,Behavioral Parameters,2022-06-08 05:43:57,2022-06-08 05:44:08
2022-06-08 14:57:42,2022-06-08 15:00:17,Located_Indoors, Texting/Browsing_Phone,annotator,Behavioral Parameters,2022-06-08 05:44:08,2022-06-08 05:46:43
2022-06-08 15:00:17,2022-06-08 15:00:31,Located_Indoors, Texting/Browsing_Phone, Handwriting,annotator,Behavioral Parameters,2022-06-08 05:46:43,2022-06-08 05:46:57
2022-06-08 15:00:31,2022-06-08 15:01:52,Located_Indoors, Texting/Browsing_Phone,annotator,Behavioral Parameters,2022-06-08 05:46:57,2022-06-08 05:48:18
2022-06-08 15:01:52,2022-06-08 15:02:00,Located_Indoors, Holding_Other_Object_Light,annotator,Behavioral Parameters,2022-06-08 05:48:18,2022-06-08 05:48:26
2022-06-08 15:02:00,2022-06-08 15:02:07,Located_Indoors,annotator,Behavioral Parameters,2022-06-08 05:48:26,2022-06-08 05:48:33
2022-06-08 15:02:07,2022-06-08 15:02:11,Located_Indoors, Holding_Other_Object_Light,annotator,Behavioral Parameters,2022-06-08 05:48:33,2022-06-08 05:48:37
2022-06-08 15:02:11,2022-06-08 15:02:19,Located_Indoors,annotator,Behavioral Parameters,2022-06-08 05:48:37,2022-06-08 05:48:45
2022-06-08 15:02:19,2022-06-08 15:02:26,Located_Indoors, Holding_Other_Object_Light,annotator,Behavioral Parameters,2022-06-08 05:48:45,2022-06-08 05:48:52
2022-06-08 15:02:26,2022-06-08 15:02:34,Located_Indoors, Holding_Other_Object_Light,annotator,Behavioral Parameters,2022-06-08 05:48:52,2022-06-08 05:49:00
2022-06-08 15:02:34,2022-06-08 15:04:21,Located_Indoors, Holding_Other_Object_Light,annotator,Behavioral Parameters,2022-06-08 05:49:00,2022-06-08 05:50:47
2022-06-08 15:04:21,2022-06-08 15:04:44,Located_Indoors, Holding_Other_Object_Light,annotator,Behavioral Parameters,2022-06-08 05:50:47,2022-06-08 05:51:10
2022-06-08 15:04:44,2022-06-08 15:06:00,Located_Indoors, Holding_Other_Object_Light,annotator,Behavioral Parameters,2022-06-08 05:51:10,2022-06-08 05:52:26
2022-06-08 15:06:00,2022-06-08 15:10:37,Located_Indoors, Texting/Browsing_Phone,annotator,Behavioral Parameters,2022-06-08 05:52:26,2022-06-08 05:57:03
2022-06-08 15:10:37,2022-06-08 15:10:46,Located_Indoors,annotator,Behavioral Parameters,2022-06-08 05:57:03,2022-06-08 05:57:12
2022-06-08 15:10:46,2022-06-08 15:10:59,Located_Indoors, Carrying_Bag_On_Shoulder/Back_Heavy,annotator,Behavioral Parameters,2022-06-08 05:57:12,2022-06-08 05:57:25
2022-06-08 15:10:59,2022-06-08 15:11:11,Located_Indoors, Carrying_Bag_On_Shoulder/Back_Heavy,annotator,Behavioral Parameters,2022-06-08 05:57:25,2022-06-08 05:57:37
2022-06-08 15:11:11,2022-06-08 15:11:27,Located_Indoors, Carrying_Bag_On_Shoulder/Back_Heavy, Holding_Other_Object_Light,annotator,Behavioral Parameters,2022-06-08 05:57:37,2022-06-08 05:57:53
2022-06-08 15:11:27,2022-06-08 15:12:03,Located_Indoors, Carrying_Bag_On_Shoulder/Back_Heavy, Holding_Other_Object_Light, Holding_Solid_Food,annotator,Behavioral Parameters,2022-06-08 05:57:53,2022-06-08 05:58:29
2022-06-08 15:12:05,2022-06-08 15:12:11,Located_Indoors, Carrying_Bag_On_Shoulder/Back_Heavy, Holding_Other_Object_Light, Holding_Solid_Food,annotator,Behavioral Parameters,2022-06-08 05:58:31,2022-06-08 05:58:37
2022-06-08 15:12:11,2022-06-08 15:12:38,Located_Indoors, Carrying_Bag_On_Shoulder/Back_Heavy, Holding_Other_Object_Light, Holding_Solid_Food,annotator,Behavioral Parameters,2022-06-08 05:58:37,2022-06-08 05:59:04
2022-06-08 15:12:38,2022-06-08 15:12:53,Located_Indoors, Carrying_Bag_On_Shoulder/Back_Heavy, Holding_Other_Object_Light, Holding_Solid_Food,annotator,Behavioral Parameters,2022-06-08 05:59:04,2022-06-08 05:59:19
2022-06-08 15:12:53,2022-06-08 15:14:48,Carrying_Bag_On_Shoulder/Back_Heavy, Holding_Other_Object_Light, Holding_Solid_Food, Located_Outdoors,annotator,Behavioral Parameters,2022-06-08 05:59:19,2022-06-08 06:01:14
2022-06-08 15:14:48,2022-06-08 15:19:05,Carrying_Bag_On_Shoulder/Back_Heavy, Holding_Other_Object_Light, Located_Outdoors,annotator,Behavioral Parameters,2022-06-08 06:01:14,2022-06-08 06:05:31
2022-06-08 15:19:09,2022-06-08 15:19:18,Carrying_Bag_On_Shoulder/Back_Heavy, Holding_Other_Object_Light, Located_Indoors,annotator,Behavioral Parameters,2022-06-08 06:05:35,2022-06-08 06:05:44
2022-06-08 15:19:18,2022-06-08 15:19:38,Carrying_Bag_On_Shoulder/Back_Heavy, Holding_Other_Object_Light, Located_Indoors,annotator,Behavioral Parameters,2022-06-08 06:05:44,2022-06-08 06:06:04
2022-06-08 15:19:38,2022-06-08 15:20:12,Carrying_Bag_On_Shoulder/Back_Heavy, Holding_Other_Object_Light, Located_Indoors,annotator,Behavioral Parameters,2022-06-08 06:06:04,2022-06-08 06:06:38
2022-06-08 15:20:12,2022-06-08 15:20:34,Carrying_Bag_On_Shoulder/Back_Heavy, Holding_Other_Object_Light, Located_Indoors,annotator,Behavioral Parameters,2022-06-08 06:06:38,2022-06-08 06:07:00
2022-06-08 15:20:34,2022-06-08 15:22:51,Located_Indoors,annotator,Behavioral Parameters,2022-06-08 06:07:00,2022-06-08 06:09:17
2022-06-08 15:22:51,2022-06-08 15:28:45,Located_Indoors,annotator,Behavioral Parameters,2022-06-08 06:09:17,2022-06-08 06:15:11
2022-06-08 15:28:45,2022-06-08 15:29:59,Located_Indoors, Handwriting,annotator,Behavioral Parameters,2022-06-08 06:15:11,2022-06-08 06:16:25
2022-06-08 15:29:59,2022-06-08 15:32:59,Located_Indoors,annotator,Behavioral Parameters,2022-06-08 06:16:25,2022-06-08 06:19:25
2022-06-08 15:32:59,2022-06-08 15:34:51,Located_Indoors, Handwriting,annotator,Behavioral Parameters,2022-06-08 06:19:25,2022-06-08 06:21:17
2022-06-08 15:34:51,2022-06-08 15:35:08,Located_Indoors,annotator,Behavioral Parameters,2022-06-08 06:21:17,2022-06-08 06:21:34
2022-06-08 15:35:08,2022-06-08 15:41:09,Located_Indoors, Handwriting,annotator,Behavioral Parameters,2022-06-08 06:21:34,2022-06-08 06:27:35
2022-06-08 15:41:09,2022-06-08 15:42:51,Located_Indoors,annotator,Behavioral Parameters,2022-06-08 06:27:35,2022-06-08 06:29:17
2022-06-08 15:42:51,2022-06-08 15:45:52,Located_Indoors, Handwriting,annotator,Behavioral Parameters,2022-06-08 06:29:17,2022-06-08 06:32:18
2022-06-08 15:45:52,2022-06-08 15:47:32,Located_Indoors,annotator,Behavioral Parameters,2022-06-08 06:32:18,2022-06-08 06:33:58
2022-06-08 15:47:32,2022-06-08 15:51:34,Located_Indoors, Handwriting,annotator,Behavioral Parameters,2022-06-08 06:33:58,2022-06-08 06:38:00
2022-06-08 15:51:34,2022-06-08 15:58:30,Located_Indoors,annotator,Behavioral Parameters,2022-06-08 06:38:00,2022-06-08 06:44:56
2022-06-08 15:58:30,2022-06-08 15:59:28,Located_Indoors, Handwriting,annotator,Behavioral Parameters,2022-06-08 06:44:56,2022-06-08 06:45:54
2022-06-08 15:59:28,2022-06-08 16:11:01,Located_Indoors, Handwriting,annotator,Behavioral Parameters,2022-06-08 06:45:54,2022-06-08 06:57:27
2022-06-08 16:11:01,2022-06-08 16:11:25,Located_Indoors,annotator,Behavioral Parameters,2022-06-08 06:57:27,2022-06-08 06:57:51
2022-06-08 16:11:25,2022-06-08 16:12:16,Located_Indoors, Handwriting,annotator,Behavioral Parameters,2022-06-08 06:57:51,2022-06-08 06:58:42
2022-06-08 16:12:16,2022-06-08 16:13:20,Located_Indoors,annotator,Behavioral Parameters,2022-06-08 06:58:42,2022-06-08 06:59:46
2022-06-08 16:13:20,2022-06-08 16:13:55,Located_Indoors, Handwriting,annotator,Behavioral Parameters,2022-06-08 06:59:46,2022-06-08 07:00:21
2022-06-08 16:13:55,2022-06-08 16:15:40,Located_Indoors,annotator,Behavioral Parameters,2022-06-08 07:00:21,2022-06-08 07:02:06
2022-06-08 16:15:40,2022-06-08 16:17:47,Located_Indoors,annotator,Behavioral Parameters,2022-06-08 07:02:06,2022-06-08 07:04:13
2022-06-08 16:17:47,2022-06-08 16:19:23,Located_Indoors,annotator,Behavioral Parameters,2022-06-08 07:04:13,2022-06-08 07:05:49
2022-06-08 16:19:23,2022-06-08 16:19:55,Located_Indoors,annotator,Behavioral Parameters,2022-06-08 07:05:49,2022-06-08 07:06:21
2022-06-08 16:19:55,2022-06-08 16:21:21,Located_Indoors,annotator,Behavioral Parameters,2022-06-08 07:06:21,2022-06-08 07:07:47
2022-06-08 16:21:21,2022-06-08 16:21:46,Located_Indoors, Texting/Browsing_Phone,annotator,Behavioral Parameters,2022-06-08 07:07:47,2022-06-08 07:08:12
2022-06-08 16:21:46,2022-06-08 16:22:32,Located_Indoors,annotator,Behavioral Parameters,2022-06-08 07:08:12,2022-06-08 07:08:58
2022-06-08 16:22:32,2022-06-08 16:22:41,Located_Indoors,annotator,Behavioral Parameters,2022-06-08 07:08:58,2022-06-08 07:09:07
2022-06-08 16:22:41,2022-06-08 16:23:00,Located_Indoors,annotator,Behavioral Parameters,2022-06-08 07:09:07,2022-06-08 07:09:26
2022-06-08 16:23:00,2022-06-08 16:24:58,Located_Indoors, Handwriting,annotator,Behavioral Parameters,2022-06-08 07:09:26,2022-06-08 07:11:24
2022-06-08 16:24:58,2022-06-08 16:25:07,Located_Indoors,annotator,Behavioral Parameters,2022-06-08 07:11:24,2022-06-08 07:11:33
2022-06-08 16:25:07,2022-06-08 16:26:00,Located_Indoors,annotator,Behavioral Parameters,2022-06-08 07:11:33,2022-06-08 07:12:26
2022-06-08 16:26:01,2022-06-08 16:26:26,Located_Indoors, Carrying_Bag_On_Shoulder/Back_Heavy, Holding_Other_Object_Light,annotator,Behavioral Parameters,2022-06-08 07:12:27,2022-06-08 07:12:52
2022-06-08 16:26:26,2022-06-08 16:26:45,Located_Indoors, Carrying_Bag_On_Shoulder/Back_Heavy, Holding_Other_Object_Light,annotator,Behavioral Parameters,2022-06-08 07:12:52,2022-06-08 07:13:11
2022-06-08 16:26:45,2022-06-08 16:26:51,Located_Indoors, Carrying_Bag_On_Shoulder/Back_Heavy, Holding_Other_Object_Light,annotator,Behavioral Parameters,2022-06-08 07:13:11,2022-06-08 07:13:17
2022-06-08 16:26:51,2022-06-08 16:27:08,Located_Indoors, Carrying_Bag_On_Shoulder/Back_Heavy, Holding_Other_Object_Light,annotator,Behavioral Parameters,2022-06-08 07:13:17,2022-06-08 07:13:34
2022-06-08 16:27:08,2022-06-08 16:27:14,Located_Indoors, Carrying_Bag_On_Shoulder/Back_Heavy, Holding_Other_Object_Light,annotator,Behavioral Parameters,2022-06-08 07:13:34,2022-06-08 07:13:40
2022-06-08 16:27:14,2022-06-08 16:27:22,Located_Indoors, Carrying_Bag_On_Shoulder/Back_Heavy, Holding_Other_Object_Light,annotator,Behavioral Parameters,2022-06-08 07:13:40,2022-06-08 07:13:48
2022-06-08 16:27:22,2022-06-08 16:27:32,Located_Indoors, Carrying_Bag_On_Shoulder/Back_Heavy, Holding_Other_Object_Light,annotator,Behavioral Parameters,2022-06-08 07:13:48,2022-06-08 07:13:58
2022-06-08 16:27:32,2022-06-08 16:35:38,Located_Indoors, Carrying_Bag_On_Shoulder/Back_Heavy, Holding_Other_Object_Light, In_Conversation,annotator,Behavioral Parameters,2022-06-08 07:13:58,2022-06-08 07:22:04
2022-06-08 16:35:38,2022-06-08 19:55:29,BP_VideoUnavailable/Indecipherable,annotator,Behavioral Parameters,2022-06-08 07:22:04,2022-06-08 10:41:55
2022-06-08 19:55:29,2022-06-08 19:58:47,Located_Indoors, In_Conversation,annotator,Behavioral Parameters,2022-06-08 10:41:55,2022-06-08 10:45:13
2022-06-08 19:58:57,2022-06-08 19:59:56,Located_Indoors, In_Conversation,annotator,Behavioral Parameters,2022-06-08 10:45:23,2022-06-08 10:46:22
2022-06-08 20:00:08,2022-06-08 20:02:03,Located_Indoors, In_Conversation,annotator,Behavioral Parameters,2022-06-08 10:46:34,2022-06-08 10:48:29
2022-06-08 20:02:03,2022-06-08 20:06:36,Located_Indoors,annotator,Behavioral Parameters,2022-06-08 10:48:29,2022-06-08 10:53:02
2022-06-08 20:06:39,2022-06-08 20:08:21,Located_Indoors,annotator,Behavioral Parameters,2022-06-08 10:53:05,2022-06-08 10:54:47
2022-06-08 20:08:25,2022-06-08 20:08:32,Located_Indoors, Texting/Browsing_Phone,annotator,Behavioral Parameters,2022-06-08 10:54:51,2022-06-08 10:54:58
2022-06-08 20:08:25,2022-06-08 20:08:25,Located_Indoors, Texting/Browsing_Phone,annotator,Behavioral Parameters,2022-06-08 10:54:51,2022-06-08 10:54:51
2022-06-08 20:08:32,2022-06-08 20:08:49,Located_Indoors, Carrying_Bag_On_Shoulder/Back_Heavy, Holding_Other_Object_Light,annotator,Behavioral Parameters,2022-06-08 10:54:58,2022-06-08 10:55:15
2022-06-08 20:08:49,2022-06-08 20:09:00,Located_Indoors, Carrying_Bag_On_Shoulder/Back_Heavy, Holding_Other_Object_Light,annotator,Behavioral Parameters,2022-06-08 10:55:15,2022-06-08 10:55:26
2022-06-08 20:09:00,2022-06-08 20:09:06,Located_Indoors, Carrying_Bag_On_Shoulder/Back_Heavy, Holding_Other_Object_Light,annotator,Behavioral Parameters,2022-06-08 10:55:26,2022-06-08 10:55:32
2022-06-08 20:09:06,2022-06-08 20:09:24,Located_Indoors, Carrying_Bag_On_Shoulder/Back_Heavy, Holding_Other_Object_Light,annotator,Behavioral Parameters,2022-06-08 10:55:32,2022-06-08 10:55:50
2022-06-08 20:09:25,2022-06-08 20:09:55,Located_Indoors, Carrying_Bag_On_Shoulder/Back_Heavy, Holding_Other_Object_Light,annotator,Behavioral Parameters,2022-06-08 10:55:51,2022-06-08 10:56:21
2022-06-08 20:09:55,2022-06-08 20:10:26,Located_Indoors, Carrying_Bag_On_Shoulder/Back_Heavy, Holding_Other_Object_Light,annotator,Behavioral Parameters,2022-06-08 10:56:21,2022-06-08 10:56:52
2022-06-08 20:10:26,2022-06-08 20:11:09,Located_Indoors, Carrying_Bag_On_Shoulder/Back_Heavy, Holding_Other_Object_Light,annotator,Behavioral Parameters,2022-06-08 10:56:52,2022-06-08 10:57:35
2022-06-08 20:11:09,2022-06-08 20:12:37,Located_Indoors, Carrying_Bag_On_Shoulder/Back_Heavy, Holding_Other_Object_Light,annotator,Behavioral Parameters,2022-06-08 10:57:35,2022-06-08 10:59:03
2022-06-08 20:12:37,2022-06-08 20:13:10,Located_Indoors, Carrying_Bag_On_Shoulder/Back_Heavy, Holding_Other_Object_Light, Texting/Browsing_Phone,annotator,Behavioral Parameters,2022-06-08 10:59:03,2022-06-08 10:59:36
2022-06-08 20:13:10,2022-06-08 20:13:39,Located_Indoors, Carrying_Bag_On_Shoulder/Back_Heavy, Holding_Other_Object_Light,annotator,Behavioral Parameters,2022-06-08 10:59:36,2022-06-08 11:00:05
2022-06-08 20:13:39,2022-06-08 20:13:56,Carrying_Bag_On_Shoulder/Back_Heavy, Holding_Other_Object_Light, Located_Outdoors,annotator,Behavioral Parameters,2022-06-08 11:00:05,2022-06-08 11:00:22
2022-06-08 20:13:56,2022-06-08 20:14:38,Carrying_Bag_On_Shoulder/Back_Heavy, Holding_Other_Object_Light, Located_Outdoors, Texting/Browsing_Phone,annotator,Behavioral Parameters,2022-06-08 11:00:22,2022-06-08 11:01:04
2022-06-08 20:14:38,2022-06-08 20:14:53,Carrying_Bag_On_Shoulder/Back_Heavy, Holding_Other_Object_Light, Located_Outdoors,annotator,Behavioral Parameters,2022-06-08 11:01:04,2022-06-08 11:01:19
2022-06-08 20:14:53,2022-06-08 20:22:57,Carrying_Bag_On_Shoulder/Back_Heavy, Holding_Other_Object_Light, Located_Indoors,annotator,Behavioral Parameters,2022-06-08 11:01:19,2022-06-08 11:09:23
2022-06-08 20:23:00,2022-06-08 20:24:17,Carrying_Bag_On_Shoulder/Back_Heavy, Holding_Other_Object_Light, Located_Indoors,annotator,Behavioral Parameters,2022-06-08 11:09:26,2022-06-08 11:10:43
2022-06-08 20:24:17,2022-06-08 20:24:20,Carrying_Bag_On_Shoulder/Back_Heavy, Carrying_Grocery_Bags_Light, Located_Indoors,annotator,Behavioral Parameters,2022-06-08 11:10:43,2022-06-08 11:10:46
2022-06-08 20:24:20,2022-06-08 20:24:21,Carrying_Bag_On_Shoulder/Back_Heavy, Carrying_Grocery_Bags_Light, Located_Outdoors,annotator,Behavioral Parameters,2022-06-08 11:10:46,2022-06-08 11:10:47
2022-06-08 20:24:21,2022-06-08 20:24:39,Carrying_Bag_On_Shoulder/Back_Heavy, Carrying_Grocery_Bags_Light, Located_Outdoors,annotator,Behavioral Parameters,2022-06-08 11:10:47,2022-06-08 11:11:05
2022-06-08 20:24:39,2022-06-08 20:25:00,Carrying_Bag_On_Shoulder/Back_Heavy, Carrying_Grocery_Bags_Light, Located_Outdoors,annotator,Behavioral Parameters,2022-06-08 11:11:05,2022-06-08 11:11:26
2022-06-08 20:25:09,2022-06-08 20:27:47,Carrying_Bag_On_Shoulder/Back_Heavy, Carrying_Grocery_Bags_Light, Located_Outdoors,annotator,Behavioral Parameters,2022-06-08 11:11:35,2022-06-08 11:14:13
2022-06-08 20:27:47,2022-06-08 20:27:57,Carrying_Bag_On_Shoulder/Back_Heavy, Carrying_Grocery_Bags_Light, Located_Outdoors,annotator,Behavioral Parameters,2022-06-08 11:14:13,2022-06-08 11:14:23
2022-06-08 20:27:57,2022-06-08 20:29:14,Carrying_Bag_On_Shoulder/Back_Heavy, Carrying_Grocery_Bags_Light, Located_Outdoors,annotator,Behavioral Parameters,2022-06-08 11:14:23,2022-06-08 11:15:40
2022-06-08 20:29:14,2022-06-08 20:29:29,Carrying_Bag_On_Shoulder/Back_Heavy, Carrying_Grocery_Bags_Light, Located_Outdoors,annotator,Behavioral Parameters,2022-06-08 11:15:40,2022-06-08 11:15:55
2022-06-08 20:29:29,2022-06-08 20:31:14,Carrying_Bag_On_Shoulder/Back_Heavy, Carrying_Grocery_Bags_Light, Located_Outdoors,annotator,Behavioral Parameters,2022-06-08 11:15:55,2022-06-08 11:17:40
2022-06-08 20:31:14,2022-06-08 20:31:40,Carrying_Bag_On_Shoulder/Back_Heavy, Carrying_Grocery_Bags_Light, Located_Outdoors, Texting/Browsing_Phone,annotator,Behavioral Parameters,2022-06-08 11:17:40,2022-06-08 11:18:06
2022-06-08 20:31:40,2022-06-08 20:32:02,Carrying_Bag_On_Shoulder/Back_Heavy, Carrying_Grocery_Bags_Light, Texting/Browsing_Phone, Located_Indoors,annotator,Behavioral Parameters,2022-06-08 11:18:06,2022-06-08 11:18:28
2022-06-08 20:32:02,2022-06-08 20:32:12,Carrying_Bag_On_Shoulder/Back_Heavy, Carrying_Grocery_Bags_Light, Located_Indoors,annotator,Behavioral Parameters,2022-06-08 11:18:28,2022-06-08 11:18:38
2022-06-08 20:32:19,2022-06-08 20:32:50,Carrying_Bag_On_Shoulder/Back_Heavy, Carrying_Grocery_Bags_Light, Located_Indoors,annotator,Behavioral Parameters,2022-06-08 11:18:45,2022-06-08 11:19:16
2022-06-08 20:32:19,2022-06-08 20:32:19,Carrying_Bag_On_Shoulder/Back_Heavy, Carrying_Grocery_Bags_Light, Located_Indoors,annotator,Behavioral Parameters,2022-06-08 11:18:45,2022-06-08 11:18:45
2022-06-08 20:32:50,2022-06-08 20:33:06,Carrying_Bag_On_Shoulder/Back_Heavy, Carrying_Grocery_Bags_Light, Located_Indoors,annotator,Behavioral Parameters,2022-06-08 11:19:16,2022-06-08 11:19:32
2022-06-08 20:33:06,2022-06-08 20:33:19,Carrying_Bag_On_Shoulder/Back_Heavy, Located_Indoors,annotator,Behavioral Parameters,2022-06-08 11:19:32,2022-06-08 11:19:45
2022-06-08 20:33:19,2022-06-08 20:33:26,Carrying_Bag_On_Shoulder/Back_Heavy, Located_Indoors,annotator,Behavioral Parameters,2022-06-08 11:19:45,2022-06-08 11:19:52
2022-06-08 20:33:26,2022-06-08 20:33:27,Located_Indoors,annotator,Behavioral Parameters,2022-06-08 11:19:52,2022-06-08 11:19:53
2022-06-08 20:33:27,2022-06-08 20:34:11,Located_Indoors,annotator,Behavioral Parameters,2022-06-08 11:19:53,2022-06-08 11:20:37
2022-06-08 20:34:11,2022-06-08 20:34:21,Located_Indoors, Texting/Browsing_Phone,annotator,Behavioral Parameters,2022-06-08 11:20:37,2022-06-08 11:20:47
2022-06-08 20:34:21,2022-06-08 20:34:38,Located_Indoors,annotator,Behavioral Parameters,2022-06-08 11:20:47,2022-06-08 11:21:04
2022-06-08 20:34:38,2022-06-08 20:34:53,Located_Indoors, Holding_Other_Object_Light,annotator,Behavioral Parameters,2022-06-08 11:21:04,2022-06-08 11:21:19
2022-06-08 20:34:53,2022-06-08 20:36:47,Located_Indoors, Texting/Browsing_Phone,annotator,Behavioral Parameters,2022-06-08 11:21:19,2022-06-08 11:23:13
2022-06-08 20:36:47,2022-06-08 20:38:11,Located_Indoors, Holding_Other_Object_Light,annotator,Behavioral Parameters,2022-06-08 11:23:13,2022-06-08 11:24:37
2022-06-08 20:38:11,2022-06-08 20:39:28,Located_Indoors,annotator,Behavioral Parameters,2022-06-08 11:24:37,2022-06-08 11:25:54
2022-06-08 20:39:28,2022-06-08 20:40:17,Located_Indoors,annotator,Behavioral Parameters,2022-06-08 11:25:54,2022-06-08 11:26:43
2022-06-08 20:40:17,2022-06-08 20:40:32,Located_Indoors, Holding_Solid_Food,annotator,Behavioral Parameters,2022-06-08 11:26:43,2022-06-08 11:26:58
2022-06-08 20:40:32,2022-06-08 20:40:55,Located_Indoors, Holding_Solid_Food,annotator,Behavioral Parameters,2022-06-08 11:26:58,2022-06-08 11:27:21
2022-06-08 20:40:55,2022-06-08 20:41:26,Located_Indoors,annotator,Behavioral Parameters,2022-06-08 11:27:21,2022-06-08 11:27:52
2022-06-08 20:41:26,2022-06-08 20:41:37,Located_Indoors, Holding_Other_Object_Light,annotator,Behavioral Parameters,2022-06-08 11:27:52,2022-06-08 11:28:03
2022-06-08 20:41:37,2022-06-08 20:42:24,Located_Indoors,annotator,Behavioral Parameters,2022-06-08 11:28:03,2022-06-08 11:28:50
2022-06-08 20:42:24,2022-06-08 20:42:28,Located_Indoors,annotator,Behavioral Parameters,2022-06-08 11:28:50,2022-06-08 11:28:54
2022-06-08 20:42:28,2022-06-08 20:45:21,Located_Indoors, Holding_Other_Object_Light,annotator,Behavioral Parameters,2022-06-08 11:28:54,2022-06-08 11:31:47
2022-06-08 20:45:26,2022-06-08 20:46:51,Located_Indoors, Holding_Other_Object_Light,annotator,Behavioral Parameters,2022-06-08 11:31:52,2022-06-08 11:33:17
2022-06-08 20:46:51,2022-06-08 20:47:17,Located_Indoors, Texting/Browsing_Phone,annotator,Behavioral Parameters,2022-06-08 11:33:17,2022-06-08 11:33:43
2022-06-08 20:47:17,2022-06-08 20:48:27,Located_Indoors,annotator,Behavioral Parameters,2022-06-08 11:33:43,2022-06-08 11:34:53
2022-06-08 20:48:27,2022-06-08 20:49:41,Located_Indoors,annotator,Behavioral Parameters,2022-06-08 11:34:53,2022-06-08 11:36:07
2022-06-08 20:49:41,2022-06-08 20:50:12,Located_Indoors, Holding_Solid_Food,annotator,Behavioral Parameters,2022-06-08 11:36:07,2022-06-08 11:36:38
2022-06-08 20:50:12,2022-06-08 20:51:00,Located_Indoors, Holding_Other_Object_Light,annotator,Behavioral Parameters,2022-06-08 11:36:38,2022-06-08 11:37:26
2022-06-08 20:51:00,2022-06-08 20:51:08,Located_Indoors, Texting/Browsing_Phone,annotator,Behavioral Parameters,2022-06-08 11:37:26,2022-06-08 11:37:34
2022-06-08 20:51:17,2022-06-08 20:51:26,Located_Indoors, Texting/Browsing_Phone,annotator,Behavioral Parameters,2022-06-08 11:37:43,2022-06-08 11:37:52
2022-06-08 20:51:28,2022-06-08 20:51:34,Located_Indoors,annotator,Behavioral Parameters,2022-06-08 11:37:54,2022-06-08 11:38:00
2022-06-08 20:51:34,2022-06-08 20:51:38,Located_Indoors,annotator,Behavioral Parameters,2022-06-08 11:38:00,2022-06-08 11:38:04
2022-06-08 20:51:38,2022-06-08 20:51:46,Located_Indoors, Holding_Other_Object_Light,annotator,Behavioral Parameters,2022-06-08 11:38:04,2022-06-08 11:38:12
2022-06-08 20:52:21,2022-06-08 20:52:34,Located_Indoors,annotator,Behavioral Parameters,2022-06-08 11:38:47,2022-06-08 11:39:00
2022-06-08 20:52:34,2022-06-08 20:52:49,Located_Indoors, Texting/Browsing_Phone,annotator,Behavioral Parameters,2022-06-08 11:39:00,2022-06-08 11:39:15
2022-06-08 20:52:49,2022-06-08 20:53:27,Located_Indoors, Texting/Browsing_Phone, Holding_Solid_Food,annotator,Behavioral Parameters,2022-06-08 11:39:15,2022-06-08 11:39:53
2022-06-08 20:53:27,2022-06-08 20:55:15,Located_Indoors, Texting/Browsing_Phone, Legs_Crossed,annotator,Behavioral Parameters,2022-06-08 11:39:53,2022-06-08 11:41:41
2022-06-08 20:55:15,2022-06-08 20:55:22,Located_Indoors, Legs_Crossed,annotator,Behavioral Parameters,2022-06-08 11:41:41,2022-06-08 11:41:48
2022-06-08 20:55:22,2022-06-08 20:55:47,Located_Indoors, Legs_Crossed, Holding_Solid_Food,annotator,Behavioral Parameters,2022-06-08 11:41:48,2022-06-08 11:42:13
2022-06-08 20:55:47,2022-06-08 20:57:19,Located_Indoors, Legs_Crossed, Browsing_Computer,annotator,Behavioral Parameters,2022-06-08 11:42:13,2022-06-08 11:43:45
2022-06-08 20:57:19,2022-06-08 20:58:06,Located_Indoors, Legs_Crossed, Texting/Browsing_Phone,annotator,Behavioral Parameters,2022-06-08 11:43:45,2022-06-08 11:44:32
2022-06-08 20:58:06,2022-06-08 20:59:00,Located_Indoors, Legs_Crossed, Browsing_Computer,annotator,Behavioral Parameters,2022-06-08 11:44:32,2022-06-08 11:45:26
2022-06-08 20:59:00,2022-06-08 20:59:19,Located_Indoors, Legs_Crossed,annotator,Behavioral Parameters,2022-06-08 11:45:26,2022-06-08 11:45:45
2022-06-08 20:59:19,2022-06-08 21:02:54,Located_Indoors, Legs_Crossed, Holding_Solid_Food,annotator,Behavioral Parameters,2022-06-08 11:45:45,2022-06-08 11:49:20
2022-06-08 21:02:54,2022-06-08 21:03:07,Located_Indoors, Legs_Crossed, Holding_Solid_Food, Holding_Drink,annotator,Behavioral Parameters,2022-06-08 11:49:20,2022-06-08 11:49:33
2022-06-08 21:03:07,2022-06-08 21:04:24,Located_Indoors, Legs_Crossed, Holding_Solid_Food,annotator,Behavioral Parameters,2022-06-08 11:49:33,2022-06-08 11:50:50
2022-06-08 21:04:28,2022-06-08 21:04:28,Located_Indoors, Legs_Crossed, Holding_Solid_Food,annotator,Behavioral Parameters,2022-06-08 11:50:54,2022-06-08 11:50:54
2022-06-08 21:04:31,2022-06-08 21:09:33,Located_Indoors, Legs_Crossed, Holding_Solid_Food,annotator,Behavioral Parameters,2022-06-08 11:50:57,2022-06-08 11:55:59
2022-06-08 21:09:33,2022-06-08 21:11:11,Located_Indoors, Holding_Solid_Food, Legs_Uncrossed,annotator,Behavioral Parameters,2022-06-08 11:55:59,2022-06-08 11:57:37
2022-06-08 21:11:11,2022-06-08 21:17:39,Located_Indoors, Legs_Uncrossed,annotator,Behavioral Parameters,2022-06-08 11:57:37,2022-06-08 12:04:05
2022-06-08 21:17:39,2022-06-08 21:21:24,Located_Indoors, Legs_Crossed,annotator,Behavioral Parameters,2022-06-08 12:04:05,2022-06-08 12:07:50
2022-06-08 21:21:24,2022-06-08 21:22:08,Located_Indoors, Legs_Crossed, Texting/Browsing_Phone,annotator,Behavioral Parameters,2022-06-08 12:07:50,2022-06-08 12:08:34
2022-06-08 21:22:13,2022-06-08 21:23:44,Located_Indoors,annotator,Behavioral Parameters,2022-06-08 12:08:39,2022-06-08 12:10:10
2022-06-08 21:23:44,2022-06-08 21:32:59,Located_Indoors,annotator,Behavioral Parameters,2022-06-08 12:10:10,2022-06-08 12:19:25
2022-06-08 21:32:59,2022-06-08 21:41:02,Located_Indoors,annotator,Behavioral Parameters,2022-06-08 12:19:25,2022-06-08 12:27:28
2022-06-08 21:41:02,2022-06-08 21:41:32,Located_Indoors, Holding_Other_Object_Light, Texting/Browsing_Phone,annotator,Behavioral Parameters,2022-06-08 12:27:28,2022-06-08 12:27:58
2022-06-08 21:41:32,2022-06-08 21:54:13,Located_Indoors,annotator,Behavioral Parameters,2022-06-08 12:27:58,2022-06-08 12:40:39
2022-06-08 21:54:13,2022-06-08 23:10:03,BP_VideoUnavailable/Indecipherable,annotator,Behavioral Parameters,2022-06-08 12:40:39,2022-06-08 13:56:29
2022-06-08 23:10:03,2022-06-08 23:11:19,BP_VideoUnavailable/Indecipherable,annotator,Behavioral Parameters,2022-06-08 13:56:29,2022-06-08 13:57:45
2022-06-08 23:11:19,2022-06-08 23:12:36,Located_Indoors,annotator,Behavioral Parameters,2022-06-08 13:57:45,2022-06-08 13:59:02
2022-06-08 23:12:36,2022-06-08 23:13:31,Located_Indoors,annotator,Behavioral Parameters,2022-06-08 13:59:02,2022-06-08 13:59:57
2022-06-08 23:13:31,2022-06-08 23:13:50,Located_Indoors,annotator,Behavioral Parameters,2022-06-08 13:59:57,2022-06-08 14:00:16
2022-06-08 23:13:50,2022-06-08 23:48:33,Located_Indoors, Holding_Other_Object_Light, Texting/Browsing_Phone,annotator,Behavioral Parameters,2022-06-08 14:00:16,2022-06-08 14:34:59
2022-06-08 23:48:33,2022-06-08 23:50:42,Located_Indoors,annotator,Behavioral Parameters,2022-06-08 14:34:59,2022-06-08 14:37:08
2022-06-08 23:50:42,2022-06-08 23:53:16,Located_Indoors, Holding_Other_Object_Light, Texting/Browsing_Phone,annotator,Behavioral Parameters,2022-06-08 14:37:08,2022-06-08 14:39:42
2022-06-08 23:53:16,2022-06-08 23:53:59,Located_Indoors, Holding_Other_Object_Light,annotator,Behavioral Parameters,2022-06-08 14:39:42,2022-06-08 14:40:25
2022-06-08 23:53:59,2022-06-08 23:55:18,BP_VideoUnavailable/Indecipherable,annotator,Behavioral Parameters,2022-06-08 14:40:25,2022-06-08 14:41:44
2022-06-08 23:55:26,2022-06-08 23:55:51,Located_Indoors, Holding_Drink,annotator,Behavioral Parameters,2022-06-08 14:41:52,2022-06-08 14:42:17
2022-06-08 23:55:51,2022-06-08 23:55:55,Located_Indoors, Holding_Drink,annotator,Behavioral Parameters,2022-06-08 14:42:17,2022-06-08 14:42:21
2022-06-08 23:55:55,2022-06-09 00:01:57,Located_Indoors, Holding_Drink, Holding_Solid_Food,annotator,Behavioral Parameters,2022-06-08 14:42:21,2022-06-08 14:48:23
2022-06-09 00:01:57,2022-06-09 00:02:16,Located_Indoors,annotator,Behavioral Parameters,2022-06-08 14:48:23,2022-06-08 14:48:42
2022-06-09 00:02:16,2022-06-09 00:02:53,Located_Indoors, Holding_Drink,annotator,Behavioral Parameters,2022-06-08 14:48:42,2022-06-08 14:49:19
2022-06-09 00:02:53,2022-06-09 00:03:56,Located_Indoors,annotator,Behavioral Parameters,2022-06-08 14:49:19,2022-06-08 14:50:22
2022-06-09 00:03:56,2022-06-09 00:04:15,Located_Indoors,annotator,Behavioral Parameters,2022-06-08 14:50:22,2022-06-08 14:50:41
2022-06-09 00:04:15,2022-06-09 00:10:26,Located_Indoors,annotator,Behavioral Parameters,2022-06-08 14:50:41,2022-06-08 14:56:52
2022-06-09 00:10:26,2022-06-09 00:12:04,Located_Indoors, Holding_Other_Object_Light, Texting/Browsing_Phone,annotator,Behavioral Parameters,2022-06-08 14:56:52,2022-06-08 14:58:30
2022-06-09 00:12:04,2022-06-09 00:17:20,Located_Indoors,annotator,Behavioral Parameters,2022-06-08 14:58:30,2022-06-08 15:03:46
2022-06-09 00:17:20,2022-06-09 00:18:06,Located_Indoors, Holding_Drink,annotator,Behavioral Parameters,2022-06-08 15:03:46,2022-06-08 15:04:32
2022-06-09 00:18:06,2022-06-09 00:55:00,Located_Indoors,annotator,Behavioral Parameters,2022-06-08 15:04:32,2022-06-08 15:41:26
2022-06-09 00:55:00,2022-06-09 00:56:18,Located_Indoors, Holding_Other_Object_Light, Texting/Browsing_Phone,annotator,Behavioral Parameters,2022-06-08 15:41:26,2022-06-08 15:42:44
2022-06-09 00:56:18,2022-06-09 01:08:05,Located_Indoors,annotator,Behavioral Parameters,2022-06-08 15:42:44,2022-06-08 15:54:31
2022-06-09 01:08:05,2022-06-09 01:08:56,Located_Indoors, Holding_Other_Object_Light, Texting/Browsing_Phone,annotator,Behavioral Parameters,2022-06-08 15:54:31,2022-06-08 15:55:22
2022-06-09 01:08:56,2022-06-09 01:15:04,Located_Indoors,annotator,Behavioral Parameters,2022-06-08 15:55:22,2022-06-08 16:01:30
2022-06-09 01:15:04,2022-06-09 01:33:31,Located_Indoors,annotator,Behavioral Parameters,2022-06-08 16:01:30,2022-06-08 16:19:57
2022-06-09 01:33:31,2022-06-09 01:43:00,Located_Indoors, Holding_Other_Object_Light, Texting/Browsing_Phone,annotator,Behavioral Parameters,2022-06-08 16:19:57,2022-06-08 16:29:26
2022-06-09 01:43:00,2022-06-09 01:43:30,Located_Indoors,annotator,Behavioral Parameters,2022-06-08 16:29:26,2022-06-08 16:29:56
2022-06-09 01:43:30,2022-06-09 01:43:58,Located_Indoors,annotator,Behavioral Parameters,2022-06-08 16:29:56,2022-06-08 16:30:24
