START_TIME,STOP_TIME,PREDICTION,SOURCE,LABELSET,VIDEO_START_TIME,VIDEO_END_TIME
2022-06-10 10:12:33,2022-06-10 10:13:01,Free_Living,annotator,Experimental situation,2022-06-10 00:00:09,2022-06-10 00:00:37
2022-06-10 10:13:02,2022-06-10 10:40:54,Free_Living,annotator,Experimental situation,2022-06-10 00:00:38,2022-06-10 00:28:30
2022-06-10 10:40:56,2022-06-10 10:43:11,Free_Living,annotator,Experimental situation,2022-06-10 00:28:32,2022-06-10 00:30:47
2022-06-10 10:43:12,2022-06-10 10:43:31,Free_Living,annotator,Experimental situation,2022-06-10 00:30:48,2022-06-10 00:31:07
2022-06-10 10:43:32,2022-06-10 10:45:21,Free_Living,annotator,Experimental situation,2022-06-10 00:31:08,2022-06-10 00:32:57
2022-06-10 10:45:22,2022-06-10 11:00:00,Free_Living,annotator,Experimental situation,2022-06-10 00:32:58,2022-06-10 00:47:36
2022-06-10 11:00:03,2022-06-10 11:01:01,Free_Living,annotator,Experimental situation,2022-06-10 00:47:39,2022-06-10 00:48:37
2022-06-10 11:01:03,2022-06-10 11:07:47,Free_Living,annotator,Experimental situation,2022-06-10 00:48:39,2022-06-10 00:55:23
2022-06-10 11:07:49,2022-06-10 11:08:32,Free_Living,annotator,Experimental situation,2022-06-10 00:55:25,2022-06-10 00:56:08
2022-06-10 11:08:34,2022-06-10 11:09:00,Free_Living,annotator,Experimental situation,2022-06-10 00:56:10,2022-06-10 00:56:36
2022-06-10 11:09:02,2022-06-10 11:10:11,Free_Living,annotator,Experimental situation,2022-06-10 00:56:38,2022-06-10 00:57:47
2022-06-10 11:10:13,2022-06-10 11:10:47,Free_Living,annotator,Experimental situation,2022-06-10 00:57:49,2022-06-10 00:58:23
2022-06-10 11:10:49,2022-06-10 11:11:20,Free_Living,annotator,Experimental situation,2022-06-10 00:58:25,2022-06-10 00:58:56
2022-06-10 11:11:22,2022-06-10 11:13:29,Free_Living,annotator,Experimental situation,2022-06-10 00:58:58,2022-06-10 01:01:05
2022-06-10 11:13:31,2022-06-10 11:13:52,Free_Living,annotator,Experimental situation,2022-06-10 01:01:07,2022-06-10 01:01:28
2022-06-10 11:13:54,2022-06-10 11:14:35,Free_Living,annotator,Experimental situation,2022-06-10 01:01:30,2022-06-10 01:02:11
2022-06-10 11:14:37,2022-06-10 11:15:56,Free_Living,annotator,Experimental situation,2022-06-10 01:02:13,2022-06-10 01:03:32
2022-06-10 11:15:58,2022-06-10 11:25:20,Free_Living,annotator,Experimental situation,2022-06-10 01:03:34,2022-06-10 01:12:56
2022-06-10 11:25:22,2022-06-10 11:26:02,Free_Living,annotator,Experimental situation,2022-06-10 01:12:58,2022-06-10 01:13:38
2022-06-10 11:26:03,2022-06-10 11:26:17,Free_Living,annotator,Experimental situation,2022-06-10 01:13:39,2022-06-10 01:13:53
2022-06-10 11:26:19,2022-06-10 12:24:21,Free_Living,annotator,Experimental situation,2022-06-10 01:13:55,2022-06-10 02:11:57
2022-06-10 12:24:22,2022-06-10 12:30:25,Free_Living,annotator,Experimental situation,2022-06-10 02:11:58,2022-06-10 02:18:01
2022-06-10 12:30:28,2022-06-10 12:33:29,Free_Living,annotator,Experimental situation,2022-06-10 02:18:04,2022-06-10 02:21:05
