START_TIME,STOP_TIME,PREDICTION,SOURCE,LABELSET,VIDEO_START_TIME,VIDEO_END_TIME
2022-05-24 20:07:56,2022-05-24 20:08:24,Free_Living,annotator,Experimental situation,2022-05-24 00:00:00,2022-05-24 00:00:28
2022-05-24 20:08:24,2022-05-24 20:08:41,Free_Living,annotator,Experimental situation,2022-05-24 00:00:28,2022-05-24 00:00:45
2022-05-24 20:08:41,2022-05-24 20:08:50,Free_Living,annotator,Experimental situation,2022-05-24 00:00:45,2022-05-24 00:00:54
2022-05-24 20:08:50,2022-05-24 20:08:57,Free_Living,annotator,Experimental situation,2022-05-24 00:00:54,2022-05-24 00:01:01
2022-05-24 20:08:57,2022-05-24 20:09:21,Free_Living,annotator,Experimental situation,2022-05-24 00:01:01,2022-05-24 00:01:25
2022-05-24 20:09:21,2022-05-24 20:09:51,Free_Living,annotator,Experimental situation,2022-05-24 00:01:25,2022-05-24 00:01:55
2022-05-24 20:09:51,2022-05-24 20:10:10,Free_Living,annotator,Experimental situation,2022-05-24 00:01:55,2022-05-24 00:02:14
2022-05-24 20:10:10,2022-05-24 20:10:17,Free_Living,annotator,Experimental situation,2022-05-24 00:02:14,2022-05-24 00:02:21
2022-05-24 20:10:17,2022-05-24 20:10:49,Free_Living,annotator,Experimental situation,2022-05-24 00:02:21,2022-05-24 00:02:53
2022-05-24 20:10:49,2022-05-24 20:10:53,Free_Living,annotator,Experimental situation,2022-05-24 00:02:53,2022-05-24 00:02:57
2022-05-24 20:10:53,2022-05-24 20:16:29,Free_Living,annotator,Experimental situation,2022-05-24 00:02:57,2022-05-24 00:08:33
2022-05-24 20:16:29,2022-05-24 20:16:55,Free_Living,annotator,Experimental situation,2022-05-24 00:08:33,2022-05-24 00:08:59
2022-05-24 20:16:55,2022-05-24 20:16:59,Free_Living,annotator,Experimental situation,2022-05-24 00:08:59,2022-05-24 00:09:03
2022-05-24 20:16:59,2022-05-24 20:17:07,Free_Living,annotator,Experimental situation,2022-05-24 00:09:03,2022-05-24 00:09:11
2022-05-24 20:17:07,2022-05-24 20:17:12,Free_Living,annotator,Experimental situation,2022-05-24 00:09:11,2022-05-24 00:09:16
2022-05-24 20:17:12,2022-05-24 20:20:03,Free_Living,annotator,Experimental situation,2022-05-24 00:09:16,2022-05-24 00:12:07
2022-05-24 20:20:03,2022-05-24 20:20:30,Free_Living,annotator,Experimental situation,2022-05-24 00:12:07,2022-05-24 00:12:34
2022-05-24 20:20:30,2022-05-24 20:20:46,Free_Living,annotator,Experimental situation,2022-05-24 00:12:34,2022-05-24 00:12:50
2022-05-24 20:20:46,2022-05-24 20:23:11,Free_Living,annotator,Experimental situation,2022-05-24 00:12:50,2022-05-24 00:15:15
2022-05-24 20:23:11,2022-05-24 20:23:13,Free_Living,annotator,Experimental situation,2022-05-24 00:15:15,2022-05-24 00:15:17
2022-05-24 20:23:13,2022-05-24 20:24:58,Free_Living,annotator,Experimental situation,2022-05-24 00:15:17,2022-05-24 00:17:02
2022-05-24 20:24:58,2022-05-24 20:25:13,Free_Living,annotator,Experimental situation,2022-05-24 00:17:02,2022-05-24 00:17:17
2022-05-24 20:25:13,2022-05-24 20:25:33,Free_Living,annotator,Experimental situation,2022-05-24 00:17:17,2022-05-24 00:17:37
2022-05-24 20:25:33,2022-05-24 20:25:45,Free_Living,annotator,Experimental situation,2022-05-24 00:17:37,2022-05-24 00:17:49
2022-05-24 20:25:45,2022-05-24 20:26:18,Free_Living,annotator,Experimental situation,2022-05-24 00:17:49,2022-05-24 00:18:22
2022-05-24 20:26:18,2022-05-24 20:26:41,Free_Living,annotator,Experimental situation,2022-05-24 00:18:22,2022-05-24 00:18:45
2022-05-24 20:26:41,2022-05-24 20:26:48,Free_Living,annotator,Experimental situation,2022-05-24 00:18:45,2022-05-24 00:18:52
2022-05-24 20:26:48,2022-05-24 20:27:07,Free_Living,annotator,Experimental situation,2022-05-24 00:18:52,2022-05-24 00:19:11
2022-05-24 20:27:07,2022-05-24 20:27:23,Free_Living,annotator,Experimental situation,2022-05-24 00:19:11,2022-05-24 00:19:27
2022-05-24 20:27:23,2022-05-24 20:28:44,Free_Living,annotator,Experimental situation,2022-05-24 00:19:27,2022-05-24 00:20:48
2022-05-24 20:28:44,2022-05-24 20:28:56,Free_Living,annotator,Experimental situation,2022-05-24 00:20:48,2022-05-24 00:21:00
2022-05-24 20:28:56,2022-05-24 20:29:08,Free_Living,annotator,Experimental situation,2022-05-24 00:21:00,2022-05-24 00:21:12
2022-05-24 20:29:08,2022-05-24 20:30:13,Free_Living,annotator,Experimental situation,2022-05-24 00:21:12,2022-05-24 00:22:17
2022-05-24 20:30:13,2022-05-24 20:30:21,Free_Living,annotator,Experimental situation,2022-05-24 00:22:17,2022-05-24 00:22:25
2022-05-24 20:30:21,2022-05-24 20:31:14,Free_Living,annotator,Experimental situation,2022-05-24 00:22:25,2022-05-24 00:23:18
2022-05-24 20:31:14,2022-05-24 20:31:30,Free_Living,annotator,Experimental situation,2022-05-24 00:23:18,2022-05-24 00:23:34
2022-05-24 20:31:30,2022-05-24 20:31:53,Free_Living,annotator,Experimental situation,2022-05-24 00:23:34,2022-05-24 00:23:57
2022-05-24 20:31:53,2022-05-24 20:32:12,Free_Living,annotator,Experimental situation,2022-05-24 00:23:57,2022-05-24 00:24:16
2022-05-24 20:32:12,2022-05-24 20:32:43,Free_Living,annotator,Experimental situation,2022-05-24 00:24:16,2022-05-24 00:24:47
2022-05-24 20:32:43,2022-05-24 20:33:25,Free_Living,annotator,Experimental situation,2022-05-24 00:24:47,2022-05-24 00:25:29
2022-05-24 20:33:25,2022-05-24 20:34:40,Free_Living,annotator,Experimental situation,2022-05-24 00:25:29,2022-05-24 00:26:44
2022-05-24 20:34:40,2022-05-24 20:35:22,Free_Living,annotator,Experimental situation,2022-05-24 00:26:44,2022-05-24 00:27:26
2022-05-24 20:35:22,2022-05-24 20:35:55,Free_Living,annotator,Experimental situation,2022-05-24 00:27:26,2022-05-24 00:27:59
2022-05-24 20:35:55,2022-05-24 20:36:00,Free_Living,annotator,Experimental situation,2022-05-24 00:27:59,2022-05-24 00:28:04
2022-05-24 20:36:00,2022-05-24 20:36:25,Free_Living,annotator,Experimental situation,2022-05-24 00:28:04,2022-05-24 00:28:29
2022-05-24 20:36:25,2022-05-24 20:36:44,Free_Living,annotator,Experimental situation,2022-05-24 00:28:29,2022-05-24 00:28:48
