START_TIME,STOP_TIME,PREDICTION,SOURCE,LABELSET,VIDEO_START_TIME,VIDEO_END_TIME
2022-05-24 07:53:06,2022-05-24 07:53:19,Free_Living,annotator,Experimental situation,2022-05-24 00:00:01,2022-05-24 00:00:14
2022-05-24 07:53:19,2022-05-24 07:54:32,Free_Living,annotator,Experimental situation,2022-05-24 00:00:14,2022-05-24 00:01:27
2022-05-24 07:54:32,2022-05-24 07:56:27,Free_Living,annotator,Experimental situation,2022-05-24 00:01:27,2022-05-24 00:03:22
2022-05-24 07:56:27,2022-05-24 07:56:41,Free_Living,annotator,Experimental situation,2022-05-24 00:03:22,2022-05-24 00:03:36
2022-05-24 07:56:41,2022-05-24 07:57:13,Free_Living,annotator,Experimental situation,2022-05-24 00:03:36,2022-05-24 00:04:08
2022-05-24 07:57:18,2022-05-24 07:57:36,Free_Living,annotator,Experimental situation,2022-05-24 00:04:13,2022-05-24 00:04:31
2022-05-24 07:57:36,2022-05-24 07:57:37,Free_Living,annotator,Experimental situation,2022-05-24 00:04:31,2022-05-24 00:04:32
2022-05-24 07:57:38,2022-05-24 07:58:55,Free_Living,annotator,Experimental situation,2022-05-24 00:04:33,2022-05-24 00:05:50
2022-05-24 07:58:55,2022-05-24 07:58:59,Free_Living,annotator,Experimental situation,2022-05-24 00:05:50,2022-05-24 00:05:54
2022-05-24 07:58:59,2022-05-24 07:59:23,Free_Living,annotator,Experimental situation,2022-05-24 00:05:54,2022-05-24 00:06:18
2022-05-24 07:59:23,2022-05-24 07:59:45,Free_Living,annotator,Experimental situation,2022-05-24 00:06:18,2022-05-24 00:06:40
2022-05-24 07:59:45,2022-05-24 08:00:01,Free_Living,annotator,Experimental situation,2022-05-24 00:06:40,2022-05-24 00:06:56
2022-05-24 08:00:01,2022-05-24 08:00:13,Free_Living,annotator,Experimental situation,2022-05-24 00:06:56,2022-05-24 00:07:08
2022-05-24 08:00:13,2022-05-24 08:00:27,Free_Living,annotator,Experimental situation,2022-05-24 00:07:08,2022-05-24 00:07:22
2022-05-24 08:00:27,2022-05-24 08:00:47,Free_Living,annotator,Experimental situation,2022-05-24 00:07:22,2022-05-24 00:07:42
2022-05-24 08:00:47,2022-05-24 08:02:01,Free_Living,annotator,Experimental situation,2022-05-24 00:07:42,2022-05-24 00:08:56
2022-05-24 08:02:01,2022-05-24 08:02:14,Free_Living,annotator,Experimental situation,2022-05-24 00:08:56,2022-05-24 00:09:09
2022-05-24 08:02:14,2022-05-24 08:02:28,Free_Living,annotator,Experimental situation,2022-05-24 00:09:09,2022-05-24 00:09:23
2022-05-24 08:02:28,2022-05-24 08:02:53,Free_Living,annotator,Experimental situation,2022-05-24 00:09:23,2022-05-24 00:09:48
2022-05-24 08:02:53,2022-05-24 08:03:51,Free_Living,annotator,Experimental situation,2022-05-24 00:09:48,2022-05-24 00:10:46
2022-05-24 08:03:51,2022-05-24 08:04:00,Free_Living,annotator,Experimental situation,2022-05-24 00:10:46,2022-05-24 00:10:55
2022-05-24 08:04:00,2022-05-24 08:04:38,Free_Living,annotator,Experimental situation,2022-05-24 00:10:55,2022-05-24 00:11:33
2022-05-24 08:04:38,2022-05-24 08:18:15,Free_Living,annotator,Experimental situation,2022-05-24 00:11:33,2022-05-24 00:25:10
2022-05-24 08:18:15,2022-05-24 08:18:16,Free_Living,annotator,Experimental situation,2022-05-24 00:25:10,2022-05-24 00:25:11
2022-05-24 08:18:16,2022-05-24 08:19:23,Free_Living,annotator,Experimental situation,2022-05-24 00:25:11,2022-05-24 00:26:18
2022-05-24 08:19:23,2022-05-24 08:20:03,Free_Living,annotator,Experimental situation,2022-05-24 00:26:18,2022-05-24 00:26:58
2022-05-24 08:20:03,2022-05-24 08:21:06,Free_Living,annotator,Experimental situation,2022-05-24 00:26:58,2022-05-24 00:28:01
2022-05-24 08:21:06,2022-05-24 08:21:22,Free_Living,annotator,Experimental situation,2022-05-24 00:28:01,2022-05-24 00:28:17
2022-05-24 08:21:22,2022-05-24 08:21:41,Free_Living,annotator,Experimental situation,2022-05-24 00:28:17,2022-05-24 00:28:36
2022-05-24 08:21:41,2022-05-24 08:22:25,Free_Living,annotator,Experimental situation,2022-05-24 00:28:36,2022-05-24 00:29:20
2022-05-24 08:22:25,2022-05-24 08:22:45,Free_Living,annotator,Experimental situation,2022-05-24 00:29:20,2022-05-24 00:29:40
2022-05-24 08:22:45,2022-05-24 08:23:44,Free_Living,annotator,Experimental situation,2022-05-24 00:29:40,2022-05-24 00:30:39
2022-05-24 08:23:44,2022-05-24 08:27:05,Free_Living,annotator,Experimental situation,2022-05-24 00:30:39,2022-05-24 00:34:00
2022-05-24 08:27:05,2022-05-24 08:27:35,Free_Living,annotator,Experimental situation,2022-05-24 00:34:00,2022-05-24 00:34:30
2022-05-24 08:27:35,2022-05-24 08:28:01,Free_Living,annotator,Experimental situation,2022-05-24 00:34:30,2022-05-24 00:34:56
2022-05-24 08:28:01,2022-05-24 08:28:37,Free_Living,annotator,Experimental situation,2022-05-24 00:34:56,2022-05-24 00:35:32
2022-05-24 08:28:37,2022-05-24 08:28:51,Free_Living,annotator,Experimental situation,2022-05-24 00:35:32,2022-05-24 00:35:46
2022-05-24 08:28:51,2022-05-24 08:29:05,Free_Living,annotator,Experimental situation,2022-05-24 00:35:46,2022-05-24 00:36:00
2022-05-24 08:29:05,2022-05-24 08:29:36,Free_Living,annotator,Experimental situation,2022-05-24 00:36:00,2022-05-24 00:36:31
2022-05-24 08:29:36,2022-05-24 08:32:42,Free_Living,annotator,Experimental situation,2022-05-24 00:36:31,2022-05-24 00:39:37
2022-05-24 08:32:42,2022-05-24 08:33:07,Free_Living,annotator,Experimental situation,2022-05-24 00:39:37,2022-05-24 00:40:02
2022-05-24 08:33:07,2022-05-24 08:34:18,Free_Living,annotator,Experimental situation,2022-05-24 00:40:02,2022-05-24 00:41:13
2022-05-24 08:34:18,2022-05-24 08:34:43,Free_Living,annotator,Experimental situation,2022-05-24 00:41:13,2022-05-24 00:41:38
2022-05-24 08:34:43,2022-05-24 08:35:56,Free_Living,annotator,Experimental situation,2022-05-24 00:41:38,2022-05-24 00:42:51
2022-05-24 08:35:56,2022-05-24 08:36:55,Free_Living,annotator,Experimental situation,2022-05-24 00:42:51,2022-05-24 00:43:50
2022-05-24 08:36:55,2022-05-24 08:37:03,Free_Living,annotator,Experimental situation,2022-05-24 00:43:50,2022-05-24 00:43:58
2022-05-24 08:37:03,2022-05-24 08:37:23,Free_Living,annotator,Experimental situation,2022-05-24 00:43:58,2022-05-24 00:44:18
2022-05-24 08:37:23,2022-05-24 08:37:59,Free_Living,annotator,Experimental situation,2022-05-24 00:44:18,2022-05-24 00:44:54
2022-05-24 08:37:59,2022-05-24 08:39:23,Free_Living,annotator,Experimental situation,2022-05-24 00:44:54,2022-05-24 00:46:18
2022-05-24 08:39:23,2022-05-24 08:40:10,Free_Living,annotator,Experimental situation,2022-05-24 00:46:18,2022-05-24 00:47:05
2022-05-24 08:40:10,2022-05-24 08:40:31,Free_Living,annotator,Experimental situation,2022-05-24 00:47:05,2022-05-24 00:47:26
2022-05-24 08:40:31,2022-05-24 08:40:41,Free_Living,annotator,Experimental situation,2022-05-24 00:47:26,2022-05-24 00:47:36
2022-05-24 08:40:41,2022-05-24 08:41:03,Free_Living,annotator,Experimental situation,2022-05-24 00:47:36,2022-05-24 00:47:58
2022-05-24 08:41:03,2022-05-24 08:42:11,Free_Living,annotator,Experimental situation,2022-05-24 00:47:58,2022-05-24 00:49:06
2022-05-24 08:42:11,2022-05-24 08:42:15,Free_Living,annotator,Experimental situation,2022-05-24 00:49:06,2022-05-24 00:49:10
2022-05-24 08:42:15,2022-05-24 08:42:33,Free_Living,annotator,Experimental situation,2022-05-24 00:49:10,2022-05-24 00:49:28
2022-05-24 08:42:33,2022-05-24 08:42:51,Free_Living,annotator,Experimental situation,2022-05-24 00:49:28,2022-05-24 00:49:46
2022-05-24 08:42:51,2022-05-24 08:42:51,Free_Living,annotator,Experimental situation,2022-05-24 00:49:46,2022-05-24 00:49:46
2022-05-24 08:42:51,2022-05-24 08:42:57,Free_Living,annotator,Experimental situation,2022-05-24 00:49:46,2022-05-24 00:49:52
2022-05-24 08:42:57,2022-05-24 08:43:07,Free_Living,annotator,Experimental situation,2022-05-24 00:49:52,2022-05-24 00:50:02
2022-05-24 08:43:07,2022-05-24 08:43:29,Free_Living,annotator,Experimental situation,2022-05-24 00:50:02,2022-05-24 00:50:24
2022-05-24 08:43:29,2022-05-24 08:43:42,Free_Living,annotator,Experimental situation,2022-05-24 00:50:24,2022-05-24 00:50:37
2022-05-24 08:43:42,2022-05-24 08:44:31,Free_Living,annotator,Experimental situation,2022-05-24 00:50:37,2022-05-24 00:51:26
2022-05-24 08:44:31,2022-05-24 08:44:40,Free_Living,annotator,Experimental situation,2022-05-24 00:51:26,2022-05-24 00:51:35
2022-05-24 08:44:40,2022-05-24 08:45:17,Free_Living,annotator,Experimental situation,2022-05-24 00:51:35,2022-05-24 00:52:12
2022-05-24 08:45:17,2022-05-24 08:46:03,Free_Living,annotator,Experimental situation,2022-05-24 00:52:12,2022-05-24 00:52:58
2022-05-24 08:46:03,2022-05-24 08:48:04,Free_Living,annotator,Experimental situation,2022-05-24 00:52:58,2022-05-24 00:54:59
2022-05-24 08:48:04,2022-05-24 08:48:31,Free_Living,annotator,Experimental situation,2022-05-24 00:54:59,2022-05-24 00:55:26
2022-05-24 08:48:31,2022-05-24 08:49:16,Free_Living,annotator,Experimental situation,2022-05-24 00:55:26,2022-05-24 00:56:11
2022-05-24 08:49:16,2022-05-24 08:49:41,Free_Living,annotator,Experimental situation,2022-05-24 00:56:11,2022-05-24 00:56:36
2022-05-24 08:49:41,2022-05-24 08:51:07,Free_Living,annotator,Experimental situation,2022-05-24 00:56:36,2022-05-24 00:58:02
2022-05-24 08:51:07,2022-05-24 08:51:34,Free_Living,annotator,Experimental situation,2022-05-24 00:58:02,2022-05-24 00:58:29
2022-05-24 08:51:34,2022-05-24 08:52:13,Free_Living,annotator,Experimental situation,2022-05-24 00:58:29,2022-05-24 00:59:08
2022-05-24 08:52:13,2022-05-24 08:53:56,Free_Living,annotator,Experimental situation,2022-05-24 00:59:08,2022-05-24 01:00:51
2022-05-24 08:53:56,2022-05-24 08:54:51,Free_Living,annotator,Experimental situation,2022-05-24 01:00:51,2022-05-24 01:01:46
2022-05-24 08:54:51,2022-05-24 08:55:11,Free_Living,annotator,Experimental situation,2022-05-24 01:01:46,2022-05-24 01:02:06
2022-05-24 08:55:11,2022-05-24 08:55:17,Free_Living,annotator,Experimental situation,2022-05-24 01:02:06,2022-05-24 01:02:12
2022-05-24 08:55:17,2022-05-24 08:55:58,Free_Living,annotator,Experimental situation,2022-05-24 01:02:12,2022-05-24 01:02:53
2022-05-24 08:55:58,2022-05-24 08:56:07,Free_Living,annotator,Experimental situation,2022-05-24 01:02:53,2022-05-24 01:03:02
2022-05-24 08:56:07,2022-05-24 08:56:41,Free_Living,annotator,Experimental situation,2022-05-24 01:03:02,2022-05-24 01:03:36
2022-05-24 08:56:41,2022-05-24 08:57:18,Free_Living,annotator,Experimental situation,2022-05-24 01:03:36,2022-05-24 01:04:13
2022-05-24 08:57:18,2022-05-24 08:57:29,Free_Living,annotator,Experimental situation,2022-05-24 01:04:13,2022-05-24 01:04:24
2022-05-24 08:57:29,2022-05-24 08:57:58,Free_Living,annotator,Experimental situation,2022-05-24 01:04:24,2022-05-24 01:04:53
2022-05-24 08:57:58,2022-05-24 08:58:44,Free_Living,annotator,Experimental situation,2022-05-24 01:04:53,2022-05-24 01:05:39
2022-05-24 08:58:44,2022-05-24 08:58:57,Free_Living,annotator,Experimental situation,2022-05-24 01:05:39,2022-05-24 01:05:52
2022-05-24 08:58:57,2022-05-24 09:01:01,Free_Living,annotator,Experimental situation,2022-05-24 01:05:52,2022-05-24 01:07:56
2022-05-24 09:01:01,2022-05-24 09:01:46,Free_Living,annotator,Experimental situation,2022-05-24 01:07:56,2022-05-24 01:08:41
2022-05-24 09:01:46,2022-05-24 09:01:55,Free_Living,annotator,Experimental situation,2022-05-24 01:08:41,2022-05-24 01:08:50
2022-05-24 09:01:55,2022-05-24 09:02:21,Free_Living,annotator,Experimental situation,2022-05-24 01:08:50,2022-05-24 01:09:16
2022-05-24 09:02:21,2022-05-24 09:02:29,Free_Living,annotator,Experimental situation,2022-05-24 01:09:16,2022-05-24 01:09:24
2022-05-24 09:02:29,2022-05-24 09:02:41,Free_Living,annotator,Experimental situation,2022-05-24 01:09:24,2022-05-24 01:09:36
2022-05-24 09:02:41,2022-05-24 09:03:03,Free_Living,annotator,Experimental situation,2022-05-24 01:09:36,2022-05-24 01:09:58
2022-05-24 09:03:03,2022-05-24 09:03:33,Free_Living,annotator,Experimental situation,2022-05-24 01:09:58,2022-05-24 01:10:28
2022-05-24 09:03:33,2022-05-24 09:04:28,Free_Living,annotator,Experimental situation,2022-05-24 01:10:28,2022-05-24 01:11:23
2022-05-24 09:04:28,2022-05-24 09:04:56,Free_Living,annotator,Experimental situation,2022-05-24 01:11:23,2022-05-24 01:11:51
2022-05-24 09:04:56,2022-05-24 09:05:08,Free_Living,annotator,Experimental situation,2022-05-24 01:11:51,2022-05-24 01:12:03
2022-05-24 09:05:08,2022-05-24 09:05:20,Free_Living,annotator,Experimental situation,2022-05-24 01:12:03,2022-05-24 01:12:15
2022-05-24 09:05:20,2022-05-24 09:05:41,Free_Living,annotator,Experimental situation,2022-05-24 01:12:15,2022-05-24 01:12:36
2022-05-24 09:05:41,2022-05-24 09:05:55,Free_Living,annotator,Experimental situation,2022-05-24 01:12:36,2022-05-24 01:12:50
2022-05-24 09:05:55,2022-05-24 09:06:07,Free_Living,annotator,Experimental situation,2022-05-24 01:12:50,2022-05-24 01:13:02
2022-05-24 09:06:07,2022-05-24 09:06:29,Free_Living,annotator,Experimental situation,2022-05-24 01:13:02,2022-05-24 01:13:24
2022-05-24 09:06:29,2022-05-24 09:07:13,Free_Living,annotator,Experimental situation,2022-05-24 01:13:24,2022-05-24 01:14:08
2022-05-24 09:07:13,2022-05-24 09:09:03,Free_Living,annotator,Experimental situation,2022-05-24 01:14:08,2022-05-24 01:15:58
2022-05-24 09:09:03,2022-05-24 09:11:36,Free_Living,annotator,Experimental situation,2022-05-24 01:15:58,2022-05-24 01:18:31
2022-05-24 09:11:36,2022-05-24 09:12:01,Free_Living,annotator,Experimental situation,2022-05-24 01:18:31,2022-05-24 01:18:56
2022-05-24 09:12:01,2022-05-24 09:12:21,Free_Living,annotator,Experimental situation,2022-05-24 01:18:56,2022-05-24 01:19:16
2022-05-24 09:12:21,2022-05-24 09:12:32,Free_Living,annotator,Experimental situation,2022-05-24 01:19:16,2022-05-24 01:19:27
2022-05-24 09:12:32,2022-05-24 09:13:04,Free_Living,annotator,Experimental situation,2022-05-24 01:19:27,2022-05-24 01:19:59
2022-05-24 09:13:04,2022-05-24 09:13:18,Free_Living,annotator,Experimental situation,2022-05-24 01:19:59,2022-05-24 01:20:13
2022-05-24 09:13:18,2022-05-24 09:13:22,Free_Living,annotator,Experimental situation,2022-05-24 01:20:13,2022-05-24 01:20:17
2022-05-24 09:13:22,2022-05-24 09:13:34,Free_Living,annotator,Experimental situation,2022-05-24 01:20:17,2022-05-24 01:20:29
2022-05-24 09:13:34,2022-05-24 09:13:48,Free_Living,annotator,Experimental situation,2022-05-24 01:20:29,2022-05-24 01:20:43
2022-05-24 09:13:48,2022-05-24 09:14:25,Free_Living,annotator,Experimental situation,2022-05-24 01:20:43,2022-05-24 01:21:20
2022-05-24 09:14:25,2022-05-24 09:15:07,Free_Living,annotator,Experimental situation,2022-05-24 01:21:20,2022-05-24 01:22:02
2022-05-24 09:15:07,2022-05-24 09:16:16,Free_Living,annotator,Experimental situation,2022-05-24 01:22:02,2022-05-24 01:23:11
2022-05-24 09:16:16,2022-05-24 09:16:32,Free_Living,annotator,Experimental situation,2022-05-24 01:23:11,2022-05-24 01:23:27
2022-05-24 09:16:32,2022-05-24 09:17:12,Free_Living,annotator,Experimental situation,2022-05-24 01:23:27,2022-05-24 01:24:07
2022-05-24 09:17:12,2022-05-24 09:18:15,Free_Living,annotator,Experimental situation,2022-05-24 01:24:07,2022-05-24 01:25:10
2022-05-24 09:18:15,2022-05-24 09:19:07,Free_Living,annotator,Experimental situation,2022-05-24 01:25:10,2022-05-24 01:26:02
2022-05-24 09:19:07,2022-05-24 09:20:52,Free_Living,annotator,Experimental situation,2022-05-24 01:26:02,2022-05-24 01:27:47
2022-05-24 09:20:52,2022-05-24 09:21:01,Free_Living,annotator,Experimental situation,2022-05-24 01:27:47,2022-05-24 01:27:56
2022-05-24 09:21:01,2022-05-24 09:21:07,Free_Living,annotator,Experimental situation,2022-05-24 01:27:56,2022-05-24 01:28:02
2022-05-24 09:21:07,2022-05-24 09:21:36,Free_Living,annotator,Experimental situation,2022-05-24 01:28:02,2022-05-24 01:28:31
2022-05-24 09:21:36,2022-05-24 09:22:02,Free_Living,annotator,Experimental situation,2022-05-24 01:28:31,2022-05-24 01:28:57
2022-05-24 09:22:02,2022-05-24 09:22:08,Free_Living,annotator,Experimental situation,2022-05-24 01:28:57,2022-05-24 01:29:03
2022-05-24 09:22:08,2022-05-24 09:23:51,Free_Living,annotator,Experimental situation,2022-05-24 01:29:03,2022-05-24 01:30:46
2022-05-24 09:23:51,2022-05-24 09:24:13,Free_Living,annotator,Experimental situation,2022-05-24 01:30:46,2022-05-24 01:31:08
2022-05-24 09:24:13,2022-05-24 09:25:58,Free_Living,annotator,Experimental situation,2022-05-24 01:31:08,2022-05-24 01:32:53
2022-05-24 09:25:58,2022-05-24 09:28:23,Free_Living,annotator,Experimental situation,2022-05-24 01:32:53,2022-05-24 01:35:18
2022-05-24 09:28:23,2022-05-24 09:28:37,Free_Living,annotator,Experimental situation,2022-05-24 01:35:18,2022-05-24 01:35:32
2022-05-24 09:28:37,2022-05-24 09:29:21,Free_Living,annotator,Experimental situation,2022-05-24 01:35:32,2022-05-24 01:36:16
2022-05-24 09:29:21,2022-05-24 09:29:42,Free_Living,annotator,Experimental situation,2022-05-24 01:36:16,2022-05-24 01:36:37
2022-05-24 09:29:42,2022-05-24 09:29:55,Free_Living,annotator,Experimental situation,2022-05-24 01:36:37,2022-05-24 01:36:50
2022-05-24 09:29:55,2022-05-24 09:30:06,Free_Living,annotator,Experimental situation,2022-05-24 01:36:50,2022-05-24 01:37:01
2022-05-24 09:30:06,2022-05-24 09:33:17,Free_Living,annotator,Experimental situation,2022-05-24 01:37:01,2022-05-24 01:40:12
2022-05-24 09:33:17,2022-05-24 09:34:44,Free_Living,annotator,Experimental situation,2022-05-24 01:40:12,2022-05-24 01:41:39
2022-05-24 09:34:44,2022-05-24 09:35:35,Free_Living,annotator,Experimental situation,2022-05-24 01:41:39,2022-05-24 01:42:30
2022-05-24 09:35:35,2022-05-24 09:37:06,Free_Living,annotator,Experimental situation,2022-05-24 01:42:30,2022-05-24 01:44:01
2022-05-24 09:37:06,2022-05-24 09:37:19,Free_Living,annotator,Experimental situation,2022-05-24 01:44:01,2022-05-24 01:44:14
2022-05-24 09:37:19,2022-05-24 09:37:29,Free_Living,annotator,Experimental situation,2022-05-24 01:44:14,2022-05-24 01:44:24
2022-05-24 09:37:29,2022-05-24 09:37:36,Free_Living,annotator,Experimental situation,2022-05-24 01:44:24,2022-05-24 01:44:31
2022-05-24 09:37:36,2022-05-24 09:38:32,Free_Living,annotator,Experimental situation,2022-05-24 01:44:31,2022-05-24 01:45:27
2022-05-24 09:38:32,2022-05-24 09:38:35,Free_Living,annotator,Experimental situation,2022-05-24 01:45:27,2022-05-24 01:45:30
2022-05-24 09:38:35,2022-05-24 09:38:42,Free_Living,annotator,Experimental situation,2022-05-24 01:45:30,2022-05-24 01:45:37
2022-05-24 09:38:42,2022-05-24 09:39:06,Free_Living,annotator,Experimental situation,2022-05-24 01:45:37,2022-05-24 01:46:01
2022-05-24 09:39:06,2022-05-24 09:39:18,Free_Living,annotator,Experimental situation,2022-05-24 01:46:01,2022-05-24 01:46:13
2022-05-24 09:39:18,2022-05-24 09:39:19,Free_Living,annotator,Experimental situation,2022-05-24 01:46:13,2022-05-24 01:46:14
2022-05-24 09:39:19,2022-05-24 09:39:32,Free_Living,annotator,Experimental situation,2022-05-24 01:46:14,2022-05-24 01:46:27
2022-05-24 09:39:32,2022-05-24 09:39:42,Free_Living,annotator,Experimental situation,2022-05-24 01:46:27,2022-05-24 01:46:37
2022-05-24 09:39:42,2022-05-24 09:43:02,Free_Living,annotator,Experimental situation,2022-05-24 01:46:37,2022-05-24 01:49:57
2022-05-24 09:43:02,2022-05-24 09:43:05,Free_Living,annotator,Experimental situation,2022-05-24 01:49:57,2022-05-24 01:50:00
2022-05-24 09:43:05,2022-05-24 09:43:46,Free_Living,annotator,Experimental situation,2022-05-24 01:50:00,2022-05-24 01:50:41
2022-05-24 09:43:46,2022-05-24 09:44:10,Free_Living,annotator,Experimental situation,2022-05-24 01:50:41,2022-05-24 01:51:05
2022-05-24 09:44:10,2022-05-24 09:44:21,Free_Living,annotator,Experimental situation,2022-05-24 01:51:05,2022-05-24 01:51:16
2022-05-24 09:44:21,2022-05-24 09:44:38,Free_Living,annotator,Experimental situation,2022-05-24 01:51:16,2022-05-24 01:51:33
2022-05-24 09:44:38,2022-05-24 09:44:53,Free_Living,annotator,Experimental situation,2022-05-24 01:51:33,2022-05-24 01:51:48
2022-05-24 09:44:53,2022-05-24 09:45:22,Free_Living,annotator,Experimental situation,2022-05-24 01:51:48,2022-05-24 01:52:17
2022-05-24 09:45:22,2022-05-24 09:45:35,Free_Living,annotator,Experimental situation,2022-05-24 01:52:17,2022-05-24 01:52:30
2022-05-24 09:45:35,2022-05-24 09:46:07,Free_Living,annotator,Experimental situation,2022-05-24 01:52:30,2022-05-24 01:53:02
2022-05-24 09:46:07,2022-05-24 09:51:17,Free_Living,annotator,Experimental situation,2022-05-24 01:53:02,2022-05-24 01:58:12
2022-05-24 09:51:17,2022-05-24 09:51:24,Free_Living,annotator,Experimental situation,2022-05-24 01:58:12,2022-05-24 01:58:19
2022-05-24 09:51:24,2022-05-24 09:51:54,Free_Living,annotator,Experimental situation,2022-05-24 01:58:19,2022-05-24 01:58:49
2022-05-24 09:51:57,2022-05-24 09:52:55,Free_Living,annotator,Experimental situation,2022-05-24 01:58:52,2022-05-24 01:59:50
2022-05-24 09:52:55,2022-05-24 09:53:47,Free_Living,annotator,Experimental situation,2022-05-24 01:59:50,2022-05-24 02:00:42
2022-05-24 09:53:47,2022-05-24 09:54:39,Free_Living,annotator,Experimental situation,2022-05-24 02:00:42,2022-05-24 02:01:34
2022-05-24 09:54:39,2022-05-24 09:55:51,Free_Living,annotator,Experimental situation,2022-05-24 02:01:34,2022-05-24 02:02:46
2022-05-24 09:55:51,2022-05-24 09:56:29,Free_Living,annotator,Experimental situation,2022-05-24 02:02:46,2022-05-24 02:03:24
2022-05-24 09:56:29,2022-05-24 09:57:02,Free_Living,annotator,Experimental situation,2022-05-24 02:03:24,2022-05-24 02:03:57
2022-05-24 09:57:02,2022-05-24 09:57:51,Free_Living,annotator,Experimental situation,2022-05-24 02:03:57,2022-05-24 02:04:46
2022-05-24 09:57:51,2022-05-24 09:58:52,Free_Living,annotator,Experimental situation,2022-05-24 02:04:46,2022-05-24 02:05:47
2022-05-24 09:58:52,2022-05-24 09:59:13,Free_Living,annotator,Experimental situation,2022-05-24 02:05:47,2022-05-24 02:06:08
2022-05-24 09:59:13,2022-05-24 10:00:07,Free_Living,annotator,Experimental situation,2022-05-24 02:06:08,2022-05-24 02:07:02
2022-05-24 10:00:07,2022-05-24 10:00:25,Free_Living,annotator,Experimental situation,2022-05-24 02:07:02,2022-05-24 02:07:20
2022-05-24 10:00:25,2022-05-24 10:01:23,Free_Living,annotator,Experimental situation,2022-05-24 02:07:20,2022-05-24 02:08:18
2022-05-24 10:01:23,2022-05-24 10:02:04,Free_Living,annotator,Experimental situation,2022-05-24 02:08:18,2022-05-24 02:08:59
2022-05-24 10:02:04,2022-05-24 10:02:26,Free_Living,annotator,Experimental situation,2022-05-24 02:08:59,2022-05-24 02:09:21
2022-05-24 10:02:26,2022-05-24 10:02:40,Free_Living,annotator,Experimental situation,2022-05-24 02:09:21,2022-05-24 02:09:35
2022-05-24 10:02:40,2022-05-24 10:03:14,Free_Living,annotator,Experimental situation,2022-05-24 02:09:35,2022-05-24 02:10:09
2022-05-24 10:03:14,2022-05-24 10:04:11,Free_Living,annotator,Experimental situation,2022-05-24 02:10:09,2022-05-24 02:11:06
2022-05-24 10:04:11,2022-05-24 10:06:16,Free_Living,annotator,Experimental situation,2022-05-24 02:11:06,2022-05-24 02:13:11
2022-05-24 10:06:16,2022-05-24 10:06:39,Free_Living,annotator,Experimental situation,2022-05-24 02:13:11,2022-05-24 02:13:34
2022-05-24 10:06:39,2022-05-24 10:07:01,Free_Living,annotator,Experimental situation,2022-05-24 02:13:34,2022-05-24 02:13:56
2022-05-24 10:07:01,2022-05-24 10:08:21,Free_Living,annotator,Experimental situation,2022-05-24 02:13:56,2022-05-24 02:15:16
2022-05-24 10:08:21,2022-05-24 10:09:05,Free_Living,annotator,Experimental situation,2022-05-24 02:15:16,2022-05-24 02:16:00
2022-05-24 10:09:05,2022-05-24 10:09:28,Free_Living,annotator,Experimental situation,2022-05-24 02:16:00,2022-05-24 02:16:23
2022-05-24 10:09:28,2022-05-24 10:11:04,Free_Living,annotator,Experimental situation,2022-05-24 02:16:23,2022-05-24 02:17:59
2022-05-24 10:11:04,2022-05-24 10:12:01,Free_Living,annotator,Experimental situation,2022-05-24 02:17:59,2022-05-24 02:18:56
2022-05-24 10:12:01,2022-05-24 10:12:13,Free_Living,annotator,Experimental situation,2022-05-24 02:18:56,2022-05-24 02:19:08
2022-05-24 10:12:13,2022-05-24 10:14:27,Free_Living,annotator,Experimental situation,2022-05-24 02:19:08,2022-05-24 02:21:22
2022-05-24 10:14:27,2022-05-24 10:14:57,Free_Living,annotator,Experimental situation,2022-05-24 02:21:22,2022-05-24 02:21:52
2022-05-24 10:14:57,2022-05-24 10:16:16,Free_Living,annotator,Experimental situation,2022-05-24 02:21:52,2022-05-24 02:23:11
2022-05-24 10:16:16,2022-05-24 10:18:13,Free_Living,annotator,Experimental situation,2022-05-24 02:23:11,2022-05-24 02:25:08
2022-05-24 10:18:13,2022-05-24 10:18:45,Free_Living,annotator,Experimental situation,2022-05-24 02:25:08,2022-05-24 02:25:40
2022-05-24 10:18:45,2022-05-24 10:19:25,Free_Living,annotator,Experimental situation,2022-05-24 02:25:40,2022-05-24 02:26:20
2022-05-24 10:19:25,2022-05-24 10:19:44,Free_Living,annotator,Experimental situation,2022-05-24 02:26:20,2022-05-24 02:26:39
2022-05-24 10:19:44,2022-05-24 10:19:59,Free_Living,annotator,Experimental situation,2022-05-24 02:26:39,2022-05-24 02:26:54
2022-05-24 10:19:59,2022-05-24 10:20:16,Free_Living,annotator,Experimental situation,2022-05-24 02:26:54,2022-05-24 02:27:11
2022-05-24 10:20:16,2022-05-24 10:22:17,Free_Living,annotator,Experimental situation,2022-05-24 02:27:11,2022-05-24 02:29:12
2022-05-24 10:22:17,2022-05-24 10:22:34,Free_Living,annotator,Experimental situation,2022-05-24 02:29:12,2022-05-24 02:29:29
2022-05-24 10:22:34,2022-05-24 10:22:50,Free_Living,annotator,Experimental situation,2022-05-24 02:29:29,2022-05-24 02:29:45
2022-05-24 10:22:50,2022-05-24 10:23:18,Free_Living,annotator,Experimental situation,2022-05-24 02:29:45,2022-05-24 02:30:13
2022-05-24 10:23:18,2022-05-24 10:23:33,Free_Living,annotator,Experimental situation,2022-05-24 02:30:13,2022-05-24 02:30:28
2022-05-24 10:23:33,2022-05-24 10:23:55,Free_Living,annotator,Experimental situation,2022-05-24 02:30:28,2022-05-24 02:30:50
2022-05-24 10:23:55,2022-05-24 10:24:13,Free_Living,annotator,Experimental situation,2022-05-24 02:30:50,2022-05-24 02:31:08
2022-05-24 10:24:13,2022-05-24 10:25:47,Free_Living,annotator,Experimental situation,2022-05-24 02:31:08,2022-05-24 02:32:42
2022-05-24 10:25:47,2022-05-24 10:26:52,Free_Living,annotator,Experimental situation,2022-05-24 02:32:42,2022-05-24 02:33:47
2022-05-24 10:26:52,2022-05-24 10:27:39,Free_Living,annotator,Experimental situation,2022-05-24 02:33:47,2022-05-24 02:34:34
2022-05-24 10:27:39,2022-05-24 10:28:15,Free_Living,annotator,Experimental situation,2022-05-24 02:34:34,2022-05-24 02:35:10
2022-05-24 10:28:15,2022-05-24 10:29:09,Free_Living,annotator,Experimental situation,2022-05-24 02:35:10,2022-05-24 02:36:04
2022-05-24 10:29:09,2022-05-24 10:29:36,Free_Living,annotator,Experimental situation,2022-05-24 02:36:04,2022-05-24 02:36:31
2022-05-24 10:29:36,2022-05-24 10:30:23,Free_Living,annotator,Experimental situation,2022-05-24 02:36:31,2022-05-24 02:37:18
2022-05-24 10:30:23,2022-05-24 10:30:40,Free_Living,annotator,Experimental situation,2022-05-24 02:37:18,2022-05-24 02:37:35
2022-05-24 10:30:40,2022-05-24 10:30:59,Free_Living,annotator,Experimental situation,2022-05-24 02:37:35,2022-05-24 02:37:54
2022-05-24 10:30:59,2022-05-24 10:31:33,Free_Living,annotator,Experimental situation,2022-05-24 02:37:54,2022-05-24 02:38:28
2022-05-24 10:31:33,2022-05-24 10:32:07,Free_Living,annotator,Experimental situation,2022-05-24 02:38:28,2022-05-24 02:39:02
2022-05-24 10:32:07,2022-05-24 10:32:55,Free_Living,annotator,Experimental situation,2022-05-24 02:39:02,2022-05-24 02:39:50
2022-05-24 10:32:55,2022-05-24 10:33:03,Free_Living,annotator,Experimental situation,2022-05-24 02:39:50,2022-05-24 02:39:58
2022-05-24 10:33:03,2022-05-24 10:34:21,Free_Living,annotator,Experimental situation,2022-05-24 02:39:58,2022-05-24 02:41:16
2022-05-24 10:34:21,2022-05-24 10:35:06,Free_Living,annotator,Experimental situation,2022-05-24 02:41:16,2022-05-24 02:42:01
2022-05-24 10:35:06,2022-05-24 10:35:27,Free_Living,annotator,Experimental situation,2022-05-24 02:42:01,2022-05-24 02:42:22
2022-05-24 10:35:27,2022-05-24 10:36:53,Free_Living,annotator,Experimental situation,2022-05-24 02:42:22,2022-05-24 02:43:48
2022-05-24 10:36:53,2022-05-24 10:42:32,Free_Living,annotator,Experimental situation,2022-05-24 02:43:48,2022-05-24 02:49:27
2022-05-24 10:42:32,2022-05-24 10:44:05,Free_Living,annotator,Experimental situation,2022-05-24 02:49:27,2022-05-24 02:51:00
2022-05-24 10:44:05,2022-05-24 10:46:27,Free_Living,annotator,Experimental situation,2022-05-24 02:51:00,2022-05-24 02:53:22
2022-05-24 10:46:27,2022-05-24 10:46:58,Free_Living,annotator,Experimental situation,2022-05-24 02:53:22,2022-05-24 02:53:53
2022-05-24 10:46:58,2022-05-24 10:47:29,Free_Living,annotator,Experimental situation,2022-05-24 02:53:53,2022-05-24 02:54:24
2022-05-24 10:47:29,2022-05-24 10:48:28,Free_Living,annotator,Experimental situation,2022-05-24 02:54:24,2022-05-24 02:55:23
2022-05-24 10:48:28,2022-05-24 10:48:59,Free_Living,annotator,Experimental situation,2022-05-24 02:55:23,2022-05-24 02:55:54
2022-05-24 10:48:59,2022-05-24 10:49:39,Free_Living,annotator,Experimental situation,2022-05-24 02:55:54,2022-05-24 02:56:34
2022-05-24 10:49:39,2022-05-24 10:50:46,Free_Living,annotator,Experimental situation,2022-05-24 02:56:34,2022-05-24 02:57:41
2022-05-24 10:50:46,2022-05-24 10:56:08,Free_Living,annotator,Experimental situation,2022-05-24 02:57:41,2022-05-24 03:03:03
2022-05-24 10:56:08,2022-05-24 10:57:25,Free_Living,annotator,Experimental situation,2022-05-24 03:03:03,2022-05-24 03:04:20
2022-05-24 10:57:25,2022-05-24 11:00:25,Free_Living,annotator,Experimental situation,2022-05-24 03:04:20,2022-05-24 03:07:20
2022-05-24 11:00:25,2022-05-24 11:00:37,Free_Living,annotator,Experimental situation,2022-05-24 03:07:20,2022-05-24 03:07:32
2022-05-24 11:00:37,2022-05-24 11:03:47,Free_Living,annotator,Experimental situation,2022-05-24 03:07:32,2022-05-24 03:10:42
2022-05-24 11:03:47,2022-05-24 11:04:08,Free_Living,annotator,Experimental situation,2022-05-24 03:10:42,2022-05-24 03:11:03
2022-05-24 11:04:08,2022-05-24 11:08:17,Free_Living,annotator,Experimental situation,2022-05-24 03:11:03,2022-05-24 03:15:12
2022-05-24 11:08:17,2022-05-24 11:09:00,Free_Living,annotator,Experimental situation,2022-05-24 03:15:12,2022-05-24 03:15:55
2022-05-24 11:09:00,2022-05-24 11:11:51,Free_Living,annotator,Experimental situation,2022-05-24 03:15:55,2022-05-24 03:18:46
2022-05-24 11:11:51,2022-05-24 11:12:09,Free_Living,annotator,Experimental situation,2022-05-24 03:18:46,2022-05-24 03:19:04
2022-05-24 11:12:09,2022-05-24 11:12:20,Free_Living,annotator,Experimental situation,2022-05-24 03:19:04,2022-05-24 03:19:15
2022-05-24 11:12:20,2022-05-24 11:13:29,Free_Living,annotator,Experimental situation,2022-05-24 03:19:15,2022-05-24 03:20:24
2022-05-24 11:13:29,2022-05-24 11:14:28,Free_Living,annotator,Experimental situation,2022-05-24 03:20:24,2022-05-24 03:21:23
2022-05-24 11:14:30,2022-05-24 11:14:53,Free_Living,annotator,Experimental situation,2022-05-24 03:21:25,2022-05-24 03:21:48
2022-05-24 11:14:55,2022-05-24 11:16:13,Free_Living,annotator,Experimental situation,2022-05-24 03:21:50,2022-05-24 03:23:08
2022-05-24 11:16:13,2022-05-24 11:16:20,Free_Living,annotator,Experimental situation,2022-05-24 03:23:08,2022-05-24 03:23:15
2022-05-24 11:16:20,2022-05-24 11:16:47,Free_Living,annotator,Experimental situation,2022-05-24 03:23:15,2022-05-24 03:23:42
2022-05-24 11:16:49,2022-05-24 11:17:28,Free_Living,annotator,Experimental situation,2022-05-24 03:23:44,2022-05-24 03:24:23
2022-05-24 11:17:28,2022-05-24 11:17:56,Free_Living,annotator,Experimental situation,2022-05-24 03:24:23,2022-05-24 03:24:51
2022-05-24 11:17:56,2022-05-24 11:18:48,Free_Living,annotator,Experimental situation,2022-05-24 03:24:51,2022-05-24 03:25:43
2022-05-24 11:18:48,2022-05-24 11:22:16,Free_Living,annotator,Experimental situation,2022-05-24 03:25:43,2022-05-24 03:29:11
2022-05-24 11:22:16,2022-05-24 11:22:37,Free_Living,annotator,Experimental situation,2022-05-24 03:29:11,2022-05-24 03:29:32
2022-05-24 11:22:37,2022-05-24 11:23:01,Free_Living,annotator,Experimental situation,2022-05-24 03:29:32,2022-05-24 03:29:56
2022-05-24 11:23:01,2022-05-24 11:23:54,Free_Living,annotator,Experimental situation,2022-05-24 03:29:56,2022-05-24 03:30:49
2022-05-24 11:23:54,2022-05-24 11:24:26,Free_Living,annotator,Experimental situation,2022-05-24 03:30:49,2022-05-24 03:31:21
2022-05-24 11:24:26,2022-05-24 11:24:51,Free_Living,annotator,Experimental situation,2022-05-24 03:31:21,2022-05-24 03:31:46
2022-05-24 11:24:51,2022-05-24 11:25:05,Free_Living,annotator,Experimental situation,2022-05-24 03:31:46,2022-05-24 03:32:00
2022-05-24 11:25:05,2022-05-24 11:25:25,Free_Living,annotator,Experimental situation,2022-05-24 03:32:00,2022-05-24 03:32:20
2022-05-24 11:25:25,2022-05-24 11:27:18,Free_Living,annotator,Experimental situation,2022-05-24 03:32:20,2022-05-24 03:34:13
2022-05-24 11:27:18,2022-05-24 11:28:42,Free_Living,annotator,Experimental situation,2022-05-24 03:34:13,2022-05-24 03:35:37
2022-05-24 11:28:42,2022-05-24 11:30:21,Free_Living,annotator,Experimental situation,2022-05-24 03:35:37,2022-05-24 03:37:16
2022-05-24 11:30:21,2022-05-24 11:30:28,Free_Living,annotator,Experimental situation,2022-05-24 03:37:16,2022-05-24 03:37:23
2022-05-24 11:30:28,2022-05-24 11:30:54,Free_Living,annotator,Experimental situation,2022-05-24 03:37:23,2022-05-24 03:37:49
2022-05-24 11:30:54,2022-05-24 11:31:19,Free_Living,annotator,Experimental situation,2022-05-24 03:37:49,2022-05-24 03:38:14
2022-05-24 11:31:19,2022-05-24 11:31:20,Free_Living,annotator,Experimental situation,2022-05-24 03:38:14,2022-05-24 03:38:15
2022-05-24 11:31:26,2022-05-24 11:31:39,Free_Living,annotator,Experimental situation,2022-05-24 03:38:21,2022-05-24 03:38:34
2022-05-24 11:31:39,2022-05-24 11:32:16,Free_Living,annotator,Experimental situation,2022-05-24 03:38:34,2022-05-24 03:39:11
2022-05-24 11:32:16,2022-05-24 11:33:21,Free_Living,annotator,Experimental situation,2022-05-24 03:39:11,2022-05-24 03:40:16
2022-05-24 11:33:21,2022-05-24 11:33:30,Free_Living,annotator,Experimental situation,2022-05-24 03:40:16,2022-05-24 03:40:25
2022-05-24 11:33:30,2022-05-24 11:33:36,Free_Living,annotator,Experimental situation,2022-05-24 03:40:25,2022-05-24 03:40:31
2022-05-24 11:33:36,2022-05-24 11:35:20,Free_Living,annotator,Experimental situation,2022-05-24 03:40:31,2022-05-24 03:42:15
2022-05-24 11:35:20,2022-05-24 11:35:50,Free_Living,annotator,Experimental situation,2022-05-24 03:42:15,2022-05-24 03:42:45
2022-05-24 11:35:50,2022-05-24 11:36:22,Free_Living,annotator,Experimental situation,2022-05-24 03:42:45,2022-05-24 03:43:17
2022-05-24 11:36:22,2022-05-24 11:36:27,Free_Living,annotator,Experimental situation,2022-05-24 03:43:17,2022-05-24 03:43:22
2022-05-24 11:36:27,2022-05-24 11:37:07,Free_Living,annotator,Experimental situation,2022-05-24 03:43:22,2022-05-24 03:44:02
2022-05-24 11:37:07,2022-05-24 11:37:10,Free_Living,annotator,Experimental situation,2022-05-24 03:44:02,2022-05-24 03:44:05
2022-05-24 11:37:10,2022-05-24 11:37:27,Free_Living,annotator,Experimental situation,2022-05-24 03:44:05,2022-05-24 03:44:22
2022-05-24 11:37:27,2022-05-24 11:37:55,Free_Living,annotator,Experimental situation,2022-05-24 03:44:22,2022-05-24 03:44:50
2022-05-24 11:37:55,2022-05-24 11:38:11,Free_Living,annotator,Experimental situation,2022-05-24 03:44:50,2022-05-24 03:45:06
2022-05-24 11:38:11,2022-05-24 11:38:21,Free_Living,annotator,Experimental situation,2022-05-24 03:45:06,2022-05-24 03:45:16
2022-05-24 11:38:21,2022-05-24 11:39:09,Free_Living,annotator,Experimental situation,2022-05-24 03:45:16,2022-05-24 03:46:04
2022-05-24 11:39:11,2022-05-24 11:39:29,Free_Living,annotator,Experimental situation,2022-05-24 03:46:06,2022-05-24 03:46:24
2022-05-24 11:39:29,2022-05-24 11:39:45,Free_Living,annotator,Experimental situation,2022-05-24 03:46:24,2022-05-24 03:46:40
2022-05-24 11:39:45,2022-05-24 11:46:25,Free_Living,annotator,Experimental situation,2022-05-24 03:46:40,2022-05-24 03:53:20
2022-05-24 11:46:25,2022-05-24 11:46:33,Free_Living,annotator,Experimental situation,2022-05-24 03:53:20,2022-05-24 03:53:28
2022-05-24 11:46:37,2022-05-24 11:46:44,Free_Living,annotator,Experimental situation,2022-05-24 03:53:32,2022-05-24 03:53:39
2022-05-24 11:46:44,2022-05-24 11:46:50,Free_Living,annotator,Experimental situation,2022-05-24 03:53:39,2022-05-24 03:53:45
2022-05-24 11:46:50,2022-05-24 11:46:59,Free_Living,annotator,Experimental situation,2022-05-24 03:53:45,2022-05-24 03:53:54
2022-05-24 11:46:59,2022-05-24 11:47:56,Free_Living,annotator,Experimental situation,2022-05-24 03:53:54,2022-05-24 03:54:51
2022-05-24 11:47:56,2022-05-24 11:48:08,Free_Living,annotator,Experimental situation,2022-05-24 03:54:51,2022-05-24 03:55:03
2022-05-24 11:48:10,2022-05-24 11:48:20,Free_Living,annotator,Experimental situation,2022-05-24 03:55:05,2022-05-24 03:55:15
2022-05-24 11:48:20,2022-05-24 11:54:38,Free_Living,annotator,Experimental situation,2022-05-24 03:55:15,2022-05-24 04:01:33
2022-05-24 11:54:38,2022-05-24 11:54:59,Free_Living,annotator,Experimental situation,2022-05-24 04:01:33,2022-05-24 04:01:54
2022-05-24 11:54:59,2022-05-24 11:55:48,Free_Living,annotator,Experimental situation,2022-05-24 04:01:54,2022-05-24 04:02:43
2022-05-24 11:55:51,2022-05-24 11:56:04,Free_Living,annotator,Experimental situation,2022-05-24 04:02:46,2022-05-24 04:02:59
2022-05-24 11:56:05,2022-05-24 11:56:20,Free_Living,annotator,Experimental situation,2022-05-24 04:03:00,2022-05-24 04:03:15
2022-05-24 11:56:20,2022-05-24 11:57:33,Free_Living,annotator,Experimental situation,2022-05-24 04:03:15,2022-05-24 04:04:28
2022-05-24 11:57:33,2022-05-24 11:57:45,Free_Living,annotator,Experimental situation,2022-05-24 04:04:28,2022-05-24 04:04:40
2022-05-24 11:57:45,2022-05-24 11:58:06,Free_Living,annotator,Experimental situation,2022-05-24 04:04:40,2022-05-24 04:05:01
2022-05-24 11:58:06,2022-05-24 11:58:35,Free_Living,annotator,Experimental situation,2022-05-24 04:05:01,2022-05-24 04:05:30
2022-05-24 11:58:35,2022-05-24 11:58:44,Free_Living,annotator,Experimental situation,2022-05-24 04:05:30,2022-05-24 04:05:39
2022-05-24 11:58:44,2022-05-24 11:59:05,Free_Living,annotator,Experimental situation,2022-05-24 04:05:39,2022-05-24 04:06:00
2022-05-24 11:59:05,2022-05-24 11:59:25,Free_Living,annotator,Experimental situation,2022-05-24 04:06:00,2022-05-24 04:06:20
2022-05-24 11:59:25,2022-05-24 11:59:54,Free_Living,annotator,Experimental situation,2022-05-24 04:06:20,2022-05-24 04:06:49
2022-05-24 11:59:54,2022-05-24 12:00:04,Free_Living,annotator,Experimental situation,2022-05-24 04:06:49,2022-05-24 04:06:59
2022-05-24 12:00:04,2022-05-24 12:00:13,Free_Living,annotator,Experimental situation,2022-05-24 04:06:59,2022-05-24 04:07:08
2022-05-24 12:00:13,2022-05-24 12:00:26,Free_Living,annotator,Experimental situation,2022-05-24 04:07:08,2022-05-24 04:07:21
2022-05-24 12:00:26,2022-05-24 12:01:21,Free_Living,annotator,Experimental situation,2022-05-24 04:07:21,2022-05-24 04:08:16
2022-05-24 12:01:21,2022-05-24 12:18:54,Free_Living,annotator,Experimental situation,2022-05-24 04:08:16,2022-05-24 04:25:49
2022-05-24 12:18:54,2022-05-24 12:19:51,Free_Living,annotator,Experimental situation,2022-05-24 04:25:49,2022-05-24 04:26:46
2022-05-24 12:19:51,2022-05-24 12:20:04,Free_Living,annotator,Experimental situation,2022-05-24 04:26:46,2022-05-24 04:26:59
2022-05-24 12:20:04,2022-05-24 12:20:17,Free_Living,annotator,Experimental situation,2022-05-24 04:26:59,2022-05-24 04:27:12
2022-05-24 12:20:17,2022-05-24 12:21:12,Free_Living,annotator,Experimental situation,2022-05-24 04:27:12,2022-05-24 04:28:07
2022-05-24 12:21:12,2022-05-24 12:21:18,Free_Living,annotator,Experimental situation,2022-05-24 04:28:07,2022-05-24 04:28:13
2022-05-24 12:21:18,2022-05-24 12:22:00,Free_Living,annotator,Experimental situation,2022-05-24 04:28:13,2022-05-24 04:28:55
2022-05-24 12:22:00,2022-05-24 12:22:40,Free_Living,annotator,Experimental situation,2022-05-24 04:28:55,2022-05-24 04:29:35
2022-05-24 12:22:40,2022-05-24 12:23:36,Free_Living,annotator,Experimental situation,2022-05-24 04:29:35,2022-05-24 04:30:31
2022-05-24 12:23:36,2022-05-24 12:24:12,Free_Living,annotator,Experimental situation,2022-05-24 04:30:31,2022-05-24 04:31:07
2022-05-24 12:24:12,2022-05-24 12:24:35,Free_Living,annotator,Experimental situation,2022-05-24 04:31:07,2022-05-24 04:31:30
2022-05-24 12:24:35,2022-05-24 12:26:21,Free_Living,annotator,Experimental situation,2022-05-24 04:31:30,2022-05-24 04:33:16
2022-05-24 12:26:22,2022-05-24 12:27:05,Free_Living,annotator,Experimental situation,2022-05-24 04:33:17,2022-05-24 04:34:00
2022-05-24 12:27:06,2022-05-24 12:27:42,Free_Living,annotator,Experimental situation,2022-05-24 04:34:01,2022-05-24 04:34:37
2022-05-24 12:27:42,2022-05-24 12:28:15,Free_Living,annotator,Experimental situation,2022-05-24 04:34:37,2022-05-24 04:35:10
2022-05-24 12:28:15,2022-05-24 12:28:55,Free_Living,annotator,Experimental situation,2022-05-24 04:35:10,2022-05-24 04:35:50
2022-05-24 12:28:56,2022-05-24 12:29:23,Free_Living,annotator,Experimental situation,2022-05-24 04:35:51,2022-05-24 04:36:18
2022-05-24 12:29:23,2022-05-24 12:29:35,Free_Living,annotator,Experimental situation,2022-05-24 04:36:18,2022-05-24 04:36:30
2022-05-24 12:29:35,2022-05-24 12:29:48,Free_Living,annotator,Experimental situation,2022-05-24 04:36:30,2022-05-24 04:36:43
2022-05-24 12:29:48,2022-05-24 12:30:13,Free_Living,annotator,Experimental situation,2022-05-24 04:36:43,2022-05-24 04:37:08
2022-05-24 12:30:13,2022-05-24 12:30:24,Free_Living,annotator,Experimental situation,2022-05-24 04:37:08,2022-05-24 04:37:19
2022-05-24 12:30:24,2022-05-24 12:31:30,Free_Living,annotator,Experimental situation,2022-05-24 04:37:19,2022-05-24 04:38:25
2022-05-24 12:31:30,2022-05-24 12:31:46,Free_Living,annotator,Experimental situation,2022-05-24 04:38:25,2022-05-24 04:38:41
2022-05-24 12:31:46,2022-05-24 12:31:55,Free_Living,annotator,Experimental situation,2022-05-24 04:38:41,2022-05-24 04:38:50
2022-05-24 12:31:55,2022-05-24 12:32:26,Free_Living,annotator,Experimental situation,2022-05-24 04:38:50,2022-05-24 04:39:21
2022-05-24 12:32:26,2022-05-24 12:32:48,Free_Living,annotator,Experimental situation,2022-05-24 04:39:21,2022-05-24 04:39:43
2022-05-24 12:32:48,2022-05-24 12:32:57,Free_Living,annotator,Experimental situation,2022-05-24 04:39:43,2022-05-24 04:39:52
2022-05-24 12:32:57,2022-05-24 12:34:14,Free_Living,annotator,Experimental situation,2022-05-24 04:39:52,2022-05-24 04:41:09
2022-05-24 12:34:14,2022-05-24 12:34:20,Free_Living,annotator,Experimental situation,2022-05-24 04:41:09,2022-05-24 04:41:15
2022-05-24 12:34:20,2022-05-24 12:34:42,Free_Living,annotator,Experimental situation,2022-05-24 04:41:15,2022-05-24 04:41:37
2022-05-24 12:34:43,2022-05-24 12:35:08,Free_Living,annotator,Experimental situation,2022-05-24 04:41:38,2022-05-24 04:42:03
2022-05-24 12:35:08,2022-05-24 12:35:54,Free_Living,annotator,Experimental situation,2022-05-24 04:42:03,2022-05-24 04:42:49
2022-05-24 12:35:54,2022-05-24 12:38:39,Free_Living,annotator,Experimental situation,2022-05-24 04:42:49,2022-05-24 04:45:34
2022-05-24 12:38:39,2022-05-24 12:38:59,Free_Living,annotator,Experimental situation,2022-05-24 04:45:34,2022-05-24 04:45:54
2022-05-24 12:38:59,2022-05-24 12:46:04,Free_Living,annotator,Experimental situation,2022-05-24 04:45:54,2022-05-24 04:52:59
2022-05-24 12:46:04,2022-05-24 12:46:54,Free_Living,annotator,Experimental situation,2022-05-24 04:52:59,2022-05-24 04:53:49
2022-05-24 12:46:54,2022-05-24 12:50:46,Free_Living,annotator,Experimental situation,2022-05-24 04:53:49,2022-05-24 04:57:41
2022-05-24 12:50:46,2022-05-24 12:51:11,Free_Living,annotator,Experimental situation,2022-05-24 04:57:41,2022-05-24 04:58:06
2022-05-24 12:51:11,2022-05-24 12:55:39,Free_Living,annotator,Experimental situation,2022-05-24 04:58:06,2022-05-24 05:02:34
2022-05-24 12:55:39,2022-05-24 12:55:45,Free_Living,annotator,Experimental situation,2022-05-24 05:02:34,2022-05-24 05:02:40
2022-05-24 12:55:45,2022-05-24 13:10:44,Free_Living,annotator,Experimental situation,2022-05-24 05:02:40,2022-05-24 05:17:39
2022-05-24 13:10:46,2022-05-24 13:10:55,Free_Living,annotator,Experimental situation,2022-05-24 05:17:41,2022-05-24 05:17:50
2022-05-24 13:10:55,2022-05-24 13:12:01,Free_Living,annotator,Experimental situation,2022-05-24 05:17:50,2022-05-24 05:18:56
2022-05-24 13:12:01,2022-05-24 13:12:44,Free_Living,annotator,Experimental situation,2022-05-24 05:18:56,2022-05-24 05:19:39
2022-05-24 13:12:44,2022-05-24 13:13:05,Free_Living,annotator,Experimental situation,2022-05-24 05:19:39,2022-05-24 05:20:00
2022-05-24 13:13:02,2022-05-24 13:13:02,Free_Living,annotator,Experimental situation,2022-05-24 05:19:57,2022-05-24 05:19:57
2022-05-24 13:13:05,2022-05-24 13:13:23,Free_Living,annotator,Experimental situation,2022-05-24 05:20:00,2022-05-24 05:20:18
2022-05-24 13:13:23,2022-05-24 13:13:27,Free_Living,annotator,Experimental situation,2022-05-24 05:20:18,2022-05-24 05:20:22
2022-05-24 13:13:27,2022-05-24 13:13:46,Free_Living,annotator,Experimental situation,2022-05-24 05:20:22,2022-05-24 05:20:41
2022-05-24 13:13:46,2022-05-24 13:14:14,Free_Living,annotator,Experimental situation,2022-05-24 05:20:41,2022-05-24 05:21:09
2022-05-24 13:14:14,2022-05-24 13:15:26,Free_Living,annotator,Experimental situation,2022-05-24 05:21:09,2022-05-24 05:22:21
2022-05-24 13:15:26,2022-05-24 13:18:12,Free_Living,annotator,Experimental situation,2022-05-24 05:22:21,2022-05-24 05:25:07
2022-05-24 13:18:12,2022-05-24 13:18:25,Free_Living,annotator,Experimental situation,2022-05-24 05:25:07,2022-05-24 05:25:20
2022-05-24 13:18:25,2022-05-24 13:18:37,Free_Living,annotator,Experimental situation,2022-05-24 05:25:20,2022-05-24 05:25:32
2022-05-24 13:18:37,2022-05-24 13:18:48,Free_Living,annotator,Experimental situation,2022-05-24 05:25:32,2022-05-24 05:25:43
2022-05-24 13:18:48,2022-05-24 13:20:33,Free_Living,annotator,Experimental situation,2022-05-24 05:25:43,2022-05-24 05:27:28
2022-05-24 13:20:33,2022-05-24 13:21:12,Free_Living,annotator,Experimental situation,2022-05-24 05:27:28,2022-05-24 05:28:07
2022-05-24 13:21:12,2022-05-24 13:22:37,Free_Living,annotator,Experimental situation,2022-05-24 05:28:07,2022-05-24 05:29:32
2022-05-24 13:22:37,2022-05-24 13:22:57,Free_Living,annotator,Experimental situation,2022-05-24 05:29:32,2022-05-24 05:29:52
2022-05-24 13:22:57,2022-05-24 13:23:29,Free_Living,annotator,Experimental situation,2022-05-24 05:29:52,2022-05-24 05:30:24
2022-05-24 13:23:29,2022-05-24 13:23:45,Free_Living,annotator,Experimental situation,2022-05-24 05:30:24,2022-05-24 05:30:40
2022-05-24 13:23:45,2022-05-24 13:23:58,Free_Living,annotator,Experimental situation,2022-05-24 05:30:40,2022-05-24 05:30:53
2022-05-24 13:23:58,2022-05-24 13:24:13,Free_Living,annotator,Experimental situation,2022-05-24 05:30:53,2022-05-24 05:31:08
2022-05-24 13:24:13,2022-05-24 13:26:00,Free_Living,annotator,Experimental situation,2022-05-24 05:31:08,2022-05-24 05:32:55
2022-05-24 13:26:00,2022-05-24 13:26:10,Free_Living,annotator,Experimental situation,2022-05-24 05:32:55,2022-05-24 05:33:05
2022-05-24 13:26:10,2022-05-24 13:26:16,Free_Living,annotator,Experimental situation,2022-05-24 05:33:05,2022-05-24 05:33:11
2022-05-24 13:26:16,2022-05-24 13:26:46,Free_Living,annotator,Experimental situation,2022-05-24 05:33:11,2022-05-24 05:33:41
2022-05-24 13:26:46,2022-05-24 13:27:01,Free_Living,annotator,Experimental situation,2022-05-24 05:33:41,2022-05-24 05:33:56
2022-05-24 13:27:01,2022-05-24 13:27:13,Free_Living,annotator,Experimental situation,2022-05-24 05:33:56,2022-05-24 05:34:08
2022-05-24 13:27:13,2022-05-24 13:28:52,Free_Living,annotator,Experimental situation,2022-05-24 05:34:08,2022-05-24 05:35:47
2022-05-24 13:28:52,2022-05-24 13:29:22,Free_Living,annotator,Experimental situation,2022-05-24 05:35:47,2022-05-24 05:36:17
2022-05-24 13:29:22,2022-05-24 13:29:26,Free_Living,annotator,Experimental situation,2022-05-24 05:36:17,2022-05-24 05:36:21
2022-05-24 13:29:26,2022-05-24 13:29:53,Free_Living,annotator,Experimental situation,2022-05-24 05:36:21,2022-05-24 05:36:48
2022-05-24 13:29:53,2022-05-24 13:30:07,Free_Living,annotator,Experimental situation,2022-05-24 05:36:48,2022-05-24 05:37:02
2022-05-24 13:30:07,2022-05-24 13:30:45,Free_Living,annotator,Experimental situation,2022-05-24 05:37:02,2022-05-24 05:37:40
2022-05-24 13:30:45,2022-05-24 13:31:51,Free_Living,annotator,Experimental situation,2022-05-24 05:37:40,2022-05-24 05:38:46
2022-05-24 13:31:51,2022-05-24 13:32:30,Free_Living,annotator,Experimental situation,2022-05-24 05:38:46,2022-05-24 05:39:25
2022-05-24 13:32:30,2022-05-24 13:33:11,Free_Living,annotator,Experimental situation,2022-05-24 05:39:25,2022-05-24 05:40:06
2022-05-24 13:33:11,2022-05-24 13:35:03,Free_Living,annotator,Experimental situation,2022-05-24 05:40:06,2022-05-24 05:41:58
2022-05-24 13:35:03,2022-05-24 13:35:31,Free_Living,annotator,Experimental situation,2022-05-24 05:41:58,2022-05-24 05:42:26
2022-05-24 13:35:31,2022-05-24 13:35:59,Free_Living,annotator,Experimental situation,2022-05-24 05:42:26,2022-05-24 05:42:54
2022-05-24 13:35:59,2022-05-24 13:36:46,Free_Living,annotator,Experimental situation,2022-05-24 05:42:54,2022-05-24 05:43:41
2022-05-24 13:36:46,2022-05-24 13:37:14,Free_Living,annotator,Experimental situation,2022-05-24 05:43:41,2022-05-24 05:44:09
2022-05-24 13:37:14,2022-05-24 13:38:32,Free_Living,annotator,Experimental situation,2022-05-24 05:44:09,2022-05-24 05:45:27
2022-05-24 13:38:32,2022-05-24 13:39:04,Free_Living,annotator,Experimental situation,2022-05-24 05:45:27,2022-05-24 05:45:59
2022-05-24 13:39:04,2022-05-24 13:41:10,Free_Living,annotator,Experimental situation,2022-05-24 05:45:59,2022-05-24 05:48:05
2022-05-24 13:41:10,2022-05-24 13:41:42,Free_Living,annotator,Experimental situation,2022-05-24 05:48:05,2022-05-24 05:48:37
2022-05-24 13:41:42,2022-05-24 13:45:07,Free_Living,annotator,Experimental situation,2022-05-24 05:48:37,2022-05-24 05:52:02
2022-05-24 13:45:07,2022-05-24 13:45:45,Free_Living,annotator,Experimental situation,2022-05-24 05:52:02,2022-05-24 05:52:40
2022-05-24 13:45:45,2022-05-24 13:45:51,Free_Living,annotator,Experimental situation,2022-05-24 05:52:40,2022-05-24 05:52:46
2022-05-24 13:45:51,2022-05-24 13:46:08,Free_Living,annotator,Experimental situation,2022-05-24 05:52:46,2022-05-24 05:53:03
2022-05-24 13:46:08,2022-05-24 13:46:24,Free_Living,annotator,Experimental situation,2022-05-24 05:53:03,2022-05-24 05:53:19
2022-05-24 13:46:24,2022-05-24 13:46:38,Free_Living,annotator,Experimental situation,2022-05-24 05:53:19,2022-05-24 05:53:33
2022-05-24 13:46:38,2022-05-24 13:46:48,Free_Living,annotator,Experimental situation,2022-05-24 05:53:33,2022-05-24 05:53:43
2022-05-24 13:46:48,2022-05-24 13:46:52,Free_Living,annotator,Experimental situation,2022-05-24 05:53:43,2022-05-24 05:53:47
2022-05-24 13:46:52,2022-05-24 13:48:02,Free_Living,annotator,Experimental situation,2022-05-24 05:53:47,2022-05-24 05:54:57
2022-05-24 13:48:02,2022-05-24 13:48:16,Free_Living,annotator,Experimental situation,2022-05-24 05:54:57,2022-05-24 05:55:11
2022-05-24 13:48:16,2022-05-24 13:49:50,Free_Living,annotator,Experimental situation,2022-05-24 05:55:11,2022-05-24 05:56:45
2022-05-24 13:49:50,2022-05-24 13:49:57,Free_Living,annotator,Experimental situation,2022-05-24 05:56:45,2022-05-24 05:56:52
2022-05-24 13:49:57,2022-05-24 13:50:24,Free_Living,annotator,Experimental situation,2022-05-24 05:56:52,2022-05-24 05:57:19
2022-05-24 13:50:24,2022-05-24 13:52:18,Free_Living,annotator,Experimental situation,2022-05-24 05:57:19,2022-05-24 05:59:13
2022-05-24 13:52:18,2022-05-24 13:52:31,Free_Living,annotator,Experimental situation,2022-05-24 05:59:13,2022-05-24 05:59:26
2022-05-24 13:52:31,2022-05-24 13:52:43,Free_Living,annotator,Experimental situation,2022-05-24 05:59:26,2022-05-24 05:59:38
2022-05-24 13:52:43,2022-05-24 13:55:57,Free_Living,annotator,Experimental situation,2022-05-24 05:59:38,2022-05-24 06:02:52
2022-05-24 13:55:57,2022-05-24 13:58:58,Free_Living,annotator,Experimental situation,2022-05-24 06:02:52,2022-05-24 06:05:53
2022-05-24 13:58:58,2022-05-24 13:59:12,Free_Living,annotator,Experimental situation,2022-05-24 06:05:53,2022-05-24 06:06:07
2022-05-24 13:59:12,2022-05-24 14:00:02,Free_Living,annotator,Experimental situation,2022-05-24 06:06:07,2022-05-24 06:06:57
2022-05-24 14:00:02,2022-05-24 14:00:36,Free_Living,annotator,Experimental situation,2022-05-24 06:06:57,2022-05-24 06:07:31
2022-05-24 14:00:36,2022-05-24 14:00:56,Free_Living,annotator,Experimental situation,2022-05-24 06:07:31,2022-05-24 06:07:51
2022-05-24 14:00:56,2022-05-24 14:01:41,Free_Living,annotator,Experimental situation,2022-05-24 06:07:51,2022-05-24 06:08:36
2022-05-24 14:01:41,2022-05-24 14:02:32,Free_Living,annotator,Experimental situation,2022-05-24 06:08:36,2022-05-24 06:09:27
2022-05-24 14:02:32,2022-05-24 14:03:04,Free_Living,annotator,Experimental situation,2022-05-24 06:09:27,2022-05-24 06:09:59
2022-05-24 14:03:04,2022-05-24 14:03:20,Free_Living,annotator,Experimental situation,2022-05-24 06:09:59,2022-05-24 06:10:15
2022-05-24 14:03:20,2022-05-24 14:03:28,Free_Living,annotator,Experimental situation,2022-05-24 06:10:15,2022-05-24 06:10:23
2022-05-24 14:03:28,2022-05-24 14:03:45,Free_Living,annotator,Experimental situation,2022-05-24 06:10:23,2022-05-24 06:10:40
2022-05-24 14:03:45,2022-05-24 14:04:36,Free_Living,annotator,Experimental situation,2022-05-24 06:10:40,2022-05-24 06:11:31
2022-05-24 14:04:40,2022-05-24 14:05:10,Free_Living,annotator,Experimental situation,2022-05-24 06:11:35,2022-05-24 06:12:05
2022-05-24 14:05:10,2022-05-24 14:05:45,Free_Living,annotator,Experimental situation,2022-05-24 06:12:05,2022-05-24 06:12:40
2022-05-24 14:05:45,2022-05-24 14:05:48,Free_Living,annotator,Experimental situation,2022-05-24 06:12:40,2022-05-24 06:12:43
2022-05-24 14:05:48,2022-05-24 14:06:51,Free_Living,annotator,Experimental situation,2022-05-24 06:12:43,2022-05-24 06:13:46
2022-05-24 14:06:51,2022-05-24 14:07:23,Free_Living,annotator,Experimental situation,2022-05-24 06:13:46,2022-05-24 06:14:18
2022-05-24 14:07:23,2022-05-24 14:07:47,Free_Living,annotator,Experimental situation,2022-05-24 06:14:18,2022-05-24 06:14:42
2022-05-24 14:07:47,2022-05-24 14:07:58,Free_Living,annotator,Experimental situation,2022-05-24 06:14:42,2022-05-24 06:14:53
2022-05-24 14:07:58,2022-05-24 14:08:00,Free_Living,annotator,Experimental situation,2022-05-24 06:14:53,2022-05-24 06:14:55
2022-05-24 14:08:00,2022-05-24 14:08:32,Free_Living,annotator,Experimental situation,2022-05-24 06:14:55,2022-05-24 06:15:27
2022-05-24 14:08:32,2022-05-24 14:08:53,Free_Living,annotator,Experimental situation,2022-05-24 06:15:27,2022-05-24 06:15:48
2022-05-24 14:08:53,2022-05-24 14:09:31,Free_Living,annotator,Experimental situation,2022-05-24 06:15:48,2022-05-24 06:16:26
2022-05-24 14:09:31,2022-05-24 14:09:51,Free_Living,annotator,Experimental situation,2022-05-24 06:16:26,2022-05-24 06:16:46
2022-05-24 14:09:51,2022-05-24 14:10:16,Free_Living,annotator,Experimental situation,2022-05-24 06:16:46,2022-05-24 06:17:11
2022-05-24 14:10:16,2022-05-24 14:10:25,Free_Living,annotator,Experimental situation,2022-05-24 06:17:11,2022-05-24 06:17:20
2022-05-24 14:10:25,2022-05-24 14:10:37,Free_Living,annotator,Experimental situation,2022-05-24 06:17:20,2022-05-24 06:17:32
2022-05-24 14:10:37,2022-05-24 14:10:41,Free_Living,annotator,Experimental situation,2022-05-24 06:17:32,2022-05-24 06:17:36
2022-05-24 14:10:41,2022-05-24 14:10:57,Free_Living,annotator,Experimental situation,2022-05-24 06:17:36,2022-05-24 06:17:52
2022-05-24 14:10:57,2022-05-24 14:11:30,Free_Living,annotator,Experimental situation,2022-05-24 06:17:52,2022-05-24 06:18:25
2022-05-24 14:11:30,2022-05-24 14:12:15,Free_Living,annotator,Experimental situation,2022-05-24 06:18:25,2022-05-24 06:19:10
2022-05-24 14:12:15,2022-05-24 14:12:34,Free_Living,annotator,Experimental situation,2022-05-24 06:19:10,2022-05-24 06:19:29
2022-05-24 14:12:34,2022-05-24 14:14:19,Free_Living,annotator,Experimental situation,2022-05-24 06:19:29,2022-05-24 06:21:14
2022-05-24 14:14:19,2022-05-24 14:14:30,Free_Living,annotator,Experimental situation,2022-05-24 06:21:14,2022-05-24 06:21:25
2022-05-24 14:14:30,2022-05-24 14:20:18,Free_Living,annotator,Experimental situation,2022-05-24 06:21:25,2022-05-24 06:27:13
2022-05-24 14:20:18,2022-05-24 14:20:39,Free_Living,annotator,Experimental situation,2022-05-24 06:27:13,2022-05-24 06:27:34
2022-05-24 14:20:39,2022-05-24 14:20:55,Free_Living,annotator,Experimental situation,2022-05-24 06:27:34,2022-05-24 06:27:50
2022-05-24 14:20:55,2022-05-24 14:21:33,Free_Living,annotator,Experimental situation,2022-05-24 06:27:50,2022-05-24 06:28:28
2022-05-24 14:21:33,2022-05-24 14:21:50,Free_Living,annotator,Experimental situation,2022-05-24 06:28:28,2022-05-24 06:28:45
2022-05-24 14:21:50,2022-05-24 14:22:15,Free_Living,annotator,Experimental situation,2022-05-24 06:28:45,2022-05-24 06:29:10
2022-05-24 14:22:15,2022-05-24 14:22:18,Free_Living,annotator,Experimental situation,2022-05-24 06:29:10,2022-05-24 06:29:13
2022-05-24 14:22:18,2022-05-24 14:23:15,Free_Living,annotator,Experimental situation,2022-05-24 06:29:13,2022-05-24 06:30:10
2022-05-24 14:23:15,2022-05-24 14:23:57,Free_Living,annotator,Experimental situation,2022-05-24 06:30:10,2022-05-24 06:30:52
2022-05-24 14:23:57,2022-05-24 14:24:01,Free_Living,annotator,Experimental situation,2022-05-24 06:30:52,2022-05-24 06:30:56
2022-05-24 14:24:01,2022-05-24 14:24:27,Free_Living,annotator,Experimental situation,2022-05-24 06:30:56,2022-05-24 06:31:22
2022-05-24 14:24:27,2022-05-24 14:24:36,Free_Living,annotator,Experimental situation,2022-05-24 06:31:22,2022-05-24 06:31:31
2022-05-24 14:24:36,2022-05-24 14:24:46,Free_Living,annotator,Experimental situation,2022-05-24 06:31:31,2022-05-24 06:31:41
2022-05-24 14:24:46,2022-05-24 14:25:04,Free_Living,annotator,Experimental situation,2022-05-24 06:31:41,2022-05-24 06:31:59
2022-05-24 14:25:04,2022-05-24 14:25:09,Free_Living,annotator,Experimental situation,2022-05-24 06:31:59,2022-05-24 06:32:04
2022-05-24 14:25:09,2022-05-24 14:25:16,Free_Living,annotator,Experimental situation,2022-05-24 06:32:04,2022-05-24 06:32:11
2022-05-24 14:25:16,2022-05-24 14:25:20,Free_Living,annotator,Experimental situation,2022-05-24 06:32:11,2022-05-24 06:32:15
2022-05-24 14:25:20,2022-05-24 14:26:47,Free_Living,annotator,Experimental situation,2022-05-24 06:32:15,2022-05-24 06:33:42
2022-05-24 14:26:47,2022-05-24 14:27:11,Free_Living,annotator,Experimental situation,2022-05-24 06:33:42,2022-05-24 06:34:06
2022-05-24 14:27:11,2022-05-24 14:27:23,Free_Living,annotator,Experimental situation,2022-05-24 06:34:06,2022-05-24 06:34:18
2022-05-24 14:27:23,2022-05-24 14:27:34,Free_Living,annotator,Experimental situation,2022-05-24 06:34:18,2022-05-24 06:34:29
2022-05-24 14:27:34,2022-05-24 14:27:53,Free_Living,annotator,Experimental situation,2022-05-24 06:34:29,2022-05-24 06:34:48
2022-05-24 14:27:53,2022-05-24 14:28:04,Free_Living,annotator,Experimental situation,2022-05-24 06:34:48,2022-05-24 06:34:59
2022-05-24 14:28:04,2022-05-24 14:28:08,Free_Living,annotator,Experimental situation,2022-05-24 06:34:59,2022-05-24 06:35:03
2022-05-24 14:28:08,2022-05-24 14:28:30,Free_Living,annotator,Experimental situation,2022-05-24 06:35:03,2022-05-24 06:35:25
2022-05-24 14:28:30,2022-05-24 14:28:57,Free_Living,annotator,Experimental situation,2022-05-24 06:35:25,2022-05-24 06:35:52
2022-05-24 14:28:57,2022-05-24 14:29:23,Free_Living,annotator,Experimental situation,2022-05-24 06:35:52,2022-05-24 06:36:18
2022-05-24 14:29:23,2022-05-24 14:29:37,Free_Living,annotator,Experimental situation,2022-05-24 06:36:18,2022-05-24 06:36:32
2022-05-24 14:29:37,2022-05-24 14:29:43,Free_Living,annotator,Experimental situation,2022-05-24 06:36:32,2022-05-24 06:36:38
2022-05-24 14:29:43,2022-05-24 14:30:35,Free_Living,annotator,Experimental situation,2022-05-24 06:36:38,2022-05-24 06:37:30
2022-05-24 14:30:35,2022-05-24 14:33:16,Free_Living,annotator,Experimental situation,2022-05-24 06:37:30,2022-05-24 06:40:11
2022-05-24 14:33:16,2022-05-24 14:33:19,Free_Living,annotator,Experimental situation,2022-05-24 06:40:11,2022-05-24 06:40:14
2022-05-24 14:33:19,2022-05-24 14:34:18,Free_Living,annotator,Experimental situation,2022-05-24 06:40:14,2022-05-24 06:41:13
2022-05-24 14:34:18,2022-05-24 14:36:50,Free_Living,annotator,Experimental situation,2022-05-24 06:41:13,2022-05-24 06:43:45
2022-05-24 14:36:50,2022-05-24 14:36:55,Free_Living,annotator,Experimental situation,2022-05-24 06:43:45,2022-05-24 06:43:50
2022-05-24 14:36:55,2022-05-24 14:37:05,Free_Living,annotator,Experimental situation,2022-05-24 06:43:50,2022-05-24 06:44:00
2022-05-24 14:37:05,2022-05-24 14:37:10,Free_Living,annotator,Experimental situation,2022-05-24 06:44:00,2022-05-24 06:44:05
2022-05-24 14:37:10,2022-05-24 14:37:15,Free_Living,annotator,Experimental situation,2022-05-24 06:44:05,2022-05-24 06:44:10
2022-05-24 14:37:15,2022-05-24 14:37:26,Free_Living,annotator,Experimental situation,2022-05-24 06:44:10,2022-05-24 06:44:21
2022-05-24 14:37:26,2022-05-24 14:37:26,Free_Living,annotator,Experimental situation,2022-05-24 06:44:21,2022-05-24 06:44:21
2022-05-24 14:37:26,2022-05-24 14:37:33,Free_Living,annotator,Experimental situation,2022-05-24 06:44:21,2022-05-24 06:44:28
2022-05-24 14:37:33,2022-05-24 14:37:40,Free_Living,annotator,Experimental situation,2022-05-24 06:44:28,2022-05-24 06:44:35
2022-05-24 14:37:40,2022-05-24 14:38:03,Free_Living,annotator,Experimental situation,2022-05-24 06:44:35,2022-05-24 06:44:58
2022-05-24 14:38:03,2022-05-24 14:39:21,Free_Living,annotator,Experimental situation,2022-05-24 06:44:58,2022-05-24 06:46:16
2022-05-24 14:39:21,2022-05-24 14:39:58,Free_Living,annotator,Experimental situation,2022-05-24 06:46:16,2022-05-24 06:46:53
2022-05-24 14:39:58,2022-05-24 14:40:55,Free_Living,annotator,Experimental situation,2022-05-24 06:46:53,2022-05-24 06:47:50
2022-05-24 14:40:55,2022-05-24 14:42:49,Free_Living,annotator,Experimental situation,2022-05-24 06:47:50,2022-05-24 06:49:44
2022-05-24 14:42:49,2022-05-24 14:43:37,Free_Living,annotator,Experimental situation,2022-05-24 06:49:44,2022-05-24 06:50:32
2022-05-24 14:43:37,2022-05-24 14:44:41,Free_Living,annotator,Experimental situation,2022-05-24 06:50:32,2022-05-24 06:51:36
2022-05-24 14:44:41,2022-05-24 14:44:43,Free_Living,annotator,Experimental situation,2022-05-24 06:51:36,2022-05-24 06:51:38
2022-05-24 14:44:43,2022-05-24 14:45:53,Free_Living,annotator,Experimental situation,2022-05-24 06:51:38,2022-05-24 06:52:48
2022-05-24 14:45:53,2022-05-24 14:46:07,Free_Living,annotator,Experimental situation,2022-05-24 06:52:48,2022-05-24 06:53:02
2022-05-24 14:46:07,2022-05-24 14:46:20,Free_Living,annotator,Experimental situation,2022-05-24 06:53:02,2022-05-24 06:53:15
2022-05-24 14:46:20,2022-05-24 14:46:30,Free_Living,annotator,Experimental situation,2022-05-24 06:53:15,2022-05-24 06:53:25
2022-05-24 14:46:30,2022-05-24 14:47:06,Free_Living,annotator,Experimental situation,2022-05-24 06:53:25,2022-05-24 06:54:01
2022-05-24 14:47:06,2022-05-24 14:47:20,Free_Living,annotator,Experimental situation,2022-05-24 06:54:01,2022-05-24 06:54:15
2022-05-24 14:47:20,2022-05-24 14:47:51,Free_Living,annotator,Experimental situation,2022-05-24 06:54:15,2022-05-24 06:54:46
2022-05-24 14:47:51,2022-05-24 14:47:57,Free_Living,annotator,Experimental situation,2022-05-24 06:54:46,2022-05-24 06:54:52
2022-05-24 14:47:57,2022-05-24 14:48:28,Free_Living,annotator,Experimental situation,2022-05-24 06:54:52,2022-05-24 06:55:23
2022-05-24 14:48:28,2022-05-24 14:48:47,Free_Living,annotator,Experimental situation,2022-05-24 06:55:23,2022-05-24 06:55:42
2022-05-24 14:48:49,2022-05-24 14:49:13,Free_Living,annotator,Experimental situation,2022-05-24 06:55:44,2022-05-24 06:56:08
2022-05-24 14:49:13,2022-05-24 14:50:08,Free_Living,annotator,Experimental situation,2022-05-24 06:56:08,2022-05-24 06:57:03
2022-05-24 14:50:10,2022-05-24 14:50:27,Free_Living,annotator,Experimental situation,2022-05-24 06:57:05,2022-05-24 06:57:22
2022-05-24 14:50:24,2022-05-24 14:50:24,Free_Living,annotator,Experimental situation,2022-05-24 06:57:19,2022-05-24 06:57:19
2022-05-24 14:50:29,2022-05-24 14:50:35,Free_Living,annotator,Experimental situation,2022-05-24 06:57:24,2022-05-24 06:57:30
2022-05-24 14:50:35,2022-05-24 14:50:48,Free_Living,annotator,Experimental situation,2022-05-24 06:57:30,2022-05-24 06:57:43
2022-05-24 14:50:35,2022-05-24 14:50:35,Free_Living,annotator,Experimental situation,2022-05-24 06:57:30,2022-05-24 06:57:30
2022-05-24 14:50:48,2022-05-24 14:51:30,Free_Living,annotator,Experimental situation,2022-05-24 06:57:43,2022-05-24 06:58:25
2022-05-24 14:51:30,2022-05-24 14:51:38,Free_Living,annotator,Experimental situation,2022-05-24 06:58:25,2022-05-24 06:58:33
2022-05-24 14:51:38,2022-05-24 14:51:41,Free_Living,annotator,Experimental situation,2022-05-24 06:58:33,2022-05-24 06:58:36
2022-05-24 14:51:41,2022-05-24 14:53:45,Free_Living,annotator,Experimental situation,2022-05-24 06:58:36,2022-05-24 07:00:40
2022-05-24 14:53:45,2022-05-24 14:54:55,Free_Living,annotator,Experimental situation,2022-05-24 07:00:40,2022-05-24 07:01:50
2022-05-24 14:53:45,2022-05-24 14:53:45,Free_Living,annotator,Experimental situation,2022-05-24 07:00:40,2022-05-24 07:00:40
2022-05-24 14:54:55,2022-05-24 14:54:55,Free_Living,annotator,Experimental situation,2022-05-24 07:01:50,2022-05-24 07:01:50
2022-05-24 14:54:55,2022-05-24 14:55:00,Free_Living,annotator,Experimental situation,2022-05-24 07:01:50,2022-05-24 07:01:55
2022-05-24 14:55:00,2022-05-24 14:55:14,Free_Living,annotator,Experimental situation,2022-05-24 07:01:55,2022-05-24 07:02:09
2022-05-24 14:55:14,2022-05-24 14:55:21,Free_Living,annotator,Experimental situation,2022-05-24 07:02:09,2022-05-24 07:02:16
2022-05-24 14:55:21,2022-05-24 14:55:55,Free_Living,annotator,Experimental situation,2022-05-24 07:02:16,2022-05-24 07:02:50
2022-05-24 14:55:55,2022-05-24 14:56:13,Free_Living,annotator,Experimental situation,2022-05-24 07:02:50,2022-05-24 07:03:08
2022-05-24 14:56:13,2022-05-24 14:56:40,Free_Living,annotator,Experimental situation,2022-05-24 07:03:08,2022-05-24 07:03:35
2022-05-24 14:56:40,2022-05-24 14:56:44,Free_Living,annotator,Experimental situation,2022-05-24 07:03:35,2022-05-24 07:03:39
2022-05-24 14:56:47,2022-05-24 14:56:53,Free_Living,annotator,Experimental situation,2022-05-24 07:03:42,2022-05-24 07:03:48
2022-05-24 14:56:53,2022-05-24 14:57:01,Free_Living,annotator,Experimental situation,2022-05-24 07:03:48,2022-05-24 07:03:56
2022-05-24 14:57:03,2022-05-24 14:57:12,Free_Living,annotator,Experimental situation,2022-05-24 07:03:58,2022-05-24 07:04:07
2022-05-24 14:57:11,2022-05-24 14:57:15,Free_Living,annotator,Experimental situation,2022-05-24 07:04:06,2022-05-24 07:04:10
2022-05-24 14:57:16,2022-05-24 14:57:35,Free_Living,annotator,Experimental situation,2022-05-24 07:04:11,2022-05-24 07:04:30
2022-05-24 14:57:39,2022-05-24 14:58:08,Free_Living,annotator,Experimental situation,2022-05-24 07:04:34,2022-05-24 07:05:03
2022-05-24 14:58:08,2022-05-24 14:58:16,Free_Living,annotator,Experimental situation,2022-05-24 07:05:03,2022-05-24 07:05:11
2022-05-24 14:58:16,2022-05-24 14:58:36,Free_Living,annotator,Experimental situation,2022-05-24 07:05:11,2022-05-24 07:05:31
2022-05-24 14:58:36,2022-05-24 14:58:36,Free_Living,annotator,Experimental situation,2022-05-24 07:05:31,2022-05-24 07:05:31
2022-05-24 14:58:36,2022-05-24 14:58:44,Free_Living,annotator,Experimental situation,2022-05-24 07:05:31,2022-05-24 07:05:39
2022-05-24 14:58:44,2022-05-24 14:58:44,Free_Living,annotator,Experimental situation,2022-05-24 07:05:39,2022-05-24 07:05:39
2022-05-24 14:58:44,2022-05-24 15:00:15,Free_Living,annotator,Experimental situation,2022-05-24 07:05:39,2022-05-24 07:07:10
2022-05-24 15:00:15,2022-05-24 15:00:26,Free_Living,annotator,Experimental situation,2022-05-24 07:07:10,2022-05-24 07:07:21
2022-05-24 15:00:26,2022-05-24 15:01:24,Free_Living,annotator,Experimental situation,2022-05-24 07:07:21,2022-05-24 07:08:19
2022-05-24 15:01:24,2022-05-24 15:01:51,Free_Living,annotator,Experimental situation,2022-05-24 07:08:19,2022-05-24 07:08:46
2022-05-24 15:01:51,2022-05-24 15:02:04,Free_Living,annotator,Experimental situation,2022-05-24 07:08:46,2022-05-24 07:08:59
2022-05-24 15:02:04,2022-05-24 15:03:34,Free_Living,annotator,Experimental situation,2022-05-24 07:08:59,2022-05-24 07:10:29
2022-05-24 15:03:34,2022-05-24 15:03:42,Free_Living,annotator,Experimental situation,2022-05-24 07:10:29,2022-05-24 07:10:37
