START_TIME,STOP_TIME,PREDICTION,SOURCE,LABELSET,VIDEO_START_TIME,VIDEO_END_TIME
2022-02-03 12:01:37,2022-02-03 12:01:54,Located_Indoors,annotator,Behavioral Parameters,2022-02-03 00:00:05,2022-02-03 00:00:22
2022-02-03 12:01:54,2022-02-03 12:02:13,Located_Indoors, Legs_Crossed,annotator,Behavioral Parameters,2022-02-03 00:00:22,2022-02-03 00:00:41
2022-02-03 12:02:13,2022-02-03 12:03:52,Located_Indoors, Texting/Browsing_Phone,annotator,Behavioral Parameters,2022-02-03 00:00:41,2022-02-03 00:02:20
2022-02-03 12:03:52,2022-02-03 12:04:04,Located_Indoors, Texting/Browsing_Phone,annotator,Behavioral Parameters,2022-02-03 00:02:20,2022-02-03 00:02:32
2022-02-03 12:04:04,2022-02-03 12:04:55,Located_Indoors, Texting/Browsing_Phone,annotator,Behavioral Parameters,2022-02-03 00:02:32,2022-02-03 00:03:23
2022-02-03 12:04:55,2022-02-03 12:05:11,Located_Indoors, Texting/Browsing_Phone,annotator,Behavioral Parameters,2022-02-03 00:03:23,2022-02-03 00:03:39
2022-02-03 12:05:11,2022-02-03 12:07:15,Located_Indoors, Texting/Browsing_Phone,annotator,Behavioral Parameters,2022-02-03 00:03:39,2022-02-03 00:05:43
2022-02-03 12:07:15,2022-02-03 12:07:33,Located_Indoors,annotator,Behavioral Parameters,2022-02-03 00:05:43,2022-02-03 00:06:01
2022-02-03 12:07:34,2022-02-03 12:11:07,Located_Indoors,annotator,Behavioral Parameters,2022-02-03 00:06:02,2022-02-03 00:09:35
2022-02-03 12:11:09,2022-02-03 12:12:30,Located_Indoors,annotator,Behavioral Parameters,2022-02-03 00:09:37,2022-02-03 00:10:58
2022-02-03 12:12:30,2022-02-03 12:13:07,Located_Indoors, Texting/Browsing_Phone,annotator,Behavioral Parameters,2022-02-03 00:10:58,2022-02-03 00:11:35
2022-02-03 12:13:20,2022-02-03 12:14:03,Located_Indoors, In_Conversation, On_Phone_Call,annotator,Behavioral Parameters,2022-02-03 00:11:48,2022-02-03 00:12:31
2022-02-03 12:14:04,2022-02-03 12:14:25,Located_Indoors, In_Conversation, On_Phone_Call,annotator,Behavioral Parameters,2022-02-03 00:12:32,2022-02-03 00:12:53
2022-02-03 12:14:25,2022-02-03 12:19:47,Located_Indoors, Texting/Browsing_Phone,annotator,Behavioral Parameters,2022-02-03 00:12:53,2022-02-03 00:18:15
2022-02-03 12:19:54,2022-02-03 12:28:38,Located_Indoors, Texting/Browsing_Phone,annotator,Behavioral Parameters,2022-02-03 00:18:22,2022-02-03 00:27:06
2022-02-03 12:28:38,2022-02-03 12:28:52,Located_Indoors,annotator,Behavioral Parameters,2022-02-03 00:27:06,2022-02-03 00:27:20
2022-02-03 12:28:53,2022-02-03 12:29:01,Located_Indoors, Texting/Browsing_Phone,annotator,Behavioral Parameters,2022-02-03 00:27:21,2022-02-03 00:27:29
2022-02-03 12:29:01,2022-02-03 12:29:25,Located_Indoors,annotator,Behavioral Parameters,2022-02-03 00:27:29,2022-02-03 00:27:53
2022-02-03 12:29:27,2022-02-03 12:29:59,Located_Indoors,annotator,Behavioral Parameters,2022-02-03 00:27:55,2022-02-03 00:28:27
2022-02-03 12:30:00,2022-02-03 12:30:28,Located_Indoors,annotator,Behavioral Parameters,2022-02-03 00:28:28,2022-02-03 00:28:56
2022-02-03 12:30:28,2022-02-03 12:31:06,Located_Indoors,annotator,Behavioral Parameters,2022-02-03 00:28:56,2022-02-03 00:29:34
2022-02-03 12:31:07,2022-02-03 12:32:59,Located_Indoors,annotator,Behavioral Parameters,2022-02-03 00:29:35,2022-02-03 00:31:27
2022-02-03 12:32:59,2022-02-03 12:33:27,Located_Indoors,annotator,Behavioral Parameters,2022-02-03 00:31:27,2022-02-03 00:31:55
2022-02-03 12:33:27,2022-02-03 12:33:47,Located_Indoors,annotator,Behavioral Parameters,2022-02-03 00:31:55,2022-02-03 00:32:15
2022-02-03 12:33:49,2022-02-03 12:34:23,Located_Indoors,annotator,Behavioral Parameters,2022-02-03 00:32:17,2022-02-03 00:32:51
2022-02-03 12:34:23,2022-02-03 12:34:41,Located_Indoors, Texting/Browsing_Phone,annotator,Behavioral Parameters,2022-02-03 00:32:51,2022-02-03 00:33:09
2022-02-03 12:34:41,2022-02-03 12:35:51,Located_Indoors,annotator,Behavioral Parameters,2022-02-03 00:33:09,2022-02-03 00:34:19
2022-02-03 12:35:51,2022-02-03 12:36:09,Located_Indoors,annotator,Behavioral Parameters,2022-02-03 00:34:19,2022-02-03 00:34:37
2022-02-03 12:36:09,2022-02-03 12:36:37,Located_Indoors,annotator,Behavioral Parameters,2022-02-03 00:34:37,2022-02-03 00:35:05
2022-02-03 12:36:39,2022-02-03 12:36:55,Located_Indoors, Texting/Browsing_Phone,annotator,Behavioral Parameters,2022-02-03 00:35:07,2022-02-03 00:35:23
2022-02-03 12:36:58,2022-02-03 12:38:19,Located_Indoors, Texting/Browsing_Phone,annotator,Behavioral Parameters,2022-02-03 00:35:26,2022-02-03 00:36:47
2022-02-03 12:38:20,2022-02-03 12:39:05,Located_Indoors, Holding_Solid_Food,annotator,Behavioral Parameters,2022-02-03 00:36:48,2022-02-03 00:37:33
2022-02-03 12:39:09,2022-02-03 12:39:24,Located_Indoors, Texting/Browsing_Phone, Holding_Drink,annotator,Behavioral Parameters,2022-02-03 00:37:37,2022-02-03 00:37:52
2022-02-03 12:39:30,2022-02-03 12:42:26,Located_Indoors,annotator,Behavioral Parameters,2022-02-03 00:37:58,2022-02-03 00:40:54
2022-02-03 12:42:30,2022-02-03 12:44:49,Located_Indoors, Texting/Browsing_Phone, Holding_Solid_Food,annotator,Behavioral Parameters,2022-02-03 00:40:58,2022-02-03 00:43:17
2022-02-03 12:44:51,2022-02-03 12:45:11,Located_Indoors, Holding_Solid_Food,annotator,Behavioral Parameters,2022-02-03 00:43:19,2022-02-03 00:43:39
2022-02-03 12:45:13,2022-02-03 12:45:23,Located_Indoors,annotator,Behavioral Parameters,2022-02-03 00:43:41,2022-02-03 00:43:51
2022-02-03 12:45:24,2022-02-03 12:45:31,Located_Indoors, Holding_Drink,annotator,Behavioral Parameters,2022-02-03 00:43:52,2022-02-03 00:43:59
2022-02-03 12:45:32,2022-02-03 12:46:29,Located_Indoors, Holding_Solid_Food,annotator,Behavioral Parameters,2022-02-03 00:44:00,2022-02-03 00:44:57
2022-02-03 12:46:30,2022-02-03 12:47:27,Located_Indoors, Texting/Browsing_Phone,annotator,Behavioral Parameters,2022-02-03 00:44:58,2022-02-03 00:45:55
2022-02-03 12:47:37,2022-02-03 12:48:16,Located_Indoors,annotator,Behavioral Parameters,2022-02-03 00:46:05,2022-02-03 00:46:44
2022-02-03 12:48:17,2022-02-03 12:50:46,Located_Indoors, Texting/Browsing_Phone,annotator,Behavioral Parameters,2022-02-03 00:46:45,2022-02-03 00:49:14
2022-02-03 12:51:00,2022-02-03 12:51:55,Located_Indoors,annotator,Behavioral Parameters,2022-02-03 00:49:28,2022-02-03 00:50:23
2022-02-03 12:51:56,2022-02-03 12:57:05,Located_Indoors, Texting/Browsing_Phone,annotator,Behavioral Parameters,2022-02-03 00:50:24,2022-02-03 00:55:33
2022-02-03 12:57:24,2022-02-03 13:03:45,Located_Indoors,annotator,Behavioral Parameters,2022-02-03 00:55:52,2022-02-03 01:02:13
2022-02-03 13:03:50,2022-02-03 13:03:58,Located_Indoors,annotator,Behavioral Parameters,2022-02-03 01:02:18,2022-02-03 01:02:26
2022-02-03 13:04:03,2022-02-03 13:04:05,Located_Indoors,annotator,Behavioral Parameters,2022-02-03 01:02:31,2022-02-03 01:02:33
2022-02-03 13:04:06,2022-02-03 13:04:18,Located_Indoors, Texting/Browsing_Phone,annotator,Behavioral Parameters,2022-02-03 01:02:34,2022-02-03 01:02:46
2022-02-03 13:04:20,2022-02-03 13:04:28,Located_Indoors, Texting/Browsing_Phone,annotator,Behavioral Parameters,2022-02-03 01:02:48,2022-02-03 01:02:56
2022-02-03 13:04:33,2022-02-03 13:05:18,Located_Outdoors,annotator,Behavioral Parameters,2022-02-03 01:03:01,2022-02-03 01:03:46
2022-02-03 13:06:39,2022-02-03 13:08:07,Located_Outdoors,annotator,Behavioral Parameters,2022-02-03 01:05:07,2022-02-03 01:06:35
2022-02-03 13:08:09,2022-02-03 13:08:34,Located_Outdoors, Texting/Browsing_Phone,annotator,Behavioral Parameters,2022-02-03 01:06:37,2022-02-03 01:07:02
2022-02-03 13:08:36,2022-02-03 13:10:04,Located_Outdoors,annotator,Behavioral Parameters,2022-02-03 01:07:04,2022-02-03 01:08:32
2022-02-03 13:10:07,2022-02-03 13:10:20,Located_Outdoors, Texting/Browsing_Phone,annotator,Behavioral Parameters,2022-02-03 01:08:35,2022-02-03 01:08:48
2022-02-03 13:10:23,2022-02-03 13:10:41,Located_Outdoors, Texting/Browsing_Phone,annotator,Behavioral Parameters,2022-02-03 01:08:51,2022-02-03 01:09:09
2022-02-03 13:10:43,2022-02-03 13:11:31,Located_Outdoors,annotator,Behavioral Parameters,2022-02-03 01:09:11,2022-02-03 01:09:59
2022-02-03 13:11:43,2022-02-03 13:11:54,Located_Outdoors,annotator,Behavioral Parameters,2022-02-03 01:10:11,2022-02-03 01:10:22
2022-02-03 13:11:56,2022-02-03 13:12:16,Located_Outdoors,annotator,Behavioral Parameters,2022-02-03 01:10:24,2022-02-03 01:10:44
2022-02-03 13:12:17,2022-02-03 13:13:19,Located_Outdoors, Texting/Browsing_Phone,annotator,Behavioral Parameters,2022-02-03 01:10:45,2022-02-03 01:11:47
2022-02-03 13:13:26,2022-02-03 13:13:46,Located_Outdoors,annotator,Behavioral Parameters,2022-02-03 01:11:54,2022-02-03 01:12:14
2022-02-03 13:13:47,2022-02-03 13:14:36,Located_Outdoors, Texting/Browsing_Phone,annotator,Behavioral Parameters,2022-02-03 01:12:15,2022-02-03 01:13:04
2022-02-03 13:14:39,2022-02-03 13:14:40,Located_Outdoors, Texting/Browsing_Phone,annotator,Behavioral Parameters,2022-02-03 01:13:07,2022-02-03 01:13:08
2022-02-03 13:14:43,2022-02-03 13:15:35,Located_Outdoors, Texting/Browsing_Phone,annotator,Behavioral Parameters,2022-02-03 01:13:11,2022-02-03 01:14:03
2022-02-03 13:15:40,2022-02-03 13:15:46,Texting/Browsing_Phone, Located_Indoors,annotator,Behavioral Parameters,2022-02-03 01:14:08,2022-02-03 01:14:14
2022-02-03 13:15:47,2022-02-03 13:15:55,Texting/Browsing_Phone, Located_Indoors,annotator,Behavioral Parameters,2022-02-03 01:14:15,2022-02-03 01:14:23
2022-02-03 13:15:57,2022-02-03 13:16:31,Located_Indoors,annotator,Behavioral Parameters,2022-02-03 01:14:25,2022-02-03 01:14:59
2022-02-03 13:16:47,2022-02-03 13:17:30,Located_Indoors, Texting/Browsing_Phone,annotator,Behavioral Parameters,2022-02-03 01:15:15,2022-02-03 01:15:58
2022-02-03 13:17:50,2022-02-03 13:18:35,Located_Indoors, Texting/Browsing_Phone,annotator,Behavioral Parameters,2022-02-03 01:16:18,2022-02-03 01:17:03
2022-02-03 13:18:37,2022-02-03 13:19:42,Located_Indoors,annotator,Behavioral Parameters,2022-02-03 01:17:05,2022-02-03 01:18:10
2022-02-03 13:19:43,2022-02-03 13:22:07,Located_Indoors, Browsing_Computer,annotator,Behavioral Parameters,2022-02-03 01:18:11,2022-02-03 01:20:35
2022-02-03 13:22:08,2022-02-03 13:22:48,Located_Indoors, Browsing_Computer, Texting/Browsing_Phone,annotator,Behavioral Parameters,2022-02-03 01:20:36,2022-02-03 01:21:16
2022-02-03 13:22:49,2022-02-03 13:24:31,Located_Indoors, Browsing_Computer,annotator,Behavioral Parameters,2022-02-03 01:21:17,2022-02-03 01:22:59
2022-02-03 13:24:57,2022-02-03 13:25:20,Located_Indoors, Browsing_Computer, Texting/Browsing_Phone,annotator,Behavioral Parameters,2022-02-03 01:23:25,2022-02-03 01:23:48
2022-02-03 13:25:31,2022-02-03 13:27:46,Located_Indoors, Browsing_Computer,annotator,Behavioral Parameters,2022-02-03 01:23:59,2022-02-03 01:26:14
2022-02-03 13:27:47,2022-02-03 13:27:56,Located_Indoors, Browsing_Computer, Texting/Browsing_Phone,annotator,Behavioral Parameters,2022-02-03 01:26:15,2022-02-03 01:26:24
2022-02-03 13:28:02,2022-02-03 13:32:02,Located_Indoors, Browsing_Computer,annotator,Behavioral Parameters,2022-02-03 01:26:30,2022-02-03 01:30:30
2022-02-03 13:32:14,2022-02-03 13:32:28,Located_Indoors, Browsing_Computer, Texting/Browsing_Phone,annotator,Behavioral Parameters,2022-02-03 01:30:42,2022-02-03 01:30:56
2022-02-03 13:32:29,2022-02-03 13:34:26,Located_Indoors, Browsing_Computer,annotator,Behavioral Parameters,2022-02-03 01:30:57,2022-02-03 01:32:54
2022-02-03 13:34:29,2022-02-03 13:34:54,Located_Indoors,annotator,Behavioral Parameters,2022-02-03 01:32:57,2022-02-03 01:33:22
2022-02-03 13:34:58,2022-02-03 13:59:35,Located_Indoors, Browsing_Computer,annotator,Behavioral Parameters,2022-02-03 01:33:26,2022-02-03 01:58:03
2022-02-03 13:59:49,2022-02-03 14:00:32,Located_Indoors, Texting/Browsing_Phone,annotator,Behavioral Parameters,2022-02-03 01:58:17,2022-02-03 01:59:00
2022-02-03 14:00:39,2022-02-03 14:00:58,Located_Indoors, Texting/Browsing_Phone,annotator,Behavioral Parameters,2022-02-03 01:59:07,2022-02-03 01:59:26
2022-02-03 14:00:59,2022-02-03 14:01:09,Located_Indoors, Texting/Browsing_Phone,annotator,Behavioral Parameters,2022-02-03 01:59:27,2022-02-03 01:59:37
2022-02-03 14:01:10,2022-02-03 14:01:19,Located_Indoors, Texting/Browsing_Phone,annotator,Behavioral Parameters,2022-02-03 01:59:38,2022-02-03 01:59:47
2022-02-03 14:01:22,2022-02-03 14:04:07,Located_Indoors, Texting/Browsing_Phone,annotator,Behavioral Parameters,2022-02-03 01:59:50,2022-02-03 02:02:35
2022-02-03 14:04:08,2022-02-03 14:06:49,Located_Indoors, Browsing_Computer,annotator,Behavioral Parameters,2022-02-03 02:02:36,2022-02-03 02:05:17
2022-02-03 14:06:55,2022-02-03 14:07:29,Located_Indoors,annotator,Behavioral Parameters,2022-02-03 02:05:23,2022-02-03 02:05:57
2022-02-03 14:07:36,2022-02-03 14:16:27,Located_Outdoors, Carrying_Bag_On_Shoulder/Back_Light,annotator,Behavioral Parameters,2022-02-03 02:06:04,2022-02-03 02:14:55
2022-02-03 14:16:41,2022-02-03 14:23:21,Located_Outdoors,annotator,Behavioral Parameters,2022-02-03 02:15:09,2022-02-03 02:21:49
2022-02-03 14:23:23,2022-02-03 14:23:52,Located_Outdoors,annotator,Behavioral Parameters,2022-02-03 02:21:51,2022-02-03 02:22:20
2022-02-03 14:23:53,2022-02-03 14:24:37,Located_Indoors,annotator,Behavioral Parameters,2022-02-03 02:22:21,2022-02-03 02:23:05
2022-02-03 14:24:39,2022-02-03 14:25:23,Located_Indoors, Holding_Solid_Food,annotator,Behavioral Parameters,2022-02-03 02:23:07,2022-02-03 02:23:51
2022-02-03 14:25:56,2022-02-03 14:27:46,Located_Indoors, Holding_Solid_Food,annotator,Behavioral Parameters,2022-02-03 02:24:24,2022-02-03 02:26:14
2022-02-03 14:27:56,2022-02-03 14:28:39,Located_Indoors, Texting/Browsing_Phone,annotator,Behavioral Parameters,2022-02-03 02:26:24,2022-02-03 02:27:07
2022-02-03 14:28:45,2022-02-03 14:29:20,Located_Indoors,annotator,Behavioral Parameters,2022-02-03 02:27:13,2022-02-03 02:27:48
2022-02-03 14:29:20,2022-02-03 14:29:37,Located_Indoors, Carrying_Grocery_Bags_Light,annotator,Behavioral Parameters,2022-02-03 02:27:48,2022-02-03 02:28:05
2022-02-03 14:29:45,2022-02-03 14:30:15,Carrying_Grocery_Bags_Light, Holding_Solid_Food, Located_Outdoors,annotator,Behavioral Parameters,2022-02-03 02:28:13,2022-02-03 02:28:43
2022-02-03 14:30:30,2022-02-03 14:32:04,Located_Outdoors, Texting/Browsing_Phone,annotator,Behavioral Parameters,2022-02-03 02:28:58,2022-02-03 02:30:32
2022-02-03 14:32:26,2022-02-03 14:40:07,Located_Outdoors,annotator,Behavioral Parameters,2022-02-03 02:30:54,2022-02-03 02:38:35
2022-02-03 14:40:13,2022-02-03 14:40:42,Located_Outdoors, Carrying_Bag_On_Shoulder/Back_Light, Carrying_Grocery_Bags_Light,annotator,Behavioral Parameters,2022-02-03 02:38:41,2022-02-03 02:39:10
2022-02-03 14:40:45,2022-02-03 14:40:46,Located_Outdoors, Carrying_Bag_On_Shoulder/Back_Light, Carrying_Grocery_Bags_Light,annotator,Behavioral Parameters,2022-02-03 02:39:13,2022-02-03 02:39:14
2022-02-03 14:40:53,2022-02-03 14:41:03,Carrying_Bag_On_Shoulder/Back_Light, Carrying_Grocery_Bags_Light, Located_Indoors,annotator,Behavioral Parameters,2022-02-03 02:39:21,2022-02-03 02:39:31
2022-02-03 14:41:12,2022-02-03 14:41:32,Carrying_Grocery_Bags_Light, Located_Indoors,annotator,Behavioral Parameters,2022-02-03 02:39:40,2022-02-03 02:40:00
2022-02-03 14:41:33,2022-02-03 14:41:39,Located_Indoors,annotator,Behavioral Parameters,2022-02-03 02:40:01,2022-02-03 02:40:07
2022-02-03 14:41:41,2022-02-03 14:42:11,Located_Indoors,annotator,Behavioral Parameters,2022-02-03 02:40:09,2022-02-03 02:40:39
2022-02-03 14:42:12,2022-02-03 14:42:19,Located_Indoors, Texting/Browsing_Phone,annotator,Behavioral Parameters,2022-02-03 02:40:40,2022-02-03 02:40:47
2022-02-03 14:42:28,2022-02-03 14:42:33,Located_Indoors, Texting/Browsing_Phone,annotator,Behavioral Parameters,2022-02-03 02:40:56,2022-02-03 02:41:01
2022-02-03 14:42:37,2022-02-03 14:42:51,Located_Indoors, Texting/Browsing_Phone,annotator,Behavioral Parameters,2022-02-03 02:41:05,2022-02-03 02:41:19
2022-02-03 14:42:51,2022-02-03 14:43:03,Located_Indoors, Texting/Browsing_Phone,annotator,Behavioral Parameters,2022-02-03 02:41:19,2022-02-03 02:41:31
2022-02-03 14:43:07,2022-02-03 14:43:27,Located_Indoors, Texting/Browsing_Phone,annotator,Behavioral Parameters,2022-02-03 02:41:35,2022-02-03 02:41:55
2022-02-03 14:43:38,2022-02-03 14:49:47,Located_Indoors, Texting/Browsing_Phone,annotator,Behavioral Parameters,2022-02-03 02:42:06,2022-02-03 02:48:15
2022-02-03 14:49:49,2022-02-03 14:51:10,Located_Indoors,annotator,Behavioral Parameters,2022-02-03 02:48:17,2022-02-03 02:49:38
2022-02-03 14:51:12,2022-02-03 14:51:23,Located_Indoors, Texting/Browsing_Phone,annotator,Behavioral Parameters,2022-02-03 02:49:40,2022-02-03 02:49:51
2022-02-03 14:51:24,2022-02-03 14:57:12,Located_Indoors, Texting/Browsing_Phone,annotator,Behavioral Parameters,2022-02-03 02:49:52,2022-02-03 02:55:40
2022-02-03 14:57:16,2022-02-03 14:57:46,Located_Indoors,annotator,Behavioral Parameters,2022-02-03 02:55:44,2022-02-03 02:56:14
2022-02-03 14:57:54,2022-02-03 14:59:22,Located_Indoors, Browsing_Computer,annotator,Behavioral Parameters,2022-02-03 02:56:22,2022-02-03 02:57:50
2022-02-03 14:59:23,2022-02-03 15:00:30,Located_Indoors, Texting/Browsing_Phone,annotator,Behavioral Parameters,2022-02-03 02:57:51,2022-02-03 02:58:58
2022-02-03 15:00:31,2022-02-03 15:07:25,Located_Indoors,annotator,Behavioral Parameters,2022-02-03 02:58:59,2022-02-03 03:05:53
2022-02-03 15:07:26,2022-02-03 15:15:02,Located_Indoors, Texting/Browsing_Phone,annotator,Behavioral Parameters,2022-02-03 03:05:54,2022-02-03 03:13:30
2022-02-03 15:15:10,2022-02-03 15:17:43,Located_Indoors,annotator,Behavioral Parameters,2022-02-03 03:13:38,2022-02-03 03:16:11
2022-02-03 15:17:49,2022-02-03 15:22:02,Located_Indoors, Texting/Browsing_Phone,annotator,Behavioral Parameters,2022-02-03 03:16:17,2022-02-03 03:20:30
2022-02-03 15:23:54,2022-02-03 15:24:32,Located_Indoors, Holding_Other_Object_Light,annotator,Behavioral Parameters,2022-02-03 03:22:22,2022-02-03 03:23:00
2022-02-03 15:24:42,2022-02-03 15:25:22,Located_Indoors,annotator,Behavioral Parameters,2022-02-03 03:23:10,2022-02-03 03:23:50
2022-02-03 15:25:23,2022-02-03 15:25:26,Located_Indoors,annotator,Behavioral Parameters,2022-02-03 03:23:51,2022-02-03 03:23:54
2022-02-03 15:25:27,2022-02-03 15:25:32,Located_Indoors,annotator,Behavioral Parameters,2022-02-03 03:23:55,2022-02-03 03:24:00
2022-02-03 15:25:33,2022-02-03 15:25:36,Located_Indoors,annotator,Behavioral Parameters,2022-02-03 03:24:01,2022-02-03 03:24:04
2022-02-03 15:25:38,2022-02-03 15:25:44,Located_Indoors,annotator,Behavioral Parameters,2022-02-03 03:24:06,2022-02-03 03:24:12
2022-02-03 15:25:54,2022-02-03 15:26:11,Located_Indoors,annotator,Behavioral Parameters,2022-02-03 03:24:22,2022-02-03 03:24:39
2022-02-03 15:26:17,2022-02-03 15:39:33,Located_Indoors, Holding_Other_Object_Heavy,annotator,Behavioral Parameters,2022-02-03 03:24:45,2022-02-03 03:38:01
2022-02-03 15:39:36,2022-02-03 15:39:47,Located_Indoors, Holding_Other_Object_Heavy,annotator,Behavioral Parameters,2022-02-03 03:38:04,2022-02-03 03:38:15
2022-02-03 15:40:05,2022-02-03 15:41:34,Located_Indoors, Texting/Browsing_Phone,annotator,Behavioral Parameters,2022-02-03 03:38:33,2022-02-03 03:40:02
2022-02-03 15:41:39,2022-02-03 15:41:48,Located_Indoors, Texting/Browsing_Phone,annotator,Behavioral Parameters,2022-02-03 03:40:07,2022-02-03 03:40:16
2022-02-03 15:41:49,2022-02-03 15:41:55,Located_Indoors, Texting/Browsing_Phone,annotator,Behavioral Parameters,2022-02-03 03:40:17,2022-02-03 03:40:23
2022-02-03 15:42:00,2022-02-03 15:42:12,Located_Indoors, Texting/Browsing_Phone,annotator,Behavioral Parameters,2022-02-03 03:40:28,2022-02-03 03:40:40
2022-02-03 15:42:19,2022-02-03 15:44:02,Located_Indoors, Texting/Browsing_Phone,annotator,Behavioral Parameters,2022-02-03 03:40:47,2022-02-03 03:42:30
2022-02-03 15:44:03,2022-02-03 15:56:29,Located_Indoors, Texting/Browsing_Phone,annotator,Behavioral Parameters,2022-02-03 03:42:31,2022-02-03 03:54:57
2022-02-03 15:56:30,2022-02-03 15:58:26,Located_Indoors, Texting/Browsing_Phone,annotator,Behavioral Parameters,2022-02-03 03:54:58,2022-02-03 03:56:54
2022-02-03 15:58:58,2022-02-03 15:59:24,Located_Indoors, Texting/Browsing_Phone,annotator,Behavioral Parameters,2022-02-03 03:57:26,2022-02-03 03:57:52
2022-02-03 15:59:27,2022-02-03 15:59:32,Located_Indoors,annotator,Behavioral Parameters,2022-02-03 03:57:55,2022-02-03 03:58:00
2022-02-03 15:59:33,2022-02-03 15:59:35,Located_Indoors,annotator,Behavioral Parameters,2022-02-03 03:58:01,2022-02-03 03:58:03
2022-02-03 15:59:40,2022-02-03 15:59:49,Located_Indoors,annotator,Behavioral Parameters,2022-02-03 03:58:08,2022-02-03 03:58:17
2022-02-03 15:59:50,2022-02-03 16:00:26,Located_Indoors,annotator,Behavioral Parameters,2022-02-03 03:58:18,2022-02-03 03:58:54
2022-02-03 16:00:30,2022-02-03 16:01:54,Located_Indoors, Texting/Browsing_Phone,annotator,Behavioral Parameters,2022-02-03 03:58:58,2022-02-03 04:00:22
2022-02-03 16:01:54,2022-02-03 16:04:22,Located_Indoors,annotator,Behavioral Parameters,2022-02-03 04:00:22,2022-02-03 04:02:50
2022-02-03 16:04:22,2022-02-03 16:12:24,Located_Indoors, Texting/Browsing_Phone,annotator,Behavioral Parameters,2022-02-03 04:02:50,2022-02-03 04:10:52
2022-02-03 16:12:24,2022-02-03 16:49:02,BP_VideoUnavailable/Indecipherable,annotator,Behavioral Parameters,2022-02-03 04:10:52,2022-02-03 04:47:30
2022-02-03 16:49:03,2022-02-03 16:50:31,Located_Indoors,annotator,Behavioral Parameters,2022-02-03 04:47:31,2022-02-03 04:48:59
2022-02-03 16:50:31,2022-02-03 16:50:31,Located_Indoors,annotator,Behavioral Parameters,2022-02-03 04:48:59,2022-02-03 04:48:59
2022-02-03 16:50:33,2022-02-03 16:51:00,Located_Indoors,annotator,Behavioral Parameters,2022-02-03 04:49:01,2022-02-03 04:49:28
2022-02-03 16:51:01,2022-02-03 16:51:14,Located_Indoors,annotator,Behavioral Parameters,2022-02-03 04:49:29,2022-02-03 04:49:42
2022-02-03 16:51:14,2022-02-03 16:51:26,Located_Indoors,annotator,Behavioral Parameters,2022-02-03 04:49:42,2022-02-03 04:49:54
2022-02-03 16:51:26,2022-02-03 16:51:32,Located_Indoors,annotator,Behavioral Parameters,2022-02-03 04:49:54,2022-02-03 04:50:00
2022-02-03 16:51:32,2022-02-03 16:51:38,Located_Indoors,annotator,Behavioral Parameters,2022-02-03 04:50:00,2022-02-03 04:50:06
2022-02-03 16:51:38,2022-02-03 16:51:48,Located_Indoors,annotator,Behavioral Parameters,2022-02-03 04:50:06,2022-02-03 04:50:16
2022-02-03 16:51:48,2022-02-03 16:52:29,Located_Indoors, In_Conversation,annotator,Behavioral Parameters,2022-02-03 04:50:16,2022-02-03 04:50:57
2022-02-03 16:52:29,2022-02-03 16:53:24,Located_Indoors, In_Conversation,annotator,Behavioral Parameters,2022-02-03 04:50:57,2022-02-03 04:51:52
2022-02-03 16:53:24,2022-02-03 16:54:03,Located_Indoors, In_Conversation,annotator,Behavioral Parameters,2022-02-03 04:51:52,2022-02-03 04:52:31
2022-02-03 16:54:03,2022-02-03 16:54:56,Located_Indoors, In_Conversation, Texting/Browsing_Phone,annotator,Behavioral Parameters,2022-02-03 04:52:31,2022-02-03 04:53:24
2022-02-03 16:54:56,2022-02-03 16:56:03,Located_Indoors, In_Conversation,annotator,Behavioral Parameters,2022-02-03 04:53:24,2022-02-03 04:54:31
2022-02-03 16:56:03,2022-02-03 16:56:17,Located_Indoors,annotator,Behavioral Parameters,2022-02-03 04:54:31,2022-02-03 04:54:45
2022-02-03 16:56:17,2022-02-03 16:56:31,Located_Indoors,annotator,Behavioral Parameters,2022-02-03 04:54:45,2022-02-03 04:54:59
2022-02-03 16:56:31,2022-02-03 16:56:44,Located_Indoors, Texting/Browsing_Phone,annotator,Behavioral Parameters,2022-02-03 04:54:59,2022-02-03 04:55:12
2022-02-03 16:56:44,2022-02-03 16:56:55,Located_Indoors, Texting/Browsing_Phone,annotator,Behavioral Parameters,2022-02-03 04:55:12,2022-02-03 04:55:23
2022-02-03 16:56:55,2022-02-03 16:57:00,Located_Indoors, Texting/Browsing_Phone,annotator,Behavioral Parameters,2022-02-03 04:55:23,2022-02-03 04:55:28
2022-02-03 16:57:01,2022-02-03 16:57:10,Located_Indoors,annotator,Behavioral Parameters,2022-02-03 04:55:29,2022-02-03 04:55:38
2022-02-03 16:57:10,2022-02-03 16:57:35,Located_Indoors,annotator,Behavioral Parameters,2022-02-03 04:55:38,2022-02-03 04:56:03
2022-02-03 16:57:35,2022-02-03 16:57:59,Located_Indoors,annotator,Behavioral Parameters,2022-02-03 04:56:03,2022-02-03 04:56:27
2022-02-03 16:57:59,2022-02-03 16:59:10,Located_Indoors, Texting/Browsing_Phone,annotator,Behavioral Parameters,2022-02-03 04:56:27,2022-02-03 04:57:38
2022-02-03 16:59:10,2022-02-03 17:01:03,Located_Indoors, Holding_Other_Object_Light,annotator,Behavioral Parameters,2022-02-03 04:57:38,2022-02-03 04:59:31
2022-02-03 17:01:04,2022-02-03 17:01:16,Located_Indoors, Holding_Other_Object_Light,annotator,Behavioral Parameters,2022-02-03 04:59:32,2022-02-03 04:59:44
2022-02-03 17:01:17,2022-02-03 17:01:27,Located_Indoors, Holding_Other_Object_Light,annotator,Behavioral Parameters,2022-02-03 04:59:45,2022-02-03 04:59:55
2022-02-03 17:01:27,2022-02-03 17:01:36,Located_Indoors, Texting/Browsing_Phone,annotator,Behavioral Parameters,2022-02-03 04:59:55,2022-02-03 05:00:04
2022-02-03 17:01:36,2022-02-03 17:02:01,Located_Indoors, Texting/Browsing_Phone,annotator,Behavioral Parameters,2022-02-03 05:00:04,2022-02-03 05:00:29
2022-02-03 17:02:01,2022-02-03 17:02:05,Texting/Browsing_Phone, Located_Outdoors,annotator,Behavioral Parameters,2022-02-03 05:00:29,2022-02-03 05:00:33
2022-02-03 17:02:05,2022-02-03 17:02:10,Texting/Browsing_Phone, Located_Outdoors,annotator,Behavioral Parameters,2022-02-03 05:00:33,2022-02-03 05:00:38
2022-02-03 17:02:10,2022-02-03 17:02:20,Texting/Browsing_Phone, Located_Outdoors,annotator,Behavioral Parameters,2022-02-03 05:00:38,2022-02-03 05:00:48
2022-02-03 17:02:20,2022-02-03 17:02:46,Located_Outdoors, Holding_Other_Object_Heavy,annotator,Behavioral Parameters,2022-02-03 05:00:48,2022-02-03 05:01:14
2022-02-03 17:02:46,2022-02-03 17:02:54,Located_Outdoors, Holding_Other_Object_Heavy,annotator,Behavioral Parameters,2022-02-03 05:01:14,2022-02-03 05:01:22
2022-02-03 17:02:54,2022-02-03 17:03:15,Holding_Other_Object_Heavy, Located_Indoors,annotator,Behavioral Parameters,2022-02-03 05:01:22,2022-02-03 05:01:43
2022-02-03 17:03:15,2022-02-03 17:03:34,Located_Indoors, Texting/Browsing_Phone,annotator,Behavioral Parameters,2022-02-03 05:01:43,2022-02-03 05:02:02
2022-02-03 17:03:34,2022-02-03 17:04:06,Located_Indoors, Texting/Browsing_Phone,annotator,Behavioral Parameters,2022-02-03 05:02:02,2022-02-03 05:02:34
2022-02-03 17:04:06,2022-02-03 17:04:14,Located_Indoors,annotator,Behavioral Parameters,2022-02-03 05:02:34,2022-02-03 05:02:42
2022-02-03 17:04:14,2022-02-03 17:04:20,Located_Indoors,annotator,Behavioral Parameters,2022-02-03 05:02:42,2022-02-03 05:02:48
2022-02-03 17:04:20,2022-02-03 17:11:24,Located_Indoors, Holding_Drink, Texting/Browsing_Phone,annotator,Behavioral Parameters,2022-02-03 05:02:48,2022-02-03 05:09:52
2022-02-03 17:11:24,2022-02-03 17:12:37,Holding_Other_Object_Light, Located_Indoors, Texting/Browsing_Phone,annotator,Behavioral Parameters,2022-02-03 05:09:52,2022-02-03 05:11:05
2022-02-03 17:12:37,2022-02-03 17:12:49,Located_Indoors,annotator,Behavioral Parameters,2022-02-03 05:11:05,2022-02-03 05:11:17
2022-02-03 17:12:49,2022-02-03 17:13:18,Located_Indoors, Holding_Other_Object_Light,annotator,Behavioral Parameters,2022-02-03 05:11:17,2022-02-03 05:11:46
2022-02-03 17:13:18,2022-02-03 17:15:09,Located_Indoors, Holding_Other_Object_Light,annotator,Behavioral Parameters,2022-02-03 05:11:46,2022-02-03 05:13:37
2022-02-03 17:15:09,2022-02-03 17:15:42,Located_Indoors, In_Conversation, On_Phone_Call,annotator,Behavioral Parameters,2022-02-03 05:13:37,2022-02-03 05:14:10
2022-02-03 17:15:42,2022-02-03 17:18:50,Located_Indoors, Holding_Other_Object_Light,annotator,Behavioral Parameters,2022-02-03 05:14:10,2022-02-03 05:17:18
2022-02-03 17:18:50,2022-02-03 17:19:17,Located_Indoors, Holding_Other_Object_Light,annotator,Behavioral Parameters,2022-02-03 05:17:18,2022-02-03 05:17:45
2022-02-03 17:19:17,2022-02-03 17:19:24,Located_Indoors, Holding_Other_Object_Light,annotator,Behavioral Parameters,2022-02-03 05:17:45,2022-02-03 05:17:52
2022-02-03 17:19:24,2022-02-03 17:19:33,Located_Indoors, Holding_Other_Object_Light,annotator,Behavioral Parameters,2022-02-03 05:17:52,2022-02-03 05:18:01
2022-02-03 17:19:33,2022-02-03 17:19:58,Located_Indoors, Holding_Other_Object_Light,annotator,Behavioral Parameters,2022-02-03 05:18:01,2022-02-03 05:18:26
2022-02-03 17:20:12,2022-02-03 17:20:38,Holding_Other_Object_Light, Located_Outdoors,annotator,Behavioral Parameters,2022-02-03 05:18:40,2022-02-03 05:19:06
2022-02-03 17:20:38,2022-02-03 17:20:42,Holding_Other_Object_Light, Located_Outdoors,annotator,Behavioral Parameters,2022-02-03 05:19:06,2022-02-03 05:19:10
2022-02-03 17:20:43,2022-02-03 17:20:51,Holding_Other_Object_Light, Located_Indoors,annotator,Behavioral Parameters,2022-02-03 05:19:11,2022-02-03 05:19:19
2022-02-03 17:20:51,2022-02-03 17:20:59,Holding_Other_Object_Light, Located_Indoors,annotator,Behavioral Parameters,2022-02-03 05:19:19,2022-02-03 05:19:27
2022-02-03 17:20:59,2022-02-03 17:21:21,Holding_Other_Object_Light, Located_Indoors,annotator,Behavioral Parameters,2022-02-03 05:19:27,2022-02-03 05:19:49
2022-02-03 17:21:39,2022-02-03 17:21:47,Located_Indoors, Holding_Other_Object_Heavy,annotator,Behavioral Parameters,2022-02-03 05:20:07,2022-02-03 05:20:15
2022-02-03 17:21:47,2022-02-03 17:21:54,Located_Indoors, Holding_Other_Object_Heavy,annotator,Behavioral Parameters,2022-02-03 05:20:15,2022-02-03 05:20:22
2022-02-03 17:21:54,2022-02-03 17:22:00,Located_Indoors, Holding_Other_Object_Heavy,annotator,Behavioral Parameters,2022-02-03 05:20:22,2022-02-03 05:20:28
2022-02-03 17:22:00,2022-02-03 17:22:07,Holding_Other_Object_Heavy, Located_Outdoors,annotator,Behavioral Parameters,2022-02-03 05:20:28,2022-02-03 05:20:35
2022-02-03 17:22:07,2022-02-03 17:22:26,Located_Outdoors,annotator,Behavioral Parameters,2022-02-03 05:20:35,2022-02-03 05:20:54
2022-02-03 17:22:26,2022-02-03 17:22:33,Located_Outdoors,annotator,Behavioral Parameters,2022-02-03 05:20:54,2022-02-03 05:21:01
2022-02-03 17:22:33,2022-02-03 17:22:46,Located_Outdoors, On_Phone_Call,annotator,Behavioral Parameters,2022-02-03 05:21:01,2022-02-03 05:21:14
2022-02-03 17:22:46,2022-02-03 17:23:02,On_Phone_Call, Located_Indoors,annotator,Behavioral Parameters,2022-02-03 05:21:14,2022-02-03 05:21:30
2022-02-03 17:23:02,2022-02-03 17:23:36,On_Phone_Call, Located_Indoors,annotator,Behavioral Parameters,2022-02-03 05:21:30,2022-02-03 05:22:04
2022-02-03 17:23:36,2022-02-03 17:23:42,On_Phone_Call, Located_Indoors,annotator,Behavioral Parameters,2022-02-03 05:22:04,2022-02-03 05:22:10
2022-02-03 17:23:42,2022-02-03 17:24:00,Located_Indoors,annotator,Behavioral Parameters,2022-02-03 05:22:10,2022-02-03 05:22:28
2022-02-03 17:24:00,2022-02-03 17:24:28,Located_Indoors, Holding_Other_Object_Heavy,annotator,Behavioral Parameters,2022-02-03 05:22:28,2022-02-03 05:22:56
2022-02-03 17:24:28,2022-02-03 17:24:42,Located_Indoors, Holding_Other_Object_Heavy,annotator,Behavioral Parameters,2022-02-03 05:22:56,2022-02-03 05:23:10
2022-02-03 17:24:42,2022-02-03 17:24:58,Located_Indoors, Holding_Other_Object_Heavy,annotator,Behavioral Parameters,2022-02-03 05:23:10,2022-02-03 05:23:26
2022-02-03 17:24:58,2022-02-03 17:25:09,Located_Indoors, Holding_Other_Object_Heavy,annotator,Behavioral Parameters,2022-02-03 05:23:26,2022-02-03 05:23:37
2022-02-03 17:25:09,2022-02-03 17:25:52,Located_Indoors, Holding_Other_Object_Heavy,annotator,Behavioral Parameters,2022-02-03 05:23:37,2022-02-03 05:24:20
2022-02-03 17:25:52,2022-02-03 17:29:53,Located_Indoors, Holding_Other_Object_Heavy,annotator,Behavioral Parameters,2022-02-03 05:24:20,2022-02-03 05:28:21
2022-02-03 17:29:53,2022-02-03 17:31:29,Located_Indoors, Holding_Other_Object_Heavy,annotator,Behavioral Parameters,2022-02-03 05:28:21,2022-02-03 05:29:57
2022-02-03 17:31:29,2022-02-03 17:31:37,Located_Indoors, Holding_Other_Object_Heavy,annotator,Behavioral Parameters,2022-02-03 05:29:57,2022-02-03 05:30:05
2022-02-03 17:31:37,2022-02-03 17:31:43,Located_Indoors, Holding_Other_Object_Heavy,annotator,Behavioral Parameters,2022-02-03 05:30:05,2022-02-03 05:30:11
2022-02-03 17:31:43,2022-02-03 17:31:48,Located_Indoors, Holding_Other_Object_Heavy,annotator,Behavioral Parameters,2022-02-03 05:30:11,2022-02-03 05:30:16
2022-02-03 17:31:48,2022-02-03 17:31:52,Holding_Other_Object_Heavy, Located_Outdoors,annotator,Behavioral Parameters,2022-02-03 05:30:16,2022-02-03 05:30:20
2022-02-03 17:31:52,2022-02-03 17:32:05,Holding_Other_Object_Heavy, Located_Outdoors,annotator,Behavioral Parameters,2022-02-03 05:30:20,2022-02-03 05:30:33
2022-02-03 17:32:05,2022-02-03 17:32:24,Holding_Other_Object_Heavy, Located_Outdoors,annotator,Behavioral Parameters,2022-02-03 05:30:33,2022-02-03 05:30:52
2022-02-03 17:32:24,2022-02-03 17:32:28,Located_Outdoors,annotator,Behavioral Parameters,2022-02-03 05:30:52,2022-02-03 05:30:56
2022-02-03 17:32:28,2022-02-03 17:32:34,Located_Indoors,annotator,Behavioral Parameters,2022-02-03 05:30:56,2022-02-03 05:31:02
2022-02-03 17:32:35,2022-02-03 17:32:46,Located_Indoors, Texting/Browsing_Phone,annotator,Behavioral Parameters,2022-02-03 05:31:03,2022-02-03 05:31:14
2022-02-03 17:32:46,2022-02-03 17:32:58,Located_Indoors, Texting/Browsing_Phone,annotator,Behavioral Parameters,2022-02-03 05:31:14,2022-02-03 05:31:26
2022-02-03 17:32:58,2022-02-03 17:33:16,Located_Indoors, Texting/Browsing_Phone,annotator,Behavioral Parameters,2022-02-03 05:31:26,2022-02-03 05:31:44
2022-02-03 17:33:16,2022-02-03 17:33:23,Located_Indoors, Holding_Other_Object_Light,annotator,Behavioral Parameters,2022-02-03 05:31:44,2022-02-03 05:31:51
2022-02-03 17:33:23,2022-02-03 17:33:32,Located_Indoors, Holding_Other_Object_Light,annotator,Behavioral Parameters,2022-02-03 05:31:51,2022-02-03 05:32:00
2022-02-03 17:33:32,2022-02-03 17:33:38,Located_Indoors, Holding_Other_Object_Light,annotator,Behavioral Parameters,2022-02-03 05:32:00,2022-02-03 05:32:06
2022-02-03 17:33:38,2022-02-03 17:33:44,Holding_Other_Object_Light, Located_Outdoors,annotator,Behavioral Parameters,2022-02-03 05:32:06,2022-02-03 05:32:12
2022-02-03 17:33:44,2022-02-03 17:33:53,Holding_Other_Object_Light, Located_Outdoors,annotator,Behavioral Parameters,2022-02-03 05:32:12,2022-02-03 05:32:21
2022-02-03 17:33:53,2022-02-03 17:34:04,Holding_Other_Object_Light, Located_Outdoors,annotator,Behavioral Parameters,2022-02-03 05:32:21,2022-02-03 05:32:32
2022-02-03 17:34:05,2022-02-03 17:34:12,Located_Outdoors,annotator,Behavioral Parameters,2022-02-03 05:32:33,2022-02-03 05:32:40
2022-02-03 17:34:12,2022-02-03 17:34:25,Located_Outdoors, Texting/Browsing_Phone,annotator,Behavioral Parameters,2022-02-03 05:32:40,2022-02-03 05:32:53
2022-02-03 17:34:25,2022-02-03 17:34:42,Located_Outdoors, Texting/Browsing_Phone,annotator,Behavioral Parameters,2022-02-03 05:32:53,2022-02-03 05:33:10
2022-02-03 17:34:42,2022-02-03 17:34:55,Texting/Browsing_Phone, Located_Indoors,annotator,Behavioral Parameters,2022-02-03 05:33:10,2022-02-03 05:33:23
2022-02-03 17:34:55,2022-02-03 17:35:21,Located_Indoors,annotator,Behavioral Parameters,2022-02-03 05:33:23,2022-02-03 05:33:49
2022-02-03 17:35:21,2022-02-03 17:35:28,Located_Indoors,annotator,Behavioral Parameters,2022-02-03 05:33:49,2022-02-03 05:33:56
2022-02-03 17:35:28,2022-02-03 17:35:42,Located_Indoors,annotator,Behavioral Parameters,2022-02-03 05:33:56,2022-02-03 05:34:10
2022-02-03 17:35:42,2022-02-03 17:36:05,Located_Outdoors, Holding_Other_Object_Heavy,annotator,Behavioral Parameters,2022-02-03 05:34:10,2022-02-03 05:34:33
2022-02-03 17:36:06,2022-02-03 17:36:19,Located_Outdoors, Holding_Other_Object_Heavy,annotator,Behavioral Parameters,2022-02-03 05:34:34,2022-02-03 05:34:47
2022-02-03 17:36:19,2022-02-03 17:36:35,Located_Outdoors,annotator,Behavioral Parameters,2022-02-03 05:34:47,2022-02-03 05:35:03
2022-02-03 17:36:35,2022-02-03 17:36:50,Holding_Other_Object_Heavy, Located_Indoors,annotator,Behavioral Parameters,2022-02-03 05:35:03,2022-02-03 05:35:18
2022-02-03 17:36:50,2022-02-03 17:37:05,Holding_Other_Object_Heavy, Located_Indoors,annotator,Behavioral Parameters,2022-02-03 05:35:18,2022-02-03 05:35:33
2022-02-03 17:37:05,2022-02-03 17:37:14,Holding_Other_Object_Heavy, Located_Outdoors,annotator,Behavioral Parameters,2022-02-03 05:35:33,2022-02-03 05:35:42
2022-02-03 17:37:15,2022-02-03 17:37:25,Located_Outdoors,annotator,Behavioral Parameters,2022-02-03 05:35:43,2022-02-03 05:35:53
2022-02-03 17:37:25,2022-02-03 17:37:44,Located_Outdoors,annotator,Behavioral Parameters,2022-02-03 05:35:53,2022-02-03 05:36:12
2022-02-03 17:37:45,2022-02-03 17:38:07,Located_Indoors,annotator,Behavioral Parameters,2022-02-03 05:36:13,2022-02-03 05:36:35
2022-02-03 17:38:07,2022-02-03 17:38:24,Located_Outdoors,annotator,Behavioral Parameters,2022-02-03 05:36:35,2022-02-03 05:36:52
2022-02-03 17:38:25,2022-02-03 17:38:37,Located_Outdoors,annotator,Behavioral Parameters,2022-02-03 05:36:53,2022-02-03 05:37:05
2022-02-03 17:38:37,2022-02-03 17:40:16,Located_Outdoors,annotator,Behavioral Parameters,2022-02-03 05:37:05,2022-02-03 05:38:44
2022-02-03 17:40:16,2022-02-03 17:40:40,Located_Outdoors, Texting/Browsing_Phone,annotator,Behavioral Parameters,2022-02-03 05:38:44,2022-02-03 05:39:08
2022-02-03 17:40:41,2022-02-03 17:43:15,Located_Outdoors,annotator,Behavioral Parameters,2022-02-03 05:39:09,2022-02-03 05:41:43
2022-02-03 17:43:15,2022-02-03 17:45:04,Located_Outdoors, Texting/Browsing_Phone,annotator,Behavioral Parameters,2022-02-03 05:41:43,2022-02-03 05:43:32
2022-02-03 17:45:04,2022-02-03 17:48:13,Located_Outdoors,annotator,Behavioral Parameters,2022-02-03 05:43:32,2022-02-03 05:46:41
2022-02-03 17:48:13,2022-02-03 17:48:47,Located_Outdoors, Texting/Browsing_Phone,annotator,Behavioral Parameters,2022-02-03 05:46:41,2022-02-03 05:47:15
2022-02-03 17:48:47,2022-02-03 17:50:46,Located_Outdoors, Texting/Browsing_Phone,annotator,Behavioral Parameters,2022-02-03 05:47:15,2022-02-03 05:49:14
2022-02-03 17:50:46,2022-02-03 17:51:13,Located_Outdoors,annotator,Behavioral Parameters,2022-02-03 05:49:14,2022-02-03 05:49:41
2022-02-03 17:51:13,2022-02-03 17:52:17,Located_Outdoors, Texting/Browsing_Phone,annotator,Behavioral Parameters,2022-02-03 05:49:41,2022-02-03 05:50:45
2022-02-03 17:52:17,2022-02-03 18:00:09,Located_Outdoors,annotator,Behavioral Parameters,2022-02-03 05:50:45,2022-02-03 05:58:37
2022-02-03 18:00:09,2022-02-03 18:00:37,Located_Outdoors, Texting/Browsing_Phone,annotator,Behavioral Parameters,2022-02-03 05:58:37,2022-02-03 05:59:05
2022-02-03 18:00:37,2022-02-03 18:13:08,Located_Outdoors,annotator,Behavioral Parameters,2022-02-03 05:59:05,2022-02-03 06:11:36
2022-02-03 18:13:09,2022-02-03 18:13:31,Located_Outdoors,annotator,Behavioral Parameters,2022-02-03 06:11:37,2022-02-03 06:11:59
2022-02-03 18:13:31,2022-02-03 18:13:43,Located_Outdoors, Holding_Other_Object_Heavy,annotator,Behavioral Parameters,2022-02-03 06:11:59,2022-02-03 06:12:11
2022-02-03 18:13:44,2022-02-03 18:13:50,Located_Outdoors, Holding_Other_Object_Heavy,annotator,Behavioral Parameters,2022-02-03 06:12:12,2022-02-03 06:12:18
2022-02-03 18:13:50,2022-02-03 18:14:42,Holding_Other_Object_Heavy, Located_Indoors,annotator,Behavioral Parameters,2022-02-03 06:12:18,2022-02-03 06:13:10
2022-02-03 18:14:42,2022-02-03 18:16:20,Holding_Other_Object_Heavy, Located_Indoors, In_Conversation,annotator,Behavioral Parameters,2022-02-03 06:13:10,2022-02-03 06:14:48
2022-02-03 18:16:20,2022-02-03 18:16:42,Located_Indoors,annotator,Behavioral Parameters,2022-02-03 06:14:48,2022-02-03 06:15:10
2022-02-03 18:17:00,2022-02-03 18:17:14,Located_Indoors,annotator,Behavioral Parameters,2022-02-03 06:15:28,2022-02-03 06:15:42
2022-02-03 18:17:14,2022-02-03 18:17:21,Located_Outdoors,annotator,Behavioral Parameters,2022-02-03 06:15:42,2022-02-03 06:15:49
2022-02-03 18:17:21,2022-02-03 18:17:47,Located_Outdoors, Holding_Other_Object_Heavy,annotator,Behavioral Parameters,2022-02-03 06:15:49,2022-02-03 06:16:15
2022-02-03 18:17:47,2022-02-03 18:17:56,Located_Outdoors, Holding_Other_Object_Heavy,annotator,Behavioral Parameters,2022-02-03 06:16:15,2022-02-03 06:16:24
2022-02-03 18:17:56,2022-02-03 18:18:21,Holding_Other_Object_Heavy, Located_Indoors,annotator,Behavioral Parameters,2022-02-03 06:16:24,2022-02-03 06:16:49
2022-02-03 18:18:21,2022-02-03 18:22:23,Holding_Other_Object_Heavy, Located_Indoors,annotator,Behavioral Parameters,2022-02-03 06:16:49,2022-02-03 06:20:51
2022-02-03 18:22:23,2022-02-03 18:24:28,BP_VideoUnavailable/Indecipherable,annotator,Behavioral Parameters,2022-02-03 06:20:51,2022-02-03 06:22:56
2022-02-03 18:24:28,2022-02-03 18:24:46,Located_Indoors,annotator,Behavioral Parameters,2022-02-03 06:22:56,2022-02-03 06:23:14
2022-02-03 18:24:46,2022-02-03 18:25:04,Located_Indoors,annotator,Behavioral Parameters,2022-02-03 06:23:14,2022-02-03 06:23:32
2022-02-03 18:25:04,2022-02-03 18:25:18,Located_Outdoors,annotator,Behavioral Parameters,2022-02-03 06:23:32,2022-02-03 06:23:46
2022-02-03 18:25:18,2022-02-03 18:25:28,Located_Outdoors,annotator,Behavioral Parameters,2022-02-03 06:23:46,2022-02-03 06:23:56
2022-02-03 18:25:29,2022-02-03 18:29:03,Located_Outdoors,annotator,Behavioral Parameters,2022-02-03 06:23:57,2022-02-03 06:27:31
2022-02-03 18:29:03,2022-02-03 18:29:24,Located_Outdoors, Holding_Other_Object_Light,annotator,Behavioral Parameters,2022-02-03 06:27:31,2022-02-03 06:27:52
2022-02-03 18:29:24,2022-02-03 18:31:51,Located_Outdoors, Holding_Other_Object_Light,annotator,Behavioral Parameters,2022-02-03 06:27:52,2022-02-03 06:30:19
2022-02-03 18:31:51,2022-02-03 18:32:26,Holding_Other_Object_Light, Located_Indoors,annotator,Behavioral Parameters,2022-02-03 06:30:19,2022-02-03 06:30:54
2022-02-03 18:32:27,2022-02-03 18:32:49,Holding_Other_Object_Light, Located_Indoors,annotator,Behavioral Parameters,2022-02-03 06:30:55,2022-02-03 06:31:17
2022-02-03 18:32:49,2022-02-03 18:33:09,Holding_Other_Object_Light, Located_Indoors,annotator,Behavioral Parameters,2022-02-03 06:31:17,2022-02-03 06:31:37
2022-02-03 18:33:09,2022-02-03 18:33:21,Located_Indoors, In_Conversation,annotator,Behavioral Parameters,2022-02-03 06:31:37,2022-02-03 06:31:49
2022-02-03 18:33:21,2022-02-03 18:34:34,Located_Indoors, In_Conversation,annotator,Behavioral Parameters,2022-02-03 06:31:49,2022-02-03 06:33:02
2022-02-03 18:34:34,2022-02-03 18:35:48,Located_Indoors, In_Conversation, Holding_Drink,annotator,Behavioral Parameters,2022-02-03 06:33:02,2022-02-03 06:34:16
2022-02-03 18:36:09,2022-02-03 18:36:39,Located_Indoors, In_Conversation, Holding_Other_Object_Light,annotator,Behavioral Parameters,2022-02-03 06:34:37,2022-02-03 06:35:07
2022-02-03 18:36:39,2022-02-03 18:42:20,Located_Indoors, In_Conversation, Holding_Other_Object_Light,annotator,Behavioral Parameters,2022-02-03 06:35:07,2022-02-03 06:40:48
2022-02-03 18:42:27,2022-02-03 18:45:30,,annotator,Behavioral Parameters,2022-02-03 06:40:55,2022-02-03 06:43:58
2022-02-03 18:45:30,2022-02-03 18:49:08,Holding_Other_Object_Light, Located_Indoors,annotator,Behavioral Parameters,2022-02-03 06:43:58,2022-02-03 06:47:36
2022-02-03 18:49:08,2022-02-03 19:47:39,,annotator,Behavioral Parameters,2022-02-03 06:47:36,2022-02-03 07:46:07
2022-02-03 19:47:54,2022-02-03 19:50:40,Holding_Drink, In_Conversation, Located_Indoors,annotator,Behavioral Parameters,2022-02-03 07:46:22,2022-02-03 07:49:08
2022-02-03 19:50:41,2022-02-03 19:51:10,Holding_Drink, Located_Indoors,annotator,Behavioral Parameters,2022-02-03 07:49:09,2022-02-03 07:49:38
2022-02-03 19:51:10,2022-02-03 19:56:18,Holding_Drink, Located_Indoors, Legs_Crossed,annotator,Behavioral Parameters,2022-02-03 07:49:38,2022-02-03 07:54:46
2022-02-03 19:56:18,2022-02-03 19:56:40,Holding_Drink, Located_Indoors, In_Conversation,annotator,Behavioral Parameters,2022-02-03 07:54:46,2022-02-03 07:55:08
2022-02-03 19:56:43,2022-02-03 19:57:04,Holding_Drink, Located_Indoors,annotator,Behavioral Parameters,2022-02-03 07:55:11,2022-02-03 07:55:32
2022-02-03 19:57:29,2022-02-03 19:58:25,Holding_Drink, Located_Indoors,annotator,Behavioral Parameters,2022-02-03 07:55:57,2022-02-03 07:56:53
2022-02-03 19:58:28,2022-02-03 19:58:42,Holding_Drink, Located_Indoors,annotator,Behavioral Parameters,2022-02-03 07:56:56,2022-02-03 07:57:10
2022-02-03 19:58:42,2022-02-03 20:01:04,Holding_Drink, Located_Indoors,annotator,Behavioral Parameters,2022-02-03 07:57:10,2022-02-03 07:59:32
2022-02-03 20:01:12,2022-02-03 20:01:22,Holding_Drink, Located_Indoors,annotator,Behavioral Parameters,2022-02-03 07:59:40,2022-02-03 07:59:50
2022-02-03 20:01:28,2022-02-03 20:03:40,Holding_Drink, Located_Indoors,annotator,Behavioral Parameters,2022-02-03 07:59:56,2022-02-03 08:02:08
2022-02-03 20:03:40,2022-02-03 20:06:37,Holding_Drink, Located_Indoors,annotator,Behavioral Parameters,2022-02-03 08:02:08,2022-02-03 08:05:05
2022-02-03 20:06:40,2022-02-03 20:11:13,Holding_Drink, Located_Indoors,annotator,Behavioral Parameters,2022-02-03 08:05:08,2022-02-03 08:09:41
2022-02-03 20:11:13,2022-02-03 20:11:43,Holding_Drink, Located_Indoors,annotator,Behavioral Parameters,2022-02-03 08:09:41,2022-02-03 08:10:11
2022-02-03 20:11:44,2022-02-03 20:14:25,Holding_Drink, Located_Indoors, In_Conversation,annotator,Behavioral Parameters,2022-02-03 08:10:12,2022-02-03 08:12:53
2022-02-03 20:14:25,2022-02-03 20:16:06,Holding_Drink, Located_Indoors, In_Conversation, Texting/Browsing_Phone,annotator,Behavioral Parameters,2022-02-03 08:12:53,2022-02-03 08:14:34
2022-02-03 20:16:06,2022-02-03 20:18:14,Holding_Drink, Located_Indoors, In_Conversation,annotator,Behavioral Parameters,2022-02-03 08:14:34,2022-02-03 08:16:42
2022-02-03 20:18:14,2022-02-03 20:19:00,Holding_Drink, Located_Indoors, In_Conversation,annotator,Behavioral Parameters,2022-02-03 08:16:42,2022-02-03 08:17:28
2022-02-03 20:19:00,2022-02-03 20:19:48,Holding_Drink, Located_Indoors, In_Conversation,annotator,Behavioral Parameters,2022-02-03 08:17:28,2022-02-03 08:18:16
2022-02-03 20:19:49,2022-02-03 20:20:31,Holding_Drink, Located_Indoors, Texting/Browsing_Phone,annotator,Behavioral Parameters,2022-02-03 08:18:17,2022-02-03 08:18:59
2022-02-03 20:20:31,2022-02-03 20:23:53,Located_Indoors,annotator,Behavioral Parameters,2022-02-03 08:18:59,2022-02-03 08:22:21
2022-02-03 20:23:53,2022-02-03 20:24:18,Located_Indoors,annotator,Behavioral Parameters,2022-02-03 08:22:21,2022-02-03 08:22:46
2022-02-03 20:24:18,2022-02-03 20:26:39,Located_Indoors, In_Conversation,annotator,Behavioral Parameters,2022-02-03 08:22:46,2022-02-03 08:25:07
2022-02-03 20:26:39,2022-02-03 20:27:59,Located_Indoors, In_Conversation, Legs_Crossed,annotator,Behavioral Parameters,2022-02-03 08:25:07,2022-02-03 08:26:27
2022-02-03 20:28:05,2022-02-03 20:39:58,BP_VideoUnavailable/Indecipherable,annotator,Behavioral Parameters,2022-02-03 08:26:33,2022-02-03 08:38:26
2022-02-03 20:39:59,2022-02-03 20:45:53,Located_Indoors, Holding_Other_Object_Light,annotator,Behavioral Parameters,2022-02-03 08:38:27,2022-02-03 08:44:21
2022-02-03 20:45:53,2022-02-03 20:51:24,BP_VideoUnavailable/Indecipherable,annotator,Behavioral Parameters,2022-02-03 08:44:21,2022-02-03 08:49:52
2022-02-03 20:51:24,2022-02-03 20:52:43,Located_Indoors, Holding_Other_Object_Light,annotator,Behavioral Parameters,2022-02-03 08:49:52,2022-02-03 08:51:11
2022-02-03 20:52:43,2022-02-03 20:53:23,Located_Indoors,annotator,Behavioral Parameters,2022-02-03 08:51:11,2022-02-03 08:51:51
2022-02-03 20:53:24,2022-02-03 21:11:09,Located_Indoors, Holding_Other_Object_Light,annotator,Behavioral Parameters,2022-02-03 08:51:52,2022-02-03 09:09:37
2022-02-03 21:11:10,2022-02-03 21:11:17,Located_Indoors, Holding_Other_Object_Light,annotator,Behavioral Parameters,2022-02-03 09:09:38,2022-02-03 09:09:45
2022-02-03 21:11:24,2022-02-03 21:19:31,BP_VideoUnavailable/Indecipherable,annotator,Behavioral Parameters,2022-02-03 09:09:52,2022-02-03 09:17:59
2022-02-03 21:19:33,2022-02-03 21:29:28,Located_Indoors, Holding_Other_Object_Light,annotator,Behavioral Parameters,2022-02-03 09:18:01,2022-02-03 09:27:56
2022-02-03 21:29:28,2022-02-03 21:31:27,BP_VideoUnavailable/Indecipherable,annotator,Behavioral Parameters,2022-02-03 09:27:56,2022-02-03 09:29:55
2022-02-03 21:31:27,2022-02-03 21:31:38,Holding_Other_Object_Light, Located_Indoors,annotator,Behavioral Parameters,2022-02-03 09:29:55,2022-02-03 09:30:06
2022-02-03 21:31:39,2022-02-03 22:12:25,BP_VideoUnavailable/Indecipherable,annotator,Behavioral Parameters,2022-02-03 09:30:07,2022-02-03 10:10:53
2022-02-03 22:13:28,2022-02-03 22:14:19,Located_Indoors,annotator,Behavioral Parameters,2022-02-03 10:11:56,2022-02-03 10:12:47
2022-02-03 22:14:45,2022-02-03 22:16:35,Located_Indoors, In_Conversation,annotator,Behavioral Parameters,2022-02-03 10:13:13,2022-02-03 10:15:03
2022-02-03 22:16:35,2022-02-03 22:16:50,Located_Indoors, In_Conversation,annotator,Behavioral Parameters,2022-02-03 10:15:03,2022-02-03 10:15:18
2022-02-03 22:16:51,2022-02-03 22:20:08,Located_Indoors, In_Conversation,annotator,Behavioral Parameters,2022-02-03 10:15:19,2022-02-03 10:18:36
2022-02-03 22:20:08,2022-02-03 22:20:30,Located_Indoors, In_Conversation,annotator,Behavioral Parameters,2022-02-03 10:18:36,2022-02-03 10:18:58
2022-02-03 22:20:30,2022-02-03 22:20:55,Located_Indoors, In_Conversation,annotator,Behavioral Parameters,2022-02-03 10:18:58,2022-02-03 10:19:23
2022-02-03 22:20:56,2022-02-03 22:21:48,Located_Indoors, In_Conversation,annotator,Behavioral Parameters,2022-02-03 10:19:24,2022-02-03 10:20:16
2022-02-03 22:21:58,2022-02-03 22:22:26,Located_Indoors, In_Conversation,annotator,Behavioral Parameters,2022-02-03 10:20:26,2022-02-03 10:20:54
2022-02-03 22:22:26,2022-02-03 22:22:56,In_Conversation, Located_Outdoors,annotator,Behavioral Parameters,2022-02-03 10:20:54,2022-02-03 10:21:24
2022-02-03 22:22:56,2022-02-03 22:23:26,Located_Outdoors, Texting/Browsing_Phone,annotator,Behavioral Parameters,2022-02-03 10:21:24,2022-02-03 10:21:54
2022-02-03 22:23:26,2022-02-03 22:25:05,Located_Outdoors,annotator,Behavioral Parameters,2022-02-03 10:21:54,2022-02-03 10:23:33
2022-02-03 22:25:19,2022-02-03 22:25:53,Located_Outdoors,annotator,Behavioral Parameters,2022-02-03 10:23:47,2022-02-03 10:24:21
2022-02-03 22:25:53,2022-02-03 22:26:05,Located_Outdoors, Texting/Browsing_Phone,annotator,Behavioral Parameters,2022-02-03 10:24:21,2022-02-03 10:24:33
2022-02-03 22:26:05,2022-02-03 22:27:12,Located_Outdoors,annotator,Behavioral Parameters,2022-02-03 10:24:33,2022-02-03 10:25:40
2022-02-03 22:27:12,2022-02-03 22:27:27,Located_Outdoors,annotator,Behavioral Parameters,2022-02-03 10:25:40,2022-02-03 10:25:55
2022-02-03 22:27:27,2022-02-03 22:27:45,Located_Outdoors,annotator,Behavioral Parameters,2022-02-03 10:25:55,2022-02-03 10:26:13
2022-02-03 22:27:45,2022-02-03 22:28:16,Located_Indoors,annotator,Behavioral Parameters,2022-02-03 10:26:13,2022-02-03 10:26:44
2022-02-03 22:28:45,2022-02-03 22:29:21,Located_Indoors, Holding_Other_Object_Light,annotator,Behavioral Parameters,2022-02-03 10:27:13,2022-02-03 10:27:49
2022-02-03 22:29:21,2022-02-03 22:29:39,Located_Indoors, Holding_Other_Object_Light,annotator,Behavioral Parameters,2022-02-03 10:27:49,2022-02-03 10:28:07
2022-02-03 22:29:39,2022-02-03 22:34:55,Located_Indoors, Holding_Other_Object_Light,annotator,Behavioral Parameters,2022-02-03 10:28:07,2022-02-03 10:33:23
2022-02-03 22:34:55,2022-02-03 22:35:25,Located_Indoors, Holding_Other_Object_Heavy,annotator,Behavioral Parameters,2022-02-03 10:33:23,2022-02-03 10:33:53
2022-02-03 22:35:25,2022-02-03 22:35:40,Holding_Other_Object_Heavy, Located_Outdoors,annotator,Behavioral Parameters,2022-02-03 10:33:53,2022-02-03 10:34:08
2022-02-03 22:35:40,2022-02-03 22:36:10,Holding_Other_Object_Heavy, Located_Outdoors, In_Conversation,annotator,Behavioral Parameters,2022-02-03 10:34:08,2022-02-03 10:34:38
2022-02-03 22:36:10,2022-02-03 22:36:31,Holding_Other_Object_Heavy, Located_Outdoors,annotator,Behavioral Parameters,2022-02-03 10:34:38,2022-02-03 10:34:59
2022-02-03 22:36:31,2022-02-03 22:36:51,Holding_Other_Object_Heavy, Located_Outdoors,annotator,Behavioral Parameters,2022-02-03 10:34:59,2022-02-03 10:35:19
2022-02-03 22:36:51,2022-02-03 22:37:05,Located_Outdoors,annotator,Behavioral Parameters,2022-02-03 10:35:19,2022-02-03 10:35:33
2022-02-03 22:37:06,2022-02-03 22:37:15,Located_Outdoors, In_Conversation,annotator,Behavioral Parameters,2022-02-03 10:35:34,2022-02-03 10:35:43
2022-02-03 22:37:15,2022-02-03 22:38:03,In_Conversation, Located_Indoors,annotator,Behavioral Parameters,2022-02-03 10:35:43,2022-02-03 10:36:31
2022-02-03 22:38:03,2022-02-03 22:38:29,In_Conversation, Located_Indoors, Holding_Other_Object_Light,annotator,Behavioral Parameters,2022-02-03 10:36:31,2022-02-03 10:36:57
2022-02-03 22:38:29,2022-02-03 22:38:53,Located_Indoors, Holding_Other_Object_Light,annotator,Behavioral Parameters,2022-02-03 10:36:57,2022-02-03 10:37:21
2022-02-03 22:38:53,2022-02-03 22:39:01,Holding_Other_Object_Light, Located_Outdoors,annotator,Behavioral Parameters,2022-02-03 10:37:21,2022-02-03 10:37:29
2022-02-03 22:39:01,2022-02-03 22:39:08,Holding_Other_Object_Light, Located_Outdoors, In_Conversation,annotator,Behavioral Parameters,2022-02-03 10:37:29,2022-02-03 10:37:36
2022-02-03 22:39:08,2022-02-03 22:39:16,Holding_Other_Object_Light, Located_Outdoors,annotator,Behavioral Parameters,2022-02-03 10:37:36,2022-02-03 10:37:44
2022-02-03 22:39:16,2022-02-03 22:40:19,Located_Outdoors, Holding_Other_Object_Heavy,annotator,Behavioral Parameters,2022-02-03 10:37:44,2022-02-03 10:38:47
2022-02-03 22:40:29,2022-02-03 22:41:31,Located_Outdoors, In_Conversation,annotator,Behavioral Parameters,2022-02-03 10:38:57,2022-02-03 10:39:59
2022-02-03 22:41:40,2022-02-03 22:42:08,Located_Outdoors, In_Conversation,annotator,Behavioral Parameters,2022-02-03 10:40:08,2022-02-03 10:40:36
2022-02-03 22:42:09,2022-02-03 22:42:42,Located_Outdoors,annotator,Behavioral Parameters,2022-02-03 10:40:37,2022-02-03 10:41:10
2022-02-03 22:42:42,2022-02-03 22:43:24,Located_Outdoors, Texting/Browsing_Phone,annotator,Behavioral Parameters,2022-02-03 10:41:10,2022-02-03 10:41:52
2022-02-03 22:43:24,2022-02-03 22:53:54,Located_Outdoors,annotator,Behavioral Parameters,2022-02-03 10:41:52,2022-02-03 10:52:22
2022-02-03 22:53:54,2022-02-03 23:00:18,Located_Outdoors, Texting/Browsing_Phone,annotator,Behavioral Parameters,2022-02-03 10:52:22,2022-02-03 10:58:46
2022-02-03 23:00:18,2022-02-03 23:01:54,Located_Outdoors,annotator,Behavioral Parameters,2022-02-03 10:58:46,2022-02-03 11:00:22
2022-02-03 23:01:55,2022-02-03 23:02:51,Located_Outdoors,annotator,Behavioral Parameters,2022-02-03 11:00:23,2022-02-03 11:01:19
2022-02-03 23:03:07,2022-02-03 23:03:22,Located_Indoors, Holding_Other_Object_Light,annotator,Behavioral Parameters,2022-02-03 11:01:35,2022-02-03 11:01:50
2022-02-03 23:03:22,2022-02-03 23:03:30,Located_Indoors, Holding_Other_Object_Light, Texting/Browsing_Phone,annotator,Behavioral Parameters,2022-02-03 11:01:50,2022-02-03 11:01:58
2022-02-03 23:04:23,2022-02-03 23:04:45,Located_Indoors, Holding_Other_Object_Light, Texting/Browsing_Phone,annotator,Behavioral Parameters,2022-02-03 11:02:51,2022-02-03 11:03:13
2022-02-03 23:04:49,2022-02-03 23:05:19,Located_Indoors, Texting/Browsing_Phone,annotator,Behavioral Parameters,2022-02-03 11:03:17,2022-02-03 11:03:47
2022-02-03 23:05:19,2022-02-03 23:06:16,Located_Indoors,annotator,Behavioral Parameters,2022-02-03 11:03:47,2022-02-03 11:04:44
2022-02-03 23:06:16,2022-02-03 23:06:34,Located_Indoors, Holding_Other_Object_Light,annotator,Behavioral Parameters,2022-02-03 11:04:44,2022-02-03 11:05:02
2022-02-03 23:06:34,2022-02-03 23:11:45,Located_Indoors, Holding_Other_Object_Light,annotator,Behavioral Parameters,2022-02-03 11:05:02,2022-02-03 11:10:13
2022-02-03 23:11:47,2022-02-03 23:12:02,Located_Indoors, Holding_Other_Object_Light, In_Conversation,annotator,Behavioral Parameters,2022-02-03 11:10:15,2022-02-03 11:10:30
2022-02-03 23:12:10,2022-02-03 23:13:24,Located_Indoors, Holding_Other_Object_Light,annotator,Behavioral Parameters,2022-02-03 11:10:38,2022-02-03 11:11:52
2022-02-03 23:13:24,2022-02-03 23:15:11,Located_Indoors, Texting/Browsing_Phone,annotator,Behavioral Parameters,2022-02-03 11:11:52,2022-02-03 11:13:39
2022-02-03 23:15:11,2022-02-03 23:44:48,Located_Indoors, In_Conversation, Holding_Other_Object_Light,annotator,Behavioral Parameters,2022-02-03 11:13:39,2022-02-03 11:43:16
2022-02-03 23:44:49,2022-02-03 23:45:44,Located_Indoors, Legs_Crossed,annotator,Behavioral Parameters,2022-02-03 11:43:17,2022-02-03 11:44:12
2022-02-03 23:46:07,2022-02-03 23:48:50,Located_Indoors,annotator,Behavioral Parameters,2022-02-03 11:44:35,2022-02-03 11:47:18
2022-02-03 23:48:50,2022-02-03 23:56:42,Located_Indoors, Texting/Browsing_Phone,annotator,Behavioral Parameters,2022-02-03 11:47:18,2022-02-03 11:55:10
2022-02-03 23:56:44,2022-02-03 23:56:59,Located_Indoors,annotator,Behavioral Parameters,2022-02-03 11:55:12,2022-02-03 11:55:27
2022-02-03 23:57:00,2022-02-03 23:57:18,Located_Indoors,annotator,Behavioral Parameters,2022-02-03 11:55:28,2022-02-03 11:55:46
2022-02-03 23:57:24,2022-02-03 23:57:55,Located_Indoors, Texting/Browsing_Phone,annotator,Behavioral Parameters,2022-02-03 11:55:52,2022-02-03 11:56:23
2022-02-03 23:57:56,2022-02-03 23:59:07,Located_Indoors, Holding_Solid_Food,annotator,Behavioral Parameters,2022-02-03 11:56:24,2022-02-03 11:57:35
2022-02-03 23:59:07,2022-02-04 00:00:10,Located_Indoors, Texting/Browsing_Phone,annotator,Behavioral Parameters,2022-02-03 11:57:35,2022-02-03 11:58:38
2022-02-04 00:00:10,2022-02-04 00:00:47,Located_Indoors, Holding_Solid_Food, Holding_Other_Object_Light,annotator,Behavioral Parameters,2022-02-03 11:58:38,2022-02-03 11:59:15
2022-02-04 00:00:47,2022-02-04 00:01:27,Located_Indoors, Holding_Solid_Food, Holding_Other_Object_Light,annotator,Behavioral Parameters,2022-02-03 11:59:15,2022-02-03 11:59:55
2022-02-04 00:01:27,2022-02-04 00:01:40,Located_Indoors, Holding_Solid_Food, Holding_Drink,annotator,Behavioral Parameters,2022-02-03 11:59:55,2022-02-03 12:00:08
2022-02-04 00:01:40,2022-02-04 00:02:36,Located_Indoors, Holding_Solid_Food, Holding_Other_Object_Light,annotator,Behavioral Parameters,2022-02-03 12:00:08,2022-02-03 12:01:04
2022-02-04 00:02:44,2022-02-04 00:14:20,Located_Indoors, Holding_Solid_Food, Holding_Other_Object_Light,annotator,Behavioral Parameters,2022-02-03 12:01:12,2022-02-03 12:12:48
2022-02-04 00:14:20,2022-02-04 00:15:58,Located_Indoors,annotator,Behavioral Parameters,2022-02-03 12:12:48,2022-02-03 12:14:26
2022-02-04 00:15:59,2022-02-04 00:18:12,Located_Indoors, Holding_Other_Object_Light,annotator,Behavioral Parameters,2022-02-03 12:14:27,2022-02-03 12:16:40
2022-02-04 00:18:12,2022-02-04 00:21:18,Located_Indoors, Holding_Other_Object_Light,annotator,Behavioral Parameters,2022-02-03 12:16:40,2022-02-03 12:19:46
2022-02-04 00:21:18,2022-02-04 00:22:19,Located_Indoors, Holding_Other_Object_Light, Legs_Crossed,annotator,Behavioral Parameters,2022-02-03 12:19:46,2022-02-03 12:20:47
2022-02-04 00:22:19,2022-02-04 00:23:48,Located_Indoors, Holding_Other_Object_Light,annotator,Behavioral Parameters,2022-02-03 12:20:47,2022-02-03 12:22:16
2022-02-04 00:23:50,2022-02-04 00:27:06,Located_Indoors, Holding_Other_Object_Light, Texting/Browsing_Phone,annotator,Behavioral Parameters,2022-02-03 12:22:18,2022-02-03 12:25:34
2022-02-04 00:27:08,2022-02-04 00:29:09,Located_Indoors, Holding_Other_Object_Light,annotator,Behavioral Parameters,2022-02-03 12:25:36,2022-02-03 12:27:37
2022-02-04 00:29:09,2022-02-04 00:43:53,Located_Indoors,annotator,Behavioral Parameters,2022-02-03 12:27:37,2022-02-03 12:42:21
2022-02-04 00:44:01,2022-02-04 00:44:45,Located_Indoors, In_Conversation,annotator,Behavioral Parameters,2022-02-03 12:42:29,2022-02-03 12:43:13
2022-02-04 00:44:54,2022-02-04 00:47:35,Located_Indoors,annotator,Behavioral Parameters,2022-02-03 12:43:22,2022-02-03 12:46:03
2022-02-04 00:47:43,2022-02-04 00:48:45,Located_Indoors, Holding_Other_Object_Light,annotator,Behavioral Parameters,2022-02-03 12:46:11,2022-02-03 12:47:13
2022-02-04 00:48:48,2022-02-04 00:49:30,Located_Indoors, Holding_Other_Object_Light,annotator,Behavioral Parameters,2022-02-03 12:47:16,2022-02-03 12:47:58
2022-02-04 00:49:30,2022-02-04 00:49:40,Located_Indoors, Holding_Other_Object_Light,annotator,Behavioral Parameters,2022-02-03 12:47:58,2022-02-03 12:48:08
2022-02-04 00:49:42,2022-02-04 00:49:58,Located_Indoors, Holding_Other_Object_Light,annotator,Behavioral Parameters,2022-02-03 12:48:10,2022-02-03 12:48:26
2022-02-04 00:51:20,2022-02-04 00:51:30,Located_Indoors,annotator,Behavioral Parameters,2022-02-03 12:49:48,2022-02-03 12:49:58
2022-02-04 00:51:30,2022-02-04 00:51:52,Located_Indoors,annotator,Behavioral Parameters,2022-02-03 12:49:58,2022-02-03 12:50:20
2022-02-04 00:51:52,2022-02-04 00:52:11,Located_Indoors, Texting/Browsing_Phone,annotator,Behavioral Parameters,2022-02-03 12:50:20,2022-02-03 12:50:39
