START_TIME,STOP_TIME,PREDICTION,SOURCE,LABELSET,VIDEO_START_TIME,VIDEO_END_TIME
2022-06-05 10:43:54,2022-06-05 10:43:59,Located_Indoors, BP_Too_Complex,annotator,Behavioral Parameters,2022-06-05 00:00:00,2022-06-05 00:00:05
2022-06-05 10:43:59,2022-06-05 10:44:06,Located_Indoors,annotator,Behavioral Parameters,2022-06-05 00:00:05,2022-06-05 00:00:12
2022-06-05 10:44:06,2022-06-05 10:44:44,Located_Indoors, BP_VideoUnavailable/Indecipherable,annotator,Behavioral Parameters,2022-06-05 00:00:12,2022-06-05 00:00:50
2022-06-05 10:44:44,2022-06-05 10:44:50,Located_Indoors,annotator,Behavioral Parameters,2022-06-05 00:00:50,2022-06-05 00:00:56
2022-06-05 10:44:50,2022-06-05 10:45:03,Located_Indoors,annotator,Behavioral Parameters,2022-06-05 00:00:56,2022-06-05 00:01:09
2022-06-05 10:45:03,2022-06-05 10:45:13,Located_Indoors,annotator,Behavioral Parameters,2022-06-05 00:01:09,2022-06-05 00:01:19
2022-06-05 10:45:13,2022-06-05 10:45:36,Located_Indoors, BP_VideoUnavailable/Indecipherable,annotator,Behavioral Parameters,2022-06-05 00:01:19,2022-06-05 00:01:42
2022-06-05 10:45:36,2022-06-05 10:45:48,Located_Indoors, BP_VideoUnavailable/Indecipherable,annotator,Behavioral Parameters,2022-06-05 00:01:42,2022-06-05 00:01:54
2022-06-05 10:45:48,2022-06-05 10:46:12,Located_Indoors,annotator,Behavioral Parameters,2022-06-05 00:01:54,2022-06-05 00:02:18
2022-06-05 10:46:12,2022-06-05 10:46:20,Located_Indoors, Holding_Other_Object_Light,annotator,Behavioral Parameters,2022-06-05 00:02:18,2022-06-05 00:02:26
2022-06-05 10:46:20,2022-06-05 10:46:35,Located_Indoors,annotator,Behavioral Parameters,2022-06-05 00:02:26,2022-06-05 00:02:41
2022-06-05 10:46:35,2022-06-05 10:50:23,Located_Indoors, Holding_Other_Object_Light,annotator,Behavioral Parameters,2022-06-05 00:02:41,2022-06-05 00:06:29
2022-06-05 10:50:23,2022-06-05 10:50:40,Located_Indoors, Holding_Other_Object_Light,annotator,Behavioral Parameters,2022-06-05 00:06:29,2022-06-05 00:06:46
2022-06-05 10:50:40,2022-06-05 10:50:58,Located_Indoors,annotator,Behavioral Parameters,2022-06-05 00:06:46,2022-06-05 00:07:04
2022-06-05 10:50:58,2022-06-05 10:51:08,Located_Indoors,annotator,Behavioral Parameters,2022-06-05 00:07:04,2022-06-05 00:07:14
2022-06-05 10:51:08,2022-06-05 10:51:25,Located_Indoors,annotator,Behavioral Parameters,2022-06-05 00:07:14,2022-06-05 00:07:31
2022-06-05 10:51:25,2022-06-05 10:51:30,Located_Indoors,annotator,Behavioral Parameters,2022-06-05 00:07:31,2022-06-05 00:07:36
2022-06-05 10:51:30,2022-06-05 10:51:34,Located_Indoors,annotator,Behavioral Parameters,2022-06-05 00:07:36,2022-06-05 00:07:40
2022-06-05 10:51:34,2022-06-05 10:51:38,Located_Indoors,annotator,Behavioral Parameters,2022-06-05 00:07:40,2022-06-05 00:07:44
2022-06-05 10:51:38,2022-06-05 10:51:57,Located_Indoors,annotator,Behavioral Parameters,2022-06-05 00:07:44,2022-06-05 00:08:03
2022-06-05 10:51:57,2022-06-05 10:52:09,Located_Indoors, Holding_Other_Object_Light,annotator,Behavioral Parameters,2022-06-05 00:08:03,2022-06-05 00:08:15
2022-06-05 10:52:09,2022-06-05 10:52:14,Located_Indoors,annotator,Behavioral Parameters,2022-06-05 00:08:15,2022-06-05 00:08:20
2022-06-05 10:52:14,2022-06-05 10:52:20,Located_Indoors, Holding_Other_Object_Light,annotator,Behavioral Parameters,2022-06-05 00:08:20,2022-06-05 00:08:26
2022-06-05 10:52:20,2022-06-05 10:54:33,Located_Indoors, Holding_Other_Object_Light,annotator,Behavioral Parameters,2022-06-05 00:08:26,2022-06-05 00:10:39
2022-06-05 10:54:33,2022-06-05 10:54:40,Located_Indoors,annotator,Behavioral Parameters,2022-06-05 00:10:39,2022-06-05 00:10:46
2022-06-05 10:54:40,2022-06-05 10:54:56,Located_Indoors, Holding_Other_Object_Light,annotator,Behavioral Parameters,2022-06-05 00:10:46,2022-06-05 00:11:02
2022-06-05 10:54:56,2022-06-05 10:55:14,Located_Indoors, BP_VideoUnavailable/Indecipherable,annotator,Behavioral Parameters,2022-06-05 00:11:02,2022-06-05 00:11:20
2022-06-05 10:55:14,2022-06-05 10:55:19,Located_Indoors,annotator,Behavioral Parameters,2022-06-05 00:11:20,2022-06-05 00:11:25
2022-06-05 10:55:19,2022-06-05 10:56:05,Located_Indoors, Holding_Other_Object_Light,annotator,Behavioral Parameters,2022-06-05 00:11:25,2022-06-05 00:12:11
2022-06-05 10:56:05,2022-06-05 10:56:15,Located_Indoors, BP_VideoUnavailable/Indecipherable,annotator,Behavioral Parameters,2022-06-05 00:12:11,2022-06-05 00:12:21
2022-06-05 10:56:15,2022-06-05 10:56:19,Located_Indoors,annotator,Behavioral Parameters,2022-06-05 00:12:21,2022-06-05 00:12:25
2022-06-05 10:56:19,2022-06-05 10:56:40,Located_Indoors, Holding_Other_Object_Light,annotator,Behavioral Parameters,2022-06-05 00:12:25,2022-06-05 00:12:46
2022-06-05 10:56:40,2022-06-05 10:56:44,Located_Indoors,annotator,Behavioral Parameters,2022-06-05 00:12:46,2022-06-05 00:12:50
2022-06-05 10:56:44,2022-06-05 10:56:47,Located_Indoors,annotator,Behavioral Parameters,2022-06-05 00:12:50,2022-06-05 00:12:53
2022-06-05 10:56:47,2022-06-05 10:57:10,Located_Indoors, Holding_Other_Object_Light,annotator,Behavioral Parameters,2022-06-05 00:12:53,2022-06-05 00:13:16
2022-06-05 10:57:10,2022-06-05 10:57:13,Located_Indoors,annotator,Behavioral Parameters,2022-06-05 00:13:16,2022-06-05 00:13:19
2022-06-05 10:57:13,2022-06-05 10:57:22,Located_Indoors, Holding_Other_Object_Heavy,annotator,Behavioral Parameters,2022-06-05 00:13:19,2022-06-05 00:13:28
2022-06-05 10:57:22,2022-06-05 10:57:28,Located_Indoors,annotator,Behavioral Parameters,2022-06-05 00:13:28,2022-06-05 00:13:34
2022-06-05 10:57:28,2022-06-05 10:57:44,Located_Indoors, Holding_Other_Object_Light,annotator,Behavioral Parameters,2022-06-05 00:13:34,2022-06-05 00:13:50
2022-06-05 10:57:44,2022-06-05 10:57:49,Located_Indoors, Holding_Other_Object_Light,annotator,Behavioral Parameters,2022-06-05 00:13:50,2022-06-05 00:13:55
2022-06-05 10:57:49,2022-06-05 10:58:25,Located_Indoors, Holding_Other_Object_Light,annotator,Behavioral Parameters,2022-06-05 00:13:55,2022-06-05 00:14:31
2022-06-05 10:58:25,2022-06-05 10:58:28,Located_Indoors, Holding_Other_Object_Light,annotator,Behavioral Parameters,2022-06-05 00:14:31,2022-06-05 00:14:34
2022-06-05 10:58:28,2022-06-05 10:58:45,Located_Indoors, Holding_Other_Object_Light,annotator,Behavioral Parameters,2022-06-05 00:14:34,2022-06-05 00:14:51
2022-06-05 10:58:45,2022-06-05 10:58:53,Located_Indoors, Holding_Drink,annotator,Behavioral Parameters,2022-06-05 00:14:51,2022-06-05 00:14:59
2022-06-05 10:58:53,2022-06-05 10:58:56,Located_Indoors, Holding_Drink,annotator,Behavioral Parameters,2022-06-05 00:14:59,2022-06-05 00:15:02
2022-06-05 10:58:56,2022-06-05 10:59:05,Located_Indoors, Holding_Drink,annotator,Behavioral Parameters,2022-06-05 00:15:02,2022-06-05 00:15:11
2022-06-05 10:59:05,2022-06-05 10:59:09,Located_Indoors, Holding_Drink,annotator,Behavioral Parameters,2022-06-05 00:15:11,2022-06-05 00:15:15
2022-06-05 10:59:09,2022-06-05 10:59:44,Located_Indoors, Holding_Drink,annotator,Behavioral Parameters,2022-06-05 00:15:15,2022-06-05 00:15:50
2022-06-05 10:59:44,2022-06-05 10:59:48,Located_Indoors, Holding_Drink,annotator,Behavioral Parameters,2022-06-05 00:15:50,2022-06-05 00:15:54
2022-06-05 10:59:48,2022-06-05 10:59:54,Located_Indoors, Holding_Drink,annotator,Behavioral Parameters,2022-06-05 00:15:54,2022-06-05 00:16:00
2022-06-05 10:59:54,2022-06-05 10:59:59,Located_Indoors, Holding_Drink,annotator,Behavioral Parameters,2022-06-05 00:16:00,2022-06-05 00:16:05
2022-06-05 10:59:59,2022-06-05 11:02:00,Located_Indoors, Holding_Other_Object_Light,annotator,Behavioral Parameters,2022-06-05 00:16:05,2022-06-05 00:18:06
2022-06-05 11:02:00,2022-06-05 11:02:07,Located_Indoors,annotator,Behavioral Parameters,2022-06-05 00:18:06,2022-06-05 00:18:13
2022-06-05 11:02:07,2022-06-05 11:02:27,Located_Indoors,annotator,Behavioral Parameters,2022-06-05 00:18:13,2022-06-05 00:18:33
2022-06-05 11:02:27,2022-06-05 11:02:37,Located_Indoors,annotator,Behavioral Parameters,2022-06-05 00:18:33,2022-06-05 00:18:43
2022-06-05 11:02:37,2022-06-05 11:02:52,Located_Indoors, Holding_Bag/BriefCase_Hand_Light, Holding_Other_Object_Light,annotator,Behavioral Parameters,2022-06-05 00:18:43,2022-06-05 00:18:58
2022-06-05 11:02:52,2022-06-05 11:03:16,Located_Indoors, Holding_Other_Object_Light,annotator,Behavioral Parameters,2022-06-05 00:18:58,2022-06-05 00:19:22
2022-06-05 11:03:17,2022-06-05 11:03:34,Located_Indoors,annotator,Behavioral Parameters,2022-06-05 00:19:23,2022-06-05 00:19:40
2022-06-05 11:03:34,2022-06-05 11:03:57,Located_Indoors, Holding_Other_Object_Light,annotator,Behavioral Parameters,2022-06-05 00:19:40,2022-06-05 00:20:03
2022-06-05 11:03:57,2022-06-05 11:04:05,Located_Indoors,annotator,Behavioral Parameters,2022-06-05 00:20:03,2022-06-05 00:20:11
