START_TIME,STOP_TIME,PREDICTION,SOURCE,LABELSET,VIDEO_START_TIME,VIDEO_END_TIME
2022-05-05 19:26:14,2022-05-05 19:34:07,Free_Living,annotator,Experimental situation,2022-05-05 00:00:48,2022-05-05 00:08:41
2022-05-05 19:34:14,2022-05-05 19:37:37,Free_Living,annotator,Experimental situation,2022-05-05 00:08:48,2022-05-05 00:12:11
2022-05-05 19:37:45,2022-05-05 19:52:12,Free_Living,annotator,Experimental situation,2022-05-05 00:12:19,2022-05-05 00:26:46
2022-05-05 19:52:27,2022-05-05 19:55:38,Free_Living,annotator,Experimental situation,2022-05-05 00:27:01,2022-05-05 00:30:12
2022-05-05 19:55:41,2022-05-05 19:56:19,Free_Living,annotator,Experimental situation,2022-05-05 00:30:15,2022-05-05 00:30:53
2022-05-05 19:56:20,2022-05-05 20:03:08,Free_Living,annotator,Experimental situation,2022-05-05 00:30:54,2022-05-05 00:37:42
2022-05-05 20:03:09,2022-05-05 20:03:25,Free_Living,annotator,Experimental situation,2022-05-05 00:37:43,2022-05-05 00:37:59
2022-05-05 20:03:28,2022-05-05 20:04:02,Free_Living,annotator,Experimental situation,2022-05-05 00:38:02,2022-05-05 00:38:36
2022-05-05 20:04:10,2022-05-05 20:17:09,Free_Living,annotator,Experimental situation,2022-05-05 00:38:44,2022-05-05 00:51:43
2022-05-05 20:17:13,2022-05-05 20:18:59,Free_Living,annotator,Experimental situation,2022-05-05 00:51:47,2022-05-05 00:53:33
