{
    "annotations": [
        {
            "id": "5f20eca5-181f-411e-9196-cef2c8863675",
            "range": {
                "start": 0.059485,
                "end": 0.314127
            },
            "shape": {
                "x1": null,
                "x2": null,
                "y1": null,
                "y2": null
            },
            "comments": [
                {
                    "id": "2f95c6d6-72a2-b30a-57bf-539232a1793c",
                    "meta": {
                        "datetime": "2022-03-05T21:52:33.137Z",
                        "user_id": 2,
                        "user_name": "Harish"
                    },
                    "body": "[{\"category\":\"POSTURE\",\"selectedValue\":\"In_Position_Kneeling\"},{\"category\":\"HIGH LEVEL BEHAVIOR\",\"selectedValue\":[\"Administering_Child/Elder/Other_Adult\"]},{\"category\":\"PA TYPE\",\"selectedValue\":\"Applying_Makeup\"},{\"category\":\"Behavioral Parameters\",\"selectedValue\":[\"BP_Other\"]},{\"category\":\"Experimental situation\",\"selectedValue\":\"ES_Other\"}]"
                }
            ]
        }
    ],
    "videoHash": -1525124790
}