START_TIME,STOP_TIME,PREDICTION,SOURCE,LABELSET,VIDEO_START_TIME,VIDEO_END_TIME
2022-03-12 09:24:53,2022-03-12 09:25:19,,annotator,HIGH LEVEL BEHAVIOR,2022-03-12 00:00:00,2022-03-12 00:00:26
2022-03-12 09:25:22,2022-03-12 09:25:52,,annotator,HIGH LEVEL BEHAVIOR,2022-03-12 00:00:29,2022-03-12 00:00:59
2022-03-12 09:25:56,2022-03-12 09:26:33,Using_Computer/Screen,annotator,HIGH LEVEL BEHAVIOR,2022-03-12 00:01:03,2022-03-12 00:01:40
2022-03-12 09:26:34,2022-03-12 09:27:16,Using_Computer/Screen,annotator,HIGH LEVEL BEHAVIOR,2022-03-12 00:01:41,2022-03-12 00:02:23
2022-03-12 09:27:16,2022-03-12 09:27:31,Using_Computer/Screen,annotator,HIGH LEVEL BEHAVIOR,2022-03-12 00:02:23,2022-03-12 00:02:38
2022-03-12 09:27:34,2022-03-12 09:28:24,Using_Computer/Screen,annotator,HIGH LEVEL BEHAVIOR,2022-03-12 00:02:41,2022-03-12 00:03:31
2022-03-12 09:28:24,2022-03-12 09:28:56,Using_Computer/Screen,annotator,HIGH LEVEL BEHAVIOR,2022-03-12 00:03:31,2022-03-12 00:04:03
2022-03-12 09:28:57,2022-03-12 09:29:20,Using_Computer/Screen,annotator,HIGH LEVEL BEHAVIOR,2022-03-12 00:04:04,2022-03-12 00:04:27
2022-03-12 09:29:20,2022-03-12 09:36:20,Using_Computer/Screen,annotator,HIGH LEVEL BEHAVIOR,2022-03-12 00:04:27,2022-03-12 00:11:27
2022-03-12 09:36:21,2022-03-12 09:36:27,Using_Computer/Screen,annotator,HIGH LEVEL BEHAVIOR,2022-03-12 00:11:28,2022-03-12 00:11:34
2022-03-12 09:36:28,2022-03-12 09:36:53,Using_Computer/Screen,annotator,HIGH LEVEL BEHAVIOR,2022-03-12 00:11:35,2022-03-12 00:12:00
2022-03-12 09:36:53,2022-03-12 09:37:55,Using_Computer/Screen,annotator,HIGH LEVEL BEHAVIOR,2022-03-12 00:12:00,2022-03-12 00:13:02
2022-03-12 09:37:56,2022-03-12 09:39:07,Using_Computer/Screen,annotator,HIGH LEVEL BEHAVIOR,2022-03-12 00:13:03,2022-03-12 00:14:14
2022-03-12 09:39:07,2022-03-12 09:41:29,Using_Computer/Screen,annotator,HIGH LEVEL BEHAVIOR,2022-03-12 00:14:14,2022-03-12 00:16:36
2022-03-12 09:41:33,2022-03-12 09:41:51,Using_Computer/Screen,annotator,HIGH LEVEL BEHAVIOR,2022-03-12 00:16:40,2022-03-12 00:16:58
2022-03-12 09:41:58,2022-03-12 09:43:28,Using_Computer/Screen,annotator,HIGH LEVEL BEHAVIOR,2022-03-12 00:17:05,2022-03-12 00:18:35
2022-03-12 09:43:29,2022-03-12 09:44:08,Using_Computer/Screen,annotator,HIGH LEVEL BEHAVIOR,2022-03-12 00:18:36,2022-03-12 00:19:15
2022-03-12 09:44:10,2022-03-12 09:48:05,HLB_Indecipherable/Video_Insufficient,annotator,HIGH LEVEL BEHAVIOR,2022-03-12 00:19:17,2022-03-12 00:23:12
2022-03-12 09:48:06,2022-03-12 09:48:37,Using_Computer/Screen,annotator,HIGH LEVEL BEHAVIOR,2022-03-12 00:23:13,2022-03-12 00:23:44
2022-03-12 09:48:39,2022-03-12 09:49:33,Using_Computer/Screen,annotator,HIGH LEVEL BEHAVIOR,2022-03-12 00:23:46,2022-03-12 00:24:40
2022-03-12 09:49:34,2022-03-12 10:05:00,Using_Computer/Screen,annotator,HIGH LEVEL BEHAVIOR,2022-03-12 00:24:41,2022-03-12 00:40:07
2022-03-12 10:05:00,2022-03-12 10:05:28,HLB_Indecipherable/Video_Insufficient,annotator,HIGH LEVEL BEHAVIOR,2022-03-12 00:40:07,2022-03-12 00:40:35
2022-03-12 10:05:28,2022-03-12 10:06:15,Using_Computer/Screen,annotator,HIGH LEVEL BEHAVIOR,2022-03-12 00:40:35,2022-03-12 00:41:22
2022-03-12 10:06:16,2022-03-12 10:09:40,Using_Computer/Screen,annotator,HIGH LEVEL BEHAVIOR,2022-03-12 00:41:23,2022-03-12 00:44:47
2022-03-12 10:09:40,2022-03-12 10:11:06,HLB_Indecipherable/Video_Insufficient,annotator,HIGH LEVEL BEHAVIOR,2022-03-12 00:44:47,2022-03-12 00:46:13
2022-03-12 10:11:06,2022-03-12 10:11:39,Using_Computer/Screen,annotator,HIGH LEVEL BEHAVIOR,2022-03-12 00:46:13,2022-03-12 00:46:46
2022-03-12 10:11:39,2022-03-12 10:12:28,HLB_Indecipherable/Video_Insufficient,annotator,HIGH LEVEL BEHAVIOR,2022-03-12 00:46:46,2022-03-12 00:47:35
2022-03-12 10:12:36,2022-03-12 10:13:02,HLB_Indecipherable/Video_Insufficient,annotator,HIGH LEVEL BEHAVIOR,2022-03-12 00:47:43,2022-03-12 00:48:09
2022-03-12 10:13:03,2022-03-12 10:13:17,Using_Computer/Screen,annotator,HIGH LEVEL BEHAVIOR,2022-03-12 00:48:10,2022-03-12 00:48:24
2022-03-12 10:13:17,2022-03-12 10:16:04,HLB_Indecipherable/Video_Insufficient,annotator,HIGH LEVEL BEHAVIOR,2022-03-12 00:48:24,2022-03-12 00:51:11
2022-03-12 10:16:06,2022-03-12 10:17:25,Using_Computer/Screen,annotator,HIGH LEVEL BEHAVIOR,2022-03-12 00:51:13,2022-03-12 00:52:32
2022-03-12 10:17:26,2022-03-12 10:18:55,HLB_Indecipherable/Video_Insufficient,annotator,HIGH LEVEL BEHAVIOR,2022-03-12 00:52:33,2022-03-12 00:54:02
2022-03-12 10:18:55,2022-03-12 10:22:16,Using_Computer/Screen,annotator,HIGH LEVEL BEHAVIOR,2022-03-12 00:54:02,2022-03-12 00:57:23
2022-03-12 10:22:17,2022-03-12 10:31:45,Using_Computer/Screen,annotator,HIGH LEVEL BEHAVIOR,2022-03-12 00:57:24,2022-03-12 01:06:52
2022-03-12 10:31:46,2022-03-12 10:34:01,HLB_Indecipherable/Video_Insufficient,annotator,HIGH LEVEL BEHAVIOR,2022-03-12 01:06:53,2022-03-12 01:09:08
2022-03-12 10:34:02,2022-03-12 10:34:32,HLB_Indecipherable/Video_Insufficient,annotator,HIGH LEVEL BEHAVIOR,2022-03-12 01:09:09,2022-03-12 01:09:39
2022-03-12 10:34:38,2022-03-12 10:34:54,,annotator,HIGH LEVEL BEHAVIOR,2022-03-12 01:09:45,2022-03-12 01:10:01
2022-03-12 10:35:02,2022-03-12 10:35:48,HLB_Indecipherable/Video_Insufficient,annotator,HIGH LEVEL BEHAVIOR,2022-03-12 01:10:09,2022-03-12 01:10:55
2022-03-12 10:35:50,2022-03-12 10:36:40,Using_Computer/Screen,annotator,HIGH LEVEL BEHAVIOR,2022-03-12 01:10:57,2022-03-12 01:11:47
2022-03-12 10:36:41,2022-03-12 10:38:00,Using_Computer/Screen,annotator,HIGH LEVEL BEHAVIOR,2022-03-12 01:11:48,2022-03-12 01:13:07
2022-03-12 10:38:01,2022-03-12 10:38:57,Using_Computer/Screen, WatchingTV/Movies,annotator,HIGH LEVEL BEHAVIOR,2022-03-12 01:13:08,2022-03-12 01:14:04
2022-03-12 10:38:57,2022-03-12 10:41:27,HLB_Indecipherable/Video_Insufficient,annotator,HIGH LEVEL BEHAVIOR,2022-03-12 01:14:04,2022-03-12 01:16:34
2022-03-12 10:41:28,2022-03-12 10:43:08,Using_Computer/Screen, WatchingTV/Movies,annotator,HIGH LEVEL BEHAVIOR,2022-03-12 01:16:35,2022-03-12 01:18:15
2022-03-12 10:43:08,2022-03-12 10:57:51,HLB_Indecipherable/Video_Insufficient,annotator,HIGH LEVEL BEHAVIOR,2022-03-12 01:18:15,2022-03-12 01:32:58
2022-03-12 10:57:51,2022-03-12 11:07:16,HLB_Indecipherable/Video_Insufficient,annotator,HIGH LEVEL BEHAVIOR,2022-03-12 01:32:58,2022-03-12 01:42:23
2022-03-12 11:07:16,2022-03-12 11:07:27,Using_Computer/Screen,annotator,HIGH LEVEL BEHAVIOR,2022-03-12 01:42:23,2022-03-12 01:42:34
2022-03-12 11:07:28,2022-03-12 11:11:05,HLB_Indecipherable/Video_Insufficient,annotator,HIGH LEVEL BEHAVIOR,2022-03-12 01:42:35,2022-03-12 01:46:12
2022-03-12 11:11:06,2022-03-12 11:12:38,Using_Computer/Screen, WatchingTV/Movies,annotator,HIGH LEVEL BEHAVIOR,2022-03-12 01:46:13,2022-03-12 01:47:45
2022-03-12 11:12:39,2022-03-12 11:14:59,Using_Computer/Screen,annotator,HIGH LEVEL BEHAVIOR,2022-03-12 01:47:46,2022-03-12 01:50:06
2022-03-12 11:14:59,2022-03-12 11:16:41,Using_Computer/Screen,annotator,HIGH LEVEL BEHAVIOR,2022-03-12 01:50:06,2022-03-12 01:51:48
2022-03-12 11:16:41,2022-03-12 11:17:35,Using_Computer/Screen,annotator,HIGH LEVEL BEHAVIOR,2022-03-12 01:51:48,2022-03-12 01:52:42
2022-03-12 11:17:36,2022-03-12 11:23:28,Using_Computer/Screen,annotator,HIGH LEVEL BEHAVIOR,2022-03-12 01:52:43,2022-03-12 01:58:35
2022-03-12 11:23:28,2022-03-12 11:24:40,Using_Computer/Screen,annotator,HIGH LEVEL BEHAVIOR,2022-03-12 01:58:35,2022-03-12 01:59:47
2022-03-12 11:24:41,2022-03-12 11:33:11,HLB_Indecipherable/Video_Insufficient,annotator,HIGH LEVEL BEHAVIOR,2022-03-12 01:59:48,2022-03-12 02:08:18
2022-03-12 11:33:11,2022-03-12 11:33:54,Using_Computer/Screen,annotator,HIGH LEVEL BEHAVIOR,2022-03-12 02:08:18,2022-03-12 02:09:01
2022-03-12 11:33:54,2022-03-12 11:36:52,Using_Computer/Screen,annotator,HIGH LEVEL BEHAVIOR,2022-03-12 02:09:01,2022-03-12 02:11:59
2022-03-12 11:36:52,2022-03-12 11:40:33,HLB_Indecipherable/Video_Insufficient,annotator,HIGH LEVEL BEHAVIOR,2022-03-12 02:11:59,2022-03-12 02:15:40
2022-03-12 11:40:33,2022-03-12 11:41:06,HLB_Indecipherable/Video_Insufficient,annotator,HIGH LEVEL BEHAVIOR,2022-03-12 02:15:40,2022-03-12 02:16:13
2022-03-12 11:41:07,2022-03-12 11:41:14,HLB_Indecipherable/Video_Insufficient,annotator,HIGH LEVEL BEHAVIOR,2022-03-12 02:16:14,2022-03-12 02:16:21
2022-03-12 11:41:18,2022-03-12 11:52:52,Using_Computer/Screen,annotator,HIGH LEVEL BEHAVIOR,2022-03-12 02:16:25,2022-03-12 02:27:59
2022-03-12 11:52:52,2022-03-12 11:53:27,Using_Computer/Screen,annotator,HIGH LEVEL BEHAVIOR,2022-03-12 02:27:59,2022-03-12 02:28:34
2022-03-12 11:53:27,2022-03-12 11:54:24,Using_Computer/Screen,annotator,HIGH LEVEL BEHAVIOR,2022-03-12 02:28:34,2022-03-12 02:29:31
2022-03-12 11:54:24,2022-03-12 11:59:21,Using_Computer/Screen,annotator,HIGH LEVEL BEHAVIOR,2022-03-12 02:29:31,2022-03-12 02:34:28
2022-03-12 11:59:23,2022-03-12 12:00:18,In_Transit_Active,annotator,HIGH LEVEL BEHAVIOR,2022-03-12 02:34:30,2022-03-12 02:35:25
2022-03-12 12:00:18,2022-03-12 12:00:59,Cooking/Prepping_Food,annotator,HIGH LEVEL BEHAVIOR,2022-03-12 02:35:25,2022-03-12 02:36:06
2022-03-12 12:00:59,2022-03-12 12:01:05,HLB_Unlabeled,annotator,HIGH LEVEL BEHAVIOR,2022-03-12 02:36:06,2022-03-12 02:36:12
2022-03-12 12:01:05,2022-03-12 12:01:29,HLB_Unlabeled,annotator,HIGH LEVEL BEHAVIOR,2022-03-12 02:36:12,2022-03-12 02:36:36
2022-03-12 12:01:29,2022-03-12 12:01:37,HLB_Unlabeled,annotator,HIGH LEVEL BEHAVIOR,2022-03-12 02:36:36,2022-03-12 02:36:44
2022-03-12 12:01:37,2022-03-12 12:01:48,Cooking/Prepping_Food,annotator,HIGH LEVEL BEHAVIOR,2022-03-12 02:36:44,2022-03-12 02:36:55
2022-03-12 12:01:48,2022-03-12 12:01:53,HLB_Unlabeled,annotator,HIGH LEVEL BEHAVIOR,2022-03-12 02:36:55,2022-03-12 02:37:00
2022-03-12 12:01:53,2022-03-12 12:02:03,HLB_Unlabeled,annotator,HIGH LEVEL BEHAVIOR,2022-03-12 02:37:00,2022-03-12 02:37:10
2022-03-12 12:02:03,2022-03-12 12:02:14,HLB_Unlabeled,annotator,HIGH LEVEL BEHAVIOR,2022-03-12 02:37:10,2022-03-12 02:37:21
2022-03-12 12:02:14,2022-03-12 12:02:48,HLB_Unlabeled,annotator,HIGH LEVEL BEHAVIOR,2022-03-12 02:37:21,2022-03-12 02:37:55
2022-03-12 12:02:48,2022-03-12 12:04:51,Cooking/Prepping_Food,annotator,HIGH LEVEL BEHAVIOR,2022-03-12 02:37:55,2022-03-12 02:39:58
2022-03-12 12:04:51,2022-03-12 12:04:56,Cooking/Prepping_Food,annotator,HIGH LEVEL BEHAVIOR,2022-03-12 02:39:58,2022-03-12 02:40:03
2022-03-12 12:04:56,2022-03-12 12:05:19,HLB_Unlabeled,annotator,HIGH LEVEL BEHAVIOR,2022-03-12 02:40:03,2022-03-12 02:40:26
2022-03-12 12:05:19,2022-03-12 12:05:23,HLB_Unlabeled,annotator,HIGH LEVEL BEHAVIOR,2022-03-12 02:40:26,2022-03-12 02:40:30
2022-03-12 12:05:23,2022-03-12 12:05:27,HLB_Unlabeled,annotator,HIGH LEVEL BEHAVIOR,2022-03-12 02:40:30,2022-03-12 02:40:34
2022-03-12 12:05:27,2022-03-12 12:06:40,HLB_Unlabeled,annotator,HIGH LEVEL BEHAVIOR,2022-03-12 02:40:34,2022-03-12 02:41:47
2022-03-12 12:06:40,2022-03-12 12:06:45,HLB_Unlabeled,annotator,HIGH LEVEL BEHAVIOR,2022-03-12 02:41:47,2022-03-12 02:41:52
2022-03-12 12:06:45,2022-03-12 12:06:51,HLB_Unlabeled,annotator,HIGH LEVEL BEHAVIOR,2022-03-12 02:41:52,2022-03-12 02:41:58
2022-03-12 12:06:51,2022-03-12 12:08:17,Cooking/Prepping_Food,annotator,HIGH LEVEL BEHAVIOR,2022-03-12 02:41:58,2022-03-12 02:43:24
2022-03-12 12:08:17,2022-03-12 12:08:44,HLB_Unlabeled,annotator,HIGH LEVEL BEHAVIOR,2022-03-12 02:43:24,2022-03-12 02:43:51
2022-03-12 12:20:28,2022-03-12 12:20:41,Using_Computer/Screen,annotator,HIGH LEVEL BEHAVIOR,2022-03-12 02:55:35,2022-03-12 02:55:48
2022-03-12 12:20:41,2022-03-12 12:21:55,Using_Computer/Screen, Eating/Dining, WatchingTV/Movies,annotator,HIGH LEVEL BEHAVIOR,2022-03-12 02:55:48,2022-03-12 02:57:02
2022-03-12 12:21:55,2022-03-12 12:23:02,Using_Computer/Screen, Eating/Dining,annotator,HIGH LEVEL BEHAVIOR,2022-03-12 02:57:02,2022-03-12 02:58:09
2022-03-12 12:23:02,2022-03-12 12:24:00,Using_Computer/Screen, Eating/Dining, WatchingTV/Movies,annotator,HIGH LEVEL BEHAVIOR,2022-03-12 02:58:09,2022-03-12 02:59:07
2022-03-12 12:24:00,2022-03-12 12:33:59,Using_Computer/Screen, WatchingTV/Movies,annotator,HIGH LEVEL BEHAVIOR,2022-03-12 02:59:07,2022-03-12 03:09:06
2022-03-12 12:33:59,2022-03-12 12:34:56,HLB_Unlabeled,annotator,HIGH LEVEL BEHAVIOR,2022-03-12 03:09:06,2022-03-12 03:10:03
2022-03-12 12:34:56,2022-03-12 12:35:02,HLB_Unlabeled,annotator,HIGH LEVEL BEHAVIOR,2022-03-12 03:10:03,2022-03-12 03:10:09
2022-03-12 12:35:02,2022-03-12 12:35:16,HLB_Unlabeled,annotator,HIGH LEVEL BEHAVIOR,2022-03-12 03:10:09,2022-03-12 03:10:23
2022-03-12 12:35:16,2022-03-12 12:39:38,Using_Computer/Screen,annotator,HIGH LEVEL BEHAVIOR,2022-03-12 03:10:23,2022-03-12 03:14:45
2022-03-12 12:39:38,2022-03-12 12:39:49,Using_Computer/Screen,annotator,HIGH LEVEL BEHAVIOR,2022-03-12 03:14:45,2022-03-12 03:14:56
2022-03-12 12:39:49,2022-03-12 12:40:09,HLB_Unlabeled,annotator,HIGH LEVEL BEHAVIOR,2022-03-12 03:14:56,2022-03-12 03:15:16
2022-03-12 12:40:09,2022-03-12 12:40:09,HLB_Unlabeled,annotator,HIGH LEVEL BEHAVIOR,2022-03-12 03:15:16,2022-03-12 03:15:16
2022-03-12 12:40:11,2022-03-12 12:40:45,HLB_Unlabeled,annotator,HIGH LEVEL BEHAVIOR,2022-03-12 03:15:18,2022-03-12 03:15:52
2022-03-12 12:40:45,2022-03-12 12:41:04,HLB_Unlabeled,annotator,HIGH LEVEL BEHAVIOR,2022-03-12 03:15:52,2022-03-12 03:16:11
2022-03-12 12:40:45,2022-03-12 12:40:45,HLB_Unlabeled,annotator,HIGH LEVEL BEHAVIOR,2022-03-12 03:15:52,2022-03-12 03:15:52
2022-03-12 12:41:04,2022-03-12 12:41:11,HLB_Unlabeled,annotator,HIGH LEVEL BEHAVIOR,2022-03-12 03:16:11,2022-03-12 03:16:18
2022-03-12 12:41:11,2022-03-12 12:41:36,HLB_Unlabeled,annotator,HIGH LEVEL BEHAVIOR,2022-03-12 03:16:18,2022-03-12 03:16:43
2022-03-12 12:41:36,2022-03-12 12:42:28,HLB_Unlabeled,annotator,HIGH LEVEL BEHAVIOR,2022-03-12 03:16:43,2022-03-12 03:17:35
2022-03-12 12:42:28,2022-03-12 12:48:22,HLB_Unlabeled,annotator,HIGH LEVEL BEHAVIOR,2022-03-12 03:17:35,2022-03-12 03:23:29
2022-03-12 12:48:22,2022-03-12 12:48:22,HLB_Unlabeled,annotator,HIGH LEVEL BEHAVIOR,2022-03-12 03:23:29,2022-03-12 03:23:29
2022-03-12 12:48:23,2022-03-12 12:48:59,Using_Computer/Screen, WatchingTV/Movies,annotator,HIGH LEVEL BEHAVIOR,2022-03-12 03:23:30,2022-03-12 03:24:06
2022-03-12 12:48:59,2022-03-12 12:49:39,HLB_Unlabeled,annotator,HIGH LEVEL BEHAVIOR,2022-03-12 03:24:06,2022-03-12 03:24:46
2022-03-12 12:49:02,2022-03-12 12:49:02,Using_Computer/Screen, WatchingTV/Movies,annotator,HIGH LEVEL BEHAVIOR,2022-03-12 03:24:09,2022-03-12 03:24:09
2022-03-12 12:49:39,2022-03-12 12:50:20,Using_Computer/Screen,annotator,HIGH LEVEL BEHAVIOR,2022-03-12 03:24:46,2022-03-12 03:25:27
2022-03-12 12:50:20,2022-03-12 12:52:06,Using_Computer/Screen, WatchingTV/Movies,annotator,HIGH LEVEL BEHAVIOR,2022-03-12 03:25:27,2022-03-12 03:27:13
2022-03-12 12:52:06,2022-03-12 12:53:06,Using_Computer/Screen, WatchingTV/Movies,annotator,HIGH LEVEL BEHAVIOR,2022-03-12 03:27:13,2022-03-12 03:28:13
2022-03-12 12:53:06,2022-03-12 12:57:24,Using_Computer/Screen, WatchingTV/Movies,annotator,HIGH LEVEL BEHAVIOR,2022-03-12 03:28:13,2022-03-12 03:32:31
2022-03-12 12:57:24,2022-03-12 12:57:31,Using_Computer/Screen,annotator,HIGH LEVEL BEHAVIOR,2022-03-12 03:32:31,2022-03-12 03:32:38
2022-03-12 12:57:31,2022-03-12 13:05:37,Using_Computer/Screen, WatchingTV/Movies,annotator,HIGH LEVEL BEHAVIOR,2022-03-12 03:32:38,2022-03-12 03:40:44
2022-03-12 13:05:37,2022-03-12 13:06:31,HLB_Unlabeled,annotator,HIGH LEVEL BEHAVIOR,2022-03-12 03:40:44,2022-03-12 03:41:38
2022-03-12 13:06:31,2022-03-12 13:07:08,Using_Computer/Screen, WatchingTV/Movies,annotator,HIGH LEVEL BEHAVIOR,2022-03-12 03:41:38,2022-03-12 03:42:15
2022-03-12 13:07:08,2022-03-12 13:47:33,HLB_Indecipherable/Video_Insufficient,annotator,HIGH LEVEL BEHAVIOR,2022-03-12 03:42:15,2022-03-12 04:22:40
2022-03-12 13:47:33,2022-03-12 13:51:54,Using_Computer/Screen,annotator,HIGH LEVEL BEHAVIOR,2022-03-12 04:22:40,2022-03-12 04:27:01
2022-03-12 13:51:54,2022-03-12 13:52:24,Using_Computer/Screen,annotator,HIGH LEVEL BEHAVIOR,2022-03-12 04:27:01,2022-03-12 04:27:31
2022-03-12 13:52:24,2022-03-12 13:52:39,Using_Computer/Screen,annotator,HIGH LEVEL BEHAVIOR,2022-03-12 04:27:31,2022-03-12 04:27:46
2022-03-12 13:52:39,2022-03-12 13:54:47,Using_Computer/Screen,annotator,HIGH LEVEL BEHAVIOR,2022-03-12 04:27:46,2022-03-12 04:29:54
2022-03-12 13:54:47,2022-03-12 13:55:00,Using_Computer/Screen,annotator,HIGH LEVEL BEHAVIOR,2022-03-12 04:29:54,2022-03-12 04:30:07
2022-03-12 13:55:00,2022-03-12 13:58:01,Using_Computer/Screen,annotator,HIGH LEVEL BEHAVIOR,2022-03-12 04:30:07,2022-03-12 04:33:08
2022-03-12 13:58:01,2022-03-12 13:58:26,Using_Computer/Screen,annotator,HIGH LEVEL BEHAVIOR,2022-03-12 04:33:08,2022-03-12 04:33:33
2022-03-12 13:58:26,2022-03-12 13:58:26,Using_Computer/Screen,annotator,HIGH LEVEL BEHAVIOR,2022-03-12 04:33:33,2022-03-12 04:33:33
2022-03-12 13:58:27,2022-03-12 14:04:40,Using_Computer/Screen,annotator,HIGH LEVEL BEHAVIOR,2022-03-12 04:33:34,2022-03-12 04:39:47
2022-03-12 14:04:40,2022-03-12 14:09:44,Using_Computer/Screen, WatchingTV/Movies,annotator,HIGH LEVEL BEHAVIOR,2022-03-12 04:39:47,2022-03-12 04:44:51
2022-03-12 14:09:44,2022-03-12 14:11:02,Using_Computer/Screen, WatchingTV/Movies,annotator,HIGH LEVEL BEHAVIOR,2022-03-12 04:44:51,2022-03-12 04:46:09
2022-03-12 14:11:02,2022-03-12 14:11:11,Using_Computer/Screen,annotator,HIGH LEVEL BEHAVIOR,2022-03-12 04:46:09,2022-03-12 04:46:18
2022-03-12 14:11:11,2022-03-12 14:15:00,Using_Computer/Screen, WatchingTV/Movies,annotator,HIGH LEVEL BEHAVIOR,2022-03-12 04:46:18,2022-03-12 04:50:07
2022-03-12 14:15:00,2022-03-12 14:15:04,Using_Computer/Screen,annotator,HIGH LEVEL BEHAVIOR,2022-03-12 04:50:07,2022-03-12 04:50:11
2022-03-12 14:15:04,2022-03-12 14:15:50,Using_Computer/Screen,annotator,HIGH LEVEL BEHAVIOR,2022-03-12 04:50:11,2022-03-12 04:50:57
2022-03-12 14:15:50,2022-03-12 14:18:57,Using_Computer/Screen,annotator,HIGH LEVEL BEHAVIOR,2022-03-12 04:50:57,2022-03-12 04:54:04
2022-03-12 14:18:57,2022-03-12 14:20:19,HLB_Indecipherable/Video_Insufficient,annotator,HIGH LEVEL BEHAVIOR,2022-03-12 04:54:04,2022-03-12 04:55:26
2022-03-12 14:20:19,2022-03-12 14:20:39,Using_Computer/Screen,annotator,HIGH LEVEL BEHAVIOR,2022-03-12 04:55:26,2022-03-12 04:55:46
2022-03-12 14:20:39,2022-03-12 14:20:47,Using_Computer/Screen,annotator,HIGH LEVEL BEHAVIOR,2022-03-12 04:55:46,2022-03-12 04:55:54
2022-03-12 14:20:47,2022-03-12 14:21:31,Using_Computer/Screen,annotator,HIGH LEVEL BEHAVIOR,2022-03-12 04:55:54,2022-03-12 04:56:38
2022-03-12 14:21:31,2022-03-12 14:22:00,Using_Computer/Screen,annotator,HIGH LEVEL BEHAVIOR,2022-03-12 04:56:38,2022-03-12 04:57:07
2022-03-12 14:22:00,2022-03-12 14:23:15,Using_Computer/Screen, WatchingTV/Movies,annotator,HIGH LEVEL BEHAVIOR,2022-03-12 04:57:07,2022-03-12 04:58:22
2022-03-12 14:23:15,2022-03-12 14:23:42,Using_Computer/Screen,annotator,HIGH LEVEL BEHAVIOR,2022-03-12 04:58:22,2022-03-12 04:58:49
2022-03-12 14:23:42,2022-03-12 14:28:04,Using_Computer/Screen, WatchingTV/Movies,annotator,HIGH LEVEL BEHAVIOR,2022-03-12 04:58:49,2022-03-12 05:03:11
2022-03-12 14:28:04,2022-03-12 14:28:14,Using_Computer/Screen,annotator,HIGH LEVEL BEHAVIOR,2022-03-12 05:03:11,2022-03-12 05:03:21
2022-03-12 14:28:14,2022-03-12 14:32:45,Using_Computer/Screen, WatchingTV/Movies,annotator,HIGH LEVEL BEHAVIOR,2022-03-12 05:03:21,2022-03-12 05:07:52
2022-03-12 14:32:45,2022-03-12 14:33:22,Using_Computer/Screen,annotator,HIGH LEVEL BEHAVIOR,2022-03-12 05:07:52,2022-03-12 05:08:29
2022-03-12 14:33:22,2022-03-12 14:33:56,Using_Computer/Screen, WatchingTV/Movies,annotator,HIGH LEVEL BEHAVIOR,2022-03-12 05:08:29,2022-03-12 05:09:03
2022-03-12 14:33:56,2022-03-12 14:34:54,Using_Computer/Screen,annotator,HIGH LEVEL BEHAVIOR,2022-03-12 05:09:03,2022-03-12 05:10:01
2022-03-12 14:42:31,2022-03-12 14:42:44,Using_Computer/Screen,annotator,HIGH LEVEL BEHAVIOR,2022-03-12 05:17:38,2022-03-12 05:17:51
2022-03-12 14:42:44,2022-03-12 14:43:34,Using_Computer/Screen,annotator,HIGH LEVEL BEHAVIOR,2022-03-12 05:17:51,2022-03-12 05:18:41
2022-03-12 14:43:34,2022-03-12 14:43:48,Using_Computer/Screen,annotator,HIGH LEVEL BEHAVIOR,2022-03-12 05:18:41,2022-03-12 05:18:55
2022-03-12 14:43:48,2022-03-12 14:45:44,Using_Computer/Screen,annotator,HIGH LEVEL BEHAVIOR,2022-03-12 05:18:55,2022-03-12 05:20:51
2022-03-12 14:45:44,2022-03-12 14:58:35,Using_Computer/Screen, Playing_Videogame,annotator,HIGH LEVEL BEHAVIOR,2022-03-12 05:20:51,2022-03-12 05:33:42
2022-03-12 14:58:35,2022-03-12 14:59:12,HLB_Unlabeled,annotator,HIGH LEVEL BEHAVIOR,2022-03-12 05:33:42,2022-03-12 05:34:19
2022-03-12 14:59:12,2022-03-12 15:00:32,Using_Computer/Screen,annotator,HIGH LEVEL BEHAVIOR,2022-03-12 05:34:19,2022-03-12 05:35:39
2022-03-12 15:00:32,2022-03-12 15:00:52,Using_Computer/Screen,annotator,HIGH LEVEL BEHAVIOR,2022-03-12 05:35:39,2022-03-12 05:35:59
2022-03-12 15:00:52,2022-03-12 15:19:44,Using_Computer/Screen, Playing_Videogame,annotator,HIGH LEVEL BEHAVIOR,2022-03-12 05:35:59,2022-03-12 05:54:51
2022-03-12 15:28:06,2022-03-12 15:28:09,In_Transit_Active,annotator,HIGH LEVEL BEHAVIOR,2022-03-12 06:03:13,2022-03-12 06:03:16
2022-03-12 15:28:09,2022-03-12 15:28:39,In_Transit_Active,annotator,HIGH LEVEL BEHAVIOR,2022-03-12 06:03:16,2022-03-12 06:03:46
2022-03-12 15:28:39,2022-03-12 15:28:56,In_Transit_Active,annotator,HIGH LEVEL BEHAVIOR,2022-03-12 06:03:46,2022-03-12 06:04:03
2022-03-12 15:28:56,2022-03-12 15:29:00,In_Transit_Active,annotator,HIGH LEVEL BEHAVIOR,2022-03-12 06:04:03,2022-03-12 06:04:07
2022-03-12 15:29:00,2022-03-12 15:35:36,In_Transit_Active,annotator,HIGH LEVEL BEHAVIOR,2022-03-12 06:04:07,2022-03-12 06:10:43
2022-03-12 15:35:36,2022-03-12 15:36:17,HLB_Unlabeled,annotator,HIGH LEVEL BEHAVIOR,2022-03-12 06:10:43,2022-03-12 06:11:24
2022-03-12 15:36:17,2022-03-12 15:36:25,In_Transit_Active,annotator,HIGH LEVEL BEHAVIOR,2022-03-12 06:11:24,2022-03-12 06:11:32
2022-03-12 15:36:25,2022-03-12 15:42:28,In_Transit_Active,annotator,HIGH LEVEL BEHAVIOR,2022-03-12 06:11:32,2022-03-12 06:17:35
2022-03-12 15:42:28,2022-03-12 15:42:36,In_Transit_Active,annotator,HIGH LEVEL BEHAVIOR,2022-03-12 06:17:35,2022-03-12 06:17:43
2022-03-12 15:42:36,2022-03-12 15:42:36,In_Transit_Active,annotator,HIGH LEVEL BEHAVIOR,2022-03-12 06:17:43,2022-03-12 06:17:43
2022-03-12 15:42:41,2022-03-12 15:42:47,In_Transit_Active,annotator,HIGH LEVEL BEHAVIOR,2022-03-12 06:17:48,2022-03-12 06:17:54
2022-03-12 15:42:41,2022-03-12 15:42:41,In_Transit_Active,annotator,HIGH LEVEL BEHAVIOR,2022-03-12 06:17:48,2022-03-12 06:17:48
2022-03-12 15:42:47,2022-03-12 15:42:51,In_Transit_Active,annotator,HIGH LEVEL BEHAVIOR,2022-03-12 06:17:54,2022-03-12 06:17:58
2022-03-12 15:42:51,2022-03-12 15:43:09,In_Transit_Active,annotator,HIGH LEVEL BEHAVIOR,2022-03-12 06:17:58,2022-03-12 06:18:16
2022-03-12 15:43:09,2022-03-12 15:43:39,In_Transit_Active,annotator,HIGH LEVEL BEHAVIOR,2022-03-12 06:18:16,2022-03-12 06:18:46
2022-03-12 15:43:39,2022-03-12 15:43:48,HLB_Unlabeled,annotator,HIGH LEVEL BEHAVIOR,2022-03-12 06:18:46,2022-03-12 06:18:55
2022-03-12 15:43:48,2022-03-12 15:43:52,In_Transit_Active,annotator,HIGH LEVEL BEHAVIOR,2022-03-12 06:18:55,2022-03-12 06:18:59
2022-03-12 15:43:52,2022-03-12 15:44:09,In_Transit_Active,annotator,HIGH LEVEL BEHAVIOR,2022-03-12 06:18:59,2022-03-12 06:19:16
2022-03-12 15:44:09,2022-03-12 15:44:16,In_Bathroom,annotator,HIGH LEVEL BEHAVIOR,2022-03-12 06:19:16,2022-03-12 06:19:23
2022-03-12 15:44:16,2022-03-12 15:44:23,In_Transit_Active,annotator,HIGH LEVEL BEHAVIOR,2022-03-12 06:19:23,2022-03-12 06:19:30
2022-03-12 15:44:23,2022-03-12 15:44:35,HLB_Unlabeled,annotator,HIGH LEVEL BEHAVIOR,2022-03-12 06:19:30,2022-03-12 06:19:42
2022-03-12 15:44:35,2022-03-12 15:44:50,In_Transit_Active,annotator,HIGH LEVEL BEHAVIOR,2022-03-12 06:19:42,2022-03-12 06:19:57
2022-03-12 15:44:50,2022-03-12 15:44:54,In_Transit_Active,annotator,HIGH LEVEL BEHAVIOR,2022-03-12 06:19:57,2022-03-12 06:20:01
2022-03-12 15:45:00,2022-03-12 15:46:19,Packing/Unpacking_Something,annotator,HIGH LEVEL BEHAVIOR,2022-03-12 06:20:07,2022-03-12 06:21:26
2022-03-12 15:46:24,2022-03-12 15:47:05,Packing/Unpacking_Something, In_Transit_Active,annotator,HIGH LEVEL BEHAVIOR,2022-03-12 06:21:31,2022-03-12 06:22:12
2022-03-12 15:47:09,2022-03-12 15:47:35,In_Transit_Active,annotator,HIGH LEVEL BEHAVIOR,2022-03-12 06:22:16,2022-03-12 06:22:42
2022-03-12 15:47:36,2022-03-12 15:47:55,In_Transit_Active,annotator,HIGH LEVEL BEHAVIOR,2022-03-12 06:22:43,2022-03-12 06:23:02
2022-03-12 15:47:57,2022-03-12 15:49:54,In_Transit_Active,annotator,HIGH LEVEL BEHAVIOR,2022-03-12 06:23:04,2022-03-12 06:25:01
2022-03-12 15:49:55,2022-03-12 15:50:12,In_Transit_Active,annotator,HIGH LEVEL BEHAVIOR,2022-03-12 06:25:02,2022-03-12 06:25:19
2022-03-12 15:50:14,2022-03-12 15:51:34,In_Transit_Active,annotator,HIGH LEVEL BEHAVIOR,2022-03-12 06:25:21,2022-03-12 06:26:41
2022-03-12 15:51:37,2022-03-12 15:52:02,In_Transit_Active, Riding_Elevator_Up,annotator,HIGH LEVEL BEHAVIOR,2022-03-12 06:26:44,2022-03-12 06:27:09
2022-03-12 15:52:04,2022-03-12 15:52:55,In_Transit_Active,annotator,HIGH LEVEL BEHAVIOR,2022-03-12 06:27:11,2022-03-12 06:28:02
2022-03-12 15:52:59,2022-03-12 15:53:44,Packing/Unpacking_Something,annotator,HIGH LEVEL BEHAVIOR,2022-03-12 06:28:06,2022-03-12 06:28:51
2022-03-12 15:53:48,2022-03-12 16:12:10,Eating/Dining, Meeting _Social_Gathering_In_Person,annotator,HIGH LEVEL BEHAVIOR,2022-03-12 06:28:55,2022-03-12 06:47:17
2022-03-12 16:12:16,2022-03-12 16:14:01,Eating/Dining, Meeting _Social_Gathering_In_Person,annotator,HIGH LEVEL BEHAVIOR,2022-03-12 06:47:23,2022-03-12 06:49:08
2022-03-12 16:14:06,2022-03-12 16:15:17,Meeting _Social_Gathering_In_Person, Cleaning,annotator,HIGH LEVEL BEHAVIOR,2022-03-12 06:49:13,2022-03-12 06:50:24
2022-03-12 16:15:21,2022-03-12 16:18:29,Meeting _Social_Gathering_In_Person, Cleaning,annotator,HIGH LEVEL BEHAVIOR,2022-03-12 06:50:28,2022-03-12 06:53:36
2022-03-12 16:18:35,2022-03-12 16:19:39,Meeting _Social_Gathering_In_Person, In_Transit_Active,annotator,HIGH LEVEL BEHAVIOR,2022-03-12 06:53:42,2022-03-12 06:54:46
2022-03-12 16:19:42,2022-03-12 16:20:00,Meeting _Social_Gathering_In_Person, In_Transit_Active,annotator,HIGH LEVEL BEHAVIOR,2022-03-12 06:54:49,2022-03-12 06:55:07
2022-03-12 16:20:04,2022-03-12 16:20:29,Meeting _Social_Gathering_In_Person, In_Transit_Active, Riding_Elevator_Down,annotator,HIGH LEVEL BEHAVIOR,2022-03-12 06:55:11,2022-03-12 06:55:36
2022-03-12 16:20:35,2022-03-12 16:21:58,Meeting _Social_Gathering_In_Person, In_Transit_Active,annotator,HIGH LEVEL BEHAVIOR,2022-03-12 06:55:42,2022-03-12 06:57:05
2022-03-12 16:22:02,2022-03-12 16:22:29,Meeting _Social_Gathering_In_Person, In_Transit_Active, Riding_Elevator_Down,annotator,HIGH LEVEL BEHAVIOR,2022-03-12 06:57:09,2022-03-12 06:57:36
2022-03-12 16:22:32,2022-03-12 16:22:39,Meeting _Social_Gathering_In_Person, In_Transit_Active,annotator,HIGH LEVEL BEHAVIOR,2022-03-12 06:57:39,2022-03-12 06:57:46
2022-03-12 16:22:42,2022-03-12 16:26:16,Meeting _Social_Gathering_In_Person, In_Transit_Active,annotator,HIGH LEVEL BEHAVIOR,2022-03-12 06:57:49,2022-03-12 07:01:23
2022-03-12 16:26:22,2022-03-12 16:26:39,Meeting _Social_Gathering_In_Person, In_Transit_Passive_Train/Bus/Plane,annotator,HIGH LEVEL BEHAVIOR,2022-03-12 07:01:29,2022-03-12 07:01:46
2022-03-12 16:26:42,2022-03-12 16:39:18,Meeting _Social_Gathering_In_Person, In_Transit_Passive_Train/Bus/Plane,annotator,HIGH LEVEL BEHAVIOR,2022-03-12 07:01:49,2022-03-12 07:14:25
2022-03-12 16:39:21,2022-03-12 16:40:12,Meeting _Social_Gathering_In_Person, In_Transit_Active,annotator,HIGH LEVEL BEHAVIOR,2022-03-12 07:14:28,2022-03-12 07:15:19
2022-03-12 16:40:14,2022-03-12 16:40:41,Meeting _Social_Gathering_In_Person, In_Transit_Active,annotator,HIGH LEVEL BEHAVIOR,2022-03-12 07:15:21,2022-03-12 07:15:48
2022-03-12 16:40:43,2022-03-12 16:42:36,Meeting _Social_Gathering_In_Person, In_Transit_Active,annotator,HIGH LEVEL BEHAVIOR,2022-03-12 07:15:50,2022-03-12 07:17:43
2022-03-12 16:42:40,2022-03-12 16:46:50,Meeting _Social_Gathering_In_Person, In_Transit_Active,annotator,HIGH LEVEL BEHAVIOR,2022-03-12 07:17:47,2022-03-12 07:21:57
2022-03-12 16:46:55,2022-03-12 16:47:42,Meeting _Social_Gathering_In_Person, In_Transit_Active,annotator,HIGH LEVEL BEHAVIOR,2022-03-12 07:22:02,2022-03-12 07:22:49
2022-03-12 16:47:44,2022-03-12 16:47:54,Meeting _Social_Gathering_In_Person, In_Transit_Passive_Train/Bus/Plane,annotator,HIGH LEVEL BEHAVIOR,2022-03-12 07:22:51,2022-03-12 07:23:01
2022-03-12 16:47:57,2022-03-12 16:54:40,Meeting _Social_Gathering_In_Person, In_Transit_Passive_Train/Bus/Plane,annotator,HIGH LEVEL BEHAVIOR,2022-03-12 07:23:04,2022-03-12 07:29:47
2022-03-12 16:54:43,2022-03-12 16:59:51,Meeting _Social_Gathering_In_Person, In_Transit_Active,annotator,HIGH LEVEL BEHAVIOR,2022-03-12 07:29:50,2022-03-12 07:34:58
2022-03-12 16:59:58,2022-03-12 17:03:09,Meeting _Social_Gathering_In_Person, In_Transit_Active,annotator,HIGH LEVEL BEHAVIOR,2022-03-12 07:35:05,2022-03-12 07:38:16
2022-03-12 17:03:13,2022-03-12 17:21:39,Meeting _Social_Gathering_In_Person, In_Transit_Passive_Train/Bus/Plane,annotator,HIGH LEVEL BEHAVIOR,2022-03-12 07:38:20,2022-03-12 07:56:46
2022-03-12 17:21:42,2022-03-12 17:21:53,Meeting _Social_Gathering_In_Person, In_Transit_Active,annotator,HIGH LEVEL BEHAVIOR,2022-03-12 07:56:49,2022-03-12 07:57:00
2022-03-12 17:21:56,2022-03-12 17:22:20,In_Transit_Active, Meeting _Social_Gathering_In_Person, Riding_Escalator_Up,annotator,HIGH LEVEL BEHAVIOR,2022-03-12 07:57:03,2022-03-12 07:57:27
2022-03-12 17:22:28,2022-03-12 17:22:47,In_Transit_Active, Meeting _Social_Gathering_In_Person,annotator,HIGH LEVEL BEHAVIOR,2022-03-12 07:57:35,2022-03-12 07:57:54
2022-03-12 17:22:51,2022-03-12 17:24:59,In_Transit_Active, Meeting _Social_Gathering_In_Person,annotator,HIGH LEVEL BEHAVIOR,2022-03-12 07:57:58,2022-03-12 08:00:06
2022-03-12 17:25:03,2022-03-12 17:27:08,In_Transit_Active, Meeting _Social_Gathering_In_Person,annotator,HIGH LEVEL BEHAVIOR,2022-03-12 08:00:10,2022-03-12 08:02:15
2022-03-12 17:27:13,2022-03-12 17:29:00,In_Transit_Active,annotator,HIGH LEVEL BEHAVIOR,2022-03-12 08:02:20,2022-03-12 08:04:07
2022-03-12 17:29:05,2022-03-12 17:29:50,In_Transit_Active,annotator,HIGH LEVEL BEHAVIOR,2022-03-12 08:04:12,2022-03-12 08:04:57
2022-03-12 17:29:53,2022-03-12 17:33:15,In_Transit_Active,annotator,HIGH LEVEL BEHAVIOR,2022-03-12 08:05:00,2022-03-12 08:08:22
2022-03-12 17:33:20,2022-03-12 17:33:58,In_Transit_Active,annotator,HIGH LEVEL BEHAVIOR,2022-03-12 08:08:27,2022-03-12 08:09:05
2022-03-12 17:34:01,2022-03-12 17:34:12,In_Transit_Active, Riding_Escalator_Down,annotator,HIGH LEVEL BEHAVIOR,2022-03-12 08:09:08,2022-03-12 08:09:19
2022-03-12 17:34:19,2022-03-12 17:43:31,In_Transit_Active,annotator,HIGH LEVEL BEHAVIOR,2022-03-12 08:09:26,2022-03-12 08:18:38
2022-03-12 17:43:34,2022-03-12 17:43:45,In_Transit_Active,annotator,HIGH LEVEL BEHAVIOR,2022-03-12 08:18:41,2022-03-12 08:18:52
2022-03-12 17:43:47,2022-03-12 17:44:09,In_Transit_Active,annotator,HIGH LEVEL BEHAVIOR,2022-03-12 08:18:54,2022-03-12 08:19:16
2022-03-12 17:44:13,2022-03-12 17:46:22,In_Transit_Passive_Train/Bus/Plane,annotator,HIGH LEVEL BEHAVIOR,2022-03-12 08:19:20,2022-03-12 08:21:29
2022-03-12 17:46:25,2022-03-12 17:53:22,In_Transit_Passive_Train/Bus/Plane,annotator,HIGH LEVEL BEHAVIOR,2022-03-12 08:21:32,2022-03-12 08:28:29
2022-03-12 17:53:25,2022-03-12 17:53:45,In_Transit_Active,annotator,HIGH LEVEL BEHAVIOR,2022-03-12 08:28:32,2022-03-12 08:28:52
2022-03-12 17:53:47,2022-03-12 17:53:59,In_Transit_Active,annotator,HIGH LEVEL BEHAVIOR,2022-03-12 08:28:54,2022-03-12 08:29:06
2022-03-12 17:54:02,2022-03-12 17:54:35,In_Transit_Active, Riding_Escalator_Up,annotator,HIGH LEVEL BEHAVIOR,2022-03-12 08:29:09,2022-03-12 08:29:42
2022-03-12 17:54:37,2022-03-12 17:54:46,In_Transit_Active,annotator,HIGH LEVEL BEHAVIOR,2022-03-12 08:29:44,2022-03-12 08:29:53
2022-03-12 17:54:48,2022-03-12 17:55:17,In_Transit_Active, Riding_Escalator_Down,annotator,HIGH LEVEL BEHAVIOR,2022-03-12 08:29:55,2022-03-12 08:30:24
2022-03-12 17:55:20,2022-03-12 18:02:04,In_Transit_Active,annotator,HIGH LEVEL BEHAVIOR,2022-03-12 08:30:27,2022-03-12 08:37:11
2022-03-12 18:02:11,2022-03-12 18:02:18,In_Transit_Active,annotator,HIGH LEVEL BEHAVIOR,2022-03-12 08:37:18,2022-03-12 08:37:25
2022-03-12 18:02:21,2022-03-12 18:09:47,In_Transit_Passive_Train/Bus/Plane,annotator,HIGH LEVEL BEHAVIOR,2022-03-12 08:37:28,2022-03-12 08:44:54
2022-03-12 18:09:51,2022-03-12 18:10:05,In_Transit_Active,annotator,HIGH LEVEL BEHAVIOR,2022-03-12 08:44:58,2022-03-12 08:45:12
2022-03-12 18:10:07,2022-03-12 18:10:25,In_Transit_Active,annotator,HIGH LEVEL BEHAVIOR,2022-03-12 08:45:14,2022-03-12 08:45:32
2022-03-12 18:10:30,2022-03-12 18:11:01,In_Transit_Active,annotator,HIGH LEVEL BEHAVIOR,2022-03-12 08:45:37,2022-03-12 08:46:08
2022-03-12 18:11:04,2022-03-12 18:11:58,In_Transit_Active,annotator,HIGH LEVEL BEHAVIOR,2022-03-12 08:46:11,2022-03-12 08:47:05
2022-03-12 18:12:03,2022-03-12 18:14:09,In_Transit_Passive_Train/Bus/Plane,annotator,HIGH LEVEL BEHAVIOR,2022-03-12 08:47:10,2022-03-12 08:49:16
2022-03-12 18:14:14,2022-03-12 18:19:03,In_Transit_Passive_Train/Bus/Plane,annotator,HIGH LEVEL BEHAVIOR,2022-03-12 08:49:21,2022-03-12 08:54:10
2022-03-12 18:19:09,2022-03-12 18:19:48,In_Transit_Active,annotator,HIGH LEVEL BEHAVIOR,2022-03-12 08:54:16,2022-03-12 08:54:55
2022-03-12 18:19:50,2022-03-12 18:25:24,In_Transit_Active,annotator,HIGH LEVEL BEHAVIOR,2022-03-12 08:54:57,2022-03-12 09:00:31
2022-03-12 18:25:32,2022-03-12 18:26:02,In_Transit_Active,annotator,HIGH LEVEL BEHAVIOR,2022-03-12 09:00:39,2022-03-12 09:01:09
2022-03-12 18:26:06,2022-03-12 18:31:43,In_Transit_Passive_Train/Bus/Plane,annotator,HIGH LEVEL BEHAVIOR,2022-03-12 09:01:13,2022-03-12 09:06:50
2022-03-12 18:31:55,2022-03-12 18:34:00,In_Transit_Active,annotator,HIGH LEVEL BEHAVIOR,2022-03-12 09:07:02,2022-03-12 09:09:07
2022-03-12 18:34:05,2022-03-12 18:34:33,In_Transit_Active,annotator,HIGH LEVEL BEHAVIOR,2022-03-12 09:09:12,2022-03-12 09:09:40
2022-03-12 18:34:34,2022-03-12 18:35:04,In_Transit_Active,annotator,HIGH LEVEL BEHAVIOR,2022-03-12 09:09:41,2022-03-12 09:10:11
2022-03-12 18:35:07,2022-03-12 18:35:27,In_Transit_Active,annotator,HIGH LEVEL BEHAVIOR,2022-03-12 09:10:14,2022-03-12 09:10:34
2022-03-12 18:35:50,2022-03-12 18:49:16,HLB_Indecipherable/Video_Insufficient,annotator,HIGH LEVEL BEHAVIOR,2022-03-12 09:10:57,2022-03-12 09:24:23
2022-03-12 18:49:23,2022-03-12 18:51:51,Using_Computer/Screen, Eating/Dining, WatchingTV/Movies,annotator,HIGH LEVEL BEHAVIOR,2022-03-12 09:24:30,2022-03-12 09:26:58
2022-03-12 18:51:55,2022-03-12 18:56:28,Using_Computer/Screen, WatchingTV/Movies,annotator,HIGH LEVEL BEHAVIOR,2022-03-12 09:27:02,2022-03-12 09:31:35
2022-03-12 18:56:33,2022-03-12 18:57:07,Using_Computer/Screen,annotator,HIGH LEVEL BEHAVIOR,2022-03-12 09:31:40,2022-03-12 09:32:14
2022-03-12 18:57:11,2022-03-12 21:32:33,Using_Computer/Screen, Playing_Videogame,annotator,HIGH LEVEL BEHAVIOR,2022-03-12 09:32:18,2022-03-12 12:07:40
2022-03-12 21:32:34,2022-03-12 21:32:47,Using_Computer/Screen,annotator,HIGH LEVEL BEHAVIOR,2022-03-12 12:07:41,2022-03-12 12:07:54
2022-03-12 21:33:01,2022-03-12 21:33:26,Using_Computer/Screen,annotator,HIGH LEVEL BEHAVIOR,2022-03-12 12:08:08,2022-03-12 12:08:33
2022-03-12 21:33:32,2022-03-12 21:42:03,HLB_Indecipherable/Video_Insufficient,annotator,HIGH LEVEL BEHAVIOR,2022-03-12 12:08:39,2022-03-12 12:17:10
2022-03-12 21:42:19,2022-03-12 21:44:05,Cooking/Prepping_Food,annotator,HIGH LEVEL BEHAVIOR,2022-03-12 12:17:26,2022-03-12 12:19:12
2022-03-12 21:44:09,2022-03-12 21:52:41,Eating/Dining, Using_Computer/Screen,annotator,HIGH LEVEL BEHAVIOR,2022-03-12 12:19:16,2022-03-12 12:27:48
2022-03-12 21:52:46,2022-03-12 21:53:17,Using_Computer/Screen,annotator,HIGH LEVEL BEHAVIOR,2022-03-12 12:27:53,2022-03-12 12:28:24
2022-03-12 21:53:22,2022-03-12 21:57:08,HLB_Indecipherable/Video_Insufficient,annotator,HIGH LEVEL BEHAVIOR,2022-03-12 12:28:29,2022-03-12 12:32:15
2022-03-12 21:57:18,2022-03-12 21:58:16,Eating/Dining, Using_Computer/Screen,annotator,HIGH LEVEL BEHAVIOR,2022-03-12 12:32:25,2022-03-12 12:33:23
2022-03-12 21:58:21,2022-03-12 21:58:30,,annotator,HIGH LEVEL BEHAVIOR,2022-03-12 12:33:28,2022-03-12 12:33:37
2022-03-12 21:58:34,2022-03-12 22:18:38,HLB_Indecipherable/Video_Insufficient,annotator,HIGH LEVEL BEHAVIOR,2022-03-12 12:33:41,2022-03-12 12:53:45
2022-03-12 22:18:45,2022-03-12 22:19:33,Using_Computer/Screen,annotator,HIGH LEVEL BEHAVIOR,2022-03-12 12:53:52,2022-03-12 12:54:40
2022-03-12 22:19:37,2022-03-12 22:21:45,Using_Computer/Screen,annotator,HIGH LEVEL BEHAVIOR,2022-03-12 12:54:44,2022-03-12 12:56:52
2022-03-12 22:21:45,2022-03-12 22:23:30,Using_Computer/Screen,annotator,HIGH LEVEL BEHAVIOR,2022-03-12 12:56:52,2022-03-12 12:58:37
2022-03-12 22:23:32,2022-03-12 22:25:13,Cooking/Prepping_Food,annotator,HIGH LEVEL BEHAVIOR,2022-03-12 12:58:39,2022-03-12 13:00:20
2022-03-12 22:25:15,2022-03-12 22:25:39,Cooking/Prepping_Food,annotator,HIGH LEVEL BEHAVIOR,2022-03-12 13:00:22,2022-03-12 13:00:46
2022-03-12 22:25:39,2022-03-12 22:32:31,Cooking/Prepping_Food,annotator,HIGH LEVEL BEHAVIOR,2022-03-12 13:00:46,2022-03-12 13:07:38
2022-03-12 22:32:31,2022-03-12 22:33:08,Doing_Dishes,annotator,HIGH LEVEL BEHAVIOR,2022-03-12 13:07:38,2022-03-12 13:08:15
2022-03-12 22:33:08,2022-03-12 22:34:42,Cooking/Prepping_Food,annotator,HIGH LEVEL BEHAVIOR,2022-03-12 13:08:15,2022-03-12 13:09:49
2022-03-12 22:34:42,2022-03-12 22:36:11,Cooking/Prepping_Food,annotator,HIGH LEVEL BEHAVIOR,2022-03-12 13:09:49,2022-03-12 13:11:18
2022-03-12 22:36:11,2022-03-12 22:36:53,Cooking/Prepping_Food,annotator,HIGH LEVEL BEHAVIOR,2022-03-12 13:11:18,2022-03-12 13:12:00
2022-03-12 22:36:53,2022-03-12 22:37:16,Cooking/Prepping_Food,annotator,HIGH LEVEL BEHAVIOR,2022-03-12 13:12:00,2022-03-12 13:12:23
2022-03-12 22:37:16,2022-03-12 22:39:34,Cooking/Prepping_Food,annotator,HIGH LEVEL BEHAVIOR,2022-03-12 13:12:23,2022-03-12 13:14:41
2022-03-12 22:39:34,2022-03-12 22:40:30,Cooking/Prepping_Food,annotator,HIGH LEVEL BEHAVIOR,2022-03-12 13:14:41,2022-03-12 13:15:37
2022-03-12 22:40:30,2022-03-12 22:42:28,Cooking/Prepping_Food,annotator,HIGH LEVEL BEHAVIOR,2022-03-12 13:15:37,2022-03-12 13:17:35
2022-03-12 22:42:28,2022-03-12 22:42:44,Cooking/Prepping_Food,annotator,HIGH LEVEL BEHAVIOR,2022-03-12 13:17:35,2022-03-12 13:17:51
2022-03-12 22:42:44,2022-03-12 22:43:17,Cooking/Prepping_Food, Packing/Unpacking_Something,annotator,HIGH LEVEL BEHAVIOR,2022-03-12 13:17:51,2022-03-12 13:18:24
2022-03-12 22:43:17,2022-03-12 22:43:34,Cooking/Prepping_Food,annotator,HIGH LEVEL BEHAVIOR,2022-03-12 13:18:24,2022-03-12 13:18:41
2022-03-12 22:43:34,2022-03-12 22:46:23,Cooking/Prepping_Food,annotator,HIGH LEVEL BEHAVIOR,2022-03-12 13:18:41,2022-03-12 13:21:30
2022-03-12 22:46:23,2022-03-12 22:48:05,Cooking/Prepping_Food,annotator,HIGH LEVEL BEHAVIOR,2022-03-12 13:21:30,2022-03-12 13:23:12
2022-03-12 22:48:05,2022-03-12 22:48:46,Cooking/Prepping_Food,annotator,HIGH LEVEL BEHAVIOR,2022-03-12 13:23:12,2022-03-12 13:23:53
2022-03-12 22:48:46,2022-03-12 22:49:31,Cooking/Prepping_Food,annotator,HIGH LEVEL BEHAVIOR,2022-03-12 13:23:53,2022-03-12 13:24:38
2022-03-12 22:49:31,2022-03-12 22:49:37,Cooking/Prepping_Food,annotator,HIGH LEVEL BEHAVIOR,2022-03-12 13:24:38,2022-03-12 13:24:44
2022-03-12 22:49:37,2022-03-12 22:52:19,Cooking/Prepping_Food,annotator,HIGH LEVEL BEHAVIOR,2022-03-12 13:24:44,2022-03-12 13:27:26
2022-03-12 22:52:19,2022-03-12 22:52:25,Cooking/Prepping_Food,annotator,HIGH LEVEL BEHAVIOR,2022-03-12 13:27:26,2022-03-12 13:27:32
2022-03-12 22:52:25,2022-03-12 22:53:06,Cooking/Prepping_Food,annotator,HIGH LEVEL BEHAVIOR,2022-03-12 13:27:32,2022-03-12 13:28:13
2022-03-12 22:53:07,2022-03-12 22:54:05,Cooking/Prepping_Food,annotator,HIGH LEVEL BEHAVIOR,2022-03-12 13:28:14,2022-03-12 13:29:12
2022-03-12 22:54:05,2022-03-12 22:55:00,Cooking/Prepping_Food,annotator,HIGH LEVEL BEHAVIOR,2022-03-12 13:29:12,2022-03-12 13:30:07
2022-03-12 22:55:00,2022-03-12 22:55:36,Doing_Dishes, Cooking/Prepping_Food,annotator,HIGH LEVEL BEHAVIOR,2022-03-12 13:30:07,2022-03-12 13:30:43
2022-03-12 22:55:36,2022-03-12 22:58:00,Cooking/Prepping_Food,annotator,HIGH LEVEL BEHAVIOR,2022-03-12 13:30:43,2022-03-12 13:33:07
2022-03-12 22:58:00,2022-03-12 22:58:33,Cooking/Prepping_Food, Doing_Dishes,annotator,HIGH LEVEL BEHAVIOR,2022-03-12 13:33:07,2022-03-12 13:33:40
2022-03-12 22:58:33,2022-03-12 23:02:24,Cooking/Prepping_Food,annotator,HIGH LEVEL BEHAVIOR,2022-03-12 13:33:40,2022-03-12 13:37:31
2022-03-12 23:02:24,2022-03-12 23:02:42,Cooking/Prepping_Food,annotator,HIGH LEVEL BEHAVIOR,2022-03-12 13:37:31,2022-03-12 13:37:49
2022-03-12 23:02:42,2022-03-12 23:03:06,Eating/Dining, Using_Computer/Screen,annotator,HIGH LEVEL BEHAVIOR,2022-03-12 13:37:49,2022-03-12 13:38:13
2022-03-12 23:03:06,2022-03-12 23:03:48,Eating/Dining, Using_Computer/Screen,annotator,HIGH LEVEL BEHAVIOR,2022-03-12 13:38:13,2022-03-12 13:38:55
2022-03-12 23:03:48,2022-03-12 23:04:48,Eating/Dining,annotator,HIGH LEVEL BEHAVIOR,2022-03-12 13:38:55,2022-03-12 13:39:55
2022-03-12 23:04:48,2022-03-12 23:05:02,Eating/Dining,annotator,HIGH LEVEL BEHAVIOR,2022-03-12 13:39:55,2022-03-12 13:40:09
2022-03-12 23:05:02,2022-03-12 23:09:13,Eating/Dining,annotator,HIGH LEVEL BEHAVIOR,2022-03-12 13:40:09,2022-03-12 13:44:20
2022-03-12 23:09:13,2022-03-12 23:09:53,Eating/Dining, Using_Computer/Screen,annotator,HIGH LEVEL BEHAVIOR,2022-03-12 13:44:20,2022-03-12 13:45:00
2022-03-12 23:09:53,2022-03-12 23:32:21,Eating/Dining, Using_Computer/Screen,annotator,HIGH LEVEL BEHAVIOR,2022-03-12 13:45:00,2022-03-12 14:07:28
2022-03-12 23:32:21,2022-03-12 23:32:44,In_Transit_Active,annotator,HIGH LEVEL BEHAVIOR,2022-03-12 14:07:28,2022-03-12 14:07:51
2022-03-12 23:32:44,2022-03-12 23:38:18,Grooming/Self_Care,annotator,HIGH LEVEL BEHAVIOR,2022-03-12 14:07:51,2022-03-12 14:13:25
2022-03-12 23:38:18,2022-03-12 23:44:54,Using_Computer/Screen,annotator,HIGH LEVEL BEHAVIOR,2022-03-12 14:13:25,2022-03-12 14:20:01
2022-03-12 23:44:54,2022-03-13 00:20:40,Using_Computer/Screen,annotator,HIGH LEVEL BEHAVIOR,2022-03-12 14:20:01,2022-03-12 14:55:47
2022-03-13 00:20:40,2022-03-13 00:26:18,Using_Computer/Screen,annotator,HIGH LEVEL BEHAVIOR,2022-03-12 14:55:47,2022-03-12 15:01:25
2022-03-13 00:26:18,2022-03-13 00:29:35,Using_Computer/Screen,annotator,HIGH LEVEL BEHAVIOR,2022-03-12 15:01:25,2022-03-12 15:04:42
2022-03-13 00:29:35,2022-03-13 00:30:02,In_Transit_Active,annotator,HIGH LEVEL BEHAVIOR,2022-03-12 15:04:42,2022-03-12 15:05:09
2022-03-13 00:30:02,2022-03-13 00:33:46,Doing_Common_Housework,annotator,HIGH LEVEL BEHAVIOR,2022-03-12 15:05:09,2022-03-12 15:08:53
2022-03-13 00:33:46,2022-03-13 00:55:56,Doing_Dishes,annotator,HIGH LEVEL BEHAVIOR,2022-03-12 15:08:53,2022-03-12 15:31:03
2022-03-13 00:55:56,2022-03-13 00:56:42,HLB_Other,annotator,HIGH LEVEL BEHAVIOR,2022-03-12 15:31:03,2022-03-12 15:31:49
2022-03-13 00:56:42,2022-03-13 01:00:51,Doing_Common_Housework,annotator,HIGH LEVEL BEHAVIOR,2022-03-12 15:31:49,2022-03-12 15:35:58
2022-03-13 01:00:51,2022-03-13 01:10:26,Doing_Dishes,annotator,HIGH LEVEL BEHAVIOR,2022-03-12 15:35:58,2022-03-12 15:45:33
2022-03-13 01:10:26,2022-03-13 01:13:00,Doing_Common_Housework,annotator,HIGH LEVEL BEHAVIOR,2022-03-12 15:45:33,2022-03-12 15:48:07
2022-03-13 01:13:00,2022-03-13 01:13:52,In_Transit_Active,annotator,HIGH LEVEL BEHAVIOR,2022-03-12 15:48:07,2022-03-12 15:48:59
2022-03-13 01:13:52,2022-03-13 01:14:53,Doing_Dishes,annotator,HIGH LEVEL BEHAVIOR,2022-03-12 15:48:59,2022-03-12 15:50:00
2022-03-13 01:14:53,2022-03-13 01:16:19,Doing_Common_Housework,annotator,HIGH LEVEL BEHAVIOR,2022-03-12 15:50:00,2022-03-12 15:51:26
2022-03-13 01:16:19,2022-03-13 01:17:21,In_Transit_Active,annotator,HIGH LEVEL BEHAVIOR,2022-03-12 15:51:26,2022-03-12 15:52:28
2022-03-13 01:17:21,2022-03-13 01:17:35,Packing/Unpacking_Something,annotator,HIGH LEVEL BEHAVIOR,2022-03-12 15:52:28,2022-03-12 15:52:42
2022-03-13 01:17:35,2022-03-13 01:18:03,Doing_Common_Housework,annotator,HIGH LEVEL BEHAVIOR,2022-03-12 15:52:42,2022-03-12 15:53:10
2022-03-13 01:18:03,2022-03-13 01:18:34,Doing_Common_Housework,annotator,HIGH LEVEL BEHAVIOR,2022-03-12 15:53:10,2022-03-12 15:53:41
2022-03-13 01:18:34,2022-03-13 01:19:40,Doing_Common_Housework,annotator,HIGH LEVEL BEHAVIOR,2022-03-12 15:53:41,2022-03-12 15:54:47
2022-03-13 01:19:40,2022-03-13 01:19:59,Doing_Common_Housework,annotator,HIGH LEVEL BEHAVIOR,2022-03-12 15:54:47,2022-03-12 15:55:06
2022-03-13 01:19:59,2022-03-13 01:20:07,Doing_Common_Housework,annotator,HIGH LEVEL BEHAVIOR,2022-03-12 15:55:06,2022-03-12 15:55:14
2022-03-13 01:20:07,2022-03-13 01:20:41,Doing_Common_Housework,annotator,HIGH LEVEL BEHAVIOR,2022-03-12 15:55:14,2022-03-12 15:55:48
2022-03-13 01:20:41,2022-03-13 01:20:51,Doing_Common_Housework,annotator,HIGH LEVEL BEHAVIOR,2022-03-12 15:55:48,2022-03-12 15:55:58
2022-03-13 01:20:51,2022-03-13 01:21:24,Doing_Common_Housework,annotator,HIGH LEVEL BEHAVIOR,2022-03-12 15:55:58,2022-03-12 15:56:31
2022-03-13 01:21:24,2022-03-13 01:21:28,Doing_Common_Housework,annotator,HIGH LEVEL BEHAVIOR,2022-03-12 15:56:31,2022-03-12 15:56:35
2022-03-13 01:21:28,2022-03-13 01:21:31,Doing_Common_Housework,annotator,HIGH LEVEL BEHAVIOR,2022-03-12 15:56:35,2022-03-12 15:56:38
2022-03-13 01:21:31,2022-03-13 01:22:40,Doing_Common_Housework,annotator,HIGH LEVEL BEHAVIOR,2022-03-12 15:56:38,2022-03-12 15:57:47
2022-03-13 01:22:40,2022-03-13 01:22:59,Doing_Common_Housework,annotator,HIGH LEVEL BEHAVIOR,2022-03-12 15:57:47,2022-03-12 15:58:06
2022-03-13 01:23:03,2022-03-13 01:23:05,Doing_Common_Housework,annotator,HIGH LEVEL BEHAVIOR,2022-03-12 15:58:10,2022-03-12 15:58:12
2022-03-13 01:23:05,2022-03-13 01:23:24,Doing_Common_Housework,annotator,HIGH LEVEL BEHAVIOR,2022-03-12 15:58:12,2022-03-12 15:58:31
2022-03-13 01:23:24,2022-03-13 01:23:38,HLB_Other,annotator,HIGH LEVEL BEHAVIOR,2022-03-12 15:58:31,2022-03-12 15:58:45
2022-03-13 01:23:38,2022-03-13 01:23:47,In_Transit_Active,annotator,HIGH LEVEL BEHAVIOR,2022-03-12 15:58:45,2022-03-12 15:58:54
2022-03-13 01:23:50,2022-03-13 01:24:09,In_Transit_Active,annotator,HIGH LEVEL BEHAVIOR,2022-03-12 15:58:57,2022-03-12 15:59:16
2022-03-13 01:24:12,2022-03-13 01:50:41,Relaxing_Passive,annotator,HIGH LEVEL BEHAVIOR,2022-03-12 15:59:19,2022-03-12 16:25:48
2022-03-13 01:50:41,2022-03-13 02:00:30,Relaxing_Passive,annotator,HIGH LEVEL BEHAVIOR,2022-03-12 16:25:48,2022-03-12 16:35:37
2022-03-13 02:00:30,2022-03-13 02:02:00,Relaxing_Passive,annotator,HIGH LEVEL BEHAVIOR,2022-03-12 16:35:37,2022-03-12 16:37:07
2022-03-13 02:02:00,2022-03-13 02:02:17,Relaxing_Passive,annotator,HIGH LEVEL BEHAVIOR,2022-03-12 16:37:07,2022-03-12 16:37:24
2022-03-13 02:02:17,2022-03-13 02:03:02,Relaxing_Passive,annotator,HIGH LEVEL BEHAVIOR,2022-03-12 16:37:24,2022-03-12 16:38:09
2022-03-13 02:03:02,2022-03-13 02:14:32,Relaxing_Passive,annotator,HIGH LEVEL BEHAVIOR,2022-03-12 16:38:09,2022-03-12 16:49:39
2022-03-13 02:14:32,2022-03-13 02:14:51,In_Transit_Active,annotator,HIGH LEVEL BEHAVIOR,2022-03-12 16:49:39,2022-03-12 16:49:58
2022-03-13 02:14:51,2022-03-13 02:15:07,Grooming/Self_Care,annotator,HIGH LEVEL BEHAVIOR,2022-03-12 16:49:58,2022-03-12 16:50:14
2022-03-13 02:15:07,2022-03-13 02:19:07,HLB_Indecipherable/Video_Insufficient,annotator,HIGH LEVEL BEHAVIOR,2022-03-12 16:50:14,2022-03-12 16:54:14
2022-03-13 02:19:07,2022-03-13 02:19:35,Grooming/Self_Care,annotator,HIGH LEVEL BEHAVIOR,2022-03-12 16:54:14,2022-03-12 16:54:42
2022-03-13 02:19:35,2022-03-13 02:19:43,Packing/Unpacking_Something,annotator,HIGH LEVEL BEHAVIOR,2022-03-12 16:54:42,2022-03-12 16:54:50
2022-03-13 02:19:43,2022-03-13 02:19:57,HLB_Other,annotator,HIGH LEVEL BEHAVIOR,2022-03-12 16:54:50,2022-03-12 16:55:04
2022-03-13 02:19:57,2022-03-13 02:20:34,HLB_Other,annotator,HIGH LEVEL BEHAVIOR,2022-03-12 16:55:04,2022-03-12 16:55:41
