START_TIME,STOP_TIME,PREDICTION,SOURCE,LABELSET,VIDEO_START_TIME,VIDEO_END_TIME
2022-06-01 08:14:52,2022-06-01 08:15:06,Free_Living,annotator,Experimental situation,2022-06-01 00:00:00,2022-06-01 00:00:14
2022-06-01 08:15:06,2022-06-01 08:15:25,Free_Living,annotator,Experimental situation,2022-06-01 00:00:14,2022-06-01 00:00:33
2022-06-01 08:15:25,2022-06-01 08:15:28,Free_Living,annotator,Experimental situation,2022-06-01 00:00:33,2022-06-01 00:00:36
2022-06-01 08:15:28,2022-06-01 08:17:04,Free_Living,annotator,Experimental situation,2022-06-01 00:00:36,2022-06-01 00:02:12
2022-06-01 08:17:04,2022-06-01 08:17:08,Free_Living,annotator,Experimental situation,2022-06-01 00:02:12,2022-06-01 00:02:16
2022-06-01 08:17:08,2022-06-01 08:17:23,Free_Living,annotator,Experimental situation,2022-06-01 00:02:16,2022-06-01 00:02:31
2022-06-01 08:17:23,2022-06-01 08:17:27,Free_Living,annotator,Experimental situation,2022-06-01 00:02:31,2022-06-01 00:02:35
2022-06-01 08:17:27,2022-06-01 08:17:37,Free_Living,annotator,Experimental situation,2022-06-01 00:02:35,2022-06-01 00:02:45
2022-06-01 08:17:37,2022-06-01 08:17:49,Free_Living,annotator,Experimental situation,2022-06-01 00:02:45,2022-06-01 00:02:57
2022-06-01 08:17:49,2022-06-01 08:18:13,Free_Living,annotator,Experimental situation,2022-06-01 00:02:57,2022-06-01 00:03:21
2022-06-01 08:18:13,2022-06-01 08:18:24,Free_Living,annotator,Experimental situation,2022-06-01 00:03:21,2022-06-01 00:03:32
2022-06-01 08:18:24,2022-06-01 08:19:20,Free_Living,annotator,Experimental situation,2022-06-01 00:03:32,2022-06-01 00:04:28
2022-06-01 08:19:20,2022-06-01 08:19:29,Free_Living,annotator,Experimental situation,2022-06-01 00:04:28,2022-06-01 00:04:37
2022-06-01 08:19:29,2022-06-01 08:19:32,Free_Living,annotator,Experimental situation,2022-06-01 00:04:37,2022-06-01 00:04:40
2022-06-01 08:19:32,2022-06-01 08:20:16,Free_Living,annotator,Experimental situation,2022-06-01 00:04:40,2022-06-01 00:05:24
2022-06-01 08:20:16,2022-06-01 08:20:28,Free_Living,annotator,Experimental situation,2022-06-01 00:05:24,2022-06-01 00:05:36
2022-06-01 08:20:28,2022-06-01 08:20:39,Free_Living,annotator,Experimental situation,2022-06-01 00:05:36,2022-06-01 00:05:47
2022-06-01 08:20:39,2022-06-01 08:21:14,Free_Living,annotator,Experimental situation,2022-06-01 00:05:47,2022-06-01 00:06:22
2022-06-01 08:21:14,2022-06-01 08:22:18,Free_Living,annotator,Experimental situation,2022-06-01 00:06:22,2022-06-01 00:07:26
2022-06-01 08:22:18,2022-06-01 08:28:55,Free_Living,annotator,Experimental situation,2022-06-01 00:07:26,2022-06-01 00:14:03
2022-06-01 08:28:55,2022-06-01 08:29:00,Free_Living,annotator,Experimental situation,2022-06-01 00:14:03,2022-06-01 00:14:08
2022-06-01 08:29:00,2022-06-01 08:29:20,Free_Living,annotator,Experimental situation,2022-06-01 00:14:08,2022-06-01 00:14:28
2022-06-01 08:29:20,2022-06-01 08:29:40,Free_Living,annotator,Experimental situation,2022-06-01 00:14:28,2022-06-01 00:14:48
2022-06-01 08:29:40,2022-06-01 08:29:44,Free_Living,annotator,Experimental situation,2022-06-01 00:14:48,2022-06-01 00:14:52
2022-06-01 08:29:44,2022-06-01 08:30:13,Free_Living,annotator,Experimental situation,2022-06-01 00:14:52,2022-06-01 00:15:21
2022-06-01 08:30:13,2022-06-01 08:30:21,Free_Living,annotator,Experimental situation,2022-06-01 00:15:21,2022-06-01 00:15:29
2022-06-01 08:30:21,2022-06-01 08:30:53,Free_Living,annotator,Experimental situation,2022-06-01 00:15:29,2022-06-01 00:16:01
2022-06-01 08:30:53,2022-06-01 08:31:03,Free_Living,annotator,Experimental situation,2022-06-01 00:16:01,2022-06-01 00:16:11
2022-06-01 08:31:03,2022-06-01 08:31:10,Free_Living,annotator,Experimental situation,2022-06-01 00:16:11,2022-06-01 00:16:18
2022-06-01 08:31:10,2022-06-01 08:31:13,Free_Living,annotator,Experimental situation,2022-06-01 00:16:18,2022-06-01 00:16:21
2022-06-01 08:31:13,2022-06-01 08:31:22,Free_Living,annotator,Experimental situation,2022-06-01 00:16:21,2022-06-01 00:16:30
2022-06-01 08:31:22,2022-06-01 08:31:32,Free_Living,annotator,Experimental situation,2022-06-01 00:16:30,2022-06-01 00:16:40
2022-06-01 08:31:32,2022-06-01 08:32:04,Free_Living,annotator,Experimental situation,2022-06-01 00:16:40,2022-06-01 00:17:12
2022-06-01 08:32:04,2022-06-01 08:32:07,Free_Living,annotator,Experimental situation,2022-06-01 00:17:12,2022-06-01 00:17:15
2022-06-01 08:32:07,2022-06-01 08:32:17,Free_Living,annotator,Experimental situation,2022-06-01 00:17:15,2022-06-01 00:17:25
2022-06-01 08:32:17,2022-06-01 08:32:31,Free_Living,annotator,Experimental situation,2022-06-01 00:17:25,2022-06-01 00:17:39
2022-06-01 08:32:31,2022-06-01 08:33:57,Free_Living,annotator,Experimental situation,2022-06-01 00:17:39,2022-06-01 00:19:05
2022-06-01 08:33:58,2022-06-01 08:34:21,Free_Living,annotator,Experimental situation,2022-06-01 00:19:06,2022-06-01 00:19:29
2022-06-01 08:34:21,2022-06-01 08:34:31,Free_Living,annotator,Experimental situation,2022-06-01 00:19:29,2022-06-01 00:19:39
2022-06-01 08:34:31,2022-06-01 08:35:16,Free_Living,annotator,Experimental situation,2022-06-01 00:19:39,2022-06-01 00:20:24
2022-06-01 08:35:16,2022-06-01 08:35:30,Free_Living,annotator,Experimental situation,2022-06-01 00:20:24,2022-06-01 00:20:38
2022-06-01 08:35:30,2022-06-01 08:35:57,Free_Living,annotator,Experimental situation,2022-06-01 00:20:38,2022-06-01 00:21:05
2022-06-01 08:35:57,2022-06-01 08:36:12,Free_Living,annotator,Experimental situation,2022-06-01 00:21:05,2022-06-01 00:21:20
2022-06-01 08:36:12,2022-06-01 08:36:20,Free_Living,annotator,Experimental situation,2022-06-01 00:21:20,2022-06-01 00:21:28
2022-06-01 08:36:20,2022-06-01 08:36:50,Free_Living,annotator,Experimental situation,2022-06-01 00:21:28,2022-06-01 00:21:58
2022-06-01 08:36:50,2022-06-01 08:37:02,Free_Living,annotator,Experimental situation,2022-06-01 00:21:58,2022-06-01 00:22:10
2022-06-01 08:37:02,2022-06-01 08:37:08,Free_Living,annotator,Experimental situation,2022-06-01 00:22:10,2022-06-01 00:22:16
2022-06-01 08:37:08,2022-06-01 08:37:29,Free_Living,annotator,Experimental situation,2022-06-01 00:22:16,2022-06-01 00:22:37
2022-06-01 08:37:29,2022-06-01 08:37:42,Free_Living,annotator,Experimental situation,2022-06-01 00:22:37,2022-06-01 00:22:50
2022-06-01 08:37:42,2022-06-01 08:37:47,Free_Living,annotator,Experimental situation,2022-06-01 00:22:50,2022-06-01 00:22:55
2022-06-01 08:37:47,2022-06-01 08:37:54,Free_Living,annotator,Experimental situation,2022-06-01 00:22:55,2022-06-01 00:23:02
2022-06-01 08:37:55,2022-06-01 08:38:00,Free_Living,annotator,Experimental situation,2022-06-01 00:23:03,2022-06-01 00:23:08
2022-06-01 08:38:00,2022-06-01 08:38:11,Free_Living,annotator,Experimental situation,2022-06-01 00:23:08,2022-06-01 00:23:19
2022-06-01 08:38:11,2022-06-01 08:38:17,Free_Living,annotator,Experimental situation,2022-06-01 00:23:19,2022-06-01 00:23:25
2022-06-01 08:38:17,2022-06-01 08:39:09,Free_Living,annotator,Experimental situation,2022-06-01 00:23:25,2022-06-01 00:24:17
2022-06-01 08:39:09,2022-06-01 08:39:22,Free_Living,annotator,Experimental situation,2022-06-01 00:24:17,2022-06-01 00:24:30
2022-06-01 08:39:22,2022-06-01 08:40:06,Free_Living,annotator,Experimental situation,2022-06-01 00:24:30,2022-06-01 00:25:14
2022-06-01 08:40:06,2022-06-01 08:41:33,Free_Living,annotator,Experimental situation,2022-06-01 00:25:14,2022-06-01 00:26:41
2022-06-01 08:41:33,2022-06-01 08:41:41,Free_Living,annotator,Experimental situation,2022-06-01 00:26:41,2022-06-01 00:26:49
2022-06-01 08:41:41,2022-06-01 08:42:00,Free_Living,annotator,Experimental situation,2022-06-01 00:26:49,2022-06-01 00:27:08
2022-06-01 08:42:00,2022-06-01 08:48:37,ES_VideoUnavailable/Indecipherable,annotator,Experimental situation,2022-06-01 00:27:08,2022-06-01 00:33:45
2022-06-01 08:48:37,2022-06-01 08:49:07,Free_Living,annotator,Experimental situation,2022-06-01 00:33:45,2022-06-01 00:34:15
2022-06-01 08:49:07,2022-06-01 08:49:14,Free_Living,annotator,Experimental situation,2022-06-01 00:34:15,2022-06-01 00:34:22
2022-06-01 08:49:14,2022-06-01 08:49:23,Free_Living,annotator,Experimental situation,2022-06-01 00:34:22,2022-06-01 00:34:31
2022-06-01 08:49:23,2022-06-01 08:49:30,Free_Living,annotator,Experimental situation,2022-06-01 00:34:31,2022-06-01 00:34:38
2022-06-01 08:49:30,2022-06-01 08:50:51,Free_Living,annotator,Experimental situation,2022-06-01 00:34:38,2022-06-01 00:35:59
2022-06-01 08:50:51,2022-06-01 08:51:02,Free_Living,annotator,Experimental situation,2022-06-01 00:35:59,2022-06-01 00:36:10
2022-06-01 08:51:02,2022-06-01 08:54:43,Free_Living,annotator,Experimental situation,2022-06-01 00:36:10,2022-06-01 00:39:51
2022-06-01 08:54:43,2022-06-01 08:54:48,Free_Living,annotator,Experimental situation,2022-06-01 00:39:51,2022-06-01 00:39:56
2022-06-01 08:54:48,2022-06-01 08:55:13,Free_Living,annotator,Experimental situation,2022-06-01 00:39:56,2022-06-01 00:40:21
2022-06-01 08:55:13,2022-06-01 08:55:38,Free_Living,annotator,Experimental situation,2022-06-01 00:40:21,2022-06-01 00:40:46
2022-06-01 08:55:38,2022-06-01 08:55:51,Free_Living,annotator,Experimental situation,2022-06-01 00:40:46,2022-06-01 00:40:59
2022-06-01 08:55:51,2022-06-01 08:56:21,Free_Living,annotator,Experimental situation,2022-06-01 00:40:59,2022-06-01 00:41:29
2022-06-01 08:56:21,2022-06-01 08:56:35,Free_Living,annotator,Experimental situation,2022-06-01 00:41:29,2022-06-01 00:41:43
2022-06-01 08:56:35,2022-06-01 08:58:36,Free_Living,annotator,Experimental situation,2022-06-01 00:41:43,2022-06-01 00:43:44
2022-06-01 08:58:36,2022-06-01 09:13:12,ES_VideoUnavailable/Indecipherable,annotator,Experimental situation,2022-06-01 00:43:44,2022-06-01 00:58:20
2022-06-01 09:13:12,2022-06-01 09:13:41,Free_Living,annotator,Experimental situation,2022-06-01 00:58:20,2022-06-01 00:58:49
2022-06-01 09:13:41,2022-06-01 09:13:54,Free_Living,annotator,Experimental situation,2022-06-01 00:58:49,2022-06-01 00:59:02
2022-06-01 09:13:54,2022-06-01 09:14:14,Free_Living,annotator,Experimental situation,2022-06-01 00:59:02,2022-06-01 00:59:22
2022-06-01 09:14:14,2022-06-01 09:17:14,Free_Living,annotator,Experimental situation,2022-06-01 00:59:22,2022-06-01 01:02:22
2022-06-01 09:17:14,2022-06-01 09:17:47,Free_Living,annotator,Experimental situation,2022-06-01 01:02:22,2022-06-01 01:02:55
2022-06-01 09:17:47,2022-06-01 09:18:32,Free_Living,annotator,Experimental situation,2022-06-01 01:02:55,2022-06-01 01:03:40
2022-06-01 09:18:32,2022-06-01 09:18:46,Free_Living,annotator,Experimental situation,2022-06-01 01:03:40,2022-06-01 01:03:54
2022-06-01 09:18:46,2022-06-01 09:21:25,Free_Living,annotator,Experimental situation,2022-06-01 01:03:54,2022-06-01 01:06:33
2022-06-01 09:21:25,2022-06-01 09:21:52,Free_Living,annotator,Experimental situation,2022-06-01 01:06:33,2022-06-01 01:07:00
2022-06-01 09:21:52,2022-06-01 09:22:01,Free_Living,annotator,Experimental situation,2022-06-01 01:07:00,2022-06-01 01:07:09
2022-06-01 09:22:01,2022-06-01 09:22:10,Free_Living,annotator,Experimental situation,2022-06-01 01:07:09,2022-06-01 01:07:18
2022-06-01 09:22:10,2022-06-01 09:22:30,Free_Living,annotator,Experimental situation,2022-06-01 01:07:18,2022-06-01 01:07:38
2022-06-01 09:22:30,2022-06-01 09:22:47,Free_Living,annotator,Experimental situation,2022-06-01 01:07:38,2022-06-01 01:07:55
2022-06-01 09:22:47,2022-06-01 09:22:51,Free_Living,annotator,Experimental situation,2022-06-01 01:07:55,2022-06-01 01:07:59
2022-06-01 09:22:51,2022-06-01 09:23:04,Free_Living,annotator,Experimental situation,2022-06-01 01:07:59,2022-06-01 01:08:12
2022-06-01 09:23:04,2022-06-01 09:24:43,Free_Living,annotator,Experimental situation,2022-06-01 01:08:12,2022-06-01 01:09:51
2022-06-01 09:24:43,2022-06-01 09:24:46,Free_Living,annotator,Experimental situation,2022-06-01 01:09:51,2022-06-01 01:09:54
2022-06-01 09:24:46,2022-06-01 09:25:17,Free_Living,annotator,Experimental situation,2022-06-01 01:09:54,2022-06-01 01:10:25
2022-06-01 09:25:17,2022-06-01 09:25:21,Free_Living,annotator,Experimental situation,2022-06-01 01:10:25,2022-06-01 01:10:29
2022-06-01 09:25:21,2022-06-01 09:25:46,Free_Living,annotator,Experimental situation,2022-06-01 01:10:29,2022-06-01 01:10:54
2022-06-01 09:25:46,2022-06-01 09:25:53,Free_Living,annotator,Experimental situation,2022-06-01 01:10:54,2022-06-01 01:11:01
2022-06-01 09:25:53,2022-06-01 09:26:03,Free_Living,annotator,Experimental situation,2022-06-01 01:11:01,2022-06-01 01:11:11
2022-06-01 09:26:03,2022-06-01 09:26:10,Free_Living,annotator,Experimental situation,2022-06-01 01:11:11,2022-06-01 01:11:18
2022-06-01 09:26:10,2022-06-01 09:26:47,Free_Living,annotator,Experimental situation,2022-06-01 01:11:18,2022-06-01 01:11:55
2022-06-01 09:26:47,2022-06-01 09:26:49,Free_Living,annotator,Experimental situation,2022-06-01 01:11:55,2022-06-01 01:11:57
2022-06-01 09:26:49,2022-06-01 09:26:57,Free_Living,annotator,Experimental situation,2022-06-01 01:11:57,2022-06-01 01:12:05
2022-06-01 09:26:57,2022-06-01 09:27:04,Free_Living,annotator,Experimental situation,2022-06-01 01:12:05,2022-06-01 01:12:12
2022-06-01 09:27:04,2022-06-01 09:29:03,Free_Living,annotator,Experimental situation,2022-06-01 01:12:12,2022-06-01 01:14:11
2022-06-01 09:29:03,2022-06-01 09:29:08,Free_Living,annotator,Experimental situation,2022-06-01 01:14:11,2022-06-01 01:14:16
2022-06-01 09:29:10,2022-06-01 09:29:16,Free_Living,annotator,Experimental situation,2022-06-01 01:14:18,2022-06-01 01:14:24
2022-06-01 09:29:16,2022-06-01 09:29:41,Free_Living,annotator,Experimental situation,2022-06-01 01:14:24,2022-06-01 01:14:49
2022-06-01 09:29:41,2022-06-01 09:29:46,Free_Living,annotator,Experimental situation,2022-06-01 01:14:49,2022-06-01 01:14:54
2022-06-01 09:29:46,2022-06-01 09:30:46,Free_Living,annotator,Experimental situation,2022-06-01 01:14:54,2022-06-01 01:15:54
2022-06-01 09:30:46,2022-06-01 09:30:49,Free_Living,annotator,Experimental situation,2022-06-01 01:15:54,2022-06-01 01:15:57
2022-06-01 09:30:49,2022-06-01 09:30:57,Free_Living,annotator,Experimental situation,2022-06-01 01:15:57,2022-06-01 01:16:05
2022-06-01 09:30:57,2022-06-01 09:31:13,Free_Living,annotator,Experimental situation,2022-06-01 01:16:05,2022-06-01 01:16:21
2022-06-01 09:31:13,2022-06-01 09:32:23,Free_Living,annotator,Experimental situation,2022-06-01 01:16:21,2022-06-01 01:17:31
2022-06-01 09:32:23,2022-06-01 09:34:55,Free_Living,annotator,Experimental situation,2022-06-01 01:17:31,2022-06-01 01:20:03
2022-06-01 09:34:55,2022-06-01 09:35:05,Free_Living,annotator,Experimental situation,2022-06-01 01:20:03,2022-06-01 01:20:13
2022-06-01 09:35:05,2022-06-01 09:35:29,Free_Living,annotator,Experimental situation,2022-06-01 01:20:13,2022-06-01 01:20:37
2022-06-01 09:35:30,2022-06-01 09:37:34,Free_Living,annotator,Experimental situation,2022-06-01 01:20:38,2022-06-01 01:22:42
2022-06-01 09:37:34,2022-06-01 09:46:24,Free_Living,annotator,Experimental situation,2022-06-01 01:22:42,2022-06-01 01:31:32
2022-06-01 09:46:24,2022-06-01 09:46:40,Free_Living,annotator,Experimental situation,2022-06-01 01:31:32,2022-06-01 01:31:48
2022-06-01 09:46:40,2022-06-01 09:46:58,Free_Living,annotator,Experimental situation,2022-06-01 01:31:48,2022-06-01 01:32:06
2022-06-01 09:46:58,2022-06-01 09:48:57,Free_Living,annotator,Experimental situation,2022-06-01 01:32:06,2022-06-01 01:34:05
2022-06-01 09:48:57,2022-06-01 09:49:10,Free_Living,annotator,Experimental situation,2022-06-01 01:34:05,2022-06-01 01:34:18
2022-06-01 09:49:10,2022-06-01 09:49:26,Free_Living,annotator,Experimental situation,2022-06-01 01:34:18,2022-06-01 01:34:34
2022-06-01 09:49:26,2022-06-01 09:49:47,Free_Living,annotator,Experimental situation,2022-06-01 01:34:34,2022-06-01 01:34:55
2022-06-01 09:49:47,2022-06-01 09:50:11,Free_Living,annotator,Experimental situation,2022-06-01 01:34:55,2022-06-01 01:35:19
2022-06-01 09:50:11,2022-06-01 09:50:18,Free_Living,annotator,Experimental situation,2022-06-01 01:35:19,2022-06-01 01:35:26
2022-06-01 09:50:18,2022-06-01 09:51:03,Free_Living,annotator,Experimental situation,2022-06-01 01:35:26,2022-06-01 01:36:11
2022-06-01 09:51:03,2022-06-01 09:52:10,Free_Living,annotator,Experimental situation,2022-06-01 01:36:11,2022-06-01 01:37:18
2022-06-01 09:52:11,2022-06-01 09:53:34,Free_Living,annotator,Experimental situation,2022-06-01 01:37:19,2022-06-01 01:38:42
2022-06-01 09:53:34,2022-06-01 09:54:16,Free_Living,annotator,Experimental situation,2022-06-01 01:38:42,2022-06-01 01:39:24
2022-06-01 09:54:16,2022-06-01 09:54:27,Free_Living,annotator,Experimental situation,2022-06-01 01:39:24,2022-06-01 01:39:35
2022-06-01 09:54:27,2022-06-01 09:55:32,Free_Living,annotator,Experimental situation,2022-06-01 01:39:35,2022-06-01 01:40:40
2022-06-01 09:55:32,2022-06-01 09:57:32,Free_Living,annotator,Experimental situation,2022-06-01 01:40:40,2022-06-01 01:42:40
2022-06-01 09:57:32,2022-06-01 09:57:58,Free_Living,annotator,Experimental situation,2022-06-01 01:42:40,2022-06-01 01:43:06
2022-06-01 09:57:58,2022-06-01 10:08:06,Free_Living,annotator,Experimental situation,2022-06-01 01:43:06,2022-06-01 01:53:14
2022-06-01 10:08:06,2022-06-01 10:09:48,Free_Living,annotator,Experimental situation,2022-06-01 01:53:14,2022-06-01 01:54:56
2022-06-01 10:09:48,2022-06-01 10:10:01,Free_Living,annotator,Experimental situation,2022-06-01 01:54:56,2022-06-01 01:55:09
2022-06-01 10:10:01,2022-06-01 10:10:52,Free_Living,annotator,Experimental situation,2022-06-01 01:55:09,2022-06-01 01:56:00
2022-06-01 10:10:52,2022-06-01 10:11:09,Free_Living,annotator,Experimental situation,2022-06-01 01:56:00,2022-06-01 01:56:17
2022-06-01 10:11:10,2022-06-01 10:15:37,Free_Living,annotator,Experimental situation,2022-06-01 01:56:18,2022-06-01 02:00:45
2022-06-01 10:15:37,2022-06-01 10:16:20,Free_Living,annotator,Experimental situation,2022-06-01 02:00:45,2022-06-01 02:01:28
