START_TIME,STOP_TIME,PREDICTION,SOURCE,LABELSET,VIDEO_START_TIME,VIDEO_END_TIME
2022-06-03 09:27:46,2022-06-03 09:27:59,Located_Indoors, Holding_Other_Object_Light,annotator,Behavioral Parameters,2022-06-03 00:00:00,2022-06-03 00:00:13
2022-06-03 09:27:59,2022-06-03 09:28:22,Located_Indoors,annotator,Behavioral Parameters,2022-06-03 00:00:13,2022-06-03 00:00:36
2022-06-03 09:28:22,2022-06-03 09:28:31,Located_Indoors,annotator,Behavioral Parameters,2022-06-03 00:00:36,2022-06-03 00:00:45
2022-06-03 09:28:31,2022-06-03 09:28:36,Located_Indoors, Holding_Other_Object_Light,annotator,Behavioral Parameters,2022-06-03 00:00:45,2022-06-03 00:00:50
2022-06-03 09:28:36,2022-06-03 09:29:24,Located_Indoors, Holding_Other_Object_Light,annotator,Behavioral Parameters,2022-06-03 00:00:50,2022-06-03 00:01:38
2022-06-03 09:29:24,2022-06-03 09:29:39,Located_Indoors, Holding_Other_Object_Light,annotator,Behavioral Parameters,2022-06-03 00:01:38,2022-06-03 00:01:53
2022-06-03 09:29:39,2022-06-03 09:29:45,Located_Indoors,annotator,Behavioral Parameters,2022-06-03 00:01:53,2022-06-03 00:01:59
2022-06-03 09:29:45,2022-06-03 09:30:01,Located_Indoors, Holding_Other_Object_Light,annotator,Behavioral Parameters,2022-06-03 00:01:59,2022-06-03 00:02:15
2022-06-03 09:30:01,2022-06-03 09:30:09,Located_Indoors,annotator,Behavioral Parameters,2022-06-03 00:02:15,2022-06-03 00:02:23
2022-06-03 09:30:09,2022-06-03 09:30:29,Located_Indoors,annotator,Behavioral Parameters,2022-06-03 00:02:23,2022-06-03 00:02:43
2022-06-03 09:30:29,2022-06-03 09:30:39,Located_Indoors, Texting/Browsing_Phone,annotator,Behavioral Parameters,2022-06-03 00:02:43,2022-06-03 00:02:53
2022-06-03 09:30:39,2022-06-03 09:30:46,Located_Indoors, Texting/Browsing_Phone,annotator,Behavioral Parameters,2022-06-03 00:02:53,2022-06-03 00:03:00
2022-06-03 09:30:46,2022-06-03 09:30:53,Located_Indoors, Texting/Browsing_Phone,annotator,Behavioral Parameters,2022-06-03 00:03:00,2022-06-03 00:03:07
2022-06-03 09:30:53,2022-06-03 09:30:56,Located_Indoors, Texting/Browsing_Phone,annotator,Behavioral Parameters,2022-06-03 00:03:07,2022-06-03 00:03:10
2022-06-03 09:30:56,2022-06-03 09:31:00,Located_Indoors, Holding_Other_Object_Light,annotator,Behavioral Parameters,2022-06-03 00:03:10,2022-06-03 00:03:14
2022-06-03 09:31:00,2022-06-03 09:31:18,Located_Indoors,annotator,Behavioral Parameters,2022-06-03 00:03:14,2022-06-03 00:03:32
2022-06-03 09:31:18,2022-06-03 09:31:34,Located_Indoors, Texting/Browsing_Phone,annotator,Behavioral Parameters,2022-06-03 00:03:32,2022-06-03 00:03:48
2022-06-03 09:31:34,2022-06-03 09:31:42,Located_Indoors, Holding_Other_Object_Light,annotator,Behavioral Parameters,2022-06-03 00:03:48,2022-06-03 00:03:56
2022-06-03 09:31:42,2022-06-03 09:31:47,Located_Indoors, Holding_Other_Object_Light,annotator,Behavioral Parameters,2022-06-03 00:03:56,2022-06-03 00:04:01
2022-06-03 09:31:47,2022-06-03 09:31:54,Located_Indoors, Holding_Other_Object_Light,annotator,Behavioral Parameters,2022-06-03 00:04:01,2022-06-03 00:04:08
2022-06-03 09:31:54,2022-06-03 09:32:05,Located_Indoors, Holding_Other_Object_Light,annotator,Behavioral Parameters,2022-06-03 00:04:08,2022-06-03 00:04:19
2022-06-03 09:32:05,2022-06-03 09:32:26,Located_Indoors, Holding_Other_Object_Light,annotator,Behavioral Parameters,2022-06-03 00:04:19,2022-06-03 00:04:40
2022-06-03 09:32:26,2022-06-03 09:32:41,Located_Indoors, Holding_Other_Object_Light,annotator,Behavioral Parameters,2022-06-03 00:04:40,2022-06-03 00:04:55
2022-06-03 09:32:41,2022-06-03 09:33:13,Located_Indoors,annotator,Behavioral Parameters,2022-06-03 00:04:55,2022-06-03 00:05:27
2022-06-03 09:33:13,2022-06-03 09:33:48,Located_Indoors, Texting/Browsing_Phone,annotator,Behavioral Parameters,2022-06-03 00:05:27,2022-06-03 00:06:02
2022-06-03 09:33:48,2022-06-03 09:34:19,Located_Indoors, Holding_Other_Object_Light,annotator,Behavioral Parameters,2022-06-03 00:06:02,2022-06-03 00:06:33
2022-06-03 09:34:19,2022-06-03 09:34:33,Located_Indoors, Texting/Browsing_Phone,annotator,Behavioral Parameters,2022-06-03 00:06:33,2022-06-03 00:06:47
2022-06-03 09:34:33,2022-06-03 09:34:39,Located_Indoors,annotator,Behavioral Parameters,2022-06-03 00:06:47,2022-06-03 00:06:53
2022-06-03 09:34:39,2022-06-03 09:35:04,Located_Indoors, Holding_Other_Object_Light,annotator,Behavioral Parameters,2022-06-03 00:06:53,2022-06-03 00:07:18
2022-06-03 09:35:04,2022-06-03 09:35:10,Located_Indoors,annotator,Behavioral Parameters,2022-06-03 00:07:18,2022-06-03 00:07:24
2022-06-03 09:35:10,2022-06-03 09:35:17,Located_Indoors, Texting/Browsing_Phone,annotator,Behavioral Parameters,2022-06-03 00:07:24,2022-06-03 00:07:31
2022-06-03 09:35:17,2022-06-03 09:35:29,Located_Indoors, Texting/Browsing_Phone,annotator,Behavioral Parameters,2022-06-03 00:07:31,2022-06-03 00:07:43
2022-06-03 09:35:29,2022-06-03 09:36:08,Located_Indoors, Holding_Solid_Food,annotator,Behavioral Parameters,2022-06-03 00:07:43,2022-06-03 00:08:22
2022-06-03 09:36:08,2022-06-03 09:36:34,Located_Indoors,annotator,Behavioral Parameters,2022-06-03 00:08:22,2022-06-03 00:08:48
2022-06-03 09:36:34,2022-06-03 09:36:50,Located_Indoors, Holding_Other_Object_Light,annotator,Behavioral Parameters,2022-06-03 00:08:48,2022-06-03 00:09:04
2022-06-03 09:36:50,2022-06-03 09:37:01,Located_Indoors,annotator,Behavioral Parameters,2022-06-03 00:09:04,2022-06-03 00:09:15
2022-06-03 09:37:01,2022-06-03 09:37:05,Located_Indoors, Texting/Browsing_Phone,annotator,Behavioral Parameters,2022-06-03 00:09:15,2022-06-03 00:09:19
2022-06-03 09:37:05,2022-06-03 09:37:10,Located_Indoors,annotator,Behavioral Parameters,2022-06-03 00:09:19,2022-06-03 00:09:24
2022-06-03 09:37:10,2022-06-03 09:39:02,Holding_Other_Object_Light,annotator,Behavioral Parameters,2022-06-03 00:09:24,2022-06-03 00:11:16
2022-06-03 09:39:02,2022-06-03 09:39:50,Holding_Other_Object_Light, Texting/Browsing_Phone,annotator,Behavioral Parameters,2022-06-03 00:11:16,2022-06-03 00:12:04
2022-06-03 09:39:50,2022-06-03 09:41:09,Holding_Other_Object_Light,annotator,Behavioral Parameters,2022-06-03 00:12:04,2022-06-03 00:13:23
2022-06-03 09:41:09,2022-06-03 09:41:27,Holding_Other_Object_Light, Texting/Browsing_Phone,annotator,Behavioral Parameters,2022-06-03 00:13:23,2022-06-03 00:13:41
2022-06-03 09:41:27,2022-06-03 09:41:46,Holding_Other_Object_Light,annotator,Behavioral Parameters,2022-06-03 00:13:41,2022-06-03 00:14:00
2022-06-03 09:41:46,2022-06-03 09:43:32,Holding_Other_Object_Light,annotator,Behavioral Parameters,2022-06-03 00:14:00,2022-06-03 00:15:46
2022-06-03 09:43:32,2022-06-03 09:44:04,Holding_Other_Object_Light,annotator,Behavioral Parameters,2022-06-03 00:15:46,2022-06-03 00:16:18
2022-06-03 09:44:04,2022-06-03 09:44:27,Holding_Other_Object_Light,annotator,Behavioral Parameters,2022-06-03 00:16:18,2022-06-03 00:16:41
2022-06-03 09:44:27,2022-06-03 09:44:43,Holding_Solid_Food,annotator,Behavioral Parameters,2022-06-03 00:16:41,2022-06-03 00:16:57
2022-06-03 09:44:43,2022-06-03 09:48:08,Holding_Solid_Food, Texting/Browsing_Phone,annotator,Behavioral Parameters,2022-06-03 00:16:57,2022-06-03 00:20:22
2022-06-03 09:48:08,2022-06-03 09:49:27,Located_Indoors, Holding_Other_Object_Light,annotator,Behavioral Parameters,2022-06-03 00:20:22,2022-06-03 00:21:41
2022-06-03 09:49:27,2022-06-03 09:50:31,Located_Indoors, Holding_Solid_Food, Texting/Browsing_Phone,annotator,Behavioral Parameters,2022-06-03 00:21:41,2022-06-03 00:22:45
2022-06-03 09:50:31,2022-06-03 09:50:58,Located_Indoors, Texting/Browsing_Phone,annotator,Behavioral Parameters,2022-06-03 00:22:45,2022-06-03 00:23:12
2022-06-03 09:50:58,2022-06-03 09:51:31,Located_Indoors,annotator,Behavioral Parameters,2022-06-03 00:23:12,2022-06-03 00:23:45
2022-06-03 09:51:31,2022-06-03 09:52:12,Located_Indoors,annotator,Behavioral Parameters,2022-06-03 00:23:45,2022-06-03 00:24:26
2022-06-03 09:52:12,2022-06-03 09:52:39,Located_Indoors,annotator,Behavioral Parameters,2022-06-03 00:24:26,2022-06-03 00:24:53
2022-06-03 09:52:39,2022-06-03 09:53:08,Located_Indoors,annotator,Behavioral Parameters,2022-06-03 00:24:53,2022-06-03 00:25:22
2022-06-03 09:53:08,2022-06-03 09:53:49,Located_Indoors,annotator,Behavioral Parameters,2022-06-03 00:25:22,2022-06-03 00:26:03
2022-06-03 09:53:49,2022-06-03 09:54:37,Located_Indoors,annotator,Behavioral Parameters,2022-06-03 00:26:03,2022-06-03 00:26:51
2022-06-03 09:54:37,2022-06-03 09:54:59,Located_Indoors, Holding_Other_Object_Light,annotator,Behavioral Parameters,2022-06-03 00:26:51,2022-06-03 00:27:13
2022-06-03 09:54:59,2022-06-03 09:55:25,Located_Indoors,annotator,Behavioral Parameters,2022-06-03 00:27:13,2022-06-03 00:27:39
2022-06-03 09:55:25,2022-06-03 09:55:52,Located_Indoors, Texting/Browsing_Phone,annotator,Behavioral Parameters,2022-06-03 00:27:39,2022-06-03 00:28:06
2022-06-03 09:55:52,2022-06-03 09:56:09,Located_Indoors,annotator,Behavioral Parameters,2022-06-03 00:28:06,2022-06-03 00:28:23
2022-06-03 09:56:09,2022-06-03 09:56:39,Located_Indoors,annotator,Behavioral Parameters,2022-06-03 00:28:23,2022-06-03 00:28:53
2022-06-03 09:56:39,2022-06-03 09:56:50,Located_Indoors,annotator,Behavioral Parameters,2022-06-03 00:28:53,2022-06-03 00:29:04
2022-06-03 09:56:50,2022-06-03 09:57:02,Located_Indoors,annotator,Behavioral Parameters,2022-06-03 00:29:04,2022-06-03 00:29:16
2022-06-03 09:57:02,2022-06-03 09:57:20,Located_Indoors,annotator,Behavioral Parameters,2022-06-03 00:29:16,2022-06-03 00:29:34
2022-06-03 09:57:20,2022-06-03 09:59:17,Located_Indoors,annotator,Behavioral Parameters,2022-06-03 00:29:34,2022-06-03 00:31:31
2022-06-03 09:59:17,2022-06-03 09:59:40,Located_Indoors, Texting/Browsing_Phone,annotator,Behavioral Parameters,2022-06-03 00:31:31,2022-06-03 00:31:54
2022-06-03 09:59:40,2022-06-03 09:59:57,Located_Indoors,annotator,Behavioral Parameters,2022-06-03 00:31:54,2022-06-03 00:32:11
2022-06-03 09:59:57,2022-06-03 10:00:20,Located_Indoors,annotator,Behavioral Parameters,2022-06-03 00:32:11,2022-06-03 00:32:34
2022-06-03 10:00:20,2022-06-03 10:02:30,Located_Outdoors, Texting/Browsing_Phone,annotator,Behavioral Parameters,2022-06-03 00:32:34,2022-06-03 00:34:44
2022-06-03 10:02:30,2022-06-03 10:05:06,Located_Outdoors, Texting/Browsing_Phone,annotator,Behavioral Parameters,2022-06-03 00:34:44,2022-06-03 00:37:20
2022-06-03 10:05:06,2022-06-03 10:06:32,Located_Outdoors,annotator,Behavioral Parameters,2022-06-03 00:37:20,2022-06-03 00:38:46
2022-06-03 10:06:32,2022-06-03 10:07:06,Located_Outdoors,annotator,Behavioral Parameters,2022-06-03 00:38:46,2022-06-03 00:39:20
2022-06-03 10:07:06,2022-06-03 10:09:56,Located_Outdoors, Texting/Browsing_Phone,annotator,Behavioral Parameters,2022-06-03 00:39:20,2022-06-03 00:42:10
2022-06-03 10:09:56,2022-06-03 10:11:02,Located_Outdoors, Texting/Browsing_Phone,annotator,Behavioral Parameters,2022-06-03 00:42:10,2022-06-03 00:43:16
2022-06-03 10:11:02,2022-06-03 10:13:14,Located_Outdoors, Texting/Browsing_Phone,annotator,Behavioral Parameters,2022-06-03 00:43:16,2022-06-03 00:45:28
2022-06-03 10:13:14,2022-06-03 10:13:33,Located_Outdoors,annotator,Behavioral Parameters,2022-06-03 00:45:28,2022-06-03 00:45:47
2022-06-03 10:13:33,2022-06-03 10:13:58,Located_Outdoors, Texting/Browsing_Phone,annotator,Behavioral Parameters,2022-06-03 00:45:47,2022-06-03 00:46:12
2022-06-03 10:13:33,2022-06-03 10:13:33,Located_Outdoors,annotator,Behavioral Parameters,2022-06-03 00:45:47,2022-06-03 00:45:47
2022-06-03 10:13:58,2022-06-03 10:14:21,Located_Outdoors,annotator,Behavioral Parameters,2022-06-03 00:46:12,2022-06-03 00:46:35
2022-06-03 10:14:21,2022-06-03 10:14:46,Located_Outdoors,annotator,Behavioral Parameters,2022-06-03 00:46:35,2022-06-03 00:47:00
2022-06-03 10:14:46,2022-06-03 10:15:03,Located_Outdoors,annotator,Behavioral Parameters,2022-06-03 00:47:00,2022-06-03 00:47:17
2022-06-03 10:15:03,2022-06-03 10:15:55,Located_Outdoors,annotator,Behavioral Parameters,2022-06-03 00:47:17,2022-06-03 00:48:09
2022-06-03 10:15:55,2022-06-03 10:16:36,Located_Outdoors, Texting/Browsing_Phone,annotator,Behavioral Parameters,2022-06-03 00:48:09,2022-06-03 00:48:50
2022-06-03 10:16:36,2022-06-03 10:17:21,Located_Indoors,annotator,Behavioral Parameters,2022-06-03 00:48:50,2022-06-03 00:49:35
2022-06-03 10:17:21,2022-06-03 10:17:59,Located_Indoors,annotator,Behavioral Parameters,2022-06-03 00:49:35,2022-06-03 00:50:13
2022-06-03 10:17:59,2022-06-03 10:18:08,Located_Indoors, Holding_Other_Object_Light,annotator,Behavioral Parameters,2022-06-03 00:50:13,2022-06-03 00:50:22
2022-06-03 10:18:08,2022-06-03 10:18:54,Holding_Other_Object_Light, Located_Outdoors,annotator,Behavioral Parameters,2022-06-03 00:50:22,2022-06-03 00:51:08
2022-06-03 10:18:54,2022-06-03 10:19:39,Holding_Other_Object_Light, Located_Outdoors, Texting/Browsing_Phone,annotator,Behavioral Parameters,2022-06-03 00:51:08,2022-06-03 00:51:53
2022-06-03 10:19:39,2022-06-03 10:20:57,Holding_Other_Object_Light, Located_Outdoors, Using_Umbrella,annotator,Behavioral Parameters,2022-06-03 00:51:53,2022-06-03 00:53:11
2022-06-03 10:20:57,2022-06-03 10:21:11,Holding_Other_Object_Light, Located_Outdoors,annotator,Behavioral Parameters,2022-06-03 00:53:11,2022-06-03 00:53:25
2022-06-03 10:21:11,2022-06-03 10:21:21,Holding_Other_Object_Light, Located_Outdoors,annotator,Behavioral Parameters,2022-06-03 00:53:25,2022-06-03 00:53:35
2022-06-03 10:21:21,2022-06-03 10:21:40,Holding_Other_Object_Light, Located_Outdoors, Texting/Browsing_Phone,annotator,Behavioral Parameters,2022-06-03 00:53:35,2022-06-03 00:53:54
2022-06-03 10:21:40,2022-06-03 10:22:27,Holding_Other_Object_Light, Located_Outdoors,annotator,Behavioral Parameters,2022-06-03 00:53:54,2022-06-03 00:54:41
2022-06-03 10:22:27,2022-06-03 10:22:40,Holding_Other_Object_Light, Located_Outdoors, Using_Umbrella,annotator,Behavioral Parameters,2022-06-03 00:54:41,2022-06-03 00:54:54
2022-06-03 10:22:40,2022-06-03 10:22:51,Holding_Other_Object_Light, Located_Outdoors, Using_Umbrella,annotator,Behavioral Parameters,2022-06-03 00:54:54,2022-06-03 00:55:05
2022-06-03 10:22:51,2022-06-03 10:24:07,Holding_Other_Object_Light, Located_Outdoors, Using_Umbrella,annotator,Behavioral Parameters,2022-06-03 00:55:05,2022-06-03 00:56:21
2022-06-03 10:24:07,2022-06-03 10:24:29,Holding_Other_Object_Light, Located_Outdoors, Using_Umbrella,annotator,Behavioral Parameters,2022-06-03 00:56:21,2022-06-03 00:56:43
2022-06-03 10:24:29,2022-06-03 10:26:02,Holding_Other_Object_Light, Located_Outdoors, Using_Umbrella,annotator,Behavioral Parameters,2022-06-03 00:56:43,2022-06-03 00:58:16
2022-06-03 10:26:02,2022-06-03 10:27:30,Holding_Other_Object_Light, Located_Outdoors, Using_Umbrella, Texting/Browsing_Phone,annotator,Behavioral Parameters,2022-06-03 00:58:16,2022-06-03 00:59:44
2022-06-03 10:27:30,2022-06-03 10:27:55,Holding_Other_Object_Light, Located_Outdoors, Using_Umbrella,annotator,Behavioral Parameters,2022-06-03 00:59:44,2022-06-03 01:00:09
2022-06-03 10:27:55,2022-06-03 10:28:10,Holding_Other_Object_Light, Located_Indoors,annotator,Behavioral Parameters,2022-06-03 01:00:09,2022-06-03 01:00:24
2022-06-03 10:28:10,2022-06-03 10:29:02,Holding_Other_Object_Light, Located_Indoors, Texting/Browsing_Phone,annotator,Behavioral Parameters,2022-06-03 01:00:24,2022-06-03 01:01:16
2022-06-03 10:29:02,2022-06-03 10:29:27,Holding_Other_Object_Light, Located_Indoors,annotator,Behavioral Parameters,2022-06-03 01:01:16,2022-06-03 01:01:41
2022-06-03 10:29:27,2022-06-03 10:30:14,Holding_Other_Object_Light, Located_Indoors,annotator,Behavioral Parameters,2022-06-03 01:01:41,2022-06-03 01:02:28
2022-06-03 10:30:14,2022-06-03 10:30:43,Holding_Other_Object_Light, Located_Indoors,annotator,Behavioral Parameters,2022-06-03 01:02:28,2022-06-03 01:02:57
2022-06-03 10:30:43,2022-06-03 10:31:12,Holding_Other_Object_Light, Located_Indoors,annotator,Behavioral Parameters,2022-06-03 01:02:57,2022-06-03 01:03:26
2022-06-03 10:31:14,2022-06-03 10:31:56,Holding_Other_Object_Light, Located_Indoors, In_Conversation,annotator,Behavioral Parameters,2022-06-03 01:03:28,2022-06-03 01:04:10
2022-06-03 10:31:56,2022-06-03 10:33:39,In_Conversation, Holding_Solid_Food, Located_Indoors,annotator,Behavioral Parameters,2022-06-03 01:04:10,2022-06-03 01:05:53
2022-06-03 10:33:39,2022-06-03 10:34:11,Holding_Solid_Food, Located_Indoors, Texting/Browsing_Phone,annotator,Behavioral Parameters,2022-06-03 01:05:53,2022-06-03 01:06:25
2022-06-03 10:34:11,2022-06-03 10:35:20,Holding_Solid_Food, Located_Indoors,annotator,Behavioral Parameters,2022-06-03 01:06:25,2022-06-03 01:07:34
2022-06-03 10:35:20,2022-06-03 10:35:49,Located_Indoors,annotator,Behavioral Parameters,2022-06-03 01:07:34,2022-06-03 01:08:03
2022-06-03 10:35:49,2022-06-03 10:44:25,Located_Indoors, Holding_Solid_Food,annotator,Behavioral Parameters,2022-06-03 01:08:03,2022-06-03 01:16:39
2022-06-03 10:44:30,2022-06-03 10:45:13,Located_Indoors, In_Conversation,annotator,Behavioral Parameters,2022-06-03 01:16:44,2022-06-03 01:17:27
2022-06-03 10:45:13,2022-06-03 10:46:16,Located_Indoors, In_Conversation, Holding_Solid_Food,annotator,Behavioral Parameters,2022-06-03 01:17:27,2022-06-03 01:18:30
2022-06-03 10:46:16,2022-06-03 10:46:31,Located_Indoors, In_Conversation, Holding_Solid_Food,annotator,Behavioral Parameters,2022-06-03 01:18:30,2022-06-03 01:18:45
2022-06-03 10:46:31,2022-06-03 10:47:06,Located_Indoors, In_Conversation,annotator,Behavioral Parameters,2022-06-03 01:18:45,2022-06-03 01:19:20
2022-06-03 10:47:06,2022-06-03 10:48:21,Located_Indoors, In_Conversation,annotator,Behavioral Parameters,2022-06-03 01:19:20,2022-06-03 01:20:35
2022-06-03 10:48:21,2022-06-03 10:50:45,Located_Indoors, In_Conversation, Texting/Browsing_Phone,annotator,Behavioral Parameters,2022-06-03 01:20:35,2022-06-03 01:22:59
2022-06-03 10:50:45,2022-06-03 10:51:16,Located_Indoors, In_Conversation,annotator,Behavioral Parameters,2022-06-03 01:22:59,2022-06-03 01:23:30
2022-06-03 10:51:16,2022-06-03 10:53:15,Located_Indoors, In_Conversation,annotator,Behavioral Parameters,2022-06-03 01:23:30,2022-06-03 01:25:29
2022-06-03 10:53:15,2022-06-03 10:57:54,Located_Indoors, In_Conversation,annotator,Behavioral Parameters,2022-06-03 01:25:29,2022-06-03 01:30:08
2022-06-03 10:57:54,2022-06-03 10:58:11,Located_Indoors, In_Conversation,annotator,Behavioral Parameters,2022-06-03 01:30:08,2022-06-03 01:30:25
2022-06-03 10:58:11,2022-06-03 11:00:16,Located_Indoors, In_Conversation,annotator,Behavioral Parameters,2022-06-03 01:30:25,2022-06-03 01:32:30
2022-06-03 11:00:16,2022-06-03 11:03:07,Located_Indoors, In_Conversation, Texting/Browsing_Phone,annotator,Behavioral Parameters,2022-06-03 01:32:30,2022-06-03 01:35:21
2022-06-03 11:03:07,2022-06-03 11:09:22,Located_Indoors, In_Conversation,annotator,Behavioral Parameters,2022-06-03 01:35:21,2022-06-03 01:41:36
2022-06-03 11:09:22,2022-06-03 11:09:40,Located_Indoors, In_Conversation, Texting/Browsing_Phone,annotator,Behavioral Parameters,2022-06-03 01:41:36,2022-06-03 01:41:54
2022-06-03 11:09:40,2022-06-03 11:12:16,Located_Indoors, In_Conversation,annotator,Behavioral Parameters,2022-06-03 01:41:54,2022-06-03 01:44:30
2022-06-03 11:12:16,2022-06-03 11:13:40,Located_Indoors, In_Conversation, Texting/Browsing_Phone,annotator,Behavioral Parameters,2022-06-03 01:44:30,2022-06-03 01:45:54
2022-06-03 11:13:40,2022-06-03 11:16:17,Located_Indoors, In_Conversation,annotator,Behavioral Parameters,2022-06-03 01:45:54,2022-06-03 01:48:31
2022-06-03 11:16:17,2022-06-03 11:16:26,Located_Indoors, In_Conversation, Texting/Browsing_Phone,annotator,Behavioral Parameters,2022-06-03 01:48:31,2022-06-03 01:48:40
2022-06-03 11:16:26,2022-06-03 11:16:38,Located_Indoors, In_Conversation,annotator,Behavioral Parameters,2022-06-03 01:48:40,2022-06-03 01:48:52
2022-06-03 11:16:38,2022-06-03 11:17:04,Located_Indoors,annotator,Behavioral Parameters,2022-06-03 01:48:52,2022-06-03 01:49:18
2022-06-03 11:17:04,2022-06-03 11:27:20,Located_Indoors,annotator,Behavioral Parameters,2022-06-03 01:49:18,2022-06-03 01:59:34
2022-06-03 11:27:20,2022-06-03 11:45:27,Located_Indoors, Typing_Computer,annotator,Behavioral Parameters,2022-06-03 01:59:34,2022-06-03 02:17:41
2022-06-03 11:45:27,2022-06-03 11:46:33,Located_Indoors, CP_VideoUnavailable/Indecipherable,annotator,Behavioral Parameters,2022-06-03 02:17:41,2022-06-03 02:18:47
2022-06-03 11:46:33,2022-06-03 11:49:47,Located_Indoors,annotator,Behavioral Parameters,2022-06-03 02:18:47,2022-06-03 02:22:01
2022-06-03 11:49:47,2022-06-03 11:50:33,Located_Indoors,annotator,Behavioral Parameters,2022-06-03 02:22:01,2022-06-03 02:22:47
2022-06-03 11:50:33,2022-06-03 11:50:55,Located_Indoors, Holding_Other_Object_Light, Carrying_Bag_On_Shoulder/Back_Light,annotator,Behavioral Parameters,2022-06-03 02:22:47,2022-06-03 02:23:09
2022-06-03 11:50:55,2022-06-03 11:51:21,Located_Indoors, Holding_Other_Object_Light, Carrying_Bag_On_Shoulder/Back_Light,annotator,Behavioral Parameters,2022-06-03 02:23:09,2022-06-03 02:23:35
2022-06-03 11:51:21,2022-06-03 11:53:46,Holding_Other_Object_Light, Carrying_Bag_On_Shoulder/Back_Light, Located_Outdoors,annotator,Behavioral Parameters,2022-06-03 02:23:35,2022-06-03 02:26:00
2022-06-03 11:53:46,2022-06-03 11:54:14,Holding_Other_Object_Light, Carrying_Bag_On_Shoulder/Back_Light, Located_Outdoors, Texting/Browsing_Phone,annotator,Behavioral Parameters,2022-06-03 02:26:00,2022-06-03 02:26:28
2022-06-03 11:54:14,2022-06-03 11:56:13,Holding_Other_Object_Light, Carrying_Bag_On_Shoulder/Back_Light, Located_Outdoors,annotator,Behavioral Parameters,2022-06-03 02:26:28,2022-06-03 02:28:27
2022-06-03 11:56:13,2022-06-03 11:56:32,Holding_Other_Object_Light, Carrying_Bag_On_Shoulder/Back_Light, Located_Outdoors,annotator,Behavioral Parameters,2022-06-03 02:28:27,2022-06-03 02:28:46
2022-06-03 11:56:32,2022-06-03 11:57:14,Holding_Other_Object_Light, Carrying_Bag_On_Shoulder/Back_Light, Located_Outdoors,annotator,Behavioral Parameters,2022-06-03 02:28:46,2022-06-03 02:29:28
2022-06-03 11:57:14,2022-06-03 11:57:32,Holding_Other_Object_Light, Carrying_Bag_On_Shoulder/Back_Light, Located_Outdoors,annotator,Behavioral Parameters,2022-06-03 02:29:28,2022-06-03 02:29:46
2022-06-03 11:57:32,2022-06-03 11:59:32,Holding_Other_Object_Light, Carrying_Bag_On_Shoulder/Back_Light, Located_Outdoors,annotator,Behavioral Parameters,2022-06-03 02:29:46,2022-06-03 02:31:46
2022-06-03 11:59:32,2022-06-03 11:59:51,Holding_Other_Object_Light, Carrying_Bag_On_Shoulder/Back_Light, Located_Indoors,annotator,Behavioral Parameters,2022-06-03 02:31:46,2022-06-03 02:32:05
2022-06-03 11:59:51,2022-06-03 12:00:57,Holding_Other_Object_Light, Carrying_Bag_On_Shoulder/Back_Light, Located_Indoors,annotator,Behavioral Parameters,2022-06-03 02:32:05,2022-06-03 02:33:11
2022-06-03 12:00:57,2022-06-03 12:01:18,Holding_Other_Object_Light, Carrying_Bag_On_Shoulder/Back_Light, Located_Indoors,annotator,Behavioral Parameters,2022-06-03 02:33:11,2022-06-03 02:33:32
2022-06-03 12:01:18,2022-06-03 12:01:42,Located_Indoors,annotator,Behavioral Parameters,2022-06-03 02:33:32,2022-06-03 02:33:56
2022-06-03 12:01:42,2022-06-03 12:02:09,Located_Indoors,annotator,Behavioral Parameters,2022-06-03 02:33:56,2022-06-03 02:34:23
2022-06-03 12:02:32,2022-06-03 12:04:21,Located_Indoors,annotator,Behavioral Parameters,2022-06-03 02:34:46,2022-06-03 02:36:35
2022-06-03 12:04:21,2022-06-03 12:04:21,Located_Indoors,annotator,Behavioral Parameters,2022-06-03 02:36:35,2022-06-03 02:36:35
2022-06-03 12:04:39,2022-06-03 12:18:14,Located_Indoors, CP_VideoUnavailable/Indecipherable,annotator,Behavioral Parameters,2022-06-03 02:36:53,2022-06-03 02:50:28
2022-06-03 12:18:14,2022-06-03 12:51:53,Located_Indoors, CP_VideoUnavailable/Indecipherable,annotator,Behavioral Parameters,2022-06-03 02:50:28,2022-06-03 03:24:07
2022-06-03 12:51:53,2022-06-03 13:15:26,Located_Indoors, CP_VideoUnavailable/Indecipherable,annotator,Behavioral Parameters,2022-06-03 03:24:07,2022-06-03 03:47:40
2022-06-03 13:17:13,2022-06-03 14:00:39,Located_Indoors, CP_VideoUnavailable/Indecipherable,annotator,Behavioral Parameters,2022-06-03 03:49:27,2022-06-03 04:32:53
2022-06-03 14:00:43,2022-06-03 15:32:32,Located_Indoors, CP_VideoUnavailable/Indecipherable,annotator,Behavioral Parameters,2022-06-03 04:32:57,2022-06-03 06:04:46
2022-06-03 15:33:08,2022-06-03 15:42:08,Located_Indoors, CP_VideoUnavailable/Indecipherable,annotator,Behavioral Parameters,2022-06-03 06:05:22,2022-06-03 06:14:22
2022-06-03 15:42:08,2022-06-03 15:43:21,Located_Indoors,annotator,Behavioral Parameters,2022-06-03 06:14:22,2022-06-03 06:15:35
2022-06-03 15:43:21,2022-06-03 15:44:37,Located_Indoors, Carrying_Bag_On_Shoulder/Back_Light,annotator,Behavioral Parameters,2022-06-03 06:15:35,2022-06-03 06:16:51
2022-06-03 15:44:37,2022-06-03 15:44:55,Located_Indoors, Carrying_Bag_On_Shoulder/Back_Light, Holding_Other_Object_Light,annotator,Behavioral Parameters,2022-06-03 06:16:51,2022-06-03 06:17:09
2022-06-03 15:44:55,2022-06-03 15:45:24,Located_Indoors, Carrying_Bag_On_Shoulder/Back_Light, Holding_Other_Object_Light,annotator,Behavioral Parameters,2022-06-03 06:17:09,2022-06-03 06:17:38
2022-06-03 15:45:24,2022-06-03 15:45:52,Located_Indoors, Carrying_Bag_On_Shoulder/Back_Light, Holding_Other_Object_Light, Texting/Browsing_Phone,annotator,Behavioral Parameters,2022-06-03 06:17:38,2022-06-03 06:18:06
2022-06-03 15:45:52,2022-06-03 15:46:09,Located_Indoors, Carrying_Bag_On_Shoulder/Back_Light, Holding_Other_Object_Light, Texting/Browsing_Phone,annotator,Behavioral Parameters,2022-06-03 06:18:06,2022-06-03 06:18:23
2022-06-03 15:46:09,2022-06-03 15:48:24,Carrying_Bag_On_Shoulder/Back_Light, Holding_Other_Object_Light, Texting/Browsing_Phone, Located_Outdoors,annotator,Behavioral Parameters,2022-06-03 06:18:23,2022-06-03 06:20:38
2022-06-03 15:48:24,2022-06-03 15:48:44,Carrying_Bag_On_Shoulder/Back_Light, Holding_Other_Object_Light, Texting/Browsing_Phone, Located_Outdoors,annotator,Behavioral Parameters,2022-06-03 06:20:38,2022-06-03 06:20:58
2022-06-03 15:48:44,2022-06-03 15:49:37,Carrying_Bag_On_Shoulder/Back_Light, Holding_Other_Object_Light, Located_Outdoors,annotator,Behavioral Parameters,2022-06-03 06:20:58,2022-06-03 06:21:51
2022-06-03 15:49:37,2022-06-03 15:49:58,Carrying_Bag_On_Shoulder/Back_Light, Holding_Other_Object_Light, Located_Outdoors,annotator,Behavioral Parameters,2022-06-03 06:21:51,2022-06-03 06:22:12
2022-06-03 15:49:58,2022-06-03 15:50:46,Carrying_Bag_On_Shoulder/Back_Light, Holding_Other_Object_Light, Located_Outdoors, Texting/Browsing_Phone,annotator,Behavioral Parameters,2022-06-03 06:22:12,2022-06-03 06:23:00
2022-06-03 15:50:46,2022-06-03 15:53:19,Carrying_Bag_On_Shoulder/Back_Light, Holding_Other_Object_Light, Located_Outdoors,annotator,Behavioral Parameters,2022-06-03 06:23:00,2022-06-03 06:25:33
2022-06-03 15:53:19,2022-06-03 15:53:42,Carrying_Bag_On_Shoulder/Back_Light, Holding_Other_Object_Light, Located_Outdoors, Texting/Browsing_Phone,annotator,Behavioral Parameters,2022-06-03 06:25:33,2022-06-03 06:25:56
2022-06-03 15:53:42,2022-06-03 15:54:28,Carrying_Bag_On_Shoulder/Back_Light, Holding_Other_Object_Light, Located_Outdoors,annotator,Behavioral Parameters,2022-06-03 06:25:56,2022-06-03 06:26:42
2022-06-03 15:54:28,2022-06-03 15:54:43,Carrying_Bag_On_Shoulder/Back_Light, Holding_Other_Object_Light, Located_Indoors,annotator,Behavioral Parameters,2022-06-03 06:26:42,2022-06-03 06:26:57
2022-06-03 15:54:43,2022-06-03 15:59:00,Carrying_Bag_On_Shoulder/Back_Light, Holding_Other_Object_Light, Located_Indoors, Texting/Browsing_Phone,annotator,Behavioral Parameters,2022-06-03 06:26:57,2022-06-03 06:31:14
2022-06-03 15:59:00,2022-06-03 16:00:43,Carrying_Bag_On_Shoulder/Back_Light, Holding_Other_Object_Light, Located_Indoors, Texting/Browsing_Phone,annotator,Behavioral Parameters,2022-06-03 06:31:14,2022-06-03 06:32:57
2022-06-03 16:00:43,2022-06-03 16:01:08,Carrying_Bag_On_Shoulder/Back_Light, Holding_Other_Object_Light, Located_Indoors,annotator,Behavioral Parameters,2022-06-03 06:32:57,2022-06-03 06:33:22
2022-06-03 16:01:08,2022-06-03 16:01:44,Carrying_Bag_On_Shoulder/Back_Light, Holding_Other_Object_Light, Located_Indoors,annotator,Behavioral Parameters,2022-06-03 06:33:22,2022-06-03 06:33:58
2022-06-03 16:01:44,2022-06-03 16:03:06,Carrying_Bag_On_Shoulder/Back_Light, Holding_Other_Object_Light, Located_Indoors,annotator,Behavioral Parameters,2022-06-03 06:33:58,2022-06-03 06:35:20
2022-06-03 16:03:06,2022-06-03 16:03:22,Carrying_Bag_On_Shoulder/Back_Light, Holding_Other_Object_Light, Located_Indoors,annotator,Behavioral Parameters,2022-06-03 06:35:20,2022-06-03 06:35:36
2022-06-03 16:03:22,2022-06-03 16:03:50,Carrying_Bag_On_Shoulder/Back_Light, Holding_Other_Object_Light, Located_Indoors,annotator,Behavioral Parameters,2022-06-03 06:35:36,2022-06-03 06:36:04
2022-06-03 16:03:50,2022-06-03 16:05:31,Carrying_Bag_On_Shoulder/Back_Light, Holding_Other_Object_Light, Located_Indoors,annotator,Behavioral Parameters,2022-06-03 06:36:04,2022-06-03 06:37:45
2022-06-03 16:05:31,2022-06-03 16:05:47,Located_Indoors,annotator,Behavioral Parameters,2022-06-03 06:37:45,2022-06-03 06:38:01
2022-06-03 16:05:47,2022-06-03 16:07:58,Located_Indoors, CP_VideoUnavailable/Indecipherable,annotator,Behavioral Parameters,2022-06-03 06:38:01,2022-06-03 06:40:12
2022-06-03 16:07:58,2022-06-03 16:09:58,Located_Indoors, In_Conversation,annotator,Behavioral Parameters,2022-06-03 06:40:12,2022-06-03 06:42:12
2022-06-03 16:09:58,2022-06-03 16:12:02,Located_Indoors, In_Conversation,annotator,Behavioral Parameters,2022-06-03 06:42:12,2022-06-03 06:44:16
2022-06-03 16:12:02,2022-06-03 16:14:56,Located_Indoors, In_Conversation, Texting/Browsing_Phone,annotator,Behavioral Parameters,2022-06-03 06:44:16,2022-06-03 06:47:10
2022-06-03 16:14:56,2022-06-03 16:15:45,Located_Indoors, In_Conversation, Texting/Browsing_Phone,annotator,Behavioral Parameters,2022-06-03 06:47:10,2022-06-03 06:47:59
2022-06-03 16:15:45,2022-06-03 16:16:12,Located_Indoors, In_Conversation,annotator,Behavioral Parameters,2022-06-03 06:47:59,2022-06-03 06:48:26
2022-06-03 16:16:12,2022-06-03 16:20:14,Located_Indoors, In_Conversation,annotator,Behavioral Parameters,2022-06-03 06:48:26,2022-06-03 06:52:28
2022-06-03 16:20:14,2022-06-03 16:20:38,Located_Indoors, In_Conversation,annotator,Behavioral Parameters,2022-06-03 06:52:28,2022-06-03 06:52:52
2022-06-03 16:20:38,2022-06-03 16:37:14,Located_Indoors, CP_VideoUnavailable/Indecipherable,annotator,Behavioral Parameters,2022-06-03 06:52:52,2022-06-03 07:09:28
2022-06-03 16:37:14,2022-06-03 16:37:38,Located_Indoors,annotator,Behavioral Parameters,2022-06-03 07:09:28,2022-06-03 07:09:52
2022-06-03 16:37:38,2022-06-03 16:37:59,Located_Indoors,annotator,Behavioral Parameters,2022-06-03 07:09:52,2022-06-03 07:10:13
2022-06-03 16:37:59,2022-06-03 16:39:47,Located_Indoors,annotator,Behavioral Parameters,2022-06-03 07:10:13,2022-06-03 07:12:01
2022-06-03 16:39:47,2022-06-03 16:40:38,Located_Indoors, Texting/Browsing_Phone,annotator,Behavioral Parameters,2022-06-03 07:12:01,2022-06-03 07:12:52
2022-06-03 16:40:38,2022-06-03 16:43:11,Located_Indoors, Texting/Browsing_Phone,annotator,Behavioral Parameters,2022-06-03 07:12:52,2022-06-03 07:15:25
2022-06-03 16:43:11,2022-06-03 16:45:48,Located_Indoors,annotator,Behavioral Parameters,2022-06-03 07:15:25,2022-06-03 07:18:02
2022-06-03 16:45:48,2022-06-03 16:46:17,Located_Indoors,annotator,Behavioral Parameters,2022-06-03 07:18:02,2022-06-03 07:18:31
2022-06-03 16:46:17,2022-06-03 16:52:00,Located_Indoors,annotator,Behavioral Parameters,2022-06-03 07:18:31,2022-06-03 07:24:14
2022-06-03 16:52:00,2022-06-03 16:52:15,Located_Indoors, Texting/Browsing_Phone,annotator,Behavioral Parameters,2022-06-03 07:24:14,2022-06-03 07:24:29
2022-06-03 16:52:15,2022-06-03 16:59:08,Located_Indoors,annotator,Behavioral Parameters,2022-06-03 07:24:29,2022-06-03 07:31:22
2022-06-03 16:59:08,2022-06-03 16:59:41,Located_Indoors,annotator,Behavioral Parameters,2022-06-03 07:31:22,2022-06-03 07:31:55
2022-06-03 16:59:41,2022-06-03 17:03:44,Located_Indoors, Holding_Solid_Food,annotator,Behavioral Parameters,2022-06-03 07:31:55,2022-06-03 07:35:58
2022-06-03 17:03:44,2022-06-03 17:04:16,Located_Indoors,annotator,Behavioral Parameters,2022-06-03 07:35:58,2022-06-03 07:36:30
2022-06-03 17:04:16,2022-06-03 17:08:31,Located_Indoors, Holding_Solid_Food,annotator,Behavioral Parameters,2022-06-03 07:36:30,2022-06-03 07:40:45
2022-06-03 17:08:31,2022-06-03 17:11:58,Located_Indoors, Legs_Crossed, In_Conversation,annotator,Behavioral Parameters,2022-06-03 07:40:45,2022-06-03 07:44:12
2022-06-03 17:11:58,2022-06-03 17:13:57,Located_Indoors, Legs_Crossed, In_Conversation,annotator,Behavioral Parameters,2022-06-03 07:44:12,2022-06-03 07:46:11
2022-06-03 17:13:59,2022-06-03 17:14:18,Located_Indoors, Holding_Other_Object_Light,annotator,Behavioral Parameters,2022-06-03 07:46:13,2022-06-03 07:46:32
2022-06-03 17:14:18,2022-06-03 17:14:33,Located_Indoors, In_Conversation,annotator,Behavioral Parameters,2022-06-03 07:46:32,2022-06-03 07:46:47
2022-06-03 17:14:33,2022-06-03 17:20:51,Located_Indoors, In_Conversation, Browsing_Computer,annotator,Behavioral Parameters,2022-06-03 07:46:47,2022-06-03 07:53:05
2022-06-03 17:20:51,2022-06-03 17:21:27,Located_Indoors, In_Conversation,annotator,Behavioral Parameters,2022-06-03 07:53:05,2022-06-03 07:53:41
2022-06-03 17:21:27,2022-06-03 17:22:21,Located_Indoors, In_Conversation, Browsing_Computer,annotator,Behavioral Parameters,2022-06-03 07:53:41,2022-06-03 07:54:35
2022-06-03 17:22:21,2022-06-03 17:22:29,Located_Indoors, In_Conversation,annotator,Behavioral Parameters,2022-06-03 07:54:35,2022-06-03 07:54:43
2022-06-03 17:22:29,2022-06-03 17:22:53,Located_Indoors, In_Conversation,annotator,Behavioral Parameters,2022-06-03 07:54:43,2022-06-03 07:55:07
2022-06-03 17:22:53,2022-06-03 17:23:09,Located_Indoors, In_Conversation,annotator,Behavioral Parameters,2022-06-03 07:55:07,2022-06-03 07:55:23
2022-06-03 17:23:09,2022-06-03 17:23:16,Located_Indoors, In_Conversation,annotator,Behavioral Parameters,2022-06-03 07:55:23,2022-06-03 07:55:30
2022-06-03 17:23:16,2022-06-03 17:23:26,Located_Indoors, In_Conversation,annotator,Behavioral Parameters,2022-06-03 07:55:30,2022-06-03 07:55:40
2022-06-03 17:23:26,2022-06-03 17:23:35,Located_Indoors, In_Conversation,annotator,Behavioral Parameters,2022-06-03 07:55:40,2022-06-03 07:55:49
2022-06-03 17:23:35,2022-06-03 17:23:53,Located_Indoors,annotator,Behavioral Parameters,2022-06-03 07:55:49,2022-06-03 07:56:07
2022-06-03 17:23:53,2022-06-03 17:24:08,Located_Indoors, In_Conversation,annotator,Behavioral Parameters,2022-06-03 07:56:07,2022-06-03 07:56:22
2022-06-03 17:24:08,2022-06-03 17:26:16,Located_Indoors, In_Conversation, Browsing_Computer,annotator,Behavioral Parameters,2022-06-03 07:56:22,2022-06-03 07:58:30
2022-06-03 17:26:16,2022-06-03 17:26:30,Located_Indoors, In_Conversation,annotator,Behavioral Parameters,2022-06-03 07:58:30,2022-06-03 07:58:44
2022-06-03 17:26:30,2022-06-03 17:27:21,Located_Indoors, In_Conversation, Browsing_Computer,annotator,Behavioral Parameters,2022-06-03 07:58:44,2022-06-03 07:59:35
2022-06-03 17:27:21,2022-06-03 17:27:41,Located_Indoors, In_Conversation, Browsing_Computer,annotator,Behavioral Parameters,2022-06-03 07:59:35,2022-06-03 07:59:55
2022-06-03 17:27:41,2022-06-03 17:27:53,Located_Indoors, Holding_Other_Object_Light,annotator,Behavioral Parameters,2022-06-03 07:59:55,2022-06-03 08:00:07
2022-06-03 17:27:53,2022-06-03 17:29:40,Located_Indoors, Browsing_Computer,annotator,Behavioral Parameters,2022-06-03 08:00:07,2022-06-03 08:01:54
2022-06-03 17:29:40,2022-06-03 17:30:49,Located_Indoors, Texting/Browsing_Phone,annotator,Behavioral Parameters,2022-06-03 08:01:54,2022-06-03 08:03:03
2022-06-03 17:30:49,2022-06-03 17:31:50,Located_Indoors, Browsing_Computer, On_Phone_Call,annotator,Behavioral Parameters,2022-06-03 08:03:03,2022-06-03 08:04:04
2022-06-03 17:31:50,2022-06-03 17:32:01,Located_Indoors, Texting/Browsing_Phone,annotator,Behavioral Parameters,2022-06-03 08:04:04,2022-06-03 08:04:15
2022-06-03 17:32:01,2022-06-03 17:32:19,Located_Indoors, Browsing_Computer,annotator,Behavioral Parameters,2022-06-03 08:04:15,2022-06-03 08:04:33
2022-06-03 17:32:19,2022-06-03 17:32:39,Located_Indoors, In_Conversation,annotator,Behavioral Parameters,2022-06-03 08:04:33,2022-06-03 08:04:53
2022-06-03 17:32:39,2022-06-03 17:32:46,Located_Indoors, Texting/Browsing_Phone,annotator,Behavioral Parameters,2022-06-03 08:04:53,2022-06-03 08:05:00
2022-06-03 17:32:46,2022-06-03 17:33:34,Located_Indoors, Browsing_Computer,annotator,Behavioral Parameters,2022-06-03 08:05:00,2022-06-03 08:05:48
2022-06-03 17:33:34,2022-06-03 17:33:46,Located_Indoors, In_Conversation,annotator,Behavioral Parameters,2022-06-03 08:05:48,2022-06-03 08:06:00
2022-06-03 17:33:46,2022-06-03 17:33:53,Located_Indoors, Texting/Browsing_Phone,annotator,Behavioral Parameters,2022-06-03 08:06:00,2022-06-03 08:06:07
2022-06-03 17:33:53,2022-06-03 17:34:37,Located_Indoors, In_Conversation,annotator,Behavioral Parameters,2022-06-03 08:06:07,2022-06-03 08:06:51
2022-06-03 17:34:37,2022-06-03 17:34:52,Located_Indoors, Texting/Browsing_Phone,annotator,Behavioral Parameters,2022-06-03 08:06:51,2022-06-03 08:07:06
2022-06-03 17:34:52,2022-06-03 17:35:08,Located_Indoors, Browsing_Computer,annotator,Behavioral Parameters,2022-06-03 08:07:06,2022-06-03 08:07:22
2022-06-03 17:35:08,2022-06-03 17:36:28,Located_Indoors, Texting/Browsing_Phone,annotator,Behavioral Parameters,2022-06-03 08:07:22,2022-06-03 08:08:42
2022-06-03 17:36:29,2022-06-03 17:37:23,Located_Indoors, In_Conversation, Browsing_Computer,annotator,Behavioral Parameters,2022-06-03 08:08:43,2022-06-03 08:09:37
2022-06-03 17:37:23,2022-06-03 17:37:54,Located_Indoors, Texting/Browsing_Phone,annotator,Behavioral Parameters,2022-06-03 08:09:37,2022-06-03 08:10:08
2022-06-03 17:37:54,2022-06-03 17:55:49,Located_Indoors, Browsing_Computer,annotator,Behavioral Parameters,2022-06-03 08:10:08,2022-06-03 08:28:03
2022-06-03 17:55:49,2022-06-03 17:56:14,Located_Indoors, Texting/Browsing_Phone,annotator,Behavioral Parameters,2022-06-03 08:28:03,2022-06-03 08:28:28
2022-06-03 17:56:14,2022-06-03 18:50:13,Located_Indoors, Browsing_Computer,annotator,Behavioral Parameters,2022-06-03 08:28:28,2022-06-03 09:22:27
2022-06-03 18:50:13,2022-06-03 18:50:37,Located_Indoors, In_Conversation,annotator,Behavioral Parameters,2022-06-03 09:22:27,2022-06-03 09:22:51
2022-06-03 18:50:37,2022-06-03 18:50:51,Located_Indoors, Browsing_Computer,annotator,Behavioral Parameters,2022-06-03 09:22:51,2022-06-03 09:23:05
2022-06-03 18:50:51,2022-06-03 18:51:30,Located_Indoors, In_Conversation,annotator,Behavioral Parameters,2022-06-03 09:23:05,2022-06-03 09:23:44
2022-06-03 18:51:30,2022-06-03 18:51:43,Located_Indoors, Texting/Browsing_Phone,annotator,Behavioral Parameters,2022-06-03 09:23:44,2022-06-03 09:23:57
2022-06-03 18:51:43,2022-06-03 18:52:17,Located_Indoors, Holding_Other_Object_Light,annotator,Behavioral Parameters,2022-06-03 09:23:57,2022-06-03 09:24:31
2022-06-03 18:52:17,2022-06-03 18:52:35,Located_Indoors, Holding_Other_Object_Light,annotator,Behavioral Parameters,2022-06-03 09:24:31,2022-06-03 09:24:49
2022-06-03 18:52:35,2022-06-03 18:52:44,Located_Indoors,annotator,Behavioral Parameters,2022-06-03 09:24:49,2022-06-03 09:24:58
2022-06-03 18:52:44,2022-06-03 18:53:18,BP_VideoUnavailable/Indecipherable,annotator,Behavioral Parameters,2022-06-03 09:24:58,2022-06-03 09:25:32
2022-06-03 18:53:18,2022-06-03 18:58:51,Located_Indoors, Browsing_Computer,annotator,Behavioral Parameters,2022-06-03 09:25:32,2022-06-03 09:31:05
2022-06-03 18:58:51,2022-06-03 19:00:30,Located_Indoors, Holding_Solid_Food,annotator,Behavioral Parameters,2022-06-03 09:31:05,2022-06-03 09:32:44
2022-06-03 19:00:30,2022-06-03 19:08:29,Located_Indoors, Browsing_Computer,annotator,Behavioral Parameters,2022-06-03 09:32:44,2022-06-03 09:40:43
2022-06-03 19:08:29,2022-06-03 19:09:16,Located_Indoors,annotator,Behavioral Parameters,2022-06-03 09:40:43,2022-06-03 09:41:30
2022-06-03 19:09:16,2022-06-03 19:24:15,Located_Indoors, Browsing_Computer,annotator,Behavioral Parameters,2022-06-03 09:41:30,2022-06-03 09:56:29
2022-06-03 19:24:15,2022-06-03 19:25:22,Located_Indoors, Texting/Browsing_Phone,annotator,Behavioral Parameters,2022-06-03 09:56:29,2022-06-03 09:57:36
2022-06-03 19:25:22,2022-06-03 19:25:34,Located_Indoors, Browsing_Computer,annotator,Behavioral Parameters,2022-06-03 09:57:36,2022-06-03 09:57:48
2022-06-03 19:25:34,2022-06-03 19:26:03,Located_Indoors, Texting/Browsing_Phone,annotator,Behavioral Parameters,2022-06-03 09:57:48,2022-06-03 09:58:17
2022-06-03 19:26:03,2022-06-03 19:31:06,Located_Indoors, Browsing_Computer,annotator,Behavioral Parameters,2022-06-03 09:58:17,2022-06-03 10:03:20
