START_TIME,STOP_TIME,PREDICTION,SOURCE,LABELSET,VIDEO_START_TIME,VIDEO_END_TIME
2022-05-28 13:11:23,2022-05-28 13:12:53,Located_Indoors,annotator,Behavioral Parameters,2022-05-28 00:00:00,2022-05-28 00:01:30
2022-05-28 13:12:53,2022-05-28 13:13:15,Located_Indoors,annotator,Behavioral Parameters,2022-05-28 00:01:30,2022-05-28 00:01:52
2022-05-28 13:13:15,2022-05-28 13:13:23,Located_Indoors,annotator,Behavioral Parameters,2022-05-28 00:01:52,2022-05-28 00:02:00
2022-05-28 13:13:23,2022-05-28 13:15:44,Located_Indoors, Holding_Other_Object_Light, Texting/Browsing_Phone,annotator,Behavioral Parameters,2022-05-28 00:02:00,2022-05-28 00:04:21
2022-05-28 13:15:44,2022-05-28 13:16:58,Located_Indoors,annotator,Behavioral Parameters,2022-05-28 00:04:21,2022-05-28 00:05:35
2022-05-28 13:16:58,2022-05-28 13:17:32,Located_Indoors, Holding_Other_Object_Light, Texting/Browsing_Phone,annotator,Behavioral Parameters,2022-05-28 00:05:35,2022-05-28 00:06:09
2022-05-28 13:17:32,2022-05-28 14:09:02,Located_Indoors, Browsing_Computer, In_Conversation,annotator,Behavioral Parameters,2022-05-28 00:06:09,2022-05-28 00:57:39
2022-05-28 14:09:02,2022-05-28 14:09:30,Located_Indoors, In_Conversation,annotator,Behavioral Parameters,2022-05-28 00:57:39,2022-05-28 00:58:07
2022-05-28 14:09:30,2022-05-28 14:10:12,Located_Indoors, In_Conversation,annotator,Behavioral Parameters,2022-05-28 00:58:07,2022-05-28 00:58:49
2022-05-28 14:10:12,2022-05-28 14:12:09,Located_Indoors, In_Conversation,annotator,Behavioral Parameters,2022-05-28 00:58:49,2022-05-28 01:00:46
2022-05-28 14:12:09,2022-05-28 14:12:26,Located_Indoors,annotator,Behavioral Parameters,2022-05-28 01:00:46,2022-05-28 01:01:03
2022-05-28 14:12:26,2022-05-28 14:12:47,Located_Indoors, Holding_Other_Object_Light,annotator,Behavioral Parameters,2022-05-28 01:01:03,2022-05-28 01:01:24
2022-05-28 14:12:47,2022-05-28 14:12:57,Located_Indoors, In_Conversation,annotator,Behavioral Parameters,2022-05-28 01:01:24,2022-05-28 01:01:34
2022-05-28 14:12:57,2022-05-28 14:13:07,Located_Indoors,annotator,Behavioral Parameters,2022-05-28 01:01:34,2022-05-28 01:01:44
2022-05-28 14:13:07,2022-05-28 14:13:33,Located_Indoors,annotator,Behavioral Parameters,2022-05-28 01:01:44,2022-05-28 01:02:10
2022-05-28 14:13:33,2022-05-28 14:14:10,Located_Indoors, In_Conversation,annotator,Behavioral Parameters,2022-05-28 01:02:10,2022-05-28 01:02:47
2022-05-28 14:14:10,2022-05-28 14:14:46,Located_Indoors, In_Conversation,annotator,Behavioral Parameters,2022-05-28 01:02:47,2022-05-28 01:03:23
2022-05-28 14:14:46,2022-05-28 14:15:18,Located_Indoors, In_Conversation,annotator,Behavioral Parameters,2022-05-28 01:03:23,2022-05-28 01:03:55
2022-05-28 14:15:18,2022-05-28 14:25:11,In_Conversation, Located_Outdoors,annotator,Behavioral Parameters,2022-05-28 01:03:55,2022-05-28 01:13:48
2022-05-28 14:25:11,2022-05-28 14:25:35,In_Conversation, Located_Indoors,annotator,Behavioral Parameters,2022-05-28 01:13:48,2022-05-28 01:14:12
2022-05-28 14:25:35,2022-05-28 14:26:14,In_Conversation, Located_Indoors,annotator,Behavioral Parameters,2022-05-28 01:14:12,2022-05-28 01:14:51
2022-05-28 14:26:14,2022-05-28 14:26:33,In_Conversation, Located_Indoors, Holding_Drink,annotator,Behavioral Parameters,2022-05-28 01:14:51,2022-05-28 01:15:10
2022-05-28 14:26:33,2022-05-28 14:28:30,Located_Indoors,annotator,Behavioral Parameters,2022-05-28 01:15:10,2022-05-28 01:17:07
2022-05-28 14:28:30,2022-05-28 14:30:40,Located_Indoors, In_Conversation,annotator,Behavioral Parameters,2022-05-28 01:17:07,2022-05-28 01:19:17
2022-05-28 14:30:40,2022-05-28 14:31:28,Located_Indoors,annotator,Behavioral Parameters,2022-05-28 01:19:17,2022-05-28 01:20:05
2022-05-28 14:31:28,2022-05-28 14:31:36,Located_Indoors,annotator,Behavioral Parameters,2022-05-28 01:20:05,2022-05-28 01:20:13
2022-05-28 14:31:36,2022-05-28 14:31:45,Located_Indoors, Holding_Other_Object_Light,annotator,Behavioral Parameters,2022-05-28 01:20:13,2022-05-28 01:20:22
2022-05-28 14:31:45,2022-05-28 14:32:03,Located_Indoors, Holding_Other_Object_Light,annotator,Behavioral Parameters,2022-05-28 01:20:22,2022-05-28 01:20:40
2022-05-28 14:32:03,2022-05-28 14:32:13,Located_Indoors, Holding_Other_Object_Light, In_Conversation,annotator,Behavioral Parameters,2022-05-28 01:20:40,2022-05-28 01:20:50
2022-05-28 14:32:13,2022-05-28 14:32:31,Located_Indoors,annotator,Behavioral Parameters,2022-05-28 01:20:50,2022-05-28 01:21:08
2022-05-28 14:32:31,2022-05-28 14:32:48,Located_Indoors, Holding_Other_Object_Light,annotator,Behavioral Parameters,2022-05-28 01:21:08,2022-05-28 01:21:25
2022-05-28 14:32:48,2022-05-28 14:35:17,Located_Indoors, Holding_Other_Object_Light, In_Conversation,annotator,Behavioral Parameters,2022-05-28 01:21:25,2022-05-28 01:23:54
2022-05-28 14:35:17,2022-05-28 14:35:33,Located_Indoors,annotator,Behavioral Parameters,2022-05-28 01:23:54,2022-05-28 01:24:10
2022-05-28 14:35:33,2022-05-28 14:35:46,Located_Indoors,annotator,Behavioral Parameters,2022-05-28 01:24:10,2022-05-28 01:24:23
2022-05-28 14:35:46,2022-05-28 14:36:12,Located_Indoors, Holding_Other_Object_Light,annotator,Behavioral Parameters,2022-05-28 01:24:23,2022-05-28 01:24:49
2022-05-28 14:36:12,2022-05-28 14:44:52,Located_Indoors, Holding_Other_Object_Light, In_Conversation,annotator,Behavioral Parameters,2022-05-28 01:24:49,2022-05-28 01:33:29
2022-05-28 14:44:52,2022-05-28 14:45:35,Located_Indoors, Holding_Other_Object_Light, In_Conversation,annotator,Behavioral Parameters,2022-05-28 01:33:29,2022-05-28 01:34:12
2022-05-28 14:45:35,2022-05-28 14:45:57,Located_Indoors, In_Conversation,annotator,Behavioral Parameters,2022-05-28 01:34:12,2022-05-28 01:34:34
2022-05-28 14:45:57,2022-05-28 14:46:41,Located_Indoors, In_Conversation, Holding_Solid_Food,annotator,Behavioral Parameters,2022-05-28 01:34:34,2022-05-28 01:35:18
2022-05-28 14:46:41,2022-05-28 14:54:38,In_Conversation, Holding_Solid_Food, Located_Outdoors,annotator,Behavioral Parameters,2022-05-28 01:35:18,2022-05-28 01:43:15
2022-05-28 14:54:38,2022-05-28 14:55:10,In_Conversation, Holding_Solid_Food, Located_Indoors,annotator,Behavioral Parameters,2022-05-28 01:43:15,2022-05-28 01:43:47
2022-05-28 14:55:10,2022-05-28 14:55:31,In_Conversation, Holding_Solid_Food, Located_Indoors,annotator,Behavioral Parameters,2022-05-28 01:43:47,2022-05-28 01:44:08
2022-05-28 14:55:31,2022-05-28 14:55:31,In_Conversation, Holding_Solid_Food, Located_Indoors,annotator,Behavioral Parameters,2022-05-28 01:44:08,2022-05-28 01:44:08
2022-05-28 14:55:31,2022-05-28 14:55:39,In_Conversation, Holding_Solid_Food, Located_Indoors,annotator,Behavioral Parameters,2022-05-28 01:44:08,2022-05-28 01:44:16
2022-05-28 14:55:39,2022-05-28 14:56:36,In_Conversation, Holding_Solid_Food, Located_Indoors,annotator,Behavioral Parameters,2022-05-28 01:44:16,2022-05-28 01:45:13
2022-05-28 14:56:36,2022-05-28 14:57:10,In_Conversation, Holding_Solid_Food, Located_Indoors,annotator,Behavioral Parameters,2022-05-28 01:45:13,2022-05-28 01:45:47
2022-05-28 14:57:10,2022-05-28 14:57:21,In_Conversation, Holding_Solid_Food, Located_Indoors,annotator,Behavioral Parameters,2022-05-28 01:45:47,2022-05-28 01:45:58
2022-05-28 14:57:21,2022-05-28 14:57:46,In_Conversation, Located_Indoors,annotator,Behavioral Parameters,2022-05-28 01:45:58,2022-05-28 01:46:23
2022-05-28 14:57:46,2022-05-28 14:57:54,In_Conversation, Located_Indoors,annotator,Behavioral Parameters,2022-05-28 01:46:23,2022-05-28 01:46:31
2022-05-28 14:57:54,2022-05-28 14:58:12,In_Conversation, Located_Indoors,annotator,Behavioral Parameters,2022-05-28 01:46:31,2022-05-28 01:46:49
2022-05-28 14:58:12,2022-05-28 15:00:03,Located_Indoors,annotator,Behavioral Parameters,2022-05-28 01:46:49,2022-05-28 01:48:40
2022-05-28 15:00:03,2022-05-28 15:00:37,Located_Indoors,annotator,Behavioral Parameters,2022-05-28 01:48:40,2022-05-28 01:49:14
2022-05-28 15:00:37,2022-05-28 15:10:01,Located_Indoors,annotator,Behavioral Parameters,2022-05-28 01:49:14,2022-05-28 01:58:38
2022-05-28 15:10:01,2022-05-28 15:10:35,Located_Indoors,annotator,Behavioral Parameters,2022-05-28 01:58:38,2022-05-28 01:59:12
2022-05-28 15:10:35,2022-05-28 15:10:56,Located_Indoors,annotator,Behavioral Parameters,2022-05-28 01:59:12,2022-05-28 01:59:33
2022-05-28 15:10:56,2022-05-28 15:35:15,Located_Indoors, In_Conversation, Holding_Other_Object_Light,annotator,Behavioral Parameters,2022-05-28 01:59:33,2022-05-28 02:23:52
2022-05-28 15:35:15,2022-05-28 15:36:04,Located_Indoors, In_Conversation,annotator,Behavioral Parameters,2022-05-28 02:23:52,2022-05-28 02:24:41
2022-05-28 15:36:04,2022-05-28 15:37:12,Located_Indoors, Holding_Other_Object_Light, Texting/Browsing_Phone,annotator,Behavioral Parameters,2022-05-28 02:24:41,2022-05-28 02:25:49
2022-05-28 15:37:12,2022-05-28 15:37:33,Located_Indoors,annotator,Behavioral Parameters,2022-05-28 02:25:49,2022-05-28 02:26:10
2022-05-28 15:37:33,2022-05-28 15:37:49,Located_Indoors, Holding_Drink,annotator,Behavioral Parameters,2022-05-28 02:26:10,2022-05-28 02:26:26
2022-05-28 15:37:49,2022-05-28 16:24:56,Located_Indoors, In_Conversation,annotator,Behavioral Parameters,2022-05-28 02:26:26,2022-05-28 03:13:33
2022-05-28 16:24:56,2022-05-28 16:25:06,Located_Indoors,annotator,Behavioral Parameters,2022-05-28 03:13:33,2022-05-28 03:13:43
2022-05-28 16:25:06,2022-05-28 16:25:16,Located_Indoors, Holding_Other_Object_Light,annotator,Behavioral Parameters,2022-05-28 03:13:43,2022-05-28 03:13:53
2022-05-28 16:25:16,2022-05-28 16:26:12,Located_Indoors, Holding_Other_Object_Light,annotator,Behavioral Parameters,2022-05-28 03:13:53,2022-05-28 03:14:49
2022-05-28 16:26:12,2022-05-28 16:37:25,Located_Indoors,annotator,Behavioral Parameters,2022-05-28 03:14:49,2022-05-28 03:26:02
2022-05-28 16:37:25,2022-05-28 16:37:41,Located_Indoors,annotator,Behavioral Parameters,2022-05-28 03:26:02,2022-05-28 03:26:18
2022-05-28 16:37:41,2022-05-28 16:38:04,Located_Indoors, Holding_Other_Object_Light, Texting/Browsing_Phone,annotator,Behavioral Parameters,2022-05-28 03:26:18,2022-05-28 03:26:41
2022-05-28 16:38:04,2022-05-28 16:39:24,Located_Indoors, In_Conversation,annotator,Behavioral Parameters,2022-05-28 03:26:41,2022-05-28 03:28:01
2022-05-28 16:39:24,2022-05-28 16:39:43,Located_Indoors, In_Conversation, Holding_Other_Object_Light,annotator,Behavioral Parameters,2022-05-28 03:28:01,2022-05-28 03:28:20
2022-05-28 16:39:43,2022-05-28 16:40:46,Located_Indoors, In_Conversation,annotator,Behavioral Parameters,2022-05-28 03:28:20,2022-05-28 03:29:23
2022-05-28 16:40:46,2022-05-28 16:41:09,Located_Indoors, Holding_Other_Object_Light, Texting/Browsing_Phone,annotator,Behavioral Parameters,2022-05-28 03:29:23,2022-05-28 03:29:46
2022-05-28 16:41:09,2022-05-28 16:41:47,Located_Indoors,annotator,Behavioral Parameters,2022-05-28 03:29:46,2022-05-28 03:30:24
2022-05-28 16:41:47,2022-05-28 16:45:17,Located_Indoors,annotator,Behavioral Parameters,2022-05-28 03:30:24,2022-05-28 03:33:54
2022-05-28 16:45:17,2022-05-28 16:45:29,Located_Indoors,annotator,Behavioral Parameters,2022-05-28 03:33:54,2022-05-28 03:34:06
2022-05-28 16:45:29,2022-05-28 16:45:42,Located_Indoors,annotator,Behavioral Parameters,2022-05-28 03:34:06,2022-05-28 03:34:19
2022-05-28 16:45:42,2022-05-28 16:48:25,Located_Indoors,annotator,Behavioral Parameters,2022-05-28 03:34:19,2022-05-28 03:37:02
2022-05-28 16:48:25,2022-05-28 16:49:16,Located_Indoors,annotator,Behavioral Parameters,2022-05-28 03:37:02,2022-05-28 03:37:53
2022-05-28 16:49:16,2022-05-28 17:09:12,Located_Indoors, Holding_Other_Object_Light, Texting/Browsing_Phone,annotator,Behavioral Parameters,2022-05-28 03:37:53,2022-05-28 03:57:49
2022-05-28 17:09:12,2022-05-28 17:09:31,Located_Indoors,annotator,Behavioral Parameters,2022-05-28 03:57:49,2022-05-28 03:58:08
2022-05-28 17:09:31,2022-05-28 17:10:12,Located_Indoors,annotator,Behavioral Parameters,2022-05-28 03:58:08,2022-05-28 03:58:49
2022-05-28 17:10:12,2022-05-28 17:10:52,Located_Indoors, In_Conversation,annotator,Behavioral Parameters,2022-05-28 03:58:49,2022-05-28 03:59:29
2022-05-28 17:10:52,2022-05-28 17:11:26,Located_Indoors, In_Conversation,annotator,Behavioral Parameters,2022-05-28 03:59:29,2022-05-28 04:00:03
2022-05-28 17:11:26,2022-05-28 17:11:58,Located_Indoors, In_Conversation,annotator,Behavioral Parameters,2022-05-28 04:00:03,2022-05-28 04:00:35
2022-05-28 17:11:58,2022-05-28 17:18:34,In_Conversation, Located_Outdoors,annotator,Behavioral Parameters,2022-05-28 04:00:35,2022-05-28 04:07:11
2022-05-28 17:18:34,2022-05-28 17:19:09,In_Conversation, Located_Indoors,annotator,Behavioral Parameters,2022-05-28 04:07:11,2022-05-28 04:07:46
2022-05-28 17:19:09,2022-05-28 17:20:04,In_Conversation, Located_Indoors,annotator,Behavioral Parameters,2022-05-28 04:07:46,2022-05-28 04:08:41
2022-05-28 17:20:04,2022-05-28 17:20:52,In_Conversation, Located_Indoors,annotator,Behavioral Parameters,2022-05-28 04:08:41,2022-05-28 04:09:29
2022-05-28 17:20:52,2022-05-28 17:21:43,In_Conversation, Located_Indoors,annotator,Behavioral Parameters,2022-05-28 04:09:29,2022-05-28 04:10:20
2022-05-28 17:21:43,2022-05-28 17:23:00,In_Conversation, Located_Indoors,annotator,Behavioral Parameters,2022-05-28 04:10:20,2022-05-28 04:11:37
2022-05-28 17:23:00,2022-05-28 17:23:04,In_Conversation, Located_Indoors,annotator,Behavioral Parameters,2022-05-28 04:11:37,2022-05-28 04:11:41
2022-05-28 17:23:04,2022-05-28 17:23:35,In_Conversation, Located_Indoors,annotator,Behavioral Parameters,2022-05-28 04:11:41,2022-05-28 04:12:12
2022-05-28 17:23:35,2022-05-28 17:25:40,In_Conversation, Located_Indoors,annotator,Behavioral Parameters,2022-05-28 04:12:12,2022-05-28 04:14:17
2022-05-28 17:25:40,2022-05-28 17:25:59,In_Conversation, Located_Indoors,annotator,Behavioral Parameters,2022-05-28 04:14:17,2022-05-28 04:14:36
2022-05-28 17:25:59,2022-05-28 17:27:05,In_Conversation, Located_Indoors,annotator,Behavioral Parameters,2022-05-28 04:14:36,2022-05-28 04:15:42
2022-05-28 17:27:05,2022-05-28 17:27:44,In_Conversation, Located_Indoors,annotator,Behavioral Parameters,2022-05-28 04:15:42,2022-05-28 04:16:21
2022-05-28 17:27:44,2022-05-28 17:29:41,In_Conversation, Located_Indoors,annotator,Behavioral Parameters,2022-05-28 04:16:21,2022-05-28 04:18:18
2022-05-28 17:29:41,2022-05-28 17:30:28,In_Conversation, Located_Indoors,annotator,Behavioral Parameters,2022-05-28 04:18:18,2022-05-28 04:19:05
2022-05-28 17:30:28,2022-05-28 17:31:36,In_Conversation, Located_Indoors,annotator,Behavioral Parameters,2022-05-28 04:19:05,2022-05-28 04:20:13
2022-05-28 17:31:36,2022-05-28 17:32:00,In_Conversation, Located_Indoors,annotator,Behavioral Parameters,2022-05-28 04:20:13,2022-05-28 04:20:37
2022-05-28 17:32:00,2022-05-28 17:34:28,In_Conversation, Located_Indoors,annotator,Behavioral Parameters,2022-05-28 04:20:37,2022-05-28 04:23:05
2022-05-28 17:34:28,2022-05-28 17:35:07,In_Conversation, Located_Indoors,annotator,Behavioral Parameters,2022-05-28 04:23:05,2022-05-28 04:23:44
2022-05-28 17:35:07,2022-05-28 17:36:13,In_Conversation, Located_Indoors,annotator,Behavioral Parameters,2022-05-28 04:23:44,2022-05-28 04:24:50
2022-05-28 17:36:13,2022-05-28 17:36:54,In_Conversation, Located_Indoors,annotator,Behavioral Parameters,2022-05-28 04:24:50,2022-05-28 04:25:31
2022-05-28 17:36:54,2022-05-28 17:37:20,In_Conversation, Located_Indoors,annotator,Behavioral Parameters,2022-05-28 04:25:31,2022-05-28 04:25:57
2022-05-28 17:37:20,2022-05-28 17:37:44,In_Conversation, Located_Indoors,annotator,Behavioral Parameters,2022-05-28 04:25:57,2022-05-28 04:26:21
2022-05-28 17:37:44,2022-05-28 17:39:02,In_Conversation, Located_Indoors,annotator,Behavioral Parameters,2022-05-28 04:26:21,2022-05-28 04:27:39
2022-05-28 17:39:02,2022-05-28 17:39:38,In_Conversation, Located_Indoors,annotator,Behavioral Parameters,2022-05-28 04:27:39,2022-05-28 04:28:15
2022-05-28 17:39:38,2022-05-28 17:41:17,In_Conversation, Located_Indoors,annotator,Behavioral Parameters,2022-05-28 04:28:15,2022-05-28 04:29:54
2022-05-28 17:41:17,2022-05-28 17:41:46,In_Conversation, Located_Indoors,annotator,Behavioral Parameters,2022-05-28 04:29:54,2022-05-28 04:30:23
2022-05-28 17:41:46,2022-05-28 17:43:41,In_Conversation, Located_Indoors,annotator,Behavioral Parameters,2022-05-28 04:30:23,2022-05-28 04:32:18
2022-05-28 17:43:41,2022-05-28 17:44:30,In_Conversation, Located_Indoors,annotator,Behavioral Parameters,2022-05-28 04:32:18,2022-05-28 04:33:07
2022-05-28 17:44:30,2022-05-28 17:44:59,In_Conversation, Located_Indoors,annotator,Behavioral Parameters,2022-05-28 04:33:07,2022-05-28 04:33:36
2022-05-28 17:44:59,2022-05-28 17:45:48,In_Conversation, Located_Indoors,annotator,Behavioral Parameters,2022-05-28 04:33:36,2022-05-28 04:34:25
2022-05-28 17:45:48,2022-05-28 17:47:26,In_Conversation, Located_Indoors,annotator,Behavioral Parameters,2022-05-28 04:34:25,2022-05-28 04:36:03
2022-05-28 17:47:26,2022-05-28 17:48:07,In_Conversation, Located_Indoors,annotator,Behavioral Parameters,2022-05-28 04:36:03,2022-05-28 04:36:44
2022-05-28 17:48:07,2022-05-28 17:49:26,In_Conversation, Located_Indoors,annotator,Behavioral Parameters,2022-05-28 04:36:44,2022-05-28 04:38:03
2022-05-28 17:49:26,2022-05-28 17:49:56,In_Conversation, Located_Indoors,annotator,Behavioral Parameters,2022-05-28 04:38:03,2022-05-28 04:38:33
2022-05-28 17:49:56,2022-05-28 17:50:35,In_Conversation, Located_Indoors,annotator,Behavioral Parameters,2022-05-28 04:38:33,2022-05-28 04:39:12
2022-05-28 17:50:35,2022-05-28 17:50:49,In_Conversation, Located_Indoors, Holding_Other_Object_Light, Texting/Browsing_Phone,annotator,Behavioral Parameters,2022-05-28 04:39:12,2022-05-28 04:39:26
2022-05-28 17:50:49,2022-05-28 17:53:11,In_Conversation, Located_Indoors,annotator,Behavioral Parameters,2022-05-28 04:39:26,2022-05-28 04:41:48
2022-05-28 17:53:11,2022-05-28 17:53:50,In_Conversation, Located_Indoors,annotator,Behavioral Parameters,2022-05-28 04:41:48,2022-05-28 04:42:27
2022-05-28 17:53:50,2022-05-28 17:54:03,In_Conversation, Located_Indoors,annotator,Behavioral Parameters,2022-05-28 04:42:27,2022-05-28 04:42:40
2022-05-28 17:54:03,2022-05-28 17:55:41,In_Conversation, Located_Indoors,annotator,Behavioral Parameters,2022-05-28 04:42:40,2022-05-28 04:44:18
2022-05-28 17:55:41,2022-05-28 17:56:54,In_Conversation, Located_Indoors,annotator,Behavioral Parameters,2022-05-28 04:44:18,2022-05-28 04:45:31
2022-05-28 17:56:54,2022-05-28 18:03:01,In_Conversation, Located_Indoors,annotator,Behavioral Parameters,2022-05-28 04:45:31,2022-05-28 04:51:38
2022-05-28 18:03:01,2022-05-28 18:04:23,In_Conversation, Located_Indoors,annotator,Behavioral Parameters,2022-05-28 04:51:38,2022-05-28 04:53:00
2022-05-28 18:04:23,2022-05-28 18:04:59,In_Conversation, Located_Indoors,annotator,Behavioral Parameters,2022-05-28 04:53:00,2022-05-28 04:53:36
2022-05-28 18:04:59,2022-05-28 18:05:35,In_Conversation, Located_Indoors, Holding_Other_Object_Heavy,annotator,Behavioral Parameters,2022-05-28 04:53:36,2022-05-28 04:54:12
2022-05-28 18:05:35,2022-05-28 18:06:21,In_Conversation, Located_Indoors,annotator,Behavioral Parameters,2022-05-28 04:54:12,2022-05-28 04:54:58
2022-05-28 18:06:21,2022-05-28 18:06:32,In_Conversation, Located_Indoors, Holding_Other_Object_Light,annotator,Behavioral Parameters,2022-05-28 04:54:58,2022-05-28 04:55:09
2022-05-28 18:06:32,2022-05-28 18:06:41,In_Conversation, Located_Indoors,annotator,Behavioral Parameters,2022-05-28 04:55:09,2022-05-28 04:55:18
2022-05-28 18:06:41,2022-05-28 18:07:37,In_Conversation, Located_Indoors, Holding_Other_Object_Light,annotator,Behavioral Parameters,2022-05-28 04:55:18,2022-05-28 04:56:14
2022-05-28 18:07:37,2022-05-28 18:08:14,In_Conversation, Located_Indoors,annotator,Behavioral Parameters,2022-05-28 04:56:14,2022-05-28 04:56:51
2022-05-28 18:08:14,2022-05-28 18:08:39,In_Conversation, Located_Indoors, Holding_Other_Object_Light,annotator,Behavioral Parameters,2022-05-28 04:56:51,2022-05-28 04:57:16
2022-05-28 18:08:39,2022-05-28 18:09:21,In_Conversation, Located_Indoors,annotator,Behavioral Parameters,2022-05-28 04:57:16,2022-05-28 04:57:58
2022-05-28 18:09:21,2022-05-28 18:10:10,In_Conversation, Located_Indoors, Holding_Other_Object_Light,annotator,Behavioral Parameters,2022-05-28 04:57:58,2022-05-28 04:58:47
2022-05-28 18:10:10,2022-05-28 18:11:18,In_Conversation, Located_Indoors,annotator,Behavioral Parameters,2022-05-28 04:58:47,2022-05-28 04:59:55
2022-05-28 18:11:18,2022-05-28 18:11:25,In_Conversation, Located_Indoors, Holding_Other_Object_Light,annotator,Behavioral Parameters,2022-05-28 04:59:55,2022-05-28 05:00:02
2022-05-28 18:11:25,2022-05-28 18:23:44,In_Conversation, Located_Indoors,annotator,Behavioral Parameters,2022-05-28 05:00:02,2022-05-28 05:12:21
2022-05-28 18:23:44,2022-05-28 18:24:22,In_Conversation, Located_Indoors,annotator,Behavioral Parameters,2022-05-28 05:12:21,2022-05-28 05:12:59
2022-05-28 18:24:23,2022-05-28 18:27:38,Located_Indoors, In_Conversation,annotator,Behavioral Parameters,2022-05-28 05:13:00,2022-05-28 05:16:15
2022-05-28 18:27:38,2022-05-28 18:27:54,Located_Indoors, In_Conversation,annotator,Behavioral Parameters,2022-05-28 05:16:15,2022-05-28 05:16:31
2022-05-28 18:27:54,2022-05-28 18:28:20,Located_Indoors, In_Conversation,annotator,Behavioral Parameters,2022-05-28 05:16:31,2022-05-28 05:16:57
2022-05-28 18:28:20,2022-05-28 18:30:42,Located_Indoors, In_Conversation,annotator,Behavioral Parameters,2022-05-28 05:16:57,2022-05-28 05:19:19
2022-05-28 18:30:42,2022-05-28 18:31:32,Located_Indoors, In_Conversation,annotator,Behavioral Parameters,2022-05-28 05:19:19,2022-05-28 05:20:09
2022-05-28 18:31:32,2022-05-28 18:31:54,Located_Indoors, In_Conversation, Holding_Other_Object_Light, Texting/Browsing_Phone,annotator,Behavioral Parameters,2022-05-28 05:20:09,2022-05-28 05:20:31
2022-05-28 18:31:54,2022-05-28 18:32:22,Located_Indoors, In_Conversation,annotator,Behavioral Parameters,2022-05-28 05:20:31,2022-05-28 05:20:59
2022-05-28 18:32:22,2022-05-28 18:32:41,Located_Indoors, In_Conversation,annotator,Behavioral Parameters,2022-05-28 05:20:59,2022-05-28 05:21:18
2022-05-28 18:32:41,2022-05-28 18:37:10,Located_Indoors, In_Conversation,annotator,Behavioral Parameters,2022-05-28 05:21:18,2022-05-28 05:25:47
2022-05-28 18:37:10,2022-05-28 18:37:22,Located_Indoors, In_Conversation,annotator,Behavioral Parameters,2022-05-28 05:25:47,2022-05-28 05:25:59
2022-05-28 18:37:22,2022-05-28 18:37:42,Located_Indoors, In_Conversation,annotator,Behavioral Parameters,2022-05-28 05:25:59,2022-05-28 05:26:19
2022-05-28 18:37:42,2022-05-28 18:38:24,Located_Indoors, In_Conversation,annotator,Behavioral Parameters,2022-05-28 05:26:19,2022-05-28 05:27:01
2022-05-28 18:38:24,2022-05-28 18:38:42,Located_Indoors, In_Conversation, Holding_Other_Object_Light, Texting/Browsing_Phone,annotator,Behavioral Parameters,2022-05-28 05:27:01,2022-05-28 05:27:19
2022-05-28 18:38:42,2022-05-28 18:39:33,Located_Indoors, In_Conversation, Holding_Other_Object_Light, Texting/Browsing_Phone,annotator,Behavioral Parameters,2022-05-28 05:27:19,2022-05-28 05:28:10
2022-05-28 18:39:33,2022-05-28 18:41:11,Located_Indoors, In_Conversation, Holding_Other_Object_Light, Texting/Browsing_Phone,annotator,Behavioral Parameters,2022-05-28 05:28:10,2022-05-28 05:29:48
2022-05-28 18:41:11,2022-05-28 18:41:25,Located_Indoors, In_Conversation, Holding_Other_Object_Light, Texting/Browsing_Phone,annotator,Behavioral Parameters,2022-05-28 05:29:48,2022-05-28 05:30:02
2022-05-28 18:41:25,2022-05-28 18:42:23,Located_Indoors, In_Conversation, Holding_Other_Object_Light, Texting/Browsing_Phone,annotator,Behavioral Parameters,2022-05-28 05:30:02,2022-05-28 05:31:00
2022-05-28 18:42:23,2022-05-28 18:51:45,In_Conversation, Located_Outdoors,annotator,Behavioral Parameters,2022-05-28 05:31:00,2022-05-28 05:40:22
2022-05-28 18:51:45,2022-05-28 18:52:41,In_Conversation, Located_Indoors,annotator,Behavioral Parameters,2022-05-28 05:40:22,2022-05-28 05:41:18
2022-05-28 18:52:41,2022-05-28 18:58:15,In_Conversation, Located_Indoors,annotator,Behavioral Parameters,2022-05-28 05:41:18,2022-05-28 05:46:52
2022-05-28 18:58:15,2022-05-28 18:59:41,In_Conversation, Located_Indoors, Holding_Other_Object_Light,annotator,Behavioral Parameters,2022-05-28 05:46:52,2022-05-28 05:48:18
2022-05-28 18:59:41,2022-05-28 19:00:07,In_Conversation, Located_Indoors, Holding_Other_Object_Light,annotator,Behavioral Parameters,2022-05-28 05:48:18,2022-05-28 05:48:44
2022-05-28 19:00:07,2022-05-28 19:00:19,In_Conversation, Located_Indoors, Holding_Other_Object_Light,annotator,Behavioral Parameters,2022-05-28 05:48:44,2022-05-28 05:48:56
2022-05-28 19:00:19,2022-05-28 19:00:45,In_Conversation, Located_Indoors, Holding_Other_Object_Light,annotator,Behavioral Parameters,2022-05-28 05:48:56,2022-05-28 05:49:22
2022-05-28 19:00:45,2022-05-28 19:00:57,In_Conversation, Located_Indoors, Holding_Drink,annotator,Behavioral Parameters,2022-05-28 05:49:22,2022-05-28 05:49:34
2022-05-28 19:00:57,2022-05-28 19:09:03,In_Conversation, Holding_Drink, Located_Outdoors,annotator,Behavioral Parameters,2022-05-28 05:49:34,2022-05-28 05:57:40
2022-05-28 19:09:03,2022-05-28 19:09:10,In_Conversation, Holding_Drink, Located_Indoors,annotator,Behavioral Parameters,2022-05-28 05:57:40,2022-05-28 05:57:47
2022-05-28 19:09:10,2022-05-28 19:14:30,Located_Indoors, Holding_Other_Object_Light, Texting/Browsing_Phone,annotator,Behavioral Parameters,2022-05-28 05:57:47,2022-05-28 06:03:07
2022-05-28 19:14:30,2022-05-28 19:14:40,Located_Indoors, In_Conversation,annotator,Behavioral Parameters,2022-05-28 06:03:07,2022-05-28 06:03:17
2022-05-28 19:14:40,2022-05-28 19:15:49,In_Conversation, Located_Outdoors,annotator,Behavioral Parameters,2022-05-28 06:03:17,2022-05-28 06:04:26
2022-05-28 19:15:49,2022-05-28 19:16:43,In_Conversation, Located_Indoors,annotator,Behavioral Parameters,2022-05-28 06:04:26,2022-05-28 06:05:20
2022-05-28 19:16:43,2022-05-28 19:16:58,In_Conversation, Located_Indoors,annotator,Behavioral Parameters,2022-05-28 06:05:20,2022-05-28 06:05:35
2022-05-28 19:16:58,2022-05-28 19:17:06,In_Conversation, Located_Indoors,annotator,Behavioral Parameters,2022-05-28 06:05:35,2022-05-28 06:05:43
2022-05-28 19:17:06,2022-05-28 19:28:08,In_Conversation, Located_Outdoors,annotator,Behavioral Parameters,2022-05-28 06:05:43,2022-05-28 06:16:45
2022-05-28 19:28:08,2022-05-28 19:29:44,In_Conversation, Located_Indoors,annotator,Behavioral Parameters,2022-05-28 06:16:45,2022-05-28 06:18:21
2022-05-28 19:29:44,2022-05-28 19:30:05,In_Conversation, Located_Indoors,annotator,Behavioral Parameters,2022-05-28 06:18:21,2022-05-28 06:18:42
2022-05-28 19:30:05,2022-05-28 19:30:11,In_Conversation, Located_Indoors, Holding_Other_Object_Light,annotator,Behavioral Parameters,2022-05-28 06:18:42,2022-05-28 06:18:48
2022-05-28 19:30:11,2022-05-28 19:30:38,In_Conversation, Holding_Other_Object_Light, Located_Outdoors,annotator,Behavioral Parameters,2022-05-28 06:18:48,2022-05-28 06:19:15
2022-05-28 19:30:38,2022-05-28 19:32:10,In_Conversation, Holding_Other_Object_Light, Located_Indoors,annotator,Behavioral Parameters,2022-05-28 06:19:15,2022-05-28 06:20:47
2022-05-28 19:32:10,2022-05-28 19:32:49,In_Conversation, Holding_Other_Object_Light, Located_Indoors,annotator,Behavioral Parameters,2022-05-28 06:20:47,2022-05-28 06:21:26
2022-05-28 19:32:49,2022-05-28 19:33:18,In_Conversation, Holding_Other_Object_Light, Located_Indoors,annotator,Behavioral Parameters,2022-05-28 06:21:26,2022-05-28 06:21:55
2022-05-28 19:33:18,2022-05-28 19:33:34,In_Conversation, Holding_Other_Object_Light, Located_Indoors,annotator,Behavioral Parameters,2022-05-28 06:21:55,2022-05-28 06:22:11
2022-05-28 19:33:34,2022-05-28 19:33:47,In_Conversation, Located_Indoors,annotator,Behavioral Parameters,2022-05-28 06:22:11,2022-05-28 06:22:24
2022-05-28 19:33:47,2022-05-28 19:34:01,In_Conversation, Located_Indoors,annotator,Behavioral Parameters,2022-05-28 06:22:24,2022-05-28 06:22:38
2022-05-28 19:34:01,2022-05-28 19:45:03,Located_Indoors,annotator,Behavioral Parameters,2022-05-28 06:22:38,2022-05-28 06:33:40
2022-05-28 19:45:03,2022-05-28 20:15:50,Located_Indoors,annotator,Behavioral Parameters,2022-05-28 06:33:40,2022-05-28 07:04:27
2022-05-28 20:15:50,2022-05-28 20:16:10,Located_Indoors,annotator,Behavioral Parameters,2022-05-28 07:04:27,2022-05-28 07:04:47
2022-05-28 20:16:10,2022-05-28 20:17:42,Located_Indoors, In_Conversation,annotator,Behavioral Parameters,2022-05-28 07:04:47,2022-05-28 07:06:19
2022-05-28 20:17:42,2022-05-28 20:18:03,Located_Indoors, In_Conversation,annotator,Behavioral Parameters,2022-05-28 07:06:19,2022-05-28 07:06:40
2022-05-28 20:18:03,2022-05-28 20:18:23,Located_Indoors,annotator,Behavioral Parameters,2022-05-28 07:06:40,2022-05-28 07:07:00
2022-05-28 20:18:23,2022-05-28 20:19:29,Located_Indoors,annotator,Behavioral Parameters,2022-05-28 07:07:00,2022-05-28 07:08:06
2022-05-28 20:19:29,2022-05-28 20:20:35,Located_Indoors,annotator,Behavioral Parameters,2022-05-28 07:08:06,2022-05-28 07:09:12
2022-05-28 20:20:35,2022-05-28 20:21:37,Located_Indoors,annotator,Behavioral Parameters,2022-05-28 07:09:12,2022-05-28 07:10:14
2022-05-28 20:21:37,2022-05-28 20:22:23,Located_Indoors,annotator,Behavioral Parameters,2022-05-28 07:10:14,2022-05-28 07:11:00
2022-05-28 20:22:23,2022-05-28 20:24:58,Located_Indoors, Browsing_Computer,annotator,Behavioral Parameters,2022-05-28 07:11:00,2022-05-28 07:13:35
2022-05-28 20:24:58,2022-05-28 20:31:51,Located_Indoors,annotator,Behavioral Parameters,2022-05-28 07:13:35,2022-05-28 07:20:28
2022-05-28 20:31:51,2022-05-28 20:32:16,Located_Indoors, In_Conversation,annotator,Behavioral Parameters,2022-05-28 07:20:28,2022-05-28 07:20:53
2022-05-28 20:32:16,2022-05-28 20:40:08,Located_Indoors,annotator,Behavioral Parameters,2022-05-28 07:20:53,2022-05-28 07:28:45
2022-05-28 20:40:08,2022-05-28 20:40:31,Located_Indoors,annotator,Behavioral Parameters,2022-05-28 07:28:45,2022-05-28 07:29:08
2022-05-28 20:40:31,2022-05-28 20:40:47,Located_Indoors,annotator,Behavioral Parameters,2022-05-28 07:29:08,2022-05-28 07:29:24
2022-05-28 20:40:47,2022-05-28 20:41:03,Located_Indoors, Holding_Other_Object_Light, Texting/Browsing_Phone,annotator,Behavioral Parameters,2022-05-28 07:29:24,2022-05-28 07:29:40
2022-05-28 20:41:03,2022-05-28 20:41:54,Located_Indoors,annotator,Behavioral Parameters,2022-05-28 07:29:40,2022-05-28 07:30:31
2022-05-28 20:41:54,2022-05-28 20:42:15,Located_Indoors,annotator,Behavioral Parameters,2022-05-28 07:30:31,2022-05-28 07:30:52
2022-05-28 20:42:15,2022-05-28 20:42:22,Located_Indoors,annotator,Behavioral Parameters,2022-05-28 07:30:52,2022-05-28 07:30:59
2022-05-28 20:42:22,2022-05-28 20:42:54,Located_Indoors, In_Conversation,annotator,Behavioral Parameters,2022-05-28 07:30:59,2022-05-28 07:31:31
2022-05-28 20:42:54,2022-05-28 20:45:40,CP_VideoUnavailable/Indecipherable,annotator,Behavioral Parameters,2022-05-28 07:31:31,2022-05-28 07:34:17
2022-05-28 20:45:40,2022-05-28 20:47:20,Located_Indoors, In_Conversation,annotator,Behavioral Parameters,2022-05-28 07:34:17,2022-05-28 07:35:57
2022-05-28 20:47:20,2022-05-28 20:47:30,Located_Indoors, In_Conversation,annotator,Behavioral Parameters,2022-05-28 07:35:57,2022-05-28 07:36:07
2022-05-28 20:47:30,2022-05-28 20:47:39,Located_Indoors, In_Conversation,annotator,Behavioral Parameters,2022-05-28 07:36:07,2022-05-28 07:36:16
2022-05-28 20:47:39,2022-05-28 20:48:03,Located_Indoors, In_Conversation, Holding_Other_Object_Light, Texting/Browsing_Phone,annotator,Behavioral Parameters,2022-05-28 07:36:16,2022-05-28 07:36:40
2022-05-28 20:48:03,2022-05-28 20:48:17,Located_Indoors, In_Conversation,annotator,Behavioral Parameters,2022-05-28 07:36:40,2022-05-28 07:36:54
2022-05-28 20:48:17,2022-05-28 20:49:27,Located_Indoors, In_Conversation, Holding_Other_Object_Light, Texting/Browsing_Phone,annotator,Behavioral Parameters,2022-05-28 07:36:54,2022-05-28 07:38:04
2022-05-28 20:49:27,2022-05-28 20:51:29,Located_Indoors, In_Conversation,annotator,Behavioral Parameters,2022-05-28 07:38:04,2022-05-28 07:40:06
2022-05-28 20:51:29,2022-05-28 20:52:07,Located_Indoors, In_Conversation,annotator,Behavioral Parameters,2022-05-28 07:40:06,2022-05-28 07:40:44
2022-05-28 20:52:07,2022-05-28 20:53:26,Located_Indoors, In_Conversation,annotator,Behavioral Parameters,2022-05-28 07:40:44,2022-05-28 07:42:03
2022-05-28 20:53:26,2022-05-28 20:53:41,Located_Indoors,annotator,Behavioral Parameters,2022-05-28 07:42:03,2022-05-28 07:42:18
2022-05-28 20:53:41,2022-05-28 20:54:36,Located_Indoors,annotator,Behavioral Parameters,2022-05-28 07:42:18,2022-05-28 07:43:13
2022-05-28 20:54:36,2022-05-28 20:54:49,Located_Indoors, Holding_Other_Object_Light,annotator,Behavioral Parameters,2022-05-28 07:43:13,2022-05-28 07:43:26
2022-05-28 20:54:49,2022-05-28 20:55:47,Located_Indoors,annotator,Behavioral Parameters,2022-05-28 07:43:26,2022-05-28 07:44:24
2022-05-28 20:55:47,2022-05-28 20:56:25,Located_Indoors, In_Conversation,annotator,Behavioral Parameters,2022-05-28 07:44:24,2022-05-28 07:45:02
2022-05-28 20:56:25,2022-05-28 20:56:57,Located_Indoors, In_Conversation,annotator,Behavioral Parameters,2022-05-28 07:45:02,2022-05-28 07:45:34
2022-05-28 20:56:57,2022-05-28 20:57:29,Located_Indoors, In_Conversation,annotator,Behavioral Parameters,2022-05-28 07:45:34,2022-05-28 07:46:06
2022-05-28 20:57:29,2022-05-28 20:58:06,Located_Indoors, In_Conversation,annotator,Behavioral Parameters,2022-05-28 07:46:06,2022-05-28 07:46:43
2022-05-28 20:58:06,2022-05-28 20:58:41,Located_Indoors, In_Conversation,annotator,Behavioral Parameters,2022-05-28 07:46:43,2022-05-28 07:47:18
2022-05-28 20:58:41,2022-05-28 21:02:52,Located_Outdoors, In_Conversation,annotator,Behavioral Parameters,2022-05-28 07:47:18,2022-05-28 07:51:29
2022-05-28 21:02:52,2022-05-28 21:02:56,Located_Outdoors, In_Conversation,annotator,Behavioral Parameters,2022-05-28 07:51:29,2022-05-28 07:51:33
2022-05-28 21:02:56,2022-05-28 21:03:11,Located_Outdoors, In_Conversation,annotator,Behavioral Parameters,2022-05-28 07:51:33,2022-05-28 07:51:48
2022-05-28 21:03:11,2022-05-28 21:03:16,Located_Outdoors, In_Conversation,annotator,Behavioral Parameters,2022-05-28 07:51:48,2022-05-28 07:51:53
2022-05-28 21:03:16,2022-05-28 21:04:00,Located_Outdoors, In_Conversation,annotator,Behavioral Parameters,2022-05-28 07:51:53,2022-05-28 07:52:37
2022-05-28 21:04:00,2022-05-28 21:04:29,In_Conversation, Located_Indoors,annotator,Behavioral Parameters,2022-05-28 07:52:37,2022-05-28 07:53:06
2022-05-28 21:04:29,2022-05-28 21:09:56,In_Conversation, Located_Outdoors,annotator,Behavioral Parameters,2022-05-28 07:53:06,2022-05-28 07:58:33
2022-05-28 21:09:56,2022-05-28 21:10:19,In_Conversation, Located_Indoors,annotator,Behavioral Parameters,2022-05-28 07:58:33,2022-05-28 07:58:56
2022-05-28 21:10:19,2022-05-28 21:26:29,Located_Indoors, In_Conversation,annotator,Behavioral Parameters,2022-05-28 07:58:56,2022-05-28 08:15:06
2022-05-28 21:26:29,2022-05-28 21:45:22,Located_Indoors, In_Conversation, Holding_Other_Object_Light,annotator,Behavioral Parameters,2022-05-28 08:15:06,2022-05-28 08:33:59
2022-05-28 21:45:22,2022-05-28 21:48:13,Located_Indoors, In_Conversation,annotator,Behavioral Parameters,2022-05-28 08:33:59,2022-05-28 08:36:50
2022-05-28 21:48:13,2022-05-28 21:48:38,Located_Indoors, In_Conversation,annotator,Behavioral Parameters,2022-05-28 08:36:50,2022-05-28 08:37:15
2022-05-28 21:48:38,2022-05-28 21:57:09,In_Conversation, Located_Outdoors,annotator,Behavioral Parameters,2022-05-28 08:37:15,2022-05-28 08:45:46
2022-05-28 21:57:09,2022-05-28 21:57:49,In_Conversation, Located_Indoors,annotator,Behavioral Parameters,2022-05-28 08:45:46,2022-05-28 08:46:26
2022-05-28 21:57:49,2022-05-28 21:58:21,In_Conversation, Located_Indoors,annotator,Behavioral Parameters,2022-05-28 08:46:26,2022-05-28 08:46:58
2022-05-28 21:58:21,2022-05-28 21:59:52,In_Conversation, Located_Indoors,annotator,Behavioral Parameters,2022-05-28 08:46:58,2022-05-28 08:48:29
2022-05-28 21:59:52,2022-05-28 22:00:28,In_Conversation, Located_Indoors,annotator,Behavioral Parameters,2022-05-28 08:48:29,2022-05-28 08:49:05
2022-05-28 22:00:28,2022-05-28 22:03:06,In_Conversation, Located_Indoors,annotator,Behavioral Parameters,2022-05-28 08:49:05,2022-05-28 08:51:43
2022-05-28 22:03:06,2022-05-28 22:03:58,In_Conversation, Located_Indoors,annotator,Behavioral Parameters,2022-05-28 08:51:43,2022-05-28 08:52:35
2022-05-28 22:03:58,2022-05-28 22:04:39,In_Conversation, Located_Indoors,annotator,Behavioral Parameters,2022-05-28 08:52:35,2022-05-28 08:53:16
2022-05-28 22:04:39,2022-05-28 22:06:21,In_Conversation, Located_Outdoors,annotator,Behavioral Parameters,2022-05-28 08:53:16,2022-05-28 08:54:58
2022-05-28 22:06:21,2022-05-28 22:11:16,In_Conversation, Located_Indoors,annotator,Behavioral Parameters,2022-05-28 08:54:58,2022-05-28 08:59:53
2022-05-28 22:11:16,2022-05-28 22:16:01,In_Conversation, Located_Indoors,annotator,Behavioral Parameters,2022-05-28 08:59:53,2022-05-28 09:04:38
2022-05-28 22:16:01,2022-05-28 22:18:28,In_Conversation, Located_Indoors, Holding_Other_Object_Light, Texting/Browsing_Phone,annotator,Behavioral Parameters,2022-05-28 09:04:38,2022-05-28 09:07:05
2022-05-28 22:18:28,2022-05-28 22:20:13,In_Conversation, Located_Indoors, Holding_Other_Object_Light,annotator,Behavioral Parameters,2022-05-28 09:07:05,2022-05-28 09:08:50
2022-05-28 22:20:13,2022-05-28 22:23:21,In_Conversation, Located_Indoors,annotator,Behavioral Parameters,2022-05-28 09:08:50,2022-05-28 09:11:58
2022-05-28 22:23:21,2022-05-28 22:23:38,In_Conversation, Located_Indoors,annotator,Behavioral Parameters,2022-05-28 09:11:58,2022-05-28 09:12:15
2022-05-28 22:23:38,2022-05-28 22:23:44,In_Conversation, Located_Indoors,annotator,Behavioral Parameters,2022-05-28 09:12:15,2022-05-28 09:12:21
2022-05-28 22:23:44,2022-05-28 22:23:51,In_Conversation, Located_Indoors,annotator,Behavioral Parameters,2022-05-28 09:12:21,2022-05-28 09:12:28
2022-05-28 22:23:51,2022-05-28 22:24:11,In_Conversation, Located_Indoors,annotator,Behavioral Parameters,2022-05-28 09:12:28,2022-05-28 09:12:48
2022-05-28 22:24:11,2022-05-28 22:27:27,In_Conversation, Located_Indoors,annotator,Behavioral Parameters,2022-05-28 09:12:48,2022-05-28 09:16:04
2022-05-28 22:27:27,2022-05-28 22:27:43,In_Conversation, Located_Indoors,annotator,Behavioral Parameters,2022-05-28 09:16:04,2022-05-28 09:16:20
2022-05-28 22:27:43,2022-05-28 22:27:57,In_Conversation, Located_Indoors,annotator,Behavioral Parameters,2022-05-28 09:16:20,2022-05-28 09:16:34
2022-05-28 22:27:57,2022-05-28 22:28:34,In_Conversation, Located_Indoors, Holding_Other_Object_Light,annotator,Behavioral Parameters,2022-05-28 09:16:34,2022-05-28 09:17:11
2022-05-28 22:28:34,2022-05-28 22:28:50,In_Conversation, Located_Indoors,annotator,Behavioral Parameters,2022-05-28 09:17:11,2022-05-28 09:17:27
2022-05-28 22:28:50,2022-05-28 22:30:36,In_Conversation, Located_Indoors,annotator,Behavioral Parameters,2022-05-28 09:17:27,2022-05-28 09:19:13
2022-05-28 22:30:36,2022-05-28 22:37:29,In_Conversation, Located_Outdoors,annotator,Behavioral Parameters,2022-05-28 09:19:13,2022-05-28 09:26:06
2022-05-28 22:37:29,2022-05-28 22:38:23,In_Conversation, Located_Indoors,annotator,Behavioral Parameters,2022-05-28 09:26:06,2022-05-28 09:27:00
2022-05-28 22:38:23,2022-05-28 22:39:50,In_Conversation, Located_Indoors,annotator,Behavioral Parameters,2022-05-28 09:27:00,2022-05-28 09:28:27
2022-05-28 22:39:50,2022-05-28 22:43:34,In_Conversation, Located_Indoors,annotator,Behavioral Parameters,2022-05-28 09:28:27,2022-05-28 09:32:11
2022-05-28 22:43:34,2022-05-28 22:44:24,In_Conversation, Located_Indoors,annotator,Behavioral Parameters,2022-05-28 09:32:11,2022-05-28 09:33:01
2022-05-28 22:43:34,2022-05-28 22:43:34,In_Conversation, Located_Indoors,annotator,Behavioral Parameters,2022-05-28 09:32:11,2022-05-28 09:32:11
2022-05-28 22:43:38,2022-05-28 22:43:38,In_Conversation, Located_Indoors,annotator,Behavioral Parameters,2022-05-28 09:32:15,2022-05-28 09:32:15
2022-05-28 22:44:24,2022-05-28 22:44:24,In_Conversation, Located_Indoors,annotator,Behavioral Parameters,2022-05-28 09:33:01,2022-05-28 09:33:01
2022-05-28 22:44:29,2022-05-28 22:44:56,In_Conversation, Located_Indoors,annotator,Behavioral Parameters,2022-05-28 09:33:06,2022-05-28 09:33:33
2022-05-28 22:44:56,2022-05-28 22:45:35,In_Conversation, Located_Indoors, Holding_Other_Object_Light,annotator,Behavioral Parameters,2022-05-28 09:33:33,2022-05-28 09:34:12
2022-05-28 22:44:57,2022-05-28 22:44:57,In_Conversation, Located_Indoors,annotator,Behavioral Parameters,2022-05-28 09:33:34,2022-05-28 09:33:34
2022-05-28 22:45:35,2022-05-28 22:47:09,In_Conversation, Located_Indoors, Holding_Other_Object_Light,annotator,Behavioral Parameters,2022-05-28 09:34:12,2022-05-28 09:35:46
2022-05-28 22:47:09,2022-05-28 22:49:27,In_Conversation, Located_Indoors,annotator,Behavioral Parameters,2022-05-28 09:35:46,2022-05-28 09:38:04
2022-05-28 22:49:27,2022-05-28 22:50:03,In_Conversation, Located_Indoors,annotator,Behavioral Parameters,2022-05-28 09:38:04,2022-05-28 09:38:40
2022-05-28 22:50:03,2022-05-28 22:51:57,In_Conversation, Located_Indoors,annotator,Behavioral Parameters,2022-05-28 09:38:40,2022-05-28 09:40:34
2022-05-28 22:51:57,2022-05-28 22:54:25,In_Conversation, Located_Indoors, Holding_Other_Object_Light, Texting/Browsing_Phone,annotator,Behavioral Parameters,2022-05-28 09:40:34,2022-05-28 09:43:02
2022-05-28 22:54:25,2022-05-28 22:57:32,In_Conversation, Located_Indoors,annotator,Behavioral Parameters,2022-05-28 09:43:02,2022-05-28 09:46:09
2022-05-28 22:57:32,2022-05-28 22:59:11,In_Conversation, Located_Indoors, Holding_Other_Object_Light, Texting/Browsing_Phone,annotator,Behavioral Parameters,2022-05-28 09:46:09,2022-05-28 09:47:48
2022-05-28 22:59:11,2022-05-28 22:59:43,In_Conversation, Located_Indoors,annotator,Behavioral Parameters,2022-05-28 09:47:48,2022-05-28 09:48:20
2022-05-28 22:59:43,2022-05-28 23:00:21,In_Conversation, Located_Indoors,annotator,Behavioral Parameters,2022-05-28 09:48:20,2022-05-28 09:48:58
2022-05-28 23:00:21,2022-05-28 23:01:03,In_Conversation, Located_Indoors,annotator,Behavioral Parameters,2022-05-28 09:48:58,2022-05-28 09:49:40
2022-05-28 23:01:03,2022-05-28 23:01:57,In_Conversation, Located_Indoors,annotator,Behavioral Parameters,2022-05-28 09:49:40,2022-05-28 09:50:34
2022-05-28 23:01:57,2022-05-28 23:02:36,In_Conversation, Located_Indoors,annotator,Behavioral Parameters,2022-05-28 09:50:34,2022-05-28 09:51:13
2022-05-28 23:02:36,2022-05-28 23:04:12,In_Conversation, Located_Outdoors,annotator,Behavioral Parameters,2022-05-28 09:51:13,2022-05-28 09:52:49
2022-05-28 23:04:12,2022-05-28 23:06:11,In_Conversation, Located_Outdoors,annotator,Behavioral Parameters,2022-05-28 09:52:49,2022-05-28 09:54:48
2022-05-28 23:06:11,2022-05-28 23:06:56,In_Conversation, Located_Outdoors,annotator,Behavioral Parameters,2022-05-28 09:54:48,2022-05-28 09:55:33
2022-05-28 23:06:56,2022-05-28 23:06:56,In_Conversation, Located_Outdoors,annotator,Behavioral Parameters,2022-05-28 09:55:33,2022-05-28 09:55:33
2022-05-28 23:06:59,2022-05-28 23:07:12,Located_Outdoors,annotator,Behavioral Parameters,2022-05-28 09:55:36,2022-05-28 09:55:49
2022-05-28 23:07:12,2022-05-28 23:13:37,Located_Outdoors, Holding_Other_Object_Light, Texting/Browsing_Phone,annotator,Behavioral Parameters,2022-05-28 09:55:49,2022-05-28 10:02:14
2022-05-28 23:13:37,2022-05-28 23:17:23,Located_Outdoors,annotator,Behavioral Parameters,2022-05-28 10:02:14,2022-05-28 10:06:00
2022-05-28 23:17:23,2022-05-28 23:17:58,Located_Outdoors, Holding_Other_Object_Light, Texting/Browsing_Phone,annotator,Behavioral Parameters,2022-05-28 10:06:00,2022-05-28 10:06:35
2022-05-28 23:17:58,2022-05-28 23:18:22,Located_Outdoors,annotator,Behavioral Parameters,2022-05-28 10:06:35,2022-05-28 10:06:59
2022-05-28 23:18:22,2022-05-28 23:20:53,Located_Outdoors, Holding_Other_Object_Light, Texting/Browsing_Phone,annotator,Behavioral Parameters,2022-05-28 10:06:59,2022-05-28 10:09:30
2022-05-28 23:20:53,2022-05-28 23:21:41,Located_Outdoors,annotator,Behavioral Parameters,2022-05-28 10:09:30,2022-05-28 10:10:18
2022-05-28 23:21:41,2022-05-28 23:23:05,Located_Outdoors, Holding_Other_Object_Light, Texting/Browsing_Phone,annotator,Behavioral Parameters,2022-05-28 10:10:18,2022-05-28 10:11:42
2022-05-28 23:23:05,2022-05-28 23:23:33,Located_Outdoors,annotator,Behavioral Parameters,2022-05-28 10:11:42,2022-05-28 10:12:10
2022-05-28 23:23:33,2022-05-28 23:29:59,Located_Outdoors, Holding_Other_Object_Light, Texting/Browsing_Phone,annotator,Behavioral Parameters,2022-05-28 10:12:10,2022-05-28 10:18:36
2022-05-28 23:29:59,2022-05-28 23:30:16,Located_Outdoors,annotator,Behavioral Parameters,2022-05-28 10:18:36,2022-05-28 10:18:53
2022-05-28 23:30:16,2022-05-28 23:30:48,Located_Outdoors, In_Conversation,annotator,Behavioral Parameters,2022-05-28 10:18:53,2022-05-28 10:19:25
2022-05-28 23:30:48,2022-05-28 23:31:21,Located_Outdoors, In_Conversation,annotator,Behavioral Parameters,2022-05-28 10:19:25,2022-05-28 10:19:58
2022-05-28 23:31:21,2022-05-28 23:32:52,Located_Outdoors, In_Conversation,annotator,Behavioral Parameters,2022-05-28 10:19:58,2022-05-28 10:21:29
2022-05-28 23:32:52,2022-05-28 23:33:48,In_Conversation, Located_Indoors,annotator,Behavioral Parameters,2022-05-28 10:21:29,2022-05-28 10:22:25
2022-05-28 23:33:48,2022-05-28 23:34:06,In_Conversation, Located_Indoors,annotator,Behavioral Parameters,2022-05-28 10:22:25,2022-05-28 10:22:43
2022-05-28 23:34:06,2022-05-28 23:34:15,In_Conversation, Located_Indoors,annotator,Behavioral Parameters,2022-05-28 10:22:43,2022-05-28 10:22:52
2022-05-28 23:34:15,2022-05-28 23:34:53,In_Conversation, Located_Indoors,annotator,Behavioral Parameters,2022-05-28 10:22:52,2022-05-28 10:23:30
2022-05-28 23:34:53,2022-05-28 23:35:09,In_Conversation, Located_Indoors,annotator,Behavioral Parameters,2022-05-28 10:23:30,2022-05-28 10:23:46
2022-05-28 23:35:09,2022-05-28 23:35:15,In_Conversation, Located_Indoors,annotator,Behavioral Parameters,2022-05-28 10:23:46,2022-05-28 10:23:52
2022-05-28 23:35:15,2022-05-28 23:35:27,In_Conversation, Located_Indoors,annotator,Behavioral Parameters,2022-05-28 10:23:52,2022-05-28 10:24:04
2022-05-28 23:35:27,2022-05-28 23:35:37,Located_Indoors,annotator,Behavioral Parameters,2022-05-28 10:24:04,2022-05-28 10:24:14
2022-05-28 23:35:37,2022-05-28 23:35:43,Located_Indoors,annotator,Behavioral Parameters,2022-05-28 10:24:14,2022-05-28 10:24:20
2022-05-28 23:35:43,2022-05-28 23:35:47,Located_Indoors,annotator,Behavioral Parameters,2022-05-28 10:24:20,2022-05-28 10:24:24
2022-05-28 23:35:47,2022-05-28 23:35:59,Located_Indoors, Holding_Other_Object_Light,annotator,Behavioral Parameters,2022-05-28 10:24:24,2022-05-28 10:24:36
2022-05-28 23:35:59,2022-05-28 23:36:12,Located_Indoors, Holding_Other_Object_Light,annotator,Behavioral Parameters,2022-05-28 10:24:36,2022-05-28 10:24:49
2022-05-28 23:36:12,2022-05-28 23:36:58,Located_Indoors, Holding_Other_Object_Light, Texting/Browsing_Phone,annotator,Behavioral Parameters,2022-05-28 10:24:49,2022-05-28 10:25:35
2022-05-28 23:36:58,2022-05-28 23:38:07,Located_Indoors, Holding_Other_Object_Light, In_Conversation,annotator,Behavioral Parameters,2022-05-28 10:25:35,2022-05-28 10:26:44
2022-05-28 23:38:07,2022-05-28 23:38:11,Located_Indoors, Holding_Other_Object_Light,annotator,Behavioral Parameters,2022-05-28 10:26:44,2022-05-28 10:26:48
2022-05-28 23:38:11,2022-05-28 23:38:16,Located_Indoors,annotator,Behavioral Parameters,2022-05-28 10:26:48,2022-05-28 10:26:53
2022-05-28 23:38:16,2022-05-28 23:57:49,Located_Indoors, In_Conversation,annotator,Behavioral Parameters,2022-05-28 10:26:53,2022-05-28 10:46:26
2022-05-28 23:57:49,2022-05-28 23:59:15,Located_Indoors, In_Conversation, Holding_Other_Object_Light, Texting/Browsing_Phone,annotator,Behavioral Parameters,2022-05-28 10:46:26,2022-05-28 10:47:52
2022-05-28 23:59:15,2022-05-29 00:01:00,Located_Indoors, In_Conversation,annotator,Behavioral Parameters,2022-05-28 10:47:52,2022-05-28 10:49:37
2022-05-29 00:01:00,2022-05-29 00:02:33,Located_Indoors, In_Conversation, Holding_Other_Object_Light, Texting/Browsing_Phone,annotator,Behavioral Parameters,2022-05-28 10:49:37,2022-05-28 10:51:10
2022-05-29 00:02:33,2022-05-29 00:02:50,Located_Indoors, In_Conversation,annotator,Behavioral Parameters,2022-05-28 10:51:10,2022-05-28 10:51:27
2022-05-29 00:02:50,2022-05-29 00:02:56,Located_Indoors, In_Conversation,annotator,Behavioral Parameters,2022-05-28 10:51:27,2022-05-28 10:51:33
2022-05-29 00:02:56,2022-05-29 00:03:00,Located_Indoors, In_Conversation, Holding_Other_Object_Light,annotator,Behavioral Parameters,2022-05-28 10:51:33,2022-05-28 10:51:37
2022-05-29 00:03:00,2022-05-29 00:03:11,Located_Indoors, In_Conversation, Holding_Other_Object_Light,annotator,Behavioral Parameters,2022-05-28 10:51:37,2022-05-28 10:51:48
2022-05-29 00:03:11,2022-05-29 00:03:22,Located_Indoors, In_Conversation, Holding_Drink,annotator,Behavioral Parameters,2022-05-28 10:51:48,2022-05-28 10:51:59
2022-05-29 00:03:22,2022-05-29 00:03:30,Located_Indoors, In_Conversation, Holding_Drink, Holding_Other_Object_Light, Texting/Browsing_Phone,annotator,Behavioral Parameters,2022-05-28 10:51:59,2022-05-28 10:52:07
2022-05-29 00:03:30,2022-05-29 00:05:12,Located_Indoors, In_Conversation, Holding_Drink,annotator,Behavioral Parameters,2022-05-28 10:52:07,2022-05-28 10:53:49
2022-05-29 00:05:12,2022-05-29 00:05:34,Located_Indoors, In_Conversation, Holding_Drink, Holding_Other_Object_Light, Texting/Browsing_Phone,annotator,Behavioral Parameters,2022-05-28 10:53:49,2022-05-28 10:54:11
2022-05-29 00:05:34,2022-05-29 00:07:33,Located_Indoors, In_Conversation, Holding_Drink,annotator,Behavioral Parameters,2022-05-28 10:54:11,2022-05-28 10:56:10
2022-05-29 00:07:33,2022-05-29 00:22:58,Located_Indoors, In_Conversation, Holding_Drink,annotator,Behavioral Parameters,2022-05-28 10:56:10,2022-05-28 11:11:35
2022-05-29 00:22:58,2022-05-29 01:10:11,Located_Indoors, In_Conversation,annotator,Behavioral Parameters,2022-05-28 11:11:35,2022-05-28 11:58:48
2022-05-29 01:10:11,2022-05-29 01:10:45,Located_Indoors,annotator,Behavioral Parameters,2022-05-28 11:58:48,2022-05-28 11:59:22
2022-05-29 01:10:47,2022-05-29 01:17:04,Located_Indoors, Browsing_Computer,annotator,Behavioral Parameters,2022-05-28 11:59:24,2022-05-28 12:05:41
2022-05-29 01:17:04,2022-05-29 01:18:19,Located_Indoors,annotator,Behavioral Parameters,2022-05-28 12:05:41,2022-05-28 12:06:56
2022-05-29 01:18:19,2022-05-29 01:54:55,Located_Indoors, Browsing_Computer,annotator,Behavioral Parameters,2022-05-28 12:06:56,2022-05-28 12:43:32
2022-05-29 01:54:55,2022-05-29 01:55:15,Located_Indoors,annotator,Behavioral Parameters,2022-05-28 12:43:32,2022-05-28 12:43:52
2022-05-29 01:55:15,2022-05-29 01:55:34,Located_Indoors, Holding_Drink,annotator,Behavioral Parameters,2022-05-28 12:43:52,2022-05-28 12:44:11
2022-05-29 01:55:34,2022-05-29 01:55:45,Located_Indoors, Holding_Other_Object_Light,annotator,Behavioral Parameters,2022-05-28 12:44:11,2022-05-28 12:44:22
2022-05-29 01:55:45,2022-05-29 01:56:06,Located_Indoors, Holding_Drink,annotator,Behavioral Parameters,2022-05-28 12:44:22,2022-05-28 12:44:43
2022-05-29 01:56:06,2022-05-29 02:37:44,Located_Indoors,annotator,Behavioral Parameters,2022-05-28 12:44:43,2022-05-28 13:26:21
2022-05-29 02:37:44,2022-05-29 02:38:26,Located_Indoors,annotator,Behavioral Parameters,2022-05-28 13:26:21,2022-05-28 13:27:03
2022-05-29 02:38:26,2022-05-29 02:38:53,Located_Indoors, Holding_Other_Object_Light,annotator,Behavioral Parameters,2022-05-28 13:27:03,2022-05-28 13:27:30
2022-05-29 02:38:53,2022-05-29 02:39:18,Located_Indoors, Holding_Other_Object_Light,annotator,Behavioral Parameters,2022-05-28 13:27:30,2022-05-28 13:27:55
2022-05-29 02:39:18,2022-05-29 02:40:00,Located_Indoors,annotator,Behavioral Parameters,2022-05-28 13:27:55,2022-05-28 13:28:37
2022-05-29 02:40:00,2022-05-29 02:40:04,Located_Indoors,annotator,Behavioral Parameters,2022-05-28 13:28:37,2022-05-28 13:28:41
2022-05-29 02:40:04,2022-05-29 02:40:42,Located_Indoors,annotator,Behavioral Parameters,2022-05-28 13:28:41,2022-05-28 13:29:19
2022-05-29 02:40:42,2022-05-29 02:41:03,Located_Indoors,annotator,Behavioral Parameters,2022-05-28 13:29:19,2022-05-28 13:29:40
2022-05-29 02:41:03,2022-05-29 02:41:44,Located_Indoors, Holding_Other_Object_Light,annotator,Behavioral Parameters,2022-05-28 13:29:40,2022-05-28 13:30:21
2022-05-29 02:41:44,2022-05-29 02:42:20,Located_Indoors, Holding_Other_Object_Light,annotator,Behavioral Parameters,2022-05-28 13:30:21,2022-05-28 13:30:57
2022-05-29 02:42:20,2022-05-29 02:42:54,Located_Indoors, Holding_Other_Object_Light,annotator,Behavioral Parameters,2022-05-28 13:30:57,2022-05-28 13:31:31
2022-05-29 02:42:54,2022-05-29 02:43:43,Located_Indoors,annotator,Behavioral Parameters,2022-05-28 13:31:31,2022-05-28 13:32:20
2022-05-29 02:43:43,2022-05-29 02:47:58,Located_Indoors, Holding_Other_Object_Light,annotator,Behavioral Parameters,2022-05-28 13:32:20,2022-05-28 13:36:35
2022-05-29 02:47:58,2022-05-29 02:48:14,Located_Indoors, Holding_Other_Object_Light,annotator,Behavioral Parameters,2022-05-28 13:36:35,2022-05-28 13:36:51
2022-05-29 02:48:14,2022-05-29 02:49:02,Located_Indoors, Holding_Other_Object_Light,annotator,Behavioral Parameters,2022-05-28 13:36:51,2022-05-28 13:37:39
2022-05-29 02:49:02,2022-05-29 02:49:27,Located_Indoors, Holding_Other_Object_Light,annotator,Behavioral Parameters,2022-05-28 13:37:39,2022-05-28 13:38:04
2022-05-29 02:49:27,2022-05-29 02:55:01,Located_Indoors, Holding_Other_Object_Light,annotator,Behavioral Parameters,2022-05-28 13:38:04,2022-05-28 13:43:38
2022-05-29 02:55:01,2022-05-29 02:56:10,Located_Indoors,annotator,Behavioral Parameters,2022-05-28 13:43:38,2022-05-28 13:44:47
2022-05-29 02:56:10,2022-05-29 02:56:28,Located_Indoors,annotator,Behavioral Parameters,2022-05-28 13:44:47,2022-05-28 13:45:05
