START_TIME,STOP_TIME,PREDICTION,SOURCE,LABELSET,VIDEO_START_TIME,VIDEO_END_TIME
2022-06-09 09:52:28,2022-06-09 09:52:56,Located_Indoors,annotator,Behavioral Parameters,2022-06-09 00:00:00,2022-06-09 00:00:28
2022-06-09 09:52:56,2022-06-09 09:53:03,Located_Indoors,annotator,Behavioral Parameters,2022-06-09 00:00:28,2022-06-09 00:00:35
2022-06-09 09:53:03,2022-06-09 09:53:25,Located_Indoors,annotator,Behavioral Parameters,2022-06-09 00:00:35,2022-06-09 00:00:57
2022-06-09 09:53:25,2022-06-09 09:53:32,Located_Indoors,annotator,Behavioral Parameters,2022-06-09 00:00:57,2022-06-09 00:01:04
2022-06-09 09:53:32,2022-06-09 09:53:52,Located_Indoors, Texting/Browsing_Phone,annotator,Behavioral Parameters,2022-06-09 00:01:04,2022-06-09 00:01:24
2022-06-09 09:53:52,2022-06-09 09:53:57,Located_Indoors, Texting/Browsing_Phone,annotator,Behavioral Parameters,2022-06-09 00:01:24,2022-06-09 00:01:29
2022-06-09 09:53:57,2022-06-09 09:54:03,Located_Indoors, Holding_Other_Object_Light,annotator,Behavioral Parameters,2022-06-09 00:01:29,2022-06-09 00:01:35
2022-06-09 09:54:03,2022-06-09 09:54:29,Located_Indoors, Browsing_Computer,annotator,Behavioral Parameters,2022-06-09 00:01:35,2022-06-09 00:02:01
2022-06-09 09:54:29,2022-06-09 09:54:36,Located_Indoors, Holding_Other_Object_Light,annotator,Behavioral Parameters,2022-06-09 00:02:01,2022-06-09 00:02:08
2022-06-09 09:54:36,2022-06-09 09:55:02,Located_Indoors,annotator,Behavioral Parameters,2022-06-09 00:02:08,2022-06-09 00:02:34
2022-06-09 09:55:02,2022-06-09 09:55:48,Located_Indoors, Browsing_Computer,annotator,Behavioral Parameters,2022-06-09 00:02:34,2022-06-09 00:03:20
2022-06-09 09:55:48,2022-06-09 09:55:57,Located_Indoors, Texting/Browsing_Phone,annotator,Behavioral Parameters,2022-06-09 00:03:20,2022-06-09 00:03:29
2022-06-09 09:55:57,2022-06-09 09:56:04,Located_Indoors, Holding_Other_Object_Light,annotator,Behavioral Parameters,2022-06-09 00:03:29,2022-06-09 00:03:36
2022-06-09 09:56:04,2022-06-09 09:56:33,Located_Indoors,annotator,Behavioral Parameters,2022-06-09 00:03:36,2022-06-09 00:04:05
2022-06-09 09:56:33,2022-06-09 09:56:48,Located_Indoors, Holding_Other_Object_Light,annotator,Behavioral Parameters,2022-06-09 00:04:05,2022-06-09 00:04:20
2022-06-09 09:56:50,2022-06-09 09:57:14,Located_Indoors,annotator,Behavioral Parameters,2022-06-09 00:04:22,2022-06-09 00:04:46
2022-06-09 09:57:14,2022-06-09 09:57:28,Located_Indoors, Browsing_Computer,annotator,Behavioral Parameters,2022-06-09 00:04:46,2022-06-09 00:05:00
2022-06-09 09:57:28,2022-06-09 09:57:38,Located_Indoors, Holding_Other_Object_Light,annotator,Behavioral Parameters,2022-06-09 00:05:00,2022-06-09 00:05:10
2022-06-09 09:57:38,2022-06-09 09:58:31,Located_Indoors, Texting/Browsing_Phone,annotator,Behavioral Parameters,2022-06-09 00:05:10,2022-06-09 00:06:03
2022-06-09 09:58:31,2022-06-09 09:59:08,Located_Indoors, Browsing_Computer,annotator,Behavioral Parameters,2022-06-09 00:06:03,2022-06-09 00:06:40
2022-06-09 09:59:08,2022-06-09 10:01:16,Located_Indoors, Browsing_Computer,annotator,Behavioral Parameters,2022-06-09 00:06:40,2022-06-09 00:08:48
2022-06-09 10:01:16,2022-06-09 10:03:32,Located_Indoors, Handwriting,annotator,Behavioral Parameters,2022-06-09 00:08:48,2022-06-09 00:11:04
2022-06-09 10:03:32,2022-06-09 10:03:40,Located_Indoors, Browsing_Computer,annotator,Behavioral Parameters,2022-06-09 00:11:04,2022-06-09 00:11:12
2022-06-09 10:03:40,2022-06-09 10:03:55,Located_Indoors, Handwriting,annotator,Behavioral Parameters,2022-06-09 00:11:12,2022-06-09 00:11:27
2022-06-09 10:03:55,2022-06-09 10:05:09,Located_Indoors, Browsing_Computer,annotator,Behavioral Parameters,2022-06-09 00:11:27,2022-06-09 00:12:41
2022-06-09 10:05:09,2022-06-09 10:07:02,Located_Indoors, Handwriting,annotator,Behavioral Parameters,2022-06-09 00:12:41,2022-06-09 00:14:34
2022-06-09 10:07:02,2022-06-09 10:07:23,Located_Indoors, Texting/Browsing_Phone,annotator,Behavioral Parameters,2022-06-09 00:14:34,2022-06-09 00:14:55
2022-06-09 10:07:23,2022-06-09 10:08:02,Located_Indoors, Holding_Other_Object_Light,annotator,Behavioral Parameters,2022-06-09 00:14:55,2022-06-09 00:15:34
2022-06-09 10:08:02,2022-06-09 10:08:09,Located_Indoors, Texting/Browsing_Phone,annotator,Behavioral Parameters,2022-06-09 00:15:34,2022-06-09 00:15:41
2022-06-09 10:08:09,2022-06-09 10:08:37,Located_Indoors, Handwriting,annotator,Behavioral Parameters,2022-06-09 00:15:41,2022-06-09 00:16:09
2022-06-09 10:08:37,2022-06-09 10:08:51,Located_Indoors, Texting/Browsing_Phone,annotator,Behavioral Parameters,2022-06-09 00:16:09,2022-06-09 00:16:23
2022-06-09 10:08:51,2022-06-09 10:09:01,Located_Indoors, Handwriting,annotator,Behavioral Parameters,2022-06-09 00:16:23,2022-06-09 00:16:33
2022-06-09 10:09:01,2022-06-09 10:09:11,Located_Indoors, Texting/Browsing_Phone,annotator,Behavioral Parameters,2022-06-09 00:16:33,2022-06-09 00:16:43
2022-06-09 10:09:11,2022-06-09 10:09:18,Located_Indoors, Handwriting,annotator,Behavioral Parameters,2022-06-09 00:16:43,2022-06-09 00:16:50
2022-06-09 10:09:18,2022-06-09 10:09:41,Located_Indoors, Texting/Browsing_Phone,annotator,Behavioral Parameters,2022-06-09 00:16:50,2022-06-09 00:17:13
2022-06-09 10:09:41,2022-06-09 10:10:04,Located_Indoors, Handwriting,annotator,Behavioral Parameters,2022-06-09 00:17:13,2022-06-09 00:17:36
2022-06-09 10:10:04,2022-06-09 10:10:18,Located_Indoors, Texting/Browsing_Phone,annotator,Behavioral Parameters,2022-06-09 00:17:36,2022-06-09 00:17:50
2022-06-09 10:10:18,2022-06-09 10:10:27,Located_Indoors, Handwriting,annotator,Behavioral Parameters,2022-06-09 00:17:50,2022-06-09 00:17:59
2022-06-09 10:10:27,2022-06-09 10:10:40,Located_Indoors, Holding_Other_Object_Light,annotator,Behavioral Parameters,2022-06-09 00:17:59,2022-06-09 00:18:12
2022-06-09 10:10:40,2022-06-09 10:11:48,Located_Indoors, Texting/Browsing_Phone,annotator,Behavioral Parameters,2022-06-09 00:18:12,2022-06-09 00:19:20
2022-06-09 10:11:48,2022-06-09 10:12:34,Located_Indoors, Handwriting,annotator,Behavioral Parameters,2022-06-09 00:19:20,2022-06-09 00:20:06
2022-06-09 10:12:34,2022-06-09 10:13:10,Located_Indoors, Browsing_Computer,annotator,Behavioral Parameters,2022-06-09 00:20:06,2022-06-09 00:20:42
2022-06-09 10:13:10,2022-06-09 10:14:47,Located_Indoors, Holding_Other_Object_Light, Handwriting,annotator,Behavioral Parameters,2022-06-09 00:20:42,2022-06-09 00:22:19
2022-06-09 10:14:47,2022-06-09 10:17:10,Located_Indoors, Handwriting,annotator,Behavioral Parameters,2022-06-09 00:22:19,2022-06-09 00:24:42
2022-06-09 10:17:10,2022-06-09 10:17:29,Located_Indoors, Browsing_Computer,annotator,Behavioral Parameters,2022-06-09 00:24:42,2022-06-09 00:25:01
2022-06-09 10:17:29,2022-06-09 10:17:52,Located_Indoors, Handwriting,annotator,Behavioral Parameters,2022-06-09 00:25:01,2022-06-09 00:25:24
2022-06-09 10:17:52,2022-06-09 10:18:12,Located_Indoors, Holding_Other_Object_Light,annotator,Behavioral Parameters,2022-06-09 00:25:24,2022-06-09 00:25:44
2022-06-09 10:18:12,2022-06-09 10:18:25,Located_Indoors, Browsing_Computer,annotator,Behavioral Parameters,2022-06-09 00:25:44,2022-06-09 00:25:57
2022-06-09 10:18:25,2022-06-09 10:19:43,Located_Indoors, Handwriting,annotator,Behavioral Parameters,2022-06-09 00:25:57,2022-06-09 00:27:15
2022-06-09 10:19:43,2022-06-09 10:20:41,Located_Indoors, Browsing_Computer,annotator,Behavioral Parameters,2022-06-09 00:27:15,2022-06-09 00:28:13
2022-06-09 10:20:41,2022-06-09 10:21:00,Located_Indoors, Handwriting,annotator,Behavioral Parameters,2022-06-09 00:28:13,2022-06-09 00:28:32
2022-06-09 10:21:00,2022-06-09 10:22:39,Located_Indoors, Holding_Other_Object_Light,annotator,Behavioral Parameters,2022-06-09 00:28:32,2022-06-09 00:30:11
2022-06-09 10:22:39,2022-06-09 10:22:57,Located_Indoors, Texting/Browsing_Phone, Holding_Other_Object_Light,annotator,Behavioral Parameters,2022-06-09 00:30:11,2022-06-09 00:30:29
2022-06-09 10:22:57,2022-06-09 10:23:33,Located_Indoors, Handwriting,annotator,Behavioral Parameters,2022-06-09 00:30:29,2022-06-09 00:31:05
2022-06-09 10:23:33,2022-06-09 10:24:00,Located_Indoors, Texting/Browsing_Phone,annotator,Behavioral Parameters,2022-06-09 00:31:05,2022-06-09 00:31:32
2022-06-09 10:24:00,2022-06-09 10:24:05,Located_Indoors, Handwriting, Holding_Other_Object_Light,annotator,Behavioral Parameters,2022-06-09 00:31:32,2022-06-09 00:31:37
2022-06-09 10:24:05,2022-06-09 10:24:12,Located_Indoors, Holding_Other_Object_Light,annotator,Behavioral Parameters,2022-06-09 00:31:37,2022-06-09 00:31:44
2022-06-09 10:24:12,2022-06-09 10:24:15,Located_Indoors, Holding_Other_Object_Light,annotator,Behavioral Parameters,2022-06-09 00:31:44,2022-06-09 00:31:47
2022-06-09 10:24:15,2022-06-09 10:24:24,Located_Indoors, Holding_Other_Object_Light,annotator,Behavioral Parameters,2022-06-09 00:31:47,2022-06-09 00:31:56
2022-06-09 10:24:24,2022-06-09 10:39:08,BP_VideoUnavailable/Indecipherable,annotator,Behavioral Parameters,2022-06-09 00:31:56,2022-06-09 00:46:40
2022-06-09 10:39:08,2022-06-09 10:39:18,Located_Indoors, Holding_Other_Object_Light,annotator,Behavioral Parameters,2022-06-09 00:46:40,2022-06-09 00:46:50
2022-06-09 10:39:18,2022-06-09 10:39:23,Located_Indoors,annotator,Behavioral Parameters,2022-06-09 00:46:50,2022-06-09 00:46:55
2022-06-09 10:39:23,2022-06-09 10:39:28,Located_Indoors, Holding_Other_Object_Light,annotator,Behavioral Parameters,2022-06-09 00:46:55,2022-06-09 00:47:00
2022-06-09 10:39:28,2022-06-09 10:39:39,Located_Indoors, Handwriting,annotator,Behavioral Parameters,2022-06-09 00:47:00,2022-06-09 00:47:11
2022-06-09 10:39:39,2022-06-09 10:39:46,Located_Indoors, Holding_Other_Object_Light,annotator,Behavioral Parameters,2022-06-09 00:47:11,2022-06-09 00:47:18
2022-06-09 10:39:46,2022-06-09 10:40:19,Located_Indoors, Browsing_Computer,annotator,Behavioral Parameters,2022-06-09 00:47:18,2022-06-09 00:47:51
2022-06-09 10:40:19,2022-06-09 10:40:29,Located_Indoors, Holding_Other_Object_Light,annotator,Behavioral Parameters,2022-06-09 00:47:51,2022-06-09 00:48:01
2022-06-09 10:40:29,2022-06-09 10:40:34,Located_Indoors, Handwriting,annotator,Behavioral Parameters,2022-06-09 00:48:01,2022-06-09 00:48:06
2022-06-09 10:40:34,2022-06-09 10:40:56,Located_Indoors, Browsing_Computer,annotator,Behavioral Parameters,2022-06-09 00:48:06,2022-06-09 00:48:28
2022-06-09 10:40:56,2022-06-09 10:41:00,Located_Indoors, Handwriting,annotator,Behavioral Parameters,2022-06-09 00:48:28,2022-06-09 00:48:32
2022-06-09 10:41:00,2022-06-09 10:41:17,Located_Indoors, Holding_Other_Object_Light,annotator,Behavioral Parameters,2022-06-09 00:48:32,2022-06-09 00:48:49
2022-06-09 10:41:17,2022-06-09 10:43:22,Located_Indoors, Browsing_Computer,annotator,Behavioral Parameters,2022-06-09 00:48:49,2022-06-09 00:50:54
2022-06-09 10:43:22,2022-06-09 10:43:27,Located_Indoors,annotator,Behavioral Parameters,2022-06-09 00:50:54,2022-06-09 00:50:59
2022-06-09 10:43:27,2022-06-09 10:44:21,Located_Indoors, Handwriting,annotator,Behavioral Parameters,2022-06-09 00:50:59,2022-06-09 00:51:53
2022-06-09 10:44:21,2022-06-09 10:45:37,Located_Indoors, Browsing_Computer,annotator,Behavioral Parameters,2022-06-09 00:51:53,2022-06-09 00:53:09
2022-06-09 10:45:37,2022-06-09 10:46:02,Located_Indoors, Handwriting,annotator,Behavioral Parameters,2022-06-09 00:53:09,2022-06-09 00:53:34
2022-06-09 10:46:02,2022-06-09 10:46:45,Located_Indoors, Holding_Other_Object_Light,annotator,Behavioral Parameters,2022-06-09 00:53:34,2022-06-09 00:54:17
2022-06-09 10:46:45,2022-06-09 10:47:59,Located_Indoors, Handwriting,annotator,Behavioral Parameters,2022-06-09 00:54:17,2022-06-09 00:55:31
2022-06-09 10:47:59,2022-06-09 10:53:40,Located_Indoors, Browsing_Computer,annotator,Behavioral Parameters,2022-06-09 00:55:31,2022-06-09 01:01:12
2022-06-09 10:53:40,2022-06-09 10:54:32,Located_Indoors,annotator,Behavioral Parameters,2022-06-09 01:01:12,2022-06-09 01:02:04
2022-06-09 10:54:32,2022-06-09 10:55:54,Located_Indoors, Texting/Browsing_Phone,annotator,Behavioral Parameters,2022-06-09 01:02:04,2022-06-09 01:03:26
2022-06-09 10:55:54,2022-06-09 10:56:50,Located_Indoors, Holding_Other_Object_Light,annotator,Behavioral Parameters,2022-06-09 01:03:26,2022-06-09 01:04:22
2022-06-09 10:56:50,2022-06-09 10:58:50,Located_Indoors, Handwriting,annotator,Behavioral Parameters,2022-06-09 01:04:22,2022-06-09 01:06:22
2022-06-09 10:58:50,2022-06-09 10:59:15,Located_Indoors, Texting/Browsing_Phone,annotator,Behavioral Parameters,2022-06-09 01:06:22,2022-06-09 01:06:47
2022-06-09 10:59:15,2022-06-09 10:59:51,Located_Indoors, Holding_Other_Object_Light,annotator,Behavioral Parameters,2022-06-09 01:06:47,2022-06-09 01:07:23
2022-06-09 10:59:51,2022-06-09 10:59:55,Located_Indoors, Holding_Other_Object_Light,annotator,Behavioral Parameters,2022-06-09 01:07:23,2022-06-09 01:07:27
2022-06-09 10:59:55,2022-06-09 11:00:15,Located_Indoors, Holding_Other_Object_Light,annotator,Behavioral Parameters,2022-06-09 01:07:27,2022-06-09 01:07:47
2022-06-09 11:00:15,2022-06-09 11:00:24,Located_Indoors, Holding_Other_Object_Light,annotator,Behavioral Parameters,2022-06-09 01:07:47,2022-06-09 01:07:56
2022-06-09 11:00:24,2022-06-09 11:01:04,Located_Indoors,annotator,Behavioral Parameters,2022-06-09 01:07:56,2022-06-09 01:08:36
2022-06-09 11:01:04,2022-06-09 11:01:10,Located_Indoors,annotator,Behavioral Parameters,2022-06-09 01:08:36,2022-06-09 01:08:42
2022-06-09 11:01:10,2022-06-09 11:01:44,Located_Indoors,annotator,Behavioral Parameters,2022-06-09 01:08:42,2022-06-09 01:09:16
2022-06-09 11:01:44,2022-06-09 11:01:50,Located_Indoors,annotator,Behavioral Parameters,2022-06-09 01:09:16,2022-06-09 01:09:22
2022-06-09 11:01:50,2022-06-09 11:02:05,Located_Indoors, Holding_Other_Object_Light,annotator,Behavioral Parameters,2022-06-09 01:09:22,2022-06-09 01:09:37
2022-06-09 11:02:05,2022-06-09 11:02:38,Located_Indoors, Holding_Other_Object_Light,annotator,Behavioral Parameters,2022-06-09 01:09:37,2022-06-09 01:10:10
2022-06-09 11:02:38,2022-06-09 11:02:48,Located_Indoors,annotator,Behavioral Parameters,2022-06-09 01:10:10,2022-06-09 01:10:20
2022-06-09 11:02:48,2022-06-09 11:03:16,Located_Indoors, Holding_Other_Object_Light,annotator,Behavioral Parameters,2022-06-09 01:10:20,2022-06-09 01:10:48
2022-06-09 11:03:16,2022-06-09 11:04:05,Located_Indoors,annotator,Behavioral Parameters,2022-06-09 01:10:48,2022-06-09 01:11:37
2022-06-09 11:04:05,2022-06-09 11:04:16,Located_Indoors, Holding_Other_Object_Light,annotator,Behavioral Parameters,2022-06-09 01:11:37,2022-06-09 01:11:48
2022-06-09 11:04:16,2022-06-09 11:04:28,Located_Indoors, Holding_Other_Object_Light,annotator,Behavioral Parameters,2022-06-09 01:11:48,2022-06-09 01:12:00
2022-06-09 11:04:28,2022-06-09 11:04:33,Located_Indoors,annotator,Behavioral Parameters,2022-06-09 01:12:00,2022-06-09 01:12:05
2022-06-09 11:04:33,2022-06-09 11:05:06,Located_Indoors, Texting/Browsing_Phone,annotator,Behavioral Parameters,2022-06-09 01:12:05,2022-06-09 01:12:38
2022-06-09 11:05:06,2022-06-09 11:05:11,Located_Indoors, Holding_Other_Object_Light,annotator,Behavioral Parameters,2022-06-09 01:12:38,2022-06-09 01:12:43
2022-06-09 11:05:11,2022-06-09 11:05:20,Located_Indoors,annotator,Behavioral Parameters,2022-06-09 01:12:43,2022-06-09 01:12:52
2022-06-09 11:05:20,2022-06-09 11:05:30,Located_Indoors, Holding_Other_Object_Light,annotator,Behavioral Parameters,2022-06-09 01:12:52,2022-06-09 01:13:02
2022-06-09 11:05:30,2022-06-09 11:05:47,Located_Indoors,annotator,Behavioral Parameters,2022-06-09 01:13:02,2022-06-09 01:13:19
2022-06-09 11:05:47,2022-06-09 11:06:12,Located_Indoors, Holding_Other_Object_Light,annotator,Behavioral Parameters,2022-06-09 01:13:19,2022-06-09 01:13:44
2022-06-09 11:06:12,2022-06-09 11:08:03,BP_VideoUnavailable/Indecipherable,annotator,Behavioral Parameters,2022-06-09 01:13:44,2022-06-09 01:15:35
2022-06-09 11:08:03,2022-06-09 11:08:13,Located_Indoors,annotator,Behavioral Parameters,2022-06-09 01:15:35,2022-06-09 01:15:45
2022-06-09 11:08:13,2022-06-09 11:08:34,Located_Indoors, Holding_Other_Object_Light,annotator,Behavioral Parameters,2022-06-09 01:15:45,2022-06-09 01:16:06
2022-06-09 11:08:34,2022-06-09 11:08:45,Located_Indoors, Holding_Other_Object_Light,annotator,Behavioral Parameters,2022-06-09 01:16:06,2022-06-09 01:16:17
2022-06-09 11:08:45,2022-06-09 11:09:30,Located_Indoors, Holding_Other_Object_Light,annotator,Behavioral Parameters,2022-06-09 01:16:17,2022-06-09 01:17:02
2022-06-09 11:09:30,2022-06-09 11:09:34,Located_Indoors, Holding_Other_Object_Light,annotator,Behavioral Parameters,2022-06-09 01:17:02,2022-06-09 01:17:06
2022-06-09 11:09:34,2022-06-09 11:10:30,Located_Indoors, Holding_Other_Object_Light,annotator,Behavioral Parameters,2022-06-09 01:17:06,2022-06-09 01:18:02
2022-06-09 11:10:30,2022-06-09 11:10:35,Located_Indoors,annotator,Behavioral Parameters,2022-06-09 01:18:02,2022-06-09 01:18:07
2022-06-09 11:10:35,2022-06-09 11:10:47,Located_Indoors,annotator,Behavioral Parameters,2022-06-09 01:18:07,2022-06-09 01:18:19
2022-06-09 11:10:47,2022-06-09 11:10:56,Located_Indoors,annotator,Behavioral Parameters,2022-06-09 01:18:19,2022-06-09 01:18:28
2022-06-09 11:10:56,2022-06-09 11:11:03,Located_Indoors, Holding_Other_Object_Light,annotator,Behavioral Parameters,2022-06-09 01:18:28,2022-06-09 01:18:35
2022-06-09 11:11:03,2022-06-09 11:11:06,Located_Indoors, Holding_Other_Object_Light,annotator,Behavioral Parameters,2022-06-09 01:18:35,2022-06-09 01:18:38
2022-06-09 11:11:06,2022-06-09 11:11:33,Located_Indoors, Holding_Other_Object_Light,annotator,Behavioral Parameters,2022-06-09 01:18:38,2022-06-09 01:19:05
2022-06-09 11:11:33,2022-06-09 11:11:36,Located_Indoors, Holding_Other_Object_Light,annotator,Behavioral Parameters,2022-06-09 01:19:05,2022-06-09 01:19:08
2022-06-09 11:11:36,2022-06-09 11:14:24,Located_Indoors, Holding_Other_Object_Light,annotator,Behavioral Parameters,2022-06-09 01:19:08,2022-06-09 01:21:56
2022-06-09 11:14:24,2022-06-09 11:14:52,Located_Indoors, Holding_Drink,annotator,Behavioral Parameters,2022-06-09 01:21:56,2022-06-09 01:22:24
2022-06-09 11:14:52,2022-06-09 11:14:57,Located_Indoors, Holding_Other_Object_Light,annotator,Behavioral Parameters,2022-06-09 01:22:24,2022-06-09 01:22:29
2022-06-09 11:14:57,2022-06-09 11:15:14,Located_Indoors, Holding_Other_Object_Light,annotator,Behavioral Parameters,2022-06-09 01:22:29,2022-06-09 01:22:46
2022-06-09 11:15:14,2022-06-09 11:15:23,Located_Indoors, Texting/Browsing_Phone,annotator,Behavioral Parameters,2022-06-09 01:22:46,2022-06-09 01:22:55
2022-06-09 11:15:23,2022-06-09 11:15:29,Located_Indoors, Carrying_Bag_On_Shoulder/Back_Light,annotator,Behavioral Parameters,2022-06-09 01:22:55,2022-06-09 01:23:01
2022-06-09 11:15:29,2022-06-09 11:15:59,Located_Indoors, Carrying_Bag_On_Shoulder/Back_Light, Holding_Other_Object_Light,annotator,Behavioral Parameters,2022-06-09 01:23:01,2022-06-09 01:23:31
2022-06-09 11:15:59,2022-06-09 11:16:21,Located_Indoors, Carrying_Bag_On_Shoulder/Back_Light, Texting/Browsing_Phone,annotator,Behavioral Parameters,2022-06-09 01:23:31,2022-06-09 01:23:53
2022-06-09 11:16:21,2022-06-09 11:16:29,Located_Indoors, Carrying_Bag_On_Shoulder/Back_Light, Texting/Browsing_Phone,annotator,Behavioral Parameters,2022-06-09 01:23:53,2022-06-09 01:24:01
2022-06-09 11:16:29,2022-06-09 11:16:55,Located_Indoors, Carrying_Bag_On_Shoulder/Back_Light, Texting/Browsing_Phone,annotator,Behavioral Parameters,2022-06-09 01:24:01,2022-06-09 01:24:27
2022-06-09 11:16:55,2022-06-09 11:17:06,Located_Indoors, Carrying_Bag_On_Shoulder/Back_Light, Texting/Browsing_Phone,annotator,Behavioral Parameters,2022-06-09 01:24:27,2022-06-09 01:24:38
2022-06-09 11:17:06,2022-06-09 11:17:34,Carrying_Bag_On_Shoulder/Back_Light, Texting/Browsing_Phone, Located_Outdoors,annotator,Behavioral Parameters,2022-06-09 01:24:38,2022-06-09 01:25:06
2022-06-09 11:17:34,2022-06-09 11:19:06,Carrying_Bag_On_Shoulder/Back_Light, Located_Outdoors, Holding_Other_Object_Light,annotator,Behavioral Parameters,2022-06-09 01:25:06,2022-06-09 01:26:38
2022-06-09 11:19:06,2022-06-09 11:19:15,Carrying_Bag_On_Shoulder/Back_Light, Holding_Other_Object_Light, Located_Indoors,annotator,Behavioral Parameters,2022-06-09 01:26:38,2022-06-09 01:26:47
2022-06-09 11:19:15,2022-06-09 11:19:19,Carrying_Bag_On_Shoulder/Back_Light, Holding_Other_Object_Light, Located_Indoors,annotator,Behavioral Parameters,2022-06-09 01:26:47,2022-06-09 01:26:51
2022-06-09 11:19:19,2022-06-09 11:19:28,Carrying_Bag_On_Shoulder/Back_Light, Holding_Other_Object_Light, Located_Indoors,annotator,Behavioral Parameters,2022-06-09 01:26:51,2022-06-09 01:27:00
2022-06-09 11:19:28,2022-06-09 11:20:10,Carrying_Bag_On_Shoulder/Back_Light, Holding_Other_Object_Light, Located_Indoors,annotator,Behavioral Parameters,2022-06-09 01:27:00,2022-06-09 01:27:42
2022-06-09 11:20:10,2022-06-09 11:20:26,Carrying_Bag_On_Shoulder/Back_Light, Holding_Other_Object_Light, Located_Indoors,annotator,Behavioral Parameters,2022-06-09 01:27:42,2022-06-09 01:27:58
2022-06-09 11:20:26,2022-06-09 11:20:31,Carrying_Bag_On_Shoulder/Back_Light, Holding_Other_Object_Light, Located_Indoors,annotator,Behavioral Parameters,2022-06-09 01:27:58,2022-06-09 01:28:03
2022-06-09 11:20:31,2022-06-09 11:20:39,Carrying_Bag_On_Shoulder/Back_Light, Holding_Other_Object_Light, Located_Indoors,annotator,Behavioral Parameters,2022-06-09 01:28:03,2022-06-09 01:28:11
2022-06-09 11:20:39,2022-06-09 11:20:46,Carrying_Bag_On_Shoulder/Back_Light, Holding_Other_Object_Light, Located_Indoors,annotator,Behavioral Parameters,2022-06-09 01:28:11,2022-06-09 01:28:18
2022-06-09 11:20:46,2022-06-09 11:21:04,Holding_Other_Object_Light, Located_Indoors, Holding_Bag/BriefCase_Hand_Light,annotator,Behavioral Parameters,2022-06-09 01:28:18,2022-06-09 01:28:36
2022-06-09 11:21:04,2022-06-09 11:21:08,Holding_Other_Object_Light, Located_Indoors,annotator,Behavioral Parameters,2022-06-09 01:28:36,2022-06-09 01:28:40
2022-06-09 11:21:08,2022-06-09 11:21:11,Holding_Other_Object_Light, Located_Indoors,annotator,Behavioral Parameters,2022-06-09 01:28:40,2022-06-09 01:28:43
2022-06-09 11:21:11,2022-06-09 11:21:36,Located_Indoors, Texting/Browsing_Phone,annotator,Behavioral Parameters,2022-06-09 01:28:43,2022-06-09 01:29:08
2022-06-09 11:21:36,2022-06-09 11:21:47,Located_Indoors, Texting/Browsing_Phone,annotator,Behavioral Parameters,2022-06-09 01:29:08,2022-06-09 01:29:19
2022-06-09 11:21:47,2022-06-09 11:21:52,Located_Indoors, Holding_Other_Object_Light,annotator,Behavioral Parameters,2022-06-09 01:29:19,2022-06-09 01:29:24
2022-06-09 11:21:52,2022-06-09 11:22:03,Located_Indoors, Holding_Other_Object_Light,annotator,Behavioral Parameters,2022-06-09 01:29:24,2022-06-09 01:29:35
2022-06-09 11:22:03,2022-06-09 11:22:28,Located_Indoors, Holding_Other_Object_Light,annotator,Behavioral Parameters,2022-06-09 01:29:35,2022-06-09 01:30:00
2022-06-09 11:22:28,2022-06-09 11:22:39,Located_Indoors, Holding_Other_Object_Light,annotator,Behavioral Parameters,2022-06-09 01:30:00,2022-06-09 01:30:11
2022-06-09 11:22:39,2022-06-09 11:22:54,Located_Indoors, Holding_Other_Object_Light,annotator,Behavioral Parameters,2022-06-09 01:30:11,2022-06-09 01:30:26
2022-06-09 11:22:54,2022-06-09 11:23:17,Located_Indoors,annotator,Behavioral Parameters,2022-06-09 01:30:26,2022-06-09 01:30:49
2022-06-09 11:23:17,2022-06-09 11:24:42,Located_Indoors, BP_VideoUnavailable/Indecipherable,annotator,Behavioral Parameters,2022-06-09 01:30:49,2022-06-09 01:32:14
2022-06-09 11:24:42,2022-06-09 11:25:18,Located_Indoors, Holding_Other_Object_Heavy,annotator,Behavioral Parameters,2022-06-09 01:32:14,2022-06-09 01:32:50
2022-06-09 11:25:18,2022-06-09 11:26:29,Located_Indoors, BP_Unlabeled,annotator,Behavioral Parameters,2022-06-09 01:32:50,2022-06-09 01:34:01
2022-06-09 11:26:29,2022-06-09 11:26:33,Located_Indoors, Holding_Other_Object_Heavy,annotator,Behavioral Parameters,2022-06-09 01:34:01,2022-06-09 01:34:05
2022-06-09 11:26:33,2022-06-09 11:26:52,Located_Indoors, BP_Unlabeled,annotator,Behavioral Parameters,2022-06-09 01:34:05,2022-06-09 01:34:24
2022-06-09 11:26:52,2022-06-09 11:26:59,Located_Indoors, Holding_Other_Object_Light,annotator,Behavioral Parameters,2022-06-09 01:34:24,2022-06-09 01:34:31
2022-06-09 11:26:59,2022-06-09 11:27:03,Located_Indoors,annotator,Behavioral Parameters,2022-06-09 01:34:31,2022-06-09 01:34:35
2022-06-09 11:27:03,2022-06-09 11:27:17,Located_Indoors, BP_Unlabeled,annotator,Behavioral Parameters,2022-06-09 01:34:35,2022-06-09 01:34:49
2022-06-09 11:27:17,2022-06-09 11:27:51,Located_Indoors, Holding_Other_Object_Heavy,annotator,Behavioral Parameters,2022-06-09 01:34:49,2022-06-09 01:35:23
2022-06-09 11:27:52,2022-06-09 11:27:56,Located_Indoors,annotator,Behavioral Parameters,2022-06-09 01:35:24,2022-06-09 01:35:28
2022-06-09 11:27:56,2022-06-09 11:28:02,Located_Indoors, Holding_Other_Object_Light,annotator,Behavioral Parameters,2022-06-09 01:35:28,2022-06-09 01:35:34
2022-06-09 11:28:02,2022-06-09 11:28:04,Located_Indoors, Holding_Other_Object_Light,annotator,Behavioral Parameters,2022-06-09 01:35:34,2022-06-09 01:35:36
2022-06-09 11:28:04,2022-06-09 11:29:27,Located_Indoors, BP_Unlabeled,annotator,Behavioral Parameters,2022-06-09 01:35:36,2022-06-09 01:36:59
2022-06-09 11:29:27,2022-06-09 11:29:31,Located_Indoors, Holding_Other_Object_Heavy,annotator,Behavioral Parameters,2022-06-09 01:36:59,2022-06-09 01:37:03
2022-06-09 11:29:31,2022-06-09 11:29:41,Located_Indoors, Holding_Other_Object_Heavy,annotator,Behavioral Parameters,2022-06-09 01:37:03,2022-06-09 01:37:13
2022-06-09 11:29:41,2022-06-09 11:29:56,Located_Indoors,annotator,Behavioral Parameters,2022-06-09 01:37:13,2022-06-09 01:37:28
2022-06-09 11:29:56,2022-06-09 11:30:18,Located_Indoors, BP_Unlabeled,annotator,Behavioral Parameters,2022-06-09 01:37:28,2022-06-09 01:37:50
2022-06-09 11:30:18,2022-06-09 11:31:19,Located_Indoors, BP_Unlabeled,annotator,Behavioral Parameters,2022-06-09 01:37:50,2022-06-09 01:38:51
2022-06-09 11:31:22,2022-06-09 11:31:55,Located_Indoors, Holding_Other_Object_Heavy,annotator,Behavioral Parameters,2022-06-09 01:38:54,2022-06-09 01:39:27
2022-06-09 11:31:57,2022-06-09 11:32:20,Located_Indoors, BP_Unlabeled,annotator,Behavioral Parameters,2022-06-09 01:39:29,2022-06-09 01:39:52
2022-06-09 11:32:20,2022-06-09 11:32:25,Located_Indoors,annotator,Behavioral Parameters,2022-06-09 01:39:52,2022-06-09 01:39:57
2022-06-09 11:32:25,2022-06-09 11:32:30,Located_Indoors, Holding_Other_Object_Light,annotator,Behavioral Parameters,2022-06-09 01:39:57,2022-06-09 01:40:02
2022-06-09 11:32:30,2022-06-09 11:32:38,Located_Indoors, Holding_Other_Object_Heavy,annotator,Behavioral Parameters,2022-06-09 01:40:02,2022-06-09 01:40:10
2022-06-09 11:32:38,2022-06-09 11:32:46,Located_Indoors, Holding_Other_Object_Light,annotator,Behavioral Parameters,2022-06-09 01:40:10,2022-06-09 01:40:18
2022-06-09 11:32:46,2022-06-09 11:32:49,Located_Indoors,annotator,Behavioral Parameters,2022-06-09 01:40:18,2022-06-09 01:40:21
2022-06-09 11:32:49,2022-06-09 11:33:12,Located_Indoors, BP_Unlabeled,annotator,Behavioral Parameters,2022-06-09 01:40:21,2022-06-09 01:40:44
2022-06-09 11:33:12,2022-06-09 11:33:25,Located_Indoors, Holding_Drink,annotator,Behavioral Parameters,2022-06-09 01:40:44,2022-06-09 01:40:57
2022-06-09 11:33:27,2022-06-09 11:34:33,Located_Indoors,annotator,Behavioral Parameters,2022-06-09 01:40:59,2022-06-09 01:42:05
2022-06-09 11:34:33,2022-06-09 11:35:15,Located_Indoors, Holding_Other_Object_Heavy,annotator,Behavioral Parameters,2022-06-09 01:42:05,2022-06-09 01:42:47
2022-06-09 11:35:15,2022-06-09 11:35:22,Located_Indoors, BP_Unlabeled,annotator,Behavioral Parameters,2022-06-09 01:42:47,2022-06-09 01:42:54
2022-06-09 11:35:22,2022-06-09 11:35:36,Located_Indoors, Holding_Other_Object_Light,annotator,Behavioral Parameters,2022-06-09 01:42:54,2022-06-09 01:43:08
2022-06-09 11:35:38,2022-06-09 11:35:54,Located_Indoors, BP_Unlabeled,annotator,Behavioral Parameters,2022-06-09 01:43:10,2022-06-09 01:43:26
2022-06-09 11:35:55,2022-06-09 11:36:02,Located_Indoors, Holding_Other_Object_Light,annotator,Behavioral Parameters,2022-06-09 01:43:27,2022-06-09 01:43:34
2022-06-09 11:36:02,2022-06-09 11:36:06,Located_Indoors, Holding_Other_Object_Light,annotator,Behavioral Parameters,2022-06-09 01:43:34,2022-06-09 01:43:38
2022-06-09 11:36:06,2022-06-09 11:36:21,Located_Indoors, Holding_Other_Object_Light,annotator,Behavioral Parameters,2022-06-09 01:43:38,2022-06-09 01:43:53
2022-06-09 11:36:21,2022-06-09 11:36:25,Located_Indoors,annotator,Behavioral Parameters,2022-06-09 01:43:53,2022-06-09 01:43:57
2022-06-09 11:36:26,2022-06-09 11:39:53,Located_Indoors, BP_Unlabeled,annotator,Behavioral Parameters,2022-06-09 01:43:58,2022-06-09 01:47:25
2022-06-09 11:39:53,2022-06-09 11:40:24,Located_Indoors, Holding_Other_Object_Heavy,annotator,Behavioral Parameters,2022-06-09 01:47:25,2022-06-09 01:47:56
2022-06-09 11:40:24,2022-06-09 11:40:56,Located_Indoors, BP_Unlabeled,annotator,Behavioral Parameters,2022-06-09 01:47:56,2022-06-09 01:48:28
2022-06-09 11:40:56,2022-06-09 11:41:05,Located_Indoors, Holding_Other_Object_Light,annotator,Behavioral Parameters,2022-06-09 01:48:28,2022-06-09 01:48:37
2022-06-09 11:41:05,2022-06-09 11:41:12,Located_Indoors, Holding_Other_Object_Light,annotator,Behavioral Parameters,2022-06-09 01:48:37,2022-06-09 01:48:44
2022-06-09 11:41:12,2022-06-09 11:41:15,Located_Indoors, Holding_Other_Object_Light,annotator,Behavioral Parameters,2022-06-09 01:48:44,2022-06-09 01:48:47
2022-06-09 11:41:15,2022-06-09 11:41:21,Located_Indoors,annotator,Behavioral Parameters,2022-06-09 01:48:47,2022-06-09 01:48:53
2022-06-09 11:41:21,2022-06-09 11:41:26,Located_Indoors,annotator,Behavioral Parameters,2022-06-09 01:48:53,2022-06-09 01:48:58
2022-06-09 11:41:26,2022-06-09 11:41:33,Located_Indoors,annotator,Behavioral Parameters,2022-06-09 01:48:58,2022-06-09 01:49:05
2022-06-09 11:41:33,2022-06-09 11:42:16,Located_Indoors, Holding_Other_Object_Heavy,annotator,Behavioral Parameters,2022-06-09 01:49:05,2022-06-09 01:49:48
2022-06-09 11:42:16,2022-06-09 11:42:59,Located_Indoors, BP_Unlabeled,annotator,Behavioral Parameters,2022-06-09 01:49:48,2022-06-09 01:50:31
2022-06-09 11:42:59,2022-06-09 11:43:02,Located_Indoors,annotator,Behavioral Parameters,2022-06-09 01:50:31,2022-06-09 01:50:34
2022-06-09 11:43:02,2022-06-09 11:43:08,Located_Indoors, Holding_Other_Object_Light,annotator,Behavioral Parameters,2022-06-09 01:50:34,2022-06-09 01:50:40
2022-06-09 11:43:08,2022-06-09 11:43:17,Located_Indoors, BP_Unlabeled,annotator,Behavioral Parameters,2022-06-09 01:50:40,2022-06-09 01:50:49
2022-06-09 11:43:17,2022-06-09 11:43:23,Located_Indoors, Holding_Other_Object_Light,annotator,Behavioral Parameters,2022-06-09 01:50:49,2022-06-09 01:50:55
2022-06-09 11:43:23,2022-06-09 11:43:34,Located_Indoors, BP_Unlabeled,annotator,Behavioral Parameters,2022-06-09 01:50:55,2022-06-09 01:51:06
2022-06-09 11:43:34,2022-06-09 11:43:39,Located_Indoors,annotator,Behavioral Parameters,2022-06-09 01:51:06,2022-06-09 01:51:11
2022-06-09 11:43:39,2022-06-09 11:44:12,BP_VideoUnavailable/Indecipherable,annotator,Behavioral Parameters,2022-06-09 01:51:11,2022-06-09 01:51:44
2022-06-09 11:44:12,2022-06-09 11:44:24,Located_Indoors, Holding_Other_Object_Light,annotator,Behavioral Parameters,2022-06-09 01:51:44,2022-06-09 01:51:56
2022-06-09 11:44:24,2022-06-09 11:44:43,Located_Indoors,annotator,Behavioral Parameters,2022-06-09 01:51:56,2022-06-09 01:52:15
2022-06-09 11:44:43,2022-06-09 11:44:47,Located_Indoors, Holding_Other_Object_Light,annotator,Behavioral Parameters,2022-06-09 01:52:15,2022-06-09 01:52:19
2022-06-09 11:44:47,2022-06-09 11:46:22,Located_Indoors, Texting/Browsing_Phone,annotator,Behavioral Parameters,2022-06-09 01:52:19,2022-06-09 01:53:54
2022-06-09 11:46:22,2022-06-09 11:46:28,Located_Indoors,annotator,Behavioral Parameters,2022-06-09 01:53:54,2022-06-09 01:54:00
2022-06-09 11:46:28,2022-06-09 11:46:35,Located_Indoors,annotator,Behavioral Parameters,2022-06-09 01:54:00,2022-06-09 01:54:07
2022-06-09 11:46:35,2022-06-09 11:46:51,Located_Indoors, BP_Unlabeled,annotator,Behavioral Parameters,2022-06-09 01:54:07,2022-06-09 01:54:23
2022-06-09 11:46:52,2022-06-09 11:47:12,Located_Indoors, Holding_Other_Object_Heavy,annotator,Behavioral Parameters,2022-06-09 01:54:24,2022-06-09 01:54:44
2022-06-09 11:47:12,2022-06-09 11:47:55,Located_Indoors, Holding_Other_Object_Heavy,annotator,Behavioral Parameters,2022-06-09 01:54:44,2022-06-09 01:55:27
2022-06-09 11:47:57,2022-06-09 11:48:14,Located_Indoors, BP_Unlabeled,annotator,Behavioral Parameters,2022-06-09 01:55:29,2022-06-09 01:55:46
2022-06-09 11:48:14,2022-06-09 11:48:34,Located_Indoors, BP_Unlabeled,annotator,Behavioral Parameters,2022-06-09 01:55:46,2022-06-09 01:56:06
2022-06-09 11:48:34,2022-06-09 11:48:39,Located_Indoors,annotator,Behavioral Parameters,2022-06-09 01:56:06,2022-06-09 01:56:11
2022-06-09 11:48:39,2022-06-09 11:50:17,Located_Indoors, Texting/Browsing_Phone,annotator,Behavioral Parameters,2022-06-09 01:56:11,2022-06-09 01:57:49
2022-06-09 11:50:21,2022-06-09 11:50:47,Located_Indoors, BP_Unlabeled,annotator,Behavioral Parameters,2022-06-09 01:57:53,2022-06-09 01:58:19
2022-06-09 11:50:47,2022-06-09 11:51:01,Located_Indoors, Holding_Other_Object_Heavy,annotator,Behavioral Parameters,2022-06-09 01:58:19,2022-06-09 01:58:33
2022-06-09 11:51:01,2022-06-09 11:51:43,Located_Indoors, Holding_Other_Object_Heavy,annotator,Behavioral Parameters,2022-06-09 01:58:33,2022-06-09 01:59:15
2022-06-09 11:51:43,2022-06-09 11:51:48,Located_Indoors, Holding_Other_Object_Heavy,annotator,Behavioral Parameters,2022-06-09 01:59:15,2022-06-09 01:59:20
2022-06-09 11:51:48,2022-06-09 11:51:59,Located_Indoors,annotator,Behavioral Parameters,2022-06-09 01:59:20,2022-06-09 01:59:31
2022-06-09 11:51:59,2022-06-09 11:52:26,Located_Indoors, BP_Unlabeled,annotator,Behavioral Parameters,2022-06-09 01:59:31,2022-06-09 01:59:58
2022-06-09 11:52:26,2022-06-09 11:52:27,Located_Indoors,annotator,Behavioral Parameters,2022-06-09 01:59:58,2022-06-09 01:59:59
2022-06-09 11:52:27,2022-06-09 11:52:36,Located_Indoors, Holding_Other_Object_Heavy,annotator,Behavioral Parameters,2022-06-09 01:59:59,2022-06-09 02:00:08
2022-06-09 11:52:36,2022-06-09 11:52:49,Located_Indoors, BP_Unlabeled,annotator,Behavioral Parameters,2022-06-09 02:00:08,2022-06-09 02:00:21
2022-06-09 11:52:49,2022-06-09 11:54:58,Located_Indoors, Texting/Browsing_Phone,annotator,Behavioral Parameters,2022-06-09 02:00:21,2022-06-09 02:02:30
2022-06-09 11:54:58,2022-06-09 11:55:14,Located_Indoors, Holding_Other_Object_Light,annotator,Behavioral Parameters,2022-06-09 02:02:30,2022-06-09 02:02:46
2022-06-09 11:55:14,2022-06-09 11:55:32,Located_Indoors,annotator,Behavioral Parameters,2022-06-09 02:02:46,2022-06-09 02:03:04
2022-06-09 11:55:32,2022-06-09 11:55:50,Located_Indoors,annotator,Behavioral Parameters,2022-06-09 02:03:04,2022-06-09 02:03:22
2022-06-09 11:55:50,2022-06-09 11:56:47,Located_Indoors, BP_Unlabeled,annotator,Behavioral Parameters,2022-06-09 02:03:22,2022-06-09 02:04:19
2022-06-09 11:56:47,2022-06-09 11:57:42,Located_Indoors, Holding_Other_Object_Heavy,annotator,Behavioral Parameters,2022-06-09 02:04:19,2022-06-09 02:05:14
2022-06-09 11:57:42,2022-06-09 11:58:13,Located_Indoors, Holding_Other_Object_Heavy,annotator,Behavioral Parameters,2022-06-09 02:05:14,2022-06-09 02:05:45
2022-06-09 11:58:13,2022-06-09 11:58:17,Located_Indoors, Holding_Other_Object_Heavy,annotator,Behavioral Parameters,2022-06-09 02:05:45,2022-06-09 02:05:49
2022-06-09 11:58:17,2022-06-09 12:00:29,Located_Indoors, BP_Unlabeled,annotator,Behavioral Parameters,2022-06-09 02:05:49,2022-06-09 02:08:01
2022-06-09 12:00:29,2022-06-09 12:00:35,Located_Indoors, Holding_Other_Object_Heavy,annotator,Behavioral Parameters,2022-06-09 02:08:01,2022-06-09 02:08:07
2022-06-09 12:00:35,2022-06-09 12:01:12,Located_Indoors, Holding_Other_Object_Heavy,annotator,Behavioral Parameters,2022-06-09 02:08:07,2022-06-09 02:08:44
2022-06-09 12:01:12,2022-06-09 12:01:16,Located_Indoors, Holding_Other_Object_Heavy,annotator,Behavioral Parameters,2022-06-09 02:08:44,2022-06-09 02:08:48
2022-06-09 12:01:16,2022-06-09 12:02:20,Located_Indoors, BP_Unlabeled,annotator,Behavioral Parameters,2022-06-09 02:08:48,2022-06-09 02:09:52
2022-06-09 12:02:20,2022-06-09 12:02:49,Located_Indoors, Holding_Other_Object_Heavy,annotator,Behavioral Parameters,2022-06-09 02:09:52,2022-06-09 02:10:21
2022-06-09 12:02:49,2022-06-09 12:03:15,Located_Indoors, Holding_Other_Object_Heavy,annotator,Behavioral Parameters,2022-06-09 02:10:21,2022-06-09 02:10:47
2022-06-09 12:03:15,2022-06-09 12:04:44,Located_Indoors, BP_Unlabeled,annotator,Behavioral Parameters,2022-06-09 02:10:47,2022-06-09 02:12:16
2022-06-09 12:04:44,2022-06-09 12:04:47,Located_Indoors,annotator,Behavioral Parameters,2022-06-09 02:12:16,2022-06-09 02:12:19
2022-06-09 12:04:47,2022-06-09 12:05:06,Located_Indoors, Holding_Drink,annotator,Behavioral Parameters,2022-06-09 02:12:19,2022-06-09 02:12:38
2022-06-09 12:05:06,2022-06-09 12:05:15,Located_Indoors, Holding_Other_Object_Light,annotator,Behavioral Parameters,2022-06-09 02:12:38,2022-06-09 02:12:47
2022-06-09 12:05:15,2022-06-09 12:05:23,Located_Indoors, Texting/Browsing_Phone,annotator,Behavioral Parameters,2022-06-09 02:12:47,2022-06-09 02:12:55
2022-06-09 12:05:23,2022-06-09 12:05:44,Located_Indoors, BP_Unlabeled,annotator,Behavioral Parameters,2022-06-09 02:12:55,2022-06-09 02:13:16
2022-06-09 12:05:44,2022-06-09 12:05:52,Located_Indoors, Holding_Other_Object_Light,annotator,Behavioral Parameters,2022-06-09 02:13:16,2022-06-09 02:13:24
2022-06-09 12:05:52,2022-06-09 12:06:06,Located_Indoors, Holding_Other_Object_Light,annotator,Behavioral Parameters,2022-06-09 02:13:24,2022-06-09 02:13:38
2022-06-09 12:06:06,2022-06-09 12:06:30,Located_Indoors, Holding_Other_Object_Light, Texting/Browsing_Phone,annotator,Behavioral Parameters,2022-06-09 02:13:38,2022-06-09 02:14:02
2022-06-09 12:06:30,2022-06-09 12:06:40,Located_Indoors, Holding_Other_Object_Light, Texting/Browsing_Phone,annotator,Behavioral Parameters,2022-06-09 02:14:02,2022-06-09 02:14:12
2022-06-09 12:06:40,2022-06-09 12:06:50,Located_Indoors, Holding_Other_Object_Light,annotator,Behavioral Parameters,2022-06-09 02:14:12,2022-06-09 02:14:22
2022-06-09 12:06:50,2022-06-09 12:07:06,Located_Indoors, Texting/Browsing_Phone,annotator,Behavioral Parameters,2022-06-09 02:14:22,2022-06-09 02:14:38
2022-06-09 12:07:06,2022-06-09 12:07:19,Located_Indoors,annotator,Behavioral Parameters,2022-06-09 02:14:38,2022-06-09 02:14:51
2022-06-09 12:07:19,2022-06-09 12:07:36,Located_Indoors, Holding_Other_Object_Light,annotator,Behavioral Parameters,2022-06-09 02:14:51,2022-06-09 02:15:08
2022-06-09 12:07:36,2022-06-09 12:08:15,Located_Indoors, Holding_Other_Object_Light,annotator,Behavioral Parameters,2022-06-09 02:15:08,2022-06-09 02:15:47
2022-06-09 12:08:15,2022-06-09 12:09:01,Located_Indoors, BP_Unlabeled,annotator,Behavioral Parameters,2022-06-09 02:15:47,2022-06-09 02:16:33
2022-06-09 12:09:01,2022-06-09 12:09:15,Located_Indoors,annotator,Behavioral Parameters,2022-06-09 02:16:33,2022-06-09 02:16:47
2022-06-09 12:09:15,2022-06-09 12:10:06,Located_Indoors,annotator,Behavioral Parameters,2022-06-09 02:16:47,2022-06-09 02:17:38
2022-06-09 12:10:06,2022-06-09 12:10:28,Located_Indoors,annotator,Behavioral Parameters,2022-06-09 02:17:38,2022-06-09 02:18:00
2022-06-09 12:10:28,2022-06-09 12:10:52,Located_Indoors, Holding_Drink,annotator,Behavioral Parameters,2022-06-09 02:18:00,2022-06-09 02:18:24
2022-06-09 12:10:52,2022-06-09 12:12:32,Located_Indoors,annotator,Behavioral Parameters,2022-06-09 02:18:24,2022-06-09 02:20:04
2022-06-09 12:12:32,2022-06-09 12:13:20,Located_Indoors,annotator,Behavioral Parameters,2022-06-09 02:20:04,2022-06-09 02:20:52
2022-06-09 12:13:20,2022-06-09 12:13:29,Located_Indoors,annotator,Behavioral Parameters,2022-06-09 02:20:52,2022-06-09 02:21:01
2022-06-09 12:13:29,2022-06-09 12:14:26,Located_Indoors, BP_Unlabeled,annotator,Behavioral Parameters,2022-06-09 02:21:01,2022-06-09 02:21:58
2022-06-09 12:14:26,2022-06-09 12:14:40,Located_Indoors,annotator,Behavioral Parameters,2022-06-09 02:21:58,2022-06-09 02:22:12
2022-06-09 12:14:40,2022-06-09 12:14:56,Located_Indoors, Holding_Drink,annotator,Behavioral Parameters,2022-06-09 02:22:12,2022-06-09 02:22:28
2022-06-09 12:14:56,2022-06-09 12:16:00,Located_Indoors,annotator,Behavioral Parameters,2022-06-09 02:22:28,2022-06-09 02:23:32
2022-06-09 12:16:00,2022-06-09 12:16:39,Located_Indoors,annotator,Behavioral Parameters,2022-06-09 02:23:32,2022-06-09 02:24:11
2022-06-09 12:16:39,2022-06-09 12:16:55,Located_Indoors,annotator,Behavioral Parameters,2022-06-09 02:24:11,2022-06-09 02:24:27
2022-06-09 12:16:55,2022-06-09 12:17:06,Located_Indoors,annotator,Behavioral Parameters,2022-06-09 02:24:27,2022-06-09 02:24:38
2022-06-09 12:17:06,2022-06-09 12:17:12,Located_Indoors,annotator,Behavioral Parameters,2022-06-09 02:24:38,2022-06-09 02:24:44
2022-06-09 12:17:12,2022-06-09 12:17:56,Located_Indoors,annotator,Behavioral Parameters,2022-06-09 02:24:44,2022-06-09 02:25:28
2022-06-09 12:18:00,2022-06-09 12:18:12,Located_Indoors, Holding_Other_Object_Light,annotator,Behavioral Parameters,2022-06-09 02:25:32,2022-06-09 02:25:44
2022-06-09 12:18:12,2022-06-09 12:18:26,Located_Indoors, Holding_Other_Object_Light,annotator,Behavioral Parameters,2022-06-09 02:25:44,2022-06-09 02:25:58
2022-06-09 12:18:26,2022-06-09 12:18:39,Located_Indoors, Holding_Other_Object_Light,annotator,Behavioral Parameters,2022-06-09 02:25:58,2022-06-09 02:26:11
2022-06-09 12:18:39,2022-06-09 12:18:42,Located_Indoors, Holding_Other_Object_Light,annotator,Behavioral Parameters,2022-06-09 02:26:11,2022-06-09 02:26:14
2022-06-09 12:18:42,2022-06-09 12:18:46,Located_Indoors, Holding_Other_Object_Light,annotator,Behavioral Parameters,2022-06-09 02:26:14,2022-06-09 02:26:18
2022-06-09 12:18:46,2022-06-09 12:19:02,Located_Indoors, BP_Unlabeled,annotator,Behavioral Parameters,2022-06-09 02:26:18,2022-06-09 02:26:34
2022-06-09 12:19:02,2022-06-09 12:19:15,Located_Indoors, Holding_Other_Object_Light,annotator,Behavioral Parameters,2022-06-09 02:26:34,2022-06-09 02:26:47
2022-06-09 12:19:15,2022-06-09 12:19:31,Located_Indoors, BP_Unlabeled,annotator,Behavioral Parameters,2022-06-09 02:26:47,2022-06-09 02:27:03
2022-06-09 12:19:31,2022-06-09 12:19:48,Located_Indoors, Holding_Other_Object_Heavy,annotator,Behavioral Parameters,2022-06-09 02:27:03,2022-06-09 02:27:20
2022-06-09 12:19:57,2022-06-09 12:20:36,Located_Indoors, Holding_Other_Object_Heavy,annotator,Behavioral Parameters,2022-06-09 02:27:29,2022-06-09 02:28:08
2022-06-09 12:20:36,2022-06-09 12:20:43,Located_Indoors,annotator,Behavioral Parameters,2022-06-09 02:28:08,2022-06-09 02:28:15
2022-06-09 12:20:43,2022-06-09 12:20:57,Located_Indoors, BP_Unlabeled,annotator,Behavioral Parameters,2022-06-09 02:28:15,2022-06-09 02:28:29
2022-06-09 12:20:59,2022-06-09 12:21:09,Located_Indoors, Holding_Other_Object_Heavy,annotator,Behavioral Parameters,2022-06-09 02:28:31,2022-06-09 02:28:41
2022-06-09 12:21:10,2022-06-09 12:21:59,Located_Indoors, BP_Unlabeled,annotator,Behavioral Parameters,2022-06-09 02:28:42,2022-06-09 02:29:31
2022-06-09 12:21:59,2022-06-09 12:22:10,Located_Indoors,annotator,Behavioral Parameters,2022-06-09 02:29:31,2022-06-09 02:29:42
2022-06-09 12:22:10,2022-06-09 12:22:42,Located_Indoors, BP_Unlabeled,annotator,Behavioral Parameters,2022-06-09 02:29:42,2022-06-09 02:30:14
2022-06-09 12:22:42,2022-06-09 12:24:19,Located_Indoors,annotator,Behavioral Parameters,2022-06-09 02:30:14,2022-06-09 02:31:51
2022-06-09 12:24:19,2022-06-09 12:24:25,Located_Indoors,annotator,Behavioral Parameters,2022-06-09 02:31:51,2022-06-09 02:31:57
2022-06-09 12:24:25,2022-06-09 12:24:55,Located_Indoors, BP_Unlabeled,annotator,Behavioral Parameters,2022-06-09 02:31:57,2022-06-09 02:32:27
2022-06-09 12:24:55,2022-06-09 12:25:03,Located_Indoors, Holding_Other_Object_Heavy,annotator,Behavioral Parameters,2022-06-09 02:32:27,2022-06-09 02:32:35
2022-06-09 12:25:04,2022-06-09 12:25:21,Located_Indoors, BP_Unlabeled,annotator,Behavioral Parameters,2022-06-09 02:32:36,2022-06-09 02:32:53
2022-06-09 12:25:22,2022-06-09 12:25:34,Located_Indoors,annotator,Behavioral Parameters,2022-06-09 02:32:54,2022-06-09 02:33:06
2022-06-09 12:25:34,2022-06-09 12:25:37,Located_Indoors,annotator,Behavioral Parameters,2022-06-09 02:33:06,2022-06-09 02:33:09
2022-06-09 12:25:37,2022-06-09 12:25:52,Located_Indoors, Holding_Other_Object_Heavy,annotator,Behavioral Parameters,2022-06-09 02:33:09,2022-06-09 02:33:24
2022-06-09 12:25:52,2022-06-09 12:26:29,Located_Indoors, Holding_Other_Object_Heavy,annotator,Behavioral Parameters,2022-06-09 02:33:24,2022-06-09 02:34:01
2022-06-09 12:26:32,2022-06-09 12:26:34,Located_Indoors, Holding_Other_Object_Heavy,annotator,Behavioral Parameters,2022-06-09 02:34:04,2022-06-09 02:34:06
2022-06-09 12:26:34,2022-06-09 12:27:10,Located_Indoors, BP_Unlabeled,annotator,Behavioral Parameters,2022-06-09 02:34:06,2022-06-09 02:34:42
2022-06-09 12:27:11,2022-06-09 12:27:17,Located_Indoors,annotator,Behavioral Parameters,2022-06-09 02:34:43,2022-06-09 02:34:49
2022-06-09 12:27:17,2022-06-09 12:30:31,Located_Indoors, Texting/Browsing_Phone,annotator,Behavioral Parameters,2022-06-09 02:34:49,2022-06-09 02:38:03
2022-06-09 12:30:31,2022-06-09 12:31:24,Located_Indoors,annotator,Behavioral Parameters,2022-06-09 02:38:03,2022-06-09 02:38:56
2022-06-09 12:31:24,2022-06-09 12:31:31,Located_Indoors, Holding_Other_Object_Heavy,annotator,Behavioral Parameters,2022-06-09 02:38:56,2022-06-09 02:39:03
2022-06-09 12:31:31,2022-06-09 12:32:07,Located_Indoors, Holding_Other_Object_Heavy,annotator,Behavioral Parameters,2022-06-09 02:39:03,2022-06-09 02:39:39
2022-06-09 12:32:07,2022-06-09 12:32:14,Located_Indoors,annotator,Behavioral Parameters,2022-06-09 02:39:39,2022-06-09 02:39:46
2022-06-09 12:32:14,2022-06-09 12:32:46,Located_Indoors, Holding_Other_Object_Heavy,annotator,Behavioral Parameters,2022-06-09 02:39:46,2022-06-09 02:40:18
2022-06-09 12:32:46,2022-06-09 12:33:44,Located_Indoors,annotator,Behavioral Parameters,2022-06-09 02:40:18,2022-06-09 02:41:16
2022-06-09 12:33:45,2022-06-09 12:33:47,Located_Indoors, Holding_Other_Object_Heavy,annotator,Behavioral Parameters,2022-06-09 02:41:17,2022-06-09 02:41:19
2022-06-09 12:33:49,2022-06-09 12:33:53,Located_Indoors, Holding_Other_Object_Heavy,annotator,Behavioral Parameters,2022-06-09 02:41:21,2022-06-09 02:41:25
2022-06-09 12:33:53,2022-06-09 12:34:31,Located_Indoors, BP_Unlabeled,annotator,Behavioral Parameters,2022-06-09 02:41:25,2022-06-09 02:42:03
2022-06-09 12:34:31,2022-06-09 12:34:35,Located_Indoors,annotator,Behavioral Parameters,2022-06-09 02:42:03,2022-06-09 02:42:07
2022-06-09 12:34:35,2022-06-09 12:35:12,Located_Indoors, BP_Unlabeled,annotator,Behavioral Parameters,2022-06-09 02:42:07,2022-06-09 02:42:44
2022-06-09 12:35:14,2022-06-09 12:35:35,Located_Indoors, Holding_Other_Object_Light,annotator,Behavioral Parameters,2022-06-09 02:42:46,2022-06-09 02:43:07
2022-06-09 12:35:37,2022-06-09 12:35:54,Located_Indoors,annotator,Behavioral Parameters,2022-06-09 02:43:09,2022-06-09 02:43:26
2022-06-09 12:35:54,2022-06-09 12:36:07,Located_Indoors,annotator,Behavioral Parameters,2022-06-09 02:43:26,2022-06-09 02:43:39
2022-06-09 12:36:09,2022-06-09 12:36:22,Located_Indoors,annotator,Behavioral Parameters,2022-06-09 02:43:41,2022-06-09 02:43:54
2022-06-09 12:36:22,2022-06-09 12:36:33,Located_Indoors,annotator,Behavioral Parameters,2022-06-09 02:43:54,2022-06-09 02:44:05
2022-06-09 12:36:34,2022-06-09 12:36:40,Located_Indoors, Holding_Other_Object_Light,annotator,Behavioral Parameters,2022-06-09 02:44:06,2022-06-09 02:44:12
2022-06-09 12:36:41,2022-06-09 12:38:07,Located_Indoors, Texting/Browsing_Phone,annotator,Behavioral Parameters,2022-06-09 02:44:13,2022-06-09 02:45:39
2022-06-09 12:38:08,2022-06-09 12:38:14,Located_Indoors,annotator,Behavioral Parameters,2022-06-09 02:45:40,2022-06-09 02:45:46
2022-06-09 12:38:15,2022-06-09 12:38:52,Located_Indoors,annotator,Behavioral Parameters,2022-06-09 02:45:47,2022-06-09 02:46:24
2022-06-09 12:38:52,2022-06-09 12:38:58,Located_Indoors,annotator,Behavioral Parameters,2022-06-09 02:46:24,2022-06-09 02:46:30
2022-06-09 12:38:58,2022-06-09 12:39:02,Located_Indoors,annotator,Behavioral Parameters,2022-06-09 02:46:30,2022-06-09 02:46:34
2022-06-09 12:39:02,2022-06-09 12:39:09,Located_Indoors,annotator,Behavioral Parameters,2022-06-09 02:46:34,2022-06-09 02:46:41
2022-06-09 12:39:09,2022-06-09 12:39:39,Located_Indoors,annotator,Behavioral Parameters,2022-06-09 02:46:41,2022-06-09 02:47:11
2022-06-09 12:39:39,2022-06-09 12:39:51,Located_Indoors,annotator,Behavioral Parameters,2022-06-09 02:47:11,2022-06-09 02:47:23
2022-06-09 12:39:51,2022-06-09 12:41:09,Located_Indoors,annotator,Behavioral Parameters,2022-06-09 02:47:23,2022-06-09 02:48:41
2022-06-09 12:41:11,2022-06-09 12:41:14,Located_Indoors,annotator,Behavioral Parameters,2022-06-09 02:48:43,2022-06-09 02:48:46
2022-06-09 12:41:14,2022-06-09 12:41:41,Located_Indoors,annotator,Behavioral Parameters,2022-06-09 02:48:46,2022-06-09 02:49:13
2022-06-09 12:41:41,2022-06-09 12:41:47,Located_Indoors,annotator,Behavioral Parameters,2022-06-09 02:49:13,2022-06-09 02:49:19
2022-06-09 12:41:49,2022-06-09 12:42:17,Located_Indoors,annotator,Behavioral Parameters,2022-06-09 02:49:21,2022-06-09 02:49:49
2022-06-09 12:42:17,2022-06-09 12:42:23,Located_Indoors,annotator,Behavioral Parameters,2022-06-09 02:49:49,2022-06-09 02:49:55
2022-06-09 12:42:23,2022-06-09 12:42:45,Located_Indoors, Holding_Other_Object_Light,annotator,Behavioral Parameters,2022-06-09 02:49:55,2022-06-09 02:50:17
2022-06-09 12:42:45,2022-06-09 12:43:03,Located_Indoors, Holding_Other_Object_Light, Holding_Drink,annotator,Behavioral Parameters,2022-06-09 02:50:17,2022-06-09 02:50:35
2022-06-09 12:43:03,2022-06-09 12:43:18,Located_Indoors, Holding_Other_Object_Light,annotator,Behavioral Parameters,2022-06-09 02:50:35,2022-06-09 02:50:50
2022-06-09 12:43:18,2022-06-09 12:43:43,Located_Indoors, Holding_Other_Object_Light,annotator,Behavioral Parameters,2022-06-09 02:50:50,2022-06-09 02:51:15
2022-06-09 12:43:43,2022-06-09 12:43:49,Located_Indoors, Holding_Other_Object_Light,annotator,Behavioral Parameters,2022-06-09 02:51:15,2022-06-09 02:51:21
2022-06-09 12:43:49,2022-06-09 12:47:53,BP_VideoUnavailable/Indecipherable,annotator,Behavioral Parameters,2022-06-09 02:51:21,2022-06-09 02:55:25
2022-06-09 12:47:53,2022-06-09 12:48:09,Located_Indoors, Carrying_Bag_On_Shoulder/Back_Light,annotator,Behavioral Parameters,2022-06-09 02:55:25,2022-06-09 02:55:41
2022-06-09 12:48:09,2022-06-09 12:48:23,Located_Indoors, Carrying_Bag_On_Shoulder/Back_Light,annotator,Behavioral Parameters,2022-06-09 02:55:41,2022-06-09 02:55:55
2022-06-09 12:48:23,2022-06-09 12:48:31,Located_Indoors, Carrying_Bag_On_Shoulder/Back_Light, Holding_Other_Object_Light,annotator,Behavioral Parameters,2022-06-09 02:55:55,2022-06-09 02:56:03
2022-06-09 12:48:31,2022-06-09 12:48:44,Located_Indoors, Carrying_Bag_On_Shoulder/Back_Light, Texting/Browsing_Phone,annotator,Behavioral Parameters,2022-06-09 02:56:03,2022-06-09 02:56:16
2022-06-09 12:48:44,2022-06-09 12:48:51,Located_Indoors, Carrying_Bag_On_Shoulder/Back_Light,annotator,Behavioral Parameters,2022-06-09 02:56:16,2022-06-09 02:56:23
2022-06-09 12:48:51,2022-06-09 12:49:33,Located_Indoors, Carrying_Bag_On_Shoulder/Back_Light,annotator,Behavioral Parameters,2022-06-09 02:56:23,2022-06-09 02:57:05
2022-06-09 12:49:33,2022-06-09 12:49:50,Located_Indoors, Carrying_Bag_On_Shoulder/Back_Light, Texting/Browsing_Phone,annotator,Behavioral Parameters,2022-06-09 02:57:05,2022-06-09 02:57:22
2022-06-09 12:49:50,2022-06-09 12:52:16,Carrying_Bag_On_Shoulder/Back_Light, Texting/Browsing_Phone, Located_Outdoors,annotator,Behavioral Parameters,2022-06-09 02:57:22,2022-06-09 02:59:48
2022-06-09 12:52:16,2022-06-09 12:52:30,Carrying_Bag_On_Shoulder/Back_Light, Texting/Browsing_Phone, Located_Indoors,annotator,Behavioral Parameters,2022-06-09 02:59:48,2022-06-09 03:00:02
2022-06-09 12:52:30,2022-06-09 12:53:23,Carrying_Bag_On_Shoulder/Back_Light, Texting/Browsing_Phone, Located_Indoors,annotator,Behavioral Parameters,2022-06-09 03:00:02,2022-06-09 03:00:55
2022-06-09 12:53:23,2022-06-09 12:53:29,Carrying_Bag_On_Shoulder/Back_Light, Texting/Browsing_Phone, Located_Indoors,annotator,Behavioral Parameters,2022-06-09 03:00:55,2022-06-09 03:01:01
2022-06-09 12:53:29,2022-06-09 12:54:02,Carrying_Bag_On_Shoulder/Back_Light, Texting/Browsing_Phone, Located_Indoors,annotator,Behavioral Parameters,2022-06-09 03:01:01,2022-06-09 03:01:34
2022-06-09 12:54:02,2022-06-09 12:54:22,Carrying_Bag_On_Shoulder/Back_Light, Texting/Browsing_Phone, Located_Indoors,annotator,Behavioral Parameters,2022-06-09 03:01:34,2022-06-09 03:01:54
2022-06-09 12:54:22,2022-06-09 12:54:29,Carrying_Bag_On_Shoulder/Back_Light, Texting/Browsing_Phone, Located_Indoors,annotator,Behavioral Parameters,2022-06-09 03:01:54,2022-06-09 03:02:01
2022-06-09 12:54:29,2022-06-09 12:54:37,Carrying_Bag_On_Shoulder/Back_Light, Texting/Browsing_Phone, Located_Indoors,annotator,Behavioral Parameters,2022-06-09 03:02:01,2022-06-09 03:02:09
2022-06-09 12:54:37,2022-06-09 12:54:47,Carrying_Bag_On_Shoulder/Back_Light, Texting/Browsing_Phone, Located_Indoors, Holding_Other_Object_Light,annotator,Behavioral Parameters,2022-06-09 03:02:09,2022-06-09 03:02:19
2022-06-09 12:54:47,2022-06-09 12:54:55,Carrying_Bag_On_Shoulder/Back_Light, Texting/Browsing_Phone, Located_Indoors,annotator,Behavioral Parameters,2022-06-09 03:02:19,2022-06-09 03:02:27
2022-06-09 12:54:55,2022-06-09 12:54:56,Carrying_Bag_On_Shoulder/Back_Light, Texting/Browsing_Phone, Located_Indoors,annotator,Behavioral Parameters,2022-06-09 03:02:27,2022-06-09 03:02:28
2022-06-09 12:54:56,2022-06-09 12:55:02,Texting/Browsing_Phone, Located_Indoors,annotator,Behavioral Parameters,2022-06-09 03:02:28,2022-06-09 03:02:34
2022-06-09 12:55:02,2022-06-09 12:55:08,Texting/Browsing_Phone, Located_Indoors,annotator,Behavioral Parameters,2022-06-09 03:02:34,2022-06-09 03:02:40
2022-06-09 12:55:09,2022-06-09 12:55:56,Located_Indoors, Holding_Other_Object_Light,annotator,Behavioral Parameters,2022-06-09 03:02:41,2022-06-09 03:03:28
2022-06-09 12:55:56,2022-06-09 12:56:07,Located_Indoors, Holding_Other_Object_Light,annotator,Behavioral Parameters,2022-06-09 03:03:28,2022-06-09 03:03:39
2022-06-09 12:56:07,2022-06-09 12:56:16,Located_Indoors, Holding_Other_Object_Light,annotator,Behavioral Parameters,2022-06-09 03:03:39,2022-06-09 03:03:48
2022-06-09 12:56:16,2022-06-09 12:56:23,Located_Indoors, Holding_Other_Object_Light,annotator,Behavioral Parameters,2022-06-09 03:03:48,2022-06-09 03:03:55
2022-06-09 12:56:23,2022-06-09 12:57:59,Located_Indoors, Holding_Other_Object_Light,annotator,Behavioral Parameters,2022-06-09 03:03:55,2022-06-09 03:05:31
2022-06-09 12:57:59,2022-06-09 12:58:57,Located_Indoors, Holding_Other_Object_Light,annotator,Behavioral Parameters,2022-06-09 03:05:31,2022-06-09 03:06:29
2022-06-09 12:58:57,2022-06-09 12:59:29,Located_Indoors, Holding_Other_Object_Light,annotator,Behavioral Parameters,2022-06-09 03:06:29,2022-06-09 03:07:01
2022-06-09 12:59:29,2022-06-09 12:59:57,Located_Indoors, Holding_Other_Object_Light, Holding_Drink,annotator,Behavioral Parameters,2022-06-09 03:07:01,2022-06-09 03:07:29
2022-06-09 12:59:57,2022-06-09 13:00:05,Located_Indoors, Holding_Other_Object_Light,annotator,Behavioral Parameters,2022-06-09 03:07:29,2022-06-09 03:07:37
2022-06-09 13:00:05,2022-06-09 13:00:12,Located_Indoors, Holding_Other_Object_Light,annotator,Behavioral Parameters,2022-06-09 03:07:37,2022-06-09 03:07:44
2022-06-09 13:00:12,2022-06-09 13:00:17,Located_Indoors, Holding_Other_Object_Light, Holding_Drink,annotator,Behavioral Parameters,2022-06-09 03:07:44,2022-06-09 03:07:49
2022-06-09 13:00:17,2022-06-09 13:00:28,Located_Indoors,annotator,Behavioral Parameters,2022-06-09 03:07:49,2022-06-09 03:08:00
2022-06-09 13:00:28,2022-06-09 13:00:35,Located_Indoors, Holding_Other_Object_Light,annotator,Behavioral Parameters,2022-06-09 03:08:00,2022-06-09 03:08:07
2022-06-09 13:00:35,2022-06-09 13:00:38,Located_Indoors, Holding_Other_Object_Light,annotator,Behavioral Parameters,2022-06-09 03:08:07,2022-06-09 03:08:10
2022-06-09 13:00:38,2022-06-09 13:00:48,Located_Indoors, Holding_Other_Object_Light,annotator,Behavioral Parameters,2022-06-09 03:08:10,2022-06-09 03:08:20
2022-06-09 13:00:48,2022-06-09 13:00:50,Located_Indoors, Holding_Other_Object_Light,annotator,Behavioral Parameters,2022-06-09 03:08:20,2022-06-09 03:08:22
2022-06-09 13:00:50,2022-06-09 13:01:24,Located_Indoors, Holding_Other_Object_Light,annotator,Behavioral Parameters,2022-06-09 03:08:22,2022-06-09 03:08:56
2022-06-09 13:01:24,2022-06-09 13:01:33,Located_Indoors, Holding_Other_Object_Light, Holding_Drink,annotator,Behavioral Parameters,2022-06-09 03:08:56,2022-06-09 03:09:05
2022-06-09 13:01:33,2022-06-09 13:01:42,Located_Indoors, Holding_Other_Object_Light,annotator,Behavioral Parameters,2022-06-09 03:09:05,2022-06-09 03:09:14
2022-06-09 13:01:42,2022-06-09 13:01:48,Located_Indoors, Holding_Other_Object_Light,annotator,Behavioral Parameters,2022-06-09 03:09:14,2022-06-09 03:09:20
2022-06-09 13:01:48,2022-06-09 13:02:07,Located_Indoors, Holding_Other_Object_Light,annotator,Behavioral Parameters,2022-06-09 03:09:20,2022-06-09 03:09:39
2022-06-09 13:02:07,2022-06-09 13:02:47,Located_Indoors, Holding_Drink,annotator,Behavioral Parameters,2022-06-09 03:09:39,2022-06-09 03:10:19
2022-06-09 13:02:47,2022-06-09 13:02:56,Located_Indoors, Holding_Other_Object_Light,annotator,Behavioral Parameters,2022-06-09 03:10:19,2022-06-09 03:10:28
