START_TIME,STOP_TIME,PREDICTION,SOURCE,LABELSET,VIDEO_START_TIME,VIDEO_END_TIME
2022-05-05 19:26:14,2022-05-05 19:34:07,Free_Living,annotator,Experimental situation,2022-05-05 00:00:48,2022-05-05 00:08:41
2022-05-05 19:34:14,2022-05-05 19:37:37,Free_Living,annotator,Experimental situation,2022-05-05 00:08:48,2022-05-05 00:12:11
2022-05-05 19:37:45,2022-05-05 19:52:12,Free_Living,annotator,Experimental situation,2022-05-05 00:12:19,2022-05-05 00:26:46
2022-05-05 19:52:27,2022-05-05 19:55:38,Free_Living,annotator,Experimental situation,2022-05-05 00:27:01,2022-05-05 00:30:12
2022-05-05 19:55:41,2022-05-05 19:56:19,Free_Living,annotator,Experimental situation,2022-05-05 00:30:15,2022-05-05 00:30:53
2022-05-05 19:56:20,2022-05-05 20:03:08,Free_Living,annotator,Experimental situation,2022-05-05 00:30:54,2022-05-05 00:37:42
2022-05-05 20:03:09,2022-05-05 20:03:25,Free_Living,annotator,Experimental situation,2022-05-05 00:37:43,2022-05-05 00:37:59
2022-05-05 20:03:28,2022-05-05 20:04:02,Free_Living,annotator,Experimental situation,2022-05-05 00:38:02,2022-05-05 00:38:36
2022-05-05 20:04:10,2022-05-05 20:17:09,Free_Living,annotator,Experimental situation,2022-05-05 00:38:44,2022-05-05 00:51:43
2022-05-05 20:17:13,2022-05-05 20:18:59,Free_Living,annotator,Experimental situation,2022-05-05 00:51:47,2022-05-05 00:53:33
2022-05-05 20:19:02,2022-05-05 20:19:21,Free_Living,annotator,Experimental situation,2022-05-05 00:53:36,2022-05-05 00:53:55
2022-05-05 20:19:26,2022-05-05 20:22:36,Free_Living,annotator,Experimental situation,2022-05-05 00:54:00,2022-05-05 00:57:10
2022-05-05 20:22:50,2022-05-05 20:23:20,Free_Living,annotator,Experimental situation,2022-05-05 00:57:24,2022-05-05 00:57:54
2022-05-05 20:23:26,2022-05-05 20:24:24,Free_Living,annotator,Experimental situation,2022-05-05 00:58:00,2022-05-05 00:58:58
2022-05-05 20:24:30,2022-05-05 20:30:22,Free_Living,annotator,Experimental situation,2022-05-05 00:59:04,2022-05-05 01:04:56
2022-05-05 20:30:25,2022-05-05 20:46:59,Free_Living,annotator,Experimental situation,2022-05-05 01:04:59,2022-05-05 01:21:33
2022-05-05 20:47:00,2022-05-05 20:49:50,Free_Living,annotator,Experimental situation,2022-05-05 01:21:34,2022-05-05 01:24:24
2022-05-05 20:49:54,2022-05-05 20:52:58,Free_Living,annotator,Experimental situation,2022-05-05 01:24:28,2022-05-05 01:27:32
2022-05-05 20:53:00,2022-05-05 20:54:11,Free_Living,annotator,Experimental situation,2022-05-05 01:27:34,2022-05-05 01:28:45
2022-05-05 20:54:21,2022-05-05 20:56:31,Free_Living,annotator,Experimental situation,2022-05-05 01:28:55,2022-05-05 01:31:05
2022-05-05 20:56:32,2022-05-05 20:59:08,Free_Living,annotator,Experimental situation,2022-05-05 01:31:06,2022-05-05 01:33:42
2022-05-05 20:59:13,2022-05-05 21:02:39,Free_Living,annotator,Experimental situation,2022-05-05 01:33:47,2022-05-05 01:37:13
2022-05-05 21:02:43,2022-05-05 21:03:40,Free_Living,annotator,Experimental situation,2022-05-05 01:37:17,2022-05-05 01:38:14
2022-05-05 21:03:46,2022-05-05 21:10:41,Free_Living,annotator,Experimental situation,2022-05-05 01:38:20,2022-05-05 01:45:15
2022-05-05 21:10:42,2022-05-05 21:18:44,Free_Living,annotator,Experimental situation,2022-05-05 01:45:16,2022-05-05 01:53:18
2022-05-05 21:18:49,2022-05-05 21:19:05,Free_Living,annotator,Experimental situation,2022-05-05 01:53:23,2022-05-05 01:53:39
2022-05-05 21:19:07,2022-05-05 21:25:55,Free_Living,annotator,Experimental situation,2022-05-05 01:53:41,2022-05-05 02:00:29
2022-05-05 21:26:00,2022-05-05 21:29:31,Free_Living,annotator,Experimental situation,2022-05-05 02:00:34,2022-05-05 02:04:05
2022-05-05 21:29:34,2022-05-05 21:30:59,Free_Living,annotator,Experimental situation,2022-05-05 02:04:08,2022-05-05 02:05:33
2022-05-05 21:31:01,2022-05-05 21:31:51,Free_Living,annotator,Experimental situation,2022-05-05 02:05:35,2022-05-05 02:06:25
2022-05-05 21:31:55,2022-05-05 21:32:55,Free_Living,annotator,Experimental situation,2022-05-05 02:06:29,2022-05-05 02:07:29
2022-05-05 21:32:56,2022-05-05 21:41:17,Free_Living,annotator,Experimental situation,2022-05-05 02:07:30,2022-05-05 02:15:51
2022-05-05 21:41:22,2022-05-05 22:17:06,Free_Living,annotator,Experimental situation,2022-05-05 02:15:56,2022-05-05 02:51:40
2022-05-05 22:17:10,2022-05-05 22:19:15,Free_Living,annotator,Experimental situation,2022-05-05 02:51:44,2022-05-05 02:53:49
2022-05-05 22:19:22,2022-05-05 22:22:11,Free_Living,annotator,Experimental situation,2022-05-05 02:53:56,2022-05-05 02:56:45
2022-05-05 22:22:14,2022-05-05 22:39:43,Free_Living,annotator,Experimental situation,2022-05-05 02:56:48,2022-05-05 03:14:17
2022-05-05 22:39:44,2022-05-05 22:51:54,Free_Living,annotator,Experimental situation,2022-05-05 03:14:18,2022-05-05 03:26:28
2022-05-05 22:51:56,2022-05-05 22:52:43,Free_Living,annotator,Experimental situation,2022-05-05 03:26:30,2022-05-05 03:27:17
2022-05-05 22:52:48,2022-05-05 22:55:09,Free_Living,annotator,Experimental situation,2022-05-05 03:27:22,2022-05-05 03:29:43
2022-05-05 22:55:10,2022-05-05 23:01:25,Free_Living,annotator,Experimental situation,2022-05-05 03:29:44,2022-05-05 03:35:59
2022-05-05 23:01:25,2022-05-05 23:04:37,Free_Living,annotator,Experimental situation,2022-05-05 03:35:59,2022-05-05 03:39:11
2022-05-05 23:04:37,2022-05-05 23:06:09,Free_Living,annotator,Experimental situation,2022-05-05 03:39:11,2022-05-05 03:40:43
2022-05-05 23:06:09,2022-05-05 23:07:33,Free_Living,annotator,Experimental situation,2022-05-05 03:40:43,2022-05-05 03:42:07
2022-05-05 23:07:34,2022-05-05 23:10:20,Free_Living,annotator,Experimental situation,2022-05-05 03:42:08,2022-05-05 03:44:54
2022-05-05 23:10:20,2022-05-05 23:13:57,Free_Living,annotator,Experimental situation,2022-05-05 03:44:54,2022-05-05 03:48:31
2022-05-05 23:13:58,2022-05-05 23:16:00,Free_Living,annotator,Experimental situation,2022-05-05 03:48:32,2022-05-05 03:50:34
2022-05-05 23:16:22,2022-05-06 00:42:25,Free_Living,annotator,Experimental situation,2022-05-05 03:50:56,2022-05-05 05:16:59
2022-05-06 00:43:40,2022-05-06 00:44:05,Free_Living,annotator,Experimental situation,2022-05-05 05:18:14,2022-05-05 05:18:39
2022-05-06 00:44:42,2022-05-06 00:49:39,Free_Living,annotator,Experimental situation,2022-05-05 05:19:16,2022-05-05 05:24:13
2022-05-06 00:49:46,2022-05-06 00:51:57,Free_Living,annotator,Experimental situation,2022-05-05 05:24:20,2022-05-05 05:26:31
2022-05-06 00:51:58,2022-05-06 01:11:39,Free_Living,annotator,Experimental situation,2022-05-05 05:26:32,2022-05-05 05:46:13
2022-05-06 01:11:39,2022-05-06 01:26:28,Free_Living,annotator,Experimental situation,2022-05-05 05:46:13,2022-05-05 06:01:02
2022-05-06 01:26:30,2022-05-06 01:30:24,Free_Living,annotator,Experimental situation,2022-05-05 06:01:04,2022-05-05 06:04:58
2022-05-06 01:30:24,2022-05-06 01:35:00,Free_Living,annotator,Experimental situation,2022-05-05 06:04:58,2022-05-05 06:09:34
2022-05-06 01:35:04,2022-05-06 01:38:46,Free_Living,annotator,Experimental situation,2022-05-05 06:09:38,2022-05-05 06:13:20
2022-05-06 01:38:57,2022-05-06 02:03:55,Free_Living,annotator,Experimental situation,2022-05-05 06:13:31,2022-05-05 06:38:29
2022-05-06 02:03:55,2022-05-06 02:15:56,Free_Living,annotator,Experimental situation,2022-05-05 06:38:29,2022-05-05 06:50:30
