{
    "annotations": [
        {
            "id": "590785be-9d7c-48c6-b50d-8b155c9a1e95",
            "range": {
                "start": 48,
                "end": 521
            },
            "shape": {
                "x1": null,
                "x2": null,
                "y1": null,
                "y2": null
            },
            "comments": [
                {
                    "id": "ba0b022b-64ce-27da-f5ad-dc5171528a03",
                    "meta": {
                        "datetime": "2022-07-13T19:33:35.115Z",
                        "user_id": 2,
                        "user_name": "Harish"
                    },
                    "body": "[{\"category\":\"POSTURE\",\"selectedValue\":\"In_Position_Sitting\"},{\"category\":\"HIGH LEVEL BEHAVIOR\",\"selectedValue\":[\"Using_Computer/Screen\"]},{\"category\":\"PA TYPE\",\"selectedValue\":\"Sitting_With_Movement\"},{\"category\":\"Behavioral Parameters\",\"selectedValue\":[\"Located_Indoors\"]},{\"category\":\"Experimental situation\",\"selectedValue\":\"Free_Living\"}]"
                }
            ]
        },
        {
            "id": "cb11528c-a817-41a1-b99c-c9c9f3efa150",
            "range": {
                "start": 528,
                "end": 731
            },
            "shape": {
                "x1": null,
                "x2": null,
                "y1": null,
                "y2": null
            },
            "comments": [
                {
                    "id": "acb24d1a-64b9-abed-4dfa-e2ed638bacaa",
                    "meta": {
                        "datetime": "2022-07-13T19:35:59.093Z",
                        "user_id": 2,
                        "user_name": "Harish"
                    },
                    "body": "[{\"category\":\"POSTURE\",\"selectedValue\":\"In_Position_Upright\"},{\"category\":\"HIGH LEVEL BEHAVIOR\",\"selectedValue\":[\"Working_Other\"]},{\"category\":\"PA TYPE\",\"selectedValue\":\"Standing_With_Movement\"},{\"category\":\"Behavioral Parameters\",\"selectedValue\":[\"Located_Indoors\"]},{\"category\":\"Experimental situation\",\"selectedValue\":\"Free_Living\"}]"
                }
            ]
        },
        {
            "id": "21d686c0-5f21-47fb-af23-8460262c81d4",
            "range": {
                "start": 739,
                "end": 1606
            },
            "shape": {
                "x1": null,
                "x2": null,
                "y1": null,
                "y2": null
            },
            "comments": [
                {
                    "id": "cc492097-74c3-78e7-3e4a-e7acee4609d7",
                    "meta": {
                        "datetime": "2022-07-13T19:39:19.469Z",
                        "user_id": 2,
                        "user_name": "Harish"
                    },
                    "body": "[{\"category\":\"POSTURE\",\"selectedValue\":\"In_Position_Sitting\"},{\"category\":\"HIGH LEVEL BEHAVIOR\",\"selectedValue\":[\"Using_Computer/Screen\"]},{\"category\":\"PA TYPE\",\"selectedValue\":\"Sitting_With_Movement\"},{\"category\":\"Behavioral Parameters\",\"selectedValue\":[\"Located_Indoors\"]},{\"category\":\"Experimental situation\",\"selectedValue\":\"Free_Living\"}]"
                }
            ]
        },
        {
            "id": "ea1b4dd5-ece8-4eaf-a284-c8a07b763ab4",
            "range": {
                "start": 1621,
                "end": 1812
            },
            "shape": {
                "x1": null,
                "x2": null,
                "y1": null,
                "y2": null
            },
            "comments": [
                {
                    "id": "2438d77b-4e0c-04fd-1e16-7a4ca8406565",
                    "meta": {
                        "datetime": "2022-07-13T19:44:19.128Z",
                        "user_id": 2,
                        "user_name": "Harish"
                    },
                    "body": "[{\"category\":\"POSTURE\",\"selectedValue\":\"In_Position_Upright\"},{\"category\":\"HIGH LEVEL BEHAVIOR\",\"selectedValue\":[\"Working_Other\"]},{\"category\":\"PA TYPE\",\"selectedValue\":\"Standing_With_Movement\"},{\"category\":\"Behavioral Parameters\",\"selectedValue\":[\"Located_Indoors\"]},{\"category\":\"Experimental situation\",\"selectedValue\":\"Free_Living\"}]"
                }
            ]
        },
        {
            "id": "59a3a9bf-5ac0-4f2c-ae1f-18e9b83ad5bd",
            "range": {
                "start": 1815,
                "end": 1853
            },
            "shape": {
                "x1": null,
                "x2": null,
                "y1": null,
                "y2": null
            },
            "comments": [
                {
                    "id": "b93b5b88-d4e6-46af-a40c-43943d8f64cf",
                    "meta": {
                        "datetime": "2022-07-13T19:50:05.243Z",
                        "user_id": 2,
                        "user_name": "Harish"
                    },
                    "body": "[{\"category\":\"POSTURE\",\"selectedValue\":\"In_Position_Upright\"},{\"category\":\"HIGH LEVEL BEHAVIOR\",\"selectedValue\":[\"Working_Other\"]},{\"category\":\"PA TYPE\",\"selectedValue\":\"Walking_Slow\"},{\"category\":\"Behavioral Parameters\",\"selectedValue\":[\"Located_Indoors\"]},{\"category\":\"Experimental situation\",\"selectedValue\":\"Free_Living\"}]"
                }
            ]
        },
        {
            "id": "bc82512e-0f51-4ceb-a9b6-ad95969b6239",
            "range": {
                "start": 1854,
                "end": 2262
            },
            "shape": {
                "x1": null,
                "x2": null,
                "y1": null,
                "y2": null
            },
            "comments": [
                {
                    "id": "b604d810-4f34-21a9-6b53-d27fed381ff4",
                    "meta": {
                        "datetime": "2022-07-13T19:57:29.694Z",
                        "user_id": 2,
                        "user_name": "Harish"
                    },
                    "body": "[{\"category\":\"POSTURE\",\"selectedValue\":\"In_Position_Upright\"},{\"category\":\"HIGH LEVEL BEHAVIOR\",\"selectedValue\":[\"Cooking/Prepping_Food\"]},{\"category\":\"PA TYPE\",\"selectedValue\":\"Standing_With_Movement\"},{\"category\":\"Behavioral Parameters\",\"selectedValue\":[\"Located_Indoors\"]},{\"category\":\"Experimental situation\",\"selectedValue\":\"Free_Living\"}]"
                }
            ]
        },
        {
            "id": "c85997fa-d4c7-4c75-be8e-facbb5e83b45",
            "range": {
                "start": 2263,
                "end": 2279
            },
            "shape": {
                "x1": null,
                "x2": null,
                "y1": null,
                "y2": null
            },
            "comments": [
                {
                    "id": "e2d9fb94-df3b-ea6a-f1c7-9cd884452581",
                    "meta": {
                        "datetime": "2022-07-13T20:13:23.835Z",
                        "user_id": 2,
                        "user_name": "Harish"
                    },
                    "body": "[{\"category\":\"POSTURE\",\"selectedValue\":\"In_Position_Upright\"},{\"category\":\"HIGH LEVEL BEHAVIOR\",\"selectedValue\":[\"In_Transit_Active\"]},{\"category\":\"PA TYPE\",\"selectedValue\":\"Walking_Slow\"},{\"category\":\"Behavioral Parameters\",\"selectedValue\":[\"Located_Indoors\"]},{\"category\":\"Experimental situation\",\"selectedValue\":\"Free_Living\"}]"
                }
            ]
        },
        {
            "id": "9c2d4949-e244-4075-a058-fb3a330f6b29",
            "range": {
                "start": 2282,
                "end": 2316
            },
            "shape": {
                "x1": null,
                "x2": null,
                "y1": null,
                "y2": null
            },
            "comments": [
                {
                    "id": "f83d3f5f-11da-423f-16f3-e5779b578063",
                    "meta": {
                        "datetime": "2022-07-13T20:12:55.025Z",
                        "user_id": 2,
                        "user_name": "Harish"
                    },
                    "body": "[{\"category\":\"POSTURE\",\"selectedValue\":\"In_Position_Sitting\"},{\"category\":\"HIGH LEVEL BEHAVIOR\",\"selectedValue\":[\"Using_Computer/Screen\"]},{\"category\":\"PA TYPE\",\"selectedValue\":\"Sitting_With_Movement\"},{\"category\":\"Behavioral Parameters\",\"selectedValue\":[\"Located_Indoors\"]},{\"category\":\"Experimental situation\",\"selectedValue\":\"Free_Living\"}]"
                }
            ]
        },
        {
            "id": "a9b38b5c-6205-4d93-b9bf-1fc9d3ee9999",
            "range": {
                "start": 2324,
                "end": 3103
            },
            "shape": {
                "x1": null,
                "x2": null,
                "y1": null,
                "y2": null
            },
            "comments": [
                {
                    "id": "1306d688-c89a-c845-5190-fe9d32e4520e",
                    "meta": {
                        "datetime": "2022-07-13T20:17:02.902Z",
                        "user_id": 2,
                        "user_name": "Harish"
                    },
                    "body": "[{\"category\":\"POSTURE\",\"selectedValue\":\"In_Position_Upright\"},{\"category\":\"HIGH LEVEL BEHAVIOR\",\"selectedValue\":[\"Cooking/Prepping_Food\"]},{\"category\":\"PA TYPE\",\"selectedValue\":\"Walking_Slow\"},{\"category\":\"Behavioral Parameters\",\"selectedValue\":[\"Located_Indoors\"]},{\"category\":\"Experimental situation\",\"selectedValue\":\"Free_Living\"}]"
                }
            ]
        },
        {
            "id": "9a1a5e85-bde6-4e97-a701-285f03bc5cc9",
            "range": {
                "start": 3107,
                "end": 3213
            },
            "shape": {
                "x1": null,
                "x2": null,
                "y1": null,
                "y2": null
            },
            "comments": [
                {
                    "id": "41dd71bd-8428-cfdc-560b-247b410d078b",
                    "meta": {
                        "datetime": "2022-07-13T20:21:10.186Z",
                        "user_id": 2,
                        "user_name": "Harish"
                    },
                    "body": "[{\"category\":\"POSTURE\",\"selectedValue\":\"In_Position_Sitting\"},{\"category\":\"HIGH LEVEL BEHAVIOR\",\"selectedValue\":[\"Using_Computer/Screen\"]},{\"category\":\"PA TYPE\",\"selectedValue\":\"Sitting_With_Movement\"},{\"category\":\"Behavioral Parameters\",\"selectedValue\":[\"Located_Indoors\"]},{\"category\":\"Experimental situation\",\"selectedValue\":\"Free_Living\"}]"
                }
            ]
        },
        {
            "id": "b6d28a4b-5dab-45e2-96c2-1c17a2d1629d",
            "range": {
                "start": 3216,
                "end": 3235
            },
            "shape": {
                "x1": null,
                "x2": null,
                "y1": null,
                "y2": null
            },
            "comments": [
                {
                    "id": "d246d39d-5ec5-f6d9-fbf7-1a0e56a7f23d",
                    "meta": {
                        "datetime": "2022-07-22T13:11:18.240Z",
                        "user_id": 2,
                        "user_name": "Harish"
                    },
                    "body": "[{\"category\":\"POSTURE\",\"selectedValue\":\"In_Position_Upright\"},{\"category\":\"HIGH LEVEL BEHAVIOR\",\"selectedValue\":[\"In_Transit_Active\"]},{\"category\":\"PA TYPE\",\"selectedValue\":\"Walking\"},{\"category\":\"Behavioral Parameters\",\"selectedValue\":[\"Located_Indoors\"]},{\"category\":\"Experimental situation\",\"selectedValue\":\"Free_Living\"}]"
                }
            ]
        },
        {
            "id": "812c71c8-53d3-4ca3-889b-8de2e0386047",
            "range": {
                "start": 3240,
                "end": 3430
            },
            "shape": {
                "x1": null,
                "x2": null,
                "y1": null,
                "y2": null
            },
            "comments": [
                {
                    "id": "a893e76c-9690-fb98-d100-c5254272ad15",
                    "meta": {
                        "datetime": "2022-07-22T13:11:44.546Z",
                        "user_id": 2,
                        "user_name": "Harish"
                    },
                    "body": "[{\"category\":\"POSTURE\",\"selectedValue\":\"Posture_Indecipherable/Video_Insufficient\"},{\"category\":\"HIGH LEVEL BEHAVIOR\",\"selectedValue\":[\"HLB_Indecipherable/Video_Insufficient\"]},{\"category\":\"PA TYPE\",\"selectedValue\":\"PA_Type_VideoUnavailable/Indecipherable\"},{\"category\":\"Behavioral Parameters\",\"selectedValue\":[\"BP_VideoUnavailable/Indecipherable\"]},{\"category\":\"Experimental situation\",\"selectedValue\":\"Free_Living\"}]"
                }
            ]
        },
        {
            "id": "5fe5c563-f317-4341-8f98-4b623e042adf",
            "range": {
                "start": 3444,
                "end": 3474
            },
            "shape": {
                "x1": null,
                "x2": null,
                "y1": null,
                "y2": null
            },
            "comments": [
                {
                    "id": "20a686c3-2764-c4e6-b8f8-00d12cb97b73",
                    "meta": {
                        "datetime": "2022-07-22T13:12:20.307Z",
                        "user_id": 2,
                        "user_name": "Harish"
                    },
                    "body": "[{\"category\":\"POSTURE\",\"selectedValue\":\"In_Position_Upright\"},{\"category\":\"HIGH LEVEL BEHAVIOR\",\"selectedValue\":[\"HLB_Other\"]},{\"category\":\"PA TYPE\",\"selectedValue\":\"Washing_Hands\"},{\"category\":\"Behavioral Parameters\",\"selectedValue\":[\"Located_Indoors\"]},{\"category\":\"Experimental situation\",\"selectedValue\":\"Free_Living\"}]"
                }
            ]
        },
        {
            "id": "3e4ce91d-766b-4ac9-8086-acd8288fca90",
            "range": {
                "start": 3480,
                "end": 3538
            },
            "shape": {
                "x1": null,
                "x2": null,
                "y1": null,
                "y2": null
            },
            "comments": [
                {
                    "id": "337999d1-a205-9816-780d-affb75cca372",
                    "meta": {
                        "datetime": "2022-07-22T13:14:39.323Z",
                        "user_id": 2,
                        "user_name": "Harish"
                    },
                    "body": "[{\"category\":\"POSTURE\",\"selectedValue\":\"In_Position_Upright\"},{\"category\":\"HIGH LEVEL BEHAVIOR\",\"selectedValue\":[\"In_Transit_Active\"]},{\"category\":\"PA TYPE\",\"selectedValue\":\"Walking\"},{\"category\":\"Behavioral Parameters\",\"selectedValue\":[\"Located_Indoors\"]},{\"category\":\"Experimental situation\",\"selectedValue\":\"Free_Living\"}]"
                }
            ]
        },
        {
            "id": "36a4828d-4ea7-4b15-941c-7a28d9332e5d",
            "range": {
                "start": 3544,
                "end": 3896
            },
            "shape": {
                "x1": null,
                "x2": null,
                "y1": null,
                "y2": null
            },
            "comments": [
                {
                    "id": "b295871b-8bcd-7259-3121-c93240b058be",
                    "meta": {
                        "datetime": "2022-07-22T13:15:02.021Z",
                        "user_id": 2,
                        "user_name": "Harish"
                    },
                    "body": "[{\"category\":\"POSTURE\",\"selectedValue\":\"In_Position_Sitting\"},{\"category\":\"HIGH LEVEL BEHAVIOR\",\"selectedValue\":[\"Using_Computer/Screen\"]},{\"category\":\"PA TYPE\",\"selectedValue\":\"Sitting_With_Movement\"},{\"category\":\"Behavioral Parameters\",\"selectedValue\":[\"Located_Indoors\"]},{\"category\":\"Experimental situation\",\"selectedValue\":\"Free_Living\"}]"
                }
            ]
        },
        {
            "id": "3a2dbb61-f79e-4836-8581-84c0335a014c",
            "range": {
                "start": 3899,
                "end": 4893
            },
            "shape": {
                "x1": null,
                "x2": null,
                "y1": null,
                "y2": null
            },
            "comments": [
                {
                    "id": "0af84e7e-e8e2-3959-ff89-39c2cafce6a4",
                    "meta": {
                        "datetime": "2022-07-22T13:16:01.004Z",
                        "user_id": 2,
                        "user_name": "Harish"
                    },
                    "body": "[{\"category\":\"POSTURE\",\"selectedValue\":\"In_Position_Upright\"},{\"category\":\"HIGH LEVEL BEHAVIOR\",\"selectedValue\":[\"In_Transit_Active\",\"Working_Other\"]},{\"category\":\"PA TYPE\",\"selectedValue\":\"Puttering_Around\"},{\"category\":\"Behavioral Parameters\",\"selectedValue\":[\"Located_Indoors\"]},{\"category\":\"Experimental situation\",\"selectedValue\":\"Free_Living\"}]"
                }
            ]
        },
        {
            "id": "e2ff6169-a287-4849-9e8a-0fd6158142c8",
            "range": {
                "start": 4894,
                "end": 5064
            },
            "shape": {
                "x1": null,
                "x2": null,
                "y1": null,
                "y2": null
            },
            "comments": [
                {
                    "id": "12e6e162-0d36-b8b4-c36b-e1972c0518f4",
                    "meta": {
                        "datetime": "2022-07-22T13:42:29.269Z",
                        "user_id": 2,
                        "user_name": "Harish"
                    },
                    "body": "[{\"category\":\"POSTURE\",\"selectedValue\":\"In_Position_Sitting\"},{\"category\":\"HIGH LEVEL BEHAVIOR\",\"selectedValue\":[\"Using_Computer/Screen\"]},{\"category\":\"PA TYPE\",\"selectedValue\":\"Sitting_With_Movement\"},{\"category\":\"Behavioral Parameters\",\"selectedValue\":[\"Located_Indoors\",\"Texting/Browsing_Phone\"]},{\"category\":\"Experimental situation\",\"selectedValue\":\"Free_Living\"}]"
                }
            ]
        },
        {
            "id": "753a085d-9540-4169-8580-cbeb2510c4e4",
            "range": {
                "start": 5068,
                "end": 5252
            },
            "shape": {
                "x1": null,
                "x2": null,
                "y1": null,
                "y2": null
            },
            "comments": [
                {
                    "id": "f300813c-5cde-3608-f3e1-5f9aaf6665e4",
                    "meta": {
                        "datetime": "2022-07-22T13:42:53.316Z",
                        "user_id": 2,
                        "user_name": "Harish"
                    },
                    "body": "[{\"category\":\"POSTURE\",\"selectedValue\":\"In_Position_Upright\"},{\"category\":\"HIGH LEVEL BEHAVIOR\",\"selectedValue\":[\"Working_Other\"]},{\"category\":\"PA TYPE\",\"selectedValue\":\"Puttering_Around\"},{\"category\":\"Behavioral Parameters\",\"selectedValue\":[\"Located_Indoors\"]},{\"category\":\"Experimental situation\",\"selectedValue\":\"Free_Living\"}]"
                }
            ]
        },
        {
            "id": "ba50360a-3772-48d3-981a-afe64c37b319",
            "range": {
                "start": 5254,
                "end": 5325
            },
            "shape": {
                "x1": null,
                "x2": null,
                "y1": null,
                "y2": null
            },
            "comments": [
                {
                    "id": "9601ccc4-7bb2-35ef-e423-16ab4c0a7e0d",
                    "meta": {
                        "datetime": "2022-07-22T13:43:10.097Z",
                        "user_id": 2,
                        "user_name": "Harish"
                    },
                    "body": "[{\"category\":\"POSTURE\",\"selectedValue\":\"In_Position_Sitting\"},{\"category\":\"HIGH LEVEL BEHAVIOR\",\"selectedValue\":[\"Using_Computer/Screen\"]},{\"category\":\"PA TYPE\",\"selectedValue\":\"Sitting_With_Movement\"},{\"category\":\"Behavioral Parameters\",\"selectedValue\":[\"Located_Indoors\"]},{\"category\":\"Experimental situation\",\"selectedValue\":\"Free_Living\"}]"
                }
            ]
        },
        {
            "id": "8e228493-e7ee-4422-bcae-2afa690ed387",
            "range": {
                "start": 5335,
                "end": 5465
            },
            "shape": {
                "x1": null,
                "x2": null,
                "y1": null,
                "y2": null
            },
            "comments": [
                {
                    "id": "7928171d-2017-9262-7e6a-f50489d05c38",
                    "meta": {
                        "datetime": "2022-07-22T13:43:44.326Z",
                        "user_id": 2,
                        "user_name": "Harish"
                    },
                    "body": "[{\"category\":\"POSTURE\",\"selectedValue\":\"In_Position_Upright\"},{\"category\":\"HIGH LEVEL BEHAVIOR\",\"selectedValue\":[\"In_Transit_Active\",\"Working_Other\"]},{\"category\":\"PA TYPE\",\"selectedValue\":\"Walking\"},{\"category\":\"Behavioral Parameters\",\"selectedValue\":[\"Located_Indoors\"]},{\"category\":\"Experimental situation\",\"selectedValue\":\"Free_Living\"}]"
                }
            ]
        },
        {
            "id": "a8076dc2-2a31-4647-b75d-45acd9f3e938",
            "range": {
                "start": 5466,
                "end": 5622
            },
            "shape": {
                "x1": null,
                "x2": null,
                "y1": null,
                "y2": null
            },
            "comments": [
                {
                    "id": "ace37ae6-d650-ca53-ba64-ba1e591d2f96",
                    "meta": {
                        "datetime": "2022-07-22T13:44:10.026Z",
                        "user_id": 2,
                        "user_name": "Harish"
                    },
                    "body": "[{\"category\":\"POSTURE\",\"selectedValue\":\"In_Position_Sitting\"},{\"category\":\"HIGH LEVEL BEHAVIOR\",\"selectedValue\":[\"Using_Computer/Screen\"]},{\"category\":\"PA TYPE\",\"selectedValue\":\"Sitting_With_Movement\"},{\"category\":\"Behavioral Parameters\",\"selectedValue\":[\"Located_Indoors\"]},{\"category\":\"Experimental situation\",\"selectedValue\":\"Free_Living\"}]"
                }
            ]
        },
        {
            "id": "5f00d42c-ca64-404b-a920-cf6dd944643d",
            "range": {
                "start": 5627,
                "end": 5833
            },
            "shape": {
                "x1": null,
                "x2": null,
                "y1": null,
                "y2": null
            },
            "comments": [
                {
                    "id": "052bf361-abbb-f556-6f9f-7a039673f424",
                    "meta": {
                        "datetime": "2022-07-22T13:44:43.784Z",
                        "user_id": 2,
                        "user_name": "Harish"
                    },
                    "body": "[{\"category\":\"POSTURE\",\"selectedValue\":\"Posture_Indecipherable/Video_Insufficient\"},{\"category\":\"HIGH LEVEL BEHAVIOR\",\"selectedValue\":[\"HLB_Indecipherable/Video_Insufficient\"]},{\"category\":\"PA TYPE\",\"selectedValue\":\"PA_Type_VideoUnavailable/Indecipherable\"},{\"category\":\"Behavioral Parameters\",\"selectedValue\":[\"BP_VideoUnavailable/Indecipherable\"]},{\"category\":\"Experimental situation\",\"selectedValue\":\"Free_Living\"}]"
                }
            ]
        },
        {
            "id": "4371c5c4-cecd-42ab-a1da-e732befb3498",
            "range": {
                "start": 5837,
                "end": 5894
            },
            "shape": {
                "x1": null,
                "x2": null,
                "y1": null,
                "y2": null
            },
            "comments": [
                {
                    "id": "34d4cf4a-66a1-b48b-521b-51c636d2c4e4",
                    "meta": {
                        "datetime": "2022-07-22T13:45:09.360Z",
                        "user_id": 2,
                        "user_name": "Harish"
                    },
                    "body": "[{\"category\":\"POSTURE\",\"selectedValue\":\"In_Position_Upright\"},{\"category\":\"HIGH LEVEL BEHAVIOR\",\"selectedValue\":[\"HLB_Other\"]},{\"category\":\"PA TYPE\",\"selectedValue\":\"Washing_Hands\"},{\"category\":\"Behavioral Parameters\",\"selectedValue\":[\"Located_Indoors\"]},{\"category\":\"Experimental situation\",\"selectedValue\":\"Free_Living\"}]"
                }
            ]
        },
        {
            "id": "ce8b30cd-f70d-4f94-80de-69d632024b40",
            "range": {
                "start": 5900,
                "end": 6315
            },
            "shape": {
                "x1": null,
                "x2": null,
                "y1": null,
                "y2": null
            },
            "comments": [
                {
                    "id": "8513c015-af74-44c5-d579-15ca78b7e352",
                    "meta": {
                        "datetime": "2022-07-22T13:52:21.344Z",
                        "user_id": 2,
                        "user_name": "Harish"
                    },
                    "body": "[{\"category\":\"POSTURE\",\"selectedValue\":\"In_Position_Sitting\"},{\"category\":\"HIGH LEVEL BEHAVIOR\",\"selectedValue\":[\"Using_Computer/Screen\"]},{\"category\":\"PA TYPE\",\"selectedValue\":\"Sitting_With_Movement\"},{\"category\":\"Behavioral Parameters\",\"selectedValue\":[\"Located_Indoors\"]},{\"category\":\"Experimental situation\",\"selectedValue\":\"Free_Living\"}]"
                }
            ]
        },
        {
            "id": "7324380e-276c-43b8-b076-1982ce5cb111",
            "range": {
                "start": 6316,
                "end": 6798
            },
            "shape": {
                "x1": null,
                "x2": null,
                "y1": null,
                "y2": null
            },
            "comments": [
                {
                    "id": "86465222-8710-08e3-acda-004edc555ee6",
                    "meta": {
                        "datetime": "2022-07-22T13:52:56.734Z",
                        "user_id": 2,
                        "user_name": "Harish"
                    },
                    "body": "[{\"category\":\"POSTURE\",\"selectedValue\":\"In_Position_Upright\"},{\"category\":\"HIGH LEVEL BEHAVIOR\",\"selectedValue\":[\"In_Transit_Active\",\"Working_Other\"]},{\"category\":\"PA TYPE\",\"selectedValue\":\"Walking\"},{\"category\":\"Behavioral Parameters\",\"selectedValue\":[\"Located_Indoors\"]},{\"category\":\"Experimental situation\",\"selectedValue\":\"Free_Living\"}]"
                }
            ]
        },
        {
            "id": "4fcc51a9-f791-4eba-b54d-7a4bf16ecc78",
            "range": {
                "start": 6803,
                "end": 6819
            },
            "shape": {
                "x1": null,
                "x2": null,
                "y1": null,
                "y2": null
            },
            "comments": [
                {
                    "id": "95a9450d-cfe0-6239-6837-78eadf4cfa41",
                    "meta": {
                        "datetime": "2022-07-22T13:53:26.525Z",
                        "user_id": 2,
                        "user_name": "Harish"
                    },
                    "body": "[{\"category\":\"POSTURE\",\"selectedValue\":\"In_Position_Sitting\"},{\"category\":\"HIGH LEVEL BEHAVIOR\",\"selectedValue\":[\"HLB_Unlabeled\"]},{\"category\":\"PA TYPE\",\"selectedValue\":\"Sitting_With_Movement\"},{\"category\":\"Behavioral Parameters\",\"selectedValue\":[\"Located_Indoors\",\"Texting/Browsing_Phone\"]},{\"category\":\"Experimental situation\",\"selectedValue\":\"Free_Living\"}]"
                }
            ]
        },
        {
            "id": "7adb5090-0ab1-4570-bfe5-600cae606879",
            "range": {
                "start": 6821,
                "end": 7229
            },
            "shape": {
                "x1": null,
                "x2": null,
                "y1": null,
                "y2": null
            },
            "comments": [
                {
                    "id": "a469ee36-14c4-45ea-9d0c-1d1b6c5ad0a1",
                    "meta": {
                        "datetime": "2022-07-22T13:53:57.204Z",
                        "user_id": 2,
                        "user_name": "Harish"
                    },
                    "body": "[{\"category\":\"POSTURE\",\"selectedValue\":\"In_Position_Upright\"},{\"category\":\"HIGH LEVEL BEHAVIOR\",\"selectedValue\":[\"Working_Other\",\"In_Transit_Active\"]},{\"category\":\"PA TYPE\",\"selectedValue\":\"Walking\"},{\"category\":\"Behavioral Parameters\",\"selectedValue\":[\"Located_Indoors\"]},{\"category\":\"Experimental situation\",\"selectedValue\":\"Free_Living\"}]"
                }
            ]
        },
        {
            "id": "db762df4-cd37-455e-90b3-ddf325434391",
            "range": {
                "start": 7234,
                "end": 7445
            },
            "shape": {
                "x1": null,
                "x2": null,
                "y1": null,
                "y2": null
            },
            "comments": [
                {
                    "id": "ae9da89e-2ffb-1c47-4fdc-d756e961af25",
                    "meta": {
                        "datetime": "2022-07-22T13:54:19.932Z",
                        "user_id": 2,
                        "user_name": "Harish"
                    },
                    "body": "[{\"category\":\"POSTURE\",\"selectedValue\":\"In_Position_Upright\"},{\"category\":\"HIGH LEVEL BEHAVIOR\",\"selectedValue\":[\"Eating/Dining\"]},{\"category\":\"PA TYPE\",\"selectedValue\":\"Standing_With_Movement\"},{\"category\":\"Behavioral Parameters\",\"selectedValue\":[\"Located_Indoors\"]},{\"category\":\"Experimental situation\",\"selectedValue\":\"Free_Living\"}]"
                }
            ]
        },
        {
            "id": "900aafaa-c41a-4dbe-995b-4499d85b767d",
            "range": {
                "start": 7448,
                "end": 7533
            },
            "shape": {
                "x1": null,
                "x2": null,
                "y1": null,
                "y2": null
            },
            "comments": [
                {
                    "id": "2640418e-5a1b-5497-dcd7-d995dbf41128",
                    "meta": {
                        "datetime": "2022-07-22T13:56:02.412Z",
                        "user_id": 2,
                        "user_name": "Harish"
                    },
                    "body": "[{\"category\":\"POSTURE\",\"selectedValue\":\"In_Position_Upright\"},{\"category\":\"HIGH LEVEL BEHAVIOR\",\"selectedValue\":[\"HLB_Unlabeled\"]},{\"category\":\"PA TYPE\",\"selectedValue\":\"Standing_With_Movement\"},{\"category\":\"Behavioral Parameters\",\"selectedValue\":[\"Located_Indoors\",\"Texting/Browsing_Phone\"]},{\"category\":\"Experimental situation\",\"selectedValue\":\"Free_Living\"}]"
                }
            ]
        },
        {
            "id": "95606630-0f28-4dce-8e2a-678cbe261310",
            "range": {
                "start": 7535,
                "end": 7585
            },
            "shape": {
                "x1": null,
                "x2": null,
                "y1": null,
                "y2": null
            },
            "comments": [
                {
                    "id": "62036132-08b0-561e-91bc-ab479f74679e",
                    "meta": {
                        "datetime": "2022-07-22T14:00:45.216Z",
                        "user_id": 2,
                        "user_name": "Harish"
                    },
                    "body": "[{\"category\":\"POSTURE\",\"selectedValue\":\"In_Position_Sitting\"},{\"category\":\"HIGH LEVEL BEHAVIOR\",\"selectedValue\":[\"Using_Computer/Screen\"]},{\"category\":\"PA TYPE\",\"selectedValue\":\"Sitting_With_Movement\"},{\"category\":\"Behavioral Parameters\",\"selectedValue\":[\"Located_Indoors\"]},{\"category\":\"Experimental situation\",\"selectedValue\":\"Free_Living\"}]"
                }
            ]
        },
        {
            "id": "e3a41df1-a859-4bfd-8307-c3a8102ec376",
            "range": {
                "start": 7589,
                "end": 7649
            },
            "shape": {
                "x1": null,
                "x2": null,
                "y1": null,
                "y2": null
            },
            "comments": [
                {
                    "id": "0ad0b643-1862-f76b-590c-0d25d14834bc",
                    "meta": {
                        "datetime": "2022-07-22T14:02:04.448Z",
                        "user_id": 2,
                        "user_name": "Harish"
                    },
                    "body": "[{\"category\":\"POSTURE\",\"selectedValue\":\"In_Position_Upright\"},{\"category\":\"HIGH LEVEL BEHAVIOR\",\"selectedValue\":[\"Working_Other\"]},{\"category\":\"PA TYPE\",\"selectedValue\":\"Walking\"},{\"category\":\"Behavioral Parameters\",\"selectedValue\":[\"Located_Indoors\"]},{\"category\":\"Experimental situation\",\"selectedValue\":\"Free_Living\"}]"
                }
            ]
        },
        {
            "id": "b20406bd-245b-4894-ba03-062c1a33b53b",
            "range": {
                "start": 7650,
                "end": 8151
            },
            "shape": {
                "x1": null,
                "x2": null,
                "y1": null,
                "y2": null
            },
            "comments": [
                {
                    "id": "4aeb8dbc-b182-214a-7aae-f5b065a6cf0b",
                    "meta": {
                        "datetime": "2022-07-22T14:04:39.531Z",
                        "user_id": 2,
                        "user_name": "Harish"
                    },
                    "body": "[{\"category\":\"POSTURE\",\"selectedValue\":\"In_Position_Upright\"},{\"category\":\"HIGH LEVEL BEHAVIOR\",\"selectedValue\":[\"HLB_Unlabeled\"]},{\"category\":\"PA TYPE\",\"selectedValue\":\"Standing_With_Movement\"},{\"category\":\"Behavioral Parameters\",\"selectedValue\":[\"Located_Indoors\",\"Texting/Browsing_Phone\"]},{\"category\":\"Experimental situation\",\"selectedValue\":\"Free_Living\"}]"
                }
            ]
        },
        {
            "id": "b9b8e46e-5ab6-4972-b283-544368c310c6",
            "range": {
                "start": 8156,
                "end": 10300
            },
            "shape": {
                "x1": null,
                "x2": null,
                "y1": null,
                "y2": null
            },
            "comments": [
                {
                    "id": "9a4e7a34-7631-6cfa-6b1d-d56750e5f009",
                    "meta": {
                        "datetime": "2022-07-22T14:07:08.345Z",
                        "user_id": 2,
                        "user_name": "Harish"
                    },
                    "body": "[{\"category\":\"POSTURE\",\"selectedValue\":\"In_Position_Upright\"},{\"category\":\"HIGH LEVEL BEHAVIOR\",\"selectedValue\":[\"Working_Other\",\"Meeting _Social_Gathering_In_Person\"]},{\"category\":\"PA TYPE\",\"selectedValue\":\"Puttering_Around\"},{\"category\":\"Behavioral Parameters\",\"selectedValue\":[\"Located_Indoors\",\"In_Conversation\"]},{\"category\":\"Experimental situation\",\"selectedValue\":\"Free_Living\"}]"
                }
            ]
        },
        {
            "id": "aae83baf-381f-4cf7-8331-9de8dcdd1c1d",
            "range": {
                "start": 10304,
                "end": 10429
            },
            "shape": {
                "x1": null,
                "x2": null,
                "y1": null,
                "y2": null
            },
            "comments": [
                {
                    "id": "3bf728cc-307b-8141-64dc-e52d687eacdd",
                    "meta": {
                        "datetime": "2022-07-22T14:10:48.985Z",
                        "user_id": 2,
                        "user_name": "Harish"
                    },
                    "body": "[{\"category\":\"POSTURE\",\"selectedValue\":\"Posture_Indecipherable/Video_Insufficient\"},{\"category\":\"HIGH LEVEL BEHAVIOR\",\"selectedValue\":[\"HLB_Indecipherable/Video_Insufficient\"]},{\"category\":\"PA TYPE\",\"selectedValue\":\"PA_Type_VideoUnavailable/Indecipherable\"},{\"category\":\"Behavioral Parameters\",\"selectedValue\":[\"BP_VideoUnavailable/Indecipherable\"]},{\"category\":\"Experimental situation\",\"selectedValue\":\"Free_Living\"}]"
                }
            ]
        },
        {
            "id": "9fc8b495-592d-4f7a-a3fc-77c2336fb992",
            "range": {
                "start": 10436,
                "end": 10605
            },
            "shape": {
                "x1": null,
                "x2": null,
                "y1": null,
                "y2": null
            },
            "comments": [
                {
                    "id": "479d4e9e-1358-8f33-74ff-62500d347abc",
                    "meta": {
                        "datetime": "2022-07-22T14:15:07.137Z",
                        "user_id": 2,
                        "user_name": "Harish"
                    },
                    "body": "[{\"category\":\"POSTURE\",\"selectedValue\":\"In_Position_Upright\"},{\"category\":\"HIGH LEVEL BEHAVIOR\",\"selectedValue\":[\"Working_Other\"]},{\"category\":\"PA TYPE\",\"selectedValue\":\"Walking\"},{\"category\":\"Behavioral Parameters\",\"selectedValue\":[\"Located_Indoors\"]},{\"category\":\"Experimental situation\",\"selectedValue\":\"Free_Living\"}]"
                }
            ]
        },
        {
            "id": "a4c90e1a-2e90-4a03-a85d-ba63701bb992",
            "range": {
                "start": 10608,
                "end": 11657
            },
            "shape": {
                "x1": null,
                "x2": null,
                "y1": null,
                "y2": null
            },
            "comments": [
                {
                    "id": "a3280c20-4ec1-9a29-aab4-3983a240c240",
                    "meta": {
                        "datetime": "2022-07-22T14:20:01.399Z",
                        "user_id": 2,
                        "user_name": "Harish"
                    },
                    "body": "[{\"category\":\"POSTURE\",\"selectedValue\":\"In_Position_Sitting\"},{\"category\":\"HIGH LEVEL BEHAVIOR\",\"selectedValue\":[\"Using_Computer/Screen\"]},{\"category\":\"PA TYPE\",\"selectedValue\":\"Sitting_With_Movement\"},{\"category\":\"Behavioral Parameters\",\"selectedValue\":[\"Located_Indoors\"]},{\"category\":\"Experimental situation\",\"selectedValue\":\"Free_Living\"}]"
                }
            ]
        },
        {
            "id": "33ba9454-0fc2-46c6-bfe8-e76b12556ba2",
            "range": {
                "start": 11658,
                "end": 12388
            },
            "shape": {
                "x1": null,
                "x2": null,
                "y1": null,
                "y2": null
            },
            "comments": [
                {
                    "id": "01c23c39-300b-cc8a-779a-333df8fc24da",
                    "meta": {
                        "datetime": "2022-07-22T14:41:45.957Z",
                        "user_id": 2,
                        "user_name": "Harish"
                    },
                    "body": "[{\"category\":\"POSTURE\",\"selectedValue\":\"In_Position_Upright\"},{\"category\":\"HIGH LEVEL BEHAVIOR\",\"selectedValue\":[\"Working_Other\"]},{\"category\":\"PA TYPE\",\"selectedValue\":\"Puttering_Around\"},{\"category\":\"Behavioral Parameters\",\"selectedValue\":[\"Located_Indoors\"]},{\"category\":\"Experimental situation\",\"selectedValue\":\"Free_Living\"}]"
                }
            ]
        },
        {
            "id": "2de44074-6c9e-4df8-ac42-5a76f59c507b",
            "range": {
                "start": 12390,
                "end": 12437
            },
            "shape": {
                "x1": null,
                "x2": null,
                "y1": null,
                "y2": null
            },
            "comments": [
                {
                    "id": "fc971c56-7045-67fe-cd0f-a58e38905e51",
                    "meta": {
                        "datetime": "2022-07-22T14:42:20.784Z",
                        "user_id": 2,
                        "user_name": "Harish"
                    },
                    "body": "[{\"category\":\"POSTURE\",\"selectedValue\":\"In_Position_Upright\"},{\"category\":\"HIGH LEVEL BEHAVIOR\",\"selectedValue\":[\"HLB_Unlabeled\"]},{\"category\":\"PA TYPE\",\"selectedValue\":\"Standing_With_Movement\"},{\"category\":\"Behavioral Parameters\",\"selectedValue\":[\"Located_Indoors\",\"Texting/Browsing_Phone\"]},{\"category\":\"Experimental situation\",\"selectedValue\":\"Free_Living\"}]"
                }
            ]
        },
        {
            "id": "03aa1354-bdea-4a35-aa82-a81565bfeaf4",
            "range": {
                "start": 12442,
                "end": 12583
            },
            "shape": {
                "x1": null,
                "x2": null,
                "y1": null,
                "y2": null
            },
            "comments": [
                {
                    "id": "ec3c1650-4ba1-456d-8c1d-5e888122dfe2",
                    "meta": {
                        "datetime": "2022-07-25T19:05:36.586Z",
                        "user_id": 2,
                        "user_name": "Harish"
                    },
                    "body": "[{\"category\":\"POSTURE\",\"selectedValue\":\"In_Position_Upright\"},{\"category\":\"HIGH LEVEL BEHAVIOR\",\"selectedValue\":[\"Working_Other\"]},{\"category\":\"PA TYPE\",\"selectedValue\":\"Standing_With_Movement\"},{\"category\":\"Behavioral Parameters\",\"selectedValue\":[\"Located_Indoors\"]},{\"category\":\"Experimental situation\",\"selectedValue\":\"Free_Living\"}]"
                }
            ]
        },
        {
            "id": "08ef8660-8ce7-4116-832f-ec314d204f89",
            "range": {
                "start": 12584,
                "end": 12959
            },
            "shape": {
                "x1": null,
                "x2": null,
                "y1": null,
                "y2": null
            },
            "comments": [
                {
                    "id": "045d5746-2901-91e9-fde3-6a3c6e531abf",
                    "meta": {
                        "datetime": "2022-07-25T19:06:22.379Z",
                        "user_id": 2,
                        "user_name": "Harish"
                    },
                    "body": "[{\"category\":\"POSTURE\",\"selectedValue\":\"In_Position_Upright\"},{\"category\":\"HIGH LEVEL BEHAVIOR\",\"selectedValue\":[\"Using_Computer/Screen\"]},{\"category\":\"PA TYPE\",\"selectedValue\":\"Walking_Slow\"},{\"category\":\"Behavioral Parameters\",\"selectedValue\":[\"Located_Indoors\"]},{\"category\":\"Experimental situation\",\"selectedValue\":\"Free_Living\"}]"
                }
            ]
        },
        {
            "id": "fe97f700-5573-4be3-adcf-f9859c116d15",
            "range": {
                "start": 12959,
                "end": 13151
            },
            "shape": {
                "x1": null,
                "x2": null,
                "y1": null,
                "y2": null
            },
            "comments": [
                {
                    "id": "47607f71-ebae-0bf2-630d-af34540edbbc",
                    "meta": {
                        "datetime": "2022-07-25T19:08:09.353Z",
                        "user_id": 2,
                        "user_name": "Harish"
                    },
                    "body": "[{\"category\":\"POSTURE\",\"selectedValue\":\"In_Position_Upright\"},{\"category\":\"HIGH LEVEL BEHAVIOR\",\"selectedValue\":[\"In_Transit_Active\"]},{\"category\":\"PA TYPE\",\"selectedValue\":\"Walking\"},{\"category\":\"Behavioral Parameters\",\"selectedValue\":[\"Located_Outdoors\"]},{\"category\":\"Experimental situation\",\"selectedValue\":\"Free_Living\"}]"
                }
            ]
        },
        {
            "id": "2cef26ed-ca07-4074-b9e1-eb449e0118ec",
            "range": {
                "start": 13151,
                "end": 13243
            },
            "shape": {
                "x1": null,
                "x2": null,
                "y1": null,
                "y2": null
            },
            "comments": [
                {
                    "id": "d21475c0-0bd3-2df0-c715-18352c2dff7f",
                    "meta": {
                        "datetime": "2022-07-25T19:08:27.707Z",
                        "user_id": 2,
                        "user_name": "Harish"
                    },
                    "body": "[{\"category\":\"POSTURE\",\"selectedValue\":\"In_Position_Upright\"},{\"category\":\"HIGH LEVEL BEHAVIOR\",\"selectedValue\":[\"In_Transit_Active\"]},{\"category\":\"PA TYPE\",\"selectedValue\":\"Walking\"},{\"category\":\"Behavioral Parameters\",\"selectedValue\":[\"Located_Indoors\"]},{\"category\":\"Experimental situation\",\"selectedValue\":\"Free_Living\"}]"
                }
            ]
        },
        {
            "id": "a68cb4e5-d4ce-4764-8593-54b7a2e12c03",
            "range": {
                "start": 13243,
                "end": 13327
            },
            "shape": {
                "x1": null,
                "x2": null,
                "y1": null,
                "y2": null
            },
            "comments": [
                {
                    "id": "f947629b-46fd-8358-ca80-6c089c1647a1",
                    "meta": {
                        "datetime": "2022-07-25T19:11:28.631Z",
                        "user_id": 2,
                        "user_name": "Harish"
                    },
                    "body": "[{\"category\":\"POSTURE\",\"selectedValue\":\"Posture_Indecipherable/Video_Insufficient\"},{\"category\":\"HIGH LEVEL BEHAVIOR\",\"selectedValue\":[\"HLB_Indecipherable/Video_Insufficient\"]},{\"category\":\"PA TYPE\",\"selectedValue\":\"PA_Type_VideoUnavailable/Indecipherable\"},{\"category\":\"Behavioral Parameters\",\"selectedValue\":[\"BP_VideoUnavailable/Indecipherable\"]},{\"category\":\"Experimental situation\",\"selectedValue\":\"Free_Living\"}]"
                }
            ]
        },
        {
            "id": "d51c83d7-e9d6-45f1-a755-6b87a99e96f7",
            "range": {
                "start": 13328,
                "end": 13494
            },
            "shape": {
                "x1": null,
                "x2": null,
                "y1": null,
                "y2": null
            },
            "comments": [
                {
                    "id": "e31a8e58-39f7-d275-d481-cf929a13c4cb",
                    "meta": {
                        "datetime": "2022-07-25T19:14:25.262Z",
                        "user_id": 2,
                        "user_name": "Harish"
                    },
                    "body": "[{\"category\":\"POSTURE\",\"selectedValue\":\"In_Position_Upright\"},{\"category\":\"HIGH LEVEL BEHAVIOR\",\"selectedValue\":[\"Cooking/Prepping_Food\"]},{\"category\":\"PA TYPE\",\"selectedValue\":\"Walking_Slow\"},{\"category\":\"Behavioral Parameters\",\"selectedValue\":[\"Located_Indoors\"]},{\"category\":\"Experimental situation\",\"selectedValue\":\"Free_Living\"}]"
                }
            ]
        },
        {
            "id": "cd34fb89-afbd-495a-877c-1eb819ae8055",
            "range": {
                "start": 13494,
                "end": 13711
            },
            "shape": {
                "x1": null,
                "x2": null,
                "y1": null,
                "y2": null
            },
            "comments": [
                {
                    "id": "a40f9199-6753-787d-6e49-fef2db8cd8f4",
                    "meta": {
                        "datetime": "2022-07-25T19:14:48.088Z",
                        "user_id": 2,
                        "user_name": "Harish"
                    },
                    "body": "[{\"category\":\"POSTURE\",\"selectedValue\":\"In_Position_Sitting\"},{\"category\":\"HIGH LEVEL BEHAVIOR\",\"selectedValue\":[\"Eating/Dining\"]},{\"category\":\"PA TYPE\",\"selectedValue\":\"Sitting_With_Movement\"},{\"category\":\"Behavioral Parameters\",\"selectedValue\":[\"Located_Indoors\"]},{\"category\":\"Experimental situation\",\"selectedValue\":\"Free_Living\"}]"
                }
            ]
        },
        {
            "id": "69493ba6-e616-4ddf-bd0b-b959aacc481b",
            "range": {
                "start": 13712,
                "end": 13834
            },
            "shape": {
                "x1": null,
                "x2": null,
                "y1": null,
                "y2": null
            },
            "comments": [
                {
                    "id": "6b80f3ed-2167-44a3-7878-42aef2d74c34",
                    "meta": {
                        "datetime": "2022-07-25T19:15:02.418Z",
                        "user_id": 2,
                        "user_name": "Harish"
                    },
                    "body": "[{\"category\":\"POSTURE\",\"selectedValue\":\"In_Position_Sitting\"},{\"category\":\"HIGH LEVEL BEHAVIOR\",\"selectedValue\":[\"Using_Computer/Screen\"]},{\"category\":\"PA TYPE\",\"selectedValue\":\"Sitting_With_Movement\"},{\"category\":\"Behavioral Parameters\",\"selectedValue\":[\"Located_Indoors\"]},{\"category\":\"Experimental situation\",\"selectedValue\":\"Free_Living\"}]"
                }
            ]
        },
        {
            "id": "aaa3a43b-af07-4d77-9f1d-b871359da9a1",
            "range": {
                "start": 13856,
                "end": 19019
            },
            "shape": {
                "x1": null,
                "x2": null,
                "y1": null,
                "y2": null
            },
            "comments": [
                {
                    "id": "e7ecc2e4-78e7-38af-c1be-aa4552fec253",
                    "meta": {
                        "datetime": "2022-07-25T19:17:04.726Z",
                        "user_id": 2,
                        "user_name": "Harish"
                    },
                    "body": "[{\"category\":\"POSTURE\",\"selectedValue\":\"Lying_On_Back\"},{\"category\":\"HIGH LEVEL BEHAVIOR\",\"selectedValue\":[\"Using_Computer/Screen\"]},{\"category\":\"PA TYPE\",\"selectedValue\":\"Lying_With_Movement\"},{\"category\":\"Behavioral Parameters\",\"selectedValue\":[\"Located_Indoors\"]},{\"category\":\"Experimental situation\",\"selectedValue\":\"Free_Living\"}]"
                }
            ]
        },
        {
            "id": "ad1880bc-8be8-4697-ae17-47c00da10152",
            "range": {
                "start": 19094,
                "end": 19119
            },
            "shape": {
                "x1": null,
                "x2": null,
                "y1": null,
                "y2": null
            },
            "comments": [
                {
                    "id": "cc8d0d7b-bfb2-58a5-7654-503771869db8",
                    "meta": {
                        "datetime": "2022-07-25T19:20:34.271Z",
                        "user_id": 2,
                        "user_name": "Harish"
                    },
                    "body": "[{\"category\":\"POSTURE\",\"selectedValue\":\"In_Position_Upright\"},{\"category\":\"HIGH LEVEL BEHAVIOR\",\"selectedValue\":[\"Grooming/Self_Care\"]},{\"category\":\"PA TYPE\",\"selectedValue\":\"Washing_Hands\"},{\"category\":\"Behavioral Parameters\",\"selectedValue\":[\"Located_Indoors\"]},{\"category\":\"Experimental situation\",\"selectedValue\":\"Free_Living\"}]"
                }
            ]
        },
        {
            "id": "db306e25-32cb-4d5a-a6d8-60e4698d2333",
            "range": {
                "start": 19156,
                "end": 19453
            },
            "shape": {
                "x1": null,
                "x2": null,
                "y1": null,
                "y2": null
            },
            "comments": [
                {
                    "id": "05cdb54b-5e77-baea-ad49-82eaf36bc700",
                    "meta": {
                        "datetime": "2022-07-25T19:21:14.291Z",
                        "user_id": 2,
                        "user_name": "Harish"
                    },
                    "body": "[{\"category\":\"POSTURE\",\"selectedValue\":\"In_Position_Sitting\"},{\"category\":\"HIGH LEVEL BEHAVIOR\",\"selectedValue\":[\"Using_Computer/Screen\"]},{\"category\":\"PA TYPE\",\"selectedValue\":\"Sitting_With_Movement\"},{\"category\":\"Behavioral Parameters\",\"selectedValue\":[\"Located_Indoors\"]},{\"category\":\"Experimental situation\",\"selectedValue\":\"Free_Living\"}]"
                }
            ]
        },
        {
            "id": "78a49231-bb1c-4a24-962c-3b73b703f407",
            "range": {
                "start": 19460,
                "end": 19591
            },
            "shape": {
                "x1": null,
                "x2": null,
                "y1": null,
                "y2": null
            },
            "comments": [
                {
                    "id": "eee16a02-a04f-125b-69f8-a8871c5c1343",
                    "meta": {
                        "datetime": "2022-07-25T19:22:12.472Z",
                        "user_id": 2,
                        "user_name": "Harish"
                    },
                    "body": "[{\"category\":\"POSTURE\",\"selectedValue\":\"In_Position_Upright\"},{\"category\":\"HIGH LEVEL BEHAVIOR\",\"selectedValue\":[\"In_Transit_Active\"]},{\"category\":\"PA TYPE\",\"selectedValue\":\"Walking_Slow\"},{\"category\":\"Behavioral Parameters\",\"selectedValue\":[\"Located_Indoors\"]},{\"category\":\"Experimental situation\",\"selectedValue\":\"Free_Living\"}]"
                }
            ]
        },
        {
            "id": "c069aff2-6479-4717-9f9f-70b398e7dc2b",
            "range": {
                "start": 19592,
                "end": 20773
            },
            "shape": {
                "x1": null,
                "x2": null,
                "y1": null,
                "y2": null
            },
            "comments": [
                {
                    "id": "78cc7670-d052-5c2b-6c7c-8a4e21d3e163",
                    "meta": {
                        "datetime": "2022-07-25T19:23:58.233Z",
                        "user_id": 2,
                        "user_name": "Harish"
                    },
                    "body": "[{\"category\":\"POSTURE\",\"selectedValue\":\"Lying_On_Back\"},{\"category\":\"HIGH LEVEL BEHAVIOR\",\"selectedValue\":[\"Using_Computer/Screen\"]},{\"category\":\"PA TYPE\",\"selectedValue\":\"Lying_With_Movement\"},{\"category\":\"Behavioral Parameters\",\"selectedValue\":[\"Located_Indoors\"]},{\"category\":\"Experimental situation\",\"selectedValue\":\"Free_Living\"}]"
                }
            ]
        },
        {
            "id": "ba7e4628-e83a-4c2f-861d-83b420c814cc",
            "range": {
                "start": 20773,
                "end": 21662
            },
            "shape": {
                "x1": null,
                "x2": null,
                "y1": null,
                "y2": null
            },
            "comments": [
                {
                    "id": "6e3d42a4-fb52-7f7d-b3ca-1d96c4cadbb7",
                    "meta": {
                        "datetime": "2022-07-25T19:24:53.908Z",
                        "user_id": 2,
                        "user_name": "Harish"
                    },
                    "body": "[{\"category\":\"POSTURE\",\"selectedValue\":\"In_Position_Sitting\"},{\"category\":\"HIGH LEVEL BEHAVIOR\",\"selectedValue\":[\"Using_Computer/Screen\"]},{\"category\":\"PA TYPE\",\"selectedValue\":\"Sitting_With_Movement\"},{\"category\":\"Behavioral Parameters\",\"selectedValue\":[\"Located_Indoors\"]},{\"category\":\"Experimental situation\",\"selectedValue\":\"Free_Living\"}]"
                }
            ]
        },
        {
            "id": "d3630940-9e92-406f-9ad4-a4d3aba78ba5",
            "range": {
                "start": 21664,
                "end": 21898
            },
            "shape": {
                "x1": null,
                "x2": null,
                "y1": null,
                "y2": null
            },
            "comments": [
                {
                    "id": "1d1d0272-b34f-7507-bddb-a81325f6922b",
                    "meta": {
                        "datetime": "2022-07-25T19:25:24.243Z",
                        "user_id": 2,
                        "user_name": "Harish"
                    },
                    "body": "[{\"category\":\"POSTURE\",\"selectedValue\":\"In_Position_Upright\"},{\"category\":\"HIGH LEVEL BEHAVIOR\",\"selectedValue\":[\"In_Transit_Active\"]},{\"category\":\"PA TYPE\",\"selectedValue\":\"Walking_Slow\"},{\"category\":\"Behavioral Parameters\",\"selectedValue\":[\"Located_Indoors\"]},{\"category\":\"Experimental situation\",\"selectedValue\":\"Free_Living\"}]"
                }
            ]
        },
        {
            "id": "12e67c43-85d8-47f1-8a66-786af09e1d70",
            "range": {
                "start": 21898,
                "end": 22174
            },
            "shape": {
                "x1": null,
                "x2": null,
                "y1": null,
                "y2": null
            },
            "comments": [
                {
                    "id": "54e33901-1853-e769-77df-809714620f02",
                    "meta": {
                        "datetime": "2022-07-25T19:27:42.235Z",
                        "user_id": 2,
                        "user_name": "Harish"
                    },
                    "body": "[{\"category\":\"POSTURE\",\"selectedValue\":\"In_Position_Sitting\"},{\"category\":\"HIGH LEVEL BEHAVIOR\",\"selectedValue\":[\"Using_Computer/Screen\"]},{\"category\":\"PA TYPE\",\"selectedValue\":\"Sitting_With_Movement\"},{\"category\":\"Behavioral Parameters\",\"selectedValue\":[\"Located_Indoors\"]},{\"category\":\"Experimental situation\",\"selectedValue\":\"Free_Living\"}]"
                }
            ]
        },
        {
            "id": "e9f52b2e-4779-4a51-ba31-4e01fc6da090",
            "range": {
                "start": 22178,
                "end": 22400
            },
            "shape": {
                "x1": null,
                "x2": null,
                "y1": null,
                "y2": null
            },
            "comments": [
                {
                    "id": "140708af-169f-8f34-07eb-d0e5a59f6698",
                    "meta": {
                        "datetime": "2022-07-25T19:28:16.348Z",
                        "user_id": 2,
                        "user_name": "Harish"
                    },
                    "body": "[{\"category\":\"POSTURE\",\"selectedValue\":\"In_Position_Upright\"},{\"category\":\"HIGH LEVEL BEHAVIOR\",\"selectedValue\":[\"In_Transit_Active\"]},{\"category\":\"PA TYPE\",\"selectedValue\":\"Walking_Slow\"},{\"category\":\"Behavioral Parameters\",\"selectedValue\":[\"Located_Indoors\"]},{\"category\":\"Experimental situation\",\"selectedValue\":\"Free_Living\"}]"
                }
            ]
        },
        {
            "id": "7fe6d665-876e-4261-96f8-f7d72a13d73b",
            "range": {
                "start": 22411,
                "end": 23909
            },
            "shape": {
                "x1": null,
                "x2": null,
                "y1": null,
                "y2": null
            },
            "comments": [
                {
                    "id": "4e9a0895-f87a-522b-6f5e-96ce4e45d265",
                    "meta": {
                        "datetime": "2022-07-25T19:29:06.578Z",
                        "user_id": 2,
                        "user_name": "Harish"
                    },
                    "body": "[{\"category\":\"POSTURE\",\"selectedValue\":\"In_Position_Sitting\"},{\"category\":\"HIGH LEVEL BEHAVIOR\",\"selectedValue\":[\"Using_Computer/Screen\"]},{\"category\":\"PA TYPE\",\"selectedValue\":\"Sitting_With_Movement\"},{\"category\":\"Behavioral Parameters\",\"selectedValue\":[\"Located_Indoors\"]},{\"category\":\"Experimental situation\",\"selectedValue\":\"Free_Living\"}]"
                }
            ]
        },
        {
            "id": "64cb76c6-5c8a-4a2e-b1c1-430c598f83ee",
            "range": {
                "start": 23909,
                "end": 24630
            },
            "shape": {
                "x1": null,
                "x2": null,
                "y1": null,
                "y2": null
            },
            "comments": [
                {
                    "id": "58e55043-47f7-4cc8-216e-391fa811795a",
                    "meta": {
                        "datetime": "2022-07-25T19:29:30.201Z",
                        "user_id": 2,
                        "user_name": "Harish"
                    },
                    "body": "[{\"category\":\"POSTURE\",\"selectedValue\":\"Lying_On_Back\"},{\"category\":\"HIGH LEVEL BEHAVIOR\",\"selectedValue\":[\"Using_Computer/Screen\"]},{\"category\":\"PA TYPE\",\"selectedValue\":\"Lying_With_Movement\"},{\"category\":\"Behavioral Parameters\",\"selectedValue\":[\"Located_Indoors\"]},{\"category\":\"Experimental situation\",\"selectedValue\":\"Free_Living\"}]"
                }
            ]
        }
    ],
    "videoHash": 1543006108
}