START_TIME,STOP_TIME,PREDICTION,SOURCE,LABELSET,VIDEO_START_TIME,VIDEO_END_TIME
2022-06-08 09:13:34,2022-06-08 09:13:56,Located_Indoors,annotator,Behavioral Parameters,2022-06-08 00:00:00,2022-06-08 00:00:22
2022-06-08 09:13:56,2022-06-08 09:13:58,BP_VideoUnavailable/Indecipherable,annotator,Behavioral Parameters,2022-06-08 00:00:22,2022-06-08 00:00:24
2022-06-08 09:13:58,2022-06-08 09:14:05,Located_Indoors,annotator,Behavioral Parameters,2022-06-08 00:00:24,2022-06-08 00:00:31
2022-06-08 09:14:05,2022-06-08 09:14:10,Located_Indoors,annotator,Behavioral Parameters,2022-06-08 00:00:31,2022-06-08 00:00:36
2022-06-08 09:14:10,2022-06-08 09:14:14,Located_Indoors,annotator,Behavioral Parameters,2022-06-08 00:00:36,2022-06-08 00:00:40
2022-06-08 09:14:14,2022-06-08 09:14:40,Located_Indoors,annotator,Behavioral Parameters,2022-06-08 00:00:40,2022-06-08 00:01:06
2022-06-08 09:14:40,2022-06-08 09:14:48,Located_Indoors,annotator,Behavioral Parameters,2022-06-08 00:01:06,2022-06-08 00:01:14
2022-06-08 09:14:48,2022-06-08 09:15:03,Located_Indoors, Holding_Other_Object_Light,annotator,Behavioral Parameters,2022-06-08 00:01:14,2022-06-08 00:01:29
2022-06-08 09:15:03,2022-06-08 09:15:12,Located_Indoors, Holding_Other_Object_Light,annotator,Behavioral Parameters,2022-06-08 00:01:29,2022-06-08 00:01:38
2022-06-08 09:15:03,2022-06-08 10:01:35,Located_Indoors, Texting/Browsing_Phone,annotator,Behavioral Parameters,2022-06-08 00:01:29,2022-06-08 00:48:01
2022-06-08 10:01:35,2022-06-08 10:01:35,Located_Indoors,annotator,Behavioral Parameters,2022-06-08 00:48:01,2022-06-08 00:48:01
2022-06-08 10:01:35,2022-06-08 10:01:59,Located_Indoors,annotator,Behavioral Parameters,2022-06-08 00:48:01,2022-06-08 00:48:25
2022-06-08 10:01:59,2022-06-08 10:02:37,Located_Indoors, Holding_Other_Object_Light,annotator,Behavioral Parameters,2022-06-08 00:48:25,2022-06-08 00:49:03
2022-06-08 10:02:01,2022-06-08 10:02:01,Located_Indoors, Holding_Other_Object_Light,annotator,Behavioral Parameters,2022-06-08 00:48:27,2022-06-08 00:48:27
2022-06-08 10:02:37,2022-06-08 10:02:50,Located_Indoors,annotator,Behavioral Parameters,2022-06-08 00:49:03,2022-06-08 00:49:16
2022-06-08 10:02:47,2022-06-08 10:02:47,Located_Indoors,annotator,Behavioral Parameters,2022-06-08 00:49:13,2022-06-08 00:49:13
2022-06-08 10:02:50,2022-06-08 10:03:54,Located_Indoors,annotator,Behavioral Parameters,2022-06-08 00:49:16,2022-06-08 00:50:20
2022-06-08 10:03:54,2022-06-08 10:04:00,Located_Indoors,annotator,Behavioral Parameters,2022-06-08 00:50:20,2022-06-08 00:50:26
2022-06-08 10:04:00,2022-06-08 10:04:19,Located_Indoors,annotator,Behavioral Parameters,2022-06-08 00:50:26,2022-06-08 00:50:45
2022-06-08 10:04:19,2022-06-08 10:04:27,Located_Indoors,annotator,Behavioral Parameters,2022-06-08 00:50:45,2022-06-08 00:50:53
2022-06-08 10:04:27,2022-06-08 10:05:12,Located_Indoors,annotator,Behavioral Parameters,2022-06-08 00:50:53,2022-06-08 00:51:38
2022-06-08 10:05:12,2022-06-08 10:05:39,Located_Indoors,annotator,Behavioral Parameters,2022-06-08 00:51:38,2022-06-08 00:52:05
2022-06-08 10:05:39,2022-06-08 10:05:54,Located_Indoors,annotator,Behavioral Parameters,2022-06-08 00:52:05,2022-06-08 00:52:20
2022-06-08 10:05:54,2022-06-08 10:06:03,Located_Indoors, Holding_Other_Object_Light,annotator,Behavioral Parameters,2022-06-08 00:52:20,2022-06-08 00:52:29
2022-06-08 10:06:03,2022-06-08 10:06:14,Located_Indoors, Holding_Other_Object_Light,annotator,Behavioral Parameters,2022-06-08 00:52:29,2022-06-08 00:52:40
2022-06-08 10:06:14,2022-06-08 10:06:16,Located_Indoors, Holding_Other_Object_Light,annotator,Behavioral Parameters,2022-06-08 00:52:40,2022-06-08 00:52:42
2022-06-08 10:06:16,2022-06-08 10:06:21,Located_Indoors, Holding_Other_Object_Light,annotator,Behavioral Parameters,2022-06-08 00:52:42,2022-06-08 00:52:47
2022-06-08 10:06:21,2022-06-08 10:06:27,Located_Indoors, Holding_Other_Object_Light,annotator,Behavioral Parameters,2022-06-08 00:52:47,2022-06-08 00:52:53
2022-06-08 10:06:30,2022-06-08 10:06:30,Located_Indoors, Texting/Browsing_Phone,annotator,Behavioral Parameters,2022-06-08 00:52:56,2022-06-08 00:52:56
2022-06-08 10:06:30,2022-06-08 10:06:38,Located_Indoors,annotator,Behavioral Parameters,2022-06-08 00:52:56,2022-06-08 00:53:04
2022-06-08 10:06:38,2022-06-08 10:06:41,Located_Indoors,annotator,Behavioral Parameters,2022-06-08 00:53:04,2022-06-08 00:53:07
2022-06-08 10:06:41,2022-06-08 10:07:11,Located_Indoors, Texting/Browsing_Phone,annotator,Behavioral Parameters,2022-06-08 00:53:07,2022-06-08 00:53:37
2022-06-08 10:07:11,2022-06-08 10:07:31,Located_Indoors, On_Video_Call/FaceTime,annotator,Behavioral Parameters,2022-06-08 00:53:37,2022-06-08 00:53:57
2022-06-08 10:07:31,2022-06-08 10:11:27,Located_Indoors, On_Video_Call/FaceTime, Texting/Browsing_Phone,annotator,Behavioral Parameters,2022-06-08 00:53:57,2022-06-08 00:57:53
2022-06-08 10:11:27,2022-06-08 10:11:57,Located_Indoors, On_Video_Call/FaceTime,annotator,Behavioral Parameters,2022-06-08 00:57:53,2022-06-08 00:58:23
2022-06-08 10:11:57,2022-06-08 10:12:04,Located_Indoors, On_Video_Call/FaceTime, Texting/Browsing_Phone,annotator,Behavioral Parameters,2022-06-08 00:58:23,2022-06-08 00:58:30
2022-06-08 10:12:04,2022-06-08 10:13:01,Located_Indoors, On_Video_Call/FaceTime,annotator,Behavioral Parameters,2022-06-08 00:58:30,2022-06-08 00:59:27
2022-06-08 10:13:01,2022-06-08 10:13:09,Located_Indoors, On_Video_Call/FaceTime,annotator,Behavioral Parameters,2022-06-08 00:59:27,2022-06-08 00:59:35
2022-06-08 10:13:09,2022-06-08 10:15:38,Located_Indoors, On_Video_Call/FaceTime,annotator,Behavioral Parameters,2022-06-08 00:59:35,2022-06-08 01:02:04
