START_TIME,STOP_TIME,PREDICTION,SOURCE,LABELSET,VIDEO_START_TIME,VIDEO_END_TIME
2021-12-22 09:25:59,2021-12-22 09:26:14,Free_Living,annotator,Experimental situation,2021-12-22 00:00:33,2021-12-22 00:00:48
2021-12-22 09:26:16,2021-12-22 09:26:53,Free_Living,annotator,Experimental situation,2021-12-22 00:00:50,2021-12-22 00:01:27
2021-12-22 09:27:06,2021-12-22 09:28:57,Free_Living,annotator,Experimental situation,2021-12-22 00:01:40,2021-12-22 00:03:31
2021-12-22 09:29:07,2021-12-22 09:29:18,Free_Living,annotator,Experimental situation,2021-12-22 00:03:41,2021-12-22 00:03:52
2021-12-22 09:29:23,2021-12-22 09:30:24,Free_Living,annotator,Experimental situation,2021-12-22 00:03:57,2021-12-22 00:04:58
2021-12-22 09:30:25,2021-12-22 09:33:06,Free_Living,annotator,Experimental situation,2021-12-22 00:04:59,2021-12-22 00:07:40
2021-12-22 09:33:11,2021-12-22 09:38:04,Free_Living,annotator,Experimental situation,2021-12-22 00:07:45,2021-12-22 00:12:38
2021-12-22 09:38:10,2021-12-22 09:38:27,Free_Living,annotator,Experimental situation,2021-12-22 00:12:44,2021-12-22 00:13:01
2021-12-22 09:38:33,2021-12-22 09:39:05,Free_Living,annotator,Experimental situation,2021-12-22 00:13:07,2021-12-22 00:13:39
2021-12-22 09:39:10,2021-12-22 09:44:32,Free_Living,annotator,Experimental situation,2021-12-22 00:13:44,2021-12-22 00:19:06
2021-12-22 09:44:33,2021-12-22 09:44:52,Free_Living,annotator,Experimental situation,2021-12-22 00:19:07,2021-12-22 00:19:26
2021-12-22 09:44:55,2021-12-22 09:45:05,Free_Living,annotator,Experimental situation,2021-12-22 00:19:29,2021-12-22 00:19:39
2021-12-22 09:45:18,2021-12-22 09:49:39,Free_Living,annotator,Experimental situation,2021-12-22 00:19:52,2021-12-22 00:24:13
2021-12-22 09:49:48,2021-12-22 09:49:55,Free_Living,annotator,Experimental situation,2021-12-22 00:24:22,2021-12-22 00:24:29
2021-12-22 09:49:56,2021-12-22 09:52:16,Free_Living,annotator,Experimental situation,2021-12-22 00:24:30,2021-12-22 00:26:50
2021-12-22 09:52:16,2021-12-22 09:52:54,Free_Living,annotator,Experimental situation,2021-12-22 00:26:50,2021-12-22 00:27:28
2021-12-22 09:52:59,2021-12-22 09:54:19,Free_Living,annotator,Experimental situation,2021-12-22 00:27:33,2021-12-22 00:28:53
2021-12-22 09:54:21,2021-12-22 09:54:39,Free_Living,annotator,Experimental situation,2021-12-22 00:28:55,2021-12-22 00:29:13
2021-12-22 09:54:42,2021-12-22 09:56:07,Free_Living,annotator,Experimental situation,2021-12-22 00:29:16,2021-12-22 00:30:41
2021-12-22 09:56:18,2021-12-22 10:00:04,Free_Living,annotator,Experimental situation,2021-12-22 00:30:52,2021-12-22 00:34:38
2021-12-22 10:00:25,2021-12-22 10:45:51,Free_Living,annotator,Experimental situation,2021-12-22 00:34:59,2021-12-22 01:20:25
2021-12-22 10:45:56,2021-12-22 10:46:50,Free_Living,annotator,Experimental situation,2021-12-22 01:20:30,2021-12-22 01:21:24
2021-12-22 10:46:55,2021-12-22 10:47:44,Free_Living,annotator,Experimental situation,2021-12-22 01:21:29,2021-12-22 01:22:18
2021-12-22 10:47:45,2021-12-22 10:49:57,Free_Living,annotator,Experimental situation,2021-12-22 01:22:19,2021-12-22 01:24:31
2021-12-22 10:50:23,2021-12-22 10:51:35,Free_Living,annotator,Experimental situation,2021-12-22 01:24:57,2021-12-22 01:26:09
2021-12-22 10:51:36,2021-12-22 10:52:15,Free_Living,annotator,Experimental situation,2021-12-22 01:26:10,2021-12-22 01:26:49
2021-12-22 10:52:17,2021-12-22 10:52:58,Free_Living,annotator,Experimental situation,2021-12-22 01:26:51,2021-12-22 01:27:32
2021-12-22 10:53:01,2021-12-22 10:54:10,Free_Living,annotator,Experimental situation,2021-12-22 01:27:35,2021-12-22 01:28:44
2021-12-22 10:54:12,2021-12-22 10:54:55,Free_Living,annotator,Experimental situation,2021-12-22 01:28:46,2021-12-22 01:29:29
2021-12-22 10:55:06,2021-12-22 10:56:48,Free_Living,annotator,Experimental situation,2021-12-22 01:29:40,2021-12-22 01:31:22
2021-12-22 10:56:58,2021-12-22 10:57:13,Free_Living,annotator,Experimental situation,2021-12-22 01:31:32,2021-12-22 01:31:47
2021-12-22 10:57:29,2021-12-22 11:01:22,Free_Living,annotator,Experimental situation,2021-12-22 01:32:03,2021-12-22 01:35:56
2021-12-22 11:01:33,2021-12-22 11:08:03,Free_Living,annotator,Experimental situation,2021-12-22 01:36:07,2021-12-22 01:42:37
2021-12-22 11:08:07,2021-12-22 11:08:20,Free_Living,annotator,Experimental situation,2021-12-22 01:42:41,2021-12-22 01:42:54
2021-12-22 11:08:24,2021-12-22 11:10:57,Free_Living,annotator,Experimental situation,2021-12-22 01:42:58,2021-12-22 01:45:31
2021-12-22 11:11:03,2021-12-22 11:11:32,Free_Living,annotator,Experimental situation,2021-12-22 01:45:37,2021-12-22 01:46:06
2021-12-22 11:11:34,2021-12-22 11:12:14,Free_Living,annotator,Experimental situation,2021-12-22 01:46:08,2021-12-22 01:46:48
2021-12-22 11:12:16,2021-12-22 11:13:11,Free_Living,annotator,Experimental situation,2021-12-22 01:46:50,2021-12-22 01:47:45
2021-12-22 11:13:15,2021-12-22 11:13:21,Free_Living,annotator,Experimental situation,2021-12-22 01:47:49,2021-12-22 01:47:55
2021-12-22 11:13:23,2021-12-22 11:13:36,Free_Living,annotator,Experimental situation,2021-12-22 01:47:57,2021-12-22 01:48:10
2021-12-22 11:13:51,2021-12-22 11:16:27,Free_Living,annotator,Experimental situation,2021-12-22 01:48:25,2021-12-22 01:51:01
2021-12-22 11:17:25,2021-12-22 11:18:14,Free_Living,annotator,Experimental situation,2021-12-22 01:51:59,2021-12-22 01:52:48
2021-12-22 11:20:48,2021-12-22 11:21:46,Free_Living,annotator,Experimental situation,2021-12-22 01:55:22,2021-12-22 01:56:20
2021-12-22 11:21:52,2021-12-22 11:22:08,Free_Living,annotator,Experimental situation,2021-12-22 01:56:26,2021-12-22 01:56:42
2021-12-22 11:22:16,2021-12-22 11:24:13,Free_Living,annotator,Experimental situation,2021-12-22 01:56:50,2021-12-22 01:58:47
2021-12-22 11:24:25,2021-12-22 11:26:27,Free_Living,annotator,Experimental situation,2021-12-22 01:58:59,2021-12-22 02:01:01
2021-12-22 11:26:44,2021-12-22 11:29:52,Free_Living,annotator,Experimental situation,2021-12-22 02:01:18,2021-12-22 02:04:26
2021-12-22 11:30:00,2021-12-22 11:30:41,Free_Living,annotator,Experimental situation,2021-12-22 02:04:34,2021-12-22 02:05:15
2021-12-22 11:30:55,2021-12-22 11:44:24,Free_Living,annotator,Experimental situation,2021-12-22 02:05:29,2021-12-22 02:18:58
2021-12-22 11:44:43,2021-12-22 11:44:52,Free_Living,annotator,Experimental situation,2021-12-22 02:19:17,2021-12-22 02:19:26
2021-12-22 11:46:31,2021-12-22 12:55:24,Free_Living,annotator,Experimental situation,2021-12-22 02:21:05,2021-12-22 03:29:58
2021-12-22 12:55:31,2021-12-22 12:56:01,Free_Living,annotator,Experimental situation,2021-12-22 03:30:05,2021-12-22 03:30:35
2021-12-22 12:56:03,2021-12-22 12:57:37,Free_Living,annotator,Experimental situation,2021-12-22 03:30:37,2021-12-22 03:32:11
2021-12-22 12:57:54,2021-12-22 13:00:14,Free_Living,annotator,Experimental situation,2021-12-22 03:32:28,2021-12-22 03:34:48
2021-12-22 13:00:20,2021-12-22 13:02:46,Free_Living,annotator,Experimental situation,2021-12-22 03:34:54,2021-12-22 03:37:20
2021-12-22 13:03:05,2021-12-22 13:03:39,Free_Living,annotator,Experimental situation,2021-12-22 03:37:39,2021-12-22 03:38:13
2021-12-22 13:03:45,2021-12-22 13:03:54,Free_Living,annotator,Experimental situation,2021-12-22 03:38:19,2021-12-22 03:38:28
2021-12-22 13:04:00,2021-12-22 13:04:33,Free_Living,annotator,Experimental situation,2021-12-22 03:38:34,2021-12-22 03:39:07
2021-12-22 13:04:36,2021-12-22 13:09:31,Free_Living,annotator,Experimental situation,2021-12-22 03:39:10,2021-12-22 03:44:05
2021-12-22 13:10:22,2021-12-22 13:11:38,Free_Living,annotator,Experimental situation,2021-12-22 03:44:56,2021-12-22 03:46:12
2021-12-22 13:11:51,2021-12-22 13:13:23,Free_Living,annotator,Experimental situation,2021-12-22 03:46:25,2021-12-22 03:47:57
2021-12-22 13:13:41,2021-12-22 14:09:12,Free_Living,annotator,Experimental situation,2021-12-22 03:48:15,2021-12-22 04:43:46
2021-12-22 14:09:14,2021-12-22 14:21:12,Free_Living,annotator,Experimental situation,2021-12-22 04:43:48,2021-12-22 04:55:46
2021-12-22 14:21:15,2021-12-22 14:24:43,Free_Living,annotator,Experimental situation,2021-12-22 04:55:49,2021-12-22 04:59:17
2021-12-22 14:24:55,2021-12-22 14:33:13,Free_Living,annotator,Experimental situation,2021-12-22 04:59:29,2021-12-22 05:07:47
2021-12-22 14:33:45,2021-12-22 14:45:39,Free_Living,annotator,Experimental situation,2021-12-22 05:08:19,2021-12-22 05:20:13
2021-12-22 14:45:56,2021-12-22 14:48:45,Free_Living,annotator,Experimental situation,2021-12-22 05:20:30,2021-12-22 05:23:19
2021-12-22 14:48:48,2021-12-22 14:52:58,Free_Living,annotator,Experimental situation,2021-12-22 05:23:22,2021-12-22 05:27:32
2021-12-22 14:53:01,2021-12-22 14:59:44,Free_Living,annotator,Experimental situation,2021-12-22 05:27:35,2021-12-22 05:34:18
2021-12-22 14:59:53,2021-12-22 15:00:09,Free_Living,annotator,Experimental situation,2021-12-22 05:34:27,2021-12-22 05:34:43
2021-12-22 15:00:23,2021-12-22 15:00:30,Free_Living,annotator,Experimental situation,2021-12-22 05:34:57,2021-12-22 05:35:04
2021-12-22 15:00:31,2021-12-22 15:01:28,Free_Living,annotator,Experimental situation,2021-12-22 05:35:05,2021-12-22 05:36:02
2021-12-22 15:01:30,2021-12-22 15:02:02,Free_Living,annotator,Experimental situation,2021-12-22 05:36:04,2021-12-22 05:36:36
2021-12-22 15:02:14,2021-12-22 15:02:44,Free_Living,annotator,Experimental situation,2021-12-22 05:36:48,2021-12-22 05:37:18
2021-12-22 15:02:44,2021-12-22 15:03:27,Free_Living,annotator,Experimental situation,2021-12-22 05:37:18,2021-12-22 05:38:01
2021-12-22 15:03:28,2021-12-22 15:03:53,Free_Living,annotator,Experimental situation,2021-12-22 05:38:02,2021-12-22 05:38:27
2021-12-22 15:03:57,2021-12-22 15:04:07,Free_Living,annotator,Experimental situation,2021-12-22 05:38:31,2021-12-22 05:38:41
2021-12-22 15:04:09,2021-12-22 15:04:47,Free_Living,annotator,Experimental situation,2021-12-22 05:38:43,2021-12-22 05:39:21
2021-12-22 15:04:50,2021-12-22 15:05:03,Free_Living,annotator,Experimental situation,2021-12-22 05:39:24,2021-12-22 05:39:37
2021-12-22 15:05:18,2021-12-22 15:18:59,Free_Living,annotator,Experimental situation,2021-12-22 05:39:52,2021-12-22 05:53:33
2021-12-22 15:19:04,2021-12-22 15:19:23,Free_Living,annotator,Experimental situation,2021-12-22 05:53:38,2021-12-22 05:53:57
2021-12-22 15:19:40,2021-12-22 15:21:07,Free_Living,annotator,Experimental situation,2021-12-22 05:54:14,2021-12-22 05:55:41
2021-12-22 15:21:08,2021-12-22 15:27:03,Free_Living,annotator,Experimental situation,2021-12-22 05:55:42,2021-12-22 06:01:37
2021-12-22 15:27:16,2021-12-22 15:31:08,Free_Living,annotator,Experimental situation,2021-12-22 06:01:50,2021-12-22 06:05:42
2021-12-22 15:31:15,2021-12-22 15:31:58,Free_Living,annotator,Experimental situation,2021-12-22 06:05:49,2021-12-22 06:06:32
2021-12-22 15:32:01,2021-12-22 15:44:24,Free_Living,annotator,Experimental situation,2021-12-22 06:06:35,2021-12-22 06:18:58
2021-12-22 15:44:34,2021-12-22 15:47:13,Free_Living,annotator,Experimental situation,2021-12-22 06:19:08,2021-12-22 06:21:47
2021-12-22 15:47:21,2021-12-22 15:47:34,Free_Living,annotator,Experimental situation,2021-12-22 06:21:55,2021-12-22 06:22:08
2021-12-22 15:47:37,2021-12-22 15:49:12,Free_Living,annotator,Experimental situation,2021-12-22 06:22:11,2021-12-22 06:23:46
2021-12-22 15:49:57,2021-12-22 15:50:04,Free_Living,annotator,Experimental situation,2021-12-22 06:24:31,2021-12-22 06:24:38
2021-12-22 15:50:22,2021-12-22 15:50:44,Free_Living,annotator,Experimental situation,2021-12-22 06:24:56,2021-12-22 06:25:18
2021-12-22 15:50:53,2021-12-22 15:51:09,Free_Living,annotator,Experimental situation,2021-12-22 06:25:27,2021-12-22 06:25:43
2021-12-22 15:51:18,2021-12-22 15:51:30,Free_Living,annotator,Experimental situation,2021-12-22 06:25:52,2021-12-22 06:26:04
2021-12-22 15:51:30,2021-12-22 15:51:48,Free_Living,annotator,Experimental situation,2021-12-22 06:26:04,2021-12-22 06:26:22
2021-12-22 15:51:52,2021-12-22 15:53:59,Free_Living,annotator,Experimental situation,2021-12-22 06:26:26,2021-12-22 06:28:33
2021-12-22 15:54:05,2021-12-22 15:54:18,Free_Living,annotator,Experimental situation,2021-12-22 06:28:39,2021-12-22 06:28:52
2021-12-22 15:54:20,2021-12-22 15:54:39,Free_Living,annotator,Experimental situation,2021-12-22 06:28:54,2021-12-22 06:29:13
2021-12-22 15:54:42,2021-12-22 16:00:55,Free_Living,annotator,Experimental situation,2021-12-22 06:29:16,2021-12-22 06:35:29
2021-12-22 16:01:09,2021-12-22 16:04:41,Free_Living,annotator,Experimental situation,2021-12-22 06:35:43,2021-12-22 06:39:15
2021-12-22 16:06:49,2021-12-22 16:11:27,Free_Living,annotator,Experimental situation,2021-12-22 06:41:23,2021-12-22 06:46:01
2021-12-22 16:12:06,2021-12-22 16:28:25,Free_Living,annotator,Experimental situation,2021-12-22 06:46:40,2021-12-22 07:02:59
2021-12-22 16:28:31,2021-12-22 16:29:57,Free_Living,annotator,Experimental situation,2021-12-22 07:03:05,2021-12-22 07:04:31
2021-12-22 16:30:07,2021-12-22 16:30:31,Free_Living,annotator,Experimental situation,2021-12-22 07:04:41,2021-12-22 07:05:05
2021-12-22 16:30:45,2021-12-22 16:32:32,Free_Living,annotator,Experimental situation,2021-12-22 07:05:19,2021-12-22 07:07:06
2021-12-22 16:32:33,2021-12-22 16:33:32,Free_Living,annotator,Experimental situation,2021-12-22 07:07:07,2021-12-22 07:08:06
2021-12-22 16:33:37,2021-12-22 16:34:34,Free_Living,annotator,Experimental situation,2021-12-22 07:08:11,2021-12-22 07:09:08
2021-12-22 16:34:43,2021-12-22 16:35:42,Free_Living,annotator,Experimental situation,2021-12-22 07:09:17,2021-12-22 07:10:16
2021-12-22 16:35:48,2021-12-22 16:36:12,Free_Living,annotator,Experimental situation,2021-12-22 07:10:22,2021-12-22 07:10:46
2021-12-22 16:36:13,2021-12-22 16:36:28,Free_Living,annotator,Experimental situation,2021-12-22 07:10:47,2021-12-22 07:11:02
2021-12-22 16:36:29,2021-12-22 16:36:44,Free_Living,annotator,Experimental situation,2021-12-22 07:11:03,2021-12-22 07:11:18
2021-12-22 16:36:46,2021-12-22 16:38:26,Free_Living,annotator,Experimental situation,2021-12-22 07:11:20,2021-12-22 07:13:00
2021-12-22 16:38:29,2021-12-22 16:40:50,Free_Living,annotator,Experimental situation,2021-12-22 07:13:03,2021-12-22 07:15:24
2021-12-22 16:40:53,2021-12-22 16:41:29,Free_Living,annotator,Experimental situation,2021-12-22 07:15:27,2021-12-22 07:16:03
2021-12-22 16:41:31,2021-12-22 16:44:10,Free_Living,annotator,Experimental situation,2021-12-22 07:16:05,2021-12-22 07:18:44
2021-12-22 16:44:12,2021-12-22 16:44:18,Free_Living,annotator,Experimental situation,2021-12-22 07:18:46,2021-12-22 07:18:52
2021-12-22 16:44:20,2021-12-22 16:44:47,Free_Living,annotator,Experimental situation,2021-12-22 07:18:54,2021-12-22 07:19:21
2021-12-22 16:44:47,2021-12-22 16:48:52,Free_Living,annotator,Experimental situation,2021-12-22 07:19:21,2021-12-22 07:23:26
2021-12-22 16:48:57,2021-12-22 16:51:07,Free_Living,annotator,Experimental situation,2021-12-22 07:23:31,2021-12-22 07:25:41
2021-12-22 16:51:08,2021-12-22 16:51:34,Free_Living,annotator,Experimental situation,2021-12-22 07:25:42,2021-12-22 07:26:08
2021-12-22 16:51:35,2021-12-22 16:51:46,Free_Living,annotator,Experimental situation,2021-12-22 07:26:09,2021-12-22 07:26:20
2021-12-22 16:51:48,2021-12-22 16:53:11,Free_Living,annotator,Experimental situation,2021-12-22 07:26:22,2021-12-22 07:27:45
2021-12-22 16:53:18,2021-12-22 16:54:09,Free_Living,annotator,Experimental situation,2021-12-22 07:27:52,2021-12-22 07:28:43
2021-12-22 16:54:13,2021-12-22 17:00:14,Free_Living,annotator,Experimental situation,2021-12-22 07:28:47,2021-12-22 07:34:48
2021-12-22 17:00:16,2021-12-22 17:00:51,Free_Living,annotator,Experimental situation,2021-12-22 07:34:50,2021-12-22 07:35:25
2021-12-22 17:00:53,2021-12-22 17:03:38,Free_Living,annotator,Experimental situation,2021-12-22 07:35:27,2021-12-22 07:38:12
2021-12-22 17:03:50,2021-12-22 17:04:39,Free_Living,annotator,Experimental situation,2021-12-22 07:38:24,2021-12-22 07:39:13
2021-12-22 17:04:46,2021-12-22 17:04:56,Free_Living,annotator,Experimental situation,2021-12-22 07:39:20,2021-12-22 07:39:30
2021-12-22 17:04:56,2021-12-22 17:05:18,Free_Living,annotator,Experimental situation,2021-12-22 07:39:30,2021-12-22 07:39:52
2021-12-22 17:05:25,2021-12-22 17:06:18,Free_Living,annotator,Experimental situation,2021-12-22 07:39:59,2021-12-22 07:40:52
2021-12-22 17:06:41,2021-12-22 17:12:38,Free_Living,annotator,Experimental situation,2021-12-22 07:41:15,2021-12-22 07:47:12
2021-12-22 17:12:40,2021-12-22 17:43:28,Free_Living,annotator,Experimental situation,2021-12-22 07:47:14,2021-12-22 08:18:02
2021-12-22 17:43:38,2021-12-22 17:43:48,Free_Living,annotator,Experimental situation,2021-12-22 08:18:12,2021-12-22 08:18:22
2021-12-22 17:43:49,2021-12-22 17:44:28,Free_Living,annotator,Experimental situation,2021-12-22 08:18:23,2021-12-22 08:19:02
2021-12-22 17:44:29,2021-12-22 17:44:45,Free_Living,annotator,Experimental situation,2021-12-22 08:19:03,2021-12-22 08:19:19
2021-12-22 17:44:48,2021-12-22 17:45:43,Free_Living,annotator,Experimental situation,2021-12-22 08:19:22,2021-12-22 08:20:17
2021-12-22 17:45:46,2021-12-22 17:46:20,Free_Living,annotator,Experimental situation,2021-12-22 08:20:20,2021-12-22 08:20:54
2021-12-22 17:46:22,2021-12-22 17:49:17,Free_Living,annotator,Experimental situation,2021-12-22 08:20:56,2021-12-22 08:23:51
2021-12-22 17:49:21,2021-12-22 17:50:11,Free_Living,annotator,Experimental situation,2021-12-22 08:23:55,2021-12-22 08:24:45
2021-12-22 17:51:12,2021-12-22 18:00:22,Free_Living,annotator,Experimental situation,2021-12-22 08:25:46,2021-12-22 08:34:56
2021-12-22 18:01:06,2021-12-22 18:17:31,Free_Living,annotator,Experimental situation,2021-12-22 08:35:40,2021-12-22 08:52:05
2021-12-22 18:19:11,2021-12-22 18:19:41,Free_Living,annotator,Experimental situation,2021-12-22 08:53:45,2021-12-22 08:54:15
2021-12-22 18:19:45,2021-12-22 18:20:51,Free_Living,annotator,Experimental situation,2021-12-22 08:54:19,2021-12-22 08:55:25
2021-12-22 18:21:00,2021-12-22 18:23:31,Free_Living,annotator,Experimental situation,2021-12-22 08:55:34,2021-12-22 08:58:05
2021-12-22 18:23:39,2021-12-22 18:24:58,Free_Living,annotator,Experimental situation,2021-12-22 08:58:13,2021-12-22 08:59:32
2021-12-22 18:25:06,2021-12-22 18:27:19,Free_Living,annotator,Experimental situation,2021-12-22 08:59:40,2021-12-22 09:01:53
2021-12-22 18:27:22,2021-12-22 18:27:45,Free_Living,annotator,Experimental situation,2021-12-22 09:01:56,2021-12-22 09:02:19
2021-12-22 18:28:01,2021-12-22 18:29:45,Free_Living,annotator,Experimental situation,2021-12-22 09:02:35,2021-12-22 09:04:19
2021-12-22 18:29:48,2021-12-22 18:30:26,Free_Living,annotator,Experimental situation,2021-12-22 09:04:22,2021-12-22 09:05:00
2021-12-22 18:31:09,2021-12-22 18:31:33,Free_Living,annotator,Experimental situation,2021-12-22 09:05:43,2021-12-22 09:06:07
2021-12-22 18:31:35,2021-12-22 18:33:17,Free_Living,annotator,Experimental situation,2021-12-22 09:06:09,2021-12-22 09:07:51
2021-12-22 18:33:20,2021-12-22 18:33:36,Free_Living,annotator,Experimental situation,2021-12-22 09:07:54,2021-12-22 09:08:10
2021-12-22 18:33:37,2021-12-22 18:33:54,Free_Living,annotator,Experimental situation,2021-12-22 09:08:11,2021-12-22 09:08:28
2021-12-22 18:34:08,2021-12-22 18:55:17,Free_Living,annotator,Experimental situation,2021-12-22 09:08:42,2021-12-22 09:29:51
2021-12-22 18:55:18,2021-12-22 18:58:51,Free_Living,annotator,Experimental situation,2021-12-22 09:29:52,2021-12-22 09:33:25
2021-12-22 18:58:54,2021-12-22 19:00:00,Free_Living,annotator,Experimental situation,2021-12-22 09:33:28,2021-12-22 09:34:34
2021-12-22 19:00:10,2021-12-22 19:00:54,Free_Living,annotator,Experimental situation,2021-12-22 09:34:44,2021-12-22 09:35:28
2021-12-22 19:00:54,2021-12-22 19:01:04,Free_Living,annotator,Experimental situation,2021-12-22 09:35:28,2021-12-22 09:35:38
2021-12-22 19:01:14,2021-12-22 19:03:25,Free_Living,annotator,Experimental situation,2021-12-22 09:35:48,2021-12-22 09:37:59
2021-12-22 19:03:33,2021-12-22 19:03:55,Free_Living,annotator,Experimental situation,2021-12-22 09:38:07,2021-12-22 09:38:29
2021-12-22 19:03:59,2021-12-22 19:04:10,Free_Living,annotator,Experimental situation,2021-12-22 09:38:33,2021-12-22 09:38:44
2021-12-22 19:04:13,2021-12-22 19:09:47,Free_Living,annotator,Experimental situation,2021-12-22 09:38:47,2021-12-22 09:44:21
2021-12-22 19:09:52,2021-12-22 19:10:30,Free_Living,annotator,Experimental situation,2021-12-22 09:44:26,2021-12-22 09:45:04
2021-12-22 19:10:38,2021-12-22 19:11:16,Free_Living,annotator,Experimental situation,2021-12-22 09:45:12,2021-12-22 09:45:50
2021-12-22 19:11:46,2021-12-22 19:34:49,Free_Living,annotator,Experimental situation,2021-12-22 09:46:20,2021-12-22 10:09:23
2021-12-22 19:34:54,2021-12-22 19:36:07,Free_Living,annotator,Experimental situation,2021-12-22 10:09:28,2021-12-22 10:10:41
2021-12-22 19:36:11,2021-12-22 19:37:39,Free_Living,annotator,Experimental situation,2021-12-22 10:10:45,2021-12-22 10:12:13
2021-12-22 19:37:44,2021-12-22 19:43:36,Free_Living,annotator,Experimental situation,2021-12-22 10:12:18,2021-12-22 10:18:10
2021-12-22 19:43:41,2021-12-22 19:45:46,Free_Living,annotator,Experimental situation,2021-12-22 10:18:15,2021-12-22 10:20:20
2021-12-22 19:45:58,2021-12-22 19:46:30,Free_Living,annotator,Experimental situation,2021-12-22 10:20:32,2021-12-22 10:21:04
2021-12-22 19:46:36,2021-12-22 19:50:43,Free_Living,annotator,Experimental situation,2021-12-22 10:21:10,2021-12-22 10:25:17
2021-12-22 19:50:47,2021-12-22 19:52:46,Free_Living,annotator,Experimental situation,2021-12-22 10:25:21,2021-12-22 10:27:20
2021-12-22 19:52:46,2021-12-22 19:53:15,Free_Living,annotator,Experimental situation,2021-12-22 10:27:20,2021-12-22 10:27:49
2021-12-22 19:53:21,2021-12-22 19:54:13,Free_Living,annotator,Experimental situation,2021-12-22 10:27:55,2021-12-22 10:28:47
2021-12-22 19:54:25,2021-12-22 21:12:19,Free_Living,annotator,Experimental situation,2021-12-22 10:28:59,2021-12-22 11:46:53
2021-12-22 21:14:24,2021-12-22 21:24:18,Free_Living,annotator,Experimental situation,2021-12-22 11:48:58,2021-12-22 11:58:52
2021-12-22 21:24:27,2021-12-22 21:27:17,Free_Living,annotator,Experimental situation,2021-12-22 11:59:01,2021-12-22 12:01:51
2021-12-22 21:27:19,2021-12-22 21:28:13,Free_Living,annotator,Experimental situation,2021-12-22 12:01:53,2021-12-22 12:02:47
2021-12-22 21:28:26,2021-12-22 21:29:47,Free_Living,annotator,Experimental situation,2021-12-22 12:03:00,2021-12-22 12:04:21
2021-12-22 21:29:57,2021-12-22 21:31:55,Free_Living,annotator,Experimental situation,2021-12-22 12:04:31,2021-12-22 12:06:29
2021-12-22 21:32:01,2021-12-22 21:33:43,Free_Living,annotator,Experimental situation,2021-12-22 12:06:35,2021-12-22 12:08:17
2021-12-22 21:33:49,2021-12-22 21:41:29,Free_Living,annotator,Experimental situation,2021-12-22 12:08:23,2021-12-22 12:16:03
2021-12-22 21:41:31,2021-12-22 21:43:12,Free_Living,annotator,Experimental situation,2021-12-22 12:16:05,2021-12-22 12:17:46
2021-12-22 21:43:26,2021-12-22 22:04:43,Free_Living,annotator,Experimental situation,2021-12-22 12:18:00,2021-12-22 12:39:17
2021-12-22 22:04:55,2021-12-22 22:05:56,Free_Living,annotator,Experimental situation,2021-12-22 12:39:29,2021-12-22 12:40:30
2021-12-22 22:05:57,2021-12-22 22:06:22,Free_Living,annotator,Experimental situation,2021-12-22 12:40:31,2021-12-22 12:40:56
2021-12-22 22:06:28,2021-12-22 22:07:36,Free_Living,annotator,Experimental situation,2021-12-22 12:41:02,2021-12-22 12:42:10
2021-12-22 22:07:37,2021-12-22 22:09:42,Free_Living,annotator,Experimental situation,2021-12-22 12:42:11,2021-12-22 12:44:16
2021-12-22 22:09:47,2021-12-22 22:20:21,Free_Living,annotator,Experimental situation,2021-12-22 12:44:21,2021-12-22 12:54:55
2021-12-22 22:20:47,2021-12-22 22:21:08,Free_Living,annotator,Experimental situation,2021-12-22 12:55:21,2021-12-22 12:55:42
2021-12-22 22:21:12,2021-12-22 22:21:33,Free_Living,annotator,Experimental situation,2021-12-22 12:55:46,2021-12-22 12:56:07
2021-12-22 22:21:41,2021-12-22 22:33:37,Free_Living,annotator,Experimental situation,2021-12-22 12:56:15,2021-12-22 13:08:11
2021-12-22 22:33:50,2021-12-22 23:01:06,Free_Living,annotator,Experimental situation,2021-12-22 13:08:24,2021-12-22 13:35:40
2021-12-22 23:01:19,2021-12-22 23:04:22,Free_Living,annotator,Experimental situation,2021-12-22 13:35:53,2021-12-22 13:38:56
2021-12-22 23:04:32,2021-12-23 00:36:50,Free_Living,annotator,Experimental situation,2021-12-22 13:39:06,2021-12-22 15:11:24
2021-12-23 00:38:01,2021-12-23 00:39:44,Free_Living,annotator,Experimental situation,2021-12-22 15:12:35,2021-12-22 15:14:18
2021-12-23 00:39:46,2021-12-23 00:40:38,Free_Living,annotator,Experimental situation,2021-12-22 15:14:20,2021-12-22 15:15:12
2021-12-23 00:40:39,2021-12-23 00:40:56,Free_Living,annotator,Experimental situation,2021-12-22 15:15:13,2021-12-22 15:15:30
2021-12-23 00:41:02,2021-12-23 00:43:32,Free_Living,annotator,Experimental situation,2021-12-22 15:15:36,2021-12-22 15:18:06
2021-12-23 00:43:33,2021-12-23 00:43:59,Free_Living,annotator,Experimental situation,2021-12-22 15:18:07,2021-12-22 15:18:33
2021-12-23 00:44:33,2021-12-23 00:59:26,Free_Living,annotator,Experimental situation,2021-12-22 15:19:07,2021-12-22 15:34:00
2021-12-23 00:59:38,2021-12-23 00:59:52,Free_Living,annotator,Experimental situation,2021-12-22 15:34:12,2021-12-22 15:34:26
2021-12-23 00:59:54,2021-12-23 01:00:02,Free_Living,annotator,Experimental situation,2021-12-22 15:34:28,2021-12-22 15:34:36
2021-12-23 01:00:03,2021-12-23 01:00:37,Free_Living,annotator,Experimental situation,2021-12-22 15:34:37,2021-12-22 15:35:11
2021-12-23 01:00:40,2021-12-23 01:02:03,Free_Living,annotator,Experimental situation,2021-12-22 15:35:14,2021-12-22 15:36:37
2021-12-23 01:02:06,2021-12-23 01:04:09,Free_Living,annotator,Experimental situation,2021-12-22 15:36:40,2021-12-22 15:38:43
2021-12-23 01:04:27,2021-12-23 01:05:24,Free_Living,annotator,Experimental situation,2021-12-22 15:39:01,2021-12-22 15:39:58
2021-12-23 01:08:29,2021-12-23 01:08:37,Free_Living,annotator,Experimental situation,2021-12-22 15:43:03,2021-12-22 15:43:11
2021-12-23 01:08:38,2021-12-23 01:11:22,Free_Living,annotator,Experimental situation,2021-12-22 15:43:12,2021-12-22 15:45:56
2021-12-23 01:11:43,2021-12-23 01:12:19,Free_Living,annotator,Experimental situation,2021-12-22 15:46:17,2021-12-22 15:46:53
2021-12-23 01:12:26,2021-12-23 01:12:33,Free_Living,annotator,Experimental situation,2021-12-22 15:47:00,2021-12-22 15:47:07
2021-12-23 01:12:43,2021-12-23 01:12:59,Free_Living,annotator,Experimental situation,2021-12-22 15:47:17,2021-12-22 15:47:33
2021-12-23 01:12:59,2021-12-23 01:14:29,Free_Living,annotator,Experimental situation,2021-12-22 15:47:33,2021-12-22 15:49:03
2021-12-23 01:14:30,2021-12-23 01:14:39,Free_Living,annotator,Experimental situation,2021-12-22 15:49:04,2021-12-22 15:49:13
2021-12-23 01:14:43,2021-12-23 01:15:33,Free_Living,annotator,Experimental situation,2021-12-22 15:49:17,2021-12-22 15:50:07
2021-12-23 01:19:52,2021-12-23 01:21:57,Free_Living,annotator,Experimental situation,2021-12-22 15:54:26,2021-12-22 15:56:31
2021-12-23 01:22:09,2021-12-23 01:27:41,Free_Living,annotator,Experimental situation,2021-12-22 15:56:43,2021-12-22 16:02:15
2021-12-23 01:27:43,2021-12-23 01:28:20,Free_Living,annotator,Experimental situation,2021-12-22 16:02:17,2021-12-22 16:02:54
2021-12-23 01:30:47,2021-12-23 01:40:01,Free_Living,annotator,Experimental situation,2021-12-22 16:05:21,2021-12-22 16:14:35
2021-12-23 01:40:24,2021-12-23 01:51:19,Free_Living,annotator,Experimental situation,2021-12-22 16:14:58,2021-12-22 16:25:53
2021-12-23 01:51:32,2021-12-23 01:52:00,Free_Living,annotator,Experimental situation,2021-12-22 16:26:06,2021-12-22 16:26:34
