START_TIME,STOP_TIME,PREDICTION,SOURCE,LABELSET,VIDEO_START_TIME,VIDEO_END_TIME
2022-05-09 11:23:54,2022-05-09 11:25:53,Posture_Indecipherable/Video_Insufficient,annotator,POSTURE,2022-05-09 00:00:00,2022-05-09 00:01:59
2022-05-09 11:25:56,2022-05-09 11:26:53,In_Position_Upright,annotator,POSTURE,2022-05-09 00:02:02,2022-05-09 00:02:59
2022-05-09 11:26:53,2022-05-09 11:27:19,In_Position_Upright,annotator,POSTURE,2022-05-09 00:02:59,2022-05-09 00:03:25
2022-05-09 11:27:21,2022-05-09 11:47:44,In_Position_Upright,annotator,POSTURE,2022-05-09 00:03:27,2022-05-09 00:23:50
2022-05-09 11:47:44,2022-05-09 11:48:53,In_Position_Upright,annotator,POSTURE,2022-05-09 00:23:50,2022-05-09 00:24:59
2022-05-09 11:48:54,2022-05-09 11:49:08,In_Position_Upright,annotator,POSTURE,2022-05-09 00:25:00,2022-05-09 00:25:14
2022-05-09 11:49:08,2022-05-09 11:49:09,In_Position_Upright,annotator,POSTURE,2022-05-09 00:25:14,2022-05-09 00:25:15
2022-05-09 11:49:09,2022-05-09 11:52:01,In_Position_Upright,annotator,POSTURE,2022-05-09 00:25:15,2022-05-09 00:28:07
2022-05-09 11:52:04,2022-05-09 11:52:19,In_Position_Upright,annotator,POSTURE,2022-05-09 00:28:10,2022-05-09 00:28:25
2022-05-09 11:52:21,2022-05-09 11:58:26,Posture_Indecipherable/Video_Insufficient,annotator,POSTURE,2022-05-09 00:28:27,2022-05-09 00:34:32
2022-05-09 11:58:28,2022-05-09 12:00:47,In_Position_Sitting,annotator,POSTURE,2022-05-09 00:34:34,2022-05-09 00:36:53
2022-05-09 12:00:47,2022-05-09 12:01:05,In_Position_Upright,annotator,POSTURE,2022-05-09 00:36:53,2022-05-09 00:37:11
2022-05-09 12:01:06,2022-05-09 12:05:34,In_Position_Sitting,annotator,POSTURE,2022-05-09 00:37:12,2022-05-09 00:41:40
2022-05-09 12:05:47,2022-05-09 14:53:24,Posture_Indecipherable/Video_Insufficient,annotator,POSTURE,2022-05-09 00:41:53,2022-05-09 03:29:30
2022-05-09 14:53:25,2022-05-09 15:40:21,Posture_Indecipherable/Video_Insufficient,annotator,POSTURE,2022-05-09 03:29:31,2022-05-09 04:16:27
2022-05-09 15:40:21,2022-05-09 15:44:39,In_Position_Sitting,annotator,POSTURE,2022-05-09 04:16:27,2022-05-09 04:20:45
2022-05-09 15:44:39,2022-05-09 15:52:24,Posture_Indecipherable/Video_Insufficient,annotator,POSTURE,2022-05-09 04:20:45,2022-05-09 04:28:30
2022-05-09 15:52:26,2022-05-09 15:54:14,In_Position_Upright,annotator,POSTURE,2022-05-09 04:28:32,2022-05-09 04:30:20
2022-05-09 15:54:14,2022-05-09 15:55:33,In_Position_Upright,annotator,POSTURE,2022-05-09 04:30:20,2022-05-09 04:31:39
2022-05-09 15:55:33,2022-05-09 15:56:27,In_Position_Upright,annotator,POSTURE,2022-05-09 04:31:39,2022-05-09 04:32:33
2022-05-09 15:56:28,2022-05-09 16:16:34,In_Position_Upright,annotator,POSTURE,2022-05-09 04:32:34,2022-05-09 04:52:40
2022-05-09 16:16:34,2022-05-09 16:16:37,In_Position_Upright,annotator,POSTURE,2022-05-09 04:52:40,2022-05-09 04:52:43
2022-05-09 16:16:37,2022-05-09 16:16:56,In_Position_Upright,annotator,POSTURE,2022-05-09 04:52:43,2022-05-09 04:53:02
2022-05-09 16:16:56,2022-05-09 16:17:07,In_Position_Upright,annotator,POSTURE,2022-05-09 04:53:02,2022-05-09 04:53:13
2022-05-09 16:17:07,2022-05-09 17:07:34,Posture_Indecipherable/Video_Insufficient,annotator,POSTURE,2022-05-09 04:53:13,2022-05-09 05:43:40
2022-05-09 17:07:34,2022-05-09 17:08:20,In_Position_Upright,annotator,POSTURE,2022-05-09 05:43:40,2022-05-09 05:44:26
2022-05-09 17:08:25,2022-05-09 17:09:30,In_Position_Sitting,annotator,POSTURE,2022-05-09 05:44:31,2022-05-09 05:45:36
2022-05-09 17:09:30,2022-05-09 17:09:38,In_Position_Sitting,annotator,POSTURE,2022-05-09 05:45:36,2022-05-09 05:45:44
2022-05-09 17:09:38,2022-05-09 17:09:48,In_Position_Sitting,annotator,POSTURE,2022-05-09 05:45:44,2022-05-09 05:45:54
2022-05-09 17:09:48,2022-05-09 17:10:06,In_Position_Upright,annotator,POSTURE,2022-05-09 05:45:54,2022-05-09 05:46:12
2022-05-09 17:10:11,2022-05-09 17:10:43,In_Position_Kneeling,annotator,POSTURE,2022-05-09 05:46:17,2022-05-09 05:46:49
2022-05-09 17:10:48,2022-05-09 17:10:50,In_Position_Upright,annotator,POSTURE,2022-05-09 05:46:54,2022-05-09 05:46:56
2022-05-09 17:10:51,2022-05-09 17:11:01,In_Position_Sitting,annotator,POSTURE,2022-05-09 05:46:57,2022-05-09 05:47:07
2022-05-09 17:11:01,2022-05-09 17:11:17,In_Position_Upright,annotator,POSTURE,2022-05-09 05:47:07,2022-05-09 05:47:23
2022-05-09 17:11:17,2022-05-09 17:11:53,In_Position_Upright,annotator,POSTURE,2022-05-09 05:47:23,2022-05-09 05:47:59
2022-05-09 17:11:53,2022-05-09 17:12:34,In_Position_Upright,annotator,POSTURE,2022-05-09 05:47:59,2022-05-09 05:48:40
2022-05-09 17:12:36,2022-05-09 17:12:57,In_Position_Upright,annotator,POSTURE,2022-05-09 05:48:42,2022-05-09 05:49:03
2022-05-09 17:12:57,2022-05-09 17:13:23,In_Position_Upright,annotator,POSTURE,2022-05-09 05:49:03,2022-05-09 05:49:29
2022-05-09 17:13:23,2022-05-09 17:13:44,In_Position_Upright,annotator,POSTURE,2022-05-09 05:49:29,2022-05-09 05:49:50
2022-05-09 17:13:46,2022-05-09 17:13:50,In_Position_Upright,annotator,POSTURE,2022-05-09 05:49:52,2022-05-09 05:49:56
2022-05-09 17:13:50,2022-05-09 17:15:02,In_Position_Upright,annotator,POSTURE,2022-05-09 05:49:56,2022-05-09 05:51:08
2022-05-09 17:15:02,2022-05-09 17:16:40,In_Position_Upright,annotator,POSTURE,2022-05-09 05:51:08,2022-05-09 05:52:46
2022-05-09 17:16:40,2022-05-09 17:17:10,In_Position_Upright,annotator,POSTURE,2022-05-09 05:52:46,2022-05-09 05:53:16
2022-05-09 17:17:10,2022-05-09 17:17:17,In_Position_Upright,annotator,POSTURE,2022-05-09 05:53:16,2022-05-09 05:53:23
2022-05-09 17:17:17,2022-05-09 17:17:45,In_Position_Upright,annotator,POSTURE,2022-05-09 05:53:23,2022-05-09 05:53:51
2022-05-09 17:17:46,2022-05-09 17:18:05,In_Position_Upright,annotator,POSTURE,2022-05-09 05:53:52,2022-05-09 05:54:11
2022-05-09 17:18:06,2022-05-09 17:18:53,In_Position_Sitting,annotator,POSTURE,2022-05-09 05:54:12,2022-05-09 05:54:59
2022-05-09 17:18:53,2022-05-09 17:19:01,In_Position_Sitting,annotator,POSTURE,2022-05-09 05:54:59,2022-05-09 05:55:07
2022-05-09 17:19:01,2022-05-09 17:19:25,In_Position_Sitting,annotator,POSTURE,2022-05-09 05:55:07,2022-05-09 05:55:31
2022-05-09 17:19:25,2022-05-09 17:20:00,In_Position_Sitting,annotator,POSTURE,2022-05-09 05:55:31,2022-05-09 05:56:06
2022-05-09 17:20:00,2022-05-09 17:20:49,In_Position_Sitting,annotator,POSTURE,2022-05-09 05:56:06,2022-05-09 05:56:55
2022-05-09 17:20:50,2022-05-09 17:20:58,In_Position_Upright,annotator,POSTURE,2022-05-09 05:56:56,2022-05-09 05:57:04
2022-05-09 17:20:58,2022-05-09 17:21:17,In_Position_Upright,annotator,POSTURE,2022-05-09 05:57:04,2022-05-09 05:57:23
2022-05-09 17:21:17,2022-05-09 17:22:35,In_Position_Upright,annotator,POSTURE,2022-05-09 05:57:23,2022-05-09 05:58:41
2022-05-09 17:22:35,2022-05-09 17:25:32,In_Position_Upright,annotator,POSTURE,2022-05-09 05:58:41,2022-05-09 06:01:38
2022-05-09 17:25:32,2022-05-09 17:26:06,In_Position_Upright,annotator,POSTURE,2022-05-09 06:01:38,2022-05-09 06:02:12
2022-05-09 17:26:06,2022-05-09 17:26:23,In_Position_Upright,annotator,POSTURE,2022-05-09 06:02:12,2022-05-09 06:02:29
2022-05-09 17:26:23,2022-05-09 17:26:46,In_Position_Upright,annotator,POSTURE,2022-05-09 06:02:29,2022-05-09 06:02:52
2022-05-09 17:26:46,2022-05-09 17:29:30,In_Position_Upright,annotator,POSTURE,2022-05-09 06:02:52,2022-05-09 06:05:36
2022-05-09 17:29:30,2022-05-09 17:29:34,In_Position_Upright,annotator,POSTURE,2022-05-09 06:05:36,2022-05-09 06:05:40
2022-05-09 17:29:34,2022-05-09 17:30:01,In_Position_Upright,annotator,POSTURE,2022-05-09 06:05:40,2022-05-09 06:06:07
2022-05-09 17:30:01,2022-05-09 17:30:17,In_Position_Upright,annotator,POSTURE,2022-05-09 06:06:07,2022-05-09 06:06:23
2022-05-09 17:30:17,2022-05-09 17:30:56,In_Position_Upright,annotator,POSTURE,2022-05-09 06:06:23,2022-05-09 06:07:02
2022-05-09 17:30:56,2022-05-09 17:31:03,In_Position_Upright,annotator,POSTURE,2022-05-09 06:07:02,2022-05-09 06:07:09
2022-05-09 17:31:03,2022-05-09 17:31:29,In_Position_Upright,annotator,POSTURE,2022-05-09 06:07:09,2022-05-09 06:07:35
2022-05-09 17:31:29,2022-05-09 17:31:36,In_Position_Upright,annotator,POSTURE,2022-05-09 06:07:35,2022-05-09 06:07:42
2022-05-09 17:31:36,2022-05-09 17:31:54,In_Position_Upright,annotator,POSTURE,2022-05-09 06:07:42,2022-05-09 06:08:00
2022-05-09 17:31:54,2022-05-09 17:32:06,In_Position_Upright,annotator,POSTURE,2022-05-09 06:08:00,2022-05-09 06:08:12
2022-05-09 17:32:06,2022-05-09 17:33:48,In_Position_Upright,annotator,POSTURE,2022-05-09 06:08:12,2022-05-09 06:09:54
2022-05-09 17:33:48,2022-05-09 17:34:13,In_Position_Upright,annotator,POSTURE,2022-05-09 06:09:54,2022-05-09 06:10:19
2022-05-09 17:34:13,2022-05-09 17:35:02,In_Position_Upright,annotator,POSTURE,2022-05-09 06:10:19,2022-05-09 06:11:08
2022-05-09 17:35:02,2022-05-09 17:35:20,In_Position_Upright,annotator,POSTURE,2022-05-09 06:11:08,2022-05-09 06:11:26
2022-05-09 17:35:20,2022-05-09 17:35:57,In_Position_Upright,annotator,POSTURE,2022-05-09 06:11:26,2022-05-09 06:12:03
2022-05-09 17:35:57,2022-05-09 17:36:59,In_Position_Upright,annotator,POSTURE,2022-05-09 06:12:03,2022-05-09 06:13:05
2022-05-09 17:36:59,2022-05-09 17:39:05,In_Position_Upright,annotator,POSTURE,2022-05-09 06:13:05,2022-05-09 06:15:11
2022-05-09 17:39:05,2022-05-09 17:39:40,In_Position_Upright,annotator,POSTURE,2022-05-09 06:15:11,2022-05-09 06:15:46
2022-05-09 17:39:40,2022-05-09 17:41:25,In_Position_Upright,annotator,POSTURE,2022-05-09 06:15:46,2022-05-09 06:17:31
2022-05-09 17:41:25,2022-05-09 17:41:42,In_Position_Upright,annotator,POSTURE,2022-05-09 06:17:31,2022-05-09 06:17:48
2022-05-09 17:41:42,2022-05-09 17:41:48,In_Position_Upright,annotator,POSTURE,2022-05-09 06:17:48,2022-05-09 06:17:54
2022-05-09 17:41:48,2022-05-09 17:42:50,In_Position_Upright,annotator,POSTURE,2022-05-09 06:17:54,2022-05-09 06:18:56
2022-05-09 17:42:50,2022-05-09 17:43:14,In_Position_Upright,annotator,POSTURE,2022-05-09 06:18:56,2022-05-09 06:19:20
2022-05-09 17:43:14,2022-05-09 17:43:50,In_Position_Upright,annotator,POSTURE,2022-05-09 06:19:20,2022-05-09 06:19:56
2022-05-09 17:43:50,2022-05-09 17:44:21,In_Position_Upright,annotator,POSTURE,2022-05-09 06:19:56,2022-05-09 06:20:27
2022-05-09 17:44:21,2022-05-09 17:44:29,In_Position_Upright,annotator,POSTURE,2022-05-09 06:20:27,2022-05-09 06:20:35
2022-05-09 17:44:29,2022-05-09 17:44:47,In_Position_Upright,annotator,POSTURE,2022-05-09 06:20:35,2022-05-09 06:20:53
2022-05-09 17:44:47,2022-05-09 17:45:04,In_Position_Upright,annotator,POSTURE,2022-05-09 06:20:53,2022-05-09 06:21:10
2022-05-09 17:45:04,2022-05-09 17:45:22,In_Position_Upright,annotator,POSTURE,2022-05-09 06:21:10,2022-05-09 06:21:28
2022-05-09 17:45:22,2022-05-09 17:54:37,In_Position_Upright,annotator,POSTURE,2022-05-09 06:21:28,2022-05-09 06:30:43
2022-05-09 17:54:37,2022-05-09 17:54:55,In_Position_Upright,annotator,POSTURE,2022-05-09 06:30:43,2022-05-09 06:31:01
2022-05-09 17:55:00,2022-05-09 18:00:02,In_Position_Sitting,annotator,POSTURE,2022-05-09 06:31:06,2022-05-09 06:36:08
2022-05-09 18:00:03,2022-05-09 18:00:11,In_Position_Upright,annotator,POSTURE,2022-05-09 06:36:09,2022-05-09 06:36:17
2022-05-09 18:00:11,2022-05-09 18:01:11,In_Position_Upright,annotator,POSTURE,2022-05-09 06:36:17,2022-05-09 06:37:17
2022-05-09 18:01:11,2022-05-09 18:01:28,In_Position_Upright,annotator,POSTURE,2022-05-09 06:37:17,2022-05-09 06:37:34
2022-05-09 18:01:28,2022-05-09 18:01:34,In_Position_Sitting,annotator,POSTURE,2022-05-09 06:37:34,2022-05-09 06:37:40
2022-05-09 18:01:34,2022-05-09 18:06:49,In_Position_Sitting,annotator,POSTURE,2022-05-09 06:37:40,2022-05-09 06:42:55
2022-05-09 18:06:53,2022-05-09 18:06:57,In_Position_Upright,annotator,POSTURE,2022-05-09 06:42:59,2022-05-09 06:43:03
2022-05-09 18:06:57,2022-05-09 18:07:23,In_Position_Upright,annotator,POSTURE,2022-05-09 06:43:03,2022-05-09 06:43:29
2022-05-09 18:07:23,2022-05-09 18:08:20,In_Position_Upright,annotator,POSTURE,2022-05-09 06:43:29,2022-05-09 06:44:26
2022-05-09 18:08:20,2022-05-09 18:08:39,In_Position_Upright,annotator,POSTURE,2022-05-09 06:44:26,2022-05-09 06:44:45
2022-05-09 18:08:39,2022-05-09 18:09:04,In_Position_Upright,annotator,POSTURE,2022-05-09 06:44:45,2022-05-09 06:45:10
2022-05-09 18:09:04,2022-05-09 18:09:21,In_Position_Upright,annotator,POSTURE,2022-05-09 06:45:10,2022-05-09 06:45:27
2022-05-09 18:09:21,2022-05-09 18:09:47,In_Position_Upright,annotator,POSTURE,2022-05-09 06:45:27,2022-05-09 06:45:53
2022-05-09 18:09:47,2022-05-09 18:17:10,In_Position_Sitting,annotator,POSTURE,2022-05-09 06:45:53,2022-05-09 06:53:16
2022-05-09 18:17:10,2022-05-09 18:17:47,In_Position_Upright,annotator,POSTURE,2022-05-09 06:53:16,2022-05-09 06:53:53
2022-05-09 18:17:47,2022-05-09 18:17:59,In_Position_Upright,annotator,POSTURE,2022-05-09 06:53:53,2022-05-09 06:54:05
2022-05-09 18:17:59,2022-05-09 18:56:07,Lying_On_Back,annotator,POSTURE,2022-05-09 06:54:05,2022-05-09 07:32:13
2022-05-09 18:56:07,2022-05-09 19:00:47,Posture_Indecipherable/Video_Insufficient,annotator,POSTURE,2022-05-09 07:32:13,2022-05-09 07:36:53
2022-05-09 19:00:47,2022-05-09 19:08:17,Lying_On_Back,annotator,POSTURE,2022-05-09 07:36:53,2022-05-09 07:44:23
2022-05-09 19:08:19,2022-05-09 19:08:34,In_Position_Upright,annotator,POSTURE,2022-05-09 07:44:25,2022-05-09 07:44:40
2022-05-09 19:08:34,2022-05-09 19:08:58,In_Position_Upright,annotator,POSTURE,2022-05-09 07:44:40,2022-05-09 07:45:04
2022-05-09 19:08:58,2022-05-09 19:09:10,In_Position_Upright,annotator,POSTURE,2022-05-09 07:45:04,2022-05-09 07:45:16
2022-05-09 19:09:10,2022-05-09 19:09:22,In_Position_Upright,annotator,POSTURE,2022-05-09 07:45:16,2022-05-09 07:45:28
2022-05-09 19:09:22,2022-05-09 19:09:35,In_Position_Upright,annotator,POSTURE,2022-05-09 07:45:28,2022-05-09 07:45:41
2022-05-09 19:09:35,2022-05-09 19:10:23,In_Position_Upright,annotator,POSTURE,2022-05-09 07:45:41,2022-05-09 07:46:29
2022-05-09 19:10:23,2022-05-09 19:10:40,In_Position_Upright,annotator,POSTURE,2022-05-09 07:46:29,2022-05-09 07:46:46
2022-05-09 19:10:40,2022-05-09 19:10:46,In_Position_Upright,annotator,POSTURE,2022-05-09 07:46:46,2022-05-09 07:46:52
2022-05-09 19:10:46,2022-05-09 19:11:42,In_Position_Upright,annotator,POSTURE,2022-05-09 07:46:52,2022-05-09 07:47:48
2022-05-09 19:11:42,2022-05-09 19:12:58,In_Position_Upright,annotator,POSTURE,2022-05-09 07:47:48,2022-05-09 07:49:04
2022-05-09 19:12:58,2022-05-09 19:17:10,Posture_Indecipherable/Video_Insufficient,annotator,POSTURE,2022-05-09 07:49:04,2022-05-09 07:53:16
2022-05-09 19:17:10,2022-05-09 19:17:43,In_Position_Upright,annotator,POSTURE,2022-05-09 07:53:16,2022-05-09 07:53:49
2022-05-09 19:17:43,2022-05-09 19:18:58,In_Position_Upright,annotator,POSTURE,2022-05-09 07:53:49,2022-05-09 07:55:04
2022-05-09 19:18:58,2022-05-09 19:19:06,In_Position_Upright,annotator,POSTURE,2022-05-09 07:55:04,2022-05-09 07:55:12
2022-05-09 19:19:06,2022-05-09 19:20:01,In_Position_Upright,annotator,POSTURE,2022-05-09 07:55:12,2022-05-09 07:56:07
2022-05-09 19:20:01,2022-05-09 19:20:56,Posture_Indecipherable/Video_Insufficient,annotator,POSTURE,2022-05-09 07:56:07,2022-05-09 07:57:02
2022-05-09 19:20:56,2022-05-09 19:21:27,In_Position_Upright,annotator,POSTURE,2022-05-09 07:57:02,2022-05-09 07:57:33
2022-05-09 19:21:27,2022-05-09 19:21:38,In_Position_Upright,annotator,POSTURE,2022-05-09 07:57:33,2022-05-09 07:57:44
2022-05-09 19:21:38,2022-05-09 19:21:38,In_Position_Upright,annotator,POSTURE,2022-05-09 07:57:44,2022-05-09 07:57:44
2022-05-09 19:21:40,2022-05-09 19:21:44,In_Position_Upright,annotator,POSTURE,2022-05-09 07:57:46,2022-05-09 07:57:50
2022-05-09 19:21:44,2022-05-09 19:23:31,In_Position_Upright,annotator,POSTURE,2022-05-09 07:57:50,2022-05-09 07:59:37
2022-05-09 19:23:31,2022-05-09 19:53:25,In_Position_Upright,annotator,POSTURE,2022-05-09 07:59:37,2022-05-09 08:29:31
2022-05-09 19:53:26,2022-05-09 19:53:45,In_Position_Upright,annotator,POSTURE,2022-05-09 08:29:32,2022-05-09 08:29:51
2022-05-09 19:53:45,2022-05-09 19:53:53,In_Position_Upright,annotator,POSTURE,2022-05-09 08:29:51,2022-05-09 08:29:59
2022-05-09 19:53:53,2022-05-09 19:54:23,In_Position_Upright,annotator,POSTURE,2022-05-09 08:29:59,2022-05-09 08:30:29
2022-05-09 19:54:23,2022-05-09 19:54:35,In_Position_Upright,annotator,POSTURE,2022-05-09 08:30:29,2022-05-09 08:30:41
2022-05-09 19:54:35,2022-05-09 19:54:52,In_Position_Upright,annotator,POSTURE,2022-05-09 08:30:41,2022-05-09 08:30:58
2022-05-09 19:54:52,2022-05-09 19:55:36,In_Position_Upright,annotator,POSTURE,2022-05-09 08:30:58,2022-05-09 08:31:42
2022-05-09 19:55:36,2022-05-09 19:55:44,In_Position_Sitting,annotator,POSTURE,2022-05-09 08:31:42,2022-05-09 08:31:50
2022-05-09 19:55:44,2022-05-09 19:56:04,In_Position_Sitting,annotator,POSTURE,2022-05-09 08:31:50,2022-05-09 08:32:10
2022-05-09 19:56:04,2022-05-09 19:58:10,In_Position_Sitting,annotator,POSTURE,2022-05-09 08:32:10,2022-05-09 08:34:16
2022-05-09 19:58:10,2022-05-09 19:58:20,In_Position_Sitting,annotator,POSTURE,2022-05-09 08:34:16,2022-05-09 08:34:26
2022-05-09 19:58:20,2022-05-09 19:59:06,In_Position_Sitting,annotator,POSTURE,2022-05-09 08:34:26,2022-05-09 08:35:12
2022-05-09 19:59:06,2022-05-09 19:59:39,In_Position_Sitting,annotator,POSTURE,2022-05-09 08:35:12,2022-05-09 08:35:45
2022-05-09 19:59:39,2022-05-09 20:00:59,In_Position_Sitting,annotator,POSTURE,2022-05-09 08:35:45,2022-05-09 08:37:05
2022-05-09 20:00:59,2022-05-09 20:01:36,In_Position_Sitting,annotator,POSTURE,2022-05-09 08:37:05,2022-05-09 08:37:42
2022-05-09 20:01:36,2022-05-09 20:01:49,In_Position_Sitting,annotator,POSTURE,2022-05-09 08:37:42,2022-05-09 08:37:55
2022-05-09 20:01:49,2022-05-09 20:04:59,In_Position_Sitting,annotator,POSTURE,2022-05-09 08:37:55,2022-05-09 08:41:05
2022-05-09 20:04:59,2022-05-09 20:05:22,In_Position_Upright,annotator,POSTURE,2022-05-09 08:41:05,2022-05-09 08:41:28
2022-05-09 20:05:22,2022-05-09 20:05:45,In_Position_Sitting,annotator,POSTURE,2022-05-09 08:41:28,2022-05-09 08:41:51
2022-05-09 20:05:49,2022-05-09 20:05:57,In_Position_Upright,annotator,POSTURE,2022-05-09 08:41:55,2022-05-09 08:42:03
2022-05-09 20:05:57,2022-05-09 20:48:35,In_Position_Sitting,annotator,POSTURE,2022-05-09 08:42:03,2022-05-09 09:24:41
2022-05-09 20:48:35,2022-05-09 20:49:29,In_Position_Sitting,annotator,POSTURE,2022-05-09 09:24:41,2022-05-09 09:25:35
2022-05-09 20:49:29,2022-05-09 20:50:07,In_Position_Sitting,annotator,POSTURE,2022-05-09 09:25:35,2022-05-09 09:26:13
2022-05-09 20:50:07,2022-05-09 20:50:42,In_Position_Upright,annotator,POSTURE,2022-05-09 09:26:13,2022-05-09 09:26:48
2022-05-09 20:50:42,2022-05-09 20:50:48,In_Position_Upright,annotator,POSTURE,2022-05-09 09:26:48,2022-05-09 09:26:54
2022-05-09 20:50:48,2022-05-09 20:50:57,In_Position_Upright,annotator,POSTURE,2022-05-09 09:26:54,2022-05-09 09:27:03
2022-05-09 20:50:57,2022-05-09 20:51:01,In_Position_Upright,annotator,POSTURE,2022-05-09 09:27:03,2022-05-09 09:27:07
2022-05-09 20:51:01,2022-05-09 20:52:00,In_Position_Upright,annotator,POSTURE,2022-05-09 09:27:07,2022-05-09 09:28:06
2022-05-09 20:52:00,2022-05-09 20:52:15,In_Position_Upright,annotator,POSTURE,2022-05-09 09:28:06,2022-05-09 09:28:21
2022-05-09 20:52:15,2022-05-09 20:52:25,In_Position_Upright,annotator,POSTURE,2022-05-09 09:28:21,2022-05-09 09:28:31
2022-05-09 20:52:25,2022-05-09 20:52:42,In_Position_Upright,annotator,POSTURE,2022-05-09 09:28:31,2022-05-09 09:28:48
2022-05-09 20:52:42,2022-05-09 20:52:47,In_Position_Upright,annotator,POSTURE,2022-05-09 09:28:48,2022-05-09 09:28:53
2022-05-09 20:52:47,2022-05-09 20:52:48,In_Position_Upright,annotator,POSTURE,2022-05-09 09:28:53,2022-05-09 09:28:54
2022-05-09 20:52:48,2022-05-09 20:53:05,In_Position_Upright,annotator,POSTURE,2022-05-09 09:28:54,2022-05-09 09:29:11
2022-05-09 20:53:05,2022-05-09 20:53:22,In_Position_Upright,annotator,POSTURE,2022-05-09 09:29:11,2022-05-09 09:29:28
2022-05-09 20:53:22,2022-05-09 20:57:11,In_Position_Upright,annotator,POSTURE,2022-05-09 09:29:28,2022-05-09 09:33:17
2022-05-09 20:57:11,2022-05-09 20:57:24,In_Position_Upright,annotator,POSTURE,2022-05-09 09:33:17,2022-05-09 09:33:30
2022-05-09 20:57:24,2022-05-09 20:59:40,In_Position_Upright,annotator,POSTURE,2022-05-09 09:33:30,2022-05-09 09:35:46
2022-05-09 20:59:40,2022-05-09 21:05:05,In_Position_Upright,annotator,POSTURE,2022-05-09 09:35:46,2022-05-09 09:41:11
2022-05-09 21:05:05,2022-05-09 21:05:44,Posture_Indecipherable/Video_Insufficient,annotator,POSTURE,2022-05-09 09:41:11,2022-05-09 09:41:50
2022-05-09 21:05:44,2022-05-09 21:06:03,In_Position_Upright,annotator,POSTURE,2022-05-09 09:41:50,2022-05-09 09:42:09
2022-05-09 21:06:03,2022-05-09 21:06:22,In_Position_Upright,annotator,POSTURE,2022-05-09 09:42:09,2022-05-09 09:42:28
2022-05-09 21:06:22,2022-05-09 21:06:33,In_Position_Upright,annotator,POSTURE,2022-05-09 09:42:28,2022-05-09 09:42:39
2022-05-09 21:06:33,2022-05-09 21:07:49,In_Position_Upright,annotator,POSTURE,2022-05-09 09:42:39,2022-05-09 09:43:55
2022-05-09 21:07:49,2022-05-09 21:11:56,In_Position_Upright,annotator,POSTURE,2022-05-09 09:43:55,2022-05-09 09:48:02
2022-05-09 21:11:56,2022-05-09 21:12:00,In_Position_Upright,annotator,POSTURE,2022-05-09 09:48:02,2022-05-09 09:48:06
2022-05-09 21:12:00,2022-05-09 21:12:37,In_Position_Upright,annotator,POSTURE,2022-05-09 09:48:06,2022-05-09 09:48:43
2022-05-09 21:12:37,2022-05-09 21:12:58,In_Position_Upright,annotator,POSTURE,2022-05-09 09:48:43,2022-05-09 09:49:04
2022-05-09 21:12:58,2022-05-09 21:13:23,In_Position_Upright,annotator,POSTURE,2022-05-09 09:49:04,2022-05-09 09:49:29
2022-05-09 21:13:23,2022-05-09 21:13:52,In_Position_Upright,annotator,POSTURE,2022-05-09 09:49:29,2022-05-09 09:49:58
