START_TIME,STOP_TIME,PREDICTION,SOURCE,LABELSET,VIDEO_START_TIME,VIDEO_END_TIME
2022-04-18 07:49:48,2022-04-18 07:50:59,Free_Living,annotator,Experimental situation,2022-04-18 00:00:24,2022-04-18 00:01:35
2022-04-18 07:50:59,2022-04-18 07:59:11,Free_Living,annotator,Experimental situation,2022-04-18 00:01:35,2022-04-18 00:09:47
2022-04-18 07:59:11,2022-04-18 07:59:27,Free_Living,annotator,Experimental situation,2022-04-18 00:09:47,2022-04-18 00:10:03
2022-04-18 07:59:27,2022-04-18 07:59:51,Free_Living,annotator,Experimental situation,2022-04-18 00:10:03,2022-04-18 00:10:27
2022-04-18 07:59:51,2022-04-18 08:01:46,Free_Living,annotator,Experimental situation,2022-04-18 00:10:27,2022-04-18 00:12:22
2022-04-18 08:01:46,2022-04-18 08:06:39,Free_Living,annotator,Experimental situation,2022-04-18 00:12:22,2022-04-18 00:17:15
2022-04-18 08:06:39,2022-04-18 08:09:06,Free_Living,annotator,Experimental situation,2022-04-18 00:17:15,2022-04-18 00:19:42
2022-04-18 08:09:06,2022-04-18 09:26:25,Free_Living,annotator,Experimental situation,2022-04-18 00:19:42,2022-04-18 01:37:01
2022-04-18 09:26:25,2022-04-18 09:28:53,Free_Living,annotator,Experimental situation,2022-04-18 01:37:01,2022-04-18 01:39:29
2022-04-18 09:28:53,2022-04-18 10:29:23,Free_Living,annotator,Experimental situation,2022-04-18 01:39:29,2022-04-18 02:39:59
2022-04-18 10:29:23,2022-04-18 10:31:18,Free_Living,annotator,Experimental situation,2022-04-18 02:39:59,2022-04-18 02:41:54
2022-04-18 10:31:18,2022-04-18 10:32:01,Free_Living,annotator,Experimental situation,2022-04-18 02:41:54,2022-04-18 02:42:37
2022-04-18 10:32:01,2022-04-18 10:32:31,Free_Living,annotator,Experimental situation,2022-04-18 02:42:37,2022-04-18 02:43:07
2022-04-18 10:32:31,2022-04-18 10:33:41,Free_Living,annotator,Experimental situation,2022-04-18 02:43:07,2022-04-18 02:44:17
2022-04-18 10:33:41,2022-04-18 10:34:53,Free_Living,annotator,Experimental situation,2022-04-18 02:44:17,2022-04-18 02:45:29
2022-04-18 10:34:53,2022-04-18 10:35:24,Free_Living,annotator,Experimental situation,2022-04-18 02:45:29,2022-04-18 02:46:00
2022-04-18 10:35:24,2022-04-18 10:40:43,Free_Living,annotator,Experimental situation,2022-04-18 02:46:00,2022-04-18 02:51:19
2022-04-18 10:40:43,2022-04-18 10:43:36,Free_Living,annotator,Experimental situation,2022-04-18 02:51:19,2022-04-18 02:54:12
2022-04-18 10:43:36,2022-04-18 10:45:48,Free_Living,annotator,Experimental situation,2022-04-18 02:54:12,2022-04-18 02:56:24
2022-04-18 10:45:48,2022-04-18 10:47:20,Free_Living,annotator,Experimental situation,2022-04-18 02:56:24,2022-04-18 02:57:56
2022-04-18 10:47:20,2022-04-18 10:47:23,Free_Living,annotator,Experimental situation,2022-04-18 02:57:56,2022-04-18 02:57:59
2022-04-18 10:47:23,2022-04-18 10:47:43,Free_Living,annotator,Experimental situation,2022-04-18 02:57:59,2022-04-18 02:58:19
2022-04-18 10:47:43,2022-04-18 10:50:23,Free_Living,annotator,Experimental situation,2022-04-18 02:58:19,2022-04-18 03:00:59
2022-04-18 10:50:23,2022-04-18 10:52:35,Free_Living,annotator,Experimental situation,2022-04-18 03:00:59,2022-04-18 03:03:11
2022-04-18 10:52:35,2022-04-18 10:56:39,Free_Living,annotator,Experimental situation,2022-04-18 03:03:11,2022-04-18 03:07:15
2022-04-18 10:56:39,2022-04-18 11:00:42,Free_Living,annotator,Experimental situation,2022-04-18 03:07:15,2022-04-18 03:11:18
2022-04-18 11:00:42,2022-04-18 11:03:36,Free_Living,annotator,Experimental situation,2022-04-18 03:11:18,2022-04-18 03:14:12
2022-04-18 11:03:39,2022-04-18 11:08:11,Free_Living,annotator,Experimental situation,2022-04-18 03:14:15,2022-04-18 03:18:47
2022-04-18 11:08:11,2022-04-18 11:14:36,Free_Living,annotator,Experimental situation,2022-04-18 03:18:47,2022-04-18 03:25:12
2022-04-18 11:14:36,2022-04-18 11:19:36,Free_Living,annotator,Experimental situation,2022-04-18 03:25:12,2022-04-18 03:30:12
2022-04-18 11:19:36,2022-04-18 11:20:30,Free_Living,annotator,Experimental situation,2022-04-18 03:30:12,2022-04-18 03:31:06
2022-04-18 11:20:30,2022-04-18 11:28:02,Free_Living,annotator,Experimental situation,2022-04-18 03:31:06,2022-04-18 03:38:38
2022-04-18 11:28:02,2022-04-18 11:37:21,Free_Living,annotator,Experimental situation,2022-04-18 03:38:38,2022-04-18 03:47:57
2022-04-18 11:37:21,2022-04-18 11:38:29,Free_Living,annotator,Experimental situation,2022-04-18 03:47:57,2022-04-18 03:49:05
2022-04-18 11:38:29,2022-04-18 11:42:18,Free_Living,annotator,Experimental situation,2022-04-18 03:49:05,2022-04-18 03:52:54
2022-04-18 11:42:18,2022-04-18 11:54:25,Free_Living,annotator,Experimental situation,2022-04-18 03:52:54,2022-04-18 04:05:01
2022-04-18 11:54:25,2022-04-18 12:06:03,Free_Living,annotator,Experimental situation,2022-04-18 04:05:01,2022-04-18 04:16:39
2022-04-18 12:06:03,2022-04-18 12:25:21,Free_Living,annotator,Experimental situation,2022-04-18 04:16:39,2022-04-18 04:35:57
2022-04-18 12:25:21,2022-04-18 12:39:48,Free_Living,annotator,Experimental situation,2022-04-18 04:35:57,2022-04-18 04:50:24
2022-04-18 12:39:48,2022-04-18 12:41:20,Free_Living,annotator,Experimental situation,2022-04-18 04:50:24,2022-04-18 04:51:56
2022-04-18 12:41:20,2022-04-18 13:13:28,Free_Living,annotator,Experimental situation,2022-04-18 04:51:56,2022-04-18 05:24:04
2022-04-18 13:13:28,2022-04-18 13:31:14,Free_Living,annotator,Experimental situation,2022-04-18 05:24:04,2022-04-18 05:41:50
2022-04-18 13:31:14,2022-04-18 14:10:48,Free_Living,annotator,Experimental situation,2022-04-18 05:41:50,2022-04-18 06:21:24
2022-04-18 14:10:48,2022-04-18 14:16:18,Free_Living,annotator,Experimental situation,2022-04-18 06:21:24,2022-04-18 06:26:54
2022-04-18 14:16:19,2022-04-18 14:32:08,Free_Living,annotator,Experimental situation,2022-04-18 06:26:55,2022-04-18 06:42:44
2022-04-18 14:32:10,2022-04-18 14:32:19,Free_Living,annotator,Experimental situation,2022-04-18 06:42:46,2022-04-18 06:42:55
2022-04-18 14:32:20,2022-04-18 14:44:56,Free_Living,annotator,Experimental situation,2022-04-18 06:42:56,2022-04-18 06:55:32
2022-04-18 14:45:01,2022-04-18 14:46:17,Free_Living,annotator,Experimental situation,2022-04-18 06:55:37,2022-04-18 06:56:53
2022-04-18 14:46:19,2022-04-18 14:52:12,Free_Living,annotator,Experimental situation,2022-04-18 06:56:55,2022-04-18 07:02:48
2022-04-18 14:52:13,2022-04-18 14:52:23,Free_Living,annotator,Experimental situation,2022-04-18 07:02:49,2022-04-18 07:02:59
2022-04-18 14:52:25,2022-04-18 14:55:11,Free_Living,annotator,Experimental situation,2022-04-18 07:03:01,2022-04-18 07:05:47
2022-04-18 14:55:14,2022-04-18 14:55:54,Free_Living,annotator,Experimental situation,2022-04-18 07:05:50,2022-04-18 07:06:30
2022-04-18 14:55:57,2022-04-18 14:57:04,Free_Living,annotator,Experimental situation,2022-04-18 07:06:33,2022-04-18 07:07:40
2022-04-18 14:57:06,2022-04-18 14:57:12,Free_Living,annotator,Experimental situation,2022-04-18 07:07:42,2022-04-18 07:07:48
2022-04-18 14:57:13,2022-04-18 14:59:03,Free_Living,annotator,Experimental situation,2022-04-18 07:07:49,2022-04-18 07:09:39
2022-04-18 14:59:05,2022-04-18 15:00:09,Free_Living,annotator,Experimental situation,2022-04-18 07:09:41,2022-04-18 07:10:45
2022-04-18 15:00:16,2022-04-18 15:01:21,Free_Living,annotator,Experimental situation,2022-04-18 07:10:52,2022-04-18 07:11:57
2022-04-18 15:01:23,2022-04-18 15:09:06,Free_Living,annotator,Experimental situation,2022-04-18 07:11:59,2022-04-18 07:19:42
2022-04-18 15:09:09,2022-04-18 15:34:49,Free_Living,annotator,Experimental situation,2022-04-18 07:19:45,2022-04-18 07:45:25
2022-04-18 15:34:49,2022-04-18 15:35:45,Free_Living,annotator,Experimental situation,2022-04-18 07:45:25,2022-04-18 07:46:21
2022-04-18 15:35:50,2022-04-18 15:36:02,Free_Living,annotator,Experimental situation,2022-04-18 07:46:26,2022-04-18 07:46:38
2022-04-18 15:36:05,2022-04-18 15:36:39,Free_Living,annotator,Experimental situation,2022-04-18 07:46:41,2022-04-18 07:47:15
2022-04-18 15:36:42,2022-04-18 15:36:55,Free_Living,annotator,Experimental situation,2022-04-18 07:47:18,2022-04-18 07:47:31
2022-04-18 15:36:56,2022-04-18 15:37:10,Free_Living,annotator,Experimental situation,2022-04-18 07:47:32,2022-04-18 07:47:46
2022-04-18 15:37:12,2022-04-18 15:37:24,Free_Living,annotator,Experimental situation,2022-04-18 07:47:48,2022-04-18 07:48:00
2022-04-18 15:37:25,2022-04-18 15:37:56,Free_Living,annotator,Experimental situation,2022-04-18 07:48:01,2022-04-18 07:48:32
2022-04-18 15:37:57,2022-04-18 15:38:00,Free_Living,annotator,Experimental situation,2022-04-18 07:48:33,2022-04-18 07:48:36
2022-04-18 15:38:02,2022-04-18 15:49:49,Free_Living,annotator,Experimental situation,2022-04-18 07:48:38,2022-04-18 08:00:25
2022-04-18 15:49:50,2022-04-18 15:53:12,Free_Living,annotator,Experimental situation,2022-04-18 08:00:26,2022-04-18 08:03:48
2022-04-18 15:53:12,2022-04-18 15:53:57,Free_Living,annotator,Experimental situation,2022-04-18 08:03:48,2022-04-18 08:04:33
2022-04-18 15:53:58,2022-04-18 15:56:53,Free_Living,annotator,Experimental situation,2022-04-18 08:04:34,2022-04-18 08:07:29
2022-04-18 15:57:02,2022-04-18 16:05:12,Free_Living,annotator,Experimental situation,2022-04-18 08:07:38,2022-04-18 08:15:48
2022-04-18 16:05:14,2022-04-18 16:07:00,Free_Living,annotator,Experimental situation,2022-04-18 08:15:50,2022-04-18 08:17:36
2022-04-18 16:07:14,2022-04-18 16:10:37,Free_Living,annotator,Experimental situation,2022-04-18 08:17:50,2022-04-18 08:21:13
2022-04-18 16:10:40,2022-04-18 16:10:48,Free_Living,annotator,Experimental situation,2022-04-18 08:21:16,2022-04-18 08:21:24
2022-04-18 16:10:50,2022-04-18 16:12:28,Free_Living,annotator,Experimental situation,2022-04-18 08:21:26,2022-04-18 08:23:04
2022-04-18 16:12:30,2022-04-18 16:12:49,Free_Living,annotator,Experimental situation,2022-04-18 08:23:06,2022-04-18 08:23:25
2022-04-18 16:12:53,2022-04-18 16:13:06,Free_Living,annotator,Experimental situation,2022-04-18 08:23:29,2022-04-18 08:23:42
2022-04-18 16:13:09,2022-04-18 16:13:19,Free_Living,annotator,Experimental situation,2022-04-18 08:23:45,2022-04-18 08:23:55
2022-04-18 16:13:27,2022-04-18 16:13:50,Free_Living,annotator,Experimental situation,2022-04-18 08:24:03,2022-04-18 08:24:26
2022-04-18 16:13:57,2022-04-18 16:15:37,Free_Living,annotator,Experimental situation,2022-04-18 08:24:33,2022-04-18 08:26:13
2022-04-18 16:15:40,2022-04-18 16:20:26,Free_Living,annotator,Experimental situation,2022-04-18 08:26:16,2022-04-18 08:31:02
2022-04-18 16:20:31,2022-04-18 16:21:06,Free_Living,annotator,Experimental situation,2022-04-18 08:31:07,2022-04-18 08:31:42
2022-04-18 16:21:07,2022-04-18 16:21:33,Free_Living,annotator,Experimental situation,2022-04-18 08:31:43,2022-04-18 08:32:09
2022-04-18 16:21:34,2022-04-18 16:22:19,Free_Living,annotator,Experimental situation,2022-04-18 08:32:10,2022-04-18 08:32:55
2022-04-18 16:22:20,2022-04-18 16:23:18,Free_Living,annotator,Experimental situation,2022-04-18 08:32:56,2022-04-18 08:33:54
2022-04-18 16:23:18,2022-04-18 16:23:38,Free_Living,annotator,Experimental situation,2022-04-18 08:33:54,2022-04-18 08:34:14
2022-04-18 16:23:40,2022-04-18 16:24:00,Free_Living,annotator,Experimental situation,2022-04-18 08:34:16,2022-04-18 08:34:36
2022-04-18 16:24:01,2022-04-18 16:24:34,Free_Living,annotator,Experimental situation,2022-04-18 08:34:37,2022-04-18 08:35:10
2022-04-18 16:24:37,2022-04-18 16:26:04,Free_Living,annotator,Experimental situation,2022-04-18 08:35:13,2022-04-18 08:36:40
2022-04-18 16:26:06,2022-04-18 16:26:19,Free_Living,annotator,Experimental situation,2022-04-18 08:36:42,2022-04-18 08:36:55
2022-04-18 16:26:23,2022-04-18 16:29:09,Free_Living,annotator,Experimental situation,2022-04-18 08:36:59,2022-04-18 08:39:45
2022-04-18 16:29:10,2022-04-18 16:30:21,Free_Living,annotator,Experimental situation,2022-04-18 08:39:46,2022-04-18 08:40:57
2022-04-18 16:30:23,2022-04-18 16:30:46,Free_Living,annotator,Experimental situation,2022-04-18 08:40:59,2022-04-18 08:41:22
2022-04-18 16:30:49,2022-04-18 16:32:03,Free_Living,annotator,Experimental situation,2022-04-18 08:41:25,2022-04-18 08:42:39
2022-04-18 16:32:04,2022-04-18 16:32:08,Free_Living,annotator,Experimental situation,2022-04-18 08:42:40,2022-04-18 08:42:44
2022-04-18 16:32:16,2022-04-18 16:32:21,Free_Living,annotator,Experimental situation,2022-04-18 08:42:52,2022-04-18 08:42:57
2022-04-18 16:32:22,2022-04-18 16:32:45,Free_Living,annotator,Experimental situation,2022-04-18 08:42:58,2022-04-18 08:43:21
2022-04-18 16:32:45,2022-04-18 16:32:51,Free_Living,annotator,Experimental situation,2022-04-18 08:43:21,2022-04-18 08:43:27
2022-04-18 16:32:52,2022-04-18 16:33:38,Free_Living,annotator,Experimental situation,2022-04-18 08:43:28,2022-04-18 08:44:14
2022-04-18 16:33:40,2022-04-18 16:33:49,Free_Living,annotator,Experimental situation,2022-04-18 08:44:16,2022-04-18 08:44:25
2022-04-18 16:33:49,2022-04-18 16:34:21,Free_Living,annotator,Experimental situation,2022-04-18 08:44:25,2022-04-18 08:44:57
2022-04-18 16:34:24,2022-04-18 16:34:33,Free_Living,annotator,Experimental situation,2022-04-18 08:45:00,2022-04-18 08:45:09
2022-04-18 16:34:34,2022-04-18 16:35:14,Free_Living,annotator,Experimental situation,2022-04-18 08:45:10,2022-04-18 08:45:50
2022-04-18 16:35:15,2022-04-18 16:35:52,Free_Living,annotator,Experimental situation,2022-04-18 08:45:51,2022-04-18 08:46:28
2022-04-18 16:35:53,2022-04-18 16:42:55,Free_Living,annotator,Experimental situation,2022-04-18 08:46:29,2022-04-18 08:53:31
2022-04-18 16:42:56,2022-04-18 16:44:21,Free_Living,annotator,Experimental situation,2022-04-18 08:53:32,2022-04-18 08:54:57
2022-04-18 16:44:24,2022-04-18 16:45:37,Free_Living,annotator,Experimental situation,2022-04-18 08:55:00,2022-04-18 08:56:13
2022-04-18 16:45:40,2022-04-18 16:46:15,Free_Living,annotator,Experimental situation,2022-04-18 08:56:16,2022-04-18 08:56:51
2022-04-18 16:46:16,2022-04-18 16:46:42,Free_Living,annotator,Experimental situation,2022-04-18 08:56:52,2022-04-18 08:57:18
2022-04-18 16:46:45,2022-04-18 16:46:54,Free_Living,annotator,Experimental situation,2022-04-18 08:57:21,2022-04-18 08:57:30
2022-04-18 16:46:55,2022-04-18 16:47:03,Free_Living,annotator,Experimental situation,2022-04-18 08:57:31,2022-04-18 08:57:39
2022-04-18 16:47:05,2022-04-18 16:47:41,Free_Living,annotator,Experimental situation,2022-04-18 08:57:41,2022-04-18 08:58:17
2022-04-18 16:47:41,2022-04-18 16:47:47,Free_Living,annotator,Experimental situation,2022-04-18 08:58:17,2022-04-18 08:58:23
2022-04-18 16:47:48,2022-04-18 16:49:53,Free_Living,annotator,Experimental situation,2022-04-18 08:58:24,2022-04-18 09:00:29
2022-04-18 16:49:54,2022-04-18 16:50:09,Free_Living,annotator,Experimental situation,2022-04-18 09:00:30,2022-04-18 09:00:45
2022-04-18 16:50:09,2022-04-18 16:50:27,Free_Living,annotator,Experimental situation,2022-04-18 09:00:45,2022-04-18 09:01:03
2022-04-18 16:50:28,2022-04-18 16:50:42,Free_Living,annotator,Experimental situation,2022-04-18 09:01:04,2022-04-18 09:01:18
2022-04-18 16:50:43,2022-04-18 16:53:20,Free_Living,annotator,Experimental situation,2022-04-18 09:01:19,2022-04-18 09:03:56
2022-04-18 16:53:21,2022-04-18 16:53:57,Free_Living,annotator,Experimental situation,2022-04-18 09:03:57,2022-04-18 09:04:33
2022-04-18 16:53:58,2022-04-18 16:55:01,Free_Living,annotator,Experimental situation,2022-04-18 09:04:34,2022-04-18 09:05:37
2022-04-18 16:55:02,2022-04-18 16:55:12,Free_Living,annotator,Experimental situation,2022-04-18 09:05:38,2022-04-18 09:05:48
2022-04-18 16:55:12,2022-04-18 16:55:39,Free_Living,annotator,Experimental situation,2022-04-18 09:05:48,2022-04-18 09:06:15
2022-04-18 16:55:39,2022-04-18 16:56:31,Free_Living,annotator,Experimental situation,2022-04-18 09:06:15,2022-04-18 09:07:07
2022-04-18 16:56:31,2022-04-18 16:57:04,Free_Living,annotator,Experimental situation,2022-04-18 09:07:07,2022-04-18 09:07:40
2022-04-18 16:57:05,2022-04-18 16:57:45,Free_Living,annotator,Experimental situation,2022-04-18 09:07:41,2022-04-18 09:08:21
2022-04-18 16:57:48,2022-04-18 16:57:56,Free_Living,annotator,Experimental situation,2022-04-18 09:08:24,2022-04-18 09:08:32
2022-04-18 16:57:58,2022-04-18 16:58:48,Free_Living,annotator,Experimental situation,2022-04-18 09:08:34,2022-04-18 09:09:24
2022-04-18 16:58:51,2022-04-18 16:59:27,Free_Living,annotator,Experimental situation,2022-04-18 09:09:27,2022-04-18 09:10:03
2022-04-18 16:59:29,2022-04-18 17:00:23,Free_Living,annotator,Experimental situation,2022-04-18 09:10:05,2022-04-18 09:10:59
2022-04-18 17:00:24,2022-04-18 17:01:36,Free_Living,annotator,Experimental situation,2022-04-18 09:11:00,2022-04-18 09:12:12
2022-04-18 17:01:37,2022-04-18 17:02:03,Free_Living,annotator,Experimental situation,2022-04-18 09:12:13,2022-04-18 09:12:39
2022-04-18 17:02:03,2022-04-18 17:02:57,Free_Living,annotator,Experimental situation,2022-04-18 09:12:39,2022-04-18 09:13:33
2022-04-18 17:02:58,2022-04-18 17:03:47,Free_Living,annotator,Experimental situation,2022-04-18 09:13:34,2022-04-18 09:14:23
2022-04-18 17:03:48,2022-04-18 17:04:06,Free_Living,annotator,Experimental situation,2022-04-18 09:14:24,2022-04-18 09:14:42
2022-04-18 17:04:07,2022-04-18 17:06:25,Free_Living,annotator,Experimental situation,2022-04-18 09:14:43,2022-04-18 09:17:01
2022-04-18 17:06:26,2022-04-18 17:06:54,Free_Living,annotator,Experimental situation,2022-04-18 09:17:02,2022-04-18 09:17:30
2022-04-18 17:06:54,2022-04-18 17:07:48,Free_Living,annotator,Experimental situation,2022-04-18 09:17:30,2022-04-18 09:18:24
2022-04-18 17:07:48,2022-04-18 17:08:13,Free_Living,annotator,Experimental situation,2022-04-18 09:18:24,2022-04-18 09:18:49
2022-04-18 17:08:13,2022-04-18 17:11:43,Free_Living,annotator,Experimental situation,2022-04-18 09:18:49,2022-04-18 09:22:19
2022-04-18 17:11:43,2022-04-18 17:12:08,Free_Living,annotator,Experimental situation,2022-04-18 09:22:19,2022-04-18 09:22:44
2022-04-18 17:12:08,2022-04-18 17:14:07,Free_Living,annotator,Experimental situation,2022-04-18 09:22:44,2022-04-18 09:24:43
2022-04-18 17:14:07,2022-04-18 17:14:37,Free_Living,annotator,Experimental situation,2022-04-18 09:24:43,2022-04-18 09:25:13
2022-04-18 17:14:37,2022-04-18 17:17:53,Free_Living,annotator,Experimental situation,2022-04-18 09:25:13,2022-04-18 09:28:29
2022-04-18 17:17:53,2022-04-18 17:19:03,Free_Living,annotator,Experimental situation,2022-04-18 09:28:29,2022-04-18 09:29:39
2022-04-18 17:19:03,2022-04-18 17:19:24,Free_Living,annotator,Experimental situation,2022-04-18 09:29:39,2022-04-18 09:30:00
2022-04-18 17:19:24,2022-04-18 17:19:46,Free_Living,annotator,Experimental situation,2022-04-18 09:30:00,2022-04-18 09:30:22
2022-04-18 17:19:47,2022-04-18 17:20:54,Free_Living,annotator,Experimental situation,2022-04-18 09:30:23,2022-04-18 09:31:30
2022-04-18 17:20:55,2022-04-18 17:21:32,Free_Living,annotator,Experimental situation,2022-04-18 09:31:31,2022-04-18 09:32:08
2022-04-18 17:21:33,2022-04-18 17:22:21,Free_Living,annotator,Experimental situation,2022-04-18 09:32:09,2022-04-18 09:32:57
2022-04-18 17:22:26,2022-04-18 17:22:54,Free_Living,annotator,Experimental situation,2022-04-18 09:33:02,2022-04-18 09:33:30
2022-04-18 17:22:54,2022-04-18 17:23:03,Free_Living,annotator,Experimental situation,2022-04-18 09:33:30,2022-04-18 09:33:39
2022-04-18 17:23:05,2022-04-18 17:23:11,Free_Living,annotator,Experimental situation,2022-04-18 09:33:41,2022-04-18 09:33:47
2022-04-18 17:23:13,2022-04-18 17:23:22,Free_Living,annotator,Experimental situation,2022-04-18 09:33:49,2022-04-18 09:33:58
2022-04-18 17:23:22,2022-04-18 17:23:37,Free_Living,annotator,Experimental situation,2022-04-18 09:33:58,2022-04-18 09:34:13
2022-04-18 17:23:38,2022-04-18 17:24:00,Free_Living,annotator,Experimental situation,2022-04-18 09:34:14,2022-04-18 09:34:36
2022-04-18 17:24:00,2022-04-18 17:26:23,Free_Living,annotator,Experimental situation,2022-04-18 09:34:36,2022-04-18 09:36:59
2022-04-18 17:26:24,2022-04-18 17:27:02,Free_Living,annotator,Experimental situation,2022-04-18 09:37:00,2022-04-18 09:37:38
2022-04-18 17:27:02,2022-04-18 17:27:34,Free_Living,annotator,Experimental situation,2022-04-18 09:37:38,2022-04-18 09:38:10
2022-04-18 17:27:36,2022-04-18 17:28:24,Free_Living,annotator,Experimental situation,2022-04-18 09:38:12,2022-04-18 09:39:00
2022-04-18 17:28:25,2022-04-18 17:28:46,Free_Living,annotator,Experimental situation,2022-04-18 09:39:01,2022-04-18 09:39:22
2022-04-18 17:28:46,2022-04-18 17:29:50,Free_Living,annotator,Experimental situation,2022-04-18 09:39:22,2022-04-18 09:40:26
2022-04-18 17:29:52,2022-04-18 17:30:28,Free_Living,annotator,Experimental situation,2022-04-18 09:40:28,2022-04-18 09:41:04
2022-04-18 17:30:29,2022-04-18 17:30:57,Free_Living,annotator,Experimental situation,2022-04-18 09:41:05,2022-04-18 09:41:33
2022-04-18 17:30:57,2022-04-18 17:31:33,Free_Living,annotator,Experimental situation,2022-04-18 09:41:33,2022-04-18 09:42:09
2022-04-18 17:31:34,2022-04-18 17:32:00,Free_Living,annotator,Experimental situation,2022-04-18 09:42:10,2022-04-18 09:42:36
2022-04-18 17:32:00,2022-04-18 17:32:15,Free_Living,annotator,Experimental situation,2022-04-18 09:42:36,2022-04-18 09:42:51
2022-04-18 17:32:16,2022-04-18 17:32:39,Free_Living,annotator,Experimental situation,2022-04-18 09:42:52,2022-04-18 09:43:15
2022-04-18 17:32:39,2022-04-18 17:33:01,Free_Living,annotator,Experimental situation,2022-04-18 09:43:15,2022-04-18 09:43:37
2022-04-18 17:33:02,2022-04-18 17:33:37,Free_Living,annotator,Experimental situation,2022-04-18 09:43:38,2022-04-18 09:44:13
2022-04-18 17:33:37,2022-04-18 17:33:49,Free_Living,annotator,Experimental situation,2022-04-18 09:44:13,2022-04-18 09:44:25
2022-04-18 17:33:50,2022-04-18 18:00:31,Free_Living,annotator,Experimental situation,2022-04-18 09:44:26,2022-04-18 10:11:07
2022-04-18 18:00:31,2022-04-18 18:00:41,Free_Living,annotator,Experimental situation,2022-04-18 10:11:07,2022-04-18 10:11:17
2022-04-18 18:00:43,2022-04-18 18:01:17,Free_Living,annotator,Experimental situation,2022-04-18 10:11:19,2022-04-18 10:11:53
2022-04-18 18:01:18,2022-04-18 18:01:34,Free_Living,annotator,Experimental situation,2022-04-18 10:11:54,2022-04-18 10:12:10
2022-04-18 18:01:36,2022-04-18 18:02:36,Free_Living,annotator,Experimental situation,2022-04-18 10:12:12,2022-04-18 10:13:12
2022-04-18 18:02:37,2022-04-18 18:02:52,Free_Living,annotator,Experimental situation,2022-04-18 10:13:13,2022-04-18 10:13:28
2022-04-18 18:02:52,2022-04-18 18:03:13,Free_Living,annotator,Experimental situation,2022-04-18 10:13:28,2022-04-18 10:13:49
2022-04-18 18:03:14,2022-04-18 18:03:28,Free_Living,annotator,Experimental situation,2022-04-18 10:13:50,2022-04-18 10:14:04
2022-04-18 18:03:28,2022-04-18 18:04:01,Free_Living,annotator,Experimental situation,2022-04-18 10:14:04,2022-04-18 10:14:37
2022-04-18 18:04:01,2022-04-18 18:04:06,Free_Living,annotator,Experimental situation,2022-04-18 10:14:37,2022-04-18 10:14:42
2022-04-18 18:04:09,2022-04-18 18:05:15,Free_Living,annotator,Experimental situation,2022-04-18 10:14:45,2022-04-18 10:15:51
2022-04-18 18:05:17,2022-04-18 18:05:38,Free_Living,annotator,Experimental situation,2022-04-18 10:15:53,2022-04-18 10:16:14
2022-04-18 18:05:38,2022-04-18 18:05:55,Free_Living,annotator,Experimental situation,2022-04-18 10:16:14,2022-04-18 10:16:31
2022-04-18 18:05:56,2022-04-18 18:06:22,Free_Living,annotator,Experimental situation,2022-04-18 10:16:32,2022-04-18 10:16:58
2022-04-18 18:06:22,2022-04-18 18:06:39,Free_Living,annotator,Experimental situation,2022-04-18 10:16:58,2022-04-18 10:17:15
2022-04-18 18:06:39,2022-04-18 18:06:55,Free_Living,annotator,Experimental situation,2022-04-18 10:17:15,2022-04-18 10:17:31
2022-04-18 18:06:57,2022-04-18 18:07:12,Free_Living,annotator,Experimental situation,2022-04-18 10:17:33,2022-04-18 10:17:48
2022-04-18 18:07:14,2022-04-18 18:07:35,Free_Living,annotator,Experimental situation,2022-04-18 10:17:50,2022-04-18 10:18:11
2022-04-18 18:07:37,2022-04-18 18:07:51,Free_Living,annotator,Experimental situation,2022-04-18 10:18:13,2022-04-18 10:18:27
2022-04-18 18:07:51,2022-04-18 18:08:09,Free_Living,annotator,Experimental situation,2022-04-18 10:18:27,2022-04-18 10:18:45
2022-04-18 18:08:09,2022-04-18 18:08:57,Free_Living,annotator,Experimental situation,2022-04-18 10:18:45,2022-04-18 10:19:33
2022-04-18 18:08:58,2022-04-18 18:09:08,Free_Living,annotator,Experimental situation,2022-04-18 10:19:34,2022-04-18 10:19:44
2022-04-18 18:09:10,2022-04-18 18:10:58,Free_Living,annotator,Experimental situation,2022-04-18 10:19:46,2022-04-18 10:21:34
2022-04-18 18:10:59,2022-04-18 18:11:18,Free_Living,annotator,Experimental situation,2022-04-18 10:21:35,2022-04-18 10:21:54
2022-04-18 18:11:19,2022-04-18 18:14:02,Free_Living,annotator,Experimental situation,2022-04-18 10:21:55,2022-04-18 10:24:38
2022-04-18 18:14:06,2022-04-18 18:14:21,Free_Living,annotator,Experimental situation,2022-04-18 10:24:42,2022-04-18 10:24:57
2022-04-18 18:14:22,2022-04-18 18:14:37,Free_Living,annotator,Experimental situation,2022-04-18 10:24:58,2022-04-18 10:25:13
2022-04-18 18:14:37,2022-04-18 18:14:52,Free_Living,annotator,Experimental situation,2022-04-18 10:25:13,2022-04-18 10:25:28
2022-04-18 18:14:52,2022-04-18 18:17:15,Free_Living,annotator,Experimental situation,2022-04-18 10:25:28,2022-04-18 10:27:51
2022-04-18 18:17:18,2022-04-18 18:17:22,Free_Living,annotator,Experimental situation,2022-04-18 10:27:54,2022-04-18 10:27:58
2022-04-18 18:17:23,2022-04-18 18:17:31,Free_Living,annotator,Experimental situation,2022-04-18 10:27:59,2022-04-18 10:28:07
2022-04-18 18:17:31,2022-04-18 18:18:33,Free_Living,annotator,Experimental situation,2022-04-18 10:28:07,2022-04-18 10:29:09
2022-04-18 18:18:36,2022-04-18 18:18:51,Free_Living,annotator,Experimental situation,2022-04-18 10:29:12,2022-04-18 10:29:27
2022-04-18 18:18:53,2022-04-18 18:21:02,Free_Living,annotator,Experimental situation,2022-04-18 10:29:29,2022-04-18 10:31:38
2022-04-18 18:21:02,2022-04-18 18:22:07,Free_Living,annotator,Experimental situation,2022-04-18 10:31:38,2022-04-18 10:32:43
2022-04-18 18:22:07,2022-04-18 18:22:18,Free_Living,annotator,Experimental situation,2022-04-18 10:32:43,2022-04-18 10:32:54
2022-04-18 18:22:19,2022-04-18 18:26:20,Free_Living,annotator,Experimental situation,2022-04-18 10:32:55,2022-04-18 10:36:56
2022-04-18 18:26:23,2022-04-18 18:29:39,Free_Living,annotator,Experimental situation,2022-04-18 10:36:59,2022-04-18 10:40:15
2022-04-18 18:29:42,2022-04-18 18:29:58,Free_Living,annotator,Experimental situation,2022-04-18 10:40:18,2022-04-18 10:40:34
2022-04-18 18:29:58,2022-04-18 18:30:25,Free_Living,annotator,Experimental situation,2022-04-18 10:40:34,2022-04-18 10:41:01
2022-04-18 18:30:26,2022-04-18 18:30:43,Free_Living,annotator,Experimental situation,2022-04-18 10:41:02,2022-04-18 10:41:19
2022-04-18 18:30:45,2022-04-18 18:31:53,Free_Living,annotator,Experimental situation,2022-04-18 10:41:21,2022-04-18 10:42:29
2022-04-18 18:31:54,2022-04-18 18:32:14,Free_Living,annotator,Experimental situation,2022-04-18 10:42:30,2022-04-18 10:42:50
2022-04-18 18:32:14,2022-04-18 18:32:29,Free_Living,annotator,Experimental situation,2022-04-18 10:42:50,2022-04-18 10:43:05
2022-04-18 18:32:31,2022-04-18 18:33:19,Free_Living,annotator,Experimental situation,2022-04-18 10:43:07,2022-04-18 10:43:55
2022-04-18 18:33:19,2022-04-18 18:35:28,Free_Living,annotator,Experimental situation,2022-04-18 10:43:55,2022-04-18 10:46:04
2022-04-18 18:35:30,2022-04-18 18:36:06,Free_Living,annotator,Experimental situation,2022-04-18 10:46:06,2022-04-18 10:46:42
2022-04-18 18:36:07,2022-04-18 18:37:20,Free_Living,annotator,Experimental situation,2022-04-18 10:46:43,2022-04-18 10:47:56
2022-04-18 18:37:22,2022-04-18 18:37:39,Free_Living,annotator,Experimental situation,2022-04-18 10:47:58,2022-04-18 10:48:15
2022-04-18 18:37:43,2022-04-18 18:37:50,Free_Living,annotator,Experimental situation,2022-04-18 10:48:19,2022-04-18 10:48:26
2022-04-18 18:37:50,2022-04-18 18:38:35,Free_Living,annotator,Experimental situation,2022-04-18 10:48:26,2022-04-18 10:49:11
2022-04-18 18:38:38,2022-04-18 18:39:33,Free_Living,annotator,Experimental situation,2022-04-18 10:49:14,2022-04-18 10:50:09
2022-04-18 18:39:34,2022-04-18 18:39:46,Free_Living,annotator,Experimental situation,2022-04-18 10:50:10,2022-04-18 10:50:22
2022-04-18 18:39:49,2022-04-18 18:44:03,Free_Living,annotator,Experimental situation,2022-04-18 10:50:25,2022-04-18 10:54:39
2022-04-18 18:44:04,2022-04-18 18:47:15,Free_Living,annotator,Experimental situation,2022-04-18 10:54:40,2022-04-18 10:57:51
2022-04-18 18:47:15,2022-04-18 18:49:54,Free_Living,annotator,Experimental situation,2022-04-18 10:57:51,2022-04-18 11:00:30
2022-04-18 18:49:55,2022-04-18 18:50:25,Free_Living,annotator,Experimental situation,2022-04-18 11:00:31,2022-04-18 11:01:01
2022-04-18 18:50:29,2022-04-18 18:51:18,Free_Living,annotator,Experimental situation,2022-04-18 11:01:05,2022-04-18 11:01:54
2022-04-18 18:51:21,2022-04-18 18:51:40,Free_Living,annotator,Experimental situation,2022-04-18 11:01:57,2022-04-18 11:02:16
2022-04-18 18:51:40,2022-04-18 18:51:59,Free_Living,annotator,Experimental situation,2022-04-18 11:02:16,2022-04-18 11:02:35
2022-04-18 18:52:00,2022-04-18 18:53:06,Free_Living,annotator,Experimental situation,2022-04-18 11:02:36,2022-04-18 11:03:42
2022-04-18 18:53:08,2022-04-18 18:53:39,Free_Living,annotator,Experimental situation,2022-04-18 11:03:44,2022-04-18 11:04:15
2022-04-18 18:53:42,2022-04-18 18:54:02,Free_Living,annotator,Experimental situation,2022-04-18 11:04:18,2022-04-18 11:04:38
2022-04-18 18:54:02,2022-04-18 18:54:12,Free_Living,annotator,Experimental situation,2022-04-18 11:04:38,2022-04-18 11:04:48
2022-04-18 18:54:13,2022-04-18 18:54:36,Free_Living,annotator,Experimental situation,2022-04-18 11:04:49,2022-04-18 11:05:12
2022-04-18 18:54:37,2022-04-18 18:54:45,Free_Living,annotator,Experimental situation,2022-04-18 11:05:13,2022-04-18 11:05:21
2022-04-18 18:54:46,2022-04-18 18:54:57,Free_Living,annotator,Experimental situation,2022-04-18 11:05:22,2022-04-18 11:05:33
2022-04-18 18:54:57,2022-04-18 18:56:44,Free_Living,annotator,Experimental situation,2022-04-18 11:05:33,2022-04-18 11:07:20
2022-04-18 18:56:44,2022-04-18 18:58:59,Free_Living,annotator,Experimental situation,2022-04-18 11:07:20,2022-04-18 11:09:35
2022-04-18 18:58:59,2022-04-18 19:01:13,Free_Living,annotator,Experimental situation,2022-04-18 11:09:35,2022-04-18 11:11:49
2022-04-18 19:01:15,2022-04-18 19:03:47,Free_Living,annotator,Experimental situation,2022-04-18 11:11:51,2022-04-18 11:14:23
2022-04-18 19:03:48,2022-04-18 19:04:05,Free_Living,annotator,Experimental situation,2022-04-18 11:14:24,2022-04-18 11:14:41
2022-04-18 19:04:05,2022-04-18 19:04:18,Free_Living,annotator,Experimental situation,2022-04-18 11:14:41,2022-04-18 11:14:54
2022-04-18 19:04:18,2022-04-18 19:04:46,Free_Living,annotator,Experimental situation,2022-04-18 11:14:54,2022-04-18 11:15:22
2022-04-18 19:04:46,2022-04-18 19:06:46,Free_Living,annotator,Experimental situation,2022-04-18 11:15:22,2022-04-18 11:17:22
2022-04-18 19:06:46,2022-04-18 19:07:03,Free_Living,annotator,Experimental situation,2022-04-18 11:17:22,2022-04-18 11:17:39
2022-04-18 19:07:03,2022-04-18 19:07:16,Free_Living,annotator,Experimental situation,2022-04-18 11:17:39,2022-04-18 11:17:52
2022-04-18 19:07:16,2022-04-18 19:07:26,Free_Living,annotator,Experimental situation,2022-04-18 11:17:52,2022-04-18 11:18:02
2022-04-18 19:07:26,2022-04-18 19:07:47,Free_Living,annotator,Experimental situation,2022-04-18 11:18:02,2022-04-18 11:18:23
2022-04-18 19:07:47,2022-04-18 19:07:54,Free_Living,annotator,Experimental situation,2022-04-18 11:18:23,2022-04-18 11:18:30
2022-04-18 19:07:54,2022-04-18 19:08:31,Free_Living,annotator,Experimental situation,2022-04-18 11:18:30,2022-04-18 11:19:07
2022-04-18 19:08:31,2022-04-18 19:08:44,Free_Living,annotator,Experimental situation,2022-04-18 11:19:07,2022-04-18 11:19:20
2022-04-18 19:08:44,2022-04-18 19:09:10,Free_Living,annotator,Experimental situation,2022-04-18 11:19:20,2022-04-18 11:19:46
2022-04-18 19:09:10,2022-04-18 19:09:30,Free_Living,annotator,Experimental situation,2022-04-18 11:19:46,2022-04-18 11:20:06
2022-04-18 19:09:30,2022-04-18 19:10:12,Free_Living,annotator,Experimental situation,2022-04-18 11:20:06,2022-04-18 11:20:48
2022-04-18 19:10:12,2022-04-18 19:11:46,Free_Living,annotator,Experimental situation,2022-04-18 11:20:48,2022-04-18 11:22:22
2022-04-18 19:11:46,2022-04-18 19:17:10,Free_Living,annotator,Experimental situation,2022-04-18 11:22:22,2022-04-18 11:27:46
2022-04-18 19:17:10,2022-04-18 19:20:29,Free_Living,annotator,Experimental situation,2022-04-18 11:27:46,2022-04-18 11:31:05
2022-04-18 19:20:29,2022-04-18 19:20:37,Free_Living,annotator,Experimental situation,2022-04-18 11:31:05,2022-04-18 11:31:13
2022-04-18 19:20:37,2022-04-18 19:21:53,Free_Living,annotator,Experimental situation,2022-04-18 11:31:13,2022-04-18 11:32:29
2022-04-18 19:21:53,2022-04-18 19:22:31,Free_Living,annotator,Experimental situation,2022-04-18 11:32:29,2022-04-18 11:33:07
2022-04-18 19:22:31,2022-04-18 19:23:01,Free_Living,annotator,Experimental situation,2022-04-18 11:33:07,2022-04-18 11:33:37
2022-04-18 19:23:01,2022-04-18 19:23:09,Free_Living,annotator,Experimental situation,2022-04-18 11:33:37,2022-04-18 11:33:45
2022-04-18 19:23:09,2022-04-18 19:23:47,Free_Living,annotator,Experimental situation,2022-04-18 11:33:45,2022-04-18 11:34:23
2022-04-18 19:23:47,2022-04-18 19:24:13,Free_Living,annotator,Experimental situation,2022-04-18 11:34:23,2022-04-18 11:34:49
2022-04-18 19:24:13,2022-04-18 19:24:45,Free_Living,annotator,Experimental situation,2022-04-18 11:34:49,2022-04-18 11:35:21
2022-04-18 19:24:45,2022-04-18 19:26:13,Free_Living,annotator,Experimental situation,2022-04-18 11:35:21,2022-04-18 11:36:49
2022-04-18 19:26:13,2022-04-18 19:26:53,Free_Living,annotator,Experimental situation,2022-04-18 11:36:49,2022-04-18 11:37:29
2022-04-18 19:26:53,2022-04-18 19:32:36,Free_Living,annotator,Experimental situation,2022-04-18 11:37:29,2022-04-18 11:43:12
2022-04-18 19:32:36,2022-04-18 19:33:25,Free_Living,annotator,Experimental situation,2022-04-18 11:43:12,2022-04-18 11:44:01
2022-04-18 19:33:25,2022-04-18 19:35:26,Free_Living,annotator,Experimental situation,2022-04-18 11:44:01,2022-04-18 11:46:02
2022-04-18 19:35:26,2022-04-18 19:37:01,Free_Living,annotator,Experimental situation,2022-04-18 11:46:02,2022-04-18 11:47:37
2022-04-18 19:37:01,2022-04-18 19:40:01,Free_Living,annotator,Experimental situation,2022-04-18 11:47:37,2022-04-18 11:50:37
2022-04-18 19:40:01,2022-04-18 19:40:19,Free_Living,annotator,Experimental situation,2022-04-18 11:50:37,2022-04-18 11:50:55
2022-04-18 19:40:19,2022-04-18 19:45:46,Free_Living,annotator,Experimental situation,2022-04-18 11:50:55,2022-04-18 11:56:22
2022-04-18 19:45:46,2022-04-18 19:46:01,Free_Living,annotator,Experimental situation,2022-04-18 11:56:22,2022-04-18 11:56:37
2022-04-18 19:46:01,2022-04-18 19:46:13,Free_Living,annotator,Experimental situation,2022-04-18 11:56:37,2022-04-18 11:56:49
2022-04-18 19:46:13,2022-04-18 19:46:49,Free_Living,annotator,Experimental situation,2022-04-18 11:56:49,2022-04-18 11:57:25
2022-04-18 19:46:49,2022-04-18 19:54:12,Free_Living,annotator,Experimental situation,2022-04-18 11:57:25,2022-04-18 12:04:48
2022-04-18 19:54:12,2022-04-18 20:06:15,Free_Living,annotator,Experimental situation,2022-04-18 12:04:48,2022-04-18 12:16:51
2022-04-18 20:06:15,2022-04-18 20:12:06,Free_Living,annotator,Experimental situation,2022-04-18 12:16:51,2022-04-18 12:22:42
2022-04-18 20:12:06,2022-04-18 20:14:39,Free_Living,annotator,Experimental situation,2022-04-18 12:22:42,2022-04-18 12:25:15
2022-04-18 20:14:39,2022-04-18 20:27:59,Free_Living,annotator,Experimental situation,2022-04-18 12:25:15,2022-04-18 12:38:35
2022-04-18 20:27:59,2022-04-18 20:28:10,Free_Living,annotator,Experimental situation,2022-04-18 12:38:35,2022-04-18 12:38:46
2022-04-18 20:28:10,2022-04-18 20:28:32,Free_Living,annotator,Experimental situation,2022-04-18 12:38:46,2022-04-18 12:39:08
2022-04-18 20:28:32,2022-04-18 20:29:11,Free_Living,annotator,Experimental situation,2022-04-18 12:39:08,2022-04-18 12:39:47
2022-04-18 20:29:11,2022-04-18 20:29:52,Free_Living,annotator,Experimental situation,2022-04-18 12:39:47,2022-04-18 12:40:28
2022-04-18 20:29:52,2022-04-18 20:31:10,Free_Living,annotator,Experimental situation,2022-04-18 12:40:28,2022-04-18 12:41:46
2022-04-18 20:31:10,2022-04-18 20:31:40,Free_Living,annotator,Experimental situation,2022-04-18 12:41:46,2022-04-18 12:42:16
2022-04-18 20:31:40,2022-04-18 20:31:58,Free_Living,annotator,Experimental situation,2022-04-18 12:42:16,2022-04-18 12:42:34
2022-04-18 20:31:58,2022-04-18 20:32:26,Free_Living,annotator,Experimental situation,2022-04-18 12:42:34,2022-04-18 12:43:02
2022-04-18 20:32:26,2022-04-18 20:32:44,Free_Living,annotator,Experimental situation,2022-04-18 12:43:02,2022-04-18 12:43:20
2022-04-18 20:32:44,2022-04-18 20:53:22,Free_Living,annotator,Experimental situation,2022-04-18 12:43:20,2022-04-18 13:03:58
2022-04-18 20:53:22,2022-04-18 20:53:46,Free_Living,annotator,Experimental situation,2022-04-18 13:03:58,2022-04-18 13:04:22
2022-04-18 20:53:46,2022-04-18 20:54:19,Free_Living,annotator,Experimental situation,2022-04-18 13:04:22,2022-04-18 13:04:55
2022-04-18 20:54:19,2022-04-18 20:57:07,Free_Living,annotator,Experimental situation,2022-04-18 13:04:55,2022-04-18 13:07:43
2022-04-18 20:57:07,2022-04-18 20:57:26,Free_Living,annotator,Experimental situation,2022-04-18 13:07:43,2022-04-18 13:08:02
2022-04-18 20:57:26,2022-04-18 20:57:39,Free_Living,annotator,Experimental situation,2022-04-18 13:08:02,2022-04-18 13:08:15
2022-04-18 20:57:39,2022-04-18 20:58:29,Free_Living,annotator,Experimental situation,2022-04-18 13:08:15,2022-04-18 13:09:05
2022-04-18 20:58:29,2022-04-18 20:58:42,Free_Living,annotator,Experimental situation,2022-04-18 13:09:05,2022-04-18 13:09:18
2022-04-18 20:58:42,2022-04-18 21:00:29,Free_Living,annotator,Experimental situation,2022-04-18 13:09:18,2022-04-18 13:11:05
2022-04-18 21:00:29,2022-04-18 21:00:43,Free_Living,annotator,Experimental situation,2022-04-18 13:11:05,2022-04-18 13:11:19
2022-04-18 21:00:43,2022-04-18 21:01:04,Free_Living,annotator,Experimental situation,2022-04-18 13:11:19,2022-04-18 13:11:40
2022-04-18 21:01:04,2022-04-18 21:21:31,Free_Living,annotator,Experimental situation,2022-04-18 13:11:40,2022-04-18 13:32:07
2022-04-18 21:21:31,2022-04-18 21:35:49,Free_Living,annotator,Experimental situation,2022-04-18 13:32:07,2022-04-18 13:46:25
2022-04-18 21:35:49,2022-04-18 21:36:21,Free_Living,annotator,Experimental situation,2022-04-18 13:46:25,2022-04-18 13:46:57
2022-04-18 21:36:21,2022-04-18 21:38:35,Free_Living,annotator,Experimental situation,2022-04-18 13:46:57,2022-04-18 13:49:11
2022-04-18 21:38:35,2022-04-18 21:38:52,Free_Living,annotator,Experimental situation,2022-04-18 13:49:11,2022-04-18 13:49:28
2022-04-18 21:38:52,2022-04-18 21:39:03,Free_Living,annotator,Experimental situation,2022-04-18 13:49:28,2022-04-18 13:49:39
2022-04-18 21:39:03,2022-04-18 21:42:38,Free_Living,annotator,Experimental situation,2022-04-18 13:49:39,2022-04-18 13:53:14
2022-04-18 21:42:38,2022-04-18 21:43:29,Free_Living,annotator,Experimental situation,2022-04-18 13:53:14,2022-04-18 13:54:05
2022-04-18 21:43:29,2022-04-18 21:45:10,Free_Living,annotator,Experimental situation,2022-04-18 13:54:05,2022-04-18 13:55:46
2022-04-18 21:45:10,2022-04-18 21:45:21,Free_Living,annotator,Experimental situation,2022-04-18 13:55:46,2022-04-18 13:55:57
2022-04-18 21:45:21,2022-04-18 22:03:28,Free_Living,annotator,Experimental situation,2022-04-18 13:55:57,2022-04-18 14:14:04
2022-04-18 22:03:28,2022-04-18 22:17:44,Free_Living,annotator,Experimental situation,2022-04-18 14:14:04,2022-04-18 14:28:20
2022-04-18 22:17:44,2022-04-18 22:19:40,Free_Living,annotator,Experimental situation,2022-04-18 14:28:20,2022-04-18 14:30:16
2022-04-18 22:19:40,2022-04-18 22:26:26,Free_Living,annotator,Experimental situation,2022-04-18 14:30:16,2022-04-18 14:37:02
2022-04-18 22:26:26,2022-04-18 22:32:08,Free_Living,annotator,Experimental situation,2022-04-18 14:37:02,2022-04-18 14:42:44
2022-04-18 22:32:08,2022-04-18 22:32:40,Free_Living,annotator,Experimental situation,2022-04-18 14:42:44,2022-04-18 14:43:16
2022-04-18 22:32:40,2022-04-18 22:35:41,Free_Living,annotator,Experimental situation,2022-04-18 14:43:16,2022-04-18 14:46:17
2022-04-18 22:35:41,2022-04-18 22:36:15,Free_Living,annotator,Experimental situation,2022-04-18 14:46:17,2022-04-18 14:46:51
2022-04-18 22:36:15,2022-04-18 22:37:38,Free_Living,annotator,Experimental situation,2022-04-18 14:46:51,2022-04-18 14:48:14
2022-04-18 22:37:38,2022-04-18 22:38:50,Free_Living,annotator,Experimental situation,2022-04-18 14:48:14,2022-04-18 14:49:26
2022-04-18 22:38:50,2022-04-18 22:39:44,Free_Living,annotator,Experimental situation,2022-04-18 14:49:26,2022-04-18 14:50:20
2022-04-18 22:39:44,2022-04-18 22:44:22,Free_Living,annotator,Experimental situation,2022-04-18 14:50:20,2022-04-18 14:54:58
2022-04-18 22:44:22,2022-04-18 22:44:32,Free_Living,annotator,Experimental situation,2022-04-18 14:54:58,2022-04-18 14:55:08
2022-04-18 22:44:32,2022-04-18 22:46:45,Free_Living,annotator,Experimental situation,2022-04-18 14:55:08,2022-04-18 14:57:21
2022-04-18 22:46:45,2022-04-18 22:49:22,Free_Living,annotator,Experimental situation,2022-04-18 14:57:21,2022-04-18 14:59:58
2022-04-18 22:49:22,2022-04-18 22:49:47,Free_Living,annotator,Experimental situation,2022-04-18 14:59:58,2022-04-18 15:00:23
2022-04-18 22:49:47,2022-04-18 22:50:28,Free_Living,annotator,Experimental situation,2022-04-18 15:00:23,2022-04-18 15:01:04
2022-04-18 22:50:28,2022-04-18 22:50:38,Free_Living,annotator,Experimental situation,2022-04-18 15:01:04,2022-04-18 15:01:14
2022-04-18 22:50:38,2022-04-18 22:51:14,Free_Living,annotator,Experimental situation,2022-04-18 15:01:14,2022-04-18 15:01:50
2022-04-18 22:51:14,2022-04-18 22:55:51,Free_Living,annotator,Experimental situation,2022-04-18 15:01:50,2022-04-18 15:06:27
2022-04-18 22:55:51,2022-04-18 23:12:04,Free_Living,annotator,Experimental situation,2022-04-18 15:06:27,2022-04-18 15:22:40
2022-04-18 23:12:04,2022-04-18 23:12:25,Free_Living,annotator,Experimental situation,2022-04-18 15:22:40,2022-04-18 15:23:01
2022-04-18 23:12:25,2022-04-18 23:24:53,Free_Living,annotator,Experimental situation,2022-04-18 15:23:01,2022-04-18 15:35:29
2022-04-18 23:24:53,2022-04-18 23:25:24,Free_Living,annotator,Experimental situation,2022-04-18 15:35:29,2022-04-18 15:36:00
2022-04-18 23:25:24,2022-04-18 23:27:18,Free_Living,annotator,Experimental situation,2022-04-18 15:36:00,2022-04-18 15:37:54
2022-04-18 23:27:18,2022-04-18 23:27:26,Free_Living,annotator,Experimental situation,2022-04-18 15:37:54,2022-04-18 15:38:02
2022-04-18 23:27:26,2022-04-18 23:28:23,Free_Living,annotator,Experimental situation,2022-04-18 15:38:02,2022-04-18 15:38:59
2022-04-18 23:28:23,2022-04-18 23:28:37,Free_Living,annotator,Experimental situation,2022-04-18 15:38:59,2022-04-18 15:39:13
2022-04-18 23:28:37,2022-04-18 23:29:23,Free_Living,annotator,Experimental situation,2022-04-18 15:39:13,2022-04-18 15:39:59
2022-04-18 23:29:23,2022-04-18 23:29:36,ES_Other,annotator,Experimental situation,2022-04-18 15:39:59,2022-04-18 15:40:12
2022-04-18 23:29:37,2022-04-18 23:29:46,ES_Other,annotator,Experimental situation,2022-04-18 15:40:13,2022-04-18 15:40:22
2022-04-18 23:29:47,2022-04-18 23:30:21,ES_Other,annotator,Experimental situation,2022-04-18 15:40:23,2022-04-18 15:40:57
2022-04-18 23:30:24,2022-04-18 23:32:25,Free_Living,annotator,Experimental situation,2022-04-18 15:41:00,2022-04-18 15:43:01
2022-04-18 23:32:28,2022-04-18 23:32:37,Free_Living,annotator,Experimental situation,2022-04-18 15:43:04,2022-04-18 15:43:13
2022-04-18 23:32:39,2022-04-18 23:34:17,Free_Living,annotator,Experimental situation,2022-04-18 15:43:15,2022-04-18 15:44:53
2022-04-18 23:34:17,2022-04-18 23:34:49,Free_Living,annotator,Experimental situation,2022-04-18 15:44:53,2022-04-18 15:45:25
2022-04-18 23:34:50,2022-04-18 23:38:47,Free_Living,annotator,Experimental situation,2022-04-18 15:45:26,2022-04-18 15:49:23
2022-04-18 23:38:47,2022-04-18 23:38:51,Free_Living,annotator,Experimental situation,2022-04-18 15:49:23,2022-04-18 15:49:27
2022-04-18 23:38:54,2022-04-18 23:40:21,Free_Living,annotator,Experimental situation,2022-04-18 15:49:30,2022-04-18 15:50:57
2022-04-18 23:40:22,2022-04-18 23:40:27,Free_Living,annotator,Experimental situation,2022-04-18 15:50:58,2022-04-18 15:51:03
2022-04-18 23:40:29,2022-04-18 23:43:24,Free_Living,annotator,Experimental situation,2022-04-18 15:51:05,2022-04-18 15:54:00
2022-04-18 23:43:26,2022-04-18 23:44:36,Free_Living,annotator,Experimental situation,2022-04-18 15:54:02,2022-04-18 15:55:12
2022-04-18 23:44:39,2022-04-18 23:45:04,Free_Living,annotator,Experimental situation,2022-04-18 15:55:15,2022-04-18 15:55:40
2022-04-18 23:45:06,2022-04-18 23:48:38,Free_Living,annotator,Experimental situation,2022-04-18 15:55:42,2022-04-18 15:59:14
2022-04-18 23:48:41,2022-04-18 23:58:12,Free_Living,annotator,Experimental situation,2022-04-18 15:59:17,2022-04-18 16:08:48
2022-04-18 23:58:12,2022-04-18 23:58:16,Free_Living,annotator,Experimental situation,2022-04-18 16:08:48,2022-04-18 16:08:52
2022-04-18 23:58:16,2022-04-19 00:08:59,Free_Living,annotator,Experimental situation,2022-04-18 16:08:52,2022-04-18 16:19:35
2022-04-19 00:09:01,2022-04-19 00:09:22,Free_Living,annotator,Experimental situation,2022-04-18 16:19:37,2022-04-18 16:19:58
2022-04-19 00:09:23,2022-04-19 00:17:09,Free_Living,annotator,Experimental situation,2022-04-18 16:19:59,2022-04-18 16:27:45
2022-04-19 00:17:10,2022-04-19 00:27:03,Free_Living,annotator,Experimental situation,2022-04-18 16:27:46,2022-04-18 16:37:39
2022-04-19 00:27:04,2022-04-19 00:27:07,Free_Living,annotator,Experimental situation,2022-04-18 16:37:40,2022-04-18 16:37:43
2022-04-19 00:27:09,2022-04-19 00:35:03,Free_Living,annotator,Experimental situation,2022-04-18 16:37:45,2022-04-18 16:45:39
2022-04-19 00:35:05,2022-04-19 00:37:42,Free_Living,annotator,Experimental situation,2022-04-18 16:45:41,2022-04-18 16:48:18
2022-04-19 00:37:42,2022-04-19 00:46:02,Free_Living,annotator,Experimental situation,2022-04-18 16:48:18,2022-04-18 16:56:38
2022-04-19 00:46:07,2022-04-19 00:47:48,Free_Living,annotator,Experimental situation,2022-04-18 16:56:43,2022-04-18 16:58:24
2022-04-19 00:47:52,2022-04-19 01:04:00,Free_Living,annotator,Experimental situation,2022-04-18 16:58:28,2022-04-18 17:14:36
2022-04-19 01:04:01,2022-04-19 01:04:17,Free_Living,annotator,Experimental situation,2022-04-18 17:14:37,2022-04-18 17:14:53
2022-04-19 01:04:17,2022-04-19 01:05:41,Free_Living,annotator,Experimental situation,2022-04-18 17:14:53,2022-04-18 17:16:17
2022-04-19 01:05:51,2022-04-19 01:06:16,Free_Living,annotator,Experimental situation,2022-04-18 17:16:27,2022-04-18 17:16:52
2022-04-19 01:06:16,2022-04-19 01:06:51,Free_Living,annotator,Experimental situation,2022-04-18 17:16:52,2022-04-18 17:17:27
2022-04-19 01:06:54,2022-04-19 01:08:45,Free_Living,annotator,Experimental situation,2022-04-18 17:17:30,2022-04-18 17:19:21
2022-04-19 01:08:47,2022-04-19 01:09:52,Free_Living,annotator,Experimental situation,2022-04-18 17:19:23,2022-04-18 17:20:28
2022-04-19 01:09:59,2022-04-19 01:27:23,Free_Living,annotator,Experimental situation,2022-04-18 17:20:35,2022-04-18 17:37:59
2022-04-19 01:27:42,2022-04-19 01:28:03,Free_Living,annotator,Experimental situation,2022-04-18 17:38:18,2022-04-18 17:38:39
2022-04-19 01:28:04,2022-04-19 01:30:35,Free_Living,annotator,Experimental situation,2022-04-18 17:38:40,2022-04-18 17:41:11
2022-04-19 01:30:36,2022-04-19 01:34:22,Free_Living,annotator,Experimental situation,2022-04-18 17:41:12,2022-04-18 17:44:58
2022-04-19 01:34:26,2022-04-19 01:36:58,Free_Living,annotator,Experimental situation,2022-04-18 17:45:02,2022-04-18 17:47:34
2022-04-19 01:36:59,2022-04-19 01:37:13,Free_Living,annotator,Experimental situation,2022-04-18 17:47:35,2022-04-18 17:47:49
2022-04-19 01:37:16,2022-04-19 01:37:34,Free_Living,annotator,Experimental situation,2022-04-18 17:47:52,2022-04-18 17:48:10
2022-04-19 01:37:40,2022-04-19 01:37:47,Free_Living,annotator,Experimental situation,2022-04-18 17:48:16,2022-04-18 17:48:23
2022-04-19 01:37:50,2022-04-19 01:38:20,Free_Living,annotator,Experimental situation,2022-04-18 17:48:26,2022-04-18 17:48:56
2022-04-19 01:38:22,2022-04-19 01:49:18,Free_Living,annotator,Experimental situation,2022-04-18 17:48:58,2022-04-18 17:59:54
2022-04-19 01:49:20,2022-04-19 01:49:34,Free_Living,annotator,Experimental situation,2022-04-18 17:59:56,2022-04-18 18:00:10
2022-04-19 01:49:36,2022-04-19 02:04:29,Free_Living,annotator,Experimental situation,2022-04-18 18:00:12,2022-04-18 18:15:05
2022-04-19 02:04:31,2022-04-19 02:04:54,Free_Living,annotator,Experimental situation,2022-04-18 18:15:07,2022-04-18 18:15:30
2022-04-19 02:04:58,2022-04-19 02:05:04,Free_Living,annotator,Experimental situation,2022-04-18 18:15:34,2022-04-18 18:15:40
2022-04-19 02:05:06,2022-04-19 04:18:03,Free_Living,annotator,Experimental situation,2022-04-18 18:15:42,2022-04-18 20:28:39
2022-04-19 04:18:04,2022-04-19 04:18:25,Free_Living,annotator,Experimental situation,2022-04-18 20:28:40,2022-04-18 20:29:01
2022-04-19 04:18:26,2022-04-19 04:21:34,Free_Living,annotator,Experimental situation,2022-04-18 20:29:02,2022-04-18 20:32:10
2022-04-19 04:21:40,2022-04-19 04:21:56,Free_Living,annotator,Experimental situation,2022-04-18 20:32:16,2022-04-18 20:32:32
2022-04-19 04:21:58,2022-04-19 04:37:19,Free_Living,annotator,Experimental situation,2022-04-18 20:32:34,2022-04-18 20:47:55
2022-04-19 04:37:26,2022-04-19 04:38:41,Free_Living,annotator,Experimental situation,2022-04-18 20:48:02,2022-04-18 20:49:17
2022-04-19 04:40:48,2022-04-19 05:21:25,Free_Living,annotator,Experimental situation,2022-04-18 20:51:24,2022-04-18 21:32:01
