START_TIME,STOP_TIME,PREDICTION,SOURCE,LABELSET,VIDEO_START_TIME,VIDEO_END_TIME
2022-03-07 10:53:39,2022-03-07 10:53:57,Free_Living,annotator,Experimental situation,2022-03-07 00:00:15,2022-03-07 00:00:33
2022-03-07 10:53:59,2022-03-07 10:54:30,Free_Living,annotator,Experimental situation,2022-03-07 00:00:35,2022-03-07 00:01:06
2022-03-07 10:54:30,2022-03-07 10:56:18,Free_Living,annotator,Experimental situation,2022-03-07 00:01:06,2022-03-07 00:02:54
2022-03-07 10:56:19,2022-03-07 11:01:14,Free_Living,annotator,Experimental situation,2022-03-07 00:02:55,2022-03-07 00:07:50
2022-03-07 11:01:15,2022-03-07 11:04:12,Free_Living,annotator,Experimental situation,2022-03-07 00:07:51,2022-03-07 00:10:48
2022-03-07 11:04:18,2022-03-07 11:05:42,Free_Living,annotator,Experimental situation,2022-03-07 00:10:54,2022-03-07 00:12:18
2022-03-07 11:05:44,2022-03-07 11:06:43,Free_Living,annotator,Experimental situation,2022-03-07 00:12:20,2022-03-07 00:13:19
2022-03-07 11:06:51,2022-03-07 11:09:28,Free_Living,annotator,Experimental situation,2022-03-07 00:13:27,2022-03-07 00:16:04
2022-03-07 11:09:29,2022-03-07 11:09:44,Free_Living,annotator,Experimental situation,2022-03-07 00:16:05,2022-03-07 00:16:20
2022-03-07 11:09:45,2022-03-07 11:10:07,Free_Living,annotator,Experimental situation,2022-03-07 00:16:21,2022-03-07 00:16:43
2022-03-07 11:10:19,2022-03-07 11:10:49,Free_Living,annotator,Experimental situation,2022-03-07 00:16:55,2022-03-07 00:17:25
2022-03-07 11:11:14,2022-03-07 11:55:24,ES_VideoUnavailable/Indecipherable,annotator,Experimental situation,2022-03-07 00:17:50,2022-03-07 01:02:00
2022-03-07 11:55:28,2022-03-07 11:56:11,Free_Living,annotator,Experimental situation,2022-03-07 01:02:04,2022-03-07 01:02:47
2022-03-07 11:56:18,2022-03-07 11:58:24,Free_Living,annotator,Experimental situation,2022-03-07 01:02:54,2022-03-07 01:05:00
2022-03-07 11:58:34,2022-03-07 11:58:49,Free_Living,annotator,Experimental situation,2022-03-07 01:05:10,2022-03-07 01:05:25
2022-03-07 11:58:51,2022-03-07 12:00:21,Free_Living,annotator,Experimental situation,2022-03-07 01:05:27,2022-03-07 01:06:57
2022-03-07 12:00:23,2022-03-07 12:02:03,Free_Living,annotator,Experimental situation,2022-03-07 01:06:59,2022-03-07 01:08:39
2022-03-07 12:02:14,2022-03-07 12:02:47,ES_VideoUnavailable/Indecipherable,annotator,Experimental situation,2022-03-07 01:08:50,2022-03-07 01:09:23
2022-03-07 12:02:48,2022-03-07 12:04:13,Free_Living,annotator,Experimental situation,2022-03-07 01:09:24,2022-03-07 01:10:49
2022-03-07 12:04:17,2022-03-07 12:05:38,Free_Living,annotator,Experimental situation,2022-03-07 01:10:53,2022-03-07 01:12:14
2022-03-07 12:05:40,2022-03-07 12:06:25,Free_Living,annotator,Experimental situation,2022-03-07 01:12:16,2022-03-07 01:13:01
2022-03-07 12:06:27,2022-03-07 12:06:37,Free_Living,annotator,Experimental situation,2022-03-07 01:13:03,2022-03-07 01:13:13
2022-03-07 12:06:38,2022-03-07 12:10:35,Free_Living,annotator,Experimental situation,2022-03-07 01:13:14,2022-03-07 01:17:11
2022-03-07 12:10:43,2022-03-07 12:11:49,Free_Living,annotator,Experimental situation,2022-03-07 01:17:19,2022-03-07 01:18:25
2022-03-07 12:11:56,2022-03-07 12:12:33,Free_Living,annotator,Experimental situation,2022-03-07 01:18:32,2022-03-07 01:19:09
2022-03-07 12:12:41,2022-03-07 12:15:07,Free_Living,annotator,Experimental situation,2022-03-07 01:19:17,2022-03-07 01:21:43
2022-03-07 12:15:11,2022-03-07 12:16:00,Free_Living,annotator,Experimental situation,2022-03-07 01:21:47,2022-03-07 01:22:36
2022-03-07 12:16:01,2022-03-07 12:19:10,Free_Living,annotator,Experimental situation,2022-03-07 01:22:37,2022-03-07 01:25:46
2022-03-07 12:19:21,2022-03-07 12:20:51,Free_Living,annotator,Experimental situation,2022-03-07 01:25:57,2022-03-07 01:27:27
2022-03-07 12:20:52,2022-03-07 12:21:44,Free_Living,annotator,Experimental situation,2022-03-07 01:27:28,2022-03-07 01:28:20
2022-03-07 12:21:47,2022-03-07 12:27:20,Free_Living,annotator,Experimental situation,2022-03-07 01:28:23,2022-03-07 01:33:56
2022-03-07 12:27:21,2022-03-07 12:30:06,Free_Living,annotator,Experimental situation,2022-03-07 01:33:57,2022-03-07 01:36:42
2022-03-07 12:30:10,2022-03-07 12:30:46,Free_Living,annotator,Experimental situation,2022-03-07 01:36:46,2022-03-07 01:37:22
2022-03-07 12:30:48,2022-03-07 12:31:23,Free_Living,annotator,Experimental situation,2022-03-07 01:37:24,2022-03-07 01:37:59
2022-03-07 12:31:25,2022-03-07 12:32:14,Free_Living,annotator,Experimental situation,2022-03-07 01:38:01,2022-03-07 01:38:50
2022-03-07 12:32:15,2022-03-07 12:33:07,Free_Living,annotator,Experimental situation,2022-03-07 01:38:51,2022-03-07 01:39:43
2022-03-07 12:33:10,2022-03-07 12:33:48,Free_Living,annotator,Experimental situation,2022-03-07 01:39:46,2022-03-07 01:40:24
2022-03-07 12:33:52,2022-03-07 12:50:06,Free_Living,annotator,Experimental situation,2022-03-07 01:40:28,2022-03-07 01:56:42
2022-03-07 12:50:12,2022-03-07 14:01:27,ES_VideoUnavailable/Indecipherable,annotator,Experimental situation,2022-03-07 01:56:48,2022-03-07 03:08:03
2022-03-07 14:01:41,2022-03-07 14:02:58,Free_Living,annotator,Experimental situation,2022-03-07 03:08:17,2022-03-07 03:09:34
2022-03-07 14:03:00,2022-03-07 14:04:46,Free_Living,annotator,Experimental situation,2022-03-07 03:09:36,2022-03-07 03:11:22
2022-03-07 14:04:48,2022-03-07 14:05:38,Free_Living,annotator,Experimental situation,2022-03-07 03:11:24,2022-03-07 03:12:14
2022-03-07 14:05:41,2022-03-07 14:07:29,Free_Living,annotator,Experimental situation,2022-03-07 03:12:17,2022-03-07 03:14:05
2022-03-07 14:07:31,2022-03-07 14:08:42,Free_Living,annotator,Experimental situation,2022-03-07 03:14:07,2022-03-07 03:15:18
2022-03-07 14:08:46,2022-03-07 14:08:58,Free_Living,annotator,Experimental situation,2022-03-07 03:15:22,2022-03-07 03:15:34
2022-03-07 14:09:02,2022-03-07 14:10:44,Free_Living,annotator,Experimental situation,2022-03-07 03:15:38,2022-03-07 03:17:20
2022-03-07 14:10:46,2022-03-07 14:13:31,Free_Living,annotator,Experimental situation,2022-03-07 03:17:22,2022-03-07 03:20:07
2022-03-07 14:13:33,2022-03-07 14:14:16,Free_Living,annotator,Experimental situation,2022-03-07 03:20:09,2022-03-07 03:20:52
2022-03-07 14:14:17,2022-03-07 14:16:08,Free_Living,annotator,Experimental situation,2022-03-07 03:20:53,2022-03-07 03:22:44
2022-03-07 14:16:09,2022-03-07 14:16:52,Free_Living,annotator,Experimental situation,2022-03-07 03:22:45,2022-03-07 03:23:28
2022-03-07 14:16:55,2022-03-07 14:21:56,Free_Living,annotator,Experimental situation,2022-03-07 03:23:31,2022-03-07 03:28:32
2022-03-07 14:21:58,2022-03-07 14:24:35,Free_Living,annotator,Experimental situation,2022-03-07 03:28:34,2022-03-07 03:31:11
2022-03-07 14:24:40,2022-03-07 14:24:55,Free_Living,annotator,Experimental situation,2022-03-07 03:31:16,2022-03-07 03:31:31
2022-03-07 14:24:56,2022-03-07 14:25:10,Free_Living,annotator,Experimental situation,2022-03-07 03:31:32,2022-03-07 03:31:46
2022-03-07 14:25:11,2022-03-07 14:25:55,Free_Living,annotator,Experimental situation,2022-03-07 03:31:47,2022-03-07 03:32:31
2022-03-07 14:26:01,2022-03-07 14:26:34,Free_Living,annotator,Experimental situation,2022-03-07 03:32:37,2022-03-07 03:33:10
2022-03-07 14:26:35,2022-03-07 14:26:52,Free_Living,annotator,Experimental situation,2022-03-07 03:33:11,2022-03-07 03:33:28
2022-03-07 14:26:53,2022-03-07 14:27:07,Free_Living,annotator,Experimental situation,2022-03-07 03:33:29,2022-03-07 03:33:43
2022-03-07 14:27:08,2022-03-07 14:29:39,Free_Living,annotator,Experimental situation,2022-03-07 03:33:44,2022-03-07 03:36:15
2022-03-07 14:29:42,2022-03-07 14:30:36,Free_Living,annotator,Experimental situation,2022-03-07 03:36:18,2022-03-07 03:37:12
2022-03-07 14:30:39,2022-03-07 14:31:32,Free_Living,annotator,Experimental situation,2022-03-07 03:37:15,2022-03-07 03:38:08
2022-03-07 14:31:34,2022-03-07 14:32:25,Free_Living,annotator,Experimental situation,2022-03-07 03:38:10,2022-03-07 03:39:01
2022-03-07 14:32:26,2022-03-07 14:32:38,Free_Living,annotator,Experimental situation,2022-03-07 03:39:02,2022-03-07 03:39:14
2022-03-07 14:32:40,2022-03-07 14:33:09,Free_Living,annotator,Experimental situation,2022-03-07 03:39:16,2022-03-07 03:39:45
2022-03-07 14:33:12,2022-03-07 14:33:46,Free_Living,annotator,Experimental situation,2022-03-07 03:39:48,2022-03-07 03:40:22
2022-03-07 14:33:54,2022-03-07 14:34:07,Free_Living,annotator,Experimental situation,2022-03-07 03:40:30,2022-03-07 03:40:43
2022-03-07 14:34:08,2022-03-07 14:35:26,Free_Living,annotator,Experimental situation,2022-03-07 03:40:44,2022-03-07 03:42:02
2022-03-07 14:35:28,2022-03-07 14:35:39,Free_Living,annotator,Experimental situation,2022-03-07 03:42:04,2022-03-07 03:42:15
2022-03-07 14:35:41,2022-03-07 14:36:31,Free_Living,annotator,Experimental situation,2022-03-07 03:42:17,2022-03-07 03:43:07
2022-03-07 14:36:32,2022-03-07 14:41:33,Free_Living,annotator,Experimental situation,2022-03-07 03:43:08,2022-03-07 03:48:09
2022-03-07 14:41:35,2022-03-07 14:43:08,Free_Living,annotator,Experimental situation,2022-03-07 03:48:11,2022-03-07 03:49:44
2022-03-07 14:43:08,2022-03-07 14:43:38,Free_Living,annotator,Experimental situation,2022-03-07 03:49:44,2022-03-07 03:50:14
2022-03-07 14:43:39,2022-03-07 14:43:59,Free_Living,annotator,Experimental situation,2022-03-07 03:50:15,2022-03-07 03:50:35
2022-03-07 14:44:01,2022-03-07 14:45:29,Free_Living,annotator,Experimental situation,2022-03-07 03:50:37,2022-03-07 03:52:05
2022-03-07 14:45:31,2022-03-07 14:47:07,Free_Living,annotator,Experimental situation,2022-03-07 03:52:07,2022-03-07 03:53:43
2022-03-07 14:47:08,2022-03-07 14:47:36,Free_Living,annotator,Experimental situation,2022-03-07 03:53:44,2022-03-07 03:54:12
2022-03-07 14:47:37,2022-03-07 14:48:34,Free_Living,annotator,Experimental situation,2022-03-07 03:54:13,2022-03-07 03:55:10
2022-03-07 14:48:35,2022-03-07 14:49:20,Free_Living,annotator,Experimental situation,2022-03-07 03:55:11,2022-03-07 03:55:56
2022-03-07 14:49:22,2022-03-07 14:51:25,Free_Living,annotator,Experimental situation,2022-03-07 03:55:58,2022-03-07 03:58:01
2022-03-07 14:51:28,2022-03-07 14:51:41,Free_Living,annotator,Experimental situation,2022-03-07 03:58:04,2022-03-07 03:58:17
2022-03-07 14:51:41,2022-03-07 14:52:31,Free_Living,annotator,Experimental situation,2022-03-07 03:58:17,2022-03-07 03:59:07
2022-03-07 14:52:34,2022-03-07 14:53:03,Free_Living,annotator,Experimental situation,2022-03-07 03:59:10,2022-03-07 03:59:39
2022-03-07 14:53:03,2022-03-07 14:53:14,Free_Living,annotator,Experimental situation,2022-03-07 03:59:39,2022-03-07 03:59:50
2022-03-07 14:53:20,2022-03-07 14:53:41,Free_Living,annotator,Experimental situation,2022-03-07 03:59:56,2022-03-07 04:00:17
2022-03-07 14:53:42,2022-03-07 14:54:40,Free_Living,annotator,Experimental situation,2022-03-07 04:00:18,2022-03-07 04:01:16
2022-03-07 14:54:42,2022-03-07 14:55:29,Free_Living,annotator,Experimental situation,2022-03-07 04:01:18,2022-03-07 04:02:05
2022-03-07 14:55:30,2022-03-07 14:55:45,Free_Living,annotator,Experimental situation,2022-03-07 04:02:06,2022-03-07 04:02:21
2022-03-07 14:55:47,2022-03-07 14:56:50,Free_Living,annotator,Experimental situation,2022-03-07 04:02:23,2022-03-07 04:03:26
2022-03-07 14:57:09,2022-03-07 14:57:34,Free_Living,annotator,Experimental situation,2022-03-07 04:03:45,2022-03-07 04:04:10
2022-03-07 14:57:35,2022-03-07 14:57:59,Free_Living,annotator,Experimental situation,2022-03-07 04:04:11,2022-03-07 04:04:35
2022-03-07 14:58:11,2022-03-07 14:58:33,Free_Living,annotator,Experimental situation,2022-03-07 04:04:47,2022-03-07 04:05:09
2022-03-07 14:58:35,2022-03-07 14:58:47,Free_Living,annotator,Experimental situation,2022-03-07 04:05:11,2022-03-07 04:05:23
2022-03-07 14:58:52,2022-03-07 14:59:05,Free_Living,annotator,Experimental situation,2022-03-07 04:05:28,2022-03-07 04:05:41
2022-03-07 14:59:08,2022-03-07 14:59:38,Free_Living,annotator,Experimental situation,2022-03-07 04:05:44,2022-03-07 04:06:14
2022-03-07 14:59:39,2022-03-07 15:00:29,Free_Living,annotator,Experimental situation,2022-03-07 04:06:15,2022-03-07 04:07:05
2022-03-07 15:00:33,2022-03-07 15:01:47,Free_Living,annotator,Experimental situation,2022-03-07 04:07:09,2022-03-07 04:08:23
2022-03-07 15:01:48,2022-03-07 15:01:58,Free_Living,annotator,Experimental situation,2022-03-07 04:08:24,2022-03-07 04:08:34
2022-03-07 15:01:59,2022-03-07 15:02:10,Free_Living,annotator,Experimental situation,2022-03-07 04:08:35,2022-03-07 04:08:46
2022-03-07 15:02:11,2022-03-07 15:02:40,Free_Living,annotator,Experimental situation,2022-03-07 04:08:47,2022-03-07 04:09:16
2022-03-07 15:02:43,2022-03-07 15:02:58,Free_Living,annotator,Experimental situation,2022-03-07 04:09:19,2022-03-07 04:09:34
2022-03-07 15:02:59,2022-03-07 15:15:06,Free_Living,annotator,Experimental situation,2022-03-07 04:09:35,2022-03-07 04:21:42
2022-03-07 15:15:07,2022-03-07 15:15:38,Free_Living,annotator,Experimental situation,2022-03-07 04:21:43,2022-03-07 04:22:14
2022-03-07 15:16:03,2022-03-07 15:17:39,Free_Living,annotator,Experimental situation,2022-03-07 04:22:39,2022-03-07 04:24:15
2022-03-07 15:17:42,2022-03-07 15:18:53,Free_Living,annotator,Experimental situation,2022-03-07 04:24:18,2022-03-07 04:25:29
2022-03-07 15:18:54,2022-03-07 15:19:00,Free_Living,annotator,Experimental situation,2022-03-07 04:25:30,2022-03-07 04:25:36
2022-03-07 15:19:02,2022-03-07 15:22:29,Free_Living,annotator,Experimental situation,2022-03-07 04:25:38,2022-03-07 04:29:05
2022-03-07 15:22:30,2022-03-07 15:22:46,Free_Living,annotator,Experimental situation,2022-03-07 04:29:06,2022-03-07 04:29:22
2022-03-07 15:22:56,2022-03-07 15:27:39,Free_Living,annotator,Experimental situation,2022-03-07 04:29:32,2022-03-07 04:34:15
2022-03-07 15:27:40,2022-03-07 15:27:50,Free_Living,annotator,Experimental situation,2022-03-07 04:34:16,2022-03-07 04:34:26
2022-03-07 15:27:53,2022-03-07 15:46:49,Free_Living,annotator,Experimental situation,2022-03-07 04:34:29,2022-03-07 04:53:25
2022-03-07 15:46:49,2022-03-07 15:55:50,Free_Living,annotator,Experimental situation,2022-03-07 04:53:25,2022-03-07 05:02:26
2022-03-07 15:55:55,2022-03-07 15:56:04,Free_Living,annotator,Experimental situation,2022-03-07 05:02:31,2022-03-07 05:02:40
2022-03-07 15:56:18,2022-03-07 15:56:36,Free_Living,annotator,Experimental situation,2022-03-07 05:02:54,2022-03-07 05:03:12
2022-03-07 15:56:36,2022-03-07 15:56:59,Free_Living,annotator,Experimental situation,2022-03-07 05:03:12,2022-03-07 05:03:35
2022-03-07 15:57:01,2022-03-07 16:04:53,Free_Living,annotator,Experimental situation,2022-03-07 05:03:37,2022-03-07 05:11:29
2022-03-07 16:04:57,2022-03-07 16:10:04,Free_Living,annotator,Experimental situation,2022-03-07 05:11:33,2022-03-07 05:16:40
2022-03-07 16:04:58,2022-03-07 16:04:58,Free_Living,annotator,Experimental situation,2022-03-07 05:11:34,2022-03-07 05:11:34
2022-03-07 16:10:07,2022-03-07 16:10:22,Free_Living,annotator,Experimental situation,2022-03-07 05:16:43,2022-03-07 05:16:58
2022-03-07 16:10:23,2022-03-07 16:17:34,Free_Living,annotator,Experimental situation,2022-03-07 05:16:59,2022-03-07 05:24:10
2022-03-07 16:17:35,2022-03-07 16:28:15,Free_Living,annotator,Experimental situation,2022-03-07 05:24:11,2022-03-07 05:34:51
2022-03-07 16:28:29,2022-03-07 16:28:55,Free_Living,annotator,Experimental situation,2022-03-07 05:35:05,2022-03-07 05:35:31
2022-03-07 16:29:05,2022-03-07 16:29:15,Free_Living,annotator,Experimental situation,2022-03-07 05:35:41,2022-03-07 05:35:51
2022-03-07 16:29:27,2022-03-07 16:29:58,Free_Living,annotator,Experimental situation,2022-03-07 05:36:03,2022-03-07 05:36:34
2022-03-07 16:30:09,2022-03-07 16:33:29,Free_Living,annotator,Experimental situation,2022-03-07 05:36:45,2022-03-07 05:40:05
2022-03-07 16:33:32,2022-03-07 16:33:36,Free_Living,annotator,Experimental situation,2022-03-07 05:40:08,2022-03-07 05:40:12
2022-03-07 16:33:45,2022-03-07 16:34:12,Free_Living,annotator,Experimental situation,2022-03-07 05:40:21,2022-03-07 05:40:48
2022-03-07 16:34:16,2022-03-07 16:34:31,Free_Living,annotator,Experimental situation,2022-03-07 05:40:52,2022-03-07 05:41:07
2022-03-07 16:34:34,2022-03-07 16:34:54,Free_Living,annotator,Experimental situation,2022-03-07 05:41:10,2022-03-07 05:41:30
2022-03-07 16:35:31,2022-03-07 16:37:35,Free_Living,annotator,Experimental situation,2022-03-07 05:42:07,2022-03-07 05:44:11
2022-03-07 16:37:53,2022-03-07 16:51:22,Free_Living,annotator,Experimental situation,2022-03-07 05:44:29,2022-03-07 05:57:58
2022-03-07 16:51:24,2022-03-07 16:56:02,Free_Living,annotator,Experimental situation,2022-03-07 05:58:00,2022-03-07 06:02:38
2022-03-07 16:56:02,2022-03-07 16:56:17,Free_Living,annotator,Experimental situation,2022-03-07 06:02:38,2022-03-07 06:02:53
2022-03-07 16:56:19,2022-03-07 17:06:14,Free_Living,annotator,Experimental situation,2022-03-07 06:02:55,2022-03-07 06:12:50
2022-03-07 17:06:19,2022-03-07 17:12:06,Free_Living,annotator,Experimental situation,2022-03-07 06:12:55,2022-03-07 06:18:42
2022-03-07 17:12:15,2022-03-07 17:14:03,Free_Living,annotator,Experimental situation,2022-03-07 06:18:51,2022-03-07 06:20:39
2022-03-07 17:14:06,2022-03-07 17:19:18,Free_Living,annotator,Experimental situation,2022-03-07 06:20:42,2022-03-07 06:25:54
2022-03-07 17:19:19,2022-03-07 17:22:20,Free_Living,annotator,Experimental situation,2022-03-07 06:25:55,2022-03-07 06:28:56
2022-03-07 17:22:31,2022-03-07 17:24:27,Free_Living,annotator,Experimental situation,2022-03-07 06:29:07,2022-03-07 06:31:03
2022-03-07 17:24:29,2022-03-07 17:25:02,Free_Living,annotator,Experimental situation,2022-03-07 06:31:05,2022-03-07 06:31:38
2022-03-07 17:25:03,2022-03-07 17:36:02,Free_Living,annotator,Experimental situation,2022-03-07 06:31:39,2022-03-07 06:42:38
2022-03-07 17:36:15,2022-03-07 17:37:47,Free_Living,annotator,Experimental situation,2022-03-07 06:42:51,2022-03-07 06:44:23
2022-03-07 17:37:55,2022-03-07 17:38:55,Free_Living,annotator,Experimental situation,2022-03-07 06:44:31,2022-03-07 06:45:31
2022-03-07 17:39:15,2022-03-07 17:43:13,Free_Living,annotator,Experimental situation,2022-03-07 06:45:51,2022-03-07 06:49:49
2022-03-07 17:43:37,2022-03-07 17:58:56,Free_Living,annotator,Experimental situation,2022-03-07 06:50:13,2022-03-07 07:05:32
2022-03-07 17:58:56,2022-03-07 18:04:02,Free_Living,annotator,Experimental situation,2022-03-07 07:05:32,2022-03-07 07:10:38
2022-03-07 18:04:02,2022-03-07 18:05:20,Free_Living,annotator,Experimental situation,2022-03-07 07:10:38,2022-03-07 07:11:56
2022-03-07 18:05:20,2022-03-07 18:06:35,Free_Living,annotator,Experimental situation,2022-03-07 07:11:56,2022-03-07 07:13:11
2022-03-07 18:06:35,2022-03-07 18:07:54,Free_Living,annotator,Experimental situation,2022-03-07 07:13:11,2022-03-07 07:14:30
2022-03-07 18:07:54,2022-03-07 18:13:20,Free_Living,annotator,Experimental situation,2022-03-07 07:14:30,2022-03-07 07:19:56
2022-03-07 18:13:20,2022-03-07 18:13:51,Free_Living,annotator,Experimental situation,2022-03-07 07:19:56,2022-03-07 07:20:27
2022-03-07 18:13:51,2022-03-07 18:23:30,Free_Living,annotator,Experimental situation,2022-03-07 07:20:27,2022-03-07 07:30:06
2022-03-07 18:23:32,2022-03-07 18:23:51,Free_Living,annotator,Experimental situation,2022-03-07 07:30:08,2022-03-07 07:30:27
2022-03-07 18:23:51,2022-03-07 18:28:09,Free_Living,annotator,Experimental situation,2022-03-07 07:30:27,2022-03-07 07:34:45
2022-03-07 18:28:09,2022-03-07 18:28:53,Free_Living,annotator,Experimental situation,2022-03-07 07:34:45,2022-03-07 07:35:29
2022-03-07 18:28:53,2022-03-07 18:36:06,Free_Living,annotator,Experimental situation,2022-03-07 07:35:29,2022-03-07 07:42:42
2022-03-07 18:36:06,2022-03-07 18:43:00,Free_Living,annotator,Experimental situation,2022-03-07 07:42:42,2022-03-07 07:49:36
2022-03-07 18:43:00,2022-03-07 18:43:15,Free_Living,annotator,Experimental situation,2022-03-07 07:49:36,2022-03-07 07:49:51
2022-03-07 18:43:15,2022-03-07 18:43:45,Free_Living,annotator,Experimental situation,2022-03-07 07:49:51,2022-03-07 07:50:21
2022-03-07 18:43:45,2022-03-07 18:45:18,Free_Living,annotator,Experimental situation,2022-03-07 07:50:21,2022-03-07 07:51:54
2022-03-07 18:45:18,2022-03-07 18:46:39,Free_Living,annotator,Experimental situation,2022-03-07 07:51:54,2022-03-07 07:53:15
2022-03-07 18:46:39,2022-03-07 18:47:22,Free_Living,annotator,Experimental situation,2022-03-07 07:53:15,2022-03-07 07:53:58
2022-03-07 18:47:22,2022-03-07 18:51:26,Free_Living,annotator,Experimental situation,2022-03-07 07:53:58,2022-03-07 07:58:02
2022-03-07 18:51:26,2022-03-07 18:51:38,Free_Living,annotator,Experimental situation,2022-03-07 07:58:02,2022-03-07 07:58:14
2022-03-07 18:51:38,2022-03-07 18:54:07,Free_Living,annotator,Experimental situation,2022-03-07 07:58:14,2022-03-07 08:00:43
2022-03-07 18:54:07,2022-03-07 18:57:56,Free_Living,annotator,Experimental situation,2022-03-07 08:00:43,2022-03-07 08:04:32
2022-03-07 18:57:56,2022-03-07 18:58:14,Free_Living,annotator,Experimental situation,2022-03-07 08:04:32,2022-03-07 08:04:50
2022-03-07 18:58:14,2022-03-07 18:59:25,Free_Living,annotator,Experimental situation,2022-03-07 08:04:50,2022-03-07 08:06:01
2022-03-07 18:59:25,2022-03-07 18:59:51,Free_Living,annotator,Experimental situation,2022-03-07 08:06:01,2022-03-07 08:06:27
2022-03-07 18:59:51,2022-03-07 19:04:37,Free_Living,annotator,Experimental situation,2022-03-07 08:06:27,2022-03-07 08:11:13
2022-03-07 19:04:37,2022-03-07 19:05:13,Free_Living,annotator,Experimental situation,2022-03-07 08:11:13,2022-03-07 08:11:49
2022-03-07 19:05:13,2022-03-07 19:06:19,Free_Living,annotator,Experimental situation,2022-03-07 08:11:49,2022-03-07 08:12:55
2022-03-07 19:06:19,2022-03-07 19:06:55,Free_Living,annotator,Experimental situation,2022-03-07 08:12:55,2022-03-07 08:13:31
2022-03-07 19:06:55,2022-03-07 19:08:35,Free_Living,annotator,Experimental situation,2022-03-07 08:13:31,2022-03-07 08:15:11
2022-03-07 19:08:35,2022-03-07 19:09:02,Free_Living,annotator,Experimental situation,2022-03-07 08:15:11,2022-03-07 08:15:38
2022-03-07 19:09:02,2022-03-07 19:09:33,Free_Living,annotator,Experimental situation,2022-03-07 08:15:38,2022-03-07 08:16:09
2022-03-07 19:09:33,2022-03-07 19:11:15,Free_Living,annotator,Experimental situation,2022-03-07 08:16:09,2022-03-07 08:17:51
2022-03-07 19:11:15,2022-03-07 19:12:00,Free_Living,annotator,Experimental situation,2022-03-07 08:17:51,2022-03-07 08:18:36
2022-03-07 19:12:00,2022-03-07 19:13:24,Free_Living,annotator,Experimental situation,2022-03-07 08:18:36,2022-03-07 08:20:00
2022-03-07 19:13:24,2022-03-07 19:13:39,Free_Living,annotator,Experimental situation,2022-03-07 08:20:00,2022-03-07 08:20:15
2022-03-07 19:13:39,2022-03-07 19:14:59,Free_Living,annotator,Experimental situation,2022-03-07 08:20:15,2022-03-07 08:21:35
2022-03-07 19:14:59,2022-03-07 19:16:20,Free_Living,annotator,Experimental situation,2022-03-07 08:21:35,2022-03-07 08:22:56
2022-03-07 19:16:20,2022-03-07 19:16:50,Free_Living,annotator,Experimental situation,2022-03-07 08:22:56,2022-03-07 08:23:26
2022-03-07 19:16:50,2022-03-07 19:17:08,Free_Living,annotator,Experimental situation,2022-03-07 08:23:26,2022-03-07 08:23:44
2022-03-07 19:17:08,2022-03-07 19:17:25,Free_Living,annotator,Experimental situation,2022-03-07 08:23:44,2022-03-07 08:24:01
2022-03-07 19:17:25,2022-03-07 19:17:47,Free_Living,annotator,Experimental situation,2022-03-07 08:24:01,2022-03-07 08:24:23
2022-03-07 19:17:47,2022-03-07 19:19:47,Free_Living,annotator,Experimental situation,2022-03-07 08:24:23,2022-03-07 08:26:23
2022-03-07 19:19:47,2022-03-07 19:20:49,Free_Living,annotator,Experimental situation,2022-03-07 08:26:23,2022-03-07 08:27:25
2022-03-07 19:20:49,2022-03-07 19:21:29,Free_Living,annotator,Experimental situation,2022-03-07 08:27:25,2022-03-07 08:28:05
2022-03-07 19:21:29,2022-03-07 19:21:36,Free_Living,annotator,Experimental situation,2022-03-07 08:28:05,2022-03-07 08:28:12
2022-03-07 19:21:44,2022-03-07 19:23:49,Free_Living,annotator,Experimental situation,2022-03-07 08:28:20,2022-03-07 08:30:25
2022-03-07 19:23:49,2022-03-07 19:24:41,Free_Living,annotator,Experimental situation,2022-03-07 08:30:25,2022-03-07 08:31:17
2022-03-07 19:24:41,2022-03-07 19:25:46,Free_Living,annotator,Experimental situation,2022-03-07 08:31:17,2022-03-07 08:32:22
2022-03-07 19:25:46,2022-03-07 19:28:11,Free_Living,annotator,Experimental situation,2022-03-07 08:32:22,2022-03-07 08:34:47
2022-03-07 19:28:11,2022-03-07 19:28:55,Free_Living,annotator,Experimental situation,2022-03-07 08:34:47,2022-03-07 08:35:31
2022-03-07 19:28:55,2022-03-07 19:29:51,Free_Living,annotator,Experimental situation,2022-03-07 08:35:31,2022-03-07 08:36:27
2022-03-07 19:29:51,2022-03-07 19:30:02,Free_Living,annotator,Experimental situation,2022-03-07 08:36:27,2022-03-07 08:36:38
2022-03-07 19:30:02,2022-03-07 19:30:29,Free_Living,annotator,Experimental situation,2022-03-07 08:36:38,2022-03-07 08:37:05
2022-03-07 19:30:29,2022-03-07 19:30:41,Free_Living,annotator,Experimental situation,2022-03-07 08:37:05,2022-03-07 08:37:17
2022-03-07 19:30:41,2022-03-07 19:31:26,Free_Living,annotator,Experimental situation,2022-03-07 08:37:17,2022-03-07 08:38:02
2022-03-07 19:31:26,2022-03-07 19:31:57,Free_Living,annotator,Experimental situation,2022-03-07 08:38:02,2022-03-07 08:38:33
2022-03-07 19:32:00,2022-03-07 19:40:44,Free_Living,annotator,Experimental situation,2022-03-07 08:38:36,2022-03-07 08:47:20
2022-03-07 19:40:44,2022-03-07 19:42:06,Free_Living,annotator,Experimental situation,2022-03-07 08:47:20,2022-03-07 08:48:42
2022-03-07 19:42:08,2022-03-07 19:42:23,Free_Living,annotator,Experimental situation,2022-03-07 08:48:44,2022-03-07 08:48:59
2022-03-07 19:42:23,2022-03-07 19:43:34,Free_Living,annotator,Experimental situation,2022-03-07 08:48:59,2022-03-07 08:50:10
2022-03-07 19:43:34,2022-03-07 19:43:51,Free_Living,annotator,Experimental situation,2022-03-07 08:50:10,2022-03-07 08:50:27
2022-03-07 19:43:51,2022-03-07 19:45:56,Free_Living,annotator,Experimental situation,2022-03-07 08:50:27,2022-03-07 08:52:32
2022-03-07 19:45:59,2022-03-07 19:46:09,Free_Living,annotator,Experimental situation,2022-03-07 08:52:35,2022-03-07 08:52:45
2022-03-07 19:46:09,2022-03-07 19:47:00,Free_Living,annotator,Experimental situation,2022-03-07 08:52:45,2022-03-07 08:53:36
2022-03-07 19:47:00,2022-03-07 19:47:15,Free_Living,annotator,Experimental situation,2022-03-07 08:53:36,2022-03-07 08:53:51
2022-03-07 19:47:15,2022-03-07 19:52:03,Free_Living,annotator,Experimental situation,2022-03-07 08:53:51,2022-03-07 08:58:39
2022-03-07 19:52:04,2022-03-07 19:52:34,Free_Living,annotator,Experimental situation,2022-03-07 08:58:40,2022-03-07 08:59:10
2022-03-07 19:52:34,2022-03-07 19:57:53,Free_Living,annotator,Experimental situation,2022-03-07 08:59:10,2022-03-07 09:04:29
2022-03-07 19:57:53,2022-03-07 19:59:41,Free_Living,annotator,Experimental situation,2022-03-07 09:04:29,2022-03-07 09:06:17
2022-03-07 19:59:41,2022-03-07 19:59:55,Free_Living,annotator,Experimental situation,2022-03-07 09:06:17,2022-03-07 09:06:31
2022-03-07 19:59:55,2022-03-07 20:00:54,Free_Living,annotator,Experimental situation,2022-03-07 09:06:31,2022-03-07 09:07:30
2022-03-07 20:00:54,2022-03-07 20:04:44,Free_Living,annotator,Experimental situation,2022-03-07 09:07:30,2022-03-07 09:11:20
2022-03-07 20:04:44,2022-03-07 20:07:12,Free_Living,annotator,Experimental situation,2022-03-07 09:11:20,2022-03-07 09:13:48
2022-03-07 20:07:12,2022-03-07 20:07:29,Free_Living,annotator,Experimental situation,2022-03-07 09:13:48,2022-03-07 09:14:05
2022-03-07 20:07:31,2022-03-07 20:09:05,Free_Living,annotator,Experimental situation,2022-03-07 09:14:07,2022-03-07 09:15:41
2022-03-07 20:09:05,2022-03-07 20:10:54,Free_Living,annotator,Experimental situation,2022-03-07 09:15:41,2022-03-07 09:17:30
2022-03-07 20:10:54,2022-03-07 20:16:05,Free_Living,annotator,Experimental situation,2022-03-07 09:17:30,2022-03-07 09:22:41
2022-03-07 20:16:05,2022-03-07 20:17:11,Free_Living,annotator,Experimental situation,2022-03-07 09:22:41,2022-03-07 09:23:47
2022-03-07 20:17:11,2022-03-07 20:18:16,Free_Living,annotator,Experimental situation,2022-03-07 09:23:47,2022-03-07 09:24:52
2022-03-07 20:18:16,2022-03-07 20:21:43,Free_Living,annotator,Experimental situation,2022-03-07 09:24:52,2022-03-07 09:28:19
2022-03-07 20:21:43,2022-03-07 20:27:31,Free_Living,annotator,Experimental situation,2022-03-07 09:28:19,2022-03-07 09:34:07
2022-03-07 20:27:31,2022-03-07 20:28:34,Free_Living,annotator,Experimental situation,2022-03-07 09:34:07,2022-03-07 09:35:10
2022-03-07 20:28:34,2022-03-07 20:29:01,Free_Living,annotator,Experimental situation,2022-03-07 09:35:10,2022-03-07 09:35:37
2022-03-07 20:29:01,2022-03-07 20:29:53,Free_Living,annotator,Experimental situation,2022-03-07 09:35:37,2022-03-07 09:36:29
2022-03-07 20:29:53,2022-03-07 20:30:22,Free_Living,annotator,Experimental situation,2022-03-07 09:36:29,2022-03-07 09:36:58
2022-03-07 20:30:22,2022-03-07 20:33:59,Free_Living,annotator,Experimental situation,2022-03-07 09:36:58,2022-03-07 09:40:35
2022-03-07 20:33:59,2022-03-07 20:34:34,Free_Living,annotator,Experimental situation,2022-03-07 09:40:35,2022-03-07 09:41:10
2022-03-07 20:34:34,2022-03-07 20:35:41,Free_Living,annotator,Experimental situation,2022-03-07 09:41:10,2022-03-07 09:42:17
2022-03-07 20:35:41,2022-03-07 20:39:42,Free_Living,annotator,Experimental situation,2022-03-07 09:42:17,2022-03-07 09:46:18
2022-03-07 20:39:42,2022-03-07 20:40:06,Free_Living,annotator,Experimental situation,2022-03-07 09:46:18,2022-03-07 09:46:42
2022-03-07 20:40:06,2022-03-07 20:41:08,Free_Living,annotator,Experimental situation,2022-03-07 09:46:42,2022-03-07 09:47:44
2022-03-07 20:41:08,2022-03-07 20:41:52,Free_Living,annotator,Experimental situation,2022-03-07 09:47:44,2022-03-07 09:48:28
2022-03-07 20:41:52,2022-03-07 20:42:40,Free_Living,annotator,Experimental situation,2022-03-07 09:48:28,2022-03-07 09:49:16
2022-03-07 20:42:40,2022-03-07 20:43:03,Free_Living,annotator,Experimental situation,2022-03-07 09:49:16,2022-03-07 09:49:39
2022-03-07 20:43:03,2022-03-07 21:02:23,Free_Living,annotator,Experimental situation,2022-03-07 09:49:39,2022-03-07 10:08:59
2022-03-07 21:02:23,2022-03-07 21:03:19,Free_Living,annotator,Experimental situation,2022-03-07 10:08:59,2022-03-07 10:09:55
2022-03-07 21:03:19,2022-03-07 21:06:07,Free_Living,annotator,Experimental situation,2022-03-07 10:09:55,2022-03-07 10:12:43
2022-03-07 21:06:07,2022-03-07 21:06:37,Free_Living,annotator,Experimental situation,2022-03-07 10:12:43,2022-03-07 10:13:13
2022-03-07 21:06:37,2022-03-07 21:07:24,Free_Living,annotator,Experimental situation,2022-03-07 10:13:13,2022-03-07 10:14:00
2022-03-07 21:07:24,2022-03-07 21:07:32,Free_Living,annotator,Experimental situation,2022-03-07 10:14:00,2022-03-07 10:14:08
2022-03-07 21:07:32,2022-03-07 21:18:36,Free_Living,annotator,Experimental situation,2022-03-07 10:14:08,2022-03-07 10:25:12
2022-03-07 21:18:36,2022-03-07 21:19:39,Free_Living,annotator,Experimental situation,2022-03-07 10:25:12,2022-03-07 10:26:15
2022-03-07 21:19:39,2022-03-07 21:26:47,Free_Living,annotator,Experimental situation,2022-03-07 10:26:15,2022-03-07 10:33:23
2022-03-07 21:26:47,2022-03-07 21:28:33,Free_Living,annotator,Experimental situation,2022-03-07 10:33:23,2022-03-07 10:35:09
2022-03-07 21:28:33,2022-03-07 21:29:52,Free_Living,annotator,Experimental situation,2022-03-07 10:35:09,2022-03-07 10:36:28
2022-03-07 21:29:53,2022-03-07 21:31:20,Free_Living,annotator,Experimental situation,2022-03-07 10:36:29,2022-03-07 10:37:56
2022-03-07 21:31:20,2022-03-07 21:32:50,Free_Living,annotator,Experimental situation,2022-03-07 10:37:56,2022-03-07 10:39:26
2022-03-07 21:32:50,2022-03-07 21:33:19,Free_Living,annotator,Experimental situation,2022-03-07 10:39:26,2022-03-07 10:39:55
2022-03-07 21:33:19,2022-03-07 21:35:06,Free_Living,annotator,Experimental situation,2022-03-07 10:39:55,2022-03-07 10:41:42
