START_TIME,STOP_TIME,PREDICTION,SOURCE,LABELSET,VIDEO_START_TIME,VIDEO_END_TIME
2022-05-16 09:31:13,2022-05-16 09:31:36,Free_Living,annotator,Experimental situation,2022-05-16 00:00:00,2022-05-16 00:00:23
2022-05-16 09:31:36,2022-05-16 09:41:40,Free_Living,annotator,Experimental situation,2022-05-16 00:00:23,2022-05-16 00:10:27
2022-05-16 09:41:40,2022-05-16 09:42:17,Free_Living,annotator,Experimental situation,2022-05-16 00:10:27,2022-05-16 00:11:04
2022-05-16 09:42:17,2022-05-16 09:42:21,Free_Living,annotator,Experimental situation,2022-05-16 00:11:04,2022-05-16 00:11:08
2022-05-16 09:42:21,2022-05-16 09:55:46,Free_Living,annotator,Experimental situation,2022-05-16 00:11:08,2022-05-16 00:24:33
2022-05-16 09:55:46,2022-05-16 09:56:09,Free_Living,annotator,Experimental situation,2022-05-16 00:24:33,2022-05-16 00:24:56
2022-05-16 09:56:09,2022-05-16 09:56:50,Free_Living,annotator,Experimental situation,2022-05-16 00:24:56,2022-05-16 00:25:37
2022-05-16 09:56:50,2022-05-16 09:59:38,Free_Living,annotator,Experimental situation,2022-05-16 00:25:37,2022-05-16 00:28:25
2022-05-16 09:59:38,2022-05-16 09:59:43,Free_Living,annotator,Experimental situation,2022-05-16 00:28:25,2022-05-16 00:28:30
2022-05-16 09:59:43,2022-05-16 10:00:40,Free_Living,annotator,Experimental situation,2022-05-16 00:28:30,2022-05-16 00:29:27
2022-05-16 10:00:40,2022-05-16 10:00:55,Free_Living,annotator,Experimental situation,2022-05-16 00:29:27,2022-05-16 00:29:42
2022-05-16 10:00:55,2022-05-16 10:01:54,Free_Living,annotator,Experimental situation,2022-05-16 00:29:42,2022-05-16 00:30:41
2022-05-16 10:01:54,2022-05-16 10:04:05,Free_Living,annotator,Experimental situation,2022-05-16 00:30:41,2022-05-16 00:32:52
2022-05-16 10:04:05,2022-05-16 10:04:44,Free_Living,annotator,Experimental situation,2022-05-16 00:32:52,2022-05-16 00:33:31
2022-05-16 10:04:44,2022-05-16 10:39:11,Free_Living,annotator,Experimental situation,2022-05-16 00:33:31,2022-05-16 01:07:58
2022-05-16 10:39:11,2022-05-16 10:39:39,Free_Living,annotator,Experimental situation,2022-05-16 01:07:58,2022-05-16 01:08:26
2022-05-16 10:39:39,2022-05-16 10:39:58,Free_Living,annotator,Experimental situation,2022-05-16 01:08:26,2022-05-16 01:08:45
2022-05-16 10:39:58,2022-05-16 10:40:03,Free_Living,annotator,Experimental situation,2022-05-16 01:08:45,2022-05-16 01:08:50
2022-05-16 10:40:03,2022-05-16 10:50:32,Free_Living,annotator,Experimental situation,2022-05-16 01:08:50,2022-05-16 01:19:19
2022-05-16 10:50:32,2022-05-16 11:13:22,Free_Living,annotator,Experimental situation,2022-05-16 01:19:19,2022-05-16 01:42:09
2022-05-16 11:13:22,2022-05-16 11:29:12,Free_Living,annotator,Experimental situation,2022-05-16 01:42:09,2022-05-16 01:57:59
2022-05-16 11:29:12,2022-05-16 11:30:04,Free_Living,annotator,Experimental situation,2022-05-16 01:57:59,2022-05-16 01:58:51
2022-05-16 11:30:04,2022-05-16 11:30:22,Free_Living,annotator,Experimental situation,2022-05-16 01:58:51,2022-05-16 01:59:09
2022-05-16 11:30:22,2022-05-16 11:30:45,Free_Living,annotator,Experimental situation,2022-05-16 01:59:09,2022-05-16 01:59:32
2022-05-16 11:30:45,2022-05-16 11:31:38,Free_Living,annotator,Experimental situation,2022-05-16 01:59:32,2022-05-16 02:00:25
2022-05-16 11:31:38,2022-05-16 11:31:54,Free_Living,annotator,Experimental situation,2022-05-16 02:00:25,2022-05-16 02:00:41
2022-05-16 11:31:54,2022-05-16 11:32:13,Free_Living,annotator,Experimental situation,2022-05-16 02:00:41,2022-05-16 02:01:00
2022-05-16 11:32:13,2022-05-16 11:32:30,Free_Living,annotator,Experimental situation,2022-05-16 02:01:00,2022-05-16 02:01:17
2022-05-16 11:32:30,2022-05-16 11:32:52,Free_Living,annotator,Experimental situation,2022-05-16 02:01:17,2022-05-16 02:01:39
2022-05-16 11:32:52,2022-05-16 11:33:23,Free_Living,annotator,Experimental situation,2022-05-16 02:01:39,2022-05-16 02:02:10
2022-05-16 11:33:23,2022-05-16 11:36:01,Free_Living,annotator,Experimental situation,2022-05-16 02:02:10,2022-05-16 02:04:48
2022-05-16 11:36:01,2022-05-16 11:36:21,Free_Living,annotator,Experimental situation,2022-05-16 02:04:48,2022-05-16 02:05:08
2022-05-16 11:36:21,2022-05-16 11:36:45,Free_Living,annotator,Experimental situation,2022-05-16 02:05:08,2022-05-16 02:05:32
2022-05-16 11:36:45,2022-05-16 11:37:49,Free_Living,annotator,Experimental situation,2022-05-16 02:05:32,2022-05-16 02:06:36
2022-05-16 11:37:49,2022-05-16 11:38:22,Free_Living,annotator,Experimental situation,2022-05-16 02:06:36,2022-05-16 02:07:09
2022-05-16 11:38:22,2022-05-16 11:38:45,Free_Living,annotator,Experimental situation,2022-05-16 02:07:09,2022-05-16 02:07:32
2022-05-16 11:38:45,2022-05-16 11:38:57,Free_Living,annotator,Experimental situation,2022-05-16 02:07:32,2022-05-16 02:07:44
2022-05-16 11:38:57,2022-05-16 11:51:14,Free_Living,annotator,Experimental situation,2022-05-16 02:07:44,2022-05-16 02:20:01
2022-05-16 11:51:14,2022-05-16 11:52:31,Free_Living,annotator,Experimental situation,2022-05-16 02:20:01,2022-05-16 02:21:18
2022-05-16 11:52:31,2022-05-16 11:53:00,Free_Living,annotator,Experimental situation,2022-05-16 02:21:18,2022-05-16 02:21:47
2022-05-16 11:53:00,2022-05-16 11:53:25,Free_Living,annotator,Experimental situation,2022-05-16 02:21:47,2022-05-16 02:22:12
2022-05-16 11:53:25,2022-05-16 11:53:44,Free_Living,annotator,Experimental situation,2022-05-16 02:22:12,2022-05-16 02:22:31
2022-05-16 11:53:44,2022-05-16 11:54:07,Free_Living,annotator,Experimental situation,2022-05-16 02:22:31,2022-05-16 02:22:54
2022-05-16 11:54:07,2022-05-16 11:54:14,Free_Living,annotator,Experimental situation,2022-05-16 02:22:54,2022-05-16 02:23:01
2022-05-16 11:54:14,2022-05-16 11:55:26,Free_Living,annotator,Experimental situation,2022-05-16 02:23:01,2022-05-16 02:24:13
2022-05-16 11:55:26,2022-05-16 11:56:03,Free_Living,annotator,Experimental situation,2022-05-16 02:24:13,2022-05-16 02:24:50
2022-05-16 11:56:03,2022-05-16 11:56:13,Free_Living,annotator,Experimental situation,2022-05-16 02:24:50,2022-05-16 02:25:00
2022-05-16 11:56:13,2022-05-16 11:56:29,Free_Living,annotator,Experimental situation,2022-05-16 02:25:00,2022-05-16 02:25:16
2022-05-16 11:56:29,2022-05-16 11:57:40,Free_Living,annotator,Experimental situation,2022-05-16 02:25:16,2022-05-16 02:26:27
2022-05-16 11:57:40,2022-05-16 11:57:45,Free_Living,annotator,Experimental situation,2022-05-16 02:26:27,2022-05-16 02:26:32
2022-05-16 11:57:45,2022-05-16 11:58:07,Free_Living,annotator,Experimental situation,2022-05-16 02:26:32,2022-05-16 02:26:54
2022-05-16 11:58:07,2022-05-16 11:58:34,Free_Living,annotator,Experimental situation,2022-05-16 02:26:54,2022-05-16 02:27:21
2022-05-16 11:58:34,2022-05-16 11:59:11,Free_Living,annotator,Experimental situation,2022-05-16 02:27:21,2022-05-16 02:27:58
2022-05-16 11:59:11,2022-05-16 11:59:22,Free_Living,annotator,Experimental situation,2022-05-16 02:27:58,2022-05-16 02:28:09
2022-05-16 11:59:22,2022-05-16 11:59:53,Free_Living,annotator,Experimental situation,2022-05-16 02:28:09,2022-05-16 02:28:40
2022-05-16 11:59:53,2022-05-16 12:00:19,Free_Living,annotator,Experimental situation,2022-05-16 02:28:40,2022-05-16 02:29:06
2022-05-16 12:00:19,2022-05-16 12:01:04,Free_Living,annotator,Experimental situation,2022-05-16 02:29:06,2022-05-16 02:29:51
2022-05-16 12:01:04,2022-05-16 12:01:51,Free_Living,annotator,Experimental situation,2022-05-16 02:29:51,2022-05-16 02:30:38
2022-05-16 12:01:51,2022-05-16 12:02:50,Free_Living,annotator,Experimental situation,2022-05-16 02:30:38,2022-05-16 02:31:37
2022-05-16 12:02:50,2022-05-16 12:03:19,Free_Living,annotator,Experimental situation,2022-05-16 02:31:37,2022-05-16 02:32:06
2022-05-16 12:03:19,2022-05-16 12:04:04,Free_Living,annotator,Experimental situation,2022-05-16 02:32:06,2022-05-16 02:32:51
2022-05-16 12:04:04,2022-05-16 12:04:16,Free_Living,annotator,Experimental situation,2022-05-16 02:32:51,2022-05-16 02:33:03
2022-05-16 12:04:16,2022-05-16 12:05:20,Free_Living,annotator,Experimental situation,2022-05-16 02:33:03,2022-05-16 02:34:07
2022-05-16 12:05:20,2022-05-16 12:06:00,Free_Living,annotator,Experimental situation,2022-05-16 02:34:07,2022-05-16 02:34:47
2022-05-16 12:06:00,2022-05-16 12:06:31,Free_Living,annotator,Experimental situation,2022-05-16 02:34:47,2022-05-16 02:35:18
2022-05-16 12:06:31,2022-05-16 12:06:53,Free_Living,annotator,Experimental situation,2022-05-16 02:35:18,2022-05-16 02:35:40
2022-05-16 12:06:53,2022-05-16 12:07:19,Free_Living,annotator,Experimental situation,2022-05-16 02:35:40,2022-05-16 02:36:06
2022-05-16 12:07:19,2022-05-16 12:08:17,Free_Living,annotator,Experimental situation,2022-05-16 02:36:06,2022-05-16 02:37:04
2022-05-16 12:08:17,2022-05-16 12:34:26,Free_Living,annotator,Experimental situation,2022-05-16 02:37:04,2022-05-16 03:03:13
2022-05-16 12:34:26,2022-05-16 12:34:56,Free_Living,annotator,Experimental situation,2022-05-16 03:03:13,2022-05-16 03:03:43
2022-05-16 12:34:56,2022-05-16 12:35:07,Free_Living,annotator,Experimental situation,2022-05-16 03:03:43,2022-05-16 03:03:54
2022-05-16 12:35:07,2022-05-16 12:35:17,Free_Living,annotator,Experimental situation,2022-05-16 03:03:54,2022-05-16 03:04:04
2022-05-16 12:35:17,2022-05-16 12:35:56,Free_Living,annotator,Experimental situation,2022-05-16 03:04:04,2022-05-16 03:04:43
2022-05-16 12:35:56,2022-05-16 12:51:49,Free_Living,annotator,Experimental situation,2022-05-16 03:04:43,2022-05-16 03:20:36
2022-05-16 12:51:49,2022-05-16 12:53:54,Free_Living,annotator,Experimental situation,2022-05-16 03:20:36,2022-05-16 03:22:41
2022-05-16 12:53:54,2022-05-16 12:58:24,Free_Living,annotator,Experimental situation,2022-05-16 03:22:41,2022-05-16 03:27:11
2022-05-16 12:58:24,2022-05-16 12:58:55,Free_Living,annotator,Experimental situation,2022-05-16 03:27:11,2022-05-16 03:27:42
2022-05-16 12:58:55,2022-05-16 12:59:12,Free_Living,annotator,Experimental situation,2022-05-16 03:27:42,2022-05-16 03:27:59
2022-05-16 12:59:12,2022-05-16 12:59:16,Free_Living,annotator,Experimental situation,2022-05-16 03:27:59,2022-05-16 03:28:03
2022-05-16 12:59:16,2022-05-16 13:00:58,Free_Living,annotator,Experimental situation,2022-05-16 03:28:03,2022-05-16 03:29:45
2022-05-16 13:00:58,2022-05-16 13:01:04,Free_Living,annotator,Experimental situation,2022-05-16 03:29:45,2022-05-16 03:29:51
2022-05-16 13:01:04,2022-05-16 13:03:41,Free_Living,annotator,Experimental situation,2022-05-16 03:29:51,2022-05-16 03:32:28
2022-05-16 13:03:41,2022-05-16 13:04:12,Free_Living,annotator,Experimental situation,2022-05-16 03:32:28,2022-05-16 03:32:59
2022-05-16 13:04:12,2022-05-16 13:04:38,Free_Living,annotator,Experimental situation,2022-05-16 03:32:59,2022-05-16 03:33:25
2022-05-16 13:04:38,2022-05-16 13:05:13,Free_Living,annotator,Experimental situation,2022-05-16 03:33:25,2022-05-16 03:34:00
2022-05-16 13:05:13,2022-05-16 13:06:53,Free_Living,annotator,Experimental situation,2022-05-16 03:34:00,2022-05-16 03:35:40
2022-05-16 13:06:53,2022-05-16 13:07:12,Free_Living,annotator,Experimental situation,2022-05-16 03:35:40,2022-05-16 03:35:59
2022-05-16 13:07:12,2022-05-16 13:07:46,Free_Living,annotator,Experimental situation,2022-05-16 03:35:59,2022-05-16 03:36:33
2022-05-16 13:07:46,2022-05-16 13:07:58,Free_Living,annotator,Experimental situation,2022-05-16 03:36:33,2022-05-16 03:36:45
2022-05-16 13:07:58,2022-05-16 13:08:25,Free_Living,annotator,Experimental situation,2022-05-16 03:36:45,2022-05-16 03:37:12
2022-05-16 13:08:25,2022-05-16 13:08:32,Free_Living,annotator,Experimental situation,2022-05-16 03:37:12,2022-05-16 03:37:19
2022-05-16 13:08:32,2022-05-16 13:08:58,Free_Living,annotator,Experimental situation,2022-05-16 03:37:19,2022-05-16 03:37:45
2022-05-16 13:08:58,2022-05-16 13:09:47,Free_Living,annotator,Experimental situation,2022-05-16 03:37:45,2022-05-16 03:38:34
2022-05-16 13:09:47,2022-05-16 13:10:22,Free_Living,annotator,Experimental situation,2022-05-16 03:38:34,2022-05-16 03:39:09
2022-05-16 13:10:22,2022-05-16 13:10:54,Free_Living,annotator,Experimental situation,2022-05-16 03:39:09,2022-05-16 03:39:41
2022-05-16 13:10:54,2022-05-16 13:12:13,Free_Living,annotator,Experimental situation,2022-05-16 03:39:41,2022-05-16 03:41:00
2022-05-16 13:12:13,2022-05-16 13:12:38,Free_Living,annotator,Experimental situation,2022-05-16 03:41:00,2022-05-16 03:41:25
2022-05-16 13:12:38,2022-05-16 13:13:13,Free_Living,annotator,Experimental situation,2022-05-16 03:41:25,2022-05-16 03:42:00
2022-05-16 13:13:13,2022-05-16 13:13:38,Free_Living,annotator,Experimental situation,2022-05-16 03:42:00,2022-05-16 03:42:25
2022-05-16 13:13:38,2022-05-16 13:13:45,Free_Living,annotator,Experimental situation,2022-05-16 03:42:25,2022-05-16 03:42:32
2022-05-16 13:13:45,2022-05-16 13:13:54,Free_Living,annotator,Experimental situation,2022-05-16 03:42:32,2022-05-16 03:42:41
2022-05-16 13:13:54,2022-05-16 13:24:04,Free_Living,annotator,Experimental situation,2022-05-16 03:42:41,2022-05-16 03:52:51
2022-05-16 13:24:04,2022-05-16 13:24:30,Free_Living,annotator,Experimental situation,2022-05-16 03:52:51,2022-05-16 03:53:17
2022-05-16 13:24:30,2022-05-16 13:24:53,Free_Living,annotator,Experimental situation,2022-05-16 03:53:17,2022-05-16 03:53:40
2022-05-16 13:24:53,2022-05-16 13:27:35,Free_Living,annotator,Experimental situation,2022-05-16 03:53:40,2022-05-16 03:56:22
