START_TIME,STOP_TIME,PREDICTION,SOURCE,LABELSET,VIDEO_START_TIME,VIDEO_END_TIME
2022-04-18 08:48:37,2022-04-18 08:55:06,Free_Living,annotator,Experimental situation,2022-04-18 00:00:00,2022-04-18 00:06:29
2022-04-18 08:55:06,2022-04-18 08:56:49,Free_Living,annotator,Experimental situation,2022-04-18 00:06:29,2022-04-18 00:08:12
2022-04-18 08:56:49,2022-04-18 08:59:14,Free_Living,annotator,Experimental situation,2022-04-18 00:08:12,2022-04-18 00:10:37
2022-04-18 08:59:14,2022-04-18 08:59:58,Free_Living,annotator,Experimental situation,2022-04-18 00:10:37,2022-04-18 00:11:21
2022-04-18 08:59:58,2022-04-18 09:00:06,Free_Living,annotator,Experimental situation,2022-04-18 00:11:21,2022-04-18 00:11:29
2022-04-18 09:00:06,2022-04-18 09:00:23,Free_Living,annotator,Experimental situation,2022-04-18 00:11:29,2022-04-18 00:11:46
2022-04-18 09:00:23,2022-04-18 09:00:40,Free_Living,annotator,Experimental situation,2022-04-18 00:11:46,2022-04-18 00:12:03
2022-04-18 09:00:40,2022-04-18 09:00:45,Free_Living,annotator,Experimental situation,2022-04-18 00:12:03,2022-04-18 00:12:08
2022-04-18 09:00:45,2022-04-18 09:05:52,Free_Living,annotator,Experimental situation,2022-04-18 00:12:08,2022-04-18 00:17:15
2022-04-18 09:05:52,2022-04-18 09:07:22,Free_Living,annotator,Experimental situation,2022-04-18 00:17:15,2022-04-18 00:18:45
2022-04-18 09:07:22,2022-04-18 09:07:48,Free_Living,annotator,Experimental situation,2022-04-18 00:18:45,2022-04-18 00:19:11
2022-04-18 09:07:48,2022-04-18 09:10:23,Free_Living,annotator,Experimental situation,2022-04-18 00:19:11,2022-04-18 00:21:46
2022-04-18 09:10:23,2022-04-18 09:10:57,Free_Living,annotator,Experimental situation,2022-04-18 00:21:46,2022-04-18 00:22:20
2022-04-18 09:10:23,2022-04-18 09:10:23,Free_Living,annotator,Experimental situation,2022-04-18 00:21:46,2022-04-18 00:21:46
2022-04-18 09:10:57,2022-04-18 09:11:52,Free_Living,annotator,Experimental situation,2022-04-18 00:22:20,2022-04-18 00:23:15
2022-04-18 09:11:52,2022-04-18 09:13:06,Free_Living,annotator,Experimental situation,2022-04-18 00:23:15,2022-04-18 00:24:29
2022-04-18 09:13:06,2022-04-18 09:14:23,Free_Living,annotator,Experimental situation,2022-04-18 00:24:29,2022-04-18 00:25:46
2022-04-18 09:14:23,2022-04-18 09:18:16,Free_Living,annotator,Experimental situation,2022-04-18 00:25:46,2022-04-18 00:29:39
2022-04-18 09:18:16,2022-04-18 09:18:55,Free_Living,annotator,Experimental situation,2022-04-18 00:29:39,2022-04-18 00:30:18
2022-04-18 09:18:55,2022-04-18 09:19:42,Free_Living,annotator,Experimental situation,2022-04-18 00:30:18,2022-04-18 00:31:05
2022-04-18 09:19:42,2022-04-18 09:21:45,Free_Living,annotator,Experimental situation,2022-04-18 00:31:05,2022-04-18 00:33:08
2022-04-18 09:21:45,2022-04-18 09:21:59,Free_Living,annotator,Experimental situation,2022-04-18 00:33:08,2022-04-18 00:33:22
2022-04-18 09:21:59,2022-04-18 09:22:55,Free_Living,annotator,Experimental situation,2022-04-18 00:33:22,2022-04-18 00:34:18
2022-04-18 09:22:55,2022-04-18 09:23:08,Free_Living,annotator,Experimental situation,2022-04-18 00:34:18,2022-04-18 00:34:31
2022-04-18 09:23:08,2022-04-18 09:26:09,Free_Living,annotator,Experimental situation,2022-04-18 00:34:31,2022-04-18 00:37:32
2022-04-18 09:26:09,2022-04-18 09:36:48,Free_Living,annotator,Experimental situation,2022-04-18 00:37:32,2022-04-18 00:48:11
2022-04-18 09:36:48,2022-04-18 09:38:35,Free_Living,annotator,Experimental situation,2022-04-18 00:48:11,2022-04-18 00:49:58
2022-04-18 09:38:35,2022-04-18 09:57:24,Free_Living,annotator,Experimental situation,2022-04-18 00:49:58,2022-04-18 01:08:47
2022-04-18 09:57:24,2022-04-18 09:58:03,Free_Living,annotator,Experimental situation,2022-04-18 01:08:47,2022-04-18 01:09:26
2022-04-18 09:58:03,2022-04-18 10:03:29,Free_Living,annotator,Experimental situation,2022-04-18 01:09:26,2022-04-18 01:14:52
2022-04-18 10:03:29,2022-04-18 10:04:25,Free_Living,annotator,Experimental situation,2022-04-18 01:14:52,2022-04-18 01:15:48
2022-04-18 10:04:25,2022-04-18 10:04:59,Free_Living,annotator,Experimental situation,2022-04-18 01:15:48,2022-04-18 01:16:22
2022-04-18 10:04:59,2022-04-18 10:05:31,Free_Living,annotator,Experimental situation,2022-04-18 01:16:22,2022-04-18 01:16:54
2022-04-18 10:05:31,2022-04-18 10:06:03,Free_Living,annotator,Experimental situation,2022-04-18 01:16:54,2022-04-18 01:17:26
2022-04-18 10:06:03,2022-04-18 10:07:48,Free_Living,annotator,Experimental situation,2022-04-18 01:17:26,2022-04-18 01:19:11
2022-04-18 10:07:48,2022-04-18 10:09:01,Free_Living,annotator,Experimental situation,2022-04-18 01:19:11,2022-04-18 01:20:24
2022-04-18 10:09:01,2022-04-18 10:09:31,Free_Living,annotator,Experimental situation,2022-04-18 01:20:24,2022-04-18 01:20:54
2022-04-18 10:09:31,2022-04-18 10:16:30,Free_Living,annotator,Experimental situation,2022-04-18 01:20:54,2022-04-18 01:27:53
2022-04-18 10:16:30,2022-04-18 10:22:19,Free_Living,annotator,Experimental situation,2022-04-18 01:27:53,2022-04-18 01:33:42
2022-04-18 10:22:19,2022-04-18 10:23:54,Free_Living,annotator,Experimental situation,2022-04-18 01:33:42,2022-04-18 01:35:17
2022-04-18 10:23:54,2022-04-18 10:24:31,Free_Living,annotator,Experimental situation,2022-04-18 01:35:17,2022-04-18 01:35:54
2022-04-18 10:24:31,2022-04-18 10:30:28,Free_Living,annotator,Experimental situation,2022-04-18 01:35:54,2022-04-18 01:41:51
2022-04-18 10:30:28,2022-04-18 11:25:12,Free_Living,annotator,Experimental situation,2022-04-18 01:41:51,2022-04-18 02:36:35
2022-04-18 11:25:12,2022-04-18 11:29:48,Free_Living,annotator,Experimental situation,2022-04-18 02:36:35,2022-04-18 02:41:11
2022-04-18 11:29:48,2022-04-18 11:32:46,Free_Living,annotator,Experimental situation,2022-04-18 02:41:11,2022-04-18 02:44:09
2022-04-18 11:32:46,2022-04-18 11:34:11,Free_Living,annotator,Experimental situation,2022-04-18 02:44:09,2022-04-18 02:45:34
2022-04-18 11:34:11,2022-04-18 11:35:46,Free_Living,annotator,Experimental situation,2022-04-18 02:45:34,2022-04-18 02:47:09
2022-04-18 11:35:46,2022-04-18 11:41:56,Free_Living,annotator,Experimental situation,2022-04-18 02:47:09,2022-04-18 02:53:19
2022-04-18 11:41:56,2022-04-18 11:42:54,Free_Living,annotator,Experimental situation,2022-04-18 02:53:19,2022-04-18 02:54:17
2022-04-18 11:42:54,2022-04-18 11:48:45,Free_Living,annotator,Experimental situation,2022-04-18 02:54:17,2022-04-18 03:00:08
2022-04-18 11:48:45,2022-04-18 11:49:09,Free_Living,annotator,Experimental situation,2022-04-18 03:00:08,2022-04-18 03:00:32
2022-04-18 11:49:09,2022-04-18 11:49:46,Free_Living,annotator,Experimental situation,2022-04-18 03:00:32,2022-04-18 03:01:09
2022-04-18 11:49:46,2022-04-18 11:50:17,Free_Living,annotator,Experimental situation,2022-04-18 03:01:09,2022-04-18 03:01:40
2022-04-18 11:50:17,2022-04-18 11:52:28,Free_Living,annotator,Experimental situation,2022-04-18 03:01:40,2022-04-18 03:03:51
2022-04-18 11:52:28,2022-04-18 12:05:23,Free_Living,annotator,Experimental situation,2022-04-18 03:03:51,2022-04-18 03:16:46
2022-04-18 12:05:23,2022-04-18 12:19:23,Free_Living,annotator,Experimental situation,2022-04-18 03:16:46,2022-04-18 03:30:46
2022-04-18 12:19:23,2022-04-18 12:20:35,Free_Living,annotator,Experimental situation,2022-04-18 03:30:46,2022-04-18 03:31:58
2022-04-18 12:20:35,2022-04-18 12:22:11,Free_Living,annotator,Experimental situation,2022-04-18 03:31:58,2022-04-18 03:33:34
2022-04-18 12:22:11,2022-04-18 12:24:42,Free_Living,annotator,Experimental situation,2022-04-18 03:33:34,2022-04-18 03:36:05
2022-04-18 12:24:42,2022-04-18 12:27:24,Free_Living,annotator,Experimental situation,2022-04-18 03:36:05,2022-04-18 03:38:47
2022-04-18 12:27:24,2022-04-18 12:28:57,Free_Living,annotator,Experimental situation,2022-04-18 03:38:47,2022-04-18 03:40:20
2022-04-18 12:28:57,2022-04-18 12:29:49,Free_Living,annotator,Experimental situation,2022-04-18 03:40:20,2022-04-18 03:41:12
2022-04-18 12:29:49,2022-04-18 12:30:41,Free_Living,annotator,Experimental situation,2022-04-18 03:41:12,2022-04-18 03:42:04
2022-04-18 12:30:41,2022-04-18 12:31:53,Free_Living,annotator,Experimental situation,2022-04-18 03:42:04,2022-04-18 03:43:16
2022-04-18 12:31:53,2022-04-18 12:33:24,Free_Living,annotator,Experimental situation,2022-04-18 03:43:16,2022-04-18 03:44:47
2022-04-18 12:33:24,2022-04-18 12:35:07,Free_Living,annotator,Experimental situation,2022-04-18 03:44:47,2022-04-18 03:46:30
2022-04-18 12:35:07,2022-04-18 12:36:19,Free_Living,annotator,Experimental situation,2022-04-18 03:46:30,2022-04-18 03:47:42
2022-04-18 12:36:19,2022-04-18 12:37:31,Free_Living,annotator,Experimental situation,2022-04-18 03:47:42,2022-04-18 03:48:54
2022-04-18 12:37:32,2022-04-18 13:07:37,Free_Living,annotator,Experimental situation,2022-04-18 03:48:55,2022-04-18 04:19:00
2022-04-18 13:07:37,2022-04-18 13:10:11,Free_Living,annotator,Experimental situation,2022-04-18 04:19:00,2022-04-18 04:21:34
2022-04-18 13:10:11,2022-04-18 13:10:54,Free_Living,annotator,Experimental situation,2022-04-18 04:21:34,2022-04-18 04:22:17
2022-04-18 13:10:54,2022-04-18 13:21:50,Free_Living,annotator,Experimental situation,2022-04-18 04:22:17,2022-04-18 04:33:13
2022-04-18 13:21:50,2022-04-18 13:25:14,Free_Living,annotator,Experimental situation,2022-04-18 04:33:13,2022-04-18 04:36:37
2022-04-18 13:25:14,2022-04-18 13:39:26,Free_Living,annotator,Experimental situation,2022-04-18 04:36:37,2022-04-18 04:50:49
2022-04-18 13:39:26,2022-04-18 13:42:08,Free_Living,annotator,Experimental situation,2022-04-18 04:50:49,2022-04-18 04:53:31
2022-04-18 13:42:08,2022-04-18 13:45:55,Free_Living,annotator,Experimental situation,2022-04-18 04:53:31,2022-04-18 04:57:18
2022-04-18 13:45:55,2022-04-18 13:50:34,Free_Living,annotator,Experimental situation,2022-04-18 04:57:18,2022-04-18 05:01:57
2022-04-18 13:45:55,2022-04-18 13:45:55,Free_Living,annotator,Experimental situation,2022-04-18 04:57:18,2022-04-18 04:57:18
2022-04-18 13:50:42,2022-04-18 13:52:04,Free_Living,annotator,Experimental situation,2022-04-18 05:02:05,2022-04-18 05:03:27
2022-04-18 13:52:04,2022-04-18 13:53:10,Free_Living,annotator,Experimental situation,2022-04-18 05:03:27,2022-04-18 05:04:33
2022-04-18 13:53:10,2022-04-18 13:53:43,Free_Living,annotator,Experimental situation,2022-04-18 05:04:33,2022-04-18 05:05:06
2022-04-18 13:53:43,2022-04-18 13:54:12,Free_Living,annotator,Experimental situation,2022-04-18 05:05:06,2022-04-18 05:05:35
2022-04-18 13:54:12,2022-04-18 13:55:47,Free_Living,annotator,Experimental situation,2022-04-18 05:05:35,2022-04-18 05:07:10
2022-04-18 13:55:47,2022-04-18 13:56:10,Free_Living,annotator,Experimental situation,2022-04-18 05:07:10,2022-04-18 05:07:33
2022-04-18 13:56:10,2022-04-18 13:57:05,Free_Living,annotator,Experimental situation,2022-04-18 05:07:33,2022-04-18 05:08:28
2022-04-18 13:57:05,2022-04-18 13:57:21,Free_Living,annotator,Experimental situation,2022-04-18 05:08:28,2022-04-18 05:08:44
2022-04-18 13:57:21,2022-04-18 14:00:28,Free_Living,annotator,Experimental situation,2022-04-18 05:08:44,2022-04-18 05:11:51
2022-04-18 14:00:28,2022-04-18 14:02:13,Free_Living,annotator,Experimental situation,2022-04-18 05:11:51,2022-04-18 05:13:36
2022-04-18 14:02:13,2022-04-18 14:08:27,Free_Living,annotator,Experimental situation,2022-04-18 05:13:36,2022-04-18 05:19:50
2022-04-18 14:08:27,2022-04-18 14:11:37,Free_Living,annotator,Experimental situation,2022-04-18 05:19:50,2022-04-18 05:23:00
2022-04-18 14:11:37,2022-04-18 14:21:14,Free_Living,annotator,Experimental situation,2022-04-18 05:23:00,2022-04-18 05:32:37
2022-04-18 14:21:14,2022-04-18 14:22:25,Free_Living,annotator,Experimental situation,2022-04-18 05:32:37,2022-04-18 05:33:48
2022-04-18 14:22:25,2022-04-18 15:50:40,Free_Living,annotator,Experimental situation,2022-04-18 05:33:48,2022-04-18 07:02:03
2022-04-18 15:50:40,2022-04-18 15:54:00,Free_Living,annotator,Experimental situation,2022-04-18 07:02:03,2022-04-18 07:05:23
2022-04-18 15:54:15,2022-04-18 15:54:26,Free_Living,annotator,Experimental situation,2022-04-18 07:05:38,2022-04-18 07:05:49
2022-04-18 15:54:26,2022-04-18 15:54:39,Free_Living,annotator,Experimental situation,2022-04-18 07:05:49,2022-04-18 07:06:02
2022-04-18 15:54:39,2022-04-18 15:55:03,Free_Living,annotator,Experimental situation,2022-04-18 07:06:02,2022-04-18 07:06:26
2022-04-18 15:55:03,2022-04-18 16:01:11,Free_Living,annotator,Experimental situation,2022-04-18 07:06:26,2022-04-18 07:12:34
2022-04-18 16:01:11,2022-04-18 16:01:52,Free_Living,annotator,Experimental situation,2022-04-18 07:12:34,2022-04-18 07:13:15
2022-04-18 16:01:52,2022-04-18 16:02:12,Free_Living,annotator,Experimental situation,2022-04-18 07:13:15,2022-04-18 07:13:35
2022-04-18 16:02:12,2022-04-18 16:02:55,Free_Living,annotator,Experimental situation,2022-04-18 07:13:35,2022-04-18 07:14:18
2022-04-18 16:02:55,2022-04-18 16:03:31,Free_Living,annotator,Experimental situation,2022-04-18 07:14:18,2022-04-18 07:14:54
2022-04-18 16:03:31,2022-04-18 16:03:47,Free_Living,annotator,Experimental situation,2022-04-18 07:14:54,2022-04-18 07:15:10
2022-04-18 16:03:47,2022-04-18 16:04:05,Free_Living,annotator,Experimental situation,2022-04-18 07:15:10,2022-04-18 07:15:28
2022-04-18 16:04:05,2022-04-18 16:05:26,Free_Living,annotator,Experimental situation,2022-04-18 07:15:28,2022-04-18 07:16:49
2022-04-18 16:05:26,2022-04-18 16:05:39,Free_Living,annotator,Experimental situation,2022-04-18 07:16:49,2022-04-18 07:17:02
2022-04-18 16:05:39,2022-04-18 16:05:46,Free_Living,annotator,Experimental situation,2022-04-18 07:17:02,2022-04-18 07:17:09
2022-04-18 16:05:46,2022-04-18 16:07:53,Free_Living,annotator,Experimental situation,2022-04-18 07:17:09,2022-04-18 07:19:16
2022-04-18 16:07:54,2022-04-18 16:08:17,Free_Living,annotator,Experimental situation,2022-04-18 07:19:17,2022-04-18 07:19:40
2022-04-18 16:08:17,2022-04-18 16:08:36,Free_Living,annotator,Experimental situation,2022-04-18 07:19:40,2022-04-18 07:19:59
2022-04-18 16:08:36,2022-04-18 16:09:17,Free_Living,annotator,Experimental situation,2022-04-18 07:19:59,2022-04-18 07:20:40
2022-04-18 16:09:17,2022-04-18 16:09:34,Free_Living,annotator,Experimental situation,2022-04-18 07:20:40,2022-04-18 07:20:57
2022-04-18 16:09:34,2022-04-18 16:10:31,Free_Living,annotator,Experimental situation,2022-04-18 07:20:57,2022-04-18 07:21:54
2022-04-18 16:10:31,2022-04-18 16:13:05,Free_Living,annotator,Experimental situation,2022-04-18 07:21:54,2022-04-18 07:24:28
2022-04-18 16:13:05,2022-04-18 16:13:22,ES_VideoUnavailable/Indecipherable,annotator,Experimental situation,2022-04-18 07:24:28,2022-04-18 07:24:45
2022-04-18 16:13:22,2022-04-18 16:14:51,Free_Living,annotator,Experimental situation,2022-04-18 07:24:45,2022-04-18 07:26:14
2022-04-18 16:14:51,2022-04-18 16:15:16,Free_Living,annotator,Experimental situation,2022-04-18 07:26:14,2022-04-18 07:26:39
2022-04-18 16:15:16,2022-04-18 16:15:27,Free_Living,annotator,Experimental situation,2022-04-18 07:26:39,2022-04-18 07:26:50
2022-04-18 16:15:27,2022-04-18 16:15:38,Free_Living,annotator,Experimental situation,2022-04-18 07:26:50,2022-04-18 07:27:01
2022-04-18 16:15:38,2022-04-18 16:15:52,Free_Living,annotator,Experimental situation,2022-04-18 07:27:01,2022-04-18 07:27:15
2022-04-18 16:15:52,2022-04-18 16:16:44,Free_Living,annotator,Experimental situation,2022-04-18 07:27:15,2022-04-18 07:28:07
2022-04-18 16:16:44,2022-04-18 16:19:36,Free_Living,annotator,Experimental situation,2022-04-18 07:28:07,2022-04-18 07:30:59
2022-04-18 16:19:36,2022-04-18 16:19:47,Free_Living,annotator,Experimental situation,2022-04-18 07:30:59,2022-04-18 07:31:10
2022-04-18 16:19:47,2022-04-18 16:21:11,Free_Living,annotator,Experimental situation,2022-04-18 07:31:10,2022-04-18 07:32:34
2022-04-18 16:21:11,2022-04-18 16:21:27,Free_Living,annotator,Experimental situation,2022-04-18 07:32:34,2022-04-18 07:32:50
2022-04-18 16:21:27,2022-04-18 16:21:39,Free_Living,annotator,Experimental situation,2022-04-18 07:32:50,2022-04-18 07:33:02
2022-04-18 16:21:39,2022-04-18 16:22:01,Free_Living,annotator,Experimental situation,2022-04-18 07:33:02,2022-04-18 07:33:24
2022-04-18 16:22:01,2022-04-18 16:23:37,Free_Living,annotator,Experimental situation,2022-04-18 07:33:24,2022-04-18 07:35:00
2022-04-18 16:23:37,2022-04-18 16:24:37,Free_Living,annotator,Experimental situation,2022-04-18 07:35:00,2022-04-18 07:36:00
2022-04-18 16:24:37,2022-04-18 16:25:45,Free_Living,annotator,Experimental situation,2022-04-18 07:36:00,2022-04-18 07:37:08
2022-04-18 16:25:45,2022-04-18 16:26:18,Free_Living,annotator,Experimental situation,2022-04-18 07:37:08,2022-04-18 07:37:41
2022-04-18 16:26:18,2022-04-18 16:26:54,Free_Living,annotator,Experimental situation,2022-04-18 07:37:41,2022-04-18 07:38:17
2022-04-18 16:26:54,2022-04-18 16:27:41,Free_Living,annotator,Experimental situation,2022-04-18 07:38:17,2022-04-18 07:39:04
2022-04-18 16:27:41,2022-04-18 16:28:11,Free_Living,annotator,Experimental situation,2022-04-18 07:39:04,2022-04-18 07:39:34
2022-04-18 16:28:11,2022-04-18 16:28:51,Free_Living,annotator,Experimental situation,2022-04-18 07:39:34,2022-04-18 07:40:14
2022-04-18 16:28:51,2022-04-18 16:29:21,Free_Living,annotator,Experimental situation,2022-04-18 07:40:14,2022-04-18 07:40:44
2022-04-18 16:29:21,2022-04-18 16:29:40,Free_Living,annotator,Experimental situation,2022-04-18 07:40:44,2022-04-18 07:41:03
2022-04-18 16:29:40,2022-04-18 16:30:35,Free_Living,annotator,Experimental situation,2022-04-18 07:41:03,2022-04-18 07:41:58
2022-04-18 16:30:35,2022-04-18 16:31:53,Free_Living,annotator,Experimental situation,2022-04-18 07:41:58,2022-04-18 07:43:16
2022-04-18 16:31:53,2022-04-18 16:32:00,Free_Living,annotator,Experimental situation,2022-04-18 07:43:16,2022-04-18 07:43:23
2022-04-18 16:32:00,2022-04-18 16:32:29,Free_Living,annotator,Experimental situation,2022-04-18 07:43:23,2022-04-18 07:43:52
2022-04-18 16:32:29,2022-04-18 16:33:35,Free_Living,annotator,Experimental situation,2022-04-18 07:43:52,2022-04-18 07:44:58
2022-04-18 16:33:35,2022-04-18 16:33:44,Free_Living,annotator,Experimental situation,2022-04-18 07:44:58,2022-04-18 07:45:07
2022-04-18 16:33:44,2022-04-18 16:35:11,Free_Living,annotator,Experimental situation,2022-04-18 07:45:07,2022-04-18 07:46:34
2022-04-18 16:35:11,2022-04-18 16:35:39,Free_Living,annotator,Experimental situation,2022-04-18 07:46:34,2022-04-18 07:47:02
2022-04-18 16:35:39,2022-04-18 16:36:41,Free_Living,annotator,Experimental situation,2022-04-18 07:47:02,2022-04-18 07:48:04
2022-04-18 16:36:41,2022-04-18 16:37:17,Free_Living,annotator,Experimental situation,2022-04-18 07:48:04,2022-04-18 07:48:40
2022-04-18 16:37:17,2022-04-18 16:38:30,Free_Living,annotator,Experimental situation,2022-04-18 07:48:40,2022-04-18 07:49:53
2022-04-18 16:38:30,2022-04-18 16:39:10,Free_Living,annotator,Experimental situation,2022-04-18 07:49:53,2022-04-18 07:50:33
2022-04-18 16:39:10,2022-04-18 16:40:07,Free_Living,annotator,Experimental situation,2022-04-18 07:50:33,2022-04-18 07:51:30
2022-04-18 16:40:07,2022-04-18 16:40:30,Free_Living,annotator,Experimental situation,2022-04-18 07:51:30,2022-04-18 07:51:53
2022-04-18 16:40:30,2022-04-18 16:40:46,Free_Living,annotator,Experimental situation,2022-04-18 07:51:53,2022-04-18 07:52:09
2022-04-18 16:40:46,2022-04-18 16:42:27,Free_Living,annotator,Experimental situation,2022-04-18 07:52:09,2022-04-18 07:53:50
2022-04-18 16:42:27,2022-04-18 16:42:41,Free_Living,annotator,Experimental situation,2022-04-18 07:53:50,2022-04-18 07:54:04
2022-04-18 16:42:41,2022-04-18 16:45:56,Free_Living,annotator,Experimental situation,2022-04-18 07:54:04,2022-04-18 07:57:19
2022-04-18 16:45:56,2022-04-18 16:47:48,Free_Living,annotator,Experimental situation,2022-04-18 07:57:19,2022-04-18 07:59:11
2022-04-18 16:47:48,2022-04-18 16:48:06,Free_Living,annotator,Experimental situation,2022-04-18 07:59:11,2022-04-18 07:59:29
2022-04-18 16:48:06,2022-04-18 16:48:22,Free_Living,annotator,Experimental situation,2022-04-18 07:59:29,2022-04-18 07:59:45
2022-04-18 16:48:22,2022-04-18 16:52:04,Free_Living,annotator,Experimental situation,2022-04-18 07:59:45,2022-04-18 08:03:27
2022-04-18 16:52:04,2022-04-18 16:52:49,Free_Living,annotator,Experimental situation,2022-04-18 08:03:27,2022-04-18 08:04:12
2022-04-18 16:52:49,2022-04-18 17:05:24,Free_Living,annotator,Experimental situation,2022-04-18 08:04:12,2022-04-18 08:16:47
2022-04-18 17:05:24,2022-04-18 17:06:36,Free_Living,annotator,Experimental situation,2022-04-18 08:16:47,2022-04-18 08:17:59
2022-04-18 17:06:36,2022-04-18 17:11:05,Free_Living,annotator,Experimental situation,2022-04-18 08:17:59,2022-04-18 08:22:28
2022-04-18 17:11:05,2022-04-18 17:12:54,Free_Living,annotator,Experimental situation,2022-04-18 08:22:28,2022-04-18 08:24:17
2022-04-18 17:12:54,2022-04-18 17:13:36,Free_Living,annotator,Experimental situation,2022-04-18 08:24:17,2022-04-18 08:24:59
2022-04-18 17:13:36,2022-04-18 17:15:42,Free_Living,annotator,Experimental situation,2022-04-18 08:24:59,2022-04-18 08:27:05
2022-04-18 17:15:42,2022-04-18 17:18:41,Free_Living,annotator,Experimental situation,2022-04-18 08:27:05,2022-04-18 08:30:04
2022-04-18 17:18:41,2022-04-18 17:19:41,Free_Living,annotator,Experimental situation,2022-04-18 08:30:04,2022-04-18 08:31:04
2022-04-18 17:19:41,2022-04-18 17:24:33,Free_Living,annotator,Experimental situation,2022-04-18 08:31:04,2022-04-18 08:35:56
2022-04-18 17:24:33,2022-04-18 17:25:34,Free_Living,annotator,Experimental situation,2022-04-18 08:35:56,2022-04-18 08:36:57
2022-04-18 17:25:34,2022-04-18 17:25:52,Free_Living,annotator,Experimental situation,2022-04-18 08:36:57,2022-04-18 08:37:15
2022-04-18 17:25:52,2022-04-18 17:26:21,Free_Living,annotator,Experimental situation,2022-04-18 08:37:15,2022-04-18 08:37:44
2022-04-18 17:26:21,2022-04-18 17:26:47,Free_Living,annotator,Experimental situation,2022-04-18 08:37:44,2022-04-18 08:38:10
2022-04-18 17:26:47,2022-04-18 17:27:17,Free_Living,annotator,Experimental situation,2022-04-18 08:38:10,2022-04-18 08:38:40
2022-04-18 17:27:17,2022-04-18 17:27:46,Free_Living,annotator,Experimental situation,2022-04-18 08:38:40,2022-04-18 08:39:09
2022-04-18 17:27:46,2022-04-18 17:28:33,Free_Living,annotator,Experimental situation,2022-04-18 08:39:09,2022-04-18 08:39:56
2022-04-18 17:28:33,2022-04-18 17:32:38,Free_Living,annotator,Experimental situation,2022-04-18 08:39:56,2022-04-18 08:44:01
2022-04-18 17:32:38,2022-04-18 17:32:54,Free_Living,annotator,Experimental situation,2022-04-18 08:44:01,2022-04-18 08:44:17
2022-04-18 17:32:54,2022-04-18 17:34:26,Free_Living,annotator,Experimental situation,2022-04-18 08:44:17,2022-04-18 08:45:49
2022-04-18 17:34:26,2022-04-18 17:34:46,Free_Living,annotator,Experimental situation,2022-04-18 08:45:49,2022-04-18 08:46:09
2022-04-18 17:34:46,2022-04-18 17:34:57,Free_Living,annotator,Experimental situation,2022-04-18 08:46:09,2022-04-18 08:46:20
2022-04-18 17:35:00,2022-04-18 17:35:35,Free_Living,annotator,Experimental situation,2022-04-18 08:46:23,2022-04-18 08:46:58
2022-04-18 17:35:35,2022-04-18 17:35:53,Free_Living,annotator,Experimental situation,2022-04-18 08:46:58,2022-04-18 08:47:16
2022-04-18 17:35:53,2022-04-18 17:36:25,Free_Living,annotator,Experimental situation,2022-04-18 08:47:16,2022-04-18 08:47:48
2022-04-18 17:36:25,2022-04-18 17:37:08,Free_Living,annotator,Experimental situation,2022-04-18 08:47:48,2022-04-18 08:48:31
2022-04-18 17:37:08,2022-04-18 17:37:56,Free_Living,annotator,Experimental situation,2022-04-18 08:48:31,2022-04-18 08:49:19
2022-04-18 17:37:56,2022-04-18 17:38:32,Free_Living,annotator,Experimental situation,2022-04-18 08:49:19,2022-04-18 08:49:55
2022-04-18 17:38:32,2022-04-18 17:39:04,Free_Living,annotator,Experimental situation,2022-04-18 08:49:55,2022-04-18 08:50:27
2022-04-18 17:39:04,2022-04-18 17:45:11,Free_Living,annotator,Experimental situation,2022-04-18 08:50:27,2022-04-18 08:56:34
2022-04-18 17:45:11,2022-04-18 17:53:03,Free_Living,annotator,Experimental situation,2022-04-18 08:56:34,2022-04-18 09:04:26
2022-04-18 17:53:03,2022-04-18 18:19:29,Free_Living,annotator,Experimental situation,2022-04-18 09:04:26,2022-04-18 09:30:52
2022-04-18 18:19:29,2022-04-18 18:26:23,Free_Living,annotator,Experimental situation,2022-04-18 09:30:52,2022-04-18 09:37:46
2022-04-18 18:26:23,2022-04-18 18:27:12,Free_Living,annotator,Experimental situation,2022-04-18 09:37:46,2022-04-18 09:38:35
2022-04-18 18:27:12,2022-04-18 18:28:09,Free_Living,annotator,Experimental situation,2022-04-18 09:38:35,2022-04-18 09:39:32
2022-04-18 18:28:09,2022-04-18 18:42:37,Free_Living,annotator,Experimental situation,2022-04-18 09:39:32,2022-04-18 09:54:00
2022-04-18 18:42:37,2022-04-18 18:53:37,Free_Living,annotator,Experimental situation,2022-04-18 09:54:00,2022-04-18 10:05:00
2022-04-18 18:53:37,2022-04-18 19:02:48,Free_Living,annotator,Experimental situation,2022-04-18 10:05:00,2022-04-18 10:14:11
2022-04-18 19:02:48,2022-04-18 19:04:59,Free_Living,annotator,Experimental situation,2022-04-18 10:14:11,2022-04-18 10:16:22
2022-04-18 19:04:59,2022-04-18 19:05:46,Free_Living,annotator,Experimental situation,2022-04-18 10:16:22,2022-04-18 10:17:09
2022-04-18 19:05:46,2022-04-18 19:13:46,Free_Living,annotator,Experimental situation,2022-04-18 10:17:09,2022-04-18 10:25:09
2022-04-18 19:13:46,2022-04-18 19:15:40,Free_Living,annotator,Experimental situation,2022-04-18 10:25:09,2022-04-18 10:27:03
2022-04-18 19:15:42,2022-04-18 19:16:16,Free_Living,annotator,Experimental situation,2022-04-18 10:27:05,2022-04-18 10:27:39
2022-04-18 19:16:16,2022-04-18 19:17:10,Free_Living,annotator,Experimental situation,2022-04-18 10:27:39,2022-04-18 10:28:33
2022-04-18 19:17:10,2022-04-18 19:20:52,Free_Living,annotator,Experimental situation,2022-04-18 10:28:33,2022-04-18 10:32:15
2022-04-18 19:20:52,2022-04-18 19:21:26,Free_Living,annotator,Experimental situation,2022-04-18 10:32:15,2022-04-18 10:32:49
2022-04-18 19:21:26,2022-04-18 19:22:43,Free_Living,annotator,Experimental situation,2022-04-18 10:32:49,2022-04-18 10:34:06
2022-04-18 19:22:43,2022-04-18 19:23:21,Free_Living,annotator,Experimental situation,2022-04-18 10:34:06,2022-04-18 10:34:44
2022-04-18 19:23:21,2022-04-18 19:24:35,Free_Living,annotator,Experimental situation,2022-04-18 10:34:44,2022-04-18 10:35:58
2022-04-18 19:24:35,2022-04-18 19:25:16,ES_VideoUnavailable/Indecipherable,annotator,Experimental situation,2022-04-18 10:35:58,2022-04-18 10:36:39
2022-04-18 19:25:16,2022-04-18 19:26:53,Free_Living,annotator,Experimental situation,2022-04-18 10:36:39,2022-04-18 10:38:16
2022-04-18 19:26:53,2022-04-18 19:27:48,Free_Living,annotator,Experimental situation,2022-04-18 10:38:16,2022-04-18 10:39:11
2022-04-18 19:27:48,2022-04-18 19:30:20,Free_Living,annotator,Experimental situation,2022-04-18 10:39:11,2022-04-18 10:41:43
2022-04-18 19:30:20,2022-04-18 19:32:56,Free_Living,annotator,Experimental situation,2022-04-18 10:41:43,2022-04-18 10:44:19
2022-04-18 19:32:56,2022-04-18 19:34:13,Free_Living,annotator,Experimental situation,2022-04-18 10:44:19,2022-04-18 10:45:36
2022-04-18 19:34:13,2022-04-18 19:37:59,Free_Living,annotator,Experimental situation,2022-04-18 10:45:36,2022-04-18 10:49:22
2022-04-18 19:37:59,2022-04-18 19:38:21,Free_Living,annotator,Experimental situation,2022-04-18 10:49:22,2022-04-18 10:49:44
2022-04-18 19:38:21,2022-04-18 19:38:45,Free_Living,annotator,Experimental situation,2022-04-18 10:49:44,2022-04-18 10:50:08
2022-04-18 19:38:45,2022-04-18 19:43:15,Free_Living,annotator,Experimental situation,2022-04-18 10:50:08,2022-04-18 10:54:38
2022-04-18 19:43:15,2022-04-18 19:43:48,ES_VideoUnavailable/Indecipherable,annotator,Experimental situation,2022-04-18 10:54:38,2022-04-18 10:55:11
2022-04-18 19:43:48,2022-04-18 19:50:25,Free_Living,annotator,Experimental situation,2022-04-18 10:55:11,2022-04-18 11:01:48
2022-04-18 19:50:25,2022-04-18 19:51:47,Free_Living,annotator,Experimental situation,2022-04-18 11:01:48,2022-04-18 11:03:10
2022-04-18 19:51:47,2022-04-18 19:56:35,Free_Living,annotator,Experimental situation,2022-04-18 11:03:10,2022-04-18 11:07:58
2022-04-18 19:56:35,2022-04-18 19:59:27,Free_Living,annotator,Experimental situation,2022-04-18 11:07:58,2022-04-18 11:10:50
2022-04-18 19:59:27,2022-04-18 19:59:54,Free_Living,annotator,Experimental situation,2022-04-18 11:10:50,2022-04-18 11:11:17
2022-04-18 19:59:54,2022-04-18 20:02:28,Free_Living,annotator,Experimental situation,2022-04-18 11:11:17,2022-04-18 11:13:51
2022-04-18 20:02:28,2022-04-18 20:05:18,Free_Living,annotator,Experimental situation,2022-04-18 11:13:51,2022-04-18 11:16:41
2022-04-18 20:05:18,2022-04-18 20:06:54,Free_Living,annotator,Experimental situation,2022-04-18 11:16:41,2022-04-18 11:18:17
2022-04-18 20:06:54,2022-04-18 20:11:38,Free_Living,annotator,Experimental situation,2022-04-18 11:18:17,2022-04-18 11:23:01
2022-04-18 20:11:38,2022-04-18 20:12:52,Free_Living,annotator,Experimental situation,2022-04-18 11:23:01,2022-04-18 11:24:15
2022-04-18 20:12:52,2022-04-18 20:13:50,Free_Living,annotator,Experimental situation,2022-04-18 11:24:15,2022-04-18 11:25:13
2022-04-18 20:13:50,2022-04-18 20:14:57,Free_Living,annotator,Experimental situation,2022-04-18 11:25:13,2022-04-18 11:26:20
2022-04-18 20:14:57,2022-04-18 20:18:18,ES_VideoUnavailable/Indecipherable,annotator,Experimental situation,2022-04-18 11:26:20,2022-04-18 11:29:41
2022-04-18 20:18:18,2022-04-18 20:19:04,Free_Living,annotator,Experimental situation,2022-04-18 11:29:41,2022-04-18 11:30:27
2022-04-18 20:19:04,2022-04-18 20:19:40,Free_Living,annotator,Experimental situation,2022-04-18 11:30:27,2022-04-18 11:31:03
2022-04-18 20:19:40,2022-04-18 20:21:06,Free_Living,annotator,Experimental situation,2022-04-18 11:31:03,2022-04-18 11:32:29
2022-04-18 20:21:06,2022-04-18 20:26:21,Free_Living,annotator,Experimental situation,2022-04-18 11:32:29,2022-04-18 11:37:44
2022-04-18 20:26:21,2022-04-18 20:29:11,Free_Living,annotator,Experimental situation,2022-04-18 11:37:44,2022-04-18 11:40:34
2022-04-18 20:29:11,2022-04-18 20:31:15,Free_Living,annotator,Experimental situation,2022-04-18 11:40:34,2022-04-18 11:42:38
2022-04-18 20:31:15,2022-04-18 20:34:16,Free_Living,annotator,Experimental situation,2022-04-18 11:42:38,2022-04-18 11:45:39
2022-04-18 20:34:16,2022-04-18 20:34:47,Free_Living,annotator,Experimental situation,2022-04-18 11:45:39,2022-04-18 11:46:10
2022-04-18 20:34:59,2022-04-18 20:35:10,Free_Living,annotator,Experimental situation,2022-04-18 11:46:22,2022-04-18 11:46:33
2022-04-18 20:35:10,2022-04-18 20:35:33,Free_Living,annotator,Experimental situation,2022-04-18 11:46:33,2022-04-18 11:46:56
2022-04-18 20:35:33,2022-04-18 20:36:20,Free_Living,annotator,Experimental situation,2022-04-18 11:46:56,2022-04-18 11:47:43
2022-04-18 20:36:20,2022-04-18 20:36:43,Free_Living,annotator,Experimental situation,2022-04-18 11:47:43,2022-04-18 11:48:06
2022-04-18 20:36:43,2022-04-18 20:49:37,Free_Living,annotator,Experimental situation,2022-04-18 11:48:06,2022-04-18 12:01:00
2022-04-18 20:49:38,2022-04-18 21:52:22,Free_Living,annotator,Experimental situation,2022-04-18 12:01:01,2022-04-18 13:03:45
2022-04-18 21:52:22,2022-04-18 21:54:20,Free_Living,annotator,Experimental situation,2022-04-18 13:03:45,2022-04-18 13:05:43
2022-04-18 21:54:36,2022-04-18 22:37:28,Free_Living,annotator,Experimental situation,2022-04-18 13:05:59,2022-04-18 13:48:51
2022-04-18 22:37:28,2022-04-18 22:45:18,Free_Living,annotator,Experimental situation,2022-04-18 13:48:51,2022-04-18 13:56:41
2022-04-18 22:45:58,2022-04-18 23:13:03,Free_Living,annotator,Experimental situation,2022-04-18 13:57:21,2022-04-18 14:24:26
2022-04-18 23:13:03,2022-04-18 23:14:25,Free_Living,annotator,Experimental situation,2022-04-18 14:24:26,2022-04-18 14:25:48
2022-04-18 23:14:43,2022-04-18 23:15:10,Free_Living,annotator,Experimental situation,2022-04-18 14:26:06,2022-04-18 14:26:33
2022-04-18 23:15:10,2022-04-18 23:21:47,Free_Living,annotator,Experimental situation,2022-04-18 14:26:33,2022-04-18 14:33:10
2022-04-18 23:21:48,2022-04-18 23:23:57,Free_Living,annotator,Experimental situation,2022-04-18 14:33:11,2022-04-18 14:35:20
2022-04-18 23:23:58,2022-04-18 23:24:21,Free_Living,annotator,Experimental situation,2022-04-18 14:35:21,2022-04-18 14:35:44
2022-04-18 23:24:21,2022-04-18 23:24:50,Free_Living,annotator,Experimental situation,2022-04-18 14:35:44,2022-04-18 14:36:13
2022-04-18 23:24:50,2022-04-18 23:25:42,Free_Living,annotator,Experimental situation,2022-04-18 14:36:13,2022-04-18 14:37:05
2022-04-18 23:25:42,2022-04-18 23:26:19,Free_Living,annotator,Experimental situation,2022-04-18 14:37:05,2022-04-18 14:37:42
2022-04-18 23:26:19,2022-04-18 23:26:27,Free_Living,annotator,Experimental situation,2022-04-18 14:37:42,2022-04-18 14:37:50
2022-04-18 23:26:27,2022-04-18 23:27:26,Free_Living,annotator,Experimental situation,2022-04-18 14:37:50,2022-04-18 14:38:49
2022-04-18 23:27:26,2022-04-18 23:27:58,Free_Living,annotator,Experimental situation,2022-04-18 14:38:49,2022-04-18 14:39:21
2022-04-18 23:27:58,2022-04-18 23:28:10,Free_Living,annotator,Experimental situation,2022-04-18 14:39:21,2022-04-18 14:39:33
2022-04-18 23:28:10,2022-04-18 23:29:41,Free_Living,annotator,Experimental situation,2022-04-18 14:39:33,2022-04-18 14:41:04
2022-04-18 23:29:41,2022-04-18 23:38:17,Free_Living,annotator,Experimental situation,2022-04-18 14:41:04,2022-04-18 14:49:40
2022-04-18 23:38:17,2022-04-19 00:18:58,Free_Living,annotator,Experimental situation,2022-04-18 14:49:40,2022-04-18 15:30:21
2022-04-19 00:19:06,2022-04-19 00:19:57,Free_Living,annotator,Experimental situation,2022-04-18 15:30:29,2022-04-18 15:31:20
2022-04-19 00:19:57,2022-04-19 00:20:17,Free_Living,annotator,Experimental situation,2022-04-18 15:31:20,2022-04-18 15:31:40
2022-04-19 00:20:27,2022-04-19 00:20:28,Free_Living,annotator,Experimental situation,2022-04-18 15:31:50,2022-04-18 15:31:51
2022-04-19 00:20:35,2022-04-19 00:21:11,Free_Living,annotator,Experimental situation,2022-04-18 15:31:58,2022-04-18 15:32:34
2022-04-19 00:21:11,2022-04-19 01:07:58,Free_Living,annotator,Experimental situation,2022-04-18 15:32:34,2022-04-18 16:19:21
2022-04-19 01:08:40,2022-04-19 01:10:19,Free_Living,annotator,Experimental situation,2022-04-18 16:20:03,2022-04-18 16:21:42
2022-04-19 01:10:19,2022-04-19 01:12:31,Free_Living,annotator,Experimental situation,2022-04-18 16:21:42,2022-04-18 16:23:54
2022-04-19 01:12:31,2022-04-19 01:13:09,Free_Living,annotator,Experimental situation,2022-04-18 16:23:54,2022-04-18 16:24:32
2022-04-19 01:13:09,2022-04-19 01:13:32,Free_Living,annotator,Experimental situation,2022-04-18 16:24:32,2022-04-18 16:24:55
2022-04-19 01:13:32,2022-04-19 01:14:01,Free_Living,annotator,Experimental situation,2022-04-18 16:24:55,2022-04-18 16:25:24
2022-04-19 01:14:01,2022-04-19 01:14:25,Free_Living,annotator,Experimental situation,2022-04-18 16:25:24,2022-04-18 16:25:48
2022-04-19 01:14:25,2022-04-19 01:15:02,Free_Living,annotator,Experimental situation,2022-04-18 16:25:48,2022-04-18 16:26:25
2022-04-19 01:15:02,2022-04-19 01:15:18,Free_Living,annotator,Experimental situation,2022-04-18 16:26:25,2022-04-18 16:26:41
2022-04-19 01:15:18,2022-04-19 01:15:52,Free_Living,annotator,Experimental situation,2022-04-18 16:26:41,2022-04-18 16:27:15
2022-04-19 01:15:52,2022-04-19 01:16:28,Free_Living,annotator,Experimental situation,2022-04-18 16:27:15,2022-04-18 16:27:51
2022-04-19 01:16:28,2022-04-19 01:19:54,Free_Living,annotator,Experimental situation,2022-04-18 16:27:51,2022-04-18 16:31:17
2022-04-19 01:19:54,2022-04-19 01:21:07,Free_Living,annotator,Experimental situation,2022-04-18 16:31:17,2022-04-18 16:32:30
2022-04-19 01:21:07,2022-04-19 01:22:41,Free_Living,annotator,Experimental situation,2022-04-18 16:32:30,2022-04-18 16:34:04
2022-04-19 01:22:41,2022-04-19 01:26:33,Free_Living,annotator,Experimental situation,2022-04-18 16:34:04,2022-04-18 16:37:56
2022-04-19 01:26:33,2022-04-19 01:30:12,Free_Living,annotator,Experimental situation,2022-04-18 16:37:56,2022-04-18 16:41:35
2022-04-19 01:30:13,2022-04-19 01:31:18,Free_Living,annotator,Experimental situation,2022-04-18 16:41:36,2022-04-18 16:42:41
2022-04-19 01:31:18,2022-04-19 01:33:46,Free_Living,annotator,Experimental situation,2022-04-18 16:42:41,2022-04-18 16:45:09
