START_TIME,STOP_TIME,PREDICTION,SOURCE,LABELSET,VIDEO_START_TIME,VIDEO_END_TIME
2022-06-17 14:22:14,2022-06-17 14:22:18,In_Transit_Active,annotator,HIGH LEVEL BEHAVIOR,2022-06-17 00:00:20,2022-06-17 00:00:24
2022-06-17 14:22:19,2022-06-17 14:22:26,Grooming/Self_Care,annotator,HIGH LEVEL BEHAVIOR,2022-06-17 00:00:25,2022-06-17 00:00:32
2022-06-17 14:22:27,2022-06-17 14:22:44,In_Transit_Active,annotator,HIGH LEVEL BEHAVIOR,2022-06-17 00:00:33,2022-06-17 00:00:50
2022-06-17 14:22:47,2022-06-17 14:56:01,Using_Computer/Screen,annotator,HIGH LEVEL BEHAVIOR,2022-06-17 00:00:53,2022-06-17 00:34:07
2022-06-17 14:56:02,2022-06-17 15:00:48,Using_Computer/Screen,annotator,HIGH LEVEL BEHAVIOR,2022-06-17 00:34:08,2022-06-17 00:38:54
2022-06-17 15:00:49,2022-06-17 15:01:12,Using_Computer/Screen,annotator,HIGH LEVEL BEHAVIOR,2022-06-17 00:38:55,2022-06-17 00:39:18
2022-06-17 15:01:12,2022-06-17 15:03:06,Using_Computer/Screen,annotator,HIGH LEVEL BEHAVIOR,2022-06-17 00:39:18,2022-06-17 00:41:12
2022-06-17 15:03:06,2022-06-17 15:36:03,Relaxing_Passive,annotator,HIGH LEVEL BEHAVIOR,2022-06-17 00:41:12,2022-06-17 01:14:09
2022-06-17 15:36:04,2022-06-17 15:37:11,HLB_Indecipherable/Video_Insufficient,annotator,HIGH LEVEL BEHAVIOR,2022-06-17 01:14:10,2022-06-17 01:15:17
2022-06-17 15:37:12,2022-06-17 15:53:20,Relaxing_Passive, Using_Computer/Screen,annotator,HIGH LEVEL BEHAVIOR,2022-06-17 01:15:18,2022-06-17 01:31:26
2022-06-17 15:53:22,2022-06-17 15:58:10,HLB_Indecipherable/Video_Insufficient,annotator,HIGH LEVEL BEHAVIOR,2022-06-17 01:31:28,2022-06-17 01:36:16
2022-06-17 15:58:10,2022-06-17 15:58:48,Using_Computer/Screen,annotator,HIGH LEVEL BEHAVIOR,2022-06-17 01:36:16,2022-06-17 01:36:54
2022-06-17 15:58:48,2022-06-17 16:00:58,Using_Computer/Screen,annotator,HIGH LEVEL BEHAVIOR,2022-06-17 01:36:54,2022-06-17 01:39:04
2022-06-17 16:00:59,2022-06-17 16:02:22,HLB_Indecipherable/Video_Insufficient,annotator,HIGH LEVEL BEHAVIOR,2022-06-17 01:39:05,2022-06-17 01:40:28
2022-06-17 16:02:23,2022-06-17 16:05:48,Eating/Dining, Using_Computer/Screen,annotator,HIGH LEVEL BEHAVIOR,2022-06-17 01:40:29,2022-06-17 01:43:54
2022-06-17 16:05:49,2022-06-17 16:06:44,Using_Computer/Screen,annotator,HIGH LEVEL BEHAVIOR,2022-06-17 01:43:55,2022-06-17 01:44:50
2022-06-17 16:06:44,2022-06-17 16:13:14,Using_Computer/Screen,annotator,HIGH LEVEL BEHAVIOR,2022-06-17 01:44:50,2022-06-17 01:51:20
2022-06-17 16:13:15,2022-06-17 16:19:01,Using_Computer/Screen, Eating/Dining,annotator,HIGH LEVEL BEHAVIOR,2022-06-17 01:51:21,2022-06-17 01:57:07
2022-06-17 16:19:03,2022-06-17 16:22:27,HLB_Indecipherable/Video_Insufficient,annotator,HIGH LEVEL BEHAVIOR,2022-06-17 01:57:09,2022-06-17 02:00:33
2022-06-17 16:22:28,2022-06-17 16:27:27,Eating/Dining, Using_Computer/Screen,annotator,HIGH LEVEL BEHAVIOR,2022-06-17 02:00:34,2022-06-17 02:05:33
2022-06-17 16:27:27,2022-06-17 16:52:45,Using_Computer/Screen,annotator,HIGH LEVEL BEHAVIOR,2022-06-17 02:05:33,2022-06-17 02:30:51
2022-06-17 16:52:45,2022-06-17 17:09:05,Using_Computer/Screen,annotator,HIGH LEVEL BEHAVIOR,2022-06-17 02:30:51,2022-06-17 02:47:11
2022-06-17 17:09:05,2022-06-17 17:09:58,Using_Computer/Screen,annotator,HIGH LEVEL BEHAVIOR,2022-06-17 02:47:11,2022-06-17 02:48:04
2022-06-17 17:09:59,2022-06-17 19:30:51,Using_Computer/Screen,annotator,HIGH LEVEL BEHAVIOR,2022-06-17 02:48:05,2022-06-17 05:08:57
2022-06-17 19:30:58,2022-06-17 19:31:27,HLB_Indecipherable/Video_Insufficient,annotator,HIGH LEVEL BEHAVIOR,2022-06-17 05:09:04,2022-06-17 05:09:33
2022-06-17 19:31:31,2022-06-17 19:36:27,Using_Computer/Screen,annotator,HIGH LEVEL BEHAVIOR,2022-06-17 05:09:37,2022-06-17 05:14:33
2022-06-17 19:36:27,2022-06-17 19:38:03,Using_Computer/Screen,annotator,HIGH LEVEL BEHAVIOR,2022-06-17 05:14:33,2022-06-17 05:16:09
2022-06-17 19:38:03,2022-06-17 20:04:17,Using_Computer/Screen,annotator,HIGH LEVEL BEHAVIOR,2022-06-17 05:16:09,2022-06-17 05:42:23
2022-06-17 20:04:18,2022-06-17 20:06:59,Using_Computer/Screen,annotator,HIGH LEVEL BEHAVIOR,2022-06-17 05:42:24,2022-06-17 05:45:05
2022-06-17 20:07:00,2022-06-17 20:18:27,Using_Computer/Screen,annotator,HIGH LEVEL BEHAVIOR,2022-06-17 05:45:06,2022-06-17 05:56:33
2022-06-17 20:18:28,2022-06-17 20:45:23,Using_Computer/Screen,annotator,HIGH LEVEL BEHAVIOR,2022-06-17 05:56:34,2022-06-17 06:23:29
2022-06-17 20:45:24,2022-06-17 20:49:25,Using_Computer/Screen,annotator,HIGH LEVEL BEHAVIOR,2022-06-17 06:23:30,2022-06-17 06:27:31
2022-06-17 20:49:28,2022-06-17 20:52:04,Using_Computer/Screen,annotator,HIGH LEVEL BEHAVIOR,2022-06-17 06:27:34,2022-06-17 06:30:10
2022-06-17 20:52:05,2022-06-17 20:56:38,Using_Computer/Screen,annotator,HIGH LEVEL BEHAVIOR,2022-06-17 06:30:11,2022-06-17 06:34:44
2022-06-17 20:56:38,2022-06-17 21:10:15,Using_Computer/Screen,annotator,HIGH LEVEL BEHAVIOR,2022-06-17 06:34:44,2022-06-17 06:48:21
2022-06-17 21:10:16,2022-06-17 21:16:35,Using_Computer/Screen,annotator,HIGH LEVEL BEHAVIOR,2022-06-17 06:48:22,2022-06-17 06:54:41
2022-06-17 21:16:35,2022-06-17 21:31:23,Using_Computer/Screen,annotator,HIGH LEVEL BEHAVIOR,2022-06-17 06:54:41,2022-06-17 07:09:29
2022-06-17 21:31:24,2022-06-17 21:48:26,Using_Computer/Screen,annotator,HIGH LEVEL BEHAVIOR,2022-06-17 07:09:30,2022-06-17 07:26:32
2022-06-17 21:48:32,2022-06-17 21:48:59,Using_Computer/Screen, Dancing,annotator,HIGH LEVEL BEHAVIOR,2022-06-17 07:26:38,2022-06-17 07:27:05
2022-06-17 21:49:00,2022-06-17 21:53:41,Using_Computer/Screen,annotator,HIGH LEVEL BEHAVIOR,2022-06-17 07:27:06,2022-06-17 07:31:47
2022-06-17 21:53:41,2022-06-17 21:53:59,Grooming/Self_Care,annotator,HIGH LEVEL BEHAVIOR,2022-06-17 07:31:47,2022-06-17 07:32:05
2022-06-17 21:54:00,2022-06-17 21:54:32,HLB_Indecipherable/Video_Insufficient,annotator,HIGH LEVEL BEHAVIOR,2022-06-17 07:32:06,2022-06-17 07:32:38
2022-06-17 21:54:33,2022-06-17 21:58:29,Using_Computer/Screen,annotator,HIGH LEVEL BEHAVIOR,2022-06-17 07:32:39,2022-06-17 07:36:35
2022-06-17 21:58:30,2022-06-17 22:00:13,Using_Computer/Screen,annotator,HIGH LEVEL BEHAVIOR,2022-06-17 07:36:36,2022-06-17 07:38:19
2022-06-17 22:00:14,2022-06-17 22:16:53,Using_Computer/Screen,annotator,HIGH LEVEL BEHAVIOR,2022-06-17 07:38:20,2022-06-17 07:54:59
2022-06-17 22:16:54,2022-06-17 22:17:42,Using_Computer/Screen,annotator,HIGH LEVEL BEHAVIOR,2022-06-17 07:55:00,2022-06-17 07:55:48
2022-06-17 22:17:43,2022-06-17 22:18:39,Using_Computer/Screen,annotator,HIGH LEVEL BEHAVIOR,2022-06-17 07:55:49,2022-06-17 07:56:45
2022-06-17 22:18:39,2022-06-17 22:21:14,Using_Computer/Screen,annotator,HIGH LEVEL BEHAVIOR,2022-06-17 07:56:45,2022-06-17 07:59:20
2022-06-17 22:21:15,2022-06-17 22:37:11,Eating/Dining, Using_Computer/Screen,annotator,HIGH LEVEL BEHAVIOR,2022-06-17 07:59:21,2022-06-17 08:15:17
2022-06-17 22:37:12,2022-06-17 22:38:55,Using_Computer/Screen,annotator,HIGH LEVEL BEHAVIOR,2022-06-17 08:15:18,2022-06-17 08:17:01
2022-06-17 22:38:55,2022-06-17 22:42:51,Using_Computer/Screen, Eating/Dining,annotator,HIGH LEVEL BEHAVIOR,2022-06-17 08:17:01,2022-06-17 08:20:57
2022-06-17 22:42:52,2022-06-17 22:44:12,Using_Computer/Screen,annotator,HIGH LEVEL BEHAVIOR,2022-06-17 08:20:58,2022-06-17 08:22:18
2022-06-17 22:44:13,2022-06-17 22:45:52,Using_Computer/Screen, Eating/Dining,annotator,HIGH LEVEL BEHAVIOR,2022-06-17 08:22:19,2022-06-17 08:23:58
2022-06-17 22:45:55,2022-06-17 22:46:25,Doing_Common_Housework,annotator,HIGH LEVEL BEHAVIOR,2022-06-17 08:24:01,2022-06-17 08:24:31
2022-06-17 22:46:25,2022-06-17 22:56:04,Using_Computer/Screen, Eating/Dining,annotator,HIGH LEVEL BEHAVIOR,2022-06-17 08:24:31,2022-06-17 08:34:10
2022-06-17 22:56:05,2022-06-17 22:58:46,Using_Computer/Screen, Eating/Dining,annotator,HIGH LEVEL BEHAVIOR,2022-06-17 08:34:11,2022-06-17 08:36:52
2022-06-17 22:58:46,2022-06-17 23:03:02,Using_Computer/Screen,annotator,HIGH LEVEL BEHAVIOR,2022-06-17 08:36:52,2022-06-17 08:41:08
2022-06-17 23:03:02,2022-06-17 23:03:32,Using_Computer/Screen, Eating/Dining,annotator,HIGH LEVEL BEHAVIOR,2022-06-17 08:41:08,2022-06-17 08:41:38
2022-06-17 23:03:33,2022-06-17 23:08:50,Using_Computer/Screen,annotator,HIGH LEVEL BEHAVIOR,2022-06-17 08:41:39,2022-06-17 08:46:56
2022-06-17 23:08:50,2022-06-17 23:09:23,Using_Computer/Screen, Eating/Dining,annotator,HIGH LEVEL BEHAVIOR,2022-06-17 08:46:56,2022-06-17 08:47:29
2022-06-17 23:09:24,2022-06-17 23:13:00,Using_Computer/Screen,annotator,HIGH LEVEL BEHAVIOR,2022-06-17 08:47:30,2022-06-17 08:51:06
2022-06-17 23:13:00,2022-06-17 23:14:14,HLB_Indecipherable/Video_Insufficient,annotator,HIGH LEVEL BEHAVIOR,2022-06-17 08:51:06,2022-06-17 08:52:20
2022-06-17 23:14:15,2022-06-17 23:21:31,Using_Computer/Screen,annotator,HIGH LEVEL BEHAVIOR,2022-06-17 08:52:21,2022-06-17 08:59:37
2022-06-17 23:21:32,2022-06-17 23:22:23,Using_Computer/Screen, Eating/Dining,annotator,HIGH LEVEL BEHAVIOR,2022-06-17 08:59:38,2022-06-17 09:00:29
2022-06-17 23:22:25,2022-06-17 23:25:05,Using_Computer/Screen,annotator,HIGH LEVEL BEHAVIOR,2022-06-17 09:00:31,2022-06-17 09:03:11
2022-06-17 23:25:06,2022-06-17 23:25:30,Using_Computer/Screen, Eating/Dining,annotator,HIGH LEVEL BEHAVIOR,2022-06-17 09:03:12,2022-06-17 09:03:36
2022-06-17 23:25:30,2022-06-17 23:39:59,Using_Computer/Screen,annotator,HIGH LEVEL BEHAVIOR,2022-06-17 09:03:36,2022-06-17 09:18:05
2022-06-17 23:39:59,2022-06-17 23:46:13,Using_Computer/Screen,annotator,HIGH LEVEL BEHAVIOR,2022-06-17 09:18:05,2022-06-17 09:24:19
2022-06-17 23:46:14,2022-06-18 00:41:32,Using_Computer/Screen,annotator,HIGH LEVEL BEHAVIOR,2022-06-17 09:24:20,2022-06-17 10:19:38
2022-06-18 00:41:34,2022-06-18 00:41:55,Packing/Unpacking_Something,annotator,HIGH LEVEL BEHAVIOR,2022-06-17 10:19:40,2022-06-17 10:20:01
2022-06-18 00:41:56,2022-06-18 00:42:22,In_Transit_Active,annotator,HIGH LEVEL BEHAVIOR,2022-06-17 10:20:02,2022-06-17 10:20:28
2022-06-18 00:42:25,2022-06-18 00:42:57,Relaxing_Passive,annotator,HIGH LEVEL BEHAVIOR,2022-06-17 10:20:31,2022-06-17 10:21:03
2022-06-18 00:42:57,2022-06-18 00:44:22,HLB_Indecipherable/Video_Insufficient,annotator,HIGH LEVEL BEHAVIOR,2022-06-17 10:21:03,2022-06-17 10:22:28
2022-06-18 00:44:28,2022-06-18 00:45:26,Dressing/Undressing,annotator,HIGH LEVEL BEHAVIOR,2022-06-17 10:22:34,2022-06-17 10:23:32
2022-06-18 00:45:26,2022-06-18 00:46:51,Grooming/Self_Care,annotator,HIGH LEVEL BEHAVIOR,2022-06-17 10:23:32,2022-06-17 10:24:57
2022-06-18 00:46:51,2022-06-18 00:47:09,In_Transit_Active,annotator,HIGH LEVEL BEHAVIOR,2022-06-17 10:24:57,2022-06-17 10:25:15
2022-06-18 00:47:15,2022-06-18 00:47:36,Doing_Common_Housework,annotator,HIGH LEVEL BEHAVIOR,2022-06-17 10:25:21,2022-06-17 10:25:42
2022-06-18 00:47:37,2022-06-18 00:50:18,Cooking/Prepping_Food,annotator,HIGH LEVEL BEHAVIOR,2022-06-17 10:25:43,2022-06-17 10:28:24
2022-06-18 00:50:20,2022-06-18 00:51:14,In_Transit_Active, Eating/Dining,annotator,HIGH LEVEL BEHAVIOR,2022-06-17 10:28:26,2022-06-17 10:29:20
2022-06-18 00:51:16,2022-06-18 00:52:46,Doing_Common_Housework,annotator,HIGH LEVEL BEHAVIOR,2022-06-17 10:29:22,2022-06-17 10:30:52
2022-06-18 00:52:47,2022-06-18 00:57:18,Eating/Dining, Using_Computer/Screen,annotator,HIGH LEVEL BEHAVIOR,2022-06-17 10:30:53,2022-06-17 10:35:24
2022-06-18 00:57:19,2022-06-18 00:59:30,Doing_Common_Housework,annotator,HIGH LEVEL BEHAVIOR,2022-06-17 10:35:25,2022-06-17 10:37:36
2022-06-18 00:59:31,2022-06-18 01:04:52,Eating/Dining, Using_Computer/Screen,annotator,HIGH LEVEL BEHAVIOR,2022-06-17 10:37:37,2022-06-17 10:42:58
2022-06-18 01:04:53,2022-06-18 01:05:06,In_Transit_Active,annotator,HIGH LEVEL BEHAVIOR,2022-06-17 10:42:59,2022-06-17 10:43:12
2022-06-18 01:05:07,2022-06-18 01:06:26,Cooking/Prepping_Food,annotator,HIGH LEVEL BEHAVIOR,2022-06-17 10:43:13,2022-06-17 10:44:32
2022-06-18 01:06:26,2022-06-18 01:06:43,In_Transit_Active,annotator,HIGH LEVEL BEHAVIOR,2022-06-17 10:44:32,2022-06-17 10:44:49
2022-06-18 01:06:44,2022-06-18 01:07:31,Doing_Common_Housework,annotator,HIGH LEVEL BEHAVIOR,2022-06-17 10:44:50,2022-06-17 10:45:37
2022-06-18 01:07:31,2022-06-18 01:08:07,Doing_Common_Housework, Eating/Dining,annotator,HIGH LEVEL BEHAVIOR,2022-06-17 10:45:37,2022-06-17 10:46:13
2022-06-18 01:08:07,2022-06-18 01:10:27,Cooking/Prepping_Food,annotator,HIGH LEVEL BEHAVIOR,2022-06-17 10:46:13,2022-06-17 10:48:33
2022-06-18 01:10:27,2022-06-18 01:23:13,Eating/Dining,annotator,HIGH LEVEL BEHAVIOR,2022-06-17 10:48:33,2022-06-17 11:01:19
2022-06-18 01:23:14,2022-06-18 01:24:43,Doing_Common_Housework,annotator,HIGH LEVEL BEHAVIOR,2022-06-17 11:01:20,2022-06-17 11:02:49
2022-06-18 01:24:44,2022-06-18 01:25:09,In_Transit_Active,annotator,HIGH LEVEL BEHAVIOR,2022-06-17 11:02:50,2022-06-17 11:03:15
2022-06-18 01:25:10,2022-06-18 01:28:46,Relaxing_Passive, WatchingTV/Movies,annotator,HIGH LEVEL BEHAVIOR,2022-06-17 11:03:16,2022-06-17 11:06:52
2022-06-18 01:28:54,2022-06-18 01:40:03,Relaxing_Passive, WatchingTV/Movies,annotator,HIGH LEVEL BEHAVIOR,2022-06-17 11:07:00,2022-06-17 11:18:09
2022-06-18 01:40:05,2022-06-18 01:56:22,Relaxing_Passive, WatchingTV/Movies,annotator,HIGH LEVEL BEHAVIOR,2022-06-17 11:18:11,2022-06-17 11:34:28
2022-06-18 01:56:25,2022-06-18 02:14:05,Relaxing_Passive, WatchingTV/Movies,annotator,HIGH LEVEL BEHAVIOR,2022-06-17 11:34:31,2022-06-17 11:52:11
2022-06-18 02:14:08,2022-06-18 02:29:00,Relaxing_Passive, WatchingTV/Movies,annotator,HIGH LEVEL BEHAVIOR,2022-06-17 11:52:14,2022-06-17 12:07:06
2022-06-18 02:29:00,2022-06-18 02:32:08,HLB_Indecipherable/Video_Insufficient,annotator,HIGH LEVEL BEHAVIOR,2022-06-17 12:07:06,2022-06-17 12:10:14
2022-06-18 02:32:09,2022-06-18 02:42:13,HLB_Indecipherable/Video_Insufficient,annotator,HIGH LEVEL BEHAVIOR,2022-06-17 12:10:15,2022-06-17 12:20:19
2022-06-18 02:42:14,2022-06-18 02:45:46,HLB_Indecipherable/Video_Insufficient,annotator,HIGH LEVEL BEHAVIOR,2022-06-17 12:20:20,2022-06-17 12:23:52
2022-06-18 02:45:50,2022-06-18 03:21:15,HLB_Indecipherable/Video_Insufficient,annotator,HIGH LEVEL BEHAVIOR,2022-06-17 12:23:56,2022-06-17 12:59:21
2022-06-18 03:21:17,2022-06-18 03:41:55,Sleeping,annotator,HIGH LEVEL BEHAVIOR,2022-06-17 12:59:23,2022-06-17 13:20:01
2022-06-18 03:41:56,2022-06-18 03:49:37,Sleeping,annotator,HIGH LEVEL BEHAVIOR,2022-06-17 13:20:02,2022-06-17 13:27:43
2022-06-18 03:49:51,2022-06-18 04:11:01,Sleeping,annotator,HIGH LEVEL BEHAVIOR,2022-06-17 13:27:57,2022-06-17 13:49:07
2022-06-18 04:11:16,2022-06-18 04:22:40,Sleeping,annotator,HIGH LEVEL BEHAVIOR,2022-06-17 13:49:22,2022-06-17 14:00:46
2022-06-18 04:22:43,2022-06-18 04:23:23,Sleeping,annotator,HIGH LEVEL BEHAVIOR,2022-06-17 14:00:49,2022-06-17 14:01:29
2022-06-18 04:23:27,2022-06-18 04:38:16,Sleeping,annotator,HIGH LEVEL BEHAVIOR,2022-06-17 14:01:33,2022-06-17 14:16:22
2022-06-18 04:38:17,2022-06-18 04:38:33,Sleeping,annotator,HIGH LEVEL BEHAVIOR,2022-06-17 14:16:23,2022-06-17 14:16:39
2022-06-18 04:38:35,2022-06-18 06:15:03,HLB_Indecipherable/Video_Insufficient,annotator,HIGH LEVEL BEHAVIOR,2022-06-17 14:16:41,2022-06-17 15:53:09
2022-06-18 06:15:13,2022-06-18 06:15:26,In_Transit_Active,annotator,HIGH LEVEL BEHAVIOR,2022-06-17 15:53:19,2022-06-17 15:53:32
2022-06-18 06:15:27,2022-06-18 06:16:16,Working_Other,annotator,HIGH LEVEL BEHAVIOR,2022-06-17 15:53:33,2022-06-17 15:54:22
