START_TIME,STOP_TIME,PREDICTION,SOURCE,LABELSET,VIDEO_START_TIME,VIDEO_END_TIME
2022-04-24 11:23:21,2022-04-24 11:23:47,Free_Living,annotator,Experimental situation,2022-04-24 00:00:00,2022-04-24 00:00:26
2022-04-24 11:23:53,2022-04-24 11:24:46,Free_Living,annotator,Experimental situation,2022-04-24 00:00:32,2022-04-24 00:01:25
2022-04-24 11:24:46,2022-04-24 11:25:15,Free_Living,annotator,Experimental situation,2022-04-24 00:01:25,2022-04-24 00:01:54
2022-04-24 11:25:17,2022-04-24 11:26:02,Free_Living,annotator,Experimental situation,2022-04-24 00:01:56,2022-04-24 00:02:41
2022-04-24 11:26:02,2022-04-24 11:26:18,Free_Living,annotator,Experimental situation,2022-04-24 00:02:41,2022-04-24 00:02:57
2022-04-24 11:26:18,2022-04-24 11:26:24,Free_Living,annotator,Experimental situation,2022-04-24 00:02:57,2022-04-24 00:03:03
2022-04-24 11:26:24,2022-04-24 11:26:54,Free_Living,annotator,Experimental situation,2022-04-24 00:03:03,2022-04-24 00:03:33
2022-04-24 11:26:54,2022-04-24 11:31:19,Free_Living,annotator,Experimental situation,2022-04-24 00:03:33,2022-04-24 00:07:58
2022-04-24 11:31:19,2022-04-24 11:31:48,Free_Living,annotator,Experimental situation,2022-04-24 00:07:58,2022-04-24 00:08:27
2022-04-24 11:31:48,2022-04-24 11:32:52,Free_Living,annotator,Experimental situation,2022-04-24 00:08:27,2022-04-24 00:09:31
2022-04-24 11:32:52,2022-04-24 12:18:35,Free_Living,annotator,Experimental situation,2022-04-24 00:09:31,2022-04-24 00:55:14
2022-04-24 12:18:35,2022-04-24 12:22:21,Free_Living,annotator,Experimental situation,2022-04-24 00:55:14,2022-04-24 00:59:00
2022-04-24 12:22:21,2022-04-24 12:22:47,Free_Living,annotator,Experimental situation,2022-04-24 00:59:00,2022-04-24 00:59:26
2022-04-24 12:22:47,2022-04-24 12:23:00,Free_Living,annotator,Experimental situation,2022-04-24 00:59:26,2022-04-24 00:59:39
2022-04-24 12:23:00,2022-04-24 12:24:21,Free_Living,annotator,Experimental situation,2022-04-24 00:59:39,2022-04-24 01:01:00
2022-04-24 12:24:21,2022-04-24 12:24:36,Free_Living,annotator,Experimental situation,2022-04-24 01:01:00,2022-04-24 01:01:15
2022-04-24 12:24:36,2022-04-24 12:25:19,Free_Living,annotator,Experimental situation,2022-04-24 01:01:15,2022-04-24 01:01:58
2022-04-24 12:25:19,2022-04-24 12:25:44,Free_Living,annotator,Experimental situation,2022-04-24 01:01:58,2022-04-24 01:02:23
2022-04-24 12:25:44,2022-04-24 12:35:35,Free_Living,annotator,Experimental situation,2022-04-24 01:02:23,2022-04-24 01:12:14
2022-04-24 12:25:44,2022-04-24 12:25:44,Free_Living,annotator,Experimental situation,2022-04-24 01:02:23,2022-04-24 01:02:23
2022-04-24 12:35:35,2022-04-24 12:36:03,Free_Living,annotator,Experimental situation,2022-04-24 01:12:14,2022-04-24 01:12:42
2022-04-24 12:36:03,2022-04-24 12:41:00,Free_Living,annotator,Experimental situation,2022-04-24 01:12:42,2022-04-24 01:17:39
2022-04-24 12:41:00,2022-04-24 12:41:19,Free_Living,annotator,Experimental situation,2022-04-24 01:17:39,2022-04-24 01:17:58
2022-04-24 12:41:19,2022-04-24 12:41:32,Free_Living,annotator,Experimental situation,2022-04-24 01:17:58,2022-04-24 01:18:11
2022-04-24 12:41:32,2022-04-24 12:42:51,Free_Living,annotator,Experimental situation,2022-04-24 01:18:11,2022-04-24 01:19:30
2022-04-24 12:42:51,2022-04-24 12:42:54,Free_Living,annotator,Experimental situation,2022-04-24 01:19:30,2022-04-24 01:19:33
2022-04-24 12:42:54,2022-04-24 12:42:54,Free_Living,annotator,Experimental situation,2022-04-24 01:19:33,2022-04-24 01:19:33
2022-04-24 12:42:54,2022-04-24 12:42:59,Free_Living,annotator,Experimental situation,2022-04-24 01:19:33,2022-04-24 01:19:38
2022-04-24 12:42:59,2022-04-24 12:43:19,Free_Living,annotator,Experimental situation,2022-04-24 01:19:38,2022-04-24 01:19:58
2022-04-24 12:43:19,2022-04-24 12:43:40,Free_Living,annotator,Experimental situation,2022-04-24 01:19:58,2022-04-24 01:20:19
2022-04-24 12:43:40,2022-04-24 12:44:01,Free_Living,annotator,Experimental situation,2022-04-24 01:20:19,2022-04-24 01:20:40
2022-04-24 12:44:01,2022-04-24 12:44:18,Free_Living,annotator,Experimental situation,2022-04-24 01:20:40,2022-04-24 01:20:57
2022-04-24 12:44:18,2022-04-24 12:45:40,Free_Living,annotator,Experimental situation,2022-04-24 01:20:57,2022-04-24 01:22:19
2022-04-24 12:45:40,2022-04-24 12:46:57,Free_Living,annotator,Experimental situation,2022-04-24 01:22:19,2022-04-24 01:23:36
2022-04-24 12:46:57,2022-04-24 12:49:36,Free_Living,annotator,Experimental situation,2022-04-24 01:23:36,2022-04-24 01:26:15
2022-04-24 12:49:36,2022-04-24 12:50:06,Free_Living,annotator,Experimental situation,2022-04-24 01:26:15,2022-04-24 01:26:45
2022-04-24 12:50:06,2022-04-24 12:50:25,Free_Living,annotator,Experimental situation,2022-04-24 01:26:45,2022-04-24 01:27:04
2022-04-24 12:50:25,2022-04-24 12:50:45,Free_Living,annotator,Experimental situation,2022-04-24 01:27:04,2022-04-24 01:27:24
2022-04-24 12:50:45,2022-04-24 12:51:24,Free_Living,annotator,Experimental situation,2022-04-24 01:27:24,2022-04-24 01:28:03
2022-04-24 12:51:24,2022-04-24 12:53:30,Free_Living,annotator,Experimental situation,2022-04-24 01:28:03,2022-04-24 01:30:09
2022-04-24 12:53:30,2022-04-24 12:54:09,Free_Living,annotator,Experimental situation,2022-04-24 01:30:09,2022-04-24 01:30:48
2022-04-24 12:54:10,2022-04-24 12:54:34,Free_Living,annotator,Experimental situation,2022-04-24 01:30:49,2022-04-24 01:31:13
2022-04-24 12:54:34,2022-04-24 12:54:53,Free_Living,annotator,Experimental situation,2022-04-24 01:31:13,2022-04-24 01:31:32
2022-04-24 12:54:53,2022-04-24 12:55:26,Free_Living,annotator,Experimental situation,2022-04-24 01:31:32,2022-04-24 01:32:05
2022-04-24 12:55:50,2022-04-24 12:56:23,Free_Living,annotator,Experimental situation,2022-04-24 01:32:29,2022-04-24 01:33:02
2022-04-24 12:56:23,2022-04-24 12:56:44,Free_Living,annotator,Experimental situation,2022-04-24 01:33:02,2022-04-24 01:33:23
2022-04-24 12:56:44,2022-04-24 12:56:51,Free_Living,annotator,Experimental situation,2022-04-24 01:33:23,2022-04-24 01:33:30
2022-04-24 12:56:51,2022-04-24 12:57:45,Free_Living,annotator,Experimental situation,2022-04-24 01:33:30,2022-04-24 01:34:24
2022-04-24 12:57:45,2022-04-24 13:08:46,Free_Living,annotator,Experimental situation,2022-04-24 01:34:24,2022-04-24 01:45:25
2022-04-24 13:08:46,2022-04-24 13:10:47,Free_Living,annotator,Experimental situation,2022-04-24 01:45:25,2022-04-24 01:47:26
2022-04-24 13:10:47,2022-04-24 13:12:24,Free_Living,annotator,Experimental situation,2022-04-24 01:47:26,2022-04-24 01:49:03
2022-04-24 13:12:24,2022-04-24 13:15:54,Free_Living,annotator,Experimental situation,2022-04-24 01:49:03,2022-04-24 01:52:33
2022-04-24 13:15:54,2022-04-24 13:16:46,Free_Living,annotator,Experimental situation,2022-04-24 01:52:33,2022-04-24 01:53:25
2022-04-24 13:16:46,2022-04-24 13:18:43,Free_Living,annotator,Experimental situation,2022-04-24 01:53:25,2022-04-24 01:55:22
2022-04-24 13:18:43,2022-04-24 13:21:18,Free_Living,annotator,Experimental situation,2022-04-24 01:55:22,2022-04-24 01:57:57
2022-04-24 13:21:18,2022-04-24 13:21:53,Free_Living,annotator,Experimental situation,2022-04-24 01:57:57,2022-04-24 01:58:32
2022-04-24 13:21:53,2022-04-24 13:25:01,Free_Living,annotator,Experimental situation,2022-04-24 01:58:32,2022-04-24 02:01:40
2022-04-24 13:25:01,2022-04-24 13:25:18,Free_Living,annotator,Experimental situation,2022-04-24 02:01:40,2022-04-24 02:01:57
2022-04-24 13:25:18,2022-04-24 13:31:54,Free_Living,annotator,Experimental situation,2022-04-24 02:01:57,2022-04-24 02:08:33
2022-04-24 13:31:54,2022-04-24 13:33:52,Free_Living,annotator,Experimental situation,2022-04-24 02:08:33,2022-04-24 02:10:31
2022-04-24 13:33:52,2022-04-24 13:34:58,Free_Living,annotator,Experimental situation,2022-04-24 02:10:31,2022-04-24 02:11:37
2022-04-24 13:34:58,2022-04-24 13:35:16,Free_Living,annotator,Experimental situation,2022-04-24 02:11:37,2022-04-24 02:11:55
2022-04-24 13:35:17,2022-04-24 13:44:30,Free_Living,annotator,Experimental situation,2022-04-24 02:11:56,2022-04-24 02:21:09
2022-04-24 13:44:30,2022-04-24 13:46:16,Free_Living,annotator,Experimental situation,2022-04-24 02:21:09,2022-04-24 02:22:55
2022-04-24 13:46:16,2022-04-24 13:49:11,Free_Living,annotator,Experimental situation,2022-04-24 02:22:55,2022-04-24 02:25:50
2022-04-24 13:49:11,2022-04-24 13:49:42,Free_Living,annotator,Experimental situation,2022-04-24 02:25:50,2022-04-24 02:26:21
2022-04-24 13:49:42,2022-04-24 14:32:41,Free_Living,annotator,Experimental situation,2022-04-24 02:26:21,2022-04-24 03:09:20
2022-04-24 14:32:41,2022-04-24 14:33:52,Free_Living,annotator,Experimental situation,2022-04-24 03:09:20,2022-04-24 03:10:31
2022-04-24 14:33:52,2022-04-24 14:34:34,Free_Living,annotator,Experimental situation,2022-04-24 03:10:31,2022-04-24 03:11:13
2022-04-24 14:34:34,2022-04-24 14:36:05,Free_Living,annotator,Experimental situation,2022-04-24 03:11:13,2022-04-24 03:12:44
2022-04-24 14:36:05,2022-04-24 14:37:33,Free_Living,annotator,Experimental situation,2022-04-24 03:12:44,2022-04-24 03:14:12
2022-04-24 14:37:33,2022-04-24 14:38:10,Free_Living,annotator,Experimental situation,2022-04-24 03:14:12,2022-04-24 03:14:49
2022-04-24 14:38:10,2022-04-24 14:42:17,Free_Living,annotator,Experimental situation,2022-04-24 03:14:49,2022-04-24 03:18:56
2022-04-24 14:42:17,2022-04-24 14:46:12,Free_Living,annotator,Experimental situation,2022-04-24 03:18:56,2022-04-24 03:22:51
2022-04-24 14:46:16,2022-04-24 14:48:05,Free_Living,annotator,Experimental situation,2022-04-24 03:22:55,2022-04-24 03:24:44
2022-04-24 14:48:05,2022-04-24 14:49:55,Free_Living,annotator,Experimental situation,2022-04-24 03:24:44,2022-04-24 03:26:34
2022-04-24 14:49:55,2022-04-24 14:52:01,Free_Living,annotator,Experimental situation,2022-04-24 03:26:34,2022-04-24 03:28:40
2022-04-24 14:52:01,2022-04-24 14:52:40,Free_Living,annotator,Experimental situation,2022-04-24 03:28:40,2022-04-24 03:29:19
2022-04-24 14:52:40,2022-04-24 14:52:51,Free_Living,annotator,Experimental situation,2022-04-24 03:29:19,2022-04-24 03:29:30
2022-04-24 14:52:51,2022-04-24 14:54:16,Free_Living,annotator,Experimental situation,2022-04-24 03:29:30,2022-04-24 03:30:55
2022-04-24 14:54:16,2022-04-24 14:55:48,Free_Living,annotator,Experimental situation,2022-04-24 03:30:55,2022-04-24 03:32:27
2022-04-24 14:55:48,2022-04-24 14:58:39,Free_Living,annotator,Experimental situation,2022-04-24 03:32:27,2022-04-24 03:35:18
2022-04-24 14:58:39,2022-04-24 15:00:10,Free_Living,annotator,Experimental situation,2022-04-24 03:35:18,2022-04-24 03:36:49
2022-04-24 15:00:10,2022-04-24 15:00:52,Free_Living,annotator,Experimental situation,2022-04-24 03:36:49,2022-04-24 03:37:31
2022-04-24 15:00:52,2022-04-24 15:01:00,Free_Living,annotator,Experimental situation,2022-04-24 03:37:31,2022-04-24 03:37:39
2022-04-24 15:01:00,2022-04-24 15:01:34,Free_Living,annotator,Experimental situation,2022-04-24 03:37:39,2022-04-24 03:38:13
2022-04-24 15:01:34,2022-04-24 15:03:40,Free_Living,annotator,Experimental situation,2022-04-24 03:38:13,2022-04-24 03:40:19
2022-04-24 15:03:40,2022-04-24 15:04:26,Free_Living,annotator,Experimental situation,2022-04-24 03:40:19,2022-04-24 03:41:05
2022-04-24 15:04:26,2022-04-24 15:06:16,Free_Living,annotator,Experimental situation,2022-04-24 03:41:05,2022-04-24 03:42:55
2022-04-24 15:06:16,2022-04-24 15:07:30,Free_Living,annotator,Experimental situation,2022-04-24 03:42:55,2022-04-24 03:44:09
2022-04-24 15:07:30,2022-04-24 15:08:22,Free_Living,annotator,Experimental situation,2022-04-24 03:44:09,2022-04-24 03:45:01
2022-04-24 15:08:22,2022-04-24 15:09:33,Free_Living,annotator,Experimental situation,2022-04-24 03:45:01,2022-04-24 03:46:12
2022-04-24 15:09:33,2022-04-24 15:09:57,Free_Living,annotator,Experimental situation,2022-04-24 03:46:12,2022-04-24 03:46:36
2022-04-24 15:09:58,2022-04-24 15:10:25,Free_Living,annotator,Experimental situation,2022-04-24 03:46:37,2022-04-24 03:47:04
2022-04-24 15:10:25,2022-04-24 15:12:33,Free_Living,annotator,Experimental situation,2022-04-24 03:47:04,2022-04-24 03:49:12
2022-04-24 15:12:33,2022-04-24 15:13:21,Free_Living,annotator,Experimental situation,2022-04-24 03:49:12,2022-04-24 03:50:00
2022-04-24 15:13:21,2022-04-24 15:14:06,Free_Living,annotator,Experimental situation,2022-04-24 03:50:00,2022-04-24 03:50:45
2022-04-24 15:14:06,2022-04-24 15:15:59,Free_Living,annotator,Experimental situation,2022-04-24 03:50:45,2022-04-24 03:52:38
2022-04-24 15:15:59,2022-04-24 15:19:39,Free_Living,annotator,Experimental situation,2022-04-24 03:52:38,2022-04-24 03:56:18
2022-04-24 15:19:39,2022-04-24 15:23:52,Free_Living,annotator,Experimental situation,2022-04-24 03:56:18,2022-04-24 04:00:31
2022-04-24 15:23:52,2022-04-24 15:31:47,Free_Living,annotator,Experimental situation,2022-04-24 04:00:31,2022-04-24 04:08:26
2022-04-24 15:31:47,2022-04-24 15:31:59,Free_Living,annotator,Experimental situation,2022-04-24 04:08:26,2022-04-24 04:08:38
2022-04-24 15:32:21,2022-04-24 15:33:22,Free_Living,annotator,Experimental situation,2022-04-24 04:09:00,2022-04-24 04:10:01
2022-04-24 15:33:22,2022-04-24 15:33:47,Free_Living,annotator,Experimental situation,2022-04-24 04:10:01,2022-04-24 04:10:26
2022-04-24 15:33:47,2022-04-24 15:34:03,Free_Living,annotator,Experimental situation,2022-04-24 04:10:26,2022-04-24 04:10:42
2022-04-24 15:34:03,2022-04-24 15:34:39,Free_Living,annotator,Experimental situation,2022-04-24 04:10:42,2022-04-24 04:11:18
2022-04-24 15:34:39,2022-04-24 15:34:54,Free_Living,annotator,Experimental situation,2022-04-24 04:11:18,2022-04-24 04:11:33
2022-04-24 15:34:54,2022-04-24 15:35:52,Free_Living,annotator,Experimental situation,2022-04-24 04:11:33,2022-04-24 04:12:31
2022-04-24 15:35:52,2022-04-24 16:22:27,Free_Living,annotator,Experimental situation,2022-04-24 04:12:31,2022-04-24 04:59:06
2022-04-24 16:22:27,2022-04-24 16:27:12,Free_Living,annotator,Experimental situation,2022-04-24 04:59:06,2022-04-24 05:03:51
2022-04-24 16:27:27,2022-04-24 16:27:27,Free_Living,annotator,Experimental situation,2022-04-24 05:04:06,2022-04-24 05:04:06
2022-04-24 16:27:27,2022-04-24 16:28:08,Free_Living,annotator,Experimental situation,2022-04-24 05:04:06,2022-04-24 05:04:47
2022-04-24 16:28:08,2022-04-24 16:32:24,Free_Living,annotator,Experimental situation,2022-04-24 05:04:47,2022-04-24 05:09:03
2022-04-24 16:32:24,2022-04-24 16:32:42,Free_Living,annotator,Experimental situation,2022-04-24 05:09:03,2022-04-24 05:09:21
2022-04-24 16:32:42,2022-04-24 16:34:09,Free_Living,annotator,Experimental situation,2022-04-24 05:09:21,2022-04-24 05:10:48
2022-04-24 16:34:09,2022-04-24 16:34:23,Free_Living,annotator,Experimental situation,2022-04-24 05:10:48,2022-04-24 05:11:02
2022-04-24 16:34:23,2022-04-24 16:34:38,Free_Living,annotator,Experimental situation,2022-04-24 05:11:02,2022-04-24 05:11:17
2022-04-24 16:34:38,2022-04-24 16:35:17,Free_Living,annotator,Experimental situation,2022-04-24 05:11:17,2022-04-24 05:11:56
2022-04-24 16:35:17,2022-04-24 16:42:13,Free_Living,annotator,Experimental situation,2022-04-24 05:11:56,2022-04-24 05:18:52
2022-04-24 16:42:13,2022-04-24 16:42:49,Free_Living,annotator,Experimental situation,2022-04-24 05:18:52,2022-04-24 05:19:28
2022-04-24 16:42:49,2022-04-24 16:45:28,Free_Living,annotator,Experimental situation,2022-04-24 05:19:28,2022-04-24 05:22:07
2022-04-24 16:45:28,2022-04-24 16:45:36,Free_Living,annotator,Experimental situation,2022-04-24 05:22:07,2022-04-24 05:22:15
2022-04-24 16:45:36,2022-04-24 16:45:39,Free_Living,annotator,Experimental situation,2022-04-24 05:22:15,2022-04-24 05:22:18
2022-04-24 16:45:39,2022-04-24 16:45:44,Free_Living,annotator,Experimental situation,2022-04-24 05:22:18,2022-04-24 05:22:23
2022-04-24 16:45:44,2022-04-24 16:46:03,Free_Living,annotator,Experimental situation,2022-04-24 05:22:23,2022-04-24 05:22:42
2022-04-24 16:46:06,2022-04-24 16:46:24,Free_Living,annotator,Experimental situation,2022-04-24 05:22:45,2022-04-24 05:23:03
2022-04-24 16:46:27,2022-04-24 16:46:45,Free_Living,annotator,Experimental situation,2022-04-24 05:23:06,2022-04-24 05:23:24
2022-04-24 16:46:47,2022-04-24 16:47:40,Free_Living,annotator,Experimental situation,2022-04-24 05:23:26,2022-04-24 05:24:19
2022-04-24 16:47:40,2022-04-24 16:47:57,Free_Living,annotator,Experimental situation,2022-04-24 05:24:19,2022-04-24 05:24:36
2022-04-24 16:47:57,2022-04-24 16:48:00,Free_Living,annotator,Experimental situation,2022-04-24 05:24:36,2022-04-24 05:24:39
2022-04-24 16:48:00,2022-04-24 16:48:09,Free_Living,annotator,Experimental situation,2022-04-24 05:24:39,2022-04-24 05:24:48
2022-04-24 16:48:09,2022-04-24 16:48:22,Free_Living,annotator,Experimental situation,2022-04-24 05:24:48,2022-04-24 05:25:01
2022-04-24 16:48:22,2022-04-24 16:48:35,Free_Living,annotator,Experimental situation,2022-04-24 05:25:01,2022-04-24 05:25:14
2022-04-24 16:48:35,2022-04-24 16:48:56,Free_Living,annotator,Experimental situation,2022-04-24 05:25:14,2022-04-24 05:25:35
2022-04-24 16:48:56,2022-04-24 16:49:35,Free_Living,annotator,Experimental situation,2022-04-24 05:25:35,2022-04-24 05:26:14
2022-04-24 16:49:39,2022-04-24 16:58:08,Free_Living,annotator,Experimental situation,2022-04-24 05:26:18,2022-04-24 05:34:47
2022-04-24 16:58:08,2022-04-24 16:59:06,Free_Living,annotator,Experimental situation,2022-04-24 05:34:47,2022-04-24 05:35:45
2022-04-24 16:59:06,2022-04-24 16:59:46,Free_Living,annotator,Experimental situation,2022-04-24 05:35:45,2022-04-24 05:36:25
2022-04-24 16:59:46,2022-04-24 17:00:06,Free_Living,annotator,Experimental situation,2022-04-24 05:36:25,2022-04-24 05:36:45
2022-04-24 17:00:10,2022-04-24 17:06:25,Free_Living,annotator,Experimental situation,2022-04-24 05:36:49,2022-04-24 05:43:04
2022-04-24 17:06:25,2022-04-24 17:06:44,Free_Living,annotator,Experimental situation,2022-04-24 05:43:04,2022-04-24 05:43:23
2022-04-24 17:06:44,2022-04-24 17:07:26,Free_Living,annotator,Experimental situation,2022-04-24 05:43:23,2022-04-24 05:44:05
2022-04-24 17:07:26,2022-04-24 17:12:54,Free_Living,annotator,Experimental situation,2022-04-24 05:44:05,2022-04-24 05:49:33
2022-04-24 17:12:54,2022-04-24 17:12:54,Free_Living,annotator,Experimental situation,2022-04-24 05:49:33,2022-04-24 05:49:33
2022-04-24 17:12:57,2022-04-24 17:13:43,Free_Living,annotator,Experimental situation,2022-04-24 05:49:36,2022-04-24 05:50:22
2022-04-24 17:13:43,2022-04-24 17:14:47,Free_Living,annotator,Experimental situation,2022-04-24 05:50:22,2022-04-24 05:51:26
2022-04-24 17:14:47,2022-04-24 17:15:08,Free_Living,annotator,Experimental situation,2022-04-24 05:51:26,2022-04-24 05:51:47
2022-04-24 17:15:12,2022-04-24 17:15:22,Free_Living,annotator,Experimental situation,2022-04-24 05:51:51,2022-04-24 05:52:01
2022-04-24 17:15:22,2022-04-24 17:16:17,Free_Living,annotator,Experimental situation,2022-04-24 05:52:01,2022-04-24 05:52:56
2022-04-24 17:16:17,2022-04-24 17:16:28,Free_Living,annotator,Experimental situation,2022-04-24 05:52:56,2022-04-24 05:53:07
2022-04-24 17:16:28,2022-04-24 17:16:33,Free_Living,annotator,Experimental situation,2022-04-24 05:53:07,2022-04-24 05:53:12
2022-04-24 17:16:33,2022-04-24 17:20:48,Free_Living,annotator,Experimental situation,2022-04-24 05:53:12,2022-04-24 05:57:27
2022-04-24 17:20:48,2022-04-24 17:22:08,Free_Living,annotator,Experimental situation,2022-04-24 05:57:27,2022-04-24 05:58:47
2022-04-24 17:22:08,2022-04-24 17:23:07,Free_Living,annotator,Experimental situation,2022-04-24 05:58:47,2022-04-24 05:59:46
2022-04-24 17:23:12,2022-04-24 17:23:46,Free_Living,annotator,Experimental situation,2022-04-24 05:59:51,2022-04-24 06:00:25
2022-04-24 17:23:46,2022-04-24 17:24:06,Free_Living,annotator,Experimental situation,2022-04-24 06:00:25,2022-04-24 06:00:45
2022-04-24 17:24:06,2022-04-24 17:27:52,Free_Living,annotator,Experimental situation,2022-04-24 06:00:45,2022-04-24 06:04:31
2022-04-24 17:27:52,2022-04-24 17:34:48,Free_Living,annotator,Experimental situation,2022-04-24 06:04:31,2022-04-24 06:11:27
2022-04-24 17:34:48,2022-04-24 17:35:14,Free_Living,annotator,Experimental situation,2022-04-24 06:11:27,2022-04-24 06:11:53
2022-04-24 17:35:14,2022-04-24 17:35:15,Free_Living,annotator,Experimental situation,2022-04-24 06:11:53,2022-04-24 06:11:54
2022-04-24 17:35:15,2022-04-24 18:11:49,Free_Living,annotator,Experimental situation,2022-04-24 06:11:54,2022-04-24 06:48:28
2022-04-24 18:11:49,2022-04-24 18:15:10,Free_Living,annotator,Experimental situation,2022-04-24 06:48:28,2022-04-24 06:51:49
2022-04-24 18:15:10,2022-04-24 18:15:17,Free_Living,annotator,Experimental situation,2022-04-24 06:51:49,2022-04-24 06:51:56
2022-04-24 18:15:17,2022-04-24 18:20:17,Free_Living,annotator,Experimental situation,2022-04-24 06:51:56,2022-04-24 06:56:56
2022-04-24 18:20:17,2022-04-24 18:20:26,Free_Living,annotator,Experimental situation,2022-04-24 06:56:56,2022-04-24 06:57:05
2022-04-24 18:20:26,2022-04-24 18:21:46,Free_Living,annotator,Experimental situation,2022-04-24 06:57:05,2022-04-24 06:58:25
2022-04-24 18:21:46,2022-04-24 18:21:57,Free_Living,annotator,Experimental situation,2022-04-24 06:58:25,2022-04-24 06:58:36
2022-04-24 18:21:57,2022-04-24 18:22:01,Free_Living,annotator,Experimental situation,2022-04-24 06:58:36,2022-04-24 06:58:40
2022-04-24 18:22:01,2022-04-24 18:22:23,Free_Living,annotator,Experimental situation,2022-04-24 06:58:40,2022-04-24 06:59:02
2022-04-24 18:22:23,2022-04-24 18:22:50,Free_Living,annotator,Experimental situation,2022-04-24 06:59:02,2022-04-24 06:59:29
2022-04-24 18:22:50,2022-04-24 18:23:09,Free_Living,annotator,Experimental situation,2022-04-24 06:59:29,2022-04-24 06:59:48
2022-04-24 18:23:13,2022-04-24 18:24:27,Free_Living,annotator,Experimental situation,2022-04-24 06:59:52,2022-04-24 07:01:06
2022-04-24 18:24:27,2022-04-24 18:25:12,Free_Living,annotator,Experimental situation,2022-04-24 07:01:06,2022-04-24 07:01:51
2022-04-24 18:25:12,2022-04-24 18:25:29,Free_Living,annotator,Experimental situation,2022-04-24 07:01:51,2022-04-24 07:02:08
2022-04-24 18:25:29,2022-04-24 18:26:43,Free_Living,annotator,Experimental situation,2022-04-24 07:02:08,2022-04-24 07:03:22
2022-04-24 18:26:43,2022-04-24 18:27:47,Free_Living,annotator,Experimental situation,2022-04-24 07:03:22,2022-04-24 07:04:26
2022-04-24 18:27:47,2022-04-24 18:28:21,Free_Living,annotator,Experimental situation,2022-04-24 07:04:26,2022-04-24 07:05:00
2022-04-24 18:28:21,2022-04-24 18:29:14,Free_Living,annotator,Experimental situation,2022-04-24 07:05:00,2022-04-24 07:05:53
2022-04-24 18:29:14,2022-04-24 18:29:27,Free_Living,annotator,Experimental situation,2022-04-24 07:05:53,2022-04-24 07:06:06
2022-04-24 18:29:27,2022-04-24 18:29:44,Free_Living,annotator,Experimental situation,2022-04-24 07:06:06,2022-04-24 07:06:23
2022-04-24 18:29:44,2022-04-24 18:30:05,Free_Living,annotator,Experimental situation,2022-04-24 07:06:23,2022-04-24 07:06:44
2022-04-24 18:30:05,2022-04-24 18:31:04,Free_Living,annotator,Experimental situation,2022-04-24 07:06:44,2022-04-24 07:07:43
2022-04-24 18:31:04,2022-04-24 18:31:58,Free_Living,annotator,Experimental situation,2022-04-24 07:07:43,2022-04-24 07:08:37
2022-04-24 18:31:58,2022-04-24 18:32:17,Free_Living,annotator,Experimental situation,2022-04-24 07:08:37,2022-04-24 07:08:56
2022-04-24 18:32:19,2022-04-24 18:33:16,Free_Living,annotator,Experimental situation,2022-04-24 07:08:58,2022-04-24 07:09:55
2022-04-24 18:33:16,2022-04-24 18:33:33,Free_Living,annotator,Experimental situation,2022-04-24 07:09:55,2022-04-24 07:10:12
2022-04-24 18:33:33,2022-04-24 18:33:51,Free_Living,annotator,Experimental situation,2022-04-24 07:10:12,2022-04-24 07:10:30
2022-04-24 18:33:51,2022-04-24 18:34:03,Free_Living,annotator,Experimental situation,2022-04-24 07:10:30,2022-04-24 07:10:42
2022-04-24 18:34:03,2022-04-24 18:34:22,Free_Living,annotator,Experimental situation,2022-04-24 07:10:42,2022-04-24 07:11:01
2022-04-24 18:34:22,2022-04-24 18:34:29,Free_Living,annotator,Experimental situation,2022-04-24 07:11:01,2022-04-24 07:11:08
2022-04-24 18:34:29,2022-04-24 18:34:48,Free_Living,annotator,Experimental situation,2022-04-24 07:11:08,2022-04-24 07:11:27
2022-04-24 18:34:48,2022-04-24 18:35:11,Free_Living,annotator,Experimental situation,2022-04-24 07:11:27,2022-04-24 07:11:50
2022-04-24 18:35:11,2022-04-24 18:36:02,Free_Living,annotator,Experimental situation,2022-04-24 07:11:50,2022-04-24 07:12:41
2022-04-24 18:36:03,2022-04-24 18:36:54,Free_Living,annotator,Experimental situation,2022-04-24 07:12:42,2022-04-24 07:13:33
2022-04-24 18:36:54,2022-04-24 18:37:36,Free_Living,annotator,Experimental situation,2022-04-24 07:13:33,2022-04-24 07:14:15
2022-04-24 18:37:36,2022-04-24 18:44:21,Free_Living,annotator,Experimental situation,2022-04-24 07:14:15,2022-04-24 07:21:00
2022-04-24 18:44:21,2022-04-24 18:46:57,Free_Living,annotator,Experimental situation,2022-04-24 07:21:00,2022-04-24 07:23:36
2022-04-24 18:46:57,2022-04-24 18:50:04,Free_Living,annotator,Experimental situation,2022-04-24 07:23:36,2022-04-24 07:26:43
2022-04-24 18:50:04,2022-04-24 18:51:06,Free_Living,annotator,Experimental situation,2022-04-24 07:26:43,2022-04-24 07:27:45
2022-04-24 18:51:06,2022-04-24 18:53:47,Free_Living,annotator,Experimental situation,2022-04-24 07:27:45,2022-04-24 07:30:26
2022-04-24 18:53:47,2022-04-24 18:54:04,Free_Living,annotator,Experimental situation,2022-04-24 07:30:26,2022-04-24 07:30:43
2022-04-24 18:54:04,2022-04-24 18:54:19,Free_Living,annotator,Experimental situation,2022-04-24 07:30:43,2022-04-24 07:30:58
2022-04-24 18:54:19,2022-04-24 18:54:49,Free_Living,annotator,Experimental situation,2022-04-24 07:30:58,2022-04-24 07:31:28
2022-04-24 18:54:49,2022-04-24 18:55:36,Free_Living,annotator,Experimental situation,2022-04-24 07:31:28,2022-04-24 07:32:15
2022-04-24 18:55:36,2022-04-24 18:55:51,Free_Living,annotator,Experimental situation,2022-04-24 07:32:15,2022-04-24 07:32:30
2022-04-24 18:55:51,2022-04-24 18:58:59,Free_Living,annotator,Experimental situation,2022-04-24 07:32:30,2022-04-24 07:35:38
2022-04-24 18:58:59,2022-04-24 18:59:30,Free_Living,annotator,Experimental situation,2022-04-24 07:35:38,2022-04-24 07:36:09
2022-04-24 18:59:30,2022-04-24 19:01:19,Free_Living,annotator,Experimental situation,2022-04-24 07:36:09,2022-04-24 07:37:58
2022-04-24 19:01:19,2022-04-24 19:01:33,Free_Living,annotator,Experimental situation,2022-04-24 07:37:58,2022-04-24 07:38:12
2022-04-24 19:01:33,2022-04-24 19:02:16,Free_Living,annotator,Experimental situation,2022-04-24 07:38:12,2022-04-24 07:38:55
2022-04-24 19:02:18,2022-04-24 19:02:46,Free_Living,annotator,Experimental situation,2022-04-24 07:38:57,2022-04-24 07:39:25
2022-04-24 19:02:46,2022-04-24 19:02:59,Free_Living,annotator,Experimental situation,2022-04-24 07:39:25,2022-04-24 07:39:38
2022-04-24 19:02:59,2022-04-24 19:03:02,Free_Living,annotator,Experimental situation,2022-04-24 07:39:38,2022-04-24 07:39:41
2022-04-24 19:03:02,2022-04-24 19:03:46,Free_Living,annotator,Experimental situation,2022-04-24 07:39:41,2022-04-24 07:40:25
2022-04-24 19:03:46,2022-04-24 19:04:29,Free_Living,annotator,Experimental situation,2022-04-24 07:40:25,2022-04-24 07:41:08
2022-04-24 19:04:29,2022-04-24 19:05:53,Free_Living,annotator,Experimental situation,2022-04-24 07:41:08,2022-04-24 07:42:32
2022-04-24 19:05:53,2022-04-24 19:06:10,Free_Living,annotator,Experimental situation,2022-04-24 07:42:32,2022-04-24 07:42:49
2022-04-24 19:06:10,2022-04-24 19:06:41,Free_Living,annotator,Experimental situation,2022-04-24 07:42:49,2022-04-24 07:43:20
2022-04-24 19:06:41,2022-04-24 19:06:52,Free_Living,annotator,Experimental situation,2022-04-24 07:43:20,2022-04-24 07:43:31
2022-04-24 19:07:11,2022-04-24 19:08:07,Free_Living,annotator,Experimental situation,2022-04-24 07:43:50,2022-04-24 07:44:46
2022-04-24 19:08:07,2022-04-24 19:09:11,Free_Living,annotator,Experimental situation,2022-04-24 07:44:46,2022-04-24 07:45:50
2022-04-24 19:09:11,2022-04-24 19:30:03,Free_Living,annotator,Experimental situation,2022-04-24 07:45:50,2022-04-24 08:06:42
2022-04-24 19:30:03,2022-04-24 19:30:44,Free_Living,annotator,Experimental situation,2022-04-24 08:06:42,2022-04-24 08:07:23
2022-04-24 19:30:44,2022-04-24 19:45:02,Free_Living,annotator,Experimental situation,2022-04-24 08:07:23,2022-04-24 08:21:41
2022-04-24 19:45:02,2022-04-24 19:46:04,Free_Living,annotator,Experimental situation,2022-04-24 08:21:41,2022-04-24 08:22:43
2022-04-24 19:46:04,2022-04-24 19:47:05,Free_Living,annotator,Experimental situation,2022-04-24 08:22:43,2022-04-24 08:23:44
2022-04-24 19:47:05,2022-04-24 19:50:03,Free_Living,annotator,Experimental situation,2022-04-24 08:23:44,2022-04-24 08:26:42
2022-04-24 19:50:03,2022-04-24 19:50:32,Free_Living,annotator,Experimental situation,2022-04-24 08:26:42,2022-04-24 08:27:11
2022-04-24 19:50:32,2022-04-24 19:52:22,Free_Living,annotator,Experimental situation,2022-04-24 08:27:11,2022-04-24 08:29:01
2022-04-24 19:52:22,2022-04-24 19:56:05,Free_Living,annotator,Experimental situation,2022-04-24 08:29:01,2022-04-24 08:32:44
2022-04-24 19:56:05,2022-04-24 19:56:41,Free_Living,annotator,Experimental situation,2022-04-24 08:32:44,2022-04-24 08:33:20
2022-04-24 19:56:41,2022-04-24 19:58:49,Free_Living,annotator,Experimental situation,2022-04-24 08:33:20,2022-04-24 08:35:28
2022-04-24 19:58:49,2022-04-24 19:59:04,Free_Living,annotator,Experimental situation,2022-04-24 08:35:28,2022-04-24 08:35:43
2022-04-24 19:59:04,2022-04-24 20:02:37,Free_Living,annotator,Experimental situation,2022-04-24 08:35:43,2022-04-24 08:39:16
2022-04-24 20:02:37,2022-04-24 20:04:23,Free_Living,annotator,Experimental situation,2022-04-24 08:39:16,2022-04-24 08:41:02
2022-04-24 20:04:23,2022-04-24 20:06:52,Free_Living,annotator,Experimental situation,2022-04-24 08:41:02,2022-04-24 08:43:31
2022-04-24 20:06:52,2022-04-24 20:07:32,Free_Living,annotator,Experimental situation,2022-04-24 08:43:31,2022-04-24 08:44:11
2022-04-24 20:07:32,2022-04-24 20:08:18,Free_Living,annotator,Experimental situation,2022-04-24 08:44:11,2022-04-24 08:44:57
2022-04-24 20:08:18,2022-04-24 20:09:29,Free_Living,annotator,Experimental situation,2022-04-24 08:44:57,2022-04-24 08:46:08
2022-04-24 20:09:29,2022-04-24 20:10:35,Free_Living,annotator,Experimental situation,2022-04-24 08:46:08,2022-04-24 08:47:14
2022-04-24 20:10:35,2022-04-24 20:12:53,Free_Living,annotator,Experimental situation,2022-04-24 08:47:14,2022-04-24 08:49:32
2022-04-24 20:12:53,2022-04-24 20:15:47,Free_Living,annotator,Experimental situation,2022-04-24 08:49:32,2022-04-24 08:52:26
2022-04-24 20:15:47,2022-04-24 20:16:31,Free_Living,annotator,Experimental situation,2022-04-24 08:52:26,2022-04-24 08:53:10
2022-04-24 20:16:31,2022-04-24 20:25:40,Free_Living,annotator,Experimental situation,2022-04-24 08:53:10,2022-04-24 09:02:19
2022-04-24 20:25:40,2022-04-24 20:33:55,Free_Living,annotator,Experimental situation,2022-04-24 09:02:19,2022-04-24 09:10:34
2022-04-24 20:33:55,2022-04-24 20:34:41,Free_Living,annotator,Experimental situation,2022-04-24 09:10:34,2022-04-24 09:11:20
2022-04-24 20:34:41,2022-04-24 20:34:56,Free_Living,annotator,Experimental situation,2022-04-24 09:11:20,2022-04-24 09:11:35
2022-04-24 20:34:56,2022-04-24 20:35:16,Free_Living,annotator,Experimental situation,2022-04-24 09:11:35,2022-04-24 09:11:55
2022-04-24 20:35:16,2022-04-24 20:39:53,Free_Living,annotator,Experimental situation,2022-04-24 09:11:55,2022-04-24 09:16:32
2022-04-24 20:39:53,2022-04-24 20:40:22,Free_Living,annotator,Experimental situation,2022-04-24 09:16:32,2022-04-24 09:17:01
2022-04-24 20:40:22,2022-04-24 20:41:10,Free_Living,annotator,Experimental situation,2022-04-24 09:17:01,2022-04-24 09:17:49
2022-04-24 20:41:10,2022-04-24 20:43:16,Free_Living,annotator,Experimental situation,2022-04-24 09:17:49,2022-04-24 09:19:55
2022-04-24 20:43:18,2022-04-24 20:44:07,Free_Living,annotator,Experimental situation,2022-04-24 09:19:57,2022-04-24 09:20:46
2022-04-24 20:44:07,2022-04-24 20:44:56,Free_Living,annotator,Experimental situation,2022-04-24 09:20:46,2022-04-24 09:21:35
2022-04-24 20:44:57,2022-04-24 20:45:30,Free_Living,annotator,Experimental situation,2022-04-24 09:21:36,2022-04-24 09:22:09
2022-04-24 20:45:30,2022-04-24 20:45:48,Free_Living,annotator,Experimental situation,2022-04-24 09:22:09,2022-04-24 09:22:27
2022-04-24 20:45:48,2022-04-24 20:46:22,Free_Living,annotator,Experimental situation,2022-04-24 09:22:27,2022-04-24 09:23:01
2022-04-24 20:46:22,2022-04-24 20:46:49,Free_Living,annotator,Experimental situation,2022-04-24 09:23:01,2022-04-24 09:23:28
2022-04-24 20:46:49,2022-04-24 20:47:11,Free_Living,annotator,Experimental situation,2022-04-24 09:23:28,2022-04-24 09:23:50
2022-04-24 20:47:11,2022-04-24 20:47:19,Free_Living,annotator,Experimental situation,2022-04-24 09:23:50,2022-04-24 09:23:58
2022-04-24 20:47:19,2022-04-24 20:47:42,Free_Living,annotator,Experimental situation,2022-04-24 09:23:58,2022-04-24 09:24:21
2022-04-24 20:47:42,2022-04-24 20:47:55,Free_Living,annotator,Experimental situation,2022-04-24 09:24:21,2022-04-24 09:24:34
2022-04-24 20:47:55,2022-04-24 20:48:29,Free_Living,annotator,Experimental situation,2022-04-24 09:24:34,2022-04-24 09:25:08
2022-04-24 20:48:29,2022-04-24 20:49:23,Free_Living,annotator,Experimental situation,2022-04-24 09:25:08,2022-04-24 09:26:02
2022-04-24 20:49:23,2022-04-24 20:49:35,Free_Living,annotator,Experimental situation,2022-04-24 09:26:02,2022-04-24 09:26:14
2022-04-24 20:49:35,2022-04-24 20:51:33,Free_Living,annotator,Experimental situation,2022-04-24 09:26:14,2022-04-24 09:28:12
2022-04-24 20:51:33,2022-04-24 20:53:44,Free_Living,annotator,Experimental situation,2022-04-24 09:28:12,2022-04-24 09:30:23
2022-04-24 20:53:44,2022-04-24 20:54:12,Free_Living,annotator,Experimental situation,2022-04-24 09:30:23,2022-04-24 09:30:51
2022-04-24 20:54:12,2022-04-24 20:54:33,Free_Living,annotator,Experimental situation,2022-04-24 09:30:51,2022-04-24 09:31:12
2022-04-24 20:54:33,2022-04-24 20:54:49,Free_Living,annotator,Experimental situation,2022-04-24 09:31:12,2022-04-24 09:31:28
2022-04-24 20:54:49,2022-04-24 20:55:24,Free_Living,annotator,Experimental situation,2022-04-24 09:31:28,2022-04-24 09:32:03
2022-04-24 20:55:24,2022-04-24 20:55:36,Free_Living,annotator,Experimental situation,2022-04-24 09:32:03,2022-04-24 09:32:15
2022-04-24 20:55:36,2022-04-24 20:55:43,Free_Living,annotator,Experimental situation,2022-04-24 09:32:15,2022-04-24 09:32:22
2022-04-24 20:55:43,2022-04-24 20:56:00,Free_Living,annotator,Experimental situation,2022-04-24 09:32:22,2022-04-24 09:32:39
2022-04-24 20:56:00,2022-04-24 20:57:04,Free_Living,annotator,Experimental situation,2022-04-24 09:32:39,2022-04-24 09:33:43
2022-04-24 20:57:07,2022-04-24 20:57:52,Free_Living,annotator,Experimental situation,2022-04-24 09:33:46,2022-04-24 09:34:31
2022-04-24 20:57:52,2022-04-24 21:00:55,Free_Living,annotator,Experimental situation,2022-04-24 09:34:31,2022-04-24 09:37:34
2022-04-24 21:01:13,2022-04-24 21:01:40,Free_Living,annotator,Experimental situation,2022-04-24 09:37:52,2022-04-24 09:38:19
2022-04-24 21:01:40,2022-04-24 21:06:44,Free_Living,annotator,Experimental situation,2022-04-24 09:38:19,2022-04-24 09:43:23
2022-04-24 21:06:44,2022-04-24 21:08:03,Free_Living,annotator,Experimental situation,2022-04-24 09:43:23,2022-04-24 09:44:42
2022-04-24 21:08:03,2022-04-24 21:09:37,Free_Living,annotator,Experimental situation,2022-04-24 09:44:42,2022-04-24 09:46:16
2022-04-24 21:09:37,2022-04-24 21:10:20,Free_Living,annotator,Experimental situation,2022-04-24 09:46:16,2022-04-24 09:46:59
2022-04-24 21:10:20,2022-04-24 21:15:55,Free_Living,annotator,Experimental situation,2022-04-24 09:46:59,2022-04-24 09:52:34
2022-04-24 21:15:55,2022-04-24 21:19:32,Free_Living,annotator,Experimental situation,2022-04-24 09:52:34,2022-04-24 09:56:11
2022-04-24 21:19:32,2022-04-24 21:20:00,Free_Living,annotator,Experimental situation,2022-04-24 09:56:11,2022-04-24 09:56:39
2022-04-24 21:20:00,2022-04-24 21:29:36,Free_Living,annotator,Experimental situation,2022-04-24 09:56:39,2022-04-24 10:06:15
2022-04-24 21:29:36,2022-04-24 21:30:09,Free_Living,annotator,Experimental situation,2022-04-24 10:06:15,2022-04-24 10:06:48
2022-04-24 21:30:09,2022-04-24 21:30:50,Free_Living,annotator,Experimental situation,2022-04-24 10:06:48,2022-04-24 10:07:29
2022-04-24 21:30:50,2022-04-24 21:40:21,Free_Living,annotator,Experimental situation,2022-04-24 10:07:29,2022-04-24 10:17:00
2022-04-24 21:40:21,2022-04-24 21:42:51,Free_Living,annotator,Experimental situation,2022-04-24 10:17:00,2022-04-24 10:19:30
2022-04-24 21:42:51,2022-04-24 21:45:37,Free_Living,annotator,Experimental situation,2022-04-24 10:19:30,2022-04-24 10:22:16
2022-04-24 21:45:37,2022-04-24 21:47:01,Free_Living,annotator,Experimental situation,2022-04-24 10:22:16,2022-04-24 10:23:40
2022-04-24 21:47:01,2022-04-24 22:22:48,Free_Living,annotator,Experimental situation,2022-04-24 10:23:40,2022-04-24 10:59:27
2022-04-24 22:22:48,2022-04-24 22:23:27,Free_Living,annotator,Experimental situation,2022-04-24 10:59:27,2022-04-24 11:00:06
2022-04-24 22:23:33,2022-04-24 22:24:43,Free_Living,annotator,Experimental situation,2022-04-24 11:00:12,2022-04-24 11:01:22
2022-04-24 22:24:43,2022-04-24 22:25:10,Free_Living,annotator,Experimental situation,2022-04-24 11:01:22,2022-04-24 11:01:49
2022-04-24 22:25:10,2022-04-24 22:26:27,Free_Living,annotator,Experimental situation,2022-04-24 11:01:49,2022-04-24 11:03:06
2022-04-24 22:26:27,2022-04-24 22:37:12,Free_Living,annotator,Experimental situation,2022-04-24 11:03:06,2022-04-24 11:13:51
2022-04-24 22:37:12,2022-04-24 22:38:46,Free_Living,annotator,Experimental situation,2022-04-24 11:13:51,2022-04-24 11:15:25
2022-04-24 22:38:46,2022-04-24 22:42:58,Free_Living,annotator,Experimental situation,2022-04-24 11:15:25,2022-04-24 11:19:37
2022-04-24 22:43:01,2022-04-24 22:43:25,Free_Living,annotator,Experimental situation,2022-04-24 11:19:40,2022-04-24 11:20:04
2022-04-24 22:43:25,2022-04-24 22:43:53,Free_Living,annotator,Experimental situation,2022-04-24 11:20:04,2022-04-24 11:20:32
2022-04-24 22:43:53,2022-04-24 22:44:56,Free_Living,annotator,Experimental situation,2022-04-24 11:20:32,2022-04-24 11:21:35
